trade_id,symbol,direction,sub_strategy_name,vol_contracts,underlying_quantity,entry_price,exit_price,min_profit_tp_price,stop_loss_price,open_time,close_time,duration_seconds,notional_value_usdt,margin_used_usdt,fee_total_usdt,realized_pnl_usdt,realized_pnl_inr,roe_percentage,exit_reason,balance_after_trade_usdt
1,TRUMP_USDT,LONG,StochasticRSI(FAST_SCALP-LONG),2,0.2,1.661,1.665,1.665,1.653,2026-07-01 00:28:59 UTC,2026-07-01 00:30:53 UTC,113.58,0.3322,0.0044,0.0,0.0008,0.08,18.06,MIN_PROFIT_TP_HIT,0.0708
2,TRUMP_USDT,SHORT,StochasticRSI(FAST_SCALP-SHORT),2,0.2,1.664,1.66,1.66,1.672,2026-07-01 00:36:59 UTC,2026-07-01 01:09:27 UTC,1947.71,0.3328,0.0044,0.0,0.0008,0.08,18.03,MIN_PROFIT_TP_HIT,0.0716
3,TRUMP_USDT,LONG,StochasticRSI(FAST_SCALP-LONG),2,0.2,1.645,1.649,1.649,1.637,2026-07-01 01:14:59 UTC,2026-07-01 01:15:07 UTC,7.54,0.329,0.0044,0.0,0.0008,0.08,18.24,MIN_PROFIT_TP_HIT,0.0724
4,TRUMP_USDT,SHORT,StochasticRSI(FAST_SCALP-SHORT),2,0.2,1.658,1.654,1.654,1.666,2026-07-01 01:22:59 UTC,2026-07-01 01:24:48 UTC,108.65,0.3316,0.0044,0.0,0.0008,0.08,18.09,MIN_PROFIT_TP_HIT,0.0732
5,TRUMP_USDT,SHORT,StochasticRSI(FAST_SCALP-SHORT),2,0.2,1.658,1.666,1.654,1.666,2026-07-01 01:34:59 UTC,2026-07-01 01:38:45 UTC,225.78,0.3316,0.0044,0.0,-0.0016,-0.15,-36.19,STOP_LOSS_HIT,0.0716
6,TRUMP_USDT,SHORT,StochasticRSI(FAST_SCALP-SHORT),2,0.2,1.676,1.684,1.672,1.684,2026-07-01 01:47:59 UTC,2026-07-01 02:02:52 UTC,892.95,0.3352,0.0045,0.0,-0.0016,-0.15,-35.8,STOP_LOSS_HIT,0.07
7,TRUMP_USDT,LONG,StochasticRSI(FAST_SCALP-LONG),2,0.2,1.685,1.689,1.689,1.677,2026-07-01 02:03:59 UTC,2026-07-01 02:10:33 UTC,393.49,0.337,0.0045,0.0,0.0008,0.08,17.8,MIN_PROFIT_TP_HIT,0.0708
8,TRUMP_USDT,SHORT,StochasticRSI(FAST_SCALP-SHORT),2,0.2,1.702,1.71,1.698,1.71,2026-07-01 02:17:59 UTC,2026-07-01 02:31:24 UTC,804.44,0.3404,0.0045,0.0,-0.0016,-0.15,-35.25,STOP_LOSS_HIT,0.0692
9,TRUMP_USDT,LONG,StochasticRSI(FAST_SCALP-LONG),2,0.2,1.704,1.708,1.708,1.696,2026-07-01 02:34:59 UTC,2026-07-01 02:35:46 UTC,46.02,0.3408,0.0045,0.0,0.0008,0.08,17.61,MIN_PROFIT_TP_HIT,0.07
10,TRUMP_USDT,LONG,StochasticRSI(FAST_SCALP-LONG),2,0.2,1.697,1.701,1.701,1.689,2026-07-01 02:40:59 UTC,2026-07-01 02:44:18 UTC,198.6,0.3394,0.0045,0.0,0.0008,0.08,17.68,MIN_PROFIT_TP_HIT,0.0708
11,TRUMP_USDT,SHORT,StochasticRSI(FAST_SCALP-SHORT),2,0.2,1.704,1.712,1.7,1.712,2026-07-01 03:00:59 UTC,2026-07-01 03:01:39 UTC,39.61,0.3408,0.0045,0.0,-0.0016,-0.15,-35.21,STOP_LOSS_HIT,0.0692
12,TRUMP_USDT,SHORT,StochasticRSI(FAST_SCALP-SHORT),2,0.2,1.707,1.715,1.703,1.715,2026-07-01 03:04:59 UTC,2026-07-01 03:05:32 UTC,32.44,0.3414,0.0046,0.0,-0.0016,-0.15,-35.15,STOP_LOSS_HIT,0.0676
13,TRUMP_USDT,SHORT,StochasticRSI(FAST_SCALP-SHORT),2,0.2,1.729,1.725,1.725,1.737,2026-07-01 03:09:59 UTC,2026-07-01 03:10:11 UTC,11.41,0.3458,0.0046,0.0,0.0008,0.08,17.35,MIN_PROFIT_TP_HIT,0.0684
14,TRUMP_USDT,LONG,StochasticRSI(FAST_SCALP-LONG),2,0.2,1.711,1.703,1.715,1.703,2026-07-01 03:15:59 UTC,2026-07-01 03:16:30 UTC,30.33,0.3422,0.0046,0.0,-0.0016,-0.15,-35.07,STOP_LOSS_HIT,0.0668
15,TRUMP_USDT,LONG,StochasticRSI(FAST_SCALP-LONG),2,0.2,1.704,1.696,1.708,1.696,2026-07-01 03:19:59 UTC,2026-07-01 03:24:02 UTC,242.39,0.3408,0.0045,0.0,-0.0016,-0.15,-35.21,STOP_LOSS_HIT,0.0652
16,TRUMP_USDT,LONG,StochasticRSI(FAST_SCALP-LONG),2,0.2,1.699,1.703,1.703,1.691,2026-07-01 03:27:59 UTC,2026-07-01 03:36:36 UTC,516.86,0.3398,0.0045,0.0,0.0008,0.08,17.66,MIN_PROFIT_TP_HIT,0.066
17,TRUMP_USDT,SHORT,StochasticRSI(FAST_SCALP-SHORT),2,0.2,1.706,1.714,1.702,1.714,2026-07-01 03:41:59 UTC,2026-07-01 03:52:16 UTC,616.25,0.3412,0.0045,0.0,-0.0016,-0.15,-35.17,STOP_LOSS_HIT,0.0644
18,TRUMP_USDT,SHORT,StochasticRSI(FAST_SCALP-SHORT),2,0.2,1.712,1.708,1.708,1.72,2026-07-01 03:56:59 UTC,2026-07-01 03:57:15 UTC,15.03,0.3424,0.0046,0.0,0.0008,0.08,17.52,MIN_PROFIT_TP_HIT,0.0652
19,TRUMP_USDT,LONG,StochasticRSI(FAST_SCALP-LONG),2,0.2,1.705,1.697,1.709,1.697,2026-07-01 04:02:59 UTC,2026-07-01 04:10:10 UTC,430.08,0.341,0.0045,0.0,-0.0016,-0.15,-35.19,STOP_LOSS_HIT,0.0636
20,TRUMP_USDT,LONG,StochasticRSI(FAST_SCALP-LONG),2,0.2,1.7,1.704,1.704,1.692,2026-07-01 04:11:59 UTC,2026-07-01 04:17:10 UTC,310.75,0.34,0.0045,0.0,0.0008,0.08,17.65,MIN_PROFIT_TP_HIT,0.0644
21,TRUMP_USDT,SHORT,StochasticRSI(FAST_SCALP-SHORT),2,0.2,1.704,1.7,1.7,1.712,2026-07-01 04:21:59 UTC,2026-07-01 04:37:14 UTC,914.69,0.3408,0.0045,0.0,0.0008,0.08,17.61,MIN_PROFIT_TP_HIT,0.0652
22,TRUMP_USDT,LONG,StochasticRSI(FAST_SCALP-LONG),2,0.2,1.7,1.704,1.704,1.692,2026-07-01 04:38:59 UTC,2026-07-01 04:59:36 UTC,1236.25,0.34,0.0045,0.0,0.0008,0.08,17.65,MIN_PROFIT_TP_HIT,0.066
23,TRUMP_USDT,LONG,StochasticRSI(FAST_SCALP-LONG),2,0.2,1.705,1.697,1.709,1.697,2026-07-01 05:06:59 UTC,2026-07-01 05:26:59 UTC,1199.19,0.341,0.0045,0.0,-0.0016,-0.15,-35.19,STOP_LOSS_HIT,0.0644
24,TRUMP_USDT,LONG,StochasticRSI(FAST_SCALP-LONG),2,0.2,1.706,1.71,1.71,1.698,2026-07-01 05:28:59 UTC,2026-07-01 05:48:36 UTC,1176.11,0.3412,0.0045,0.0,0.0008,0.08,17.58,MIN_PROFIT_TP_HIT,0.0652
25,TRUMP_USDT,SHORT,StochasticRSI(FAST_SCALP-SHORT),2,0.2,1.712,1.708,1.708,1.72,2026-07-01 05:52:59 UTC,2026-07-01 06:02:34 UTC,574.93,0.3424,0.0046,0.0,0.0008,0.08,17.52,MIN_PROFIT_TP_HIT,0.066
26,TRUMP_USDT,LONG,StochasticRSI(FAST_SCALP-LONG),2,0.2,1.709,1.701,1.713,1.701,2026-07-01 06:06:59 UTC,2026-07-01 06:21:58 UTC,898.6,0.3418,0.0046,0.0,-0.0016,-0.15,-35.11,STOP_LOSS_HIT,0.0644
27,TRUMP_USDT,LONG,StochasticRSI(FAST_SCALP-LONG),2,0.2,1.704,1.696,1.708,1.696,2026-07-01 06:23:59 UTC,2026-07-01 06:34:32 UTC,632.91,0.3408,0.0045,0.0,-0.0016,-0.15,-35.21,STOP_LOSS_HIT,0.0628
28,TRUMP_USDT,LONG,StochasticRSI(FAST_SCALP-LONG),2,0.2,1.689,1.693,1.693,1.681,2026-07-01 06:50:59 UTC,2026-07-01 06:51:55 UTC,55.72,0.3378,0.0045,0.0,0.0008,0.08,17.76,MIN_PROFIT_TP_HIT,0.0636
29,TRUMP_USDT,SHORT,StochasticRSI(FAST_SCALP-SHORT),2,0.2,1.691,1.687,1.687,1.699,2026-07-01 06:55:59 UTC,2026-07-01 07:03:03 UTC,423.08,0.3382,0.0045,0.0,0.0008,0.08,17.74,MIN_PROFIT_TP_HIT,0.0644
30,TRUMP_USDT,LONG,StochasticRSI(FAST_SCALP-LONG),2,0.2,1.689,1.693,1.693,1.681,2026-07-01 07:10:59 UTC,2026-07-01 07:21:59 UTC,659.39,0.3378,0.0045,0.0,0.0008,0.08,17.76,MIN_PROFIT_TP_HIT,0.0652
31,TRUMP_USDT,SHORT,StochasticRSI(FAST_SCALP-SHORT),2,0.2,1.698,1.694,1.694,1.706,2026-07-01 07:26:59 UTC,2026-07-01 07:30:00 UTC,180.74,0.3396,0.0045,0.0,0.0008,0.08,17.67,MIN_PROFIT_TP_HIT,0.066
32,TRUMP_USDT,LONG,StochasticRSI(FAST_SCALP-LONG),2,0.2,1.695,1.699,1.699,1.687,2026-07-01 07:33:59 UTC,2026-07-01 07:34:07 UTC,7.35,0.339,0.0045,0.0,0.0008,0.08,17.7,MIN_PROFIT_TP_HIT,0.0668
33,TRUMP_USDT,LONG,StochasticRSI(FAST_SCALP-LONG),2,0.2,1.695,1.699,1.699,1.687,2026-07-01 07:42:59 UTC,2026-07-01 07:50:16 UTC,436.81,0.339,0.0045,0.0,0.0008,0.08,17.7,MIN_PROFIT_TP_HIT,0.0676
34,TRUMP_USDT,SHORT,StochasticRSI(FAST_SCALP-SHORT),2,0.2,1.698,1.694,1.694,1.706,2026-07-01 07:52:59 UTC,2026-07-01 08:01:01 UTC,481.99,0.3396,0.0045,0.0,0.0008,0.08,17.67,MIN_PROFIT_TP_HIT,0.0684
35,TRUMP_USDT,LONG,StochasticRSI(FAST_SCALP-LONG),2,0.2,1.693,1.697,1.697,1.685,2026-07-01 08:03:59 UTC,2026-07-01 08:10:05 UTC,365.31,0.3386,0.0045,0.0,0.0008,0.08,17.72,MIN_PROFIT_TP_HIT,0.0692
36,TRUMP_USDT,SHORT,StochasticRSI(FAST_SCALP-SHORT),2,0.2,1.698,1.694,1.694,1.706,2026-07-01 08:12:59 UTC,2026-07-01 08:16:57 UTC,237.59,0.3396,0.0045,0.0,0.0008,0.08,17.67,MIN_PROFIT_TP_HIT,0.07
37,TRUMP_USDT,LONG,StochasticRSI(FAST_SCALP-LONG),2,0.2,1.695,1.687,1.699,1.687,2026-07-01 08:20:59 UTC,2026-07-01 08:33:00 UTC,720.83,0.339,0.0045,0.0,-0.0016,-0.15,-35.4,STOP_LOSS_HIT,0.0684
38,TRUMP_USDT,LONG,StochasticRSI(FAST_SCALP-LONG),2,0.2,1.69,1.694,1.694,1.682,2026-07-01 08:35:59 UTC,2026-07-01 08:55:51 UTC,1191.7,0.338,0.0045,0.0,0.0008,0.08,17.75,MIN_PROFIT_TP_HIT,0.0692
39,TRUMP_USDT,SHORT,StochasticRSI(FAST_SCALP-SHORT),2,0.2,1.698,1.706,1.694,1.706,2026-07-01 09:00:59 UTC,2026-07-01 09:15:45 UTC,885.76,0.3396,0.0045,0.0,-0.0016,-0.15,-35.34,STOP_LOSS_HIT,0.0676
40,TRUMP_USDT,SHORT,StochasticRSI(FAST_SCALP-SHORT),2,0.2,1.71,1.706,1.706,1.718,2026-07-01 09:20:59 UTC,2026-07-01 09:30:36 UTC,576.35,0.342,0.0046,0.0,0.0008,0.08,17.54,MIN_PROFIT_TP_HIT,0.0684
41,TRUMP_USDT,LONG,StochasticRSI(FAST_SCALP-LONG),2,0.2,1.704,1.708,1.708,1.696,2026-07-01 09:34:59 UTC,2026-07-01 09:55:42 UTC,1242.68,0.3408,0.0045,0.0,0.0008,0.08,17.61,MIN_PROFIT_TP_HIT,0.0692
42,TRUMP_USDT,SHORT,StochasticRSI(FAST_SCALP-SHORT),2,0.2,1.706,1.702,1.702,1.714,2026-07-01 10:00:59 UTC,2026-07-01 10:05:05 UTC,245.57,0.3412,0.0045,0.0,0.0008,0.08,17.58,MIN_PROFIT_TP_HIT,0.07
43,TRUMP_USDT,LONG,StochasticRSI(FAST_SCALP-LONG),2,0.2,1.692,1.696,1.696,1.684,2026-07-01 10:18:59 UTC,2026-07-01 10:46:08 UTC,1628.39,0.3384,0.0045,0.0,0.0008,0.08,17.73,MIN_PROFIT_TP_HIT,0.0708
44,TRUMP_USDT,SHORT,StochasticRSI(FAST_SCALP-SHORT),2,0.2,1.696,1.692,1.692,1.704,2026-07-01 10:52:59 UTC,2026-07-01 11:01:41 UTC,521.52,0.3392,0.0045,0.0,0.0008,0.08,17.69,MIN_PROFIT_TP_HIT,0.0716
45,TRUMP_USDT,LONG,StochasticRSI(FAST_SCALP-LONG),2,0.2,1.698,1.702,1.702,1.69,2026-07-01 11:04:59 UTC,2026-07-01 11:15:28 UTC,628.83,0.3396,0.0045,0.0,0.0008,0.08,17.67,MIN_PROFIT_TP_HIT,0.0724
46,TRUMP_USDT,SHORT,StochasticRSI(FAST_SCALP-SHORT),2,0.2,1.699,1.695,1.695,1.707,2026-07-01 11:17:59 UTC,2026-07-01 11:41:58 UTC,1438.51,0.3398,0.0045,0.0,0.0008,0.08,17.66,MIN_PROFIT_TP_HIT,0.0732
47,TRUMP_USDT,LONG,StochasticRSI(FAST_SCALP-LONG),2,0.2,1.697,1.689,1.701,1.689,2026-07-01 11:44:59 UTC,2026-07-01 12:04:00 UTC,1140.75,0.3394,0.0045,0.0,-0.0016,-0.15,-35.36,STOP_LOSS_HIT,0.0716
48,TRUMP_USDT,LONG,StochasticRSI(FAST_SCALP-LONG),2,0.2,1.69,1.682,1.694,1.682,2026-07-01 12:06:59 UTC,2026-07-01 12:34:58 UTC,1678.09,0.338,0.0045,0.0,-0.0016,-0.15,-35.5,STOP_LOSS_HIT,0.07
49,TRUMP_USDT,LONG,StochasticRSI(FAST_SCALP-LONG),2,0.2,1.682,1.674,1.686,1.674,2026-07-01 12:42:59 UTC,2026-07-01 12:48:16 UTC,316.58,0.3364,0.0045,0.0,-0.0016,-0.15,-35.67,STOP_LOSS_HIT,0.0684
50,TRUMP_USDT,LONG,StochasticRSI(FAST_SCALP-LONG),2,0.2,1.678,1.682,1.682,1.67,2026-07-01 12:52:59 UTC,2026-07-01 13:01:29 UTC,509.89,0.3356,0.0045,0.0,0.0008,0.08,17.88,MIN_PROFIT_TP_HIT,0.0692
51,TRUMP_USDT,SHORT,StochasticRSI(FAST_SCALP-SHORT),2,0.2,1.682,1.678,1.678,1.69,2026-07-01 13:06:59 UTC,2026-07-01 13:30:09 UTC,1389.09,0.3364,0.0045,0.0,0.0008,0.08,17.84,MIN_PROFIT_TP_HIT,0.07
52,TRUMP_USDT,LONG,StochasticRSI(FAST_SCALP-LONG),2,0.2,1.684,1.688,1.688,1.676,2026-07-01 13:34:59 UTC,2026-07-01 13:37:05 UTC,125.16,0.3368,0.0045,0.0,0.0008,0.08,17.81,MIN_PROFIT_TP_HIT,0.0708
53,TRUMP_USDT,SHORT,StochasticRSI(FAST_SCALP-SHORT),2,0.2,1.689,1.697,1.685,1.697,2026-07-01 13:40:59 UTC,2026-07-01 13:46:08 UTC,308.78,0.3378,0.0045,0.0,-0.0016,-0.15,-35.52,STOP_LOSS_HIT,0.0692
54,TRUMP_USDT,SHORT,StochasticRSI(FAST_SCALP-SHORT),2,0.2,1.695,1.691,1.691,1.703,2026-07-01 13:54:59 UTC,2026-07-01 13:57:23 UTC,143.43,0.339,0.0045,0.0,0.0008,0.08,17.7,MIN_PROFIT_TP_HIT,0.07
55,TRUMP_USDT,LONG,StochasticRSI(FAST_SCALP-LONG),2,0.2,1.696,1.7,1.7,1.688,2026-07-01 13:59:59 UTC,2026-07-01 14:11:21 UTC,681.78,0.3392,0.0045,0.0,0.0008,0.08,17.69,MIN_PROFIT_TP_HIT,0.0708
56,TRUMP_USDT,SHORT,StochasticRSI(FAST_SCALP-SHORT),2,0.2,1.707,1.703,1.703,1.715,2026-07-01 14:16:59 UTC,2026-07-01 14:21:24 UTC,264.9,0.3414,0.0046,0.0,0.0008,0.08,17.57,MIN_PROFIT_TP_HIT,0.0716
57,TRUMP_USDT,LONG,StochasticRSI(FAST_SCALP-LONG),2,0.2,1.701,1.693,1.705,1.693,2026-07-01 14:25:59 UTC,2026-07-01 14:32:38 UTC,398.9,0.3402,0.0045,0.0,-0.0016,-0.15,-35.27,STOP_LOSS_HIT,0.07
58,TRUMP_USDT,LONG,StochasticRSI(FAST_SCALP-LONG),2,0.2,1.692,1.696,1.696,1.684,2026-07-01 14:35:59 UTC,2026-07-01 14:38:27 UTC,147.98,0.3384,0.0045,0.0,0.0008,0.08,17.73,MIN_PROFIT_TP_HIT,0.0708
59,TRUMP_USDT,SHORT,StochasticRSI(FAST_SCALP-SHORT),2,0.2,1.697,1.693,1.693,1.705,2026-07-01 14:43:59 UTC,2026-07-01 14:44:35 UTC,35.07,0.3394,0.0045,0.0,0.0008,0.08,17.68,MIN_PROFIT_TP_HIT,0.0716
60,TRUMP_USDT,LONG,StochasticRSI(FAST_SCALP-LONG),2,0.2,1.695,1.699,1.699,1.687,2026-07-01 14:49:59 UTC,2026-07-01 14:51:49 UTC,109.77,0.339,0.0045,0.0,0.0008,0.08,17.7,MIN_PROFIT_TP_HIT,0.0724
61,TRUMP_USDT,SHORT,StochasticRSI(FAST_SCALP-SHORT),2,0.2,1.701,1.709,1.697,1.709,2026-07-01 14:56:59 UTC,2026-07-01 15:03:10 UTC,370.62,0.3402,0.0045,0.0,-0.0016,-0.15,-35.27,STOP_LOSS_HIT,0.0708
62,TRUMP_USDT,SHORT,StochasticRSI(FAST_SCALP-SHORT),2,0.2,1.703,1.699,1.699,1.711,2026-07-01 15:09:59 UTC,2026-07-01 15:14:15 UTC,255.19,0.3406,0.0045,0.0,0.0008,0.08,17.62,MIN_PROFIT_TP_HIT,0.0716
63,TRUMP_USDT,SHORT,StochasticRSI(FAST_SCALP-SHORT),2,0.2,1.709,1.717,1.705,1.717,2026-07-01 15:26:59 UTC,2026-07-01 15:43:35 UTC,995.41,0.3418,0.0046,0.0,-0.0016,-0.15,-35.11,STOP_LOSS_HIT,0.07
64,TRUMP_USDT,SHORT,StochasticRSI(FAST_SCALP-SHORT),2,0.2,1.714,1.722,1.71,1.722,2026-07-01 15:45:59 UTC,2026-07-01 16:06:44 UTC,1244.08,0.3428,0.0046,0.0,-0.0016,-0.15,-35.01,STOP_LOSS_HIT,0.0684
65,TRUMP_USDT,SHORT,StochasticRSI(FAST_SCALP-SHORT),2,0.2,1.731,1.727,1.727,1.739,2026-07-01 16:11:59 UTC,2026-07-01 16:16:45 UTC,285.07,0.3462,0.0046,0.0,0.0008,0.08,17.33,MIN_PROFIT_TP_HIT,0.0692
66,TRUMP_USDT,LONG,StochasticRSI(FAST_SCALP-LONG),2,0.2,1.722,1.714,1.726,1.714,2026-07-01 16:24:59 UTC,2026-07-01 16:34:51 UTC,591.13,0.3444,0.0046,0.0,-0.0016,-0.15,-34.84,STOP_LOSS_HIT,0.0676
67,TRUMP_USDT,LONG,StochasticRSI(FAST_SCALP-LONG),2,0.2,1.711,1.703,1.715,1.703,2026-07-01 16:43:59 UTC,2026-07-01 16:52:23 UTC,503.16,0.3422,0.0046,0.0,-0.0016,-0.15,-35.07,STOP_LOSS_HIT,0.066
68,TRUMP_USDT,SHORT,StochasticRSI(FAST_SCALP-SHORT),2,0.2,1.7,1.696,1.696,1.708,2026-07-01 17:02:59 UTC,2026-07-01 17:04:44 UTC,104.13,0.34,0.0045,0.0,0.0008,0.08,17.65,MIN_PROFIT_TP_HIT,0.0668
69,TRUMP_USDT,LONG,StochasticRSI(FAST_SCALP-LONG),2,0.2,1.695,1.699,1.699,1.687,2026-07-01 17:08:59 UTC,2026-07-01 17:09:32 UTC,32.3,0.339,0.0045,0.0,0.0008,0.08,17.7,MIN_PROFIT_TP_HIT,0.0676
70,TRUMP_USDT,SHORT,StochasticRSI(FAST_SCALP-SHORT),2,0.2,1.701,1.709,1.697,1.709,2026-07-01 17:17:59 UTC,2026-07-01 17:23:51 UTC,351.59,0.3402,0.0045,0.0,-0.0016,-0.15,-35.27,STOP_LOSS_HIT,0.066
71,TRUMP_USDT,SHORT,StochasticRSI(FAST_SCALP-SHORT),2,0.2,1.71,1.718,1.706,1.718,2026-07-01 17:28:59 UTC,2026-07-01 18:14:08 UTC,2708.73,0.342,0.0046,0.0,-0.0016,-0.15,-35.09,STOP_LOSS_HIT,0.0644
72,TRUMP_USDT,LONG,StochasticRSI(FAST_SCALP-LONG),2,0.2,1.709,1.701,1.713,1.701,2026-07-01 18:25:59 UTC,2026-07-01 18:45:07 UTC,1147.51,0.3418,0.0046,0.0,-0.0016,-0.15,-35.11,STOP_LOSS_HIT,0.0628
73,TRUMP_USDT,SHORT,StochasticRSI(FAST_SCALP-SHORT),2,0.2,1.693,1.689,1.689,1.701,2026-07-01 18:53:59 UTC,2026-07-01 19:14:27 UTC,1227.12,0.3386,0.0045,0.0,0.0008,0.08,17.72,MIN_PROFIT_TP_HIT,0.0636
74,TRUMP_USDT,LONG,StochasticRSI(FAST_SCALP-LONG),2,0.2,1.689,1.693,1.693,1.681,2026-07-01 19:15:59 UTC,2026-07-01 19:18:21 UTC,141.09,0.3378,0.0045,0.0,0.0008,0.08,17.76,MIN_PROFIT_TP_HIT,0.0644
75,TRUMP_USDT,SHORT,StochasticRSI(FAST_SCALP-SHORT),2,0.2,1.692,1.688,1.688,1.7,2026-07-01 19:25:59 UTC,2026-07-01 19:40:58 UTC,898.45,0.3384,0.0045,0.0,0.0008,0.08,17.73,MIN_PROFIT_TP_HIT,0.0652
76,TRUMP_USDT,LONG,StochasticRSI(FAST_SCALP-LONG),2,0.2,1.69,1.682,1.694,1.682,2026-07-01 19:43:59 UTC,2026-07-01 20:16:29 UTC,1949.81,0.338,0.0045,0.0,-0.0016,-0.15,-35.5,STOP_LOSS_HIT,0.0636
77,TRUMP_USDT,LONG,StochasticRSI(FAST_SCALP-LONG),2,0.2,1.685,1.689,1.689,1.677,2026-07-01 20:21:59 UTC,2026-07-01 20:26:38 UTC,278.57,0.337,0.0045,0.0,0.0008,0.08,17.8,MIN_PROFIT_TP_HIT,0.0644
78,TRUMP_USDT,SHORT,StochasticRSI(FAST_SCALP-SHORT),2,0.2,1.687,1.695,1.683,1.695,2026-07-01 20:28:59 UTC,2026-07-01 21:05:16 UTC,2176.2,0.3374,0.0045,0.0,-0.0016,-0.15,-35.57,STOP_LOSS_HIT,0.0628
79,TRUMP_USDT,SHORT,StochasticRSI(FAST_SCALP-SHORT),2,0.2,1.7,1.708,1.696,1.708,2026-07-01 21:16:59 UTC,2026-07-01 21:31:26 UTC,866.79,0.34,0.0045,0.0,-0.0016,-0.15,-35.29,STOP_LOSS_HIT,0.0612
80,TRUMP_USDT,SHORT,StochasticRSI(FAST_SCALP-SHORT),2,0.2,1.715,1.723,1.711,1.723,2026-07-01 21:38:59 UTC,2026-07-01 21:53:09 UTC,849.84,0.343,0.0046,0.0,-0.0016,-0.15,-34.99,STOP_LOSS_HIT,0.0596
81,TRUMP_USDT,SHORT,StochasticRSI(FAST_SCALP-SHORT),2,0.2,1.717,1.713,1.713,1.725,2026-07-01 21:55:59 UTC,2026-07-01 21:56:49 UTC,49.23,0.3434,0.0046,0.0,0.0008,0.08,17.47,MIN_PROFIT_TP_HIT,0.0604
82,TRUMP_USDT,LONG,StochasticRSI(FAST_SCALP-LONG),2,0.2,1.713,1.717,1.717,1.705,2026-07-01 21:59:59 UTC,2026-07-01 22:21:17 UTC,1277.01,0.3426,0.0046,0.0,0.0008,0.08,17.51,MIN_PROFIT_TP_HIT,0.0612
83,TRUMP_USDT,SHORT,StochasticRSI(FAST_SCALP-SHORT),2,0.2,1.716,1.712,1.712,1.724,2026-07-01 22:25:59 UTC,2026-07-01 22:27:04 UTC,64.31,0.3432,0.0046,0.0,0.0008,0.08,17.48,MIN_PROFIT_TP_HIT,0.062
84,TRUMP_USDT,LONG,StochasticRSI(FAST_SCALP-LONG),2,0.2,1.707,1.699,1.711,1.699,2026-07-01 22:31:59 UTC,2026-07-01 22:50:25 UTC,1105.41,0.3414,0.0046,0.0,-0.0016,-0.15,-35.15,STOP_LOSS_HIT,0.0604
85,TRUMP_USDT,SHORT,StochasticRSI(FAST_SCALP-SHORT),2,0.2,1.7,1.696,1.696,1.708,2026-07-01 22:56:59 UTC,2026-07-01 23:02:14 UTC,314.92,0.34,0.0045,0.0,0.0008,0.08,17.65,MIN_PROFIT_TP_HIT,0.0612
86,TRUMP_USDT,SHORT,StochasticRSI(FAST_SCALP-SHORT),2,0.2,1.695,1.691,1.691,1.703,2026-07-01 23:07:59 UTC,2026-07-01 23:11:10 UTC,190.06,0.339,0.0045,0.0,0.0008,0.08,17.7,MIN_PROFIT_TP_HIT,0.062
87,TRUMP_USDT,LONG,StochasticRSI(FAST_SCALP-LONG),2,0.2,1.688,1.692,1.692,1.68,2026-07-01 23:15:59 UTC,2026-07-01 23:19:12 UTC,192.08,0.3376,0.0045,0.0,0.0008,0.08,17.77,MIN_PROFIT_TP_HIT,0.0628
88,TRUMP_USDT,SHORT,StochasticRSI(FAST_SCALP-SHORT),2,0.2,1.69,1.686,1.686,1.698,2026-07-01 23:22:59 UTC,2026-07-01 23:34:47 UTC,707.62,0.338,0.0045,0.0,0.0008,0.08,17.75,MIN_PROFIT_TP_HIT,0.0636
89,TRUMP_USDT,LONG,StochasticRSI(FAST_SCALP-LONG),2,0.2,1.685,1.689,1.689,1.677,2026-07-01 23:35:59 UTC,2026-07-01 23:38:44 UTC,164.54,0.337,0.0045,0.0,0.0008,0.08,17.8,MIN_PROFIT_TP_HIT,0.0644
90,TRUMP_USDT,LONG,StochasticRSI(FAST_SCALP-LONG),2,0.2,1.684,1.676,1.688,1.676,2026-07-01 23:54:59 UTC,2026-07-02 00:05:01 UTC,601.27,0.3368,0.0045,0.0,-0.0016,-0.15,-35.63,STOP_LOSS_HIT,0.0628
91,TRUMP_USDT,LONG,StochasticRSI(FAST_SCALP-LONG),2,0.2,1.679,1.683,1.683,1.671,2026-07-02 00:06:59 UTC,2026-07-02 00:08:47 UTC,107.19,0.3358,0.0045,0.0,0.0008,0.08,17.87,MIN_PROFIT_TP_HIT,0.0636
92,TRUMP_USDT,SHORT,StochasticRSI(FAST_SCALP-SHORT),2,0.2,1.683,1.679,1.679,1.691,2026-07-02 00:12:59 UTC,2026-07-02 00:18:40 UTC,340.96,0.3366,0.0045,0.0,0.0008,0.08,17.83,MIN_PROFIT_TP_HIT,0.0644
93,TRUMP_USDT,LONG,StochasticRSI(FAST_SCALP-LONG),2,0.2,1.68,1.672,1.684,1.672,2026-07-02 00:22:59 UTC,2026-07-02 00:33:35 UTC,635.08,0.336,0.0045,0.0,-0.0016,-0.15,-35.71,STOP_LOSS_HIT,0.0628
94,TRUMP_USDT,SHORT,StochasticRSI(FAST_SCALP-SHORT),2,0.2,1.672,1.68,1.668,1.68,2026-07-02 00:39:59 UTC,2026-07-02 00:58:15 UTC,1095.3,0.3344,0.0045,0.0,-0.0016,-0.15,-35.89,STOP_LOSS_HIT,0.0612
95,TRUMP_USDT,SHORT,StochasticRSI(FAST_SCALP-SHORT),2,0.2,1.679,1.687,1.675,1.687,2026-07-02 01:02:59 UTC,2026-07-02 01:20:09 UTC,1029.42,0.3358,0.0045,0.0,-0.0016,-0.15,-35.74,STOP_LOSS_HIT,0.0596
96,TRUMP_USDT,SHORT,StochasticRSI(FAST_SCALP-SHORT),2,0.2,1.687,1.695,1.683,1.695,2026-07-02 01:28:59 UTC,2026-07-02 01:39:56 UTC,656.88,0.3374,0.0045,0.0,-0.0016,-0.15,-35.57,STOP_LOSS_HIT,0.058
97,TRUMP_USDT,SHORT,StochasticRSI(FAST_SCALP-SHORT),2,0.2,1.693,1.689,1.689,1.701,2026-07-02 01:43:59 UTC,2026-07-02 01:50:40 UTC,400.54,0.3386,0.0045,0.0,0.0008,0.08,17.72,MIN_PROFIT_TP_HIT,0.0588
98,TRUMP_USDT,LONG,StochasticRSI(FAST_SCALP-LONG),2,0.2,1.689,1.681,1.693,1.681,2026-07-02 01:53:59 UTC,2026-07-02 02:10:06 UTC,966.68,0.3378,0.0045,0.0,-0.0016,-0.15,-35.52,STOP_LOSS_HIT,0.0572
99,TRUMP_USDT,LONG,StochasticRSI(FAST_SCALP-LONG),2,0.2,1.678,1.682,1.682,1.67,2026-07-02 02:12:59 UTC,2026-07-02 02:13:38 UTC,38.29,0.3356,0.0045,0.0,0.0008,0.08,17.88,MIN_PROFIT_TP_HIT,0.058
100,TRUMP_USDT,SHORT,StochasticRSI(FAST_SCALP-SHORT),2,0.2,1.682,1.69,1.678,1.69,2026-07-02 02:18:59 UTC,2026-07-02 02:40:11 UTC,1271.16,0.3364,0.0045,0.0,-0.0016,-0.15,-35.67,STOP_LOSS_HIT,0.0564
101,TRUMP_USDT,SHORT,StochasticRSI(FAST_SCALP-SHORT),2,0.2,1.694,1.69,1.69,1.702,2026-07-02 02:44:59 UTC,2026-07-02 02:49:11 UTC,251.44,0.3388,0.0045,0.0,0.0008,0.08,17.71,MIN_PROFIT_TP_HIT,0.0572
102,TRUMP_USDT,LONG,StochasticRSI(FAST_SCALP-LONG),2,0.2,1.691,1.683,1.695,1.683,2026-07-02 02:52:59 UTC,2026-07-02 03:20:22 UTC,1642.62,0.3382,0.0045,0.0,-0.0016,-0.15,-35.48,STOP_LOSS_HIT,0.0556
103,TRUMP_USDT,LONG,StochasticRSI(FAST_SCALP-LONG),2,0.2,1.684,1.688,1.688,1.676,2026-07-02 03:23:59 UTC,2026-07-02 03:27:50 UTC,230.92,0.3368,0.0045,0.0,0.0008,0.08,17.81,MIN_PROFIT_TP_HIT,0.0564
104,TRUMP_USDT,SHORT,StochasticRSI(FAST_SCALP-SHORT),2,0.2,1.691,1.699,1.687,1.699,2026-07-02 03:30:59 UTC,2026-07-02 03:42:28 UTC,688.66,0.3382,0.0045,0.0,-0.0016,-0.15,-35.48,STOP_LOSS_HIT,0.0548
105,TRUMP_USDT,SHORT,StochasticRSI(FAST_SCALP-SHORT),2,0.2,1.699,1.695,1.695,1.707,2026-07-02 03:44:59 UTC,2026-07-02 03:46:26 UTC,86.33,0.3398,0.0045,0.0,0.0008,0.08,17.66,MIN_PROFIT_TP_HIT,0.0556
106,TRUMP_USDT,LONG,StochasticRSI(FAST_SCALP-LONG),2,0.2,1.697,1.701,1.701,1.689,2026-07-02 03:51:59 UTC,2026-07-02 03:52:14 UTC,14.09,0.3394,0.0045,0.0,0.0008,0.08,17.68,MIN_PROFIT_TP_HIT,0.0564
107,TRUMP_USDT,LONG,StochasticRSI(FAST_SCALP-LONG),2,0.2,1.699,1.691,1.703,1.691,2026-07-02 04:10:59 UTC,2026-07-02 04:21:56 UTC,656.31,0.3398,0.0045,0.0,-0.0016,-0.15,-35.31,STOP_LOSS_HIT,0.0548
108,TRUMP_USDT,LONG,StochasticRSI(FAST_SCALP-LONG),2,0.2,1.692,1.696,1.696,1.684,2026-07-02 04:25:59 UTC,2026-07-02 04:44:20 UTC,1100.62,0.3384,0.0045,0.0,0.0008,0.08,17.73,MIN_PROFIT_TP_HIT,0.0556
109,TRUMP_USDT,SHORT,StochasticRSI(FAST_SCALP-SHORT),2,0.2,1.708,1.704,1.704,1.716,2026-07-02 04:49:59 UTC,2026-07-02 04:54:20 UTC,260.32,0.3416,0.0046,0.0,0.0008,0.08,17.56,MIN_PROFIT_TP_HIT,0.0564
110,TRUMP_USDT,LONG,StochasticRSI(FAST_SCALP-LONG),2,0.2,1.704,1.696,1.708,1.696,2026-07-02 04:57:59 UTC,2026-07-02 05:29:43 UTC,1903.38,0.3408,0.0045,0.0,-0.0016,-0.15,-35.21,STOP_LOSS_HIT,0.0548
111,TRUMP_USDT,LONG,StochasticRSI(FAST_SCALP-LONG),2,0.2,1.691,1.695,1.695,1.683,2026-07-02 05:33:59 UTC,2026-07-02 05:34:35 UTC,35.76,0.3382,0.0045,0.0,0.0008,0.08,17.74,MIN_PROFIT_TP_HIT,0.0556
112,TRUMP_USDT,SHORT,StochasticRSI(FAST_SCALP-SHORT),2,0.2,1.691,1.687,1.687,1.699,2026-07-02 05:39:59 UTC,2026-07-02 05:44:20 UTC,260.6,0.3382,0.0045,0.0,0.0008,0.08,17.74,MIN_PROFIT_TP_HIT,0.0564
113,TRUMP_USDT,LONG,StochasticRSI(FAST_SCALP-LONG),2,0.2,1.687,1.691,1.691,1.679,2026-07-02 05:46:59 UTC,2026-07-02 05:53:27 UTC,387.95,0.3374,0.0045,0.0,0.0008,0.08,17.78,MIN_PROFIT_TP_HIT,0.0572
114,TRUMP_USDT,SHORT,StochasticRSI(FAST_SCALP-SHORT),2,0.2,1.69,1.686,1.686,1.698,2026-07-02 05:55:59 UTC,2026-07-02 06:03:25 UTC,445.69,0.338,0.0045,0.0,0.0008,0.08,17.75,MIN_PROFIT_TP_HIT,0.058
115,TRUMP_USDT,LONG,StochasticRSI(FAST_SCALP-LONG),2,0.2,1.688,1.68,1.692,1.68,2026-07-02 06:07:59 UTC,2026-07-02 06:12:22 UTC,262.52,0.3376,0.0045,0.0,-0.0016,-0.15,-35.55,STOP_LOSS_HIT,0.0564
116,TRUMP_USDT,LONG,StochasticRSI(FAST_SCALP-LONG),2,0.2,1.682,1.686,1.686,1.674,2026-07-02 06:14:59 UTC,2026-07-02 06:16:56 UTC,116.26,0.3364,0.0045,0.0,0.0008,0.08,17.84,MIN_PROFIT_TP_HIT,0.0572
117,TRUMP_USDT,SHORT,StochasticRSI(FAST_SCALP-SHORT),2,0.2,1.685,1.681,1.681,1.693,2026-07-02 06:24:59 UTC,2026-07-02 06:48:11 UTC,1391.25,0.337,0.0045,0.0,0.0008,0.08,17.8,MIN_PROFIT_TP_HIT,0.058
118,TRUMP_USDT,LONG,StochasticRSI(FAST_SCALP-LONG),2,0.2,1.683,1.675,1.687,1.675,2026-07-02 06:53:59 UTC,2026-07-02 07:25:40 UTC,1900.4,0.3366,0.0045,0.0,-0.0016,-0.15,-35.65,STOP_LOSS_HIT,0.0564
119,TRUMP_USDT,LONG,StochasticRSI(FAST_SCALP-LONG),2,0.2,1.676,1.668,1.68,1.668,2026-07-02 07:29:59 UTC,2026-07-02 07:33:12 UTC,192.26,0.3352,0.0045,0.0,-0.0016,-0.15,-35.8,STOP_LOSS_HIT,0.0548
120,TRUMP_USDT,LONG,StochasticRSI(FAST_SCALP-LONG),2,0.2,1.669,1.673,1.673,1.661,2026-07-02 07:35:59 UTC,2026-07-02 07:39:26 UTC,206.65,0.3338,0.0045,0.0,0.0008,0.08,17.97,MIN_PROFIT_TP_HIT,0.0556
121,TRUMP_USDT,SHORT,StochasticRSI(FAST_SCALP-SHORT),2,0.2,1.675,1.671,1.671,1.683,2026-07-02 07:44:59 UTC,2026-07-02 08:11:52 UTC,1612.52,0.335,0.0045,0.0,0.0008,0.08,17.91,MIN_PROFIT_TP_HIT,0.0564
122,TRUMP_USDT,LONG,StochasticRSI(FAST_SCALP-LONG),2,0.2,1.675,1.679,1.679,1.667,2026-07-02 08:15:59 UTC,2026-07-02 08:28:31 UTC,751.64,0.335,0.0045,0.0,0.0008,0.08,17.91,MIN_PROFIT_TP_HIT,0.0572
123,TRUMP_USDT,SHORT,StochasticRSI(FAST_SCALP-SHORT),2,0.2,1.679,1.675,1.675,1.687,2026-07-02 08:31:59 UTC,2026-07-02 09:06:27 UTC,2067.18,0.3358,0.0045,0.0,0.0008,0.08,17.87,MIN_PROFIT_TP_HIT,0.058
124,TRUMP_USDT,LONG,StochasticRSI(FAST_SCALP-LONG),2,0.2,1.675,1.679,1.679,1.667,2026-07-02 09:09:59 UTC,2026-07-02 09:22:01 UTC,721.52,0.335,0.0045,0.0,0.0008,0.08,17.91,MIN_PROFIT_TP_HIT,0.0588
125,TRUMP_USDT,SHORT,StochasticRSI(FAST_SCALP-SHORT),2,0.2,1.676,1.684,1.672,1.684,2026-07-02 09:23:59 UTC,2026-07-02 09:31:41 UTC,461.71,0.3352,0.0045,0.0,-0.0016,-0.15,-35.8,STOP_LOSS_HIT,0.0572
126,TRUMP_USDT,SHORT,StochasticRSI(FAST_SCALP-SHORT),2,0.2,1.683,1.691,1.679,1.691,2026-07-02 09:33:59 UTC,2026-07-02 09:37:14 UTC,194.34,0.3366,0.0045,0.0,-0.0016,-0.15,-35.65,STOP_LOSS_HIT,0.0556
127,TRUMP_USDT,SHORT,StochasticRSI(FAST_SCALP-SHORT),2,0.2,1.691,1.687,1.687,1.699,2026-07-02 09:40:59 UTC,2026-07-02 09:45:46 UTC,286.97,0.3382,0.0045,0.0,0.0008,0.08,17.74,MIN_PROFIT_TP_HIT,0.0564
128,TRUMP_USDT,LONG,StochasticRSI(FAST_SCALP-LONG),2,0.2,1.69,1.694,1.694,1.682,2026-07-02 09:48:59 UTC,2026-07-02 10:13:41 UTC,1481.82,0.338,0.0045,0.0,0.0008,0.08,17.75,MIN_PROFIT_TP_HIT,0.0572
129,TRUMP_USDT,SHORT,StochasticRSI(FAST_SCALP-SHORT),2,0.2,1.692,1.7,1.688,1.7,2026-07-02 10:17:59 UTC,2026-07-02 10:34:41 UTC,1001.46,0.3384,0.0045,0.0,-0.0016,-0.15,-35.46,STOP_LOSS_HIT,0.0556
130,TRUMP_USDT,LONG,StochasticRSI(FAST_SCALP-LONG),2,0.2,1.696,1.7,1.7,1.688,2026-07-02 10:43:59 UTC,2026-07-02 11:10:40 UTC,1600.07,0.3392,0.0045,0.0,0.0008,0.08,17.69,MIN_PROFIT_TP_HIT,0.0564
131,TRUMP_USDT,SHORT,StochasticRSI(FAST_SCALP-SHORT),2,0.2,1.704,1.712,1.7,1.712,2026-07-02 11:16:59 UTC,2026-07-02 11:26:12 UTC,552.01,0.3408,0.0045,0.0,-0.0016,-0.15,-35.21,STOP_LOSS_HIT,0.0548
132,TRUMP_USDT,SHORT,StochasticRSI(FAST_SCALP-SHORT),2,0.2,1.711,1.719,1.707,1.719,2026-07-02 11:29:59 UTC,2026-07-02 11:45:11 UTC,911.53,0.3422,0.0046,0.0,-0.0016,-0.15,-35.07,STOP_LOSS_HIT,0.0532
133,TRUMP_USDT,SHORT,StochasticRSI(FAST_SCALP-SHORT),2,0.2,1.713,1.709,1.709,1.721,2026-07-02 11:47:59 UTC,2026-07-02 11:49:40 UTC,100.16,0.3426,0.0046,0.0,0.0008,0.08,17.51,MIN_PROFIT_TP_HIT,0.054
134,TRUMP_USDT,LONG,StochasticRSI(FAST_SCALP-LONG),2,0.2,1.706,1.698,1.71,1.698,2026-07-02 11:52:59 UTC,2026-07-02 11:55:23 UTC,143.17,0.3412,0.0045,0.0,-0.0016,-0.15,-35.17,STOP_LOSS_HIT,0.0524
135,TRUMP_USDT,LONG,StochasticRSI(FAST_SCALP-LONG),2,0.2,1.703,1.707,1.707,1.695,2026-07-02 11:57:59 UTC,2026-07-02 11:59:58 UTC,118.82,0.3406,0.0045,0.0,0.0008,0.08,17.62,MIN_PROFIT_TP_HIT,0.0532
136,TRUMP_USDT,SHORT,StochasticRSI(FAST_SCALP-SHORT),2,0.2,1.704,1.712,1.7,1.712,2026-07-02 12:03:59 UTC,2026-07-02 12:14:26 UTC,626.89,0.3408,0.0045,0.0,-0.0016,-0.15,-35.21,STOP_LOSS_HIT,0.0516
137,TRUMP_USDT,SHORT,StochasticRSI(FAST_SCALP-SHORT),2,0.2,1.708,1.704,1.704,1.716,2026-07-02 12:15:59 UTC,2026-07-02 12:19:37 UTC,217.45,0.3416,0.0046,0.0,0.0008,0.08,17.56,MIN_PROFIT_TP_HIT,0.0524
138,TRUMP_USDT,LONG,StochasticRSI(FAST_SCALP-LONG),2,0.2,1.709,1.713,1.713,1.701,2026-07-02 12:22:59 UTC,2026-07-02 12:29:15 UTC,375.44,0.3418,0.0046,0.0,0.0008,0.08,17.55,MIN_PROFIT_TP_HIT,0.0532
139,TRUMP_USDT,SHORT,StochasticRSI(FAST_SCALP-SHORT),2,0.2,1.713,1.709,1.709,1.721,2026-07-02 12:32:59 UTC,2026-07-02 12:33:49 UTC,49.84,0.3426,0.0046,0.0,0.0008,0.08,17.51,MIN_PROFIT_TP_HIT,0.054
140,TRUMP_USDT,LONG,StochasticRSI(FAST_SCALP-LONG),2,0.2,1.713,1.717,1.717,1.705,2026-07-02 12:37:59 UTC,2026-07-02 12:56:40 UTC,1120.09,0.3426,0.0046,0.0,0.0008,0.08,17.51,MIN_PROFIT_TP_HIT,0.0548
141,TRUMP_USDT,LONG,StochasticRSI(FAST_SCALP-LONG),2,0.2,1.715,1.707,1.719,1.707,2026-07-02 12:57:59 UTC,2026-07-02 13:01:54 UTC,234.78,0.343,0.0046,0.0,-0.0016,-0.15,-34.99,STOP_LOSS_HIT,0.0532
142,TRUMP_USDT,LONG,StochasticRSI(FAST_SCALP-LONG),2,0.2,1.708,1.712,1.712,1.7,2026-07-02 13:04:59 UTC,2026-07-02 13:05:35 UTC,35.91,0.3416,0.0046,0.0,0.0008,0.08,17.56,MIN_PROFIT_TP_HIT,0.054
143,TRUMP_USDT,SHORT,StochasticRSI(FAST_SCALP-SHORT),2,0.2,1.71,1.706,1.706,1.718,2026-07-02 13:18:59 UTC,2026-07-02 13:29:00 UTC,600.85,0.342,0.0046,0.0,0.0008,0.08,17.54,MIN_PROFIT_TP_HIT,0.0548
144,TRUMP_USDT,LONG,StochasticRSI(FAST_SCALP-LONG),2,0.2,1.709,1.713,1.713,1.701,2026-07-02 13:32:59 UTC,2026-07-02 13:33:31 UTC,31.24,0.3418,0.0046,0.0,0.0008,0.08,17.55,MIN_PROFIT_TP_HIT,0.0556
145,TRUMP_USDT,SHORT,StochasticRSI(FAST_SCALP-SHORT),2,0.2,1.714,1.722,1.71,1.722,2026-07-02 13:38:59 UTC,2026-07-02 13:51:42 UTC,762.02,0.3428,0.0046,0.0,-0.0016,-0.15,-35.01,STOP_LOSS_HIT,0.054
146,TRUMP_USDT,SHORT,StochasticRSI(FAST_SCALP-SHORT),2,0.2,1.716,1.712,1.712,1.724,2026-07-02 13:54:59 UTC,2026-07-02 14:05:25 UTC,625.33,0.3432,0.0046,0.0,0.0008,0.08,17.48,MIN_PROFIT_TP_HIT,0.0548
147,TRUMP_USDT,LONG,StochasticRSI(FAST_SCALP-LONG),2,0.2,1.711,1.715,1.715,1.703,2026-07-02 14:08:59 UTC,2026-07-02 14:12:35 UTC,215.57,0.3422,0.0046,0.0,0.0008,0.08,17.53,MIN_PROFIT_TP_HIT,0.0556
148,TRUMP_USDT,SHORT,StochasticRSI(FAST_SCALP-SHORT),2,0.2,1.712,1.708,1.708,1.72,2026-07-02 14:16:59 UTC,2026-07-02 14:18:54 UTC,114.91,0.3424,0.0046,0.0,0.0008,0.08,17.52,MIN_PROFIT_TP_HIT,0.0564
149,TRUMP_USDT,LONG,StochasticRSI(FAST_SCALP-LONG),2,0.2,1.7,1.704,1.704,1.692,2026-07-02 14:23:59 UTC,2026-07-02 14:29:13 UTC,313.07,0.34,0.0045,0.0,0.0008,0.08,17.65,MIN_PROFIT_TP_HIT,0.0572
150,TRUMP_USDT,SHORT,StochasticRSI(FAST_SCALP-SHORT),2,0.2,1.703,1.699,1.699,1.711,2026-07-02 14:33:59 UTC,2026-07-02 14:35:21 UTC,81.08,0.3406,0.0045,0.0,0.0008,0.08,17.62,MIN_PROFIT_TP_HIT,0.058
151,TRUMP_USDT,SHORT,StochasticRSI(FAST_SCALP-SHORT),2,0.2,1.705,1.701,1.701,1.713,2026-07-02 14:40:59 UTC,2026-07-02 14:41:34 UTC,34.54,0.341,0.0045,0.0,0.0008,0.08,17.6,MIN_PROFIT_TP_HIT,0.0588
152,TRUMP_USDT,LONG,StochasticRSI(FAST_SCALP-LONG),2,0.2,1.705,1.697,1.709,1.697,2026-07-02 14:45:59 UTC,2026-07-02 15:04:31 UTC,1111.67,0.341,0.0045,0.0,-0.0016,-0.15,-35.19,STOP_LOSS_HIT,0.0572
153,TRUMP_USDT,LONG,StochasticRSI(FAST_SCALP-LONG),2,0.2,1.693,1.697,1.697,1.685,2026-07-02 15:09:59 UTC,2026-07-02 15:12:36 UTC,156.84,0.3386,0.0045,0.0,0.0008,0.08,17.72,MIN_PROFIT_TP_HIT,0.058
154,TRUMP_USDT,SHORT,StochasticRSI(FAST_SCALP-SHORT),2,0.2,1.697,1.705,1.693,1.705,2026-07-02 15:17:59 UTC,2026-07-02 15:33:28 UTC,928.42,0.3394,0.0045,0.0,-0.0016,-0.15,-35.36,STOP_LOSS_HIT,0.0564
155,TRUMP_USDT,SHORT,StochasticRSI(FAST_SCALP-SHORT),2,0.2,1.706,1.702,1.702,1.714,2026-07-02 15:37:59 UTC,2026-07-02 15:49:29 UTC,689.25,0.3412,0.0045,0.0,0.0008,0.08,17.58,MIN_PROFIT_TP_HIT,0.0572
156,TRUMP_USDT,LONG,StochasticRSI(FAST_SCALP-LONG),2,0.2,1.702,1.706,1.706,1.694,2026-07-02 15:52:59 UTC,2026-07-02 15:58:32 UTC,332.27,0.3404,0.0045,0.0,0.0008,0.08,17.63,MIN_PROFIT_TP_HIT,0.058
157,TRUMP_USDT,SHORT,StochasticRSI(FAST_SCALP-SHORT),2,0.2,1.703,1.711,1.699,1.711,2026-07-02 16:01:59 UTC,2026-07-02 16:13:00 UTC,660.69,0.3406,0.0045,0.0,-0.0016,-0.15,-35.23,STOP_LOSS_HIT,0.0564
158,TRUMP_USDT,SHORT,StochasticRSI(FAST_SCALP-SHORT),2,0.2,1.707,1.703,1.703,1.715,2026-07-02 16:15:59 UTC,2026-07-02 16:19:40 UTC,220.69,0.3414,0.0046,0.0,0.0008,0.08,17.57,MIN_PROFIT_TP_HIT,0.0572
159,TRUMP_USDT,LONG,StochasticRSI(FAST_SCALP-LONG),2,0.2,1.701,1.705,1.705,1.693,2026-07-02 16:23:59 UTC,2026-07-02 16:41:09 UTC,1029.35,0.3402,0.0045,0.0,0.0008,0.08,17.64,MIN_PROFIT_TP_HIT,0.058
160,TRUMP_USDT,SHORT,StochasticRSI(FAST_SCALP-SHORT),2,0.2,1.707,1.703,1.703,1.715,2026-07-02 16:51:59 UTC,2026-07-02 16:55:42 UTC,222.59,0.3414,0.0046,0.0,0.0008,0.08,17.57,MIN_PROFIT_TP_HIT,0.0588
161,TRUMP_USDT,LONG,StochasticRSI(FAST_SCALP-LONG),2,0.2,1.703,1.707,1.707,1.695,2026-07-02 17:02:59 UTC,2026-07-02 17:18:16 UTC,916.85,0.3406,0.0045,0.0,0.0008,0.08,17.62,MIN_PROFIT_TP_HIT,0.0596
162,TRUMP_USDT,SHORT,StochasticRSI(FAST_SCALP-SHORT),2,0.2,1.706,1.702,1.702,1.714,2026-07-02 17:20:59 UTC,2026-07-02 17:35:39 UTC,879.58,0.3412,0.0045,0.0,0.0008,0.08,17.58,MIN_PROFIT_TP_HIT,0.0604
163,TRUMP_USDT,LONG,StochasticRSI(FAST_SCALP-LONG),2,0.2,1.7,1.704,1.704,1.692,2026-07-02 17:38:59 UTC,2026-07-02 17:42:21 UTC,201.85,0.34,0.0045,0.0,0.0008,0.08,17.65,MIN_PROFIT_TP_HIT,0.0612
164,TRUMP_USDT,SHORT,StochasticRSI(FAST_SCALP-SHORT),2,0.2,1.703,1.699,1.699,1.711,2026-07-02 17:46:59 UTC,2026-07-02 17:52:27 UTC,327.88,0.3406,0.0045,0.0,0.0008,0.08,17.62,MIN_PROFIT_TP_HIT,0.062
165,TRUMP_USDT,LONG,StochasticRSI(FAST_SCALP-LONG),2,0.2,1.701,1.705,1.705,1.693,2026-07-02 18:15:59 UTC,2026-07-02 18:48:57 UTC,1977.01,0.3402,0.0045,0.0,0.0008,0.08,17.64,MIN_PROFIT_TP_HIT,0.0628
166,TRUMP_USDT,LONG,StochasticRSI(FAST_SCALP-LONG),2,0.2,1.704,1.708,1.708,1.696,2026-07-02 18:49:59 UTC,2026-07-02 19:00:20 UTC,620.41,0.3408,0.0045,0.0,0.0008,0.08,17.61,MIN_PROFIT_TP_HIT,0.0636
167,TRUMP_USDT,SHORT,StochasticRSI(FAST_SCALP-SHORT),2,0.2,1.709,1.705,1.705,1.717,2026-07-02 19:16:59 UTC,2026-07-02 19:21:02 UTC,242.56,0.3418,0.0046,0.0,0.0008,0.08,17.55,MIN_PROFIT_TP_HIT,0.0644
168,TRUMP_USDT,LONG,StochasticRSI(FAST_SCALP-LONG),2,0.2,1.705,1.709,1.709,1.697,2026-07-02 19:23:59 UTC,2026-07-02 19:28:27 UTC,267.61,0.341,0.0045,0.0,0.0008,0.08,17.6,MIN_PROFIT_TP_HIT,0.0652
169,TRUMP_USDT,SHORT,StochasticRSI(FAST_SCALP-SHORT),2,0.2,1.708,1.704,1.704,1.716,2026-07-02 19:31:59 UTC,2026-07-02 19:38:59 UTC,419.54,0.3416,0.0046,0.0,0.0008,0.08,17.56,MIN_PROFIT_TP_HIT,0.066
170,TRUMP_USDT,LONG,StochasticRSI(FAST_SCALP-LONG),2,0.2,1.708,1.712,1.712,1.7,2026-07-02 19:41:59 UTC,2026-07-02 19:50:00 UTC,480.41,0.3416,0.0046,0.0,0.0008,0.08,17.56,MIN_PROFIT_TP_HIT,0.0668
171,TRUMP_USDT,SHORT,StochasticRSI(FAST_SCALP-SHORT),2,0.2,1.71,1.706,1.706,1.718,2026-07-02 19:52:59 UTC,2026-07-02 20:25:53 UTC,1973.72,0.342,0.0046,0.0,0.0008,0.08,17.54,MIN_PROFIT_TP_HIT,0.0676
172,TRUMP_USDT,LONG,StochasticRSI(FAST_SCALP-LONG),2,0.2,1.707,1.711,1.711,1.699,2026-07-02 20:28:59 UTC,2026-07-02 20:49:46 UTC,1246.66,0.3414,0.0046,0.0,0.0008,0.08,17.57,MIN_PROFIT_TP_HIT,0.0684
173,TRUMP_USDT,SHORT,StochasticRSI(FAST_SCALP-SHORT),2,0.2,1.71,1.718,1.706,1.718,2026-07-02 20:52:59 UTC,2026-07-02 21:13:43 UTC,1243.25,0.342,0.0046,0.0,-0.0016,-0.15,-35.09,STOP_LOSS_HIT,0.0668
174,TRUMP_USDT,SHORT,StochasticRSI(FAST_SCALP-SHORT),2,0.2,1.714,1.71,1.71,1.722,2026-07-02 21:17:59 UTC,2026-07-02 21:43:49 UTC,1549.38,0.3428,0.0046,0.0,0.0008,0.08,17.5,MIN_PROFIT_TP_HIT,0.0676
175,TRUMP_USDT,LONG,StochasticRSI(FAST_SCALP-LONG),2,0.2,1.71,1.714,1.714,1.702,2026-07-02 21:47:59 UTC,2026-07-02 21:49:09 UTC,69.12,0.342,0.0046,0.0,0.0008,0.08,17.54,MIN_PROFIT_TP_HIT,0.0684
176,TRUMP_USDT,SHORT,StochasticRSI(FAST_SCALP-SHORT),2,0.2,1.71,1.718,1.706,1.718,2026-07-02 21:54:59 UTC,2026-07-02 22:17:53 UTC,1373.19,0.342,0.0046,0.0,-0.0016,-0.15,-35.09,STOP_LOSS_HIT,0.0668
177,TRUMP_USDT,SHORT,StochasticRSI(FAST_SCALP-SHORT),2,0.2,1.716,1.724,1.712,1.724,2026-07-02 22:21:59 UTC,2026-07-02 22:54:39 UTC,1959.2,0.3432,0.0046,0.0,-0.0016,-0.15,-34.97,STOP_LOSS_HIT,0.0652
178,TRUMP_USDT,SHORT,StochasticRSI(FAST_SCALP-SHORT),2,0.2,1.722,1.718,1.718,1.73,2026-07-02 22:59:59 UTC,2026-07-02 23:03:03 UTC,183.46,0.3444,0.0046,0.0,0.0008,0.08,17.42,MIN_PROFIT_TP_HIT,0.066
179,TRUMP_USDT,LONG,StochasticRSI(FAST_SCALP-LONG),2,0.2,1.719,1.723,1.723,1.711,2026-07-02 23:05:59 UTC,2026-07-02 23:34:45 UTC,1725.6,0.3438,0.0046,0.0,0.0008,0.08,17.45,MIN_PROFIT_TP_HIT,0.0668
180,TRUMP_USDT,LONG,StochasticRSI(FAST_SCALP-LONG),2,0.2,1.718,1.71,1.722,1.71,2026-07-02 23:40:59 UTC,2026-07-03 00:02:47 UTC,1307.66,0.3436,0.0046,0.0,-0.0016,-0.15,-34.92,STOP_LOSS_HIT,0.0652
181,TRUMP_USDT,LONG,StochasticRSI(FAST_SCALP-LONG),2,0.2,1.715,1.707,1.719,1.707,2026-07-03 00:04:59 UTC,2026-07-03 00:21:34 UTC,994.74,0.343,0.0046,0.0,-0.0016,-0.15,-34.99,STOP_LOSS_HIT,0.0636
182,TRUMP_USDT,SHORT,StochasticRSI(FAST_SCALP-SHORT),2,0.2,1.708,1.704,1.704,1.716,2026-07-03 00:28:59 UTC,2026-07-03 00:29:49 UTC,49.34,0.3416,0.0046,0.0,0.0008,0.08,17.56,MIN_PROFIT_TP_HIT,0.0644
183,TRUMP_USDT,LONG,StochasticRSI(FAST_SCALP-LONG),2,0.2,1.708,1.712,1.712,1.7,2026-07-03 00:32:59 UTC,2026-07-03 01:14:01 UTC,2461.05,0.3416,0.0046,0.0,0.0008,0.08,17.56,MIN_PROFIT_TP_HIT,0.0652
184,TRUMP_USDT,LONG,StochasticRSI(FAST_SCALP-LONG),2,0.2,1.715,1.719,1.719,1.707,2026-07-03 01:20:59 UTC,2026-07-03 01:26:14 UTC,314.3,0.343,0.0046,0.0,0.0008,0.08,17.49,MIN_PROFIT_TP_HIT,0.066
185,TRUMP_USDT,SHORT,StochasticRSI(FAST_SCALP-SHORT),2,0.2,1.718,1.726,1.714,1.726,2026-07-03 01:28:59 UTC,2026-07-03 01:36:04 UTC,424.68,0.3436,0.0046,0.0,-0.0016,-0.15,-34.92,STOP_LOSS_HIT,0.0644
186,TRUMP_USDT,SHORT,StochasticRSI(FAST_SCALP-SHORT),2,0.2,1.725,1.721,1.721,1.733,2026-07-03 01:42:59 UTC,2026-07-03 01:44:32 UTC,92.57,0.345,0.0046,0.0,0.0008,0.08,17.39,MIN_PROFIT_TP_HIT,0.0652
187,TRUMP_USDT,LONG,StochasticRSI(FAST_SCALP-LONG),2,0.2,1.722,1.714,1.726,1.714,2026-07-03 01:47:59 UTC,2026-07-03 02:10:45 UTC,1365.21,0.3444,0.0046,0.0,-0.0016,-0.15,-34.84,STOP_LOSS_HIT,0.0636
188,TRUMP_USDT,SHORT,StochasticRSI(FAST_SCALP-SHORT),2,0.2,1.723,1.719,1.719,1.731,2026-07-03 02:23:59 UTC,2026-07-03 02:30:07 UTC,367.38,0.3446,0.0046,0.0,0.0008,0.08,17.41,MIN_PROFIT_TP_HIT,0.0644
189,TRUMP_USDT,LONG,StochasticRSI(FAST_SCALP-LONG),2,0.2,1.719,1.723,1.723,1.711,2026-07-03 02:32:59 UTC,2026-07-03 02:40:24 UTC,444.55,0.3438,0.0046,0.0,0.0008,0.08,17.45,MIN_PROFIT_TP_HIT,0.0652
190,TRUMP_USDT,LONG,StochasticRSI(FAST_SCALP-LONG),2,0.2,1.717,1.721,1.721,1.709,2026-07-03 02:46:59 UTC,2026-07-03 02:53:29 UTC,389.21,0.3434,0.0046,0.0,0.0008,0.08,17.47,MIN_PROFIT_TP_HIT,0.066
191,TRUMP_USDT,SHORT,StochasticRSI(FAST_SCALP-SHORT),2,0.2,1.717,1.725,1.713,1.725,2026-07-03 02:55:59 UTC,2026-07-03 03:20:45 UTC,1485.84,0.3434,0.0046,0.0,-0.0016,-0.15,-34.94,STOP_LOSS_HIT,0.0644
192,TRUMP_USDT,SHORT,StochasticRSI(FAST_SCALP-SHORT),2,0.2,1.724,1.72,1.72,1.732,2026-07-03 03:22:59 UTC,2026-07-03 03:26:17 UTC,197.08,0.3448,0.0046,0.0,0.0008,0.08,17.4,MIN_PROFIT_TP_HIT,0.0652
193,TRUMP_USDT,LONG,StochasticRSI(FAST_SCALP-LONG),2,0.2,1.721,1.725,1.725,1.713,2026-07-03 03:29:59 UTC,2026-07-03 03:34:52 UTC,292.91,0.3442,0.0046,0.0,0.0008,0.08,17.43,MIN_PROFIT_TP_HIT,0.066
194,TRUMP_USDT,SHORT,StochasticRSI(FAST_SCALP-SHORT),2,0.2,1.727,1.723,1.723,1.735,2026-07-03 03:40:59 UTC,2026-07-03 03:53:57 UTC,777.18,0.3454,0.0046,0.0,0.0008,0.08,17.37,MIN_PROFIT_TP_HIT,0.0668
195,TRUMP_USDT,LONG,StochasticRSI(FAST_SCALP-LONG),2,0.2,1.726,1.718,1.73,1.718,2026-07-03 03:57:59 UTC,2026-07-03 04:09:38 UTC,698.8,0.3452,0.0046,0.0,-0.0016,-0.15,-34.76,STOP_LOSS_HIT,0.0652
196,TRUMP_USDT,LONG,StochasticRSI(FAST_SCALP-LONG),2,0.2,1.721,1.713,1.725,1.713,2026-07-03 04:11:59 UTC,2026-07-03 04:34:49 UTC,1369.18,0.3442,0.0046,0.0,-0.0016,-0.15,-34.86,STOP_LOSS_HIT,0.0636
197,TRUMP_USDT,LONG,StochasticRSI(FAST_SCALP-LONG),2,0.2,1.713,1.705,1.717,1.705,2026-07-03 04:38:59 UTC,2026-07-03 05:23:27 UTC,2667.69,0.3426,0.0046,0.0,-0.0016,-0.15,-35.03,STOP_LOSS_HIT,0.062
198,TRUMP_USDT,LONG,StochasticRSI(FAST_SCALP-LONG),2,0.2,1.708,1.712,1.712,1.7,2026-07-03 05:25:59 UTC,2026-07-03 05:27:17 UTC,77.67,0.3416,0.0046,0.0,0.0008,0.08,17.56,MIN_PROFIT_TP_HIT,0.0628
199,TRUMP_USDT,SHORT,StochasticRSI(FAST_SCALP-SHORT),2,0.2,1.718,1.726,1.714,1.726,2026-07-03 05:37:59 UTC,2026-07-03 06:17:45 UTC,2385.61,0.3436,0.0046,0.0,-0.0016,-0.15,-34.92,STOP_LOSS_HIT,0.0612
200,TRUMP_USDT,SHORT,StochasticRSI(FAST_SCALP-SHORT),2,0.2,1.725,1.721,1.721,1.733,2026-07-03 06:21:59 UTC,2026-07-03 06:33:01 UTC,661.09,0.345,0.0046,0.0,0.0008,0.08,17.39,MIN_PROFIT_TP_HIT,0.062
201,TRUMP_USDT,LONG,StochasticRSI(FAST_SCALP-LONG),2,0.2,1.725,1.729,1.729,1.717,2026-07-03 06:36:59 UTC,2026-07-03 06:42:46 UTC,346.49,0.345,0.0046,0.0,0.0008,0.08,17.39,MIN_PROFIT_TP_HIT,0.0628
202,TRUMP_USDT,LONG,StochasticRSI(FAST_SCALP-LONG),2,0.2,1.725,1.729,1.729,1.717,2026-07-03 06:50:59 UTC,2026-07-03 08:13:10 UTC,4930.34,0.345,0.0046,0.0,0.0008,0.08,17.39,MIN_PROFIT_TP_HIT,0.0636
203,TRUMP_USDT,SHORT,StochasticRSI(FAST_SCALP-SHORT),2,0.2,1.768,1.776,1.764,1.776,2026-07-03 08:30:59 UTC,2026-07-03 08:33:10 UTC,130.97,0.3536,0.0047,0.0,-0.0016,-0.15,-33.94,STOP_LOSS_HIT,0.062
204,TRUMP_USDT,LONG,StochasticRSI(FAST_SCALP-LONG),2,0.2,1.754,1.758,1.758,1.746,2026-07-03 08:42:59 UTC,2026-07-03 08:43:19 UTC,19.01,0.3508,0.0047,0.0,0.0008,0.08,17.1,MIN_PROFIT_TP_HIT,0.0628
205,TRUMP_USDT,SHORT,StochasticRSI(FAST_SCALP-SHORT),2,0.2,1.754,1.75,1.75,1.762,2026-07-03 08:50:59 UTC,2026-07-03 08:51:47 UTC,47.57,0.3508,0.0047,0.0,0.0008,0.08,17.1,MIN_PROFIT_TP_HIT,0.0636
206,TRUMP_USDT,LONG,StochasticRSI(FAST_SCALP-LONG),2,0.2,1.746,1.738,1.75,1.738,2026-07-03 08:55:59 UTC,2026-07-03 09:00:51 UTC,291.32,0.3492,0.0047,0.0,-0.0016,-0.15,-34.36,STOP_LOSS_HIT,0.062
207,TRUMP_USDT,SHORT,StochasticRSI(FAST_SCALP-SHORT),2,0.2,1.754,1.75,1.75,1.762,2026-07-03 09:10:59 UTC,2026-07-03 09:22:13 UTC,673.03,0.3508,0.0047,0.0,0.0008,0.08,17.1,MIN_PROFIT_TP_HIT,0.0628
208,TRUMP_USDT,LONG,StochasticRSI(FAST_SCALP-LONG),2,0.2,1.754,1.758,1.758,1.746,2026-07-03 09:26:59 UTC,2026-07-03 09:30:03 UTC,183.0,0.3508,0.0047,0.0,0.0008,0.08,17.1,MIN_PROFIT_TP_HIT,0.0636
209,TRUMP_USDT,SHORT,StochasticRSI(FAST_SCALP-SHORT),2,0.2,1.759,1.755,1.755,1.767,2026-07-03 09:31:59 UTC,2026-07-03 09:35:59 UTC,239.96,0.3518,0.0047,0.0,0.0008,0.08,17.06,MIN_PROFIT_TP_HIT,0.0644
210,TRUMP_USDT,LONG,StochasticRSI(FAST_SCALP-LONG),2,0.2,1.747,1.751,1.751,1.739,2026-07-03 09:40:59 UTC,2026-07-03 09:44:05 UTC,185.46,0.3494,0.0047,0.0,0.0008,0.08,17.17,MIN_PROFIT_TP_HIT,0.0652
211,TRUMP_USDT,SHORT,StochasticRSI(FAST_SCALP-SHORT),2,0.2,1.753,1.749,1.749,1.761,2026-07-03 09:48:59 UTC,2026-07-03 09:53:42 UTC,282.1,0.3506,0.0047,0.0,0.0008,0.08,17.11,MIN_PROFIT_TP_HIT,0.066
212,TRUMP_USDT,LONG,StochasticRSI(FAST_SCALP-LONG),2,0.2,1.755,1.759,1.759,1.747,2026-07-03 09:56:59 UTC,2026-07-03 09:59:31 UTC,151.51,0.351,0.0047,0.0,0.0008,0.08,17.09,MIN_PROFIT_TP_HIT,0.0668
213,TRUMP_USDT,SHORT,StochasticRSI(FAST_SCALP-SHORT),2,0.2,1.759,1.755,1.755,1.767,2026-07-03 10:04:59 UTC,2026-07-03 10:10:23 UTC,323.57,0.3518,0.0047,0.0,0.0008,0.08,17.06,MIN_PROFIT_TP_HIT,0.0676
214,TRUMP_USDT,LONG,StochasticRSI(FAST_SCALP-LONG),2,0.2,1.758,1.75,1.762,1.75,2026-07-03 10:13:59 UTC,2026-07-03 10:18:21 UTC,261.47,0.3516,0.0047,0.0,-0.0016,-0.15,-34.13,STOP_LOSS_HIT,0.066
215,TRUMP_USDT,LONG,StochasticRSI(FAST_SCALP-LONG),2,0.2,1.752,1.756,1.756,1.744,2026-07-03 10:20:59 UTC,2026-07-03 10:22:32 UTC,92.78,0.3504,0.0047,0.0,0.0008,0.08,17.12,MIN_PROFIT_TP_HIT,0.0668
216,TRUMP_USDT,SHORT,StochasticRSI(FAST_SCALP-SHORT),2,0.2,1.762,1.758,1.758,1.77,2026-07-03 10:30:59 UTC,2026-07-03 10:34:50 UTC,230.06,0.3524,0.0047,0.0,0.0008,0.08,17.03,MIN_PROFIT_TP_HIT,0.0676
217,TRUMP_USDT,LONG,StochasticRSI(FAST_SCALP-LONG),2,0.2,1.76,1.764,1.764,1.752,2026-07-03 10:36:59 UTC,2026-07-03 10:37:12 UTC,12.83,0.352,0.0047,0.0,0.0008,0.08,17.05,MIN_PROFIT_TP_HIT,0.0684
218,TRUMP_USDT,LONG,StochasticRSI(FAST_SCALP-LONG),2,0.2,1.764,1.768,1.768,1.756,2026-07-03 10:44:59 UTC,2026-07-03 11:04:16 UTC,1156.74,0.3528,0.0047,0.0,0.0008,0.08,17.01,MIN_PROFIT_TP_HIT,0.0692
219,TRUMP_USDT,SHORT,StochasticRSI(FAST_SCALP-SHORT),2,0.2,1.762,1.758,1.758,1.77,2026-07-03 11:14:59 UTC,2026-07-03 11:25:44 UTC,644.54,0.3524,0.0047,0.0,0.0008,0.08,17.03,MIN_PROFIT_TP_HIT,0.07
220,TRUMP_USDT,LONG,StochasticRSI(FAST_SCALP-LONG),2,0.2,1.757,1.761,1.761,1.749,2026-07-03 11:29:59 UTC,2026-07-03 11:54:47 UTC,1487.41,0.3514,0.0047,0.0,0.0008,0.08,17.07,MIN_PROFIT_TP_HIT,0.0708
221,TRUMP_USDT,SHORT,StochasticRSI(FAST_SCALP-SHORT),2,0.2,1.764,1.76,1.76,1.772,2026-07-03 12:03:59 UTC,2026-07-03 12:08:09 UTC,249.81,0.3528,0.0047,0.0,0.0008,0.08,17.01,MIN_PROFIT_TP_HIT,0.0716
222,TRUMP_USDT,LONG,StochasticRSI(FAST_SCALP-LONG),2,0.2,1.763,1.767,1.767,1.755,2026-07-03 12:09:59 UTC,2026-07-03 12:11:11 UTC,71.81,0.3526,0.0047,0.0,0.0008,0.08,17.02,MIN_PROFIT_TP_HIT,0.0724
223,TRUMP_USDT,SHORT,StochasticRSI(FAST_SCALP-SHORT),2,0.2,1.764,1.76,1.76,1.772,2026-07-03 12:15:59 UTC,2026-07-03 12:16:22 UTC,22.34,0.3528,0.0047,0.0,0.0008,0.08,17.01,MIN_PROFIT_TP_HIT,0.0732
224,TRUMP_USDT,LONG,StochasticRSI(FAST_SCALP-LONG),2,0.2,1.759,1.763,1.763,1.751,2026-07-03 12:18:59 UTC,2026-07-03 12:26:01 UTC,421.14,0.3518,0.0047,0.0,0.0008,0.08,17.06,MIN_PROFIT_TP_HIT,0.074
225,TRUMP_USDT,SHORT,StochasticRSI(FAST_SCALP-SHORT),2,0.2,1.76,1.756,1.756,1.768,2026-07-03 12:29:59 UTC,2026-07-03 12:33:05 UTC,185.33,0.352,0.0047,0.0,0.0008,0.08,17.05,MIN_PROFIT_TP_HIT,0.0748
226,TRUMP_USDT,LONG,StochasticRSI(FAST_SCALP-LONG),2,0.2,1.755,1.759,1.759,1.747,2026-07-03 12:35:59 UTC,2026-07-03 12:42:39 UTC,399.58,0.351,0.0047,0.0,0.0008,0.08,17.09,MIN_PROFIT_TP_HIT,0.0756
227,TRUMP_USDT,SHORT,StochasticRSI(FAST_SCALP-SHORT),2,0.2,1.761,1.769,1.757,1.769,2026-07-03 12:49:59 UTC,2026-07-03 13:26:45 UTC,2205.74,0.3522,0.0047,0.0,-0.0016,-0.15,-34.07,STOP_LOSS_HIT,0.074
228,TRUMP_USDT,LONG,StochasticRSI(FAST_SCALP-LONG),2,0.2,1.767,1.759,1.771,1.759,2026-07-03 13:27:59 UTC,2026-07-03 14:01:09 UTC,1989.6,0.3534,0.0047,0.0,-0.0016,-0.15,-33.96,STOP_LOSS_HIT,0.0724
229,TRUMP_USDT,LONG,StochasticRSI(FAST_SCALP-LONG),2,0.2,1.755,1.759,1.759,1.747,2026-07-03 14:03:59 UTC,2026-07-03 14:04:27 UTC,27.24,0.351,0.0047,0.0,0.0008,0.08,17.09,MIN_PROFIT_TP_HIT,0.0732
230,TRUMP_USDT,SHORT,StochasticRSI(FAST_SCALP-SHORT),2,0.2,1.756,1.752,1.752,1.764,2026-07-03 14:12:59 UTC,2026-07-03 14:13:47 UTC,47.18,0.3512,0.0047,0.0,0.0008,0.08,17.08,MIN_PROFIT_TP_HIT,0.074
231,TRUMP_USDT,LONG,StochasticRSI(FAST_SCALP-LONG),2,0.2,1.756,1.76,1.76,1.748,2026-07-03 14:16:59 UTC,2026-07-03 14:24:00 UTC,420.91,0.3512,0.0047,0.0,0.0008,0.08,17.08,MIN_PROFIT_TP_HIT,0.0748
232,TRUMP_USDT,SHORT,StochasticRSI(FAST_SCALP-SHORT),2,0.2,1.758,1.754,1.754,1.766,2026-07-03 14:27:59 UTC,2026-07-03 14:34:39 UTC,399.5,0.3516,0.0047,0.0,0.0008,0.08,17.06,MIN_PROFIT_TP_HIT,0.0756
233,TRUMP_USDT,LONG,StochasticRSI(FAST_SCALP-LONG),2,0.2,1.757,1.761,1.761,1.749,2026-07-03 14:37:59 UTC,2026-07-03 14:41:18 UTC,198.27,0.3514,0.0047,0.0,0.0008,0.08,17.07,MIN_PROFIT_TP_HIT,0.0764
234,TRUMP_USDT,SHORT,StochasticRSI(FAST_SCALP-SHORT),2,0.2,1.764,1.772,1.76,1.772,2026-07-03 14:45:59 UTC,2026-07-03 15:01:03 UTC,903.44,0.3528,0.0047,0.0,-0.0016,-0.15,-34.01,STOP_LOSS_HIT,0.0748
235,TRUMP_USDT,SHORT,StochasticRSI(FAST_SCALP-SHORT),2,0.2,1.775,1.783,1.771,1.783,2026-07-03 15:05:59 UTC,2026-07-03 15:08:46 UTC,166.81,0.355,0.0047,0.0,-0.0016,-0.15,-33.8,STOP_LOSS_HIT,0.0732
236,TRUMP_USDT,SHORT,StochasticRSI(FAST_SCALP-SHORT),2,0.2,1.781,1.777,1.777,1.789,2026-07-03 15:10:59 UTC,2026-07-03 15:13:04 UTC,124.55,0.3562,0.0047,0.0,0.0008,0.08,16.84,MIN_PROFIT_TP_HIT,0.074
237,TRUMP_USDT,LONG,StochasticRSI(FAST_SCALP-LONG),2,0.2,1.772,1.764,1.776,1.764,2026-07-03 15:18:59 UTC,2026-07-03 15:23:47 UTC,287.96,0.3544,0.0047,0.0,-0.0016,-0.15,-33.86,STOP_LOSS_HIT,0.0724
238,TRUMP_USDT,LONG,StochasticRSI(FAST_SCALP-LONG),2,0.2,1.768,1.772,1.772,1.76,2026-07-03 15:26:59 UTC,2026-07-03 16:00:12 UTC,1992.29,0.3536,0.0047,0.0,0.0008,0.08,16.97,MIN_PROFIT_TP_HIT,0.0732
239,TRUMP_USDT,SHORT,StochasticRSI(FAST_SCALP-SHORT),2,0.2,1.772,1.768,1.768,1.78,2026-07-03 16:03:59 UTC,2026-07-03 16:06:49 UTC,169.97,0.3544,0.0047,0.0,0.0008,0.08,16.93,MIN_PROFIT_TP_HIT,0.074
240,TRUMP_USDT,SHORT,StochasticRSI(FAST_SCALP-SHORT),2,0.2,1.769,1.777,1.765,1.777,2026-07-03 16:07:59 UTC,2026-07-03 16:18:52 UTC,652.82,0.3538,0.0047,0.0,-0.0016,-0.15,-33.92,STOP_LOSS_HIT,0.0724
241,TRUMP_USDT,SHORT,StochasticRSI(FAST_SCALP-SHORT),2,0.2,1.781,1.777,1.777,1.789,2026-07-03 16:26:59 UTC,2026-07-03 16:32:26 UTC,326.66,0.3562,0.0047,0.0,0.0008,0.08,16.84,MIN_PROFIT_TP_HIT,0.0732
242,TRUMP_USDT,LONG,StochasticRSI(FAST_SCALP-LONG),2,0.2,1.777,1.781,1.781,1.769,2026-07-03 16:35:59 UTC,2026-07-03 17:04:04 UTC,1684.88,0.3554,0.0047,0.0,0.0008,0.08,16.88,MIN_PROFIT_TP_HIT,0.074
243,TRUMP_USDT,SHORT,StochasticRSI(FAST_SCALP-SHORT),2,0.2,1.79,1.786,1.786,1.798,2026-07-03 17:09:59 UTC,2026-07-03 17:15:04 UTC,304.64,0.358,0.0048,0.0,0.0008,0.08,16.76,MIN_PROFIT_TP_HIT,0.0748
244,TRUMP_USDT,LONG,StochasticRSI(FAST_SCALP-LONG),2,0.2,1.79,1.794,1.794,1.782,2026-07-03 17:16:59 UTC,2026-07-03 17:23:36 UTC,396.98,0.358,0.0048,0.0,0.0008,0.08,16.76,MIN_PROFIT_TP_HIT,0.0756
245,TRUMP_USDT,SHORT,StochasticRSI(FAST_SCALP-SHORT),2,0.2,1.799,1.795,1.795,1.807,2026-07-03 17:29:59 UTC,2026-07-03 17:32:57 UTC,177.02,0.3598,0.0048,0.0,0.0008,0.08,16.68,MIN_PROFIT_TP_HIT,0.0764
246,TRUMP_USDT,LONG,StochasticRSI(FAST_SCALP-LONG),2,0.2,1.796,1.8,1.8,1.788,2026-07-03 17:35:59 UTC,2026-07-03 17:44:45 UTC,525.0,0.3592,0.0048,0.0,0.0008,0.08,16.7,MIN_PROFIT_TP_HIT,0.0772
247,TRUMP_USDT,SHORT,StochasticRSI(FAST_SCALP-SHORT),2,0.2,1.792,1.788,1.788,1.8,2026-07-03 17:48:59 UTC,2026-07-03 18:03:00 UTC,840.6,0.3584,0.0048,0.0,0.0008,0.08,16.74,MIN_PROFIT_TP_HIT,0.078
248,TRUMP_USDT,LONG,StochasticRSI(FAST_SCALP-LONG),2,0.2,1.783,1.787,1.787,1.775,2026-07-03 18:11:59 UTC,2026-07-03 18:16:06 UTC,246.49,0.3566,0.0048,0.0,0.0008,0.08,16.83,MIN_PROFIT_TP_HIT,0.0788
249,TRUMP_USDT,SHORT,StochasticRSI(FAST_SCALP-SHORT),2,0.2,1.784,1.792,1.78,1.792,2026-07-03 18:17:59 UTC,2026-07-03 18:35:52 UTC,1072.46,0.3568,0.0048,0.0,-0.0016,-0.15,-33.63,STOP_LOSS_HIT,0.0772
250,TRUMP_USDT,SHORT,StochasticRSI(FAST_SCALP-SHORT),2,0.2,1.791,1.787,1.787,1.799,2026-07-03 18:40:59 UTC,2026-07-03 18:42:27 UTC,87.86,0.3582,0.0048,0.0,0.0008,0.08,16.75,MIN_PROFIT_TP_HIT,0.078
251,TRUMP_USDT,LONG,StochasticRSI(FAST_SCALP-LONG),2,0.2,1.785,1.789,1.789,1.777,2026-07-03 18:47:59 UTC,2026-07-03 18:56:31 UTC,511.18,0.357,0.0048,0.0,0.0008,0.08,16.81,MIN_PROFIT_TP_HIT,0.0788
252,TRUMP_USDT,SHORT,StochasticRSI(FAST_SCALP-SHORT),2,0.2,1.789,1.785,1.785,1.797,2026-07-03 18:58:59 UTC,2026-07-03 19:00:14 UTC,74.88,0.3578,0.0048,0.0,0.0008,0.08,16.77,MIN_PROFIT_TP_HIT,0.0796
253,TRUMP_USDT,LONG,StochasticRSI(FAST_SCALP-LONG),2,0.2,1.788,1.792,1.792,1.78,2026-07-03 19:04:59 UTC,2026-07-03 19:16:09 UTC,669.56,0.3576,0.0048,0.0,0.0008,0.08,16.78,MIN_PROFIT_TP_HIT,0.0804
254,TRUMP_USDT,SHORT,StochasticRSI(FAST_SCALP-SHORT),2,0.2,1.797,1.805,1.793,1.805,2026-07-03 19:20:59 UTC,2026-07-03 19:27:02 UTC,362.88,0.3594,0.0048,0.0,-0.0016,-0.15,-33.39,STOP_LOSS_HIT,0.0788
255,TRUMP_USDT,SHORT,StochasticRSI(FAST_SCALP-SHORT),2,0.2,1.807,1.803,1.803,1.815,2026-07-03 19:29:59 UTC,2026-07-03 19:32:26 UTC,146.51,0.3614,0.0048,0.0,0.0008,0.08,16.6,MIN_PROFIT_TP_HIT,0.0796
256,TRUMP_USDT,LONG,StochasticRSI(FAST_SCALP-LONG),2,0.2,1.801,1.793,1.805,1.793,2026-07-03 19:39:59 UTC,2026-07-03 19:46:19 UTC,379.78,0.3602,0.0048,0.0,-0.0016,-0.15,-33.31,STOP_LOSS_HIT,0.078
257,TRUMP_USDT,LONG,StochasticRSI(FAST_SCALP-LONG),2,0.2,1.794,1.798,1.798,1.786,2026-07-03 19:49:59 UTC,2026-07-03 19:58:31 UTC,511.8,0.3588,0.0048,0.0,0.0008,0.08,16.72,MIN_PROFIT_TP_HIT,0.0788
258,TRUMP_USDT,SHORT,StochasticRSI(FAST_SCALP-SHORT),2,0.2,1.792,1.8,1.788,1.8,2026-07-03 20:01:59 UTC,2026-07-03 20:19:12 UTC,1032.07,0.3584,0.0048,0.0,-0.0016,-0.15,-33.48,STOP_LOSS_HIT,0.0772
259,TRUMP_USDT,SHORT,StochasticRSI(FAST_SCALP-SHORT),2,0.2,1.795,1.803,1.791,1.803,2026-07-03 20:22:59 UTC,2026-07-03 20:31:48 UTC,528.93,0.359,0.0048,0.0,-0.0016,-0.15,-33.43,STOP_LOSS_HIT,0.0756
260,TRUMP_USDT,LONG,StochasticRSI(FAST_SCALP-LONG),2,0.2,1.808,1.8,1.812,1.8,2026-07-03 20:36:59 UTC,2026-07-03 20:40:44 UTC,224.28,0.3616,0.0048,0.0,-0.0016,-0.15,-33.19,STOP_LOSS_HIT,0.074
261,TRUMP_USDT,LONG,StochasticRSI(FAST_SCALP-LONG),2,0.2,1.802,1.794,1.806,1.794,2026-07-03 20:46:59 UTC,2026-07-03 20:57:37 UTC,637.69,0.3604,0.0048,0.0,-0.0016,-0.15,-33.3,STOP_LOSS_HIT,0.0724
262,TRUMP_USDT,LONG,StochasticRSI(FAST_SCALP-LONG),2,0.2,1.795,1.799,1.799,1.787,2026-07-03 20:58:59 UTC,2026-07-03 21:01:31 UTC,151.92,0.359,0.0048,0.0,0.0008,0.08,16.71,MIN_PROFIT_TP_HIT,0.0732
263,TRUMP_USDT,SHORT,StochasticRSI(FAST_SCALP-SHORT),2,0.2,1.799,1.795,1.795,1.807,2026-07-03 21:08:59 UTC,2026-07-03 21:14:12 UTC,312.74,0.3598,0.0048,0.0,0.0008,0.08,16.68,MIN_PROFIT_TP_HIT,0.074
264,TRUMP_USDT,LONG,StochasticRSI(FAST_SCALP-LONG),2,0.2,1.795,1.787,1.799,1.787,2026-07-03 21:21:59 UTC,2026-07-03 21:35:05 UTC,785.04,0.359,0.0048,0.0,-0.0016,-0.15,-33.43,STOP_LOSS_HIT,0.0724
265,TRUMP_USDT,LONG,StochasticRSI(FAST_SCALP-LONG),2,0.2,1.785,1.789,1.789,1.777,2026-07-03 21:40:59 UTC,2026-07-03 21:51:00 UTC,600.78,0.357,0.0048,0.0,0.0008,0.08,16.81,MIN_PROFIT_TP_HIT,0.0732
266,TRUMP_USDT,SHORT,StochasticRSI(FAST_SCALP-SHORT),2,0.2,1.791,1.787,1.787,1.799,2026-07-03 21:56:59 UTC,2026-07-03 22:06:40 UTC,580.85,0.3582,0.0048,0.0,0.0008,0.08,16.75,MIN_PROFIT_TP_HIT,0.074
267,TRUMP_USDT,LONG,StochasticRSI(FAST_SCALP-LONG),2,0.2,1.785,1.777,1.789,1.777,2026-07-03 22:09:59 UTC,2026-07-03 22:38:16 UTC,1696.25,0.357,0.0048,0.0,-0.0016,-0.15,-33.61,STOP_LOSS_HIT,0.0724
268,TRUMP_USDT,LONG,StochasticRSI(FAST_SCALP-LONG),2,0.2,1.775,1.767,1.779,1.767,2026-07-03 22:43:59 UTC,2026-07-03 23:26:11 UTC,2531.71,0.355,0.0047,0.0,-0.0016,-0.15,-33.8,STOP_LOSS_HIT,0.0708
269,TRUMP_USDT,LONG,StochasticRSI(FAST_SCALP-LONG),2,0.2,1.768,1.772,1.772,1.76,2026-07-03 23:28:59 UTC,2026-07-03 23:37:54 UTC,534.27,0.3536,0.0047,0.0,0.0008,0.08,16.97,MIN_PROFIT_TP_HIT,0.0716
270,TRUMP_USDT,SHORT,StochasticRSI(FAST_SCALP-SHORT),2,0.2,1.774,1.782,1.77,1.782,2026-07-03 23:43:59 UTC,2026-07-03 23:45:57 UTC,117.09,0.3548,0.0047,0.0,-0.0016,-0.15,-33.82,STOP_LOSS_HIT,0.07
271,TRUMP_USDT,LONG,StochasticRSI(FAST_SCALP-LONG),2,0.2,1.787,1.791,1.791,1.779,2026-07-03 23:58:59 UTC,2026-07-03 23:59:28 UTC,28.42,0.3574,0.0048,0.0,0.0008,0.08,16.79,MIN_PROFIT_TP_HIT,0.0708
272,TRUMP_USDT,SHORT,StochasticRSI(FAST_SCALP-SHORT),2,0.2,1.799,1.795,1.795,1.807,2026-07-04 00:06:59 UTC,2026-07-04 00:08:28 UTC,88.91,0.3598,0.0048,0.0,0.0008,0.08,16.68,MIN_PROFIT_TP_HIT,0.0716
273,TRUMP_USDT,LONG,StochasticRSI(FAST_SCALP-LONG),2,0.2,1.792,1.796,1.796,1.784,2026-07-04 00:12:59 UTC,2026-07-04 00:13:28 UTC,28.22,0.3584,0.0048,0.0,0.0008,0.08,16.74,MIN_PROFIT_TP_HIT,0.0724
274,TRUMP_USDT,LONG,StochasticRSI(FAST_SCALP-LONG),2,0.2,1.785,1.789,1.789,1.777,2026-07-04 00:23:59 UTC,2026-07-04 00:24:13 UTC,13.29,0.357,0.0048,0.0,0.0008,0.08,16.81,MIN_PROFIT_TP_HIT,0.0732
275,TRUMP_USDT,LONG,StochasticRSI(FAST_SCALP-LONG),2,0.2,1.784,1.788,1.788,1.776,2026-07-04 00:26:59 UTC,2026-07-04 00:28:29 UTC,89.29,0.3568,0.0048,0.0,0.0008,0.08,16.82,MIN_PROFIT_TP_HIT,0.074
276,TRUMP_USDT,SHORT,StochasticRSI(FAST_SCALP-SHORT),2,0.2,1.787,1.783,1.783,1.795,2026-07-04 00:32:59 UTC,2026-07-04 00:36:15 UTC,195.25,0.3574,0.0048,0.0,0.0008,0.08,16.79,MIN_PROFIT_TP_HIT,0.0748
277,TRUMP_USDT,SHORT,StochasticRSI(FAST_SCALP-SHORT),2,0.2,1.786,1.782,1.782,1.794,2026-07-04 00:45:59 UTC,2026-07-04 00:46:38 UTC,38.72,0.3572,0.0048,0.0,0.0008,0.08,16.8,MIN_PROFIT_TP_HIT,0.0756
278,TRUMP_USDT,SHORT,StochasticRSI(FAST_SCALP-SHORT),2,0.2,1.78,1.776,1.776,1.788,2026-07-04 01:01:59 UTC,2026-07-04 01:02:21 UTC,21.3,0.356,0.0047,0.0,0.0008,0.08,16.85,MIN_PROFIT_TP_HIT,0.0764
279,TRUMP_USDT,LONG,StochasticRSI(FAST_SCALP-LONG),2,0.2,1.778,1.782,1.782,1.77,2026-07-04 01:04:59 UTC,2026-07-04 01:08:42 UTC,222.97,0.3556,0.0047,0.0,0.0008,0.08,16.87,MIN_PROFIT_TP_HIT,0.0772
280,TRUMP_USDT,SHORT,StochasticRSI(FAST_SCALP-SHORT),2,0.2,1.785,1.781,1.781,1.793,2026-07-04 01:20:59 UTC,2026-07-04 01:22:07 UTC,67.08,0.357,0.0048,0.0,0.0008,0.08,16.81,MIN_PROFIT_TP_HIT,0.078
281,TRUMP_USDT,LONG,StochasticRSI(FAST_SCALP-LONG),2,0.2,1.775,1.767,1.779,1.767,2026-07-04 01:29:59 UTC,2026-07-04 01:40:55 UTC,655.49,0.355,0.0047,0.0,-0.0016,-0.15,-33.8,STOP_LOSS_HIT,0.0764
282,TRUMP_USDT,LONG,StochasticRSI(FAST_SCALP-LONG),2,0.2,1.77,1.762,1.774,1.762,2026-07-04 01:42:59 UTC,2026-07-04 01:45:13 UTC,133.68,0.354,0.0047,0.0,-0.0016,-0.15,-33.9,STOP_LOSS_HIT,0.0748
283,TRUMP_USDT,LONG,StochasticRSI(FAST_SCALP-LONG),2,0.2,1.762,1.766,1.766,1.754,2026-07-04 01:49:59 UTC,2026-07-04 01:50:48 UTC,48.44,0.3524,0.0047,0.0,0.0008,0.08,17.03,MIN_PROFIT_TP_HIT,0.0756
284,TRUMP_USDT,SHORT,StochasticRSI(FAST_SCALP-SHORT),2,0.2,1.763,1.771,1.759,1.771,2026-07-04 01:53:59 UTC,2026-07-04 02:09:10 UTC,910.46,0.3526,0.0047,0.0,-0.0016,-0.15,-34.03,STOP_LOSS_HIT,0.074
285,TRUMP_USDT,SHORT,StochasticRSI(FAST_SCALP-SHORT),2,0.2,1.775,1.783,1.771,1.783,2026-07-04 02:14:59 UTC,2026-07-04 03:01:03 UTC,2763.33,0.355,0.0047,0.0,-0.0016,-0.15,-33.8,STOP_LOSS_HIT,0.0724
286,TRUMP_USDT,SHORT,StochasticRSI(FAST_SCALP-SHORT),2,0.2,1.778,1.774,1.774,1.786,2026-07-04 03:03:59 UTC,2026-07-04 03:06:45 UTC,165.9,0.3556,0.0047,0.0,0.0008,0.08,16.87,MIN_PROFIT_TP_HIT,0.0732
287,TRUMP_USDT,LONG,StochasticRSI(FAST_SCALP-LONG),2,0.2,1.779,1.783,1.783,1.771,2026-07-04 03:10:59 UTC,2026-07-04 03:13:22 UTC,142.55,0.3558,0.0047,0.0,0.0008,0.08,16.86,MIN_PROFIT_TP_HIT,0.074
288,TRUMP_USDT,SHORT,StochasticRSI(FAST_SCALP-SHORT),2,0.2,1.784,1.78,1.78,1.792,2026-07-04 03:18:59 UTC,2026-07-04 03:25:07 UTC,367.97,0.3568,0.0048,0.0,0.0008,0.08,16.82,MIN_PROFIT_TP_HIT,0.0748
289,TRUMP_USDT,LONG,StochasticRSI(FAST_SCALP-LONG),2,0.2,1.786,1.79,1.79,1.778,2026-07-04 03:26:59 UTC,2026-07-04 03:33:30 UTC,390.24,0.3572,0.0048,0.0,0.0008,0.08,16.8,MIN_PROFIT_TP_HIT,0.0756
290,TRUMP_USDT,SHORT,StochasticRSI(FAST_SCALP-SHORT),2,0.2,1.788,1.784,1.784,1.796,2026-07-04 03:36:59 UTC,2026-07-04 03:52:04 UTC,904.8,0.3576,0.0048,0.0,0.0008,0.08,16.78,MIN_PROFIT_TP_HIT,0.0764
291,TRUMP_USDT,LONG,StochasticRSI(FAST_SCALP-LONG),2,0.2,1.785,1.789,1.789,1.777,2026-07-04 03:53:59 UTC,2026-07-04 04:06:48 UTC,768.79,0.357,0.0048,0.0,0.0008,0.08,16.81,MIN_PROFIT_TP_HIT,0.0772
292,TRUMP_USDT,SHORT,StochasticRSI(FAST_SCALP-SHORT),2,0.2,1.788,1.784,1.784,1.796,2026-07-04 04:09:59 UTC,2026-07-04 04:15:12 UTC,312.65,0.3576,0.0048,0.0,0.0008,0.08,16.78,MIN_PROFIT_TP_HIT,0.078
293,TRUMP_USDT,LONG,StochasticRSI(FAST_SCALP-LONG),2,0.2,1.784,1.788,1.788,1.776,2026-07-04 04:22:59 UTC,2026-07-04 04:25:01 UTC,121.06,0.3568,0.0048,0.0,0.0008,0.08,16.82,MIN_PROFIT_TP_HIT,0.0788
294,TRUMP_USDT,SHORT,StochasticRSI(FAST_SCALP-SHORT),2,0.2,1.786,1.794,1.782,1.794,2026-07-04 04:30:59 UTC,2026-07-04 04:33:37 UTC,157.37,0.3572,0.0048,0.0,-0.0016,-0.15,-33.59,STOP_LOSS_HIT,0.0772
295,TRUMP_USDT,SHORT,StochasticRSI(FAST_SCALP-SHORT),2,0.2,1.789,1.797,1.785,1.797,2026-07-04 04:35:59 UTC,2026-07-04 04:40:38 UTC,278.65,0.3578,0.0048,0.0,-0.0016,-0.15,-33.54,STOP_LOSS_HIT,0.0756
296,TRUMP_USDT,SHORT,StochasticRSI(FAST_SCALP-SHORT),2,0.2,1.795,1.791,1.791,1.803,2026-07-04 04:43:59 UTC,2026-07-04 05:00:06 UTC,966.05,0.359,0.0048,0.0,0.0008,0.08,16.71,MIN_PROFIT_TP_HIT,0.0764
297,TRUMP_USDT,LONG,StochasticRSI(FAST_SCALP-LONG),2,0.2,1.782,1.786,1.786,1.774,2026-07-04 05:05:59 UTC,2026-07-04 05:07:25 UTC,85.89,0.3564,0.0048,0.0,0.0008,0.08,16.84,MIN_PROFIT_TP_HIT,0.0772
298,TRUMP_USDT,SHORT,StochasticRSI(FAST_SCALP-SHORT),2,0.2,1.786,1.782,1.782,1.794,2026-07-04 05:18:59 UTC,2026-07-04 05:25:01 UTC,361.33,0.3572,0.0048,0.0,0.0008,0.08,16.8,MIN_PROFIT_TP_HIT,0.078
299,TRUMP_USDT,LONG,StochasticRSI(FAST_SCALP-LONG),2,0.2,1.782,1.786,1.786,1.774,2026-07-04 05:28:59 UTC,2026-07-04 05:30:32 UTC,92.78,0.3564,0.0048,0.0,0.0008,0.08,16.84,MIN_PROFIT_TP_HIT,0.0788
300,TRUMP_USDT,SHORT,StochasticRSI(FAST_SCALP-SHORT),2,0.2,1.784,1.78,1.78,1.792,2026-07-04 05:34:59 UTC,2026-07-04 06:22:20 UTC,2840.75,0.3568,0.0048,0.0,0.0008,0.08,16.82,MIN_PROFIT_TP_HIT,0.0796
301,TRUMP_USDT,LONG,StochasticRSI(FAST_SCALP-LONG),2,0.2,1.773,1.777,1.777,1.765,2026-07-04 06:29:59 UTC,2026-07-04 06:48:58 UTC,1138.54,0.3546,0.0047,0.0,0.0008,0.08,16.92,MIN_PROFIT_TP_HIT,0.0804
302,TRUMP_USDT,SHORT,StochasticRSI(FAST_SCALP-SHORT),2,0.2,1.776,1.772,1.772,1.784,2026-07-04 06:50:59 UTC,2026-07-04 07:05:29 UTC,869.28,0.3552,0.0047,0.0,0.0008,0.08,16.89,MIN_PROFIT_TP_HIT,0.0812
303,TRUMP_USDT,LONG,StochasticRSI(FAST_SCALP-LONG),2,0.2,1.773,1.777,1.777,1.765,2026-07-04 07:07:59 UTC,2026-07-04 07:14:51 UTC,411.52,0.3546,0.0047,0.0,0.0008,0.08,16.92,MIN_PROFIT_TP_HIT,0.082
304,TRUMP_USDT,LONG,StochasticRSI(FAST_SCALP-LONG),2,0.2,1.773,1.777,1.777,1.765,2026-07-04 07:20:59 UTC,2026-07-04 08:23:28 UTC,3748.84,0.3546,0.0047,0.0,0.0008,0.08,16.92,MIN_PROFIT_TP_HIT,0.0828
305,TRUMP_USDT,SHORT,StochasticRSI(FAST_SCALP-SHORT),2,0.2,1.775,1.771,1.771,1.783,2026-07-04 08:27:59 UTC,2026-07-04 08:55:17 UTC,1637.17,0.355,0.0047,0.0,0.0008,0.08,16.9,MIN_PROFIT_TP_HIT,0.0836
306,TRUMP_USDT,LONG,StochasticRSI(FAST_SCALP-LONG),2,0.2,1.773,1.777,1.777,1.765,2026-07-04 08:59:59 UTC,2026-07-04 09:11:54 UTC,714.54,0.3546,0.0047,0.0,0.0008,0.08,16.92,MIN_PROFIT_TP_HIT,0.0844
307,TRUMP_USDT,SHORT,StochasticRSI(FAST_SCALP-SHORT),2,0.2,1.778,1.774,1.774,1.786,2026-07-04 09:18:59 UTC,2026-07-04 09:23:26 UTC,266.06,0.3556,0.0047,0.0,0.0008,0.08,16.87,MIN_PROFIT_TP_HIT,0.0852
308,TRUMP_USDT,LONG,StochasticRSI(FAST_SCALP-LONG),2,0.2,1.769,1.761,1.773,1.761,2026-07-04 09:30:59 UTC,2026-07-04 09:37:03 UTC,363.58,0.3538,0.0047,0.0,-0.0016,-0.15,-33.92,STOP_LOSS_HIT,0.0836
309,TRUMP_USDT,LONG,StochasticRSI(FAST_SCALP-LONG),2,0.2,1.763,1.767,1.767,1.755,2026-07-04 09:38:59 UTC,2026-07-04 09:40:48 UTC,108.06,0.3526,0.0047,0.0,0.0008,0.08,17.02,MIN_PROFIT_TP_HIT,0.0844
310,TRUMP_USDT,SHORT,StochasticRSI(FAST_SCALP-SHORT),2,0.2,1.765,1.773,1.761,1.773,2026-07-04 09:44:59 UTC,2026-07-04 11:34:55 UTC,6595.08,0.353,0.0047,0.0,-0.0016,-0.15,-33.99,STOP_LOSS_HIT,0.0828
311,TRUMP_USDT,SHORT,StochasticRSI(FAST_SCALP-SHORT),2,0.2,1.771,1.779,1.767,1.779,2026-07-04 11:37:59 UTC,2026-07-04 12:49:29 UTC,4289.33,0.3542,0.0047,0.0,-0.0016,-0.15,-33.88,STOP_LOSS_HIT,0.0812
312,TRUMP_USDT,SHORT,StochasticRSI(FAST_SCALP-SHORT),2,0.2,1.778,1.786,1.774,1.786,2026-07-04 12:55:59 UTC,2026-07-04 14:06:21 UTC,4221.74,0.3556,0.0047,0.0,-0.0016,-0.15,-33.75,STOP_LOSS_HIT,0.0796
313,TRUMP_USDT,SHORT,StochasticRSI(FAST_SCALP-SHORT),2,0.2,1.785,1.793,1.781,1.793,2026-07-04 14:09:59 UTC,2026-07-04 14:41:04 UTC,1864.7,0.357,0.0048,0.0,-0.0016,-0.15,-33.61,STOP_LOSS_HIT,0.078
314,TRUMP_USDT,SHORT,StochasticRSI(FAST_SCALP-SHORT),2,0.2,1.792,1.8,1.788,1.8,2026-07-04 14:45:59 UTC,2026-07-04 15:09:46 UTC,1426.55,0.3584,0.0048,0.0,-0.0016,-0.15,-33.48,STOP_LOSS_HIT,0.0764
315,TRUMP_USDT,SHORT,StochasticRSI(FAST_SCALP-SHORT),2,0.2,1.8,1.808,1.796,1.808,2026-07-04 15:13:59 UTC,2026-07-04 15:33:10 UTC,1150.08,0.36,0.0048,0.0,-0.0016,-0.15,-33.33,STOP_LOSS_HIT,0.0748
316,TRUMP_USDT,SHORT,StochasticRSI(FAST_SCALP-SHORT),2,0.2,1.814,1.822,1.81,1.822,2026-07-04 15:37:59 UTC,2026-07-04 15:38:24 UTC,24.5,0.3628,0.0048,0.0,-0.0016,-0.15,-33.08,STOP_LOSS_HIT,0.0732
317,TRUMP_USDT,LONG,StochasticRSI(FAST_SCALP-LONG),2,0.2,1.813,1.805,1.817,1.805,2026-07-04 15:45:59 UTC,2026-07-04 16:00:45 UTC,885.08,0.3626,0.0048,0.0,-0.0016,-0.15,-33.09,STOP_LOSS_HIT,0.0716
318,TRUMP_USDT,SHORT,StochasticRSI(FAST_SCALP-SHORT),2,0.2,1.812,1.808,1.808,1.82,2026-07-04 16:06:59 UTC,2026-07-04 16:10:53 UTC,233.21,0.3624,0.0048,0.0,0.0008,0.08,16.56,MIN_PROFIT_TP_HIT,0.0724
319,TRUMP_USDT,LONG,StochasticRSI(FAST_SCALP-LONG),2,0.2,1.805,1.809,1.809,1.797,2026-07-04 16:14:59 UTC,2026-07-04 16:18:26 UTC,206.9,0.361,0.0048,0.0,0.0008,0.08,16.62,MIN_PROFIT_TP_HIT,0.0732
320,TRUMP_USDT,SHORT,StochasticRSI(FAST_SCALP-SHORT),2,0.2,1.815,1.823,1.811,1.823,2026-07-04 16:22:59 UTC,2026-07-04 16:43:27 UTC,1227.04,0.363,0.0048,0.0,-0.0016,-0.15,-33.06,STOP_LOSS_HIT,0.0716
321,TRUMP_USDT,SHORT,StochasticRSI(FAST_SCALP-SHORT),2,0.2,1.837,1.833,1.833,1.845,2026-07-04 16:50:59 UTC,2026-07-04 16:51:53 UTC,53.13,0.3674,0.0049,0.0,0.0008,0.08,16.33,MIN_PROFIT_TP_HIT,0.0724
322,TRUMP_USDT,LONG,StochasticRSI(FAST_SCALP-LONG),2,0.2,1.828,1.832,1.832,1.82,2026-07-04 16:57:59 UTC,2026-07-04 17:03:05 UTC,305.17,0.3656,0.0049,0.0,0.0008,0.08,16.41,MIN_PROFIT_TP_HIT,0.0732
323,TRUMP_USDT,SHORT,StochasticRSI(FAST_SCALP-SHORT),2,0.2,1.847,1.843,1.843,1.855,2026-07-04 17:07:59 UTC,2026-07-04 17:09:07 UTC,67.84,0.3694,0.0049,0.0,0.0008,0.08,16.24,MIN_PROFIT_TP_HIT,0.074
324,TRUMP_USDT,LONG,StochasticRSI(FAST_SCALP-LONG),2,0.2,1.833,1.825,1.837,1.825,2026-07-04 17:22:59 UTC,2026-07-04 17:24:41 UTC,101.8,0.3666,0.0049,0.0,-0.0016,-0.15,-32.73,STOP_LOSS_HIT,0.0724
325,TRUMP_USDT,LONG,StochasticRSI(FAST_SCALP-LONG),2,0.2,1.831,1.835,1.835,1.823,2026-07-04 17:26:59 UTC,2026-07-04 17:28:02 UTC,62.6,0.3662,0.0049,0.0,0.0008,0.08,16.38,MIN_PROFIT_TP_HIT,0.0732
326,TRUMP_USDT,SHORT,StochasticRSI(FAST_SCALP-SHORT),2,0.2,1.835,1.843,1.831,1.843,2026-07-04 17:31:59 UTC,2026-07-04 17:33:07 UTC,67.74,0.367,0.0049,0.0,-0.0016,-0.15,-32.7,STOP_LOSS_HIT,0.0716
327,TRUMP_USDT,SHORT,StochasticRSI(FAST_SCALP-SHORT),2,0.2,1.835,1.831,1.831,1.843,2026-07-04 17:35:59 UTC,2026-07-04 17:37:19 UTC,79.93,0.367,0.0049,0.0,0.0008,0.08,16.35,MIN_PROFIT_TP_HIT,0.0724
328,TRUMP_USDT,LONG,StochasticRSI(FAST_SCALP-LONG),2,0.2,1.828,1.832,1.832,1.82,2026-07-04 17:40:59 UTC,2026-07-04 17:43:04 UTC,124.74,0.3656,0.0049,0.0,0.0008,0.08,16.41,MIN_PROFIT_TP_HIT,0.0732
329,TRUMP_USDT,SHORT,StochasticRSI(FAST_SCALP-SHORT),2,0.2,1.843,1.851,1.839,1.851,2026-07-04 17:54:59 UTC,2026-07-04 17:56:24 UTC,84.47,0.3686,0.0049,0.0,-0.0016,-0.15,-32.56,STOP_LOSS_HIT,0.0716
330,TRUMP_USDT,SHORT,StochasticRSI(FAST_SCALP-SHORT),2,0.2,1.855,1.851,1.851,1.863,2026-07-04 17:58:59 UTC,2026-07-04 18:03:04 UTC,244.72,0.371,0.0049,0.0,0.0008,0.08,16.17,MIN_PROFIT_TP_HIT,0.0724
331,TRUMP_USDT,LONG,StochasticRSI(FAST_SCALP-LONG),2,0.2,1.856,1.86,1.86,1.848,2026-07-04 18:06:59 UTC,2026-07-04 18:23:23 UTC,983.25,0.3712,0.0049,0.0,0.0008,0.08,16.16,MIN_PROFIT_TP_HIT,0.0732
332,TRUMP_USDT,SHORT,StochasticRSI(FAST_SCALP-SHORT),2,0.2,1.866,1.862,1.862,1.874,2026-07-04 18:25:59 UTC,2026-07-04 18:26:07 UTC,7.06,0.3732,0.005,0.0,0.0008,0.08,16.08,MIN_PROFIT_TP_HIT,0.074
333,TRUMP_USDT,LONG,StochasticRSI(FAST_SCALP-LONG),2,0.2,1.846,1.838,1.85,1.838,2026-07-04 18:34:59 UTC,2026-07-04 18:38:09 UTC,189.19,0.3692,0.0049,0.0,-0.0016,-0.15,-32.5,STOP_LOSS_HIT,0.0724
334,TRUMP_USDT,LONG,StochasticRSI(FAST_SCALP-LONG),2,0.2,1.84,1.844,1.844,1.832,2026-07-04 18:41:59 UTC,2026-07-04 19:00:44 UTC,1124.28,0.368,0.0049,0.0,0.0008,0.08,16.3,MIN_PROFIT_TP_HIT,0.0732
335,TRUMP_USDT,SHORT,StochasticRSI(FAST_SCALP-SHORT),2,0.2,1.858,1.854,1.854,1.866,2026-07-04 19:03:59 UTC,2026-07-04 19:04:05 UTC,5.27,0.3716,0.005,0.0,0.0008,0.08,16.15,MIN_PROFIT_TP_HIT,0.074
336,TRUMP_USDT,LONG,StochasticRSI(FAST_SCALP-LONG),2,0.2,1.842,1.834,1.846,1.834,2026-07-04 19:11:59 UTC,2026-07-04 19:13:13 UTC,73.52,0.3684,0.0049,0.0,-0.0016,-0.15,-32.57,STOP_LOSS_HIT,0.0724
337,TRUMP_USDT,LONG,StochasticRSI(FAST_SCALP-LONG),2,0.2,1.837,1.841,1.841,1.829,2026-07-04 19:15:59 UTC,2026-07-04 19:17:27 UTC,87.88,0.3674,0.0049,0.0,0.0008,0.08,16.33,MIN_PROFIT_TP_HIT,0.0732
338,TRUMP_USDT,SHORT,StochasticRSI(FAST_SCALP-SHORT),2,0.2,1.844,1.84,1.84,1.852,2026-07-04 19:25:59 UTC,2026-07-04 19:31:51 UTC,351.28,0.3688,0.0049,0.0,0.0008,0.08,16.27,MIN_PROFIT_TP_HIT,0.074
339,TRUMP_USDT,LONG,StochasticRSI(FAST_SCALP-LONG),2,0.2,1.842,1.834,1.846,1.834,2026-07-04 19:35:59 UTC,2026-07-04 19:46:35 UTC,635.24,0.3684,0.0049,0.0,-0.0016,-0.15,-32.57,STOP_LOSS_HIT,0.0724
340,TRUMP_USDT,LONG,StochasticRSI(FAST_SCALP-LONG),2,0.2,1.837,1.829,1.841,1.829,2026-07-04 19:49:59 UTC,2026-07-04 20:01:34 UTC,694.05,0.3674,0.0049,0.0,-0.0016,-0.15,-32.66,STOP_LOSS_HIT,0.0708
341,TRUMP_USDT,LONG,StochasticRSI(FAST_SCALP-LONG),2,0.2,1.834,1.826,1.838,1.826,2026-07-04 20:04:59 UTC,2026-07-04 20:18:15 UTC,795.33,0.3668,0.0049,0.0,-0.0016,-0.15,-32.72,STOP_LOSS_HIT,0.0692
342,TRUMP_USDT,LONG,StochasticRSI(FAST_SCALP-LONG),2,0.2,1.821,1.825,1.825,1.813,2026-07-04 20:20:59 UTC,2026-07-04 20:35:54 UTC,894.35,0.3642,0.0049,0.0,0.0008,0.08,16.47,MIN_PROFIT_TP_HIT,0.07
343,TRUMP_USDT,SHORT,StochasticRSI(FAST_SCALP-SHORT),2,0.2,1.827,1.823,1.823,1.835,2026-07-04 20:38:59 UTC,2026-07-04 20:43:04 UTC,244.77,0.3654,0.0049,0.0,0.0008,0.08,16.42,MIN_PROFIT_TP_HIT,0.0708
344,TRUMP_USDT,LONG,StochasticRSI(FAST_SCALP-LONG),2,0.2,1.829,1.833,1.833,1.821,2026-07-04 20:46:59 UTC,2026-07-04 20:50:30 UTC,210.38,0.3658,0.0049,0.0,0.0008,0.08,16.4,MIN_PROFIT_TP_HIT,0.0716
345,TRUMP_USDT,SHORT,StochasticRSI(FAST_SCALP-SHORT),2,0.2,1.839,1.835,1.835,1.847,2026-07-04 20:52:59 UTC,2026-07-04 20:53:28 UTC,28.81,0.3678,0.0049,0.0,0.0008,0.08,16.31,MIN_PROFIT_TP_HIT,0.0724
346,TRUMP_USDT,LONG,StochasticRSI(FAST_SCALP-LONG),2,0.2,1.844,1.848,1.848,1.836,2026-07-04 20:57:59 UTC,2026-07-04 20:58:29 UTC,29.08,0.3688,0.0049,0.0,0.0008,0.08,16.27,MIN_PROFIT_TP_HIT,0.0732
347,TRUMP_USDT,SHORT,StochasticRSI(FAST_SCALP-SHORT),2,0.2,1.85,1.846,1.846,1.858,2026-07-04 21:05:59 UTC,2026-07-04 21:06:31 UTC,31.46,0.37,0.0049,0.0,0.0008,0.08,16.22,MIN_PROFIT_TP_HIT,0.074
348,TRUMP_USDT,LONG,StochasticRSI(FAST_SCALP-LONG),2,0.2,1.844,1.848,1.848,1.836,2026-07-04 21:10:59 UTC,2026-07-04 21:13:00 UTC,120.1,0.3688,0.0049,0.0,0.0008,0.08,16.27,MIN_PROFIT_TP_HIT,0.0748
349,TRUMP_USDT,SHORT,StochasticRSI(FAST_SCALP-SHORT),2,0.2,1.855,1.851,1.851,1.863,2026-07-04 21:19:59 UTC,2026-07-04 21:39:25 UTC,1165.94,0.371,0.0049,0.0,0.0008,0.08,16.17,MIN_PROFIT_TP_HIT,0.0756
350,TRUMP_USDT,LONG,StochasticRSI(FAST_SCALP-LONG),2,0.2,1.85,1.842,1.854,1.842,2026-07-04 21:43:59 UTC,2026-07-04 21:51:52 UTC,472.04,0.37,0.0049,0.0,-0.0016,-0.15,-32.43,STOP_LOSS_HIT,0.074
351,TRUMP_USDT,LONG,StochasticRSI(FAST_SCALP-LONG),2,0.2,1.842,1.834,1.846,1.834,2026-07-04 21:54:59 UTC,2026-07-04 21:59:03 UTC,243.08,0.3684,0.0049,0.0,-0.0016,-0.15,-32.57,STOP_LOSS_HIT,0.0724
352,TRUMP_USDT,LONG,StochasticRSI(FAST_SCALP-LONG),2,0.2,1.826,1.83,1.83,1.818,2026-07-04 22:04:59 UTC,2026-07-04 22:05:50 UTC,50.77,0.3652,0.0049,0.0,0.0008,0.08,16.43,MIN_PROFIT_TP_HIT,0.0732
353,TRUMP_USDT,SHORT,StochasticRSI(FAST_SCALP-SHORT),2,0.2,1.826,1.822,1.822,1.834,2026-07-04 22:11:59 UTC,2026-07-04 22:19:16 UTC,436.63,0.3652,0.0049,0.0,0.0008,0.08,16.43,MIN_PROFIT_TP_HIT,0.074
354,TRUMP_USDT,SHORT,StochasticRSI(FAST_SCALP-SHORT),2,0.2,1.821,1.817,1.817,1.829,2026-07-04 22:33:59 UTC,2026-07-04 22:45:01 UTC,661.22,0.3642,0.0049,0.0,0.0008,0.08,16.47,MIN_PROFIT_TP_HIT,0.0748
355,TRUMP_USDT,LONG,StochasticRSI(FAST_SCALP-LONG),2,0.2,1.824,1.828,1.828,1.816,2026-07-04 22:48:59 UTC,2026-07-04 22:57:25 UTC,505.38,0.3648,0.0049,0.0,0.0008,0.08,16.45,MIN_PROFIT_TP_HIT,0.0756
356,TRUMP_USDT,SHORT,StochasticRSI(FAST_SCALP-SHORT),2,0.2,1.824,1.82,1.82,1.832,2026-07-04 23:01:59 UTC,2026-07-04 23:14:36 UTC,756.24,0.3648,0.0049,0.0,0.0008,0.08,16.45,MIN_PROFIT_TP_HIT,0.0764
357,TRUMP_USDT,LONG,StochasticRSI(FAST_SCALP-LONG),2,0.2,1.815,1.819,1.819,1.807,2026-07-04 23:17:59 UTC,2026-07-04 23:19:38 UTC,98.23,0.363,0.0048,0.0,0.0008,0.08,16.53,MIN_PROFIT_TP_HIT,0.0772
358,TRUMP_USDT,SHORT,StochasticRSI(FAST_SCALP-SHORT),2,0.2,1.824,1.82,1.82,1.832,2026-07-04 23:24:59 UTC,2026-07-04 23:27:04 UTC,124.53,0.3648,0.0049,0.0,0.0008,0.08,16.45,MIN_PROFIT_TP_HIT,0.078
359,TRUMP_USDT,LONG,StochasticRSI(FAST_SCALP-LONG),2,0.2,1.821,1.825,1.825,1.813,2026-07-04 23:32:59 UTC,2026-07-05 00:19:08 UTC,2768.63,0.3642,0.0049,0.0,0.0008,0.08,16.47,MIN_PROFIT_TP_HIT,0.0788
360,TRUMP_USDT,SHORT,StochasticRSI(FAST_SCALP-SHORT),2,0.2,1.822,1.818,1.818,1.83,2026-07-05 00:22:59 UTC,2026-07-05 00:32:19 UTC,559.87,0.3644,0.0049,0.0,0.0008,0.08,16.47,MIN_PROFIT_TP_HIT,0.0796
361,TRUMP_USDT,LONG,StochasticRSI(FAST_SCALP-LONG),2,0.2,1.817,1.821,1.821,1.809,2026-07-05 00:36:59 UTC,2026-07-05 00:38:04 UTC,64.23,0.3634,0.0048,0.0,0.0008,0.08,16.51,MIN_PROFIT_TP_HIT,0.0804
362,TRUMP_USDT,SHORT,StochasticRSI(FAST_SCALP-SHORT),2,0.2,1.83,1.826,1.826,1.838,2026-07-05 00:47:59 UTC,2026-07-05 00:53:56 UTC,356.48,0.366,0.0049,0.0,0.0008,0.08,16.39,MIN_PROFIT_TP_HIT,0.0812
363,TRUMP_USDT,LONG,StochasticRSI(FAST_SCALP-LONG),2,0.2,1.826,1.83,1.83,1.818,2026-07-05 00:59:59 UTC,2026-07-05 01:03:59 UTC,239.17,0.3652,0.0049,0.0,0.0008,0.08,16.43,MIN_PROFIT_TP_HIT,0.082
364,TRUMP_USDT,SHORT,StochasticRSI(FAST_SCALP-SHORT),2,0.2,1.828,1.824,1.824,1.836,2026-07-05 01:06:59 UTC,2026-07-05 01:08:31 UTC,91.08,0.3656,0.0049,0.0,0.0008,0.08,16.41,MIN_PROFIT_TP_HIT,0.0828
365,TRUMP_USDT,LONG,StochasticRSI(FAST_SCALP-LONG),2,0.2,1.81,1.814,1.814,1.802,2026-07-05 01:21:59 UTC,2026-07-05 01:25:58 UTC,238.93,0.362,0.0048,0.0,0.0008,0.08,16.57,MIN_PROFIT_TP_HIT,0.0836
366,TRUMP_USDT,SHORT,StochasticRSI(FAST_SCALP-SHORT),2,0.2,1.815,1.811,1.811,1.823,2026-07-05 01:31:59 UTC,2026-07-05 01:33:40 UTC,100.28,0.363,0.0048,0.0,0.0008,0.08,16.53,MIN_PROFIT_TP_HIT,0.0844
367,TRUMP_USDT,LONG,StochasticRSI(FAST_SCALP-LONG),2,0.2,1.816,1.808,1.82,1.808,2026-07-05 01:39:59 UTC,2026-07-05 01:47:49 UTC,469.72,0.3632,0.0048,0.0,-0.0016,-0.15,-33.04,STOP_LOSS_HIT,0.0828
368,TRUMP_USDT,LONG,StochasticRSI(FAST_SCALP-LONG),2,0.2,1.813,1.817,1.817,1.805,2026-07-05 01:50:59 UTC,2026-07-05 01:58:42 UTC,462.07,0.3626,0.0048,0.0,0.0008,0.08,16.55,MIN_PROFIT_TP_HIT,0.0836
369,TRUMP_USDT,SHORT,StochasticRSI(FAST_SCALP-SHORT),2,0.2,1.809,1.805,1.805,1.817,2026-07-05 02:02:59 UTC,2026-07-05 02:07:16 UTC,256.11,0.3618,0.0048,0.0,0.0008,0.08,16.58,MIN_PROFIT_TP_HIT,0.0844
370,TRUMP_USDT,LONG,StochasticRSI(FAST_SCALP-LONG),2,0.2,1.81,1.802,1.814,1.802,2026-07-05 02:09:59 UTC,2026-07-05 02:11:38 UTC,98.5,0.362,0.0048,0.0,-0.0016,-0.15,-33.15,STOP_LOSS_HIT,0.0828
371,TRUMP_USDT,SHORT,StochasticRSI(FAST_SCALP-SHORT),2,0.2,1.792,1.788,1.788,1.8,2026-07-05 02:12:59 UTC,2026-07-05 02:13:12 UTC,12.51,0.3584,0.0048,0.0,0.0008,0.08,16.74,MIN_PROFIT_TP_HIT,0.0836
372,TRUMP_USDT,LONG,StochasticRSI(FAST_SCALP-LONG),2,0.2,1.793,1.797,1.797,1.785,2026-07-05 02:15:59 UTC,2026-07-05 02:19:00 UTC,180.56,0.3586,0.0048,0.0,0.0008,0.08,16.73,MIN_PROFIT_TP_HIT,0.0844
373,TRUMP_USDT,SHORT,StochasticRSI(FAST_SCALP-SHORT),2,0.2,1.795,1.791,1.791,1.803,2026-07-05 02:23:59 UTC,2026-07-05 02:25:03 UTC,63.4,0.359,0.0048,0.0,0.0008,0.08,16.71,MIN_PROFIT_TP_HIT,0.0852
374,TRUMP_USDT,SHORT,StochasticRSI(FAST_SCALP-SHORT),2,0.2,1.803,1.799,1.799,1.811,2026-07-05 02:37:59 UTC,2026-07-05 02:42:31 UTC,271.5,0.3606,0.0048,0.0,0.0008,0.08,16.64,MIN_PROFIT_TP_HIT,0.086
375,TRUMP_USDT,LONG,StochasticRSI(FAST_SCALP-LONG),2,0.2,1.791,1.783,1.795,1.783,2026-07-05 02:47:59 UTC,2026-07-05 02:48:52 UTC,52.42,0.3582,0.0048,0.0,-0.0016,-0.15,-33.5,STOP_LOSS_HIT,0.0844
376,TRUMP_USDT,LONG,StochasticRSI(FAST_SCALP-LONG),2,0.2,1.794,1.798,1.798,1.786,2026-07-05 02:50:59 UTC,2026-07-05 03:22:06 UTC,1866.62,0.3588,0.0048,0.0,0.0008,0.08,16.72,MIN_PROFIT_TP_HIT,0.0852
377,TRUMP_USDT,SHORT,StochasticRSI(FAST_SCALP-SHORT),2,0.2,1.796,1.792,1.792,1.804,2026-07-05 03:26:59 UTC,2026-07-05 03:28:33 UTC,93.69,0.3592,0.0048,0.0,0.0008,0.08,16.7,MIN_PROFIT_TP_HIT,0.086
378,TRUMP_USDT,LONG,StochasticRSI(FAST_SCALP-LONG),2,0.2,1.783,1.787,1.787,1.775,2026-07-05 03:34:59 UTC,2026-07-05 03:38:22 UTC,202.83,0.3566,0.0048,0.0,0.0008,0.08,16.83,MIN_PROFIT_TP_HIT,0.0868
379,TRUMP_USDT,SHORT,StochasticRSI(FAST_SCALP-SHORT),2,0.2,1.783,1.779,1.779,1.791,2026-07-05 03:42:59 UTC,2026-07-05 03:43:44 UTC,44.84,0.3566,0.0048,0.0,0.0008,0.08,16.83,MIN_PROFIT_TP_HIT,0.0876
380,TRUMP_USDT,LONG,StochasticRSI(FAST_SCALP-LONG),2,0.2,1.78,1.784,1.784,1.772,2026-07-05 03:46:59 UTC,2026-07-05 03:55:40 UTC,520.51,0.356,0.0047,0.0,0.0008,0.08,16.85,MIN_PROFIT_TP_HIT,0.0884
381,TRUMP_USDT,SHORT,StochasticRSI(FAST_SCALP-SHORT),2,0.2,1.771,1.767,1.767,1.779,2026-07-05 03:57:59 UTC,2026-07-05 03:58:23 UTC,23.62,0.3542,0.0047,0.0,0.0008,0.08,16.94,MIN_PROFIT_TP_HIT,0.0892
382,TRUMP_USDT,LONG,StochasticRSI(FAST_SCALP-LONG),2,0.2,1.744,1.748,1.748,1.736,2026-07-05 04:04:59 UTC,2026-07-05 04:05:03 UTC,3.33,0.3488,0.0047,0.0,0.0008,0.08,17.2,MIN_PROFIT_TP_HIT,0.09
383,TRUMP_USDT,SHORT,StochasticRSI(FAST_SCALP-SHORT),2,0.2,1.74,1.736,1.736,1.748,2026-07-05 04:10:59 UTC,2026-07-05 04:11:12 UTC,12.64,0.348,0.0046,0.0,0.0008,0.08,17.24,MIN_PROFIT_TP_HIT,0.0908
384,TRUMP_USDT,SHORT,StochasticRSI(FAST_SCALP-SHORT),2,0.2,1.74,1.736,1.736,1.748,2026-07-05 04:18:59 UTC,2026-07-05 04:52:26 UTC,2006.87,0.348,0.0046,0.0,0.0008,0.08,17.24,MIN_PROFIT_TP_HIT,0.0916
385,TRUMP_USDT,LONG,StochasticRSI(FAST_SCALP-LONG),2,0.2,1.738,1.742,1.742,1.73,2026-07-05 04:55:59 UTC,2026-07-05 04:57:46 UTC,106.46,0.3476,0.0046,0.0,0.0008,0.08,17.26,MIN_PROFIT_TP_HIT,0.0924
386,TRUMP_USDT,SHORT,StochasticRSI(FAST_SCALP-SHORT),2,0.2,1.738,1.734,1.734,1.746,2026-07-05 05:02:59 UTC,2026-07-05 05:07:38 UTC,278.94,0.3476,0.0046,0.0,0.0008,0.08,17.26,MIN_PROFIT_TP_HIT,0.0932
387,TRUMP_USDT,LONG,StochasticRSI(FAST_SCALP-LONG),2,0.2,1.736,1.74,1.74,1.728,2026-07-05 05:11:59 UTC,2026-07-05 05:15:07 UTC,187.82,0.3472,0.0046,0.0,0.0008,0.08,17.28,MIN_PROFIT_TP_HIT,0.094
388,TRUMP_USDT,SHORT,StochasticRSI(FAST_SCALP-SHORT),2,0.2,1.74,1.736,1.736,1.748,2026-07-05 05:18:59 UTC,2026-07-05 05:33:02 UTC,842.96,0.348,0.0046,0.0,0.0008,0.08,17.24,MIN_PROFIT_TP_HIT,0.0948
389,TRUMP_USDT,LONG,StochasticRSI(FAST_SCALP-LONG),2,0.2,1.74,1.744,1.744,1.732,2026-07-05 05:35:59 UTC,2026-07-05 05:56:29 UTC,1229.01,0.348,0.0046,0.0,0.0008,0.08,17.24,MIN_PROFIT_TP_HIT,0.0956
390,TRUMP_USDT,LONG,StochasticRSI(FAST_SCALP-LONG),2,0.2,1.736,1.74,1.74,1.728,2026-07-05 06:03:59 UTC,2026-07-05 06:05:05 UTC,65.51,0.3472,0.0046,0.0,0.0008,0.08,17.28,MIN_PROFIT_TP_HIT,0.0964
391,TRUMP_USDT,SHORT,StochasticRSI(FAST_SCALP-SHORT),2,0.2,1.738,1.734,1.734,1.746,2026-07-05 06:10:59 UTC,2026-07-05 06:17:10 UTC,370.61,0.3476,0.0046,0.0,0.0008,0.08,17.26,MIN_PROFIT_TP_HIT,0.0972
392,TRUMP_USDT,LONG,StochasticRSI(FAST_SCALP-LONG),2,0.2,1.733,1.737,1.737,1.725,2026-07-05 06:22:59 UTC,2026-07-05 06:32:42 UTC,582.68,0.3466,0.0046,0.0,0.0008,0.08,17.31,MIN_PROFIT_TP_HIT,0.098
393,TRUMP_USDT,SHORT,StochasticRSI(FAST_SCALP-SHORT),2,0.2,1.73,1.726,1.726,1.738,2026-07-05 06:35:59 UTC,2026-07-05 06:36:19 UTC,19.56,0.346,0.0046,0.0,0.0008,0.08,17.34,MIN_PROFIT_TP_HIT,0.0988
394,TRUMP_USDT,LONG,StochasticRSI(FAST_SCALP-LONG),2,0.2,1.714,1.718,1.718,1.706,2026-07-05 06:41:59 UTC,2026-07-05 06:42:31 UTC,31.51,0.3428,0.0046,0.0,0.0008,0.08,17.5,MIN_PROFIT_TP_HIT,0.0996
395,TRUMP_USDT,SHORT,StochasticRSI(FAST_SCALP-SHORT),2,0.2,1.718,1.714,1.714,1.726,2026-07-05 06:48:59 UTC,2026-07-05 07:15:06 UTC,1566.51,0.3436,0.0046,0.0,0.0008,0.08,17.46,MIN_PROFIT_TP_HIT,0.1004
396,TRUMP_USDT,LONG,StochasticRSI(FAST_SCALP-LONG),2,0.2,1.715,1.707,1.719,1.707,2026-07-05 07:18:59 UTC,2026-07-05 07:20:50 UTC,110.53,0.343,0.0046,0.0,-0.0016,-0.15,-34.99,STOP_LOSS_HIT,0.0988
397,TRUMP_USDT,LONG,StochasticRSI(FAST_SCALP-LONG),2,0.2,1.708,1.712,1.712,1.7,2026-07-05 07:23:59 UTC,2026-07-05 07:51:50 UTC,1670.22,0.3416,0.0046,0.0,0.0008,0.08,17.56,MIN_PROFIT_TP_HIT,0.0996
398,TRUMP_USDT,SHORT,StochasticRSI(FAST_SCALP-SHORT),2,0.2,1.711,1.707,1.707,1.719,2026-07-05 07:54:59 UTC,2026-07-05 08:04:07 UTC,547.16,0.3422,0.0046,0.0,0.0008,0.08,17.53,MIN_PROFIT_TP_HIT,0.1004
399,TRUMP_USDT,LONG,StochasticRSI(FAST_SCALP-LONG),2,0.2,1.707,1.699,1.711,1.699,2026-07-05 08:08:59 UTC,2026-07-05 08:37:01 UTC,1681.12,0.3414,0.0046,0.0,-0.0016,-0.15,-35.15,STOP_LOSS_HIT,0.0988
400,TRUMP_USDT,LONG,StochasticRSI(FAST_SCALP-LONG),2,0.2,1.703,1.695,1.707,1.695,2026-07-05 08:39:59 UTC,2026-07-05 09:23:23 UTC,2603.69,0.3406,0.0045,0.0,-0.0016,-0.15,-35.23,STOP_LOSS_HIT,0.0972
401,TRUMP_USDT,LONG,StochasticRSI(FAST_SCALP-LONG),2,0.2,1.693,1.697,1.697,1.685,2026-07-05 09:29:59 UTC,2026-07-05 09:36:37 UTC,397.18,0.3386,0.0045,0.0,0.0008,0.08,17.72,MIN_PROFIT_TP_HIT,0.098
402,TRUMP_USDT,SHORT,StochasticRSI(FAST_SCALP-SHORT),2,0.2,1.695,1.691,1.691,1.703,2026-07-05 09:38:59 UTC,2026-07-05 09:39:47 UTC,47.55,0.339,0.0045,0.0,0.0008,0.08,17.7,MIN_PROFIT_TP_HIT,0.0988
403,TRUMP_USDT,LONG,StochasticRSI(FAST_SCALP-LONG),2,0.2,1.689,1.693,1.693,1.681,2026-07-05 09:45:59 UTC,2026-07-05 09:57:01 UTC,661.67,0.3378,0.0045,0.0,0.0008,0.08,17.76,MIN_PROFIT_TP_HIT,0.0996
404,TRUMP_USDT,SHORT,StochasticRSI(FAST_SCALP-SHORT),2,0.2,1.69,1.686,1.686,1.698,2026-07-05 09:59:59 UTC,2026-07-05 10:01:09 UTC,69.52,0.338,0.0045,0.0,0.0008,0.08,17.75,MIN_PROFIT_TP_HIT,0.1004
405,TRUMP_USDT,LONG,StochasticRSI(FAST_SCALP-LONG),2,0.2,1.687,1.691,1.691,1.679,2026-07-05 10:04:59 UTC,2026-07-05 10:07:18 UTC,138.11,0.3374,0.0045,0.0,0.0008,0.08,17.78,MIN_PROFIT_TP_HIT,0.1012
406,TRUMP_USDT,SHORT,StochasticRSI(FAST_SCALP-SHORT),2,0.2,1.693,1.701,1.689,1.701,2026-07-05 10:12:59 UTC,2026-07-05 10:43:03 UTC,1803.73,0.3386,0.0045,0.0,-0.0016,-0.15,-35.44,STOP_LOSS_HIT,0.0996
407,TRUMP_USDT,LONG,StochasticRSI(FAST_SCALP-LONG),2,0.2,1.696,1.7,1.7,1.688,2026-07-05 10:51:59 UTC,2026-07-05 10:54:07 UTC,127.46,0.3392,0.0045,0.0,0.0008,0.08,17.69,MIN_PROFIT_TP_HIT,0.1004
408,TRUMP_USDT,SHORT,StochasticRSI(FAST_SCALP-SHORT),2,0.2,1.7,1.696,1.696,1.708,2026-07-05 11:02:59 UTC,2026-07-05 12:00:48 UTC,3468.93,0.34,0.0045,0.0,0.0008,0.08,17.65,MIN_PROFIT_TP_HIT,0.1012
409,TRUMP_USDT,SHORT,StochasticRSI(FAST_SCALP-SHORT),2,0.2,1.694,1.69,1.69,1.702,2026-07-05 12:01:59 UTC,2026-07-05 12:03:41 UTC,101.07,0.3388,0.0045,0.0,0.0008,0.08,17.71,MIN_PROFIT_TP_HIT,0.102
410,TRUMP_USDT,LONG,StochasticRSI(FAST_SCALP-LONG),2,0.2,1.693,1.697,1.697,1.685,2026-07-05 12:05:59 UTC,2026-07-05 12:19:07 UTC,787.91,0.3386,0.0045,0.0,0.0008,0.08,17.72,MIN_PROFIT_TP_HIT,0.1028
411,TRUMP_USDT,SHORT,StochasticRSI(FAST_SCALP-SHORT),2,0.2,1.7,1.708,1.696,1.708,2026-07-05 12:22:59 UTC,2026-07-05 12:30:29 UTC,449.41,0.34,0.0045,0.0,-0.0016,-0.15,-35.29,STOP_LOSS_HIT,0.1012
412,TRUMP_USDT,SHORT,StochasticRSI(FAST_SCALP-SHORT),2,0.2,1.709,1.717,1.705,1.717,2026-07-05 12:33:59 UTC,2026-07-05 12:35:54 UTC,114.16,0.3418,0.0046,0.0,-0.0016,-0.15,-35.11,STOP_LOSS_HIT,0.0996
413,TRUMP_USDT,LONG,StochasticRSI(FAST_SCALP-LONG),2,0.2,1.717,1.721,1.721,1.709,2026-07-05 12:46:59 UTC,2026-07-05 12:52:10 UTC,310.04,0.3434,0.0046,0.0,0.0008,0.08,17.47,MIN_PROFIT_TP_HIT,0.1004
414,TRUMP_USDT,LONG,StochasticRSI(FAST_SCALP-LONG),2,0.2,1.722,1.714,1.726,1.714,2026-07-05 12:53:59 UTC,2026-07-05 13:01:26 UTC,446.57,0.3444,0.0046,0.0,-0.0016,-0.15,-34.84,STOP_LOSS_HIT,0.0988
415,TRUMP_USDT,LONG,StochasticRSI(FAST_SCALP-LONG),2,0.2,1.716,1.72,1.72,1.708,2026-07-05 13:04:59 UTC,2026-07-05 13:31:30 UTC,1590.1,0.3432,0.0046,0.0,0.0008,0.08,17.48,MIN_PROFIT_TP_HIT,0.0996
416,TRUMP_USDT,SHORT,StochasticRSI(FAST_SCALP-SHORT),2,0.2,1.719,1.715,1.715,1.727,2026-07-05 13:36:59 UTC,2026-07-05 13:42:44 UTC,344.33,0.3438,0.0046,0.0,0.0008,0.08,17.45,MIN_PROFIT_TP_HIT,0.1004
417,TRUMP_USDT,LONG,StochasticRSI(FAST_SCALP-LONG),2,0.2,1.717,1.709,1.721,1.709,2026-07-05 13:45:59 UTC,2026-07-05 13:47:16 UTC,76.21,0.3434,0.0046,0.0,-0.0016,-0.15,-34.94,STOP_LOSS_HIT,0.0988
418,TRUMP_USDT,LONG,StochasticRSI(FAST_SCALP-LONG),2,0.2,1.71,1.702,1.714,1.702,2026-07-05 13:51:59 UTC,2026-07-05 14:03:22 UTC,682.02,0.342,0.0046,0.0,-0.0016,-0.15,-35.09,STOP_LOSS_HIT,0.0972
419,TRUMP_USDT,LONG,StochasticRSI(FAST_SCALP-LONG),2,0.2,1.701,1.693,1.705,1.693,2026-07-05 14:07:59 UTC,2026-07-05 14:16:41 UTC,521.21,0.3402,0.0045,0.0,-0.0016,-0.15,-35.27,STOP_LOSS_HIT,0.0956
420,TRUMP_USDT,LONG,StochasticRSI(FAST_SCALP-LONG),2,0.2,1.695,1.687,1.699,1.687,2026-07-05 14:18:59 UTC,2026-07-05 14:31:19 UTC,739.57,0.339,0.0045,0.0,-0.0016,-0.15,-35.4,STOP_LOSS_HIT,0.094
421,TRUMP_USDT,LONG,StochasticRSI(FAST_SCALP-LONG),2,0.2,1.687,1.691,1.691,1.679,2026-07-05 14:35:59 UTC,2026-07-05 14:42:03 UTC,363.66,0.3374,0.0045,0.0,0.0008,0.08,17.78,MIN_PROFIT_TP_HIT,0.0948
422,TRUMP_USDT,SHORT,StochasticRSI(FAST_SCALP-SHORT),2,0.2,1.689,1.697,1.685,1.697,2026-07-05 14:45:59 UTC,2026-07-05 14:59:45 UTC,825.9,0.3378,0.0045,0.0,-0.0016,-0.15,-35.52,STOP_LOSS_HIT,0.0932
423,TRUMP_USDT,SHORT,StochasticRSI(FAST_SCALP-SHORT),2,0.2,1.694,1.702,1.69,1.702,2026-07-05 15:01:59 UTC,2026-07-05 15:04:38 UTC,158.21,0.3388,0.0045,0.0,-0.0016,-0.15,-35.42,STOP_LOSS_HIT,0.0916
424,TRUMP_USDT,LONG,StochasticRSI(FAST_SCALP-LONG),2,0.2,1.697,1.689,1.701,1.689,2026-07-05 15:12:59 UTC,2026-07-05 15:42:47 UTC,1787.67,0.3394,0.0045,0.0,-0.0016,-0.15,-35.36,STOP_LOSS_HIT,0.09
425,TRUMP_USDT,LONG,StochasticRSI(FAST_SCALP-LONG),2,0.2,1.692,1.684,1.696,1.684,2026-07-05 15:46:59 UTC,2026-07-05 16:07:24 UTC,1224.81,0.3384,0.0045,0.0,-0.0016,-0.15,-35.46,STOP_LOSS_HIT,0.0884
426,TRUMP_USDT,LONG,StochasticRSI(FAST_SCALP-LONG),2,0.2,1.688,1.68,1.692,1.68,2026-07-05 16:11:59 UTC,2026-07-05 16:14:51 UTC,171.82,0.3376,0.0045,0.0,-0.0016,-0.15,-35.55,STOP_LOSS_HIT,0.0868
427,TRUMP_USDT,SHORT,StochasticRSI(FAST_SCALP-SHORT),2,0.2,1.681,1.689,1.677,1.689,2026-07-05 16:15:59 UTC,2026-07-05 16:26:16 UTC,616.7,0.3362,0.0045,0.0,-0.0016,-0.15,-35.69,STOP_LOSS_HIT,0.0852
428,TRUMP_USDT,SHORT,StochasticRSI(FAST_SCALP-SHORT),2,0.2,1.688,1.696,1.684,1.696,2026-07-05 16:28:59 UTC,2026-07-05 17:22:50 UTC,3230.36,0.3376,0.0045,0.0,-0.0016,-0.15,-35.55,STOP_LOSS_HIT,0.0836
429,TRUMP_USDT,LONG,StochasticRSI(FAST_SCALP-LONG),2,0.2,1.692,1.696,1.696,1.684,2026-07-05 17:34:59 UTC,2026-07-05 18:49:24 UTC,4464.81,0.3384,0.0045,0.0,0.0008,0.08,17.73,MIN_PROFIT_TP_HIT,0.0844
430,TRUMP_USDT,LONG,StochasticRSI(FAST_SCALP-LONG),2,0.2,1.698,1.702,1.702,1.69,2026-07-05 19:03:59 UTC,2026-07-05 19:12:47 UTC,527.59,0.3396,0.0045,0.0,0.0008,0.08,17.67,MIN_PROFIT_TP_HIT,0.0852
431,TRUMP_USDT,SHORT,StochasticRSI(FAST_SCALP-SHORT),2,0.2,1.697,1.693,1.693,1.705,2026-07-05 19:17:59 UTC,2026-07-05 19:19:13 UTC,73.47,0.3394,0.0045,0.0,0.0008,0.08,17.68,MIN_PROFIT_TP_HIT,0.086
432,TRUMP_USDT,LONG,StochasticRSI(FAST_SCALP-LONG),2,0.2,1.694,1.698,1.698,1.686,2026-07-05 19:24:59 UTC,2026-07-05 19:48:05 UTC,1385.19,0.3388,0.0045,0.0,0.0008,0.08,17.71,MIN_PROFIT_TP_HIT,0.0868
433,TRUMP_USDT,SHORT,StochasticRSI(FAST_SCALP-SHORT),2,0.2,1.697,1.705,1.693,1.705,2026-07-05 19:51:59 UTC,2026-07-05 20:55:17 UTC,3797.29,0.3394,0.0045,0.0,-0.0016,-0.15,-35.36,STOP_LOSS_HIT,0.0852
434,TRUMP_USDT,SHORT,StochasticRSI(FAST_SCALP-SHORT),2,0.2,1.699,1.707,1.695,1.707,2026-07-05 21:01:59 UTC,2026-07-05 21:13:22 UTC,682.4,0.3398,0.0045,0.0,-0.0016,-0.15,-35.31,STOP_LOSS_HIT,0.0836
435,TRUMP_USDT,SHORT,StochasticRSI(FAST_SCALP-SHORT),2,0.2,1.705,1.713,1.701,1.713,2026-07-05 21:15:59 UTC,2026-07-05 21:26:22 UTC,622.27,0.341,0.0045,0.0,-0.0016,-0.15,-35.19,STOP_LOSS_HIT,0.082
436,TRUMP_USDT,SHORT,StochasticRSI(FAST_SCALP-SHORT),2,0.2,1.715,1.711,1.711,1.723,2026-07-05 21:30:59 UTC,2026-07-05 21:42:26 UTC,686.22,0.343,0.0046,0.0,0.0008,0.08,17.49,MIN_PROFIT_TP_HIT,0.0828
437,TRUMP_USDT,LONG,StochasticRSI(FAST_SCALP-LONG),2,0.2,1.711,1.715,1.715,1.703,2026-07-05 21:44:59 UTC,2026-07-05 21:51:21 UTC,381.63,0.3422,0.0046,0.0,0.0008,0.08,17.53,MIN_PROFIT_TP_HIT,0.0836
438,TRUMP_USDT,SHORT,StochasticRSI(FAST_SCALP-SHORT),2,0.2,1.714,1.71,1.71,1.722,2026-07-05 21:53:59 UTC,2026-07-05 22:00:07 UTC,367.03,0.3428,0.0046,0.0,0.0008,0.08,17.5,MIN_PROFIT_TP_HIT,0.0844
439,TRUMP_USDT,LONG,StochasticRSI(FAST_SCALP-LONG),2,0.2,1.713,1.717,1.717,1.705,2026-07-05 22:03:59 UTC,2026-07-05 22:16:41 UTC,761.4,0.3426,0.0046,0.0,0.0008,0.08,17.51,MIN_PROFIT_TP_HIT,0.0852
440,TRUMP_USDT,SHORT,StochasticRSI(FAST_SCALP-SHORT),2,0.2,1.716,1.724,1.712,1.724,2026-07-05 22:17:59 UTC,2026-07-05 22:26:54 UTC,534.03,0.3432,0.0046,0.0,-0.0016,-0.15,-34.97,STOP_LOSS_HIT,0.0836
441,TRUMP_USDT,LONG,StochasticRSI(FAST_SCALP-LONG),2,0.2,1.722,1.726,1.726,1.714,2026-07-05 22:27:59 UTC,2026-07-05 22:28:29 UTC,29.99,0.3444,0.0046,0.0,0.0008,0.08,17.42,MIN_PROFIT_TP_HIT,0.0844
442,TRUMP_USDT,LONG,StochasticRSI(FAST_SCALP-LONG),2,0.2,1.714,1.718,1.718,1.706,2026-07-05 22:38:59 UTC,2026-07-05 22:39:51 UTC,51.03,0.3428,0.0046,0.0,0.0008,0.08,17.5,MIN_PROFIT_TP_HIT,0.0852
443,TRUMP_USDT,SHORT,StochasticRSI(FAST_SCALP-SHORT),2,0.2,1.714,1.71,1.71,1.722,2026-07-05 22:49:59 UTC,2026-07-05 23:32:04 UTC,2524.68,0.3428,0.0046,0.0,0.0008,0.08,17.5,MIN_PROFIT_TP_HIT,0.086
444,TRUMP_USDT,LONG,StochasticRSI(FAST_SCALP-LONG),2,0.2,1.713,1.705,1.717,1.705,2026-07-05 23:42:59 UTC,2026-07-05 23:47:32 UTC,272.54,0.3426,0.0046,0.0,-0.0016,-0.15,-35.03,STOP_LOSS_HIT,0.0844
445,TRUMP_USDT,LONG,StochasticRSI(FAST_SCALP-LONG),2,0.2,1.707,1.699,1.711,1.699,2026-07-05 23:51:59 UTC,2026-07-06 00:01:08 UTC,548.11,0.3414,0.0046,0.0,-0.0016,-0.15,-35.15,STOP_LOSS_HIT,0.0828
446,TRUMP_USDT,LONG,StochasticRSI(FAST_SCALP-LONG),2,0.2,1.698,1.69,1.702,1.69,2026-07-06 00:05:59 UTC,2026-07-06 00:08:40 UTC,160.53,0.3396,0.0045,0.0,-0.0016,-0.15,-35.34,STOP_LOSS_HIT,0.0812
447,TRUMP_USDT,LONG,StochasticRSI(FAST_SCALP-LONG),2,0.2,1.686,1.69,1.69,1.678,2026-07-06 00:10:59 UTC,2026-07-06 00:11:36 UTC,36.05,0.3372,0.0045,0.0,0.0008,0.08,17.79,MIN_PROFIT_TP_HIT,0.082
448,TRUMP_USDT,SHORT,StochasticRSI(FAST_SCALP-SHORT),2,0.2,1.696,1.692,1.692,1.704,2026-07-06 00:18:59 UTC,2026-07-06 00:22:03 UTC,183.98,0.3392,0.0045,0.0,0.0008,0.08,17.69,MIN_PROFIT_TP_HIT,0.0828
449,TRUMP_USDT,LONG,StochasticRSI(FAST_SCALP-LONG),2,0.2,1.692,1.684,1.696,1.684,2026-07-06 00:27:59 UTC,2026-07-06 00:30:12 UTC,132.36,0.3384,0.0045,0.0,-0.0016,-0.15,-35.46,STOP_LOSS_HIT,0.0812
450,TRUMP_USDT,SHORT,StochasticRSI(FAST_SCALP-SHORT),2,0.2,1.694,1.702,1.69,1.702,2026-07-06 00:42:59 UTC,2026-07-06 00:48:17 UTC,317.78,0.3388,0.0045,0.0,-0.0016,-0.15,-35.42,STOP_LOSS_HIT,0.0796
451,TRUMP_USDT,SHORT,StochasticRSI(FAST_SCALP-SHORT),2,0.2,1.701,1.697,1.697,1.709,2026-07-06 00:52:59 UTC,2026-07-06 00:55:37 UTC,157.8,0.3402,0.0045,0.0,0.0008,0.08,17.64,MIN_PROFIT_TP_HIT,0.0804
452,TRUMP_USDT,LONG,StochasticRSI(FAST_SCALP-LONG),2,0.2,1.698,1.702,1.702,1.69,2026-07-06 00:57:59 UTC,2026-07-06 01:00:24 UTC,144.1,0.3396,0.0045,0.0,0.0008,0.08,17.67,MIN_PROFIT_TP_HIT,0.0812
453,TRUMP_USDT,SHORT,StochasticRSI(FAST_SCALP-SHORT),2,0.2,1.699,1.695,1.695,1.707,2026-07-06 01:04:59 UTC,2026-07-06 01:22:53 UTC,1073.03,0.3398,0.0045,0.0,0.0008,0.08,17.66,MIN_PROFIT_TP_HIT,0.082
454,TRUMP_USDT,LONG,StochasticRSI(FAST_SCALP-LONG),2,0.2,1.694,1.698,1.698,1.686,2026-07-06 01:26:59 UTC,2026-07-06 01:32:00 UTC,300.8,0.3388,0.0045,0.0,0.0008,0.08,17.71,MIN_PROFIT_TP_HIT,0.0828
455,TRUMP_USDT,SHORT,StochasticRSI(FAST_SCALP-SHORT),2,0.2,1.702,1.698,1.698,1.71,2026-07-06 01:35:59 UTC,2026-07-06 01:39:08 UTC,188.59,0.3404,0.0045,0.0,0.0008,0.08,17.63,MIN_PROFIT_TP_HIT,0.0836
456,TRUMP_USDT,LONG,StochasticRSI(FAST_SCALP-LONG),2,0.2,1.698,1.69,1.702,1.69,2026-07-06 01:48:59 UTC,2026-07-06 02:04:32 UTC,932.85,0.3396,0.0045,0.0,-0.0016,-0.15,-35.34,STOP_LOSS_HIT,0.082
457,TRUMP_USDT,LONG,StochasticRSI(FAST_SCALP-LONG),2,0.2,1.681,1.685,1.685,1.673,2026-07-06 02:11:59 UTC,2026-07-06 02:16:52 UTC,292.12,0.3362,0.0045,0.0,0.0008,0.08,17.85,MIN_PROFIT_TP_HIT,0.0828
458,TRUMP_USDT,SHORT,StochasticRSI(FAST_SCALP-SHORT),2,0.2,1.688,1.684,1.684,1.696,2026-07-06 02:28:59 UTC,2026-07-06 02:40:57 UTC,717.27,0.3376,0.0045,0.0,0.0008,0.08,17.77,MIN_PROFIT_TP_HIT,0.0836
459,TRUMP_USDT,SHORT,StochasticRSI(FAST_SCALP-SHORT),2,0.2,1.683,1.679,1.679,1.691,2026-07-06 02:41:59 UTC,2026-07-06 03:22:49 UTC,2449.01,0.3366,0.0045,0.0,0.0008,0.08,17.83,MIN_PROFIT_TP_HIT,0.0844
460,TRUMP_USDT,LONG,StochasticRSI(FAST_SCALP-LONG),2,0.2,1.68,1.684,1.684,1.672,2026-07-06 03:26:59 UTC,2026-07-06 03:30:26 UTC,206.57,0.336,0.0045,0.0,0.0008,0.08,17.86,MIN_PROFIT_TP_HIT,0.0852
461,TRUMP_USDT,SHORT,StochasticRSI(FAST_SCALP-SHORT),2,0.2,1.66,1.668,1.656,1.668,2026-07-06 03:31:59 UTC,2026-07-06 03:32:47 UTC,47.04,0.332,0.0044,0.0,-0.0016,-0.15,-36.14,STOP_LOSS_HIT,0.0836
462,TRUMP_USDT,SHORT,StochasticRSI(FAST_SCALP-SHORT),2,0.2,1.67,1.666,1.666,1.678,2026-07-06 03:41:59 UTC,2026-07-06 03:44:04 UTC,124.07,0.334,0.0045,0.0,0.0008,0.08,17.96,MIN_PROFIT_TP_HIT,0.0844
463,TRUMP_USDT,LONG,StochasticRSI(FAST_SCALP-LONG),2,0.2,1.666,1.67,1.67,1.658,2026-07-06 03:46:59 UTC,2026-07-06 03:51:47 UTC,287.47,0.3332,0.0044,0.0,0.0008,0.08,18.01,MIN_PROFIT_TP_HIT,0.0852
464,TRUMP_USDT,SHORT,StochasticRSI(FAST_SCALP-SHORT),2,0.2,1.667,1.675,1.663,1.675,2026-07-06 03:55:59 UTC,2026-07-06 04:41:26 UTC,2726.37,0.3334,0.0044,0.0,-0.0016,-0.15,-35.99,STOP_LOSS_HIT,0.0836
465,TRUMP_USDT,LONG,StochasticRSI(FAST_SCALP-LONG),2,0.2,1.672,1.676,1.676,1.664,2026-07-06 04:49:59 UTC,2026-07-06 04:53:35 UTC,215.97,0.3344,0.0045,0.0,0.0008,0.08,17.94,MIN_PROFIT_TP_HIT,0.0844
466,TRUMP_USDT,SHORT,StochasticRSI(FAST_SCALP-SHORT),2,0.2,1.676,1.672,1.672,1.684,2026-07-06 04:56:59 UTC,2026-07-06 04:58:05 UTC,65.45,0.3352,0.0045,0.0,0.0008,0.08,17.9,MIN_PROFIT_TP_HIT,0.0852
467,TRUMP_USDT,LONG,StochasticRSI(FAST_SCALP-LONG),2,0.2,1.664,1.656,1.668,1.656,2026-07-06 05:06:59 UTC,2026-07-06 05:25:16 UTC,1096.86,0.3328,0.0044,0.0,-0.0016,-0.15,-36.06,STOP_LOSS_HIT,0.0836
468,TRUMP_USDT,LONG,StochasticRSI(FAST_SCALP-LONG),2,0.2,1.656,1.66,1.66,1.648,2026-07-06 05:32:59 UTC,2026-07-06 05:35:36 UTC,156.09,0.3312,0.0044,0.0,0.0008,0.08,18.12,MIN_PROFIT_TP_HIT,0.0844
469,TRUMP_USDT,SHORT,StochasticRSI(FAST_SCALP-SHORT),2,0.2,1.662,1.658,1.658,1.67,2026-07-06 05:39:59 UTC,2026-07-06 07:01:55 UTC,4915.93,0.3324,0.0044,0.0,0.0008,0.08,18.05,MIN_PROFIT_TP_HIT,0.0852
470,TRUMP_USDT,LONG,StochasticRSI(FAST_SCALP-LONG),2,0.2,1.664,1.668,1.668,1.656,2026-07-06 07:05:59 UTC,2026-07-06 07:42:35 UTC,2195.94,0.3328,0.0044,0.0,0.0008,0.08,18.03,MIN_PROFIT_TP_HIT,0.086
471,TRUMP_USDT,SHORT,StochasticRSI(FAST_SCALP-SHORT),2,0.2,1.672,1.668,1.668,1.68,2026-07-06 07:52:59 UTC,2026-07-06 07:57:30 UTC,270.6,0.3344,0.0045,0.0,0.0008,0.08,17.94,MIN_PROFIT_TP_HIT,0.0868
472,TRUMP_USDT,LONG,StochasticRSI(FAST_SCALP-LONG),2,0.2,1.669,1.661,1.673,1.661,2026-07-06 08:01:59 UTC,2026-07-06 08:34:56 UTC,1976.95,0.3338,0.0045,0.0,-0.0016,-0.15,-35.95,STOP_LOSS_HIT,0.0852
473,TRUMP_USDT,LONG,StochasticRSI(FAST_SCALP-LONG),2,0.2,1.659,1.663,1.663,1.651,2026-07-06 08:39:59 UTC,2026-07-06 08:47:09 UTC,429.12,0.3318,0.0044,0.0,0.0008,0.08,18.08,MIN_PROFIT_TP_HIT,0.086
474,TRUMP_USDT,SHORT,StochasticRSI(FAST_SCALP-SHORT),2,0.2,1.663,1.671,1.659,1.671,2026-07-06 08:50:59 UTC,2026-07-06 10:36:53 UTC,6353.82,0.3326,0.0044,0.0,-0.0016,-0.15,-36.08,STOP_LOSS_HIT,0.0844
475,TRUMP_USDT,SHORT,StochasticRSI(FAST_SCALP-SHORT),2,0.2,1.674,1.67,1.67,1.682,2026-07-06 10:39:59 UTC,2026-07-06 10:53:02 UTC,782.59,0.3348,0.0045,0.0,0.0008,0.08,17.92,MIN_PROFIT_TP_HIT,0.0852
476,TRUMP_USDT,LONG,StochasticRSI(FAST_SCALP-LONG),2,0.2,1.671,1.675,1.675,1.663,2026-07-06 10:59:59 UTC,2026-07-06 11:33:29 UTC,2009.97,0.3342,0.0045,0.0,0.0008,0.08,17.95,MIN_PROFIT_TP_HIT,0.086
477,TRUMP_USDT,SHORT,StochasticRSI(FAST_SCALP-SHORT),2,0.2,1.675,1.671,1.671,1.683,2026-07-06 11:36:59 UTC,2026-07-06 11:50:24 UTC,804.75,0.335,0.0045,0.0,0.0008,0.08,17.91,MIN_PROFIT_TP_HIT,0.0868
478,TRUMP_USDT,LONG,StochasticRSI(FAST_SCALP-LONG),2,0.2,1.672,1.664,1.676,1.664,2026-07-06 11:52:59 UTC,2026-07-06 11:58:09 UTC,309.55,0.3344,0.0045,0.0,-0.0016,-0.15,-35.89,STOP_LOSS_HIT,0.0852
479,TRUMP_USDT,LONG,StochasticRSI(FAST_SCALP-LONG),2,0.2,1.637,1.641,1.641,1.629,2026-07-06 12:06:59 UTC,2026-07-06 12:08:18 UTC,78.16,0.3274,0.0044,0.0,0.0008,0.08,18.33,MIN_PROFIT_TP_HIT,0.086
480,TRUMP_USDT,SHORT,StochasticRSI(FAST_SCALP-SHORT),2,0.2,1.645,1.653,1.641,1.653,2026-07-06 12:14:59 UTC,2026-07-06 12:30:34 UTC,934.71,0.329,0.0044,0.0,-0.0016,-0.15,-36.47,STOP_LOSS_HIT,0.0844
481,TRUMP_USDT,SHORT,StochasticRSI(FAST_SCALP-SHORT),2,0.2,1.655,1.651,1.651,1.663,2026-07-06 12:34:59 UTC,2026-07-06 12:38:29 UTC,209.69,0.331,0.0044,0.0,0.0008,0.08,18.13,MIN_PROFIT_TP_HIT,0.0852
482,TRUMP_USDT,LONG,StochasticRSI(FAST_SCALP-LONG),2,0.2,1.639,1.643,1.643,1.631,2026-07-06 12:48:59 UTC,2026-07-06 12:50:28 UTC,88.49,0.3278,0.0044,0.0,0.0008,0.08,18.3,MIN_PROFIT_TP_HIT,0.086
483,TRUMP_USDT,SHORT,StochasticRSI(FAST_SCALP-SHORT),2,0.2,1.639,1.635,1.635,1.647,2026-07-06 12:56:59 UTC,2026-07-06 12:58:09 UTC,69.72,0.3278,0.0044,0.0,0.0008,0.08,18.3,MIN_PROFIT_TP_HIT,0.0868
484,TRUMP_USDT,LONG,StochasticRSI(FAST_SCALP-LONG),2,0.2,1.635,1.627,1.639,1.627,2026-07-06 13:01:59 UTC,2026-07-06 13:04:00 UTC,120.81,0.327,0.0044,0.0,-0.0016,-0.15,-36.7,STOP_LOSS_HIT,0.0852
485,TRUMP_USDT,LONG,StochasticRSI(FAST_SCALP-LONG),2,0.2,1.632,1.636,1.636,1.624,2026-07-06 13:06:59 UTC,2026-07-06 13:09:48 UTC,168.85,0.3264,0.0044,0.0,0.0008,0.08,18.38,MIN_PROFIT_TP_HIT,0.086
486,TRUMP_USDT,SHORT,StochasticRSI(FAST_SCALP-SHORT),2,0.2,1.632,1.628,1.628,1.64,2026-07-06 13:12:59 UTC,2026-07-06 13:14:54 UTC,114.63,0.3264,0.0044,0.0,0.0008,0.08,18.38,MIN_PROFIT_TP_HIT,0.0868
487,TRUMP_USDT,SHORT,StochasticRSI(FAST_SCALP-SHORT),2,0.2,1.634,1.63,1.63,1.642,2026-07-06 13:26:59 UTC,2026-07-06 13:30:00 UTC,180.45,0.3268,0.0044,0.0,0.0008,0.08,18.36,MIN_PROFIT_TP_HIT,0.0876
488,TRUMP_USDT,SHORT,StochasticRSI(FAST_SCALP-SHORT),2,0.2,1.636,1.644,1.632,1.644,2026-07-06 13:37:59 UTC,2026-07-06 13:44:16 UTC,376.51,0.3272,0.0044,0.0,-0.0016,-0.15,-36.67,STOP_LOSS_HIT,0.086
489,TRUMP_USDT,SHORT,StochasticRSI(FAST_SCALP-SHORT),2,0.2,1.649,1.645,1.645,1.657,2026-07-06 13:48:59 UTC,2026-07-06 13:59:57 UTC,657.73,0.3298,0.0044,0.0,0.0008,0.08,18.19,MIN_PROFIT_TP_HIT,0.0868
490,TRUMP_USDT,LONG,StochasticRSI(FAST_SCALP-LONG),2,0.2,1.644,1.648,1.648,1.636,2026-07-06 14:02:59 UTC,2026-07-06 14:13:49 UTC,649.92,0.3288,0.0044,0.0,0.0008,0.08,18.25,MIN_PROFIT_TP_HIT,0.0876
491,TRUMP_USDT,SHORT,StochasticRSI(FAST_SCALP-SHORT),2,0.2,1.645,1.653,1.641,1.653,2026-07-06 14:18:59 UTC,2026-07-06 14:25:27 UTC,387.58,0.329,0.0044,0.0,-0.0016,-0.15,-36.47,STOP_LOSS_HIT,0.086
492,TRUMP_USDT,LONG,StochasticRSI(FAST_SCALP-LONG),2,0.2,1.651,1.643,1.655,1.643,2026-07-06 14:33:59 UTC,2026-07-06 14:44:42 UTC,642.89,0.3302,0.0044,0.0,-0.0016,-0.15,-36.34,STOP_LOSS_HIT,0.0844
493,TRUMP_USDT,LONG,StochasticRSI(FAST_SCALP-LONG),2,0.2,1.638,1.642,1.642,1.63,2026-07-06 14:51:59 UTC,2026-07-06 14:57:25 UTC,325.57,0.3276,0.0044,0.0,0.0008,0.08,18.32,MIN_PROFIT_TP_HIT,0.0852
494,TRUMP_USDT,SHORT,StochasticRSI(FAST_SCALP-SHORT),2,0.2,1.638,1.646,1.634,1.646,2026-07-06 14:59:59 UTC,2026-07-06 15:04:31 UTC,271.37,0.3276,0.0044,0.0,-0.0016,-0.15,-36.63,STOP_LOSS_HIT,0.0836
495,TRUMP_USDT,SHORT,StochasticRSI(FAST_SCALP-SHORT),2,0.2,1.646,1.654,1.642,1.654,2026-07-06 15:08:59 UTC,2026-07-06 15:15:43 UTC,403.28,0.3292,0.0044,0.0,-0.0016,-0.15,-36.45,STOP_LOSS_HIT,0.082
496,TRUMP_USDT,SHORT,StochasticRSI(FAST_SCALP-SHORT),2,0.2,1.65,1.658,1.646,1.658,2026-07-06 15:16:59 UTC,2026-07-06 15:29:02 UTC,722.47,0.33,0.0044,0.0,-0.0016,-0.15,-36.36,STOP_LOSS_HIT,0.0804
497,TRUMP_USDT,SHORT,StochasticRSI(FAST_SCALP-SHORT),2,0.2,1.66,1.656,1.656,1.668,2026-07-06 15:31:59 UTC,2026-07-06 15:33:35 UTC,95.92,0.332,0.0044,0.0,0.0008,0.08,18.07,MIN_PROFIT_TP_HIT,0.0812
498,TRUMP_USDT,LONG,StochasticRSI(FAST_SCALP-LONG),2,0.2,1.657,1.661,1.661,1.649,2026-07-06 15:39:59 UTC,2026-07-06 15:41:26 UTC,86.12,0.3314,0.0044,0.0,0.0008,0.08,18.11,MIN_PROFIT_TP_HIT,0.082
499,TRUMP_USDT,LONG,StochasticRSI(FAST_SCALP-LONG),2,0.2,1.67,1.674,1.674,1.662,2026-07-06 15:51:59 UTC,2026-07-06 15:54:27 UTC,147.54,0.334,0.0045,0.0,0.0008,0.08,17.96,MIN_PROFIT_TP_HIT,0.0828
500,TRUMP_USDT,SHORT,StochasticRSI(FAST_SCALP-SHORT),2,0.2,1.673,1.669,1.669,1.681,2026-07-06 15:57:59 UTC,2026-07-06 15:58:23 UTC,23.16,0.3346,0.0045,0.0,0.0008,0.08,17.93,MIN_PROFIT_TP_HIT,0.0836
501,TRUMP_USDT,SHORT,StochasticRSI(FAST_SCALP-SHORT),2,0.2,1.671,1.679,1.667,1.679,2026-07-06 16:01:59 UTC,2026-07-06 16:09:12 UTC,432.97,0.3342,0.0045,0.0,-0.0016,-0.15,-35.91,STOP_LOSS_HIT,0.082
502,TRUMP_USDT,SHORT,StochasticRSI(FAST_SCALP-SHORT),2,0.2,1.686,1.682,1.682,1.694,2026-07-06 16:15:59 UTC,2026-07-06 16:16:28 UTC,28.19,0.3372,0.0045,0.0,0.0008,0.08,17.79,MIN_PROFIT_TP_HIT,0.0828
503,TRUMP_USDT,LONG,StochasticRSI(FAST_SCALP-LONG),2,0.2,1.677,1.681,1.681,1.669,2026-07-06 16:22:59 UTC,2026-07-06 16:37:07 UTC,847.02,0.3354,0.0045,0.0,0.0008,0.08,17.89,MIN_PROFIT_TP_HIT,0.0836
504,TRUMP_USDT,SHORT,StochasticRSI(FAST_SCALP-SHORT),2,0.2,1.675,1.671,1.671,1.683,2026-07-06 16:39:59 UTC,2026-07-06 17:11:31 UTC,1891.15,0.335,0.0045,0.0,0.0008,0.08,17.91,MIN_PROFIT_TP_HIT,0.0844
505,TRUMP_USDT,LONG,StochasticRSI(FAST_SCALP-LONG),2,0.2,1.676,1.68,1.68,1.668,2026-07-06 17:14:59 UTC,2026-07-06 17:25:37 UTC,637.87,0.3352,0.0045,0.0,0.0008,0.08,17.9,MIN_PROFIT_TP_HIT,0.0852
506,TRUMP_USDT,SHORT,StochasticRSI(FAST_SCALP-SHORT),2,0.2,1.678,1.674,1.674,1.686,2026-07-06 17:30:59 UTC,2026-07-06 17:34:44 UTC,224.13,0.3356,0.0045,0.0,0.0008,0.08,17.88,MIN_PROFIT_TP_HIT,0.086
507,TRUMP_USDT,LONG,StochasticRSI(FAST_SCALP-LONG),2,0.2,1.673,1.677,1.677,1.665,2026-07-06 17:38:59 UTC,2026-07-06 17:50:26 UTC,686.62,0.3346,0.0045,0.0,0.0008,0.08,17.93,MIN_PROFIT_TP_HIT,0.0868
508,TRUMP_USDT,LONG,StochasticRSI(FAST_SCALP-LONG),2,0.2,1.669,1.673,1.673,1.661,2026-07-06 18:00:59 UTC,2026-07-06 18:02:15 UTC,75.75,0.3338,0.0045,0.0,0.0008,0.08,17.97,MIN_PROFIT_TP_HIT,0.0876
509,TRUMP_USDT,SHORT,StochasticRSI(FAST_SCALP-SHORT),2,0.2,1.671,1.667,1.667,1.679,2026-07-06 18:06:59 UTC,2026-07-06 18:18:28 UTC,688.95,0.3342,0.0045,0.0,0.0008,0.08,17.95,MIN_PROFIT_TP_HIT,0.0884
510,TRUMP_USDT,SHORT,StochasticRSI(FAST_SCALP-SHORT),2,0.2,1.677,1.685,1.673,1.685,2026-07-06 18:23:59 UTC,2026-07-06 18:44:34 UTC,1234.46,0.3354,0.0045,0.0,-0.0016,-0.15,-35.78,STOP_LOSS_HIT,0.0868
511,TRUMP_USDT,LONG,StochasticRSI(FAST_SCALP-LONG),2,0.2,1.684,1.688,1.688,1.676,2026-07-06 18:52:59 UTC,2026-07-06 19:21:04 UTC,1684.3,0.3368,0.0045,0.0,0.0008,0.08,17.81,MIN_PROFIT_TP_HIT,0.0876
512,TRUMP_USDT,SHORT,StochasticRSI(FAST_SCALP-SHORT),2,0.2,1.689,1.685,1.685,1.697,2026-07-06 19:28:59 UTC,2026-07-06 20:10:05 UTC,2465.39,0.3378,0.0045,0.0,0.0008,0.08,17.76,MIN_PROFIT_TP_HIT,0.0884
513,TRUMP_USDT,LONG,StochasticRSI(FAST_SCALP-LONG),2,0.2,1.688,1.692,1.692,1.68,2026-07-06 20:21:59 UTC,2026-07-06 20:31:44 UTC,584.33,0.3376,0.0045,0.0,0.0008,0.08,17.77,MIN_PROFIT_TP_HIT,0.0892
514,TRUMP_USDT,SHORT,StochasticRSI(FAST_SCALP-SHORT),2,0.2,1.692,1.688,1.688,1.7,2026-07-06 20:34:59 UTC,2026-07-06 20:40:01 UTC,301.64,0.3384,0.0045,0.0,0.0008,0.08,17.73,MIN_PROFIT_TP_HIT,0.09
515,TRUMP_USDT,LONG,StochasticRSI(FAST_SCALP-LONG),2,0.2,1.692,1.696,1.696,1.684,2026-07-06 20:41:59 UTC,2026-07-06 20:53:51 UTC,711.46,0.3384,0.0045,0.0,0.0008,0.08,17.73,MIN_PROFIT_TP_HIT,0.0908
516,TRUMP_USDT,SHORT,StochasticRSI(FAST_SCALP-SHORT),2,0.2,1.69,1.698,1.686,1.698,2026-07-06 20:55:59 UTC,2026-07-06 21:09:04 UTC,784.91,0.338,0.0045,0.0,-0.0016,-0.15,-35.5,STOP_LOSS_HIT,0.0892
517,TRUMP_USDT,SHORT,StochasticRSI(FAST_SCALP-SHORT),2,0.2,1.71,1.706,1.706,1.718,2026-07-06 21:12:59 UTC,2026-07-06 21:14:00 UTC,60.26,0.342,0.0046,0.0,0.0008,0.08,17.54,MIN_PROFIT_TP_HIT,0.09
518,TRUMP_USDT,LONG,StochasticRSI(FAST_SCALP-LONG),2,0.2,1.707,1.711,1.711,1.699,2026-07-06 21:23:59 UTC,2026-07-06 21:26:53 UTC,173.15,0.3414,0.0046,0.0,0.0008,0.08,17.57,MIN_PROFIT_TP_HIT,0.0908
519,TRUMP_USDT,LONG,StochasticRSI(FAST_SCALP-LONG),2,0.2,1.712,1.716,1.716,1.704,2026-07-06 21:27:59 UTC,2026-07-06 21:32:46 UTC,286.68,0.3424,0.0046,0.0,0.0008,0.08,17.52,MIN_PROFIT_TP_HIT,0.0916
520,TRUMP_USDT,SHORT,StochasticRSI(FAST_SCALP-SHORT),2,0.2,1.713,1.709,1.709,1.721,2026-07-06 21:35:59 UTC,2026-07-06 21:39:01 UTC,181.89,0.3426,0.0046,0.0,0.0008,0.08,17.51,MIN_PROFIT_TP_HIT,0.0924
521,TRUMP_USDT,LONG,StochasticRSI(FAST_SCALP-LONG),2,0.2,1.71,1.714,1.714,1.702,2026-07-06 21:41:59 UTC,2026-07-06 21:43:20 UTC,80.2,0.342,0.0046,0.0,0.0008,0.08,17.54,MIN_PROFIT_TP_HIT,0.0932
522,TRUMP_USDT,SHORT,StochasticRSI(FAST_SCALP-SHORT),2,0.2,1.714,1.722,1.71,1.722,2026-07-06 21:47:59 UTC,2026-07-06 21:52:07 UTC,247.37,0.3428,0.0046,0.0,-0.0016,-0.15,-35.01,STOP_LOSS_HIT,0.0916
523,TRUMP_USDT,SHORT,StochasticRSI(FAST_SCALP-SHORT),2,0.2,1.72,1.716,1.716,1.728,2026-07-06 21:54:59 UTC,2026-07-06 21:58:55 UTC,235.64,0.344,0.0046,0.0,0.0008,0.08,17.44,MIN_PROFIT_TP_HIT,0.0924
524,TRUMP_USDT,LONG,StochasticRSI(FAST_SCALP-LONG),2,0.2,1.714,1.706,1.718,1.706,2026-07-06 22:02:59 UTC,2026-07-06 22:06:58 UTC,238.32,0.3428,0.0046,0.0,-0.0016,-0.15,-35.01,STOP_LOSS_HIT,0.0908
525,TRUMP_USDT,LONG,StochasticRSI(FAST_SCALP-LONG),2,0.2,1.706,1.698,1.71,1.698,2026-07-06 22:08:59 UTC,2026-07-06 23:10:46 UTC,3706.69,0.3412,0.0045,0.0,-0.0016,-0.15,-35.17,STOP_LOSS_HIT,0.0892
526,TRUMP_USDT,LONG,StochasticRSI(FAST_SCALP-LONG),2,0.2,1.701,1.693,1.705,1.693,2026-07-06 23:13:59 UTC,2026-07-06 23:42:17 UTC,1697.73,0.3402,0.0045,0.0,-0.0016,-0.15,-35.27,STOP_LOSS_HIT,0.0876
527,TRUMP_USDT,LONG,StochasticRSI(FAST_SCALP-LONG),2,0.2,1.696,1.7,1.7,1.688,2026-07-06 23:45:59 UTC,2026-07-07 00:19:17 UTC,1997.76,0.3392,0.0045,0.0,0.0008,0.08,17.69,MIN_PROFIT_TP_HIT,0.0884
528,TRUMP_USDT,SHORT,StochasticRSI(FAST_SCALP-SHORT),2,0.2,1.703,1.699,1.699,1.711,2026-07-07 00:23:59 UTC,2026-07-07 01:02:00 UTC,2280.69,0.3406,0.0045,0.0,0.0008,0.08,17.62,MIN_PROFIT_TP_HIT,0.0892
529,TRUMP_USDT,LONG,StochasticRSI(FAST_SCALP-LONG),2,0.2,1.687,1.691,1.691,1.679,2026-07-07 01:07:59 UTC,2026-07-07 01:10:27 UTC,147.71,0.3374,0.0045,0.0,0.0008,0.08,17.78,MIN_PROFIT_TP_HIT,0.09
530,TRUMP_USDT,SHORT,StochasticRSI(FAST_SCALP-SHORT),2,0.2,1.69,1.686,1.686,1.698,2026-07-07 01:14:59 UTC,2026-07-07 01:15:57 UTC,57.97,0.338,0.0045,0.0,0.0008,0.08,17.75,MIN_PROFIT_TP_HIT,0.0908
531,TRUMP_USDT,SHORT,StochasticRSI(FAST_SCALP-SHORT),2,0.2,1.688,1.684,1.684,1.696,2026-07-07 01:16:59 UTC,2026-07-07 01:21:02 UTC,242.6,0.3376,0.0045,0.0,0.0008,0.08,17.77,MIN_PROFIT_TP_HIT,0.0916
532,TRUMP_USDT,LONG,StochasticRSI(FAST_SCALP-LONG),2,0.2,1.685,1.689,1.689,1.677,2026-07-07 01:33:59 UTC,2026-07-07 01:45:24 UTC,684.14,0.337,0.0045,0.0,0.0008,0.08,17.8,MIN_PROFIT_TP_HIT,0.0924
533,TRUMP_USDT,SHORT,StochasticRSI(FAST_SCALP-SHORT),2,0.2,1.687,1.683,1.683,1.695,2026-07-07 01:50:59 UTC,2026-07-07 02:10:00 UTC,1140.59,0.3374,0.0045,0.0,0.0008,0.08,17.78,MIN_PROFIT_TP_HIT,0.0932
534,TRUMP_USDT,SHORT,StochasticRSI(FAST_SCALP-SHORT),2,0.2,1.684,1.68,1.68,1.692,2026-07-07 02:18:59 UTC,2026-07-07 02:23:38 UTC,278.64,0.3368,0.0045,0.0,0.0008,0.08,17.81,MIN_PROFIT_TP_HIT,0.094
535,TRUMP_USDT,LONG,StochasticRSI(FAST_SCALP-LONG),2,0.2,1.678,1.67,1.682,1.67,2026-07-07 02:27:59 UTC,2026-07-07 02:34:00 UTC,360.25,0.3356,0.0045,0.0,-0.0016,-0.15,-35.76,STOP_LOSS_HIT,0.0924
536,TRUMP_USDT,LONG,StochasticRSI(FAST_SCALP-LONG),2,0.2,1.672,1.676,1.676,1.664,2026-07-07 02:36:59 UTC,2026-07-07 02:45:46 UTC,526.58,0.3344,0.0045,0.0,0.0008,0.08,17.94,MIN_PROFIT_TP_HIT,0.0932
537,TRUMP_USDT,SHORT,StochasticRSI(FAST_SCALP-SHORT),2,0.2,1.671,1.667,1.667,1.679,2026-07-07 02:46:59 UTC,2026-07-07 02:48:09 UTC,69.88,0.3342,0.0045,0.0,0.0008,0.08,17.95,MIN_PROFIT_TP_HIT,0.094
538,TRUMP_USDT,LONG,StochasticRSI(FAST_SCALP-LONG),2,0.2,1.664,1.668,1.668,1.656,2026-07-07 02:51:59 UTC,2026-07-07 02:53:39 UTC,99.32,0.3328,0.0044,0.0,0.0008,0.08,18.03,MIN_PROFIT_TP_HIT,0.0948
539,TRUMP_USDT,SHORT,StochasticRSI(FAST_SCALP-SHORT),2,0.2,1.667,1.663,1.663,1.675,2026-07-07 03:02:59 UTC,2026-07-07 03:15:03 UTC,723.99,0.3334,0.0044,0.0,0.0008,0.08,18.0,MIN_PROFIT_TP_HIT,0.0956
540,TRUMP_USDT,LONG,StochasticRSI(FAST_SCALP-LONG),2,0.2,1.667,1.659,1.671,1.659,2026-07-07 03:17:59 UTC,2026-07-07 03:23:42 UTC,342.91,0.3334,0.0044,0.0,-0.0016,-0.15,-35.99,STOP_LOSS_HIT,0.094
541,TRUMP_USDT,LONG,StochasticRSI(FAST_SCALP-LONG),2,0.2,1.661,1.665,1.665,1.653,2026-07-07 03:30:59 UTC,2026-07-07 03:36:57 UTC,357.93,0.3322,0.0044,0.0,0.0008,0.08,18.06,MIN_PROFIT_TP_HIT,0.0948
542,TRUMP_USDT,SHORT,StochasticRSI(FAST_SCALP-SHORT),2,0.2,1.664,1.66,1.66,1.672,2026-07-07 03:41:59 UTC,2026-07-07 03:49:36 UTC,456.11,0.3328,0.0044,0.0,0.0008,0.08,18.03,MIN_PROFIT_TP_HIT,0.0956
543,TRUMP_USDT,SHORT,StochasticRSI(FAST_SCALP-SHORT),2,0.2,1.663,1.671,1.659,1.671,2026-07-07 04:02:59 UTC,2026-07-07 04:28:00 UTC,1500.67,0.3326,0.0044,0.0,-0.0016,-0.15,-36.08,STOP_LOSS_HIT,0.094
544,TRUMP_USDT,SHORT,StochasticRSI(FAST_SCALP-SHORT),2,0.2,1.674,1.67,1.67,1.682,2026-07-07 04:31:59 UTC,2026-07-07 04:34:39 UTC,159.09,0.3348,0.0045,0.0,0.0008,0.08,17.92,MIN_PROFIT_TP_HIT,0.0948
545,TRUMP_USDT,LONG,StochasticRSI(FAST_SCALP-LONG),2,0.2,1.67,1.662,1.674,1.662,2026-07-07 04:39:59 UTC,2026-07-07 05:14:30 UTC,2070.04,0.334,0.0045,0.0,-0.0016,-0.15,-35.93,STOP_LOSS_HIT,0.0932
546,TRUMP_USDT,LONG,StochasticRSI(FAST_SCALP-LONG),2,0.2,1.663,1.667,1.667,1.655,2026-07-07 05:18:59 UTC,2026-07-07 05:30:48 UTC,708.21,0.3326,0.0044,0.0,0.0008,0.08,18.04,MIN_PROFIT_TP_HIT,0.094
547,TRUMP_USDT,SHORT,StochasticRSI(FAST_SCALP-SHORT),2,0.2,1.674,1.67,1.67,1.682,2026-07-07 05:37:59 UTC,2026-07-07 05:45:45 UTC,465.09,0.3348,0.0045,0.0,0.0008,0.08,17.92,MIN_PROFIT_TP_HIT,0.0948
548,TRUMP_USDT,LONG,StochasticRSI(FAST_SCALP-LONG),2,0.2,1.67,1.662,1.674,1.662,2026-07-07 05:47:59 UTC,2026-07-07 06:25:07 UTC,2227.53,0.334,0.0045,0.0,-0.0016,-0.15,-35.93,STOP_LOSS_HIT,0.0932
549,TRUMP_USDT,LONG,StochasticRSI(FAST_SCALP-LONG),2,0.2,1.666,1.67,1.67,1.658,2026-07-07 06:27:59 UTC,2026-07-07 06:34:21 UTC,381.01,0.3332,0.0044,0.0,0.0008,0.08,18.01,MIN_PROFIT_TP_HIT,0.094
550,TRUMP_USDT,SHORT,StochasticRSI(FAST_SCALP-SHORT),2,0.2,1.67,1.666,1.666,1.678,2026-07-07 06:43:59 UTC,2026-07-07 07:03:48 UTC,1188.03,0.334,0.0045,0.0,0.0008,0.08,17.96,MIN_PROFIT_TP_HIT,0.0948
551,TRUMP_USDT,LONG,StochasticRSI(FAST_SCALP-LONG),2,0.2,1.666,1.658,1.67,1.658,2026-07-07 07:08:59 UTC,2026-07-07 07:26:08 UTC,1028.95,0.3332,0.0044,0.0,-0.0016,-0.15,-36.01,STOP_LOSS_HIT,0.0932
552,TRUMP_USDT,LONG,StochasticRSI(FAST_SCALP-LONG),2,0.2,1.654,1.646,1.658,1.646,2026-07-07 07:29:59 UTC,2026-07-07 07:36:05 UTC,365.19,0.3308,0.0044,0.0,-0.0016,-0.15,-36.28,STOP_LOSS_HIT,0.0916
553,TRUMP_USDT,LONG,StochasticRSI(FAST_SCALP-LONG),2,0.2,1.649,1.653,1.653,1.641,2026-07-07 07:39:59 UTC,2026-07-07 07:44:18 UTC,259.0,0.3298,0.0044,0.0,0.0008,0.08,18.19,MIN_PROFIT_TP_HIT,0.0924
554,TRUMP_USDT,SHORT,StochasticRSI(FAST_SCALP-SHORT),2,0.2,1.652,1.648,1.648,1.66,2026-07-07 07:47:59 UTC,2026-07-07 07:58:29 UTC,629.28,0.3304,0.0044,0.0,0.0008,0.08,18.16,MIN_PROFIT_TP_HIT,0.0932
555,TRUMP_USDT,LONG,StochasticRSI(FAST_SCALP-LONG),2,0.2,1.651,1.655,1.655,1.643,2026-07-07 08:01:59 UTC,2026-07-07 08:19:48 UTC,1068.69,0.3302,0.0044,0.0,0.0008,0.08,18.17,MIN_PROFIT_TP_HIT,0.094
556,TRUMP_USDT,SHORT,StochasticRSI(FAST_SCALP-SHORT),2,0.2,1.655,1.651,1.651,1.663,2026-07-07 08:23:59 UTC,2026-07-07 08:31:09 UTC,429.02,0.331,0.0044,0.0,0.0008,0.08,18.13,MIN_PROFIT_TP_HIT,0.0948
557,TRUMP_USDT,LONG,StochasticRSI(FAST_SCALP-LONG),2,0.2,1.653,1.657,1.657,1.645,2026-07-07 08:34:59 UTC,2026-07-07 08:40:08 UTC,308.02,0.3306,0.0044,0.0,0.0008,0.08,18.15,MIN_PROFIT_TP_HIT,0.0956
558,TRUMP_USDT,SHORT,StochasticRSI(FAST_SCALP-SHORT),2,0.2,1.656,1.664,1.652,1.664,2026-07-07 08:44:59 UTC,2026-07-07 09:44:20 UTC,3560.12,0.3312,0.0044,0.0,-0.0016,-0.15,-36.23,STOP_LOSS_HIT,0.094
559,TRUMP_USDT,SHORT,StochasticRSI(FAST_SCALP-SHORT),2,0.2,1.662,1.658,1.658,1.67,2026-07-07 09:45:59 UTC,2026-07-07 11:10:08 UTC,5048.87,0.3324,0.0044,0.0,0.0008,0.08,18.05,MIN_PROFIT_TP_HIT,0.0948
560,TRUMP_USDT,LONG,StochasticRSI(FAST_SCALP-LONG),2,0.2,1.659,1.663,1.663,1.651,2026-07-07 11:12:59 UTC,2026-07-07 11:18:36 UTC,336.5,0.3318,0.0044,0.0,0.0008,0.08,18.08,MIN_PROFIT_TP_HIT,0.0956
561,TRUMP_USDT,LONG,StochasticRSI(FAST_SCALP-LONG),2,0.2,1.659,1.663,1.663,1.651,2026-07-07 11:32:59 UTC,2026-07-07 11:50:01 UTC,1021.56,0.3318,0.0044,0.0,0.0008,0.08,18.08,MIN_PROFIT_TP_HIT,0.0964
562,TRUMP_USDT,SHORT,StochasticRSI(FAST_SCALP-SHORT),2,0.2,1.663,1.671,1.659,1.671,2026-07-07 11:53:59 UTC,2026-07-07 12:06:43 UTC,763.7,0.3326,0.0044,0.0,-0.0016,-0.15,-36.08,STOP_LOSS_HIT,0.0948
563,TRUMP_USDT,SHORT,StochasticRSI(FAST_SCALP-SHORT),2,0.2,1.671,1.667,1.667,1.679,2026-07-07 12:09:59 UTC,2026-07-07 12:20:08 UTC,608.67,0.3342,0.0045,0.0,0.0008,0.08,17.95,MIN_PROFIT_TP_HIT,0.0956
564,TRUMP_USDT,LONG,StochasticRSI(FAST_SCALP-LONG),2,0.2,1.669,1.661,1.673,1.661,2026-07-07 12:24:59 UTC,2026-07-07 12:35:32 UTC,632.17,0.3338,0.0045,0.0,-0.0016,-0.15,-35.95,STOP_LOSS_HIT,0.094
565,TRUMP_USDT,LONG,StochasticRSI(FAST_SCALP-LONG),2,0.2,1.661,1.653,1.665,1.653,2026-07-07 12:39:59 UTC,2026-07-07 13:01:16 UTC,1276.27,0.3322,0.0044,0.0,-0.0016,-0.15,-36.12,STOP_LOSS_HIT,0.0924
566,TRUMP_USDT,LONG,StochasticRSI(FAST_SCALP-LONG),2,0.2,1.654,1.646,1.658,1.646,2026-07-07 13:07:59 UTC,2026-07-07 13:25:01 UTC,1021.37,0.3308,0.0044,0.0,-0.0016,-0.15,-36.28,STOP_LOSS_HIT,0.0908
567,TRUMP_USDT,LONG,StochasticRSI(FAST_SCALP-LONG),2,0.2,1.647,1.651,1.651,1.639,2026-07-07 13:30:59 UTC,2026-07-07 13:40:35 UTC,575.98,0.3294,0.0044,0.0,0.0008,0.08,18.21,MIN_PROFIT_TP_HIT,0.0916
568,TRUMP_USDT,SHORT,StochasticRSI(FAST_SCALP-SHORT),2,0.2,1.658,1.654,1.654,1.666,2026-07-07 13:48:59 UTC,2026-07-07 13:51:10 UTC,130.57,0.3316,0.0044,0.0,0.0008,0.08,18.09,MIN_PROFIT_TP_HIT,0.0924
569,TRUMP_USDT,LONG,StochasticRSI(FAST_SCALP-LONG),2,0.2,1.647,1.651,1.651,1.639,2026-07-07 13:58:59 UTC,2026-07-07 14:02:54 UTC,234.31,0.3294,0.0044,0.0,0.0008,0.08,18.21,MIN_PROFIT_TP_HIT,0.0932
570,TRUMP_USDT,SHORT,StochasticRSI(FAST_SCALP-SHORT),2,0.2,1.653,1.649,1.649,1.661,2026-07-07 14:09:59 UTC,2026-07-07 14:11:55 UTC,115.36,0.3306,0.0044,0.0,0.0008,0.08,18.15,MIN_PROFIT_TP_HIT,0.094
571,TRUMP_USDT,LONG,StochasticRSI(FAST_SCALP-LONG),2,0.2,1.646,1.65,1.65,1.638,2026-07-07 14:14:59 UTC,2026-07-07 14:16:03 UTC,63.89,0.3292,0.0044,0.0,0.0008,0.08,18.23,MIN_PROFIT_TP_HIT,0.0948
572,TRUMP_USDT,LONG,StochasticRSI(FAST_SCALP-LONG),2,0.2,1.649,1.641,1.653,1.641,2026-07-07 14:18:59 UTC,2026-07-07 14:25:07 UTC,368.0,0.3298,0.0044,0.0,-0.0016,-0.15,-36.39,STOP_LOSS_HIT,0.0932
573,TRUMP_USDT,LONG,StochasticRSI(FAST_SCALP-LONG),2,0.2,1.65,1.654,1.654,1.642,2026-07-07 14:28:59 UTC,2026-07-07 14:30:01 UTC,61.04,0.33,0.0044,0.0,0.0008,0.08,18.18,MIN_PROFIT_TP_HIT,0.094
574,TRUMP_USDT,SHORT,StochasticRSI(FAST_SCALP-SHORT),2,0.2,1.654,1.65,1.65,1.662,2026-07-07 14:32:59 UTC,2026-07-07 14:35:24 UTC,144.04,0.3308,0.0044,0.0,0.0008,0.08,18.14,MIN_PROFIT_TP_HIT,0.0948
575,TRUMP_USDT,LONG,StochasticRSI(FAST_SCALP-LONG),2,0.2,1.644,1.648,1.648,1.636,2026-07-07 14:40:59 UTC,2026-07-07 14:45:26 UTC,266.55,0.3288,0.0044,0.0,0.0008,0.08,18.25,MIN_PROFIT_TP_HIT,0.0956
576,TRUMP_USDT,SHORT,StochasticRSI(FAST_SCALP-SHORT),2,0.2,1.669,1.665,1.665,1.677,2026-07-07 14:56:59 UTC,2026-07-07 15:03:24 UTC,384.44,0.3338,0.0045,0.0,0.0008,0.08,17.97,MIN_PROFIT_TP_HIT,0.0964
577,TRUMP_USDT,LONG,StochasticRSI(FAST_SCALP-LONG),2,0.2,1.672,1.676,1.676,1.664,2026-07-07 15:07:59 UTC,2026-07-07 15:11:38 UTC,218.2,0.3344,0.0045,0.0,0.0008,0.08,17.94,MIN_PROFIT_TP_HIT,0.0972
578,TRUMP_USDT,SHORT,StochasticRSI(FAST_SCALP-SHORT),2,0.2,1.676,1.672,1.672,1.684,2026-07-07 15:14:59 UTC,2026-07-07 15:17:45 UTC,165.05,0.3352,0.0045,0.0,0.0008,0.08,17.9,MIN_PROFIT_TP_HIT,0.098
579,TRUMP_USDT,LONG,StochasticRSI(FAST_SCALP-LONG),2,0.2,1.675,1.679,1.679,1.667,2026-07-07 15:23:59 UTC,2026-07-07 15:36:05 UTC,725.71,0.335,0.0045,0.0,0.0008,0.08,17.91,MIN_PROFIT_TP_HIT,0.0988
580,TRUMP_USDT,LONG,StochasticRSI(FAST_SCALP-LONG),2,0.2,1.678,1.682,1.682,1.67,2026-07-07 15:44:59 UTC,2026-07-07 15:45:10 UTC,10.87,0.3356,0.0045,0.0,0.0008,0.08,17.88,MIN_PROFIT_TP_HIT,0.0996
581,TRUMP_USDT,SHORT,StochasticRSI(FAST_SCALP-SHORT),2,0.2,1.685,1.681,1.681,1.693,2026-07-07 15:50:59 UTC,2026-07-07 16:01:59 UTC,659.7,0.337,0.0045,0.0,0.0008,0.08,17.8,MIN_PROFIT_TP_HIT,0.1004
582,TRUMP_USDT,LONG,StochasticRSI(FAST_SCALP-LONG),2,0.2,1.682,1.686,1.686,1.674,2026-07-07 16:05:59 UTC,2026-07-07 16:20:44 UTC,884.27,0.3364,0.0045,0.0,0.0008,0.08,17.84,MIN_PROFIT_TP_HIT,0.1012
583,TRUMP_USDT,SHORT,StochasticRSI(FAST_SCALP-SHORT),2,0.2,1.686,1.682,1.682,1.694,2026-07-07 16:26:59 UTC,2026-07-07 16:33:53 UTC,413.91,0.3372,0.0045,0.0,0.0008,0.08,17.79,MIN_PROFIT_TP_HIT,0.102
584,TRUMP_USDT,LONG,StochasticRSI(FAST_SCALP-LONG),2,0.2,1.684,1.688,1.688,1.676,2026-07-07 16:35:59 UTC,2026-07-07 16:51:53 UTC,953.77,0.3368,0.0045,0.0,0.0008,0.08,17.81,MIN_PROFIT_TP_HIT,0.1028
585,TRUMP_USDT,SHORT,StochasticRSI(FAST_SCALP-SHORT),2,0.2,1.691,1.687,1.687,1.699,2026-07-07 16:58:59 UTC,2026-07-07 17:03:19 UTC,259.35,0.3382,0.0045,0.0,0.0008,0.08,17.74,MIN_PROFIT_TP_HIT,0.1036
586,TRUMP_USDT,LONG,StochasticRSI(FAST_SCALP-LONG),2,0.2,1.688,1.68,1.692,1.68,2026-07-07 17:06:59 UTC,2026-07-07 17:15:59 UTC,539.49,0.3376,0.0045,0.0,-0.0016,-0.15,-35.55,STOP_LOSS_HIT,0.102
587,TRUMP_USDT,LONG,StochasticRSI(FAST_SCALP-LONG),2,0.2,1.68,1.684,1.684,1.672,2026-07-07 17:20:59 UTC,2026-07-07 17:27:55 UTC,415.2,0.336,0.0045,0.0,0.0008,0.08,17.86,MIN_PROFIT_TP_HIT,0.1028
588,TRUMP_USDT,SHORT,StochasticRSI(FAST_SCALP-SHORT),2,0.2,1.681,1.677,1.677,1.689,2026-07-07 17:30:59 UTC,2026-07-07 17:32:37 UTC,97.57,0.3362,0.0045,0.0,0.0008,0.08,17.85,MIN_PROFIT_TP_HIT,0.1036
589,TRUMP_USDT,LONG,StochasticRSI(FAST_SCALP-LONG),2,0.2,1.682,1.674,1.686,1.674,2026-07-07 17:36:59 UTC,2026-07-07 17:50:11 UTC,791.49,0.3364,0.0045,0.0,-0.0016,-0.15,-35.67,STOP_LOSS_HIT,0.102
590,TRUMP_USDT,LONG,StochasticRSI(FAST_SCALP-LONG),2,0.2,1.677,1.681,1.681,1.669,2026-07-07 17:54:59 UTC,2026-07-07 17:58:24 UTC,204.62,0.3354,0.0045,0.0,0.0008,0.08,17.89,MIN_PROFIT_TP_HIT,0.1028
591,TRUMP_USDT,SHORT,StochasticRSI(FAST_SCALP-SHORT),2,0.2,1.68,1.676,1.676,1.688,2026-07-07 17:59:59 UTC,2026-07-07 18:00:42 UTC,42.43,0.336,0.0045,0.0,0.0008,0.08,17.86,MIN_PROFIT_TP_HIT,0.1036
592,TRUMP_USDT,LONG,StochasticRSI(FAST_SCALP-LONG),2,0.2,1.67,1.674,1.674,1.662,2026-07-07 18:06:59 UTC,2026-07-07 18:19:46 UTC,766.99,0.334,0.0045,0.0,0.0008,0.08,17.96,MIN_PROFIT_TP_HIT,0.1044
593,TRUMP_USDT,SHORT,StochasticRSI(FAST_SCALP-SHORT),2,0.2,1.673,1.669,1.669,1.681,2026-07-07 18:23:59 UTC,2026-07-07 18:24:53 UTC,53.04,0.3346,0.0045,0.0,0.0008,0.08,17.93,MIN_PROFIT_TP_HIT,0.1052
594,TRUMP_USDT,LONG,StochasticRSI(FAST_SCALP-LONG),2,0.2,1.669,1.673,1.673,1.661,2026-07-07 18:31:59 UTC,2026-07-07 18:38:19 UTC,379.62,0.3338,0.0045,0.0,0.0008,0.08,17.97,MIN_PROFIT_TP_HIT,0.106
595,TRUMP_USDT,SHORT,StochasticRSI(FAST_SCALP-SHORT),2,0.2,1.674,1.67,1.67,1.682,2026-07-07 18:39:59 UTC,2026-07-07 18:49:15 UTC,555.13,0.3348,0.0045,0.0,0.0008,0.08,17.92,MIN_PROFIT_TP_HIT,0.1068
596,TRUMP_USDT,LONG,StochasticRSI(FAST_SCALP-LONG),2,0.2,1.661,1.653,1.665,1.653,2026-07-07 18:54:59 UTC,2026-07-07 19:00:12 UTC,312.12,0.3322,0.0044,0.0,-0.0016,-0.15,-36.12,STOP_LOSS_HIT,0.1052
597,TRUMP_USDT,SHORT,StochasticRSI(FAST_SCALP-SHORT),2,0.2,1.651,1.659,1.647,1.659,2026-07-07 19:07:59 UTC,2026-07-07 19:15:00 UTC,420.2,0.3302,0.0044,0.0,-0.0016,-0.15,-36.34,STOP_LOSS_HIT,0.1036
598,TRUMP_USDT,SHORT,StochasticRSI(FAST_SCALP-SHORT),2,0.2,1.656,1.652,1.652,1.664,2026-07-07 19:17:59 UTC,2026-07-07 19:18:27 UTC,27.96,0.3312,0.0044,0.0,0.0008,0.08,18.12,MIN_PROFIT_TP_HIT,0.1044
599,TRUMP_USDT,LONG,StochasticRSI(FAST_SCALP-LONG),2,0.2,1.653,1.657,1.657,1.645,2026-07-07 19:24:59 UTC,2026-07-07 19:27:48 UTC,168.23,0.3306,0.0044,0.0,0.0008,0.08,18.15,MIN_PROFIT_TP_HIT,0.1052
600,TRUMP_USDT,SHORT,StochasticRSI(FAST_SCALP-SHORT),2,0.2,1.666,1.662,1.662,1.674,2026-07-07 19:36:59 UTC,2026-07-07 19:53:07 UTC,967.58,0.3332,0.0044,0.0,0.0008,0.08,18.01,MIN_PROFIT_TP_HIT,0.106
601,TRUMP_USDT,LONG,StochasticRSI(FAST_SCALP-LONG),2,0.2,1.663,1.667,1.667,1.655,2026-07-07 19:55:59 UTC,2026-07-07 20:04:03 UTC,483.46,0.3326,0.0044,0.0,0.0008,0.08,18.04,MIN_PROFIT_TP_HIT,0.1068
602,TRUMP_USDT,LONG,StochasticRSI(FAST_SCALP-LONG),2,0.2,1.664,1.656,1.668,1.656,2026-07-07 20:10:59 UTC,2026-07-07 20:42:13 UTC,1873.61,0.3328,0.0044,0.0,-0.0016,-0.15,-36.06,STOP_LOSS_HIT,0.1052
603,TRUMP_USDT,LONG,StochasticRSI(FAST_SCALP-LONG),2,0.2,1.652,1.644,1.656,1.644,2026-07-07 20:53:59 UTC,2026-07-07 20:54:47 UTC,47.85,0.3304,0.0044,0.0,-0.0016,-0.15,-36.32,STOP_LOSS_HIT,0.1036
604,TRUMP_USDT,SHORT,StochasticRSI(FAST_SCALP-SHORT),2,0.2,1.652,1.66,1.648,1.66,2026-07-07 21:03:59 UTC,2026-07-07 21:13:00 UTC,540.27,0.3304,0.0044,0.0,-0.0016,-0.15,-36.32,STOP_LOSS_HIT,0.102
605,TRUMP_USDT,SHORT,StochasticRSI(FAST_SCALP-SHORT),2,0.2,1.66,1.656,1.656,1.668,2026-07-07 21:15:59 UTC,2026-07-07 21:16:25 UTC,25.62,0.332,0.0044,0.0,0.0008,0.08,18.07,MIN_PROFIT_TP_HIT,0.1028
606,TRUMP_USDT,LONG,StochasticRSI(FAST_SCALP-LONG),2,0.2,1.65,1.642,1.654,1.642,2026-07-07 21:23:59 UTC,2026-07-07 21:38:51 UTC,891.43,0.33,0.0044,0.0,-0.0016,-0.15,-36.36,STOP_LOSS_HIT,0.1012
607,TRUMP_USDT,LONG,StochasticRSI(FAST_SCALP-LONG),2,0.2,1.646,1.65,1.65,1.638,2026-07-07 21:42:59 UTC,2026-07-07 21:49:41 UTC,401.65,0.3292,0.0044,0.0,0.0008,0.08,18.23,MIN_PROFIT_TP_HIT,0.102
608,TRUMP_USDT,LONG,StochasticRSI(FAST_SCALP-LONG),2,0.2,1.64,1.632,1.644,1.632,2026-07-07 21:57:59 UTC,2026-07-07 22:00:50 UTC,170.19,0.328,0.0044,0.0,-0.0016,-0.15,-36.59,STOP_LOSS_HIT,0.1004
609,TRUMP_USDT,SHORT,StochasticRSI(FAST_SCALP-SHORT),2,0.2,1.641,1.649,1.637,1.649,2026-07-07 22:10:59 UTC,2026-07-07 22:53:08 UTC,2528.52,0.3282,0.0044,0.0,-0.0016,-0.15,-36.56,STOP_LOSS_HIT,0.0988
610,TRUMP_USDT,SHORT,StochasticRSI(FAST_SCALP-SHORT),2,0.2,1.645,1.653,1.641,1.653,2026-07-07 22:54:59 UTC,2026-07-07 23:35:59 UTC,2459.81,0.329,0.0044,0.0,-0.0016,-0.15,-36.47,STOP_LOSS_HIT,0.0972
611,TRUMP_USDT,SHORT,StochasticRSI(FAST_SCALP-SHORT),2,0.2,1.651,1.647,1.647,1.659,2026-07-07 23:37:59 UTC,2026-07-07 23:39:48 UTC,108.01,0.3302,0.0044,0.0,0.0008,0.08,18.17,MIN_PROFIT_TP_HIT,0.098
612,TRUMP_USDT,LONG,StochasticRSI(FAST_SCALP-LONG),2,0.2,1.645,1.649,1.649,1.637,2026-07-07 23:46:59 UTC,2026-07-07 23:48:07 UTC,67.82,0.329,0.0044,0.0,0.0008,0.08,18.24,MIN_PROFIT_TP_HIT,0.0988
613,TRUMP_USDT,SHORT,StochasticRSI(FAST_SCALP-SHORT),2,0.2,1.646,1.654,1.642,1.654,2026-07-07 23:51:59 UTC,2026-07-08 00:05:54 UTC,834.6,0.3292,0.0044,0.0,-0.0016,-0.15,-36.45,STOP_LOSS_HIT,0.0972
614,TRUMP_USDT,SHORT,StochasticRSI(FAST_SCALP-SHORT),2,0.2,1.651,1.647,1.647,1.659,2026-07-08 00:08:59 UTC,2026-07-08 00:10:52 UTC,112.55,0.3302,0.0044,0.0,0.0008,0.08,18.17,MIN_PROFIT_TP_HIT,0.098
615,TRUMP_USDT,LONG,StochasticRSI(FAST_SCALP-LONG),2,0.2,1.648,1.652,1.652,1.64,2026-07-08 00:14:59 UTC,2026-07-08 00:15:31 UTC,31.22,0.3296,0.0044,0.0,0.0008,0.08,18.2,MIN_PROFIT_TP_HIT,0.0988
616,TRUMP_USDT,LONG,StochasticRSI(FAST_SCALP-LONG),2,0.2,1.647,1.651,1.651,1.639,2026-07-08 00:18:59 UTC,2026-07-08 00:19:56 UTC,56.29,0.3294,0.0044,0.0,0.0008,0.08,18.21,MIN_PROFIT_TP_HIT,0.0996
617,TRUMP_USDT,SHORT,StochasticRSI(FAST_SCALP-SHORT),2,0.2,1.651,1.647,1.647,1.659,2026-07-08 00:30:59 UTC,2026-07-08 00:32:24 UTC,84.33,0.3302,0.0044,0.0,0.0008,0.08,18.17,MIN_PROFIT_TP_HIT,0.1004
618,TRUMP_USDT,LONG,StochasticRSI(FAST_SCALP-LONG),2,0.2,1.65,1.654,1.654,1.642,2026-07-08 00:37:59 UTC,2026-07-08 00:43:44 UTC,344.65,0.33,0.0044,0.0,0.0008,0.08,18.18,MIN_PROFIT_TP_HIT,0.1012
619,TRUMP_USDT,SHORT,StochasticRSI(FAST_SCALP-SHORT),2,0.2,1.653,1.649,1.649,1.661,2026-07-08 00:45:59 UTC,2026-07-08 00:58:38 UTC,758.11,0.3306,0.0044,0.0,0.0008,0.08,18.15,MIN_PROFIT_TP_HIT,0.102
620,TRUMP_USDT,LONG,StochasticRSI(FAST_SCALP-LONG),2,0.2,1.647,1.639,1.651,1.639,2026-07-08 01:02:59 UTC,2026-07-08 01:30:08 UTC,1628.55,0.3294,0.0044,0.0,-0.0016,-0.15,-36.43,STOP_LOSS_HIT,0.1004
621,TRUMP_USDT,LONG,StochasticRSI(FAST_SCALP-LONG),2,0.2,1.61,1.614,1.614,1.602,2026-07-08 01:39:59 UTC,2026-07-08 01:42:57 UTC,177.32,0.322,0.0043,0.0,0.0008,0.08,18.63,MIN_PROFIT_TP_HIT,0.1012
622,TRUMP_USDT,SHORT,StochasticRSI(FAST_SCALP-SHORT),2,0.2,1.617,1.613,1.613,1.625,2026-07-08 01:47:59 UTC,2026-07-08 01:50:02 UTC,122.94,0.3234,0.0043,0.0,0.0008,0.08,18.55,MIN_PROFIT_TP_HIT,0.102
623,TRUMP_USDT,LONG,StochasticRSI(FAST_SCALP-LONG),2,0.2,1.612,1.604,1.616,1.604,2026-07-08 01:58:59 UTC,2026-07-08 02:00:27 UTC,87.84,0.3224,0.0043,0.0,-0.0016,-0.15,-37.22,STOP_LOSS_HIT,0.1004
624,TRUMP_USDT,LONG,StochasticRSI(FAST_SCALP-LONG),2,0.2,1.602,1.606,1.606,1.594,2026-07-08 02:04:59 UTC,2026-07-08 02:13:39 UTC,519.75,0.3204,0.0043,0.0,0.0008,0.08,18.73,MIN_PROFIT_TP_HIT,0.1012
625,TRUMP_USDT,SHORT,StochasticRSI(FAST_SCALP-SHORT),2,0.2,1.6,1.596,1.596,1.608,2026-07-08 02:15:59 UTC,2026-07-08 02:16:51 UTC,51.17,0.32,0.0043,0.0,0.0008,0.08,18.75,MIN_PROFIT_TP_HIT,0.102
626,TRUMP_USDT,SHORT,StochasticRSI(FAST_SCALP-SHORT),2,0.2,1.597,1.605,1.593,1.605,2026-07-08 02:21:59 UTC,2026-07-08 02:28:02 UTC,362.05,0.3194,0.0043,0.0,-0.0016,-0.15,-37.57,STOP_LOSS_HIT,0.1004
627,TRUMP_USDT,SHORT,StochasticRSI(FAST_SCALP-SHORT),2,0.2,1.605,1.601,1.601,1.613,2026-07-08 02:31:59 UTC,2026-07-08 02:32:37 UTC,37.6,0.321,0.0043,0.0,0.0008,0.08,18.69,MIN_PROFIT_TP_HIT,0.1012
628,TRUMP_USDT,LONG,StochasticRSI(FAST_SCALP-LONG),2,0.2,1.606,1.61,1.61,1.598,2026-07-08 02:37:59 UTC,2026-07-08 02:40:46 UTC,166.67,0.3212,0.0043,0.0,0.0008,0.08,18.68,MIN_PROFIT_TP_HIT,0.102
629,TRUMP_USDT,SHORT,StochasticRSI(FAST_SCALP-SHORT),2,0.2,1.614,1.622,1.61,1.622,2026-07-08 02:44:59 UTC,2026-07-08 03:11:06 UTC,1566.14,0.3228,0.0043,0.0,-0.0016,-0.15,-37.17,STOP_LOSS_HIT,0.1004
630,TRUMP_USDT,SHORT,StochasticRSI(FAST_SCALP-SHORT),2,0.2,1.622,1.618,1.618,1.63,2026-07-08 03:16:59 UTC,2026-07-08 03:20:16 UTC,196.41,0.3244,0.0043,0.0,0.0008,0.08,18.5,MIN_PROFIT_TP_HIT,0.1012
631,TRUMP_USDT,LONG,StochasticRSI(FAST_SCALP-LONG),2,0.2,1.621,1.613,1.625,1.613,2026-07-08 03:21:59 UTC,2026-07-08 03:40:49 UTC,1129.06,0.3242,0.0043,0.0,-0.0016,-0.15,-37.01,STOP_LOSS_HIT,0.0996
632,TRUMP_USDT,SHORT,StochasticRSI(FAST_SCALP-SHORT),2,0.2,1.614,1.61,1.61,1.622,2026-07-08 03:50:59 UTC,2026-07-08 03:54:52 UTC,232.16,0.3228,0.0043,0.0,0.0008,0.08,18.59,MIN_PROFIT_TP_HIT,0.1004
633,TRUMP_USDT,LONG,StochasticRSI(FAST_SCALP-LONG),2,0.2,1.611,1.615,1.615,1.603,2026-07-08 03:57:59 UTC,2026-07-08 04:23:39 UTC,1539.19,0.3222,0.0043,0.0,0.0008,0.08,18.62,MIN_PROFIT_TP_HIT,0.1012
634,TRUMP_USDT,SHORT,StochasticRSI(FAST_SCALP-SHORT),2,0.2,1.615,1.611,1.611,1.623,2026-07-08 04:28:59 UTC,2026-07-08 04:33:08 UTC,248.86,0.323,0.0043,0.0,0.0008,0.08,18.58,MIN_PROFIT_TP_HIT,0.102
635,TRUMP_USDT,LONG,StochasticRSI(FAST_SCALP-LONG),2,0.2,1.612,1.616,1.616,1.604,2026-07-08 04:36:59 UTC,2026-07-08 05:00:19 UTC,1399.82,0.3224,0.0043,0.0,0.0008,0.08,18.61,MIN_PROFIT_TP_HIT,0.1028
636,TRUMP_USDT,SHORT,StochasticRSI(FAST_SCALP-SHORT),2,0.2,1.613,1.621,1.609,1.621,2026-07-08 05:02:59 UTC,2026-07-08 05:10:49 UTC,469.62,0.3226,0.0043,0.0,-0.0016,-0.15,-37.2,STOP_LOSS_HIT,0.1012
637,TRUMP_USDT,SHORT,StochasticRSI(FAST_SCALP-SHORT),2,0.2,1.62,1.616,1.616,1.628,2026-07-08 05:12:59 UTC,2026-07-08 05:22:36 UTC,576.23,0.324,0.0043,0.0,0.0008,0.08,18.52,MIN_PROFIT_TP_HIT,0.102
638,TRUMP_USDT,LONG,StochasticRSI(FAST_SCALP-LONG),2,0.2,1.615,1.607,1.619,1.607,2026-07-08 05:26:59 UTC,2026-07-08 05:46:45 UTC,1185.84,0.323,0.0043,0.0,-0.0016,-0.15,-37.15,STOP_LOSS_HIT,0.1004
639,TRUMP_USDT,LONG,StochasticRSI(FAST_SCALP-LONG),2,0.2,1.606,1.61,1.61,1.598,2026-07-08 05:50:59 UTC,2026-07-08 06:05:09 UTC,849.94,0.3212,0.0043,0.0,0.0008,0.08,18.68,MIN_PROFIT_TP_HIT,0.1012
640,TRUMP_USDT,SHORT,StochasticRSI(FAST_SCALP-SHORT),2,0.2,1.608,1.604,1.604,1.616,2026-07-08 06:06:59 UTC,2026-07-08 06:11:57 UTC,297.07,0.3216,0.0043,0.0,0.0008,0.08,18.66,MIN_PROFIT_TP_HIT,0.102
641,TRUMP_USDT,LONG,StochasticRSI(FAST_SCALP-LONG),2,0.2,1.604,1.608,1.608,1.596,2026-07-08 06:15:59 UTC,2026-07-08 06:17:49 UTC,109.86,0.3208,0.0043,0.0,0.0008,0.08,18.7,MIN_PROFIT_TP_HIT,0.1028
642,TRUMP_USDT,LONG,StochasticRSI(FAST_SCALP-LONG),2,0.2,1.598,1.59,1.602,1.59,2026-07-08 06:59:59 UTC,2026-07-08 07:00:21 UTC,21.58,0.3196,0.0043,0.0,-0.0016,-0.15,-37.55,STOP_LOSS_HIT,0.1012
643,TRUMP_USDT,SHORT,StochasticRSI(FAST_SCALP-SHORT),2,0.2,1.6,1.596,1.596,1.608,2026-07-08 07:16:59 UTC,2026-07-08 07:52:48 UTC,2148.46,0.32,0.0043,0.0,0.0008,0.08,18.75,MIN_PROFIT_TP_HIT,0.102
644,TRUMP_USDT,LONG,StochasticRSI(FAST_SCALP-LONG),2,0.2,1.599,1.603,1.603,1.591,2026-07-08 07:53:59 UTC,2026-07-08 08:03:33 UTC,573.03,0.3198,0.0043,0.0,0.0008,0.08,18.76,MIN_PROFIT_TP_HIT,0.1028
645,TRUMP_USDT,SHORT,StochasticRSI(FAST_SCALP-SHORT),2,0.2,1.598,1.594,1.594,1.606,2026-07-08 08:07:59 UTC,2026-07-08 08:16:49 UTC,529.93,0.3196,0.0043,0.0,0.0008,0.08,18.77,MIN_PROFIT_TP_HIT,0.1036
646,TRUMP_USDT,LONG,StochasticRSI(FAST_SCALP-LONG),2,0.2,1.58,1.572,1.584,1.572,2026-07-08 08:21:59 UTC,2026-07-08 08:24:00 UTC,120.26,0.316,0.0042,0.0,-0.0016,-0.15,-37.97,STOP_LOSS_HIT,0.102
647,TRUMP_USDT,LONG,StochasticRSI(FAST_SCALP-LONG),2,0.2,1.577,1.569,1.581,1.569,2026-07-08 08:25:59 UTC,2026-07-08 08:27:16 UTC,76.68,0.3154,0.0042,0.0,-0.0016,-0.15,-38.05,STOP_LOSS_HIT,0.1004
648,TRUMP_USDT,SHORT,StochasticRSI(FAST_SCALP-SHORT),2,0.2,1.574,1.57,1.57,1.582,2026-07-08 08:29:59 UTC,2026-07-08 08:30:04 UTC,4.75,0.3148,0.0042,0.0,0.0008,0.08,19.06,MIN_PROFIT_TP_HIT,0.1012
649,TRUMP_USDT,SHORT,StochasticRSI(FAST_SCALP-SHORT),2,0.2,1.575,1.571,1.571,1.583,2026-07-08 08:31:59 UTC,2026-07-08 08:36:35 UTC,275.69,0.315,0.0042,0.0,0.0008,0.08,19.05,MIN_PROFIT_TP_HIT,0.102
650,TRUMP_USDT,LONG,StochasticRSI(FAST_SCALP-LONG),2,0.2,1.575,1.579,1.579,1.567,2026-07-08 08:44:59 UTC,2026-07-08 08:46:07 UTC,67.56,0.315,0.0042,0.0,0.0008,0.08,19.05,MIN_PROFIT_TP_HIT,0.1028
651,TRUMP_USDT,SHORT,StochasticRSI(FAST_SCALP-SHORT),2,0.2,1.584,1.58,1.58,1.592,2026-07-08 08:49:59 UTC,2026-07-08 08:53:34 UTC,214.92,0.3168,0.0042,0.0,0.0008,0.08,18.94,MIN_PROFIT_TP_HIT,0.1036
652,TRUMP_USDT,LONG,StochasticRSI(FAST_SCALP-LONG),2,0.2,1.576,1.568,1.58,1.568,2026-07-08 08:57:59 UTC,2026-07-08 09:17:38 UTC,1178.72,0.3152,0.0042,0.0,-0.0016,-0.15,-38.07,STOP_LOSS_HIT,0.102
653,TRUMP_USDT,LONG,StochasticRSI(FAST_SCALP-LONG),2,0.2,1.571,1.575,1.575,1.563,2026-07-08 09:20:59 UTC,2026-07-08 09:30:08 UTC,548.03,0.3142,0.0042,0.0,0.0008,0.08,19.1,MIN_PROFIT_TP_HIT,0.1028
654,TRUMP_USDT,SHORT,StochasticRSI(FAST_SCALP-SHORT),2,0.2,1.575,1.571,1.571,1.583,2026-07-08 09:38:59 UTC,2026-07-08 10:07:32 UTC,1712.67,0.315,0.0042,0.0,0.0008,0.08,19.05,MIN_PROFIT_TP_HIT,0.1036
655,TRUMP_USDT,LONG,StochasticRSI(FAST_SCALP-LONG),2,0.2,1.572,1.576,1.576,1.564,2026-07-08 10:10:59 UTC,2026-07-08 10:15:00 UTC,240.17,0.3144,0.0042,0.0,0.0008,0.08,19.08,MIN_PROFIT_TP_HIT,0.1044
656,TRUMP_USDT,SHORT,StochasticRSI(FAST_SCALP-SHORT),2,0.2,1.575,1.583,1.571,1.583,2026-07-08 10:22:59 UTC,2026-07-08 10:31:31 UTC,511.29,0.315,0.0042,0.0,-0.0016,-0.15,-38.1,STOP_LOSS_HIT,0.1028
657,TRUMP_USDT,LONG,StochasticRSI(FAST_SCALP-LONG),2,0.2,1.58,1.584,1.584,1.572,2026-07-08 10:42:59 UTC,2026-07-08 10:44:18 UTC,78.35,0.316,0.0042,0.0,0.0008,0.08,18.99,MIN_PROFIT_TP_HIT,0.1036
658,TRUMP_USDT,SHORT,StochasticRSI(FAST_SCALP-SHORT),2,0.2,1.578,1.574,1.574,1.586,2026-07-08 10:48:59 UTC,2026-07-08 10:58:07 UTC,547.76,0.3156,0.0042,0.0,0.0008,0.08,19.01,MIN_PROFIT_TP_HIT,0.1044
659,TRUMP_USDT,LONG,StochasticRSI(FAST_SCALP-LONG),2,0.2,1.574,1.578,1.578,1.566,2026-07-08 11:02:59 UTC,2026-07-08 11:04:29 UTC,89.85,0.3148,0.0042,0.0,0.0008,0.08,19.06,MIN_PROFIT_TP_HIT,0.1052
660,TRUMP_USDT,SHORT,StochasticRSI(FAST_SCALP-SHORT),2,0.2,1.579,1.575,1.575,1.587,2026-07-08 11:09:59 UTC,2026-07-08 11:11:48 UTC,108.93,0.3158,0.0042,0.0,0.0008,0.08,19.0,MIN_PROFIT_TP_HIT,0.106
661,TRUMP_USDT,LONG,StochasticRSI(FAST_SCALP-LONG),2,0.2,1.578,1.582,1.582,1.57,2026-07-08 11:17:59 UTC,2026-07-08 11:22:36 UTC,276.8,0.3156,0.0042,0.0,0.0008,0.08,19.01,MIN_PROFIT_TP_HIT,0.1068
662,TRUMP_USDT,SHORT,StochasticRSI(FAST_SCALP-SHORT),2,0.2,1.584,1.592,1.58,1.592,2026-07-08 11:29:59 UTC,2026-07-08 11:43:35 UTC,815.89,0.3168,0.0042,0.0,-0.0016,-0.15,-37.88,STOP_LOSS_HIT,0.1052
663,TRUMP_USDT,LONG,StochasticRSI(FAST_SCALP-LONG),2,0.2,1.594,1.598,1.598,1.586,2026-07-08 12:02:59 UTC,2026-07-08 12:03:29 UTC,29.84,0.3188,0.0043,0.0,0.0008,0.08,18.82,MIN_PROFIT_TP_HIT,0.106
664,TRUMP_USDT,SHORT,StochasticRSI(FAST_SCALP-SHORT),2,0.2,1.6,1.596,1.596,1.608,2026-07-08 12:08:59 UTC,2026-07-08 12:56:26 UTC,2846.65,0.32,0.0043,0.0,0.0008,0.08,18.75,MIN_PROFIT_TP_HIT,0.1068
665,TRUMP_USDT,SHORT,StochasticRSI(FAST_SCALP-SHORT),2,0.2,1.596,1.592,1.592,1.604,2026-07-08 13:00:59 UTC,2026-07-08 13:06:13 UTC,313.54,0.3192,0.0043,0.0,0.0008,0.08,18.8,MIN_PROFIT_TP_HIT,0.1076
666,TRUMP_USDT,LONG,StochasticRSI(FAST_SCALP-LONG),2,0.2,1.596,1.6,1.6,1.588,2026-07-08 13:09:59 UTC,2026-07-08 13:12:52 UTC,172.24,0.3192,0.0043,0.0,0.0008,0.08,18.8,MIN_PROFIT_TP_HIT,0.1084
667,TRUMP_USDT,SHORT,StochasticRSI(FAST_SCALP-SHORT),2,0.2,1.598,1.594,1.594,1.606,2026-07-08 13:15:59 UTC,2026-07-08 13:25:05 UTC,545.81,0.3196,0.0043,0.0,0.0008,0.08,18.77,MIN_PROFIT_TP_HIT,0.1092
668,TRUMP_USDT,LONG,StochasticRSI(FAST_SCALP-LONG),2,0.2,1.598,1.602,1.602,1.59,2026-07-08 13:29:59 UTC,2026-07-08 13:30:51 UTC,51.91,0.3196,0.0043,0.0,0.0008,0.08,18.77,MIN_PROFIT_TP_HIT,0.11
669,TRUMP_USDT,SHORT,StochasticRSI(FAST_SCALP-SHORT),2,0.2,1.613,1.609,1.609,1.621,2026-07-08 13:39:59 UTC,2026-07-08 13:55:04 UTC,904.87,0.3226,0.0043,0.0,0.0008,0.08,18.6,MIN_PROFIT_TP_HIT,0.1108
670,TRUMP_USDT,LONG,StochasticRSI(FAST_SCALP-LONG),2,0.2,1.615,1.619,1.619,1.607,2026-07-08 13:58:59 UTC,2026-07-08 14:00:58 UTC,118.84,0.323,0.0043,0.0,0.0008,0.08,18.58,MIN_PROFIT_TP_HIT,0.1116
671,TRUMP_USDT,SHORT,StochasticRSI(FAST_SCALP-SHORT),2,0.2,1.617,1.613,1.613,1.625,2026-07-08 14:03:59 UTC,2026-07-08 14:06:38 UTC,158.58,0.3234,0.0043,0.0,0.0008,0.08,18.55,MIN_PROFIT_TP_HIT,0.1124
672,TRUMP_USDT,LONG,StochasticRSI(FAST_SCALP-LONG),2,0.2,1.615,1.619,1.619,1.607,2026-07-08 14:10:59 UTC,2026-07-08 14:14:19 UTC,199.04,0.323,0.0043,0.0,0.0008,0.08,18.58,MIN_PROFIT_TP_HIT,0.1132
673,TRUMP_USDT,SHORT,StochasticRSI(FAST_SCALP-SHORT),2,0.2,1.613,1.621,1.609,1.621,2026-07-08 14:16:59 UTC,2026-07-08 14:20:50 UTC,230.89,0.3226,0.0043,0.0,-0.0016,-0.15,-37.2,STOP_LOSS_HIT,0.1116
674,TRUMP_USDT,SHORT,StochasticRSI(FAST_SCALP-SHORT),2,0.2,1.618,1.614,1.614,1.626,2026-07-08 14:24:59 UTC,2026-07-08 14:27:09 UTC,129.83,0.3236,0.0043,0.0,0.0008,0.08,18.54,MIN_PROFIT_TP_HIT,0.1124
675,TRUMP_USDT,LONG,StochasticRSI(FAST_SCALP-LONG),2,0.2,1.616,1.62,1.62,1.608,2026-07-08 14:32:59 UTC,2026-07-08 14:34:25 UTC,85.64,0.3232,0.0043,0.0,0.0008,0.08,18.56,MIN_PROFIT_TP_HIT,0.1132
676,TRUMP_USDT,LONG,StochasticRSI(FAST_SCALP-LONG),2,0.2,1.609,1.613,1.613,1.601,2026-07-08 14:46:59 UTC,2026-07-08 14:48:04 UTC,64.81,0.3218,0.0043,0.0,0.0008,0.08,18.65,MIN_PROFIT_TP_HIT,0.114
677,TRUMP_USDT,SHORT,StochasticRSI(FAST_SCALP-SHORT),2,0.2,1.627,1.623,1.623,1.635,2026-07-08 14:56:59 UTC,2026-07-08 15:01:51 UTC,291.91,0.3254,0.0043,0.0,0.0008,0.08,18.44,MIN_PROFIT_TP_HIT,0.1148
678,TRUMP_USDT,LONG,StochasticRSI(FAST_SCALP-LONG),2,0.2,1.621,1.613,1.625,1.613,2026-07-08 15:05:59 UTC,2026-07-08 15:10:43 UTC,283.75,0.3242,0.0043,0.0,-0.0016,-0.15,-37.01,STOP_LOSS_HIT,0.1132
679,TRUMP_USDT,LONG,StochasticRSI(FAST_SCALP-LONG),2,0.2,1.61,1.614,1.614,1.602,2026-07-08 15:13:59 UTC,2026-07-08 15:18:48 UTC,288.74,0.322,0.0043,0.0,0.0008,0.08,18.63,MIN_PROFIT_TP_HIT,0.114
680,TRUMP_USDT,SHORT,StochasticRSI(FAST_SCALP-SHORT),2,0.2,1.615,1.611,1.611,1.623,2026-07-08 15:23:59 UTC,2026-07-08 15:25:52 UTC,112.2,0.323,0.0043,0.0,0.0008,0.08,18.58,MIN_PROFIT_TP_HIT,0.1148
681,TRUMP_USDT,LONG,StochasticRSI(FAST_SCALP-LONG),2,0.2,1.616,1.62,1.62,1.608,2026-07-08 15:28:59 UTC,2026-07-08 15:37:28 UTC,509.0,0.3232,0.0043,0.0,0.0008,0.08,18.56,MIN_PROFIT_TP_HIT,0.1156
682,TRUMP_USDT,SHORT,StochasticRSI(FAST_SCALP-SHORT),2,0.2,1.616,1.612,1.612,1.624,2026-07-08 15:39:59 UTC,2026-07-08 15:43:36 UTC,216.76,0.3232,0.0043,0.0,0.0008,0.08,18.56,MIN_PROFIT_TP_HIT,0.1164
683,TRUMP_USDT,LONG,StochasticRSI(FAST_SCALP-LONG),2,0.2,1.601,1.605,1.605,1.593,2026-07-08 15:47:59 UTC,2026-07-08 15:52:11 UTC,251.65,0.3202,0.0043,0.0,0.0008,0.08,18.74,MIN_PROFIT_TP_HIT,0.1172
684,TRUMP_USDT,SHORT,StochasticRSI(FAST_SCALP-SHORT),2,0.2,1.606,1.614,1.602,1.614,2026-07-08 15:57:59 UTC,2026-07-08 16:05:23 UTC,443.59,0.3212,0.0043,0.0,-0.0016,-0.15,-37.36,STOP_LOSS_HIT,0.1156
685,TRUMP_USDT,LONG,StochasticRSI(FAST_SCALP-LONG),2,0.2,1.609,1.613,1.613,1.601,2026-07-08 16:18:59 UTC,2026-07-08 16:20:37 UTC,97.99,0.3218,0.0043,0.0,0.0008,0.08,18.65,MIN_PROFIT_TP_HIT,0.1164
686,TRUMP_USDT,SHORT,StochasticRSI(FAST_SCALP-SHORT),2,0.2,1.616,1.612,1.612,1.624,2026-07-08 16:25:59 UTC,2026-07-08 16:36:06 UTC,606.35,0.3232,0.0043,0.0,0.0008,0.08,18.56,MIN_PROFIT_TP_HIT,0.1172
687,TRUMP_USDT,LONG,StochasticRSI(FAST_SCALP-LONG),2,0.2,1.614,1.618,1.618,1.606,2026-07-08 16:39:59 UTC,2026-07-08 16:40:51 UTC,51.28,0.3228,0.0043,0.0,0.0008,0.08,18.59,MIN_PROFIT_TP_HIT,0.118
688,TRUMP_USDT,SHORT,StochasticRSI(FAST_SCALP-SHORT),2,0.2,1.616,1.612,1.612,1.624,2026-07-08 16:44:59 UTC,2026-07-08 16:49:09 UTC,249.6,0.3232,0.0043,0.0,0.0008,0.08,18.56,MIN_PROFIT_TP_HIT,0.1188
689,TRUMP_USDT,LONG,StochasticRSI(FAST_SCALP-LONG),2,0.2,1.612,1.616,1.616,1.604,2026-07-08 16:52:59 UTC,2026-07-08 16:53:39 UTC,39.44,0.3224,0.0043,0.0,0.0008,0.08,18.61,MIN_PROFIT_TP_HIT,0.1196
690,TRUMP_USDT,SHORT,StochasticRSI(FAST_SCALP-SHORT),2,0.2,1.617,1.613,1.613,1.625,2026-07-08 16:58:59 UTC,2026-07-08 17:05:39 UTC,399.1,0.3234,0.0043,0.0,0.0008,0.08,18.55,MIN_PROFIT_TP_HIT,0.1204
691,TRUMP_USDT,LONG,StochasticRSI(FAST_SCALP-LONG),2,0.2,1.615,1.619,1.619,1.607,2026-07-08 17:07:59 UTC,2026-07-08 17:29:06 UTC,1266.95,0.323,0.0043,0.0,0.0008,0.08,18.58,MIN_PROFIT_TP_HIT,0.1212
692,TRUMP_USDT,SHORT,StochasticRSI(FAST_SCALP-SHORT),2,0.2,1.617,1.613,1.613,1.625,2026-07-08 17:32:59 UTC,2026-07-08 17:42:23 UTC,563.84,0.3234,0.0043,0.0,0.0008,0.08,18.55,MIN_PROFIT_TP_HIT,0.122
693,TRUMP_USDT,LONG,StochasticRSI(FAST_SCALP-LONG),2,0.2,1.613,1.605,1.617,1.605,2026-07-08 17:44:59 UTC,2026-07-08 18:07:59 UTC,1379.2,0.3226,0.0043,0.0,-0.0016,-0.15,-37.2,STOP_LOSS_HIT,0.1204
694,TRUMP_USDT,LONG,StochasticRSI(FAST_SCALP-LONG),2,0.2,1.606,1.598,1.61,1.598,2026-07-08 18:14:59 UTC,2026-07-08 18:41:29 UTC,1589.82,0.3212,0.0043,0.0,-0.0016,-0.15,-37.36,STOP_LOSS_HIT,0.1188
695,TRUMP_USDT,SHORT,StochasticRSI(FAST_SCALP-SHORT),2,0.2,1.599,1.607,1.595,1.607,2026-07-08 18:42:59 UTC,2026-07-08 18:51:47 UTC,527.14,0.3198,0.0043,0.0,-0.0016,-0.15,-37.52,STOP_LOSS_HIT,0.1172
696,TRUMP_USDT,SHORT,StochasticRSI(FAST_SCALP-SHORT),2,0.2,1.604,1.6,1.6,1.612,2026-07-08 18:55:59 UTC,2026-07-08 19:11:45 UTC,945.88,0.3208,0.0043,0.0,0.0008,0.08,18.7,MIN_PROFIT_TP_HIT,0.118
697,TRUMP_USDT,SHORT,StochasticRSI(FAST_SCALP-SHORT),2,0.2,1.602,1.598,1.598,1.61,2026-07-08 19:16:59 UTC,2026-07-08 20:11:01 UTC,3241.1,0.3204,0.0043,0.0,0.0008,0.08,18.73,MIN_PROFIT_TP_HIT,0.1188
698,TRUMP_USDT,LONG,StochasticRSI(FAST_SCALP-LONG),2,0.2,1.597,1.601,1.601,1.589,2026-07-08 20:16:59 UTC,2026-07-08 20:30:56 UTC,836.59,0.3194,0.0043,0.0,0.0008,0.08,18.79,MIN_PROFIT_TP_HIT,0.1196
699,TRUMP_USDT,SHORT,StochasticRSI(FAST_SCALP-SHORT),2,0.2,1.597,1.593,1.593,1.605,2026-07-08 20:32:59 UTC,2026-07-08 20:37:42 UTC,282.98,0.3194,0.0043,0.0,0.0008,0.08,18.79,MIN_PROFIT_TP_HIT,0.1204
700,TRUMP_USDT,LONG,StochasticRSI(FAST_SCALP-LONG),2,0.2,1.593,1.597,1.597,1.585,2026-07-08 20:40:59 UTC,2026-07-08 21:32:15 UTC,3075.67,0.3186,0.0042,0.0,0.0008,0.08,18.83,MIN_PROFIT_TP_HIT,0.1212
701,TRUMP_USDT,SHORT,StochasticRSI(FAST_SCALP-SHORT),2,0.2,1.598,1.606,1.594,1.606,2026-07-08 21:36:59 UTC,2026-07-08 22:03:20 UTC,1580.89,0.3196,0.0043,0.0,-0.0016,-0.15,-37.55,STOP_LOSS_HIT,0.1196
702,TRUMP_USDT,LONG,StochasticRSI(FAST_SCALP-LONG),2,0.2,1.606,1.598,1.61,1.598,2026-07-08 22:16:59 UTC,2026-07-08 23:17:24 UTC,3624.36,0.3212,0.0043,0.0,-0.0016,-0.15,-37.36,STOP_LOSS_HIT,0.118
703,TRUMP_USDT,LONG,StochasticRSI(FAST_SCALP-LONG),2,0.2,1.599,1.603,1.603,1.591,2026-07-08 23:24:59 UTC,2026-07-08 23:55:35 UTC,1835.47,0.3198,0.0043,0.0,0.0008,0.08,18.76,MIN_PROFIT_TP_HIT,0.1188
704,TRUMP_USDT,SHORT,StochasticRSI(FAST_SCALP-SHORT),2,0.2,1.613,1.609,1.609,1.621,2026-07-09 00:02:59 UTC,2026-07-09 00:04:07 UTC,67.55,0.3226,0.0043,0.0,0.0008,0.08,18.6,MIN_PROFIT_TP_HIT,0.1196
705,TRUMP_USDT,LONG,StochasticRSI(FAST_SCALP-LONG),2,0.2,1.606,1.598,1.61,1.598,2026-07-09 00:09:59 UTC,2026-07-09 00:14:32 UTC,272.84,0.3212,0.0043,0.0,-0.0016,-0.15,-37.36,STOP_LOSS_HIT,0.118
706,TRUMP_USDT,LONG,StochasticRSI(FAST_SCALP-LONG),2,0.2,1.594,1.598,1.598,1.586,2026-07-09 00:16:59 UTC,2026-07-09 00:30:20 UTC,800.79,0.3188,0.0043,0.0,0.0008,0.08,18.82,MIN_PROFIT_TP_HIT,0.1188
707,TRUMP_USDT,SHORT,StochasticRSI(FAST_SCALP-SHORT),2,0.2,1.596,1.592,1.592,1.604,2026-07-09 00:32:59 UTC,2026-07-09 00:44:23 UTC,683.87,0.3192,0.0043,0.0,0.0008,0.08,18.8,MIN_PROFIT_TP_HIT,0.1196
708,TRUMP_USDT,LONG,StochasticRSI(FAST_SCALP-LONG),2,0.2,1.595,1.599,1.599,1.587,2026-07-09 00:46:59 UTC,2026-07-09 01:00:36 UTC,816.54,0.319,0.0043,0.0,0.0008,0.08,18.81,MIN_PROFIT_TP_HIT,0.1204
709,TRUMP_USDT,SHORT,StochasticRSI(FAST_SCALP-SHORT),2,0.2,1.595,1.603,1.591,1.603,2026-07-09 01:03:59 UTC,2026-07-09 01:09:41 UTC,341.02,0.319,0.0043,0.0,-0.0016,-0.15,-37.62,STOP_LOSS_HIT,0.1188
710,TRUMP_USDT,SHORT,StochasticRSI(FAST_SCALP-SHORT),2,0.2,1.613,1.609,1.609,1.621,2026-07-09 01:21:59 UTC,2026-07-09 01:27:20 UTC,320.16,0.3226,0.0043,0.0,0.0008,0.08,18.6,MIN_PROFIT_TP_HIT,0.1196
711,TRUMP_USDT,LONG,StochasticRSI(FAST_SCALP-LONG),2,0.2,1.613,1.605,1.617,1.605,2026-07-09 01:28:59 UTC,2026-07-09 01:40:59 UTC,719.54,0.3226,0.0043,0.0,-0.0016,-0.15,-37.2,STOP_LOSS_HIT,0.118
712,TRUMP_USDT,LONG,StochasticRSI(FAST_SCALP-LONG),2,0.2,1.606,1.61,1.61,1.598,2026-07-09 01:43:59 UTC,2026-07-09 01:48:48 UTC,288.05,0.3212,0.0043,0.0,0.0008,0.08,18.68,MIN_PROFIT_TP_HIT,0.1188
713,TRUMP_USDT,SHORT,StochasticRSI(FAST_SCALP-SHORT),2,0.2,1.607,1.603,1.603,1.615,2026-07-09 01:51:59 UTC,2026-07-09 01:54:33 UTC,153.86,0.3214,0.0043,0.0,0.0008,0.08,18.67,MIN_PROFIT_TP_HIT,0.1196
714,TRUMP_USDT,SHORT,StochasticRSI(FAST_SCALP-SHORT),2,0.2,1.605,1.601,1.601,1.613,2026-07-09 02:01:59 UTC,2026-07-09 02:02:36 UTC,36.06,0.321,0.0043,0.0,0.0008,0.08,18.69,MIN_PROFIT_TP_HIT,0.1204
715,TRUMP_USDT,SHORT,StochasticRSI(FAST_SCALP-SHORT),2,0.2,1.61,1.618,1.606,1.618,2026-07-09 02:07:59 UTC,2026-07-09 02:14:06 UTC,366.54,0.322,0.0043,0.0,-0.0016,-0.15,-37.27,STOP_LOSS_HIT,0.1188
716,TRUMP_USDT,SHORT,StochasticRSI(FAST_SCALP-SHORT),2,0.2,1.615,1.623,1.611,1.623,2026-07-09 02:16:59 UTC,2026-07-09 02:26:28 UTC,568.01,0.323,0.0043,0.0,-0.0016,-0.15,-37.15,STOP_LOSS_HIT,0.1172
717,TRUMP_USDT,SHORT,StochasticRSI(FAST_SCALP-SHORT),2,0.2,1.621,1.617,1.617,1.629,2026-07-09 02:28:59 UTC,2026-07-09 02:33:38 UTC,278.79,0.3242,0.0043,0.0,0.0008,0.08,18.51,MIN_PROFIT_TP_HIT,0.118
718,TRUMP_USDT,LONG,StochasticRSI(FAST_SCALP-LONG),2,0.2,1.617,1.621,1.621,1.609,2026-07-09 02:38:59 UTC,2026-07-09 02:43:38 UTC,278.21,0.3234,0.0043,0.0,0.0008,0.08,18.55,MIN_PROFIT_TP_HIT,0.1188
719,TRUMP_USDT,SHORT,StochasticRSI(FAST_SCALP-SHORT),2,0.2,1.619,1.627,1.615,1.627,2026-07-09 02:45:59 UTC,2026-07-09 03:02:11 UTC,971.36,0.3238,0.0043,0.0,-0.0016,-0.15,-37.06,STOP_LOSS_HIT,0.1172
720,TRUMP_USDT,SHORT,StochasticRSI(FAST_SCALP-SHORT),2,0.2,1.621,1.617,1.617,1.629,2026-07-09 03:05:59 UTC,2026-07-09 03:13:49 UTC,469.35,0.3242,0.0043,0.0,0.0008,0.08,18.51,MIN_PROFIT_TP_HIT,0.118
721,TRUMP_USDT,LONG,StochasticRSI(FAST_SCALP-LONG),2,0.2,1.612,1.616,1.616,1.604,2026-07-09 03:23:59 UTC,2026-07-09 03:31:07 UTC,427.12,0.3224,0.0043,0.0,0.0008,0.08,18.61,MIN_PROFIT_TP_HIT,0.1188
722,TRUMP_USDT,SHORT,StochasticRSI(FAST_SCALP-SHORT),2,0.2,1.618,1.614,1.614,1.626,2026-07-09 03:35:59 UTC,2026-07-09 03:40:08 UTC,248.46,0.3236,0.0043,0.0,0.0008,0.08,18.54,MIN_PROFIT_TP_HIT,0.1196
723,TRUMP_USDT,LONG,StochasticRSI(FAST_SCALP-LONG),2,0.2,1.613,1.617,1.617,1.605,2026-07-09 03:43:59 UTC,2026-07-09 04:33:01 UTC,2941.96,0.3226,0.0043,0.0,0.0008,0.08,18.6,MIN_PROFIT_TP_HIT,0.1204
724,TRUMP_USDT,SHORT,StochasticRSI(FAST_SCALP-SHORT),2,0.2,1.615,1.623,1.611,1.623,2026-07-09 04:39:59 UTC,2026-07-09 05:11:16 UTC,1876.25,0.323,0.0043,0.0,-0.0016,-0.15,-37.15,STOP_LOSS_HIT,0.1188
725,TRUMP_USDT,SHORT,StochasticRSI(FAST_SCALP-SHORT),2,0.2,1.621,1.617,1.617,1.629,2026-07-09 05:14:59 UTC,2026-07-09 05:16:59 UTC,119.73,0.3242,0.0043,0.0,0.0008,0.08,18.51,MIN_PROFIT_TP_HIT,0.1196
726,TRUMP_USDT,LONG,StochasticRSI(FAST_SCALP-LONG),2,0.2,1.616,1.62,1.62,1.608,2026-07-09 05:21:59 UTC,2026-07-09 05:28:10 UTC,370.79,0.3232,0.0043,0.0,0.0008,0.08,18.56,MIN_PROFIT_TP_HIT,0.1204
727,TRUMP_USDT,SHORT,StochasticRSI(FAST_SCALP-SHORT),2,0.2,1.621,1.617,1.617,1.629,2026-07-09 05:31:59 UTC,2026-07-09 06:15:35 UTC,2615.3,0.3242,0.0043,0.0,0.0008,0.08,18.51,MIN_PROFIT_TP_HIT,0.1212
728,TRUMP_USDT,SHORT,StochasticRSI(FAST_SCALP-SHORT),2,0.2,1.625,1.621,1.621,1.633,2026-07-09 06:27:59 UTC,2026-07-09 06:46:00 UTC,1080.82,0.325,0.0043,0.0,0.0008,0.08,18.46,MIN_PROFIT_TP_HIT,0.122
729,TRUMP_USDT,LONG,StochasticRSI(FAST_SCALP-LONG),2,0.2,1.623,1.627,1.627,1.615,2026-07-09 06:54:59 UTC,2026-07-09 07:02:10 UTC,430.16,0.3246,0.0043,0.0,0.0008,0.08,18.48,MIN_PROFIT_TP_HIT,0.1228
730,TRUMP_USDT,SHORT,StochasticRSI(FAST_SCALP-SHORT),2,0.2,1.621,1.617,1.617,1.629,2026-07-09 07:04:59 UTC,2026-07-09 07:10:33 UTC,333.76,0.3242,0.0043,0.0,0.0008,0.08,18.51,MIN_PROFIT_TP_HIT,0.1236
731,TRUMP_USDT,LONG,StochasticRSI(FAST_SCALP-LONG),2,0.2,1.619,1.623,1.623,1.611,2026-07-09 07:12:59 UTC,2026-07-09 07:13:20 UTC,20.6,0.3238,0.0043,0.0,0.0008,0.08,18.53,MIN_PROFIT_TP_HIT,0.1244
732,TRUMP_USDT,SHORT,StochasticRSI(FAST_SCALP-SHORT),2,0.2,1.624,1.62,1.62,1.632,2026-07-09 07:18:59 UTC,2026-07-09 07:23:51 UTC,291.65,0.3248,0.0043,0.0,0.0008,0.08,18.47,MIN_PROFIT_TP_HIT,0.1252
733,TRUMP_USDT,LONG,StochasticRSI(FAST_SCALP-LONG),2,0.2,1.615,1.619,1.619,1.607,2026-07-09 07:28:59 UTC,2026-07-09 07:43:10 UTC,850.7,0.323,0.0043,0.0,0.0008,0.08,18.58,MIN_PROFIT_TP_HIT,0.126
734,TRUMP_USDT,SHORT,StochasticRSI(FAST_SCALP-SHORT),2,0.2,1.622,1.618,1.618,1.63,2026-07-09 07:50:59 UTC,2026-07-09 07:59:03 UTC,483.77,0.3244,0.0043,0.0,0.0008,0.08,18.5,MIN_PROFIT_TP_HIT,0.1268
735,TRUMP_USDT,LONG,StochasticRSI(FAST_SCALP-LONG),2,0.2,1.616,1.608,1.62,1.608,2026-07-09 08:01:59 UTC,2026-07-09 09:00:33 UTC,3513.48,0.3232,0.0043,0.0,-0.0016,-0.15,-37.13,STOP_LOSS_HIT,0.1252
736,TRUMP_USDT,LONG,StochasticRSI(FAST_SCALP-LONG),2,0.2,1.611,1.603,1.615,1.603,2026-07-09 09:02:59 UTC,2026-07-09 09:08:15 UTC,315.16,0.3222,0.0043,0.0,-0.0016,-0.15,-37.24,STOP_LOSS_HIT,0.1236
737,TRUMP_USDT,LONG,StochasticRSI(FAST_SCALP-LONG),2,0.2,1.606,1.61,1.61,1.598,2026-07-09 09:10:59 UTC,2026-07-09 09:42:22 UTC,1882.63,0.3212,0.0043,0.0,0.0008,0.08,18.68,MIN_PROFIT_TP_HIT,0.1244
738,TRUMP_USDT,SHORT,StochasticRSI(FAST_SCALP-SHORT),2,0.2,1.609,1.617,1.605,1.617,2026-07-09 09:45:59 UTC,2026-07-09 10:08:38 UTC,1358.57,0.3218,0.0043,0.0,-0.0016,-0.15,-37.29,STOP_LOSS_HIT,0.1228
739,TRUMP_USDT,LONG,StochasticRSI(FAST_SCALP-LONG),2,0.2,1.616,1.608,1.62,1.608,2026-07-09 10:09:59 UTC,2026-07-09 10:33:15 UTC,1395.61,0.3232,0.0043,0.0,-0.0016,-0.15,-37.13,STOP_LOSS_HIT,0.1212
740,TRUMP_USDT,LONG,StochasticRSI(FAST_SCALP-LONG),2,0.2,1.612,1.616,1.616,1.604,2026-07-09 10:36:59 UTC,2026-07-09 11:51:04 UTC,4444.98,0.3224,0.0043,0.0,0.0008,0.08,18.61,MIN_PROFIT_TP_HIT,0.122
741,TRUMP_USDT,SHORT,StochasticRSI(FAST_SCALP-SHORT),2,0.2,1.616,1.612,1.612,1.624,2026-07-09 11:55:59 UTC,2026-07-09 12:17:15 UTC,1275.65,0.3232,0.0043,0.0,0.0008,0.08,18.56,MIN_PROFIT_TP_HIT,0.1228
742,TRUMP_USDT,LONG,StochasticRSI(FAST_SCALP-LONG),2,0.2,1.612,1.616,1.616,1.604,2026-07-09 12:19:59 UTC,2026-07-09 12:24:33 UTC,273.07,0.3224,0.0043,0.0,0.0008,0.08,18.61,MIN_PROFIT_TP_HIT,0.1236
743,TRUMP_USDT,SHORT,StochasticRSI(FAST_SCALP-SHORT),2,0.2,1.616,1.612,1.612,1.624,2026-07-09 12:29:59 UTC,2026-07-09 12:42:54 UTC,774.9,0.3232,0.0043,0.0,0.0008,0.08,18.56,MIN_PROFIT_TP_HIT,0.1244
744,TRUMP_USDT,LONG,StochasticRSI(FAST_SCALP-LONG),2,0.2,1.612,1.616,1.616,1.604,2026-07-09 12:48:59 UTC,2026-07-09 12:53:03 UTC,243.63,0.3224,0.0043,0.0,0.0008,0.08,18.61,MIN_PROFIT_TP_HIT,0.1252
745,TRUMP_USDT,SHORT,StochasticRSI(FAST_SCALP-SHORT),2,0.2,1.615,1.611,1.611,1.623,2026-07-09 12:55:59 UTC,2026-07-09 13:32:16 UTC,2176.57,0.323,0.0043,0.0,0.0008,0.08,18.58,MIN_PROFIT_TP_HIT,0.126
746,TRUMP_USDT,LONG,StochasticRSI(FAST_SCALP-LONG),2,0.2,1.61,1.614,1.614,1.602,2026-07-09 13:35:59 UTC,2026-07-09 13:37:19 UTC,79.54,0.322,0.0043,0.0,0.0008,0.08,18.63,MIN_PROFIT_TP_HIT,0.1268
747,TRUMP_USDT,SHORT,StochasticRSI(FAST_SCALP-SHORT),2,0.2,1.614,1.61,1.61,1.622,2026-07-09 13:47:59 UTC,2026-07-09 14:11:52 UTC,1432.27,0.3228,0.0043,0.0,0.0008,0.08,18.59,MIN_PROFIT_TP_HIT,0.1276
748,TRUMP_USDT,LONG,StochasticRSI(FAST_SCALP-LONG),2,0.2,1.609,1.601,1.613,1.601,2026-07-09 14:12:59 UTC,2026-07-09 14:20:18 UTC,438.32,0.3218,0.0043,0.0,-0.0016,-0.15,-37.29,STOP_LOSS_HIT,0.126
749,TRUMP_USDT,LONG,StochasticRSI(FAST_SCALP-LONG),2,0.2,1.607,1.599,1.611,1.599,2026-07-09 14:22:59 UTC,2026-07-09 15:50:47 UTC,5267.12,0.3214,0.0043,0.0,-0.0016,-0.15,-37.34,STOP_LOSS_HIT,0.1244
750,TRUMP_USDT,SHORT,StochasticRSI(FAST_SCALP-SHORT),2,0.2,1.597,1.593,1.593,1.605,2026-07-09 16:03:59 UTC,2026-07-09 16:04:57 UTC,57.73,0.3194,0.0043,0.0,0.0008,0.08,18.79,MIN_PROFIT_TP_HIT,0.1252
751,TRUMP_USDT,SHORT,StochasticRSI(FAST_SCALP-SHORT),2,0.2,1.592,1.6,1.588,1.6,2026-07-09 16:18:59 UTC,2026-07-09 16:46:23 UTC,1643.59,0.3184,0.0042,0.0,-0.0016,-0.15,-37.69,STOP_LOSS_HIT,0.1236
752,TRUMP_USDT,SHORT,StochasticRSI(FAST_SCALP-SHORT),2,0.2,1.6,1.608,1.596,1.608,2026-07-09 16:48:59 UTC,2026-07-09 17:22:18 UTC,1998.66,0.32,0.0043,0.0,-0.0016,-0.15,-37.5,STOP_LOSS_HIT,0.122
753,TRUMP_USDT,SHORT,StochasticRSI(FAST_SCALP-SHORT),2,0.2,1.61,1.618,1.606,1.618,2026-07-09 17:26:59 UTC,2026-07-09 17:40:34 UTC,814.84,0.322,0.0043,0.0,-0.0016,-0.15,-37.27,STOP_LOSS_HIT,0.1204
754,TRUMP_USDT,SHORT,StochasticRSI(FAST_SCALP-SHORT),2,0.2,1.616,1.612,1.612,1.624,2026-07-09 17:43:59 UTC,2026-07-09 17:52:18 UTC,498.29,0.3232,0.0043,0.0,0.0008,0.08,18.56,MIN_PROFIT_TP_HIT,0.1212
755,TRUMP_USDT,LONG,StochasticRSI(FAST_SCALP-LONG),2,0.2,1.614,1.618,1.618,1.606,2026-07-09 17:54:59 UTC,2026-07-09 18:07:34 UTC,754.68,0.3228,0.0043,0.0,0.0008,0.08,18.59,MIN_PROFIT_TP_HIT,0.122
756,TRUMP_USDT,SHORT,StochasticRSI(FAST_SCALP-SHORT),2,0.2,1.619,1.615,1.615,1.627,2026-07-09 18:11:59 UTC,2026-07-09 18:26:20 UTC,860.45,0.3238,0.0043,0.0,0.0008,0.08,18.53,MIN_PROFIT_TP_HIT,0.1228
757,TRUMP_USDT,LONG,StochasticRSI(FAST_SCALP-LONG),2,0.2,1.618,1.622,1.622,1.61,2026-07-09 18:29:59 UTC,2026-07-09 19:35:48 UTC,3948.23,0.3236,0.0043,0.0,0.0008,0.08,18.54,MIN_PROFIT_TP_HIT,0.1236
758,TRUMP_USDT,SHORT,StochasticRSI(FAST_SCALP-SHORT),2,0.2,1.623,1.619,1.619,1.631,2026-07-09 19:39:59 UTC,2026-07-09 19:49:21 UTC,561.62,0.3246,0.0043,0.0,0.0008,0.08,18.48,MIN_PROFIT_TP_HIT,0.1244
759,TRUMP_USDT,LONG,StochasticRSI(FAST_SCALP-LONG),2,0.2,1.619,1.611,1.623,1.611,2026-07-09 19:53:59 UTC,2026-07-09 20:04:41 UTC,641.39,0.3238,0.0043,0.0,-0.0016,-0.15,-37.06,STOP_LOSS_HIT,0.1228
760,TRUMP_USDT,LONG,StochasticRSI(FAST_SCALP-LONG),2,0.2,1.612,1.616,1.616,1.604,2026-07-09 20:06:59 UTC,2026-07-09 20:21:52 UTC,892.89,0.3224,0.0043,0.0,0.0008,0.08,18.61,MIN_PROFIT_TP_HIT,0.1236
761,TRUMP_USDT,SHORT,StochasticRSI(FAST_SCALP-SHORT),2,0.2,1.617,1.613,1.613,1.625,2026-07-09 20:25:59 UTC,2026-07-09 20:45:38 UTC,1178.67,0.3234,0.0043,0.0,0.0008,0.08,18.55,MIN_PROFIT_TP_HIT,0.1244
762,TRUMP_USDT,SHORT,StochasticRSI(FAST_SCALP-SHORT),2,0.2,1.616,1.612,1.612,1.624,2026-07-09 21:08:59 UTC,2026-07-09 21:15:17 UTC,377.64,0.3232,0.0043,0.0,0.0008,0.08,18.56,MIN_PROFIT_TP_HIT,0.1252
763,TRUMP_USDT,LONG,StochasticRSI(FAST_SCALP-LONG),2,0.2,1.615,1.607,1.619,1.607,2026-07-09 21:19:59 UTC,2026-07-09 21:40:51 UTC,1251.37,0.323,0.0043,0.0,-0.0016,-0.15,-37.15,STOP_LOSS_HIT,0.1236
764,TRUMP_USDT,SHORT,StochasticRSI(FAST_SCALP-SHORT),2,0.2,1.606,1.602,1.602,1.614,2026-07-09 21:52:59 UTC,2026-07-09 22:02:51 UTC,591.5,0.3212,0.0043,0.0,0.0008,0.08,18.68,MIN_PROFIT_TP_HIT,0.1244
765,TRUMP_USDT,SHORT,StochasticRSI(FAST_SCALP-SHORT),2,0.2,1.606,1.602,1.602,1.614,2026-07-09 22:09:59 UTC,2026-07-09 23:00:17 UTC,3017.0,0.3212,0.0043,0.0,0.0008,0.08,18.68,MIN_PROFIT_TP_HIT,0.1252
766,TRUMP_USDT,LONG,StochasticRSI(FAST_SCALP-LONG),2,0.2,1.604,1.608,1.608,1.596,2026-07-09 23:03:59 UTC,2026-07-10 00:06:16 UTC,3736.98,0.3208,0.0043,0.0,0.0008,0.08,18.7,MIN_PROFIT_TP_HIT,0.126
767,TRUMP_USDT,SHORT,StochasticRSI(FAST_SCALP-SHORT),2,0.2,1.604,1.6,1.6,1.612,2026-07-10 00:11:59 UTC,2026-07-10 00:24:11 UTC,731.53,0.3208,0.0043,0.0,0.0008,0.08,18.7,MIN_PROFIT_TP_HIT,0.1268
768,TRUMP_USDT,LONG,StochasticRSI(FAST_SCALP-LONG),2,0.2,1.601,1.605,1.605,1.593,2026-07-10 00:27:59 UTC,2026-07-10 00:32:42 UTC,282.05,0.3202,0.0043,0.0,0.0008,0.08,18.74,MIN_PROFIT_TP_HIT,0.1276
769,TRUMP_USDT,SHORT,StochasticRSI(FAST_SCALP-SHORT),2,0.2,1.601,1.609,1.597,1.609,2026-07-10 00:34:59 UTC,2026-07-10 01:20:48 UTC,2748.77,0.3202,0.0043,0.0,-0.0016,-0.15,-37.48,STOP_LOSS_HIT,0.126
770,TRUMP_USDT,SHORT,StochasticRSI(FAST_SCALP-SHORT),2,0.2,1.608,1.604,1.604,1.616,2026-07-10 01:22:59 UTC,2026-07-10 01:43:08 UTC,1208.12,0.3216,0.0043,0.0,0.0008,0.08,18.66,MIN_PROFIT_TP_HIT,0.1268
771,TRUMP_USDT,SHORT,StochasticRSI(FAST_SCALP-SHORT),2,0.2,1.622,1.618,1.618,1.63,2026-07-10 01:51:59 UTC,2026-07-10 01:53:03 UTC,63.65,0.3244,0.0043,0.0,0.0008,0.08,18.5,MIN_PROFIT_TP_HIT,0.1276
772,TRUMP_USDT,LONG,StochasticRSI(FAST_SCALP-LONG),2,0.2,1.614,1.618,1.618,1.606,2026-07-10 02:00:59 UTC,2026-07-10 02:11:07 UTC,607.13,0.3228,0.0043,0.0,0.0008,0.08,18.59,MIN_PROFIT_TP_HIT,0.1284
773,TRUMP_USDT,SHORT,StochasticRSI(FAST_SCALP-SHORT),2,0.2,1.615,1.611,1.611,1.623,2026-07-10 02:16:59 UTC,2026-07-10 03:56:35 UTC,5975.96,0.323,0.0043,0.0,0.0008,0.08,18.58,MIN_PROFIT_TP_HIT,0.1292
774,TRUMP_USDT,SHORT,StochasticRSI(FAST_SCALP-SHORT),2,0.2,1.612,1.62,1.608,1.62,2026-07-10 04:19:59 UTC,2026-07-10 05:37:29 UTC,4649.05,0.3224,0.0043,0.0,-0.0016,-0.15,-37.22,STOP_LOSS_HIT,0.1276
775,TRUMP_USDT,SHORT,StochasticRSI(FAST_SCALP-SHORT),2,0.2,1.618,1.614,1.614,1.626,2026-07-10 05:40:59 UTC,2026-07-10 05:43:44 UTC,164.61,0.3236,0.0043,0.0,0.0008,0.08,18.54,MIN_PROFIT_TP_HIT,0.1284
776,TRUMP_USDT,LONG,StochasticRSI(FAST_SCALP-LONG),2,0.2,1.615,1.607,1.619,1.607,2026-07-10 05:46:59 UTC,2026-07-10 06:18:48 UTC,1908.41,0.323,0.0043,0.0,-0.0016,-0.15,-37.15,STOP_LOSS_HIT,0.1268
777,TRUMP_USDT,SHORT,StochasticRSI(FAST_SCALP-SHORT),2,0.2,1.607,1.603,1.603,1.615,2026-07-10 06:27:59 UTC,2026-07-10 07:57:27 UTC,5367.67,0.3214,0.0043,0.0,0.0008,0.08,18.67,MIN_PROFIT_TP_HIT,0.1276
778,TRUMP_USDT,SHORT,StochasticRSI(FAST_SCALP-SHORT),2,0.2,1.605,1.613,1.601,1.613,2026-07-10 07:58:59 UTC,2026-07-10 08:28:48 UTC,1788.92,0.321,0.0043,0.0,-0.0016,-0.15,-37.38,STOP_LOSS_HIT,0.126
779,TRUMP_USDT,SHORT,StochasticRSI(FAST_SCALP-SHORT),2,0.2,1.616,1.612,1.612,1.624,2026-07-10 08:37:59 UTC,2026-07-10 09:12:59 UTC,2099.77,0.3232,0.0043,0.0,0.0008,0.08,18.56,MIN_PROFIT_TP_HIT,0.1268
780,TRUMP_USDT,LONG,StochasticRSI(FAST_SCALP-LONG),2,0.2,1.615,1.619,1.619,1.607,2026-07-10 09:15:59 UTC,2026-07-10 09:20:03 UTC,243.57,0.323,0.0043,0.0,0.0008,0.08,18.58,MIN_PROFIT_TP_HIT,0.1276
781,TRUMP_USDT,SHORT,StochasticRSI(FAST_SCALP-SHORT),2,0.2,1.618,1.626,1.614,1.626,2026-07-10 09:24:59 UTC,2026-07-10 09:31:33 UTC,393.66,0.3236,0.0043,0.0,-0.0016,-0.15,-37.08,STOP_LOSS_HIT,0.126
782,TRUMP_USDT,SHORT,StochasticRSI(FAST_SCALP-SHORT),2,0.2,1.631,1.627,1.627,1.639,2026-07-10 09:39:59 UTC,2026-07-10 09:45:11 UTC,311.05,0.3262,0.0043,0.0,0.0008,0.08,18.39,MIN_PROFIT_TP_HIT,0.1268
783,TRUMP_USDT,LONG,StochasticRSI(FAST_SCALP-LONG),2,0.2,1.63,1.634,1.634,1.622,2026-07-10 09:46:59 UTC,2026-07-10 09:53:51 UTC,411.88,0.326,0.0043,0.0,0.0008,0.08,18.4,MIN_PROFIT_TP_HIT,0.1276
784,TRUMP_USDT,SHORT,StochasticRSI(FAST_SCALP-SHORT),2,0.2,1.633,1.641,1.629,1.641,2026-07-10 09:57:59 UTC,2026-07-10 10:02:07 UTC,247.18,0.3266,0.0044,0.0,-0.0016,-0.15,-36.74,STOP_LOSS_HIT,0.126
785,TRUMP_USDT,LONG,StochasticRSI(FAST_SCALP-LONG),2,0.2,1.633,1.637,1.637,1.625,2026-07-10 10:12:59 UTC,2026-07-10 10:26:04 UTC,784.85,0.3266,0.0044,0.0,0.0008,0.08,18.37,MIN_PROFIT_TP_HIT,0.1268
786,TRUMP_USDT,SHORT,StochasticRSI(FAST_SCALP-SHORT),2,0.2,1.64,1.636,1.636,1.648,2026-07-10 10:32:59 UTC,2026-07-10 10:36:38 UTC,218.54,0.328,0.0044,0.0,0.0008,0.08,18.29,MIN_PROFIT_TP_HIT,0.1276
787,TRUMP_USDT,LONG,StochasticRSI(FAST_SCALP-LONG),2,0.2,1.632,1.636,1.636,1.624,2026-07-10 10:40:59 UTC,2026-07-10 10:44:29 UTC,209.67,0.3264,0.0044,0.0,0.0008,0.08,18.38,MIN_PROFIT_TP_HIT,0.1284
788,TRUMP_USDT,SHORT,StochasticRSI(FAST_SCALP-SHORT),2,0.2,1.637,1.633,1.633,1.645,2026-07-10 10:50:59 UTC,2026-07-10 11:09:31 UTC,1111.12,0.3274,0.0044,0.0,0.0008,0.08,18.33,MIN_PROFIT_TP_HIT,0.1292
789,TRUMP_USDT,SHORT,StochasticRSI(FAST_SCALP-SHORT),2,0.2,1.632,1.628,1.628,1.64,2026-07-10 11:10:59 UTC,2026-07-10 11:20:29 UTC,569.24,0.3264,0.0044,0.0,0.0008,0.08,18.38,MIN_PROFIT_TP_HIT,0.13
790,TRUMP_USDT,LONG,StochasticRSI(FAST_SCALP-LONG),2,0.2,1.624,1.628,1.628,1.616,2026-07-10 11:28:59 UTC,2026-07-10 11:42:54 UTC,834.44,0.3248,0.0043,0.0,0.0008,0.08,18.47,MIN_PROFIT_TP_HIT,0.1308
791,TRUMP_USDT,SHORT,StochasticRSI(FAST_SCALP-SHORT),2,0.2,1.629,1.625,1.625,1.637,2026-07-10 11:49:59 UTC,2026-07-10 12:02:53 UTC,773.31,0.3258,0.0043,0.0,0.0008,0.08,18.42,MIN_PROFIT_TP_HIT,0.1316
792,TRUMP_USDT,SHORT,StochasticRSI(FAST_SCALP-SHORT),2,0.2,1.629,1.625,1.625,1.637,2026-07-10 12:15:59 UTC,2026-07-10 12:41:11 UTC,1511.55,0.3258,0.0043,0.0,0.0008,0.08,18.42,MIN_PROFIT_TP_HIT,0.1324
793,TRUMP_USDT,LONG,StochasticRSI(FAST_SCALP-LONG),2,0.2,1.625,1.617,1.629,1.617,2026-07-10 12:45:59 UTC,2026-07-10 13:30:32 UTC,2672.84,0.325,0.0043,0.0,-0.0016,-0.15,-36.92,STOP_LOSS_HIT,0.1308
794,TRUMP_USDT,LONG,StochasticRSI(FAST_SCALP-LONG),2,0.2,1.622,1.626,1.626,1.614,2026-07-10 13:32:59 UTC,2026-07-10 13:37:30 UTC,270.98,0.3244,0.0043,0.0,0.0008,0.08,18.5,MIN_PROFIT_TP_HIT,0.1316
795,TRUMP_USDT,SHORT,StochasticRSI(FAST_SCALP-SHORT),2,0.2,1.617,1.625,1.613,1.625,2026-07-10 13:40:59 UTC,2026-07-10 13:45:16 UTC,256.95,0.3234,0.0043,0.0,-0.0016,-0.15,-37.11,STOP_LOSS_HIT,0.13
796,TRUMP_USDT,SHORT,StochasticRSI(FAST_SCALP-SHORT),2,0.2,1.627,1.623,1.623,1.635,2026-07-10 13:49:59 UTC,2026-07-10 14:04:22 UTC,862.97,0.3254,0.0043,0.0,0.0008,0.08,18.44,MIN_PROFIT_TP_HIT,0.1308
797,TRUMP_USDT,LONG,StochasticRSI(FAST_SCALP-LONG),2,0.2,1.624,1.616,1.628,1.616,2026-07-10 14:07:59 UTC,2026-07-10 14:18:53 UTC,653.14,0.3248,0.0043,0.0,-0.0016,-0.15,-36.95,STOP_LOSS_HIT,0.1292
798,TRUMP_USDT,LONG,StochasticRSI(FAST_SCALP-LONG),2,0.2,1.61,1.614,1.614,1.602,2026-07-10 14:23:59 UTC,2026-07-10 14:27:53 UTC,233.59,0.322,0.0043,0.0,0.0008,0.08,18.63,MIN_PROFIT_TP_HIT,0.13
799,TRUMP_USDT,SHORT,StochasticRSI(FAST_SCALP-SHORT),2,0.2,1.614,1.61,1.61,1.622,2026-07-10 14:31:59 UTC,2026-07-10 14:32:43 UTC,43.66,0.3228,0.0043,0.0,0.0008,0.08,18.59,MIN_PROFIT_TP_HIT,0.1308
800,TRUMP_USDT,SHORT,StochasticRSI(FAST_SCALP-SHORT),2,0.2,1.608,1.616,1.604,1.616,2026-07-10 14:42:59 UTC,2026-07-10 15:16:25 UTC,2005.63,0.3216,0.0043,0.0,-0.0016,-0.15,-37.31,STOP_LOSS_HIT,0.1292
801,TRUMP_USDT,LONG,StochasticRSI(FAST_SCALP-LONG),2,0.2,1.616,1.608,1.62,1.608,2026-07-10 15:27:59 UTC,2026-07-10 15:41:08 UTC,788.69,0.3232,0.0043,0.0,-0.0016,-0.15,-37.13,STOP_LOSS_HIT,0.1276
802,TRUMP_USDT,LONG,StochasticRSI(FAST_SCALP-LONG),2,0.2,1.607,1.611,1.611,1.599,2026-07-10 15:46:59 UTC,2026-07-10 15:55:54 UTC,534.33,0.3214,0.0043,0.0,0.0008,0.08,18.67,MIN_PROFIT_TP_HIT,0.1284
803,TRUMP_USDT,SHORT,StochasticRSI(FAST_SCALP-SHORT),2,0.2,1.61,1.618,1.606,1.618,2026-07-10 15:57:59 UTC,2026-07-10 16:16:18 UTC,1098.38,0.322,0.0043,0.0,-0.0016,-0.15,-37.27,STOP_LOSS_HIT,0.1268
804,TRUMP_USDT,SHORT,StochasticRSI(FAST_SCALP-SHORT),2,0.2,1.614,1.61,1.61,1.622,2026-07-10 16:18:59 UTC,2026-07-10 16:25:00 UTC,360.38,0.3228,0.0043,0.0,0.0008,0.08,18.59,MIN_PROFIT_TP_HIT,0.1276
805,TRUMP_USDT,LONG,StochasticRSI(FAST_SCALP-LONG),2,0.2,1.61,1.614,1.614,1.602,2026-07-10 16:27:59 UTC,2026-07-10 16:44:06 UTC,966.39,0.322,0.0043,0.0,0.0008,0.08,18.63,MIN_PROFIT_TP_HIT,0.1284
806,TRUMP_USDT,SHORT,StochasticRSI(FAST_SCALP-SHORT),2,0.2,1.615,1.611,1.611,1.623,2026-07-10 16:49:59 UTC,2026-07-10 16:55:38 UTC,338.32,0.323,0.0043,0.0,0.0008,0.08,18.58,MIN_PROFIT_TP_HIT,0.1292
807,TRUMP_USDT,LONG,StochasticRSI(FAST_SCALP-LONG),2,0.2,1.615,1.619,1.619,1.607,2026-07-10 16:57:59 UTC,2026-07-10 17:04:33 UTC,393.2,0.323,0.0043,0.0,0.0008,0.08,18.58,MIN_PROFIT_TP_HIT,0.13
808,TRUMP_USDT,LONG,StochasticRSI(FAST_SCALP-LONG),2,0.2,1.614,1.606,1.618,1.606,2026-07-10 17:10:59 UTC,2026-07-10 17:37:15 UTC,1575.99,0.3228,0.0043,0.0,-0.0016,-0.15,-37.17,STOP_LOSS_HIT,0.1284
809,TRUMP_USDT,LONG,StochasticRSI(FAST_SCALP-LONG),2,0.2,1.607,1.599,1.611,1.599,2026-07-10 17:38:59 UTC,2026-07-10 18:47:39 UTC,4119.14,0.3214,0.0043,0.0,-0.0016,-0.15,-37.34,STOP_LOSS_HIT,0.1268
810,TRUMP_USDT,SHORT,StochasticRSI(FAST_SCALP-SHORT),2,0.2,1.603,1.611,1.599,1.611,2026-07-10 19:01:59 UTC,2026-07-10 19:16:23 UTC,863.66,0.3206,0.0043,0.0,-0.0016,-0.15,-37.43,STOP_LOSS_HIT,0.1252
811,TRUMP_USDT,SHORT,StochasticRSI(FAST_SCALP-SHORT),2,0.2,1.608,1.604,1.604,1.616,2026-07-10 19:18:59 UTC,2026-07-10 19:21:35 UTC,155.27,0.3216,0.0043,0.0,0.0008,0.08,18.66,MIN_PROFIT_TP_HIT,0.126
812,TRUMP_USDT,LONG,StochasticRSI(FAST_SCALP-LONG),2,0.2,1.605,1.609,1.609,1.597,2026-07-10 19:25:59 UTC,2026-07-10 19:32:16 UTC,376.33,0.321,0.0043,0.0,0.0008,0.08,18.69,MIN_PROFIT_TP_HIT,0.1268
813,TRUMP_USDT,SHORT,StochasticRSI(FAST_SCALP-SHORT),2,0.2,1.614,1.61,1.61,1.622,2026-07-10 19:38:59 UTC,2026-07-10 19:47:12 UTC,492.21,0.3228,0.0043,0.0,0.0008,0.08,18.59,MIN_PROFIT_TP_HIT,0.1276
814,TRUMP_USDT,LONG,StochasticRSI(FAST_SCALP-LONG),2,0.2,1.607,1.611,1.611,1.599,2026-07-10 19:55:59 UTC,2026-07-10 20:10:37 UTC,877.56,0.3214,0.0043,0.0,0.0008,0.08,18.67,MIN_PROFIT_TP_HIT,0.1284
815,TRUMP_USDT,SHORT,StochasticRSI(FAST_SCALP-SHORT),2,0.2,1.61,1.606,1.606,1.618,2026-07-10 20:12:59 UTC,2026-07-10 20:20:13 UTC,433.5,0.322,0.0043,0.0,0.0008,0.08,18.63,MIN_PROFIT_TP_HIT,0.1292
816,TRUMP_USDT,LONG,StochasticRSI(FAST_SCALP-LONG),2,0.2,1.608,1.612,1.612,1.6,2026-07-10 20:22:59 UTC,2026-07-10 21:24:53 UTC,3713.69,0.3216,0.0043,0.0,0.0008,0.08,18.66,MIN_PROFIT_TP_HIT,0.13
817,TRUMP_USDT,SHORT,StochasticRSI(FAST_SCALP-SHORT),2,0.2,1.612,1.62,1.608,1.62,2026-07-10 21:26:59 UTC,2026-07-10 21:43:53 UTC,1013.25,0.3224,0.0043,0.0,-0.0016,-0.15,-37.22,STOP_LOSS_HIT,0.1284
818,TRUMP_USDT,SHORT,StochasticRSI(FAST_SCALP-SHORT),2,0.2,1.618,1.614,1.614,1.626,2026-07-10 21:45:59 UTC,2026-07-10 21:58:53 UTC,773.2,0.3236,0.0043,0.0,0.0008,0.08,18.54,MIN_PROFIT_TP_HIT,0.1292
819,TRUMP_USDT,LONG,StochasticRSI(FAST_SCALP-LONG),2,0.2,1.617,1.621,1.621,1.609,2026-07-10 22:01:59 UTC,2026-07-10 22:54:53 UTC,3173.04,0.3234,0.0043,0.0,0.0008,0.08,18.55,MIN_PROFIT_TP_HIT,0.13
820,TRUMP_USDT,SHORT,StochasticRSI(FAST_SCALP-SHORT),2,0.2,1.619,1.615,1.615,1.627,2026-07-10 22:57:59 UTC,2026-07-10 23:02:48 UTC,288.96,0.3238,0.0043,0.0,0.0008,0.08,18.53,MIN_PROFIT_TP_HIT,0.1308
821,TRUMP_USDT,LONG,StochasticRSI(FAST_SCALP-LONG),2,0.2,1.616,1.608,1.62,1.608,2026-07-10 23:05:59 UTC,2026-07-11 00:08:45 UTC,3765.45,0.3232,0.0043,0.0,-0.0016,-0.15,-37.13,STOP_LOSS_HIT,0.1292
822,TRUMP_USDT,LONG,StochasticRSI(FAST_SCALP-LONG),2,0.2,1.61,1.614,1.614,1.602,2026-07-11 00:13:59 UTC,2026-07-11 00:24:51 UTC,651.44,0.322,0.0043,0.0,0.0008,0.08,18.63,MIN_PROFIT_TP_HIT,0.13
823,TRUMP_USDT,SHORT,StochasticRSI(FAST_SCALP-SHORT),2,0.2,1.615,1.611,1.611,1.623,2026-07-11 00:26:59 UTC,2026-07-11 01:58:30 UTC,5490.54,0.323,0.0043,0.0,0.0008,0.08,18.58,MIN_PROFIT_TP_HIT,0.1308
824,TRUMP_USDT,LONG,StochasticRSI(FAST_SCALP-LONG),2,0.2,1.611,1.615,1.615,1.603,2026-07-11 02:01:59 UTC,2026-07-11 02:56:01 UTC,3241.9,0.3222,0.0043,0.0,0.0008,0.08,18.62,MIN_PROFIT_TP_HIT,0.1316
825,TRUMP_USDT,SHORT,StochasticRSI(FAST_SCALP-SHORT),2,0.2,1.616,1.612,1.612,1.624,2026-07-11 02:59:59 UTC,2026-07-11 03:12:14 UTC,734.73,0.3232,0.0043,0.0,0.0008,0.08,18.56,MIN_PROFIT_TP_HIT,0.1324
826,TRUMP_USDT,LONG,StochasticRSI(FAST_SCALP-LONG),2,0.2,1.613,1.605,1.617,1.605,2026-07-11 03:17:59 UTC,2026-07-11 04:17:29 UTC,3569.69,0.3226,0.0043,0.0,-0.0016,-0.15,-37.2,STOP_LOSS_HIT,0.1308
827,TRUMP_USDT,LONG,StochasticRSI(FAST_SCALP-LONG),2,0.2,1.608,1.612,1.612,1.6,2026-07-11 04:20:59 UTC,2026-07-11 05:33:41 UTC,4361.09,0.3216,0.0043,0.0,0.0008,0.08,18.66,MIN_PROFIT_TP_HIT,0.1316
828,TRUMP_USDT,SHORT,StochasticRSI(FAST_SCALP-SHORT),2,0.2,1.611,1.607,1.607,1.619,2026-07-11 05:40:59 UTC,2026-07-11 05:41:40 UTC,40.44,0.3222,0.0043,0.0,0.0008,0.08,18.62,MIN_PROFIT_TP_HIT,0.1324
829,TRUMP_USDT,LONG,StochasticRSI(FAST_SCALP-LONG),2,0.2,1.606,1.61,1.61,1.598,2026-07-11 05:46:59 UTC,2026-07-11 06:18:50 UTC,1910.14,0.3212,0.0043,0.0,0.0008,0.08,18.68,MIN_PROFIT_TP_HIT,0.1332
830,TRUMP_USDT,SHORT,StochasticRSI(FAST_SCALP-SHORT),2,0.2,1.611,1.607,1.607,1.619,2026-07-11 06:22:59 UTC,2026-07-11 06:29:24 UTC,384.3,0.3222,0.0043,0.0,0.0008,0.08,18.62,MIN_PROFIT_TP_HIT,0.134
831,TRUMP_USDT,LONG,StochasticRSI(FAST_SCALP-LONG),2,0.2,1.609,1.613,1.613,1.601,2026-07-11 06:31:59 UTC,2026-07-11 09:04:07 UTC,9127.54,0.3218,0.0043,0.0,0.0008,0.08,18.65,MIN_PROFIT_TP_HIT,0.1348
832,TRUMP_USDT,SHORT,StochasticRSI(FAST_SCALP-SHORT),2,0.2,1.613,1.609,1.609,1.621,2026-07-11 09:07:59 UTC,2026-07-11 09:21:20 UTC,800.27,0.3226,0.0043,0.0,0.0008,0.08,18.6,MIN_PROFIT_TP_HIT,0.1356
833,TRUMP_USDT,LONG,StochasticRSI(FAST_SCALP-LONG),2,0.2,1.609,1.613,1.613,1.601,2026-07-11 09:23:59 UTC,2026-07-11 09:37:07 UTC,787.29,0.3218,0.0043,0.0,0.0008,0.08,18.65,MIN_PROFIT_TP_HIT,0.1364
834,TRUMP_USDT,SHORT,StochasticRSI(FAST_SCALP-SHORT),2,0.2,1.613,1.609,1.609,1.621,2026-07-11 09:41:59 UTC,2026-07-11 09:47:12 UTC,312.74,0.3226,0.0043,0.0,0.0008,0.08,18.6,MIN_PROFIT_TP_HIT,0.1372
835,TRUMP_USDT,LONG,StochasticRSI(FAST_SCALP-LONG),2,0.2,1.608,1.612,1.612,1.6,2026-07-11 09:50:59 UTC,2026-07-11 11:07:38 UTC,4598.19,0.3216,0.0043,0.0,0.0008,0.08,18.66,MIN_PROFIT_TP_HIT,0.138
836,TRUMP_USDT,SHORT,StochasticRSI(FAST_SCALP-SHORT),2,0.2,1.612,1.608,1.608,1.62,2026-07-11 11:10:59 UTC,2026-07-11 12:39:42 UTC,5322.63,0.3224,0.0043,0.0,0.0008,0.08,18.61,MIN_PROFIT_TP_HIT,0.1388
837,TRUMP_USDT,LONG,StochasticRSI(FAST_SCALP-LONG),2,0.2,1.611,1.615,1.615,1.603,2026-07-11 12:42:59 UTC,2026-07-11 13:20:35 UTC,2255.84,0.3222,0.0043,0.0,0.0008,0.08,18.62,MIN_PROFIT_TP_HIT,0.1396
838,TRUMP_USDT,SHORT,StochasticRSI(FAST_SCALP-SHORT),2,0.2,1.613,1.621,1.609,1.621,2026-07-11 13:21:59 UTC,2026-07-11 14:35:44 UTC,4424.74,0.3226,0.0043,0.0,-0.0016,-0.15,-37.2,STOP_LOSS_HIT,0.138
839,TRUMP_USDT,SHORT,StochasticRSI(FAST_SCALP-SHORT),2,0.2,1.622,1.63,1.618,1.63,2026-07-11 14:38:59 UTC,2026-07-11 15:11:10 UTC,1930.41,0.3244,0.0043,0.0,-0.0016,-0.15,-36.99,STOP_LOSS_HIT,0.1364
840,TRUMP_USDT,LONG,StochasticRSI(FAST_SCALP-LONG),2,0.2,1.625,1.617,1.629,1.617,2026-07-11 15:19:59 UTC,2026-07-11 15:37:15 UTC,1035.86,0.325,0.0043,0.0,-0.0016,-0.15,-36.92,STOP_LOSS_HIT,0.1348
841,TRUMP_USDT,LONG,StochasticRSI(FAST_SCALP-LONG),2,0.2,1.617,1.621,1.621,1.609,2026-07-11 15:41:59 UTC,2026-07-11 17:00:09 UTC,4689.45,0.3234,0.0043,0.0,0.0008,0.08,18.55,MIN_PROFIT_TP_HIT,0.1356
842,TRUMP_USDT,SHORT,StochasticRSI(FAST_SCALP-SHORT),2,0.2,1.617,1.625,1.613,1.625,2026-07-11 17:03:59 UTC,2026-07-11 17:13:26 UTC,566.95,0.3234,0.0043,0.0,-0.0016,-0.15,-37.11,STOP_LOSS_HIT,0.134
843,TRUMP_USDT,SHORT,StochasticRSI(FAST_SCALP-SHORT),2,0.2,1.623,1.619,1.619,1.631,2026-07-11 17:19:59 UTC,2026-07-11 17:58:38 UTC,2318.19,0.3246,0.0043,0.0,0.0008,0.08,18.48,MIN_PROFIT_TP_HIT,0.1348
844,TRUMP_USDT,LONG,StochasticRSI(FAST_SCALP-LONG),2,0.2,1.621,1.625,1.625,1.613,2026-07-11 18:06:59 UTC,2026-07-11 18:16:26 UTC,566.16,0.3242,0.0043,0.0,0.0008,0.08,18.51,MIN_PROFIT_TP_HIT,0.1356
845,TRUMP_USDT,SHORT,StochasticRSI(FAST_SCALP-SHORT),2,0.2,1.626,1.622,1.622,1.634,2026-07-11 18:19:59 UTC,2026-07-11 18:34:58 UTC,898.71,0.3252,0.0043,0.0,0.0008,0.08,18.45,MIN_PROFIT_TP_HIT,0.1364
846,TRUMP_USDT,LONG,StochasticRSI(FAST_SCALP-LONG),2,0.2,1.627,1.619,1.631,1.619,2026-07-11 18:37:59 UTC,2026-07-11 22:19:35 UTC,13295.09,0.3254,0.0043,0.0,-0.0016,-0.15,-36.88,STOP_LOSS_HIT,0.1348
847,TRUMP_USDT,LONG,StochasticRSI(FAST_SCALP-LONG),2,0.2,1.613,1.605,1.617,1.605,2026-07-11 22:23:59 UTC,2026-07-11 23:09:38 UTC,2738.07,0.3226,0.0043,0.0,-0.0016,-0.15,-37.2,STOP_LOSS_HIT,0.1332
848,TRUMP_USDT,LONG,StochasticRSI(FAST_SCALP-LONG),2,0.2,1.606,1.598,1.61,1.598,2026-07-11 23:14:59 UTC,2026-07-11 23:22:04 UTC,424.32,0.3212,0.0043,0.0,-0.0016,-0.15,-37.36,STOP_LOSS_HIT,0.1316
849,TRUMP_USDT,LONG,StochasticRSI(FAST_SCALP-LONG),2,0.2,1.593,1.597,1.597,1.585,2026-07-11 23:34:59 UTC,2026-07-11 23:45:23 UTC,623.11,0.3186,0.0042,0.0,0.0008,0.08,18.83,MIN_PROFIT_TP_HIT,0.1324
850,TRUMP_USDT,LONG,StochasticRSI(FAST_SCALP-LONG),2,0.2,1.568,1.572,1.572,1.56,2026-07-12 00:02:59 UTC,2026-07-12 00:03:18 UTC,18.07,0.3136,0.0042,0.0,0.0008,0.08,19.13,MIN_PROFIT_TP_HIT,0.1332
851,TRUMP_USDT,SHORT,StochasticRSI(FAST_SCALP-SHORT),2,0.2,1.563,1.571,1.559,1.571,2026-07-12 00:08:59 UTC,2026-07-12 00:12:57 UTC,237.64,0.3126,0.0042,0.0,-0.0016,-0.15,-38.39,STOP_LOSS_HIT,0.1316
852,TRUMP_USDT,SHORT,StochasticRSI(FAST_SCALP-SHORT),2,0.2,1.567,1.563,1.563,1.575,2026-07-12 00:15:59 UTC,2026-07-12 00:18:48 UTC,168.59,0.3134,0.0042,0.0,0.0008,0.08,19.14,MIN_PROFIT_TP_HIT,0.1324
853,TRUMP_USDT,SHORT,StochasticRSI(FAST_SCALP-SHORT),2,0.2,1.565,1.561,1.561,1.573,2026-07-12 00:19:59 UTC,2026-07-12 00:30:59 UTC,659.46,0.313,0.0042,0.0,0.0008,0.08,19.17,MIN_PROFIT_TP_HIT,0.1332
854,TRUMP_USDT,LONG,StochasticRSI(FAST_SCALP-LONG),2,0.2,1.564,1.568,1.568,1.556,2026-07-12 00:33:59 UTC,2026-07-12 00:36:01 UTC,121.71,0.3128,0.0042,0.0,0.0008,0.08,19.18,MIN_PROFIT_TP_HIT,0.134
855,TRUMP_USDT,SHORT,StochasticRSI(FAST_SCALP-SHORT),2,0.2,1.564,1.56,1.56,1.572,2026-07-12 00:38:59 UTC,2026-07-12 00:40:03 UTC,63.07,0.3128,0.0042,0.0,0.0008,0.08,19.18,MIN_PROFIT_TP_HIT,0.1348
856,TRUMP_USDT,SHORT,StochasticRSI(FAST_SCALP-SHORT),2,0.2,1.563,1.571,1.559,1.571,2026-07-12 00:47:59 UTC,2026-07-12 01:15:57 UTC,1677.59,0.3126,0.0042,0.0,-0.0016,-0.15,-38.39,STOP_LOSS_HIT,0.1332
857,TRUMP_USDT,SHORT,StochasticRSI(FAST_SCALP-SHORT),2,0.2,1.573,1.581,1.569,1.581,2026-07-12 01:18:59 UTC,2026-07-12 01:41:32 UTC,1352.18,0.3146,0.0042,0.0,-0.0016,-0.15,-38.14,STOP_LOSS_HIT,0.1316
858,TRUMP_USDT,LONG,StochasticRSI(FAST_SCALP-LONG),2,0.2,1.579,1.583,1.583,1.571,2026-07-12 01:50:59 UTC,2026-07-12 03:31:56 UTC,6056.38,0.3158,0.0042,0.0,0.0008,0.08,19.0,MIN_PROFIT_TP_HIT,0.1324
859,TRUMP_USDT,SHORT,StochasticRSI(FAST_SCALP-SHORT),2,0.2,1.58,1.576,1.576,1.588,2026-07-12 03:36:59 UTC,2026-07-12 04:32:42 UTC,3342.83,0.316,0.0042,0.0,0.0008,0.08,18.99,MIN_PROFIT_TP_HIT,0.1332
860,TRUMP_USDT,LONG,StochasticRSI(FAST_SCALP-LONG),2,0.2,1.576,1.58,1.58,1.568,2026-07-12 04:36:59 UTC,2026-07-12 04:40:46 UTC,226.91,0.3152,0.0042,0.0,0.0008,0.08,19.04,MIN_PROFIT_TP_HIT,0.134
861,TRUMP_USDT,SHORT,StochasticRSI(FAST_SCALP-SHORT),2,0.2,1.581,1.577,1.577,1.589,2026-07-12 04:46:59 UTC,2026-07-12 04:51:36 UTC,276.99,0.3162,0.0042,0.0,0.0008,0.08,18.98,MIN_PROFIT_TP_HIT,0.1348
862,TRUMP_USDT,LONG,StochasticRSI(FAST_SCALP-LONG),2,0.2,1.576,1.568,1.58,1.568,2026-07-12 04:53:59 UTC,2026-07-12 05:16:39 UTC,1359.79,0.3152,0.0042,0.0,-0.0016,-0.15,-38.07,STOP_LOSS_HIT,0.1332
863,TRUMP_USDT,LONG,StochasticRSI(FAST_SCALP-LONG),2,0.2,1.567,1.571,1.571,1.559,2026-07-12 05:19:59 UTC,2026-07-12 05:27:08 UTC,428.28,0.3134,0.0042,0.0,0.0008,0.08,19.14,MIN_PROFIT_TP_HIT,0.134
864,TRUMP_USDT,SHORT,StochasticRSI(FAST_SCALP-SHORT),2,0.2,1.571,1.567,1.567,1.579,2026-07-12 05:48:59 UTC,2026-07-12 06:01:31 UTC,751.89,0.3142,0.0042,0.0,0.0008,0.08,19.1,MIN_PROFIT_TP_HIT,0.1348
865,TRUMP_USDT,LONG,StochasticRSI(FAST_SCALP-LONG),2,0.2,1.562,1.554,1.566,1.554,2026-07-12 06:07:59 UTC,2026-07-12 06:17:20 UTC,560.68,0.3124,0.0042,0.0,-0.0016,-0.15,-38.41,STOP_LOSS_HIT,0.1332
866,TRUMP_USDT,SHORT,StochasticRSI(FAST_SCALP-SHORT),2,0.2,1.557,1.553,1.553,1.565,2026-07-12 06:23:59 UTC,2026-07-12 06:28:19 UTC,259.47,0.3114,0.0042,0.0,0.0008,0.08,19.27,MIN_PROFIT_TP_HIT,0.134
867,TRUMP_USDT,SHORT,StochasticRSI(FAST_SCALP-SHORT),2,0.2,1.561,1.569,1.557,1.569,2026-07-12 06:40:59 UTC,2026-07-12 08:08:33 UTC,5253.42,0.3122,0.0042,0.0,-0.0016,-0.15,-38.44,STOP_LOSS_HIT,0.1324
868,TRUMP_USDT,SHORT,StochasticRSI(FAST_SCALP-SHORT),2,0.2,1.569,1.565,1.565,1.577,2026-07-12 08:11:59 UTC,2026-07-12 09:20:40 UTC,4120.25,0.3138,0.0042,0.0,0.0008,0.08,19.12,MIN_PROFIT_TP_HIT,0.1332
869,TRUMP_USDT,SHORT,StochasticRSI(FAST_SCALP-SHORT),2,0.2,1.569,1.577,1.565,1.577,2026-07-12 09:30:59 UTC,2026-07-12 09:45:53 UTC,893.13,0.3138,0.0042,0.0,-0.0016,-0.15,-38.24,STOP_LOSS_HIT,0.1316
870,TRUMP_USDT,SHORT,StochasticRSI(FAST_SCALP-SHORT),2,0.2,1.574,1.57,1.57,1.582,2026-07-12 09:48:59 UTC,2026-07-12 10:25:55 UTC,2215.1,0.3148,0.0042,0.0,0.0008,0.08,19.06,MIN_PROFIT_TP_HIT,0.1324
871,TRUMP_USDT,LONG,StochasticRSI(FAST_SCALP-LONG),2,0.2,1.571,1.575,1.575,1.563,2026-07-12 10:29:59 UTC,2026-07-12 11:33:15 UTC,3795.51,0.3142,0.0042,0.0,0.0008,0.08,19.1,MIN_PROFIT_TP_HIT,0.1332
872,TRUMP_USDT,SHORT,StochasticRSI(FAST_SCALP-SHORT),2,0.2,1.574,1.57,1.57,1.582,2026-07-12 11:37:59 UTC,2026-07-12 13:28:04 UTC,6604.69,0.3148,0.0042,0.0,0.0008,0.08,19.06,MIN_PROFIT_TP_HIT,0.134
873,TRUMP_USDT,SHORT,StochasticRSI(FAST_SCALP-SHORT),2,0.2,1.568,1.576,1.564,1.576,2026-07-12 13:29:59 UTC,2026-07-12 14:39:23 UTC,4163.22,0.3136,0.0042,0.0,-0.0016,-0.15,-38.27,STOP_LOSS_HIT,0.1324
874,TRUMP_USDT,LONG,StochasticRSI(FAST_SCALP-LONG),2,0.2,1.582,1.586,1.586,1.574,2026-07-12 15:03:59 UTC,2026-07-12 15:05:27 UTC,87.09,0.3164,0.0042,0.0,0.0008,0.08,18.96,MIN_PROFIT_TP_HIT,0.1332
875,TRUMP_USDT,SHORT,StochasticRSI(FAST_SCALP-SHORT),2,0.2,1.585,1.581,1.581,1.593,2026-07-12 15:14:59 UTC,2026-07-12 16:12:59 UTC,3479.31,0.317,0.0042,0.0,0.0008,0.08,18.93,MIN_PROFIT_TP_HIT,0.134
876,TRUMP_USDT,LONG,StochasticRSI(FAST_SCALP-LONG),2,0.2,1.579,1.583,1.583,1.571,2026-07-12 16:17:59 UTC,2026-07-12 16:19:56 UTC,116.82,0.3158,0.0042,0.0,0.0008,0.08,19.0,MIN_PROFIT_TP_HIT,0.1348
877,TRUMP_USDT,SHORT,StochasticRSI(FAST_SCALP-SHORT),2,0.2,1.582,1.578,1.578,1.59,2026-07-12 16:24:59 UTC,2026-07-12 16:31:57 UTC,417.95,0.3164,0.0042,0.0,0.0008,0.08,18.96,MIN_PROFIT_TP_HIT,0.1356
878,TRUMP_USDT,LONG,StochasticRSI(FAST_SCALP-LONG),2,0.2,1.578,1.582,1.582,1.57,2026-07-12 16:35:59 UTC,2026-07-12 16:47:14 UTC,674.09,0.3156,0.0042,0.0,0.0008,0.08,19.01,MIN_PROFIT_TP_HIT,0.1364
879,TRUMP_USDT,SHORT,StochasticRSI(FAST_SCALP-SHORT),2,0.2,1.582,1.578,1.578,1.59,2026-07-12 16:51:59 UTC,2026-07-12 16:53:56 UTC,116.63,0.3164,0.0042,0.0,0.0008,0.08,18.96,MIN_PROFIT_TP_HIT,0.1372
880,TRUMP_USDT,LONG,StochasticRSI(FAST_SCALP-LONG),2,0.2,1.579,1.571,1.583,1.571,2026-07-12 16:56:59 UTC,2026-07-12 17:53:50 UTC,3410.35,0.3158,0.0042,0.0,-0.0016,-0.15,-38.0,STOP_LOSS_HIT,0.1356
881,TRUMP_USDT,LONG,StochasticRSI(FAST_SCALP-LONG),2,0.2,1.574,1.578,1.578,1.566,2026-07-12 17:56:59 UTC,2026-07-12 18:30:56 UTC,2036.11,0.3148,0.0042,0.0,0.0008,0.08,19.06,MIN_PROFIT_TP_HIT,0.1364
882,TRUMP_USDT,SHORT,StochasticRSI(FAST_SCALP-SHORT),2,0.2,1.577,1.573,1.573,1.585,2026-07-12 18:34:59 UTC,2026-07-12 20:06:21 UTC,5481.43,0.3154,0.0042,0.0,0.0008,0.08,19.02,MIN_PROFIT_TP_HIT,0.1372
883,TRUMP_USDT,LONG,StochasticRSI(FAST_SCALP-LONG),2,0.2,1.573,1.565,1.577,1.565,2026-07-12 20:08:59 UTC,2026-07-12 21:21:04 UTC,4324.42,0.3146,0.0042,0.0,-0.0016,-0.15,-38.14,STOP_LOSS_HIT,0.1356
884,TRUMP_USDT,LONG,StochasticRSI(FAST_SCALP-LONG),2,0.2,1.569,1.561,1.573,1.561,2026-07-12 21:25:59 UTC,2026-07-12 22:00:00 UTC,2040.96,0.3138,0.0042,0.0,-0.0016,-0.15,-38.24,STOP_LOSS_HIT,0.134
885,TRUMP_USDT,LONG,StochasticRSI(FAST_SCALP-LONG),2,0.2,1.554,1.546,1.558,1.546,2026-07-12 22:07:59 UTC,2026-07-12 22:20:12 UTC,732.32,0.3108,0.0041,0.0,-0.0016,-0.15,-38.61,STOP_LOSS_HIT,0.1324
886,TRUMP_USDT,LONG,StochasticRSI(FAST_SCALP-LONG),2,0.2,1.55,1.554,1.554,1.542,2026-07-12 22:21:59 UTC,2026-07-12 22:30:11 UTC,491.36,0.31,0.0041,0.0,0.0008,0.08,19.35,MIN_PROFIT_TP_HIT,0.1332
887,TRUMP_USDT,SHORT,StochasticRSI(FAST_SCALP-SHORT),2,0.2,1.552,1.548,1.548,1.56,2026-07-12 22:32:59 UTC,2026-07-12 22:39:19 UTC,379.61,0.3104,0.0041,0.0,0.0008,0.08,19.33,MIN_PROFIT_TP_HIT,0.134
888,TRUMP_USDT,LONG,StochasticRSI(FAST_SCALP-LONG),2,0.2,1.548,1.552,1.552,1.54,2026-07-12 22:41:59 UTC,2026-07-12 22:54:42 UTC,762.3,0.3096,0.0041,0.0,0.0008,0.08,19.38,MIN_PROFIT_TP_HIT,0.1348
889,TRUMP_USDT,SHORT,StochasticRSI(FAST_SCALP-SHORT),2,0.2,1.553,1.549,1.549,1.561,2026-07-12 22:57:59 UTC,2026-07-12 23:04:25 UTC,385.14,0.3106,0.0041,0.0,0.0008,0.08,19.32,MIN_PROFIT_TP_HIT,0.1356
890,TRUMP_USDT,LONG,StochasticRSI(FAST_SCALP-LONG),2,0.2,1.551,1.555,1.555,1.543,2026-07-12 23:06:59 UTC,2026-07-12 23:31:00 UTC,1440.7,0.3102,0.0041,0.0,0.0008,0.08,19.34,MIN_PROFIT_TP_HIT,0.1364
891,TRUMP_USDT,SHORT,StochasticRSI(FAST_SCALP-SHORT),2,0.2,1.553,1.561,1.549,1.561,2026-07-12 23:33:59 UTC,2026-07-13 00:02:20 UTC,1700.7,0.3106,0.0041,0.0,-0.0016,-0.15,-38.63,STOP_LOSS_HIT,0.1348
892,TRUMP_USDT,SHORT,StochasticRSI(FAST_SCALP-SHORT),2,0.2,1.561,1.569,1.557,1.569,2026-07-13 00:08:59 UTC,2026-07-13 00:10:21 UTC,81.68,0.3122,0.0042,0.0,-0.0016,-0.15,-38.44,STOP_LOSS_HIT,0.1332
893,TRUMP_USDT,SHORT,StochasticRSI(FAST_SCALP-SHORT),2,0.2,1.574,1.57,1.57,1.582,2026-07-13 00:18:59 UTC,2026-07-13 00:31:44 UTC,764.06,0.3148,0.0042,0.0,0.0008,0.08,19.06,MIN_PROFIT_TP_HIT,0.134
894,TRUMP_USDT,LONG,StochasticRSI(FAST_SCALP-LONG),2,0.2,1.571,1.563,1.575,1.563,2026-07-13 00:33:59 UTC,2026-07-13 00:38:10 UTC,250.45,0.3142,0.0042,0.0,-0.0016,-0.15,-38.19,STOP_LOSS_HIT,0.1324
895,TRUMP_USDT,LONG,StochasticRSI(FAST_SCALP-LONG),2,0.2,1.555,1.559,1.559,1.547,2026-07-13 00:42:59 UTC,2026-07-13 00:45:06 UTC,126.93,0.311,0.0041,0.0,0.0008,0.08,19.29,MIN_PROFIT_TP_HIT,0.1332
896,TRUMP_USDT,SHORT,StochasticRSI(FAST_SCALP-SHORT),2,0.2,1.563,1.559,1.559,1.571,2026-07-13 00:49:59 UTC,2026-07-13 01:00:41 UTC,641.58,0.3126,0.0042,0.0,0.0008,0.08,19.19,MIN_PROFIT_TP_HIT,0.134
897,TRUMP_USDT,SHORT,StochasticRSI(FAST_SCALP-SHORT),2,0.2,1.559,1.555,1.555,1.567,2026-07-13 01:06:59 UTC,2026-07-13 01:09:46 UTC,166.37,0.3118,0.0042,0.0,0.0008,0.08,19.24,MIN_PROFIT_TP_HIT,0.1348
898,TRUMP_USDT,LONG,StochasticRSI(FAST_SCALP-LONG),2,0.2,1.556,1.56,1.56,1.548,2026-07-13 01:12:59 UTC,2026-07-13 01:15:27 UTC,147.38,0.3112,0.0041,0.0,0.0008,0.08,19.28,MIN_PROFIT_TP_HIT,0.1356
899,TRUMP_USDT,SHORT,StochasticRSI(FAST_SCALP-SHORT),2,0.2,1.552,1.548,1.548,1.56,2026-07-13 01:17:59 UTC,2026-07-13 01:34:00 UTC,960.87,0.3104,0.0041,0.0,0.0008,0.08,19.33,MIN_PROFIT_TP_HIT,0.1364
900,TRUMP_USDT,SHORT,StochasticRSI(FAST_SCALP-SHORT),2,0.2,1.553,1.549,1.549,1.561,2026-07-13 01:41:59 UTC,2026-07-13 01:51:51 UTC,591.18,0.3106,0.0041,0.0,0.0008,0.08,19.32,MIN_PROFIT_TP_HIT,0.1372
901,TRUMP_USDT,LONG,StochasticRSI(FAST_SCALP-LONG),2,0.2,1.537,1.529,1.541,1.529,2026-07-13 02:00:59 UTC,2026-07-13 02:07:07 UTC,367.06,0.3074,0.0041,0.0,-0.0016,-0.15,-39.04,STOP_LOSS_HIT,0.1356
902,TRUMP_USDT,SHORT,StochasticRSI(FAST_SCALP-SHORT),2,0.2,1.531,1.539,1.527,1.539,2026-07-13 02:08:59 UTC,2026-07-13 02:13:21 UTC,261.16,0.3062,0.0041,0.0,-0.0016,-0.15,-39.19,STOP_LOSS_HIT,0.134
903,TRUMP_USDT,SHORT,StochasticRSI(FAST_SCALP-SHORT),2,0.2,1.542,1.538,1.538,1.55,2026-07-13 02:19:59 UTC,2026-07-13 02:28:03 UTC,483.28,0.3084,0.0041,0.0,0.0008,0.08,19.46,MIN_PROFIT_TP_HIT,0.1348
904,TRUMP_USDT,LONG,StochasticRSI(FAST_SCALP-LONG),2,0.2,1.541,1.545,1.545,1.533,2026-07-13 02:33:59 UTC,2026-07-13 02:42:54 UTC,534.63,0.3082,0.0041,0.0,0.0008,0.08,19.47,MIN_PROFIT_TP_HIT,0.1356
905,TRUMP_USDT,LONG,StochasticRSI(FAST_SCALP-LONG),2,0.2,1.543,1.535,1.547,1.535,2026-07-13 02:49:59 UTC,2026-07-13 03:04:33 UTC,873.88,0.3086,0.0041,0.0,-0.0016,-0.15,-38.89,STOP_LOSS_HIT,0.134
906,TRUMP_USDT,LONG,StochasticRSI(FAST_SCALP-LONG),2,0.2,1.531,1.535,1.535,1.523,2026-07-13 03:13:59 UTC,2026-07-13 03:15:31 UTC,91.09,0.3062,0.0041,0.0,0.0008,0.08,19.6,MIN_PROFIT_TP_HIT,0.1348
907,TRUMP_USDT,SHORT,StochasticRSI(FAST_SCALP-SHORT),2,0.2,1.531,1.527,1.527,1.539,2026-07-13 03:18:59 UTC,2026-07-13 03:19:23 UTC,23.02,0.3062,0.0041,0.0,0.0008,0.08,19.6,MIN_PROFIT_TP_HIT,0.1356
908,TRUMP_USDT,LONG,StochasticRSI(FAST_SCALP-LONG),2,0.2,1.531,1.535,1.535,1.523,2026-07-13 03:25:59 UTC,2026-07-13 03:28:38 UTC,158.14,0.3062,0.0041,0.0,0.0008,0.08,19.6,MIN_PROFIT_TP_HIT,0.1364
909,TRUMP_USDT,SHORT,StochasticRSI(FAST_SCALP-SHORT),2,0.2,1.529,1.525,1.525,1.537,2026-07-13 03:31:59 UTC,2026-07-13 03:33:12 UTC,72.06,0.3058,0.0041,0.0,0.0008,0.08,19.62,MIN_PROFIT_TP_HIT,0.1372
910,TRUMP_USDT,LONG,StochasticRSI(FAST_SCALP-LONG),2,0.2,1.527,1.531,1.531,1.519,2026-07-13 03:37:59 UTC,2026-07-13 03:39:34 UTC,94.47,0.3054,0.0041,0.0,0.0008,0.08,19.65,MIN_PROFIT_TP_HIT,0.138
911,TRUMP_USDT,SHORT,StochasticRSI(FAST_SCALP-SHORT),2,0.2,1.53,1.538,1.526,1.538,2026-07-13 03:44:59 UTC,2026-07-13 03:58:21 UTC,801.35,0.306,0.0041,0.0,-0.0016,-0.15,-39.22,STOP_LOSS_HIT,0.1364
912,TRUMP_USDT,LONG,StochasticRSI(FAST_SCALP-LONG),2,0.2,1.534,1.538,1.538,1.526,2026-07-13 04:08:59 UTC,2026-07-13 04:20:42 UTC,702.49,0.3068,0.0041,0.0,0.0008,0.08,19.56,MIN_PROFIT_TP_HIT,0.1372
913,TRUMP_USDT,SHORT,StochasticRSI(FAST_SCALP-SHORT),2,0.2,1.538,1.534,1.534,1.546,2026-07-13 04:21:59 UTC,2026-07-13 04:59:37 UTC,2257.49,0.3076,0.0041,0.0,0.0008,0.08,19.51,MIN_PROFIT_TP_HIT,0.138
914,TRUMP_USDT,LONG,StochasticRSI(FAST_SCALP-LONG),2,0.2,1.534,1.538,1.538,1.526,2026-07-13 05:02:59 UTC,2026-07-13 05:06:18 UTC,198.91,0.3068,0.0041,0.0,0.0008,0.08,19.56,MIN_PROFIT_TP_HIT,0.1388
915,TRUMP_USDT,SHORT,StochasticRSI(FAST_SCALP-SHORT),2,0.2,1.539,1.535,1.535,1.547,2026-07-13 05:09:59 UTC,2026-07-13 05:23:23 UTC,803.65,0.3078,0.0041,0.0,0.0008,0.08,19.49,MIN_PROFIT_TP_HIT,0.1396
916,TRUMP_USDT,LONG,StochasticRSI(FAST_SCALP-LONG),2,0.2,1.534,1.538,1.538,1.526,2026-07-13 05:25:59 UTC,2026-07-13 05:32:57 UTC,417.65,0.3068,0.0041,0.0,0.0008,0.08,19.56,MIN_PROFIT_TP_HIT,0.1404
917,TRUMP_USDT,SHORT,StochasticRSI(FAST_SCALP-SHORT),2,0.2,1.542,1.55,1.538,1.55,2026-07-13 05:37:59 UTC,2026-07-13 06:30:00 UTC,3120.48,0.3084,0.0041,0.0,-0.0016,-0.15,-38.91,STOP_LOSS_HIT,0.1388
918,TRUMP_USDT,SHORT,StochasticRSI(FAST_SCALP-SHORT),2,0.2,1.548,1.544,1.544,1.556,2026-07-13 06:32:59 UTC,2026-07-13 06:53:38 UTC,1238.39,0.3096,0.0041,0.0,0.0008,0.08,19.38,MIN_PROFIT_TP_HIT,0.1396
919,TRUMP_USDT,LONG,StochasticRSI(FAST_SCALP-LONG),2,0.2,1.546,1.55,1.55,1.538,2026-07-13 06:55:59 UTC,2026-07-13 07:09:04 UTC,784.25,0.3092,0.0041,0.0,0.0008,0.08,19.4,MIN_PROFIT_TP_HIT,0.1404
920,TRUMP_USDT,SHORT,StochasticRSI(FAST_SCALP-SHORT),2,0.2,1.55,1.546,1.546,1.558,2026-07-13 07:12:59 UTC,2026-07-13 07:18:22 UTC,322.61,0.31,0.0041,0.0,0.0008,0.08,19.35,MIN_PROFIT_TP_HIT,0.1412
921,TRUMP_USDT,LONG,StochasticRSI(FAST_SCALP-LONG),2,0.2,1.545,1.549,1.549,1.537,2026-07-13 07:21:59 UTC,2026-07-13 08:06:20 UTC,2660.96,0.309,0.0041,0.0,0.0008,0.08,19.42,MIN_PROFIT_TP_HIT,0.142
922,TRUMP_USDT,LONG,StochasticRSI(FAST_SCALP-LONG),2,0.2,1.547,1.551,1.551,1.539,2026-07-13 08:15:59 UTC,2026-07-13 08:43:34 UTC,1654.68,0.3094,0.0041,0.0,0.0008,0.08,19.39,MIN_PROFIT_TP_HIT,0.1428
923,TRUMP_USDT,SHORT,StochasticRSI(FAST_SCALP-SHORT),2,0.2,1.552,1.548,1.548,1.56,2026-07-13 08:47:59 UTC,2026-07-13 10:46:09 UTC,7089.21,0.3104,0.0041,0.0,0.0008,0.08,19.33,MIN_PROFIT_TP_HIT,0.1436
924,TRUMP_USDT,LONG,StochasticRSI(FAST_SCALP-LONG),2,0.2,1.549,1.553,1.553,1.541,2026-07-13 10:49:59 UTC,2026-07-13 11:33:22 UTC,2602.57,0.3098,0.0041,0.0,0.0008,0.08,19.37,MIN_PROFIT_TP_HIT,0.1444
925,TRUMP_USDT,LONG,StochasticRSI(FAST_SCALP-LONG),2,0.2,1.553,1.545,1.557,1.545,2026-07-13 11:34:59 UTC,2026-07-13 12:35:33 UTC,3633.72,0.3106,0.0041,0.0,-0.0016,-0.15,-38.63,STOP_LOSS_HIT,0.1428
926,TRUMP_USDT,LONG,StochasticRSI(FAST_SCALP-LONG),2,0.2,1.547,1.539,1.551,1.539,2026-07-13 12:38:59 UTC,2026-07-13 13:41:56 UTC,3776.74,0.3094,0.0041,0.0,-0.0016,-0.15,-38.78,STOP_LOSS_HIT,0.1412
927,TRUMP_USDT,LONG,StochasticRSI(FAST_SCALP-LONG),2,0.2,1.539,1.543,1.543,1.531,2026-07-13 13:45:59 UTC,2026-07-13 13:59:06 UTC,786.3,0.3078,0.0041,0.0,0.0008,0.08,19.49,MIN_PROFIT_TP_HIT,0.142
928,TRUMP_USDT,SHORT,StochasticRSI(FAST_SCALP-SHORT),2,0.2,1.554,1.55,1.55,1.562,2026-07-13 14:13:59 UTC,2026-07-13 14:16:45 UTC,165.11,0.3108,0.0041,0.0,0.0008,0.08,19.31,MIN_PROFIT_TP_HIT,0.1428
929,TRUMP_USDT,SHORT,StochasticRSI(FAST_SCALP-SHORT),2,0.2,1.556,1.564,1.552,1.564,2026-07-13 14:29:59 UTC,2026-07-13 15:00:09 UTC,1809.84,0.3112,0.0041,0.0,-0.0016,-0.15,-38.56,STOP_LOSS_HIT,0.1412
930,TRUMP_USDT,SHORT,StochasticRSI(FAST_SCALP-SHORT),2,0.2,1.562,1.558,1.558,1.57,2026-07-13 15:03:59 UTC,2026-07-13 15:28:50 UTC,1490.57,0.3124,0.0042,0.0,0.0008,0.08,19.21,MIN_PROFIT_TP_HIT,0.142
931,TRUMP_USDT,LONG,StochasticRSI(FAST_SCALP-LONG),2,0.2,1.552,1.556,1.556,1.544,2026-07-13 15:37:59 UTC,2026-07-13 15:44:24 UTC,384.87,0.3104,0.0041,0.0,0.0008,0.08,19.33,MIN_PROFIT_TP_HIT,0.1428
932,TRUMP_USDT,SHORT,StochasticRSI(FAST_SCALP-SHORT),2,0.2,1.555,1.551,1.551,1.563,2026-07-13 15:47:59 UTC,2026-07-13 16:19:21 UTC,1881.6,0.311,0.0041,0.0,0.0008,0.08,19.29,MIN_PROFIT_TP_HIT,0.1436
933,TRUMP_USDT,LONG,StochasticRSI(FAST_SCALP-LONG),2,0.2,1.551,1.543,1.555,1.543,2026-07-13 16:22:59 UTC,2026-07-13 16:35:30 UTC,750.08,0.3102,0.0041,0.0,-0.0016,-0.15,-38.68,STOP_LOSS_HIT,0.142
934,TRUMP_USDT,LONG,StochasticRSI(FAST_SCALP-LONG),2,0.2,1.541,1.545,1.545,1.533,2026-07-13 16:40:59 UTC,2026-07-13 16:44:32 UTC,212.18,0.3082,0.0041,0.0,0.0008,0.08,19.47,MIN_PROFIT_TP_HIT,0.1428
935,TRUMP_USDT,SHORT,StochasticRSI(FAST_SCALP-SHORT),2,0.2,1.543,1.539,1.539,1.551,2026-07-13 16:47:59 UTC,2026-07-13 16:50:43 UTC,163.91,0.3086,0.0041,0.0,0.0008,0.08,19.44,MIN_PROFIT_TP_HIT,0.1436
936,TRUMP_USDT,LONG,StochasticRSI(FAST_SCALP-LONG),2,0.2,1.538,1.542,1.542,1.53,2026-07-13 16:54:59 UTC,2026-07-13 17:00:51 UTC,351.53,0.3076,0.0041,0.0,0.0008,0.08,19.51,MIN_PROFIT_TP_HIT,0.1444
937,TRUMP_USDT,SHORT,StochasticRSI(FAST_SCALP-SHORT),2,0.2,1.542,1.538,1.538,1.55,2026-07-13 17:03:59 UTC,2026-07-13 17:17:20 UTC,800.1,0.3084,0.0041,0.0,0.0008,0.08,19.46,MIN_PROFIT_TP_HIT,0.1452
938,TRUMP_USDT,LONG,StochasticRSI(FAST_SCALP-LONG),2,0.2,1.536,1.528,1.54,1.528,2026-07-13 17:22:59 UTC,2026-07-13 17:36:51 UTC,831.94,0.3072,0.0041,0.0,-0.0016,-0.15,-39.06,STOP_LOSS_HIT,0.1436
939,TRUMP_USDT,SHORT,StochasticRSI(FAST_SCALP-SHORT),2,0.2,1.533,1.529,1.529,1.541,2026-07-13 17:45:59 UTC,2026-07-13 17:46:42 UTC,42.86,0.3066,0.0041,0.0,0.0008,0.08,19.57,MIN_PROFIT_TP_HIT,0.1444
940,TRUMP_USDT,SHORT,StochasticRSI(FAST_SCALP-SHORT),2,0.2,1.53,1.526,1.526,1.538,2026-07-13 17:47:59 UTC,2026-07-13 17:51:29 UTC,209.28,0.306,0.0041,0.0,0.0008,0.08,19.61,MIN_PROFIT_TP_HIT,0.1452
941,TRUMP_USDT,LONG,StochasticRSI(FAST_SCALP-LONG),2,0.2,1.523,1.515,1.527,1.515,2026-07-13 17:57:59 UTC,2026-07-13 17:59:37 UTC,97.06,0.3046,0.0041,0.0,-0.0016,-0.15,-39.4,STOP_LOSS_HIT,0.1436
942,TRUMP_USDT,LONG,StochasticRSI(FAST_SCALP-LONG),2,0.2,1.521,1.525,1.525,1.513,2026-07-13 18:01:59 UTC,2026-07-13 18:02:07 UTC,7.2,0.3042,0.0041,0.0,0.0008,0.08,19.72,MIN_PROFIT_TP_HIT,0.1444
943,TRUMP_USDT,SHORT,StochasticRSI(FAST_SCALP-SHORT),2,0.2,1.525,1.521,1.521,1.533,2026-07-13 18:07:59 UTC,2026-07-13 18:10:07 UTC,127.12,0.305,0.0041,0.0,0.0008,0.08,19.67,MIN_PROFIT_TP_HIT,0.1452
944,TRUMP_USDT,LONG,StochasticRSI(FAST_SCALP-LONG),2,0.2,1.522,1.526,1.526,1.514,2026-07-13 18:14:59 UTC,2026-07-13 18:24:19 UTC,559.93,0.3044,0.0041,0.0,0.0008,0.08,19.71,MIN_PROFIT_TP_HIT,0.146
945,TRUMP_USDT,SHORT,StochasticRSI(FAST_SCALP-SHORT),2,0.2,1.524,1.52,1.52,1.532,2026-07-13 18:27:59 UTC,2026-07-13 18:31:15 UTC,195.68,0.3048,0.0041,0.0,0.0008,0.08,19.69,MIN_PROFIT_TP_HIT,0.1468
946,TRUMP_USDT,LONG,StochasticRSI(FAST_SCALP-LONG),2,0.2,1.523,1.527,1.527,1.515,2026-07-13 18:36:59 UTC,2026-07-13 18:48:02 UTC,662.26,0.3046,0.0041,0.0,0.0008,0.08,19.7,MIN_PROFIT_TP_HIT,0.1476
947,TRUMP_USDT,SHORT,StochasticRSI(FAST_SCALP-SHORT),2,0.2,1.528,1.524,1.524,1.536,2026-07-13 18:53:59 UTC,2026-07-13 18:54:55 UTC,55.7,0.3056,0.0041,0.0,0.0008,0.08,19.63,MIN_PROFIT_TP_HIT,0.1484
948,TRUMP_USDT,LONG,StochasticRSI(FAST_SCALP-LONG),2,0.2,1.524,1.528,1.528,1.516,2026-07-13 19:00:59 UTC,2026-07-13 19:09:05 UTC,485.82,0.3048,0.0041,0.0,0.0008,0.08,19.69,MIN_PROFIT_TP_HIT,0.1492
949,TRUMP_USDT,SHORT,StochasticRSI(FAST_SCALP-SHORT),2,0.2,1.526,1.534,1.522,1.534,2026-07-13 19:13:59 UTC,2026-07-13 19:35:11 UTC,1271.62,0.3052,0.0041,0.0,-0.0016,-0.15,-39.32,STOP_LOSS_HIT,0.1476
950,TRUMP_USDT,SHORT,StochasticRSI(FAST_SCALP-SHORT),2,0.2,1.532,1.528,1.528,1.54,2026-07-13 19:36:59 UTC,2026-07-13 21:31:31 UTC,6871.32,0.3064,0.0041,0.0,0.0008,0.08,19.58,MIN_PROFIT_TP_HIT,0.1484
951,TRUMP_USDT,LONG,StochasticRSI(FAST_SCALP-LONG),2,0.2,1.53,1.522,1.534,1.522,2026-07-13 21:33:59 UTC,2026-07-13 21:38:11 UTC,251.35,0.306,0.0041,0.0,-0.0016,-0.15,-39.22,STOP_LOSS_HIT,0.1468
952,TRUMP_USDT,LONG,StochasticRSI(FAST_SCALP-LONG),2,0.2,1.523,1.527,1.527,1.515,2026-07-13 21:43:59 UTC,2026-07-13 21:58:22 UTC,862.84,0.3046,0.0041,0.0,0.0008,0.08,19.7,MIN_PROFIT_TP_HIT,0.1476
953,TRUMP_USDT,SHORT,StochasticRSI(FAST_SCALP-SHORT),2,0.2,1.532,1.54,1.528,1.54,2026-07-13 22:05:59 UTC,2026-07-13 23:35:42 UTC,5382.34,0.3064,0.0041,0.0,-0.0016,-0.15,-39.16,STOP_LOSS_HIT,0.146
954,TRUMP_USDT,SHORT,StochasticRSI(FAST_SCALP-SHORT),2,0.2,1.539,1.547,1.535,1.547,2026-07-13 23:43:59 UTC,2026-07-14 00:10:36 UTC,1596.61,0.3078,0.0041,0.0,-0.0016,-0.15,-38.99,STOP_LOSS_HIT,0.1444
955,TRUMP_USDT,SHORT,StochasticRSI(FAST_SCALP-SHORT),2,0.2,1.546,1.542,1.542,1.554,2026-07-14 00:15:59 UTC,2026-07-14 00:19:48 UTC,228.06,0.3092,0.0041,0.0,0.0008,0.08,19.4,MIN_PROFIT_TP_HIT,0.1452
956,TRUMP_USDT,SHORT,StochasticRSI(FAST_SCALP-SHORT),2,0.2,1.546,1.542,1.542,1.554,2026-07-14 00:29:59 UTC,2026-07-14 00:41:53 UTC,713.76,0.3092,0.0041,0.0,0.0008,0.08,19.4,MIN_PROFIT_TP_HIT,0.146
957,TRUMP_USDT,LONG,StochasticRSI(FAST_SCALP-LONG),2,0.2,1.544,1.548,1.548,1.536,2026-07-14 00:46:59 UTC,2026-07-14 00:52:05 UTC,305.96,0.3088,0.0041,0.0,0.0008,0.08,19.43,MIN_PROFIT_TP_HIT,0.1468
958,TRUMP_USDT,SHORT,StochasticRSI(FAST_SCALP-SHORT),2,0.2,1.547,1.543,1.543,1.555,2026-07-14 00:53:59 UTC,2026-07-14 01:28:16 UTC,2056.3,0.3094,0.0041,0.0,0.0008,0.08,19.39,MIN_PROFIT_TP_HIT,0.1476
959,TRUMP_USDT,SHORT,StochasticRSI(FAST_SCALP-SHORT),2,0.2,1.544,1.54,1.54,1.552,2026-07-14 01:49:59 UTC,2026-07-14 02:10:51 UTC,1251.38,0.3088,0.0041,0.0,0.0008,0.08,19.43,MIN_PROFIT_TP_HIT,0.1484
960,TRUMP_USDT,LONG,StochasticRSI(FAST_SCALP-LONG),2,0.2,1.539,1.531,1.543,1.531,2026-07-14 02:14:59 UTC,2026-07-14 03:08:24 UTC,3204.17,0.3078,0.0041,0.0,-0.0016,-0.15,-38.99,STOP_LOSS_HIT,0.1468
961,TRUMP_USDT,SHORT,StochasticRSI(FAST_SCALP-SHORT),2,0.2,1.533,1.529,1.529,1.541,2026-07-14 03:09:59 UTC,2026-07-14 03:12:18 UTC,138.99,0.3066,0.0041,0.0,0.0008,0.08,19.57,MIN_PROFIT_TP_HIT,0.1476
962,TRUMP_USDT,LONG,StochasticRSI(FAST_SCALP-LONG),2,0.2,1.53,1.534,1.534,1.522,2026-07-14 03:16:59 UTC,2026-07-14 03:32:06 UTC,906.82,0.306,0.0041,0.0,0.0008,0.08,19.61,MIN_PROFIT_TP_HIT,0.1484
963,TRUMP_USDT,SHORT,StochasticRSI(FAST_SCALP-SHORT),2,0.2,1.532,1.54,1.528,1.54,2026-07-14 03:33:59 UTC,2026-07-14 04:27:12 UTC,3192.55,0.3064,0.0041,0.0,-0.0016,-0.15,-39.16,STOP_LOSS_HIT,0.1468
964,TRUMP_USDT,LONG,StochasticRSI(FAST_SCALP-LONG),2,0.2,1.539,1.531,1.543,1.531,2026-07-14 04:33:59 UTC,2026-07-14 05:05:18 UTC,1878.39,0.3078,0.0041,0.0,-0.0016,-0.15,-38.99,STOP_LOSS_HIT,0.1452
965,TRUMP_USDT,LONG,StochasticRSI(FAST_SCALP-LONG),2,0.2,1.533,1.537,1.537,1.525,2026-07-14 05:07:59 UTC,2026-07-14 05:08:44 UTC,44.3,0.3066,0.0041,0.0,0.0008,0.08,19.57,MIN_PROFIT_TP_HIT,0.146
966,TRUMP_USDT,SHORT,StochasticRSI(FAST_SCALP-SHORT),2,0.2,1.533,1.529,1.529,1.541,2026-07-14 05:12:59 UTC,2026-07-14 05:45:26 UTC,1946.26,0.3066,0.0041,0.0,0.0008,0.08,19.57,MIN_PROFIT_TP_HIT,0.1468
967,TRUMP_USDT,LONG,StochasticRSI(FAST_SCALP-LONG),2,0.2,1.529,1.533,1.533,1.521,2026-07-14 05:48:59 UTC,2026-07-14 05:53:09 UTC,249.36,0.3058,0.0041,0.0,0.0008,0.08,19.62,MIN_PROFIT_TP_HIT,0.1476
968,TRUMP_USDT,SHORT,StochasticRSI(FAST_SCALP-SHORT),2,0.2,1.534,1.542,1.53,1.542,2026-07-14 05:56:59 UTC,2026-07-14 06:13:40 UTC,1000.56,0.3068,0.0041,0.0,-0.0016,-0.15,-39.11,STOP_LOSS_HIT,0.146
969,TRUMP_USDT,SHORT,StochasticRSI(FAST_SCALP-SHORT),2,0.2,1.539,1.535,1.535,1.547,2026-07-14 06:15:59 UTC,2026-07-14 06:54:51 UTC,2331.55,0.3078,0.0041,0.0,0.0008,0.08,19.49,MIN_PROFIT_TP_HIT,0.1468
970,TRUMP_USDT,LONG,StochasticRSI(FAST_SCALP-LONG),2,0.2,1.535,1.527,1.539,1.527,2026-07-14 06:58:59 UTC,2026-07-14 08:35:12 UTC,5772.28,0.307,0.0041,0.0,-0.0016,-0.15,-39.09,STOP_LOSS_HIT,0.1452
971,TRUMP_USDT,LONG,StochasticRSI(FAST_SCALP-LONG),2,0.2,1.524,1.516,1.528,1.516,2026-07-14 08:39:59 UTC,2026-07-14 08:48:22 UTC,502.09,0.3048,0.0041,0.0,-0.0016,-0.15,-39.37,STOP_LOSS_HIT,0.1436
972,TRUMP_USDT,SHORT,StochasticRSI(FAST_SCALP-SHORT),2,0.2,1.521,1.529,1.517,1.529,2026-07-14 08:54:59 UTC,2026-07-14 10:12:27 UTC,4647.76,0.3042,0.0041,0.0,-0.0016,-0.15,-39.45,STOP_LOSS_HIT,0.142
973,TRUMP_USDT,SHORT,StochasticRSI(FAST_SCALP-SHORT),2,0.2,1.528,1.524,1.524,1.536,2026-07-14 10:15:59 UTC,2026-07-14 10:31:44 UTC,944.51,0.3056,0.0041,0.0,0.0008,0.08,19.63,MIN_PROFIT_TP_HIT,0.1428
974,TRUMP_USDT,LONG,StochasticRSI(FAST_SCALP-LONG),2,0.2,1.523,1.527,1.527,1.515,2026-07-14 10:34:59 UTC,2026-07-14 10:43:49 UTC,529.63,0.3046,0.0041,0.0,0.0008,0.08,19.7,MIN_PROFIT_TP_HIT,0.1436
975,TRUMP_USDT,LONG,StochasticRSI(FAST_SCALP-LONG),2,0.2,1.523,1.527,1.527,1.515,2026-07-14 10:54:59 UTC,2026-07-14 11:12:57 UTC,1077.27,0.3046,0.0041,0.0,0.0008,0.08,19.7,MIN_PROFIT_TP_HIT,0.1444
976,TRUMP_USDT,SHORT,StochasticRSI(FAST_SCALP-SHORT),2,0.2,1.527,1.523,1.523,1.535,2026-07-14 11:17:59 UTC,2026-07-14 12:11:39 UTC,3219.74,0.3054,0.0041,0.0,0.0008,0.08,19.65,MIN_PROFIT_TP_HIT,0.1452
977,TRUMP_USDT,LONG,StochasticRSI(FAST_SCALP-LONG),2,0.2,1.526,1.53,1.53,1.518,2026-07-14 12:13:59 UTC,2026-07-14 12:22:44 UTC,524.45,0.3052,0.0041,0.0,0.0008,0.08,19.66,MIN_PROFIT_TP_HIT,0.146
978,TRUMP_USDT,SHORT,StochasticRSI(FAST_SCALP-SHORT),2,0.2,1.531,1.527,1.527,1.539,2026-07-14 12:24:59 UTC,2026-07-14 12:28:41 UTC,221.63,0.3062,0.0041,0.0,0.0008,0.08,19.6,MIN_PROFIT_TP_HIT,0.1468
979,TRUMP_USDT,SHORT,StochasticRSI(FAST_SCALP-SHORT),2,0.2,1.54,1.536,1.536,1.548,2026-07-14 12:35:59 UTC,2026-07-14 12:39:46 UTC,226.84,0.308,0.0041,0.0,0.0008,0.08,19.48,MIN_PROFIT_TP_HIT,0.1476
980,TRUMP_USDT,LONG,StochasticRSI(FAST_SCALP-LONG),2,0.2,1.541,1.545,1.545,1.533,2026-07-14 12:43:59 UTC,2026-07-14 12:46:02 UTC,122.09,0.3082,0.0041,0.0,0.0008,0.08,19.47,MIN_PROFIT_TP_HIT,0.1484
981,TRUMP_USDT,SHORT,StochasticRSI(FAST_SCALP-SHORT),2,0.2,1.545,1.541,1.541,1.553,2026-07-14 12:49:59 UTC,2026-07-14 13:06:20 UTC,980.08,0.309,0.0041,0.0,0.0008,0.08,19.42,MIN_PROFIT_TP_HIT,0.1492
982,TRUMP_USDT,LONG,StochasticRSI(FAST_SCALP-LONG),2,0.2,1.543,1.547,1.547,1.535,2026-07-14 13:07:59 UTC,2026-07-14 13:19:56 UTC,716.97,0.3086,0.0041,0.0,0.0008,0.08,19.44,MIN_PROFIT_TP_HIT,0.15
983,TRUMP_USDT,SHORT,StochasticRSI(FAST_SCALP-SHORT),2,0.2,1.556,1.552,1.552,1.564,2026-07-14 13:27:59 UTC,2026-07-14 13:28:55 UTC,55.57,0.3112,0.0041,0.0,0.0008,0.08,19.28,MIN_PROFIT_TP_HIT,0.1508
984,TRUMP_USDT,LONG,StochasticRSI(FAST_SCALP-LONG),2,0.2,1.554,1.558,1.558,1.546,2026-07-14 13:35:59 UTC,2026-07-14 13:37:55 UTC,115.43,0.3108,0.0041,0.0,0.0008,0.08,19.31,MIN_PROFIT_TP_HIT,0.1516
985,TRUMP_USDT,SHORT,StochasticRSI(FAST_SCALP-SHORT),2,0.2,1.554,1.55,1.55,1.562,2026-07-14 13:41:59 UTC,2026-07-14 13:43:00 UTC,60.02,0.3108,0.0041,0.0,0.0008,0.08,19.31,MIN_PROFIT_TP_HIT,0.1524
986,TRUMP_USDT,LONG,StochasticRSI(FAST_SCALP-LONG),2,0.2,1.549,1.541,1.553,1.541,2026-07-14 13:50:59 UTC,2026-07-14 14:03:42 UTC,762.88,0.3098,0.0041,0.0,-0.0016,-0.15,-38.73,STOP_LOSS_HIT,0.1508
987,TRUMP_USDT,LONG,StochasticRSI(FAST_SCALP-LONG),2,0.2,1.541,1.545,1.545,1.533,2026-07-14 14:06:59 UTC,2026-07-14 14:12:17 UTC,317.57,0.3082,0.0041,0.0,0.0008,0.08,19.47,MIN_PROFIT_TP_HIT,0.1516
988,TRUMP_USDT,SHORT,StochasticRSI(FAST_SCALP-SHORT),2,0.2,1.542,1.55,1.538,1.55,2026-07-14 14:16:59 UTC,2026-07-14 14:59:43 UTC,2563.62,0.3084,0.0041,0.0,-0.0016,-0.15,-38.91,STOP_LOSS_HIT,0.15
989,TRUMP_USDT,SHORT,StochasticRSI(FAST_SCALP-SHORT),2,0.2,1.548,1.556,1.544,1.556,2026-07-14 15:03:59 UTC,2026-07-14 15:30:20 UTC,1580.67,0.3096,0.0041,0.0,-0.0016,-0.15,-38.76,STOP_LOSS_HIT,0.1484
990,TRUMP_USDT,SHORT,StochasticRSI(FAST_SCALP-SHORT),2,0.2,1.558,1.554,1.554,1.566,2026-07-14 15:34:59 UTC,2026-07-14 15:41:30 UTC,390.87,0.3116,0.0042,0.0,0.0008,0.08,19.26,MIN_PROFIT_TP_HIT,0.1492
991,TRUMP_USDT,LONG,StochasticRSI(FAST_SCALP-LONG),2,0.2,1.557,1.549,1.561,1.549,2026-07-14 15:43:59 UTC,2026-07-14 15:55:57 UTC,717.33,0.3114,0.0042,0.0,-0.0016,-0.15,-38.54,STOP_LOSS_HIT,0.1476
992,TRUMP_USDT,LONG,StochasticRSI(FAST_SCALP-LONG),2,0.2,1.549,1.553,1.553,1.541,2026-07-14 16:01:59 UTC,2026-07-14 16:07:40 UTC,340.48,0.3098,0.0041,0.0,0.0008,0.08,19.37,MIN_PROFIT_TP_HIT,0.1484
993,TRUMP_USDT,SHORT,StochasticRSI(FAST_SCALP-SHORT),2,0.2,1.554,1.562,1.55,1.562,2026-07-14 16:12:59 UTC,2026-07-14 16:52:09 UTC,2349.35,0.3108,0.0041,0.0,-0.0016,-0.15,-38.61,STOP_LOSS_HIT,0.1468
994,TRUMP_USDT,SHORT,StochasticRSI(FAST_SCALP-SHORT),2,0.2,1.565,1.561,1.561,1.573,2026-07-14 16:56:59 UTC,2026-07-14 17:08:11 UTC,671.42,0.313,0.0042,0.0,0.0008,0.08,19.17,MIN_PROFIT_TP_HIT,0.1476
995,TRUMP_USDT,LONG,StochasticRSI(FAST_SCALP-LONG),2,0.2,1.561,1.553,1.565,1.553,2026-07-14 17:09:59 UTC,2026-07-14 17:11:27 UTC,87.21,0.3122,0.0042,0.0,-0.0016,-0.15,-38.44,STOP_LOSS_HIT,0.146
996,TRUMP_USDT,SHORT,StochasticRSI(FAST_SCALP-SHORT),2,0.2,1.561,1.569,1.557,1.569,2026-07-14 17:19:59 UTC,2026-07-14 17:26:57 UTC,417.02,0.3122,0.0042,0.0,-0.0016,-0.15,-38.44,STOP_LOSS_HIT,0.1444
997,TRUMP_USDT,SHORT,StochasticRSI(FAST_SCALP-SHORT),2,0.2,1.566,1.562,1.562,1.574,2026-07-14 17:28:59 UTC,2026-07-14 18:02:14 UTC,1994.22,0.3132,0.0042,0.0,0.0008,0.08,19.16,MIN_PROFIT_TP_HIT,0.1452
998,TRUMP_USDT,LONG,StochasticRSI(FAST_SCALP-LONG),2,0.2,1.56,1.552,1.564,1.552,2026-07-14 18:05:59 UTC,2026-07-14 19:09:19 UTC,3799.33,0.312,0.0042,0.0,-0.0016,-0.15,-38.46,STOP_LOSS_HIT,0.1436
999,TRUMP_USDT,LONG,StochasticRSI(FAST_SCALP-LONG),2,0.2,1.552,1.556,1.556,1.544,2026-07-14 19:11:59 UTC,2026-07-14 19:13:50 UTC,110.61,0.3104,0.0041,0.0,0.0008,0.08,19.33,MIN_PROFIT_TP_HIT,0.1444
1000,TRUMP_USDT,SHORT,StochasticRSI(FAST_SCALP-SHORT),2,0.2,1.561,1.557,1.557,1.569,2026-07-14 19:18:59 UTC,2026-07-14 19:30:00 UTC,660.82,0.3122,0.0042,0.0,0.0008,0.08,19.22,MIN_PROFIT_TP_HIT,0.1452
1001,TRUMP_USDT,LONG,StochasticRSI(FAST_SCALP-LONG),2,0.2,1.557,1.549,1.561,1.549,2026-07-14 19:33:59 UTC,2026-07-14 20:23:51 UTC,2991.9,0.3114,0.0042,0.0,-0.0016,-0.15,-38.54,STOP_LOSS_HIT,0.1436
1002,TRUMP_USDT,SHORT,StochasticRSI(FAST_SCALP-SHORT),2,0.2,1.552,1.56,1.548,1.56,2026-07-14 20:28:59 UTC,2026-07-14 21:08:49 UTC,2389.08,0.3104,0.0041,0.0,-0.0016,-0.15,-38.66,STOP_LOSS_HIT,0.142
1003,TRUMP_USDT,SHORT,StochasticRSI(FAST_SCALP-SHORT),2,0.2,1.558,1.554,1.554,1.566,2026-07-14 21:12:59 UTC,2026-07-14 21:52:35 UTC,2375.98,0.3116,0.0042,0.0,0.0008,0.08,19.26,MIN_PROFIT_TP_HIT,0.1428
1004,TRUMP_USDT,LONG,StochasticRSI(FAST_SCALP-LONG),2,0.2,1.556,1.548,1.56,1.548,2026-07-14 21:54:59 UTC,2026-07-14 22:01:42 UTC,402.7,0.3112,0.0041,0.0,-0.0016,-0.15,-38.56,STOP_LOSS_HIT,0.1412
1005,TRUMP_USDT,LONG,StochasticRSI(FAST_SCALP-LONG),2,0.2,1.548,1.552,1.552,1.54,2026-07-14 22:16:59 UTC,2026-07-14 22:20:10 UTC,190.42,0.3096,0.0041,0.0,0.0008,0.08,19.38,MIN_PROFIT_TP_HIT,0.142
1006,TRUMP_USDT,SHORT,StochasticRSI(FAST_SCALP-SHORT),2,0.2,1.553,1.561,1.549,1.561,2026-07-14 22:23:59 UTC,2026-07-14 22:38:29 UTC,869.86,0.3106,0.0041,0.0,-0.0016,-0.15,-38.63,STOP_LOSS_HIT,0.1404
1007,TRUMP_USDT,LONG,StochasticRSI(FAST_SCALP-LONG),2,0.2,1.559,1.563,1.563,1.551,2026-07-14 22:49:59 UTC,2026-07-15 00:05:13 UTC,4513.46,0.3118,0.0042,0.0,0.0008,0.08,19.24,MIN_PROFIT_TP_HIT,0.1412
1008,TRUMP_USDT,SHORT,StochasticRSI(FAST_SCALP-SHORT),2,0.2,1.562,1.57,1.558,1.57,2026-07-15 00:12:59 UTC,2026-07-15 00:26:28 UTC,808.05,0.3124,0.0042,0.0,-0.0016,-0.15,-38.41,STOP_LOSS_HIT,0.1396
1009,TRUMP_USDT,SHORT,StochasticRSI(FAST_SCALP-SHORT),2,0.2,1.565,1.573,1.561,1.573,2026-07-15 00:29:59 UTC,2026-07-15 01:18:18 UTC,2898.65,0.313,0.0042,0.0,-0.0016,-0.15,-38.34,STOP_LOSS_HIT,0.138
1010,TRUMP_USDT,LONG,StochasticRSI(FAST_SCALP-LONG),2,0.2,1.569,1.573,1.573,1.561,2026-07-15 01:40:59 UTC,2026-07-15 01:45:00 UTC,240.47,0.3138,0.0042,0.0,0.0008,0.08,19.12,MIN_PROFIT_TP_HIT,0.1388
1011,TRUMP_USDT,SHORT,StochasticRSI(FAST_SCALP-SHORT),2,0.2,1.572,1.568,1.568,1.58,2026-07-15 01:51:59 UTC,2026-07-15 01:57:44 UTC,344.01,0.3144,0.0042,0.0,0.0008,0.08,19.08,MIN_PROFIT_TP_HIT,0.1396
1012,TRUMP_USDT,LONG,StochasticRSI(FAST_SCALP-LONG),2,0.2,1.566,1.558,1.57,1.558,2026-07-15 02:01:59 UTC,2026-07-15 02:19:14 UTC,1034.09,0.3132,0.0042,0.0,-0.0016,-0.15,-38.31,STOP_LOSS_HIT,0.138
1013,TRUMP_USDT,LONG,StochasticRSI(FAST_SCALP-LONG),2,0.2,1.555,1.559,1.559,1.547,2026-07-15 02:23:59 UTC,2026-07-15 03:16:17 UTC,3137.18,0.311,0.0041,0.0,0.0008,0.08,19.29,MIN_PROFIT_TP_HIT,0.1388
1014,TRUMP_USDT,SHORT,StochasticRSI(FAST_SCALP-SHORT),2,0.2,1.562,1.558,1.558,1.57,2026-07-15 03:23:59 UTC,2026-07-15 04:30:08 UTC,3968.57,0.3124,0.0042,0.0,0.0008,0.08,19.21,MIN_PROFIT_TP_HIT,0.1396
1015,TRUMP_USDT,LONG,StochasticRSI(FAST_SCALP-LONG),2,0.2,1.56,1.564,1.564,1.552,2026-07-15 04:32:59 UTC,2026-07-15 05:52:07 UTC,4747.15,0.312,0.0042,0.0,0.0008,0.08,19.23,MIN_PROFIT_TP_HIT,0.1404
1016,TRUMP_USDT,SHORT,StochasticRSI(FAST_SCALP-SHORT),2,0.2,1.567,1.575,1.563,1.575,2026-07-15 06:00:59 UTC,2026-07-15 06:03:27 UTC,147.75,0.3134,0.0042,0.0,-0.0016,-0.15,-38.29,STOP_LOSS_HIT,0.1388
1017,TRUMP_USDT,LONG,StochasticRSI(FAST_SCALP-LONG),2,0.2,1.57,1.574,1.574,1.562,2026-07-15 06:15:59 UTC,2026-07-15 06:33:09 UTC,1029.88,0.314,0.0042,0.0,0.0008,0.08,19.11,MIN_PROFIT_TP_HIT,0.1396
1018,TRUMP_USDT,SHORT,StochasticRSI(FAST_SCALP-SHORT),2,0.2,1.575,1.571,1.571,1.583,2026-07-15 06:36:59 UTC,2026-07-15 06:37:51 UTC,51.94,0.315,0.0042,0.0,0.0008,0.08,19.05,MIN_PROFIT_TP_HIT,0.1404
1019,TRUMP_USDT,LONG,StochasticRSI(FAST_SCALP-LONG),2,0.2,1.572,1.564,1.576,1.564,2026-07-15 06:41:59 UTC,2026-07-15 06:51:00 UTC,540.79,0.3144,0.0042,0.0,-0.0016,-0.15,-38.17,STOP_LOSS_HIT,0.1388
1020,TRUMP_USDT,LONG,StochasticRSI(FAST_SCALP-LONG),2,0.2,1.566,1.558,1.57,1.558,2026-07-15 06:53:59 UTC,2026-07-15 07:22:14 UTC,1694.64,0.3132,0.0042,0.0,-0.0016,-0.15,-38.31,STOP_LOSS_HIT,0.1372
1021,TRUMP_USDT,LONG,StochasticRSI(FAST_SCALP-LONG),2,0.2,1.557,1.561,1.561,1.549,2026-07-15 07:32:59 UTC,2026-07-15 07:48:34 UTC,934.59,0.3114,0.0042,0.0,0.0008,0.08,19.27,MIN_PROFIT_TP_HIT,0.138
1022,TRUMP_USDT,SHORT,StochasticRSI(FAST_SCALP-SHORT),2,0.2,1.563,1.559,1.559,1.571,2026-07-15 07:52:59 UTC,2026-07-15 10:20:04 UTC,8824.33,0.3126,0.0042,0.0,0.0008,0.08,19.19,MIN_PROFIT_TP_HIT,0.1388
1023,TRUMP_USDT,LONG,StochasticRSI(FAST_SCALP-LONG),2,0.2,1.562,1.566,1.566,1.554,2026-07-15 10:21:59 UTC,2026-07-15 12:30:01 UTC,7681.29,0.3124,0.0042,0.0,0.0008,0.08,19.21,MIN_PROFIT_TP_HIT,0.1396
1024,TRUMP_USDT,SHORT,StochasticRSI(FAST_SCALP-SHORT),2,0.2,1.568,1.576,1.564,1.576,2026-07-15 12:35:59 UTC,2026-07-15 12:51:05 UTC,905.09,0.3136,0.0042,0.0,-0.0016,-0.15,-38.27,STOP_LOSS_HIT,0.138
1025,TRUMP_USDT,SHORT,StochasticRSI(FAST_SCALP-SHORT),2,0.2,1.579,1.587,1.575,1.587,2026-07-15 12:55:59 UTC,2026-07-15 13:02:19 UTC,379.97,0.3158,0.0042,0.0,-0.0016,-0.15,-38.0,STOP_LOSS_HIT,0.1364
1026,TRUMP_USDT,LONG,StochasticRSI(FAST_SCALP-LONG),2,0.2,1.588,1.58,1.592,1.58,2026-07-15 13:03:59 UTC,2026-07-15 13:24:03 UTC,1203.19,0.3176,0.0042,0.0,-0.0016,-0.15,-37.78,STOP_LOSS_HIT,0.1348
1027,TRUMP_USDT,LONG,StochasticRSI(FAST_SCALP-LONG),2,0.2,1.583,1.575,1.587,1.575,2026-07-15 13:28:59 UTC,2026-07-15 13:47:14 UTC,1094.3,0.3166,0.0042,0.0,-0.0016,-0.15,-37.9,STOP_LOSS_HIT,0.1332
1028,TRUMP_USDT,LONG,StochasticRSI(FAST_SCALP-LONG),2,0.2,1.574,1.578,1.578,1.566,2026-07-15 13:50:59 UTC,2026-07-15 14:02:10 UTC,670.51,0.3148,0.0042,0.0,0.0008,0.08,19.06,MIN_PROFIT_TP_HIT,0.134
1029,TRUMP_USDT,SHORT,StochasticRSI(FAST_SCALP-SHORT),2,0.2,1.576,1.572,1.572,1.584,2026-07-15 14:05:59 UTC,2026-07-15 14:20:21 UTC,861.37,0.3152,0.0042,0.0,0.0008,0.08,19.04,MIN_PROFIT_TP_HIT,0.1348
1030,TRUMP_USDT,LONG,StochasticRSI(FAST_SCALP-LONG),2,0.2,1.573,1.577,1.577,1.565,2026-07-15 14:22:59 UTC,2026-07-15 14:29:19 UTC,379.08,0.3146,0.0042,0.0,0.0008,0.08,19.07,MIN_PROFIT_TP_HIT,0.1356
1031,TRUMP_USDT,SHORT,StochasticRSI(FAST_SCALP-SHORT),2,0.2,1.574,1.57,1.57,1.582,2026-07-15 14:32:59 UTC,2026-07-15 14:43:00 UTC,600.08,0.3148,0.0042,0.0,0.0008,0.08,19.06,MIN_PROFIT_TP_HIT,0.1364
1032,TRUMP_USDT,LONG,StochasticRSI(FAST_SCALP-LONG),2,0.2,1.573,1.577,1.577,1.565,2026-07-15 14:44:59 UTC,2026-07-15 14:59:49 UTC,889.78,0.3146,0.0042,0.0,0.0008,0.08,19.07,MIN_PROFIT_TP_HIT,0.1372
1033,TRUMP_USDT,SHORT,StochasticRSI(FAST_SCALP-SHORT),2,0.2,1.574,1.57,1.57,1.582,2026-07-15 15:01:59 UTC,2026-07-15 15:15:06 UTC,786.18,0.3148,0.0042,0.0,0.0008,0.08,19.06,MIN_PROFIT_TP_HIT,0.138
1034,TRUMP_USDT,LONG,StochasticRSI(FAST_SCALP-LONG),2,0.2,1.573,1.565,1.577,1.565,2026-07-15 15:18:59 UTC,2026-07-15 15:23:59 UTC,299.87,0.3146,0.0042,0.0,-0.0016,-0.15,-38.14,STOP_LOSS_HIT,0.1364
1035,TRUMP_USDT,LONG,StochasticRSI(FAST_SCALP-LONG),2,0.2,1.567,1.571,1.571,1.559,2026-07-15 15:27:59 UTC,2026-07-15 15:33:42 UTC,342.73,0.3134,0.0042,0.0,0.0008,0.08,19.14,MIN_PROFIT_TP_HIT,0.1372
1036,TRUMP_USDT,SHORT,StochasticRSI(FAST_SCALP-SHORT),2,0.2,1.57,1.566,1.566,1.578,2026-07-15 15:36:59 UTC,2026-07-15 16:04:41 UTC,1661.49,0.314,0.0042,0.0,0.0008,0.08,19.11,MIN_PROFIT_TP_HIT,0.138
1037,TRUMP_USDT,LONG,StochasticRSI(FAST_SCALP-LONG),2,0.2,1.564,1.568,1.568,1.556,2026-07-15 16:08:59 UTC,2026-07-15 16:19:26 UTC,626.01,0.3128,0.0042,0.0,0.0008,0.08,19.18,MIN_PROFIT_TP_HIT,0.1388
1038,TRUMP_USDT,SHORT,StochasticRSI(FAST_SCALP-SHORT),2,0.2,1.564,1.56,1.56,1.572,2026-07-15 16:21:59 UTC,2026-07-15 16:35:02 UTC,782.57,0.3128,0.0042,0.0,0.0008,0.08,19.18,MIN_PROFIT_TP_HIT,0.1396
1039,TRUMP_USDT,LONG,StochasticRSI(FAST_SCALP-LONG),2,0.2,1.559,1.563,1.563,1.551,2026-07-15 16:38:59 UTC,2026-07-15 16:44:52 UTC,352.02,0.3118,0.0042,0.0,0.0008,0.08,19.24,MIN_PROFIT_TP_HIT,0.1404
1040,TRUMP_USDT,SHORT,StochasticRSI(FAST_SCALP-SHORT),2,0.2,1.567,1.563,1.563,1.575,2026-07-15 16:46:59 UTC,2026-07-15 16:48:55 UTC,115.5,0.3134,0.0042,0.0,0.0008,0.08,19.14,MIN_PROFIT_TP_HIT,0.1412
1041,TRUMP_USDT,LONG,StochasticRSI(FAST_SCALP-LONG),2,0.2,1.563,1.567,1.567,1.555,2026-07-15 17:00:59 UTC,2026-07-15 17:23:01 UTC,1321.26,0.3126,0.0042,0.0,0.0008,0.08,19.19,MIN_PROFIT_TP_HIT,0.142
1042,TRUMP_USDT,SHORT,StochasticRSI(FAST_SCALP-SHORT),2,0.2,1.565,1.573,1.561,1.573,2026-07-15 17:27:59 UTC,2026-07-15 17:46:39 UTC,1119.1,0.313,0.0042,0.0,-0.0016,-0.15,-38.34,STOP_LOSS_HIT,0.1404
1043,TRUMP_USDT,SHORT,StochasticRSI(FAST_SCALP-SHORT),2,0.2,1.572,1.58,1.568,1.58,2026-07-15 17:49:59 UTC,2026-07-15 17:59:37 UTC,577.35,0.3144,0.0042,0.0,-0.0016,-0.15,-38.17,STOP_LOSS_HIT,0.1388
1044,TRUMP_USDT,LONG,StochasticRSI(FAST_SCALP-LONG),2,0.2,1.578,1.582,1.582,1.57,2026-07-15 18:00:59 UTC,2026-07-15 18:02:09 UTC,69.16,0.3156,0.0042,0.0,0.0008,0.08,19.01,MIN_PROFIT_TP_HIT,0.1396
1045,TRUMP_USDT,LONG,StochasticRSI(FAST_SCALP-LONG),2,0.2,1.581,1.585,1.585,1.573,2026-07-15 18:05:59 UTC,2026-07-15 18:08:20 UTC,140.43,0.3162,0.0042,0.0,0.0008,0.08,18.98,MIN_PROFIT_TP_HIT,0.1404
1046,TRUMP_USDT,LONG,StochasticRSI(FAST_SCALP-LONG),2,0.2,1.589,1.581,1.593,1.581,2026-07-15 18:14:59 UTC,2026-07-15 18:25:17 UTC,617.29,0.3178,0.0042,0.0,-0.0016,-0.15,-37.76,STOP_LOSS_HIT,0.1388
1047,TRUMP_USDT,LONG,StochasticRSI(FAST_SCALP-LONG),2,0.2,1.58,1.584,1.584,1.572,2026-07-15 18:28:59 UTC,2026-07-15 18:32:28 UTC,208.92,0.316,0.0042,0.0,0.0008,0.08,18.99,MIN_PROFIT_TP_HIT,0.1396
1048,TRUMP_USDT,SHORT,StochasticRSI(FAST_SCALP-SHORT),2,0.2,1.592,1.588,1.588,1.6,2026-07-15 18:35:59 UTC,2026-07-15 18:39:43 UTC,223.04,0.3184,0.0042,0.0,0.0008,0.08,18.84,MIN_PROFIT_TP_HIT,0.1404
1049,TRUMP_USDT,LONG,StochasticRSI(FAST_SCALP-LONG),2,0.2,1.585,1.589,1.589,1.577,2026-07-15 18:44:59 UTC,2026-07-15 18:47:03 UTC,123.34,0.317,0.0042,0.0,0.0008,0.08,18.93,MIN_PROFIT_TP_HIT,0.1412
1050,TRUMP_USDT,LONG,StochasticRSI(FAST_SCALP-LONG),2,0.2,1.59,1.582,1.594,1.582,2026-07-15 18:48:59 UTC,2026-07-15 18:57:23 UTC,503.08,0.318,0.0042,0.0,-0.0016,-0.15,-37.74,STOP_LOSS_HIT,0.1396
1051,TRUMP_USDT,LONG,StochasticRSI(FAST_SCALP-LONG),2,0.2,1.582,1.586,1.586,1.574,2026-07-15 19:00:59 UTC,2026-07-15 19:31:05 UTC,1805.55,0.3164,0.0042,0.0,0.0008,0.08,18.96,MIN_PROFIT_TP_HIT,0.1404
1052,TRUMP_USDT,SHORT,StochasticRSI(FAST_SCALP-SHORT),2,0.2,1.585,1.581,1.581,1.593,2026-07-15 19:34:59 UTC,2026-07-15 19:50:04 UTC,904.08,0.317,0.0042,0.0,0.0008,0.08,18.93,MIN_PROFIT_TP_HIT,0.1412
1053,TRUMP_USDT,LONG,StochasticRSI(FAST_SCALP-LONG),2,0.2,1.583,1.587,1.587,1.575,2026-07-15 19:52:59 UTC,2026-07-15 20:00:37 UTC,457.0,0.3166,0.0042,0.0,0.0008,0.08,18.95,MIN_PROFIT_TP_HIT,0.142
1054,TRUMP_USDT,SHORT,StochasticRSI(FAST_SCALP-SHORT),2,0.2,1.587,1.583,1.583,1.595,2026-07-15 20:06:59 UTC,2026-07-15 20:33:39 UTC,1599.91,0.3174,0.0042,0.0,0.0008,0.08,18.9,MIN_PROFIT_TP_HIT,0.1428
1055,TRUMP_USDT,SHORT,StochasticRSI(FAST_SCALP-SHORT),2,0.2,1.587,1.583,1.583,1.595,2026-07-15 20:42:59 UTC,2026-07-15 20:53:32 UTC,632.35,0.3174,0.0042,0.0,0.0008,0.08,18.9,MIN_PROFIT_TP_HIT,0.1436
1056,TRUMP_USDT,LONG,StochasticRSI(FAST_SCALP-LONG),2,0.2,1.584,1.576,1.588,1.576,2026-07-15 20:57:59 UTC,2026-07-15 21:38:55 UTC,2455.04,0.3168,0.0042,0.0,-0.0016,-0.15,-37.88,STOP_LOSS_HIT,0.142
1057,TRUMP_USDT,LONG,StochasticRSI(FAST_SCALP-LONG),2,0.2,1.578,1.582,1.582,1.57,2026-07-15 21:40:59 UTC,2026-07-15 22:02:05 UTC,1265.32,0.3156,0.0042,0.0,0.0008,0.08,19.01,MIN_PROFIT_TP_HIT,0.1428
1058,TRUMP_USDT,SHORT,StochasticRSI(FAST_SCALP-SHORT),2,0.2,1.582,1.578,1.578,1.59,2026-07-15 22:04:59 UTC,2026-07-15 22:42:26 UTC,2246.1,0.3164,0.0042,0.0,0.0008,0.08,18.96,MIN_PROFIT_TP_HIT,0.1436
1059,TRUMP_USDT,LONG,StochasticRSI(FAST_SCALP-LONG),2,0.2,1.577,1.581,1.581,1.569,2026-07-15 22:46:59 UTC,2026-07-15 22:54:08 UTC,428.13,0.3154,0.0042,0.0,0.0008,0.08,19.02,MIN_PROFIT_TP_HIT,0.1444
1060,TRUMP_USDT,SHORT,StochasticRSI(FAST_SCALP-SHORT),2,0.2,1.576,1.584,1.572,1.584,2026-07-15 22:55:59 UTC,2026-07-15 23:02:47 UTC,407.18,0.3152,0.0042,0.0,-0.0016,-0.15,-38.07,STOP_LOSS_HIT,0.1428
1061,TRUMP_USDT,SHORT,StochasticRSI(FAST_SCALP-SHORT),2,0.2,1.583,1.579,1.579,1.591,2026-07-15 23:04:59 UTC,2026-07-15 23:05:19 UTC,19.56,0.3166,0.0042,0.0,0.0008,0.08,18.95,MIN_PROFIT_TP_HIT,0.1436
1062,TRUMP_USDT,LONG,StochasticRSI(FAST_SCALP-LONG),2,0.2,1.583,1.575,1.587,1.575,2026-07-15 23:22:59 UTC,2026-07-15 23:42:06 UTC,1146.93,0.3166,0.0042,0.0,-0.0016,-0.15,-37.9,STOP_LOSS_HIT,0.142
1063,TRUMP_USDT,LONG,StochasticRSI(FAST_SCALP-LONG),2,0.2,1.587,1.579,1.591,1.579,2026-07-15 23:44:59 UTC,2026-07-15 23:46:03 UTC,63.76,0.3174,0.0042,0.0,-0.0016,-0.15,-37.81,STOP_LOSS_HIT,0.1404
1064,TRUMP_USDT,LONG,StochasticRSI(FAST_SCALP-LONG),2,0.2,1.579,1.583,1.583,1.571,2026-07-15 23:56:59 UTC,2026-07-16 00:02:17 UTC,317.67,0.3158,0.0042,0.0,0.0008,0.08,19.0,MIN_PROFIT_TP_HIT,0.1412
1065,TRUMP_USDT,SHORT,StochasticRSI(FAST_SCALP-SHORT),2,0.2,1.584,1.592,1.58,1.592,2026-07-16 00:05:59 UTC,2026-07-16 00:17:51 UTC,711.65,0.3168,0.0042,0.0,-0.0016,-0.15,-37.88,STOP_LOSS_HIT,0.1396
1066,TRUMP_USDT,LONG,StochasticRSI(FAST_SCALP-LONG),2,0.2,1.583,1.575,1.587,1.575,2026-07-16 00:26:59 UTC,2026-07-16 00:32:37 UTC,337.15,0.3166,0.0042,0.0,-0.0016,-0.15,-37.9,STOP_LOSS_HIT,0.138
1067,TRUMP_USDT,LONG,StochasticRSI(FAST_SCALP-LONG),2,0.2,1.571,1.563,1.575,1.563,2026-07-16 00:42:59 UTC,2026-07-16 01:18:11 UTC,2111.01,0.3142,0.0042,0.0,-0.0016,-0.15,-38.19,STOP_LOSS_HIT,0.1364
1068,TRUMP_USDT,SHORT,StochasticRSI(FAST_SCALP-SHORT),2,0.2,1.562,1.57,1.558,1.57,2026-07-16 01:19:59 UTC,2026-07-16 01:36:24 UTC,984.01,0.3124,0.0042,0.0,-0.0016,-0.15,-38.41,STOP_LOSS_HIT,0.1348
1069,TRUMP_USDT,SHORT,StochasticRSI(FAST_SCALP-SHORT),2,0.2,1.572,1.568,1.568,1.58,2026-07-16 01:40:59 UTC,2026-07-16 01:42:48 UTC,108.69,0.3144,0.0042,0.0,0.0008,0.08,19.08,MIN_PROFIT_TP_HIT,0.1356
1070,TRUMP_USDT,LONG,StochasticRSI(FAST_SCALP-LONG),2,0.2,1.569,1.573,1.573,1.561,2026-07-16 01:47:59 UTC,2026-07-16 01:49:14 UTC,74.32,0.3138,0.0042,0.0,0.0008,0.08,19.12,MIN_PROFIT_TP_HIT,0.1364
1071,TRUMP_USDT,SHORT,StochasticRSI(FAST_SCALP-SHORT),2,0.2,1.573,1.581,1.569,1.581,2026-07-16 01:53:59 UTC,2026-07-16 02:23:38 UTC,1778.22,0.3146,0.0042,0.0,-0.0016,-0.15,-38.14,STOP_LOSS_HIT,0.1348
1072,TRUMP_USDT,SHORT,StochasticRSI(FAST_SCALP-SHORT),2,0.2,1.581,1.577,1.577,1.589,2026-07-16 02:25:59 UTC,2026-07-16 02:31:21 UTC,321.86,0.3162,0.0042,0.0,0.0008,0.08,18.98,MIN_PROFIT_TP_HIT,0.1356
1073,TRUMP_USDT,LONG,StochasticRSI(FAST_SCALP-LONG),2,0.2,1.581,1.585,1.585,1.573,2026-07-16 02:34:59 UTC,2026-07-16 02:37:01 UTC,121.27,0.3162,0.0042,0.0,0.0008,0.08,18.98,MIN_PROFIT_TP_HIT,0.1364
1074,TRUMP_USDT,SHORT,StochasticRSI(FAST_SCALP-SHORT),2,0.2,1.584,1.58,1.58,1.592,2026-07-16 02:39:59 UTC,2026-07-16 03:17:35 UTC,2255.56,0.3168,0.0042,0.0,0.0008,0.08,18.94,MIN_PROFIT_TP_HIT,0.1372
1075,TRUMP_USDT,LONG,StochasticRSI(FAST_SCALP-LONG),2,0.2,1.578,1.582,1.582,1.57,2026-07-16 03:21:59 UTC,2026-07-16 04:42:16 UTC,4816.91,0.3156,0.0042,0.0,0.0008,0.08,19.01,MIN_PROFIT_TP_HIT,0.138
1076,TRUMP_USDT,SHORT,StochasticRSI(FAST_SCALP-SHORT),2,0.2,1.584,1.58,1.58,1.592,2026-07-16 04:44:59 UTC,2026-07-16 04:45:51 UTC,51.85,0.3168,0.0042,0.0,0.0008,0.08,18.94,MIN_PROFIT_TP_HIT,0.1388
1077,TRUMP_USDT,LONG,StochasticRSI(FAST_SCALP-LONG),2,0.2,1.583,1.587,1.587,1.575,2026-07-16 04:49:59 UTC,2026-07-16 05:08:13 UTC,1093.93,0.3166,0.0042,0.0,0.0008,0.08,18.95,MIN_PROFIT_TP_HIT,0.1396
1078,TRUMP_USDT,SHORT,StochasticRSI(FAST_SCALP-SHORT),2,0.2,1.583,1.591,1.579,1.591,2026-07-16 05:10:59 UTC,2026-07-16 05:16:29 UTC,329.85,0.3166,0.0042,0.0,-0.0016,-0.15,-37.9,STOP_LOSS_HIT,0.138
1079,TRUMP_USDT,SHORT,StochasticRSI(FAST_SCALP-SHORT),2,0.2,1.588,1.584,1.584,1.596,2026-07-16 05:19:59 UTC,2026-07-16 05:30:10 UTC,610.98,0.3176,0.0042,0.0,0.0008,0.08,18.89,MIN_PROFIT_TP_HIT,0.1388
1080,TRUMP_USDT,LONG,StochasticRSI(FAST_SCALP-LONG),2,0.2,1.582,1.574,1.586,1.574,2026-07-16 05:33:59 UTC,2026-07-16 06:34:47 UTC,3647.66,0.3164,0.0042,0.0,-0.0016,-0.15,-37.93,STOP_LOSS_HIT,0.1372
1081,TRUMP_USDT,LONG,StochasticRSI(FAST_SCALP-LONG),2,0.2,1.574,1.578,1.578,1.566,2026-07-16 06:36:59 UTC,2026-07-16 06:48:58 UTC,718.08,0.3148,0.0042,0.0,0.0008,0.08,19.06,MIN_PROFIT_TP_HIT,0.138
1082,TRUMP_USDT,SHORT,StochasticRSI(FAST_SCALP-SHORT),2,0.2,1.578,1.574,1.574,1.586,2026-07-16 06:51:59 UTC,2026-07-16 06:57:11 UTC,311.6,0.3156,0.0042,0.0,0.0008,0.08,19.01,MIN_PROFIT_TP_HIT,0.1388
1083,TRUMP_USDT,LONG,StochasticRSI(FAST_SCALP-LONG),2,0.2,1.571,1.563,1.575,1.563,2026-07-16 07:17:59 UTC,2026-07-16 07:36:10 UTC,1090.14,0.3142,0.0042,0.0,-0.0016,-0.15,-38.19,STOP_LOSS_HIT,0.1372
1084,TRUMP_USDT,LONG,StochasticRSI(FAST_SCALP-LONG),2,0.2,1.563,1.567,1.567,1.555,2026-07-16 07:40:59 UTC,2026-07-16 07:59:44 UTC,1124.86,0.3126,0.0042,0.0,0.0008,0.08,19.19,MIN_PROFIT_TP_HIT,0.138
1085,TRUMP_USDT,SHORT,StochasticRSI(FAST_SCALP-SHORT),2,0.2,1.566,1.562,1.562,1.574,2026-07-16 08:02:59 UTC,2026-07-16 08:06:10 UTC,190.45,0.3132,0.0042,0.0,0.0008,0.08,19.16,MIN_PROFIT_TP_HIT,0.1388
1086,TRUMP_USDT,LONG,StochasticRSI(FAST_SCALP-LONG),2,0.2,1.552,1.556,1.556,1.544,2026-07-16 08:13:59 UTC,2026-07-16 08:28:24 UTC,864.26,0.3104,0.0041,0.0,0.0008,0.08,19.33,MIN_PROFIT_TP_HIT,0.1396
1087,TRUMP_USDT,SHORT,StochasticRSI(FAST_SCALP-SHORT),2,0.2,1.557,1.553,1.553,1.565,2026-07-16 08:31:59 UTC,2026-07-16 08:56:05 UTC,1445.3,0.3114,0.0042,0.0,0.0008,0.08,19.27,MIN_PROFIT_TP_HIT,0.1404
1088,TRUMP_USDT,LONG,StochasticRSI(FAST_SCALP-LONG),2,0.2,1.554,1.558,1.558,1.546,2026-07-16 08:57:59 UTC,2026-07-16 09:00:57 UTC,177.7,0.3108,0.0041,0.0,0.0008,0.08,19.31,MIN_PROFIT_TP_HIT,0.1412
1089,TRUMP_USDT,SHORT,StochasticRSI(FAST_SCALP-SHORT),2,0.2,1.557,1.565,1.553,1.565,2026-07-16 09:04:59 UTC,2026-07-16 09:26:16 UTC,1276.15,0.3114,0.0042,0.0,-0.0016,-0.15,-38.54,STOP_LOSS_HIT,0.1396
1090,TRUMP_USDT,LONG,StochasticRSI(FAST_SCALP-LONG),2,0.2,1.558,1.562,1.562,1.55,2026-07-16 09:32:59 UTC,2026-07-16 11:58:32 UTC,8732.63,0.3116,0.0042,0.0,0.0008,0.08,19.26,MIN_PROFIT_TP_HIT,0.1404
1091,TRUMP_USDT,SHORT,StochasticRSI(FAST_SCALP-SHORT),2,0.2,1.562,1.558,1.558,1.57,2026-07-16 12:02:59 UTC,2026-07-16 12:12:58 UTC,598.87,0.3124,0.0042,0.0,0.0008,0.08,19.21,MIN_PROFIT_TP_HIT,0.1412
1092,TRUMP_USDT,LONG,StochasticRSI(FAST_SCALP-LONG),2,0.2,1.557,1.561,1.561,1.549,2026-07-16 12:15:59 UTC,2026-07-16 12:30:00 UTC,840.62,0.3114,0.0042,0.0,0.0008,0.08,19.27,MIN_PROFIT_TP_HIT,0.142
1093,TRUMP_USDT,SHORT,StochasticRSI(FAST_SCALP-SHORT),2,0.2,1.56,1.556,1.556,1.568,2026-07-16 12:33:59 UTC,2026-07-16 12:37:17 UTC,197.72,0.312,0.0042,0.0,0.0008,0.08,19.23,MIN_PROFIT_TP_HIT,0.1428
1094,TRUMP_USDT,LONG,StochasticRSI(FAST_SCALP-LONG),2,0.2,1.55,1.554,1.554,1.542,2026-07-16 12:43:59 UTC,2026-07-16 12:47:48 UTC,228.42,0.31,0.0041,0.0,0.0008,0.08,19.35,MIN_PROFIT_TP_HIT,0.1436
1095,TRUMP_USDT,SHORT,StochasticRSI(FAST_SCALP-SHORT),2,0.2,1.552,1.56,1.548,1.56,2026-07-16 12:50:59 UTC,2026-07-16 13:16:20 UTC,1520.4,0.3104,0.0041,0.0,-0.0016,-0.15,-38.66,STOP_LOSS_HIT,0.142
1096,TRUMP_USDT,LONG,StochasticRSI(FAST_SCALP-LONG),2,0.2,1.561,1.565,1.565,1.553,2026-07-16 13:21:59 UTC,2026-07-16 13:26:42 UTC,282.44,0.3122,0.0042,0.0,0.0008,0.08,19.22,MIN_PROFIT_TP_HIT,0.1428
1097,TRUMP_USDT,SHORT,StochasticRSI(FAST_SCALP-SHORT),2,0.2,1.567,1.575,1.563,1.575,2026-07-16 13:31:59 UTC,2026-07-16 14:11:57 UTC,2397.03,0.3134,0.0042,0.0,-0.0016,-0.15,-38.29,STOP_LOSS_HIT,0.1412
1098,TRUMP_USDT,SHORT,StochasticRSI(FAST_SCALP-SHORT),2,0.2,1.574,1.57,1.57,1.582,2026-07-16 14:14:59 UTC,2026-07-16 14:23:02 UTC,482.05,0.3148,0.0042,0.0,0.0008,0.08,19.06,MIN_PROFIT_TP_HIT,0.142
1099,TRUMP_USDT,LONG,StochasticRSI(FAST_SCALP-LONG),2,0.2,1.572,1.576,1.576,1.564,2026-07-16 14:24:59 UTC,2026-07-16 14:27:46 UTC,166.79,0.3144,0.0042,0.0,0.0008,0.08,19.08,MIN_PROFIT_TP_HIT,0.1428
1100,TRUMP_USDT,SHORT,StochasticRSI(FAST_SCALP-SHORT),2,0.2,1.574,1.57,1.57,1.582,2026-07-16 14:30:59 UTC,2026-07-16 14:55:27 UTC,1467.51,0.3148,0.0042,0.0,0.0008,0.08,19.06,MIN_PROFIT_TP_HIT,0.1436
1101,TRUMP_USDT,LONG,StochasticRSI(FAST_SCALP-LONG),2,0.2,1.572,1.576,1.576,1.564,2026-07-16 14:57:59 UTC,2026-07-16 15:26:39 UTC,1719.04,0.3144,0.0042,0.0,0.0008,0.08,19.08,MIN_PROFIT_TP_HIT,0.1444
1102,TRUMP_USDT,SHORT,StochasticRSI(FAST_SCALP-SHORT),2,0.2,1.577,1.573,1.573,1.585,2026-07-16 15:28:59 UTC,2026-07-16 16:05:05 UTC,2165.04,0.3154,0.0042,0.0,0.0008,0.08,19.02,MIN_PROFIT_TP_HIT,0.1452
1103,TRUMP_USDT,SHORT,StochasticRSI(FAST_SCALP-SHORT),2,0.2,1.572,1.568,1.568,1.58,2026-07-16 16:30:59 UTC,2026-07-16 16:36:21 UTC,321.81,0.3144,0.0042,0.0,0.0008,0.08,19.08,MIN_PROFIT_TP_HIT,0.146
1104,TRUMP_USDT,LONG,StochasticRSI(FAST_SCALP-LONG),2,0.2,1.569,1.561,1.573,1.561,2026-07-16 16:41:59 UTC,2026-07-16 17:17:16 UTC,2116.11,0.3138,0.0042,0.0,-0.0016,-0.15,-38.24,STOP_LOSS_HIT,0.1444
1105,TRUMP_USDT,SHORT,StochasticRSI(FAST_SCALP-SHORT),2,0.2,1.562,1.57,1.558,1.57,2026-07-16 17:23:59 UTC,2026-07-16 17:32:05 UTC,485.0,0.3124,0.0042,0.0,-0.0016,-0.15,-38.41,STOP_LOSS_HIT,0.1428
1106,TRUMP_USDT,SHORT,StochasticRSI(FAST_SCALP-SHORT),2,0.2,1.574,1.57,1.57,1.582,2026-07-16 17:38:59 UTC,2026-07-16 17:43:46 UTC,286.64,0.3148,0.0042,0.0,0.0008,0.08,19.06,MIN_PROFIT_TP_HIT,0.1436
1107,TRUMP_USDT,LONG,StochasticRSI(FAST_SCALP-LONG),2,0.2,1.568,1.56,1.572,1.56,2026-07-16 17:48:59 UTC,2026-07-16 17:55:04 UTC,364.07,0.3136,0.0042,0.0,-0.0016,-0.15,-38.27,STOP_LOSS_HIT,0.142
1108,TRUMP_USDT,SHORT,StochasticRSI(FAST_SCALP-SHORT),2,0.2,1.558,1.566,1.554,1.566,2026-07-16 18:03:59 UTC,2026-07-16 18:24:09 UTC,1209.05,0.3116,0.0042,0.0,-0.0016,-0.15,-38.51,STOP_LOSS_HIT,0.1404
1109,TRUMP_USDT,SHORT,StochasticRSI(FAST_SCALP-SHORT),2,0.2,1.566,1.562,1.562,1.574,2026-07-16 18:28:59 UTC,2026-07-16 18:32:10 UTC,190.91,0.3132,0.0042,0.0,0.0008,0.08,19.16,MIN_PROFIT_TP_HIT,0.1412
1110,TRUMP_USDT,LONG,StochasticRSI(FAST_SCALP-LONG),2,0.2,1.56,1.564,1.564,1.552,2026-07-16 18:35:59 UTC,2026-07-16 18:51:38 UTC,938.2,0.312,0.0042,0.0,0.0008,0.08,19.23,MIN_PROFIT_TP_HIT,0.142
1111,TRUMP_USDT,SHORT,StochasticRSI(FAST_SCALP-SHORT),2,0.2,1.561,1.557,1.557,1.569,2026-07-16 18:53:59 UTC,2026-07-16 19:00:02 UTC,362.79,0.3122,0.0042,0.0,0.0008,0.08,19.22,MIN_PROFIT_TP_HIT,0.1428
1112,TRUMP_USDT,LONG,StochasticRSI(FAST_SCALP-LONG),2,0.2,1.56,1.564,1.564,1.552,2026-07-16 19:01:59 UTC,2026-07-16 21:38:25 UTC,9385.42,0.312,0.0042,0.0,0.0008,0.08,19.23,MIN_PROFIT_TP_HIT,0.1436
1113,TRUMP_USDT,SHORT,StochasticRSI(FAST_SCALP-SHORT),2,0.2,1.564,1.56,1.56,1.572,2026-07-16 21:41:59 UTC,2026-07-16 21:56:26 UTC,866.85,0.3128,0.0042,0.0,0.0008,0.08,19.18,MIN_PROFIT_TP_HIT,0.1444
1114,TRUMP_USDT,LONG,StochasticRSI(FAST_SCALP-LONG),2,0.2,1.561,1.565,1.565,1.553,2026-07-16 22:01:59 UTC,2026-07-16 22:04:02 UTC,122.91,0.3122,0.0042,0.0,0.0008,0.08,19.22,MIN_PROFIT_TP_HIT,0.1452
1115,TRUMP_USDT,SHORT,StochasticRSI(FAST_SCALP-SHORT),2,0.2,1.566,1.562,1.562,1.574,2026-07-16 22:10:59 UTC,2026-07-16 22:15:47 UTC,287.01,0.3132,0.0042,0.0,0.0008,0.08,19.16,MIN_PROFIT_TP_HIT,0.146
1116,TRUMP_USDT,LONG,StochasticRSI(FAST_SCALP-LONG),2,0.2,1.562,1.554,1.566,1.554,2026-07-16 22:17:59 UTC,2026-07-16 22:29:16 UTC,676.14,0.3124,0.0042,0.0,-0.0016,-0.15,-38.41,STOP_LOSS_HIT,0.1444
1117,TRUMP_USDT,LONG,StochasticRSI(FAST_SCALP-LONG),2,0.2,1.556,1.548,1.56,1.548,2026-07-16 22:32:59 UTC,2026-07-16 22:40:35 UTC,455.93,0.3112,0.0041,0.0,-0.0016,-0.15,-38.56,STOP_LOSS_HIT,0.1428
1118,TRUMP_USDT,LONG,StochasticRSI(FAST_SCALP-LONG),2,0.2,1.548,1.54,1.552,1.54,2026-07-16 22:45:59 UTC,2026-07-16 23:11:39 UTC,1539.98,0.3096,0.0041,0.0,-0.0016,-0.15,-38.76,STOP_LOSS_HIT,0.1412
1119,TRUMP_USDT,LONG,StochasticRSI(FAST_SCALP-LONG),2,0.2,1.544,1.536,1.548,1.536,2026-07-16 23:13:59 UTC,2026-07-16 23:20:19 UTC,379.01,0.3088,0.0041,0.0,-0.0016,-0.15,-38.86,STOP_LOSS_HIT,0.1396
1120,TRUMP_USDT,LONG,StochasticRSI(FAST_SCALP-LONG),2,0.2,1.537,1.541,1.541,1.529,2026-07-16 23:24:59 UTC,2026-07-16 23:26:08 UTC,68.62,0.3074,0.0041,0.0,0.0008,0.08,19.52,MIN_PROFIT_TP_HIT,0.1404
1121,TRUMP_USDT,SHORT,StochasticRSI(FAST_SCALP-SHORT),2,0.2,1.541,1.549,1.537,1.549,2026-07-16 23:30:59 UTC,2026-07-17 00:17:04 UTC,2764.77,0.3082,0.0041,0.0,-0.0016,-0.15,-38.94,STOP_LOSS_HIT,0.1388
1122,TRUMP_USDT,SHORT,StochasticRSI(FAST_SCALP-SHORT),2,0.2,1.546,1.542,1.542,1.554,2026-07-17 00:19:59 UTC,2026-07-17 00:36:41 UTC,1001.17,0.3092,0.0041,0.0,0.0008,0.08,19.4,MIN_PROFIT_TP_HIT,0.1396
1123,TRUMP_USDT,LONG,StochasticRSI(FAST_SCALP-LONG),2,0.2,1.544,1.548,1.548,1.536,2026-07-17 00:39:59 UTC,2026-07-17 00:40:43 UTC,43.78,0.3088,0.0041,0.0,0.0008,0.08,19.43,MIN_PROFIT_TP_HIT,0.1404
1124,TRUMP_USDT,SHORT,StochasticRSI(FAST_SCALP-SHORT),2,0.2,1.548,1.556,1.544,1.556,2026-07-17 00:44:59 UTC,2026-07-17 00:59:46 UTC,886.22,0.3096,0.0041,0.0,-0.0016,-0.15,-38.76,STOP_LOSS_HIT,0.1388
1125,TRUMP_USDT,SHORT,StochasticRSI(FAST_SCALP-SHORT),2,0.2,1.558,1.554,1.554,1.566,2026-07-17 01:07:59 UTC,2026-07-17 01:20:49 UTC,769.75,0.3116,0.0042,0.0,0.0008,0.08,19.26,MIN_PROFIT_TP_HIT,0.1396
1126,TRUMP_USDT,LONG,StochasticRSI(FAST_SCALP-LONG),2,0.2,1.557,1.549,1.561,1.549,2026-07-17 01:26:59 UTC,2026-07-17 01:55:06 UTC,1686.1,0.3114,0.0042,0.0,-0.0016,-0.15,-38.54,STOP_LOSS_HIT,0.138
1127,TRUMP_USDT,LONG,StochasticRSI(FAST_SCALP-LONG),2,0.2,1.548,1.54,1.552,1.54,2026-07-17 01:59:59 UTC,2026-07-17 02:09:48 UTC,588.82,0.3096,0.0041,0.0,-0.0016,-0.15,-38.76,STOP_LOSS_HIT,0.1364
1128,TRUMP_USDT,LONG,StochasticRSI(FAST_SCALP-LONG),2,0.2,1.543,1.535,1.547,1.535,2026-07-17 02:13:59 UTC,2026-07-17 02:53:23 UTC,2363.27,0.3086,0.0041,0.0,-0.0016,-0.15,-38.89,STOP_LOSS_HIT,0.1348
1129,TRUMP_USDT,LONG,StochasticRSI(FAST_SCALP-LONG),2,0.2,1.538,1.542,1.542,1.53,2026-07-17 02:57:59 UTC,2026-07-17 03:03:53 UTC,354.0,0.3076,0.0041,0.0,0.0008,0.08,19.51,MIN_PROFIT_TP_HIT,0.1356
1130,TRUMP_USDT,SHORT,StochasticRSI(FAST_SCALP-SHORT),2,0.2,1.547,1.555,1.543,1.555,2026-07-17 03:08:59 UTC,2026-07-17 03:28:12 UTC,1152.59,0.3094,0.0041,0.0,-0.0016,-0.15,-38.78,STOP_LOSS_HIT,0.134
1131,TRUMP_USDT,LONG,StochasticRSI(FAST_SCALP-LONG),2,0.2,1.551,1.555,1.555,1.543,2026-07-17 03:36:59 UTC,2026-07-17 04:45:54 UTC,4134.18,0.3102,0.0041,0.0,0.0008,0.08,19.34,MIN_PROFIT_TP_HIT,0.1348
1132,TRUMP_USDT,SHORT,StochasticRSI(FAST_SCALP-SHORT),2,0.2,1.556,1.552,1.552,1.564,2026-07-17 04:50:59 UTC,2026-07-17 05:00:06 UTC,546.56,0.3112,0.0041,0.0,0.0008,0.08,19.28,MIN_PROFIT_TP_HIT,0.1356
1133,TRUMP_USDT,LONG,StochasticRSI(FAST_SCALP-LONG),2,0.2,1.554,1.546,1.558,1.546,2026-07-17 05:04:59 UTC,2026-07-17 05:31:56 UTC,1616.47,0.3108,0.0041,0.0,-0.0016,-0.15,-38.61,STOP_LOSS_HIT,0.134
1134,TRUMP_USDT,LONG,StochasticRSI(FAST_SCALP-LONG),2,0.2,1.547,1.539,1.551,1.539,2026-07-17 05:33:59 UTC,2026-07-17 05:46:03 UTC,723.36,0.3094,0.0041,0.0,-0.0016,-0.15,-38.78,STOP_LOSS_HIT,0.1324
1135,TRUMP_USDT,LONG,StochasticRSI(FAST_SCALP-LONG),2,0.2,1.543,1.547,1.547,1.535,2026-07-17 05:49:59 UTC,2026-07-17 06:23:04 UTC,1984.55,0.3086,0.0041,0.0,0.0008,0.08,19.44,MIN_PROFIT_TP_HIT,0.1332
1136,TRUMP_USDT,SHORT,StochasticRSI(FAST_SCALP-SHORT),2,0.2,1.547,1.543,1.543,1.555,2026-07-17 06:26:59 UTC,2026-07-17 06:32:48 UTC,348.65,0.3094,0.0041,0.0,0.0008,0.08,19.39,MIN_PROFIT_TP_HIT,0.134
1137,TRUMP_USDT,LONG,StochasticRSI(FAST_SCALP-LONG),2,0.2,1.547,1.539,1.551,1.539,2026-07-17 06:34:59 UTC,2026-07-17 07:15:37 UTC,2437.86,0.3094,0.0041,0.0,-0.0016,-0.15,-38.78,STOP_LOSS_HIT,0.1324
1138,TRUMP_USDT,LONG,StochasticRSI(FAST_SCALP-LONG),2,0.2,1.537,1.529,1.541,1.529,2026-07-17 07:22:59 UTC,2026-07-17 07:35:05 UTC,725.89,0.3074,0.0041,0.0,-0.0016,-0.15,-39.04,STOP_LOSS_HIT,0.1308
1139,TRUMP_USDT,LONG,StochasticRSI(FAST_SCALP-LONG),2,0.2,1.532,1.536,1.536,1.524,2026-07-17 07:38:59 UTC,2026-07-17 07:43:50 UTC,290.32,0.3064,0.0041,0.0,0.0008,0.08,19.58,MIN_PROFIT_TP_HIT,0.1316
1140,TRUMP_USDT,SHORT,StochasticRSI(FAST_SCALP-SHORT),2,0.2,1.533,1.529,1.529,1.541,2026-07-17 07:45:59 UTC,2026-07-17 08:16:28 UTC,1828.01,0.3066,0.0041,0.0,0.0008,0.08,19.57,MIN_PROFIT_TP_HIT,0.1324
1141,TRUMP_USDT,LONG,StochasticRSI(FAST_SCALP-LONG),2,0.2,1.525,1.529,1.529,1.517,2026-07-17 08:20:59 UTC,2026-07-17 08:27:17 UTC,377.78,0.305,0.0041,0.0,0.0008,0.08,19.67,MIN_PROFIT_TP_HIT,0.1332
1142,TRUMP_USDT,SHORT,StochasticRSI(FAST_SCALP-SHORT),2,0.2,1.528,1.524,1.524,1.536,2026-07-17 08:28:59 UTC,2026-07-17 08:31:43 UTC,163.21,0.3056,0.0041,0.0,0.0008,0.08,19.63,MIN_PROFIT_TP_HIT,0.134
1143,TRUMP_USDT,LONG,StochasticRSI(FAST_SCALP-LONG),2,0.2,1.525,1.529,1.529,1.517,2026-07-17 08:35:59 UTC,2026-07-17 08:43:30 UTC,450.19,0.305,0.0041,0.0,0.0008,0.08,19.67,MIN_PROFIT_TP_HIT,0.1348
1144,TRUMP_USDT,SHORT,StochasticRSI(FAST_SCALP-SHORT),2,0.2,1.533,1.541,1.529,1.541,2026-07-17 08:50:59 UTC,2026-07-17 10:15:05 UTC,5045.19,0.3066,0.0041,0.0,-0.0016,-0.15,-39.14,STOP_LOSS_HIT,0.1332
1145,TRUMP_USDT,SHORT,StochasticRSI(FAST_SCALP-SHORT),2,0.2,1.54,1.536,1.536,1.548,2026-07-17 10:20:59 UTC,2026-07-17 10:26:05 UTC,305.64,0.308,0.0041,0.0,0.0008,0.08,19.48,MIN_PROFIT_TP_HIT,0.134
1146,TRUMP_USDT,LONG,StochasticRSI(FAST_SCALP-LONG),2,0.2,1.538,1.542,1.542,1.53,2026-07-17 10:28:59 UTC,2026-07-17 10:35:19 UTC,379.03,0.3076,0.0041,0.0,0.0008,0.08,19.51,MIN_PROFIT_TP_HIT,0.1348
1147,TRUMP_USDT,SHORT,StochasticRSI(FAST_SCALP-SHORT),2,0.2,1.541,1.537,1.537,1.549,2026-07-17 10:49:59 UTC,2026-07-17 11:08:55 UTC,1135.67,0.3082,0.0041,0.0,0.0008,0.08,19.47,MIN_PROFIT_TP_HIT,0.1356
1148,TRUMP_USDT,LONG,StochasticRSI(FAST_SCALP-LONG),2,0.2,1.539,1.531,1.543,1.531,2026-07-17 11:11:59 UTC,2026-07-17 12:31:11 UTC,4751.62,0.3078,0.0041,0.0,-0.0016,-0.15,-38.99,STOP_LOSS_HIT,0.134
1149,TRUMP_USDT,LONG,StochasticRSI(FAST_SCALP-LONG),2,0.2,1.53,1.522,1.534,1.522,2026-07-17 12:34:59 UTC,2026-07-17 13:06:00 UTC,1860.89,0.306,0.0041,0.0,-0.0016,-0.15,-39.22,STOP_LOSS_HIT,0.1324
1150,TRUMP_USDT,LONG,StochasticRSI(FAST_SCALP-LONG),2,0.2,1.519,1.511,1.523,1.511,2026-07-17 13:09:59 UTC,2026-07-17 13:12:01 UTC,121.86,0.3038,0.0041,0.0,-0.0016,-0.15,-39.5,STOP_LOSS_HIT,0.1308
1151,TRUMP_USDT,SHORT,StochasticRSI(FAST_SCALP-SHORT),2,0.2,1.518,1.514,1.514,1.526,2026-07-17 13:17:59 UTC,2026-07-17 13:34:54 UTC,1014.93,0.3036,0.004,0.0,0.0008,0.08,19.76,MIN_PROFIT_TP_HIT,0.1316
1152,TRUMP_USDT,LONG,StochasticRSI(FAST_SCALP-LONG),2,0.2,1.507,1.511,1.511,1.499,2026-07-17 13:39:59 UTC,2026-07-17 13:40:18 UTC,18.42,0.3014,0.004,0.0,0.0008,0.08,19.91,MIN_PROFIT_TP_HIT,0.1324
1153,TRUMP_USDT,SHORT,StochasticRSI(FAST_SCALP-SHORT),2,0.2,1.509,1.517,1.505,1.517,2026-07-17 13:45:59 UTC,2026-07-17 13:50:43 UTC,283.22,0.3018,0.004,0.0,-0.0016,-0.15,-39.76,STOP_LOSS_HIT,0.1308
1154,TRUMP_USDT,SHORT,StochasticRSI(FAST_SCALP-SHORT),2,0.2,1.522,1.53,1.518,1.53,2026-07-17 13:55:59 UTC,2026-07-17 14:00:04 UTC,244.55,0.3044,0.0041,0.0,-0.0016,-0.15,-39.42,STOP_LOSS_HIT,0.1292
1155,TRUMP_USDT,SHORT,StochasticRSI(FAST_SCALP-SHORT),2,0.2,1.534,1.542,1.53,1.542,2026-07-17 14:04:59 UTC,2026-07-17 14:08:43 UTC,223.66,0.3068,0.0041,0.0,-0.0016,-0.15,-39.11,STOP_LOSS_HIT,0.1276
1156,TRUMP_USDT,LONG,StochasticRSI(FAST_SCALP-LONG),2,0.2,1.54,1.544,1.544,1.532,2026-07-17 14:16:59 UTC,2026-07-17 14:38:08 UTC,1268.65,0.308,0.0041,0.0,0.0008,0.08,19.48,MIN_PROFIT_TP_HIT,0.1284
1157,TRUMP_USDT,SHORT,StochasticRSI(FAST_SCALP-SHORT),2,0.2,1.544,1.54,1.54,1.552,2026-07-17 14:39:59 UTC,2026-07-17 14:45:26 UTC,326.12,0.3088,0.0041,0.0,0.0008,0.08,19.43,MIN_PROFIT_TP_HIT,0.1292
1158,TRUMP_USDT,LONG,StochasticRSI(FAST_SCALP-LONG),2,0.2,1.541,1.533,1.545,1.533,2026-07-17 14:46:59 UTC,2026-07-17 15:06:38 UTC,1178.09,0.3082,0.0041,0.0,-0.0016,-0.15,-38.94,STOP_LOSS_HIT,0.1276
1159,TRUMP_USDT,SHORT,StochasticRSI(FAST_SCALP-SHORT),2,0.2,1.535,1.531,1.531,1.543,2026-07-17 15:22:59 UTC,2026-07-17 15:24:09 UTC,69.62,0.307,0.0041,0.0,0.0008,0.08,19.54,MIN_PROFIT_TP_HIT,0.1284
1160,TRUMP_USDT,SHORT,StochasticRSI(FAST_SCALP-SHORT),2,0.2,1.537,1.545,1.533,1.545,2026-07-17 15:32:59 UTC,2026-07-17 15:51:42 UTC,1122.24,0.3074,0.0041,0.0,-0.0016,-0.15,-39.04,STOP_LOSS_HIT,0.1268
1161,TRUMP_USDT,SHORT,StochasticRSI(FAST_SCALP-SHORT),2,0.2,1.545,1.541,1.541,1.553,2026-07-17 15:58:59 UTC,2026-07-17 16:01:12 UTC,132.82,0.309,0.0041,0.0,0.0008,0.08,19.42,MIN_PROFIT_TP_HIT,0.1276
1162,TRUMP_USDT,LONG,StochasticRSI(FAST_SCALP-LONG),2,0.2,1.548,1.552,1.552,1.54,2026-07-17 16:03:59 UTC,2026-07-17 16:10:03 UTC,363.05,0.3096,0.0041,0.0,0.0008,0.08,19.38,MIN_PROFIT_TP_HIT,0.1284
1163,TRUMP_USDT,SHORT,StochasticRSI(FAST_SCALP-SHORT),2,0.2,1.55,1.558,1.546,1.558,2026-07-17 16:14:59 UTC,2026-07-17 16:37:26 UTC,1346.47,0.31,0.0041,0.0,-0.0016,-0.15,-38.71,STOP_LOSS_HIT,0.1268
1164,TRUMP_USDT,SHORT,StochasticRSI(FAST_SCALP-SHORT),2,0.2,1.558,1.566,1.554,1.566,2026-07-17 16:39:59 UTC,2026-07-17 16:48:05 UTC,485.4,0.3116,0.0042,0.0,-0.0016,-0.15,-38.51,STOP_LOSS_HIT,0.1252
1165,TRUMP_USDT,SHORT,StochasticRSI(FAST_SCALP-SHORT),2,0.2,1.566,1.562,1.562,1.574,2026-07-17 16:50:59 UTC,2026-07-17 16:54:10 UTC,190.11,0.3132,0.0042,0.0,0.0008,0.08,19.16,MIN_PROFIT_TP_HIT,0.126
1166,TRUMP_USDT,LONG,StochasticRSI(FAST_SCALP-LONG),2,0.2,1.559,1.563,1.563,1.551,2026-07-17 17:00:59 UTC,2026-07-17 17:02:25 UTC,85.28,0.3118,0.0042,0.0,0.0008,0.08,19.24,MIN_PROFIT_TP_HIT,0.1268
1167,TRUMP_USDT,SHORT,StochasticRSI(FAST_SCALP-SHORT),2,0.2,1.558,1.566,1.554,1.566,2026-07-17 17:05:59 UTC,2026-07-17 17:09:04 UTC,184.86,0.3116,0.0042,0.0,-0.0016,-0.15,-38.51,STOP_LOSS_HIT,0.1252
1168,TRUMP_USDT,LONG,StochasticRSI(FAST_SCALP-LONG),2,0.2,1.561,1.553,1.565,1.553,2026-07-17 17:17:59 UTC,2026-07-17 17:22:49 UTC,289.41,0.3122,0.0042,0.0,-0.0016,-0.15,-38.44,STOP_LOSS_HIT,0.1236
1169,TRUMP_USDT,LONG,StochasticRSI(FAST_SCALP-LONG),2,0.2,1.556,1.548,1.56,1.548,2026-07-17 17:27:59 UTC,2026-07-17 17:55:08 UTC,1628.04,0.3112,0.0041,0.0,-0.0016,-0.15,-38.56,STOP_LOSS_HIT,0.122
1170,TRUMP_USDT,SHORT,StochasticRSI(FAST_SCALP-SHORT),2,0.2,1.548,1.544,1.544,1.556,2026-07-17 17:56:59 UTC,2026-07-17 18:20:51 UTC,1431.11,0.3096,0.0041,0.0,0.0008,0.08,19.38,MIN_PROFIT_TP_HIT,0.1228
1171,TRUMP_USDT,SHORT,StochasticRSI(FAST_SCALP-SHORT),2,0.2,1.546,1.554,1.542,1.554,2026-07-17 18:32:59 UTC,2026-07-17 18:55:05 UTC,1325.3,0.3092,0.0041,0.0,-0.0016,-0.15,-38.81,STOP_LOSS_HIT,0.1212
1172,TRUMP_USDT,SHORT,StochasticRSI(FAST_SCALP-SHORT),2,0.2,1.551,1.547,1.547,1.559,2026-07-17 18:56:59 UTC,2026-07-17 19:12:05 UTC,905.05,0.3102,0.0041,0.0,0.0008,0.08,19.34,MIN_PROFIT_TP_HIT,0.122
1173,TRUMP_USDT,LONG,StochasticRSI(FAST_SCALP-LONG),2,0.2,1.543,1.547,1.547,1.535,2026-07-17 19:17:59 UTC,2026-07-17 19:28:50 UTC,650.8,0.3086,0.0041,0.0,0.0008,0.08,19.44,MIN_PROFIT_TP_HIT,0.1228
1174,TRUMP_USDT,SHORT,StochasticRSI(FAST_SCALP-SHORT),2,0.2,1.546,1.542,1.542,1.554,2026-07-17 19:31:59 UTC,2026-07-17 20:00:09 UTC,1689.12,0.3092,0.0041,0.0,0.0008,0.08,19.4,MIN_PROFIT_TP_HIT,0.1236
1175,TRUMP_USDT,LONG,StochasticRSI(FAST_SCALP-LONG),2,0.2,1.543,1.547,1.547,1.535,2026-07-17 20:02:59 UTC,2026-07-17 22:50:59 UTC,10079.82,0.3086,0.0041,0.0,0.0008,0.08,19.44,MIN_PROFIT_TP_HIT,0.1244
1176,TRUMP_USDT,LONG,StochasticRSI(FAST_SCALP-LONG),2,0.2,1.545,1.549,1.549,1.537,2026-07-17 23:04:59 UTC,2026-07-17 23:30:53 UTC,1553.01,0.309,0.0041,0.0,0.0008,0.08,19.42,MIN_PROFIT_TP_HIT,0.1252
1177,TRUMP_USDT,SHORT,StochasticRSI(FAST_SCALP-SHORT),2,0.2,1.548,1.556,1.544,1.556,2026-07-17 23:32:59 UTC,2026-07-17 23:46:23 UTC,803.97,0.3096,0.0041,0.0,-0.0016,-0.15,-38.76,STOP_LOSS_HIT,0.1236
1178,TRUMP_USDT,SHORT,StochasticRSI(FAST_SCALP-SHORT),2,0.2,1.552,1.56,1.548,1.56,2026-07-17 23:49:59 UTC,2026-07-18 00:18:34 UTC,1714.22,0.3104,0.0041,0.0,-0.0016,-0.15,-38.66,STOP_LOSS_HIT,0.122
1179,TRUMP_USDT,SHORT,StochasticRSI(FAST_SCALP-SHORT),2,0.2,1.558,1.566,1.554,1.566,2026-07-18 00:20:59 UTC,2026-07-18 01:13:28 UTC,3148.13,0.3116,0.0042,0.0,-0.0016,-0.15,-38.51,STOP_LOSS_HIT,0.1204
1180,TRUMP_USDT,SHORT,StochasticRSI(FAST_SCALP-SHORT),2,0.2,1.565,1.573,1.561,1.573,2026-07-18 01:15:59 UTC,2026-07-18 02:06:19 UTC,3019.51,0.313,0.0042,0.0,-0.0016,-0.15,-38.34,STOP_LOSS_HIT,0.1188
1181,TRUMP_USDT,SHORT,StochasticRSI(FAST_SCALP-SHORT),2,0.2,1.611,1.619,1.607,1.619,2026-07-18 02:37:59 UTC,2026-07-18 02:40:16 UTC,136.58,0.3222,0.0043,0.0,-0.0016,-0.15,-37.24,STOP_LOSS_HIT,0.1172
1182,TRUMP_USDT,LONG,StochasticRSI(FAST_SCALP-LONG),2,0.2,1.62,1.624,1.624,1.612,2026-07-18 02:41:59 UTC,2026-07-18 02:42:08 UTC,8.24,0.324,0.0043,0.0,0.0008,0.08,18.52,MIN_PROFIT_TP_HIT,0.118
1183,TRUMP_USDT,LONG,StochasticRSI(FAST_SCALP-LONG),2,0.2,1.638,1.63,1.642,1.63,2026-07-18 02:48:59 UTC,2026-07-18 02:50:39 UTC,99.07,0.3276,0.0044,0.0,-0.0016,-0.15,-36.63,STOP_LOSS_HIT,0.1164
1184,TRUMP_USDT,LONG,StochasticRSI(FAST_SCALP-LONG),2,0.2,1.638,1.63,1.642,1.63,2026-07-18 02:55:59 UTC,2026-07-18 02:56:35 UTC,35.16,0.3276,0.0044,0.0,-0.0016,-0.15,-36.63,STOP_LOSS_HIT,0.1148
1185,TRUMP_USDT,LONG,StochasticRSI(FAST_SCALP-LONG),2,0.2,1.63,1.622,1.634,1.622,2026-07-18 03:01:59 UTC,2026-07-18 03:03:58 UTC,119.0,0.326,0.0043,0.0,-0.0016,-0.15,-36.81,STOP_LOSS_HIT,0.1132
1186,TRUMP_USDT,SHORT,StochasticRSI(FAST_SCALP-SHORT),2,0.2,1.643,1.651,1.639,1.651,2026-07-18 03:12:59 UTC,2026-07-18 03:13:32 UTC,32.08,0.3286,0.0044,0.0,-0.0016,-0.15,-36.52,STOP_LOSS_HIT,0.1116
1187,TRUMP_USDT,LONG,StochasticRSI(FAST_SCALP-LONG),2,0.2,1.649,1.641,1.653,1.641,2026-07-18 03:18:59 UTC,2026-07-18 03:20:09 UTC,69.48,0.3298,0.0044,0.0,-0.0016,-0.15,-36.39,STOP_LOSS_HIT,0.11
1188,TRUMP_USDT,LONG,StochasticRSI(FAST_SCALP-LONG),2,0.2,1.617,1.609,1.621,1.609,2026-07-18 03:27:59 UTC,2026-07-18 03:29:04 UTC,64.08,0.3234,0.0043,0.0,-0.0016,-0.15,-37.11,STOP_LOSS_HIT,0.1084
1189,TRUMP_USDT,LONG,StochasticRSI(FAST_SCALP-LONG),2,0.2,1.616,1.62,1.62,1.608,2026-07-18 03:32:59 UTC,2026-07-18 03:33:10 UTC,10.45,0.3232,0.0043,0.0,0.0008,0.08,18.56,MIN_PROFIT_TP_HIT,0.1092
1190,TRUMP_USDT,SHORT,StochasticRSI(FAST_SCALP-SHORT),2,0.2,1.62,1.628,1.616,1.628,2026-07-18 03:36:59 UTC,2026-07-18 03:40:39 UTC,219.0,0.324,0.0043,0.0,-0.0016,-0.15,-37.04,STOP_LOSS_HIT,0.1076
1191,TRUMP_USDT,SHORT,StochasticRSI(FAST_SCALP-SHORT),2,0.2,1.623,1.619,1.619,1.631,2026-07-18 03:43:59 UTC,2026-07-18 03:45:38 UTC,98.54,0.3246,0.0043,0.0,0.0008,0.08,18.48,MIN_PROFIT_TP_HIT,0.1084
1192,TRUMP_USDT,SHORT,StochasticRSI(FAST_SCALP-SHORT),2,0.2,1.627,1.635,1.623,1.635,2026-07-18 03:53:59 UTC,2026-07-18 03:56:12 UTC,132.27,0.3254,0.0043,0.0,-0.0016,-0.15,-36.88,STOP_LOSS_HIT,0.1068
1193,TRUMP_USDT,SHORT,StochasticRSI(FAST_SCALP-SHORT),2,0.2,1.64,1.648,1.636,1.648,2026-07-18 04:10:59 UTC,2026-07-18 04:17:10 UTC,370.15,0.328,0.0044,0.0,-0.0016,-0.15,-36.59,STOP_LOSS_HIT,0.1052
1194,TRUMP_USDT,LONG,StochasticRSI(FAST_SCALP-LONG),2,0.2,1.629,1.633,1.633,1.621,2026-07-18 04:22:59 UTC,2026-07-18 04:24:21 UTC,81.84,0.3258,0.0043,0.0,0.0008,0.08,18.42,MIN_PROFIT_TP_HIT,0.106
1195,TRUMP_USDT,SHORT,StochasticRSI(FAST_SCALP-SHORT),2,0.2,1.66,1.656,1.656,1.668,2026-07-18 04:32:59 UTC,2026-07-18 04:35:07 UTC,127.04,0.332,0.0044,0.0,0.0008,0.08,18.07,MIN_PROFIT_TP_HIT,0.1068
1196,TRUMP_USDT,LONG,StochasticRSI(FAST_SCALP-LONG),2,0.2,1.65,1.654,1.654,1.642,2026-07-18 04:40:59 UTC,2026-07-18 04:41:40 UTC,40.5,0.33,0.0044,0.0,0.0008,0.08,18.18,MIN_PROFIT_TP_HIT,0.1076
1197,TRUMP_USDT,SHORT,StochasticRSI(FAST_SCALP-SHORT),2,0.2,1.648,1.644,1.644,1.656,2026-07-18 04:48:59 UTC,2026-07-18 04:50:49 UTC,109.07,0.3296,0.0044,0.0,0.0008,0.08,18.2,MIN_PROFIT_TP_HIT,0.1084
1198,TRUMP_USDT,LONG,StochasticRSI(FAST_SCALP-LONG),2,0.2,1.63,1.634,1.634,1.622,2026-07-18 04:55:59 UTC,2026-07-18 04:56:11 UTC,11.16,0.326,0.0043,0.0,0.0008,0.08,18.4,MIN_PROFIT_TP_HIT,0.1092
1199,TRUMP_USDT,LONG,StochasticRSI(FAST_SCALP-LONG),2,0.2,1.635,1.639,1.639,1.627,2026-07-18 04:57:59 UTC,2026-07-18 04:58:48 UTC,48.38,0.327,0.0044,0.0,0.0008,0.08,18.35,MIN_PROFIT_TP_HIT,0.11
1200,TRUMP_USDT,SHORT,StochasticRSI(FAST_SCALP-SHORT),2,0.2,1.639,1.647,1.635,1.647,2026-07-18 05:02:59 UTC,2026-07-18 05:03:54 UTC,54.71,0.3278,0.0044,0.0,-0.0016,-0.15,-36.61,STOP_LOSS_HIT,0.1084
1201,TRUMP_USDT,SHORT,StochasticRSI(FAST_SCALP-SHORT),2,0.2,1.65,1.658,1.646,1.658,2026-07-18 05:06:59 UTC,2026-07-18 05:08:52 UTC,112.39,0.33,0.0044,0.0,-0.0016,-0.15,-36.36,STOP_LOSS_HIT,0.1068
1202,TRUMP_USDT,SHORT,StochasticRSI(FAST_SCALP-SHORT),2,0.2,1.652,1.648,1.648,1.66,2026-07-18 05:10:59 UTC,2026-07-18 05:11:23 UTC,23.22,0.3304,0.0044,0.0,0.0008,0.08,18.16,MIN_PROFIT_TP_HIT,0.1076
1203,TRUMP_USDT,LONG,StochasticRSI(FAST_SCALP-LONG),2,0.2,1.635,1.639,1.639,1.627,2026-07-18 05:17:59 UTC,2026-07-18 05:18:24 UTC,24.52,0.327,0.0044,0.0,0.0008,0.08,18.35,MIN_PROFIT_TP_HIT,0.1084
1204,TRUMP_USDT,SHORT,StochasticRSI(FAST_SCALP-SHORT),2,0.2,1.634,1.63,1.63,1.642,2026-07-18 05:25:59 UTC,2026-07-18 05:26:37 UTC,37.21,0.3268,0.0044,0.0,0.0008,0.08,18.36,MIN_PROFIT_TP_HIT,0.1092
1205,TRUMP_USDT,LONG,StochasticRSI(FAST_SCALP-LONG),2,0.2,1.629,1.633,1.633,1.621,2026-07-18 05:29:59 UTC,2026-07-18 05:30:34 UTC,34.61,0.3258,0.0043,0.0,0.0008,0.08,18.42,MIN_PROFIT_TP_HIT,0.11
1206,TRUMP_USDT,SHORT,StochasticRSI(FAST_SCALP-SHORT),2,0.2,1.627,1.623,1.623,1.635,2026-07-18 05:35:59 UTC,2026-07-18 05:36:38 UTC,38.51,0.3254,0.0043,0.0,0.0008,0.08,18.44,MIN_PROFIT_TP_HIT,0.1108
1207,TRUMP_USDT,LONG,StochasticRSI(FAST_SCALP-LONG),2,0.2,1.622,1.614,1.626,1.614,2026-07-18 05:40:59 UTC,2026-07-18 05:43:14 UTC,134.71,0.3244,0.0043,0.0,-0.0016,-0.15,-36.99,STOP_LOSS_HIT,0.1092
1208,TRUMP_USDT,SHORT,StochasticRSI(FAST_SCALP-SHORT),2,0.2,1.624,1.62,1.62,1.632,2026-07-18 05:50:59 UTC,2026-07-18 05:52:11 UTC,71.4,0.3248,0.0043,0.0,0.0008,0.08,18.47,MIN_PROFIT_TP_HIT,0.11
1209,TRUMP_USDT,SHORT,StochasticRSI(FAST_SCALP-SHORT),2,0.2,1.63,1.638,1.626,1.638,2026-07-18 06:05:59 UTC,2026-07-18 06:21:05 UTC,905.79,0.326,0.0043,0.0,-0.0016,-0.15,-36.81,STOP_LOSS_HIT,0.1084
1210,TRUMP_USDT,SHORT,StochasticRSI(FAST_SCALP-SHORT),2,0.2,1.637,1.633,1.633,1.645,2026-07-18 06:23:59 UTC,2026-07-18 06:24:41 UTC,41.07,0.3274,0.0044,0.0,0.0008,0.08,18.33,MIN_PROFIT_TP_HIT,0.1092
1211,TRUMP_USDT,LONG,StochasticRSI(FAST_SCALP-LONG),2,0.2,1.625,1.617,1.629,1.617,2026-07-18 06:29:59 UTC,2026-07-18 06:34:17 UTC,257.09,0.325,0.0043,0.0,-0.0016,-0.15,-36.92,STOP_LOSS_HIT,0.1076
1212,TRUMP_USDT,LONG,StochasticRSI(FAST_SCALP-LONG),2,0.2,1.617,1.621,1.621,1.609,2026-07-18 06:36:59 UTC,2026-07-18 06:37:25 UTC,25.24,0.3234,0.0043,0.0,0.0008,0.08,18.55,MIN_PROFIT_TP_HIT,0.1084
1213,TRUMP_USDT,SHORT,StochasticRSI(FAST_SCALP-SHORT),2,0.2,1.63,1.626,1.626,1.638,2026-07-18 06:42:59 UTC,2026-07-18 06:45:18 UTC,138.55,0.326,0.0043,0.0,0.0008,0.08,18.4,MIN_PROFIT_TP_HIT,0.1092
1214,TRUMP_USDT,LONG,StochasticRSI(FAST_SCALP-LONG),2,0.2,1.625,1.617,1.629,1.617,2026-07-18 06:50:59 UTC,2026-07-18 07:05:45 UTC,885.61,0.325,0.0043,0.0,-0.0016,-0.15,-36.92,STOP_LOSS_HIT,0.1076
1215,TRUMP_USDT,LONG,StochasticRSI(FAST_SCALP-LONG),2,0.2,1.616,1.62,1.62,1.608,2026-07-18 07:09:59 UTC,2026-07-18 07:16:18 UTC,378.37,0.3232,0.0043,0.0,0.0008,0.08,18.56,MIN_PROFIT_TP_HIT,0.1084
1216,TRUMP_USDT,SHORT,StochasticRSI(FAST_SCALP-SHORT),2,0.2,1.622,1.63,1.618,1.63,2026-07-18 07:18:59 UTC,2026-07-18 07:39:38 UTC,1238.34,0.3244,0.0043,0.0,-0.0016,-0.15,-36.99,STOP_LOSS_HIT,0.1068
1217,TRUMP_USDT,SHORT,StochasticRSI(FAST_SCALP-SHORT),2,0.2,1.628,1.636,1.624,1.636,2026-07-18 07:41:59 UTC,2026-07-18 08:00:10 UTC,1090.2,0.3256,0.0043,0.0,-0.0016,-0.15,-36.86,STOP_LOSS_HIT,0.1052
1218,TRUMP_USDT,SHORT,StochasticRSI(FAST_SCALP-SHORT),2,0.2,1.648,1.656,1.644,1.656,2026-07-18 08:06:59 UTC,2026-07-18 08:08:18 UTC,78.52,0.3296,0.0044,0.0,-0.0016,-0.15,-36.41,STOP_LOSS_HIT,0.1036
1219,TRUMP_USDT,SHORT,StochasticRSI(FAST_SCALP-SHORT),2,0.2,1.653,1.649,1.649,1.661,2026-07-18 08:13:59 UTC,2026-07-18 08:14:01 UTC,1.44,0.3306,0.0044,0.0,0.0008,0.08,18.15,MIN_PROFIT_TP_HIT,0.1044
1220,TRUMP_USDT,LONG,StochasticRSI(FAST_SCALP-LONG),2,0.2,1.638,1.642,1.642,1.63,2026-07-18 08:22:59 UTC,2026-07-18 08:23:13 UTC,13.48,0.3276,0.0044,0.0,0.0008,0.08,18.32,MIN_PROFIT_TP_HIT,0.1052
1221,TRUMP_USDT,SHORT,StochasticRSI(FAST_SCALP-SHORT),2,0.2,1.64,1.636,1.636,1.648,2026-07-18 08:28:59 UTC,2026-07-18 08:29:49 UTC,49.68,0.328,0.0044,0.0,0.0008,0.08,18.29,MIN_PROFIT_TP_HIT,0.106
1222,TRUMP_USDT,LONG,StochasticRSI(FAST_SCALP-LONG),2,0.2,1.63,1.634,1.634,1.622,2026-07-18 08:48:59 UTC,2026-07-18 09:00:25 UTC,685.19,0.326,0.0043,0.0,0.0008,0.08,18.4,MIN_PROFIT_TP_HIT,0.1068
1223,TRUMP_USDT,SHORT,StochasticRSI(FAST_SCALP-SHORT),2,0.2,1.64,1.636,1.636,1.648,2026-07-18 09:04:59 UTC,2026-07-18 09:05:24 UTC,24.58,0.328,0.0044,0.0,0.0008,0.08,18.29,MIN_PROFIT_TP_HIT,0.1076
1224,TRUMP_USDT,SHORT,StochasticRSI(FAST_SCALP-SHORT),2,0.2,1.636,1.632,1.632,1.644,2026-07-18 09:06:59 UTC,2026-07-18 09:08:28 UTC,88.5,0.3272,0.0044,0.0,0.0008,0.08,18.34,MIN_PROFIT_TP_HIT,0.1084
1225,TRUMP_USDT,LONG,StochasticRSI(FAST_SCALP-LONG),2,0.2,1.645,1.637,1.649,1.637,2026-07-18 09:12:59 UTC,2026-07-18 09:17:27 UTC,267.19,0.329,0.0044,0.0,-0.0016,-0.15,-36.47,STOP_LOSS_HIT,0.1068
1226,TRUMP_USDT,SHORT,StochasticRSI(FAST_SCALP-SHORT),2,0.2,1.639,1.635,1.635,1.647,2026-07-18 09:18:59 UTC,2026-07-18 09:19:37 UTC,37.99,0.3278,0.0044,0.0,0.0008,0.08,18.3,MIN_PROFIT_TP_HIT,0.1076
1227,TRUMP_USDT,LONG,StochasticRSI(FAST_SCALP-LONG),2,0.2,1.641,1.645,1.645,1.633,2026-07-18 09:24:59 UTC,2026-07-18 09:25:13 UTC,13.6,0.3282,0.0044,0.0,0.0008,0.08,18.28,MIN_PROFIT_TP_HIT,0.1084
1228,TRUMP_USDT,SHORT,StochasticRSI(FAST_SCALP-SHORT),2,0.2,1.647,1.643,1.643,1.655,2026-07-18 09:29:59 UTC,2026-07-18 09:30:48 UTC,48.28,0.3294,0.0044,0.0,0.0008,0.08,18.21,MIN_PROFIT_TP_HIT,0.1092
1229,TRUMP_USDT,LONG,StochasticRSI(FAST_SCALP-LONG),2,0.2,1.656,1.66,1.66,1.648,2026-07-18 09:36:59 UTC,2026-07-18 09:37:05 UTC,5.68,0.3312,0.0044,0.0,0.0008,0.08,18.12,MIN_PROFIT_TP_HIT,0.11
1230,TRUMP_USDT,SHORT,StochasticRSI(FAST_SCALP-SHORT),2,0.2,1.658,1.654,1.654,1.666,2026-07-18 09:40:59 UTC,2026-07-18 09:42:15 UTC,75.14,0.3316,0.0044,0.0,0.0008,0.08,18.09,MIN_PROFIT_TP_HIT,0.1108
1231,TRUMP_USDT,SHORT,StochasticRSI(FAST_SCALP-SHORT),2,0.2,1.652,1.648,1.648,1.66,2026-07-18 09:43:59 UTC,2026-07-18 09:44:15 UTC,15.96,0.3304,0.0044,0.0,0.0008,0.08,18.16,MIN_PROFIT_TP_HIT,0.1116
1232,TRUMP_USDT,LONG,StochasticRSI(FAST_SCALP-LONG),2,0.2,1.659,1.651,1.663,1.651,2026-07-18 09:48:59 UTC,2026-07-18 09:52:25 UTC,205.47,0.3318,0.0044,0.0,-0.0016,-0.15,-36.17,STOP_LOSS_HIT,0.11
1233,TRUMP_USDT,LONG,StochasticRSI(FAST_SCALP-LONG),2,0.2,1.651,1.655,1.655,1.643,2026-07-18 09:54:59 UTC,2026-07-18 09:56:04 UTC,64.88,0.3302,0.0044,0.0,0.0008,0.08,18.17,MIN_PROFIT_TP_HIT,0.1108
1234,TRUMP_USDT,SHORT,StochasticRSI(FAST_SCALP-SHORT),2,0.2,1.679,1.687,1.675,1.687,2026-07-18 10:04:59 UTC,2026-07-18 10:05:25 UTC,25.53,0.3358,0.0045,0.0,-0.0016,-0.15,-35.74,STOP_LOSS_HIT,0.1092
1235,TRUMP_USDT,LONG,StochasticRSI(FAST_SCALP-LONG),2,0.2,1.695,1.699,1.699,1.687,2026-07-18 10:14:59 UTC,2026-07-18 10:15:26 UTC,26.48,0.339,0.0045,0.0,0.0008,0.08,17.7,MIN_PROFIT_TP_HIT,0.11
1236,TRUMP_USDT,LONG,StochasticRSI(FAST_SCALP-LONG),2,0.2,1.689,1.681,1.693,1.681,2026-07-18 10:21:59 UTC,2026-07-18 10:23:09 UTC,69.15,0.3378,0.0045,0.0,-0.0016,-0.15,-35.52,STOP_LOSS_HIT,0.1084
1237,TRUMP_USDT,LONG,StochasticRSI(FAST_SCALP-LONG),2,0.2,1.683,1.687,1.687,1.675,2026-07-18 10:25:59 UTC,2026-07-18 10:27:31 UTC,91.35,0.3366,0.0045,0.0,0.0008,0.08,17.83,MIN_PROFIT_TP_HIT,0.1092
1238,TRUMP_USDT,SHORT,StochasticRSI(FAST_SCALP-SHORT),2,0.2,1.683,1.691,1.679,1.691,2026-07-18 10:35:59 UTC,2026-07-18 10:42:46 UTC,406.71,0.3366,0.0045,0.0,-0.0016,-0.15,-35.65,STOP_LOSS_HIT,0.1076
1239,TRUMP_USDT,SHORT,StochasticRSI(FAST_SCALP-SHORT),2,0.2,1.696,1.692,1.692,1.704,2026-07-18 10:46:59 UTC,2026-07-18 10:47:34 UTC,34.34,0.3392,0.0045,0.0,0.0008,0.08,17.69,MIN_PROFIT_TP_HIT,0.1084
1240,TRUMP_USDT,LONG,StochasticRSI(FAST_SCALP-LONG),2,0.2,1.688,1.68,1.692,1.68,2026-07-18 10:52:59 UTC,2026-07-18 10:53:55 UTC,55.02,0.3376,0.0045,0.0,-0.0016,-0.15,-35.55,STOP_LOSS_HIT,0.1068
1241,TRUMP_USDT,LONG,StochasticRSI(FAST_SCALP-LONG),2,0.2,1.682,1.686,1.686,1.674,2026-07-18 10:55:59 UTC,2026-07-18 10:59:36 UTC,216.85,0.3364,0.0045,0.0,0.0008,0.08,17.84,MIN_PROFIT_TP_HIT,0.1076
1242,TRUMP_USDT,SHORT,StochasticRSI(FAST_SCALP-SHORT),2,0.2,1.688,1.696,1.684,1.696,2026-07-18 11:05:59 UTC,2026-07-18 11:06:43 UTC,43.04,0.3376,0.0045,0.0,-0.0016,-0.15,-35.55,STOP_LOSS_HIT,0.106
1243,TRUMP_USDT,LONG,StochasticRSI(FAST_SCALP-LONG),2,0.2,1.689,1.681,1.693,1.681,2026-07-18 11:13:59 UTC,2026-07-18 11:16:40 UTC,160.66,0.3378,0.0045,0.0,-0.0016,-0.15,-35.52,STOP_LOSS_HIT,0.1044
1244,TRUMP_USDT,LONG,StochasticRSI(FAST_SCALP-LONG),2,0.2,1.682,1.686,1.686,1.674,2026-07-18 11:21:59 UTC,2026-07-18 11:23:58 UTC,118.14,0.3364,0.0045,0.0,0.0008,0.08,17.84,MIN_PROFIT_TP_HIT,0.1052
1245,TRUMP_USDT,SHORT,StochasticRSI(FAST_SCALP-SHORT),2,0.2,1.696,1.692,1.692,1.704,2026-07-18 11:33:59 UTC,2026-07-18 11:34:27 UTC,27.78,0.3392,0.0045,0.0,0.0008,0.08,17.69,MIN_PROFIT_TP_HIT,0.106
1246,TRUMP_USDT,LONG,StochasticRSI(FAST_SCALP-LONG),2,0.2,1.692,1.684,1.696,1.684,2026-07-18 11:38:59 UTC,2026-07-18 11:44:54 UTC,354.61,0.3384,0.0045,0.0,-0.0016,-0.15,-35.46,STOP_LOSS_HIT,0.1044
1247,TRUMP_USDT,LONG,StochasticRSI(FAST_SCALP-LONG),2,0.2,1.698,1.69,1.702,1.69,2026-07-18 11:46:59 UTC,2026-07-18 11:49:47 UTC,167.06,0.3396,0.0045,0.0,-0.0016,-0.15,-35.34,STOP_LOSS_HIT,0.1028
1248,TRUMP_USDT,SHORT,StochasticRSI(FAST_SCALP-SHORT),2,0.2,1.693,1.701,1.689,1.701,2026-07-18 11:50:59 UTC,2026-07-18 11:55:00 UTC,240.49,0.3386,0.0045,0.0,-0.0016,-0.15,-35.44,STOP_LOSS_HIT,0.1012
1249,TRUMP_USDT,LONG,StochasticRSI(FAST_SCALP-LONG),2,0.2,1.696,1.688,1.7,1.688,2026-07-18 12:01:59 UTC,2026-07-18 12:07:37 UTC,337.55,0.3392,0.0045,0.0,-0.0016,-0.15,-35.38,STOP_LOSS_HIT,0.0996
1250,TRUMP_USDT,SHORT,StochasticRSI(FAST_SCALP-SHORT),2,0.2,1.686,1.682,1.682,1.694,2026-07-18 12:08:59 UTC,2026-07-18 12:09:43 UTC,43.05,0.3372,0.0045,0.0,0.0008,0.08,17.79,MIN_PROFIT_TP_HIT,0.1004
1251,TRUMP_USDT,LONG,StochasticRSI(FAST_SCALP-LONG),2,0.2,1.697,1.701,1.701,1.689,2026-07-18 12:12:59 UTC,2026-07-18 12:15:08 UTC,128.05,0.3394,0.0045,0.0,0.0008,0.08,17.68,MIN_PROFIT_TP_HIT,0.1012
1252,TRUMP_USDT,SHORT,StochasticRSI(FAST_SCALP-SHORT),2,0.2,1.694,1.69,1.69,1.702,2026-07-18 12:18:59 UTC,2026-07-18 12:20:03 UTC,63.03,0.3388,0.0045,0.0,0.0008,0.08,17.71,MIN_PROFIT_TP_HIT,0.102
1253,TRUMP_USDT,LONG,StochasticRSI(FAST_SCALP-LONG),2,0.2,1.684,1.676,1.688,1.676,2026-07-18 12:25:59 UTC,2026-07-18 12:29:13 UTC,193.21,0.3368,0.0045,0.0,-0.0016,-0.15,-35.63,STOP_LOSS_HIT,0.1004
1254,TRUMP_USDT,LONG,StochasticRSI(FAST_SCALP-LONG),2,0.2,1.683,1.675,1.687,1.675,2026-07-18 12:31:59 UTC,2026-07-18 12:32:54 UTC,54.33,0.3366,0.0045,0.0,-0.0016,-0.15,-35.65,STOP_LOSS_HIT,0.0988
1255,TRUMP_USDT,SHORT,StochasticRSI(FAST_SCALP-SHORT),2,0.2,1.687,1.683,1.683,1.695,2026-07-18 12:38:59 UTC,2026-07-18 12:40:04 UTC,64.31,0.3374,0.0045,0.0,0.0008,0.08,17.78,MIN_PROFIT_TP_HIT,0.0996
1256,TRUMP_USDT,LONG,StochasticRSI(FAST_SCALP-LONG),2,0.2,1.682,1.686,1.686,1.674,2026-07-18 12:51:59 UTC,2026-07-18 12:52:30 UTC,30.89,0.3364,0.0045,0.0,0.0008,0.08,17.84,MIN_PROFIT_TP_HIT,0.1004
1257,TRUMP_USDT,LONG,StochasticRSI(FAST_SCALP-LONG),2,0.2,1.68,1.684,1.684,1.672,2026-07-18 13:02:59 UTC,2026-07-18 13:03:40 UTC,40.95,0.336,0.0045,0.0,0.0008,0.08,17.86,MIN_PROFIT_TP_HIT,0.1012
1258,TRUMP_USDT,SHORT,StochasticRSI(FAST_SCALP-SHORT),2,0.2,1.682,1.678,1.678,1.69,2026-07-18 13:07:59 UTC,2026-07-18 13:13:25 UTC,325.28,0.3364,0.0045,0.0,0.0008,0.08,17.84,MIN_PROFIT_TP_HIT,0.102
1259,TRUMP_USDT,LONG,StochasticRSI(FAST_SCALP-LONG),2,0.2,1.672,1.664,1.676,1.664,2026-07-18 13:17:59 UTC,2026-07-18 13:20:42 UTC,162.12,0.3344,0.0045,0.0,-0.0016,-0.15,-35.89,STOP_LOSS_HIT,0.1004
1260,TRUMP_USDT,LONG,StochasticRSI(FAST_SCALP-LONG),2,0.2,1.664,1.656,1.668,1.656,2026-07-18 13:22:59 UTC,2026-07-18 13:27:22 UTC,262.17,0.3328,0.0044,0.0,-0.0016,-0.15,-36.06,STOP_LOSS_HIT,0.0988
1261,TRUMP_USDT,LONG,StochasticRSI(FAST_SCALP-LONG),2,0.2,1.654,1.646,1.658,1.646,2026-07-18 13:30:59 UTC,2026-07-18 13:32:38 UTC,98.68,0.3308,0.0044,0.0,-0.0016,-0.15,-36.28,STOP_LOSS_HIT,0.0972
1262,TRUMP_USDT,SHORT,StochasticRSI(FAST_SCALP-SHORT),2,0.2,1.646,1.642,1.642,1.654,2026-07-18 13:36:59 UTC,2026-07-18 13:37:15 UTC,15.7,0.3292,0.0044,0.0,0.0008,0.08,18.23,MIN_PROFIT_TP_HIT,0.098
1263,TRUMP_USDT,SHORT,StochasticRSI(FAST_SCALP-SHORT),2,0.2,1.643,1.651,1.639,1.651,2026-07-18 13:45:59 UTC,2026-07-18 13:47:27 UTC,87.05,0.3286,0.0044,0.0,-0.0016,-0.15,-36.52,STOP_LOSS_HIT,0.0964
1264,TRUMP_USDT,SHORT,StochasticRSI(FAST_SCALP-SHORT),2,0.2,1.648,1.644,1.644,1.656,2026-07-18 13:49:59 UTC,2026-07-18 13:51:26 UTC,86.79,0.3296,0.0044,0.0,0.0008,0.08,18.2,MIN_PROFIT_TP_HIT,0.0972
1265,TRUMP_USDT,SHORT,StochasticRSI(FAST_SCALP-SHORT),2,0.2,1.652,1.648,1.648,1.66,2026-07-18 14:01:59 UTC,2026-07-18 14:02:16 UTC,16.31,0.3304,0.0044,0.0,0.0008,0.08,18.16,MIN_PROFIT_TP_HIT,0.098
1266,TRUMP_USDT,LONG,StochasticRSI(FAST_SCALP-LONG),2,0.2,1.647,1.651,1.651,1.639,2026-07-18 14:08:59 UTC,2026-07-18 14:11:24 UTC,144.13,0.3294,0.0044,0.0,0.0008,0.08,18.21,MIN_PROFIT_TP_HIT,0.0988
1267,TRUMP_USDT,SHORT,StochasticRSI(FAST_SCALP-SHORT),2,0.2,1.654,1.65,1.65,1.662,2026-07-18 14:15:59 UTC,2026-07-18 14:19:57 UTC,237.07,0.3308,0.0044,0.0,0.0008,0.08,18.14,MIN_PROFIT_TP_HIT,0.0996
1268,TRUMP_USDT,SHORT,StochasticRSI(FAST_SCALP-SHORT),2,0.2,1.653,1.649,1.649,1.661,2026-07-18 14:20:59 UTC,2026-07-18 14:24:55 UTC,235.87,0.3306,0.0044,0.0,0.0008,0.08,18.15,MIN_PROFIT_TP_HIT,0.1004
1269,TRUMP_USDT,LONG,StochasticRSI(FAST_SCALP-LONG),2,0.2,1.646,1.638,1.65,1.638,2026-07-18 14:29:59 UTC,2026-07-18 14:35:37 UTC,337.16,0.3292,0.0044,0.0,-0.0016,-0.15,-36.45,STOP_LOSS_HIT,0.0988
1270,TRUMP_USDT,SHORT,StochasticRSI(FAST_SCALP-SHORT),2,0.2,1.639,1.647,1.635,1.647,2026-07-18 14:43:59 UTC,2026-07-18 14:50:28 UTC,388.34,0.3278,0.0044,0.0,-0.0016,-0.15,-36.61,STOP_LOSS_HIT,0.0972
1271,TRUMP_USDT,SHORT,StochasticRSI(FAST_SCALP-SHORT),2,0.2,1.647,1.643,1.643,1.655,2026-07-18 14:53:59 UTC,2026-07-18 14:58:04 UTC,244.69,0.3294,0.0044,0.0,0.0008,0.08,18.21,MIN_PROFIT_TP_HIT,0.098
1272,TRUMP_USDT,LONG,StochasticRSI(FAST_SCALP-LONG),2,0.2,1.646,1.65,1.65,1.638,2026-07-18 15:01:59 UTC,2026-07-18 15:16:13 UTC,853.12,0.3292,0.0044,0.0,0.0008,0.08,18.23,MIN_PROFIT_TP_HIT,0.0988
1273,TRUMP_USDT,SHORT,StochasticRSI(FAST_SCALP-SHORT),2,0.2,1.651,1.659,1.647,1.659,2026-07-18 15:20:59 UTC,2026-07-18 15:21:14 UTC,14.31,0.3302,0.0044,0.0,-0.0016,-0.15,-36.34,STOP_LOSS_HIT,0.0972
1274,TRUMP_USDT,LONG,StochasticRSI(FAST_SCALP-LONG),2,0.2,1.661,1.653,1.665,1.653,2026-07-18 15:38:59 UTC,2026-07-18 15:44:24 UTC,324.58,0.3322,0.0044,0.0,-0.0016,-0.15,-36.12,STOP_LOSS_HIT,0.0956
1275,TRUMP_USDT,LONG,StochasticRSI(FAST_SCALP-LONG),2,0.2,1.659,1.651,1.663,1.651,2026-07-18 15:47:59 UTC,2026-07-18 15:52:35 UTC,275.59,0.3318,0.0044,0.0,-0.0016,-0.15,-36.17,STOP_LOSS_HIT,0.094
1276,TRUMP_USDT,LONG,StochasticRSI(FAST_SCALP-LONG),2,0.2,1.648,1.64,1.652,1.64,2026-07-18 16:01:59 UTC,2026-07-18 16:03:23 UTC,83.54,0.3296,0.0044,0.0,-0.0016,-0.15,-36.41,STOP_LOSS_HIT,0.0924
1277,TRUMP_USDT,LONG,StochasticRSI(FAST_SCALP-LONG),2,0.2,1.646,1.638,1.65,1.638,2026-07-18 16:07:59 UTC,2026-07-18 16:15:05 UTC,425.21,0.3292,0.0044,0.0,-0.0016,-0.15,-36.45,STOP_LOSS_HIT,0.0908
1278,TRUMP_USDT,LONG,StochasticRSI(FAST_SCALP-LONG),2,0.2,1.637,1.629,1.641,1.629,2026-07-18 16:18:59 UTC,2026-07-18 16:20:28 UTC,88.29,0.3274,0.0044,0.0,-0.0016,-0.15,-36.65,STOP_LOSS_HIT,0.0892
1279,TRUMP_USDT,SHORT,StochasticRSI(FAST_SCALP-SHORT),2,0.2,1.633,1.629,1.629,1.641,2026-07-18 16:37:59 UTC,2026-07-18 16:40:35 UTC,155.35,0.3266,0.0044,0.0,0.0008,0.08,18.37,MIN_PROFIT_TP_HIT,0.09
1280,TRUMP_USDT,LONG,StochasticRSI(FAST_SCALP-LONG),2,0.2,1.631,1.623,1.635,1.623,2026-07-18 16:46:59 UTC,2026-07-18 16:59:21 UTC,741.91,0.3262,0.0043,0.0,-0.0016,-0.15,-36.79,STOP_LOSS_HIT,0.0884
1281,TRUMP_USDT,LONG,StochasticRSI(FAST_SCALP-LONG),2,0.2,1.625,1.629,1.629,1.617,2026-07-18 17:01:59 UTC,2026-07-18 17:29:42 UTC,1662.2,0.325,0.0043,0.0,0.0008,0.08,18.46,MIN_PROFIT_TP_HIT,0.0892
1282,TRUMP_USDT,SHORT,StochasticRSI(FAST_SCALP-SHORT),2,0.2,1.628,1.624,1.624,1.636,2026-07-18 17:35:59 UTC,2026-07-18 17:49:36 UTC,816.38,0.3256,0.0043,0.0,0.0008,0.08,18.43,MIN_PROFIT_TP_HIT,0.09
1283,TRUMP_USDT,LONG,StochasticRSI(FAST_SCALP-LONG),2,0.2,1.626,1.63,1.63,1.618,2026-07-18 17:50:59 UTC,2026-07-18 18:25:01 UTC,2041.58,0.3252,0.0043,0.0,0.0008,0.08,18.45,MIN_PROFIT_TP_HIT,0.0908
1284,TRUMP_USDT,LONG,StochasticRSI(FAST_SCALP-LONG),2,0.2,1.622,1.626,1.626,1.614,2026-07-18 18:35:59 UTC,2026-07-18 18:58:16 UTC,1336.27,0.3244,0.0043,0.0,0.0008,0.08,18.5,MIN_PROFIT_TP_HIT,0.0916
1285,TRUMP_USDT,SHORT,StochasticRSI(FAST_SCALP-SHORT),2,0.2,1.625,1.621,1.621,1.633,2026-07-18 18:59:59 UTC,2026-07-18 19:06:46 UTC,406.91,0.325,0.0043,0.0,0.0008,0.08,18.46,MIN_PROFIT_TP_HIT,0.0924
1286,TRUMP_USDT,LONG,StochasticRSI(FAST_SCALP-LONG),2,0.2,1.62,1.624,1.624,1.612,2026-07-18 19:10:59 UTC,2026-07-18 19:19:18 UTC,498.25,0.324,0.0043,0.0,0.0008,0.08,18.52,MIN_PROFIT_TP_HIT,0.0932
1287,TRUMP_USDT,SHORT,StochasticRSI(FAST_SCALP-SHORT),2,0.2,1.622,1.63,1.618,1.63,2026-07-18 19:22:59 UTC,2026-07-18 19:24:38 UTC,98.5,0.3244,0.0043,0.0,-0.0016,-0.15,-36.99,STOP_LOSS_HIT,0.0916
1288,TRUMP_USDT,SHORT,StochasticRSI(FAST_SCALP-SHORT),2,0.2,1.621,1.617,1.617,1.629,2026-07-18 19:27:59 UTC,2026-07-18 19:55:44 UTC,1664.85,0.3242,0.0043,0.0,0.0008,0.08,18.51,MIN_PROFIT_TP_HIT,0.0924
1289,TRUMP_USDT,LONG,StochasticRSI(FAST_SCALP-LONG),2,0.2,1.619,1.611,1.623,1.611,2026-07-18 19:58:59 UTC,2026-07-18 20:29:38 UTC,1838.64,0.3238,0.0043,0.0,-0.0016,-0.15,-37.06,STOP_LOSS_HIT,0.0908
1290,TRUMP_USDT,LONG,StochasticRSI(FAST_SCALP-LONG),2,0.2,1.614,1.606,1.618,1.606,2026-07-18 20:32:59 UTC,2026-07-18 20:39:17 UTC,377.16,0.3228,0.0043,0.0,-0.0016,-0.15,-37.17,STOP_LOSS_HIT,0.0892
1291,TRUMP_USDT,SHORT,StochasticRSI(FAST_SCALP-SHORT),2,0.2,1.614,1.622,1.61,1.622,2026-07-18 20:49:59 UTC,2026-07-18 21:14:59 UTC,1499.8,0.3228,0.0043,0.0,-0.0016,-0.15,-37.17,STOP_LOSS_HIT,0.0876
1292,TRUMP_USDT,SHORT,StochasticRSI(FAST_SCALP-SHORT),2,0.2,1.623,1.619,1.619,1.631,2026-07-18 21:21:59 UTC,2026-07-18 21:31:16 UTC,556.56,0.3246,0.0043,0.0,0.0008,0.08,18.48,MIN_PROFIT_TP_HIT,0.0884
1293,TRUMP_USDT,LONG,StochasticRSI(FAST_SCALP-LONG),2,0.2,1.617,1.621,1.621,1.609,2026-07-18 21:36:59 UTC,2026-07-18 21:58:30 UTC,1290.96,0.3234,0.0043,0.0,0.0008,0.08,18.55,MIN_PROFIT_TP_HIT,0.0892
1294,TRUMP_USDT,SHORT,StochasticRSI(FAST_SCALP-SHORT),2,0.2,1.618,1.626,1.614,1.626,2026-07-18 22:01:59 UTC,2026-07-18 22:07:01 UTC,301.74,0.3236,0.0043,0.0,-0.0016,-0.15,-37.08,STOP_LOSS_HIT,0.0876
1295,TRUMP_USDT,LONG,StochasticRSI(FAST_SCALP-LONG),2,0.2,1.625,1.629,1.629,1.617,2026-07-18 22:12:59 UTC,2026-07-18 22:20:18 UTC,438.6,0.325,0.0043,0.0,0.0008,0.08,18.46,MIN_PROFIT_TP_HIT,0.0884
1296,TRUMP_USDT,LONG,StochasticRSI(FAST_SCALP-LONG),2,0.2,1.62,1.624,1.624,1.612,2026-07-18 22:25:59 UTC,2026-07-18 22:31:45 UTC,345.01,0.324,0.0043,0.0,0.0008,0.08,18.52,MIN_PROFIT_TP_HIT,0.0892
1297,TRUMP_USDT,SHORT,StochasticRSI(FAST_SCALP-SHORT),2,0.2,1.621,1.617,1.617,1.629,2026-07-18 22:33:59 UTC,2026-07-18 23:11:26 UTC,2246.22,0.3242,0.0043,0.0,0.0008,0.08,18.51,MIN_PROFIT_TP_HIT,0.09
1298,TRUMP_USDT,LONG,StochasticRSI(FAST_SCALP-LONG),2,0.2,1.616,1.62,1.62,1.608,2026-07-18 23:15:59 UTC,2026-07-18 23:19:18 UTC,198.63,0.3232,0.0043,0.0,0.0008,0.08,18.56,MIN_PROFIT_TP_HIT,0.0908
1299,TRUMP_USDT,SHORT,StochasticRSI(FAST_SCALP-SHORT),2,0.2,1.621,1.629,1.617,1.629,2026-07-18 23:22:59 UTC,2026-07-18 23:38:06 UTC,906.64,0.3242,0.0043,0.0,-0.0016,-0.15,-37.01,STOP_LOSS_HIT,0.0892
1300,TRUMP_USDT,SHORT,StochasticRSI(FAST_SCALP-SHORT),2,0.2,1.626,1.622,1.622,1.634,2026-07-18 23:39:59 UTC,2026-07-18 23:51:32 UTC,692.25,0.3252,0.0043,0.0,0.0008,0.08,18.45,MIN_PROFIT_TP_HIT,0.09
1301,TRUMP_USDT,LONG,StochasticRSI(FAST_SCALP-LONG),2,0.2,1.621,1.625,1.625,1.613,2026-07-18 23:54:59 UTC,2026-07-18 23:58:11 UTC,191.22,0.3242,0.0043,0.0,0.0008,0.08,18.51,MIN_PROFIT_TP_HIT,0.0908
1302,TRUMP_USDT,SHORT,StochasticRSI(FAST_SCALP-SHORT),2,0.2,1.624,1.62,1.62,1.632,2026-07-19 00:01:59 UTC,2026-07-19 00:03:39 UTC,99.4,0.3248,0.0043,0.0,0.0008,0.08,18.47,MIN_PROFIT_TP_HIT,0.0916
1303,TRUMP_USDT,LONG,StochasticRSI(FAST_SCALP-LONG),2,0.2,1.619,1.623,1.623,1.611,2026-07-19 00:10:59 UTC,2026-07-19 00:24:36 UTC,816.37,0.3238,0.0043,0.0,0.0008,0.08,18.53,MIN_PROFIT_TP_HIT,0.0924
1304,TRUMP_USDT,SHORT,StochasticRSI(FAST_SCALP-SHORT),2,0.2,1.634,1.642,1.63,1.642,2026-07-19 00:28:59 UTC,2026-07-19 00:31:00 UTC,120.56,0.3268,0.0044,0.0,-0.0016,-0.15,-36.72,STOP_LOSS_HIT,0.0908
1305,TRUMP_USDT,LONG,StochasticRSI(FAST_SCALP-LONG),2,0.2,1.638,1.63,1.642,1.63,2026-07-19 00:43:59 UTC,2026-07-19 00:47:49 UTC,229.15,0.3276,0.0044,0.0,-0.0016,-0.15,-36.63,STOP_LOSS_HIT,0.0892
1306,TRUMP_USDT,LONG,StochasticRSI(FAST_SCALP-LONG),2,0.2,1.631,1.623,1.635,1.623,2026-07-19 00:49:59 UTC,2026-07-19 01:00:06 UTC,606.8,0.3262,0.0043,0.0,-0.0016,-0.15,-36.79,STOP_LOSS_HIT,0.0876
1307,TRUMP_USDT,LONG,StochasticRSI(FAST_SCALP-LONG),2,0.2,1.626,1.63,1.63,1.618,2026-07-19 01:06:59 UTC,2026-07-19 01:21:07 UTC,847.76,0.3252,0.0043,0.0,0.0008,0.08,18.45,MIN_PROFIT_TP_HIT,0.0884
1308,TRUMP_USDT,SHORT,StochasticRSI(FAST_SCALP-SHORT),2,0.2,1.627,1.635,1.623,1.635,2026-07-19 01:23:59 UTC,2026-07-19 01:38:32 UTC,872.52,0.3254,0.0043,0.0,-0.0016,-0.15,-36.88,STOP_LOSS_HIT,0.0868
1309,TRUMP_USDT,SHORT,StochasticRSI(FAST_SCALP-SHORT),2,0.2,1.664,1.66,1.66,1.672,2026-07-19 01:54:59 UTC,2026-07-19 01:55:52 UTC,52.16,0.3328,0.0044,0.0,0.0008,0.08,18.03,MIN_PROFIT_TP_HIT,0.0876
1310,TRUMP_USDT,LONG,StochasticRSI(FAST_SCALP-LONG),2,0.2,1.676,1.668,1.68,1.668,2026-07-19 02:00:59 UTC,2026-07-19 02:01:28 UTC,28.4,0.3352,0.0045,0.0,-0.0016,-0.15,-35.8,STOP_LOSS_HIT,0.086
1311,TRUMP_USDT,LONG,StochasticRSI(FAST_SCALP-LONG),2,0.2,1.663,1.655,1.667,1.655,2026-07-19 02:07:59 UTC,2026-07-19 02:14:30 UTC,390.64,0.3326,0.0044,0.0,-0.0016,-0.15,-36.08,STOP_LOSS_HIT,0.0844
1312,TRUMP_USDT,LONG,StochasticRSI(FAST_SCALP-LONG),2,0.2,1.653,1.657,1.657,1.645,2026-07-19 02:20:59 UTC,2026-07-19 02:23:54 UTC,174.99,0.3306,0.0044,0.0,0.0008,0.08,18.15,MIN_PROFIT_TP_HIT,0.0852
1313,TRUMP_USDT,SHORT,StochasticRSI(FAST_SCALP-SHORT),2,0.2,1.649,1.645,1.645,1.657,2026-07-19 02:25:59 UTC,2026-07-19 02:41:14 UTC,914.48,0.3298,0.0044,0.0,0.0008,0.08,18.19,MIN_PROFIT_TP_HIT,0.086
1314,TRUMP_USDT,LONG,StochasticRSI(FAST_SCALP-LONG),2,0.2,1.643,1.647,1.647,1.635,2026-07-19 02:45:59 UTC,2026-07-19 02:49:46 UTC,226.08,0.3286,0.0044,0.0,0.0008,0.08,18.26,MIN_PROFIT_TP_HIT,0.0868
1315,TRUMP_USDT,SHORT,StochasticRSI(FAST_SCALP-SHORT),2,0.2,1.65,1.646,1.646,1.658,2026-07-19 02:57:59 UTC,2026-07-19 03:05:45 UTC,465.34,0.33,0.0044,0.0,0.0008,0.08,18.18,MIN_PROFIT_TP_HIT,0.0876
1316,TRUMP_USDT,LONG,StochasticRSI(FAST_SCALP-LONG),2,0.2,1.644,1.648,1.648,1.636,2026-07-19 03:09:59 UTC,2026-07-19 03:13:38 UTC,218.96,0.3288,0.0044,0.0,0.0008,0.08,18.25,MIN_PROFIT_TP_HIT,0.0884
1317,TRUMP_USDT,SHORT,StochasticRSI(FAST_SCALP-SHORT),2,0.2,1.645,1.653,1.641,1.653,2026-07-19 03:17:59 UTC,2026-07-19 03:33:34 UTC,934.44,0.329,0.0044,0.0,-0.0016,-0.15,-36.47,STOP_LOSS_HIT,0.0868
1318,TRUMP_USDT,SHORT,StochasticRSI(FAST_SCALP-SHORT),2,0.2,1.651,1.647,1.647,1.659,2026-07-19 03:37:59 UTC,2026-07-19 03:39:55 UTC,115.84,0.3302,0.0044,0.0,0.0008,0.08,18.17,MIN_PROFIT_TP_HIT,0.0876
1319,TRUMP_USDT,LONG,StochasticRSI(FAST_SCALP-LONG),2,0.2,1.653,1.657,1.657,1.645,2026-07-19 03:43:59 UTC,2026-07-19 03:46:05 UTC,125.23,0.3306,0.0044,0.0,0.0008,0.08,18.15,MIN_PROFIT_TP_HIT,0.0884
1320,TRUMP_USDT,SHORT,StochasticRSI(FAST_SCALP-SHORT),2,0.2,1.663,1.659,1.659,1.671,2026-07-19 03:53:59 UTC,2026-07-19 04:00:05 UTC,365.43,0.3326,0.0044,0.0,0.0008,0.08,18.04,MIN_PROFIT_TP_HIT,0.0892
1321,TRUMP_USDT,LONG,StochasticRSI(FAST_SCALP-LONG),2,0.2,1.657,1.661,1.661,1.649,2026-07-19 04:08:59 UTC,2026-07-19 04:11:54 UTC,174.97,0.3314,0.0044,0.0,0.0008,0.08,18.11,MIN_PROFIT_TP_HIT,0.09
1322,TRUMP_USDT,SHORT,StochasticRSI(FAST_SCALP-SHORT),2,0.2,1.658,1.666,1.654,1.666,2026-07-19 04:13:59 UTC,2026-07-19 04:19:37 UTC,337.79,0.3316,0.0044,0.0,-0.0016,-0.15,-36.19,STOP_LOSS_HIT,0.0884
1323,TRUMP_USDT,SHORT,StochasticRSI(FAST_SCALP-SHORT),2,0.2,1.66,1.656,1.656,1.668,2026-07-19 04:21:59 UTC,2026-07-19 04:37:43 UTC,943.04,0.332,0.0044,0.0,0.0008,0.08,18.07,MIN_PROFIT_TP_HIT,0.0892
1324,TRUMP_USDT,SHORT,StochasticRSI(FAST_SCALP-SHORT),2,0.2,1.656,1.652,1.652,1.664,2026-07-19 04:38:59 UTC,2026-07-19 04:48:11 UTC,551.21,0.3312,0.0044,0.0,0.0008,0.08,18.12,MIN_PROFIT_TP_HIT,0.09
1325,TRUMP_USDT,LONG,StochasticRSI(FAST_SCALP-LONG),2,0.2,1.653,1.657,1.657,1.645,2026-07-19 04:51:59 UTC,2026-07-19 04:54:19 UTC,139.89,0.3306,0.0044,0.0,0.0008,0.08,18.15,MIN_PROFIT_TP_HIT,0.0908
1326,TRUMP_USDT,SHORT,StochasticRSI(FAST_SCALP-SHORT),2,0.2,1.653,1.661,1.649,1.661,2026-07-19 04:58:59 UTC,2026-07-19 05:04:12 UTC,312.02,0.3306,0.0044,0.0,-0.0016,-0.15,-36.3,STOP_LOSS_HIT,0.0892
1327,TRUMP_USDT,SHORT,StochasticRSI(FAST_SCALP-SHORT),2,0.2,1.657,1.653,1.653,1.665,2026-07-19 05:07:59 UTC,2026-07-19 05:10:34 UTC,154.47,0.3314,0.0044,0.0,0.0008,0.08,18.11,MIN_PROFIT_TP_HIT,0.09
1328,TRUMP_USDT,LONG,StochasticRSI(FAST_SCALP-LONG),2,0.2,1.655,1.647,1.659,1.647,2026-07-19 05:12:59 UTC,2026-07-19 05:27:49 UTC,889.24,0.331,0.0044,0.0,-0.0016,-0.15,-36.25,STOP_LOSS_HIT,0.0884
1329,TRUMP_USDT,LONG,StochasticRSI(FAST_SCALP-LONG),2,0.2,1.644,1.636,1.648,1.636,2026-07-19 05:36:59 UTC,2026-07-19 05:39:01 UTC,121.2,0.3288,0.0044,0.0,-0.0016,-0.15,-36.5,STOP_LOSS_HIT,0.0868
1330,TRUMP_USDT,LONG,StochasticRSI(FAST_SCALP-LONG),2,0.2,1.633,1.637,1.637,1.625,2026-07-19 05:41:59 UTC,2026-07-19 05:51:56 UTC,596.58,0.3266,0.0044,0.0,0.0008,0.08,18.37,MIN_PROFIT_TP_HIT,0.0876
1331,TRUMP_USDT,SHORT,StochasticRSI(FAST_SCALP-SHORT),2,0.2,1.633,1.641,1.629,1.641,2026-07-19 05:54:59 UTC,2026-07-19 06:16:38 UTC,1298.79,0.3266,0.0044,0.0,-0.0016,-0.15,-36.74,STOP_LOSS_HIT,0.086
1332,TRUMP_USDT,SHORT,StochasticRSI(FAST_SCALP-SHORT),2,0.2,1.642,1.638,1.638,1.65,2026-07-19 06:20:59 UTC,2026-07-19 06:26:10 UTC,310.9,0.3284,0.0044,0.0,0.0008,0.08,18.27,MIN_PROFIT_TP_HIT,0.0868
1333,TRUMP_USDT,LONG,StochasticRSI(FAST_SCALP-LONG),2,0.2,1.639,1.631,1.643,1.631,2026-07-19 06:29:59 UTC,2026-07-19 06:34:17 UTC,257.87,0.3278,0.0044,0.0,-0.0016,-0.15,-36.61,STOP_LOSS_HIT,0.0852
1334,TRUMP_USDT,LONG,StochasticRSI(FAST_SCALP-LONG),2,0.2,1.631,1.635,1.635,1.623,2026-07-19 06:36:59 UTC,2026-07-19 06:42:18 UTC,318.42,0.3262,0.0043,0.0,0.0008,0.08,18.39,MIN_PROFIT_TP_HIT,0.086
1335,TRUMP_USDT,SHORT,StochasticRSI(FAST_SCALP-SHORT),2,0.2,1.639,1.635,1.635,1.647,2026-07-19 06:49:59 UTC,2026-07-19 06:57:48 UTC,468.12,0.3278,0.0044,0.0,0.0008,0.08,18.3,MIN_PROFIT_TP_HIT,0.0868
1336,TRUMP_USDT,LONG,StochasticRSI(FAST_SCALP-LONG),2,0.2,1.638,1.63,1.642,1.63,2026-07-19 07:01:59 UTC,2026-07-19 08:26:50 UTC,5090.64,0.3276,0.0044,0.0,-0.0016,-0.15,-36.63,STOP_LOSS_HIT,0.0852
1337,TRUMP_USDT,LONG,StochasticRSI(FAST_SCALP-LONG),2,0.2,1.631,1.635,1.635,1.623,2026-07-19 08:32:59 UTC,2026-07-19 08:49:36 UTC,996.21,0.3262,0.0043,0.0,0.0008,0.08,18.39,MIN_PROFIT_TP_HIT,0.086
1338,TRUMP_USDT,SHORT,StochasticRSI(FAST_SCALP-SHORT),2,0.2,1.637,1.633,1.633,1.645,2026-07-19 08:56:59 UTC,2026-07-19 09:00:52 UTC,232.64,0.3274,0.0044,0.0,0.0008,0.08,18.33,MIN_PROFIT_TP_HIT,0.0868
1339,TRUMP_USDT,LONG,StochasticRSI(FAST_SCALP-LONG),2,0.2,1.632,1.624,1.636,1.624,2026-07-19 09:01:59 UTC,2026-07-19 09:13:37 UTC,697.06,0.3264,0.0044,0.0,-0.0016,-0.15,-36.76,STOP_LOSS_HIT,0.0852
1340,TRUMP_USDT,LONG,StochasticRSI(FAST_SCALP-LONG),2,0.2,1.622,1.626,1.626,1.614,2026-07-19 09:17:59 UTC,2026-07-19 09:27:28 UTC,568.45,0.3244,0.0043,0.0,0.0008,0.08,18.5,MIN_PROFIT_TP_HIT,0.086
1341,TRUMP_USDT,SHORT,StochasticRSI(FAST_SCALP-SHORT),2,0.2,1.627,1.623,1.623,1.635,2026-07-19 09:31:59 UTC,2026-07-19 09:43:13 UTC,673.36,0.3254,0.0043,0.0,0.0008,0.08,18.44,MIN_PROFIT_TP_HIT,0.0868
1342,TRUMP_USDT,LONG,StochasticRSI(FAST_SCALP-LONG),2,0.2,1.624,1.628,1.628,1.616,2026-07-19 09:44:59 UTC,2026-07-19 09:59:24 UTC,864.91,0.3248,0.0043,0.0,0.0008,0.08,18.47,MIN_PROFIT_TP_HIT,0.0876
1343,TRUMP_USDT,SHORT,StochasticRSI(FAST_SCALP-SHORT),2,0.2,1.625,1.633,1.621,1.633,2026-07-19 10:01:59 UTC,2026-07-19 10:40:48 UTC,2328.87,0.325,0.0043,0.0,-0.0016,-0.15,-36.92,STOP_LOSS_HIT,0.086
1344,TRUMP_USDT,SHORT,StochasticRSI(FAST_SCALP-SHORT),2,0.2,1.636,1.644,1.632,1.644,2026-07-19 10:44:59 UTC,2026-07-19 10:57:11 UTC,731.87,0.3272,0.0044,0.0,-0.0016,-0.15,-36.67,STOP_LOSS_HIT,0.0844
1345,TRUMP_USDT,SHORT,StochasticRSI(FAST_SCALP-SHORT),2,0.2,1.641,1.637,1.637,1.649,2026-07-19 10:59:59 UTC,2026-07-19 11:08:55 UTC,535.4,0.3282,0.0044,0.0,0.0008,0.08,18.28,MIN_PROFIT_TP_HIT,0.0852
1346,TRUMP_USDT,LONG,StochasticRSI(FAST_SCALP-LONG),2,0.2,1.637,1.641,1.641,1.629,2026-07-19 11:10:59 UTC,2026-07-19 11:35:01 UTC,1441.8,0.3274,0.0044,0.0,0.0008,0.08,18.33,MIN_PROFIT_TP_HIT,0.086
1347,TRUMP_USDT,SHORT,StochasticRSI(FAST_SCALP-SHORT),2,0.2,1.647,1.643,1.643,1.655,2026-07-19 11:39:59 UTC,2026-07-19 11:45:26 UTC,326.67,0.3294,0.0044,0.0,0.0008,0.08,18.21,MIN_PROFIT_TP_HIT,0.0868
1348,TRUMP_USDT,LONG,StochasticRSI(FAST_SCALP-LONG),2,0.2,1.64,1.632,1.644,1.632,2026-07-19 11:49:59 UTC,2026-07-19 12:08:44 UTC,1124.05,0.328,0.0044,0.0,-0.0016,-0.15,-36.59,STOP_LOSS_HIT,0.0852
1349,TRUMP_USDT,SHORT,StochasticRSI(FAST_SCALP-SHORT),2,0.2,1.635,1.631,1.631,1.643,2026-07-19 12:17:59 UTC,2026-07-19 12:29:41 UTC,701.74,0.327,0.0044,0.0,0.0008,0.08,18.35,MIN_PROFIT_TP_HIT,0.086
1350,TRUMP_USDT,SHORT,StochasticRSI(FAST_SCALP-SHORT),2,0.2,1.636,1.632,1.632,1.644,2026-07-19 12:38:59 UTC,2026-07-19 12:47:17 UTC,497.95,0.3272,0.0044,0.0,0.0008,0.08,18.34,MIN_PROFIT_TP_HIT,0.0868
1351,TRUMP_USDT,LONG,StochasticRSI(FAST_SCALP-LONG),2,0.2,1.632,1.624,1.636,1.624,2026-07-19 12:51:59 UTC,2026-07-19 13:17:21 UTC,1521.18,0.3264,0.0044,0.0,-0.0016,-0.15,-36.76,STOP_LOSS_HIT,0.0852
1352,TRUMP_USDT,LONG,StochasticRSI(FAST_SCALP-LONG),2,0.2,1.623,1.627,1.627,1.615,2026-07-19 13:21:59 UTC,2026-07-19 13:25:22 UTC,202.28,0.3246,0.0043,0.0,0.0008,0.08,18.48,MIN_PROFIT_TP_HIT,0.086
1353,TRUMP_USDT,SHORT,StochasticRSI(FAST_SCALP-SHORT),2,0.2,1.63,1.626,1.626,1.638,2026-07-19 13:34:59 UTC,2026-07-19 13:38:01 UTC,181.79,0.326,0.0043,0.0,0.0008,0.08,18.4,MIN_PROFIT_TP_HIT,0.0868
1354,TRUMP_USDT,LONG,StochasticRSI(FAST_SCALP-LONG),2,0.2,1.628,1.632,1.632,1.62,2026-07-19 13:40:59 UTC,2026-07-19 13:42:39 UTC,99.84,0.3256,0.0043,0.0,0.0008,0.08,18.43,MIN_PROFIT_TP_HIT,0.0876
1355,TRUMP_USDT,SHORT,StochasticRSI(FAST_SCALP-SHORT),2,0.2,1.628,1.636,1.624,1.636,2026-07-19 13:46:59 UTC,2026-07-19 13:56:41 UTC,581.65,0.3256,0.0043,0.0,-0.0016,-0.15,-36.86,STOP_LOSS_HIT,0.086
1356,TRUMP_USDT,SHORT,StochasticRSI(FAST_SCALP-SHORT),2,0.2,1.632,1.64,1.628,1.64,2026-07-19 14:01:59 UTC,2026-07-19 14:16:16 UTC,856.46,0.3264,0.0044,0.0,-0.0016,-0.15,-36.76,STOP_LOSS_HIT,0.0844
1357,TRUMP_USDT,LONG,StochasticRSI(FAST_SCALP-LONG),2,0.2,1.637,1.629,1.641,1.629,2026-07-19 14:17:59 UTC,2026-07-19 14:25:16 UTC,436.96,0.3274,0.0044,0.0,-0.0016,-0.15,-36.65,STOP_LOSS_HIT,0.0828
1358,TRUMP_USDT,LONG,StochasticRSI(FAST_SCALP-LONG),2,0.2,1.631,1.635,1.635,1.623,2026-07-19 14:27:59 UTC,2026-07-19 16:16:59 UTC,6539.59,0.3262,0.0043,0.0,0.0008,0.08,18.39,MIN_PROFIT_TP_HIT,0.0836
1359,TRUMP_USDT,SHORT,StochasticRSI(FAST_SCALP-SHORT),2,0.2,1.637,1.645,1.633,1.645,2026-07-19 16:19:59 UTC,2026-07-19 16:23:10 UTC,190.2,0.3274,0.0044,0.0,-0.0016,-0.15,-36.65,STOP_LOSS_HIT,0.082
1360,TRUMP_USDT,SHORT,StochasticRSI(FAST_SCALP-SHORT),2,0.2,1.645,1.641,1.641,1.653,2026-07-19 16:25:59 UTC,2026-07-19 16:27:33 UTC,93.96,0.329,0.0044,0.0,0.0008,0.08,18.24,MIN_PROFIT_TP_HIT,0.0828
1361,TRUMP_USDT,LONG,StochasticRSI(FAST_SCALP-LONG),2,0.2,1.641,1.633,1.645,1.633,2026-07-19 16:33:59 UTC,2026-07-19 16:37:00 UTC,180.54,0.3282,0.0044,0.0,-0.0016,-0.15,-36.56,STOP_LOSS_HIT,0.0812
1362,TRUMP_USDT,LONG,StochasticRSI(FAST_SCALP-LONG),2,0.2,1.634,1.638,1.638,1.626,2026-07-19 16:39:59 UTC,2026-07-19 16:42:55 UTC,175.2,0.3268,0.0044,0.0,0.0008,0.08,18.36,MIN_PROFIT_TP_HIT,0.082
1363,TRUMP_USDT,SHORT,StochasticRSI(FAST_SCALP-SHORT),2,0.2,1.637,1.645,1.633,1.645,2026-07-19 16:46:59 UTC,2026-07-19 16:53:34 UTC,394.9,0.3274,0.0044,0.0,-0.0016,-0.15,-36.65,STOP_LOSS_HIT,0.0804
1364,TRUMP_USDT,SHORT,StochasticRSI(FAST_SCALP-SHORT),2,0.2,1.634,1.63,1.63,1.642,2026-07-19 16:55:59 UTC,2026-07-19 17:01:24 UTC,324.03,0.3268,0.0044,0.0,0.0008,0.08,18.36,MIN_PROFIT_TP_HIT,0.0812
1365,TRUMP_USDT,SHORT,StochasticRSI(FAST_SCALP-SHORT),2,0.2,1.636,1.632,1.632,1.644,2026-07-19 17:12:59 UTC,2026-07-19 17:17:31 UTC,271.42,0.3272,0.0044,0.0,0.0008,0.08,18.34,MIN_PROFIT_TP_HIT,0.082
1366,TRUMP_USDT,LONG,StochasticRSI(FAST_SCALP-LONG),2,0.2,1.632,1.624,1.636,1.624,2026-07-19 17:20:59 UTC,2026-07-19 18:03:16 UTC,2536.73,0.3264,0.0044,0.0,-0.0016,-0.15,-36.76,STOP_LOSS_HIT,0.0804
1367,TRUMP_USDT,LONG,StochasticRSI(FAST_SCALP-LONG),2,0.2,1.619,1.611,1.623,1.611,2026-07-19 18:07:59 UTC,2026-07-19 18:08:06 UTC,6.89,0.3238,0.0043,0.0,-0.0016,-0.15,-37.06,STOP_LOSS_HIT,0.0788
1368,TRUMP_USDT,LONG,StochasticRSI(FAST_SCALP-LONG),2,0.2,1.62,1.624,1.624,1.612,2026-07-19 18:11:59 UTC,2026-07-19 18:13:32 UTC,92.07,0.324,0.0043,0.0,0.0008,0.08,18.52,MIN_PROFIT_TP_HIT,0.0796
1369,TRUMP_USDT,SHORT,StochasticRSI(FAST_SCALP-SHORT),2,0.2,1.628,1.624,1.624,1.636,2026-07-19 18:21:59 UTC,2026-07-19 18:27:19 UTC,319.4,0.3256,0.0043,0.0,0.0008,0.08,18.43,MIN_PROFIT_TP_HIT,0.0804
1370,TRUMP_USDT,LONG,StochasticRSI(FAST_SCALP-LONG),2,0.2,1.623,1.627,1.627,1.615,2026-07-19 18:31:59 UTC,2026-07-19 18:33:43 UTC,103.8,0.3246,0.0043,0.0,0.0008,0.08,18.48,MIN_PROFIT_TP_HIT,0.0812
1371,TRUMP_USDT,SHORT,StochasticRSI(FAST_SCALP-SHORT),2,0.2,1.624,1.62,1.62,1.632,2026-07-19 18:36:59 UTC,2026-07-19 18:46:17 UTC,557.4,0.3248,0.0043,0.0,0.0008,0.08,18.47,MIN_PROFIT_TP_HIT,0.082
1372,TRUMP_USDT,LONG,StochasticRSI(FAST_SCALP-LONG),2,0.2,1.623,1.627,1.627,1.615,2026-07-19 18:48:59 UTC,2026-07-19 18:50:01 UTC,61.8,0.3246,0.0043,0.0,0.0008,0.08,18.48,MIN_PROFIT_TP_HIT,0.0828
1373,TRUMP_USDT,SHORT,StochasticRSI(FAST_SCALP-SHORT),2,0.2,1.625,1.621,1.621,1.633,2026-07-19 18:52:59 UTC,2026-07-19 18:55:02 UTC,122.19,0.325,0.0043,0.0,0.0008,0.08,18.46,MIN_PROFIT_TP_HIT,0.0836
1374,TRUMP_USDT,LONG,StochasticRSI(FAST_SCALP-LONG),2,0.2,1.619,1.623,1.623,1.611,2026-07-19 19:01:59 UTC,2026-07-19 19:17:31 UTC,931.72,0.3238,0.0043,0.0,0.0008,0.08,18.53,MIN_PROFIT_TP_HIT,0.0844
1375,TRUMP_USDT,SHORT,StochasticRSI(FAST_SCALP-SHORT),2,0.2,1.619,1.627,1.615,1.627,2026-07-19 19:18:59 UTC,2026-07-19 19:35:55 UTC,1015.49,0.3238,0.0043,0.0,-0.0016,-0.15,-37.06,STOP_LOSS_HIT,0.0828
1376,TRUMP_USDT,LONG,StochasticRSI(FAST_SCALP-LONG),2,0.2,1.624,1.628,1.628,1.616,2026-07-19 19:44:59 UTC,2026-07-19 20:36:02 UTC,3062.53,0.3248,0.0043,0.0,0.0008,0.08,18.47,MIN_PROFIT_TP_HIT,0.0836
1377,TRUMP_USDT,SHORT,StochasticRSI(FAST_SCALP-SHORT),2,0.2,1.625,1.621,1.621,1.633,2026-07-19 20:39:59 UTC,2026-07-19 21:13:04 UTC,1984.63,0.325,0.0043,0.0,0.0008,0.08,18.46,MIN_PROFIT_TP_HIT,0.0844
1378,TRUMP_USDT,LONG,StochasticRSI(FAST_SCALP-LONG),2,0.2,1.622,1.614,1.626,1.614,2026-07-19 21:19:59 UTC,2026-07-19 21:30:20 UTC,620.12,0.3244,0.0043,0.0,-0.0016,-0.15,-36.99,STOP_LOSS_HIT,0.0828
1379,TRUMP_USDT,LONG,StochasticRSI(FAST_SCALP-LONG),2,0.2,1.571,1.563,1.575,1.563,2026-07-19 21:37:59 UTC,2026-07-19 21:41:39 UTC,219.38,0.3142,0.0042,0.0,-0.0016,-0.15,-38.19,STOP_LOSS_HIT,0.0812
1380,TRUMP_USDT,SHORT,StochasticRSI(FAST_SCALP-SHORT),2,0.2,1.569,1.565,1.565,1.577,2026-07-19 21:42:59 UTC,2026-07-19 21:47:15 UTC,255.81,0.3138,0.0042,0.0,0.0008,0.08,19.12,MIN_PROFIT_TP_HIT,0.082
1381,TRUMP_USDT,LONG,StochasticRSI(FAST_SCALP-LONG),2,0.2,1.56,1.564,1.564,1.552,2026-07-19 21:55:59 UTC,2026-07-19 22:02:09 UTC,369.44,0.312,0.0042,0.0,0.0008,0.08,19.23,MIN_PROFIT_TP_HIT,0.0828
1382,TRUMP_USDT,LONG,StochasticRSI(FAST_SCALP-LONG),2,0.2,1.559,1.563,1.563,1.551,2026-07-19 22:09:59 UTC,2026-07-19 22:10:41 UTC,41.87,0.3118,0.0042,0.0,0.0008,0.08,19.24,MIN_PROFIT_TP_HIT,0.0836
1383,TRUMP_USDT,SHORT,StochasticRSI(FAST_SCALP-SHORT),2,0.2,1.563,1.571,1.559,1.571,2026-07-19 22:13:59 UTC,2026-07-19 22:19:11 UTC,311.31,0.3126,0.0042,0.0,-0.0016,-0.15,-38.39,STOP_LOSS_HIT,0.082
1384,TRUMP_USDT,SHORT,StochasticRSI(FAST_SCALP-SHORT),2,0.2,1.568,1.564,1.564,1.576,2026-07-19 22:23:59 UTC,2026-07-19 22:28:39 UTC,279.35,0.3136,0.0042,0.0,0.0008,0.08,19.13,MIN_PROFIT_TP_HIT,0.0828
1385,TRUMP_USDT,LONG,StochasticRSI(FAST_SCALP-LONG),2,0.2,1.569,1.573,1.573,1.561,2026-07-19 22:31:59 UTC,2026-07-19 22:33:12 UTC,72.74,0.3138,0.0042,0.0,0.0008,0.08,19.12,MIN_PROFIT_TP_HIT,0.0836
1386,TRUMP_USDT,SHORT,StochasticRSI(FAST_SCALP-SHORT),2,0.2,1.57,1.566,1.566,1.578,2026-07-19 22:35:59 UTC,2026-07-19 22:37:40 UTC,100.81,0.314,0.0042,0.0,0.0008,0.08,19.11,MIN_PROFIT_TP_HIT,0.0844
1387,TRUMP_USDT,LONG,StochasticRSI(FAST_SCALP-LONG),2,0.2,1.566,1.57,1.57,1.558,2026-07-19 22:51:59 UTC,2026-07-19 22:56:47 UTC,287.46,0.3132,0.0042,0.0,0.0008,0.08,19.16,MIN_PROFIT_TP_HIT,0.0852
1388,TRUMP_USDT,SHORT,StochasticRSI(FAST_SCALP-SHORT),2,0.2,1.568,1.564,1.564,1.576,2026-07-19 22:59:59 UTC,2026-07-19 23:00:22 UTC,22.13,0.3136,0.0042,0.0,0.0008,0.08,19.13,MIN_PROFIT_TP_HIT,0.086
1389,TRUMP_USDT,LONG,StochasticRSI(FAST_SCALP-LONG),2,0.2,1.561,1.565,1.565,1.553,2026-07-19 23:05:59 UTC,2026-07-19 23:25:15 UTC,1155.12,0.3122,0.0042,0.0,0.0008,0.08,19.22,MIN_PROFIT_TP_HIT,0.0868
1390,TRUMP_USDT,SHORT,StochasticRSI(FAST_SCALP-SHORT),2,0.2,1.563,1.559,1.559,1.571,2026-07-19 23:27:59 UTC,2026-07-20 00:00:41 UTC,1961.52,0.3126,0.0042,0.0,0.0008,0.08,19.19,MIN_PROFIT_TP_HIT,0.0876
1391,TRUMP_USDT,LONG,StochasticRSI(FAST_SCALP-LONG),2,0.2,1.562,1.566,1.566,1.554,2026-07-20 00:03:59 UTC,2026-07-20 00:05:56 UTC,116.52,0.3124,0.0042,0.0,0.0008,0.08,19.21,MIN_PROFIT_TP_HIT,0.0884
1392,TRUMP_USDT,SHORT,StochasticRSI(FAST_SCALP-SHORT),2,0.2,1.57,1.578,1.566,1.578,2026-07-20 00:12:59 UTC,2026-07-20 00:16:55 UTC,235.57,0.314,0.0042,0.0,-0.0016,-0.15,-38.22,STOP_LOSS_HIT,0.0868
1393,TRUMP_USDT,LONG,StochasticRSI(FAST_SCALP-LONG),2,0.2,1.57,1.562,1.574,1.562,2026-07-20 00:24:59 UTC,2026-07-20 00:51:54 UTC,1614.29,0.314,0.0042,0.0,-0.0016,-0.15,-38.22,STOP_LOSS_HIT,0.0852
1394,TRUMP_USDT,LONG,StochasticRSI(FAST_SCALP-LONG),2,0.2,1.562,1.566,1.566,1.554,2026-07-20 00:54:59 UTC,2026-07-20 01:01:13 UTC,373.05,0.3124,0.0042,0.0,0.0008,0.08,19.21,MIN_PROFIT_TP_HIT,0.086
1395,TRUMP_USDT,SHORT,StochasticRSI(FAST_SCALP-SHORT),2,0.2,1.564,1.572,1.56,1.572,2026-07-20 01:02:59 UTC,2026-07-20 01:09:25 UTC,385.92,0.3128,0.0042,0.0,-0.0016,-0.15,-38.36,STOP_LOSS_HIT,0.0844
1396,TRUMP_USDT,SHORT,StochasticRSI(FAST_SCALP-SHORT),2,0.2,1.572,1.568,1.568,1.58,2026-07-20 01:12:59 UTC,2026-07-20 01:18:35 UTC,335.73,0.3144,0.0042,0.0,0.0008,0.08,19.08,MIN_PROFIT_TP_HIT,0.0852
1397,TRUMP_USDT,LONG,StochasticRSI(FAST_SCALP-LONG),2,0.2,1.569,1.573,1.573,1.561,2026-07-20 01:21:59 UTC,2026-07-20 01:22:11 UTC,11.75,0.3138,0.0042,0.0,0.0008,0.08,19.12,MIN_PROFIT_TP_HIT,0.086
1398,TRUMP_USDT,LONG,StochasticRSI(FAST_SCALP-LONG),2,0.2,1.578,1.582,1.582,1.57,2026-07-20 01:35:59 UTC,2026-07-20 01:36:17 UTC,17.75,0.3156,0.0042,0.0,0.0008,0.08,19.01,MIN_PROFIT_TP_HIT,0.0868
1399,TRUMP_USDT,LONG,StochasticRSI(FAST_SCALP-LONG),2,0.2,1.585,1.577,1.589,1.577,2026-07-20 01:48:59 UTC,2026-07-20 01:52:10 UTC,190.05,0.317,0.0042,0.0,-0.0016,-0.15,-37.85,STOP_LOSS_HIT,0.0852
1400,TRUMP_USDT,LONG,StochasticRSI(FAST_SCALP-LONG),2,0.2,1.573,1.577,1.577,1.565,2026-07-20 01:57:59 UTC,2026-07-20 01:59:15 UTC,75.3,0.3146,0.0042,0.0,0.0008,0.08,19.07,MIN_PROFIT_TP_HIT,0.086
1401,TRUMP_USDT,SHORT,StochasticRSI(FAST_SCALP-SHORT),2,0.2,1.584,1.58,1.58,1.592,2026-07-20 02:04:59 UTC,2026-07-20 02:20:09 UTC,909.42,0.3168,0.0042,0.0,0.0008,0.08,18.94,MIN_PROFIT_TP_HIT,0.0868
1402,TRUMP_USDT,LONG,StochasticRSI(FAST_SCALP-LONG),2,0.2,1.578,1.582,1.582,1.57,2026-07-20 02:23:59 UTC,2026-07-20 02:24:49 UTC,49.2,0.3156,0.0042,0.0,0.0008,0.08,19.01,MIN_PROFIT_TP_HIT,0.0876
1403,TRUMP_USDT,SHORT,StochasticRSI(FAST_SCALP-SHORT),2,0.2,1.586,1.594,1.582,1.594,2026-07-20 02:35:59 UTC,2026-07-20 02:50:06 UTC,846.33,0.3172,0.0042,0.0,-0.0016,-0.15,-37.83,STOP_LOSS_HIT,0.086
1404,TRUMP_USDT,LONG,StochasticRSI(FAST_SCALP-LONG),2,0.2,1.591,1.583,1.595,1.583,2026-07-20 02:54:59 UTC,2026-07-20 03:06:37 UTC,697.78,0.3182,0.0042,0.0,-0.0016,-0.15,-37.71,STOP_LOSS_HIT,0.0844
1405,TRUMP_USDT,LONG,StochasticRSI(FAST_SCALP-LONG),2,0.2,1.584,1.588,1.588,1.576,2026-07-20 03:09:59 UTC,2026-07-20 03:13:05 UTC,185.75,0.3168,0.0042,0.0,0.0008,0.08,18.94,MIN_PROFIT_TP_HIT,0.0852
1406,TRUMP_USDT,SHORT,StochasticRSI(FAST_SCALP-SHORT),2,0.2,1.589,1.585,1.585,1.597,2026-07-20 03:16:59 UTC,2026-07-20 03:18:46 UTC,106.56,0.3178,0.0042,0.0,0.0008,0.08,18.88,MIN_PROFIT_TP_HIT,0.086
1407,TRUMP_USDT,LONG,StochasticRSI(FAST_SCALP-LONG),2,0.2,1.577,1.569,1.581,1.569,2026-07-20 03:25:59 UTC,2026-07-20 04:05:28 UTC,2368.3,0.3154,0.0042,0.0,-0.0016,-0.15,-38.05,STOP_LOSS_HIT,0.0844
1408,TRUMP_USDT,LONG,StochasticRSI(FAST_SCALP-LONG),2,0.2,1.569,1.573,1.573,1.561,2026-07-20 04:11:59 UTC,2026-07-20 04:27:42 UTC,942.3,0.3138,0.0042,0.0,0.0008,0.08,19.12,MIN_PROFIT_TP_HIT,0.0852
1409,TRUMP_USDT,SHORT,StochasticRSI(FAST_SCALP-SHORT),2,0.2,1.57,1.566,1.566,1.578,2026-07-20 04:30:59 UTC,2026-07-20 05:00:44 UTC,1784.35,0.314,0.0042,0.0,0.0008,0.08,19.11,MIN_PROFIT_TP_HIT,0.086
1410,TRUMP_USDT,SHORT,StochasticRSI(FAST_SCALP-SHORT),2,0.2,1.561,1.557,1.557,1.569,2026-07-20 05:09:59 UTC,2026-07-20 05:12:06 UTC,126.98,0.3122,0.0042,0.0,0.0008,0.08,19.22,MIN_PROFIT_TP_HIT,0.0868
1411,TRUMP_USDT,SHORT,StochasticRSI(FAST_SCALP-SHORT),2,0.2,1.565,1.561,1.561,1.573,2026-07-20 05:20:59 UTC,2026-07-20 05:23:36 UTC,156.29,0.313,0.0042,0.0,0.0008,0.08,19.17,MIN_PROFIT_TP_HIT,0.0876
1412,TRUMP_USDT,LONG,StochasticRSI(FAST_SCALP-LONG),2,0.2,1.566,1.57,1.57,1.558,2026-07-20 05:26:59 UTC,2026-07-20 05:32:36 UTC,336.19,0.3132,0.0042,0.0,0.0008,0.08,19.16,MIN_PROFIT_TP_HIT,0.0884
1413,TRUMP_USDT,SHORT,StochasticRSI(FAST_SCALP-SHORT),2,0.2,1.576,1.572,1.572,1.584,2026-07-20 05:36:59 UTC,2026-07-20 05:40:57 UTC,237.18,0.3152,0.0042,0.0,0.0008,0.08,19.04,MIN_PROFIT_TP_HIT,0.0892
1414,TRUMP_USDT,LONG,StochasticRSI(FAST_SCALP-LONG),2,0.2,1.566,1.57,1.57,1.558,2026-07-20 05:51:59 UTC,2026-07-20 05:57:30 UTC,330.02,0.3132,0.0042,0.0,0.0008,0.08,19.16,MIN_PROFIT_TP_HIT,0.09
1415,TRUMP_USDT,SHORT,StochasticRSI(FAST_SCALP-SHORT),2,0.2,1.567,1.563,1.563,1.575,2026-07-20 06:00:59 UTC,2026-07-20 06:33:22 UTC,1942.48,0.3134,0.0042,0.0,0.0008,0.08,19.14,MIN_PROFIT_TP_HIT,0.0908
1416,TRUMP_USDT,LONG,StochasticRSI(FAST_SCALP-LONG),2,0.2,1.563,1.567,1.567,1.555,2026-07-20 06:39:59 UTC,2026-07-20 06:44:06 UTC,246.4,0.3126,0.0042,0.0,0.0008,0.08,19.19,MIN_PROFIT_TP_HIT,0.0916
1417,TRUMP_USDT,LONG,StochasticRSI(FAST_SCALP-LONG),2,0.2,1.563,1.567,1.567,1.555,2026-07-20 07:01:59 UTC,2026-07-20 07:30:14 UTC,1694.89,0.3126,0.0042,0.0,0.0008,0.08,19.19,MIN_PROFIT_TP_HIT,0.0924
1418,TRUMP_USDT,LONG,StochasticRSI(FAST_SCALP-LONG),2,0.2,1.561,1.565,1.565,1.553,2026-07-20 07:38:59 UTC,2026-07-20 07:53:32 UTC,872.12,0.3122,0.0042,0.0,0.0008,0.08,19.22,MIN_PROFIT_TP_HIT,0.0932
1419,TRUMP_USDT,SHORT,StochasticRSI(FAST_SCALP-SHORT),2,0.2,1.563,1.559,1.559,1.571,2026-07-20 07:55:59 UTC,2026-07-20 08:25:59 UTC,1799.08,0.3126,0.0042,0.0,0.0008,0.08,19.19,MIN_PROFIT_TP_HIT,0.094
1420,TRUMP_USDT,LONG,StochasticRSI(FAST_SCALP-LONG),2,0.2,1.563,1.555,1.567,1.555,2026-07-20 08:34:59 UTC,2026-07-20 08:37:34 UTC,154.65,0.3126,0.0042,0.0,-0.0016,-0.15,-38.39,STOP_LOSS_HIT,0.0924
1421,TRUMP_USDT,SHORT,StochasticRSI(FAST_SCALP-SHORT),2,0.2,1.558,1.554,1.554,1.566,2026-07-20 08:38:59 UTC,2026-07-20 09:04:05 UTC,1505.12,0.3116,0.0042,0.0,0.0008,0.08,19.26,MIN_PROFIT_TP_HIT,0.0932
1422,TRUMP_USDT,LONG,StochasticRSI(FAST_SCALP-LONG),2,0.2,1.548,1.552,1.552,1.54,2026-07-20 09:06:59 UTC,2026-07-20 09:15:17 UTC,497.89,0.3096,0.0041,0.0,0.0008,0.08,19.38,MIN_PROFIT_TP_HIT,0.094
1423,TRUMP_USDT,SHORT,StochasticRSI(FAST_SCALP-SHORT),2,0.2,1.552,1.56,1.548,1.56,2026-07-20 09:16:59 UTC,2026-07-20 09:38:57 UTC,1317.9,0.3104,0.0041,0.0,-0.0016,-0.15,-38.66,STOP_LOSS_HIT,0.0924
1424,TRUMP_USDT,SHORT,StochasticRSI(FAST_SCALP-SHORT),2,0.2,1.561,1.569,1.557,1.569,2026-07-20 09:42:59 UTC,2026-07-20 10:09:16 UTC,1576.45,0.3122,0.0042,0.0,-0.0016,-0.15,-38.44,STOP_LOSS_HIT,0.0908
1425,TRUMP_USDT,SHORT,StochasticRSI(FAST_SCALP-SHORT),2,0.2,1.563,1.571,1.559,1.571,2026-07-20 10:11:59 UTC,2026-07-20 11:10:27 UTC,3507.42,0.3126,0.0042,0.0,-0.0016,-0.15,-38.39,STOP_LOSS_HIT,0.0892
1426,TRUMP_USDT,SHORT,StochasticRSI(FAST_SCALP-SHORT),2,0.2,1.57,1.566,1.566,1.578,2026-07-20 11:13:59 UTC,2026-07-20 11:22:12 UTC,492.41,0.314,0.0042,0.0,0.0008,0.08,19.11,MIN_PROFIT_TP_HIT,0.09
1427,TRUMP_USDT,LONG,StochasticRSI(FAST_SCALP-LONG),2,0.2,1.566,1.57,1.57,1.558,2026-07-20 11:26:59 UTC,2026-07-20 11:30:35 UTC,215.55,0.3132,0.0042,0.0,0.0008,0.08,19.16,MIN_PROFIT_TP_HIT,0.0908
1428,TRUMP_USDT,LONG,StochasticRSI(FAST_SCALP-LONG),2,0.2,1.57,1.574,1.574,1.562,2026-07-20 11:31:59 UTC,2026-07-20 11:32:36 UTC,36.53,0.314,0.0042,0.0,0.0008,0.08,19.11,MIN_PROFIT_TP_HIT,0.0916
1429,TRUMP_USDT,SHORT,StochasticRSI(FAST_SCALP-SHORT),2,0.2,1.577,1.573,1.573,1.585,2026-07-20 11:35:59 UTC,2026-07-20 11:51:41 UTC,941.19,0.3154,0.0042,0.0,0.0008,0.08,19.02,MIN_PROFIT_TP_HIT,0.0924
1430,TRUMP_USDT,LONG,StochasticRSI(FAST_SCALP-LONG),2,0.2,1.575,1.579,1.579,1.567,2026-07-20 11:53:59 UTC,2026-07-20 11:57:27 UTC,207.68,0.315,0.0042,0.0,0.0008,0.08,19.05,MIN_PROFIT_TP_HIT,0.0932
1431,TRUMP_USDT,SHORT,StochasticRSI(FAST_SCALP-SHORT),2,0.2,1.574,1.57,1.57,1.582,2026-07-20 12:01:59 UTC,2026-07-20 12:03:56 UTC,116.39,0.3148,0.0042,0.0,0.0008,0.08,19.06,MIN_PROFIT_TP_HIT,0.094
1432,TRUMP_USDT,LONG,StochasticRSI(FAST_SCALP-LONG),2,0.2,1.57,1.574,1.574,1.562,2026-07-20 12:05:59 UTC,2026-07-20 12:07:57 UTC,117.25,0.314,0.0042,0.0,0.0008,0.08,19.11,MIN_PROFIT_TP_HIT,0.0948
1433,TRUMP_USDT,SHORT,StochasticRSI(FAST_SCALP-SHORT),2,0.2,1.571,1.579,1.567,1.579,2026-07-20 12:12:59 UTC,2026-07-20 13:26:56 UTC,4436.1,0.3142,0.0042,0.0,-0.0016,-0.15,-38.19,STOP_LOSS_HIT,0.0932
1434,TRUMP_USDT,LONG,StochasticRSI(FAST_SCALP-LONG),2,0.2,1.579,1.583,1.583,1.571,2026-07-20 13:33:59 UTC,2026-07-20 13:41:20 UTC,440.77,0.3158,0.0042,0.0,0.0008,0.08,19.0,MIN_PROFIT_TP_HIT,0.094
1435,TRUMP_USDT,SHORT,StochasticRSI(FAST_SCALP-SHORT),2,0.2,1.58,1.576,1.576,1.588,2026-07-20 13:43:59 UTC,2026-07-20 13:46:51 UTC,171.4,0.316,0.0042,0.0,0.0008,0.08,18.99,MIN_PROFIT_TP_HIT,0.0948
1436,TRUMP_USDT,LONG,StochasticRSI(FAST_SCALP-LONG),2,0.2,1.575,1.579,1.579,1.567,2026-07-20 13:50:59 UTC,2026-07-20 14:04:22 UTC,802.75,0.315,0.0042,0.0,0.0008,0.08,19.05,MIN_PROFIT_TP_HIT,0.0956
1437,TRUMP_USDT,SHORT,StochasticRSI(FAST_SCALP-SHORT),2,0.2,1.577,1.573,1.573,1.585,2026-07-20 14:09:59 UTC,2026-07-20 14:10:16 UTC,16.09,0.3154,0.0042,0.0,0.0008,0.08,19.02,MIN_PROFIT_TP_HIT,0.0964
1438,TRUMP_USDT,LONG,StochasticRSI(FAST_SCALP-LONG),2,0.2,1.566,1.57,1.57,1.558,2026-07-20 14:14:59 UTC,2026-07-20 14:16:08 UTC,68.33,0.3132,0.0042,0.0,0.0008,0.08,19.16,MIN_PROFIT_TP_HIT,0.0972
1439,TRUMP_USDT,LONG,StochasticRSI(FAST_SCALP-LONG),2,0.2,1.562,1.566,1.566,1.554,2026-07-20 14:19:59 UTC,2026-07-20 14:24:08 UTC,248.33,0.3124,0.0042,0.0,0.0008,0.08,19.21,MIN_PROFIT_TP_HIT,0.098
1440,TRUMP_USDT,SHORT,StochasticRSI(FAST_SCALP-SHORT),2,0.2,1.576,1.572,1.572,1.584,2026-07-20 14:32:59 UTC,2026-07-20 14:37:20 UTC,260.22,0.3152,0.0042,0.0,0.0008,0.08,19.04,MIN_PROFIT_TP_HIT,0.0988
1441,TRUMP_USDT,LONG,StochasticRSI(FAST_SCALP-LONG),2,0.2,1.572,1.576,1.576,1.564,2026-07-20 14:41:59 UTC,2026-07-20 14:46:19 UTC,259.67,0.3144,0.0042,0.0,0.0008,0.08,19.08,MIN_PROFIT_TP_HIT,0.0996
1442,TRUMP_USDT,LONG,StochasticRSI(FAST_SCALP-LONG),2,0.2,1.571,1.575,1.575,1.563,2026-07-20 14:56:59 UTC,2026-07-20 14:59:38 UTC,158.25,0.3142,0.0042,0.0,0.0008,0.08,19.1,MIN_PROFIT_TP_HIT,0.1004
1443,TRUMP_USDT,LONG,StochasticRSI(FAST_SCALP-LONG),2,0.2,1.577,1.581,1.581,1.569,2026-07-20 15:00:59 UTC,2026-07-20 15:12:37 UTC,697.16,0.3154,0.0042,0.0,0.0008,0.08,19.02,MIN_PROFIT_TP_HIT,0.1012
1444,TRUMP_USDT,SHORT,StochasticRSI(FAST_SCALP-SHORT),2,0.2,1.582,1.59,1.578,1.59,2026-07-20 15:17:59 UTC,2026-07-20 15:40:45 UTC,1365.78,0.3164,0.0042,0.0,-0.0016,-0.15,-37.93,STOP_LOSS_HIT,0.0996
1445,TRUMP_USDT,LONG,StochasticRSI(FAST_SCALP-LONG),2,0.2,1.586,1.59,1.59,1.578,2026-07-20 15:41:59 UTC,2026-07-20 15:43:16 UTC,76.36,0.3172,0.0042,0.0,0.0008,0.08,18.92,MIN_PROFIT_TP_HIT,0.1004
1446,TRUMP_USDT,SHORT,StochasticRSI(FAST_SCALP-SHORT),2,0.2,1.591,1.587,1.587,1.599,2026-07-20 15:49:59 UTC,2026-07-20 16:36:18 UTC,2778.78,0.3182,0.0042,0.0,0.0008,0.08,18.86,MIN_PROFIT_TP_HIT,0.1012
1447,TRUMP_USDT,SHORT,StochasticRSI(FAST_SCALP-SHORT),2,0.2,1.593,1.589,1.589,1.601,2026-07-20 16:50:59 UTC,2026-07-20 17:10:46 UTC,1186.09,0.3186,0.0042,0.0,0.0008,0.08,18.83,MIN_PROFIT_TP_HIT,0.102
1448,TRUMP_USDT,LONG,StochasticRSI(FAST_SCALP-LONG),2,0.2,1.591,1.595,1.595,1.583,2026-07-20 17:18:59 UTC,2026-07-20 17:41:38 UTC,1358.47,0.3182,0.0042,0.0,0.0008,0.08,18.86,MIN_PROFIT_TP_HIT,0.1028
1449,TRUMP_USDT,SHORT,StochasticRSI(FAST_SCALP-SHORT),2,0.2,1.594,1.602,1.59,1.602,2026-07-20 17:47:59 UTC,2026-07-20 18:02:26 UTC,866.01,0.3188,0.0043,0.0,-0.0016,-0.15,-37.64,STOP_LOSS_HIT,0.1012
1450,TRUMP_USDT,SHORT,StochasticRSI(FAST_SCALP-SHORT),2,0.2,1.602,1.598,1.598,1.61,2026-07-20 18:05:59 UTC,2026-07-20 18:21:31 UTC,931.62,0.3204,0.0043,0.0,0.0008,0.08,18.73,MIN_PROFIT_TP_HIT,0.102
1451,TRUMP_USDT,LONG,StochasticRSI(FAST_SCALP-LONG),2,0.2,1.602,1.606,1.606,1.594,2026-07-20 18:24:59 UTC,2026-07-20 18:27:22 UTC,142.4,0.3204,0.0043,0.0,0.0008,0.08,18.73,MIN_PROFIT_TP_HIT,0.1028
1452,TRUMP_USDT,SHORT,StochasticRSI(FAST_SCALP-SHORT),2,0.2,1.604,1.612,1.6,1.612,2026-07-20 18:30:59 UTC,2026-07-20 18:49:54 UTC,1134.59,0.3208,0.0043,0.0,-0.0016,-0.15,-37.41,STOP_LOSS_HIT,0.1012
1453,TRUMP_USDT,LONG,StochasticRSI(FAST_SCALP-LONG),2,0.2,1.613,1.617,1.617,1.605,2026-07-20 19:00:59 UTC,2026-07-20 19:04:52 UTC,232.56,0.3226,0.0043,0.0,0.0008,0.08,18.6,MIN_PROFIT_TP_HIT,0.102
1454,TRUMP_USDT,SHORT,StochasticRSI(FAST_SCALP-SHORT),2,0.2,1.615,1.611,1.611,1.623,2026-07-20 19:08:59 UTC,2026-07-20 19:11:13 UTC,133.31,0.323,0.0043,0.0,0.0008,0.08,18.58,MIN_PROFIT_TP_HIT,0.1028
1455,TRUMP_USDT,LONG,StochasticRSI(FAST_SCALP-LONG),2,0.2,1.603,1.595,1.607,1.595,2026-07-20 19:15:59 UTC,2026-07-20 20:43:19 UTC,5239.78,0.3206,0.0043,0.0,-0.0016,-0.15,-37.43,STOP_LOSS_HIT,0.1012
1456,TRUMP_USDT,SHORT,StochasticRSI(FAST_SCALP-SHORT),2,0.2,1.596,1.592,1.592,1.604,2026-07-20 20:56:59 UTC,2026-07-20 21:56:09 UTC,3549.86,0.3192,0.0043,0.0,0.0008,0.08,18.8,MIN_PROFIT_TP_HIT,0.102
1457,TRUMP_USDT,LONG,StochasticRSI(FAST_SCALP-LONG),2,0.2,1.59,1.594,1.594,1.582,2026-07-20 22:02:59 UTC,2026-07-20 22:11:16 UTC,496.29,0.318,0.0042,0.0,0.0008,0.08,18.87,MIN_PROFIT_TP_HIT,0.1028
1458,TRUMP_USDT,SHORT,StochasticRSI(FAST_SCALP-SHORT),2,0.2,1.59,1.586,1.586,1.598,2026-07-20 22:14:59 UTC,2026-07-20 22:39:45 UTC,1485.08,0.318,0.0042,0.0,0.0008,0.08,18.87,MIN_PROFIT_TP_HIT,0.1036
1459,TRUMP_USDT,LONG,StochasticRSI(FAST_SCALP-LONG),2,0.2,1.585,1.589,1.589,1.577,2026-07-20 22:42:59 UTC,2026-07-20 23:01:44 UTC,1124.53,0.317,0.0042,0.0,0.0008,0.08,18.93,MIN_PROFIT_TP_HIT,0.1044
1460,TRUMP_USDT,SHORT,StochasticRSI(FAST_SCALP-SHORT),2,0.2,1.586,1.594,1.582,1.594,2026-07-20 23:05:59 UTC,2026-07-21 00:24:34 UTC,4714.17,0.3172,0.0042,0.0,-0.0016,-0.15,-37.83,STOP_LOSS_HIT,0.1028
1461,TRUMP_USDT,LONG,StochasticRSI(FAST_SCALP-LONG),2,0.2,1.595,1.599,1.599,1.587,2026-07-21 00:32:59 UTC,2026-07-21 00:42:23 UTC,563.75,0.319,0.0043,0.0,0.0008,0.08,18.81,MIN_PROFIT_TP_HIT,0.1036
1462,TRUMP_USDT,SHORT,StochasticRSI(FAST_SCALP-SHORT),2,0.2,1.6,1.596,1.596,1.608,2026-07-21 00:44:59 UTC,2026-07-21 00:56:02 UTC,662.83,0.32,0.0043,0.0,0.0008,0.08,18.75,MIN_PROFIT_TP_HIT,0.1044
1463,TRUMP_USDT,LONG,StochasticRSI(FAST_SCALP-LONG),2,0.2,1.595,1.599,1.599,1.587,2026-07-21 00:59:59 UTC,2026-07-21 01:03:01 UTC,181.65,0.319,0.0043,0.0,0.0008,0.08,18.81,MIN_PROFIT_TP_HIT,0.1052
1464,TRUMP_USDT,SHORT,StochasticRSI(FAST_SCALP-SHORT),2,0.2,1.597,1.593,1.593,1.605,2026-07-21 01:07:59 UTC,2026-07-21 01:58:48 UTC,3048.15,0.3194,0.0043,0.0,0.0008,0.08,18.79,MIN_PROFIT_TP_HIT,0.106
1465,TRUMP_USDT,LONG,StochasticRSI(FAST_SCALP-LONG),2,0.2,1.596,1.588,1.6,1.588,2026-07-21 02:01:59 UTC,2026-07-21 02:14:03 UTC,723.67,0.3192,0.0043,0.0,-0.0016,-0.15,-37.59,STOP_LOSS_HIT,0.1044
1466,TRUMP_USDT,LONG,StochasticRSI(FAST_SCALP-LONG),2,0.2,1.587,1.591,1.591,1.579,2026-07-21 02:21:59 UTC,2026-07-21 02:31:57 UTC,597.11,0.3174,0.0042,0.0,0.0008,0.08,18.9,MIN_PROFIT_TP_HIT,0.1052
1467,TRUMP_USDT,SHORT,StochasticRSI(FAST_SCALP-SHORT),2,0.2,1.591,1.599,1.587,1.599,2026-07-21 02:35:59 UTC,2026-07-21 03:04:13 UTC,1693.71,0.3182,0.0042,0.0,-0.0016,-0.15,-37.71,STOP_LOSS_HIT,0.1036
1468,TRUMP_USDT,SHORT,StochasticRSI(FAST_SCALP-SHORT),2,0.2,1.6,1.596,1.596,1.608,2026-07-21 03:07:59 UTC,2026-07-21 03:27:03 UTC,1143.85,0.32,0.0043,0.0,0.0008,0.08,18.75,MIN_PROFIT_TP_HIT,0.1044
1469,TRUMP_USDT,LONG,StochasticRSI(FAST_SCALP-LONG),2,0.2,1.597,1.601,1.601,1.589,2026-07-21 03:31:59 UTC,2026-07-21 04:07:35 UTC,2135.07,0.3194,0.0043,0.0,0.0008,0.08,18.79,MIN_PROFIT_TP_HIT,0.1052
1470,TRUMP_USDT,SHORT,StochasticRSI(FAST_SCALP-SHORT),2,0.2,1.594,1.59,1.59,1.602,2026-07-21 04:09:59 UTC,2026-07-21 04:16:12 UTC,372.64,0.3188,0.0043,0.0,0.0008,0.08,18.82,MIN_PROFIT_TP_HIT,0.106
1471,TRUMP_USDT,SHORT,StochasticRSI(FAST_SCALP-SHORT),2,0.2,1.592,1.6,1.588,1.6,2026-07-21 04:23:59 UTC,2026-07-21 05:08:17 UTC,2657.76,0.3184,0.0042,0.0,-0.0016,-0.15,-37.69,STOP_LOSS_HIT,0.1044
1472,TRUMP_USDT,SHORT,StochasticRSI(FAST_SCALP-SHORT),2,0.2,1.596,1.604,1.592,1.604,2026-07-21 05:13:59 UTC,2026-07-21 05:35:31 UTC,1291.61,0.3192,0.0043,0.0,-0.0016,-0.15,-37.59,STOP_LOSS_HIT,0.1028
1473,TRUMP_USDT,LONG,StochasticRSI(FAST_SCALP-LONG),2,0.2,1.602,1.606,1.606,1.594,2026-07-21 05:36:59 UTC,2026-07-21 05:49:36 UTC,756.3,0.3204,0.0043,0.0,0.0008,0.08,18.73,MIN_PROFIT_TP_HIT,0.1036
1474,TRUMP_USDT,SHORT,StochasticRSI(FAST_SCALP-SHORT),2,0.2,1.605,1.601,1.601,1.613,2026-07-21 05:52:59 UTC,2026-07-21 06:07:17 UTC,857.23,0.321,0.0043,0.0,0.0008,0.08,18.69,MIN_PROFIT_TP_HIT,0.1044
1475,TRUMP_USDT,LONG,StochasticRSI(FAST_SCALP-LONG),2,0.2,1.601,1.605,1.605,1.593,2026-07-21 06:08:59 UTC,2026-07-21 07:11:28 UTC,3748.12,0.3202,0.0043,0.0,0.0008,0.08,18.74,MIN_PROFIT_TP_HIT,0.1052
1476,TRUMP_USDT,LONG,StochasticRSI(FAST_SCALP-LONG),2,0.2,1.608,1.6,1.612,1.6,2026-07-21 07:12:59 UTC,2026-07-21 07:15:48 UTC,168.99,0.3216,0.0043,0.0,-0.0016,-0.15,-37.31,STOP_LOSS_HIT,0.1036
1477,TRUMP_USDT,LONG,StochasticRSI(FAST_SCALP-LONG),2,0.2,1.6,1.592,1.604,1.592,2026-07-21 07:19:59 UTC,2026-07-21 09:21:40 UTC,7300.49,0.32,0.0043,0.0,-0.0016,-0.15,-37.5,STOP_LOSS_HIT,0.102
1478,TRUMP_USDT,LONG,StochasticRSI(FAST_SCALP-LONG),2,0.2,1.593,1.597,1.597,1.585,2026-07-21 09:24:59 UTC,2026-07-21 09:44:03 UTC,1143.54,0.3186,0.0042,0.0,0.0008,0.08,18.83,MIN_PROFIT_TP_HIT,0.1028
1479,TRUMP_USDT,SHORT,StochasticRSI(FAST_SCALP-SHORT),2,0.2,1.598,1.594,1.594,1.606,2026-07-21 09:49:59 UTC,2026-07-21 10:09:33 UTC,1173.23,0.3196,0.0043,0.0,0.0008,0.08,18.77,MIN_PROFIT_TP_HIT,0.1036
1480,TRUMP_USDT,LONG,StochasticRSI(FAST_SCALP-LONG),2,0.2,1.594,1.598,1.598,1.586,2026-07-21 10:12:59 UTC,2026-07-21 10:26:20 UTC,800.17,0.3188,0.0043,0.0,0.0008,0.08,18.82,MIN_PROFIT_TP_HIT,0.1044
1481,TRUMP_USDT,SHORT,StochasticRSI(FAST_SCALP-SHORT),2,0.2,1.597,1.593,1.593,1.605,2026-07-21 10:28:59 UTC,2026-07-21 10:51:20 UTC,1340.31,0.3194,0.0043,0.0,0.0008,0.08,18.79,MIN_PROFIT_TP_HIT,0.1052
1482,TRUMP_USDT,LONG,StochasticRSI(FAST_SCALP-LONG),2,0.2,1.593,1.597,1.597,1.585,2026-07-21 10:58:59 UTC,2026-07-21 11:23:13 UTC,1453.86,0.3186,0.0042,0.0,0.0008,0.08,18.83,MIN_PROFIT_TP_HIT,0.106
1483,TRUMP_USDT,SHORT,StochasticRSI(FAST_SCALP-SHORT),2,0.2,1.597,1.605,1.593,1.605,2026-07-21 11:26:59 UTC,2026-07-21 13:35:08 UTC,7688.4,0.3194,0.0043,0.0,-0.0016,-0.15,-37.57,STOP_LOSS_HIT,0.1044
1484,TRUMP_USDT,SHORT,StochasticRSI(FAST_SCALP-SHORT),2,0.2,1.603,1.611,1.599,1.611,2026-07-21 13:37:59 UTC,2026-07-21 13:39:51 UTC,111.27,0.3206,0.0043,0.0,-0.0016,-0.15,-37.43,STOP_LOSS_HIT,0.1028
1485,TRUMP_USDT,LONG,StochasticRSI(FAST_SCALP-LONG),2,0.2,1.604,1.608,1.608,1.596,2026-07-21 13:45:59 UTC,2026-07-21 13:49:54 UTC,234.33,0.3208,0.0043,0.0,0.0008,0.08,18.7,MIN_PROFIT_TP_HIT,0.1036
1486,TRUMP_USDT,SHORT,StochasticRSI(FAST_SCALP-SHORT),2,0.2,1.606,1.602,1.602,1.614,2026-07-21 13:52:59 UTC,2026-07-21 14:22:31 UTC,1771.45,0.3212,0.0043,0.0,0.0008,0.08,18.68,MIN_PROFIT_TP_HIT,0.1044
1487,TRUMP_USDT,LONG,StochasticRSI(FAST_SCALP-LONG),2,0.2,1.599,1.603,1.603,1.591,2026-07-21 14:32:59 UTC,2026-07-21 14:42:58 UTC,598.74,0.3198,0.0043,0.0,0.0008,0.08,18.76,MIN_PROFIT_TP_HIT,0.1052
1488,TRUMP_USDT,SHORT,StochasticRSI(FAST_SCALP-SHORT),2,0.2,1.604,1.612,1.6,1.612,2026-07-21 14:46:59 UTC,2026-07-21 15:56:20 UTC,4160.42,0.3208,0.0043,0.0,-0.0016,-0.15,-37.41,STOP_LOSS_HIT,0.1036
1489,TRUMP_USDT,SHORT,StochasticRSI(FAST_SCALP-SHORT),2,0.2,1.609,1.605,1.605,1.617,2026-07-21 15:59:59 UTC,2026-07-21 16:02:31 UTC,151.87,0.3218,0.0043,0.0,0.0008,0.08,18.65,MIN_PROFIT_TP_HIT,0.1044
1490,TRUMP_USDT,LONG,StochasticRSI(FAST_SCALP-LONG),2,0.2,1.606,1.598,1.61,1.598,2026-07-21 16:03:59 UTC,2026-07-21 16:15:47 UTC,707.57,0.3212,0.0043,0.0,-0.0016,-0.15,-37.36,STOP_LOSS_HIT,0.1028
1491,TRUMP_USDT,SHORT,StochasticRSI(FAST_SCALP-SHORT),2,0.2,1.601,1.597,1.597,1.609,2026-07-21 16:22:59 UTC,2026-07-21 16:47:40 UTC,1480.04,0.3202,0.0043,0.0,0.0008,0.08,18.74,MIN_PROFIT_TP_HIT,0.1036
1492,TRUMP_USDT,LONG,StochasticRSI(FAST_SCALP-LONG),2,0.2,1.6,1.604,1.604,1.592,2026-07-21 16:49:59 UTC,2026-07-21 16:57:21 UTC,441.94,0.32,0.0043,0.0,0.0008,0.08,18.75,MIN_PROFIT_TP_HIT,0.1044
1493,TRUMP_USDT,SHORT,StochasticRSI(FAST_SCALP-SHORT),2,0.2,1.604,1.6,1.6,1.612,2026-07-21 17:00:59 UTC,2026-07-21 17:07:06 UTC,366.31,0.3208,0.0043,0.0,0.0008,0.08,18.7,MIN_PROFIT_TP_HIT,0.1052
1494,TRUMP_USDT,LONG,StochasticRSI(FAST_SCALP-LONG),2,0.2,1.6,1.592,1.604,1.592,2026-07-21 17:10:59 UTC,2026-07-21 17:46:57 UTC,2157.0,0.32,0.0043,0.0,-0.0016,-0.15,-37.5,STOP_LOSS_HIT,0.1036
1495,TRUMP_USDT,SHORT,StochasticRSI(FAST_SCALP-SHORT),2,0.2,1.599,1.595,1.595,1.607,2026-07-21 18:08:59 UTC,2026-07-21 18:27:44 UTC,1124.13,0.3198,0.0043,0.0,0.0008,0.08,18.76,MIN_PROFIT_TP_HIT,0.1044
1496,TRUMP_USDT,LONG,StochasticRSI(FAST_SCALP-LONG),2,0.2,1.6,1.604,1.604,1.592,2026-07-21 18:34:59 UTC,2026-07-21 19:22:24 UTC,2844.71,0.32,0.0043,0.0,0.0008,0.08,18.75,MIN_PROFIT_TP_HIT,0.1052
1497,TRUMP_USDT,SHORT,StochasticRSI(FAST_SCALP-SHORT),2,0.2,1.599,1.595,1.595,1.607,2026-07-21 19:28:59 UTC,2026-07-21 20:21:36 UTC,3156.04,0.3198,0.0043,0.0,0.0008,0.08,18.76,MIN_PROFIT_TP_HIT,0.106
1498,TRUMP_USDT,LONG,StochasticRSI(FAST_SCALP-LONG),2,0.2,1.595,1.599,1.599,1.587,2026-07-21 20:26:59 UTC,2026-07-21 20:35:16 UTC,496.58,0.319,0.0043,0.0,0.0008,0.08,18.81,MIN_PROFIT_TP_HIT,0.1068
1499,TRUMP_USDT,SHORT,StochasticRSI(FAST_SCALP-SHORT),2,0.2,1.597,1.593,1.593,1.605,2026-07-21 20:38:59 UTC,2026-07-21 20:52:51 UTC,831.07,0.3194,0.0043,0.0,0.0008,0.08,18.79,MIN_PROFIT_TP_HIT,0.1076
1500,TRUMP_USDT,LONG,StochasticRSI(FAST_SCALP-LONG),2,0.2,1.594,1.598,1.598,1.586,2026-07-21 20:55:59 UTC,2026-07-21 21:40:00 UTC,2640.48,0.3188,0.0043,0.0,0.0008,0.08,18.82,MIN_PROFIT_TP_HIT,0.1084
1501,TRUMP_USDT,SHORT,StochasticRSI(FAST_SCALP-SHORT),2,0.2,1.596,1.592,1.592,1.604,2026-07-21 21:42:59 UTC,2026-07-21 22:56:43 UTC,4423.3,0.3192,0.0043,0.0,0.0008,0.08,18.8,MIN_PROFIT_TP_HIT,0.1092
1502,TRUMP_USDT,LONG,StochasticRSI(FAST_SCALP-LONG),2,0.2,1.59,1.594,1.594,1.582,2026-07-21 23:00:59 UTC,2026-07-21 23:32:13 UTC,1873.57,0.318,0.0042,0.0,0.0008,0.08,18.87,MIN_PROFIT_TP_HIT,0.11
1503,TRUMP_USDT,LONG,StochasticRSI(FAST_SCALP-LONG),2,0.2,1.589,1.593,1.593,1.581,2026-07-21 23:41:59 UTC,2026-07-22 00:09:54 UTC,1674.4,0.3178,0.0042,0.0,0.0008,0.08,18.88,MIN_PROFIT_TP_HIT,0.1108
1504,TRUMP_USDT,SHORT,StochasticRSI(FAST_SCALP-SHORT),2,0.2,1.593,1.589,1.589,1.601,2026-07-22 00:11:59 UTC,2026-07-22 01:14:52 UTC,3772.96,0.3186,0.0042,0.0,0.0008,0.08,18.83,MIN_PROFIT_TP_HIT,0.1116
1505,TRUMP_USDT,LONG,StochasticRSI(FAST_SCALP-LONG),2,0.2,1.589,1.581,1.593,1.581,2026-07-22 01:19:59 UTC,2026-07-22 01:41:26 UTC,1286.03,0.3178,0.0042,0.0,-0.0016,-0.15,-37.76,STOP_LOSS_HIT,0.11
1506,TRUMP_USDT,LONG,StochasticRSI(FAST_SCALP-LONG),2,0.2,1.585,1.589,1.589,1.577,2026-07-22 01:45:59 UTC,2026-07-22 01:48:11 UTC,131.65,0.317,0.0042,0.0,0.0008,0.08,18.93,MIN_PROFIT_TP_HIT,0.1108
1507,TRUMP_USDT,SHORT,StochasticRSI(FAST_SCALP-SHORT),2,0.2,1.585,1.581,1.581,1.593,2026-07-22 01:50:59 UTC,2026-07-22 02:07:27 UTC,987.98,0.317,0.0042,0.0,0.0008,0.08,18.93,MIN_PROFIT_TP_HIT,0.1116
1508,TRUMP_USDT,SHORT,StochasticRSI(FAST_SCALP-SHORT),2,0.2,1.583,1.579,1.579,1.591,2026-07-22 02:21:59 UTC,2026-07-22 02:57:48 UTC,2148.07,0.3166,0.0042,0.0,0.0008,0.08,18.95,MIN_PROFIT_TP_HIT,0.1124
1509,TRUMP_USDT,SHORT,StochasticRSI(FAST_SCALP-SHORT),2,0.2,1.583,1.591,1.579,1.591,2026-07-22 03:03:59 UTC,2026-07-22 04:41:46 UTC,5866.7,0.3166,0.0042,0.0,-0.0016,-0.15,-37.9,STOP_LOSS_HIT,0.1108
1510,TRUMP_USDT,SHORT,StochasticRSI(FAST_SCALP-SHORT),2,0.2,1.591,1.587,1.587,1.599,2026-07-22 04:47:59 UTC,2026-07-22 05:16:51 UTC,1731.93,0.3182,0.0042,0.0,0.0008,0.08,18.86,MIN_PROFIT_TP_HIT,0.1116
1511,TRUMP_USDT,LONG,StochasticRSI(FAST_SCALP-LONG),2,0.2,1.586,1.59,1.59,1.578,2026-07-22 05:20:59 UTC,2026-07-22 05:54:36 UTC,2016.49,0.3172,0.0042,0.0,0.0008,0.08,18.92,MIN_PROFIT_TP_HIT,0.1124
1512,TRUMP_USDT,LONG,StochasticRSI(FAST_SCALP-LONG),2,0.2,1.584,1.588,1.588,1.576,2026-07-22 06:01:59 UTC,2026-07-22 06:36:24 UTC,2064.3,0.3168,0.0042,0.0,0.0008,0.08,18.94,MIN_PROFIT_TP_HIT,0.1132
1513,TRUMP_USDT,SHORT,StochasticRSI(FAST_SCALP-SHORT),2,0.2,1.589,1.585,1.585,1.597,2026-07-22 06:39:59 UTC,2026-07-22 07:06:41 UTC,1601.43,0.3178,0.0042,0.0,0.0008,0.08,18.88,MIN_PROFIT_TP_HIT,0.114
1514,TRUMP_USDT,LONG,StochasticRSI(FAST_SCALP-LONG),2,0.2,1.587,1.591,1.591,1.579,2026-07-22 07:11:59 UTC,2026-07-22 08:05:30 UTC,3210.18,0.3174,0.0042,0.0,0.0008,0.08,18.9,MIN_PROFIT_TP_HIT,0.1148
1515,TRUMP_USDT,SHORT,StochasticRSI(FAST_SCALP-SHORT),2,0.2,1.6,1.596,1.596,1.608,2026-07-22 08:10:59 UTC,2026-07-22 08:12:03 UTC,63.4,0.32,0.0043,0.0,0.0008,0.08,18.75,MIN_PROFIT_TP_HIT,0.1156
1516,TRUMP_USDT,LONG,StochasticRSI(FAST_SCALP-LONG),2,0.2,1.597,1.601,1.601,1.589,2026-07-22 08:20:59 UTC,2026-07-22 09:06:23 UTC,2723.58,0.3194,0.0043,0.0,0.0008,0.08,18.79,MIN_PROFIT_TP_HIT,0.1164
1517,TRUMP_USDT,LONG,StochasticRSI(FAST_SCALP-LONG),2,0.2,1.596,1.6,1.6,1.588,2026-07-22 09:14:59 UTC,2026-07-22 09:20:53 UTC,353.75,0.3192,0.0043,0.0,0.0008,0.08,18.8,MIN_PROFIT_TP_HIT,0.1172
1518,TRUMP_USDT,SHORT,StochasticRSI(FAST_SCALP-SHORT),2,0.2,1.599,1.607,1.595,1.607,2026-07-22 09:22:59 UTC,2026-07-22 10:07:28 UTC,2668.04,0.3198,0.0043,0.0,-0.0016,-0.15,-37.52,STOP_LOSS_HIT,0.1156
1519,TRUMP_USDT,SHORT,StochasticRSI(FAST_SCALP-SHORT),2,0.2,1.603,1.599,1.599,1.611,2026-07-22 10:11:59 UTC,2026-07-22 10:23:31 UTC,691.4,0.3206,0.0043,0.0,0.0008,0.08,18.71,MIN_PROFIT_TP_HIT,0.1164
1520,TRUMP_USDT,LONG,StochasticRSI(FAST_SCALP-LONG),2,0.2,1.6,1.604,1.604,1.592,2026-07-22 10:25:59 UTC,2026-07-22 10:33:42 UTC,462.6,0.32,0.0043,0.0,0.0008,0.08,18.75,MIN_PROFIT_TP_HIT,0.1172
1521,TRUMP_USDT,SHORT,StochasticRSI(FAST_SCALP-SHORT),2,0.2,1.604,1.6,1.6,1.612,2026-07-22 10:39:59 UTC,2026-07-22 11:07:02 UTC,1622.3,0.3208,0.0043,0.0,0.0008,0.08,18.7,MIN_PROFIT_TP_HIT,0.118
1522,TRUMP_USDT,LONG,StochasticRSI(FAST_SCALP-LONG),2,0.2,1.599,1.603,1.603,1.591,2026-07-22 11:11:59 UTC,2026-07-22 11:59:04 UTC,2824.86,0.3198,0.0043,0.0,0.0008,0.08,18.76,MIN_PROFIT_TP_HIT,0.1188
1523,TRUMP_USDT,SHORT,StochasticRSI(FAST_SCALP-SHORT),2,0.2,1.6,1.596,1.596,1.608,2026-07-22 12:03:59 UTC,2026-07-22 12:07:44 UTC,224.7,0.32,0.0043,0.0,0.0008,0.08,18.75,MIN_PROFIT_TP_HIT,0.1196
1524,TRUMP_USDT,LONG,StochasticRSI(FAST_SCALP-LONG),2,0.2,1.597,1.589,1.601,1.589,2026-07-22 12:11:59 UTC,2026-07-22 12:49:37 UTC,2257.32,0.3194,0.0043,0.0,-0.0016,-0.15,-37.57,STOP_LOSS_HIT,0.118
1525,TRUMP_USDT,SHORT,StochasticRSI(FAST_SCALP-SHORT),2,0.2,1.589,1.585,1.585,1.597,2026-07-22 12:50:59 UTC,2026-07-22 12:56:52 UTC,352.77,0.3178,0.0042,0.0,0.0008,0.08,18.88,MIN_PROFIT_TP_HIT,0.1188
1526,TRUMP_USDT,SHORT,StochasticRSI(FAST_SCALP-SHORT),2,0.2,1.59,1.586,1.586,1.598,2026-07-22 13:04:59 UTC,2026-07-22 13:27:20 UTC,1340.19,0.318,0.0042,0.0,0.0008,0.08,18.87,MIN_PROFIT_TP_HIT,0.1196
1527,TRUMP_USDT,LONG,StochasticRSI(FAST_SCALP-LONG),2,0.2,1.587,1.591,1.591,1.579,2026-07-22 13:29:59 UTC,2026-07-22 13:31:07 UTC,67.8,0.3174,0.0042,0.0,0.0008,0.08,18.9,MIN_PROFIT_TP_HIT,0.1204
1528,TRUMP_USDT,SHORT,StochasticRSI(FAST_SCALP-SHORT),2,0.2,1.594,1.602,1.59,1.602,2026-07-22 13:37:59 UTC,2026-07-22 14:05:04 UTC,1624.03,0.3188,0.0043,0.0,-0.0016,-0.15,-37.64,STOP_LOSS_HIT,0.1188
1529,TRUMP_USDT,SHORT,StochasticRSI(FAST_SCALP-SHORT),2,0.2,1.599,1.595,1.595,1.607,2026-07-22 14:08:59 UTC,2026-07-22 14:15:11 UTC,371.51,0.3198,0.0043,0.0,0.0008,0.08,18.76,MIN_PROFIT_TP_HIT,0.1196
1530,TRUMP_USDT,LONG,StochasticRSI(FAST_SCALP-LONG),2,0.2,1.597,1.601,1.601,1.589,2026-07-22 14:18:59 UTC,2026-07-22 15:00:29 UTC,2489.16,0.3194,0.0043,0.0,0.0008,0.08,18.79,MIN_PROFIT_TP_HIT,0.1204
1531,TRUMP_USDT,SHORT,StochasticRSI(FAST_SCALP-SHORT),2,0.2,1.601,1.609,1.597,1.609,2026-07-22 15:02:59 UTC,2026-07-22 16:01:15 UTC,3495.35,0.3202,0.0043,0.0,-0.0016,-0.15,-37.48,STOP_LOSS_HIT,0.1188
1532,TRUMP_USDT,SHORT,StochasticRSI(FAST_SCALP-SHORT),2,0.2,1.605,1.601,1.601,1.613,2026-07-22 16:03:59 UTC,2026-07-22 16:13:44 UTC,584.97,0.321,0.0043,0.0,0.0008,0.08,18.69,MIN_PROFIT_TP_HIT,0.1196
1533,TRUMP_USDT,LONG,StochasticRSI(FAST_SCALP-LONG),2,0.2,1.578,1.582,1.582,1.57,2026-07-22 16:17:59 UTC,2026-07-22 16:18:48 UTC,48.1,0.3156,0.0042,0.0,0.0008,0.08,19.01,MIN_PROFIT_TP_HIT,0.1204
1534,TRUMP_USDT,SHORT,StochasticRSI(FAST_SCALP-SHORT),2,0.2,1.591,1.599,1.587,1.599,2026-07-22 16:30:59 UTC,2026-07-22 16:31:48 UTC,48.61,0.3182,0.0042,0.0,-0.0016,-0.15,-37.71,STOP_LOSS_HIT,0.1188
1535,TRUMP_USDT,SHORT,StochasticRSI(FAST_SCALP-SHORT),2,0.2,1.601,1.609,1.597,1.609,2026-07-22 16:35:59 UTC,2026-07-22 16:55:42 UTC,1182.46,0.3202,0.0043,0.0,-0.0016,-0.15,-37.48,STOP_LOSS_HIT,0.1172
1536,TRUMP_USDT,SHORT,StochasticRSI(FAST_SCALP-SHORT),2,0.2,1.611,1.619,1.607,1.619,2026-07-22 16:59:59 UTC,2026-07-22 17:11:34 UTC,694.22,0.3222,0.0043,0.0,-0.0016,-0.15,-37.24,STOP_LOSS_HIT,0.1156
1537,TRUMP_USDT,LONG,StochasticRSI(FAST_SCALP-LONG),2,0.2,1.621,1.613,1.625,1.613,2026-07-22 17:12:59 UTC,2026-07-22 17:19:42 UTC,402.6,0.3242,0.0043,0.0,-0.0016,-0.15,-37.01,STOP_LOSS_HIT,0.114
1538,TRUMP_USDT,LONG,StochasticRSI(FAST_SCALP-LONG),2,0.2,1.608,1.612,1.612,1.6,2026-07-22 17:25:59 UTC,2026-07-22 17:31:04 UTC,304.44,0.3216,0.0043,0.0,0.0008,0.08,18.66,MIN_PROFIT_TP_HIT,0.1148
1539,TRUMP_USDT,SHORT,StochasticRSI(FAST_SCALP-SHORT),2,0.2,1.622,1.618,1.618,1.63,2026-07-22 17:37:59 UTC,2026-07-22 17:41:09 UTC,189.77,0.3244,0.0043,0.0,0.0008,0.08,18.5,MIN_PROFIT_TP_HIT,0.1156
1540,TRUMP_USDT,LONG,StochasticRSI(FAST_SCALP-LONG),2,0.2,1.629,1.621,1.633,1.621,2026-07-22 17:44:59 UTC,2026-07-22 17:49:24 UTC,264.03,0.3258,0.0043,0.0,-0.0016,-0.15,-36.83,STOP_LOSS_HIT,0.114
1541,TRUMP_USDT,LONG,StochasticRSI(FAST_SCALP-LONG),2,0.2,1.617,1.621,1.621,1.609,2026-07-22 17:57:59 UTC,2026-07-22 18:00:57 UTC,177.39,0.3234,0.0043,0.0,0.0008,0.08,18.55,MIN_PROFIT_TP_HIT,0.1148
1542,TRUMP_USDT,SHORT,StochasticRSI(FAST_SCALP-SHORT),2,0.2,1.616,1.612,1.612,1.624,2026-07-22 18:22:59 UTC,2026-07-22 18:37:39 UTC,879.63,0.3232,0.0043,0.0,0.0008,0.08,18.56,MIN_PROFIT_TP_HIT,0.1156
1543,TRUMP_USDT,LONG,StochasticRSI(FAST_SCALP-LONG),2,0.2,1.613,1.617,1.617,1.605,2026-07-22 18:41:59 UTC,2026-07-22 18:48:03 UTC,363.1,0.3226,0.0043,0.0,0.0008,0.08,18.6,MIN_PROFIT_TP_HIT,0.1164
1544,TRUMP_USDT,SHORT,StochasticRSI(FAST_SCALP-SHORT),2,0.2,1.614,1.61,1.61,1.622,2026-07-22 18:49:59 UTC,2026-07-22 19:08:11 UTC,1091.62,0.3228,0.0043,0.0,0.0008,0.08,18.59,MIN_PROFIT_TP_HIT,0.1172
1545,TRUMP_USDT,LONG,StochasticRSI(FAST_SCALP-LONG),2,0.2,1.609,1.613,1.613,1.601,2026-07-22 19:11:59 UTC,2026-07-22 19:19:12 UTC,432.03,0.3218,0.0043,0.0,0.0008,0.08,18.65,MIN_PROFIT_TP_HIT,0.118
1546,TRUMP_USDT,SHORT,StochasticRSI(FAST_SCALP-SHORT),2,0.2,1.611,1.607,1.607,1.619,2026-07-22 19:21:59 UTC,2026-07-22 19:46:43 UTC,1483.58,0.3222,0.0043,0.0,0.0008,0.08,18.62,MIN_PROFIT_TP_HIT,0.1188
1547,TRUMP_USDT,LONG,StochasticRSI(FAST_SCALP-LONG),2,0.2,1.609,1.613,1.613,1.601,2026-07-22 19:49:59 UTC,2026-07-22 20:19:13 UTC,1753.21,0.3218,0.0043,0.0,0.0008,0.08,18.65,MIN_PROFIT_TP_HIT,0.1196
1548,TRUMP_USDT,SHORT,StochasticRSI(FAST_SCALP-SHORT),2,0.2,1.613,1.621,1.609,1.621,2026-07-22 20:23:59 UTC,2026-07-22 20:28:42 UTC,282.29,0.3226,0.0043,0.0,-0.0016,-0.15,-37.2,STOP_LOSS_HIT,0.118
1549,TRUMP_USDT,SHORT,StochasticRSI(FAST_SCALP-SHORT),2,0.2,1.621,1.629,1.617,1.629,2026-07-22 20:32:59 UTC,2026-07-22 20:37:31 UTC,271.4,0.3242,0.0043,0.0,-0.0016,-0.15,-37.01,STOP_LOSS_HIT,0.1164
1550,TRUMP_USDT,LONG,StochasticRSI(FAST_SCALP-LONG),2,0.2,1.621,1.613,1.625,1.613,2026-07-22 20:43:59 UTC,2026-07-22 21:25:04 UTC,2464.05,0.3242,0.0043,0.0,-0.0016,-0.15,-37.01,STOP_LOSS_HIT,0.1148
1551,TRUMP_USDT,LONG,StochasticRSI(FAST_SCALP-LONG),2,0.2,1.611,1.615,1.615,1.603,2026-07-22 21:30:59 UTC,2026-07-22 21:44:48 UTC,828.1,0.3222,0.0043,0.0,0.0008,0.08,18.62,MIN_PROFIT_TP_HIT,0.1156
1552,TRUMP_USDT,SHORT,StochasticRSI(FAST_SCALP-SHORT),2,0.2,1.615,1.611,1.611,1.623,2026-07-22 21:50:59 UTC,2026-07-22 21:54:17 UTC,197.4,0.323,0.0043,0.0,0.0008,0.08,18.58,MIN_PROFIT_TP_HIT,0.1164
1553,TRUMP_USDT,LONG,StochasticRSI(FAST_SCALP-LONG),2,0.2,1.616,1.608,1.62,1.608,2026-07-22 21:57:59 UTC,2026-07-22 22:21:24 UTC,1404.71,0.3232,0.0043,0.0,-0.0016,-0.15,-37.13,STOP_LOSS_HIT,0.1148
1554,TRUMP_USDT,SHORT,StochasticRSI(FAST_SCALP-SHORT),2,0.2,1.613,1.609,1.609,1.621,2026-07-22 22:35:59 UTC,2026-07-22 22:39:49 UTC,229.13,0.3226,0.0043,0.0,0.0008,0.08,18.6,MIN_PROFIT_TP_HIT,0.1156
1555,TRUMP_USDT,LONG,StochasticRSI(FAST_SCALP-LONG),2,0.2,1.612,1.616,1.616,1.604,2026-07-22 22:43:59 UTC,2026-07-22 22:55:12 UTC,672.86,0.3224,0.0043,0.0,0.0008,0.08,18.61,MIN_PROFIT_TP_HIT,0.1164
1556,TRUMP_USDT,SHORT,StochasticRSI(FAST_SCALP-SHORT),2,0.2,1.615,1.611,1.611,1.623,2026-07-22 22:58:59 UTC,2026-07-22 23:00:13 UTC,73.9,0.323,0.0043,0.0,0.0008,0.08,18.58,MIN_PROFIT_TP_HIT,0.1172
1557,TRUMP_USDT,LONG,StochasticRSI(FAST_SCALP-LONG),2,0.2,1.605,1.609,1.609,1.597,2026-07-22 23:16:59 UTC,2026-07-22 23:59:00 UTC,2520.82,0.321,0.0043,0.0,0.0008,0.08,18.69,MIN_PROFIT_TP_HIT,0.118
1558,TRUMP_USDT,SHORT,StochasticRSI(FAST_SCALP-SHORT),2,0.2,1.609,1.605,1.605,1.617,2026-07-23 00:03:59 UTC,2026-07-23 00:50:59 UTC,2819.52,0.3218,0.0043,0.0,0.0008,0.08,18.65,MIN_PROFIT_TP_HIT,0.1188
1559,TRUMP_USDT,LONG,StochasticRSI(FAST_SCALP-LONG),2,0.2,1.603,1.595,1.607,1.595,2026-07-23 00:58:59 UTC,2026-07-23 01:30:04 UTC,1864.72,0.3206,0.0043,0.0,-0.0016,-0.15,-37.43,STOP_LOSS_HIT,0.1172
1560,TRUMP_USDT,LONG,StochasticRSI(FAST_SCALP-LONG),2,0.2,1.596,1.588,1.6,1.588,2026-07-23 01:33:59 UTC,2026-07-23 02:00:15 UTC,1575.87,0.3192,0.0043,0.0,-0.0016,-0.15,-37.59,STOP_LOSS_HIT,0.1156
1561,TRUMP_USDT,LONG,StochasticRSI(FAST_SCALP-LONG),2,0.2,1.593,1.597,1.597,1.585,2026-07-23 02:02:59 UTC,2026-07-23 02:04:49 UTC,109.9,0.3186,0.0042,0.0,0.0008,0.08,18.83,MIN_PROFIT_TP_HIT,0.1164
1562,TRUMP_USDT,SHORT,StochasticRSI(FAST_SCALP-SHORT),2,0.2,1.597,1.593,1.593,1.605,2026-07-23 02:08:59 UTC,2026-07-23 02:12:45 UTC,225.26,0.3194,0.0043,0.0,0.0008,0.08,18.79,MIN_PROFIT_TP_HIT,0.1172
1563,TRUMP_USDT,LONG,StochasticRSI(FAST_SCALP-LONG),2,0.2,1.593,1.597,1.597,1.585,2026-07-23 02:14:59 UTC,2026-07-23 02:53:37 UTC,2317.13,0.3186,0.0042,0.0,0.0008,0.08,18.83,MIN_PROFIT_TP_HIT,0.118
1564,TRUMP_USDT,LONG,StochasticRSI(FAST_SCALP-LONG),2,0.2,1.594,1.598,1.598,1.586,2026-07-23 03:14:59 UTC,2026-07-23 04:20:34 UTC,3934.7,0.3188,0.0043,0.0,0.0008,0.08,18.82,MIN_PROFIT_TP_HIT,0.1188
1565,TRUMP_USDT,SHORT,StochasticRSI(FAST_SCALP-SHORT),2,0.2,1.599,1.607,1.595,1.607,2026-07-23 04:23:59 UTC,2026-07-23 04:39:50 UTC,950.75,0.3198,0.0043,0.0,-0.0016,-0.15,-37.52,STOP_LOSS_HIT,0.1172
1566,TRUMP_USDT,SHORT,StochasticRSI(FAST_SCALP-SHORT),2,0.2,1.6,1.608,1.596,1.608,2026-07-23 04:41:59 UTC,2026-07-23 06:17:23 UTC,5723.49,0.32,0.0043,0.0,-0.0016,-0.15,-37.5,STOP_LOSS_HIT,0.1156
1567,TRUMP_USDT,LONG,StochasticRSI(FAST_SCALP-LONG),2,0.2,1.611,1.615,1.615,1.603,2026-07-23 06:18:59 UTC,2026-07-23 06:32:45 UTC,825.6,0.3222,0.0043,0.0,0.0008,0.08,18.62,MIN_PROFIT_TP_HIT,0.1164
1568,TRUMP_USDT,SHORT,StochasticRSI(FAST_SCALP-SHORT),2,0.2,1.628,1.624,1.624,1.636,2026-07-23 06:36:59 UTC,2026-07-23 06:39:33 UTC,153.08,0.3256,0.0043,0.0,0.0008,0.08,18.43,MIN_PROFIT_TP_HIT,0.1172
1569,TRUMP_USDT,LONG,StochasticRSI(FAST_SCALP-LONG),2,0.2,1.627,1.619,1.631,1.619,2026-07-23 06:46:59 UTC,2026-07-23 06:50:03 UTC,183.4,0.3254,0.0043,0.0,-0.0016,-0.15,-36.88,STOP_LOSS_HIT,0.1156
1570,TRUMP_USDT,LONG,StochasticRSI(FAST_SCALP-LONG),2,0.2,1.621,1.613,1.625,1.613,2026-07-23 06:52:59 UTC,2026-07-23 07:11:31 UTC,1111.04,0.3242,0.0043,0.0,-0.0016,-0.15,-37.01,STOP_LOSS_HIT,0.114
1571,TRUMP_USDT,LONG,StochasticRSI(FAST_SCALP-LONG),2,0.2,1.615,1.619,1.619,1.607,2026-07-23 07:15:59 UTC,2026-07-23 07:22:12 UTC,372.41,0.323,0.0043,0.0,0.0008,0.08,18.58,MIN_PROFIT_TP_HIT,0.1148
1572,TRUMP_USDT,SHORT,StochasticRSI(FAST_SCALP-SHORT),2,0.2,1.625,1.633,1.621,1.633,2026-07-23 07:25:59 UTC,2026-07-23 07:31:34 UTC,334.59,0.325,0.0043,0.0,-0.0016,-0.15,-36.92,STOP_LOSS_HIT,0.1132
1573,TRUMP_USDT,SHORT,StochasticRSI(FAST_SCALP-SHORT),2,0.2,1.629,1.625,1.625,1.637,2026-07-23 07:33:59 UTC,2026-07-23 07:38:55 UTC,295.09,0.3258,0.0043,0.0,0.0008,0.08,18.42,MIN_PROFIT_TP_HIT,0.114
1574,TRUMP_USDT,LONG,StochasticRSI(FAST_SCALP-LONG),2,0.2,1.622,1.626,1.626,1.614,2026-07-23 07:40:59 UTC,2026-07-23 07:52:25 UTC,685.18,0.3244,0.0043,0.0,0.0008,0.08,18.5,MIN_PROFIT_TP_HIT,0.1148
1575,TRUMP_USDT,SHORT,StochasticRSI(FAST_SCALP-SHORT),2,0.2,1.626,1.634,1.622,1.634,2026-07-23 07:54:59 UTC,2026-07-23 08:14:18 UTC,1158.18,0.3252,0.0043,0.0,-0.0016,-0.15,-36.9,STOP_LOSS_HIT,0.1132
1576,TRUMP_USDT,SHORT,StochasticRSI(FAST_SCALP-SHORT),2,0.2,1.633,1.641,1.629,1.641,2026-07-23 08:17:59 UTC,2026-07-23 08:26:13 UTC,493.46,0.3266,0.0044,0.0,-0.0016,-0.15,-36.74,STOP_LOSS_HIT,0.1116
1577,TRUMP_USDT,LONG,StochasticRSI(FAST_SCALP-LONG),2,0.2,1.637,1.641,1.641,1.629,2026-07-23 08:36:59 UTC,2026-07-23 09:02:51 UTC,1551.93,0.3274,0.0044,0.0,0.0008,0.08,18.33,MIN_PROFIT_TP_HIT,0.1124
1578,TRUMP_USDT,SHORT,StochasticRSI(FAST_SCALP-SHORT),2,0.2,1.638,1.634,1.634,1.646,2026-07-23 09:04:59 UTC,2026-07-23 09:06:19 UTC,79.11,0.3276,0.0044,0.0,0.0008,0.08,18.32,MIN_PROFIT_TP_HIT,0.1132
1579,TRUMP_USDT,LONG,StochasticRSI(FAST_SCALP-LONG),2,0.2,1.631,1.635,1.635,1.623,2026-07-23 09:10:59 UTC,2026-07-23 09:23:48 UTC,768.02,0.3262,0.0043,0.0,0.0008,0.08,18.39,MIN_PROFIT_TP_HIT,0.114
1580,TRUMP_USDT,SHORT,StochasticRSI(FAST_SCALP-SHORT),2,0.2,1.636,1.632,1.632,1.644,2026-07-23 09:27:59 UTC,2026-07-23 09:55:29 UTC,1649.76,0.3272,0.0044,0.0,0.0008,0.08,18.34,MIN_PROFIT_TP_HIT,0.1148
1581,TRUMP_USDT,LONG,StochasticRSI(FAST_SCALP-LONG),2,0.2,1.633,1.637,1.637,1.625,2026-07-23 09:59:59 UTC,2026-07-23 10:03:51 UTC,231.72,0.3266,0.0044,0.0,0.0008,0.08,18.37,MIN_PROFIT_TP_HIT,0.1156
1582,TRUMP_USDT,SHORT,StochasticRSI(FAST_SCALP-SHORT),2,0.2,1.639,1.635,1.635,1.647,2026-07-23 10:09:59 UTC,2026-07-23 10:20:19 UTC,619.23,0.3278,0.0044,0.0,0.0008,0.08,18.3,MIN_PROFIT_TP_HIT,0.1164
1583,TRUMP_USDT,LONG,StochasticRSI(FAST_SCALP-LONG),2,0.2,1.638,1.642,1.642,1.63,2026-07-23 10:22:59 UTC,2026-07-23 10:53:54 UTC,1854.58,0.3276,0.0044,0.0,0.0008,0.08,18.32,MIN_PROFIT_TP_HIT,0.1172
1584,TRUMP_USDT,SHORT,StochasticRSI(FAST_SCALP-SHORT),2,0.2,1.645,1.641,1.641,1.653,2026-07-23 10:58:59 UTC,2026-07-23 11:02:51 UTC,231.2,0.329,0.0044,0.0,0.0008,0.08,18.24,MIN_PROFIT_TP_HIT,0.118
1585,TRUMP_USDT,LONG,StochasticRSI(FAST_SCALP-LONG),2,0.2,1.64,1.644,1.644,1.632,2026-07-23 11:10:59 UTC,2026-07-23 11:22:34 UTC,694.76,0.328,0.0044,0.0,0.0008,0.08,18.29,MIN_PROFIT_TP_HIT,0.1188
1586,TRUMP_USDT,SHORT,StochasticRSI(FAST_SCALP-SHORT),2,0.2,1.644,1.64,1.64,1.652,2026-07-23 11:27:59 UTC,2026-07-23 11:39:24 UTC,684.06,0.3288,0.0044,0.0,0.0008,0.08,18.25,MIN_PROFIT_TP_HIT,0.1196
1587,TRUMP_USDT,LONG,StochasticRSI(FAST_SCALP-LONG),2,0.2,1.642,1.646,1.646,1.634,2026-07-23 11:46:59 UTC,2026-07-23 11:50:23 UTC,203.96,0.3284,0.0044,0.0,0.0008,0.08,18.27,MIN_PROFIT_TP_HIT,0.1204
1588,TRUMP_USDT,SHORT,StochasticRSI(FAST_SCALP-SHORT),2,0.2,1.644,1.652,1.64,1.652,2026-07-23 11:52:59 UTC,2026-07-23 12:06:41 UTC,821.27,0.3288,0.0044,0.0,-0.0016,-0.15,-36.5,STOP_LOSS_HIT,0.1188
1589,TRUMP_USDT,SHORT,StochasticRSI(FAST_SCALP-SHORT),2,0.2,1.657,1.653,1.653,1.665,2026-07-23 12:09:59 UTC,2026-07-23 12:10:39 UTC,39.85,0.3314,0.0044,0.0,0.0008,0.08,18.11,MIN_PROFIT_TP_HIT,0.1196
1590,TRUMP_USDT,SHORT,StochasticRSI(FAST_SCALP-SHORT),2,0.2,1.662,1.658,1.658,1.67,2026-07-23 12:17:59 UTC,2026-07-23 12:24:41 UTC,401.14,0.3324,0.0044,0.0,0.0008,0.08,18.05,MIN_PROFIT_TP_HIT,0.1204
1591,TRUMP_USDT,LONG,StochasticRSI(FAST_SCALP-LONG),2,0.2,1.649,1.653,1.653,1.641,2026-07-23 12:28:59 UTC,2026-07-23 12:31:08 UTC,128.28,0.3298,0.0044,0.0,0.0008,0.08,18.19,MIN_PROFIT_TP_HIT,0.1212
1592,TRUMP_USDT,SHORT,StochasticRSI(FAST_SCALP-SHORT),2,0.2,1.659,1.655,1.655,1.667,2026-07-23 12:35:59 UTC,2026-07-23 12:36:09 UTC,9.13,0.3318,0.0044,0.0,0.0008,0.08,18.08,MIN_PROFIT_TP_HIT,0.122
1593,TRUMP_USDT,LONG,StochasticRSI(FAST_SCALP-LONG),2,0.2,1.638,1.642,1.642,1.63,2026-07-23 12:42:59 UTC,2026-07-23 12:43:47 UTC,47.97,0.3276,0.0044,0.0,0.0008,0.08,18.32,MIN_PROFIT_TP_HIT,0.1228
1594,TRUMP_USDT,LONG,StochasticRSI(FAST_SCALP-LONG),2,0.2,1.64,1.644,1.644,1.632,2026-07-23 12:49:59 UTC,2026-07-23 12:51:28 UTC,88.83,0.328,0.0044,0.0,0.0008,0.08,18.29,MIN_PROFIT_TP_HIT,0.1236
1595,TRUMP_USDT,SHORT,StochasticRSI(FAST_SCALP-SHORT),2,0.2,1.642,1.638,1.638,1.65,2026-07-23 12:53:59 UTC,2026-07-23 12:55:37 UTC,97.41,0.3284,0.0044,0.0,0.0008,0.08,18.27,MIN_PROFIT_TP_HIT,0.1244
1596,TRUMP_USDT,LONG,StochasticRSI(FAST_SCALP-LONG),2,0.2,1.633,1.637,1.637,1.625,2026-07-23 13:01:59 UTC,2026-07-23 13:04:45 UTC,165.54,0.3266,0.0044,0.0,0.0008,0.08,18.37,MIN_PROFIT_TP_HIT,0.1252
1597,TRUMP_USDT,SHORT,StochasticRSI(FAST_SCALP-SHORT),2,0.2,1.64,1.636,1.636,1.648,2026-07-23 13:16:59 UTC,2026-07-23 13:19:26 UTC,146.81,0.328,0.0044,0.0,0.0008,0.08,18.29,MIN_PROFIT_TP_HIT,0.126
1598,TRUMP_USDT,LONG,StochasticRSI(FAST_SCALP-LONG),2,0.2,1.631,1.635,1.635,1.623,2026-07-23 13:31:59 UTC,2026-07-23 13:32:18 UTC,18.05,0.3262,0.0043,0.0,0.0008,0.08,18.39,MIN_PROFIT_TP_HIT,0.1268
1599,TRUMP_USDT,SHORT,StochasticRSI(FAST_SCALP-SHORT),2,0.2,1.637,1.633,1.633,1.645,2026-07-23 13:37:59 UTC,2026-07-23 13:38:17 UTC,17.01,0.3274,0.0044,0.0,0.0008,0.08,18.33,MIN_PROFIT_TP_HIT,0.1276
1600,TRUMP_USDT,LONG,StochasticRSI(FAST_SCALP-LONG),2,0.2,1.635,1.627,1.639,1.627,2026-07-23 13:44:59 UTC,2026-07-23 13:47:44 UTC,164.32,0.327,0.0044,0.0,-0.0016,-0.15,-36.7,STOP_LOSS_HIT,0.126
1601,TRUMP_USDT,SHORT,StochasticRSI(FAST_SCALP-SHORT),2,0.2,1.634,1.63,1.63,1.642,2026-07-23 13:57:59 UTC,2026-07-23 13:58:19 UTC,19.35,0.3268,0.0044,0.0,0.0008,0.08,18.36,MIN_PROFIT_TP_HIT,0.1268
1602,TRUMP_USDT,LONG,StochasticRSI(FAST_SCALP-LONG),2,0.2,1.635,1.639,1.639,1.627,2026-07-23 14:05:59 UTC,2026-07-23 14:10:14 UTC,254.94,0.327,0.0044,0.0,0.0008,0.08,18.35,MIN_PROFIT_TP_HIT,0.1276
1603,TRUMP_USDT,SHORT,StochasticRSI(FAST_SCALP-SHORT),2,0.2,1.636,1.644,1.632,1.644,2026-07-23 14:18:59 UTC,2026-07-23 14:28:07 UTC,547.63,0.3272,0.0044,0.0,-0.0016,-0.15,-36.67,STOP_LOSS_HIT,0.126
1604,TRUMP_USDT,SHORT,StochasticRSI(FAST_SCALP-SHORT),2,0.2,1.639,1.647,1.635,1.647,2026-07-23 14:32:59 UTC,2026-07-23 14:35:48 UTC,168.32,0.3278,0.0044,0.0,-0.0016,-0.15,-36.61,STOP_LOSS_HIT,0.1244
1605,TRUMP_USDT,SHORT,StochasticRSI(FAST_SCALP-SHORT),2,0.2,1.644,1.64,1.64,1.652,2026-07-23 14:48:59 UTC,2026-07-23 14:51:49 UTC,169.5,0.3288,0.0044,0.0,0.0008,0.08,18.25,MIN_PROFIT_TP_HIT,0.1252
1606,TRUMP_USDT,LONG,StochasticRSI(FAST_SCALP-LONG),2,0.2,1.644,1.636,1.648,1.636,2026-07-23 14:53:59 UTC,2026-07-23 15:00:29 UTC,389.74,0.3288,0.0044,0.0,-0.0016,-0.15,-36.5,STOP_LOSS_HIT,0.1236
1607,TRUMP_USDT,LONG,StochasticRSI(FAST_SCALP-LONG),2,0.2,1.637,1.629,1.641,1.629,2026-07-23 15:04:59 UTC,2026-07-23 15:07:02 UTC,122.17,0.3274,0.0044,0.0,-0.0016,-0.15,-36.65,STOP_LOSS_HIT,0.122
1608,TRUMP_USDT,LONG,StochasticRSI(FAST_SCALP-LONG),2,0.2,1.628,1.632,1.632,1.62,2026-07-23 15:11:59 UTC,2026-07-23 15:17:38 UTC,338.81,0.3256,0.0043,0.0,0.0008,0.08,18.43,MIN_PROFIT_TP_HIT,0.1228
1609,TRUMP_USDT,SHORT,StochasticRSI(FAST_SCALP-SHORT),2,0.2,1.629,1.637,1.625,1.637,2026-07-23 15:19:59 UTC,2026-07-23 15:23:27 UTC,207.68,0.3258,0.0043,0.0,-0.0016,-0.15,-36.83,STOP_LOSS_HIT,0.1212
1610,TRUMP_USDT,SHORT,StochasticRSI(FAST_SCALP-SHORT),2,0.2,1.631,1.639,1.627,1.639,2026-07-23 15:26:59 UTC,2026-07-23 15:58:14 UTC,1874.66,0.3262,0.0043,0.0,-0.0016,-0.15,-36.79,STOP_LOSS_HIT,0.1196
1611,TRUMP_USDT,SHORT,StochasticRSI(FAST_SCALP-SHORT),2,0.2,1.638,1.634,1.634,1.646,2026-07-23 16:01:59 UTC,2026-07-23 16:04:37 UTC,157.41,0.3276,0.0044,0.0,0.0008,0.08,18.32,MIN_PROFIT_TP_HIT,0.1204
1612,TRUMP_USDT,LONG,StochasticRSI(FAST_SCALP-LONG),2,0.2,1.638,1.642,1.642,1.63,2026-07-23 16:10:59 UTC,2026-07-23 16:14:10 UTC,190.41,0.3276,0.0044,0.0,0.0008,0.08,18.32,MIN_PROFIT_TP_HIT,0.1212
1613,TRUMP_USDT,SHORT,StochasticRSI(FAST_SCALP-SHORT),2,0.2,1.643,1.639,1.639,1.651,2026-07-23 16:17:59 UTC,2026-07-23 16:19:31 UTC,91.34,0.3286,0.0044,0.0,0.0008,0.08,18.26,MIN_PROFIT_TP_HIT,0.122
1614,TRUMP_USDT,LONG,StochasticRSI(FAST_SCALP-LONG),2,0.2,1.642,1.634,1.646,1.634,2026-07-23 16:22:59 UTC,2026-07-23 16:45:14 UTC,1334.91,0.3284,0.0044,0.0,-0.0016,-0.15,-36.54,STOP_LOSS_HIT,0.1204
1615,TRUMP_USDT,LONG,StochasticRSI(FAST_SCALP-LONG),2,0.2,1.631,1.623,1.635,1.623,2026-07-23 16:58:59 UTC,2026-07-23 17:02:07 UTC,187.81,0.3262,0.0043,0.0,-0.0016,-0.15,-36.79,STOP_LOSS_HIT,0.1188
1616,TRUMP_USDT,LONG,StochasticRSI(FAST_SCALP-LONG),2,0.2,1.621,1.613,1.625,1.613,2026-07-23 17:04:59 UTC,2026-07-23 17:40:40 UTC,2140.32,0.3242,0.0043,0.0,-0.0016,-0.15,-37.01,STOP_LOSS_HIT,0.1172
1617,TRUMP_USDT,SHORT,StochasticRSI(FAST_SCALP-SHORT),2,0.2,1.611,1.607,1.607,1.619,2026-07-23 17:47:59 UTC,2026-07-23 17:55:25 UTC,445.57,0.3222,0.0043,0.0,0.0008,0.08,18.62,MIN_PROFIT_TP_HIT,0.118
1618,TRUMP_USDT,LONG,StochasticRSI(FAST_SCALP-LONG),2,0.2,1.599,1.591,1.603,1.591,2026-07-23 18:02:59 UTC,2026-07-23 18:05:47 UTC,167.36,0.3198,0.0043,0.0,-0.0016,-0.15,-37.52,STOP_LOSS_HIT,0.1164
1619,TRUMP_USDT,SHORT,StochasticRSI(FAST_SCALP-SHORT),2,0.2,1.594,1.59,1.59,1.602,2026-07-23 18:12:59 UTC,2026-07-23 18:17:33 UTC,273.73,0.3188,0.0043,0.0,0.0008,0.08,18.82,MIN_PROFIT_TP_HIT,0.1172
1620,TRUMP_USDT,SHORT,StochasticRSI(FAST_SCALP-SHORT),2,0.2,1.61,1.606,1.606,1.618,2026-07-23 18:28:59 UTC,2026-07-23 18:41:11 UTC,731.37,0.322,0.0043,0.0,0.0008,0.08,18.63,MIN_PROFIT_TP_HIT,0.118
1621,TRUMP_USDT,LONG,StochasticRSI(FAST_SCALP-LONG),2,0.2,1.606,1.61,1.61,1.598,2026-07-23 18:46:59 UTC,2026-07-23 18:49:06 UTC,126.86,0.3212,0.0043,0.0,0.0008,0.08,18.68,MIN_PROFIT_TP_HIT,0.1188
1622,TRUMP_USDT,SHORT,StochasticRSI(FAST_SCALP-SHORT),2,0.2,1.608,1.616,1.604,1.616,2026-07-23 18:51:59 UTC,2026-07-23 19:25:52 UTC,2032.07,0.3216,0.0043,0.0,-0.0016,-0.15,-37.31,STOP_LOSS_HIT,0.1172
1623,TRUMP_USDT,SHORT,StochasticRSI(FAST_SCALP-SHORT),2,0.2,1.616,1.612,1.612,1.624,2026-07-23 19:28:59 UTC,2026-07-23 19:41:22 UTC,742.4,0.3232,0.0043,0.0,0.0008,0.08,18.56,MIN_PROFIT_TP_HIT,0.118
1624,TRUMP_USDT,LONG,StochasticRSI(FAST_SCALP-LONG),2,0.2,1.612,1.616,1.616,1.604,2026-07-23 19:45:59 UTC,2026-07-23 19:59:06 UTC,786.11,0.3224,0.0043,0.0,0.0008,0.08,18.61,MIN_PROFIT_TP_HIT,0.1188
1625,TRUMP_USDT,SHORT,StochasticRSI(FAST_SCALP-SHORT),2,0.2,1.623,1.619,1.619,1.631,2026-07-23 20:10:59 UTC,2026-07-23 20:40:29 UTC,1769.45,0.3246,0.0043,0.0,0.0008,0.08,18.48,MIN_PROFIT_TP_HIT,0.1196
1626,TRUMP_USDT,LONG,StochasticRSI(FAST_SCALP-LONG),2,0.2,1.618,1.622,1.622,1.61,2026-07-23 20:45:59 UTC,2026-07-23 20:54:24 UTC,504.79,0.3236,0.0043,0.0,0.0008,0.08,18.54,MIN_PROFIT_TP_HIT,0.1204
1627,TRUMP_USDT,SHORT,StochasticRSI(FAST_SCALP-SHORT),2,0.2,1.623,1.619,1.619,1.631,2026-07-23 20:57:59 UTC,2026-07-23 21:08:20 UTC,620.38,0.3246,0.0043,0.0,0.0008,0.08,18.48,MIN_PROFIT_TP_HIT,0.1212
1628,TRUMP_USDT,LONG,StochasticRSI(FAST_SCALP-LONG),2,0.2,1.617,1.609,1.621,1.609,2026-07-23 21:17:59 UTC,2026-07-23 21:31:59 UTC,839.08,0.3234,0.0043,0.0,-0.0016,-0.15,-37.11,STOP_LOSS_HIT,0.1196
1629,TRUMP_USDT,LONG,StochasticRSI(FAST_SCALP-LONG),2,0.2,1.603,1.607,1.607,1.595,2026-07-23 21:37:59 UTC,2026-07-23 21:46:15 UTC,495.14,0.3206,0.0043,0.0,0.0008,0.08,18.71,MIN_PROFIT_TP_HIT,0.1204
1630,TRUMP_USDT,SHORT,StochasticRSI(FAST_SCALP-SHORT),2,0.2,1.605,1.613,1.601,1.613,2026-07-23 21:48:59 UTC,2026-07-23 22:06:10 UTC,1030.08,0.321,0.0043,0.0,-0.0016,-0.15,-37.38,STOP_LOSS_HIT,0.1188
1631,TRUMP_USDT,SHORT,StochasticRSI(FAST_SCALP-SHORT),2,0.2,1.611,1.607,1.607,1.619,2026-07-23 22:11:59 UTC,2026-07-23 22:17:55 UTC,355.58,0.3222,0.0043,0.0,0.0008,0.08,18.62,MIN_PROFIT_TP_HIT,0.1196
1632,TRUMP_USDT,LONG,StochasticRSI(FAST_SCALP-LONG),2,0.2,1.607,1.611,1.611,1.599,2026-07-23 22:18:59 UTC,2026-07-23 22:20:50 UTC,110.09,0.3214,0.0043,0.0,0.0008,0.08,18.67,MIN_PROFIT_TP_HIT,0.1204
1633,TRUMP_USDT,SHORT,StochasticRSI(FAST_SCALP-SHORT),2,0.2,1.616,1.612,1.612,1.624,2026-07-23 22:27:59 UTC,2026-07-23 22:30:35 UTC,155.09,0.3232,0.0043,0.0,0.0008,0.08,18.56,MIN_PROFIT_TP_HIT,0.1212
1634,TRUMP_USDT,LONG,StochasticRSI(FAST_SCALP-LONG),2,0.2,1.611,1.603,1.615,1.603,2026-07-23 22:34:59 UTC,2026-07-23 22:38:25 UTC,205.92,0.3222,0.0043,0.0,-0.0016,-0.15,-37.24,STOP_LOSS_HIT,0.1196
1635,TRUMP_USDT,LONG,StochasticRSI(FAST_SCALP-LONG),2,0.2,1.604,1.608,1.608,1.596,2026-07-23 22:40:59 UTC,2026-07-23 22:44:34 UTC,214.34,0.3208,0.0043,0.0,0.0008,0.08,18.7,MIN_PROFIT_TP_HIT,0.1204
1636,TRUMP_USDT,SHORT,StochasticRSI(FAST_SCALP-SHORT),2,0.2,1.607,1.603,1.603,1.615,2026-07-23 22:49:59 UTC,2026-07-23 23:04:35 UTC,875.28,0.3214,0.0043,0.0,0.0008,0.08,18.67,MIN_PROFIT_TP_HIT,0.1212
1637,TRUMP_USDT,LONG,StochasticRSI(FAST_SCALP-LONG),2,0.2,1.605,1.609,1.609,1.597,2026-07-23 23:08:59 UTC,2026-07-23 23:25:35 UTC,995.32,0.321,0.0043,0.0,0.0008,0.08,18.69,MIN_PROFIT_TP_HIT,0.122
1638,TRUMP_USDT,SHORT,StochasticRSI(FAST_SCALP-SHORT),2,0.2,1.608,1.604,1.604,1.616,2026-07-23 23:29:59 UTC,2026-07-23 23:47:35 UTC,1055.79,0.3216,0.0043,0.0,0.0008,0.08,18.66,MIN_PROFIT_TP_HIT,0.1228
1639,TRUMP_USDT,LONG,StochasticRSI(FAST_SCALP-LONG),2,0.2,1.599,1.591,1.603,1.591,2026-07-23 23:54:59 UTC,2026-07-24 00:06:03 UTC,663.81,0.3198,0.0043,0.0,-0.0016,-0.15,-37.52,STOP_LOSS_HIT,0.1212
