trade_id,symbol,direction,sub_strategy_name,vol_contracts,underlying_quantity,entry_price,exit_price,min_profit_tp_price,stop_loss_price,open_time,close_time,duration_seconds,notional_value_usdt,margin_used_usdt,fee_total_usdt,realized_pnl_usdt,realized_pnl_inr,roe_percentage,exit_reason,balance_after_trade_usdt
1,TRUMP_USDT,SHORT,StochasticRSI(FAST_SCALP-SHORT),2,0.2,1.664,1.67,1.662,1.67,2026-07-01 00:36:59 UTC,2026-07-01 00:52:46 UTC,946.0,0.3328,0.0044,0.0,-0.0012,-0.11,-27.04,STOP_LOSS_HIT,0.0688
2,TRUMP_USDT,LONG,StochasticRSI(FAST_SCALP-LONG),2,0.2,1.645,1.647,1.647,1.64,2026-07-01 01:14:59 UTC,2026-07-01 01:15:03 UTC,3.18,0.329,0.0044,0.0,0.0004,0.04,9.12,MIN_PROFIT_TP_HIT,0.0692
3,TRUMP_USDT,SHORT,StochasticRSI(FAST_SCALP-SHORT),2,0.2,1.658,1.656,1.656,1.664,2026-07-01 01:22:59 UTC,2026-07-01 01:23:12 UTC,12.56,0.3316,0.0044,0.0,0.0004,0.04,9.05,MIN_PROFIT_TP_HIT,0.0696
4,TRUMP_USDT,SHORT,StochasticRSI(FAST_SCALP-SHORT),2,0.2,1.676,1.674,1.674,1.682,2026-07-01 01:47:59 UTC,2026-07-01 01:50:09 UTC,129.74,0.3352,0.0045,0.0,0.0004,0.04,8.95,MIN_PROFIT_TP_HIT,0.07
5,TRUMP_USDT,LONG,StochasticRSI(FAST_SCALP-LONG),2,0.2,1.676,1.678,1.678,1.67,2026-07-01 01:52:59 UTC,2026-07-01 01:53:10 UTC,10.21,0.3352,0.0045,0.0,0.0004,0.04,8.95,MIN_PROFIT_TP_HIT,0.0704
6,TRUMP_USDT,SHORT,StochasticRSI(FAST_SCALP-SHORT),2,0.2,1.678,1.684,1.676,1.684,2026-07-01 01:58:59 UTC,2026-07-01 02:02:52 UTC,232.95,0.3356,0.0045,0.0,-0.0012,-0.11,-26.82,STOP_LOSS_HIT,0.0692
7,TRUMP_USDT,LONG,StochasticRSI(FAST_SCALP-LONG),2,0.2,1.709,1.711,1.711,1.703,2026-07-01 06:06:59 UTC,2026-07-01 06:14:55 UTC,475.41,0.3418,0.0046,0.0,0.0004,0.04,8.78,MIN_PROFIT_TP_HIT,0.0696
8,TRUMP_USDT,SHORT,StochasticRSI(FAST_SCALP-SHORT),2,0.2,1.691,1.689,1.689,1.697,2026-07-01 06:55:59 UTC,2026-07-01 06:56:34 UTC,34.75,0.3382,0.0045,0.0,0.0004,0.04,8.87,MIN_PROFIT_TP_HIT,0.07
9,TRUMP_USDT,SHORT,StochasticRSI(FAST_SCALP-SHORT),2,0.2,1.689,1.687,1.687,1.695,2026-07-01 08:39:59 UTC,2026-07-01 08:47:15 UTC,435.13,0.3378,0.0045,0.0,0.0004,0.04,8.88,MIN_PROFIT_TP_HIT,0.0704
10,TRUMP_USDT,LONG,StochasticRSI(FAST_SCALP-LONG),2,0.2,1.7,1.702,1.702,1.694,2026-07-01 09:07:59 UTC,2026-07-01 09:09:28 UTC,88.49,0.34,0.0045,0.0,0.0004,0.04,8.82,MIN_PROFIT_TP_HIT,0.0708
11,TRUMP_USDT,LONG,StochasticRSI(FAST_SCALP-LONG),2,0.2,1.711,1.705,1.713,1.705,2026-07-01 09:25:59 UTC,2026-07-01 09:32:33 UTC,393.24,0.3422,0.0046,0.0,-0.0012,-0.11,-26.3,STOP_LOSS_HIT,0.0696
12,TRUMP_USDT,LONG,StochasticRSI(FAST_SCALP-LONG),2,0.2,1.704,1.698,1.706,1.698,2026-07-01 09:34:59 UTC,2026-07-01 09:46:42 UTC,702.31,0.3408,0.0045,0.0,-0.0012,-0.11,-26.41,STOP_LOSS_HIT,0.0684
13,TRUMP_USDT,SHORT,StochasticRSI(FAST_SCALP-SHORT),2,0.2,1.689,1.687,1.687,1.695,2026-07-01 10:24:59 UTC,2026-07-01 10:25:52 UTC,52.53,0.3378,0.0045,0.0,0.0004,0.04,8.88,MIN_PROFIT_TP_HIT,0.0688
14,TRUMP_USDT,SHORT,StochasticRSI(FAST_SCALP-SHORT),2,0.2,1.689,1.695,1.687,1.695,2026-07-01 10:36:59 UTC,2026-07-01 10:45:46 UTC,526.04,0.3378,0.0045,0.0,-0.0012,-0.11,-26.64,STOP_LOSS_HIT,0.0676
15,TRUMP_USDT,SHORT,StochasticRSI(FAST_SCALP-SHORT),2,0.2,1.692,1.69,1.69,1.698,2026-07-01 12:18:59 UTC,2026-07-01 12:19:25 UTC,25.16,0.3384,0.0045,0.0,0.0004,0.04,8.87,MIN_PROFIT_TP_HIT,0.068
16,TRUMP_USDT,LONG,StochasticRSI(FAST_SCALP-LONG),2,0.2,1.702,1.704,1.704,1.696,2026-07-01 16:52:59 UTC,2026-07-01 16:53:22 UTC,22.79,0.3404,0.0045,0.0,0.0004,0.04,8.81,MIN_PROFIT_TP_HIT,0.0684
17,TRUMP_USDT,LONG,StochasticRSI(FAST_SCALP-LONG),2,0.2,1.716,1.718,1.718,1.71,2026-07-01 18:04:59 UTC,2026-07-01 18:14:08 UTC,548.73,0.3432,0.0046,0.0,0.0004,0.04,8.74,MIN_PROFIT_TP_HIT,0.0688
18,TRUMP_USDT,LONG,StochasticRSI(FAST_SCALP-LONG),2,0.2,1.709,1.703,1.711,1.703,2026-07-01 18:25:59 UTC,2026-07-01 18:38:03 UTC,723.46,0.3418,0.0046,0.0,-0.0012,-0.11,-26.33,STOP_LOSS_HIT,0.0676
19,TRUMP_USDT,LONG,StochasticRSI(FAST_SCALP-LONG),2,0.2,1.705,1.699,1.707,1.699,2026-07-01 18:40:59 UTC,2026-07-01 18:45:10 UTC,250.66,0.341,0.0045,0.0,-0.0012,-0.11,-26.39,STOP_LOSS_HIT,0.0664
20,TRUMP_USDT,SHORT,StochasticRSI(FAST_SCALP-SHORT),2,0.2,1.693,1.691,1.691,1.699,2026-07-01 18:53:59 UTC,2026-07-01 18:54:40 UTC,40.93,0.3386,0.0045,0.0,0.0004,0.04,8.86,MIN_PROFIT_TP_HIT,0.0668
21,TRUMP_USDT,SHORT,StochasticRSI(FAST_SCALP-SHORT),2,0.2,1.697,1.695,1.695,1.703,2026-07-01 19:06:59 UTC,2026-07-01 19:08:13 UTC,73.48,0.3394,0.0045,0.0,0.0004,0.04,8.84,MIN_PROFIT_TP_HIT,0.0672
22,TRUMP_USDT,SHORT,StochasticRSI(FAST_SCALP-SHORT),2,0.2,1.695,1.693,1.693,1.701,2026-07-01 19:09:59 UTC,2026-07-01 19:11:35 UTC,95.18,0.339,0.0045,0.0,0.0004,0.04,8.85,MIN_PROFIT_TP_HIT,0.0676
23,TRUMP_USDT,SHORT,StochasticRSI(FAST_SCALP-SHORT),2,0.2,1.691,1.697,1.689,1.697,2026-07-01 20:49:59 UTC,2026-07-01 21:09:16 UTC,1156.21,0.3382,0.0045,0.0,-0.0012,-0.11,-26.61,STOP_LOSS_HIT,0.0664
24,TRUMP_USDT,LONG,StochasticRSI(FAST_SCALP-LONG),2,0.2,1.701,1.703,1.703,1.695,2026-07-01 21:20:59 UTC,2026-07-01 21:21:35 UTC,35.14,0.3402,0.0045,0.0,0.0004,0.04,8.82,MIN_PROFIT_TP_HIT,0.0668
25,TRUMP_USDT,LONG,StochasticRSI(FAST_SCALP-LONG),2,0.2,1.703,1.705,1.705,1.697,2026-07-01 21:24:59 UTC,2026-07-01 21:26:02 UTC,62.72,0.3406,0.0045,0.0,0.0004,0.04,8.81,MIN_PROFIT_TP_HIT,0.0672
26,TRUMP_USDT,LONG,StochasticRSI(FAST_SCALP-LONG),2,0.2,1.713,1.715,1.715,1.707,2026-07-01 21:45:59 UTC,2026-07-01 21:48:09 UTC,129.5,0.3426,0.0046,0.0,0.0004,0.04,8.76,MIN_PROFIT_TP_HIT,0.0676
27,TRUMP_USDT,LONG,StochasticRSI(FAST_SCALP-LONG),2,0.2,1.713,1.715,1.715,1.707,2026-07-01 21:59:59 UTC,2026-07-01 22:00:09 UTC,9.81,0.3426,0.0046,0.0,0.0004,0.04,8.76,MIN_PROFIT_TP_HIT,0.068
28,TRUMP_USDT,LONG,StochasticRSI(FAST_SCALP-LONG),2,0.2,1.712,1.714,1.714,1.706,2026-07-01 22:02:59 UTC,2026-07-01 22:03:35 UTC,35.9,0.3424,0.0046,0.0,0.0004,0.04,8.76,MIN_PROFIT_TP_HIT,0.0684
29,TRUMP_USDT,LONG,StochasticRSI(FAST_SCALP-LONG),2,0.2,1.711,1.713,1.713,1.705,2026-07-01 22:05:59 UTC,2026-07-01 22:08:22 UTC,142.76,0.3422,0.0046,0.0,0.0004,0.04,8.77,MIN_PROFIT_TP_HIT,0.0688
30,TRUMP_USDT,LONG,StochasticRSI(FAST_SCALP-LONG),2,0.2,1.707,1.709,1.709,1.701,2026-07-01 22:31:59 UTC,2026-07-01 22:32:12 UTC,12.43,0.3414,0.0046,0.0,0.0004,0.04,8.79,MIN_PROFIT_TP_HIT,0.0692
31,TRUMP_USDT,SHORT,StochasticRSI(FAST_SCALP-SHORT),2,0.2,1.695,1.693,1.693,1.701,2026-07-01 23:07:59 UTC,2026-07-01 23:08:08 UTC,8.66,0.339,0.0045,0.0,0.0004,0.04,8.85,MIN_PROFIT_TP_HIT,0.0696
32,TRUMP_USDT,SHORT,StochasticRSI(FAST_SCALP-SHORT),2,0.2,1.69,1.688,1.688,1.696,2026-07-01 23:22:59 UTC,2026-07-01 23:31:55 UTC,535.87,0.338,0.0045,0.0,0.0004,0.04,8.88,MIN_PROFIT_TP_HIT,0.07
33,TRUMP_USDT,SHORT,StochasticRSI(FAST_SCALP-SHORT),2,0.2,1.672,1.67,1.67,1.678,2026-07-02 00:39:59 UTC,2026-07-02 00:40:12 UTC,12.53,0.3344,0.0045,0.0,0.0004,0.04,8.97,MIN_PROFIT_TP_HIT,0.0704
34,TRUMP_USDT,SHORT,StochasticRSI(FAST_SCALP-SHORT),2,0.2,1.674,1.68,1.672,1.68,2026-07-02 00:48:59 UTC,2026-07-02 00:58:15 UTC,555.3,0.3348,0.0045,0.0,-0.0012,-0.11,-26.88,STOP_LOSS_HIT,0.0692
35,TRUMP_USDT,SHORT,StochasticRSI(FAST_SCALP-SHORT),2,0.2,1.679,1.685,1.677,1.685,2026-07-02 01:02:59 UTC,2026-07-02 01:15:09 UTC,729.22,0.3358,0.0045,0.0,-0.0012,-0.11,-26.8,STOP_LOSS_HIT,0.068
36,TRUMP_USDT,SHORT,StochasticRSI(FAST_SCALP-SHORT),2,0.2,1.682,1.688,1.68,1.688,2026-07-02 01:17:59 UTC,2026-07-02 01:25:06 UTC,426.33,0.3364,0.0045,0.0,-0.0012,-0.11,-26.75,STOP_LOSS_HIT,0.0668
37,TRUMP_USDT,SHORT,StochasticRSI(FAST_SCALP-SHORT),2,0.2,1.693,1.691,1.691,1.699,2026-07-02 01:43:59 UTC,2026-07-02 01:50:05 UTC,365.67,0.3386,0.0045,0.0,0.0004,0.04,8.86,MIN_PROFIT_TP_HIT,0.0672
38,TRUMP_USDT,SHORT,StochasticRSI(FAST_SCALP-SHORT),2,0.2,1.675,1.673,1.673,1.681,2026-07-02 07:44:59 UTC,2026-07-02 08:00:22 UTC,922.11,0.335,0.0045,0.0,0.0004,0.04,8.96,MIN_PROFIT_TP_HIT,0.0676
39,TRUMP_USDT,SHORT,StochasticRSI(FAST_SCALP-SHORT),2,0.2,1.683,1.689,1.681,1.689,2026-07-02 09:33:59 UTC,2026-07-02 09:36:35 UTC,155.04,0.3366,0.0045,0.0,-0.0012,-0.11,-26.74,STOP_LOSS_HIT,0.0664
40,TRUMP_USDT,SHORT,StochasticRSI(FAST_SCALP-SHORT),2,0.2,1.691,1.689,1.689,1.697,2026-07-02 09:40:59 UTC,2026-07-02 09:43:31 UTC,151.03,0.3382,0.0045,0.0,0.0004,0.04,8.87,MIN_PROFIT_TP_HIT,0.0668
41,TRUMP_USDT,SHORT,StochasticRSI(FAST_SCALP-SHORT),2,0.2,1.689,1.687,1.687,1.695,2026-07-02 09:56:59 UTC,2026-07-02 09:59:09 UTC,129.26,0.3378,0.0045,0.0,0.0004,0.04,8.88,MIN_PROFIT_TP_HIT,0.0672
42,TRUMP_USDT,LONG,StochasticRSI(FAST_SCALP-LONG),2,0.2,1.696,1.698,1.698,1.69,2026-07-02 10:43:59 UTC,2026-07-02 11:00:23 UTC,983.98,0.3392,0.0045,0.0,0.0004,0.04,8.84,MIN_PROFIT_TP_HIT,0.0676
43,TRUMP_USDT,LONG,StochasticRSI(FAST_SCALP-LONG),2,0.2,1.705,1.707,1.707,1.699,2026-07-02 11:23:59 UTC,2026-07-02 11:24:01 UTC,1.8,0.341,0.0045,0.0,0.0004,0.04,8.8,MIN_PROFIT_TP_HIT,0.068
44,TRUMP_USDT,LONG,StochasticRSI(FAST_SCALP-LONG),2,0.2,1.711,1.713,1.713,1.705,2026-07-02 11:36:59 UTC,2026-07-02 11:43:18 UTC,378.1,0.3422,0.0046,0.0,0.0004,0.04,8.77,MIN_PROFIT_TP_HIT,0.0684
45,TRUMP_USDT,LONG,StochasticRSI(FAST_SCALP-LONG),2,0.2,1.706,1.708,1.708,1.7,2026-07-02 11:52:59 UTC,2026-07-02 11:53:00 UTC,0.53,0.3412,0.0045,0.0,0.0004,0.04,8.79,MIN_PROFIT_TP_HIT,0.0688
46,TRUMP_USDT,LONG,StochasticRSI(FAST_SCALP-LONG),2,0.2,1.703,1.705,1.705,1.697,2026-07-02 11:57:59 UTC,2026-07-02 11:58:46 UTC,46.13,0.3406,0.0045,0.0,0.0004,0.04,8.81,MIN_PROFIT_TP_HIT,0.0692
47,TRUMP_USDT,LONG,StochasticRSI(FAST_SCALP-LONG),2,0.2,1.696,1.698,1.698,1.69,2026-07-02 16:32:59 UTC,2026-07-02 16:36:17 UTC,197.41,0.3392,0.0045,0.0,0.0004,0.04,8.84,MIN_PROFIT_TP_HIT,0.0696
48,TRUMP_USDT,LONG,StochasticRSI(FAST_SCALP-LONG),2,0.2,1.713,1.715,1.715,1.707,2026-07-02 21:21:59 UTC,2026-07-02 21:26:06 UTC,246.58,0.3426,0.0046,0.0,0.0004,0.04,8.76,MIN_PROFIT_TP_HIT,0.07
49,TRUMP_USDT,LONG,StochasticRSI(FAST_SCALP-LONG),2,0.2,1.719,1.713,1.721,1.713,2026-07-02 21:37:59 UTC,2026-07-02 21:43:15 UTC,315.05,0.3438,0.0046,0.0,-0.0012,-0.11,-26.18,STOP_LOSS_HIT,0.0688
50,TRUMP_USDT,LONG,StochasticRSI(FAST_SCALP-LONG),2,0.2,1.71,1.712,1.712,1.704,2026-07-02 21:47:59 UTC,2026-07-02 21:49:09 UTC,69.12,0.342,0.0046,0.0,0.0004,0.04,8.77,MIN_PROFIT_TP_HIT,0.0692
51,TRUMP_USDT,LONG,StochasticRSI(FAST_SCALP-LONG),2,0.2,1.717,1.719,1.719,1.711,2026-07-02 22:43:59 UTC,2026-07-02 22:52:22 UTC,502.1,0.3434,0.0046,0.0,0.0004,0.04,8.74,MIN_PROFIT_TP_HIT,0.0696
52,TRUMP_USDT,LONG,StochasticRSI(FAST_SCALP-LONG),2,0.2,1.708,1.702,1.71,1.702,2026-07-03 00:32:59 UTC,2026-07-03 00:43:37 UTC,637.27,0.3416,0.0046,0.0,-0.0012,-0.11,-26.35,STOP_LOSS_HIT,0.0684
53,TRUMP_USDT,LONG,StochasticRSI(FAST_SCALP-LONG),2,0.2,1.715,1.717,1.717,1.709,2026-07-03 01:20:59 UTC,2026-07-03 01:24:17 UTC,197.89,0.343,0.0046,0.0,0.0004,0.04,8.75,MIN_PROFIT_TP_HIT,0.0688
54,TRUMP_USDT,LONG,StochasticRSI(FAST_SCALP-LONG),2,0.2,1.724,1.726,1.726,1.718,2026-07-03 01:35:59 UTC,2026-07-03 01:36:04 UTC,4.68,0.3448,0.0046,0.0,0.0004,0.04,8.7,MIN_PROFIT_TP_HIT,0.0692
55,TRUMP_USDT,LONG,StochasticRSI(FAST_SCALP-LONG),2,0.2,1.722,1.724,1.724,1.716,2026-07-03 01:47:59 UTC,2026-07-03 01:49:06 UTC,66.59,0.3444,0.0046,0.0,0.0004,0.04,8.71,MIN_PROFIT_TP_HIT,0.0696
56,TRUMP_USDT,LONG,StochasticRSI(FAST_SCALP-LONG),2,0.2,1.724,1.726,1.726,1.718,2026-07-03 06:25:59 UTC,2026-07-03 06:31:25 UTC,325.07,0.3448,0.0046,0.0,0.0004,0.04,8.7,MIN_PROFIT_TP_HIT,0.07
57,TRUMP_USDT,LONG,StochasticRSI(FAST_SCALP-LONG),2,0.2,1.722,1.724,1.724,1.716,2026-07-03 06:32:59 UTC,2026-07-03 06:33:14 UTC,14.62,0.3444,0.0046,0.0,0.0004,0.04,8.71,MIN_PROFIT_TP_HIT,0.0704
58,TRUMP_USDT,LONG,StochasticRSI(FAST_SCALP-LONG),2,0.2,1.721,1.723,1.723,1.715,2026-07-03 07:31:59 UTC,2026-07-03 07:35:50 UTC,230.1,0.3442,0.0046,0.0,0.0004,0.04,8.72,MIN_PROFIT_TP_HIT,0.0708
59,TRUMP_USDT,LONG,StochasticRSI(FAST_SCALP-LONG),2,0.2,1.754,1.756,1.756,1.748,2026-07-03 08:42:59 UTC,2026-07-03 08:43:13 UTC,13.59,0.3508,0.0047,0.0,0.0004,0.04,8.55,MIN_PROFIT_TP_HIT,0.0712
60,TRUMP_USDT,LONG,StochasticRSI(FAST_SCALP-LONG),2,0.2,1.746,1.74,1.748,1.74,2026-07-03 08:55:59 UTC,2026-07-03 09:00:47 UTC,287.43,0.3492,0.0047,0.0,-0.0012,-0.11,-25.77,STOP_LOSS_HIT,0.07
61,TRUMP_USDT,LONG,StochasticRSI(FAST_SCALP-LONG),2,0.2,1.756,1.758,1.758,1.75,2026-07-03 11:33:59 UTC,2026-07-03 11:54:36 UTC,1236.43,0.3512,0.0047,0.0,0.0004,0.04,8.54,MIN_PROFIT_TP_HIT,0.0704
62,TRUMP_USDT,LONG,StochasticRSI(FAST_SCALP-LONG),2,0.2,1.763,1.765,1.765,1.757,2026-07-03 12:09:59 UTC,2026-07-03 12:10:01 UTC,1.0,0.3526,0.0047,0.0,0.0004,0.04,8.51,MIN_PROFIT_TP_HIT,0.0708
63,TRUMP_USDT,LONG,StochasticRSI(FAST_SCALP-LONG),2,0.2,1.759,1.761,1.761,1.753,2026-07-03 12:18:59 UTC,2026-07-03 12:19:03 UTC,3.23,0.3518,0.0047,0.0,0.0004,0.04,8.53,MIN_PROFIT_TP_HIT,0.0712
64,TRUMP_USDT,LONG,StochasticRSI(FAST_SCALP-LONG),2,0.2,1.76,1.762,1.762,1.754,2026-07-03 12:22:59 UTC,2026-07-03 12:24:47 UTC,107.84,0.352,0.0047,0.0,0.0004,0.04,8.52,MIN_PROFIT_TP_HIT,0.0716
65,TRUMP_USDT,LONG,StochasticRSI(FAST_SCALP-LONG),2,0.2,1.767,1.761,1.769,1.761,2026-07-03 13:27:59 UTC,2026-07-03 13:32:38 UTC,278.48,0.3534,0.0047,0.0,-0.0012,-0.11,-25.47,STOP_LOSS_HIT,0.0704
66,TRUMP_USDT,LONG,StochasticRSI(FAST_SCALP-LONG),2,0.2,1.772,1.766,1.774,1.766,2026-07-03 15:18:59 UTC,2026-07-03 15:23:27 UTC,267.62,0.3544,0.0047,0.0,-0.0012,-0.11,-25.4,STOP_LOSS_HIT,0.0692
67,TRUMP_USDT,LONG,StochasticRSI(FAST_SCALP-LONG),2,0.2,1.768,1.77,1.77,1.762,2026-07-03 15:26:59 UTC,2026-07-03 15:31:15 UTC,255.37,0.3536,0.0047,0.0,0.0004,0.04,8.48,MIN_PROFIT_TP_HIT,0.0696
68,TRUMP_USDT,LONG,StochasticRSI(FAST_SCALP-LONG),2,0.2,1.766,1.768,1.768,1.76,2026-07-03 15:38:59 UTC,2026-07-03 15:39:16 UTC,16.02,0.3532,0.0047,0.0,0.0004,0.04,8.49,MIN_PROFIT_TP_HIT,0.07
69,TRUMP_USDT,LONG,StochasticRSI(FAST_SCALP-LONG),2,0.2,1.761,1.763,1.763,1.755,2026-07-03 15:44:59 UTC,2026-07-03 15:45:30 UTC,30.04,0.3522,0.0047,0.0,0.0004,0.04,8.52,MIN_PROFIT_TP_HIT,0.0704
70,TRUMP_USDT,LONG,StochasticRSI(FAST_SCALP-LONG),2,0.2,1.769,1.771,1.771,1.763,2026-07-03 16:11:59 UTC,2026-07-03 16:12:23 UTC,23.13,0.3538,0.0047,0.0,0.0004,0.04,8.48,MIN_PROFIT_TP_HIT,0.0708
71,TRUMP_USDT,LONG,StochasticRSI(FAST_SCALP-LONG),2,0.2,1.775,1.777,1.777,1.769,2026-07-03 16:17:59 UTC,2026-07-03 16:18:52 UTC,52.82,0.355,0.0047,0.0,0.0004,0.04,8.45,MIN_PROFIT_TP_HIT,0.0712
72,TRUMP_USDT,LONG,StochasticRSI(FAST_SCALP-LONG),2,0.2,1.783,1.777,1.785,1.777,2026-07-03 16:30:59 UTC,2026-07-03 16:32:26 UTC,86.66,0.3566,0.0048,0.0,-0.0012,-0.11,-25.24,STOP_LOSS_HIT,0.07
73,TRUMP_USDT,LONG,StochasticRSI(FAST_SCALP-LONG),2,0.2,1.777,1.779,1.779,1.771,2026-07-03 16:35:59 UTC,2026-07-03 16:36:28 UTC,28.23,0.3554,0.0047,0.0,0.0004,0.04,8.44,MIN_PROFIT_TP_HIT,0.0704
74,TRUMP_USDT,LONG,StochasticRSI(FAST_SCALP-LONG),2,0.2,1.783,1.785,1.785,1.777,2026-07-03 18:11:59 UTC,2026-07-03 18:12:38 UTC,38.2,0.3566,0.0048,0.0,0.0004,0.04,8.41,MIN_PROFIT_TP_HIT,0.0708
75,TRUMP_USDT,LONG,StochasticRSI(FAST_SCALP-LONG),2,0.2,1.801,1.803,1.803,1.795,2026-07-03 19:39:59 UTC,2026-07-03 19:40:21 UTC,21.33,0.3602,0.0048,0.0,0.0004,0.04,8.33,MIN_PROFIT_TP_HIT,0.0712
76,TRUMP_USDT,LONG,StochasticRSI(FAST_SCALP-LONG),2,0.2,1.794,1.796,1.796,1.788,2026-07-03 19:49:59 UTC,2026-07-03 19:57:19 UTC,439.11,0.3588,0.0048,0.0,0.0004,0.04,8.36,MIN_PROFIT_TP_HIT,0.0716
77,TRUMP_USDT,LONG,StochasticRSI(FAST_SCALP-LONG),2,0.2,1.791,1.793,1.793,1.785,2026-07-03 20:05:59 UTC,2026-07-03 20:06:49 UTC,49.98,0.3582,0.0048,0.0,0.0004,0.04,8.38,MIN_PROFIT_TP_HIT,0.072
78,TRUMP_USDT,LONG,StochasticRSI(FAST_SCALP-LONG),2,0.2,1.793,1.795,1.795,1.787,2026-07-03 20:08:59 UTC,2026-07-03 20:14:37 UTC,337.0,0.3586,0.0048,0.0,0.0004,0.04,8.37,MIN_PROFIT_TP_HIT,0.0724
79,TRUMP_USDT,LONG,StochasticRSI(FAST_SCALP-LONG),2,0.2,1.808,1.802,1.81,1.802,2026-07-03 20:36:59 UTC,2026-07-03 20:37:55 UTC,55.44,0.3616,0.0048,0.0,-0.0012,-0.11,-24.89,STOP_LOSS_HIT,0.0712
80,TRUMP_USDT,LONG,StochasticRSI(FAST_SCALP-LONG),2,0.2,1.802,1.804,1.804,1.796,2026-07-03 20:46:59 UTC,2026-07-03 20:48:03 UTC,63.31,0.3604,0.0048,0.0,0.0004,0.04,8.32,MIN_PROFIT_TP_HIT,0.0716
81,TRUMP_USDT,LONG,StochasticRSI(FAST_SCALP-LONG),2,0.2,1.785,1.787,1.787,1.779,2026-07-03 21:40:59 UTC,2026-07-03 21:47:08 UTC,368.85,0.357,0.0048,0.0,0.0004,0.04,8.4,MIN_PROFIT_TP_HIT,0.072
82,TRUMP_USDT,LONG,StochasticRSI(FAST_SCALP-LONG),2,0.2,1.793,1.795,1.795,1.787,2026-07-03 22:01:59 UTC,2026-07-03 22:02:52 UTC,52.92,0.3586,0.0048,0.0,0.0004,0.04,8.37,MIN_PROFIT_TP_HIT,0.0724
83,TRUMP_USDT,LONG,StochasticRSI(FAST_SCALP-LONG),2,0.2,1.784,1.786,1.786,1.778,2026-07-03 22:15:59 UTC,2026-07-03 22:16:56 UTC,56.66,0.3568,0.0048,0.0,0.0004,0.04,8.41,MIN_PROFIT_TP_HIT,0.0728
84,TRUMP_USDT,LONG,StochasticRSI(FAST_SCALP-LONG),2,0.2,1.775,1.777,1.777,1.769,2026-07-03 22:43:59 UTC,2026-07-03 22:46:39 UTC,159.33,0.355,0.0047,0.0,0.0004,0.04,8.45,MIN_PROFIT_TP_HIT,0.0732
85,TRUMP_USDT,LONG,StochasticRSI(FAST_SCALP-LONG),2,0.2,1.774,1.776,1.776,1.768,2026-07-03 22:58:59 UTC,2026-07-03 22:59:25 UTC,25.19,0.3548,0.0047,0.0,0.0004,0.04,8.46,MIN_PROFIT_TP_HIT,0.0736
86,TRUMP_USDT,LONG,StochasticRSI(FAST_SCALP-LONG),2,0.2,1.773,1.767,1.775,1.767,2026-07-03 23:22:59 UTC,2026-07-03 23:26:11 UTC,191.71,0.3546,0.0047,0.0,-0.0012,-0.11,-25.38,STOP_LOSS_HIT,0.0724
87,TRUMP_USDT,LONG,StochasticRSI(FAST_SCALP-LONG),2,0.2,1.768,1.77,1.77,1.762,2026-07-03 23:28:59 UTC,2026-07-03 23:31:20 UTC,140.18,0.3536,0.0047,0.0,0.0004,0.04,8.48,MIN_PROFIT_TP_HIT,0.0728
88,TRUMP_USDT,LONG,StochasticRSI(FAST_SCALP-LONG),2,0.2,1.787,1.789,1.789,1.781,2026-07-03 23:58:59 UTC,2026-07-03 23:59:09 UTC,9.06,0.3574,0.0048,0.0,0.0004,0.04,8.39,MIN_PROFIT_TP_HIT,0.0732
89,TRUMP_USDT,LONG,StochasticRSI(FAST_SCALP-LONG),2,0.2,1.792,1.794,1.794,1.786,2026-07-04 00:12:59 UTC,2026-07-04 00:13:28 UTC,28.16,0.3584,0.0048,0.0,0.0004,0.04,8.37,MIN_PROFIT_TP_HIT,0.0736
90,TRUMP_USDT,LONG,StochasticRSI(FAST_SCALP-LONG),2,0.2,1.785,1.787,1.787,1.779,2026-07-04 00:23:59 UTC,2026-07-04 00:24:13 UTC,13.27,0.357,0.0048,0.0,0.0004,0.04,8.4,MIN_PROFIT_TP_HIT,0.074
91,TRUMP_USDT,LONG,StochasticRSI(FAST_SCALP-LONG),2,0.2,1.784,1.786,1.786,1.778,2026-07-04 00:26:59 UTC,2026-07-04 00:28:28 UTC,88.3,0.3568,0.0048,0.0,0.0004,0.04,8.41,MIN_PROFIT_TP_HIT,0.0744
92,TRUMP_USDT,LONG,StochasticRSI(FAST_SCALP-LONG),2,0.2,1.77,1.764,1.772,1.764,2026-07-04 01:42:59 UTC,2026-07-04 01:45:06 UTC,126.67,0.354,0.0047,0.0,-0.0012,-0.11,-25.42,STOP_LOSS_HIT,0.0732
93,TRUMP_USDT,LONG,StochasticRSI(FAST_SCALP-LONG),2,0.2,1.762,1.764,1.764,1.756,2026-07-04 01:49:59 UTC,2026-07-04 01:50:06 UTC,6.09,0.3524,0.0047,0.0,0.0004,0.04,8.51,MIN_PROFIT_TP_HIT,0.0736
94,TRUMP_USDT,LONG,StochasticRSI(FAST_SCALP-LONG),2,0.2,1.773,1.775,1.775,1.767,2026-07-04 06:29:59 UTC,2026-07-04 06:30:55 UTC,55.82,0.3546,0.0047,0.0,0.0004,0.04,8.46,MIN_PROFIT_TP_HIT,0.074
95,TRUMP_USDT,LONG,StochasticRSI(FAST_SCALP-LONG),2,0.2,1.776,1.778,1.778,1.77,2026-07-04 08:32:59 UTC,2026-07-04 08:35:43 UTC,163.76,0.3552,0.0047,0.0,0.0004,0.04,8.45,MIN_PROFIT_TP_HIT,0.0744
96,TRUMP_USDT,LONG,StochasticRSI(FAST_SCALP-LONG),2,0.2,1.773,1.775,1.775,1.767,2026-07-04 08:59:59 UTC,2026-07-04 09:00:21 UTC,21.03,0.3546,0.0047,0.0,0.0004,0.04,8.46,MIN_PROFIT_TP_HIT,0.0748
97,TRUMP_USDT,LONG,StochasticRSI(FAST_SCALP-LONG),2,0.2,1.769,1.763,1.771,1.763,2026-07-04 09:30:59 UTC,2026-07-04 09:37:01 UTC,361.82,0.3538,0.0047,0.0,-0.0012,-0.11,-25.44,STOP_LOSS_HIT,0.0736
98,TRUMP_USDT,LONG,StochasticRSI(FAST_SCALP-LONG),2,0.2,1.763,1.765,1.765,1.757,2026-07-04 09:38:59 UTC,2026-07-04 09:39:19 UTC,19.2,0.3526,0.0047,0.0,0.0004,0.04,8.51,MIN_PROFIT_TP_HIT,0.074
99,TRUMP_USDT,LONG,StochasticRSI(FAST_SCALP-LONG),2,0.2,1.763,1.765,1.765,1.757,2026-07-04 10:04:59 UTC,2026-07-04 10:05:53 UTC,53.14,0.3526,0.0047,0.0,0.0004,0.04,8.51,MIN_PROFIT_TP_HIT,0.0744
100,TRUMP_USDT,LONG,StochasticRSI(FAST_SCALP-LONG),2,0.2,1.765,1.767,1.767,1.759,2026-07-04 10:18:59 UTC,2026-07-04 10:26:13 UTC,433.92,0.353,0.0047,0.0,0.0004,0.04,8.5,MIN_PROFIT_TP_HIT,0.0748
101,TRUMP_USDT,LONG,StochasticRSI(FAST_SCALP-LONG),2,0.2,1.766,1.768,1.768,1.76,2026-07-04 11:06:59 UTC,2026-07-04 11:08:14 UTC,74.47,0.3532,0.0047,0.0,0.0004,0.04,8.49,MIN_PROFIT_TP_HIT,0.0752
102,TRUMP_USDT,LONG,StochasticRSI(FAST_SCALP-LONG),2,0.2,1.781,1.783,1.783,1.775,2026-07-04 13:09:59 UTC,2026-07-04 13:20:04 UTC,604.41,0.3562,0.0047,0.0,0.0004,0.04,8.42,MIN_PROFIT_TP_HIT,0.0756
103,TRUMP_USDT,LONG,StochasticRSI(FAST_SCALP-LONG),2,0.2,1.781,1.775,1.783,1.775,2026-07-04 13:30:59 UTC,2026-07-04 13:51:20 UTC,1220.68,0.3562,0.0047,0.0,-0.0012,-0.11,-25.27,STOP_LOSS_HIT,0.0744
104,TRUMP_USDT,LONG,StochasticRSI(FAST_SCALP-LONG),2,0.2,1.776,1.778,1.778,1.77,2026-07-04 13:52:59 UTC,2026-07-04 13:56:21 UTC,201.52,0.3552,0.0047,0.0,0.0004,0.04,8.45,MIN_PROFIT_TP_HIT,0.0748
105,TRUMP_USDT,LONG,StochasticRSI(FAST_SCALP-LONG),2,0.2,1.785,1.787,1.787,1.779,2026-07-04 14:25:59 UTC,2026-07-04 14:29:53 UTC,233.16,0.357,0.0048,0.0,0.0004,0.04,8.4,MIN_PROFIT_TP_HIT,0.0752
106,TRUMP_USDT,LONG,StochasticRSI(FAST_SCALP-LONG),2,0.2,1.792,1.794,1.794,1.786,2026-07-04 14:53:59 UTC,2026-07-04 14:57:19 UTC,199.04,0.3584,0.0048,0.0,0.0004,0.04,8.37,MIN_PROFIT_TP_HIT,0.0756
107,TRUMP_USDT,LONG,StochasticRSI(FAST_SCALP-LONG),2,0.2,1.792,1.794,1.794,1.786,2026-07-04 15:08:59 UTC,2026-07-04 15:09:27 UTC,27.34,0.3584,0.0048,0.0,0.0004,0.04,8.37,MIN_PROFIT_TP_HIT,0.076
108,TRUMP_USDT,LONG,StochasticRSI(FAST_SCALP-LONG),2,0.2,1.813,1.807,1.815,1.807,2026-07-04 15:45:59 UTC,2026-07-04 15:55:27 UTC,567.33,0.3626,0.0048,0.0,-0.0012,-0.11,-24.82,STOP_LOSS_HIT,0.0748
109,TRUMP_USDT,LONG,StochasticRSI(FAST_SCALP-LONG),2,0.2,1.856,1.85,1.858,1.85,2026-07-04 18:06:59 UTC,2026-07-04 18:09:54 UTC,174.98,0.3712,0.0049,0.0,-0.0012,-0.11,-24.25,STOP_LOSS_HIT,0.0736
110,TRUMP_USDT,LONG,StochasticRSI(FAST_SCALP-LONG),2,0.2,1.842,1.836,1.844,1.836,2026-07-04 19:11:59 UTC,2026-07-04 19:13:11 UTC,71.45,0.3684,0.0049,0.0,-0.0012,-0.11,-24.43,STOP_LOSS_HIT,0.0724
111,TRUMP_USDT,LONG,StochasticRSI(FAST_SCALP-LONG),2,0.2,1.844,1.846,1.846,1.838,2026-07-04 20:57:59 UTC,2026-07-04 20:58:08 UTC,8.09,0.3688,0.0049,0.0,0.0004,0.04,8.13,MIN_PROFIT_TP_HIT,0.0728
112,TRUMP_USDT,LONG,StochasticRSI(FAST_SCALP-LONG),2,0.2,1.844,1.846,1.846,1.838,2026-07-04 21:10:59 UTC,2026-07-04 21:12:59 UTC,119.79,0.3688,0.0049,0.0,0.0004,0.04,8.13,MIN_PROFIT_TP_HIT,0.0732
113,TRUMP_USDT,LONG,StochasticRSI(FAST_SCALP-LONG),2,0.2,1.855,1.857,1.857,1.849,2026-07-04 21:13:59 UTC,2026-07-04 21:15:55 UTC,115.37,0.371,0.0049,0.0,0.0004,0.04,8.09,MIN_PROFIT_TP_HIT,0.0736
114,TRUMP_USDT,LONG,StochasticRSI(FAST_SCALP-LONG),2,0.2,1.855,1.857,1.857,1.849,2026-07-04 21:28:59 UTC,2026-07-04 21:29:43 UTC,43.04,0.371,0.0049,0.0,0.0004,0.04,8.09,MIN_PROFIT_TP_HIT,0.074
115,TRUMP_USDT,LONG,StochasticRSI(FAST_SCALP-LONG),2,0.2,1.842,1.836,1.844,1.836,2026-07-04 21:54:59 UTC,2026-07-04 21:59:01 UTC,241.07,0.3684,0.0049,0.0,-0.0012,-0.11,-24.43,STOP_LOSS_HIT,0.0728
116,TRUMP_USDT,LONG,StochasticRSI(FAST_SCALP-LONG),2,0.2,1.826,1.828,1.828,1.82,2026-07-04 22:04:59 UTC,2026-07-04 22:05:50 UTC,50.75,0.3652,0.0049,0.0,0.0004,0.04,8.21,MIN_PROFIT_TP_HIT,0.0732
117,TRUMP_USDT,LONG,StochasticRSI(FAST_SCALP-LONG),2,0.2,1.824,1.818,1.826,1.818,2026-07-04 22:48:59 UTC,2026-07-04 22:49:07 UTC,7.38,0.3648,0.0049,0.0,-0.0012,-0.11,-24.67,STOP_LOSS_HIT,0.072
118,TRUMP_USDT,LONG,StochasticRSI(FAST_SCALP-LONG),2,0.2,1.815,1.817,1.817,1.809,2026-07-04 23:17:59 UTC,2026-07-04 23:18:16 UTC,16.42,0.363,0.0048,0.0,0.0004,0.04,8.26,MIN_PROFIT_TP_HIT,0.0724
119,TRUMP_USDT,LONG,StochasticRSI(FAST_SCALP-LONG),2,0.2,1.81,1.812,1.812,1.804,2026-07-05 01:21:59 UTC,2026-07-05 01:24:17 UTC,137.28,0.362,0.0048,0.0,0.0004,0.04,8.29,MIN_PROFIT_TP_HIT,0.0728
120,TRUMP_USDT,LONG,StochasticRSI(FAST_SCALP-LONG),2,0.2,1.816,1.81,1.818,1.81,2026-07-05 01:39:59 UTC,2026-07-05 01:47:20 UTC,440.15,0.3632,0.0048,0.0,-0.0012,-0.11,-24.78,STOP_LOSS_HIT,0.0716
121,TRUMP_USDT,SHORT,StochasticRSI(FAST_SCALP-SHORT),2,0.2,1.73,1.728,1.728,1.736,2026-07-05 06:35:59 UTC,2026-07-05 06:36:17 UTC,17.37,0.346,0.0046,0.0,0.0004,0.04,8.67,MIN_PROFIT_TP_HIT,0.072
122,TRUMP_USDT,SHORT,StochasticRSI(FAST_SCALP-SHORT),2,0.2,1.718,1.716,1.716,1.724,2026-07-05 06:48:59 UTC,2026-07-05 06:49:31 UTC,31.03,0.3436,0.0046,0.0,0.0004,0.04,8.73,MIN_PROFIT_TP_HIT,0.0724
123,TRUMP_USDT,SHORT,StochasticRSI(FAST_SCALP-SHORT),2,0.2,1.717,1.715,1.715,1.723,2026-07-05 06:57:59 UTC,2026-07-05 07:15:02 UTC,1022.91,0.3434,0.0046,0.0,0.0004,0.04,8.74,MIN_PROFIT_TP_HIT,0.0728
124,TRUMP_USDT,SHORT,StochasticRSI(FAST_SCALP-SHORT),2,0.2,1.705,1.711,1.703,1.711,2026-07-05 07:27:59 UTC,2026-07-05 07:35:40 UTC,460.31,0.341,0.0045,0.0,-0.0012,-0.11,-26.39,STOP_LOSS_HIT,0.0716
125,TRUMP_USDT,SHORT,StochasticRSI(FAST_SCALP-SHORT),2,0.2,1.707,1.705,1.705,1.713,2026-07-05 07:37:59 UTC,2026-07-05 07:47:50 UTC,590.07,0.3414,0.0046,0.0,0.0004,0.04,8.79,MIN_PROFIT_TP_HIT,0.072
126,TRUMP_USDT,SHORT,StochasticRSI(FAST_SCALP-SHORT),2,0.2,1.711,1.709,1.709,1.717,2026-07-05 07:54:59 UTC,2026-07-05 07:55:37 UTC,37.73,0.3422,0.0046,0.0,0.0004,0.04,8.77,MIN_PROFIT_TP_HIT,0.0724
127,TRUMP_USDT,SHORT,StochasticRSI(FAST_SCALP-SHORT),2,0.2,1.71,1.716,1.708,1.716,2026-07-05 07:57:59 UTC,2026-07-05 08:00:33 UTC,153.41,0.342,0.0046,0.0,-0.0012,-0.11,-26.32,STOP_LOSS_HIT,0.0712
128,TRUMP_USDT,SHORT,StochasticRSI(FAST_SCALP-SHORT),2,0.2,1.695,1.693,1.693,1.701,2026-07-05 09:38:59 UTC,2026-07-05 09:39:47 UTC,47.15,0.339,0.0045,0.0,0.0004,0.04,8.85,MIN_PROFIT_TP_HIT,0.0716
129,TRUMP_USDT,SHORT,StochasticRSI(FAST_SCALP-SHORT),2,0.2,1.686,1.692,1.684,1.692,2026-07-05 09:53:59 UTC,2026-07-05 09:56:38 UTC,158.43,0.3372,0.0045,0.0,-0.0012,-0.11,-26.69,STOP_LOSS_HIT,0.0704
130,TRUMP_USDT,SHORT,StochasticRSI(FAST_SCALP-SHORT),2,0.2,1.69,1.688,1.688,1.696,2026-07-05 09:59:59 UTC,2026-07-05 10:00:05 UTC,5.46,0.338,0.0045,0.0,0.0004,0.04,8.88,MIN_PROFIT_TP_HIT,0.0708
131,TRUMP_USDT,SHORT,StochasticRSI(FAST_SCALP-SHORT),2,0.2,1.698,1.696,1.696,1.704,2026-07-05 10:34:59 UTC,2026-07-05 10:49:00 UTC,840.88,0.3396,0.0045,0.0,0.0004,0.04,8.83,MIN_PROFIT_TP_HIT,0.0712
132,TRUMP_USDT,SHORT,StochasticRSI(FAST_SCALP-SHORT),2,0.2,1.7,1.706,1.698,1.706,2026-07-05 11:02:59 UTC,2026-07-05 11:09:08 UTC,368.79,0.34,0.0045,0.0,-0.0012,-0.11,-26.47,STOP_LOSS_HIT,0.07
133,TRUMP_USDT,SHORT,StochasticRSI(FAST_SCALP-SHORT),2,0.2,1.699,1.697,1.697,1.705,2026-07-05 11:26:59 UTC,2026-07-05 12:00:22 UTC,2002.11,0.3398,0.0045,0.0,0.0004,0.04,8.83,MIN_PROFIT_TP_HIT,0.0704
134,TRUMP_USDT,SHORT,StochasticRSI(FAST_SCALP-SHORT),2,0.2,1.7,1.698,1.698,1.706,2026-07-05 12:22:59 UTC,2026-07-05 12:23:03 UTC,3.44,0.34,0.0045,0.0,0.0004,0.04,8.82,MIN_PROFIT_TP_HIT,0.0708
135,TRUMP_USDT,SHORT,StochasticRSI(FAST_SCALP-SHORT),2,0.2,1.709,1.707,1.707,1.715,2026-07-05 12:33:59 UTC,2026-07-05 12:34:38 UTC,38.21,0.3418,0.0046,0.0,0.0004,0.04,8.78,MIN_PROFIT_TP_HIT,0.0712
136,TRUMP_USDT,SHORT,StochasticRSI(FAST_SCALP-SHORT),2,0.2,1.722,1.72,1.72,1.728,2026-07-05 12:57:59 UTC,2026-07-05 12:58:56 UTC,56.49,0.3444,0.0046,0.0,0.0004,0.04,8.71,MIN_PROFIT_TP_HIT,0.0716
137,TRUMP_USDT,SHORT,StochasticRSI(FAST_SCALP-SHORT),2,0.2,1.709,1.707,1.707,1.715,2026-07-05 13:59:59 UTC,2026-07-05 14:00:02 UTC,2.77,0.3418,0.0046,0.0,0.0004,0.04,8.78,MIN_PROFIT_TP_HIT,0.072
138,TRUMP_USDT,SHORT,StochasticRSI(FAST_SCALP-SHORT),2,0.2,1.695,1.693,1.693,1.701,2026-07-05 14:24:59 UTC,2026-07-05 14:26:26 UTC,86.85,0.339,0.0045,0.0,0.0004,0.04,8.85,MIN_PROFIT_TP_HIT,0.0724
139,TRUMP_USDT,SHORT,StochasticRSI(FAST_SCALP-SHORT),2,0.2,1.689,1.695,1.687,1.695,2026-07-05 14:45:59 UTC,2026-07-05 14:59:22 UTC,802.78,0.3378,0.0045,0.0,-0.0012,-0.11,-26.64,STOP_LOSS_HIT,0.0712
140,TRUMP_USDT,SHORT,StochasticRSI(FAST_SCALP-SHORT),2,0.2,1.694,1.7,1.692,1.7,2026-07-05 15:01:59 UTC,2026-07-05 15:03:57 UTC,117.97,0.3388,0.0045,0.0,-0.0012,-0.11,-26.56,STOP_LOSS_HIT,0.07
141,TRUMP_USDT,SHORT,StochasticRSI(FAST_SCALP-SHORT),2,0.2,1.681,1.679,1.679,1.687,2026-07-05 16:15:59 UTC,2026-07-05 16:19:11 UTC,191.39,0.3362,0.0045,0.0,0.0004,0.04,8.92,MIN_PROFIT_TP_HIT,0.0704
142,TRUMP_USDT,SHORT,StochasticRSI(FAST_SCALP-SHORT),2,0.2,1.689,1.687,1.687,1.695,2026-07-05 16:47:59 UTC,2026-07-05 16:52:00 UTC,240.76,0.3378,0.0045,0.0,0.0004,0.04,8.88,MIN_PROFIT_TP_HIT,0.0708
143,TRUMP_USDT,SHORT,StochasticRSI(FAST_SCALP-SHORT),2,0.2,1.697,1.695,1.695,1.703,2026-07-05 19:17:59 UTC,2026-07-05 19:19:13 UTC,73.47,0.3394,0.0045,0.0,0.0004,0.04,8.84,MIN_PROFIT_TP_HIT,0.0712
144,TRUMP_USDT,SHORT,StochasticRSI(FAST_SCALP-SHORT),2,0.2,1.701,1.699,1.699,1.707,2026-07-05 20:09:59 UTC,2026-07-05 20:12:59 UTC,179.47,0.3402,0.0045,0.0,0.0004,0.04,8.82,MIN_PROFIT_TP_HIT,0.0716
145,TRUMP_USDT,SHORT,StochasticRSI(FAST_SCALP-SHORT),2,0.2,1.699,1.697,1.697,1.705,2026-07-05 21:01:59 UTC,2026-07-05 21:05:32 UTC,212.12,0.3398,0.0045,0.0,0.0004,0.04,8.83,MIN_PROFIT_TP_HIT,0.072
146,TRUMP_USDT,SHORT,StochasticRSI(FAST_SCALP-SHORT),2,0.2,1.705,1.711,1.703,1.711,2026-07-05 21:15:59 UTC,2026-07-05 21:24:52 UTC,532.01,0.341,0.0045,0.0,-0.0012,-0.11,-26.39,STOP_LOSS_HIT,0.0708
147,TRUMP_USDT,SHORT,StochasticRSI(FAST_SCALP-SHORT),2,0.2,1.715,1.713,1.713,1.721,2026-07-05 21:30:59 UTC,2026-07-05 21:32:04 UTC,64.28,0.343,0.0046,0.0,0.0004,0.04,8.75,MIN_PROFIT_TP_HIT,0.0712
148,TRUMP_USDT,SHORT,StochasticRSI(FAST_SCALP-SHORT),2,0.2,1.714,1.712,1.712,1.72,2026-07-05 21:53:59 UTC,2026-07-05 21:54:46 UTC,46.95,0.3428,0.0046,0.0,0.0004,0.04,8.75,MIN_PROFIT_TP_HIT,0.0716
149,TRUMP_USDT,SHORT,StochasticRSI(FAST_SCALP-SHORT),2,0.2,1.713,1.711,1.711,1.719,2026-07-05 21:59:59 UTC,2026-07-05 22:00:06 UTC,6.28,0.3426,0.0046,0.0,0.0004,0.04,8.76,MIN_PROFIT_TP_HIT,0.072
150,TRUMP_USDT,SHORT,StochasticRSI(FAST_SCALP-SHORT),2,0.2,1.718,1.716,1.716,1.724,2026-07-05 22:23:59 UTC,2026-07-05 22:25:04 UTC,64.86,0.3436,0.0046,0.0,0.0004,0.04,8.73,MIN_PROFIT_TP_HIT,0.0724
151,TRUMP_USDT,SHORT,StochasticRSI(FAST_SCALP-SHORT),2,0.2,1.696,1.694,1.694,1.702,2026-07-06 00:18:59 UTC,2026-07-06 00:19:36 UTC,36.81,0.3392,0.0045,0.0,0.0004,0.04,8.84,MIN_PROFIT_TP_HIT,0.0728
152,TRUMP_USDT,SHORT,StochasticRSI(FAST_SCALP-SHORT),2,0.2,1.694,1.7,1.692,1.7,2026-07-06 00:42:59 UTC,2026-07-06 00:45:06 UTC,126.16,0.3388,0.0045,0.0,-0.0012,-0.11,-26.56,STOP_LOSS_HIT,0.0716
153,TRUMP_USDT,SHORT,StochasticRSI(FAST_SCALP-SHORT),2,0.2,1.699,1.697,1.697,1.705,2026-07-06 00:47:59 UTC,2026-07-06 00:55:37 UTC,457.8,0.3398,0.0045,0.0,0.0004,0.04,8.83,MIN_PROFIT_TP_HIT,0.072
154,TRUMP_USDT,SHORT,StochasticRSI(FAST_SCALP-SHORT),2,0.2,1.672,1.67,1.67,1.678,2026-07-06 07:52:59 UTC,2026-07-06 07:53:07 UTC,7.52,0.3344,0.0045,0.0,0.0004,0.04,8.97,MIN_PROFIT_TP_HIT,0.0724
155,TRUMP_USDT,SHORT,StochasticRSI(FAST_SCALP-SHORT),2,0.2,1.669,1.667,1.667,1.675,2026-07-06 08:09:59 UTC,2026-07-06 08:10:40 UTC,40.74,0.3338,0.0045,0.0,0.0004,0.04,8.99,MIN_PROFIT_TP_HIT,0.0728
156,TRUMP_USDT,SHORT,StochasticRSI(FAST_SCALP-SHORT),2,0.2,1.665,1.663,1.663,1.671,2026-07-06 09:33:59 UTC,2026-07-06 09:36:36 UTC,156.13,0.333,0.0044,0.0,0.0004,0.04,9.01,MIN_PROFIT_TP_HIT,0.0732
157,TRUMP_USDT,SHORT,StochasticRSI(FAST_SCALP-SHORT),2,0.2,1.674,1.672,1.672,1.68,2026-07-06 10:39:59 UTC,2026-07-06 10:40:09 UTC,9.29,0.3348,0.0045,0.0,0.0004,0.04,8.96,MIN_PROFIT_TP_HIT,0.0736
158,TRUMP_USDT,SHORT,StochasticRSI(FAST_SCALP-SHORT),2,0.2,1.672,1.67,1.67,1.678,2026-07-06 11:25:59 UTC,2026-07-06 11:26:02 UTC,2.52,0.3344,0.0045,0.0,0.0004,0.04,8.97,MIN_PROFIT_TP_HIT,0.074
159,TRUMP_USDT,SHORT,StochasticRSI(FAST_SCALP-SHORT),2,0.2,1.675,1.673,1.673,1.681,2026-07-06 11:36:59 UTC,2026-07-06 11:42:08 UTC,308.16,0.335,0.0045,0.0,0.0004,0.04,8.96,MIN_PROFIT_TP_HIT,0.0744
160,TRUMP_USDT,SHORT,StochasticRSI(FAST_SCALP-SHORT),2,0.2,1.674,1.672,1.672,1.68,2026-07-06 11:47:59 UTC,2026-07-06 11:50:24 UTC,144.75,0.3348,0.0045,0.0,0.0004,0.04,8.96,MIN_PROFIT_TP_HIT,0.0748
161,TRUMP_USDT,SHORT,StochasticRSI(FAST_SCALP-SHORT),2,0.2,1.645,1.65,1.643,1.65,2026-07-06 12:14:59 UTC,2026-07-06 12:17:52 UTC,172.84,0.329,0.0044,0.0,-0.001,-0.09,-22.8,STOP_LOSS_HIT,0.0738
162,TRUMP_USDT,SHORT,StochasticRSI(FAST_SCALP-SHORT),2,0.2,1.649,1.647,1.647,1.654,2026-07-06 12:21:59 UTC,2026-07-06 12:22:26 UTC,26.59,0.3298,0.0044,0.0,0.0004,0.04,9.1,MIN_PROFIT_TP_HIT,0.0742
163,TRUMP_USDT,SHORT,StochasticRSI(FAST_SCALP-SHORT),2,0.2,1.641,1.639,1.639,1.646,2026-07-06 14:57:59 UTC,2026-07-06 14:58:17 UTC,17.3,0.3282,0.0044,0.0,0.0004,0.04,9.14,MIN_PROFIT_TP_HIT,0.0746
164,TRUMP_USDT,SHORT,StochasticRSI(FAST_SCALP-SHORT),2,0.2,1.638,1.636,1.636,1.643,2026-07-06 14:59:59 UTC,2026-07-06 15:01:02 UTC,62.66,0.3276,0.0044,0.0,0.0004,0.04,9.16,MIN_PROFIT_TP_HIT,0.075
165,TRUMP_USDT,SHORT,StochasticRSI(FAST_SCALP-SHORT),2,0.2,1.65,1.648,1.648,1.655,2026-07-06 15:16:59 UTC,2026-07-06 15:19:25 UTC,145.67,0.33,0.0044,0.0,0.0004,0.04,9.09,MIN_PROFIT_TP_HIT,0.0754
166,TRUMP_USDT,SHORT,StochasticRSI(FAST_SCALP-SHORT),2,0.2,1.66,1.658,1.658,1.666,2026-07-06 15:31:59 UTC,2026-07-06 15:32:19 UTC,19.9,0.332,0.0044,0.0,0.0004,0.04,9.04,MIN_PROFIT_TP_HIT,0.0758
167,TRUMP_USDT,SHORT,StochasticRSI(FAST_SCALP-SHORT),2,0.2,1.673,1.671,1.671,1.679,2026-07-06 15:57:59 UTC,2026-07-06 15:58:08 UTC,8.91,0.3346,0.0045,0.0,0.0004,0.04,8.97,MIN_PROFIT_TP_HIT,0.0762
168,TRUMP_USDT,SHORT,StochasticRSI(FAST_SCALP-SHORT),2,0.2,1.671,1.669,1.669,1.677,2026-07-06 16:01:59 UTC,2026-07-06 16:03:57 UTC,117.03,0.3342,0.0045,0.0,0.0004,0.04,8.98,MIN_PROFIT_TP_HIT,0.0766
169,TRUMP_USDT,SHORT,StochasticRSI(FAST_SCALP-SHORT),2,0.2,1.686,1.684,1.684,1.692,2026-07-06 16:15:59 UTC,2026-07-06 16:16:05 UTC,5.66,0.3372,0.0045,0.0,0.0004,0.04,8.9,MIN_PROFIT_TP_HIT,0.077
170,TRUMP_USDT,SHORT,StochasticRSI(FAST_SCALP-SHORT),2,0.2,1.694,1.692,1.692,1.7,2026-07-06 19:45:59 UTC,2026-07-06 19:46:44 UTC,44.78,0.3388,0.0045,0.0,0.0004,0.04,8.85,MIN_PROFIT_TP_HIT,0.0774
171,TRUMP_USDT,SHORT,StochasticRSI(FAST_SCALP-SHORT),2,0.2,1.689,1.695,1.687,1.695,2026-07-06 20:25:59 UTC,2026-07-06 20:52:53 UTC,1613.07,0.3378,0.0045,0.0,-0.0012,-0.11,-26.64,STOP_LOSS_HIT,0.0762
172,TRUMP_USDT,SHORT,StochasticRSI(FAST_SCALP-SHORT),2,0.2,1.69,1.688,1.688,1.696,2026-07-06 20:55:59 UTC,2026-07-06 20:57:33 UTC,93.81,0.338,0.0045,0.0,0.0004,0.04,8.88,MIN_PROFIT_TP_HIT,0.0766
173,TRUMP_USDT,SHORT,StochasticRSI(FAST_SCALP-SHORT),2,0.2,1.71,1.708,1.708,1.716,2026-07-06 21:12:59 UTC,2026-07-06 21:13:06 UTC,6.68,0.342,0.0046,0.0,0.0004,0.04,8.77,MIN_PROFIT_TP_HIT,0.077
174,TRUMP_USDT,SHORT,StochasticRSI(FAST_SCALP-SHORT),2,0.2,1.702,1.7,1.7,1.708,2026-07-06 22:20:59 UTC,2026-07-06 22:27:42 UTC,402.1,0.3404,0.0045,0.0,0.0004,0.04,8.81,MIN_PROFIT_TP_HIT,0.0774
175,TRUMP_USDT,SHORT,StochasticRSI(FAST_SCALP-SHORT),2,0.2,1.704,1.702,1.702,1.71,2026-07-06 22:31:59 UTC,2026-07-06 22:35:52 UTC,232.79,0.3408,0.0045,0.0,0.0004,0.04,8.8,MIN_PROFIT_TP_HIT,0.0778
176,TRUMP_USDT,SHORT,StochasticRSI(FAST_SCALP-SHORT),2,0.2,1.698,1.696,1.696,1.704,2026-07-06 23:25:59 UTC,2026-07-06 23:41:08 UTC,908.04,0.3396,0.0045,0.0,0.0004,0.04,8.83,MIN_PROFIT_TP_HIT,0.0782
177,TRUMP_USDT,SHORT,StochasticRSI(FAST_SCALP-SHORT),2,0.2,1.694,1.692,1.692,1.7,2026-07-07 00:03:59 UTC,2026-07-07 00:04:38 UTC,38.12,0.3388,0.0045,0.0,0.0004,0.04,8.85,MIN_PROFIT_TP_HIT,0.0786
178,TRUMP_USDT,SHORT,StochasticRSI(FAST_SCALP-SHORT),2,0.2,1.703,1.709,1.701,1.709,2026-07-07 00:23:59 UTC,2026-07-07 00:31:19 UTC,439.54,0.3406,0.0045,0.0,-0.0012,-0.11,-26.42,STOP_LOSS_HIT,0.0774
179,TRUMP_USDT,SHORT,StochasticRSI(FAST_SCALP-SHORT),2,0.2,1.69,1.688,1.688,1.696,2026-07-07 01:14:59 UTC,2026-07-07 01:15:46 UTC,46.56,0.338,0.0045,0.0,0.0004,0.04,8.88,MIN_PROFIT_TP_HIT,0.0778
180,TRUMP_USDT,SHORT,StochasticRSI(FAST_SCALP-SHORT),2,0.2,1.688,1.686,1.686,1.694,2026-07-07 01:16:59 UTC,2026-07-07 01:18:29 UTC,89.97,0.3376,0.0045,0.0,0.0004,0.04,8.89,MIN_PROFIT_TP_HIT,0.0782
181,TRUMP_USDT,SHORT,StochasticRSI(FAST_SCALP-SHORT),2,0.2,1.682,1.688,1.68,1.688,2026-07-07 01:37:59 UTC,2026-07-07 01:45:02 UTC,422.68,0.3364,0.0045,0.0,-0.0012,-0.11,-26.75,STOP_LOSS_HIT,0.077
182,TRUMP_USDT,SHORT,StochasticRSI(FAST_SCALP-SHORT),2,0.2,1.687,1.685,1.685,1.693,2026-07-07 01:50:59 UTC,2026-07-07 01:59:08 UTC,488.78,0.3374,0.0045,0.0,0.0004,0.04,8.89,MIN_PROFIT_TP_HIT,0.0774
183,TRUMP_USDT,SHORT,StochasticRSI(FAST_SCALP-SHORT),2,0.2,1.652,1.65,1.65,1.658,2026-07-07 07:44:59 UTC,2026-07-07 07:46:41 UTC,101.9,0.3304,0.0044,0.0,0.0004,0.04,9.08,MIN_PROFIT_TP_HIT,0.0778
184,TRUMP_USDT,SHORT,StochasticRSI(FAST_SCALP-SHORT),2,0.2,1.652,1.65,1.65,1.658,2026-07-07 07:47:59 UTC,2026-07-07 07:52:32 UTC,272.69,0.3304,0.0044,0.0,0.0004,0.04,9.08,MIN_PROFIT_TP_HIT,0.0782
185,TRUMP_USDT,SHORT,StochasticRSI(FAST_SCALP-SHORT),2,0.2,1.65,1.648,1.648,1.655,2026-07-07 08:14:59 UTC,2026-07-07 08:16:33 UTC,93.23,0.33,0.0044,0.0,0.0004,0.04,9.09,MIN_PROFIT_TP_HIT,0.0786
186,TRUMP_USDT,SHORT,StochasticRSI(FAST_SCALP-SHORT),2,0.2,1.655,1.653,1.653,1.661,2026-07-07 08:23:59 UTC,2026-07-07 08:26:41 UTC,161.58,0.331,0.0044,0.0,0.0004,0.04,9.06,MIN_PROFIT_TP_HIT,0.079
187,TRUMP_USDT,SHORT,StochasticRSI(FAST_SCALP-SHORT),2,0.2,1.655,1.653,1.653,1.661,2026-07-07 08:27:59 UTC,2026-07-07 08:28:03 UTC,3.17,0.331,0.0044,0.0,0.0004,0.04,9.06,MIN_PROFIT_TP_HIT,0.0794
188,TRUMP_USDT,SHORT,StochasticRSI(FAST_SCALP-SHORT),2,0.2,1.662,1.66,1.66,1.668,2026-07-07 09:10:59 UTC,2026-07-07 09:12:42 UTC,102.38,0.3324,0.0044,0.0,0.0004,0.04,9.03,MIN_PROFIT_TP_HIT,0.0798
189,TRUMP_USDT,SHORT,StochasticRSI(FAST_SCALP-SHORT),2,0.2,1.662,1.66,1.66,1.668,2026-07-07 09:45:59 UTC,2026-07-07 09:46:35 UTC,35.89,0.3324,0.0044,0.0,0.0004,0.04,9.03,MIN_PROFIT_TP_HIT,0.0802
190,TRUMP_USDT,SHORT,StochasticRSI(FAST_SCALP-SHORT),2,0.2,1.663,1.661,1.661,1.669,2026-07-07 09:55:59 UTC,2026-07-07 09:56:27 UTC,27.15,0.3326,0.0044,0.0,0.0004,0.04,9.02,MIN_PROFIT_TP_HIT,0.0806
191,TRUMP_USDT,SHORT,StochasticRSI(FAST_SCALP-SHORT),2,0.2,1.666,1.664,1.664,1.672,2026-07-07 10:07:59 UTC,2026-07-07 10:10:30 UTC,150.91,0.3332,0.0044,0.0,0.0004,0.04,9.0,MIN_PROFIT_TP_HIT,0.081
192,TRUMP_USDT,SHORT,StochasticRSI(FAST_SCALP-SHORT),2,0.2,1.663,1.661,1.661,1.669,2026-07-07 11:02:59 UTC,2026-07-07 11:04:17 UTC,77.38,0.3326,0.0044,0.0,0.0004,0.04,9.02,MIN_PROFIT_TP_HIT,0.0814
193,TRUMP_USDT,SHORT,StochasticRSI(FAST_SCALP-SHORT),2,0.2,1.671,1.669,1.669,1.677,2026-07-07 12:09:59 UTC,2026-07-07 12:10:19 UTC,19.81,0.3342,0.0045,0.0,0.0004,0.04,8.98,MIN_PROFIT_TP_HIT,0.0818
194,TRUMP_USDT,SHORT,StochasticRSI(FAST_SCALP-SHORT),2,0.2,1.661,1.659,1.659,1.667,2026-07-07 12:46:59 UTC,2026-07-07 12:47:48 UTC,48.98,0.3322,0.0044,0.0,0.0004,0.04,9.03,MIN_PROFIT_TP_HIT,0.0822
195,TRUMP_USDT,SHORT,StochasticRSI(FAST_SCALP-SHORT),2,0.2,1.661,1.659,1.659,1.667,2026-07-07 12:57:59 UTC,2026-07-07 12:58:25 UTC,25.88,0.3322,0.0044,0.0,0.0004,0.04,9.03,MIN_PROFIT_TP_HIT,0.0826
196,TRUMP_USDT,SHORT,StochasticRSI(FAST_SCALP-SHORT),2,0.2,1.652,1.65,1.65,1.658,2026-07-07 13:16:59 UTC,2026-07-07 13:18:09 UTC,69.63,0.3304,0.0044,0.0,0.0004,0.04,9.08,MIN_PROFIT_TP_HIT,0.083
197,TRUMP_USDT,SHORT,StochasticRSI(FAST_SCALP-SHORT),2,0.2,1.648,1.646,1.646,1.653,2026-07-07 13:34:59 UTC,2026-07-07 13:35:11 UTC,11.12,0.3296,0.0044,0.0,0.0004,0.04,9.1,MIN_PROFIT_TP_HIT,0.0834
198,TRUMP_USDT,SHORT,StochasticRSI(FAST_SCALP-SHORT),2,0.2,1.658,1.656,1.656,1.664,2026-07-07 13:48:59 UTC,2026-07-07 13:51:08 UTC,128.12,0.3316,0.0044,0.0,0.0004,0.04,9.05,MIN_PROFIT_TP_HIT,0.0838
199,TRUMP_USDT,SHORT,StochasticRSI(FAST_SCALP-SHORT),2,0.2,1.668,1.666,1.666,1.674,2026-07-07 14:59:59 UTC,2026-07-07 15:00:13 UTC,13.67,0.3336,0.0044,0.0,0.0004,0.04,8.99,MIN_PROFIT_TP_HIT,0.0842
200,TRUMP_USDT,SHORT,StochasticRSI(FAST_SCALP-SHORT),2,0.2,1.676,1.674,1.674,1.682,2026-07-07 15:14:59 UTC,2026-07-07 15:15:02 UTC,2.79,0.3352,0.0045,0.0,0.0004,0.04,8.95,MIN_PROFIT_TP_HIT,0.0846
201,TRUMP_USDT,SHORT,StochasticRSI(FAST_SCALP-SHORT),2,0.2,1.67,1.668,1.668,1.676,2026-07-07 18:17:59 UTC,2026-07-07 18:25:35 UTC,455.15,0.334,0.0045,0.0,0.0004,0.04,8.98,MIN_PROFIT_TP_HIT,0.085
202,TRUMP_USDT,SHORT,StochasticRSI(FAST_SCALP-SHORT),2,0.2,1.674,1.672,1.672,1.68,2026-07-07 18:39:59 UTC,2026-07-07 18:40:13 UTC,13.37,0.3348,0.0045,0.0,0.0004,0.04,8.96,MIN_PROFIT_TP_HIT,0.0854
203,TRUMP_USDT,SHORT,StochasticRSI(FAST_SCALP-SHORT),2,0.2,1.672,1.67,1.67,1.678,2026-07-07 18:41:59 UTC,2026-07-07 18:49:15 UTC,435.13,0.3344,0.0045,0.0,0.0004,0.04,8.97,MIN_PROFIT_TP_HIT,0.0858
204,TRUMP_USDT,SHORT,StochasticRSI(FAST_SCALP-SHORT),2,0.2,1.651,1.657,1.649,1.657,2026-07-07 19:07:59 UTC,2026-07-07 19:13:15 UTC,315.62,0.3302,0.0044,0.0,-0.0012,-0.11,-27.26,STOP_LOSS_HIT,0.0846
205,TRUMP_USDT,SHORT,StochasticRSI(FAST_SCALP-SHORT),2,0.2,1.656,1.654,1.654,1.662,2026-07-07 19:17:59 UTC,2026-07-07 19:18:23 UTC,23.48,0.3312,0.0044,0.0,0.0004,0.04,9.06,MIN_PROFIT_TP_HIT,0.085
206,TRUMP_USDT,SHORT,StochasticRSI(FAST_SCALP-SHORT),2,0.2,1.666,1.664,1.664,1.672,2026-07-07 19:36:59 UTC,2026-07-07 19:37:30 UTC,30.35,0.3332,0.0044,0.0,0.0004,0.04,9.0,MIN_PROFIT_TP_HIT,0.0854
207,TRUMP_USDT,SHORT,StochasticRSI(FAST_SCALP-SHORT),2,0.2,1.652,1.658,1.65,1.658,2026-07-07 21:03:59 UTC,2026-07-07 21:06:14 UTC,134.29,0.3304,0.0044,0.0,-0.0012,-0.11,-27.24,STOP_LOSS_HIT,0.0842
208,TRUMP_USDT,SHORT,StochasticRSI(FAST_SCALP-SHORT),2,0.2,1.657,1.663,1.655,1.663,2026-07-07 21:12:59 UTC,2026-07-07 21:13:29 UTC,29.58,0.3314,0.0044,0.0,-0.0012,-0.11,-27.16,STOP_LOSS_HIT,0.083
209,TRUMP_USDT,SHORT,StochasticRSI(FAST_SCALP-SHORT),2,0.2,1.66,1.658,1.658,1.666,2026-07-07 21:15:59 UTC,2026-07-07 21:16:18 UTC,18.1,0.332,0.0044,0.0,0.0004,0.04,9.04,MIN_PROFIT_TP_HIT,0.0834
210,TRUMP_USDT,SHORT,StochasticRSI(FAST_SCALP-SHORT),2,0.2,1.649,1.647,1.647,1.654,2026-07-07 21:31:59 UTC,2026-07-07 21:37:40 UTC,340.56,0.3298,0.0044,0.0,0.0004,0.04,9.1,MIN_PROFIT_TP_HIT,0.0838
211,TRUMP_USDT,SHORT,StochasticRSI(FAST_SCALP-SHORT),2,0.2,1.65,1.648,1.648,1.655,2026-07-07 21:49:59 UTC,2026-07-07 21:50:49 UTC,49.04,0.33,0.0044,0.0,0.0004,0.04,9.09,MIN_PROFIT_TP_HIT,0.0842
212,TRUMP_USDT,SHORT,StochasticRSI(FAST_SCALP-SHORT),2,0.2,1.641,1.639,1.639,1.646,2026-07-07 22:10:59 UTC,2026-07-07 22:15:46 UTC,286.83,0.3282,0.0044,0.0,0.0004,0.04,9.14,MIN_PROFIT_TP_HIT,0.0846
213,TRUMP_USDT,SHORT,StochasticRSI(FAST_SCALP-SHORT),2,0.2,1.641,1.646,1.639,1.646,2026-07-07 22:25:59 UTC,2026-07-07 22:41:01 UTC,901.99,0.3282,0.0044,0.0,-0.001,-0.09,-22.85,STOP_LOSS_HIT,0.0836
214,TRUMP_USDT,SHORT,StochasticRSI(FAST_SCALP-SHORT),2,0.2,1.651,1.649,1.649,1.657,2026-07-08 00:08:59 UTC,2026-07-08 00:09:29 UTC,29.84,0.3302,0.0044,0.0,0.0004,0.04,9.09,MIN_PROFIT_TP_HIT,0.084
215,TRUMP_USDT,SHORT,StochasticRSI(FAST_SCALP-SHORT),2,0.2,1.642,1.64,1.64,1.647,2026-07-08 01:15:59 UTC,2026-07-08 01:20:57 UTC,297.69,0.3284,0.0044,0.0,0.0004,0.04,9.14,MIN_PROFIT_TP_HIT,0.0844
216,TRUMP_USDT,SHORT,StochasticRSI(FAST_SCALP-SHORT),2,0.2,1.617,1.615,1.615,1.622,2026-07-08 01:47:59 UTC,2026-07-08 01:48:36 UTC,36.01,0.3234,0.0043,0.0,0.0004,0.04,9.28,MIN_PROFIT_TP_HIT,0.0848
217,TRUMP_USDT,SHORT,StochasticRSI(FAST_SCALP-SHORT),2,0.2,1.608,1.606,1.606,1.613,2026-07-08 06:06:59 UTC,2026-07-08 06:10:44 UTC,224.8,0.3216,0.0043,0.0,0.0004,0.04,9.33,MIN_PROFIT_TP_HIT,0.0852
218,TRUMP_USDT,SHORT,StochasticRSI(FAST_SCALP-SHORT),2,0.2,1.574,1.572,1.572,1.579,2026-07-08 08:29:59 UTC,2026-07-08 08:30:04 UTC,4.32,0.3148,0.0042,0.0,0.0004,0.04,9.53,MIN_PROFIT_TP_HIT,0.0856
219,TRUMP_USDT,SHORT,StochasticRSI(FAST_SCALP-SHORT),2,0.2,1.575,1.573,1.573,1.58,2026-07-08 08:31:59 UTC,2026-07-08 08:32:09 UTC,9.76,0.315,0.0042,0.0,0.0004,0.04,9.52,MIN_PROFIT_TP_HIT,0.086
220,TRUMP_USDT,SHORT,StochasticRSI(FAST_SCALP-SHORT),2,0.2,1.573,1.571,1.571,1.578,2026-07-08 08:36:59 UTC,2026-07-08 08:38:25 UTC,85.17,0.3146,0.0042,0.0,0.0004,0.04,9.54,MIN_PROFIT_TP_HIT,0.0864
221,TRUMP_USDT,SHORT,StochasticRSI(FAST_SCALP-SHORT),2,0.2,1.584,1.582,1.582,1.589,2026-07-08 08:49:59 UTC,2026-07-08 08:50:04 UTC,4.55,0.3168,0.0042,0.0,0.0004,0.04,9.47,MIN_PROFIT_TP_HIT,0.0868
222,TRUMP_USDT,SHORT,StochasticRSI(FAST_SCALP-SHORT),2,0.2,1.584,1.582,1.582,1.589,2026-07-08 11:29:59 UTC,2026-07-08 11:30:08 UTC,8.06,0.3168,0.0042,0.0,0.0004,0.04,9.47,MIN_PROFIT_TP_HIT,0.0872
223,TRUMP_USDT,SHORT,StochasticRSI(FAST_SCALP-SHORT),2,0.2,1.6,1.598,1.598,1.605,2026-07-08 12:08:59 UTC,2026-07-08 12:10:30 UTC,90.85,0.32,0.0043,0.0,0.0004,0.04,9.38,MIN_PROFIT_TP_HIT,0.0876
224,TRUMP_USDT,SHORT,StochasticRSI(FAST_SCALP-SHORT),2,0.2,1.603,1.601,1.601,1.608,2026-07-08 12:29:59 UTC,2026-07-08 12:30:17 UTC,17.7,0.3206,0.0043,0.0,0.0004,0.04,9.36,MIN_PROFIT_TP_HIT,0.088
225,TRUMP_USDT,SHORT,StochasticRSI(FAST_SCALP-SHORT),2,0.2,1.613,1.611,1.611,1.618,2026-07-08 13:39:59 UTC,2026-07-08 13:40:35 UTC,35.67,0.3226,0.0043,0.0,0.0004,0.04,9.3,MIN_PROFIT_TP_HIT,0.0884
226,TRUMP_USDT,SHORT,StochasticRSI(FAST_SCALP-SHORT),2,0.2,1.617,1.615,1.615,1.622,2026-07-08 14:03:59 UTC,2026-07-08 14:04:25 UTC,25.1,0.3234,0.0043,0.0,0.0004,0.04,9.28,MIN_PROFIT_TP_HIT,0.0888
227,TRUMP_USDT,SHORT,StochasticRSI(FAST_SCALP-SHORT),2,0.2,1.613,1.611,1.611,1.618,2026-07-08 14:16:59 UTC,2026-07-08 14:17:18 UTC,18.22,0.3226,0.0043,0.0,0.0004,0.04,9.3,MIN_PROFIT_TP_HIT,0.0892
228,TRUMP_USDT,SHORT,StochasticRSI(FAST_SCALP-SHORT),2,0.2,1.618,1.616,1.616,1.623,2026-07-08 14:24:59 UTC,2026-07-08 14:27:02 UTC,122.63,0.3236,0.0043,0.0,0.0004,0.04,9.27,MIN_PROFIT_TP_HIT,0.0896
229,TRUMP_USDT,SHORT,StochasticRSI(FAST_SCALP-SHORT),2,0.2,1.623,1.621,1.621,1.628,2026-07-08 15:01:59 UTC,2026-07-08 15:04:18 UTC,138.91,0.3246,0.0043,0.0,0.0004,0.04,9.24,MIN_PROFIT_TP_HIT,0.09
230,TRUMP_USDT,SHORT,StochasticRSI(FAST_SCALP-SHORT),2,0.2,1.606,1.611,1.604,1.611,2026-07-08 15:57:59 UTC,2026-07-08 16:00:28 UTC,148.65,0.3212,0.0043,0.0,-0.001,-0.09,-23.35,STOP_LOSS_HIT,0.089
231,TRUMP_USDT,SHORT,StochasticRSI(FAST_SCALP-SHORT),2,0.2,1.61,1.608,1.608,1.615,2026-07-08 18:03:59 UTC,2026-07-08 18:04:21 UTC,21.44,0.322,0.0043,0.0,0.0004,0.04,9.32,MIN_PROFIT_TP_HIT,0.0894
232,TRUMP_USDT,SHORT,StochasticRSI(FAST_SCALP-SHORT),2,0.2,1.607,1.605,1.605,1.612,2026-07-08 18:18:59 UTC,2026-07-08 18:23:22 UTC,262.52,0.3214,0.0043,0.0,0.0004,0.04,9.33,MIN_PROFIT_TP_HIT,0.0898
233,TRUMP_USDT,SHORT,StochasticRSI(FAST_SCALP-SHORT),2,0.2,1.599,1.597,1.597,1.604,2026-07-08 18:42:59 UTC,2026-07-08 18:43:55 UTC,55.82,0.3198,0.0043,0.0,0.0004,0.04,9.38,MIN_PROFIT_TP_HIT,0.0902
234,TRUMP_USDT,SHORT,StochasticRSI(FAST_SCALP-SHORT),2,0.2,1.604,1.602,1.602,1.609,2026-07-08 18:55:59 UTC,2026-07-08 19:05:37 UTC,577.48,0.3208,0.0043,0.0,0.0004,0.04,9.35,MIN_PROFIT_TP_HIT,0.0906
235,TRUMP_USDT,SHORT,StochasticRSI(FAST_SCALP-SHORT),2,0.2,1.598,1.596,1.596,1.603,2026-07-08 20:25:59 UTC,2026-07-08 20:33:56 UTC,476.6,0.3196,0.0043,0.0,0.0004,0.04,9.39,MIN_PROFIT_TP_HIT,0.091
236,TRUMP_USDT,SHORT,StochasticRSI(FAST_SCALP-SHORT),2,0.2,1.594,1.592,1.592,1.599,2026-07-08 20:45:59 UTC,2026-07-08 20:49:44 UTC,224.23,0.3188,0.0043,0.0,0.0004,0.04,9.41,MIN_PROFIT_TP_HIT,0.0914
237,TRUMP_USDT,SHORT,StochasticRSI(FAST_SCALP-SHORT),2,0.2,1.589,1.594,1.587,1.594,2026-07-08 21:08:59 UTC,2026-07-08 21:22:07 UTC,787.91,0.3178,0.0042,0.0,-0.001,-0.09,-23.6,STOP_LOSS_HIT,0.0904
238,TRUMP_USDT,SHORT,StochasticRSI(FAST_SCALP-SHORT),2,0.2,1.598,1.603,1.596,1.603,2026-07-08 21:36:59 UTC,2026-07-08 21:48:39 UTC,699.48,0.3196,0.0043,0.0,-0.001,-0.09,-23.47,STOP_LOSS_HIT,0.0894
239,TRUMP_USDT,SHORT,StochasticRSI(FAST_SCALP-SHORT),2,0.2,1.613,1.611,1.611,1.618,2026-07-09 00:02:59 UTC,2026-07-09 00:03:07 UTC,7.56,0.3226,0.0043,0.0,0.0004,0.04,9.3,MIN_PROFIT_TP_HIT,0.0898
240,TRUMP_USDT,SHORT,StochasticRSI(FAST_SCALP-SHORT),2,0.2,1.594,1.592,1.592,1.599,2026-07-09 00:27:59 UTC,2026-07-09 00:44:23 UTC,983.87,0.3188,0.0043,0.0,0.0004,0.04,9.41,MIN_PROFIT_TP_HIT,0.0902
241,TRUMP_USDT,SHORT,StochasticRSI(FAST_SCALP-SHORT),2,0.2,1.613,1.611,1.611,1.618,2026-07-09 01:21:59 UTC,2026-07-09 01:24:45 UTC,165.78,0.3226,0.0043,0.0,0.0004,0.04,9.3,MIN_PROFIT_TP_HIT,0.0906
242,TRUMP_USDT,SHORT,StochasticRSI(FAST_SCALP-SHORT),2,0.2,1.607,1.605,1.605,1.612,2026-07-09 01:51:59 UTC,2026-07-09 01:52:09 UTC,9.47,0.3214,0.0043,0.0,0.0004,0.04,9.33,MIN_PROFIT_TP_HIT,0.091
243,TRUMP_USDT,SHORT,StochasticRSI(FAST_SCALP-SHORT),2,0.2,1.625,1.623,1.623,1.63,2026-07-09 06:27:59 UTC,2026-07-09 06:28:15 UTC,15.48,0.325,0.0043,0.0,0.0004,0.04,9.23,MIN_PROFIT_TP_HIT,0.0914
244,TRUMP_USDT,SHORT,StochasticRSI(FAST_SCALP-SHORT),2,0.2,1.626,1.624,1.624,1.631,2026-07-09 06:31:59 UTC,2026-07-09 06:37:07 UTC,307.53,0.3252,0.0043,0.0,0.0004,0.04,9.23,MIN_PROFIT_TP_HIT,0.0918
245,TRUMP_USDT,SHORT,StochasticRSI(FAST_SCALP-SHORT),2,0.2,1.615,1.62,1.613,1.62,2026-07-09 07:41:59 UTC,2026-07-09 07:43:31 UTC,91.13,0.323,0.0043,0.0,-0.001,-0.09,-23.22,STOP_LOSS_HIT,0.0908
246,TRUMP_USDT,SHORT,StochasticRSI(FAST_SCALP-SHORT),2,0.2,1.622,1.62,1.62,1.627,2026-07-09 07:50:59 UTC,2026-07-09 07:58:26 UTC,446.94,0.3244,0.0043,0.0,0.0004,0.04,9.25,MIN_PROFIT_TP_HIT,0.0912
247,TRUMP_USDT,SHORT,StochasticRSI(FAST_SCALP-SHORT),2,0.2,1.612,1.617,1.61,1.617,2026-07-09 08:19:59 UTC,2026-07-09 08:25:31 UTC,331.68,0.3224,0.0043,0.0,-0.001,-0.09,-23.26,STOP_LOSS_HIT,0.0902
248,TRUMP_USDT,SHORT,StochasticRSI(FAST_SCALP-SHORT),2,0.2,1.617,1.615,1.615,1.622,2026-07-09 08:28:59 UTC,2026-07-09 08:32:18 UTC,198.38,0.3234,0.0043,0.0,0.0004,0.04,9.28,MIN_PROFIT_TP_HIT,0.0906
249,TRUMP_USDT,SHORT,StochasticRSI(FAST_SCALP-SHORT),2,0.2,1.607,1.605,1.605,1.612,2026-07-09 09:05:59 UTC,2026-07-09 09:07:18 UTC,78.38,0.3214,0.0043,0.0,0.0004,0.04,9.33,MIN_PROFIT_TP_HIT,0.091
250,TRUMP_USDT,SHORT,StochasticRSI(FAST_SCALP-SHORT),2,0.2,1.605,1.603,1.603,1.61,2026-07-09 09:15:59 UTC,2026-07-09 09:37:35 UTC,1295.25,0.321,0.0043,0.0,0.0004,0.04,9.35,MIN_PROFIT_TP_HIT,0.0914
251,TRUMP_USDT,SHORT,StochasticRSI(FAST_SCALP-SHORT),2,0.2,1.609,1.614,1.607,1.614,2026-07-09 09:45:59 UTC,2026-07-09 09:53:18 UTC,438.72,0.3218,0.0043,0.0,-0.001,-0.09,-23.31,STOP_LOSS_HIT,0.0904
252,TRUMP_USDT,SHORT,StochasticRSI(FAST_SCALP-SHORT),2,0.2,1.615,1.613,1.613,1.62,2026-07-09 10:06:59 UTC,2026-07-09 10:21:46 UTC,886.32,0.323,0.0043,0.0,0.0004,0.04,9.29,MIN_PROFIT_TP_HIT,0.0908
253,TRUMP_USDT,SHORT,StochasticRSI(FAST_SCALP-SHORT),2,0.2,1.612,1.61,1.61,1.617,2026-07-09 10:41:59 UTC,2026-07-09 10:42:56 UTC,56.51,0.3224,0.0043,0.0,0.0004,0.04,9.31,MIN_PROFIT_TP_HIT,0.0912
254,TRUMP_USDT,SHORT,StochasticRSI(FAST_SCALP-SHORT),2,0.2,1.61,1.608,1.608,1.615,2026-07-09 10:53:59 UTC,2026-07-09 10:55:17 UTC,77.37,0.322,0.0043,0.0,0.0004,0.04,9.32,MIN_PROFIT_TP_HIT,0.0916
255,TRUMP_USDT,SHORT,StochasticRSI(FAST_SCALP-SHORT),2,0.2,1.609,1.607,1.607,1.614,2026-07-09 11:05:59 UTC,2026-07-09 11:08:53 UTC,173.75,0.3218,0.0043,0.0,0.0004,0.04,9.32,MIN_PROFIT_TP_HIT,0.092
256,TRUMP_USDT,SHORT,StochasticRSI(FAST_SCALP-SHORT),2,0.2,1.608,1.613,1.606,1.613,2026-07-09 11:31:59 UTC,2026-07-09 11:49:00 UTC,1020.18,0.3216,0.0043,0.0,-0.001,-0.09,-23.32,STOP_LOSS_HIT,0.091
257,TRUMP_USDT,SHORT,StochasticRSI(FAST_SCALP-SHORT),2,0.2,1.616,1.614,1.614,1.621,2026-07-09 11:55:59 UTC,2026-07-09 12:00:11 UTC,251.03,0.3232,0.0043,0.0,0.0004,0.04,9.28,MIN_PROFIT_TP_HIT,0.0914
258,TRUMP_USDT,SHORT,StochasticRSI(FAST_SCALP-SHORT),2,0.2,1.606,1.604,1.604,1.611,2026-07-09 14:30:59 UTC,2026-07-09 14:31:46 UTC,46.19,0.3212,0.0043,0.0,0.0004,0.04,9.34,MIN_PROFIT_TP_HIT,0.0918
259,TRUMP_USDT,SHORT,StochasticRSI(FAST_SCALP-SHORT),2,0.2,1.592,1.59,1.59,1.597,2026-07-09 16:18:59 UTC,2026-07-09 16:21:02 UTC,122.37,0.3184,0.0042,0.0,0.0004,0.04,9.42,MIN_PROFIT_TP_HIT,0.0922
260,TRUMP_USDT,SHORT,StochasticRSI(FAST_SCALP-SHORT),2,0.2,1.591,1.589,1.589,1.596,2026-07-09 16:23:59 UTC,2026-07-09 16:26:36 UTC,156.08,0.3182,0.0042,0.0,0.0004,0.04,9.43,MIN_PROFIT_TP_HIT,0.0926
261,TRUMP_USDT,SHORT,StochasticRSI(FAST_SCALP-SHORT),2,0.2,1.593,1.598,1.591,1.598,2026-07-09 16:34:59 UTC,2026-07-09 16:43:56 UTC,536.76,0.3186,0.0042,0.0,-0.001,-0.09,-23.54,STOP_LOSS_HIT,0.0916
262,TRUMP_USDT,SHORT,StochasticRSI(FAST_SCALP-SHORT),2,0.2,1.604,1.602,1.602,1.609,2026-07-09 16:55:59 UTC,2026-07-09 16:59:43 UTC,223.21,0.3208,0.0043,0.0,0.0004,0.04,9.35,MIN_PROFIT_TP_HIT,0.092
263,TRUMP_USDT,SHORT,StochasticRSI(FAST_SCALP-SHORT),2,0.2,1.619,1.617,1.617,1.624,2026-07-09 18:11:59 UTC,2026-07-09 18:15:12 UTC,192.71,0.3238,0.0043,0.0,0.0004,0.04,9.26,MIN_PROFIT_TP_HIT,0.0924
264,TRUMP_USDT,SHORT,StochasticRSI(FAST_SCALP-SHORT),2,0.2,1.618,1.616,1.616,1.623,2026-07-09 19:14:59 UTC,2026-07-09 19:15:05 UTC,5.33,0.3236,0.0043,0.0,0.0004,0.04,9.27,MIN_PROFIT_TP_HIT,0.0928
265,TRUMP_USDT,SHORT,StochasticRSI(FAST_SCALP-SHORT),2,0.2,1.618,1.623,1.616,1.623,2026-07-09 19:32:59 UTC,2026-07-09 19:36:03 UTC,183.09,0.3236,0.0043,0.0,-0.001,-0.09,-23.18,STOP_LOSS_HIT,0.0918
266,TRUMP_USDT,SHORT,StochasticRSI(FAST_SCALP-SHORT),2,0.2,1.622,1.62,1.62,1.627,2026-07-09 19:43:59 UTC,2026-07-09 19:48:41 UTC,281.14,0.3244,0.0043,0.0,0.0004,0.04,9.25,MIN_PROFIT_TP_HIT,0.0922
267,TRUMP_USDT,SHORT,StochasticRSI(FAST_SCALP-SHORT),2,0.2,1.613,1.618,1.611,1.618,2026-07-09 20:12:59 UTC,2026-07-09 20:26:04 UTC,784.75,0.3226,0.0043,0.0,-0.001,-0.09,-23.25,STOP_LOSS_HIT,0.0912
268,TRUMP_USDT,SHORT,StochasticRSI(FAST_SCALP-SHORT),2,0.2,1.617,1.615,1.615,1.622,2026-07-09 20:31:59 UTC,2026-07-09 20:40:29 UTC,509.82,0.3234,0.0043,0.0,0.0004,0.04,9.28,MIN_PROFIT_TP_HIT,0.0916
269,TRUMP_USDT,SHORT,StochasticRSI(FAST_SCALP-SHORT),2,0.2,1.616,1.614,1.614,1.621,2026-07-09 21:08:59 UTC,2026-07-09 21:15:17 UTC,377.64,0.3232,0.0043,0.0,0.0004,0.04,9.28,MIN_PROFIT_TP_HIT,0.092
270,TRUMP_USDT,SHORT,StochasticRSI(FAST_SCALP-SHORT),2,0.2,1.61,1.608,1.608,1.615,2026-07-09 21:35:59 UTC,2026-07-09 21:40:00 UTC,240.24,0.322,0.0043,0.0,0.0004,0.04,9.32,MIN_PROFIT_TP_HIT,0.0924
271,TRUMP_USDT,SHORT,StochasticRSI(FAST_SCALP-SHORT),2,0.2,1.606,1.604,1.604,1.611,2026-07-09 21:52:59 UTC,2026-07-09 21:57:17 UTC,257.27,0.3212,0.0043,0.0,0.0004,0.04,9.34,MIN_PROFIT_TP_HIT,0.0928
272,TRUMP_USDT,SHORT,StochasticRSI(FAST_SCALP-SHORT),2,0.2,1.605,1.603,1.603,1.61,2026-07-09 21:58:59 UTC,2026-07-09 22:02:26 UTC,206.1,0.321,0.0043,0.0,0.0004,0.04,9.35,MIN_PROFIT_TP_HIT,0.0932
273,TRUMP_USDT,SHORT,StochasticRSI(FAST_SCALP-SHORT),2,0.2,1.606,1.604,1.604,1.611,2026-07-09 22:09:59 UTC,2026-07-09 22:11:38 UTC,98.59,0.3212,0.0043,0.0,0.0004,0.04,9.34,MIN_PROFIT_TP_HIT,0.0936
274,TRUMP_USDT,SHORT,StochasticRSI(FAST_SCALP-SHORT),2,0.2,1.607,1.605,1.605,1.612,2026-07-09 22:22:59 UTC,2026-07-09 22:26:10 UTC,190.07,0.3214,0.0043,0.0,0.0004,0.04,9.33,MIN_PROFIT_TP_HIT,0.094
275,TRUMP_USDT,SHORT,StochasticRSI(FAST_SCALP-SHORT),2,0.2,1.604,1.602,1.602,1.609,2026-07-09 23:07:59 UTC,2026-07-09 23:14:15 UTC,375.02,0.3208,0.0043,0.0,0.0004,0.04,9.35,MIN_PROFIT_TP_HIT,0.0944
276,TRUMP_USDT,SHORT,StochasticRSI(FAST_SCALP-SHORT),2,0.2,1.605,1.603,1.603,1.61,2026-07-09 23:27:59 UTC,2026-07-09 23:34:21 UTC,381.27,0.321,0.0043,0.0,0.0004,0.04,9.35,MIN_PROFIT_TP_HIT,0.0948
277,TRUMP_USDT,SHORT,StochasticRSI(FAST_SCALP-SHORT),2,0.2,1.607,1.605,1.605,1.612,2026-07-10 06:27:59 UTC,2026-07-10 06:52:07 UTC,1447.2,0.3214,0.0043,0.0,0.0004,0.04,9.33,MIN_PROFIT_TP_HIT,0.0952
278,TRUMP_USDT,SHORT,StochasticRSI(FAST_SCALP-SHORT),2,0.2,1.607,1.605,1.605,1.612,2026-07-10 07:15:59 UTC,2026-07-10 07:41:51 UTC,1551.54,0.3214,0.0043,0.0,0.0004,0.04,9.33,MIN_PROFIT_TP_HIT,0.0956
279,TRUMP_USDT,SHORT,StochasticRSI(FAST_SCALP-SHORT),2,0.2,1.605,1.603,1.603,1.61,2026-07-10 07:58:59 UTC,2026-07-10 08:03:55 UTC,295.12,0.321,0.0043,0.0,0.0004,0.04,9.35,MIN_PROFIT_TP_HIT,0.096
280,TRUMP_USDT,SHORT,StochasticRSI(FAST_SCALP-SHORT),2,0.2,1.605,1.61,1.603,1.61,2026-07-10 08:12:59 UTC,2026-07-10 08:16:39 UTC,219.37,0.321,0.0043,0.0,-0.001,-0.09,-23.36,STOP_LOSS_HIT,0.095
281,TRUMP_USDT,SHORT,StochasticRSI(FAST_SCALP-SHORT),2,0.2,1.609,1.614,1.607,1.614,2026-07-10 08:19:59 UTC,2026-07-10 08:33:32 UTC,812.92,0.3218,0.0043,0.0,-0.001,-0.09,-23.31,STOP_LOSS_HIT,0.094
282,TRUMP_USDT,LONG,StochasticRSI(FAST_SCALP-LONG),2,0.2,1.616,1.618,1.618,1.611,2026-07-10 08:46:59 UTC,2026-07-10 08:55:07 UTC,487.46,0.3232,0.0043,0.0,0.0004,0.04,9.28,MIN_PROFIT_TP_HIT,0.0944
283,TRUMP_USDT,LONG,StochasticRSI(FAST_SCALP-LONG),2,0.2,1.617,1.619,1.619,1.612,2026-07-10 09:05:59 UTC,2026-07-10 09:08:57 UTC,177.06,0.3234,0.0043,0.0,0.0004,0.04,9.28,MIN_PROFIT_TP_HIT,0.0948
284,TRUMP_USDT,SHORT,StochasticRSI(FAST_SCALP-SHORT),2,0.2,1.612,1.617,1.61,1.617,2026-07-10 09:12:59 UTC,2026-07-10 09:18:09 UTC,309.11,0.3224,0.0043,0.0,-0.001,-0.09,-23.26,STOP_LOSS_HIT,0.0938
285,TRUMP_USDT,LONG,StochasticRSI(FAST_SCALP-LONG),2,0.2,1.63,1.632,1.632,1.625,2026-07-10 09:46:59 UTC,2026-07-10 09:48:03 UTC,63.3,0.326,0.0043,0.0,0.0004,0.04,9.2,MIN_PROFIT_TP_HIT,0.0942
286,TRUMP_USDT,LONG,StochasticRSI(FAST_SCALP-LONG),2,0.2,1.64,1.635,1.642,1.635,2026-07-10 10:01:59 UTC,2026-07-10 10:03:43 UTC,103.88,0.328,0.0044,0.0,-0.001,-0.09,-22.87,STOP_LOSS_HIT,0.0932
287,TRUMP_USDT,LONG,StochasticRSI(FAST_SCALP-LONG),2,0.2,1.633,1.635,1.635,1.628,2026-07-10 10:12:59 UTC,2026-07-10 10:24:05 UTC,665.19,0.3266,0.0044,0.0,0.0004,0.04,9.19,MIN_PROFIT_TP_HIT,0.0936
288,TRUMP_USDT,LONG,StochasticRSI(FAST_SCALP-LONG),2,0.2,1.624,1.626,1.626,1.619,2026-07-10 11:28:59 UTC,2026-07-10 11:29:52 UTC,52.34,0.3248,0.0043,0.0,0.0004,0.04,9.24,MIN_PROFIT_TP_HIT,0.094
289,TRUMP_USDT,LONG,StochasticRSI(FAST_SCALP-LONG),2,0.2,1.619,1.621,1.621,1.614,2026-07-10 13:19:59 UTC,2026-07-10 13:22:17 UTC,137.27,0.3238,0.0043,0.0,0.0004,0.04,9.26,MIN_PROFIT_TP_HIT,0.0944
290,TRUMP_USDT,LONG,StochasticRSI(FAST_SCALP-LONG),2,0.2,1.619,1.621,1.621,1.614,2026-07-10 14:14:59 UTC,2026-07-10 14:16:16 UTC,76.02,0.3238,0.0043,0.0,0.0004,0.04,9.26,MIN_PROFIT_TP_HIT,0.0948
291,TRUMP_USDT,SHORT,StochasticRSI(FAST_SCALP-SHORT),2,0.2,1.614,1.612,1.612,1.619,2026-07-10 14:31:59 UTC,2026-07-10 14:32:42 UTC,42.58,0.3228,0.0043,0.0,0.0004,0.04,9.29,MIN_PROFIT_TP_HIT,0.0952
292,TRUMP_USDT,SHORT,StochasticRSI(FAST_SCALP-SHORT),2,0.2,1.608,1.606,1.606,1.613,2026-07-10 14:42:59 UTC,2026-07-10 14:47:10 UTC,250.88,0.3216,0.0043,0.0,0.0004,0.04,9.33,MIN_PROFIT_TP_HIT,0.0956
293,TRUMP_USDT,SHORT,StochasticRSI(FAST_SCALP-SHORT),2,0.2,1.605,1.61,1.603,1.61,2026-07-10 15:51:59 UTC,2026-07-10 15:55:11 UTC,191.06,0.321,0.0043,0.0,-0.001,-0.09,-23.36,STOP_LOSS_HIT,0.0946
294,TRUMP_USDT,SHORT,StochasticRSI(FAST_SCALP-SHORT),2,0.2,1.605,1.603,1.603,1.61,2026-07-10 16:37:59 UTC,2026-07-10 16:38:37 UTC,37.78,0.321,0.0043,0.0,0.0004,0.04,9.35,MIN_PROFIT_TP_HIT,0.095
295,TRUMP_USDT,LONG,StochasticRSI(FAST_SCALP-LONG),2,0.2,1.615,1.617,1.617,1.61,2026-07-10 16:57:59 UTC,2026-07-10 16:58:15 UTC,15.84,0.323,0.0043,0.0,0.0004,0.04,9.29,MIN_PROFIT_TP_HIT,0.0954
296,TRUMP_USDT,SHORT,StochasticRSI(FAST_SCALP-SHORT),2,0.2,1.605,1.603,1.603,1.61,2026-07-10 18:05:59 UTC,2026-07-10 18:06:39 UTC,39.92,0.321,0.0043,0.0,0.0004,0.04,9.35,MIN_PROFIT_TP_HIT,0.0958
297,TRUMP_USDT,SHORT,StochasticRSI(FAST_SCALP-SHORT),2,0.2,1.605,1.61,1.603,1.61,2026-07-10 18:08:59 UTC,2026-07-10 18:10:20 UTC,80.48,0.321,0.0043,0.0,-0.001,-0.09,-23.36,STOP_LOSS_HIT,0.0948
298,TRUMP_USDT,SHORT,StochasticRSI(FAST_SCALP-SHORT),2,0.2,1.608,1.606,1.606,1.613,2026-07-10 19:18:59 UTC,2026-07-10 19:20:15 UTC,75.96,0.3216,0.0043,0.0,0.0004,0.04,9.33,MIN_PROFIT_TP_HIT,0.0952
299,TRUMP_USDT,SHORT,StochasticRSI(FAST_SCALP-SHORT),2,0.2,1.607,1.612,1.605,1.612,2026-07-10 19:31:59 UTC,2026-07-10 19:32:17 UTC,17.74,0.3214,0.0043,0.0,-0.001,-0.09,-23.34,STOP_LOSS_HIT,0.0942
300,TRUMP_USDT,SHORT,StochasticRSI(FAST_SCALP-SHORT),2,0.2,1.61,1.608,1.608,1.615,2026-07-10 20:12:59 UTC,2026-07-10 20:15:27 UTC,147.71,0.322,0.0043,0.0,0.0004,0.04,9.32,MIN_PROFIT_TP_HIT,0.0946
301,TRUMP_USDT,SHORT,StochasticRSI(FAST_SCALP-SHORT),2,0.2,1.61,1.608,1.608,1.615,2026-07-10 20:38:59 UTC,2026-07-10 20:40:32 UTC,92.65,0.322,0.0043,0.0,0.0004,0.04,9.32,MIN_PROFIT_TP_HIT,0.095
302,TRUMP_USDT,LONG,StochasticRSI(FAST_SCALP-LONG),2,0.2,1.616,1.618,1.618,1.611,2026-07-10 21:53:59 UTC,2026-07-10 22:02:31 UTC,511.93,0.3232,0.0043,0.0,0.0004,0.04,9.28,MIN_PROFIT_TP_HIT,0.0954
303,TRUMP_USDT,LONG,StochasticRSI(FAST_SCALP-LONG),2,0.2,1.616,1.618,1.618,1.611,2026-07-10 23:05:59 UTC,2026-07-10 23:16:13 UTC,613.32,0.3232,0.0043,0.0,0.0004,0.04,9.28,MIN_PROFIT_TP_HIT,0.0958
304,TRUMP_USDT,LONG,StochasticRSI(FAST_SCALP-LONG),2,0.2,1.619,1.621,1.621,1.614,2026-07-11 01:00:59 UTC,2026-07-11 01:18:39 UTC,1059.21,0.3238,0.0043,0.0,0.0004,0.04,9.26,MIN_PROFIT_TP_HIT,0.0962
305,TRUMP_USDT,LONG,StochasticRSI(FAST_SCALP-LONG),2,0.2,1.621,1.616,1.623,1.616,2026-07-11 01:23:59 UTC,2026-07-11 01:39:30 UTC,930.83,0.3242,0.0043,0.0,-0.001,-0.09,-23.13,STOP_LOSS_HIT,0.0952
306,TRUMP_USDT,LONG,StochasticRSI(FAST_SCALP-LONG),2,0.2,1.617,1.612,1.619,1.612,2026-07-11 01:43:59 UTC,2026-07-11 01:45:02 UTC,62.74,0.3234,0.0043,0.0,-0.001,-0.09,-23.19,STOP_LOSS_HIT,0.0942
307,TRUMP_USDT,LONG,StochasticRSI(FAST_SCALP-LONG),2,0.2,1.615,1.617,1.617,1.61,2026-07-11 01:47:59 UTC,2026-07-11 01:48:04 UTC,4.75,0.323,0.0043,0.0,0.0004,0.04,9.29,MIN_PROFIT_TP_HIT,0.0946
308,TRUMP_USDT,SHORT,StochasticRSI(FAST_SCALP-SHORT),2,0.2,1.606,1.604,1.604,1.611,2026-07-11 06:01:59 UTC,2026-07-11 06:02:02 UTC,2.62,0.3212,0.0043,0.0,0.0004,0.04,9.34,MIN_PROFIT_TP_HIT,0.095
309,TRUMP_USDT,SHORT,StochasticRSI(FAST_SCALP-SHORT),2,0.2,1.611,1.609,1.609,1.616,2026-07-11 06:22:59 UTC,2026-07-11 06:25:59 UTC,179.72,0.3222,0.0043,0.0,0.0004,0.04,9.31,MIN_PROFIT_TP_HIT,0.0954
310,TRUMP_USDT,SHORT,StochasticRSI(FAST_SCALP-SHORT),2,0.2,1.61,1.608,1.608,1.615,2026-07-11 06:37:59 UTC,2026-07-11 06:48:01 UTC,601.97,0.322,0.0043,0.0,0.0004,0.04,9.32,MIN_PROFIT_TP_HIT,0.0958
311,TRUMP_USDT,SHORT,StochasticRSI(FAST_SCALP-SHORT),2,0.2,1.605,1.603,1.603,1.61,2026-07-11 07:23:59 UTC,2026-07-11 07:34:53 UTC,653.07,0.321,0.0043,0.0,0.0004,0.04,9.35,MIN_PROFIT_TP_HIT,0.0962
312,TRUMP_USDT,LONG,StochasticRSI(FAST_SCALP-LONG),2,0.2,1.614,1.609,1.616,1.609,2026-07-11 09:18:59 UTC,2026-07-11 09:21:20 UTC,140.27,0.3228,0.0043,0.0,-0.001,-0.09,-23.23,STOP_LOSS_HIT,0.0952
313,TRUMP_USDT,SHORT,StochasticRSI(FAST_SCALP-SHORT),2,0.2,1.609,1.614,1.607,1.614,2026-07-11 09:32:59 UTC,2026-07-11 09:37:55 UTC,295.86,0.3218,0.0043,0.0,-0.001,-0.09,-23.31,STOP_LOSS_HIT,0.0942
314,TRUMP_USDT,SHORT,StochasticRSI(FAST_SCALP-SHORT),2,0.2,1.605,1.61,1.603,1.61,2026-07-11 10:05:59 UTC,2026-07-11 11:06:46 UTC,3646.5,0.321,0.0043,0.0,-0.001,-0.09,-23.36,STOP_LOSS_HIT,0.0932
315,TRUMP_USDT,LONG,StochasticRSI(FAST_SCALP-LONG),2,0.2,1.611,1.613,1.613,1.606,2026-07-11 11:22:59 UTC,2026-07-11 11:40:06 UTC,1026.46,0.3222,0.0043,0.0,0.0004,0.04,9.31,MIN_PROFIT_TP_HIT,0.0936
316,TRUMP_USDT,LONG,StochasticRSI(FAST_SCALP-LONG),2,0.2,1.614,1.609,1.616,1.609,2026-07-11 12:21:59 UTC,2026-07-11 12:39:16 UTC,1036.79,0.3228,0.0043,0.0,-0.001,-0.09,-23.23,STOP_LOSS_HIT,0.0926
317,TRUMP_USDT,LONG,StochasticRSI(FAST_SCALP-LONG),2,0.2,1.612,1.614,1.614,1.607,2026-07-11 13:14:59 UTC,2026-07-11 13:18:00 UTC,180.22,0.3224,0.0043,0.0,0.0004,0.04,9.31,MIN_PROFIT_TP_HIT,0.093
318,TRUMP_USDT,LONG,StochasticRSI(FAST_SCALP-LONG),2,0.2,1.619,1.621,1.621,1.614,2026-07-11 14:31:59 UTC,2026-07-11 14:35:44 UTC,224.74,0.3238,0.0043,0.0,0.0004,0.04,9.26,MIN_PROFIT_TP_HIT,0.0934
319,TRUMP_USDT,LONG,StochasticRSI(FAST_SCALP-LONG),2,0.2,1.624,1.626,1.626,1.619,2026-07-11 14:47:59 UTC,2026-07-11 14:48:32 UTC,32.68,0.3248,0.0043,0.0,0.0004,0.04,9.24,MIN_PROFIT_TP_HIT,0.0938
320,TRUMP_USDT,LONG,StochasticRSI(FAST_SCALP-LONG),2,0.2,1.628,1.63,1.63,1.623,2026-07-11 15:03:59 UTC,2026-07-11 15:11:10 UTC,430.41,0.3256,0.0043,0.0,0.0004,0.04,9.21,MIN_PROFIT_TP_HIT,0.0942
321,TRUMP_USDT,LONG,StochasticRSI(FAST_SCALP-LONG),2,0.2,1.625,1.627,1.627,1.62,2026-07-11 15:19:59 UTC,2026-07-11 15:22:23 UTC,143.53,0.325,0.0043,0.0,0.0004,0.04,9.23,MIN_PROFIT_TP_HIT,0.0946
322,TRUMP_USDT,LONG,StochasticRSI(FAST_SCALP-LONG),2,0.2,1.625,1.62,1.627,1.62,2026-07-11 15:31:59 UTC,2026-07-11 15:37:15 UTC,315.12,0.325,0.0043,0.0,-0.001,-0.09,-23.08,STOP_LOSS_HIT,0.0936
323,TRUMP_USDT,LONG,StochasticRSI(FAST_SCALP-LONG),2,0.2,1.617,1.612,1.619,1.612,2026-07-11 15:41:59 UTC,2026-07-11 15:47:22 UTC,322.36,0.3234,0.0043,0.0,-0.001,-0.09,-23.19,STOP_LOSS_HIT,0.0926
324,TRUMP_USDT,LONG,StochasticRSI(FAST_SCALP-LONG),2,0.2,1.613,1.615,1.615,1.608,2026-07-11 16:06:59 UTC,2026-07-11 16:07:14 UTC,14.93,0.3226,0.0043,0.0,0.0004,0.04,9.3,MIN_PROFIT_TP_HIT,0.093
325,TRUMP_USDT,LONG,StochasticRSI(FAST_SCALP-LONG),2,0.2,1.621,1.623,1.623,1.616,2026-07-11 18:06:59 UTC,2026-07-11 18:11:46 UTC,286.21,0.3242,0.0043,0.0,0.0004,0.04,9.25,MIN_PROFIT_TP_HIT,0.0934
326,TRUMP_USDT,LONG,StochasticRSI(FAST_SCALP-LONG),2,0.2,1.627,1.622,1.629,1.622,2026-07-11 18:37:59 UTC,2026-07-11 18:48:21 UTC,621.0,0.3254,0.0043,0.0,-0.001,-0.09,-23.05,STOP_LOSS_HIT,0.0924
327,TRUMP_USDT,LONG,StochasticRSI(FAST_SCALP-LONG),2,0.2,1.624,1.626,1.626,1.619,2026-07-11 18:50:59 UTC,2026-07-11 19:10:32 UTC,1172.73,0.3248,0.0043,0.0,0.0004,0.04,9.24,MIN_PROFIT_TP_HIT,0.0928
328,TRUMP_USDT,LONG,StochasticRSI(FAST_SCALP-LONG),2,0.2,1.62,1.622,1.622,1.615,2026-07-11 19:37:59 UTC,2026-07-11 19:38:12 UTC,12.43,0.324,0.0043,0.0,0.0004,0.04,9.26,MIN_PROFIT_TP_HIT,0.0932
329,TRUMP_USDT,LONG,StochasticRSI(FAST_SCALP-LONG),2,0.2,1.627,1.629,1.629,1.622,2026-07-11 20:13:59 UTC,2026-07-11 20:30:17 UTC,977.59,0.3254,0.0043,0.0,0.0004,0.04,9.22,MIN_PROFIT_TP_HIT,0.0936
330,TRUMP_USDT,LONG,StochasticRSI(FAST_SCALP-LONG),2,0.2,1.627,1.629,1.629,1.622,2026-07-11 20:38:59 UTC,2026-07-11 21:00:10 UTC,1270.92,0.3254,0.0043,0.0,0.0004,0.04,9.22,MIN_PROFIT_TP_HIT,0.094
331,TRUMP_USDT,LONG,StochasticRSI(FAST_SCALP-LONG),2,0.2,1.624,1.626,1.626,1.619,2026-07-11 21:14:59 UTC,2026-07-11 21:16:45 UTC,105.02,0.3248,0.0043,0.0,0.0004,0.04,9.24,MIN_PROFIT_TP_HIT,0.0944
332,TRUMP_USDT,LONG,StochasticRSI(FAST_SCALP-LONG),2,0.2,1.628,1.63,1.63,1.623,2026-07-11 21:37:59 UTC,2026-07-11 21:40:00 UTC,120.13,0.3256,0.0043,0.0,0.0004,0.04,9.21,MIN_PROFIT_TP_HIT,0.0948
333,TRUMP_USDT,LONG,StochasticRSI(FAST_SCALP-LONG),2,0.2,1.622,1.617,1.624,1.617,2026-07-11 22:18:59 UTC,2026-07-11 22:20:14 UTC,74.35,0.3244,0.0043,0.0,-0.001,-0.09,-23.12,STOP_LOSS_HIT,0.0938
334,TRUMP_USDT,SHORT,StochasticRSI(FAST_SCALP-SHORT),2,0.2,1.615,1.613,1.613,1.62,2026-07-11 22:38:59 UTC,2026-07-11 22:39:34 UTC,34.25,0.323,0.0043,0.0,0.0004,0.04,9.29,MIN_PROFIT_TP_HIT,0.0942
335,TRUMP_USDT,SHORT,StochasticRSI(FAST_SCALP-SHORT),2,0.2,1.61,1.608,1.608,1.615,2026-07-11 23:02:59 UTC,2026-07-11 23:08:24 UTC,324.47,0.322,0.0043,0.0,0.0004,0.04,9.32,MIN_PROFIT_TP_HIT,0.0946
336,TRUMP_USDT,SHORT,StochasticRSI(FAST_SCALP-SHORT),2,0.2,1.605,1.603,1.603,1.61,2026-07-11 23:20:59 UTC,2026-07-11 23:21:45 UTC,45.98,0.321,0.0043,0.0,0.0004,0.04,9.35,MIN_PROFIT_TP_HIT,0.095
337,TRUMP_USDT,SHORT,StochasticRSI(FAST_SCALP-SHORT),2,0.2,1.594,1.592,1.592,1.599,2026-07-11 23:38:59 UTC,2026-07-11 23:39:52 UTC,52.93,0.3188,0.0043,0.0,0.0004,0.04,9.41,MIN_PROFIT_TP_HIT,0.0954
338,TRUMP_USDT,SHORT,StochasticRSI(FAST_SCALP-SHORT),2,0.2,1.593,1.598,1.591,1.598,2026-07-11 23:40:59 UTC,2026-07-11 23:45:34 UTC,274.24,0.3186,0.0042,0.0,-0.001,-0.09,-23.54,STOP_LOSS_HIT,0.0944
339,TRUMP_USDT,SHORT,StochasticRSI(FAST_SCALP-SHORT),2,0.2,1.563,1.561,1.561,1.568,2026-07-12 00:08:59 UTC,2026-07-12 00:09:07 UTC,7.2,0.3126,0.0042,0.0,0.0004,0.04,9.6,MIN_PROFIT_TP_HIT,0.0948
340,TRUMP_USDT,SHORT,StochasticRSI(FAST_SCALP-SHORT),2,0.2,1.567,1.565,1.565,1.572,2026-07-12 00:15:59 UTC,2026-07-12 00:17:15 UTC,75.13,0.3134,0.0042,0.0,0.0004,0.04,9.57,MIN_PROFIT_TP_HIT,0.0952
341,TRUMP_USDT,SHORT,StochasticRSI(FAST_SCALP-SHORT),2,0.2,1.565,1.57,1.563,1.57,2026-07-12 00:19:59 UTC,2026-07-12 00:21:53 UTC,113.59,0.313,0.0042,0.0,-0.001,-0.09,-23.96,STOP_LOSS_HIT,0.0942
342,TRUMP_USDT,SHORT,StochasticRSI(FAST_SCALP-SHORT),2,0.2,1.567,1.565,1.565,1.572,2026-07-12 00:24:59 UTC,2026-07-12 00:30:02 UTC,302.44,0.3134,0.0042,0.0,0.0004,0.04,9.57,MIN_PROFIT_TP_HIT,0.0946
343,TRUMP_USDT,SHORT,StochasticRSI(FAST_SCALP-SHORT),2,0.2,1.564,1.562,1.562,1.569,2026-07-12 00:38:59 UTC,2026-07-12 00:39:20 UTC,20.1,0.3128,0.0042,0.0,0.0004,0.04,9.59,MIN_PROFIT_TP_HIT,0.095
344,TRUMP_USDT,SHORT,StochasticRSI(FAST_SCALP-SHORT),2,0.2,1.563,1.568,1.561,1.568,2026-07-12 00:47:59 UTC,2026-07-12 00:50:52 UTC,172.63,0.3126,0.0042,0.0,-0.001,-0.09,-23.99,STOP_LOSS_HIT,0.094
345,TRUMP_USDT,SHORT,StochasticRSI(FAST_SCALP-SHORT),2,0.2,1.573,1.578,1.571,1.578,2026-07-12 01:18:59 UTC,2026-07-12 01:28:02 UTC,542.06,0.3146,0.0042,0.0,-0.001,-0.09,-23.84,STOP_LOSS_HIT,0.093
346,TRUMP_USDT,SHORT,StochasticRSI(FAST_SCALP-SHORT),2,0.2,1.577,1.575,1.575,1.582,2026-07-12 01:37:59 UTC,2026-07-12 02:03:22 UTC,1522.57,0.3154,0.0042,0.0,0.0004,0.04,9.51,MIN_PROFIT_TP_HIT,0.0934
347,TRUMP_USDT,SHORT,StochasticRSI(FAST_SCALP-SHORT),2,0.2,1.557,1.555,1.555,1.562,2026-07-12 06:23:59 UTC,2026-07-12 06:26:41 UTC,161.08,0.3114,0.0042,0.0,0.0004,0.04,9.63,MIN_PROFIT_TP_HIT,0.0938
348,TRUMP_USDT,SHORT,StochasticRSI(FAST_SCALP-SHORT),2,0.2,1.557,1.555,1.555,1.562,2026-07-12 06:27:59 UTC,2026-07-12 06:28:11 UTC,11.08,0.3114,0.0042,0.0,0.0004,0.04,9.63,MIN_PROFIT_TP_HIT,0.0942
349,TRUMP_USDT,SHORT,StochasticRSI(FAST_SCALP-SHORT),2,0.2,1.561,1.559,1.559,1.566,2026-07-12 06:40:59 UTC,2026-07-12 06:41:02 UTC,2.45,0.3122,0.0042,0.0,0.0004,0.04,9.61,MIN_PROFIT_TP_HIT,0.0946
350,TRUMP_USDT,SHORT,StochasticRSI(FAST_SCALP-SHORT),2,0.2,1.564,1.562,1.562,1.569,2026-07-12 07:02:59 UTC,2026-07-12 07:50:36 UTC,2856.37,0.3128,0.0042,0.0,0.0004,0.04,9.59,MIN_PROFIT_TP_HIT,0.095
351,TRUMP_USDT,SHORT,StochasticRSI(FAST_SCALP-SHORT),2,0.2,1.571,1.569,1.569,1.576,2026-07-12 08:29:59 UTC,2026-07-12 08:38:34 UTC,514.34,0.3142,0.0042,0.0,0.0004,0.04,9.55,MIN_PROFIT_TP_HIT,0.0954
352,TRUMP_USDT,SHORT,StochasticRSI(FAST_SCALP-SHORT),2,0.2,1.573,1.571,1.571,1.578,2026-07-12 09:01:59 UTC,2026-07-12 09:11:18 UTC,558.75,0.3146,0.0042,0.0,0.0004,0.04,9.54,MIN_PROFIT_TP_HIT,0.0958
353,TRUMP_USDT,SHORT,StochasticRSI(FAST_SCALP-SHORT),2,0.2,1.569,1.574,1.567,1.574,2026-07-12 09:30:59 UTC,2026-07-12 09:45:32 UTC,872.64,0.3138,0.0042,0.0,-0.001,-0.09,-23.9,STOP_LOSS_HIT,0.0948
354,TRUMP_USDT,SHORT,StochasticRSI(FAST_SCALP-SHORT),2,0.2,1.574,1.572,1.572,1.579,2026-07-12 09:48:59 UTC,2026-07-12 09:54:25 UTC,325.01,0.3148,0.0042,0.0,0.0004,0.04,9.53,MIN_PROFIT_TP_HIT,0.0952
355,TRUMP_USDT,SHORT,StochasticRSI(FAST_SCALP-SHORT),2,0.2,1.573,1.571,1.571,1.578,2026-07-12 10:09:59 UTC,2026-07-12 10:25:02 UTC,902.4,0.3146,0.0042,0.0,0.0004,0.04,9.54,MIN_PROFIT_TP_HIT,0.0956
356,TRUMP_USDT,SHORT,StochasticRSI(FAST_SCALP-SHORT),2,0.2,1.571,1.569,1.569,1.576,2026-07-12 10:37:59 UTC,2026-07-12 10:40:05 UTC,125.35,0.3142,0.0042,0.0,0.0004,0.04,9.55,MIN_PROFIT_TP_HIT,0.096
357,TRUMP_USDT,SHORT,StochasticRSI(FAST_SCALP-SHORT),2,0.2,1.571,1.569,1.569,1.576,2026-07-12 11:04:59 UTC,2026-07-12 11:07:00 UTC,120.34,0.3142,0.0042,0.0,0.0004,0.04,9.55,MIN_PROFIT_TP_HIT,0.0964
358,TRUMP_USDT,SHORT,StochasticRSI(FAST_SCALP-SHORT),2,0.2,1.569,1.574,1.567,1.574,2026-07-12 11:20:59 UTC,2026-07-12 11:29:08 UTC,488.57,0.3138,0.0042,0.0,-0.001,-0.09,-23.9,STOP_LOSS_HIT,0.0954
359,TRUMP_USDT,SHORT,StochasticRSI(FAST_SCALP-SHORT),2,0.2,1.572,1.577,1.57,1.577,2026-07-12 11:31:59 UTC,2026-07-12 11:43:41 UTC,701.21,0.3144,0.0042,0.0,-0.001,-0.09,-23.85,STOP_LOSS_HIT,0.0944
360,TRUMP_USDT,SHORT,StochasticRSI(FAST_SCALP-SHORT),2,0.2,1.576,1.574,1.574,1.581,2026-07-12 11:48:59 UTC,2026-07-12 12:00:14 UTC,674.73,0.3152,0.0042,0.0,0.0004,0.04,9.52,MIN_PROFIT_TP_HIT,0.0948
361,TRUMP_USDT,SHORT,StochasticRSI(FAST_SCALP-SHORT),2,0.2,1.579,1.577,1.577,1.584,2026-07-12 12:16:59 UTC,2026-07-12 12:21:48 UTC,288.92,0.3158,0.0042,0.0,0.0004,0.04,9.5,MIN_PROFIT_TP_HIT,0.0952
362,TRUMP_USDT,SHORT,StochasticRSI(FAST_SCALP-SHORT),2,0.2,1.568,1.566,1.566,1.573,2026-07-12 13:29:59 UTC,2026-07-12 13:42:00 UTC,720.79,0.3136,0.0042,0.0,0.0004,0.04,9.57,MIN_PROFIT_TP_HIT,0.0956
363,TRUMP_USDT,SHORT,StochasticRSI(FAST_SCALP-SHORT),2,0.2,1.568,1.566,1.566,1.573,2026-07-12 13:53:59 UTC,2026-07-12 14:01:54 UTC,474.75,0.3136,0.0042,0.0,0.0004,0.04,9.57,MIN_PROFIT_TP_HIT,0.096
364,TRUMP_USDT,SHORT,StochasticRSI(FAST_SCALP-SHORT),2,0.2,1.569,1.574,1.567,1.574,2026-07-12 14:10:59 UTC,2026-07-12 14:32:44 UTC,1304.34,0.3138,0.0042,0.0,-0.001,-0.09,-23.9,STOP_LOSS_HIT,0.095
365,TRUMP_USDT,SHORT,StochasticRSI(FAST_SCALP-SHORT),2,0.2,1.574,1.579,1.572,1.579,2026-07-12 14:38:59 UTC,2026-07-12 14:46:42 UTC,462.43,0.3148,0.0042,0.0,-0.001,-0.09,-23.82,STOP_LOSS_HIT,0.094
366,TRUMP_USDT,SHORT,StochasticRSI(FAST_SCALP-SHORT),2,0.2,1.585,1.59,1.583,1.59,2026-07-12 15:14:59 UTC,2026-07-12 15:24:27 UTC,567.45,0.317,0.0042,0.0,-0.001,-0.09,-23.66,STOP_LOSS_HIT,0.093
367,TRUMP_USDT,SHORT,StochasticRSI(FAST_SCALP-SHORT),2,0.2,1.589,1.587,1.587,1.594,2026-07-12 15:27:59 UTC,2026-07-12 15:28:29 UTC,29.91,0.3178,0.0042,0.0,0.0004,0.04,9.44,MIN_PROFIT_TP_HIT,0.0934
368,TRUMP_USDT,SHORT,StochasticRSI(FAST_SCALP-SHORT),2,0.2,1.587,1.585,1.585,1.592,2026-07-12 15:51:59 UTC,2026-07-12 16:12:26 UTC,1226.59,0.3174,0.0042,0.0,0.0004,0.04,9.45,MIN_PROFIT_TP_HIT,0.0938
369,TRUMP_USDT,SHORT,StochasticRSI(FAST_SCALP-SHORT),2,0.2,1.581,1.579,1.579,1.586,2026-07-12 16:46:59 UTC,2026-07-12 16:53:03 UTC,363.04,0.3162,0.0042,0.0,0.0004,0.04,9.49,MIN_PROFIT_TP_HIT,0.0942
370,TRUMP_USDT,SHORT,StochasticRSI(FAST_SCALP-SHORT),2,0.2,1.574,1.572,1.572,1.579,2026-07-12 18:02:59 UTC,2026-07-12 18:06:01 UTC,181.95,0.3148,0.0042,0.0,0.0004,0.04,9.53,MIN_PROFIT_TP_HIT,0.0946
371,TRUMP_USDT,SHORT,StochasticRSI(FAST_SCALP-SHORT),2,0.2,1.572,1.577,1.57,1.577,2026-07-12 18:17:59 UTC,2026-07-12 18:30:52 UTC,772.31,0.3144,0.0042,0.0,-0.001,-0.09,-23.85,STOP_LOSS_HIT,0.0936
372,TRUMP_USDT,SHORT,StochasticRSI(FAST_SCALP-SHORT),2,0.2,1.577,1.582,1.575,1.582,2026-07-12 18:34:59 UTC,2026-07-12 18:41:21 UTC,381.13,0.3154,0.0042,0.0,-0.001,-0.09,-23.78,STOP_LOSS_HIT,0.0926
373,TRUMP_USDT,SHORT,StochasticRSI(FAST_SCALP-SHORT),2,0.2,1.581,1.579,1.579,1.586,2026-07-12 19:14:59 UTC,2026-07-12 19:30:21 UTC,921.58,0.3162,0.0042,0.0,0.0004,0.04,9.49,MIN_PROFIT_TP_HIT,0.093
374,TRUMP_USDT,SHORT,StochasticRSI(FAST_SCALP-SHORT),2,0.2,1.58,1.578,1.578,1.585,2026-07-12 19:50:59 UTC,2026-07-12 19:58:33 UTC,453.64,0.316,0.0042,0.0,0.0004,0.04,9.49,MIN_PROFIT_TP_HIT,0.0934
375,TRUMP_USDT,SHORT,StochasticRSI(FAST_SCALP-SHORT),2,0.2,1.571,1.569,1.569,1.576,2026-07-12 20:21:59 UTC,2026-07-12 20:50:43 UTC,1723.19,0.3142,0.0042,0.0,0.0004,0.04,9.55,MIN_PROFIT_TP_HIT,0.0938
376,TRUMP_USDT,SHORT,StochasticRSI(FAST_SCALP-SHORT),2,0.2,1.572,1.57,1.57,1.577,2026-07-12 21:04:59 UTC,2026-07-12 21:10:51 UTC,351.38,0.3144,0.0042,0.0,0.0004,0.04,9.54,MIN_PROFIT_TP_HIT,0.0942
377,TRUMP_USDT,SHORT,StochasticRSI(FAST_SCALP-SHORT),2,0.2,1.568,1.566,1.566,1.573,2026-07-12 21:31:59 UTC,2026-07-12 21:32:53 UTC,53.84,0.3136,0.0042,0.0,0.0004,0.04,9.57,MIN_PROFIT_TP_HIT,0.0946
378,TRUMP_USDT,SHORT,StochasticRSI(FAST_SCALP-SHORT),2,0.2,1.553,1.551,1.551,1.558,2026-07-12 22:00:59 UTC,2026-07-12 22:01:03 UTC,3.13,0.3106,0.0041,0.0,0.0004,0.04,9.66,MIN_PROFIT_TP_HIT,0.095
379,TRUMP_USDT,SHORT,StochasticRSI(FAST_SCALP-SHORT),2,0.2,1.552,1.55,1.55,1.557,2026-07-12 22:12:59 UTC,2026-07-12 22:17:55 UTC,295.18,0.3104,0.0041,0.0,0.0004,0.04,9.66,MIN_PROFIT_TP_HIT,0.0954
380,TRUMP_USDT,SHORT,StochasticRSI(FAST_SCALP-SHORT),2,0.2,1.552,1.55,1.55,1.557,2026-07-12 22:29:59 UTC,2026-07-12 22:34:27 UTC,267.6,0.3104,0.0041,0.0,0.0004,0.04,9.66,MIN_PROFIT_TP_HIT,0.0958
381,TRUMP_USDT,SHORT,StochasticRSI(FAST_SCALP-SHORT),2,0.2,1.553,1.558,1.551,1.558,2026-07-12 23:47:59 UTC,2026-07-12 23:52:16 UTC,256.71,0.3106,0.0041,0.0,-0.001,-0.09,-24.15,STOP_LOSS_HIT,0.0948
382,TRUMP_USDT,SHORT,StochasticRSI(FAST_SCALP-SHORT),2,0.2,1.557,1.555,1.555,1.562,2026-07-12 23:56:59 UTC,2026-07-13 00:00:11 UTC,191.28,0.3114,0.0042,0.0,0.0004,0.04,9.63,MIN_PROFIT_TP_HIT,0.0952
383,TRUMP_USDT,SHORT,StochasticRSI(FAST_SCALP-SHORT),2,0.2,1.561,1.566,1.559,1.566,2026-07-13 00:08:59 UTC,2026-07-13 00:09:11 UTC,11.93,0.3122,0.0042,0.0,-0.001,-0.09,-24.02,STOP_LOSS_HIT,0.0942
384,TRUMP_USDT,SHORT,StochasticRSI(FAST_SCALP-SHORT),2,0.2,1.574,1.572,1.572,1.579,2026-07-13 00:18:59 UTC,2026-07-13 00:25:06 UTC,366.25,0.3148,0.0042,0.0,0.0004,0.04,9.53,MIN_PROFIT_TP_HIT,0.0946
385,TRUMP_USDT,SHORT,StochasticRSI(FAST_SCALP-SHORT),2,0.2,1.563,1.561,1.561,1.568,2026-07-13 00:49:59 UTC,2026-07-13 00:52:46 UTC,166.75,0.3126,0.0042,0.0,0.0004,0.04,9.6,MIN_PROFIT_TP_HIT,0.095
386,TRUMP_USDT,SHORT,StochasticRSI(FAST_SCALP-SHORT),2,0.2,1.559,1.557,1.557,1.564,2026-07-13 01:06:59 UTC,2026-07-13 01:08:44 UTC,104.18,0.3118,0.0042,0.0,0.0004,0.04,9.62,MIN_PROFIT_TP_HIT,0.0954
387,TRUMP_USDT,SHORT,StochasticRSI(FAST_SCALP-SHORT),2,0.2,1.552,1.55,1.55,1.557,2026-07-13 01:17:59 UTC,2026-07-13 01:19:05 UTC,65.25,0.3104,0.0041,0.0,0.0004,0.04,9.66,MIN_PROFIT_TP_HIT,0.0958
388,TRUMP_USDT,SHORT,StochasticRSI(FAST_SCALP-SHORT),2,0.2,1.548,1.546,1.546,1.553,2026-07-13 06:32:59 UTC,2026-07-13 06:36:14 UTC,194.53,0.3096,0.0041,0.0,0.0004,0.04,9.69,MIN_PROFIT_TP_HIT,0.0962
389,TRUMP_USDT,SHORT,StochasticRSI(FAST_SCALP-SHORT),2,0.2,1.548,1.546,1.546,1.553,2026-07-13 06:46:59 UTC,2026-07-13 06:50:10 UTC,190.43,0.3096,0.0041,0.0,0.0004,0.04,9.69,MIN_PROFIT_TP_HIT,0.0966
390,TRUMP_USDT,SHORT,StochasticRSI(FAST_SCALP-SHORT),2,0.2,1.552,1.55,1.55,1.557,2026-07-13 08:47:59 UTC,2026-07-13 08:55:31 UTC,451.57,0.3104,0.0041,0.0,0.0004,0.04,9.66,MIN_PROFIT_TP_HIT,0.097
391,TRUMP_USDT,SHORT,StochasticRSI(FAST_SCALP-SHORT),2,0.2,1.554,1.552,1.552,1.559,2026-07-13 09:57:59 UTC,2026-07-13 10:08:19 UTC,619.84,0.3108,0.0041,0.0,0.0004,0.04,9.65,MIN_PROFIT_TP_HIT,0.0974
392,TRUMP_USDT,SHORT,StochasticRSI(FAST_SCALP-SHORT),2,0.2,1.551,1.549,1.549,1.556,2026-07-13 10:24:59 UTC,2026-07-13 10:42:28 UTC,1048.39,0.3102,0.0041,0.0,0.0004,0.04,9.67,MIN_PROFIT_TP_HIT,0.0978
393,TRUMP_USDT,SHORT,StochasticRSI(FAST_SCALP-SHORT),2,0.2,1.548,1.553,1.546,1.553,2026-07-13 10:55:59 UTC,2026-07-13 11:33:22 UTC,2242.57,0.3096,0.0041,0.0,-0.001,-0.09,-24.22,STOP_LOSS_HIT,0.0968
394,TRUMP_USDT,SHORT,StochasticRSI(FAST_SCALP-SHORT),2,0.2,1.551,1.549,1.549,1.556,2026-07-13 12:05:59 UTC,2026-07-13 12:07:43 UTC,103.1,0.3102,0.0041,0.0,0.0004,0.04,9.67,MIN_PROFIT_TP_HIT,0.0972
395,TRUMP_USDT,SHORT,StochasticRSI(FAST_SCALP-SHORT),2,0.2,1.548,1.553,1.546,1.553,2026-07-13 12:21:59 UTC,2026-07-13 12:26:43 UTC,283.69,0.3096,0.0041,0.0,-0.001,-0.09,-24.22,STOP_LOSS_HIT,0.0962
396,TRUMP_USDT,SHORT,StochasticRSI(FAST_SCALP-SHORT),2,0.2,1.548,1.546,1.546,1.553,2026-07-13 12:29:59 UTC,2026-07-13 12:33:27 UTC,207.9,0.3096,0.0041,0.0,0.0004,0.04,9.69,MIN_PROFIT_TP_HIT,0.0966
397,TRUMP_USDT,SHORT,StochasticRSI(FAST_SCALP-SHORT),2,0.2,1.548,1.546,1.546,1.553,2026-07-13 12:51:59 UTC,2026-07-13 12:53:22 UTC,82.96,0.3096,0.0041,0.0,0.0004,0.04,9.69,MIN_PROFIT_TP_HIT,0.097
398,TRUMP_USDT,SHORT,StochasticRSI(FAST_SCALP-SHORT),2,0.2,1.554,1.559,1.552,1.559,2026-07-13 15:43:59 UTC,2026-07-13 16:04:12 UTC,1212.07,0.3108,0.0041,0.0,-0.001,-0.09,-24.13,STOP_LOSS_HIT,0.096
399,TRUMP_USDT,SHORT,StochasticRSI(FAST_SCALP-SHORT),2,0.2,1.55,1.548,1.548,1.555,2026-07-13 16:32:59 UTC,2026-07-13 16:33:28 UTC,28.8,0.31,0.0041,0.0,0.0004,0.04,9.68,MIN_PROFIT_TP_HIT,0.0964
400,TRUMP_USDT,SHORT,StochasticRSI(FAST_SCALP-SHORT),2,0.2,1.543,1.541,1.541,1.548,2026-07-13 16:47:59 UTC,2026-07-13 16:50:04 UTC,124.44,0.3086,0.0041,0.0,0.0004,0.04,9.72,MIN_PROFIT_TP_HIT,0.0968
401,TRUMP_USDT,SHORT,StochasticRSI(FAST_SCALP-SHORT),2,0.2,1.525,1.523,1.523,1.53,2026-07-13 18:07:59 UTC,2026-07-13 18:09:35 UTC,95.66,0.305,0.0041,0.0,0.0004,0.04,9.84,MIN_PROFIT_TP_HIT,0.0972
402,TRUMP_USDT,SHORT,StochasticRSI(FAST_SCALP-SHORT),2,0.2,1.522,1.52,1.52,1.527,2026-07-13 18:19:59 UTC,2026-07-13 18:20:22 UTC,22.42,0.3044,0.0041,0.0,0.0004,0.04,9.86,MIN_PROFIT_TP_HIT,0.0976
403,TRUMP_USDT,SHORT,StochasticRSI(FAST_SCALP-SHORT),2,0.2,1.532,1.537,1.53,1.537,2026-07-13 19:36:59 UTC,2026-07-13 19:50:00 UTC,780.55,0.3064,0.0041,0.0,-0.001,-0.09,-24.48,STOP_LOSS_HIT,0.0966
404,TRUMP_USDT,SHORT,StochasticRSI(FAST_SCALP-SHORT),2,0.2,1.535,1.533,1.533,1.54,2026-07-13 20:27:59 UTC,2026-07-13 20:44:04 UTC,964.71,0.307,0.0041,0.0,0.0004,0.04,9.77,MIN_PROFIT_TP_HIT,0.097
405,TRUMP_USDT,SHORT,StochasticRSI(FAST_SCALP-SHORT),2,0.2,1.534,1.532,1.532,1.539,2026-07-13 20:57:59 UTC,2026-07-13 21:00:15 UTC,135.43,0.3068,0.0041,0.0,0.0004,0.04,9.78,MIN_PROFIT_TP_HIT,0.0974
406,TRUMP_USDT,SHORT,StochasticRSI(FAST_SCALP-SHORT),2,0.2,1.533,1.531,1.531,1.538,2026-07-13 21:01:59 UTC,2026-07-13 21:09:23 UTC,443.62,0.3066,0.0041,0.0,0.0004,0.04,9.78,MIN_PROFIT_TP_HIT,0.0978
407,TRUMP_USDT,SHORT,StochasticRSI(FAST_SCALP-SHORT),2,0.2,1.524,1.529,1.522,1.529,2026-07-13 21:51:59 UTC,2026-07-13 22:01:55 UTC,595.07,0.3048,0.0041,0.0,-0.001,-0.09,-24.61,STOP_LOSS_HIT,0.0968
408,TRUMP_USDT,SHORT,StochasticRSI(FAST_SCALP-SHORT),2,0.2,1.532,1.53,1.53,1.537,2026-07-13 22:05:59 UTC,2026-07-13 22:06:56 UTC,56.77,0.3064,0.0041,0.0,0.0004,0.04,9.79,MIN_PROFIT_TP_HIT,0.0972
409,TRUMP_USDT,SHORT,StochasticRSI(FAST_SCALP-SHORT),2,0.2,1.536,1.534,1.534,1.541,2026-07-13 22:20:59 UTC,2026-07-13 22:21:03 UTC,3.3,0.3072,0.0041,0.0,0.0004,0.04,9.77,MIN_PROFIT_TP_HIT,0.0976
410,TRUMP_USDT,SHORT,StochasticRSI(FAST_SCALP-SHORT),2,0.2,1.534,1.532,1.532,1.539,2026-07-13 22:22:59 UTC,2026-07-13 22:23:04 UTC,4.77,0.3068,0.0041,0.0,0.0004,0.04,9.78,MIN_PROFIT_TP_HIT,0.098
411,TRUMP_USDT,SHORT,StochasticRSI(FAST_SCALP-SHORT),2,0.2,1.534,1.539,1.532,1.539,2026-07-13 23:23:59 UTC,2026-07-13 23:35:17 UTC,677.86,0.3068,0.0041,0.0,-0.001,-0.09,-24.45,STOP_LOSS_HIT,0.097
412,TRUMP_USDT,SHORT,StochasticRSI(FAST_SCALP-SHORT),2,0.2,1.539,1.544,1.537,1.544,2026-07-13 23:43:59 UTC,2026-07-13 23:54:10 UTC,610.01,0.3078,0.0041,0.0,-0.001,-0.09,-24.37,STOP_LOSS_HIT,0.096
413,TRUMP_USDT,SHORT,StochasticRSI(FAST_SCALP-SHORT),2,0.2,1.543,1.541,1.541,1.548,2026-07-13 23:56:59 UTC,2026-07-14 00:06:08 UTC,548.38,0.3086,0.0041,0.0,0.0004,0.04,9.72,MIN_PROFIT_TP_HIT,0.0964
414,TRUMP_USDT,SHORT,StochasticRSI(FAST_SCALP-SHORT),2,0.2,1.547,1.545,1.545,1.552,2026-07-14 01:00:59 UTC,2026-07-14 01:20:48 UTC,1188.16,0.3094,0.0041,0.0,0.0004,0.04,9.7,MIN_PROFIT_TP_HIT,0.0968
415,TRUMP_USDT,SHORT,StochasticRSI(FAST_SCALP-SHORT),2,0.2,1.544,1.542,1.542,1.549,2026-07-14 01:49:59 UTC,2026-07-14 01:56:17 UTC,377.81,0.3088,0.0041,0.0,0.0004,0.04,9.72,MIN_PROFIT_TP_HIT,0.0972
416,TRUMP_USDT,SHORT,StochasticRSI(FAST_SCALP-SHORT),2,0.2,1.539,1.537,1.537,1.544,2026-07-14 06:15:59 UTC,2026-07-14 06:28:18 UTC,738.06,0.3078,0.0041,0.0,0.0004,0.04,9.75,MIN_PROFIT_TP_HIT,0.0976
417,TRUMP_USDT,SHORT,StochasticRSI(FAST_SCALP-SHORT),2,0.2,1.533,1.531,1.531,1.538,2026-07-14 07:19:59 UTC,2026-07-14 08:03:32 UTC,2612.09,0.3066,0.0041,0.0,0.0004,0.04,9.78,MIN_PROFIT_TP_HIT,0.098
418,TRUMP_USDT,SHORT,StochasticRSI(FAST_SCALP-SHORT),2,0.2,1.531,1.529,1.529,1.536,2026-07-14 08:08:59 UTC,2026-07-14 08:30:02 UTC,1262.99,0.3062,0.0041,0.0,0.0004,0.04,9.8,MIN_PROFIT_TP_HIT,0.0984
419,TRUMP_USDT,SHORT,StochasticRSI(FAST_SCALP-SHORT),2,0.2,1.521,1.519,1.519,1.526,2026-07-14 08:54:59 UTC,2026-07-14 08:56:32 UTC,92.06,0.3042,0.0041,0.0,0.0004,0.04,9.86,MIN_PROFIT_TP_HIT,0.0988
420,TRUMP_USDT,SHORT,StochasticRSI(FAST_SCALP-SHORT),2,0.2,1.52,1.525,1.518,1.525,2026-07-14 08:57:59 UTC,2026-07-14 09:10:10 UTC,730.74,0.304,0.0041,0.0,-0.001,-0.09,-24.67,STOP_LOSS_HIT,0.0978
421,TRUMP_USDT,SHORT,StochasticRSI(FAST_SCALP-SHORT),2,0.2,1.524,1.522,1.522,1.529,2026-07-14 09:14:59 UTC,2026-07-14 09:18:02 UTC,182.7,0.3048,0.0041,0.0,0.0004,0.04,9.84,MIN_PROFIT_TP_HIT,0.0982
422,TRUMP_USDT,SHORT,StochasticRSI(FAST_SCALP-SHORT),2,0.2,1.528,1.526,1.526,1.533,2026-07-14 10:15:59 UTC,2026-07-14 10:28:41 UTC,761.59,0.3056,0.0041,0.0,0.0004,0.04,9.82,MIN_PROFIT_TP_HIT,0.0986
423,TRUMP_USDT,SHORT,StochasticRSI(FAST_SCALP-SHORT),2,0.2,1.525,1.523,1.523,1.53,2026-07-14 10:42:59 UTC,2026-07-14 10:51:47 UTC,527.57,0.305,0.0041,0.0,0.0004,0.04,9.84,MIN_PROFIT_TP_HIT,0.099
424,TRUMP_USDT,SHORT,StochasticRSI(FAST_SCALP-SHORT),2,0.2,1.527,1.532,1.525,1.532,2026-07-14 11:17:59 UTC,2026-07-14 11:28:09 UTC,609.35,0.3054,0.0041,0.0,-0.001,-0.09,-24.56,STOP_LOSS_HIT,0.098
425,TRUMP_USDT,SHORT,StochasticRSI(FAST_SCALP-SHORT),2,0.2,1.531,1.529,1.529,1.536,2026-07-14 11:36:59 UTC,2026-07-14 11:37:37 UTC,37.7,0.3062,0.0041,0.0,0.0004,0.04,9.8,MIN_PROFIT_TP_HIT,0.0984
426,TRUMP_USDT,SHORT,StochasticRSI(FAST_SCALP-SHORT),2,0.2,1.54,1.538,1.538,1.545,2026-07-14 12:35:59 UTC,2026-07-14 12:36:31 UTC,31.06,0.308,0.0041,0.0,0.0004,0.04,9.74,MIN_PROFIT_TP_HIT,0.0988
427,TRUMP_USDT,SHORT,StochasticRSI(FAST_SCALP-SHORT),2,0.2,1.545,1.543,1.543,1.55,2026-07-14 12:49:59 UTC,2026-07-14 12:51:33 UTC,93.52,0.309,0.0041,0.0,0.0004,0.04,9.71,MIN_PROFIT_TP_HIT,0.0992
428,TRUMP_USDT,SHORT,StochasticRSI(FAST_SCALP-SHORT),2,0.2,1.549,1.547,1.547,1.554,2026-07-14 13:01:59 UTC,2026-07-14 13:03:00 UTC,60.12,0.3098,0.0041,0.0,0.0004,0.04,9.68,MIN_PROFIT_TP_HIT,0.0996
429,TRUMP_USDT,LONG,StochasticRSI(FAST_SCALP-LONG),2,0.2,1.554,1.556,1.556,1.549,2026-07-14 13:35:59 UTC,2026-07-14 13:37:44 UTC,104.63,0.3108,0.0041,0.0,0.0004,0.04,9.65,MIN_PROFIT_TP_HIT,0.1
430,TRUMP_USDT,SHORT,StochasticRSI(FAST_SCALP-SHORT),2,0.2,1.544,1.542,1.542,1.549,2026-07-14 14:11:59 UTC,2026-07-14 14:14:18 UTC,138.34,0.3088,0.0041,0.0,0.0004,0.04,9.72,MIN_PROFIT_TP_HIT,0.1004
431,TRUMP_USDT,SHORT,StochasticRSI(FAST_SCALP-SHORT),2,0.2,1.544,1.549,1.542,1.549,2026-07-14 14:57:59 UTC,2026-07-14 14:59:43 UTC,103.54,0.3088,0.0041,0.0,-0.001,-0.09,-24.29,STOP_LOSS_HIT,0.0994
432,TRUMP_USDT,SHORT,StochasticRSI(FAST_SCALP-SHORT),2,0.2,1.548,1.546,1.546,1.553,2026-07-14 15:03:59 UTC,2026-07-14 15:05:42 UTC,102.79,0.3096,0.0041,0.0,0.0004,0.04,9.69,MIN_PROFIT_TP_HIT,0.0998
433,TRUMP_USDT,SHORT,StochasticRSI(FAST_SCALP-SHORT),2,0.2,1.549,1.554,1.547,1.554,2026-07-14 15:14:59 UTC,2026-07-14 15:29:48 UTC,888.45,0.3098,0.0041,0.0,-0.001,-0.09,-24.21,STOP_LOSS_HIT,0.0988
434,TRUMP_USDT,LONG,StochasticRSI(FAST_SCALP-LONG),2,0.2,1.557,1.559,1.559,1.552,2026-07-14 15:43:59 UTC,2026-07-14 15:46:20 UTC,140.5,0.3114,0.0042,0.0,0.0004,0.04,9.63,MIN_PROFIT_TP_HIT,0.0992
435,TRUMP_USDT,LONG,StochasticRSI(FAST_SCALP-LONG),2,0.2,1.551,1.553,1.553,1.546,2026-07-14 15:54:59 UTC,2026-07-14 15:55:17 UTC,17.22,0.3102,0.0041,0.0,0.0004,0.04,9.67,MIN_PROFIT_TP_HIT,0.0996
436,TRUMP_USDT,LONG,StochasticRSI(FAST_SCALP-LONG),2,0.2,1.565,1.567,1.567,1.56,2026-07-14 16:52:59 UTC,2026-07-14 16:53:09 UTC,9.26,0.313,0.0042,0.0,0.0004,0.04,9.58,MIN_PROFIT_TP_HIT,0.1
437,TRUMP_USDT,LONG,StochasticRSI(FAST_SCALP-LONG),2,0.2,1.554,1.556,1.556,1.549,2026-07-14 18:44:59 UTC,2026-07-14 18:48:09 UTC,189.73,0.3108,0.0041,0.0,0.0004,0.04,9.65,MIN_PROFIT_TP_HIT,0.1004
438,TRUMP_USDT,LONG,StochasticRSI(FAST_SCALP-LONG),2,0.2,1.552,1.554,1.554,1.547,2026-07-14 19:11:59 UTC,2026-07-14 19:12:52 UTC,52.94,0.3104,0.0041,0.0,0.0004,0.04,9.66,MIN_PROFIT_TP_HIT,0.1008
439,TRUMP_USDT,LONG,StochasticRSI(FAST_SCALP-LONG),2,0.2,1.553,1.555,1.555,1.548,2026-07-14 20:16:59 UTC,2026-07-14 20:17:03 UTC,3.4,0.3106,0.0041,0.0,0.0004,0.04,9.66,MIN_PROFIT_TP_HIT,0.1012
440,TRUMP_USDT,LONG,StochasticRSI(FAST_SCALP-LONG),2,0.2,1.556,1.558,1.558,1.551,2026-07-14 20:44:59 UTC,2026-07-14 20:58:23 UTC,803.53,0.3112,0.0041,0.0,0.0004,0.04,9.64,MIN_PROFIT_TP_HIT,0.1016
441,TRUMP_USDT,LONG,StochasticRSI(FAST_SCALP-LONG),2,0.2,1.554,1.556,1.556,1.549,2026-07-14 22:32:59 UTC,2026-07-14 22:33:26 UTC,26.06,0.3108,0.0041,0.0,0.0004,0.04,9.65,MIN_PROFIT_TP_HIT,0.102
442,TRUMP_USDT,LONG,StochasticRSI(FAST_SCALP-LONG),2,0.2,1.559,1.554,1.561,1.554,2026-07-14 22:49:59 UTC,2026-07-14 22:58:27 UTC,507.79,0.3118,0.0042,0.0,-0.001,-0.09,-24.05,STOP_LOSS_HIT,0.101
443,TRUMP_USDT,LONG,StochasticRSI(FAST_SCALP-LONG),2,0.2,1.567,1.569,1.569,1.562,2026-07-15 00:25:59 UTC,2026-07-15 00:26:04 UTC,4.37,0.3134,0.0042,0.0,0.0004,0.04,9.57,MIN_PROFIT_TP_HIT,0.1014
444,TRUMP_USDT,LONG,StochasticRSI(FAST_SCALP-LONG),2,0.2,1.566,1.568,1.568,1.561,2026-07-15 00:35:59 UTC,2026-07-15 00:36:52 UTC,52.03,0.3132,0.0042,0.0,0.0004,0.04,9.58,MIN_PROFIT_TP_HIT,0.1018
445,TRUMP_USDT,LONG,StochasticRSI(FAST_SCALP-LONG),2,0.2,1.565,1.567,1.567,1.56,2026-07-15 00:51:59 UTC,2026-07-15 00:52:41 UTC,41.42,0.313,0.0042,0.0,0.0004,0.04,9.58,MIN_PROFIT_TP_HIT,0.1022
446,TRUMP_USDT,LONG,StochasticRSI(FAST_SCALP-LONG),2,0.2,1.57,1.572,1.572,1.565,2026-07-15 06:15:59 UTC,2026-07-15 06:16:53 UTC,53.29,0.314,0.0042,0.0,0.0004,0.04,9.55,MIN_PROFIT_TP_HIT,0.1026
447,TRUMP_USDT,LONG,StochasticRSI(FAST_SCALP-LONG),2,0.2,1.566,1.561,1.568,1.561,2026-07-15 06:53:59 UTC,2026-07-15 07:21:15 UTC,1635.45,0.3132,0.0042,0.0,-0.001,-0.09,-23.95,STOP_LOSS_HIT,0.1016
448,TRUMP_USDT,LONG,StochasticRSI(FAST_SCALP-LONG),2,0.2,1.557,1.559,1.559,1.552,2026-07-15 07:32:59 UTC,2026-07-15 07:33:42 UTC,42.64,0.3114,0.0042,0.0,0.0004,0.04,9.63,MIN_PROFIT_TP_HIT,0.102
449,TRUMP_USDT,LONG,StochasticRSI(FAST_SCALP-LONG),2,0.2,1.565,1.567,1.567,1.56,2026-07-15 08:09:59 UTC,2026-07-15 08:45:08 UTC,2108.26,0.313,0.0042,0.0,0.0004,0.04,9.58,MIN_PROFIT_TP_HIT,0.1024
450,TRUMP_USDT,LONG,StochasticRSI(FAST_SCALP-LONG),2,0.2,1.563,1.565,1.565,1.558,2026-07-15 08:59:59 UTC,2026-07-15 09:04:25 UTC,265.76,0.3126,0.0042,0.0,0.0004,0.04,9.6,MIN_PROFIT_TP_HIT,0.1028
451,TRUMP_USDT,LONG,StochasticRSI(FAST_SCALP-LONG),2,0.2,1.563,1.565,1.565,1.558,2026-07-15 09:53:59 UTC,2026-07-15 10:04:06 UTC,606.14,0.3126,0.0042,0.0,0.0004,0.04,9.6,MIN_PROFIT_TP_HIT,0.1032
452,TRUMP_USDT,LONG,StochasticRSI(FAST_SCALP-LONG),2,0.2,1.562,1.557,1.564,1.557,2026-07-15 10:18:59 UTC,2026-07-15 10:28:23 UTC,563.09,0.3124,0.0042,0.0,-0.001,-0.09,-24.01,STOP_LOSS_HIT,0.1022
453,TRUMP_USDT,LONG,StochasticRSI(FAST_SCALP-LONG),2,0.2,1.569,1.571,1.571,1.564,2026-07-15 12:43:59 UTC,2026-07-15 12:47:45 UTC,225.34,0.3138,0.0042,0.0,0.0004,0.04,9.56,MIN_PROFIT_TP_HIT,0.1026
454,TRUMP_USDT,LONG,StochasticRSI(FAST_SCALP-LONG),2,0.2,1.572,1.574,1.574,1.567,2026-07-15 12:48:59 UTC,2026-07-15 12:49:18 UTC,18.19,0.3144,0.0042,0.0,0.0004,0.04,9.54,MIN_PROFIT_TP_HIT,0.103
455,TRUMP_USDT,LONG,StochasticRSI(FAST_SCALP-LONG),2,0.2,1.588,1.583,1.59,1.583,2026-07-15 13:03:59 UTC,2026-07-15 13:12:32 UTC,512.98,0.3176,0.0042,0.0,-0.001,-0.09,-23.61,STOP_LOSS_HIT,0.102
456,TRUMP_USDT,LONG,StochasticRSI(FAST_SCALP-LONG),2,0.2,1.585,1.587,1.587,1.58,2026-07-15 13:15:59 UTC,2026-07-15 13:16:50 UTC,50.61,0.317,0.0042,0.0,0.0004,0.04,9.46,MIN_PROFIT_TP_HIT,0.1024
457,TRUMP_USDT,LONG,StochasticRSI(FAST_SCALP-LONG),2,0.2,1.587,1.582,1.589,1.582,2026-07-15 13:22:59 UTC,2026-07-15 13:24:03 UTC,63.19,0.3174,0.0042,0.0,-0.001,-0.09,-23.63,STOP_LOSS_HIT,0.1014
458,TRUMP_USDT,LONG,StochasticRSI(FAST_SCALP-LONG),2,0.2,1.583,1.585,1.585,1.578,2026-07-15 13:28:59 UTC,2026-07-15 13:31:09 UTC,129.9,0.3166,0.0042,0.0,0.0004,0.04,9.48,MIN_PROFIT_TP_HIT,0.1018
459,TRUMP_USDT,LONG,StochasticRSI(FAST_SCALP-LONG),2,0.2,1.573,1.575,1.575,1.568,2026-07-15 14:27:59 UTC,2026-07-15 14:28:12 UTC,12.26,0.3146,0.0042,0.0,0.0004,0.04,9.54,MIN_PROFIT_TP_HIT,0.1022
460,TRUMP_USDT,LONG,StochasticRSI(FAST_SCALP-LONG),2,0.2,1.567,1.569,1.569,1.562,2026-07-15 15:27:59 UTC,2026-07-15 15:29:36 UTC,96.25,0.3134,0.0042,0.0,0.0004,0.04,9.57,MIN_PROFIT_TP_HIT,0.1026
461,TRUMP_USDT,LONG,StochasticRSI(FAST_SCALP-LONG),2,0.2,1.589,1.584,1.591,1.584,2026-07-15 18:14:59 UTC,2026-07-15 18:19:47 UTC,287.24,0.3178,0.0042,0.0,-0.001,-0.09,-23.6,STOP_LOSS_HIT,0.1016
462,TRUMP_USDT,LONG,StochasticRSI(FAST_SCALP-LONG),2,0.2,1.583,1.578,1.585,1.578,2026-07-15 18:24:59 UTC,2026-07-15 18:26:43 UTC,103.11,0.3166,0.0042,0.0,-0.001,-0.09,-23.69,STOP_LOSS_HIT,0.1006
463,TRUMP_USDT,LONG,StochasticRSI(FAST_SCALP-LONG),2,0.2,1.58,1.582,1.582,1.575,2026-07-15 18:28:59 UTC,2026-07-15 18:30:40 UTC,100.2,0.316,0.0042,0.0,0.0004,0.04,9.49,MIN_PROFIT_TP_HIT,0.101
464,TRUMP_USDT,LONG,StochasticRSI(FAST_SCALP-LONG),2,0.2,1.585,1.587,1.587,1.58,2026-07-15 18:44:59 UTC,2026-07-15 18:46:49 UTC,109.58,0.317,0.0042,0.0,0.0004,0.04,9.46,MIN_PROFIT_TP_HIT,0.1014
465,TRUMP_USDT,LONG,StochasticRSI(FAST_SCALP-LONG),2,0.2,1.59,1.585,1.592,1.585,2026-07-15 18:48:59 UTC,2026-07-15 18:51:16 UTC,136.68,0.318,0.0042,0.0,-0.001,-0.09,-23.58,STOP_LOSS_HIT,0.1004
466,TRUMP_USDT,LONG,StochasticRSI(FAST_SCALP-LONG),2,0.2,1.584,1.586,1.586,1.579,2026-07-15 18:56:59 UTC,2026-07-15 19:31:05 UTC,2045.55,0.3168,0.0042,0.0,0.0004,0.04,9.47,MIN_PROFIT_TP_HIT,0.1008
467,TRUMP_USDT,LONG,StochasticRSI(FAST_SCALP-LONG),2,0.2,1.578,1.58,1.58,1.573,2026-07-15 21:40:59 UTC,2026-07-15 21:43:45 UTC,165.12,0.3156,0.0042,0.0,0.0004,0.04,9.51,MIN_PROFIT_TP_HIT,0.1012
468,TRUMP_USDT,LONG,StochasticRSI(FAST_SCALP-LONG),2,0.2,1.577,1.579,1.579,1.572,2026-07-15 22:46:59 UTC,2026-07-15 22:54:07 UTC,427.79,0.3154,0.0042,0.0,0.0004,0.04,9.51,MIN_PROFIT_TP_HIT,0.1016
469,TRUMP_USDT,LONG,StochasticRSI(FAST_SCALP-LONG),2,0.2,1.583,1.578,1.585,1.578,2026-07-15 23:22:59 UTC,2026-07-15 23:40:00 UTC,1020.23,0.3166,0.0042,0.0,-0.001,-0.09,-23.69,STOP_LOSS_HIT,0.1006
470,TRUMP_USDT,LONG,StochasticRSI(FAST_SCALP-LONG),2,0.2,1.571,1.573,1.573,1.566,2026-07-16 00:42:59 UTC,2026-07-16 00:53:14 UTC,614.35,0.3142,0.0042,0.0,0.0004,0.04,9.55,MIN_PROFIT_TP_HIT,0.101
471,TRUMP_USDT,LONG,StochasticRSI(FAST_SCALP-LONG),2,0.2,1.568,1.563,1.57,1.563,2026-07-16 01:14:59 UTC,2026-07-16 01:18:11 UTC,191.01,0.3136,0.0042,0.0,-0.001,-0.09,-23.92,STOP_LOSS_HIT,0.1
472,TRUMP_USDT,LONG,StochasticRSI(FAST_SCALP-LONG),2,0.2,1.564,1.566,1.566,1.559,2026-07-16 01:22:59 UTC,2026-07-16 01:23:41 UTC,41.98,0.3128,0.0042,0.0,0.0004,0.04,9.59,MIN_PROFIT_TP_HIT,0.1004
473,TRUMP_USDT,LONG,StochasticRSI(FAST_SCALP-LONG),2,0.2,1.576,1.578,1.578,1.571,2026-07-16 06:32:59 UTC,2026-07-16 06:33:04 UTC,4.12,0.3152,0.0042,0.0,0.0004,0.04,9.52,MIN_PROFIT_TP_HIT,0.1008
474,TRUMP_USDT,LONG,StochasticRSI(FAST_SCALP-LONG),2,0.2,1.574,1.576,1.576,1.569,2026-07-16 06:34:59 UTC,2026-07-16 06:35:01 UTC,1.62,0.3148,0.0042,0.0,0.0004,0.04,9.53,MIN_PROFIT_TP_HIT,0.1012
475,TRUMP_USDT,LONG,StochasticRSI(FAST_SCALP-LONG),2,0.2,1.574,1.576,1.576,1.569,2026-07-16 06:36:59 UTC,2026-07-16 06:41:29 UTC,269.98,0.3148,0.0042,0.0,0.0004,0.04,9.53,MIN_PROFIT_TP_HIT,0.1016
476,TRUMP_USDT,LONG,StochasticRSI(FAST_SCALP-LONG),2,0.2,1.571,1.566,1.573,1.566,2026-07-16 07:17:59 UTC,2026-07-16 07:34:29 UTC,989.2,0.3142,0.0042,0.0,-0.001,-0.09,-23.87,STOP_LOSS_HIT,0.1006
477,TRUMP_USDT,LONG,StochasticRSI(FAST_SCALP-LONG),2,0.2,1.563,1.565,1.565,1.558,2026-07-16 07:40:59 UTC,2026-07-16 07:46:05 UTC,305.01,0.3126,0.0042,0.0,0.0004,0.04,9.6,MIN_PROFIT_TP_HIT,0.101
478,TRUMP_USDT,SHORT,StochasticRSI(FAST_SCALP-SHORT),2,0.2,1.553,1.558,1.551,1.558,2026-07-16 08:25:59 UTC,2026-07-16 08:31:23 UTC,323.78,0.3106,0.0041,0.0,-0.001,-0.09,-24.15,STOP_LOSS_HIT,0.1
479,TRUMP_USDT,SHORT,StochasticRSI(FAST_SCALP-SHORT),2,0.2,1.559,1.557,1.557,1.564,2026-07-16 08:37:59 UTC,2026-07-16 08:42:37 UTC,277.57,0.3118,0.0042,0.0,0.0004,0.04,9.62,MIN_PROFIT_TP_HIT,0.1004
480,TRUMP_USDT,SHORT,StochasticRSI(FAST_SCALP-SHORT),2,0.2,1.552,1.557,1.55,1.557,2026-07-16 12:50:59 UTC,2026-07-16 13:10:36 UTC,1176.04,0.3104,0.0041,0.0,-0.001,-0.09,-24.16,STOP_LOSS_HIT,0.0994
481,TRUMP_USDT,SHORT,StochasticRSI(FAST_SCALP-SHORT),2,0.2,1.56,1.558,1.558,1.565,2026-07-16 13:16:59 UTC,2026-07-16 13:17:59 UTC,59.41,0.312,0.0042,0.0,0.0004,0.04,9.62,MIN_PROFIT_TP_HIT,0.0998
482,TRUMP_USDT,LONG,StochasticRSI(FAST_SCALP-LONG),2,0.2,1.561,1.563,1.563,1.556,2026-07-16 13:21:59 UTC,2026-07-16 13:22:12 UTC,12.12,0.3122,0.0042,0.0,0.0004,0.04,9.61,MIN_PROFIT_TP_HIT,0.1002
483,TRUMP_USDT,LONG,StochasticRSI(FAST_SCALP-LONG),2,0.2,1.571,1.566,1.573,1.566,2026-07-16 13:46:59 UTC,2026-07-16 13:48:26 UTC,86.9,0.3142,0.0042,0.0,-0.001,-0.09,-23.87,STOP_LOSS_HIT,0.0992
484,TRUMP_USDT,LONG,StochasticRSI(FAST_SCALP-LONG),2,0.2,1.566,1.568,1.568,1.561,2026-07-16 15:12:59 UTC,2026-07-16 15:13:09 UTC,9.59,0.3132,0.0042,0.0,0.0004,0.04,9.58,MIN_PROFIT_TP_HIT,0.0996
485,TRUMP_USDT,LONG,StochasticRSI(FAST_SCALP-LONG),2,0.2,1.578,1.58,1.58,1.573,2026-07-16 15:37:59 UTC,2026-07-16 15:38:25 UTC,25.55,0.3156,0.0042,0.0,0.0004,0.04,9.51,MIN_PROFIT_TP_HIT,0.1
486,TRUMP_USDT,LONG,StochasticRSI(FAST_SCALP-LONG),2,0.2,1.569,1.564,1.571,1.564,2026-07-16 16:41:59 UTC,2026-07-16 17:06:36 UTC,1476.4,0.3138,0.0042,0.0,-0.001,-0.09,-23.9,STOP_LOSS_HIT,0.099
487,TRUMP_USDT,SHORT,StochasticRSI(FAST_SCALP-SHORT),2,0.2,1.558,1.556,1.556,1.563,2026-07-16 18:03:59 UTC,2026-07-16 18:05:09 UTC,69.11,0.3116,0.0042,0.0,0.0004,0.04,9.63,MIN_PROFIT_TP_HIT,0.0994
488,TRUMP_USDT,SHORT,StochasticRSI(FAST_SCALP-SHORT),2,0.2,1.557,1.555,1.555,1.562,2026-07-16 20:15:59 UTC,2026-07-16 20:52:09 UTC,2169.74,0.3114,0.0042,0.0,0.0004,0.04,9.63,MIN_PROFIT_TP_HIT,0.0998
489,TRUMP_USDT,SHORT,StochasticRSI(FAST_SCALP-SHORT),2,0.2,1.559,1.557,1.557,1.564,2026-07-16 21:12:59 UTC,2026-07-16 21:13:48 UTC,48.16,0.3118,0.0042,0.0,0.0004,0.04,9.62,MIN_PROFIT_TP_HIT,0.1002
490,TRUMP_USDT,SHORT,StochasticRSI(FAST_SCALP-SHORT),2,0.2,1.559,1.564,1.557,1.564,2026-07-16 21:25:59 UTC,2026-07-16 21:38:25 UTC,745.42,0.3118,0.0042,0.0,-0.001,-0.09,-24.05,STOP_LOSS_HIT,0.0992
491,TRUMP_USDT,LONG,StochasticRSI(FAST_SCALP-LONG),2,0.2,1.562,1.557,1.564,1.557,2026-07-16 22:17:59 UTC,2026-07-16 22:25:16 UTC,436.98,0.3124,0.0042,0.0,-0.001,-0.09,-24.01,STOP_LOSS_HIT,0.0982
492,TRUMP_USDT,SHORT,StochasticRSI(FAST_SCALP-SHORT),2,0.2,1.553,1.551,1.551,1.558,2026-07-16 22:35:59 UTC,2026-07-16 22:40:18 UTC,258.77,0.3106,0.0041,0.0,0.0004,0.04,9.66,MIN_PROFIT_TP_HIT,0.0986
493,TRUMP_USDT,SHORT,StochasticRSI(FAST_SCALP-SHORT),2,0.2,1.544,1.542,1.542,1.549,2026-07-16 23:03:59 UTC,2026-07-16 23:08:23 UTC,263.32,0.3088,0.0041,0.0,0.0004,0.04,9.72,MIN_PROFIT_TP_HIT,0.099
494,TRUMP_USDT,SHORT,StochasticRSI(FAST_SCALP-SHORT),2,0.2,1.542,1.54,1.54,1.547,2026-07-16 23:17:59 UTC,2026-07-16 23:19:03 UTC,63.28,0.3084,0.0041,0.0,0.0004,0.04,9.73,MIN_PROFIT_TP_HIT,0.0994
495,TRUMP_USDT,SHORT,StochasticRSI(FAST_SCALP-SHORT),2,0.2,1.541,1.539,1.539,1.546,2026-07-16 23:30:59 UTC,2026-07-16 23:32:23 UTC,83.67,0.3082,0.0041,0.0,0.0004,0.04,9.73,MIN_PROFIT_TP_HIT,0.0998
496,TRUMP_USDT,SHORT,StochasticRSI(FAST_SCALP-SHORT),2,0.2,1.558,1.556,1.556,1.563,2026-07-17 01:07:59 UTC,2026-07-17 01:18:43 UTC,643.0,0.3116,0.0042,0.0,0.0004,0.04,9.63,MIN_PROFIT_TP_HIT,0.1002
497,TRUMP_USDT,SHORT,StochasticRSI(FAST_SCALP-SHORT),2,0.2,1.537,1.535,1.535,1.542,2026-07-17 07:32:59 UTC,2026-07-17 07:33:11 UTC,11.44,0.3074,0.0041,0.0,0.0004,0.04,9.76,MIN_PROFIT_TP_HIT,0.1006
498,TRUMP_USDT,SHORT,StochasticRSI(FAST_SCALP-SHORT),2,0.2,1.533,1.531,1.531,1.538,2026-07-17 07:45:59 UTC,2026-07-17 07:58:02 UTC,722.85,0.3066,0.0041,0.0,0.0004,0.04,9.78,MIN_PROFIT_TP_HIT,0.101
499,TRUMP_USDT,SHORT,StochasticRSI(FAST_SCALP-SHORT),2,0.2,1.528,1.526,1.526,1.533,2026-07-17 08:28:59 UTC,2026-07-17 08:30:59 UTC,119.4,0.3056,0.0041,0.0,0.0004,0.04,9.82,MIN_PROFIT_TP_HIT,0.1014
500,TRUMP_USDT,SHORT,StochasticRSI(FAST_SCALP-SHORT),2,0.2,1.524,1.522,1.522,1.529,2026-07-17 08:31:59 UTC,2026-07-17 08:36:41 UTC,281.16,0.3048,0.0041,0.0,0.0004,0.04,9.84,MIN_PROFIT_TP_HIT,0.1018
501,TRUMP_USDT,SHORT,StochasticRSI(FAST_SCALP-SHORT),2,0.2,1.533,1.531,1.531,1.538,2026-07-17 08:50:59 UTC,2026-07-17 09:03:24 UTC,744.58,0.3066,0.0041,0.0,0.0004,0.04,9.78,MIN_PROFIT_TP_HIT,0.1022
502,TRUMP_USDT,SHORT,StochasticRSI(FAST_SCALP-SHORT),2,0.2,1.526,1.524,1.524,1.531,2026-07-17 12:59:59 UTC,2026-07-17 13:00:35 UTC,35.83,0.3052,0.0041,0.0,0.0004,0.04,9.83,MIN_PROFIT_TP_HIT,0.1026
503,TRUMP_USDT,SHORT,StochasticRSI(FAST_SCALP-SHORT),2,0.2,1.518,1.516,1.516,1.523,2026-07-17 13:17:59 UTC,2026-07-17 13:25:00 UTC,420.97,0.3036,0.004,0.0,0.0004,0.04,9.88,MIN_PROFIT_TP_HIT,0.103
504,TRUMP_USDT,SHORT,StochasticRSI(FAST_SCALP-SHORT),2,0.2,1.509,1.514,1.507,1.514,2026-07-17 13:45:59 UTC,2026-07-17 13:47:43 UTC,103.58,0.3018,0.004,0.0,-0.001,-0.09,-24.85,STOP_LOSS_HIT,0.102
505,TRUMP_USDT,SHORT,StochasticRSI(FAST_SCALP-SHORT),2,0.2,1.522,1.52,1.52,1.527,2026-07-17 13:55:59 UTC,2026-07-17 13:56:12 UTC,12.38,0.3044,0.0041,0.0,0.0004,0.04,9.86,MIN_PROFIT_TP_HIT,0.1024
506,TRUMP_USDT,SHORT,StochasticRSI(FAST_SCALP-SHORT),2,0.2,1.534,1.539,1.532,1.539,2026-07-17 14:04:59 UTC,2026-07-17 14:06:26 UTC,86.88,0.3068,0.0041,0.0,-0.001,-0.09,-24.45,STOP_LOSS_HIT,0.1014
507,TRUMP_USDT,SHORT,StochasticRSI(FAST_SCALP-SHORT),2,0.2,1.544,1.542,1.542,1.549,2026-07-17 14:39:59 UTC,2026-07-17 14:41:07 UTC,67.5,0.3088,0.0041,0.0,0.0004,0.04,9.72,MIN_PROFIT_TP_HIT,0.1018
508,TRUMP_USDT,SHORT,StochasticRSI(FAST_SCALP-SHORT),2,0.2,1.535,1.533,1.533,1.54,2026-07-17 15:22:59 UTC,2026-07-17 15:23:25 UTC,25.21,0.307,0.0041,0.0,0.0004,0.04,9.77,MIN_PROFIT_TP_HIT,0.1022
509,TRUMP_USDT,SHORT,StochasticRSI(FAST_SCALP-SHORT),2,0.2,1.532,1.537,1.53,1.537,2026-07-17 15:24:59 UTC,2026-07-17 15:27:33 UTC,153.28,0.3064,0.0041,0.0,-0.001,-0.09,-24.48,STOP_LOSS_HIT,0.1012
510,TRUMP_USDT,SHORT,StochasticRSI(FAST_SCALP-SHORT),2,0.2,1.553,1.558,1.551,1.558,2026-07-17 16:31:59 UTC,2026-07-17 16:37:26 UTC,326.47,0.3106,0.0041,0.0,-0.001,-0.09,-24.15,STOP_LOSS_HIT,0.1002
511,TRUMP_USDT,LONG,StochasticRSI(FAST_SCALP-LONG),2,0.2,1.559,1.561,1.561,1.554,2026-07-17 16:43:59 UTC,2026-07-17 16:44:18 UTC,18.05,0.3118,0.0042,0.0,0.0004,0.04,9.62,MIN_PROFIT_TP_HIT,0.1006
512,TRUMP_USDT,SHORT,StochasticRSI(FAST_SCALP-SHORT),2,0.2,1.546,1.544,1.544,1.551,2026-07-17 18:07:59 UTC,2026-07-17 18:20:51 UTC,771.11,0.3092,0.0041,0.0,0.0004,0.04,9.7,MIN_PROFIT_TP_HIT,0.101
513,TRUMP_USDT,SHORT,StochasticRSI(FAST_SCALP-SHORT),2,0.2,1.551,1.549,1.549,1.556,2026-07-17 18:56:59 UTC,2026-07-17 19:00:39 UTC,219.13,0.3102,0.0041,0.0,0.0004,0.04,9.67,MIN_PROFIT_TP_HIT,0.1014
514,TRUMP_USDT,SHORT,StochasticRSI(FAST_SCALP-SHORT),2,0.2,1.546,1.544,1.544,1.551,2026-07-17 19:31:59 UTC,2026-07-17 19:40:17 UTC,497.01,0.3092,0.0041,0.0,0.0004,0.04,9.7,MIN_PROFIT_TP_HIT,0.1018
515,TRUMP_USDT,SHORT,StochasticRSI(FAST_SCALP-SHORT),2,0.2,1.543,1.541,1.541,1.548,2026-07-17 20:15:59 UTC,2026-07-17 20:31:16 UTC,916.98,0.3086,0.0041,0.0,0.0004,0.04,9.72,MIN_PROFIT_TP_HIT,0.1022
516,TRUMP_USDT,SHORT,StochasticRSI(FAST_SCALP-SHORT),2,0.2,1.546,1.544,1.544,1.551,2026-07-17 21:20:59 UTC,2026-07-17 21:21:38 UTC,38.95,0.3092,0.0041,0.0,0.0004,0.04,9.7,MIN_PROFIT_TP_HIT,0.1026
517,TRUMP_USDT,SHORT,StochasticRSI(FAST_SCALP-SHORT),2,0.2,1.539,1.544,1.537,1.544,2026-07-17 22:04:59 UTC,2026-07-17 22:11:50 UTC,410.67,0.3078,0.0041,0.0,-0.001,-0.09,-24.37,STOP_LOSS_HIT,0.1016
518,TRUMP_USDT,SHORT,StochasticRSI(FAST_SCALP-SHORT),2,0.2,1.543,1.541,1.541,1.548,2026-07-17 22:16:59 UTC,2026-07-17 22:17:13 UTC,13.63,0.3086,0.0041,0.0,0.0004,0.04,9.72,MIN_PROFIT_TP_HIT,0.102
519,TRUMP_USDT,SHORT,StochasticRSI(FAST_SCALP-SHORT),2,0.2,1.545,1.543,1.543,1.55,2026-07-17 22:45:59 UTC,2026-07-17 23:10:20 UTC,1460.57,0.309,0.0041,0.0,0.0004,0.04,9.71,MIN_PROFIT_TP_HIT,0.1024
520,TRUMP_USDT,SHORT,StochasticRSI(FAST_SCALP-SHORT),2,0.2,1.547,1.552,1.545,1.552,2026-07-17 23:27:59 UTC,2026-07-17 23:45:55 UTC,1075.99,0.3094,0.0041,0.0,-0.001,-0.09,-24.24,STOP_LOSS_HIT,0.1014
521,TRUMP_USDT,SHORT,StochasticRSI(FAST_SCALP-SHORT),2,0.2,1.552,1.55,1.55,1.557,2026-07-17 23:49:59 UTC,2026-07-17 23:58:45 UTC,525.62,0.3104,0.0041,0.0,0.0004,0.04,9.66,MIN_PROFIT_TP_HIT,0.1018
522,TRUMP_USDT,LONG,StochasticRSI(FAST_SCALP-LONG),2,0.2,1.56,1.562,1.562,1.555,2026-07-18 00:29:59 UTC,2026-07-18 00:40:26 UTC,626.05,0.312,0.0042,0.0,0.0004,0.04,9.62,MIN_PROFIT_TP_HIT,0.1022
523,TRUMP_USDT,LONG,StochasticRSI(FAST_SCALP-LONG),2,0.2,1.561,1.563,1.563,1.556,2026-07-18 00:57:59 UTC,2026-07-18 01:09:09 UTC,669.9,0.3122,0.0042,0.0,0.0004,0.04,9.61,MIN_PROFIT_TP_HIT,0.1026
524,TRUMP_USDT,LONG,StochasticRSI(FAST_SCALP-LONG),2,0.2,1.57,1.572,1.572,1.565,2026-07-18 01:42:59 UTC,2026-07-18 02:06:19 UTC,1399.5,0.314,0.0042,0.0,0.0004,0.04,9.55,MIN_PROFIT_TP_HIT,0.103
525,TRUMP_USDT,LONG,StochasticRSI(FAST_SCALP-LONG),2,0.2,1.617,1.619,1.619,1.612,2026-07-18 06:36:59 UTC,2026-07-18 06:37:22 UTC,22.07,0.3234,0.0043,0.0,0.0004,0.04,9.28,MIN_PROFIT_TP_HIT,0.1034
526,TRUMP_USDT,LONG,StochasticRSI(FAST_SCALP-LONG),2,0.2,1.638,1.64,1.64,1.633,2026-07-18 08:22:59 UTC,2026-07-18 08:23:02 UTC,2.26,0.3276,0.0044,0.0,0.0004,0.04,9.16,MIN_PROFIT_TP_HIT,0.1038
527,TRUMP_USDT,LONG,StochasticRSI(FAST_SCALP-LONG),2,0.2,1.695,1.697,1.697,1.689,2026-07-18 10:14:59 UTC,2026-07-18 10:15:18 UTC,18.75,0.339,0.0045,0.0,0.0004,0.04,8.85,MIN_PROFIT_TP_HIT,0.1042
528,TRUMP_USDT,LONG,StochasticRSI(FAST_SCALP-LONG),2,0.2,1.689,1.691,1.691,1.683,2026-07-18 10:21:59 UTC,2026-07-18 10:22:32 UTC,32.63,0.3378,0.0045,0.0,0.0004,0.04,8.88,MIN_PROFIT_TP_HIT,0.1046
529,TRUMP_USDT,LONG,StochasticRSI(FAST_SCALP-LONG),2,0.2,1.683,1.685,1.685,1.677,2026-07-18 10:25:59 UTC,2026-07-18 10:26:22 UTC,22.76,0.3366,0.0045,0.0,0.0004,0.04,8.91,MIN_PROFIT_TP_HIT,0.105
530,TRUMP_USDT,LONG,StochasticRSI(FAST_SCALP-LONG),2,0.2,1.68,1.682,1.682,1.674,2026-07-18 13:02:59 UTC,2026-07-18 13:03:10 UTC,10.57,0.336,0.0045,0.0,0.0004,0.04,8.93,MIN_PROFIT_TP_HIT,0.1054
531,TRUMP_USDT,LONG,StochasticRSI(FAST_SCALP-LONG),2,0.2,1.664,1.666,1.666,1.658,2026-07-18 13:22:59 UTC,2026-07-18 13:23:07 UTC,7.03,0.3328,0.0044,0.0,0.0004,0.04,9.01,MIN_PROFIT_TP_HIT,0.1058
532,TRUMP_USDT,LONG,StochasticRSI(FAST_SCALP-LONG),2,0.2,1.654,1.656,1.656,1.648,2026-07-18 13:30:59 UTC,2026-07-18 13:31:44 UTC,44.38,0.3308,0.0044,0.0,0.0004,0.04,9.07,MIN_PROFIT_TP_HIT,0.1062
533,TRUMP_USDT,LONG,StochasticRSI(FAST_SCALP-LONG),2,0.2,1.647,1.649,1.649,1.642,2026-07-18 14:08:59 UTC,2026-07-18 14:09:15 UTC,15.26,0.3294,0.0044,0.0,0.0004,0.04,9.11,MIN_PROFIT_TP_HIT,0.1066
534,TRUMP_USDT,LONG,StochasticRSI(FAST_SCALP-LONG),2,0.2,1.661,1.655,1.663,1.655,2026-07-18 15:38:59 UTC,2026-07-18 15:44:21 UTC,321.57,0.3322,0.0044,0.0,-0.0012,-0.11,-27.09,STOP_LOSS_HIT,0.1054
535,TRUMP_USDT,LONG,StochasticRSI(FAST_SCALP-LONG),2,0.2,1.659,1.653,1.661,1.653,2026-07-18 15:47:59 UTC,2026-07-18 15:52:10 UTC,250.2,0.3318,0.0044,0.0,-0.0012,-0.11,-27.12,STOP_LOSS_HIT,0.1042
536,TRUMP_USDT,LONG,StochasticRSI(FAST_SCALP-LONG),2,0.2,1.648,1.643,1.65,1.643,2026-07-18 16:01:59 UTC,2026-07-18 16:02:16 UTC,16.71,0.3296,0.0044,0.0,-0.001,-0.09,-22.75,STOP_LOSS_HIT,0.1032
537,TRUMP_USDT,LONG,StochasticRSI(FAST_SCALP-LONG),2,0.2,1.646,1.641,1.648,1.641,2026-07-18 16:07:59 UTC,2026-07-18 16:10:25 UTC,145.35,0.3292,0.0044,0.0,-0.001,-0.09,-22.78,STOP_LOSS_HIT,0.1022
538,TRUMP_USDT,LONG,StochasticRSI(FAST_SCALP-LONG),2,0.2,1.637,1.639,1.639,1.632,2026-07-18 16:18:59 UTC,2026-07-18 16:19:08 UTC,8.79,0.3274,0.0044,0.0,0.0004,0.04,9.16,MIN_PROFIT_TP_HIT,0.1026
539,TRUMP_USDT,LONG,StochasticRSI(FAST_SCALP-LONG),2,0.2,1.631,1.633,1.633,1.626,2026-07-18 16:46:59 UTC,2026-07-18 16:48:11 UTC,71.43,0.3262,0.0043,0.0,0.0004,0.04,9.2,MIN_PROFIT_TP_HIT,0.103
540,TRUMP_USDT,LONG,StochasticRSI(FAST_SCALP-LONG),2,0.2,1.621,1.623,1.623,1.616,2026-07-18 19:15:59 UTC,2026-07-18 19:19:18 UTC,198.25,0.3242,0.0043,0.0,0.0004,0.04,9.25,MIN_PROFIT_TP_HIT,0.1034
541,TRUMP_USDT,LONG,StochasticRSI(FAST_SCALP-LONG),2,0.2,1.614,1.609,1.616,1.609,2026-07-18 20:32:59 UTC,2026-07-18 20:39:17 UTC,377.16,0.3228,0.0043,0.0,-0.001,-0.09,-23.23,STOP_LOSS_HIT,0.1024
542,TRUMP_USDT,LONG,StochasticRSI(FAST_SCALP-LONG),2,0.2,1.623,1.618,1.625,1.618,2026-07-18 21:27:59 UTC,2026-07-18 21:32:54 UTC,294.14,0.3246,0.0043,0.0,-0.001,-0.09,-23.11,STOP_LOSS_HIT,0.1014
543,TRUMP_USDT,LONG,StochasticRSI(FAST_SCALP-LONG),2,0.2,1.617,1.612,1.619,1.612,2026-07-18 21:36:59 UTC,2026-07-18 21:40:13 UTC,193.64,0.3234,0.0043,0.0,-0.001,-0.09,-23.19,STOP_LOSS_HIT,0.1004
544,TRUMP_USDT,LONG,StochasticRSI(FAST_SCALP-LONG),2,0.2,1.612,1.614,1.614,1.607,2026-07-18 21:44:59 UTC,2026-07-18 21:48:14 UTC,194.59,0.3224,0.0043,0.0,0.0004,0.04,9.31,MIN_PROFIT_TP_HIT,0.1008
545,TRUMP_USDT,LONG,StochasticRSI(FAST_SCALP-LONG),2,0.2,1.625,1.627,1.627,1.62,2026-07-18 22:12:59 UTC,2026-07-18 22:15:53 UTC,173.05,0.325,0.0043,0.0,0.0004,0.04,9.23,MIN_PROFIT_TP_HIT,0.1012
546,TRUMP_USDT,LONG,StochasticRSI(FAST_SCALP-LONG),2,0.2,1.62,1.622,1.622,1.615,2026-07-18 22:25:59 UTC,2026-07-18 22:28:13 UTC,133.16,0.324,0.0043,0.0,0.0004,0.04,9.26,MIN_PROFIT_TP_HIT,0.1016
547,TRUMP_USDT,LONG,StochasticRSI(FAST_SCALP-LONG),2,0.2,1.616,1.618,1.618,1.611,2026-07-18 23:15:59 UTC,2026-07-18 23:17:05 UTC,65.62,0.3232,0.0043,0.0,0.0004,0.04,9.28,MIN_PROFIT_TP_HIT,0.102
548,TRUMP_USDT,LONG,StochasticRSI(FAST_SCALP-LONG),2,0.2,1.627,1.629,1.629,1.622,2026-07-18 23:43:59 UTC,2026-07-18 23:45:04 UTC,64.18,0.3254,0.0043,0.0,0.0004,0.04,9.22,MIN_PROFIT_TP_HIT,0.1024
549,TRUMP_USDT,LONG,StochasticRSI(FAST_SCALP-LONG),2,0.2,1.63,1.632,1.632,1.625,2026-07-18 23:46:59 UTC,2026-07-18 23:47:36 UTC,36.79,0.326,0.0043,0.0,0.0004,0.04,9.2,MIN_PROFIT_TP_HIT,0.1028
550,TRUMP_USDT,LONG,StochasticRSI(FAST_SCALP-LONG),2,0.2,1.621,1.623,1.623,1.616,2026-07-18 23:54:59 UTC,2026-07-18 23:57:17 UTC,137.63,0.3242,0.0043,0.0,0.0004,0.04,9.25,MIN_PROFIT_TP_HIT,0.1032
551,TRUMP_USDT,LONG,StochasticRSI(FAST_SCALP-LONG),2,0.2,1.617,1.619,1.619,1.612,2026-07-19 00:15:59 UTC,2026-07-19 00:16:59 UTC,59.41,0.3234,0.0043,0.0,0.0004,0.04,9.28,MIN_PROFIT_TP_HIT,0.1036
552,TRUMP_USDT,LONG,StochasticRSI(FAST_SCALP-LONG),2,0.2,1.638,1.633,1.64,1.633,2026-07-19 00:43:59 UTC,2026-07-19 00:45:04 UTC,64.2,0.3276,0.0044,0.0,-0.001,-0.09,-22.89,STOP_LOSS_HIT,0.1026
553,TRUMP_USDT,LONG,StochasticRSI(FAST_SCALP-LONG),2,0.2,1.631,1.626,1.633,1.626,2026-07-19 00:49:59 UTC,2026-07-19 00:51:20 UTC,80.91,0.3262,0.0043,0.0,-0.001,-0.09,-22.99,STOP_LOSS_HIT,0.1016
554,TRUMP_USDT,LONG,StochasticRSI(FAST_SCALP-LONG),2,0.2,1.628,1.623,1.63,1.623,2026-07-19 00:54:59 UTC,2026-07-19 01:00:06 UTC,306.8,0.3256,0.0043,0.0,-0.001,-0.09,-23.03,STOP_LOSS_HIT,0.1006
555,TRUMP_USDT,LONG,StochasticRSI(FAST_SCALP-LONG),2,0.2,1.626,1.628,1.628,1.621,2026-07-19 01:06:59 UTC,2026-07-19 01:19:54 UTC,774.77,0.3252,0.0043,0.0,0.0004,0.04,9.23,MIN_PROFIT_TP_HIT,0.101
556,TRUMP_USDT,LONG,StochasticRSI(FAST_SCALP-LONG),2,0.2,1.634,1.636,1.636,1.629,2026-07-19 01:35:59 UTC,2026-07-19 01:41:27 UTC,327.24,0.3268,0.0044,0.0,0.0004,0.04,9.18,MIN_PROFIT_TP_HIT,0.1014
557,TRUMP_USDT,LONG,StochasticRSI(FAST_SCALP-LONG),2,0.2,1.631,1.633,1.633,1.626,2026-07-19 08:32:59 UTC,2026-07-19 08:40:09 UTC,429.67,0.3262,0.0043,0.0,0.0004,0.04,9.2,MIN_PROFIT_TP_HIT,0.1018
558,TRUMP_USDT,LONG,StochasticRSI(FAST_SCALP-LONG),2,0.2,1.632,1.627,1.634,1.627,2026-07-19 09:01:59 UTC,2026-07-19 09:11:53 UTC,593.41,0.3264,0.0044,0.0,-0.001,-0.09,-22.98,STOP_LOSS_HIT,0.1008
559,TRUMP_USDT,LONG,StochasticRSI(FAST_SCALP-LONG),2,0.2,1.624,1.626,1.626,1.619,2026-07-19 09:13:59 UTC,2026-07-19 09:14:00 UTC,0.53,0.3248,0.0043,0.0,0.0004,0.04,9.24,MIN_PROFIT_TP_HIT,0.1012
560,TRUMP_USDT,LONG,StochasticRSI(FAST_SCALP-LONG),2,0.2,1.622,1.624,1.624,1.617,2026-07-19 09:17:59 UTC,2026-07-19 09:20:35 UTC,155.29,0.3244,0.0043,0.0,0.0004,0.04,9.25,MIN_PROFIT_TP_HIT,0.1016
561,TRUMP_USDT,LONG,StochasticRSI(FAST_SCALP-LONG),2,0.2,1.624,1.626,1.626,1.619,2026-07-19 09:44:59 UTC,2026-07-19 09:52:12 UTC,432.52,0.3248,0.0043,0.0,0.0004,0.04,9.24,MIN_PROFIT_TP_HIT,0.102
562,TRUMP_USDT,LONG,StochasticRSI(FAST_SCALP-LONG),2,0.2,1.638,1.64,1.64,1.633,2026-07-19 10:55:59 UTC,2026-07-19 10:56:26 UTC,26.38,0.3276,0.0044,0.0,0.0004,0.04,9.16,MIN_PROFIT_TP_HIT,0.1024
563,TRUMP_USDT,LONG,StochasticRSI(FAST_SCALP-LONG),2,0.2,1.64,1.635,1.642,1.635,2026-07-19 11:06:59 UTC,2026-07-19 11:22:38 UTC,938.23,0.328,0.0044,0.0,-0.001,-0.09,-22.87,STOP_LOSS_HIT,0.1014
564,TRUMP_USDT,LONG,StochasticRSI(FAST_SCALP-LONG),2,0.2,1.64,1.635,1.642,1.635,2026-07-19 11:49:59 UTC,2026-07-19 12:01:47 UTC,707.99,0.328,0.0044,0.0,-0.001,-0.09,-22.87,STOP_LOSS_HIT,0.1004
565,TRUMP_USDT,LONG,StochasticRSI(FAST_SCALP-LONG),2,0.2,1.623,1.625,1.625,1.618,2026-07-19 13:21:59 UTC,2026-07-19 13:22:33 UTC,33.91,0.3246,0.0043,0.0,0.0004,0.04,9.24,MIN_PROFIT_TP_HIT,0.1008
566,TRUMP_USDT,LONG,StochasticRSI(FAST_SCALP-LONG),2,0.2,1.637,1.632,1.639,1.632,2026-07-19 14:17:59 UTC,2026-07-19 14:23:09 UTC,309.07,0.3274,0.0044,0.0,-0.001,-0.09,-22.91,STOP_LOSS_HIT,0.0998
567,TRUMP_USDT,LONG,StochasticRSI(FAST_SCALP-LONG),2,0.2,1.631,1.633,1.633,1.626,2026-07-19 14:27:59 UTC,2026-07-19 14:48:01 UTC,1201.22,0.3262,0.0043,0.0,0.0004,0.04,9.2,MIN_PROFIT_TP_HIT,0.1002
568,TRUMP_USDT,LONG,StochasticRSI(FAST_SCALP-LONG),2,0.2,1.641,1.636,1.643,1.636,2026-07-19 16:33:59 UTC,2026-07-19 16:36:36 UTC,156.8,0.3282,0.0044,0.0,-0.001,-0.09,-22.85,STOP_LOSS_HIT,0.0992
569,TRUMP_USDT,LONG,StochasticRSI(FAST_SCALP-LONG),2,0.2,1.634,1.636,1.636,1.629,2026-07-19 16:39:59 UTC,2026-07-19 16:40:03 UTC,3.49,0.3268,0.0044,0.0,0.0004,0.04,9.18,MIN_PROFIT_TP_HIT,0.0996
570,TRUMP_USDT,LONG,StochasticRSI(FAST_SCALP-LONG),2,0.2,1.638,1.64,1.64,1.633,2026-07-19 16:42:59 UTC,2026-07-19 16:51:14 UTC,494.94,0.3276,0.0044,0.0,0.0004,0.04,9.16,MIN_PROFIT_TP_HIT,0.1
571,TRUMP_USDT,LONG,StochasticRSI(FAST_SCALP-LONG),2,0.2,1.619,1.614,1.621,1.614,2026-07-19 18:07:59 UTC,2026-07-19 18:08:06 UTC,6.8,0.3238,0.0043,0.0,-0.001,-0.09,-23.16,STOP_LOSS_HIT,0.099
572,TRUMP_USDT,LONG,StochasticRSI(FAST_SCALP-LONG),2,0.2,1.62,1.622,1.622,1.615,2026-07-19 18:11:59 UTC,2026-07-19 18:13:13 UTC,73.86,0.324,0.0043,0.0,0.0004,0.04,9.26,MIN_PROFIT_TP_HIT,0.0994
573,TRUMP_USDT,LONG,StochasticRSI(FAST_SCALP-LONG),2,0.2,1.619,1.621,1.621,1.614,2026-07-19 19:08:59 UTC,2026-07-19 19:16:31 UTC,451.06,0.3238,0.0043,0.0,0.0004,0.04,9.26,MIN_PROFIT_TP_HIT,0.0998
574,TRUMP_USDT,LONG,StochasticRSI(FAST_SCALP-LONG),2,0.2,1.624,1.626,1.626,1.619,2026-07-19 19:44:59 UTC,2026-07-19 20:02:13 UTC,1033.29,0.3248,0.0043,0.0,0.0004,0.04,9.24,MIN_PROFIT_TP_HIT,0.1002
575,TRUMP_USDT,LONG,StochasticRSI(FAST_SCALP-LONG),2,0.2,1.624,1.626,1.626,1.619,2026-07-19 20:26:59 UTC,2026-07-19 20:35:03 UTC,483.37,0.3248,0.0043,0.0,0.0004,0.04,9.24,MIN_PROFIT_TP_HIT,0.1006
576,TRUMP_USDT,LONG,StochasticRSI(FAST_SCALP-LONG),2,0.2,1.622,1.617,1.624,1.617,2026-07-19 21:19:59 UTC,2026-07-19 21:25:23 UTC,323.49,0.3244,0.0043,0.0,-0.001,-0.09,-23.12,STOP_LOSS_HIT,0.0996
577,TRUMP_USDT,LONG,StochasticRSI(FAST_SCALP-LONG),2,0.2,1.618,1.613,1.62,1.613,2026-07-19 21:28:59 UTC,2026-07-19 21:32:48 UTC,228.87,0.3236,0.0043,0.0,-0.001,-0.09,-23.18,STOP_LOSS_HIT,0.0986
578,TRUMP_USDT,SHORT,StochasticRSI(FAST_SCALP-SHORT),2,0.2,1.569,1.567,1.567,1.574,2026-07-19 21:42:59 UTC,2026-07-19 21:43:09 UTC,9.89,0.3138,0.0042,0.0,0.0004,0.04,9.56,MIN_PROFIT_TP_HIT,0.099
579,TRUMP_USDT,SHORT,StochasticRSI(FAST_SCALP-SHORT),2,0.2,1.571,1.569,1.569,1.576,2026-07-19 21:46:59 UTC,2026-07-19 21:47:03 UTC,3.04,0.3142,0.0042,0.0,0.0004,0.04,9.55,MIN_PROFIT_TP_HIT,0.0994
580,TRUMP_USDT,SHORT,StochasticRSI(FAST_SCALP-SHORT),2,0.2,1.563,1.561,1.561,1.568,2026-07-19 22:13:59 UTC,2026-07-19 22:14:01 UTC,1.17,0.3126,0.0042,0.0,0.0004,0.04,9.6,MIN_PROFIT_TP_HIT,0.0998
581,TRUMP_USDT,SHORT,StochasticRSI(FAST_SCALP-SHORT),2,0.2,1.568,1.566,1.566,1.573,2026-07-19 22:23:59 UTC,2026-07-19 22:27:01 UTC,181.88,0.3136,0.0042,0.0,0.0004,0.04,9.57,MIN_PROFIT_TP_HIT,0.1002
582,TRUMP_USDT,SHORT,StochasticRSI(FAST_SCALP-SHORT),2,0.2,1.57,1.575,1.568,1.575,2026-07-20 01:52:59 UTC,2026-07-20 01:58:50 UTC,350.6,0.314,0.0042,0.0,-0.001,-0.09,-23.89,STOP_LOSS_HIT,0.0992
583,TRUMP_USDT,SHORT,StochasticRSI(FAST_SCALP-SHORT),2,0.2,1.558,1.563,1.556,1.563,2026-07-20 08:38:59 UTC,2026-07-20 08:50:12 UTC,672.02,0.3116,0.0042,0.0,-0.001,-0.09,-24.07,STOP_LOSS_HIT,0.0982
584,TRUMP_USDT,SHORT,StochasticRSI(FAST_SCALP-SHORT),2,0.2,1.552,1.55,1.55,1.557,2026-07-20 09:16:59 UTC,2026-07-20 09:19:45 UTC,165.24,0.3104,0.0041,0.0,0.0004,0.04,9.66,MIN_PROFIT_TP_HIT,0.0986
585,TRUMP_USDT,SHORT,StochasticRSI(FAST_SCALP-SHORT),2,0.2,1.554,1.552,1.552,1.559,2026-07-20 09:26:59 UTC,2026-07-20 09:28:49 UTC,109.19,0.3108,0.0041,0.0,0.0004,0.04,9.65,MIN_PROFIT_TP_HIT,0.099
586,TRUMP_USDT,SHORT,StochasticRSI(FAST_SCALP-SHORT),2,0.2,1.561,1.559,1.559,1.566,2026-07-20 09:42:59 UTC,2026-07-20 09:55:42 UTC,762.74,0.3122,0.0042,0.0,0.0004,0.04,9.61,MIN_PROFIT_TP_HIT,0.0994
587,TRUMP_USDT,SHORT,StochasticRSI(FAST_SCALP-SHORT),2,0.2,1.567,1.565,1.565,1.572,2026-07-20 10:09:59 UTC,2026-07-20 10:10:33 UTC,33.45,0.3134,0.0042,0.0,0.0004,0.04,9.57,MIN_PROFIT_TP_HIT,0.0998
588,TRUMP_USDT,SHORT,StochasticRSI(FAST_SCALP-SHORT),2,0.2,1.563,1.568,1.561,1.568,2026-07-20 10:11:59 UTC,2026-07-20 10:23:17 UTC,677.33,0.3126,0.0042,0.0,-0.001,-0.09,-23.99,STOP_LOSS_HIT,0.0988
589,TRUMP_USDT,SHORT,StochasticRSI(FAST_SCALP-SHORT),2,0.2,1.565,1.563,1.563,1.57,2026-07-20 10:49:59 UTC,2026-07-20 11:00:31 UTC,631.55,0.313,0.0042,0.0,0.0004,0.04,9.58,MIN_PROFIT_TP_HIT,0.0992
590,TRUMP_USDT,SHORT,StochasticRSI(FAST_SCALP-SHORT),2,0.2,1.57,1.568,1.568,1.575,2026-07-20 11:13:59 UTC,2026-07-20 11:14:14 UTC,14.33,0.314,0.0042,0.0,0.0004,0.04,9.55,MIN_PROFIT_TP_HIT,0.0996
591,TRUMP_USDT,SHORT,StochasticRSI(FAST_SCALP-SHORT),2,0.2,1.577,1.575,1.575,1.582,2026-07-20 11:35:59 UTC,2026-07-20 11:43:41 UTC,461.65,0.3154,0.0042,0.0,0.0004,0.04,9.51,MIN_PROFIT_TP_HIT,0.1
592,TRUMP_USDT,SHORT,StochasticRSI(FAST_SCALP-SHORT),2,0.2,1.574,1.572,1.572,1.579,2026-07-20 12:01:59 UTC,2026-07-20 12:02:32 UTC,32.04,0.3148,0.0042,0.0,0.0004,0.04,9.53,MIN_PROFIT_TP_HIT,0.1004
593,TRUMP_USDT,SHORT,StochasticRSI(FAST_SCALP-SHORT),2,0.2,1.571,1.569,1.569,1.576,2026-07-20 12:12:59 UTC,2026-07-20 12:14:11 UTC,71.07,0.3142,0.0042,0.0,0.0004,0.04,9.55,MIN_PROFIT_TP_HIT,0.1008
594,TRUMP_USDT,SHORT,StochasticRSI(FAST_SCALP-SHORT),2,0.2,1.58,1.578,1.578,1.585,2026-07-20 13:43:59 UTC,2026-07-20 13:46:15 UTC,135.82,0.316,0.0042,0.0,0.0004,0.04,9.49,MIN_PROFIT_TP_HIT,0.1012
595,TRUMP_USDT,SHORT,StochasticRSI(FAST_SCALP-SHORT),2,0.2,1.576,1.574,1.574,1.581,2026-07-20 14:32:59 UTC,2026-07-20 14:33:05 UTC,5.34,0.3152,0.0042,0.0,0.0004,0.04,9.52,MIN_PROFIT_TP_HIT,0.1016
596,TRUMP_USDT,SHORT,StochasticRSI(FAST_SCALP-SHORT),2,0.2,1.582,1.58,1.58,1.587,2026-07-20 15:17:59 UTC,2026-07-20 15:19:26 UTC,86.13,0.3164,0.0042,0.0,0.0004,0.04,9.48,MIN_PROFIT_TP_HIT,0.102
597,TRUMP_USDT,SHORT,StochasticRSI(FAST_SCALP-SHORT),2,0.2,1.591,1.589,1.589,1.596,2026-07-20 15:49:59 UTC,2026-07-20 15:50:38 UTC,38.58,0.3182,0.0042,0.0,0.0004,0.04,9.43,MIN_PROFIT_TP_HIT,0.1024
598,TRUMP_USDT,SHORT,StochasticRSI(FAST_SCALP-SHORT),2,0.2,1.594,1.592,1.592,1.599,2026-07-20 15:57:59 UTC,2026-07-20 16:06:06 UTC,486.98,0.3188,0.0043,0.0,0.0004,0.04,9.41,MIN_PROFIT_TP_HIT,0.1028
599,TRUMP_USDT,SHORT,StochasticRSI(FAST_SCALP-SHORT),2,0.2,1.596,1.594,1.594,1.601,2026-07-20 16:16:59 UTC,2026-07-20 16:18:43 UTC,103.24,0.3192,0.0043,0.0,0.0004,0.04,9.4,MIN_PROFIT_TP_HIT,0.1032
600,TRUMP_USDT,SHORT,StochasticRSI(FAST_SCALP-SHORT),2,0.2,1.593,1.598,1.591,1.598,2026-07-20 16:50:59 UTC,2026-07-20 17:01:01 UTC,601.81,0.3186,0.0042,0.0,-0.001,-0.09,-23.54,STOP_LOSS_HIT,0.1022
601,TRUMP_USDT,LONG,StochasticRSI(FAST_SCALP-LONG),2,0.2,1.606,1.608,1.608,1.601,2026-07-20 18:13:59 UTC,2026-07-20 18:14:06 UTC,6.74,0.3212,0.0043,0.0,0.0004,0.04,9.34,MIN_PROFIT_TP_HIT,0.1026
602,TRUMP_USDT,LONG,StochasticRSI(FAST_SCALP-LONG),2,0.2,1.602,1.604,1.604,1.597,2026-07-20 18:24:59 UTC,2026-07-20 18:25:09 UTC,9.18,0.3204,0.0043,0.0,0.0004,0.04,9.36,MIN_PROFIT_TP_HIT,0.103
603,TRUMP_USDT,LONG,StochasticRSI(FAST_SCALP-LONG),2,0.2,1.603,1.605,1.605,1.598,2026-07-20 19:18:59 UTC,2026-07-20 19:29:31 UTC,631.39,0.3206,0.0043,0.0,0.0004,0.04,9.36,MIN_PROFIT_TP_HIT,0.1034
604,TRUMP_USDT,SHORT,StochasticRSI(FAST_SCALP-SHORT),2,0.2,1.6,1.598,1.598,1.605,2026-07-20 19:31:59 UTC,2026-07-20 19:37:20 UTC,320.47,0.32,0.0043,0.0,0.0004,0.04,9.38,MIN_PROFIT_TP_HIT,0.1038
605,TRUMP_USDT,SHORT,StochasticRSI(FAST_SCALP-SHORT),2,0.2,1.596,1.594,1.594,1.601,2026-07-20 20:56:59 UTC,2026-07-20 21:50:27 UTC,3207.24,0.3192,0.0043,0.0,0.0004,0.04,9.4,MIN_PROFIT_TP_HIT,0.1042
606,TRUMP_USDT,SHORT,StochasticRSI(FAST_SCALP-SHORT),2,0.2,1.592,1.59,1.59,1.597,2026-07-20 22:10:59 UTC,2026-07-20 22:13:29 UTC,149.46,0.3184,0.0042,0.0,0.0004,0.04,9.42,MIN_PROFIT_TP_HIT,0.1046
607,TRUMP_USDT,SHORT,StochasticRSI(FAST_SCALP-SHORT),2,0.2,1.59,1.588,1.588,1.595,2026-07-20 22:14:59 UTC,2026-07-20 22:15:52 UTC,52.4,0.318,0.0042,0.0,0.0004,0.04,9.43,MIN_PROFIT_TP_HIT,0.105
608,TRUMP_USDT,SHORT,StochasticRSI(FAST_SCALP-SHORT),2,0.2,1.592,1.59,1.59,1.597,2026-07-20 22:32:59 UTC,2026-07-20 22:34:13 UTC,73.11,0.3184,0.0042,0.0,0.0004,0.04,9.42,MIN_PROFIT_TP_HIT,0.1054
609,TRUMP_USDT,SHORT,StochasticRSI(FAST_SCALP-SHORT),2,0.2,1.586,1.584,1.584,1.591,2026-07-20 22:52:59 UTC,2026-07-20 23:04:49 UTC,709.81,0.3172,0.0042,0.0,0.0004,0.04,9.46,MIN_PROFIT_TP_HIT,0.1058
610,TRUMP_USDT,SHORT,StochasticRSI(FAST_SCALP-SHORT),2,0.2,1.586,1.591,1.584,1.591,2026-07-20 23:05:59 UTC,2026-07-20 23:08:08 UTC,128.44,0.3172,0.0042,0.0,-0.001,-0.09,-23.64,STOP_LOSS_HIT,0.1048
611,TRUMP_USDT,SHORT,StochasticRSI(FAST_SCALP-SHORT),2,0.2,1.59,1.588,1.588,1.595,2026-07-20 23:12:59 UTC,2026-07-20 23:49:10 UTC,2170.13,0.318,0.0042,0.0,0.0004,0.04,9.43,MIN_PROFIT_TP_HIT,0.1052
612,TRUMP_USDT,SHORT,StochasticRSI(FAST_SCALP-SHORT),2,0.2,1.588,1.586,1.586,1.593,2026-07-20 23:59:59 UTC,2026-07-21 00:00:11 UTC,11.05,0.3176,0.0042,0.0,0.0004,0.04,9.45,MIN_PROFIT_TP_HIT,0.1056
613,TRUMP_USDT,SHORT,StochasticRSI(FAST_SCALP-SHORT),2,0.2,1.6,1.598,1.598,1.605,2026-07-21 00:44:59 UTC,2026-07-21 00:53:53 UTC,533.78,0.32,0.0043,0.0,0.0004,0.04,9.38,MIN_PROFIT_TP_HIT,0.106
614,TRUMP_USDT,SHORT,StochasticRSI(FAST_SCALP-SHORT),2,0.2,1.601,1.599,1.599,1.606,2026-07-21 01:16:59 UTC,2026-07-21 01:19:06 UTC,126.09,0.3202,0.0043,0.0,0.0004,0.04,9.37,MIN_PROFIT_TP_HIT,0.1064
615,TRUMP_USDT,LONG,StochasticRSI(FAST_SCALP-LONG),2,0.2,1.608,1.603,1.61,1.603,2026-07-21 07:12:59 UTC,2026-07-21 07:13:37 UTC,37.37,0.3216,0.0043,0.0,-0.001,-0.09,-23.32,STOP_LOSS_HIT,0.1054
616,TRUMP_USDT,SHORT,StochasticRSI(FAST_SCALP-SHORT),2,0.2,1.6,1.598,1.598,1.605,2026-07-21 07:42:59 UTC,2026-07-21 07:43:27 UTC,27.54,0.32,0.0043,0.0,0.0004,0.04,9.38,MIN_PROFIT_TP_HIT,0.1058
617,TRUMP_USDT,SHORT,StochasticRSI(FAST_SCALP-SHORT),2,0.2,1.599,1.597,1.597,1.604,2026-07-21 09:00:59 UTC,2026-07-21 09:04:30 UTC,210.85,0.3198,0.0043,0.0,0.0004,0.04,9.38,MIN_PROFIT_TP_HIT,0.1062
618,TRUMP_USDT,SHORT,StochasticRSI(FAST_SCALP-SHORT),2,0.2,1.595,1.593,1.593,1.6,2026-07-21 09:35:59 UTC,2026-07-21 09:38:59 UTC,179.82,0.319,0.0043,0.0,0.0004,0.04,9.4,MIN_PROFIT_TP_HIT,0.1066
619,TRUMP_USDT,SHORT,StochasticRSI(FAST_SCALP-SHORT),2,0.2,1.597,1.602,1.595,1.602,2026-07-21 10:28:59 UTC,2026-07-21 10:35:39 UTC,399.47,0.3194,0.0043,0.0,-0.001,-0.09,-23.48,STOP_LOSS_HIT,0.1056
620,TRUMP_USDT,SHORT,StochasticRSI(FAST_SCALP-SHORT),2,0.2,1.6,1.598,1.598,1.605,2026-07-21 10:37:59 UTC,2026-07-21 10:41:12 UTC,192.71,0.32,0.0043,0.0,0.0004,0.04,9.38,MIN_PROFIT_TP_HIT,0.106
621,TRUMP_USDT,SHORT,StochasticRSI(FAST_SCALP-SHORT),2,0.2,1.595,1.593,1.593,1.6,2026-07-21 10:50:59 UTC,2026-07-21 10:51:20 UTC,20.31,0.319,0.0043,0.0,0.0004,0.04,9.4,MIN_PROFIT_TP_HIT,0.1064
622,TRUMP_USDT,SHORT,StochasticRSI(FAST_SCALP-SHORT),2,0.2,1.594,1.592,1.592,1.599,2026-07-21 11:05:59 UTC,2026-07-21 11:09:31 UTC,211.09,0.3188,0.0043,0.0,0.0004,0.04,9.41,MIN_PROFIT_TP_HIT,0.1068
623,TRUMP_USDT,LONG,StochasticRSI(FAST_SCALP-LONG),2,0.2,1.604,1.606,1.606,1.599,2026-07-21 13:45:59 UTC,2026-07-21 13:48:35 UTC,155.28,0.3208,0.0043,0.0,0.0004,0.04,9.35,MIN_PROFIT_TP_HIT,0.1072
624,TRUMP_USDT,LONG,StochasticRSI(FAST_SCALP-LONG),2,0.2,1.605,1.607,1.607,1.6,2026-07-21 14:00:59 UTC,2026-07-21 14:01:06 UTC,6.61,0.321,0.0043,0.0,0.0004,0.04,9.35,MIN_PROFIT_TP_HIT,0.1076
625,TRUMP_USDT,LONG,StochasticRSI(FAST_SCALP-LONG),2,0.2,1.606,1.608,1.608,1.601,2026-07-21 14:04:59 UTC,2026-07-21 14:06:15 UTC,75.56,0.3212,0.0043,0.0,0.0004,0.04,9.34,MIN_PROFIT_TP_HIT,0.108
626,TRUMP_USDT,SHORT,StochasticRSI(FAST_SCALP-SHORT),2,0.2,1.601,1.599,1.599,1.606,2026-07-21 16:22:59 UTC,2026-07-21 16:24:39 UTC,99.52,0.3202,0.0043,0.0,0.0004,0.04,9.37,MIN_PROFIT_TP_HIT,0.1084
627,TRUMP_USDT,SHORT,StochasticRSI(FAST_SCALP-SHORT),2,0.2,1.599,1.604,1.597,1.604,2026-07-21 16:25:59 UTC,2026-07-21 16:34:48 UTC,528.03,0.3198,0.0043,0.0,-0.001,-0.09,-23.45,STOP_LOSS_HIT,0.1074
628,TRUMP_USDT,SHORT,StochasticRSI(FAST_SCALP-SHORT),2,0.2,1.599,1.597,1.597,1.604,2026-07-21 19:28:59 UTC,2026-07-21 19:29:10 UTC,10.31,0.3198,0.0043,0.0,0.0004,0.04,9.38,MIN_PROFIT_TP_HIT,0.1078
629,TRUMP_USDT,SHORT,StochasticRSI(FAST_SCALP-SHORT),2,0.2,1.598,1.596,1.596,1.603,2026-07-21 20:34:59 UTC,2026-07-21 20:40:26 UTC,326.45,0.3196,0.0043,0.0,0.0004,0.04,9.39,MIN_PROFIT_TP_HIT,0.1082
630,TRUMP_USDT,SHORT,StochasticRSI(FAST_SCALP-SHORT),2,0.2,1.593,1.598,1.591,1.598,2026-07-21 21:11:59 UTC,2026-07-21 21:40:00 UTC,1680.48,0.3186,0.0042,0.0,-0.001,-0.09,-23.54,STOP_LOSS_HIT,0.1072
631,TRUMP_USDT,SHORT,StochasticRSI(FAST_SCALP-SHORT),2,0.2,1.596,1.594,1.594,1.601,2026-07-21 21:42:59 UTC,2026-07-21 21:46:33 UTC,213.48,0.3192,0.0043,0.0,0.0004,0.04,9.4,MIN_PROFIT_TP_HIT,0.1076
632,TRUMP_USDT,SHORT,StochasticRSI(FAST_SCALP-SHORT),2,0.2,1.596,1.594,1.594,1.601,2026-07-21 22:00:59 UTC,2026-07-21 22:01:34 UTC,34.43,0.3192,0.0043,0.0,0.0004,0.04,9.4,MIN_PROFIT_TP_HIT,0.108
633,TRUMP_USDT,SHORT,StochasticRSI(FAST_SCALP-SHORT),2,0.2,1.587,1.592,1.585,1.592,2026-07-21 23:21:59 UTC,2026-07-21 23:32:05 UTC,605.78,0.3174,0.0042,0.0,-0.001,-0.09,-23.63,STOP_LOSS_HIT,0.107
634,TRUMP_USDT,SHORT,StochasticRSI(FAST_SCALP-SHORT),2,0.2,1.594,1.592,1.592,1.599,2026-07-22 00:24:59 UTC,2026-07-22 00:29:03 UTC,243.24,0.3188,0.0043,0.0,0.0004,0.04,9.41,MIN_PROFIT_TP_HIT,0.1074
635,TRUMP_USDT,SHORT,StochasticRSI(FAST_SCALP-SHORT),2,0.2,1.584,1.582,1.582,1.589,2026-07-22 01:31:59 UTC,2026-07-22 01:41:26 UTC,566.03,0.3168,0.0042,0.0,0.0004,0.04,9.47,MIN_PROFIT_TP_HIT,0.1078
636,TRUMP_USDT,SHORT,StochasticRSI(FAST_SCALP-SHORT),2,0.2,1.585,1.583,1.583,1.59,2026-07-22 01:50:59 UTC,2026-07-22 02:00:41 UTC,581.04,0.317,0.0042,0.0,0.0004,0.04,9.46,MIN_PROFIT_TP_HIT,0.1082
637,TRUMP_USDT,LONG,StochasticRSI(FAST_SCALP-LONG),2,0.2,1.597,1.599,1.599,1.592,2026-07-22 08:20:59 UTC,2026-07-22 08:21:36 UTC,36.48,0.3194,0.0043,0.0,0.0004,0.04,9.39,MIN_PROFIT_TP_HIT,0.1086
638,TRUMP_USDT,LONG,StochasticRSI(FAST_SCALP-LONG),2,0.2,1.596,1.598,1.598,1.591,2026-07-22 09:14:59 UTC,2026-07-22 09:17:01 UTC,121.71,0.3192,0.0043,0.0,0.0004,0.04,9.4,MIN_PROFIT_TP_HIT,0.109
639,TRUMP_USDT,LONG,StochasticRSI(FAST_SCALP-LONG),2,0.2,1.6,1.602,1.602,1.595,2026-07-22 09:27:59 UTC,2026-07-22 09:28:06 UTC,6.47,0.32,0.0043,0.0,0.0004,0.04,9.38,MIN_PROFIT_TP_HIT,0.1094
640,TRUMP_USDT,LONG,StochasticRSI(FAST_SCALP-LONG),2,0.2,1.598,1.6,1.6,1.593,2026-07-22 09:37:59 UTC,2026-07-22 09:42:03 UTC,243.95,0.3196,0.0043,0.0,0.0004,0.04,9.39,MIN_PROFIT_TP_HIT,0.1098
641,TRUMP_USDT,LONG,StochasticRSI(FAST_SCALP-LONG),2,0.2,1.602,1.604,1.604,1.597,2026-07-22 09:55:59 UTC,2026-07-22 10:07:27 UTC,687.89,0.3204,0.0043,0.0,0.0004,0.04,9.36,MIN_PROFIT_TP_HIT,0.1102
642,TRUMP_USDT,LONG,StochasticRSI(FAST_SCALP-LONG),2,0.2,1.599,1.601,1.601,1.594,2026-07-22 11:11:59 UTC,2026-07-22 11:25:01 UTC,781.52,0.3198,0.0043,0.0,0.0004,0.04,9.38,MIN_PROFIT_TP_HIT,0.1106
643,TRUMP_USDT,LONG,StochasticRSI(FAST_SCALP-LONG),2,0.2,1.599,1.594,1.601,1.594,2026-07-22 11:32:59 UTC,2026-07-22 11:40:54 UTC,474.36,0.3198,0.0043,0.0,-0.001,-0.09,-23.45,STOP_LOSS_HIT,0.1096
644,TRUMP_USDT,LONG,StochasticRSI(FAST_SCALP-LONG),2,0.2,1.597,1.592,1.599,1.592,2026-07-22 12:11:59 UTC,2026-07-22 12:38:03 UTC,1563.4,0.3194,0.0043,0.0,-0.001,-0.09,-23.48,STOP_LOSS_HIT,0.1086
645,TRUMP_USDT,LONG,StochasticRSI(FAST_SCALP-LONG),2,0.2,1.594,1.589,1.596,1.589,2026-07-22 12:40:59 UTC,2026-07-22 12:49:37 UTC,517.32,0.3188,0.0043,0.0,-0.001,-0.09,-23.53,STOP_LOSS_HIT,0.1076
646,TRUMP_USDT,SHORT,StochasticRSI(FAST_SCALP-SHORT),2,0.2,1.589,1.587,1.587,1.594,2026-07-22 12:50:59 UTC,2026-07-22 12:51:09 UTC,9.52,0.3178,0.0042,0.0,0.0004,0.04,9.44,MIN_PROFIT_TP_HIT,0.108
647,TRUMP_USDT,SHORT,StochasticRSI(FAST_SCALP-SHORT),2,0.2,1.59,1.588,1.588,1.595,2026-07-22 13:04:59 UTC,2026-07-22 13:26:47 UTC,1307.36,0.318,0.0042,0.0,0.0004,0.04,9.43,MIN_PROFIT_TP_HIT,0.1084
648,TRUMP_USDT,LONG,StochasticRSI(FAST_SCALP-LONG),2,0.2,1.594,1.596,1.596,1.589,2026-07-22 13:52:59 UTC,2026-07-22 13:53:08 UTC,8.67,0.3188,0.0043,0.0,0.0004,0.04,9.41,MIN_PROFIT_TP_HIT,0.1088
649,TRUMP_USDT,LONG,StochasticRSI(FAST_SCALP-LONG),2,0.2,1.597,1.599,1.599,1.592,2026-07-22 13:54:59 UTC,2026-07-22 13:59:32 UTC,272.23,0.3194,0.0043,0.0,0.0004,0.04,9.39,MIN_PROFIT_TP_HIT,0.1092
650,TRUMP_USDT,LONG,StochasticRSI(FAST_SCALP-LONG),2,0.2,1.599,1.594,1.601,1.594,2026-07-22 14:12:59 UTC,2026-07-22 14:17:06 UTC,246.09,0.3198,0.0043,0.0,-0.001,-0.09,-23.45,STOP_LOSS_HIT,0.1082
651,TRUMP_USDT,LONG,StochasticRSI(FAST_SCALP-LONG),2,0.2,1.607,1.609,1.609,1.602,2026-07-22 19:59:59 UTC,2026-07-22 20:00:27 UTC,27.56,0.3214,0.0043,0.0,0.0004,0.04,9.33,MIN_PROFIT_TP_HIT,0.1086
652,TRUMP_USDT,LONG,StochasticRSI(FAST_SCALP-LONG),2,0.2,1.621,1.616,1.623,1.616,2026-07-22 20:43:59 UTC,2026-07-22 20:49:36 UTC,336.5,0.3242,0.0043,0.0,-0.001,-0.09,-23.13,STOP_LOSS_HIT,0.1076
653,TRUMP_USDT,LONG,StochasticRSI(FAST_SCALP-LONG),2,0.2,1.617,1.619,1.619,1.612,2026-07-22 20:52:59 UTC,2026-07-22 20:58:48 UTC,348.34,0.3234,0.0043,0.0,0.0004,0.04,9.28,MIN_PROFIT_TP_HIT,0.108
654,TRUMP_USDT,LONG,StochasticRSI(FAST_SCALP-LONG),2,0.2,1.616,1.611,1.618,1.611,2026-07-22 21:22:59 UTC,2026-07-22 21:26:25 UTC,205.53,0.3232,0.0043,0.0,-0.001,-0.09,-23.21,STOP_LOSS_HIT,0.107
655,TRUMP_USDT,LONG,StochasticRSI(FAST_SCALP-LONG),2,0.2,1.611,1.613,1.613,1.606,2026-07-22 21:30:59 UTC,2026-07-22 21:35:58 UTC,298.46,0.3222,0.0043,0.0,0.0004,0.04,9.31,MIN_PROFIT_TP_HIT,0.1074
656,TRUMP_USDT,LONG,StochasticRSI(FAST_SCALP-LONG),2,0.2,1.605,1.607,1.607,1.6,2026-07-22 23:16:59 UTC,2026-07-22 23:22:48 UTC,348.07,0.321,0.0043,0.0,0.0004,0.04,9.35,MIN_PROFIT_TP_HIT,0.1078
657,TRUMP_USDT,LONG,StochasticRSI(FAST_SCALP-LONG),2,0.2,1.603,1.598,1.605,1.598,2026-07-23 00:58:59 UTC,2026-07-23 01:12:55 UTC,835.54,0.3206,0.0043,0.0,-0.001,-0.09,-23.39,STOP_LOSS_HIT,0.1068
658,TRUMP_USDT,LONG,StochasticRSI(FAST_SCALP-LONG),2,0.2,1.598,1.6,1.6,1.593,2026-07-23 01:16:59 UTC,2026-07-23 01:21:06 UTC,246.2,0.3196,0.0043,0.0,0.0004,0.04,9.39,MIN_PROFIT_TP_HIT,0.1072
659,TRUMP_USDT,SHORT,StochasticRSI(FAST_SCALP-SHORT),2,0.2,1.596,1.594,1.594,1.601,2026-07-23 01:38:59 UTC,2026-07-23 01:40:12 UTC,72.53,0.3192,0.0043,0.0,0.0004,0.04,9.4,MIN_PROFIT_TP_HIT,0.1076
660,TRUMP_USDT,SHORT,StochasticRSI(FAST_SCALP-SHORT),2,0.2,1.595,1.593,1.593,1.6,2026-07-23 01:43:59 UTC,2026-07-23 01:47:16 UTC,196.22,0.319,0.0043,0.0,0.0004,0.04,9.4,MIN_PROFIT_TP_HIT,0.108
661,TRUMP_USDT,SHORT,StochasticRSI(FAST_SCALP-SHORT),2,0.2,1.592,1.59,1.59,1.597,2026-07-23 01:56:59 UTC,2026-07-23 02:00:15 UTC,195.86,0.3184,0.0042,0.0,0.0004,0.04,9.42,MIN_PROFIT_TP_HIT,0.1084
662,TRUMP_USDT,LONG,StochasticRSI(FAST_SCALP-LONG),2,0.2,1.611,1.613,1.613,1.606,2026-07-23 06:18:59 UTC,2026-07-23 06:19:30 UTC,30.88,0.3222,0.0043,0.0,0.0004,0.04,9.31,MIN_PROFIT_TP_HIT,0.1088
663,TRUMP_USDT,LONG,StochasticRSI(FAST_SCALP-LONG),2,0.2,1.61,1.612,1.612,1.605,2026-07-23 06:26:59 UTC,2026-07-23 06:31:24 UTC,264.21,0.322,0.0043,0.0,0.0004,0.04,9.32,MIN_PROFIT_TP_HIT,0.1092
664,TRUMP_USDT,LONG,StochasticRSI(FAST_SCALP-LONG),2,0.2,1.627,1.622,1.629,1.622,2026-07-23 06:46:59 UTC,2026-07-23 06:48:17 UTC,77.78,0.3254,0.0043,0.0,-0.001,-0.09,-23.05,STOP_LOSS_HIT,0.1082
665,TRUMP_USDT,LONG,StochasticRSI(FAST_SCALP-LONG),2,0.2,1.621,1.616,1.623,1.616,2026-07-23 06:52:59 UTC,2026-07-23 07:01:53 UTC,533.74,0.3242,0.0043,0.0,-0.001,-0.09,-23.13,STOP_LOSS_HIT,0.1072
666,TRUMP_USDT,LONG,StochasticRSI(FAST_SCALP-LONG),2,0.2,1.615,1.617,1.617,1.61,2026-07-23 07:15:59 UTC,2026-07-23 07:17:16 UTC,76.92,0.323,0.0043,0.0,0.0004,0.04,9.29,MIN_PROFIT_TP_HIT,0.1076
667,TRUMP_USDT,LONG,StochasticRSI(FAST_SCALP-LONG),2,0.2,1.625,1.627,1.627,1.62,2026-07-23 07:38:59 UTC,2026-07-23 07:39:20 UTC,20.34,0.325,0.0043,0.0,0.0004,0.04,9.23,MIN_PROFIT_TP_HIT,0.108
668,TRUMP_USDT,LONG,StochasticRSI(FAST_SCALP-LONG),2,0.2,1.622,1.624,1.624,1.617,2026-07-23 07:40:59 UTC,2026-07-23 07:46:04 UTC,304.66,0.3244,0.0043,0.0,0.0004,0.04,9.25,MIN_PROFIT_TP_HIT,0.1084
669,TRUMP_USDT,LONG,StochasticRSI(FAST_SCALP-LONG),2,0.2,1.636,1.638,1.638,1.631,2026-07-23 08:25:59 UTC,2026-07-23 08:26:13 UTC,13.45,0.3272,0.0044,0.0,0.0004,0.04,9.17,MIN_PROFIT_TP_HIT,0.1088
670,TRUMP_USDT,LONG,StochasticRSI(FAST_SCALP-LONG),2,0.2,1.637,1.632,1.639,1.632,2026-07-23 08:36:59 UTC,2026-07-23 08:46:41 UTC,581.52,0.3274,0.0044,0.0,-0.001,-0.09,-22.91,STOP_LOSS_HIT,0.1078
671,TRUMP_USDT,LONG,StochasticRSI(FAST_SCALP-LONG),2,0.2,1.636,1.638,1.638,1.631,2026-07-23 10:35:59 UTC,2026-07-23 10:52:50 UTC,1010.08,0.3272,0.0044,0.0,0.0004,0.04,9.17,MIN_PROFIT_TP_HIT,0.1082
672,TRUMP_USDT,LONG,StochasticRSI(FAST_SCALP-LONG),2,0.2,1.644,1.646,1.646,1.639,2026-07-23 11:32:59 UTC,2026-07-23 11:34:24 UTC,84.37,0.3288,0.0044,0.0,0.0004,0.04,9.12,MIN_PROFIT_TP_HIT,0.1086
673,TRUMP_USDT,LONG,StochasticRSI(FAST_SCALP-LONG),2,0.2,1.648,1.65,1.65,1.643,2026-07-23 12:04:59 UTC,2026-07-23 12:06:36 UTC,96.91,0.3296,0.0044,0.0,0.0004,0.04,9.1,MIN_PROFIT_TP_HIT,0.109
674,TRUMP_USDT,LONG,StochasticRSI(FAST_SCALP-LONG),2,0.2,1.649,1.651,1.651,1.644,2026-07-23 12:28:59 UTC,2026-07-23 12:30:50 UTC,110.8,0.3298,0.0044,0.0,0.0004,0.04,9.1,MIN_PROFIT_TP_HIT,0.1094
675,TRUMP_USDT,LONG,StochasticRSI(FAST_SCALP-LONG),2,0.2,1.638,1.64,1.64,1.633,2026-07-23 12:42:59 UTC,2026-07-23 12:43:06 UTC,6.64,0.3276,0.0044,0.0,0.0004,0.04,9.16,MIN_PROFIT_TP_HIT,0.1098
676,TRUMP_USDT,LONG,StochasticRSI(FAST_SCALP-LONG),2,0.2,1.64,1.642,1.642,1.635,2026-07-23 12:49:59 UTC,2026-07-23 12:50:49 UTC,49.23,0.328,0.0044,0.0,0.0004,0.04,9.15,MIN_PROFIT_TP_HIT,0.1102
677,TRUMP_USDT,LONG,StochasticRSI(FAST_SCALP-LONG),2,0.2,1.633,1.635,1.635,1.628,2026-07-23 13:01:59 UTC,2026-07-23 13:03:11 UTC,71.87,0.3266,0.0044,0.0,0.0004,0.04,9.19,MIN_PROFIT_TP_HIT,0.1106
678,TRUMP_USDT,LONG,StochasticRSI(FAST_SCALP-LONG),2,0.2,1.635,1.637,1.637,1.63,2026-07-23 13:04:59 UTC,2026-07-23 13:05:38 UTC,38.35,0.327,0.0044,0.0,0.0004,0.04,9.17,MIN_PROFIT_TP_HIT,0.111
679,TRUMP_USDT,LONG,StochasticRSI(FAST_SCALP-LONG),2,0.2,1.628,1.63,1.63,1.623,2026-07-23 15:11:59 UTC,2026-07-23 15:13:01 UTC,61.34,0.3256,0.0043,0.0,0.0004,0.04,9.21,MIN_PROFIT_TP_HIT,0.1114
680,TRUMP_USDT,LONG,StochasticRSI(FAST_SCALP-LONG),2,0.2,1.642,1.644,1.644,1.637,2026-07-23 16:22:59 UTC,2026-07-23 16:24:16 UTC,76.3,0.3284,0.0044,0.0,0.0004,0.04,9.14,MIN_PROFIT_TP_HIT,0.1118
681,TRUMP_USDT,SHORT,StochasticRSI(FAST_SCALP-SHORT),2,0.2,1.594,1.592,1.592,1.599,2026-07-23 18:12:59 UTC,2026-07-23 18:16:12 UTC,192.53,0.3188,0.0043,0.0,0.0004,0.04,9.41,MIN_PROFIT_TP_HIT,0.1122
682,TRUMP_USDT,SHORT,StochasticRSI(FAST_SCALP-SHORT),2,0.2,1.589,1.587,1.587,1.594,2026-07-23 18:17:59 UTC,2026-07-23 18:18:03 UTC,3.11,0.3178,0.0042,0.0,0.0004,0.04,9.44,MIN_PROFIT_TP_HIT,0.1126
683,TRUMP_USDT,SHORT,StochasticRSI(FAST_SCALP-SHORT),2,0.2,1.61,1.608,1.608,1.615,2026-07-23 18:28:59 UTC,2026-07-23 18:30:28 UTC,88.15,0.322,0.0043,0.0,0.0004,0.04,9.32,MIN_PROFIT_TP_HIT,0.113
684,TRUMP_USDT,LONG,StochasticRSI(FAST_SCALP-LONG),2,0.2,1.625,1.62,1.627,1.62,2026-07-23 20:16:59 UTC,2026-07-23 20:24:57 UTC,477.13,0.325,0.0043,0.0,-0.001,-0.09,-23.08,STOP_LOSS_HIT,0.112
685,TRUMP_USDT,LONG,StochasticRSI(FAST_SCALP-LONG),2,0.2,1.623,1.618,1.625,1.618,2026-07-23 20:27:59 UTC,2026-07-23 20:40:43 UTC,763.44,0.3246,0.0043,0.0,-0.001,-0.09,-23.11,STOP_LOSS_HIT,0.111
686,TRUMP_USDT,LONG,StochasticRSI(FAST_SCALP-LONG),2,0.2,1.618,1.62,1.62,1.613,2026-07-23 20:45:59 UTC,2026-07-23 20:46:24 UTC,24.01,0.3236,0.0043,0.0,0.0004,0.04,9.27,MIN_PROFIT_TP_HIT,0.1114
687,TRUMP_USDT,LONG,StochasticRSI(FAST_SCALP-LONG),2,0.2,1.617,1.612,1.619,1.612,2026-07-23 21:17:59 UTC,2026-07-23 21:18:27 UTC,27.33,0.3234,0.0043,0.0,-0.001,-0.09,-23.19,STOP_LOSS_HIT,0.1104
688,TRUMP_USDT,LONG,StochasticRSI(FAST_SCALP-LONG),2,0.2,1.614,1.609,1.616,1.609,2026-07-23 21:22:59 UTC,2026-07-23 21:31:59 UTC,539.08,0.3228,0.0043,0.0,-0.001,-0.09,-23.23,STOP_LOSS_HIT,0.1094
689,TRUMP_USDT,SHORT,StochasticRSI(FAST_SCALP-SHORT),2,0.2,1.605,1.61,1.603,1.61,2026-07-23 21:45:59 UTC,2026-07-23 21:56:25 UTC,625.08,0.321,0.0043,0.0,-0.001,-0.09,-23.36,STOP_LOSS_HIT,0.1084
690,TRUMP_USDT,SHORT,StochasticRSI(FAST_SCALP-SHORT),2,0.2,1.609,1.607,1.607,1.614,2026-07-23 22:00:59 UTC,2026-07-23 22:02:05 UTC,65.55,0.3218,0.0043,0.0,0.0004,0.04,9.32,MIN_PROFIT_TP_HIT,0.1088
691,TRUMP_USDT,SHORT,StochasticRSI(FAST_SCALP-SHORT),2,0.2,1.611,1.609,1.609,1.616,2026-07-23 22:11:59 UTC,2026-07-23 22:17:17 UTC,317.06,0.3222,0.0043,0.0,0.0004,0.04,9.31,MIN_PROFIT_TP_HIT,0.1092
692,TRUMP_USDT,SHORT,StochasticRSI(FAST_SCALP-SHORT),2,0.2,1.607,1.605,1.605,1.612,2026-07-23 22:49:59 UTC,2026-07-23 23:01:35 UTC,695.88,0.3214,0.0043,0.0,0.0004,0.04,9.33,MIN_PROFIT_TP_HIT,0.1096
