trade_id,symbol,direction,sub_strategy_name,vol_contracts,underlying_quantity,entry_price,exit_price,min_profit_tp_price,stop_loss_price,open_time,close_time,duration_seconds,notional_value_usdt,margin_used_usdt,fee_total_usdt,realized_pnl_usdt,realized_pnl_inr,roe_percentage,exit_reason,balance_after_trade_usdt
1,TRUMP_USDT,SHORT,EMACrossover(5/13-SHORT),2,0.2,1.562,1.56,1.56,1.567,2026-07-25 00:21:59 UTC,2026-07-25 00:43:24 UTC,1284.64,0.3124,0.0042,0.0,0.0004,0.04,9.6,MIN_PROFIT_TP_HIT,0.0704
2,TRUMP_USDT,SHORT,EMACrossover(5/13-SHORT),2,0.2,1.56,1.565,1.558,1.565,2026-07-25 00:44:59 UTC,2026-07-25 00:56:45 UTC,705.99,0.312,0.0042,0.0,-0.001,-0.09,-24.04,STOP_LOSS_HIT,0.0694
3,TRUMP_USDT,LONG,EMACrossover(5/13-LONG),2,0.2,1.565,1.567,1.567,1.56,2026-07-25 00:57:59 UTC,2026-07-25 01:00:01 UTC,121.98,0.313,0.0042,0.0,0.0004,0.04,9.58,MIN_PROFIT_TP_HIT,0.0698
4,TRUMP_USDT,SHORT,EMACrossover(5/13-SHORT),2,0.2,1.562,1.56,1.56,1.567,2026-07-25 01:09:59 UTC,2026-07-25 01:11:49 UTC,109.67,0.3124,0.0042,0.0,0.0004,0.04,9.6,MIN_PROFIT_TP_HIT,0.0702
5,TRUMP_USDT,LONG,EMACrossover(5/13-LONG),2,0.2,1.558,1.56,1.56,1.553,2026-07-25 02:07:59 UTC,2026-07-25 02:09:18 UTC,78.31,0.3116,0.0042,0.0,0.0004,0.04,9.63,MIN_PROFIT_TP_HIT,0.0706
6,TRUMP_USDT,SHORT,EMACrossover(5/13-SHORT),2,0.2,1.556,1.554,1.554,1.561,2026-07-25 02:18:59 UTC,2026-07-25 02:22:43 UTC,223.78,0.3112,0.0041,0.0,0.0004,0.04,9.64,MIN_PROFIT_TP_HIT,0.071
7,TRUMP_USDT,LONG,EMACrossover(5/13-LONG),2,0.2,1.556,1.558,1.558,1.551,2026-07-25 02:29:59 UTC,2026-07-25 02:39:46 UTC,586.13,0.3112,0.0041,0.0,0.0004,0.04,9.64,MIN_PROFIT_TP_HIT,0.0714
8,TRUMP_USDT,SHORT,EMACrossover(5/13-SHORT),2,0.2,1.556,1.561,1.554,1.561,2026-07-25 02:49:59 UTC,2026-07-25 02:57:32 UTC,452.34,0.3112,0.0041,0.0,-0.001,-0.09,-24.1,STOP_LOSS_HIT,0.0704
9,TRUMP_USDT,SHORT,EMACrossover(5/13-SHORT),2,0.2,1.57,1.568,1.568,1.575,2026-07-25 03:33:59 UTC,2026-07-25 03:38:16 UTC,256.25,0.314,0.0042,0.0,0.0004,0.04,9.55,MIN_PROFIT_TP_HIT,0.0708
10,TRUMP_USDT,LONG,EMACrossover(5/13-LONG),2,0.2,1.567,1.569,1.569,1.562,2026-07-25 03:44:59 UTC,2026-07-25 04:04:14 UTC,1154.48,0.3134,0.0042,0.0,0.0004,0.04,9.57,MIN_PROFIT_TP_HIT,0.0712
11,TRUMP_USDT,SHORT,EMACrossover(5/13-SHORT),2,0.2,1.575,1.573,1.573,1.58,2026-07-25 04:51:59 UTC,2026-07-25 04:52:23 UTC,23.32,0.315,0.0042,0.0,0.0004,0.04,9.52,MIN_PROFIT_TP_HIT,0.0716
12,TRUMP_USDT,LONG,EMACrossover(5/13-LONG),2,0.2,1.576,1.571,1.578,1.571,2026-07-25 05:00:59 UTC,2026-07-25 05:07:06 UTC,366.93,0.3152,0.0042,0.0,-0.001,-0.09,-23.79,STOP_LOSS_HIT,0.0706
13,TRUMP_USDT,LONG,EMACrossover(5/13-LONG),2,0.2,1.567,1.562,1.569,1.562,2026-07-25 05:34:59 UTC,2026-07-25 05:52:58 UTC,1078.2,0.3134,0.0042,0.0,-0.001,-0.09,-23.93,STOP_LOSS_HIT,0.0696
14,TRUMP_USDT,LONG,EMACrossover(5/13-LONG),2,0.2,1.565,1.56,1.567,1.56,2026-07-25 05:56:59 UTC,2026-07-25 06:23:10 UTC,1570.76,0.313,0.0042,0.0,-0.001,-0.09,-23.96,STOP_LOSS_HIT,0.0686
15,TRUMP_USDT,LONG,EMACrossover(5/13-LONG),2,0.2,1.561,1.556,1.563,1.556,2026-07-25 06:40:59 UTC,2026-07-25 06:46:19 UTC,319.47,0.3122,0.0042,0.0,-0.001,-0.09,-24.02,STOP_LOSS_HIT,0.0676
16,TRUMP_USDT,LONG,EMACrossover(5/13-LONG),2,0.2,1.559,1.561,1.561,1.554,2026-07-25 06:55:59 UTC,2026-07-25 06:59:47 UTC,227.4,0.3118,0.0042,0.0,0.0004,0.04,9.62,MIN_PROFIT_TP_HIT,0.068
17,TRUMP_USDT,SHORT,EMACrossover(5/13-SHORT),2,0.2,1.558,1.556,1.556,1.563,2026-07-25 07:10:59 UTC,2026-07-25 07:11:15 UTC,15.16,0.3116,0.0042,0.0,0.0004,0.04,9.63,MIN_PROFIT_TP_HIT,0.0684
18,TRUMP_USDT,LONG,EMACrossover(5/13-LONG),2,0.2,1.549,1.551,1.551,1.544,2026-07-25 08:16:59 UTC,2026-07-25 08:19:08 UTC,128.86,0.3098,0.0041,0.0,0.0004,0.04,9.68,MIN_PROFIT_TP_HIT,0.0688
19,TRUMP_USDT,SHORT,EMACrossover(5/13-SHORT),2,0.2,1.547,1.545,1.545,1.552,2026-07-25 08:25:59 UTC,2026-07-25 08:27:01 UTC,61.73,0.3094,0.0041,0.0,0.0004,0.04,9.7,MIN_PROFIT_TP_HIT,0.0692
20,TRUMP_USDT,LONG,EMACrossover(5/13-LONG),2,0.2,1.543,1.545,1.545,1.538,2026-07-25 09:01:59 UTC,2026-07-25 09:10:08 UTC,488.64,0.3086,0.0041,0.0,0.0004,0.04,9.72,MIN_PROFIT_TP_HIT,0.0696
21,TRUMP_USDT,SHORT,EMACrossover(5/13-SHORT),2,0.2,1.546,1.551,1.544,1.551,2026-07-25 10:07:59 UTC,2026-07-25 10:10:15 UTC,135.53,0.3092,0.0041,0.0,-0.001,-0.09,-24.26,STOP_LOSS_HIT,0.0686
22,TRUMP_USDT,LONG,EMACrossover(5/13-LONG),2,0.2,1.55,1.552,1.552,1.545,2026-07-25 10:20:59 UTC,2026-07-25 10:25:32 UTC,272.3,0.31,0.0041,0.0,0.0004,0.04,9.68,MIN_PROFIT_TP_HIT,0.069
23,TRUMP_USDT,SHORT,EMACrossover(5/13-SHORT),2,0.2,1.555,1.553,1.553,1.56,2026-07-25 10:53:59 UTC,2026-07-25 11:00:10 UTC,370.49,0.311,0.0041,0.0,0.0004,0.04,9.65,MIN_PROFIT_TP_HIT,0.0694
24,TRUMP_USDT,SHORT,EMACrossover(5/13-SHORT),2,0.2,1.551,1.549,1.549,1.556,2026-07-25 11:01:59 UTC,2026-07-25 11:11:27 UTC,567.84,0.3102,0.0041,0.0,0.0004,0.04,9.67,MIN_PROFIT_TP_HIT,0.0698
25,TRUMP_USDT,LONG,EMACrossover(5/13-LONG),2,0.2,1.55,1.552,1.552,1.545,2026-07-25 11:32:59 UTC,2026-07-25 11:33:03 UTC,3.46,0.31,0.0041,0.0,0.0004,0.04,9.68,MIN_PROFIT_TP_HIT,0.0702
26,TRUMP_USDT,LONG,EMACrossover(5/13-LONG),2,0.2,1.55,1.552,1.552,1.545,2026-07-25 11:42:59 UTC,2026-07-25 11:54:15 UTC,675.03,0.31,0.0041,0.0,0.0004,0.04,9.68,MIN_PROFIT_TP_HIT,0.0706
27,TRUMP_USDT,SHORT,EMACrossover(5/13-SHORT),2,0.2,1.549,1.547,1.547,1.554,2026-07-25 12:03:59 UTC,2026-07-25 12:37:40 UTC,2020.98,0.3098,0.0041,0.0,0.0004,0.04,9.68,MIN_PROFIT_TP_HIT,0.071
28,TRUMP_USDT,LONG,EMACrossover(5/13-LONG),2,0.2,1.552,1.547,1.554,1.547,2026-07-25 12:43:59 UTC,2026-07-25 12:45:08 UTC,68.15,0.3104,0.0041,0.0,-0.001,-0.09,-24.16,STOP_LOSS_HIT,0.07
29,TRUMP_USDT,SHORT,EMACrossover(5/13-SHORT),2,0.2,1.546,1.551,1.544,1.551,2026-07-25 12:46:59 UTC,2026-07-25 13:09:08 UTC,1328.12,0.3092,0.0041,0.0,-0.001,-0.09,-24.26,STOP_LOSS_HIT,0.069
30,TRUMP_USDT,SHORT,EMACrossover(5/13-SHORT),2,0.2,1.552,1.557,1.55,1.557,2026-07-25 13:23:59 UTC,2026-07-25 13:40:56 UTC,1016.57,0.3104,0.0041,0.0,-0.001,-0.09,-24.16,STOP_LOSS_HIT,0.068
31,TRUMP_USDT,SHORT,EMACrossover(5/13-SHORT),2,0.2,1.555,1.553,1.553,1.56,2026-07-25 13:49:59 UTC,2026-07-25 13:51:06 UTC,66.94,0.311,0.0041,0.0,0.0004,0.04,9.65,MIN_PROFIT_TP_HIT,0.0684
32,TRUMP_USDT,LONG,EMACrossover(5/13-LONG),2,0.2,1.551,1.553,1.553,1.546,2026-07-25 14:12:59 UTC,2026-07-25 14:14:19 UTC,79.78,0.3102,0.0041,0.0,0.0004,0.04,9.67,MIN_PROFIT_TP_HIT,0.0688
33,TRUMP_USDT,SHORT,EMACrossover(5/13-SHORT),2,0.2,1.557,1.555,1.555,1.562,2026-07-25 14:50:59 UTC,2026-07-25 14:54:29 UTC,209.57,0.3114,0.0042,0.0,0.0004,0.04,9.63,MIN_PROFIT_TP_HIT,0.0692
34,TRUMP_USDT,SHORT,EMACrossover(5/13-SHORT),2,0.2,1.557,1.555,1.555,1.562,2026-07-25 14:55:59 UTC,2026-07-25 15:00:39 UTC,279.41,0.3114,0.0042,0.0,0.0004,0.04,9.63,MIN_PROFIT_TP_HIT,0.0696
35,TRUMP_USDT,SHORT,EMACrossover(5/13-SHORT),2,0.2,1.556,1.561,1.554,1.561,2026-07-25 15:02:59 UTC,2026-07-25 15:16:08 UTC,788.16,0.3112,0.0041,0.0,-0.001,-0.09,-24.1,STOP_LOSS_HIT,0.0686
36,TRUMP_USDT,SHORT,EMACrossover(5/13-SHORT),2,0.2,1.559,1.557,1.557,1.564,2026-07-25 15:28:59 UTC,2026-07-25 15:31:05 UTC,125.76,0.3118,0.0042,0.0,0.0004,0.04,9.62,MIN_PROFIT_TP_HIT,0.069
37,TRUMP_USDT,LONG,EMACrossover(5/13-LONG),2,0.2,1.555,1.557,1.557,1.55,2026-07-25 15:56:59 UTC,2026-07-25 16:04:36 UTC,456.1,0.311,0.0041,0.0,0.0004,0.04,9.65,MIN_PROFIT_TP_HIT,0.0694
38,TRUMP_USDT,SHORT,EMACrossover(5/13-SHORT),2,0.2,1.556,1.554,1.554,1.561,2026-07-25 16:23:59 UTC,2026-07-25 16:40:10 UTC,970.27,0.3112,0.0041,0.0,0.0004,0.04,9.64,MIN_PROFIT_TP_HIT,0.0698
39,TRUMP_USDT,LONG,EMACrossover(5/13-LONG),2,0.2,1.56,1.562,1.562,1.555,2026-07-25 16:47:59 UTC,2026-07-25 16:57:02 UTC,542.08,0.312,0.0042,0.0,0.0004,0.04,9.62,MIN_PROFIT_TP_HIT,0.0702
40,TRUMP_USDT,SHORT,EMACrossover(5/13-SHORT),2,0.2,1.558,1.563,1.556,1.563,2026-07-25 17:13:59 UTC,2026-07-25 17:22:14 UTC,494.43,0.3116,0.0042,0.0,-0.001,-0.09,-24.07,STOP_LOSS_HIT,0.0692
41,TRUMP_USDT,SHORT,EMACrossover(5/13-SHORT),2,0.2,1.565,1.57,1.563,1.57,2026-07-25 17:52:59 UTC,2026-07-25 18:02:54 UTC,594.53,0.313,0.0042,0.0,-0.001,-0.09,-23.96,STOP_LOSS_HIT,0.0682
42,TRUMP_USDT,SHORT,EMACrossover(5/13-SHORT),2,0.2,1.564,1.569,1.562,1.569,2026-07-25 18:09:59 UTC,2026-07-25 18:34:15 UTC,1455.32,0.3128,0.0042,0.0,-0.001,-0.09,-23.98,STOP_LOSS_HIT,0.0672
43,TRUMP_USDT,SHORT,EMACrossover(5/13-SHORT),2,0.2,1.568,1.566,1.566,1.573,2026-07-25 18:43:59 UTC,2026-07-25 18:45:16 UTC,76.8,0.3136,0.0042,0.0,0.0004,0.04,9.57,MIN_PROFIT_TP_HIT,0.0676
44,TRUMP_USDT,SHORT,EMACrossover(5/13-SHORT),2,0.2,1.566,1.564,1.564,1.571,2026-07-25 18:46:59 UTC,2026-07-25 19:17:27 UTC,1827.45,0.3132,0.0042,0.0,0.0004,0.04,9.58,MIN_PROFIT_TP_HIT,0.068
45,TRUMP_USDT,LONG,EMACrossover(5/13-LONG),2,0.2,1.566,1.568,1.568,1.561,2026-07-25 19:26:59 UTC,2026-07-25 19:30:58 UTC,238.7,0.3132,0.0042,0.0,0.0004,0.04,9.58,MIN_PROFIT_TP_HIT,0.0684
46,TRUMP_USDT,SHORT,EMACrossover(5/13-SHORT),2,0.2,1.566,1.564,1.564,1.571,2026-07-25 19:34:59 UTC,2026-07-25 19:41:58 UTC,418.7,0.3132,0.0042,0.0,0.0004,0.04,9.58,MIN_PROFIT_TP_HIT,0.0688
47,TRUMP_USDT,LONG,EMACrossover(5/13-LONG),2,0.2,1.566,1.568,1.568,1.561,2026-07-25 19:48:59 UTC,2026-07-25 19:49:37 UTC,37.39,0.3132,0.0042,0.0,0.0004,0.04,9.58,MIN_PROFIT_TP_HIT,0.0692
48,TRUMP_USDT,SHORT,EMACrossover(5/13-SHORT),2,0.2,1.568,1.566,1.566,1.573,2026-07-25 20:10:59 UTC,2026-07-25 20:19:10 UTC,490.95,0.3136,0.0042,0.0,0.0004,0.04,9.57,MIN_PROFIT_TP_HIT,0.0696
49,TRUMP_USDT,LONG,EMACrossover(5/13-LONG),2,0.2,1.567,1.562,1.569,1.562,2026-07-25 20:30:59 UTC,2026-07-25 20:43:54 UTC,774.09,0.3134,0.0042,0.0,-0.001,-0.09,-23.93,STOP_LOSS_HIT,0.0686
50,TRUMP_USDT,LONG,EMACrossover(5/13-LONG),2,0.2,1.563,1.565,1.565,1.558,2026-07-25 20:56:59 UTC,2026-07-25 20:57:20 UTC,20.36,0.3126,0.0042,0.0,0.0004,0.04,9.6,MIN_PROFIT_TP_HIT,0.069
51,TRUMP_USDT,LONG,EMACrossover(5/13-LONG),2,0.2,1.565,1.567,1.567,1.56,2026-07-25 20:58:59 UTC,2026-07-25 21:39:09 UTC,2409.83,0.313,0.0042,0.0,0.0004,0.04,9.58,MIN_PROFIT_TP_HIT,0.0694
52,TRUMP_USDT,SHORT,EMACrossover(5/13-SHORT),2,0.2,1.565,1.563,1.563,1.57,2026-07-25 21:54:59 UTC,2026-07-25 21:59:07 UTC,247.69,0.313,0.0042,0.0,0.0004,0.04,9.58,MIN_PROFIT_TP_HIT,0.0698
53,TRUMP_USDT,LONG,EMACrossover(5/13-LONG),2,0.2,1.567,1.569,1.569,1.562,2026-07-25 22:05:59 UTC,2026-07-25 22:14:58 UTC,538.39,0.3134,0.0042,0.0,0.0004,0.04,9.57,MIN_PROFIT_TP_HIT,0.0702
54,TRUMP_USDT,SHORT,EMACrossover(5/13-SHORT),2,0.2,1.567,1.565,1.565,1.572,2026-07-25 22:28:59 UTC,2026-07-25 22:43:28 UTC,868.19,0.3134,0.0042,0.0,0.0004,0.04,9.57,MIN_PROFIT_TP_HIT,0.0706
55,TRUMP_USDT,SHORT,EMACrossover(5/13-SHORT),2,0.2,1.567,1.565,1.565,1.572,2026-07-25 22:44:59 UTC,2026-07-25 22:45:28 UTC,28.28,0.3134,0.0042,0.0,0.0004,0.04,9.57,MIN_PROFIT_TP_HIT,0.071
56,TRUMP_USDT,LONG,EMACrossover(5/13-LONG),2,0.2,1.567,1.569,1.569,1.562,2026-07-25 22:52:59 UTC,2026-07-26 00:11:12 UTC,4692.55,0.3134,0.0042,0.0,0.0004,0.04,9.57,MIN_PROFIT_TP_HIT,0.0714
57,TRUMP_USDT,SHORT,EMACrossover(5/13-SHORT),2,0.2,1.57,1.568,1.568,1.575,2026-07-26 00:24:59 UTC,2026-07-26 00:26:16 UTC,76.54,0.314,0.0042,0.0,0.0004,0.04,9.55,MIN_PROFIT_TP_HIT,0.0718
58,TRUMP_USDT,SHORT,EMACrossover(5/13-SHORT),2,0.2,1.572,1.57,1.57,1.577,2026-07-26 00:44:59 UTC,2026-07-26 00:48:56 UTC,236.78,0.3144,0.0042,0.0,0.0004,0.04,9.54,MIN_PROFIT_TP_HIT,0.0722
59,TRUMP_USDT,SHORT,EMACrossover(5/13-SHORT),2,0.2,1.568,1.566,1.566,1.573,2026-07-26 00:49:59 UTC,2026-07-26 01:10:05 UTC,1205.57,0.3136,0.0042,0.0,0.0004,0.04,9.57,MIN_PROFIT_TP_HIT,0.0726
60,TRUMP_USDT,LONG,EMACrossover(5/13-LONG),2,0.2,1.568,1.57,1.57,1.563,2026-07-26 01:19:59 UTC,2026-07-26 02:00:48 UTC,2448.52,0.3136,0.0042,0.0,0.0004,0.04,9.57,MIN_PROFIT_TP_HIT,0.073
61,TRUMP_USDT,SHORT,EMACrossover(5/13-SHORT),2,0.2,1.567,1.565,1.565,1.572,2026-07-26 02:04:59 UTC,2026-07-26 02:05:10 UTC,10.06,0.3134,0.0042,0.0,0.0004,0.04,9.57,MIN_PROFIT_TP_HIT,0.0734
62,TRUMP_USDT,LONG,EMACrossover(5/13-LONG),2,0.2,1.568,1.57,1.57,1.563,2026-07-26 02:14:59 UTC,2026-07-26 02:19:20 UTC,260.81,0.3136,0.0042,0.0,0.0004,0.04,9.57,MIN_PROFIT_TP_HIT,0.0738
63,TRUMP_USDT,SHORT,EMACrossover(5/13-SHORT),2,0.2,1.566,1.564,1.564,1.571,2026-07-26 02:26:59 UTC,2026-07-26 02:35:34 UTC,514.73,0.3132,0.0042,0.0,0.0004,0.04,9.58,MIN_PROFIT_TP_HIT,0.0742
64,TRUMP_USDT,LONG,EMACrossover(5/13-LONG),2,0.2,1.568,1.57,1.57,1.563,2026-07-26 02:45:59 UTC,2026-07-26 02:46:26 UTC,26.06,0.3136,0.0042,0.0,0.0004,0.04,9.57,MIN_PROFIT_TP_HIT,0.0746
65,TRUMP_USDT,SHORT,EMACrossover(5/13-SHORT),2,0.2,1.573,1.571,1.571,1.578,2026-07-26 03:07:59 UTC,2026-07-26 03:09:40 UTC,100.02,0.3146,0.0042,0.0,0.0004,0.04,9.54,MIN_PROFIT_TP_HIT,0.075
66,TRUMP_USDT,LONG,EMACrossover(5/13-LONG),2,0.2,1.574,1.576,1.576,1.569,2026-07-26 03:17:59 UTC,2026-07-26 03:20:46 UTC,166.18,0.3148,0.0042,0.0,0.0004,0.04,9.53,MIN_PROFIT_TP_HIT,0.0754
67,TRUMP_USDT,SHORT,EMACrossover(5/13-SHORT),2,0.2,1.572,1.577,1.57,1.577,2026-07-26 03:31:59 UTC,2026-07-26 03:59:57 UTC,1677.87,0.3144,0.0042,0.0,-0.001,-0.09,-23.85,STOP_LOSS_HIT,0.0744
68,TRUMP_USDT,SHORT,EMACrossover(5/13-SHORT),2,0.2,1.575,1.573,1.573,1.58,2026-07-26 04:03:59 UTC,2026-07-26 04:07:22 UTC,202.17,0.315,0.0042,0.0,0.0004,0.04,9.52,MIN_PROFIT_TP_HIT,0.0748
69,TRUMP_USDT,SHORT,EMACrossover(5/13-SHORT),2,0.2,1.573,1.571,1.571,1.578,2026-07-26 04:08:59 UTC,2026-07-26 04:14:10 UTC,310.58,0.3146,0.0042,0.0,0.0004,0.04,9.54,MIN_PROFIT_TP_HIT,0.0752
70,TRUMP_USDT,LONG,EMACrossover(5/13-LONG),2,0.2,1.573,1.575,1.575,1.568,2026-07-26 04:20:59 UTC,2026-07-26 04:22:23 UTC,83.37,0.3146,0.0042,0.0,0.0004,0.04,9.54,MIN_PROFIT_TP_HIT,0.0756
71,TRUMP_USDT,LONG,EMACrossover(5/13-LONG),2,0.2,1.575,1.577,1.577,1.57,2026-07-26 04:23:59 UTC,2026-07-26 04:24:37 UTC,37.17,0.315,0.0042,0.0,0.0004,0.04,9.52,MIN_PROFIT_TP_HIT,0.076
72,TRUMP_USDT,SHORT,EMACrossover(5/13-SHORT),2,0.2,1.579,1.577,1.577,1.584,2026-07-26 04:44:59 UTC,2026-07-26 04:53:48 UTC,528.55,0.3158,0.0042,0.0,0.0004,0.04,9.5,MIN_PROFIT_TP_HIT,0.0764
73,TRUMP_USDT,SHORT,EMACrossover(5/13-SHORT),2,0.2,1.575,1.58,1.573,1.58,2026-07-26 04:55:59 UTC,2026-07-26 05:12:10 UTC,970.99,0.315,0.0042,0.0,-0.001,-0.09,-23.81,STOP_LOSS_HIT,0.0754
74,TRUMP_USDT,SHORT,EMACrossover(5/13-SHORT),2,0.2,1.59,1.588,1.588,1.595,2026-07-26 05:52:59 UTC,2026-07-26 06:05:12 UTC,732.96,0.318,0.0042,0.0,0.0004,0.04,9.43,MIN_PROFIT_TP_HIT,0.0758
75,TRUMP_USDT,LONG,EMACrossover(5/13-LONG),2,0.2,1.583,1.585,1.585,1.578,2026-07-26 06:33:59 UTC,2026-07-26 06:35:19 UTC,79.06,0.3166,0.0042,0.0,0.0004,0.04,9.48,MIN_PROFIT_TP_HIT,0.0762
76,TRUMP_USDT,LONG,EMACrossover(5/13-LONG),2,0.2,1.586,1.581,1.588,1.581,2026-07-26 06:37:59 UTC,2026-07-26 06:52:45 UTC,885.06,0.3172,0.0042,0.0,-0.001,-0.09,-23.64,STOP_LOSS_HIT,0.0752
77,TRUMP_USDT,SHORT,EMACrossover(5/13-SHORT),2,0.2,1.582,1.587,1.58,1.587,2026-07-26 06:53:59 UTC,2026-07-26 06:57:16 UTC,196.36,0.3164,0.0042,0.0,-0.001,-0.09,-23.7,STOP_LOSS_HIT,0.0742
78,TRUMP_USDT,LONG,EMACrossover(5/13-LONG),2,0.2,1.587,1.589,1.589,1.582,2026-07-26 06:58:59 UTC,2026-07-26 06:59:31 UTC,31.49,0.3174,0.0042,0.0,0.0004,0.04,9.45,MIN_PROFIT_TP_HIT,0.0746
79,TRUMP_USDT,SHORT,EMACrossover(5/13-SHORT),2,0.2,1.593,1.598,1.591,1.598,2026-07-26 07:25:59 UTC,2026-07-26 07:35:59 UTC,599.25,0.3186,0.0042,0.0,-0.001,-0.09,-23.54,STOP_LOSS_HIT,0.0736
80,TRUMP_USDT,SHORT,EMACrossover(5/13-SHORT),2,0.2,1.595,1.593,1.593,1.6,2026-07-26 07:45:59 UTC,2026-07-26 07:51:03 UTC,303.84,0.319,0.0043,0.0,0.0004,0.04,9.4,MIN_PROFIT_TP_HIT,0.074
81,TRUMP_USDT,LONG,EMACrossover(5/13-LONG),2,0.2,1.595,1.59,1.597,1.59,2026-07-26 08:10:59 UTC,2026-07-26 08:15:29 UTC,269.2,0.319,0.0043,0.0,-0.001,-0.09,-23.51,STOP_LOSS_HIT,0.073
82,TRUMP_USDT,LONG,EMACrossover(5/13-LONG),2,0.2,1.593,1.595,1.595,1.588,2026-07-26 08:20:59 UTC,2026-07-26 08:28:39 UTC,459.9,0.3186,0.0042,0.0,0.0004,0.04,9.42,MIN_PROFIT_TP_HIT,0.0734
83,TRUMP_USDT,LONG,EMACrossover(5/13-LONG),2,0.2,1.595,1.59,1.597,1.59,2026-07-26 08:29:59 UTC,2026-07-26 08:42:33 UTC,753.47,0.319,0.0043,0.0,-0.001,-0.09,-23.51,STOP_LOSS_HIT,0.0724
84,TRUMP_USDT,LONG,EMACrossover(5/13-LONG),2,0.2,1.591,1.593,1.593,1.586,2026-07-26 08:56:59 UTC,2026-07-26 09:05:42 UTC,522.41,0.3182,0.0042,0.0,0.0004,0.04,9.43,MIN_PROFIT_TP_HIT,0.0728
85,TRUMP_USDT,SHORT,EMACrossover(5/13-SHORT),2,0.2,1.59,1.588,1.588,1.595,2026-07-26 09:09:59 UTC,2026-07-26 09:10:54 UTC,54.89,0.318,0.0042,0.0,0.0004,0.04,9.43,MIN_PROFIT_TP_HIT,0.0732
86,TRUMP_USDT,LONG,EMACrossover(5/13-LONG),2,0.2,1.591,1.593,1.593,1.586,2026-07-26 09:16:59 UTC,2026-07-26 09:28:14 UTC,674.41,0.3182,0.0042,0.0,0.0004,0.04,9.43,MIN_PROFIT_TP_HIT,0.0736
87,TRUMP_USDT,SHORT,EMACrossover(5/13-SHORT),2,0.2,1.59,1.588,1.588,1.595,2026-07-26 09:34:59 UTC,2026-07-26 09:45:26 UTC,626.77,0.318,0.0042,0.0,0.0004,0.04,9.43,MIN_PROFIT_TP_HIT,0.074
88,TRUMP_USDT,LONG,EMACrossover(5/13-LONG),2,0.2,1.585,1.58,1.587,1.58,2026-07-26 10:03:59 UTC,2026-07-26 11:09:54 UTC,3954.41,0.317,0.0042,0.0,-0.001,-0.09,-23.66,STOP_LOSS_HIT,0.073
89,TRUMP_USDT,LONG,EMACrossover(5/13-LONG),2,0.2,1.583,1.585,1.585,1.578,2026-07-26 11:13:59 UTC,2026-07-26 11:15:53 UTC,113.41,0.3166,0.0042,0.0,0.0004,0.04,9.48,MIN_PROFIT_TP_HIT,0.0734
90,TRUMP_USDT,LONG,EMACrossover(5/13-LONG),2,0.2,1.584,1.579,1.586,1.579,2026-07-26 11:16:59 UTC,2026-07-26 11:42:35 UTC,1535.28,0.3168,0.0042,0.0,-0.001,-0.09,-23.67,STOP_LOSS_HIT,0.0724
91,TRUMP_USDT,LONG,EMACrossover(5/13-LONG),2,0.2,1.579,1.581,1.581,1.574,2026-07-26 12:08:59 UTC,2026-07-26 12:17:09 UTC,489.24,0.3158,0.0042,0.0,0.0004,0.04,9.5,MIN_PROFIT_TP_HIT,0.0728
92,TRUMP_USDT,SHORT,EMACrossover(5/13-SHORT),2,0.2,1.574,1.572,1.572,1.579,2026-07-26 12:19:59 UTC,2026-07-26 12:20:32 UTC,32.25,0.3148,0.0042,0.0,0.0004,0.04,9.53,MIN_PROFIT_TP_HIT,0.0732
93,TRUMP_USDT,LONG,EMACrossover(5/13-LONG),2,0.2,1.574,1.569,1.576,1.569,2026-07-26 12:54:59 UTC,2026-07-26 12:59:18 UTC,258.43,0.3148,0.0042,0.0,-0.001,-0.09,-23.82,STOP_LOSS_HIT,0.0722
94,TRUMP_USDT,LONG,EMACrossover(5/13-LONG),2,0.2,1.569,1.571,1.571,1.564,2026-07-26 13:18:59 UTC,2026-07-26 13:19:05 UTC,5.94,0.3138,0.0042,0.0,0.0004,0.04,9.56,MIN_PROFIT_TP_HIT,0.0726
95,TRUMP_USDT,SHORT,EMACrossover(5/13-SHORT),2,0.2,1.567,1.565,1.565,1.572,2026-07-26 13:28:59 UTC,2026-07-26 13:30:56 UTC,116.08,0.3134,0.0042,0.0,0.0004,0.04,9.57,MIN_PROFIT_TP_HIT,0.073
96,TRUMP_USDT,LONG,EMACrossover(5/13-LONG),2,0.2,1.568,1.57,1.57,1.563,2026-07-26 13:41:59 UTC,2026-07-26 13:49:34 UTC,454.18,0.3136,0.0042,0.0,0.0004,0.04,9.57,MIN_PROFIT_TP_HIT,0.0734
97,TRUMP_USDT,SHORT,EMACrossover(5/13-SHORT),2,0.2,1.569,1.567,1.567,1.574,2026-07-26 13:59:59 UTC,2026-07-26 14:01:12 UTC,72.46,0.3138,0.0042,0.0,0.0004,0.04,9.56,MIN_PROFIT_TP_HIT,0.0738
98,TRUMP_USDT,LONG,EMACrossover(5/13-LONG),2,0.2,1.571,1.573,1.573,1.566,2026-07-26 14:06:59 UTC,2026-07-26 14:07:39 UTC,39.62,0.3142,0.0042,0.0,0.0004,0.04,9.55,MIN_PROFIT_TP_HIT,0.0742
99,TRUMP_USDT,SHORT,EMACrossover(5/13-SHORT),2,0.2,1.571,1.576,1.569,1.576,2026-07-26 14:23:59 UTC,2026-07-26 14:33:30 UTC,570.59,0.3142,0.0042,0.0,-0.001,-0.09,-23.87,STOP_LOSS_HIT,0.0732
100,TRUMP_USDT,SHORT,EMACrossover(5/13-SHORT),2,0.2,1.573,1.571,1.571,1.578,2026-07-26 14:42:59 UTC,2026-07-26 14:43:20 UTC,20.46,0.3146,0.0042,0.0,0.0004,0.04,9.54,MIN_PROFIT_TP_HIT,0.0736
101,TRUMP_USDT,LONG,EMACrossover(5/13-LONG),2,0.2,1.574,1.569,1.576,1.569,2026-07-26 14:48:59 UTC,2026-07-26 15:02:58 UTC,838.35,0.3148,0.0042,0.0,-0.001,-0.09,-23.82,STOP_LOSS_HIT,0.0726
102,TRUMP_USDT,LONG,EMACrossover(5/13-LONG),2,0.2,1.572,1.574,1.574,1.567,2026-07-26 15:10:59 UTC,2026-07-26 15:13:53 UTC,173.56,0.3144,0.0042,0.0,0.0004,0.04,9.54,MIN_PROFIT_TP_HIT,0.073
103,TRUMP_USDT,SHORT,EMACrossover(5/13-SHORT),2,0.2,1.577,1.575,1.575,1.582,2026-07-26 15:31:59 UTC,2026-07-26 15:40:48 UTC,528.06,0.3154,0.0042,0.0,0.0004,0.04,9.51,MIN_PROFIT_TP_HIT,0.0734
104,TRUMP_USDT,SHORT,EMACrossover(5/13-SHORT),2,0.2,1.577,1.575,1.575,1.582,2026-07-26 15:41:59 UTC,2026-07-26 16:03:58 UTC,1318.62,0.3154,0.0042,0.0,0.0004,0.04,9.51,MIN_PROFIT_TP_HIT,0.0738
105,TRUMP_USDT,LONG,EMACrossover(5/13-LONG),2,0.2,1.576,1.578,1.578,1.571,2026-07-26 16:17:59 UTC,2026-07-26 16:18:37 UTC,37.44,0.3152,0.0042,0.0,0.0004,0.04,9.52,MIN_PROFIT_TP_HIT,0.0742
106,TRUMP_USDT,SHORT,EMACrossover(5/13-SHORT),2,0.2,1.58,1.578,1.578,1.585,2026-07-26 16:59:59 UTC,2026-07-26 17:01:02 UTC,62.04,0.316,0.0042,0.0,0.0004,0.04,9.49,MIN_PROFIT_TP_HIT,0.0746
107,TRUMP_USDT,LONG,EMACrossover(5/13-LONG),2,0.2,1.58,1.582,1.582,1.575,2026-07-26 17:04:59 UTC,2026-07-26 17:45:04 UTC,2404.04,0.316,0.0042,0.0,0.0004,0.04,9.49,MIN_PROFIT_TP_HIT,0.075
108,TRUMP_USDT,SHORT,EMACrossover(5/13-SHORT),2,0.2,1.581,1.586,1.579,1.586,2026-07-26 18:00:59 UTC,2026-07-26 18:13:07 UTC,727.61,0.3162,0.0042,0.0,-0.001,-0.09,-23.72,STOP_LOSS_HIT,0.074
109,TRUMP_USDT,SHORT,EMACrossover(5/13-SHORT),2,0.2,1.586,1.584,1.584,1.591,2026-07-26 18:20:59 UTC,2026-07-26 18:24:14 UTC,194.8,0.3172,0.0042,0.0,0.0004,0.04,9.46,MIN_PROFIT_TP_HIT,0.0744
110,TRUMP_USDT,SHORT,EMACrossover(5/13-SHORT),2,0.2,1.583,1.581,1.581,1.588,2026-07-26 18:25:59 UTC,2026-07-26 19:10:51 UTC,2691.14,0.3166,0.0042,0.0,0.0004,0.04,9.48,MIN_PROFIT_TP_HIT,0.0748
111,TRUMP_USDT,LONG,EMACrossover(5/13-LONG),2,0.2,1.583,1.585,1.585,1.578,2026-07-26 19:23:59 UTC,2026-07-26 19:32:20 UTC,500.84,0.3166,0.0042,0.0,0.0004,0.04,9.48,MIN_PROFIT_TP_HIT,0.0752
112,TRUMP_USDT,SHORT,EMACrossover(5/13-SHORT),2,0.2,1.584,1.582,1.582,1.589,2026-07-26 19:44:59 UTC,2026-07-26 19:54:56 UTC,596.26,0.3168,0.0042,0.0,0.0004,0.04,9.47,MIN_PROFIT_TP_HIT,0.0756
113,TRUMP_USDT,SHORT,EMACrossover(5/13-SHORT),2,0.2,1.582,1.587,1.58,1.587,2026-07-26 19:55:59 UTC,2026-07-26 20:14:16 UTC,1096.34,0.3164,0.0042,0.0,-0.001,-0.09,-23.7,STOP_LOSS_HIT,0.0746
114,TRUMP_USDT,SHORT,EMACrossover(5/13-SHORT),2,0.2,1.586,1.591,1.584,1.591,2026-07-26 20:33:59 UTC,2026-07-26 20:40:54 UTC,414.44,0.3172,0.0042,0.0,-0.001,-0.09,-23.64,STOP_LOSS_HIT,0.0736
115,TRUMP_USDT,SHORT,EMACrossover(5/13-SHORT),2,0.2,1.589,1.587,1.587,1.594,2026-07-26 20:51:59 UTC,2026-07-26 21:03:36 UTC,696.01,0.3178,0.0042,0.0,0.0004,0.04,9.44,MIN_PROFIT_TP_HIT,0.074
116,TRUMP_USDT,LONG,EMACrossover(5/13-LONG),2,0.2,1.588,1.59,1.59,1.583,2026-07-26 21:21:59 UTC,2026-07-26 21:25:00 UTC,180.14,0.3176,0.0042,0.0,0.0004,0.04,9.45,MIN_PROFIT_TP_HIT,0.0744
117,TRUMP_USDT,SHORT,EMACrossover(5/13-SHORT),2,0.2,1.59,1.588,1.588,1.595,2026-07-26 21:33:59 UTC,2026-07-26 21:40:00 UTC,360.37,0.318,0.0042,0.0,0.0004,0.04,9.43,MIN_PROFIT_TP_HIT,0.0748
118,TRUMP_USDT,SHORT,EMACrossover(5/13-SHORT),2,0.2,1.587,1.592,1.585,1.592,2026-07-26 21:41:59 UTC,2026-07-26 22:00:11 UTC,1091.92,0.3174,0.0042,0.0,-0.001,-0.09,-23.63,STOP_LOSS_HIT,0.0738
119,TRUMP_USDT,LONG,EMACrossover(5/13-LONG),2,0.2,1.594,1.596,1.596,1.589,2026-07-26 22:01:59 UTC,2026-07-26 22:02:24 UTC,24.84,0.3188,0.0043,0.0,0.0004,0.04,9.41,MIN_PROFIT_TP_HIT,0.0742
120,TRUMP_USDT,SHORT,EMACrossover(5/13-SHORT),2,0.2,1.593,1.598,1.591,1.598,2026-07-26 22:26:59 UTC,2026-07-26 22:32:32 UTC,332.69,0.3186,0.0042,0.0,-0.001,-0.09,-23.54,STOP_LOSS_HIT,0.0732
121,TRUMP_USDT,LONG,EMACrossover(5/13-LONG),2,0.2,1.598,1.6,1.6,1.593,2026-07-26 22:33:59 UTC,2026-07-26 23:00:06 UTC,1566.68,0.3196,0.0043,0.0,0.0004,0.04,9.39,MIN_PROFIT_TP_HIT,0.0736
122,TRUMP_USDT,SHORT,EMACrossover(5/13-SHORT),2,0.2,1.597,1.595,1.595,1.602,2026-07-26 23:14:59 UTC,2026-07-26 23:19:15 UTC,255.4,0.3194,0.0043,0.0,0.0004,0.04,9.39,MIN_PROFIT_TP_HIT,0.074
123,TRUMP_USDT,LONG,EMACrossover(5/13-LONG),2,0.2,1.597,1.599,1.599,1.592,2026-07-26 23:34:59 UTC,2026-07-26 23:46:44 UTC,704.49,0.3194,0.0043,0.0,0.0004,0.04,9.39,MIN_PROFIT_TP_HIT,0.0744
124,TRUMP_USDT,SHORT,EMACrossover(5/13-SHORT),2,0.2,1.597,1.595,1.595,1.602,2026-07-26 23:54:59 UTC,2026-07-26 23:55:46 UTC,46.82,0.3194,0.0043,0.0,0.0004,0.04,9.39,MIN_PROFIT_TP_HIT,0.0748
125,TRUMP_USDT,LONG,EMACrossover(5/13-LONG),2,0.2,1.598,1.593,1.6,1.593,2026-07-27 00:01:59 UTC,2026-07-27 00:06:43 UTC,283.4,0.3196,0.0043,0.0,-0.001,-0.09,-23.47,STOP_LOSS_HIT,0.0738
126,TRUMP_USDT,LONG,EMACrossover(5/13-LONG),2,0.2,1.595,1.59,1.597,1.59,2026-07-27 00:14:59 UTC,2026-07-27 00:19:38 UTC,278.1,0.319,0.0043,0.0,-0.001,-0.09,-23.51,STOP_LOSS_HIT,0.0728
127,TRUMP_USDT,LONG,EMACrossover(5/13-LONG),2,0.2,1.594,1.589,1.596,1.589,2026-07-27 00:34:59 UTC,2026-07-27 00:45:02 UTC,602.07,0.3188,0.0043,0.0,-0.001,-0.09,-23.53,STOP_LOSS_HIT,0.0718
128,TRUMP_USDT,LONG,EMACrossover(5/13-LONG),2,0.2,1.592,1.587,1.594,1.587,2026-07-27 00:50:59 UTC,2026-07-27 00:56:29 UTC,329.04,0.3184,0.0042,0.0,-0.001,-0.09,-23.56,STOP_LOSS_HIT,0.0708
129,TRUMP_USDT,LONG,EMACrossover(5/13-LONG),2,0.2,1.592,1.587,1.594,1.587,2026-07-27 01:07:59 UTC,2026-07-27 01:26:27 UTC,1107.51,0.3184,0.0042,0.0,-0.001,-0.09,-23.56,STOP_LOSS_HIT,0.0698
130,TRUMP_USDT,SHORT,EMACrossover(5/13-SHORT),2,0.2,1.588,1.586,1.586,1.593,2026-07-27 01:27:59 UTC,2026-07-27 01:35:02 UTC,422.16,0.3176,0.0042,0.0,0.0004,0.04,9.45,MIN_PROFIT_TP_HIT,0.0702
131,TRUMP_USDT,LONG,EMACrossover(5/13-LONG),2,0.2,1.59,1.592,1.592,1.585,2026-07-27 01:39:59 UTC,2026-07-27 01:41:03 UTC,63.18,0.318,0.0042,0.0,0.0004,0.04,9.43,MIN_PROFIT_TP_HIT,0.0706
132,TRUMP_USDT,SHORT,EMACrossover(5/13-SHORT),2,0.2,1.593,1.591,1.591,1.598,2026-07-27 02:01:59 UTC,2026-07-27 02:02:06 UTC,6.84,0.3186,0.0042,0.0,0.0004,0.04,9.42,MIN_PROFIT_TP_HIT,0.071
133,TRUMP_USDT,SHORT,EMACrossover(5/13-SHORT),2,0.2,1.591,1.589,1.589,1.596,2026-07-27 02:05:59 UTC,2026-07-27 02:06:33 UTC,33.49,0.3182,0.0042,0.0,0.0004,0.04,9.43,MIN_PROFIT_TP_HIT,0.0714
134,TRUMP_USDT,LONG,EMACrossover(5/13-LONG),2,0.2,1.592,1.587,1.594,1.587,2026-07-27 02:12:59 UTC,2026-07-27 02:24:00 UTC,660.71,0.3184,0.0042,0.0,-0.001,-0.09,-23.56,STOP_LOSS_HIT,0.0704
135,TRUMP_USDT,LONG,EMACrossover(5/13-LONG),2,0.2,1.59,1.592,1.592,1.585,2026-07-27 02:39:59 UTC,2026-07-27 02:41:38 UTC,98.77,0.318,0.0042,0.0,0.0004,0.04,9.43,MIN_PROFIT_TP_HIT,0.0708
136,TRUMP_USDT,SHORT,EMACrossover(5/13-SHORT),2,0.2,1.59,1.595,1.588,1.595,2026-07-27 02:53:59 UTC,2026-07-27 03:02:21 UTC,501.67,0.318,0.0042,0.0,-0.001,-0.09,-23.58,STOP_LOSS_HIT,0.0698
137,TRUMP_USDT,SHORT,EMACrossover(5/13-SHORT),2,0.2,1.592,1.59,1.59,1.597,2026-07-27 03:05:59 UTC,2026-07-27 03:07:11 UTC,71.47,0.3184,0.0042,0.0,0.0004,0.04,9.42,MIN_PROFIT_TP_HIT,0.0702
138,TRUMP_USDT,LONG,EMACrossover(5/13-LONG),2,0.2,1.593,1.588,1.595,1.588,2026-07-27 03:17:59 UTC,2026-07-27 03:50:42 UTC,1962.29,0.3186,0.0042,0.0,-0.001,-0.09,-23.54,STOP_LOSS_HIT,0.0692
139,TRUMP_USDT,LONG,EMACrossover(5/13-LONG),2,0.2,1.59,1.592,1.592,1.585,2026-07-27 03:59:59 UTC,2026-07-27 04:03:34 UTC,214.89,0.318,0.0042,0.0,0.0004,0.04,9.43,MIN_PROFIT_TP_HIT,0.0696
140,TRUMP_USDT,SHORT,EMACrossover(5/13-SHORT),2,0.2,1.588,1.593,1.586,1.593,2026-07-27 04:11:59 UTC,2026-07-27 04:19:02 UTC,422.75,0.3176,0.0042,0.0,-0.001,-0.09,-23.61,STOP_LOSS_HIT,0.0686
141,TRUMP_USDT,SHORT,EMACrossover(5/13-SHORT),2,0.2,1.59,1.588,1.588,1.595,2026-07-27 04:28:59 UTC,2026-07-27 04:30:27 UTC,87.08,0.318,0.0042,0.0,0.0004,0.04,9.43,MIN_PROFIT_TP_HIT,0.069
142,TRUMP_USDT,LONG,EMACrossover(5/13-LONG),2,0.2,1.59,1.592,1.592,1.585,2026-07-27 04:43:59 UTC,2026-07-27 05:10:33 UTC,1593.3,0.318,0.0042,0.0,0.0004,0.04,9.43,MIN_PROFIT_TP_HIT,0.0694
143,TRUMP_USDT,SHORT,EMACrossover(5/13-SHORT),2,0.2,1.592,1.59,1.59,1.597,2026-07-27 05:26:59 UTC,2026-07-27 05:28:23 UTC,83.96,0.3184,0.0042,0.0,0.0004,0.04,9.42,MIN_PROFIT_TP_HIT,0.0698
144,TRUMP_USDT,LONG,EMACrossover(5/13-LONG),2,0.2,1.591,1.593,1.593,1.586,2026-07-27 05:56:59 UTC,2026-07-27 05:57:52 UTC,52.05,0.3182,0.0042,0.0,0.0004,0.04,9.43,MIN_PROFIT_TP_HIT,0.0702
145,TRUMP_USDT,SHORT,EMACrossover(5/13-SHORT),2,0.2,1.596,1.594,1.594,1.601,2026-07-27 06:18:59 UTC,2026-07-27 06:27:23 UTC,503.35,0.3192,0.0043,0.0,0.0004,0.04,9.4,MIN_PROFIT_TP_HIT,0.0706
146,TRUMP_USDT,LONG,EMACrossover(5/13-LONG),2,0.2,1.596,1.598,1.598,1.591,2026-07-27 06:36:59 UTC,2026-07-27 06:37:04 UTC,4.21,0.3192,0.0043,0.0,0.0004,0.04,9.4,MIN_PROFIT_TP_HIT,0.071
147,TRUMP_USDT,SHORT,EMACrossover(5/13-SHORT),2,0.2,1.593,1.591,1.591,1.598,2026-07-27 06:41:59 UTC,2026-07-27 06:45:24 UTC,204.4,0.3186,0.0042,0.0,0.0004,0.04,9.42,MIN_PROFIT_TP_HIT,0.0714
148,TRUMP_USDT,LONG,EMACrossover(5/13-LONG),2,0.2,1.588,1.59,1.59,1.583,2026-07-27 07:18:59 UTC,2026-07-27 07:20:55 UTC,115.5,0.3176,0.0042,0.0,0.0004,0.04,9.45,MIN_PROFIT_TP_HIT,0.0718
149,TRUMP_USDT,LONG,EMACrossover(5/13-LONG),2,0.2,1.59,1.585,1.592,1.585,2026-07-27 07:21:59 UTC,2026-07-27 07:31:36 UTC,576.08,0.318,0.0042,0.0,-0.001,-0.09,-23.58,STOP_LOSS_HIT,0.0708
150,TRUMP_USDT,LONG,EMACrossover(5/13-LONG),2,0.2,1.587,1.582,1.589,1.582,2026-07-27 07:48:59 UTC,2026-07-27 07:59:46 UTC,646.99,0.3174,0.0042,0.0,-0.001,-0.09,-23.63,STOP_LOSS_HIT,0.0698
151,TRUMP_USDT,LONG,EMACrossover(5/13-LONG),2,0.2,1.585,1.58,1.587,1.58,2026-07-27 08:18:59 UTC,2026-07-27 08:35:04 UTC,964.49,0.317,0.0042,0.0,-0.001,-0.09,-23.66,STOP_LOSS_HIT,0.0688
152,TRUMP_USDT,LONG,EMACrossover(5/13-LONG),2,0.2,1.58,1.575,1.582,1.575,2026-07-27 08:50:59 UTC,2026-07-27 09:00:25 UTC,565.08,0.316,0.0042,0.0,-0.001,-0.09,-23.73,STOP_LOSS_HIT,0.0678
153,TRUMP_USDT,SHORT,EMACrossover(5/13-SHORT),2,0.2,1.575,1.58,1.573,1.58,2026-07-27 09:01:59 UTC,2026-07-27 09:26:14 UTC,1454.21,0.315,0.0042,0.0,-0.001,-0.09,-23.81,STOP_LOSS_HIT,0.0668
154,TRUMP_USDT,SHORT,EMACrossover(5/13-SHORT),2,0.2,1.578,1.576,1.576,1.583,2026-07-27 09:43:59 UTC,2026-07-27 09:57:40 UTC,820.28,0.3156,0.0042,0.0,0.0004,0.04,9.51,MIN_PROFIT_TP_HIT,0.0672
155,TRUMP_USDT,LONG,EMACrossover(5/13-LONG),2,0.2,1.579,1.581,1.581,1.574,2026-07-27 10:04:59 UTC,2026-07-27 10:22:20 UTC,1040.61,0.3158,0.0042,0.0,0.0004,0.04,9.5,MIN_PROFIT_TP_HIT,0.0676
156,TRUMP_USDT,SHORT,EMACrossover(5/13-SHORT),2,0.2,1.583,1.581,1.581,1.588,2026-07-27 10:51:59 UTC,2026-07-27 11:00:04 UTC,484.4,0.3166,0.0042,0.0,0.0004,0.04,9.48,MIN_PROFIT_TP_HIT,0.068
157,TRUMP_USDT,LONG,EMACrossover(5/13-LONG),2,0.2,1.582,1.584,1.584,1.577,2026-07-27 11:09:59 UTC,2026-07-27 11:11:30 UTC,90.78,0.3164,0.0042,0.0,0.0004,0.04,9.48,MIN_PROFIT_TP_HIT,0.0684
158,TRUMP_USDT,SHORT,EMACrossover(5/13-SHORT),2,0.2,1.582,1.58,1.58,1.587,2026-07-27 11:21:59 UTC,2026-07-27 11:23:20 UTC,80.06,0.3164,0.0042,0.0,0.0004,0.04,9.48,MIN_PROFIT_TP_HIT,0.0688
159,TRUMP_USDT,LONG,EMACrossover(5/13-LONG),2,0.2,1.583,1.585,1.585,1.578,2026-07-27 11:32:59 UTC,2026-07-27 11:38:58 UTC,358.12,0.3166,0.0042,0.0,0.0004,0.04,9.48,MIN_PROFIT_TP_HIT,0.0692
160,TRUMP_USDT,SHORT,EMACrossover(5/13-SHORT),2,0.2,1.583,1.581,1.581,1.588,2026-07-27 11:46:59 UTC,2026-07-27 11:51:22 UTC,262.65,0.3166,0.0042,0.0,0.0004,0.04,9.48,MIN_PROFIT_TP_HIT,0.0696
161,TRUMP_USDT,LONG,EMACrossover(5/13-LONG),2,0.2,1.58,1.582,1.582,1.575,2026-07-27 12:06:59 UTC,2026-07-27 12:07:24 UTC,24.13,0.316,0.0042,0.0,0.0004,0.04,9.49,MIN_PROFIT_TP_HIT,0.07
162,TRUMP_USDT,SHORT,EMACrossover(5/13-SHORT),2,0.2,1.578,1.576,1.576,1.583,2026-07-27 12:12:59 UTC,2026-07-27 12:13:21 UTC,21.46,0.3156,0.0042,0.0,0.0004,0.04,9.51,MIN_PROFIT_TP_HIT,0.0704
163,TRUMP_USDT,LONG,EMACrossover(5/13-LONG),2,0.2,1.579,1.581,1.581,1.574,2026-07-27 12:41:59 UTC,2026-07-27 12:42:42 UTC,42.82,0.3158,0.0042,0.0,0.0004,0.04,9.5,MIN_PROFIT_TP_HIT,0.0708
164,TRUMP_USDT,SHORT,EMACrossover(5/13-SHORT),2,0.2,1.582,1.58,1.58,1.587,2026-07-27 13:07:59 UTC,2026-07-27 13:10:29 UTC,149.4,0.3164,0.0042,0.0,0.0004,0.04,9.48,MIN_PROFIT_TP_HIT,0.0712
165,TRUMP_USDT,LONG,EMACrossover(5/13-LONG),2,0.2,1.577,1.579,1.579,1.572,2026-07-27 13:32:59 UTC,2026-07-27 13:33:23 UTC,23.56,0.3154,0.0042,0.0,0.0004,0.04,9.51,MIN_PROFIT_TP_HIT,0.0716
166,TRUMP_USDT,LONG,EMACrossover(5/13-LONG),2,0.2,1.583,1.585,1.585,1.578,2026-07-27 13:35:59 UTC,2026-07-27 13:36:43 UTC,43.67,0.3166,0.0042,0.0,0.0004,0.04,9.48,MIN_PROFIT_TP_HIT,0.072
167,TRUMP_USDT,SHORT,EMACrossover(5/13-SHORT),2,0.2,1.588,1.586,1.586,1.593,2026-07-27 13:55:59 UTC,2026-07-27 13:56:15 UTC,15.51,0.3176,0.0042,0.0,0.0004,0.04,9.45,MIN_PROFIT_TP_HIT,0.0724
168,TRUMP_USDT,LONG,EMACrossover(5/13-LONG),2,0.2,1.554,1.549,1.556,1.549,2026-07-27 14:57:59 UTC,2026-07-27 15:01:08 UTC,188.59,0.3108,0.0041,0.0,-0.001,-0.09,-24.13,STOP_LOSS_HIT,0.0714
169,TRUMP_USDT,SHORT,EMACrossover(5/13-SHORT),2,0.2,1.553,1.551,1.551,1.558,2026-07-27 15:02:59 UTC,2026-07-27 15:08:40 UTC,340.49,0.3106,0.0041,0.0,0.0004,0.04,9.66,MIN_PROFIT_TP_HIT,0.0718
170,TRUMP_USDT,SHORT,EMACrossover(5/13-SHORT),2,0.2,1.551,1.549,1.549,1.556,2026-07-27 15:09:59 UTC,2026-07-27 15:10:15 UTC,15.4,0.3102,0.0041,0.0,0.0004,0.04,9.67,MIN_PROFIT_TP_HIT,0.0722
171,TRUMP_USDT,LONG,EMACrossover(5/13-LONG),2,0.2,1.553,1.548,1.555,1.548,2026-07-27 15:14:59 UTC,2026-07-27 15:23:10 UTC,490.19,0.3106,0.0041,0.0,-0.001,-0.09,-24.15,STOP_LOSS_HIT,0.0712
172,TRUMP_USDT,LONG,EMACrossover(5/13-LONG),2,0.2,1.55,1.545,1.552,1.545,2026-07-27 15:31:59 UTC,2026-07-27 15:35:18 UTC,198.74,0.31,0.0041,0.0,-0.001,-0.09,-24.19,STOP_LOSS_HIT,0.0702
173,TRUMP_USDT,LONG,EMACrossover(5/13-LONG),2,0.2,1.541,1.543,1.543,1.536,2026-07-27 16:07:59 UTC,2026-07-27 16:08:52 UTC,52.27,0.3082,0.0041,0.0,0.0004,0.04,9.73,MIN_PROFIT_TP_HIT,0.0706
174,TRUMP_USDT,SHORT,EMACrossover(5/13-SHORT),2,0.2,1.552,1.55,1.55,1.557,2026-07-27 16:47:59 UTC,2026-07-27 16:53:28 UTC,328.14,0.3104,0.0041,0.0,0.0004,0.04,9.66,MIN_PROFIT_TP_HIT,0.071
175,TRUMP_USDT,LONG,EMACrossover(5/13-LONG),2,0.2,1.556,1.558,1.558,1.551,2026-07-27 16:56:59 UTC,2026-07-27 16:57:53 UTC,53.92,0.3112,0.0041,0.0,0.0004,0.04,9.64,MIN_PROFIT_TP_HIT,0.0714
176,TRUMP_USDT,SHORT,EMACrossover(5/13-SHORT),2,0.2,1.555,1.553,1.553,1.56,2026-07-27 17:12:59 UTC,2026-07-27 17:15:05 UTC,125.08,0.311,0.0041,0.0,0.0004,0.04,9.65,MIN_PROFIT_TP_HIT,0.0718
177,TRUMP_USDT,LONG,EMACrossover(5/13-LONG),2,0.2,1.557,1.559,1.559,1.552,2026-07-27 17:21:59 UTC,2026-07-27 17:34:09 UTC,729.68,0.3114,0.0042,0.0,0.0004,0.04,9.63,MIN_PROFIT_TP_HIT,0.0722
178,TRUMP_USDT,SHORT,EMACrossover(5/13-SHORT),2,0.2,1.554,1.552,1.552,1.559,2026-07-27 17:39:59 UTC,2026-07-27 17:43:01 UTC,181.89,0.3108,0.0041,0.0,0.0004,0.04,9.65,MIN_PROFIT_TP_HIT,0.0726
179,TRUMP_USDT,LONG,EMACrossover(5/13-LONG),2,0.2,1.553,1.555,1.555,1.548,2026-07-27 17:57:59 UTC,2026-07-27 17:59:47 UTC,107.1,0.3106,0.0041,0.0,0.0004,0.04,9.66,MIN_PROFIT_TP_HIT,0.073
180,TRUMP_USDT,SHORT,EMACrossover(5/13-SHORT),2,0.2,1.553,1.551,1.551,1.558,2026-07-27 18:06:59 UTC,2026-07-27 18:15:35 UTC,515.24,0.3106,0.0041,0.0,0.0004,0.04,9.66,MIN_PROFIT_TP_HIT,0.0734
181,TRUMP_USDT,SHORT,EMACrossover(5/13-SHORT),2,0.2,1.552,1.55,1.55,1.557,2026-07-27 18:16:59 UTC,2026-07-27 18:23:21 UTC,381.29,0.3104,0.0041,0.0,0.0004,0.04,9.66,MIN_PROFIT_TP_HIT,0.0738
182,TRUMP_USDT,LONG,EMACrossover(5/13-LONG),2,0.2,1.556,1.558,1.558,1.551,2026-07-27 18:26:59 UTC,2026-07-27 18:27:37 UTC,37.8,0.3112,0.0041,0.0,0.0004,0.04,9.64,MIN_PROFIT_TP_HIT,0.0742
183,TRUMP_USDT,SHORT,EMACrossover(5/13-SHORT),2,0.2,1.549,1.547,1.547,1.554,2026-07-27 18:32:59 UTC,2026-07-27 18:33:08 UTC,8.41,0.3098,0.0041,0.0,0.0004,0.04,9.68,MIN_PROFIT_TP_HIT,0.0746
184,TRUMP_USDT,LONG,EMACrossover(5/13-LONG),2,0.2,1.546,1.548,1.548,1.541,2026-07-27 18:54:59 UTC,2026-07-27 18:55:07 UTC,7.03,0.3092,0.0041,0.0,0.0004,0.04,9.7,MIN_PROFIT_TP_HIT,0.075
185,TRUMP_USDT,SHORT,EMACrossover(5/13-SHORT),2,0.2,1.545,1.55,1.543,1.55,2026-07-27 19:06:59 UTC,2026-07-27 19:12:18 UTC,318.11,0.309,0.0041,0.0,-0.001,-0.09,-24.27,STOP_LOSS_HIT,0.074
186,TRUMP_USDT,SHORT,EMACrossover(5/13-SHORT),2,0.2,1.548,1.553,1.546,1.553,2026-07-27 19:25:59 UTC,2026-07-27 19:55:46 UTC,1786.63,0.3096,0.0041,0.0,-0.001,-0.09,-24.22,STOP_LOSS_HIT,0.073
187,TRUMP_USDT,SHORT,EMACrossover(5/13-SHORT),2,0.2,1.551,1.549,1.549,1.556,2026-07-27 20:07:59 UTC,2026-07-27 20:11:12 UTC,192.18,0.3102,0.0041,0.0,0.0004,0.04,9.67,MIN_PROFIT_TP_HIT,0.0734
188,TRUMP_USDT,LONG,EMACrossover(5/13-LONG),2,0.2,1.553,1.555,1.555,1.548,2026-07-27 20:26:59 UTC,2026-07-27 20:30:28 UTC,208.15,0.3106,0.0041,0.0,0.0004,0.04,9.66,MIN_PROFIT_TP_HIT,0.0738
189,TRUMP_USDT,SHORT,EMACrossover(5/13-SHORT),2,0.2,1.555,1.553,1.553,1.56,2026-07-27 20:46:59 UTC,2026-07-27 21:25:28 UTC,2308.45,0.311,0.0041,0.0,0.0004,0.04,9.65,MIN_PROFIT_TP_HIT,0.0742
190,TRUMP_USDT,LONG,EMACrossover(5/13-LONG),2,0.2,1.552,1.554,1.554,1.547,2026-07-27 21:43:59 UTC,2026-07-27 21:44:40 UTC,40.16,0.3104,0.0041,0.0,0.0004,0.04,9.66,MIN_PROFIT_TP_HIT,0.0746
191,TRUMP_USDT,SHORT,EMACrossover(5/13-SHORT),2,0.2,1.551,1.549,1.549,1.556,2026-07-27 22:03:59 UTC,2026-07-27 22:13:58 UTC,598.32,0.3102,0.0041,0.0,0.0004,0.04,9.67,MIN_PROFIT_TP_HIT,0.075
192,TRUMP_USDT,LONG,EMACrossover(5/13-LONG),2,0.2,1.552,1.547,1.554,1.547,2026-07-27 22:20:59 UTC,2026-07-27 22:26:06 UTC,306.2,0.3104,0.0041,0.0,-0.001,-0.09,-24.16,STOP_LOSS_HIT,0.074
193,TRUMP_USDT,LONG,EMACrossover(5/13-LONG),2,0.2,1.521,1.523,1.523,1.516,2026-07-27 23:15:59 UTC,2026-07-27 23:16:12 UTC,12.45,0.3042,0.0041,0.0,0.0004,0.04,9.86,MIN_PROFIT_TP_HIT,0.0744
194,TRUMP_USDT,SHORT,EMACrossover(5/13-SHORT),2,0.2,1.526,1.524,1.524,1.531,2026-07-27 23:33:59 UTC,2026-07-27 23:34:36 UTC,36.79,0.3052,0.0041,0.0,0.0004,0.04,9.83,MIN_PROFIT_TP_HIT,0.0748
195,TRUMP_USDT,LONG,EMACrossover(5/13-LONG),2,0.2,1.526,1.528,1.528,1.521,2026-07-27 23:39:59 UTC,2026-07-27 23:53:36 UTC,816.33,0.3052,0.0041,0.0,0.0004,0.04,9.83,MIN_PROFIT_TP_HIT,0.0752
196,TRUMP_USDT,SHORT,EMACrossover(5/13-SHORT),2,0.2,1.525,1.53,1.523,1.53,2026-07-28 00:08:59 UTC,2026-07-28 00:17:58 UTC,538.4,0.305,0.0041,0.0,-0.001,-0.09,-24.59,STOP_LOSS_HIT,0.0742
197,TRUMP_USDT,SHORT,EMACrossover(5/13-SHORT),2,0.2,1.527,1.525,1.525,1.532,2026-07-28 00:24:59 UTC,2026-07-28 00:25:17 UTC,17.9,0.3054,0.0041,0.0,0.0004,0.04,9.82,MIN_PROFIT_TP_HIT,0.0746
198,TRUMP_USDT,LONG,EMACrossover(5/13-LONG),2,0.2,1.526,1.528,1.528,1.521,2026-07-28 00:30:59 UTC,2026-07-28 00:33:25 UTC,145.43,0.3052,0.0041,0.0,0.0004,0.04,9.83,MIN_PROFIT_TP_HIT,0.075
199,TRUMP_USDT,LONG,EMACrossover(5/13-LONG),2,0.2,1.531,1.526,1.533,1.526,2026-07-28 00:35:59 UTC,2026-07-28 00:43:11 UTC,431.09,0.3062,0.0041,0.0,-0.001,-0.09,-24.49,STOP_LOSS_HIT,0.074
200,TRUMP_USDT,SHORT,EMACrossover(5/13-SHORT),2,0.2,1.526,1.524,1.524,1.531,2026-07-28 00:44:59 UTC,2026-07-28 00:48:34 UTC,214.94,0.3052,0.0041,0.0,0.0004,0.04,9.83,MIN_PROFIT_TP_HIT,0.0744
201,TRUMP_USDT,LONG,EMACrossover(5/13-LONG),2,0.2,1.523,1.518,1.525,1.518,2026-07-28 01:04:59 UTC,2026-07-28 01:05:16 UTC,16.59,0.3046,0.0041,0.0,-0.001,-0.09,-24.62,STOP_LOSS_HIT,0.0734
202,TRUMP_USDT,LONG,EMACrossover(5/13-LONG),2,0.2,1.513,1.515,1.515,1.508,2026-07-28 01:23:59 UTC,2026-07-28 01:24:03 UTC,3.56,0.3026,0.004,0.0,0.0004,0.04,9.91,MIN_PROFIT_TP_HIT,0.0738
203,TRUMP_USDT,LONG,EMACrossover(5/13-LONG),2,0.2,1.516,1.518,1.518,1.511,2026-07-28 01:26:59 UTC,2026-07-28 01:27:59 UTC,59.31,0.3032,0.004,0.0,0.0004,0.04,9.89,MIN_PROFIT_TP_HIT,0.0742
204,TRUMP_USDT,SHORT,EMACrossover(5/13-SHORT),2,0.2,1.516,1.514,1.514,1.521,2026-07-28 01:38:59 UTC,2026-07-28 01:39:04 UTC,4.59,0.3032,0.004,0.0,0.0004,0.04,9.89,MIN_PROFIT_TP_HIT,0.0746
205,TRUMP_USDT,LONG,EMACrossover(5/13-LONG),2,0.2,1.515,1.51,1.517,1.51,2026-07-28 01:48:59 UTC,2026-07-28 02:00:50 UTC,710.25,0.303,0.004,0.0,-0.001,-0.09,-24.75,STOP_LOSS_HIT,0.0736
206,TRUMP_USDT,LONG,EMACrossover(5/13-LONG),2,0.2,1.514,1.516,1.516,1.509,2026-07-28 02:08:59 UTC,2026-07-28 02:09:55 UTC,55.21,0.3028,0.004,0.0,0.0004,0.04,9.91,MIN_PROFIT_TP_HIT,0.074
207,TRUMP_USDT,SHORT,EMACrossover(5/13-SHORT),2,0.2,1.516,1.514,1.514,1.521,2026-07-28 02:32:59 UTC,2026-07-28 02:44:36 UTC,696.24,0.3032,0.004,0.0,0.0004,0.04,9.89,MIN_PROFIT_TP_HIT,0.0744
208,TRUMP_USDT,LONG,EMACrossover(5/13-LONG),2,0.2,1.516,1.518,1.518,1.511,2026-07-28 02:47:59 UTC,2026-07-28 02:49:49 UTC,109.37,0.3032,0.004,0.0,0.0004,0.04,9.89,MIN_PROFIT_TP_HIT,0.0748
209,TRUMP_USDT,LONG,EMACrossover(5/13-LONG),2,0.2,1.517,1.519,1.519,1.512,2026-07-28 02:50:59 UTC,2026-07-28 02:51:35 UTC,35.73,0.3034,0.004,0.0,0.0004,0.04,9.89,MIN_PROFIT_TP_HIT,0.0752
210,TRUMP_USDT,SHORT,EMACrossover(5/13-SHORT),2,0.2,1.519,1.517,1.517,1.524,2026-07-28 03:05:59 UTC,2026-07-28 03:09:37 UTC,217.69,0.3038,0.0041,0.0,0.0004,0.04,9.87,MIN_PROFIT_TP_HIT,0.0756
211,TRUMP_USDT,SHORT,EMACrossover(5/13-SHORT),2,0.2,1.517,1.522,1.515,1.522,2026-07-28 03:10:59 UTC,2026-07-28 03:19:29 UTC,509.65,0.3034,0.004,0.0,-0.001,-0.09,-24.72,STOP_LOSS_HIT,0.0746
212,TRUMP_USDT,SHORT,EMACrossover(5/13-SHORT),2,0.2,1.519,1.517,1.517,1.524,2026-07-28 03:26:59 UTC,2026-07-28 03:30:47 UTC,227.84,0.3038,0.0041,0.0,0.0004,0.04,9.87,MIN_PROFIT_TP_HIT,0.075
213,TRUMP_USDT,LONG,EMACrossover(5/13-LONG),2,0.2,1.519,1.521,1.521,1.514,2026-07-28 03:34:59 UTC,2026-07-28 03:38:12 UTC,192.69,0.3038,0.0041,0.0,0.0004,0.04,9.87,MIN_PROFIT_TP_HIT,0.0754
214,TRUMP_USDT,SHORT,EMACrossover(5/13-SHORT),2,0.2,1.519,1.517,1.517,1.524,2026-07-28 03:39:59 UTC,2026-07-28 04:04:13 UTC,1453.12,0.3038,0.0041,0.0,0.0004,0.04,9.87,MIN_PROFIT_TP_HIT,0.0758
215,TRUMP_USDT,LONG,EMACrossover(5/13-LONG),2,0.2,1.519,1.514,1.521,1.514,2026-07-28 04:11:59 UTC,2026-07-28 04:38:01 UTC,1561.48,0.3038,0.0041,0.0,-0.001,-0.09,-24.69,STOP_LOSS_HIT,0.0748
216,TRUMP_USDT,LONG,EMACrossover(5/13-LONG),2,0.2,1.518,1.52,1.52,1.513,2026-07-28 04:46:59 UTC,2026-07-28 04:52:21 UTC,321.58,0.3036,0.004,0.0,0.0004,0.04,9.88,MIN_PROFIT_TP_HIT,0.0752
217,TRUMP_USDT,SHORT,EMACrossover(5/13-SHORT),2,0.2,1.521,1.519,1.519,1.526,2026-07-28 05:14:59 UTC,2026-07-28 05:22:56 UTC,476.72,0.3042,0.0041,0.0,0.0004,0.04,9.86,MIN_PROFIT_TP_HIT,0.0756
218,TRUMP_USDT,SHORT,EMACrossover(5/13-SHORT),2,0.2,1.519,1.517,1.517,1.524,2026-07-28 05:23:59 UTC,2026-07-28 05:25:17 UTC,77.4,0.3038,0.0041,0.0,0.0004,0.04,9.87,MIN_PROFIT_TP_HIT,0.076
219,TRUMP_USDT,LONG,EMACrossover(5/13-LONG),2,0.2,1.516,1.511,1.518,1.511,2026-07-28 05:44:59 UTC,2026-07-28 05:59:01 UTC,841.76,0.3032,0.004,0.0,-0.001,-0.09,-24.74,STOP_LOSS_HIT,0.075
220,TRUMP_USDT,LONG,EMACrossover(5/13-LONG),2,0.2,1.506,1.508,1.508,1.501,2026-07-28 06:19:59 UTC,2026-07-28 06:22:01 UTC,121.8,0.3012,0.004,0.0,0.0004,0.04,9.96,MIN_PROFIT_TP_HIT,0.0754
221,TRUMP_USDT,SHORT,EMACrossover(5/13-SHORT),2,0.2,1.506,1.504,1.504,1.511,2026-07-28 06:47:59 UTC,2026-07-28 07:06:24 UTC,1104.85,0.3012,0.004,0.0,0.0004,0.04,9.96,MIN_PROFIT_TP_HIT,0.0758
222,TRUMP_USDT,LONG,EMACrossover(5/13-LONG),2,0.2,1.505,1.5,1.507,1.5,2026-07-28 07:16:59 UTC,2026-07-28 07:21:31 UTC,271.38,0.301,0.004,0.0,-0.001,-0.09,-24.92,STOP_LOSS_HIT,0.0748
223,TRUMP_USDT,LONG,EMACrossover(5/13-LONG),2,0.2,1.485,1.487,1.487,1.48,2026-07-28 07:58:59 UTC,2026-07-28 07:59:24 UTC,24.09,0.297,0.004,0.0,0.0004,0.04,10.1,MIN_PROFIT_TP_HIT,0.0752
224,TRUMP_USDT,SHORT,EMACrossover(5/13-SHORT),2,0.2,1.483,1.481,1.481,1.488,2026-07-28 08:05:59 UTC,2026-07-28 08:07:13 UTC,73.61,0.2966,0.004,0.0,0.0004,0.04,10.11,MIN_PROFIT_TP_HIT,0.0756
225,TRUMP_USDT,SHORT,EMACrossover(5/13-SHORT),2,0.2,1.481,1.479,1.479,1.486,2026-07-28 08:08:59 UTC,2026-07-28 08:15:09 UTC,369.53,0.2962,0.0039,0.0,0.0004,0.04,10.13,MIN_PROFIT_TP_HIT,0.076
226,TRUMP_USDT,LONG,EMACrossover(5/13-LONG),2,0.2,1.481,1.483,1.483,1.476,2026-07-28 08:25:59 UTC,2026-07-28 08:27:32 UTC,92.16,0.2962,0.0039,0.0,0.0004,0.04,10.13,MIN_PROFIT_TP_HIT,0.0764
227,TRUMP_USDT,SHORT,EMACrossover(5/13-SHORT),2,0.2,1.477,1.482,1.475,1.482,2026-07-28 08:33:59 UTC,2026-07-28 08:38:01 UTC,241.3,0.2954,0.0039,0.0,-0.001,-0.09,-25.39,STOP_LOSS_HIT,0.0754
228,TRUMP_USDT,LONG,EMACrossover(5/13-LONG),2,0.2,1.481,1.483,1.483,1.476,2026-07-28 08:44:59 UTC,2026-07-28 08:48:24 UTC,204.29,0.2962,0.0039,0.0,0.0004,0.04,10.13,MIN_PROFIT_TP_HIT,0.0758
229,TRUMP_USDT,SHORT,EMACrossover(5/13-SHORT),2,0.2,1.48,1.478,1.478,1.485,2026-07-28 08:58:59 UTC,2026-07-28 09:02:22 UTC,202.4,0.296,0.0039,0.0,0.0004,0.04,10.14,MIN_PROFIT_TP_HIT,0.0762
230,TRUMP_USDT,LONG,EMACrossover(5/13-LONG),2,0.2,1.483,1.478,1.485,1.478,2026-07-28 09:12:59 UTC,2026-07-28 09:15:08 UTC,128.79,0.2966,0.004,0.0,-0.001,-0.09,-25.29,STOP_LOSS_HIT,0.0752
231,TRUMP_USDT,SHORT,EMACrossover(5/13-SHORT),2,0.2,1.481,1.479,1.479,1.486,2026-07-28 09:29:59 UTC,2026-07-28 09:56:13 UTC,1573.92,0.2962,0.0039,0.0,0.0004,0.04,10.13,MIN_PROFIT_TP_HIT,0.0756
232,TRUMP_USDT,LONG,EMACrossover(5/13-LONG),2,0.2,1.482,1.477,1.484,1.477,2026-07-28 10:03:59 UTC,2026-07-28 10:09:28 UTC,328.43,0.2964,0.004,0.0,-0.001,-0.09,-25.3,STOP_LOSS_HIT,0.0746
233,TRUMP_USDT,LONG,EMACrossover(5/13-LONG),2,0.2,1.482,1.484,1.484,1.477,2026-07-28 10:17:59 UTC,2026-07-28 10:31:42 UTC,822.56,0.2964,0.004,0.0,0.0004,0.04,10.12,MIN_PROFIT_TP_HIT,0.075
234,TRUMP_USDT,SHORT,EMACrossover(5/13-SHORT),2,0.2,1.481,1.479,1.479,1.486,2026-07-28 10:40:59 UTC,2026-07-28 11:02:18 UTC,1278.22,0.2962,0.0039,0.0,0.0004,0.04,10.13,MIN_PROFIT_TP_HIT,0.0754
235,TRUMP_USDT,LONG,EMACrossover(5/13-LONG),2,0.2,1.486,1.488,1.488,1.481,2026-07-28 11:19:59 UTC,2026-07-28 11:20:03 UTC,3.8,0.2972,0.004,0.0,0.0004,0.04,10.09,MIN_PROFIT_TP_HIT,0.0758
236,TRUMP_USDT,SHORT,EMACrossover(5/13-SHORT),2,0.2,1.483,1.488,1.481,1.488,2026-07-28 11:30:59 UTC,2026-07-28 11:33:25 UTC,145.84,0.2966,0.004,0.0,-0.001,-0.09,-25.29,STOP_LOSS_HIT,0.0748
237,TRUMP_USDT,SHORT,EMACrossover(5/13-SHORT),2,0.2,1.486,1.491,1.484,1.491,2026-07-28 12:02:59 UTC,2026-07-28 12:06:03 UTC,183.34,0.2972,0.004,0.0,-0.001,-0.09,-25.24,STOP_LOSS_HIT,0.0738
238,TRUMP_USDT,SHORT,EMACrossover(5/13-SHORT),2,0.2,1.488,1.486,1.486,1.493,2026-07-28 12:14:59 UTC,2026-07-28 12:16:31 UTC,91.43,0.2976,0.004,0.0,0.0004,0.04,10.08,MIN_PROFIT_TP_HIT,0.0742
239,TRUMP_USDT,LONG,EMACrossover(5/13-LONG),2,0.2,1.487,1.489,1.489,1.482,2026-07-28 12:20:59 UTC,2026-07-28 12:21:50 UTC,50.27,0.2974,0.004,0.0,0.0004,0.04,10.09,MIN_PROFIT_TP_HIT,0.0746
240,TRUMP_USDT,LONG,EMACrossover(5/13-LONG),2,0.2,1.489,1.491,1.491,1.484,2026-07-28 12:25:59 UTC,2026-07-28 12:27:37 UTC,97.18,0.2978,0.004,0.0,0.0004,0.04,10.07,MIN_PROFIT_TP_HIT,0.075
241,TRUMP_USDT,SHORT,EMACrossover(5/13-SHORT),2,0.2,1.487,1.485,1.485,1.492,2026-07-28 12:34:59 UTC,2026-07-28 12:37:56 UTC,176.35,0.2974,0.004,0.0,0.0004,0.04,10.09,MIN_PROFIT_TP_HIT,0.0754
242,TRUMP_USDT,LONG,EMACrossover(5/13-LONG),2,0.2,1.49,1.485,1.492,1.485,2026-07-28 12:47:59 UTC,2026-07-28 13:26:06 UTC,2286.75,0.298,0.004,0.0,-0.001,-0.09,-25.17,STOP_LOSS_HIT,0.0744
243,TRUMP_USDT,LONG,EMACrossover(5/13-LONG),2,0.2,1.471,1.473,1.473,1.466,2026-07-28 13:53:59 UTC,2026-07-28 14:00:05 UTC,365.03,0.2942,0.0039,0.0,0.0004,0.04,10.2,MIN_PROFIT_TP_HIT,0.0748
244,TRUMP_USDT,LONG,EMACrossover(5/13-LONG),2,0.2,1.473,1.475,1.475,1.468,2026-07-28 14:01:59 UTC,2026-07-28 14:02:12 UTC,12.68,0.2946,0.0039,0.0,0.0004,0.04,10.18,MIN_PROFIT_TP_HIT,0.0752
245,TRUMP_USDT,SHORT,EMACrossover(5/13-SHORT),2,0.2,1.47,1.468,1.468,1.475,2026-07-28 14:10:59 UTC,2026-07-28 14:13:23 UTC,143.28,0.294,0.0039,0.0,0.0004,0.04,10.2,MIN_PROFIT_TP_HIT,0.0756
246,TRUMP_USDT,LONG,EMACrossover(5/13-LONG),2,0.2,1.465,1.467,1.467,1.46,2026-07-28 14:36:59 UTC,2026-07-28 14:40:40 UTC,220.03,0.293,0.0039,0.0,0.0004,0.04,10.24,MIN_PROFIT_TP_HIT,0.076
247,TRUMP_USDT,SHORT,EMACrossover(5/13-SHORT),2,0.2,1.466,1.464,1.464,1.471,2026-07-28 14:59:59 UTC,2026-07-28 15:00:08 UTC,8.35,0.2932,0.0039,0.0,0.0004,0.04,10.23,MIN_PROFIT_TP_HIT,0.0764
248,TRUMP_USDT,LONG,EMACrossover(5/13-LONG),2,0.2,1.463,1.465,1.465,1.458,2026-07-28 15:14:59 UTC,2026-07-28 15:20:17 UTC,317.59,0.2926,0.0039,0.0,0.0004,0.04,10.25,MIN_PROFIT_TP_HIT,0.0768
249,TRUMP_USDT,LONG,EMACrossover(5/13-LONG),2,0.2,1.471,1.473,1.473,1.466,2026-07-28 15:21:59 UTC,2026-07-28 15:24:40 UTC,160.17,0.2942,0.0039,0.0,0.0004,0.04,10.2,MIN_PROFIT_TP_HIT,0.0772
250,TRUMP_USDT,SHORT,EMACrossover(5/13-SHORT),2,0.2,1.479,1.484,1.477,1.484,2026-07-28 16:08:59 UTC,2026-07-28 16:14:55 UTC,355.43,0.2958,0.0039,0.0,-0.001,-0.09,-25.35,STOP_LOSS_HIT,0.0762
251,TRUMP_USDT,LONG,EMACrossover(5/13-LONG),2,0.2,1.484,1.486,1.486,1.479,2026-07-28 16:15:59 UTC,2026-07-28 16:19:49 UTC,229.13,0.2968,0.004,0.0,0.0004,0.04,10.11,MIN_PROFIT_TP_HIT,0.0766
252,TRUMP_USDT,SHORT,EMACrossover(5/13-SHORT),2,0.2,1.48,1.478,1.478,1.485,2026-07-28 16:26:59 UTC,2026-07-28 16:31:04 UTC,244.79,0.296,0.0039,0.0,0.0004,0.04,10.14,MIN_PROFIT_TP_HIT,0.077
253,TRUMP_USDT,LONG,EMACrossover(5/13-LONG),2,0.2,1.484,1.486,1.486,1.479,2026-07-28 16:39:59 UTC,2026-07-28 16:40:54 UTC,54.42,0.2968,0.004,0.0,0.0004,0.04,10.11,MIN_PROFIT_TP_HIT,0.0774
254,TRUMP_USDT,SHORT,EMACrossover(5/13-SHORT),2,0.2,1.486,1.484,1.484,1.491,2026-07-28 17:02:59 UTC,2026-07-28 17:03:39 UTC,39.93,0.2972,0.004,0.0,0.0004,0.04,10.09,MIN_PROFIT_TP_HIT,0.0778
255,TRUMP_USDT,LONG,EMACrossover(5/13-LONG),2,0.2,1.475,1.477,1.477,1.47,2026-07-28 17:46:59 UTC,2026-07-28 17:47:11 UTC,11.56,0.295,0.0039,0.0,0.0004,0.04,10.17,MIN_PROFIT_TP_HIT,0.0782
256,TRUMP_USDT,SHORT,EMACrossover(5/13-SHORT),2,0.2,1.471,1.476,1.469,1.476,2026-07-28 17:51:59 UTC,2026-07-28 18:00:33 UTC,513.68,0.2942,0.0039,0.0,-0.001,-0.09,-25.49,STOP_LOSS_HIT,0.0772
257,TRUMP_USDT,SHORT,EMACrossover(5/13-SHORT),2,0.2,1.473,1.471,1.471,1.478,2026-07-28 18:11:59 UTC,2026-07-28 18:19:52 UTC,472.68,0.2946,0.0039,0.0,0.0004,0.04,10.18,MIN_PROFIT_TP_HIT,0.0776
258,TRUMP_USDT,LONG,EMACrossover(5/13-LONG),2,0.2,1.469,1.471,1.471,1.464,2026-07-28 19:03:59 UTC,2026-07-28 19:06:16 UTC,136.51,0.2938,0.0039,0.0,0.0004,0.04,10.21,MIN_PROFIT_TP_HIT,0.078
259,TRUMP_USDT,SHORT,EMACrossover(5/13-SHORT),2,0.2,1.475,1.48,1.473,1.48,2026-07-28 19:45:59 UTC,2026-07-28 20:00:25 UTC,865.95,0.295,0.0039,0.0,-0.001,-0.09,-25.42,STOP_LOSS_HIT,0.077
260,TRUMP_USDT,SHORT,EMACrossover(5/13-SHORT),2,0.2,1.475,1.473,1.473,1.48,2026-07-28 20:03:59 UTC,2026-07-28 20:40:26 UTC,2186.67,0.295,0.0039,0.0,0.0004,0.04,10.17,MIN_PROFIT_TP_HIT,0.0774
261,TRUMP_USDT,LONG,EMACrossover(5/13-LONG),2,0.2,1.478,1.48,1.48,1.473,2026-07-28 20:49:59 UTC,2026-07-28 20:53:12 UTC,192.45,0.2956,0.0039,0.0,0.0004,0.04,10.15,MIN_PROFIT_TP_HIT,0.0778
262,TRUMP_USDT,SHORT,EMACrossover(5/13-SHORT),2,0.2,1.476,1.474,1.474,1.481,2026-07-28 21:07:59 UTC,2026-07-28 21:08:16 UTC,16.77,0.2952,0.0039,0.0,0.0004,0.04,10.16,MIN_PROFIT_TP_HIT,0.0782
263,TRUMP_USDT,LONG,EMACrossover(5/13-LONG),2,0.2,1.476,1.478,1.478,1.471,2026-07-28 21:26:59 UTC,2026-07-28 21:35:26 UTC,506.31,0.2952,0.0039,0.0,0.0004,0.04,10.16,MIN_PROFIT_TP_HIT,0.0786
264,TRUMP_USDT,LONG,EMACrossover(5/13-LONG),2,0.2,1.478,1.48,1.48,1.473,2026-07-28 21:36:59 UTC,2026-07-28 21:37:07 UTC,7.79,0.2956,0.0039,0.0,0.0004,0.04,10.15,MIN_PROFIT_TP_HIT,0.079
265,TRUMP_USDT,SHORT,EMACrossover(5/13-SHORT),2,0.2,1.477,1.475,1.475,1.482,2026-07-28 22:11:59 UTC,2026-07-28 22:13:50 UTC,110.4,0.2954,0.0039,0.0,0.0004,0.04,10.16,MIN_PROFIT_TP_HIT,0.0794
266,TRUMP_USDT,LONG,EMACrossover(5/13-LONG),2,0.2,1.456,1.458,1.458,1.451,2026-07-28 23:15:59 UTC,2026-07-28 23:19:56 UTC,236.35,0.2912,0.0039,0.0,0.0004,0.04,10.3,MIN_PROFIT_TP_HIT,0.0798
267,TRUMP_USDT,SHORT,EMACrossover(5/13-SHORT),2,0.2,1.465,1.47,1.463,1.47,2026-07-29 00:10:59 UTC,2026-07-29 00:16:28 UTC,328.54,0.293,0.0039,0.0,-0.001,-0.09,-25.6,STOP_LOSS_HIT,0.0788
268,TRUMP_USDT,LONG,EMACrossover(5/13-LONG),2,0.2,1.467,1.469,1.469,1.462,2026-07-29 00:17:59 UTC,2026-07-29 00:18:16 UTC,16.51,0.2934,0.0039,0.0,0.0004,0.04,10.22,MIN_PROFIT_TP_HIT,0.0792
269,TRUMP_USDT,SHORT,EMACrossover(5/13-SHORT),2,0.2,1.467,1.465,1.465,1.472,2026-07-29 00:29:59 UTC,2026-07-29 00:32:07 UTC,127.34,0.2934,0.0039,0.0,0.0004,0.04,10.22,MIN_PROFIT_TP_HIT,0.0796
270,TRUMP_USDT,LONG,EMACrossover(5/13-LONG),2,0.2,1.467,1.469,1.469,1.462,2026-07-29 00:39:59 UTC,2026-07-29 00:42:49 UTC,169.11,0.2934,0.0039,0.0,0.0004,0.04,10.22,MIN_PROFIT_TP_HIT,0.08
271,TRUMP_USDT,SHORT,EMACrossover(5/13-SHORT),2,0.2,1.468,1.466,1.466,1.473,2026-07-29 00:57:59 UTC,2026-07-29 00:58:30 UTC,30.67,0.2936,0.0039,0.0,0.0004,0.04,10.22,MIN_PROFIT_TP_HIT,0.0804
272,TRUMP_USDT,LONG,EMACrossover(5/13-LONG),2,0.2,1.446,1.448,1.448,1.441,2026-07-29 02:11:59 UTC,2026-07-29 02:12:04 UTC,4.21,0.2892,0.0039,0.0,0.0004,0.04,10.37,MIN_PROFIT_TP_HIT,0.0808
273,TRUMP_USDT,SHORT,EMACrossover(5/13-SHORT),2,0.2,1.442,1.447,1.44,1.447,2026-07-29 02:17:59 UTC,2026-07-29 02:22:32 UTC,272.34,0.2884,0.0038,0.0,-0.001,-0.09,-26.01,STOP_LOSS_HIT,0.0798
274,TRUMP_USDT,LONG,EMACrossover(5/13-LONG),2,0.2,1.445,1.447,1.447,1.44,2026-07-29 02:24:59 UTC,2026-07-29 02:27:23 UTC,143.23,0.289,0.0039,0.0,0.0004,0.04,10.38,MIN_PROFIT_TP_HIT,0.0802
275,TRUMP_USDT,SHORT,EMACrossover(5/13-SHORT),2,0.2,1.448,1.446,1.446,1.453,2026-07-29 02:48:59 UTC,2026-07-29 02:50:13 UTC,73.36,0.2896,0.0039,0.0,0.0004,0.04,10.36,MIN_PROFIT_TP_HIT,0.0806
276,TRUMP_USDT,LONG,EMACrossover(5/13-LONG),2,0.2,1.437,1.439,1.439,1.432,2026-07-29 03:37:59 UTC,2026-07-29 03:38:23 UTC,23.1,0.2874,0.0038,0.0,0.0004,0.04,10.44,MIN_PROFIT_TP_HIT,0.081
277,TRUMP_USDT,SHORT,EMACrossover(5/13-SHORT),2,0.2,1.434,1.432,1.432,1.439,2026-07-29 03:44:59 UTC,2026-07-29 03:46:21 UTC,81.24,0.2868,0.0038,0.0,0.0004,0.04,10.46,MIN_PROFIT_TP_HIT,0.0814
278,TRUMP_USDT,LONG,EMACrossover(5/13-LONG),2,0.2,1.423,1.418,1.425,1.418,2026-07-29 04:13:59 UTC,2026-07-29 04:17:46 UTC,226.78,0.2846,0.0038,0.0,-0.001,-0.09,-26.35,STOP_LOSS_HIT,0.0804
279,TRUMP_USDT,LONG,EMACrossover(5/13-LONG),2,0.2,1.422,1.424,1.424,1.417,2026-07-29 04:25:59 UTC,2026-07-29 04:27:11 UTC,71.95,0.2844,0.0038,0.0,0.0004,0.04,10.55,MIN_PROFIT_TP_HIT,0.0808
280,TRUMP_USDT,SHORT,EMACrossover(5/13-SHORT),2,0.2,1.423,1.428,1.421,1.428,2026-07-29 04:46:59 UTC,2026-07-29 04:58:21 UTC,681.06,0.2846,0.0038,0.0,-0.001,-0.09,-26.35,STOP_LOSS_HIT,0.0798
281,TRUMP_USDT,SHORT,EMACrossover(5/13-SHORT),2,0.2,1.437,1.435,1.435,1.442,2026-07-29 05:53:59 UTC,2026-07-29 06:00:36 UTC,396.26,0.2874,0.0038,0.0,0.0004,0.04,10.44,MIN_PROFIT_TP_HIT,0.0802
282,TRUMP_USDT,LONG,EMACrossover(5/13-LONG),2,0.2,1.439,1.441,1.441,1.434,2026-07-29 06:14:59 UTC,2026-07-29 06:26:05 UTC,666.0,0.2878,0.0038,0.0,0.0004,0.04,10.42,MIN_PROFIT_TP_HIT,0.0806
283,TRUMP_USDT,SHORT,EMACrossover(5/13-SHORT),2,0.2,1.441,1.439,1.439,1.446,2026-07-29 06:48:59 UTC,2026-07-29 06:52:12 UTC,192.56,0.2882,0.0038,0.0,0.0004,0.04,10.41,MIN_PROFIT_TP_HIT,0.081
284,TRUMP_USDT,SHORT,EMACrossover(5/13-SHORT),2,0.2,1.439,1.437,1.437,1.444,2026-07-29 07:03:59 UTC,2026-07-29 07:19:25 UTC,925.87,0.2878,0.0038,0.0,0.0004,0.04,10.42,MIN_PROFIT_TP_HIT,0.0814
285,TRUMP_USDT,LONG,EMACrossover(5/13-LONG),2,0.2,1.438,1.44,1.44,1.433,2026-07-29 07:35:59 UTC,2026-07-29 07:58:01 UTC,1321.03,0.2876,0.0038,0.0,0.0004,0.04,10.43,MIN_PROFIT_TP_HIT,0.0818
286,TRUMP_USDT,SHORT,EMACrossover(5/13-SHORT),2,0.2,1.44,1.438,1.438,1.445,2026-07-29 08:09:59 UTC,2026-07-29 08:10:12 UTC,12.44,0.288,0.0038,0.0,0.0004,0.04,10.42,MIN_PROFIT_TP_HIT,0.0822
287,TRUMP_USDT,SHORT,EMACrossover(5/13-SHORT),2,0.2,1.437,1.435,1.435,1.442,2026-07-29 08:13:59 UTC,2026-07-29 08:16:14 UTC,134.83,0.2874,0.0038,0.0,0.0004,0.04,10.44,MIN_PROFIT_TP_HIT,0.0826
288,TRUMP_USDT,LONG,EMACrossover(5/13-LONG),2,0.2,1.434,1.436,1.436,1.429,2026-07-29 08:37:59 UTC,2026-07-29 08:42:42 UTC,282.09,0.2868,0.0038,0.0,0.0004,0.04,10.46,MIN_PROFIT_TP_HIT,0.083
289,TRUMP_USDT,SHORT,EMACrossover(5/13-SHORT),2,0.2,1.439,1.437,1.437,1.444,2026-07-29 09:07:59 UTC,2026-07-29 09:08:52 UTC,52.09,0.2878,0.0038,0.0,0.0004,0.04,10.42,MIN_PROFIT_TP_HIT,0.0834
290,TRUMP_USDT,SHORT,EMACrossover(5/13-SHORT),2,0.2,1.439,1.444,1.437,1.444,2026-07-29 09:09:59 UTC,2026-07-29 09:23:17 UTC,797.51,0.2878,0.0038,0.0,-0.001,-0.09,-26.06,STOP_LOSS_HIT,0.0824
291,TRUMP_USDT,SHORT,EMACrossover(5/13-SHORT),2,0.2,1.443,1.441,1.441,1.448,2026-07-29 09:44:59 UTC,2026-07-29 09:47:12 UTC,132.13,0.2886,0.0038,0.0,0.0004,0.04,10.4,MIN_PROFIT_TP_HIT,0.0828
292,TRUMP_USDT,LONG,EMACrossover(5/13-LONG),2,0.2,1.442,1.437,1.444,1.437,2026-07-29 09:58:59 UTC,2026-07-29 10:10:29 UTC,689.55,0.2884,0.0038,0.0,-0.001,-0.09,-26.01,STOP_LOSS_HIT,0.0818
293,TRUMP_USDT,LONG,EMACrossover(5/13-LONG),2,0.2,1.434,1.429,1.436,1.429,2026-07-29 10:43:59 UTC,2026-07-29 10:48:15 UTC,255.1,0.2868,0.0038,0.0,-0.001,-0.09,-26.15,STOP_LOSS_HIT,0.0808
294,TRUMP_USDT,LONG,EMACrossover(5/13-LONG),2,0.2,1.434,1.436,1.436,1.429,2026-07-29 11:01:59 UTC,2026-07-29 11:13:46 UTC,706.57,0.2868,0.0038,0.0,0.0004,0.04,10.46,MIN_PROFIT_TP_HIT,0.0812
295,TRUMP_USDT,SHORT,EMACrossover(5/13-SHORT),2,0.2,1.433,1.431,1.431,1.438,2026-07-29 11:25:59 UTC,2026-07-29 11:32:17 UTC,377.04,0.2866,0.0038,0.0,0.0004,0.04,10.47,MIN_PROFIT_TP_HIT,0.0816
296,TRUMP_USDT,LONG,EMACrossover(5/13-LONG),2,0.2,1.433,1.435,1.435,1.428,2026-07-29 11:43:59 UTC,2026-07-29 11:56:24 UTC,744.4,0.2866,0.0038,0.0,0.0004,0.04,10.47,MIN_PROFIT_TP_HIT,0.082
297,TRUMP_USDT,LONG,EMACrossover(5/13-LONG),2,0.2,1.434,1.429,1.436,1.429,2026-07-29 11:57:59 UTC,2026-07-29 12:07:08 UTC,548.12,0.2868,0.0038,0.0,-0.001,-0.09,-26.15,STOP_LOSS_HIT,0.081
298,TRUMP_USDT,LONG,EMACrossover(5/13-LONG),2,0.2,1.428,1.43,1.43,1.423,2026-07-29 12:27:59 UTC,2026-07-29 12:36:00 UTC,480.96,0.2856,0.0038,0.0,0.0004,0.04,10.5,MIN_PROFIT_TP_HIT,0.0814
299,TRUMP_USDT,SHORT,EMACrossover(5/13-SHORT),2,0.2,1.429,1.427,1.427,1.434,2026-07-29 12:54:59 UTC,2026-07-29 12:57:49 UTC,169.26,0.2858,0.0038,0.0,0.0004,0.04,10.5,MIN_PROFIT_TP_HIT,0.0818
300,TRUMP_USDT,SHORT,EMACrossover(5/13-SHORT),2,0.2,1.428,1.426,1.426,1.433,2026-07-29 12:58:59 UTC,2026-07-29 13:17:16 UTC,1096.61,0.2856,0.0038,0.0,0.0004,0.04,10.5,MIN_PROFIT_TP_HIT,0.0822
301,TRUMP_USDT,SHORT,EMACrossover(5/13-SHORT),2,0.2,1.426,1.431,1.424,1.431,2026-07-29 13:18:59 UTC,2026-07-29 13:26:37 UTC,457.64,0.2852,0.0038,0.0,-0.001,-0.09,-26.3,STOP_LOSS_HIT,0.0812
302,TRUMP_USDT,SHORT,EMACrossover(5/13-SHORT),2,0.2,1.433,1.431,1.431,1.438,2026-07-29 13:48:59 UTC,2026-07-29 13:51:31 UTC,151.05,0.2866,0.0038,0.0,0.0004,0.04,10.47,MIN_PROFIT_TP_HIT,0.0816
303,TRUMP_USDT,SHORT,EMACrossover(5/13-SHORT),2,0.2,1.432,1.43,1.43,1.437,2026-07-29 13:53:59 UTC,2026-07-29 13:55:07 UTC,67.24,0.2864,0.0038,0.0,0.0004,0.04,10.47,MIN_PROFIT_TP_HIT,0.082
304,TRUMP_USDT,LONG,EMACrossover(5/13-LONG),2,0.2,1.435,1.437,1.437,1.43,2026-07-29 14:00:59 UTC,2026-07-29 14:01:36 UTC,36.37,0.287,0.0038,0.0,0.0004,0.04,10.45,MIN_PROFIT_TP_HIT,0.0824
305,TRUMP_USDT,SHORT,EMACrossover(5/13-SHORT),2,0.2,1.433,1.431,1.431,1.438,2026-07-29 14:11:59 UTC,2026-07-29 14:12:24 UTC,24.23,0.2866,0.0038,0.0,0.0004,0.04,10.47,MIN_PROFIT_TP_HIT,0.0828
306,TRUMP_USDT,LONG,EMACrossover(5/13-LONG),2,0.2,1.432,1.427,1.434,1.427,2026-07-29 14:23:59 UTC,2026-07-29 14:26:08 UTC,128.53,0.2864,0.0038,0.0,-0.001,-0.09,-26.19,STOP_LOSS_HIT,0.0818
307,TRUMP_USDT,LONG,EMACrossover(5/13-LONG),2,0.2,1.431,1.433,1.433,1.426,2026-07-29 14:31:59 UTC,2026-07-29 14:33:10 UTC,70.84,0.2862,0.0038,0.0,0.0004,0.04,10.48,MIN_PROFIT_TP_HIT,0.0822
308,TRUMP_USDT,SHORT,EMACrossover(5/13-SHORT),2,0.2,1.429,1.427,1.427,1.434,2026-07-29 14:36:59 UTC,2026-07-29 14:37:15 UTC,15.35,0.2858,0.0038,0.0,0.0004,0.04,10.5,MIN_PROFIT_TP_HIT,0.0826
309,TRUMP_USDT,LONG,EMACrossover(5/13-LONG),2,0.2,1.424,1.426,1.426,1.419,2026-07-29 15:06:59 UTC,2026-07-29 15:07:25 UTC,25.34,0.2848,0.0038,0.0,0.0004,0.04,10.53,MIN_PROFIT_TP_HIT,0.083
310,TRUMP_USDT,SHORT,EMACrossover(5/13-SHORT),2,0.2,1.422,1.427,1.42,1.427,2026-07-29 15:20:59 UTC,2026-07-29 15:24:01 UTC,181.43,0.2844,0.0038,0.0,-0.001,-0.09,-26.37,STOP_LOSS_HIT,0.082
311,TRUMP_USDT,SHORT,EMACrossover(5/13-SHORT),2,0.2,1.427,1.425,1.425,1.432,2026-07-29 15:42:59 UTC,2026-07-29 15:43:33 UTC,33.87,0.2854,0.0038,0.0,0.0004,0.04,10.51,MIN_PROFIT_TP_HIT,0.0824
312,TRUMP_USDT,LONG,EMACrossover(5/13-LONG),2,0.2,1.428,1.423,1.43,1.423,2026-07-29 15:50:59 UTC,2026-07-29 16:02:08 UTC,668.19,0.2856,0.0038,0.0,-0.001,-0.09,-26.26,STOP_LOSS_HIT,0.0814
313,TRUMP_USDT,LONG,EMACrossover(5/13-LONG),2,0.2,1.427,1.429,1.429,1.422,2026-07-29 16:22:59 UTC,2026-07-29 16:23:07 UTC,7.83,0.2854,0.0038,0.0,0.0004,0.04,10.51,MIN_PROFIT_TP_HIT,0.0818
314,TRUMP_USDT,SHORT,EMACrossover(5/13-SHORT),2,0.2,1.424,1.422,1.422,1.429,2026-07-29 16:33:59 UTC,2026-07-29 16:35:01 UTC,61.03,0.2848,0.0038,0.0,0.0004,0.04,10.53,MIN_PROFIT_TP_HIT,0.0822
315,TRUMP_USDT,LONG,EMACrossover(5/13-LONG),2,0.2,1.419,1.421,1.421,1.414,2026-07-29 16:51:59 UTC,2026-07-29 16:52:09 UTC,9.84,0.2838,0.0038,0.0,0.0004,0.04,10.57,MIN_PROFIT_TP_HIT,0.0826
316,TRUMP_USDT,LONG,EMACrossover(5/13-LONG),2,0.2,1.421,1.423,1.423,1.416,2026-07-29 16:54:59 UTC,2026-07-29 16:57:00 UTC,120.62,0.2842,0.0038,0.0,0.0004,0.04,10.56,MIN_PROFIT_TP_HIT,0.083
317,TRUMP_USDT,SHORT,EMACrossover(5/13-SHORT),2,0.2,1.449,1.447,1.447,1.454,2026-07-29 18:16:59 UTC,2026-07-29 18:17:11 UTC,11.62,0.2898,0.0039,0.0,0.0004,0.04,10.35,MIN_PROFIT_TP_HIT,0.0834
318,TRUMP_USDT,LONG,EMACrossover(5/13-LONG),2,0.2,1.445,1.44,1.447,1.44,2026-07-29 18:31:59 UTC,2026-07-29 18:32:12 UTC,12.11,0.289,0.0039,0.0,-0.001,-0.09,-25.95,STOP_LOSS_HIT,0.0824
319,TRUMP_USDT,LONG,EMACrossover(5/13-LONG),2,0.2,1.45,1.452,1.452,1.445,2026-07-29 18:39:59 UTC,2026-07-29 18:40:22 UTC,22.86,0.29,0.0039,0.0,0.0004,0.04,10.34,MIN_PROFIT_TP_HIT,0.0828
320,TRUMP_USDT,SHORT,EMACrossover(5/13-SHORT),2,0.2,1.459,1.457,1.457,1.464,2026-07-29 19:06:59 UTC,2026-07-29 19:07:57 UTC,57.92,0.2918,0.0039,0.0,0.0004,0.04,10.28,MIN_PROFIT_TP_HIT,0.0832
321,TRUMP_USDT,LONG,EMACrossover(5/13-LONG),2,0.2,1.439,1.441,1.441,1.434,2026-07-29 20:13:59 UTC,2026-07-29 20:14:11 UTC,11.6,0.2878,0.0038,0.0,0.0004,0.04,10.42,MIN_PROFIT_TP_HIT,0.0836
322,TRUMP_USDT,SHORT,EMACrossover(5/13-SHORT),2,0.2,1.432,1.43,1.43,1.437,2026-07-29 20:26:59 UTC,2026-07-29 20:27:35 UTC,35.0,0.2864,0.0038,0.0,0.0004,0.04,10.47,MIN_PROFIT_TP_HIT,0.084
323,TRUMP_USDT,LONG,EMACrossover(5/13-LONG),2,0.2,1.438,1.44,1.44,1.433,2026-07-29 20:36:59 UTC,2026-07-29 20:37:14 UTC,14.78,0.2876,0.0038,0.0,0.0004,0.04,10.43,MIN_PROFIT_TP_HIT,0.0844
324,TRUMP_USDT,SHORT,EMACrossover(5/13-SHORT),2,0.2,1.436,1.434,1.434,1.441,2026-07-29 20:49:59 UTC,2026-07-29 20:56:01 UTC,361.71,0.2872,0.0038,0.0,0.0004,0.04,10.45,MIN_PROFIT_TP_HIT,0.0848
325,TRUMP_USDT,LONG,EMACrossover(5/13-LONG),2,0.2,1.434,1.436,1.436,1.429,2026-07-29 21:13:59 UTC,2026-07-29 21:14:22 UTC,22.1,0.2868,0.0038,0.0,0.0004,0.04,10.46,MIN_PROFIT_TP_HIT,0.0852
326,TRUMP_USDT,SHORT,EMACrossover(5/13-SHORT),2,0.2,1.446,1.444,1.444,1.451,2026-07-29 21:47:59 UTC,2026-07-29 21:50:04 UTC,124.29,0.2892,0.0039,0.0,0.0004,0.04,10.37,MIN_PROFIT_TP_HIT,0.0856
327,TRUMP_USDT,LONG,EMACrossover(5/13-LONG),2,0.2,1.449,1.451,1.451,1.444,2026-07-29 21:53:59 UTC,2026-07-29 21:56:48 UTC,168.02,0.2898,0.0039,0.0,0.0004,0.04,10.35,MIN_PROFIT_TP_HIT,0.086
328,TRUMP_USDT,SHORT,EMACrossover(5/13-SHORT),2,0.2,1.456,1.454,1.454,1.461,2026-07-29 22:35:59 UTC,2026-07-29 22:38:52 UTC,172.39,0.2912,0.0039,0.0,0.0004,0.04,10.3,MIN_PROFIT_TP_HIT,0.0864
329,TRUMP_USDT,LONG,EMACrossover(5/13-LONG),2,0.2,1.46,1.462,1.462,1.455,2026-07-29 22:44:59 UTC,2026-07-29 22:56:09 UTC,669.36,0.292,0.0039,0.0,0.0004,0.04,10.27,MIN_PROFIT_TP_HIT,0.0868
330,TRUMP_USDT,SHORT,EMACrossover(5/13-SHORT),2,0.2,1.457,1.462,1.455,1.462,2026-07-29 23:06:59 UTC,2026-07-29 23:19:27 UTC,747.99,0.2914,0.0039,0.0,-0.001,-0.09,-25.74,STOP_LOSS_HIT,0.0858
331,TRUMP_USDT,SHORT,EMACrossover(5/13-SHORT),2,0.2,1.459,1.457,1.457,1.464,2026-07-29 23:34:59 UTC,2026-07-29 23:36:34 UTC,94.39,0.2918,0.0039,0.0,0.0004,0.04,10.28,MIN_PROFIT_TP_HIT,0.0862
332,TRUMP_USDT,LONG,EMACrossover(5/13-LONG),2,0.2,1.459,1.461,1.461,1.454,2026-07-29 23:47:59 UTC,2026-07-29 23:54:56 UTC,416.72,0.2918,0.0039,0.0,0.0004,0.04,10.28,MIN_PROFIT_TP_HIT,0.0866
333,TRUMP_USDT,SHORT,EMACrossover(5/13-SHORT),2,0.2,1.468,1.466,1.466,1.473,2026-07-30 00:26:59 UTC,2026-07-30 00:27:12 UTC,12.7,0.2936,0.0039,0.0,0.0004,0.04,10.22,MIN_PROFIT_TP_HIT,0.087
334,TRUMP_USDT,SHORT,EMACrossover(5/13-SHORT),2,0.2,1.464,1.462,1.462,1.469,2026-07-30 00:32:59 UTC,2026-07-30 00:44:24 UTC,684.23,0.2928,0.0039,0.0,0.0004,0.04,10.25,MIN_PROFIT_TP_HIT,0.0874
335,TRUMP_USDT,LONG,EMACrossover(5/13-LONG),2,0.2,1.466,1.468,1.468,1.461,2026-07-30 01:00:59 UTC,2026-07-30 01:01:25 UTC,25.37,0.2932,0.0039,0.0,0.0004,0.04,10.23,MIN_PROFIT_TP_HIT,0.0878
336,TRUMP_USDT,SHORT,EMACrossover(5/13-SHORT),2,0.2,1.468,1.473,1.466,1.473,2026-07-30 01:15:59 UTC,2026-07-30 01:23:48 UTC,468.28,0.2936,0.0039,0.0,-0.001,-0.09,-25.54,STOP_LOSS_HIT,0.0868
337,TRUMP_USDT,SHORT,EMACrossover(5/13-SHORT),2,0.2,1.474,1.479,1.472,1.479,2026-07-30 01:59:59 UTC,2026-07-30 02:20:46 UTC,1246.36,0.2948,0.0039,0.0,-0.001,-0.09,-25.44,STOP_LOSS_HIT,0.0858
338,TRUMP_USDT,SHORT,EMACrossover(5/13-SHORT),2,0.2,1.476,1.474,1.474,1.481,2026-07-30 02:28:59 UTC,2026-07-30 02:29:13 UTC,13.88,0.2952,0.0039,0.0,0.0004,0.04,10.16,MIN_PROFIT_TP_HIT,0.0862
339,TRUMP_USDT,LONG,EMACrossover(5/13-LONG),2,0.2,1.475,1.47,1.477,1.47,2026-07-30 02:44:59 UTC,2026-07-30 03:02:18 UTC,1038.04,0.295,0.0039,0.0,-0.001,-0.09,-25.42,STOP_LOSS_HIT,0.0852
340,TRUMP_USDT,LONG,EMACrossover(5/13-LONG),2,0.2,1.474,1.476,1.476,1.469,2026-07-30 03:17:59 UTC,2026-07-30 03:25:47 UTC,467.63,0.2948,0.0039,0.0,0.0004,0.04,10.18,MIN_PROFIT_TP_HIT,0.0856
341,TRUMP_USDT,SHORT,EMACrossover(5/13-SHORT),2,0.2,1.471,1.469,1.469,1.476,2026-07-30 03:38:59 UTC,2026-07-30 04:03:33 UTC,1473.91,0.2942,0.0039,0.0,0.0004,0.04,10.2,MIN_PROFIT_TP_HIT,0.086
342,TRUMP_USDT,LONG,EMACrossover(5/13-LONG),2,0.2,1.468,1.463,1.47,1.463,2026-07-30 04:25:59 UTC,2026-07-30 04:37:17 UTC,677.45,0.2936,0.0039,0.0,-0.001,-0.09,-25.54,STOP_LOSS_HIT,0.085
343,TRUMP_USDT,LONG,EMACrossover(5/13-LONG),2,0.2,1.458,1.46,1.46,1.453,2026-07-30 05:10:59 UTC,2026-07-30 05:20:12 UTC,552.67,0.2916,0.0039,0.0,0.0004,0.04,10.29,MIN_PROFIT_TP_HIT,0.0854
344,TRUMP_USDT,SHORT,EMACrossover(5/13-SHORT),2,0.2,1.46,1.458,1.458,1.465,2026-07-30 05:26:59 UTC,2026-07-30 05:55:02 UTC,1682.34,0.292,0.0039,0.0,0.0004,0.04,10.27,MIN_PROFIT_TP_HIT,0.0858
345,TRUMP_USDT,LONG,EMACrossover(5/13-LONG),2,0.2,1.46,1.462,1.462,1.455,2026-07-30 06:00:59 UTC,2026-07-30 06:04:40 UTC,220.9,0.292,0.0039,0.0,0.0004,0.04,10.27,MIN_PROFIT_TP_HIT,0.0862
346,TRUMP_USDT,LONG,EMACrossover(5/13-LONG),2,0.2,1.46,1.462,1.462,1.455,2026-07-30 06:05:59 UTC,2026-07-30 07:03:09 UTC,3429.2,0.292,0.0039,0.0,0.0004,0.04,10.27,MIN_PROFIT_TP_HIT,0.0866
347,TRUMP_USDT,SHORT,EMACrossover(5/13-SHORT),2,0.2,1.458,1.456,1.456,1.463,2026-07-30 07:10:59 UTC,2026-07-30 07:33:11 UTC,1331.1,0.2916,0.0039,0.0,0.0004,0.04,10.29,MIN_PROFIT_TP_HIT,0.087
348,TRUMP_USDT,LONG,EMACrossover(5/13-LONG),2,0.2,1.45,1.452,1.452,1.445,2026-07-30 08:19:59 UTC,2026-07-30 08:23:47 UTC,227.01,0.29,0.0039,0.0,0.0004,0.04,10.34,MIN_PROFIT_TP_HIT,0.0874
349,TRUMP_USDT,SHORT,EMACrossover(5/13-SHORT),2,0.2,1.453,1.451,1.451,1.458,2026-07-30 08:39:59 UTC,2026-07-30 08:55:23 UTC,923.98,0.2906,0.0039,0.0,0.0004,0.04,10.32,MIN_PROFIT_TP_HIT,0.0878
350,TRUMP_USDT,LONG,EMACrossover(5/13-LONG),2,0.2,1.454,1.456,1.456,1.449,2026-07-30 08:59:59 UTC,2026-07-30 09:00:15 UTC,15.56,0.2908,0.0039,0.0,0.0004,0.04,10.32,MIN_PROFIT_TP_HIT,0.0882
351,TRUMP_USDT,SHORT,EMACrossover(5/13-SHORT),2,0.2,1.453,1.458,1.451,1.458,2026-07-30 09:06:59 UTC,2026-07-30 09:34:22 UTC,1642.28,0.2906,0.0039,0.0,-0.001,-0.09,-25.81,STOP_LOSS_HIT,0.0872
352,TRUMP_USDT,SHORT,EMACrossover(5/13-SHORT),2,0.2,1.456,1.454,1.454,1.461,2026-07-30 09:42:59 UTC,2026-07-30 09:58:55 UTC,955.49,0.2912,0.0039,0.0,0.0004,0.04,10.3,MIN_PROFIT_TP_HIT,0.0876
353,TRUMP_USDT,SHORT,EMACrossover(5/13-SHORT),2,0.2,1.451,1.449,1.449,1.456,2026-07-30 09:59:59 UTC,2026-07-30 10:00:42 UTC,42.34,0.2902,0.0039,0.0,0.0004,0.04,10.34,MIN_PROFIT_TP_HIT,0.088
354,TRUMP_USDT,LONG,EMACrossover(5/13-LONG),2,0.2,1.456,1.458,1.458,1.451,2026-07-30 10:08:59 UTC,2026-07-30 10:09:27 UTC,27.24,0.2912,0.0039,0.0,0.0004,0.04,10.3,MIN_PROFIT_TP_HIT,0.0884
355,TRUMP_USDT,SHORT,EMACrossover(5/13-SHORT),2,0.2,1.456,1.454,1.454,1.461,2026-07-30 10:27:59 UTC,2026-07-30 10:49:31 UTC,1291.97,0.2912,0.0039,0.0,0.0004,0.04,10.3,MIN_PROFIT_TP_HIT,0.0888
356,TRUMP_USDT,SHORT,EMACrossover(5/13-SHORT),2,0.2,1.455,1.453,1.453,1.46,2026-07-30 10:50:59 UTC,2026-07-30 10:54:38 UTC,218.22,0.291,0.0039,0.0,0.0004,0.04,10.31,MIN_PROFIT_TP_HIT,0.0892
357,TRUMP_USDT,LONG,EMACrossover(5/13-LONG),2,0.2,1.456,1.458,1.458,1.451,2026-07-30 11:00:59 UTC,2026-07-30 11:36:17 UTC,2117.5,0.2912,0.0039,0.0,0.0004,0.04,10.3,MIN_PROFIT_TP_HIT,0.0896
358,TRUMP_USDT,LONG,EMACrossover(5/13-LONG),2,0.2,1.46,1.462,1.462,1.455,2026-07-30 11:37:59 UTC,2026-07-30 11:50:47 UTC,767.01,0.292,0.0039,0.0,0.0004,0.04,10.27,MIN_PROFIT_TP_HIT,0.09
359,TRUMP_USDT,SHORT,EMACrossover(5/13-SHORT),2,0.2,1.459,1.457,1.457,1.464,2026-07-30 12:00:59 UTC,2026-07-30 12:18:01 UTC,1021.59,0.2918,0.0039,0.0,0.0004,0.04,10.28,MIN_PROFIT_TP_HIT,0.0904
360,TRUMP_USDT,LONG,EMACrossover(5/13-LONG),2,0.2,1.449,1.444,1.451,1.444,2026-07-30 12:58:59 UTC,2026-07-30 13:03:26 UTC,266.23,0.2898,0.0039,0.0,-0.001,-0.09,-25.88,STOP_LOSS_HIT,0.0894
361,TRUMP_USDT,LONG,EMACrossover(5/13-LONG),2,0.2,1.445,1.447,1.447,1.44,2026-07-30 13:10:59 UTC,2026-07-30 13:13:33 UTC,153.6,0.289,0.0039,0.0,0.0004,0.04,10.38,MIN_PROFIT_TP_HIT,0.0898
362,TRUMP_USDT,LONG,EMACrossover(5/13-LONG),2,0.2,1.446,1.441,1.448,1.441,2026-07-30 13:18:59 UTC,2026-07-30 13:26:31 UTC,451.14,0.2892,0.0039,0.0,-0.001,-0.09,-25.93,STOP_LOSS_HIT,0.0888
363,TRUMP_USDT,LONG,EMACrossover(5/13-LONG),2,0.2,1.446,1.448,1.448,1.441,2026-07-30 13:43:59 UTC,2026-07-30 13:44:03 UTC,3.96,0.2892,0.0039,0.0,0.0004,0.04,10.37,MIN_PROFIT_TP_HIT,0.0892
364,TRUMP_USDT,SHORT,EMACrossover(5/13-SHORT),2,0.2,1.45,1.448,1.448,1.455,2026-07-30 14:02:59 UTC,2026-07-30 14:05:00 UTC,120.52,0.29,0.0039,0.0,0.0004,0.04,10.34,MIN_PROFIT_TP_HIT,0.0896
365,TRUMP_USDT,SHORT,EMACrossover(5/13-SHORT),2,0.2,1.446,1.451,1.444,1.451,2026-07-30 14:06:59 UTC,2026-07-30 14:13:04 UTC,364.88,0.2892,0.0039,0.0,-0.001,-0.09,-25.93,STOP_LOSS_HIT,0.0886
366,TRUMP_USDT,LONG,EMACrossover(5/13-LONG),2,0.2,1.45,1.445,1.452,1.445,2026-07-30 14:14:59 UTC,2026-07-30 14:18:26 UTC,206.44,0.29,0.0039,0.0,-0.001,-0.09,-25.86,STOP_LOSS_HIT,0.0876
367,TRUMP_USDT,LONG,EMACrossover(5/13-LONG),2,0.2,1.45,1.452,1.452,1.445,2026-07-30 14:24:59 UTC,2026-07-30 14:25:00 UTC,0.94,0.29,0.0039,0.0,0.0004,0.04,10.34,MIN_PROFIT_TP_HIT,0.088
368,TRUMP_USDT,SHORT,EMACrossover(5/13-SHORT),2,0.2,1.46,1.465,1.458,1.465,2026-07-30 15:30:59 UTC,2026-07-30 15:33:05 UTC,125.05,0.292,0.0039,0.0,-0.001,-0.09,-25.68,STOP_LOSS_HIT,0.087
369,TRUMP_USDT,LONG,EMACrossover(5/13-LONG),2,0.2,1.464,1.466,1.466,1.459,2026-07-30 15:34:59 UTC,2026-07-30 15:37:01 UTC,121.85,0.2928,0.0039,0.0,0.0004,0.04,10.25,MIN_PROFIT_TP_HIT,0.0874
370,TRUMP_USDT,SHORT,EMACrossover(5/13-SHORT),2,0.2,1.459,1.457,1.457,1.464,2026-07-30 15:44:59 UTC,2026-07-30 15:52:39 UTC,459.66,0.2918,0.0039,0.0,0.0004,0.04,10.28,MIN_PROFIT_TP_HIT,0.0878
371,TRUMP_USDT,LONG,EMACrossover(5/13-LONG),2,0.2,1.46,1.455,1.462,1.455,2026-07-30 16:05:59 UTC,2026-07-30 16:09:28 UTC,208.54,0.292,0.0039,0.0,-0.001,-0.09,-25.68,STOP_LOSS_HIT,0.0868
372,TRUMP_USDT,LONG,EMACrossover(5/13-LONG),2,0.2,1.46,1.462,1.462,1.455,2026-07-30 16:15:59 UTC,2026-07-30 16:29:37 UTC,817.61,0.292,0.0039,0.0,0.0004,0.04,10.27,MIN_PROFIT_TP_HIT,0.0872
373,TRUMP_USDT,SHORT,EMACrossover(5/13-SHORT),2,0.2,1.46,1.458,1.458,1.465,2026-07-30 16:38:59 UTC,2026-07-30 16:39:24 UTC,24.07,0.292,0.0039,0.0,0.0004,0.04,10.27,MIN_PROFIT_TP_HIT,0.0876
374,TRUMP_USDT,LONG,EMACrossover(5/13-LONG),2,0.2,1.461,1.463,1.463,1.456,2026-07-30 16:45:59 UTC,2026-07-30 16:51:38 UTC,338.8,0.2922,0.0039,0.0,0.0004,0.04,10.27,MIN_PROFIT_TP_HIT,0.088
375,TRUMP_USDT,SHORT,EMACrossover(5/13-SHORT),2,0.2,1.461,1.459,1.459,1.466,2026-07-30 17:03:59 UTC,2026-07-30 17:07:05 UTC,185.13,0.2922,0.0039,0.0,0.0004,0.04,10.27,MIN_PROFIT_TP_HIT,0.0884
376,TRUMP_USDT,LONG,EMACrossover(5/13-LONG),2,0.2,1.461,1.456,1.463,1.456,2026-07-30 17:18:59 UTC,2026-07-30 17:21:11 UTC,131.75,0.2922,0.0039,0.0,-0.001,-0.09,-25.67,STOP_LOSS_HIT,0.0874
377,TRUMP_USDT,LONG,EMACrossover(5/13-LONG),2,0.2,1.459,1.461,1.461,1.454,2026-07-30 17:30:59 UTC,2026-07-30 17:41:58 UTC,658.4,0.2918,0.0039,0.0,0.0004,0.04,10.28,MIN_PROFIT_TP_HIT,0.0878
378,TRUMP_USDT,LONG,EMACrossover(5/13-LONG),2,0.2,1.459,1.461,1.461,1.454,2026-07-30 17:42:59 UTC,2026-07-30 17:43:56 UTC,56.41,0.2918,0.0039,0.0,0.0004,0.04,10.28,MIN_PROFIT_TP_HIT,0.0882
379,TRUMP_USDT,SHORT,EMACrossover(5/13-SHORT),2,0.2,1.467,1.465,1.465,1.472,2026-07-30 18:34:59 UTC,2026-07-30 18:37:39 UTC,159.79,0.2934,0.0039,0.0,0.0004,0.04,10.22,MIN_PROFIT_TP_HIT,0.0886
380,TRUMP_USDT,LONG,EMACrossover(5/13-LONG),2,0.2,1.468,1.463,1.47,1.463,2026-07-30 18:42:59 UTC,2026-07-30 18:55:03 UTC,723.15,0.2936,0.0039,0.0,-0.001,-0.09,-25.54,STOP_LOSS_HIT,0.0876
381,TRUMP_USDT,LONG,EMACrossover(5/13-LONG),2,0.2,1.465,1.467,1.467,1.46,2026-07-30 19:08:59 UTC,2026-07-30 19:16:51 UTC,471.22,0.293,0.0039,0.0,0.0004,0.04,10.24,MIN_PROFIT_TP_HIT,0.088
382,TRUMP_USDT,SHORT,EMACrossover(5/13-SHORT),2,0.2,1.466,1.464,1.464,1.471,2026-07-30 19:24:59 UTC,2026-07-30 19:31:06 UTC,366.44,0.2932,0.0039,0.0,0.0004,0.04,10.23,MIN_PROFIT_TP_HIT,0.0884
383,TRUMP_USDT,LONG,EMACrossover(5/13-LONG),2,0.2,1.466,1.468,1.468,1.461,2026-07-30 19:38:59 UTC,2026-07-30 19:52:11 UTC,791.46,0.2932,0.0039,0.0,0.0004,0.04,10.23,MIN_PROFIT_TP_HIT,0.0888
384,TRUMP_USDT,LONG,EMACrossover(5/13-LONG),2,0.2,1.467,1.469,1.469,1.462,2026-07-30 19:53:59 UTC,2026-07-30 20:01:00 UTC,420.2,0.2934,0.0039,0.0,0.0004,0.04,10.22,MIN_PROFIT_TP_HIT,0.0892
385,TRUMP_USDT,SHORT,EMACrossover(5/13-SHORT),2,0.2,1.467,1.465,1.465,1.472,2026-07-30 20:12:59 UTC,2026-07-30 20:13:37 UTC,37.51,0.2934,0.0039,0.0,0.0004,0.04,10.22,MIN_PROFIT_TP_HIT,0.0896
386,TRUMP_USDT,LONG,EMACrossover(5/13-LONG),2,0.2,1.466,1.461,1.468,1.461,2026-07-30 20:25:59 UTC,2026-07-30 21:05:49 UTC,2389.9,0.2932,0.0039,0.0,-0.001,-0.09,-25.58,STOP_LOSS_HIT,0.0886
387,TRUMP_USDT,LONG,EMACrossover(5/13-LONG),2,0.2,1.466,1.468,1.468,1.461,2026-07-30 21:12:59 UTC,2026-07-30 21:13:05 UTC,5.08,0.2932,0.0039,0.0,0.0004,0.04,10.23,MIN_PROFIT_TP_HIT,0.089
388,TRUMP_USDT,SHORT,EMACrossover(5/13-SHORT),2,0.2,1.468,1.466,1.466,1.473,2026-07-30 21:36:59 UTC,2026-07-30 21:49:46 UTC,766.41,0.2936,0.0039,0.0,0.0004,0.04,10.22,MIN_PROFIT_TP_HIT,0.0894
389,TRUMP_USDT,SHORT,EMACrossover(5/13-SHORT),2,0.2,1.467,1.465,1.465,1.472,2026-07-30 21:50:59 UTC,2026-07-30 21:54:13 UTC,193.26,0.2934,0.0039,0.0,0.0004,0.04,10.22,MIN_PROFIT_TP_HIT,0.0898
390,TRUMP_USDT,LONG,EMACrossover(5/13-LONG),2,0.2,1.462,1.464,1.464,1.457,2026-07-30 22:24:59 UTC,2026-07-30 22:35:14 UTC,614.12,0.2924,0.0039,0.0,0.0004,0.04,10.26,MIN_PROFIT_TP_HIT,0.0902
391,TRUMP_USDT,SHORT,EMACrossover(5/13-SHORT),2,0.2,1.462,1.46,1.46,1.467,2026-07-30 22:52:59 UTC,2026-07-30 23:02:50 UTC,590.07,0.2924,0.0039,0.0,0.0004,0.04,10.26,MIN_PROFIT_TP_HIT,0.0906
392,TRUMP_USDT,LONG,EMACrossover(5/13-LONG),2,0.2,1.463,1.465,1.465,1.458,2026-07-30 23:33:59 UTC,2026-07-30 23:34:41 UTC,41.04,0.2926,0.0039,0.0,0.0004,0.04,10.25,MIN_PROFIT_TP_HIT,0.091
393,TRUMP_USDT,SHORT,EMACrossover(5/13-SHORT),2,0.2,1.459,1.457,1.457,1.464,2026-07-30 23:43:59 UTC,2026-07-30 23:44:01 UTC,1.82,0.2918,0.0039,0.0,0.0004,0.04,10.28,MIN_PROFIT_TP_HIT,0.0914
394,TRUMP_USDT,LONG,EMACrossover(5/13-LONG),2,0.2,1.459,1.454,1.461,1.454,2026-07-31 00:05:59 UTC,2026-07-31 00:16:23 UTC,623.95,0.2918,0.0039,0.0,-0.001,-0.09,-25.7,STOP_LOSS_HIT,0.0904
395,TRUMP_USDT,LONG,EMACrossover(5/13-LONG),2,0.2,1.455,1.457,1.457,1.45,2026-07-31 00:26:59 UTC,2026-07-31 00:30:46 UTC,226.27,0.291,0.0039,0.0,0.0004,0.04,10.31,MIN_PROFIT_TP_HIT,0.0908
396,TRUMP_USDT,LONG,EMACrossover(5/13-LONG),2,0.2,1.454,1.456,1.456,1.449,2026-07-31 00:31:59 UTC,2026-07-31 00:34:24 UTC,144.64,0.2908,0.0039,0.0,0.0004,0.04,10.32,MIN_PROFIT_TP_HIT,0.0912
397,TRUMP_USDT,LONG,EMACrossover(5/13-LONG),2,0.2,1.456,1.458,1.458,1.451,2026-07-31 00:36:59 UTC,2026-07-31 00:44:52 UTC,472.02,0.2912,0.0039,0.0,0.0004,0.04,10.3,MIN_PROFIT_TP_HIT,0.0916
398,TRUMP_USDT,SHORT,EMACrossover(5/13-SHORT),2,0.2,1.457,1.455,1.455,1.462,2026-07-31 00:53:59 UTC,2026-07-31 00:57:37 UTC,217.95,0.2914,0.0039,0.0,0.0004,0.04,10.3,MIN_PROFIT_TP_HIT,0.092
399,TRUMP_USDT,SHORT,EMACrossover(5/13-SHORT),2,0.2,1.456,1.461,1.454,1.461,2026-07-31 00:58:59 UTC,2026-07-31 01:01:45 UTC,165.47,0.2912,0.0039,0.0,-0.001,-0.09,-25.76,STOP_LOSS_HIT,0.091
400,TRUMP_USDT,SHORT,EMACrossover(5/13-SHORT),2,0.2,1.461,1.459,1.459,1.466,2026-07-31 01:17:59 UTC,2026-07-31 01:20:01 UTC,121.4,0.2922,0.0039,0.0,0.0004,0.04,10.27,MIN_PROFIT_TP_HIT,0.0914
401,TRUMP_USDT,LONG,EMACrossover(5/13-LONG),2,0.2,1.462,1.464,1.464,1.457,2026-07-31 01:26:59 UTC,2026-07-31 01:27:04 UTC,4.92,0.2924,0.0039,0.0,0.0004,0.04,10.26,MIN_PROFIT_TP_HIT,0.0918
402,TRUMP_USDT,SHORT,EMACrossover(5/13-SHORT),2,0.2,1.458,1.456,1.456,1.463,2026-07-31 01:31:59 UTC,2026-07-31 01:37:30 UTC,330.24,0.2916,0.0039,0.0,0.0004,0.04,10.29,MIN_PROFIT_TP_HIT,0.0922
403,TRUMP_USDT,LONG,EMACrossover(5/13-LONG),2,0.2,1.45,1.452,1.452,1.445,2026-07-31 02:08:59 UTC,2026-07-31 02:09:24 UTC,24.67,0.29,0.0039,0.0,0.0004,0.04,10.34,MIN_PROFIT_TP_HIT,0.0926
404,TRUMP_USDT,SHORT,EMACrossover(5/13-SHORT),2,0.2,1.447,1.445,1.445,1.452,2026-07-31 02:14:59 UTC,2026-07-31 02:15:52 UTC,52.28,0.2894,0.0039,0.0,0.0004,0.04,10.37,MIN_PROFIT_TP_HIT,0.093
405,TRUMP_USDT,LONG,EMACrossover(5/13-LONG),2,0.2,1.446,1.448,1.448,1.441,2026-07-31 02:29:59 UTC,2026-07-31 02:31:03 UTC,63.52,0.2892,0.0039,0.0,0.0004,0.04,10.37,MIN_PROFIT_TP_HIT,0.0934
406,TRUMP_USDT,LONG,EMACrossover(5/13-LONG),2,0.2,1.449,1.444,1.451,1.444,2026-07-31 02:32:59 UTC,2026-07-31 03:12:40 UTC,2380.47,0.2898,0.0039,0.0,-0.001,-0.09,-25.88,STOP_LOSS_HIT,0.0924
407,TRUMP_USDT,SHORT,EMACrossover(5/13-SHORT),2,0.2,1.444,1.449,1.442,1.449,2026-07-31 03:13:59 UTC,2026-07-31 03:16:48 UTC,168.14,0.2888,0.0039,0.0,-0.001,-0.09,-25.97,STOP_LOSS_HIT,0.0914
408,TRUMP_USDT,LONG,EMACrossover(5/13-LONG),2,0.2,1.45,1.452,1.452,1.445,2026-07-31 03:17:59 UTC,2026-07-31 03:20:06 UTC,126.9,0.29,0.0039,0.0,0.0004,0.04,10.34,MIN_PROFIT_TP_HIT,0.0918
409,TRUMP_USDT,SHORT,EMACrossover(5/13-SHORT),2,0.2,1.451,1.456,1.449,1.456,2026-07-31 03:38:59 UTC,2026-07-31 04:03:27 UTC,1467.39,0.2902,0.0039,0.0,-0.001,-0.09,-25.84,STOP_LOSS_HIT,0.0908
410,TRUMP_USDT,SHORT,EMACrossover(5/13-SHORT),2,0.2,1.451,1.456,1.449,1.456,2026-07-31 04:10:59 UTC,2026-07-31 04:32:42 UTC,1302.4,0.2902,0.0039,0.0,-0.001,-0.09,-25.84,STOP_LOSS_HIT,0.0898
411,TRUMP_USDT,SHORT,EMACrossover(5/13-SHORT),2,0.2,1.453,1.451,1.451,1.458,2026-07-31 04:39:59 UTC,2026-07-31 04:41:53 UTC,113.04,0.2906,0.0039,0.0,0.0004,0.04,10.32,MIN_PROFIT_TP_HIT,0.0902
412,TRUMP_USDT,LONG,EMACrossover(5/13-LONG),2,0.2,1.452,1.454,1.454,1.447,2026-07-31 05:04:59 UTC,2026-07-31 06:12:23 UTC,4043.33,0.2904,0.0039,0.0,0.0004,0.04,10.33,MIN_PROFIT_TP_HIT,0.0906
413,TRUMP_USDT,LONG,EMACrossover(5/13-LONG),2,0.2,1.45,1.452,1.452,1.445,2026-07-31 06:13:59 UTC,2026-07-31 06:29:58 UTC,958.68,0.29,0.0039,0.0,0.0004,0.04,10.34,MIN_PROFIT_TP_HIT,0.091
414,TRUMP_USDT,LONG,EMACrossover(5/13-LONG),2,0.2,1.451,1.453,1.453,1.446,2026-07-31 06:30:59 UTC,2026-07-31 06:32:40 UTC,100.31,0.2902,0.0039,0.0,0.0004,0.04,10.34,MIN_PROFIT_TP_HIT,0.0914
415,TRUMP_USDT,SHORT,EMACrossover(5/13-SHORT),2,0.2,1.449,1.447,1.447,1.454,2026-07-31 06:37:59 UTC,2026-07-31 06:41:53 UTC,233.48,0.2898,0.0039,0.0,0.0004,0.04,10.35,MIN_PROFIT_TP_HIT,0.0918
416,TRUMP_USDT,LONG,EMACrossover(5/13-LONG),2,0.2,1.449,1.451,1.451,1.444,2026-07-31 06:51:59 UTC,2026-07-31 06:52:42 UTC,42.83,0.2898,0.0039,0.0,0.0004,0.04,10.35,MIN_PROFIT_TP_HIT,0.0922
417,TRUMP_USDT,SHORT,EMACrossover(5/13-SHORT),2,0.2,1.448,1.446,1.446,1.453,2026-07-31 07:01:59 UTC,2026-07-31 07:03:30 UTC,90.22,0.2896,0.0039,0.0,0.0004,0.04,10.36,MIN_PROFIT_TP_HIT,0.0926
418,TRUMP_USDT,LONG,EMACrossover(5/13-LONG),2,0.2,1.444,1.446,1.446,1.439,2026-07-31 07:32:59 UTC,2026-07-31 07:36:12 UTC,192.57,0.2888,0.0039,0.0,0.0004,0.04,10.39,MIN_PROFIT_TP_HIT,0.093
419,TRUMP_USDT,SHORT,EMACrossover(5/13-SHORT),2,0.2,1.452,1.45,1.45,1.457,2026-07-31 08:10:59 UTC,2026-07-31 08:30:04 UTC,1144.87,0.2904,0.0039,0.0,0.0004,0.04,10.33,MIN_PROFIT_TP_HIT,0.0934
420,TRUMP_USDT,LONG,EMACrossover(5/13-LONG),2,0.2,1.452,1.454,1.454,1.447,2026-07-31 08:37:59 UTC,2026-07-31 08:38:08 UTC,8.74,0.2904,0.0039,0.0,0.0004,0.04,10.33,MIN_PROFIT_TP_HIT,0.0938
421,TRUMP_USDT,LONG,EMACrossover(5/13-LONG),2,0.2,1.452,1.454,1.454,1.447,2026-07-31 08:48:59 UTC,2026-07-31 08:50:13 UTC,73.54,0.2904,0.0039,0.0,0.0004,0.04,10.33,MIN_PROFIT_TP_HIT,0.0942
422,TRUMP_USDT,SHORT,EMACrossover(5/13-SHORT),2,0.2,1.452,1.45,1.45,1.457,2026-07-31 09:09:59 UTC,2026-07-31 09:16:16 UTC,376.72,0.2904,0.0039,0.0,0.0004,0.04,10.33,MIN_PROFIT_TP_HIT,0.0946
423,TRUMP_USDT,LONG,EMACrossover(5/13-LONG),2,0.2,1.446,1.448,1.448,1.441,2026-07-31 09:38:59 UTC,2026-07-31 09:40:12 UTC,72.41,0.2892,0.0039,0.0,0.0004,0.04,10.37,MIN_PROFIT_TP_HIT,0.095
424,TRUMP_USDT,LONG,EMACrossover(5/13-LONG),2,0.2,1.449,1.451,1.451,1.444,2026-07-31 09:42:59 UTC,2026-07-31 09:52:17 UTC,557.25,0.2898,0.0039,0.0,0.0004,0.04,10.35,MIN_PROFIT_TP_HIT,0.0954
425,TRUMP_USDT,SHORT,EMACrossover(5/13-SHORT),2,0.2,1.448,1.446,1.446,1.453,2026-07-31 09:56:59 UTC,2026-07-31 10:04:43 UTC,463.31,0.2896,0.0039,0.0,0.0004,0.04,10.36,MIN_PROFIT_TP_HIT,0.0958
426,TRUMP_USDT,LONG,EMACrossover(5/13-LONG),2,0.2,1.449,1.451,1.451,1.444,2026-07-31 10:09:59 UTC,2026-07-31 10:11:19 UTC,79.26,0.2898,0.0039,0.0,0.0004,0.04,10.35,MIN_PROFIT_TP_HIT,0.0962
427,TRUMP_USDT,SHORT,EMACrossover(5/13-SHORT),2,0.2,1.45,1.448,1.448,1.455,2026-07-31 10:19:59 UTC,2026-07-31 10:26:52 UTC,412.51,0.29,0.0039,0.0,0.0004,0.04,10.34,MIN_PROFIT_TP_HIT,0.0966
428,TRUMP_USDT,SHORT,EMACrossover(5/13-SHORT),2,0.2,1.449,1.447,1.447,1.454,2026-07-31 10:27:59 UTC,2026-07-31 10:28:01 UTC,1.44,0.2898,0.0039,0.0,0.0004,0.04,10.35,MIN_PROFIT_TP_HIT,0.097
429,TRUMP_USDT,LONG,EMACrossover(5/13-LONG),2,0.2,1.443,1.438,1.445,1.438,2026-07-31 11:03:59 UTC,2026-07-31 11:11:10 UTC,430.1,0.2886,0.0038,0.0,-0.001,-0.09,-25.99,STOP_LOSS_HIT,0.096
430,TRUMP_USDT,LONG,EMACrossover(5/13-LONG),2,0.2,1.439,1.441,1.441,1.434,2026-07-31 11:27:59 UTC,2026-07-31 11:28:32 UTC,32.28,0.2878,0.0038,0.0,0.0004,0.04,10.42,MIN_PROFIT_TP_HIT,0.0964
431,TRUMP_USDT,SHORT,EMACrossover(5/13-SHORT),2,0.2,1.435,1.433,1.433,1.44,2026-07-31 11:33:59 UTC,2026-07-31 11:47:03 UTC,783.27,0.287,0.0038,0.0,0.0004,0.04,10.45,MIN_PROFIT_TP_HIT,0.0968
432,TRUMP_USDT,LONG,EMACrossover(5/13-LONG),2,0.2,1.435,1.43,1.437,1.43,2026-07-31 11:59:59 UTC,2026-07-31 12:08:56 UTC,536.25,0.287,0.0038,0.0,-0.001,-0.09,-26.13,STOP_LOSS_HIT,0.0958
433,TRUMP_USDT,LONG,EMACrossover(5/13-LONG),2,0.2,1.433,1.435,1.435,1.428,2026-07-31 12:19:59 UTC,2026-07-31 12:20:01 UTC,1.72,0.2866,0.0038,0.0,0.0004,0.04,10.47,MIN_PROFIT_TP_HIT,0.0962
434,TRUMP_USDT,SHORT,EMACrossover(5/13-SHORT),2,0.2,1.432,1.43,1.43,1.437,2026-07-31 12:32:59 UTC,2026-07-31 12:34:04 UTC,64.35,0.2864,0.0038,0.0,0.0004,0.04,10.47,MIN_PROFIT_TP_HIT,0.0966
435,TRUMP_USDT,LONG,EMACrossover(5/13-LONG),2,0.2,1.433,1.428,1.435,1.428,2026-07-31 12:54:59 UTC,2026-07-31 13:13:12 UTC,1092.05,0.2866,0.0038,0.0,-0.001,-0.09,-26.17,STOP_LOSS_HIT,0.0956
436,TRUMP_USDT,LONG,EMACrossover(5/13-LONG),2,0.2,1.434,1.436,1.436,1.429,2026-07-31 13:16:59 UTC,2026-07-31 13:19:34 UTC,154.46,0.2868,0.0038,0.0,0.0004,0.04,10.46,MIN_PROFIT_TP_HIT,0.096
437,TRUMP_USDT,SHORT,EMACrossover(5/13-SHORT),2,0.2,1.435,1.44,1.433,1.44,2026-07-31 13:32:59 UTC,2026-07-31 13:34:42 UTC,102.67,0.287,0.0038,0.0,-0.001,-0.09,-26.13,STOP_LOSS_HIT,0.095
438,TRUMP_USDT,LONG,EMACrossover(5/13-LONG),2,0.2,1.44,1.435,1.442,1.435,2026-07-31 13:35:59 UTC,2026-07-31 13:38:28 UTC,148.69,0.288,0.0038,0.0,-0.001,-0.09,-26.04,STOP_LOSS_HIT,0.094
439,TRUMP_USDT,SHORT,EMACrossover(5/13-SHORT),2,0.2,1.434,1.432,1.432,1.439,2026-07-31 13:40:59 UTC,2026-07-31 13:41:56 UTC,56.45,0.2868,0.0038,0.0,0.0004,0.04,10.46,MIN_PROFIT_TP_HIT,0.0944
440,TRUMP_USDT,LONG,EMACrossover(5/13-LONG),2,0.2,1.435,1.437,1.437,1.43,2026-07-31 14:13:59 UTC,2026-07-31 14:14:11 UTC,11.23,0.287,0.0038,0.0,0.0004,0.04,10.45,MIN_PROFIT_TP_HIT,0.0948
441,TRUMP_USDT,SHORT,EMACrossover(5/13-SHORT),2,0.2,1.438,1.443,1.436,1.443,2026-07-31 14:30:59 UTC,2026-07-31 14:35:16 UTC,256.99,0.2876,0.0038,0.0,-0.001,-0.09,-26.08,STOP_LOSS_HIT,0.0938
442,TRUMP_USDT,SHORT,EMACrossover(5/13-SHORT),2,0.2,1.437,1.442,1.435,1.442,2026-07-31 14:43:59 UTC,2026-07-31 14:49:30 UTC,330.26,0.2874,0.0038,0.0,-0.001,-0.09,-26.1,STOP_LOSS_HIT,0.0928
443,TRUMP_USDT,SHORT,EMACrossover(5/13-SHORT),2,0.2,1.436,1.434,1.434,1.441,2026-07-31 14:53:59 UTC,2026-07-31 14:54:20 UTC,20.32,0.2872,0.0038,0.0,0.0004,0.04,10.45,MIN_PROFIT_TP_HIT,0.0932
444,TRUMP_USDT,LONG,EMACrossover(5/13-LONG),2,0.2,1.434,1.436,1.436,1.429,2026-07-31 15:30:59 UTC,2026-07-31 15:31:24 UTC,24.46,0.2868,0.0038,0.0,0.0004,0.04,10.46,MIN_PROFIT_TP_HIT,0.0936
445,TRUMP_USDT,SHORT,EMACrossover(5/13-SHORT),2,0.2,1.435,1.44,1.433,1.44,2026-07-31 15:48:59 UTC,2026-07-31 15:54:10 UTC,310.94,0.287,0.0038,0.0,-0.001,-0.09,-26.13,STOP_LOSS_HIT,0.0926
446,TRUMP_USDT,SHORT,EMACrossover(5/13-SHORT),2,0.2,1.439,1.437,1.437,1.444,2026-07-31 16:04:59 UTC,2026-07-31 16:06:35 UTC,95.25,0.2878,0.0038,0.0,0.0004,0.04,10.42,MIN_PROFIT_TP_HIT,0.093
447,TRUMP_USDT,SHORT,EMACrossover(5/13-SHORT),2,0.2,1.439,1.437,1.437,1.444,2026-07-31 16:07:59 UTC,2026-07-31 16:08:10 UTC,10.07,0.2878,0.0038,0.0,0.0004,0.04,10.42,MIN_PROFIT_TP_HIT,0.0934
448,TRUMP_USDT,LONG,EMACrossover(5/13-LONG),2,0.2,1.439,1.441,1.441,1.434,2026-07-31 16:12:59 UTC,2026-07-31 16:24:37 UTC,697.79,0.2878,0.0038,0.0,0.0004,0.04,10.42,MIN_PROFIT_TP_HIT,0.0938
449,TRUMP_USDT,SHORT,EMACrossover(5/13-SHORT),2,0.2,1.439,1.437,1.437,1.444,2026-07-31 16:37:59 UTC,2026-07-31 16:47:36 UTC,576.13,0.2878,0.0038,0.0,0.0004,0.04,10.42,MIN_PROFIT_TP_HIT,0.0942
450,TRUMP_USDT,SHORT,EMACrossover(5/13-SHORT),2,0.2,1.437,1.442,1.435,1.442,2026-07-31 16:48:59 UTC,2026-07-31 16:51:58 UTC,178.79,0.2874,0.0038,0.0,-0.001,-0.09,-26.1,STOP_LOSS_HIT,0.0932
451,TRUMP_USDT,LONG,EMACrossover(5/13-LONG),2,0.2,1.44,1.442,1.442,1.435,2026-07-31 16:52:59 UTC,2026-07-31 16:59:13 UTC,373.02,0.288,0.0038,0.0,0.0004,0.04,10.42,MIN_PROFIT_TP_HIT,0.0936
452,TRUMP_USDT,SHORT,EMACrossover(5/13-SHORT),2,0.2,1.44,1.438,1.438,1.445,2026-07-31 17:04:59 UTC,2026-07-31 17:05:53 UTC,53.05,0.288,0.0038,0.0,0.0004,0.04,10.42,MIN_PROFIT_TP_HIT,0.094
453,TRUMP_USDT,LONG,EMACrossover(5/13-LONG),2,0.2,1.438,1.44,1.44,1.433,2026-07-31 17:15:59 UTC,2026-07-31 17:19:35 UTC,215.91,0.2876,0.0038,0.0,0.0004,0.04,10.43,MIN_PROFIT_TP_HIT,0.0944
454,TRUMP_USDT,LONG,EMACrossover(5/13-LONG),2,0.2,1.439,1.441,1.441,1.434,2026-07-31 17:21:59 UTC,2026-07-31 17:24:08 UTC,128.94,0.2878,0.0038,0.0,0.0004,0.04,10.42,MIN_PROFIT_TP_HIT,0.0948
455,TRUMP_USDT,SHORT,EMACrossover(5/13-SHORT),2,0.2,1.441,1.446,1.439,1.446,2026-07-31 17:42:59 UTC,2026-07-31 17:51:49 UTC,529.96,0.2882,0.0038,0.0,-0.001,-0.09,-26.02,STOP_LOSS_HIT,0.0938
456,TRUMP_USDT,SHORT,EMACrossover(5/13-SHORT),2,0.2,1.446,1.444,1.444,1.451,2026-07-31 18:14:59 UTC,2026-07-31 18:21:59 UTC,419.8,0.2892,0.0039,0.0,0.0004,0.04,10.37,MIN_PROFIT_TP_HIT,0.0942
457,TRUMP_USDT,LONG,EMACrossover(5/13-LONG),2,0.2,1.442,1.437,1.444,1.437,2026-07-31 18:53:59 UTC,2026-07-31 19:05:15 UTC,675.78,0.2884,0.0038,0.0,-0.001,-0.09,-26.01,STOP_LOSS_HIT,0.0932
458,TRUMP_USDT,LONG,EMACrossover(5/13-LONG),2,0.2,1.435,1.437,1.437,1.43,2026-07-31 19:46:59 UTC,2026-07-31 19:47:07 UTC,7.55,0.287,0.0038,0.0,0.0004,0.04,10.45,MIN_PROFIT_TP_HIT,0.0936
459,TRUMP_USDT,SHORT,EMACrossover(5/13-SHORT),2,0.2,1.433,1.431,1.431,1.438,2026-07-31 20:00:59 UTC,2026-07-31 21:00:39 UTC,3579.4,0.2866,0.0038,0.0,0.0004,0.04,10.47,MIN_PROFIT_TP_HIT,0.094
460,TRUMP_USDT,LONG,EMACrossover(5/13-LONG),2,0.2,1.421,1.423,1.423,1.416,2026-07-31 21:22:59 UTC,2026-07-31 21:23:07 UTC,7.26,0.2842,0.0038,0.0,0.0004,0.04,10.56,MIN_PROFIT_TP_HIT,0.0944
461,TRUMP_USDT,SHORT,EMACrossover(5/13-SHORT),2,0.2,1.418,1.416,1.416,1.423,2026-07-31 21:33:59 UTC,2026-07-31 21:52:01 UTC,1081.38,0.2836,0.0038,0.0,0.0004,0.04,10.58,MIN_PROFIT_TP_HIT,0.0948
462,TRUMP_USDT,LONG,EMACrossover(5/13-LONG),2,0.2,1.413,1.415,1.415,1.408,2026-07-31 22:09:59 UTC,2026-07-31 22:10:55 UTC,55.75,0.2826,0.0038,0.0,0.0004,0.04,10.62,MIN_PROFIT_TP_HIT,0.0952
463,TRUMP_USDT,SHORT,EMACrossover(5/13-SHORT),2,0.2,1.412,1.417,1.41,1.417,2026-07-31 22:23:59 UTC,2026-07-31 23:59:01 UTC,5701.15,0.2824,0.0038,0.0,-0.001,-0.09,-26.56,STOP_LOSS_HIT,0.0942
464,TRUMP_USDT,SHORT,EMACrossover(5/13-SHORT),2,0.2,1.419,1.424,1.417,1.424,2026-08-01 00:21:59 UTC,2026-08-01 00:28:36 UTC,396.05,0.2838,0.0038,0.0,-0.001,-0.09,-26.43,STOP_LOSS_HIT,0.0932
465,TRUMP_USDT,SHORT,EMACrossover(5/13-SHORT),2,0.2,1.42,1.425,1.418,1.425,2026-08-01 00:33:59 UTC,2026-08-01 00:44:23 UTC,623.05,0.284,0.0038,0.0,-0.001,-0.09,-26.41,STOP_LOSS_HIT,0.0922
466,TRUMP_USDT,SHORT,EMACrossover(5/13-SHORT),2,0.2,1.426,1.431,1.424,1.431,2026-08-01 00:59:59 UTC,2026-08-01 01:07:11 UTC,431.03,0.2852,0.0038,0.0,-0.001,-0.09,-26.3,STOP_LOSS_HIT,0.0912
467,TRUMP_USDT,SHORT,EMACrossover(5/13-SHORT),2,0.2,1.429,1.434,1.427,1.434,2026-08-01 01:21:59 UTC,2026-08-01 01:37:31 UTC,931.48,0.2858,0.0038,0.0,-0.001,-0.09,-26.24,STOP_LOSS_HIT,0.0902
468,TRUMP_USDT,SHORT,EMACrossover(5/13-SHORT),2,0.2,1.43,1.435,1.428,1.435,2026-08-01 01:50:59 UTC,2026-08-01 02:19:08 UTC,1688.38,0.286,0.0038,0.0,-0.001,-0.09,-26.22,STOP_LOSS_HIT,0.0892
469,TRUMP_USDT,SHORT,EMACrossover(5/13-SHORT),2,0.2,1.433,1.431,1.431,1.438,2026-08-01 02:29:59 UTC,2026-08-01 02:40:15 UTC,615.87,0.2866,0.0038,0.0,0.0004,0.04,10.47,MIN_PROFIT_TP_HIT,0.0896
470,TRUMP_USDT,LONG,EMACrossover(5/13-LONG),2,0.2,1.432,1.434,1.434,1.427,2026-08-01 02:47:59 UTC,2026-08-01 02:48:43 UTC,43.46,0.2864,0.0038,0.0,0.0004,0.04,10.47,MIN_PROFIT_TP_HIT,0.09
471,TRUMP_USDT,LONG,EMACrossover(5/13-LONG),2,0.2,1.433,1.428,1.435,1.428,2026-08-01 02:49:59 UTC,2026-08-01 03:11:24 UTC,1284.65,0.2866,0.0038,0.0,-0.001,-0.09,-26.17,STOP_LOSS_HIT,0.089
472,TRUMP_USDT,LONG,EMACrossover(5/13-LONG),2,0.2,1.43,1.425,1.432,1.425,2026-08-01 03:23:59 UTC,2026-08-01 03:28:33 UTC,273.54,0.286,0.0038,0.0,-0.001,-0.09,-26.22,STOP_LOSS_HIT,0.088
473,TRUMP_USDT,LONG,EMACrossover(5/13-LONG),2,0.2,1.427,1.429,1.429,1.422,2026-08-01 03:45:59 UTC,2026-08-01 03:51:12 UTC,312.72,0.2854,0.0038,0.0,0.0004,0.04,10.51,MIN_PROFIT_TP_HIT,0.0884
474,TRUMP_USDT,SHORT,EMACrossover(5/13-SHORT),2,0.2,1.429,1.427,1.427,1.434,2026-08-01 04:09:59 UTC,2026-08-01 05:18:25 UTC,4105.74,0.2858,0.0038,0.0,0.0004,0.04,10.5,MIN_PROFIT_TP_HIT,0.0888
475,TRUMP_USDT,LONG,EMACrossover(5/13-LONG),2,0.2,1.427,1.429,1.429,1.422,2026-08-01 05:39:59 UTC,2026-08-01 05:55:16 UTC,916.11,0.2854,0.0038,0.0,0.0004,0.04,10.51,MIN_PROFIT_TP_HIT,0.0892
476,TRUMP_USDT,SHORT,EMACrossover(5/13-SHORT),2,0.2,1.427,1.425,1.425,1.432,2026-08-01 06:03:59 UTC,2026-08-01 06:09:17 UTC,317.53,0.2854,0.0038,0.0,0.0004,0.04,10.51,MIN_PROFIT_TP_HIT,0.0896
477,TRUMP_USDT,LONG,EMACrossover(5/13-LONG),2,0.2,1.428,1.43,1.43,1.423,2026-08-01 06:21:59 UTC,2026-08-01 06:28:45 UTC,405.48,0.2856,0.0038,0.0,0.0004,0.04,10.5,MIN_PROFIT_TP_HIT,0.09
478,TRUMP_USDT,SHORT,EMACrossover(5/13-SHORT),2,0.2,1.427,1.425,1.425,1.432,2026-08-01 06:34:59 UTC,2026-08-01 06:56:12 UTC,1272.41,0.2854,0.0038,0.0,0.0004,0.04,10.51,MIN_PROFIT_TP_HIT,0.0904
479,TRUMP_USDT,LONG,EMACrossover(5/13-LONG),2,0.2,1.426,1.428,1.428,1.421,2026-08-01 07:06:59 UTC,2026-08-01 07:10:20 UTC,200.84,0.2852,0.0038,0.0,0.0004,0.04,10.52,MIN_PROFIT_TP_HIT,0.0908
480,TRUMP_USDT,SHORT,EMACrossover(5/13-SHORT),2,0.2,1.427,1.432,1.425,1.432,2026-08-01 07:19:59 UTC,2026-08-01 07:32:29 UTC,749.84,0.2854,0.0038,0.0,-0.001,-0.09,-26.28,STOP_LOSS_HIT,0.0898
481,TRUMP_USDT,SHORT,EMACrossover(5/13-SHORT),2,0.2,1.431,1.429,1.429,1.436,2026-08-01 07:43:59 UTC,2026-08-01 07:45:43 UTC,103.64,0.2862,0.0038,0.0,0.0004,0.04,10.48,MIN_PROFIT_TP_HIT,0.0902
482,TRUMP_USDT,SHORT,EMACrossover(5/13-SHORT),2,0.2,1.43,1.428,1.428,1.435,2026-08-01 07:47:59 UTC,2026-08-01 07:54:47 UTC,407.47,0.286,0.0038,0.0,0.0004,0.04,10.49,MIN_PROFIT_TP_HIT,0.0906
483,TRUMP_USDT,LONG,EMACrossover(5/13-LONG),2,0.2,1.428,1.43,1.43,1.423,2026-08-01 08:17:59 UTC,2026-08-01 08:20:38 UTC,158.1,0.2856,0.0038,0.0,0.0004,0.04,10.5,MIN_PROFIT_TP_HIT,0.091
484,TRUMP_USDT,SHORT,EMACrossover(5/13-SHORT),2,0.2,1.427,1.432,1.425,1.432,2026-08-01 08:26:59 UTC,2026-08-01 09:01:35 UTC,2075.2,0.2854,0.0038,0.0,-0.001,-0.09,-26.28,STOP_LOSS_HIT,0.09
485,TRUMP_USDT,SHORT,EMACrossover(5/13-SHORT),2,0.2,1.428,1.426,1.426,1.433,2026-08-01 09:03:59 UTC,2026-08-01 09:31:29 UTC,1649.23,0.2856,0.0038,0.0,0.0004,0.04,10.5,MIN_PROFIT_TP_HIT,0.0904
486,TRUMP_USDT,LONG,EMACrossover(5/13-LONG),2,0.2,1.428,1.43,1.43,1.423,2026-08-01 09:38:59 UTC,2026-08-01 09:41:18 UTC,138.62,0.2856,0.0038,0.0,0.0004,0.04,10.5,MIN_PROFIT_TP_HIT,0.0908
487,TRUMP_USDT,LONG,EMACrossover(5/13-LONG),2,0.2,1.43,1.425,1.432,1.425,2026-08-01 09:42:59 UTC,2026-08-01 09:53:58 UTC,658.47,0.286,0.0038,0.0,-0.001,-0.09,-26.22,STOP_LOSS_HIT,0.0898
488,TRUMP_USDT,LONG,EMACrossover(5/13-LONG),2,0.2,1.425,1.427,1.427,1.42,2026-08-01 10:08:59 UTC,2026-08-01 10:11:14 UTC,134.45,0.285,0.0038,0.0,0.0004,0.04,10.53,MIN_PROFIT_TP_HIT,0.0902
489,TRUMP_USDT,SHORT,EMACrossover(5/13-SHORT),2,0.2,1.427,1.425,1.425,1.432,2026-08-01 10:26:59 UTC,2026-08-01 10:32:01 UTC,301.42,0.2854,0.0038,0.0,0.0004,0.04,10.51,MIN_PROFIT_TP_HIT,0.0906
490,TRUMP_USDT,LONG,EMACrossover(5/13-LONG),2,0.2,1.426,1.421,1.428,1.421,2026-08-01 10:44:59 UTC,2026-08-01 11:25:24 UTC,2424.69,0.2852,0.0038,0.0,-0.001,-0.09,-26.3,STOP_LOSS_HIT,0.0896
491,TRUMP_USDT,LONG,EMACrossover(5/13-LONG),2,0.2,1.42,1.422,1.422,1.415,2026-08-01 11:55:59 UTC,2026-08-01 11:58:33 UTC,153.47,0.284,0.0038,0.0,0.0004,0.04,10.56,MIN_PROFIT_TP_HIT,0.09
492,TRUMP_USDT,LONG,EMACrossover(5/13-LONG),2,0.2,1.421,1.423,1.423,1.416,2026-08-01 11:59:59 UTC,2026-08-01 12:00:10 UTC,10.07,0.2842,0.0038,0.0,0.0004,0.04,10.56,MIN_PROFIT_TP_HIT,0.0904
493,TRUMP_USDT,SHORT,EMACrossover(5/13-SHORT),2,0.2,1.424,1.422,1.422,1.429,2026-08-01 12:28:59 UTC,2026-08-01 13:46:35 UTC,4655.26,0.2848,0.0038,0.0,0.0004,0.04,10.53,MIN_PROFIT_TP_HIT,0.0908
494,TRUMP_USDT,LONG,EMACrossover(5/13-LONG),2,0.2,1.425,1.42,1.427,1.42,2026-08-01 13:55:59 UTC,2026-08-01 14:32:49 UTC,2209.06,0.285,0.0038,0.0,-0.001,-0.09,-26.32,STOP_LOSS_HIT,0.0898
495,TRUMP_USDT,LONG,EMACrossover(5/13-LONG),2,0.2,1.423,1.425,1.425,1.418,2026-08-01 14:40:59 UTC,2026-08-01 14:59:36 UTC,1116.99,0.2846,0.0038,0.0,0.0004,0.04,10.54,MIN_PROFIT_TP_HIT,0.0902
496,TRUMP_USDT,SHORT,EMACrossover(5/13-SHORT),2,0.2,1.433,1.431,1.431,1.438,2026-08-01 15:20:59 UTC,2026-08-01 15:24:46 UTC,226.42,0.2866,0.0038,0.0,0.0004,0.04,10.47,MIN_PROFIT_TP_HIT,0.0906
497,TRUMP_USDT,LONG,EMACrossover(5/13-LONG),2,0.2,1.433,1.435,1.435,1.428,2026-08-01 15:37:59 UTC,2026-08-01 15:39:37 UTC,97.76,0.2866,0.0038,0.0,0.0004,0.04,10.47,MIN_PROFIT_TP_HIT,0.091
498,TRUMP_USDT,SHORT,EMACrossover(5/13-SHORT),2,0.2,1.438,1.443,1.436,1.443,2026-08-01 16:10:59 UTC,2026-08-01 16:11:58 UTC,58.95,0.2876,0.0038,0.0,-0.001,-0.09,-26.08,STOP_LOSS_HIT,0.09
499,TRUMP_USDT,LONG,EMACrossover(5/13-LONG),2,0.2,1.443,1.445,1.445,1.438,2026-08-01 16:12:59 UTC,2026-08-01 16:13:35 UTC,35.84,0.2886,0.0038,0.0,0.0004,0.04,10.4,MIN_PROFIT_TP_HIT,0.0904
500,TRUMP_USDT,SHORT,EMACrossover(5/13-SHORT),2,0.2,1.436,1.441,1.434,1.441,2026-08-01 16:20:59 UTC,2026-08-01 16:22:37 UTC,97.07,0.2872,0.0038,0.0,-0.001,-0.09,-26.11,STOP_LOSS_HIT,0.0894
501,TRUMP_USDT,LONG,EMACrossover(5/13-LONG),2,0.2,1.44,1.435,1.442,1.435,2026-08-01 16:28:59 UTC,2026-08-01 16:42:09 UTC,789.81,0.288,0.0038,0.0,-0.001,-0.09,-26.04,STOP_LOSS_HIT,0.0884
502,TRUMP_USDT,LONG,EMACrossover(5/13-LONG),2,0.2,1.429,1.431,1.431,1.424,2026-08-01 17:22:59 UTC,2026-08-01 17:23:36 UTC,36.05,0.2858,0.0038,0.0,0.0004,0.04,10.5,MIN_PROFIT_TP_HIT,0.0888
503,TRUMP_USDT,LONG,EMACrossover(5/13-LONG),2,0.2,1.431,1.426,1.433,1.426,2026-08-01 17:24:59 UTC,2026-08-01 17:25:42 UTC,42.74,0.2862,0.0038,0.0,-0.001,-0.09,-26.21,STOP_LOSS_HIT,0.0878
504,TRUMP_USDT,SHORT,EMACrossover(5/13-SHORT),2,0.2,1.425,1.423,1.423,1.43,2026-08-01 17:26:59 UTC,2026-08-01 17:34:02 UTC,422.35,0.285,0.0038,0.0,0.0004,0.04,10.53,MIN_PROFIT_TP_HIT,0.0882
505,TRUMP_USDT,LONG,EMACrossover(5/13-LONG),2,0.2,1.426,1.421,1.428,1.421,2026-08-01 17:42:59 UTC,2026-08-01 17:50:55 UTC,475.87,0.2852,0.0038,0.0,-0.001,-0.09,-26.3,STOP_LOSS_HIT,0.0872
506,TRUMP_USDT,LONG,EMACrossover(5/13-LONG),2,0.2,1.426,1.428,1.428,1.421,2026-08-01 17:57:59 UTC,2026-08-01 18:06:30 UTC,510.91,0.2852,0.0038,0.0,0.0004,0.04,10.52,MIN_PROFIT_TP_HIT,0.0876
507,TRUMP_USDT,SHORT,EMACrossover(5/13-SHORT),2,0.2,1.424,1.422,1.422,1.429,2026-08-01 18:18:59 UTC,2026-08-01 18:21:00 UTC,120.49,0.2848,0.0038,0.0,0.0004,0.04,10.53,MIN_PROFIT_TP_HIT,0.088
508,TRUMP_USDT,LONG,EMACrossover(5/13-LONG),2,0.2,1.422,1.417,1.424,1.417,2026-08-01 18:40:59 UTC,2026-08-01 18:42:58 UTC,118.97,0.2844,0.0038,0.0,-0.001,-0.09,-26.37,STOP_LOSS_HIT,0.087
509,TRUMP_USDT,SHORT,EMACrossover(5/13-SHORT),2,0.2,1.415,1.413,1.413,1.42,2026-08-01 18:44:59 UTC,2026-08-01 18:45:06 UTC,6.39,0.283,0.0038,0.0,0.0004,0.04,10.6,MIN_PROFIT_TP_HIT,0.0874
510,TRUMP_USDT,LONG,EMACrossover(5/13-LONG),2,0.2,1.418,1.42,1.42,1.413,2026-08-01 18:56:59 UTC,2026-08-01 18:57:31 UTC,31.55,0.2836,0.0038,0.0,0.0004,0.04,10.58,MIN_PROFIT_TP_HIT,0.0878
511,TRUMP_USDT,SHORT,EMACrossover(5/13-SHORT),2,0.2,1.418,1.416,1.416,1.423,2026-08-01 19:16:59 UTC,2026-08-01 19:20:06 UTC,186.2,0.2836,0.0038,0.0,0.0004,0.04,10.58,MIN_PROFIT_TP_HIT,0.0882
512,TRUMP_USDT,LONG,EMACrossover(5/13-LONG),2,0.2,1.42,1.422,1.422,1.415,2026-08-01 19:28:59 UTC,2026-08-01 19:30:32 UTC,92.66,0.284,0.0038,0.0,0.0004,0.04,10.56,MIN_PROFIT_TP_HIT,0.0886
513,TRUMP_USDT,SHORT,EMACrossover(5/13-SHORT),2,0.2,1.423,1.421,1.421,1.428,2026-08-01 19:56:59 UTC,2026-08-01 20:00:11 UTC,191.19,0.2846,0.0038,0.0,0.0004,0.04,10.54,MIN_PROFIT_TP_HIT,0.089
514,TRUMP_USDT,SHORT,EMACrossover(5/13-SHORT),2,0.2,1.423,1.421,1.421,1.428,2026-08-01 20:01:59 UTC,2026-08-01 20:08:14 UTC,374.79,0.2846,0.0038,0.0,0.0004,0.04,10.54,MIN_PROFIT_TP_HIT,0.0894
515,TRUMP_USDT,SHORT,EMACrossover(5/13-SHORT),2,0.2,1.424,1.422,1.422,1.429,2026-08-01 20:10:59 UTC,2026-08-01 20:12:04 UTC,64.17,0.2848,0.0038,0.0,0.0004,0.04,10.53,MIN_PROFIT_TP_HIT,0.0898
516,TRUMP_USDT,SHORT,EMACrossover(5/13-SHORT),2,0.2,1.422,1.427,1.42,1.427,2026-08-01 20:31:59 UTC,2026-08-01 20:35:13 UTC,193.71,0.2844,0.0038,0.0,-0.001,-0.09,-26.37,STOP_LOSS_HIT,0.0888
517,TRUMP_USDT,LONG,EMACrossover(5/13-LONG),2,0.2,1.427,1.429,1.429,1.422,2026-08-01 20:36:59 UTC,2026-08-01 20:49:41 UTC,761.44,0.2854,0.0038,0.0,0.0004,0.04,10.51,MIN_PROFIT_TP_HIT,0.0892
518,TRUMP_USDT,SHORT,EMACrossover(5/13-SHORT),2,0.2,1.427,1.432,1.425,1.432,2026-08-01 20:56:59 UTC,2026-08-01 21:01:54 UTC,294.75,0.2854,0.0038,0.0,-0.001,-0.09,-26.28,STOP_LOSS_HIT,0.0882
519,TRUMP_USDT,SHORT,EMACrossover(5/13-SHORT),2,0.2,1.43,1.435,1.428,1.435,2026-08-01 21:26:59 UTC,2026-08-01 21:43:53 UTC,1013.34,0.286,0.0038,0.0,-0.001,-0.09,-26.22,STOP_LOSS_HIT,0.0872
520,TRUMP_USDT,SHORT,EMACrossover(5/13-SHORT),2,0.2,1.439,1.437,1.437,1.444,2026-08-01 22:14:59 UTC,2026-08-01 22:21:20 UTC,380.7,0.2878,0.0038,0.0,0.0004,0.04,10.42,MIN_PROFIT_TP_HIT,0.0876
521,TRUMP_USDT,SHORT,EMACrossover(5/13-SHORT),2,0.2,1.438,1.436,1.436,1.443,2026-08-01 22:22:59 UTC,2026-08-01 22:47:12 UTC,1452.87,0.2876,0.0038,0.0,0.0004,0.04,10.43,MIN_PROFIT_TP_HIT,0.088
522,TRUMP_USDT,LONG,EMACrossover(5/13-LONG),2,0.2,1.435,1.43,1.437,1.43,2026-08-01 23:11:59 UTC,2026-08-01 23:23:51 UTC,711.07,0.287,0.0038,0.0,-0.001,-0.09,-26.13,STOP_LOSS_HIT,0.087
523,TRUMP_USDT,LONG,EMACrossover(5/13-LONG),2,0.2,1.435,1.437,1.437,1.43,2026-08-01 23:37:59 UTC,2026-08-02 00:01:13 UTC,1393.42,0.287,0.0038,0.0,0.0004,0.04,10.45,MIN_PROFIT_TP_HIT,0.0874
524,TRUMP_USDT,SHORT,EMACrossover(5/13-SHORT),2,0.2,1.439,1.437,1.437,1.444,2026-08-02 00:25:59 UTC,2026-08-02 00:29:25 UTC,205.39,0.2878,0.0038,0.0,0.0004,0.04,10.42,MIN_PROFIT_TP_HIT,0.0878
525,TRUMP_USDT,LONG,EMACrossover(5/13-LONG),2,0.2,1.437,1.439,1.439,1.432,2026-08-02 00:45:59 UTC,2026-08-02 00:56:54 UTC,654.9,0.2874,0.0038,0.0,0.0004,0.04,10.44,MIN_PROFIT_TP_HIT,0.0882
526,TRUMP_USDT,LONG,EMACrossover(5/13-LONG),2,0.2,1.438,1.44,1.44,1.433,2026-08-02 00:57:59 UTC,2026-08-02 01:00:05 UTC,125.57,0.2876,0.0038,0.0,0.0004,0.04,10.43,MIN_PROFIT_TP_HIT,0.0886
527,TRUMP_USDT,SHORT,EMACrossover(5/13-SHORT),2,0.2,1.447,1.445,1.445,1.452,2026-08-02 01:51:59 UTC,2026-08-02 02:05:01 UTC,781.14,0.2894,0.0039,0.0,0.0004,0.04,10.37,MIN_PROFIT_TP_HIT,0.089
528,TRUMP_USDT,LONG,EMACrossover(5/13-LONG),2,0.2,1.457,1.459,1.459,1.452,2026-08-02 02:07:59 UTC,2026-08-02 02:08:02 UTC,2.34,0.2914,0.0039,0.0,0.0004,0.04,10.3,MIN_PROFIT_TP_HIT,0.0894
529,TRUMP_USDT,SHORT,EMACrossover(5/13-SHORT),2,0.2,1.454,1.452,1.452,1.459,2026-08-02 02:25:59 UTC,2026-08-02 02:27:06 UTC,66.08,0.2908,0.0039,0.0,0.0004,0.04,10.32,MIN_PROFIT_TP_HIT,0.0898
530,TRUMP_USDT,LONG,EMACrossover(5/13-LONG),2,0.2,1.453,1.455,1.455,1.448,2026-08-02 02:50:59 UTC,2026-08-02 02:54:21 UTC,201.31,0.2906,0.0039,0.0,0.0004,0.04,10.32,MIN_PROFIT_TP_HIT,0.0902
531,TRUMP_USDT,SHORT,EMACrossover(5/13-SHORT),2,0.2,1.452,1.45,1.45,1.457,2026-08-02 03:00:59 UTC,2026-08-02 03:03:29 UTC,149.85,0.2904,0.0039,0.0,0.0004,0.04,10.33,MIN_PROFIT_TP_HIT,0.0906
532,TRUMP_USDT,LONG,EMACrossover(5/13-LONG),2,0.2,1.452,1.454,1.454,1.447,2026-08-02 03:19:59 UTC,2026-08-02 03:27:31 UTC,451.48,0.2904,0.0039,0.0,0.0004,0.04,10.33,MIN_PROFIT_TP_HIT,0.091
533,TRUMP_USDT,SHORT,EMACrossover(5/13-SHORT),2,0.2,1.454,1.452,1.452,1.459,2026-08-02 03:45:59 UTC,2026-08-02 03:46:21 UTC,21.76,0.2908,0.0039,0.0,0.0004,0.04,10.32,MIN_PROFIT_TP_HIT,0.0914
534,TRUMP_USDT,SHORT,EMACrossover(5/13-SHORT),2,0.2,1.453,1.451,1.451,1.458,2026-08-02 03:51:59 UTC,2026-08-02 04:00:00 UTC,480.84,0.2906,0.0039,0.0,0.0004,0.04,10.32,MIN_PROFIT_TP_HIT,0.0918
535,TRUMP_USDT,LONG,EMACrossover(5/13-LONG),2,0.2,1.455,1.45,1.457,1.45,2026-08-02 04:01:59 UTC,2026-08-02 04:44:34 UTC,2554.96,0.291,0.0039,0.0,-0.001,-0.09,-25.77,STOP_LOSS_HIT,0.0908
536,TRUMP_USDT,LONG,EMACrossover(5/13-LONG),2,0.2,1.453,1.455,1.455,1.448,2026-08-02 04:45:59 UTC,2026-08-02 04:58:24 UTC,744.33,0.2906,0.0039,0.0,0.0004,0.04,10.32,MIN_PROFIT_TP_HIT,0.0912
537,TRUMP_USDT,SHORT,EMACrossover(5/13-SHORT),2,0.2,1.453,1.458,1.451,1.458,2026-08-02 05:16:59 UTC,2026-08-02 05:21:51 UTC,291.28,0.2906,0.0039,0.0,-0.001,-0.09,-25.81,STOP_LOSS_HIT,0.0902
538,TRUMP_USDT,SHORT,EMACrossover(5/13-SHORT),2,0.2,1.46,1.458,1.458,1.465,2026-08-02 05:54:59 UTC,2026-08-02 06:08:13 UTC,793.73,0.292,0.0039,0.0,0.0004,0.04,10.27,MIN_PROFIT_TP_HIT,0.0906
539,TRUMP_USDT,SHORT,EMACrossover(5/13-SHORT),2,0.2,1.457,1.455,1.455,1.462,2026-08-02 06:09:59 UTC,2026-08-02 06:12:14 UTC,134.15,0.2914,0.0039,0.0,0.0004,0.04,10.3,MIN_PROFIT_TP_HIT,0.091
540,TRUMP_USDT,LONG,EMACrossover(5/13-LONG),2,0.2,1.456,1.458,1.458,1.451,2026-08-02 06:30:59 UTC,2026-08-02 06:37:48 UTC,408.9,0.2912,0.0039,0.0,0.0004,0.04,10.3,MIN_PROFIT_TP_HIT,0.0914
541,TRUMP_USDT,SHORT,EMACrossover(5/13-SHORT),2,0.2,1.455,1.453,1.453,1.46,2026-08-02 06:43:59 UTC,2026-08-02 06:54:39 UTC,639.58,0.291,0.0039,0.0,0.0004,0.04,10.31,MIN_PROFIT_TP_HIT,0.0918
542,TRUMP_USDT,LONG,EMACrossover(5/13-LONG),2,0.2,1.453,1.455,1.455,1.448,2026-08-02 07:03:59 UTC,2026-08-02 07:06:37 UTC,157.3,0.2906,0.0039,0.0,0.0004,0.04,10.32,MIN_PROFIT_TP_HIT,0.0922
543,TRUMP_USDT,LONG,EMACrossover(5/13-LONG),2,0.2,1.455,1.457,1.457,1.45,2026-08-02 07:07:59 UTC,2026-08-02 07:21:21 UTC,801.38,0.291,0.0039,0.0,0.0004,0.04,10.31,MIN_PROFIT_TP_HIT,0.0926
544,TRUMP_USDT,SHORT,EMACrossover(5/13-SHORT),2,0.2,1.455,1.453,1.453,1.46,2026-08-02 07:32:59 UTC,2026-08-02 07:34:49 UTC,109.17,0.291,0.0039,0.0,0.0004,0.04,10.31,MIN_PROFIT_TP_HIT,0.093
545,TRUMP_USDT,LONG,EMACrossover(5/13-LONG),2,0.2,1.455,1.45,1.457,1.45,2026-08-02 07:49:59 UTC,2026-08-02 08:29:55 UTC,2395.51,0.291,0.0039,0.0,-0.001,-0.09,-25.77,STOP_LOSS_HIT,0.092
546,TRUMP_USDT,LONG,EMACrossover(5/13-LONG),2,0.2,1.448,1.45,1.45,1.443,2026-08-02 08:48:59 UTC,2026-08-02 09:08:54 UTC,1194.2,0.2896,0.0039,0.0,0.0004,0.04,10.36,MIN_PROFIT_TP_HIT,0.0924
547,TRUMP_USDT,SHORT,EMACrossover(5/13-SHORT),2,0.2,1.455,1.453,1.453,1.46,2026-08-02 09:45:59 UTC,2026-08-02 09:47:24 UTC,84.6,0.291,0.0039,0.0,0.0004,0.04,10.31,MIN_PROFIT_TP_HIT,0.0928
548,TRUMP_USDT,SHORT,EMACrossover(5/13-SHORT),2,0.2,1.455,1.453,1.453,1.46,2026-08-02 09:48:59 UTC,2026-08-02 09:59:13 UTC,613.81,0.291,0.0039,0.0,0.0004,0.04,10.31,MIN_PROFIT_TP_HIT,0.0932
549,TRUMP_USDT,LONG,EMACrossover(5/13-LONG),2,0.2,1.455,1.45,1.457,1.45,2026-08-02 10:01:59 UTC,2026-08-02 10:13:33 UTC,693.21,0.291,0.0039,0.0,-0.001,-0.09,-25.77,STOP_LOSS_HIT,0.0922
550,TRUMP_USDT,LONG,EMACrossover(5/13-LONG),2,0.2,1.445,1.447,1.447,1.44,2026-08-02 10:38:59 UTC,2026-08-02 10:48:19 UTC,559.53,0.289,0.0039,0.0,0.0004,0.04,10.38,MIN_PROFIT_TP_HIT,0.0926
551,TRUMP_USDT,LONG,EMACrossover(5/13-LONG),2,0.2,1.445,1.44,1.447,1.44,2026-08-02 10:49:59 UTC,2026-08-02 11:11:59 UTC,1319.18,0.289,0.0039,0.0,-0.001,-0.09,-25.95,STOP_LOSS_HIT,0.0916
552,TRUMP_USDT,LONG,EMACrossover(5/13-LONG),2,0.2,1.444,1.439,1.446,1.439,2026-08-02 11:18:59 UTC,2026-08-02 11:53:38 UTC,2078.93,0.2888,0.0039,0.0,-0.001,-0.09,-25.97,STOP_LOSS_HIT,0.0906
553,TRUMP_USDT,LONG,EMACrossover(5/13-LONG),2,0.2,1.443,1.445,1.445,1.438,2026-08-02 12:01:59 UTC,2026-08-02 12:07:47 UTC,347.59,0.2886,0.0038,0.0,0.0004,0.04,10.4,MIN_PROFIT_TP_HIT,0.091
554,TRUMP_USDT,SHORT,EMACrossover(5/13-SHORT),2,0.2,1.445,1.443,1.443,1.45,2026-08-02 12:22:59 UTC,2026-08-02 12:24:49 UTC,109.4,0.289,0.0039,0.0,0.0004,0.04,10.38,MIN_PROFIT_TP_HIT,0.0914
555,TRUMP_USDT,SHORT,EMACrossover(5/13-SHORT),2,0.2,1.445,1.443,1.443,1.45,2026-08-02 12:25:59 UTC,2026-08-02 12:26:56 UTC,56.94,0.289,0.0039,0.0,0.0004,0.04,10.38,MIN_PROFIT_TP_HIT,0.0918
556,TRUMP_USDT,SHORT,EMACrossover(5/13-SHORT),2,0.2,1.444,1.442,1.442,1.449,2026-08-02 12:27:59 UTC,2026-08-02 12:30:31 UTC,151.13,0.2888,0.0039,0.0,0.0004,0.04,10.39,MIN_PROFIT_TP_HIT,0.0922
557,TRUMP_USDT,LONG,EMACrossover(5/13-LONG),2,0.2,1.445,1.447,1.447,1.44,2026-08-02 12:33:59 UTC,2026-08-02 12:51:44 UTC,1064.02,0.289,0.0039,0.0,0.0004,0.04,10.38,MIN_PROFIT_TP_HIT,0.0926
558,TRUMP_USDT,SHORT,EMACrossover(5/13-SHORT),2,0.2,1.445,1.443,1.443,1.45,2026-08-02 12:59:59 UTC,2026-08-02 13:00:01 UTC,1.4,0.289,0.0039,0.0,0.0004,0.04,10.38,MIN_PROFIT_TP_HIT,0.093
559,TRUMP_USDT,LONG,EMACrossover(5/13-LONG),2,0.2,1.446,1.448,1.448,1.441,2026-08-02 13:09:59 UTC,2026-08-02 13:13:22 UTC,202.19,0.2892,0.0039,0.0,0.0004,0.04,10.37,MIN_PROFIT_TP_HIT,0.0934
560,TRUMP_USDT,SHORT,EMACrossover(5/13-SHORT),2,0.2,1.445,1.443,1.443,1.45,2026-08-02 13:22:59 UTC,2026-08-02 13:29:45 UTC,405.19,0.289,0.0039,0.0,0.0004,0.04,10.38,MIN_PROFIT_TP_HIT,0.0938
561,TRUMP_USDT,LONG,EMACrossover(5/13-LONG),2,0.2,1.446,1.448,1.448,1.441,2026-08-02 13:38:59 UTC,2026-08-02 13:44:01 UTC,301.65,0.2892,0.0039,0.0,0.0004,0.04,10.37,MIN_PROFIT_TP_HIT,0.0942
562,TRUMP_USDT,SHORT,EMACrossover(5/13-SHORT),2,0.2,1.447,1.445,1.445,1.452,2026-08-02 14:00:59 UTC,2026-08-02 14:05:43 UTC,283.81,0.2894,0.0039,0.0,0.0004,0.04,10.37,MIN_PROFIT_TP_HIT,0.0946
563,TRUMP_USDT,LONG,EMACrossover(5/13-LONG),2,0.2,1.449,1.451,1.451,1.444,2026-08-02 14:10:59 UTC,2026-08-02 14:36:48 UTC,1548.93,0.2898,0.0039,0.0,0.0004,0.04,10.35,MIN_PROFIT_TP_HIT,0.095
564,TRUMP_USDT,SHORT,EMACrossover(5/13-SHORT),2,0.2,1.45,1.448,1.448,1.455,2026-08-02 14:47:59 UTC,2026-08-02 14:49:39 UTC,99.62,0.29,0.0039,0.0,0.0004,0.04,10.34,MIN_PROFIT_TP_HIT,0.0954
565,TRUMP_USDT,LONG,EMACrossover(5/13-LONG),2,0.2,1.448,1.45,1.45,1.443,2026-08-02 14:58:59 UTC,2026-08-02 15:12:49 UTC,829.69,0.2896,0.0039,0.0,0.0004,0.04,10.36,MIN_PROFIT_TP_HIT,0.0958
566,TRUMP_USDT,SHORT,EMACrossover(5/13-SHORT),2,0.2,1.447,1.445,1.445,1.452,2026-08-02 15:19:59 UTC,2026-08-02 15:54:52 UTC,2092.84,0.2894,0.0039,0.0,0.0004,0.04,10.37,MIN_PROFIT_TP_HIT,0.0962
567,TRUMP_USDT,LONG,EMACrossover(5/13-LONG),2,0.2,1.443,1.445,1.445,1.438,2026-08-02 16:23:59 UTC,2026-08-02 17:04:37 UTC,2437.5,0.2886,0.0038,0.0,0.0004,0.04,10.4,MIN_PROFIT_TP_HIT,0.0966
568,TRUMP_USDT,SHORT,EMACrossover(5/13-SHORT),2,0.2,1.442,1.447,1.44,1.447,2026-08-02 17:11:59 UTC,2026-08-02 18:37:48 UTC,5148.95,0.2884,0.0038,0.0,-0.001,-0.09,-26.01,STOP_LOSS_HIT,0.0956
569,TRUMP_USDT,SHORT,EMACrossover(5/13-SHORT),2,0.2,1.445,1.443,1.443,1.45,2026-08-02 18:49:59 UTC,2026-08-02 18:50:27 UTC,27.25,0.289,0.0039,0.0,0.0004,0.04,10.38,MIN_PROFIT_TP_HIT,0.096
570,TRUMP_USDT,LONG,EMACrossover(5/13-LONG),2,0.2,1.445,1.447,1.447,1.44,2026-08-02 18:56:59 UTC,2026-08-02 19:01:30 UTC,270.6,0.289,0.0039,0.0,0.0004,0.04,10.38,MIN_PROFIT_TP_HIT,0.0964
571,TRUMP_USDT,LONG,EMACrossover(5/13-LONG),2,0.2,1.449,1.444,1.451,1.444,2026-08-02 19:02:59 UTC,2026-08-02 19:13:18 UTC,618.34,0.2898,0.0039,0.0,-0.001,-0.09,-25.88,STOP_LOSS_HIT,0.0954
572,TRUMP_USDT,LONG,EMACrossover(5/13-LONG),2,0.2,1.445,1.44,1.447,1.44,2026-08-02 19:29:59 UTC,2026-08-02 20:03:08 UTC,1988.44,0.289,0.0039,0.0,-0.001,-0.09,-25.95,STOP_LOSS_HIT,0.0944
573,TRUMP_USDT,LONG,EMACrossover(5/13-LONG),2,0.2,1.44,1.442,1.442,1.435,2026-08-02 20:24:59 UTC,2026-08-02 21:36:58 UTC,4318.32,0.288,0.0038,0.0,0.0004,0.04,10.42,MIN_PROFIT_TP_HIT,0.0948
574,TRUMP_USDT,SHORT,EMACrossover(5/13-SHORT),2,0.2,1.439,1.444,1.437,1.444,2026-08-02 21:39:59 UTC,2026-08-02 21:42:14 UTC,134.75,0.2878,0.0038,0.0,-0.001,-0.09,-26.06,STOP_LOSS_HIT,0.0938
575,TRUMP_USDT,SHORT,EMACrossover(5/13-SHORT),2,0.2,1.446,1.444,1.444,1.451,2026-08-02 21:58:59 UTC,2026-08-02 22:18:52 UTC,1192.85,0.2892,0.0039,0.0,0.0004,0.04,10.37,MIN_PROFIT_TP_HIT,0.0942
576,TRUMP_USDT,LONG,EMACrossover(5/13-LONG),2,0.2,1.445,1.447,1.447,1.44,2026-08-02 22:26:59 UTC,2026-08-02 22:29:27 UTC,147.05,0.289,0.0039,0.0,0.0004,0.04,10.38,MIN_PROFIT_TP_HIT,0.0946
577,TRUMP_USDT,LONG,EMACrossover(5/13-LONG),2,0.2,1.445,1.44,1.447,1.44,2026-08-02 22:31:59 UTC,2026-08-02 22:39:20 UTC,440.8,0.289,0.0039,0.0,-0.001,-0.09,-25.95,STOP_LOSS_HIT,0.0936
578,TRUMP_USDT,LONG,EMACrossover(5/13-LONG),2,0.2,1.441,1.436,1.443,1.436,2026-08-02 23:01:59 UTC,2026-08-02 23:11:55 UTC,595.39,0.2882,0.0038,0.0,-0.001,-0.09,-26.02,STOP_LOSS_HIT,0.0926
579,TRUMP_USDT,LONG,EMACrossover(5/13-LONG),2,0.2,1.438,1.44,1.44,1.433,2026-08-02 23:22:59 UTC,2026-08-02 23:26:43 UTC,223.58,0.2876,0.0038,0.0,0.0004,0.04,10.43,MIN_PROFIT_TP_HIT,0.093
580,TRUMP_USDT,LONG,EMACrossover(5/13-LONG),2,0.2,1.439,1.434,1.441,1.434,2026-08-02 23:30:59 UTC,2026-08-02 23:33:52 UTC,172.0,0.2878,0.0038,0.0,-0.001,-0.09,-26.06,STOP_LOSS_HIT,0.092
581,TRUMP_USDT,LONG,EMACrossover(5/13-LONG),2,0.2,1.438,1.44,1.44,1.433,2026-08-02 23:37:59 UTC,2026-08-02 23:59:09 UTC,1269.93,0.2876,0.0038,0.0,0.0004,0.04,10.43,MIN_PROFIT_TP_HIT,0.0924
582,TRUMP_USDT,SHORT,EMACrossover(5/13-SHORT),2,0.2,1.438,1.436,1.436,1.443,2026-08-03 00:04:59 UTC,2026-08-03 00:06:45 UTC,105.35,0.2876,0.0038,0.0,0.0004,0.04,10.43,MIN_PROFIT_TP_HIT,0.0928
583,TRUMP_USDT,SHORT,EMACrossover(5/13-SHORT),2,0.2,1.437,1.435,1.435,1.442,2026-08-03 00:08:59 UTC,2026-08-03 00:10:54 UTC,114.4,0.2874,0.0038,0.0,0.0004,0.04,10.44,MIN_PROFIT_TP_HIT,0.0932
584,TRUMP_USDT,LONG,EMACrossover(5/13-LONG),2,0.2,1.437,1.439,1.439,1.432,2026-08-03 00:20:59 UTC,2026-08-03 00:21:49 UTC,49.23,0.2874,0.0038,0.0,0.0004,0.04,10.44,MIN_PROFIT_TP_HIT,0.0936
585,TRUMP_USDT,LONG,EMACrossover(5/13-LONG),2,0.2,1.436,1.438,1.438,1.431,2026-08-03 00:22:59 UTC,2026-08-03 00:31:52 UTC,532.67,0.2872,0.0038,0.0,0.0004,0.04,10.45,MIN_PROFIT_TP_HIT,0.094
586,TRUMP_USDT,LONG,EMACrossover(5/13-LONG),2,0.2,1.439,1.441,1.441,1.434,2026-08-03 00:33:59 UTC,2026-08-03 00:40:15 UTC,375.31,0.2878,0.0038,0.0,0.0004,0.04,10.42,MIN_PROFIT_TP_HIT,0.0944
587,TRUMP_USDT,SHORT,EMACrossover(5/13-SHORT),2,0.2,1.438,1.436,1.436,1.443,2026-08-03 00:45:59 UTC,2026-08-03 00:46:40 UTC,40.42,0.2876,0.0038,0.0,0.0004,0.04,10.43,MIN_PROFIT_TP_HIT,0.0948
588,TRUMP_USDT,LONG,EMACrossover(5/13-LONG),2,0.2,1.43,1.432,1.432,1.425,2026-08-03 01:26:59 UTC,2026-08-03 01:30:35 UTC,215.75,0.286,0.0038,0.0,0.0004,0.04,10.49,MIN_PROFIT_TP_HIT,0.0952
589,TRUMP_USDT,LONG,EMACrossover(5/13-LONG),2,0.2,1.434,1.436,1.436,1.429,2026-08-03 01:31:59 UTC,2026-08-03 01:57:18 UTC,1518.66,0.2868,0.0038,0.0,0.0004,0.04,10.46,MIN_PROFIT_TP_HIT,0.0956
590,TRUMP_USDT,LONG,EMACrossover(5/13-LONG),2,0.2,1.435,1.43,1.437,1.43,2026-08-03 01:59:59 UTC,2026-08-03 02:10:12 UTC,612.82,0.287,0.0038,0.0,-0.001,-0.09,-26.13,STOP_LOSS_HIT,0.0946
591,TRUMP_USDT,LONG,EMACrossover(5/13-LONG),2,0.2,1.432,1.434,1.434,1.427,2026-08-03 02:12:59 UTC,2026-08-03 02:17:07 UTC,247.37,0.2864,0.0038,0.0,0.0004,0.04,10.47,MIN_PROFIT_TP_HIT,0.095
592,TRUMP_USDT,LONG,EMACrossover(5/13-LONG),2,0.2,1.434,1.436,1.436,1.429,2026-08-03 02:18:59 UTC,2026-08-03 02:20:35 UTC,95.42,0.2868,0.0038,0.0,0.0004,0.04,10.46,MIN_PROFIT_TP_HIT,0.0954
593,TRUMP_USDT,SHORT,EMACrossover(5/13-SHORT),2,0.2,1.431,1.436,1.429,1.436,2026-08-03 02:28:59 UTC,2026-08-03 02:35:07 UTC,367.47,0.2862,0.0038,0.0,-0.001,-0.09,-26.21,STOP_LOSS_HIT,0.0944
594,TRUMP_USDT,SHORT,EMACrossover(5/13-SHORT),2,0.2,1.435,1.433,1.433,1.44,2026-08-03 03:09:59 UTC,2026-08-03 03:46:36 UTC,2196.65,0.287,0.0038,0.0,0.0004,0.04,10.45,MIN_PROFIT_TP_HIT,0.0948
595,TRUMP_USDT,LONG,EMACrossover(5/13-LONG),2,0.2,1.439,1.434,1.441,1.434,2026-08-03 03:50:59 UTC,2026-08-03 04:10:26 UTC,1166.4,0.2878,0.0038,0.0,-0.001,-0.09,-26.06,STOP_LOSS_HIT,0.0938
596,TRUMP_USDT,LONG,EMACrossover(5/13-LONG),2,0.2,1.438,1.44,1.44,1.433,2026-08-03 04:16:59 UTC,2026-08-03 04:22:05 UTC,305.58,0.2876,0.0038,0.0,0.0004,0.04,10.43,MIN_PROFIT_TP_HIT,0.0942
597,TRUMP_USDT,SHORT,EMACrossover(5/13-SHORT),2,0.2,1.436,1.434,1.434,1.441,2026-08-03 04:27:59 UTC,2026-08-03 04:45:07 UTC,1027.26,0.2872,0.0038,0.0,0.0004,0.04,10.45,MIN_PROFIT_TP_HIT,0.0946
598,TRUMP_USDT,LONG,EMACrossover(5/13-LONG),2,0.2,1.432,1.434,1.434,1.427,2026-08-03 05:10:59 UTC,2026-08-03 05:14:41 UTC,221.7,0.2864,0.0038,0.0,0.0004,0.04,10.47,MIN_PROFIT_TP_HIT,0.095
599,TRUMP_USDT,SHORT,EMACrossover(5/13-SHORT),2,0.2,1.432,1.437,1.43,1.437,2026-08-03 05:35:59 UTC,2026-08-03 05:47:49 UTC,709.78,0.2864,0.0038,0.0,-0.001,-0.09,-26.19,STOP_LOSS_HIT,0.094
600,TRUMP_USDT,SHORT,EMACrossover(5/13-SHORT),2,0.2,1.44,1.438,1.438,1.445,2026-08-03 06:13:59 UTC,2026-08-03 06:15:06 UTC,66.09,0.288,0.0038,0.0,0.0004,0.04,10.42,MIN_PROFIT_TP_HIT,0.0944
601,TRUMP_USDT,LONG,EMACrossover(5/13-LONG),2,0.2,1.435,1.43,1.437,1.43,2026-08-03 06:49:59 UTC,2026-08-03 07:03:23 UTC,803.39,0.287,0.0038,0.0,-0.001,-0.09,-26.13,STOP_LOSS_HIT,0.0934
602,TRUMP_USDT,LONG,EMACrossover(5/13-LONG),2,0.2,1.434,1.436,1.436,1.429,2026-08-03 07:10:59 UTC,2026-08-03 07:29:13 UTC,1093.26,0.2868,0.0038,0.0,0.0004,0.04,10.46,MIN_PROFIT_TP_HIT,0.0938
603,TRUMP_USDT,SHORT,EMACrossover(5/13-SHORT),2,0.2,1.434,1.439,1.432,1.439,2026-08-03 07:43:59 UTC,2026-08-03 08:01:09 UTC,1029.16,0.2868,0.0038,0.0,-0.001,-0.09,-26.15,STOP_LOSS_HIT,0.0928
604,TRUMP_USDT,SHORT,EMACrossover(5/13-SHORT),2,0.2,1.433,1.431,1.431,1.438,2026-08-03 08:19:59 UTC,2026-08-03 08:21:16 UTC,76.89,0.2866,0.0038,0.0,0.0004,0.04,10.47,MIN_PROFIT_TP_HIT,0.0932
605,TRUMP_USDT,LONG,EMACrossover(5/13-LONG),2,0.2,1.43,1.432,1.432,1.425,2026-08-03 08:40:59 UTC,2026-08-03 08:42:23 UTC,83.78,0.286,0.0038,0.0,0.0004,0.04,10.49,MIN_PROFIT_TP_HIT,0.0936
606,TRUMP_USDT,SHORT,EMACrossover(5/13-SHORT),2,0.2,1.447,1.452,1.445,1.452,2026-08-03 10:10:59 UTC,2026-08-03 10:52:45 UTC,2505.13,0.2894,0.0039,0.0,-0.001,-0.09,-25.92,STOP_LOSS_HIT,0.0926
607,TRUMP_USDT,SHORT,EMACrossover(5/13-SHORT),2,0.2,1.452,1.45,1.45,1.457,2026-08-03 11:06:59 UTC,2026-08-03 11:07:18 UTC,18.46,0.2904,0.0039,0.0,0.0004,0.04,10.33,MIN_PROFIT_TP_HIT,0.093
608,TRUMP_USDT,LONG,EMACrossover(5/13-LONG),2,0.2,1.448,1.45,1.45,1.443,2026-08-03 11:23:59 UTC,2026-08-03 11:37:42 UTC,822.4,0.2896,0.0039,0.0,0.0004,0.04,10.36,MIN_PROFIT_TP_HIT,0.0934
609,TRUMP_USDT,LONG,EMACrossover(5/13-LONG),2,0.2,1.448,1.45,1.45,1.443,2026-08-03 11:38:59 UTC,2026-08-03 12:18:38 UTC,2378.25,0.2896,0.0039,0.0,0.0004,0.04,10.36,MIN_PROFIT_TP_HIT,0.0938
610,TRUMP_USDT,SHORT,EMACrossover(5/13-SHORT),2,0.2,1.449,1.454,1.447,1.454,2026-08-03 12:34:59 UTC,2026-08-03 13:02:04 UTC,1624.94,0.2898,0.0039,0.0,-0.001,-0.09,-25.88,STOP_LOSS_HIT,0.0928
611,TRUMP_USDT,SHORT,EMACrossover(5/13-SHORT),2,0.2,1.455,1.453,1.453,1.46,2026-08-03 13:31:59 UTC,2026-08-03 13:32:15 UTC,15.36,0.291,0.0039,0.0,0.0004,0.04,10.31,MIN_PROFIT_TP_HIT,0.0932
612,TRUMP_USDT,LONG,EMACrossover(5/13-LONG),2,0.2,1.458,1.46,1.46,1.453,2026-08-03 13:40:59 UTC,2026-08-03 13:41:07 UTC,7.12,0.2916,0.0039,0.0,0.0004,0.04,10.29,MIN_PROFIT_TP_HIT,0.0936
613,TRUMP_USDT,SHORT,EMACrossover(5/13-SHORT),2,0.2,1.464,1.462,1.462,1.469,2026-08-03 14:10:59 UTC,2026-08-03 14:14:10 UTC,190.68,0.2928,0.0039,0.0,0.0004,0.04,10.25,MIN_PROFIT_TP_HIT,0.094
614,TRUMP_USDT,SHORT,EMACrossover(5/13-SHORT),2,0.2,1.463,1.461,1.461,1.468,2026-08-03 14:15:59 UTC,2026-08-03 14:19:54 UTC,234.01,0.2926,0.0039,0.0,0.0004,0.04,10.25,MIN_PROFIT_TP_HIT,0.0944
615,TRUMP_USDT,SHORT,EMACrossover(5/13-SHORT),2,0.2,1.461,1.459,1.459,1.466,2026-08-03 14:20:59 UTC,2026-08-03 14:21:24 UTC,24.52,0.2922,0.0039,0.0,0.0004,0.04,10.27,MIN_PROFIT_TP_HIT,0.0948
616,TRUMP_USDT,LONG,EMACrossover(5/13-LONG),2,0.2,1.464,1.466,1.466,1.459,2026-08-03 14:27:59 UTC,2026-08-03 14:28:11 UTC,11.33,0.2928,0.0039,0.0,0.0004,0.04,10.25,MIN_PROFIT_TP_HIT,0.0952
617,TRUMP_USDT,SHORT,EMACrossover(5/13-SHORT),2,0.2,1.465,1.47,1.463,1.47,2026-08-03 14:46:59 UTC,2026-08-03 14:56:03 UTC,543.63,0.293,0.0039,0.0,-0.001,-0.09,-25.6,STOP_LOSS_HIT,0.0942
618,TRUMP_USDT,SHORT,EMACrossover(5/13-SHORT),2,0.2,1.47,1.468,1.468,1.475,2026-08-03 15:13:59 UTC,2026-08-03 15:14:30 UTC,30.07,0.294,0.0039,0.0,0.0004,0.04,10.2,MIN_PROFIT_TP_HIT,0.0946
619,TRUMP_USDT,SHORT,EMACrossover(5/13-SHORT),2,0.2,1.47,1.468,1.468,1.475,2026-08-03 15:15:59 UTC,2026-08-03 15:17:52 UTC,112.79,0.294,0.0039,0.0,0.0004,0.04,10.2,MIN_PROFIT_TP_HIT,0.095
620,TRUMP_USDT,SHORT,EMACrossover(5/13-SHORT),2,0.2,1.489,1.494,1.487,1.494,2026-08-03 16:20:59 UTC,2026-08-03 16:22:25 UTC,85.82,0.2978,0.004,0.0,-0.001,-0.09,-25.18,STOP_LOSS_HIT,0.094
621,TRUMP_USDT,LONG,EMACrossover(5/13-LONG),2,0.2,1.494,1.496,1.496,1.489,2026-08-03 16:34:59 UTC,2026-08-03 16:36:03 UTC,63.05,0.2988,0.004,0.0,0.0004,0.04,10.04,MIN_PROFIT_TP_HIT,0.0944
622,TRUMP_USDT,SHORT,EMACrossover(5/13-SHORT),2,0.2,1.492,1.497,1.49,1.497,2026-08-03 16:42:59 UTC,2026-08-03 16:43:58 UTC,58.07,0.2984,0.004,0.0,-0.001,-0.09,-25.13,STOP_LOSS_HIT,0.0934
623,TRUMP_USDT,LONG,EMACrossover(5/13-LONG),2,0.2,1.495,1.497,1.497,1.49,2026-08-03 16:44:59 UTC,2026-08-03 16:46:02 UTC,62.19,0.299,0.004,0.0,0.0004,0.04,10.03,MIN_PROFIT_TP_HIT,0.0938
624,TRUMP_USDT,SHORT,EMACrossover(5/13-SHORT),2,0.2,1.498,1.496,1.496,1.503,2026-08-03 16:58:59 UTC,2026-08-03 16:59:17 UTC,17.95,0.2996,0.004,0.0,0.0004,0.04,10.01,MIN_PROFIT_TP_HIT,0.0942
625,TRUMP_USDT,LONG,EMACrossover(5/13-LONG),2,0.2,1.5,1.502,1.502,1.495,2026-08-03 17:02:59 UTC,2026-08-03 17:04:00 UTC,60.05,0.3,0.004,0.0,0.0004,0.04,10.0,MIN_PROFIT_TP_HIT,0.0946
626,TRUMP_USDT,SHORT,EMACrossover(5/13-SHORT),2,0.2,1.497,1.502,1.495,1.502,2026-08-03 17:06:59 UTC,2026-08-03 17:08:27 UTC,87.66,0.2994,0.004,0.0,-0.001,-0.09,-25.05,STOP_LOSS_HIT,0.0936
627,TRUMP_USDT,LONG,EMACrossover(5/13-LONG),2,0.2,1.5,1.495,1.502,1.495,2026-08-03 17:09:59 UTC,2026-08-03 17:12:05 UTC,125.16,0.3,0.004,0.0,-0.001,-0.09,-25.0,STOP_LOSS_HIT,0.0926
628,TRUMP_USDT,LONG,EMACrossover(5/13-LONG),2,0.2,1.486,1.481,1.488,1.481,2026-08-03 17:38:59 UTC,2026-08-03 17:48:35 UTC,575.88,0.2972,0.004,0.0,-0.001,-0.09,-25.24,STOP_LOSS_HIT,0.0916
629,TRUMP_USDT,LONG,EMACrossover(5/13-LONG),2,0.2,1.49,1.492,1.492,1.485,2026-08-03 17:54:59 UTC,2026-08-03 17:57:46 UTC,166.21,0.298,0.004,0.0,0.0004,0.04,10.07,MIN_PROFIT_TP_HIT,0.092
630,TRUMP_USDT,SHORT,EMACrossover(5/13-SHORT),2,0.2,1.495,1.493,1.493,1.5,2026-08-03 18:20:59 UTC,2026-08-03 18:27:24 UTC,384.01,0.299,0.004,0.0,0.0004,0.04,10.03,MIN_PROFIT_TP_HIT,0.0924
631,TRUMP_USDT,LONG,EMACrossover(5/13-LONG),2,0.2,1.493,1.495,1.495,1.488,2026-08-03 18:39:59 UTC,2026-08-03 18:52:42 UTC,762.78,0.2986,0.004,0.0,0.0004,0.04,10.05,MIN_PROFIT_TP_HIT,0.0928
632,TRUMP_USDT,LONG,EMACrossover(5/13-LONG),2,0.2,1.495,1.497,1.497,1.49,2026-08-03 18:54:59 UTC,2026-08-03 18:59:26 UTC,266.4,0.299,0.004,0.0,0.0004,0.04,10.03,MIN_PROFIT_TP_HIT,0.0932
633,TRUMP_USDT,SHORT,EMACrossover(5/13-SHORT),2,0.2,1.493,1.491,1.491,1.498,2026-08-03 19:06:59 UTC,2026-08-03 19:07:12 UTC,12.81,0.2986,0.004,0.0,0.0004,0.04,10.05,MIN_PROFIT_TP_HIT,0.0936
634,TRUMP_USDT,LONG,EMACrossover(5/13-LONG),2,0.2,1.49,1.485,1.492,1.485,2026-08-03 19:35:59 UTC,2026-08-03 19:39:08 UTC,189.0,0.298,0.004,0.0,-0.001,-0.09,-25.17,STOP_LOSS_HIT,0.0926
635,TRUMP_USDT,LONG,EMACrossover(5/13-LONG),2,0.2,1.483,1.478,1.485,1.478,2026-08-03 20:19:59 UTC,2026-08-03 20:27:06 UTC,426.39,0.2966,0.004,0.0,-0.001,-0.09,-25.29,STOP_LOSS_HIT,0.0916
636,TRUMP_USDT,LONG,EMACrossover(5/13-LONG),2,0.2,1.478,1.48,1.48,1.473,2026-08-03 20:55:59 UTC,2026-08-03 21:30:06 UTC,2046.04,0.2956,0.0039,0.0,0.0004,0.04,10.15,MIN_PROFIT_TP_HIT,0.092
637,TRUMP_USDT,SHORT,EMACrossover(5/13-SHORT),2,0.2,1.48,1.478,1.478,1.485,2026-08-03 21:46:59 UTC,2026-08-03 21:55:29 UTC,509.35,0.296,0.0039,0.0,0.0004,0.04,10.14,MIN_PROFIT_TP_HIT,0.0924
638,TRUMP_USDT,LONG,EMACrossover(5/13-LONG),2,0.2,1.469,1.464,1.471,1.464,2026-08-03 22:48:59 UTC,2026-08-03 23:02:03 UTC,783.06,0.2938,0.0039,0.0,-0.001,-0.09,-25.53,STOP_LOSS_HIT,0.0914
639,TRUMP_USDT,LONG,EMACrossover(5/13-LONG),2,0.2,1.468,1.47,1.47,1.463,2026-08-03 23:18:59 UTC,2026-08-03 23:55:04 UTC,2164.91,0.2936,0.0039,0.0,0.0004,0.04,10.22,MIN_PROFIT_TP_HIT,0.0918
640,TRUMP_USDT,SHORT,EMACrossover(5/13-SHORT),2,0.2,1.468,1.466,1.466,1.473,2026-08-04 00:07:59 UTC,2026-08-04 00:09:42 UTC,102.49,0.2936,0.0039,0.0,0.0004,0.04,10.22,MIN_PROFIT_TP_HIT,0.0922
641,TRUMP_USDT,LONG,EMACrossover(5/13-LONG),2,0.2,1.46,1.462,1.462,1.455,2026-08-04 00:48:59 UTC,2026-08-04 00:49:28 UTC,28.25,0.292,0.0039,0.0,0.0004,0.04,10.27,MIN_PROFIT_TP_HIT,0.0926
642,TRUMP_USDT,SHORT,EMACrossover(5/13-SHORT),2,0.2,1.46,1.458,1.458,1.465,2026-08-04 00:56:59 UTC,2026-08-04 01:00:23 UTC,203.25,0.292,0.0039,0.0,0.0004,0.04,10.27,MIN_PROFIT_TP_HIT,0.093
643,TRUMP_USDT,LONG,EMACrossover(5/13-LONG),2,0.2,1.461,1.463,1.463,1.456,2026-08-04 01:20:59 UTC,2026-08-04 01:23:21 UTC,141.69,0.2922,0.0039,0.0,0.0004,0.04,10.27,MIN_PROFIT_TP_HIT,0.0934
644,TRUMP_USDT,SHORT,EMACrossover(5/13-SHORT),2,0.2,1.472,1.47,1.47,1.477,2026-08-04 02:05:59 UTC,2026-08-04 02:09:16 UTC,196.53,0.2944,0.0039,0.0,0.0004,0.04,10.19,MIN_PROFIT_TP_HIT,0.0938
645,TRUMP_USDT,LONG,EMACrossover(5/13-LONG),2,0.2,1.471,1.473,1.473,1.466,2026-08-04 02:27:59 UTC,2026-08-04 02:34:06 UTC,366.99,0.2942,0.0039,0.0,0.0004,0.04,10.2,MIN_PROFIT_TP_HIT,0.0942
646,TRUMP_USDT,SHORT,EMACrossover(5/13-SHORT),2,0.2,1.472,1.47,1.47,1.477,2026-08-04 02:48:59 UTC,2026-08-04 02:52:48 UTC,228.04,0.2944,0.0039,0.0,0.0004,0.04,10.19,MIN_PROFIT_TP_HIT,0.0946
647,TRUMP_USDT,LONG,EMACrossover(5/13-LONG),2,0.2,1.467,1.469,1.469,1.462,2026-08-04 03:29:59 UTC,2026-08-04 03:30:29 UTC,29.71,0.2934,0.0039,0.0,0.0004,0.04,10.22,MIN_PROFIT_TP_HIT,0.095
648,TRUMP_USDT,SHORT,EMACrossover(5/13-SHORT),2,0.2,1.472,1.477,1.47,1.477,2026-08-04 04:01:59 UTC,2026-08-04 04:29:10 UTC,1630.66,0.2944,0.0039,0.0,-0.001,-0.09,-25.48,STOP_LOSS_HIT,0.094
649,TRUMP_USDT,SHORT,EMACrossover(5/13-SHORT),2,0.2,1.475,1.48,1.473,1.48,2026-08-04 04:33:59 UTC,2026-08-04 04:47:04 UTC,784.41,0.295,0.0039,0.0,-0.001,-0.09,-25.42,STOP_LOSS_HIT,0.093
650,TRUMP_USDT,SHORT,EMACrossover(5/13-SHORT),2,0.2,1.481,1.486,1.479,1.486,2026-08-04 05:04:59 UTC,2026-08-04 05:06:48 UTC,108.23,0.2962,0.0039,0.0,-0.001,-0.09,-25.32,STOP_LOSS_HIT,0.092
651,TRUMP_USDT,SHORT,EMACrossover(5/13-SHORT),2,0.2,1.48,1.478,1.478,1.485,2026-08-04 05:12:59 UTC,2026-08-04 05:30:33 UTC,1053.29,0.296,0.0039,0.0,0.0004,0.04,10.14,MIN_PROFIT_TP_HIT,0.0924
652,TRUMP_USDT,LONG,EMACrossover(5/13-LONG),2,0.2,1.477,1.472,1.479,1.472,2026-08-04 05:49:59 UTC,2026-08-04 06:17:39 UTC,1659.59,0.2954,0.0039,0.0,-0.001,-0.09,-25.39,STOP_LOSS_HIT,0.0914
653,TRUMP_USDT,SHORT,EMACrossover(5/13-SHORT),2,0.2,1.474,1.472,1.472,1.479,2026-08-04 06:18:59 UTC,2026-08-04 06:20:47 UTC,107.97,0.2948,0.0039,0.0,0.0004,0.04,10.18,MIN_PROFIT_TP_HIT,0.0918
654,TRUMP_USDT,LONG,EMACrossover(5/13-LONG),2,0.2,1.465,1.467,1.467,1.46,2026-08-04 06:54:59 UTC,2026-08-04 07:26:59 UTC,1919.13,0.293,0.0039,0.0,0.0004,0.04,10.24,MIN_PROFIT_TP_HIT,0.0922
655,TRUMP_USDT,SHORT,EMACrossover(5/13-SHORT),2,0.2,1.474,1.472,1.472,1.479,2026-08-04 08:00:59 UTC,2026-08-04 08:04:20 UTC,200.35,0.2948,0.0039,0.0,0.0004,0.04,10.18,MIN_PROFIT_TP_HIT,0.0926
656,TRUMP_USDT,SHORT,EMACrossover(5/13-SHORT),2,0.2,1.472,1.47,1.47,1.477,2026-08-04 08:05:59 UTC,2026-08-04 08:08:28 UTC,148.7,0.2944,0.0039,0.0,0.0004,0.04,10.19,MIN_PROFIT_TP_HIT,0.093
657,TRUMP_USDT,LONG,EMACrossover(5/13-LONG),2,0.2,1.467,1.462,1.469,1.462,2026-08-04 08:38:59 UTC,2026-08-04 09:01:49 UTC,1369.55,0.2934,0.0039,0.0,-0.001,-0.09,-25.56,STOP_LOSS_HIT,0.092
658,TRUMP_USDT,LONG,EMACrossover(5/13-LONG),2,0.2,1.464,1.466,1.466,1.459,2026-08-04 09:23:59 UTC,2026-08-04 09:27:01 UTC,181.68,0.2928,0.0039,0.0,0.0004,0.04,10.25,MIN_PROFIT_TP_HIT,0.0924
659,TRUMP_USDT,SHORT,EMACrossover(5/13-SHORT),2,0.2,1.467,1.465,1.465,1.472,2026-08-04 09:49:59 UTC,2026-08-04 09:52:53 UTC,173.61,0.2934,0.0039,0.0,0.0004,0.04,10.22,MIN_PROFIT_TP_HIT,0.0928
660,TRUMP_USDT,LONG,EMACrossover(5/13-LONG),2,0.2,1.466,1.468,1.468,1.461,2026-08-04 09:59:59 UTC,2026-08-04 10:19:53 UTC,1193.5,0.2932,0.0039,0.0,0.0004,0.04,10.23,MIN_PROFIT_TP_HIT,0.0932
661,TRUMP_USDT,LONG,EMACrossover(5/13-LONG),2,0.2,1.465,1.467,1.467,1.46,2026-08-04 10:22:59 UTC,2026-08-04 10:41:41 UTC,1121.62,0.293,0.0039,0.0,0.0004,0.04,10.24,MIN_PROFIT_TP_HIT,0.0936
662,TRUMP_USDT,LONG,EMACrossover(5/13-LONG),2,0.2,1.467,1.469,1.469,1.462,2026-08-04 10:42:59 UTC,2026-08-04 10:45:13 UTC,133.12,0.2934,0.0039,0.0,0.0004,0.04,10.22,MIN_PROFIT_TP_HIT,0.094
663,TRUMP_USDT,SHORT,EMACrossover(5/13-SHORT),2,0.2,1.473,1.478,1.471,1.478,2026-08-04 11:15:59 UTC,2026-08-04 11:42:29 UTC,1589.24,0.2946,0.0039,0.0,-0.001,-0.09,-25.46,STOP_LOSS_HIT,0.093
664,TRUMP_USDT,SHORT,EMACrossover(5/13-SHORT),2,0.2,1.483,1.481,1.481,1.488,2026-08-04 12:00:59 UTC,2026-08-04 12:07:33 UTC,393.17,0.2966,0.004,0.0,0.0004,0.04,10.11,MIN_PROFIT_TP_HIT,0.0934
665,TRUMP_USDT,SHORT,EMACrossover(5/13-SHORT),2,0.2,1.481,1.479,1.479,1.486,2026-08-04 12:09:59 UTC,2026-08-04 12:12:06 UTC,126.43,0.2962,0.0039,0.0,0.0004,0.04,10.13,MIN_PROFIT_TP_HIT,0.0938
666,TRUMP_USDT,LONG,EMACrossover(5/13-LONG),2,0.2,1.48,1.475,1.482,1.475,2026-08-04 12:29:59 UTC,2026-08-04 12:41:27 UTC,687.27,0.296,0.0039,0.0,-0.001,-0.09,-25.34,STOP_LOSS_HIT,0.0928
667,TRUMP_USDT,LONG,EMACrossover(5/13-LONG),2,0.2,1.476,1.478,1.478,1.471,2026-08-04 12:52:59 UTC,2026-08-04 12:56:13 UTC,193.25,0.2952,0.0039,0.0,0.0004,0.04,10.16,MIN_PROFIT_TP_HIT,0.0932
668,TRUMP_USDT,SHORT,EMACrossover(5/13-SHORT),2,0.2,1.476,1.474,1.474,1.481,2026-08-04 13:10:59 UTC,2026-08-04 13:18:38 UTC,458.23,0.2952,0.0039,0.0,0.0004,0.04,10.16,MIN_PROFIT_TP_HIT,0.0936
669,TRUMP_USDT,LONG,EMACrossover(5/13-LONG),2,0.2,1.476,1.478,1.478,1.471,2026-08-04 13:27:59 UTC,2026-08-04 13:35:00 UTC,420.45,0.2952,0.0039,0.0,0.0004,0.04,10.16,MIN_PROFIT_TP_HIT,0.094
670,TRUMP_USDT,SHORT,EMACrossover(5/13-SHORT),2,0.2,1.48,1.478,1.478,1.485,2026-08-04 13:48:59 UTC,2026-08-04 13:50:11 UTC,71.36,0.296,0.0039,0.0,0.0004,0.04,10.14,MIN_PROFIT_TP_HIT,0.0944
671,TRUMP_USDT,SHORT,EMACrossover(5/13-SHORT),2,0.2,1.483,1.481,1.481,1.488,2026-08-04 13:51:59 UTC,2026-08-04 13:52:05 UTC,5.43,0.2966,0.004,0.0,0.0004,0.04,10.11,MIN_PROFIT_TP_HIT,0.0948
672,TRUMP_USDT,SHORT,EMACrossover(5/13-SHORT),2,0.2,1.477,1.475,1.475,1.482,2026-08-04 13:55:59 UTC,2026-08-04 13:59:40 UTC,220.89,0.2954,0.0039,0.0,0.0004,0.04,10.16,MIN_PROFIT_TP_HIT,0.0952
673,TRUMP_USDT,LONG,EMACrossover(5/13-LONG),2,0.2,1.476,1.478,1.478,1.471,2026-08-04 14:26:59 UTC,2026-08-04 14:34:24 UTC,444.74,0.2952,0.0039,0.0,0.0004,0.04,10.16,MIN_PROFIT_TP_HIT,0.0956
674,TRUMP_USDT,SHORT,EMACrossover(5/13-SHORT),2,0.2,1.477,1.475,1.475,1.482,2026-08-04 14:39:59 UTC,2026-08-04 14:50:21 UTC,621.48,0.2954,0.0039,0.0,0.0004,0.04,10.16,MIN_PROFIT_TP_HIT,0.096
675,TRUMP_USDT,SHORT,EMACrossover(5/13-SHORT),2,0.2,1.475,1.473,1.473,1.48,2026-08-04 14:51:59 UTC,2026-08-04 15:03:21 UTC,681.83,0.295,0.0039,0.0,0.0004,0.04,10.17,MIN_PROFIT_TP_HIT,0.0964
676,TRUMP_USDT,SHORT,EMACrossover(5/13-SHORT),2,0.2,1.471,1.469,1.469,1.476,2026-08-04 15:04:59 UTC,2026-08-04 15:05:02 UTC,2.94,0.2942,0.0039,0.0,0.0004,0.04,10.2,MIN_PROFIT_TP_HIT,0.0968
677,TRUMP_USDT,LONG,EMACrossover(5/13-LONG),2,0.2,1.469,1.471,1.471,1.464,2026-08-04 15:43:59 UTC,2026-08-04 15:44:48 UTC,48.1,0.2938,0.0039,0.0,0.0004,0.04,10.21,MIN_PROFIT_TP_HIT,0.0972
678,TRUMP_USDT,SHORT,EMACrossover(5/13-SHORT),2,0.2,1.469,1.467,1.467,1.474,2026-08-04 15:57:59 UTC,2026-08-04 16:02:48 UTC,288.15,0.2938,0.0039,0.0,0.0004,0.04,10.21,MIN_PROFIT_TP_HIT,0.0976
679,TRUMP_USDT,LONG,EMACrossover(5/13-LONG),2,0.2,1.467,1.469,1.469,1.462,2026-08-04 16:17:59 UTC,2026-08-04 16:27:00 UTC,540.54,0.2934,0.0039,0.0,0.0004,0.04,10.22,MIN_PROFIT_TP_HIT,0.098
680,TRUMP_USDT,SHORT,EMACrossover(5/13-SHORT),2,0.2,1.466,1.464,1.464,1.471,2026-08-04 16:30:59 UTC,2026-08-04 16:38:48 UTC,468.95,0.2932,0.0039,0.0,0.0004,0.04,10.23,MIN_PROFIT_TP_HIT,0.0984
681,TRUMP_USDT,LONG,EMACrossover(5/13-LONG),2,0.2,1.466,1.461,1.468,1.461,2026-08-04 16:45:59 UTC,2026-08-04 17:00:07 UTC,847.06,0.2932,0.0039,0.0,-0.001,-0.09,-25.58,STOP_LOSS_HIT,0.0974
682,TRUMP_USDT,LONG,EMACrossover(5/13-LONG),2,0.2,1.466,1.468,1.468,1.461,2026-08-04 17:06:59 UTC,2026-08-04 17:08:29 UTC,89.21,0.2932,0.0039,0.0,0.0004,0.04,10.23,MIN_PROFIT_TP_HIT,0.0978
683,TRUMP_USDT,SHORT,EMACrossover(5/13-SHORT),2,0.2,1.465,1.463,1.463,1.47,2026-08-04 17:19:59 UTC,2026-08-04 17:49:31 UTC,1771.28,0.293,0.0039,0.0,0.0004,0.04,10.24,MIN_PROFIT_TP_HIT,0.0982
684,TRUMP_USDT,LONG,EMACrossover(5/13-LONG),2,0.2,1.466,1.468,1.468,1.461,2026-08-04 18:02:59 UTC,2026-08-04 18:04:46 UTC,106.36,0.2932,0.0039,0.0,0.0004,0.04,10.23,MIN_PROFIT_TP_HIT,0.0986
685,TRUMP_USDT,SHORT,EMACrossover(5/13-SHORT),2,0.2,1.47,1.468,1.468,1.475,2026-08-04 18:35:59 UTC,2026-08-04 19:24:24 UTC,2904.89,0.294,0.0039,0.0,0.0004,0.04,10.2,MIN_PROFIT_TP_HIT,0.099
686,TRUMP_USDT,LONG,EMACrossover(5/13-LONG),2,0.2,1.469,1.471,1.471,1.464,2026-08-04 19:35:59 UTC,2026-08-04 19:37:28 UTC,88.83,0.2938,0.0039,0.0,0.0004,0.04,10.21,MIN_PROFIT_TP_HIT,0.0994
687,TRUMP_USDT,LONG,EMACrossover(5/13-LONG),2,0.2,1.479,1.474,1.481,1.474,2026-08-04 19:38:59 UTC,2026-08-04 19:53:51 UTC,891.67,0.2958,0.0039,0.0,-0.001,-0.09,-25.35,STOP_LOSS_HIT,0.0984
688,TRUMP_USDT,SHORT,EMACrossover(5/13-SHORT),2,0.2,1.475,1.473,1.473,1.48,2026-08-04 19:56:59 UTC,2026-08-04 20:01:26 UTC,266.5,0.295,0.0039,0.0,0.0004,0.04,10.17,MIN_PROFIT_TP_HIT,0.0988
689,TRUMP_USDT,LONG,EMACrossover(5/13-LONG),2,0.2,1.476,1.478,1.478,1.471,2026-08-04 20:08:59 UTC,2026-08-04 20:31:08 UTC,1328.31,0.2952,0.0039,0.0,0.0004,0.04,10.16,MIN_PROFIT_TP_HIT,0.0992
690,TRUMP_USDT,SHORT,EMACrossover(5/13-SHORT),2,0.2,1.481,1.479,1.479,1.486,2026-08-04 20:55:59 UTC,2026-08-04 20:58:35 UTC,155.55,0.2962,0.0039,0.0,0.0004,0.04,10.13,MIN_PROFIT_TP_HIT,0.0996
691,TRUMP_USDT,LONG,EMACrossover(5/13-LONG),2,0.2,1.48,1.475,1.482,1.475,2026-08-04 21:19:59 UTC,2026-08-04 21:45:27 UTC,1527.11,0.296,0.0039,0.0,-0.001,-0.09,-25.34,STOP_LOSS_HIT,0.0986
692,TRUMP_USDT,LONG,EMACrossover(5/13-LONG),2,0.2,1.478,1.48,1.48,1.473,2026-08-04 21:48:59 UTC,2026-08-04 21:56:29 UTC,449.74,0.2956,0.0039,0.0,0.0004,0.04,10.15,MIN_PROFIT_TP_HIT,0.099
693,TRUMP_USDT,SHORT,EMACrossover(5/13-SHORT),2,0.2,1.478,1.476,1.476,1.483,2026-08-04 22:02:59 UTC,2026-08-04 22:03:02 UTC,2.34,0.2956,0.0039,0.0,0.0004,0.04,10.15,MIN_PROFIT_TP_HIT,0.0994
694,TRUMP_USDT,LONG,EMACrossover(5/13-LONG),2,0.2,1.475,1.477,1.477,1.47,2026-08-04 22:29:59 UTC,2026-08-04 22:33:13 UTC,193.03,0.295,0.0039,0.0,0.0004,0.04,10.17,MIN_PROFIT_TP_HIT,0.0998
695,TRUMP_USDT,SHORT,EMACrossover(5/13-SHORT),2,0.2,1.476,1.474,1.474,1.481,2026-08-04 22:46:59 UTC,2026-08-04 22:48:45 UTC,105.55,0.2952,0.0039,0.0,0.0004,0.04,10.16,MIN_PROFIT_TP_HIT,0.1002
696,TRUMP_USDT,SHORT,EMACrossover(5/13-SHORT),2,0.2,1.474,1.479,1.472,1.479,2026-08-04 22:51:59 UTC,2026-08-04 23:03:00 UTC,660.61,0.2948,0.0039,0.0,-0.001,-0.09,-25.44,STOP_LOSS_HIT,0.0992
697,TRUMP_USDT,LONG,EMACrossover(5/13-LONG),2,0.2,1.476,1.478,1.478,1.471,2026-08-04 23:06:59 UTC,2026-08-04 23:07:42 UTC,42.09,0.2952,0.0039,0.0,0.0004,0.04,10.16,MIN_PROFIT_TP_HIT,0.0996
698,TRUMP_USDT,SHORT,EMACrossover(5/13-SHORT),2,0.2,1.477,1.475,1.475,1.482,2026-08-04 23:25:59 UTC,2026-08-04 23:27:54 UTC,114.43,0.2954,0.0039,0.0,0.0004,0.04,10.16,MIN_PROFIT_TP_HIT,0.1
699,TRUMP_USDT,LONG,EMACrossover(5/13-LONG),2,0.2,1.46,1.462,1.462,1.455,2026-08-05 00:31:59 UTC,2026-08-05 00:32:01 UTC,1.65,0.292,0.0039,0.0,0.0004,0.04,10.27,MIN_PROFIT_TP_HIT,0.1004
700,TRUMP_USDT,LONG,EMACrossover(5/13-LONG),2,0.2,1.465,1.46,1.467,1.46,2026-08-05 00:34:59 UTC,2026-08-05 00:43:11 UTC,491.66,0.293,0.0039,0.0,-0.001,-0.09,-25.6,STOP_LOSS_HIT,0.0994
701,TRUMP_USDT,LONG,EMACrossover(5/13-LONG),2,0.2,1.461,1.463,1.463,1.456,2026-08-05 01:07:59 UTC,2026-08-05 01:20:47 UTC,767.93,0.2922,0.0039,0.0,0.0004,0.04,10.27,MIN_PROFIT_TP_HIT,0.0998
702,TRUMP_USDT,SHORT,EMACrossover(5/13-SHORT),2,0.2,1.473,1.471,1.471,1.478,2026-08-05 02:08:59 UTC,2026-08-05 02:18:18 UTC,558.59,0.2946,0.0039,0.0,0.0004,0.04,10.18,MIN_PROFIT_TP_HIT,0.1002
703,TRUMP_USDT,LONG,EMACrossover(5/13-LONG),2,0.2,1.475,1.477,1.477,1.47,2026-08-05 02:25:59 UTC,2026-08-05 02:31:40 UTC,340.32,0.295,0.0039,0.0,0.0004,0.04,10.17,MIN_PROFIT_TP_HIT,0.1006
704,TRUMP_USDT,SHORT,EMACrossover(5/13-SHORT),2,0.2,1.475,1.473,1.473,1.48,2026-08-05 02:41:59 UTC,2026-08-05 02:50:45 UTC,525.4,0.295,0.0039,0.0,0.0004,0.04,10.17,MIN_PROFIT_TP_HIT,0.101
705,TRUMP_USDT,LONG,EMACrossover(5/13-LONG),2,0.2,1.474,1.476,1.476,1.469,2026-08-05 03:02:59 UTC,2026-08-05 03:11:48 UTC,528.04,0.2948,0.0039,0.0,0.0004,0.04,10.18,MIN_PROFIT_TP_HIT,0.1014
706,TRUMP_USDT,LONG,EMACrossover(5/13-LONG),2,0.2,1.468,1.463,1.47,1.463,2026-08-05 03:37:59 UTC,2026-08-05 04:43:10 UTC,3910.8,0.2936,0.0039,0.0,-0.001,-0.09,-25.54,STOP_LOSS_HIT,0.1004
707,TRUMP_USDT,LONG,EMACrossover(5/13-LONG),2,0.2,1.464,1.466,1.466,1.459,2026-08-05 04:51:59 UTC,2026-08-05 05:03:09 UTC,669.03,0.2928,0.0039,0.0,0.0004,0.04,10.25,MIN_PROFIT_TP_HIT,0.1008
708,TRUMP_USDT,LONG,EMACrossover(5/13-LONG),2,0.2,1.465,1.467,1.467,1.46,2026-08-05 05:04:59 UTC,2026-08-05 05:06:05 UTC,65.54,0.293,0.0039,0.0,0.0004,0.04,10.24,MIN_PROFIT_TP_HIT,0.1012
709,TRUMP_USDT,SHORT,EMACrossover(5/13-SHORT),2,0.2,1.466,1.464,1.464,1.471,2026-08-05 05:22:59 UTC,2026-08-05 05:30:22 UTC,442.75,0.2932,0.0039,0.0,0.0004,0.04,10.23,MIN_PROFIT_TP_HIT,0.1016
710,TRUMP_USDT,LONG,EMACrossover(5/13-LONG),2,0.2,1.465,1.467,1.467,1.46,2026-08-05 05:48:59 UTC,2026-08-05 05:52:03 UTC,183.17,0.293,0.0039,0.0,0.0004,0.04,10.24,MIN_PROFIT_TP_HIT,0.102
711,TRUMP_USDT,SHORT,EMACrossover(5/13-SHORT),2,0.2,1.467,1.465,1.465,1.472,2026-08-05 06:22:59 UTC,2026-08-05 07:21:11 UTC,3491.1,0.2934,0.0039,0.0,0.0004,0.04,10.22,MIN_PROFIT_TP_HIT,0.1024
712,TRUMP_USDT,LONG,EMACrossover(5/13-LONG),2,0.2,1.467,1.469,1.469,1.462,2026-08-05 07:34:59 UTC,2026-08-05 08:00:03 UTC,1503.21,0.2934,0.0039,0.0,0.0004,0.04,10.22,MIN_PROFIT_TP_HIT,0.1028
713,TRUMP_USDT,SHORT,EMACrossover(5/13-SHORT),2,0.2,1.467,1.465,1.465,1.472,2026-08-05 08:15:59 UTC,2026-08-05 10:00:08 UTC,6248.52,0.2934,0.0039,0.0,0.0004,0.04,10.22,MIN_PROFIT_TP_HIT,0.1032
714,TRUMP_USDT,LONG,EMACrossover(5/13-LONG),2,0.2,1.468,1.463,1.47,1.463,2026-08-05 10:08:59 UTC,2026-08-05 10:45:06 UTC,2166.18,0.2936,0.0039,0.0,-0.001,-0.09,-25.54,STOP_LOSS_HIT,0.1022
715,TRUMP_USDT,LONG,EMACrossover(5/13-LONG),2,0.2,1.462,1.464,1.464,1.457,2026-08-05 11:03:59 UTC,2026-08-05 11:11:41 UTC,461.29,0.2924,0.0039,0.0,0.0004,0.04,10.26,MIN_PROFIT_TP_HIT,0.1026
716,TRUMP_USDT,SHORT,EMACrossover(5/13-SHORT),2,0.2,1.461,1.459,1.459,1.466,2026-08-05 11:16:59 UTC,2026-08-05 11:46:09 UTC,1749.14,0.2922,0.0039,0.0,0.0004,0.04,10.27,MIN_PROFIT_TP_HIT,0.103
717,TRUMP_USDT,LONG,EMACrossover(5/13-LONG),2,0.2,1.464,1.459,1.466,1.459,2026-08-05 11:50:59 UTC,2026-08-05 12:05:32 UTC,872.24,0.2928,0.0039,0.0,-0.001,-0.09,-25.61,STOP_LOSS_HIT,0.102
718,TRUMP_USDT,LONG,EMACrossover(5/13-LONG),2,0.2,1.463,1.465,1.465,1.458,2026-08-05 12:09:59 UTC,2026-08-05 12:10:22 UTC,22.4,0.2926,0.0039,0.0,0.0004,0.04,10.25,MIN_PROFIT_TP_HIT,0.1024
719,TRUMP_USDT,SHORT,EMACrossover(5/13-SHORT),2,0.2,1.463,1.468,1.461,1.468,2026-08-05 12:15:59 UTC,2026-08-05 12:19:03 UTC,183.91,0.2926,0.0039,0.0,-0.001,-0.09,-25.63,STOP_LOSS_HIT,0.1014
720,TRUMP_USDT,SHORT,EMACrossover(5/13-SHORT),2,0.2,1.466,1.464,1.464,1.471,2026-08-05 12:32:59 UTC,2026-08-05 12:40:05 UTC,425.86,0.2932,0.0039,0.0,0.0004,0.04,10.23,MIN_PROFIT_TP_HIT,0.1018
721,TRUMP_USDT,LONG,EMACrossover(5/13-LONG),2,0.2,1.466,1.468,1.468,1.461,2026-08-05 12:44:59 UTC,2026-08-05 12:48:44 UTC,224.5,0.2932,0.0039,0.0,0.0004,0.04,10.23,MIN_PROFIT_TP_HIT,0.1022
722,TRUMP_USDT,SHORT,EMACrossover(5/13-SHORT),2,0.2,1.465,1.463,1.463,1.47,2026-08-05 12:54:59 UTC,2026-08-05 12:59:43 UTC,283.62,0.293,0.0039,0.0,0.0004,0.04,10.24,MIN_PROFIT_TP_HIT,0.1026
723,TRUMP_USDT,LONG,EMACrossover(5/13-LONG),2,0.2,1.466,1.461,1.468,1.461,2026-08-05 13:07:59 UTC,2026-08-05 13:10:13 UTC,133.92,0.2932,0.0039,0.0,-0.001,-0.09,-25.58,STOP_LOSS_HIT,0.1016
724,TRUMP_USDT,SHORT,EMACrossover(5/13-SHORT),2,0.2,1.46,1.458,1.458,1.465,2026-08-05 13:11:59 UTC,2026-08-05 13:15:51 UTC,231.31,0.292,0.0039,0.0,0.0004,0.04,10.27,MIN_PROFIT_TP_HIT,0.102
725,TRUMP_USDT,LONG,EMACrossover(5/13-LONG),2,0.2,1.461,1.463,1.463,1.456,2026-08-05 13:41:59 UTC,2026-08-05 13:53:08 UTC,668.93,0.2922,0.0039,0.0,0.0004,0.04,10.27,MIN_PROFIT_TP_HIT,0.1024
726,TRUMP_USDT,SHORT,EMACrossover(5/13-SHORT),2,0.2,1.458,1.463,1.456,1.463,2026-08-05 14:02:59 UTC,2026-08-05 14:07:08 UTC,248.51,0.2916,0.0039,0.0,-0.001,-0.09,-25.72,STOP_LOSS_HIT,0.1014
727,TRUMP_USDT,LONG,EMACrossover(5/13-LONG),2,0.2,1.462,1.464,1.464,1.457,2026-08-05 14:08:59 UTC,2026-08-05 14:10:08 UTC,68.0,0.2924,0.0039,0.0,0.0004,0.04,10.26,MIN_PROFIT_TP_HIT,0.1018
728,TRUMP_USDT,SHORT,EMACrossover(5/13-SHORT),2,0.2,1.461,1.459,1.459,1.466,2026-08-05 14:23:59 UTC,2026-08-05 14:26:13 UTC,133.86,0.2922,0.0039,0.0,0.0004,0.04,10.27,MIN_PROFIT_TP_HIT,0.1022
729,TRUMP_USDT,LONG,EMACrossover(5/13-LONG),2,0.2,1.464,1.466,1.466,1.459,2026-08-05 14:34:59 UTC,2026-08-05 14:35:48 UTC,48.02,0.2928,0.0039,0.0,0.0004,0.04,10.25,MIN_PROFIT_TP_HIT,0.1026
730,TRUMP_USDT,SHORT,EMACrossover(5/13-SHORT),2,0.2,1.466,1.464,1.464,1.471,2026-08-05 15:16:59 UTC,2026-08-05 15:18:07 UTC,67.69,0.2932,0.0039,0.0,0.0004,0.04,10.23,MIN_PROFIT_TP_HIT,0.103
731,TRUMP_USDT,LONG,EMACrossover(5/13-LONG),2,0.2,1.467,1.469,1.469,1.462,2026-08-05 15:28:59 UTC,2026-08-05 15:30:18 UTC,78.73,0.2934,0.0039,0.0,0.0004,0.04,10.22,MIN_PROFIT_TP_HIT,0.1034
732,TRUMP_USDT,SHORT,EMACrossover(5/13-SHORT),2,0.2,1.468,1.466,1.466,1.473,2026-08-05 15:38:59 UTC,2026-08-05 15:40:22 UTC,82.19,0.2936,0.0039,0.0,0.0004,0.04,10.22,MIN_PROFIT_TP_HIT,0.1038
733,TRUMP_USDT,LONG,EMACrossover(5/13-LONG),2,0.2,1.461,1.463,1.463,1.456,2026-08-05 16:04:59 UTC,2026-08-05 16:06:15 UTC,75.44,0.2922,0.0039,0.0,0.0004,0.04,10.27,MIN_PROFIT_TP_HIT,0.1042
734,TRUMP_USDT,SHORT,EMACrossover(5/13-SHORT),2,0.2,1.466,1.464,1.464,1.471,2026-08-05 16:21:59 UTC,2026-08-05 16:22:06 UTC,6.49,0.2932,0.0039,0.0,0.0004,0.04,10.23,MIN_PROFIT_TP_HIT,0.1046
735,TRUMP_USDT,SHORT,EMACrossover(5/13-SHORT),2,0.2,1.466,1.464,1.464,1.471,2026-08-05 16:37:59 UTC,2026-08-05 16:45:14 UTC,434.38,0.2932,0.0039,0.0,0.0004,0.04,10.23,MIN_PROFIT_TP_HIT,0.105
736,TRUMP_USDT,LONG,EMACrossover(5/13-LONG),2,0.2,1.466,1.468,1.468,1.461,2026-08-05 16:58:59 UTC,2026-08-05 17:01:30 UTC,150.64,0.2932,0.0039,0.0,0.0004,0.04,10.23,MIN_PROFIT_TP_HIT,0.1054
737,TRUMP_USDT,SHORT,EMACrossover(5/13-SHORT),2,0.2,1.466,1.464,1.464,1.471,2026-08-05 17:11:59 UTC,2026-08-05 17:13:48 UTC,108.31,0.2932,0.0039,0.0,0.0004,0.04,10.23,MIN_PROFIT_TP_HIT,0.1058
738,TRUMP_USDT,LONG,EMACrossover(5/13-LONG),2,0.2,1.465,1.467,1.467,1.46,2026-08-05 17:25:59 UTC,2026-08-05 17:37:03 UTC,663.18,0.293,0.0039,0.0,0.0004,0.04,10.24,MIN_PROFIT_TP_HIT,0.1062
739,TRUMP_USDT,SHORT,EMACrossover(5/13-SHORT),2,0.2,1.468,1.473,1.466,1.473,2026-08-05 17:46:59 UTC,2026-08-05 18:00:14 UTC,794.67,0.2936,0.0039,0.0,-0.001,-0.09,-25.54,STOP_LOSS_HIT,0.1052
740,TRUMP_USDT,SHORT,EMACrossover(5/13-SHORT),2,0.2,1.474,1.472,1.472,1.479,2026-08-05 18:20:59 UTC,2026-08-05 18:21:53 UTC,53.31,0.2948,0.0039,0.0,0.0004,0.04,10.18,MIN_PROFIT_TP_HIT,0.1056
741,TRUMP_USDT,LONG,EMACrossover(5/13-LONG),2,0.2,1.471,1.466,1.473,1.466,2026-08-05 18:22:59 UTC,2026-08-05 18:31:17 UTC,497.26,0.2942,0.0039,0.0,-0.001,-0.09,-25.49,STOP_LOSS_HIT,0.1046
742,TRUMP_USDT,LONG,EMACrossover(5/13-LONG),2,0.2,1.466,1.461,1.468,1.461,2026-08-05 19:05:59 UTC,2026-08-05 19:25:07 UTC,1147.07,0.2932,0.0039,0.0,-0.001,-0.09,-25.58,STOP_LOSS_HIT,0.1036
743,TRUMP_USDT,LONG,EMACrossover(5/13-LONG),2,0.2,1.464,1.459,1.466,1.459,2026-08-05 19:36:59 UTC,2026-08-05 20:06:37 UTC,1777.89,0.2928,0.0039,0.0,-0.001,-0.09,-25.61,STOP_LOSS_HIT,0.1026
744,TRUMP_USDT,LONG,EMACrossover(5/13-LONG),2,0.2,1.464,1.466,1.466,1.459,2026-08-05 20:15:59 UTC,2026-08-05 20:29:06 UTC,786.67,0.2928,0.0039,0.0,0.0004,0.04,10.25,MIN_PROFIT_TP_HIT,0.103
745,TRUMP_USDT,SHORT,EMACrossover(5/13-SHORT),2,0.2,1.469,1.467,1.467,1.474,2026-08-05 20:58:59 UTC,2026-08-05 21:00:59 UTC,119.15,0.2938,0.0039,0.0,0.0004,0.04,10.21,MIN_PROFIT_TP_HIT,0.1034
746,TRUMP_USDT,SHORT,EMACrossover(5/13-SHORT),2,0.2,1.465,1.47,1.463,1.47,2026-08-05 21:01:59 UTC,2026-08-05 21:12:51 UTC,651.15,0.293,0.0039,0.0,-0.001,-0.09,-25.6,STOP_LOSS_HIT,0.1024
747,TRUMP_USDT,SHORT,EMACrossover(5/13-SHORT),2,0.2,1.467,1.465,1.465,1.472,2026-08-05 21:17:59 UTC,2026-08-05 21:21:00 UTC,180.88,0.2934,0.0039,0.0,0.0004,0.04,10.22,MIN_PROFIT_TP_HIT,0.1028
748,TRUMP_USDT,LONG,EMACrossover(5/13-LONG),2,0.2,1.463,1.465,1.465,1.458,2026-08-05 21:48:59 UTC,2026-08-05 21:49:45 UTC,45.43,0.2926,0.0039,0.0,0.0004,0.04,10.25,MIN_PROFIT_TP_HIT,0.1032
749,TRUMP_USDT,SHORT,EMACrossover(5/13-SHORT),2,0.2,1.464,1.469,1.462,1.469,2026-08-05 22:14:59 UTC,2026-08-05 22:37:13 UTC,1333.47,0.2928,0.0039,0.0,-0.001,-0.09,-25.61,STOP_LOSS_HIT,0.1022
750,TRUMP_USDT,SHORT,EMACrossover(5/13-SHORT),2,0.2,1.467,1.465,1.465,1.472,2026-08-05 22:44:59 UTC,2026-08-05 22:49:15 UTC,255.61,0.2934,0.0039,0.0,0.0004,0.04,10.22,MIN_PROFIT_TP_HIT,0.1026
751,TRUMP_USDT,LONG,EMACrossover(5/13-LONG),2,0.2,1.468,1.47,1.47,1.463,2026-08-05 23:06:59 UTC,2026-08-05 23:10:43 UTC,223.25,0.2936,0.0039,0.0,0.0004,0.04,10.22,MIN_PROFIT_TP_HIT,0.103
752,TRUMP_USDT,SHORT,EMACrossover(5/13-SHORT),2,0.2,1.468,1.466,1.466,1.473,2026-08-05 23:21:59 UTC,2026-08-05 23:29:24 UTC,444.36,0.2936,0.0039,0.0,0.0004,0.04,10.22,MIN_PROFIT_TP_HIT,0.1034
753,TRUMP_USDT,LONG,EMACrossover(5/13-LONG),2,0.2,1.47,1.465,1.472,1.465,2026-08-05 23:38:59 UTC,2026-08-05 23:46:56 UTC,476.55,0.294,0.0039,0.0,-0.001,-0.09,-25.51,STOP_LOSS_HIT,0.1024
754,TRUMP_USDT,LONG,EMACrossover(5/13-LONG),2,0.2,1.47,1.472,1.472,1.465,2026-08-06 00:02:59 UTC,2026-08-06 00:09:45 UTC,405.95,0.294,0.0039,0.0,0.0004,0.04,10.2,MIN_PROFIT_TP_HIT,0.1028
755,TRUMP_USDT,SHORT,EMACrossover(5/13-SHORT),2,0.2,1.471,1.469,1.469,1.476,2026-08-06 00:36:59 UTC,2026-08-06 00:46:08 UTC,548.83,0.2942,0.0039,0.0,0.0004,0.04,10.2,MIN_PROFIT_TP_HIT,0.1032
756,TRUMP_USDT,LONG,EMACrossover(5/13-LONG),2,0.2,1.471,1.473,1.473,1.466,2026-08-06 00:54:59 UTC,2026-08-06 00:55:13 UTC,13.8,0.2942,0.0039,0.0,0.0004,0.04,10.2,MIN_PROFIT_TP_HIT,0.1036
757,TRUMP_USDT,SHORT,EMACrossover(5/13-SHORT),2,0.2,1.469,1.467,1.467,1.474,2026-08-06 01:00:59 UTC,2026-08-06 01:01:01 UTC,1.05,0.2938,0.0039,0.0,0.0004,0.04,10.21,MIN_PROFIT_TP_HIT,0.104
758,TRUMP_USDT,LONG,EMACrossover(5/13-LONG),2,0.2,1.47,1.465,1.472,1.465,2026-08-06 01:12:59 UTC,2026-08-06 01:19:43 UTC,403.12,0.294,0.0039,0.0,-0.001,-0.09,-25.51,STOP_LOSS_HIT,0.103
759,TRUMP_USDT,LONG,EMACrossover(5/13-LONG),2,0.2,1.462,1.457,1.464,1.457,2026-08-06 01:49:59 UTC,2026-08-06 02:17:21 UTC,1641.5,0.2924,0.0039,0.0,-0.001,-0.09,-25.65,STOP_LOSS_HIT,0.102
760,TRUMP_USDT,LONG,EMACrossover(5/13-LONG),2,0.2,1.457,1.459,1.459,1.452,2026-08-06 02:35:59 UTC,2026-08-06 02:42:58 UTC,418.21,0.2914,0.0039,0.0,0.0004,0.04,10.3,MIN_PROFIT_TP_HIT,0.1024
761,TRUMP_USDT,SHORT,EMACrossover(5/13-SHORT),2,0.2,1.459,1.457,1.457,1.464,2026-08-06 02:58:59 UTC,2026-08-06 03:00:16 UTC,76.15,0.2918,0.0039,0.0,0.0004,0.04,10.28,MIN_PROFIT_TP_HIT,0.1028
762,TRUMP_USDT,SHORT,EMACrossover(5/13-SHORT),2,0.2,1.458,1.456,1.456,1.463,2026-08-06 03:01:59 UTC,2026-08-06 03:02:10 UTC,10.15,0.2916,0.0039,0.0,0.0004,0.04,10.29,MIN_PROFIT_TP_HIT,0.1032
763,TRUMP_USDT,LONG,EMACrossover(5/13-LONG),2,0.2,1.458,1.46,1.46,1.453,2026-08-06 03:07:59 UTC,2026-08-06 03:08:30 UTC,30.42,0.2916,0.0039,0.0,0.0004,0.04,10.29,MIN_PROFIT_TP_HIT,0.1036
764,TRUMP_USDT,LONG,EMACrossover(5/13-LONG),2,0.2,1.459,1.461,1.461,1.454,2026-08-06 03:09:59 UTC,2026-08-06 03:12:22 UTC,142.49,0.2918,0.0039,0.0,0.0004,0.04,10.28,MIN_PROFIT_TP_HIT,0.104
765,TRUMP_USDT,SHORT,EMACrossover(5/13-SHORT),2,0.2,1.458,1.456,1.456,1.463,2026-08-06 03:18:59 UTC,2026-08-06 03:19:38 UTC,38.54,0.2916,0.0039,0.0,0.0004,0.04,10.29,MIN_PROFIT_TP_HIT,0.1044
766,TRUMP_USDT,LONG,EMACrossover(5/13-LONG),2,0.2,1.458,1.453,1.46,1.453,2026-08-06 03:29:59 UTC,2026-08-06 03:44:32 UTC,872.18,0.2916,0.0039,0.0,-0.001,-0.09,-25.72,STOP_LOSS_HIT,0.1034
767,TRUMP_USDT,LONG,EMACrossover(5/13-LONG),2,0.2,1.448,1.45,1.45,1.443,2026-08-06 04:07:59 UTC,2026-08-06 04:15:16 UTC,436.4,0.2896,0.0039,0.0,0.0004,0.04,10.36,MIN_PROFIT_TP_HIT,0.1038
768,TRUMP_USDT,SHORT,EMACrossover(5/13-SHORT),2,0.2,1.454,1.452,1.452,1.459,2026-08-06 04:44:59 UTC,2026-08-06 04:45:43 UTC,43.57,0.2908,0.0039,0.0,0.0004,0.04,10.32,MIN_PROFIT_TP_HIT,0.1042
769,TRUMP_USDT,SHORT,EMACrossover(5/13-SHORT),2,0.2,1.452,1.457,1.45,1.457,2026-08-06 04:46:59 UTC,2026-08-06 04:57:23 UTC,623.03,0.2904,0.0039,0.0,-0.001,-0.09,-25.83,STOP_LOSS_HIT,0.1032
770,TRUMP_USDT,SHORT,EMACrossover(5/13-SHORT),2,0.2,1.46,1.458,1.458,1.465,2026-08-06 05:18:59 UTC,2026-08-06 05:27:31 UTC,511.62,0.292,0.0039,0.0,0.0004,0.04,10.27,MIN_PROFIT_TP_HIT,0.1036
771,TRUMP_USDT,LONG,EMACrossover(5/13-LONG),2,0.2,1.457,1.452,1.459,1.452,2026-08-06 05:58:59 UTC,2026-08-06 06:18:23 UTC,1163.06,0.2914,0.0039,0.0,-0.001,-0.09,-25.74,STOP_LOSS_HIT,0.1026
772,TRUMP_USDT,LONG,EMACrossover(5/13-LONG),2,0.2,1.454,1.456,1.456,1.449,2026-08-06 06:30:59 UTC,2026-08-06 06:32:19 UTC,79.46,0.2908,0.0039,0.0,0.0004,0.04,10.32,MIN_PROFIT_TP_HIT,0.103
773,TRUMP_USDT,LONG,EMACrossover(5/13-LONG),2,0.2,1.456,1.451,1.458,1.451,2026-08-06 06:33:59 UTC,2026-08-06 06:40:40 UTC,400.28,0.2912,0.0039,0.0,-0.001,-0.09,-25.76,STOP_LOSS_HIT,0.102
774,TRUMP_USDT,LONG,EMACrossover(5/13-LONG),2,0.2,1.455,1.457,1.457,1.45,2026-08-06 06:46:59 UTC,2026-08-06 07:24:56 UTC,2276.28,0.291,0.0039,0.0,0.0004,0.04,10.31,MIN_PROFIT_TP_HIT,0.1024
775,TRUMP_USDT,LONG,EMACrossover(5/13-LONG),2,0.2,1.455,1.457,1.457,1.45,2026-08-06 07:25:59 UTC,2026-08-06 08:53:03 UTC,5223.83,0.291,0.0039,0.0,0.0004,0.04,10.31,MIN_PROFIT_TP_HIT,0.1028
776,TRUMP_USDT,SHORT,EMACrossover(5/13-SHORT),2,0.2,1.455,1.453,1.453,1.46,2026-08-06 09:02:59 UTC,2026-08-06 09:05:18 UTC,138.23,0.291,0.0039,0.0,0.0004,0.04,10.31,MIN_PROFIT_TP_HIT,0.1032
777,TRUMP_USDT,LONG,EMACrossover(5/13-LONG),2,0.2,1.448,1.443,1.45,1.443,2026-08-06 09:50:59 UTC,2026-08-06 10:00:57 UTC,597.83,0.2896,0.0039,0.0,-0.001,-0.09,-25.9,STOP_LOSS_HIT,0.1022
778,TRUMP_USDT,LONG,EMACrossover(5/13-LONG),2,0.2,1.448,1.443,1.45,1.443,2026-08-06 10:07:59 UTC,2026-08-06 11:04:24 UTC,3384.34,0.2896,0.0039,0.0,-0.001,-0.09,-25.9,STOP_LOSS_HIT,0.1012
779,TRUMP_USDT,LONG,EMACrossover(5/13-LONG),2,0.2,1.446,1.448,1.448,1.441,2026-08-06 11:11:59 UTC,2026-08-06 11:15:38 UTC,218.5,0.2892,0.0039,0.0,0.0004,0.04,10.37,MIN_PROFIT_TP_HIT,0.1016
780,TRUMP_USDT,SHORT,EMACrossover(5/13-SHORT),2,0.2,1.448,1.446,1.446,1.453,2026-08-06 11:31:59 UTC,2026-08-06 12:00:30 UTC,1710.22,0.2896,0.0039,0.0,0.0004,0.04,10.36,MIN_PROFIT_TP_HIT,0.102
781,TRUMP_USDT,LONG,EMACrossover(5/13-LONG),2,0.2,1.445,1.447,1.447,1.44,2026-08-06 12:16:59 UTC,2026-08-06 12:22:37 UTC,337.42,0.289,0.0039,0.0,0.0004,0.04,10.38,MIN_PROFIT_TP_HIT,0.1024
782,TRUMP_USDT,LONG,EMACrossover(5/13-LONG),2,0.2,1.447,1.442,1.449,1.442,2026-08-06 12:23:59 UTC,2026-08-06 12:50:31 UTC,1591.64,0.2894,0.0039,0.0,-0.001,-0.09,-25.92,STOP_LOSS_HIT,0.1014
783,TRUMP_USDT,LONG,EMACrossover(5/13-LONG),2,0.2,1.443,1.445,1.445,1.438,2026-08-06 13:13:59 UTC,2026-08-06 13:15:42 UTC,102.83,0.2886,0.0038,0.0,0.0004,0.04,10.4,MIN_PROFIT_TP_HIT,0.1018
784,TRUMP_USDT,SHORT,EMACrossover(5/13-SHORT),2,0.2,1.442,1.447,1.44,1.447,2026-08-06 13:31:59 UTC,2026-08-06 13:37:01 UTC,301.71,0.2884,0.0038,0.0,-0.001,-0.09,-26.01,STOP_LOSS_HIT,0.1008
785,TRUMP_USDT,SHORT,EMACrossover(5/13-SHORT),2,0.2,1.452,1.45,1.45,1.457,2026-08-06 14:01:59 UTC,2026-08-06 14:07:38 UTC,338.1,0.2904,0.0039,0.0,0.0004,0.04,10.33,MIN_PROFIT_TP_HIT,0.1012
786,TRUMP_USDT,SHORT,EMACrossover(5/13-SHORT),2,0.2,1.451,1.449,1.449,1.456,2026-08-06 14:19:59 UTC,2026-08-06 14:30:02 UTC,602.75,0.2902,0.0039,0.0,0.0004,0.04,10.34,MIN_PROFIT_TP_HIT,0.1016
787,TRUMP_USDT,LONG,EMACrossover(5/13-LONG),2,0.2,1.453,1.455,1.455,1.448,2026-08-06 14:36:59 UTC,2026-08-06 14:42:44 UTC,344.42,0.2906,0.0039,0.0,0.0004,0.04,10.32,MIN_PROFIT_TP_HIT,0.102
788,TRUMP_USDT,SHORT,EMACrossover(5/13-SHORT),2,0.2,1.464,1.462,1.462,1.469,2026-08-06 15:37:59 UTC,2026-08-06 15:45:47 UTC,467.57,0.2928,0.0039,0.0,0.0004,0.04,10.25,MIN_PROFIT_TP_HIT,0.1024
789,TRUMP_USDT,LONG,EMACrossover(5/13-LONG),2,0.2,1.465,1.467,1.467,1.46,2026-08-06 15:48:59 UTC,2026-08-06 15:49:02 UTC,2.87,0.293,0.0039,0.0,0.0004,0.04,10.24,MIN_PROFIT_TP_HIT,0.1028
790,TRUMP_USDT,SHORT,EMACrossover(5/13-SHORT),2,0.2,1.462,1.46,1.46,1.467,2026-08-06 15:55:59 UTC,2026-08-06 16:04:13 UTC,493.3,0.2924,0.0039,0.0,0.0004,0.04,10.26,MIN_PROFIT_TP_HIT,0.1032
791,TRUMP_USDT,LONG,EMACrossover(5/13-LONG),2,0.2,1.464,1.466,1.466,1.459,2026-08-06 16:07:59 UTC,2026-08-06 16:11:28 UTC,208.16,0.2928,0.0039,0.0,0.0004,0.04,10.25,MIN_PROFIT_TP_HIT,0.1036
792,TRUMP_USDT,SHORT,EMACrossover(5/13-SHORT),2,0.2,1.464,1.462,1.462,1.469,2026-08-06 16:15:59 UTC,2026-08-06 16:16:02 UTC,2.53,0.2928,0.0039,0.0,0.0004,0.04,10.25,MIN_PROFIT_TP_HIT,0.104
793,TRUMP_USDT,SHORT,EMACrossover(5/13-SHORT),2,0.2,1.463,1.468,1.461,1.468,2026-08-06 16:17:59 UTC,2026-08-06 16:19:30 UTC,90.39,0.2926,0.0039,0.0,-0.001,-0.09,-25.63,STOP_LOSS_HIT,0.103
794,TRUMP_USDT,LONG,EMACrossover(5/13-LONG),2,0.2,1.468,1.47,1.47,1.463,2026-08-06 16:20:59 UTC,2026-08-06 16:24:37 UTC,217.48,0.2936,0.0039,0.0,0.0004,0.04,10.22,MIN_PROFIT_TP_HIT,0.1034
795,TRUMP_USDT,SHORT,EMACrossover(5/13-SHORT),2,0.2,1.466,1.471,1.464,1.471,2026-08-06 16:33:59 UTC,2026-08-06 16:40:18 UTC,378.17,0.2932,0.0039,0.0,-0.001,-0.09,-25.58,STOP_LOSS_HIT,0.1024
796,TRUMP_USDT,SHORT,EMACrossover(5/13-SHORT),2,0.2,1.474,1.472,1.472,1.479,2026-08-06 17:08:59 UTC,2026-08-06 17:10:52 UTC,112.84,0.2948,0.0039,0.0,0.0004,0.04,10.18,MIN_PROFIT_TP_HIT,0.1028
797,TRUMP_USDT,LONG,EMACrossover(5/13-LONG),2,0.2,1.472,1.467,1.474,1.467,2026-08-06 17:44:59 UTC,2026-08-06 18:03:52 UTC,1132.12,0.2944,0.0039,0.0,-0.001,-0.09,-25.48,STOP_LOSS_HIT,0.1018
798,TRUMP_USDT,LONG,EMACrossover(5/13-LONG),2,0.2,1.471,1.473,1.473,1.466,2026-08-06 18:13:59 UTC,2026-08-06 18:15:34 UTC,94.3,0.2942,0.0039,0.0,0.0004,0.04,10.2,MIN_PROFIT_TP_HIT,0.1022
799,TRUMP_USDT,SHORT,EMACrossover(5/13-SHORT),2,0.2,1.469,1.467,1.467,1.474,2026-08-06 18:25:59 UTC,2026-08-06 18:33:03 UTC,423.23,0.2938,0.0039,0.0,0.0004,0.04,10.21,MIN_PROFIT_TP_HIT,0.1026
800,TRUMP_USDT,LONG,EMACrossover(5/13-LONG),2,0.2,1.467,1.469,1.469,1.462,2026-08-06 18:52:59 UTC,2026-08-06 18:55:51 UTC,171.87,0.2934,0.0039,0.0,0.0004,0.04,10.22,MIN_PROFIT_TP_HIT,0.103
801,TRUMP_USDT,LONG,EMACrossover(5/13-LONG),2,0.2,1.469,1.471,1.471,1.464,2026-08-06 18:56:59 UTC,2026-08-06 19:00:35 UTC,215.87,0.2938,0.0039,0.0,0.0004,0.04,10.21,MIN_PROFIT_TP_HIT,0.1034
802,TRUMP_USDT,SHORT,EMACrossover(5/13-SHORT),2,0.2,1.473,1.478,1.471,1.478,2026-08-06 19:30:59 UTC,2026-08-06 20:02:42 UTC,1902.0,0.2946,0.0039,0.0,-0.001,-0.09,-25.46,STOP_LOSS_HIT,0.1024
803,TRUMP_USDT,LONG,EMACrossover(5/13-LONG),2,0.2,1.481,1.483,1.483,1.476,2026-08-06 20:03:59 UTC,2026-08-06 20:04:46 UTC,46.57,0.2962,0.0039,0.0,0.0004,0.04,10.13,MIN_PROFIT_TP_HIT,0.1028
804,TRUMP_USDT,SHORT,EMACrossover(5/13-SHORT),2,0.2,1.475,1.48,1.473,1.48,2026-08-06 20:13:59 UTC,2026-08-06 20:15:05 UTC,65.29,0.295,0.0039,0.0,-0.001,-0.09,-25.42,STOP_LOSS_HIT,0.1018
805,TRUMP_USDT,LONG,EMACrossover(5/13-LONG),2,0.2,1.475,1.477,1.477,1.47,2026-08-06 20:17:59 UTC,2026-08-06 20:19:07 UTC,67.11,0.295,0.0039,0.0,0.0004,0.04,10.17,MIN_PROFIT_TP_HIT,0.1022
806,TRUMP_USDT,LONG,EMACrossover(5/13-LONG),2,0.2,1.475,1.477,1.477,1.47,2026-08-06 20:35:59 UTC,2026-08-06 20:37:00 UTC,60.99,0.295,0.0039,0.0,0.0004,0.04,10.17,MIN_PROFIT_TP_HIT,0.1026
807,TRUMP_USDT,SHORT,EMACrossover(5/13-SHORT),2,0.2,1.48,1.478,1.478,1.485,2026-08-06 21:00:59 UTC,2026-08-06 21:06:23 UTC,323.66,0.296,0.0039,0.0,0.0004,0.04,10.14,MIN_PROFIT_TP_HIT,0.103
808,TRUMP_USDT,SHORT,EMACrossover(5/13-SHORT),2,0.2,1.474,1.472,1.472,1.479,2026-08-06 21:08:59 UTC,2026-08-06 21:17:24 UTC,504.76,0.2948,0.0039,0.0,0.0004,0.04,10.18,MIN_PROFIT_TP_HIT,0.1034
809,TRUMP_USDT,LONG,EMACrossover(5/13-LONG),2,0.2,1.475,1.477,1.477,1.47,2026-08-06 21:33:59 UTC,2026-08-06 21:34:14 UTC,14.59,0.295,0.0039,0.0,0.0004,0.04,10.17,MIN_PROFIT_TP_HIT,0.1038
810,TRUMP_USDT,SHORT,EMACrossover(5/13-SHORT),2,0.2,1.478,1.476,1.476,1.483,2026-08-06 22:10:59 UTC,2026-08-06 22:23:07 UTC,727.12,0.2956,0.0039,0.0,0.0004,0.04,10.15,MIN_PROFIT_TP_HIT,0.1042
811,TRUMP_USDT,LONG,EMACrossover(5/13-LONG),2,0.2,1.473,1.475,1.475,1.468,2026-08-06 23:01:59 UTC,2026-08-06 23:08:19 UTC,379.29,0.2946,0.0039,0.0,0.0004,0.04,10.18,MIN_PROFIT_TP_HIT,0.1046
812,TRUMP_USDT,LONG,EMACrossover(5/13-LONG),2,0.2,1.474,1.476,1.476,1.469,2026-08-06 23:09:59 UTC,2026-08-06 23:11:25 UTC,85.15,0.2948,0.0039,0.0,0.0004,0.04,10.18,MIN_PROFIT_TP_HIT,0.105
813,TRUMP_USDT,SHORT,EMACrossover(5/13-SHORT),2,0.2,1.477,1.475,1.475,1.482,2026-08-06 23:33:59 UTC,2026-08-06 23:38:01 UTC,241.5,0.2954,0.0039,0.0,0.0004,0.04,10.16,MIN_PROFIT_TP_HIT,0.1054
814,TRUMP_USDT,LONG,EMACrossover(5/13-LONG),2,0.2,1.475,1.477,1.477,1.47,2026-08-06 23:50:59 UTC,2026-08-06 23:51:07 UTC,7.85,0.295,0.0039,0.0,0.0004,0.04,10.17,MIN_PROFIT_TP_HIT,0.1058
815,TRUMP_USDT,SHORT,EMACrossover(5/13-SHORT),2,0.2,1.478,1.476,1.476,1.483,2026-08-07 00:08:59 UTC,2026-08-07 00:18:30 UTC,570.82,0.2956,0.0039,0.0,0.0004,0.04,10.15,MIN_PROFIT_TP_HIT,0.1062
816,TRUMP_USDT,LONG,EMACrossover(5/13-LONG),2,0.2,1.483,1.478,1.485,1.478,2026-08-07 00:23:59 UTC,2026-08-07 00:25:11 UTC,71.41,0.2966,0.004,0.0,-0.001,-0.09,-25.29,STOP_LOSS_HIT,0.1052
817,TRUMP_USDT,SHORT,EMACrossover(5/13-SHORT),2,0.2,1.484,1.482,1.482,1.489,2026-08-07 00:55:59 UTC,2026-08-07 00:57:26 UTC,86.29,0.2968,0.004,0.0,0.0004,0.04,10.11,MIN_PROFIT_TP_HIT,0.1056
818,TRUMP_USDT,LONG,EMACrossover(5/13-LONG),2,0.2,1.487,1.489,1.489,1.482,2026-08-07 01:02:59 UTC,2026-08-07 01:04:49 UTC,109.33,0.2974,0.004,0.0,0.0004,0.04,10.09,MIN_PROFIT_TP_HIT,0.106
819,TRUMP_USDT,SHORT,EMACrossover(5/13-SHORT),2,0.2,1.484,1.482,1.482,1.489,2026-08-07 01:12:59 UTC,2026-08-07 01:13:51 UTC,51.04,0.2968,0.004,0.0,0.0004,0.04,10.11,MIN_PROFIT_TP_HIT,0.1064
820,TRUMP_USDT,LONG,EMACrossover(5/13-LONG),2,0.2,1.487,1.482,1.489,1.482,2026-08-07 01:30:59 UTC,2026-08-07 01:38:24 UTC,444.84,0.2974,0.004,0.0,-0.001,-0.09,-25.22,STOP_LOSS_HIT,0.1054
821,TRUMP_USDT,SHORT,EMACrossover(5/13-SHORT),2,0.2,1.48,1.485,1.478,1.485,2026-08-07 01:39:59 UTC,2026-08-07 01:45:37 UTC,337.38,0.296,0.0039,0.0,-0.001,-0.09,-25.34,STOP_LOSS_HIT,0.1044
822,TRUMP_USDT,LONG,EMACrossover(5/13-LONG),2,0.2,1.485,1.487,1.487,1.48,2026-08-07 01:46:59 UTC,2026-08-07 01:50:02 UTC,182.88,0.297,0.004,0.0,0.0004,0.04,10.1,MIN_PROFIT_TP_HIT,0.1048
823,TRUMP_USDT,SHORT,EMACrossover(5/13-SHORT),2,0.2,1.486,1.484,1.484,1.491,2026-08-07 02:05:59 UTC,2026-08-07 02:07:08 UTC,68.37,0.2972,0.004,0.0,0.0004,0.04,10.09,MIN_PROFIT_TP_HIT,0.1052
824,TRUMP_USDT,LONG,EMACrossover(5/13-LONG),2,0.2,1.487,1.482,1.489,1.482,2026-08-07 02:16:59 UTC,2026-08-07 02:22:51 UTC,351.2,0.2974,0.004,0.0,-0.001,-0.09,-25.22,STOP_LOSS_HIT,0.1042
825,TRUMP_USDT,SHORT,EMACrossover(5/13-SHORT),2,0.2,1.486,1.484,1.484,1.491,2026-08-07 02:23:59 UTC,2026-08-07 02:24:10 UTC,10.48,0.2972,0.004,0.0,0.0004,0.04,10.09,MIN_PROFIT_TP_HIT,0.1046
826,TRUMP_USDT,LONG,EMACrossover(5/13-LONG),2,0.2,1.486,1.488,1.488,1.481,2026-08-07 02:33:59 UTC,2026-08-07 02:42:26 UTC,506.69,0.2972,0.004,0.0,0.0004,0.04,10.09,MIN_PROFIT_TP_HIT,0.105
827,TRUMP_USDT,SHORT,EMACrossover(5/13-SHORT),2,0.2,1.493,1.491,1.491,1.498,2026-08-07 03:11:59 UTC,2026-08-07 03:12:04 UTC,4.54,0.2986,0.004,0.0,0.0004,0.04,10.05,MIN_PROFIT_TP_HIT,0.1054
828,TRUMP_USDT,LONG,EMACrossover(5/13-LONG),2,0.2,1.485,1.48,1.487,1.48,2026-08-07 04:21:59 UTC,2026-08-07 04:35:03 UTC,783.52,0.297,0.004,0.0,-0.001,-0.09,-25.25,STOP_LOSS_HIT,0.1044
829,TRUMP_USDT,LONG,EMACrossover(5/13-LONG),2,0.2,1.482,1.477,1.484,1.477,2026-08-07 04:43:59 UTC,2026-08-07 04:52:50 UTC,530.08,0.2964,0.004,0.0,-0.001,-0.09,-25.3,STOP_LOSS_HIT,0.1034
830,TRUMP_USDT,LONG,EMACrossover(5/13-LONG),2,0.2,1.48,1.475,1.482,1.475,2026-08-07 05:03:59 UTC,2026-08-07 05:10:01 UTC,361.67,0.296,0.0039,0.0,-0.001,-0.09,-25.34,STOP_LOSS_HIT,0.1024
831,TRUMP_USDT,LONG,EMACrossover(5/13-LONG),2,0.2,1.479,1.481,1.481,1.474,2026-08-07 05:14:59 UTC,2026-08-07 05:39:22 UTC,1462.03,0.2958,0.0039,0.0,0.0004,0.04,10.14,MIN_PROFIT_TP_HIT,0.1028
832,TRUMP_USDT,SHORT,EMACrossover(5/13-SHORT),2,0.2,1.478,1.476,1.476,1.483,2026-08-07 05:42:59 UTC,2026-08-07 05:46:05 UTC,185.31,0.2956,0.0039,0.0,0.0004,0.04,10.15,MIN_PROFIT_TP_HIT,0.1032
833,TRUMP_USDT,LONG,EMACrossover(5/13-LONG),2,0.2,1.479,1.481,1.481,1.474,2026-08-07 05:48:59 UTC,2026-08-07 05:49:12 UTC,12.12,0.2958,0.0039,0.0,0.0004,0.04,10.14,MIN_PROFIT_TP_HIT,0.1036
834,TRUMP_USDT,SHORT,EMACrossover(5/13-SHORT),2,0.2,1.48,1.478,1.478,1.485,2026-08-07 06:01:59 UTC,2026-08-07 06:09:57 UTC,477.97,0.296,0.0039,0.0,0.0004,0.04,10.14,MIN_PROFIT_TP_HIT,0.104
835,TRUMP_USDT,LONG,EMACrossover(5/13-LONG),2,0.2,1.474,1.476,1.476,1.469,2026-08-07 07:14:59 UTC,2026-08-07 07:22:15 UTC,435.58,0.2948,0.0039,0.0,0.0004,0.04,10.18,MIN_PROFIT_TP_HIT,0.1044
836,TRUMP_USDT,SHORT,EMACrossover(5/13-SHORT),2,0.2,1.474,1.472,1.472,1.479,2026-08-07 07:38:59 UTC,2026-08-07 07:41:04 UTC,124.19,0.2948,0.0039,0.0,0.0004,0.04,10.18,MIN_PROFIT_TP_HIT,0.1048
837,TRUMP_USDT,LONG,EMACrossover(5/13-LONG),2,0.2,1.471,1.473,1.473,1.466,2026-08-07 08:03:59 UTC,2026-08-07 08:04:48 UTC,48.43,0.2942,0.0039,0.0,0.0004,0.04,10.2,MIN_PROFIT_TP_HIT,0.1052
838,TRUMP_USDT,LONG,EMACrossover(5/13-LONG),2,0.2,1.473,1.475,1.475,1.468,2026-08-07 08:05:59 UTC,2026-08-07 08:44:10 UTC,2290.63,0.2946,0.0039,0.0,0.0004,0.04,10.18,MIN_PROFIT_TP_HIT,0.1056
839,TRUMP_USDT,SHORT,EMACrossover(5/13-SHORT),2,0.2,1.471,1.476,1.469,1.476,2026-08-07 08:47:59 UTC,2026-08-07 09:09:58 UTC,1318.79,0.2942,0.0039,0.0,-0.001,-0.09,-25.49,STOP_LOSS_HIT,0.1046
840,TRUMP_USDT,SHORT,EMACrossover(5/13-SHORT),2,0.2,1.477,1.475,1.475,1.482,2026-08-07 09:28:59 UTC,2026-08-07 09:29:00 UTC,0.13,0.2954,0.0039,0.0,0.0004,0.04,10.16,MIN_PROFIT_TP_HIT,0.105
841,TRUMP_USDT,LONG,EMACrossover(5/13-LONG),2,0.2,1.477,1.479,1.479,1.472,2026-08-07 09:48:59 UTC,2026-08-07 10:06:02 UTC,1022.03,0.2954,0.0039,0.0,0.0004,0.04,10.16,MIN_PROFIT_TP_HIT,0.1054
842,TRUMP_USDT,SHORT,EMACrossover(5/13-SHORT),2,0.2,1.473,1.471,1.471,1.478,2026-08-07 10:09:59 UTC,2026-08-07 10:17:17 UTC,437.49,0.2946,0.0039,0.0,0.0004,0.04,10.18,MIN_PROFIT_TP_HIT,0.1058
843,TRUMP_USDT,LONG,EMACrossover(5/13-LONG),2,0.2,1.468,1.47,1.47,1.463,2026-08-07 10:49:59 UTC,2026-08-07 10:54:28 UTC,268.29,0.2936,0.0039,0.0,0.0004,0.04,10.22,MIN_PROFIT_TP_HIT,0.1062
844,TRUMP_USDT,SHORT,EMACrossover(5/13-SHORT),2,0.2,1.468,1.473,1.466,1.473,2026-08-07 10:56:59 UTC,2026-08-07 11:22:52 UTC,1552.69,0.2936,0.0039,0.0,-0.001,-0.09,-25.54,STOP_LOSS_HIT,0.1052
845,TRUMP_USDT,SHORT,EMACrossover(5/13-SHORT),2,0.2,1.47,1.468,1.468,1.475,2026-08-07 11:31:59 UTC,2026-08-07 11:38:17 UTC,377.74,0.294,0.0039,0.0,0.0004,0.04,10.2,MIN_PROFIT_TP_HIT,0.1056
846,TRUMP_USDT,SHORT,EMACrossover(5/13-SHORT),2,0.2,1.469,1.467,1.467,1.474,2026-08-07 11:39:59 UTC,2026-08-07 12:04:13 UTC,1453.12,0.2938,0.0039,0.0,0.0004,0.04,10.21,MIN_PROFIT_TP_HIT,0.106
847,TRUMP_USDT,LONG,EMACrossover(5/13-LONG),2,0.2,1.471,1.466,1.473,1.466,2026-08-07 12:11:59 UTC,2026-08-07 12:19:29 UTC,449.89,0.2942,0.0039,0.0,-0.001,-0.09,-25.49,STOP_LOSS_HIT,0.105
848,TRUMP_USDT,SHORT,EMACrossover(5/13-SHORT),2,0.2,1.466,1.471,1.464,1.471,2026-08-07 12:20:59 UTC,2026-08-07 12:30:01 UTC,541.24,0.2932,0.0039,0.0,-0.001,-0.09,-25.58,STOP_LOSS_HIT,0.104
849,TRUMP_USDT,LONG,EMACrossover(5/13-LONG),2,0.2,1.468,1.463,1.47,1.463,2026-08-07 12:31:59 UTC,2026-08-07 12:35:02 UTC,182.14,0.2936,0.0039,0.0,-0.001,-0.09,-25.54,STOP_LOSS_HIT,0.103
850,TRUMP_USDT,LONG,EMACrossover(5/13-LONG),2,0.2,1.467,1.462,1.469,1.462,2026-08-07 12:54:59 UTC,2026-08-07 13:01:12 UTC,372.69,0.2934,0.0039,0.0,-0.001,-0.09,-25.56,STOP_LOSS_HIT,0.102
851,TRUMP_USDT,LONG,EMACrossover(5/13-LONG),2,0.2,1.466,1.468,1.468,1.461,2026-08-07 13:08:59 UTC,2026-08-07 13:10:51 UTC,111.45,0.2932,0.0039,0.0,0.0004,0.04,10.23,MIN_PROFIT_TP_HIT,0.1024
852,TRUMP_USDT,SHORT,EMACrossover(5/13-SHORT),2,0.2,1.466,1.471,1.464,1.471,2026-08-07 13:26:59 UTC,2026-08-07 13:35:56 UTC,536.75,0.2932,0.0039,0.0,-0.001,-0.09,-25.58,STOP_LOSS_HIT,0.1014
853,TRUMP_USDT,SHORT,EMACrossover(5/13-SHORT),2,0.2,1.468,1.466,1.466,1.473,2026-08-07 13:45:59 UTC,2026-08-07 13:48:57 UTC,177.44,0.2936,0.0039,0.0,0.0004,0.04,10.22,MIN_PROFIT_TP_HIT,0.1018
854,TRUMP_USDT,LONG,EMACrossover(5/13-LONG),2,0.2,1.469,1.464,1.471,1.464,2026-08-07 13:51:59 UTC,2026-08-07 13:59:46 UTC,466.12,0.2938,0.0039,0.0,-0.001,-0.09,-25.53,STOP_LOSS_HIT,0.1008
855,TRUMP_USDT,LONG,EMACrossover(5/13-LONG),2,0.2,1.46,1.462,1.462,1.455,2026-08-07 14:12:59 UTC,2026-08-07 14:13:04 UTC,4.75,0.292,0.0039,0.0,0.0004,0.04,10.27,MIN_PROFIT_TP_HIT,0.1012
856,TRUMP_USDT,LONG,EMACrossover(5/13-LONG),2,0.2,1.463,1.465,1.465,1.458,2026-08-07 14:21:59 UTC,2026-08-07 14:22:12 UTC,12.19,0.2926,0.0039,0.0,0.0004,0.04,10.25,MIN_PROFIT_TP_HIT,0.1016
857,TRUMP_USDT,SHORT,EMACrossover(5/13-SHORT),2,0.2,1.463,1.461,1.461,1.468,2026-08-07 14:34:59 UTC,2026-08-07 14:51:48 UTC,1008.32,0.2926,0.0039,0.0,0.0004,0.04,10.25,MIN_PROFIT_TP_HIT,0.102
858,TRUMP_USDT,LONG,EMACrossover(5/13-LONG),2,0.2,1.461,1.463,1.463,1.456,2026-08-07 15:07:59 UTC,2026-08-07 15:08:30 UTC,30.62,0.2922,0.0039,0.0,0.0004,0.04,10.27,MIN_PROFIT_TP_HIT,0.1024
859,TRUMP_USDT,SHORT,EMACrossover(5/13-SHORT),2,0.2,1.475,1.48,1.473,1.48,2026-08-07 15:59:59 UTC,2026-08-07 16:03:44 UTC,224.3,0.295,0.0039,0.0,-0.001,-0.09,-25.42,STOP_LOSS_HIT,0.1014
860,TRUMP_USDT,SHORT,EMACrossover(5/13-SHORT),2,0.2,1.476,1.474,1.474,1.481,2026-08-07 16:13:59 UTC,2026-08-07 16:18:26 UTC,266.02,0.2952,0.0039,0.0,0.0004,0.04,10.16,MIN_PROFIT_TP_HIT,0.1018
861,TRUMP_USDT,SHORT,EMACrossover(5/13-SHORT),2,0.2,1.473,1.471,1.471,1.478,2026-08-07 16:20:59 UTC,2026-08-07 16:21:43 UTC,43.08,0.2946,0.0039,0.0,0.0004,0.04,10.18,MIN_PROFIT_TP_HIT,0.1022
862,TRUMP_USDT,LONG,EMACrossover(5/13-LONG),2,0.2,1.475,1.477,1.477,1.47,2026-08-07 16:34:59 UTC,2026-08-07 16:43:16 UTC,496.48,0.295,0.0039,0.0,0.0004,0.04,10.17,MIN_PROFIT_TP_HIT,0.1026
863,TRUMP_USDT,SHORT,EMACrossover(5/13-SHORT),2,0.2,1.475,1.473,1.473,1.48,2026-08-07 16:55:59 UTC,2026-08-07 16:56:09 UTC,9.11,0.295,0.0039,0.0,0.0004,0.04,10.17,MIN_PROFIT_TP_HIT,0.103
864,TRUMP_USDT,LONG,EMACrossover(5/13-LONG),2,0.2,1.475,1.477,1.477,1.47,2026-08-07 17:08:59 UTC,2026-08-07 17:10:12 UTC,72.37,0.295,0.0039,0.0,0.0004,0.04,10.17,MIN_PROFIT_TP_HIT,0.1034
865,TRUMP_USDT,SHORT,EMACrossover(5/13-SHORT),2,0.2,1.474,1.479,1.472,1.479,2026-08-07 17:33:59 UTC,2026-08-07 17:40:03 UTC,363.61,0.2948,0.0039,0.0,-0.001,-0.09,-25.44,STOP_LOSS_HIT,0.1024
866,TRUMP_USDT,LONG,EMACrossover(5/13-LONG),2,0.2,1.481,1.483,1.483,1.476,2026-08-07 17:41:59 UTC,2026-08-07 17:42:23 UTC,23.44,0.2962,0.0039,0.0,0.0004,0.04,10.13,MIN_PROFIT_TP_HIT,0.1028
867,TRUMP_USDT,SHORT,EMACrossover(5/13-SHORT),2,0.2,1.481,1.486,1.479,1.486,2026-08-07 17:55:59 UTC,2026-08-07 18:13:07 UTC,1027.58,0.2962,0.0039,0.0,-0.001,-0.09,-25.32,STOP_LOSS_HIT,0.1018
868,TRUMP_USDT,SHORT,EMACrossover(5/13-SHORT),2,0.2,1.49,1.488,1.488,1.495,2026-08-07 18:35:59 UTC,2026-08-07 18:43:56 UTC,476.57,0.298,0.004,0.0,0.0004,0.04,10.07,MIN_PROFIT_TP_HIT,0.1022
869,TRUMP_USDT,LONG,EMACrossover(5/13-LONG),2,0.2,1.488,1.49,1.49,1.483,2026-08-07 19:05:59 UTC,2026-08-07 19:09:45 UTC,225.97,0.2976,0.004,0.0,0.0004,0.04,10.08,MIN_PROFIT_TP_HIT,0.1026
870,TRUMP_USDT,SHORT,EMACrossover(5/13-SHORT),2,0.2,1.494,1.492,1.492,1.499,2026-08-07 19:41:59 UTC,2026-08-07 19:54:13 UTC,733.3,0.2988,0.004,0.0,0.0004,0.04,10.04,MIN_PROFIT_TP_HIT,0.103
871,TRUMP_USDT,SHORT,EMACrossover(5/13-SHORT),2,0.2,1.494,1.492,1.492,1.499,2026-08-07 19:55:59 UTC,2026-08-07 19:59:38 UTC,218.28,0.2988,0.004,0.0,0.0004,0.04,10.04,MIN_PROFIT_TP_HIT,0.1034
872,TRUMP_USDT,LONG,EMACrossover(5/13-LONG),2,0.2,1.49,1.485,1.492,1.485,2026-08-07 20:29:59 UTC,2026-08-07 20:32:32 UTC,152.93,0.298,0.004,0.0,-0.001,-0.09,-25.17,STOP_LOSS_HIT,0.1024
873,TRUMP_USDT,SHORT,EMACrossover(5/13-SHORT),2,0.2,1.486,1.484,1.484,1.491,2026-08-07 20:33:59 UTC,2026-08-07 20:45:59 UTC,719.39,0.2972,0.004,0.0,0.0004,0.04,10.09,MIN_PROFIT_TP_HIT,0.1028
874,TRUMP_USDT,LONG,EMACrossover(5/13-LONG),2,0.2,1.487,1.489,1.489,1.482,2026-08-07 20:58:59 UTC,2026-08-07 21:02:06 UTC,186.3,0.2974,0.004,0.0,0.0004,0.04,10.09,MIN_PROFIT_TP_HIT,0.1032
875,TRUMP_USDT,SHORT,EMACrossover(5/13-SHORT),2,0.2,1.489,1.487,1.487,1.494,2026-08-07 21:19:59 UTC,2026-08-07 21:36:26 UTC,986.02,0.2978,0.004,0.0,0.0004,0.04,10.07,MIN_PROFIT_TP_HIT,0.1036
876,TRUMP_USDT,SHORT,EMACrossover(5/13-SHORT),2,0.2,1.487,1.485,1.485,1.492,2026-08-07 21:37:59 UTC,2026-08-07 21:40:00 UTC,120.03,0.2974,0.004,0.0,0.0004,0.04,10.09,MIN_PROFIT_TP_HIT,0.104
877,TRUMP_USDT,LONG,EMACrossover(5/13-LONG),2,0.2,1.482,1.477,1.484,1.477,2026-08-07 22:31:59 UTC,2026-08-07 22:37:56 UTC,356.9,0.2964,0.004,0.0,-0.001,-0.09,-25.3,STOP_LOSS_HIT,0.103
878,TRUMP_USDT,LONG,EMACrossover(5/13-LONG),2,0.2,1.478,1.473,1.48,1.473,2026-08-07 23:06:59 UTC,2026-08-08 00:08:42 UTC,3702.81,0.2956,0.0039,0.0,-0.001,-0.09,-25.37,STOP_LOSS_HIT,0.102
879,TRUMP_USDT,LONG,EMACrossover(5/13-LONG),2,0.2,1.474,1.476,1.476,1.469,2026-08-08 00:19:59 UTC,2026-08-08 00:29:50 UTC,590.06,0.2948,0.0039,0.0,0.0004,0.04,10.18,MIN_PROFIT_TP_HIT,0.1024
880,TRUMP_USDT,SHORT,EMACrossover(5/13-SHORT),2,0.2,1.474,1.479,1.472,1.479,2026-08-08 00:36:59 UTC,2026-08-08 00:57:12 UTC,1212.89,0.2948,0.0039,0.0,-0.001,-0.09,-25.44,STOP_LOSS_HIT,0.1014
881,TRUMP_USDT,SHORT,EMACrossover(5/13-SHORT),2,0.2,1.476,1.474,1.474,1.481,2026-08-08 01:01:59 UTC,2026-08-08 01:06:29 UTC,269.35,0.2952,0.0039,0.0,0.0004,0.04,10.16,MIN_PROFIT_TP_HIT,0.1018
882,TRUMP_USDT,LONG,EMACrossover(5/13-LONG),2,0.2,1.475,1.477,1.477,1.47,2026-08-08 01:18:59 UTC,2026-08-08 01:29:07 UTC,607.79,0.295,0.0039,0.0,0.0004,0.04,10.17,MIN_PROFIT_TP_HIT,0.1022
883,TRUMP_USDT,SHORT,EMACrossover(5/13-SHORT),2,0.2,1.478,1.476,1.476,1.483,2026-08-08 01:48:59 UTC,2026-08-08 02:19:03 UTC,1803.16,0.2956,0.0039,0.0,0.0004,0.04,10.15,MIN_PROFIT_TP_HIT,0.1026
884,TRUMP_USDT,LONG,EMACrossover(5/13-LONG),2,0.2,1.478,1.48,1.48,1.473,2026-08-08 02:26:59 UTC,2026-08-08 02:29:47 UTC,167.68,0.2956,0.0039,0.0,0.0004,0.04,10.15,MIN_PROFIT_TP_HIT,0.103
885,TRUMP_USDT,SHORT,EMACrossover(5/13-SHORT),2,0.2,1.477,1.475,1.475,1.482,2026-08-08 02:36:59 UTC,2026-08-08 03:00:39 UTC,1419.63,0.2954,0.0039,0.0,0.0004,0.04,10.16,MIN_PROFIT_TP_HIT,0.1034
886,TRUMP_USDT,LONG,EMACrossover(5/13-LONG),2,0.2,1.473,1.475,1.475,1.468,2026-08-08 03:28:59 UTC,2026-08-08 03:30:13 UTC,73.54,0.2946,0.0039,0.0,0.0004,0.04,10.18,MIN_PROFIT_TP_HIT,0.1038
887,TRUMP_USDT,LONG,EMACrossover(5/13-LONG),2,0.2,1.476,1.478,1.478,1.471,2026-08-08 03:32:59 UTC,2026-08-08 03:34:10 UTC,70.8,0.2952,0.0039,0.0,0.0004,0.04,10.16,MIN_PROFIT_TP_HIT,0.1042
888,TRUMP_USDT,SHORT,EMACrossover(5/13-SHORT),2,0.2,1.476,1.474,1.474,1.481,2026-08-08 03:41:59 UTC,2026-08-08 03:44:46 UTC,166.67,0.2952,0.0039,0.0,0.0004,0.04,10.16,MIN_PROFIT_TP_HIT,0.1046
889,TRUMP_USDT,LONG,EMACrossover(5/13-LONG),2,0.2,1.477,1.472,1.479,1.472,2026-08-08 03:56:59 UTC,2026-08-08 04:14:05 UTC,1025.39,0.2954,0.0039,0.0,-0.001,-0.09,-25.39,STOP_LOSS_HIT,0.1036
890,TRUMP_USDT,LONG,EMACrossover(5/13-LONG),2,0.2,1.471,1.473,1.473,1.466,2026-08-08 04:37:59 UTC,2026-08-08 04:41:46 UTC,226.74,0.2942,0.0039,0.0,0.0004,0.04,10.2,MIN_PROFIT_TP_HIT,0.104
891,TRUMP_USDT,SHORT,EMACrossover(5/13-SHORT),2,0.2,1.471,1.469,1.469,1.476,2026-08-08 04:45:59 UTC,2026-08-08 04:51:27 UTC,328.0,0.2942,0.0039,0.0,0.0004,0.04,10.2,MIN_PROFIT_TP_HIT,0.1044
892,TRUMP_USDT,LONG,EMACrossover(5/13-LONG),2,0.2,1.471,1.473,1.473,1.466,2026-08-08 04:55:59 UTC,2026-08-08 05:06:46 UTC,646.27,0.2942,0.0039,0.0,0.0004,0.04,10.2,MIN_PROFIT_TP_HIT,0.1048
893,TRUMP_USDT,SHORT,EMACrossover(5/13-SHORT),2,0.2,1.471,1.469,1.469,1.476,2026-08-08 05:14:59 UTC,2026-08-08 05:17:20 UTC,140.84,0.2942,0.0039,0.0,0.0004,0.04,10.2,MIN_PROFIT_TP_HIT,0.1052
894,TRUMP_USDT,LONG,EMACrossover(5/13-LONG),2,0.2,1.47,1.472,1.472,1.465,2026-08-08 05:34:59 UTC,2026-08-08 05:39:57 UTC,297.86,0.294,0.0039,0.0,0.0004,0.04,10.2,MIN_PROFIT_TP_HIT,0.1056
895,TRUMP_USDT,SHORT,EMACrossover(5/13-SHORT),2,0.2,1.473,1.478,1.471,1.478,2026-08-08 06:08:59 UTC,2026-08-08 06:29:34 UTC,1234.59,0.2946,0.0039,0.0,-0.001,-0.09,-25.46,STOP_LOSS_HIT,0.1046
896,TRUMP_USDT,LONG,EMACrossover(5/13-LONG),2,0.2,1.478,1.48,1.48,1.473,2026-08-08 06:30:59 UTC,2026-08-08 06:33:40 UTC,160.91,0.2956,0.0039,0.0,0.0004,0.04,10.15,MIN_PROFIT_TP_HIT,0.105
897,TRUMP_USDT,SHORT,EMACrossover(5/13-SHORT),2,0.2,1.477,1.475,1.475,1.482,2026-08-08 06:44:59 UTC,2026-08-08 07:14:06 UTC,1746.81,0.2954,0.0039,0.0,0.0004,0.04,10.16,MIN_PROFIT_TP_HIT,0.1054
898,TRUMP_USDT,LONG,EMACrossover(5/13-LONG),2,0.2,1.475,1.477,1.477,1.47,2026-08-08 07:35:59 UTC,2026-08-08 07:41:02 UTC,302.34,0.295,0.0039,0.0,0.0004,0.04,10.17,MIN_PROFIT_TP_HIT,0.1058
899,TRUMP_USDT,SHORT,EMACrossover(5/13-SHORT),2,0.2,1.478,1.476,1.476,1.483,2026-08-08 07:59:59 UTC,2026-08-08 08:00:10 UTC,10.24,0.2956,0.0039,0.0,0.0004,0.04,10.15,MIN_PROFIT_TP_HIT,0.1062
900,TRUMP_USDT,SHORT,EMACrossover(5/13-SHORT),2,0.2,1.477,1.482,1.475,1.482,2026-08-08 08:01:59 UTC,2026-08-08 08:20:31 UTC,1111.42,0.2954,0.0039,0.0,-0.001,-0.09,-25.39,STOP_LOSS_HIT,0.1052
901,TRUMP_USDT,SHORT,EMACrossover(5/13-SHORT),2,0.2,1.479,1.477,1.477,1.484,2026-08-08 08:30:59 UTC,2026-08-08 08:45:18 UTC,858.16,0.2958,0.0039,0.0,0.0004,0.04,10.14,MIN_PROFIT_TP_HIT,0.1056
902,TRUMP_USDT,LONG,EMACrossover(5/13-LONG),2,0.2,1.474,1.476,1.476,1.469,2026-08-08 09:08:59 UTC,2026-08-08 09:13:11 UTC,251.19,0.2948,0.0039,0.0,0.0004,0.04,10.18,MIN_PROFIT_TP_HIT,0.106
903,TRUMP_USDT,SHORT,EMACrossover(5/13-SHORT),2,0.2,1.48,1.478,1.478,1.485,2026-08-08 09:59:59 UTC,2026-08-08 10:04:48 UTC,288.78,0.296,0.0039,0.0,0.0004,0.04,10.14,MIN_PROFIT_TP_HIT,0.1064
904,TRUMP_USDT,SHORT,EMACrossover(5/13-SHORT),2,0.2,1.477,1.482,1.475,1.482,2026-08-08 10:05:59 UTC,2026-08-08 10:53:29 UTC,2849.17,0.2954,0.0039,0.0,-0.001,-0.09,-25.39,STOP_LOSS_HIT,0.1054
905,TRUMP_USDT,SHORT,EMACrossover(5/13-SHORT),2,0.2,1.479,1.484,1.477,1.484,2026-08-08 11:07:59 UTC,2026-08-08 11:39:37 UTC,1897.37,0.2958,0.0039,0.0,-0.001,-0.09,-25.35,STOP_LOSS_HIT,0.1044
906,TRUMP_USDT,SHORT,EMACrossover(5/13-SHORT),2,0.2,1.485,1.483,1.483,1.49,2026-08-08 11:55:59 UTC,2026-08-08 11:59:31 UTC,211.21,0.297,0.004,0.0,0.0004,0.04,10.1,MIN_PROFIT_TP_HIT,0.1048
907,TRUMP_USDT,SHORT,EMACrossover(5/13-SHORT),2,0.2,1.48,1.478,1.478,1.485,2026-08-08 12:03:59 UTC,2026-08-08 12:06:02 UTC,122.8,0.296,0.0039,0.0,0.0004,0.04,10.14,MIN_PROFIT_TP_HIT,0.1052
908,TRUMP_USDT,LONG,EMACrossover(5/13-LONG),2,0.2,1.483,1.485,1.485,1.478,2026-08-08 12:14:59 UTC,2026-08-08 12:40:21 UTC,1521.82,0.2966,0.004,0.0,0.0004,0.04,10.11,MIN_PROFIT_TP_HIT,0.1056
909,TRUMP_USDT,SHORT,EMACrossover(5/13-SHORT),2,0.2,1.483,1.488,1.481,1.488,2026-08-08 12:51:59 UTC,2026-08-08 13:05:32 UTC,812.43,0.2966,0.004,0.0,-0.001,-0.09,-25.29,STOP_LOSS_HIT,0.1046
910,TRUMP_USDT,SHORT,EMACrossover(5/13-SHORT),2,0.2,1.485,1.483,1.483,1.49,2026-08-08 13:25:59 UTC,2026-08-08 13:29:44 UTC,224.58,0.297,0.004,0.0,0.0004,0.04,10.1,MIN_PROFIT_TP_HIT,0.105
911,TRUMP_USDT,LONG,EMACrossover(5/13-LONG),2,0.2,1.481,1.483,1.483,1.476,2026-08-08 13:45:59 UTC,2026-08-08 13:58:13 UTC,733.32,0.2962,0.0039,0.0,0.0004,0.04,10.13,MIN_PROFIT_TP_HIT,0.1054
912,TRUMP_USDT,SHORT,EMACrossover(5/13-SHORT),2,0.2,1.48,1.485,1.478,1.485,2026-08-08 14:04:59 UTC,2026-08-08 14:28:12 UTC,1392.23,0.296,0.0039,0.0,-0.001,-0.09,-25.34,STOP_LOSS_HIT,0.1044
913,TRUMP_USDT,SHORT,EMACrossover(5/13-SHORT),2,0.2,1.483,1.488,1.481,1.488,2026-08-08 14:41:59 UTC,2026-08-08 14:45:49 UTC,229.63,0.2966,0.004,0.0,-0.001,-0.09,-25.29,STOP_LOSS_HIT,0.1034
914,TRUMP_USDT,LONG,EMACrossover(5/13-LONG),2,0.2,1.487,1.489,1.489,1.482,2026-08-08 14:46:59 UTC,2026-08-08 14:47:59 UTC,59.73,0.2974,0.004,0.0,0.0004,0.04,10.09,MIN_PROFIT_TP_HIT,0.1038
915,TRUMP_USDT,SHORT,EMACrossover(5/13-SHORT),2,0.2,1.494,1.492,1.492,1.499,2026-08-08 15:17:59 UTC,2026-08-08 15:24:59 UTC,419.74,0.2988,0.004,0.0,0.0004,0.04,10.04,MIN_PROFIT_TP_HIT,0.1042
916,TRUMP_USDT,LONG,EMACrossover(5/13-LONG),2,0.2,1.497,1.492,1.499,1.492,2026-08-08 15:29:59 UTC,2026-08-08 16:31:13 UTC,3673.72,0.2994,0.004,0.0,-0.001,-0.09,-25.05,STOP_LOSS_HIT,0.1032
917,TRUMP_USDT,LONG,EMACrossover(5/13-LONG),2,0.2,1.495,1.497,1.497,1.49,2026-08-08 16:42:59 UTC,2026-08-08 17:02:36 UTC,1176.08,0.299,0.004,0.0,0.0004,0.04,10.03,MIN_PROFIT_TP_HIT,0.1036
918,TRUMP_USDT,SHORT,EMACrossover(5/13-SHORT),2,0.2,1.496,1.501,1.494,1.501,2026-08-08 17:10:59 UTC,2026-08-08 17:24:35 UTC,815.82,0.2992,0.004,0.0,-0.001,-0.09,-25.07,STOP_LOSS_HIT,0.1026
919,TRUMP_USDT,SHORT,EMACrossover(5/13-SHORT),2,0.2,1.5,1.498,1.498,1.505,2026-08-08 17:42:59 UTC,2026-08-08 17:49:51 UTC,411.87,0.3,0.004,0.0,0.0004,0.04,10.0,MIN_PROFIT_TP_HIT,0.103
920,TRUMP_USDT,LONG,EMACrossover(5/13-LONG),2,0.2,1.489,1.491,1.491,1.484,2026-08-08 18:43:59 UTC,2026-08-08 19:32:49 UTC,2929.38,0.2978,0.004,0.0,0.0004,0.04,10.07,MIN_PROFIT_TP_HIT,0.1034
921,TRUMP_USDT,SHORT,EMACrossover(5/13-SHORT),2,0.2,1.497,1.495,1.495,1.502,2026-08-08 19:54:59 UTC,2026-08-08 19:56:09 UTC,69.55,0.2994,0.004,0.0,0.0004,0.04,10.02,MIN_PROFIT_TP_HIT,0.1038
922,TRUMP_USDT,LONG,EMACrossover(5/13-LONG),2,0.2,1.495,1.497,1.497,1.49,2026-08-08 20:12:59 UTC,2026-08-08 20:15:47 UTC,167.05,0.299,0.004,0.0,0.0004,0.04,10.03,MIN_PROFIT_TP_HIT,0.1042
923,TRUMP_USDT,LONG,EMACrossover(5/13-LONG),2,0.2,1.497,1.499,1.499,1.492,2026-08-08 20:16:59 UTC,2026-08-08 20:19:05 UTC,125.27,0.2994,0.004,0.0,0.0004,0.04,10.02,MIN_PROFIT_TP_HIT,0.1046
924,TRUMP_USDT,SHORT,EMACrossover(5/13-SHORT),2,0.2,1.499,1.504,1.497,1.504,2026-08-08 20:47:59 UTC,2026-08-08 21:06:37 UTC,1117.08,0.2998,0.004,0.0,-0.001,-0.09,-25.02,STOP_LOSS_HIT,0.1036
925,TRUMP_USDT,SHORT,EMACrossover(5/13-SHORT),2,0.2,1.499,1.497,1.497,1.504,2026-08-08 21:17:59 UTC,2026-08-08 21:25:24 UTC,444.56,0.2998,0.004,0.0,0.0004,0.04,10.01,MIN_PROFIT_TP_HIT,0.104
926,TRUMP_USDT,LONG,EMACrossover(5/13-LONG),2,0.2,1.498,1.493,1.5,1.493,2026-08-08 21:29:59 UTC,2026-08-08 22:04:22 UTC,2062.72,0.2996,0.004,0.0,-0.001,-0.09,-25.03,STOP_LOSS_HIT,0.103
927,TRUMP_USDT,LONG,EMACrossover(5/13-LONG),2,0.2,1.493,1.488,1.495,1.488,2026-08-08 22:25:59 UTC,2026-08-08 22:42:04 UTC,964.29,0.2986,0.004,0.0,-0.001,-0.09,-25.12,STOP_LOSS_HIT,0.102
928,TRUMP_USDT,LONG,EMACrossover(5/13-LONG),2,0.2,1.486,1.488,1.488,1.481,2026-08-08 23:21:59 UTC,2026-08-08 23:37:36 UTC,936.27,0.2972,0.004,0.0,0.0004,0.04,10.09,MIN_PROFIT_TP_HIT,0.1024
929,TRUMP_USDT,SHORT,EMACrossover(5/13-SHORT),2,0.2,1.489,1.487,1.487,1.494,2026-08-08 23:59:59 UTC,2026-08-09 00:00:15 UTC,15.3,0.2978,0.004,0.0,0.0004,0.04,10.07,MIN_PROFIT_TP_HIT,0.1028
930,TRUMP_USDT,LONG,EMACrossover(5/13-LONG),2,0.2,1.488,1.483,1.49,1.483,2026-08-09 00:08:59 UTC,2026-08-09 00:35:07 UTC,1567.03,0.2976,0.004,0.0,-0.001,-0.09,-25.2,STOP_LOSS_HIT,0.1018
931,TRUMP_USDT,LONG,EMACrossover(5/13-LONG),2,0.2,1.487,1.482,1.489,1.482,2026-08-09 00:38:59 UTC,2026-08-09 01:23:36 UTC,2676.51,0.2974,0.004,0.0,-0.001,-0.09,-25.22,STOP_LOSS_HIT,0.1008
932,TRUMP_USDT,SHORT,EMACrossover(5/13-SHORT),2,0.2,1.483,1.481,1.481,1.488,2026-08-09 01:25:59 UTC,2026-08-09 01:28:36 UTC,156.61,0.2966,0.004,0.0,0.0004,0.04,10.11,MIN_PROFIT_TP_HIT,0.1012
933,TRUMP_USDT,LONG,EMACrossover(5/13-LONG),2,0.2,1.482,1.484,1.484,1.477,2026-08-09 01:46:59 UTC,2026-08-09 01:48:55 UTC,115.76,0.2964,0.004,0.0,0.0004,0.04,10.12,MIN_PROFIT_TP_HIT,0.1016
934,TRUMP_USDT,SHORT,EMACrossover(5/13-SHORT),2,0.2,1.48,1.485,1.478,1.485,2026-08-09 02:01:59 UTC,2026-08-09 02:14:59 UTC,779.92,0.296,0.0039,0.0,-0.001,-0.09,-25.34,STOP_LOSS_HIT,0.1006
935,TRUMP_USDT,SHORT,EMACrossover(5/13-SHORT),2,0.2,1.482,1.48,1.48,1.487,2026-08-09 02:21:59 UTC,2026-08-09 03:09:49 UTC,2869.79,0.2964,0.004,0.0,0.0004,0.04,10.12,MIN_PROFIT_TP_HIT,0.101
936,TRUMP_USDT,LONG,EMACrossover(5/13-LONG),2,0.2,1.481,1.483,1.483,1.476,2026-08-09 03:21:59 UTC,2026-08-09 03:23:31 UTC,91.66,0.2962,0.0039,0.0,0.0004,0.04,10.13,MIN_PROFIT_TP_HIT,0.1014
937,TRUMP_USDT,SHORT,EMACrossover(5/13-SHORT),2,0.2,1.481,1.486,1.479,1.486,2026-08-09 03:37:59 UTC,2026-08-09 04:18:10 UTC,2410.05,0.2962,0.0039,0.0,-0.001,-0.09,-25.32,STOP_LOSS_HIT,0.1004
938,TRUMP_USDT,SHORT,EMACrossover(5/13-SHORT),2,0.2,1.487,1.485,1.485,1.492,2026-08-09 04:37:59 UTC,2026-08-09 05:11:31 UTC,2011.62,0.2974,0.004,0.0,0.0004,0.04,10.09,MIN_PROFIT_TP_HIT,0.1008
939,TRUMP_USDT,LONG,EMACrossover(5/13-LONG),2,0.2,1.481,1.483,1.483,1.476,2026-08-09 05:49:59 UTC,2026-08-09 05:52:36 UTC,156.83,0.2962,0.0039,0.0,0.0004,0.04,10.13,MIN_PROFIT_TP_HIT,0.1012
940,TRUMP_USDT,SHORT,EMACrossover(5/13-SHORT),2,0.2,1.481,1.486,1.479,1.486,2026-08-09 06:09:59 UTC,2026-08-09 06:31:30 UTC,1290.7,0.2962,0.0039,0.0,-0.001,-0.09,-25.32,STOP_LOSS_HIT,0.1002
941,TRUMP_USDT,SHORT,EMACrossover(5/13-SHORT),2,0.2,1.485,1.483,1.483,1.49,2026-08-09 06:33:59 UTC,2026-08-09 06:36:55 UTC,175.95,0.297,0.004,0.0,0.0004,0.04,10.1,MIN_PROFIT_TP_HIT,0.1006
942,TRUMP_USDT,LONG,EMACrossover(5/13-LONG),2,0.2,1.485,1.487,1.487,1.48,2026-08-09 06:40:59 UTC,2026-08-09 06:52:29 UTC,689.74,0.297,0.004,0.0,0.0004,0.04,10.1,MIN_PROFIT_TP_HIT,0.101
943,TRUMP_USDT,SHORT,EMACrossover(5/13-SHORT),2,0.2,1.485,1.483,1.483,1.49,2026-08-09 07:00:59 UTC,2026-08-09 07:04:48 UTC,228.75,0.297,0.004,0.0,0.0004,0.04,10.1,MIN_PROFIT_TP_HIT,0.1014
944,TRUMP_USDT,LONG,EMACrossover(5/13-LONG),2,0.2,1.482,1.484,1.484,1.477,2026-08-09 07:19:59 UTC,2026-08-09 07:30:41 UTC,641.79,0.2964,0.004,0.0,0.0004,0.04,10.12,MIN_PROFIT_TP_HIT,0.1018
945,TRUMP_USDT,SHORT,EMACrossover(5/13-SHORT),2,0.2,1.483,1.481,1.481,1.488,2026-08-09 07:36:59 UTC,2026-08-09 07:40:28 UTC,208.36,0.2966,0.004,0.0,0.0004,0.04,10.11,MIN_PROFIT_TP_HIT,0.1022
946,TRUMP_USDT,LONG,EMACrossover(5/13-LONG),2,0.2,1.482,1.484,1.484,1.477,2026-08-09 07:53:59 UTC,2026-08-09 08:01:27 UTC,447.94,0.2964,0.004,0.0,0.0004,0.04,10.12,MIN_PROFIT_TP_HIT,0.1026
947,TRUMP_USDT,SHORT,EMACrossover(5/13-SHORT),2,0.2,1.482,1.48,1.48,1.487,2026-08-09 08:21:59 UTC,2026-08-09 08:39:17 UTC,1037.09,0.2964,0.004,0.0,0.0004,0.04,10.12,MIN_PROFIT_TP_HIT,0.103
948,TRUMP_USDT,LONG,EMACrossover(5/13-LONG),2,0.2,1.481,1.476,1.483,1.476,2026-08-09 08:57:59 UTC,2026-08-09 09:21:42 UTC,1422.76,0.2962,0.0039,0.0,-0.001,-0.09,-25.32,STOP_LOSS_HIT,0.102
949,TRUMP_USDT,LONG,EMACrossover(5/13-LONG),2,0.2,1.475,1.477,1.477,1.47,2026-08-09 09:43:59 UTC,2026-08-09 10:00:03 UTC,963.23,0.295,0.0039,0.0,0.0004,0.04,10.17,MIN_PROFIT_TP_HIT,0.1024
950,TRUMP_USDT,SHORT,EMACrossover(5/13-SHORT),2,0.2,1.476,1.474,1.474,1.481,2026-08-09 10:12:59 UTC,2026-08-09 10:57:30 UTC,2670.04,0.2952,0.0039,0.0,0.0004,0.04,10.16,MIN_PROFIT_TP_HIT,0.1028
951,TRUMP_USDT,LONG,EMACrossover(5/13-LONG),2,0.2,1.475,1.477,1.477,1.47,2026-08-09 11:14:59 UTC,2026-08-09 11:20:11 UTC,311.84,0.295,0.0039,0.0,0.0004,0.04,10.17,MIN_PROFIT_TP_HIT,0.1032
952,TRUMP_USDT,SHORT,EMACrossover(5/13-SHORT),2,0.2,1.478,1.476,1.476,1.483,2026-08-09 11:46:59 UTC,2026-08-09 11:49:40 UTC,160.52,0.2956,0.0039,0.0,0.0004,0.04,10.15,MIN_PROFIT_TP_HIT,0.1036
953,TRUMP_USDT,SHORT,EMACrossover(5/13-SHORT),2,0.2,1.476,1.474,1.474,1.481,2026-08-09 11:50:59 UTC,2026-08-09 12:02:47 UTC,707.64,0.2952,0.0039,0.0,0.0004,0.04,10.16,MIN_PROFIT_TP_HIT,0.104
954,TRUMP_USDT,LONG,EMACrossover(5/13-LONG),2,0.2,1.477,1.479,1.479,1.472,2026-08-09 12:10:59 UTC,2026-08-09 12:33:41 UTC,1361.62,0.2954,0.0039,0.0,0.0004,0.04,10.16,MIN_PROFIT_TP_HIT,0.1044
955,TRUMP_USDT,LONG,EMACrossover(5/13-LONG),2,0.2,1.477,1.479,1.479,1.472,2026-08-09 12:34:59 UTC,2026-08-09 12:40:02 UTC,302.49,0.2954,0.0039,0.0,0.0004,0.04,10.16,MIN_PROFIT_TP_HIT,0.1048
956,TRUMP_USDT,SHORT,EMACrossover(5/13-SHORT),2,0.2,1.482,1.487,1.48,1.487,2026-08-09 13:17:59 UTC,2026-08-09 14:19:12 UTC,3672.81,0.2964,0.004,0.0,-0.001,-0.09,-25.3,STOP_LOSS_HIT,0.1038
957,TRUMP_USDT,SHORT,EMACrossover(5/13-SHORT),2,0.2,1.509,1.514,1.507,1.514,2026-08-09 16:02:59 UTC,2026-08-09 16:03:21 UTC,21.56,0.3018,0.004,0.0,-0.001,-0.09,-24.85,STOP_LOSS_HIT,0.1028
958,TRUMP_USDT,LONG,EMACrossover(5/13-LONG),2,0.2,1.518,1.513,1.52,1.513,2026-08-09 16:04:59 UTC,2026-08-09 16:08:42 UTC,222.16,0.3036,0.004,0.0,-0.001,-0.09,-24.7,STOP_LOSS_HIT,0.1018
959,TRUMP_USDT,SHORT,EMACrossover(5/13-SHORT),2,0.2,1.52,1.525,1.518,1.525,2026-08-09 16:25:59 UTC,2026-08-09 16:30:25 UTC,265.14,0.304,0.0041,0.0,-0.001,-0.09,-24.67,STOP_LOSS_HIT,0.1008
960,TRUMP_USDT,LONG,EMACrossover(5/13-LONG),2,0.2,1.522,1.524,1.524,1.517,2026-08-09 16:31:59 UTC,2026-08-09 16:32:16 UTC,16.86,0.3044,0.0041,0.0,0.0004,0.04,9.86,MIN_PROFIT_TP_HIT,0.1012
961,TRUMP_USDT,SHORT,EMACrossover(5/13-SHORT),2,0.2,1.522,1.527,1.52,1.527,2026-08-09 16:37:59 UTC,2026-08-09 16:52:10 UTC,850.09,0.3044,0.0041,0.0,-0.001,-0.09,-24.64,STOP_LOSS_HIT,0.1002
962,TRUMP_USDT,SHORT,EMACrossover(5/13-SHORT),2,0.2,1.52,1.518,1.518,1.525,2026-08-09 16:56:59 UTC,2026-08-09 16:57:00 UTC,0.41,0.304,0.0041,0.0,0.0004,0.04,9.87,MIN_PROFIT_TP_HIT,0.1006
963,TRUMP_USDT,LONG,EMACrossover(5/13-LONG),2,0.2,1.522,1.524,1.524,1.517,2026-08-09 17:10:59 UTC,2026-08-09 17:11:05 UTC,5.76,0.3044,0.0041,0.0,0.0004,0.04,9.86,MIN_PROFIT_TP_HIT,0.101
964,TRUMP_USDT,SHORT,EMACrossover(5/13-SHORT),2,0.2,1.52,1.525,1.518,1.525,2026-08-09 17:20:59 UTC,2026-08-09 17:23:38 UTC,158.01,0.304,0.0041,0.0,-0.001,-0.09,-24.67,STOP_LOSS_HIT,0.1
965,TRUMP_USDT,LONG,EMACrossover(5/13-LONG),2,0.2,1.526,1.528,1.528,1.521,2026-08-09 17:24:59 UTC,2026-08-09 17:25:02 UTC,2.89,0.3052,0.0041,0.0,0.0004,0.04,9.83,MIN_PROFIT_TP_HIT,0.1004
966,TRUMP_USDT,SHORT,EMACrossover(5/13-SHORT),2,0.2,1.522,1.52,1.52,1.527,2026-08-09 17:34:59 UTC,2026-08-09 17:47:05 UTC,725.4,0.3044,0.0041,0.0,0.0004,0.04,9.86,MIN_PROFIT_TP_HIT,0.1008
967,TRUMP_USDT,LONG,EMACrossover(5/13-LONG),2,0.2,1.517,1.512,1.519,1.512,2026-08-09 18:04:59 UTC,2026-08-09 18:15:40 UTC,640.63,0.3034,0.004,0.0,-0.001,-0.09,-24.72,STOP_LOSS_HIT,0.0998
968,TRUMP_USDT,LONG,EMACrossover(5/13-LONG),2,0.2,1.517,1.512,1.519,1.512,2026-08-09 18:51:59 UTC,2026-08-09 18:55:48 UTC,228.05,0.3034,0.004,0.0,-0.001,-0.09,-24.72,STOP_LOSS_HIT,0.0988
969,TRUMP_USDT,SHORT,EMACrossover(5/13-SHORT),2,0.2,1.511,1.516,1.509,1.516,2026-08-09 18:58:59 UTC,2026-08-09 19:04:04 UTC,304.33,0.3022,0.004,0.0,-0.001,-0.09,-24.82,STOP_LOSS_HIT,0.0978
970,TRUMP_USDT,LONG,EMACrossover(5/13-LONG),2,0.2,1.515,1.517,1.517,1.51,2026-08-09 19:05:59 UTC,2026-08-09 19:10:32 UTC,272.13,0.303,0.004,0.0,0.0004,0.04,9.9,MIN_PROFIT_TP_HIT,0.0982
971,TRUMP_USDT,SHORT,EMACrossover(5/13-SHORT),2,0.2,1.519,1.517,1.517,1.524,2026-08-09 19:34:59 UTC,2026-08-09 19:46:18 UTC,678.63,0.3038,0.0041,0.0,0.0004,0.04,9.87,MIN_PROFIT_TP_HIT,0.0986
972,TRUMP_USDT,LONG,EMACrossover(5/13-LONG),2,0.2,1.519,1.514,1.521,1.514,2026-08-09 20:02:59 UTC,2026-08-09 20:12:41 UTC,581.91,0.3038,0.0041,0.0,-0.001,-0.09,-24.69,STOP_LOSS_HIT,0.0976
973,TRUMP_USDT,LONG,EMACrossover(5/13-LONG),2,0.2,1.516,1.511,1.518,1.511,2026-08-09 20:23:59 UTC,2026-08-09 20:43:41 UTC,1181.48,0.3032,0.004,0.0,-0.001,-0.09,-24.74,STOP_LOSS_HIT,0.0966
974,TRUMP_USDT,LONG,EMACrossover(5/13-LONG),2,0.2,1.511,1.513,1.513,1.506,2026-08-09 21:00:59 UTC,2026-08-09 21:24:04 UTC,1384.69,0.3022,0.004,0.0,0.0004,0.04,9.93,MIN_PROFIT_TP_HIT,0.097
975,TRUMP_USDT,SHORT,EMACrossover(5/13-SHORT),2,0.2,1.512,1.517,1.51,1.517,2026-08-09 21:25:59 UTC,2026-08-09 21:35:44 UTC,584.14,0.3024,0.004,0.0,-0.001,-0.09,-24.8,STOP_LOSS_HIT,0.096
976,TRUMP_USDT,SHORT,EMACrossover(5/13-SHORT),2,0.2,1.524,1.522,1.522,1.529,2026-08-09 22:00:59 UTC,2026-08-09 22:01:12 UTC,12.56,0.3048,0.0041,0.0,0.0004,0.04,9.84,MIN_PROFIT_TP_HIT,0.0964
977,TRUMP_USDT,SHORT,EMACrossover(5/13-SHORT),2,0.2,1.524,1.522,1.522,1.529,2026-08-09 22:03:59 UTC,2026-08-09 22:05:23 UTC,83.66,0.3048,0.0041,0.0,0.0004,0.04,9.84,MIN_PROFIT_TP_HIT,0.0968
978,TRUMP_USDT,SHORT,EMACrossover(5/13-SHORT),2,0.2,1.524,1.522,1.522,1.529,2026-08-09 22:12:59 UTC,2026-08-09 22:17:43 UTC,283.3,0.3048,0.0041,0.0,0.0004,0.04,9.84,MIN_PROFIT_TP_HIT,0.0972
979,TRUMP_USDT,SHORT,EMACrossover(5/13-SHORT),2,0.2,1.518,1.516,1.516,1.523,2026-08-09 22:18:59 UTC,2026-08-09 22:23:55 UTC,295.59,0.3036,0.004,0.0,0.0004,0.04,9.88,MIN_PROFIT_TP_HIT,0.0976
980,TRUMP_USDT,LONG,EMACrossover(5/13-LONG),2,0.2,1.487,1.489,1.489,1.482,2026-08-10 00:06:59 UTC,2026-08-10 00:08:53 UTC,113.04,0.2974,0.004,0.0,0.0004,0.04,10.09,MIN_PROFIT_TP_HIT,0.098
981,TRUMP_USDT,SHORT,EMACrossover(5/13-SHORT),2,0.2,1.492,1.49,1.49,1.497,2026-08-10 00:25:59 UTC,2026-08-10 00:28:01 UTC,121.73,0.2984,0.004,0.0,0.0004,0.04,10.05,MIN_PROFIT_TP_HIT,0.0984
982,TRUMP_USDT,LONG,EMACrossover(5/13-LONG),2,0.2,1.491,1.486,1.493,1.486,2026-08-10 00:51:59 UTC,2026-08-10 00:59:05 UTC,425.18,0.2982,0.004,0.0,-0.001,-0.09,-25.15,STOP_LOSS_HIT,0.0974
983,TRUMP_USDT,SHORT,EMACrossover(5/13-SHORT),2,0.2,1.487,1.492,1.485,1.492,2026-08-10 01:00:59 UTC,2026-08-10 01:15:15 UTC,855.99,0.2974,0.004,0.0,-0.001,-0.09,-25.22,STOP_LOSS_HIT,0.0964
984,TRUMP_USDT,SHORT,EMACrossover(5/13-SHORT),2,0.2,1.487,1.485,1.485,1.492,2026-08-10 01:31:59 UTC,2026-08-10 01:37:06 UTC,306.49,0.2974,0.004,0.0,0.0004,0.04,10.09,MIN_PROFIT_TP_HIT,0.0968
985,TRUMP_USDT,LONG,EMACrossover(5/13-LONG),2,0.2,1.491,1.493,1.493,1.486,2026-08-10 01:48:59 UTC,2026-08-10 01:49:07 UTC,7.3,0.2982,0.004,0.0,0.0004,0.04,10.06,MIN_PROFIT_TP_HIT,0.0972
986,TRUMP_USDT,SHORT,EMACrossover(5/13-SHORT),2,0.2,1.491,1.496,1.489,1.496,2026-08-10 02:03:59 UTC,2026-08-10 02:12:26 UTC,506.29,0.2982,0.004,0.0,-0.001,-0.09,-25.15,STOP_LOSS_HIT,0.0962
987,TRUMP_USDT,SHORT,EMACrossover(5/13-SHORT),2,0.2,1.489,1.487,1.487,1.494,2026-08-10 02:17:59 UTC,2026-08-10 02:18:04 UTC,4.96,0.2978,0.004,0.0,0.0004,0.04,10.07,MIN_PROFIT_TP_HIT,0.0966
988,TRUMP_USDT,LONG,EMACrossover(5/13-LONG),2,0.2,1.492,1.494,1.494,1.487,2026-08-10 02:40:59 UTC,2026-08-10 02:42:48 UTC,108.37,0.2984,0.004,0.0,0.0004,0.04,10.05,MIN_PROFIT_TP_HIT,0.097
989,TRUMP_USDT,SHORT,EMACrossover(5/13-SHORT),2,0.2,1.495,1.493,1.493,1.5,2026-08-10 03:04:59 UTC,2026-08-10 03:13:13 UTC,493.61,0.299,0.004,0.0,0.0004,0.04,10.03,MIN_PROFIT_TP_HIT,0.0974
990,TRUMP_USDT,LONG,EMACrossover(5/13-LONG),2,0.2,1.497,1.499,1.499,1.492,2026-08-10 03:21:59 UTC,2026-08-10 03:24:27 UTC,147.04,0.2994,0.004,0.0,0.0004,0.04,10.02,MIN_PROFIT_TP_HIT,0.0978
991,TRUMP_USDT,SHORT,EMACrossover(5/13-SHORT),2,0.2,1.494,1.492,1.492,1.499,2026-08-10 03:30:59 UTC,2026-08-10 03:32:05 UTC,65.74,0.2988,0.004,0.0,0.0004,0.04,10.04,MIN_PROFIT_TP_HIT,0.0982
992,TRUMP_USDT,LONG,EMACrossover(5/13-LONG),2,0.2,1.496,1.498,1.498,1.491,2026-08-10 04:03:59 UTC,2026-08-10 04:09:11 UTC,311.02,0.2992,0.004,0.0,0.0004,0.04,10.03,MIN_PROFIT_TP_HIT,0.0986
993,TRUMP_USDT,SHORT,EMACrossover(5/13-SHORT),2,0.2,1.497,1.495,1.495,1.502,2026-08-10 04:27:59 UTC,2026-08-10 04:30:02 UTC,122.82,0.2994,0.004,0.0,0.0004,0.04,10.02,MIN_PROFIT_TP_HIT,0.099
994,TRUMP_USDT,LONG,EMACrossover(5/13-LONG),2,0.2,1.496,1.498,1.498,1.491,2026-08-10 04:37:59 UTC,2026-08-10 04:38:23 UTC,23.09,0.2992,0.004,0.0,0.0004,0.04,10.03,MIN_PROFIT_TP_HIT,0.0994
995,TRUMP_USDT,LONG,EMACrossover(5/13-LONG),2,0.2,1.495,1.49,1.497,1.49,2026-08-10 04:39:59 UTC,2026-08-10 04:43:04 UTC,184.61,0.299,0.004,0.0,-0.001,-0.09,-25.08,STOP_LOSS_HIT,0.0984
996,TRUMP_USDT,LONG,EMACrossover(5/13-LONG),2,0.2,1.492,1.494,1.494,1.487,2026-08-10 05:01:59 UTC,2026-08-10 05:02:57 UTC,57.29,0.2984,0.004,0.0,0.0004,0.04,10.05,MIN_PROFIT_TP_HIT,0.0988
997,TRUMP_USDT,SHORT,EMACrossover(5/13-SHORT),2,0.2,1.491,1.489,1.489,1.496,2026-08-10 05:10:59 UTC,2026-08-10 05:11:25 UTC,25.33,0.2982,0.004,0.0,0.0004,0.04,10.06,MIN_PROFIT_TP_HIT,0.0992
998,TRUMP_USDT,LONG,EMACrossover(5/13-LONG),2,0.2,1.491,1.493,1.493,1.486,2026-08-10 05:24:59 UTC,2026-08-10 05:46:57 UTC,1317.68,0.2982,0.004,0.0,0.0004,0.04,10.06,MIN_PROFIT_TP_HIT,0.0996
999,TRUMP_USDT,SHORT,EMACrossover(5/13-SHORT),2,0.2,1.495,1.5,1.493,1.5,2026-08-10 06:14:59 UTC,2026-08-10 06:17:49 UTC,169.32,0.299,0.004,0.0,-0.001,-0.09,-25.08,STOP_LOSS_HIT,0.0986
1000,TRUMP_USDT,SHORT,EMACrossover(5/13-SHORT),2,0.2,1.497,1.495,1.495,1.502,2026-08-10 06:26:59 UTC,2026-08-10 06:28:53 UTC,113.54,0.2994,0.004,0.0,0.0004,0.04,10.02,MIN_PROFIT_TP_HIT,0.099
1001,TRUMP_USDT,LONG,EMACrossover(5/13-LONG),2,0.2,1.497,1.492,1.499,1.492,2026-08-10 06:45:59 UTC,2026-08-10 07:10:26 UTC,1466.42,0.2994,0.004,0.0,-0.001,-0.09,-25.05,STOP_LOSS_HIT,0.098
1002,TRUMP_USDT,LONG,EMACrossover(5/13-LONG),2,0.2,1.496,1.498,1.498,1.491,2026-08-10 07:17:59 UTC,2026-08-10 07:18:33 UTC,33.53,0.2992,0.004,0.0,0.0004,0.04,10.03,MIN_PROFIT_TP_HIT,0.0984
1003,TRUMP_USDT,SHORT,EMACrossover(5/13-SHORT),2,0.2,1.5,1.498,1.498,1.505,2026-08-10 07:40:59 UTC,2026-08-10 07:41:03 UTC,3.44,0.3,0.004,0.0,0.0004,0.04,10.0,MIN_PROFIT_TP_HIT,0.0988
1004,TRUMP_USDT,SHORT,EMACrossover(5/13-SHORT),2,0.2,1.498,1.496,1.496,1.503,2026-08-10 07:42:59 UTC,2026-08-10 07:49:51 UTC,411.81,0.2996,0.004,0.0,0.0004,0.04,10.01,MIN_PROFIT_TP_HIT,0.0992
1005,TRUMP_USDT,LONG,EMACrossover(5/13-LONG),2,0.2,1.499,1.501,1.501,1.494,2026-08-10 07:52:59 UTC,2026-08-10 07:56:38 UTC,218.69,0.2998,0.004,0.0,0.0004,0.04,10.01,MIN_PROFIT_TP_HIT,0.0996
1006,TRUMP_USDT,SHORT,EMACrossover(5/13-SHORT),2,0.2,1.5,1.498,1.498,1.505,2026-08-10 08:10:59 UTC,2026-08-10 08:16:06 UTC,306.97,0.3,0.004,0.0,0.0004,0.04,10.0,MIN_PROFIT_TP_HIT,0.1
1007,TRUMP_USDT,LONG,EMACrossover(5/13-LONG),2,0.2,1.502,1.504,1.504,1.497,2026-08-10 08:19:59 UTC,2026-08-10 08:23:32 UTC,212.51,0.3004,0.004,0.0,0.0004,0.04,9.99,MIN_PROFIT_TP_HIT,0.1004
1008,TRUMP_USDT,SHORT,EMACrossover(5/13-SHORT),2,0.2,1.501,1.499,1.499,1.506,2026-08-10 08:30:59 UTC,2026-08-10 08:41:06 UTC,606.66,0.3002,0.004,0.0,0.0004,0.04,9.99,MIN_PROFIT_TP_HIT,0.1008
1009,TRUMP_USDT,LONG,EMACrossover(5/13-LONG),2,0.2,1.5,1.502,1.502,1.495,2026-08-10 08:50:59 UTC,2026-08-10 08:52:24 UTC,84.46,0.3,0.004,0.0,0.0004,0.04,10.0,MIN_PROFIT_TP_HIT,0.1012
1010,TRUMP_USDT,SHORT,EMACrossover(5/13-SHORT),2,0.2,1.501,1.499,1.499,1.506,2026-08-10 09:07:59 UTC,2026-08-10 09:14:16 UTC,376.66,0.3002,0.004,0.0,0.0004,0.04,9.99,MIN_PROFIT_TP_HIT,0.1016
1011,TRUMP_USDT,LONG,EMACrossover(5/13-LONG),2,0.2,1.497,1.499,1.499,1.492,2026-08-10 09:42:59 UTC,2026-08-10 09:45:15 UTC,135.76,0.2994,0.004,0.0,0.0004,0.04,10.02,MIN_PROFIT_TP_HIT,0.102
1012,TRUMP_USDT,SHORT,EMACrossover(5/13-SHORT),2,0.2,1.497,1.495,1.495,1.502,2026-08-10 09:48:59 UTC,2026-08-10 09:49:37 UTC,37.69,0.2994,0.004,0.0,0.0004,0.04,10.02,MIN_PROFIT_TP_HIT,0.1024
1013,TRUMP_USDT,LONG,EMACrossover(5/13-LONG),2,0.2,1.495,1.49,1.497,1.49,2026-08-10 10:06:59 UTC,2026-08-10 10:08:29 UTC,89.31,0.299,0.004,0.0,-0.001,-0.09,-25.08,STOP_LOSS_HIT,0.1014
1014,TRUMP_USDT,LONG,EMACrossover(5/13-LONG),2,0.2,1.494,1.496,1.496,1.489,2026-08-10 10:19:59 UTC,2026-08-10 10:21:50 UTC,110.7,0.2988,0.004,0.0,0.0004,0.04,10.04,MIN_PROFIT_TP_HIT,0.1018
1015,TRUMP_USDT,SHORT,EMACrossover(5/13-SHORT),2,0.2,1.492,1.49,1.49,1.497,2026-08-10 10:30:59 UTC,2026-08-10 12:15:24 UTC,6264.23,0.2984,0.004,0.0,0.0004,0.04,10.05,MIN_PROFIT_TP_HIT,0.1022
1016,TRUMP_USDT,LONG,EMACrossover(5/13-LONG),2,0.2,1.491,1.493,1.493,1.486,2026-08-10 12:44:59 UTC,2026-08-10 13:00:53 UTC,953.73,0.2982,0.004,0.0,0.0004,0.04,10.06,MIN_PROFIT_TP_HIT,0.1026
1017,TRUMP_USDT,SHORT,EMACrossover(5/13-SHORT),2,0.2,1.496,1.494,1.494,1.501,2026-08-10 13:26:59 UTC,2026-08-10 13:34:08 UTC,428.29,0.2992,0.004,0.0,0.0004,0.04,10.03,MIN_PROFIT_TP_HIT,0.103
1018,TRUMP_USDT,LONG,EMACrossover(5/13-LONG),2,0.2,1.493,1.495,1.495,1.488,2026-08-10 13:47:59 UTC,2026-08-10 14:00:38 UTC,758.94,0.2986,0.004,0.0,0.0004,0.04,10.05,MIN_PROFIT_TP_HIT,0.1034
1019,TRUMP_USDT,SHORT,EMACrossover(5/13-SHORT),2,0.2,1.497,1.502,1.495,1.502,2026-08-10 14:25:59 UTC,2026-08-10 14:32:51 UTC,411.22,0.2994,0.004,0.0,-0.001,-0.09,-25.05,STOP_LOSS_HIT,0.1024
1020,TRUMP_USDT,SHORT,EMACrossover(5/13-SHORT),2,0.2,1.501,1.499,1.499,1.506,2026-08-10 14:48:59 UTC,2026-08-10 14:50:05 UTC,65.86,0.3002,0.004,0.0,0.0004,0.04,9.99,MIN_PROFIT_TP_HIT,0.1028
1021,TRUMP_USDT,LONG,EMACrossover(5/13-LONG),2,0.2,1.487,1.489,1.489,1.482,2026-08-10 15:42:59 UTC,2026-08-10 15:44:14 UTC,74.92,0.2974,0.004,0.0,0.0004,0.04,10.09,MIN_PROFIT_TP_HIT,0.1032
1022,TRUMP_USDT,SHORT,EMACrossover(5/13-SHORT),2,0.2,1.485,1.483,1.483,1.49,2026-08-10 15:50:59 UTC,2026-08-10 15:53:58 UTC,178.4,0.297,0.004,0.0,0.0004,0.04,10.1,MIN_PROFIT_TP_HIT,0.1036
1023,TRUMP_USDT,SHORT,EMACrossover(5/13-SHORT),2,0.2,1.484,1.482,1.482,1.489,2026-08-10 15:54:59 UTC,2026-08-10 16:21:56 UTC,1616.87,0.2968,0.004,0.0,0.0004,0.04,10.11,MIN_PROFIT_TP_HIT,0.104
1024,TRUMP_USDT,SHORT,EMACrossover(5/13-SHORT),2,0.2,1.485,1.49,1.483,1.49,2026-08-10 16:22:59 UTC,2026-08-10 16:24:51 UTC,111.31,0.297,0.004,0.0,-0.001,-0.09,-25.25,STOP_LOSS_HIT,0.103
1025,TRUMP_USDT,SHORT,EMACrossover(5/13-SHORT),2,0.2,1.484,1.482,1.482,1.489,2026-08-10 16:32:59 UTC,2026-08-10 16:35:01 UTC,121.23,0.2968,0.004,0.0,0.0004,0.04,10.11,MIN_PROFIT_TP_HIT,0.1034
1026,TRUMP_USDT,LONG,EMACrossover(5/13-LONG),2,0.2,1.489,1.491,1.491,1.484,2026-08-10 16:39:59 UTC,2026-08-10 16:40:04 UTC,4.45,0.2978,0.004,0.0,0.0004,0.04,10.07,MIN_PROFIT_TP_HIT,0.1038
1027,TRUMP_USDT,SHORT,EMACrossover(5/13-SHORT),2,0.2,1.484,1.482,1.482,1.489,2026-08-10 16:46:59 UTC,2026-08-10 16:50:24 UTC,204.07,0.2968,0.004,0.0,0.0004,0.04,10.11,MIN_PROFIT_TP_HIT,0.1042
1028,TRUMP_USDT,LONG,EMACrossover(5/13-LONG),2,0.2,1.485,1.487,1.487,1.48,2026-08-10 17:09:59 UTC,2026-08-10 17:10:16 UTC,16.37,0.297,0.004,0.0,0.0004,0.04,10.1,MIN_PROFIT_TP_HIT,0.1046
1029,TRUMP_USDT,SHORT,EMACrossover(5/13-SHORT),2,0.2,1.491,1.489,1.489,1.496,2026-08-10 17:38:59 UTC,2026-08-10 17:45:13 UTC,373.4,0.2982,0.004,0.0,0.0004,0.04,10.06,MIN_PROFIT_TP_HIT,0.105
1030,TRUMP_USDT,LONG,EMACrossover(5/13-LONG),2,0.2,1.489,1.491,1.491,1.484,2026-08-10 18:01:59 UTC,2026-08-10 18:07:02 UTC,302.53,0.2978,0.004,0.0,0.0004,0.04,10.07,MIN_PROFIT_TP_HIT,0.1054
1031,TRUMP_USDT,SHORT,EMACrossover(5/13-SHORT),2,0.2,1.488,1.486,1.486,1.493,2026-08-10 18:15:59 UTC,2026-08-10 18:34:44 UTC,1124.54,0.2976,0.004,0.0,0.0004,0.04,10.08,MIN_PROFIT_TP_HIT,0.1058
1032,TRUMP_USDT,LONG,EMACrossover(5/13-LONG),2,0.2,1.483,1.478,1.485,1.478,2026-08-10 18:55:59 UTC,2026-08-10 19:14:10 UTC,1090.92,0.2966,0.004,0.0,-0.001,-0.09,-25.29,STOP_LOSS_HIT,0.1048
1033,TRUMP_USDT,LONG,EMACrossover(5/13-LONG),2,0.2,1.48,1.482,1.482,1.475,2026-08-10 19:20:59 UTC,2026-08-10 19:30:14 UTC,554.93,0.296,0.0039,0.0,0.0004,0.04,10.14,MIN_PROFIT_TP_HIT,0.1052
1034,TRUMP_USDT,SHORT,EMACrossover(5/13-SHORT),2,0.2,1.48,1.478,1.478,1.485,2026-08-10 19:36:59 UTC,2026-08-10 19:37:39 UTC,39.24,0.296,0.0039,0.0,0.0004,0.04,10.14,MIN_PROFIT_TP_HIT,0.1056
1035,TRUMP_USDT,LONG,EMACrossover(5/13-LONG),2,0.2,1.479,1.481,1.481,1.474,2026-08-10 20:05:59 UTC,2026-08-10 20:06:34 UTC,34.75,0.2958,0.0039,0.0,0.0004,0.04,10.14,MIN_PROFIT_TP_HIT,0.106
1036,TRUMP_USDT,SHORT,EMACrossover(5/13-SHORT),2,0.2,1.487,1.485,1.485,1.492,2026-08-10 21:00:59 UTC,2026-08-10 21:01:38 UTC,38.38,0.2974,0.004,0.0,0.0004,0.04,10.09,MIN_PROFIT_TP_HIT,0.1064
1037,TRUMP_USDT,LONG,EMACrossover(5/13-LONG),2,0.2,1.487,1.482,1.489,1.482,2026-08-10 21:10:59 UTC,2026-08-10 21:20:02 UTC,542.34,0.2974,0.004,0.0,-0.001,-0.09,-25.22,STOP_LOSS_HIT,0.1054
1038,TRUMP_USDT,LONG,EMACrossover(5/13-LONG),2,0.2,1.485,1.48,1.487,1.48,2026-08-10 21:33:59 UTC,2026-08-10 21:48:01 UTC,841.87,0.297,0.004,0.0,-0.001,-0.09,-25.25,STOP_LOSS_HIT,0.1044
1039,TRUMP_USDT,LONG,EMACrossover(5/13-LONG),2,0.2,1.483,1.478,1.485,1.478,2026-08-10 21:56:59 UTC,2026-08-10 22:04:58 UTC,478.25,0.2966,0.004,0.0,-0.001,-0.09,-25.29,STOP_LOSS_HIT,0.1034
1040,TRUMP_USDT,LONG,EMACrossover(5/13-LONG),2,0.2,1.483,1.478,1.485,1.478,2026-08-10 22:12:59 UTC,2026-08-10 23:01:18 UTC,2898.03,0.2966,0.004,0.0,-0.001,-0.09,-25.29,STOP_LOSS_HIT,0.1024
1041,TRUMP_USDT,LONG,EMACrossover(5/13-LONG),2,0.2,1.483,1.485,1.485,1.478,2026-08-10 23:08:59 UTC,2026-08-11 00:00:03 UTC,3063.6,0.2966,0.004,0.0,0.0004,0.04,10.11,MIN_PROFIT_TP_HIT,0.1028
1042,TRUMP_USDT,SHORT,EMACrossover(5/13-SHORT),2,0.2,1.482,1.48,1.48,1.487,2026-08-11 00:04:59 UTC,2026-08-11 00:05:56 UTC,56.77,0.2964,0.004,0.0,0.0004,0.04,10.12,MIN_PROFIT_TP_HIT,0.1032
1043,TRUMP_USDT,SHORT,EMACrossover(5/13-SHORT),2,0.2,1.479,1.484,1.477,1.484,2026-08-11 00:06:59 UTC,2026-08-11 00:26:08 UTC,1148.13,0.2958,0.0039,0.0,-0.001,-0.09,-25.35,STOP_LOSS_HIT,0.1022
1044,TRUMP_USDT,SHORT,EMACrossover(5/13-SHORT),2,0.2,1.491,1.496,1.489,1.496,2026-08-11 01:02:59 UTC,2026-08-11 01:04:27 UTC,87.13,0.2982,0.004,0.0,-0.001,-0.09,-25.15,STOP_LOSS_HIT,0.1012
1045,TRUMP_USDT,SHORT,EMACrossover(5/13-SHORT),2,0.2,1.498,1.496,1.496,1.503,2026-08-11 01:36:59 UTC,2026-08-11 01:37:31 UTC,31.22,0.2996,0.004,0.0,0.0004,0.04,10.01,MIN_PROFIT_TP_HIT,0.1016
1046,TRUMP_USDT,LONG,EMACrossover(5/13-LONG),2,0.2,1.497,1.499,1.499,1.492,2026-08-11 01:50:59 UTC,2026-08-11 01:52:30 UTC,90.82,0.2994,0.004,0.0,0.0004,0.04,10.02,MIN_PROFIT_TP_HIT,0.102
1047,TRUMP_USDT,SHORT,EMACrossover(5/13-SHORT),2,0.2,1.5,1.498,1.498,1.505,2026-08-11 02:16:59 UTC,2026-08-11 02:25:13 UTC,493.65,0.3,0.004,0.0,0.0004,0.04,10.0,MIN_PROFIT_TP_HIT,0.1024
1048,TRUMP_USDT,LONG,EMACrossover(5/13-LONG),2,0.2,1.5,1.502,1.502,1.495,2026-08-11 02:43:59 UTC,2026-08-11 02:54:17 UTC,617.49,0.3,0.004,0.0,0.0004,0.04,10.0,MIN_PROFIT_TP_HIT,0.1028
1049,TRUMP_USDT,LONG,EMACrossover(5/13-LONG),2,0.2,1.501,1.503,1.503,1.496,2026-08-11 02:55:59 UTC,2026-08-11 02:56:28 UTC,28.13,0.3002,0.004,0.0,0.0004,0.04,9.99,MIN_PROFIT_TP_HIT,0.1032
1050,TRUMP_USDT,SHORT,EMACrossover(5/13-SHORT),2,0.2,1.509,1.514,1.507,1.514,2026-08-11 03:25:59 UTC,2026-08-11 03:33:41 UTC,461.11,0.3018,0.004,0.0,-0.001,-0.09,-24.85,STOP_LOSS_HIT,0.1022
1051,TRUMP_USDT,LONG,EMACrossover(5/13-LONG),2,0.2,1.514,1.516,1.516,1.509,2026-08-11 03:34:59 UTC,2026-08-11 03:36:05 UTC,65.93,0.3028,0.004,0.0,0.0004,0.04,9.91,MIN_PROFIT_TP_HIT,0.1026
1052,TRUMP_USDT,SHORT,EMACrossover(5/13-SHORT),2,0.2,1.516,1.514,1.514,1.521,2026-08-11 03:56:59 UTC,2026-08-11 03:58:49 UTC,109.87,0.3032,0.004,0.0,0.0004,0.04,9.89,MIN_PROFIT_TP_HIT,0.103
1053,TRUMP_USDT,LONG,EMACrossover(5/13-LONG),2,0.2,1.519,1.521,1.521,1.514,2026-08-11 04:00:59 UTC,2026-08-11 04:02:47 UTC,107.32,0.3038,0.0041,0.0,0.0004,0.04,9.87,MIN_PROFIT_TP_HIT,0.1034
1054,TRUMP_USDT,SHORT,EMACrossover(5/13-SHORT),2,0.2,1.517,1.515,1.515,1.522,2026-08-11 04:07:59 UTC,2026-08-11 04:08:40 UTC,40.94,0.3034,0.004,0.0,0.0004,0.04,9.89,MIN_PROFIT_TP_HIT,0.1038
1055,TRUMP_USDT,LONG,EMACrossover(5/13-LONG),2,0.2,1.519,1.514,1.521,1.514,2026-08-11 04:24:59 UTC,2026-08-11 04:29:37 UTC,277.68,0.3038,0.0041,0.0,-0.001,-0.09,-24.69,STOP_LOSS_HIT,0.1028
1056,TRUMP_USDT,SHORT,EMACrossover(5/13-SHORT),2,0.2,1.513,1.511,1.511,1.518,2026-08-11 04:31:59 UTC,2026-08-11 04:45:11 UTC,791.02,0.3026,0.004,0.0,0.0004,0.04,9.91,MIN_PROFIT_TP_HIT,0.1032
1057,TRUMP_USDT,LONG,EMACrossover(5/13-LONG),2,0.2,1.518,1.52,1.52,1.513,2026-08-11 04:51:59 UTC,2026-08-11 04:52:35 UTC,35.78,0.3036,0.004,0.0,0.0004,0.04,9.88,MIN_PROFIT_TP_HIT,0.1036
1058,TRUMP_USDT,SHORT,EMACrossover(5/13-SHORT),2,0.2,1.527,1.525,1.525,1.532,2026-08-11 05:19:59 UTC,2026-08-11 05:20:06 UTC,6.07,0.3054,0.0041,0.0,0.0004,0.04,9.82,MIN_PROFIT_TP_HIT,0.104
1059,TRUMP_USDT,LONG,EMACrossover(5/13-LONG),2,0.2,1.519,1.521,1.521,1.514,2026-08-11 05:38:59 UTC,2026-08-11 05:39:17 UTC,17.58,0.3038,0.0041,0.0,0.0004,0.04,9.87,MIN_PROFIT_TP_HIT,0.1044
1060,TRUMP_USDT,LONG,EMACrossover(5/13-LONG),2,0.2,1.519,1.521,1.521,1.514,2026-08-11 05:40:59 UTC,2026-08-11 05:41:02 UTC,2.62,0.3038,0.0041,0.0,0.0004,0.04,9.87,MIN_PROFIT_TP_HIT,0.1048
1061,TRUMP_USDT,SHORT,EMACrossover(5/13-SHORT),2,0.2,1.518,1.516,1.516,1.523,2026-08-11 05:43:59 UTC,2026-08-11 05:47:12 UTC,192.85,0.3036,0.004,0.0,0.0004,0.04,9.88,MIN_PROFIT_TP_HIT,0.1052
1062,TRUMP_USDT,LONG,EMACrossover(5/13-LONG),2,0.2,1.514,1.509,1.516,1.509,2026-08-11 06:14:59 UTC,2026-08-11 06:18:40 UTC,220.04,0.3028,0.004,0.0,-0.001,-0.09,-24.77,STOP_LOSS_HIT,0.1042
1063,TRUMP_USDT,LONG,EMACrossover(5/13-LONG),2,0.2,1.505,1.507,1.507,1.5,2026-08-11 06:39:59 UTC,2026-08-11 07:01:44 UTC,1304.19,0.301,0.004,0.0,0.0004,0.04,9.97,MIN_PROFIT_TP_HIT,0.1046
1064,TRUMP_USDT,LONG,EMACrossover(5/13-LONG),2,0.2,1.505,1.5,1.507,1.5,2026-08-11 07:02:59 UTC,2026-08-11 07:18:07 UTC,907.74,0.301,0.004,0.0,-0.001,-0.09,-24.92,STOP_LOSS_HIT,0.1036
1065,TRUMP_USDT,LONG,EMACrossover(5/13-LONG),2,0.2,1.499,1.494,1.501,1.494,2026-08-11 08:02:59 UTC,2026-08-11 08:13:53 UTC,653.2,0.2998,0.004,0.0,-0.001,-0.09,-25.02,STOP_LOSS_HIT,0.1026
1066,TRUMP_USDT,LONG,EMACrossover(5/13-LONG),2,0.2,1.496,1.498,1.498,1.491,2026-08-11 08:28:59 UTC,2026-08-11 08:45:27 UTC,987.41,0.2992,0.004,0.0,0.0004,0.04,10.03,MIN_PROFIT_TP_HIT,0.103
1067,TRUMP_USDT,SHORT,EMACrossover(5/13-SHORT),2,0.2,1.497,1.495,1.495,1.502,2026-08-11 08:58:59 UTC,2026-08-11 09:00:07 UTC,67.61,0.2994,0.004,0.0,0.0004,0.04,10.02,MIN_PROFIT_TP_HIT,0.1034
1068,TRUMP_USDT,SHORT,EMACrossover(5/13-SHORT),2,0.2,1.496,1.494,1.494,1.501,2026-08-11 09:03:59 UTC,2026-08-11 09:13:57 UTC,597.28,0.2992,0.004,0.0,0.0004,0.04,10.03,MIN_PROFIT_TP_HIT,0.1038
1069,TRUMP_USDT,SHORT,EMACrossover(5/13-SHORT),2,0.2,1.496,1.494,1.494,1.501,2026-08-11 09:14:59 UTC,2026-08-11 09:15:41 UTC,41.23,0.2992,0.004,0.0,0.0004,0.04,10.03,MIN_PROFIT_TP_HIT,0.1042
1070,TRUMP_USDT,LONG,EMACrossover(5/13-LONG),2,0.2,1.498,1.5,1.5,1.493,2026-08-11 09:20:59 UTC,2026-08-11 09:28:32 UTC,452.81,0.2996,0.004,0.0,0.0004,0.04,10.01,MIN_PROFIT_TP_HIT,0.1046
1071,TRUMP_USDT,SHORT,EMACrossover(5/13-SHORT),2,0.2,1.495,1.5,1.493,1.5,2026-08-11 09:33:59 UTC,2026-08-11 09:45:49 UTC,709.02,0.299,0.004,0.0,-0.001,-0.09,-25.08,STOP_LOSS_HIT,0.1036
1072,TRUMP_USDT,SHORT,EMACrossover(5/13-SHORT),2,0.2,1.503,1.501,1.501,1.508,2026-08-11 10:01:59 UTC,2026-08-11 10:02:08 UTC,8.69,0.3006,0.004,0.0,0.0004,0.04,9.98,MIN_PROFIT_TP_HIT,0.104
1073,TRUMP_USDT,SHORT,EMACrossover(5/13-SHORT),2,0.2,1.5,1.498,1.498,1.505,2026-08-11 10:03:59 UTC,2026-08-11 10:05:06 UTC,66.38,0.3,0.004,0.0,0.0004,0.04,10.0,MIN_PROFIT_TP_HIT,0.1044
1074,TRUMP_USDT,LONG,EMACrossover(5/13-LONG),2,0.2,1.498,1.5,1.5,1.493,2026-08-11 10:28:59 UTC,2026-08-11 10:50:28 UTC,1288.05,0.2996,0.004,0.0,0.0004,0.04,10.01,MIN_PROFIT_TP_HIT,0.1048
1075,TRUMP_USDT,SHORT,EMACrossover(5/13-SHORT),2,0.2,1.506,1.504,1.504,1.511,2026-08-11 11:29:59 UTC,2026-08-11 11:30:25 UTC,25.4,0.3012,0.004,0.0,0.0004,0.04,9.96,MIN_PROFIT_TP_HIT,0.1052
1076,TRUMP_USDT,LONG,EMACrossover(5/13-LONG),2,0.2,1.507,1.509,1.509,1.502,2026-08-11 11:42:59 UTC,2026-08-11 11:47:18 UTC,258.22,0.3014,0.004,0.0,0.0004,0.04,9.95,MIN_PROFIT_TP_HIT,0.1056
1077,TRUMP_USDT,SHORT,EMACrossover(5/13-SHORT),2,0.2,1.504,1.502,1.502,1.509,2026-08-11 12:02:59 UTC,2026-08-11 12:10:35 UTC,455.67,0.3008,0.004,0.0,0.0004,0.04,9.97,MIN_PROFIT_TP_HIT,0.106
1078,TRUMP_USDT,LONG,EMACrossover(5/13-LONG),2,0.2,1.503,1.505,1.505,1.498,2026-08-11 12:32:59 UTC,2026-08-11 12:35:14 UTC,134.03,0.3006,0.004,0.0,0.0004,0.04,9.98,MIN_PROFIT_TP_HIT,0.1064
1079,TRUMP_USDT,SHORT,EMACrossover(5/13-SHORT),2,0.2,1.505,1.51,1.503,1.51,2026-08-11 12:50:59 UTC,2026-08-11 13:02:12 UTC,672.61,0.301,0.004,0.0,-0.001,-0.09,-24.92,STOP_LOSS_HIT,0.1054
1080,TRUMP_USDT,SHORT,EMACrossover(5/13-SHORT),2,0.2,1.509,1.507,1.507,1.514,2026-08-11 13:06:59 UTC,2026-08-11 13:22:25 UTC,925.14,0.3018,0.004,0.0,0.0004,0.04,9.94,MIN_PROFIT_TP_HIT,0.1058
1081,TRUMP_USDT,LONG,EMACrossover(5/13-LONG),2,0.2,1.508,1.51,1.51,1.503,2026-08-11 13:39:59 UTC,2026-08-11 13:40:36 UTC,36.26,0.3016,0.004,0.0,0.0004,0.04,9.95,MIN_PROFIT_TP_HIT,0.1062
1082,TRUMP_USDT,SHORT,EMACrossover(5/13-SHORT),2,0.2,1.509,1.507,1.507,1.514,2026-08-11 13:46:59 UTC,2026-08-11 13:52:51 UTC,351.72,0.3018,0.004,0.0,0.0004,0.04,9.94,MIN_PROFIT_TP_HIT,0.1066
1083,TRUMP_USDT,SHORT,EMACrossover(5/13-SHORT),2,0.2,1.506,1.511,1.504,1.511,2026-08-11 13:55:59 UTC,2026-08-11 14:03:47 UTC,467.75,0.3012,0.004,0.0,-0.001,-0.09,-24.9,STOP_LOSS_HIT,0.1056
1084,TRUMP_USDT,SHORT,EMACrossover(5/13-SHORT),2,0.2,1.51,1.508,1.508,1.515,2026-08-11 14:21:59 UTC,2026-08-11 14:22:02 UTC,2.83,0.302,0.004,0.0,0.0004,0.04,9.93,MIN_PROFIT_TP_HIT,0.106
1085,TRUMP_USDT,LONG,EMACrossover(5/13-LONG),2,0.2,1.511,1.513,1.513,1.506,2026-08-11 14:29:59 UTC,2026-08-11 14:36:33 UTC,393.42,0.3022,0.004,0.0,0.0004,0.04,9.93,MIN_PROFIT_TP_HIT,0.1064
1086,TRUMP_USDT,LONG,EMACrossover(5/13-LONG),2,0.2,1.51,1.505,1.512,1.505,2026-08-11 14:44:59 UTC,2026-08-11 14:50:10 UTC,310.04,0.302,0.004,0.0,-0.001,-0.09,-24.83,STOP_LOSS_HIT,0.1054
1087,TRUMP_USDT,SHORT,EMACrossover(5/13-SHORT),2,0.2,1.507,1.505,1.505,1.512,2026-08-11 14:56:59 UTC,2026-08-11 14:57:06 UTC,6.09,0.3014,0.004,0.0,0.0004,0.04,9.95,MIN_PROFIT_TP_HIT,0.1058
1088,TRUMP_USDT,LONG,EMACrossover(5/13-LONG),2,0.2,1.502,1.504,1.504,1.497,2026-08-11 15:22:59 UTC,2026-08-11 15:30:05 UTC,425.74,0.3004,0.004,0.0,0.0004,0.04,9.99,MIN_PROFIT_TP_HIT,0.1062
1089,TRUMP_USDT,SHORT,EMACrossover(5/13-SHORT),2,0.2,1.498,1.496,1.496,1.503,2026-08-11 15:34:59 UTC,2026-08-11 15:35:52 UTC,52.42,0.2996,0.004,0.0,0.0004,0.04,10.01,MIN_PROFIT_TP_HIT,0.1066
1090,TRUMP_USDT,LONG,EMACrossover(5/13-LONG),2,0.2,1.475,1.477,1.477,1.47,2026-08-11 16:06:59 UTC,2026-08-11 16:08:54 UTC,114.96,0.295,0.0039,0.0,0.0004,0.04,10.17,MIN_PROFIT_TP_HIT,0.107
1091,TRUMP_USDT,SHORT,EMACrossover(5/13-SHORT),2,0.2,1.476,1.474,1.474,1.481,2026-08-11 16:30:59 UTC,2026-08-11 16:32:51 UTC,111.73,0.2952,0.0039,0.0,0.0004,0.04,10.16,MIN_PROFIT_TP_HIT,0.1074
1092,TRUMP_USDT,LONG,EMACrossover(5/13-LONG),2,0.2,1.477,1.479,1.479,1.472,2026-08-11 16:41:59 UTC,2026-08-11 16:42:57 UTC,57.02,0.2954,0.0039,0.0,0.0004,0.04,10.16,MIN_PROFIT_TP_HIT,0.1078
1093,TRUMP_USDT,SHORT,EMACrossover(5/13-SHORT),2,0.2,1.478,1.476,1.476,1.483,2026-08-11 16:48:59 UTC,2026-08-11 16:51:57 UTC,177.81,0.2956,0.0039,0.0,0.0004,0.04,10.15,MIN_PROFIT_TP_HIT,0.1082
1094,TRUMP_USDT,SHORT,EMACrossover(5/13-SHORT),2,0.2,1.476,1.474,1.474,1.481,2026-08-11 16:53:59 UTC,2026-08-11 16:56:17 UTC,137.25,0.2952,0.0039,0.0,0.0004,0.04,10.16,MIN_PROFIT_TP_HIT,0.1086
1095,TRUMP_USDT,LONG,EMACrossover(5/13-LONG),2,0.2,1.474,1.476,1.476,1.469,2026-08-11 17:13:59 UTC,2026-08-11 17:14:32 UTC,32.82,0.2948,0.0039,0.0,0.0004,0.04,10.18,MIN_PROFIT_TP_HIT,0.109
1096,TRUMP_USDT,SHORT,EMACrossover(5/13-SHORT),2,0.2,1.475,1.473,1.473,1.48,2026-08-11 17:33:59 UTC,2026-08-11 17:34:45 UTC,45.01,0.295,0.0039,0.0,0.0004,0.04,10.17,MIN_PROFIT_TP_HIT,0.1094
1097,TRUMP_USDT,SHORT,EMACrossover(5/13-SHORT),2,0.2,1.475,1.473,1.473,1.48,2026-08-11 17:35:59 UTC,2026-08-11 17:37:01 UTC,61.4,0.295,0.0039,0.0,0.0004,0.04,10.17,MIN_PROFIT_TP_HIT,0.1098
1098,TRUMP_USDT,SHORT,EMACrossover(5/13-SHORT),2,0.2,1.472,1.47,1.47,1.477,2026-08-11 17:38:59 UTC,2026-08-11 18:08:38 UTC,1778.75,0.2944,0.0039,0.0,0.0004,0.04,10.19,MIN_PROFIT_TP_HIT,0.1102
1099,TRUMP_USDT,LONG,EMACrossover(5/13-LONG),2,0.2,1.47,1.465,1.472,1.465,2026-08-11 18:24:59 UTC,2026-08-11 18:27:24 UTC,144.21,0.294,0.0039,0.0,-0.001,-0.09,-25.51,STOP_LOSS_HIT,0.1092
1100,TRUMP_USDT,LONG,EMACrossover(5/13-LONG),2,0.2,1.469,1.471,1.471,1.464,2026-08-11 18:37:59 UTC,2026-08-11 18:39:49 UTC,109.4,0.2938,0.0039,0.0,0.0004,0.04,10.21,MIN_PROFIT_TP_HIT,0.1096
1101,TRUMP_USDT,SHORT,EMACrossover(5/13-SHORT),2,0.2,1.48,1.485,1.478,1.485,2026-08-11 19:36:59 UTC,2026-08-11 19:47:35 UTC,635.04,0.296,0.0039,0.0,-0.001,-0.09,-25.34,STOP_LOSS_HIT,0.1086
1102,TRUMP_USDT,SHORT,EMACrossover(5/13-SHORT),2,0.2,1.49,1.488,1.488,1.495,2026-08-11 20:26:59 UTC,2026-08-11 20:27:33 UTC,33.86,0.298,0.004,0.0,0.0004,0.04,10.07,MIN_PROFIT_TP_HIT,0.109
1103,TRUMP_USDT,LONG,EMACrossover(5/13-LONG),2,0.2,1.488,1.483,1.49,1.483,2026-08-11 20:42:59 UTC,2026-08-11 21:16:10 UTC,1990.86,0.2976,0.004,0.0,-0.001,-0.09,-25.2,STOP_LOSS_HIT,0.108
1104,TRUMP_USDT,LONG,EMACrossover(5/13-LONG),2,0.2,1.486,1.488,1.488,1.481,2026-08-11 21:28:59 UTC,2026-08-11 21:40:13 UTC,673.59,0.2972,0.004,0.0,0.0004,0.04,10.09,MIN_PROFIT_TP_HIT,0.1084
1105,TRUMP_USDT,SHORT,EMACrossover(5/13-SHORT),2,0.2,1.486,1.484,1.484,1.491,2026-08-11 21:53:59 UTC,2026-08-11 22:16:08 UTC,1328.86,0.2972,0.004,0.0,0.0004,0.04,10.09,MIN_PROFIT_TP_HIT,0.1088
1106,TRUMP_USDT,SHORT,EMACrossover(5/13-SHORT),2,0.2,1.486,1.484,1.484,1.491,2026-08-11 22:17:59 UTC,2026-08-11 22:20:23 UTC,143.88,0.2972,0.004,0.0,0.0004,0.04,10.09,MIN_PROFIT_TP_HIT,0.1092
1107,TRUMP_USDT,LONG,EMACrossover(5/13-LONG),2,0.2,1.484,1.486,1.486,1.479,2026-08-11 22:41:59 UTC,2026-08-11 22:58:40 UTC,1000.6,0.2968,0.004,0.0,0.0004,0.04,10.11,MIN_PROFIT_TP_HIT,0.1096
1108,TRUMP_USDT,SHORT,EMACrossover(5/13-SHORT),2,0.2,1.483,1.481,1.481,1.488,2026-08-11 23:08:59 UTC,2026-08-11 23:11:45 UTC,165.42,0.2966,0.004,0.0,0.0004,0.04,10.11,MIN_PROFIT_TP_HIT,0.11
1109,TRUMP_USDT,LONG,EMACrossover(5/13-LONG),2,0.2,1.48,1.482,1.482,1.475,2026-08-11 23:39:59 UTC,2026-08-11 23:40:39 UTC,39.11,0.296,0.0039,0.0,0.0004,0.04,10.14,MIN_PROFIT_TP_HIT,0.1104
1110,TRUMP_USDT,SHORT,EMACrossover(5/13-SHORT),2,0.2,1.48,1.478,1.478,1.485,2026-08-11 23:52:59 UTC,2026-08-11 23:56:26 UTC,206.39,0.296,0.0039,0.0,0.0004,0.04,10.14,MIN_PROFIT_TP_HIT,0.1108
1111,TRUMP_USDT,LONG,EMACrossover(5/13-LONG),2,0.2,1.479,1.474,1.481,1.474,2026-08-12 00:11:59 UTC,2026-08-12 00:38:47 UTC,1607.08,0.2958,0.0039,0.0,-0.001,-0.09,-25.35,STOP_LOSS_HIT,0.1098
1112,TRUMP_USDT,LONG,EMACrossover(5/13-LONG),2,0.2,1.476,1.478,1.478,1.471,2026-08-12 00:47:59 UTC,2026-08-12 00:49:08 UTC,68.27,0.2952,0.0039,0.0,0.0004,0.04,10.16,MIN_PROFIT_TP_HIT,0.1102
1113,TRUMP_USDT,SHORT,EMACrossover(5/13-SHORT),2,0.2,1.475,1.48,1.473,1.48,2026-08-12 00:55:59 UTC,2026-08-12 01:05:05 UTC,545.64,0.295,0.0039,0.0,-0.001,-0.09,-25.42,STOP_LOSS_HIT,0.1092
1114,TRUMP_USDT,SHORT,EMACrossover(5/13-SHORT),2,0.2,1.485,1.49,1.483,1.49,2026-08-12 01:31:59 UTC,2026-08-12 01:41:05 UTC,545.62,0.297,0.004,0.0,-0.001,-0.09,-25.25,STOP_LOSS_HIT,0.1082
1115,TRUMP_USDT,SHORT,EMACrossover(5/13-SHORT),2,0.2,1.489,1.494,1.487,1.494,2026-08-12 01:55:59 UTC,2026-08-12 02:45:30 UTC,2970.77,0.2978,0.004,0.0,-0.001,-0.09,-25.18,STOP_LOSS_HIT,0.1072
1116,TRUMP_USDT,SHORT,EMACrossover(5/13-SHORT),2,0.2,1.491,1.496,1.489,1.496,2026-08-12 02:57:59 UTC,2026-08-12 03:03:54 UTC,354.33,0.2982,0.004,0.0,-0.001,-0.09,-25.15,STOP_LOSS_HIT,0.1062
1117,TRUMP_USDT,SHORT,EMACrossover(5/13-SHORT),2,0.2,1.496,1.494,1.494,1.501,2026-08-12 03:22:59 UTC,2026-08-12 03:27:46 UTC,286.44,0.2992,0.004,0.0,0.0004,0.04,10.03,MIN_PROFIT_TP_HIT,0.1066
1118,TRUMP_USDT,LONG,EMACrossover(5/13-LONG),2,0.2,1.498,1.5,1.5,1.493,2026-08-12 03:33:59 UTC,2026-08-12 03:36:53 UTC,173.38,0.2996,0.004,0.0,0.0004,0.04,10.01,MIN_PROFIT_TP_HIT,0.107
1119,TRUMP_USDT,SHORT,EMACrossover(5/13-SHORT),2,0.2,1.496,1.494,1.494,1.501,2026-08-12 03:41:59 UTC,2026-08-12 03:45:06 UTC,186.49,0.2992,0.004,0.0,0.0004,0.04,10.03,MIN_PROFIT_TP_HIT,0.1074
1120,TRUMP_USDT,LONG,EMACrossover(5/13-LONG),2,0.2,1.492,1.487,1.494,1.487,2026-08-12 04:19:59 UTC,2026-08-12 04:45:39 UTC,1539.27,0.2984,0.004,0.0,-0.001,-0.09,-25.13,STOP_LOSS_HIT,0.1064
1121,TRUMP_USDT,LONG,EMACrossover(5/13-LONG),2,0.2,1.488,1.483,1.49,1.483,2026-08-12 04:56:59 UTC,2026-08-12 05:02:50 UTC,350.07,0.2976,0.004,0.0,-0.001,-0.09,-25.2,STOP_LOSS_HIT,0.1054
1122,TRUMP_USDT,LONG,EMACrossover(5/13-LONG),2,0.2,1.488,1.483,1.49,1.483,2026-08-12 05:10:59 UTC,2026-08-12 05:35:32 UTC,1472.38,0.2976,0.004,0.0,-0.001,-0.09,-25.2,STOP_LOSS_HIT,0.1044
1123,TRUMP_USDT,LONG,EMACrossover(5/13-LONG),2,0.2,1.485,1.487,1.487,1.48,2026-08-12 05:46:59 UTC,2026-08-12 06:02:02 UTC,902.96,0.297,0.004,0.0,0.0004,0.04,10.1,MIN_PROFIT_TP_HIT,0.1048
1124,TRUMP_USDT,SHORT,EMACrossover(5/13-SHORT),2,0.2,1.483,1.481,1.481,1.488,2026-08-12 06:09:59 UTC,2026-08-12 06:14:01 UTC,241.68,0.2966,0.004,0.0,0.0004,0.04,10.11,MIN_PROFIT_TP_HIT,0.1052
1125,TRUMP_USDT,LONG,EMACrossover(5/13-LONG),2,0.2,1.481,1.476,1.483,1.476,2026-08-12 06:40:59 UTC,2026-08-12 07:37:15 UTC,3375.44,0.2962,0.0039,0.0,-0.001,-0.09,-25.32,STOP_LOSS_HIT,0.1042
1126,TRUMP_USDT,LONG,EMACrossover(5/13-LONG),2,0.2,1.476,1.471,1.478,1.471,2026-08-12 07:54:59 UTC,2026-08-12 08:12:50 UTC,1070.6,0.2952,0.0039,0.0,-0.001,-0.09,-25.41,STOP_LOSS_HIT,0.1032
1127,TRUMP_USDT,LONG,EMACrossover(5/13-LONG),2,0.2,1.474,1.469,1.476,1.469,2026-08-12 08:34:59 UTC,2026-08-12 08:47:20 UTC,740.69,0.2948,0.0039,0.0,-0.001,-0.09,-25.44,STOP_LOSS_HIT,0.1022
1128,TRUMP_USDT,LONG,EMACrossover(5/13-LONG),2,0.2,1.469,1.471,1.471,1.464,2026-08-12 09:05:59 UTC,2026-08-12 09:09:10 UTC,190.02,0.2938,0.0039,0.0,0.0004,0.04,10.21,MIN_PROFIT_TP_HIT,0.1026
1129,TRUMP_USDT,SHORT,EMACrossover(5/13-SHORT),2,0.2,1.48,1.478,1.478,1.485,2026-08-12 09:45:59 UTC,2026-08-12 09:52:37 UTC,397.7,0.296,0.0039,0.0,0.0004,0.04,10.14,MIN_PROFIT_TP_HIT,0.103
1130,TRUMP_USDT,LONG,EMACrossover(5/13-LONG),2,0.2,1.482,1.477,1.484,1.477,2026-08-12 10:02:59 UTC,2026-08-12 10:15:59 UTC,779.84,0.2964,0.004,0.0,-0.001,-0.09,-25.3,STOP_LOSS_HIT,0.102
1131,TRUMP_USDT,LONG,EMACrossover(5/13-LONG),2,0.2,1.477,1.479,1.479,1.472,2026-08-12 10:35:59 UTC,2026-08-12 10:54:05 UTC,1085.4,0.2954,0.0039,0.0,0.0004,0.04,10.16,MIN_PROFIT_TP_HIT,0.1024
1132,TRUMP_USDT,SHORT,EMACrossover(5/13-SHORT),2,0.2,1.477,1.475,1.475,1.482,2026-08-12 11:00:59 UTC,2026-08-12 11:02:26 UTC,86.5,0.2954,0.0039,0.0,0.0004,0.04,10.16,MIN_PROFIT_TP_HIT,0.1028
1133,TRUMP_USDT,LONG,EMACrossover(5/13-LONG),2,0.2,1.478,1.48,1.48,1.473,2026-08-12 11:10:59 UTC,2026-08-12 11:35:31 UTC,1471.2,0.2956,0.0039,0.0,0.0004,0.04,10.15,MIN_PROFIT_TP_HIT,0.1032
1134,TRUMP_USDT,SHORT,EMACrossover(5/13-SHORT),2,0.2,1.48,1.478,1.478,1.485,2026-08-12 11:59:59 UTC,2026-08-12 12:24:30 UTC,1470.04,0.296,0.0039,0.0,0.0004,0.04,10.14,MIN_PROFIT_TP_HIT,0.1036
1135,TRUMP_USDT,LONG,EMACrossover(5/13-LONG),2,0.2,1.485,1.487,1.487,1.48,2026-08-12 12:29:59 UTC,2026-08-12 12:30:00 UTC,0.52,0.297,0.004,0.0,0.0004,0.04,10.1,MIN_PROFIT_TP_HIT,0.104
1136,TRUMP_USDT,SHORT,EMACrossover(5/13-SHORT),2,0.2,1.48,1.478,1.478,1.485,2026-08-12 12:39:59 UTC,2026-08-12 12:44:35 UTC,275.91,0.296,0.0039,0.0,0.0004,0.04,10.14,MIN_PROFIT_TP_HIT,0.1044
1137,TRUMP_USDT,LONG,EMACrossover(5/13-LONG),2,0.2,1.478,1.48,1.48,1.473,2026-08-12 13:17:59 UTC,2026-08-12 13:20:47 UTC,167.08,0.2956,0.0039,0.0,0.0004,0.04,10.15,MIN_PROFIT_TP_HIT,0.1048
1138,TRUMP_USDT,SHORT,EMACrossover(5/13-SHORT),2,0.2,1.478,1.476,1.476,1.483,2026-08-12 13:29:59 UTC,2026-08-12 13:31:58 UTC,118.01,0.2956,0.0039,0.0,0.0004,0.04,10.15,MIN_PROFIT_TP_HIT,0.1052
1139,TRUMP_USDT,LONG,EMACrossover(5/13-LONG),2,0.2,1.476,1.478,1.478,1.471,2026-08-12 13:34:59 UTC,2026-08-12 13:35:04 UTC,4.56,0.2952,0.0039,0.0,0.0004,0.04,10.16,MIN_PROFIT_TP_HIT,0.1056
1140,TRUMP_USDT,LONG,EMACrossover(5/13-LONG),2,0.2,1.478,1.473,1.48,1.473,2026-08-12 13:43:59 UTC,2026-08-12 13:53:14 UTC,554.3,0.2956,0.0039,0.0,-0.001,-0.09,-25.37,STOP_LOSS_HIT,0.1046
1141,TRUMP_USDT,LONG,EMACrossover(5/13-LONG),2,0.2,1.461,1.456,1.463,1.456,2026-08-12 14:34:59 UTC,2026-08-12 14:42:48 UTC,468.05,0.2922,0.0039,0.0,-0.001,-0.09,-25.67,STOP_LOSS_HIT,0.1036
1142,TRUMP_USDT,LONG,EMACrossover(5/13-LONG),2,0.2,1.462,1.464,1.464,1.457,2026-08-12 14:48:59 UTC,2026-08-12 14:49:47 UTC,47.53,0.2924,0.0039,0.0,0.0004,0.04,10.26,MIN_PROFIT_TP_HIT,0.104
1143,TRUMP_USDT,SHORT,EMACrossover(5/13-SHORT),2,0.2,1.459,1.464,1.457,1.464,2026-08-12 14:56:59 UTC,2026-08-12 15:04:11 UTC,431.45,0.2918,0.0039,0.0,-0.001,-0.09,-25.7,STOP_LOSS_HIT,0.103
1144,TRUMP_USDT,SHORT,EMACrossover(5/13-SHORT),2,0.2,1.463,1.461,1.461,1.468,2026-08-12 15:26:59 UTC,2026-08-12 15:53:50 UTC,1610.05,0.2926,0.0039,0.0,0.0004,0.04,10.25,MIN_PROFIT_TP_HIT,0.1034
1145,TRUMP_USDT,LONG,EMACrossover(5/13-LONG),2,0.2,1.452,1.454,1.454,1.447,2026-08-12 16:17:59 UTC,2026-08-12 16:18:07 UTC,7.21,0.2904,0.0039,0.0,0.0004,0.04,10.33,MIN_PROFIT_TP_HIT,0.1038
1146,TRUMP_USDT,SHORT,EMACrossover(5/13-SHORT),2,0.2,1.449,1.447,1.447,1.454,2026-08-12 16:24:59 UTC,2026-08-12 16:26:21 UTC,81.91,0.2898,0.0039,0.0,0.0004,0.04,10.35,MIN_PROFIT_TP_HIT,0.1042
1147,TRUMP_USDT,LONG,EMACrossover(5/13-LONG),2,0.2,1.45,1.445,1.452,1.445,2026-08-12 16:34:59 UTC,2026-08-12 16:44:37 UTC,577.09,0.29,0.0039,0.0,-0.001,-0.09,-25.86,STOP_LOSS_HIT,0.1032
1148,TRUMP_USDT,LONG,EMACrossover(5/13-LONG),2,0.2,1.449,1.451,1.451,1.444,2026-08-12 16:54:59 UTC,2026-08-12 16:58:38 UTC,218.6,0.2898,0.0039,0.0,0.0004,0.04,10.35,MIN_PROFIT_TP_HIT,0.1036
1149,TRUMP_USDT,SHORT,EMACrossover(5/13-SHORT),2,0.2,1.448,1.446,1.446,1.453,2026-08-12 17:04:59 UTC,2026-08-12 17:08:58 UTC,238.3,0.2896,0.0039,0.0,0.0004,0.04,10.36,MIN_PROFIT_TP_HIT,0.104
1150,TRUMP_USDT,LONG,EMACrossover(5/13-LONG),2,0.2,1.444,1.446,1.446,1.439,2026-08-12 17:34:59 UTC,2026-08-12 17:35:44 UTC,44.69,0.2888,0.0039,0.0,0.0004,0.04,10.39,MIN_PROFIT_TP_HIT,0.1044
1151,TRUMP_USDT,SHORT,EMACrossover(5/13-SHORT),2,0.2,1.444,1.442,1.442,1.449,2026-08-12 17:44:59 UTC,2026-08-12 18:00:36 UTC,936.05,0.2888,0.0039,0.0,0.0004,0.04,10.39,MIN_PROFIT_TP_HIT,0.1048
1152,TRUMP_USDT,LONG,EMACrossover(5/13-LONG),2,0.2,1.441,1.443,1.443,1.436,2026-08-12 18:14:59 UTC,2026-08-12 18:29:22 UTC,862.81,0.2882,0.0038,0.0,0.0004,0.04,10.41,MIN_PROFIT_TP_HIT,0.1052
1153,TRUMP_USDT,LONG,EMACrossover(5/13-LONG),2,0.2,1.442,1.444,1.444,1.437,2026-08-12 18:30:59 UTC,2026-08-12 18:31:13 UTC,13.03,0.2884,0.0038,0.0,0.0004,0.04,10.4,MIN_PROFIT_TP_HIT,0.1056
1154,TRUMP_USDT,SHORT,EMACrossover(5/13-SHORT),2,0.2,1.442,1.44,1.44,1.447,2026-08-12 18:48:59 UTC,2026-08-12 18:53:55 UTC,295.61,0.2884,0.0038,0.0,0.0004,0.04,10.4,MIN_PROFIT_TP_HIT,0.106
1155,TRUMP_USDT,LONG,EMACrossover(5/13-LONG),2,0.2,1.441,1.436,1.443,1.436,2026-08-12 19:09:59 UTC,2026-08-12 19:24:03 UTC,843.87,0.2882,0.0038,0.0,-0.001,-0.09,-26.02,STOP_LOSS_HIT,0.105
1156,TRUMP_USDT,LONG,EMACrossover(5/13-LONG),2,0.2,1.438,1.44,1.44,1.433,2026-08-12 19:48:59 UTC,2026-08-12 20:25:03 UTC,2163.43,0.2876,0.0038,0.0,0.0004,0.04,10.43,MIN_PROFIT_TP_HIT,0.1054
1157,TRUMP_USDT,SHORT,EMACrossover(5/13-SHORT),2,0.2,1.439,1.437,1.437,1.444,2026-08-12 20:41:59 UTC,2026-08-12 20:51:40 UTC,580.01,0.2878,0.0038,0.0,0.0004,0.04,10.42,MIN_PROFIT_TP_HIT,0.1058
1158,TRUMP_USDT,LONG,EMACrossover(5/13-LONG),2,0.2,1.437,1.432,1.439,1.432,2026-08-12 21:12:59 UTC,2026-08-12 21:24:20 UTC,680.1,0.2874,0.0038,0.0,-0.001,-0.09,-26.1,STOP_LOSS_HIT,0.1048
1159,TRUMP_USDT,LONG,EMACrossover(5/13-LONG),2,0.2,1.403,1.398,1.405,1.398,2026-08-12 21:46:59 UTC,2026-08-12 21:53:52 UTC,412.4,0.2806,0.0037,0.0,-0.001,-0.09,-26.73,STOP_LOSS_HIT,0.1038
1160,TRUMP_USDT,SHORT,EMACrossover(5/13-SHORT),2,0.2,1.398,1.396,1.396,1.403,2026-08-12 21:54:59 UTC,2026-08-12 21:56:44 UTC,104.31,0.2796,0.0037,0.0,0.0004,0.04,10.73,MIN_PROFIT_TP_HIT,0.1042
1161,TRUMP_USDT,LONG,EMACrossover(5/13-LONG),2,0.2,1.393,1.395,1.395,1.388,2026-08-12 22:13:59 UTC,2026-08-12 22:16:38 UTC,158.69,0.2786,0.0037,0.0,0.0004,0.04,10.77,MIN_PROFIT_TP_HIT,0.1046
1162,TRUMP_USDT,SHORT,EMACrossover(5/13-SHORT),2,0.2,1.393,1.398,1.391,1.398,2026-08-12 22:33:59 UTC,2026-08-12 22:37:07 UTC,187.92,0.2786,0.0037,0.0,-0.001,-0.09,-26.92,STOP_LOSS_HIT,0.1036
1163,TRUMP_USDT,LONG,EMACrossover(5/13-LONG),2,0.2,1.398,1.4,1.4,1.393,2026-08-12 22:38:59 UTC,2026-08-12 22:39:12 UTC,12.49,0.2796,0.0037,0.0,0.0004,0.04,10.73,MIN_PROFIT_TP_HIT,0.104
1164,TRUMP_USDT,SHORT,EMACrossover(5/13-SHORT),2,0.2,1.398,1.396,1.396,1.403,2026-08-12 22:43:59 UTC,2026-08-12 22:47:34 UTC,214.48,0.2796,0.0037,0.0,0.0004,0.04,10.73,MIN_PROFIT_TP_HIT,0.1044
1165,TRUMP_USDT,SHORT,EMACrossover(5/13-SHORT),2,0.2,1.394,1.399,1.392,1.399,2026-08-12 22:50:59 UTC,2026-08-12 22:59:46 UTC,526.49,0.2788,0.0037,0.0,-0.001,-0.09,-26.9,STOP_LOSS_HIT,0.1034
1166,TRUMP_USDT,SHORT,EMACrossover(5/13-SHORT),2,0.2,1.402,1.407,1.4,1.407,2026-08-12 23:25:59 UTC,2026-08-12 23:28:03 UTC,123.37,0.2804,0.0037,0.0,-0.001,-0.09,-26.75,STOP_LOSS_HIT,0.1024
1167,TRUMP_USDT,SHORT,EMACrossover(5/13-SHORT),2,0.2,1.401,1.406,1.399,1.406,2026-08-12 23:34:59 UTC,2026-08-12 23:36:18 UTC,78.77,0.2802,0.0037,0.0,-0.001,-0.09,-26.77,STOP_LOSS_HIT,0.1014
1168,TRUMP_USDT,LONG,EMACrossover(5/13-LONG),2,0.2,1.406,1.408,1.408,1.401,2026-08-12 23:37:59 UTC,2026-08-12 23:43:02 UTC,302.74,0.2812,0.0037,0.0,0.0004,0.04,10.67,MIN_PROFIT_TP_HIT,0.1018
1169,TRUMP_USDT,SHORT,EMACrossover(5/13-SHORT),2,0.2,1.404,1.409,1.402,1.409,2026-08-13 00:02:59 UTC,2026-08-13 00:15:31 UTC,751.54,0.2808,0.0037,0.0,-0.001,-0.09,-26.71,STOP_LOSS_HIT,0.1008
1170,TRUMP_USDT,SHORT,EMACrossover(5/13-SHORT),2,0.2,1.405,1.403,1.403,1.41,2026-08-13 00:33:59 UTC,2026-08-13 00:46:01 UTC,721.78,0.281,0.0037,0.0,0.0004,0.04,10.68,MIN_PROFIT_TP_HIT,0.1012
1171,TRUMP_USDT,LONG,EMACrossover(5/13-LONG),2,0.2,1.401,1.403,1.403,1.396,2026-08-13 01:15:59 UTC,2026-08-13 01:16:50 UTC,50.26,0.2802,0.0037,0.0,0.0004,0.04,10.71,MIN_PROFIT_TP_HIT,0.1016
1172,TRUMP_USDT,LONG,EMACrossover(5/13-LONG),2,0.2,1.402,1.397,1.404,1.397,2026-08-13 01:17:59 UTC,2026-08-13 01:25:49 UTC,469.18,0.2804,0.0037,0.0,-0.001,-0.09,-26.75,STOP_LOSS_HIT,0.1006
1173,TRUMP_USDT,LONG,EMACrossover(5/13-LONG),2,0.2,1.391,1.386,1.393,1.386,2026-08-13 01:56:59 UTC,2026-08-13 02:07:01 UTC,601.03,0.2782,0.0037,0.0,-0.001,-0.09,-26.96,STOP_LOSS_HIT,0.0996
1174,TRUMP_USDT,LONG,EMACrossover(5/13-LONG),2,0.2,1.39,1.392,1.392,1.385,2026-08-13 02:11:59 UTC,2026-08-13 02:15:29 UTC,209.42,0.278,0.0037,0.0,0.0004,0.04,10.79,MIN_PROFIT_TP_HIT,0.1
1175,TRUMP_USDT,SHORT,EMACrossover(5/13-SHORT),2,0.2,1.39,1.395,1.388,1.395,2026-08-13 02:32:59 UTC,2026-08-13 02:36:02 UTC,182.28,0.278,0.0037,0.0,-0.001,-0.09,-26.98,STOP_LOSS_HIT,0.099
1176,TRUMP_USDT,SHORT,EMACrossover(5/13-SHORT),2,0.2,1.392,1.397,1.39,1.397,2026-08-13 02:42:59 UTC,2026-08-13 02:53:46 UTC,646.4,0.2784,0.0037,0.0,-0.001,-0.09,-26.94,STOP_LOSS_HIT,0.098
1177,TRUMP_USDT,SHORT,EMACrossover(5/13-SHORT),2,0.2,1.394,1.399,1.392,1.399,2026-08-13 02:58:59 UTC,2026-08-13 03:19:19 UTC,1219.14,0.2788,0.0037,0.0,-0.001,-0.09,-26.9,STOP_LOSS_HIT,0.097
1178,TRUMP_USDT,SHORT,EMACrossover(5/13-SHORT),2,0.2,1.399,1.397,1.397,1.404,2026-08-13 03:37:59 UTC,2026-08-13 03:45:34 UTC,454.3,0.2798,0.0037,0.0,0.0004,0.04,10.72,MIN_PROFIT_TP_HIT,0.0974
1179,TRUMP_USDT,LONG,EMACrossover(5/13-LONG),2,0.2,1.397,1.399,1.399,1.392,2026-08-13 04:16:59 UTC,2026-08-13 04:19:14 UTC,134.01,0.2794,0.0037,0.0,0.0004,0.04,10.74,MIN_PROFIT_TP_HIT,0.0978
1180,TRUMP_USDT,SHORT,EMACrossover(5/13-SHORT),2,0.2,1.401,1.399,1.399,1.406,2026-08-13 04:54:59 UTC,2026-08-13 05:00:17 UTC,317.13,0.2802,0.0037,0.0,0.0004,0.04,10.71,MIN_PROFIT_TP_HIT,0.0982
1181,TRUMP_USDT,LONG,EMACrossover(5/13-LONG),2,0.2,1.397,1.399,1.399,1.392,2026-08-13 05:18:59 UTC,2026-08-13 05:23:28 UTC,268.11,0.2794,0.0037,0.0,0.0004,0.04,10.74,MIN_PROFIT_TP_HIT,0.0986
1182,TRUMP_USDT,SHORT,EMACrossover(5/13-SHORT),2,0.2,1.398,1.396,1.396,1.403,2026-08-13 05:33:59 UTC,2026-08-13 05:59:58 UTC,1558.15,0.2796,0.0037,0.0,0.0004,0.04,10.73,MIN_PROFIT_TP_HIT,0.099
1183,TRUMP_USDT,LONG,EMACrossover(5/13-LONG),2,0.2,1.398,1.4,1.4,1.393,2026-08-13 06:16:59 UTC,2026-08-13 06:18:23 UTC,83.0,0.2796,0.0037,0.0,0.0004,0.04,10.73,MIN_PROFIT_TP_HIT,0.0994
1184,TRUMP_USDT,SHORT,EMACrossover(5/13-SHORT),2,0.2,1.398,1.403,1.396,1.403,2026-08-13 06:28:59 UTC,2026-08-13 06:50:47 UTC,1307.74,0.2796,0.0037,0.0,-0.001,-0.09,-26.82,STOP_LOSS_HIT,0.0984
1185,TRUMP_USDT,SHORT,EMACrossover(5/13-SHORT),2,0.2,1.404,1.402,1.402,1.409,2026-08-13 07:05:59 UTC,2026-08-13 07:17:41 UTC,701.54,0.2808,0.0037,0.0,0.0004,0.04,10.68,MIN_PROFIT_TP_HIT,0.0988
1186,TRUMP_USDT,SHORT,EMACrossover(5/13-SHORT),2,0.2,1.402,1.4,1.4,1.407,2026-08-13 07:18:59 UTC,2026-08-13 07:48:02 UTC,1742.69,0.2804,0.0037,0.0,0.0004,0.04,10.7,MIN_PROFIT_TP_HIT,0.0992
1187,TRUMP_USDT,LONG,EMACrossover(5/13-LONG),2,0.2,1.398,1.4,1.4,1.393,2026-08-13 08:17:59 UTC,2026-08-13 08:22:35 UTC,275.7,0.2796,0.0037,0.0,0.0004,0.04,10.73,MIN_PROFIT_TP_HIT,0.0996
1188,TRUMP_USDT,SHORT,EMACrossover(5/13-SHORT),2,0.2,1.398,1.396,1.396,1.403,2026-08-13 08:48:59 UTC,2026-08-13 09:06:47 UTC,1067.0,0.2796,0.0037,0.0,0.0004,0.04,10.73,MIN_PROFIT_TP_HIT,0.1
1189,TRUMP_USDT,LONG,EMACrossover(5/13-LONG),2,0.2,1.399,1.401,1.401,1.394,2026-08-13 09:16:59 UTC,2026-08-13 09:27:19 UTC,619.62,0.2798,0.0037,0.0,0.0004,0.04,10.72,MIN_PROFIT_TP_HIT,0.1004
1190,TRUMP_USDT,SHORT,EMACrossover(5/13-SHORT),2,0.2,1.399,1.404,1.397,1.404,2026-08-13 09:34:59 UTC,2026-08-13 09:56:58 UTC,1318.66,0.2798,0.0037,0.0,-0.001,-0.09,-26.8,STOP_LOSS_HIT,0.0994
1191,TRUMP_USDT,SHORT,EMACrossover(5/13-SHORT),2,0.2,1.4,1.398,1.398,1.405,2026-08-13 10:03:59 UTC,2026-08-13 10:08:12 UTC,252.52,0.28,0.0037,0.0,0.0004,0.04,10.71,MIN_PROFIT_TP_HIT,0.0998
1192,TRUMP_USDT,LONG,EMACrossover(5/13-LONG),2,0.2,1.4,1.402,1.402,1.395,2026-08-13 10:22:59 UTC,2026-08-13 10:25:24 UTC,144.82,0.28,0.0037,0.0,0.0004,0.04,10.71,MIN_PROFIT_TP_HIT,0.1002
1193,TRUMP_USDT,SHORT,EMACrossover(5/13-SHORT),2,0.2,1.395,1.393,1.393,1.4,2026-08-13 10:28:59 UTC,2026-08-13 11:20:47 UTC,3107.8,0.279,0.0037,0.0,0.0004,0.04,10.75,MIN_PROFIT_TP_HIT,0.1006
1194,TRUMP_USDT,LONG,EMACrossover(5/13-LONG),2,0.2,1.396,1.398,1.398,1.391,2026-08-13 11:28:59 UTC,2026-08-13 11:29:13 UTC,13.74,0.2792,0.0037,0.0,0.0004,0.04,10.74,MIN_PROFIT_TP_HIT,0.101
1195,TRUMP_USDT,SHORT,EMACrossover(5/13-SHORT),2,0.2,1.394,1.392,1.392,1.399,2026-08-13 11:43:59 UTC,2026-08-13 11:51:27 UTC,447.29,0.2788,0.0037,0.0,0.0004,0.04,10.76,MIN_PROFIT_TP_HIT,0.1014
1196,TRUMP_USDT,LONG,EMACrossover(5/13-LONG),2,0.2,1.396,1.398,1.398,1.391,2026-08-13 11:58:59 UTC,2026-08-13 12:12:24 UTC,804.4,0.2792,0.0037,0.0,0.0004,0.04,10.74,MIN_PROFIT_TP_HIT,0.1018
1197,TRUMP_USDT,SHORT,EMACrossover(5/13-SHORT),2,0.2,1.396,1.401,1.394,1.401,2026-08-13 12:24:59 UTC,2026-08-13 12:30:06 UTC,306.7,0.2792,0.0037,0.0,-0.001,-0.09,-26.86,STOP_LOSS_HIT,0.1008
1198,TRUMP_USDT,SHORT,EMACrossover(5/13-SHORT),2,0.2,1.395,1.393,1.393,1.4,2026-08-13 12:41:59 UTC,2026-08-13 12:46:02 UTC,242.46,0.279,0.0037,0.0,0.0004,0.04,10.75,MIN_PROFIT_TP_HIT,0.1012
1199,TRUMP_USDT,LONG,EMACrossover(5/13-LONG),2,0.2,1.396,1.398,1.398,1.391,2026-08-13 13:03:59 UTC,2026-08-13 13:07:04 UTC,184.87,0.2792,0.0037,0.0,0.0004,0.04,10.74,MIN_PROFIT_TP_HIT,0.1016
1200,TRUMP_USDT,SHORT,EMACrossover(5/13-SHORT),2,0.2,1.396,1.394,1.394,1.401,2026-08-13 13:17:59 UTC,2026-08-13 13:25:09 UTC,429.06,0.2792,0.0037,0.0,0.0004,0.04,10.74,MIN_PROFIT_TP_HIT,0.102
1201,TRUMP_USDT,SHORT,EMACrossover(5/13-SHORT),2,0.2,1.395,1.393,1.393,1.4,2026-08-13 13:26:59 UTC,2026-08-13 13:31:41 UTC,281.33,0.279,0.0037,0.0,0.0004,0.04,10.75,MIN_PROFIT_TP_HIT,0.1024
1202,TRUMP_USDT,LONG,EMACrossover(5/13-LONG),2,0.2,1.397,1.399,1.399,1.392,2026-08-13 13:36:59 UTC,2026-08-13 13:44:02 UTC,422.33,0.2794,0.0037,0.0,0.0004,0.04,10.74,MIN_PROFIT_TP_HIT,0.1028
1203,TRUMP_USDT,SHORT,EMACrossover(5/13-SHORT),2,0.2,1.397,1.402,1.395,1.402,2026-08-13 13:56:59 UTC,2026-08-13 14:15:54 UTC,1134.77,0.2794,0.0037,0.0,-0.001,-0.09,-26.84,STOP_LOSS_HIT,0.1018
1204,TRUMP_USDT,SHORT,EMACrossover(5/13-SHORT),2,0.2,1.404,1.402,1.402,1.409,2026-08-13 14:47:59 UTC,2026-08-13 14:48:16 UTC,16.76,0.2808,0.0037,0.0,0.0004,0.04,10.68,MIN_PROFIT_TP_HIT,0.1022
1205,TRUMP_USDT,LONG,EMACrossover(5/13-LONG),2,0.2,1.404,1.399,1.406,1.399,2026-08-13 15:03:59 UTC,2026-08-13 15:09:12 UTC,312.73,0.2808,0.0037,0.0,-0.001,-0.09,-26.71,STOP_LOSS_HIT,0.1012
1206,TRUMP_USDT,LONG,EMACrossover(5/13-LONG),2,0.2,1.401,1.396,1.403,1.396,2026-08-13 15:21:59 UTC,2026-08-13 15:27:30 UTC,330.71,0.2802,0.0037,0.0,-0.001,-0.09,-26.77,STOP_LOSS_HIT,0.1002
1207,TRUMP_USDT,LONG,EMACrossover(5/13-LONG),2,0.2,1.391,1.393,1.393,1.386,2026-08-13 15:51:59 UTC,2026-08-13 15:56:07 UTC,247.6,0.2782,0.0037,0.0,0.0004,0.04,10.78,MIN_PROFIT_TP_HIT,0.1006
1208,TRUMP_USDT,LONG,EMACrossover(5/13-LONG),2,0.2,1.39,1.392,1.392,1.385,2026-08-13 16:18:59 UTC,2026-08-13 16:21:04 UTC,124.55,0.278,0.0037,0.0,0.0004,0.04,10.79,MIN_PROFIT_TP_HIT,0.101
1209,TRUMP_USDT,SHORT,EMACrossover(5/13-SHORT),2,0.2,1.383,1.388,1.381,1.388,2026-08-13 16:28:59 UTC,2026-08-13 16:30:48 UTC,108.13,0.2766,0.0037,0.0,-0.001,-0.09,-27.11,STOP_LOSS_HIT,0.1
1210,TRUMP_USDT,LONG,EMACrossover(5/13-LONG),2,0.2,1.38,1.382,1.382,1.375,2026-08-13 17:02:59 UTC,2026-08-13 17:03:08 UTC,8.97,0.276,0.0037,0.0,0.0004,0.04,10.87,MIN_PROFIT_TP_HIT,0.1004
1211,TRUMP_USDT,SHORT,EMACrossover(5/13-SHORT),2,0.2,1.379,1.384,1.377,1.384,2026-08-13 17:19:59 UTC,2026-08-13 17:21:32 UTC,92.18,0.2758,0.0037,0.0,-0.001,-0.09,-27.19,STOP_LOSS_HIT,0.0994
1212,TRUMP_USDT,LONG,EMACrossover(5/13-LONG),2,0.2,1.382,1.377,1.384,1.377,2026-08-13 17:22:59 UTC,2026-08-13 18:22:06 UTC,3546.71,0.2764,0.0037,0.0,-0.001,-0.09,-27.13,STOP_LOSS_HIT,0.0984
1213,TRUMP_USDT,LONG,EMACrossover(5/13-LONG),2,0.2,1.377,1.379,1.379,1.372,2026-08-13 18:47:59 UTC,2026-08-13 18:50:46 UTC,166.34,0.2754,0.0037,0.0,0.0004,0.04,10.89,MIN_PROFIT_TP_HIT,0.0988
1214,TRUMP_USDT,SHORT,EMACrossover(5/13-SHORT),2,0.2,1.38,1.385,1.378,1.385,2026-08-13 19:12:59 UTC,2026-08-13 19:35:36 UTC,1356.57,0.276,0.0037,0.0,-0.001,-0.09,-27.17,STOP_LOSS_HIT,0.0978
1215,TRUMP_USDT,LONG,EMACrossover(5/13-LONG),2,0.2,1.383,1.385,1.385,1.378,2026-08-13 19:36:59 UTC,2026-08-13 19:39:04 UTC,124.27,0.2766,0.0037,0.0,0.0004,0.04,10.85,MIN_PROFIT_TP_HIT,0.0982
1216,TRUMP_USDT,SHORT,EMACrossover(5/13-SHORT),2,0.2,1.383,1.388,1.381,1.388,2026-08-13 19:53:59 UTC,2026-08-13 21:48:25 UTC,6865.93,0.2766,0.0037,0.0,-0.001,-0.09,-27.11,STOP_LOSS_HIT,0.0972
1217,TRUMP_USDT,SHORT,EMACrossover(5/13-SHORT),2,0.2,1.388,1.393,1.386,1.393,2026-08-13 22:19:59 UTC,2026-08-13 23:20:12 UTC,3612.18,0.2776,0.0037,0.0,-0.001,-0.09,-27.02,STOP_LOSS_HIT,0.0962
1218,TRUMP_USDT,SHORT,EMACrossover(5/13-SHORT),2,0.2,1.391,1.396,1.389,1.396,2026-08-13 23:30:59 UTC,2026-08-13 23:39:20 UTC,500.2,0.2782,0.0037,0.0,-0.001,-0.09,-26.96,STOP_LOSS_HIT,0.0952
1219,TRUMP_USDT,SHORT,EMACrossover(5/13-SHORT),2,0.2,1.393,1.398,1.391,1.398,2026-08-13 23:51:59 UTC,2026-08-14 00:02:53 UTC,653.03,0.2786,0.0037,0.0,-0.001,-0.09,-26.92,STOP_LOSS_HIT,0.0942
1220,TRUMP_USDT,SHORT,EMACrossover(5/13-SHORT),2,0.2,1.395,1.393,1.393,1.4,2026-08-14 00:11:59 UTC,2026-08-14 00:31:12 UTC,1152.9,0.279,0.0037,0.0,0.0004,0.04,10.75,MIN_PROFIT_TP_HIT,0.0946
1221,TRUMP_USDT,LONG,EMACrossover(5/13-LONG),2,0.2,1.397,1.399,1.399,1.392,2026-08-14 00:39:59 UTC,2026-08-14 00:44:13 UTC,253.17,0.2794,0.0037,0.0,0.0004,0.04,10.74,MIN_PROFIT_TP_HIT,0.095
1222,TRUMP_USDT,SHORT,EMACrossover(5/13-SHORT),2,0.2,1.397,1.395,1.395,1.402,2026-08-14 00:59:59 UTC,2026-08-14 01:08:15 UTC,495.25,0.2794,0.0037,0.0,0.0004,0.04,10.74,MIN_PROFIT_TP_HIT,0.0954
1223,TRUMP_USDT,LONG,EMACrossover(5/13-LONG),2,0.2,1.397,1.399,1.399,1.392,2026-08-14 01:21:59 UTC,2026-08-14 01:37:35 UTC,935.25,0.2794,0.0037,0.0,0.0004,0.04,10.74,MIN_PROFIT_TP_HIT,0.0958
1224,TRUMP_USDT,SHORT,EMACrossover(5/13-SHORT),2,0.2,1.399,1.397,1.397,1.404,2026-08-14 01:55:59 UTC,2026-08-14 01:56:37 UTC,37.34,0.2798,0.0037,0.0,0.0004,0.04,10.72,MIN_PROFIT_TP_HIT,0.0962
1225,TRUMP_USDT,LONG,EMACrossover(5/13-LONG),2,0.2,1.395,1.397,1.397,1.39,2026-08-14 02:34:59 UTC,2026-08-14 02:48:47 UTC,827.55,0.279,0.0037,0.0,0.0004,0.04,10.75,MIN_PROFIT_TP_HIT,0.0966
1226,TRUMP_USDT,LONG,EMACrossover(5/13-LONG),2,0.2,1.397,1.399,1.399,1.392,2026-08-14 02:49:59 UTC,2026-08-14 03:19:18 UTC,1758.77,0.2794,0.0037,0.0,0.0004,0.04,10.74,MIN_PROFIT_TP_HIT,0.097
1227,TRUMP_USDT,SHORT,EMACrossover(5/13-SHORT),2,0.2,1.397,1.395,1.395,1.402,2026-08-14 03:27:59 UTC,2026-08-14 03:29:35 UTC,95.43,0.2794,0.0037,0.0,0.0004,0.04,10.74,MIN_PROFIT_TP_HIT,0.0974
1228,TRUMP_USDT,LONG,EMACrossover(5/13-LONG),2,0.2,1.39,1.392,1.392,1.385,2026-08-14 03:57:59 UTC,2026-08-14 04:06:12 UTC,492.45,0.278,0.0037,0.0,0.0004,0.04,10.79,MIN_PROFIT_TP_HIT,0.0978
1229,TRUMP_USDT,SHORT,EMACrossover(5/13-SHORT),2,0.2,1.392,1.39,1.39,1.397,2026-08-14 04:39:59 UTC,2026-08-14 04:44:44 UTC,284.87,0.2784,0.0037,0.0,0.0004,0.04,10.78,MIN_PROFIT_TP_HIT,0.0982
1230,TRUMP_USDT,LONG,EMACrossover(5/13-LONG),2,0.2,1.392,1.387,1.394,1.387,2026-08-14 05:02:59 UTC,2026-08-14 05:15:14 UTC,734.81,0.2784,0.0037,0.0,-0.001,-0.09,-26.94,STOP_LOSS_HIT,0.0972
1231,TRUMP_USDT,LONG,EMACrossover(5/13-LONG),2,0.2,1.388,1.383,1.39,1.383,2026-08-14 05:31:59 UTC,2026-08-14 06:28:16 UTC,3376.96,0.2776,0.0037,0.0,-0.001,-0.09,-27.02,STOP_LOSS_HIT,0.0962
1232,TRUMP_USDT,LONG,EMACrossover(5/13-LONG),2,0.2,1.384,1.386,1.386,1.379,2026-08-14 06:37:59 UTC,2026-08-14 06:40:21 UTC,141.75,0.2768,0.0037,0.0,0.0004,0.04,10.84,MIN_PROFIT_TP_HIT,0.0966
1233,TRUMP_USDT,LONG,EMACrossover(5/13-LONG),2,0.2,1.386,1.388,1.388,1.381,2026-08-14 06:41:59 UTC,2026-08-14 06:56:07 UTC,847.95,0.2772,0.0037,0.0,0.0004,0.04,10.82,MIN_PROFIT_TP_HIT,0.097
1234,TRUMP_USDT,SHORT,EMACrossover(5/13-SHORT),2,0.2,1.385,1.383,1.383,1.39,2026-08-14 07:01:59 UTC,2026-08-14 07:31:42 UTC,1782.2,0.277,0.0037,0.0,0.0004,0.04,10.83,MIN_PROFIT_TP_HIT,0.0974
1235,TRUMP_USDT,LONG,EMACrossover(5/13-LONG),2,0.2,1.384,1.386,1.386,1.379,2026-08-14 07:48:59 UTC,2026-08-14 07:50:48 UTC,108.54,0.2768,0.0037,0.0,0.0004,0.04,10.84,MIN_PROFIT_TP_HIT,0.0978
1236,TRUMP_USDT,SHORT,EMACrossover(5/13-SHORT),2,0.2,1.385,1.39,1.383,1.39,2026-08-14 07:59:59 UTC,2026-08-14 08:09:35 UTC,575.78,0.277,0.0037,0.0,-0.001,-0.09,-27.08,STOP_LOSS_HIT,0.0968
1237,TRUMP_USDT,SHORT,EMACrossover(5/13-SHORT),2,0.2,1.39,1.395,1.388,1.395,2026-08-14 08:24:59 UTC,2026-08-14 08:38:24 UTC,804.89,0.278,0.0037,0.0,-0.001,-0.09,-26.98,STOP_LOSS_HIT,0.0958
1238,TRUMP_USDT,SHORT,EMACrossover(5/13-SHORT),2,0.2,1.391,1.389,1.389,1.396,2026-08-14 08:43:59 UTC,2026-08-14 08:47:04 UTC,184.73,0.2782,0.0037,0.0,0.0004,0.04,10.78,MIN_PROFIT_TP_HIT,0.0962
1239,TRUMP_USDT,LONG,EMACrossover(5/13-LONG),2,0.2,1.391,1.386,1.393,1.386,2026-08-14 09:00:59 UTC,2026-08-14 09:21:41 UTC,1241.99,0.2782,0.0037,0.0,-0.001,-0.09,-26.96,STOP_LOSS_HIT,0.0952
1240,TRUMP_USDT,LONG,EMACrossover(5/13-LONG),2,0.2,1.389,1.384,1.391,1.384,2026-08-14 09:28:59 UTC,2026-08-14 09:41:48 UTC,768.65,0.2778,0.0037,0.0,-0.001,-0.09,-27.0,STOP_LOSS_HIT,0.0942
1241,TRUMP_USDT,LONG,EMACrossover(5/13-LONG),2,0.2,1.382,1.377,1.384,1.377,2026-08-14 10:11:59 UTC,2026-08-14 10:24:18 UTC,738.44,0.2764,0.0037,0.0,-0.001,-0.09,-27.13,STOP_LOSS_HIT,0.0932
1242,TRUMP_USDT,LONG,EMACrossover(5/13-LONG),2,0.2,1.381,1.383,1.383,1.376,2026-08-14 10:31:59 UTC,2026-08-14 10:34:30 UTC,150.01,0.2762,0.0037,0.0,0.0004,0.04,10.86,MIN_PROFIT_TP_HIT,0.0936
1243,TRUMP_USDT,SHORT,EMACrossover(5/13-SHORT),2,0.2,1.382,1.38,1.38,1.387,2026-08-14 10:54:59 UTC,2026-08-14 10:56:27 UTC,87.53,0.2764,0.0037,0.0,0.0004,0.04,10.85,MIN_PROFIT_TP_HIT,0.094
1244,TRUMP_USDT,LONG,EMACrossover(5/13-LONG),2,0.2,1.383,1.378,1.385,1.378,2026-08-14 11:04:59 UTC,2026-08-14 11:48:28 UTC,2608.65,0.2766,0.0037,0.0,-0.001,-0.09,-27.11,STOP_LOSS_HIT,0.093
1245,TRUMP_USDT,LONG,EMACrossover(5/13-LONG),2,0.2,1.379,1.381,1.381,1.374,2026-08-14 11:57:59 UTC,2026-08-14 12:00:36 UTC,156.95,0.2758,0.0037,0.0,0.0004,0.04,10.88,MIN_PROFIT_TP_HIT,0.0934
1246,TRUMP_USDT,LONG,EMACrossover(5/13-LONG),2,0.2,1.381,1.376,1.383,1.376,2026-08-14 12:01:59 UTC,2026-08-14 12:09:40 UTC,460.12,0.2762,0.0037,0.0,-0.001,-0.09,-27.15,STOP_LOSS_HIT,0.0924
1247,TRUMP_USDT,LONG,EMACrossover(5/13-LONG),2,0.2,1.379,1.374,1.381,1.374,2026-08-14 12:17:59 UTC,2026-08-14 12:37:13 UTC,1153.43,0.2758,0.0037,0.0,-0.001,-0.09,-27.19,STOP_LOSS_HIT,0.0914
1248,TRUMP_USDT,LONG,EMACrossover(5/13-LONG),2,0.2,1.377,1.379,1.379,1.372,2026-08-14 12:47:59 UTC,2026-08-14 12:50:06 UTC,126.93,0.2754,0.0037,0.0,0.0004,0.04,10.89,MIN_PROFIT_TP_HIT,0.0918
1249,TRUMP_USDT,SHORT,EMACrossover(5/13-SHORT),2,0.2,1.378,1.376,1.376,1.383,2026-08-14 12:55:59 UTC,2026-08-14 12:56:58 UTC,58.38,0.2756,0.0037,0.0,0.0004,0.04,10.89,MIN_PROFIT_TP_HIT,0.0922
1250,TRUMP_USDT,SHORT,EMACrossover(5/13-SHORT),2,0.2,1.376,1.374,1.374,1.381,2026-08-14 12:58:59 UTC,2026-08-14 13:11:01 UTC,721.73,0.2752,0.0037,0.0,0.0004,0.04,10.9,MIN_PROFIT_TP_HIT,0.0926
1251,TRUMP_USDT,SHORT,EMACrossover(5/13-SHORT),2,0.2,1.373,1.371,1.371,1.378,2026-08-14 13:12:59 UTC,2026-08-14 13:13:10 UTC,10.46,0.2746,0.0037,0.0,0.0004,0.04,10.92,MIN_PROFIT_TP_HIT,0.093
1252,TRUMP_USDT,LONG,EMACrossover(5/13-LONG),2,0.2,1.376,1.378,1.378,1.371,2026-08-14 13:28:59 UTC,2026-08-14 13:36:03 UTC,423.25,0.2752,0.0037,0.0,0.0004,0.04,10.9,MIN_PROFIT_TP_HIT,0.0934
1253,TRUMP_USDT,SHORT,EMACrossover(5/13-SHORT),2,0.2,1.383,1.381,1.381,1.388,2026-08-14 14:15:59 UTC,2026-08-14 14:25:24 UTC,564.99,0.2766,0.0037,0.0,0.0004,0.04,10.85,MIN_PROFIT_TP_HIT,0.0938
1254,TRUMP_USDT,SHORT,EMACrossover(5/13-SHORT),2,0.2,1.38,1.378,1.378,1.385,2026-08-14 14:26:59 UTC,2026-08-14 14:29:02 UTC,122.88,0.276,0.0037,0.0,0.0004,0.04,10.87,MIN_PROFIT_TP_HIT,0.0942
1255,TRUMP_USDT,LONG,EMACrossover(5/13-LONG),2,0.2,1.382,1.384,1.384,1.377,2026-08-14 14:38:59 UTC,2026-08-14 14:41:09 UTC,129.93,0.2764,0.0037,0.0,0.0004,0.04,10.85,MIN_PROFIT_TP_HIT,0.0946
1256,TRUMP_USDT,SHORT,EMACrossover(5/13-SHORT),2,0.2,1.382,1.38,1.38,1.387,2026-08-14 14:52:59 UTC,2026-08-14 14:53:20 UTC,20.14,0.2764,0.0037,0.0,0.0004,0.04,10.85,MIN_PROFIT_TP_HIT,0.095
1257,TRUMP_USDT,LONG,EMACrossover(5/13-LONG),2,0.2,1.38,1.382,1.382,1.375,2026-08-14 15:08:59 UTC,2026-08-14 15:09:38 UTC,38.88,0.276,0.0037,0.0,0.0004,0.04,10.87,MIN_PROFIT_TP_HIT,0.0954
1258,TRUMP_USDT,SHORT,EMACrossover(5/13-SHORT),2,0.2,1.379,1.384,1.377,1.384,2026-08-14 15:19:59 UTC,2026-08-14 15:23:31 UTC,211.4,0.2758,0.0037,0.0,-0.001,-0.09,-27.19,STOP_LOSS_HIT,0.0944
1259,TRUMP_USDT,SHORT,EMACrossover(5/13-SHORT),2,0.2,1.416,1.414,1.414,1.421,2026-08-14 16:46:59 UTC,2026-08-14 16:47:34 UTC,34.39,0.2832,0.0038,0.0,0.0004,0.04,10.59,MIN_PROFIT_TP_HIT,0.0948
1260,TRUMP_USDT,LONG,EMACrossover(5/13-LONG),2,0.2,1.421,1.423,1.423,1.416,2026-08-14 16:51:59 UTC,2026-08-14 17:00:13 UTC,493.3,0.2842,0.0038,0.0,0.0004,0.04,10.56,MIN_PROFIT_TP_HIT,0.0952
1261,TRUMP_USDT,SHORT,EMACrossover(5/13-SHORT),2,0.2,1.419,1.424,1.417,1.424,2026-08-14 17:08:59 UTC,2026-08-14 17:13:37 UTC,277.58,0.2838,0.0038,0.0,-0.001,-0.09,-26.43,STOP_LOSS_HIT,0.0942
1262,TRUMP_USDT,LONG,EMACrossover(5/13-LONG),2,0.2,1.425,1.427,1.427,1.42,2026-08-14 17:14:59 UTC,2026-08-14 17:15:59 UTC,59.92,0.285,0.0038,0.0,0.0004,0.04,10.53,MIN_PROFIT_TP_HIT,0.0946
1263,TRUMP_USDT,SHORT,EMACrossover(5/13-SHORT),2,0.2,1.427,1.425,1.425,1.432,2026-08-14 17:31:59 UTC,2026-08-14 17:34:17 UTC,137.1,0.2854,0.0038,0.0,0.0004,0.04,10.51,MIN_PROFIT_TP_HIT,0.095
1264,TRUMP_USDT,LONG,EMACrossover(5/13-LONG),2,0.2,1.428,1.43,1.43,1.423,2026-08-14 17:42:59 UTC,2026-08-14 17:46:25 UTC,205.56,0.2856,0.0038,0.0,0.0004,0.04,10.5,MIN_PROFIT_TP_HIT,0.0954
1265,TRUMP_USDT,SHORT,EMACrossover(5/13-SHORT),2,0.2,1.426,1.424,1.424,1.431,2026-08-14 17:53:59 UTC,2026-08-14 17:55:43 UTC,103.67,0.2852,0.0038,0.0,0.0004,0.04,10.52,MIN_PROFIT_TP_HIT,0.0958
1266,TRUMP_USDT,SHORT,EMACrossover(5/13-SHORT),2,0.2,1.421,1.419,1.419,1.426,2026-08-14 17:56:59 UTC,2026-08-14 17:57:15 UTC,15.53,0.2842,0.0038,0.0,0.0004,0.04,10.56,MIN_PROFIT_TP_HIT,0.0962
1267,TRUMP_USDT,LONG,EMACrossover(5/13-LONG),2,0.2,1.428,1.423,1.43,1.423,2026-08-14 18:04:59 UTC,2026-08-14 18:09:12 UTC,252.36,0.2856,0.0038,0.0,-0.001,-0.09,-26.26,STOP_LOSS_HIT,0.0952
1268,TRUMP_USDT,SHORT,EMACrossover(5/13-SHORT),2,0.2,1.421,1.419,1.419,1.426,2026-08-14 18:10:59 UTC,2026-08-14 18:13:22 UTC,142.95,0.2842,0.0038,0.0,0.0004,0.04,10.56,MIN_PROFIT_TP_HIT,0.0956
1269,TRUMP_USDT,LONG,EMACrossover(5/13-LONG),2,0.2,1.427,1.429,1.429,1.422,2026-08-14 18:18:59 UTC,2026-08-14 18:23:00 UTC,240.0,0.2854,0.0038,0.0,0.0004,0.04,10.51,MIN_PROFIT_TP_HIT,0.096
1270,TRUMP_USDT,SHORT,EMACrossover(5/13-SHORT),2,0.2,1.422,1.42,1.42,1.427,2026-08-14 18:31:59 UTC,2026-08-14 18:32:09 UTC,9.45,0.2844,0.0038,0.0,0.0004,0.04,10.55,MIN_PROFIT_TP_HIT,0.0964
1271,TRUMP_USDT,LONG,EMACrossover(5/13-LONG),2,0.2,1.426,1.421,1.428,1.421,2026-08-14 18:41:59 UTC,2026-08-14 18:47:54 UTC,354.79,0.2852,0.0038,0.0,-0.001,-0.09,-26.3,STOP_LOSS_HIT,0.0954
1272,TRUMP_USDT,SHORT,EMACrossover(5/13-SHORT),2,0.2,1.42,1.425,1.418,1.425,2026-08-14 18:48:59 UTC,2026-08-14 18:52:46 UTC,226.59,0.284,0.0038,0.0,-0.001,-0.09,-26.41,STOP_LOSS_HIT,0.0944
1273,TRUMP_USDT,LONG,EMACrossover(5/13-LONG),2,0.2,1.427,1.429,1.429,1.422,2026-08-14 18:54:59 UTC,2026-08-14 18:57:00 UTC,120.34,0.2854,0.0038,0.0,0.0004,0.04,10.51,MIN_PROFIT_TP_HIT,0.0948
1274,TRUMP_USDT,SHORT,EMACrossover(5/13-SHORT),2,0.2,1.424,1.422,1.422,1.429,2026-08-14 19:04:59 UTC,2026-08-14 19:19:30 UTC,870.04,0.2848,0.0038,0.0,0.0004,0.04,10.53,MIN_PROFIT_TP_HIT,0.0952
1275,TRUMP_USDT,SHORT,EMACrossover(5/13-SHORT),2,0.2,1.425,1.423,1.423,1.43,2026-08-14 19:20:59 UTC,2026-08-14 19:24:54 UTC,234.37,0.285,0.0038,0.0,0.0004,0.04,10.53,MIN_PROFIT_TP_HIT,0.0956
1276,TRUMP_USDT,SHORT,EMACrossover(5/13-SHORT),2,0.2,1.425,1.423,1.423,1.43,2026-08-14 19:25:59 UTC,2026-08-14 19:27:03 UTC,63.87,0.285,0.0038,0.0,0.0004,0.04,10.53,MIN_PROFIT_TP_HIT,0.096
1277,TRUMP_USDT,LONG,EMACrossover(5/13-LONG),2,0.2,1.426,1.428,1.428,1.421,2026-08-14 19:37:59 UTC,2026-08-14 19:57:03 UTC,1143.15,0.2852,0.0038,0.0,0.0004,0.04,10.52,MIN_PROFIT_TP_HIT,0.0964
1278,TRUMP_USDT,SHORT,EMACrossover(5/13-SHORT),2,0.2,1.446,1.451,1.444,1.451,2026-08-14 20:47:59 UTC,2026-08-14 20:48:49 UTC,49.08,0.2892,0.0039,0.0,-0.001,-0.09,-25.93,STOP_LOSS_HIT,0.0954
1279,TRUMP_USDT,LONG,EMACrossover(5/13-LONG),2,0.2,1.454,1.449,1.456,1.449,2026-08-14 20:50:59 UTC,2026-08-14 20:53:26 UTC,146.51,0.2908,0.0039,0.0,-0.001,-0.09,-25.79,STOP_LOSS_HIT,0.0944
1280,TRUMP_USDT,SHORT,EMACrossover(5/13-SHORT),2,0.2,1.449,1.447,1.447,1.454,2026-08-14 20:55:59 UTC,2026-08-14 20:57:23 UTC,83.5,0.2898,0.0039,0.0,0.0004,0.04,10.35,MIN_PROFIT_TP_HIT,0.0948
1281,TRUMP_USDT,LONG,EMACrossover(5/13-LONG),2,0.2,1.451,1.446,1.453,1.446,2026-08-14 21:02:59 UTC,2026-08-14 21:03:19 UTC,19.41,0.2902,0.0039,0.0,-0.001,-0.09,-25.84,STOP_LOSS_HIT,0.0938
1282,TRUMP_USDT,SHORT,EMACrossover(5/13-SHORT),2,0.2,1.447,1.445,1.445,1.452,2026-08-14 21:04:59 UTC,2026-08-14 21:08:35 UTC,215.23,0.2894,0.0039,0.0,0.0004,0.04,10.37,MIN_PROFIT_TP_HIT,0.0942
1283,TRUMP_USDT,LONG,EMACrossover(5/13-LONG),2,0.2,1.43,1.432,1.432,1.425,2026-08-14 21:52:59 UTC,2026-08-14 21:58:25 UTC,325.92,0.286,0.0038,0.0,0.0004,0.04,10.49,MIN_PROFIT_TP_HIT,0.0946
1284,TRUMP_USDT,LONG,EMACrossover(5/13-LONG),2,0.2,1.433,1.428,1.435,1.428,2026-08-14 22:01:59 UTC,2026-08-14 22:06:40 UTC,280.89,0.2866,0.0038,0.0,-0.001,-0.09,-26.17,STOP_LOSS_HIT,0.0936
1285,TRUMP_USDT,SHORT,EMACrossover(5/13-SHORT),2,0.2,1.428,1.426,1.426,1.433,2026-08-14 22:07:59 UTC,2026-08-14 22:13:43 UTC,343.69,0.2856,0.0038,0.0,0.0004,0.04,10.5,MIN_PROFIT_TP_HIT,0.094
1286,TRUMP_USDT,SHORT,EMACrossover(5/13-SHORT),2,0.2,1.425,1.423,1.423,1.43,2026-08-14 22:14:59 UTC,2026-08-14 22:15:50 UTC,50.94,0.285,0.0038,0.0,0.0004,0.04,10.53,MIN_PROFIT_TP_HIT,0.0944
1287,TRUMP_USDT,LONG,EMACrossover(5/13-LONG),2,0.2,1.423,1.425,1.425,1.418,2026-08-14 22:37:59 UTC,2026-08-14 23:01:43 UTC,1423.22,0.2846,0.0038,0.0,0.0004,0.04,10.54,MIN_PROFIT_TP_HIT,0.0948
1288,TRUMP_USDT,SHORT,EMACrossover(5/13-SHORT),2,0.2,1.428,1.433,1.426,1.433,2026-08-14 23:36:59 UTC,2026-08-14 23:41:14 UTC,254.44,0.2856,0.0038,0.0,-0.001,-0.09,-26.26,STOP_LOSS_HIT,0.0938
1289,TRUMP_USDT,SHORT,EMACrossover(5/13-SHORT),2,0.2,1.431,1.436,1.429,1.436,2026-08-14 23:55:59 UTC,2026-08-15 00:05:21 UTC,561.81,0.2862,0.0038,0.0,-0.001,-0.09,-26.21,STOP_LOSS_HIT,0.0928
