trade_id,symbol,direction,sub_strategy_name,vol_contracts,underlying_quantity,entry_price,exit_price,min_profit_tp_price,stop_loss_price,open_time,close_time,duration_seconds,notional_value_usdt,margin_used_usdt,fee_total_usdt,realized_pnl_usdt,realized_pnl_inr,roe_percentage,exit_reason,balance_after_trade_usdt
1,TRUMP_USDT,SHORT,EMACrossover(5/13-SHORT),2,0.2,1.409,1.407,1.407,1.414,2026-08-16 00:41:59 UTC,2026-08-16 00:49:08 UTC,428.04,0.2818,0.0038,0.0,0.0004,0.04,10.65,MIN_PROFIT_TP_HIT,0.0704
2,TRUMP_USDT,LONG,EMACrossover(5/13-LONG),2,0.2,1.409,1.411,1.411,1.404,2026-08-16 00:54:59 UTC,2026-08-16 00:56:17 UTC,77.18,0.2818,0.0038,0.0,0.0004,0.04,10.65,MIN_PROFIT_TP_HIT,0.0708
3,TRUMP_USDT,SHORT,EMACrossover(5/13-SHORT),2,0.2,1.405,1.403,1.403,1.41,2026-08-16 01:10:59 UTC,2026-08-16 01:13:56 UTC,176.13,0.281,0.0037,0.0,0.0004,0.04,10.68,MIN_PROFIT_TP_HIT,0.0712
4,TRUMP_USDT,LONG,EMACrossover(5/13-LONG),2,0.2,1.396,1.391,1.398,1.391,2026-08-16 01:46:59 UTC,2026-08-16 02:10:43 UTC,1423.22,0.2792,0.0037,0.0,-0.001,-0.09,-26.86,STOP_LOSS_HIT,0.0702
5,TRUMP_USDT,LONG,EMACrossover(5/13-LONG),2,0.2,1.394,1.396,1.396,1.389,2026-08-16 02:22:59 UTC,2026-08-16 02:25:21 UTC,141.14,0.2788,0.0037,0.0,0.0004,0.04,10.76,MIN_PROFIT_TP_HIT,0.0706
6,TRUMP_USDT,SHORT,EMACrossover(5/13-SHORT),2,0.2,1.394,1.392,1.392,1.399,2026-08-16 02:39:59 UTC,2026-08-16 02:51:15 UTC,675.39,0.2788,0.0037,0.0,0.0004,0.04,10.76,MIN_PROFIT_TP_HIT,0.071
7,TRUMP_USDT,LONG,EMACrossover(5/13-LONG),2,0.2,1.394,1.396,1.396,1.389,2026-08-16 03:04:59 UTC,2026-08-16 03:11:46 UTC,406.22,0.2788,0.0037,0.0,0.0004,0.04,10.76,MIN_PROFIT_TP_HIT,0.0714
8,TRUMP_USDT,SHORT,EMACrossover(5/13-SHORT),2,0.2,1.392,1.397,1.39,1.397,2026-08-16 03:14:59 UTC,2026-08-16 03:30:45 UTC,945.88,0.2784,0.0037,0.0,-0.001,-0.09,-26.94,STOP_LOSS_HIT,0.0704
9,TRUMP_USDT,SHORT,EMACrossover(5/13-SHORT),2,0.2,1.396,1.394,1.394,1.401,2026-08-16 03:43:59 UTC,2026-08-16 03:47:55 UTC,235.31,0.2792,0.0037,0.0,0.0004,0.04,10.74,MIN_PROFIT_TP_HIT,0.0708
10,TRUMP_USDT,SHORT,EMACrossover(5/13-SHORT),2,0.2,1.394,1.392,1.392,1.399,2026-08-16 03:48:59 UTC,2026-08-16 04:00:05 UTC,665.02,0.2788,0.0037,0.0,0.0004,0.04,10.76,MIN_PROFIT_TP_HIT,0.0712
11,TRUMP_USDT,LONG,EMACrossover(5/13-LONG),2,0.2,1.392,1.394,1.394,1.387,2026-08-16 04:06:59 UTC,2026-08-16 04:25:54 UTC,1134.23,0.2784,0.0037,0.0,0.0004,0.04,10.78,MIN_PROFIT_TP_HIT,0.0716
12,TRUMP_USDT,SHORT,EMACrossover(5/13-SHORT),2,0.2,1.398,1.396,1.396,1.403,2026-08-16 04:56:59 UTC,2026-08-16 04:58:08 UTC,68.32,0.2796,0.0037,0.0,0.0004,0.04,10.73,MIN_PROFIT_TP_HIT,0.072
13,TRUMP_USDT,LONG,EMACrossover(5/13-LONG),2,0.2,1.398,1.4,1.4,1.393,2026-08-16 05:04:59 UTC,2026-08-16 05:10:31 UTC,331.44,0.2796,0.0037,0.0,0.0004,0.04,10.73,MIN_PROFIT_TP_HIT,0.0724
14,TRUMP_USDT,SHORT,EMACrossover(5/13-SHORT),2,0.2,1.398,1.396,1.396,1.403,2026-08-16 05:15:59 UTC,2026-08-16 05:18:43 UTC,163.91,0.2796,0.0037,0.0,0.0004,0.04,10.73,MIN_PROFIT_TP_HIT,0.0728
15,TRUMP_USDT,LONG,EMACrossover(5/13-LONG),2,0.2,1.398,1.4,1.4,1.393,2026-08-16 05:26:59 UTC,2026-08-16 05:39:18 UTC,738.79,0.2796,0.0037,0.0,0.0004,0.04,10.73,MIN_PROFIT_TP_HIT,0.0732
16,TRUMP_USDT,SHORT,EMACrossover(5/13-SHORT),2,0.2,1.399,1.397,1.397,1.404,2026-08-16 05:47:59 UTC,2026-08-16 05:48:20 UTC,20.36,0.2798,0.0037,0.0,0.0004,0.04,10.72,MIN_PROFIT_TP_HIT,0.0736
17,TRUMP_USDT,SHORT,EMACrossover(5/13-SHORT),2,0.2,1.397,1.395,1.395,1.402,2026-08-16 05:49:59 UTC,2026-08-16 05:55:02 UTC,302.15,0.2794,0.0037,0.0,0.0004,0.04,10.74,MIN_PROFIT_TP_HIT,0.074
18,TRUMP_USDT,LONG,EMACrossover(5/13-LONG),2,0.2,1.397,1.392,1.399,1.392,2026-08-16 06:09:59 UTC,2026-08-16 06:42:47 UTC,1967.63,0.2794,0.0037,0.0,-0.001,-0.09,-26.84,STOP_LOSS_HIT,0.073
19,TRUMP_USDT,LONG,EMACrossover(5/13-LONG),2,0.2,1.392,1.394,1.394,1.387,2026-08-16 06:49:59 UTC,2026-08-16 07:00:29 UTC,629.81,0.2784,0.0037,0.0,0.0004,0.04,10.78,MIN_PROFIT_TP_HIT,0.0734
20,TRUMP_USDT,LONG,EMACrossover(5/13-LONG),2,0.2,1.392,1.394,1.394,1.387,2026-08-16 07:07:59 UTC,2026-08-16 07:11:50 UTC,230.8,0.2784,0.0037,0.0,0.0004,0.04,10.78,MIN_PROFIT_TP_HIT,0.0738
21,TRUMP_USDT,SHORT,EMACrossover(5/13-SHORT),2,0.2,1.399,1.397,1.397,1.404,2026-08-16 07:42:59 UTC,2026-08-16 07:43:25 UTC,25.18,0.2798,0.0037,0.0,0.0004,0.04,10.72,MIN_PROFIT_TP_HIT,0.0742
22,TRUMP_USDT,SHORT,EMACrossover(5/13-SHORT),2,0.2,1.396,1.394,1.394,1.401,2026-08-16 07:44:59 UTC,2026-08-16 08:32:15 UTC,2835.58,0.2792,0.0037,0.0,0.0004,0.04,10.74,MIN_PROFIT_TP_HIT,0.0746
23,TRUMP_USDT,LONG,EMACrossover(5/13-LONG),2,0.2,1.396,1.398,1.398,1.391,2026-08-16 08:49:59 UTC,2026-08-16 08:56:31 UTC,391.16,0.2792,0.0037,0.0,0.0004,0.04,10.74,MIN_PROFIT_TP_HIT,0.075
24,TRUMP_USDT,SHORT,EMACrossover(5/13-SHORT),2,0.2,1.396,1.394,1.394,1.401,2026-08-16 09:10:59 UTC,2026-08-16 09:14:22 UTC,202.32,0.2792,0.0037,0.0,0.0004,0.04,10.74,MIN_PROFIT_TP_HIT,0.0754
25,TRUMP_USDT,LONG,EMACrossover(5/13-LONG),2,0.2,1.394,1.389,1.396,1.389,2026-08-16 09:39:59 UTC,2026-08-16 10:28:14 UTC,2894.72,0.2788,0.0037,0.0,-0.001,-0.09,-26.9,STOP_LOSS_HIT,0.0744
26,TRUMP_USDT,LONG,EMACrossover(5/13-LONG),2,0.2,1.391,1.393,1.393,1.386,2026-08-16 10:43:59 UTC,2026-08-16 11:02:43 UTC,1123.34,0.2782,0.0037,0.0,0.0004,0.04,10.78,MIN_PROFIT_TP_HIT,0.0748
27,TRUMP_USDT,LONG,EMACrossover(5/13-LONG),2,0.2,1.391,1.393,1.393,1.386,2026-08-16 11:04:59 UTC,2026-08-16 11:05:13 UTC,13.95,0.2782,0.0037,0.0,0.0004,0.04,10.78,MIN_PROFIT_TP_HIT,0.0752
28,TRUMP_USDT,SHORT,EMACrossover(5/13-SHORT),2,0.2,1.396,1.401,1.394,1.401,2026-08-16 11:53:59 UTC,2026-08-16 12:02:46 UTC,526.01,0.2792,0.0037,0.0,-0.001,-0.09,-26.86,STOP_LOSS_HIT,0.0742
29,TRUMP_USDT,SHORT,EMACrossover(5/13-SHORT),2,0.2,1.398,1.396,1.396,1.403,2026-08-16 12:15:59 UTC,2026-08-16 12:16:34 UTC,34.8,0.2796,0.0037,0.0,0.0004,0.04,10.73,MIN_PROFIT_TP_HIT,0.0746
30,TRUMP_USDT,LONG,EMACrossover(5/13-LONG),2,0.2,1.397,1.399,1.399,1.392,2026-08-16 12:28:59 UTC,2026-08-16 12:29:33 UTC,33.71,0.2794,0.0037,0.0,0.0004,0.04,10.74,MIN_PROFIT_TP_HIT,0.075
31,TRUMP_USDT,SHORT,EMACrossover(5/13-SHORT),2,0.2,1.398,1.403,1.396,1.403,2026-08-16 12:36:59 UTC,2026-08-16 13:08:34 UTC,1894.31,0.2796,0.0037,0.0,-0.001,-0.09,-26.82,STOP_LOSS_HIT,0.074
32,TRUMP_USDT,SHORT,EMACrossover(5/13-SHORT),2,0.2,1.418,1.423,1.416,1.423,2026-08-16 13:51:59 UTC,2026-08-16 14:03:34 UTC,694.78,0.2836,0.0038,0.0,-0.001,-0.09,-26.45,STOP_LOSS_HIT,0.073
33,TRUMP_USDT,SHORT,EMACrossover(5/13-SHORT),2,0.2,1.433,1.431,1.431,1.438,2026-08-16 14:36:59 UTC,2026-08-16 14:37:59 UTC,59.31,0.2866,0.0038,0.0,0.0004,0.04,10.47,MIN_PROFIT_TP_HIT,0.0734
34,TRUMP_USDT,LONG,EMACrossover(5/13-LONG),2,0.2,1.434,1.436,1.436,1.429,2026-08-16 14:53:59 UTC,2026-08-16 14:55:49 UTC,109.07,0.2868,0.0038,0.0,0.0004,0.04,10.46,MIN_PROFIT_TP_HIT,0.0738
35,TRUMP_USDT,SHORT,EMACrossover(5/13-SHORT),2,0.2,1.428,1.426,1.426,1.433,2026-08-16 15:00:59 UTC,2026-08-16 15:02:01 UTC,61.63,0.2856,0.0038,0.0,0.0004,0.04,10.5,MIN_PROFIT_TP_HIT,0.0742
36,TRUMP_USDT,LONG,EMACrossover(5/13-LONG),2,0.2,1.429,1.431,1.431,1.424,2026-08-16 15:27:59 UTC,2026-08-16 15:32:44 UTC,284.66,0.2858,0.0038,0.0,0.0004,0.04,10.5,MIN_PROFIT_TP_HIT,0.0746
37,TRUMP_USDT,SHORT,EMACrossover(5/13-SHORT),2,0.2,1.427,1.425,1.425,1.432,2026-08-16 15:45:59 UTC,2026-08-16 15:54:02 UTC,482.53,0.2854,0.0038,0.0,0.0004,0.04,10.51,MIN_PROFIT_TP_HIT,0.075
38,TRUMP_USDT,LONG,EMACrossover(5/13-LONG),2,0.2,1.429,1.424,1.431,1.424,2026-08-16 16:02:59 UTC,2026-08-16 16:35:41 UTC,1961.74,0.2858,0.0038,0.0,-0.001,-0.09,-26.24,STOP_LOSS_HIT,0.074
39,TRUMP_USDT,LONG,EMACrossover(5/13-LONG),2,0.2,1.424,1.419,1.426,1.419,2026-08-16 16:59:59 UTC,2026-08-16 17:11:07 UTC,667.5,0.2848,0.0038,0.0,-0.001,-0.09,-26.33,STOP_LOSS_HIT,0.073
40,TRUMP_USDT,LONG,EMACrossover(5/13-LONG),2,0.2,1.421,1.416,1.423,1.416,2026-08-16 17:40:59 UTC,2026-08-16 17:57:15 UTC,975.32,0.2842,0.0038,0.0,-0.001,-0.09,-26.39,STOP_LOSS_HIT,0.072
41,TRUMP_USDT,SHORT,EMACrossover(5/13-SHORT),2,0.2,1.417,1.415,1.415,1.422,2026-08-16 17:58:59 UTC,2026-08-16 18:07:51 UTC,531.03,0.2834,0.0038,0.0,0.0004,0.04,10.59,MIN_PROFIT_TP_HIT,0.0724
42,TRUMP_USDT,LONG,EMACrossover(5/13-LONG),2,0.2,1.418,1.42,1.42,1.413,2026-08-16 18:15:59 UTC,2026-08-16 19:28:50 UTC,4370.65,0.2836,0.0038,0.0,0.0004,0.04,10.58,MIN_PROFIT_TP_HIT,0.0728
43,TRUMP_USDT,SHORT,EMACrossover(5/13-SHORT),2,0.2,1.418,1.416,1.416,1.423,2026-08-16 19:32:59 UTC,2026-08-16 19:44:12 UTC,672.03,0.2836,0.0038,0.0,0.0004,0.04,10.58,MIN_PROFIT_TP_HIT,0.0732
44,TRUMP_USDT,LONG,EMACrossover(5/13-LONG),2,0.2,1.412,1.414,1.414,1.407,2026-08-16 20:22:59 UTC,2026-08-16 20:24:20 UTC,80.11,0.2824,0.0038,0.0,0.0004,0.04,10.62,MIN_PROFIT_TP_HIT,0.0736
45,TRUMP_USDT,LONG,EMACrossover(5/13-LONG),2,0.2,1.412,1.407,1.414,1.407,2026-08-16 20:25:59 UTC,2026-08-16 21:00:05 UTC,2045.08,0.2824,0.0038,0.0,-0.001,-0.09,-26.56,STOP_LOSS_HIT,0.0726
46,TRUMP_USDT,LONG,EMACrossover(5/13-LONG),2,0.2,1.409,1.404,1.411,1.404,2026-08-16 21:18:59 UTC,2026-08-16 21:24:12 UTC,312.52,0.2818,0.0038,0.0,-0.001,-0.09,-26.61,STOP_LOSS_HIT,0.0716
47,TRUMP_USDT,LONG,EMACrossover(5/13-LONG),2,0.2,1.407,1.402,1.409,1.402,2026-08-16 21:36:59 UTC,2026-08-16 21:39:52 UTC,172.1,0.2814,0.0038,0.0,-0.001,-0.09,-26.65,STOP_LOSS_HIT,0.0706
48,TRUMP_USDT,SHORT,EMACrossover(5/13-SHORT),2,0.2,1.397,1.395,1.395,1.402,2026-08-16 21:40:59 UTC,2026-08-16 21:41:32 UTC,32.99,0.2794,0.0037,0.0,0.0004,0.04,10.74,MIN_PROFIT_TP_HIT,0.071
49,TRUMP_USDT,LONG,EMACrossover(5/13-LONG),2,0.2,1.398,1.393,1.4,1.393,2026-08-16 21:54:59 UTC,2026-08-16 21:56:58 UTC,118.29,0.2796,0.0037,0.0,-0.001,-0.09,-26.82,STOP_LOSS_HIT,0.07
50,TRUMP_USDT,SHORT,EMACrossover(5/13-SHORT),2,0.2,1.396,1.394,1.394,1.401,2026-08-16 21:57:59 UTC,2026-08-16 21:58:37 UTC,37.55,0.2792,0.0037,0.0,0.0004,0.04,10.74,MIN_PROFIT_TP_HIT,0.0704
51,TRUMP_USDT,LONG,EMACrossover(5/13-LONG),2,0.2,1.397,1.399,1.399,1.392,2026-08-16 22:08:59 UTC,2026-08-16 22:15:11 UTC,371.61,0.2794,0.0037,0.0,0.0004,0.04,10.74,MIN_PROFIT_TP_HIT,0.0708
52,TRUMP_USDT,SHORT,EMACrossover(5/13-SHORT),2,0.2,1.397,1.395,1.395,1.402,2026-08-16 22:29:59 UTC,2026-08-16 22:35:19 UTC,319.59,0.2794,0.0037,0.0,0.0004,0.04,10.74,MIN_PROFIT_TP_HIT,0.0712
53,TRUMP_USDT,LONG,EMACrossover(5/13-LONG),2,0.2,1.399,1.401,1.401,1.394,2026-08-16 22:43:59 UTC,2026-08-16 23:02:16 UTC,1096.85,0.2798,0.0037,0.0,0.0004,0.04,10.72,MIN_PROFIT_TP_HIT,0.0716
54,TRUMP_USDT,LONG,EMACrossover(5/13-LONG),2,0.2,1.398,1.4,1.4,1.393,2026-08-16 23:03:59 UTC,2026-08-16 23:05:10 UTC,70.95,0.2796,0.0037,0.0,0.0004,0.04,10.73,MIN_PROFIT_TP_HIT,0.072
55,TRUMP_USDT,SHORT,EMACrossover(5/13-SHORT),2,0.2,1.396,1.394,1.394,1.401,2026-08-16 23:14:59 UTC,2026-08-17 00:24:27 UTC,4167.27,0.2792,0.0037,0.0,0.0004,0.04,10.74,MIN_PROFIT_TP_HIT,0.0724
56,TRUMP_USDT,LONG,EMACrossover(5/13-LONG),2,0.2,1.4,1.402,1.402,1.395,2026-08-17 00:30:59 UTC,2026-08-17 00:43:52 UTC,772.8,0.28,0.0037,0.0,0.0004,0.04,10.71,MIN_PROFIT_TP_HIT,0.0728
57,TRUMP_USDT,SHORT,EMACrossover(5/13-SHORT),2,0.2,1.399,1.404,1.397,1.404,2026-08-17 00:50:59 UTC,2026-08-17 01:01:02 UTC,602.31,0.2798,0.0037,0.0,-0.001,-0.09,-26.8,STOP_LOSS_HIT,0.0718
58,TRUMP_USDT,SHORT,EMACrossover(5/13-SHORT),2,0.2,1.408,1.406,1.406,1.413,2026-08-17 01:29:59 UTC,2026-08-17 01:36:47 UTC,407.01,0.2816,0.0038,0.0,0.0004,0.04,10.65,MIN_PROFIT_TP_HIT,0.0722
59,TRUMP_USDT,SHORT,EMACrossover(5/13-SHORT),2,0.2,1.406,1.404,1.404,1.411,2026-08-17 01:37:59 UTC,2026-08-17 01:52:01 UTC,841.57,0.2812,0.0037,0.0,0.0004,0.04,10.67,MIN_PROFIT_TP_HIT,0.0726
60,TRUMP_USDT,LONG,EMACrossover(5/13-LONG),2,0.2,1.404,1.406,1.406,1.399,2026-08-17 02:12:59 UTC,2026-08-17 02:23:05 UTC,605.09,0.2808,0.0037,0.0,0.0004,0.04,10.68,MIN_PROFIT_TP_HIT,0.073
61,TRUMP_USDT,SHORT,EMACrossover(5/13-SHORT),2,0.2,1.412,1.41,1.41,1.417,2026-08-17 03:08:59 UTC,2026-08-17 03:12:47 UTC,227.44,0.2824,0.0038,0.0,0.0004,0.04,10.62,MIN_PROFIT_TP_HIT,0.0734
62,TRUMP_USDT,SHORT,EMACrossover(5/13-SHORT),2,0.2,1.411,1.409,1.409,1.416,2026-08-17 03:13:59 UTC,2026-08-17 03:18:58 UTC,298.73,0.2822,0.0038,0.0,0.0004,0.04,10.63,MIN_PROFIT_TP_HIT,0.0738
63,TRUMP_USDT,LONG,EMACrossover(5/13-LONG),2,0.2,1.413,1.415,1.415,1.408,2026-08-17 03:33:59 UTC,2026-08-17 04:19:11 UTC,2711.04,0.2826,0.0038,0.0,0.0004,0.04,10.62,MIN_PROFIT_TP_HIT,0.0742
64,TRUMP_USDT,SHORT,EMACrossover(5/13-SHORT),2,0.2,1.414,1.412,1.412,1.419,2026-08-17 04:38:59 UTC,2026-08-17 04:54:29 UTC,929.23,0.2828,0.0038,0.0,0.0004,0.04,10.61,MIN_PROFIT_TP_HIT,0.0746
65,TRUMP_USDT,LONG,EMACrossover(5/13-LONG),2,0.2,1.413,1.415,1.415,1.408,2026-08-17 05:01:59 UTC,2026-08-17 05:03:28 UTC,88.14,0.2826,0.0038,0.0,0.0004,0.04,10.62,MIN_PROFIT_TP_HIT,0.075
66,TRUMP_USDT,LONG,EMACrossover(5/13-LONG),2,0.2,1.415,1.41,1.417,1.41,2026-08-17 05:04:59 UTC,2026-08-17 05:10:01 UTC,301.65,0.283,0.0038,0.0,-0.001,-0.09,-26.5,STOP_LOSS_HIT,0.074
67,TRUMP_USDT,LONG,EMACrossover(5/13-LONG),2,0.2,1.411,1.406,1.413,1.406,2026-08-17 05:21:59 UTC,2026-08-17 05:47:49 UTC,1549.41,0.2822,0.0038,0.0,-0.001,-0.09,-26.58,STOP_LOSS_HIT,0.073
68,TRUMP_USDT,LONG,EMACrossover(5/13-LONG),2,0.2,1.407,1.409,1.409,1.402,2026-08-17 06:05:59 UTC,2026-08-17 06:44:42 UTC,2322.72,0.2814,0.0038,0.0,0.0004,0.04,10.66,MIN_PROFIT_TP_HIT,0.0734
69,TRUMP_USDT,SHORT,EMACrossover(5/13-SHORT),2,0.2,1.41,1.408,1.408,1.415,2026-08-17 07:07:59 UTC,2026-08-17 07:08:54 UTC,54.14,0.282,0.0038,0.0,0.0004,0.04,10.64,MIN_PROFIT_TP_HIT,0.0738
70,TRUMP_USDT,LONG,EMACrossover(5/13-LONG),2,0.2,1.407,1.409,1.409,1.402,2026-08-17 07:32:59 UTC,2026-08-17 07:46:57 UTC,837.15,0.2814,0.0038,0.0,0.0004,0.04,10.66,MIN_PROFIT_TP_HIT,0.0742
71,TRUMP_USDT,SHORT,EMACrossover(5/13-SHORT),2,0.2,1.407,1.405,1.405,1.412,2026-08-17 08:06:59 UTC,2026-08-17 08:10:36 UTC,216.29,0.2814,0.0038,0.0,0.0004,0.04,10.66,MIN_PROFIT_TP_HIT,0.0746
72,TRUMP_USDT,LONG,EMACrossover(5/13-LONG),2,0.2,1.404,1.406,1.406,1.399,2026-08-17 08:56:59 UTC,2026-08-17 09:07:01 UTC,601.56,0.2808,0.0037,0.0,0.0004,0.04,10.68,MIN_PROFIT_TP_HIT,0.075
73,TRUMP_USDT,SHORT,EMACrossover(5/13-SHORT),2,0.2,1.403,1.408,1.401,1.408,2026-08-17 09:21:59 UTC,2026-08-17 09:57:27 UTC,2127.62,0.2806,0.0037,0.0,-0.001,-0.09,-26.73,STOP_LOSS_HIT,0.074
74,TRUMP_USDT,SHORT,EMACrossover(5/13-SHORT),2,0.2,1.406,1.404,1.404,1.411,2026-08-17 10:05:59 UTC,2026-08-17 10:07:14 UTC,74.67,0.2812,0.0037,0.0,0.0004,0.04,10.67,MIN_PROFIT_TP_HIT,0.0744
75,TRUMP_USDT,LONG,EMACrossover(5/13-LONG),2,0.2,1.405,1.407,1.407,1.4,2026-08-17 10:29:59 UTC,2026-08-17 10:31:55 UTC,115.62,0.281,0.0037,0.0,0.0004,0.04,10.68,MIN_PROFIT_TP_HIT,0.0748
76,TRUMP_USDT,SHORT,EMACrossover(5/13-SHORT),2,0.2,1.405,1.403,1.403,1.41,2026-08-17 10:43:59 UTC,2026-08-17 12:01:07 UTC,4627.79,0.281,0.0037,0.0,0.0004,0.04,10.68,MIN_PROFIT_TP_HIT,0.0752
77,TRUMP_USDT,LONG,EMACrossover(5/13-LONG),2,0.2,1.404,1.399,1.406,1.399,2026-08-17 12:13:59 UTC,2026-08-17 12:27:08 UTC,788.08,0.2808,0.0037,0.0,-0.001,-0.09,-26.71,STOP_LOSS_HIT,0.0742
78,TRUMP_USDT,LONG,EMACrossover(5/13-LONG),2,0.2,1.397,1.399,1.399,1.392,2026-08-17 12:52:59 UTC,2026-08-17 12:58:18 UTC,318.53,0.2794,0.0037,0.0,0.0004,0.04,10.74,MIN_PROFIT_TP_HIT,0.0746
79,TRUMP_USDT,SHORT,EMACrossover(5/13-SHORT),2,0.2,1.396,1.401,1.394,1.401,2026-08-17 13:05:59 UTC,2026-08-17 13:33:01 UTC,1621.51,0.2792,0.0037,0.0,-0.001,-0.09,-26.86,STOP_LOSS_HIT,0.0736
80,TRUMP_USDT,SHORT,EMACrossover(5/13-SHORT),2,0.2,1.398,1.396,1.396,1.403,2026-08-17 13:55:59 UTC,2026-08-17 14:06:50 UTC,650.04,0.2796,0.0037,0.0,0.0004,0.04,10.73,MIN_PROFIT_TP_HIT,0.074
81,TRUMP_USDT,LONG,EMACrossover(5/13-LONG),2,0.2,1.397,1.399,1.399,1.392,2026-08-17 14:22:59 UTC,2026-08-17 14:24:48 UTC,108.34,0.2794,0.0037,0.0,0.0004,0.04,10.74,MIN_PROFIT_TP_HIT,0.0744
82,TRUMP_USDT,LONG,EMACrossover(5/13-LONG),2,0.2,1.398,1.4,1.4,1.393,2026-08-17 14:25:59 UTC,2026-08-17 14:48:49 UTC,1369.78,0.2796,0.0037,0.0,0.0004,0.04,10.73,MIN_PROFIT_TP_HIT,0.0748
83,TRUMP_USDT,SHORT,EMACrossover(5/13-SHORT),2,0.2,1.401,1.399,1.399,1.406,2026-08-17 15:05:59 UTC,2026-08-17 15:13:05 UTC,425.54,0.2802,0.0037,0.0,0.0004,0.04,10.71,MIN_PROFIT_TP_HIT,0.0752
84,TRUMP_USDT,LONG,EMACrossover(5/13-LONG),2,0.2,1.399,1.401,1.401,1.394,2026-08-17 15:14:59 UTC,2026-08-17 15:15:34 UTC,34.37,0.2798,0.0037,0.0,0.0004,0.04,10.72,MIN_PROFIT_TP_HIT,0.0756
85,TRUMP_USDT,LONG,EMACrossover(5/13-LONG),2,0.2,1.401,1.403,1.403,1.396,2026-08-17 15:21:59 UTC,2026-08-17 15:26:40 UTC,280.31,0.2802,0.0037,0.0,0.0004,0.04,10.71,MIN_PROFIT_TP_HIT,0.076
86,TRUMP_USDT,LONG,EMACrossover(5/13-LONG),2,0.2,1.403,1.405,1.405,1.398,2026-08-17 15:27:59 UTC,2026-08-17 15:28:57 UTC,57.93,0.2806,0.0037,0.0,0.0004,0.04,10.69,MIN_PROFIT_TP_HIT,0.0764
87,TRUMP_USDT,SHORT,EMACrossover(5/13-SHORT),2,0.2,1.403,1.401,1.401,1.408,2026-08-17 15:42:59 UTC,2026-08-17 15:44:50 UTC,110.31,0.2806,0.0037,0.0,0.0004,0.04,10.69,MIN_PROFIT_TP_HIT,0.0768
88,TRUMP_USDT,LONG,EMACrossover(5/13-LONG),2,0.2,1.402,1.404,1.404,1.397,2026-08-17 15:49:59 UTC,2026-08-17 15:50:20 UTC,20.76,0.2804,0.0037,0.0,0.0004,0.04,10.7,MIN_PROFIT_TP_HIT,0.0772
89,TRUMP_USDT,LONG,EMACrossover(5/13-LONG),2,0.2,1.405,1.407,1.407,1.4,2026-08-17 15:51:59 UTC,2026-08-17 15:52:01 UTC,1.17,0.281,0.0037,0.0,0.0004,0.04,10.68,MIN_PROFIT_TP_HIT,0.0776
90,TRUMP_USDT,SHORT,EMACrossover(5/13-SHORT),2,0.2,1.403,1.401,1.401,1.408,2026-08-17 16:05:59 UTC,2026-08-17 16:11:43 UTC,343.21,0.2806,0.0037,0.0,0.0004,0.04,10.69,MIN_PROFIT_TP_HIT,0.078
91,TRUMP_USDT,LONG,EMACrossover(5/13-LONG),2,0.2,1.4,1.402,1.402,1.395,2026-08-17 16:40:59 UTC,2026-08-17 16:48:30 UTC,450.67,0.28,0.0037,0.0,0.0004,0.04,10.71,MIN_PROFIT_TP_HIT,0.0784
92,TRUMP_USDT,LONG,EMACrossover(5/13-LONG),2,0.2,1.4,1.402,1.402,1.395,2026-08-17 16:49:59 UTC,2026-08-17 17:14:14 UTC,1454.86,0.28,0.0037,0.0,0.0004,0.04,10.71,MIN_PROFIT_TP_HIT,0.0788
93,TRUMP_USDT,SHORT,EMACrossover(5/13-SHORT),2,0.2,1.401,1.399,1.399,1.406,2026-08-17 17:32:59 UTC,2026-08-17 17:36:04 UTC,184.08,0.2802,0.0037,0.0,0.0004,0.04,10.71,MIN_PROFIT_TP_HIT,0.0792
94,TRUMP_USDT,LONG,EMACrossover(5/13-LONG),2,0.2,1.405,1.407,1.407,1.4,2026-08-17 17:42:59 UTC,2026-08-17 18:23:20 UTC,2420.94,0.281,0.0037,0.0,0.0004,0.04,10.68,MIN_PROFIT_TP_HIT,0.0796
95,TRUMP_USDT,SHORT,EMACrossover(5/13-SHORT),2,0.2,1.404,1.402,1.402,1.409,2026-08-17 18:30:59 UTC,2026-08-17 18:48:08 UTC,1028.86,0.2808,0.0037,0.0,0.0004,0.04,10.68,MIN_PROFIT_TP_HIT,0.08
96,TRUMP_USDT,LONG,EMACrossover(5/13-LONG),2,0.2,1.401,1.403,1.403,1.396,2026-08-17 19:19:59 UTC,2026-08-17 19:25:58 UTC,358.37,0.2802,0.0037,0.0,0.0004,0.04,10.71,MIN_PROFIT_TP_HIT,0.0804
97,TRUMP_USDT,SHORT,EMACrossover(5/13-SHORT),2,0.2,1.399,1.397,1.397,1.404,2026-08-17 19:33:59 UTC,2026-08-17 19:49:56 UTC,956.08,0.2798,0.0037,0.0,0.0004,0.04,10.72,MIN_PROFIT_TP_HIT,0.0808
98,TRUMP_USDT,LONG,EMACrossover(5/13-LONG),2,0.2,1.394,1.396,1.396,1.389,2026-08-17 20:11:59 UTC,2026-08-17 20:26:18 UTC,858.78,0.2788,0.0037,0.0,0.0004,0.04,10.76,MIN_PROFIT_TP_HIT,0.0812
99,TRUMP_USDT,SHORT,EMACrossover(5/13-SHORT),2,0.2,1.396,1.394,1.394,1.401,2026-08-17 20:49:59 UTC,2026-08-17 20:50:37 UTC,37.31,0.2792,0.0037,0.0,0.0004,0.04,10.74,MIN_PROFIT_TP_HIT,0.0816
100,TRUMP_USDT,SHORT,EMACrossover(5/13-SHORT),2,0.2,1.394,1.399,1.392,1.399,2026-08-17 20:51:59 UTC,2026-08-17 21:13:01 UTC,1261.07,0.2788,0.0037,0.0,-0.001,-0.09,-26.9,STOP_LOSS_HIT,0.0806
101,TRUMP_USDT,SHORT,EMACrossover(5/13-SHORT),2,0.2,1.399,1.404,1.397,1.404,2026-08-17 21:36:59 UTC,2026-08-17 21:44:04 UTC,424.87,0.2798,0.0037,0.0,-0.001,-0.09,-26.8,STOP_LOSS_HIT,0.0796
102,TRUMP_USDT,SHORT,EMACrossover(5/13-SHORT),2,0.2,1.401,1.399,1.399,1.406,2026-08-17 21:53:59 UTC,2026-08-17 22:02:53 UTC,533.02,0.2802,0.0037,0.0,0.0004,0.04,10.71,MIN_PROFIT_TP_HIT,0.08
103,TRUMP_USDT,LONG,EMACrossover(5/13-LONG),2,0.2,1.397,1.392,1.399,1.392,2026-08-17 22:26:59 UTC,2026-08-17 23:02:32 UTC,2132.53,0.2794,0.0037,0.0,-0.001,-0.09,-26.84,STOP_LOSS_HIT,0.079
104,TRUMP_USDT,LONG,EMACrossover(5/13-LONG),2,0.2,1.394,1.396,1.396,1.389,2026-08-17 23:12:59 UTC,2026-08-17 23:25:59 UTC,779.24,0.2788,0.0037,0.0,0.0004,0.04,10.76,MIN_PROFIT_TP_HIT,0.0794
105,TRUMP_USDT,SHORT,EMACrossover(5/13-SHORT),2,0.2,1.395,1.393,1.393,1.4,2026-08-17 23:39:59 UTC,2026-08-17 23:41:13 UTC,73.33,0.279,0.0037,0.0,0.0004,0.04,10.75,MIN_PROFIT_TP_HIT,0.0798
106,TRUMP_USDT,LONG,EMACrossover(5/13-LONG),2,0.2,1.395,1.397,1.397,1.39,2026-08-17 23:50:59 UTC,2026-08-18 00:01:32 UTC,632.14,0.279,0.0037,0.0,0.0004,0.04,10.75,MIN_PROFIT_TP_HIT,0.0802
107,TRUMP_USDT,SHORT,EMACrossover(5/13-SHORT),2,0.2,1.395,1.393,1.393,1.4,2026-08-18 00:08:59 UTC,2026-08-18 00:09:03 UTC,3.96,0.279,0.0037,0.0,0.0004,0.04,10.75,MIN_PROFIT_TP_HIT,0.0806
108,TRUMP_USDT,LONG,EMACrossover(5/13-LONG),2,0.2,1.397,1.399,1.399,1.392,2026-08-18 00:10:59 UTC,2026-08-18 00:15:58 UTC,298.15,0.2794,0.0037,0.0,0.0004,0.04,10.74,MIN_PROFIT_TP_HIT,0.081
109,TRUMP_USDT,SHORT,EMACrossover(5/13-SHORT),2,0.2,1.398,1.396,1.396,1.403,2026-08-18 00:32:59 UTC,2026-08-18 00:36:23 UTC,203.39,0.2796,0.0037,0.0,0.0004,0.04,10.73,MIN_PROFIT_TP_HIT,0.0814
110,TRUMP_USDT,LONG,EMACrossover(5/13-LONG),2,0.2,1.399,1.401,1.401,1.394,2026-08-18 00:44:59 UTC,2026-08-18 00:48:49 UTC,229.06,0.2798,0.0037,0.0,0.0004,0.04,10.72,MIN_PROFIT_TP_HIT,0.0818
111,TRUMP_USDT,SHORT,EMACrossover(5/13-SHORT),2,0.2,1.4,1.398,1.398,1.405,2026-08-18 01:06:59 UTC,2026-08-18 01:10:07 UTC,187.07,0.28,0.0037,0.0,0.0004,0.04,10.71,MIN_PROFIT_TP_HIT,0.0822
112,TRUMP_USDT,LONG,EMACrossover(5/13-LONG),2,0.2,1.4,1.395,1.402,1.395,2026-08-18 01:20:59 UTC,2026-08-18 01:48:03 UTC,1623.8,0.28,0.0037,0.0,-0.001,-0.09,-26.79,STOP_LOSS_HIT,0.0812
113,TRUMP_USDT,LONG,EMACrossover(5/13-LONG),2,0.2,1.387,1.382,1.389,1.382,2026-08-18 02:21:59 UTC,2026-08-18 02:27:17 UTC,317.04,0.2774,0.0037,0.0,-0.001,-0.09,-27.04,STOP_LOSS_HIT,0.0802
114,TRUMP_USDT,LONG,EMACrossover(5/13-LONG),2,0.2,1.383,1.385,1.385,1.378,2026-08-18 02:41:59 UTC,2026-08-18 02:42:15 UTC,15.09,0.2766,0.0037,0.0,0.0004,0.04,10.85,MIN_PROFIT_TP_HIT,0.0806
115,TRUMP_USDT,SHORT,EMACrossover(5/13-SHORT),2,0.2,1.379,1.377,1.377,1.384,2026-08-18 02:45:59 UTC,2026-08-18 02:46:08 UTC,8.9,0.2758,0.0037,0.0,0.0004,0.04,10.88,MIN_PROFIT_TP_HIT,0.081
116,TRUMP_USDT,LONG,EMACrossover(5/13-LONG),2,0.2,1.381,1.376,1.383,1.376,2026-08-18 02:52:59 UTC,2026-08-18 02:55:46 UTC,166.37,0.2762,0.0037,0.0,-0.001,-0.09,-27.15,STOP_LOSS_HIT,0.08
117,TRUMP_USDT,SHORT,EMACrossover(5/13-SHORT),2,0.2,1.376,1.374,1.374,1.381,2026-08-18 02:56:59 UTC,2026-08-18 02:57:03 UTC,3.23,0.2752,0.0037,0.0,0.0004,0.04,10.9,MIN_PROFIT_TP_HIT,0.0804
118,TRUMP_USDT,LONG,EMACrossover(5/13-LONG),2,0.2,1.378,1.38,1.38,1.373,2026-08-18 03:18:59 UTC,2026-08-18 03:19:19 UTC,19.99,0.2756,0.0037,0.0,0.0004,0.04,10.89,MIN_PROFIT_TP_HIT,0.0808
119,TRUMP_USDT,SHORT,EMACrossover(5/13-SHORT),2,0.2,1.376,1.381,1.374,1.381,2026-08-18 03:31:59 UTC,2026-08-18 03:35:56 UTC,236.59,0.2752,0.0037,0.0,-0.001,-0.09,-27.25,STOP_LOSS_HIT,0.0798
120,TRUMP_USDT,SHORT,EMACrossover(5/13-SHORT),2,0.2,1.381,1.386,1.379,1.386,2026-08-18 03:51:59 UTC,2026-08-18 03:58:26 UTC,386.23,0.2762,0.0037,0.0,-0.001,-0.09,-27.15,STOP_LOSS_HIT,0.0788
121,TRUMP_USDT,SHORT,EMACrossover(5/13-SHORT),2,0.2,1.387,1.385,1.385,1.392,2026-08-18 04:39:59 UTC,2026-08-18 05:01:46 UTC,1306.16,0.2774,0.0037,0.0,0.0004,0.04,10.81,MIN_PROFIT_TP_HIT,0.0792
122,TRUMP_USDT,SHORT,EMACrossover(5/13-SHORT),2,0.2,1.387,1.385,1.385,1.392,2026-08-18 05:02:59 UTC,2026-08-18 05:08:00 UTC,300.17,0.2774,0.0037,0.0,0.0004,0.04,10.81,MIN_PROFIT_TP_HIT,0.0796
123,TRUMP_USDT,LONG,EMACrossover(5/13-LONG),2,0.2,1.388,1.383,1.39,1.383,2026-08-18 05:26:59 UTC,2026-08-18 05:35:13 UTC,493.11,0.2776,0.0037,0.0,-0.001,-0.09,-27.02,STOP_LOSS_HIT,0.0786
124,TRUMP_USDT,LONG,EMACrossover(5/13-LONG),2,0.2,1.387,1.389,1.389,1.382,2026-08-18 05:43:59 UTC,2026-08-18 06:11:35 UTC,1655.68,0.2774,0.0037,0.0,0.0004,0.04,10.81,MIN_PROFIT_TP_HIT,0.079
125,TRUMP_USDT,SHORT,EMACrossover(5/13-SHORT),2,0.2,1.399,1.397,1.397,1.404,2026-08-18 06:56:59 UTC,2026-08-18 07:06:22 UTC,562.92,0.2798,0.0037,0.0,0.0004,0.04,10.72,MIN_PROFIT_TP_HIT,0.0794
126,TRUMP_USDT,LONG,EMACrossover(5/13-LONG),2,0.2,1.4,1.402,1.402,1.395,2026-08-18 07:12:59 UTC,2026-08-18 07:14:07 UTC,67.77,0.28,0.0037,0.0,0.0004,0.04,10.71,MIN_PROFIT_TP_HIT,0.0798
127,TRUMP_USDT,SHORT,EMACrossover(5/13-SHORT),2,0.2,1.401,1.399,1.399,1.406,2026-08-18 07:27:59 UTC,2026-08-18 07:32:47 UTC,287.3,0.2802,0.0037,0.0,0.0004,0.04,10.71,MIN_PROFIT_TP_HIT,0.0802
128,TRUMP_USDT,LONG,EMACrossover(5/13-LONG),2,0.2,1.398,1.4,1.4,1.393,2026-08-18 07:58:59 UTC,2026-08-18 07:59:32 UTC,32.23,0.2796,0.0037,0.0,0.0004,0.04,10.73,MIN_PROFIT_TP_HIT,0.0806
129,TRUMP_USDT,SHORT,EMACrossover(5/13-SHORT),2,0.2,1.396,1.394,1.394,1.401,2026-08-18 08:06:59 UTC,2026-08-18 09:16:44 UTC,4184.95,0.2792,0.0037,0.0,0.0004,0.04,10.74,MIN_PROFIT_TP_HIT,0.081
130,TRUMP_USDT,SHORT,EMACrossover(5/13-SHORT),2,0.2,1.395,1.393,1.393,1.4,2026-08-18 09:17:59 UTC,2026-08-18 09:18:50 UTC,50.21,0.279,0.0037,0.0,0.0004,0.04,10.75,MIN_PROFIT_TP_HIT,0.0814
131,TRUMP_USDT,LONG,EMACrossover(5/13-LONG),2,0.2,1.394,1.396,1.396,1.389,2026-08-18 09:34:59 UTC,2026-08-18 09:35:09 UTC,9.97,0.2788,0.0037,0.0,0.0004,0.04,10.76,MIN_PROFIT_TP_HIT,0.0818
132,TRUMP_USDT,SHORT,EMACrossover(5/13-SHORT),2,0.2,1.394,1.399,1.392,1.399,2026-08-18 09:40:59 UTC,2026-08-18 09:56:37 UTC,937.93,0.2788,0.0037,0.0,-0.001,-0.09,-26.9,STOP_LOSS_HIT,0.0808
133,TRUMP_USDT,SHORT,EMACrossover(5/13-SHORT),2,0.2,1.411,1.409,1.409,1.416,2026-08-18 10:54:59 UTC,2026-08-18 10:57:38 UTC,158.3,0.2822,0.0038,0.0,0.0004,0.04,10.63,MIN_PROFIT_TP_HIT,0.0812
134,TRUMP_USDT,LONG,EMACrossover(5/13-LONG),2,0.2,1.409,1.411,1.411,1.404,2026-08-18 11:12:59 UTC,2026-08-18 11:24:05 UTC,665.43,0.2818,0.0038,0.0,0.0004,0.04,10.65,MIN_PROFIT_TP_HIT,0.0816
135,TRUMP_USDT,LONG,EMACrossover(5/13-LONG),2,0.2,1.41,1.405,1.412,1.405,2026-08-18 11:25:59 UTC,2026-08-18 11:52:30 UTC,1590.16,0.282,0.0038,0.0,-0.001,-0.09,-26.6,STOP_LOSS_HIT,0.0806
136,TRUMP_USDT,LONG,EMACrossover(5/13-LONG),2,0.2,1.409,1.404,1.411,1.404,2026-08-18 12:06:59 UTC,2026-08-18 12:10:33 UTC,213.61,0.2818,0.0038,0.0,-0.001,-0.09,-26.61,STOP_LOSS_HIT,0.0796
137,TRUMP_USDT,SHORT,EMACrossover(5/13-SHORT),2,0.2,1.404,1.402,1.402,1.409,2026-08-18 12:11:59 UTC,2026-08-18 12:31:07 UTC,1147.13,0.2808,0.0037,0.0,0.0004,0.04,10.68,MIN_PROFIT_TP_HIT,0.08
138,TRUMP_USDT,LONG,EMACrossover(5/13-LONG),2,0.2,1.403,1.405,1.405,1.398,2026-08-18 12:34:59 UTC,2026-08-18 12:42:05 UTC,425.24,0.2806,0.0037,0.0,0.0004,0.04,10.69,MIN_PROFIT_TP_HIT,0.0804
139,TRUMP_USDT,LONG,EMACrossover(5/13-LONG),2,0.2,1.405,1.407,1.407,1.4,2026-08-18 12:43:59 UTC,2026-08-18 12:50:43 UTC,403.59,0.281,0.0037,0.0,0.0004,0.04,10.68,MIN_PROFIT_TP_HIT,0.0808
140,TRUMP_USDT,SHORT,EMACrossover(5/13-SHORT),2,0.2,1.407,1.405,1.405,1.412,2026-08-18 13:02:59 UTC,2026-08-18 13:05:50 UTC,170.36,0.2814,0.0038,0.0,0.0004,0.04,10.66,MIN_PROFIT_TP_HIT,0.0812
141,TRUMP_USDT,SHORT,EMACrossover(5/13-SHORT),2,0.2,1.405,1.403,1.403,1.41,2026-08-18 13:07:59 UTC,2026-08-18 13:09:17 UTC,77.88,0.281,0.0037,0.0,0.0004,0.04,10.68,MIN_PROFIT_TP_HIT,0.0816
142,TRUMP_USDT,LONG,EMACrossover(5/13-LONG),2,0.2,1.403,1.405,1.405,1.398,2026-08-18 13:32:59 UTC,2026-08-18 13:35:41 UTC,161.36,0.2806,0.0037,0.0,0.0004,0.04,10.69,MIN_PROFIT_TP_HIT,0.082
143,TRUMP_USDT,LONG,EMACrossover(5/13-LONG),2,0.2,1.405,1.407,1.407,1.4,2026-08-18 13:37:59 UTC,2026-08-18 13:39:55 UTC,115.28,0.281,0.0037,0.0,0.0004,0.04,10.68,MIN_PROFIT_TP_HIT,0.0824
144,TRUMP_USDT,SHORT,EMACrossover(5/13-SHORT),2,0.2,1.403,1.401,1.401,1.408,2026-08-18 13:45:59 UTC,2026-08-18 13:52:16 UTC,376.22,0.2806,0.0037,0.0,0.0004,0.04,10.69,MIN_PROFIT_TP_HIT,0.0828
145,TRUMP_USDT,LONG,EMACrossover(5/13-LONG),2,0.2,1.404,1.399,1.406,1.399,2026-08-18 13:59:59 UTC,2026-08-18 14:04:11 UTC,251.16,0.2808,0.0037,0.0,-0.001,-0.09,-26.71,STOP_LOSS_HIT,0.0818
146,TRUMP_USDT,SHORT,EMACrossover(5/13-SHORT),2,0.2,1.401,1.399,1.399,1.406,2026-08-18 14:05:59 UTC,2026-08-18 14:06:57 UTC,57.8,0.2802,0.0037,0.0,0.0004,0.04,10.71,MIN_PROFIT_TP_HIT,0.0822
147,TRUMP_USDT,LONG,EMACrossover(5/13-LONG),2,0.2,1.403,1.405,1.405,1.398,2026-08-18 14:20:59 UTC,2026-08-18 14:23:28 UTC,148.12,0.2806,0.0037,0.0,0.0004,0.04,10.69,MIN_PROFIT_TP_HIT,0.0826
148,TRUMP_USDT,SHORT,EMACrossover(5/13-SHORT),2,0.2,1.407,1.405,1.405,1.412,2026-08-18 14:39:59 UTC,2026-08-18 14:40:35 UTC,35.4,0.2814,0.0038,0.0,0.0004,0.04,10.66,MIN_PROFIT_TP_HIT,0.083
149,TRUMP_USDT,LONG,EMACrossover(5/13-LONG),2,0.2,1.398,1.4,1.4,1.393,2026-08-18 15:24:59 UTC,2026-08-18 15:26:08 UTC,68.96,0.2796,0.0037,0.0,0.0004,0.04,10.73,MIN_PROFIT_TP_HIT,0.0834
150,TRUMP_USDT,LONG,EMACrossover(5/13-LONG),2,0.2,1.401,1.403,1.403,1.396,2026-08-18 15:27:59 UTC,2026-08-18 15:29:01 UTC,61.73,0.2802,0.0037,0.0,0.0004,0.04,10.71,MIN_PROFIT_TP_HIT,0.0838
151,TRUMP_USDT,SHORT,EMACrossover(5/13-SHORT),2,0.2,1.399,1.404,1.397,1.404,2026-08-18 15:38:59 UTC,2026-08-18 15:51:59 UTC,779.31,0.2798,0.0037,0.0,-0.001,-0.09,-26.8,STOP_LOSS_HIT,0.0828
152,TRUMP_USDT,SHORT,EMACrossover(5/13-SHORT),2,0.2,1.401,1.399,1.399,1.406,2026-08-18 16:08:59 UTC,2026-08-18 16:11:47 UTC,167.99,0.2802,0.0037,0.0,0.0004,0.04,10.71,MIN_PROFIT_TP_HIT,0.0832
153,TRUMP_USDT,LONG,EMACrossover(5/13-LONG),2,0.2,1.396,1.398,1.398,1.391,2026-08-18 16:40:59 UTC,2026-08-18 16:41:09 UTC,9.22,0.2792,0.0037,0.0,0.0004,0.04,10.74,MIN_PROFIT_TP_HIT,0.0836
154,TRUMP_USDT,SHORT,EMACrossover(5/13-SHORT),2,0.2,1.394,1.392,1.392,1.399,2026-08-18 16:43:59 UTC,2026-08-18 16:47:19 UTC,199.58,0.2788,0.0037,0.0,0.0004,0.04,10.76,MIN_PROFIT_TP_HIT,0.084
155,TRUMP_USDT,LONG,EMACrossover(5/13-LONG),2,0.2,1.394,1.396,1.396,1.389,2026-08-18 16:58:59 UTC,2026-08-18 17:04:34 UTC,334.66,0.2788,0.0037,0.0,0.0004,0.04,10.76,MIN_PROFIT_TP_HIT,0.0844
156,TRUMP_USDT,LONG,EMACrossover(5/13-LONG),2,0.2,1.399,1.401,1.401,1.394,2026-08-18 17:05:59 UTC,2026-08-18 17:23:33 UTC,1053.14,0.2798,0.0037,0.0,0.0004,0.04,10.72,MIN_PROFIT_TP_HIT,0.0848
157,TRUMP_USDT,SHORT,EMACrossover(5/13-SHORT),2,0.2,1.402,1.4,1.4,1.407,2026-08-18 17:46:59 UTC,2026-08-18 17:47:49 UTC,49.96,0.2804,0.0037,0.0,0.0004,0.04,10.7,MIN_PROFIT_TP_HIT,0.0852
158,TRUMP_USDT,LONG,EMACrossover(5/13-LONG),2,0.2,1.4,1.402,1.402,1.395,2026-08-18 18:18:59 UTC,2026-08-18 18:37:09 UTC,1089.37,0.28,0.0037,0.0,0.0004,0.04,10.71,MIN_PROFIT_TP_HIT,0.0856
159,TRUMP_USDT,SHORT,EMACrossover(5/13-SHORT),2,0.2,1.403,1.401,1.401,1.408,2026-08-18 18:54:59 UTC,2026-08-18 19:00:39 UTC,339.07,0.2806,0.0037,0.0,0.0004,0.04,10.69,MIN_PROFIT_TP_HIT,0.086
160,TRUMP_USDT,SHORT,EMACrossover(5/13-SHORT),2,0.2,1.401,1.399,1.399,1.406,2026-08-18 19:02:59 UTC,2026-08-18 19:18:56 UTC,956.97,0.2802,0.0037,0.0,0.0004,0.04,10.71,MIN_PROFIT_TP_HIT,0.0864
161,TRUMP_USDT,LONG,EMACrossover(5/13-LONG),2,0.2,1.401,1.396,1.403,1.396,2026-08-18 19:29:59 UTC,2026-08-18 20:03:53 UTC,2034.0,0.2802,0.0037,0.0,-0.001,-0.09,-26.77,STOP_LOSS_HIT,0.0854
162,TRUMP_USDT,LONG,EMACrossover(5/13-LONG),2,0.2,1.392,1.394,1.394,1.387,2026-08-18 20:51:59 UTC,2026-08-18 20:54:12 UTC,132.17,0.2784,0.0037,0.0,0.0004,0.04,10.78,MIN_PROFIT_TP_HIT,0.0858
163,TRUMP_USDT,SHORT,EMACrossover(5/13-SHORT),2,0.2,1.393,1.391,1.391,1.398,2026-08-18 21:02:59 UTC,2026-08-18 21:30:15 UTC,1635.81,0.2786,0.0037,0.0,0.0004,0.04,10.77,MIN_PROFIT_TP_HIT,0.0862
164,TRUMP_USDT,SHORT,EMACrossover(5/13-SHORT),2,0.2,1.391,1.389,1.389,1.396,2026-08-18 21:31:59 UTC,2026-08-18 21:38:44 UTC,404.71,0.2782,0.0037,0.0,0.0004,0.04,10.78,MIN_PROFIT_TP_HIT,0.0866
165,TRUMP_USDT,LONG,EMACrossover(5/13-LONG),2,0.2,1.393,1.395,1.395,1.388,2026-08-18 21:43:59 UTC,2026-08-18 21:47:16 UTC,196.04,0.2786,0.0037,0.0,0.0004,0.04,10.77,MIN_PROFIT_TP_HIT,0.087
166,TRUMP_USDT,SHORT,EMACrossover(5/13-SHORT),2,0.2,1.409,1.407,1.407,1.414,2026-08-18 22:37:59 UTC,2026-08-18 22:39:26 UTC,86.64,0.2818,0.0038,0.0,0.0004,0.04,10.65,MIN_PROFIT_TP_HIT,0.0874
167,TRUMP_USDT,LONG,EMACrossover(5/13-LONG),2,0.2,1.404,1.406,1.406,1.399,2026-08-18 23:03:59 UTC,2026-08-18 23:05:51 UTC,111.86,0.2808,0.0037,0.0,0.0004,0.04,10.68,MIN_PROFIT_TP_HIT,0.0878
168,TRUMP_USDT,SHORT,EMACrossover(5/13-SHORT),2,0.2,1.405,1.41,1.403,1.41,2026-08-18 23:25:59 UTC,2026-08-19 00:08:56 UTC,2576.06,0.281,0.0037,0.0,-0.001,-0.09,-26.69,STOP_LOSS_HIT,0.0868
169,TRUMP_USDT,LONG,EMACrossover(5/13-LONG),2,0.2,1.409,1.404,1.411,1.404,2026-08-19 00:09:59 UTC,2026-08-19 00:11:14 UTC,74.47,0.2818,0.0038,0.0,-0.001,-0.09,-26.61,STOP_LOSS_HIT,0.0858
170,TRUMP_USDT,SHORT,EMACrossover(5/13-SHORT),2,0.2,1.403,1.401,1.401,1.408,2026-08-19 00:12:59 UTC,2026-08-19 00:14:52 UTC,112.68,0.2806,0.0037,0.0,0.0004,0.04,10.69,MIN_PROFIT_TP_HIT,0.0862
171,TRUMP_USDT,LONG,EMACrossover(5/13-LONG),2,0.2,1.404,1.406,1.406,1.399,2026-08-19 00:24:59 UTC,2026-08-19 00:33:25 UTC,505.25,0.2808,0.0037,0.0,0.0004,0.04,10.68,MIN_PROFIT_TP_HIT,0.0866
172,TRUMP_USDT,SHORT,EMACrossover(5/13-SHORT),2,0.2,1.406,1.404,1.404,1.411,2026-08-19 00:58:59 UTC,2026-08-19 01:00:51 UTC,111.01,0.2812,0.0037,0.0,0.0004,0.04,10.67,MIN_PROFIT_TP_HIT,0.087
173,TRUMP_USDT,LONG,EMACrossover(5/13-LONG),2,0.2,1.408,1.41,1.41,1.403,2026-08-19 01:07:59 UTC,2026-08-19 01:21:40 UTC,820.65,0.2816,0.0038,0.0,0.0004,0.04,10.65,MIN_PROFIT_TP_HIT,0.0874
174,TRUMP_USDT,LONG,EMACrossover(5/13-LONG),2,0.2,1.407,1.402,1.409,1.402,2026-08-19 01:22:59 UTC,2026-08-19 02:07:56 UTC,2696.08,0.2814,0.0038,0.0,-0.001,-0.09,-26.65,STOP_LOSS_HIT,0.0864
175,TRUMP_USDT,SHORT,EMACrossover(5/13-SHORT),2,0.2,1.403,1.401,1.401,1.408,2026-08-19 02:08:59 UTC,2026-08-19 02:18:22 UTC,562.64,0.2806,0.0037,0.0,0.0004,0.04,10.69,MIN_PROFIT_TP_HIT,0.0868
176,TRUMP_USDT,LONG,EMACrossover(5/13-LONG),2,0.2,1.406,1.401,1.408,1.401,2026-08-19 02:23:59 UTC,2026-08-19 03:08:43 UTC,2683.24,0.2812,0.0037,0.0,-0.001,-0.09,-26.67,STOP_LOSS_HIT,0.0858
177,TRUMP_USDT,LONG,EMACrossover(5/13-LONG),2,0.2,1.406,1.408,1.408,1.401,2026-08-19 03:14:59 UTC,2026-08-19 03:15:13 UTC,13.36,0.2812,0.0037,0.0,0.0004,0.04,10.67,MIN_PROFIT_TP_HIT,0.0862
178,TRUMP_USDT,SHORT,EMACrossover(5/13-SHORT),2,0.2,1.409,1.407,1.407,1.414,2026-08-19 03:48:59 UTC,2026-08-19 04:29:02 UTC,2402.07,0.2818,0.0038,0.0,0.0004,0.04,10.65,MIN_PROFIT_TP_HIT,0.0866
179,TRUMP_USDT,LONG,EMACrossover(5/13-LONG),2,0.2,1.404,1.399,1.406,1.399,2026-08-19 05:06:59 UTC,2026-08-19 05:23:00 UTC,960.39,0.2808,0.0037,0.0,-0.001,-0.09,-26.71,STOP_LOSS_HIT,0.0856
180,TRUMP_USDT,LONG,EMACrossover(5/13-LONG),2,0.2,1.402,1.404,1.404,1.397,2026-08-19 05:30:59 UTC,2026-08-19 05:36:51 UTC,351.31,0.2804,0.0037,0.0,0.0004,0.04,10.7,MIN_PROFIT_TP_HIT,0.086
181,TRUMP_USDT,SHORT,EMACrossover(5/13-SHORT),2,0.2,1.403,1.401,1.401,1.408,2026-08-19 05:44:59 UTC,2026-08-19 05:45:22 UTC,22.93,0.2806,0.0037,0.0,0.0004,0.04,10.69,MIN_PROFIT_TP_HIT,0.0864
182,TRUMP_USDT,LONG,EMACrossover(5/13-LONG),2,0.2,1.403,1.398,1.405,1.398,2026-08-19 05:56:59 UTC,2026-08-19 06:09:52 UTC,772.47,0.2806,0.0037,0.0,-0.001,-0.09,-26.73,STOP_LOSS_HIT,0.0854
183,TRUMP_USDT,LONG,EMACrossover(5/13-LONG),2,0.2,1.403,1.405,1.405,1.398,2026-08-19 06:16:59 UTC,2026-08-19 06:17:23 UTC,23.4,0.2806,0.0037,0.0,0.0004,0.04,10.69,MIN_PROFIT_TP_HIT,0.0858
184,TRUMP_USDT,SHORT,EMACrossover(5/13-SHORT),2,0.2,1.404,1.409,1.402,1.409,2026-08-19 06:31:59 UTC,2026-08-19 07:00:09 UTC,1689.54,0.2808,0.0037,0.0,-0.001,-0.09,-26.71,STOP_LOSS_HIT,0.0848
185,TRUMP_USDT,SHORT,EMACrossover(5/13-SHORT),2,0.2,1.406,1.404,1.404,1.411,2026-08-19 07:17:59 UTC,2026-08-19 07:59:59 UTC,2519.29,0.2812,0.0037,0.0,0.0004,0.04,10.67,MIN_PROFIT_TP_HIT,0.0852
186,TRUMP_USDT,LONG,EMACrossover(5/13-LONG),2,0.2,1.408,1.41,1.41,1.403,2026-08-19 08:07:59 UTC,2026-08-19 08:19:03 UTC,663.04,0.2816,0.0038,0.0,0.0004,0.04,10.65,MIN_PROFIT_TP_HIT,0.0856
187,TRUMP_USDT,SHORT,EMACrossover(5/13-SHORT),2,0.2,1.411,1.409,1.409,1.416,2026-08-19 08:50:59 UTC,2026-08-19 09:19:46 UTC,1726.59,0.2822,0.0038,0.0,0.0004,0.04,10.63,MIN_PROFIT_TP_HIT,0.086
188,TRUMP_USDT,LONG,EMACrossover(5/13-LONG),2,0.2,1.409,1.411,1.411,1.404,2026-08-19 09:56:59 UTC,2026-08-19 09:58:18 UTC,78.73,0.2818,0.0038,0.0,0.0004,0.04,10.65,MIN_PROFIT_TP_HIT,0.0864
189,TRUMP_USDT,SHORT,EMACrossover(5/13-SHORT),2,0.2,1.409,1.407,1.407,1.414,2026-08-19 10:07:59 UTC,2026-08-19 11:53:29 UTC,6329.94,0.2818,0.0038,0.0,0.0004,0.04,10.65,MIN_PROFIT_TP_HIT,0.0868
190,TRUMP_USDT,LONG,EMACrossover(5/13-LONG),2,0.2,1.409,1.411,1.411,1.404,2026-08-19 12:04:59 UTC,2026-08-19 12:34:56 UTC,1796.46,0.2818,0.0038,0.0,0.0004,0.04,10.65,MIN_PROFIT_TP_HIT,0.0872
191,TRUMP_USDT,SHORT,EMACrossover(5/13-SHORT),2,0.2,1.413,1.411,1.411,1.418,2026-08-19 12:59:59 UTC,2026-08-19 13:00:06 UTC,6.37,0.2826,0.0038,0.0,0.0004,0.04,10.62,MIN_PROFIT_TP_HIT,0.0876
192,TRUMP_USDT,LONG,EMACrossover(5/13-LONG),2,0.2,1.412,1.414,1.414,1.407,2026-08-19 13:14:59 UTC,2026-08-19 13:19:27 UTC,267.39,0.2824,0.0038,0.0,0.0004,0.04,10.62,MIN_PROFIT_TP_HIT,0.088
193,TRUMP_USDT,SHORT,EMACrossover(5/13-SHORT),2,0.2,1.41,1.408,1.408,1.415,2026-08-19 13:34:59 UTC,2026-08-19 13:36:36 UTC,96.45,0.282,0.0038,0.0,0.0004,0.04,10.64,MIN_PROFIT_TP_HIT,0.0884
194,TRUMP_USDT,LONG,EMACrossover(5/13-LONG),2,0.2,1.407,1.409,1.409,1.402,2026-08-19 14:05:59 UTC,2026-08-19 14:06:28 UTC,28.37,0.2814,0.0038,0.0,0.0004,0.04,10.66,MIN_PROFIT_TP_HIT,0.0888
195,TRUMP_USDT,SHORT,EMACrossover(5/13-SHORT),2,0.2,1.429,1.434,1.427,1.434,2026-08-19 15:20:59 UTC,2026-08-19 15:24:26 UTC,206.62,0.2858,0.0038,0.0,-0.001,-0.09,-26.24,STOP_LOSS_HIT,0.0878
196,TRUMP_USDT,LONG,EMACrossover(5/13-LONG),2,0.2,1.432,1.434,1.434,1.427,2026-08-19 15:25:59 UTC,2026-08-19 15:26:30 UTC,31.0,0.2864,0.0038,0.0,0.0004,0.04,10.47,MIN_PROFIT_TP_HIT,0.0882
197,TRUMP_USDT,SHORT,EMACrossover(5/13-SHORT),2,0.2,1.452,1.45,1.45,1.457,2026-08-19 15:47:59 UTC,2026-08-19 15:49:06 UTC,66.65,0.2904,0.0039,0.0,0.0004,0.04,10.33,MIN_PROFIT_TP_HIT,0.0886
198,TRUMP_USDT,LONG,EMACrossover(5/13-LONG),2,0.2,1.451,1.453,1.453,1.446,2026-08-19 16:04:59 UTC,2026-08-19 16:05:31 UTC,31.9,0.2902,0.0039,0.0,0.0004,0.04,10.34,MIN_PROFIT_TP_HIT,0.089
199,TRUMP_USDT,SHORT,EMACrossover(5/13-SHORT),2,0.2,1.451,1.449,1.449,1.456,2026-08-19 16:35:59 UTC,2026-08-19 16:36:46 UTC,46.17,0.2902,0.0039,0.0,0.0004,0.04,10.34,MIN_PROFIT_TP_HIT,0.0894
200,TRUMP_USDT,LONG,EMACrossover(5/13-LONG),2,0.2,1.45,1.445,1.452,1.445,2026-08-19 16:56:59 UTC,2026-08-19 17:01:07 UTC,247.24,0.29,0.0039,0.0,-0.001,-0.09,-25.86,STOP_LOSS_HIT,0.0884
201,TRUMP_USDT,SHORT,EMACrossover(5/13-SHORT),2,0.2,1.445,1.443,1.443,1.45,2026-08-19 17:02:59 UTC,2026-08-19 17:03:13 UTC,13.93,0.289,0.0039,0.0,0.0004,0.04,10.38,MIN_PROFIT_TP_HIT,0.0888
202,TRUMP_USDT,LONG,EMACrossover(5/13-LONG),2,0.2,1.449,1.451,1.451,1.444,2026-08-19 17:06:59 UTC,2026-08-19 17:09:44 UTC,164.86,0.2898,0.0039,0.0,0.0004,0.04,10.35,MIN_PROFIT_TP_HIT,0.0892
203,TRUMP_USDT,SHORT,EMACrossover(5/13-SHORT),2,0.2,1.448,1.446,1.446,1.453,2026-08-19 17:20:59 UTC,2026-08-19 17:21:14 UTC,14.46,0.2896,0.0039,0.0,0.0004,0.04,10.36,MIN_PROFIT_TP_HIT,0.0896
204,TRUMP_USDT,LONG,EMACrossover(5/13-LONG),2,0.2,1.45,1.452,1.452,1.445,2026-08-19 17:25:59 UTC,2026-08-19 17:26:10 UTC,10.12,0.29,0.0039,0.0,0.0004,0.04,10.34,MIN_PROFIT_TP_HIT,0.09
205,TRUMP_USDT,SHORT,EMACrossover(5/13-SHORT),2,0.2,1.447,1.445,1.445,1.452,2026-08-19 17:32:59 UTC,2026-08-19 17:33:48 UTC,48.39,0.2894,0.0039,0.0,0.0004,0.04,10.37,MIN_PROFIT_TP_HIT,0.0904
206,TRUMP_USDT,LONG,EMACrossover(5/13-LONG),2,0.2,1.451,1.453,1.453,1.446,2026-08-19 17:44:59 UTC,2026-08-19 17:46:16 UTC,76.13,0.2902,0.0039,0.0,0.0004,0.04,10.34,MIN_PROFIT_TP_HIT,0.0908
207,TRUMP_USDT,SHORT,EMACrossover(5/13-SHORT),2,0.2,1.45,1.448,1.448,1.455,2026-08-19 18:03:59 UTC,2026-08-19 18:05:43 UTC,103.29,0.29,0.0039,0.0,0.0004,0.04,10.34,MIN_PROFIT_TP_HIT,0.0912
208,TRUMP_USDT,LONG,EMACrossover(5/13-LONG),2,0.2,1.445,1.447,1.447,1.44,2026-08-19 18:32:59 UTC,2026-08-19 18:33:15 UTC,15.09,0.289,0.0039,0.0,0.0004,0.04,10.38,MIN_PROFIT_TP_HIT,0.0916
209,TRUMP_USDT,SHORT,EMACrossover(5/13-SHORT),2,0.2,1.446,1.444,1.444,1.451,2026-08-19 18:54:59 UTC,2026-08-19 18:55:24 UTC,24.5,0.2892,0.0039,0.0,0.0004,0.04,10.37,MIN_PROFIT_TP_HIT,0.092
210,TRUMP_USDT,LONG,EMACrossover(5/13-LONG),2,0.2,1.446,1.448,1.448,1.441,2026-08-19 19:04:59 UTC,2026-08-19 19:12:27 UTC,447.73,0.2892,0.0039,0.0,0.0004,0.04,10.37,MIN_PROFIT_TP_HIT,0.0924
211,TRUMP_USDT,LONG,EMACrossover(5/13-LONG),2,0.2,1.447,1.442,1.449,1.442,2026-08-19 19:13:59 UTC,2026-08-19 19:14:14 UTC,14.39,0.2894,0.0039,0.0,-0.001,-0.09,-25.92,STOP_LOSS_HIT,0.0914
212,TRUMP_USDT,SHORT,EMACrossover(5/13-SHORT),2,0.2,1.446,1.444,1.444,1.451,2026-08-19 19:15:59 UTC,2026-08-19 19:16:23 UTC,23.01,0.2892,0.0039,0.0,0.0004,0.04,10.37,MIN_PROFIT_TP_HIT,0.0918
213,TRUMP_USDT,LONG,EMACrossover(5/13-LONG),2,0.2,1.447,1.449,1.449,1.442,2026-08-19 19:19:59 UTC,2026-08-19 19:20:15 UTC,15.12,0.2894,0.0039,0.0,0.0004,0.04,10.37,MIN_PROFIT_TP_HIT,0.0922
214,TRUMP_USDT,SHORT,EMACrossover(5/13-SHORT),2,0.2,1.519,1.524,1.517,1.524,2026-08-19 20:26:59 UTC,2026-08-19 20:27:31 UTC,31.79,0.3038,0.0041,0.0,-0.001,-0.09,-24.69,STOP_LOSS_HIT,0.0912
215,TRUMP_USDT,LONG,EMACrossover(5/13-LONG),2,0.2,1.527,1.529,1.529,1.522,2026-08-19 20:36:59 UTC,2026-08-19 20:37:05 UTC,5.38,0.3054,0.0041,0.0,0.0004,0.04,9.82,MIN_PROFIT_TP_HIT,0.0916
216,TRUMP_USDT,SHORT,EMACrossover(5/13-SHORT),2,0.2,1.677,1.675,1.675,1.682,2026-08-19 21:38:59 UTC,2026-08-19 21:39:01 UTC,2.0,0.3354,0.0045,0.0,0.0004,0.04,8.94,MIN_PROFIT_TP_HIT,0.092
217,TRUMP_USDT,LONG,EMACrossover(5/13-LONG),2,0.2,1.7,1.702,1.702,1.695,2026-08-19 21:44:59 UTC,2026-08-19 21:45:03 UTC,3.18,0.34,0.0045,0.0,0.0004,0.04,8.82,MIN_PROFIT_TP_HIT,0.0924
218,TRUMP_USDT,SHORT,EMACrossover(5/13-SHORT),2,0.2,1.679,1.684,1.677,1.684,2026-08-19 21:57:59 UTC,2026-08-19 21:58:01 UTC,1.19,0.3358,0.0045,0.0,-0.001,-0.09,-22.33,STOP_LOSS_HIT,0.0914
219,TRUMP_USDT,LONG,EMACrossover(5/13-LONG),2,0.2,1.711,1.713,1.713,1.706,2026-08-19 22:07:59 UTC,2026-08-19 22:08:26 UTC,26.16,0.3422,0.0046,0.0,0.0004,0.04,8.77,MIN_PROFIT_TP_HIT,0.0918
220,TRUMP_USDT,SHORT,EMACrossover(5/13-SHORT),2,0.2,1.739,1.737,1.737,1.744,2026-08-19 22:32:59 UTC,2026-08-19 22:33:02 UTC,2.14,0.3478,0.0046,0.0,0.0004,0.04,8.63,MIN_PROFIT_TP_HIT,0.0922
221,TRUMP_USDT,SHORT,EMACrossover(5/13-SHORT),2,0.2,1.737,1.735,1.735,1.742,2026-08-19 22:39:59 UTC,2026-08-19 22:40:08 UTC,8.62,0.3474,0.0046,0.0,0.0004,0.04,8.64,MIN_PROFIT_TP_HIT,0.0926
222,TRUMP_USDT,LONG,EMACrossover(5/13-LONG),2,0.2,1.76,1.762,1.762,1.755,2026-08-19 22:42:59 UTC,2026-08-19 22:43:00 UTC,0.8,0.352,0.0047,0.0,0.0004,0.04,8.52,MIN_PROFIT_TP_HIT,0.093
223,TRUMP_USDT,SHORT,EMACrossover(5/13-SHORT),2,0.2,1.738,1.736,1.736,1.743,2026-08-19 22:58:59 UTC,2026-08-19 22:59:00 UTC,0.4,0.3476,0.0046,0.0,0.0004,0.04,8.63,MIN_PROFIT_TP_HIT,0.0934
224,TRUMP_USDT,LONG,EMACrossover(5/13-LONG),2,0.2,1.756,1.758,1.758,1.751,2026-08-19 23:05:59 UTC,2026-08-19 23:06:01 UTC,1.24,0.3512,0.0047,0.0,0.0004,0.04,8.54,MIN_PROFIT_TP_HIT,0.0938
225,TRUMP_USDT,SHORT,EMACrossover(5/13-SHORT),2,0.2,1.766,1.764,1.764,1.771,2026-08-19 23:30:59 UTC,2026-08-19 23:31:00 UTC,0.47,0.3532,0.0047,0.0,0.0004,0.04,8.49,MIN_PROFIT_TP_HIT,0.0942
226,TRUMP_USDT,LONG,EMACrossover(5/13-LONG),2,0.2,1.788,1.79,1.79,1.783,2026-08-19 23:37:59 UTC,2026-08-19 23:38:03 UTC,3.26,0.3576,0.0048,0.0,0.0004,0.04,8.39,MIN_PROFIT_TP_HIT,0.0946
227,TRUMP_USDT,SHORT,EMACrossover(5/13-SHORT),2,0.2,1.787,1.785,1.785,1.792,2026-08-19 23:58:59 UTC,2026-08-19 23:59:04 UTC,4.88,0.3574,0.0048,0.0,0.0004,0.04,8.39,MIN_PROFIT_TP_HIT,0.095
228,TRUMP_USDT,LONG,EMACrossover(5/13-LONG),2,0.2,1.758,1.76,1.76,1.753,2026-08-20 00:21:59 UTC,2026-08-20 00:22:14 UTC,14.38,0.3516,0.0047,0.0,0.0004,0.04,8.53,MIN_PROFIT_TP_HIT,0.0954
229,TRUMP_USDT,SHORT,EMACrossover(5/13-SHORT),2,0.2,1.802,1.8,1.8,1.807,2026-08-20 00:40:59 UTC,2026-08-20 00:41:00 UTC,0.67,0.3604,0.0048,0.0,0.0004,0.04,8.32,MIN_PROFIT_TP_HIT,0.0958
230,TRUMP_USDT,LONG,EMACrossover(5/13-LONG),2,0.2,1.811,1.813,1.813,1.806,2026-08-20 00:58:59 UTC,2026-08-20 00:59:00 UTC,0.56,0.3622,0.0048,0.0,0.0004,0.04,8.28,MIN_PROFIT_TP_HIT,0.0962
231,TRUMP_USDT,SHORT,EMACrossover(5/13-SHORT),2,0.2,1.796,1.794,1.794,1.801,2026-08-20 01:10:59 UTC,2026-08-20 01:11:02 UTC,2.0,0.3592,0.0048,0.0,0.0004,0.04,8.35,MIN_PROFIT_TP_HIT,0.0966
232,TRUMP_USDT,LONG,EMACrossover(5/13-LONG),2,0.2,1.783,1.785,1.785,1.778,2026-08-20 01:50:59 UTC,2026-08-20 01:51:26 UTC,26.6,0.3566,0.0048,0.0,0.0004,0.04,8.41,MIN_PROFIT_TP_HIT,0.097
233,TRUMP_USDT,SHORT,EMACrossover(5/13-SHORT),2,0.2,1.77,1.768,1.768,1.775,2026-08-20 02:00:59 UTC,2026-08-20 02:01:00 UTC,0.83,0.354,0.0047,0.0,0.0004,0.04,8.47,MIN_PROFIT_TP_HIT,0.0974
234,TRUMP_USDT,LONG,EMACrossover(5/13-LONG),2,0.2,1.78,1.775,1.782,1.775,2026-08-20 02:07:59 UTC,2026-08-20 02:08:12 UTC,12.1,0.356,0.0047,0.0,-0.001,-0.09,-21.07,STOP_LOSS_HIT,0.0964
235,TRUMP_USDT,SHORT,EMACrossover(5/13-SHORT),2,0.2,1.769,1.767,1.767,1.774,2026-08-20 02:13:59 UTC,2026-08-20 02:14:41 UTC,41.98,0.3538,0.0047,0.0,0.0004,0.04,8.48,MIN_PROFIT_TP_HIT,0.0968
236,TRUMP_USDT,LONG,EMACrossover(5/13-LONG),2,0.2,1.78,1.782,1.782,1.775,2026-08-20 02:17:59 UTC,2026-08-20 02:18:00 UTC,0.56,0.356,0.0047,0.0,0.0004,0.04,8.43,MIN_PROFIT_TP_HIT,0.0972
237,TRUMP_USDT,SHORT,EMACrossover(5/13-SHORT),2,0.2,1.771,1.769,1.769,1.776,2026-08-20 02:19:59 UTC,2026-08-20 02:20:00 UTC,0.36,0.3542,0.0047,0.0,0.0004,0.04,8.47,MIN_PROFIT_TP_HIT,0.0976
238,TRUMP_USDT,LONG,EMACrossover(5/13-LONG),2,0.2,1.767,1.769,1.769,1.762,2026-08-20 02:37:59 UTC,2026-08-20 02:38:09 UTC,9.29,0.3534,0.0047,0.0,0.0004,0.04,8.49,MIN_PROFIT_TP_HIT,0.098
239,TRUMP_USDT,SHORT,EMACrossover(5/13-SHORT),2,0.2,1.764,1.762,1.762,1.769,2026-08-20 02:41:59 UTC,2026-08-20 02:42:03 UTC,3.45,0.3528,0.0047,0.0,0.0004,0.04,8.5,MIN_PROFIT_TP_HIT,0.0984
240,TRUMP_USDT,LONG,EMACrossover(5/13-LONG),2,0.2,1.683,1.685,1.685,1.678,2026-08-20 03:20:59 UTC,2026-08-20 03:21:02 UTC,2.81,0.3366,0.0045,0.0,0.0004,0.04,8.91,MIN_PROFIT_TP_HIT,0.0988
241,TRUMP_USDT,SHORT,EMACrossover(5/13-SHORT),2,0.2,1.677,1.675,1.675,1.682,2026-08-20 03:33:59 UTC,2026-08-20 03:35:17 UTC,77.31,0.3354,0.0045,0.0,0.0004,0.04,8.94,MIN_PROFIT_TP_HIT,0.0992
242,TRUMP_USDT,LONG,EMACrossover(5/13-LONG),2,0.2,1.67,1.672,1.672,1.665,2026-08-20 04:03:59 UTC,2026-08-20 04:04:05 UTC,5.29,0.334,0.0045,0.0,0.0004,0.04,8.98,MIN_PROFIT_TP_HIT,0.0996
243,TRUMP_USDT,SHORT,EMACrossover(5/13-SHORT),2,0.2,1.673,1.671,1.671,1.678,2026-08-20 04:21:59 UTC,2026-08-20 04:22:09 UTC,9.25,0.3346,0.0045,0.0,0.0004,0.04,8.97,MIN_PROFIT_TP_HIT,0.1
244,TRUMP_USDT,LONG,EMACrossover(5/13-LONG),2,0.2,1.664,1.666,1.666,1.659,2026-08-20 04:51:59 UTC,2026-08-20 04:53:31 UTC,91.1,0.3328,0.0044,0.0,0.0004,0.04,9.01,MIN_PROFIT_TP_HIT,0.1004
245,TRUMP_USDT,SHORT,EMACrossover(5/13-SHORT),2,0.2,1.656,1.654,1.654,1.661,2026-08-20 05:00:59 UTC,2026-08-20 05:03:14 UTC,134.81,0.3312,0.0044,0.0,0.0004,0.04,9.06,MIN_PROFIT_TP_HIT,0.1008
246,TRUMP_USDT,LONG,EMACrossover(5/13-LONG),2,0.2,1.654,1.656,1.656,1.649,2026-08-20 05:19:59 UTC,2026-08-20 05:20:07 UTC,7.73,0.3308,0.0044,0.0,0.0004,0.04,9.07,MIN_PROFIT_TP_HIT,0.1012
247,TRUMP_USDT,SHORT,EMACrossover(5/13-SHORT),2,0.2,1.65,1.655,1.648,1.655,2026-08-20 05:37:59 UTC,2026-08-20 05:40:12 UTC,132.99,0.33,0.0044,0.0,-0.001,-0.09,-22.73,STOP_LOSS_HIT,0.1002
248,TRUMP_USDT,LONG,EMACrossover(5/13-LONG),2,0.2,1.656,1.651,1.658,1.651,2026-08-20 05:51:59 UTC,2026-08-20 05:52:30 UTC,30.12,0.3312,0.0044,0.0,-0.001,-0.09,-22.64,STOP_LOSS_HIT,0.0992
249,TRUMP_USDT,SHORT,EMACrossover(5/13-SHORT),2,0.2,1.65,1.648,1.648,1.655,2026-08-20 05:54:59 UTC,2026-08-20 05:56:24 UTC,84.56,0.33,0.0044,0.0,0.0004,0.04,9.09,MIN_PROFIT_TP_HIT,0.0996
250,TRUMP_USDT,LONG,EMACrossover(5/13-LONG),2,0.2,1.653,1.655,1.655,1.648,2026-08-20 06:04:59 UTC,2026-08-20 06:05:44 UTC,44.33,0.3306,0.0044,0.0,0.0004,0.04,9.07,MIN_PROFIT_TP_HIT,0.1
251,TRUMP_USDT,SHORT,EMACrossover(5/13-SHORT),2,0.2,1.649,1.647,1.647,1.654,2026-08-20 06:13:59 UTC,2026-08-20 06:15:27 UTC,87.3,0.3298,0.0044,0.0,0.0004,0.04,9.1,MIN_PROFIT_TP_HIT,0.1004
252,TRUMP_USDT,LONG,EMACrossover(5/13-LONG),2,0.2,1.657,1.659,1.659,1.652,2026-08-20 06:24:59 UTC,2026-08-20 06:25:35 UTC,35.51,0.3314,0.0044,0.0,0.0004,0.04,9.05,MIN_PROFIT_TP_HIT,0.1008
253,TRUMP_USDT,SHORT,EMACrossover(5/13-SHORT),2,0.2,1.659,1.657,1.657,1.664,2026-08-20 06:46:59 UTC,2026-08-20 06:47:00 UTC,0.52,0.3318,0.0044,0.0,0.0004,0.04,9.04,MIN_PROFIT_TP_HIT,0.1012
254,TRUMP_USDT,LONG,EMACrossover(5/13-LONG),2,0.2,1.661,1.663,1.663,1.656,2026-08-20 06:48:59 UTC,2026-08-20 06:49:33 UTC,33.94,0.3322,0.0044,0.0,0.0004,0.04,9.03,MIN_PROFIT_TP_HIT,0.1016
255,TRUMP_USDT,SHORT,EMACrossover(5/13-SHORT),2,0.2,1.649,1.647,1.647,1.654,2026-08-20 06:55:59 UTC,2026-08-20 06:56:20 UTC,20.11,0.3298,0.0044,0.0,0.0004,0.04,9.1,MIN_PROFIT_TP_HIT,0.102
256,TRUMP_USDT,LONG,EMACrossover(5/13-LONG),2,0.2,1.653,1.648,1.655,1.648,2026-08-20 07:12:59 UTC,2026-08-20 07:15:07 UTC,127.62,0.3306,0.0044,0.0,-0.001,-0.09,-22.69,STOP_LOSS_HIT,0.101
257,TRUMP_USDT,SHORT,EMACrossover(5/13-SHORT),2,0.2,1.644,1.642,1.642,1.649,2026-08-20 07:16:59 UTC,2026-08-20 07:17:46 UTC,46.77,0.3288,0.0044,0.0,0.0004,0.04,9.12,MIN_PROFIT_TP_HIT,0.1014
258,TRUMP_USDT,LONG,EMACrossover(5/13-LONG),2,0.2,1.654,1.649,1.656,1.649,2026-08-20 07:28:59 UTC,2026-08-20 07:30:41 UTC,101.78,0.3308,0.0044,0.0,-0.001,-0.09,-22.67,STOP_LOSS_HIT,0.1004
259,TRUMP_USDT,SHORT,EMACrossover(5/13-SHORT),2,0.2,1.645,1.643,1.643,1.65,2026-08-20 07:33:59 UTC,2026-08-20 07:34:00 UTC,0.5,0.329,0.0044,0.0,0.0004,0.04,9.12,MIN_PROFIT_TP_HIT,0.1008
260,TRUMP_USDT,LONG,EMACrossover(5/13-LONG),2,0.2,1.647,1.649,1.649,1.642,2026-08-20 07:47:59 UTC,2026-08-20 07:48:25 UTC,25.52,0.3294,0.0044,0.0,0.0004,0.04,9.11,MIN_PROFIT_TP_HIT,0.1012
261,TRUMP_USDT,SHORT,EMACrossover(5/13-SHORT),2,0.2,1.673,1.671,1.671,1.678,2026-08-20 08:23:59 UTC,2026-08-20 08:24:10 UTC,10.45,0.3346,0.0045,0.0,0.0004,0.04,8.97,MIN_PROFIT_TP_HIT,0.1016
262,TRUMP_USDT,LONG,EMACrossover(5/13-LONG),2,0.2,1.684,1.686,1.686,1.679,2026-08-20 08:37:59 UTC,2026-08-20 08:38:33 UTC,33.65,0.3368,0.0045,0.0,0.0004,0.04,8.91,MIN_PROFIT_TP_HIT,0.102
263,TRUMP_USDT,SHORT,EMACrossover(5/13-SHORT),2,0.2,1.693,1.691,1.691,1.698,2026-08-20 09:12:59 UTC,2026-08-20 09:13:14 UTC,14.29,0.3386,0.0045,0.0,0.0004,0.04,8.86,MIN_PROFIT_TP_HIT,0.1024
264,TRUMP_USDT,LONG,EMACrossover(5/13-LONG),2,0.2,1.693,1.695,1.695,1.688,2026-08-20 09:26:59 UTC,2026-08-20 09:27:10 UTC,10.17,0.3386,0.0045,0.0,0.0004,0.04,8.86,MIN_PROFIT_TP_HIT,0.1028
265,TRUMP_USDT,SHORT,EMACrossover(5/13-SHORT),2,0.2,1.687,1.685,1.685,1.692,2026-08-20 09:40:59 UTC,2026-08-20 09:41:10 UTC,10.03,0.3374,0.0045,0.0,0.0004,0.04,8.89,MIN_PROFIT_TP_HIT,0.1032
266,TRUMP_USDT,LONG,EMACrossover(5/13-LONG),2,0.2,1.68,1.682,1.682,1.675,2026-08-20 10:05:59 UTC,2026-08-20 10:08:26 UTC,146.51,0.336,0.0045,0.0,0.0004,0.04,8.93,MIN_PROFIT_TP_HIT,0.1036
267,TRUMP_USDT,SHORT,EMACrossover(5/13-SHORT),2,0.2,1.677,1.675,1.675,1.682,2026-08-20 10:24:59 UTC,2026-08-20 10:25:34 UTC,34.02,0.3354,0.0045,0.0,0.0004,0.04,8.94,MIN_PROFIT_TP_HIT,0.104
268,TRUMP_USDT,LONG,EMACrossover(5/13-LONG),2,0.2,1.671,1.673,1.673,1.666,2026-08-20 10:53:59 UTC,2026-08-20 10:54:22 UTC,22.17,0.3342,0.0045,0.0,0.0004,0.04,8.98,MIN_PROFIT_TP_HIT,0.1044
269,TRUMP_USDT,SHORT,EMACrossover(5/13-SHORT),2,0.2,1.669,1.667,1.667,1.674,2026-08-20 10:59:59 UTC,2026-08-20 11:00:21 UTC,21.69,0.3338,0.0045,0.0,0.0004,0.04,8.99,MIN_PROFIT_TP_HIT,0.1048
270,TRUMP_USDT,LONG,EMACrossover(5/13-LONG),2,0.2,1.678,1.68,1.68,1.673,2026-08-20 11:03:59 UTC,2026-08-20 11:04:06 UTC,6.97,0.3356,0.0045,0.0,0.0004,0.04,8.94,MIN_PROFIT_TP_HIT,0.1052
271,TRUMP_USDT,SHORT,EMACrossover(5/13-SHORT),2,0.2,1.669,1.674,1.667,1.674,2026-08-20 11:19:59 UTC,2026-08-20 11:21:40 UTC,100.04,0.3338,0.0045,0.0,-0.001,-0.09,-22.47,STOP_LOSS_HIT,0.1042
272,TRUMP_USDT,LONG,EMACrossover(5/13-LONG),2,0.2,1.679,1.681,1.681,1.674,2026-08-20 11:33:59 UTC,2026-08-20 11:34:11 UTC,11.54,0.3358,0.0045,0.0,0.0004,0.04,8.93,MIN_PROFIT_TP_HIT,0.1046
273,TRUMP_USDT,SHORT,EMACrossover(5/13-SHORT),2,0.2,1.679,1.677,1.677,1.684,2026-08-20 11:54:59 UTC,2026-08-20 11:55:11 UTC,12.0,0.3358,0.0045,0.0,0.0004,0.04,8.93,MIN_PROFIT_TP_HIT,0.105
274,TRUMP_USDT,LONG,EMACrossover(5/13-LONG),2,0.2,1.652,1.654,1.654,1.647,2026-08-20 12:25:59 UTC,2026-08-20 12:26:03 UTC,3.45,0.3304,0.0044,0.0,0.0004,0.04,9.08,MIN_PROFIT_TP_HIT,0.1054
275,TRUMP_USDT,SHORT,EMACrossover(5/13-SHORT),2,0.2,1.66,1.658,1.658,1.665,2026-08-20 12:37:59 UTC,2026-08-20 12:38:01 UTC,1.29,0.332,0.0044,0.0,0.0004,0.04,9.04,MIN_PROFIT_TP_HIT,0.1058
276,TRUMP_USDT,SHORT,EMACrossover(5/13-SHORT),2,0.2,1.657,1.662,1.655,1.662,2026-08-20 12:39:59 UTC,2026-08-20 12:41:02 UTC,62.34,0.3314,0.0044,0.0,-0.001,-0.09,-22.63,STOP_LOSS_HIT,0.1048
277,TRUMP_USDT,LONG,EMACrossover(5/13-LONG),2,0.2,1.665,1.667,1.667,1.66,2026-08-20 12:42:59 UTC,2026-08-20 12:43:04 UTC,4.49,0.333,0.0044,0.0,0.0004,0.04,9.01,MIN_PROFIT_TP_HIT,0.1052
278,TRUMP_USDT,SHORT,EMACrossover(5/13-SHORT),2,0.2,1.671,1.669,1.669,1.676,2026-08-20 13:02:59 UTC,2026-08-20 13:03:02 UTC,2.89,0.3342,0.0045,0.0,0.0004,0.04,8.98,MIN_PROFIT_TP_HIT,0.1056
279,TRUMP_USDT,SHORT,EMACrossover(5/13-SHORT),2,0.2,1.665,1.67,1.663,1.67,2026-08-20 13:06:59 UTC,2026-08-20 13:07:53 UTC,53.56,0.333,0.0044,0.0,-0.001,-0.09,-22.52,STOP_LOSS_HIT,0.1046
280,TRUMP_USDT,LONG,EMACrossover(5/13-LONG),2,0.2,1.668,1.67,1.67,1.663,2026-08-20 13:17:59 UTC,2026-08-20 13:18:11 UTC,11.15,0.3336,0.0044,0.0,0.0004,0.04,8.99,MIN_PROFIT_TP_HIT,0.105
281,TRUMP_USDT,SHORT,EMACrossover(5/13-SHORT),2,0.2,1.656,1.654,1.654,1.661,2026-08-20 13:22:59 UTC,2026-08-20 13:23:01 UTC,1.48,0.3312,0.0044,0.0,0.0004,0.04,9.06,MIN_PROFIT_TP_HIT,0.1054
282,TRUMP_USDT,LONG,EMACrossover(5/13-LONG),2,0.2,1.657,1.659,1.659,1.652,2026-08-20 13:43:59 UTC,2026-08-20 13:44:30 UTC,30.96,0.3314,0.0044,0.0,0.0004,0.04,9.05,MIN_PROFIT_TP_HIT,0.1058
283,TRUMP_USDT,SHORT,EMACrossover(5/13-SHORT),2,0.2,1.659,1.657,1.657,1.664,2026-08-20 14:06:59 UTC,2026-08-20 14:08:00 UTC,60.24,0.3318,0.0044,0.0,0.0004,0.04,9.04,MIN_PROFIT_TP_HIT,0.1062
284,TRUMP_USDT,LONG,EMACrossover(5/13-LONG),2,0.2,1.64,1.635,1.642,1.635,2026-08-20 14:40:59 UTC,2026-08-20 14:43:08 UTC,128.92,0.328,0.0044,0.0,-0.001,-0.09,-22.87,STOP_LOSS_HIT,0.1052
285,TRUMP_USDT,SHORT,EMACrossover(5/13-SHORT),2,0.2,1.635,1.633,1.633,1.64,2026-08-20 14:49:59 UTC,2026-08-20 14:50:02 UTC,2.12,0.327,0.0044,0.0,0.0004,0.04,9.17,MIN_PROFIT_TP_HIT,0.1056
286,TRUMP_USDT,LONG,EMACrossover(5/13-LONG),2,0.2,1.642,1.637,1.644,1.637,2026-08-20 14:53:59 UTC,2026-08-20 14:55:05 UTC,65.01,0.3284,0.0044,0.0,-0.001,-0.09,-22.84,STOP_LOSS_HIT,0.1046
287,TRUMP_USDT,SHORT,EMACrossover(5/13-SHORT),2,0.2,1.659,1.664,1.657,1.664,2026-08-20 15:26:59 UTC,2026-08-20 15:28:46 UTC,107.0,0.3318,0.0044,0.0,-0.001,-0.09,-22.6,STOP_LOSS_HIT,0.1036
288,TRUMP_USDT,SHORT,EMACrossover(5/13-SHORT),2,0.2,1.661,1.659,1.659,1.666,2026-08-20 15:37:59 UTC,2026-08-20 15:38:36 UTC,36.54,0.3322,0.0044,0.0,0.0004,0.04,9.03,MIN_PROFIT_TP_HIT,0.104
289,TRUMP_USDT,LONG,EMACrossover(5/13-LONG),2,0.2,1.663,1.665,1.665,1.658,2026-08-20 15:44:59 UTC,2026-08-20 15:46:52 UTC,112.12,0.3326,0.0044,0.0,0.0004,0.04,9.02,MIN_PROFIT_TP_HIT,0.1044
290,TRUMP_USDT,SHORT,EMACrossover(5/13-SHORT),2,0.2,1.666,1.664,1.664,1.671,2026-08-20 16:08:59 UTC,2026-08-20 16:10:04 UTC,64.74,0.3332,0.0044,0.0,0.0004,0.04,9.0,MIN_PROFIT_TP_HIT,0.1048
291,TRUMP_USDT,LONG,EMACrossover(5/13-LONG),2,0.2,1.659,1.661,1.661,1.654,2026-08-20 16:24:59 UTC,2026-08-20 16:25:27 UTC,27.51,0.3318,0.0044,0.0,0.0004,0.04,9.04,MIN_PROFIT_TP_HIT,0.1052
292,TRUMP_USDT,LONG,EMACrossover(5/13-LONG),2,0.2,1.665,1.667,1.667,1.66,2026-08-20 16:30:59 UTC,2026-08-20 16:31:28 UTC,28.22,0.333,0.0044,0.0,0.0004,0.04,9.01,MIN_PROFIT_TP_HIT,0.1056
293,TRUMP_USDT,SHORT,EMACrossover(5/13-SHORT),2,0.2,1.692,1.69,1.69,1.697,2026-08-20 17:18:59 UTC,2026-08-20 17:20:38 UTC,98.77,0.3384,0.0045,0.0,0.0004,0.04,8.87,MIN_PROFIT_TP_HIT,0.106
294,TRUMP_USDT,LONG,EMACrossover(5/13-LONG),2,0.2,1.683,1.685,1.685,1.678,2026-08-20 17:49:59 UTC,2026-08-20 17:50:34 UTC,34.65,0.3366,0.0045,0.0,0.0004,0.04,8.91,MIN_PROFIT_TP_HIT,0.1064
295,TRUMP_USDT,SHORT,EMACrossover(5/13-SHORT),2,0.2,1.685,1.683,1.683,1.69,2026-08-20 17:58:59 UTC,2026-08-20 17:59:35 UTC,35.43,0.337,0.0045,0.0,0.0004,0.04,8.9,MIN_PROFIT_TP_HIT,0.1068
296,TRUMP_USDT,LONG,EMACrossover(5/13-LONG),2,0.2,1.658,1.66,1.66,1.653,2026-08-20 18:25:59 UTC,2026-08-20 18:26:00 UTC,0.73,0.3316,0.0044,0.0,0.0004,0.04,9.05,MIN_PROFIT_TP_HIT,0.1072
297,TRUMP_USDT,SHORT,EMACrossover(5/13-SHORT),2,0.2,1.655,1.653,1.653,1.66,2026-08-20 18:29:59 UTC,2026-08-20 18:31:18 UTC,78.41,0.331,0.0044,0.0,0.0004,0.04,9.06,MIN_PROFIT_TP_HIT,0.1076
298,TRUMP_USDT,LONG,EMACrossover(5/13-LONG),2,0.2,1.657,1.659,1.659,1.652,2026-08-20 18:45:59 UTC,2026-08-20 18:50:38 UTC,278.04,0.3314,0.0044,0.0,0.0004,0.04,9.05,MIN_PROFIT_TP_HIT,0.108
299,TRUMP_USDT,SHORT,EMACrossover(5/13-SHORT),2,0.2,1.653,1.651,1.651,1.658,2026-08-20 18:58:59 UTC,2026-08-20 18:59:15 UTC,15.82,0.3306,0.0044,0.0,0.0004,0.04,9.07,MIN_PROFIT_TP_HIT,0.1084
300,TRUMP_USDT,LONG,EMACrossover(5/13-LONG),2,0.2,1.656,1.651,1.658,1.651,2026-08-20 19:10:59 UTC,2026-08-20 19:12:35 UTC,95.11,0.3312,0.0044,0.0,-0.001,-0.09,-22.64,STOP_LOSS_HIT,0.1074
301,TRUMP_USDT,SHORT,EMACrossover(5/13-SHORT),2,0.2,1.651,1.656,1.649,1.656,2026-08-20 19:14:59 UTC,2026-08-20 19:15:48 UTC,48.14,0.3302,0.0044,0.0,-0.001,-0.09,-22.71,STOP_LOSS_HIT,0.1064
302,TRUMP_USDT,LONG,EMACrossover(5/13-LONG),2,0.2,1.654,1.649,1.656,1.649,2026-08-20 19:16:59 UTC,2026-08-20 19:18:16 UTC,76.14,0.3308,0.0044,0.0,-0.001,-0.09,-22.67,STOP_LOSS_HIT,0.1054
303,TRUMP_USDT,SHORT,EMACrossover(5/13-SHORT),2,0.2,1.65,1.648,1.648,1.655,2026-08-20 19:19:59 UTC,2026-08-20 19:20:00 UTC,0.75,0.33,0.0044,0.0,0.0004,0.04,9.09,MIN_PROFIT_TP_HIT,0.1058
304,TRUMP_USDT,LONG,EMACrossover(5/13-LONG),2,0.2,1.652,1.647,1.654,1.647,2026-08-20 19:25:59 UTC,2026-08-20 19:27:22 UTC,82.48,0.3304,0.0044,0.0,-0.001,-0.09,-22.7,STOP_LOSS_HIT,0.1048
305,TRUMP_USDT,LONG,EMACrossover(5/13-LONG),2,0.2,1.65,1.645,1.652,1.645,2026-08-20 19:39:59 UTC,2026-08-20 19:46:34 UTC,394.6,0.33,0.0044,0.0,-0.001,-0.09,-22.73,STOP_LOSS_HIT,0.1038
306,TRUMP_USDT,SHORT,EMACrossover(5/13-SHORT),2,0.2,1.647,1.645,1.645,1.652,2026-08-20 19:47:59 UTC,2026-08-20 19:48:31 UTC,31.97,0.3294,0.0044,0.0,0.0004,0.04,9.11,MIN_PROFIT_TP_HIT,0.1042
307,TRUMP_USDT,LONG,EMACrossover(5/13-LONG),2,0.2,1.647,1.649,1.649,1.642,2026-08-20 19:54:59 UTC,2026-08-20 20:01:35 UTC,395.16,0.3294,0.0044,0.0,0.0004,0.04,9.11,MIN_PROFIT_TP_HIT,0.1046
308,TRUMP_USDT,LONG,EMACrossover(5/13-LONG),2,0.2,1.645,1.647,1.647,1.64,2026-08-20 20:02:59 UTC,2026-08-20 20:03:11 UTC,11.32,0.329,0.0044,0.0,0.0004,0.04,9.12,MIN_PROFIT_TP_HIT,0.105
309,TRUMP_USDT,LONG,EMACrossover(5/13-LONG),2,0.2,1.649,1.644,1.651,1.644,2026-08-20 20:06:59 UTC,2026-08-20 20:13:01 UTC,361.98,0.3298,0.0044,0.0,-0.001,-0.09,-22.74,STOP_LOSS_HIT,0.104
310,TRUMP_USDT,SHORT,EMACrossover(5/13-SHORT),2,0.2,1.645,1.65,1.643,1.65,2026-08-20 20:14:59 UTC,2026-08-20 20:22:40 UTC,460.9,0.329,0.0044,0.0,-0.001,-0.09,-22.8,STOP_LOSS_HIT,0.103
311,TRUMP_USDT,LONG,EMACrossover(5/13-LONG),2,0.2,1.653,1.655,1.655,1.648,2026-08-20 20:23:59 UTC,2026-08-20 20:24:34 UTC,34.34,0.3306,0.0044,0.0,0.0004,0.04,9.07,MIN_PROFIT_TP_HIT,0.1034
312,TRUMP_USDT,SHORT,EMACrossover(5/13-SHORT),2,0.2,1.653,1.651,1.651,1.658,2026-08-20 20:38:59 UTC,2026-08-20 20:39:29 UTC,29.98,0.3306,0.0044,0.0,0.0004,0.04,9.07,MIN_PROFIT_TP_HIT,0.1038
313,TRUMP_USDT,LONG,EMACrossover(5/13-LONG),2,0.2,1.655,1.65,1.657,1.65,2026-08-20 20:57:59 UTC,2026-08-20 21:05:45 UTC,465.38,0.331,0.0044,0.0,-0.001,-0.09,-22.66,STOP_LOSS_HIT,0.1028
314,TRUMP_USDT,SHORT,EMACrossover(5/13-SHORT),2,0.2,1.651,1.656,1.649,1.656,2026-08-20 21:06:59 UTC,2026-08-20 21:07:47 UTC,47.66,0.3302,0.0044,0.0,-0.001,-0.09,-22.71,STOP_LOSS_HIT,0.1018
315,TRUMP_USDT,LONG,EMACrossover(5/13-LONG),2,0.2,1.656,1.658,1.658,1.651,2026-08-20 21:08:59 UTC,2026-08-20 21:10:00 UTC,60.46,0.3312,0.0044,0.0,0.0004,0.04,9.06,MIN_PROFIT_TP_HIT,0.1022
316,TRUMP_USDT,SHORT,EMACrossover(5/13-SHORT),2,0.2,1.654,1.652,1.652,1.659,2026-08-20 21:20:59 UTC,2026-08-20 21:23:01 UTC,121.73,0.3308,0.0044,0.0,0.0004,0.04,9.07,MIN_PROFIT_TP_HIT,0.1026
317,TRUMP_USDT,LONG,EMACrossover(5/13-LONG),2,0.2,1.656,1.658,1.658,1.651,2026-08-20 21:31:59 UTC,2026-08-20 21:34:34 UTC,154.32,0.3312,0.0044,0.0,0.0004,0.04,9.06,MIN_PROFIT_TP_HIT,0.103
318,TRUMP_USDT,SHORT,EMACrossover(5/13-SHORT),2,0.2,1.652,1.65,1.65,1.657,2026-08-20 21:40:59 UTC,2026-08-20 21:41:05 UTC,5.67,0.3304,0.0044,0.0,0.0004,0.04,9.08,MIN_PROFIT_TP_HIT,0.1034
319,TRUMP_USDT,LONG,EMACrossover(5/13-LONG),2,0.2,1.653,1.655,1.655,1.648,2026-08-20 21:52:59 UTC,2026-08-20 21:53:19 UTC,19.79,0.3306,0.0044,0.0,0.0004,0.04,9.07,MIN_PROFIT_TP_HIT,0.1038
320,TRUMP_USDT,SHORT,EMACrossover(5/13-SHORT),2,0.2,1.646,1.644,1.644,1.651,2026-08-20 22:03:59 UTC,2026-08-20 22:10:02 UTC,362.9,0.3292,0.0044,0.0,0.0004,0.04,9.11,MIN_PROFIT_TP_HIT,0.1042
321,TRUMP_USDT,LONG,EMACrossover(5/13-LONG),2,0.2,1.625,1.627,1.627,1.62,2026-08-20 22:40:59 UTC,2026-08-20 22:41:53 UTC,53.1,0.325,0.0043,0.0,0.0004,0.04,9.23,MIN_PROFIT_TP_HIT,0.1046
322,TRUMP_USDT,SHORT,EMACrossover(5/13-SHORT),2,0.2,1.624,1.622,1.622,1.629,2026-08-20 22:42:59 UTC,2026-08-20 22:44:24 UTC,84.08,0.3248,0.0043,0.0,0.0004,0.04,9.24,MIN_PROFIT_TP_HIT,0.105
323,TRUMP_USDT,LONG,EMACrossover(5/13-LONG),2,0.2,1.626,1.628,1.628,1.621,2026-08-20 22:50:59 UTC,2026-08-20 22:51:10 UTC,10.1,0.3252,0.0043,0.0,0.0004,0.04,9.23,MIN_PROFIT_TP_HIT,0.1054
324,TRUMP_USDT,SHORT,EMACrossover(5/13-SHORT),2,0.2,1.622,1.62,1.62,1.627,2026-08-20 22:55:59 UTC,2026-08-20 22:57:29 UTC,89.25,0.3244,0.0043,0.0,0.0004,0.04,9.25,MIN_PROFIT_TP_HIT,0.1058
325,TRUMP_USDT,LONG,EMACrossover(5/13-LONG),2,0.2,1.625,1.627,1.627,1.62,2026-08-20 23:10:59 UTC,2026-08-20 23:13:28 UTC,148.38,0.325,0.0043,0.0,0.0004,0.04,9.23,MIN_PROFIT_TP_HIT,0.1062
326,TRUMP_USDT,SHORT,EMACrossover(5/13-SHORT),2,0.2,1.622,1.62,1.62,1.627,2026-08-20 23:17:59 UTC,2026-08-20 23:18:07 UTC,7.37,0.3244,0.0043,0.0,0.0004,0.04,9.25,MIN_PROFIT_TP_HIT,0.1066
327,TRUMP_USDT,LONG,EMACrossover(5/13-LONG),2,0.2,1.626,1.628,1.628,1.621,2026-08-20 23:20:59 UTC,2026-08-20 23:21:58 UTC,58.26,0.3252,0.0043,0.0,0.0004,0.04,9.23,MIN_PROFIT_TP_HIT,0.107
328,TRUMP_USDT,SHORT,EMACrossover(5/13-SHORT),2,0.2,1.647,1.645,1.645,1.652,2026-08-20 23:50:59 UTC,2026-08-20 23:52:04 UTC,64.88,0.3294,0.0044,0.0,0.0004,0.04,9.11,MIN_PROFIT_TP_HIT,0.1074
329,TRUMP_USDT,LONG,EMACrossover(5/13-LONG),2,0.2,1.648,1.65,1.65,1.643,2026-08-20 23:57:59 UTC,2026-08-21 00:00:21 UTC,141.27,0.3296,0.0044,0.0,0.0004,0.04,9.1,MIN_PROFIT_TP_HIT,0.1078
330,TRUMP_USDT,SHORT,EMACrossover(5/13-SHORT),2,0.2,1.643,1.641,1.641,1.648,2026-08-21 00:01:59 UTC,2026-08-21 00:02:17 UTC,17.6,0.3286,0.0044,0.0,0.0004,0.04,9.13,MIN_PROFIT_TP_HIT,0.1082
331,TRUMP_USDT,LONG,EMACrossover(5/13-LONG),2,0.2,1.65,1.652,1.652,1.645,2026-08-21 00:08:59 UTC,2026-08-21 00:13:17 UTC,257.39,0.33,0.0044,0.0,0.0004,0.04,9.09,MIN_PROFIT_TP_HIT,0.1086
332,TRUMP_USDT,SHORT,EMACrossover(5/13-SHORT),2,0.2,1.655,1.653,1.653,1.66,2026-08-21 00:18:59 UTC,2026-08-21 00:19:03 UTC,3.95,0.331,0.0044,0.0,0.0004,0.04,9.06,MIN_PROFIT_TP_HIT,0.109
333,TRUMP_USDT,SHORT,EMACrossover(5/13-SHORT),2,0.2,1.64,1.638,1.638,1.645,2026-08-21 00:28:59 UTC,2026-08-21 00:29:06 UTC,6.96,0.328,0.0044,0.0,0.0004,0.04,9.15,MIN_PROFIT_TP_HIT,0.1094
334,TRUMP_USDT,LONG,EMACrossover(5/13-LONG),2,0.2,1.649,1.651,1.651,1.644,2026-08-21 00:49:59 UTC,2026-08-21 00:51:47 UTC,107.25,0.3298,0.0044,0.0,0.0004,0.04,9.1,MIN_PROFIT_TP_HIT,0.1098
335,TRUMP_USDT,SHORT,EMACrossover(5/13-SHORT),2,0.2,1.64,1.645,1.638,1.645,2026-08-21 01:01:59 UTC,2026-08-21 01:03:57 UTC,117.58,0.328,0.0044,0.0,-0.001,-0.09,-22.87,STOP_LOSS_HIT,0.1088
336,TRUMP_USDT,LONG,EMACrossover(5/13-LONG),2,0.2,1.649,1.651,1.651,1.644,2026-08-21 01:05:59 UTC,2026-08-21 01:07:43 UTC,103.95,0.3298,0.0044,0.0,0.0004,0.04,9.1,MIN_PROFIT_TP_HIT,0.1092
337,TRUMP_USDT,SHORT,EMACrossover(5/13-SHORT),2,0.2,1.641,1.646,1.639,1.646,2026-08-21 01:11:59 UTC,2026-08-21 01:12:46 UTC,46.05,0.3282,0.0044,0.0,-0.001,-0.09,-22.85,STOP_LOSS_HIT,0.1082
338,TRUMP_USDT,LONG,EMACrossover(5/13-LONG),2,0.2,1.648,1.65,1.65,1.643,2026-08-21 01:15:59 UTC,2026-08-21 01:16:25 UTC,25.85,0.3296,0.0044,0.0,0.0004,0.04,9.1,MIN_PROFIT_TP_HIT,0.1086
339,TRUMP_USDT,SHORT,EMACrossover(5/13-SHORT),2,0.2,1.656,1.654,1.654,1.661,2026-08-21 01:31:59 UTC,2026-08-21 01:32:11 UTC,11.29,0.3312,0.0044,0.0,0.0004,0.04,9.06,MIN_PROFIT_TP_HIT,0.109
340,TRUMP_USDT,SHORT,EMACrossover(5/13-SHORT),2,0.2,1.667,1.672,1.665,1.672,2026-08-21 01:57:59 UTC,2026-08-21 01:58:12 UTC,12.1,0.3334,0.0044,0.0,-0.001,-0.09,-22.5,STOP_LOSS_HIT,0.108
341,TRUMP_USDT,LONG,EMACrossover(5/13-LONG),2,0.2,1.66,1.655,1.662,1.655,2026-08-21 02:29:59 UTC,2026-08-21 02:33:13 UTC,193.4,0.332,0.0044,0.0,-0.001,-0.09,-22.59,STOP_LOSS_HIT,0.107
342,TRUMP_USDT,LONG,EMACrossover(5/13-LONG),2,0.2,1.657,1.659,1.659,1.652,2026-08-21 02:44:59 UTC,2026-08-21 02:45:31 UTC,31.43,0.3314,0.0044,0.0,0.0004,0.04,9.05,MIN_PROFIT_TP_HIT,0.1074
343,TRUMP_USDT,SHORT,EMACrossover(5/13-SHORT),2,0.2,1.652,1.65,1.65,1.657,2026-08-21 02:46:59 UTC,2026-08-21 02:47:04 UTC,4.37,0.3304,0.0044,0.0,0.0004,0.04,9.08,MIN_PROFIT_TP_HIT,0.1078
344,TRUMP_USDT,LONG,EMACrossover(5/13-LONG),2,0.2,1.653,1.648,1.655,1.648,2026-08-21 02:53:59 UTC,2026-08-21 02:56:03 UTC,123.59,0.3306,0.0044,0.0,-0.001,-0.09,-22.69,STOP_LOSS_HIT,0.1068
345,TRUMP_USDT,LONG,EMACrossover(5/13-LONG),2,0.2,1.652,1.647,1.654,1.647,2026-08-21 03:13:59 UTC,2026-08-21 03:14:53 UTC,53.9,0.3304,0.0044,0.0,-0.001,-0.09,-22.7,STOP_LOSS_HIT,0.1058
346,TRUMP_USDT,SHORT,EMACrossover(5/13-SHORT),2,0.2,1.647,1.645,1.645,1.652,2026-08-21 03:18:59 UTC,2026-08-21 03:21:22 UTC,142.4,0.3294,0.0044,0.0,0.0004,0.04,9.11,MIN_PROFIT_TP_HIT,0.1062
347,TRUMP_USDT,SHORT,EMACrossover(5/13-SHORT),2,0.2,1.646,1.644,1.644,1.651,2026-08-21 03:23:59 UTC,2026-08-21 03:25:47 UTC,107.75,0.3292,0.0044,0.0,0.0004,0.04,9.11,MIN_PROFIT_TP_HIT,0.1066
348,TRUMP_USDT,LONG,EMACrossover(5/13-LONG),2,0.2,1.652,1.654,1.654,1.647,2026-08-21 03:29:59 UTC,2026-08-21 03:32:07 UTC,127.52,0.3304,0.0044,0.0,0.0004,0.04,9.08,MIN_PROFIT_TP_HIT,0.107
349,TRUMP_USDT,SHORT,EMACrossover(5/13-SHORT),2,0.2,1.669,1.667,1.667,1.674,2026-08-21 04:07:59 UTC,2026-08-21 04:08:05 UTC,5.27,0.3338,0.0045,0.0,0.0004,0.04,8.99,MIN_PROFIT_TP_HIT,0.1074
350,TRUMP_USDT,LONG,EMACrossover(5/13-LONG),2,0.2,1.667,1.669,1.669,1.662,2026-08-21 04:34:59 UTC,2026-08-21 04:36:01 UTC,61.04,0.3334,0.0044,0.0,0.0004,0.04,9.0,MIN_PROFIT_TP_HIT,0.1078
351,TRUMP_USDT,SHORT,EMACrossover(5/13-SHORT),2,0.2,1.669,1.674,1.667,1.674,2026-08-21 05:05:59 UTC,2026-08-21 05:10:28 UTC,268.85,0.3338,0.0045,0.0,-0.001,-0.09,-22.47,STOP_LOSS_HIT,0.1068
352,TRUMP_USDT,SHORT,EMACrossover(5/13-SHORT),2,0.2,1.675,1.68,1.673,1.68,2026-08-21 05:26:59 UTC,2026-08-21 05:27:16 UTC,16.47,0.335,0.0045,0.0,-0.001,-0.09,-22.39,STOP_LOSS_HIT,0.1058
353,TRUMP_USDT,LONG,EMACrossover(5/13-LONG),2,0.2,1.691,1.693,1.693,1.686,2026-08-21 05:30:59 UTC,2026-08-21 05:31:51 UTC,51.25,0.3382,0.0045,0.0,0.0004,0.04,8.87,MIN_PROFIT_TP_HIT,0.1062
354,TRUMP_USDT,SHORT,EMACrossover(5/13-SHORT),2,0.2,1.699,1.697,1.697,1.704,2026-08-21 05:53:59 UTC,2026-08-21 05:54:06 UTC,6.47,0.3398,0.0045,0.0,0.0004,0.04,8.83,MIN_PROFIT_TP_HIT,0.1066
355,TRUMP_USDT,LONG,EMACrossover(5/13-LONG),2,0.2,1.7,1.695,1.702,1.695,2026-08-21 06:00:59 UTC,2026-08-21 06:01:28 UTC,28.74,0.34,0.0045,0.0,-0.001,-0.09,-22.06,STOP_LOSS_HIT,0.1056
356,TRUMP_USDT,SHORT,EMACrossover(5/13-SHORT),2,0.2,1.702,1.707,1.7,1.707,2026-08-21 06:02:59 UTC,2026-08-21 06:04:20 UTC,80.15,0.3404,0.0045,0.0,-0.001,-0.09,-22.03,STOP_LOSS_HIT,0.1046
357,TRUMP_USDT,SHORT,EMACrossover(5/13-SHORT),2,0.2,1.698,1.696,1.696,1.703,2026-08-21 06:12:59 UTC,2026-08-21 06:14:41 UTC,101.4,0.3396,0.0045,0.0,0.0004,0.04,8.83,MIN_PROFIT_TP_HIT,0.105
358,TRUMP_USDT,LONG,EMACrossover(5/13-LONG),2,0.2,1.693,1.695,1.695,1.688,2026-08-21 06:22:59 UTC,2026-08-21 06:23:01 UTC,1.78,0.3386,0.0045,0.0,0.0004,0.04,8.86,MIN_PROFIT_TP_HIT,0.1054
359,TRUMP_USDT,LONG,EMACrossover(5/13-LONG),2,0.2,1.7,1.702,1.702,1.695,2026-08-21 06:27:59 UTC,2026-08-21 06:28:09 UTC,9.84,0.34,0.0045,0.0,0.0004,0.04,8.82,MIN_PROFIT_TP_HIT,0.1058
360,TRUMP_USDT,SHORT,EMACrossover(5/13-SHORT),2,0.2,1.697,1.695,1.695,1.702,2026-08-21 06:33:59 UTC,2026-08-21 06:34:16 UTC,16.91,0.3394,0.0045,0.0,0.0004,0.04,8.84,MIN_PROFIT_TP_HIT,0.1062
361,TRUMP_USDT,LONG,EMACrossover(5/13-LONG),2,0.2,1.704,1.706,1.706,1.699,2026-08-21 06:49:59 UTC,2026-08-21 06:51:25 UTC,85.14,0.3408,0.0045,0.0,0.0004,0.04,8.8,MIN_PROFIT_TP_HIT,0.1066
362,TRUMP_USDT,SHORT,EMACrossover(5/13-SHORT),2,0.2,1.711,1.709,1.709,1.716,2026-08-21 07:21:59 UTC,2026-08-21 07:22:05 UTC,5.91,0.3422,0.0046,0.0,0.0004,0.04,8.77,MIN_PROFIT_TP_HIT,0.107
363,TRUMP_USDT,LONG,EMACrossover(5/13-LONG),2,0.2,1.71,1.712,1.712,1.705,2026-08-21 07:37:59 UTC,2026-08-21 07:38:13 UTC,13.23,0.342,0.0046,0.0,0.0004,0.04,8.77,MIN_PROFIT_TP_HIT,0.1074
364,TRUMP_USDT,SHORT,EMACrossover(5/13-SHORT),2,0.2,1.721,1.726,1.719,1.726,2026-08-21 07:55:59 UTC,2026-08-21 07:57:09 UTC,69.29,0.3442,0.0046,0.0,-0.001,-0.09,-21.79,STOP_LOSS_HIT,0.1064
365,TRUMP_USDT,SHORT,EMACrossover(5/13-SHORT),2,0.2,1.717,1.715,1.715,1.722,2026-08-21 08:07:59 UTC,2026-08-21 08:10:59 UTC,179.83,0.3434,0.0046,0.0,0.0004,0.04,8.74,MIN_PROFIT_TP_HIT,0.1068
366,TRUMP_USDT,LONG,EMACrossover(5/13-LONG),2,0.2,1.729,1.731,1.731,1.724,2026-08-21 08:18:59 UTC,2026-08-21 08:19:05 UTC,5.54,0.3458,0.0046,0.0,0.0004,0.04,8.68,MIN_PROFIT_TP_HIT,0.1072
367,TRUMP_USDT,SHORT,EMACrossover(5/13-SHORT),2,0.2,1.733,1.738,1.731,1.738,2026-08-21 08:37:59 UTC,2026-08-21 08:39:07 UTC,67.89,0.3466,0.0046,0.0,-0.001,-0.09,-21.64,STOP_LOSS_HIT,0.1062
368,TRUMP_USDT,LONG,EMACrossover(5/13-LONG),2,0.2,1.742,1.744,1.744,1.737,2026-08-21 08:40:59 UTC,2026-08-21 08:41:23 UTC,23.74,0.3484,0.0046,0.0,0.0004,0.04,8.61,MIN_PROFIT_TP_HIT,0.1066
369,TRUMP_USDT,SHORT,EMACrossover(5/13-SHORT),2,0.2,1.746,1.751,1.744,1.751,2026-08-21 09:02:59 UTC,2026-08-21 09:03:00 UTC,0.71,0.3492,0.0047,0.0,-0.001,-0.09,-21.48,STOP_LOSS_HIT,0.1056
370,TRUMP_USDT,LONG,EMACrossover(5/13-LONG),2,0.2,1.725,1.72,1.727,1.72,2026-08-21 09:29:59 UTC,2026-08-21 09:30:47 UTC,47.6,0.345,0.0046,0.0,-0.001,-0.09,-21.74,STOP_LOSS_HIT,0.1046
371,TRUMP_USDT,SHORT,EMACrossover(5/13-SHORT),2,0.2,1.726,1.731,1.724,1.731,2026-08-21 09:31:59 UTC,2026-08-21 09:33:26 UTC,86.34,0.3452,0.0046,0.0,-0.001,-0.09,-21.73,STOP_LOSS_HIT,0.1036
372,TRUMP_USDT,SHORT,EMACrossover(5/13-SHORT),2,0.2,1.757,1.755,1.755,1.762,2026-08-21 10:04:59 UTC,2026-08-21 10:05:06 UTC,6.85,0.3514,0.0047,0.0,0.0004,0.04,8.54,MIN_PROFIT_TP_HIT,0.104
373,TRUMP_USDT,LONG,EMACrossover(5/13-LONG),2,0.2,1.77,1.772,1.772,1.765,2026-08-21 10:16:59 UTC,2026-08-21 10:17:03 UTC,3.5,0.354,0.0047,0.0,0.0004,0.04,8.47,MIN_PROFIT_TP_HIT,0.1044
374,TRUMP_USDT,SHORT,EMACrossover(5/13-SHORT),2,0.2,1.753,1.751,1.751,1.758,2026-08-21 10:24:59 UTC,2026-08-21 10:25:09 UTC,9.52,0.3506,0.0047,0.0,0.0004,0.04,8.56,MIN_PROFIT_TP_HIT,0.1048
375,TRUMP_USDT,LONG,EMACrossover(5/13-LONG),2,0.2,1.757,1.752,1.759,1.752,2026-08-21 10:49:59 UTC,2026-08-21 10:51:53 UTC,113.28,0.3514,0.0047,0.0,-0.001,-0.09,-21.34,STOP_LOSS_HIT,0.1038
376,TRUMP_USDT,SHORT,EMACrossover(5/13-SHORT),2,0.2,1.78,1.778,1.778,1.785,2026-08-21 11:33:59 UTC,2026-08-21 11:34:03 UTC,3.63,0.356,0.0047,0.0,0.0004,0.04,8.43,MIN_PROFIT_TP_HIT,0.1042
377,TRUMP_USDT,LONG,EMACrossover(5/13-LONG),2,0.2,1.8,1.802,1.802,1.795,2026-08-21 11:39:59 UTC,2026-08-21 11:40:07 UTC,7.45,0.36,0.0048,0.0,0.0004,0.04,8.33,MIN_PROFIT_TP_HIT,0.1046
378,TRUMP_USDT,SHORT,EMACrossover(5/13-SHORT),2,0.2,1.791,1.789,1.789,1.796,2026-08-21 11:43:59 UTC,2026-08-21 11:44:05 UTC,5.2,0.3582,0.0048,0.0,0.0004,0.04,8.38,MIN_PROFIT_TP_HIT,0.105
379,TRUMP_USDT,LONG,EMACrossover(5/13-LONG),2,0.2,1.802,1.804,1.804,1.797,2026-08-21 11:52:59 UTC,2026-08-21 11:53:01 UTC,1.01,0.3604,0.0048,0.0,0.0004,0.04,8.32,MIN_PROFIT_TP_HIT,0.1054
380,TRUMP_USDT,SHORT,EMACrossover(5/13-SHORT),2,0.2,1.787,1.785,1.785,1.792,2026-08-21 11:57:59 UTC,2026-08-21 11:58:10 UTC,10.59,0.3574,0.0048,0.0,0.0004,0.04,8.39,MIN_PROFIT_TP_HIT,0.1058
381,TRUMP_USDT,LONG,EMACrossover(5/13-LONG),2,0.2,1.786,1.788,1.788,1.781,2026-08-21 12:09:59 UTC,2026-08-21 12:10:06 UTC,6.57,0.3572,0.0048,0.0,0.0004,0.04,8.4,MIN_PROFIT_TP_HIT,0.1062
382,TRUMP_USDT,SHORT,EMACrossover(5/13-SHORT),2,0.2,1.774,1.779,1.772,1.779,2026-08-21 12:20:59 UTC,2026-08-21 12:21:26 UTC,26.65,0.3548,0.0047,0.0,-0.001,-0.09,-21.14,STOP_LOSS_HIT,0.1052
383,TRUMP_USDT,LONG,EMACrossover(5/13-LONG),2,0.2,1.795,1.797,1.797,1.79,2026-08-21 12:23:59 UTC,2026-08-21 12:24:14 UTC,14.03,0.359,0.0048,0.0,0.0004,0.04,8.36,MIN_PROFIT_TP_HIT,0.1056
384,TRUMP_USDT,SHORT,EMACrossover(5/13-SHORT),2,0.2,1.861,1.859,1.859,1.866,2026-08-21 13:04:59 UTC,2026-08-21 13:05:04 UTC,4.91,0.3722,0.005,0.0,0.0004,0.04,8.06,MIN_PROFIT_TP_HIT,0.106
385,TRUMP_USDT,LONG,EMACrossover(5/13-LONG),2,0.2,1.843,1.845,1.845,1.838,2026-08-21 13:39:59 UTC,2026-08-21 13:40:08 UTC,8.56,0.3686,0.0049,0.0,0.0004,0.04,8.14,MIN_PROFIT_TP_HIT,0.1064
386,TRUMP_USDT,SHORT,EMACrossover(5/13-SHORT),2,0.2,1.865,1.87,1.863,1.87,2026-08-21 13:59:59 UTC,2026-08-21 14:00:11 UTC,11.13,0.373,0.005,0.0,-0.001,-0.09,-20.11,STOP_LOSS_HIT,0.1054
387,TRUMP_USDT,LONG,EMACrossover(5/13-LONG),2,0.2,1.876,1.871,1.878,1.871,2026-08-21 14:01:59 UTC,2026-08-21 14:02:16 UTC,16.22,0.3752,0.005,0.0,-0.001,-0.09,-19.99,STOP_LOSS_HIT,0.1044
388,TRUMP_USDT,SHORT,EMACrossover(5/13-SHORT),2,0.2,1.854,1.859,1.852,1.859,2026-08-21 14:04:59 UTC,2026-08-21 14:05:04 UTC,4.64,0.3708,0.0049,0.0,-0.001,-0.09,-20.23,STOP_LOSS_HIT,0.1034
389,TRUMP_USDT,LONG,EMACrossover(5/13-LONG),2,0.2,1.884,1.886,1.886,1.879,2026-08-21 14:07:59 UTC,2026-08-21 14:08:02 UTC,2.74,0.3768,0.005,0.0,0.0004,0.04,7.96,MIN_PROFIT_TP_HIT,0.1038
390,TRUMP_USDT,SHORT,EMACrossover(5/13-SHORT),2,0.2,1.864,1.862,1.862,1.869,2026-08-21 14:20:59 UTC,2026-08-21 14:21:01 UTC,1.72,0.3728,0.005,0.0,0.0004,0.04,8.05,MIN_PROFIT_TP_HIT,0.1042
391,TRUMP_USDT,LONG,EMACrossover(5/13-LONG),2,0.2,1.863,1.865,1.865,1.858,2026-08-21 14:39:59 UTC,2026-08-21 14:40:03 UTC,3.27,0.3726,0.005,0.0,0.0004,0.04,8.05,MIN_PROFIT_TP_HIT,0.1046
392,TRUMP_USDT,LONG,EMACrossover(5/13-LONG),2,0.2,1.882,1.884,1.884,1.877,2026-08-21 14:46:59 UTC,2026-08-21 14:48:11 UTC,71.26,0.3764,0.005,0.0,0.0004,0.04,7.97,MIN_PROFIT_TP_HIT,0.105
393,TRUMP_USDT,SHORT,EMACrossover(5/13-SHORT),2,0.2,1.938,1.943,1.936,1.943,2026-08-21 15:36:59 UTC,2026-08-21 15:37:04 UTC,4.47,0.3876,0.0052,0.0,-0.001,-0.09,-19.35,STOP_LOSS_HIT,0.104
394,TRUMP_USDT,LONG,EMACrossover(5/13-LONG),2,0.2,1.852,1.847,1.854,1.847,2026-08-21 16:24:59 UTC,2026-08-21 16:25:36 UTC,36.73,0.3704,0.0049,0.0,-0.001,-0.09,-20.25,STOP_LOSS_HIT,0.103
395,TRUMP_USDT,SHORT,EMACrossover(5/13-SHORT),2,0.2,1.848,1.846,1.846,1.853,2026-08-21 16:35:59 UTC,2026-08-21 16:36:02 UTC,2.54,0.3696,0.0049,0.0,0.0004,0.04,8.12,MIN_PROFIT_TP_HIT,0.1034
396,TRUMP_USDT,LONG,EMACrossover(5/13-LONG),2,0.2,1.847,1.842,1.849,1.842,2026-08-21 16:41:59 UTC,2026-08-21 16:45:24 UTC,204.93,0.3694,0.0049,0.0,-0.001,-0.09,-20.3,STOP_LOSS_HIT,0.1024
397,TRUMP_USDT,LONG,EMACrossover(5/13-LONG),2,0.2,1.844,1.846,1.846,1.839,2026-08-21 16:53:59 UTC,2026-08-21 16:54:06 UTC,6.69,0.3688,0.0049,0.0,0.0004,0.04,8.13,MIN_PROFIT_TP_HIT,0.1028
398,TRUMP_USDT,SHORT,EMACrossover(5/13-SHORT),2,0.2,1.843,1.841,1.841,1.848,2026-08-21 17:10:59 UTC,2026-08-21 17:11:27 UTC,27.23,0.3686,0.0049,0.0,0.0004,0.04,8.14,MIN_PROFIT_TP_HIT,0.1032
399,TRUMP_USDT,LONG,EMACrossover(5/13-LONG),2,0.2,1.843,1.845,1.845,1.838,2026-08-21 17:25:59 UTC,2026-08-21 17:26:03 UTC,3.46,0.3686,0.0049,0.0,0.0004,0.04,8.14,MIN_PROFIT_TP_HIT,0.1036
400,TRUMP_USDT,SHORT,EMACrossover(5/13-SHORT),2,0.2,1.848,1.846,1.846,1.853,2026-08-21 17:40:59 UTC,2026-08-21 17:41:07 UTC,7.11,0.3696,0.0049,0.0,0.0004,0.04,8.12,MIN_PROFIT_TP_HIT,0.104
401,TRUMP_USDT,LONG,EMACrossover(5/13-LONG),2,0.2,1.846,1.848,1.848,1.841,2026-08-21 17:42:59 UTC,2026-08-21 17:43:05 UTC,5.13,0.3692,0.0049,0.0,0.0004,0.04,8.13,MIN_PROFIT_TP_HIT,0.1044
402,TRUMP_USDT,LONG,EMACrossover(5/13-LONG),2,0.2,1.848,1.843,1.85,1.843,2026-08-21 17:44:59 UTC,2026-08-21 17:45:27 UTC,27.24,0.3696,0.0049,0.0,-0.001,-0.09,-20.29,STOP_LOSS_HIT,0.1034
403,TRUMP_USDT,LONG,EMACrossover(5/13-LONG),2,0.2,1.841,1.843,1.843,1.836,2026-08-21 17:54:59 UTC,2026-08-21 17:55:03 UTC,3.8,0.3682,0.0049,0.0,0.0004,0.04,8.15,MIN_PROFIT_TP_HIT,0.1038
404,TRUMP_USDT,LONG,EMACrossover(5/13-LONG),2,0.2,1.85,1.852,1.852,1.845,2026-08-21 18:05:59 UTC,2026-08-21 18:06:26 UTC,26.57,0.37,0.0049,0.0,0.0004,0.04,8.11,MIN_PROFIT_TP_HIT,0.1042
405,TRUMP_USDT,SHORT,EMACrossover(5/13-SHORT),2,0.2,1.845,1.843,1.843,1.85,2026-08-21 18:15:59 UTC,2026-08-21 18:16:32 UTC,32.81,0.369,0.0049,0.0,0.0004,0.04,8.13,MIN_PROFIT_TP_HIT,0.1046
406,TRUMP_USDT,LONG,EMACrossover(5/13-LONG),2,0.2,1.784,1.786,1.786,1.779,2026-08-21 19:26:59 UTC,2026-08-21 19:27:59 UTC,59.96,0.3568,0.0048,0.0,0.0004,0.04,8.41,MIN_PROFIT_TP_HIT,0.105
407,TRUMP_USDT,SHORT,EMACrossover(5/13-SHORT),2,0.2,1.77,1.768,1.768,1.775,2026-08-21 19:34:59 UTC,2026-08-21 19:36:12 UTC,72.92,0.354,0.0047,0.0,0.0004,0.04,8.47,MIN_PROFIT_TP_HIT,0.1054
408,TRUMP_USDT,LONG,EMACrossover(5/13-LONG),2,0.2,1.765,1.767,1.767,1.76,2026-08-21 20:03:59 UTC,2026-08-21 20:04:02 UTC,2.56,0.353,0.0047,0.0,0.0004,0.04,8.5,MIN_PROFIT_TP_HIT,0.1058
409,TRUMP_USDT,SHORT,EMACrossover(5/13-SHORT),2,0.2,1.791,1.796,1.789,1.796,2026-08-21 20:39:59 UTC,2026-08-21 20:41:11 UTC,71.49,0.3582,0.0048,0.0,-0.001,-0.09,-20.94,STOP_LOSS_HIT,0.1048
410,TRUMP_USDT,SHORT,EMACrossover(5/13-SHORT),2,0.2,1.8,1.798,1.798,1.805,2026-08-21 21:06:59 UTC,2026-08-21 21:07:01 UTC,1.22,0.36,0.0048,0.0,0.0004,0.04,8.33,MIN_PROFIT_TP_HIT,0.1052
411,TRUMP_USDT,LONG,EMACrossover(5/13-LONG),2,0.2,1.815,1.817,1.817,1.81,2026-08-21 21:10:59 UTC,2026-08-21 21:12:15 UTC,75.91,0.363,0.0048,0.0,0.0004,0.04,8.26,MIN_PROFIT_TP_HIT,0.1056
412,TRUMP_USDT,SHORT,EMACrossover(5/13-SHORT),2,0.2,1.813,1.811,1.811,1.818,2026-08-21 21:37:59 UTC,2026-08-21 21:38:39 UTC,39.14,0.3626,0.0048,0.0,0.0004,0.04,8.27,MIN_PROFIT_TP_HIT,0.106
413,TRUMP_USDT,LONG,EMACrossover(5/13-LONG),2,0.2,1.812,1.814,1.814,1.807,2026-08-21 21:46:59 UTC,2026-08-21 21:48:18 UTC,78.04,0.3624,0.0048,0.0,0.0004,0.04,8.28,MIN_PROFIT_TP_HIT,0.1064
414,TRUMP_USDT,LONG,EMACrossover(5/13-LONG),2,0.2,1.816,1.818,1.818,1.811,2026-08-21 21:51:59 UTC,2026-08-21 21:52:09 UTC,9.28,0.3632,0.0048,0.0,0.0004,0.04,8.26,MIN_PROFIT_TP_HIT,0.1068
415,TRUMP_USDT,SHORT,EMACrossover(5/13-SHORT),2,0.2,1.823,1.821,1.821,1.828,2026-08-21 22:05:59 UTC,2026-08-21 22:06:05 UTC,5.55,0.3646,0.0049,0.0,0.0004,0.04,8.23,MIN_PROFIT_TP_HIT,0.1072
416,TRUMP_USDT,SHORT,EMACrossover(5/13-SHORT),2,0.2,1.827,1.825,1.825,1.832,2026-08-21 22:31:59 UTC,2026-08-21 22:32:03 UTC,3.28,0.3654,0.0049,0.0,0.0004,0.04,8.21,MIN_PROFIT_TP_HIT,0.1076
417,TRUMP_USDT,LONG,EMACrossover(5/13-LONG),2,0.2,1.84,1.842,1.842,1.835,2026-08-21 22:35:59 UTC,2026-08-21 22:36:17 UTC,17.98,0.368,0.0049,0.0,0.0004,0.04,8.15,MIN_PROFIT_TP_HIT,0.108
418,TRUMP_USDT,SHORT,EMACrossover(5/13-SHORT),2,0.2,1.867,1.865,1.865,1.872,2026-08-21 23:07:59 UTC,2026-08-21 23:08:07 UTC,7.06,0.3734,0.005,0.0,0.0004,0.04,8.03,MIN_PROFIT_TP_HIT,0.1084
419,TRUMP_USDT,LONG,EMACrossover(5/13-LONG),2,0.2,1.884,1.886,1.886,1.879,2026-08-21 23:12:59 UTC,2026-08-21 23:13:04 UTC,4.19,0.3768,0.005,0.0,0.0004,0.04,7.96,MIN_PROFIT_TP_HIT,0.1088
420,TRUMP_USDT,SHORT,EMACrossover(5/13-SHORT),2,0.2,1.888,1.893,1.886,1.893,2026-08-21 23:37:59 UTC,2026-08-21 23:38:01 UTC,1.7,0.3776,0.005,0.0,-0.001,-0.09,-19.86,STOP_LOSS_HIT,0.1078
421,TRUMP_USDT,LONG,EMACrossover(5/13-LONG),2,0.2,1.877,1.872,1.879,1.872,2026-08-22 00:03:59 UTC,2026-08-22 00:04:06 UTC,6.32,0.3754,0.005,0.0,-0.001,-0.09,-19.98,STOP_LOSS_HIT,0.1068
422,TRUMP_USDT,SHORT,EMACrossover(5/13-SHORT),2,0.2,1.858,1.856,1.856,1.863,2026-08-22 00:06:59 UTC,2026-08-22 00:07:02 UTC,2.23,0.3716,0.005,0.0,0.0004,0.04,8.07,MIN_PROFIT_TP_HIT,0.1072
423,TRUMP_USDT,LONG,EMACrossover(5/13-LONG),2,0.2,1.881,1.876,1.883,1.876,2026-08-22 00:11:59 UTC,2026-08-22 00:12:04 UTC,4.81,0.3762,0.005,0.0,-0.001,-0.09,-19.94,STOP_LOSS_HIT,0.1062
424,TRUMP_USDT,SHORT,EMACrossover(5/13-SHORT),2,0.2,1.89,1.895,1.888,1.895,2026-08-22 00:41:59 UTC,2026-08-22 00:42:03 UTC,3.76,0.378,0.005,0.0,-0.001,-0.09,-19.84,STOP_LOSS_HIT,0.1052
425,TRUMP_USDT,LONG,EMACrossover(5/13-LONG),2,0.2,1.907,1.909,1.909,1.902,2026-08-22 00:52:59 UTC,2026-08-22 00:53:07 UTC,7.91,0.3814,0.0051,0.0,0.0004,0.04,7.87,MIN_PROFIT_TP_HIT,0.1056
426,TRUMP_USDT,SHORT,EMACrossover(5/13-SHORT),2,0.2,1.92,1.925,1.918,1.925,2026-08-22 01:06:59 UTC,2026-08-22 01:07:17 UTC,17.73,0.384,0.0051,0.0,-0.001,-0.09,-19.53,STOP_LOSS_HIT,0.1046
427,TRUMP_USDT,LONG,EMACrossover(5/13-LONG),2,0.2,1.929,1.931,1.931,1.924,2026-08-22 01:16:59 UTC,2026-08-22 01:18:12 UTC,72.32,0.3858,0.0051,0.0,0.0004,0.04,7.78,MIN_PROFIT_TP_HIT,0.105
428,TRUMP_USDT,SHORT,EMACrossover(5/13-SHORT),2,0.2,1.93,1.928,1.928,1.935,2026-08-22 01:22:59 UTC,2026-08-22 01:23:01 UTC,1.37,0.386,0.0051,0.0,0.0004,0.04,7.77,MIN_PROFIT_TP_HIT,0.1054
429,TRUMP_USDT,SHORT,EMACrossover(5/13-SHORT),2,0.2,1.926,1.931,1.924,1.931,2026-08-22 01:37:59 UTC,2026-08-22 01:38:13 UTC,13.75,0.3852,0.0051,0.0,-0.001,-0.09,-19.47,STOP_LOSS_HIT,0.1044
430,TRUMP_USDT,LONG,EMACrossover(5/13-LONG),2,0.2,1.935,1.937,1.937,1.93,2026-08-22 01:44:59 UTC,2026-08-22 01:45:09 UTC,9.4,0.387,0.0052,0.0,0.0004,0.04,7.75,MIN_PROFIT_TP_HIT,0.1048
431,TRUMP_USDT,LONG,EMACrossover(5/13-LONG),2,0.2,1.94,1.942,1.942,1.935,2026-08-22 01:53:59 UTC,2026-08-22 01:54:01 UTC,1.87,0.388,0.0052,0.0,0.0004,0.04,7.73,MIN_PROFIT_TP_HIT,0.1052
432,TRUMP_USDT,SHORT,EMACrossover(5/13-SHORT),2,0.2,2.296,2.301,2.294,2.301,2026-08-22 03:38:59 UTC,2026-08-22 03:39:02 UTC,2.39,0.4592,0.0061,0.0,-0.001,-0.09,-16.33,STOP_LOSS_HIT,0.1042
433,TRUMP_USDT,LONG,EMACrossover(5/13-LONG),2,0.2,2.325,2.32,2.327,2.32,2026-08-22 03:40:59 UTC,2026-08-22 03:41:01 UTC,1.08,0.465,0.0062,0.0,-0.001,-0.09,-16.13,STOP_LOSS_HIT,0.1032
434,TRUMP_USDT,SHORT,EMACrossover(5/13-SHORT),2,0.2,2.697,2.702,2.695,2.702,2026-08-22 04:28:59 UTC,2026-08-22 04:29:00 UTC,0.58,0.5394,0.0072,0.0,-0.001,-0.09,-13.9,STOP_LOSS_HIT,0.1022
435,TRUMP_USDT,LONG,EMACrossover(5/13-LONG),2,0.2,2.721,2.716,2.723,2.716,2026-08-22 04:30:59 UTC,2026-08-22 04:31:00 UTC,0.57,0.5442,0.0073,0.0,-0.001,-0.09,-13.78,STOP_LOSS_HIT,0.1012
436,TRUMP_USDT,SHORT,EMACrossover(5/13-SHORT),2,0.2,2.847,2.845,2.845,2.852,2026-08-22 05:10:59 UTC,2026-08-22 05:11:00 UTC,0.1,0.5694,0.0076,0.0,0.0004,0.04,5.27,MIN_PROFIT_TP_HIT,0.1016
437,TRUMP_USDT,LONG,EMACrossover(5/13-LONG),2,0.2,2.99,2.992,2.992,2.985,2026-08-22 05:28:59 UTC,2026-08-22 05:29:00 UTC,0.1,0.598,0.008,0.0,0.0004,0.04,5.02,MIN_PROFIT_TP_HIT,0.102
438,TRUMP_USDT,SHORT,EMACrossover(5/13-SHORT),2,0.2,2.88,2.885,2.878,2.885,2026-08-22 05:31:59 UTC,2026-08-22 05:32:00 UTC,0.13,0.576,0.0077,0.0,-0.001,-0.09,-13.02,STOP_LOSS_HIT,0.101
439,TRUMP_USDT,LONG,EMACrossover(5/13-LONG),2,0.2,3.007,3.009,3.009,3.002,2026-08-22 05:35:59 UTC,2026-08-22 05:36:00 UTC,0.1,0.6014,0.008,0.0,0.0004,0.04,4.99,MIN_PROFIT_TP_HIT,0.1014
440,TRUMP_USDT,SHORT,EMACrossover(5/13-SHORT),2,0.2,2.965,2.97,2.963,2.97,2026-08-22 05:44:59 UTC,2026-08-22 05:45:01 UTC,1.14,0.593,0.0079,0.0,-0.001,-0.09,-12.65,STOP_LOSS_HIT,0.1004
441,TRUMP_USDT,SHORT,EMACrossover(5/13-SHORT),2,0.2,2.984,2.989,2.982,2.989,2026-08-22 05:46:59 UTC,2026-08-22 05:47:00 UTC,0.14,0.5968,0.008,0.0,-0.001,-0.09,-12.57,STOP_LOSS_HIT,0.0994
442,TRUMP_USDT,SHORT,EMACrossover(5/13-SHORT),2,0.2,2.987,2.985,2.985,2.992,2026-08-22 05:56:59 UTC,2026-08-22 05:57:00 UTC,0.54,0.5974,0.008,0.0,0.0004,0.04,5.02,MIN_PROFIT_TP_HIT,0.0998
443,TRUMP_USDT,LONG,EMACrossover(5/13-LONG),2,0.2,3.023,3.018,3.025,3.018,2026-08-22 05:58:59 UTC,2026-08-22 05:59:00 UTC,0.92,0.6046,0.0081,0.0,-0.001,-0.09,-12.4,STOP_LOSS_HIT,0.0988
444,TRUMP_USDT,SHORT,EMACrossover(5/13-SHORT),2,0.2,2.993,2.991,2.991,2.998,2026-08-22 06:00:59 UTC,2026-08-22 06:01:00 UTC,0.23,0.5986,0.008,0.0,0.0004,0.04,5.01,MIN_PROFIT_TP_HIT,0.0992
445,TRUMP_USDT,LONG,EMACrossover(5/13-LONG),2,0.2,2.929,2.931,2.931,2.924,2026-08-22 06:21:59 UTC,2026-08-22 06:22:00 UTC,0.1,0.5858,0.0078,0.0,0.0004,0.04,5.12,MIN_PROFIT_TP_HIT,0.0996
446,TRUMP_USDT,SHORT,EMACrossover(5/13-SHORT),2,0.2,3.012,3.01,3.01,3.017,2026-08-22 06:54:59 UTC,2026-08-22 06:55:02 UTC,2.74,0.6024,0.008,0.0,0.0004,0.04,4.98,MIN_PROFIT_TP_HIT,0.1
447,TRUMP_USDT,LONG,EMACrossover(5/13-LONG),2,0.2,2.966,2.968,2.968,2.961,2026-08-22 07:07:59 UTC,2026-08-22 07:08:06 UTC,6.85,0.5932,0.0079,0.0,0.0004,0.04,5.06,MIN_PROFIT_TP_HIT,0.1004
448,TRUMP_USDT,LONG,EMACrossover(5/13-LONG),2,0.2,2.938,2.933,2.94,2.933,2026-08-22 07:25:59 UTC,2026-08-22 07:26:02 UTC,2.66,0.5876,0.0078,0.0,-0.001,-0.09,-12.76,STOP_LOSS_HIT,0.0994
449,TRUMP_USDT,SHORT,EMACrossover(5/13-SHORT),2,0.2,2.893,2.891,2.891,2.898,2026-08-22 07:36:59 UTC,2026-08-22 07:37:00 UTC,0.51,0.5786,0.0077,0.0,0.0004,0.04,5.18,MIN_PROFIT_TP_HIT,0.0998
450,TRUMP_USDT,LONG,EMACrossover(5/13-LONG),2,0.2,2.85,2.852,2.852,2.845,2026-08-22 07:56:59 UTC,2026-08-22 07:57:01 UTC,1.82,0.57,0.0076,0.0,0.0004,0.04,5.26,MIN_PROFIT_TP_HIT,0.1002
451,TRUMP_USDT,SHORT,EMACrossover(5/13-SHORT),2,0.2,2.844,2.849,2.842,2.849,2026-08-22 08:00:59 UTC,2026-08-22 08:01:01 UTC,1.47,0.5688,0.0076,0.0,-0.001,-0.09,-13.19,STOP_LOSS_HIT,0.0992
452,TRUMP_USDT,LONG,EMACrossover(5/13-LONG),2,0.2,2.849,2.851,2.851,2.844,2026-08-22 08:12:59 UTC,2026-08-22 08:13:01 UTC,1.07,0.5698,0.0076,0.0,0.0004,0.04,5.27,MIN_PROFIT_TP_HIT,0.0996
453,TRUMP_USDT,SHORT,EMACrossover(5/13-SHORT),2,0.2,2.833,2.831,2.831,2.838,2026-08-22 08:20:59 UTC,2026-08-22 08:21:00 UTC,0.24,0.5666,0.0076,0.0,0.0004,0.04,5.29,MIN_PROFIT_TP_HIT,0.1
454,TRUMP_USDT,LONG,EMACrossover(5/13-LONG),2,0.2,2.785,2.78,2.787,2.78,2026-08-22 08:44:59 UTC,2026-08-22 08:45:03 UTC,3.13,0.557,0.0074,0.0,-0.001,-0.09,-13.46,STOP_LOSS_HIT,0.099
455,TRUMP_USDT,SHORT,EMACrossover(5/13-SHORT),2,0.2,2.73,2.728,2.728,2.735,2026-08-22 08:52:59 UTC,2026-08-22 08:53:01 UTC,1.23,0.546,0.0073,0.0,0.0004,0.04,5.49,MIN_PROFIT_TP_HIT,0.0994
456,TRUMP_USDT,LONG,EMACrossover(5/13-LONG),2,0.2,2.658,2.66,2.66,2.653,2026-08-22 09:18:59 UTC,2026-08-22 09:19:00 UTC,0.55,0.5316,0.0071,0.0,0.0004,0.04,5.64,MIN_PROFIT_TP_HIT,0.0998
457,TRUMP_USDT,SHORT,EMACrossover(5/13-SHORT),2,0.2,2.64,2.638,2.638,2.645,2026-08-22 09:20:59 UTC,2026-08-22 09:21:00 UTC,0.35,0.528,0.007,0.0,0.0004,0.04,5.68,MIN_PROFIT_TP_HIT,0.1002
458,TRUMP_USDT,LONG,EMACrossover(5/13-LONG),2,0.2,2.493,2.488,2.495,2.488,2026-08-22 10:08:59 UTC,2026-08-22 10:09:02 UTC,2.76,0.4986,0.0066,0.0,-0.001,-0.09,-15.04,STOP_LOSS_HIT,0.0992
459,TRUMP_USDT,LONG,EMACrossover(5/13-LONG),2,0.2,2.48,2.475,2.482,2.475,2026-08-22 10:18:59 UTC,2026-08-22 10:19:01 UTC,1.8,0.496,0.0066,0.0,-0.001,-0.09,-15.12,STOP_LOSS_HIT,0.0982
460,TRUMP_USDT,LONG,EMACrossover(5/13-LONG),2,0.2,2.552,2.547,2.554,2.547,2026-08-22 10:28:59 UTC,2026-08-22 10:29:00 UTC,0.5,0.5104,0.0068,0.0,-0.001,-0.09,-14.69,STOP_LOSS_HIT,0.0972
461,TRUMP_USDT,SHORT,EMACrossover(5/13-SHORT),2,0.2,2.64,2.638,2.638,2.645,2026-08-22 11:03:59 UTC,2026-08-22 11:04:00 UTC,0.1,0.528,0.007,0.0,0.0004,0.04,5.68,MIN_PROFIT_TP_HIT,0.0976
462,TRUMP_USDT,LONG,EMACrossover(5/13-LONG),2,0.2,2.699,2.694,2.701,2.694,2026-08-22 11:07:59 UTC,2026-08-22 11:08:05 UTC,5.6,0.5398,0.0072,0.0,-0.001,-0.09,-13.89,STOP_LOSS_HIT,0.0966
463,TRUMP_USDT,SHORT,EMACrossover(5/13-SHORT),2,0.2,2.69,2.688,2.688,2.695,2026-08-22 11:20:59 UTC,2026-08-22 11:21:00 UTC,0.11,0.538,0.0072,0.0,0.0004,0.04,5.58,MIN_PROFIT_TP_HIT,0.097
464,TRUMP_USDT,LONG,EMACrossover(5/13-LONG),2,0.2,2.643,2.645,2.645,2.638,2026-08-22 11:24:59 UTC,2026-08-22 11:25:00 UTC,0.65,0.5286,0.007,0.0,0.0004,0.04,5.68,MIN_PROFIT_TP_HIT,0.0974
465,TRUMP_USDT,LONG,EMACrossover(5/13-LONG),2,0.2,2.694,2.689,2.696,2.689,2026-08-22 11:34:59 UTC,2026-08-22 11:35:01 UTC,1.27,0.5388,0.0072,0.0,-0.001,-0.09,-13.92,STOP_LOSS_HIT,0.0964
466,TRUMP_USDT,SHORT,EMACrossover(5/13-SHORT),2,0.2,2.694,2.692,2.692,2.699,2026-08-22 11:52:59 UTC,2026-08-22 11:53:01 UTC,1.25,0.5388,0.0072,0.0,0.0004,0.04,5.57,MIN_PROFIT_TP_HIT,0.0968
467,TRUMP_USDT,LONG,EMACrossover(5/13-LONG),2,0.2,2.675,2.677,2.677,2.67,2026-08-22 12:11:59 UTC,2026-08-22 12:12:00 UTC,0.55,0.535,0.0071,0.0,0.0004,0.04,5.61,MIN_PROFIT_TP_HIT,0.0972
468,TRUMP_USDT,LONG,EMACrossover(5/13-LONG),2,0.2,2.678,2.673,2.68,2.673,2026-08-22 12:13:59 UTC,2026-08-22 12:14:02 UTC,2.97,0.5356,0.0071,0.0,-0.001,-0.09,-14.0,STOP_LOSS_HIT,0.0962
469,TRUMP_USDT,LONG,EMACrossover(5/13-LONG),2,0.2,2.56,2.555,2.562,2.555,2026-08-22 12:47:59 UTC,2026-08-22 12:48:02 UTC,2.67,0.512,0.0068,0.0,-0.001,-0.09,-14.65,STOP_LOSS_HIT,0.0952
470,TRUMP_USDT,SHORT,EMACrossover(5/13-SHORT),2,0.2,2.526,2.524,2.524,2.531,2026-08-22 12:49:59 UTC,2026-08-22 12:50:10 UTC,10.48,0.5052,0.0067,0.0,0.0004,0.04,5.94,MIN_PROFIT_TP_HIT,0.0956
471,TRUMP_USDT,LONG,EMACrossover(5/13-LONG),2,0.2,2.497,2.499,2.499,2.492,2026-08-22 13:39:59 UTC,2026-08-22 13:40:01 UTC,1.87,0.4994,0.0067,0.0,0.0004,0.04,6.01,MIN_PROFIT_TP_HIT,0.096
472,TRUMP_USDT,SHORT,EMACrossover(5/13-SHORT),2,0.2,2.479,2.484,2.477,2.484,2026-08-22 13:54:59 UTC,2026-08-22 13:55:00 UTC,0.59,0.4958,0.0066,0.0,-0.001,-0.09,-15.13,STOP_LOSS_HIT,0.095
473,TRUMP_USDT,LONG,EMACrossover(5/13-LONG),2,0.2,2.393,2.388,2.395,2.388,2026-08-22 14:31:59 UTC,2026-08-22 14:32:02 UTC,2.59,0.4786,0.0064,0.0,-0.001,-0.09,-15.67,STOP_LOSS_HIT,0.094
474,TRUMP_USDT,SHORT,EMACrossover(5/13-SHORT),2,0.2,2.374,2.372,2.372,2.379,2026-08-22 14:40:59 UTC,2026-08-22 14:41:00 UTC,0.35,0.4748,0.0063,0.0,0.0004,0.04,6.32,MIN_PROFIT_TP_HIT,0.0944
475,TRUMP_USDT,LONG,EMACrossover(5/13-LONG),2,0.2,2.368,2.37,2.37,2.363,2026-08-22 15:03:59 UTC,2026-08-22 15:04:00 UTC,0.38,0.4736,0.0063,0.0,0.0004,0.04,6.33,MIN_PROFIT_TP_HIT,0.0948
476,TRUMP_USDT,SHORT,EMACrossover(5/13-SHORT),2,0.2,2.342,2.34,2.34,2.347,2026-08-22 15:06:59 UTC,2026-08-22 15:07:02 UTC,2.36,0.4684,0.0062,0.0,0.0004,0.04,6.4,MIN_PROFIT_TP_HIT,0.0952
477,TRUMP_USDT,LONG,EMACrossover(5/13-LONG),2,0.2,2.336,2.331,2.338,2.331,2026-08-22 15:16:59 UTC,2026-08-22 15:17:04 UTC,4.51,0.4672,0.0062,0.0,-0.001,-0.09,-16.05,STOP_LOSS_HIT,0.0942
478,TRUMP_USDT,LONG,EMACrossover(5/13-LONG),2,0.2,2.342,2.337,2.344,2.337,2026-08-22 15:22:59 UTC,2026-08-22 15:23:04 UTC,4.73,0.4684,0.0062,0.0,-0.001,-0.09,-16.01,STOP_LOSS_HIT,0.0932
479,TRUMP_USDT,SHORT,EMACrossover(5/13-SHORT),2,0.2,2.568,2.566,2.566,2.573,2026-08-22 16:49:59 UTC,2026-08-22 16:50:00 UTC,0.38,0.5136,0.0068,0.0,0.0004,0.04,5.84,MIN_PROFIT_TP_HIT,0.0936
480,TRUMP_USDT,LONG,EMACrossover(5/13-LONG),2,0.2,2.569,2.571,2.571,2.564,2026-08-22 16:52:59 UTC,2026-08-22 16:53:00 UTC,0.1,0.5138,0.0069,0.0,0.0004,0.04,5.84,MIN_PROFIT_TP_HIT,0.094
481,TRUMP_USDT,LONG,EMACrossover(5/13-LONG),2,0.2,2.574,2.576,2.576,2.569,2026-08-22 17:02:59 UTC,2026-08-22 17:03:00 UTC,0.56,0.5148,0.0069,0.0,0.0004,0.04,5.83,MIN_PROFIT_TP_HIT,0.0944
482,TRUMP_USDT,SHORT,EMACrossover(5/13-SHORT),2,0.2,2.558,2.556,2.556,2.563,2026-08-22 17:06:59 UTC,2026-08-22 17:07:01 UTC,1.23,0.5116,0.0068,0.0,0.0004,0.04,5.86,MIN_PROFIT_TP_HIT,0.0948
483,TRUMP_USDT,LONG,EMACrossover(5/13-LONG),2,0.2,2.572,2.574,2.574,2.567,2026-08-22 17:10:59 UTC,2026-08-22 17:11:12 UTC,12.54,0.5144,0.0069,0.0,0.0004,0.04,5.83,MIN_PROFIT_TP_HIT,0.0952
484,TRUMP_USDT,SHORT,EMACrossover(5/13-SHORT),2,0.2,2.563,2.568,2.561,2.568,2026-08-22 17:29:59 UTC,2026-08-22 17:30:06 UTC,6.47,0.5126,0.0068,0.0,-0.001,-0.09,-14.63,STOP_LOSS_HIT,0.0942
485,TRUMP_USDT,LONG,EMACrossover(5/13-LONG),2,0.2,2.599,2.594,2.601,2.594,2026-08-22 17:32:59 UTC,2026-08-22 17:33:03 UTC,3.34,0.5198,0.0069,0.0,-0.001,-0.09,-14.43,STOP_LOSS_HIT,0.0932
486,TRUMP_USDT,SHORT,EMACrossover(5/13-SHORT),2,0.2,2.597,2.602,2.595,2.602,2026-08-22 17:41:59 UTC,2026-08-22 17:42:07 UTC,7.93,0.5194,0.0069,0.0,-0.001,-0.09,-14.44,STOP_LOSS_HIT,0.0922
487,TRUMP_USDT,SHORT,EMACrossover(5/13-SHORT),2,0.2,2.588,2.586,2.586,2.593,2026-08-22 17:44:59 UTC,2026-08-22 17:45:03 UTC,3.51,0.5176,0.0069,0.0,0.0004,0.04,5.8,MIN_PROFIT_TP_HIT,0.0926
488,TRUMP_USDT,LONG,EMACrossover(5/13-LONG),2,0.2,2.59,2.592,2.592,2.585,2026-08-22 17:47:59 UTC,2026-08-22 17:48:03 UTC,3.6,0.518,0.0069,0.0,0.0004,0.04,5.79,MIN_PROFIT_TP_HIT,0.093
489,TRUMP_USDT,LONG,EMACrossover(5/13-LONG),2,0.2,2.592,2.594,2.594,2.587,2026-08-22 17:49:59 UTC,2026-08-22 17:50:00 UTC,0.68,0.5184,0.0069,0.0,0.0004,0.04,5.79,MIN_PROFIT_TP_HIT,0.0934
490,TRUMP_USDT,SHORT,EMACrossover(5/13-SHORT),2,0.2,2.592,2.59,2.59,2.597,2026-08-22 17:51:59 UTC,2026-08-22 17:52:00 UTC,0.97,0.5184,0.0069,0.0,0.0004,0.04,5.79,MIN_PROFIT_TP_HIT,0.0938
491,TRUMP_USDT,LONG,EMACrossover(5/13-LONG),2,0.2,2.582,2.584,2.584,2.577,2026-08-22 18:06:59 UTC,2026-08-22 18:07:09 UTC,9.48,0.5164,0.0069,0.0,0.0004,0.04,5.81,MIN_PROFIT_TP_HIT,0.0942
492,TRUMP_USDT,SHORT,EMACrossover(5/13-SHORT),2,0.2,2.569,2.567,2.567,2.574,2026-08-22 18:10:59 UTC,2026-08-22 18:11:00 UTC,0.8,0.5138,0.0069,0.0,0.0004,0.04,5.84,MIN_PROFIT_TP_HIT,0.0946
493,TRUMP_USDT,LONG,EMACrossover(5/13-LONG),2,0.2,2.591,2.593,2.593,2.586,2026-08-22 18:12:59 UTC,2026-08-22 18:13:01 UTC,1.73,0.5182,0.0069,0.0,0.0004,0.04,5.79,MIN_PROFIT_TP_HIT,0.095
494,TRUMP_USDT,SHORT,EMACrossover(5/13-SHORT),2,0.2,2.571,2.569,2.569,2.576,2026-08-22 18:24:59 UTC,2026-08-22 18:25:02 UTC,2.26,0.5142,0.0069,0.0,0.0004,0.04,5.83,MIN_PROFIT_TP_HIT,0.0954
495,TRUMP_USDT,LONG,EMACrossover(5/13-LONG),2,0.2,2.582,2.584,2.584,2.577,2026-08-22 18:35:59 UTC,2026-08-22 18:36:00 UTC,0.8,0.5164,0.0069,0.0,0.0004,0.04,5.81,MIN_PROFIT_TP_HIT,0.0958
496,TRUMP_USDT,SHORT,EMACrossover(5/13-SHORT),2,0.2,2.573,2.571,2.571,2.578,2026-08-22 18:42:59 UTC,2026-08-22 18:43:13 UTC,13.72,0.5146,0.0069,0.0,0.0004,0.04,5.83,MIN_PROFIT_TP_HIT,0.0962
497,TRUMP_USDT,LONG,EMACrossover(5/13-LONG),2,0.2,2.502,2.504,2.504,2.497,2026-08-22 19:03:59 UTC,2026-08-22 19:04:01 UTC,1.62,0.5004,0.0067,0.0,0.0004,0.04,6.0,MIN_PROFIT_TP_HIT,0.0966
498,TRUMP_USDT,SHORT,EMACrossover(5/13-SHORT),2,0.2,2.467,2.465,2.465,2.472,2026-08-22 19:08:59 UTC,2026-08-22 19:09:21 UTC,21.84,0.4934,0.0066,0.0,0.0004,0.04,6.08,MIN_PROFIT_TP_HIT,0.097
499,TRUMP_USDT,LONG,EMACrossover(5/13-LONG),2,0.2,2.463,2.465,2.465,2.458,2026-08-22 19:28:59 UTC,2026-08-22 19:29:04 UTC,4.57,0.4926,0.0066,0.0,0.0004,0.04,6.09,MIN_PROFIT_TP_HIT,0.0974
500,TRUMP_USDT,SHORT,EMACrossover(5/13-SHORT),2,0.2,2.485,2.49,2.483,2.49,2026-08-22 19:59:59 UTC,2026-08-22 20:00:02 UTC,2.4,0.497,0.0066,0.0,-0.001,-0.09,-15.09,STOP_LOSS_HIT,0.0964
501,TRUMP_USDT,LONG,EMACrossover(5/13-LONG),2,0.2,2.513,2.508,2.515,2.508,2026-08-22 20:08:59 UTC,2026-08-22 20:09:08 UTC,8.05,0.5026,0.0067,0.0,-0.001,-0.09,-14.92,STOP_LOSS_HIT,0.0954
502,TRUMP_USDT,SHORT,EMACrossover(5/13-SHORT),2,0.2,2.5,2.498,2.498,2.505,2026-08-22 20:14:59 UTC,2026-08-22 20:15:01 UTC,1.17,0.5,0.0067,0.0,0.0004,0.04,6.0,MIN_PROFIT_TP_HIT,0.0958
503,TRUMP_USDT,LONG,EMACrossover(5/13-LONG),2,0.2,2.495,2.49,2.497,2.49,2026-08-22 20:28:59 UTC,2026-08-22 20:29:04 UTC,4.35,0.499,0.0067,0.0,-0.001,-0.09,-15.03,STOP_LOSS_HIT,0.0948
504,TRUMP_USDT,SHORT,EMACrossover(5/13-SHORT),2,0.2,2.484,2.482,2.482,2.489,2026-08-22 20:35:59 UTC,2026-08-22 20:36:02 UTC,2.23,0.4968,0.0066,0.0,0.0004,0.04,6.04,MIN_PROFIT_TP_HIT,0.0952
505,TRUMP_USDT,LONG,EMACrossover(5/13-LONG),2,0.2,2.455,2.45,2.457,2.45,2026-08-22 21:10:59 UTC,2026-08-22 21:11:04 UTC,4.34,0.491,0.0065,0.0,-0.001,-0.09,-15.27,STOP_LOSS_HIT,0.0942
506,TRUMP_USDT,SHORT,EMACrossover(5/13-SHORT),2,0.2,2.437,2.442,2.435,2.442,2026-08-22 21:12:59 UTC,2026-08-22 21:13:13 UTC,13.12,0.4874,0.0065,0.0,-0.001,-0.09,-15.39,STOP_LOSS_HIT,0.0932
507,TRUMP_USDT,LONG,EMACrossover(5/13-LONG),2,0.2,2.462,2.464,2.464,2.457,2026-08-22 21:20:59 UTC,2026-08-22 21:21:04 UTC,4.26,0.4924,0.0066,0.0,0.0004,0.04,6.09,MIN_PROFIT_TP_HIT,0.0936
508,TRUMP_USDT,SHORT,EMACrossover(5/13-SHORT),2,0.2,2.398,2.396,2.396,2.403,2026-08-22 21:32:59 UTC,2026-08-22 21:33:00 UTC,0.61,0.4796,0.0064,0.0,0.0004,0.04,6.26,MIN_PROFIT_TP_HIT,0.094
509,TRUMP_USDT,LONG,EMACrossover(5/13-LONG),2,0.2,2.284,2.279,2.286,2.279,2026-08-22 22:08:59 UTC,2026-08-22 22:09:01 UTC,1.43,0.4568,0.0061,0.0,-0.001,-0.09,-16.42,STOP_LOSS_HIT,0.093
510,TRUMP_USDT,SHORT,EMACrossover(5/13-SHORT),2,0.2,2.269,2.267,2.267,2.274,2026-08-22 22:11:59 UTC,2026-08-22 22:12:01 UTC,1.4,0.4538,0.0061,0.0,0.0004,0.04,6.61,MIN_PROFIT_TP_HIT,0.0934
511,TRUMP_USDT,LONG,EMACrossover(5/13-LONG),2,0.2,2.285,2.287,2.287,2.28,2026-08-22 22:14:59 UTC,2026-08-22 22:15:04 UTC,4.19,0.457,0.0061,0.0,0.0004,0.04,6.56,MIN_PROFIT_TP_HIT,0.0938
512,TRUMP_USDT,SHORT,EMACrossover(5/13-SHORT),2,0.2,2.362,2.36,2.36,2.367,2026-08-22 23:18:59 UTC,2026-08-22 23:19:00 UTC,0.77,0.4724,0.0063,0.0,0.0004,0.04,6.35,MIN_PROFIT_TP_HIT,0.0942
513,TRUMP_USDT,LONG,EMACrossover(5/13-LONG),2,0.2,2.369,2.371,2.371,2.364,2026-08-22 23:22:59 UTC,2026-08-22 23:23:06 UTC,6.17,0.4738,0.0063,0.0,0.0004,0.04,6.33,MIN_PROFIT_TP_HIT,0.0946
514,TRUMP_USDT,SHORT,EMACrossover(5/13-SHORT),2,0.2,2.367,2.372,2.365,2.372,2026-08-22 23:29:59 UTC,2026-08-22 23:30:14 UTC,14.97,0.4734,0.0063,0.0,-0.001,-0.09,-15.84,STOP_LOSS_HIT,0.0936
515,TRUMP_USDT,LONG,EMACrossover(5/13-LONG),2,0.2,2.378,2.38,2.38,2.373,2026-08-22 23:38:59 UTC,2026-08-22 23:39:17 UTC,17.62,0.4756,0.0063,0.0,0.0004,0.04,6.31,MIN_PROFIT_TP_HIT,0.094
516,TRUMP_USDT,SHORT,EMACrossover(5/13-SHORT),2,0.2,2.375,2.373,2.373,2.38,2026-08-22 23:51:59 UTC,2026-08-22 23:52:04 UTC,4.93,0.475,0.0063,0.0,0.0004,0.04,6.32,MIN_PROFIT_TP_HIT,0.0944
517,TRUMP_USDT,LONG,EMACrossover(5/13-LONG),2,0.2,2.396,2.398,2.398,2.391,2026-08-22 23:55:59 UTC,2026-08-22 23:56:03 UTC,3.41,0.4792,0.0064,0.0,0.0004,0.04,6.26,MIN_PROFIT_TP_HIT,0.0948
518,TRUMP_USDT,SHORT,EMACrossover(5/13-SHORT),2,0.2,2.378,2.376,2.376,2.383,2026-08-23 00:02:59 UTC,2026-08-23 00:03:01 UTC,1.18,0.4756,0.0063,0.0,0.0004,0.04,6.31,MIN_PROFIT_TP_HIT,0.0952
519,TRUMP_USDT,LONG,EMACrossover(5/13-LONG),2,0.2,2.382,2.384,2.384,2.377,2026-08-23 00:13:59 UTC,2026-08-23 00:14:00 UTC,0.35,0.4764,0.0064,0.0,0.0004,0.04,6.3,MIN_PROFIT_TP_HIT,0.0956
520,TRUMP_USDT,SHORT,EMACrossover(5/13-SHORT),2,0.2,2.388,2.386,2.386,2.393,2026-08-23 00:23:59 UTC,2026-08-23 00:24:00 UTC,0.56,0.4776,0.0064,0.0,0.0004,0.04,6.28,MIN_PROFIT_TP_HIT,0.096
521,TRUMP_USDT,LONG,EMACrossover(5/13-LONG),2,0.2,2.399,2.401,2.401,2.394,2026-08-23 00:26:59 UTC,2026-08-23 00:27:02 UTC,2.48,0.4798,0.0064,0.0,0.0004,0.04,6.25,MIN_PROFIT_TP_HIT,0.0964
522,TRUMP_USDT,SHORT,EMACrossover(5/13-SHORT),2,0.2,2.415,2.413,2.413,2.42,2026-08-23 00:42:59 UTC,2026-08-23 00:43:02 UTC,2.84,0.483,0.0064,0.0,0.0004,0.04,6.21,MIN_PROFIT_TP_HIT,0.0968
523,TRUMP_USDT,LONG,EMACrossover(5/13-LONG),2,0.2,2.393,2.395,2.395,2.388,2026-08-23 00:54:59 UTC,2026-08-23 00:55:12 UTC,12.6,0.4786,0.0064,0.0,0.0004,0.04,6.27,MIN_PROFIT_TP_HIT,0.0972
524,TRUMP_USDT,SHORT,EMACrossover(5/13-SHORT),2,0.2,2.392,2.397,2.39,2.397,2026-08-23 01:05:59 UTC,2026-08-23 01:06:05 UTC,5.97,0.4784,0.0064,0.0,-0.001,-0.09,-15.68,STOP_LOSS_HIT,0.0962
525,TRUMP_USDT,LONG,EMACrossover(5/13-LONG),2,0.2,2.345,2.34,2.347,2.34,2026-08-23 01:47:59 UTC,2026-08-23 01:48:12 UTC,12.48,0.469,0.0063,0.0,-0.001,-0.09,-15.99,STOP_LOSS_HIT,0.0952
526,TRUMP_USDT,SHORT,EMACrossover(5/13-SHORT),2,0.2,2.339,2.337,2.337,2.344,2026-08-23 01:49:59 UTC,2026-08-23 01:50:08 UTC,8.68,0.4678,0.0062,0.0,0.0004,0.04,6.41,MIN_PROFIT_TP_HIT,0.0956
527,TRUMP_USDT,LONG,EMACrossover(5/13-LONG),2,0.2,2.348,2.35,2.35,2.343,2026-08-23 01:53:59 UTC,2026-08-23 01:54:00 UTC,0.55,0.4696,0.0063,0.0,0.0004,0.04,6.39,MIN_PROFIT_TP_HIT,0.096
528,TRUMP_USDT,SHORT,EMACrossover(5/13-SHORT),2,0.2,2.333,2.331,2.331,2.338,2026-08-23 01:59:59 UTC,2026-08-23 02:00:04 UTC,4.81,0.4666,0.0062,0.0,0.0004,0.04,6.43,MIN_PROFIT_TP_HIT,0.0964
529,TRUMP_USDT,LONG,EMACrossover(5/13-LONG),2,0.2,2.312,2.314,2.314,2.307,2026-08-23 02:33:59 UTC,2026-08-23 02:34:09 UTC,9.04,0.4624,0.0062,0.0,0.0004,0.04,6.49,MIN_PROFIT_TP_HIT,0.0968
530,TRUMP_USDT,SHORT,EMACrossover(5/13-SHORT),2,0.2,2.299,2.297,2.297,2.304,2026-08-23 02:45:59 UTC,2026-08-23 02:46:01 UTC,1.64,0.4598,0.0061,0.0,0.0004,0.04,6.52,MIN_PROFIT_TP_HIT,0.0972
531,TRUMP_USDT,LONG,EMACrossover(5/13-LONG),2,0.2,2.302,2.304,2.304,2.297,2026-08-23 02:47:59 UTC,2026-08-23 02:48:00 UTC,0.62,0.4604,0.0061,0.0,0.0004,0.04,6.52,MIN_PROFIT_TP_HIT,0.0976
532,TRUMP_USDT,SHORT,EMACrossover(5/13-SHORT),2,0.2,2.299,2.304,2.297,2.304,2026-08-23 02:56:59 UTC,2026-08-23 02:57:08 UTC,8.72,0.4598,0.0061,0.0,-0.001,-0.09,-16.31,STOP_LOSS_HIT,0.0966
533,TRUMP_USDT,LONG,EMACrossover(5/13-LONG),2,0.2,2.313,2.315,2.315,2.308,2026-08-23 03:01:59 UTC,2026-08-23 03:02:01 UTC,1.03,0.4626,0.0062,0.0,0.0004,0.04,6.49,MIN_PROFIT_TP_HIT,0.097
534,TRUMP_USDT,SHORT,EMACrossover(5/13-SHORT),2,0.2,2.3,2.298,2.298,2.305,2026-08-23 03:06:59 UTC,2026-08-23 03:07:03 UTC,3.22,0.46,0.0061,0.0,0.0004,0.04,6.52,MIN_PROFIT_TP_HIT,0.0974
535,TRUMP_USDT,LONG,EMACrossover(5/13-LONG),2,0.2,2.298,2.293,2.3,2.293,2026-08-23 03:18:59 UTC,2026-08-23 03:19:09 UTC,9.34,0.4596,0.0061,0.0,-0.001,-0.09,-16.32,STOP_LOSS_HIT,0.0964
536,TRUMP_USDT,SHORT,EMACrossover(5/13-SHORT),2,0.2,2.275,2.273,2.273,2.28,2026-08-23 03:23:59 UTC,2026-08-23 03:24:03 UTC,3.35,0.455,0.0061,0.0,0.0004,0.04,6.59,MIN_PROFIT_TP_HIT,0.0968
537,TRUMP_USDT,LONG,EMACrossover(5/13-LONG),2,0.2,2.251,2.246,2.253,2.246,2026-08-23 03:50:59 UTC,2026-08-23 03:51:10 UTC,10.45,0.4502,0.006,0.0,-0.001,-0.09,-16.66,STOP_LOSS_HIT,0.0958
538,TRUMP_USDT,SHORT,EMACrossover(5/13-SHORT),2,0.2,2.256,2.261,2.254,2.261,2026-08-23 04:05:59 UTC,2026-08-23 04:06:03 UTC,3.94,0.4512,0.006,0.0,-0.001,-0.09,-16.62,STOP_LOSS_HIT,0.0948
539,TRUMP_USDT,LONG,EMACrossover(5/13-LONG),2,0.2,2.258,2.26,2.26,2.253,2026-08-23 04:07:59 UTC,2026-08-23 04:08:00 UTC,0.8,0.4516,0.006,0.0,0.0004,0.04,6.64,MIN_PROFIT_TP_HIT,0.0952
540,TRUMP_USDT,SHORT,EMACrossover(5/13-SHORT),2,0.2,2.268,2.273,2.266,2.273,2026-08-23 04:24:59 UTC,2026-08-23 04:25:06 UTC,6.26,0.4536,0.006,0.0,-0.001,-0.09,-16.53,STOP_LOSS_HIT,0.0942
541,TRUMP_USDT,LONG,EMACrossover(5/13-LONG),2,0.2,2.282,2.284,2.284,2.277,2026-08-23 04:27:59 UTC,2026-08-23 04:28:02 UTC,2.38,0.4564,0.0061,0.0,0.0004,0.04,6.57,MIN_PROFIT_TP_HIT,0.0946
542,TRUMP_USDT,SHORT,EMACrossover(5/13-SHORT),2,0.2,2.281,2.286,2.279,2.286,2026-08-23 04:31:59 UTC,2026-08-23 04:32:05 UTC,5.71,0.4562,0.0061,0.0,-0.001,-0.09,-16.44,STOP_LOSS_HIT,0.0936
543,TRUMP_USDT,LONG,EMACrossover(5/13-LONG),2,0.2,2.287,2.282,2.289,2.282,2026-08-23 04:33:59 UTC,2026-08-23 04:34:17 UTC,17.96,0.4574,0.0061,0.0,-0.001,-0.09,-16.4,STOP_LOSS_HIT,0.0926
544,TRUMP_USDT,SHORT,EMACrossover(5/13-SHORT),2,0.2,2.279,2.277,2.277,2.284,2026-08-23 04:36:59 UTC,2026-08-23 04:37:03 UTC,3.42,0.4558,0.0061,0.0,0.0004,0.04,6.58,MIN_PROFIT_TP_HIT,0.093
545,TRUMP_USDT,LONG,EMACrossover(5/13-LONG),2,0.2,2.269,2.264,2.271,2.264,2026-08-23 04:53:59 UTC,2026-08-23 04:54:01 UTC,1.06,0.4538,0.0061,0.0,-0.001,-0.09,-16.53,STOP_LOSS_HIT,0.092
546,TRUMP_USDT,SHORT,EMACrossover(5/13-SHORT),2,0.2,2.261,2.259,2.259,2.266,2026-08-23 05:03:59 UTC,2026-08-23 05:04:00 UTC,0.38,0.4522,0.006,0.0,0.0004,0.04,6.63,MIN_PROFIT_TP_HIT,0.0924
547,TRUMP_USDT,LONG,EMACrossover(5/13-LONG),2,0.2,2.272,2.274,2.274,2.267,2026-08-23 05:06:59 UTC,2026-08-23 05:07:04 UTC,4.46,0.4544,0.0061,0.0,0.0004,0.04,6.6,MIN_PROFIT_TP_HIT,0.0928
548,TRUMP_USDT,SHORT,EMACrossover(5/13-SHORT),2,0.2,2.269,2.274,2.267,2.274,2026-08-23 05:09:59 UTC,2026-08-23 05:10:12 UTC,12.61,0.4538,0.0061,0.0,-0.001,-0.09,-16.53,STOP_LOSS_HIT,0.0918
549,TRUMP_USDT,LONG,EMACrossover(5/13-LONG),2,0.2,2.291,2.293,2.293,2.286,2026-08-23 05:12:59 UTC,2026-08-23 05:13:01 UTC,1.68,0.4582,0.0061,0.0,0.0004,0.04,6.55,MIN_PROFIT_TP_HIT,0.0922
550,TRUMP_USDT,SHORT,EMACrossover(5/13-SHORT),2,0.2,2.287,2.285,2.285,2.292,2026-08-23 05:18:59 UTC,2026-08-23 05:19:00 UTC,0.56,0.4574,0.0061,0.0,0.0004,0.04,6.56,MIN_PROFIT_TP_HIT,0.0926
551,TRUMP_USDT,SHORT,EMACrossover(5/13-SHORT),2,0.2,2.348,2.346,2.346,2.353,2026-08-23 05:37:59 UTC,2026-08-23 05:38:12 UTC,12.34,0.4696,0.0063,0.0,0.0004,0.04,6.39,MIN_PROFIT_TP_HIT,0.093
552,TRUMP_USDT,LONG,EMACrossover(5/13-LONG),2,0.2,2.366,2.361,2.368,2.361,2026-08-23 05:45:59 UTC,2026-08-23 05:46:01 UTC,1.19,0.4732,0.0063,0.0,-0.001,-0.09,-15.85,STOP_LOSS_HIT,0.092
553,TRUMP_USDT,SHORT,EMACrossover(5/13-SHORT),2,0.2,2.364,2.369,2.362,2.369,2026-08-23 05:50:59 UTC,2026-08-23 05:51:04 UTC,4.35,0.4728,0.0063,0.0,-0.001,-0.09,-15.86,STOP_LOSS_HIT,0.091
554,TRUMP_USDT,SHORT,EMACrossover(5/13-SHORT),2,0.2,2.403,2.408,2.401,2.408,2026-08-23 06:12:59 UTC,2026-08-23 06:13:04 UTC,4.99,0.4806,0.0064,0.0,-0.001,-0.09,-15.61,STOP_LOSS_HIT,0.09
555,TRUMP_USDT,SHORT,EMACrossover(5/13-SHORT),2,0.2,2.46,2.458,2.458,2.465,2026-08-23 06:29:59 UTC,2026-08-23 06:30:00 UTC,0.3,0.492,0.0066,0.0,0.0004,0.04,6.1,MIN_PROFIT_TP_HIT,0.0904
556,TRUMP_USDT,SHORT,EMACrossover(5/13-SHORT),2,0.2,2.451,2.456,2.449,2.456,2026-08-23 06:45:59 UTC,2026-08-23 06:46:03 UTC,3.05,0.4902,0.0065,0.0,-0.001,-0.09,-15.3,STOP_LOSS_HIT,0.0894
557,TRUMP_USDT,LONG,EMACrossover(5/13-LONG),2,0.2,2.475,2.47,2.477,2.47,2026-08-23 06:49:59 UTC,2026-08-23 06:50:02 UTC,2.2,0.495,0.0066,0.0,-0.001,-0.09,-15.15,STOP_LOSS_HIT,0.0884
558,TRUMP_USDT,SHORT,EMACrossover(5/13-SHORT),2,0.2,2.474,2.479,2.472,2.479,2026-08-23 06:54:59 UTC,2026-08-23 06:55:01 UTC,1.82,0.4948,0.0066,0.0,-0.001,-0.09,-15.16,STOP_LOSS_HIT,0.0874
559,TRUMP_USDT,LONG,EMACrossover(5/13-LONG),2,0.2,2.48,2.482,2.482,2.475,2026-08-23 07:04:59 UTC,2026-08-23 07:05:03 UTC,3.47,0.496,0.0066,0.0,0.0004,0.04,6.05,MIN_PROFIT_TP_HIT,0.0878
560,TRUMP_USDT,SHORT,EMACrossover(5/13-SHORT),2,0.2,2.503,2.501,2.501,2.508,2026-08-23 07:21:59 UTC,2026-08-23 07:22:06 UTC,6.07,0.5006,0.0067,0.0,0.0004,0.04,5.99,MIN_PROFIT_TP_HIT,0.0882
561,TRUMP_USDT,LONG,EMACrossover(5/13-LONG),2,0.2,2.497,2.492,2.499,2.492,2026-08-23 07:39:59 UTC,2026-08-23 07:40:00 UTC,0.91,0.4994,0.0067,0.0,-0.001,-0.09,-15.02,STOP_LOSS_HIT,0.0872
562,TRUMP_USDT,SHORT,EMACrossover(5/13-SHORT),2,0.2,2.489,2.487,2.487,2.494,2026-08-23 07:45:59 UTC,2026-08-23 07:46:01 UTC,1.54,0.4978,0.0066,0.0,0.0004,0.04,6.03,MIN_PROFIT_TP_HIT,0.0876
563,TRUMP_USDT,LONG,EMACrossover(5/13-LONG),2,0.2,2.489,2.491,2.491,2.484,2026-08-23 08:06:59 UTC,2026-08-23 08:07:03 UTC,3.12,0.4978,0.0066,0.0,0.0004,0.04,6.03,MIN_PROFIT_TP_HIT,0.088
564,TRUMP_USDT,SHORT,EMACrossover(5/13-SHORT),2,0.2,2.492,2.49,2.49,2.497,2026-08-23 08:30:59 UTC,2026-08-23 08:31:02 UTC,2.07,0.4984,0.0066,0.0,0.0004,0.04,6.02,MIN_PROFIT_TP_HIT,0.0884
565,TRUMP_USDT,LONG,EMACrossover(5/13-LONG),2,0.2,2.517,2.519,2.519,2.512,2026-08-23 08:40:59 UTC,2026-08-23 08:41:04 UTC,4.46,0.5034,0.0067,0.0,0.0004,0.04,5.96,MIN_PROFIT_TP_HIT,0.0888
566,TRUMP_USDT,SHORT,EMACrossover(5/13-SHORT),2,0.2,2.5,2.498,2.498,2.505,2026-08-23 08:48:59 UTC,2026-08-23 08:49:01 UTC,1.85,0.5,0.0067,0.0,0.0004,0.04,6.0,MIN_PROFIT_TP_HIT,0.0892
567,TRUMP_USDT,LONG,EMACrossover(5/13-LONG),2,0.2,2.506,2.508,2.508,2.501,2026-08-23 08:52:59 UTC,2026-08-23 08:53:04 UTC,4.77,0.5012,0.0067,0.0,0.0004,0.04,5.99,MIN_PROFIT_TP_HIT,0.0896
568,TRUMP_USDT,LONG,EMACrossover(5/13-LONG),2,0.2,2.505,2.5,2.507,2.5,2026-08-23 08:55:59 UTC,2026-08-23 08:56:07 UTC,7.61,0.501,0.0067,0.0,-0.001,-0.09,-14.97,STOP_LOSS_HIT,0.0886
569,TRUMP_USDT,LONG,EMACrossover(5/13-LONG),2,0.2,2.491,2.493,2.493,2.486,2026-08-23 09:09:59 UTC,2026-08-23 09:10:05 UTC,5.45,0.4982,0.0066,0.0,0.0004,0.04,6.02,MIN_PROFIT_TP_HIT,0.089
570,TRUMP_USDT,SHORT,EMACrossover(5/13-SHORT),2,0.2,2.483,2.488,2.481,2.488,2026-08-23 09:18:59 UTC,2026-08-23 09:19:25 UTC,25.3,0.4966,0.0066,0.0,-0.001,-0.09,-15.1,STOP_LOSS_HIT,0.088
571,TRUMP_USDT,LONG,EMACrossover(5/13-LONG),2,0.2,2.479,2.481,2.481,2.474,2026-08-23 09:24:59 UTC,2026-08-23 09:25:03 UTC,3.27,0.4958,0.0066,0.0,0.0004,0.04,6.05,MIN_PROFIT_TP_HIT,0.0884
572,TRUMP_USDT,LONG,EMACrossover(5/13-LONG),2,0.2,2.461,2.463,2.463,2.456,2026-08-23 09:54:59 UTC,2026-08-23 09:55:07 UTC,7.9,0.4922,0.0066,0.0,0.0004,0.04,6.1,MIN_PROFIT_TP_HIT,0.0888
573,TRUMP_USDT,LONG,EMACrossover(5/13-LONG),2,0.2,2.465,2.467,2.467,2.46,2026-08-23 10:07:59 UTC,2026-08-23 10:08:03 UTC,3.04,0.493,0.0066,0.0,0.0004,0.04,6.09,MIN_PROFIT_TP_HIT,0.0892
574,TRUMP_USDT,SHORT,EMACrossover(5/13-SHORT),2,0.2,2.482,2.48,2.48,2.487,2026-08-23 10:39:59 UTC,2026-08-23 10:40:03 UTC,3.71,0.4964,0.0066,0.0,0.0004,0.04,6.04,MIN_PROFIT_TP_HIT,0.0896
575,TRUMP_USDT,LONG,EMACrossover(5/13-LONG),2,0.2,2.484,2.486,2.486,2.479,2026-08-23 10:44:59 UTC,2026-08-23 10:45:36 UTC,36.54,0.4968,0.0066,0.0,0.0004,0.04,6.04,MIN_PROFIT_TP_HIT,0.09
576,TRUMP_USDT,LONG,EMACrossover(5/13-LONG),2,0.2,2.49,2.492,2.492,2.485,2026-08-23 10:47:59 UTC,2026-08-23 10:48:02 UTC,2.2,0.498,0.0066,0.0,0.0004,0.04,6.02,MIN_PROFIT_TP_HIT,0.0904
577,TRUMP_USDT,SHORT,EMACrossover(5/13-SHORT),2,0.2,2.485,2.483,2.483,2.49,2026-08-23 10:52:59 UTC,2026-08-23 10:53:18 UTC,18.7,0.497,0.0066,0.0,0.0004,0.04,6.04,MIN_PROFIT_TP_HIT,0.0908
578,TRUMP_USDT,LONG,EMACrossover(5/13-LONG),2,0.2,2.487,2.482,2.489,2.482,2026-08-23 10:55:59 UTC,2026-08-23 10:56:26 UTC,26.13,0.4974,0.0066,0.0,-0.001,-0.09,-15.08,STOP_LOSS_HIT,0.0898
579,TRUMP_USDT,SHORT,EMACrossover(5/13-SHORT),2,0.2,2.48,2.478,2.478,2.485,2026-08-23 10:57:59 UTC,2026-08-23 10:58:02 UTC,2.76,0.496,0.0066,0.0,0.0004,0.04,6.05,MIN_PROFIT_TP_HIT,0.0902
580,TRUMP_USDT,LONG,EMACrossover(5/13-LONG),2,0.2,2.476,2.478,2.478,2.471,2026-08-23 11:08:59 UTC,2026-08-23 11:09:03 UTC,3.2,0.4952,0.0066,0.0,0.0004,0.04,6.06,MIN_PROFIT_TP_HIT,0.0906
581,TRUMP_USDT,LONG,EMACrossover(5/13-LONG),2,0.2,2.49,2.492,2.492,2.485,2026-08-23 11:10:59 UTC,2026-08-23 11:11:06 UTC,6.2,0.498,0.0066,0.0,0.0004,0.04,6.02,MIN_PROFIT_TP_HIT,0.091
582,TRUMP_USDT,SHORT,EMACrossover(5/13-SHORT),2,0.2,2.559,2.557,2.557,2.564,2026-08-23 11:42:59 UTC,2026-08-23 11:43:04 UTC,4.31,0.5118,0.0068,0.0,0.0004,0.04,5.86,MIN_PROFIT_TP_HIT,0.0914
583,TRUMP_USDT,LONG,EMACrossover(5/13-LONG),2,0.2,2.557,2.559,2.559,2.552,2026-08-23 11:57:59 UTC,2026-08-23 11:58:03 UTC,3.04,0.5114,0.0068,0.0,0.0004,0.04,5.87,MIN_PROFIT_TP_HIT,0.0918
584,TRUMP_USDT,LONG,EMACrossover(5/13-LONG),2,0.2,2.559,2.561,2.561,2.554,2026-08-23 11:59:59 UTC,2026-08-23 12:00:18 UTC,18.21,0.5118,0.0068,0.0,0.0004,0.04,5.86,MIN_PROFIT_TP_HIT,0.0922
585,TRUMP_USDT,SHORT,EMACrossover(5/13-SHORT),2,0.2,2.547,2.552,2.545,2.552,2026-08-23 12:01:59 UTC,2026-08-23 12:02:01 UTC,1.49,0.5094,0.0068,0.0,-0.001,-0.09,-14.72,STOP_LOSS_HIT,0.0912
586,TRUMP_USDT,LONG,EMACrossover(5/13-LONG),2,0.2,2.568,2.57,2.57,2.563,2026-08-23 12:10:59 UTC,2026-08-23 12:11:00 UTC,0.62,0.5136,0.0068,0.0,0.0004,0.04,5.84,MIN_PROFIT_TP_HIT,0.0916
587,TRUMP_USDT,SHORT,EMACrossover(5/13-SHORT),2,0.2,2.601,2.599,2.599,2.606,2026-08-23 12:46:59 UTC,2026-08-23 12:47:00 UTC,0.22,0.5202,0.0069,0.0,0.0004,0.04,5.77,MIN_PROFIT_TP_HIT,0.092
588,TRUMP_USDT,SHORT,EMACrossover(5/13-SHORT),2,0.2,2.572,2.577,2.57,2.577,2026-08-23 13:08:59 UTC,2026-08-23 13:09:04 UTC,4.69,0.5144,0.0069,0.0,-0.001,-0.09,-14.58,STOP_LOSS_HIT,0.091
589,TRUMP_USDT,LONG,EMACrossover(5/13-LONG),2,0.2,2.627,2.629,2.629,2.622,2026-08-23 13:18:59 UTC,2026-08-23 13:19:00 UTC,0.8,0.5254,0.007,0.0,0.0004,0.04,5.71,MIN_PROFIT_TP_HIT,0.0914
590,TRUMP_USDT,SHORT,EMACrossover(5/13-SHORT),2,0.2,2.711,2.716,2.709,2.716,2026-08-23 13:42:59 UTC,2026-08-23 13:43:01 UTC,1.26,0.5422,0.0072,0.0,-0.001,-0.09,-13.83,STOP_LOSS_HIT,0.0904
591,TRUMP_USDT,SHORT,EMACrossover(5/13-SHORT),2,0.2,2.699,2.697,2.697,2.704,2026-08-23 13:56:59 UTC,2026-08-23 13:57:00 UTC,0.65,0.5398,0.0072,0.0,0.0004,0.04,5.56,MIN_PROFIT_TP_HIT,0.0908
592,TRUMP_USDT,LONG,EMACrossover(5/13-LONG),2,0.2,2.705,2.707,2.707,2.7,2026-08-23 14:00:59 UTC,2026-08-23 14:01:00 UTC,0.27,0.541,0.0072,0.0,0.0004,0.04,5.55,MIN_PROFIT_TP_HIT,0.0912
593,TRUMP_USDT,SHORT,EMACrossover(5/13-SHORT),2,0.2,2.718,2.716,2.716,2.723,2026-08-23 14:10:59 UTC,2026-08-23 14:11:00 UTC,0.27,0.5436,0.0072,0.0,0.0004,0.04,5.52,MIN_PROFIT_TP_HIT,0.0916
594,TRUMP_USDT,LONG,EMACrossover(5/13-LONG),2,0.2,2.721,2.723,2.723,2.716,2026-08-23 14:12:59 UTC,2026-08-23 14:13:00 UTC,0.61,0.5442,0.0073,0.0,0.0004,0.04,5.51,MIN_PROFIT_TP_HIT,0.092
595,TRUMP_USDT,SHORT,EMACrossover(5/13-SHORT),2,0.2,2.839,2.837,2.837,2.844,2026-08-23 14:40:59 UTC,2026-08-23 14:41:00 UTC,0.33,0.5678,0.0076,0.0,0.0004,0.04,5.28,MIN_PROFIT_TP_HIT,0.0924
596,TRUMP_USDT,LONG,EMACrossover(5/13-LONG),2,0.2,2.744,2.739,2.746,2.739,2026-08-23 15:04:59 UTC,2026-08-23 15:05:02 UTC,2.54,0.5488,0.0073,0.0,-0.001,-0.09,-13.67,STOP_LOSS_HIT,0.0914
597,TRUMP_USDT,SHORT,EMACrossover(5/13-SHORT),2,0.2,2.727,2.725,2.725,2.732,2026-08-23 15:09:59 UTC,2026-08-23 15:10:00 UTC,0.83,0.5454,0.0073,0.0,0.0004,0.04,5.5,MIN_PROFIT_TP_HIT,0.0918
598,TRUMP_USDT,LONG,EMACrossover(5/13-LONG),2,0.2,2.702,2.704,2.704,2.697,2026-08-23 15:27:59 UTC,2026-08-23 15:28:03 UTC,3.25,0.5404,0.0072,0.0,0.0004,0.04,5.55,MIN_PROFIT_TP_HIT,0.0922
599,TRUMP_USDT,SHORT,EMACrossover(5/13-SHORT),2,0.2,2.693,2.698,2.691,2.698,2026-08-23 15:34:59 UTC,2026-08-23 15:35:07 UTC,7.25,0.5386,0.0072,0.0,-0.001,-0.09,-13.92,STOP_LOSS_HIT,0.0912
600,TRUMP_USDT,LONG,EMACrossover(5/13-LONG),2,0.2,2.704,2.706,2.706,2.699,2026-08-23 15:39:59 UTC,2026-08-23 15:40:03 UTC,3.84,0.5408,0.0072,0.0,0.0004,0.04,5.55,MIN_PROFIT_TP_HIT,0.0916
601,TRUMP_USDT,SHORT,EMACrossover(5/13-SHORT),2,0.2,2.683,2.681,2.681,2.688,2026-08-23 15:53:59 UTC,2026-08-23 15:54:00 UTC,0.49,0.5366,0.0072,0.0,0.0004,0.04,5.59,MIN_PROFIT_TP_HIT,0.092
602,TRUMP_USDT,LONG,EMACrossover(5/13-LONG),2,0.2,2.7,2.702,2.702,2.695,2026-08-23 16:02:59 UTC,2026-08-23 16:03:00 UTC,0.47,0.54,0.0072,0.0,0.0004,0.04,5.56,MIN_PROFIT_TP_HIT,0.0924
603,TRUMP_USDT,SHORT,EMACrossover(5/13-SHORT),2,0.2,2.685,2.683,2.683,2.69,2026-08-23 16:07:59 UTC,2026-08-23 16:08:00 UTC,0.17,0.537,0.0072,0.0,0.0004,0.04,5.59,MIN_PROFIT_TP_HIT,0.0928
604,TRUMP_USDT,LONG,EMACrossover(5/13-LONG),2,0.2,2.687,2.682,2.689,2.682,2026-08-23 16:25:59 UTC,2026-08-23 16:26:07 UTC,7.39,0.5374,0.0072,0.0,-0.001,-0.09,-13.96,STOP_LOSS_HIT,0.0918
605,TRUMP_USDT,SHORT,EMACrossover(5/13-SHORT),2,0.2,2.73,2.728,2.728,2.735,2026-08-23 17:04:59 UTC,2026-08-23 17:05:01 UTC,1.46,0.546,0.0073,0.0,0.0004,0.04,5.49,MIN_PROFIT_TP_HIT,0.0922
606,TRUMP_USDT,LONG,EMACrossover(5/13-LONG),2,0.2,2.741,2.736,2.743,2.736,2026-08-23 17:10:59 UTC,2026-08-23 17:11:04 UTC,4.59,0.5482,0.0073,0.0,-0.001,-0.09,-13.68,STOP_LOSS_HIT,0.0912
607,TRUMP_USDT,SHORT,EMACrossover(5/13-SHORT),2,0.2,2.725,2.73,2.723,2.73,2026-08-23 17:12:59 UTC,2026-08-23 17:13:09 UTC,9.09,0.545,0.0073,0.0,-0.001,-0.09,-13.76,STOP_LOSS_HIT,0.0902
608,TRUMP_USDT,LONG,EMACrossover(5/13-LONG),2,0.2,2.701,2.696,2.703,2.696,2026-08-23 17:37:59 UTC,2026-08-23 17:38:20 UTC,20.05,0.5402,0.0072,0.0,-0.001,-0.09,-13.88,STOP_LOSS_HIT,0.0892
609,TRUMP_USDT,SHORT,EMACrossover(5/13-SHORT),2,0.2,2.702,2.7,2.7,2.707,2026-08-23 17:53:59 UTC,2026-08-23 17:54:00 UTC,0.2,0.5404,0.0072,0.0,0.0004,0.04,5.55,MIN_PROFIT_TP_HIT,0.0896
610,TRUMP_USDT,LONG,EMACrossover(5/13-LONG),2,0.2,2.702,2.704,2.704,2.697,2026-08-23 18:04:59 UTC,2026-08-23 18:05:16 UTC,16.24,0.5404,0.0072,0.0,0.0004,0.04,5.55,MIN_PROFIT_TP_HIT,0.09
611,TRUMP_USDT,LONG,EMACrossover(5/13-LONG),2,0.2,2.723,2.718,2.725,2.718,2026-08-23 18:10:59 UTC,2026-08-23 18:11:06 UTC,6.56,0.5446,0.0073,0.0,-0.001,-0.09,-13.77,STOP_LOSS_HIT,0.089
612,TRUMP_USDT,SHORT,EMACrossover(5/13-SHORT),2,0.2,2.712,2.71,2.71,2.717,2026-08-23 18:23:59 UTC,2026-08-23 18:24:01 UTC,1.39,0.5424,0.0072,0.0,0.0004,0.04,5.53,MIN_PROFIT_TP_HIT,0.0894
613,TRUMP_USDT,LONG,EMACrossover(5/13-LONG),2,0.2,2.715,2.717,2.717,2.71,2026-08-23 18:27:59 UTC,2026-08-23 18:28:15 UTC,15.13,0.543,0.0072,0.0,0.0004,0.04,5.52,MIN_PROFIT_TP_HIT,0.0898
614,TRUMP_USDT,SHORT,EMACrossover(5/13-SHORT),2,0.2,2.709,2.714,2.707,2.714,2026-08-23 18:29:59 UTC,2026-08-23 18:30:13 UTC,13.57,0.5418,0.0072,0.0,-0.001,-0.09,-13.84,STOP_LOSS_HIT,0.0888
615,TRUMP_USDT,LONG,EMACrossover(5/13-LONG),2,0.2,2.71,2.712,2.712,2.705,2026-08-23 18:41:59 UTC,2026-08-23 18:42:00 UTC,0.59,0.542,0.0072,0.0,0.0004,0.04,5.54,MIN_PROFIT_TP_HIT,0.0892
616,TRUMP_USDT,SHORT,EMACrossover(5/13-SHORT),2,0.2,2.712,2.71,2.71,2.717,2026-08-23 18:55:59 UTC,2026-08-23 18:56:01 UTC,1.83,0.5424,0.0072,0.0,0.0004,0.04,5.53,MIN_PROFIT_TP_HIT,0.0896
617,TRUMP_USDT,LONG,EMACrossover(5/13-LONG),2,0.2,2.71,2.712,2.712,2.705,2026-08-23 19:14:59 UTC,2026-08-23 19:15:01 UTC,1.84,0.542,0.0072,0.0,0.0004,0.04,5.54,MIN_PROFIT_TP_HIT,0.09
618,TRUMP_USDT,SHORT,EMACrossover(5/13-SHORT),2,0.2,2.701,2.699,2.699,2.706,2026-08-23 19:28:59 UTC,2026-08-23 19:29:10 UTC,10.4,0.5402,0.0072,0.0,0.0004,0.04,5.55,MIN_PROFIT_TP_HIT,0.0904
619,TRUMP_USDT,LONG,EMACrossover(5/13-LONG),2,0.2,2.711,2.713,2.713,2.706,2026-08-23 19:39:59 UTC,2026-08-23 19:40:46 UTC,46.82,0.5422,0.0072,0.0,0.0004,0.04,5.53,MIN_PROFIT_TP_HIT,0.0908
620,TRUMP_USDT,SHORT,EMACrossover(5/13-SHORT),2,0.2,2.691,2.696,2.689,2.696,2026-08-23 19:50:59 UTC,2026-08-23 19:51:32 UTC,32.42,0.5382,0.0072,0.0,-0.001,-0.09,-13.94,STOP_LOSS_HIT,0.0898
621,TRUMP_USDT,LONG,EMACrossover(5/13-LONG),2,0.2,2.688,2.683,2.69,2.683,2026-08-23 20:05:59 UTC,2026-08-23 20:06:07 UTC,7.23,0.5376,0.0072,0.0,-0.001,-0.09,-13.95,STOP_LOSS_HIT,0.0888
622,TRUMP_USDT,SHORT,EMACrossover(5/13-SHORT),2,0.2,2.683,2.681,2.681,2.688,2026-08-23 20:07:59 UTC,2026-08-23 20:08:00 UTC,0.53,0.5366,0.0072,0.0,0.0004,0.04,5.59,MIN_PROFIT_TP_HIT,0.0892
623,TRUMP_USDT,LONG,EMACrossover(5/13-LONG),2,0.2,2.701,2.703,2.703,2.696,2026-08-23 20:10:59 UTC,2026-08-23 20:11:24 UTC,24.41,0.5402,0.0072,0.0,0.0004,0.04,5.55,MIN_PROFIT_TP_HIT,0.0896
624,TRUMP_USDT,SHORT,EMACrossover(5/13-SHORT),2,0.2,2.69,2.688,2.688,2.695,2026-08-23 20:24:59 UTC,2026-08-23 20:25:03 UTC,3.13,0.538,0.0072,0.0,0.0004,0.04,5.58,MIN_PROFIT_TP_HIT,0.09
625,TRUMP_USDT,LONG,EMACrossover(5/13-LONG),2,0.2,2.696,2.698,2.698,2.691,2026-08-23 20:28:59 UTC,2026-08-23 20:29:19 UTC,19.66,0.5392,0.0072,0.0,0.0004,0.04,5.56,MIN_PROFIT_TP_HIT,0.0904
626,TRUMP_USDT,LONG,EMACrossover(5/13-LONG),2,0.2,2.681,2.683,2.683,2.676,2026-08-23 20:32:59 UTC,2026-08-23 20:33:01 UTC,1.19,0.5362,0.0071,0.0,0.0004,0.04,5.59,MIN_PROFIT_TP_HIT,0.0908
627,TRUMP_USDT,LONG,EMACrossover(5/13-LONG),2,0.2,2.663,2.658,2.665,2.658,2026-08-23 21:00:59 UTC,2026-08-23 21:01:07 UTC,7.77,0.5326,0.0071,0.0,-0.001,-0.09,-14.08,STOP_LOSS_HIT,0.0898
628,TRUMP_USDT,SHORT,EMACrossover(5/13-SHORT),2,0.2,2.702,2.7,2.7,2.707,2026-08-23 21:41:59 UTC,2026-08-23 21:42:43 UTC,43.4,0.5404,0.0072,0.0,0.0004,0.04,5.55,MIN_PROFIT_TP_HIT,0.0902
629,TRUMP_USDT,LONG,EMACrossover(5/13-LONG),2,0.2,2.721,2.716,2.723,2.716,2026-08-23 21:53:59 UTC,2026-08-23 21:54:05 UTC,5.84,0.5442,0.0073,0.0,-0.001,-0.09,-13.78,STOP_LOSS_HIT,0.0892
630,TRUMP_USDT,SHORT,EMACrossover(5/13-SHORT),2,0.2,2.693,2.691,2.691,2.698,2026-08-23 22:02:59 UTC,2026-08-23 22:03:01 UTC,1.89,0.5386,0.0072,0.0,0.0004,0.04,5.57,MIN_PROFIT_TP_HIT,0.0896
631,TRUMP_USDT,LONG,EMACrossover(5/13-LONG),2,0.2,2.712,2.714,2.714,2.707,2026-08-23 22:08:59 UTC,2026-08-23 22:09:02 UTC,2.05,0.5424,0.0072,0.0,0.0004,0.04,5.53,MIN_PROFIT_TP_HIT,0.09
632,TRUMP_USDT,SHORT,EMACrossover(5/13-SHORT),2,0.2,2.705,2.703,2.703,2.71,2026-08-23 22:14:59 UTC,2026-08-23 22:15:02 UTC,2.66,0.541,0.0072,0.0,0.0004,0.04,5.55,MIN_PROFIT_TP_HIT,0.0904
633,TRUMP_USDT,LONG,EMACrossover(5/13-LONG),2,0.2,2.694,2.696,2.696,2.689,2026-08-23 22:17:59 UTC,2026-08-23 22:18:00 UTC,0.12,0.5388,0.0072,0.0,0.0004,0.04,5.57,MIN_PROFIT_TP_HIT,0.0908
634,TRUMP_USDT,LONG,EMACrossover(5/13-LONG),2,0.2,2.706,2.701,2.708,2.701,2026-08-23 22:28:59 UTC,2026-08-23 22:29:22 UTC,22.63,0.5412,0.0072,0.0,-0.001,-0.09,-13.86,STOP_LOSS_HIT,0.0898
635,TRUMP_USDT,SHORT,EMACrossover(5/13-SHORT),2,0.2,2.699,2.697,2.697,2.704,2026-08-23 22:36:59 UTC,2026-08-23 22:37:06 UTC,6.54,0.5398,0.0072,0.0,0.0004,0.04,5.56,MIN_PROFIT_TP_HIT,0.0902
636,TRUMP_USDT,LONG,EMACrossover(5/13-LONG),2,0.2,2.698,2.7,2.7,2.693,2026-08-23 22:49:59 UTC,2026-08-23 22:50:32 UTC,32.98,0.5396,0.0072,0.0,0.0004,0.04,5.56,MIN_PROFIT_TP_HIT,0.0906
637,TRUMP_USDT,SHORT,EMACrossover(5/13-SHORT),2,0.2,2.691,2.689,2.689,2.696,2026-08-23 22:55:59 UTC,2026-08-23 22:56:26 UTC,26.73,0.5382,0.0072,0.0,0.0004,0.04,5.57,MIN_PROFIT_TP_HIT,0.091
638,TRUMP_USDT,LONG,EMACrossover(5/13-LONG),2,0.2,2.689,2.691,2.691,2.684,2026-08-23 23:10:59 UTC,2026-08-23 23:11:00 UTC,0.6,0.5378,0.0072,0.0,0.0004,0.04,5.58,MIN_PROFIT_TP_HIT,0.0914
639,TRUMP_USDT,SHORT,EMACrossover(5/13-SHORT),2,0.2,2.68,2.685,2.678,2.685,2026-08-23 23:12:59 UTC,2026-08-23 23:13:08 UTC,8.42,0.536,0.0071,0.0,-0.001,-0.09,-13.99,STOP_LOSS_HIT,0.0904
640,TRUMP_USDT,LONG,EMACrossover(5/13-LONG),2,0.2,2.683,2.685,2.685,2.678,2026-08-23 23:19:59 UTC,2026-08-23 23:20:24 UTC,24.31,0.5366,0.0072,0.0,0.0004,0.04,5.59,MIN_PROFIT_TP_HIT,0.0908
641,TRUMP_USDT,LONG,EMACrossover(5/13-LONG),2,0.2,2.676,2.671,2.678,2.671,2026-08-23 23:21:59 UTC,2026-08-23 23:22:16 UTC,16.82,0.5352,0.0071,0.0,-0.001,-0.09,-14.01,STOP_LOSS_HIT,0.0898
642,TRUMP_USDT,LONG,EMACrossover(5/13-LONG),2,0.2,2.691,2.693,2.693,2.686,2026-08-23 23:31:59 UTC,2026-08-23 23:32:05 UTC,5.12,0.5382,0.0072,0.0,0.0004,0.04,5.57,MIN_PROFIT_TP_HIT,0.0902
643,TRUMP_USDT,SHORT,EMACrossover(5/13-SHORT),2,0.2,2.666,2.664,2.664,2.671,2026-08-23 23:35:59 UTC,2026-08-23 23:36:04 UTC,5.0,0.5332,0.0071,0.0,0.0004,0.04,5.63,MIN_PROFIT_TP_HIT,0.0906
644,TRUMP_USDT,LONG,EMACrossover(5/13-LONG),2,0.2,2.661,2.663,2.663,2.656,2026-08-23 23:51:59 UTC,2026-08-23 23:52:06 UTC,6.11,0.5322,0.0071,0.0,0.0004,0.04,5.64,MIN_PROFIT_TP_HIT,0.091
645,TRUMP_USDT,LONG,EMACrossover(5/13-LONG),2,0.2,2.561,2.563,2.563,2.556,2026-08-24 00:30:59 UTC,2026-08-24 00:31:01 UTC,1.37,0.5122,0.0068,0.0,0.0004,0.04,5.86,MIN_PROFIT_TP_HIT,0.0914
646,TRUMP_USDT,SHORT,EMACrossover(5/13-SHORT),2,0.2,2.561,2.559,2.559,2.566,2026-08-24 00:46:59 UTC,2026-08-24 00:47:18 UTC,18.14,0.5122,0.0068,0.0,0.0004,0.04,5.86,MIN_PROFIT_TP_HIT,0.0918
647,TRUMP_USDT,LONG,EMACrossover(5/13-LONG),2,0.2,2.572,2.574,2.574,2.567,2026-08-24 01:00:59 UTC,2026-08-24 01:01:08 UTC,8.18,0.5144,0.0069,0.0,0.0004,0.04,5.83,MIN_PROFIT_TP_HIT,0.0922
648,TRUMP_USDT,SHORT,EMACrossover(5/13-SHORT),2,0.2,2.577,2.575,2.575,2.582,2026-08-24 01:16:59 UTC,2026-08-24 01:17:04 UTC,4.69,0.5154,0.0069,0.0,0.0004,0.04,5.82,MIN_PROFIT_TP_HIT,0.0926
649,TRUMP_USDT,LONG,EMACrossover(5/13-LONG),2,0.2,2.512,2.514,2.514,2.507,2026-08-24 02:13:59 UTC,2026-08-24 02:14:04 UTC,4.87,0.5024,0.0067,0.0,0.0004,0.04,5.97,MIN_PROFIT_TP_HIT,0.093
650,TRUMP_USDT,SHORT,EMACrossover(5/13-SHORT),2,0.2,2.537,2.542,2.535,2.542,2026-08-24 02:43:59 UTC,2026-08-24 02:44:21 UTC,21.5,0.5074,0.0068,0.0,-0.001,-0.09,-14.78,STOP_LOSS_HIT,0.092
651,TRUMP_USDT,LONG,EMACrossover(5/13-LONG),2,0.2,2.55,2.545,2.552,2.545,2026-08-24 02:56:59 UTC,2026-08-24 02:57:11 UTC,11.9,0.51,0.0068,0.0,-0.001,-0.09,-14.71,STOP_LOSS_HIT,0.091
652,TRUMP_USDT,SHORT,EMACrossover(5/13-SHORT),2,0.2,2.518,2.523,2.516,2.523,2026-08-24 02:59:59 UTC,2026-08-24 03:00:08 UTC,8.95,0.5036,0.0067,0.0,-0.001,-0.09,-14.89,STOP_LOSS_HIT,0.09
653,TRUMP_USDT,LONG,EMACrossover(5/13-LONG),2,0.2,2.551,2.546,2.553,2.546,2026-08-24 03:01:59 UTC,2026-08-24 03:02:03 UTC,3.26,0.5102,0.0068,0.0,-0.001,-0.09,-14.7,STOP_LOSS_HIT,0.089
654,TRUMP_USDT,SHORT,EMACrossover(5/13-SHORT),2,0.2,2.533,2.538,2.531,2.538,2026-08-24 03:09:59 UTC,2026-08-24 03:10:05 UTC,5.57,0.5066,0.0068,0.0,-0.001,-0.09,-14.8,STOP_LOSS_HIT,0.088
655,TRUMP_USDT,LONG,EMACrossover(5/13-LONG),2,0.2,2.544,2.546,2.546,2.539,2026-08-24 03:12:59 UTC,2026-08-24 03:13:06 UTC,6.7,0.5088,0.0068,0.0,0.0004,0.04,5.9,MIN_PROFIT_TP_HIT,0.0884
656,TRUMP_USDT,SHORT,EMACrossover(5/13-SHORT),2,0.2,2.53,2.528,2.528,2.535,2026-08-24 03:15:59 UTC,2026-08-24 03:16:00 UTC,0.14,0.506,0.0067,0.0,0.0004,0.04,5.93,MIN_PROFIT_TP_HIT,0.0888
657,TRUMP_USDT,LONG,EMACrossover(5/13-LONG),2,0.2,2.55,2.552,2.552,2.545,2026-08-24 03:25:59 UTC,2026-08-24 03:26:16 UTC,16.63,0.51,0.0068,0.0,0.0004,0.04,5.88,MIN_PROFIT_TP_HIT,0.0892
658,TRUMP_USDT,SHORT,EMACrossover(5/13-SHORT),2,0.2,2.532,2.53,2.53,2.537,2026-08-24 03:37:59 UTC,2026-08-24 03:38:01 UTC,1.61,0.5064,0.0068,0.0,0.0004,0.04,5.92,MIN_PROFIT_TP_HIT,0.0896
659,TRUMP_USDT,LONG,EMACrossover(5/13-LONG),2,0.2,2.522,2.524,2.524,2.517,2026-08-24 04:04:59 UTC,2026-08-24 04:05:07 UTC,7.81,0.5044,0.0067,0.0,0.0004,0.04,5.95,MIN_PROFIT_TP_HIT,0.09
660,TRUMP_USDT,SHORT,EMACrossover(5/13-SHORT),2,0.2,2.502,2.5,2.5,2.507,2026-08-24 04:07:59 UTC,2026-08-24 04:08:00 UTC,0.53,0.5004,0.0067,0.0,0.0004,0.04,6.0,MIN_PROFIT_TP_HIT,0.0904
661,TRUMP_USDT,LONG,EMACrossover(5/13-LONG),2,0.2,2.518,2.52,2.52,2.513,2026-08-24 04:18:59 UTC,2026-08-24 04:19:49 UTC,49.19,0.5036,0.0067,0.0,0.0004,0.04,5.96,MIN_PROFIT_TP_HIT,0.0908
662,TRUMP_USDT,SHORT,EMACrossover(5/13-SHORT),2,0.2,2.511,2.516,2.509,2.516,2026-08-24 04:40:59 UTC,2026-08-24 04:41:34 UTC,34.96,0.5022,0.0067,0.0,-0.001,-0.09,-14.93,STOP_LOSS_HIT,0.0898
663,TRUMP_USDT,LONG,EMACrossover(5/13-LONG),2,0.2,2.518,2.513,2.52,2.513,2026-08-24 04:45:59 UTC,2026-08-24 04:46:03 UTC,3.3,0.5036,0.0067,0.0,-0.001,-0.09,-14.89,STOP_LOSS_HIT,0.0888
664,TRUMP_USDT,LONG,EMACrossover(5/13-LONG),2,0.2,2.507,2.509,2.509,2.502,2026-08-24 05:11:59 UTC,2026-08-24 05:12:01 UTC,1.04,0.5014,0.0067,0.0,0.0004,0.04,5.98,MIN_PROFIT_TP_HIT,0.0892
665,TRUMP_USDT,SHORT,EMACrossover(5/13-SHORT),2,0.2,2.495,2.493,2.493,2.5,2026-08-24 05:22:59 UTC,2026-08-24 05:23:07 UTC,7.81,0.499,0.0067,0.0,0.0004,0.04,6.01,MIN_PROFIT_TP_HIT,0.0896
666,TRUMP_USDT,LONG,EMACrossover(5/13-LONG),2,0.2,2.5,2.502,2.502,2.495,2026-08-24 05:41:59 UTC,2026-08-24 05:42:00 UTC,0.86,0.5,0.0067,0.0,0.0004,0.04,6.0,MIN_PROFIT_TP_HIT,0.09
667,TRUMP_USDT,SHORT,EMACrossover(5/13-SHORT),2,0.2,2.478,2.483,2.476,2.483,2026-08-24 05:50:59 UTC,2026-08-24 05:51:41 UTC,41.68,0.4956,0.0066,0.0,-0.001,-0.09,-15.13,STOP_LOSS_HIT,0.089
668,TRUMP_USDT,LONG,EMACrossover(5/13-LONG),2,0.2,2.487,2.489,2.489,2.482,2026-08-24 05:59:59 UTC,2026-08-24 06:00:08 UTC,8.26,0.4974,0.0066,0.0,0.0004,0.04,6.03,MIN_PROFIT_TP_HIT,0.0894
669,TRUMP_USDT,SHORT,EMACrossover(5/13-SHORT),2,0.2,2.473,2.478,2.471,2.478,2026-08-24 06:04:59 UTC,2026-08-24 06:05:25 UTC,25.73,0.4946,0.0066,0.0,-0.001,-0.09,-15.16,STOP_LOSS_HIT,0.0884
670,TRUMP_USDT,LONG,EMACrossover(5/13-LONG),2,0.2,2.49,2.492,2.492,2.485,2026-08-24 06:14:59 UTC,2026-08-24 06:15:10 UTC,10.04,0.498,0.0066,0.0,0.0004,0.04,6.02,MIN_PROFIT_TP_HIT,0.0888
671,TRUMP_USDT,SHORT,EMACrossover(5/13-SHORT),2,0.2,2.457,2.462,2.455,2.462,2026-08-24 06:22:59 UTC,2026-08-24 06:23:02 UTC,2.58,0.4914,0.0066,0.0,-0.001,-0.09,-15.26,STOP_LOSS_HIT,0.0878
672,TRUMP_USDT,LONG,EMACrossover(5/13-LONG),2,0.2,2.475,2.477,2.477,2.47,2026-08-24 06:46:59 UTC,2026-08-24 06:47:10 UTC,10.28,0.495,0.0066,0.0,0.0004,0.04,6.06,MIN_PROFIT_TP_HIT,0.0882
673,TRUMP_USDT,SHORT,EMACrossover(5/13-SHORT),2,0.2,2.513,2.511,2.511,2.518,2026-08-24 07:27:59 UTC,2026-08-24 07:28:47 UTC,47.37,0.5026,0.0067,0.0,0.0004,0.04,5.97,MIN_PROFIT_TP_HIT,0.0886
674,TRUMP_USDT,LONG,EMACrossover(5/13-LONG),2,0.2,2.411,2.413,2.413,2.406,2026-08-24 08:33:59 UTC,2026-08-24 08:34:23 UTC,23.66,0.4822,0.0064,0.0,0.0004,0.04,6.22,MIN_PROFIT_TP_HIT,0.089
675,TRUMP_USDT,SHORT,EMACrossover(5/13-SHORT),2,0.2,2.407,2.412,2.405,2.412,2026-08-24 08:39:59 UTC,2026-08-24 08:40:37 UTC,37.76,0.4814,0.0064,0.0,-0.001,-0.09,-15.58,STOP_LOSS_HIT,0.088
676,TRUMP_USDT,SHORT,EMACrossover(5/13-SHORT),2,0.2,2.447,2.445,2.445,2.452,2026-08-24 09:46:59 UTC,2026-08-24 09:47:01 UTC,1.55,0.4894,0.0065,0.0,0.0004,0.04,6.13,MIN_PROFIT_TP_HIT,0.0884
677,TRUMP_USDT,LONG,EMACrossover(5/13-LONG),2,0.2,2.438,2.433,2.44,2.433,2026-08-24 10:05:59 UTC,2026-08-24 10:06:17 UTC,17.92,0.4876,0.0065,0.0,-0.001,-0.09,-15.38,STOP_LOSS_HIT,0.0874
678,TRUMP_USDT,SHORT,EMACrossover(5/13-SHORT),2,0.2,2.444,2.442,2.442,2.449,2026-08-24 10:07:59 UTC,2026-08-24 10:08:26 UTC,26.06,0.4888,0.0065,0.0,0.0004,0.04,6.14,MIN_PROFIT_TP_HIT,0.0878
679,TRUMP_USDT,SHORT,EMACrossover(5/13-SHORT),2,0.2,2.435,2.433,2.433,2.44,2026-08-24 10:13:59 UTC,2026-08-24 10:14:03 UTC,3.19,0.487,0.0065,0.0,0.0004,0.04,6.16,MIN_PROFIT_TP_HIT,0.0882
680,TRUMP_USDT,LONG,EMACrossover(5/13-LONG),2,0.2,2.442,2.437,2.444,2.437,2026-08-24 10:20:59 UTC,2026-08-24 10:21:17 UTC,17.09,0.4884,0.0065,0.0,-0.001,-0.09,-15.36,STOP_LOSS_HIT,0.0872
681,TRUMP_USDT,SHORT,EMACrossover(5/13-SHORT),2,0.2,2.476,2.474,2.474,2.481,2026-08-24 11:01:59 UTC,2026-08-24 11:02:00 UTC,0.96,0.4952,0.0066,0.0,0.0004,0.04,6.06,MIN_PROFIT_TP_HIT,0.0876
682,TRUMP_USDT,LONG,EMACrossover(5/13-LONG),2,0.2,2.497,2.499,2.499,2.492,2026-08-24 11:12:59 UTC,2026-08-24 11:13:05 UTC,5.87,0.4994,0.0067,0.0,0.0004,0.04,6.01,MIN_PROFIT_TP_HIT,0.088
683,TRUMP_USDT,SHORT,EMACrossover(5/13-SHORT),2,0.2,2.49,2.488,2.488,2.495,2026-08-24 11:21:59 UTC,2026-08-24 11:22:12 UTC,12.51,0.498,0.0066,0.0,0.0004,0.04,6.02,MIN_PROFIT_TP_HIT,0.0884
684,TRUMP_USDT,LONG,EMACrossover(5/13-LONG),2,0.2,2.507,2.509,2.509,2.502,2026-08-24 11:32:59 UTC,2026-08-24 11:33:12 UTC,12.35,0.5014,0.0067,0.0,0.0004,0.04,5.98,MIN_PROFIT_TP_HIT,0.0888
685,TRUMP_USDT,SHORT,EMACrossover(5/13-SHORT),2,0.2,2.517,2.515,2.515,2.522,2026-08-24 11:49:59 UTC,2026-08-24 11:50:02 UTC,2.64,0.5034,0.0067,0.0,0.0004,0.04,5.96,MIN_PROFIT_TP_HIT,0.0892
686,TRUMP_USDT,LONG,EMACrossover(5/13-LONG),2,0.2,2.531,2.526,2.533,2.526,2026-08-24 12:15:59 UTC,2026-08-24 12:16:08 UTC,8.73,0.5062,0.0067,0.0,-0.001,-0.09,-14.82,STOP_LOSS_HIT,0.0882
687,TRUMP_USDT,SHORT,EMACrossover(5/13-SHORT),2,0.2,2.535,2.533,2.533,2.54,2026-08-24 12:35:59 UTC,2026-08-24 12:36:01 UTC,1.4,0.507,0.0068,0.0,0.0004,0.04,5.92,MIN_PROFIT_TP_HIT,0.0886
688,TRUMP_USDT,SHORT,EMACrossover(5/13-SHORT),2,0.2,2.531,2.536,2.529,2.536,2026-08-24 12:38:59 UTC,2026-08-24 12:39:06 UTC,6.18,0.5062,0.0067,0.0,-0.001,-0.09,-14.82,STOP_LOSS_HIT,0.0876
689,TRUMP_USDT,SHORT,EMACrossover(5/13-SHORT),2,0.2,2.53,2.528,2.528,2.535,2026-08-24 13:03:59 UTC,2026-08-24 13:04:00 UTC,0.53,0.506,0.0067,0.0,0.0004,0.04,5.93,MIN_PROFIT_TP_HIT,0.088
690,TRUMP_USDT,LONG,EMACrossover(5/13-LONG),2,0.2,2.543,2.538,2.545,2.538,2026-08-24 13:14:59 UTC,2026-08-24 13:15:10 UTC,10.8,0.5086,0.0068,0.0,-0.001,-0.09,-14.75,STOP_LOSS_HIT,0.087
691,TRUMP_USDT,SHORT,EMACrossover(5/13-SHORT),2,0.2,2.522,2.52,2.52,2.527,2026-08-24 13:16:59 UTC,2026-08-24 13:17:00 UTC,0.1,0.5044,0.0067,0.0,0.0004,0.04,5.95,MIN_PROFIT_TP_HIT,0.0874
692,TRUMP_USDT,LONG,EMACrossover(5/13-LONG),2,0.2,2.472,2.474,2.474,2.467,2026-08-24 13:59:59 UTC,2026-08-24 14:00:01 UTC,1.73,0.4944,0.0066,0.0,0.0004,0.04,6.07,MIN_PROFIT_TP_HIT,0.0878
693,TRUMP_USDT,SHORT,EMACrossover(5/13-SHORT),2,0.2,2.487,2.485,2.485,2.492,2026-08-24 14:25:59 UTC,2026-08-24 14:26:07 UTC,7.14,0.4974,0.0066,0.0,0.0004,0.04,6.03,MIN_PROFIT_TP_HIT,0.0882
694,TRUMP_USDT,LONG,EMACrossover(5/13-LONG),2,0.2,2.498,2.5,2.5,2.493,2026-08-24 14:29:59 UTC,2026-08-24 14:30:12 UTC,12.42,0.4996,0.0067,0.0,0.0004,0.04,6.0,MIN_PROFIT_TP_HIT,0.0886
695,TRUMP_USDT,SHORT,EMACrossover(5/13-SHORT),2,0.2,2.505,2.503,2.503,2.51,2026-08-24 14:46:59 UTC,2026-08-24 14:47:23 UTC,23.67,0.501,0.0067,0.0,0.0004,0.04,5.99,MIN_PROFIT_TP_HIT,0.089
696,TRUMP_USDT,LONG,EMACrossover(5/13-LONG),2,0.2,2.499,2.501,2.501,2.494,2026-08-24 15:08:59 UTC,2026-08-24 15:09:00 UTC,0.52,0.4998,0.0067,0.0,0.0004,0.04,6.0,MIN_PROFIT_TP_HIT,0.0894
697,TRUMP_USDT,SHORT,EMACrossover(5/13-SHORT),2,0.2,2.512,2.517,2.51,2.517,2026-08-24 15:35:59 UTC,2026-08-24 15:36:17 UTC,17.98,0.5024,0.0067,0.0,-0.001,-0.09,-14.93,STOP_LOSS_HIT,0.0884
698,TRUMP_USDT,LONG,EMACrossover(5/13-LONG),2,0.2,2.503,2.505,2.505,2.498,2026-08-24 16:03:59 UTC,2026-08-24 16:04:39 UTC,39.23,0.5006,0.0067,0.0,0.0004,0.04,5.99,MIN_PROFIT_TP_HIT,0.0888
699,TRUMP_USDT,SHORT,EMACrossover(5/13-SHORT),2,0.2,2.51,2.508,2.508,2.515,2026-08-24 16:30:59 UTC,2026-08-24 16:31:00 UTC,0.1,0.502,0.0067,0.0,0.0004,0.04,5.98,MIN_PROFIT_TP_HIT,0.0892
700,TRUMP_USDT,LONG,EMACrossover(5/13-LONG),2,0.2,2.499,2.494,2.501,2.494,2026-08-24 16:44:59 UTC,2026-08-24 16:46:04 UTC,64.25,0.4998,0.0067,0.0,-0.001,-0.09,-15.01,STOP_LOSS_HIT,0.0882
701,TRUMP_USDT,LONG,EMACrossover(5/13-LONG),2,0.2,2.494,2.496,2.496,2.489,2026-08-24 17:08:59 UTC,2026-08-24 17:09:02 UTC,2.61,0.4988,0.0067,0.0,0.0004,0.04,6.01,MIN_PROFIT_TP_HIT,0.0886
702,TRUMP_USDT,SHORT,EMACrossover(5/13-SHORT),2,0.2,2.497,2.495,2.495,2.502,2026-08-24 17:16:59 UTC,2026-08-24 17:17:00 UTC,0.38,0.4994,0.0067,0.0,0.0004,0.04,6.01,MIN_PROFIT_TP_HIT,0.089
703,TRUMP_USDT,SHORT,EMACrossover(5/13-SHORT),2,0.2,2.476,2.474,2.474,2.481,2026-08-24 17:22:59 UTC,2026-08-24 17:23:00 UTC,0.65,0.4952,0.0066,0.0,0.0004,0.04,6.06,MIN_PROFIT_TP_HIT,0.0894
704,TRUMP_USDT,LONG,EMACrossover(5/13-LONG),2,0.2,2.447,2.449,2.449,2.442,2026-08-24 17:42:59 UTC,2026-08-24 17:43:03 UTC,3.88,0.4894,0.0065,0.0,0.0004,0.04,6.13,MIN_PROFIT_TP_HIT,0.0898
705,TRUMP_USDT,SHORT,EMACrossover(5/13-SHORT),2,0.2,2.449,2.447,2.447,2.454,2026-08-24 17:45:59 UTC,2026-08-24 17:46:02 UTC,2.87,0.4898,0.0065,0.0,0.0004,0.04,6.12,MIN_PROFIT_TP_HIT,0.0902
706,TRUMP_USDT,SHORT,EMACrossover(5/13-SHORT),2,0.2,2.448,2.446,2.446,2.453,2026-08-24 17:47:59 UTC,2026-08-24 17:48:03 UTC,3.17,0.4896,0.0065,0.0,0.0004,0.04,6.13,MIN_PROFIT_TP_HIT,0.0906
707,TRUMP_USDT,SHORT,EMACrossover(5/13-SHORT),2,0.2,2.447,2.445,2.445,2.452,2026-08-24 17:56:59 UTC,2026-08-24 17:57:25 UTC,25.67,0.4894,0.0065,0.0,0.0004,0.04,6.13,MIN_PROFIT_TP_HIT,0.091
708,TRUMP_USDT,LONG,EMACrossover(5/13-LONG),2,0.2,2.46,2.462,2.462,2.455,2026-08-24 18:00:59 UTC,2026-08-24 18:01:00 UTC,0.63,0.492,0.0066,0.0,0.0004,0.04,6.1,MIN_PROFIT_TP_HIT,0.0914
709,TRUMP_USDT,SHORT,EMACrossover(5/13-SHORT),2,0.2,2.45,2.448,2.448,2.455,2026-08-24 18:10:59 UTC,2026-08-24 18:11:04 UTC,4.2,0.49,0.0065,0.0,0.0004,0.04,6.12,MIN_PROFIT_TP_HIT,0.0918
710,TRUMP_USDT,LONG,EMACrossover(5/13-LONG),2,0.2,2.458,2.46,2.46,2.453,2026-08-24 18:16:59 UTC,2026-08-24 18:17:22 UTC,22.58,0.4916,0.0066,0.0,0.0004,0.04,6.1,MIN_PROFIT_TP_HIT,0.0922
711,TRUMP_USDT,SHORT,EMACrossover(5/13-SHORT),2,0.2,2.447,2.452,2.445,2.452,2026-08-24 18:35:59 UTC,2026-08-24 18:36:39 UTC,39.23,0.4894,0.0065,0.0,-0.001,-0.09,-15.32,STOP_LOSS_HIT,0.0912
712,TRUMP_USDT,LONG,EMACrossover(5/13-LONG),2,0.2,2.448,2.443,2.45,2.443,2026-08-24 18:49:59 UTC,2026-08-24 18:51:41 UTC,101.96,0.4896,0.0065,0.0,-0.001,-0.09,-15.32,STOP_LOSS_HIT,0.0902
713,TRUMP_USDT,LONG,EMACrossover(5/13-LONG),2,0.2,2.428,2.43,2.43,2.423,2026-08-24 19:13:59 UTC,2026-08-24 19:14:59 UTC,59.34,0.4856,0.0065,0.0,0.0004,0.04,6.18,MIN_PROFIT_TP_HIT,0.0906
714,TRUMP_USDT,SHORT,EMACrossover(5/13-SHORT),2,0.2,2.425,2.423,2.423,2.43,2026-08-24 19:20:59 UTC,2026-08-24 19:21:01 UTC,1.8,0.485,0.0065,0.0,0.0004,0.04,6.19,MIN_PROFIT_TP_HIT,0.091
715,TRUMP_USDT,LONG,EMACrossover(5/13-LONG),2,0.2,2.429,2.431,2.431,2.424,2026-08-24 19:27:59 UTC,2026-08-24 19:29:02 UTC,62.44,0.4858,0.0065,0.0,0.0004,0.04,6.18,MIN_PROFIT_TP_HIT,0.0914
716,TRUMP_USDT,SHORT,EMACrossover(5/13-SHORT),2,0.2,2.436,2.441,2.434,2.441,2026-08-24 19:53:59 UTC,2026-08-24 19:54:14 UTC,14.9,0.4872,0.0065,0.0,-0.001,-0.09,-15.39,STOP_LOSS_HIT,0.0904
717,TRUMP_USDT,LONG,EMACrossover(5/13-LONG),2,0.2,2.442,2.444,2.444,2.437,2026-08-24 20:08:59 UTC,2026-08-24 20:09:41 UTC,41.28,0.4884,0.0065,0.0,0.0004,0.04,6.14,MIN_PROFIT_TP_HIT,0.0908
718,TRUMP_USDT,SHORT,EMACrossover(5/13-SHORT),2,0.2,2.426,2.431,2.424,2.431,2026-08-24 20:15:59 UTC,2026-08-24 20:16:09 UTC,9.91,0.4852,0.0065,0.0,-0.001,-0.09,-15.46,STOP_LOSS_HIT,0.0898
719,TRUMP_USDT,LONG,EMACrossover(5/13-LONG),2,0.2,2.425,2.427,2.427,2.42,2026-08-24 20:35:59 UTC,2026-08-24 20:36:01 UTC,1.39,0.485,0.0065,0.0,0.0004,0.04,6.19,MIN_PROFIT_TP_HIT,0.0902
720,TRUMP_USDT,SHORT,EMACrossover(5/13-SHORT),2,0.2,2.419,2.417,2.417,2.424,2026-08-24 20:49:59 UTC,2026-08-24 20:51:12 UTC,72.77,0.4838,0.0065,0.0,0.0004,0.04,6.2,MIN_PROFIT_TP_HIT,0.0906
721,TRUMP_USDT,LONG,EMACrossover(5/13-LONG),2,0.2,2.42,2.422,2.422,2.415,2026-08-24 20:59:59 UTC,2026-08-24 21:00:06 UTC,6.11,0.484,0.0065,0.0,0.0004,0.04,6.2,MIN_PROFIT_TP_HIT,0.091
722,TRUMP_USDT,SHORT,EMACrossover(5/13-SHORT),2,0.2,2.42,2.418,2.418,2.425,2026-08-24 21:09:59 UTC,2026-08-24 21:10:05 UTC,5.06,0.484,0.0065,0.0,0.0004,0.04,6.2,MIN_PROFIT_TP_HIT,0.0914
723,TRUMP_USDT,LONG,EMACrossover(5/13-LONG),2,0.2,2.426,2.428,2.428,2.421,2026-08-24 21:12:59 UTC,2026-08-24 21:13:07 UTC,7.51,0.4852,0.0065,0.0,0.0004,0.04,6.18,MIN_PROFIT_TP_HIT,0.0918
724,TRUMP_USDT,SHORT,EMACrossover(5/13-SHORT),2,0.2,2.423,2.428,2.421,2.428,2026-08-24 21:20:59 UTC,2026-08-24 21:22:45 UTC,105.46,0.4846,0.0065,0.0,-0.001,-0.09,-15.48,STOP_LOSS_HIT,0.0908
725,TRUMP_USDT,LONG,EMACrossover(5/13-LONG),2,0.2,2.433,2.428,2.435,2.428,2026-08-24 21:23:59 UTC,2026-08-24 21:25:31 UTC,91.8,0.4866,0.0065,0.0,-0.001,-0.09,-15.41,STOP_LOSS_HIT,0.0898
726,TRUMP_USDT,SHORT,EMACrossover(5/13-SHORT),2,0.2,2.428,2.433,2.426,2.433,2026-08-24 21:39:59 UTC,2026-08-24 21:40:25 UTC,25.72,0.4856,0.0065,0.0,-0.001,-0.09,-15.44,STOP_LOSS_HIT,0.0888
727,TRUMP_USDT,LONG,EMACrossover(5/13-LONG),2,0.2,2.435,2.437,2.437,2.43,2026-08-24 21:42:59 UTC,2026-08-24 21:45:42 UTC,162.11,0.487,0.0065,0.0,0.0004,0.04,6.16,MIN_PROFIT_TP_HIT,0.0892
728,TRUMP_USDT,SHORT,EMACrossover(5/13-SHORT),2,0.2,2.437,2.435,2.435,2.442,2026-08-24 22:09:59 UTC,2026-08-24 22:10:02 UTC,2.78,0.4874,0.0065,0.0,0.0004,0.04,6.16,MIN_PROFIT_TP_HIT,0.0896
729,TRUMP_USDT,LONG,EMACrossover(5/13-LONG),2,0.2,2.43,2.432,2.432,2.425,2026-08-24 22:34:59 UTC,2026-08-24 22:37:13 UTC,133.91,0.486,0.0065,0.0,0.0004,0.04,6.17,MIN_PROFIT_TP_HIT,0.09
730,TRUMP_USDT,SHORT,EMACrossover(5/13-SHORT),2,0.2,2.423,2.421,2.421,2.428,2026-08-24 22:44:59 UTC,2026-08-24 22:49:01 UTC,241.83,0.4846,0.0065,0.0,0.0004,0.04,6.19,MIN_PROFIT_TP_HIT,0.0904
731,TRUMP_USDT,LONG,EMACrossover(5/13-LONG),2,0.2,2.426,2.421,2.428,2.421,2026-08-24 22:52:59 UTC,2026-08-24 22:54:41 UTC,101.41,0.4852,0.0065,0.0,-0.001,-0.09,-15.46,STOP_LOSS_HIT,0.0894
732,TRUMP_USDT,LONG,EMACrossover(5/13-LONG),2,0.2,2.382,2.384,2.384,2.377,2026-08-24 23:23:59 UTC,2026-08-24 23:25:04 UTC,64.6,0.4764,0.0064,0.0,0.0004,0.04,6.3,MIN_PROFIT_TP_HIT,0.0898
733,TRUMP_USDT,SHORT,EMACrossover(5/13-SHORT),2,0.2,2.37,2.368,2.368,2.375,2026-08-24 23:29:59 UTC,2026-08-24 23:30:00 UTC,0.91,0.474,0.0063,0.0,0.0004,0.04,6.33,MIN_PROFIT_TP_HIT,0.0902
734,TRUMP_USDT,LONG,EMACrossover(5/13-LONG),2,0.2,2.379,2.381,2.381,2.374,2026-08-24 23:39:59 UTC,2026-08-24 23:40:32 UTC,32.23,0.4758,0.0063,0.0,0.0004,0.04,6.31,MIN_PROFIT_TP_HIT,0.0906
735,TRUMP_USDT,SHORT,EMACrossover(5/13-SHORT),2,0.2,2.388,2.386,2.386,2.393,2026-08-25 00:04:59 UTC,2026-08-25 00:05:02 UTC,2.0,0.4776,0.0064,0.0,0.0004,0.04,6.28,MIN_PROFIT_TP_HIT,0.091
736,TRUMP_USDT,LONG,EMACrossover(5/13-LONG),2,0.2,2.401,2.396,2.403,2.396,2026-08-25 00:08:59 UTC,2026-08-25 00:09:25 UTC,25.27,0.4802,0.0064,0.0,-0.001,-0.09,-15.62,STOP_LOSS_HIT,0.09
737,TRUMP_USDT,SHORT,EMACrossover(5/13-SHORT),2,0.2,2.384,2.382,2.382,2.389,2026-08-25 00:14:59 UTC,2026-08-25 00:15:00 UTC,0.4,0.4768,0.0064,0.0,0.0004,0.04,6.29,MIN_PROFIT_TP_HIT,0.0904
738,TRUMP_USDT,LONG,EMACrossover(5/13-LONG),2,0.2,2.382,2.384,2.384,2.377,2026-08-25 00:26:59 UTC,2026-08-25 00:27:00 UTC,0.61,0.4764,0.0064,0.0,0.0004,0.04,6.3,MIN_PROFIT_TP_HIT,0.0908
739,TRUMP_USDT,SHORT,EMACrossover(5/13-SHORT),2,0.2,2.379,2.377,2.377,2.384,2026-08-25 00:33:59 UTC,2026-08-25 00:34:17 UTC,17.95,0.4758,0.0063,0.0,0.0004,0.04,6.31,MIN_PROFIT_TP_HIT,0.0912
740,TRUMP_USDT,SHORT,EMACrossover(5/13-SHORT),2,0.2,2.45,2.448,2.448,2.455,2026-08-25 01:13:59 UTC,2026-08-25 01:14:12 UTC,12.45,0.49,0.0065,0.0,0.0004,0.04,6.12,MIN_PROFIT_TP_HIT,0.0916
741,TRUMP_USDT,LONG,EMACrossover(5/13-LONG),2,0.2,2.473,2.475,2.475,2.468,2026-08-25 01:26:59 UTC,2026-08-25 01:27:03 UTC,3.16,0.4946,0.0066,0.0,0.0004,0.04,6.07,MIN_PROFIT_TP_HIT,0.092
742,TRUMP_USDT,SHORT,EMACrossover(5/13-SHORT),2,0.2,2.463,2.461,2.461,2.468,2026-08-25 01:44:59 UTC,2026-08-25 01:45:05 UTC,5.92,0.4926,0.0066,0.0,0.0004,0.04,6.09,MIN_PROFIT_TP_HIT,0.0924
743,TRUMP_USDT,LONG,EMACrossover(5/13-LONG),2,0.2,2.467,2.469,2.469,2.462,2026-08-25 01:57:59 UTC,2026-08-25 01:58:09 UTC,9.92,0.4934,0.0066,0.0,0.0004,0.04,6.08,MIN_PROFIT_TP_HIT,0.0928
744,TRUMP_USDT,SHORT,EMACrossover(5/13-SHORT),2,0.2,2.47,2.468,2.468,2.475,2026-08-25 02:09:59 UTC,2026-08-25 02:10:02 UTC,2.62,0.494,0.0066,0.0,0.0004,0.04,6.07,MIN_PROFIT_TP_HIT,0.0932
745,TRUMP_USDT,LONG,EMACrossover(5/13-LONG),2,0.2,2.468,2.463,2.47,2.463,2026-08-25 02:11:59 UTC,2026-08-25 02:12:13 UTC,13.82,0.4936,0.0066,0.0,-0.001,-0.09,-15.19,STOP_LOSS_HIT,0.0922
746,TRUMP_USDT,SHORT,EMACrossover(5/13-SHORT),2,0.2,2.466,2.464,2.464,2.471,2026-08-25 02:13:59 UTC,2026-08-25 02:14:05 UTC,5.86,0.4932,0.0066,0.0,0.0004,0.04,6.08,MIN_PROFIT_TP_HIT,0.0926
747,TRUMP_USDT,LONG,EMACrossover(5/13-LONG),2,0.2,2.496,2.498,2.498,2.491,2026-08-25 02:18:59 UTC,2026-08-25 02:19:00 UTC,0.48,0.4992,0.0067,0.0,0.0004,0.04,6.01,MIN_PROFIT_TP_HIT,0.093
748,TRUMP_USDT,SHORT,EMACrossover(5/13-SHORT),2,0.2,2.5,2.498,2.498,2.505,2026-08-25 02:38:59 UTC,2026-08-25 02:39:17 UTC,17.03,0.5,0.0067,0.0,0.0004,0.04,6.0,MIN_PROFIT_TP_HIT,0.0934
749,TRUMP_USDT,LONG,EMACrossover(5/13-LONG),2,0.2,2.482,2.484,2.484,2.477,2026-08-25 03:05:59 UTC,2026-08-25 03:06:06 UTC,6.84,0.4964,0.0066,0.0,0.0004,0.04,6.04,MIN_PROFIT_TP_HIT,0.0938
750,TRUMP_USDT,SHORT,EMACrossover(5/13-SHORT),2,0.2,2.487,2.485,2.485,2.492,2026-08-25 03:25:59 UTC,2026-08-25 03:26:02 UTC,2.73,0.4974,0.0066,0.0,0.0004,0.04,6.03,MIN_PROFIT_TP_HIT,0.0942
751,TRUMP_USDT,LONG,EMACrossover(5/13-LONG),2,0.2,2.459,2.461,2.461,2.454,2026-08-25 04:04:59 UTC,2026-08-25 04:05:02 UTC,2.31,0.4918,0.0066,0.0,0.0004,0.04,6.1,MIN_PROFIT_TP_HIT,0.0946
752,TRUMP_USDT,SHORT,EMACrossover(5/13-SHORT),2,0.2,2.455,2.46,2.453,2.46,2026-08-25 04:07:59 UTC,2026-08-25 04:08:06 UTC,6.76,0.491,0.0065,0.0,-0.001,-0.09,-15.27,STOP_LOSS_HIT,0.0936
753,TRUMP_USDT,LONG,EMACrossover(5/13-LONG),2,0.2,2.465,2.46,2.467,2.46,2026-08-25 04:09:59 UTC,2026-08-25 04:10:29 UTC,29.55,0.493,0.0066,0.0,-0.001,-0.09,-15.21,STOP_LOSS_HIT,0.0926
754,TRUMP_USDT,SHORT,EMACrossover(5/13-SHORT),2,0.2,2.454,2.452,2.452,2.459,2026-08-25 04:18:59 UTC,2026-08-25 04:19:00 UTC,0.63,0.4908,0.0065,0.0,0.0004,0.04,6.11,MIN_PROFIT_TP_HIT,0.093
755,TRUMP_USDT,LONG,EMACrossover(5/13-LONG),2,0.2,2.464,2.459,2.466,2.459,2026-08-25 04:24:59 UTC,2026-08-25 04:25:23 UTC,23.34,0.4928,0.0066,0.0,-0.001,-0.09,-15.22,STOP_LOSS_HIT,0.092
756,TRUMP_USDT,SHORT,EMACrossover(5/13-SHORT),2,0.2,2.451,2.449,2.449,2.456,2026-08-25 04:27:59 UTC,2026-08-25 04:29:22 UTC,82.89,0.4902,0.0065,0.0,0.0004,0.04,6.12,MIN_PROFIT_TP_HIT,0.0924
757,TRUMP_USDT,LONG,EMACrossover(5/13-LONG),2,0.2,2.451,2.446,2.453,2.446,2026-08-25 04:47:59 UTC,2026-08-25 04:48:12 UTC,12.64,0.4902,0.0065,0.0,-0.001,-0.09,-15.3,STOP_LOSS_HIT,0.0914
758,TRUMP_USDT,SHORT,EMACrossover(5/13-SHORT),2,0.2,2.446,2.444,2.444,2.451,2026-08-25 04:58:59 UTC,2026-08-25 05:00:17 UTC,77.29,0.4892,0.0065,0.0,0.0004,0.04,6.13,MIN_PROFIT_TP_HIT,0.0918
759,TRUMP_USDT,SHORT,EMACrossover(5/13-SHORT),2,0.2,2.459,2.457,2.457,2.464,2026-08-25 05:01:59 UTC,2026-08-25 05:02:21 UTC,21.93,0.4918,0.0066,0.0,0.0004,0.04,6.1,MIN_PROFIT_TP_HIT,0.0922
760,TRUMP_USDT,SHORT,EMACrossover(5/13-SHORT),2,0.2,2.469,2.474,2.467,2.474,2026-08-25 05:23:59 UTC,2026-08-25 05:25:17 UTC,77.37,0.4938,0.0066,0.0,-0.001,-0.09,-15.19,STOP_LOSS_HIT,0.0912
761,TRUMP_USDT,LONG,EMACrossover(5/13-LONG),2,0.2,2.477,2.479,2.479,2.472,2026-08-25 05:27:59 UTC,2026-08-25 05:28:06 UTC,6.54,0.4954,0.0066,0.0,0.0004,0.04,6.06,MIN_PROFIT_TP_HIT,0.0916
762,TRUMP_USDT,SHORT,EMACrossover(5/13-SHORT),2,0.2,2.48,2.485,2.478,2.485,2026-08-25 05:48:59 UTC,2026-08-25 05:49:23 UTC,23.4,0.496,0.0066,0.0,-0.001,-0.09,-15.12,STOP_LOSS_HIT,0.0906
763,TRUMP_USDT,LONG,EMACrossover(5/13-LONG),2,0.2,2.484,2.479,2.486,2.479,2026-08-25 05:52:59 UTC,2026-08-25 05:56:09 UTC,189.16,0.4968,0.0066,0.0,-0.001,-0.09,-15.1,STOP_LOSS_HIT,0.0896
764,TRUMP_USDT,LONG,EMACrossover(5/13-LONG),2,0.2,2.466,2.461,2.468,2.461,2026-08-25 06:24:59 UTC,2026-08-25 06:25:36 UTC,36.96,0.4932,0.0066,0.0,-0.001,-0.09,-15.21,STOP_LOSS_HIT,0.0886
765,TRUMP_USDT,SHORT,EMACrossover(5/13-SHORT),2,0.2,2.456,2.454,2.454,2.461,2026-08-25 06:31:59 UTC,2026-08-25 06:32:01 UTC,1.1,0.4912,0.0065,0.0,0.0004,0.04,6.11,MIN_PROFIT_TP_HIT,0.089
766,TRUMP_USDT,LONG,EMACrossover(5/13-LONG),2,0.2,2.451,2.446,2.453,2.446,2026-08-25 06:47:59 UTC,2026-08-25 06:50:09 UTC,129.45,0.4902,0.0065,0.0,-0.001,-0.09,-15.3,STOP_LOSS_HIT,0.088
767,TRUMP_USDT,LONG,EMACrossover(5/13-LONG),2,0.2,2.457,2.459,2.459,2.452,2026-08-25 07:01:59 UTC,2026-08-25 07:02:18 UTC,18.9,0.4914,0.0066,0.0,0.0004,0.04,6.11,MIN_PROFIT_TP_HIT,0.0884
768,TRUMP_USDT,SHORT,EMACrossover(5/13-SHORT),2,0.2,2.465,2.463,2.463,2.47,2026-08-25 07:25:59 UTC,2026-08-25 07:26:44 UTC,44.05,0.493,0.0066,0.0,0.0004,0.04,6.09,MIN_PROFIT_TP_HIT,0.0888
769,TRUMP_USDT,LONG,EMACrossover(5/13-LONG),2,0.2,2.468,2.463,2.47,2.463,2026-08-25 07:32:59 UTC,2026-08-25 07:33:20 UTC,20.35,0.4936,0.0066,0.0,-0.001,-0.09,-15.19,STOP_LOSS_HIT,0.0878
770,TRUMP_USDT,SHORT,EMACrossover(5/13-SHORT),2,0.2,2.461,2.459,2.459,2.466,2026-08-25 07:34:59 UTC,2026-08-25 07:35:07 UTC,7.08,0.4922,0.0066,0.0,0.0004,0.04,6.1,MIN_PROFIT_TP_HIT,0.0882
771,TRUMP_USDT,LONG,EMACrossover(5/13-LONG),2,0.2,2.43,2.432,2.432,2.425,2026-08-25 08:08:59 UTC,2026-08-25 08:09:05 UTC,5.86,0.486,0.0065,0.0,0.0004,0.04,6.17,MIN_PROFIT_TP_HIT,0.0886
772,TRUMP_USDT,SHORT,EMACrossover(5/13-SHORT),2,0.2,2.459,2.457,2.457,2.464,2026-08-25 08:37:59 UTC,2026-08-25 08:38:05 UTC,5.26,0.4918,0.0066,0.0,0.0004,0.04,6.1,MIN_PROFIT_TP_HIT,0.089
773,TRUMP_USDT,LONG,EMACrossover(5/13-LONG),2,0.2,2.429,2.431,2.431,2.424,2026-08-25 09:21:59 UTC,2026-08-25 09:22:32 UTC,32.46,0.4858,0.0065,0.0,0.0004,0.04,6.18,MIN_PROFIT_TP_HIT,0.0894
774,TRUMP_USDT,SHORT,EMACrossover(5/13-SHORT),2,0.2,2.437,2.435,2.435,2.442,2026-08-25 09:47:59 UTC,2026-08-25 09:48:09 UTC,9.13,0.4874,0.0065,0.0,0.0004,0.04,6.16,MIN_PROFIT_TP_HIT,0.0898
775,TRUMP_USDT,LONG,EMACrossover(5/13-LONG),2,0.2,2.38,2.382,2.382,2.375,2026-08-25 10:42:59 UTC,2026-08-25 10:43:24 UTC,24.89,0.476,0.0063,0.0,0.0004,0.04,6.3,MIN_PROFIT_TP_HIT,0.0902
776,TRUMP_USDT,SHORT,EMACrossover(5/13-SHORT),2,0.2,2.395,2.393,2.393,2.4,2026-08-25 11:01:59 UTC,2026-08-25 11:02:14 UTC,14.37,0.479,0.0064,0.0,0.0004,0.04,6.26,MIN_PROFIT_TP_HIT,0.0906
777,TRUMP_USDT,SHORT,EMACrossover(5/13-SHORT),2,0.2,2.39,2.388,2.388,2.395,2026-08-25 11:03:59 UTC,2026-08-25 11:04:23 UTC,23.9,0.478,0.0064,0.0,0.0004,0.04,6.28,MIN_PROFIT_TP_HIT,0.091
778,TRUMP_USDT,LONG,EMACrossover(5/13-LONG),2,0.2,2.4,2.402,2.402,2.395,2026-08-25 11:07:59 UTC,2026-08-25 11:08:08 UTC,8.49,0.48,0.0064,0.0,0.0004,0.04,6.25,MIN_PROFIT_TP_HIT,0.0914
779,TRUMP_USDT,SHORT,EMACrossover(5/13-SHORT),2,0.2,2.394,2.399,2.392,2.399,2026-08-25 11:12:59 UTC,2026-08-25 11:13:09 UTC,9.71,0.4788,0.0064,0.0,-0.001,-0.09,-15.66,STOP_LOSS_HIT,0.0904
780,TRUMP_USDT,LONG,EMACrossover(5/13-LONG),2,0.2,2.392,2.394,2.394,2.387,2026-08-25 11:19:59 UTC,2026-08-25 11:20:00 UTC,0.58,0.4784,0.0064,0.0,0.0004,0.04,6.27,MIN_PROFIT_TP_HIT,0.0908
781,TRUMP_USDT,SHORT,EMACrossover(5/13-SHORT),2,0.2,2.395,2.393,2.393,2.4,2026-08-25 11:29:59 UTC,2026-08-25 11:30:11 UTC,11.5,0.479,0.0064,0.0,0.0004,0.04,6.26,MIN_PROFIT_TP_HIT,0.0912
782,TRUMP_USDT,LONG,EMACrossover(5/13-LONG),2,0.2,2.399,2.401,2.401,2.394,2026-08-25 11:35:59 UTC,2026-08-25 11:36:41 UTC,41.93,0.4798,0.0064,0.0,0.0004,0.04,6.25,MIN_PROFIT_TP_HIT,0.0916
783,TRUMP_USDT,SHORT,EMACrossover(5/13-SHORT),2,0.2,2.394,2.392,2.392,2.399,2026-08-25 11:40:59 UTC,2026-08-25 11:41:05 UTC,5.58,0.4788,0.0064,0.0,0.0004,0.04,6.27,MIN_PROFIT_TP_HIT,0.092
784,TRUMP_USDT,LONG,EMACrossover(5/13-LONG),2,0.2,2.376,2.378,2.378,2.371,2026-08-25 11:59:59 UTC,2026-08-25 12:00:15 UTC,15.9,0.4752,0.0063,0.0,0.0004,0.04,6.31,MIN_PROFIT_TP_HIT,0.0924
785,TRUMP_USDT,SHORT,EMACrossover(5/13-SHORT),2,0.2,2.371,2.376,2.369,2.376,2026-08-25 12:03:59 UTC,2026-08-25 12:04:04 UTC,4.5,0.4742,0.0063,0.0,-0.001,-0.09,-15.82,STOP_LOSS_HIT,0.0914
786,TRUMP_USDT,LONG,EMACrossover(5/13-LONG),2,0.2,2.341,2.343,2.343,2.336,2026-08-25 12:35:59 UTC,2026-08-25 12:36:00 UTC,0.47,0.4682,0.0062,0.0,0.0004,0.04,6.41,MIN_PROFIT_TP_HIT,0.0918
787,TRUMP_USDT,SHORT,EMACrossover(5/13-SHORT),2,0.2,2.331,2.329,2.329,2.336,2026-08-25 12:38:59 UTC,2026-08-25 12:39:00 UTC,0.6,0.4662,0.0062,0.0,0.0004,0.04,6.44,MIN_PROFIT_TP_HIT,0.0922
788,TRUMP_USDT,LONG,EMACrossover(5/13-LONG),2,0.2,2.342,2.344,2.344,2.337,2026-08-25 12:48:59 UTC,2026-08-25 12:49:05 UTC,5.51,0.4684,0.0062,0.0,0.0004,0.04,6.4,MIN_PROFIT_TP_HIT,0.0926
789,TRUMP_USDT,SHORT,EMACrossover(5/13-SHORT),2,0.2,2.346,2.344,2.344,2.351,2026-08-25 13:06:59 UTC,2026-08-25 13:07:04 UTC,4.12,0.4692,0.0063,0.0,0.0004,0.04,6.39,MIN_PROFIT_TP_HIT,0.093
790,TRUMP_USDT,LONG,EMACrossover(5/13-LONG),2,0.2,2.313,2.315,2.315,2.308,2026-08-25 13:36:59 UTC,2026-08-25 13:37:06 UTC,6.14,0.4626,0.0062,0.0,0.0004,0.04,6.49,MIN_PROFIT_TP_HIT,0.0934
791,TRUMP_USDT,SHORT,EMACrossover(5/13-SHORT),2,0.2,2.294,2.292,2.292,2.299,2026-08-25 13:44:59 UTC,2026-08-25 13:45:13 UTC,13.16,0.4588,0.0061,0.0,0.0004,0.04,6.54,MIN_PROFIT_TP_HIT,0.0938
792,TRUMP_USDT,LONG,EMACrossover(5/13-LONG),2,0.2,2.302,2.304,2.304,2.297,2026-08-25 14:00:59 UTC,2026-08-25 14:01:23 UTC,23.42,0.4604,0.0061,0.0,0.0004,0.04,6.52,MIN_PROFIT_TP_HIT,0.0942
793,TRUMP_USDT,SHORT,EMACrossover(5/13-SHORT),2,0.2,2.308,2.306,2.306,2.313,2026-08-25 14:21:59 UTC,2026-08-25 14:22:04 UTC,4.14,0.4616,0.0062,0.0,0.0004,0.04,6.5,MIN_PROFIT_TP_HIT,0.0946
794,TRUMP_USDT,LONG,EMACrossover(5/13-LONG),2,0.2,2.318,2.32,2.32,2.313,2026-08-25 14:26:59 UTC,2026-08-25 14:27:17 UTC,17.26,0.4636,0.0062,0.0,0.0004,0.04,6.47,MIN_PROFIT_TP_HIT,0.095
795,TRUMP_USDT,SHORT,EMACrossover(5/13-SHORT),2,0.2,2.311,2.316,2.309,2.316,2026-08-25 14:39:59 UTC,2026-08-25 14:40:28 UTC,28.23,0.4622,0.0062,0.0,-0.001,-0.09,-16.23,STOP_LOSS_HIT,0.094
796,TRUMP_USDT,LONG,EMACrossover(5/13-LONG),2,0.2,2.314,2.309,2.316,2.309,2026-08-25 14:57:59 UTC,2026-08-25 14:58:29 UTC,29.91,0.4628,0.0062,0.0,-0.001,-0.09,-16.21,STOP_LOSS_HIT,0.093
797,TRUMP_USDT,SHORT,EMACrossover(5/13-SHORT),2,0.2,2.299,2.304,2.297,2.304,2026-08-25 15:02:59 UTC,2026-08-25 15:03:04 UTC,4.63,0.4598,0.0061,0.0,-0.001,-0.09,-16.31,STOP_LOSS_HIT,0.092
798,TRUMP_USDT,LONG,EMACrossover(5/13-LONG),2,0.2,2.289,2.291,2.291,2.284,2026-08-25 15:21:59 UTC,2026-08-25 15:22:26 UTC,26.82,0.4578,0.0061,0.0,0.0004,0.04,6.55,MIN_PROFIT_TP_HIT,0.0924
799,TRUMP_USDT,LONG,EMACrossover(5/13-LONG),2,0.2,2.288,2.29,2.29,2.283,2026-08-25 15:37:59 UTC,2026-08-25 15:38:08 UTC,8.56,0.4576,0.0061,0.0,0.0004,0.04,6.56,MIN_PROFIT_TP_HIT,0.0928
800,TRUMP_USDT,SHORT,EMACrossover(5/13-SHORT),2,0.2,2.279,2.277,2.277,2.284,2026-08-25 15:44:59 UTC,2026-08-25 15:46:21 UTC,81.56,0.4558,0.0061,0.0,0.0004,0.04,6.58,MIN_PROFIT_TP_HIT,0.0932
801,TRUMP_USDT,LONG,EMACrossover(5/13-LONG),2,0.2,2.288,2.29,2.29,2.283,2026-08-25 15:54:59 UTC,2026-08-25 15:55:03 UTC,3.43,0.4576,0.0061,0.0,0.0004,0.04,6.56,MIN_PROFIT_TP_HIT,0.0936
802,TRUMP_USDT,SHORT,EMACrossover(5/13-SHORT),2,0.2,2.281,2.279,2.279,2.286,2026-08-25 16:07:59 UTC,2026-08-25 16:08:08 UTC,8.38,0.4562,0.0061,0.0,0.0004,0.04,6.58,MIN_PROFIT_TP_HIT,0.094
803,TRUMP_USDT,LONG,EMACrossover(5/13-LONG),2,0.2,2.271,2.273,2.273,2.266,2026-08-25 16:30:59 UTC,2026-08-25 16:31:00 UTC,0.95,0.4542,0.0061,0.0,0.0004,0.04,6.61,MIN_PROFIT_TP_HIT,0.0944
804,TRUMP_USDT,LONG,EMACrossover(5/13-LONG),2,0.2,2.293,2.295,2.295,2.288,2026-08-25 16:32:59 UTC,2026-08-25 16:33:00 UTC,0.77,0.4586,0.0061,0.0,0.0004,0.04,6.54,MIN_PROFIT_TP_HIT,0.0948
805,TRUMP_USDT,SHORT,EMACrossover(5/13-SHORT),2,0.2,2.27,2.275,2.268,2.275,2026-08-25 16:37:59 UTC,2026-08-25 16:39:11 UTC,71.17,0.454,0.0061,0.0,-0.001,-0.09,-16.52,STOP_LOSS_HIT,0.0938
806,TRUMP_USDT,LONG,EMACrossover(5/13-LONG),2,0.2,2.287,2.282,2.289,2.282,2026-08-25 16:42:59 UTC,2026-08-25 16:43:14 UTC,14.39,0.4574,0.0061,0.0,-0.001,-0.09,-16.4,STOP_LOSS_HIT,0.0928
807,TRUMP_USDT,SHORT,EMACrossover(5/13-SHORT),2,0.2,2.283,2.288,2.281,2.288,2026-08-25 16:56:59 UTC,2026-08-25 16:57:25 UTC,25.85,0.4566,0.0061,0.0,-0.001,-0.09,-16.43,STOP_LOSS_HIT,0.0918
808,TRUMP_USDT,LONG,EMACrossover(5/13-LONG),2,0.2,2.28,2.282,2.282,2.275,2026-08-25 17:16:59 UTC,2026-08-25 17:17:22 UTC,22.77,0.456,0.0061,0.0,0.0004,0.04,6.58,MIN_PROFIT_TP_HIT,0.0922
809,TRUMP_USDT,SHORT,EMACrossover(5/13-SHORT),2,0.2,2.28,2.285,2.278,2.285,2026-08-25 17:28:59 UTC,2026-08-25 17:29:03 UTC,3.61,0.456,0.0061,0.0,-0.001,-0.09,-16.45,STOP_LOSS_HIT,0.0912
810,TRUMP_USDT,LONG,EMACrossover(5/13-LONG),2,0.2,2.289,2.291,2.291,2.284,2026-08-25 17:30:59 UTC,2026-08-25 17:31:06 UTC,6.11,0.4578,0.0061,0.0,0.0004,0.04,6.55,MIN_PROFIT_TP_HIT,0.0916
811,TRUMP_USDT,SHORT,EMACrossover(5/13-SHORT),2,0.2,2.301,2.299,2.299,2.306,2026-08-25 18:03:59 UTC,2026-08-25 18:04:03 UTC,3.99,0.4602,0.0061,0.0,0.0004,0.04,6.52,MIN_PROFIT_TP_HIT,0.092
812,TRUMP_USDT,LONG,EMACrossover(5/13-LONG),2,0.2,2.299,2.301,2.301,2.294,2026-08-25 18:14:59 UTC,2026-08-25 18:15:02 UTC,2.18,0.4598,0.0061,0.0,0.0004,0.04,6.52,MIN_PROFIT_TP_HIT,0.0924
813,TRUMP_USDT,SHORT,EMACrossover(5/13-SHORT),2,0.2,2.299,2.304,2.297,2.304,2026-08-25 18:27:59 UTC,2026-08-25 18:29:06 UTC,66.78,0.4598,0.0061,0.0,-0.001,-0.09,-16.31,STOP_LOSS_HIT,0.0914
814,TRUMP_USDT,LONG,EMACrossover(5/13-LONG),2,0.2,2.303,2.298,2.305,2.298,2026-08-25 18:32:59 UTC,2026-08-25 18:33:09 UTC,10.0,0.4606,0.0061,0.0,-0.001,-0.09,-16.28,STOP_LOSS_HIT,0.0904
815,TRUMP_USDT,SHORT,EMACrossover(5/13-SHORT),2,0.2,2.297,2.295,2.295,2.302,2026-08-25 18:34:59 UTC,2026-08-25 18:36:55 UTC,115.55,0.4594,0.0061,0.0,0.0004,0.04,6.53,MIN_PROFIT_TP_HIT,0.0908
816,TRUMP_USDT,LONG,EMACrossover(5/13-LONG),2,0.2,2.308,2.31,2.31,2.303,2026-08-25 18:43:59 UTC,2026-08-25 18:44:13 UTC,13.24,0.4616,0.0062,0.0,0.0004,0.04,6.5,MIN_PROFIT_TP_HIT,0.0912
817,TRUMP_USDT,SHORT,EMACrossover(5/13-SHORT),2,0.2,2.3,2.298,2.298,2.305,2026-08-25 18:53:59 UTC,2026-08-25 18:54:07 UTC,7.77,0.46,0.0061,0.0,0.0004,0.04,6.52,MIN_PROFIT_TP_HIT,0.0916
818,TRUMP_USDT,LONG,EMACrossover(5/13-LONG),2,0.2,2.313,2.315,2.315,2.308,2026-08-25 18:58:59 UTC,2026-08-25 18:59:08 UTC,8.18,0.4626,0.0062,0.0,0.0004,0.04,6.49,MIN_PROFIT_TP_HIT,0.092
819,TRUMP_USDT,SHORT,EMACrossover(5/13-SHORT),2,0.2,2.304,2.302,2.302,2.309,2026-08-25 19:07:59 UTC,2026-08-25 19:08:16 UTC,16.88,0.4608,0.0061,0.0,0.0004,0.04,6.51,MIN_PROFIT_TP_HIT,0.0924
820,TRUMP_USDT,LONG,EMACrossover(5/13-LONG),2,0.2,2.287,2.289,2.289,2.282,2026-08-25 19:53:59 UTC,2026-08-25 19:54:01 UTC,1.27,0.4574,0.0061,0.0,0.0004,0.04,6.56,MIN_PROFIT_TP_HIT,0.0928
821,TRUMP_USDT,SHORT,EMACrossover(5/13-SHORT),2,0.2,2.276,2.274,2.274,2.281,2026-08-25 20:04:59 UTC,2026-08-25 20:05:08 UTC,8.04,0.4552,0.0061,0.0,0.0004,0.04,6.59,MIN_PROFIT_TP_HIT,0.0932
822,TRUMP_USDT,LONG,EMACrossover(5/13-LONG),2,0.2,2.276,2.278,2.278,2.271,2026-08-25 20:16:59 UTC,2026-08-25 20:17:36 UTC,36.34,0.4552,0.0061,0.0,0.0004,0.04,6.59,MIN_PROFIT_TP_HIT,0.0936
823,TRUMP_USDT,LONG,EMACrossover(5/13-LONG),2,0.2,2.279,2.274,2.281,2.274,2026-08-25 20:20:59 UTC,2026-08-25 20:25:17 UTC,257.49,0.4558,0.0061,0.0,-0.001,-0.09,-16.45,STOP_LOSS_HIT,0.0926
824,TRUMP_USDT,LONG,EMACrossover(5/13-LONG),2,0.2,2.228,2.223,2.23,2.223,2026-08-25 21:07:59 UTC,2026-08-25 21:08:03 UTC,3.46,0.4456,0.0059,0.0,-0.001,-0.09,-16.83,STOP_LOSS_HIT,0.0916
825,TRUMP_USDT,LONG,EMACrossover(5/13-LONG),2,0.2,2.203,2.205,2.205,2.198,2026-08-25 21:30:59 UTC,2026-08-25 21:31:00 UTC,0.68,0.4406,0.0059,0.0,0.0004,0.04,6.81,MIN_PROFIT_TP_HIT,0.092
826,TRUMP_USDT,SHORT,EMACrossover(5/13-SHORT),2,0.2,2.197,2.195,2.195,2.202,2026-08-25 21:34:59 UTC,2026-08-25 21:35:01 UTC,1.19,0.4394,0.0059,0.0,0.0004,0.04,6.83,MIN_PROFIT_TP_HIT,0.0924
827,TRUMP_USDT,LONG,EMACrossover(5/13-LONG),2,0.2,2.209,2.211,2.211,2.204,2026-08-25 21:36:59 UTC,2026-08-25 21:37:24 UTC,24.95,0.4418,0.0059,0.0,0.0004,0.04,6.79,MIN_PROFIT_TP_HIT,0.0928
828,TRUMP_USDT,SHORT,EMACrossover(5/13-SHORT),2,0.2,2.202,2.2,2.2,2.207,2026-08-25 21:50:59 UTC,2026-08-25 21:52:11 UTC,71.11,0.4404,0.0059,0.0,0.0004,0.04,6.81,MIN_PROFIT_TP_HIT,0.0932
829,TRUMP_USDT,LONG,EMACrossover(5/13-LONG),2,0.2,2.213,2.215,2.215,2.208,2026-08-25 21:57:59 UTC,2026-08-25 21:58:06 UTC,6.1,0.4426,0.0059,0.0,0.0004,0.04,6.78,MIN_PROFIT_TP_HIT,0.0936
830,TRUMP_USDT,SHORT,EMACrossover(5/13-SHORT),2,0.2,2.212,2.21,2.21,2.217,2026-08-25 22:22:59 UTC,2026-08-25 22:23:21 UTC,21.31,0.4424,0.0059,0.0,0.0004,0.04,6.78,MIN_PROFIT_TP_HIT,0.094
831,TRUMP_USDT,LONG,EMACrossover(5/13-LONG),2,0.2,2.221,2.223,2.223,2.216,2026-08-25 22:34:59 UTC,2026-08-25 22:35:53 UTC,53.72,0.4442,0.0059,0.0,0.0004,0.04,6.75,MIN_PROFIT_TP_HIT,0.0944
832,TRUMP_USDT,SHORT,EMACrossover(5/13-SHORT),2,0.2,2.209,2.214,2.207,2.214,2026-08-25 22:43:59 UTC,2026-08-25 22:45:31 UTC,91.05,0.4418,0.0059,0.0,-0.001,-0.09,-16.98,STOP_LOSS_HIT,0.0934
833,TRUMP_USDT,LONG,EMACrossover(5/13-LONG),2,0.2,2.215,2.217,2.217,2.21,2026-08-25 22:48:59 UTC,2026-08-25 22:49:43 UTC,43.43,0.443,0.0059,0.0,0.0004,0.04,6.77,MIN_PROFIT_TP_HIT,0.0938
834,TRUMP_USDT,SHORT,EMACrossover(5/13-SHORT),2,0.2,2.223,2.221,2.221,2.228,2026-08-25 23:07:59 UTC,2026-08-25 23:08:10 UTC,10.02,0.4446,0.0059,0.0,0.0004,0.04,6.75,MIN_PROFIT_TP_HIT,0.0942
835,TRUMP_USDT,LONG,EMACrossover(5/13-LONG),2,0.2,2.21,2.212,2.212,2.205,2026-08-25 23:30:59 UTC,2026-08-25 23:31:03 UTC,3.92,0.442,0.0059,0.0,0.0004,0.04,6.79,MIN_PROFIT_TP_HIT,0.0946
836,TRUMP_USDT,LONG,EMACrossover(5/13-LONG),2,0.2,2.169,2.171,2.171,2.164,2026-08-26 00:00:59 UTC,2026-08-26 00:01:05 UTC,5.23,0.4338,0.0058,0.0,0.0004,0.04,6.92,MIN_PROFIT_TP_HIT,0.095
837,TRUMP_USDT,SHORT,EMACrossover(5/13-SHORT),2,0.2,2.162,2.16,2.16,2.167,2026-08-26 00:13:59 UTC,2026-08-26 00:14:29 UTC,29.62,0.4324,0.0058,0.0,0.0004,0.04,6.94,MIN_PROFIT_TP_HIT,0.0954
838,TRUMP_USDT,LONG,EMACrossover(5/13-LONG),2,0.2,2.18,2.175,2.182,2.175,2026-08-26 00:20:59 UTC,2026-08-26 00:21:13 UTC,13.98,0.436,0.0058,0.0,-0.001,-0.09,-17.2,STOP_LOSS_HIT,0.0944
839,TRUMP_USDT,SHORT,EMACrossover(5/13-SHORT),2,0.2,2.182,2.18,2.18,2.187,2026-08-26 00:39:59 UTC,2026-08-26 00:40:17 UTC,17.53,0.4364,0.0058,0.0,0.0004,0.04,6.87,MIN_PROFIT_TP_HIT,0.0948
840,TRUMP_USDT,LONG,EMACrossover(5/13-LONG),2,0.2,2.192,2.187,2.194,2.187,2026-08-26 00:42:59 UTC,2026-08-26 00:43:01 UTC,1.73,0.4384,0.0058,0.0,-0.001,-0.09,-17.11,STOP_LOSS_HIT,0.0938
841,TRUMP_USDT,SHORT,EMACrossover(5/13-SHORT),2,0.2,2.207,2.205,2.205,2.212,2026-08-26 01:14:59 UTC,2026-08-26 01:15:14 UTC,14.72,0.4414,0.0059,0.0,0.0004,0.04,6.8,MIN_PROFIT_TP_HIT,0.0942
842,TRUMP_USDT,LONG,EMACrossover(5/13-LONG),2,0.2,2.209,2.211,2.211,2.204,2026-08-26 01:21:59 UTC,2026-08-26 01:22:01 UTC,1.92,0.4418,0.0059,0.0,0.0004,0.04,6.79,MIN_PROFIT_TP_HIT,0.0946
843,TRUMP_USDT,LONG,EMACrossover(5/13-LONG),2,0.2,2.206,2.201,2.208,2.201,2026-08-26 01:24:59 UTC,2026-08-26 01:27:07 UTC,127.57,0.4412,0.0059,0.0,-0.001,-0.09,-17.0,STOP_LOSS_HIT,0.0936
844,TRUMP_USDT,LONG,EMACrossover(5/13-LONG),2,0.2,2.215,2.217,2.217,2.21,2026-08-26 01:33:59 UTC,2026-08-26 01:34:03 UTC,3.79,0.443,0.0059,0.0,0.0004,0.04,6.77,MIN_PROFIT_TP_HIT,0.094
845,TRUMP_USDT,SHORT,EMACrossover(5/13-SHORT),2,0.2,2.211,2.209,2.209,2.216,2026-08-26 01:43:59 UTC,2026-08-26 01:44:19 UTC,19.48,0.4422,0.0059,0.0,0.0004,0.04,6.78,MIN_PROFIT_TP_HIT,0.0944
846,TRUMP_USDT,LONG,EMACrossover(5/13-LONG),2,0.2,2.199,2.194,2.201,2.194,2026-08-26 02:18:59 UTC,2026-08-26 02:19:07 UTC,7.28,0.4398,0.0059,0.0,-0.001,-0.09,-17.05,STOP_LOSS_HIT,0.0934
847,TRUMP_USDT,SHORT,EMACrossover(5/13-SHORT),2,0.2,2.203,2.201,2.201,2.208,2026-08-26 02:40:59 UTC,2026-08-26 02:42:35 UTC,95.8,0.4406,0.0059,0.0,0.0004,0.04,6.81,MIN_PROFIT_TP_HIT,0.0938
848,TRUMP_USDT,LONG,EMACrossover(5/13-LONG),2,0.2,2.207,2.202,2.209,2.202,2026-08-26 02:48:59 UTC,2026-08-26 02:49:26 UTC,26.51,0.4414,0.0059,0.0,-0.001,-0.09,-16.99,STOP_LOSS_HIT,0.0928
849,TRUMP_USDT,SHORT,EMACrossover(5/13-SHORT),2,0.2,2.194,2.192,2.192,2.199,2026-08-26 02:50:59 UTC,2026-08-26 02:51:07 UTC,7.14,0.4388,0.0059,0.0,0.0004,0.04,6.84,MIN_PROFIT_TP_HIT,0.0932
850,TRUMP_USDT,LONG,EMACrossover(5/13-LONG),2,0.2,2.207,2.202,2.209,2.202,2026-08-26 02:59:59 UTC,2026-08-26 03:00:01 UTC,1.72,0.4414,0.0059,0.0,-0.001,-0.09,-16.99,STOP_LOSS_HIT,0.0922
851,TRUMP_USDT,SHORT,EMACrossover(5/13-SHORT),2,0.2,2.195,2.193,2.193,2.2,2026-08-26 03:04:59 UTC,2026-08-26 03:05:37 UTC,37.53,0.439,0.0059,0.0,0.0004,0.04,6.83,MIN_PROFIT_TP_HIT,0.0926
852,TRUMP_USDT,LONG,EMACrossover(5/13-LONG),2,0.2,2.195,2.197,2.197,2.19,2026-08-26 03:16:59 UTC,2026-08-26 03:17:05 UTC,5.55,0.439,0.0059,0.0,0.0004,0.04,6.83,MIN_PROFIT_TP_HIT,0.093
853,TRUMP_USDT,LONG,EMACrossover(5/13-LONG),2,0.2,2.2,2.202,2.202,2.195,2026-08-26 03:22:59 UTC,2026-08-26 03:23:08 UTC,8.29,0.44,0.0059,0.0,0.0004,0.04,6.82,MIN_PROFIT_TP_HIT,0.0934
854,TRUMP_USDT,SHORT,EMACrossover(5/13-SHORT),2,0.2,2.193,2.191,2.191,2.198,2026-08-26 03:31:59 UTC,2026-08-26 03:32:35 UTC,35.04,0.4386,0.0058,0.0,0.0004,0.04,6.84,MIN_PROFIT_TP_HIT,0.0938
855,TRUMP_USDT,LONG,EMACrossover(5/13-LONG),2,0.2,2.191,2.186,2.193,2.186,2026-08-26 03:59:59 UTC,2026-08-26 04:02:19 UTC,139.07,0.4382,0.0058,0.0,-0.001,-0.09,-17.12,STOP_LOSS_HIT,0.0928
856,TRUMP_USDT,SHORT,EMACrossover(5/13-SHORT),2,0.2,2.211,2.216,2.209,2.216,2026-08-26 04:49:59 UTC,2026-08-26 04:50:27 UTC,27.98,0.4422,0.0059,0.0,-0.001,-0.09,-16.96,STOP_LOSS_HIT,0.0918
857,TRUMP_USDT,LONG,EMACrossover(5/13-LONG),2,0.2,2.218,2.213,2.22,2.213,2026-08-26 04:51:59 UTC,2026-08-26 04:52:32 UTC,32.2,0.4436,0.0059,0.0,-0.001,-0.09,-16.91,STOP_LOSS_HIT,0.0908
858,TRUMP_USDT,SHORT,EMACrossover(5/13-SHORT),2,0.2,2.215,2.22,2.213,2.22,2026-08-26 04:57:59 UTC,2026-08-26 05:01:01 UTC,181.83,0.443,0.0059,0.0,-0.001,-0.09,-16.93,STOP_LOSS_HIT,0.0898
859,TRUMP_USDT,SHORT,EMACrossover(5/13-SHORT),2,0.2,2.207,2.205,2.205,2.212,2026-08-26 05:05:59 UTC,2026-08-26 05:06:03 UTC,3.19,0.4414,0.0059,0.0,0.0004,0.04,6.8,MIN_PROFIT_TP_HIT,0.0902
860,TRUMP_USDT,LONG,EMACrossover(5/13-LONG),2,0.2,2.208,2.21,2.21,2.203,2026-08-26 05:17:59 UTC,2026-08-26 05:18:16 UTC,16.72,0.4416,0.0059,0.0,0.0004,0.04,6.79,MIN_PROFIT_TP_HIT,0.0906
861,TRUMP_USDT,LONG,EMACrossover(5/13-LONG),2,0.2,2.22,2.222,2.222,2.215,2026-08-26 05:22:59 UTC,2026-08-26 05:23:02 UTC,2.02,0.444,0.0059,0.0,0.0004,0.04,6.76,MIN_PROFIT_TP_HIT,0.091
862,TRUMP_USDT,SHORT,EMACrossover(5/13-SHORT),2,0.2,2.257,2.262,2.255,2.262,2026-08-26 06:19:59 UTC,2026-08-26 06:20:24 UTC,24.62,0.4514,0.006,0.0,-0.001,-0.09,-16.61,STOP_LOSS_HIT,0.09
863,TRUMP_USDT,LONG,EMACrossover(5/13-LONG),2,0.2,2.27,2.272,2.272,2.265,2026-08-26 06:31:59 UTC,2026-08-26 06:32:03 UTC,3.37,0.454,0.0061,0.0,0.0004,0.04,6.61,MIN_PROFIT_TP_HIT,0.0904
864,TRUMP_USDT,SHORT,EMACrossover(5/13-SHORT),2,0.2,2.287,2.285,2.285,2.292,2026-08-26 06:56:59 UTC,2026-08-26 06:57:03 UTC,3.36,0.4574,0.0061,0.0,0.0004,0.04,6.56,MIN_PROFIT_TP_HIT,0.0908
865,TRUMP_USDT,SHORT,EMACrossover(5/13-SHORT),2,0.2,2.288,2.293,2.286,2.293,2026-08-26 06:58:59 UTC,2026-08-26 06:59:11 UTC,11.24,0.4576,0.0061,0.0,-0.001,-0.09,-16.39,STOP_LOSS_HIT,0.0898
866,TRUMP_USDT,SHORT,EMACrossover(5/13-SHORT),2,0.2,2.282,2.28,2.28,2.287,2026-08-26 07:02:59 UTC,2026-08-26 07:03:17 UTC,17.41,0.4564,0.0061,0.0,0.0004,0.04,6.57,MIN_PROFIT_TP_HIT,0.0902
867,TRUMP_USDT,LONG,EMACrossover(5/13-LONG),2,0.2,2.284,2.286,2.286,2.279,2026-08-26 07:05:59 UTC,2026-08-26 07:07:27 UTC,87.48,0.4568,0.0061,0.0,0.0004,0.04,6.57,MIN_PROFIT_TP_HIT,0.0906
868,TRUMP_USDT,LONG,EMACrossover(5/13-LONG),2,0.2,2.283,2.285,2.285,2.278,2026-08-26 07:08:59 UTC,2026-08-26 07:09:25 UTC,25.59,0.4566,0.0061,0.0,0.0004,0.04,6.57,MIN_PROFIT_TP_HIT,0.091
869,TRUMP_USDT,LONG,EMACrossover(5/13-LONG),2,0.2,2.293,2.295,2.295,2.288,2026-08-26 07:10:59 UTC,2026-08-26 07:11:39 UTC,39.98,0.4586,0.0061,0.0,0.0004,0.04,6.54,MIN_PROFIT_TP_HIT,0.0914
870,TRUMP_USDT,SHORT,EMACrossover(5/13-SHORT),2,0.2,2.279,2.277,2.277,2.284,2026-08-26 07:19:59 UTC,2026-08-26 07:20:15 UTC,15.78,0.4558,0.0061,0.0,0.0004,0.04,6.58,MIN_PROFIT_TP_HIT,0.0918
871,TRUMP_USDT,LONG,EMACrossover(5/13-LONG),2,0.2,2.25,2.245,2.252,2.245,2026-08-26 08:11:59 UTC,2026-08-26 08:14:26 UTC,146.01,0.45,0.006,0.0,-0.001,-0.09,-16.67,STOP_LOSS_HIT,0.0908
872,TRUMP_USDT,SHORT,EMACrossover(5/13-SHORT),2,0.2,2.239,2.237,2.237,2.244,2026-08-26 08:20:59 UTC,2026-08-26 08:21:33 UTC,33.29,0.4478,0.006,0.0,0.0004,0.04,6.7,MIN_PROFIT_TP_HIT,0.0912
873,TRUMP_USDT,LONG,EMACrossover(5/13-LONG),2,0.2,2.229,2.231,2.231,2.224,2026-08-26 09:05:59 UTC,2026-08-26 09:06:10 UTC,10.23,0.4458,0.0059,0.0,0.0004,0.04,6.73,MIN_PROFIT_TP_HIT,0.0916
874,TRUMP_USDT,SHORT,EMACrossover(5/13-SHORT),2,0.2,2.223,2.221,2.221,2.228,2026-08-26 09:18:59 UTC,2026-08-26 09:19:04 UTC,4.14,0.4446,0.0059,0.0,0.0004,0.04,6.75,MIN_PROFIT_TP_HIT,0.092
875,TRUMP_USDT,LONG,EMACrossover(5/13-LONG),2,0.2,2.228,2.23,2.23,2.223,2026-08-26 09:30:59 UTC,2026-08-26 09:31:02 UTC,2.99,0.4456,0.0059,0.0,0.0004,0.04,6.73,MIN_PROFIT_TP_HIT,0.0924
876,TRUMP_USDT,SHORT,EMACrossover(5/13-SHORT),2,0.2,2.224,2.222,2.222,2.229,2026-08-26 09:38:59 UTC,2026-08-26 09:39:13 UTC,13.15,0.4448,0.0059,0.0,0.0004,0.04,6.74,MIN_PROFIT_TP_HIT,0.0928
877,TRUMP_USDT,LONG,EMACrossover(5/13-LONG),2,0.2,2.231,2.226,2.233,2.226,2026-08-26 09:50:59 UTC,2026-08-26 09:52:24 UTC,84.43,0.4462,0.0059,0.0,-0.001,-0.09,-16.81,STOP_LOSS_HIT,0.0918
878,TRUMP_USDT,SHORT,EMACrossover(5/13-SHORT),2,0.2,2.219,2.217,2.217,2.224,2026-08-26 10:02:59 UTC,2026-08-26 10:03:10 UTC,10.63,0.4438,0.0059,0.0,0.0004,0.04,6.76,MIN_PROFIT_TP_HIT,0.0922
879,TRUMP_USDT,LONG,EMACrossover(5/13-LONG),2,0.2,2.227,2.229,2.229,2.222,2026-08-26 10:14:59 UTC,2026-08-26 10:15:09 UTC,9.31,0.4454,0.0059,0.0,0.0004,0.04,6.74,MIN_PROFIT_TP_HIT,0.0926
880,TRUMP_USDT,SHORT,EMACrossover(5/13-SHORT),2,0.2,2.276,2.274,2.274,2.281,2026-08-26 10:58:59 UTC,2026-08-26 11:00:10 UTC,70.71,0.4552,0.0061,0.0,0.0004,0.04,6.59,MIN_PROFIT_TP_HIT,0.093
881,TRUMP_USDT,LONG,EMACrossover(5/13-LONG),2,0.2,2.246,2.248,2.248,2.241,2026-08-26 11:53:59 UTC,2026-08-26 12:01:46 UTC,466.41,0.4492,0.006,0.0,0.0004,0.04,6.68,MIN_PROFIT_TP_HIT,0.0934
882,TRUMP_USDT,SHORT,EMACrossover(5/13-SHORT),2,0.2,2.239,2.244,2.237,2.244,2026-08-26 12:07:59 UTC,2026-08-26 12:09:06 UTC,66.16,0.4478,0.006,0.0,-0.001,-0.09,-16.75,STOP_LOSS_HIT,0.0924
883,TRUMP_USDT,LONG,EMACrossover(5/13-LONG),2,0.2,2.243,2.245,2.245,2.238,2026-08-26 12:18:59 UTC,2026-08-26 12:19:13 UTC,13.46,0.4486,0.006,0.0,0.0004,0.04,6.69,MIN_PROFIT_TP_HIT,0.0928
884,TRUMP_USDT,SHORT,EMACrossover(5/13-SHORT),2,0.2,2.256,2.261,2.254,2.261,2026-08-26 12:38:59 UTC,2026-08-26 12:39:13 UTC,13.87,0.4512,0.006,0.0,-0.001,-0.09,-16.62,STOP_LOSS_HIT,0.0918
885,TRUMP_USDT,LONG,EMACrossover(5/13-LONG),2,0.2,2.26,2.262,2.262,2.255,2026-08-26 12:51:59 UTC,2026-08-26 12:52:01 UTC,1.1,0.452,0.006,0.0,0.0004,0.04,6.64,MIN_PROFIT_TP_HIT,0.0922
886,TRUMP_USDT,SHORT,EMACrossover(5/13-SHORT),2,0.2,2.262,2.26,2.26,2.267,2026-08-26 13:06:59 UTC,2026-08-26 13:07:49 UTC,49.69,0.4524,0.006,0.0,0.0004,0.04,6.63,MIN_PROFIT_TP_HIT,0.0926
887,TRUMP_USDT,LONG,EMACrossover(5/13-LONG),2,0.2,2.255,2.257,2.257,2.25,2026-08-26 13:31:59 UTC,2026-08-26 13:32:00 UTC,0.55,0.451,0.006,0.0,0.0004,0.04,6.65,MIN_PROFIT_TP_HIT,0.093
888,TRUMP_USDT,SHORT,EMACrossover(5/13-SHORT),2,0.2,2.248,2.246,2.246,2.253,2026-08-26 13:42:59 UTC,2026-08-26 13:43:03 UTC,3.25,0.4496,0.006,0.0,0.0004,0.04,6.67,MIN_PROFIT_TP_HIT,0.0934
889,TRUMP_USDT,LONG,EMACrossover(5/13-LONG),2,0.2,2.248,2.25,2.25,2.243,2026-08-26 14:03:59 UTC,2026-08-26 14:04:11 UTC,11.16,0.4496,0.006,0.0,0.0004,0.04,6.67,MIN_PROFIT_TP_HIT,0.0938
890,TRUMP_USDT,SHORT,EMACrossover(5/13-SHORT),2,0.2,2.232,2.23,2.23,2.237,2026-08-26 14:14:59 UTC,2026-08-26 14:15:03 UTC,3.37,0.4464,0.006,0.0,0.0004,0.04,6.72,MIN_PROFIT_TP_HIT,0.0942
891,TRUMP_USDT,LONG,EMACrossover(5/13-LONG),2,0.2,2.155,2.157,2.157,2.15,2026-08-26 15:19:59 UTC,2026-08-26 15:20:00 UTC,0.97,0.431,0.0057,0.0,0.0004,0.04,6.96,MIN_PROFIT_TP_HIT,0.0946
892,TRUMP_USDT,SHORT,EMACrossover(5/13-SHORT),2,0.2,2.17,2.175,2.168,2.175,2026-08-26 15:54:59 UTC,2026-08-26 15:57:27 UTC,147.13,0.434,0.0058,0.0,-0.001,-0.09,-17.28,STOP_LOSS_HIT,0.0936
893,TRUMP_USDT,LONG,EMACrossover(5/13-LONG),2,0.2,2.175,2.17,2.177,2.17,2026-08-26 16:09:59 UTC,2026-08-26 16:10:03 UTC,3.12,0.435,0.0058,0.0,-0.001,-0.09,-17.24,STOP_LOSS_HIT,0.0926
894,TRUMP_USDT,SHORT,EMACrossover(5/13-SHORT),2,0.2,2.162,2.16,2.16,2.167,2026-08-26 16:12:59 UTC,2026-08-26 16:13:08 UTC,8.45,0.4324,0.0058,0.0,0.0004,0.04,6.94,MIN_PROFIT_TP_HIT,0.093
895,TRUMP_USDT,LONG,EMACrossover(5/13-LONG),2,0.2,2.176,2.171,2.178,2.171,2026-08-26 16:21:59 UTC,2026-08-26 16:22:54 UTC,54.54,0.4352,0.0058,0.0,-0.001,-0.09,-17.23,STOP_LOSS_HIT,0.092
896,TRUMP_USDT,SHORT,EMACrossover(5/13-SHORT),2,0.2,2.162,2.16,2.16,2.167,2026-08-26 16:26:59 UTC,2026-08-26 16:27:12 UTC,12.66,0.4324,0.0058,0.0,0.0004,0.04,6.94,MIN_PROFIT_TP_HIT,0.0924
897,TRUMP_USDT,LONG,EMACrossover(5/13-LONG),2,0.2,2.168,2.17,2.17,2.163,2026-08-26 16:32:59 UTC,2026-08-26 16:33:00 UTC,0.1,0.4336,0.0058,0.0,0.0004,0.04,6.92,MIN_PROFIT_TP_HIT,0.0928
898,TRUMP_USDT,SHORT,EMACrossover(5/13-SHORT),2,0.2,2.22,2.218,2.218,2.225,2026-08-26 17:46:59 UTC,2026-08-26 17:47:36 UTC,36.76,0.444,0.0059,0.0,0.0004,0.04,6.76,MIN_PROFIT_TP_HIT,0.0932
899,TRUMP_USDT,LONG,EMACrossover(5/13-LONG),2,0.2,2.226,2.228,2.228,2.221,2026-08-26 17:58:59 UTC,2026-08-26 17:59:24 UTC,24.31,0.4452,0.0059,0.0,0.0004,0.04,6.74,MIN_PROFIT_TP_HIT,0.0936
900,TRUMP_USDT,SHORT,EMACrossover(5/13-SHORT),2,0.2,2.221,2.226,2.219,2.226,2026-08-26 18:06:59 UTC,2026-08-26 18:08:21 UTC,81.87,0.4442,0.0059,0.0,-0.001,-0.09,-16.88,STOP_LOSS_HIT,0.0926
901,TRUMP_USDT,LONG,EMACrossover(5/13-LONG),2,0.2,2.233,2.235,2.235,2.228,2026-08-26 18:09:59 UTC,2026-08-26 18:10:07 UTC,7.3,0.4466,0.006,0.0,0.0004,0.04,6.72,MIN_PROFIT_TP_HIT,0.093
902,TRUMP_USDT,SHORT,EMACrossover(5/13-SHORT),2,0.2,2.248,2.246,2.246,2.253,2026-08-26 18:36:59 UTC,2026-08-26 18:37:06 UTC,6.58,0.4496,0.006,0.0,0.0004,0.04,6.67,MIN_PROFIT_TP_HIT,0.0934
903,TRUMP_USDT,SHORT,EMACrossover(5/13-SHORT),2,0.2,2.242,2.24,2.24,2.247,2026-08-26 18:42:59 UTC,2026-08-26 18:43:49 UTC,49.31,0.4484,0.006,0.0,0.0004,0.04,6.69,MIN_PROFIT_TP_HIT,0.0938
904,TRUMP_USDT,LONG,EMACrossover(5/13-LONG),2,0.2,2.245,2.24,2.247,2.24,2026-08-26 18:46:59 UTC,2026-08-26 18:47:05 UTC,5.29,0.449,0.006,0.0,-0.001,-0.09,-16.7,STOP_LOSS_HIT,0.0928
905,TRUMP_USDT,SHORT,EMACrossover(5/13-SHORT),2,0.2,2.256,2.254,2.254,2.261,2026-08-26 19:22:59 UTC,2026-08-26 19:23:01 UTC,1.16,0.4512,0.006,0.0,0.0004,0.04,6.65,MIN_PROFIT_TP_HIT,0.0932
906,TRUMP_USDT,LONG,EMACrossover(5/13-LONG),2,0.2,2.268,2.263,2.27,2.263,2026-08-26 19:27:59 UTC,2026-08-26 19:29:17 UTC,77.09,0.4536,0.006,0.0,-0.001,-0.09,-16.53,STOP_LOSS_HIT,0.0922
907,TRUMP_USDT,SHORT,EMACrossover(5/13-SHORT),2,0.2,2.258,2.256,2.256,2.263,2026-08-26 19:33:59 UTC,2026-08-26 19:34:04 UTC,4.94,0.4516,0.006,0.0,0.0004,0.04,6.64,MIN_PROFIT_TP_HIT,0.0926
908,TRUMP_USDT,LONG,EMACrossover(5/13-LONG),2,0.2,2.214,2.216,2.216,2.209,2026-08-26 20:31:59 UTC,2026-08-26 20:33:47 UTC,107.12,0.4428,0.0059,0.0,0.0004,0.04,6.78,MIN_PROFIT_TP_HIT,0.093
909,TRUMP_USDT,LONG,EMACrossover(5/13-LONG),2,0.2,2.214,2.216,2.216,2.209,2026-08-26 20:34:59 UTC,2026-08-26 20:36:49 UTC,109.6,0.4428,0.0059,0.0,0.0004,0.04,6.78,MIN_PROFIT_TP_HIT,0.0934
910,TRUMP_USDT,LONG,EMACrossover(5/13-LONG),2,0.2,2.216,2.218,2.218,2.211,2026-08-26 20:37:59 UTC,2026-08-26 20:38:01 UTC,2.0,0.4432,0.0059,0.0,0.0004,0.04,6.77,MIN_PROFIT_TP_HIT,0.0938
911,TRUMP_USDT,SHORT,EMACrossover(5/13-SHORT),2,0.2,2.255,2.253,2.253,2.26,2026-08-26 21:28:59 UTC,2026-08-26 21:29:19 UTC,19.73,0.451,0.006,0.0,0.0004,0.04,6.65,MIN_PROFIT_TP_HIT,0.0942
912,TRUMP_USDT,LONG,EMACrossover(5/13-LONG),2,0.2,2.266,2.261,2.268,2.261,2026-08-26 21:39:59 UTC,2026-08-26 21:40:13 UTC,13.42,0.4532,0.006,0.0,-0.001,-0.09,-16.55,STOP_LOSS_HIT,0.0932
913,TRUMP_USDT,SHORT,EMACrossover(5/13-SHORT),2,0.2,2.261,2.266,2.259,2.266,2026-08-26 21:46:59 UTC,2026-08-26 21:47:31 UTC,31.97,0.4522,0.006,0.0,-0.001,-0.09,-16.59,STOP_LOSS_HIT,0.0922
914,TRUMP_USDT,SHORT,EMACrossover(5/13-SHORT),2,0.2,2.274,2.272,2.272,2.279,2026-08-26 22:10:59 UTC,2026-08-26 22:11:36 UTC,36.55,0.4548,0.0061,0.0,0.0004,0.04,6.6,MIN_PROFIT_TP_HIT,0.0926
915,TRUMP_USDT,LONG,EMACrossover(5/13-LONG),2,0.2,2.283,2.285,2.285,2.278,2026-08-26 22:20:59 UTC,2026-08-26 22:22:34 UTC,94.42,0.4566,0.0061,0.0,0.0004,0.04,6.57,MIN_PROFIT_TP_HIT,0.093
916,TRUMP_USDT,SHORT,EMACrossover(5/13-SHORT),2,0.2,2.275,2.273,2.273,2.28,2026-08-26 22:31:59 UTC,2026-08-26 22:32:08 UTC,8.88,0.455,0.0061,0.0,0.0004,0.04,6.59,MIN_PROFIT_TP_HIT,0.0934
917,TRUMP_USDT,LONG,EMACrossover(5/13-LONG),2,0.2,2.265,2.267,2.267,2.26,2026-08-26 23:03:59 UTC,2026-08-26 23:04:19 UTC,19.24,0.453,0.006,0.0,0.0004,0.04,6.62,MIN_PROFIT_TP_HIT,0.0938
918,TRUMP_USDT,SHORT,EMACrossover(5/13-SHORT),2,0.2,2.324,2.322,2.322,2.329,2026-08-26 23:57:59 UTC,2026-08-26 23:59:02 UTC,62.91,0.4648,0.0062,0.0,0.0004,0.04,6.45,MIN_PROFIT_TP_HIT,0.0942
919,TRUMP_USDT,LONG,EMACrossover(5/13-LONG),2,0.2,2.27,2.272,2.272,2.265,2026-08-27 01:23:59 UTC,2026-08-27 01:24:50 UTC,50.69,0.454,0.0061,0.0,0.0004,0.04,6.61,MIN_PROFIT_TP_HIT,0.0946
920,TRUMP_USDT,SHORT,EMACrossover(5/13-SHORT),2,0.2,2.27,2.268,2.268,2.275,2026-08-27 01:34:59 UTC,2026-08-27 01:35:05 UTC,5.81,0.454,0.0061,0.0,0.0004,0.04,6.61,MIN_PROFIT_TP_HIT,0.095
921,TRUMP_USDT,LONG,EMACrossover(5/13-LONG),2,0.2,2.28,2.282,2.282,2.275,2026-08-27 01:38:59 UTC,2026-08-27 01:39:37 UTC,37.46,0.456,0.0061,0.0,0.0004,0.04,6.58,MIN_PROFIT_TP_HIT,0.0954
922,TRUMP_USDT,SHORT,EMACrossover(5/13-SHORT),2,0.2,2.262,2.267,2.26,2.267,2026-08-27 01:43:59 UTC,2026-08-27 01:44:56 UTC,56.94,0.4524,0.006,0.0,-0.001,-0.09,-16.58,STOP_LOSS_HIT,0.0944
923,TRUMP_USDT,LONG,EMACrossover(5/13-LONG),2,0.2,2.278,2.28,2.28,2.273,2026-08-27 01:48:59 UTC,2026-08-27 01:49:10 UTC,10.45,0.4556,0.0061,0.0,0.0004,0.04,6.58,MIN_PROFIT_TP_HIT,0.0948
924,TRUMP_USDT,SHORT,EMACrossover(5/13-SHORT),2,0.2,2.284,2.289,2.282,2.289,2026-08-27 02:04:59 UTC,2026-08-27 02:07:39 UTC,159.43,0.4568,0.0061,0.0,-0.001,-0.09,-16.42,STOP_LOSS_HIT,0.0938
925,TRUMP_USDT,SHORT,EMACrossover(5/13-SHORT),2,0.2,2.279,2.277,2.277,2.284,2026-08-27 02:12:59 UTC,2026-08-27 02:13:09 UTC,9.08,0.4558,0.0061,0.0,0.0004,0.04,6.58,MIN_PROFIT_TP_HIT,0.0942
926,TRUMP_USDT,LONG,EMACrossover(5/13-LONG),2,0.2,2.273,2.275,2.275,2.268,2026-08-27 02:34:59 UTC,2026-08-27 02:37:09 UTC,129.38,0.4546,0.0061,0.0,0.0004,0.04,6.6,MIN_PROFIT_TP_HIT,0.0946
927,TRUMP_USDT,LONG,EMACrossover(5/13-LONG),2,0.2,2.257,2.259,2.259,2.252,2026-08-27 03:07:59 UTC,2026-08-27 03:10:17 UTC,137.11,0.4514,0.006,0.0,0.0004,0.04,6.65,MIN_PROFIT_TP_HIT,0.095
928,TRUMP_USDT,SHORT,EMACrossover(5/13-SHORT),2,0.2,2.249,2.247,2.247,2.254,2026-08-27 03:14:59 UTC,2026-08-27 03:15:18 UTC,18.83,0.4498,0.006,0.0,0.0004,0.04,6.67,MIN_PROFIT_TP_HIT,0.0954
929,TRUMP_USDT,LONG,EMACrossover(5/13-LONG),2,0.2,2.263,2.265,2.265,2.258,2026-08-27 03:22:59 UTC,2026-08-27 03:24:01 UTC,61.32,0.4526,0.006,0.0,0.0004,0.04,6.63,MIN_PROFIT_TP_HIT,0.0958
930,TRUMP_USDT,SHORT,EMACrossover(5/13-SHORT),2,0.2,2.263,2.261,2.261,2.268,2026-08-27 03:37:59 UTC,2026-08-27 03:38:09 UTC,9.83,0.4526,0.006,0.0,0.0004,0.04,6.63,MIN_PROFIT_TP_HIT,0.0962
931,TRUMP_USDT,LONG,EMACrossover(5/13-LONG),2,0.2,2.264,2.259,2.266,2.259,2026-08-27 03:46:59 UTC,2026-08-27 03:47:53 UTC,53.71,0.4528,0.006,0.0,-0.001,-0.09,-16.56,STOP_LOSS_HIT,0.0952
932,TRUMP_USDT,SHORT,EMACrossover(5/13-SHORT),2,0.2,2.258,2.256,2.256,2.263,2026-08-27 03:48:59 UTC,2026-08-27 03:49:34 UTC,34.93,0.4516,0.006,0.0,0.0004,0.04,6.64,MIN_PROFIT_TP_HIT,0.0956
933,TRUMP_USDT,LONG,EMACrossover(5/13-LONG),2,0.2,2.26,2.262,2.262,2.255,2026-08-27 04:01:59 UTC,2026-08-27 04:02:18 UTC,18.29,0.452,0.006,0.0,0.0004,0.04,6.64,MIN_PROFIT_TP_HIT,0.096
934,TRUMP_USDT,SHORT,EMACrossover(5/13-SHORT),2,0.2,2.264,2.262,2.262,2.269,2026-08-27 04:22:59 UTC,2026-08-27 04:23:07 UTC,7.07,0.4528,0.006,0.0,0.0004,0.04,6.63,MIN_PROFIT_TP_HIT,0.0964
935,TRUMP_USDT,LONG,EMACrossover(5/13-LONG),2,0.2,2.262,2.257,2.264,2.257,2026-08-27 04:44:59 UTC,2026-08-27 04:46:34 UTC,94.08,0.4524,0.006,0.0,-0.001,-0.09,-16.58,STOP_LOSS_HIT,0.0954
936,TRUMP_USDT,SHORT,EMACrossover(5/13-SHORT),2,0.2,2.259,2.257,2.257,2.264,2026-08-27 04:49:59 UTC,2026-08-27 04:50:29 UTC,29.94,0.4518,0.006,0.0,0.0004,0.04,6.64,MIN_PROFIT_TP_HIT,0.0958
937,TRUMP_USDT,SHORT,EMACrossover(5/13-SHORT),2,0.2,2.253,2.251,2.251,2.258,2026-08-27 04:51:59 UTC,2026-08-27 04:52:13 UTC,13.2,0.4506,0.006,0.0,0.0004,0.04,6.66,MIN_PROFIT_TP_HIT,0.0962
938,TRUMP_USDT,LONG,EMACrossover(5/13-LONG),2,0.2,2.257,2.252,2.259,2.252,2026-08-27 04:58:59 UTC,2026-08-27 05:02:59 UTC,240.0,0.4514,0.006,0.0,-0.001,-0.09,-16.61,STOP_LOSS_HIT,0.0952
939,TRUMP_USDT,SHORT,EMACrossover(5/13-SHORT),2,0.2,2.253,2.251,2.251,2.258,2026-08-27 05:03:59 UTC,2026-08-27 05:04:30 UTC,30.86,0.4506,0.006,0.0,0.0004,0.04,6.66,MIN_PROFIT_TP_HIT,0.0956
940,TRUMP_USDT,LONG,EMACrossover(5/13-LONG),2,0.2,2.245,2.24,2.247,2.24,2026-08-27 05:26:59 UTC,2026-08-27 05:28:50 UTC,110.61,0.449,0.006,0.0,-0.001,-0.09,-16.7,STOP_LOSS_HIT,0.0946
941,TRUMP_USDT,SHORT,EMACrossover(5/13-SHORT),2,0.2,2.234,2.239,2.232,2.239,2026-08-27 05:32:59 UTC,2026-08-27 05:34:37 UTC,97.55,0.4468,0.006,0.0,-0.001,-0.09,-16.79,STOP_LOSS_HIT,0.0936
942,TRUMP_USDT,LONG,EMACrossover(5/13-LONG),2,0.2,2.247,2.249,2.249,2.242,2026-08-27 05:38:59 UTC,2026-08-27 05:39:54 UTC,54.94,0.4494,0.006,0.0,0.0004,0.04,6.68,MIN_PROFIT_TP_HIT,0.094
943,TRUMP_USDT,SHORT,EMACrossover(5/13-SHORT),2,0.2,2.254,2.252,2.252,2.259,2026-08-27 05:58:59 UTC,2026-08-27 05:59:23 UTC,23.08,0.4508,0.006,0.0,0.0004,0.04,6.65,MIN_PROFIT_TP_HIT,0.0944
944,TRUMP_USDT,LONG,EMACrossover(5/13-LONG),2,0.2,2.244,2.239,2.246,2.239,2026-08-27 06:21:59 UTC,2026-08-27 06:22:20 UTC,20.07,0.4488,0.006,0.0,-0.001,-0.09,-16.71,STOP_LOSS_HIT,0.0934
945,TRUMP_USDT,SHORT,EMACrossover(5/13-SHORT),2,0.2,2.24,2.238,2.238,2.245,2026-08-27 06:25:59 UTC,2026-08-27 06:27:09 UTC,69.78,0.448,0.006,0.0,0.0004,0.04,6.7,MIN_PROFIT_TP_HIT,0.0938
946,TRUMP_USDT,LONG,EMACrossover(5/13-LONG),2,0.2,2.246,2.248,2.248,2.241,2026-08-27 06:36:59 UTC,2026-08-27 06:37:03 UTC,3.61,0.4492,0.006,0.0,0.0004,0.04,6.68,MIN_PROFIT_TP_HIT,0.0942
947,TRUMP_USDT,SHORT,EMACrossover(5/13-SHORT),2,0.2,2.248,2.253,2.246,2.253,2026-08-27 06:55:59 UTC,2026-08-27 06:56:06 UTC,6.27,0.4496,0.006,0.0,-0.001,-0.09,-16.68,STOP_LOSS_HIT,0.0932
948,TRUMP_USDT,LONG,EMACrossover(5/13-LONG),2,0.2,2.253,2.248,2.255,2.248,2026-08-27 06:57:59 UTC,2026-08-27 06:59:08 UTC,68.34,0.4506,0.006,0.0,-0.001,-0.09,-16.64,STOP_LOSS_HIT,0.0922
949,TRUMP_USDT,SHORT,EMACrossover(5/13-SHORT),2,0.2,2.249,2.247,2.247,2.254,2026-08-27 07:01:59 UTC,2026-08-27 07:02:17 UTC,17.63,0.4498,0.006,0.0,0.0004,0.04,6.67,MIN_PROFIT_TP_HIT,0.0926
950,TRUMP_USDT,LONG,EMACrossover(5/13-LONG),2,0.2,2.251,2.253,2.253,2.246,2026-08-27 07:13:59 UTC,2026-08-27 07:14:15 UTC,15.99,0.4502,0.006,0.0,0.0004,0.04,6.66,MIN_PROFIT_TP_HIT,0.093
951,TRUMP_USDT,SHORT,EMACrossover(5/13-SHORT),2,0.2,2.249,2.247,2.247,2.254,2026-08-27 07:22:59 UTC,2026-08-27 07:24:46 UTC,106.21,0.4498,0.006,0.0,0.0004,0.04,6.67,MIN_PROFIT_TP_HIT,0.0934
952,TRUMP_USDT,LONG,EMACrossover(5/13-LONG),2,0.2,2.251,2.246,2.253,2.246,2026-08-27 07:32:59 UTC,2026-08-27 07:34:48 UTC,108.79,0.4502,0.006,0.0,-0.001,-0.09,-16.66,STOP_LOSS_HIT,0.0924
953,TRUMP_USDT,SHORT,EMACrossover(5/13-SHORT),2,0.2,2.245,2.243,2.243,2.25,2026-08-27 07:35:59 UTC,2026-08-27 07:41:25 UTC,325.55,0.449,0.006,0.0,0.0004,0.04,6.68,MIN_PROFIT_TP_HIT,0.0928
954,TRUMP_USDT,LONG,EMACrossover(5/13-LONG),2,0.2,2.249,2.251,2.251,2.244,2026-08-27 07:48:59 UTC,2026-08-27 07:50:09 UTC,69.66,0.4498,0.006,0.0,0.0004,0.04,6.67,MIN_PROFIT_TP_HIT,0.0932
955,TRUMP_USDT,SHORT,EMACrossover(5/13-SHORT),2,0.2,2.333,2.331,2.331,2.338,2026-08-27 08:50:59 UTC,2026-08-27 08:51:02 UTC,2.75,0.4666,0.0062,0.0,0.0004,0.04,6.43,MIN_PROFIT_TP_HIT,0.0936
956,TRUMP_USDT,LONG,EMACrossover(5/13-LONG),2,0.2,2.332,2.334,2.334,2.327,2026-08-27 09:11:59 UTC,2026-08-27 09:12:05 UTC,5.6,0.4664,0.0062,0.0,0.0004,0.04,6.43,MIN_PROFIT_TP_HIT,0.094
957,TRUMP_USDT,SHORT,EMACrossover(5/13-SHORT),2,0.2,2.346,2.351,2.344,2.351,2026-08-27 09:38:59 UTC,2026-08-27 09:39:21 UTC,21.81,0.4692,0.0063,0.0,-0.001,-0.09,-15.98,STOP_LOSS_HIT,0.093
958,TRUMP_USDT,LONG,EMACrossover(5/13-LONG),2,0.2,2.357,2.359,2.359,2.352,2026-08-27 09:47:59 UTC,2026-08-27 09:48:05 UTC,5.21,0.4714,0.0063,0.0,0.0004,0.04,6.36,MIN_PROFIT_TP_HIT,0.0934
959,TRUMP_USDT,SHORT,EMACrossover(5/13-SHORT),2,0.2,2.334,2.332,2.332,2.339,2026-08-27 09:58:59 UTC,2026-08-27 09:59:03 UTC,3.1,0.4668,0.0062,0.0,0.0004,0.04,6.43,MIN_PROFIT_TP_HIT,0.0938
960,TRUMP_USDT,LONG,EMACrossover(5/13-LONG),2,0.2,2.361,2.363,2.363,2.356,2026-08-27 10:07:59 UTC,2026-08-27 10:08:44 UTC,44.19,0.4722,0.0063,0.0,0.0004,0.04,6.35,MIN_PROFIT_TP_HIT,0.0942
961,TRUMP_USDT,SHORT,EMACrossover(5/13-SHORT),2,0.2,2.35,2.348,2.348,2.355,2026-08-27 10:24:59 UTC,2026-08-27 10:25:00 UTC,0.52,0.47,0.0063,0.0,0.0004,0.04,6.38,MIN_PROFIT_TP_HIT,0.0946
962,TRUMP_USDT,LONG,EMACrossover(5/13-LONG),2,0.2,2.335,2.33,2.337,2.33,2026-08-27 10:46:59 UTC,2026-08-27 10:47:09 UTC,9.49,0.467,0.0062,0.0,-0.001,-0.09,-16.06,STOP_LOSS_HIT,0.0936
963,TRUMP_USDT,SHORT,EMACrossover(5/13-SHORT),2,0.2,2.322,2.32,2.32,2.327,2026-08-27 10:49:59 UTC,2026-08-27 10:50:00 UTC,0.39,0.4644,0.0062,0.0,0.0004,0.04,6.46,MIN_PROFIT_TP_HIT,0.094
964,TRUMP_USDT,LONG,EMACrossover(5/13-LONG),2,0.2,2.327,2.329,2.329,2.322,2026-08-27 10:56:59 UTC,2026-08-27 10:57:02 UTC,2.93,0.4654,0.0062,0.0,0.0004,0.04,6.45,MIN_PROFIT_TP_HIT,0.0944
965,TRUMP_USDT,SHORT,EMACrossover(5/13-SHORT),2,0.2,2.341,2.339,2.339,2.346,2026-08-27 11:19:59 UTC,2026-08-27 11:20:04 UTC,4.13,0.4682,0.0062,0.0,0.0004,0.04,6.41,MIN_PROFIT_TP_HIT,0.0948
966,TRUMP_USDT,LONG,EMACrossover(5/13-LONG),2,0.2,2.353,2.348,2.355,2.348,2026-08-27 11:22:59 UTC,2026-08-27 11:24:04 UTC,64.47,0.4706,0.0063,0.0,-0.001,-0.09,-15.94,STOP_LOSS_HIT,0.0938
967,TRUMP_USDT,SHORT,EMACrossover(5/13-SHORT),2,0.2,2.337,2.335,2.335,2.342,2026-08-27 11:27:59 UTC,2026-08-27 11:28:00 UTC,0.84,0.4674,0.0062,0.0,0.0004,0.04,6.42,MIN_PROFIT_TP_HIT,0.0942
968,TRUMP_USDT,LONG,EMACrossover(5/13-LONG),2,0.2,2.35,2.352,2.352,2.345,2026-08-27 11:34:59 UTC,2026-08-27 11:35:09 UTC,9.15,0.47,0.0063,0.0,0.0004,0.04,6.38,MIN_PROFIT_TP_HIT,0.0946
969,TRUMP_USDT,SHORT,EMACrossover(5/13-SHORT),2,0.2,2.336,2.334,2.334,2.341,2026-08-27 11:50:59 UTC,2026-08-27 11:51:03 UTC,3.06,0.4672,0.0062,0.0,0.0004,0.04,6.42,MIN_PROFIT_TP_HIT,0.095
970,TRUMP_USDT,LONG,EMACrossover(5/13-LONG),2,0.2,2.355,2.35,2.357,2.35,2026-08-27 12:01:59 UTC,2026-08-27 12:02:06 UTC,6.95,0.471,0.0063,0.0,-0.001,-0.09,-15.92,STOP_LOSS_HIT,0.094
971,TRUMP_USDT,SHORT,EMACrossover(5/13-SHORT),2,0.2,2.358,2.356,2.356,2.363,2026-08-27 12:20:59 UTC,2026-08-27 12:21:05 UTC,5.14,0.4716,0.0063,0.0,0.0004,0.04,6.36,MIN_PROFIT_TP_HIT,0.0944
972,TRUMP_USDT,LONG,EMACrossover(5/13-LONG),2,0.2,2.356,2.351,2.358,2.351,2026-08-27 12:26:59 UTC,2026-08-27 12:27:10 UTC,10.56,0.4712,0.0063,0.0,-0.001,-0.09,-15.92,STOP_LOSS_HIT,0.0934
973,TRUMP_USDT,SHORT,EMACrossover(5/13-SHORT),2,0.2,2.36,2.365,2.358,2.365,2026-08-27 12:28:59 UTC,2026-08-27 12:29:13 UTC,13.4,0.472,0.0063,0.0,-0.001,-0.09,-15.89,STOP_LOSS_HIT,0.0924
974,TRUMP_USDT,SHORT,EMACrossover(5/13-SHORT),2,0.2,2.346,2.344,2.344,2.351,2026-08-27 12:40:59 UTC,2026-08-27 12:41:04 UTC,4.56,0.4692,0.0063,0.0,0.0004,0.04,6.39,MIN_PROFIT_TP_HIT,0.0928
975,TRUMP_USDT,LONG,EMACrossover(5/13-LONG),2,0.2,2.375,2.377,2.377,2.37,2026-08-27 12:49:59 UTC,2026-08-27 12:50:01 UTC,1.56,0.475,0.0063,0.0,0.0004,0.04,6.32,MIN_PROFIT_TP_HIT,0.0932
976,TRUMP_USDT,SHORT,EMACrossover(5/13-SHORT),2,0.2,2.36,2.358,2.358,2.365,2026-08-27 12:56:59 UTC,2026-08-27 12:57:08 UTC,8.89,0.472,0.0063,0.0,0.0004,0.04,6.36,MIN_PROFIT_TP_HIT,0.0936
977,TRUMP_USDT,LONG,EMACrossover(5/13-LONG),2,0.2,2.37,2.372,2.372,2.365,2026-08-27 13:03:59 UTC,2026-08-27 13:04:21 UTC,21.01,0.474,0.0063,0.0,0.0004,0.04,6.33,MIN_PROFIT_TP_HIT,0.094
978,TRUMP_USDT,SHORT,EMACrossover(5/13-SHORT),2,0.2,2.367,2.372,2.365,2.372,2026-08-27 13:17:59 UTC,2026-08-27 13:18:10 UTC,10.57,0.4734,0.0063,0.0,-0.001,-0.09,-15.84,STOP_LOSS_HIT,0.093
979,TRUMP_USDT,LONG,EMACrossover(5/13-LONG),2,0.2,2.37,2.372,2.372,2.365,2026-08-27 13:20:59 UTC,2026-08-27 13:21:09 UTC,9.74,0.474,0.0063,0.0,0.0004,0.04,6.33,MIN_PROFIT_TP_HIT,0.0934
980,TRUMP_USDT,LONG,EMACrossover(5/13-LONG),2,0.2,2.378,2.38,2.38,2.373,2026-08-27 13:23:59 UTC,2026-08-27 13:24:58 UTC,58.24,0.4756,0.0063,0.0,0.0004,0.04,6.31,MIN_PROFIT_TP_HIT,0.0938
981,TRUMP_USDT,SHORT,EMACrossover(5/13-SHORT),2,0.2,2.362,2.36,2.36,2.367,2026-08-27 13:28:59 UTC,2026-08-27 13:29:02 UTC,2.18,0.4724,0.0063,0.0,0.0004,0.04,6.35,MIN_PROFIT_TP_HIT,0.0942
982,TRUMP_USDT,LONG,EMACrossover(5/13-LONG),2,0.2,2.379,2.374,2.381,2.374,2026-08-27 13:52:59 UTC,2026-08-27 13:53:44 UTC,44.98,0.4758,0.0063,0.0,-0.001,-0.09,-15.76,STOP_LOSS_HIT,0.0932
983,TRUMP_USDT,SHORT,EMACrossover(5/13-SHORT),2,0.2,2.53,2.535,2.528,2.535,2026-08-27 14:56:59 UTC,2026-08-27 14:57:00 UTC,0.1,0.506,0.0067,0.0,-0.001,-0.09,-14.82,STOP_LOSS_HIT,0.0922
984,TRUMP_USDT,LONG,EMACrossover(5/13-LONG),2,0.2,2.56,2.562,2.562,2.555,2026-08-27 15:13:59 UTC,2026-08-27 15:14:00 UTC,0.56,0.512,0.0068,0.0,0.0004,0.04,5.86,MIN_PROFIT_TP_HIT,0.0926
985,TRUMP_USDT,SHORT,EMACrossover(5/13-SHORT),2,0.2,2.612,2.61,2.61,2.617,2026-08-27 15:43:59 UTC,2026-08-27 15:44:00 UTC,0.49,0.5224,0.007,0.0,0.0004,0.04,5.74,MIN_PROFIT_TP_HIT,0.093
986,TRUMP_USDT,LONG,EMACrossover(5/13-LONG),2,0.2,2.635,2.637,2.637,2.63,2026-08-27 15:52:59 UTC,2026-08-27 15:53:00 UTC,0.99,0.527,0.007,0.0,0.0004,0.04,5.69,MIN_PROFIT_TP_HIT,0.0934
987,TRUMP_USDT,SHORT,EMACrossover(5/13-SHORT),2,0.2,2.618,2.616,2.616,2.623,2026-08-27 15:58:59 UTC,2026-08-27 15:59:03 UTC,3.02,0.5236,0.007,0.0,0.0004,0.04,5.73,MIN_PROFIT_TP_HIT,0.0938
988,TRUMP_USDT,LONG,EMACrossover(5/13-LONG),2,0.2,2.628,2.63,2.63,2.623,2026-08-27 16:04:59 UTC,2026-08-27 16:05:02 UTC,2.62,0.5256,0.007,0.0,0.0004,0.04,5.71,MIN_PROFIT_TP_HIT,0.0942
989,TRUMP_USDT,SHORT,EMACrossover(5/13-SHORT),2,0.2,2.731,2.729,2.729,2.736,2026-08-27 16:37:59 UTC,2026-08-27 16:38:00 UTC,0.1,0.5462,0.0073,0.0,0.0004,0.04,5.49,MIN_PROFIT_TP_HIT,0.0946
990,TRUMP_USDT,LONG,EMACrossover(5/13-LONG),2,0.2,2.747,2.749,2.749,2.742,2026-08-27 16:56:59 UTC,2026-08-27 16:57:00 UTC,0.89,0.5494,0.0073,0.0,0.0004,0.04,5.46,MIN_PROFIT_TP_HIT,0.095
991,TRUMP_USDT,SHORT,EMACrossover(5/13-SHORT),2,0.2,2.716,2.714,2.714,2.721,2026-08-27 17:02:59 UTC,2026-08-27 17:03:00 UTC,0.38,0.5432,0.0072,0.0,0.0004,0.04,5.52,MIN_PROFIT_TP_HIT,0.0954
992,TRUMP_USDT,LONG,EMACrossover(5/13-LONG),2,0.2,2.639,2.641,2.641,2.634,2026-08-27 17:51:59 UTC,2026-08-27 17:52:00 UTC,0.32,0.5278,0.007,0.0,0.0004,0.04,5.68,MIN_PROFIT_TP_HIT,0.0958
993,TRUMP_USDT,SHORT,EMACrossover(5/13-SHORT),2,0.2,2.634,2.632,2.632,2.639,2026-08-27 18:10:59 UTC,2026-08-27 18:11:01 UTC,1.21,0.5268,0.007,0.0,0.0004,0.04,5.69,MIN_PROFIT_TP_HIT,0.0962
994,TRUMP_USDT,LONG,EMACrossover(5/13-LONG),2,0.2,2.547,2.549,2.549,2.542,2026-08-27 18:50:59 UTC,2026-08-27 18:51:14 UTC,14.03,0.5094,0.0068,0.0,0.0004,0.04,5.89,MIN_PROFIT_TP_HIT,0.0966
995,TRUMP_USDT,SHORT,EMACrossover(5/13-SHORT),2,0.2,2.554,2.552,2.552,2.559,2026-08-27 19:10:59 UTC,2026-08-27 19:11:14 UTC,14.99,0.5108,0.0068,0.0,0.0004,0.04,5.87,MIN_PROFIT_TP_HIT,0.097
996,TRUMP_USDT,LONG,EMACrossover(5/13-LONG),2,0.2,2.563,2.558,2.565,2.558,2026-08-27 19:29:59 UTC,2026-08-27 19:30:06 UTC,6.97,0.5126,0.0068,0.0,-0.001,-0.09,-14.63,STOP_LOSS_HIT,0.096
997,TRUMP_USDT,SHORT,EMACrossover(5/13-SHORT),2,0.2,2.552,2.557,2.55,2.557,2026-08-27 19:39:59 UTC,2026-08-27 19:41:13 UTC,73.96,0.5104,0.0068,0.0,-0.001,-0.09,-14.69,STOP_LOSS_HIT,0.095
998,TRUMP_USDT,SHORT,EMACrossover(5/13-SHORT),2,0.2,2.553,2.558,2.551,2.558,2026-08-27 19:44:59 UTC,2026-08-27 19:45:24 UTC,24.49,0.5106,0.0068,0.0,-0.001,-0.09,-14.69,STOP_LOSS_HIT,0.094
999,TRUMP_USDT,LONG,EMACrossover(5/13-LONG),2,0.2,2.551,2.553,2.553,2.546,2026-08-27 19:46:59 UTC,2026-08-27 19:47:11 UTC,11.13,0.5102,0.0068,0.0,0.0004,0.04,5.88,MIN_PROFIT_TP_HIT,0.0944
1000,TRUMP_USDT,LONG,EMACrossover(5/13-LONG),2,0.2,2.553,2.555,2.555,2.548,2026-08-27 19:48:59 UTC,2026-08-27 19:49:01 UTC,1.99,0.5106,0.0068,0.0,0.0004,0.04,5.88,MIN_PROFIT_TP_HIT,0.0948
1001,TRUMP_USDT,SHORT,EMACrossover(5/13-SHORT),2,0.2,2.543,2.548,2.541,2.548,2026-08-27 19:50:59 UTC,2026-08-27 19:51:03 UTC,3.64,0.5086,0.0068,0.0,-0.001,-0.09,-14.75,STOP_LOSS_HIT,0.0938
1002,TRUMP_USDT,LONG,EMACrossover(5/13-LONG),2,0.2,2.55,2.552,2.552,2.545,2026-08-27 19:59:59 UTC,2026-08-27 20:00:15 UTC,15.72,0.51,0.0068,0.0,0.0004,0.04,5.88,MIN_PROFIT_TP_HIT,0.0942
1003,TRUMP_USDT,SHORT,EMACrossover(5/13-SHORT),2,0.2,2.54,2.538,2.538,2.545,2026-08-27 20:01:59 UTC,2026-08-27 20:02:00 UTC,0.55,0.508,0.0068,0.0,0.0004,0.04,5.91,MIN_PROFIT_TP_HIT,0.0946
1004,TRUMP_USDT,LONG,EMACrossover(5/13-LONG),2,0.2,2.557,2.552,2.559,2.552,2026-08-27 20:12:59 UTC,2026-08-27 20:13:45 UTC,45.43,0.5114,0.0068,0.0,-0.001,-0.09,-14.67,STOP_LOSS_HIT,0.0936
1005,TRUMP_USDT,SHORT,EMACrossover(5/13-SHORT),2,0.2,2.556,2.561,2.554,2.561,2026-08-27 20:53:59 UTC,2026-08-27 20:55:12 UTC,72.43,0.5112,0.0068,0.0,-0.001,-0.09,-14.67,STOP_LOSS_HIT,0.0926
1006,TRUMP_USDT,LONG,EMACrossover(5/13-LONG),2,0.2,2.57,2.565,2.572,2.565,2026-08-27 20:59:59 UTC,2026-08-27 21:00:04 UTC,4.12,0.514,0.0069,0.0,-0.001,-0.09,-14.59,STOP_LOSS_HIT,0.0916
1007,TRUMP_USDT,SHORT,EMACrossover(5/13-SHORT),2,0.2,2.571,2.569,2.569,2.576,2026-08-27 21:17:59 UTC,2026-08-27 21:18:06 UTC,6.18,0.5142,0.0069,0.0,0.0004,0.04,5.83,MIN_PROFIT_TP_HIT,0.092
1008,TRUMP_USDT,LONG,EMACrossover(5/13-LONG),2,0.2,2.55,2.552,2.552,2.545,2026-08-27 21:48:59 UTC,2026-08-27 21:50:26 UTC,86.71,0.51,0.0068,0.0,0.0004,0.04,5.88,MIN_PROFIT_TP_HIT,0.0924
1009,TRUMP_USDT,SHORT,EMACrossover(5/13-SHORT),2,0.2,2.556,2.554,2.554,2.561,2026-08-27 22:14:59 UTC,2026-08-27 22:15:04 UTC,4.66,0.5112,0.0068,0.0,0.0004,0.04,5.87,MIN_PROFIT_TP_HIT,0.0928
1010,TRUMP_USDT,LONG,EMACrossover(5/13-LONG),2,0.2,2.564,2.566,2.566,2.559,2026-08-27 22:17:59 UTC,2026-08-27 22:18:09 UTC,9.91,0.5128,0.0068,0.0,0.0004,0.04,5.85,MIN_PROFIT_TP_HIT,0.0932
1011,TRUMP_USDT,SHORT,EMACrossover(5/13-SHORT),2,0.2,2.556,2.561,2.554,2.561,2026-08-27 22:24:59 UTC,2026-08-27 22:25:32 UTC,32.11,0.5112,0.0068,0.0,-0.001,-0.09,-14.67,STOP_LOSS_HIT,0.0922
1012,TRUMP_USDT,LONG,EMACrossover(5/13-LONG),2,0.2,2.558,2.553,2.56,2.553,2026-08-27 22:43:59 UTC,2026-08-27 22:44:48 UTC,48.03,0.5116,0.0068,0.0,-0.001,-0.09,-14.66,STOP_LOSS_HIT,0.0912
1013,TRUMP_USDT,SHORT,EMACrossover(5/13-SHORT),2,0.2,2.544,2.542,2.542,2.549,2026-08-27 22:45:59 UTC,2026-08-27 22:46:01 UTC,1.98,0.5088,0.0068,0.0,0.0004,0.04,5.9,MIN_PROFIT_TP_HIT,0.0916
1014,TRUMP_USDT,LONG,EMACrossover(5/13-LONG),2,0.2,2.544,2.539,2.546,2.539,2026-08-27 23:19:59 UTC,2026-08-27 23:21:07 UTC,67.5,0.5088,0.0068,0.0,-0.001,-0.09,-14.74,STOP_LOSS_HIT,0.0906
1015,TRUMP_USDT,SHORT,EMACrossover(5/13-SHORT),2,0.2,2.544,2.542,2.542,2.549,2026-08-27 23:35:59 UTC,2026-08-27 23:36:03 UTC,3.31,0.5088,0.0068,0.0,0.0004,0.04,5.9,MIN_PROFIT_TP_HIT,0.091
1016,TRUMP_USDT,LONG,EMACrossover(5/13-LONG),2,0.2,2.555,2.557,2.557,2.55,2026-08-27 23:41:59 UTC,2026-08-27 23:42:03 UTC,3.27,0.511,0.0068,0.0,0.0004,0.04,5.87,MIN_PROFIT_TP_HIT,0.0914
1017,TRUMP_USDT,SHORT,EMACrossover(5/13-SHORT),2,0.2,2.547,2.545,2.545,2.552,2026-08-27 23:45:59 UTC,2026-08-27 23:46:00 UTC,0.56,0.5094,0.0068,0.0,0.0004,0.04,5.89,MIN_PROFIT_TP_HIT,0.0918
1018,TRUMP_USDT,LONG,EMACrossover(5/13-LONG),2,0.2,2.551,2.553,2.553,2.546,2026-08-27 23:51:59 UTC,2026-08-27 23:52:12 UTC,12.57,0.5102,0.0068,0.0,0.0004,0.04,5.88,MIN_PROFIT_TP_HIT,0.0922
1019,TRUMP_USDT,SHORT,EMACrossover(5/13-SHORT),2,0.2,2.555,2.553,2.553,2.56,2026-08-28 00:00:59 UTC,2026-08-28 00:01:01 UTC,1.64,0.511,0.0068,0.0,0.0004,0.04,5.87,MIN_PROFIT_TP_HIT,0.0926
1020,TRUMP_USDT,SHORT,EMACrossover(5/13-SHORT),2,0.2,2.55,2.548,2.548,2.555,2026-08-28 00:05:59 UTC,2026-08-28 00:06:05 UTC,5.17,0.51,0.0068,0.0,0.0004,0.04,5.88,MIN_PROFIT_TP_HIT,0.093
1021,TRUMP_USDT,LONG,EMACrossover(5/13-LONG),2,0.2,2.558,2.56,2.56,2.553,2026-08-28 00:12:59 UTC,2026-08-28 00:13:01 UTC,1.17,0.5116,0.0068,0.0,0.0004,0.04,5.86,MIN_PROFIT_TP_HIT,0.0934
1022,TRUMP_USDT,SHORT,EMACrossover(5/13-SHORT),2,0.2,2.677,2.675,2.675,2.682,2026-08-28 00:56:59 UTC,2026-08-28 00:57:01 UTC,1.23,0.5354,0.0071,0.0,0.0004,0.04,5.6,MIN_PROFIT_TP_HIT,0.0938
1023,TRUMP_USDT,LONG,EMACrossover(5/13-LONG),2,0.2,2.697,2.699,2.699,2.692,2026-08-28 00:58:59 UTC,2026-08-28 00:59:02 UTC,2.23,0.5394,0.0072,0.0,0.0004,0.04,5.56,MIN_PROFIT_TP_HIT,0.0942
1024,TRUMP_USDT,SHORT,EMACrossover(5/13-SHORT),2,0.2,2.844,2.849,2.842,2.849,2026-08-28 01:43:59 UTC,2026-08-28 01:44:00 UTC,0.33,0.5688,0.0076,0.0,-0.001,-0.09,-13.19,STOP_LOSS_HIT,0.0932
1025,TRUMP_USDT,LONG,EMACrossover(5/13-LONG),2,0.2,2.775,2.77,2.777,2.77,2026-08-28 02:06:59 UTC,2026-08-28 02:07:00 UTC,0.59,0.555,0.0074,0.0,-0.001,-0.09,-13.51,STOP_LOSS_HIT,0.0922
1026,TRUMP_USDT,SHORT,EMACrossover(5/13-SHORT),2,0.2,2.755,2.76,2.753,2.76,2026-08-28 02:08:59 UTC,2026-08-28 02:09:01 UTC,1.56,0.551,0.0073,0.0,-0.001,-0.09,-13.61,STOP_LOSS_HIT,0.0912
1027,TRUMP_USDT,LONG,EMACrossover(5/13-LONG),2,0.2,2.697,2.699,2.699,2.692,2026-08-28 02:36:59 UTC,2026-08-28 02:37:00 UTC,0.75,0.5394,0.0072,0.0,0.0004,0.04,5.56,MIN_PROFIT_TP_HIT,0.0916
1028,TRUMP_USDT,SHORT,EMACrossover(5/13-SHORT),2,0.2,2.691,2.689,2.689,2.696,2026-08-28 02:47:59 UTC,2026-08-28 02:48:00 UTC,0.1,0.5382,0.0072,0.0,0.0004,0.04,5.57,MIN_PROFIT_TP_HIT,0.092
1029,TRUMP_USDT,LONG,EMACrossover(5/13-LONG),2,0.2,2.693,2.695,2.695,2.688,2026-08-28 02:55:59 UTC,2026-08-28 02:56:04 UTC,4.21,0.5386,0.0072,0.0,0.0004,0.04,5.57,MIN_PROFIT_TP_HIT,0.0924
1030,TRUMP_USDT,SHORT,EMACrossover(5/13-SHORT),2,0.2,2.662,2.667,2.66,2.667,2026-08-28 03:07:59 UTC,2026-08-28 03:08:01 UTC,1.52,0.5324,0.0071,0.0,-0.001,-0.09,-14.09,STOP_LOSS_HIT,0.0914
1031,TRUMP_USDT,LONG,EMACrossover(5/13-LONG),2,0.2,2.689,2.691,2.691,2.684,2026-08-28 03:14:59 UTC,2026-08-28 03:15:00 UTC,0.52,0.5378,0.0072,0.0,0.0004,0.04,5.58,MIN_PROFIT_TP_HIT,0.0918
1032,TRUMP_USDT,SHORT,EMACrossover(5/13-SHORT),2,0.2,2.687,2.685,2.685,2.692,2026-08-28 03:16:59 UTC,2026-08-28 03:17:01 UTC,1.37,0.5374,0.0072,0.0,0.0004,0.04,5.58,MIN_PROFIT_TP_HIT,0.0922
1033,TRUMP_USDT,LONG,EMACrossover(5/13-LONG),2,0.2,2.698,2.7,2.7,2.693,2026-08-28 03:21:59 UTC,2026-08-28 03:22:13 UTC,13.82,0.5396,0.0072,0.0,0.0004,0.04,5.56,MIN_PROFIT_TP_HIT,0.0926
1034,TRUMP_USDT,SHORT,EMACrossover(5/13-SHORT),2,0.2,2.696,2.694,2.694,2.701,2026-08-28 03:38:59 UTC,2026-08-28 03:39:01 UTC,1.37,0.5392,0.0072,0.0,0.0004,0.04,5.56,MIN_PROFIT_TP_HIT,0.093
1035,TRUMP_USDT,LONG,EMACrossover(5/13-LONG),2,0.2,2.696,2.698,2.698,2.691,2026-08-28 03:42:59 UTC,2026-08-28 03:43:13 UTC,13.3,0.5392,0.0072,0.0,0.0004,0.04,5.56,MIN_PROFIT_TP_HIT,0.0934
1036,TRUMP_USDT,LONG,EMACrossover(5/13-LONG),2,0.2,2.707,2.709,2.709,2.702,2026-08-28 03:49:59 UTC,2026-08-28 03:50:01 UTC,1.85,0.5414,0.0072,0.0,0.0004,0.04,5.54,MIN_PROFIT_TP_HIT,0.0938
1037,TRUMP_USDT,SHORT,EMACrossover(5/13-SHORT),2,0.2,2.696,2.694,2.694,2.701,2026-08-28 03:56:59 UTC,2026-08-28 03:57:00 UTC,0.44,0.5392,0.0072,0.0,0.0004,0.04,5.56,MIN_PROFIT_TP_HIT,0.0942
1038,TRUMP_USDT,LONG,EMACrossover(5/13-LONG),2,0.2,2.71,2.712,2.712,2.705,2026-08-28 04:13:59 UTC,2026-08-28 04:14:04 UTC,4.26,0.542,0.0072,0.0,0.0004,0.04,5.54,MIN_PROFIT_TP_HIT,0.0946
1039,TRUMP_USDT,SHORT,EMACrossover(5/13-SHORT),2,0.2,2.722,2.727,2.72,2.727,2026-08-28 04:29:59 UTC,2026-08-28 04:30:02 UTC,2.52,0.5444,0.0073,0.0,-0.001,-0.09,-13.78,STOP_LOSS_HIT,0.0936
1040,TRUMP_USDT,LONG,EMACrossover(5/13-LONG),2,0.2,2.735,2.737,2.737,2.73,2026-08-28 04:40:59 UTC,2026-08-28 04:41:01 UTC,1.2,0.547,0.0073,0.0,0.0004,0.04,5.48,MIN_PROFIT_TP_HIT,0.094
1041,TRUMP_USDT,SHORT,EMACrossover(5/13-SHORT),2,0.2,2.721,2.726,2.719,2.726,2026-08-28 04:48:59 UTC,2026-08-28 04:49:01 UTC,1.77,0.5442,0.0073,0.0,-0.001,-0.09,-13.78,STOP_LOSS_HIT,0.093
1042,TRUMP_USDT,LONG,EMACrossover(5/13-LONG),2,0.2,2.754,2.749,2.756,2.749,2026-08-28 04:52:59 UTC,2026-08-28 04:53:13 UTC,13.52,0.5508,0.0073,0.0,-0.001,-0.09,-13.62,STOP_LOSS_HIT,0.092
1043,TRUMP_USDT,SHORT,EMACrossover(5/13-SHORT),2,0.2,2.73,2.728,2.728,2.735,2026-08-28 05:01:59 UTC,2026-08-28 05:02:01 UTC,1.47,0.546,0.0073,0.0,0.0004,0.04,5.49,MIN_PROFIT_TP_HIT,0.0924
1044,TRUMP_USDT,LONG,EMACrossover(5/13-LONG),2,0.2,2.732,2.734,2.734,2.727,2026-08-28 05:28:59 UTC,2026-08-28 05:29:08 UTC,8.89,0.5464,0.0073,0.0,0.0004,0.04,5.49,MIN_PROFIT_TP_HIT,0.0928
1045,TRUMP_USDT,SHORT,EMACrossover(5/13-SHORT),2,0.2,2.783,2.788,2.781,2.788,2026-08-28 06:30:59 UTC,2026-08-28 06:31:03 UTC,3.32,0.5566,0.0074,0.0,-0.001,-0.09,-13.47,STOP_LOSS_HIT,0.0918
1046,TRUMP_USDT,LONG,EMACrossover(5/13-LONG),2,0.2,2.801,2.796,2.803,2.796,2026-08-28 06:48:59 UTC,2026-08-28 06:49:02 UTC,2.73,0.5602,0.0075,0.0,-0.001,-0.09,-13.39,STOP_LOSS_HIT,0.0908
1047,TRUMP_USDT,SHORT,EMACrossover(5/13-SHORT),2,0.2,2.797,2.802,2.795,2.802,2026-08-28 06:57:59 UTC,2026-08-28 06:58:08 UTC,8.77,0.5594,0.0075,0.0,-0.001,-0.09,-13.41,STOP_LOSS_HIT,0.0898
1048,TRUMP_USDT,LONG,EMACrossover(5/13-LONG),2,0.2,2.795,2.797,2.797,2.79,2026-08-28 07:04:59 UTC,2026-08-28 07:05:00 UTC,0.38,0.559,0.0075,0.0,0.0004,0.04,5.37,MIN_PROFIT_TP_HIT,0.0902
1049,TRUMP_USDT,LONG,EMACrossover(5/13-LONG),2,0.2,2.769,2.771,2.771,2.764,2026-08-28 07:06:59 UTC,2026-08-28 07:07:00 UTC,0.53,0.5538,0.0074,0.0,0.0004,0.04,5.42,MIN_PROFIT_TP_HIT,0.0906
1050,TRUMP_USDT,LONG,EMACrossover(5/13-LONG),2,0.2,2.789,2.791,2.791,2.784,2026-08-28 07:20:59 UTC,2026-08-28 07:21:00 UTC,0.57,0.5578,0.0074,0.0,0.0004,0.04,5.38,MIN_PROFIT_TP_HIT,0.091
1051,TRUMP_USDT,SHORT,EMACrossover(5/13-SHORT),2,0.2,2.779,2.777,2.777,2.784,2026-08-28 07:27:59 UTC,2026-08-28 07:28:08 UTC,8.06,0.5558,0.0074,0.0,0.0004,0.04,5.4,MIN_PROFIT_TP_HIT,0.0914
1052,TRUMP_USDT,LONG,EMACrossover(5/13-LONG),2,0.2,2.783,2.778,2.785,2.778,2026-08-28 07:33:59 UTC,2026-08-28 07:34:01 UTC,1.97,0.5566,0.0074,0.0,-0.001,-0.09,-13.47,STOP_LOSS_HIT,0.0904
1053,TRUMP_USDT,SHORT,EMACrossover(5/13-SHORT),2,0.2,2.783,2.781,2.781,2.788,2026-08-28 07:35:59 UTC,2026-08-28 07:36:01 UTC,1.9,0.5566,0.0074,0.0,0.0004,0.04,5.39,MIN_PROFIT_TP_HIT,0.0908
1054,TRUMP_USDT,LONG,EMACrossover(5/13-LONG),2,0.2,2.781,2.783,2.783,2.776,2026-08-28 07:37:59 UTC,2026-08-28 07:38:00 UTC,0.52,0.5562,0.0074,0.0,0.0004,0.04,5.39,MIN_PROFIT_TP_HIT,0.0912
1055,TRUMP_USDT,LONG,EMACrossover(5/13-LONG),2,0.2,2.816,2.818,2.818,2.811,2026-08-28 07:48:59 UTC,2026-08-28 07:49:00 UTC,0.44,0.5632,0.0075,0.0,0.0004,0.04,5.33,MIN_PROFIT_TP_HIT,0.0916
1056,TRUMP_USDT,SHORT,EMACrossover(5/13-SHORT),2,0.2,2.815,2.82,2.813,2.82,2026-08-28 08:26:59 UTC,2026-08-28 08:27:01 UTC,1.27,0.563,0.0075,0.0,-0.001,-0.09,-13.32,STOP_LOSS_HIT,0.0906
1057,TRUMP_USDT,LONG,EMACrossover(5/13-LONG),2,0.2,2.848,2.843,2.85,2.843,2026-08-28 08:31:59 UTC,2026-08-28 08:32:07 UTC,7.01,0.5696,0.0076,0.0,-0.001,-0.09,-13.17,STOP_LOSS_HIT,0.0896
1058,TRUMP_USDT,SHORT,EMACrossover(5/13-SHORT),2,0.2,2.824,2.822,2.822,2.829,2026-08-28 08:45:59 UTC,2026-08-28 08:46:00 UTC,0.17,0.5648,0.0075,0.0,0.0004,0.04,5.31,MIN_PROFIT_TP_HIT,0.09
1059,TRUMP_USDT,LONG,EMACrossover(5/13-LONG),2,0.2,2.82,2.822,2.822,2.815,2026-08-28 09:08:59 UTC,2026-08-28 09:09:00 UTC,0.36,0.564,0.0075,0.0,0.0004,0.04,5.32,MIN_PROFIT_TP_HIT,0.0904
1060,TRUMP_USDT,SHORT,EMACrossover(5/13-SHORT),2,0.2,2.811,2.809,2.809,2.816,2026-08-28 09:22:59 UTC,2026-08-28 09:23:01 UTC,1.5,0.5622,0.0075,0.0,0.0004,0.04,5.34,MIN_PROFIT_TP_HIT,0.0908
1061,TRUMP_USDT,LONG,EMACrossover(5/13-LONG),2,0.2,2.665,2.66,2.667,2.66,2026-08-28 10:16:59 UTC,2026-08-28 10:17:10 UTC,10.08,0.533,0.0071,0.0,-0.001,-0.09,-14.07,STOP_LOSS_HIT,0.0898
1062,TRUMP_USDT,LONG,EMACrossover(5/13-LONG),2,0.2,2.681,2.676,2.683,2.676,2026-08-28 10:28:59 UTC,2026-08-28 10:29:07 UTC,7.35,0.5362,0.0071,0.0,-0.001,-0.09,-13.99,STOP_LOSS_HIT,0.0888
1063,TRUMP_USDT,SHORT,EMACrossover(5/13-SHORT),2,0.2,2.755,2.753,2.753,2.76,2026-08-28 11:32:59 UTC,2026-08-28 11:33:01 UTC,1.6,0.551,0.0073,0.0,0.0004,0.04,5.44,MIN_PROFIT_TP_HIT,0.0892
1064,TRUMP_USDT,LONG,EMACrossover(5/13-LONG),2,0.2,2.744,2.739,2.746,2.739,2026-08-28 11:50:59 UTC,2026-08-28 11:51:08 UTC,8.82,0.5488,0.0073,0.0,-0.001,-0.09,-13.67,STOP_LOSS_HIT,0.0882
1065,TRUMP_USDT,SHORT,EMACrossover(5/13-SHORT),2,0.2,2.743,2.741,2.741,2.748,2026-08-28 12:02:59 UTC,2026-08-28 12:03:00 UTC,0.59,0.5486,0.0073,0.0,0.0004,0.04,5.47,MIN_PROFIT_TP_HIT,0.0886
1066,TRUMP_USDT,SHORT,EMACrossover(5/13-SHORT),2,0.2,2.722,2.72,2.72,2.727,2026-08-28 12:10:59 UTC,2026-08-28 12:11:14 UTC,14.78,0.5444,0.0073,0.0,0.0004,0.04,5.51,MIN_PROFIT_TP_HIT,0.089
1067,TRUMP_USDT,LONG,EMACrossover(5/13-LONG),2,0.2,2.741,2.743,2.743,2.736,2026-08-28 12:18:59 UTC,2026-08-28 12:19:12 UTC,12.47,0.5482,0.0073,0.0,0.0004,0.04,5.47,MIN_PROFIT_TP_HIT,0.0894
1068,TRUMP_USDT,SHORT,EMACrossover(5/13-SHORT),2,0.2,2.727,2.732,2.725,2.732,2026-08-28 12:24:59 UTC,2026-08-28 12:25:36 UTC,36.57,0.5454,0.0073,0.0,-0.001,-0.09,-13.75,STOP_LOSS_HIT,0.0884
1069,TRUMP_USDT,LONG,EMACrossover(5/13-LONG),2,0.2,2.727,2.722,2.729,2.722,2026-08-28 12:27:59 UTC,2026-08-28 12:28:28 UTC,28.19,0.5454,0.0073,0.0,-0.001,-0.09,-13.75,STOP_LOSS_HIT,0.0874
1070,TRUMP_USDT,LONG,EMACrossover(5/13-LONG),2,0.2,2.729,2.724,2.731,2.724,2026-08-28 12:38:59 UTC,2026-08-28 12:39:07 UTC,7.18,0.5458,0.0073,0.0,-0.001,-0.09,-13.74,STOP_LOSS_HIT,0.0864
1071,TRUMP_USDT,SHORT,EMACrossover(5/13-SHORT),2,0.2,2.715,2.713,2.713,2.72,2026-08-28 12:40:59 UTC,2026-08-28 12:41:07 UTC,7.15,0.543,0.0072,0.0,0.0004,0.04,5.52,MIN_PROFIT_TP_HIT,0.0868
1072,TRUMP_USDT,LONG,EMACrossover(5/13-LONG),2,0.2,2.739,2.741,2.741,2.734,2026-08-28 12:45:59 UTC,2026-08-28 12:46:00 UTC,0.51,0.5478,0.0073,0.0,0.0004,0.04,5.48,MIN_PROFIT_TP_HIT,0.0872
1073,TRUMP_USDT,SHORT,EMACrossover(5/13-SHORT),2,0.2,2.725,2.723,2.723,2.73,2026-08-28 13:06:59 UTC,2026-08-28 13:07:03 UTC,3.08,0.545,0.0073,0.0,0.0004,0.04,5.5,MIN_PROFIT_TP_HIT,0.0876
1074,TRUMP_USDT,LONG,EMACrossover(5/13-LONG),2,0.2,2.723,2.725,2.725,2.718,2026-08-28 13:25:59 UTC,2026-08-28 13:26:04 UTC,4.15,0.5446,0.0073,0.0,0.0004,0.04,5.51,MIN_PROFIT_TP_HIT,0.088
1075,TRUMP_USDT,SHORT,EMACrossover(5/13-SHORT),2,0.2,2.731,2.729,2.729,2.736,2026-08-28 13:27:59 UTC,2026-08-28 13:28:09 UTC,9.34,0.5462,0.0073,0.0,0.0004,0.04,5.49,MIN_PROFIT_TP_HIT,0.0884
1076,TRUMP_USDT,SHORT,EMACrossover(5/13-SHORT),2,0.2,2.722,2.727,2.72,2.727,2026-08-28 13:30:59 UTC,2026-08-28 13:31:01 UTC,1.71,0.5444,0.0073,0.0,-0.001,-0.09,-13.78,STOP_LOSS_HIT,0.0874
1077,TRUMP_USDT,LONG,EMACrossover(5/13-LONG),2,0.2,2.723,2.718,2.725,2.718,2026-08-28 13:32:59 UTC,2026-08-28 13:33:13 UTC,13.04,0.5446,0.0073,0.0,-0.001,-0.09,-13.77,STOP_LOSS_HIT,0.0864
1078,TRUMP_USDT,SHORT,EMACrossover(5/13-SHORT),2,0.2,2.69,2.695,2.688,2.695,2026-08-28 13:39:59 UTC,2026-08-28 13:40:00 UTC,0.68,0.538,0.0072,0.0,-0.001,-0.09,-13.94,STOP_LOSS_HIT,0.0854
1079,TRUMP_USDT,LONG,EMACrossover(5/13-LONG),2,0.2,2.744,2.746,2.746,2.739,2026-08-28 13:48:59 UTC,2026-08-28 13:49:00 UTC,0.4,0.5488,0.0073,0.0,0.0004,0.04,5.47,MIN_PROFIT_TP_HIT,0.0858
1080,TRUMP_USDT,SHORT,EMACrossover(5/13-SHORT),2,0.2,2.707,2.705,2.705,2.712,2026-08-28 14:03:59 UTC,2026-08-28 14:04:00 UTC,0.29,0.5414,0.0072,0.0,0.0004,0.04,5.54,MIN_PROFIT_TP_HIT,0.0862
1081,TRUMP_USDT,LONG,EMACrossover(5/13-LONG),2,0.2,2.686,2.688,2.688,2.681,2026-08-28 14:20:59 UTC,2026-08-28 14:21:00 UTC,0.5,0.5372,0.0072,0.0,0.0004,0.04,5.58,MIN_PROFIT_TP_HIT,0.0866
1082,TRUMP_USDT,SHORT,EMACrossover(5/13-SHORT),2,0.2,2.817,2.822,2.815,2.822,2026-08-28 15:15:59 UTC,2026-08-28 15:16:00 UTC,0.42,0.5634,0.0075,0.0,-0.001,-0.09,-13.31,STOP_LOSS_HIT,0.0856
1083,TRUMP_USDT,LONG,EMACrossover(5/13-LONG),2,0.2,2.859,2.861,2.861,2.854,2026-08-28 15:23:59 UTC,2026-08-28 15:24:00 UTC,0.1,0.5718,0.0076,0.0,0.0004,0.04,5.25,MIN_PROFIT_TP_HIT,0.086
1084,TRUMP_USDT,SHORT,EMACrossover(5/13-SHORT),2,0.2,2.828,2.826,2.826,2.833,2026-08-28 15:31:59 UTC,2026-08-28 15:32:00 UTC,0.2,0.5656,0.0075,0.0,0.0004,0.04,5.3,MIN_PROFIT_TP_HIT,0.0864
1085,TRUMP_USDT,LONG,EMACrossover(5/13-LONG),2,0.2,2.687,2.682,2.689,2.682,2026-08-28 16:23:59 UTC,2026-08-28 16:24:01 UTC,1.57,0.5374,0.0072,0.0,-0.001,-0.09,-13.96,STOP_LOSS_HIT,0.0854
1086,TRUMP_USDT,LONG,EMACrossover(5/13-LONG),2,0.2,2.711,2.706,2.713,2.706,2026-08-28 16:28:59 UTC,2026-08-28 16:29:03 UTC,3.68,0.5422,0.0072,0.0,-0.001,-0.09,-13.83,STOP_LOSS_HIT,0.0844
1087,TRUMP_USDT,SHORT,EMACrossover(5/13-SHORT),2,0.2,2.704,2.702,2.702,2.709,2026-08-28 16:50:59 UTC,2026-08-28 16:51:00 UTC,0.91,0.5408,0.0072,0.0,0.0004,0.04,5.55,MIN_PROFIT_TP_HIT,0.0848
1088,TRUMP_USDT,LONG,EMACrossover(5/13-LONG),2,0.2,2.685,2.68,2.687,2.68,2026-08-28 17:13:59 UTC,2026-08-28 17:14:18 UTC,18.42,0.537,0.0072,0.0,-0.001,-0.09,-13.97,STOP_LOSS_HIT,0.0838
1089,TRUMP_USDT,SHORT,EMACrossover(5/13-SHORT),2,0.2,2.674,2.672,2.672,2.679,2026-08-28 17:24:59 UTC,2026-08-28 17:25:02 UTC,2.73,0.5348,0.0071,0.0,0.0004,0.04,5.61,MIN_PROFIT_TP_HIT,0.0842
1090,TRUMP_USDT,LONG,EMACrossover(5/13-LONG),2,0.2,2.678,2.673,2.68,2.673,2026-08-28 17:33:59 UTC,2026-08-28 17:34:59 UTC,59.23,0.5356,0.0071,0.0,-0.001,-0.09,-14.0,STOP_LOSS_HIT,0.0832
1091,TRUMP_USDT,SHORT,EMACrossover(5/13-SHORT),2,0.2,2.677,2.675,2.675,2.682,2026-08-28 17:35:59 UTC,2026-08-28 17:36:00 UTC,0.26,0.5354,0.0071,0.0,0.0004,0.04,5.6,MIN_PROFIT_TP_HIT,0.0836
1092,TRUMP_USDT,LONG,EMACrossover(5/13-LONG),2,0.2,2.677,2.679,2.679,2.672,2026-08-28 17:44:59 UTC,2026-08-28 17:45:01 UTC,1.12,0.5354,0.0071,0.0,0.0004,0.04,5.6,MIN_PROFIT_TP_HIT,0.084
1093,TRUMP_USDT,SHORT,EMACrossover(5/13-SHORT),2,0.2,2.695,2.7,2.693,2.7,2026-08-28 18:04:59 UTC,2026-08-28 18:05:10 UTC,10.37,0.539,0.0072,0.0,-0.001,-0.09,-13.91,STOP_LOSS_HIT,0.083
1094,TRUMP_USDT,LONG,EMACrossover(5/13-LONG),2,0.2,2.549,2.551,2.551,2.544,2026-08-28 18:45:59 UTC,2026-08-28 18:46:00 UTC,0.85,0.5098,0.0068,0.0,0.0004,0.04,5.88,MIN_PROFIT_TP_HIT,0.0834
1095,TRUMP_USDT,SHORT,EMACrossover(5/13-SHORT),2,0.2,2.545,2.55,2.543,2.55,2026-08-28 18:48:59 UTC,2026-08-28 18:49:09 UTC,9.6,0.509,0.0068,0.0,-0.001,-0.09,-14.73,STOP_LOSS_HIT,0.0824
1096,TRUMP_USDT,LONG,EMACrossover(5/13-LONG),2,0.2,2.571,2.573,2.573,2.566,2026-08-28 18:51:59 UTC,2026-08-28 18:52:21 UTC,21.53,0.5142,0.0069,0.0,0.0004,0.04,5.83,MIN_PROFIT_TP_HIT,0.0828
1097,TRUMP_USDT,SHORT,EMACrossover(5/13-SHORT),2,0.2,2.611,2.609,2.609,2.616,2026-08-28 19:30:59 UTC,2026-08-28 19:31:01 UTC,1.67,0.5222,0.007,0.0,0.0004,0.04,5.74,MIN_PROFIT_TP_HIT,0.0832
1098,TRUMP_USDT,SHORT,EMACrossover(5/13-SHORT),2,0.2,2.598,2.596,2.596,2.603,2026-08-28 19:32:59 UTC,2026-08-28 19:35:57 UTC,178.0,0.5196,0.0069,0.0,0.0004,0.04,5.77,MIN_PROFIT_TP_HIT,0.0836
1099,TRUMP_USDT,LONG,EMACrossover(5/13-LONG),2,0.2,2.607,2.609,2.609,2.602,2026-08-28 19:53:59 UTC,2026-08-28 19:54:01 UTC,1.77,0.5214,0.007,0.0,0.0004,0.04,5.75,MIN_PROFIT_TP_HIT,0.084
1100,TRUMP_USDT,SHORT,EMACrossover(5/13-SHORT),2,0.2,2.606,2.611,2.604,2.611,2026-08-28 20:20:59 UTC,2026-08-28 20:21:12 UTC,12.11,0.5212,0.0069,0.0,-0.001,-0.09,-14.39,STOP_LOSS_HIT,0.083
1101,TRUMP_USDT,LONG,EMACrossover(5/13-LONG),2,0.2,2.612,2.614,2.614,2.607,2026-08-28 20:26:59 UTC,2026-08-28 20:28:08 UTC,68.82,0.5224,0.007,0.0,0.0004,0.04,5.74,MIN_PROFIT_TP_HIT,0.0834
1102,TRUMP_USDT,SHORT,EMACrossover(5/13-SHORT),2,0.2,2.606,2.604,2.604,2.611,2026-08-28 20:32:59 UTC,2026-08-28 20:36:02 UTC,182.04,0.5212,0.0069,0.0,0.0004,0.04,5.76,MIN_PROFIT_TP_HIT,0.0838
1103,TRUMP_USDT,LONG,EMACrossover(5/13-LONG),2,0.2,2.618,2.62,2.62,2.613,2026-08-28 20:39:59 UTC,2026-08-28 20:40:30 UTC,30.29,0.5236,0.007,0.0,0.0004,0.04,5.73,MIN_PROFIT_TP_HIT,0.0842
1104,TRUMP_USDT,SHORT,EMACrossover(5/13-SHORT),2,0.2,2.618,2.623,2.616,2.623,2026-08-28 20:56:59 UTC,2026-08-28 20:57:38 UTC,38.11,0.5236,0.007,0.0,-0.001,-0.09,-14.32,STOP_LOSS_HIT,0.0832
1105,TRUMP_USDT,LONG,EMACrossover(5/13-LONG),2,0.2,2.624,2.619,2.626,2.619,2026-08-28 21:00:59 UTC,2026-08-28 21:01:30 UTC,30.51,0.5248,0.007,0.0,-0.001,-0.09,-14.29,STOP_LOSS_HIT,0.0822
1106,TRUMP_USDT,SHORT,EMACrossover(5/13-SHORT),2,0.2,2.618,2.616,2.616,2.623,2026-08-28 21:03:59 UTC,2026-08-28 21:04:18 UTC,18.51,0.5236,0.007,0.0,0.0004,0.04,5.73,MIN_PROFIT_TP_HIT,0.0826
1107,TRUMP_USDT,LONG,EMACrossover(5/13-LONG),2,0.2,2.628,2.63,2.63,2.623,2026-08-28 21:07:59 UTC,2026-08-28 21:08:20 UTC,20.81,0.5256,0.007,0.0,0.0004,0.04,5.71,MIN_PROFIT_TP_HIT,0.083
1108,TRUMP_USDT,SHORT,EMACrossover(5/13-SHORT),2,0.2,2.613,2.611,2.611,2.618,2026-08-28 21:18:59 UTC,2026-08-28 21:19:06 UTC,6.23,0.5226,0.007,0.0,0.0004,0.04,5.74,MIN_PROFIT_TP_HIT,0.0834
1109,TRUMP_USDT,LONG,EMACrossover(5/13-LONG),2,0.2,2.635,2.637,2.637,2.63,2026-08-28 21:26:59 UTC,2026-08-28 21:27:22 UTC,22.02,0.527,0.007,0.0,0.0004,0.04,5.69,MIN_PROFIT_TP_HIT,0.0838
1110,TRUMP_USDT,SHORT,EMACrossover(5/13-SHORT),2,0.2,2.631,2.629,2.629,2.636,2026-08-28 21:40:59 UTC,2026-08-28 21:41:00 UTC,0.49,0.5262,0.007,0.0,0.0004,0.04,5.7,MIN_PROFIT_TP_HIT,0.0842
1111,TRUMP_USDT,LONG,EMACrossover(5/13-LONG),2,0.2,2.63,2.625,2.632,2.625,2026-08-28 22:01:59 UTC,2026-08-28 22:02:17 UTC,17.67,0.526,0.007,0.0,-0.001,-0.09,-14.26,STOP_LOSS_HIT,0.0832
1112,TRUMP_USDT,SHORT,EMACrossover(5/13-SHORT),2,0.2,2.677,2.675,2.675,2.682,2026-08-28 22:56:59 UTC,2026-08-28 22:57:28 UTC,28.2,0.5354,0.0071,0.0,0.0004,0.04,5.6,MIN_PROFIT_TP_HIT,0.0836
1113,TRUMP_USDT,LONG,EMACrossover(5/13-LONG),2,0.2,2.68,2.682,2.682,2.675,2026-08-28 23:23:59 UTC,2026-08-28 23:24:01 UTC,1.19,0.536,0.0071,0.0,0.0004,0.04,5.6,MIN_PROFIT_TP_HIT,0.084
1114,TRUMP_USDT,SHORT,EMACrossover(5/13-SHORT),2,0.2,2.79,2.788,2.788,2.795,2026-08-29 00:25:59 UTC,2026-08-29 00:26:02 UTC,2.48,0.558,0.0074,0.0,0.0004,0.04,5.38,MIN_PROFIT_TP_HIT,0.0844
1115,TRUMP_USDT,SHORT,EMACrossover(5/13-SHORT),2,0.2,2.782,2.787,2.78,2.787,2026-08-29 00:29:59 UTC,2026-08-29 00:30:05 UTC,5.02,0.5564,0.0074,0.0,-0.001,-0.09,-13.48,STOP_LOSS_HIT,0.0834
1116,TRUMP_USDT,LONG,EMACrossover(5/13-LONG),2,0.2,2.778,2.78,2.78,2.773,2026-08-29 00:43:59 UTC,2026-08-29 00:44:00 UTC,0.4,0.5556,0.0074,0.0,0.0004,0.04,5.4,MIN_PROFIT_TP_HIT,0.0838
1117,TRUMP_USDT,SHORT,EMACrossover(5/13-SHORT),2,0.2,2.764,2.769,2.762,2.769,2026-08-29 00:48:59 UTC,2026-08-29 00:49:15 UTC,15.39,0.5528,0.0074,0.0,-0.001,-0.09,-13.57,STOP_LOSS_HIT,0.0828
1118,TRUMP_USDT,LONG,EMACrossover(5/13-LONG),2,0.2,2.792,2.794,2.794,2.787,2026-08-29 00:52:59 UTC,2026-08-29 00:53:01 UTC,1.99,0.5584,0.0074,0.0,0.0004,0.04,5.37,MIN_PROFIT_TP_HIT,0.0832
1119,TRUMP_USDT,SHORT,EMACrossover(5/13-SHORT),2,0.2,2.778,2.776,2.776,2.783,2026-08-29 00:59:59 UTC,2026-08-29 01:00:00 UTC,0.46,0.5556,0.0074,0.0,0.0004,0.04,5.4,MIN_PROFIT_TP_HIT,0.0836
1120,TRUMP_USDT,LONG,EMACrossover(5/13-LONG),2,0.2,2.775,2.777,2.777,2.77,2026-08-29 01:10:59 UTC,2026-08-29 01:11:10 UTC,10.01,0.555,0.0074,0.0,0.0004,0.04,5.41,MIN_PROFIT_TP_HIT,0.084
1121,TRUMP_USDT,SHORT,EMACrossover(5/13-SHORT),2,0.2,2.772,2.77,2.77,2.777,2026-08-29 01:13:59 UTC,2026-08-29 01:14:21 UTC,21.52,0.5544,0.0074,0.0,0.0004,0.04,5.41,MIN_PROFIT_TP_HIT,0.0844
1122,TRUMP_USDT,LONG,EMACrossover(5/13-LONG),2,0.2,2.786,2.788,2.788,2.781,2026-08-29 01:25:59 UTC,2026-08-29 01:26:18 UTC,18.59,0.5572,0.0074,0.0,0.0004,0.04,5.38,MIN_PROFIT_TP_HIT,0.0848
1123,TRUMP_USDT,SHORT,EMACrossover(5/13-SHORT),2,0.2,2.749,2.747,2.747,2.754,2026-08-29 01:34:59 UTC,2026-08-29 01:35:00 UTC,0.96,0.5498,0.0073,0.0,0.0004,0.04,5.46,MIN_PROFIT_TP_HIT,0.0852
1124,TRUMP_USDT,LONG,EMACrossover(5/13-LONG),2,0.2,2.734,2.736,2.736,2.729,2026-08-29 01:57:59 UTC,2026-08-29 01:58:01 UTC,1.72,0.5468,0.0073,0.0,0.0004,0.04,5.49,MIN_PROFIT_TP_HIT,0.0856
1125,TRUMP_USDT,SHORT,EMACrossover(5/13-SHORT),2,0.2,2.745,2.743,2.743,2.75,2026-08-29 02:21:59 UTC,2026-08-29 02:22:00 UTC,0.62,0.549,0.0073,0.0,0.0004,0.04,5.46,MIN_PROFIT_TP_HIT,0.086
1126,TRUMP_USDT,LONG,EMACrossover(5/13-LONG),2,0.2,2.76,2.762,2.762,2.755,2026-08-29 02:29:59 UTC,2026-08-29 02:30:33 UTC,33.45,0.552,0.0074,0.0,0.0004,0.04,5.43,MIN_PROFIT_TP_HIT,0.0864
1127,TRUMP_USDT,SHORT,EMACrossover(5/13-SHORT),2,0.2,2.824,2.822,2.822,2.829,2026-08-29 03:11:59 UTC,2026-08-29 03:12:05 UTC,5.7,0.5648,0.0075,0.0,0.0004,0.04,5.31,MIN_PROFIT_TP_HIT,0.0868
1128,TRUMP_USDT,LONG,EMACrossover(5/13-LONG),2,0.2,2.846,2.848,2.848,2.841,2026-08-29 03:16:59 UTC,2026-08-29 03:17:01 UTC,1.78,0.5692,0.0076,0.0,0.0004,0.04,5.27,MIN_PROFIT_TP_HIT,0.0872
1129,TRUMP_USDT,SHORT,EMACrossover(5/13-SHORT),2,0.2,2.866,2.871,2.864,2.871,2026-08-29 03:51:59 UTC,2026-08-29 03:52:06 UTC,6.04,0.5732,0.0076,0.0,-0.001,-0.09,-13.08,STOP_LOSS_HIT,0.0862
1130,TRUMP_USDT,LONG,EMACrossover(5/13-LONG),2,0.2,2.94,2.935,2.942,2.935,2026-08-29 04:11:59 UTC,2026-08-29 04:12:00 UTC,0.1,0.588,0.0078,0.0,-0.001,-0.09,-12.76,STOP_LOSS_HIT,0.0852
1131,TRUMP_USDT,SHORT,EMACrossover(5/13-SHORT),2,0.2,2.998,3.003,2.996,3.003,2026-08-29 04:57:59 UTC,2026-08-29 04:58:00 UTC,0.58,0.5996,0.008,0.0,-0.001,-0.09,-12.51,STOP_LOSS_HIT,0.0842
1132,TRUMP_USDT,LONG,EMACrossover(5/13-LONG),2,0.2,3.023,3.025,3.025,3.018,2026-08-29 05:09:59 UTC,2026-08-29 05:10:00 UTC,0.46,0.6046,0.0081,0.0,0.0004,0.04,4.96,MIN_PROFIT_TP_HIT,0.0846
1133,TRUMP_USDT,SHORT,EMACrossover(5/13-SHORT),2,0.2,3.015,3.013,3.013,3.02,2026-08-29 05:27:59 UTC,2026-08-29 05:28:01 UTC,1.33,0.603,0.008,0.0,0.0004,0.04,4.98,MIN_PROFIT_TP_HIT,0.085
1134,TRUMP_USDT,LONG,EMACrossover(5/13-LONG),2,0.2,3.02,3.022,3.022,3.015,2026-08-29 05:44:59 UTC,2026-08-29 05:45:00 UTC,0.19,0.604,0.0081,0.0,0.0004,0.04,4.97,MIN_PROFIT_TP_HIT,0.0854
1135,TRUMP_USDT,SHORT,EMACrossover(5/13-SHORT),2,0.2,3.014,3.012,3.012,3.019,2026-08-29 05:49:59 UTC,2026-08-29 05:50:01 UTC,1.47,0.6028,0.008,0.0,0.0004,0.04,4.98,MIN_PROFIT_TP_HIT,0.0858
1136,TRUMP_USDT,LONG,EMACrossover(5/13-LONG),2,0.2,2.72,2.722,2.722,2.715,2026-08-29 06:37:59 UTC,2026-08-29 06:38:00 UTC,0.77,0.544,0.0073,0.0,0.0004,0.04,5.51,MIN_PROFIT_TP_HIT,0.0862
1137,TRUMP_USDT,SHORT,EMACrossover(5/13-SHORT),2,0.2,2.719,2.717,2.717,2.724,2026-08-29 06:40:59 UTC,2026-08-29 06:41:02 UTC,2.85,0.5438,0.0073,0.0,0.0004,0.04,5.52,MIN_PROFIT_TP_HIT,0.0866
1138,TRUMP_USDT,LONG,EMACrossover(5/13-LONG),2,0.2,2.727,2.722,2.729,2.722,2026-08-29 06:42:59 UTC,2026-08-29 06:43:01 UTC,1.21,0.5454,0.0073,0.0,-0.001,-0.09,-13.75,STOP_LOSS_HIT,0.0856
1139,TRUMP_USDT,SHORT,EMACrossover(5/13-SHORT),2,0.2,2.741,2.746,2.739,2.746,2026-08-29 07:26:59 UTC,2026-08-29 07:27:00 UTC,0.38,0.5482,0.0073,0.0,-0.001,-0.09,-13.68,STOP_LOSS_HIT,0.0846
1140,TRUMP_USDT,LONG,EMACrossover(5/13-LONG),2,0.2,2.764,2.766,2.766,2.759,2026-08-29 07:39:59 UTC,2026-08-29 07:40:00 UTC,0.62,0.5528,0.0074,0.0,0.0004,0.04,5.43,MIN_PROFIT_TP_HIT,0.085
1141,TRUMP_USDT,SHORT,EMACrossover(5/13-SHORT),2,0.2,2.757,2.755,2.755,2.762,2026-08-29 07:44:59 UTC,2026-08-29 07:45:19 UTC,19.78,0.5514,0.0074,0.0,0.0004,0.04,5.44,MIN_PROFIT_TP_HIT,0.0854
1142,TRUMP_USDT,LONG,EMACrossover(5/13-LONG),2,0.2,2.766,2.768,2.768,2.761,2026-08-29 07:47:59 UTC,2026-08-29 07:48:02 UTC,2.82,0.5532,0.0074,0.0,0.0004,0.04,5.42,MIN_PROFIT_TP_HIT,0.0858
1143,TRUMP_USDT,SHORT,EMACrossover(5/13-SHORT),2,0.2,2.749,2.747,2.747,2.754,2026-08-29 07:52:59 UTC,2026-08-29 07:53:01 UTC,1.08,0.5498,0.0073,0.0,0.0004,0.04,5.46,MIN_PROFIT_TP_HIT,0.0862
1144,TRUMP_USDT,LONG,EMACrossover(5/13-LONG),2,0.2,2.743,2.745,2.745,2.738,2026-08-29 08:27:59 UTC,2026-08-29 08:28:17 UTC,17.15,0.5486,0.0073,0.0,0.0004,0.04,5.47,MIN_PROFIT_TP_HIT,0.0866
1145,TRUMP_USDT,SHORT,EMACrossover(5/13-SHORT),2,0.2,2.733,2.731,2.731,2.738,2026-08-29 08:36:59 UTC,2026-08-29 08:37:04 UTC,4.36,0.5466,0.0073,0.0,0.0004,0.04,5.49,MIN_PROFIT_TP_HIT,0.087
1146,TRUMP_USDT,LONG,EMACrossover(5/13-LONG),2,0.2,2.741,2.736,2.743,2.736,2026-08-29 08:48:59 UTC,2026-08-29 08:49:07 UTC,7.59,0.5482,0.0073,0.0,-0.001,-0.09,-13.68,STOP_LOSS_HIT,0.086
1147,TRUMP_USDT,SHORT,EMACrossover(5/13-SHORT),2,0.2,2.742,2.74,2.74,2.747,2026-08-29 09:08:59 UTC,2026-08-29 09:09:01 UTC,1.18,0.5484,0.0073,0.0,0.0004,0.04,5.47,MIN_PROFIT_TP_HIT,0.0864
1148,TRUMP_USDT,LONG,EMACrossover(5/13-LONG),2,0.2,2.751,2.753,2.753,2.746,2026-08-29 09:14:59 UTC,2026-08-29 09:15:07 UTC,7.21,0.5502,0.0073,0.0,0.0004,0.04,5.45,MIN_PROFIT_TP_HIT,0.0868
1149,TRUMP_USDT,SHORT,EMACrossover(5/13-SHORT),2,0.2,2.744,2.742,2.742,2.749,2026-08-29 09:22:59 UTC,2026-08-29 09:23:05 UTC,5.33,0.5488,0.0073,0.0,0.0004,0.04,5.47,MIN_PROFIT_TP_HIT,0.0872
1150,TRUMP_USDT,LONG,EMACrossover(5/13-LONG),2,0.2,2.749,2.751,2.751,2.744,2026-08-29 09:36:59 UTC,2026-08-29 09:37:18 UTC,18.13,0.5498,0.0073,0.0,0.0004,0.04,5.46,MIN_PROFIT_TP_HIT,0.0876
1151,TRUMP_USDT,SHORT,EMACrossover(5/13-SHORT),2,0.2,2.754,2.752,2.752,2.759,2026-08-29 09:55:59 UTC,2026-08-29 09:56:10 UTC,10.12,0.5508,0.0073,0.0,0.0004,0.04,5.45,MIN_PROFIT_TP_HIT,0.088
1152,TRUMP_USDT,SHORT,EMACrossover(5/13-SHORT),2,0.2,2.748,2.746,2.746,2.753,2026-08-29 09:57:59 UTC,2026-08-29 10:00:01 UTC,121.25,0.5496,0.0073,0.0,0.0004,0.04,5.46,MIN_PROFIT_TP_HIT,0.0884
1153,TRUMP_USDT,LONG,EMACrossover(5/13-LONG),2,0.2,2.746,2.748,2.748,2.741,2026-08-29 10:16:59 UTC,2026-08-29 10:17:11 UTC,11.42,0.5492,0.0073,0.0,0.0004,0.04,5.46,MIN_PROFIT_TP_HIT,0.0888
1154,TRUMP_USDT,SHORT,EMACrossover(5/13-SHORT),2,0.2,2.747,2.745,2.745,2.752,2026-08-29 10:31:59 UTC,2026-08-29 10:32:26 UTC,26.75,0.5494,0.0073,0.0,0.0004,0.04,5.46,MIN_PROFIT_TP_HIT,0.0892
1155,TRUMP_USDT,LONG,EMACrossover(5/13-LONG),2,0.2,2.747,2.749,2.749,2.742,2026-08-29 10:47:59 UTC,2026-08-29 10:48:12 UTC,12.25,0.5494,0.0073,0.0,0.0004,0.04,5.46,MIN_PROFIT_TP_HIT,0.0896
1156,TRUMP_USDT,SHORT,EMACrossover(5/13-SHORT),2,0.2,2.751,2.749,2.749,2.756,2026-08-29 10:53:59 UTC,2026-08-29 10:54:22 UTC,22.99,0.5502,0.0073,0.0,0.0004,0.04,5.45,MIN_PROFIT_TP_HIT,0.09
1157,TRUMP_USDT,SHORT,EMACrossover(5/13-SHORT),2,0.2,2.744,2.742,2.742,2.749,2026-08-29 10:59:59 UTC,2026-08-29 11:00:04 UTC,4.94,0.5488,0.0073,0.0,0.0004,0.04,5.47,MIN_PROFIT_TP_HIT,0.0904
1158,TRUMP_USDT,LONG,EMACrossover(5/13-LONG),2,0.2,2.747,2.749,2.749,2.742,2026-08-29 11:13:59 UTC,2026-08-29 11:14:42 UTC,42.4,0.5494,0.0073,0.0,0.0004,0.04,5.46,MIN_PROFIT_TP_HIT,0.0908
1159,TRUMP_USDT,SHORT,EMACrossover(5/13-SHORT),2,0.2,2.74,2.738,2.738,2.745,2026-08-29 11:17:59 UTC,2026-08-29 11:18:04 UTC,4.65,0.548,0.0073,0.0,0.0004,0.04,5.47,MIN_PROFIT_TP_HIT,0.0912
1160,TRUMP_USDT,LONG,EMACrossover(5/13-LONG),2,0.2,2.736,2.738,2.738,2.731,2026-08-29 11:34:59 UTC,2026-08-29 11:36:06 UTC,66.97,0.5472,0.0073,0.0,0.0004,0.04,5.48,MIN_PROFIT_TP_HIT,0.0916
1161,TRUMP_USDT,SHORT,EMACrossover(5/13-SHORT),2,0.2,2.731,2.729,2.729,2.736,2026-08-29 11:38:59 UTC,2026-08-29 11:39:18 UTC,18.01,0.5462,0.0073,0.0,0.0004,0.04,5.49,MIN_PROFIT_TP_HIT,0.092
1162,TRUMP_USDT,LONG,EMACrossover(5/13-LONG),2,0.2,2.733,2.735,2.735,2.728,2026-08-29 11:49:59 UTC,2026-08-29 11:50:17 UTC,17.45,0.5466,0.0073,0.0,0.0004,0.04,5.49,MIN_PROFIT_TP_HIT,0.0924
1163,TRUMP_USDT,SHORT,EMACrossover(5/13-SHORT),2,0.2,2.73,2.728,2.728,2.735,2026-08-29 11:59:59 UTC,2026-08-29 12:01:49 UTC,109.93,0.546,0.0073,0.0,0.0004,0.04,5.49,MIN_PROFIT_TP_HIT,0.0928
1164,TRUMP_USDT,LONG,EMACrossover(5/13-LONG),2,0.2,2.729,2.731,2.731,2.724,2026-08-29 12:15:59 UTC,2026-08-29 12:16:00 UTC,0.62,0.5458,0.0073,0.0,0.0004,0.04,5.5,MIN_PROFIT_TP_HIT,0.0932
1165,TRUMP_USDT,SHORT,EMACrossover(5/13-SHORT),2,0.2,2.717,2.715,2.715,2.722,2026-08-29 12:24:59 UTC,2026-08-29 12:25:03 UTC,3.74,0.5434,0.0072,0.0,0.0004,0.04,5.52,MIN_PROFIT_TP_HIT,0.0936
1166,TRUMP_USDT,LONG,EMACrossover(5/13-LONG),2,0.2,2.688,2.683,2.69,2.683,2026-08-29 13:03:59 UTC,2026-08-29 13:04:08 UTC,8.27,0.5376,0.0072,0.0,-0.001,-0.09,-13.95,STOP_LOSS_HIT,0.0926
1167,TRUMP_USDT,SHORT,EMACrossover(5/13-SHORT),2,0.2,2.683,2.681,2.681,2.688,2026-08-29 13:06:59 UTC,2026-08-29 13:09:45 UTC,165.49,0.5366,0.0072,0.0,0.0004,0.04,5.59,MIN_PROFIT_TP_HIT,0.093
1168,TRUMP_USDT,LONG,EMACrossover(5/13-LONG),2,0.2,2.71,2.705,2.712,2.705,2026-08-29 13:16:59 UTC,2026-08-29 13:17:03 UTC,3.16,0.542,0.0072,0.0,-0.001,-0.09,-13.84,STOP_LOSS_HIT,0.092
1169,TRUMP_USDT,SHORT,EMACrossover(5/13-SHORT),2,0.2,2.694,2.692,2.692,2.699,2026-08-29 13:36:59 UTC,2026-08-29 13:37:05 UTC,5.01,0.5388,0.0072,0.0,0.0004,0.04,5.57,MIN_PROFIT_TP_HIT,0.0924
1170,TRUMP_USDT,LONG,EMACrossover(5/13-LONG),2,0.2,2.692,2.694,2.694,2.687,2026-08-29 13:50:59 UTC,2026-08-29 13:51:25 UTC,25.31,0.5384,0.0072,0.0,0.0004,0.04,5.57,MIN_PROFIT_TP_HIT,0.0928
1171,TRUMP_USDT,SHORT,EMACrossover(5/13-SHORT),2,0.2,2.688,2.686,2.686,2.693,2026-08-29 13:55:59 UTC,2026-08-29 13:56:09 UTC,9.71,0.5376,0.0072,0.0,0.0004,0.04,5.58,MIN_PROFIT_TP_HIT,0.0932
1172,TRUMP_USDT,LONG,EMACrossover(5/13-LONG),2,0.2,2.694,2.689,2.696,2.689,2026-08-29 13:58:59 UTC,2026-08-29 13:59:22 UTC,22.08,0.5388,0.0072,0.0,-0.001,-0.09,-13.92,STOP_LOSS_HIT,0.0922
1173,TRUMP_USDT,SHORT,EMACrossover(5/13-SHORT),2,0.2,2.696,2.694,2.694,2.701,2026-08-29 14:01:59 UTC,2026-08-29 14:02:01 UTC,1.49,0.5392,0.0072,0.0,0.0004,0.04,5.56,MIN_PROFIT_TP_HIT,0.0926
1174,TRUMP_USDT,SHORT,EMACrossover(5/13-SHORT),2,0.2,2.69,2.688,2.688,2.695,2026-08-29 14:05:59 UTC,2026-08-29 14:06:16 UTC,16.85,0.538,0.0072,0.0,0.0004,0.04,5.58,MIN_PROFIT_TP_HIT,0.093
1175,TRUMP_USDT,LONG,EMACrossover(5/13-LONG),2,0.2,2.688,2.69,2.69,2.683,2026-08-29 14:10:59 UTC,2026-08-29 14:11:35 UTC,35.86,0.5376,0.0072,0.0,0.0004,0.04,5.58,MIN_PROFIT_TP_HIT,0.0934
1176,TRUMP_USDT,LONG,EMACrossover(5/13-LONG),2,0.2,2.691,2.693,2.693,2.686,2026-08-29 14:12:59 UTC,2026-08-29 14:13:10 UTC,10.02,0.5382,0.0072,0.0,0.0004,0.04,5.57,MIN_PROFIT_TP_HIT,0.0938
1177,TRUMP_USDT,SHORT,EMACrossover(5/13-SHORT),2,0.2,2.692,2.69,2.69,2.697,2026-08-29 14:15:59 UTC,2026-08-29 14:16:06 UTC,6.31,0.5384,0.0072,0.0,0.0004,0.04,5.57,MIN_PROFIT_TP_HIT,0.0942
1178,TRUMP_USDT,SHORT,EMACrossover(5/13-SHORT),2,0.2,2.683,2.681,2.681,2.688,2026-08-29 14:17:59 UTC,2026-08-29 14:18:33 UTC,33.86,0.5366,0.0072,0.0,0.0004,0.04,5.59,MIN_PROFIT_TP_HIT,0.0946
1179,TRUMP_USDT,LONG,EMACrossover(5/13-LONG),2,0.2,2.703,2.698,2.705,2.698,2026-08-29 14:26:59 UTC,2026-08-29 14:27:11 UTC,11.48,0.5406,0.0072,0.0,-0.001,-0.09,-13.87,STOP_LOSS_HIT,0.0936
1180,TRUMP_USDT,SHORT,EMACrossover(5/13-SHORT),2,0.2,2.692,2.69,2.69,2.697,2026-08-29 14:35:59 UTC,2026-08-29 14:36:12 UTC,12.83,0.5384,0.0072,0.0,0.0004,0.04,5.57,MIN_PROFIT_TP_HIT,0.094
1181,TRUMP_USDT,LONG,EMACrossover(5/13-LONG),2,0.2,2.695,2.697,2.697,2.69,2026-08-29 14:39:59 UTC,2026-08-29 14:41:01 UTC,61.21,0.539,0.0072,0.0,0.0004,0.04,5.57,MIN_PROFIT_TP_HIT,0.0944
1182,TRUMP_USDT,SHORT,EMACrossover(5/13-SHORT),2,0.2,2.715,2.713,2.713,2.72,2026-08-29 15:02:59 UTC,2026-08-29 15:03:02 UTC,2.62,0.543,0.0072,0.0,0.0004,0.04,5.52,MIN_PROFIT_TP_HIT,0.0948
1183,TRUMP_USDT,LONG,EMACrossover(5/13-LONG),2,0.2,2.69,2.692,2.692,2.685,2026-08-29 15:25:59 UTC,2026-08-29 15:26:03 UTC,3.25,0.538,0.0072,0.0,0.0004,0.04,5.58,MIN_PROFIT_TP_HIT,0.0952
1184,TRUMP_USDT,LONG,EMACrossover(5/13-LONG),2,0.2,2.667,2.669,2.669,2.662,2026-08-29 15:48:59 UTC,2026-08-29 15:49:06 UTC,6.84,0.5334,0.0071,0.0,0.0004,0.04,5.62,MIN_PROFIT_TP_HIT,0.0956
1185,TRUMP_USDT,SHORT,EMACrossover(5/13-SHORT),2,0.2,2.657,2.655,2.655,2.662,2026-08-29 15:53:59 UTC,2026-08-29 15:54:34 UTC,34.4,0.5314,0.0071,0.0,0.0004,0.04,5.65,MIN_PROFIT_TP_HIT,0.096
1186,TRUMP_USDT,LONG,EMACrossover(5/13-LONG),2,0.2,2.659,2.661,2.661,2.654,2026-08-29 16:00:59 UTC,2026-08-29 16:02:18 UTC,78.81,0.5318,0.0071,0.0,0.0004,0.04,5.64,MIN_PROFIT_TP_HIT,0.0964
1187,TRUMP_USDT,SHORT,EMACrossover(5/13-SHORT),2,0.2,2.657,2.655,2.655,2.662,2026-08-29 16:22:59 UTC,2026-08-29 16:23:27 UTC,27.31,0.5314,0.0071,0.0,0.0004,0.04,5.65,MIN_PROFIT_TP_HIT,0.0968
1188,TRUMP_USDT,LONG,EMACrossover(5/13-LONG),2,0.2,2.652,2.654,2.654,2.647,2026-08-29 16:50:59 UTC,2026-08-29 16:51:16 UTC,16.36,0.5304,0.0071,0.0,0.0004,0.04,5.66,MIN_PROFIT_TP_HIT,0.0972
1189,TRUMP_USDT,SHORT,EMACrossover(5/13-SHORT),2,0.2,2.658,2.656,2.656,2.663,2026-08-29 17:09:59 UTC,2026-08-29 17:10:07 UTC,7.71,0.5316,0.0071,0.0,0.0004,0.04,5.64,MIN_PROFIT_TP_HIT,0.0976
1190,TRUMP_USDT,SHORT,EMACrossover(5/13-SHORT),2,0.2,2.652,2.657,2.65,2.657,2026-08-29 17:13:59 UTC,2026-08-29 17:15:00 UTC,60.36,0.5304,0.0071,0.0,-0.001,-0.09,-14.14,STOP_LOSS_HIT,0.0966
1191,TRUMP_USDT,LONG,EMACrossover(5/13-LONG),2,0.2,2.66,2.662,2.662,2.655,2026-08-29 17:18:59 UTC,2026-08-29 17:19:19 UTC,19.67,0.532,0.0071,0.0,0.0004,0.04,5.64,MIN_PROFIT_TP_HIT,0.097
1192,TRUMP_USDT,SHORT,EMACrossover(5/13-SHORT),2,0.2,2.651,2.649,2.649,2.656,2026-08-29 17:22:59 UTC,2026-08-29 17:23:00 UTC,0.56,0.5302,0.0071,0.0,0.0004,0.04,5.66,MIN_PROFIT_TP_HIT,0.0974
1193,TRUMP_USDT,LONG,EMACrossover(5/13-LONG),2,0.2,2.653,2.648,2.655,2.648,2026-08-29 17:40:59 UTC,2026-08-29 17:41:06 UTC,6.09,0.5306,0.0071,0.0,-0.001,-0.09,-14.13,STOP_LOSS_HIT,0.0964
1194,TRUMP_USDT,SHORT,EMACrossover(5/13-SHORT),2,0.2,2.646,2.651,2.644,2.651,2026-08-29 17:56:59 UTC,2026-08-29 17:57:16 UTC,16.42,0.5292,0.0071,0.0,-0.001,-0.09,-14.17,STOP_LOSS_HIT,0.0954
1195,TRUMP_USDT,LONG,EMACrossover(5/13-LONG),2,0.2,2.642,2.637,2.644,2.637,2026-08-29 18:15:59 UTC,2026-08-29 18:16:34 UTC,34.98,0.5284,0.007,0.0,-0.001,-0.09,-14.19,STOP_LOSS_HIT,0.0944
1196,TRUMP_USDT,SHORT,EMACrossover(5/13-SHORT),2,0.2,2.671,2.669,2.669,2.676,2026-08-29 18:56:59 UTC,2026-08-29 18:57:08 UTC,8.29,0.5342,0.0071,0.0,0.0004,0.04,5.62,MIN_PROFIT_TP_HIT,0.0948
1197,TRUMP_USDT,LONG,EMACrossover(5/13-LONG),2,0.2,2.677,2.679,2.679,2.672,2026-08-29 19:02:59 UTC,2026-08-29 19:03:04 UTC,5.0,0.5354,0.0071,0.0,0.0004,0.04,5.6,MIN_PROFIT_TP_HIT,0.0952
1198,TRUMP_USDT,SHORT,EMACrossover(5/13-SHORT),2,0.2,2.677,2.675,2.675,2.682,2026-08-29 19:22:59 UTC,2026-08-29 19:23:07 UTC,7.89,0.5354,0.0071,0.0,0.0004,0.04,5.6,MIN_PROFIT_TP_HIT,0.0956
1199,TRUMP_USDT,LONG,EMACrossover(5/13-LONG),2,0.2,2.681,2.683,2.683,2.676,2026-08-29 19:29:59 UTC,2026-08-29 19:30:07 UTC,7.84,0.5362,0.0071,0.0,0.0004,0.04,5.59,MIN_PROFIT_TP_HIT,0.096
1200,TRUMP_USDT,SHORT,EMACrossover(5/13-SHORT),2,0.2,2.681,2.679,2.679,2.686,2026-08-29 19:34:59 UTC,2026-08-29 19:35:50 UTC,50.83,0.5362,0.0071,0.0,0.0004,0.04,5.59,MIN_PROFIT_TP_HIT,0.0964
1201,TRUMP_USDT,SHORT,EMACrossover(5/13-SHORT),2,0.2,2.671,2.669,2.669,2.676,2026-08-29 19:37:59 UTC,2026-08-29 19:39:22 UTC,82.15,0.5342,0.0071,0.0,0.0004,0.04,5.62,MIN_PROFIT_TP_HIT,0.0968
1202,TRUMP_USDT,LONG,EMACrossover(5/13-LONG),2,0.2,2.671,2.666,2.673,2.666,2026-08-29 19:53:59 UTC,2026-08-29 19:55:05 UTC,65.55,0.5342,0.0071,0.0,-0.001,-0.09,-14.04,STOP_LOSS_HIT,0.0958
1203,TRUMP_USDT,LONG,EMACrossover(5/13-LONG),2,0.2,2.679,2.681,2.681,2.674,2026-08-29 20:04:59 UTC,2026-08-29 20:05:13 UTC,13.52,0.5358,0.0071,0.0,0.0004,0.04,5.6,MIN_PROFIT_TP_HIT,0.0962
1204,TRUMP_USDT,SHORT,EMACrossover(5/13-SHORT),2,0.2,2.683,2.681,2.681,2.688,2026-08-29 20:25:59 UTC,2026-08-29 20:26:24 UTC,24.74,0.5366,0.0072,0.0,0.0004,0.04,5.59,MIN_PROFIT_TP_HIT,0.0966
1205,TRUMP_USDT,LONG,EMACrossover(5/13-LONG),2,0.2,2.683,2.678,2.685,2.678,2026-08-29 20:36:59 UTC,2026-08-29 20:37:49 UTC,49.95,0.5366,0.0072,0.0,-0.001,-0.09,-13.98,STOP_LOSS_HIT,0.0956
1206,TRUMP_USDT,SHORT,EMACrossover(5/13-SHORT),2,0.2,2.678,2.683,2.676,2.683,2026-08-29 20:38:59 UTC,2026-08-29 20:41:09 UTC,129.54,0.5356,0.0071,0.0,-0.001,-0.09,-14.0,STOP_LOSS_HIT,0.0946
1207,TRUMP_USDT,LONG,EMACrossover(5/13-LONG),2,0.2,2.683,2.685,2.685,2.678,2026-08-29 20:43:59 UTC,2026-08-29 20:44:02 UTC,2.01,0.5366,0.0072,0.0,0.0004,0.04,5.59,MIN_PROFIT_TP_HIT,0.095
1208,TRUMP_USDT,SHORT,EMACrossover(5/13-SHORT),2,0.2,2.685,2.683,2.683,2.69,2026-08-29 20:49:59 UTC,2026-08-29 20:50:05 UTC,5.34,0.537,0.0072,0.0,0.0004,0.04,5.59,MIN_PROFIT_TP_HIT,0.0954
1209,TRUMP_USDT,SHORT,EMACrossover(5/13-SHORT),2,0.2,2.679,2.677,2.677,2.684,2026-08-29 20:59:59 UTC,2026-08-29 21:01:18 UTC,78.45,0.5358,0.0071,0.0,0.0004,0.04,5.6,MIN_PROFIT_TP_HIT,0.0958
1210,TRUMP_USDT,LONG,EMACrossover(5/13-LONG),2,0.2,2.679,2.681,2.681,2.674,2026-08-29 21:14:59 UTC,2026-08-29 21:15:09 UTC,9.72,0.5358,0.0071,0.0,0.0004,0.04,5.6,MIN_PROFIT_TP_HIT,0.0962
1211,TRUMP_USDT,SHORT,EMACrossover(5/13-SHORT),2,0.2,2.674,2.672,2.672,2.679,2026-08-29 21:22:59 UTC,2026-08-29 21:24:49 UTC,110.0,0.5348,0.0071,0.0,0.0004,0.04,5.61,MIN_PROFIT_TP_HIT,0.0966
1212,TRUMP_USDT,LONG,EMACrossover(5/13-LONG),2,0.2,2.659,2.654,2.661,2.654,2026-08-29 22:23:59 UTC,2026-08-29 22:24:07 UTC,7.89,0.5318,0.0071,0.0,-0.001,-0.09,-14.1,STOP_LOSS_HIT,0.0956
1213,TRUMP_USDT,SHORT,EMACrossover(5/13-SHORT),2,0.2,2.669,2.674,2.667,2.674,2026-08-29 23:13:59 UTC,2026-08-29 23:17:59 UTC,239.25,0.5338,0.0071,0.0,-0.001,-0.09,-14.05,STOP_LOSS_HIT,0.0946
1214,TRUMP_USDT,LONG,EMACrossover(5/13-LONG),2,0.2,2.673,2.675,2.675,2.668,2026-08-29 23:30:59 UTC,2026-08-29 23:33:15 UTC,135.18,0.5346,0.0071,0.0,0.0004,0.04,5.61,MIN_PROFIT_TP_HIT,0.095
1215,TRUMP_USDT,SHORT,EMACrossover(5/13-SHORT),2,0.2,2.676,2.674,2.674,2.681,2026-08-29 23:58:59 UTC,2026-08-29 23:59:12 UTC,12.07,0.5352,0.0071,0.0,0.0004,0.04,5.61,MIN_PROFIT_TP_HIT,0.0954
1216,TRUMP_USDT,LONG,EMACrossover(5/13-LONG),2,0.2,2.661,2.663,2.663,2.656,2026-08-30 00:15:59 UTC,2026-08-30 00:16:03 UTC,3.48,0.5322,0.0071,0.0,0.0004,0.04,5.64,MIN_PROFIT_TP_HIT,0.0958
1217,TRUMP_USDT,SHORT,EMACrossover(5/13-SHORT),2,0.2,2.67,2.668,2.668,2.675,2026-08-30 00:29:59 UTC,2026-08-30 00:30:25 UTC,25.74,0.534,0.0071,0.0,0.0004,0.04,5.62,MIN_PROFIT_TP_HIT,0.0962
1218,TRUMP_USDT,LONG,EMACrossover(5/13-LONG),2,0.2,2.683,2.678,2.685,2.678,2026-08-30 00:39:59 UTC,2026-08-30 00:40:32 UTC,32.67,0.5366,0.0072,0.0,-0.001,-0.09,-13.98,STOP_LOSS_HIT,0.0952
1219,TRUMP_USDT,SHORT,EMACrossover(5/13-SHORT),2,0.2,2.668,2.666,2.666,2.673,2026-08-30 00:44:59 UTC,2026-08-30 00:45:01 UTC,1.37,0.5336,0.0071,0.0,0.0004,0.04,5.62,MIN_PROFIT_TP_HIT,0.0956
1220,TRUMP_USDT,LONG,EMACrossover(5/13-LONG),2,0.2,2.65,2.645,2.652,2.645,2026-08-30 01:20:59 UTC,2026-08-30 01:21:14 UTC,14.25,0.53,0.0071,0.0,-0.001,-0.09,-14.15,STOP_LOSS_HIT,0.0946
1221,TRUMP_USDT,SHORT,EMACrossover(5/13-SHORT),2,0.2,2.637,2.635,2.635,2.642,2026-08-30 01:25:59 UTC,2026-08-30 01:27:49 UTC,109.8,0.5274,0.007,0.0,0.0004,0.04,5.69,MIN_PROFIT_TP_HIT,0.095
1222,TRUMP_USDT,LONG,EMACrossover(5/13-LONG),2,0.2,2.619,2.621,2.621,2.614,2026-08-30 01:51:59 UTC,2026-08-30 01:52:32 UTC,32.05,0.5238,0.007,0.0,0.0004,0.04,5.73,MIN_PROFIT_TP_HIT,0.0954
1223,TRUMP_USDT,SHORT,EMACrossover(5/13-SHORT),2,0.2,2.62,2.618,2.618,2.625,2026-08-30 02:02:59 UTC,2026-08-30 02:03:07 UTC,7.11,0.524,0.007,0.0,0.0004,0.04,5.73,MIN_PROFIT_TP_HIT,0.0958
1224,TRUMP_USDT,LONG,EMACrossover(5/13-LONG),2,0.2,2.636,2.638,2.638,2.631,2026-08-30 02:04:59 UTC,2026-08-30 02:05:10 UTC,10.3,0.5272,0.007,0.0,0.0004,0.04,5.69,MIN_PROFIT_TP_HIT,0.0962
1225,TRUMP_USDT,SHORT,EMACrossover(5/13-SHORT),2,0.2,2.643,2.648,2.641,2.648,2026-08-30 02:37:59 UTC,2026-08-30 02:38:14 UTC,14.75,0.5286,0.007,0.0,-0.001,-0.09,-14.19,STOP_LOSS_HIT,0.0952
1226,TRUMP_USDT,LONG,EMACrossover(5/13-LONG),2,0.2,2.652,2.654,2.654,2.647,2026-08-30 02:39:59 UTC,2026-08-30 02:40:24 UTC,24.31,0.5304,0.0071,0.0,0.0004,0.04,5.66,MIN_PROFIT_TP_HIT,0.0956
1227,TRUMP_USDT,SHORT,EMACrossover(5/13-SHORT),2,0.2,2.641,2.639,2.639,2.646,2026-08-30 02:46:59 UTC,2026-08-30 02:47:30 UTC,30.94,0.5282,0.007,0.0,0.0004,0.04,5.68,MIN_PROFIT_TP_HIT,0.096
1228,TRUMP_USDT,LONG,EMACrossover(5/13-LONG),2,0.2,2.643,2.638,2.645,2.638,2026-08-30 02:57:59 UTC,2026-08-30 02:58:34 UTC,34.46,0.5286,0.007,0.0,-0.001,-0.09,-14.19,STOP_LOSS_HIT,0.095
1229,TRUMP_USDT,SHORT,EMACrossover(5/13-SHORT),2,0.2,2.63,2.635,2.628,2.635,2026-08-30 02:59:59 UTC,2026-08-30 03:00:47 UTC,47.06,0.526,0.007,0.0,-0.001,-0.09,-14.26,STOP_LOSS_HIT,0.094
1230,TRUMP_USDT,LONG,EMACrossover(5/13-LONG),2,0.2,2.614,2.616,2.616,2.609,2026-08-30 03:26:59 UTC,2026-08-30 03:27:37 UTC,37.19,0.5228,0.007,0.0,0.0004,0.04,5.74,MIN_PROFIT_TP_HIT,0.0944
1231,TRUMP_USDT,SHORT,EMACrossover(5/13-SHORT),2,0.2,2.612,2.61,2.61,2.617,2026-08-30 03:39:59 UTC,2026-08-30 03:40:54 UTC,54.24,0.5224,0.007,0.0,0.0004,0.04,5.74,MIN_PROFIT_TP_HIT,0.0948
1232,TRUMP_USDT,LONG,EMACrossover(5/13-LONG),2,0.2,2.59,2.585,2.592,2.585,2026-08-30 04:20:59 UTC,2026-08-30 04:21:14 UTC,14.98,0.518,0.0069,0.0,-0.001,-0.09,-14.48,STOP_LOSS_HIT,0.0938
1233,TRUMP_USDT,SHORT,EMACrossover(5/13-SHORT),2,0.2,2.58,2.578,2.578,2.585,2026-08-30 04:38:59 UTC,2026-08-30 04:39:12 UTC,12.22,0.516,0.0069,0.0,0.0004,0.04,5.81,MIN_PROFIT_TP_HIT,0.0942
1234,TRUMP_USDT,LONG,EMACrossover(5/13-LONG),2,0.2,2.6,2.602,2.602,2.595,2026-08-30 04:42:59 UTC,2026-08-30 04:43:07 UTC,7.63,0.52,0.0069,0.0,0.0004,0.04,5.77,MIN_PROFIT_TP_HIT,0.0946
1235,TRUMP_USDT,SHORT,EMACrossover(5/13-SHORT),2,0.2,2.583,2.581,2.581,2.588,2026-08-30 04:48:59 UTC,2026-08-30 04:49:53 UTC,53.23,0.5166,0.0069,0.0,0.0004,0.04,5.81,MIN_PROFIT_TP_HIT,0.095
1236,TRUMP_USDT,LONG,EMACrossover(5/13-LONG),2,0.2,2.59,2.592,2.592,2.585,2026-08-30 04:57:59 UTC,2026-08-30 04:59:24 UTC,84.89,0.518,0.0069,0.0,0.0004,0.04,5.79,MIN_PROFIT_TP_HIT,0.0954
1237,TRUMP_USDT,SHORT,EMACrossover(5/13-SHORT),2,0.2,2.6,2.598,2.598,2.605,2026-08-30 05:20:59 UTC,2026-08-30 05:21:02 UTC,2.38,0.52,0.0069,0.0,0.0004,0.04,5.77,MIN_PROFIT_TP_HIT,0.0958
1238,TRUMP_USDT,LONG,EMACrossover(5/13-LONG),2,0.2,2.604,2.599,2.606,2.599,2026-08-30 05:23:59 UTC,2026-08-30 05:25:29 UTC,89.7,0.5208,0.0069,0.0,-0.001,-0.09,-14.4,STOP_LOSS_HIT,0.0948
1239,TRUMP_USDT,LONG,EMACrossover(5/13-LONG),2,0.2,2.6,2.595,2.602,2.595,2026-08-30 05:49:59 UTC,2026-08-30 05:51:20 UTC,80.07,0.52,0.0069,0.0,-0.001,-0.09,-14.42,STOP_LOSS_HIT,0.0938
1240,TRUMP_USDT,SHORT,EMACrossover(5/13-SHORT),2,0.2,2.605,2.61,2.603,2.61,2026-08-30 06:10:59 UTC,2026-08-30 06:13:29 UTC,149.96,0.521,0.0069,0.0,-0.001,-0.09,-14.4,STOP_LOSS_HIT,0.0928
1241,TRUMP_USDT,LONG,EMACrossover(5/13-LONG),2,0.2,2.608,2.61,2.61,2.603,2026-08-30 06:15:59 UTC,2026-08-30 06:16:07 UTC,7.56,0.5216,0.007,0.0,0.0004,0.04,5.75,MIN_PROFIT_TP_HIT,0.0932
1242,TRUMP_USDT,SHORT,EMACrossover(5/13-SHORT),2,0.2,2.604,2.609,2.602,2.609,2026-08-30 06:18:59 UTC,2026-08-30 06:21:28 UTC,148.77,0.5208,0.0069,0.0,-0.001,-0.09,-14.4,STOP_LOSS_HIT,0.0922
1243,TRUMP_USDT,LONG,EMACrossover(5/13-LONG),2,0.2,2.612,2.614,2.614,2.607,2026-08-30 06:23:59 UTC,2026-08-30 06:24:55 UTC,55.44,0.5224,0.007,0.0,0.0004,0.04,5.74,MIN_PROFIT_TP_HIT,0.0926
1244,TRUMP_USDT,SHORT,EMACrossover(5/13-SHORT),2,0.2,2.608,2.606,2.606,2.613,2026-08-30 06:33:59 UTC,2026-08-30 06:36:22 UTC,142.55,0.5216,0.007,0.0,0.0004,0.04,5.75,MIN_PROFIT_TP_HIT,0.093
1245,TRUMP_USDT,LONG,EMACrossover(5/13-LONG),2,0.2,2.613,2.615,2.615,2.608,2026-08-30 06:40:59 UTC,2026-08-30 06:41:38 UTC,38.37,0.5226,0.007,0.0,0.0004,0.04,5.74,MIN_PROFIT_TP_HIT,0.0934
1246,TRUMP_USDT,SHORT,EMACrossover(5/13-SHORT),2,0.2,2.609,2.607,2.607,2.614,2026-08-30 06:44:59 UTC,2026-08-30 06:45:30 UTC,30.95,0.5218,0.007,0.0,0.0004,0.04,5.75,MIN_PROFIT_TP_HIT,0.0938
1247,TRUMP_USDT,LONG,EMACrossover(5/13-LONG),2,0.2,2.608,2.61,2.61,2.603,2026-08-30 06:57:59 UTC,2026-08-30 06:58:13 UTC,13.65,0.5216,0.007,0.0,0.0004,0.04,5.75,MIN_PROFIT_TP_HIT,0.0942
1248,TRUMP_USDT,SHORT,EMACrossover(5/13-SHORT),2,0.2,2.618,2.616,2.616,2.623,2026-08-30 07:23:59 UTC,2026-08-30 07:24:14 UTC,14.97,0.5236,0.007,0.0,0.0004,0.04,5.73,MIN_PROFIT_TP_HIT,0.0946
1249,TRUMP_USDT,LONG,EMACrossover(5/13-LONG),2,0.2,2.622,2.617,2.624,2.617,2026-08-30 07:31:59 UTC,2026-08-30 07:33:02 UTC,62.95,0.5244,0.007,0.0,-0.001,-0.09,-14.3,STOP_LOSS_HIT,0.0936
1250,TRUMP_USDT,LONG,EMACrossover(5/13-LONG),2,0.2,2.609,2.611,2.611,2.604,2026-08-30 07:55:59 UTC,2026-08-30 07:56:49 UTC,49.05,0.5218,0.007,0.0,0.0004,0.04,5.75,MIN_PROFIT_TP_HIT,0.094
1251,TRUMP_USDT,SHORT,EMACrossover(5/13-SHORT),2,0.2,2.604,2.602,2.602,2.609,2026-08-30 08:10:59 UTC,2026-08-30 08:11:01 UTC,1.53,0.5208,0.0069,0.0,0.0004,0.04,5.76,MIN_PROFIT_TP_HIT,0.0944
1252,TRUMP_USDT,LONG,EMACrossover(5/13-LONG),2,0.2,2.593,2.595,2.595,2.588,2026-08-30 08:48:59 UTC,2026-08-30 08:50:48 UTC,108.26,0.5186,0.0069,0.0,0.0004,0.04,5.78,MIN_PROFIT_TP_HIT,0.0948
1253,TRUMP_USDT,SHORT,EMACrossover(5/13-SHORT),2,0.2,2.592,2.59,2.59,2.597,2026-08-30 09:01:59 UTC,2026-08-30 09:02:06 UTC,6.16,0.5184,0.0069,0.0,0.0004,0.04,5.79,MIN_PROFIT_TP_HIT,0.0952
1254,TRUMP_USDT,LONG,EMACrossover(5/13-LONG),2,0.2,2.571,2.566,2.573,2.566,2026-08-30 09:42:59 UTC,2026-08-30 09:43:54 UTC,54.55,0.5142,0.0069,0.0,-0.001,-0.09,-14.59,STOP_LOSS_HIT,0.0942
1255,TRUMP_USDT,SHORT,EMACrossover(5/13-SHORT),2,0.2,2.564,2.569,2.562,2.569,2026-08-30 09:47:59 UTC,2026-08-30 09:48:44 UTC,44.15,0.5128,0.0068,0.0,-0.001,-0.09,-14.63,STOP_LOSS_HIT,0.0932
1256,TRUMP_USDT,LONG,EMACrossover(5/13-LONG),2,0.2,2.565,2.56,2.567,2.56,2026-08-30 10:10:59 UTC,2026-08-30 10:11:17 UTC,17.73,0.513,0.0068,0.0,-0.001,-0.09,-14.62,STOP_LOSS_HIT,0.0922
1257,TRUMP_USDT,SHORT,EMACrossover(5/13-SHORT),2,0.2,2.535,2.54,2.533,2.54,2026-08-30 10:12:59 UTC,2026-08-30 10:13:16 UTC,16.39,0.507,0.0068,0.0,-0.001,-0.09,-14.79,STOP_LOSS_HIT,0.0912
1258,TRUMP_USDT,LONG,EMACrossover(5/13-LONG),2,0.2,2.524,2.519,2.526,2.519,2026-08-30 10:27:59 UTC,2026-08-30 10:28:11 UTC,11.57,0.5048,0.0067,0.0,-0.001,-0.09,-14.86,STOP_LOSS_HIT,0.0902
1259,TRUMP_USDT,SHORT,EMACrossover(5/13-SHORT),2,0.2,2.515,2.513,2.513,2.52,2026-08-30 10:30:59 UTC,2026-08-30 10:31:12 UTC,12.16,0.503,0.0067,0.0,0.0004,0.04,5.96,MIN_PROFIT_TP_HIT,0.0906
1260,TRUMP_USDT,LONG,EMACrossover(5/13-LONG),2,0.2,2.517,2.519,2.519,2.512,2026-08-30 10:40:59 UTC,2026-08-30 10:41:04 UTC,4.53,0.5034,0.0067,0.0,0.0004,0.04,5.96,MIN_PROFIT_TP_HIT,0.091
1261,TRUMP_USDT,SHORT,EMACrossover(5/13-SHORT),2,0.2,2.518,2.523,2.516,2.523,2026-08-30 11:12:59 UTC,2026-08-30 11:13:24 UTC,24.02,0.5036,0.0067,0.0,-0.001,-0.09,-14.89,STOP_LOSS_HIT,0.09
1262,TRUMP_USDT,LONG,EMACrossover(5/13-LONG),2,0.2,2.523,2.525,2.525,2.518,2026-08-30 11:28:59 UTC,2026-08-30 11:29:59 UTC,59.07,0.5046,0.0067,0.0,0.0004,0.04,5.95,MIN_PROFIT_TP_HIT,0.0904
1263,TRUMP_USDT,SHORT,EMACrossover(5/13-SHORT),2,0.2,2.519,2.517,2.517,2.524,2026-08-30 11:34:59 UTC,2026-08-30 11:35:02 UTC,2.87,0.5038,0.0067,0.0,0.0004,0.04,5.95,MIN_PROFIT_TP_HIT,0.0908
1264,TRUMP_USDT,LONG,EMACrossover(5/13-LONG),2,0.2,2.527,2.529,2.529,2.522,2026-08-30 11:40:59 UTC,2026-08-30 11:41:49 UTC,49.45,0.5054,0.0067,0.0,0.0004,0.04,5.94,MIN_PROFIT_TP_HIT,0.0912
1265,TRUMP_USDT,SHORT,EMACrossover(5/13-SHORT),2,0.2,2.525,2.53,2.523,2.53,2026-08-30 11:56:59 UTC,2026-08-30 11:58:57 UTC,117.38,0.505,0.0067,0.0,-0.001,-0.09,-14.85,STOP_LOSS_HIT,0.0902
1266,TRUMP_USDT,SHORT,EMACrossover(5/13-SHORT),2,0.2,2.547,2.552,2.545,2.552,2026-08-30 12:22:59 UTC,2026-08-30 12:23:45 UTC,45.58,0.5094,0.0068,0.0,-0.001,-0.09,-14.72,STOP_LOSS_HIT,0.0892
1267,TRUMP_USDT,LONG,EMACrossover(5/13-LONG),2,0.2,2.555,2.55,2.557,2.55,2026-08-30 12:29:59 UTC,2026-08-30 12:30:24 UTC,24.76,0.511,0.0068,0.0,-0.001,-0.09,-14.68,STOP_LOSS_HIT,0.0882
1268,TRUMP_USDT,SHORT,EMACrossover(5/13-SHORT),2,0.2,2.554,2.552,2.552,2.559,2026-08-30 12:47:59 UTC,2026-08-30 12:48:00 UTC,0.38,0.5108,0.0068,0.0,0.0004,0.04,5.87,MIN_PROFIT_TP_HIT,0.0886
1269,TRUMP_USDT,LONG,EMACrossover(5/13-LONG),2,0.2,2.566,2.568,2.568,2.561,2026-08-30 12:55:59 UTC,2026-08-30 12:56:13 UTC,13.86,0.5132,0.0068,0.0,0.0004,0.04,5.85,MIN_PROFIT_TP_HIT,0.089
1270,TRUMP_USDT,SHORT,EMACrossover(5/13-SHORT),2,0.2,2.565,2.563,2.563,2.57,2026-08-30 13:10:59 UTC,2026-08-30 13:11:03 UTC,3.17,0.513,0.0068,0.0,0.0004,0.04,5.85,MIN_PROFIT_TP_HIT,0.0894
1271,TRUMP_USDT,LONG,EMACrossover(5/13-LONG),2,0.2,2.548,2.543,2.55,2.543,2026-08-30 13:39:59 UTC,2026-08-30 13:41:26 UTC,86.99,0.5096,0.0068,0.0,-0.001,-0.09,-14.72,STOP_LOSS_HIT,0.0884
1272,TRUMP_USDT,SHORT,EMACrossover(5/13-SHORT),2,0.2,2.548,2.553,2.546,2.553,2026-08-30 13:42:59 UTC,2026-08-30 13:43:36 UTC,36.89,0.5096,0.0068,0.0,-0.001,-0.09,-14.72,STOP_LOSS_HIT,0.0874
1273,TRUMP_USDT,SHORT,EMACrossover(5/13-SHORT),2,0.2,2.562,2.56,2.56,2.567,2026-08-30 14:01:59 UTC,2026-08-30 14:02:01 UTC,1.77,0.5124,0.0068,0.0,0.0004,0.04,5.85,MIN_PROFIT_TP_HIT,0.0878
1274,TRUMP_USDT,LONG,EMACrossover(5/13-LONG),2,0.2,2.561,2.563,2.563,2.556,2026-08-30 14:14:59 UTC,2026-08-30 14:15:16 UTC,16.26,0.5122,0.0068,0.0,0.0004,0.04,5.86,MIN_PROFIT_TP_HIT,0.0882
1275,TRUMP_USDT,SHORT,EMACrossover(5/13-SHORT),2,0.2,2.547,2.545,2.545,2.552,2026-08-30 14:16:59 UTC,2026-08-30 14:17:05 UTC,5.19,0.5094,0.0068,0.0,0.0004,0.04,5.89,MIN_PROFIT_TP_HIT,0.0886
1276,TRUMP_USDT,LONG,EMACrossover(5/13-LONG),2,0.2,2.549,2.551,2.551,2.544,2026-08-30 14:32:59 UTC,2026-08-30 14:33:06 UTC,6.29,0.5098,0.0068,0.0,0.0004,0.04,5.88,MIN_PROFIT_TP_HIT,0.089
1277,TRUMP_USDT,SHORT,EMACrossover(5/13-SHORT),2,0.2,2.542,2.54,2.54,2.547,2026-08-30 14:36:59 UTC,2026-08-30 14:37:48 UTC,48.28,0.5084,0.0068,0.0,0.0004,0.04,5.9,MIN_PROFIT_TP_HIT,0.0894
1278,TRUMP_USDT,LONG,EMACrossover(5/13-LONG),2,0.2,2.545,2.54,2.547,2.54,2026-08-30 14:43:59 UTC,2026-08-30 14:45:01 UTC,61.68,0.509,0.0068,0.0,-0.001,-0.09,-14.73,STOP_LOSS_HIT,0.0884
1279,TRUMP_USDT,SHORT,EMACrossover(5/13-SHORT),2,0.2,2.535,2.54,2.533,2.54,2026-08-30 14:46:59 UTC,2026-08-30 14:48:46 UTC,106.4,0.507,0.0068,0.0,-0.001,-0.09,-14.79,STOP_LOSS_HIT,0.0874
1280,TRUMP_USDT,LONG,EMACrossover(5/13-LONG),2,0.2,2.543,2.545,2.545,2.538,2026-08-30 14:52:59 UTC,2026-08-30 14:53:03 UTC,3.03,0.5086,0.0068,0.0,0.0004,0.04,5.9,MIN_PROFIT_TP_HIT,0.0878
1281,TRUMP_USDT,SHORT,EMACrossover(5/13-SHORT),2,0.2,2.541,2.539,2.539,2.546,2026-08-30 14:54:59 UTC,2026-08-30 14:55:06 UTC,6.22,0.5082,0.0068,0.0,0.0004,0.04,5.9,MIN_PROFIT_TP_HIT,0.0882
1282,TRUMP_USDT,SHORT,EMACrossover(5/13-SHORT),2,0.2,2.537,2.535,2.535,2.542,2026-08-30 14:56:59 UTC,2026-08-30 14:57:43 UTC,43.58,0.5074,0.0068,0.0,0.0004,0.04,5.91,MIN_PROFIT_TP_HIT,0.0886
1283,TRUMP_USDT,LONG,EMACrossover(5/13-LONG),2,0.2,2.538,2.533,2.54,2.533,2026-08-30 15:09:59 UTC,2026-08-30 15:11:52 UTC,112.13,0.5076,0.0068,0.0,-0.001,-0.09,-14.78,STOP_LOSS_HIT,0.0876
1284,TRUMP_USDT,SHORT,EMACrossover(5/13-SHORT),2,0.2,2.528,2.526,2.526,2.533,2026-08-30 15:13:59 UTC,2026-08-30 15:14:05 UTC,5.51,0.5056,0.0067,0.0,0.0004,0.04,5.93,MIN_PROFIT_TP_HIT,0.088
1285,TRUMP_USDT,LONG,EMACrossover(5/13-LONG),2,0.2,2.533,2.535,2.535,2.528,2026-08-30 15:19:59 UTC,2026-08-30 15:20:04 UTC,4.45,0.5066,0.0068,0.0,0.0004,0.04,5.92,MIN_PROFIT_TP_HIT,0.0884
1286,TRUMP_USDT,SHORT,EMACrossover(5/13-SHORT),2,0.2,2.533,2.538,2.531,2.538,2026-08-30 15:35:59 UTC,2026-08-30 15:37:12 UTC,72.82,0.5066,0.0068,0.0,-0.001,-0.09,-14.8,STOP_LOSS_HIT,0.0874
1287,TRUMP_USDT,LONG,EMACrossover(5/13-LONG),2,0.2,2.533,2.535,2.535,2.528,2026-08-30 16:03:59 UTC,2026-08-30 16:04:29 UTC,29.9,0.5066,0.0068,0.0,0.0004,0.04,5.92,MIN_PROFIT_TP_HIT,0.0878
1288,TRUMP_USDT,SHORT,EMACrossover(5/13-SHORT),2,0.2,2.519,2.524,2.517,2.524,2026-08-30 16:09:59 UTC,2026-08-30 16:10:12 UTC,12.14,0.5038,0.0067,0.0,-0.001,-0.09,-14.89,STOP_LOSS_HIT,0.0868
1289,TRUMP_USDT,LONG,EMACrossover(5/13-LONG),2,0.2,2.552,2.554,2.554,2.547,2026-08-30 16:14:59 UTC,2026-08-30 16:15:00 UTC,0.62,0.5104,0.0068,0.0,0.0004,0.04,5.88,MIN_PROFIT_TP_HIT,0.0872
1290,TRUMP_USDT,SHORT,EMACrossover(5/13-SHORT),2,0.2,2.572,2.57,2.57,2.577,2026-08-30 16:52:59 UTC,2026-08-30 16:53:22 UTC,22.13,0.5144,0.0069,0.0,0.0004,0.04,5.83,MIN_PROFIT_TP_HIT,0.0876
1291,TRUMP_USDT,LONG,EMACrossover(5/13-LONG),2,0.2,2.583,2.578,2.585,2.578,2026-08-30 16:58:59 UTC,2026-08-30 16:59:14 UTC,14.53,0.5166,0.0069,0.0,-0.001,-0.09,-14.52,STOP_LOSS_HIT,0.0866
1292,TRUMP_USDT,SHORT,EMACrossover(5/13-SHORT),2,0.2,2.575,2.573,2.573,2.58,2026-08-30 17:04:59 UTC,2026-08-30 17:05:08 UTC,8.74,0.515,0.0069,0.0,0.0004,0.04,5.83,MIN_PROFIT_TP_HIT,0.087
1293,TRUMP_USDT,LONG,EMACrossover(5/13-LONG),2,0.2,2.576,2.578,2.578,2.571,2026-08-30 17:09:59 UTC,2026-08-30 17:10:01 UTC,1.9,0.5152,0.0069,0.0,0.0004,0.04,5.82,MIN_PROFIT_TP_HIT,0.0874
1294,TRUMP_USDT,SHORT,EMACrossover(5/13-SHORT),2,0.2,2.575,2.573,2.573,2.58,2026-08-30 17:13:59 UTC,2026-08-30 17:14:06 UTC,6.55,0.515,0.0069,0.0,0.0004,0.04,5.83,MIN_PROFIT_TP_HIT,0.0878
1295,TRUMP_USDT,LONG,EMACrossover(5/13-LONG),2,0.2,2.567,2.569,2.569,2.562,2026-08-30 17:15:59 UTC,2026-08-30 17:16:00 UTC,0.5,0.5134,0.0068,0.0,0.0004,0.04,5.84,MIN_PROFIT_TP_HIT,0.0882
1296,TRUMP_USDT,LONG,EMACrossover(5/13-LONG),2,0.2,2.549,2.551,2.551,2.544,2026-08-30 17:40:59 UTC,2026-08-30 17:41:54 UTC,54.1,0.5098,0.0068,0.0,0.0004,0.04,5.88,MIN_PROFIT_TP_HIT,0.0886
1297,TRUMP_USDT,LONG,EMACrossover(5/13-LONG),2,0.2,2.551,2.553,2.553,2.546,2026-08-30 17:42:59 UTC,2026-08-30 17:45:01 UTC,121.76,0.5102,0.0068,0.0,0.0004,0.04,5.88,MIN_PROFIT_TP_HIT,0.089
1298,TRUMP_USDT,SHORT,EMACrossover(5/13-SHORT),2,0.2,2.546,2.544,2.544,2.551,2026-08-30 17:47:59 UTC,2026-08-30 17:48:05 UTC,5.06,0.5092,0.0068,0.0,0.0004,0.04,5.89,MIN_PROFIT_TP_HIT,0.0894
1299,TRUMP_USDT,LONG,EMACrossover(5/13-LONG),2,0.2,2.543,2.545,2.545,2.538,2026-08-30 17:59:59 UTC,2026-08-30 18:01:02 UTC,62.21,0.5086,0.0068,0.0,0.0004,0.04,5.9,MIN_PROFIT_TP_HIT,0.0898
1300,TRUMP_USDT,SHORT,EMACrossover(5/13-SHORT),2,0.2,2.539,2.537,2.537,2.544,2026-08-30 18:07:59 UTC,2026-08-30 18:10:24 UTC,144.84,0.5078,0.0068,0.0,0.0004,0.04,5.91,MIN_PROFIT_TP_HIT,0.0902
1301,TRUMP_USDT,LONG,EMACrossover(5/13-LONG),2,0.2,2.54,2.535,2.542,2.535,2026-08-30 18:15:59 UTC,2026-08-30 18:16:51 UTC,51.87,0.508,0.0068,0.0,-0.001,-0.09,-14.76,STOP_LOSS_HIT,0.0892
1302,TRUMP_USDT,SHORT,EMACrossover(5/13-SHORT),2,0.2,2.534,2.539,2.532,2.539,2026-08-30 18:17:59 UTC,2026-08-30 18:20:27 UTC,147.54,0.5068,0.0068,0.0,-0.001,-0.09,-14.8,STOP_LOSS_HIT,0.0882
1303,TRUMP_USDT,LONG,EMACrossover(5/13-LONG),2,0.2,2.541,2.543,2.543,2.536,2026-08-30 18:26:59 UTC,2026-08-30 18:27:14 UTC,14.82,0.5082,0.0068,0.0,0.0004,0.04,5.9,MIN_PROFIT_TP_HIT,0.0886
1304,TRUMP_USDT,SHORT,EMACrossover(5/13-SHORT),2,0.2,2.549,2.554,2.547,2.554,2026-08-30 18:48:59 UTC,2026-08-30 18:51:10 UTC,130.92,0.5098,0.0068,0.0,-0.001,-0.09,-14.71,STOP_LOSS_HIT,0.0876
1305,TRUMP_USDT,LONG,EMACrossover(5/13-LONG),2,0.2,2.554,2.549,2.556,2.549,2026-08-30 19:13:59 UTC,2026-08-30 19:14:11 UTC,11.14,0.5108,0.0068,0.0,-0.001,-0.09,-14.68,STOP_LOSS_HIT,0.0866
1306,TRUMP_USDT,SHORT,EMACrossover(5/13-SHORT),2,0.2,2.543,2.541,2.541,2.548,2026-08-30 19:21:59 UTC,2026-08-30 19:22:59 UTC,59.08,0.5086,0.0068,0.0,0.0004,0.04,5.9,MIN_PROFIT_TP_HIT,0.087
1307,TRUMP_USDT,LONG,EMACrossover(5/13-LONG),2,0.2,2.526,2.528,2.528,2.521,2026-08-30 19:53:59 UTC,2026-08-30 19:54:11 UTC,11.68,0.5052,0.0067,0.0,0.0004,0.04,5.94,MIN_PROFIT_TP_HIT,0.0874
1308,TRUMP_USDT,SHORT,EMACrossover(5/13-SHORT),2,0.2,2.535,2.533,2.533,2.54,2026-08-30 20:09:59 UTC,2026-08-30 20:10:14 UTC,14.03,0.507,0.0068,0.0,0.0004,0.04,5.92,MIN_PROFIT_TP_HIT,0.0878
1309,TRUMP_USDT,SHORT,EMACrossover(5/13-SHORT),2,0.2,2.529,2.527,2.527,2.534,2026-08-30 20:29:59 UTC,2026-08-30 20:30:03 UTC,3.58,0.5058,0.0067,0.0,0.0004,0.04,5.93,MIN_PROFIT_TP_HIT,0.0882
1310,TRUMP_USDT,LONG,EMACrossover(5/13-LONG),2,0.2,2.52,2.522,2.522,2.515,2026-08-30 20:49:59 UTC,2026-08-30 20:50:19 UTC,19.78,0.504,0.0067,0.0,0.0004,0.04,5.95,MIN_PROFIT_TP_HIT,0.0886
1311,TRUMP_USDT,SHORT,EMACrossover(5/13-SHORT),2,0.2,2.515,2.513,2.513,2.52,2026-08-30 20:59:59 UTC,2026-08-30 21:00:38 UTC,38.55,0.503,0.0067,0.0,0.0004,0.04,5.96,MIN_PROFIT_TP_HIT,0.089
1312,TRUMP_USDT,LONG,EMACrossover(5/13-LONG),2,0.2,2.503,2.505,2.505,2.498,2026-08-30 21:29:59 UTC,2026-08-30 21:30:14 UTC,14.97,0.5006,0.0067,0.0,0.0004,0.04,5.99,MIN_PROFIT_TP_HIT,0.0894
1313,TRUMP_USDT,SHORT,EMACrossover(5/13-SHORT),2,0.2,2.496,2.494,2.494,2.501,2026-08-30 21:42:59 UTC,2026-08-30 21:43:55 UTC,55.01,0.4992,0.0067,0.0,0.0004,0.04,6.01,MIN_PROFIT_TP_HIT,0.0898
1314,TRUMP_USDT,LONG,EMACrossover(5/13-LONG),2,0.2,2.505,2.507,2.507,2.5,2026-08-30 21:55:59 UTC,2026-08-30 21:56:08 UTC,8.41,0.501,0.0067,0.0,0.0004,0.04,5.99,MIN_PROFIT_TP_HIT,0.0902
1315,TRUMP_USDT,SHORT,EMACrossover(5/13-SHORT),2,0.2,2.504,2.502,2.502,2.509,2026-08-30 22:12:59 UTC,2026-08-30 22:13:59 UTC,59.36,0.5008,0.0067,0.0,0.0004,0.04,5.99,MIN_PROFIT_TP_HIT,0.0906
1316,TRUMP_USDT,LONG,EMACrossover(5/13-LONG),2,0.2,2.417,2.419,2.419,2.412,2026-08-30 23:16:59 UTC,2026-08-30 23:17:00 UTC,0.51,0.4834,0.0064,0.0,0.0004,0.04,6.21,MIN_PROFIT_TP_HIT,0.091
1317,TRUMP_USDT,SHORT,EMACrossover(5/13-SHORT),2,0.2,2.401,2.399,2.399,2.406,2026-08-30 23:28:59 UTC,2026-08-30 23:29:03 UTC,3.28,0.4802,0.0064,0.0,0.0004,0.04,6.25,MIN_PROFIT_TP_HIT,0.0914
1318,TRUMP_USDT,LONG,EMACrossover(5/13-LONG),2,0.2,2.342,2.344,2.344,2.337,2026-08-30 23:56:59 UTC,2026-08-30 23:57:04 UTC,4.93,0.4684,0.0062,0.0,0.0004,0.04,6.4,MIN_PROFIT_TP_HIT,0.0918
