trade_id,symbol,direction,sub_strategy_name,vol_contracts,underlying_quantity,entry_price,exit_price,min_profit_tp_price,stop_loss_price,open_time,close_time,duration_seconds,notional_value_usdt,margin_used_usdt,fee_total_usdt,realized_pnl_usdt,realized_pnl_inr,roe_percentage,exit_reason,balance_after_trade_usdt
1,TRUMP_USDT,LONG,StochasticRSI(FAST_SCALP-LONG),2,0.2,1.661,1.664,1.664,1.656,2026-07-01 00:28:59 UTC,2026-07-01 00:30:42 UTC,102.1,0.3322,0.0044,0.0,0.0006,0.06,13.55,MIN_PROFIT_TP_HIT,0.0706
2,TRUMP_USDT,SHORT,StochasticRSI(FAST_SCALP-SHORT),2,0.2,1.664,1.669,1.661,1.669,2026-07-01 00:36:59 UTC,2026-07-01 00:52:44 UTC,944.24,0.3328,0.0044,0.0,-0.001,-0.09,-22.54,STOP_LOSS_HIT,0.0696
3,TRUMP_USDT,SHORT,StochasticRSI(FAST_SCALP-SHORT),2,0.2,1.669,1.666,1.666,1.674,2026-07-01 00:55:59 UTC,2026-07-01 00:56:42 UTC,42.69,0.3338,0.0045,0.0,0.0006,0.06,13.48,MIN_PROFIT_TP_HIT,0.0702
4,TRUMP_USDT,LONG,StochasticRSI(FAST_SCALP-LONG),2,0.2,1.667,1.662,1.67,1.662,2026-07-01 01:01:59 UTC,2026-07-01 01:05:16 UTC,196.52,0.3334,0.0044,0.0,-0.001,-0.09,-22.5,STOP_LOSS_HIT,0.0692
5,TRUMP_USDT,LONG,StochasticRSI(FAST_SCALP-LONG),2,0.2,1.661,1.656,1.664,1.656,2026-07-01 01:09:59 UTC,2026-07-01 01:11:30 UTC,90.49,0.3322,0.0044,0.0,-0.001,-0.09,-22.58,STOP_LOSS_HIT,0.0682
6,TRUMP_USDT,LONG,StochasticRSI(FAST_SCALP-LONG),2,0.2,1.645,1.648,1.648,1.64,2026-07-01 01:14:59 UTC,2026-07-01 01:15:04 UTC,4.55,0.329,0.0044,0.0,0.0006,0.06,13.68,MIN_PROFIT_TP_HIT,0.0688
7,TRUMP_USDT,SHORT,StochasticRSI(FAST_SCALP-SHORT),2,0.2,1.658,1.655,1.655,1.663,2026-07-01 01:22:59 UTC,2026-07-01 01:24:25 UTC,85.15,0.3316,0.0044,0.0,0.0006,0.06,13.57,MIN_PROFIT_TP_HIT,0.0694
8,TRUMP_USDT,SHORT,StochasticRSI(FAST_SCALP-SHORT),2,0.2,1.658,1.663,1.655,1.663,2026-07-01 01:34:59 UTC,2026-07-01 01:36:14 UTC,74.3,0.3316,0.0044,0.0,-0.001,-0.09,-22.62,STOP_LOSS_HIT,0.0684
9,TRUMP_USDT,SHORT,StochasticRSI(FAST_SCALP-SHORT),2,0.2,1.676,1.673,1.673,1.681,2026-07-01 01:47:59 UTC,2026-07-01 01:50:12 UTC,132.67,0.3352,0.0045,0.0,0.0006,0.06,13.42,MIN_PROFIT_TP_HIT,0.069
10,TRUMP_USDT,LONG,StochasticRSI(FAST_SCALP-LONG),2,0.2,1.676,1.679,1.679,1.671,2026-07-01 01:52:59 UTC,2026-07-01 01:53:55 UTC,55.0,0.3352,0.0045,0.0,0.0006,0.06,13.42,MIN_PROFIT_TP_HIT,0.0696
11,TRUMP_USDT,SHORT,StochasticRSI(FAST_SCALP-SHORT),2,0.2,1.678,1.683,1.675,1.683,2026-07-01 01:58:59 UTC,2026-07-01 02:02:36 UTC,216.44,0.3356,0.0045,0.0,-0.001,-0.09,-22.35,STOP_LOSS_HIT,0.0686
12,TRUMP_USDT,LONG,StochasticRSI(FAST_SCALP-LONG),2,0.2,1.685,1.68,1.688,1.68,2026-07-01 02:03:59 UTC,2026-07-01 02:05:51 UTC,111.47,0.337,0.0045,0.0,-0.001,-0.09,-22.26,STOP_LOSS_HIT,0.0676
13,TRUMP_USDT,LONG,StochasticRSI(FAST_SCALP-LONG),2,0.2,1.684,1.687,1.687,1.679,2026-07-01 02:08:59 UTC,2026-07-01 02:10:04 UTC,64.24,0.3368,0.0045,0.0,0.0006,0.06,13.36,MIN_PROFIT_TP_HIT,0.0682
14,TRUMP_USDT,SHORT,StochasticRSI(FAST_SCALP-SHORT),2,0.2,1.702,1.707,1.699,1.707,2026-07-01 02:17:59 UTC,2026-07-01 02:22:04 UTC,244.74,0.3404,0.0045,0.0,-0.001,-0.09,-22.03,STOP_LOSS_HIT,0.0672
15,TRUMP_USDT,LONG,StochasticRSI(FAST_SCALP-LONG),2,0.2,1.705,1.708,1.708,1.7,2026-07-01 02:29:59 UTC,2026-07-01 02:31:14 UTC,74.82,0.341,0.0045,0.0,0.0006,0.06,13.2,MIN_PROFIT_TP_HIT,0.0678
16,TRUMP_USDT,LONG,StochasticRSI(FAST_SCALP-LONG),2,0.2,1.704,1.707,1.707,1.699,2026-07-01 02:34:59 UTC,2026-07-01 02:35:29 UTC,29.39,0.3408,0.0045,0.0,0.0006,0.06,13.2,MIN_PROFIT_TP_HIT,0.0684
17,TRUMP_USDT,LONG,StochasticRSI(FAST_SCALP-LONG),2,0.2,1.697,1.7,1.7,1.692,2026-07-01 02:40:59 UTC,2026-07-01 02:44:05 UTC,185.72,0.3394,0.0045,0.0,0.0006,0.06,13.26,MIN_PROFIT_TP_HIT,0.069
18,TRUMP_USDT,SHORT,StochasticRSI(FAST_SCALP-SHORT),2,0.2,1.704,1.709,1.701,1.709,2026-07-01 03:00:59 UTC,2026-07-01 03:01:34 UTC,34.16,0.3408,0.0045,0.0,-0.001,-0.09,-22.01,STOP_LOSS_HIT,0.068
19,TRUMP_USDT,SHORT,StochasticRSI(FAST_SCALP-SHORT),2,0.2,1.707,1.712,1.704,1.712,2026-07-01 03:04:59 UTC,2026-07-01 03:05:07 UTC,7.41,0.3414,0.0046,0.0,-0.001,-0.09,-21.97,STOP_LOSS_HIT,0.067
20,TRUMP_USDT,SHORT,StochasticRSI(FAST_SCALP-SHORT),2,0.2,1.729,1.726,1.726,1.734,2026-07-01 03:09:59 UTC,2026-07-01 03:10:08 UTC,8.77,0.3458,0.0046,0.0,0.0006,0.06,13.01,MIN_PROFIT_TP_HIT,0.0676
21,TRUMP_USDT,LONG,StochasticRSI(FAST_SCALP-LONG),2,0.2,1.711,1.706,1.714,1.706,2026-07-01 03:15:59 UTC,2026-07-01 03:16:12 UTC,12.09,0.3422,0.0046,0.0,-0.001,-0.09,-21.92,STOP_LOSS_HIT,0.0666
22,TRUMP_USDT,LONG,StochasticRSI(FAST_SCALP-LONG),2,0.2,1.704,1.699,1.707,1.699,2026-07-01 03:19:59 UTC,2026-07-01 03:23:46 UTC,226.53,0.3408,0.0045,0.0,-0.001,-0.09,-22.01,STOP_LOSS_HIT,0.0656
23,TRUMP_USDT,LONG,StochasticRSI(FAST_SCALP-LONG),2,0.2,1.699,1.702,1.702,1.694,2026-07-01 03:27:59 UTC,2026-07-01 03:29:10 UTC,70.59,0.3398,0.0045,0.0,0.0006,0.06,13.24,MIN_PROFIT_TP_HIT,0.0662
24,TRUMP_USDT,SHORT,StochasticRSI(FAST_SCALP-SHORT),2,0.2,1.699,1.704,1.696,1.704,2026-07-01 03:32:59 UTC,2026-07-01 03:36:50 UTC,230.83,0.3398,0.0045,0.0,-0.001,-0.09,-22.07,STOP_LOSS_HIT,0.0652
25,TRUMP_USDT,SHORT,StochasticRSI(FAST_SCALP-SHORT),2,0.2,1.706,1.711,1.703,1.711,2026-07-01 03:41:59 UTC,2026-07-01 03:47:01 UTC,301.92,0.3412,0.0045,0.0,-0.001,-0.09,-21.98,STOP_LOSS_HIT,0.0642
26,TRUMP_USDT,LONG,StochasticRSI(FAST_SCALP-LONG),2,0.2,1.711,1.714,1.714,1.706,2026-07-01 03:51:59 UTC,2026-07-01 03:52:16 UTC,16.25,0.3422,0.0046,0.0,0.0006,0.06,13.15,MIN_PROFIT_TP_HIT,0.0648
27,TRUMP_USDT,SHORT,StochasticRSI(FAST_SCALP-SHORT),2,0.2,1.712,1.709,1.709,1.717,2026-07-01 03:56:59 UTC,2026-07-01 03:57:03 UTC,3.62,0.3424,0.0046,0.0,0.0006,0.06,13.14,MIN_PROFIT_TP_HIT,0.0654
28,TRUMP_USDT,LONG,StochasticRSI(FAST_SCALP-LONG),2,0.2,1.705,1.708,1.708,1.7,2026-07-01 04:02:59 UTC,2026-07-01 04:05:04 UTC,124.49,0.341,0.0045,0.0,0.0006,0.06,13.2,MIN_PROFIT_TP_HIT,0.066
29,TRUMP_USDT,LONG,StochasticRSI(FAST_SCALP-LONG),2,0.2,1.7,1.703,1.703,1.695,2026-07-01 04:11:59 UTC,2026-07-01 04:16:10 UTC,250.58,0.34,0.0045,0.0,0.0006,0.06,13.24,MIN_PROFIT_TP_HIT,0.0666
30,TRUMP_USDT,SHORT,StochasticRSI(FAST_SCALP-SHORT),2,0.2,1.704,1.709,1.701,1.709,2026-07-01 04:21:59 UTC,2026-07-01 04:31:23 UTC,563.34,0.3408,0.0045,0.0,-0.001,-0.09,-22.01,STOP_LOSS_HIT,0.0656
31,TRUMP_USDT,LONG,StochasticRSI(FAST_SCALP-LONG),2,0.2,1.7,1.703,1.703,1.695,2026-07-01 04:38:59 UTC,2026-07-01 04:41:16 UTC,136.15,0.34,0.0045,0.0,0.0006,0.06,13.24,MIN_PROFIT_TP_HIT,0.0662
32,TRUMP_USDT,SHORT,StochasticRSI(FAST_SCALP-SHORT),2,0.2,1.704,1.701,1.701,1.709,2026-07-01 04:59:59 UTC,2026-07-01 05:01:38 UTC,98.81,0.3408,0.0045,0.0,0.0006,0.06,13.2,MIN_PROFIT_TP_HIT,0.0668
33,TRUMP_USDT,LONG,StochasticRSI(FAST_SCALP-LONG),2,0.2,1.705,1.7,1.708,1.7,2026-07-01 05:06:59 UTC,2026-07-01 05:21:43 UTC,883.63,0.341,0.0045,0.0,-0.001,-0.09,-21.99,STOP_LOSS_HIT,0.0658
34,TRUMP_USDT,LONG,StochasticRSI(FAST_SCALP-LONG),2,0.2,1.701,1.696,1.704,1.696,2026-07-01 05:24:59 UTC,2026-07-01 05:26:59 UTC,119.19,0.3402,0.0045,0.0,-0.001,-0.09,-22.05,STOP_LOSS_HIT,0.0648
35,TRUMP_USDT,LONG,StochasticRSI(FAST_SCALP-LONG),2,0.2,1.706,1.701,1.709,1.701,2026-07-01 05:28:59 UTC,2026-07-01 05:31:55 UTC,175.84,0.3412,0.0045,0.0,-0.001,-0.09,-21.98,STOP_LOSS_HIT,0.0638
36,TRUMP_USDT,SHORT,StochasticRSI(FAST_SCALP-SHORT),2,0.2,1.702,1.707,1.699,1.707,2026-07-01 05:32:59 UTC,2026-07-01 05:48:18 UTC,918.7,0.3404,0.0045,0.0,-0.001,-0.09,-22.03,STOP_LOSS_HIT,0.0628
37,TRUMP_USDT,SHORT,StochasticRSI(FAST_SCALP-SHORT),2,0.2,1.712,1.717,1.709,1.717,2026-07-01 05:52:59 UTC,2026-07-01 05:59:41 UTC,401.12,0.3424,0.0046,0.0,-0.001,-0.09,-21.9,STOP_LOSS_HIT,0.0618
38,TRUMP_USDT,LONG,StochasticRSI(FAST_SCALP-LONG),2,0.2,1.709,1.704,1.712,1.704,2026-07-01 06:06:59 UTC,2026-07-01 06:09:27 UTC,147.43,0.3418,0.0046,0.0,-0.001,-0.09,-21.94,STOP_LOSS_HIT,0.0608
39,TRUMP_USDT,SHORT,StochasticRSI(FAST_SCALP-SHORT),2,0.2,1.71,1.707,1.707,1.715,2026-07-01 06:16:59 UTC,2026-07-01 06:17:35 UTC,35.87,0.342,0.0046,0.0,0.0006,0.06,13.16,MIN_PROFIT_TP_HIT,0.0614
40,TRUMP_USDT,LONG,StochasticRSI(FAST_SCALP-LONG),2,0.2,1.704,1.699,1.707,1.699,2026-07-01 06:23:59 UTC,2026-07-01 06:30:43 UTC,403.06,0.3408,0.0045,0.0,-0.001,-0.09,-22.01,STOP_LOSS_HIT,0.0604
41,TRUMP_USDT,LONG,StochasticRSI(FAST_SCALP-LONG),2,0.2,1.689,1.692,1.692,1.684,2026-07-01 06:50:59 UTC,2026-07-01 06:51:55 UTC,55.71,0.3378,0.0045,0.0,0.0006,0.06,13.32,MIN_PROFIT_TP_HIT,0.061
42,TRUMP_USDT,SHORT,StochasticRSI(FAST_SCALP-SHORT),2,0.2,1.691,1.688,1.688,1.696,2026-07-01 06:55:59 UTC,2026-07-01 07:03:00 UTC,420.64,0.3382,0.0045,0.0,0.0006,0.06,13.31,MIN_PROFIT_TP_HIT,0.0616
43,TRUMP_USDT,LONG,StochasticRSI(FAST_SCALP-LONG),2,0.2,1.689,1.692,1.692,1.684,2026-07-01 07:10:59 UTC,2026-07-01 07:12:39 UTC,99.23,0.3378,0.0045,0.0,0.0006,0.06,13.32,MIN_PROFIT_TP_HIT,0.0622
44,TRUMP_USDT,SHORT,StochasticRSI(FAST_SCALP-SHORT),2,0.2,1.69,1.687,1.687,1.695,2026-07-01 07:14:59 UTC,2026-07-01 07:16:11 UTC,71.35,0.338,0.0045,0.0,0.0006,0.06,13.31,MIN_PROFIT_TP_HIT,0.0628
45,TRUMP_USDT,SHORT,StochasticRSI(FAST_SCALP-SHORT),2,0.2,1.698,1.695,1.695,1.703,2026-07-01 07:26:59 UTC,2026-07-01 07:29:17 UTC,137.44,0.3396,0.0045,0.0,0.0006,0.06,13.25,MIN_PROFIT_TP_HIT,0.0634
46,TRUMP_USDT,LONG,StochasticRSI(FAST_SCALP-LONG),2,0.2,1.695,1.698,1.698,1.69,2026-07-01 07:33:59 UTC,2026-07-01 07:34:06 UTC,6.54,0.339,0.0045,0.0,0.0006,0.06,13.27,MIN_PROFIT_TP_HIT,0.064
47,TRUMP_USDT,LONG,StochasticRSI(FAST_SCALP-LONG),2,0.2,1.695,1.698,1.698,1.69,2026-07-01 07:42:59 UTC,2026-07-01 07:50:06 UTC,426.9,0.339,0.0045,0.0,0.0006,0.06,13.27,MIN_PROFIT_TP_HIT,0.0646
48,TRUMP_USDT,SHORT,StochasticRSI(FAST_SCALP-SHORT),2,0.2,1.698,1.695,1.695,1.703,2026-07-01 07:52:59 UTC,2026-07-01 08:00:00 UTC,420.55,0.3396,0.0045,0.0,0.0006,0.06,13.25,MIN_PROFIT_TP_HIT,0.0652
49,TRUMP_USDT,LONG,StochasticRSI(FAST_SCALP-LONG),2,0.2,1.693,1.696,1.696,1.688,2026-07-01 08:03:59 UTC,2026-07-01 08:07:17 UTC,197.44,0.3386,0.0045,0.0,0.0006,0.06,13.29,MIN_PROFIT_TP_HIT,0.0658
50,TRUMP_USDT,SHORT,StochasticRSI(FAST_SCALP-SHORT),2,0.2,1.698,1.695,1.695,1.703,2026-07-01 08:12:59 UTC,2026-07-01 08:16:14 UTC,194.35,0.3396,0.0045,0.0,0.0006,0.06,13.25,MIN_PROFIT_TP_HIT,0.0664
51,TRUMP_USDT,LONG,StochasticRSI(FAST_SCALP-LONG),2,0.2,1.695,1.69,1.698,1.69,2026-07-01 08:20:59 UTC,2026-07-01 08:24:29 UTC,209.14,0.339,0.0045,0.0,-0.001,-0.09,-22.12,STOP_LOSS_HIT,0.0654
52,TRUMP_USDT,LONG,StochasticRSI(FAST_SCALP-LONG),2,0.2,1.692,1.687,1.695,1.687,2026-07-01 08:27:59 UTC,2026-07-01 08:33:00 UTC,300.83,0.3384,0.0045,0.0,-0.001,-0.09,-22.16,STOP_LOSS_HIT,0.0644
53,TRUMP_USDT,LONG,StochasticRSI(FAST_SCALP-LONG),2,0.2,1.69,1.693,1.693,1.685,2026-07-01 08:35:59 UTC,2026-07-01 08:43:32 UTC,452.79,0.338,0.0045,0.0,0.0006,0.06,13.31,MIN_PROFIT_TP_HIT,0.065
54,TRUMP_USDT,SHORT,StochasticRSI(FAST_SCALP-SHORT),2,0.2,1.693,1.69,1.69,1.698,2026-07-01 08:45:59 UTC,2026-07-01 08:46:34 UTC,34.13,0.3386,0.0045,0.0,0.0006,0.06,13.29,MIN_PROFIT_TP_HIT,0.0656
55,TRUMP_USDT,LONG,StochasticRSI(FAST_SCALP-LONG),2,0.2,1.689,1.692,1.692,1.684,2026-07-01 08:52:59 UTC,2026-07-01 08:55:28 UTC,148.79,0.3378,0.0045,0.0,0.0006,0.06,13.32,MIN_PROFIT_TP_HIT,0.0662
56,TRUMP_USDT,SHORT,StochasticRSI(FAST_SCALP-SHORT),2,0.2,1.698,1.695,1.695,1.703,2026-07-01 09:00:59 UTC,2026-07-01 09:03:22 UTC,142.07,0.3396,0.0045,0.0,0.0006,0.06,13.25,MIN_PROFIT_TP_HIT,0.0668
57,TRUMP_USDT,LONG,StochasticRSI(FAST_SCALP-LONG),2,0.2,1.7,1.703,1.703,1.695,2026-07-01 09:07:59 UTC,2026-07-01 09:09:40 UTC,100.19,0.34,0.0045,0.0,0.0006,0.06,13.24,MIN_PROFIT_TP_HIT,0.0674
58,TRUMP_USDT,SHORT,StochasticRSI(FAST_SCALP-SHORT),2,0.2,1.71,1.707,1.707,1.715,2026-07-01 09:20:59 UTC,2026-07-01 09:25:00 UTC,240.39,0.342,0.0046,0.0,0.0006,0.06,13.16,MIN_PROFIT_TP_HIT,0.068
59,TRUMP_USDT,LONG,StochasticRSI(FAST_SCALP-LONG),2,0.2,1.707,1.702,1.71,1.702,2026-07-01 09:29:59 UTC,2026-07-01 09:38:02 UTC,482.16,0.3414,0.0046,0.0,-0.001,-0.09,-21.97,STOP_LOSS_HIT,0.067
60,TRUMP_USDT,SHORT,StochasticRSI(FAST_SCALP-SHORT),2,0.2,1.699,1.704,1.696,1.704,2026-07-01 09:47:59 UTC,2026-07-01 09:51:06 UTC,186.16,0.3398,0.0045,0.0,-0.001,-0.09,-22.07,STOP_LOSS_HIT,0.066
61,TRUMP_USDT,SHORT,StochasticRSI(FAST_SCALP-SHORT),2,0.2,1.706,1.703,1.703,1.711,2026-07-01 09:54:59 UTC,2026-07-01 10:03:23 UTC,503.71,0.3412,0.0045,0.0,0.0006,0.06,13.19,MIN_PROFIT_TP_HIT,0.0666
62,TRUMP_USDT,LONG,StochasticRSI(FAST_SCALP-LONG),2,0.2,1.704,1.699,1.707,1.699,2026-07-01 10:04:59 UTC,2026-07-01 10:10:49 UTC,349.72,0.3408,0.0045,0.0,-0.001,-0.09,-22.01,STOP_LOSS_HIT,0.0656
63,TRUMP_USDT,LONG,StochasticRSI(FAST_SCALP-LONG),2,0.2,1.692,1.687,1.695,1.687,2026-07-01 10:18:59 UTC,2026-07-01 10:25:52 UTC,412.53,0.3384,0.0045,0.0,-0.001,-0.09,-22.16,STOP_LOSS_HIT,0.0646
64,TRUMP_USDT,LONG,StochasticRSI(FAST_SCALP-LONG),2,0.2,1.687,1.69,1.69,1.682,2026-07-01 10:29:59 UTC,2026-07-01 10:33:56 UTC,236.64,0.3374,0.0045,0.0,0.0006,0.06,13.34,MIN_PROFIT_TP_HIT,0.0652
65,TRUMP_USDT,SHORT,StochasticRSI(FAST_SCALP-SHORT),2,0.2,1.689,1.694,1.686,1.694,2026-07-01 10:36:59 UTC,2026-07-01 10:39:54 UTC,174.76,0.3378,0.0045,0.0,-0.001,-0.09,-22.2,STOP_LOSS_HIT,0.0642
66,TRUMP_USDT,SHORT,StochasticRSI(FAST_SCALP-SHORT),2,0.2,1.694,1.691,1.691,1.699,2026-07-01 10:41:59 UTC,2026-07-01 10:43:18 UTC,78.74,0.3388,0.0045,0.0,0.0006,0.06,13.28,MIN_PROFIT_TP_HIT,0.0648
67,TRUMP_USDT,SHORT,StochasticRSI(FAST_SCALP-SHORT),2,0.2,1.692,1.697,1.689,1.697,2026-07-01 10:44:59 UTC,2026-07-01 10:46:08 UTC,68.48,0.3384,0.0045,0.0,-0.001,-0.09,-22.16,STOP_LOSS_HIT,0.0638
68,TRUMP_USDT,SHORT,StochasticRSI(FAST_SCALP-SHORT),2,0.2,1.696,1.693,1.693,1.701,2026-07-01 10:52:59 UTC,2026-07-01 11:00:45 UTC,465.44,0.3392,0.0045,0.0,0.0006,0.06,13.27,MIN_PROFIT_TP_HIT,0.0644
69,TRUMP_USDT,LONG,StochasticRSI(FAST_SCALP-LONG),2,0.2,1.698,1.701,1.701,1.693,2026-07-01 11:04:59 UTC,2026-07-01 11:12:59 UTC,479.66,0.3396,0.0045,0.0,0.0006,0.06,13.25,MIN_PROFIT_TP_HIT,0.065
70,TRUMP_USDT,SHORT,StochasticRSI(FAST_SCALP-SHORT),2,0.2,1.699,1.696,1.696,1.704,2026-07-01 11:17:59 UTC,2026-07-01 11:23:48 UTC,348.06,0.3398,0.0045,0.0,0.0006,0.06,13.24,MIN_PROFIT_TP_HIT,0.0656
71,TRUMP_USDT,LONG,StochasticRSI(FAST_SCALP-LONG),2,0.2,1.698,1.701,1.701,1.693,2026-07-01 11:26:59 UTC,2026-07-01 11:31:04 UTC,244.03,0.3396,0.0045,0.0,0.0006,0.06,13.25,MIN_PROFIT_TP_HIT,0.0662
72,TRUMP_USDT,SHORT,StochasticRSI(FAST_SCALP-SHORT),2,0.2,1.698,1.695,1.695,1.703,2026-07-01 11:33:59 UTC,2026-07-01 11:41:58 UTC,478.51,0.3396,0.0045,0.0,0.0006,0.06,13.25,MIN_PROFIT_TP_HIT,0.0668
73,TRUMP_USDT,LONG,StochasticRSI(FAST_SCALP-LONG),2,0.2,1.697,1.7,1.7,1.692,2026-07-01 11:44:59 UTC,2026-07-01 11:52:30 UTC,450.3,0.3394,0.0045,0.0,0.0006,0.06,13.26,MIN_PROFIT_TP_HIT,0.0674
74,TRUMP_USDT,SHORT,StochasticRSI(FAST_SCALP-SHORT),2,0.2,1.694,1.691,1.691,1.699,2026-07-01 11:56:59 UTC,2026-07-01 12:01:58 UTC,298.48,0.3388,0.0045,0.0,0.0006,0.06,13.28,MIN_PROFIT_TP_HIT,0.068
75,TRUMP_USDT,LONG,StochasticRSI(FAST_SCALP-LONG),2,0.2,1.69,1.685,1.693,1.685,2026-07-01 12:06:59 UTC,2026-07-01 12:07:40 UTC,40.87,0.338,0.0045,0.0,-0.001,-0.09,-22.19,STOP_LOSS_HIT,0.067
76,TRUMP_USDT,SHORT,StochasticRSI(FAST_SCALP-SHORT),2,0.2,1.692,1.689,1.689,1.697,2026-07-01 12:18:59 UTC,2026-07-01 12:19:26 UTC,26.19,0.3384,0.0045,0.0,0.0006,0.06,13.3,MIN_PROFIT_TP_HIT,0.0676
77,TRUMP_USDT,LONG,StochasticRSI(FAST_SCALP-LONG),2,0.2,1.688,1.683,1.691,1.683,2026-07-01 12:26:59 UTC,2026-07-01 12:30:38 UTC,218.69,0.3376,0.0045,0.0,-0.001,-0.09,-22.22,STOP_LOSS_HIT,0.0666
78,TRUMP_USDT,LONG,StochasticRSI(FAST_SCALP-LONG),2,0.2,1.686,1.689,1.689,1.681,2026-07-01 12:32:59 UTC,2026-07-01 12:33:49 UTC,49.4,0.3372,0.0045,0.0,0.0006,0.06,13.35,MIN_PROFIT_TP_HIT,0.0672
79,TRUMP_USDT,LONG,StochasticRSI(FAST_SCALP-LONG),2,0.2,1.682,1.685,1.685,1.677,2026-07-01 12:42:59 UTC,2026-07-01 12:46:27 UTC,207.78,0.3364,0.0045,0.0,0.0006,0.06,13.38,MIN_PROFIT_TP_HIT,0.0678
80,TRUMP_USDT,LONG,StochasticRSI(FAST_SCALP-LONG),2,0.2,1.678,1.681,1.681,1.673,2026-07-01 12:52:59 UTC,2026-07-01 13:01:27 UTC,507.45,0.3356,0.0045,0.0,0.0006,0.06,13.41,MIN_PROFIT_TP_HIT,0.0684
81,TRUMP_USDT,SHORT,StochasticRSI(FAST_SCALP-SHORT),2,0.2,1.682,1.687,1.679,1.687,2026-07-01 13:06:59 UTC,2026-07-01 13:17:47 UTC,647.93,0.3364,0.0045,0.0,-0.001,-0.09,-22.29,STOP_LOSS_HIT,0.0674
82,TRUMP_USDT,SHORT,StochasticRSI(FAST_SCALP-SHORT),2,0.2,1.683,1.688,1.68,1.688,2026-07-01 13:25:59 UTC,2026-07-01 13:27:45 UTC,105.45,0.3366,0.0045,0.0,-0.001,-0.09,-22.28,STOP_LOSS_HIT,0.0664
83,TRUMP_USDT,LONG,StochasticRSI(FAST_SCALP-LONG),2,0.2,1.684,1.687,1.687,1.679,2026-07-01 13:34:59 UTC,2026-07-01 13:37:03 UTC,123.93,0.3368,0.0045,0.0,0.0006,0.06,13.36,MIN_PROFIT_TP_HIT,0.067
84,TRUMP_USDT,SHORT,StochasticRSI(FAST_SCALP-SHORT),2,0.2,1.689,1.694,1.686,1.694,2026-07-01 13:40:59 UTC,2026-07-01 13:45:48 UTC,288.02,0.3378,0.0045,0.0,-0.001,-0.09,-22.2,STOP_LOSS_HIT,0.066
85,TRUMP_USDT,SHORT,StochasticRSI(FAST_SCALP-SHORT),2,0.2,1.695,1.692,1.692,1.7,2026-07-01 13:54:59 UTC,2026-07-01 13:56:24 UTC,85.0,0.339,0.0045,0.0,0.0006,0.06,13.27,MIN_PROFIT_TP_HIT,0.0666
86,TRUMP_USDT,LONG,StochasticRSI(FAST_SCALP-LONG),2,0.2,1.696,1.691,1.699,1.691,2026-07-01 13:59:59 UTC,2026-07-01 14:03:16 UTC,196.22,0.3392,0.0045,0.0,-0.001,-0.09,-22.11,STOP_LOSS_HIT,0.0656
87,TRUMP_USDT,SHORT,StochasticRSI(FAST_SCALP-SHORT),2,0.2,1.707,1.704,1.704,1.712,2026-07-01 14:16:59 UTC,2026-07-01 14:21:24 UTC,264.22,0.3414,0.0046,0.0,0.0006,0.06,13.18,MIN_PROFIT_TP_HIT,0.0662
88,TRUMP_USDT,LONG,StochasticRSI(FAST_SCALP-LONG),2,0.2,1.701,1.696,1.704,1.696,2026-07-01 14:25:59 UTC,2026-07-01 14:31:32 UTC,332.54,0.3402,0.0045,0.0,-0.001,-0.09,-22.05,STOP_LOSS_HIT,0.0652
89,TRUMP_USDT,LONG,StochasticRSI(FAST_SCALP-LONG),2,0.2,1.692,1.695,1.695,1.687,2026-07-01 14:35:59 UTC,2026-07-01 14:37:19 UTC,79.62,0.3384,0.0045,0.0,0.0006,0.06,13.3,MIN_PROFIT_TP_HIT,0.0658
90,TRUMP_USDT,SHORT,StochasticRSI(FAST_SCALP-SHORT),2,0.2,1.697,1.694,1.694,1.702,2026-07-01 14:43:59 UTC,2026-07-01 14:44:32 UTC,32.22,0.3394,0.0045,0.0,0.0006,0.06,13.26,MIN_PROFIT_TP_HIT,0.0664
91,TRUMP_USDT,LONG,StochasticRSI(FAST_SCALP-LONG),2,0.2,1.695,1.698,1.698,1.69,2026-07-01 14:49:59 UTC,2026-07-01 14:51:34 UTC,94.7,0.339,0.0045,0.0,0.0006,0.06,13.27,MIN_PROFIT_TP_HIT,0.067
92,TRUMP_USDT,SHORT,StochasticRSI(FAST_SCALP-SHORT),2,0.2,1.701,1.706,1.698,1.706,2026-07-01 14:56:59 UTC,2026-07-01 15:01:39 UTC,279.98,0.3402,0.0045,0.0,-0.001,-0.09,-22.05,STOP_LOSS_HIT,0.066
93,TRUMP_USDT,SHORT,StochasticRSI(FAST_SCALP-SHORT),2,0.2,1.703,1.7,1.7,1.708,2026-07-01 15:09:59 UTC,2026-07-01 15:13:18 UTC,198.56,0.3406,0.0045,0.0,0.0006,0.06,13.21,MIN_PROFIT_TP_HIT,0.0666
94,TRUMP_USDT,SHORT,StochasticRSI(FAST_SCALP-SHORT),2,0.2,1.709,1.706,1.706,1.714,2026-07-01 15:26:59 UTC,2026-07-01 15:28:31 UTC,91.79,0.3418,0.0046,0.0,0.0006,0.06,13.17,MIN_PROFIT_TP_HIT,0.0672
95,TRUMP_USDT,SHORT,StochasticRSI(FAST_SCALP-SHORT),2,0.2,1.714,1.719,1.711,1.719,2026-07-01 15:45:59 UTC,2026-07-01 15:53:37 UTC,457.46,0.3428,0.0046,0.0,-0.001,-0.09,-21.88,STOP_LOSS_HIT,0.0662
96,TRUMP_USDT,LONG,StochasticRSI(FAST_SCALP-LONG),2,0.2,1.716,1.719,1.719,1.711,2026-07-01 15:58:59 UTC,2026-07-01 16:02:26 UTC,206.04,0.3432,0.0046,0.0,0.0006,0.06,13.11,MIN_PROFIT_TP_HIT,0.0668
97,TRUMP_USDT,SHORT,StochasticRSI(FAST_SCALP-SHORT),2,0.2,1.719,1.724,1.716,1.724,2026-07-01 16:05:59 UTC,2026-07-01 16:08:48 UTC,168.8,0.3438,0.0046,0.0,-0.001,-0.09,-21.82,STOP_LOSS_HIT,0.0658
98,TRUMP_USDT,SHORT,StochasticRSI(FAST_SCALP-SHORT),2,0.2,1.731,1.736,1.728,1.736,2026-07-01 16:11:59 UTC,2026-07-01 16:12:36 UTC,36.6,0.3462,0.0046,0.0,-0.001,-0.09,-21.66,STOP_LOSS_HIT,0.0648
99,TRUMP_USDT,SHORT,StochasticRSI(FAST_SCALP-SHORT),2,0.2,1.731,1.728,1.728,1.736,2026-07-01 16:15:59 UTC,2026-07-01 16:16:33 UTC,33.26,0.3462,0.0046,0.0,0.0006,0.06,13.0,MIN_PROFIT_TP_HIT,0.0654
100,TRUMP_USDT,LONG,StochasticRSI(FAST_SCALP-LONG),2,0.2,1.722,1.725,1.725,1.717,2026-07-01 16:24:59 UTC,2026-07-01 16:27:38 UTC,158.25,0.3444,0.0046,0.0,0.0006,0.06,13.07,MIN_PROFIT_TP_HIT,0.066
101,TRUMP_USDT,LONG,StochasticRSI(FAST_SCALP-LONG),2,0.2,1.718,1.713,1.721,1.713,2026-07-01 16:32:59 UTC,2026-07-01 16:37:12 UTC,252.96,0.3436,0.0046,0.0,-0.001,-0.09,-21.83,STOP_LOSS_HIT,0.065
102,TRUMP_USDT,LONG,StochasticRSI(FAST_SCALP-LONG),2,0.2,1.711,1.706,1.714,1.706,2026-07-01 16:43:59 UTC,2026-07-01 16:49:27 UTC,327.47,0.3422,0.0046,0.0,-0.001,-0.09,-21.92,STOP_LOSS_HIT,0.064
103,TRUMP_USDT,LONG,StochasticRSI(FAST_SCALP-LONG),2,0.2,1.702,1.697,1.705,1.697,2026-07-01 16:52:59 UTC,2026-07-01 16:56:14 UTC,194.49,0.3404,0.0045,0.0,-0.001,-0.09,-22.03,STOP_LOSS_HIT,0.063
104,TRUMP_USDT,SHORT,StochasticRSI(FAST_SCALP-SHORT),2,0.2,1.7,1.697,1.697,1.705,2026-07-01 17:02:59 UTC,2026-07-01 17:04:43 UTC,103.56,0.34,0.0045,0.0,0.0006,0.06,13.24,MIN_PROFIT_TP_HIT,0.0636
105,TRUMP_USDT,LONG,StochasticRSI(FAST_SCALP-LONG),2,0.2,1.695,1.698,1.698,1.69,2026-07-01 17:08:59 UTC,2026-07-01 17:09:17 UTC,17.5,0.339,0.0045,0.0,0.0006,0.06,13.27,MIN_PROFIT_TP_HIT,0.0642
106,TRUMP_USDT,SHORT,StochasticRSI(FAST_SCALP-SHORT),2,0.2,1.701,1.706,1.698,1.706,2026-07-01 17:17:59 UTC,2026-07-01 17:19:27 UTC,87.77,0.3402,0.0045,0.0,-0.001,-0.09,-22.05,STOP_LOSS_HIT,0.0632
107,TRUMP_USDT,SHORT,StochasticRSI(FAST_SCALP-SHORT),2,0.2,1.71,1.715,1.707,1.715,2026-07-01 17:28:59 UTC,2026-07-01 17:46:08 UTC,1028.46,0.342,0.0046,0.0,-0.001,-0.09,-21.93,STOP_LOSS_HIT,0.0622
108,TRUMP_USDT,SHORT,StochasticRSI(FAST_SCALP-SHORT),2,0.2,1.713,1.718,1.71,1.718,2026-07-01 17:49:59 UTC,2026-07-01 18:14:08 UTC,1448.73,0.3426,0.0046,0.0,-0.001,-0.09,-21.89,STOP_LOSS_HIT,0.0612
109,TRUMP_USDT,LONG,StochasticRSI(FAST_SCALP-LONG),2,0.2,1.709,1.704,1.712,1.704,2026-07-01 18:25:59 UTC,2026-07-01 18:37:30 UTC,690.93,0.3418,0.0046,0.0,-0.001,-0.09,-21.94,STOP_LOSS_HIT,0.0602
110,TRUMP_USDT,LONG,StochasticRSI(FAST_SCALP-LONG),2,0.2,1.705,1.7,1.708,1.7,2026-07-01 18:40:59 UTC,2026-07-01 18:45:10 UTC,250.51,0.341,0.0045,0.0,-0.001,-0.09,-21.99,STOP_LOSS_HIT,0.0592
111,TRUMP_USDT,SHORT,StochasticRSI(FAST_SCALP-SHORT),2,0.2,1.693,1.698,1.69,1.698,2026-07-01 18:53:59 UTC,2026-07-01 19:02:09 UTC,489.69,0.3386,0.0045,0.0,-0.001,-0.09,-22.15,STOP_LOSS_HIT,0.0582
112,TRUMP_USDT,SHORT,StochasticRSI(FAST_SCALP-SHORT),2,0.2,1.697,1.694,1.694,1.702,2026-07-01 19:06:59 UTC,2026-07-01 19:08:13 UTC,73.48,0.3394,0.0045,0.0,0.0006,0.06,13.26,MIN_PROFIT_TP_HIT,0.0588
113,TRUMP_USDT,SHORT,StochasticRSI(FAST_SCALP-SHORT),2,0.2,1.695,1.692,1.692,1.7,2026-07-01 19:09:59 UTC,2026-07-01 19:11:35 UTC,95.18,0.339,0.0045,0.0,0.0006,0.06,13.27,MIN_PROFIT_TP_HIT,0.0594
114,TRUMP_USDT,LONG,StochasticRSI(FAST_SCALP-LONG),2,0.2,1.689,1.692,1.692,1.684,2026-07-01 19:15:59 UTC,2026-07-01 19:18:14 UTC,134.31,0.3378,0.0045,0.0,0.0006,0.06,13.32,MIN_PROFIT_TP_HIT,0.06
115,TRUMP_USDT,SHORT,StochasticRSI(FAST_SCALP-SHORT),2,0.2,1.692,1.697,1.689,1.697,2026-07-01 19:25:59 UTC,2026-07-01 19:34:34 UTC,514.44,0.3384,0.0045,0.0,-0.001,-0.09,-22.16,STOP_LOSS_HIT,0.059
116,TRUMP_USDT,SHORT,StochasticRSI(FAST_SCALP-SHORT),2,0.2,1.692,1.689,1.689,1.697,2026-07-01 19:36:59 UTC,2026-07-01 19:40:31 UTC,211.17,0.3384,0.0045,0.0,0.0006,0.06,13.3,MIN_PROFIT_TP_HIT,0.0596
117,TRUMP_USDT,LONG,StochasticRSI(FAST_SCALP-LONG),2,0.2,1.69,1.685,1.693,1.685,2026-07-01 19:43:59 UTC,2026-07-01 19:52:13 UTC,493.71,0.338,0.0045,0.0,-0.001,-0.09,-22.19,STOP_LOSS_HIT,0.0586
118,TRUMP_USDT,LONG,StochasticRSI(FAST_SCALP-LONG),2,0.2,1.686,1.689,1.689,1.681,2026-07-01 20:00:59 UTC,2026-07-01 20:05:17 UTC,257.58,0.3372,0.0045,0.0,0.0006,0.06,13.35,MIN_PROFIT_TP_HIT,0.0592
119,TRUMP_USDT,SHORT,StochasticRSI(FAST_SCALP-SHORT),2,0.2,1.692,1.689,1.689,1.697,2026-07-01 20:07:59 UTC,2026-07-01 20:08:01 UTC,1.45,0.3384,0.0045,0.0,0.0006,0.06,13.3,MIN_PROFIT_TP_HIT,0.0598
120,TRUMP_USDT,SHORT,StochasticRSI(FAST_SCALP-SHORT),2,0.2,1.683,1.688,1.68,1.688,2026-07-01 20:09:59 UTC,2026-07-01 20:13:41 UTC,221.31,0.3366,0.0045,0.0,-0.001,-0.09,-22.28,STOP_LOSS_HIT,0.0588
121,TRUMP_USDT,LONG,StochasticRSI(FAST_SCALP-LONG),2,0.2,1.685,1.688,1.688,1.68,2026-07-01 20:21:59 UTC,2026-07-01 20:25:12 UTC,192.05,0.337,0.0045,0.0,0.0006,0.06,13.35,MIN_PROFIT_TP_HIT,0.0594
122,TRUMP_USDT,SHORT,StochasticRSI(FAST_SCALP-SHORT),2,0.2,1.687,1.692,1.684,1.692,2026-07-01 20:28:59 UTC,2026-07-01 20:48:34 UTC,1174.35,0.3374,0.0045,0.0,-0.001,-0.09,-22.23,STOP_LOSS_HIT,0.0584
123,TRUMP_USDT,SHORT,StochasticRSI(FAST_SCALP-SHORT),2,0.2,1.691,1.696,1.688,1.696,2026-07-01 20:49:59 UTC,2026-07-01 21:05:38 UTC,938.69,0.3382,0.0045,0.0,-0.001,-0.09,-22.18,STOP_LOSS_HIT,0.0574
124,TRUMP_USDT,SHORT,StochasticRSI(FAST_SCALP-SHORT),2,0.2,1.7,1.705,1.697,1.705,2026-07-01 21:16:59 UTC,2026-07-01 21:18:01 UTC,61.08,0.34,0.0045,0.0,-0.001,-0.09,-22.06,STOP_LOSS_HIT,0.0564
125,TRUMP_USDT,LONG,StochasticRSI(FAST_SCALP-LONG),2,0.2,1.701,1.704,1.704,1.696,2026-07-01 21:20:59 UTC,2026-07-01 21:23:04 UTC,124.84,0.3402,0.0045,0.0,0.0006,0.06,13.23,MIN_PROFIT_TP_HIT,0.057
126,TRUMP_USDT,LONG,StochasticRSI(FAST_SCALP-LONG),2,0.2,1.703,1.706,1.706,1.698,2026-07-01 21:24:59 UTC,2026-07-01 21:26:19 UTC,79.09,0.3406,0.0045,0.0,0.0006,0.06,13.21,MIN_PROFIT_TP_HIT,0.0576
127,TRUMP_USDT,SHORT,StochasticRSI(FAST_SCALP-SHORT),2,0.2,1.707,1.712,1.704,1.712,2026-07-01 21:31:59 UTC,2026-07-01 21:34:38 UTC,158.41,0.3414,0.0046,0.0,-0.001,-0.09,-21.97,STOP_LOSS_HIT,0.0566
128,TRUMP_USDT,SHORT,StochasticRSI(FAST_SCALP-SHORT),2,0.2,1.715,1.712,1.712,1.72,2026-07-01 21:38:59 UTC,2026-07-01 21:39:43 UTC,43.39,0.343,0.0046,0.0,0.0006,0.06,13.12,MIN_PROFIT_TP_HIT,0.0572
129,TRUMP_USDT,LONG,StochasticRSI(FAST_SCALP-LONG),2,0.2,1.713,1.716,1.716,1.708,2026-07-01 21:45:59 UTC,2026-07-01 21:49:46 UTC,226.05,0.3426,0.0046,0.0,0.0006,0.06,13.13,MIN_PROFIT_TP_HIT,0.0578
130,TRUMP_USDT,SHORT,StochasticRSI(FAST_SCALP-SHORT),2,0.2,1.717,1.714,1.714,1.722,2026-07-01 21:55:59 UTC,2026-07-01 21:56:21 UTC,21.13,0.3434,0.0046,0.0,0.0006,0.06,13.1,MIN_PROFIT_TP_HIT,0.0584
131,TRUMP_USDT,LONG,StochasticRSI(FAST_SCALP-LONG),2,0.2,1.713,1.716,1.716,1.708,2026-07-01 21:59:59 UTC,2026-07-01 22:01:00 UTC,60.07,0.3426,0.0046,0.0,0.0006,0.06,13.13,MIN_PROFIT_TP_HIT,0.059
132,TRUMP_USDT,LONG,StochasticRSI(FAST_SCALP-LONG),2,0.2,1.712,1.715,1.715,1.707,2026-07-01 22:02:59 UTC,2026-07-01 22:03:35 UTC,35.91,0.3424,0.0046,0.0,0.0006,0.06,13.14,MIN_PROFIT_TP_HIT,0.0596
133,TRUMP_USDT,LONG,StochasticRSI(FAST_SCALP-LONG),2,0.2,1.711,1.714,1.714,1.706,2026-07-01 22:05:59 UTC,2026-07-01 22:08:23 UTC,143.03,0.3422,0.0046,0.0,0.0006,0.06,13.15,MIN_PROFIT_TP_HIT,0.0602
134,TRUMP_USDT,SHORT,StochasticRSI(FAST_SCALP-SHORT),2,0.2,1.714,1.719,1.711,1.719,2026-07-01 22:15:59 UTC,2026-07-01 22:21:18 UTC,318.1,0.3428,0.0046,0.0,-0.001,-0.09,-21.88,STOP_LOSS_HIT,0.0592
135,TRUMP_USDT,SHORT,StochasticRSI(FAST_SCALP-SHORT),2,0.2,1.716,1.713,1.713,1.721,2026-07-01 22:25:59 UTC,2026-07-01 22:26:17 UTC,17.59,0.3432,0.0046,0.0,0.0006,0.06,13.11,MIN_PROFIT_TP_HIT,0.0598
136,TRUMP_USDT,LONG,StochasticRSI(FAST_SCALP-LONG),2,0.2,1.707,1.71,1.71,1.702,2026-07-01 22:31:59 UTC,2026-07-01 22:32:36 UTC,36.55,0.3414,0.0046,0.0,0.0006,0.06,13.18,MIN_PROFIT_TP_HIT,0.0604
137,TRUMP_USDT,SHORT,StochasticRSI(FAST_SCALP-SHORT),2,0.2,1.704,1.701,1.701,1.709,2026-07-01 22:44:59 UTC,2026-07-01 22:46:02 UTC,62.88,0.3408,0.0045,0.0,0.0006,0.06,13.2,MIN_PROFIT_TP_HIT,0.061
138,TRUMP_USDT,SHORT,StochasticRSI(FAST_SCALP-SHORT),2,0.2,1.7,1.697,1.697,1.705,2026-07-01 22:56:59 UTC,2026-07-01 23:00:55 UTC,235.06,0.34,0.0045,0.0,0.0006,0.06,13.24,MIN_PROFIT_TP_HIT,0.0616
139,TRUMP_USDT,SHORT,StochasticRSI(FAST_SCALP-SHORT),2,0.2,1.7,1.697,1.697,1.705,2026-07-01 23:01:59 UTC,2026-07-01 23:02:14 UTC,14.86,0.34,0.0045,0.0,0.0006,0.06,13.24,MIN_PROFIT_TP_HIT,0.0622
140,TRUMP_USDT,SHORT,StochasticRSI(FAST_SCALP-SHORT),2,0.2,1.695,1.692,1.692,1.7,2026-07-01 23:07:59 UTC,2026-07-01 23:11:02 UTC,182.15,0.339,0.0045,0.0,0.0006,0.06,13.27,MIN_PROFIT_TP_HIT,0.0628
141,TRUMP_USDT,LONG,StochasticRSI(FAST_SCALP-LONG),2,0.2,1.688,1.691,1.691,1.683,2026-07-01 23:15:59 UTC,2026-07-01 23:17:39 UTC,99.45,0.3376,0.0045,0.0,0.0006,0.06,13.33,MIN_PROFIT_TP_HIT,0.0634
142,TRUMP_USDT,SHORT,StochasticRSI(FAST_SCALP-SHORT),2,0.2,1.69,1.687,1.687,1.695,2026-07-01 23:22:59 UTC,2026-07-01 23:32:03 UTC,543.18,0.338,0.0045,0.0,0.0006,0.06,13.31,MIN_PROFIT_TP_HIT,0.064
143,TRUMP_USDT,LONG,StochasticRSI(FAST_SCALP-LONG),2,0.2,1.685,1.688,1.688,1.68,2026-07-01 23:35:59 UTC,2026-07-01 23:37:34 UTC,94.14,0.337,0.0045,0.0,0.0006,0.06,13.35,MIN_PROFIT_TP_HIT,0.0646
144,TRUMP_USDT,LONG,StochasticRSI(FAST_SCALP-LONG),2,0.2,1.688,1.683,1.691,1.683,2026-07-01 23:38:59 UTC,2026-07-01 23:49:10 UTC,610.3,0.3376,0.0045,0.0,-0.001,-0.09,-22.22,STOP_LOSS_HIT,0.0636
145,TRUMP_USDT,LONG,StochasticRSI(FAST_SCALP-LONG),2,0.2,1.684,1.679,1.687,1.679,2026-07-01 23:54:59 UTC,2026-07-02 00:02:18 UTC,438.37,0.3368,0.0045,0.0,-0.001,-0.09,-22.27,STOP_LOSS_HIT,0.0626
146,TRUMP_USDT,LONG,StochasticRSI(FAST_SCALP-LONG),2,0.2,1.679,1.682,1.682,1.674,2026-07-02 00:06:59 UTC,2026-07-02 00:08:25 UTC,85.4,0.3358,0.0045,0.0,0.0006,0.06,13.4,MIN_PROFIT_TP_HIT,0.0632
147,TRUMP_USDT,SHORT,StochasticRSI(FAST_SCALP-SHORT),2,0.2,1.683,1.68,1.68,1.688,2026-07-02 00:12:59 UTC,2026-07-02 00:18:35 UTC,335.49,0.3366,0.0045,0.0,0.0006,0.06,13.37,MIN_PROFIT_TP_HIT,0.0638
148,TRUMP_USDT,LONG,StochasticRSI(FAST_SCALP-LONG),2,0.2,1.68,1.675,1.683,1.675,2026-07-02 00:22:59 UTC,2026-07-02 00:27:05 UTC,245.06,0.336,0.0045,0.0,-0.001,-0.09,-22.32,STOP_LOSS_HIT,0.0628
149,TRUMP_USDT,SHORT,StochasticRSI(FAST_SCALP-SHORT),2,0.2,1.672,1.677,1.669,1.677,2026-07-02 00:39:59 UTC,2026-07-02 00:48:41 UTC,521.5,0.3344,0.0045,0.0,-0.001,-0.09,-22.43,STOP_LOSS_HIT,0.0618
150,TRUMP_USDT,SHORT,StochasticRSI(FAST_SCALP-SHORT),2,0.2,1.679,1.684,1.676,1.684,2026-07-02 01:02:59 UTC,2026-07-02 01:12:36 UTC,576.51,0.3358,0.0045,0.0,-0.001,-0.09,-22.33,STOP_LOSS_HIT,0.0608
151,TRUMP_USDT,SHORT,StochasticRSI(FAST_SCALP-SHORT),2,0.2,1.682,1.687,1.679,1.687,2026-07-02 01:17:59 UTC,2026-07-02 01:20:09 UTC,129.42,0.3364,0.0045,0.0,-0.001,-0.09,-22.29,STOP_LOSS_HIT,0.0598
152,TRUMP_USDT,SHORT,StochasticRSI(FAST_SCALP-SHORT),2,0.2,1.687,1.692,1.684,1.692,2026-07-02 01:28:59 UTC,2026-07-02 01:39:25 UTC,625.26,0.3374,0.0045,0.0,-0.001,-0.09,-22.23,STOP_LOSS_HIT,0.0588
153,TRUMP_USDT,SHORT,StochasticRSI(FAST_SCALP-SHORT),2,0.2,1.693,1.69,1.69,1.698,2026-07-02 01:43:59 UTC,2026-07-02 01:50:36 UTC,396.03,0.3386,0.0045,0.0,0.0006,0.06,13.29,MIN_PROFIT_TP_HIT,0.0594
154,TRUMP_USDT,LONG,StochasticRSI(FAST_SCALP-LONG),2,0.2,1.689,1.684,1.692,1.684,2026-07-02 01:53:59 UTC,2026-07-02 02:07:03 UTC,783.17,0.3378,0.0045,0.0,-0.001,-0.09,-22.2,STOP_LOSS_HIT,0.0584
155,TRUMP_USDT,LONG,StochasticRSI(FAST_SCALP-LONG),2,0.2,1.678,1.681,1.681,1.673,2026-07-02 02:12:59 UTC,2026-07-02 02:13:29 UTC,29.02,0.3356,0.0045,0.0,0.0006,0.06,13.41,MIN_PROFIT_TP_HIT,0.059
156,TRUMP_USDT,SHORT,StochasticRSI(FAST_SCALP-SHORT),2,0.2,1.682,1.687,1.679,1.687,2026-07-02 02:18:59 UTC,2026-07-02 02:32:16 UTC,796.37,0.3364,0.0045,0.0,-0.001,-0.09,-22.29,STOP_LOSS_HIT,0.058
157,TRUMP_USDT,SHORT,StochasticRSI(FAST_SCALP-SHORT),2,0.2,1.688,1.693,1.685,1.693,2026-07-02 02:37:59 UTC,2026-07-02 02:41:13 UTC,193.62,0.3376,0.0045,0.0,-0.001,-0.09,-22.22,STOP_LOSS_HIT,0.057
158,TRUMP_USDT,SHORT,StochasticRSI(FAST_SCALP-SHORT),2,0.2,1.694,1.691,1.691,1.699,2026-07-02 02:44:59 UTC,2026-07-02 02:49:11 UTC,251.44,0.3388,0.0045,0.0,0.0006,0.06,13.28,MIN_PROFIT_TP_HIT,0.0576
159,TRUMP_USDT,LONG,StochasticRSI(FAST_SCALP-LONG),2,0.2,1.691,1.694,1.694,1.686,2026-07-02 02:52:59 UTC,2026-07-02 02:56:10 UTC,190.29,0.3382,0.0045,0.0,0.0006,0.06,13.31,MIN_PROFIT_TP_HIT,0.0582
160,TRUMP_USDT,LONG,StochasticRSI(FAST_SCALP-LONG),2,0.2,1.69,1.685,1.693,1.685,2026-07-02 03:08:59 UTC,2026-07-02 03:19:04 UTC,604.23,0.338,0.0045,0.0,-0.001,-0.09,-22.19,STOP_LOSS_HIT,0.0572
161,TRUMP_USDT,LONG,StochasticRSI(FAST_SCALP-LONG),2,0.2,1.684,1.687,1.687,1.679,2026-07-02 03:23:59 UTC,2026-07-02 03:27:50 UTC,230.9,0.3368,0.0045,0.0,0.0006,0.06,13.36,MIN_PROFIT_TP_HIT,0.0578
162,TRUMP_USDT,SHORT,StochasticRSI(FAST_SCALP-SHORT),2,0.2,1.691,1.696,1.688,1.696,2026-07-02 03:30:59 UTC,2026-07-02 03:38:44 UTC,464.17,0.3382,0.0045,0.0,-0.001,-0.09,-22.18,STOP_LOSS_HIT,0.0568
163,TRUMP_USDT,LONG,StochasticRSI(FAST_SCALP-LONG),2,0.2,1.696,1.699,1.699,1.691,2026-07-02 03:39:59 UTC,2026-07-02 03:42:28 UTC,148.66,0.3392,0.0045,0.0,0.0006,0.06,13.27,MIN_PROFIT_TP_HIT,0.0574
164,TRUMP_USDT,SHORT,StochasticRSI(FAST_SCALP-SHORT),2,0.2,1.699,1.696,1.696,1.704,2026-07-02 03:44:59 UTC,2026-07-02 03:46:21 UTC,81.81,0.3398,0.0045,0.0,0.0006,0.06,13.24,MIN_PROFIT_TP_HIT,0.058
165,TRUMP_USDT,LONG,StochasticRSI(FAST_SCALP-LONG),2,0.2,1.697,1.7,1.7,1.692,2026-07-02 03:51:59 UTC,2026-07-02 03:52:08 UTC,8.56,0.3394,0.0045,0.0,0.0006,0.06,13.26,MIN_PROFIT_TP_HIT,0.0586
166,TRUMP_USDT,LONG,StochasticRSI(FAST_SCALP-LONG),2,0.2,1.699,1.694,1.702,1.694,2026-07-02 04:10:59 UTC,2026-07-02 04:15:20 UTC,260.21,0.3398,0.0045,0.0,-0.001,-0.09,-22.07,STOP_LOSS_HIT,0.0576
167,TRUMP_USDT,LONG,StochasticRSI(FAST_SCALP-LONG),2,0.2,1.692,1.695,1.695,1.687,2026-07-02 04:25:59 UTC,2026-07-02 04:39:42 UTC,822.8,0.3384,0.0045,0.0,0.0006,0.06,13.3,MIN_PROFIT_TP_HIT,0.0582
168,TRUMP_USDT,SHORT,StochasticRSI(FAST_SCALP-SHORT),2,0.2,1.691,1.696,1.688,1.696,2026-07-02 04:41:59 UTC,2026-07-02 04:44:20 UTC,140.62,0.3382,0.0045,0.0,-0.001,-0.09,-22.18,STOP_LOSS_HIT,0.0572
169,TRUMP_USDT,SHORT,StochasticRSI(FAST_SCALP-SHORT),2,0.2,1.708,1.705,1.705,1.713,2026-07-02 04:49:59 UTC,2026-07-02 04:54:20 UTC,260.32,0.3416,0.0046,0.0,0.0006,0.06,13.17,MIN_PROFIT_TP_HIT,0.0578
170,TRUMP_USDT,LONG,StochasticRSI(FAST_SCALP-LONG),2,0.2,1.704,1.699,1.707,1.699,2026-07-02 04:57:59 UTC,2026-07-02 05:21:04 UTC,1384.31,0.3408,0.0045,0.0,-0.001,-0.09,-22.01,STOP_LOSS_HIT,0.0568
171,TRUMP_USDT,LONG,StochasticRSI(FAST_SCALP-LONG),2,0.2,1.697,1.7,1.7,1.692,2026-07-02 05:27:59 UTC,2026-07-02 05:28:06 UTC,6.53,0.3394,0.0045,0.0,0.0006,0.06,13.26,MIN_PROFIT_TP_HIT,0.0574
172,TRUMP_USDT,LONG,StochasticRSI(FAST_SCALP-LONG),2,0.2,1.691,1.694,1.694,1.686,2026-07-02 05:33:59 UTC,2026-07-02 05:34:35 UTC,35.76,0.3382,0.0045,0.0,0.0006,0.06,13.31,MIN_PROFIT_TP_HIT,0.058
173,TRUMP_USDT,SHORT,StochasticRSI(FAST_SCALP-SHORT),2,0.2,1.691,1.688,1.688,1.696,2026-07-02 05:39:59 UTC,2026-07-02 05:42:42 UTC,162.95,0.3382,0.0045,0.0,0.0006,0.06,13.31,MIN_PROFIT_TP_HIT,0.0586
174,TRUMP_USDT,LONG,StochasticRSI(FAST_SCALP-LONG),2,0.2,1.687,1.69,1.69,1.682,2026-07-02 05:46:59 UTC,2026-07-02 05:50:36 UTC,216.1,0.3374,0.0045,0.0,0.0006,0.06,13.34,MIN_PROFIT_TP_HIT,0.0592
175,TRUMP_USDT,SHORT,StochasticRSI(FAST_SCALP-SHORT),2,0.2,1.689,1.686,1.686,1.694,2026-07-02 05:51:59 UTC,2026-07-02 06:03:25 UTC,685.69,0.3378,0.0045,0.0,0.0006,0.06,13.32,MIN_PROFIT_TP_HIT,0.0598
176,TRUMP_USDT,LONG,StochasticRSI(FAST_SCALP-LONG),2,0.2,1.688,1.683,1.691,1.683,2026-07-02 06:07:59 UTC,2026-07-02 06:09:55 UTC,115.24,0.3376,0.0045,0.0,-0.001,-0.09,-22.22,STOP_LOSS_HIT,0.0588
177,TRUMP_USDT,LONG,StochasticRSI(FAST_SCALP-LONG),2,0.2,1.682,1.685,1.685,1.677,2026-07-02 06:14:59 UTC,2026-07-02 06:15:41 UTC,41.7,0.3364,0.0045,0.0,0.0006,0.06,13.38,MIN_PROFIT_TP_HIT,0.0594
178,TRUMP_USDT,SHORT,StochasticRSI(FAST_SCALP-SHORT),2,0.2,1.685,1.69,1.682,1.69,2026-07-02 06:24:59 UTC,2026-07-02 06:31:56 UTC,416.87,0.337,0.0045,0.0,-0.001,-0.09,-22.26,STOP_LOSS_HIT,0.0584
179,TRUMP_USDT,LONG,StochasticRSI(FAST_SCALP-LONG),2,0.2,1.688,1.683,1.691,1.683,2026-07-02 06:41:59 UTC,2026-07-02 06:47:01 UTC,301.09,0.3376,0.0045,0.0,-0.001,-0.09,-22.22,STOP_LOSS_HIT,0.0574
180,TRUMP_USDT,LONG,StochasticRSI(FAST_SCALP-LONG),2,0.2,1.683,1.678,1.686,1.678,2026-07-02 06:53:59 UTC,2026-07-02 07:04:02 UTC,602.41,0.3366,0.0045,0.0,-0.001,-0.09,-22.28,STOP_LOSS_HIT,0.0564
181,TRUMP_USDT,SHORT,StochasticRSI(FAST_SCALP-SHORT),2,0.2,1.681,1.678,1.678,1.686,2026-07-02 07:09:59 UTC,2026-07-02 07:12:06 UTC,126.5,0.3362,0.0045,0.0,0.0006,0.06,13.38,MIN_PROFIT_TP_HIT,0.057
182,TRUMP_USDT,LONG,StochasticRSI(FAST_SCALP-LONG),2,0.2,1.678,1.673,1.681,1.673,2026-07-02 07:16:59 UTC,2026-07-02 07:26:59 UTC,599.94,0.3356,0.0045,0.0,-0.001,-0.09,-22.35,STOP_LOSS_HIT,0.056
183,TRUMP_USDT,LONG,StochasticRSI(FAST_SCALP-LONG),2,0.2,1.676,1.671,1.679,1.671,2026-07-02 07:29:59 UTC,2026-07-02 07:31:11 UTC,71.77,0.3352,0.0045,0.0,-0.001,-0.09,-22.37,STOP_LOSS_HIT,0.055
184,TRUMP_USDT,LONG,StochasticRSI(FAST_SCALP-LONG),2,0.2,1.669,1.672,1.672,1.664,2026-07-02 07:35:59 UTC,2026-07-02 07:38:58 UTC,178.42,0.3338,0.0045,0.0,0.0006,0.06,13.48,MIN_PROFIT_TP_HIT,0.0556
185,TRUMP_USDT,SHORT,StochasticRSI(FAST_SCALP-SHORT),2,0.2,1.675,1.672,1.672,1.68,2026-07-02 07:44:59 UTC,2026-07-02 08:00:43 UTC,943.97,0.335,0.0045,0.0,0.0006,0.06,13.43,MIN_PROFIT_TP_HIT,0.0562
186,TRUMP_USDT,SHORT,StochasticRSI(FAST_SCALP-SHORT),2,0.2,1.674,1.671,1.671,1.679,2026-07-02 08:09:59 UTC,2026-07-02 08:11:52 UTC,112.52,0.3348,0.0045,0.0,0.0006,0.06,13.44,MIN_PROFIT_TP_HIT,0.0568
187,TRUMP_USDT,LONG,StochasticRSI(FAST_SCALP-LONG),2,0.2,1.675,1.678,1.678,1.67,2026-07-02 08:15:59 UTC,2026-07-02 08:24:47 UTC,527.61,0.335,0.0045,0.0,0.0006,0.06,13.43,MIN_PROFIT_TP_HIT,0.0574
188,TRUMP_USDT,SHORT,StochasticRSI(FAST_SCALP-SHORT),2,0.2,1.676,1.681,1.673,1.681,2026-07-02 08:26:59 UTC,2026-07-02 08:33:10 UTC,370.59,0.3352,0.0045,0.0,-0.001,-0.09,-22.37,STOP_LOSS_HIT,0.0564
189,TRUMP_USDT,SHORT,StochasticRSI(FAST_SCALP-SHORT),2,0.2,1.679,1.676,1.676,1.684,2026-07-02 08:37:59 UTC,2026-07-02 09:06:08 UTC,1688.06,0.3358,0.0045,0.0,0.0006,0.06,13.4,MIN_PROFIT_TP_HIT,0.057
190,TRUMP_USDT,LONG,StochasticRSI(FAST_SCALP-LONG),2,0.2,1.675,1.678,1.678,1.67,2026-07-02 09:09:59 UTC,2026-07-02 09:11:55 UTC,115.23,0.335,0.0045,0.0,0.0006,0.06,13.43,MIN_PROFIT_TP_HIT,0.0576
191,TRUMP_USDT,LONG,StochasticRSI(FAST_SCALP-LONG),2,0.2,1.677,1.672,1.68,1.672,2026-07-02 09:12:59 UTC,2026-07-02 09:15:38 UTC,158.22,0.3354,0.0045,0.0,-0.001,-0.09,-22.36,STOP_LOSS_HIT,0.0566
192,TRUMP_USDT,SHORT,StochasticRSI(FAST_SCALP-SHORT),2,0.2,1.678,1.675,1.675,1.683,2026-07-02 09:21:59 UTC,2026-07-02 09:25:12 UTC,192.38,0.3356,0.0045,0.0,0.0006,0.06,13.41,MIN_PROFIT_TP_HIT,0.0572
193,TRUMP_USDT,LONG,StochasticRSI(FAST_SCALP-LONG),2,0.2,1.68,1.683,1.683,1.675,2026-07-02 09:28:59 UTC,2026-07-02 09:31:19 UTC,139.09,0.336,0.0045,0.0,0.0006,0.06,13.39,MIN_PROFIT_TP_HIT,0.0578
194,TRUMP_USDT,SHORT,StochasticRSI(FAST_SCALP-SHORT),2,0.2,1.683,1.688,1.68,1.688,2026-07-02 09:33:59 UTC,2026-07-02 09:36:34 UTC,154.91,0.3366,0.0045,0.0,-0.001,-0.09,-22.28,STOP_LOSS_HIT,0.0568
195,TRUMP_USDT,SHORT,StochasticRSI(FAST_SCALP-SHORT),2,0.2,1.691,1.688,1.688,1.696,2026-07-02 09:40:59 UTC,2026-07-02 09:43:40 UTC,160.8,0.3382,0.0045,0.0,0.0006,0.06,13.31,MIN_PROFIT_TP_HIT,0.0574
196,TRUMP_USDT,LONG,StochasticRSI(FAST_SCALP-LONG),2,0.2,1.69,1.693,1.693,1.685,2026-07-02 09:48:59 UTC,2026-07-02 09:53:43 UTC,283.17,0.338,0.0045,0.0,0.0006,0.06,13.31,MIN_PROFIT_TP_HIT,0.058
197,TRUMP_USDT,SHORT,StochasticRSI(FAST_SCALP-SHORT),2,0.2,1.689,1.686,1.686,1.694,2026-07-02 09:56:59 UTC,2026-07-02 09:59:47 UTC,167.39,0.3378,0.0045,0.0,0.0006,0.06,13.32,MIN_PROFIT_TP_HIT,0.0586
198,TRUMP_USDT,LONG,StochasticRSI(FAST_SCALP-LONG),2,0.2,1.685,1.688,1.688,1.68,2026-07-02 10:02:59 UTC,2026-07-02 10:05:41 UTC,161.76,0.337,0.0045,0.0,0.0006,0.06,13.35,MIN_PROFIT_TP_HIT,0.0592
199,TRUMP_USDT,SHORT,StochasticRSI(FAST_SCALP-SHORT),2,0.2,1.69,1.695,1.687,1.695,2026-07-02 10:10:59 UTC,2026-07-02 10:13:41 UTC,161.83,0.338,0.0045,0.0,-0.001,-0.09,-22.19,STOP_LOSS_HIT,0.0582
200,TRUMP_USDT,SHORT,StochasticRSI(FAST_SCALP-SHORT),2,0.2,1.692,1.697,1.689,1.697,2026-07-02 10:17:59 UTC,2026-07-02 10:31:03 UTC,783.66,0.3384,0.0045,0.0,-0.001,-0.09,-22.16,STOP_LOSS_HIT,0.0572
201,TRUMP_USDT,LONG,StochasticRSI(FAST_SCALP-LONG),2,0.2,1.696,1.699,1.699,1.691,2026-07-02 10:43:59 UTC,2026-07-02 11:06:06 UTC,1326.62,0.3392,0.0045,0.0,0.0006,0.06,13.27,MIN_PROFIT_TP_HIT,0.0578
202,TRUMP_USDT,SHORT,StochasticRSI(FAST_SCALP-SHORT),2,0.2,1.698,1.703,1.695,1.703,2026-07-02 11:09:59 UTC,2026-07-02 11:11:22 UTC,82.77,0.3396,0.0045,0.0,-0.001,-0.09,-22.08,STOP_LOSS_HIT,0.0568
203,TRUMP_USDT,SHORT,StochasticRSI(FAST_SCALP-SHORT),2,0.2,1.704,1.701,1.701,1.709,2026-07-02 11:16:59 UTC,2026-07-02 11:20:41 UTC,221.27,0.3408,0.0045,0.0,0.0006,0.06,13.2,MIN_PROFIT_TP_HIT,0.0574
204,TRUMP_USDT,LONG,StochasticRSI(FAST_SCALP-LONG),2,0.2,1.705,1.708,1.708,1.7,2026-07-02 11:23:59 UTC,2026-07-02 11:24:08 UTC,8.19,0.341,0.0045,0.0,0.0006,0.06,13.2,MIN_PROFIT_TP_HIT,0.058
205,TRUMP_USDT,SHORT,StochasticRSI(FAST_SCALP-SHORT),2,0.2,1.711,1.708,1.708,1.716,2026-07-02 11:29:59 UTC,2026-07-02 11:35:09 UTC,309.51,0.3422,0.0046,0.0,0.0006,0.06,13.15,MIN_PROFIT_TP_HIT,0.0586
206,TRUMP_USDT,LONG,StochasticRSI(FAST_SCALP-LONG),2,0.2,1.711,1.714,1.714,1.706,2026-07-02 11:36:59 UTC,2026-07-02 11:43:25 UTC,385.86,0.3422,0.0046,0.0,0.0006,0.06,13.15,MIN_PROFIT_TP_HIT,0.0592
207,TRUMP_USDT,SHORT,StochasticRSI(FAST_SCALP-SHORT),2,0.2,1.713,1.71,1.71,1.718,2026-07-02 11:47:59 UTC,2026-07-02 11:48:25 UTC,25.85,0.3426,0.0046,0.0,0.0006,0.06,13.13,MIN_PROFIT_TP_HIT,0.0598
208,TRUMP_USDT,LONG,StochasticRSI(FAST_SCALP-LONG),2,0.2,1.706,1.709,1.709,1.701,2026-07-02 11:52:59 UTC,2026-07-02 11:53:00 UTC,0.54,0.3412,0.0045,0.0,0.0006,0.06,13.19,MIN_PROFIT_TP_HIT,0.0604
209,TRUMP_USDT,LONG,StochasticRSI(FAST_SCALP-LONG),2,0.2,1.703,1.706,1.706,1.698,2026-07-02 11:57:59 UTC,2026-07-02 11:59:30 UTC,90.91,0.3406,0.0045,0.0,0.0006,0.06,13.21,MIN_PROFIT_TP_HIT,0.061
210,TRUMP_USDT,SHORT,StochasticRSI(FAST_SCALP-SHORT),2,0.2,1.704,1.709,1.701,1.709,2026-07-02 12:03:59 UTC,2026-07-02 12:06:54 UTC,174.08,0.3408,0.0045,0.0,-0.001,-0.09,-22.01,STOP_LOSS_HIT,0.06
211,TRUMP_USDT,SHORT,StochasticRSI(FAST_SCALP-SHORT),2,0.2,1.706,1.711,1.703,1.711,2026-07-02 12:08:59 UTC,2026-07-02 12:14:11 UTC,311.93,0.3412,0.0045,0.0,-0.001,-0.09,-21.98,STOP_LOSS_HIT,0.059
212,TRUMP_USDT,SHORT,StochasticRSI(FAST_SCALP-SHORT),2,0.2,1.708,1.705,1.705,1.713,2026-07-02 12:15:59 UTC,2026-07-02 12:19:34 UTC,214.98,0.3416,0.0046,0.0,0.0006,0.06,13.17,MIN_PROFIT_TP_HIT,0.0596
213,TRUMP_USDT,LONG,StochasticRSI(FAST_SCALP-LONG),2,0.2,1.709,1.712,1.712,1.704,2026-07-02 12:22:59 UTC,2026-07-02 12:28:49 UTC,349.04,0.3418,0.0046,0.0,0.0006,0.06,13.17,MIN_PROFIT_TP_HIT,0.0602
214,TRUMP_USDT,SHORT,StochasticRSI(FAST_SCALP-SHORT),2,0.2,1.713,1.718,1.71,1.718,2026-07-02 12:29:59 UTC,2026-07-02 12:30:01 UTC,1.65,0.3426,0.0046,0.0,-0.001,-0.09,-21.89,STOP_LOSS_HIT,0.0592
215,TRUMP_USDT,SHORT,StochasticRSI(FAST_SCALP-SHORT),2,0.2,1.713,1.71,1.71,1.718,2026-07-02 12:32:59 UTC,2026-07-02 12:33:43 UTC,43.08,0.3426,0.0046,0.0,0.0006,0.06,13.13,MIN_PROFIT_TP_HIT,0.0598
216,TRUMP_USDT,LONG,StochasticRSI(FAST_SCALP-LONG),2,0.2,1.713,1.708,1.716,1.708,2026-07-02 12:37:59 UTC,2026-07-02 12:41:11 UTC,191.37,0.3426,0.0046,0.0,-0.001,-0.09,-21.89,STOP_LOSS_HIT,0.0588
217,TRUMP_USDT,LONG,StochasticRSI(FAST_SCALP-LONG),2,0.2,1.709,1.712,1.712,1.704,2026-07-02 12:43:59 UTC,2026-07-02 12:45:09 UTC,69.07,0.3418,0.0046,0.0,0.0006,0.06,13.17,MIN_PROFIT_TP_HIT,0.0594
218,TRUMP_USDT,SHORT,StochasticRSI(FAST_SCALP-SHORT),2,0.2,1.713,1.718,1.71,1.718,2026-07-02 12:52:59 UTC,2026-07-02 12:57:14 UTC,254.62,0.3426,0.0046,0.0,-0.001,-0.09,-21.89,STOP_LOSS_HIT,0.0584
219,TRUMP_USDT,LONG,StochasticRSI(FAST_SCALP-LONG),2,0.2,1.708,1.711,1.711,1.703,2026-07-02 13:04:59 UTC,2026-07-02 13:05:22 UTC,22.12,0.3416,0.0046,0.0,0.0006,0.06,13.17,MIN_PROFIT_TP_HIT,0.059
220,TRUMP_USDT,SHORT,StochasticRSI(FAST_SCALP-SHORT),2,0.2,1.71,1.715,1.707,1.715,2026-07-02 13:18:59 UTC,2026-07-02 13:26:06 UTC,426.62,0.342,0.0046,0.0,-0.001,-0.09,-21.93,STOP_LOSS_HIT,0.058
221,TRUMP_USDT,LONG,StochasticRSI(FAST_SCALP-LONG),2,0.2,1.709,1.712,1.712,1.704,2026-07-02 13:32:59 UTC,2026-07-02 13:33:12 UTC,12.23,0.3418,0.0046,0.0,0.0006,0.06,13.17,MIN_PROFIT_TP_HIT,0.0586
222,TRUMP_USDT,SHORT,StochasticRSI(FAST_SCALP-SHORT),2,0.2,1.714,1.719,1.711,1.719,2026-07-02 13:38:59 UTC,2026-07-02 13:49:46 UTC,646.19,0.3428,0.0046,0.0,-0.001,-0.09,-21.88,STOP_LOSS_HIT,0.0576
223,TRUMP_USDT,SHORT,StochasticRSI(FAST_SCALP-SHORT),2,0.2,1.716,1.721,1.713,1.721,2026-07-02 13:54:59 UTC,2026-07-02 14:01:17 UTC,377.92,0.3432,0.0046,0.0,-0.001,-0.09,-21.85,STOP_LOSS_HIT,0.0566
224,TRUMP_USDT,SHORT,StochasticRSI(FAST_SCALP-SHORT),2,0.2,1.713,1.71,1.71,1.718,2026-07-02 14:04:59 UTC,2026-07-02 14:06:59 UTC,119.84,0.3426,0.0046,0.0,0.0006,0.06,13.13,MIN_PROFIT_TP_HIT,0.0572
225,TRUMP_USDT,LONG,StochasticRSI(FAST_SCALP-LONG),2,0.2,1.711,1.714,1.714,1.706,2026-07-02 14:08:59 UTC,2026-07-02 14:12:24 UTC,204.25,0.3422,0.0046,0.0,0.0006,0.06,13.15,MIN_PROFIT_TP_HIT,0.0578
226,TRUMP_USDT,SHORT,StochasticRSI(FAST_SCALP-SHORT),2,0.2,1.712,1.709,1.709,1.717,2026-07-02 14:16:59 UTC,2026-07-02 14:18:42 UTC,102.44,0.3424,0.0046,0.0,0.0006,0.06,13.14,MIN_PROFIT_TP_HIT,0.0584
227,TRUMP_USDT,LONG,StochasticRSI(FAST_SCALP-LONG),2,0.2,1.7,1.703,1.703,1.695,2026-07-02 14:23:59 UTC,2026-07-02 14:26:06 UTC,126.15,0.34,0.0045,0.0,0.0006,0.06,13.24,MIN_PROFIT_TP_HIT,0.059
228,TRUMP_USDT,SHORT,StochasticRSI(FAST_SCALP-SHORT),2,0.2,1.703,1.7,1.7,1.708,2026-07-02 14:33:59 UTC,2026-07-02 14:35:14 UTC,74.91,0.3406,0.0045,0.0,0.0006,0.06,13.21,MIN_PROFIT_TP_HIT,0.0596
229,TRUMP_USDT,SHORT,StochasticRSI(FAST_SCALP-SHORT),2,0.2,1.705,1.702,1.702,1.71,2026-07-02 14:40:59 UTC,2026-07-02 14:41:09 UTC,9.15,0.341,0.0045,0.0,0.0006,0.06,13.2,MIN_PROFIT_TP_HIT,0.0602
230,TRUMP_USDT,LONG,StochasticRSI(FAST_SCALP-LONG),2,0.2,1.705,1.7,1.708,1.7,2026-07-02 14:45:59 UTC,2026-07-02 14:48:45 UTC,165.25,0.341,0.0045,0.0,-0.001,-0.09,-21.99,STOP_LOSS_HIT,0.0592
231,TRUMP_USDT,SHORT,StochasticRSI(FAST_SCALP-SHORT),2,0.2,1.701,1.698,1.698,1.706,2026-07-02 14:53:59 UTC,2026-07-02 14:55:34 UTC,94.2,0.3402,0.0045,0.0,0.0006,0.06,13.23,MIN_PROFIT_TP_HIT,0.0598
232,TRUMP_USDT,LONG,StochasticRSI(FAST_SCALP-LONG),2,0.2,1.702,1.697,1.705,1.697,2026-07-02 14:58:59 UTC,2026-07-02 15:04:31 UTC,331.67,0.3404,0.0045,0.0,-0.001,-0.09,-22.03,STOP_LOSS_HIT,0.0588
233,TRUMP_USDT,LONG,StochasticRSI(FAST_SCALP-LONG),2,0.2,1.693,1.696,1.696,1.688,2026-07-02 15:09:59 UTC,2026-07-02 15:12:17 UTC,137.4,0.3386,0.0045,0.0,0.0006,0.06,13.29,MIN_PROFIT_TP_HIT,0.0594
234,TRUMP_USDT,SHORT,StochasticRSI(FAST_SCALP-SHORT),2,0.2,1.697,1.702,1.694,1.702,2026-07-02 15:17:59 UTC,2026-07-02 15:18:31 UTC,31.48,0.3394,0.0045,0.0,-0.001,-0.09,-22.1,STOP_LOSS_HIT,0.0584
235,TRUMP_USDT,SHORT,StochasticRSI(FAST_SCALP-SHORT),2,0.2,1.702,1.707,1.699,1.707,2026-07-02 15:30:59 UTC,2026-07-02 15:35:09 UTC,249.04,0.3404,0.0045,0.0,-0.001,-0.09,-22.03,STOP_LOSS_HIT,0.0574
236,TRUMP_USDT,SHORT,StochasticRSI(FAST_SCALP-SHORT),2,0.2,1.706,1.703,1.703,1.711,2026-07-02 15:37:59 UTC,2026-07-02 15:46:48 UTC,528.37,0.3412,0.0045,0.0,0.0006,0.06,13.19,MIN_PROFIT_TP_HIT,0.058
237,TRUMP_USDT,LONG,StochasticRSI(FAST_SCALP-LONG),2,0.2,1.702,1.705,1.705,1.697,2026-07-02 15:52:59 UTC,2026-07-02 15:55:00 UTC,120.67,0.3404,0.0045,0.0,0.0006,0.06,13.22,MIN_PROFIT_TP_HIT,0.0586
238,TRUMP_USDT,SHORT,StochasticRSI(FAST_SCALP-SHORT),2,0.2,1.703,1.708,1.7,1.708,2026-07-02 16:01:59 UTC,2026-07-02 16:04:38 UTC,158.6,0.3406,0.0045,0.0,-0.001,-0.09,-22.02,STOP_LOSS_HIT,0.0576
239,TRUMP_USDT,SHORT,StochasticRSI(FAST_SCALP-SHORT),2,0.2,1.708,1.705,1.705,1.713,2026-07-02 16:09:59 UTC,2026-07-02 16:17:39 UTC,459.7,0.3416,0.0046,0.0,0.0006,0.06,13.17,MIN_PROFIT_TP_HIT,0.0582
240,TRUMP_USDT,LONG,StochasticRSI(FAST_SCALP-LONG),2,0.2,1.702,1.697,1.705,1.697,2026-07-02 16:19:59 UTC,2026-07-02 16:27:20 UTC,440.32,0.3404,0.0045,0.0,-0.001,-0.09,-22.03,STOP_LOSS_HIT,0.0572
241,TRUMP_USDT,LONG,StochasticRSI(FAST_SCALP-LONG),2,0.2,1.696,1.699,1.699,1.691,2026-07-02 16:32:59 UTC,2026-07-02 16:38:06 UTC,306.16,0.3392,0.0045,0.0,0.0006,0.06,13.27,MIN_PROFIT_TP_HIT,0.0578
242,TRUMP_USDT,SHORT,StochasticRSI(FAST_SCALP-SHORT),2,0.2,1.707,1.704,1.704,1.712,2026-07-02 16:51:59 UTC,2026-07-02 16:53:31 UTC,91.74,0.3414,0.0046,0.0,0.0006,0.06,13.18,MIN_PROFIT_TP_HIT,0.0584
243,TRUMP_USDT,LONG,StochasticRSI(FAST_SCALP-LONG),2,0.2,1.703,1.706,1.706,1.698,2026-07-02 17:02:59 UTC,2026-07-02 17:06:08 UTC,188.2,0.3406,0.0045,0.0,0.0006,0.06,13.21,MIN_PROFIT_TP_HIT,0.059
244,TRUMP_USDT,SHORT,StochasticRSI(FAST_SCALP-SHORT),2,0.2,1.703,1.708,1.7,1.708,2026-07-02 17:08:59 UTC,2026-07-02 17:21:24 UTC,744.42,0.3406,0.0045,0.0,-0.001,-0.09,-22.02,STOP_LOSS_HIT,0.058
245,TRUMP_USDT,SHORT,StochasticRSI(FAST_SCALP-SHORT),2,0.2,1.709,1.706,1.706,1.714,2026-07-02 17:25:59 UTC,2026-07-02 17:33:24 UTC,444.69,0.3418,0.0046,0.0,0.0006,0.06,13.17,MIN_PROFIT_TP_HIT,0.0586
246,TRUMP_USDT,LONG,StochasticRSI(FAST_SCALP-LONG),2,0.2,1.7,1.703,1.703,1.695,2026-07-02 17:38:59 UTC,2026-07-02 17:41:14 UTC,134.57,0.34,0.0045,0.0,0.0006,0.06,13.24,MIN_PROFIT_TP_HIT,0.0592
247,TRUMP_USDT,SHORT,StochasticRSI(FAST_SCALP-SHORT),2,0.2,1.703,1.7,1.7,1.708,2026-07-02 17:46:59 UTC,2026-07-02 17:49:48 UTC,168.07,0.3406,0.0045,0.0,0.0006,0.06,13.21,MIN_PROFIT_TP_HIT,0.0598
248,TRUMP_USDT,LONG,StochasticRSI(FAST_SCALP-LONG),2,0.2,1.701,1.696,1.704,1.696,2026-07-02 18:15:59 UTC,2026-07-02 18:18:50 UTC,170.95,0.3402,0.0045,0.0,-0.001,-0.09,-22.05,STOP_LOSS_HIT,0.0588
249,TRUMP_USDT,LONG,StochasticRSI(FAST_SCALP-LONG),2,0.2,1.699,1.702,1.702,1.694,2026-07-02 18:20:59 UTC,2026-07-02 18:37:34 UTC,994.52,0.3398,0.0045,0.0,0.0006,0.06,13.24,MIN_PROFIT_TP_HIT,0.0594
250,TRUMP_USDT,SHORT,StochasticRSI(FAST_SCALP-SHORT),2,0.2,1.702,1.707,1.699,1.707,2026-07-02 18:42:59 UTC,2026-07-02 18:52:29 UTC,569.96,0.3404,0.0045,0.0,-0.001,-0.09,-22.03,STOP_LOSS_HIT,0.0584
251,TRUMP_USDT,SHORT,StochasticRSI(FAST_SCALP-SHORT),2,0.2,1.703,1.708,1.7,1.708,2026-07-02 18:55:59 UTC,2026-07-02 19:00:20 UTC,260.41,0.3406,0.0045,0.0,-0.001,-0.09,-22.02,STOP_LOSS_HIT,0.0574
252,TRUMP_USDT,SHORT,StochasticRSI(FAST_SCALP-SHORT),2,0.2,1.709,1.706,1.706,1.714,2026-07-02 19:16:59 UTC,2026-07-02 19:20:39 UTC,219.49,0.3418,0.0046,0.0,0.0006,0.06,13.17,MIN_PROFIT_TP_HIT,0.058
253,TRUMP_USDT,LONG,StochasticRSI(FAST_SCALP-LONG),2,0.2,1.705,1.708,1.708,1.7,2026-07-02 19:23:59 UTC,2026-07-02 19:28:27 UTC,267.6,0.341,0.0045,0.0,0.0006,0.06,13.2,MIN_PROFIT_TP_HIT,0.0586
254,TRUMP_USDT,SHORT,StochasticRSI(FAST_SCALP-SHORT),2,0.2,1.708,1.705,1.705,1.713,2026-07-02 19:31:59 UTC,2026-07-02 19:38:59 UTC,419.54,0.3416,0.0046,0.0,0.0006,0.06,13.17,MIN_PROFIT_TP_HIT,0.0592
255,TRUMP_USDT,LONG,StochasticRSI(FAST_SCALP-LONG),2,0.2,1.708,1.711,1.711,1.703,2026-07-02 19:41:59 UTC,2026-07-02 19:50:00 UTC,480.17,0.3416,0.0046,0.0,0.0006,0.06,13.17,MIN_PROFIT_TP_HIT,0.0598
256,TRUMP_USDT,SHORT,StochasticRSI(FAST_SCALP-SHORT),2,0.2,1.71,1.707,1.707,1.715,2026-07-02 19:52:59 UTC,2026-07-02 19:55:05 UTC,125.26,0.342,0.0046,0.0,0.0006,0.06,13.16,MIN_PROFIT_TP_HIT,0.0604
257,TRUMP_USDT,LONG,StochasticRSI(FAST_SCALP-LONG),2,0.2,1.711,1.714,1.714,1.706,2026-07-02 19:57:59 UTC,2026-07-02 20:14:35 UTC,995.21,0.3422,0.0046,0.0,0.0006,0.06,13.15,MIN_PROFIT_TP_HIT,0.061
258,TRUMP_USDT,SHORT,StochasticRSI(FAST_SCALP-SHORT),2,0.2,1.71,1.707,1.707,1.715,2026-07-02 20:18:59 UTC,2026-07-02 20:25:53 UTC,413.72,0.342,0.0046,0.0,0.0006,0.06,13.16,MIN_PROFIT_TP_HIT,0.0616
259,TRUMP_USDT,LONG,StochasticRSI(FAST_SCALP-LONG),2,0.2,1.707,1.71,1.71,1.702,2026-07-02 20:28:59 UTC,2026-07-02 20:35:04 UTC,364.6,0.3414,0.0046,0.0,0.0006,0.06,13.18,MIN_PROFIT_TP_HIT,0.0622
260,TRUMP_USDT,SHORT,StochasticRSI(FAST_SCALP-SHORT),2,0.2,1.708,1.713,1.705,1.713,2026-07-02 20:38:59 UTC,2026-07-02 20:57:11 UTC,1091.45,0.3416,0.0046,0.0,-0.001,-0.09,-21.96,STOP_LOSS_HIT,0.0612
261,TRUMP_USDT,LONG,StochasticRSI(FAST_SCALP-LONG),2,0.2,1.71,1.713,1.713,1.705,2026-07-02 21:12:59 UTC,2026-07-02 21:13:00 UTC,0.1,0.342,0.0046,0.0,0.0006,0.06,13.16,MIN_PROFIT_TP_HIT,0.0618
262,TRUMP_USDT,SHORT,StochasticRSI(FAST_SCALP-SHORT),2,0.2,1.714,1.719,1.711,1.719,2026-07-02 21:17:59 UTC,2026-07-02 21:29:13 UTC,673.84,0.3428,0.0046,0.0,-0.001,-0.09,-21.88,STOP_LOSS_HIT,0.0608
263,TRUMP_USDT,SHORT,StochasticRSI(FAST_SCALP-SHORT),2,0.2,1.716,1.713,1.713,1.721,2026-07-02 21:31:59 UTC,2026-07-02 21:43:15 UTC,675.05,0.3432,0.0046,0.0,0.0006,0.06,13.11,MIN_PROFIT_TP_HIT,0.0614
264,TRUMP_USDT,LONG,StochasticRSI(FAST_SCALP-LONG),2,0.2,1.71,1.713,1.713,1.705,2026-07-02 21:47:59 UTC,2026-07-02 21:49:09 UTC,69.12,0.342,0.0046,0.0,0.0006,0.06,13.16,MIN_PROFIT_TP_HIT,0.062
265,TRUMP_USDT,SHORT,StochasticRSI(FAST_SCALP-SHORT),2,0.2,1.71,1.715,1.707,1.715,2026-07-02 21:54:59 UTC,2026-07-02 21:59:44 UTC,284.93,0.342,0.0046,0.0,-0.001,-0.09,-21.93,STOP_LOSS_HIT,0.061
266,TRUMP_USDT,SHORT,StochasticRSI(FAST_SCALP-SHORT),2,0.2,1.715,1.712,1.712,1.72,2026-07-02 22:01:59 UTC,2026-07-02 22:04:51 UTC,171.11,0.343,0.0046,0.0,0.0006,0.06,13.12,MIN_PROFIT_TP_HIT,0.0616
267,TRUMP_USDT,LONG,StochasticRSI(FAST_SCALP-LONG),2,0.2,1.715,1.718,1.718,1.71,2026-07-02 22:08:59 UTC,2026-07-02 22:17:53 UTC,533.19,0.343,0.0046,0.0,0.0006,0.06,13.12,MIN_PROFIT_TP_HIT,0.0622
268,TRUMP_USDT,SHORT,StochasticRSI(FAST_SCALP-SHORT),2,0.2,1.716,1.721,1.713,1.721,2026-07-02 22:21:59 UTC,2026-07-02 22:53:56 UTC,1916.8,0.3432,0.0046,0.0,-0.001,-0.09,-21.85,STOP_LOSS_HIT,0.0612
269,TRUMP_USDT,SHORT,StochasticRSI(FAST_SCALP-SHORT),2,0.2,1.722,1.719,1.719,1.727,2026-07-02 22:59:59 UTC,2026-07-02 23:02:50 UTC,170.91,0.3444,0.0046,0.0,0.0006,0.06,13.07,MIN_PROFIT_TP_HIT,0.0618
270,TRUMP_USDT,LONG,StochasticRSI(FAST_SCALP-LONG),2,0.2,1.719,1.722,1.722,1.714,2026-07-02 23:05:59 UTC,2026-07-02 23:19:47 UTC,827.7,0.3438,0.0046,0.0,0.0006,0.06,13.09,MIN_PROFIT_TP_HIT,0.0624
271,TRUMP_USDT,SHORT,StochasticRSI(FAST_SCALP-SHORT),2,0.2,1.717,1.722,1.714,1.722,2026-07-02 23:23:59 UTC,2026-07-02 23:33:56 UTC,596.39,0.3434,0.0046,0.0,-0.001,-0.09,-21.84,STOP_LOSS_HIT,0.0614
272,TRUMP_USDT,LONG,StochasticRSI(FAST_SCALP-LONG),2,0.2,1.718,1.713,1.721,1.713,2026-07-02 23:40:59 UTC,2026-07-03 00:01:33 UTC,1233.78,0.3436,0.0046,0.0,-0.001,-0.09,-21.83,STOP_LOSS_HIT,0.0604
273,TRUMP_USDT,LONG,StochasticRSI(FAST_SCALP-LONG),2,0.2,1.715,1.71,1.718,1.71,2026-07-03 00:04:59 UTC,2026-07-03 00:09:33 UTC,273.69,0.343,0.0046,0.0,-0.001,-0.09,-21.87,STOP_LOSS_HIT,0.0594
274,TRUMP_USDT,SHORT,StochasticRSI(FAST_SCALP-SHORT),2,0.2,1.709,1.706,1.706,1.714,2026-07-03 00:16:59 UTC,2026-07-03 00:21:34 UTC,274.78,0.3418,0.0046,0.0,0.0006,0.06,13.17,MIN_PROFIT_TP_HIT,0.06
275,TRUMP_USDT,SHORT,StochasticRSI(FAST_SCALP-SHORT),2,0.2,1.708,1.705,1.705,1.713,2026-07-03 00:28:59 UTC,2026-07-03 00:29:48 UTC,48.04,0.3416,0.0046,0.0,0.0006,0.06,13.17,MIN_PROFIT_TP_HIT,0.0606
276,TRUMP_USDT,LONG,StochasticRSI(FAST_SCALP-LONG),2,0.2,1.708,1.703,1.711,1.703,2026-07-03 00:32:59 UTC,2026-07-03 00:39:05 UTC,365.53,0.3416,0.0046,0.0,-0.001,-0.09,-21.96,STOP_LOSS_HIT,0.0596
277,TRUMP_USDT,SHORT,StochasticRSI(FAST_SCALP-SHORT),2,0.2,1.705,1.702,1.702,1.71,2026-07-03 00:40:59 UTC,2026-07-03 00:43:37 UTC,157.27,0.341,0.0045,0.0,0.0006,0.06,13.2,MIN_PROFIT_TP_HIT,0.0602
278,TRUMP_USDT,SHORT,StochasticRSI(FAST_SCALP-SHORT),2,0.2,1.706,1.703,1.703,1.711,2026-07-03 00:49:59 UTC,2026-07-03 00:52:56 UTC,176.59,0.3412,0.0045,0.0,0.0006,0.06,13.19,MIN_PROFIT_TP_HIT,0.0608
279,TRUMP_USDT,LONG,StochasticRSI(FAST_SCALP-LONG),2,0.2,1.704,1.707,1.707,1.699,2026-07-03 00:57:59 UTC,2026-07-03 01:05:27 UTC,447.92,0.3408,0.0045,0.0,0.0006,0.06,13.2,MIN_PROFIT_TP_HIT,0.0614
280,TRUMP_USDT,SHORT,StochasticRSI(FAST_SCALP-SHORT),2,0.2,1.708,1.713,1.705,1.713,2026-07-03 01:07:59 UTC,2026-07-03 01:14:16 UTC,376.01,0.3416,0.0046,0.0,-0.001,-0.09,-21.96,STOP_LOSS_HIT,0.0604
281,TRUMP_USDT,LONG,StochasticRSI(FAST_SCALP-LONG),2,0.2,1.715,1.718,1.718,1.71,2026-07-03 01:20:59 UTC,2026-07-03 01:25:04 UTC,244.58,0.343,0.0046,0.0,0.0006,0.06,13.12,MIN_PROFIT_TP_HIT,0.061
282,TRUMP_USDT,SHORT,StochasticRSI(FAST_SCALP-SHORT),2,0.2,1.718,1.723,1.715,1.723,2026-07-03 01:28:59 UTC,2026-07-03 01:34:20 UTC,320.1,0.3436,0.0046,0.0,-0.001,-0.09,-21.83,STOP_LOSS_HIT,0.06
283,TRUMP_USDT,LONG,StochasticRSI(FAST_SCALP-LONG),2,0.2,1.724,1.727,1.727,1.719,2026-07-03 01:35:59 UTC,2026-07-03 01:36:07 UTC,7.11,0.3448,0.0046,0.0,0.0006,0.06,13.05,MIN_PROFIT_TP_HIT,0.0606
284,TRUMP_USDT,SHORT,StochasticRSI(FAST_SCALP-SHORT),2,0.2,1.725,1.722,1.722,1.73,2026-07-03 01:42:59 UTC,2026-07-03 01:43:51 UTC,51.73,0.345,0.0046,0.0,0.0006,0.06,13.04,MIN_PROFIT_TP_HIT,0.0612
285,TRUMP_USDT,LONG,StochasticRSI(FAST_SCALP-LONG),2,0.2,1.722,1.725,1.725,1.717,2026-07-03 01:47:59 UTC,2026-07-03 01:49:23 UTC,83.77,0.3444,0.0046,0.0,0.0006,0.06,13.07,MIN_PROFIT_TP_HIT,0.0618
286,TRUMP_USDT,SHORT,StochasticRSI(FAST_SCALP-SHORT),2,0.2,1.724,1.721,1.721,1.729,2026-07-03 01:55:59 UTC,2026-07-03 01:56:24 UTC,24.1,0.3448,0.0046,0.0,0.0006,0.06,13.05,MIN_PROFIT_TP_HIT,0.0624
287,TRUMP_USDT,LONG,StochasticRSI(FAST_SCALP-LONG),2,0.2,1.721,1.716,1.724,1.716,2026-07-03 02:01:59 UTC,2026-07-03 02:05:58 UTC,238.93,0.3442,0.0046,0.0,-0.001,-0.09,-21.79,STOP_LOSS_HIT,0.0614
288,TRUMP_USDT,LONG,StochasticRSI(FAST_SCALP-LONG),2,0.2,1.719,1.714,1.722,1.714,2026-07-03 02:08:59 UTC,2026-07-03 02:10:45 UTC,105.21,0.3438,0.0046,0.0,-0.001,-0.09,-21.82,STOP_LOSS_HIT,0.0604
289,TRUMP_USDT,SHORT,StochasticRSI(FAST_SCALP-SHORT),2,0.2,1.723,1.72,1.72,1.728,2026-07-03 02:23:59 UTC,2026-07-03 02:28:16 UTC,256.3,0.3446,0.0046,0.0,0.0006,0.06,13.06,MIN_PROFIT_TP_HIT,0.061
290,TRUMP_USDT,LONG,StochasticRSI(FAST_SCALP-LONG),2,0.2,1.719,1.722,1.722,1.714,2026-07-03 02:32:59 UTC,2026-07-03 02:34:55 UTC,115.97,0.3438,0.0046,0.0,0.0006,0.06,13.09,MIN_PROFIT_TP_HIT,0.0616
291,TRUMP_USDT,SHORT,StochasticRSI(FAST_SCALP-SHORT),2,0.2,1.719,1.716,1.716,1.724,2026-07-03 02:38:59 UTC,2026-07-03 02:45:21 UTC,381.76,0.3438,0.0046,0.0,0.0006,0.06,13.09,MIN_PROFIT_TP_HIT,0.0622
292,TRUMP_USDT,LONG,StochasticRSI(FAST_SCALP-LONG),2,0.2,1.717,1.72,1.72,1.712,2026-07-03 02:46:59 UTC,2026-07-03 02:50:09 UTC,189.91,0.3434,0.0046,0.0,0.0006,0.06,13.1,MIN_PROFIT_TP_HIT,0.0628
293,TRUMP_USDT,SHORT,StochasticRSI(FAST_SCALP-SHORT),2,0.2,1.717,1.722,1.714,1.722,2026-07-03 02:55:59 UTC,2026-07-03 02:58:36 UTC,156.97,0.3434,0.0046,0.0,-0.001,-0.09,-21.84,STOP_LOSS_HIT,0.0618
294,TRUMP_USDT,LONG,StochasticRSI(FAST_SCALP-LONG),2,0.2,1.718,1.721,1.721,1.713,2026-07-03 03:14:59 UTC,2026-07-03 03:16:53 UTC,113.69,0.3436,0.0046,0.0,0.0006,0.06,13.1,MIN_PROFIT_TP_HIT,0.0624
295,TRUMP_USDT,SHORT,StochasticRSI(FAST_SCALP-SHORT),2,0.2,1.724,1.721,1.721,1.729,2026-07-03 03:22:59 UTC,2026-07-03 03:24:23 UTC,83.6,0.3448,0.0046,0.0,0.0006,0.06,13.05,MIN_PROFIT_TP_HIT,0.063
296,TRUMP_USDT,LONG,StochasticRSI(FAST_SCALP-LONG),2,0.2,1.721,1.724,1.724,1.716,2026-07-03 03:29:59 UTC,2026-07-03 03:34:33 UTC,273.31,0.3442,0.0046,0.0,0.0006,0.06,13.07,MIN_PROFIT_TP_HIT,0.0636
297,TRUMP_USDT,SHORT,StochasticRSI(FAST_SCALP-SHORT),2,0.2,1.727,1.724,1.724,1.732,2026-07-03 03:40:59 UTC,2026-07-03 03:53:50 UTC,770.06,0.3454,0.0046,0.0,0.0006,0.06,13.03,MIN_PROFIT_TP_HIT,0.0642
298,TRUMP_USDT,LONG,StochasticRSI(FAST_SCALP-LONG),2,0.2,1.726,1.721,1.729,1.721,2026-07-03 03:57:59 UTC,2026-07-03 04:08:07 UTC,607.02,0.3452,0.0046,0.0,-0.001,-0.09,-21.73,STOP_LOSS_HIT,0.0632
299,TRUMP_USDT,LONG,StochasticRSI(FAST_SCALP-LONG),2,0.2,1.721,1.716,1.724,1.716,2026-07-03 04:11:59 UTC,2026-07-03 04:15:52 UTC,232.25,0.3442,0.0046,0.0,-0.001,-0.09,-21.79,STOP_LOSS_HIT,0.0622
300,TRUMP_USDT,SHORT,StochasticRSI(FAST_SCALP-SHORT),2,0.2,1.719,1.716,1.716,1.724,2026-07-03 04:26:59 UTC,2026-07-03 04:33:35 UTC,395.75,0.3438,0.0046,0.0,0.0006,0.06,13.09,MIN_PROFIT_TP_HIT,0.0628
301,TRUMP_USDT,LONG,StochasticRSI(FAST_SCALP-LONG),2,0.2,1.713,1.716,1.716,1.708,2026-07-03 04:38:59 UTC,2026-07-03 04:45:26 UTC,386.55,0.3426,0.0046,0.0,0.0006,0.06,13.13,MIN_PROFIT_TP_HIT,0.0634
302,TRUMP_USDT,SHORT,StochasticRSI(FAST_SCALP-SHORT),2,0.2,1.713,1.71,1.71,1.718,2026-07-03 04:47:59 UTC,2026-07-03 04:50:13 UTC,133.0,0.3426,0.0046,0.0,0.0006,0.06,13.13,MIN_PROFIT_TP_HIT,0.064
303,TRUMP_USDT,LONG,StochasticRSI(FAST_SCALP-LONG),2,0.2,1.711,1.706,1.714,1.706,2026-07-03 04:52:59 UTC,2026-07-03 05:04:25 UTC,685.12,0.3422,0.0046,0.0,-0.001,-0.09,-21.92,STOP_LOSS_HIT,0.063
304,TRUMP_USDT,LONG,StochasticRSI(FAST_SCALP-LONG),2,0.2,1.707,1.71,1.71,1.702,2026-07-03 05:07:59 UTC,2026-07-03 05:15:52 UTC,472.64,0.3414,0.0046,0.0,0.0006,0.06,13.18,MIN_PROFIT_TP_HIT,0.0636
305,TRUMP_USDT,SHORT,StochasticRSI(FAST_SCALP-SHORT),2,0.2,1.707,1.712,1.704,1.712,2026-07-03 05:17:59 UTC,2026-07-03 05:27:17 UTC,557.67,0.3414,0.0046,0.0,-0.001,-0.09,-21.97,STOP_LOSS_HIT,0.0626
306,TRUMP_USDT,SHORT,StochasticRSI(FAST_SCALP-SHORT),2,0.2,1.718,1.715,1.715,1.723,2026-07-03 05:37:59 UTC,2026-07-03 05:42:47 UTC,287.73,0.3436,0.0046,0.0,0.0006,0.06,13.1,MIN_PROFIT_TP_HIT,0.0632
307,TRUMP_USDT,LONG,StochasticRSI(FAST_SCALP-LONG),2,0.2,1.716,1.719,1.719,1.711,2026-07-03 05:45:59 UTC,2026-07-03 05:48:52 UTC,173.0,0.3432,0.0046,0.0,0.0006,0.06,13.11,MIN_PROFIT_TP_HIT,0.0638
308,TRUMP_USDT,LONG,StochasticRSI(FAST_SCALP-LONG),2,0.2,1.718,1.721,1.721,1.713,2026-07-03 05:57:59 UTC,2026-07-03 06:04:57 UTC,417.6,0.3436,0.0046,0.0,0.0006,0.06,13.1,MIN_PROFIT_TP_HIT,0.0644
309,TRUMP_USDT,SHORT,StochasticRSI(FAST_SCALP-SHORT),2,0.2,1.721,1.726,1.718,1.726,2026-07-03 06:08:59 UTC,2026-07-03 06:17:45 UTC,525.61,0.3442,0.0046,0.0,-0.001,-0.09,-21.79,STOP_LOSS_HIT,0.0634
310,TRUMP_USDT,SHORT,StochasticRSI(FAST_SCALP-SHORT),2,0.2,1.725,1.722,1.722,1.73,2026-07-03 06:21:59 UTC,2026-07-03 06:29:28 UTC,448.78,0.345,0.0046,0.0,0.0006,0.06,13.04,MIN_PROFIT_TP_HIT,0.064
311,TRUMP_USDT,LONG,StochasticRSI(FAST_SCALP-LONG),2,0.2,1.723,1.726,1.726,1.718,2026-07-03 06:30:59 UTC,2026-07-03 06:31:25 UTC,25.07,0.3446,0.0046,0.0,0.0006,0.06,13.06,MIN_PROFIT_TP_HIT,0.0646
312,TRUMP_USDT,LONG,StochasticRSI(FAST_SCALP-LONG),2,0.2,1.722,1.725,1.725,1.717,2026-07-03 06:32:59 UTC,2026-07-03 06:34:41 UTC,102.0,0.3444,0.0046,0.0,0.0006,0.06,13.07,MIN_PROFIT_TP_HIT,0.0652
313,TRUMP_USDT,LONG,StochasticRSI(FAST_SCALP-LONG),2,0.2,1.725,1.728,1.728,1.72,2026-07-03 06:36:59 UTC,2026-07-03 06:42:01 UTC,301.98,0.345,0.0046,0.0,0.0006,0.06,13.04,MIN_PROFIT_TP_HIT,0.0658
314,TRUMP_USDT,LONG,StochasticRSI(FAST_SCALP-LONG),2,0.2,1.725,1.72,1.728,1.72,2026-07-03 06:50:59 UTC,2026-07-03 07:26:11 UTC,2111.85,0.345,0.0046,0.0,-0.001,-0.09,-21.74,STOP_LOSS_HIT,0.0648
315,TRUMP_USDT,LONG,StochasticRSI(FAST_SCALP-LONG),2,0.2,1.721,1.724,1.724,1.716,2026-07-03 07:31:59 UTC,2026-07-03 07:40:09 UTC,489.12,0.3442,0.0046,0.0,0.0006,0.06,13.07,MIN_PROFIT_TP_HIT,0.0654
316,TRUMP_USDT,SHORT,StochasticRSI(FAST_SCALP-SHORT),2,0.2,1.727,1.724,1.724,1.732,2026-07-03 07:46:59 UTC,2026-07-03 07:50:09 UTC,189.37,0.3454,0.0046,0.0,0.0006,0.06,13.03,MIN_PROFIT_TP_HIT,0.066
317,TRUMP_USDT,LONG,StochasticRSI(FAST_SCALP-LONG),2,0.2,1.724,1.727,1.727,1.719,2026-07-03 07:53:59 UTC,2026-07-03 07:55:11 UTC,71.31,0.3448,0.0046,0.0,0.0006,0.06,13.05,MIN_PROFIT_TP_HIT,0.0666
318,TRUMP_USDT,LONG,StochasticRSI(FAST_SCALP-LONG),2,0.2,1.727,1.722,1.73,1.722,2026-07-03 08:01:59 UTC,2026-07-03 08:07:13 UTC,313.17,0.3454,0.0046,0.0,-0.001,-0.09,-21.71,STOP_LOSS_HIT,0.0656
319,TRUMP_USDT,LONG,StochasticRSI(FAST_SCALP-LONG),2,0.2,1.725,1.728,1.728,1.72,2026-07-03 08:10:59 UTC,2026-07-03 08:12:32 UTC,92.45,0.345,0.0046,0.0,0.0006,0.06,13.04,MIN_PROFIT_TP_HIT,0.0662
320,TRUMP_USDT,SHORT,StochasticRSI(FAST_SCALP-SHORT),2,0.2,1.768,1.765,1.765,1.773,2026-07-03 08:30:59 UTC,2026-07-03 08:31:04 UTC,4.27,0.3536,0.0047,0.0,0.0006,0.06,12.73,MIN_PROFIT_TP_HIT,0.0668
321,TRUMP_USDT,LONG,StochasticRSI(FAST_SCALP-LONG),2,0.2,1.754,1.757,1.757,1.749,2026-07-03 08:42:59 UTC,2026-07-03 08:43:18 UTC,18.94,0.3508,0.0047,0.0,0.0006,0.06,12.83,MIN_PROFIT_TP_HIT,0.0674
322,TRUMP_USDT,SHORT,StochasticRSI(FAST_SCALP-SHORT),2,0.2,1.754,1.751,1.751,1.759,2026-07-03 08:50:59 UTC,2026-07-03 08:51:32 UTC,32.86,0.3508,0.0047,0.0,0.0006,0.06,12.83,MIN_PROFIT_TP_HIT,0.068
323,TRUMP_USDT,LONG,StochasticRSI(FAST_SCALP-LONG),2,0.2,1.746,1.741,1.749,1.741,2026-07-03 08:55:59 UTC,2026-07-03 08:56:28 UTC,28.31,0.3492,0.0047,0.0,-0.001,-0.09,-21.48,STOP_LOSS_HIT,0.067
324,TRUMP_USDT,SHORT,StochasticRSI(FAST_SCALP-SHORT),2,0.2,1.754,1.759,1.751,1.759,2026-07-03 09:10:59 UTC,2026-07-03 09:13:27 UTC,147.02,0.3508,0.0047,0.0,-0.001,-0.09,-21.38,STOP_LOSS_HIT,0.066
325,TRUMP_USDT,SHORT,StochasticRSI(FAST_SCALP-SHORT),2,0.2,1.754,1.751,1.751,1.759,2026-07-03 09:18:59 UTC,2026-07-03 09:22:08 UTC,188.53,0.3508,0.0047,0.0,0.0006,0.06,12.83,MIN_PROFIT_TP_HIT,0.0666
326,TRUMP_USDT,LONG,StochasticRSI(FAST_SCALP-LONG),2,0.2,1.754,1.757,1.757,1.749,2026-07-03 09:26:59 UTC,2026-07-03 09:29:45 UTC,165.34,0.3508,0.0047,0.0,0.0006,0.06,12.83,MIN_PROFIT_TP_HIT,0.0672
327,TRUMP_USDT,SHORT,StochasticRSI(FAST_SCALP-SHORT),2,0.2,1.759,1.756,1.756,1.764,2026-07-03 09:31:59 UTC,2026-07-03 09:35:54 UTC,234.15,0.3518,0.0047,0.0,0.0006,0.06,12.79,MIN_PROFIT_TP_HIT,0.0678
328,TRUMP_USDT,LONG,StochasticRSI(FAST_SCALP-LONG),2,0.2,1.747,1.75,1.75,1.742,2026-07-03 09:40:59 UTC,2026-07-03 09:42:18 UTC,78.02,0.3494,0.0047,0.0,0.0006,0.06,12.88,MIN_PROFIT_TP_HIT,0.0684
329,TRUMP_USDT,LONG,StochasticRSI(FAST_SCALP-LONG),2,0.2,1.75,1.753,1.753,1.745,2026-07-03 09:43:59 UTC,2026-07-03 09:46:05 UTC,125.62,0.35,0.0047,0.0,0.0006,0.06,12.86,MIN_PROFIT_TP_HIT,0.069
330,TRUMP_USDT,SHORT,StochasticRSI(FAST_SCALP-SHORT),2,0.2,1.753,1.75,1.75,1.758,2026-07-03 09:48:59 UTC,2026-07-03 09:53:09 UTC,249.36,0.3506,0.0047,0.0,0.0006,0.06,12.84,MIN_PROFIT_TP_HIT,0.0696
331,TRUMP_USDT,LONG,StochasticRSI(FAST_SCALP-LONG),2,0.2,1.755,1.758,1.758,1.75,2026-07-03 09:56:59 UTC,2026-07-03 09:59:24 UTC,144.9,0.351,0.0047,0.0,0.0006,0.06,12.82,MIN_PROFIT_TP_HIT,0.0702
332,TRUMP_USDT,SHORT,StochasticRSI(FAST_SCALP-SHORT),2,0.2,1.759,1.756,1.756,1.764,2026-07-03 10:04:59 UTC,2026-07-03 10:09:11 UTC,251.6,0.3518,0.0047,0.0,0.0006,0.06,12.79,MIN_PROFIT_TP_HIT,0.0708
333,TRUMP_USDT,LONG,StochasticRSI(FAST_SCALP-LONG),2,0.2,1.758,1.753,1.761,1.753,2026-07-03 10:13:59 UTC,2026-07-03 10:16:33 UTC,153.64,0.3516,0.0047,0.0,-0.001,-0.09,-21.33,STOP_LOSS_HIT,0.0698
334,TRUMP_USDT,LONG,StochasticRSI(FAST_SCALP-LONG),2,0.2,1.752,1.755,1.755,1.747,2026-07-03 10:20:59 UTC,2026-07-03 10:22:09 UTC,69.47,0.3504,0.0047,0.0,0.0006,0.06,12.84,MIN_PROFIT_TP_HIT,0.0704
335,TRUMP_USDT,SHORT,StochasticRSI(FAST_SCALP-SHORT),2,0.2,1.762,1.759,1.759,1.767,2026-07-03 10:30:59 UTC,2026-07-03 10:34:21 UTC,201.83,0.3524,0.0047,0.0,0.0006,0.06,12.77,MIN_PROFIT_TP_HIT,0.071
336,TRUMP_USDT,LONG,StochasticRSI(FAST_SCALP-LONG),2,0.2,1.76,1.763,1.763,1.755,2026-07-03 10:36:59 UTC,2026-07-03 10:37:01 UTC,1.19,0.352,0.0047,0.0,0.0006,0.06,12.78,MIN_PROFIT_TP_HIT,0.0716
337,TRUMP_USDT,LONG,StochasticRSI(FAST_SCALP-LONG),2,0.2,1.764,1.759,1.767,1.759,2026-07-03 10:44:59 UTC,2026-07-03 10:50:22 UTC,322.02,0.3528,0.0047,0.0,-0.001,-0.09,-21.26,STOP_LOSS_HIT,0.0706
338,TRUMP_USDT,LONG,StochasticRSI(FAST_SCALP-LONG),2,0.2,1.763,1.766,1.766,1.758,2026-07-03 10:53:59 UTC,2026-07-03 10:55:17 UTC,77.29,0.3526,0.0047,0.0,0.0006,0.06,12.76,MIN_PROFIT_TP_HIT,0.0712
339,TRUMP_USDT,SHORT,StochasticRSI(FAST_SCALP-SHORT),2,0.2,1.765,1.762,1.762,1.77,2026-07-03 10:58:59 UTC,2026-07-03 11:00:03 UTC,63.86,0.353,0.0047,0.0,0.0006,0.06,12.75,MIN_PROFIT_TP_HIT,0.0718
340,TRUMP_USDT,LONG,StochasticRSI(FAST_SCALP-LONG),2,0.2,1.765,1.768,1.768,1.76,2026-07-03 11:04:59 UTC,2026-07-03 11:06:06 UTC,66.38,0.353,0.0047,0.0,0.0006,0.06,12.75,MIN_PROFIT_TP_HIT,0.0724
341,TRUMP_USDT,SHORT,StochasticRSI(FAST_SCALP-SHORT),2,0.2,1.762,1.759,1.759,1.767,2026-07-03 11:14:59 UTC,2026-07-03 11:25:38 UTC,638.86,0.3524,0.0047,0.0,0.0006,0.06,12.77,MIN_PROFIT_TP_HIT,0.073
342,TRUMP_USDT,LONG,StochasticRSI(FAST_SCALP-LONG),2,0.2,1.757,1.752,1.76,1.752,2026-07-03 11:29:59 UTC,2026-07-03 11:36:24 UTC,384.6,0.3514,0.0047,0.0,-0.001,-0.09,-21.34,STOP_LOSS_HIT,0.072
343,TRUMP_USDT,LONG,StochasticRSI(FAST_SCALP-LONG),2,0.2,1.754,1.757,1.757,1.749,2026-07-03 11:38:59 UTC,2026-07-03 11:54:17 UTC,917.0,0.3508,0.0047,0.0,0.0006,0.06,12.83,MIN_PROFIT_TP_HIT,0.0726
344,TRUMP_USDT,SHORT,StochasticRSI(FAST_SCALP-SHORT),2,0.2,1.764,1.761,1.761,1.769,2026-07-03 12:03:59 UTC,2026-07-03 12:05:46 UTC,106.7,0.3528,0.0047,0.0,0.0006,0.06,12.76,MIN_PROFIT_TP_HIT,0.0732
345,TRUMP_USDT,LONG,StochasticRSI(FAST_SCALP-LONG),2,0.2,1.763,1.766,1.766,1.758,2026-07-03 12:09:59 UTC,2026-07-03 12:10:28 UTC,28.6,0.3526,0.0047,0.0,0.0006,0.06,12.76,MIN_PROFIT_TP_HIT,0.0738
346,TRUMP_USDT,SHORT,StochasticRSI(FAST_SCALP-SHORT),2,0.2,1.764,1.761,1.761,1.769,2026-07-03 12:15:59 UTC,2026-07-03 12:16:13 UTC,13.29,0.3528,0.0047,0.0,0.0006,0.06,12.76,MIN_PROFIT_TP_HIT,0.0744
347,TRUMP_USDT,LONG,StochasticRSI(FAST_SCALP-LONG),2,0.2,1.759,1.754,1.762,1.754,2026-07-03 12:18:59 UTC,2026-07-03 12:21:14 UTC,134.16,0.3518,0.0047,0.0,-0.001,-0.09,-21.32,STOP_LOSS_HIT,0.0734
348,TRUMP_USDT,LONG,StochasticRSI(FAST_SCALP-LONG),2,0.2,1.76,1.763,1.763,1.755,2026-07-03 12:22:59 UTC,2026-07-03 12:26:01 UTC,181.14,0.352,0.0047,0.0,0.0006,0.06,12.78,MIN_PROFIT_TP_HIT,0.074
349,TRUMP_USDT,SHORT,StochasticRSI(FAST_SCALP-SHORT),2,0.2,1.76,1.757,1.757,1.765,2026-07-03 12:29:59 UTC,2026-07-03 12:33:04 UTC,184.31,0.352,0.0047,0.0,0.0006,0.06,12.78,MIN_PROFIT_TP_HIT,0.0746
350,TRUMP_USDT,LONG,StochasticRSI(FAST_SCALP-LONG),2,0.2,1.755,1.758,1.758,1.75,2026-07-03 12:35:59 UTC,2026-07-03 12:42:13 UTC,373.09,0.351,0.0047,0.0,0.0006,0.06,12.82,MIN_PROFIT_TP_HIT,0.0752
351,TRUMP_USDT,SHORT,StochasticRSI(FAST_SCALP-SHORT),2,0.2,1.761,1.758,1.758,1.766,2026-07-03 12:49:59 UTC,2026-07-03 12:58:49 UTC,529.13,0.3522,0.0047,0.0,0.0006,0.06,12.78,MIN_PROFIT_TP_HIT,0.0758
352,TRUMP_USDT,LONG,StochasticRSI(FAST_SCALP-LONG),2,0.2,1.76,1.763,1.763,1.755,2026-07-03 13:00:59 UTC,2026-07-03 13:02:48 UTC,108.49,0.352,0.0047,0.0,0.0006,0.06,12.78,MIN_PROFIT_TP_HIT,0.0764
353,TRUMP_USDT,SHORT,StochasticRSI(FAST_SCALP-SHORT),2,0.2,1.763,1.768,1.76,1.768,2026-07-03 13:07:59 UTC,2026-07-03 13:21:37 UTC,817.18,0.3526,0.0047,0.0,-0.001,-0.09,-21.27,STOP_LOSS_HIT,0.0754
354,TRUMP_USDT,SHORT,StochasticRSI(FAST_SCALP-SHORT),2,0.2,1.764,1.769,1.761,1.769,2026-07-03 13:23:59 UTC,2026-07-03 13:26:45 UTC,165.74,0.3528,0.0047,0.0,-0.001,-0.09,-21.26,STOP_LOSS_HIT,0.0744
355,TRUMP_USDT,LONG,StochasticRSI(FAST_SCALP-LONG),2,0.2,1.767,1.762,1.77,1.762,2026-07-03 13:27:59 UTC,2026-07-03 13:30:31 UTC,151.3,0.3534,0.0047,0.0,-0.001,-0.09,-21.22,STOP_LOSS_HIT,0.0734
356,TRUMP_USDT,LONG,StochasticRSI(FAST_SCALP-LONG),2,0.2,1.764,1.767,1.767,1.759,2026-07-03 13:34:59 UTC,2026-07-03 13:41:55 UTC,415.48,0.3528,0.0047,0.0,0.0006,0.06,12.76,MIN_PROFIT_TP_HIT,0.074
357,TRUMP_USDT,SHORT,StochasticRSI(FAST_SCALP-SHORT),2,0.2,1.763,1.76,1.76,1.768,2026-07-03 13:43:59 UTC,2026-07-03 14:01:02 UTC,1022.93,0.3526,0.0047,0.0,0.0006,0.06,12.76,MIN_PROFIT_TP_HIT,0.0746
358,TRUMP_USDT,LONG,StochasticRSI(FAST_SCALP-LONG),2,0.2,1.755,1.758,1.758,1.75,2026-07-03 14:03:59 UTC,2026-07-03 14:04:12 UTC,12.29,0.351,0.0047,0.0,0.0006,0.06,12.82,MIN_PROFIT_TP_HIT,0.0752
359,TRUMP_USDT,SHORT,StochasticRSI(FAST_SCALP-SHORT),2,0.2,1.756,1.753,1.753,1.761,2026-07-03 14:12:59 UTC,2026-07-03 14:13:40 UTC,40.27,0.3512,0.0047,0.0,0.0006,0.06,12.81,MIN_PROFIT_TP_HIT,0.0758
360,TRUMP_USDT,LONG,StochasticRSI(FAST_SCALP-LONG),2,0.2,1.756,1.759,1.759,1.751,2026-07-03 14:16:59 UTC,2026-07-03 14:18:41 UTC,101.3,0.3512,0.0047,0.0,0.0006,0.06,12.81,MIN_PROFIT_TP_HIT,0.0764
361,TRUMP_USDT,SHORT,StochasticRSI(FAST_SCALP-SHORT),2,0.2,1.757,1.754,1.754,1.762,2026-07-03 14:20:59 UTC,2026-07-03 14:21:34 UTC,34.47,0.3514,0.0047,0.0,0.0006,0.06,12.81,MIN_PROFIT_TP_HIT,0.077
362,TRUMP_USDT,SHORT,StochasticRSI(FAST_SCALP-SHORT),2,0.2,1.758,1.755,1.755,1.763,2026-07-03 14:27:59 UTC,2026-07-03 14:31:20 UTC,200.94,0.3516,0.0047,0.0,0.0006,0.06,12.8,MIN_PROFIT_TP_HIT,0.0776
363,TRUMP_USDT,LONG,StochasticRSI(FAST_SCALP-LONG),2,0.2,1.759,1.754,1.762,1.754,2026-07-03 14:32:59 UTC,2026-07-03 14:34:39 UTC,99.5,0.3518,0.0047,0.0,-0.001,-0.09,-21.32,STOP_LOSS_HIT,0.0766
364,TRUMP_USDT,LONG,StochasticRSI(FAST_SCALP-LONG),2,0.2,1.757,1.76,1.76,1.752,2026-07-03 14:37:59 UTC,2026-07-03 14:41:14 UTC,194.99,0.3514,0.0047,0.0,0.0006,0.06,12.81,MIN_PROFIT_TP_HIT,0.0772
365,TRUMP_USDT,SHORT,StochasticRSI(FAST_SCALP-SHORT),2,0.2,1.764,1.761,1.761,1.769,2026-07-03 14:45:59 UTC,2026-07-03 14:47:38 UTC,98.4,0.3528,0.0047,0.0,0.0006,0.06,12.76,MIN_PROFIT_TP_HIT,0.0778
366,TRUMP_USDT,SHORT,StochasticRSI(FAST_SCALP-SHORT),2,0.2,1.765,1.77,1.762,1.77,2026-07-03 14:48:59 UTC,2026-07-03 15:01:00 UTC,720.73,0.353,0.0047,0.0,-0.001,-0.09,-21.25,STOP_LOSS_HIT,0.0768
367,TRUMP_USDT,SHORT,StochasticRSI(FAST_SCALP-SHORT),2,0.2,1.775,1.78,1.772,1.78,2026-07-03 15:05:59 UTC,2026-07-03 15:08:07 UTC,127.65,0.355,0.0047,0.0,-0.001,-0.09,-21.13,STOP_LOSS_HIT,0.0758
368,TRUMP_USDT,SHORT,StochasticRSI(FAST_SCALP-SHORT),2,0.2,1.781,1.778,1.778,1.786,2026-07-03 15:10:59 UTC,2026-07-03 15:11:08 UTC,8.21,0.3562,0.0047,0.0,0.0006,0.06,12.63,MIN_PROFIT_TP_HIT,0.0764
369,TRUMP_USDT,LONG,StochasticRSI(FAST_SCALP-LONG),2,0.2,1.772,1.767,1.775,1.767,2026-07-03 15:18:59 UTC,2026-07-03 15:23:04 UTC,244.65,0.3544,0.0047,0.0,-0.001,-0.09,-21.16,STOP_LOSS_HIT,0.0754
370,TRUMP_USDT,LONG,StochasticRSI(FAST_SCALP-LONG),2,0.2,1.768,1.763,1.771,1.763,2026-07-03 15:26:59 UTC,2026-07-03 15:34:38 UTC,458.25,0.3536,0.0047,0.0,-0.001,-0.09,-21.21,STOP_LOSS_HIT,0.0744
371,TRUMP_USDT,LONG,StochasticRSI(FAST_SCALP-LONG),2,0.2,1.766,1.761,1.769,1.761,2026-07-03 15:38:59 UTC,2026-07-03 15:41:29 UTC,149.61,0.3532,0.0047,0.0,-0.001,-0.09,-21.23,STOP_LOSS_HIT,0.0734
372,TRUMP_USDT,LONG,StochasticRSI(FAST_SCALP-LONG),2,0.2,1.761,1.764,1.764,1.756,2026-07-03 15:44:59 UTC,2026-07-03 15:45:32 UTC,32.58,0.3522,0.0047,0.0,0.0006,0.06,12.78,MIN_PROFIT_TP_HIT,0.074
373,TRUMP_USDT,SHORT,StochasticRSI(FAST_SCALP-SHORT),2,0.2,1.772,1.769,1.769,1.777,2026-07-03 16:03:59 UTC,2026-07-03 16:06:31 UTC,151.33,0.3544,0.0047,0.0,0.0006,0.06,12.7,MIN_PROFIT_TP_HIT,0.0746
374,TRUMP_USDT,SHORT,StochasticRSI(FAST_SCALP-SHORT),2,0.2,1.769,1.766,1.766,1.774,2026-07-03 16:07:59 UTC,2026-07-03 16:13:53 UTC,353.47,0.3538,0.0047,0.0,0.0006,0.06,12.72,MIN_PROFIT_TP_HIT,0.0752
375,TRUMP_USDT,LONG,StochasticRSI(FAST_SCALP-LONG),2,0.2,1.775,1.778,1.778,1.77,2026-07-03 16:17:59 UTC,2026-07-03 16:19:11 UTC,71.28,0.355,0.0047,0.0,0.0006,0.06,12.68,MIN_PROFIT_TP_HIT,0.0758
376,TRUMP_USDT,SHORT,StochasticRSI(FAST_SCALP-SHORT),2,0.2,1.781,1.778,1.778,1.786,2026-07-03 16:26:59 UTC,2026-07-03 16:32:08 UTC,308.68,0.3562,0.0047,0.0,0.0006,0.06,12.63,MIN_PROFIT_TP_HIT,0.0764
377,TRUMP_USDT,LONG,StochasticRSI(FAST_SCALP-LONG),2,0.2,1.777,1.78,1.78,1.772,2026-07-03 16:35:59 UTC,2026-07-03 16:36:44 UTC,44.48,0.3554,0.0047,0.0,0.0006,0.06,12.66,MIN_PROFIT_TP_HIT,0.077
378,TRUMP_USDT,LONG,StochasticRSI(FAST_SCALP-LONG),2,0.2,1.775,1.77,1.778,1.77,2026-07-03 16:45:59 UTC,2026-07-03 16:48:43 UTC,163.51,0.355,0.0047,0.0,-0.001,-0.09,-21.13,STOP_LOSS_HIT,0.076
379,TRUMP_USDT,LONG,StochasticRSI(FAST_SCALP-LONG),2,0.2,1.774,1.777,1.777,1.769,2026-07-03 16:51:59 UTC,2026-07-03 16:54:45 UTC,165.04,0.3548,0.0047,0.0,0.0006,0.06,12.68,MIN_PROFIT_TP_HIT,0.0766
380,TRUMP_USDT,SHORT,StochasticRSI(FAST_SCALP-SHORT),2,0.2,1.779,1.776,1.776,1.784,2026-07-03 16:56:59 UTC,2026-07-03 16:57:11 UTC,11.6,0.3558,0.0047,0.0,0.0006,0.06,12.65,MIN_PROFIT_TP_HIT,0.0772
381,TRUMP_USDT,SHORT,StochasticRSI(FAST_SCALP-SHORT),2,0.2,1.777,1.774,1.774,1.782,2026-07-03 16:58:59 UTC,2026-07-03 17:00:03 UTC,63.1,0.3554,0.0047,0.0,0.0006,0.06,12.66,MIN_PROFIT_TP_HIT,0.0778
382,TRUMP_USDT,LONG,StochasticRSI(FAST_SCALP-LONG),2,0.2,1.779,1.782,1.782,1.774,2026-07-03 17:03:59 UTC,2026-07-03 17:04:07 UTC,7.53,0.3558,0.0047,0.0,0.0006,0.06,12.65,MIN_PROFIT_TP_HIT,0.0784
383,TRUMP_USDT,SHORT,StochasticRSI(FAST_SCALP-SHORT),2,0.2,1.79,1.787,1.787,1.795,2026-07-03 17:09:59 UTC,2026-07-03 17:10:18 UTC,18.84,0.358,0.0048,0.0,0.0006,0.06,12.57,MIN_PROFIT_TP_HIT,0.079
384,TRUMP_USDT,LONG,StochasticRSI(FAST_SCALP-LONG),2,0.2,1.79,1.793,1.793,1.785,2026-07-03 17:16:59 UTC,2026-07-03 17:23:24 UTC,384.52,0.358,0.0048,0.0,0.0006,0.06,12.57,MIN_PROFIT_TP_HIT,0.0796
385,TRUMP_USDT,SHORT,StochasticRSI(FAST_SCALP-SHORT),2,0.2,1.799,1.796,1.796,1.804,2026-07-03 17:29:59 UTC,2026-07-03 17:31:29 UTC,89.89,0.3598,0.0048,0.0,0.0006,0.06,12.51,MIN_PROFIT_TP_HIT,0.0802
386,TRUMP_USDT,LONG,StochasticRSI(FAST_SCALP-LONG),2,0.2,1.796,1.799,1.799,1.791,2026-07-03 17:35:59 UTC,2026-07-03 17:44:45 UTC,525.0,0.3592,0.0048,0.0,0.0006,0.06,12.53,MIN_PROFIT_TP_HIT,0.0808
387,TRUMP_USDT,SHORT,StochasticRSI(FAST_SCALP-SHORT),2,0.2,1.792,1.789,1.789,1.797,2026-07-03 17:48:59 UTC,2026-07-03 18:02:13 UTC,793.72,0.3584,0.0048,0.0,0.0006,0.06,12.56,MIN_PROFIT_TP_HIT,0.0814
388,TRUMP_USDT,LONG,StochasticRSI(FAST_SCALP-LONG),2,0.2,1.783,1.786,1.786,1.778,2026-07-03 18:11:59 UTC,2026-07-03 18:15:53 UTC,233.01,0.3566,0.0048,0.0,0.0006,0.06,12.62,MIN_PROFIT_TP_HIT,0.082
389,TRUMP_USDT,SHORT,StochasticRSI(FAST_SCALP-SHORT),2,0.2,1.784,1.789,1.781,1.789,2026-07-03 18:17:59 UTC,2026-07-03 18:22:36 UTC,276.12,0.3568,0.0048,0.0,-0.001,-0.09,-21.02,STOP_LOSS_HIT,0.081
390,TRUMP_USDT,SHORT,StochasticRSI(FAST_SCALP-SHORT),2,0.2,1.788,1.793,1.785,1.793,2026-07-03 18:25:59 UTC,2026-07-03 18:38:31 UTC,751.87,0.3576,0.0048,0.0,-0.001,-0.09,-20.97,STOP_LOSS_HIT,0.08
391,TRUMP_USDT,SHORT,StochasticRSI(FAST_SCALP-SHORT),2,0.2,1.791,1.788,1.788,1.796,2026-07-03 18:40:59 UTC,2026-07-03 18:41:30 UTC,30.04,0.3582,0.0048,0.0,0.0006,0.06,12.56,MIN_PROFIT_TP_HIT,0.0806
392,TRUMP_USDT,LONG,StochasticRSI(FAST_SCALP-LONG),2,0.2,1.785,1.788,1.788,1.78,2026-07-03 18:47:59 UTC,2026-07-03 18:52:43 UTC,283.15,0.357,0.0048,0.0,0.0006,0.06,12.61,MIN_PROFIT_TP_HIT,0.0812
393,TRUMP_USDT,SHORT,StochasticRSI(FAST_SCALP-SHORT),2,0.2,1.79,1.787,1.787,1.795,2026-07-03 18:56:59 UTC,2026-07-03 18:59:53 UTC,173.6,0.358,0.0048,0.0,0.0006,0.06,12.57,MIN_PROFIT_TP_HIT,0.0818
394,TRUMP_USDT,LONG,StochasticRSI(FAST_SCALP-LONG),2,0.2,1.788,1.783,1.791,1.783,2026-07-03 19:04:59 UTC,2026-07-03 19:10:41 UTC,341.6,0.3576,0.0048,0.0,-0.001,-0.09,-20.97,STOP_LOSS_HIT,0.0808
395,TRUMP_USDT,LONG,StochasticRSI(FAST_SCALP-LONG),2,0.2,1.789,1.792,1.792,1.784,2026-07-03 19:13:59 UTC,2026-07-03 19:16:09 UTC,129.56,0.3578,0.0048,0.0,0.0006,0.06,12.58,MIN_PROFIT_TP_HIT,0.0814
396,TRUMP_USDT,SHORT,StochasticRSI(FAST_SCALP-SHORT),2,0.2,1.797,1.802,1.794,1.802,2026-07-03 19:20:59 UTC,2026-07-03 19:23:46 UTC,166.93,0.3594,0.0048,0.0,-0.001,-0.09,-20.87,STOP_LOSS_HIT,0.0804
397,TRUMP_USDT,SHORT,StochasticRSI(FAST_SCALP-SHORT),2,0.2,1.807,1.804,1.804,1.812,2026-07-03 19:29:59 UTC,2026-07-03 19:31:36 UTC,96.5,0.3614,0.0048,0.0,0.0006,0.06,12.45,MIN_PROFIT_TP_HIT,0.081
398,TRUMP_USDT,LONG,StochasticRSI(FAST_SCALP-LONG),2,0.2,1.801,1.796,1.804,1.796,2026-07-03 19:39:59 UTC,2026-07-03 19:44:03 UTC,243.95,0.3602,0.0048,0.0,-0.001,-0.09,-20.82,STOP_LOSS_HIT,0.08
399,TRUMP_USDT,LONG,StochasticRSI(FAST_SCALP-LONG),2,0.2,1.794,1.797,1.797,1.789,2026-07-03 19:49:59 UTC,2026-07-03 19:57:57 UTC,477.05,0.3588,0.0048,0.0,0.0006,0.06,12.54,MIN_PROFIT_TP_HIT,0.0806
400,TRUMP_USDT,SHORT,StochasticRSI(FAST_SCALP-SHORT),2,0.2,1.792,1.789,1.789,1.797,2026-07-03 20:01:59 UTC,2026-07-03 20:05:15 UTC,195.29,0.3584,0.0048,0.0,0.0006,0.06,12.56,MIN_PROFIT_TP_HIT,0.0812
401,TRUMP_USDT,LONG,StochasticRSI(FAST_SCALP-LONG),2,0.2,1.793,1.796,1.796,1.788,2026-07-03 20:08:59 UTC,2026-07-03 20:18:23 UTC,563.17,0.3586,0.0048,0.0,0.0006,0.06,12.55,MIN_PROFIT_TP_HIT,0.0818
402,TRUMP_USDT,SHORT,StochasticRSI(FAST_SCALP-SHORT),2,0.2,1.795,1.8,1.792,1.8,2026-07-03 20:22:59 UTC,2026-07-03 20:26:54 UTC,234.08,0.359,0.0048,0.0,-0.001,-0.09,-20.89,STOP_LOSS_HIT,0.0808
403,TRUMP_USDT,LONG,StochasticRSI(FAST_SCALP-LONG),2,0.2,1.808,1.803,1.811,1.803,2026-07-03 20:36:59 UTC,2026-07-03 20:37:48 UTC,48.54,0.3616,0.0048,0.0,-0.001,-0.09,-20.74,STOP_LOSS_HIT,0.0798
404,TRUMP_USDT,LONG,StochasticRSI(FAST_SCALP-LONG),2,0.2,1.802,1.805,1.805,1.797,2026-07-03 20:46:59 UTC,2026-07-03 20:48:05 UTC,65.36,0.3604,0.0048,0.0,0.0006,0.06,12.49,MIN_PROFIT_TP_HIT,0.0804
405,TRUMP_USDT,SHORT,StochasticRSI(FAST_SCALP-SHORT),2,0.2,1.799,1.804,1.796,1.804,2026-07-03 20:50:59 UTC,2026-07-03 20:51:12 UTC,12.84,0.3598,0.0048,0.0,-0.001,-0.09,-20.84,STOP_LOSS_HIT,0.0794
406,TRUMP_USDT,LONG,StochasticRSI(FAST_SCALP-LONG),2,0.2,1.795,1.798,1.798,1.79,2026-07-03 20:58:59 UTC,2026-07-03 21:01:31 UTC,151.3,0.359,0.0048,0.0,0.0006,0.06,12.53,MIN_PROFIT_TP_HIT,0.08
407,TRUMP_USDT,SHORT,StochasticRSI(FAST_SCALP-SHORT),2,0.2,1.799,1.796,1.796,1.804,2026-07-03 21:08:59 UTC,2026-07-03 21:13:22 UTC,262.92,0.3598,0.0048,0.0,0.0006,0.06,12.51,MIN_PROFIT_TP_HIT,0.0806
408,TRUMP_USDT,LONG,StochasticRSI(FAST_SCALP-LONG),2,0.2,1.795,1.79,1.798,1.79,2026-07-03 21:21:59 UTC,2026-07-03 21:34:39 UTC,759.14,0.359,0.0048,0.0,-0.001,-0.09,-20.89,STOP_LOSS_HIT,0.0796
409,TRUMP_USDT,LONG,StochasticRSI(FAST_SCALP-LONG),2,0.2,1.785,1.788,1.788,1.78,2026-07-03 21:40:59 UTC,2026-07-03 21:50:06 UTC,546.12,0.357,0.0048,0.0,0.0006,0.06,12.61,MIN_PROFIT_TP_HIT,0.0802
410,TRUMP_USDT,SHORT,StochasticRSI(FAST_SCALP-SHORT),2,0.2,1.791,1.788,1.788,1.796,2026-07-03 21:56:59 UTC,2026-07-03 22:00:53 UTC,233.72,0.3582,0.0048,0.0,0.0006,0.06,12.56,MIN_PROFIT_TP_HIT,0.0808
411,TRUMP_USDT,LONG,StochasticRSI(FAST_SCALP-LONG),2,0.2,1.793,1.788,1.796,1.788,2026-07-03 22:01:59 UTC,2026-07-03 22:06:36 UTC,276.33,0.3586,0.0048,0.0,-0.001,-0.09,-20.91,STOP_LOSS_HIT,0.0798
412,TRUMP_USDT,LONG,StochasticRSI(FAST_SCALP-LONG),2,0.2,1.785,1.788,1.788,1.78,2026-07-03 22:09:59 UTC,2026-07-03 22:21:51 UTC,711.89,0.357,0.0048,0.0,0.0006,0.06,12.61,MIN_PROFIT_TP_HIT,0.0804
413,TRUMP_USDT,LONG,StochasticRSI(FAST_SCALP-LONG),2,0.2,1.775,1.778,1.778,1.77,2026-07-03 22:43:59 UTC,2026-07-03 22:46:41 UTC,161.08,0.355,0.0047,0.0,0.0006,0.06,12.68,MIN_PROFIT_TP_HIT,0.081
414,TRUMP_USDT,SHORT,StochasticRSI(FAST_SCALP-SHORT),2,0.2,1.773,1.77,1.77,1.778,2026-07-03 22:55:59 UTC,2026-07-03 23:25:38 UTC,1778.33,0.3546,0.0047,0.0,0.0006,0.06,12.69,MIN_PROFIT_TP_HIT,0.0816
415,TRUMP_USDT,LONG,StochasticRSI(FAST_SCALP-LONG),2,0.2,1.768,1.771,1.771,1.763,2026-07-03 23:28:59 UTC,2026-07-03 23:34:15 UTC,315.74,0.3536,0.0047,0.0,0.0006,0.06,12.73,MIN_PROFIT_TP_HIT,0.0822
416,TRUMP_USDT,SHORT,StochasticRSI(FAST_SCALP-SHORT),2,0.2,1.774,1.779,1.771,1.779,2026-07-03 23:43:59 UTC,2026-07-03 23:44:29 UTC,29.34,0.3548,0.0047,0.0,-0.001,-0.09,-21.14,STOP_LOSS_HIT,0.0812
417,TRUMP_USDT,LONG,StochasticRSI(FAST_SCALP-LONG),2,0.2,1.787,1.79,1.79,1.782,2026-07-03 23:58:59 UTC,2026-07-03 23:59:28 UTC,28.42,0.3574,0.0048,0.0,0.0006,0.06,12.59,MIN_PROFIT_TP_HIT,0.0818
418,TRUMP_USDT,SHORT,StochasticRSI(FAST_SCALP-SHORT),2,0.2,1.799,1.796,1.796,1.804,2026-07-04 00:06:59 UTC,2026-07-04 00:07:16 UTC,16.53,0.3598,0.0048,0.0,0.0006,0.06,12.51,MIN_PROFIT_TP_HIT,0.0824
419,TRUMP_USDT,LONG,StochasticRSI(FAST_SCALP-LONG),2,0.2,1.792,1.795,1.795,1.787,2026-07-04 00:12:59 UTC,2026-07-04 00:13:28 UTC,28.19,0.3584,0.0048,0.0,0.0006,0.06,12.56,MIN_PROFIT_TP_HIT,0.083
420,TRUMP_USDT,LONG,StochasticRSI(FAST_SCALP-LONG),2,0.2,1.785,1.788,1.788,1.78,2026-07-04 00:23:59 UTC,2026-07-04 00:24:13 UTC,13.27,0.357,0.0048,0.0,0.0006,0.06,12.61,MIN_PROFIT_TP_HIT,0.0836
421,TRUMP_USDT,LONG,StochasticRSI(FAST_SCALP-LONG),2,0.2,1.784,1.787,1.787,1.779,2026-07-04 00:26:59 UTC,2026-07-04 00:28:28 UTC,88.3,0.3568,0.0048,0.0,0.0006,0.06,12.61,MIN_PROFIT_TP_HIT,0.0842
422,TRUMP_USDT,SHORT,StochasticRSI(FAST_SCALP-SHORT),2,0.2,1.787,1.784,1.784,1.792,2026-07-04 00:32:59 UTC,2026-07-04 00:35:08 UTC,128.45,0.3574,0.0048,0.0,0.0006,0.06,12.59,MIN_PROFIT_TP_HIT,0.0848
423,TRUMP_USDT,SHORT,StochasticRSI(FAST_SCALP-SHORT),2,0.2,1.784,1.781,1.781,1.789,2026-07-04 00:36:59 UTC,2026-07-04 01:01:05 UTC,1445.98,0.3568,0.0048,0.0,0.0006,0.06,12.61,MIN_PROFIT_TP_HIT,0.0854
424,TRUMP_USDT,LONG,StochasticRSI(FAST_SCALP-LONG),2,0.2,1.778,1.781,1.781,1.773,2026-07-04 01:04:59 UTC,2026-07-04 01:08:14 UTC,194.36,0.3556,0.0047,0.0,0.0006,0.06,12.65,MIN_PROFIT_TP_HIT,0.086
425,TRUMP_USDT,SHORT,StochasticRSI(FAST_SCALP-SHORT),2,0.2,1.785,1.782,1.782,1.79,2026-07-04 01:20:59 UTC,2026-07-04 01:21:55 UTC,55.68,0.357,0.0048,0.0,0.0006,0.06,12.61,MIN_PROFIT_TP_HIT,0.0866
426,TRUMP_USDT,LONG,StochasticRSI(FAST_SCALP-LONG),2,0.2,1.775,1.77,1.778,1.77,2026-07-04 01:29:59 UTC,2026-07-04 01:38:03 UTC,483.08,0.355,0.0047,0.0,-0.001,-0.09,-21.13,STOP_LOSS_HIT,0.0856
427,TRUMP_USDT,LONG,StochasticRSI(FAST_SCALP-LONG),2,0.2,1.77,1.765,1.773,1.765,2026-07-04 01:42:59 UTC,2026-07-04 01:44:58 UTC,118.31,0.354,0.0047,0.0,-0.001,-0.09,-21.19,STOP_LOSS_HIT,0.0846
428,TRUMP_USDT,LONG,StochasticRSI(FAST_SCALP-LONG),2,0.2,1.762,1.765,1.765,1.757,2026-07-04 01:49:59 UTC,2026-07-04 01:50:34 UTC,34.41,0.3524,0.0047,0.0,0.0006,0.06,12.77,MIN_PROFIT_TP_HIT,0.0852
429,TRUMP_USDT,SHORT,StochasticRSI(FAST_SCALP-SHORT),2,0.2,1.763,1.768,1.76,1.768,2026-07-04 01:53:59 UTC,2026-07-04 01:59:22 UTC,322.13,0.3526,0.0047,0.0,-0.001,-0.09,-21.27,STOP_LOSS_HIT,0.0842
430,TRUMP_USDT,SHORT,StochasticRSI(FAST_SCALP-SHORT),2,0.2,1.767,1.764,1.764,1.772,2026-07-04 02:01:59 UTC,2026-07-04 02:02:11 UTC,11.82,0.3534,0.0047,0.0,0.0006,0.06,12.73,MIN_PROFIT_TP_HIT,0.0848
431,TRUMP_USDT,SHORT,StochasticRSI(FAST_SCALP-SHORT),2,0.2,1.769,1.766,1.766,1.774,2026-07-04 02:06:59 UTC,2026-07-04 02:07:15 UTC,15.48,0.3538,0.0047,0.0,0.0006,0.06,12.72,MIN_PROFIT_TP_HIT,0.0854
432,TRUMP_USDT,SHORT,StochasticRSI(FAST_SCALP-SHORT),2,0.2,1.768,1.773,1.765,1.773,2026-07-04 02:08:59 UTC,2026-07-04 02:09:41 UTC,41.2,0.3536,0.0047,0.0,-0.001,-0.09,-21.21,STOP_LOSS_HIT,0.0844
433,TRUMP_USDT,SHORT,StochasticRSI(FAST_SCALP-SHORT),2,0.2,1.775,1.772,1.772,1.78,2026-07-04 02:14:59 UTC,2026-07-04 02:23:21 UTC,501.6,0.355,0.0047,0.0,0.0006,0.06,12.68,MIN_PROFIT_TP_HIT,0.085
434,TRUMP_USDT,LONG,StochasticRSI(FAST_SCALP-LONG),2,0.2,1.775,1.778,1.778,1.77,2026-07-04 02:25:59 UTC,2026-07-04 02:29:08 UTC,188.72,0.355,0.0047,0.0,0.0006,0.06,12.68,MIN_PROFIT_TP_HIT,0.0856
435,TRUMP_USDT,SHORT,StochasticRSI(FAST_SCALP-SHORT),2,0.2,1.776,1.781,1.773,1.781,2026-07-04 02:31:59 UTC,2026-07-04 02:45:06 UTC,786.66,0.3552,0.0047,0.0,-0.001,-0.09,-21.11,STOP_LOSS_HIT,0.0846
436,TRUMP_USDT,LONG,StochasticRSI(FAST_SCALP-LONG),2,0.2,1.777,1.78,1.78,1.772,2026-07-04 02:50:59 UTC,2026-07-04 02:58:43 UTC,463.42,0.3554,0.0047,0.0,0.0006,0.06,12.66,MIN_PROFIT_TP_HIT,0.0852
437,TRUMP_USDT,LONG,StochasticRSI(FAST_SCALP-LONG),2,0.2,1.78,1.783,1.783,1.775,2026-07-04 02:59:59 UTC,2026-07-04 03:01:03 UTC,63.33,0.356,0.0047,0.0,0.0006,0.06,12.64,MIN_PROFIT_TP_HIT,0.0858
438,TRUMP_USDT,SHORT,StochasticRSI(FAST_SCALP-SHORT),2,0.2,1.778,1.775,1.775,1.783,2026-07-04 03:03:59 UTC,2026-07-04 03:05:11 UTC,71.71,0.3556,0.0047,0.0,0.0006,0.06,12.65,MIN_PROFIT_TP_HIT,0.0864
439,TRUMP_USDT,LONG,StochasticRSI(FAST_SCALP-LONG),2,0.2,1.779,1.782,1.782,1.774,2026-07-04 03:10:59 UTC,2026-07-04 03:12:02 UTC,62.4,0.3558,0.0047,0.0,0.0006,0.06,12.65,MIN_PROFIT_TP_HIT,0.087
440,TRUMP_USDT,SHORT,StochasticRSI(FAST_SCALP-SHORT),2,0.2,1.784,1.781,1.781,1.789,2026-07-04 03:18:59 UTC,2026-07-04 03:19:25 UTC,25.08,0.3568,0.0048,0.0,0.0006,0.06,12.61,MIN_PROFIT_TP_HIT,0.0876
441,TRUMP_USDT,LONG,StochasticRSI(FAST_SCALP-LONG),2,0.2,1.781,1.784,1.784,1.776,2026-07-04 03:23:59 UTC,2026-07-04 03:25:48 UTC,108.02,0.3562,0.0047,0.0,0.0006,0.06,12.63,MIN_PROFIT_TP_HIT,0.0882
442,TRUMP_USDT,LONG,StochasticRSI(FAST_SCALP-LONG),2,0.2,1.786,1.789,1.789,1.781,2026-07-04 03:26:59 UTC,2026-07-04 03:33:27 UTC,387.82,0.3572,0.0048,0.0,0.0006,0.06,12.6,MIN_PROFIT_TP_HIT,0.0888
443,TRUMP_USDT,SHORT,StochasticRSI(FAST_SCALP-SHORT),2,0.2,1.788,1.793,1.785,1.793,2026-07-04 03:36:59 UTC,2026-07-04 03:39:48 UTC,168.62,0.3576,0.0048,0.0,-0.001,-0.09,-20.97,STOP_LOSS_HIT,0.0878
444,TRUMP_USDT,SHORT,StochasticRSI(FAST_SCALP-SHORT),2,0.2,1.793,1.79,1.79,1.798,2026-07-04 03:41:59 UTC,2026-07-04 03:43:16 UTC,76.57,0.3586,0.0048,0.0,0.0006,0.06,12.55,MIN_PROFIT_TP_HIT,0.0884
445,TRUMP_USDT,LONG,StochasticRSI(FAST_SCALP-LONG),2,0.2,1.786,1.789,1.789,1.781,2026-07-04 03:50:59 UTC,2026-07-04 04:06:48 UTC,948.79,0.3572,0.0048,0.0,0.0006,0.06,12.6,MIN_PROFIT_TP_HIT,0.089
446,TRUMP_USDT,SHORT,StochasticRSI(FAST_SCALP-SHORT),2,0.2,1.788,1.785,1.785,1.793,2026-07-04 04:09:59 UTC,2026-07-04 04:12:40 UTC,160.58,0.3576,0.0048,0.0,0.0006,0.06,12.58,MIN_PROFIT_TP_HIT,0.0896
447,TRUMP_USDT,LONG,StochasticRSI(FAST_SCALP-LONG),2,0.2,1.784,1.787,1.787,1.779,2026-07-04 04:22:59 UTC,2026-07-04 04:23:57 UTC,57.59,0.3568,0.0048,0.0,0.0006,0.06,12.61,MIN_PROFIT_TP_HIT,0.0902
448,TRUMP_USDT,SHORT,StochasticRSI(FAST_SCALP-SHORT),2,0.2,1.786,1.791,1.783,1.791,2026-07-04 04:30:59 UTC,2026-07-04 04:33:00 UTC,120.72,0.3572,0.0048,0.0,-0.001,-0.09,-21.0,STOP_LOSS_HIT,0.0892
449,TRUMP_USDT,SHORT,StochasticRSI(FAST_SCALP-SHORT),2,0.2,1.789,1.794,1.786,1.794,2026-07-04 04:35:59 UTC,2026-07-04 04:38:00 UTC,120.73,0.3578,0.0048,0.0,-0.001,-0.09,-20.96,STOP_LOSS_HIT,0.0882
450,TRUMP_USDT,SHORT,StochasticRSI(FAST_SCALP-SHORT),2,0.2,1.795,1.792,1.792,1.8,2026-07-04 04:43:59 UTC,2026-07-04 05:00:02 UTC,962.38,0.359,0.0048,0.0,0.0006,0.06,12.53,MIN_PROFIT_TP_HIT,0.0888
451,TRUMP_USDT,LONG,StochasticRSI(FAST_SCALP-LONG),2,0.2,1.782,1.785,1.785,1.777,2026-07-04 05:05:59 UTC,2026-07-04 05:06:10 UTC,10.34,0.3564,0.0048,0.0,0.0006,0.06,12.63,MIN_PROFIT_TP_HIT,0.0894
452,TRUMP_USDT,SHORT,StochasticRSI(FAST_SCALP-SHORT),2,0.2,1.786,1.783,1.783,1.791,2026-07-04 05:18:59 UTC,2026-07-04 05:20:29 UTC,89.46,0.3572,0.0048,0.0,0.0006,0.06,12.6,MIN_PROFIT_TP_HIT,0.09
453,TRUMP_USDT,LONG,StochasticRSI(FAST_SCALP-LONG),2,0.2,1.783,1.786,1.786,1.778,2026-07-04 05:24:59 UTC,2026-07-04 05:30:32 UTC,332.78,0.3566,0.0048,0.0,0.0006,0.06,12.62,MIN_PROFIT_TP_HIT,0.0906
454,TRUMP_USDT,SHORT,StochasticRSI(FAST_SCALP-SHORT),2,0.2,1.784,1.789,1.781,1.789,2026-07-04 05:34:59 UTC,2026-07-04 05:49:43 UTC,883.24,0.3568,0.0048,0.0,-0.001,-0.09,-21.02,STOP_LOSS_HIT,0.0896
455,TRUMP_USDT,LONG,StochasticRSI(FAST_SCALP-LONG),2,0.2,1.785,1.788,1.788,1.78,2026-07-04 05:58:59 UTC,2026-07-04 06:03:37 UTC,277.27,0.357,0.0048,0.0,0.0006,0.06,12.61,MIN_PROFIT_TP_HIT,0.0902
456,TRUMP_USDT,SHORT,StochasticRSI(FAST_SCALP-SHORT),2,0.2,1.788,1.785,1.785,1.793,2026-07-04 06:04:59 UTC,2026-07-04 06:08:18 UTC,198.01,0.3576,0.0048,0.0,0.0006,0.06,12.58,MIN_PROFIT_TP_HIT,0.0908
457,TRUMP_USDT,LONG,StochasticRSI(FAST_SCALP-LONG),2,0.2,1.783,1.786,1.786,1.778,2026-07-04 06:15:59 UTC,2026-07-04 06:19:14 UTC,194.64,0.3566,0.0048,0.0,0.0006,0.06,12.62,MIN_PROFIT_TP_HIT,0.0914
458,TRUMP_USDT,SHORT,StochasticRSI(FAST_SCALP-SHORT),2,0.2,1.782,1.779,1.779,1.787,2026-07-04 06:21:59 UTC,2026-07-04 06:22:20 UTC,20.75,0.3564,0.0048,0.0,0.0006,0.06,12.63,MIN_PROFIT_TP_HIT,0.092
459,TRUMP_USDT,LONG,StochasticRSI(FAST_SCALP-LONG),2,0.2,1.773,1.776,1.776,1.768,2026-07-04 06:29:59 UTC,2026-07-04 06:31:04 UTC,64.62,0.3546,0.0047,0.0,0.0006,0.06,12.69,MIN_PROFIT_TP_HIT,0.0926
460,TRUMP_USDT,SHORT,StochasticRSI(FAST_SCALP-SHORT),2,0.2,1.771,1.776,1.768,1.776,2026-07-04 06:34:59 UTC,2026-07-04 06:47:21 UTC,741.46,0.3542,0.0047,0.0,-0.001,-0.09,-21.17,STOP_LOSS_HIT,0.0916
461,TRUMP_USDT,SHORT,StochasticRSI(FAST_SCALP-SHORT),2,0.2,1.776,1.773,1.773,1.781,2026-07-04 06:50:59 UTC,2026-07-04 07:02:55 UTC,715.99,0.3552,0.0047,0.0,0.0006,0.06,12.67,MIN_PROFIT_TP_HIT,0.0922
462,TRUMP_USDT,LONG,StochasticRSI(FAST_SCALP-LONG),2,0.2,1.773,1.776,1.776,1.768,2026-07-04 07:07:59 UTC,2026-07-04 07:11:00 UTC,181.0,0.3546,0.0047,0.0,0.0006,0.06,12.69,MIN_PROFIT_TP_HIT,0.0928
463,TRUMP_USDT,SHORT,StochasticRSI(FAST_SCALP-SHORT),2,0.2,1.776,1.773,1.773,1.781,2026-07-04 07:14:59 UTC,2026-07-04 07:15:34 UTC,34.38,0.3552,0.0047,0.0,0.0006,0.06,12.67,MIN_PROFIT_TP_HIT,0.0934
464,TRUMP_USDT,LONG,StochasticRSI(FAST_SCALP-LONG),2,0.2,1.773,1.768,1.776,1.768,2026-07-04 07:20:59 UTC,2026-07-04 07:26:39 UTC,339.27,0.3546,0.0047,0.0,-0.001,-0.09,-21.15,STOP_LOSS_HIT,0.0924
465,TRUMP_USDT,LONG,StochasticRSI(FAST_SCALP-LONG),2,0.2,1.772,1.767,1.775,1.767,2026-07-04 07:30:59 UTC,2026-07-04 07:40:39 UTC,579.78,0.3544,0.0047,0.0,-0.001,-0.09,-21.16,STOP_LOSS_HIT,0.0914
466,TRUMP_USDT,SHORT,StochasticRSI(FAST_SCALP-SHORT),2,0.2,1.775,1.772,1.772,1.78,2026-07-04 07:51:59 UTC,2026-07-04 08:02:24 UTC,624.13,0.355,0.0047,0.0,0.0006,0.06,12.68,MIN_PROFIT_TP_HIT,0.092
467,TRUMP_USDT,LONG,StochasticRSI(FAST_SCALP-LONG),2,0.2,1.772,1.775,1.775,1.767,2026-07-04 08:15:59 UTC,2026-07-04 08:21:54 UTC,354.42,0.3544,0.0047,0.0,0.0006,0.06,12.7,MIN_PROFIT_TP_HIT,0.0926
468,TRUMP_USDT,SHORT,StochasticRSI(FAST_SCALP-SHORT),2,0.2,1.775,1.772,1.772,1.78,2026-07-04 08:27:59 UTC,2026-07-04 08:55:05 UTC,1625.61,0.355,0.0047,0.0,0.0006,0.06,12.68,MIN_PROFIT_TP_HIT,0.0932
469,TRUMP_USDT,LONG,StochasticRSI(FAST_SCALP-LONG),2,0.2,1.773,1.768,1.776,1.768,2026-07-04 08:59:59 UTC,2026-07-04 09:05:16 UTC,316.11,0.3546,0.0047,0.0,-0.001,-0.09,-21.15,STOP_LOSS_HIT,0.0922
470,TRUMP_USDT,SHORT,StochasticRSI(FAST_SCALP-SHORT),2,0.2,1.771,1.776,1.768,1.776,2026-07-04 09:07:59 UTC,2026-07-04 09:11:34 UTC,214.76,0.3542,0.0047,0.0,-0.001,-0.09,-21.17,STOP_LOSS_HIT,0.0912
471,TRUMP_USDT,SHORT,StochasticRSI(FAST_SCALP-SHORT),2,0.2,1.778,1.775,1.775,1.783,2026-07-04 09:18:59 UTC,2026-07-04 09:21:27 UTC,147.63,0.3556,0.0047,0.0,0.0006,0.06,12.65,MIN_PROFIT_TP_HIT,0.0918
472,TRUMP_USDT,LONG,StochasticRSI(FAST_SCALP-LONG),2,0.2,1.769,1.764,1.772,1.764,2026-07-04 09:30:59 UTC,2026-07-04 09:34:22 UTC,202.4,0.3538,0.0047,0.0,-0.001,-0.09,-21.2,STOP_LOSS_HIT,0.0908
473,TRUMP_USDT,LONG,StochasticRSI(FAST_SCALP-LONG),2,0.2,1.763,1.766,1.766,1.758,2026-07-04 09:38:59 UTC,2026-07-04 09:40:42 UTC,102.63,0.3526,0.0047,0.0,0.0006,0.06,12.76,MIN_PROFIT_TP_HIT,0.0914
474,TRUMP_USDT,SHORT,StochasticRSI(FAST_SCALP-SHORT),2,0.2,1.765,1.77,1.762,1.77,2026-07-04 09:44:59 UTC,2026-07-04 09:56:28 UTC,688.89,0.353,0.0047,0.0,-0.001,-0.09,-21.25,STOP_LOSS_HIT,0.0904
475,TRUMP_USDT,SHORT,StochasticRSI(FAST_SCALP-SHORT),2,0.2,1.768,1.765,1.765,1.773,2026-07-04 09:58:59 UTC,2026-07-04 10:01:34 UTC,154.75,0.3536,0.0047,0.0,0.0006,0.06,12.73,MIN_PROFIT_TP_HIT,0.091
476,TRUMP_USDT,LONG,StochasticRSI(FAST_SCALP-LONG),2,0.2,1.763,1.766,1.766,1.758,2026-07-04 10:04:59 UTC,2026-07-04 10:08:14 UTC,194.76,0.3526,0.0047,0.0,0.0006,0.06,12.76,MIN_PROFIT_TP_HIT,0.0916
477,TRUMP_USDT,SHORT,StochasticRSI(FAST_SCALP-SHORT),2,0.2,1.764,1.769,1.761,1.769,2026-07-04 10:12:59 UTC,2026-07-04 10:51:48 UTC,2328.06,0.3528,0.0047,0.0,-0.001,-0.09,-21.26,STOP_LOSS_HIT,0.0906
478,TRUMP_USDT,LONG,StochasticRSI(FAST_SCALP-LONG),2,0.2,1.766,1.769,1.769,1.761,2026-07-04 11:06:59 UTC,2026-07-04 11:08:57 UTC,117.9,0.3532,0.0047,0.0,0.0006,0.06,12.74,MIN_PROFIT_TP_HIT,0.0912
479,TRUMP_USDT,SHORT,StochasticRSI(FAST_SCALP-SHORT),2,0.2,1.765,1.77,1.762,1.77,2026-07-04 11:12:59 UTC,2026-07-04 11:32:05 UTC,1145.16,0.353,0.0047,0.0,-0.001,-0.09,-21.25,STOP_LOSS_HIT,0.0902
480,TRUMP_USDT,SHORT,StochasticRSI(FAST_SCALP-SHORT),2,0.2,1.771,1.776,1.768,1.776,2026-07-04 11:37:59 UTC,2026-07-04 12:06:44 UTC,1724.17,0.3542,0.0047,0.0,-0.001,-0.09,-21.17,STOP_LOSS_HIT,0.0892
481,TRUMP_USDT,SHORT,StochasticRSI(FAST_SCALP-SHORT),2,0.2,1.776,1.773,1.773,1.781,2026-07-04 12:10:59 UTC,2026-07-04 12:20:40 UTC,580.08,0.3552,0.0047,0.0,0.0006,0.06,12.67,MIN_PROFIT_TP_HIT,0.0898
482,TRUMP_USDT,LONG,StochasticRSI(FAST_SCALP-LONG),2,0.2,1.773,1.776,1.776,1.768,2026-07-04 12:25:59 UTC,2026-07-04 12:31:19 UTC,319.35,0.3546,0.0047,0.0,0.0006,0.06,12.69,MIN_PROFIT_TP_HIT,0.0904
483,TRUMP_USDT,SHORT,StochasticRSI(FAST_SCALP-SHORT),2,0.2,1.775,1.78,1.772,1.78,2026-07-04 12:33:59 UTC,2026-07-04 12:53:27 UTC,1167.05,0.355,0.0047,0.0,-0.001,-0.09,-21.13,STOP_LOSS_HIT,0.0894
484,TRUMP_USDT,SHORT,StochasticRSI(FAST_SCALP-SHORT),2,0.2,1.778,1.783,1.775,1.783,2026-07-04 12:55:59 UTC,2026-07-04 12:58:05 UTC,125.63,0.3556,0.0047,0.0,-0.001,-0.09,-21.09,STOP_LOSS_HIT,0.0884
485,TRUMP_USDT,SHORT,StochasticRSI(FAST_SCALP-SHORT),2,0.2,1.782,1.779,1.779,1.787,2026-07-04 13:02:59 UTC,2026-07-04 13:07:10 UTC,250.86,0.3564,0.0048,0.0,0.0006,0.06,12.63,MIN_PROFIT_TP_HIT,0.089
486,TRUMP_USDT,LONG,StochasticRSI(FAST_SCALP-LONG),2,0.2,1.781,1.784,1.784,1.776,2026-07-04 13:09:59 UTC,2026-07-04 13:20:58 UTC,658.74,0.3562,0.0047,0.0,0.0006,0.06,12.63,MIN_PROFIT_TP_HIT,0.0896
487,TRUMP_USDT,SHORT,StochasticRSI(FAST_SCALP-SHORT),2,0.2,1.784,1.781,1.781,1.789,2026-07-04 13:23:59 UTC,2026-07-04 13:26:04 UTC,124.03,0.3568,0.0048,0.0,0.0006,0.06,12.61,MIN_PROFIT_TP_HIT,0.0902
488,TRUMP_USDT,LONG,StochasticRSI(FAST_SCALP-LONG),2,0.2,1.781,1.776,1.784,1.776,2026-07-04 13:30:59 UTC,2026-07-04 13:45:38 UTC,878.7,0.3562,0.0047,0.0,-0.001,-0.09,-21.06,STOP_LOSS_HIT,0.0892
489,TRUMP_USDT,LONG,StochasticRSI(FAST_SCALP-LONG),2,0.2,1.776,1.779,1.779,1.771,2026-07-04 13:50:59 UTC,2026-07-04 13:56:26 UTC,326.52,0.3552,0.0047,0.0,0.0006,0.06,12.67,MIN_PROFIT_TP_HIT,0.0898
490,TRUMP_USDT,SHORT,StochasticRSI(FAST_SCALP-SHORT),2,0.2,1.784,1.789,1.781,1.789,2026-07-04 14:05:59 UTC,2026-07-04 14:12:02 UTC,362.94,0.3568,0.0048,0.0,-0.001,-0.09,-21.02,STOP_LOSS_HIT,0.0888
491,TRUMP_USDT,SHORT,StochasticRSI(FAST_SCALP-SHORT),2,0.2,1.786,1.791,1.783,1.791,2026-07-04 14:21:59 UTC,2026-07-04 14:40:02 UTC,1082.74,0.3572,0.0048,0.0,-0.001,-0.09,-21.0,STOP_LOSS_HIT,0.0878
492,TRUMP_USDT,SHORT,StochasticRSI(FAST_SCALP-SHORT),2,0.2,1.792,1.789,1.789,1.797,2026-07-04 14:45:59 UTC,2026-07-04 14:49:45 UTC,225.69,0.3584,0.0048,0.0,0.0006,0.06,12.56,MIN_PROFIT_TP_HIT,0.0884
493,TRUMP_USDT,LONG,StochasticRSI(FAST_SCALP-LONG),2,0.2,1.792,1.795,1.795,1.787,2026-07-04 14:53:59 UTC,2026-07-04 14:58:04 UTC,244.22,0.3584,0.0048,0.0,0.0006,0.06,12.56,MIN_PROFIT_TP_HIT,0.089
494,TRUMP_USDT,SHORT,StochasticRSI(FAST_SCALP-SHORT),2,0.2,1.794,1.791,1.791,1.799,2026-07-04 15:01:59 UTC,2026-07-04 15:05:35 UTC,215.29,0.3588,0.0048,0.0,0.0006,0.06,12.54,MIN_PROFIT_TP_HIT,0.0896
495,TRUMP_USDT,LONG,StochasticRSI(FAST_SCALP-LONG),2,0.2,1.792,1.795,1.795,1.787,2026-07-04 15:08:59 UTC,2026-07-04 15:09:27 UTC,27.43,0.3584,0.0048,0.0,0.0006,0.06,12.56,MIN_PROFIT_TP_HIT,0.0902
496,TRUMP_USDT,SHORT,StochasticRSI(FAST_SCALP-SHORT),2,0.2,1.8,1.797,1.797,1.805,2026-07-04 15:13:59 UTC,2026-07-04 15:18:18 UTC,258.6,0.36,0.0048,0.0,0.0006,0.06,12.5,MIN_PROFIT_TP_HIT,0.0908
497,TRUMP_USDT,LONG,StochasticRSI(FAST_SCALP-LONG),2,0.2,1.803,1.806,1.806,1.798,2026-07-04 15:24:59 UTC,2026-07-04 15:30:49 UTC,349.7,0.3606,0.0048,0.0,0.0006,0.06,12.48,MIN_PROFIT_TP_HIT,0.0914
498,TRUMP_USDT,SHORT,StochasticRSI(FAST_SCALP-SHORT),2,0.2,1.807,1.812,1.804,1.812,2026-07-04 15:32:59 UTC,2026-07-04 15:35:19 UTC,139.63,0.3614,0.0048,0.0,-0.001,-0.09,-20.75,STOP_LOSS_HIT,0.0904
499,TRUMP_USDT,SHORT,StochasticRSI(FAST_SCALP-SHORT),2,0.2,1.814,1.819,1.811,1.819,2026-07-04 15:37:59 UTC,2026-07-04 15:38:23 UTC,23.93,0.3628,0.0048,0.0,-0.001,-0.09,-20.67,STOP_LOSS_HIT,0.0894
500,TRUMP_USDT,LONG,StochasticRSI(FAST_SCALP-LONG),2,0.2,1.813,1.808,1.816,1.808,2026-07-04 15:45:59 UTC,2026-07-04 15:52:16 UTC,376.98,0.3626,0.0048,0.0,-0.001,-0.09,-20.68,STOP_LOSS_HIT,0.0884
501,TRUMP_USDT,LONG,StochasticRSI(FAST_SCALP-LONG),2,0.2,1.811,1.814,1.814,1.806,2026-07-04 15:55:59 UTC,2026-07-04 15:57:18 UTC,78.16,0.3622,0.0048,0.0,0.0006,0.06,12.42,MIN_PROFIT_TP_HIT,0.089
502,TRUMP_USDT,SHORT,StochasticRSI(FAST_SCALP-SHORT),2,0.2,1.812,1.809,1.809,1.817,2026-07-04 16:06:59 UTC,2026-07-04 16:10:42 UTC,222.04,0.3624,0.0048,0.0,0.0006,0.06,12.42,MIN_PROFIT_TP_HIT,0.0896
503,TRUMP_USDT,LONG,StochasticRSI(FAST_SCALP-LONG),2,0.2,1.805,1.808,1.808,1.8,2026-07-04 16:14:59 UTC,2026-07-04 16:16:34 UTC,94.98,0.361,0.0048,0.0,0.0006,0.06,12.47,MIN_PROFIT_TP_HIT,0.0902
504,TRUMP_USDT,LONG,StochasticRSI(FAST_SCALP-LONG),2,0.2,1.807,1.81,1.81,1.802,2026-07-04 16:17:59 UTC,2026-07-04 16:19:01 UTC,61.33,0.3614,0.0048,0.0,0.0006,0.06,12.45,MIN_PROFIT_TP_HIT,0.0908
505,TRUMP_USDT,SHORT,StochasticRSI(FAST_SCALP-SHORT),2,0.2,1.815,1.812,1.812,1.82,2026-07-04 16:22:59 UTC,2026-07-04 16:24:20 UTC,80.07,0.363,0.0048,0.0,0.0006,0.06,12.4,MIN_PROFIT_TP_HIT,0.0914
506,TRUMP_USDT,SHORT,StochasticRSI(FAST_SCALP-SHORT),2,0.2,1.814,1.819,1.811,1.819,2026-07-04 16:25:59 UTC,2026-07-04 16:27:42 UTC,102.56,0.3628,0.0048,0.0,-0.001,-0.09,-20.67,STOP_LOSS_HIT,0.0904
507,TRUMP_USDT,SHORT,StochasticRSI(FAST_SCALP-SHORT),2,0.2,1.817,1.822,1.814,1.822,2026-07-04 16:33:59 UTC,2026-07-04 16:43:27 UTC,567.04,0.3634,0.0048,0.0,-0.001,-0.09,-20.64,STOP_LOSS_HIT,0.0894
508,TRUMP_USDT,SHORT,StochasticRSI(FAST_SCALP-SHORT),2,0.2,1.837,1.834,1.834,1.842,2026-07-04 16:50:59 UTC,2026-07-04 16:51:11 UTC,11.66,0.3674,0.0049,0.0,0.0006,0.06,12.25,MIN_PROFIT_TP_HIT,0.09
509,TRUMP_USDT,LONG,StochasticRSI(FAST_SCALP-LONG),2,0.2,1.828,1.831,1.831,1.823,2026-07-04 16:57:59 UTC,2026-07-04 16:59:27 UTC,87.21,0.3656,0.0049,0.0,0.0006,0.06,12.31,MIN_PROFIT_TP_HIT,0.0906
510,TRUMP_USDT,LONG,StochasticRSI(FAST_SCALP-LONG),2,0.2,1.846,1.849,1.849,1.841,2026-07-04 17:03:59 UTC,2026-07-04 17:04:02 UTC,2.91,0.3692,0.0049,0.0,0.0006,0.06,12.19,MIN_PROFIT_TP_HIT,0.0912
511,TRUMP_USDT,SHORT,StochasticRSI(FAST_SCALP-SHORT),2,0.2,1.847,1.844,1.844,1.852,2026-07-04 17:07:59 UTC,2026-07-04 17:09:05 UTC,65.84,0.3694,0.0049,0.0,0.0006,0.06,12.18,MIN_PROFIT_TP_HIT,0.0918
512,TRUMP_USDT,LONG,StochasticRSI(FAST_SCALP-LONG),2,0.2,1.833,1.828,1.836,1.828,2026-07-04 17:22:59 UTC,2026-07-04 17:24:41 UTC,101.63,0.3666,0.0049,0.0,-0.001,-0.09,-20.46,STOP_LOSS_HIT,0.0908
513,TRUMP_USDT,LONG,StochasticRSI(FAST_SCALP-LONG),2,0.2,1.831,1.834,1.834,1.826,2026-07-04 17:26:59 UTC,2026-07-04 17:28:02 UTC,62.6,0.3662,0.0049,0.0,0.0006,0.06,12.29,MIN_PROFIT_TP_HIT,0.0914
514,TRUMP_USDT,SHORT,StochasticRSI(FAST_SCALP-SHORT),2,0.2,1.835,1.84,1.832,1.84,2026-07-04 17:31:59 UTC,2026-07-04 17:33:03 UTC,63.47,0.367,0.0049,0.0,-0.001,-0.09,-20.44,STOP_LOSS_HIT,0.0904
515,TRUMP_USDT,SHORT,StochasticRSI(FAST_SCALP-SHORT),2,0.2,1.835,1.832,1.832,1.84,2026-07-04 17:35:59 UTC,2026-07-04 17:37:16 UTC,76.57,0.367,0.0049,0.0,0.0006,0.06,12.26,MIN_PROFIT_TP_HIT,0.091
516,TRUMP_USDT,LONG,StochasticRSI(FAST_SCALP-LONG),2,0.2,1.828,1.831,1.831,1.823,2026-07-04 17:40:59 UTC,2026-07-04 17:41:11 UTC,11.25,0.3656,0.0049,0.0,0.0006,0.06,12.31,MIN_PROFIT_TP_HIT,0.0916
517,TRUMP_USDT,SHORT,StochasticRSI(FAST_SCALP-SHORT),2,0.2,1.843,1.848,1.84,1.848,2026-07-04 17:54:59 UTC,2026-07-04 17:56:03 UTC,63.81,0.3686,0.0049,0.0,-0.001,-0.09,-20.35,STOP_LOSS_HIT,0.0906
518,TRUMP_USDT,SHORT,StochasticRSI(FAST_SCALP-SHORT),2,0.2,1.855,1.852,1.852,1.86,2026-07-04 17:58:59 UTC,2026-07-04 18:03:00 UTC,240.35,0.371,0.0049,0.0,0.0006,0.06,12.13,MIN_PROFIT_TP_HIT,0.0912
519,TRUMP_USDT,LONG,StochasticRSI(FAST_SCALP-LONG),2,0.2,1.856,1.851,1.859,1.851,2026-07-04 18:06:59 UTC,2026-07-04 18:09:54 UTC,174.97,0.3712,0.0049,0.0,-0.001,-0.09,-20.2,STOP_LOSS_HIT,0.0902
520,TRUMP_USDT,LONG,StochasticRSI(FAST_SCALP-LONG),2,0.2,1.853,1.856,1.856,1.848,2026-07-04 18:17:59 UTC,2026-07-04 18:18:51 UTC,51.62,0.3706,0.0049,0.0,0.0006,0.06,12.14,MIN_PROFIT_TP_HIT,0.0908
521,TRUMP_USDT,SHORT,StochasticRSI(FAST_SCALP-SHORT),2,0.2,1.866,1.863,1.863,1.871,2026-07-04 18:25:59 UTC,2026-07-04 18:26:07 UTC,7.05,0.3732,0.005,0.0,0.0006,0.06,12.06,MIN_PROFIT_TP_HIT,0.0914
522,TRUMP_USDT,LONG,StochasticRSI(FAST_SCALP-LONG),2,0.2,1.846,1.841,1.849,1.841,2026-07-04 18:34:59 UTC,2026-07-04 18:35:23 UTC,23.94,0.3692,0.0049,0.0,-0.001,-0.09,-20.31,STOP_LOSS_HIT,0.0904
523,TRUMP_USDT,LONG,StochasticRSI(FAST_SCALP-LONG),2,0.2,1.835,1.838,1.838,1.83,2026-07-04 18:38:59 UTC,2026-07-04 18:40:45 UTC,105.04,0.367,0.0049,0.0,0.0006,0.06,12.26,MIN_PROFIT_TP_HIT,0.091
524,TRUMP_USDT,LONG,StochasticRSI(FAST_SCALP-LONG),2,0.2,1.84,1.835,1.843,1.835,2026-07-04 18:41:59 UTC,2026-07-04 18:48:43 UTC,403.44,0.368,0.0049,0.0,-0.001,-0.09,-20.38,STOP_LOSS_HIT,0.09
525,TRUMP_USDT,SHORT,StochasticRSI(FAST_SCALP-SHORT),2,0.2,1.834,1.839,1.831,1.839,2026-07-04 18:49:59 UTC,2026-07-04 18:52:31 UTC,151.02,0.3668,0.0049,0.0,-0.001,-0.09,-20.45,STOP_LOSS_HIT,0.089
526,TRUMP_USDT,SHORT,StochasticRSI(FAST_SCALP-SHORT),2,0.2,1.858,1.855,1.855,1.863,2026-07-04 19:03:59 UTC,2026-07-04 19:04:05 UTC,5.27,0.3716,0.005,0.0,0.0006,0.06,12.11,MIN_PROFIT_TP_HIT,0.0896
527,TRUMP_USDT,LONG,StochasticRSI(FAST_SCALP-LONG),2,0.2,1.842,1.837,1.845,1.837,2026-07-04 19:11:59 UTC,2026-07-04 19:13:11 UTC,71.21,0.3684,0.0049,0.0,-0.001,-0.09,-20.36,STOP_LOSS_HIT,0.0886
528,TRUMP_USDT,LONG,StochasticRSI(FAST_SCALP-LONG),2,0.2,1.837,1.84,1.84,1.832,2026-07-04 19:15:59 UTC,2026-07-04 19:16:52 UTC,52.1,0.3674,0.0049,0.0,0.0006,0.06,12.25,MIN_PROFIT_TP_HIT,0.0892
529,TRUMP_USDT,SHORT,StochasticRSI(FAST_SCALP-SHORT),2,0.2,1.844,1.841,1.841,1.849,2026-07-04 19:25:59 UTC,2026-07-04 19:30:25 UTC,265.26,0.3688,0.0049,0.0,0.0006,0.06,12.2,MIN_PROFIT_TP_HIT,0.0898
530,TRUMP_USDT,LONG,StochasticRSI(FAST_SCALP-LONG),2,0.2,1.842,1.837,1.845,1.837,2026-07-04 19:35:59 UTC,2026-07-04 19:40:05 UTC,245.94,0.3684,0.0049,0.0,-0.001,-0.09,-20.36,STOP_LOSS_HIT,0.0888
531,TRUMP_USDT,LONG,StochasticRSI(FAST_SCALP-LONG),2,0.2,1.837,1.84,1.84,1.832,2026-07-04 19:49:59 UTC,2026-07-04 19:51:46 UTC,106.19,0.3674,0.0049,0.0,0.0006,0.06,12.25,MIN_PROFIT_TP_HIT,0.0894
532,TRUMP_USDT,SHORT,StochasticRSI(FAST_SCALP-SHORT),2,0.2,1.836,1.833,1.833,1.841,2026-07-04 19:55:59 UTC,2026-07-04 20:00:35 UTC,275.5,0.3672,0.0049,0.0,0.0006,0.06,12.25,MIN_PROFIT_TP_HIT,0.09
533,TRUMP_USDT,LONG,StochasticRSI(FAST_SCALP-LONG),2,0.2,1.834,1.829,1.837,1.829,2026-07-04 20:04:59 UTC,2026-07-04 20:14:36 UTC,576.81,0.3668,0.0049,0.0,-0.001,-0.09,-20.45,STOP_LOSS_HIT,0.089
534,TRUMP_USDT,LONG,StochasticRSI(FAST_SCALP-LONG),2,0.2,1.821,1.816,1.824,1.816,2026-07-04 20:20:59 UTC,2026-07-04 20:22:29 UTC,89.2,0.3642,0.0049,0.0,-0.001,-0.09,-20.59,STOP_LOSS_HIT,0.088
535,TRUMP_USDT,SHORT,StochasticRSI(FAST_SCALP-SHORT),2,0.2,1.822,1.819,1.819,1.827,2026-07-04 20:30:59 UTC,2026-07-04 20:31:25 UTC,25.97,0.3644,0.0049,0.0,0.0006,0.06,12.35,MIN_PROFIT_TP_HIT,0.0886
536,TRUMP_USDT,SHORT,StochasticRSI(FAST_SCALP-SHORT),2,0.2,1.822,1.827,1.819,1.827,2026-07-04 20:33:59 UTC,2026-07-04 20:35:54 UTC,114.36,0.3644,0.0049,0.0,-0.001,-0.09,-20.58,STOP_LOSS_HIT,0.0876
537,TRUMP_USDT,SHORT,StochasticRSI(FAST_SCALP-SHORT),2,0.2,1.827,1.824,1.824,1.832,2026-07-04 20:38:59 UTC,2026-07-04 20:40:03 UTC,63.11,0.3654,0.0049,0.0,0.0006,0.06,12.32,MIN_PROFIT_TP_HIT,0.0882
538,TRUMP_USDT,LONG,StochasticRSI(FAST_SCALP-LONG),2,0.2,1.829,1.832,1.832,1.824,2026-07-04 20:46:59 UTC,2026-07-04 20:50:30 UTC,210.23,0.3658,0.0049,0.0,0.0006,0.06,12.3,MIN_PROFIT_TP_HIT,0.0888
539,TRUMP_USDT,SHORT,StochasticRSI(FAST_SCALP-SHORT),2,0.2,1.839,1.836,1.836,1.844,2026-07-04 20:52:59 UTC,2026-07-04 20:53:28 UTC,28.81,0.3678,0.0049,0.0,0.0006,0.06,12.23,MIN_PROFIT_TP_HIT,0.0894
540,TRUMP_USDT,LONG,StochasticRSI(FAST_SCALP-LONG),2,0.2,1.844,1.847,1.847,1.839,2026-07-04 20:57:59 UTC,2026-07-04 20:58:09 UTC,9.34,0.3688,0.0049,0.0,0.0006,0.06,12.2,MIN_PROFIT_TP_HIT,0.09
541,TRUMP_USDT,SHORT,StochasticRSI(FAST_SCALP-SHORT),2,0.2,1.85,1.847,1.847,1.855,2026-07-04 21:05:59 UTC,2026-07-04 21:06:27 UTC,27.74,0.37,0.0049,0.0,0.0006,0.06,12.16,MIN_PROFIT_TP_HIT,0.0906
542,TRUMP_USDT,LONG,StochasticRSI(FAST_SCALP-LONG),2,0.2,1.844,1.847,1.847,1.839,2026-07-04 21:10:59 UTC,2026-07-04 21:12:59 UTC,119.81,0.3688,0.0049,0.0,0.0006,0.06,12.2,MIN_PROFIT_TP_HIT,0.0912
543,TRUMP_USDT,LONG,StochasticRSI(FAST_SCALP-LONG),2,0.2,1.855,1.858,1.858,1.85,2026-07-04 21:13:59 UTC,2026-07-04 21:15:58 UTC,118.29,0.371,0.0049,0.0,0.0006,0.06,12.13,MIN_PROFIT_TP_HIT,0.0918
544,TRUMP_USDT,SHORT,StochasticRSI(FAST_SCALP-SHORT),2,0.2,1.855,1.852,1.852,1.86,2026-07-04 21:19:59 UTC,2026-07-04 21:26:08 UTC,368.81,0.371,0.0049,0.0,0.0006,0.06,12.13,MIN_PROFIT_TP_HIT,0.0924
545,TRUMP_USDT,LONG,StochasticRSI(FAST_SCALP-LONG),2,0.2,1.855,1.858,1.858,1.85,2026-07-04 21:28:59 UTC,2026-07-04 21:29:44 UTC,44.14,0.371,0.0049,0.0,0.0006,0.06,12.13,MIN_PROFIT_TP_HIT,0.093
546,TRUMP_USDT,LONG,StochasticRSI(FAST_SCALP-LONG),2,0.2,1.849,1.844,1.852,1.844,2026-07-04 21:39:59 UTC,2026-07-04 21:40:47 UTC,47.2,0.3698,0.0049,0.0,-0.001,-0.09,-20.28,STOP_LOSS_HIT,0.092
547,TRUMP_USDT,LONG,StochasticRSI(FAST_SCALP-LONG),2,0.2,1.85,1.845,1.853,1.845,2026-07-04 21:43:59 UTC,2026-07-04 21:49:44 UTC,344.19,0.37,0.0049,0.0,-0.001,-0.09,-20.27,STOP_LOSS_HIT,0.091
548,TRUMP_USDT,LONG,StochasticRSI(FAST_SCALP-LONG),2,0.2,1.842,1.837,1.845,1.837,2026-07-04 21:54:59 UTC,2026-07-04 21:58:59 UTC,239.97,0.3684,0.0049,0.0,-0.001,-0.09,-20.36,STOP_LOSS_HIT,0.09
549,TRUMP_USDT,LONG,StochasticRSI(FAST_SCALP-LONG),2,0.2,1.826,1.829,1.829,1.821,2026-07-04 22:04:59 UTC,2026-07-04 22:05:50 UTC,50.76,0.3652,0.0049,0.0,0.0006,0.06,12.32,MIN_PROFIT_TP_HIT,0.0906
550,TRUMP_USDT,SHORT,StochasticRSI(FAST_SCALP-SHORT),2,0.2,1.826,1.823,1.823,1.831,2026-07-04 22:11:59 UTC,2026-07-04 22:14:47 UTC,167.87,0.3652,0.0049,0.0,0.0006,0.06,12.32,MIN_PROFIT_TP_HIT,0.0912
551,TRUMP_USDT,SHORT,StochasticRSI(FAST_SCALP-SHORT),2,0.2,1.826,1.823,1.823,1.831,2026-07-04 22:17:59 UTC,2026-07-04 22:19:16 UTC,76.63,0.3652,0.0049,0.0,0.0006,0.06,12.32,MIN_PROFIT_TP_HIT,0.0918
552,TRUMP_USDT,SHORT,StochasticRSI(FAST_SCALP-SHORT),2,0.2,1.821,1.818,1.818,1.826,2026-07-04 22:33:59 UTC,2026-07-04 22:44:38 UTC,638.72,0.3642,0.0049,0.0,0.0006,0.06,12.36,MIN_PROFIT_TP_HIT,0.0924
553,TRUMP_USDT,LONG,StochasticRSI(FAST_SCALP-LONG),2,0.2,1.824,1.819,1.827,1.819,2026-07-04 22:48:59 UTC,2026-07-04 22:49:06 UTC,6.14,0.3648,0.0049,0.0,-0.001,-0.09,-20.56,STOP_LOSS_HIT,0.0914
554,TRUMP_USDT,SHORT,StochasticRSI(FAST_SCALP-SHORT),2,0.2,1.821,1.826,1.818,1.826,2026-07-04 22:51:59 UTC,2026-07-04 22:57:25 UTC,325.37,0.3642,0.0049,0.0,-0.001,-0.09,-20.59,STOP_LOSS_HIT,0.0904
555,TRUMP_USDT,SHORT,StochasticRSI(FAST_SCALP-SHORT),2,0.2,1.824,1.821,1.821,1.829,2026-07-04 23:01:59 UTC,2026-07-04 23:13:34 UTC,694.22,0.3648,0.0049,0.0,0.0006,0.06,12.34,MIN_PROFIT_TP_HIT,0.091
556,TRUMP_USDT,LONG,StochasticRSI(FAST_SCALP-LONG),2,0.2,1.815,1.818,1.818,1.81,2026-07-04 23:17:59 UTC,2026-07-04 23:18:28 UTC,28.91,0.363,0.0048,0.0,0.0006,0.06,12.4,MIN_PROFIT_TP_HIT,0.0916
557,TRUMP_USDT,SHORT,StochasticRSI(FAST_SCALP-SHORT),2,0.2,1.824,1.821,1.821,1.829,2026-07-04 23:24:59 UTC,2026-07-04 23:26:54 UTC,114.16,0.3648,0.0049,0.0,0.0006,0.06,12.34,MIN_PROFIT_TP_HIT,0.0922
558,TRUMP_USDT,LONG,StochasticRSI(FAST_SCALP-LONG),2,0.2,1.821,1.824,1.824,1.816,2026-07-04 23:32:59 UTC,2026-07-04 23:34:50 UTC,110.21,0.3642,0.0049,0.0,0.0006,0.06,12.36,MIN_PROFIT_TP_HIT,0.0928
559,TRUMP_USDT,LONG,StochasticRSI(FAST_SCALP-LONG),2,0.2,1.822,1.817,1.825,1.817,2026-07-04 23:44:59 UTC,2026-07-04 23:47:23 UTC,143.67,0.3644,0.0049,0.0,-0.001,-0.09,-20.58,STOP_LOSS_HIT,0.0918
560,TRUMP_USDT,LONG,StochasticRSI(FAST_SCALP-LONG),2,0.2,1.818,1.821,1.821,1.813,2026-07-04 23:50:59 UTC,2026-07-04 23:59:57 UTC,537.89,0.3636,0.0048,0.0,0.0006,0.06,12.38,MIN_PROFIT_TP_HIT,0.0924
561,TRUMP_USDT,SHORT,StochasticRSI(FAST_SCALP-SHORT),2,0.2,1.82,1.817,1.817,1.825,2026-07-05 00:13:59 UTC,2026-07-05 00:17:15 UTC,195.67,0.364,0.0049,0.0,0.0006,0.06,12.36,MIN_PROFIT_TP_HIT,0.093
562,TRUMP_USDT,SHORT,StochasticRSI(FAST_SCALP-SHORT),2,0.2,1.822,1.827,1.819,1.827,2026-07-05 00:22:59 UTC,2026-07-05 00:29:12 UTC,372.6,0.3644,0.0049,0.0,-0.001,-0.09,-20.58,STOP_LOSS_HIT,0.092
563,TRUMP_USDT,LONG,StochasticRSI(FAST_SCALP-LONG),2,0.2,1.817,1.82,1.82,1.812,2026-07-05 00:36:59 UTC,2026-07-05 00:38:01 UTC,61.91,0.3634,0.0048,0.0,0.0006,0.06,12.38,MIN_PROFIT_TP_HIT,0.0926
564,TRUMP_USDT,SHORT,StochasticRSI(FAST_SCALP-SHORT),2,0.2,1.83,1.827,1.827,1.835,2026-07-05 00:47:59 UTC,2026-07-05 00:50:21 UTC,141.79,0.366,0.0049,0.0,0.0006,0.06,12.3,MIN_PROFIT_TP_HIT,0.0932
565,TRUMP_USDT,LONG,StochasticRSI(FAST_SCALP-LONG),2,0.2,1.83,1.825,1.833,1.825,2026-07-05 00:52:59 UTC,2026-07-05 00:55:54 UTC,174.51,0.366,0.0049,0.0,-0.001,-0.09,-20.49,STOP_LOSS_HIT,0.0922
566,TRUMP_USDT,LONG,StochasticRSI(FAST_SCALP-LONG),2,0.2,1.826,1.829,1.829,1.821,2026-07-05 00:59:59 UTC,2026-07-05 01:03:05 UTC,185.55,0.3652,0.0049,0.0,0.0006,0.06,12.32,MIN_PROFIT_TP_HIT,0.0928
567,TRUMP_USDT,SHORT,StochasticRSI(FAST_SCALP-SHORT),2,0.2,1.828,1.825,1.825,1.833,2026-07-05 01:06:59 UTC,2026-07-05 01:08:10 UTC,70.22,0.3656,0.0049,0.0,0.0006,0.06,12.31,MIN_PROFIT_TP_HIT,0.0934
568,TRUMP_USDT,LONG,StochasticRSI(FAST_SCALP-LONG),2,0.2,1.81,1.813,1.813,1.805,2026-07-05 01:21:59 UTC,2026-07-05 01:24:54 UTC,174.09,0.362,0.0048,0.0,0.0006,0.06,12.43,MIN_PROFIT_TP_HIT,0.094
569,TRUMP_USDT,SHORT,StochasticRSI(FAST_SCALP-SHORT),2,0.2,1.815,1.812,1.812,1.82,2026-07-05 01:31:59 UTC,2026-07-05 01:33:10 UTC,70.83,0.363,0.0048,0.0,0.0006,0.06,12.4,MIN_PROFIT_TP_HIT,0.0946
570,TRUMP_USDT,LONG,StochasticRSI(FAST_SCALP-LONG),2,0.2,1.816,1.811,1.819,1.811,2026-07-05 01:39:59 UTC,2026-07-05 01:43:12 UTC,192.58,0.3632,0.0048,0.0,-0.001,-0.09,-20.65,STOP_LOSS_HIT,0.0936
571,TRUMP_USDT,SHORT,StochasticRSI(FAST_SCALP-SHORT),2,0.2,1.808,1.813,1.805,1.813,2026-07-05 01:47:59 UTC,2026-07-05 01:50:30 UTC,150.74,0.3616,0.0048,0.0,-0.001,-0.09,-20.74,STOP_LOSS_HIT,0.0926
572,TRUMP_USDT,SHORT,StochasticRSI(FAST_SCALP-SHORT),2,0.2,1.815,1.812,1.812,1.82,2026-07-05 01:55:59 UTC,2026-07-05 01:57:59 UTC,119.86,0.363,0.0048,0.0,0.0006,0.06,12.4,MIN_PROFIT_TP_HIT,0.0932
573,TRUMP_USDT,SHORT,StochasticRSI(FAST_SCALP-SHORT),2,0.2,1.809,1.806,1.806,1.814,2026-07-05 02:02:59 UTC,2026-07-05 02:05:34 UTC,154.25,0.3618,0.0048,0.0,0.0006,0.06,12.44,MIN_PROFIT_TP_HIT,0.0938
574,TRUMP_USDT,LONG,StochasticRSI(FAST_SCALP-LONG),2,0.2,1.81,1.805,1.813,1.805,2026-07-05 02:09:59 UTC,2026-07-05 02:11:11 UTC,71.26,0.362,0.0048,0.0,-0.001,-0.09,-20.72,STOP_LOSS_HIT,0.0928
575,TRUMP_USDT,SHORT,StochasticRSI(FAST_SCALP-SHORT),2,0.2,1.792,1.789,1.789,1.797,2026-07-05 02:12:59 UTC,2026-07-05 02:13:11 UTC,11.08,0.3584,0.0048,0.0,0.0006,0.06,12.56,MIN_PROFIT_TP_HIT,0.0934
576,TRUMP_USDT,LONG,StochasticRSI(FAST_SCALP-LONG),2,0.2,1.793,1.796,1.796,1.788,2026-07-05 02:15:59 UTC,2026-07-05 02:17:45 UTC,105.95,0.3586,0.0048,0.0,0.0006,0.06,12.55,MIN_PROFIT_TP_HIT,0.094
577,TRUMP_USDT,SHORT,StochasticRSI(FAST_SCALP-SHORT),2,0.2,1.795,1.792,1.792,1.8,2026-07-05 02:23:59 UTC,2026-07-05 02:24:59 UTC,59.06,0.359,0.0048,0.0,0.0006,0.06,12.53,MIN_PROFIT_TP_HIT,0.0946
578,TRUMP_USDT,SHORT,StochasticRSI(FAST_SCALP-SHORT),2,0.2,1.803,1.8,1.8,1.808,2026-07-05 02:37:59 UTC,2026-07-05 02:38:51 UTC,51.86,0.3606,0.0048,0.0,0.0006,0.06,12.48,MIN_PROFIT_TP_HIT,0.0952
579,TRUMP_USDT,LONG,StochasticRSI(FAST_SCALP-LONG),2,0.2,1.791,1.786,1.794,1.786,2026-07-05 02:47:59 UTC,2026-07-05 02:48:52 UTC,52.41,0.3582,0.0048,0.0,-0.001,-0.09,-20.94,STOP_LOSS_HIT,0.0942
580,TRUMP_USDT,LONG,StochasticRSI(FAST_SCALP-LONG),2,0.2,1.794,1.797,1.797,1.789,2026-07-05 02:50:59 UTC,2026-07-05 02:51:31 UTC,31.8,0.3588,0.0048,0.0,0.0006,0.06,12.54,MIN_PROFIT_TP_HIT,0.0948
581,TRUMP_USDT,SHORT,StochasticRSI(FAST_SCALP-SHORT),2,0.2,1.788,1.793,1.785,1.793,2026-07-05 02:54:59 UTC,2026-07-05 03:04:12 UTC,553.0,0.3576,0.0048,0.0,-0.001,-0.09,-20.97,STOP_LOSS_HIT,0.0938
582,TRUMP_USDT,SHORT,StochasticRSI(FAST_SCALP-SHORT),2,0.2,1.79,1.795,1.787,1.795,2026-07-05 03:06:59 UTC,2026-07-05 03:13:39 UTC,399.86,0.358,0.0048,0.0,-0.001,-0.09,-20.95,STOP_LOSS_HIT,0.0928
583,TRUMP_USDT,SHORT,StochasticRSI(FAST_SCALP-SHORT),2,0.2,1.792,1.789,1.789,1.797,2026-07-05 03:16:59 UTC,2026-07-05 03:20:37 UTC,217.03,0.3584,0.0048,0.0,0.0006,0.06,12.56,MIN_PROFIT_TP_HIT,0.0934
584,TRUMP_USDT,LONG,StochasticRSI(FAST_SCALP-LONG),2,0.2,1.797,1.8,1.8,1.792,2026-07-05 03:22:59 UTC,2026-07-05 03:23:59 UTC,59.84,0.3594,0.0048,0.0,0.0006,0.06,12.52,MIN_PROFIT_TP_HIT,0.094
585,TRUMP_USDT,SHORT,StochasticRSI(FAST_SCALP-SHORT),2,0.2,1.796,1.793,1.793,1.801,2026-07-05 03:26:59 UTC,2026-07-05 03:27:35 UTC,35.93,0.3592,0.0048,0.0,0.0006,0.06,12.53,MIN_PROFIT_TP_HIT,0.0946
586,TRUMP_USDT,LONG,StochasticRSI(FAST_SCALP-LONG),2,0.2,1.783,1.786,1.786,1.778,2026-07-05 03:34:59 UTC,2026-07-05 03:35:31 UTC,31.41,0.3566,0.0048,0.0,0.0006,0.06,12.62,MIN_PROFIT_TP_HIT,0.0952
587,TRUMP_USDT,SHORT,StochasticRSI(FAST_SCALP-SHORT),2,0.2,1.783,1.78,1.78,1.788,2026-07-05 03:42:59 UTC,2026-07-05 03:43:26 UTC,26.09,0.3566,0.0048,0.0,0.0006,0.06,12.62,MIN_PROFIT_TP_HIT,0.0958
588,TRUMP_USDT,LONG,StochasticRSI(FAST_SCALP-LONG),2,0.2,1.78,1.783,1.783,1.775,2026-07-05 03:46:59 UTC,2026-07-05 03:55:00 UTC,480.8,0.356,0.0047,0.0,0.0006,0.06,12.64,MIN_PROFIT_TP_HIT,0.0964
589,TRUMP_USDT,SHORT,StochasticRSI(FAST_SCALP-SHORT),2,0.2,1.771,1.768,1.768,1.776,2026-07-05 03:57:59 UTC,2026-07-05 03:58:17 UTC,17.14,0.3542,0.0047,0.0,0.0006,0.06,12.7,MIN_PROFIT_TP_HIT,0.097
590,TRUMP_USDT,LONG,StochasticRSI(FAST_SCALP-LONG),2,0.2,1.744,1.747,1.747,1.739,2026-07-05 04:04:59 UTC,2026-07-05 04:05:03 UTC,3.1,0.3488,0.0047,0.0,0.0006,0.06,12.9,MIN_PROFIT_TP_HIT,0.0976
591,TRUMP_USDT,SHORT,StochasticRSI(FAST_SCALP-SHORT),2,0.2,1.74,1.737,1.737,1.745,2026-07-05 04:10:59 UTC,2026-07-05 04:11:12 UTC,12.64,0.348,0.0046,0.0,0.0006,0.06,12.93,MIN_PROFIT_TP_HIT,0.0982
592,TRUMP_USDT,SHORT,StochasticRSI(FAST_SCALP-SHORT),2,0.2,1.74,1.737,1.737,1.745,2026-07-05 04:18:59 UTC,2026-07-05 04:20:00 UTC,60.26,0.348,0.0046,0.0,0.0006,0.06,12.93,MIN_PROFIT_TP_HIT,0.0988
593,TRUMP_USDT,SHORT,StochasticRSI(FAST_SCALP-SHORT),2,0.2,1.742,1.739,1.739,1.747,2026-07-05 04:28:59 UTC,2026-07-05 04:35:06 UTC,366.95,0.3484,0.0046,0.0,0.0006,0.06,12.92,MIN_PROFIT_TP_HIT,0.0994
594,TRUMP_USDT,LONG,StochasticRSI(FAST_SCALP-LONG),2,0.2,1.742,1.745,1.745,1.737,2026-07-05 04:38:59 UTC,2026-07-05 04:41:04 UTC,124.62,0.3484,0.0046,0.0,0.0006,0.06,12.92,MIN_PROFIT_TP_HIT,0.1
595,TRUMP_USDT,SHORT,StochasticRSI(FAST_SCALP-SHORT),2,0.2,1.741,1.738,1.738,1.746,2026-07-05 04:47:59 UTC,2026-07-05 04:52:20 UTC,260.07,0.3482,0.0046,0.0,0.0006,0.06,12.92,MIN_PROFIT_TP_HIT,0.1006
596,TRUMP_USDT,LONG,StochasticRSI(FAST_SCALP-LONG),2,0.2,1.738,1.741,1.741,1.733,2026-07-05 04:55:59 UTC,2026-07-05 04:57:35 UTC,95.07,0.3476,0.0046,0.0,0.0006,0.06,12.95,MIN_PROFIT_TP_HIT,0.1012
597,TRUMP_USDT,SHORT,StochasticRSI(FAST_SCALP-SHORT),2,0.2,1.738,1.735,1.735,1.743,2026-07-05 05:02:59 UTC,2026-07-05 05:06:04 UTC,184.84,0.3476,0.0046,0.0,0.0006,0.06,12.95,MIN_PROFIT_TP_HIT,0.1018
598,TRUMP_USDT,LONG,StochasticRSI(FAST_SCALP-LONG),2,0.2,1.736,1.739,1.739,1.731,2026-07-05 05:11:59 UTC,2026-07-05 05:13:41 UTC,101.62,0.3472,0.0046,0.0,0.0006,0.06,12.96,MIN_PROFIT_TP_HIT,0.1024
599,TRUMP_USDT,SHORT,StochasticRSI(FAST_SCALP-SHORT),2,0.2,1.74,1.737,1.737,1.745,2026-07-05 05:18:59 UTC,2026-07-05 05:22:04 UTC,184.39,0.348,0.0046,0.0,0.0006,0.06,12.93,MIN_PROFIT_TP_HIT,0.103
600,TRUMP_USDT,LONG,StochasticRSI(FAST_SCALP-LONG),2,0.2,1.739,1.742,1.742,1.734,2026-07-05 05:26:59 UTC,2026-07-05 05:28:53 UTC,113.82,0.3478,0.0046,0.0,0.0006,0.06,12.94,MIN_PROFIT_TP_HIT,0.1036
601,TRUMP_USDT,SHORT,StochasticRSI(FAST_SCALP-SHORT),2,0.2,1.738,1.735,1.735,1.743,2026-07-05 05:30:59 UTC,2026-07-05 05:33:26 UTC,146.45,0.3476,0.0046,0.0,0.0006,0.06,12.95,MIN_PROFIT_TP_HIT,0.1042
602,TRUMP_USDT,LONG,StochasticRSI(FAST_SCALP-LONG),2,0.2,1.74,1.743,1.743,1.735,2026-07-05 05:35:59 UTC,2026-07-05 05:38:56 UTC,176.34,0.348,0.0046,0.0,0.0006,0.06,12.93,MIN_PROFIT_TP_HIT,0.1048
603,TRUMP_USDT,SHORT,StochasticRSI(FAST_SCALP-SHORT),2,0.2,1.739,1.736,1.736,1.744,2026-07-05 05:41:59 UTC,2026-07-05 05:42:16 UTC,16.73,0.3478,0.0046,0.0,0.0006,0.06,12.94,MIN_PROFIT_TP_HIT,0.1054
604,TRUMP_USDT,LONG,StochasticRSI(FAST_SCALP-LONG),2,0.2,1.737,1.74,1.74,1.732,2026-07-05 05:48:59 UTC,2026-07-05 05:51:23 UTC,143.57,0.3474,0.0046,0.0,0.0006,0.06,12.95,MIN_PROFIT_TP_HIT,0.106
605,TRUMP_USDT,SHORT,StochasticRSI(FAST_SCALP-SHORT),2,0.2,1.742,1.739,1.739,1.747,2026-07-05 05:55:59 UTC,2026-07-05 05:58:49 UTC,169.08,0.3484,0.0046,0.0,0.0006,0.06,12.92,MIN_PROFIT_TP_HIT,0.1066
606,TRUMP_USDT,LONG,StochasticRSI(FAST_SCALP-LONG),2,0.2,1.736,1.739,1.739,1.731,2026-07-05 06:03:59 UTC,2026-07-05 06:04:33 UTC,33.51,0.3472,0.0046,0.0,0.0006,0.06,12.96,MIN_PROFIT_TP_HIT,0.1072
607,TRUMP_USDT,LONG,StochasticRSI(FAST_SCALP-LONG),2,0.2,1.741,1.744,1.744,1.736,2026-07-05 06:05:59 UTC,2026-07-05 06:16:21 UTC,621.42,0.3482,0.0046,0.0,0.0006,0.06,12.92,MIN_PROFIT_TP_HIT,0.1078
608,TRUMP_USDT,LONG,StochasticRSI(FAST_SCALP-LONG),2,0.2,1.733,1.728,1.736,1.728,2026-07-05 06:22:59 UTC,2026-07-05 06:28:33 UTC,333.83,0.3466,0.0046,0.0,-0.001,-0.09,-21.64,STOP_LOSS_HIT,0.1068
609,TRUMP_USDT,SHORT,StochasticRSI(FAST_SCALP-SHORT),2,0.2,1.73,1.727,1.727,1.735,2026-07-05 06:35:59 UTC,2026-07-05 06:36:17 UTC,17.38,0.346,0.0046,0.0,0.0006,0.06,13.01,MIN_PROFIT_TP_HIT,0.1074
610,TRUMP_USDT,LONG,StochasticRSI(FAST_SCALP-LONG),2,0.2,1.714,1.717,1.717,1.709,2026-07-05 06:41:59 UTC,2026-07-05 06:42:27 UTC,27.39,0.3428,0.0046,0.0,0.0006,0.06,13.13,MIN_PROFIT_TP_HIT,0.108
611,TRUMP_USDT,SHORT,StochasticRSI(FAST_SCALP-SHORT),2,0.2,1.718,1.715,1.715,1.723,2026-07-05 06:48:59 UTC,2026-07-05 06:49:45 UTC,45.94,0.3436,0.0046,0.0,0.0006,0.06,13.1,MIN_PROFIT_TP_HIT,0.1086
612,TRUMP_USDT,SHORT,StochasticRSI(FAST_SCALP-SHORT),2,0.2,1.717,1.722,1.714,1.722,2026-07-05 06:57:59 UTC,2026-07-05 07:05:32 UTC,452.76,0.3434,0.0046,0.0,-0.001,-0.09,-21.84,STOP_LOSS_HIT,0.1076
613,TRUMP_USDT,SHORT,StochasticRSI(FAST_SCALP-SHORT),2,0.2,1.718,1.715,1.715,1.723,2026-07-05 07:08:59 UTC,2026-07-05 07:15:02 UTC,362.91,0.3436,0.0046,0.0,0.0006,0.06,13.1,MIN_PROFIT_TP_HIT,0.1082
614,TRUMP_USDT,LONG,StochasticRSI(FAST_SCALP-LONG),2,0.2,1.715,1.71,1.718,1.71,2026-07-05 07:18:59 UTC,2026-07-05 07:19:52 UTC,52.02,0.343,0.0046,0.0,-0.001,-0.09,-21.87,STOP_LOSS_HIT,0.1072
615,TRUMP_USDT,LONG,StochasticRSI(FAST_SCALP-LONG),2,0.2,1.708,1.703,1.711,1.703,2026-07-05 07:23:59 UTC,2026-07-05 07:26:31 UTC,151.95,0.3416,0.0046,0.0,-0.001,-0.09,-21.96,STOP_LOSS_HIT,0.1062
616,TRUMP_USDT,SHORT,StochasticRSI(FAST_SCALP-SHORT),2,0.2,1.705,1.71,1.702,1.71,2026-07-05 07:27:59 UTC,2026-07-05 07:33:01 UTC,301.69,0.341,0.0045,0.0,-0.001,-0.09,-21.99,STOP_LOSS_HIT,0.1052
617,TRUMP_USDT,SHORT,StochasticRSI(FAST_SCALP-SHORT),2,0.2,1.707,1.712,1.704,1.712,2026-07-05 07:37:59 UTC,2026-07-05 07:51:50 UTC,830.22,0.3414,0.0046,0.0,-0.001,-0.09,-21.97,STOP_LOSS_HIT,0.1042
618,TRUMP_USDT,SHORT,StochasticRSI(FAST_SCALP-SHORT),2,0.2,1.711,1.716,1.708,1.716,2026-07-05 07:54:59 UTC,2026-07-05 08:00:33 UTC,333.41,0.3422,0.0046,0.0,-0.001,-0.09,-21.92,STOP_LOSS_HIT,0.1032
619,TRUMP_USDT,LONG,StochasticRSI(FAST_SCALP-LONG),2,0.2,1.707,1.702,1.71,1.702,2026-07-05 08:08:59 UTC,2026-07-05 08:17:13 UTC,493.24,0.3414,0.0046,0.0,-0.001,-0.09,-21.97,STOP_LOSS_HIT,0.1022
620,TRUMP_USDT,LONG,StochasticRSI(FAST_SCALP-LONG),2,0.2,1.706,1.701,1.709,1.701,2026-07-05 08:20:59 UTC,2026-07-05 08:36:13 UTC,913.59,0.3412,0.0045,0.0,-0.001,-0.09,-21.98,STOP_LOSS_HIT,0.1012
621,TRUMP_USDT,LONG,StochasticRSI(FAST_SCALP-LONG),2,0.2,1.698,1.701,1.701,1.693,2026-07-05 08:37:59 UTC,2026-07-05 08:38:21 UTC,21.81,0.3396,0.0045,0.0,0.0006,0.06,13.25,MIN_PROFIT_TP_HIT,0.1018
622,TRUMP_USDT,LONG,StochasticRSI(FAST_SCALP-LONG),2,0.2,1.703,1.706,1.706,1.698,2026-07-05 08:39:59 UTC,2026-07-05 08:40:59 UTC,59.35,0.3406,0.0045,0.0,0.0006,0.06,13.21,MIN_PROFIT_TP_HIT,0.1024
623,TRUMP_USDT,SHORT,StochasticRSI(FAST_SCALP-SHORT),2,0.2,1.699,1.704,1.696,1.704,2026-07-05 08:43:59 UTC,2026-07-05 08:49:29 UTC,329.88,0.3398,0.0045,0.0,-0.001,-0.09,-22.07,STOP_LOSS_HIT,0.1014
624,TRUMP_USDT,SHORT,StochasticRSI(FAST_SCALP-SHORT),2,0.2,1.7,1.697,1.697,1.705,2026-07-05 08:57:59 UTC,2026-07-05 09:01:26 UTC,206.41,0.34,0.0045,0.0,0.0006,0.06,13.24,MIN_PROFIT_TP_HIT,0.102
625,TRUMP_USDT,SHORT,StochasticRSI(FAST_SCALP-SHORT),2,0.2,1.702,1.699,1.699,1.707,2026-07-05 09:09:59 UTC,2026-07-05 09:10:40 UTC,40.46,0.3404,0.0045,0.0,0.0006,0.06,13.22,MIN_PROFIT_TP_HIT,0.1026
626,TRUMP_USDT,LONG,StochasticRSI(FAST_SCALP-LONG),2,0.2,1.698,1.693,1.701,1.693,2026-07-05 09:20:59 UTC,2026-07-05 09:27:16 UTC,376.74,0.3396,0.0045,0.0,-0.001,-0.09,-22.08,STOP_LOSS_HIT,0.1016
627,TRUMP_USDT,LONG,StochasticRSI(FAST_SCALP-LONG),2,0.2,1.693,1.696,1.696,1.688,2026-07-05 09:29:59 UTC,2026-07-05 09:34:37 UTC,277.88,0.3386,0.0045,0.0,0.0006,0.06,13.29,MIN_PROFIT_TP_HIT,0.1022
628,TRUMP_USDT,SHORT,StochasticRSI(FAST_SCALP-SHORT),2,0.2,1.695,1.692,1.692,1.7,2026-07-05 09:38:59 UTC,2026-07-05 09:39:47 UTC,47.25,0.339,0.0045,0.0,0.0006,0.06,13.27,MIN_PROFIT_TP_HIT,0.1028
629,TRUMP_USDT,LONG,StochasticRSI(FAST_SCALP-LONG),2,0.2,1.689,1.692,1.692,1.684,2026-07-05 09:45:59 UTC,2026-07-05 09:56:38 UTC,638.43,0.3378,0.0045,0.0,0.0006,0.06,13.32,MIN_PROFIT_TP_HIT,0.1034
630,TRUMP_USDT,SHORT,StochasticRSI(FAST_SCALP-SHORT),2,0.2,1.69,1.687,1.687,1.695,2026-07-05 09:59:59 UTC,2026-07-05 10:00:29 UTC,29.47,0.338,0.0045,0.0,0.0006,0.06,13.31,MIN_PROFIT_TP_HIT,0.104
631,TRUMP_USDT,LONG,StochasticRSI(FAST_SCALP-LONG),2,0.2,1.687,1.69,1.69,1.682,2026-07-05 10:04:59 UTC,2026-07-05 10:06:46 UTC,106.13,0.3374,0.0045,0.0,0.0006,0.06,13.34,MIN_PROFIT_TP_HIT,0.1046
632,TRUMP_USDT,SHORT,StochasticRSI(FAST_SCALP-SHORT),2,0.2,1.693,1.698,1.69,1.698,2026-07-05 10:12:59 UTC,2026-07-05 10:30:55 UTC,1075.02,0.3386,0.0045,0.0,-0.001,-0.09,-22.15,STOP_LOSS_HIT,0.1036
633,TRUMP_USDT,SHORT,StochasticRSI(FAST_SCALP-SHORT),2,0.2,1.698,1.703,1.695,1.703,2026-07-05 10:34:59 UTC,2026-07-05 10:43:03 UTC,483.74,0.3396,0.0045,0.0,-0.001,-0.09,-22.08,STOP_LOSS_HIT,0.1026
634,TRUMP_USDT,LONG,StochasticRSI(FAST_SCALP-LONG),2,0.2,1.696,1.699,1.699,1.691,2026-07-05 10:51:59 UTC,2026-07-05 10:53:05 UTC,65.86,0.3392,0.0045,0.0,0.0006,0.06,13.27,MIN_PROFIT_TP_HIT,0.1032
635,TRUMP_USDT,SHORT,StochasticRSI(FAST_SCALP-SHORT),2,0.2,1.7,1.705,1.697,1.705,2026-07-05 11:02:59 UTC,2026-07-05 11:03:49 UTC,49.9,0.34,0.0045,0.0,-0.001,-0.09,-22.06,STOP_LOSS_HIT,0.1022
636,TRUMP_USDT,LONG,StochasticRSI(FAST_SCALP-LONG),2,0.2,1.698,1.701,1.701,1.693,2026-07-05 11:18:59 UTC,2026-07-05 11:19:57 UTC,57.53,0.3396,0.0045,0.0,0.0006,0.06,13.25,MIN_PROFIT_TP_HIT,0.1028
637,TRUMP_USDT,SHORT,StochasticRSI(FAST_SCALP-SHORT),2,0.2,1.699,1.704,1.696,1.704,2026-07-05 11:26:59 UTC,2026-07-05 11:39:55 UTC,775.02,0.3398,0.0045,0.0,-0.001,-0.09,-22.07,STOP_LOSS_HIT,0.1018
638,TRUMP_USDT,SHORT,StochasticRSI(FAST_SCALP-SHORT),2,0.2,1.702,1.699,1.699,1.707,2026-07-05 11:43:59 UTC,2026-07-05 11:52:05 UTC,485.2,0.3404,0.0045,0.0,0.0006,0.06,13.22,MIN_PROFIT_TP_HIT,0.1024
639,TRUMP_USDT,LONG,StochasticRSI(FAST_SCALP-LONG),2,0.2,1.699,1.694,1.702,1.694,2026-07-05 11:56:59 UTC,2026-07-05 12:01:09 UTC,249.86,0.3398,0.0045,0.0,-0.001,-0.09,-22.07,STOP_LOSS_HIT,0.1014
640,TRUMP_USDT,LONG,StochasticRSI(FAST_SCALP-LONG),2,0.2,1.693,1.688,1.696,1.688,2026-07-05 12:05:59 UTC,2026-07-05 12:14:15 UTC,495.46,0.3386,0.0045,0.0,-0.001,-0.09,-22.15,STOP_LOSS_HIT,0.1004
641,TRUMP_USDT,LONG,StochasticRSI(FAST_SCALP-LONG),2,0.2,1.693,1.696,1.696,1.688,2026-07-05 12:16:59 UTC,2026-07-05 12:18:03 UTC,63.3,0.3386,0.0045,0.0,0.0006,0.06,13.29,MIN_PROFIT_TP_HIT,0.101
642,TRUMP_USDT,SHORT,StochasticRSI(FAST_SCALP-SHORT),2,0.2,1.7,1.697,1.697,1.705,2026-07-05 12:22:59 UTC,2026-07-05 12:23:08 UTC,8.13,0.34,0.0045,0.0,0.0006,0.06,13.24,MIN_PROFIT_TP_HIT,0.1016
643,TRUMP_USDT,SHORT,StochasticRSI(FAST_SCALP-SHORT),2,0.2,1.699,1.704,1.696,1.704,2026-07-05 12:24:59 UTC,2026-07-05 12:29:18 UTC,258.82,0.3398,0.0045,0.0,-0.001,-0.09,-22.07,STOP_LOSS_HIT,0.1006
644,TRUMP_USDT,SHORT,StochasticRSI(FAST_SCALP-SHORT),2,0.2,1.709,1.706,1.706,1.714,2026-07-05 12:33:59 UTC,2026-07-05 12:34:53 UTC,53.63,0.3418,0.0046,0.0,0.0006,0.06,13.17,MIN_PROFIT_TP_HIT,0.1012
645,TRUMP_USDT,LONG,StochasticRSI(FAST_SCALP-LONG),2,0.2,1.717,1.72,1.72,1.712,2026-07-05 12:46:59 UTC,2026-07-05 12:52:10 UTC,310.03,0.3434,0.0046,0.0,0.0006,0.06,13.1,MIN_PROFIT_TP_HIT,0.1018
646,TRUMP_USDT,LONG,StochasticRSI(FAST_SCALP-LONG),2,0.2,1.722,1.717,1.725,1.717,2026-07-05 12:53:59 UTC,2026-07-05 13:00:57 UTC,417.89,0.3444,0.0046,0.0,-0.001,-0.09,-21.78,STOP_LOSS_HIT,0.1008
647,TRUMP_USDT,LONG,StochasticRSI(FAST_SCALP-LONG),2,0.2,1.716,1.719,1.719,1.711,2026-07-05 13:04:59 UTC,2026-07-05 13:05:22 UTC,22.2,0.3432,0.0046,0.0,0.0006,0.06,13.11,MIN_PROFIT_TP_HIT,0.1014
648,TRUMP_USDT,SHORT,StochasticRSI(FAST_SCALP-SHORT),2,0.2,1.719,1.716,1.716,1.724,2026-07-05 13:36:59 UTC,2026-07-05 13:42:34 UTC,334.64,0.3438,0.0046,0.0,0.0006,0.06,13.09,MIN_PROFIT_TP_HIT,0.102
649,TRUMP_USDT,LONG,StochasticRSI(FAST_SCALP-LONG),2,0.2,1.717,1.712,1.72,1.712,2026-07-05 13:45:59 UTC,2026-07-05 13:46:38 UTC,38.26,0.3434,0.0046,0.0,-0.001,-0.09,-21.84,STOP_LOSS_HIT,0.101
650,TRUMP_USDT,LONG,StochasticRSI(FAST_SCALP-LONG),2,0.2,1.71,1.705,1.713,1.705,2026-07-05 13:51:59 UTC,2026-07-05 14:02:12 UTC,612.24,0.342,0.0046,0.0,-0.001,-0.09,-21.93,STOP_LOSS_HIT,0.1
651,TRUMP_USDT,LONG,StochasticRSI(FAST_SCALP-LONG),2,0.2,1.701,1.696,1.704,1.696,2026-07-05 14:07:59 UTC,2026-07-05 14:10:21 UTC,141.07,0.3402,0.0045,0.0,-0.001,-0.09,-22.05,STOP_LOSS_HIT,0.099
652,TRUMP_USDT,LONG,StochasticRSI(FAST_SCALP-LONG),2,0.2,1.695,1.698,1.698,1.69,2026-07-05 14:18:59 UTC,2026-07-05 14:22:51 UTC,231.2,0.339,0.0045,0.0,0.0006,0.06,13.27,MIN_PROFIT_TP_HIT,0.0996
653,TRUMP_USDT,SHORT,StochasticRSI(FAST_SCALP-SHORT),2,0.2,1.695,1.692,1.692,1.7,2026-07-05 14:24:59 UTC,2026-07-05 14:26:26 UTC,86.85,0.339,0.0045,0.0,0.0006,0.06,13.27,MIN_PROFIT_TP_HIT,0.1002
654,TRUMP_USDT,LONG,StochasticRSI(FAST_SCALP-LONG),2,0.2,1.687,1.69,1.69,1.682,2026-07-05 14:35:59 UTC,2026-07-05 14:41:47 UTC,347.95,0.3374,0.0045,0.0,0.0006,0.06,13.34,MIN_PROFIT_TP_HIT,0.1008
655,TRUMP_USDT,SHORT,StochasticRSI(FAST_SCALP-SHORT),2,0.2,1.689,1.694,1.686,1.694,2026-07-05 14:45:59 UTC,2026-07-05 14:55:19 UTC,559.38,0.3378,0.0045,0.0,-0.001,-0.09,-22.2,STOP_LOSS_HIT,0.0998
656,TRUMP_USDT,SHORT,StochasticRSI(FAST_SCALP-SHORT),2,0.2,1.691,1.696,1.688,1.696,2026-07-05 14:56:59 UTC,2026-07-05 14:59:27 UTC,147.45,0.3382,0.0045,0.0,-0.001,-0.09,-22.18,STOP_LOSS_HIT,0.0988
657,TRUMP_USDT,SHORT,StochasticRSI(FAST_SCALP-SHORT),2,0.2,1.694,1.699,1.691,1.699,2026-07-05 15:01:59 UTC,2026-07-05 15:03:52 UTC,112.18,0.3388,0.0045,0.0,-0.001,-0.09,-22.14,STOP_LOSS_HIT,0.0978
658,TRUMP_USDT,LONG,StochasticRSI(FAST_SCALP-LONG),2,0.2,1.697,1.692,1.7,1.692,2026-07-05 15:12:59 UTC,2026-07-05 15:29:47 UTC,1007.55,0.3394,0.0045,0.0,-0.001,-0.09,-22.1,STOP_LOSS_HIT,0.0968
659,TRUMP_USDT,LONG,StochasticRSI(FAST_SCALP-LONG),2,0.2,1.695,1.69,1.698,1.69,2026-07-05 15:32:59 UTC,2026-07-05 15:42:28 UTC,568.69,0.339,0.0045,0.0,-0.001,-0.09,-22.12,STOP_LOSS_HIT,0.0958
660,TRUMP_USDT,LONG,StochasticRSI(FAST_SCALP-LONG),2,0.2,1.692,1.695,1.695,1.687,2026-07-05 15:46:59 UTC,2026-07-05 15:59:54 UTC,774.74,0.3384,0.0045,0.0,0.0006,0.06,13.3,MIN_PROFIT_TP_HIT,0.0964
661,TRUMP_USDT,LONG,StochasticRSI(FAST_SCALP-LONG),2,0.2,1.688,1.691,1.691,1.683,2026-07-05 16:11:59 UTC,2026-07-05 16:12:43 UTC,43.77,0.3376,0.0045,0.0,0.0006,0.06,13.33,MIN_PROFIT_TP_HIT,0.097
662,TRUMP_USDT,SHORT,StochasticRSI(FAST_SCALP-SHORT),2,0.2,1.681,1.686,1.678,1.686,2026-07-05 16:15:59 UTC,2026-07-05 16:25:00 UTC,540.39,0.3362,0.0045,0.0,-0.001,-0.09,-22.31,STOP_LOSS_HIT,0.096
663,TRUMP_USDT,SHORT,StochasticRSI(FAST_SCALP-SHORT),2,0.2,1.688,1.693,1.685,1.693,2026-07-05 16:28:59 UTC,2026-07-05 16:45:35 UTC,995.34,0.3376,0.0045,0.0,-0.001,-0.09,-22.22,STOP_LOSS_HIT,0.095
664,TRUMP_USDT,SHORT,StochasticRSI(FAST_SCALP-SHORT),2,0.2,1.689,1.686,1.686,1.694,2026-07-05 16:47:59 UTC,2026-07-05 16:52:03 UTC,243.92,0.3378,0.0045,0.0,0.0006,0.06,13.32,MIN_PROFIT_TP_HIT,0.0956
665,TRUMP_USDT,LONG,StochasticRSI(FAST_SCALP-LONG),2,0.2,1.688,1.691,1.691,1.683,2026-07-05 16:55:59 UTC,2026-07-05 17:05:02 UTC,542.79,0.3376,0.0045,0.0,0.0006,0.06,13.33,MIN_PROFIT_TP_HIT,0.0962
666,TRUMP_USDT,SHORT,StochasticRSI(FAST_SCALP-SHORT),2,0.2,1.696,1.693,1.693,1.701,2026-07-05 17:22:59 UTC,2026-07-05 17:32:07 UTC,547.43,0.3392,0.0045,0.0,0.0006,0.06,13.27,MIN_PROFIT_TP_HIT,0.0968
667,TRUMP_USDT,LONG,StochasticRSI(FAST_SCALP-LONG),2,0.2,1.692,1.695,1.695,1.687,2026-07-05 17:34:59 UTC,2026-07-05 17:39:10 UTC,250.45,0.3384,0.0045,0.0,0.0006,0.06,13.3,MIN_PROFIT_TP_HIT,0.0974
668,TRUMP_USDT,SHORT,StochasticRSI(FAST_SCALP-SHORT),2,0.2,1.692,1.689,1.689,1.697,2026-07-05 17:43:59 UTC,2026-07-05 18:03:12 UTC,1152.6,0.3384,0.0045,0.0,0.0006,0.06,13.3,MIN_PROFIT_TP_HIT,0.098
669,TRUMP_USDT,LONG,StochasticRSI(FAST_SCALP-LONG),2,0.2,1.692,1.695,1.695,1.687,2026-07-05 18:06:59 UTC,2026-07-05 18:15:37 UTC,517.83,0.3384,0.0045,0.0,0.0006,0.06,13.3,MIN_PROFIT_TP_HIT,0.0986
670,TRUMP_USDT,SHORT,StochasticRSI(FAST_SCALP-SHORT),2,0.2,1.693,1.69,1.69,1.698,2026-07-05 18:16:59 UTC,2026-07-05 18:19:45 UTC,165.32,0.3386,0.0045,0.0,0.0006,0.06,13.29,MIN_PROFIT_TP_HIT,0.0992
671,TRUMP_USDT,LONG,StochasticRSI(FAST_SCALP-LONG),2,0.2,1.692,1.695,1.695,1.687,2026-07-05 18:21:59 UTC,2026-07-05 18:41:31 UTC,1171.23,0.3384,0.0045,0.0,0.0006,0.06,13.3,MIN_PROFIT_TP_HIT,0.0998
672,TRUMP_USDT,SHORT,StochasticRSI(FAST_SCALP-SHORT),2,0.2,1.692,1.697,1.689,1.697,2026-07-05 18:43:59 UTC,2026-07-05 18:49:24 UTC,324.82,0.3384,0.0045,0.0,-0.001,-0.09,-22.16,STOP_LOSS_HIT,0.0988
673,TRUMP_USDT,LONG,StochasticRSI(FAST_SCALP-LONG),2,0.2,1.698,1.701,1.701,1.693,2026-07-05 19:03:59 UTC,2026-07-05 19:05:17 UTC,77.35,0.3396,0.0045,0.0,0.0006,0.06,13.25,MIN_PROFIT_TP_HIT,0.0994
674,TRUMP_USDT,SHORT,StochasticRSI(FAST_SCALP-SHORT),2,0.2,1.698,1.703,1.695,1.703,2026-07-05 19:07:59 UTC,2026-07-05 19:13:06 UTC,306.11,0.3396,0.0045,0.0,-0.001,-0.09,-22.08,STOP_LOSS_HIT,0.0984
675,TRUMP_USDT,SHORT,StochasticRSI(FAST_SCALP-SHORT),2,0.2,1.697,1.694,1.694,1.702,2026-07-05 19:17:59 UTC,2026-07-05 19:19:13 UTC,73.47,0.3394,0.0045,0.0,0.0006,0.06,13.26,MIN_PROFIT_TP_HIT,0.099
676,TRUMP_USDT,LONG,StochasticRSI(FAST_SCALP-LONG),2,0.2,1.694,1.697,1.697,1.689,2026-07-05 19:24:59 UTC,2026-07-05 19:32:41 UTC,461.76,0.3388,0.0045,0.0,0.0006,0.06,13.28,MIN_PROFIT_TP_HIT,0.0996
677,TRUMP_USDT,SHORT,StochasticRSI(FAST_SCALP-SHORT),2,0.2,1.696,1.693,1.693,1.701,2026-07-05 19:34:59 UTC,2026-07-05 19:35:04 UTC,4.28,0.3392,0.0045,0.0,0.0006,0.06,13.27,MIN_PROFIT_TP_HIT,0.1002
678,TRUMP_USDT,LONG,StochasticRSI(FAST_SCALP-LONG),2,0.2,1.695,1.698,1.698,1.69,2026-07-05 19:46:59 UTC,2026-07-05 19:48:05 UTC,65.19,0.339,0.0045,0.0,0.0006,0.06,13.27,MIN_PROFIT_TP_HIT,0.1008
679,TRUMP_USDT,SHORT,StochasticRSI(FAST_SCALP-SHORT),2,0.2,1.697,1.702,1.694,1.702,2026-07-05 19:51:59 UTC,2026-07-05 20:08:07 UTC,967.45,0.3394,0.0045,0.0,-0.001,-0.09,-22.1,STOP_LOSS_HIT,0.0998
680,TRUMP_USDT,SHORT,StochasticRSI(FAST_SCALP-SHORT),2,0.2,1.701,1.698,1.698,1.706,2026-07-05 20:09:59 UTC,2026-07-05 20:14:02 UTC,242.93,0.3402,0.0045,0.0,0.0006,0.06,13.23,MIN_PROFIT_TP_HIT,0.1004
681,TRUMP_USDT,SHORT,StochasticRSI(FAST_SCALP-SHORT),2,0.2,1.697,1.702,1.694,1.702,2026-07-05 20:27:59 UTC,2026-07-05 20:52:56 UTC,1496.94,0.3394,0.0045,0.0,-0.001,-0.09,-22.1,STOP_LOSS_HIT,0.0994
682,TRUMP_USDT,SHORT,StochasticRSI(FAST_SCALP-SHORT),2,0.2,1.699,1.696,1.696,1.704,2026-07-05 21:01:59 UTC,2026-07-05 21:07:44 UTC,344.07,0.3398,0.0045,0.0,0.0006,0.06,13.24,MIN_PROFIT_TP_HIT,0.1
683,TRUMP_USDT,LONG,StochasticRSI(FAST_SCALP-LONG),2,0.2,1.7,1.703,1.703,1.695,2026-07-05 21:10:59 UTC,2026-07-05 21:13:00 UTC,120.11,0.34,0.0045,0.0,0.0006,0.06,13.24,MIN_PROFIT_TP_HIT,0.1006
684,TRUMP_USDT,SHORT,StochasticRSI(FAST_SCALP-SHORT),2,0.2,1.705,1.71,1.702,1.71,2026-07-05 21:15:59 UTC,2026-07-05 21:23:43 UTC,463.39,0.341,0.0045,0.0,-0.001,-0.09,-21.99,STOP_LOSS_HIT,0.0996
685,TRUMP_USDT,SHORT,StochasticRSI(FAST_SCALP-SHORT),2,0.2,1.715,1.712,1.712,1.72,2026-07-05 21:30:59 UTC,2026-07-05 21:42:14 UTC,674.05,0.343,0.0046,0.0,0.0006,0.06,13.12,MIN_PROFIT_TP_HIT,0.1002
686,TRUMP_USDT,LONG,StochasticRSI(FAST_SCALP-LONG),2,0.2,1.711,1.714,1.714,1.706,2026-07-05 21:44:59 UTC,2026-07-05 21:48:33 UTC,213.43,0.3422,0.0046,0.0,0.0006,0.06,13.15,MIN_PROFIT_TP_HIT,0.1008
687,TRUMP_USDT,SHORT,StochasticRSI(FAST_SCALP-SHORT),2,0.2,1.714,1.719,1.711,1.719,2026-07-05 21:53:59 UTC,2026-07-05 21:56:04 UTC,124.75,0.3428,0.0046,0.0,-0.001,-0.09,-21.88,STOP_LOSS_HIT,0.0998
688,TRUMP_USDT,SHORT,StochasticRSI(FAST_SCALP-SHORT),2,0.2,1.713,1.71,1.71,1.718,2026-07-05 21:59:59 UTC,2026-07-05 22:00:07 UTC,7.03,0.3426,0.0046,0.0,0.0006,0.06,13.13,MIN_PROFIT_TP_HIT,0.1004
689,TRUMP_USDT,LONG,StochasticRSI(FAST_SCALP-LONG),2,0.2,1.713,1.708,1.716,1.708,2026-07-05 22:03:59 UTC,2026-07-05 22:08:05 UTC,245.19,0.3426,0.0046,0.0,-0.001,-0.09,-21.89,STOP_LOSS_HIT,0.0994
690,TRUMP_USDT,LONG,StochasticRSI(FAST_SCALP-LONG),2,0.2,1.711,1.714,1.714,1.706,2026-07-05 22:12:59 UTC,2026-07-05 22:16:01 UTC,181.79,0.3422,0.0046,0.0,0.0006,0.06,13.15,MIN_PROFIT_TP_HIT,0.1
691,TRUMP_USDT,SHORT,StochasticRSI(FAST_SCALP-SHORT),2,0.2,1.716,1.721,1.713,1.721,2026-07-05 22:17:59 UTC,2026-07-05 22:20:46 UTC,166.83,0.3432,0.0046,0.0,-0.001,-0.09,-21.85,STOP_LOSS_HIT,0.099
692,TRUMP_USDT,SHORT,StochasticRSI(FAST_SCALP-SHORT),2,0.2,1.718,1.723,1.715,1.723,2026-07-05 22:23:59 UTC,2026-07-05 22:26:26 UTC,146.59,0.3436,0.0046,0.0,-0.001,-0.09,-21.83,STOP_LOSS_HIT,0.098
693,TRUMP_USDT,LONG,StochasticRSI(FAST_SCALP-LONG),2,0.2,1.722,1.725,1.725,1.717,2026-07-05 22:27:59 UTC,2026-07-05 22:28:29 UTC,29.99,0.3444,0.0046,0.0,0.0006,0.06,13.07,MIN_PROFIT_TP_HIT,0.0986
694,TRUMP_USDT,LONG,StochasticRSI(FAST_SCALP-LONG),2,0.2,1.714,1.717,1.717,1.709,2026-07-05 22:38:59 UTC,2026-07-05 22:39:45 UTC,45.37,0.3428,0.0046,0.0,0.0006,0.06,13.13,MIN_PROFIT_TP_HIT,0.0992
695,TRUMP_USDT,SHORT,StochasticRSI(FAST_SCALP-SHORT),2,0.2,1.714,1.719,1.711,1.719,2026-07-05 22:49:59 UTC,2026-07-05 22:59:58 UTC,598.75,0.3428,0.0046,0.0,-0.001,-0.09,-21.88,STOP_LOSS_HIT,0.0982
696,TRUMP_USDT,SHORT,StochasticRSI(FAST_SCALP-SHORT),2,0.2,1.715,1.712,1.712,1.72,2026-07-05 23:01:59 UTC,2026-07-05 23:09:46 UTC,466.15,0.343,0.0046,0.0,0.0006,0.06,13.12,MIN_PROFIT_TP_HIT,0.0988
697,TRUMP_USDT,LONG,StochasticRSI(FAST_SCALP-LONG),2,0.2,1.714,1.717,1.717,1.709,2026-07-05 23:11:59 UTC,2026-07-05 23:12:17 UTC,17.07,0.3428,0.0046,0.0,0.0006,0.06,13.13,MIN_PROFIT_TP_HIT,0.0994
698,TRUMP_USDT,SHORT,StochasticRSI(FAST_SCALP-SHORT),2,0.2,1.716,1.721,1.713,1.721,2026-07-05 23:17:59 UTC,2026-07-05 23:21:50 UTC,230.18,0.3432,0.0046,0.0,-0.001,-0.09,-21.85,STOP_LOSS_HIT,0.0984
699,TRUMP_USDT,LONG,StochasticRSI(FAST_SCALP-LONG),2,0.2,1.714,1.709,1.717,1.709,2026-07-05 23:27:59 UTC,2026-07-05 23:37:43 UTC,583.39,0.3428,0.0046,0.0,-0.001,-0.09,-21.88,STOP_LOSS_HIT,0.0974
700,TRUMP_USDT,LONG,StochasticRSI(FAST_SCALP-LONG),2,0.2,1.713,1.708,1.716,1.708,2026-07-05 23:42:59 UTC,2026-07-05 23:47:05 UTC,245.79,0.3426,0.0046,0.0,-0.001,-0.09,-21.89,STOP_LOSS_HIT,0.0964
701,TRUMP_USDT,LONG,StochasticRSI(FAST_SCALP-LONG),2,0.2,1.707,1.702,1.71,1.702,2026-07-05 23:51:59 UTC,2026-07-06 00:00:36 UTC,516.9,0.3414,0.0046,0.0,-0.001,-0.09,-21.97,STOP_LOSS_HIT,0.0954
702,TRUMP_USDT,LONG,StochasticRSI(FAST_SCALP-LONG),2,0.2,1.698,1.693,1.701,1.693,2026-07-06 00:05:59 UTC,2026-07-06 00:07:38 UTC,98.31,0.3396,0.0045,0.0,-0.001,-0.09,-22.08,STOP_LOSS_HIT,0.0944
703,TRUMP_USDT,LONG,StochasticRSI(FAST_SCALP-LONG),2,0.2,1.686,1.689,1.689,1.681,2026-07-06 00:10:59 UTC,2026-07-06 00:11:34 UTC,34.24,0.3372,0.0045,0.0,0.0006,0.06,13.35,MIN_PROFIT_TP_HIT,0.095
704,TRUMP_USDT,SHORT,StochasticRSI(FAST_SCALP-SHORT),2,0.2,1.696,1.693,1.693,1.701,2026-07-06 00:18:59 UTC,2026-07-06 00:19:40 UTC,40.03,0.3392,0.0045,0.0,0.0006,0.06,13.27,MIN_PROFIT_TP_HIT,0.0956
705,TRUMP_USDT,LONG,StochasticRSI(FAST_SCALP-LONG),2,0.2,1.692,1.687,1.695,1.687,2026-07-06 00:27:59 UTC,2026-07-06 00:29:44 UTC,104.39,0.3384,0.0045,0.0,-0.001,-0.09,-22.16,STOP_LOSS_HIT,0.0946
706,TRUMP_USDT,SHORT,StochasticRSI(FAST_SCALP-SHORT),2,0.2,1.694,1.699,1.691,1.699,2026-07-06 00:42:59 UTC,2026-07-06 00:43:59 UTC,59.35,0.3388,0.0045,0.0,-0.001,-0.09,-22.14,STOP_LOSS_HIT,0.0936
707,TRUMP_USDT,SHORT,StochasticRSI(FAST_SCALP-SHORT),2,0.2,1.699,1.704,1.696,1.704,2026-07-06 00:47:59 UTC,2026-07-06 01:00:27 UTC,747.86,0.3398,0.0045,0.0,-0.001,-0.09,-22.07,STOP_LOSS_HIT,0.0926
708,TRUMP_USDT,SHORT,StochasticRSI(FAST_SCALP-SHORT),2,0.2,1.699,1.696,1.696,1.704,2026-07-06 01:04:59 UTC,2026-07-06 01:11:49 UTC,409.32,0.3398,0.0045,0.0,0.0006,0.06,13.24,MIN_PROFIT_TP_HIT,0.0932
709,TRUMP_USDT,LONG,StochasticRSI(FAST_SCALP-LONG),2,0.2,1.694,1.697,1.697,1.689,2026-07-06 01:26:59 UTC,2026-07-06 01:28:33 UTC,93.64,0.3388,0.0045,0.0,0.0006,0.06,13.28,MIN_PROFIT_TP_HIT,0.0938
710,TRUMP_USDT,LONG,StochasticRSI(FAST_SCALP-LONG),2,0.2,1.695,1.698,1.698,1.69,2026-07-06 01:29:59 UTC,2026-07-06 01:32:00 UTC,120.8,0.339,0.0045,0.0,0.0006,0.06,13.27,MIN_PROFIT_TP_HIT,0.0944
711,TRUMP_USDT,SHORT,StochasticRSI(FAST_SCALP-SHORT),2,0.2,1.702,1.699,1.699,1.707,2026-07-06 01:35:59 UTC,2026-07-06 01:39:04 UTC,184.77,0.3404,0.0045,0.0,0.0006,0.06,13.22,MIN_PROFIT_TP_HIT,0.095
712,TRUMP_USDT,LONG,StochasticRSI(FAST_SCALP-LONG),2,0.2,1.698,1.693,1.701,1.693,2026-07-06 01:48:59 UTC,2026-07-06 01:52:29 UTC,209.57,0.3396,0.0045,0.0,-0.001,-0.09,-22.08,STOP_LOSS_HIT,0.094
713,TRUMP_USDT,LONG,StochasticRSI(FAST_SCALP-LONG),2,0.2,1.693,1.696,1.696,1.688,2026-07-06 01:56:59 UTC,2026-07-06 02:01:09 UTC,249.8,0.3386,0.0045,0.0,0.0006,0.06,13.29,MIN_PROFIT_TP_HIT,0.0946
714,TRUMP_USDT,SHORT,StochasticRSI(FAST_SCALP-SHORT),2,0.2,1.692,1.689,1.689,1.697,2026-07-06 02:03:59 UTC,2026-07-06 02:04:36 UTC,36.85,0.3384,0.0045,0.0,0.0006,0.06,13.3,MIN_PROFIT_TP_HIT,0.0952
715,TRUMP_USDT,LONG,StochasticRSI(FAST_SCALP-LONG),2,0.2,1.681,1.684,1.684,1.676,2026-07-06 02:11:59 UTC,2026-07-06 02:16:41 UTC,281.64,0.3362,0.0045,0.0,0.0006,0.06,13.38,MIN_PROFIT_TP_HIT,0.0958
716,TRUMP_USDT,SHORT,StochasticRSI(FAST_SCALP-SHORT),2,0.2,1.688,1.685,1.685,1.693,2026-07-06 02:28:59 UTC,2026-07-06 02:32:55 UTC,235.63,0.3376,0.0045,0.0,0.0006,0.06,13.33,MIN_PROFIT_TP_HIT,0.0964
717,TRUMP_USDT,SHORT,StochasticRSI(FAST_SCALP-SHORT),2,0.2,1.683,1.68,1.68,1.688,2026-07-06 02:41:59 UTC,2026-07-06 02:48:46 UTC,406.98,0.3366,0.0045,0.0,0.0006,0.06,13.37,MIN_PROFIT_TP_HIT,0.097
718,TRUMP_USDT,LONG,StochasticRSI(FAST_SCALP-LONG),2,0.2,1.683,1.686,1.686,1.678,2026-07-06 02:51:59 UTC,2026-07-06 02:56:07 UTC,247.21,0.3366,0.0045,0.0,0.0006,0.06,13.37,MIN_PROFIT_TP_HIT,0.0976
719,TRUMP_USDT,SHORT,StochasticRSI(FAST_SCALP-SHORT),2,0.2,1.684,1.681,1.681,1.689,2026-07-06 02:57:59 UTC,2026-07-06 03:08:09 UTC,609.43,0.3368,0.0045,0.0,0.0006,0.06,13.36,MIN_PROFIT_TP_HIT,0.0982
720,TRUMP_USDT,SHORT,StochasticRSI(FAST_SCALP-SHORT),2,0.2,1.684,1.681,1.681,1.689,2026-07-06 03:14:59 UTC,2026-07-06 03:22:17 UTC,437.6,0.3368,0.0045,0.0,0.0006,0.06,13.36,MIN_PROFIT_TP_HIT,0.0988
721,TRUMP_USDT,LONG,StochasticRSI(FAST_SCALP-LONG),2,0.2,1.68,1.683,1.683,1.675,2026-07-06 03:26:59 UTC,2026-07-06 03:27:25 UTC,25.89,0.336,0.0045,0.0,0.0006,0.06,13.39,MIN_PROFIT_TP_HIT,0.0994
722,TRUMP_USDT,SHORT,StochasticRSI(FAST_SCALP-SHORT),2,0.2,1.66,1.665,1.657,1.665,2026-07-06 03:31:59 UTC,2026-07-06 03:32:43 UTC,43.27,0.332,0.0044,0.0,-0.001,-0.09,-22.59,STOP_LOSS_HIT,0.0984
723,TRUMP_USDT,SHORT,StochasticRSI(FAST_SCALP-SHORT),2,0.2,1.67,1.667,1.667,1.675,2026-07-06 03:41:59 UTC,2026-07-06 03:43:42 UTC,102.19,0.334,0.0045,0.0,0.0006,0.06,13.47,MIN_PROFIT_TP_HIT,0.099
724,TRUMP_USDT,LONG,StochasticRSI(FAST_SCALP-LONG),2,0.2,1.666,1.669,1.669,1.661,2026-07-06 03:46:59 UTC,2026-07-06 03:51:04 UTC,244.88,0.3332,0.0044,0.0,0.0006,0.06,13.51,MIN_PROFIT_TP_HIT,0.0996
725,TRUMP_USDT,SHORT,StochasticRSI(FAST_SCALP-SHORT),2,0.2,1.667,1.664,1.664,1.672,2026-07-06 03:55:59 UTC,2026-07-06 04:09:09 UTC,789.72,0.3334,0.0044,0.0,0.0006,0.06,13.5,MIN_PROFIT_TP_HIT,0.1002
726,TRUMP_USDT,LONG,StochasticRSI(FAST_SCALP-LONG),2,0.2,1.668,1.671,1.671,1.663,2026-07-06 04:11:59 UTC,2026-07-06 04:13:10 UTC,70.95,0.3336,0.0044,0.0,0.0006,0.06,13.49,MIN_PROFIT_TP_HIT,0.1008
727,TRUMP_USDT,SHORT,StochasticRSI(FAST_SCALP-SHORT),2,0.2,1.671,1.668,1.668,1.676,2026-07-06 04:16:59 UTC,2026-07-06 04:28:08 UTC,668.72,0.3342,0.0045,0.0,0.0006,0.06,13.46,MIN_PROFIT_TP_HIT,0.1014
728,TRUMP_USDT,LONG,StochasticRSI(FAST_SCALP-LONG),2,0.2,1.672,1.675,1.675,1.667,2026-07-06 04:30:59 UTC,2026-07-06 04:41:26 UTC,626.37,0.3344,0.0045,0.0,0.0006,0.06,13.46,MIN_PROFIT_TP_HIT,0.102
729,TRUMP_USDT,LONG,StochasticRSI(FAST_SCALP-LONG),2,0.2,1.672,1.675,1.675,1.667,2026-07-06 04:49:59 UTC,2026-07-06 04:52:50 UTC,170.72,0.3344,0.0045,0.0,0.0006,0.06,13.46,MIN_PROFIT_TP_HIT,0.1026
730,TRUMP_USDT,SHORT,StochasticRSI(FAST_SCALP-SHORT),2,0.2,1.676,1.673,1.673,1.681,2026-07-06 04:56:59 UTC,2026-07-06 04:58:03 UTC,63.91,0.3352,0.0045,0.0,0.0006,0.06,13.42,MIN_PROFIT_TP_HIT,0.1032
731,TRUMP_USDT,LONG,StochasticRSI(FAST_SCALP-LONG),2,0.2,1.664,1.659,1.667,1.659,2026-07-06 05:06:59 UTC,2026-07-06 05:08:43 UTC,103.41,0.3328,0.0044,0.0,-0.001,-0.09,-22.54,STOP_LOSS_HIT,0.1022
732,TRUMP_USDT,LONG,StochasticRSI(FAST_SCALP-LONG),2,0.2,1.664,1.659,1.667,1.659,2026-07-06 05:10:59 UTC,2026-07-06 05:15:37 UTC,277.84,0.3328,0.0044,0.0,-0.001,-0.09,-22.54,STOP_LOSS_HIT,0.1012
733,TRUMP_USDT,SHORT,StochasticRSI(FAST_SCALP-SHORT),2,0.2,1.663,1.66,1.66,1.668,2026-07-06 05:16:59 UTC,2026-07-06 05:21:19 UTC,259.17,0.3326,0.0044,0.0,0.0006,0.06,13.53,MIN_PROFIT_TP_HIT,0.1018
734,TRUMP_USDT,LONG,StochasticRSI(FAST_SCALP-LONG),2,0.2,1.66,1.655,1.663,1.655,2026-07-06 05:24:59 UTC,2026-07-06 05:28:04 UTC,184.14,0.332,0.0044,0.0,-0.001,-0.09,-22.59,STOP_LOSS_HIT,0.1008
735,TRUMP_USDT,LONG,StochasticRSI(FAST_SCALP-LONG),2,0.2,1.656,1.659,1.659,1.651,2026-07-06 05:32:59 UTC,2026-07-06 05:34:24 UTC,84.58,0.3312,0.0044,0.0,0.0006,0.06,13.59,MIN_PROFIT_TP_HIT,0.1014
736,TRUMP_USDT,SHORT,StochasticRSI(FAST_SCALP-SHORT),2,0.2,1.662,1.667,1.659,1.667,2026-07-06 05:39:59 UTC,2026-07-06 06:01:05 UTC,1265.72,0.3324,0.0044,0.0,-0.001,-0.09,-22.56,STOP_LOSS_HIT,0.1004
737,TRUMP_USDT,LONG,StochasticRSI(FAST_SCALP-LONG),2,0.2,1.665,1.66,1.668,1.66,2026-07-06 06:09:59 UTC,2026-07-06 06:17:54 UTC,474.2,0.333,0.0044,0.0,-0.001,-0.09,-22.52,STOP_LOSS_HIT,0.0994
738,TRUMP_USDT,LONG,StochasticRSI(FAST_SCALP-LONG),2,0.2,1.659,1.662,1.662,1.654,2026-07-06 06:20:59 UTC,2026-07-06 06:21:47 UTC,47.94,0.3318,0.0044,0.0,0.0006,0.06,13.56,MIN_PROFIT_TP_HIT,0.1
739,TRUMP_USDT,SHORT,StochasticRSI(FAST_SCALP-SHORT),2,0.2,1.663,1.66,1.66,1.668,2026-07-06 06:26:59 UTC,2026-07-06 06:34:55 UTC,475.93,0.3326,0.0044,0.0,0.0006,0.06,13.53,MIN_PROFIT_TP_HIT,0.1006
740,TRUMP_USDT,LONG,StochasticRSI(FAST_SCALP-LONG),2,0.2,1.661,1.664,1.664,1.656,2026-07-06 06:36:59 UTC,2026-07-06 06:37:11 UTC,11.66,0.3322,0.0044,0.0,0.0006,0.06,13.55,MIN_PROFIT_TP_HIT,0.1012
741,TRUMP_USDT,LONG,StochasticRSI(FAST_SCALP-LONG),2,0.2,1.661,1.664,1.664,1.656,2026-07-06 06:49:59 UTC,2026-07-06 07:05:16 UTC,916.43,0.3322,0.0044,0.0,0.0006,0.06,13.55,MIN_PROFIT_TP_HIT,0.1018
742,TRUMP_USDT,SHORT,StochasticRSI(FAST_SCALP-SHORT),2,0.2,1.664,1.661,1.661,1.669,2026-07-06 07:08:59 UTC,2026-07-06 07:27:29 UTC,1109.24,0.3328,0.0044,0.0,0.0006,0.06,13.52,MIN_PROFIT_TP_HIT,0.1024
743,TRUMP_USDT,LONG,StochasticRSI(FAST_SCALP-LONG),2,0.2,1.662,1.665,1.665,1.657,2026-07-06 07:32:59 UTC,2026-07-06 07:37:24 UTC,264.19,0.3324,0.0044,0.0,0.0006,0.06,13.54,MIN_PROFIT_TP_HIT,0.103
744,TRUMP_USDT,SHORT,StochasticRSI(FAST_SCALP-SHORT),2,0.2,1.672,1.669,1.669,1.677,2026-07-06 07:52:59 UTC,2026-07-06 07:57:21 UTC,261.22,0.3344,0.0045,0.0,0.0006,0.06,13.46,MIN_PROFIT_TP_HIT,0.1036
745,TRUMP_USDT,LONG,StochasticRSI(FAST_SCALP-LONG),2,0.2,1.669,1.672,1.672,1.664,2026-07-06 08:01:59 UTC,2026-07-06 08:06:10 UTC,250.96,0.3338,0.0045,0.0,0.0006,0.06,13.48,MIN_PROFIT_TP_HIT,0.1042
746,TRUMP_USDT,SHORT,StochasticRSI(FAST_SCALP-SHORT),2,0.2,1.669,1.666,1.666,1.674,2026-07-06 08:09:59 UTC,2026-07-06 08:11:04 UTC,64.81,0.3338,0.0045,0.0,0.0006,0.06,13.48,MIN_PROFIT_TP_HIT,0.1048
747,TRUMP_USDT,LONG,StochasticRSI(FAST_SCALP-LONG),2,0.2,1.667,1.662,1.67,1.662,2026-07-06 08:14:59 UTC,2026-07-06 08:34:53 UTC,1193.64,0.3334,0.0044,0.0,-0.001,-0.09,-22.5,STOP_LOSS_HIT,0.1038
748,TRUMP_USDT,LONG,StochasticRSI(FAST_SCALP-LONG),2,0.2,1.659,1.662,1.662,1.654,2026-07-06 08:39:59 UTC,2026-07-06 08:41:23 UTC,83.09,0.3318,0.0044,0.0,0.0006,0.06,13.56,MIN_PROFIT_TP_HIT,0.1044
749,TRUMP_USDT,SHORT,StochasticRSI(FAST_SCALP-SHORT),2,0.2,1.663,1.66,1.66,1.668,2026-07-06 08:50:59 UTC,2026-07-06 09:15:00 UTC,1440.82,0.3326,0.0044,0.0,0.0006,0.06,13.53,MIN_PROFIT_TP_HIT,0.105
750,TRUMP_USDT,LONG,StochasticRSI(FAST_SCALP-LONG),2,0.2,1.661,1.664,1.664,1.656,2026-07-06 09:16:59 UTC,2026-07-06 09:24:02 UTC,422.36,0.3322,0.0044,0.0,0.0006,0.06,13.55,MIN_PROFIT_TP_HIT,0.1056
751,TRUMP_USDT,SHORT,StochasticRSI(FAST_SCALP-SHORT),2,0.2,1.665,1.662,1.662,1.67,2026-07-06 09:33:59 UTC,2026-07-06 09:39:28 UTC,328.03,0.333,0.0044,0.0,0.0006,0.06,13.51,MIN_PROFIT_TP_HIT,0.1062
752,TRUMP_USDT,LONG,StochasticRSI(FAST_SCALP-LONG),2,0.2,1.664,1.667,1.667,1.659,2026-07-06 09:41:59 UTC,2026-07-06 09:51:57 UTC,597.51,0.3328,0.0044,0.0,0.0006,0.06,13.52,MIN_PROFIT_TP_HIT,0.1068
753,TRUMP_USDT,LONG,StochasticRSI(FAST_SCALP-LONG),2,0.2,1.665,1.668,1.668,1.66,2026-07-06 10:05:59 UTC,2026-07-06 10:12:59 UTC,419.62,0.333,0.0044,0.0,0.0006,0.06,13.51,MIN_PROFIT_TP_HIT,0.1074
754,TRUMP_USDT,SHORT,StochasticRSI(FAST_SCALP-SHORT),2,0.2,1.665,1.67,1.662,1.67,2026-07-06 10:17:59 UTC,2026-07-06 10:34:28 UTC,988.3,0.333,0.0044,0.0,-0.001,-0.09,-22.52,STOP_LOSS_HIT,0.1064
755,TRUMP_USDT,SHORT,StochasticRSI(FAST_SCALP-SHORT),2,0.2,1.674,1.671,1.671,1.679,2026-07-06 10:39:59 UTC,2026-07-06 10:41:15 UTC,75.05,0.3348,0.0045,0.0,0.0006,0.06,13.44,MIN_PROFIT_TP_HIT,0.107
756,TRUMP_USDT,LONG,StochasticRSI(FAST_SCALP-LONG),2,0.2,1.674,1.669,1.677,1.669,2026-07-06 10:45:59 UTC,2026-07-06 10:53:53 UTC,473.94,0.3348,0.0045,0.0,-0.001,-0.09,-22.4,STOP_LOSS_HIT,0.106
757,TRUMP_USDT,LONG,StochasticRSI(FAST_SCALP-LONG),2,0.2,1.671,1.666,1.674,1.666,2026-07-06 10:59:59 UTC,2026-07-06 11:13:57 UTC,837.39,0.3342,0.0045,0.0,-0.001,-0.09,-22.44,STOP_LOSS_HIT,0.105
758,TRUMP_USDT,LONG,StochasticRSI(FAST_SCALP-LONG),2,0.2,1.668,1.671,1.671,1.663,2026-07-06 11:19:59 UTC,2026-07-06 11:22:58 UTC,178.12,0.3336,0.0044,0.0,0.0006,0.06,13.49,MIN_PROFIT_TP_HIT,0.1056
759,TRUMP_USDT,SHORT,StochasticRSI(FAST_SCALP-SHORT),2,0.2,1.672,1.669,1.669,1.677,2026-07-06 11:25:59 UTC,2026-07-06 11:27:40 UTC,100.17,0.3344,0.0045,0.0,0.0006,0.06,13.46,MIN_PROFIT_TP_HIT,0.1062
760,TRUMP_USDT,SHORT,StochasticRSI(FAST_SCALP-SHORT),2,0.2,1.675,1.672,1.672,1.68,2026-07-06 11:36:59 UTC,2026-07-06 11:50:24 UTC,804.75,0.335,0.0045,0.0,0.0006,0.06,13.43,MIN_PROFIT_TP_HIT,0.1068
761,TRUMP_USDT,LONG,StochasticRSI(FAST_SCALP-LONG),2,0.2,1.672,1.675,1.675,1.667,2026-07-06 11:52:59 UTC,2026-07-06 11:55:29 UTC,149.31,0.3344,0.0045,0.0,0.0006,0.06,13.46,MIN_PROFIT_TP_HIT,0.1074
762,TRUMP_USDT,LONG,StochasticRSI(FAST_SCALP-LONG),2,0.2,1.637,1.632,1.64,1.632,2026-07-06 12:06:59 UTC,2026-07-06 12:07:27 UTC,27.73,0.3274,0.0044,0.0,-0.001,-0.09,-22.91,STOP_LOSS_HIT,0.1064
763,TRUMP_USDT,SHORT,StochasticRSI(FAST_SCALP-SHORT),2,0.2,1.645,1.65,1.642,1.65,2026-07-06 12:14:59 UTC,2026-07-06 12:17:52 UTC,172.84,0.329,0.0044,0.0,-0.001,-0.09,-22.8,STOP_LOSS_HIT,0.1054
764,TRUMP_USDT,SHORT,StochasticRSI(FAST_SCALP-SHORT),2,0.2,1.649,1.654,1.646,1.654,2026-07-06 12:21:59 UTC,2026-07-06 12:31:20 UTC,560.01,0.3298,0.0044,0.0,-0.001,-0.09,-22.74,STOP_LOSS_HIT,0.1044
765,TRUMP_USDT,SHORT,StochasticRSI(FAST_SCALP-SHORT),2,0.2,1.655,1.652,1.652,1.66,2026-07-06 12:34:59 UTC,2026-07-06 12:37:29 UTC,149.12,0.331,0.0044,0.0,0.0006,0.06,13.6,MIN_PROFIT_TP_HIT,0.105
766,TRUMP_USDT,LONG,StochasticRSI(FAST_SCALP-LONG),2,0.2,1.639,1.642,1.642,1.634,2026-07-06 12:48:59 UTC,2026-07-06 12:50:21 UTC,81.25,0.3278,0.0044,0.0,0.0006,0.06,13.73,MIN_PROFIT_TP_HIT,0.1056
767,TRUMP_USDT,SHORT,StochasticRSI(FAST_SCALP-SHORT),2,0.2,1.639,1.636,1.636,1.644,2026-07-06 12:56:59 UTC,2026-07-06 12:58:00 UTC,60.9,0.3278,0.0044,0.0,0.0006,0.06,13.73,MIN_PROFIT_TP_HIT,0.1062
768,TRUMP_USDT,LONG,StochasticRSI(FAST_SCALP-LONG),2,0.2,1.635,1.63,1.638,1.63,2026-07-06 13:01:59 UTC,2026-07-06 13:02:34 UTC,34.79,0.327,0.0044,0.0,-0.001,-0.09,-22.94,STOP_LOSS_HIT,0.1052
769,TRUMP_USDT,LONG,StochasticRSI(FAST_SCALP-LONG),2,0.2,1.632,1.635,1.635,1.627,2026-07-06 13:06:59 UTC,2026-07-06 13:09:33 UTC,153.61,0.3264,0.0044,0.0,0.0006,0.06,13.79,MIN_PROFIT_TP_HIT,0.1058
770,TRUMP_USDT,SHORT,StochasticRSI(FAST_SCALP-SHORT),2,0.2,1.632,1.629,1.629,1.637,2026-07-06 13:12:59 UTC,2026-07-06 13:14:45 UTC,105.72,0.3264,0.0044,0.0,0.0006,0.06,13.79,MIN_PROFIT_TP_HIT,0.1064
771,TRUMP_USDT,SHORT,StochasticRSI(FAST_SCALP-SHORT),2,0.2,1.634,1.631,1.631,1.639,2026-07-06 13:26:59 UTC,2026-07-06 13:27:25 UTC,25.14,0.3268,0.0044,0.0,0.0006,0.06,13.77,MIN_PROFIT_TP_HIT,0.107
772,TRUMP_USDT,SHORT,StochasticRSI(FAST_SCALP-SHORT),2,0.2,1.636,1.633,1.633,1.641,2026-07-06 13:37:59 UTC,2026-07-06 13:38:39 UTC,39.68,0.3272,0.0044,0.0,0.0006,0.06,13.75,MIN_PROFIT_TP_HIT,0.1076
773,TRUMP_USDT,LONG,StochasticRSI(FAST_SCALP-LONG),2,0.2,1.642,1.645,1.645,1.637,2026-07-06 13:40:59 UTC,2026-07-06 13:44:24 UTC,204.37,0.3284,0.0044,0.0,0.0006,0.06,13.7,MIN_PROFIT_TP_HIT,0.1082
774,TRUMP_USDT,SHORT,StochasticRSI(FAST_SCALP-SHORT),2,0.2,1.649,1.654,1.646,1.654,2026-07-06 13:48:59 UTC,2026-07-06 13:51:23 UTC,143.63,0.3298,0.0044,0.0,-0.001,-0.09,-22.74,STOP_LOSS_HIT,0.1072
775,TRUMP_USDT,SHORT,StochasticRSI(FAST_SCALP-SHORT),2,0.2,1.648,1.645,1.645,1.653,2026-07-06 13:52:59 UTC,2026-07-06 13:59:57 UTC,417.73,0.3296,0.0044,0.0,0.0006,0.06,13.65,MIN_PROFIT_TP_HIT,0.1078
776,TRUMP_USDT,LONG,StochasticRSI(FAST_SCALP-LONG),2,0.2,1.644,1.647,1.647,1.639,2026-07-06 14:02:59 UTC,2026-07-06 14:10:27 UTC,447.42,0.3288,0.0044,0.0,0.0006,0.06,13.69,MIN_PROFIT_TP_HIT,0.1084
777,TRUMP_USDT,SHORT,StochasticRSI(FAST_SCALP-SHORT),2,0.2,1.645,1.65,1.642,1.65,2026-07-06 14:18:59 UTC,2026-07-06 14:23:04 UTC,244.79,0.329,0.0044,0.0,-0.001,-0.09,-22.8,STOP_LOSS_HIT,0.1074
778,TRUMP_USDT,LONG,StochasticRSI(FAST_SCALP-LONG),2,0.2,1.651,1.646,1.654,1.646,2026-07-06 14:33:59 UTC,2026-07-06 14:43:41 UTC,581.86,0.3302,0.0044,0.0,-0.001,-0.09,-22.71,STOP_LOSS_HIT,0.1064
779,TRUMP_USDT,LONG,StochasticRSI(FAST_SCALP-LONG),2,0.2,1.638,1.641,1.641,1.633,2026-07-06 14:51:59 UTC,2026-07-06 14:52:45 UTC,45.69,0.3276,0.0044,0.0,0.0006,0.06,13.74,MIN_PROFIT_TP_HIT,0.107
780,TRUMP_USDT,SHORT,StochasticRSI(FAST_SCALP-SHORT),2,0.2,1.641,1.638,1.638,1.646,2026-07-06 14:57:59 UTC,2026-07-06 14:58:18 UTC,18.63,0.3282,0.0044,0.0,0.0006,0.06,13.71,MIN_PROFIT_TP_HIT,0.1076
781,TRUMP_USDT,SHORT,StochasticRSI(FAST_SCALP-SHORT),2,0.2,1.638,1.643,1.635,1.643,2026-07-06 14:59:59 UTC,2026-07-06 15:02:57 UTC,177.79,0.3276,0.0044,0.0,-0.001,-0.09,-22.89,STOP_LOSS_HIT,0.1066
782,TRUMP_USDT,LONG,StochasticRSI(FAST_SCALP-LONG),2,0.2,1.642,1.645,1.645,1.637,2026-07-06 15:03:59 UTC,2026-07-06 15:04:23 UTC,23.03,0.3284,0.0044,0.0,0.0006,0.06,13.7,MIN_PROFIT_TP_HIT,0.1072
783,TRUMP_USDT,SHORT,StochasticRSI(FAST_SCALP-SHORT),2,0.2,1.646,1.651,1.643,1.651,2026-07-06 15:08:59 UTC,2026-07-06 15:09:14 UTC,14.08,0.3292,0.0044,0.0,-0.001,-0.09,-22.78,STOP_LOSS_HIT,0.1062
784,TRUMP_USDT,SHORT,StochasticRSI(FAST_SCALP-SHORT),2,0.2,1.65,1.647,1.647,1.655,2026-07-06 15:16:59 UTC,2026-07-06 15:20:10 UTC,190.39,0.33,0.0044,0.0,0.0006,0.06,13.64,MIN_PROFIT_TP_HIT,0.1068
785,TRUMP_USDT,LONG,StochasticRSI(FAST_SCALP-LONG),2,0.2,1.649,1.652,1.652,1.644,2026-07-06 15:23:59 UTC,2026-07-06 15:24:05 UTC,5.84,0.3298,0.0044,0.0,0.0006,0.06,13.64,MIN_PROFIT_TP_HIT,0.1074
786,TRUMP_USDT,SHORT,StochasticRSI(FAST_SCALP-SHORT),2,0.2,1.66,1.657,1.657,1.665,2026-07-06 15:31:59 UTC,2026-07-06 15:33:35 UTC,95.92,0.332,0.0044,0.0,0.0006,0.06,13.55,MIN_PROFIT_TP_HIT,0.108
787,TRUMP_USDT,LONG,StochasticRSI(FAST_SCALP-LONG),2,0.2,1.657,1.66,1.66,1.652,2026-07-06 15:39:59 UTC,2026-07-06 15:41:11 UTC,71.34,0.3314,0.0044,0.0,0.0006,0.06,13.58,MIN_PROFIT_TP_HIT,0.1086
788,TRUMP_USDT,LONG,StochasticRSI(FAST_SCALP-LONG),2,0.2,1.67,1.673,1.673,1.665,2026-07-06 15:51:59 UTC,2026-07-06 15:52:51 UTC,51.13,0.334,0.0045,0.0,0.0006,0.06,13.47,MIN_PROFIT_TP_HIT,0.1092
789,TRUMP_USDT,SHORT,StochasticRSI(FAST_SCALP-SHORT),2,0.2,1.673,1.67,1.67,1.678,2026-07-06 15:57:59 UTC,2026-07-06 15:58:23 UTC,23.16,0.3346,0.0045,0.0,0.0006,0.06,13.45,MIN_PROFIT_TP_HIT,0.1098
790,TRUMP_USDT,SHORT,StochasticRSI(FAST_SCALP-SHORT),2,0.2,1.671,1.676,1.668,1.676,2026-07-06 16:01:59 UTC,2026-07-06 16:08:36 UTC,396.65,0.3342,0.0045,0.0,-0.001,-0.09,-22.44,STOP_LOSS_HIT,0.1088
791,TRUMP_USDT,SHORT,StochasticRSI(FAST_SCALP-SHORT),2,0.2,1.686,1.683,1.683,1.691,2026-07-06 16:15:59 UTC,2026-07-06 16:16:06 UTC,6.01,0.3372,0.0045,0.0,0.0006,0.06,13.35,MIN_PROFIT_TP_HIT,0.1094
792,TRUMP_USDT,LONG,StochasticRSI(FAST_SCALP-LONG),2,0.2,1.677,1.68,1.68,1.672,2026-07-06 16:22:59 UTC,2026-07-06 16:23:50 UTC,50.9,0.3354,0.0045,0.0,0.0006,0.06,13.42,MIN_PROFIT_TP_HIT,0.11
793,TRUMP_USDT,LONG,StochasticRSI(FAST_SCALP-LONG),2,0.2,1.674,1.677,1.677,1.669,2026-07-06 16:29:59 UTC,2026-07-06 16:32:04 UTC,124.21,0.3348,0.0045,0.0,0.0006,0.06,13.44,MIN_PROFIT_TP_HIT,0.1106
794,TRUMP_USDT,SHORT,StochasticRSI(FAST_SCALP-SHORT),2,0.2,1.676,1.681,1.673,1.681,2026-07-06 16:35:59 UTC,2026-07-06 16:37:07 UTC,67.02,0.3352,0.0045,0.0,-0.001,-0.09,-22.37,STOP_LOSS_HIT,0.1096
795,TRUMP_USDT,SHORT,StochasticRSI(FAST_SCALP-SHORT),2,0.2,1.675,1.68,1.672,1.68,2026-07-06 16:39:59 UTC,2026-07-06 16:45:20 UTC,320.16,0.335,0.0045,0.0,-0.001,-0.09,-22.39,STOP_LOSS_HIT,0.1086
796,TRUMP_USDT,SHORT,StochasticRSI(FAST_SCALP-SHORT),2,0.2,1.68,1.677,1.677,1.685,2026-07-06 16:50:59 UTC,2026-07-06 16:55:34 UTC,274.75,0.336,0.0045,0.0,0.0006,0.06,13.39,MIN_PROFIT_TP_HIT,0.1092
797,TRUMP_USDT,LONG,StochasticRSI(FAST_SCALP-LONG),2,0.2,1.676,1.679,1.679,1.671,2026-07-06 16:58:59 UTC,2026-07-06 16:59:25 UTC,25.58,0.3352,0.0045,0.0,0.0006,0.06,13.42,MIN_PROFIT_TP_HIT,0.1098
798,TRUMP_USDT,LONG,StochasticRSI(FAST_SCALP-LONG),2,0.2,1.676,1.679,1.679,1.671,2026-07-06 17:07:59 UTC,2026-07-06 17:09:36 UTC,96.43,0.3352,0.0045,0.0,0.0006,0.06,13.42,MIN_PROFIT_TP_HIT,0.1104
799,TRUMP_USDT,LONG,StochasticRSI(FAST_SCALP-LONG),2,0.2,1.676,1.679,1.679,1.671,2026-07-06 17:14:59 UTC,2026-07-06 17:25:18 UTC,618.31,0.3352,0.0045,0.0,0.0006,0.06,13.42,MIN_PROFIT_TP_HIT,0.111
800,TRUMP_USDT,SHORT,StochasticRSI(FAST_SCALP-SHORT),2,0.2,1.678,1.675,1.675,1.683,2026-07-06 17:30:59 UTC,2026-07-06 17:34:11 UTC,191.07,0.3356,0.0045,0.0,0.0006,0.06,13.41,MIN_PROFIT_TP_HIT,0.1116
801,TRUMP_USDT,LONG,StochasticRSI(FAST_SCALP-LONG),2,0.2,1.673,1.676,1.676,1.668,2026-07-06 17:38:59 UTC,2026-07-06 17:46:26 UTC,446.68,0.3346,0.0045,0.0,0.0006,0.06,13.45,MIN_PROFIT_TP_HIT,0.1122
802,TRUMP_USDT,SHORT,StochasticRSI(FAST_SCALP-SHORT),2,0.2,1.679,1.676,1.676,1.684,2026-07-06 17:50:59 UTC,2026-07-06 17:52:14 UTC,74.89,0.3358,0.0045,0.0,0.0006,0.06,13.4,MIN_PROFIT_TP_HIT,0.1128
803,TRUMP_USDT,LONG,StochasticRSI(FAST_SCALP-LONG),2,0.2,1.669,1.672,1.672,1.664,2026-07-06 18:00:59 UTC,2026-07-06 18:02:08 UTC,68.55,0.3338,0.0045,0.0,0.0006,0.06,13.48,MIN_PROFIT_TP_HIT,0.1134
804,TRUMP_USDT,SHORT,StochasticRSI(FAST_SCALP-SHORT),2,0.2,1.671,1.668,1.668,1.676,2026-07-06 18:06:59 UTC,2026-07-06 18:13:19 UTC,379.59,0.3342,0.0045,0.0,0.0006,0.06,13.46,MIN_PROFIT_TP_HIT,0.114
805,TRUMP_USDT,LONG,StochasticRSI(FAST_SCALP-LONG),2,0.2,1.669,1.672,1.672,1.664,2026-07-06 18:17:59 UTC,2026-07-06 18:19:50 UTC,110.1,0.3338,0.0045,0.0,0.0006,0.06,13.48,MIN_PROFIT_TP_HIT,0.1146
806,TRUMP_USDT,SHORT,StochasticRSI(FAST_SCALP-SHORT),2,0.2,1.677,1.682,1.674,1.682,2026-07-06 18:23:59 UTC,2026-07-06 18:36:55 UTC,775.94,0.3354,0.0045,0.0,-0.001,-0.09,-22.36,STOP_LOSS_HIT,0.1136
807,TRUMP_USDT,SHORT,StochasticRSI(FAST_SCALP-SHORT),2,0.2,1.681,1.686,1.678,1.686,2026-07-06 18:39:59 UTC,2026-07-06 18:44:34 UTC,274.46,0.3362,0.0045,0.0,-0.001,-0.09,-22.31,STOP_LOSS_HIT,0.1126
808,TRUMP_USDT,LONG,StochasticRSI(FAST_SCALP-LONG),2,0.2,1.684,1.687,1.687,1.679,2026-07-06 18:52:59 UTC,2026-07-06 19:01:55 UTC,535.73,0.3368,0.0045,0.0,0.0006,0.06,13.36,MIN_PROFIT_TP_HIT,0.1132
809,TRUMP_USDT,LONG,StochasticRSI(FAST_SCALP-LONG),2,0.2,1.682,1.685,1.685,1.677,2026-07-06 19:07:59 UTC,2026-07-06 19:09:08 UTC,68.14,0.3364,0.0045,0.0,0.0006,0.06,13.38,MIN_PROFIT_TP_HIT,0.1138
810,TRUMP_USDT,LONG,StochasticRSI(FAST_SCALP-LONG),2,0.2,1.685,1.688,1.688,1.68,2026-07-06 19:10:59 UTC,2026-07-06 19:21:04 UTC,604.3,0.337,0.0045,0.0,0.0006,0.06,13.35,MIN_PROFIT_TP_HIT,0.1144
811,TRUMP_USDT,SHORT,StochasticRSI(FAST_SCALP-SHORT),2,0.2,1.689,1.686,1.686,1.694,2026-07-06 19:28:59 UTC,2026-07-06 19:31:05 UTC,125.3,0.3378,0.0045,0.0,0.0006,0.06,13.32,MIN_PROFIT_TP_HIT,0.115
812,TRUMP_USDT,SHORT,StochasticRSI(FAST_SCALP-SHORT),2,0.2,1.694,1.691,1.691,1.699,2026-07-06 19:45:59 UTC,2026-07-06 19:47:15 UTC,75.12,0.3388,0.0045,0.0,0.0006,0.06,13.28,MIN_PROFIT_TP_HIT,0.1156
813,TRUMP_USDT,LONG,StochasticRSI(FAST_SCALP-LONG),2,0.2,1.69,1.693,1.693,1.685,2026-07-06 19:50:59 UTC,2026-07-06 19:53:37 UTC,157.25,0.338,0.0045,0.0,0.0006,0.06,13.31,MIN_PROFIT_TP_HIT,0.1162
814,TRUMP_USDT,LONG,StochasticRSI(FAST_SCALP-LONG),2,0.2,1.691,1.694,1.694,1.686,2026-07-06 19:54:59 UTC,2026-07-06 19:58:32 UTC,212.82,0.3382,0.0045,0.0,0.0006,0.06,13.31,MIN_PROFIT_TP_HIT,0.1168
815,TRUMP_USDT,LONG,StochasticRSI(FAST_SCALP-LONG),2,0.2,1.686,1.689,1.689,1.681,2026-07-06 20:04:59 UTC,2026-07-06 20:22:08 UTC,1028.04,0.3372,0.0045,0.0,0.0006,0.06,13.35,MIN_PROFIT_TP_HIT,0.1174
816,TRUMP_USDT,SHORT,StochasticRSI(FAST_SCALP-SHORT),2,0.2,1.689,1.694,1.686,1.694,2026-07-06 20:25:59 UTC,2026-07-06 20:52:08 UTC,1568.65,0.3378,0.0045,0.0,-0.001,-0.09,-22.2,STOP_LOSS_HIT,0.1164
817,TRUMP_USDT,SHORT,StochasticRSI(FAST_SCALP-SHORT),2,0.2,1.69,1.687,1.687,1.695,2026-07-06 20:55:59 UTC,2026-07-06 21:00:24 UTC,264.07,0.338,0.0045,0.0,0.0006,0.06,13.31,MIN_PROFIT_TP_HIT,0.117
818,TRUMP_USDT,SHORT,StochasticRSI(FAST_SCALP-SHORT),2,0.2,1.71,1.707,1.707,1.715,2026-07-06 21:12:59 UTC,2026-07-06 21:14:00 UTC,60.26,0.342,0.0046,0.0,0.0006,0.06,13.16,MIN_PROFIT_TP_HIT,0.1176
819,TRUMP_USDT,LONG,StochasticRSI(FAST_SCALP-LONG),2,0.2,1.707,1.71,1.71,1.702,2026-07-06 21:23:59 UTC,2026-07-06 21:26:47 UTC,167.76,0.3414,0.0046,0.0,0.0006,0.06,13.18,MIN_PROFIT_TP_HIT,0.1182
820,TRUMP_USDT,LONG,StochasticRSI(FAST_SCALP-LONG),2,0.2,1.712,1.715,1.715,1.707,2026-07-06 21:27:59 UTC,2026-07-06 21:31:45 UTC,225.11,0.3424,0.0046,0.0,0.0006,0.06,13.14,MIN_PROFIT_TP_HIT,0.1188
821,TRUMP_USDT,SHORT,StochasticRSI(FAST_SCALP-SHORT),2,0.2,1.713,1.71,1.71,1.718,2026-07-06 21:35:59 UTC,2026-07-06 21:37:00 UTC,60.76,0.3426,0.0046,0.0,0.0006,0.06,13.13,MIN_PROFIT_TP_HIT,0.1194
822,TRUMP_USDT,LONG,StochasticRSI(FAST_SCALP-LONG),2,0.2,1.71,1.713,1.713,1.705,2026-07-06 21:41:59 UTC,2026-07-06 21:43:19 UTC,79.27,0.342,0.0046,0.0,0.0006,0.06,13.16,MIN_PROFIT_TP_HIT,0.12
823,TRUMP_USDT,SHORT,StochasticRSI(FAST_SCALP-SHORT),2,0.2,1.714,1.711,1.711,1.719,2026-07-06 21:47:59 UTC,2026-07-06 21:49:22 UTC,82.89,0.3428,0.0046,0.0,0.0006,0.06,13.13,MIN_PROFIT_TP_HIT,0.1206
824,TRUMP_USDT,SHORT,StochasticRSI(FAST_SCALP-SHORT),2,0.2,1.72,1.717,1.717,1.725,2026-07-06 21:54:59 UTC,2026-07-06 21:58:55 UTC,235.64,0.344,0.0046,0.0,0.0006,0.06,13.08,MIN_PROFIT_TP_HIT,0.1212
825,TRUMP_USDT,LONG,StochasticRSI(FAST_SCALP-LONG),2,0.2,1.714,1.709,1.717,1.709,2026-07-06 22:02:59 UTC,2026-07-06 22:05:34 UTC,154.61,0.3428,0.0046,0.0,-0.001,-0.09,-21.88,STOP_LOSS_HIT,0.1202
826,TRUMP_USDT,LONG,StochasticRSI(FAST_SCALP-LONG),2,0.2,1.706,1.709,1.709,1.701,2026-07-06 22:08:59 UTC,2026-07-06 22:09:31 UTC,31.99,0.3412,0.0045,0.0,0.0006,0.06,13.19,MIN_PROFIT_TP_HIT,0.1208
827,TRUMP_USDT,SHORT,StochasticRSI(FAST_SCALP-SHORT),2,0.2,1.702,1.707,1.699,1.707,2026-07-06 22:20:59 UTC,2026-07-06 22:40:41 UTC,1181.5,0.3404,0.0045,0.0,-0.001,-0.09,-22.03,STOP_LOSS_HIT,0.1198
828,TRUMP_USDT,SHORT,StochasticRSI(FAST_SCALP-SHORT),2,0.2,1.705,1.702,1.702,1.71,2026-07-06 22:44:59 UTC,2026-07-06 22:53:39 UTC,519.79,0.341,0.0045,0.0,0.0006,0.06,13.2,MIN_PROFIT_TP_HIT,0.1204
829,TRUMP_USDT,LONG,StochasticRSI(FAST_SCALP-LONG),2,0.2,1.7,1.703,1.703,1.695,2026-07-06 22:58:59 UTC,2026-07-06 23:00:08 UTC,68.58,0.34,0.0045,0.0,0.0006,0.06,13.24,MIN_PROFIT_TP_HIT,0.121
830,TRUMP_USDT,SHORT,StochasticRSI(FAST_SCALP-SHORT),2,0.2,1.705,1.702,1.702,1.71,2026-07-06 23:08:59 UTC,2026-07-06 23:10:04 UTC,64.97,0.341,0.0045,0.0,0.0006,0.06,13.2,MIN_PROFIT_TP_HIT,0.1216
831,TRUMP_USDT,LONG,StochasticRSI(FAST_SCALP-LONG),2,0.2,1.701,1.696,1.704,1.696,2026-07-06 23:13:59 UTC,2026-07-06 23:17:20 UTC,200.07,0.3402,0.0045,0.0,-0.001,-0.09,-22.05,STOP_LOSS_HIT,0.1206
832,TRUMP_USDT,SHORT,StochasticRSI(FAST_SCALP-SHORT),2,0.2,1.698,1.695,1.695,1.703,2026-07-06 23:25:59 UTC,2026-07-06 23:41:36 UTC,936.06,0.3396,0.0045,0.0,0.0006,0.06,13.25,MIN_PROFIT_TP_HIT,0.1212
833,TRUMP_USDT,LONG,StochasticRSI(FAST_SCALP-LONG),2,0.2,1.696,1.691,1.699,1.691,2026-07-06 23:45:59 UTC,2026-07-06 23:47:14 UTC,74.04,0.3392,0.0045,0.0,-0.001,-0.09,-22.11,STOP_LOSS_HIT,0.1202
834,TRUMP_USDT,LONG,StochasticRSI(FAST_SCALP-LONG),2,0.2,1.692,1.695,1.695,1.687,2026-07-06 23:50:59 UTC,2026-07-07 00:00:04 UTC,544.4,0.3384,0.0045,0.0,0.0006,0.06,13.3,MIN_PROFIT_TP_HIT,0.1208
835,TRUMP_USDT,SHORT,StochasticRSI(FAST_SCALP-SHORT),2,0.2,1.694,1.699,1.691,1.699,2026-07-07 00:03:59 UTC,2026-07-07 00:16:19 UTC,739.36,0.3388,0.0045,0.0,-0.001,-0.09,-22.14,STOP_LOSS_HIT,0.1198
836,TRUMP_USDT,SHORT,StochasticRSI(FAST_SCALP-SHORT),2,0.2,1.703,1.708,1.7,1.708,2026-07-07 00:23:59 UTC,2026-07-07 00:30:40 UTC,400.37,0.3406,0.0045,0.0,-0.001,-0.09,-22.02,STOP_LOSS_HIT,0.1188
837,TRUMP_USDT,LONG,StochasticRSI(FAST_SCALP-LONG),2,0.2,1.703,1.706,1.706,1.698,2026-07-07 00:43:59 UTC,2026-07-07 00:45:28 UTC,88.84,0.3406,0.0045,0.0,0.0006,0.06,13.21,MIN_PROFIT_TP_HIT,0.1194
838,TRUMP_USDT,SHORT,StochasticRSI(FAST_SCALP-SHORT),2,0.2,1.707,1.704,1.704,1.712,2026-07-07 00:58:59 UTC,2026-07-07 01:00:04 UTC,64.24,0.3414,0.0046,0.0,0.0006,0.06,13.18,MIN_PROFIT_TP_HIT,0.12
839,TRUMP_USDT,LONG,StochasticRSI(FAST_SCALP-LONG),2,0.2,1.687,1.69,1.69,1.682,2026-07-07 01:07:59 UTC,2026-07-07 01:10:14 UTC,134.49,0.3374,0.0045,0.0,0.0006,0.06,13.34,MIN_PROFIT_TP_HIT,0.1206
840,TRUMP_USDT,SHORT,StochasticRSI(FAST_SCALP-SHORT),2,0.2,1.69,1.687,1.687,1.695,2026-07-07 01:14:59 UTC,2026-07-07 01:15:52 UTC,52.2,0.338,0.0045,0.0,0.0006,0.06,13.31,MIN_PROFIT_TP_HIT,0.1212
841,TRUMP_USDT,SHORT,StochasticRSI(FAST_SCALP-SHORT),2,0.2,1.688,1.685,1.685,1.693,2026-07-07 01:16:59 UTC,2026-07-07 01:18:31 UTC,91.97,0.3376,0.0045,0.0,0.0006,0.06,13.33,MIN_PROFIT_TP_HIT,0.1218
842,TRUMP_USDT,LONG,StochasticRSI(FAST_SCALP-LONG),2,0.2,1.685,1.68,1.688,1.68,2026-07-07 01:33:59 UTC,2026-07-07 01:36:20 UTC,140.29,0.337,0.0045,0.0,-0.001,-0.09,-22.26,STOP_LOSS_HIT,0.1208
843,TRUMP_USDT,SHORT,StochasticRSI(FAST_SCALP-SHORT),2,0.2,1.682,1.687,1.679,1.687,2026-07-07 01:37:59 UTC,2026-07-07 01:43:52 UTC,352.21,0.3364,0.0045,0.0,-0.001,-0.09,-22.29,STOP_LOSS_HIT,0.1198
844,TRUMP_USDT,SHORT,StochasticRSI(FAST_SCALP-SHORT),2,0.2,1.687,1.684,1.684,1.692,2026-07-07 01:50:59 UTC,2026-07-07 02:06:50 UTC,950.06,0.3374,0.0045,0.0,0.0006,0.06,13.34,MIN_PROFIT_TP_HIT,0.1204
845,TRUMP_USDT,SHORT,StochasticRSI(FAST_SCALP-SHORT),2,0.2,1.684,1.681,1.681,1.689,2026-07-07 02:18:59 UTC,2026-07-07 02:23:09 UTC,249.73,0.3368,0.0045,0.0,0.0006,0.06,13.36,MIN_PROFIT_TP_HIT,0.121
846,TRUMP_USDT,LONG,StochasticRSI(FAST_SCALP-LONG),2,0.2,1.678,1.673,1.681,1.673,2026-07-07 02:27:59 UTC,2026-07-07 02:30:52 UTC,172.09,0.3356,0.0045,0.0,-0.001,-0.09,-22.35,STOP_LOSS_HIT,0.12
847,TRUMP_USDT,LONG,StochasticRSI(FAST_SCALP-LONG),2,0.2,1.672,1.675,1.675,1.667,2026-07-07 02:36:59 UTC,2026-07-07 02:45:35 UTC,515.73,0.3344,0.0045,0.0,0.0006,0.06,13.46,MIN_PROFIT_TP_HIT,0.1206
848,TRUMP_USDT,SHORT,StochasticRSI(FAST_SCALP-SHORT),2,0.2,1.671,1.668,1.668,1.676,2026-07-07 02:46:59 UTC,2026-07-07 02:47:58 UTC,58.37,0.3342,0.0045,0.0,0.0006,0.06,13.46,MIN_PROFIT_TP_HIT,0.1212
849,TRUMP_USDT,LONG,StochasticRSI(FAST_SCALP-LONG),2,0.2,1.664,1.667,1.667,1.659,2026-07-07 02:51:59 UTC,2026-07-07 02:52:27 UTC,27.95,0.3328,0.0044,0.0,0.0006,0.06,13.52,MIN_PROFIT_TP_HIT,0.1218
850,TRUMP_USDT,SHORT,StochasticRSI(FAST_SCALP-SHORT),2,0.2,1.667,1.664,1.664,1.672,2026-07-07 03:02:59 UTC,2026-07-07 03:06:18 UTC,198.21,0.3334,0.0044,0.0,0.0006,0.06,13.5,MIN_PROFIT_TP_HIT,0.1224
851,TRUMP_USDT,SHORT,StochasticRSI(FAST_SCALP-SHORT),2,0.2,1.665,1.662,1.662,1.67,2026-07-07 03:11:59 UTC,2026-07-07 03:23:35 UTC,695.27,0.333,0.0044,0.0,0.0006,0.06,13.51,MIN_PROFIT_TP_HIT,0.123
852,TRUMP_USDT,LONG,StochasticRSI(FAST_SCALP-LONG),2,0.2,1.661,1.664,1.664,1.656,2026-07-07 03:30:59 UTC,2026-07-07 03:32:52 UTC,112.43,0.3322,0.0044,0.0,0.0006,0.06,13.55,MIN_PROFIT_TP_HIT,0.1236
853,TRUMP_USDT,SHORT,StochasticRSI(FAST_SCALP-SHORT),2,0.2,1.664,1.661,1.661,1.669,2026-07-07 03:41:59 UTC,2026-07-07 03:42:40 UTC,40.13,0.3328,0.0044,0.0,0.0006,0.06,13.52,MIN_PROFIT_TP_HIT,0.1242
854,TRUMP_USDT,SHORT,StochasticRSI(FAST_SCALP-SHORT),2,0.2,1.661,1.666,1.658,1.666,2026-07-07 03:43:59 UTC,2026-07-07 03:57:38 UTC,818.47,0.3322,0.0044,0.0,-0.001,-0.09,-22.58,STOP_LOSS_HIT,0.1232
855,TRUMP_USDT,SHORT,StochasticRSI(FAST_SCALP-SHORT),2,0.2,1.663,1.668,1.66,1.668,2026-07-07 04:02:59 UTC,2026-07-07 04:05:34 UTC,154.72,0.3326,0.0044,0.0,-0.001,-0.09,-22.55,STOP_LOSS_HIT,0.1222
856,TRUMP_USDT,SHORT,StochasticRSI(FAST_SCALP-SHORT),2,0.2,1.666,1.671,1.663,1.671,2026-07-07 04:11:59 UTC,2026-07-07 04:28:00 UTC,960.67,0.3332,0.0044,0.0,-0.001,-0.09,-22.51,STOP_LOSS_HIT,0.1212
857,TRUMP_USDT,SHORT,StochasticRSI(FAST_SCALP-SHORT),2,0.2,1.674,1.671,1.671,1.679,2026-07-07 04:31:59 UTC,2026-07-07 04:33:35 UTC,95.98,0.3348,0.0045,0.0,0.0006,0.06,13.44,MIN_PROFIT_TP_HIT,0.1218
858,TRUMP_USDT,LONG,StochasticRSI(FAST_SCALP-LONG),2,0.2,1.67,1.673,1.673,1.665,2026-07-07 04:39:59 UTC,2026-07-07 05:03:49 UTC,1429.48,0.334,0.0045,0.0,0.0006,0.06,13.47,MIN_PROFIT_TP_HIT,0.1224
859,TRUMP_USDT,LONG,StochasticRSI(FAST_SCALP-LONG),2,0.2,1.667,1.662,1.67,1.662,2026-07-07 05:12:59 UTC,2026-07-07 05:14:30 UTC,90.04,0.3334,0.0044,0.0,-0.001,-0.09,-22.5,STOP_LOSS_HIT,0.1214
860,TRUMP_USDT,LONG,StochasticRSI(FAST_SCALP-LONG),2,0.2,1.663,1.658,1.666,1.658,2026-07-07 05:18:59 UTC,2026-07-07 05:19:52 UTC,52.81,0.3326,0.0044,0.0,-0.001,-0.09,-22.55,STOP_LOSS_HIT,0.1204
861,TRUMP_USDT,SHORT,StochasticRSI(FAST_SCALP-SHORT),2,0.2,1.661,1.666,1.658,1.666,2026-07-07 05:27:59 UTC,2026-07-07 05:30:36 UTC,156.22,0.3322,0.0044,0.0,-0.001,-0.09,-22.58,STOP_LOSS_HIT,0.1194
862,TRUMP_USDT,SHORT,StochasticRSI(FAST_SCALP-SHORT),2,0.2,1.674,1.671,1.671,1.679,2026-07-07 05:37:59 UTC,2026-07-07 05:42:53 UTC,293.46,0.3348,0.0045,0.0,0.0006,0.06,13.44,MIN_PROFIT_TP_HIT,0.12
863,TRUMP_USDT,LONG,StochasticRSI(FAST_SCALP-LONG),2,0.2,1.67,1.673,1.673,1.665,2026-07-07 05:47:59 UTC,2026-07-07 05:55:22 UTC,442.96,0.334,0.0045,0.0,0.0006,0.06,13.47,MIN_PROFIT_TP_HIT,0.1206
864,TRUMP_USDT,LONG,StochasticRSI(FAST_SCALP-LONG),2,0.2,1.67,1.665,1.673,1.665,2026-07-07 06:01:59 UTC,2026-07-07 06:13:00 UTC,660.77,0.334,0.0045,0.0,-0.001,-0.09,-22.46,STOP_LOSS_HIT,0.1196
865,TRUMP_USDT,LONG,StochasticRSI(FAST_SCALP-LONG),2,0.2,1.666,1.669,1.669,1.661,2026-07-07 06:27:59 UTC,2026-07-07 06:33:45 UTC,345.87,0.3332,0.0044,0.0,0.0006,0.06,13.51,MIN_PROFIT_TP_HIT,0.1202
866,TRUMP_USDT,SHORT,StochasticRSI(FAST_SCALP-SHORT),2,0.2,1.67,1.667,1.667,1.675,2026-07-07 06:43:59 UTC,2026-07-07 07:00:11 UTC,971.17,0.334,0.0045,0.0,0.0006,0.06,13.47,MIN_PROFIT_TP_HIT,0.1208
867,TRUMP_USDT,LONG,StochasticRSI(FAST_SCALP-LONG),2,0.2,1.666,1.669,1.669,1.661,2026-07-07 07:08:59 UTC,2026-07-07 07:10:58 UTC,118.21,0.3332,0.0044,0.0,0.0006,0.06,13.51,MIN_PROFIT_TP_HIT,0.1214
868,TRUMP_USDT,LONG,StochasticRSI(FAST_SCALP-LONG),2,0.2,1.662,1.657,1.665,1.657,2026-07-07 07:22:59 UTC,2026-07-07 07:26:08 UTC,188.95,0.3324,0.0044,0.0,-0.001,-0.09,-22.56,STOP_LOSS_HIT,0.1204
869,TRUMP_USDT,LONG,StochasticRSI(FAST_SCALP-LONG),2,0.2,1.654,1.649,1.657,1.649,2026-07-07 07:29:59 UTC,2026-07-07 07:35:46 UTC,346.54,0.3308,0.0044,0.0,-0.001,-0.09,-22.67,STOP_LOSS_HIT,0.1194
870,TRUMP_USDT,LONG,StochasticRSI(FAST_SCALP-LONG),2,0.2,1.649,1.652,1.652,1.644,2026-07-07 07:39:59 UTC,2026-07-07 07:42:44 UTC,164.07,0.3298,0.0044,0.0,0.0006,0.06,13.64,MIN_PROFIT_TP_HIT,0.12
871,TRUMP_USDT,SHORT,StochasticRSI(FAST_SCALP-SHORT),2,0.2,1.652,1.649,1.649,1.657,2026-07-07 07:44:59 UTC,2026-07-07 07:46:41 UTC,101.9,0.3304,0.0044,0.0,0.0006,0.06,13.62,MIN_PROFIT_TP_HIT,0.1206
872,TRUMP_USDT,SHORT,StochasticRSI(FAST_SCALP-SHORT),2,0.2,1.652,1.649,1.649,1.657,2026-07-07 07:47:59 UTC,2026-07-07 07:54:07 UTC,367.37,0.3304,0.0044,0.0,0.0006,0.06,13.62,MIN_PROFIT_TP_HIT,0.1212
873,TRUMP_USDT,LONG,StochasticRSI(FAST_SCALP-LONG),2,0.2,1.651,1.646,1.654,1.646,2026-07-07 08:01:59 UTC,2026-07-07 08:07:16 UTC,316.98,0.3302,0.0044,0.0,-0.001,-0.09,-22.71,STOP_LOSS_HIT,0.1202
874,TRUMP_USDT,SHORT,StochasticRSI(FAST_SCALP-SHORT),2,0.2,1.65,1.655,1.647,1.655,2026-07-07 08:14:59 UTC,2026-07-07 08:19:48 UTC,288.69,0.33,0.0044,0.0,-0.001,-0.09,-22.73,STOP_LOSS_HIT,0.1192
875,TRUMP_USDT,SHORT,StochasticRSI(FAST_SCALP-SHORT),2,0.2,1.655,1.652,1.652,1.66,2026-07-07 08:23:59 UTC,2026-07-07 08:28:06 UTC,246.72,0.331,0.0044,0.0,0.0006,0.06,13.6,MIN_PROFIT_TP_HIT,0.1198
876,TRUMP_USDT,LONG,StochasticRSI(FAST_SCALP-LONG),2,0.2,1.653,1.656,1.656,1.648,2026-07-07 08:34:59 UTC,2026-07-07 08:37:48 UTC,168.27,0.3306,0.0044,0.0,0.0006,0.06,13.61,MIN_PROFIT_TP_HIT,0.1204
877,TRUMP_USDT,SHORT,StochasticRSI(FAST_SCALP-SHORT),2,0.2,1.656,1.661,1.653,1.661,2026-07-07 08:44:59 UTC,2026-07-07 09:05:01 UTC,1201.99,0.3312,0.0044,0.0,-0.001,-0.09,-22.64,STOP_LOSS_HIT,0.1194
878,TRUMP_USDT,SHORT,StochasticRSI(FAST_SCALP-SHORT),2,0.2,1.662,1.659,1.659,1.667,2026-07-07 09:10:59 UTC,2026-07-07 09:13:00 UTC,120.95,0.3324,0.0044,0.0,0.0006,0.06,13.54,MIN_PROFIT_TP_HIT,0.12
879,TRUMP_USDT,LONG,StochasticRSI(FAST_SCALP-LONG),2,0.2,1.662,1.665,1.665,1.657,2026-07-07 09:16:59 UTC,2026-07-07 09:45:15 UTC,1695.49,0.3324,0.0044,0.0,0.0006,0.06,13.54,MIN_PROFIT_TP_HIT,0.1206
880,TRUMP_USDT,SHORT,StochasticRSI(FAST_SCALP-SHORT),2,0.2,1.663,1.66,1.66,1.668,2026-07-07 09:55:59 UTC,2026-07-07 10:00:10 UTC,250.38,0.3326,0.0044,0.0,0.0006,0.06,13.53,MIN_PROFIT_TP_HIT,0.1212
881,TRUMP_USDT,SHORT,StochasticRSI(FAST_SCALP-SHORT),2,0.2,1.666,1.663,1.663,1.671,2026-07-07 10:07:59 UTC,2026-07-07 10:12:07 UTC,247.5,0.3332,0.0044,0.0,0.0006,0.06,13.51,MIN_PROFIT_TP_HIT,0.1218
882,TRUMP_USDT,LONG,StochasticRSI(FAST_SCALP-LONG),2,0.2,1.665,1.66,1.668,1.66,2026-07-07 10:25:59 UTC,2026-07-07 10:55:36 UTC,1776.79,0.333,0.0044,0.0,-0.001,-0.09,-22.52,STOP_LOSS_HIT,0.1208
883,TRUMP_USDT,LONG,StochasticRSI(FAST_SCALP-LONG),2,0.2,1.664,1.659,1.667,1.659,2026-07-07 10:59:59 UTC,2026-07-07 11:02:37 UTC,157.32,0.3328,0.0044,0.0,-0.001,-0.09,-22.54,STOP_LOSS_HIT,0.1198
884,TRUMP_USDT,LONG,StochasticRSI(FAST_SCALP-LONG),2,0.2,1.659,1.662,1.662,1.654,2026-07-07 11:12:59 UTC,2026-07-07 11:18:01 UTC,301.74,0.3318,0.0044,0.0,0.0006,0.06,13.56,MIN_PROFIT_TP_HIT,0.1204
885,TRUMP_USDT,LONG,StochasticRSI(FAST_SCALP-LONG),2,0.2,1.659,1.662,1.662,1.654,2026-07-07 11:32:59 UTC,2026-07-07 11:44:48 UTC,708.01,0.3318,0.0044,0.0,0.0006,0.06,13.56,MIN_PROFIT_TP_HIT,0.121
886,TRUMP_USDT,SHORT,StochasticRSI(FAST_SCALP-SHORT),2,0.2,1.661,1.666,1.658,1.666,2026-07-07 11:48:59 UTC,2026-07-07 11:58:00 UTC,540.36,0.3322,0.0044,0.0,-0.001,-0.09,-22.58,STOP_LOSS_HIT,0.12
887,TRUMP_USDT,SHORT,StochasticRSI(FAST_SCALP-SHORT),2,0.2,1.667,1.672,1.664,1.672,2026-07-07 12:02:59 UTC,2026-07-07 12:06:54 UTC,234.31,0.3334,0.0044,0.0,-0.001,-0.09,-22.5,STOP_LOSS_HIT,0.119
888,TRUMP_USDT,SHORT,StochasticRSI(FAST_SCALP-SHORT),2,0.2,1.671,1.668,1.668,1.676,2026-07-07 12:09:59 UTC,2026-07-07 12:10:22 UTC,22.35,0.3342,0.0045,0.0,0.0006,0.06,13.46,MIN_PROFIT_TP_HIT,0.1196
889,TRUMP_USDT,LONG,StochasticRSI(FAST_SCALP-LONG),2,0.2,1.671,1.666,1.674,1.666,2026-07-07 12:15:59 UTC,2026-07-07 12:21:06 UTC,306.27,0.3342,0.0045,0.0,-0.001,-0.09,-22.44,STOP_LOSS_HIT,0.1186
890,TRUMP_USDT,LONG,StochasticRSI(FAST_SCALP-LONG),2,0.2,1.669,1.664,1.672,1.664,2026-07-07 12:24:59 UTC,2026-07-07 12:32:13 UTC,433.87,0.3338,0.0045,0.0,-0.001,-0.09,-22.47,STOP_LOSS_HIT,0.1176
891,TRUMP_USDT,LONG,StochasticRSI(FAST_SCALP-LONG),2,0.2,1.661,1.664,1.664,1.656,2026-07-07 12:39:59 UTC,2026-07-07 12:44:23 UTC,263.06,0.3322,0.0044,0.0,0.0006,0.06,13.55,MIN_PROFIT_TP_HIT,0.1182
892,TRUMP_USDT,SHORT,StochasticRSI(FAST_SCALP-SHORT),2,0.2,1.661,1.658,1.658,1.666,2026-07-07 12:46:59 UTC,2026-07-07 13:00:15 UTC,795.37,0.3322,0.0044,0.0,0.0006,0.06,13.55,MIN_PROFIT_TP_HIT,0.1188
893,TRUMP_USDT,LONG,StochasticRSI(FAST_SCALP-LONG),2,0.2,1.654,1.649,1.657,1.649,2026-07-07 13:07:59 UTC,2026-07-07 13:20:03 UTC,723.31,0.3308,0.0044,0.0,-0.001,-0.09,-22.67,STOP_LOSS_HIT,0.1178
894,TRUMP_USDT,LONG,StochasticRSI(FAST_SCALP-LONG),2,0.2,1.649,1.644,1.652,1.644,2026-07-07 13:23:59 UTC,2026-07-07 13:25:16 UTC,76.08,0.3298,0.0044,0.0,-0.001,-0.09,-22.74,STOP_LOSS_HIT,0.1168
895,TRUMP_USDT,LONG,StochasticRSI(FAST_SCALP-LONG),2,0.2,1.647,1.65,1.65,1.642,2026-07-07 13:30:59 UTC,2026-07-07 13:32:24 UTC,84.93,0.3294,0.0044,0.0,0.0006,0.06,13.66,MIN_PROFIT_TP_HIT,0.1174
896,TRUMP_USDT,SHORT,StochasticRSI(FAST_SCALP-SHORT),2,0.2,1.648,1.645,1.645,1.653,2026-07-07 13:34:59 UTC,2026-07-07 13:35:17 UTC,17.08,0.3296,0.0044,0.0,0.0006,0.06,13.65,MIN_PROFIT_TP_HIT,0.118
897,TRUMP_USDT,SHORT,StochasticRSI(FAST_SCALP-SHORT),2,0.2,1.658,1.655,1.655,1.663,2026-07-07 13:48:59 UTC,2026-07-07 13:51:10 UTC,130.57,0.3316,0.0044,0.0,0.0006,0.06,13.57,MIN_PROFIT_TP_HIT,0.1186
898,TRUMP_USDT,LONG,StochasticRSI(FAST_SCALP-LONG),2,0.2,1.647,1.65,1.65,1.642,2026-07-07 13:58:59 UTC,2026-07-07 13:59:23 UTC,23.36,0.3294,0.0044,0.0,0.0006,0.06,13.66,MIN_PROFIT_TP_HIT,0.1192
899,TRUMP_USDT,SHORT,StochasticRSI(FAST_SCALP-SHORT),2,0.2,1.653,1.65,1.65,1.658,2026-07-07 14:09:59 UTC,2026-07-07 14:10:33 UTC,33.84,0.3306,0.0044,0.0,0.0006,0.06,13.61,MIN_PROFIT_TP_HIT,0.1198
900,TRUMP_USDT,LONG,StochasticRSI(FAST_SCALP-LONG),2,0.2,1.646,1.649,1.649,1.641,2026-07-07 14:14:59 UTC,2026-07-07 14:16:03 UTC,63.76,0.3292,0.0044,0.0,0.0006,0.06,13.67,MIN_PROFIT_TP_HIT,0.1204
901,TRUMP_USDT,LONG,StochasticRSI(FAST_SCALP-LONG),2,0.2,1.649,1.644,1.652,1.644,2026-07-07 14:18:59 UTC,2026-07-07 14:23:15 UTC,255.43,0.3298,0.0044,0.0,-0.001,-0.09,-22.74,STOP_LOSS_HIT,0.1194
902,TRUMP_USDT,LONG,StochasticRSI(FAST_SCALP-LONG),2,0.2,1.65,1.653,1.653,1.645,2026-07-07 14:28:59 UTC,2026-07-07 14:29:24 UTC,24.01,0.33,0.0044,0.0,0.0006,0.06,13.64,MIN_PROFIT_TP_HIT,0.12
903,TRUMP_USDT,SHORT,StochasticRSI(FAST_SCALP-SHORT),2,0.2,1.654,1.651,1.651,1.659,2026-07-07 14:32:59 UTC,2026-07-07 14:35:20 UTC,140.71,0.3308,0.0044,0.0,0.0006,0.06,13.6,MIN_PROFIT_TP_HIT,0.1206
904,TRUMP_USDT,LONG,StochasticRSI(FAST_SCALP-LONG),2,0.2,1.644,1.647,1.647,1.639,2026-07-07 14:40:59 UTC,2026-07-07 14:43:30 UTC,150.24,0.3288,0.0044,0.0,0.0006,0.06,13.69,MIN_PROFIT_TP_HIT,0.1212
905,TRUMP_USDT,SHORT,StochasticRSI(FAST_SCALP-SHORT),2,0.2,1.669,1.666,1.666,1.674,2026-07-07 14:56:59 UTC,2026-07-07 14:57:16 UTC,16.85,0.3338,0.0045,0.0,0.0006,0.06,13.48,MIN_PROFIT_TP_HIT,0.1218
906,TRUMP_USDT,SHORT,StochasticRSI(FAST_SCALP-SHORT),2,0.2,1.668,1.665,1.665,1.673,2026-07-07 14:59:59 UTC,2026-07-07 15:03:24 UTC,204.44,0.3336,0.0044,0.0,0.0006,0.06,13.49,MIN_PROFIT_TP_HIT,0.1224
907,TRUMP_USDT,LONG,StochasticRSI(FAST_SCALP-LONG),2,0.2,1.672,1.675,1.675,1.667,2026-07-07 15:07:59 UTC,2026-07-07 15:10:07 UTC,127.87,0.3344,0.0045,0.0,0.0006,0.06,13.46,MIN_PROFIT_TP_HIT,0.123
908,TRUMP_USDT,SHORT,StochasticRSI(FAST_SCALP-SHORT),2,0.2,1.676,1.673,1.673,1.681,2026-07-07 15:14:59 UTC,2026-07-07 15:17:45 UTC,165.05,0.3352,0.0045,0.0,0.0006,0.06,13.42,MIN_PROFIT_TP_HIT,0.1236
909,TRUMP_USDT,LONG,StochasticRSI(FAST_SCALP-LONG),2,0.2,1.675,1.678,1.678,1.67,2026-07-07 15:23:59 UTC,2026-07-07 15:28:08 UTC,248.99,0.335,0.0045,0.0,0.0006,0.06,13.43,MIN_PROFIT_TP_HIT,0.1242
910,TRUMP_USDT,SHORT,StochasticRSI(FAST_SCALP-SHORT),2,0.2,1.677,1.674,1.674,1.682,2026-07-07 15:31:59 UTC,2026-07-07 15:35:00 UTC,180.32,0.3354,0.0045,0.0,0.0006,0.06,13.42,MIN_PROFIT_TP_HIT,0.1248
911,TRUMP_USDT,LONG,StochasticRSI(FAST_SCALP-LONG),2,0.2,1.678,1.681,1.681,1.673,2026-07-07 15:44:59 UTC,2026-07-07 15:45:06 UTC,6.85,0.3356,0.0045,0.0,0.0006,0.06,13.41,MIN_PROFIT_TP_HIT,0.1254
912,TRUMP_USDT,SHORT,StochasticRSI(FAST_SCALP-SHORT),2,0.2,1.685,1.69,1.682,1.69,2026-07-07 15:50:59 UTC,2026-07-07 15:53:43 UTC,163.56,0.337,0.0045,0.0,-0.001,-0.09,-22.26,STOP_LOSS_HIT,0.1244
913,TRUMP_USDT,LONG,StochasticRSI(FAST_SCALP-LONG),2,0.2,1.688,1.683,1.691,1.683,2026-07-07 15:59:59 UTC,2026-07-07 16:01:10 UTC,70.53,0.3376,0.0045,0.0,-0.001,-0.09,-22.22,STOP_LOSS_HIT,0.1234
914,TRUMP_USDT,LONG,StochasticRSI(FAST_SCALP-LONG),2,0.2,1.682,1.677,1.685,1.677,2026-07-07 16:05:59 UTC,2026-07-07 16:07:30 UTC,90.72,0.3364,0.0045,0.0,-0.001,-0.09,-22.29,STOP_LOSS_HIT,0.1224
915,TRUMP_USDT,LONG,StochasticRSI(FAST_SCALP-LONG),2,0.2,1.677,1.68,1.68,1.672,2026-07-07 16:11:59 UTC,2026-07-07 16:14:54 UTC,174.55,0.3354,0.0045,0.0,0.0006,0.06,13.42,MIN_PROFIT_TP_HIT,0.123
916,TRUMP_USDT,SHORT,StochasticRSI(FAST_SCALP-SHORT),2,0.2,1.677,1.682,1.674,1.682,2026-07-07 16:18:59 UTC,2026-07-07 16:20:08 UTC,68.45,0.3354,0.0045,0.0,-0.001,-0.09,-22.36,STOP_LOSS_HIT,0.122
917,TRUMP_USDT,SHORT,StochasticRSI(FAST_SCALP-SHORT),2,0.2,1.686,1.683,1.683,1.691,2026-07-07 16:26:59 UTC,2026-07-07 16:33:44 UTC,404.06,0.3372,0.0045,0.0,0.0006,0.06,13.35,MIN_PROFIT_TP_HIT,0.1226
918,TRUMP_USDT,LONG,StochasticRSI(FAST_SCALP-LONG),2,0.2,1.684,1.687,1.687,1.679,2026-07-07 16:35:59 UTC,2026-07-07 16:51:36 UTC,936.63,0.3368,0.0045,0.0,0.0006,0.06,13.36,MIN_PROFIT_TP_HIT,0.1232
919,TRUMP_USDT,SHORT,StochasticRSI(FAST_SCALP-SHORT),2,0.2,1.691,1.688,1.688,1.696,2026-07-07 16:58:59 UTC,2026-07-07 17:00:03 UTC,63.92,0.3382,0.0045,0.0,0.0006,0.06,13.31,MIN_PROFIT_TP_HIT,0.1238
920,TRUMP_USDT,LONG,StochasticRSI(FAST_SCALP-LONG),2,0.2,1.688,1.683,1.691,1.683,2026-07-07 17:06:59 UTC,2026-07-07 17:11:14 UTC,254.55,0.3376,0.0045,0.0,-0.001,-0.09,-22.22,STOP_LOSS_HIT,0.1228
921,TRUMP_USDT,LONG,StochasticRSI(FAST_SCALP-LONG),2,0.2,1.68,1.683,1.683,1.675,2026-07-07 17:20:59 UTC,2026-07-07 17:21:19 UTC,19.49,0.336,0.0045,0.0,0.0006,0.06,13.39,MIN_PROFIT_TP_HIT,0.1234
922,TRUMP_USDT,SHORT,StochasticRSI(FAST_SCALP-SHORT),2,0.2,1.681,1.678,1.678,1.686,2026-07-07 17:30:59 UTC,2026-07-07 17:32:31 UTC,91.77,0.3362,0.0045,0.0,0.0006,0.06,13.38,MIN_PROFIT_TP_HIT,0.124
923,TRUMP_USDT,LONG,StochasticRSI(FAST_SCALP-LONG),2,0.2,1.682,1.677,1.685,1.677,2026-07-07 17:36:59 UTC,2026-07-07 17:40:13 UTC,193.22,0.3364,0.0045,0.0,-0.001,-0.09,-22.29,STOP_LOSS_HIT,0.123
924,TRUMP_USDT,LONG,StochasticRSI(FAST_SCALP-LONG),2,0.2,1.676,1.679,1.679,1.671,2026-07-07 17:49:59 UTC,2026-07-07 17:54:28 UTC,268.07,0.3352,0.0045,0.0,0.0006,0.06,13.42,MIN_PROFIT_TP_HIT,0.1236
925,TRUMP_USDT,SHORT,StochasticRSI(FAST_SCALP-SHORT),2,0.2,1.68,1.677,1.677,1.685,2026-07-07 17:59:59 UTC,2026-07-07 18:00:19 UTC,19.81,0.336,0.0045,0.0,0.0006,0.06,13.39,MIN_PROFIT_TP_HIT,0.1242
926,TRUMP_USDT,LONG,StochasticRSI(FAST_SCALP-LONG),2,0.2,1.67,1.673,1.673,1.665,2026-07-07 18:06:59 UTC,2026-07-07 18:12:40 UTC,340.14,0.334,0.0045,0.0,0.0006,0.06,13.47,MIN_PROFIT_TP_HIT,0.1248
927,TRUMP_USDT,SHORT,StochasticRSI(FAST_SCALP-SHORT),2,0.2,1.67,1.675,1.667,1.675,2026-07-07 18:17:59 UTC,2026-07-07 18:20:08 UTC,128.39,0.334,0.0045,0.0,-0.001,-0.09,-22.46,STOP_LOSS_HIT,0.1238
928,TRUMP_USDT,SHORT,StochasticRSI(FAST_SCALP-SHORT),2,0.2,1.673,1.67,1.67,1.678,2026-07-07 18:23:59 UTC,2026-07-07 18:24:21 UTC,21.47,0.3346,0.0045,0.0,0.0006,0.06,13.45,MIN_PROFIT_TP_HIT,0.1244
929,TRUMP_USDT,LONG,StochasticRSI(FAST_SCALP-LONG),2,0.2,1.669,1.672,1.672,1.664,2026-07-07 18:31:59 UTC,2026-07-07 18:37:25 UTC,325.2,0.3338,0.0045,0.0,0.0006,0.06,13.48,MIN_PROFIT_TP_HIT,0.125
930,TRUMP_USDT,SHORT,StochasticRSI(FAST_SCALP-SHORT),2,0.2,1.674,1.671,1.671,1.679,2026-07-07 18:39:59 UTC,2026-07-07 18:40:37 UTC,37.1,0.3348,0.0045,0.0,0.0006,0.06,13.44,MIN_PROFIT_TP_HIT,0.1256
931,TRUMP_USDT,SHORT,StochasticRSI(FAST_SCALP-SHORT),2,0.2,1.672,1.669,1.669,1.677,2026-07-07 18:41:59 UTC,2026-07-07 18:49:20 UTC,440.84,0.3344,0.0045,0.0,0.0006,0.06,13.46,MIN_PROFIT_TP_HIT,0.1262
932,TRUMP_USDT,LONG,StochasticRSI(FAST_SCALP-LONG),2,0.2,1.661,1.656,1.664,1.656,2026-07-07 18:54:59 UTC,2026-07-07 18:59:38 UTC,278.1,0.3322,0.0044,0.0,-0.001,-0.09,-22.58,STOP_LOSS_HIT,0.1252
933,TRUMP_USDT,SHORT,StochasticRSI(FAST_SCALP-SHORT),2,0.2,1.651,1.656,1.648,1.656,2026-07-07 19:07:59 UTC,2026-07-07 19:13:15 UTC,315.08,0.3302,0.0044,0.0,-0.001,-0.09,-22.71,STOP_LOSS_HIT,0.1242
934,TRUMP_USDT,SHORT,StochasticRSI(FAST_SCALP-SHORT),2,0.2,1.656,1.653,1.653,1.661,2026-07-07 19:17:59 UTC,2026-07-07 19:18:27 UTC,27.93,0.3312,0.0044,0.0,0.0006,0.06,13.59,MIN_PROFIT_TP_HIT,0.1248
935,TRUMP_USDT,LONG,StochasticRSI(FAST_SCALP-LONG),2,0.2,1.653,1.656,1.656,1.648,2026-07-07 19:24:59 UTC,2026-07-07 19:27:35 UTC,155.98,0.3306,0.0044,0.0,0.0006,0.06,13.61,MIN_PROFIT_TP_HIT,0.1254
936,TRUMP_USDT,SHORT,StochasticRSI(FAST_SCALP-SHORT),2,0.2,1.666,1.663,1.663,1.671,2026-07-07 19:36:59 UTC,2026-07-07 19:39:02 UTC,122.47,0.3332,0.0044,0.0,0.0006,0.06,13.51,MIN_PROFIT_TP_HIT,0.126
937,TRUMP_USDT,LONG,StochasticRSI(FAST_SCALP-LONG),2,0.2,1.666,1.661,1.669,1.661,2026-07-07 19:41:59 UTC,2026-07-07 19:55:27 UTC,807.2,0.3332,0.0044,0.0,-0.001,-0.09,-22.51,STOP_LOSS_HIT,0.125
938,TRUMP_USDT,LONG,StochasticRSI(FAST_SCALP-LONG),2,0.2,1.662,1.665,1.665,1.657,2026-07-07 19:57:59 UTC,2026-07-07 20:01:17 UTC,197.94,0.3324,0.0044,0.0,0.0006,0.06,13.54,MIN_PROFIT_TP_HIT,0.1256
939,TRUMP_USDT,LONG,StochasticRSI(FAST_SCALP-LONG),2,0.2,1.664,1.659,1.667,1.659,2026-07-07 20:10:59 UTC,2026-07-07 20:17:31 UTC,391.63,0.3328,0.0044,0.0,-0.001,-0.09,-22.54,STOP_LOSS_HIT,0.1246
940,TRUMP_USDT,SHORT,StochasticRSI(FAST_SCALP-SHORT),2,0.2,1.659,1.664,1.656,1.664,2026-07-07 20:18:59 UTC,2026-07-07 20:22:35 UTC,215.71,0.3318,0.0044,0.0,-0.001,-0.09,-22.6,STOP_LOSS_HIT,0.1236
941,TRUMP_USDT,SHORT,StochasticRSI(FAST_SCALP-SHORT),2,0.2,1.663,1.66,1.66,1.668,2026-07-07 20:28:59 UTC,2026-07-07 20:31:03 UTC,123.74,0.3326,0.0044,0.0,0.0006,0.06,13.53,MIN_PROFIT_TP_HIT,0.1242
942,TRUMP_USDT,LONG,StochasticRSI(FAST_SCALP-LONG),2,0.2,1.66,1.655,1.663,1.655,2026-07-07 20:37:59 UTC,2026-07-07 20:44:44 UTC,404.4,0.332,0.0044,0.0,-0.001,-0.09,-22.59,STOP_LOSS_HIT,0.1232
943,TRUMP_USDT,LONG,StochasticRSI(FAST_SCALP-LONG),2,0.2,1.652,1.647,1.655,1.647,2026-07-07 20:53:59 UTC,2026-07-07 20:54:39 UTC,39.85,0.3304,0.0044,0.0,-0.001,-0.09,-22.7,STOP_LOSS_HIT,0.1222
944,TRUMP_USDT,SHORT,StochasticRSI(FAST_SCALP-SHORT),2,0.2,1.652,1.657,1.649,1.657,2026-07-07 21:03:59 UTC,2026-07-07 21:06:09 UTC,129.55,0.3304,0.0044,0.0,-0.001,-0.09,-22.7,STOP_LOSS_HIT,0.1212
945,TRUMP_USDT,SHORT,StochasticRSI(FAST_SCALP-SHORT),2,0.2,1.657,1.662,1.654,1.662,2026-07-07 21:12:59 UTC,2026-07-07 21:13:23 UTC,23.62,0.3314,0.0044,0.0,-0.001,-0.09,-22.63,STOP_LOSS_HIT,0.1202
946,TRUMP_USDT,SHORT,StochasticRSI(FAST_SCALP-SHORT),2,0.2,1.66,1.657,1.657,1.665,2026-07-07 21:15:59 UTC,2026-07-07 21:16:22 UTC,22.88,0.332,0.0044,0.0,0.0006,0.06,13.55,MIN_PROFIT_TP_HIT,0.1208
947,TRUMP_USDT,LONG,StochasticRSI(FAST_SCALP-LONG),2,0.2,1.65,1.645,1.653,1.645,2026-07-07 21:23:59 UTC,2026-07-07 21:24:56 UTC,56.26,0.33,0.0044,0.0,-0.001,-0.09,-22.73,STOP_LOSS_HIT,0.1198
948,TRUMP_USDT,SHORT,StochasticRSI(FAST_SCALP-SHORT),2,0.2,1.649,1.646,1.646,1.654,2026-07-07 21:31:59 UTC,2026-07-07 21:38:17 UTC,377.78,0.3298,0.0044,0.0,0.0006,0.06,13.64,MIN_PROFIT_TP_HIT,0.1204
949,TRUMP_USDT,LONG,StochasticRSI(FAST_SCALP-LONG),2,0.2,1.646,1.649,1.649,1.641,2026-07-07 21:42:59 UTC,2026-07-07 21:49:09 UTC,369.38,0.3292,0.0044,0.0,0.0006,0.06,13.67,MIN_PROFIT_TP_HIT,0.121
950,TRUMP_USDT,LONG,StochasticRSI(FAST_SCALP-LONG),2,0.2,1.64,1.643,1.643,1.635,2026-07-07 21:57:59 UTC,2026-07-07 21:58:25 UTC,25.08,0.328,0.0044,0.0,0.0006,0.06,13.72,MIN_PROFIT_TP_HIT,0.1216
951,TRUMP_USDT,SHORT,StochasticRSI(FAST_SCALP-SHORT),2,0.2,1.641,1.646,1.638,1.646,2026-07-07 22:10:59 UTC,2026-07-07 22:20:32 UTC,572.37,0.3282,0.0044,0.0,-0.001,-0.09,-22.85,STOP_LOSS_HIT,0.1206
952,TRUMP_USDT,SHORT,StochasticRSI(FAST_SCALP-SHORT),2,0.2,1.641,1.646,1.638,1.646,2026-07-07 22:25:59 UTC,2026-07-07 22:41:01 UTC,901.99,0.3282,0.0044,0.0,-0.001,-0.09,-22.85,STOP_LOSS_HIT,0.1196
953,TRUMP_USDT,SHORT,StochasticRSI(FAST_SCALP-SHORT),2,0.2,1.645,1.65,1.642,1.65,2026-07-07 22:47:59 UTC,2026-07-07 23:15:13 UTC,1633.68,0.329,0.0044,0.0,-0.001,-0.09,-22.8,STOP_LOSS_HIT,0.1186
954,TRUMP_USDT,SHORT,StochasticRSI(FAST_SCALP-SHORT),2,0.2,1.651,1.648,1.648,1.656,2026-07-07 23:19:59 UTC,2026-07-07 23:21:22 UTC,82.56,0.3302,0.0044,0.0,0.0006,0.06,13.63,MIN_PROFIT_TP_HIT,0.1192
955,TRUMP_USDT,LONG,StochasticRSI(FAST_SCALP-LONG),2,0.2,1.65,1.653,1.653,1.645,2026-07-07 23:28:59 UTC,2026-07-07 23:35:59 UTC,419.81,0.33,0.0044,0.0,0.0006,0.06,13.64,MIN_PROFIT_TP_HIT,0.1198
956,TRUMP_USDT,SHORT,StochasticRSI(FAST_SCALP-SHORT),2,0.2,1.651,1.648,1.648,1.656,2026-07-07 23:37:59 UTC,2026-07-07 23:39:19 UTC,79.55,0.3302,0.0044,0.0,0.0006,0.06,13.63,MIN_PROFIT_TP_HIT,0.1204
957,TRUMP_USDT,LONG,StochasticRSI(FAST_SCALP-LONG),2,0.2,1.645,1.648,1.648,1.64,2026-07-07 23:46:59 UTC,2026-07-07 23:48:07 UTC,67.82,0.329,0.0044,0.0,0.0006,0.06,13.68,MIN_PROFIT_TP_HIT,0.121
958,TRUMP_USDT,SHORT,StochasticRSI(FAST_SCALP-SHORT),2,0.2,1.646,1.643,1.643,1.651,2026-07-07 23:51:59 UTC,2026-07-07 23:58:11 UTC,371.68,0.3292,0.0044,0.0,0.0006,0.06,13.67,MIN_PROFIT_TP_HIT,0.1216
959,TRUMP_USDT,LONG,StochasticRSI(FAST_SCALP-LONG),2,0.2,1.648,1.651,1.651,1.643,2026-07-08 00:02:59 UTC,2026-07-08 00:03:54 UTC,54.17,0.3296,0.0044,0.0,0.0006,0.06,13.65,MIN_PROFIT_TP_HIT,0.1222
960,TRUMP_USDT,SHORT,StochasticRSI(FAST_SCALP-SHORT),2,0.2,1.651,1.648,1.648,1.656,2026-07-08 00:08:59 UTC,2026-07-08 00:10:43 UTC,103.36,0.3302,0.0044,0.0,0.0006,0.06,13.63,MIN_PROFIT_TP_HIT,0.1228
961,TRUMP_USDT,LONG,StochasticRSI(FAST_SCALP-LONG),2,0.2,1.648,1.651,1.651,1.643,2026-07-08 00:14:59 UTC,2026-07-08 00:15:07 UTC,7.74,0.3296,0.0044,0.0,0.0006,0.06,13.65,MIN_PROFIT_TP_HIT,0.1234
962,TRUMP_USDT,LONG,StochasticRSI(FAST_SCALP-LONG),2,0.2,1.647,1.65,1.65,1.642,2026-07-08 00:18:59 UTC,2026-07-08 00:19:40 UTC,40.25,0.3294,0.0044,0.0,0.0006,0.06,13.66,MIN_PROFIT_TP_HIT,0.124
963,TRUMP_USDT,SHORT,StochasticRSI(FAST_SCALP-SHORT),2,0.2,1.651,1.648,1.648,1.656,2026-07-08 00:30:59 UTC,2026-07-08 00:32:09 UTC,69.54,0.3302,0.0044,0.0,0.0006,0.06,13.63,MIN_PROFIT_TP_HIT,0.1246
964,TRUMP_USDT,LONG,StochasticRSI(FAST_SCALP-LONG),2,0.2,1.65,1.653,1.653,1.645,2026-07-08 00:37:59 UTC,2026-07-08 00:40:05 UTC,125.54,0.33,0.0044,0.0,0.0006,0.06,13.64,MIN_PROFIT_TP_HIT,0.1252
965,TRUMP_USDT,SHORT,StochasticRSI(FAST_SCALP-SHORT),2,0.2,1.653,1.65,1.65,1.658,2026-07-08 00:45:59 UTC,2026-07-08 00:56:44 UTC,644.06,0.3306,0.0044,0.0,0.0006,0.06,13.61,MIN_PROFIT_TP_HIT,0.1258
966,TRUMP_USDT,LONG,StochasticRSI(FAST_SCALP-LONG),2,0.2,1.647,1.642,1.65,1.642,2026-07-08 01:02:59 UTC,2026-07-08 01:15:51 UTC,771.22,0.3294,0.0044,0.0,-0.001,-0.09,-22.77,STOP_LOSS_HIT,0.1248
967,TRUMP_USDT,LONG,StochasticRSI(FAST_SCALP-LONG),2,0.2,1.641,1.644,1.644,1.636,2026-07-08 01:22:59 UTC,2026-07-08 01:23:33 UTC,33.1,0.3282,0.0044,0.0,0.0006,0.06,13.71,MIN_PROFIT_TP_HIT,0.1254
968,TRUMP_USDT,SHORT,StochasticRSI(FAST_SCALP-SHORT),2,0.2,1.64,1.637,1.637,1.645,2026-07-08 01:30:59 UTC,2026-07-08 01:31:33 UTC,33.09,0.328,0.0044,0.0,0.0006,0.06,13.72,MIN_PROFIT_TP_HIT,0.126
969,TRUMP_USDT,LONG,StochasticRSI(FAST_SCALP-LONG),2,0.2,1.61,1.613,1.613,1.605,2026-07-08 01:39:59 UTC,2026-07-08 01:42:45 UTC,165.11,0.322,0.0043,0.0,0.0006,0.06,13.98,MIN_PROFIT_TP_HIT,0.1266
970,TRUMP_USDT,SHORT,StochasticRSI(FAST_SCALP-SHORT),2,0.2,1.617,1.614,1.614,1.622,2026-07-08 01:47:59 UTC,2026-07-08 01:50:02 UTC,122.94,0.3234,0.0043,0.0,0.0006,0.06,13.91,MIN_PROFIT_TP_HIT,0.1272
971,TRUMP_USDT,LONG,StochasticRSI(FAST_SCALP-LONG),2,0.2,1.612,1.607,1.615,1.607,2026-07-08 01:58:59 UTC,2026-07-08 02:00:09 UTC,69.46,0.3224,0.0043,0.0,-0.001,-0.09,-23.26,STOP_LOSS_HIT,0.1262
972,TRUMP_USDT,LONG,StochasticRSI(FAST_SCALP-LONG),2,0.2,1.602,1.605,1.605,1.597,2026-07-08 02:04:59 UTC,2026-07-08 02:13:32 UTC,512.45,0.3204,0.0043,0.0,0.0006,0.06,14.04,MIN_PROFIT_TP_HIT,0.1268
973,TRUMP_USDT,SHORT,StochasticRSI(FAST_SCALP-SHORT),2,0.2,1.6,1.597,1.597,1.605,2026-07-08 02:15:59 UTC,2026-07-08 02:16:48 UTC,48.1,0.32,0.0043,0.0,0.0006,0.06,14.06,MIN_PROFIT_TP_HIT,0.1274
974,TRUMP_USDT,SHORT,StochasticRSI(FAST_SCALP-SHORT),2,0.2,1.597,1.602,1.594,1.602,2026-07-08 02:21:59 UTC,2026-07-08 02:25:14 UTC,194.14,0.3194,0.0043,0.0,-0.001,-0.09,-23.48,STOP_LOSS_HIT,0.1264
975,TRUMP_USDT,SHORT,StochasticRSI(FAST_SCALP-SHORT),2,0.2,1.605,1.602,1.602,1.61,2026-07-08 02:31:59 UTC,2026-07-08 02:32:33 UTC,33.85,0.321,0.0043,0.0,0.0006,0.06,14.02,MIN_PROFIT_TP_HIT,0.127
976,TRUMP_USDT,LONG,StochasticRSI(FAST_SCALP-LONG),2,0.2,1.606,1.609,1.609,1.601,2026-07-08 02:37:59 UTC,2026-07-08 02:40:03 UTC,123.65,0.3212,0.0043,0.0,0.0006,0.06,14.01,MIN_PROFIT_TP_HIT,0.1276
977,TRUMP_USDT,SHORT,StochasticRSI(FAST_SCALP-SHORT),2,0.2,1.614,1.611,1.611,1.619,2026-07-08 02:44:59 UTC,2026-07-08 02:53:22 UTC,502.11,0.3228,0.0043,0.0,0.0006,0.06,13.94,MIN_PROFIT_TP_HIT,0.1282
978,TRUMP_USDT,LONG,StochasticRSI(FAST_SCALP-LONG),2,0.2,1.613,1.616,1.616,1.608,2026-07-08 02:56:59 UTC,2026-07-08 03:00:11 UTC,191.44,0.3226,0.0043,0.0,0.0006,0.06,13.95,MIN_PROFIT_TP_HIT,0.1288
979,TRUMP_USDT,SHORT,StochasticRSI(FAST_SCALP-SHORT),2,0.2,1.619,1.616,1.616,1.624,2026-07-08 03:05:59 UTC,2026-07-08 03:33:41 UTC,1661.86,0.3238,0.0043,0.0,0.0006,0.06,13.9,MIN_PROFIT_TP_HIT,0.1294
980,TRUMP_USDT,LONG,StochasticRSI(FAST_SCALP-LONG),2,0.2,1.617,1.612,1.62,1.612,2026-07-08 03:39:59 UTC,2026-07-08 03:45:24 UTC,324.5,0.3234,0.0043,0.0,-0.001,-0.09,-23.19,STOP_LOSS_HIT,0.1284
981,TRUMP_USDT,SHORT,StochasticRSI(FAST_SCALP-SHORT),2,0.2,1.614,1.611,1.611,1.619,2026-07-08 03:50:59 UTC,2026-07-08 03:53:41 UTC,161.86,0.3228,0.0043,0.0,0.0006,0.06,13.94,MIN_PROFIT_TP_HIT,0.129
982,TRUMP_USDT,LONG,StochasticRSI(FAST_SCALP-LONG),2,0.2,1.611,1.606,1.614,1.606,2026-07-08 03:57:59 UTC,2026-07-08 04:00:45 UTC,165.42,0.3222,0.0043,0.0,-0.001,-0.09,-23.28,STOP_LOSS_HIT,0.128
983,TRUMP_USDT,LONG,StochasticRSI(FAST_SCALP-LONG),2,0.2,1.607,1.61,1.61,1.602,2026-07-08 04:04:59 UTC,2026-07-08 04:09:07 UTC,247.78,0.3214,0.0043,0.0,0.0006,0.06,14.0,MIN_PROFIT_TP_HIT,0.1286
984,TRUMP_USDT,SHORT,StochasticRSI(FAST_SCALP-SHORT),2,0.2,1.611,1.616,1.608,1.616,2026-07-08 04:11:59 UTC,2026-07-08 04:24:53 UTC,773.61,0.3222,0.0043,0.0,-0.001,-0.09,-23.28,STOP_LOSS_HIT,0.1276
985,TRUMP_USDT,SHORT,StochasticRSI(FAST_SCALP-SHORT),2,0.2,1.615,1.612,1.612,1.62,2026-07-08 04:28:59 UTC,2026-07-08 04:33:03 UTC,243.98,0.323,0.0043,0.0,0.0006,0.06,13.93,MIN_PROFIT_TP_HIT,0.1282
986,TRUMP_USDT,LONG,StochasticRSI(FAST_SCALP-LONG),2,0.2,1.612,1.607,1.615,1.607,2026-07-08 04:36:59 UTC,2026-07-08 04:50:41 UTC,821.12,0.3224,0.0043,0.0,-0.001,-0.09,-23.26,STOP_LOSS_HIT,0.1272
987,TRUMP_USDT,SHORT,StochasticRSI(FAST_SCALP-SHORT),2,0.2,1.612,1.617,1.609,1.617,2026-07-08 04:56:59 UTC,2026-07-08 05:06:09 UTC,549.74,0.3224,0.0043,0.0,-0.001,-0.09,-23.26,STOP_LOSS_HIT,0.1262
988,TRUMP_USDT,SHORT,StochasticRSI(FAST_SCALP-SHORT),2,0.2,1.62,1.617,1.617,1.625,2026-07-08 05:12:59 UTC,2026-07-08 05:22:18 UTC,558.76,0.324,0.0043,0.0,0.0006,0.06,13.89,MIN_PROFIT_TP_HIT,0.1268
989,TRUMP_USDT,LONG,StochasticRSI(FAST_SCALP-LONG),2,0.2,1.615,1.61,1.618,1.61,2026-07-08 05:26:59 UTC,2026-07-08 05:42:12 UTC,912.39,0.323,0.0043,0.0,-0.001,-0.09,-23.22,STOP_LOSS_HIT,0.1258
990,TRUMP_USDT,LONG,StochasticRSI(FAST_SCALP-LONG),2,0.2,1.606,1.609,1.609,1.601,2026-07-08 05:50:59 UTC,2026-07-08 06:02:59 UTC,719.26,0.3212,0.0043,0.0,0.0006,0.06,14.01,MIN_PROFIT_TP_HIT,0.1264
991,TRUMP_USDT,SHORT,StochasticRSI(FAST_SCALP-SHORT),2,0.2,1.608,1.605,1.605,1.613,2026-07-08 06:06:59 UTC,2026-07-08 06:10:51 UTC,231.89,0.3216,0.0043,0.0,0.0006,0.06,13.99,MIN_PROFIT_TP_HIT,0.127
992,TRUMP_USDT,LONG,StochasticRSI(FAST_SCALP-LONG),2,0.2,1.604,1.607,1.607,1.599,2026-07-08 06:15:59 UTC,2026-07-08 06:17:38 UTC,98.02,0.3208,0.0043,0.0,0.0006,0.06,14.03,MIN_PROFIT_TP_HIT,0.1276
993,TRUMP_USDT,LONG,StochasticRSI(FAST_SCALP-LONG),2,0.2,1.598,1.593,1.601,1.593,2026-07-08 06:59:59 UTC,2026-07-08 07:00:20 UTC,20.98,0.3196,0.0043,0.0,-0.001,-0.09,-23.47,STOP_LOSS_HIT,0.1266
994,TRUMP_USDT,SHORT,StochasticRSI(FAST_SCALP-SHORT),2,0.2,1.6,1.605,1.597,1.605,2026-07-08 07:16:59 UTC,2026-07-08 07:27:11 UTC,611.64,0.32,0.0043,0.0,-0.001,-0.09,-23.44,STOP_LOSS_HIT,0.1256
995,TRUMP_USDT,SHORT,StochasticRSI(FAST_SCALP-SHORT),2,0.2,1.604,1.601,1.601,1.609,2026-07-08 07:33:59 UTC,2026-07-08 07:38:18 UTC,258.79,0.3208,0.0043,0.0,0.0006,0.06,14.03,MIN_PROFIT_TP_HIT,0.1262
996,TRUMP_USDT,LONG,StochasticRSI(FAST_SCALP-LONG),2,0.2,1.601,1.604,1.604,1.596,2026-07-08 07:41:59 UTC,2026-07-08 07:44:57 UTC,177.09,0.3202,0.0043,0.0,0.0006,0.06,14.05,MIN_PROFIT_TP_HIT,0.1268
997,TRUMP_USDT,SHORT,StochasticRSI(FAST_SCALP-SHORT),2,0.2,1.601,1.598,1.598,1.606,2026-07-08 07:46:59 UTC,2026-07-08 07:50:27 UTC,207.55,0.3202,0.0043,0.0,0.0006,0.06,14.05,MIN_PROFIT_TP_HIT,0.1274
998,TRUMP_USDT,LONG,StochasticRSI(FAST_SCALP-LONG),2,0.2,1.599,1.602,1.602,1.594,2026-07-08 07:53:59 UTC,2026-07-08 08:03:23 UTC,563.22,0.3198,0.0043,0.0,0.0006,0.06,14.07,MIN_PROFIT_TP_HIT,0.128
999,TRUMP_USDT,SHORT,StochasticRSI(FAST_SCALP-SHORT),2,0.2,1.598,1.603,1.595,1.603,2026-07-08 08:07:59 UTC,2026-07-08 08:09:00 UTC,60.3,0.3196,0.0043,0.0,-0.001,-0.09,-23.47,STOP_LOSS_HIT,0.127
1000,TRUMP_USDT,SHORT,StochasticRSI(FAST_SCALP-SHORT),2,0.2,1.604,1.601,1.601,1.609,2026-07-08 08:13:59 UTC,2026-07-08 08:15:25 UTC,85.72,0.3208,0.0043,0.0,0.0006,0.06,14.03,MIN_PROFIT_TP_HIT,0.1276
1001,TRUMP_USDT,LONG,StochasticRSI(FAST_SCALP-LONG),2,0.2,1.58,1.575,1.583,1.575,2026-07-08 08:21:59 UTC,2026-07-08 08:22:23 UTC,23.05,0.316,0.0042,0.0,-0.001,-0.09,-23.73,STOP_LOSS_HIT,0.1266
1002,TRUMP_USDT,LONG,StochasticRSI(FAST_SCALP-LONG),2,0.2,1.577,1.572,1.58,1.572,2026-07-08 08:25:59 UTC,2026-07-08 08:27:15 UTC,75.28,0.3154,0.0042,0.0,-0.001,-0.09,-23.78,STOP_LOSS_HIT,0.1256
1003,TRUMP_USDT,SHORT,StochasticRSI(FAST_SCALP-SHORT),2,0.2,1.574,1.571,1.571,1.579,2026-07-08 08:29:59 UTC,2026-07-08 08:30:04 UTC,4.74,0.3148,0.0042,0.0,0.0006,0.06,14.29,MIN_PROFIT_TP_HIT,0.1262
1004,TRUMP_USDT,SHORT,StochasticRSI(FAST_SCALP-SHORT),2,0.2,1.575,1.572,1.572,1.58,2026-07-08 08:31:59 UTC,2026-07-08 08:32:37 UTC,37.98,0.315,0.0042,0.0,0.0006,0.06,14.29,MIN_PROFIT_TP_HIT,0.1268
1005,TRUMP_USDT,SHORT,StochasticRSI(FAST_SCALP-SHORT),2,0.2,1.573,1.57,1.57,1.578,2026-07-08 08:36:59 UTC,2026-07-08 08:38:34 UTC,94.17,0.3146,0.0042,0.0,0.0006,0.06,14.3,MIN_PROFIT_TP_HIT,0.1274
1006,TRUMP_USDT,LONG,StochasticRSI(FAST_SCALP-LONG),2,0.2,1.575,1.578,1.578,1.57,2026-07-08 08:44:59 UTC,2026-07-08 08:45:13 UTC,13.25,0.315,0.0042,0.0,0.0006,0.06,14.29,MIN_PROFIT_TP_HIT,0.128
1007,TRUMP_USDT,SHORT,StochasticRSI(FAST_SCALP-SHORT),2,0.2,1.584,1.581,1.581,1.589,2026-07-08 08:49:59 UTC,2026-07-08 08:51:00 UTC,60.28,0.3168,0.0042,0.0,0.0006,0.06,14.2,MIN_PROFIT_TP_HIT,0.1286
1008,TRUMP_USDT,LONG,StochasticRSI(FAST_SCALP-LONG),2,0.2,1.576,1.571,1.579,1.571,2026-07-08 08:57:59 UTC,2026-07-08 09:00:13 UTC,133.33,0.3152,0.0042,0.0,-0.001,-0.09,-23.79,STOP_LOSS_HIT,0.1276
1009,TRUMP_USDT,LONG,StochasticRSI(FAST_SCALP-LONG),2,0.2,1.573,1.568,1.576,1.568,2026-07-08 09:10:59 UTC,2026-07-08 09:17:38 UTC,398.72,0.3146,0.0042,0.0,-0.001,-0.09,-23.84,STOP_LOSS_HIT,0.1266
1010,TRUMP_USDT,LONG,StochasticRSI(FAST_SCALP-LONG),2,0.2,1.571,1.574,1.574,1.566,2026-07-08 09:20:59 UTC,2026-07-08 09:27:45 UTC,405.55,0.3142,0.0042,0.0,0.0006,0.06,14.32,MIN_PROFIT_TP_HIT,0.1272
1011,TRUMP_USDT,SHORT,StochasticRSI(FAST_SCALP-SHORT),2,0.2,1.575,1.572,1.572,1.58,2026-07-08 09:38:59 UTC,2026-07-08 09:55:33 UTC,993.99,0.315,0.0042,0.0,0.0006,0.06,14.29,MIN_PROFIT_TP_HIT,0.1278
1012,TRUMP_USDT,LONG,StochasticRSI(FAST_SCALP-LONG),2,0.2,1.575,1.57,1.578,1.57,2026-07-08 10:00:59 UTC,2026-07-08 10:12:10 UTC,670.09,0.315,0.0042,0.0,-0.001,-0.09,-23.81,STOP_LOSS_HIT,0.1268
1013,TRUMP_USDT,LONG,StochasticRSI(FAST_SCALP-LONG),2,0.2,1.573,1.576,1.576,1.568,2026-07-08 10:15:59 UTC,2026-07-08 10:16:45 UTC,45.49,0.3146,0.0042,0.0,0.0006,0.06,14.3,MIN_PROFIT_TP_HIT,0.1274
1014,TRUMP_USDT,SHORT,StochasticRSI(FAST_SCALP-SHORT),2,0.2,1.575,1.58,1.572,1.58,2026-07-08 10:22:59 UTC,2026-07-08 10:28:46 UTC,346.61,0.315,0.0042,0.0,-0.001,-0.09,-23.81,STOP_LOSS_HIT,0.1264
1015,TRUMP_USDT,LONG,StochasticRSI(FAST_SCALP-LONG),2,0.2,1.58,1.583,1.583,1.575,2026-07-08 10:42:59 UTC,2026-07-08 10:44:18 UTC,78.34,0.316,0.0042,0.0,0.0006,0.06,14.24,MIN_PROFIT_TP_HIT,0.127
1016,TRUMP_USDT,SHORT,StochasticRSI(FAST_SCALP-SHORT),2,0.2,1.578,1.575,1.575,1.583,2026-07-08 10:48:59 UTC,2026-07-08 10:55:07 UTC,367.55,0.3156,0.0042,0.0,0.0006,0.06,14.26,MIN_PROFIT_TP_HIT,0.1276
1017,TRUMP_USDT,LONG,StochasticRSI(FAST_SCALP-LONG),2,0.2,1.574,1.577,1.577,1.569,2026-07-08 11:02:59 UTC,2026-07-08 11:04:22 UTC,82.96,0.3148,0.0042,0.0,0.0006,0.06,14.29,MIN_PROFIT_TP_HIT,0.1282
1018,TRUMP_USDT,SHORT,StochasticRSI(FAST_SCALP-SHORT),2,0.2,1.579,1.576,1.576,1.584,2026-07-08 11:09:59 UTC,2026-07-08 11:11:10 UTC,70.8,0.3158,0.0042,0.0,0.0006,0.06,14.25,MIN_PROFIT_TP_HIT,0.1288
1019,TRUMP_USDT,LONG,StochasticRSI(FAST_SCALP-LONG),2,0.2,1.578,1.581,1.581,1.573,2026-07-08 11:17:59 UTC,2026-07-08 11:21:11 UTC,191.09,0.3156,0.0042,0.0,0.0006,0.06,14.26,MIN_PROFIT_TP_HIT,0.1294
1020,TRUMP_USDT,SHORT,StochasticRSI(FAST_SCALP-SHORT),2,0.2,1.584,1.589,1.581,1.589,2026-07-08 11:29:59 UTC,2026-07-08 11:36:19 UTC,379.06,0.3168,0.0042,0.0,-0.001,-0.09,-23.67,STOP_LOSS_HIT,0.1284
1021,TRUMP_USDT,LONG,StochasticRSI(FAST_SCALP-LONG),2,0.2,1.586,1.589,1.589,1.581,2026-07-08 11:42:59 UTC,2026-07-08 11:43:35 UTC,35.37,0.3172,0.0042,0.0,0.0006,0.06,14.19,MIN_PROFIT_TP_HIT,0.129
1022,TRUMP_USDT,LONG,StochasticRSI(FAST_SCALP-LONG),2,0.2,1.594,1.597,1.597,1.589,2026-07-08 12:02:59 UTC,2026-07-08 12:03:28 UTC,28.06,0.3188,0.0043,0.0,0.0006,0.06,14.12,MIN_PROFIT_TP_HIT,0.1296
1023,TRUMP_USDT,SHORT,StochasticRSI(FAST_SCALP-SHORT),2,0.2,1.6,1.597,1.597,1.605,2026-07-08 12:08:59 UTC,2026-07-08 12:16:37 UTC,457.51,0.32,0.0043,0.0,0.0006,0.06,14.06,MIN_PROFIT_TP_HIT,0.1302
1024,TRUMP_USDT,LONG,StochasticRSI(FAST_SCALP-LONG),2,0.2,1.601,1.604,1.604,1.596,2026-07-08 12:21:59 UTC,2026-07-08 12:26:21 UTC,261.36,0.3202,0.0043,0.0,0.0006,0.06,14.05,MIN_PROFIT_TP_HIT,0.1308
1025,TRUMP_USDT,SHORT,StochasticRSI(FAST_SCALP-SHORT),2,0.2,1.603,1.6,1.6,1.608,2026-07-08 12:29:59 UTC,2026-07-08 12:30:17 UTC,17.7,0.3206,0.0043,0.0,0.0006,0.06,14.04,MIN_PROFIT_TP_HIT,0.1314
1026,TRUMP_USDT,LONG,StochasticRSI(FAST_SCALP-LONG),2,0.2,1.601,1.596,1.604,1.596,2026-07-08 12:37:59 UTC,2026-07-08 12:56:26 UTC,1106.65,0.3202,0.0043,0.0,-0.001,-0.09,-23.42,STOP_LOSS_HIT,0.1304
1027,TRUMP_USDT,SHORT,StochasticRSI(FAST_SCALP-SHORT),2,0.2,1.596,1.593,1.593,1.601,2026-07-08 13:00:59 UTC,2026-07-08 13:06:00 UTC,300.89,0.3192,0.0043,0.0,0.0006,0.06,14.1,MIN_PROFIT_TP_HIT,0.131
1028,TRUMP_USDT,LONG,StochasticRSI(FAST_SCALP-LONG),2,0.2,1.596,1.599,1.599,1.591,2026-07-08 13:09:59 UTC,2026-07-08 13:12:52 UTC,172.24,0.3192,0.0043,0.0,0.0006,0.06,14.1,MIN_PROFIT_TP_HIT,0.1316
1029,TRUMP_USDT,SHORT,StochasticRSI(FAST_SCALP-SHORT),2,0.2,1.598,1.603,1.595,1.603,2026-07-08 13:15:59 UTC,2026-07-08 13:17:16 UTC,76.24,0.3196,0.0043,0.0,-0.001,-0.09,-23.47,STOP_LOSS_HIT,0.1306
1030,TRUMP_USDT,LONG,StochasticRSI(FAST_SCALP-LONG),2,0.2,1.598,1.601,1.601,1.593,2026-07-08 13:25:59 UTC,2026-07-08 13:30:01 UTC,241.17,0.3196,0.0043,0.0,0.0006,0.06,14.08,MIN_PROFIT_TP_HIT,0.1312
1031,TRUMP_USDT,SHORT,StochasticRSI(FAST_SCALP-SHORT),2,0.2,1.613,1.618,1.61,1.618,2026-07-08 13:39:59 UTC,2026-07-08 13:48:53 UTC,533.32,0.3226,0.0043,0.0,-0.001,-0.09,-23.25,STOP_LOSS_HIT,0.1302
1032,TRUMP_USDT,LONG,StochasticRSI(FAST_SCALP-LONG),2,0.2,1.611,1.614,1.614,1.606,2026-07-08 13:55:59 UTC,2026-07-08 13:57:25 UTC,85.94,0.3222,0.0043,0.0,0.0006,0.06,13.97,MIN_PROFIT_TP_HIT,0.1308
1033,TRUMP_USDT,LONG,StochasticRSI(FAST_SCALP-LONG),2,0.2,1.615,1.618,1.618,1.61,2026-07-08 13:58:59 UTC,2026-07-08 14:00:21 UTC,81.49,0.323,0.0043,0.0,0.0006,0.06,13.93,MIN_PROFIT_TP_HIT,0.1314
1034,TRUMP_USDT,SHORT,StochasticRSI(FAST_SCALP-SHORT),2,0.2,1.617,1.614,1.614,1.622,2026-07-08 14:03:59 UTC,2026-07-08 14:05:54 UTC,114.13,0.3234,0.0043,0.0,0.0006,0.06,13.91,MIN_PROFIT_TP_HIT,0.132
1035,TRUMP_USDT,LONG,StochasticRSI(FAST_SCALP-LONG),2,0.2,1.615,1.618,1.618,1.61,2026-07-08 14:10:59 UTC,2026-07-08 14:11:41 UTC,41.87,0.323,0.0043,0.0,0.0006,0.06,13.93,MIN_PROFIT_TP_HIT,0.1326
1036,TRUMP_USDT,SHORT,StochasticRSI(FAST_SCALP-SHORT),2,0.2,1.613,1.618,1.61,1.618,2026-07-08 14:16:59 UTC,2026-07-08 14:18:12 UTC,72.83,0.3226,0.0043,0.0,-0.001,-0.09,-23.25,STOP_LOSS_HIT,0.1316
1037,TRUMP_USDT,LONG,StochasticRSI(FAST_SCALP-LONG),2,0.2,1.618,1.621,1.621,1.613,2026-07-08 14:19:59 UTC,2026-07-08 14:20:50 UTC,50.89,0.3236,0.0043,0.0,0.0006,0.06,13.91,MIN_PROFIT_TP_HIT,0.1322
1038,TRUMP_USDT,SHORT,StochasticRSI(FAST_SCALP-SHORT),2,0.2,1.618,1.615,1.615,1.623,2026-07-08 14:24:59 UTC,2026-07-08 14:27:09 UTC,129.3,0.3236,0.0043,0.0,0.0006,0.06,13.91,MIN_PROFIT_TP_HIT,0.1328
1039,TRUMP_USDT,LONG,StochasticRSI(FAST_SCALP-LONG),2,0.2,1.616,1.619,1.619,1.611,2026-07-08 14:32:59 UTC,2026-07-08 14:34:17 UTC,77.48,0.3232,0.0043,0.0,0.0006,0.06,13.92,MIN_PROFIT_TP_HIT,0.1334
1040,TRUMP_USDT,LONG,StochasticRSI(FAST_SCALP-LONG),2,0.2,1.609,1.612,1.612,1.604,2026-07-08 14:46:59 UTC,2026-07-08 14:47:45 UTC,45.16,0.3218,0.0043,0.0,0.0006,0.06,13.98,MIN_PROFIT_TP_HIT,0.134
1041,TRUMP_USDT,SHORT,StochasticRSI(FAST_SCALP-SHORT),2,0.2,1.627,1.624,1.624,1.632,2026-07-08 14:56:59 UTC,2026-07-08 15:01:08 UTC,248.8,0.3254,0.0043,0.0,0.0006,0.06,13.83,MIN_PROFIT_TP_HIT,0.1346
1042,TRUMP_USDT,LONG,StochasticRSI(FAST_SCALP-LONG),2,0.2,1.621,1.616,1.624,1.616,2026-07-08 15:05:59 UTC,2026-07-08 15:07:36 UTC,96.82,0.3242,0.0043,0.0,-0.001,-0.09,-23.13,STOP_LOSS_HIT,0.1336
1043,TRUMP_USDT,LONG,StochasticRSI(FAST_SCALP-LONG),2,0.2,1.612,1.615,1.615,1.607,2026-07-08 15:10:59 UTC,2026-07-08 15:18:48 UTC,468.74,0.3224,0.0043,0.0,0.0006,0.06,13.96,MIN_PROFIT_TP_HIT,0.1342
1044,TRUMP_USDT,SHORT,StochasticRSI(FAST_SCALP-SHORT),2,0.2,1.615,1.612,1.612,1.62,2026-07-08 15:23:59 UTC,2026-07-08 15:24:47 UTC,47.18,0.323,0.0043,0.0,0.0006,0.06,13.93,MIN_PROFIT_TP_HIT,0.1348
1045,TRUMP_USDT,LONG,StochasticRSI(FAST_SCALP-LONG),2,0.2,1.616,1.611,1.619,1.611,2026-07-08 15:28:59 UTC,2026-07-08 15:30:50 UTC,110.07,0.3232,0.0043,0.0,-0.001,-0.09,-23.21,STOP_LOSS_HIT,0.1338
1046,TRUMP_USDT,SHORT,StochasticRSI(FAST_SCALP-SHORT),2,0.2,1.618,1.615,1.615,1.623,2026-07-08 15:36:59 UTC,2026-07-08 15:39:38 UTC,158.88,0.3236,0.0043,0.0,0.0006,0.06,13.91,MIN_PROFIT_TP_HIT,0.1344
1047,TRUMP_USDT,LONG,StochasticRSI(FAST_SCALP-LONG),2,0.2,1.601,1.604,1.604,1.596,2026-07-08 15:47:59 UTC,2026-07-08 15:50:32 UTC,152.65,0.3202,0.0043,0.0,0.0006,0.06,14.05,MIN_PROFIT_TP_HIT,0.135
1048,TRUMP_USDT,SHORT,StochasticRSI(FAST_SCALP-SHORT),2,0.2,1.606,1.611,1.603,1.611,2026-07-08 15:57:59 UTC,2026-07-08 16:00:28 UTC,148.65,0.3212,0.0043,0.0,-0.001,-0.09,-23.35,STOP_LOSS_HIT,0.134
1049,TRUMP_USDT,SHORT,StochasticRSI(FAST_SCALP-SHORT),2,0.2,1.611,1.608,1.608,1.616,2026-07-08 16:04:59 UTC,2026-07-08 16:15:42 UTC,642.26,0.3222,0.0043,0.0,0.0006,0.06,13.97,MIN_PROFIT_TP_HIT,0.1346
1050,TRUMP_USDT,LONG,StochasticRSI(FAST_SCALP-LONG),2,0.2,1.609,1.612,1.612,1.604,2026-07-08 16:18:59 UTC,2026-07-08 16:20:30 UTC,90.32,0.3218,0.0043,0.0,0.0006,0.06,13.98,MIN_PROFIT_TP_HIT,0.1352
1051,TRUMP_USDT,SHORT,StochasticRSI(FAST_SCALP-SHORT),2,0.2,1.616,1.613,1.613,1.621,2026-07-08 16:25:59 UTC,2026-07-08 16:34:57 UTC,537.15,0.3232,0.0043,0.0,0.0006,0.06,13.92,MIN_PROFIT_TP_HIT,0.1358
1052,TRUMP_USDT,LONG,StochasticRSI(FAST_SCALP-LONG),2,0.2,1.614,1.617,1.617,1.609,2026-07-08 16:39:59 UTC,2026-07-08 16:40:43 UTC,43.83,0.3228,0.0043,0.0,0.0006,0.06,13.94,MIN_PROFIT_TP_HIT,0.1364
1053,TRUMP_USDT,SHORT,StochasticRSI(FAST_SCALP-SHORT),2,0.2,1.616,1.613,1.613,1.621,2026-07-08 16:44:59 UTC,2026-07-08 16:48:32 UTC,212.98,0.3232,0.0043,0.0,0.0006,0.06,13.92,MIN_PROFIT_TP_HIT,0.137
1054,TRUMP_USDT,LONG,StochasticRSI(FAST_SCALP-LONG),2,0.2,1.612,1.615,1.615,1.607,2026-07-08 16:52:59 UTC,2026-07-08 16:53:37 UTC,37.79,0.3224,0.0043,0.0,0.0006,0.06,13.96,MIN_PROFIT_TP_HIT,0.1376
1055,TRUMP_USDT,SHORT,StochasticRSI(FAST_SCALP-SHORT),2,0.2,1.617,1.614,1.614,1.622,2026-07-08 16:58:59 UTC,2026-07-08 17:03:06 UTC,246.87,0.3234,0.0043,0.0,0.0006,0.06,13.91,MIN_PROFIT_TP_HIT,0.1382
1056,TRUMP_USDT,LONG,StochasticRSI(FAST_SCALP-LONG),2,0.2,1.615,1.61,1.618,1.61,2026-07-08 17:07:59 UTC,2026-07-08 17:18:01 UTC,601.41,0.323,0.0043,0.0,-0.001,-0.09,-23.22,STOP_LOSS_HIT,0.1372
1057,TRUMP_USDT,SHORT,StochasticRSI(FAST_SCALP-SHORT),2,0.2,1.613,1.618,1.61,1.618,2026-07-08 17:23:59 UTC,2026-07-08 17:28:37 UTC,277.23,0.3226,0.0043,0.0,-0.001,-0.09,-23.25,STOP_LOSS_HIT,0.1362
1058,TRUMP_USDT,SHORT,StochasticRSI(FAST_SCALP-SHORT),2,0.2,1.617,1.614,1.614,1.622,2026-07-08 17:32:59 UTC,2026-07-08 17:41:06 UTC,486.07,0.3234,0.0043,0.0,0.0006,0.06,13.91,MIN_PROFIT_TP_HIT,0.1368
1059,TRUMP_USDT,LONG,StochasticRSI(FAST_SCALP-LONG),2,0.2,1.613,1.608,1.616,1.608,2026-07-08 17:44:59 UTC,2026-07-08 17:53:40 UTC,520.85,0.3226,0.0043,0.0,-0.001,-0.09,-23.25,STOP_LOSS_HIT,0.1358
1060,TRUMP_USDT,SHORT,StochasticRSI(FAST_SCALP-SHORT),2,0.2,1.607,1.612,1.604,1.612,2026-07-08 17:54:59 UTC,2026-07-08 18:01:20 UTC,380.31,0.3214,0.0043,0.0,-0.001,-0.09,-23.34,STOP_LOSS_HIT,0.1348
1061,TRUMP_USDT,SHORT,StochasticRSI(FAST_SCALP-SHORT),2,0.2,1.61,1.607,1.607,1.615,2026-07-08 18:03:59 UTC,2026-07-08 18:05:31 UTC,91.98,0.322,0.0043,0.0,0.0006,0.06,13.98,MIN_PROFIT_TP_HIT,0.1354
1062,TRUMP_USDT,LONG,StochasticRSI(FAST_SCALP-LONG),2,0.2,1.606,1.601,1.609,1.601,2026-07-08 18:14:59 UTC,2026-07-08 18:30:37 UTC,937.52,0.3212,0.0043,0.0,-0.001,-0.09,-23.35,STOP_LOSS_HIT,0.1344
1063,TRUMP_USDT,LONG,StochasticRSI(FAST_SCALP-LONG),2,0.2,1.601,1.604,1.604,1.596,2026-07-08 18:33:59 UTC,2026-07-08 18:49:44 UTC,944.16,0.3202,0.0043,0.0,0.0006,0.06,14.05,MIN_PROFIT_TP_HIT,0.135
1064,TRUMP_USDT,SHORT,StochasticRSI(FAST_SCALP-SHORT),2,0.2,1.604,1.601,1.601,1.609,2026-07-08 18:55:59 UTC,2026-07-08 19:06:59 UTC,659.41,0.3208,0.0043,0.0,0.0006,0.06,14.03,MIN_PROFIT_TP_HIT,0.1356
1065,TRUMP_USDT,LONG,StochasticRSI(FAST_SCALP-LONG),2,0.2,1.601,1.604,1.604,1.596,2026-07-08 19:08:59 UTC,2026-07-08 19:13:15 UTC,255.2,0.3202,0.0043,0.0,0.0006,0.06,14.05,MIN_PROFIT_TP_HIT,0.1362
1066,TRUMP_USDT,SHORT,StochasticRSI(FAST_SCALP-SHORT),2,0.2,1.602,1.607,1.599,1.607,2026-07-08 19:16:59 UTC,2026-07-08 19:31:46 UTC,886.11,0.3204,0.0043,0.0,-0.001,-0.09,-23.41,STOP_LOSS_HIT,0.1352
1067,TRUMP_USDT,SHORT,StochasticRSI(FAST_SCALP-SHORT),2,0.2,1.605,1.602,1.602,1.61,2026-07-08 19:34:59 UTC,2026-07-08 19:48:25 UTC,805.74,0.321,0.0043,0.0,0.0006,0.06,14.02,MIN_PROFIT_TP_HIT,0.1358
1068,TRUMP_USDT,LONG,StochasticRSI(FAST_SCALP-LONG),2,0.2,1.602,1.605,1.605,1.597,2026-07-08 19:51:59 UTC,2026-07-08 19:58:06 UTC,366.32,0.3204,0.0043,0.0,0.0006,0.06,14.04,MIN_PROFIT_TP_HIT,0.1364
1069,TRUMP_USDT,SHORT,StochasticRSI(FAST_SCALP-SHORT),2,0.2,1.602,1.599,1.599,1.607,2026-07-08 20:00:59 UTC,2026-07-08 20:11:00 UTC,600.85,0.3204,0.0043,0.0,0.0006,0.06,14.04,MIN_PROFIT_TP_HIT,0.137
1070,TRUMP_USDT,LONG,StochasticRSI(FAST_SCALP-LONG),2,0.2,1.597,1.6,1.6,1.592,2026-07-08 20:16:59 UTC,2026-07-08 20:25:52 UTC,532.43,0.3194,0.0043,0.0,0.0006,0.06,14.09,MIN_PROFIT_TP_HIT,0.1376
1071,TRUMP_USDT,SHORT,StochasticRSI(FAST_SCALP-SHORT),2,0.2,1.597,1.594,1.594,1.602,2026-07-08 20:32:59 UTC,2026-07-08 20:36:26 UTC,206.12,0.3194,0.0043,0.0,0.0006,0.06,14.09,MIN_PROFIT_TP_HIT,0.1382
1072,TRUMP_USDT,LONG,StochasticRSI(FAST_SCALP-LONG),2,0.2,1.593,1.596,1.596,1.588,2026-07-08 20:40:59 UTC,2026-07-08 20:42:07 UTC,67.56,0.3186,0.0042,0.0,0.0006,0.06,14.12,MIN_PROFIT_TP_HIT,0.1388
1073,TRUMP_USDT,SHORT,StochasticRSI(FAST_SCALP-SHORT),2,0.2,1.594,1.591,1.591,1.599,2026-07-08 20:45:59 UTC,2026-07-08 20:53:19 UTC,439.61,0.3188,0.0043,0.0,0.0006,0.06,14.12,MIN_PROFIT_TP_HIT,0.1394
1074,TRUMP_USDT,LONG,StochasticRSI(FAST_SCALP-LONG),2,0.2,1.59,1.593,1.593,1.585,2026-07-08 20:57:59 UTC,2026-07-08 21:20:16 UTC,1336.54,0.318,0.0042,0.0,0.0006,0.06,14.15,MIN_PROFIT_TP_HIT,0.14
1075,TRUMP_USDT,SHORT,StochasticRSI(FAST_SCALP-SHORT),2,0.2,1.594,1.599,1.591,1.599,2026-07-08 21:22:59 UTC,2026-07-08 21:32:45 UTC,585.53,0.3188,0.0043,0.0,-0.001,-0.09,-23.53,STOP_LOSS_HIT,0.139
1076,TRUMP_USDT,SHORT,StochasticRSI(FAST_SCALP-SHORT),2,0.2,1.598,1.603,1.595,1.603,2026-07-08 21:36:59 UTC,2026-07-08 21:48:39 UTC,699.48,0.3196,0.0043,0.0,-0.001,-0.09,-23.47,STOP_LOSS_HIT,0.138
1077,TRUMP_USDT,LONG,StochasticRSI(FAST_SCALP-LONG),2,0.2,1.603,1.598,1.606,1.598,2026-07-08 21:55:59 UTC,2026-07-08 22:00:15 UTC,255.13,0.3206,0.0043,0.0,-0.001,-0.09,-23.39,STOP_LOSS_HIT,0.137
1078,TRUMP_USDT,LONG,StochasticRSI(FAST_SCALP-LONG),2,0.2,1.606,1.601,1.609,1.601,2026-07-08 22:16:59 UTC,2026-07-08 22:20:47 UTC,227.1,0.3212,0.0043,0.0,-0.001,-0.09,-23.35,STOP_LOSS_HIT,0.136
1079,TRUMP_USDT,LONG,StochasticRSI(FAST_SCALP-LONG),2,0.2,1.603,1.598,1.606,1.598,2026-07-08 22:23:59 UTC,2026-07-08 23:17:24 UTC,3204.36,0.3206,0.0043,0.0,-0.001,-0.09,-23.39,STOP_LOSS_HIT,0.135
1080,TRUMP_USDT,LONG,StochasticRSI(FAST_SCALP-LONG),2,0.2,1.599,1.602,1.602,1.594,2026-07-08 23:24:59 UTC,2026-07-08 23:35:32 UTC,632.07,0.3198,0.0043,0.0,0.0006,0.06,14.07,MIN_PROFIT_TP_HIT,0.1356
1081,TRUMP_USDT,SHORT,StochasticRSI(FAST_SCALP-SHORT),2,0.2,1.601,1.598,1.598,1.606,2026-07-08 23:44:59 UTC,2026-07-08 23:46:32 UTC,92.04,0.3202,0.0043,0.0,0.0006,0.06,14.05,MIN_PROFIT_TP_HIT,0.1362
1082,TRUMP_USDT,SHORT,StochasticRSI(FAST_SCALP-SHORT),2,0.2,1.613,1.61,1.61,1.618,2026-07-09 00:02:59 UTC,2026-07-09 00:03:21 UTC,21.62,0.3226,0.0043,0.0,0.0006,0.06,13.95,MIN_PROFIT_TP_HIT,0.1368
1083,TRUMP_USDT,LONG,StochasticRSI(FAST_SCALP-LONG),2,0.2,1.606,1.601,1.609,1.601,2026-07-09 00:09:59 UTC,2026-07-09 00:10:38 UTC,38.69,0.3212,0.0043,0.0,-0.001,-0.09,-23.35,STOP_LOSS_HIT,0.1358
1084,TRUMP_USDT,LONG,StochasticRSI(FAST_SCALP-LONG),2,0.2,1.594,1.597,1.597,1.589,2026-07-09 00:16:59 UTC,2026-07-09 00:17:04 UTC,4.71,0.3188,0.0043,0.0,0.0006,0.06,14.12,MIN_PROFIT_TP_HIT,0.1364
1085,TRUMP_USDT,SHORT,StochasticRSI(FAST_SCALP-SHORT),2,0.2,1.594,1.591,1.591,1.599,2026-07-09 00:27:59 UTC,2026-07-09 00:51:38 UTC,1418.79,0.3188,0.0043,0.0,0.0006,0.06,14.12,MIN_PROFIT_TP_HIT,0.137
1086,TRUMP_USDT,SHORT,StochasticRSI(FAST_SCALP-SHORT),2,0.2,1.597,1.594,1.594,1.602,2026-07-09 01:00:59 UTC,2026-07-09 01:02:55 UTC,115.52,0.3194,0.0043,0.0,0.0006,0.06,14.09,MIN_PROFIT_TP_HIT,0.1376
1087,TRUMP_USDT,SHORT,StochasticRSI(FAST_SCALP-SHORT),2,0.2,1.595,1.6,1.592,1.6,2026-07-09 01:03:59 UTC,2026-07-09 01:06:03 UTC,123.33,0.319,0.0043,0.0,-0.001,-0.09,-23.51,STOP_LOSS_HIT,0.1366
1088,TRUMP_USDT,SHORT,StochasticRSI(FAST_SCALP-SHORT),2,0.2,1.612,1.609,1.609,1.617,2026-07-09 01:09:59 UTC,2026-07-09 01:10:38 UTC,38.93,0.3224,0.0043,0.0,0.0006,0.06,13.96,MIN_PROFIT_TP_HIT,0.1372
1089,TRUMP_USDT,SHORT,StochasticRSI(FAST_SCALP-SHORT),2,0.2,1.613,1.61,1.61,1.618,2026-07-09 01:21:59 UTC,2026-07-09 01:24:48 UTC,168.05,0.3226,0.0043,0.0,0.0006,0.06,13.95,MIN_PROFIT_TP_HIT,0.1378
1090,TRUMP_USDT,LONG,StochasticRSI(FAST_SCALP-LONG),2,0.2,1.613,1.608,1.616,1.608,2026-07-09 01:28:59 UTC,2026-07-09 01:31:01 UTC,121.07,0.3226,0.0043,0.0,-0.001,-0.09,-23.25,STOP_LOSS_HIT,0.1368
1091,TRUMP_USDT,LONG,StochasticRSI(FAST_SCALP-LONG),2,0.2,1.606,1.609,1.609,1.601,2026-07-09 01:43:59 UTC,2026-07-09 01:45:35 UTC,95.93,0.3212,0.0043,0.0,0.0006,0.06,14.01,MIN_PROFIT_TP_HIT,0.1374
1092,TRUMP_USDT,SHORT,StochasticRSI(FAST_SCALP-SHORT),2,0.2,1.607,1.604,1.604,1.612,2026-07-09 01:51:59 UTC,2026-07-09 01:52:45 UTC,45.01,0.3214,0.0043,0.0,0.0006,0.06,14.0,MIN_PROFIT_TP_HIT,0.138
1093,TRUMP_USDT,SHORT,StochasticRSI(FAST_SCALP-SHORT),2,0.2,1.605,1.602,1.602,1.61,2026-07-09 02:01:59 UTC,2026-07-09 02:02:16 UTC,16.26,0.321,0.0043,0.0,0.0006,0.06,14.02,MIN_PROFIT_TP_HIT,0.1386
1094,TRUMP_USDT,SHORT,StochasticRSI(FAST_SCALP-SHORT),2,0.2,1.61,1.615,1.607,1.615,2026-07-09 02:07:59 UTC,2026-07-09 02:11:57 UTC,237.08,0.322,0.0043,0.0,-0.001,-0.09,-23.29,STOP_LOSS_HIT,0.1376
1095,TRUMP_USDT,SHORT,StochasticRSI(FAST_SCALP-SHORT),2,0.2,1.615,1.62,1.612,1.62,2026-07-09 02:16:59 UTC,2026-07-09 02:21:25 UTC,265.14,0.323,0.0043,0.0,-0.001,-0.09,-23.22,STOP_LOSS_HIT,0.1366
1096,TRUMP_USDT,SHORT,StochasticRSI(FAST_SCALP-SHORT),2,0.2,1.621,1.618,1.618,1.626,2026-07-09 02:28:59 UTC,2026-07-09 02:33:08 UTC,248.1,0.3242,0.0043,0.0,0.0006,0.06,13.88,MIN_PROFIT_TP_HIT,0.1372
1097,TRUMP_USDT,LONG,StochasticRSI(FAST_SCALP-LONG),2,0.2,1.617,1.62,1.62,1.612,2026-07-09 02:38:59 UTC,2026-07-09 02:42:36 UTC,216.81,0.3234,0.0043,0.0,0.0006,0.06,13.91,MIN_PROFIT_TP_HIT,0.1378
1098,TRUMP_USDT,SHORT,StochasticRSI(FAST_SCALP-SHORT),2,0.2,1.619,1.624,1.616,1.624,2026-07-09 02:45:59 UTC,2026-07-09 02:59:39 UTC,819.0,0.3238,0.0043,0.0,-0.001,-0.09,-23.16,STOP_LOSS_HIT,0.1368
1099,TRUMP_USDT,SHORT,StochasticRSI(FAST_SCALP-SHORT),2,0.2,1.625,1.622,1.622,1.63,2026-07-09 03:01:59 UTC,2026-07-09 03:04:38 UTC,158.58,0.325,0.0043,0.0,0.0006,0.06,13.85,MIN_PROFIT_TP_HIT,0.1374
1100,TRUMP_USDT,SHORT,StochasticRSI(FAST_SCALP-SHORT),2,0.2,1.621,1.618,1.618,1.626,2026-07-09 03:05:59 UTC,2026-07-09 03:07:25 UTC,85.76,0.3242,0.0043,0.0,0.0006,0.06,13.88,MIN_PROFIT_TP_HIT,0.138
1101,TRUMP_USDT,LONG,StochasticRSI(FAST_SCALP-LONG),2,0.2,1.62,1.615,1.623,1.615,2026-07-09 03:09:59 UTC,2026-07-09 03:14:05 UTC,245.65,0.324,0.0043,0.0,-0.001,-0.09,-23.15,STOP_LOSS_HIT,0.137
1102,TRUMP_USDT,LONG,StochasticRSI(FAST_SCALP-LONG),2,0.2,1.612,1.615,1.615,1.607,2026-07-09 03:23:59 UTC,2026-07-09 03:30:14 UTC,374.6,0.3224,0.0043,0.0,0.0006,0.06,13.96,MIN_PROFIT_TP_HIT,0.1376
1103,TRUMP_USDT,SHORT,StochasticRSI(FAST_SCALP-SHORT),2,0.2,1.618,1.615,1.615,1.623,2026-07-09 03:35:59 UTC,2026-07-09 03:39:54 UTC,234.12,0.3236,0.0043,0.0,0.0006,0.06,13.91,MIN_PROFIT_TP_HIT,0.1382
1104,TRUMP_USDT,LONG,StochasticRSI(FAST_SCALP-LONG),2,0.2,1.613,1.608,1.616,1.608,2026-07-09 03:43:59 UTC,2026-07-09 03:48:54 UTC,294.38,0.3226,0.0043,0.0,-0.001,-0.09,-23.25,STOP_LOSS_HIT,0.1372
1105,TRUMP_USDT,LONG,StochasticRSI(FAST_SCALP-LONG),2,0.2,1.609,1.612,1.612,1.604,2026-07-09 03:54:59 UTC,2026-07-09 03:56:46 UTC,106.3,0.3218,0.0043,0.0,0.0006,0.06,13.98,MIN_PROFIT_TP_HIT,0.1378
1106,TRUMP_USDT,SHORT,StochasticRSI(FAST_SCALP-SHORT),2,0.2,1.61,1.607,1.607,1.615,2026-07-09 03:59:59 UTC,2026-07-09 04:11:08 UTC,668.07,0.322,0.0043,0.0,0.0006,0.06,13.98,MIN_PROFIT_TP_HIT,0.1384
1107,TRUMP_USDT,LONG,StochasticRSI(FAST_SCALP-LONG),2,0.2,1.608,1.611,1.611,1.603,2026-07-09 04:14:59 UTC,2026-07-09 04:16:09 UTC,69.3,0.3216,0.0043,0.0,0.0006,0.06,13.99,MIN_PROFIT_TP_HIT,0.139
1108,TRUMP_USDT,SHORT,StochasticRSI(FAST_SCALP-SHORT),2,0.2,1.612,1.617,1.609,1.617,2026-07-09 04:20:59 UTC,2026-07-09 04:33:01 UTC,721.96,0.3224,0.0043,0.0,-0.001,-0.09,-23.26,STOP_LOSS_HIT,0.138
1109,TRUMP_USDT,SHORT,StochasticRSI(FAST_SCALP-SHORT),2,0.2,1.615,1.62,1.612,1.62,2026-07-09 04:39:59 UTC,2026-07-09 04:51:26 UTC,686.13,0.323,0.0043,0.0,-0.001,-0.09,-23.22,STOP_LOSS_HIT,0.137
1110,TRUMP_USDT,SHORT,StochasticRSI(FAST_SCALP-SHORT),2,0.2,1.617,1.622,1.614,1.622,2026-07-09 04:55:59 UTC,2026-07-09 04:58:37 UTC,157.71,0.3234,0.0043,0.0,-0.001,-0.09,-23.19,STOP_LOSS_HIT,0.136
1111,TRUMP_USDT,LONG,StochasticRSI(FAST_SCALP-LONG),2,0.2,1.619,1.622,1.622,1.614,2026-07-09 05:09:59 UTC,2026-07-09 05:11:16 UTC,76.1,0.3238,0.0043,0.0,0.0006,0.06,13.9,MIN_PROFIT_TP_HIT,0.1366
1112,TRUMP_USDT,SHORT,StochasticRSI(FAST_SCALP-SHORT),2,0.2,1.621,1.618,1.618,1.626,2026-07-09 05:14:59 UTC,2026-07-09 05:16:17 UTC,77.15,0.3242,0.0043,0.0,0.0006,0.06,13.88,MIN_PROFIT_TP_HIT,0.1372
1113,TRUMP_USDT,LONG,StochasticRSI(FAST_SCALP-LONG),2,0.2,1.616,1.619,1.619,1.611,2026-07-09 05:21:59 UTC,2026-07-09 05:23:03 UTC,63.67,0.3232,0.0043,0.0,0.0006,0.06,13.92,MIN_PROFIT_TP_HIT,0.1378
1114,TRUMP_USDT,SHORT,StochasticRSI(FAST_SCALP-SHORT),2,0.2,1.62,1.625,1.617,1.625,2026-07-09 05:28:59 UTC,2026-07-09 05:37:29 UTC,509.03,0.324,0.0043,0.0,-0.001,-0.09,-23.15,STOP_LOSS_HIT,0.1368
1115,TRUMP_USDT,LONG,StochasticRSI(FAST_SCALP-LONG),2,0.2,1.622,1.625,1.625,1.617,2026-07-09 05:46:59 UTC,2026-07-09 05:47:49 UTC,49.7,0.3244,0.0043,0.0,0.0006,0.06,13.87,MIN_PROFIT_TP_HIT,0.1374
1116,TRUMP_USDT,SHORT,StochasticRSI(FAST_SCALP-SHORT),2,0.2,1.624,1.621,1.621,1.629,2026-07-09 05:51:59 UTC,2026-07-09 05:52:55 UTC,55.67,0.3248,0.0043,0.0,0.0006,0.06,13.85,MIN_PROFIT_TP_HIT,0.138
1117,TRUMP_USDT,SHORT,StochasticRSI(FAST_SCALP-SHORT),2,0.2,1.625,1.622,1.622,1.63,2026-07-09 06:05:59 UTC,2026-07-09 06:07:12 UTC,72.86,0.325,0.0043,0.0,0.0006,0.06,13.85,MIN_PROFIT_TP_HIT,0.1386
1118,TRUMP_USDT,LONG,StochasticRSI(FAST_SCALP-LONG),2,0.2,1.622,1.617,1.625,1.617,2026-07-09 06:10:59 UTC,2026-07-09 06:15:35 UTC,275.3,0.3244,0.0043,0.0,-0.001,-0.09,-23.12,STOP_LOSS_HIT,0.1376
1119,TRUMP_USDT,SHORT,StochasticRSI(FAST_SCALP-SHORT),2,0.2,1.625,1.622,1.622,1.63,2026-07-09 06:27:59 UTC,2026-07-09 06:45:45 UTC,1065.45,0.325,0.0043,0.0,0.0006,0.06,13.85,MIN_PROFIT_TP_HIT,0.1382
1120,TRUMP_USDT,LONG,StochasticRSI(FAST_SCALP-LONG),2,0.2,1.623,1.626,1.626,1.618,2026-07-09 06:54:59 UTC,2026-07-09 07:01:19 UTC,379.27,0.3246,0.0043,0.0,0.0006,0.06,13.86,MIN_PROFIT_TP_HIT,0.1388
1121,TRUMP_USDT,SHORT,StochasticRSI(FAST_SCALP-SHORT),2,0.2,1.621,1.618,1.618,1.626,2026-07-09 07:04:59 UTC,2026-07-09 07:07:08 UTC,128.79,0.3242,0.0043,0.0,0.0006,0.06,13.88,MIN_PROFIT_TP_HIT,0.1394
1122,TRUMP_USDT,LONG,StochasticRSI(FAST_SCALP-LONG),2,0.2,1.62,1.623,1.623,1.615,2026-07-09 07:08:59 UTC,2026-07-09 07:13:20 UTC,260.6,0.324,0.0043,0.0,0.0006,0.06,13.89,MIN_PROFIT_TP_HIT,0.14
1123,TRUMP_USDT,SHORT,StochasticRSI(FAST_SCALP-SHORT),2,0.2,1.624,1.621,1.621,1.629,2026-07-09 07:18:59 UTC,2026-07-09 07:21:48 UTC,168.51,0.3248,0.0043,0.0,0.0006,0.06,13.85,MIN_PROFIT_TP_HIT,0.1406
1124,TRUMP_USDT,SHORT,StochasticRSI(FAST_SCALP-SHORT),2,0.2,1.622,1.619,1.619,1.627,2026-07-09 07:22:59 UTC,2026-07-09 07:23:51 UTC,51.65,0.3244,0.0043,0.0,0.0006,0.06,13.87,MIN_PROFIT_TP_HIT,0.1412
1125,TRUMP_USDT,LONG,StochasticRSI(FAST_SCALP-LONG),2,0.2,1.615,1.618,1.618,1.61,2026-07-09 07:28:59 UTC,2026-07-09 07:42:34 UTC,814.69,0.323,0.0043,0.0,0.0006,0.06,13.93,MIN_PROFIT_TP_HIT,0.1418
1126,TRUMP_USDT,SHORT,StochasticRSI(FAST_SCALP-SHORT),2,0.2,1.622,1.619,1.619,1.627,2026-07-09 07:50:59 UTC,2026-07-09 07:58:26 UTC,446.95,0.3244,0.0043,0.0,0.0006,0.06,13.87,MIN_PROFIT_TP_HIT,0.1424
1127,TRUMP_USDT,LONG,StochasticRSI(FAST_SCALP-LONG),2,0.2,1.616,1.611,1.619,1.611,2026-07-09 08:01:59 UTC,2026-07-09 08:11:39 UTC,579.91,0.3232,0.0043,0.0,-0.001,-0.09,-23.21,STOP_LOSS_HIT,0.1414
1128,TRUMP_USDT,SHORT,StochasticRSI(FAST_SCALP-SHORT),2,0.2,1.612,1.617,1.609,1.617,2026-07-09 08:19:59 UTC,2026-07-09 08:25:31 UTC,331.68,0.3224,0.0043,0.0,-0.001,-0.09,-23.26,STOP_LOSS_HIT,0.1404
1129,TRUMP_USDT,SHORT,StochasticRSI(FAST_SCALP-SHORT),2,0.2,1.617,1.614,1.614,1.622,2026-07-09 08:28:59 UTC,2026-07-09 08:33:03 UTC,243.25,0.3234,0.0043,0.0,0.0006,0.06,13.91,MIN_PROFIT_TP_HIT,0.141
1130,TRUMP_USDT,LONG,StochasticRSI(FAST_SCALP-LONG),2,0.2,1.614,1.609,1.617,1.609,2026-07-09 08:37:59 UTC,2026-07-09 09:00:02 UTC,1322.7,0.3228,0.0043,0.0,-0.001,-0.09,-23.23,STOP_LOSS_HIT,0.14
1131,TRUMP_USDT,LONG,StochasticRSI(FAST_SCALP-LONG),2,0.2,1.611,1.606,1.614,1.606,2026-07-09 09:02:59 UTC,2026-07-09 09:06:28 UTC,208.62,0.3222,0.0043,0.0,-0.001,-0.09,-23.28,STOP_LOSS_HIT,0.139
1132,TRUMP_USDT,LONG,StochasticRSI(FAST_SCALP-LONG),2,0.2,1.606,1.609,1.609,1.601,2026-07-09 09:10:59 UTC,2026-07-09 09:42:15 UTC,1875.21,0.3212,0.0043,0.0,0.0006,0.06,14.01,MIN_PROFIT_TP_HIT,0.1396
1133,TRUMP_USDT,SHORT,StochasticRSI(FAST_SCALP-SHORT),2,0.2,1.609,1.614,1.606,1.614,2026-07-09 09:45:59 UTC,2026-07-09 09:53:18 UTC,438.72,0.3218,0.0043,0.0,-0.001,-0.09,-23.31,STOP_LOSS_HIT,0.1386
1134,TRUMP_USDT,SHORT,StochasticRSI(FAST_SCALP-SHORT),2,0.2,1.615,1.612,1.612,1.62,2026-07-09 10:06:59 UTC,2026-07-09 10:25:33 UTC,1113.59,0.323,0.0043,0.0,0.0006,0.06,13.93,MIN_PROFIT_TP_HIT,0.1392
1135,TRUMP_USDT,LONG,StochasticRSI(FAST_SCALP-LONG),2,0.2,1.612,1.607,1.615,1.607,2026-07-09 10:36:59 UTC,2026-07-09 10:52:53 UTC,953.13,0.3224,0.0043,0.0,-0.001,-0.09,-23.26,STOP_LOSS_HIT,0.1382
1136,TRUMP_USDT,SHORT,StochasticRSI(FAST_SCALP-SHORT),2,0.2,1.61,1.607,1.607,1.615,2026-07-09 10:53:59 UTC,2026-07-09 10:56:12 UTC,132.93,0.322,0.0043,0.0,0.0006,0.06,13.98,MIN_PROFIT_TP_HIT,0.1388
1137,TRUMP_USDT,SHORT,StochasticRSI(FAST_SCALP-SHORT),2,0.2,1.609,1.606,1.606,1.614,2026-07-09 11:05:59 UTC,2026-07-09 11:21:26 UTC,926.65,0.3218,0.0043,0.0,0.0006,0.06,13.98,MIN_PROFIT_TP_HIT,0.1394
1138,TRUMP_USDT,SHORT,StochasticRSI(FAST_SCALP-SHORT),2,0.2,1.608,1.613,1.605,1.613,2026-07-09 11:31:59 UTC,2026-07-09 11:49:00 UTC,1020.18,0.3216,0.0043,0.0,-0.001,-0.09,-23.32,STOP_LOSS_HIT,0.1384
1139,TRUMP_USDT,SHORT,StochasticRSI(FAST_SCALP-SHORT),2,0.2,1.616,1.613,1.613,1.621,2026-07-09 11:55:59 UTC,2026-07-09 12:05:52 UTC,592.9,0.3232,0.0043,0.0,0.0006,0.06,13.92,MIN_PROFIT_TP_HIT,0.139
1140,TRUMP_USDT,LONG,StochasticRSI(FAST_SCALP-LONG),2,0.2,1.616,1.611,1.619,1.611,2026-07-09 12:08:59 UTC,2026-07-09 12:17:21 UTC,501.49,0.3232,0.0043,0.0,-0.001,-0.09,-23.21,STOP_LOSS_HIT,0.138
1141,TRUMP_USDT,LONG,StochasticRSI(FAST_SCALP-LONG),2,0.2,1.612,1.615,1.615,1.607,2026-07-09 12:19:59 UTC,2026-07-09 12:22:59 UTC,179.4,0.3224,0.0043,0.0,0.0006,0.06,13.96,MIN_PROFIT_TP_HIT,0.1386
1142,TRUMP_USDT,SHORT,StochasticRSI(FAST_SCALP-SHORT),2,0.2,1.616,1.613,1.613,1.621,2026-07-09 12:29:59 UTC,2026-07-09 12:42:47 UTC,767.95,0.3232,0.0043,0.0,0.0006,0.06,13.92,MIN_PROFIT_TP_HIT,0.1392
1143,TRUMP_USDT,LONG,StochasticRSI(FAST_SCALP-LONG),2,0.2,1.612,1.615,1.615,1.607,2026-07-09 12:48:59 UTC,2026-07-09 12:51:25 UTC,145.09,0.3224,0.0043,0.0,0.0006,0.06,13.96,MIN_PROFIT_TP_HIT,0.1398
1144,TRUMP_USDT,SHORT,StochasticRSI(FAST_SCALP-SHORT),2,0.2,1.615,1.612,1.612,1.62,2026-07-09 12:55:59 UTC,2026-07-09 13:32:12 UTC,2172.13,0.323,0.0043,0.0,0.0006,0.06,13.93,MIN_PROFIT_TP_HIT,0.1404
1145,TRUMP_USDT,LONG,StochasticRSI(FAST_SCALP-LONG),2,0.2,1.61,1.613,1.613,1.605,2026-07-09 13:35:59 UTC,2026-07-09 13:36:47 UTC,47.83,0.322,0.0043,0.0,0.0006,0.06,13.98,MIN_PROFIT_TP_HIT,0.141
1146,TRUMP_USDT,LONG,StochasticRSI(FAST_SCALP-LONG),2,0.2,1.614,1.617,1.617,1.609,2026-07-09 13:37:59 UTC,2026-07-09 13:53:16 UTC,916.17,0.3228,0.0043,0.0,0.0006,0.06,13.94,MIN_PROFIT_TP_HIT,0.1416
1147,TRUMP_USDT,SHORT,StochasticRSI(FAST_SCALP-SHORT),2,0.2,1.617,1.614,1.614,1.622,2026-07-09 13:58:59 UTC,2026-07-09 14:07:02 UTC,482.07,0.3234,0.0043,0.0,0.0006,0.06,13.91,MIN_PROFIT_TP_HIT,0.1422
1148,TRUMP_USDT,LONG,StochasticRSI(FAST_SCALP-LONG),2,0.2,1.609,1.604,1.612,1.604,2026-07-09 14:12:59 UTC,2026-07-09 14:16:13 UTC,193.4,0.3218,0.0043,0.0,-0.001,-0.09,-23.31,STOP_LOSS_HIT,0.1412
1149,TRUMP_USDT,LONG,StochasticRSI(FAST_SCALP-LONG),2,0.2,1.607,1.61,1.61,1.602,2026-07-09 14:22:59 UTC,2026-07-09 14:27:39 UTC,279.42,0.3214,0.0043,0.0,0.0006,0.06,14.0,MIN_PROFIT_TP_HIT,0.1418
1150,TRUMP_USDT,SHORT,StochasticRSI(FAST_SCALP-SHORT),2,0.2,1.606,1.603,1.603,1.611,2026-07-09 14:30:59 UTC,2026-07-09 14:52:34 UTC,1294.54,0.3212,0.0043,0.0,0.0006,0.06,14.01,MIN_PROFIT_TP_HIT,0.1424
1151,TRUMP_USDT,LONG,StochasticRSI(FAST_SCALP-LONG),2,0.2,1.605,1.608,1.608,1.6,2026-07-09 14:55:59 UTC,2026-07-09 15:00:05 UTC,245.1,0.321,0.0043,0.0,0.0006,0.06,14.02,MIN_PROFIT_TP_HIT,0.143
1152,TRUMP_USDT,SHORT,StochasticRSI(FAST_SCALP-SHORT),2,0.2,1.602,1.607,1.599,1.607,2026-07-09 15:02:59 UTC,2026-07-09 15:09:12 UTC,372.14,0.3204,0.0043,0.0,-0.001,-0.09,-23.41,STOP_LOSS_HIT,0.142
1153,TRUMP_USDT,SHORT,StochasticRSI(FAST_SCALP-SHORT),2,0.2,1.605,1.61,1.602,1.61,2026-07-09 15:13:59 UTC,2026-07-09 15:22:51 UTC,531.89,0.321,0.0043,0.0,-0.001,-0.09,-23.36,STOP_LOSS_HIT,0.141
1154,TRUMP_USDT,SHORT,StochasticRSI(FAST_SCALP-SHORT),2,0.2,1.608,1.605,1.605,1.613,2026-07-09 15:26:59 UTC,2026-07-09 15:28:49 UTC,109.3,0.3216,0.0043,0.0,0.0006,0.06,13.99,MIN_PROFIT_TP_HIT,0.1416
1155,TRUMP_USDT,LONG,StochasticRSI(FAST_SCALP-LONG),2,0.2,1.606,1.601,1.609,1.601,2026-07-09 15:32:59 UTC,2026-07-09 15:46:29 UTC,809.99,0.3212,0.0043,0.0,-0.001,-0.09,-23.35,STOP_LOSS_HIT,0.1406
1156,TRUMP_USDT,LONG,StochasticRSI(FAST_SCALP-LONG),2,0.2,1.6,1.595,1.603,1.595,2026-07-09 15:50:59 UTC,2026-07-09 16:04:34 UTC,814.71,0.32,0.0043,0.0,-0.001,-0.09,-23.44,STOP_LOSS_HIT,0.1396
1157,TRUMP_USDT,SHORT,StochasticRSI(FAST_SCALP-SHORT),2,0.2,1.592,1.589,1.589,1.597,2026-07-09 16:18:59 UTC,2026-07-09 16:26:36 UTC,456.08,0.3184,0.0042,0.0,0.0006,0.06,14.13,MIN_PROFIT_TP_HIT,0.1402
1158,TRUMP_USDT,SHORT,StochasticRSI(FAST_SCALP-SHORT),2,0.2,1.593,1.598,1.59,1.598,2026-07-09 16:34:59 UTC,2026-07-09 16:43:56 UTC,536.76,0.3186,0.0042,0.0,-0.001,-0.09,-23.54,STOP_LOSS_HIT,0.1392
1159,TRUMP_USDT,SHORT,StochasticRSI(FAST_SCALP-SHORT),2,0.2,1.6,1.605,1.597,1.605,2026-07-09 16:48:59 UTC,2026-07-09 16:50:44 UTC,104.48,0.32,0.0043,0.0,-0.001,-0.09,-23.44,STOP_LOSS_HIT,0.1382
1160,TRUMP_USDT,SHORT,StochasticRSI(FAST_SCALP-SHORT),2,0.2,1.604,1.601,1.601,1.609,2026-07-09 16:55:59 UTC,2026-07-09 17:05:05 UTC,545.61,0.3208,0.0043,0.0,0.0006,0.06,14.03,MIN_PROFIT_TP_HIT,0.1388
1161,TRUMP_USDT,SHORT,StochasticRSI(FAST_SCALP-SHORT),2,0.2,1.602,1.607,1.599,1.607,2026-07-09 17:06:59 UTC,2026-07-09 17:19:04 UTC,724.16,0.3204,0.0043,0.0,-0.001,-0.09,-23.41,STOP_LOSS_HIT,0.1378
1162,TRUMP_USDT,SHORT,StochasticRSI(FAST_SCALP-SHORT),2,0.2,1.609,1.614,1.606,1.614,2026-07-09 17:22:59 UTC,2026-07-09 17:39:32 UTC,992.1,0.3218,0.0043,0.0,-0.001,-0.09,-23.31,STOP_LOSS_HIT,0.1368
1163,TRUMP_USDT,SHORT,StochasticRSI(FAST_SCALP-SHORT),2,0.2,1.616,1.613,1.613,1.621,2026-07-09 17:43:59 UTC,2026-07-09 17:52:13 UTC,493.22,0.3232,0.0043,0.0,0.0006,0.06,13.92,MIN_PROFIT_TP_HIT,0.1374
1164,TRUMP_USDT,LONG,StochasticRSI(FAST_SCALP-LONG),2,0.2,1.614,1.617,1.617,1.609,2026-07-09 17:54:59 UTC,2026-07-09 18:07:28 UTC,748.12,0.3228,0.0043,0.0,0.0006,0.06,13.94,MIN_PROFIT_TP_HIT,0.138
1165,TRUMP_USDT,SHORT,StochasticRSI(FAST_SCALP-SHORT),2,0.2,1.619,1.616,1.616,1.624,2026-07-09 18:11:59 UTC,2026-07-09 18:25:12 UTC,792.65,0.3238,0.0043,0.0,0.0006,0.06,13.9,MIN_PROFIT_TP_HIT,0.1386
1166,TRUMP_USDT,LONG,StochasticRSI(FAST_SCALP-LONG),2,0.2,1.618,1.613,1.621,1.613,2026-07-09 18:29:59 UTC,2026-07-09 19:22:56 UTC,3176.19,0.3236,0.0043,0.0,-0.001,-0.09,-23.18,STOP_LOSS_HIT,0.1376
1167,TRUMP_USDT,SHORT,StochasticRSI(FAST_SCALP-SHORT),2,0.2,1.618,1.623,1.615,1.623,2026-07-09 19:32:59 UTC,2026-07-09 19:36:03 UTC,183.09,0.3236,0.0043,0.0,-0.001,-0.09,-23.18,STOP_LOSS_HIT,0.1366
1168,TRUMP_USDT,SHORT,StochasticRSI(FAST_SCALP-SHORT),2,0.2,1.623,1.62,1.62,1.628,2026-07-09 19:39:59 UTC,2026-07-09 19:48:41 UTC,521.14,0.3246,0.0043,0.0,0.0006,0.06,13.86,MIN_PROFIT_TP_HIT,0.1372
1169,TRUMP_USDT,LONG,StochasticRSI(FAST_SCALP-LONG),2,0.2,1.619,1.614,1.622,1.614,2026-07-09 19:53:59 UTC,2026-07-09 20:02:41 UTC,521.16,0.3238,0.0043,0.0,-0.001,-0.09,-23.16,STOP_LOSS_HIT,0.1362
1170,TRUMP_USDT,LONG,StochasticRSI(FAST_SCALP-LONG),2,0.2,1.612,1.615,1.615,1.607,2026-07-09 20:06:59 UTC,2026-07-09 20:14:29 UTC,449.03,0.3224,0.0043,0.0,0.0006,0.06,13.96,MIN_PROFIT_TP_HIT,0.1368
1171,TRUMP_USDT,SHORT,StochasticRSI(FAST_SCALP-SHORT),2,0.2,1.614,1.619,1.611,1.619,2026-07-09 20:17:59 UTC,2026-07-09 20:27:01 UTC,541.87,0.3228,0.0043,0.0,-0.001,-0.09,-23.23,STOP_LOSS_HIT,0.1358
1172,TRUMP_USDT,SHORT,StochasticRSI(FAST_SCALP-SHORT),2,0.2,1.617,1.614,1.614,1.622,2026-07-09 20:31:59 UTC,2026-07-09 20:45:38 UTC,818.67,0.3234,0.0043,0.0,0.0006,0.06,13.91,MIN_PROFIT_TP_HIT,0.1364
1173,TRUMP_USDT,SHORT,StochasticRSI(FAST_SCALP-SHORT),2,0.2,1.616,1.613,1.613,1.621,2026-07-09 21:08:59 UTC,2026-07-09 21:15:17 UTC,377.64,0.3232,0.0043,0.0,0.0006,0.06,13.92,MIN_PROFIT_TP_HIT,0.137
1174,TRUMP_USDT,LONG,StochasticRSI(FAST_SCALP-LONG),2,0.2,1.615,1.61,1.618,1.61,2026-07-09 21:19:59 UTC,2026-07-09 21:24:01 UTC,241.57,0.323,0.0043,0.0,-0.001,-0.09,-23.22,STOP_LOSS_HIT,0.136
1175,TRUMP_USDT,LONG,StochasticRSI(FAST_SCALP-LONG),2,0.2,1.61,1.605,1.613,1.605,2026-07-09 21:30:59 UTC,2026-07-09 21:42:47 UTC,707.66,0.322,0.0043,0.0,-0.001,-0.09,-23.29,STOP_LOSS_HIT,0.135
1176,TRUMP_USDT,SHORT,StochasticRSI(FAST_SCALP-SHORT),2,0.2,1.606,1.603,1.603,1.611,2026-07-09 21:52:59 UTC,2026-07-09 22:02:26 UTC,566.1,0.3212,0.0043,0.0,0.0006,0.06,14.01,MIN_PROFIT_TP_HIT,0.1356
1177,TRUMP_USDT,SHORT,StochasticRSI(FAST_SCALP-SHORT),2,0.2,1.606,1.603,1.603,1.611,2026-07-09 22:09:59 UTC,2026-07-09 23:00:09 UTC,3009.03,0.3212,0.0043,0.0,0.0006,0.06,14.01,MIN_PROFIT_TP_HIT,0.1362
1178,TRUMP_USDT,LONG,StochasticRSI(FAST_SCALP-LONG),2,0.2,1.604,1.599,1.607,1.599,2026-07-09 23:03:59 UTC,2026-07-09 23:17:12 UTC,792.02,0.3208,0.0043,0.0,-0.001,-0.09,-23.38,STOP_LOSS_HIT,0.1352
1179,TRUMP_USDT,SHORT,StochasticRSI(FAST_SCALP-SHORT),2,0.2,1.605,1.602,1.602,1.61,2026-07-09 23:27:59 UTC,2026-07-10 00:02:05 UTC,2045.17,0.321,0.0043,0.0,0.0006,0.06,14.02,MIN_PROFIT_TP_HIT,0.1358
1180,TRUMP_USDT,LONG,StochasticRSI(FAST_SCALP-LONG),2,0.2,1.604,1.607,1.607,1.599,2026-07-10 00:04:59 UTC,2026-07-10 00:05:46 UTC,46.94,0.3208,0.0043,0.0,0.0006,0.06,14.03,MIN_PROFIT_TP_HIT,0.1364
1181,TRUMP_USDT,SHORT,StochasticRSI(FAST_SCALP-SHORT),2,0.2,1.604,1.601,1.601,1.609,2026-07-10 00:11:59 UTC,2026-07-10 00:18:33 UTC,393.53,0.3208,0.0043,0.0,0.0006,0.06,14.03,MIN_PROFIT_TP_HIT,0.137
1182,TRUMP_USDT,LONG,StochasticRSI(FAST_SCALP-LONG),2,0.2,1.604,1.607,1.607,1.599,2026-07-10 00:20:59 UTC,2026-07-10 00:41:43 UTC,1243.47,0.3208,0.0043,0.0,0.0006,0.06,14.03,MIN_PROFIT_TP_HIT,0.1376
1183,TRUMP_USDT,SHORT,StochasticRSI(FAST_SCALP-SHORT),2,0.2,1.604,1.601,1.601,1.609,2026-07-10 00:44:59 UTC,2026-07-10 00:46:31 UTC,91.55,0.3208,0.0043,0.0,0.0006,0.06,14.03,MIN_PROFIT_TP_HIT,0.1382
1184,TRUMP_USDT,LONG,StochasticRSI(FAST_SCALP-LONG),2,0.2,1.602,1.605,1.605,1.597,2026-07-10 00:51:59 UTC,2026-07-10 00:59:48 UTC,468.43,0.3204,0.0043,0.0,0.0006,0.06,14.04,MIN_PROFIT_TP_HIT,0.1388
1185,TRUMP_USDT,SHORT,StochasticRSI(FAST_SCALP-SHORT),2,0.2,1.601,1.598,1.598,1.606,2026-07-10 01:03:59 UTC,2026-07-10 01:11:23 UTC,443.46,0.3202,0.0043,0.0,0.0006,0.06,14.05,MIN_PROFIT_TP_HIT,0.1394
1186,TRUMP_USDT,LONG,StochasticRSI(FAST_SCALP-LONG),2,0.2,1.602,1.605,1.605,1.597,2026-07-10 01:13:59 UTC,2026-07-10 01:17:18 UTC,198.59,0.3204,0.0043,0.0,0.0006,0.06,14.04,MIN_PROFIT_TP_HIT,0.14
1187,TRUMP_USDT,SHORT,StochasticRSI(FAST_SCALP-SHORT),2,0.2,1.608,1.605,1.605,1.613,2026-07-10 01:22:59 UTC,2026-07-10 01:39:47 UTC,1007.08,0.3216,0.0043,0.0,0.0006,0.06,13.99,MIN_PROFIT_TP_HIT,0.1406
1188,TRUMP_USDT,SHORT,StochasticRSI(FAST_SCALP-SHORT),2,0.2,1.622,1.619,1.619,1.627,2026-07-10 01:51:59 UTC,2026-07-10 01:52:29 UTC,29.25,0.3244,0.0043,0.0,0.0006,0.06,13.87,MIN_PROFIT_TP_HIT,0.1412
1189,TRUMP_USDT,LONG,StochasticRSI(FAST_SCALP-LONG),2,0.2,1.614,1.617,1.617,1.609,2026-07-10 02:00:59 UTC,2026-07-10 02:10:47 UTC,587.91,0.3228,0.0043,0.0,0.0006,0.06,13.94,MIN_PROFIT_TP_HIT,0.1418
1190,TRUMP_USDT,SHORT,StochasticRSI(FAST_SCALP-SHORT),2,0.2,1.615,1.612,1.612,1.62,2026-07-10 02:16:59 UTC,2026-07-10 03:41:44 UTC,5084.23,0.323,0.0043,0.0,0.0006,0.06,13.93,MIN_PROFIT_TP_HIT,0.1424
1191,TRUMP_USDT,LONG,StochasticRSI(FAST_SCALP-LONG),2,0.2,1.614,1.609,1.617,1.609,2026-07-10 03:43:59 UTC,2026-07-10 04:32:21 UTC,2901.15,0.3228,0.0043,0.0,-0.001,-0.09,-23.23,STOP_LOSS_HIT,0.1414
1192,TRUMP_USDT,LONG,StochasticRSI(FAST_SCALP-LONG),2,0.2,1.611,1.614,1.614,1.606,2026-07-10 04:33:59 UTC,2026-07-10 04:42:27 UTC,507.39,0.3222,0.0043,0.0,0.0006,0.06,13.97,MIN_PROFIT_TP_HIT,0.142
1193,TRUMP_USDT,SHORT,StochasticRSI(FAST_SCALP-SHORT),2,0.2,1.614,1.619,1.611,1.619,2026-07-10 04:44:59 UTC,2026-07-10 05:16:07 UTC,1867.87,0.3228,0.0043,0.0,-0.001,-0.09,-23.23,STOP_LOSS_HIT,0.141
1194,TRUMP_USDT,LONG,StochasticRSI(FAST_SCALP-LONG),2,0.2,1.615,1.618,1.618,1.61,2026-07-10 05:24:59 UTC,2026-07-10 05:37:25 UTC,745.38,0.323,0.0043,0.0,0.0006,0.06,13.93,MIN_PROFIT_TP_HIT,0.1416
1195,TRUMP_USDT,SHORT,StochasticRSI(FAST_SCALP-SHORT),2,0.2,1.618,1.615,1.615,1.623,2026-07-10 05:40:59 UTC,2026-07-10 05:43:34 UTC,154.72,0.3236,0.0043,0.0,0.0006,0.06,13.91,MIN_PROFIT_TP_HIT,0.1422
1196,TRUMP_USDT,LONG,StochasticRSI(FAST_SCALP-LONG),2,0.2,1.615,1.61,1.618,1.61,2026-07-10 05:46:59 UTC,2026-07-10 06:06:59 UTC,1199.72,0.323,0.0043,0.0,-0.001,-0.09,-23.22,STOP_LOSS_HIT,0.1412
1197,TRUMP_USDT,SHORT,StochasticRSI(FAST_SCALP-SHORT),2,0.2,1.607,1.604,1.604,1.612,2026-07-10 06:27:59 UTC,2026-07-10 07:47:24 UTC,4764.61,0.3214,0.0043,0.0,0.0006,0.06,14.0,MIN_PROFIT_TP_HIT,0.1418
1198,TRUMP_USDT,LONG,StochasticRSI(FAST_SCALP-LONG),2,0.2,1.605,1.608,1.608,1.6,2026-07-10 07:55:59 UTC,2026-07-10 08:16:39 UTC,1239.26,0.321,0.0043,0.0,0.0006,0.06,14.02,MIN_PROFIT_TP_HIT,0.1424
1199,TRUMP_USDT,SHORT,StochasticRSI(FAST_SCALP-SHORT),2,0.2,1.609,1.614,1.606,1.614,2026-07-10 08:19:59 UTC,2026-07-10 08:33:32 UTC,812.92,0.3218,0.0043,0.0,-0.001,-0.09,-23.31,STOP_LOSS_HIT,0.1414
1200,TRUMP_USDT,SHORT,StochasticRSI(FAST_SCALP-SHORT),2,0.2,1.616,1.613,1.613,1.621,2026-07-10 08:37:59 UTC,2026-07-10 09:12:59 UTC,2099.76,0.3232,0.0043,0.0,0.0006,0.06,13.92,MIN_PROFIT_TP_HIT,0.142
1201,TRUMP_USDT,LONG,StochasticRSI(FAST_SCALP-LONG),2,0.2,1.615,1.618,1.618,1.61,2026-07-10 09:15:59 UTC,2026-07-10 09:18:27 UTC,147.86,0.323,0.0043,0.0,0.0006,0.06,13.93,MIN_PROFIT_TP_HIT,0.1426
1202,TRUMP_USDT,SHORT,StochasticRSI(FAST_SCALP-SHORT),2,0.2,1.618,1.623,1.615,1.623,2026-07-10 09:24:59 UTC,2026-07-10 09:30:59 UTC,359.36,0.3236,0.0043,0.0,-0.001,-0.09,-23.18,STOP_LOSS_HIT,0.1416
1203,TRUMP_USDT,SHORT,StochasticRSI(FAST_SCALP-SHORT),2,0.2,1.631,1.628,1.628,1.636,2026-07-10 09:39:59 UTC,2026-07-10 09:45:00 UTC,300.34,0.3262,0.0043,0.0,0.0006,0.06,13.8,MIN_PROFIT_TP_HIT,0.1422
1204,TRUMP_USDT,LONG,StochasticRSI(FAST_SCALP-LONG),2,0.2,1.63,1.633,1.633,1.625,2026-07-10 09:46:59 UTC,2026-07-10 09:49:50 UTC,170.6,0.326,0.0043,0.0,0.0006,0.06,13.8,MIN_PROFIT_TP_HIT,0.1428
1205,TRUMP_USDT,SHORT,StochasticRSI(FAST_SCALP-SHORT),2,0.2,1.633,1.638,1.63,1.638,2026-07-10 09:57:59 UTC,2026-07-10 10:01:32 UTC,212.52,0.3266,0.0044,0.0,-0.001,-0.09,-22.96,STOP_LOSS_HIT,0.1418
1206,TRUMP_USDT,LONG,StochasticRSI(FAST_SCALP-LONG),2,0.2,1.633,1.636,1.636,1.628,2026-07-10 10:12:59 UTC,2026-07-10 10:25:24 UTC,744.74,0.3266,0.0044,0.0,0.0006,0.06,13.78,MIN_PROFIT_TP_HIT,0.1424
1207,TRUMP_USDT,SHORT,StochasticRSI(FAST_SCALP-SHORT),2,0.2,1.64,1.645,1.637,1.645,2026-07-10 10:32:59 UTC,2026-07-10 10:33:53 UTC,53.3,0.328,0.0044,0.0,-0.001,-0.09,-22.87,STOP_LOSS_HIT,0.1414
1208,TRUMP_USDT,LONG,StochasticRSI(FAST_SCALP-LONG),2,0.2,1.632,1.635,1.635,1.627,2026-07-10 10:40:59 UTC,2026-07-10 10:43:53 UTC,173.82,0.3264,0.0044,0.0,0.0006,0.06,13.79,MIN_PROFIT_TP_HIT,0.142
1209,TRUMP_USDT,LONG,StochasticRSI(FAST_SCALP-LONG),2,0.2,1.635,1.638,1.638,1.63,2026-07-10 10:44:59 UTC,2026-07-10 10:49:27 UTC,267.32,0.327,0.0044,0.0,0.0006,0.06,13.76,MIN_PROFIT_TP_HIT,0.1426
1210,TRUMP_USDT,SHORT,StochasticRSI(FAST_SCALP-SHORT),2,0.2,1.637,1.634,1.634,1.642,2026-07-10 10:50:59 UTC,2026-07-10 11:01:39 UTC,639.93,0.3274,0.0044,0.0,0.0006,0.06,13.74,MIN_PROFIT_TP_HIT,0.1432
1211,TRUMP_USDT,SHORT,StochasticRSI(FAST_SCALP-SHORT),2,0.2,1.632,1.629,1.629,1.637,2026-07-10 11:10:59 UTC,2026-07-10 11:20:29 UTC,569.22,0.3264,0.0044,0.0,0.0006,0.06,13.79,MIN_PROFIT_TP_HIT,0.1438
1212,TRUMP_USDT,LONG,StochasticRSI(FAST_SCALP-LONG),2,0.2,1.624,1.627,1.627,1.619,2026-07-10 11:28:59 UTC,2026-07-10 11:32:41 UTC,221.97,0.3248,0.0043,0.0,0.0006,0.06,13.85,MIN_PROFIT_TP_HIT,0.1444
1213,TRUMP_USDT,SHORT,StochasticRSI(FAST_SCALP-SHORT),2,0.2,1.625,1.63,1.622,1.63,2026-07-10 11:36:59 UTC,2026-07-10 11:46:07 UTC,547.68,0.325,0.0043,0.0,-0.001,-0.09,-23.08,STOP_LOSS_HIT,0.1434
1214,TRUMP_USDT,SHORT,StochasticRSI(FAST_SCALP-SHORT),2,0.2,1.629,1.626,1.626,1.634,2026-07-10 11:49:59 UTC,2026-07-10 12:02:44 UTC,764.29,0.3258,0.0043,0.0,0.0006,0.06,13.81,MIN_PROFIT_TP_HIT,0.144
1215,TRUMP_USDT,SHORT,StochasticRSI(FAST_SCALP-SHORT),2,0.2,1.629,1.626,1.626,1.634,2026-07-10 12:15:59 UTC,2026-07-10 12:18:31 UTC,151.88,0.3258,0.0043,0.0,0.0006,0.06,13.81,MIN_PROFIT_TP_HIT,0.1446
1216,TRUMP_USDT,LONG,StochasticRSI(FAST_SCALP-LONG),2,0.2,1.628,1.631,1.631,1.623,2026-07-10 12:22:59 UTC,2026-07-10 12:25:33 UTC,153.01,0.3256,0.0043,0.0,0.0006,0.06,13.82,MIN_PROFIT_TP_HIT,0.1452
1217,TRUMP_USDT,SHORT,StochasticRSI(FAST_SCALP-SHORT),2,0.2,1.631,1.628,1.628,1.636,2026-07-10 12:28:59 UTC,2026-07-10 12:39:26 UTC,626.54,0.3262,0.0043,0.0,0.0006,0.06,13.8,MIN_PROFIT_TP_HIT,0.1458
1218,TRUMP_USDT,LONG,StochasticRSI(FAST_SCALP-LONG),2,0.2,1.625,1.62,1.628,1.62,2026-07-10 12:45:59 UTC,2026-07-10 13:03:51 UTC,1071.14,0.325,0.0043,0.0,-0.001,-0.09,-23.08,STOP_LOSS_HIT,0.1448
1219,TRUMP_USDT,SHORT,StochasticRSI(FAST_SCALP-SHORT),2,0.2,1.62,1.617,1.617,1.625,2026-07-10 13:04:59 UTC,2026-07-10 13:30:32 UTC,1532.84,0.324,0.0043,0.0,0.0006,0.06,13.89,MIN_PROFIT_TP_HIT,0.1454
1220,TRUMP_USDT,LONG,StochasticRSI(FAST_SCALP-LONG),2,0.2,1.622,1.625,1.625,1.617,2026-07-10 13:32:59 UTC,2026-07-10 13:37:17 UTC,257.17,0.3244,0.0043,0.0,0.0006,0.06,13.87,MIN_PROFIT_TP_HIT,0.146
1221,TRUMP_USDT,SHORT,StochasticRSI(FAST_SCALP-SHORT),2,0.2,1.617,1.622,1.614,1.622,2026-07-10 13:40:59 UTC,2026-07-10 13:41:41 UTC,41.93,0.3234,0.0043,0.0,-0.001,-0.09,-23.19,STOP_LOSS_HIT,0.145
1222,TRUMP_USDT,SHORT,StochasticRSI(FAST_SCALP-SHORT),2,0.2,1.627,1.624,1.624,1.632,2026-07-10 13:49:59 UTC,2026-07-10 14:03:29 UTC,809.47,0.3254,0.0043,0.0,0.0006,0.06,13.83,MIN_PROFIT_TP_HIT,0.1456
1223,TRUMP_USDT,LONG,StochasticRSI(FAST_SCALP-LONG),2,0.2,1.624,1.619,1.627,1.619,2026-07-10 14:07:59 UTC,2026-07-10 14:10:45 UTC,165.07,0.3248,0.0043,0.0,-0.001,-0.09,-23.09,STOP_LOSS_HIT,0.1446
1224,TRUMP_USDT,LONG,StochasticRSI(FAST_SCALP-LONG),2,0.2,1.619,1.614,1.622,1.614,2026-07-10 14:14:59 UTC,2026-07-10 14:18:55 UTC,235.94,0.3238,0.0043,0.0,-0.001,-0.09,-23.16,STOP_LOSS_HIT,0.1436
1225,TRUMP_USDT,LONG,StochasticRSI(FAST_SCALP-LONG),2,0.2,1.61,1.613,1.613,1.605,2026-07-10 14:23:59 UTC,2026-07-10 14:24:16 UTC,16.38,0.322,0.0043,0.0,0.0006,0.06,13.98,MIN_PROFIT_TP_HIT,0.1442
1226,TRUMP_USDT,SHORT,StochasticRSI(FAST_SCALP-SHORT),2,0.2,1.614,1.611,1.611,1.619,2026-07-10 14:31:59 UTC,2026-07-10 14:32:43 UTC,43.27,0.3228,0.0043,0.0,0.0006,0.06,13.94,MIN_PROFIT_TP_HIT,0.1448
1227,TRUMP_USDT,SHORT,StochasticRSI(FAST_SCALP-SHORT),2,0.2,1.608,1.605,1.605,1.613,2026-07-10 14:42:59 UTC,2026-07-10 14:48:57 UTC,357.25,0.3216,0.0043,0.0,0.0006,0.06,13.99,MIN_PROFIT_TP_HIT,0.1454
1228,TRUMP_USDT,LONG,StochasticRSI(FAST_SCALP-LONG),2,0.2,1.608,1.611,1.611,1.603,2026-07-10 14:57:59 UTC,2026-07-10 15:00:37 UTC,157.51,0.3216,0.0043,0.0,0.0006,0.06,13.99,MIN_PROFIT_TP_HIT,0.146
1229,TRUMP_USDT,SHORT,StochasticRSI(FAST_SCALP-SHORT),2,0.2,1.614,1.611,1.611,1.619,2026-07-10 15:07:59 UTC,2026-07-10 15:11:26 UTC,206.28,0.3228,0.0043,0.0,0.0006,0.06,13.94,MIN_PROFIT_TP_HIT,0.1466
1230,TRUMP_USDT,LONG,StochasticRSI(FAST_SCALP-LONG),2,0.2,1.611,1.614,1.614,1.606,2026-07-10 15:14:59 UTC,2026-07-10 15:15:25 UTC,25.27,0.3222,0.0043,0.0,0.0006,0.06,13.97,MIN_PROFIT_TP_HIT,0.1472
1231,TRUMP_USDT,LONG,StochasticRSI(FAST_SCALP-LONG),2,0.2,1.616,1.611,1.619,1.611,2026-07-10 15:27:59 UTC,2026-07-10 15:35:36 UTC,456.38,0.3232,0.0043,0.0,-0.001,-0.09,-23.21,STOP_LOSS_HIT,0.1462
1232,TRUMP_USDT,LONG,StochasticRSI(FAST_SCALP-LONG),2,0.2,1.607,1.61,1.61,1.602,2026-07-10 15:46:59 UTC,2026-07-10 15:55:11 UTC,491.06,0.3214,0.0043,0.0,0.0006,0.06,14.0,MIN_PROFIT_TP_HIT,0.1468
1233,TRUMP_USDT,SHORT,StochasticRSI(FAST_SCALP-SHORT),2,0.2,1.61,1.615,1.607,1.615,2026-07-10 15:57:59 UTC,2026-07-10 16:15:03 UTC,1023.49,0.322,0.0043,0.0,-0.001,-0.09,-23.29,STOP_LOSS_HIT,0.1458
1234,TRUMP_USDT,SHORT,StochasticRSI(FAST_SCALP-SHORT),2,0.2,1.614,1.611,1.611,1.619,2026-07-10 16:18:59 UTC,2026-07-10 16:23:10 UTC,250.35,0.3228,0.0043,0.0,0.0006,0.06,13.94,MIN_PROFIT_TP_HIT,0.1464
1235,TRUMP_USDT,LONG,StochasticRSI(FAST_SCALP-LONG),2,0.2,1.61,1.605,1.613,1.605,2026-07-10 16:27:59 UTC,2026-07-10 16:37:44 UTC,584.25,0.322,0.0043,0.0,-0.001,-0.09,-23.29,STOP_LOSS_HIT,0.1454
1236,TRUMP_USDT,LONG,StochasticRSI(FAST_SCALP-LONG),2,0.2,1.607,1.61,1.61,1.602,2026-07-10 16:41:59 UTC,2026-07-10 16:43:38 UTC,98.31,0.3214,0.0043,0.0,0.0006,0.06,14.0,MIN_PROFIT_TP_HIT,0.146
1237,TRUMP_USDT,SHORT,StochasticRSI(FAST_SCALP-SHORT),2,0.2,1.615,1.612,1.612,1.62,2026-07-10 16:49:59 UTC,2026-07-10 16:54:08 UTC,248.06,0.323,0.0043,0.0,0.0006,0.06,13.93,MIN_PROFIT_TP_HIT,0.1466
1238,TRUMP_USDT,LONG,StochasticRSI(FAST_SCALP-LONG),2,0.2,1.615,1.618,1.618,1.61,2026-07-10 16:57:59 UTC,2026-07-10 16:58:33 UTC,33.76,0.323,0.0043,0.0,0.0006,0.06,13.93,MIN_PROFIT_TP_HIT,0.1472
1239,TRUMP_USDT,SHORT,StochasticRSI(FAST_SCALP-SHORT),2,0.2,1.615,1.612,1.612,1.62,2026-07-10 17:03:59 UTC,2026-07-10 17:10:25 UTC,385.61,0.323,0.0043,0.0,0.0006,0.06,13.93,MIN_PROFIT_TP_HIT,0.1478
1240,TRUMP_USDT,LONG,StochasticRSI(FAST_SCALP-LONG),2,0.2,1.613,1.608,1.616,1.608,2026-07-10 17:14:59 UTC,2026-07-10 17:32:30 UTC,1050.46,0.3226,0.0043,0.0,-0.001,-0.09,-23.25,STOP_LOSS_HIT,0.1468
1241,TRUMP_USDT,LONG,StochasticRSI(FAST_SCALP-LONG),2,0.2,1.607,1.602,1.61,1.602,2026-07-10 17:35:59 UTC,2026-07-10 17:42:01 UTC,361.71,0.3214,0.0043,0.0,-0.001,-0.09,-23.34,STOP_LOSS_HIT,0.1458
1242,TRUMP_USDT,LONG,StochasticRSI(FAST_SCALP-LONG),2,0.2,1.604,1.607,1.607,1.599,2026-07-10 17:44:59 UTC,2026-07-10 17:48:54 UTC,234.44,0.3208,0.0043,0.0,0.0006,0.06,14.03,MIN_PROFIT_TP_HIT,0.1464
1243,TRUMP_USDT,SHORT,StochasticRSI(FAST_SCALP-SHORT),2,0.2,1.605,1.602,1.602,1.61,2026-07-10 17:52:59 UTC,2026-07-10 17:57:34 UTC,274.13,0.321,0.0043,0.0,0.0006,0.06,14.02,MIN_PROFIT_TP_HIT,0.147
1244,TRUMP_USDT,LONG,StochasticRSI(FAST_SCALP-LONG),2,0.2,1.604,1.607,1.607,1.599,2026-07-10 18:01:59 UTC,2026-07-10 18:10:20 UTC,500.25,0.3208,0.0043,0.0,0.0006,0.06,14.03,MIN_PROFIT_TP_HIT,0.1476
1245,TRUMP_USDT,LONG,StochasticRSI(FAST_SCALP-LONG),2,0.2,1.603,1.606,1.606,1.598,2026-07-10 18:18:59 UTC,2026-07-10 18:19:49 UTC,49.2,0.3206,0.0043,0.0,0.0006,0.06,14.04,MIN_PROFIT_TP_HIT,0.1482
1246,TRUMP_USDT,SHORT,StochasticRSI(FAST_SCALP-SHORT),2,0.2,1.605,1.602,1.602,1.61,2026-07-10 18:27:59 UTC,2026-07-10 18:43:45 UTC,945.37,0.321,0.0043,0.0,0.0006,0.06,14.02,MIN_PROFIT_TP_HIT,0.1488
1247,TRUMP_USDT,LONG,StochasticRSI(FAST_SCALP-LONG),2,0.2,1.604,1.599,1.607,1.599,2026-07-10 18:46:59 UTC,2026-07-10 18:47:39 UTC,39.14,0.3208,0.0043,0.0,-0.001,-0.09,-23.38,STOP_LOSS_HIT,0.1478
1248,TRUMP_USDT,SHORT,StochasticRSI(FAST_SCALP-SHORT),2,0.2,1.603,1.608,1.6,1.608,2026-07-10 19:01:59 UTC,2026-07-10 19:13:39 UTC,699.81,0.3206,0.0043,0.0,-0.001,-0.09,-23.39,STOP_LOSS_HIT,0.1468
1249,TRUMP_USDT,SHORT,StochasticRSI(FAST_SCALP-SHORT),2,0.2,1.608,1.605,1.605,1.613,2026-07-10 19:18:59 UTC,2026-07-10 19:20:22 UTC,82.21,0.3216,0.0043,0.0,0.0006,0.06,13.99,MIN_PROFIT_TP_HIT,0.1474
1250,TRUMP_USDT,LONG,StochasticRSI(FAST_SCALP-LONG),2,0.2,1.605,1.608,1.608,1.6,2026-07-10 19:25:59 UTC,2026-07-10 19:27:07 UTC,67.25,0.321,0.0043,0.0,0.0006,0.06,14.02,MIN_PROFIT_TP_HIT,0.148
1251,TRUMP_USDT,SHORT,StochasticRSI(FAST_SCALP-SHORT),2,0.2,1.607,1.612,1.604,1.612,2026-07-10 19:31:59 UTC,2026-07-10 19:32:17 UTC,17.74,0.3214,0.0043,0.0,-0.001,-0.09,-23.34,STOP_LOSS_HIT,0.147
1252,TRUMP_USDT,SHORT,StochasticRSI(FAST_SCALP-SHORT),2,0.2,1.614,1.611,1.611,1.619,2026-07-10 19:38:59 UTC,2026-07-10 19:41:25 UTC,145.17,0.3228,0.0043,0.0,0.0006,0.06,13.94,MIN_PROFIT_TP_HIT,0.1476
1253,TRUMP_USDT,LONG,StochasticRSI(FAST_SCALP-LONG),2,0.2,1.611,1.606,1.614,1.606,2026-07-10 19:47:59 UTC,2026-07-10 19:57:27 UTC,567.56,0.3222,0.0043,0.0,-0.001,-0.09,-23.28,STOP_LOSS_HIT,0.1466
1254,TRUMP_USDT,LONG,StochasticRSI(FAST_SCALP-LONG),2,0.2,1.608,1.611,1.611,1.603,2026-07-10 19:59:59 UTC,2026-07-10 20:10:37 UTC,637.56,0.3216,0.0043,0.0,0.0006,0.06,13.99,MIN_PROFIT_TP_HIT,0.1472
1255,TRUMP_USDT,SHORT,StochasticRSI(FAST_SCALP-SHORT),2,0.2,1.61,1.607,1.607,1.615,2026-07-10 20:12:59 UTC,2026-07-10 20:16:04 UTC,184.41,0.322,0.0043,0.0,0.0006,0.06,13.98,MIN_PROFIT_TP_HIT,0.1478
1256,TRUMP_USDT,LONG,StochasticRSI(FAST_SCALP-LONG),2,0.2,1.608,1.611,1.611,1.603,2026-07-10 20:22:59 UTC,2026-07-10 20:35:20 UTC,740.89,0.3216,0.0043,0.0,0.0006,0.06,13.99,MIN_PROFIT_TP_HIT,0.1484
1257,TRUMP_USDT,SHORT,StochasticRSI(FAST_SCALP-SHORT),2,0.2,1.61,1.607,1.607,1.615,2026-07-10 20:38:59 UTC,2026-07-10 20:46:01 UTC,421.08,0.322,0.0043,0.0,0.0006,0.06,13.98,MIN_PROFIT_TP_HIT,0.149
1258,TRUMP_USDT,LONG,StochasticRSI(FAST_SCALP-LONG),2,0.2,1.606,1.609,1.609,1.601,2026-07-10 20:51:59 UTC,2026-07-10 21:13:00 UTC,1260.05,0.3212,0.0043,0.0,0.0006,0.06,14.01,MIN_PROFIT_TP_HIT,0.1496
1259,TRUMP_USDT,SHORT,StochasticRSI(FAST_SCALP-SHORT),2,0.2,1.612,1.617,1.609,1.617,2026-07-10 21:26:59 UTC,2026-07-10 21:38:39 UTC,699.52,0.3224,0.0043,0.0,-0.001,-0.09,-23.26,STOP_LOSS_HIT,0.1486
1260,TRUMP_USDT,SHORT,StochasticRSI(FAST_SCALP-SHORT),2,0.2,1.616,1.613,1.613,1.621,2026-07-10 21:40:59 UTC,2026-07-10 22:21:56 UTC,2456.57,0.3232,0.0043,0.0,0.0006,0.06,13.92,MIN_PROFIT_TP_HIT,0.1492
1261,TRUMP_USDT,LONG,StochasticRSI(FAST_SCALP-LONG),2,0.2,1.612,1.615,1.615,1.607,2026-07-10 22:25:59 UTC,2026-07-10 22:29:21 UTC,201.04,0.3224,0.0043,0.0,0.0006,0.06,13.96,MIN_PROFIT_TP_HIT,0.1498
1262,TRUMP_USDT,SHORT,StochasticRSI(FAST_SCALP-SHORT),2,0.2,1.615,1.62,1.612,1.62,2026-07-10 22:34:59 UTC,2026-07-10 22:54:41 UTC,1181.23,0.323,0.0043,0.0,-0.001,-0.09,-23.22,STOP_LOSS_HIT,0.1488
1263,TRUMP_USDT,SHORT,StochasticRSI(FAST_SCALP-SHORT),2,0.2,1.619,1.616,1.616,1.624,2026-07-10 22:57:59 UTC,2026-07-10 23:02:43 UTC,283.19,0.3238,0.0043,0.0,0.0006,0.06,13.9,MIN_PROFIT_TP_HIT,0.1494
1264,TRUMP_USDT,LONG,StochasticRSI(FAST_SCALP-LONG),2,0.2,1.616,1.619,1.619,1.611,2026-07-10 23:05:59 UTC,2026-07-10 23:27:27 UTC,1287.57,0.3232,0.0043,0.0,0.0006,0.06,13.92,MIN_PROFIT_TP_HIT,0.15
1265,TRUMP_USDT,SHORT,StochasticRSI(FAST_SCALP-SHORT),2,0.2,1.618,1.615,1.615,1.623,2026-07-10 23:29:59 UTC,2026-07-10 23:36:20 UTC,380.06,0.3236,0.0043,0.0,0.0006,0.06,13.91,MIN_PROFIT_TP_HIT,0.1506
1266,TRUMP_USDT,LONG,StochasticRSI(FAST_SCALP-LONG),2,0.2,1.616,1.611,1.619,1.611,2026-07-10 23:40:59 UTC,2026-07-11 00:01:09 UTC,1209.01,0.3232,0.0043,0.0,-0.001,-0.09,-23.21,STOP_LOSS_HIT,0.1496
1267,TRUMP_USDT,LONG,StochasticRSI(FAST_SCALP-LONG),2,0.2,1.61,1.613,1.613,1.605,2026-07-11 00:13:59 UTC,2026-07-11 00:24:11 UTC,611.05,0.322,0.0043,0.0,0.0006,0.06,13.98,MIN_PROFIT_TP_HIT,0.1502
1268,TRUMP_USDT,SHORT,StochasticRSI(FAST_SCALP-SHORT),2,0.2,1.615,1.612,1.612,1.62,2026-07-11 00:26:59 UTC,2026-07-11 00:36:12 UTC,552.3,0.323,0.0043,0.0,0.0006,0.06,13.93,MIN_PROFIT_TP_HIT,0.1508
1269,TRUMP_USDT,LONG,StochasticRSI(FAST_SCALP-LONG),2,0.2,1.613,1.616,1.616,1.608,2026-07-11 00:39:59 UTC,2026-07-11 00:44:29 UTC,269.67,0.3226,0.0043,0.0,0.0006,0.06,13.95,MIN_PROFIT_TP_HIT,0.1514
1270,TRUMP_USDT,SHORT,StochasticRSI(FAST_SCALP-SHORT),2,0.2,1.618,1.615,1.615,1.623,2026-07-11 00:47:59 UTC,2026-07-11 01:40:38 UTC,3158.55,0.3236,0.0043,0.0,0.0006,0.06,13.91,MIN_PROFIT_TP_HIT,0.152
1271,TRUMP_USDT,LONG,StochasticRSI(FAST_SCALP-LONG),2,0.2,1.617,1.612,1.62,1.612,2026-07-11 01:43:59 UTC,2026-07-11 01:45:02 UTC,62.74,0.3234,0.0043,0.0,-0.001,-0.09,-23.19,STOP_LOSS_HIT,0.151
1272,TRUMP_USDT,LONG,StochasticRSI(FAST_SCALP-LONG),2,0.2,1.615,1.61,1.618,1.61,2026-07-11 01:47:59 UTC,2026-07-11 02:01:15 UTC,795.32,0.323,0.0043,0.0,-0.001,-0.09,-23.22,STOP_LOSS_HIT,0.15
1273,TRUMP_USDT,SHORT,StochasticRSI(FAST_SCALP-SHORT),2,0.2,1.614,1.611,1.611,1.619,2026-07-11 02:11:59 UTC,2026-07-11 02:12:22 UTC,22.63,0.3228,0.0043,0.0,0.0006,0.06,13.94,MIN_PROFIT_TP_HIT,0.1506
1274,TRUMP_USDT,LONG,StochasticRSI(FAST_SCALP-LONG),2,0.2,1.61,1.613,1.613,1.605,2026-07-11 02:29:59 UTC,2026-07-11 02:43:07 UTC,787.89,0.322,0.0043,0.0,0.0006,0.06,13.98,MIN_PROFIT_TP_HIT,0.1512
1275,TRUMP_USDT,SHORT,StochasticRSI(FAST_SCALP-SHORT),2,0.2,1.613,1.61,1.61,1.618,2026-07-11 02:48:59 UTC,2026-07-11 03:18:01 UTC,1741.57,0.3226,0.0043,0.0,0.0006,0.06,13.95,MIN_PROFIT_TP_HIT,0.1518
1276,TRUMP_USDT,LONG,StochasticRSI(FAST_SCALP-LONG),2,0.2,1.611,1.614,1.614,1.606,2026-07-11 03:20:59 UTC,2026-07-11 03:36:56 UTC,956.42,0.3222,0.0043,0.0,0.0006,0.06,13.97,MIN_PROFIT_TP_HIT,0.1524
1277,TRUMP_USDT,SHORT,StochasticRSI(FAST_SCALP-SHORT),2,0.2,1.614,1.611,1.611,1.619,2026-07-11 03:38:59 UTC,2026-07-11 03:42:12 UTC,192.59,0.3228,0.0043,0.0,0.0006,0.06,13.94,MIN_PROFIT_TP_HIT,0.153
1278,TRUMP_USDT,LONG,StochasticRSI(FAST_SCALP-LONG),2,0.2,1.611,1.606,1.614,1.606,2026-07-11 03:46:59 UTC,2026-07-11 04:17:29 UTC,1829.69,0.3222,0.0043,0.0,-0.001,-0.09,-23.28,STOP_LOSS_HIT,0.152
1279,TRUMP_USDT,LONG,StochasticRSI(FAST_SCALP-LONG),2,0.2,1.608,1.603,1.611,1.603,2026-07-11 04:20:59 UTC,2026-07-11 05:00:22 UTC,2362.61,0.3216,0.0043,0.0,-0.001,-0.09,-23.32,STOP_LOSS_HIT,0.151
1280,TRUMP_USDT,SHORT,StochasticRSI(FAST_SCALP-SHORT),2,0.2,1.605,1.61,1.602,1.61,2026-07-11 05:15:59 UTC,2026-07-11 05:22:04 UTC,364.06,0.321,0.0043,0.0,-0.001,-0.09,-23.36,STOP_LOSS_HIT,0.15
1281,TRUMP_USDT,SHORT,StochasticRSI(FAST_SCALP-SHORT),2,0.2,1.609,1.614,1.606,1.614,2026-07-11 05:25:59 UTC,2026-07-11 05:38:09 UTC,729.15,0.3218,0.0043,0.0,-0.001,-0.09,-23.31,STOP_LOSS_HIT,0.149
1282,TRUMP_USDT,SHORT,StochasticRSI(FAST_SCALP-SHORT),2,0.2,1.611,1.608,1.608,1.616,2026-07-11 05:40:59 UTC,2026-07-11 05:41:26 UTC,26.1,0.3222,0.0043,0.0,0.0006,0.06,13.97,MIN_PROFIT_TP_HIT,0.1496
1283,TRUMP_USDT,LONG,StochasticRSI(FAST_SCALP-LONG),2,0.2,1.606,1.609,1.609,1.601,2026-07-11 05:46:59 UTC,2026-07-11 06:18:10 UTC,1870.33,0.3212,0.0043,0.0,0.0006,0.06,14.01,MIN_PROFIT_TP_HIT,0.1502
1284,TRUMP_USDT,SHORT,StochasticRSI(FAST_SCALP-SHORT),2,0.2,1.611,1.608,1.608,1.616,2026-07-11 06:22:59 UTC,2026-07-11 06:26:15 UTC,195.39,0.3222,0.0043,0.0,0.0006,0.06,13.97,MIN_PROFIT_TP_HIT,0.1508
1285,TRUMP_USDT,LONG,StochasticRSI(FAST_SCALP-LONG),2,0.2,1.609,1.612,1.612,1.604,2026-07-11 06:31:59 UTC,2026-07-11 06:40:36 UTC,516.22,0.3218,0.0043,0.0,0.0006,0.06,13.98,MIN_PROFIT_TP_HIT,0.1514
1286,TRUMP_USDT,SHORT,StochasticRSI(FAST_SCALP-SHORT),2,0.2,1.611,1.608,1.608,1.616,2026-07-11 06:42:59 UTC,2026-07-11 06:48:01 UTC,301.97,0.3222,0.0043,0.0,0.0006,0.06,13.97,MIN_PROFIT_TP_HIT,0.152
1287,TRUMP_USDT,LONG,StochasticRSI(FAST_SCALP-LONG),2,0.2,1.606,1.609,1.609,1.601,2026-07-11 06:55:59 UTC,2026-07-11 09:03:06 UTC,7626.55,0.3212,0.0043,0.0,0.0006,0.06,14.01,MIN_PROFIT_TP_HIT,0.1526
1288,TRUMP_USDT,SHORT,StochasticRSI(FAST_SCALP-SHORT),2,0.2,1.613,1.61,1.61,1.618,2026-07-11 09:07:59 UTC,2026-07-11 09:19:56 UTC,716.82,0.3226,0.0043,0.0,0.0006,0.06,13.95,MIN_PROFIT_TP_HIT,0.1532
1289,TRUMP_USDT,LONG,StochasticRSI(FAST_SCALP-LONG),2,0.2,1.609,1.612,1.612,1.604,2026-07-11 09:23:59 UTC,2026-07-11 09:29:28 UTC,328.04,0.3218,0.0043,0.0,0.0006,0.06,13.98,MIN_PROFIT_TP_HIT,0.1538
1290,TRUMP_USDT,SHORT,StochasticRSI(FAST_SCALP-SHORT),2,0.2,1.609,1.614,1.606,1.614,2026-07-11 09:32:59 UTC,2026-07-11 09:37:55 UTC,295.86,0.3218,0.0043,0.0,-0.001,-0.09,-23.31,STOP_LOSS_HIT,0.1528
1291,TRUMP_USDT,SHORT,StochasticRSI(FAST_SCALP-SHORT),2,0.2,1.613,1.61,1.61,1.618,2026-07-11 09:41:59 UTC,2026-07-11 09:45:13 UTC,193.03,0.3226,0.0043,0.0,0.0006,0.06,13.95,MIN_PROFIT_TP_HIT,0.1534
1292,TRUMP_USDT,LONG,StochasticRSI(FAST_SCALP-LONG),2,0.2,1.608,1.611,1.611,1.603,2026-07-11 09:50:59 UTC,2026-07-11 11:07:10 UTC,4570.37,0.3216,0.0043,0.0,0.0006,0.06,13.99,MIN_PROFIT_TP_HIT,0.154
1293,TRUMP_USDT,SHORT,StochasticRSI(FAST_SCALP-SHORT),2,0.2,1.612,1.609,1.609,1.617,2026-07-11 11:10:59 UTC,2026-07-11 11:24:31 UTC,811.75,0.3224,0.0043,0.0,0.0006,0.06,13.96,MIN_PROFIT_TP_HIT,0.1546
1294,TRUMP_USDT,LONG,StochasticRSI(FAST_SCALP-LONG),2,0.2,1.61,1.613,1.613,1.605,2026-07-11 11:27:59 UTC,2026-07-11 11:40:06 UTC,726.46,0.322,0.0043,0.0,0.0006,0.06,13.98,MIN_PROFIT_TP_HIT,0.1552
1295,TRUMP_USDT,LONG,StochasticRSI(FAST_SCALP-LONG),2,0.2,1.612,1.615,1.615,1.607,2026-07-11 11:54:59 UTC,2026-07-11 12:13:33 UTC,1113.31,0.3224,0.0043,0.0,0.0006,0.06,13.96,MIN_PROFIT_TP_HIT,0.1558
1296,TRUMP_USDT,SHORT,StochasticRSI(FAST_SCALP-SHORT),2,0.2,1.614,1.611,1.611,1.619,2026-07-11 12:18:59 UTC,2026-07-11 12:36:00 UTC,1020.09,0.3228,0.0043,0.0,0.0006,0.06,13.94,MIN_PROFIT_TP_HIT,0.1564
1297,TRUMP_USDT,LONG,StochasticRSI(FAST_SCALP-LONG),2,0.2,1.609,1.612,1.612,1.604,2026-07-11 12:39:59 UTC,2026-07-11 12:41:11 UTC,71.46,0.3218,0.0043,0.0,0.0006,0.06,13.98,MIN_PROFIT_TP_HIT,0.157
1298,TRUMP_USDT,LONG,StochasticRSI(FAST_SCALP-LONG),2,0.2,1.611,1.614,1.614,1.606,2026-07-11 12:42:59 UTC,2026-07-11 12:50:06 UTC,426.47,0.3222,0.0043,0.0,0.0006,0.06,13.97,MIN_PROFIT_TP_HIT,0.1576
1299,TRUMP_USDT,LONG,StochasticRSI(FAST_SCALP-LONG),2,0.2,1.612,1.615,1.615,1.607,2026-07-11 13:02:59 UTC,2026-07-11 13:20:35 UTC,1055.84,0.3224,0.0043,0.0,0.0006,0.06,13.96,MIN_PROFIT_TP_HIT,0.1582
1300,TRUMP_USDT,SHORT,StochasticRSI(FAST_SCALP-SHORT),2,0.2,1.613,1.618,1.61,1.618,2026-07-11 13:21:59 UTC,2026-07-11 13:32:40 UTC,640.69,0.3226,0.0043,0.0,-0.001,-0.09,-23.25,STOP_LOSS_HIT,0.1572
1301,TRUMP_USDT,LONG,StochasticRSI(FAST_SCALP-LONG),2,0.2,1.615,1.618,1.618,1.61,2026-07-11 13:37:59 UTC,2026-07-11 14:19:13 UTC,2473.9,0.323,0.0043,0.0,0.0006,0.06,13.93,MIN_PROFIT_TP_HIT,0.1578
1302,TRUMP_USDT,SHORT,StochasticRSI(FAST_SCALP-SHORT),2,0.2,1.617,1.622,1.614,1.622,2026-07-11 14:24:59 UTC,2026-07-11 14:35:44 UTC,644.87,0.3234,0.0043,0.0,-0.001,-0.09,-23.19,STOP_LOSS_HIT,0.1568
1303,TRUMP_USDT,SHORT,StochasticRSI(FAST_SCALP-SHORT),2,0.2,1.622,1.627,1.619,1.627,2026-07-11 14:38:59 UTC,2026-07-11 14:41:18 UTC,138.44,0.3244,0.0043,0.0,-0.001,-0.09,-23.12,STOP_LOSS_HIT,0.1558
1304,TRUMP_USDT,LONG,StochasticRSI(FAST_SCALP-LONG),2,0.2,1.624,1.627,1.627,1.619,2026-07-11 14:47:59 UTC,2026-07-11 14:48:58 UTC,58.89,0.3248,0.0043,0.0,0.0006,0.06,13.85,MIN_PROFIT_TP_HIT,0.1564
1305,TRUMP_USDT,LONG,StochasticRSI(FAST_SCALP-LONG),2,0.2,1.628,1.631,1.631,1.623,2026-07-11 15:03:59 UTC,2026-07-11 15:11:10 UTC,430.45,0.3256,0.0043,0.0,0.0006,0.06,13.82,MIN_PROFIT_TP_HIT,0.157
1306,TRUMP_USDT,LONG,StochasticRSI(FAST_SCALP-LONG),2,0.2,1.625,1.628,1.628,1.62,2026-07-11 15:19:59 UTC,2026-07-11 15:24:41 UTC,281.61,0.325,0.0043,0.0,0.0006,0.06,13.85,MIN_PROFIT_TP_HIT,0.1576
1307,TRUMP_USDT,SHORT,StochasticRSI(FAST_SCALP-SHORT),2,0.2,1.625,1.622,1.622,1.63,2026-07-11 15:26:59 UTC,2026-07-11 15:37:14 UTC,614.7,0.325,0.0043,0.0,0.0006,0.06,13.85,MIN_PROFIT_TP_HIT,0.1582
1308,TRUMP_USDT,LONG,StochasticRSI(FAST_SCALP-LONG),2,0.2,1.617,1.612,1.62,1.612,2026-07-11 15:41:59 UTC,2026-07-11 15:47:22 UTC,322.36,0.3234,0.0043,0.0,-0.001,-0.09,-23.19,STOP_LOSS_HIT,0.1572
1309,TRUMP_USDT,SHORT,StochasticRSI(FAST_SCALP-SHORT),2,0.2,1.616,1.613,1.613,1.621,2026-07-11 15:57:59 UTC,2026-07-11 16:03:53 UTC,353.64,0.3232,0.0043,0.0,0.0006,0.06,13.92,MIN_PROFIT_TP_HIT,0.1578
1310,TRUMP_USDT,LONG,StochasticRSI(FAST_SCALP-LONG),2,0.2,1.613,1.616,1.616,1.608,2026-07-11 16:06:59 UTC,2026-07-11 16:13:51 UTC,411.26,0.3226,0.0043,0.0,0.0006,0.06,13.95,MIN_PROFIT_TP_HIT,0.1584
1311,TRUMP_USDT,SHORT,StochasticRSI(FAST_SCALP-SHORT),2,0.2,1.614,1.611,1.611,1.619,2026-07-11 16:16:59 UTC,2026-07-11 16:21:45 UTC,285.37,0.3228,0.0043,0.0,0.0006,0.06,13.94,MIN_PROFIT_TP_HIT,0.159
1312,TRUMP_USDT,LONG,StochasticRSI(FAST_SCALP-LONG),2,0.2,1.613,1.616,1.616,1.608,2026-07-11 16:23:59 UTC,2026-07-11 16:24:37 UTC,37.01,0.3226,0.0043,0.0,0.0006,0.06,13.95,MIN_PROFIT_TP_HIT,0.1596
1313,TRUMP_USDT,SHORT,StochasticRSI(FAST_SCALP-SHORT),2,0.2,1.616,1.613,1.613,1.621,2026-07-11 16:30:59 UTC,2026-07-11 16:37:13 UTC,373.46,0.3232,0.0043,0.0,0.0006,0.06,13.92,MIN_PROFIT_TP_HIT,0.1602
1314,TRUMP_USDT,LONG,StochasticRSI(FAST_SCALP-LONG),2,0.2,1.614,1.617,1.617,1.609,2026-07-11 16:38:59 UTC,2026-07-11 16:49:33 UTC,633.74,0.3228,0.0043,0.0,0.0006,0.06,13.94,MIN_PROFIT_TP_HIT,0.1608
1315,TRUMP_USDT,SHORT,StochasticRSI(FAST_SCALP-SHORT),2,0.2,1.618,1.623,1.615,1.623,2026-07-11 16:52:59 UTC,2026-07-11 17:10:44 UTC,1064.28,0.3236,0.0043,0.0,-0.001,-0.09,-23.18,STOP_LOSS_HIT,0.1598
1316,TRUMP_USDT,SHORT,StochasticRSI(FAST_SCALP-SHORT),2,0.2,1.623,1.62,1.62,1.628,2026-07-11 17:11:59 UTC,2026-07-11 17:52:05 UTC,2405.01,0.3246,0.0043,0.0,0.0006,0.06,13.86,MIN_PROFIT_TP_HIT,0.1604
1317,TRUMP_USDT,LONG,StochasticRSI(FAST_SCALP-LONG),2,0.2,1.621,1.624,1.624,1.616,2026-07-11 17:56:59 UTC,2026-07-11 18:14:15 UTC,1035.47,0.3242,0.0043,0.0,0.0006,0.06,13.88,MIN_PROFIT_TP_HIT,0.161
1318,TRUMP_USDT,SHORT,StochasticRSI(FAST_SCALP-SHORT),2,0.2,1.623,1.628,1.62,1.628,2026-07-11 18:15:59 UTC,2026-07-11 18:21:19 UTC,319.54,0.3246,0.0043,0.0,-0.001,-0.09,-23.11,STOP_LOSS_HIT,0.16
1319,TRUMP_USDT,SHORT,StochasticRSI(FAST_SCALP-SHORT),2,0.2,1.626,1.623,1.623,1.631,2026-07-11 18:34:59 UTC,2026-07-11 18:46:45 UTC,705.2,0.3252,0.0043,0.0,0.0006,0.06,13.84,MIN_PROFIT_TP_HIT,0.1606
1320,TRUMP_USDT,LONG,StochasticRSI(FAST_SCALP-LONG),2,0.2,1.624,1.627,1.627,1.619,2026-07-11 18:47:59 UTC,2026-07-11 20:05:00 UTC,4620.7,0.3248,0.0043,0.0,0.0006,0.06,13.85,MIN_PROFIT_TP_HIT,0.1612
1321,TRUMP_USDT,LONG,StochasticRSI(FAST_SCALP-LONG),2,0.2,1.627,1.622,1.63,1.622,2026-07-11 20:13:59 UTC,2026-07-11 21:19:00 UTC,3900.4,0.3254,0.0043,0.0,-0.001,-0.09,-23.05,STOP_LOSS_HIT,0.1602
1322,TRUMP_USDT,SHORT,StochasticRSI(FAST_SCALP-SHORT),2,0.2,1.628,1.625,1.625,1.633,2026-07-11 21:31:59 UTC,2026-07-11 21:46:05 UTC,845.71,0.3256,0.0043,0.0,0.0006,0.06,13.82,MIN_PROFIT_TP_HIT,0.1608
1323,TRUMP_USDT,LONG,StochasticRSI(FAST_SCALP-LONG),2,0.2,1.625,1.628,1.628,1.62,2026-07-11 21:49:59 UTC,2026-07-11 21:54:15 UTC,255.63,0.325,0.0043,0.0,0.0006,0.06,13.85,MIN_PROFIT_TP_HIT,0.1614
1324,TRUMP_USDT,SHORT,StochasticRSI(FAST_SCALP-SHORT),2,0.2,1.625,1.622,1.622,1.63,2026-07-11 21:56:59 UTC,2026-07-11 22:00:54 UTC,234.21,0.325,0.0043,0.0,0.0006,0.06,13.85,MIN_PROFIT_TP_HIT,0.162
1325,TRUMP_USDT,SHORT,StochasticRSI(FAST_SCALP-SHORT),2,0.2,1.625,1.622,1.622,1.63,2026-07-11 22:10:59 UTC,2026-07-11 22:14:47 UTC,227.24,0.325,0.0043,0.0,0.0006,0.06,13.85,MIN_PROFIT_TP_HIT,0.1626
1326,TRUMP_USDT,LONG,StochasticRSI(FAST_SCALP-LONG),2,0.2,1.622,1.617,1.625,1.617,2026-07-11 22:18:59 UTC,2026-07-11 22:20:14 UTC,74.35,0.3244,0.0043,0.0,-0.001,-0.09,-23.12,STOP_LOSS_HIT,0.1616
1327,TRUMP_USDT,LONG,StochasticRSI(FAST_SCALP-LONG),2,0.2,1.613,1.616,1.616,1.608,2026-07-11 22:23:59 UTC,2026-07-11 22:34:16 UTC,616.13,0.3226,0.0043,0.0,0.0006,0.06,13.95,MIN_PROFIT_TP_HIT,0.1622
1328,TRUMP_USDT,SHORT,StochasticRSI(FAST_SCALP-SHORT),2,0.2,1.615,1.612,1.612,1.62,2026-07-11 22:38:59 UTC,2026-07-11 22:39:41 UTC,41.19,0.323,0.0043,0.0,0.0006,0.06,13.93,MIN_PROFIT_TP_HIT,0.1628
1329,TRUMP_USDT,SHORT,StochasticRSI(FAST_SCALP-SHORT),2,0.2,1.61,1.607,1.607,1.615,2026-07-11 23:02:59 UTC,2026-07-11 23:08:36 UTC,336.43,0.322,0.0043,0.0,0.0006,0.06,13.98,MIN_PROFIT_TP_HIT,0.1634
1330,TRUMP_USDT,LONG,StochasticRSI(FAST_SCALP-LONG),2,0.2,1.606,1.601,1.609,1.601,2026-07-11 23:14:59 UTC,2026-07-11 23:21:46 UTC,406.24,0.3212,0.0043,0.0,-0.001,-0.09,-23.35,STOP_LOSS_HIT,0.1624
1331,TRUMP_USDT,LONG,StochasticRSI(FAST_SCALP-LONG),2,0.2,1.593,1.596,1.596,1.588,2026-07-11 23:34:59 UTC,2026-07-11 23:45:13 UTC,613.3,0.3186,0.0042,0.0,0.0006,0.06,14.12,MIN_PROFIT_TP_HIT,0.163
1332,TRUMP_USDT,LONG,StochasticRSI(FAST_SCALP-LONG),2,0.2,1.568,1.571,1.571,1.563,2026-07-12 00:02:59 UTC,2026-07-12 00:03:16 UTC,16.66,0.3136,0.0042,0.0,0.0006,0.06,14.35,MIN_PROFIT_TP_HIT,0.1636
1333,TRUMP_USDT,SHORT,StochasticRSI(FAST_SCALP-SHORT),2,0.2,1.563,1.568,1.56,1.568,2026-07-12 00:08:59 UTC,2026-07-12 00:10:49 UTC,109.07,0.3126,0.0042,0.0,-0.001,-0.09,-23.99,STOP_LOSS_HIT,0.1626
1334,TRUMP_USDT,SHORT,StochasticRSI(FAST_SCALP-SHORT),2,0.2,1.567,1.564,1.564,1.572,2026-07-12 00:15:59 UTC,2026-07-12 00:17:18 UTC,78.17,0.3134,0.0042,0.0,0.0006,0.06,14.36,MIN_PROFIT_TP_HIT,0.1632
1335,TRUMP_USDT,SHORT,StochasticRSI(FAST_SCALP-SHORT),2,0.2,1.565,1.57,1.562,1.57,2026-07-12 00:19:59 UTC,2026-07-12 00:21:53 UTC,113.59,0.313,0.0042,0.0,-0.001,-0.09,-23.96,STOP_LOSS_HIT,0.1622
1336,TRUMP_USDT,SHORT,StochasticRSI(FAST_SCALP-SHORT),2,0.2,1.567,1.564,1.564,1.572,2026-07-12 00:24:59 UTC,2026-07-12 00:30:02 UTC,302.82,0.3134,0.0042,0.0,0.0006,0.06,14.36,MIN_PROFIT_TP_HIT,0.1628
1337,TRUMP_USDT,LONG,StochasticRSI(FAST_SCALP-LONG),2,0.2,1.564,1.567,1.567,1.559,2026-07-12 00:33:59 UTC,2026-07-12 00:34:32 UTC,32.58,0.3128,0.0042,0.0,0.0006,0.06,14.39,MIN_PROFIT_TP_HIT,0.1634
1338,TRUMP_USDT,SHORT,StochasticRSI(FAST_SCALP-SHORT),2,0.2,1.564,1.561,1.561,1.569,2026-07-12 00:38:59 UTC,2026-07-12 00:39:36 UTC,36.16,0.3128,0.0042,0.0,0.0006,0.06,14.39,MIN_PROFIT_TP_HIT,0.164
1339,TRUMP_USDT,SHORT,StochasticRSI(FAST_SCALP-SHORT),2,0.2,1.563,1.568,1.56,1.568,2026-07-12 00:47:59 UTC,2026-07-12 00:50:52 UTC,172.63,0.3126,0.0042,0.0,-0.001,-0.09,-23.99,STOP_LOSS_HIT,0.163
1340,TRUMP_USDT,SHORT,StochasticRSI(FAST_SCALP-SHORT),2,0.2,1.566,1.563,1.563,1.571,2026-07-12 00:58:59 UTC,2026-07-12 01:00:07 UTC,67.12,0.3132,0.0042,0.0,0.0006,0.06,14.37,MIN_PROFIT_TP_HIT,0.1636
1341,TRUMP_USDT,LONG,StochasticRSI(FAST_SCALP-LONG),2,0.2,1.569,1.572,1.572,1.564,2026-07-12 01:02:59 UTC,2026-07-12 01:16:31 UTC,811.44,0.3138,0.0042,0.0,0.0006,0.06,14.34,MIN_PROFIT_TP_HIT,0.1642
1342,TRUMP_USDT,SHORT,StochasticRSI(FAST_SCALP-SHORT),2,0.2,1.573,1.578,1.57,1.578,2026-07-12 01:18:59 UTC,2026-07-12 01:28:02 UTC,542.06,0.3146,0.0042,0.0,-0.001,-0.09,-23.84,STOP_LOSS_HIT,0.1632
1343,TRUMP_USDT,SHORT,StochasticRSI(FAST_SCALP-SHORT),2,0.2,1.577,1.574,1.574,1.582,2026-07-12 01:37:59 UTC,2026-07-12 02:05:10 UTC,1630.47,0.3154,0.0042,0.0,0.0006,0.06,14.27,MIN_PROFIT_TP_HIT,0.1638
1344,TRUMP_USDT,LONG,StochasticRSI(FAST_SCALP-LONG),2,0.2,1.575,1.578,1.578,1.57,2026-07-12 02:08:59 UTC,2026-07-12 02:09:50 UTC,50.79,0.315,0.0042,0.0,0.0006,0.06,14.29,MIN_PROFIT_TP_HIT,0.1644
1345,TRUMP_USDT,SHORT,StochasticRSI(FAST_SCALP-SHORT),2,0.2,1.576,1.581,1.573,1.581,2026-07-12 02:19:59 UTC,2026-07-12 03:23:34 UTC,3814.9,0.3152,0.0042,0.0,-0.001,-0.09,-23.79,STOP_LOSS_HIT,0.1634
1346,TRUMP_USDT,SHORT,StochasticRSI(FAST_SCALP-SHORT),2,0.2,1.58,1.585,1.577,1.585,2026-07-12 03:26:59 UTC,2026-07-12 03:33:18 UTC,378.85,0.316,0.0042,0.0,-0.001,-0.09,-23.73,STOP_LOSS_HIT,0.1624
1347,TRUMP_USDT,SHORT,StochasticRSI(FAST_SCALP-SHORT),2,0.2,1.58,1.577,1.577,1.585,2026-07-12 03:36:59 UTC,2026-07-12 04:32:32 UTC,3332.94,0.316,0.0042,0.0,0.0006,0.06,14.24,MIN_PROFIT_TP_HIT,0.163
1348,TRUMP_USDT,LONG,StochasticRSI(FAST_SCALP-LONG),2,0.2,1.576,1.579,1.579,1.571,2026-07-12 04:36:59 UTC,2026-07-12 04:40:17 UTC,197.67,0.3152,0.0042,0.0,0.0006,0.06,14.28,MIN_PROFIT_TP_HIT,0.1636
1349,TRUMP_USDT,SHORT,StochasticRSI(FAST_SCALP-SHORT),2,0.2,1.581,1.578,1.578,1.586,2026-07-12 04:46:59 UTC,2026-07-12 04:49:20 UTC,140.16,0.3162,0.0042,0.0,0.0006,0.06,14.23,MIN_PROFIT_TP_HIT,0.1642
1350,TRUMP_USDT,LONG,StochasticRSI(FAST_SCALP-LONG),2,0.2,1.576,1.571,1.579,1.571,2026-07-12 04:53:59 UTC,2026-07-12 05:16:24 UTC,1344.49,0.3152,0.0042,0.0,-0.001,-0.09,-23.79,STOP_LOSS_HIT,0.1632
1351,TRUMP_USDT,LONG,StochasticRSI(FAST_SCALP-LONG),2,0.2,1.567,1.57,1.57,1.562,2026-07-12 05:19:59 UTC,2026-07-12 05:27:08 UTC,428.28,0.3134,0.0042,0.0,0.0006,0.06,14.36,MIN_PROFIT_TP_HIT,0.1638
1352,TRUMP_USDT,SHORT,StochasticRSI(FAST_SCALP-SHORT),2,0.2,1.571,1.568,1.568,1.576,2026-07-12 05:48:59 UTC,2026-07-12 06:01:21 UTC,741.14,0.3142,0.0042,0.0,0.0006,0.06,14.32,MIN_PROFIT_TP_HIT,0.1644
1353,TRUMP_USDT,LONG,StochasticRSI(FAST_SCALP-LONG),2,0.2,1.562,1.557,1.565,1.557,2026-07-12 06:07:59 UTC,2026-07-12 06:13:48 UTC,348.05,0.3124,0.0042,0.0,-0.001,-0.09,-24.01,STOP_LOSS_HIT,0.1634
1354,TRUMP_USDT,SHORT,StochasticRSI(FAST_SCALP-SHORT),2,0.2,1.557,1.554,1.554,1.562,2026-07-12 06:23:59 UTC,2026-07-12 06:26:56 UTC,176.48,0.3114,0.0042,0.0,0.0006,0.06,14.45,MIN_PROFIT_TP_HIT,0.164
1355,TRUMP_USDT,SHORT,StochasticRSI(FAST_SCALP-SHORT),2,0.2,1.557,1.554,1.554,1.562,2026-07-12 06:27:59 UTC,2026-07-12 06:28:19 UTC,19.46,0.3114,0.0042,0.0,0.0006,0.06,14.45,MIN_PROFIT_TP_HIT,0.1646
1356,TRUMP_USDT,SHORT,StochasticRSI(FAST_SCALP-SHORT),2,0.2,1.561,1.566,1.558,1.566,2026-07-12 06:40:59 UTC,2026-07-12 07:04:52 UTC,1432.13,0.3122,0.0042,0.0,-0.001,-0.09,-24.02,STOP_LOSS_HIT,0.1636
1357,TRUMP_USDT,LONG,StochasticRSI(FAST_SCALP-LONG),2,0.2,1.565,1.568,1.568,1.56,2026-07-12 07:10:59 UTC,2026-07-12 07:22:14 UTC,674.17,0.313,0.0042,0.0,0.0006,0.06,14.38,MIN_PROFIT_TP_HIT,0.1642
1358,TRUMP_USDT,SHORT,StochasticRSI(FAST_SCALP-SHORT),2,0.2,1.567,1.564,1.564,1.572,2026-07-12 07:24:59 UTC,2026-07-12 07:29:38 UTC,278.62,0.3134,0.0042,0.0,0.0006,0.06,14.36,MIN_PROFIT_TP_HIT,0.1648
1359,TRUMP_USDT,SHORT,StochasticRSI(FAST_SCALP-SHORT),2,0.2,1.564,1.561,1.561,1.569,2026-07-12 07:46:59 UTC,2026-07-12 07:51:12 UTC,252.78,0.3128,0.0042,0.0,0.0006,0.06,14.39,MIN_PROFIT_TP_HIT,0.1654
1360,TRUMP_USDT,LONG,StochasticRSI(FAST_SCALP-LONG),2,0.2,1.564,1.567,1.567,1.559,2026-07-12 07:53:59 UTC,2026-07-12 08:03:59 UTC,599.48,0.3128,0.0042,0.0,0.0006,0.06,14.39,MIN_PROFIT_TP_HIT,0.166
1361,TRUMP_USDT,SHORT,StochasticRSI(FAST_SCALP-SHORT),2,0.2,1.569,1.574,1.566,1.574,2026-07-12 08:11:59 UTC,2026-07-12 08:56:54 UTC,2694.16,0.3138,0.0042,0.0,-0.001,-0.09,-23.9,STOP_LOSS_HIT,0.165
1362,TRUMP_USDT,SHORT,StochasticRSI(FAST_SCALP-SHORT),2,0.2,1.573,1.57,1.57,1.578,2026-07-12 09:01:59 UTC,2026-07-12 09:13:13 UTC,673.13,0.3146,0.0042,0.0,0.0006,0.06,14.3,MIN_PROFIT_TP_HIT,0.1656
1363,TRUMP_USDT,LONG,StochasticRSI(FAST_SCALP-LONG),2,0.2,1.567,1.57,1.57,1.562,2026-07-12 09:19:59 UTC,2026-07-12 09:31:22 UTC,682.78,0.3134,0.0042,0.0,0.0006,0.06,14.36,MIN_PROFIT_TP_HIT,0.1662
1364,TRUMP_USDT,SHORT,StochasticRSI(FAST_SCALP-SHORT),2,0.2,1.574,1.571,1.571,1.579,2026-07-12 09:48:59 UTC,2026-07-12 09:59:39 UTC,639.73,0.3148,0.0042,0.0,0.0006,0.06,14.29,MIN_PROFIT_TP_HIT,0.1668
1365,TRUMP_USDT,LONG,StochasticRSI(FAST_SCALP-LONG),2,0.2,1.573,1.568,1.576,1.568,2026-07-12 10:04:59 UTC,2026-07-12 11:10:31 UTC,3931.39,0.3146,0.0042,0.0,-0.001,-0.09,-23.84,STOP_LOSS_HIT,0.1658
1366,TRUMP_USDT,LONG,StochasticRSI(FAST_SCALP-LONG),2,0.2,1.565,1.568,1.568,1.56,2026-07-12 11:11:59 UTC,2026-07-12 11:13:33 UTC,93.48,0.313,0.0042,0.0,0.0006,0.06,14.38,MIN_PROFIT_TP_HIT,0.1664
1367,TRUMP_USDT,SHORT,StochasticRSI(FAST_SCALP-SHORT),2,0.2,1.569,1.574,1.566,1.574,2026-07-12 11:20:59 UTC,2026-07-12 11:29:08 UTC,488.57,0.3138,0.0042,0.0,-0.001,-0.09,-23.9,STOP_LOSS_HIT,0.1654
1368,TRUMP_USDT,SHORT,StochasticRSI(FAST_SCALP-SHORT),2,0.2,1.572,1.577,1.569,1.577,2026-07-12 11:31:59 UTC,2026-07-12 11:43:41 UTC,701.21,0.3144,0.0042,0.0,-0.001,-0.09,-23.85,STOP_LOSS_HIT,0.1644
1369,TRUMP_USDT,LONG,StochasticRSI(FAST_SCALP-LONG),2,0.2,1.576,1.579,1.579,1.571,2026-07-12 11:44:59 UTC,2026-07-12 12:11:41 UTC,1601.48,0.3152,0.0042,0.0,0.0006,0.06,14.28,MIN_PROFIT_TP_HIT,0.165
1370,TRUMP_USDT,SHORT,StochasticRSI(FAST_SCALP-SHORT),2,0.2,1.579,1.576,1.576,1.584,2026-07-12 12:16:59 UTC,2026-07-12 12:24:42 UTC,462.64,0.3158,0.0042,0.0,0.0006,0.06,14.25,MIN_PROFIT_TP_HIT,0.1656
1371,TRUMP_USDT,LONG,StochasticRSI(FAST_SCALP-LONG),2,0.2,1.576,1.579,1.579,1.571,2026-07-12 12:30:59 UTC,2026-07-12 12:36:11 UTC,311.27,0.3152,0.0042,0.0,0.0006,0.06,14.28,MIN_PROFIT_TP_HIT,0.1662
1372,TRUMP_USDT,SHORT,StochasticRSI(FAST_SCALP-SHORT),2,0.2,1.577,1.574,1.574,1.582,2026-07-12 12:40:59 UTC,2026-07-12 13:28:04 UTC,2824.69,0.3154,0.0042,0.0,0.0006,0.06,14.27,MIN_PROFIT_TP_HIT,0.1668
1373,TRUMP_USDT,SHORT,StochasticRSI(FAST_SCALP-SHORT),2,0.2,1.568,1.565,1.565,1.573,2026-07-12 13:29:59 UTC,2026-07-12 13:43:56 UTC,836.25,0.3136,0.0042,0.0,0.0006,0.06,14.35,MIN_PROFIT_TP_HIT,0.1674
1374,TRUMP_USDT,SHORT,StochasticRSI(FAST_SCALP-SHORT),2,0.2,1.568,1.565,1.565,1.573,2026-07-12 13:53:59 UTC,2026-07-12 14:01:56 UTC,476.34,0.3136,0.0042,0.0,0.0006,0.06,14.35,MIN_PROFIT_TP_HIT,0.168
1375,TRUMP_USDT,LONG,StochasticRSI(FAST_SCALP-LONG),2,0.2,1.567,1.57,1.57,1.562,2026-07-12 14:04:59 UTC,2026-07-12 14:06:52 UTC,112.81,0.3134,0.0042,0.0,0.0006,0.06,14.36,MIN_PROFIT_TP_HIT,0.1686
1376,TRUMP_USDT,SHORT,StochasticRSI(FAST_SCALP-SHORT),2,0.2,1.569,1.574,1.566,1.574,2026-07-12 14:10:59 UTC,2026-07-12 14:32:44 UTC,1304.34,0.3138,0.0042,0.0,-0.001,-0.09,-23.9,STOP_LOSS_HIT,0.1676
1377,TRUMP_USDT,SHORT,StochasticRSI(FAST_SCALP-SHORT),2,0.2,1.574,1.579,1.571,1.579,2026-07-12 14:38:59 UTC,2026-07-12 14:46:42 UTC,462.43,0.3148,0.0042,0.0,-0.001,-0.09,-23.82,STOP_LOSS_HIT,0.1666
1378,TRUMP_USDT,LONG,StochasticRSI(FAST_SCALP-LONG),2,0.2,1.582,1.585,1.585,1.577,2026-07-12 15:03:59 UTC,2026-07-12 15:05:02 UTC,62.36,0.3164,0.0042,0.0,0.0006,0.06,14.22,MIN_PROFIT_TP_HIT,0.1672
1379,TRUMP_USDT,SHORT,StochasticRSI(FAST_SCALP-SHORT),2,0.2,1.585,1.59,1.582,1.59,2026-07-12 15:14:59 UTC,2026-07-12 15:24:27 UTC,567.45,0.317,0.0042,0.0,-0.001,-0.09,-23.66,STOP_LOSS_HIT,0.1662
1380,TRUMP_USDT,SHORT,StochasticRSI(FAST_SCALP-SHORT),2,0.2,1.589,1.586,1.586,1.594,2026-07-12 15:27:59 UTC,2026-07-12 15:35:29 UTC,449.81,0.3178,0.0042,0.0,0.0006,0.06,14.16,MIN_PROFIT_TP_HIT,0.1668
1381,TRUMP_USDT,LONG,StochasticRSI(FAST_SCALP-LONG),2,0.2,1.585,1.588,1.588,1.58,2026-07-12 15:39:59 UTC,2026-07-12 15:51:41 UTC,701.38,0.317,0.0042,0.0,0.0006,0.06,14.2,MIN_PROFIT_TP_HIT,0.1674
1382,TRUMP_USDT,SHORT,StochasticRSI(FAST_SCALP-SHORT),2,0.2,1.588,1.585,1.585,1.593,2026-07-12 15:56:59 UTC,2026-07-12 16:12:26 UTC,926.59,0.3176,0.0042,0.0,0.0006,0.06,14.17,MIN_PROFIT_TP_HIT,0.168
1383,TRUMP_USDT,LONG,StochasticRSI(FAST_SCALP-LONG),2,0.2,1.579,1.582,1.582,1.574,2026-07-12 16:17:59 UTC,2026-07-12 16:18:48 UTC,48.38,0.3158,0.0042,0.0,0.0006,0.06,14.25,MIN_PROFIT_TP_HIT,0.1686
1384,TRUMP_USDT,SHORT,StochasticRSI(FAST_SCALP-SHORT),2,0.2,1.582,1.579,1.579,1.587,2026-07-12 16:24:59 UTC,2026-07-12 16:31:57 UTC,417.43,0.3164,0.0042,0.0,0.0006,0.06,14.22,MIN_PROFIT_TP_HIT,0.1692
1385,TRUMP_USDT,LONG,StochasticRSI(FAST_SCALP-LONG),2,0.2,1.578,1.581,1.581,1.573,2026-07-12 16:35:59 UTC,2026-07-12 16:41:41 UTC,341.97,0.3156,0.0042,0.0,0.0006,0.06,14.26,MIN_PROFIT_TP_HIT,0.1698
1386,TRUMP_USDT,SHORT,StochasticRSI(FAST_SCALP-SHORT),2,0.2,1.581,1.578,1.578,1.586,2026-07-12 16:46:59 UTC,2026-07-12 16:53:56 UTC,416.63,0.3162,0.0042,0.0,0.0006,0.06,14.23,MIN_PROFIT_TP_HIT,0.1704
1387,TRUMP_USDT,LONG,StochasticRSI(FAST_SCALP-LONG),2,0.2,1.579,1.574,1.582,1.574,2026-07-12 16:56:59 UTC,2026-07-12 17:50:33 UTC,3213.06,0.3158,0.0042,0.0,-0.001,-0.09,-23.75,STOP_LOSS_HIT,0.1694
1388,TRUMP_USDT,LONG,StochasticRSI(FAST_SCALP-LONG),2,0.2,1.573,1.576,1.576,1.568,2026-07-12 17:52:59 UTC,2026-07-12 18:30:47 UTC,2267.72,0.3146,0.0042,0.0,0.0006,0.06,14.3,MIN_PROFIT_TP_HIT,0.17
1389,TRUMP_USDT,SHORT,StochasticRSI(FAST_SCALP-SHORT),2,0.2,1.577,1.582,1.574,1.582,2026-07-12 18:34:59 UTC,2026-07-12 18:41:21 UTC,381.13,0.3154,0.0042,0.0,-0.001,-0.09,-23.78,STOP_LOSS_HIT,0.169
1390,TRUMP_USDT,LONG,StochasticRSI(FAST_SCALP-LONG),2,0.2,1.58,1.583,1.583,1.575,2026-07-12 18:44:59 UTC,2026-07-12 19:06:06 UTC,1266.67,0.316,0.0042,0.0,0.0006,0.06,14.24,MIN_PROFIT_TP_HIT,0.1696
1391,TRUMP_USDT,SHORT,StochasticRSI(FAST_SCALP-SHORT),2,0.2,1.581,1.578,1.578,1.586,2026-07-12 19:14:59 UTC,2026-07-12 19:30:21 UTC,921.58,0.3162,0.0042,0.0,0.0006,0.06,14.23,MIN_PROFIT_TP_HIT,0.1702
1392,TRUMP_USDT,LONG,StochasticRSI(FAST_SCALP-LONG),2,0.2,1.577,1.58,1.58,1.572,2026-07-12 19:32:59 UTC,2026-07-12 19:45:30 UTC,750.76,0.3154,0.0042,0.0,0.0006,0.06,14.27,MIN_PROFIT_TP_HIT,0.1708
1393,TRUMP_USDT,SHORT,StochasticRSI(FAST_SCALP-SHORT),2,0.2,1.58,1.577,1.577,1.585,2026-07-12 19:50:59 UTC,2026-07-12 19:59:01 UTC,481.12,0.316,0.0042,0.0,0.0006,0.06,14.24,MIN_PROFIT_TP_HIT,0.1714
1394,TRUMP_USDT,LONG,StochasticRSI(FAST_SCALP-LONG),2,0.2,1.573,1.568,1.576,1.568,2026-07-12 20:08:59 UTC,2026-07-12 21:20:32 UTC,4292.81,0.3146,0.0042,0.0,-0.001,-0.09,-23.84,STOP_LOSS_HIT,0.1704
1395,TRUMP_USDT,LONG,StochasticRSI(FAST_SCALP-LONG),2,0.2,1.569,1.564,1.572,1.564,2026-07-12 21:25:59 UTC,2026-07-12 21:47:33 UTC,1293.06,0.3138,0.0042,0.0,-0.001,-0.09,-23.9,STOP_LOSS_HIT,0.1694
1396,TRUMP_USDT,LONG,StochasticRSI(FAST_SCALP-LONG),2,0.2,1.563,1.558,1.566,1.558,2026-07-12 21:50:59 UTC,2026-07-12 22:00:01 UTC,541.66,0.3126,0.0042,0.0,-0.001,-0.09,-23.99,STOP_LOSS_HIT,0.1684
1397,TRUMP_USDT,LONG,StochasticRSI(FAST_SCALP-LONG),2,0.2,1.554,1.549,1.557,1.549,2026-07-12 22:07:59 UTC,2026-07-12 22:18:04 UTC,604.04,0.3108,0.0041,0.0,-0.001,-0.09,-24.13,STOP_LOSS_HIT,0.1674
1398,TRUMP_USDT,LONG,StochasticRSI(FAST_SCALP-LONG),2,0.2,1.55,1.553,1.553,1.545,2026-07-12 22:21:59 UTC,2026-07-12 22:23:57 UTC,117.99,0.31,0.0041,0.0,0.0006,0.06,14.52,MIN_PROFIT_TP_HIT,0.168
1399,TRUMP_USDT,SHORT,StochasticRSI(FAST_SCALP-SHORT),2,0.2,1.552,1.549,1.549,1.557,2026-07-12 22:29:59 UTC,2026-07-12 22:37:32 UTC,452.45,0.3104,0.0041,0.0,0.0006,0.06,14.5,MIN_PROFIT_TP_HIT,0.1686
1400,TRUMP_USDT,LONG,StochasticRSI(FAST_SCALP-LONG),2,0.2,1.548,1.543,1.551,1.543,2026-07-12 22:41:59 UTC,2026-07-12 22:48:46 UTC,406.19,0.3096,0.0041,0.0,-0.001,-0.09,-24.22,STOP_LOSS_HIT,0.1676
1401,TRUMP_USDT,SHORT,StochasticRSI(FAST_SCALP-SHORT),2,0.2,1.553,1.55,1.55,1.558,2026-07-12 22:57:59 UTC,2026-07-12 23:01:38 UTC,218.54,0.3106,0.0041,0.0,0.0006,0.06,14.49,MIN_PROFIT_TP_HIT,0.1682
1402,TRUMP_USDT,LONG,StochasticRSI(FAST_SCALP-LONG),2,0.2,1.551,1.554,1.554,1.546,2026-07-12 23:06:59 UTC,2026-07-12 23:28:43 UTC,1303.53,0.3102,0.0041,0.0,0.0006,0.06,14.51,MIN_PROFIT_TP_HIT,0.1688
1403,TRUMP_USDT,SHORT,StochasticRSI(FAST_SCALP-SHORT),2,0.2,1.553,1.558,1.55,1.558,2026-07-12 23:33:59 UTC,2026-07-12 23:52:16 UTC,1096.71,0.3106,0.0041,0.0,-0.001,-0.09,-24.15,STOP_LOSS_HIT,0.1678
1404,TRUMP_USDT,SHORT,StochasticRSI(FAST_SCALP-SHORT),2,0.2,1.557,1.554,1.554,1.562,2026-07-12 23:56:59 UTC,2026-07-13 00:00:19 UTC,199.05,0.3114,0.0042,0.0,0.0006,0.06,14.45,MIN_PROFIT_TP_HIT,0.1684
1405,TRUMP_USDT,LONG,StochasticRSI(FAST_SCALP-LONG),2,0.2,1.563,1.566,1.566,1.558,2026-07-13 00:02:59 UTC,2026-07-13 00:05:20 UTC,140.25,0.3126,0.0042,0.0,0.0006,0.06,14.4,MIN_PROFIT_TP_HIT,0.169
1406,TRUMP_USDT,SHORT,StochasticRSI(FAST_SCALP-SHORT),2,0.2,1.561,1.566,1.558,1.566,2026-07-13 00:08:59 UTC,2026-07-13 00:09:11 UTC,11.93,0.3122,0.0042,0.0,-0.001,-0.09,-24.02,STOP_LOSS_HIT,0.168
1407,TRUMP_USDT,SHORT,StochasticRSI(FAST_SCALP-SHORT),2,0.2,1.574,1.571,1.571,1.579,2026-07-13 00:18:59 UTC,2026-07-13 00:31:27 UTC,747.88,0.3148,0.0042,0.0,0.0006,0.06,14.29,MIN_PROFIT_TP_HIT,0.1686
1408,TRUMP_USDT,LONG,StochasticRSI(FAST_SCALP-LONG),2,0.2,1.571,1.566,1.574,1.566,2026-07-13 00:33:59 UTC,2026-07-13 00:37:31 UTC,211.25,0.3142,0.0042,0.0,-0.001,-0.09,-23.87,STOP_LOSS_HIT,0.1676
1409,TRUMP_USDT,LONG,StochasticRSI(FAST_SCALP-LONG),2,0.2,1.555,1.558,1.558,1.55,2026-07-13 00:42:59 UTC,2026-07-13 00:44:58 UTC,118.1,0.311,0.0041,0.0,0.0006,0.06,14.47,MIN_PROFIT_TP_HIT,0.1682
1410,TRUMP_USDT,SHORT,StochasticRSI(FAST_SCALP-SHORT),2,0.2,1.563,1.56,1.56,1.568,2026-07-13 00:49:59 UTC,2026-07-13 01:00:07 UTC,607.4,0.3126,0.0042,0.0,0.0006,0.06,14.4,MIN_PROFIT_TP_HIT,0.1688
1411,TRUMP_USDT,SHORT,StochasticRSI(FAST_SCALP-SHORT),2,0.2,1.559,1.556,1.556,1.564,2026-07-13 01:06:59 UTC,2026-07-13 01:09:43 UTC,163.08,0.3118,0.0042,0.0,0.0006,0.06,14.43,MIN_PROFIT_TP_HIT,0.1694
1412,TRUMP_USDT,LONG,StochasticRSI(FAST_SCALP-LONG),2,0.2,1.556,1.559,1.559,1.551,2026-07-13 01:12:59 UTC,2026-07-13 01:15:24 UTC,144.73,0.3112,0.0041,0.0,0.0006,0.06,14.46,MIN_PROFIT_TP_HIT,0.17
1413,TRUMP_USDT,SHORT,StochasticRSI(FAST_SCALP-SHORT),2,0.2,1.552,1.549,1.549,1.557,2026-07-13 01:17:59 UTC,2026-07-13 01:33:58 UTC,958.02,0.3104,0.0041,0.0,0.0006,0.06,14.5,MIN_PROFIT_TP_HIT,0.1706
1414,TRUMP_USDT,SHORT,StochasticRSI(FAST_SCALP-SHORT),2,0.2,1.553,1.55,1.55,1.558,2026-07-13 01:41:59 UTC,2026-07-13 01:42:53 UTC,53.72,0.3106,0.0041,0.0,0.0006,0.06,14.49,MIN_PROFIT_TP_HIT,0.1712
1415,TRUMP_USDT,LONG,StochasticRSI(FAST_SCALP-LONG),2,0.2,1.551,1.546,1.554,1.546,2026-07-13 01:47:59 UTC,2026-07-13 01:55:29 UTC,449.03,0.3102,0.0041,0.0,-0.001,-0.09,-24.18,STOP_LOSS_HIT,0.1702
1416,TRUMP_USDT,LONG,StochasticRSI(FAST_SCALP-LONG),2,0.2,1.537,1.54,1.54,1.532,2026-07-13 02:00:59 UTC,2026-07-13 02:03:55 UTC,175.59,0.3074,0.0041,0.0,0.0006,0.06,14.64,MIN_PROFIT_TP_HIT,0.1708
1417,TRUMP_USDT,SHORT,StochasticRSI(FAST_SCALP-SHORT),2,0.2,1.531,1.536,1.528,1.536,2026-07-13 02:08:59 UTC,2026-07-13 02:12:11 UTC,191.72,0.3062,0.0041,0.0,-0.001,-0.09,-24.49,STOP_LOSS_HIT,0.1698
1418,TRUMP_USDT,SHORT,StochasticRSI(FAST_SCALP-SHORT),2,0.2,1.542,1.539,1.539,1.547,2026-07-13 02:19:59 UTC,2026-07-13 02:28:03 UTC,483.23,0.3084,0.0041,0.0,0.0006,0.06,14.59,MIN_PROFIT_TP_HIT,0.1704
1419,TRUMP_USDT,LONG,StochasticRSI(FAST_SCALP-LONG),2,0.2,1.541,1.544,1.544,1.536,2026-07-13 02:33:59 UTC,2026-07-13 02:36:12 UTC,132.37,0.3082,0.0041,0.0,0.0006,0.06,14.6,MIN_PROFIT_TP_HIT,0.171
1420,TRUMP_USDT,SHORT,StochasticRSI(FAST_SCALP-SHORT),2,0.2,1.542,1.539,1.539,1.547,2026-07-13 02:38:59 UTC,2026-07-13 03:01:54 UTC,1374.22,0.3084,0.0041,0.0,0.0006,0.06,14.59,MIN_PROFIT_TP_HIT,0.1716
1421,TRUMP_USDT,LONG,StochasticRSI(FAST_SCALP-LONG),2,0.2,1.531,1.534,1.534,1.526,2026-07-13 03:13:59 UTC,2026-07-13 03:15:04 UTC,64.3,0.3062,0.0041,0.0,0.0006,0.06,14.7,MIN_PROFIT_TP_HIT,0.1722
1422,TRUMP_USDT,SHORT,StochasticRSI(FAST_SCALP-SHORT),2,0.2,1.531,1.528,1.528,1.536,2026-07-13 03:18:59 UTC,2026-07-13 03:19:22 UTC,22.8,0.3062,0.0041,0.0,0.0006,0.06,14.7,MIN_PROFIT_TP_HIT,0.1728
1423,TRUMP_USDT,LONG,StochasticRSI(FAST_SCALP-LONG),2,0.2,1.531,1.534,1.534,1.526,2026-07-13 03:25:59 UTC,2026-07-13 03:28:31 UTC,151.08,0.3062,0.0041,0.0,0.0006,0.06,14.7,MIN_PROFIT_TP_HIT,0.1734
1424,TRUMP_USDT,SHORT,StochasticRSI(FAST_SCALP-SHORT),2,0.2,1.529,1.526,1.526,1.534,2026-07-13 03:31:59 UTC,2026-07-13 03:33:04 UTC,64.57,0.3058,0.0041,0.0,0.0006,0.06,14.72,MIN_PROFIT_TP_HIT,0.174
1425,TRUMP_USDT,LONG,StochasticRSI(FAST_SCALP-LONG),2,0.2,1.527,1.53,1.53,1.522,2026-07-13 03:37:59 UTC,2026-07-13 03:38:30 UTC,30.87,0.3054,0.0041,0.0,0.0006,0.06,14.73,MIN_PROFIT_TP_HIT,0.1746
1426,TRUMP_USDT,SHORT,StochasticRSI(FAST_SCALP-SHORT),2,0.2,1.53,1.535,1.527,1.535,2026-07-13 03:44:59 UTC,2026-07-13 03:53:34 UTC,514.32,0.306,0.0041,0.0,-0.001,-0.09,-24.51,STOP_LOSS_HIT,0.1736
1427,TRUMP_USDT,SHORT,StochasticRSI(FAST_SCALP-SHORT),2,0.2,1.536,1.533,1.533,1.541,2026-07-13 03:55:59 UTC,2026-07-13 04:03:44 UTC,464.69,0.3072,0.0041,0.0,0.0006,0.06,14.65,MIN_PROFIT_TP_HIT,0.1742
1428,TRUMP_USDT,LONG,StochasticRSI(FAST_SCALP-LONG),2,0.2,1.534,1.537,1.537,1.529,2026-07-13 04:08:59 UTC,2026-07-13 04:13:05 UTC,245.34,0.3068,0.0041,0.0,0.0006,0.06,14.67,MIN_PROFIT_TP_HIT,0.1748
1429,TRUMP_USDT,SHORT,StochasticRSI(FAST_SCALP-SHORT),2,0.2,1.535,1.54,1.532,1.54,2026-07-13 04:15:59 UTC,2026-07-13 04:38:51 UTC,1371.64,0.307,0.0041,0.0,-0.001,-0.09,-24.43,STOP_LOSS_HIT,0.1738
1430,TRUMP_USDT,SHORT,StochasticRSI(FAST_SCALP-SHORT),2,0.2,1.539,1.536,1.536,1.544,2026-07-13 04:42:59 UTC,2026-07-13 04:56:34 UTC,814.81,0.3078,0.0041,0.0,0.0006,0.06,14.62,MIN_PROFIT_TP_HIT,0.1744
1431,TRUMP_USDT,LONG,StochasticRSI(FAST_SCALP-LONG),2,0.2,1.534,1.537,1.537,1.529,2026-07-13 05:02:59 UTC,2026-07-13 05:04:23 UTC,83.96,0.3068,0.0041,0.0,0.0006,0.06,14.67,MIN_PROFIT_TP_HIT,0.175
1432,TRUMP_USDT,SHORT,StochasticRSI(FAST_SCALP-SHORT),2,0.2,1.539,1.536,1.536,1.544,2026-07-13 05:09:59 UTC,2026-07-13 05:16:00 UTC,360.94,0.3078,0.0041,0.0,0.0006,0.06,14.62,MIN_PROFIT_TP_HIT,0.1756
1433,TRUMP_USDT,LONG,StochasticRSI(FAST_SCALP-LONG),2,0.2,1.539,1.534,1.542,1.534,2026-07-13 05:19:59 UTC,2026-07-13 05:23:27 UTC,207.47,0.3078,0.0041,0.0,-0.001,-0.09,-24.37,STOP_LOSS_HIT,0.1746
1434,TRUMP_USDT,LONG,StochasticRSI(FAST_SCALP-LONG),2,0.2,1.534,1.537,1.537,1.529,2026-07-13 05:25:59 UTC,2026-07-13 05:31:46 UTC,346.62,0.3068,0.0041,0.0,0.0006,0.06,14.67,MIN_PROFIT_TP_HIT,0.1752
1435,TRUMP_USDT,SHORT,StochasticRSI(FAST_SCALP-SHORT),2,0.2,1.542,1.547,1.539,1.547,2026-07-13 05:37:59 UTC,2026-07-13 06:25:51 UTC,2871.99,0.3084,0.0041,0.0,-0.001,-0.09,-24.32,STOP_LOSS_HIT,0.1742
1436,TRUMP_USDT,SHORT,StochasticRSI(FAST_SCALP-SHORT),2,0.2,1.548,1.545,1.545,1.553,2026-07-13 06:32:59 UTC,2026-07-13 06:50:54 UTC,1074.74,0.3096,0.0041,0.0,0.0006,0.06,14.53,MIN_PROFIT_TP_HIT,0.1748
1437,TRUMP_USDT,LONG,StochasticRSI(FAST_SCALP-LONG),2,0.2,1.546,1.549,1.549,1.541,2026-07-13 06:55:59 UTC,2026-07-13 07:05:06 UTC,546.13,0.3092,0.0041,0.0,0.0006,0.06,14.55,MIN_PROFIT_TP_HIT,0.1754
1438,TRUMP_USDT,SHORT,StochasticRSI(FAST_SCALP-SHORT),2,0.2,1.549,1.546,1.546,1.554,2026-07-13 07:07:59 UTC,2026-07-13 07:18:22 UTC,622.61,0.3098,0.0041,0.0,0.0006,0.06,14.53,MIN_PROFIT_TP_HIT,0.176
1439,TRUMP_USDT,LONG,StochasticRSI(FAST_SCALP-LONG),2,0.2,1.545,1.548,1.548,1.54,2026-07-13 07:21:59 UTC,2026-07-13 07:27:22 UTC,322.37,0.309,0.0041,0.0,0.0006,0.06,14.56,MIN_PROFIT_TP_HIT,0.1766
1440,TRUMP_USDT,SHORT,StochasticRSI(FAST_SCALP-SHORT),2,0.2,1.547,1.544,1.544,1.552,2026-07-13 07:29:59 UTC,2026-07-13 07:31:05 UTC,65.66,0.3094,0.0041,0.0,0.0006,0.06,14.54,MIN_PROFIT_TP_HIT,0.1772
1441,TRUMP_USDT,LONG,StochasticRSI(FAST_SCALP-LONG),2,0.2,1.546,1.541,1.549,1.541,2026-07-13 07:34:59 UTC,2026-07-13 07:44:42 UTC,582.06,0.3092,0.0041,0.0,-0.001,-0.09,-24.26,STOP_LOSS_HIT,0.1762
1442,TRUMP_USDT,LONG,StochasticRSI(FAST_SCALP-LONG),2,0.2,1.543,1.546,1.546,1.538,2026-07-13 07:49:59 UTC,2026-07-13 08:02:09 UTC,729.25,0.3086,0.0041,0.0,0.0006,0.06,14.58,MIN_PROFIT_TP_HIT,0.1768
1443,TRUMP_USDT,SHORT,StochasticRSI(FAST_SCALP-SHORT),2,0.2,1.545,1.55,1.542,1.55,2026-07-13 08:03:59 UTC,2026-07-13 08:39:50 UTC,2150.86,0.309,0.0041,0.0,-0.001,-0.09,-24.27,STOP_LOSS_HIT,0.1758
1444,TRUMP_USDT,LONG,StochasticRSI(FAST_SCALP-LONG),2,0.2,1.55,1.553,1.553,1.545,2026-07-13 08:40:59 UTC,2026-07-13 08:44:22 UTC,202.02,0.31,0.0041,0.0,0.0006,0.06,14.52,MIN_PROFIT_TP_HIT,0.1764
1445,TRUMP_USDT,SHORT,StochasticRSI(FAST_SCALP-SHORT),2,0.2,1.552,1.549,1.549,1.557,2026-07-13 08:47:59 UTC,2026-07-13 10:42:28 UTC,6868.39,0.3104,0.0041,0.0,0.0006,0.06,14.5,MIN_PROFIT_TP_HIT,0.177
1446,TRUMP_USDT,LONG,StochasticRSI(FAST_SCALP-LONG),2,0.2,1.549,1.552,1.552,1.544,2026-07-13 10:49:59 UTC,2026-07-13 11:13:45 UTC,1425.94,0.3098,0.0041,0.0,0.0006,0.06,14.53,MIN_PROFIT_TP_HIT,0.1776
1447,TRUMP_USDT,SHORT,StochasticRSI(FAST_SCALP-SHORT),2,0.2,1.551,1.548,1.548,1.556,2026-07-13 11:15:59 UTC,2026-07-13 11:17:24 UTC,84.91,0.3102,0.0041,0.0,0.0006,0.06,14.51,MIN_PROFIT_TP_HIT,0.1782
1448,TRUMP_USDT,LONG,StochasticRSI(FAST_SCALP-LONG),2,0.2,1.551,1.546,1.554,1.546,2026-07-13 11:22:59 UTC,2026-07-13 12:33:27 UTC,4227.9,0.3102,0.0041,0.0,-0.001,-0.09,-24.18,STOP_LOSS_HIT,0.1772
1449,TRUMP_USDT,LONG,StochasticRSI(FAST_SCALP-LONG),2,0.2,1.547,1.55,1.55,1.542,2026-07-13 12:34:59 UTC,2026-07-13 12:48:55 UTC,835.4,0.3094,0.0041,0.0,0.0006,0.06,14.54,MIN_PROFIT_TP_HIT,0.1778
1450,TRUMP_USDT,SHORT,StochasticRSI(FAST_SCALP-SHORT),2,0.2,1.548,1.545,1.545,1.553,2026-07-13 12:51:59 UTC,2026-07-13 12:53:58 UTC,118.93,0.3096,0.0041,0.0,0.0006,0.06,14.53,MIN_PROFIT_TP_HIT,0.1784
1451,TRUMP_USDT,LONG,StochasticRSI(FAST_SCALP-LONG),2,0.2,1.547,1.55,1.55,1.542,2026-07-13 12:59:59 UTC,2026-07-13 13:06:49 UTC,409.34,0.3094,0.0041,0.0,0.0006,0.06,14.54,MIN_PROFIT_TP_HIT,0.179
1452,TRUMP_USDT,SHORT,StochasticRSI(FAST_SCALP-SHORT),2,0.2,1.546,1.543,1.543,1.551,2026-07-13 13:10:59 UTC,2026-07-13 13:20:09 UTC,549.53,0.3092,0.0041,0.0,0.0006,0.06,14.55,MIN_PROFIT_TP_HIT,0.1796
1453,TRUMP_USDT,LONG,StochasticRSI(FAST_SCALP-LONG),2,0.2,1.545,1.548,1.548,1.54,2026-07-13 13:23:59 UTC,2026-07-13 13:34:48 UTC,648.74,0.309,0.0041,0.0,0.0006,0.06,14.56,MIN_PROFIT_TP_HIT,0.1802
1454,TRUMP_USDT,SHORT,StochasticRSI(FAST_SCALP-SHORT),2,0.2,1.547,1.544,1.544,1.552,2026-07-13 13:37:59 UTC,2026-07-13 13:40:47 UTC,167.38,0.3094,0.0041,0.0,0.0006,0.06,14.54,MIN_PROFIT_TP_HIT,0.1808
1455,TRUMP_USDT,LONG,StochasticRSI(FAST_SCALP-LONG),2,0.2,1.539,1.542,1.542,1.534,2026-07-13 13:45:59 UTC,2026-07-13 13:49:40 UTC,220.37,0.3078,0.0041,0.0,0.0006,0.06,14.62,MIN_PROFIT_TP_HIT,0.1814
1456,TRUMP_USDT,SHORT,StochasticRSI(FAST_SCALP-SHORT),2,0.2,1.539,1.544,1.536,1.544,2026-07-13 13:52:59 UTC,2026-07-13 14:00:06 UTC,426.13,0.3078,0.0041,0.0,-0.001,-0.09,-24.37,STOP_LOSS_HIT,0.1804
1457,TRUMP_USDT,SHORT,StochasticRSI(FAST_SCALP-SHORT),2,0.2,1.554,1.551,1.551,1.559,2026-07-13 14:13:59 UTC,2026-07-13 14:16:44 UTC,164.82,0.3108,0.0041,0.0,0.0006,0.06,14.48,MIN_PROFIT_TP_HIT,0.181
1458,TRUMP_USDT,SHORT,StochasticRSI(FAST_SCALP-SHORT),2,0.2,1.556,1.561,1.553,1.561,2026-07-13 14:29:59 UTC,2026-07-13 14:56:40 UTC,1600.07,0.3112,0.0041,0.0,-0.001,-0.09,-24.1,STOP_LOSS_HIT,0.18
1459,TRUMP_USDT,SHORT,StochasticRSI(FAST_SCALP-SHORT),2,0.2,1.562,1.559,1.559,1.567,2026-07-13 15:03:59 UTC,2026-07-13 15:26:31 UTC,1351.15,0.3124,0.0042,0.0,0.0006,0.06,14.4,MIN_PROFIT_TP_HIT,0.1806
1460,TRUMP_USDT,LONG,StochasticRSI(FAST_SCALP-LONG),2,0.2,1.552,1.555,1.555,1.547,2026-07-13 15:37:59 UTC,2026-07-13 15:44:10 UTC,370.91,0.3104,0.0041,0.0,0.0006,0.06,14.5,MIN_PROFIT_TP_HIT,0.1812
1461,TRUMP_USDT,SHORT,StochasticRSI(FAST_SCALP-SHORT),2,0.2,1.555,1.552,1.552,1.56,2026-07-13 15:47:59 UTC,2026-07-13 16:19:21 UTC,1881.59,0.311,0.0041,0.0,0.0006,0.06,14.47,MIN_PROFIT_TP_HIT,0.1818
1462,TRUMP_USDT,LONG,StochasticRSI(FAST_SCALP-LONG),2,0.2,1.551,1.546,1.554,1.546,2026-07-13 16:22:59 UTC,2026-07-13 16:34:59 UTC,719.96,0.3102,0.0041,0.0,-0.001,-0.09,-24.18,STOP_LOSS_HIT,0.1808
1463,TRUMP_USDT,LONG,StochasticRSI(FAST_SCALP-LONG),2,0.2,1.541,1.544,1.544,1.536,2026-07-13 16:40:59 UTC,2026-07-13 16:43:06 UTC,126.88,0.3082,0.0041,0.0,0.0006,0.06,14.6,MIN_PROFIT_TP_HIT,0.1814
1464,TRUMP_USDT,SHORT,StochasticRSI(FAST_SCALP-SHORT),2,0.2,1.543,1.54,1.54,1.548,2026-07-13 16:47:59 UTC,2026-07-13 16:50:16 UTC,136.82,0.3086,0.0041,0.0,0.0006,0.06,14.58,MIN_PROFIT_TP_HIT,0.182
1465,TRUMP_USDT,LONG,StochasticRSI(FAST_SCALP-LONG),2,0.2,1.538,1.541,1.541,1.533,2026-07-13 16:54:59 UTC,2026-07-13 16:56:44 UTC,104.13,0.3076,0.0041,0.0,0.0006,0.06,14.63,MIN_PROFIT_TP_HIT,0.1826
1466,TRUMP_USDT,SHORT,StochasticRSI(FAST_SCALP-SHORT),2,0.2,1.542,1.539,1.539,1.547,2026-07-13 17:03:59 UTC,2026-07-13 17:05:00 UTC,60.6,0.3084,0.0041,0.0,0.0006,0.06,14.59,MIN_PROFIT_TP_HIT,0.1832
1467,TRUMP_USDT,SHORT,StochasticRSI(FAST_SCALP-SHORT),2,0.2,1.543,1.54,1.54,1.548,2026-07-13 17:12:59 UTC,2026-07-13 17:14:05 UTC,65.8,0.3086,0.0041,0.0,0.0006,0.06,14.58,MIN_PROFIT_TP_HIT,0.1838
1468,TRUMP_USDT,LONG,StochasticRSI(FAST_SCALP-LONG),2,0.2,1.536,1.531,1.539,1.531,2026-07-13 17:22:59 UTC,2026-07-13 17:32:08 UTC,548.76,0.3072,0.0041,0.0,-0.001,-0.09,-24.41,STOP_LOSS_HIT,0.1828
1469,TRUMP_USDT,SHORT,StochasticRSI(FAST_SCALP-SHORT),2,0.2,1.535,1.532,1.532,1.54,2026-07-13 17:33:59 UTC,2026-07-13 17:35:07 UTC,67.35,0.307,0.0041,0.0,0.0006,0.06,14.66,MIN_PROFIT_TP_HIT,0.1834
1470,TRUMP_USDT,SHORT,StochasticRSI(FAST_SCALP-SHORT),2,0.2,1.533,1.53,1.53,1.538,2026-07-13 17:45:59 UTC,2026-07-13 17:46:42 UTC,42.85,0.3066,0.0041,0.0,0.0006,0.06,14.68,MIN_PROFIT_TP_HIT,0.184
1471,TRUMP_USDT,SHORT,StochasticRSI(FAST_SCALP-SHORT),2,0.2,1.53,1.527,1.527,1.535,2026-07-13 17:47:59 UTC,2026-07-13 17:51:28 UTC,208.98,0.306,0.0041,0.0,0.0006,0.06,14.71,MIN_PROFIT_TP_HIT,0.1846
1472,TRUMP_USDT,LONG,StochasticRSI(FAST_SCALP-LONG),2,0.2,1.523,1.526,1.526,1.518,2026-07-13 17:57:59 UTC,2026-07-13 17:58:27 UTC,27.58,0.3046,0.0041,0.0,0.0006,0.06,14.77,MIN_PROFIT_TP_HIT,0.1852
1473,TRUMP_USDT,LONG,StochasticRSI(FAST_SCALP-LONG),2,0.2,1.521,1.524,1.524,1.516,2026-07-13 18:01:59 UTC,2026-07-13 18:02:01 UTC,1.46,0.3042,0.0041,0.0,0.0006,0.06,14.79,MIN_PROFIT_TP_HIT,0.1858
1474,TRUMP_USDT,SHORT,StochasticRSI(FAST_SCALP-SHORT),2,0.2,1.525,1.522,1.522,1.53,2026-07-13 18:07:59 UTC,2026-07-13 18:10:04 UTC,124.12,0.305,0.0041,0.0,0.0006,0.06,14.75,MIN_PROFIT_TP_HIT,0.1864
1475,TRUMP_USDT,LONG,StochasticRSI(FAST_SCALP-LONG),2,0.2,1.522,1.525,1.525,1.517,2026-07-13 18:14:59 UTC,2026-07-13 18:15:11 UTC,11.97,0.3044,0.0041,0.0,0.0006,0.06,14.78,MIN_PROFIT_TP_HIT,0.187
1476,TRUMP_USDT,SHORT,StochasticRSI(FAST_SCALP-SHORT),2,0.2,1.522,1.527,1.519,1.527,2026-07-13 18:19:59 UTC,2026-07-13 18:24:29 UTC,269.4,0.3044,0.0041,0.0,-0.001,-0.09,-24.64,STOP_LOSS_HIT,0.186
1477,TRUMP_USDT,SHORT,StochasticRSI(FAST_SCALP-SHORT),2,0.2,1.524,1.521,1.521,1.529,2026-07-13 18:27:59 UTC,2026-07-13 18:31:02 UTC,182.91,0.3048,0.0041,0.0,0.0006,0.06,14.76,MIN_PROFIT_TP_HIT,0.1866
1478,TRUMP_USDT,LONG,StochasticRSI(FAST_SCALP-LONG),2,0.2,1.523,1.526,1.526,1.518,2026-07-13 18:36:59 UTC,2026-07-13 18:45:26 UTC,506.3,0.3046,0.0041,0.0,0.0006,0.06,14.77,MIN_PROFIT_TP_HIT,0.1872
1479,TRUMP_USDT,SHORT,StochasticRSI(FAST_SCALP-SHORT),2,0.2,1.526,1.523,1.523,1.531,2026-07-13 18:46:59 UTC,2026-07-13 18:56:02 UTC,542.56,0.3052,0.0041,0.0,0.0006,0.06,14.74,MIN_PROFIT_TP_HIT,0.1878
1480,TRUMP_USDT,LONG,StochasticRSI(FAST_SCALP-LONG),2,0.2,1.524,1.527,1.527,1.519,2026-07-13 19:00:59 UTC,2026-07-13 19:04:56 UTC,236.17,0.3048,0.0041,0.0,0.0006,0.06,14.76,MIN_PROFIT_TP_HIT,0.1884
1481,TRUMP_USDT,SHORT,StochasticRSI(FAST_SCALP-SHORT),2,0.2,1.526,1.523,1.523,1.531,2026-07-13 19:07:59 UTC,2026-07-13 19:20:24 UTC,744.37,0.3052,0.0041,0.0,0.0006,0.06,14.74,MIN_PROFIT_TP_HIT,0.189
1482,TRUMP_USDT,LONG,StochasticRSI(FAST_SCALP-LONG),2,0.2,1.525,1.528,1.528,1.52,2026-07-13 19:24:59 UTC,2026-07-13 19:31:05 UTC,365.09,0.305,0.0041,0.0,0.0006,0.06,14.75,MIN_PROFIT_TP_HIT,0.1896
1483,TRUMP_USDT,SHORT,StochasticRSI(FAST_SCALP-SHORT),2,0.2,1.532,1.537,1.529,1.537,2026-07-13 19:36:59 UTC,2026-07-13 19:50:00 UTC,780.55,0.3064,0.0041,0.0,-0.001,-0.09,-24.48,STOP_LOSS_HIT,0.1886
1484,TRUMP_USDT,LONG,StochasticRSI(FAST_SCALP-LONG),2,0.2,1.536,1.531,1.539,1.531,2026-07-13 19:51:59 UTC,2026-07-13 20:17:00 UTC,1500.78,0.3072,0.0041,0.0,-0.001,-0.09,-24.41,STOP_LOSS_HIT,0.1876
1485,TRUMP_USDT,LONG,StochasticRSI(FAST_SCALP-LONG),2,0.2,1.532,1.535,1.535,1.527,2026-07-13 20:22:59 UTC,2026-07-13 20:25:02 UTC,122.69,0.3064,0.0041,0.0,0.0006,0.06,14.69,MIN_PROFIT_TP_HIT,0.1882
1486,TRUMP_USDT,SHORT,StochasticRSI(FAST_SCALP-SHORT),2,0.2,1.535,1.532,1.532,1.54,2026-07-13 20:27:59 UTC,2026-07-13 20:44:08 UTC,968.08,0.307,0.0041,0.0,0.0006,0.06,14.66,MIN_PROFIT_TP_HIT,0.1888
1487,TRUMP_USDT,LONG,StochasticRSI(FAST_SCALP-LONG),2,0.2,1.532,1.535,1.535,1.527,2026-07-13 20:47:59 UTC,2026-07-13 20:58:20 UTC,620.15,0.3064,0.0041,0.0,0.0006,0.06,14.69,MIN_PROFIT_TP_HIT,0.1894
1488,TRUMP_USDT,SHORT,StochasticRSI(FAST_SCALP-SHORT),2,0.2,1.533,1.53,1.53,1.538,2026-07-13 21:01:59 UTC,2026-07-13 21:09:23 UTC,443.63,0.3066,0.0041,0.0,0.0006,0.06,14.68,MIN_PROFIT_TP_HIT,0.19
1489,TRUMP_USDT,LONG,StochasticRSI(FAST_SCALP-LONG),2,0.2,1.53,1.533,1.533,1.525,2026-07-13 21:13:59 UTC,2026-07-13 21:14:09 UTC,9.46,0.306,0.0041,0.0,0.0006,0.06,14.71,MIN_PROFIT_TP_HIT,0.1906
1490,TRUMP_USDT,SHORT,StochasticRSI(FAST_SCALP-SHORT),2,0.2,1.534,1.531,1.531,1.539,2026-07-13 21:24:59 UTC,2026-07-13 21:27:36 UTC,156.59,0.3068,0.0041,0.0,0.0006,0.06,14.67,MIN_PROFIT_TP_HIT,0.1912
1491,TRUMP_USDT,LONG,StochasticRSI(FAST_SCALP-LONG),2,0.2,1.53,1.525,1.533,1.525,2026-07-13 21:33:59 UTC,2026-07-13 21:38:10 UTC,250.44,0.306,0.0041,0.0,-0.001,-0.09,-24.51,STOP_LOSS_HIT,0.1902
1492,TRUMP_USDT,LONG,StochasticRSI(FAST_SCALP-LONG),2,0.2,1.523,1.526,1.526,1.518,2026-07-13 21:43:59 UTC,2026-07-13 21:47:30 UTC,210.91,0.3046,0.0041,0.0,0.0006,0.06,14.77,MIN_PROFIT_TP_HIT,0.1908
1493,TRUMP_USDT,SHORT,StochasticRSI(FAST_SCALP-SHORT),2,0.2,1.524,1.529,1.521,1.529,2026-07-13 21:51:59 UTC,2026-07-13 22:01:55 UTC,595.07,0.3048,0.0041,0.0,-0.001,-0.09,-24.61,STOP_LOSS_HIT,0.1898
1494,TRUMP_USDT,SHORT,StochasticRSI(FAST_SCALP-SHORT),2,0.2,1.532,1.529,1.529,1.537,2026-07-13 22:05:59 UTC,2026-07-13 22:07:11 UTC,71.85,0.3064,0.0041,0.0,0.0006,0.06,14.69,MIN_PROFIT_TP_HIT,0.1904
1495,TRUMP_USDT,LONG,StochasticRSI(FAST_SCALP-LONG),2,0.2,1.532,1.535,1.535,1.527,2026-07-13 22:13:59 UTC,2026-07-13 22:16:27 UTC,147.44,0.3064,0.0041,0.0,0.0006,0.06,14.69,MIN_PROFIT_TP_HIT,0.191
1496,TRUMP_USDT,SHORT,StochasticRSI(FAST_SCALP-SHORT),2,0.2,1.536,1.533,1.533,1.541,2026-07-13 22:20:59 UTC,2026-07-13 22:21:07 UTC,7.88,0.3072,0.0041,0.0,0.0006,0.06,14.65,MIN_PROFIT_TP_HIT,0.1916
1497,TRUMP_USDT,SHORT,StochasticRSI(FAST_SCALP-SHORT),2,0.2,1.534,1.531,1.531,1.539,2026-07-13 22:22:59 UTC,2026-07-13 23:00:49 UTC,2269.27,0.3068,0.0041,0.0,0.0006,0.06,14.67,MIN_PROFIT_TP_HIT,0.1922
1498,TRUMP_USDT,SHORT,StochasticRSI(FAST_SCALP-SHORT),2,0.2,1.531,1.536,1.528,1.536,2026-07-13 23:13:59 UTC,2026-07-13 23:19:32 UTC,332.86,0.3062,0.0041,0.0,-0.001,-0.09,-24.49,STOP_LOSS_HIT,0.1912
1499,TRUMP_USDT,SHORT,StochasticRSI(FAST_SCALP-SHORT),2,0.2,1.534,1.539,1.531,1.539,2026-07-13 23:23:59 UTC,2026-07-13 23:35:17 UTC,677.86,0.3068,0.0041,0.0,-0.001,-0.09,-24.45,STOP_LOSS_HIT,0.1902
1500,TRUMP_USDT,SHORT,StochasticRSI(FAST_SCALP-SHORT),2,0.2,1.539,1.544,1.536,1.544,2026-07-13 23:43:59 UTC,2026-07-13 23:54:10 UTC,610.01,0.3078,0.0041,0.0,-0.001,-0.09,-24.37,STOP_LOSS_HIT,0.1892
1501,TRUMP_USDT,SHORT,StochasticRSI(FAST_SCALP-SHORT),2,0.2,1.543,1.548,1.54,1.548,2026-07-13 23:56:59 UTC,2026-07-14 00:10:36 UTC,816.89,0.3086,0.0041,0.0,-0.001,-0.09,-24.3,STOP_LOSS_HIT,0.1882
1502,TRUMP_USDT,SHORT,StochasticRSI(FAST_SCALP-SHORT),2,0.2,1.546,1.543,1.543,1.551,2026-07-14 00:15:59 UTC,2026-07-14 00:19:24 UTC,204.4,0.3092,0.0041,0.0,0.0006,0.06,14.55,MIN_PROFIT_TP_HIT,0.1888
1503,TRUMP_USDT,SHORT,StochasticRSI(FAST_SCALP-SHORT),2,0.2,1.546,1.543,1.543,1.551,2026-07-14 00:29:59 UTC,2026-07-14 00:37:51 UTC,471.09,0.3092,0.0041,0.0,0.0006,0.06,14.55,MIN_PROFIT_TP_HIT,0.1894
1504,TRUMP_USDT,LONG,StochasticRSI(FAST_SCALP-LONG),2,0.2,1.542,1.545,1.545,1.537,2026-07-14 00:41:59 UTC,2026-07-14 00:45:54 UTC,234.75,0.3084,0.0041,0.0,0.0006,0.06,14.59,MIN_PROFIT_TP_HIT,0.19
1505,TRUMP_USDT,LONG,StochasticRSI(FAST_SCALP-LONG),2,0.2,1.544,1.547,1.547,1.539,2026-07-14 00:46:59 UTC,2026-07-14 00:50:35 UTC,215.39,0.3088,0.0041,0.0,0.0006,0.06,14.57,MIN_PROFIT_TP_HIT,0.1906
1506,TRUMP_USDT,SHORT,StochasticRSI(FAST_SCALP-SHORT),2,0.2,1.547,1.544,1.544,1.552,2026-07-14 00:53:59 UTC,2026-07-14 01:28:00 UTC,2040.96,0.3094,0.0041,0.0,0.0006,0.06,14.54,MIN_PROFIT_TP_HIT,0.1912
1507,TRUMP_USDT,SHORT,StochasticRSI(FAST_SCALP-SHORT),2,0.2,1.544,1.541,1.541,1.549,2026-07-14 01:49:59 UTC,2026-07-14 01:56:17 UTC,377.82,0.3088,0.0041,0.0,0.0006,0.06,14.57,MIN_PROFIT_TP_HIT,0.1918
1508,TRUMP_USDT,LONG,StochasticRSI(FAST_SCALP-LONG),2,0.2,1.542,1.537,1.545,1.537,2026-07-14 02:00:59 UTC,2026-07-14 02:19:09 UTC,1089.18,0.3084,0.0041,0.0,-0.001,-0.09,-24.32,STOP_LOSS_HIT,0.1908
1509,TRUMP_USDT,SHORT,StochasticRSI(FAST_SCALP-SHORT),2,0.2,1.536,1.533,1.533,1.541,2026-07-14 02:29:59 UTC,2026-07-14 02:34:56 UTC,296.09,0.3072,0.0041,0.0,0.0006,0.06,14.65,MIN_PROFIT_TP_HIT,0.1914
1510,TRUMP_USDT,LONG,StochasticRSI(FAST_SCALP-LONG),2,0.2,1.534,1.537,1.537,1.529,2026-07-14 02:39:59 UTC,2026-07-14 02:41:44 UTC,104.63,0.3068,0.0041,0.0,0.0006,0.06,14.67,MIN_PROFIT_TP_HIT,0.192
1511,TRUMP_USDT,SHORT,StochasticRSI(FAST_SCALP-SHORT),2,0.2,1.538,1.535,1.535,1.543,2026-07-14 02:47:59 UTC,2026-07-14 02:53:32 UTC,332.14,0.3076,0.0041,0.0,0.0006,0.06,14.63,MIN_PROFIT_TP_HIT,0.1926
1512,TRUMP_USDT,LONG,StochasticRSI(FAST_SCALP-LONG),2,0.2,1.534,1.529,1.537,1.529,2026-07-14 02:57:59 UTC,2026-07-14 03:12:18 UTC,858.99,0.3068,0.0041,0.0,-0.001,-0.09,-24.45,STOP_LOSS_HIT,0.1916
1513,TRUMP_USDT,LONG,StochasticRSI(FAST_SCALP-LONG),2,0.2,1.53,1.533,1.533,1.525,2026-07-14 03:16:59 UTC,2026-07-14 03:30:09 UTC,789.76,0.306,0.0041,0.0,0.0006,0.06,14.71,MIN_PROFIT_TP_HIT,0.1922
1514,TRUMP_USDT,SHORT,StochasticRSI(FAST_SCALP-SHORT),2,0.2,1.532,1.537,1.529,1.537,2026-07-14 03:33:59 UTC,2026-07-14 04:00:06 UTC,1566.39,0.3064,0.0041,0.0,-0.001,-0.09,-24.48,STOP_LOSS_HIT,0.1912
1515,TRUMP_USDT,SHORT,StochasticRSI(FAST_SCALP-SHORT),2,0.2,1.537,1.534,1.534,1.542,2026-07-14 04:07:59 UTC,2026-07-14 04:10:13 UTC,133.89,0.3074,0.0041,0.0,0.0006,0.06,14.64,MIN_PROFIT_TP_HIT,0.1918
1516,TRUMP_USDT,LONG,StochasticRSI(FAST_SCALP-LONG),2,0.2,1.533,1.536,1.536,1.528,2026-07-14 04:13:59 UTC,2026-07-14 04:20:27 UTC,387.33,0.3066,0.0041,0.0,0.0006,0.06,14.68,MIN_PROFIT_TP_HIT,0.1924
1517,TRUMP_USDT,SHORT,StochasticRSI(FAST_SCALP-SHORT),2,0.2,1.538,1.535,1.535,1.543,2026-07-14 04:24:59 UTC,2026-07-14 04:56:35 UTC,1895.46,0.3076,0.0041,0.0,0.0006,0.06,14.63,MIN_PROFIT_TP_HIT,0.193
1518,TRUMP_USDT,LONG,StochasticRSI(FAST_SCALP-LONG),2,0.2,1.536,1.531,1.539,1.531,2026-07-14 05:01:59 UTC,2026-07-14 05:05:18 UTC,198.39,0.3072,0.0041,0.0,-0.001,-0.09,-24.41,STOP_LOSS_HIT,0.192
1519,TRUMP_USDT,LONG,StochasticRSI(FAST_SCALP-LONG),2,0.2,1.533,1.536,1.536,1.528,2026-07-14 05:07:59 UTC,2026-07-14 05:08:43 UTC,43.39,0.3066,0.0041,0.0,0.0006,0.06,14.68,MIN_PROFIT_TP_HIT,0.1926
1520,TRUMP_USDT,SHORT,StochasticRSI(FAST_SCALP-SHORT),2,0.2,1.533,1.53,1.53,1.538,2026-07-14 05:12:59 UTC,2026-07-14 05:45:02 UTC,1922.87,0.3066,0.0041,0.0,0.0006,0.06,14.68,MIN_PROFIT_TP_HIT,0.1932
1521,TRUMP_USDT,LONG,StochasticRSI(FAST_SCALP-LONG),2,0.2,1.529,1.532,1.532,1.524,2026-07-14 05:48:59 UTC,2026-07-14 05:51:14 UTC,134.05,0.3058,0.0041,0.0,0.0006,0.06,14.72,MIN_PROFIT_TP_HIT,0.1938
1522,TRUMP_USDT,SHORT,StochasticRSI(FAST_SCALP-SHORT),2,0.2,1.534,1.531,1.531,1.539,2026-07-14 05:56:59 UTC,2026-07-14 06:06:30 UTC,570.8,0.3068,0.0041,0.0,0.0006,0.06,14.67,MIN_PROFIT_TP_HIT,0.1944
1523,TRUMP_USDT,LONG,StochasticRSI(FAST_SCALP-LONG),2,0.2,1.533,1.536,1.536,1.528,2026-07-14 06:09:59 UTC,2026-07-14 06:10:06 UTC,6.73,0.3066,0.0041,0.0,0.0006,0.06,14.68,MIN_PROFIT_TP_HIT,0.195
1524,TRUMP_USDT,SHORT,StochasticRSI(FAST_SCALP-SHORT),2,0.2,1.539,1.536,1.536,1.544,2026-07-14 06:15:59 UTC,2026-07-14 06:28:20 UTC,740.08,0.3078,0.0041,0.0,0.0006,0.06,14.62,MIN_PROFIT_TP_HIT,0.1956
1525,TRUMP_USDT,LONG,StochasticRSI(FAST_SCALP-LONG),2,0.2,1.54,1.535,1.543,1.535,2026-07-14 06:31:59 UTC,2026-07-14 06:54:51 UTC,1371.55,0.308,0.0041,0.0,-0.001,-0.09,-24.35,STOP_LOSS_HIT,0.1946
1526,TRUMP_USDT,LONG,StochasticRSI(FAST_SCALP-LONG),2,0.2,1.535,1.53,1.538,1.53,2026-07-14 06:58:59 UTC,2026-07-14 07:13:46 UTC,886.39,0.307,0.0041,0.0,-0.001,-0.09,-24.43,STOP_LOSS_HIT,0.1936
1527,TRUMP_USDT,LONG,StochasticRSI(FAST_SCALP-LONG),2,0.2,1.532,1.535,1.535,1.527,2026-07-14 07:15:59 UTC,2026-07-14 07:23:22 UTC,442.04,0.3064,0.0041,0.0,0.0006,0.06,14.69,MIN_PROFIT_TP_HIT,0.1942
1528,TRUMP_USDT,SHORT,StochasticRSI(FAST_SCALP-SHORT),2,0.2,1.536,1.533,1.533,1.541,2026-07-14 07:28:59 UTC,2026-07-14 07:33:12 UTC,252.72,0.3072,0.0041,0.0,0.0006,0.06,14.65,MIN_PROFIT_TP_HIT,0.1948
1529,TRUMP_USDT,LONG,StochasticRSI(FAST_SCALP-LONG),2,0.2,1.532,1.535,1.535,1.527,2026-07-14 07:35:59 UTC,2026-07-14 08:05:07 UTC,1747.7,0.3064,0.0041,0.0,0.0006,0.06,14.69,MIN_PROFIT_TP_HIT,0.1954
1530,TRUMP_USDT,SHORT,StochasticRSI(FAST_SCALP-SHORT),2,0.2,1.531,1.528,1.528,1.536,2026-07-14 08:08:59 UTC,2026-07-14 08:32:12 UTC,1392.26,0.3062,0.0041,0.0,0.0006,0.06,14.7,MIN_PROFIT_TP_HIT,0.196
1531,TRUMP_USDT,LONG,StochasticRSI(FAST_SCALP-LONG),2,0.2,1.524,1.519,1.527,1.519,2026-07-14 08:39:59 UTC,2026-07-14 08:44:52 UTC,292.73,0.3048,0.0041,0.0,-0.001,-0.09,-24.61,STOP_LOSS_HIT,0.195
1532,TRUMP_USDT,SHORT,StochasticRSI(FAST_SCALP-SHORT),2,0.2,1.521,1.526,1.518,1.526,2026-07-14 08:54:59 UTC,2026-07-14 09:11:11 UTC,971.92,0.3042,0.0041,0.0,-0.001,-0.09,-24.65,STOP_LOSS_HIT,0.194
1533,TRUMP_USDT,SHORT,StochasticRSI(FAST_SCALP-SHORT),2,0.2,1.524,1.521,1.521,1.529,2026-07-14 09:14:59 UTC,2026-07-14 09:18:11 UTC,191.08,0.3048,0.0041,0.0,0.0006,0.06,14.76,MIN_PROFIT_TP_HIT,0.1946
1534,TRUMP_USDT,LONG,StochasticRSI(FAST_SCALP-LONG),2,0.2,1.52,1.523,1.523,1.515,2026-07-14 09:22:59 UTC,2026-07-14 09:34:17 UTC,677.17,0.304,0.0041,0.0,0.0006,0.06,14.8,MIN_PROFIT_TP_HIT,0.1952
1535,TRUMP_USDT,LONG,StochasticRSI(FAST_SCALP-LONG),2,0.2,1.521,1.524,1.524,1.516,2026-07-14 09:40:59 UTC,2026-07-14 09:47:37 UTC,397.92,0.3042,0.0041,0.0,0.0006,0.06,14.79,MIN_PROFIT_TP_HIT,0.1958
1536,TRUMP_USDT,SHORT,StochasticRSI(FAST_SCALP-SHORT),2,0.2,1.523,1.528,1.52,1.528,2026-07-14 09:53:59 UTC,2026-07-14 10:10:40 UTC,1000.63,0.3046,0.0041,0.0,-0.001,-0.09,-24.62,STOP_LOSS_HIT,0.1948
1537,TRUMP_USDT,SHORT,StochasticRSI(FAST_SCALP-SHORT),2,0.2,1.528,1.525,1.525,1.533,2026-07-14 10:15:59 UTC,2026-07-14 10:31:35 UTC,935.05,0.3056,0.0041,0.0,0.0006,0.06,14.73,MIN_PROFIT_TP_HIT,0.1954
1538,TRUMP_USDT,LONG,StochasticRSI(FAST_SCALP-LONG),2,0.2,1.523,1.526,1.526,1.518,2026-07-14 10:34:59 UTC,2026-07-14 10:38:03 UTC,183.78,0.3046,0.0041,0.0,0.0006,0.06,14.77,MIN_PROFIT_TP_HIT,0.196
1539,TRUMP_USDT,SHORT,StochasticRSI(FAST_SCALP-SHORT),2,0.2,1.525,1.522,1.522,1.53,2026-07-14 10:42:59 UTC,2026-07-14 11:02:26 UTC,1166.31,0.305,0.0041,0.0,0.0006,0.06,14.75,MIN_PROFIT_TP_HIT,0.1966
1540,TRUMP_USDT,LONG,StochasticRSI(FAST_SCALP-LONG),2,0.2,1.524,1.527,1.527,1.519,2026-07-14 11:06:59 UTC,2026-07-14 11:12:57 UTC,357.27,0.3048,0.0041,0.0,0.0006,0.06,14.76,MIN_PROFIT_TP_HIT,0.1972
1541,TRUMP_USDT,SHORT,StochasticRSI(FAST_SCALP-SHORT),2,0.2,1.527,1.532,1.524,1.532,2026-07-14 11:17:59 UTC,2026-07-14 11:28:09 UTC,609.35,0.3054,0.0041,0.0,-0.001,-0.09,-24.56,STOP_LOSS_HIT,0.1962
1542,TRUMP_USDT,SHORT,StochasticRSI(FAST_SCALP-SHORT),2,0.2,1.531,1.528,1.528,1.536,2026-07-14 11:36:59 UTC,2026-07-14 11:38:07 UTC,67.64,0.3062,0.0041,0.0,0.0006,0.06,14.7,MIN_PROFIT_TP_HIT,0.1968
1543,TRUMP_USDT,LONG,StochasticRSI(FAST_SCALP-LONG),2,0.2,1.529,1.524,1.532,1.524,2026-07-14 11:42:59 UTC,2026-07-14 12:11:39 UTC,1719.13,0.3058,0.0041,0.0,-0.001,-0.09,-24.53,STOP_LOSS_HIT,0.1958
1544,TRUMP_USDT,LONG,StochasticRSI(FAST_SCALP-LONG),2,0.2,1.526,1.529,1.529,1.521,2026-07-14 12:13:59 UTC,2026-07-14 12:21:35 UTC,455.27,0.3052,0.0041,0.0,0.0006,0.06,14.74,MIN_PROFIT_TP_HIT,0.1964
1545,TRUMP_USDT,SHORT,StochasticRSI(FAST_SCALP-SHORT),2,0.2,1.53,1.527,1.527,1.535,2026-07-14 12:22:59 UTC,2026-07-14 12:28:41 UTC,341.63,0.306,0.0041,0.0,0.0006,0.06,14.71,MIN_PROFIT_TP_HIT,0.197
1546,TRUMP_USDT,SHORT,StochasticRSI(FAST_SCALP-SHORT),2,0.2,1.54,1.537,1.537,1.545,2026-07-14 12:35:59 UTC,2026-07-14 12:39:04 UTC,184.61,0.308,0.0041,0.0,0.0006,0.06,14.61,MIN_PROFIT_TP_HIT,0.1976
1547,TRUMP_USDT,LONG,StochasticRSI(FAST_SCALP-LONG),2,0.2,1.541,1.544,1.544,1.536,2026-07-14 12:43:59 UTC,2026-07-14 12:45:52 UTC,112.93,0.3082,0.0041,0.0,0.0006,0.06,14.6,MIN_PROFIT_TP_HIT,0.1982
1548,TRUMP_USDT,SHORT,StochasticRSI(FAST_SCALP-SHORT),2,0.2,1.545,1.55,1.542,1.55,2026-07-14 12:49:59 UTC,2026-07-14 12:58:17 UTC,497.46,0.309,0.0041,0.0,-0.001,-0.09,-24.27,STOP_LOSS_HIT,0.1972
1549,TRUMP_USDT,SHORT,StochasticRSI(FAST_SCALP-SHORT),2,0.2,1.549,1.546,1.546,1.554,2026-07-14 13:01:59 UTC,2026-07-14 13:03:18 UTC,78.08,0.3098,0.0041,0.0,0.0006,0.06,14.53,MIN_PROFIT_TP_HIT,0.1978
1550,TRUMP_USDT,LONG,StochasticRSI(FAST_SCALP-LONG),2,0.2,1.543,1.546,1.546,1.538,2026-07-14 13:07:59 UTC,2026-07-14 13:18:24 UTC,624.23,0.3086,0.0041,0.0,0.0006,0.06,14.58,MIN_PROFIT_TP_HIT,0.1984
1551,TRUMP_USDT,SHORT,StochasticRSI(FAST_SCALP-SHORT),2,0.2,1.556,1.553,1.553,1.561,2026-07-14 13:27:59 UTC,2026-07-14 13:28:36 UTC,36.3,0.3112,0.0041,0.0,0.0006,0.06,14.46,MIN_PROFIT_TP_HIT,0.199
1552,TRUMP_USDT,LONG,StochasticRSI(FAST_SCALP-LONG),2,0.2,1.554,1.557,1.557,1.549,2026-07-14 13:35:59 UTC,2026-07-14 13:37:48 UTC,108.98,0.3108,0.0041,0.0,0.0006,0.06,14.48,MIN_PROFIT_TP_HIT,0.1996
1553,TRUMP_USDT,SHORT,StochasticRSI(FAST_SCALP-SHORT),2,0.2,1.554,1.551,1.551,1.559,2026-07-14 13:41:59 UTC,2026-07-14 13:42:46 UTC,46.63,0.3108,0.0041,0.0,0.0006,0.06,14.48,MIN_PROFIT_TP_HIT,0.2002
1554,TRUMP_USDT,LONG,StochasticRSI(FAST_SCALP-LONG),2,0.2,1.549,1.544,1.552,1.544,2026-07-14 13:50:59 UTC,2026-07-14 13:56:55 UTC,355.24,0.3098,0.0041,0.0,-0.001,-0.09,-24.21,STOP_LOSS_HIT,0.1992
1555,TRUMP_USDT,SHORT,StochasticRSI(FAST_SCALP-SHORT),2,0.2,1.546,1.543,1.543,1.551,2026-07-14 13:57:59 UTC,2026-07-14 14:01:13 UTC,193.57,0.3092,0.0041,0.0,0.0006,0.06,14.55,MIN_PROFIT_TP_HIT,0.1998
1556,TRUMP_USDT,LONG,StochasticRSI(FAST_SCALP-LONG),2,0.2,1.541,1.544,1.544,1.536,2026-07-14 14:06:59 UTC,2026-07-14 14:11:52 UTC,292.67,0.3082,0.0041,0.0,0.0006,0.06,14.6,MIN_PROFIT_TP_HIT,0.2004
1557,TRUMP_USDT,SHORT,StochasticRSI(FAST_SCALP-SHORT),2,0.2,1.542,1.547,1.539,1.547,2026-07-14 14:16:59 UTC,2026-07-14 14:26:53 UTC,593.6,0.3084,0.0041,0.0,-0.001,-0.09,-24.32,STOP_LOSS_HIT,0.1994
1558,TRUMP_USDT,LONG,StochasticRSI(FAST_SCALP-LONG),2,0.2,1.545,1.548,1.548,1.54,2026-07-14 14:35:59 UTC,2026-07-14 14:59:43 UTC,1423.49,0.309,0.0041,0.0,0.0006,0.06,14.56,MIN_PROFIT_TP_HIT,0.2
1559,TRUMP_USDT,SHORT,StochasticRSI(FAST_SCALP-SHORT),2,0.2,1.548,1.553,1.545,1.553,2026-07-14 15:03:59 UTC,2026-07-14 15:29:25 UTC,1525.76,0.3096,0.0041,0.0,-0.001,-0.09,-24.22,STOP_LOSS_HIT,0.199
1560,TRUMP_USDT,SHORT,StochasticRSI(FAST_SCALP-SHORT),2,0.2,1.558,1.555,1.555,1.563,2026-07-14 15:34:59 UTC,2026-07-14 15:38:50 UTC,230.72,0.3116,0.0042,0.0,0.0006,0.06,14.44,MIN_PROFIT_TP_HIT,0.1996
1561,TRUMP_USDT,SHORT,StochasticRSI(FAST_SCALP-SHORT),2,0.2,1.557,1.554,1.554,1.562,2026-07-14 15:39:59 UTC,2026-07-14 15:41:30 UTC,90.87,0.3114,0.0042,0.0,0.0006,0.06,14.45,MIN_PROFIT_TP_HIT,0.2002
1562,TRUMP_USDT,LONG,StochasticRSI(FAST_SCALP-LONG),2,0.2,1.557,1.552,1.56,1.552,2026-07-14 15:43:59 UTC,2026-07-14 15:51:13 UTC,433.99,0.3114,0.0042,0.0,-0.001,-0.09,-24.08,STOP_LOSS_HIT,0.1992
1563,TRUMP_USDT,LONG,StochasticRSI(FAST_SCALP-LONG),2,0.2,1.551,1.554,1.554,1.546,2026-07-14 15:54:59 UTC,2026-07-14 16:07:44 UTC,764.21,0.3102,0.0041,0.0,0.0006,0.06,14.51,MIN_PROFIT_TP_HIT,0.1998
1564,TRUMP_USDT,SHORT,StochasticRSI(FAST_SCALP-SHORT),2,0.2,1.554,1.551,1.551,1.559,2026-07-14 16:12:59 UTC,2026-07-14 16:22:18 UTC,558.8,0.3108,0.0041,0.0,0.0006,0.06,14.48,MIN_PROFIT_TP_HIT,0.2004
1565,TRUMP_USDT,LONG,StochasticRSI(FAST_SCALP-LONG),2,0.2,1.554,1.557,1.557,1.549,2026-07-14 16:25:59 UTC,2026-07-14 16:34:31 UTC,511.35,0.3108,0.0041,0.0,0.0006,0.06,14.48,MIN_PROFIT_TP_HIT,0.201
1566,TRUMP_USDT,SHORT,StochasticRSI(FAST_SCALP-SHORT),2,0.2,1.559,1.564,1.556,1.564,2026-07-14 16:43:59 UTC,2026-07-14 16:52:09 UTC,489.35,0.3118,0.0042,0.0,-0.001,-0.09,-24.05,STOP_LOSS_HIT,0.2
1567,TRUMP_USDT,SHORT,StochasticRSI(FAST_SCALP-SHORT),2,0.2,1.565,1.562,1.562,1.57,2026-07-14 16:56:59 UTC,2026-07-14 16:58:23 UTC,83.27,0.313,0.0042,0.0,0.0006,0.06,14.38,MIN_PROFIT_TP_HIT,0.2006
1568,TRUMP_USDT,LONG,StochasticRSI(FAST_SCALP-LONG),2,0.2,1.567,1.562,1.57,1.562,2026-07-14 17:02:59 UTC,2026-07-14 17:05:55 UTC,175.69,0.3134,0.0042,0.0,-0.001,-0.09,-23.93,STOP_LOSS_HIT,0.1996
1569,TRUMP_USDT,LONG,StochasticRSI(FAST_SCALP-LONG),2,0.2,1.561,1.564,1.564,1.556,2026-07-14 17:09:59 UTC,2026-07-14 17:11:03 UTC,63.69,0.3122,0.0042,0.0,0.0006,0.06,14.41,MIN_PROFIT_TP_HIT,0.2002
1570,TRUMP_USDT,SHORT,StochasticRSI(FAST_SCALP-SHORT),2,0.2,1.561,1.566,1.558,1.566,2026-07-14 17:19:59 UTC,2026-07-14 17:22:06 UTC,126.61,0.3122,0.0042,0.0,-0.001,-0.09,-24.02,STOP_LOSS_HIT,0.1992
1571,TRUMP_USDT,SHORT,StochasticRSI(FAST_SCALP-SHORT),2,0.2,1.567,1.564,1.564,1.572,2026-07-14 17:24:59 UTC,2026-07-14 17:28:09 UTC,189.09,0.3134,0.0042,0.0,0.0006,0.06,14.36,MIN_PROFIT_TP_HIT,0.1998
1572,TRUMP_USDT,LONG,StochasticRSI(FAST_SCALP-LONG),2,0.2,1.565,1.568,1.568,1.56,2026-07-14 17:32:59 UTC,2026-07-14 17:42:41 UTC,581.87,0.313,0.0042,0.0,0.0006,0.06,14.38,MIN_PROFIT_TP_HIT,0.2004
1573,TRUMP_USDT,SHORT,StochasticRSI(FAST_SCALP-SHORT),2,0.2,1.566,1.563,1.563,1.571,2026-07-14 17:45:59 UTC,2026-07-14 17:47:30 UTC,90.91,0.3132,0.0042,0.0,0.0006,0.06,14.37,MIN_PROFIT_TP_HIT,0.201
1574,TRUMP_USDT,SHORT,StochasticRSI(FAST_SCALP-SHORT),2,0.2,1.565,1.562,1.562,1.57,2026-07-14 17:48:59 UTC,2026-07-14 18:02:14 UTC,794.22,0.313,0.0042,0.0,0.0006,0.06,14.38,MIN_PROFIT_TP_HIT,0.2016
1575,TRUMP_USDT,LONG,StochasticRSI(FAST_SCALP-LONG),2,0.2,1.56,1.555,1.563,1.555,2026-07-14 18:05:59 UTC,2026-07-14 18:13:37 UTC,457.19,0.312,0.0042,0.0,-0.001,-0.09,-24.04,STOP_LOSS_HIT,0.2006
1576,TRUMP_USDT,SHORT,StochasticRSI(FAST_SCALP-SHORT),2,0.2,1.555,1.56,1.552,1.56,2026-07-14 18:14:59 UTC,2026-07-14 18:29:10 UTC,850.64,0.311,0.0041,0.0,-0.001,-0.09,-24.12,STOP_LOSS_HIT,0.1996
1577,TRUMP_USDT,SHORT,StochasticRSI(FAST_SCALP-SHORT),2,0.2,1.556,1.553,1.553,1.561,2026-07-14 18:30:59 UTC,2026-07-14 19:09:19 UTC,2299.25,0.3112,0.0041,0.0,0.0006,0.06,14.46,MIN_PROFIT_TP_HIT,0.2002
1578,TRUMP_USDT,LONG,StochasticRSI(FAST_SCALP-LONG),2,0.2,1.552,1.555,1.555,1.547,2026-07-14 19:11:59 UTC,2026-07-14 19:13:14 UTC,74.51,0.3104,0.0041,0.0,0.0006,0.06,14.5,MIN_PROFIT_TP_HIT,0.2008
1579,TRUMP_USDT,SHORT,StochasticRSI(FAST_SCALP-SHORT),2,0.2,1.561,1.566,1.558,1.566,2026-07-14 19:18:59 UTC,2026-07-14 19:26:32 UTC,452.19,0.3122,0.0042,0.0,-0.001,-0.09,-24.02,STOP_LOSS_HIT,0.1998
1580,TRUMP_USDT,LONG,StochasticRSI(FAST_SCALP-LONG),2,0.2,1.557,1.552,1.56,1.552,2026-07-14 19:33:59 UTC,2026-07-14 20:10:40 UTC,2201.0,0.3114,0.0042,0.0,-0.001,-0.09,-24.08,STOP_LOSS_HIT,0.1988
1581,TRUMP_USDT,LONG,StochasticRSI(FAST_SCALP-LONG),2,0.2,1.553,1.556,1.556,1.548,2026-07-14 20:16:59 UTC,2026-07-14 20:43:29 UTC,1589.2,0.3106,0.0041,0.0,0.0006,0.06,14.49,MIN_PROFIT_TP_HIT,0.1994
1582,TRUMP_USDT,LONG,StochasticRSI(FAST_SCALP-LONG),2,0.2,1.556,1.559,1.559,1.551,2026-07-14 20:44:59 UTC,2026-07-14 20:58:32 UTC,812.62,0.3112,0.0041,0.0,0.0006,0.06,14.46,MIN_PROFIT_TP_HIT,0.2
1583,TRUMP_USDT,SHORT,StochasticRSI(FAST_SCALP-SHORT),2,0.2,1.557,1.562,1.554,1.562,2026-07-14 21:02:59 UTC,2026-07-14 21:40:00 UTC,2220.25,0.3114,0.0042,0.0,-0.001,-0.09,-24.08,STOP_LOSS_HIT,0.199
1584,TRUMP_USDT,LONG,StochasticRSI(FAST_SCALP-LONG),2,0.2,1.556,1.551,1.559,1.551,2026-07-14 21:54:59 UTC,2026-07-14 22:01:42 UTC,402.7,0.3112,0.0041,0.0,-0.001,-0.09,-24.1,STOP_LOSS_HIT,0.198
1585,TRUMP_USDT,LONG,StochasticRSI(FAST_SCALP-LONG),2,0.2,1.548,1.551,1.551,1.543,2026-07-14 22:16:59 UTC,2026-07-14 22:19:59 UTC,179.88,0.3096,0.0041,0.0,0.0006,0.06,14.53,MIN_PROFIT_TP_HIT,0.1986
1586,TRUMP_USDT,SHORT,StochasticRSI(FAST_SCALP-SHORT),2,0.2,1.553,1.558,1.55,1.558,2026-07-14 22:23:59 UTC,2026-07-14 22:33:26 UTC,566.18,0.3106,0.0041,0.0,-0.001,-0.09,-24.15,STOP_LOSS_HIT,0.1976
1587,TRUMP_USDT,SHORT,StochasticRSI(FAST_SCALP-SHORT),2,0.2,1.559,1.556,1.556,1.564,2026-07-14 22:38:59 UTC,2026-07-14 22:54:33 UTC,933.85,0.3118,0.0042,0.0,0.0006,0.06,14.43,MIN_PROFIT_TP_HIT,0.1982
1588,TRUMP_USDT,LONG,StochasticRSI(FAST_SCALP-LONG),2,0.2,1.556,1.559,1.559,1.551,2026-07-14 22:57:59 UTC,2026-07-14 23:10:41 UTC,761.1,0.3112,0.0041,0.0,0.0006,0.06,14.46,MIN_PROFIT_TP_HIT,0.1988
1589,TRUMP_USDT,SHORT,StochasticRSI(FAST_SCALP-SHORT),2,0.2,1.559,1.556,1.556,1.564,2026-07-14 23:15:59 UTC,2026-07-14 23:17:38 UTC,98.53,0.3118,0.0042,0.0,0.0006,0.06,14.43,MIN_PROFIT_TP_HIT,0.1994
1590,TRUMP_USDT,LONG,StochasticRSI(FAST_SCALP-LONG),2,0.2,1.558,1.561,1.561,1.553,2026-07-14 23:21:59 UTC,2026-07-14 23:42:22 UTC,1222.07,0.3116,0.0042,0.0,0.0006,0.06,14.44,MIN_PROFIT_TP_HIT,0.2
1591,TRUMP_USDT,SHORT,StochasticRSI(FAST_SCALP-SHORT),2,0.2,1.558,1.563,1.555,1.563,2026-07-14 23:43:59 UTC,2026-07-15 00:05:13 UTC,1273.46,0.3116,0.0042,0.0,-0.001,-0.09,-24.07,STOP_LOSS_HIT,0.199
1592,TRUMP_USDT,SHORT,StochasticRSI(FAST_SCALP-SHORT),2,0.2,1.562,1.567,1.559,1.567,2026-07-15 00:12:59 UTC,2026-07-15 00:25:32 UTC,752.4,0.3124,0.0042,0.0,-0.001,-0.09,-24.01,STOP_LOSS_HIT,0.198
1593,TRUMP_USDT,SHORT,StochasticRSI(FAST_SCALP-SHORT),2,0.2,1.565,1.57,1.562,1.57,2026-07-15 00:29:59 UTC,2026-07-15 00:38:44 UTC,524.38,0.313,0.0042,0.0,-0.001,-0.09,-23.96,STOP_LOSS_HIT,0.197
1594,TRUMP_USDT,SHORT,StochasticRSI(FAST_SCALP-SHORT),2,0.2,1.566,1.571,1.563,1.571,2026-07-15 00:42:59 UTC,2026-07-15 00:54:34 UTC,694.47,0.3132,0.0042,0.0,-0.001,-0.09,-23.95,STOP_LOSS_HIT,0.196
1595,TRUMP_USDT,SHORT,StochasticRSI(FAST_SCALP-SHORT),2,0.2,1.57,1.567,1.567,1.575,2026-07-15 01:01:59 UTC,2026-07-15 01:02:34 UTC,34.7,0.314,0.0042,0.0,0.0006,0.06,14.33,MIN_PROFIT_TP_HIT,0.1966
1596,TRUMP_USDT,LONG,StochasticRSI(FAST_SCALP-LONG),2,0.2,1.569,1.572,1.572,1.564,2026-07-15 01:06:59 UTC,2026-07-15 01:12:20 UTC,320.14,0.3138,0.0042,0.0,0.0006,0.06,14.34,MIN_PROFIT_TP_HIT,0.1972
1597,TRUMP_USDT,SHORT,StochasticRSI(FAST_SCALP-SHORT),2,0.2,1.571,1.576,1.568,1.576,2026-07-15 01:15:59 UTC,2026-07-15 01:39:01 UTC,1381.64,0.3142,0.0042,0.0,-0.001,-0.09,-23.87,STOP_LOSS_HIT,0.1962
1598,TRUMP_USDT,LONG,StochasticRSI(FAST_SCALP-LONG),2,0.2,1.569,1.572,1.572,1.564,2026-07-15 01:40:59 UTC,2026-07-15 01:44:54 UTC,234.21,0.3138,0.0042,0.0,0.0006,0.06,14.34,MIN_PROFIT_TP_HIT,0.1968
1599,TRUMP_USDT,SHORT,StochasticRSI(FAST_SCALP-SHORT),2,0.2,1.572,1.569,1.569,1.577,2026-07-15 01:51:59 UTC,2026-07-15 01:56:34 UTC,274.03,0.3144,0.0042,0.0,0.0006,0.06,14.31,MIN_PROFIT_TP_HIT,0.1974
1600,TRUMP_USDT,LONG,StochasticRSI(FAST_SCALP-LONG),2,0.2,1.566,1.561,1.569,1.561,2026-07-15 02:01:59 UTC,2026-07-15 02:05:39 UTC,219.91,0.3132,0.0042,0.0,-0.001,-0.09,-23.95,STOP_LOSS_HIT,0.1964
1601,TRUMP_USDT,LONG,StochasticRSI(FAST_SCALP-LONG),2,0.2,1.566,1.561,1.569,1.561,2026-07-15 02:10:59 UTC,2026-07-15 02:13:38 UTC,158.23,0.3132,0.0042,0.0,-0.001,-0.09,-23.95,STOP_LOSS_HIT,0.1954
1602,TRUMP_USDT,SHORT,StochasticRSI(FAST_SCALP-SHORT),2,0.2,1.563,1.56,1.56,1.568,2026-07-15 02:14:59 UTC,2026-07-15 02:18:22 UTC,202.93,0.3126,0.0042,0.0,0.0006,0.06,14.4,MIN_PROFIT_TP_HIT,0.196
1603,TRUMP_USDT,LONG,StochasticRSI(FAST_SCALP-LONG),2,0.2,1.558,1.553,1.561,1.553,2026-07-15 02:19:59 UTC,2026-07-15 02:24:00 UTC,240.67,0.3116,0.0042,0.0,-0.001,-0.09,-24.07,STOP_LOSS_HIT,0.195
1604,TRUMP_USDT,SHORT,StochasticRSI(FAST_SCALP-SHORT),2,0.2,1.556,1.553,1.553,1.561,2026-07-15 02:33:59 UTC,2026-07-15 02:59:18 UTC,1518.26,0.3112,0.0041,0.0,0.0006,0.06,14.46,MIN_PROFIT_TP_HIT,0.1956
1605,TRUMP_USDT,LONG,StochasticRSI(FAST_SCALP-LONG),2,0.2,1.553,1.556,1.556,1.548,2026-07-15 03:03:59 UTC,2026-07-15 03:05:22 UTC,82.88,0.3106,0.0041,0.0,0.0006,0.06,14.49,MIN_PROFIT_TP_HIT,0.1962
1606,TRUMP_USDT,SHORT,StochasticRSI(FAST_SCALP-SHORT),2,0.2,1.557,1.562,1.554,1.562,2026-07-15 03:09:59 UTC,2026-07-15 03:21:57 UTC,717.08,0.3114,0.0042,0.0,-0.001,-0.09,-24.08,STOP_LOSS_HIT,0.1952
1607,TRUMP_USDT,SHORT,StochasticRSI(FAST_SCALP-SHORT),2,0.2,1.562,1.567,1.559,1.567,2026-07-15 03:23:59 UTC,2026-07-15 04:11:11 UTC,2831.01,0.3124,0.0042,0.0,-0.001,-0.09,-24.01,STOP_LOSS_HIT,0.1942
1608,TRUMP_USDT,SHORT,StochasticRSI(FAST_SCALP-SHORT),2,0.2,1.565,1.562,1.562,1.57,2026-07-15 04:14:59 UTC,2026-07-15 04:24:34 UTC,574.77,0.313,0.0042,0.0,0.0006,0.06,14.38,MIN_PROFIT_TP_HIT,0.1948
1609,TRUMP_USDT,LONG,StochasticRSI(FAST_SCALP-LONG),2,0.2,1.561,1.556,1.564,1.556,2026-07-15 04:27:59 UTC,2026-07-15 04:30:25 UTC,145.2,0.3122,0.0042,0.0,-0.001,-0.09,-24.02,STOP_LOSS_HIT,0.1938
1610,TRUMP_USDT,LONG,StochasticRSI(FAST_SCALP-LONG),2,0.2,1.56,1.555,1.563,1.555,2026-07-15 04:32:59 UTC,2026-07-15 05:15:01 UTC,2521.48,0.312,0.0042,0.0,-0.001,-0.09,-24.04,STOP_LOSS_HIT,0.1928
1611,TRUMP_USDT,SHORT,StochasticRSI(FAST_SCALP-SHORT),2,0.2,1.556,1.553,1.553,1.561,2026-07-15 05:16:59 UTC,2026-07-15 05:22:06 UTC,306.54,0.3112,0.0041,0.0,0.0006,0.06,14.46,MIN_PROFIT_TP_HIT,0.1934
1612,TRUMP_USDT,LONG,StochasticRSI(FAST_SCALP-LONG),2,0.2,1.558,1.561,1.561,1.553,2026-07-15 05:25:59 UTC,2026-07-15 05:44:20 UTC,1100.08,0.3116,0.0042,0.0,0.0006,0.06,14.44,MIN_PROFIT_TP_HIT,0.194
1613,TRUMP_USDT,SHORT,StochasticRSI(FAST_SCALP-SHORT),2,0.2,1.563,1.568,1.56,1.568,2026-07-15 05:51:59 UTC,2026-07-15 05:57:31 UTC,331.34,0.3126,0.0042,0.0,-0.001,-0.09,-23.99,STOP_LOSS_HIT,0.193
1614,TRUMP_USDT,SHORT,StochasticRSI(FAST_SCALP-SHORT),2,0.2,1.567,1.572,1.564,1.572,2026-07-15 06:00:59 UTC,2026-07-15 06:03:09 UTC,129.81,0.3134,0.0042,0.0,-0.001,-0.09,-23.93,STOP_LOSS_HIT,0.192
1615,TRUMP_USDT,LONG,StochasticRSI(FAST_SCALP-LONG),2,0.2,1.57,1.573,1.573,1.565,2026-07-15 06:15:59 UTC,2026-07-15 06:27:34 UTC,694.31,0.314,0.0042,0.0,0.0006,0.06,14.33,MIN_PROFIT_TP_HIT,0.1926
1616,TRUMP_USDT,SHORT,StochasticRSI(FAST_SCALP-SHORT),2,0.2,1.573,1.57,1.57,1.578,2026-07-15 06:32:59 UTC,2026-07-15 06:37:51 UTC,291.94,0.3146,0.0042,0.0,0.0006,0.06,14.3,MIN_PROFIT_TP_HIT,0.1932
1617,TRUMP_USDT,LONG,StochasticRSI(FAST_SCALP-LONG),2,0.2,1.572,1.567,1.575,1.567,2026-07-15 06:41:59 UTC,2026-07-15 06:50:59 UTC,539.8,0.3144,0.0042,0.0,-0.001,-0.09,-23.85,STOP_LOSS_HIT,0.1922
1618,TRUMP_USDT,LONG,StochasticRSI(FAST_SCALP-LONG),2,0.2,1.566,1.561,1.569,1.561,2026-07-15 06:53:59 UTC,2026-07-15 07:21:15 UTC,1635.45,0.3132,0.0042,0.0,-0.001,-0.09,-23.95,STOP_LOSS_HIT,0.1912
1619,TRUMP_USDT,LONG,StochasticRSI(FAST_SCALP-LONG),2,0.2,1.557,1.56,1.56,1.552,2026-07-15 07:32:59 UTC,2026-07-15 07:46:07 UTC,787.37,0.3114,0.0042,0.0,0.0006,0.06,14.45,MIN_PROFIT_TP_HIT,0.1918
1620,TRUMP_USDT,SHORT,StochasticRSI(FAST_SCALP-SHORT),2,0.2,1.563,1.568,1.56,1.568,2026-07-15 07:52:59 UTC,2026-07-15 08:46:06 UTC,3186.84,0.3126,0.0042,0.0,-0.001,-0.09,-23.99,STOP_LOSS_HIT,0.1908
1621,TRUMP_USDT,SHORT,StochasticRSI(FAST_SCALP-SHORT),2,0.2,1.567,1.564,1.564,1.572,2026-07-15 08:48:59 UTC,2026-07-15 08:55:04 UTC,364.75,0.3134,0.0042,0.0,0.0006,0.06,14.36,MIN_PROFIT_TP_HIT,0.1914
1622,TRUMP_USDT,LONG,StochasticRSI(FAST_SCALP-LONG),2,0.2,1.563,1.566,1.566,1.558,2026-07-15 08:59:59 UTC,2026-07-15 09:04:25 UTC,265.76,0.3126,0.0042,0.0,0.0006,0.06,14.4,MIN_PROFIT_TP_HIT,0.192
1623,TRUMP_USDT,SHORT,StochasticRSI(FAST_SCALP-SHORT),2,0.2,1.568,1.565,1.565,1.573,2026-07-15 09:17:59 UTC,2026-07-15 09:31:17 UTC,797.29,0.3136,0.0042,0.0,0.0006,0.06,14.35,MIN_PROFIT_TP_HIT,0.1926
1624,TRUMP_USDT,LONG,StochasticRSI(FAST_SCALP-LONG),2,0.2,1.567,1.562,1.57,1.562,2026-07-15 09:34:59 UTC,2026-07-15 09:47:39 UTC,759.53,0.3134,0.0042,0.0,-0.001,-0.09,-23.93,STOP_LOSS_HIT,0.1916
1625,TRUMP_USDT,LONG,StochasticRSI(FAST_SCALP-LONG),2,0.2,1.563,1.566,1.566,1.558,2026-07-15 09:53:59 UTC,2026-07-15 10:05:37 UTC,697.06,0.3126,0.0042,0.0,0.0006,0.06,14.4,MIN_PROFIT_TP_HIT,0.1922
1626,TRUMP_USDT,SHORT,StochasticRSI(FAST_SCALP-SHORT),2,0.2,1.565,1.562,1.562,1.57,2026-07-15 10:08:59 UTC,2026-07-15 10:13:03 UTC,243.52,0.313,0.0042,0.0,0.0006,0.06,14.38,MIN_PROFIT_TP_HIT,0.1928
1627,TRUMP_USDT,LONG,StochasticRSI(FAST_SCALP-LONG),2,0.2,1.562,1.557,1.565,1.557,2026-07-15 10:18:59 UTC,2026-07-15 10:28:23 UTC,563.09,0.3124,0.0042,0.0,-0.001,-0.09,-24.01,STOP_LOSS_HIT,0.1918
1628,TRUMP_USDT,SHORT,StochasticRSI(FAST_SCALP-SHORT),2,0.2,1.558,1.563,1.555,1.563,2026-07-15 10:34:59 UTC,2026-07-15 10:56:29 UTC,1289.74,0.3116,0.0042,0.0,-0.001,-0.09,-24.07,STOP_LOSS_HIT,0.1908
1629,TRUMP_USDT,SHORT,StochasticRSI(FAST_SCALP-SHORT),2,0.2,1.561,1.558,1.558,1.566,2026-07-15 10:59:59 UTC,2026-07-15 11:19:17 UTC,1157.09,0.3122,0.0042,0.0,0.0006,0.06,14.41,MIN_PROFIT_TP_HIT,0.1914
1630,TRUMP_USDT,LONG,StochasticRSI(FAST_SCALP-LONG),2,0.2,1.559,1.562,1.562,1.554,2026-07-15 11:22:59 UTC,2026-07-15 11:32:32 UTC,572.26,0.3118,0.0042,0.0,0.0006,0.06,14.43,MIN_PROFIT_TP_HIT,0.192
1631,TRUMP_USDT,SHORT,StochasticRSI(FAST_SCALP-SHORT),2,0.2,1.562,1.567,1.559,1.567,2026-07-15 11:40:59 UTC,2026-07-15 12:30:01 UTC,2941.29,0.3124,0.0042,0.0,-0.001,-0.09,-24.01,STOP_LOSS_HIT,0.191
1632,TRUMP_USDT,SHORT,StochasticRSI(FAST_SCALP-SHORT),2,0.2,1.568,1.573,1.565,1.573,2026-07-15 12:35:59 UTC,2026-07-15 12:48:59 UTC,779.31,0.3136,0.0042,0.0,-0.001,-0.09,-23.92,STOP_LOSS_HIT,0.19
1633,TRUMP_USDT,SHORT,StochasticRSI(FAST_SCALP-SHORT),2,0.2,1.579,1.584,1.576,1.584,2026-07-15 12:55:59 UTC,2026-07-15 12:57:27 UTC,87.11,0.3158,0.0042,0.0,-0.001,-0.09,-23.75,STOP_LOSS_HIT,0.189
1634,TRUMP_USDT,LONG,StochasticRSI(FAST_SCALP-LONG),2,0.2,1.588,1.583,1.591,1.583,2026-07-15 13:03:59 UTC,2026-07-15 13:12:32 UTC,512.98,0.3176,0.0042,0.0,-0.001,-0.09,-23.61,STOP_LOSS_HIT,0.188
1635,TRUMP_USDT,LONG,StochasticRSI(FAST_SCALP-LONG),2,0.2,1.585,1.588,1.588,1.58,2026-07-15 13:15:59 UTC,2026-07-15 13:17:20 UTC,80.45,0.317,0.0042,0.0,0.0006,0.06,14.2,MIN_PROFIT_TP_HIT,0.1886
1636,TRUMP_USDT,LONG,StochasticRSI(FAST_SCALP-LONG),2,0.2,1.587,1.582,1.59,1.582,2026-07-15 13:22:59 UTC,2026-07-15 13:24:03 UTC,63.19,0.3174,0.0042,0.0,-0.001,-0.09,-23.63,STOP_LOSS_HIT,0.1876
1637,TRUMP_USDT,LONG,StochasticRSI(FAST_SCALP-LONG),2,0.2,1.583,1.586,1.586,1.578,2026-07-15 13:28:59 UTC,2026-07-15 13:36:39 UTC,459.41,0.3166,0.0042,0.0,0.0006,0.06,14.21,MIN_PROFIT_TP_HIT,0.1882
1638,TRUMP_USDT,SHORT,StochasticRSI(FAST_SCALP-SHORT),2,0.2,1.583,1.58,1.58,1.588,2026-07-15 13:38:59 UTC,2026-07-15 13:45:02 UTC,362.89,0.3166,0.0042,0.0,0.0006,0.06,14.21,MIN_PROFIT_TP_HIT,0.1888
1639,TRUMP_USDT,LONG,StochasticRSI(FAST_SCALP-LONG),2,0.2,1.574,1.569,1.577,1.569,2026-07-15 13:50:59 UTC,2026-07-15 13:53:22 UTC,142.03,0.3148,0.0042,0.0,-0.001,-0.09,-23.82,STOP_LOSS_HIT,0.1878
1640,TRUMP_USDT,SHORT,StochasticRSI(FAST_SCALP-SHORT),2,0.2,1.576,1.573,1.573,1.581,2026-07-15 14:05:59 UTC,2026-07-15 14:20:17 UTC,857.36,0.3152,0.0042,0.0,0.0006,0.06,14.28,MIN_PROFIT_TP_HIT,0.1884
1641,TRUMP_USDT,LONG,StochasticRSI(FAST_SCALP-LONG),2,0.2,1.573,1.568,1.576,1.568,2026-07-15 14:22:59 UTC,2026-07-15 14:23:36 UTC,36.18,0.3146,0.0042,0.0,-0.001,-0.09,-23.84,STOP_LOSS_HIT,0.1874
1642,TRUMP_USDT,LONG,StochasticRSI(FAST_SCALP-LONG),2,0.2,1.573,1.576,1.576,1.568,2026-07-15 14:27:59 UTC,2026-07-15 14:29:09 UTC,69.07,0.3146,0.0042,0.0,0.0006,0.06,14.3,MIN_PROFIT_TP_HIT,0.188
1643,TRUMP_USDT,SHORT,StochasticRSI(FAST_SCALP-SHORT),2,0.2,1.574,1.571,1.571,1.579,2026-07-15 14:32:59 UTC,2026-07-15 14:42:49 UTC,589.07,0.3148,0.0042,0.0,0.0006,0.06,14.29,MIN_PROFIT_TP_HIT,0.1886
1644,TRUMP_USDT,LONG,StochasticRSI(FAST_SCALP-LONG),2,0.2,1.573,1.576,1.576,1.568,2026-07-15 14:44:59 UTC,2026-07-15 14:52:36 UTC,456.04,0.3146,0.0042,0.0,0.0006,0.06,14.3,MIN_PROFIT_TP_HIT,0.1892
1645,TRUMP_USDT,SHORT,StochasticRSI(FAST_SCALP-SHORT),2,0.2,1.574,1.571,1.571,1.579,2026-07-15 14:56:59 UTC,2026-07-15 15:14:53 UTC,1073.92,0.3148,0.0042,0.0,0.0006,0.06,14.29,MIN_PROFIT_TP_HIT,0.1898
1646,TRUMP_USDT,LONG,StochasticRSI(FAST_SCALP-LONG),2,0.2,1.573,1.568,1.576,1.568,2026-07-15 15:18:59 UTC,2026-07-15 15:23:29 UTC,269.37,0.3146,0.0042,0.0,-0.001,-0.09,-23.84,STOP_LOSS_HIT,0.1888
1647,TRUMP_USDT,LONG,StochasticRSI(FAST_SCALP-LONG),2,0.2,1.567,1.57,1.57,1.562,2026-07-15 15:27:59 UTC,2026-07-15 15:32:52 UTC,292.36,0.3134,0.0042,0.0,0.0006,0.06,14.36,MIN_PROFIT_TP_HIT,0.1894
1648,TRUMP_USDT,SHORT,StochasticRSI(FAST_SCALP-SHORT),2,0.2,1.57,1.567,1.567,1.575,2026-07-15 15:36:59 UTC,2026-07-15 15:46:01 UTC,541.94,0.314,0.0042,0.0,0.0006,0.06,14.33,MIN_PROFIT_TP_HIT,0.19
1649,TRUMP_USDT,LONG,StochasticRSI(FAST_SCALP-LONG),2,0.2,1.568,1.571,1.571,1.563,2026-07-15 15:50:59 UTC,2026-07-15 15:59:44 UTC,524.23,0.3136,0.0042,0.0,0.0006,0.06,14.35,MIN_PROFIT_TP_HIT,0.1906
1650,TRUMP_USDT,LONG,StochasticRSI(FAST_SCALP-LONG),2,0.2,1.564,1.567,1.567,1.559,2026-07-15 16:08:59 UTC,2026-07-15 16:10:45 UTC,105.37,0.3128,0.0042,0.0,0.0006,0.06,14.39,MIN_PROFIT_TP_HIT,0.1912
1651,TRUMP_USDT,SHORT,StochasticRSI(FAST_SCALP-SHORT),2,0.2,1.568,1.565,1.565,1.573,2026-07-15 16:19:59 UTC,2026-07-15 16:20:37 UTC,37.28,0.3136,0.0042,0.0,0.0006,0.06,14.35,MIN_PROFIT_TP_HIT,0.1918
1652,TRUMP_USDT,SHORT,StochasticRSI(FAST_SCALP-SHORT),2,0.2,1.564,1.561,1.561,1.569,2026-07-15 16:21:59 UTC,2026-07-15 16:34:52 UTC,772.71,0.3128,0.0042,0.0,0.0006,0.06,14.39,MIN_PROFIT_TP_HIT,0.1924
1653,TRUMP_USDT,LONG,StochasticRSI(FAST_SCALP-LONG),2,0.2,1.559,1.562,1.562,1.554,2026-07-15 16:38:59 UTC,2026-07-15 16:40:08 UTC,68.48,0.3118,0.0042,0.0,0.0006,0.06,14.43,MIN_PROFIT_TP_HIT,0.193
1654,TRUMP_USDT,SHORT,StochasticRSI(FAST_SCALP-SHORT),2,0.2,1.567,1.564,1.564,1.572,2026-07-15 16:46:59 UTC,2026-07-15 16:48:55 UTC,115.5,0.3134,0.0042,0.0,0.0006,0.06,14.36,MIN_PROFIT_TP_HIT,0.1936
1655,TRUMP_USDT,LONG,StochasticRSI(FAST_SCALP-LONG),2,0.2,1.563,1.566,1.566,1.558,2026-07-15 17:00:59 UTC,2026-07-15 17:03:13 UTC,133.95,0.3126,0.0042,0.0,0.0006,0.06,14.4,MIN_PROFIT_TP_HIT,0.1942
1656,TRUMP_USDT,SHORT,StochasticRSI(FAST_SCALP-SHORT),2,0.2,1.565,1.562,1.562,1.57,2026-07-15 17:06:59 UTC,2026-07-15 17:10:17 UTC,197.83,0.313,0.0042,0.0,0.0006,0.06,14.38,MIN_PROFIT_TP_HIT,0.1948
1657,TRUMP_USDT,LONG,StochasticRSI(FAST_SCALP-LONG),2,0.2,1.561,1.564,1.564,1.556,2026-07-15 17:14:59 UTC,2026-07-15 17:17:59 UTC,179.15,0.3122,0.0042,0.0,0.0006,0.06,14.41,MIN_PROFIT_TP_HIT,0.1954
1658,TRUMP_USDT,LONG,StochasticRSI(FAST_SCALP-LONG),2,0.2,1.561,1.564,1.564,1.556,2026-07-15 17:18:59 UTC,2026-07-15 17:20:18 UTC,78.98,0.3122,0.0042,0.0,0.0006,0.06,14.41,MIN_PROFIT_TP_HIT,0.196
1659,TRUMP_USDT,SHORT,StochasticRSI(FAST_SCALP-SHORT),2,0.2,1.565,1.57,1.562,1.57,2026-07-15 17:27:59 UTC,2026-07-15 17:45:47 UTC,1067.0,0.313,0.0042,0.0,-0.001,-0.09,-23.96,STOP_LOSS_HIT,0.195
1660,TRUMP_USDT,SHORT,StochasticRSI(FAST_SCALP-SHORT),2,0.2,1.572,1.577,1.569,1.577,2026-07-15 17:49:59 UTC,2026-07-15 17:59:32 UTC,572.05,0.3144,0.0042,0.0,-0.001,-0.09,-23.85,STOP_LOSS_HIT,0.194
1661,TRUMP_USDT,LONG,StochasticRSI(FAST_SCALP-LONG),2,0.2,1.578,1.581,1.581,1.573,2026-07-15 18:00:59 UTC,2026-07-15 18:02:09 UTC,69.16,0.3156,0.0042,0.0,0.0006,0.06,14.26,MIN_PROFIT_TP_HIT,0.1946
1662,TRUMP_USDT,LONG,StochasticRSI(FAST_SCALP-LONG),2,0.2,1.581,1.584,1.584,1.576,2026-07-15 18:05:59 UTC,2026-07-15 18:08:08 UTC,128.61,0.3162,0.0042,0.0,0.0006,0.06,14.23,MIN_PROFIT_TP_HIT,0.1952
1663,TRUMP_USDT,LONG,StochasticRSI(FAST_SCALP-LONG),2,0.2,1.589,1.584,1.592,1.584,2026-07-15 18:14:59 UTC,2026-07-15 18:19:47 UTC,287.24,0.3178,0.0042,0.0,-0.001,-0.09,-23.6,STOP_LOSS_HIT,0.1942
1664,TRUMP_USDT,LONG,StochasticRSI(FAST_SCALP-LONG),2,0.2,1.583,1.578,1.586,1.578,2026-07-15 18:24:59 UTC,2026-07-15 18:26:43 UTC,103.11,0.3166,0.0042,0.0,-0.001,-0.09,-23.69,STOP_LOSS_HIT,0.1932
1665,TRUMP_USDT,LONG,StochasticRSI(FAST_SCALP-LONG),2,0.2,1.58,1.583,1.583,1.575,2026-07-15 18:28:59 UTC,2026-07-15 18:32:28 UTC,208.92,0.316,0.0042,0.0,0.0006,0.06,14.24,MIN_PROFIT_TP_HIT,0.1938
1666,TRUMP_USDT,SHORT,StochasticRSI(FAST_SCALP-SHORT),2,0.2,1.592,1.589,1.589,1.597,2026-07-15 18:35:59 UTC,2026-07-15 18:38:31 UTC,151.38,0.3184,0.0042,0.0,0.0006,0.06,14.13,MIN_PROFIT_TP_HIT,0.1944
1667,TRUMP_USDT,LONG,StochasticRSI(FAST_SCALP-LONG),2,0.2,1.585,1.588,1.588,1.58,2026-07-15 18:44:59 UTC,2026-07-15 18:47:03 UTC,123.26,0.317,0.0042,0.0,0.0006,0.06,14.2,MIN_PROFIT_TP_HIT,0.195
1668,TRUMP_USDT,LONG,StochasticRSI(FAST_SCALP-LONG),2,0.2,1.59,1.585,1.593,1.585,2026-07-15 18:48:59 UTC,2026-07-15 18:51:16 UTC,136.68,0.318,0.0042,0.0,-0.001,-0.09,-23.58,STOP_LOSS_HIT,0.194
1669,TRUMP_USDT,SHORT,StochasticRSI(FAST_SCALP-SHORT),2,0.2,1.585,1.582,1.582,1.59,2026-07-15 18:52:59 UTC,2026-07-15 18:57:23 UTC,263.08,0.317,0.0042,0.0,0.0006,0.06,14.2,MIN_PROFIT_TP_HIT,0.1946
1670,TRUMP_USDT,LONG,StochasticRSI(FAST_SCALP-LONG),2,0.2,1.582,1.585,1.585,1.577,2026-07-15 19:00:59 UTC,2026-07-15 19:02:36 UTC,96.5,0.3164,0.0042,0.0,0.0006,0.06,14.22,MIN_PROFIT_TP_HIT,0.1952
1671,TRUMP_USDT,SHORT,StochasticRSI(FAST_SCALP-SHORT),2,0.2,1.584,1.581,1.581,1.589,2026-07-15 19:06:59 UTC,2026-07-15 19:12:04 UTC,304.48,0.3168,0.0042,0.0,0.0006,0.06,14.2,MIN_PROFIT_TP_HIT,0.1958
1672,TRUMP_USDT,SHORT,StochasticRSI(FAST_SCALP-SHORT),2,0.2,1.583,1.58,1.58,1.588,2026-07-15 19:19:59 UTC,2026-07-15 19:20:33 UTC,33.5,0.3166,0.0042,0.0,0.0006,0.06,14.21,MIN_PROFIT_TP_HIT,0.1964
1673,TRUMP_USDT,SHORT,StochasticRSI(FAST_SCALP-SHORT),2,0.2,1.585,1.582,1.582,1.59,2026-07-15 19:30:59 UTC,2026-07-15 19:50:01 UTC,1141.63,0.317,0.0042,0.0,0.0006,0.06,14.2,MIN_PROFIT_TP_HIT,0.197
1674,TRUMP_USDT,LONG,StochasticRSI(FAST_SCALP-LONG),2,0.2,1.583,1.586,1.586,1.578,2026-07-15 19:52:59 UTC,2026-07-15 20:00:36 UTC,457.0,0.3166,0.0042,0.0,0.0006,0.06,14.21,MIN_PROFIT_TP_HIT,0.1976
1675,TRUMP_USDT,SHORT,StochasticRSI(FAST_SCALP-SHORT),2,0.2,1.587,1.584,1.584,1.592,2026-07-15 20:06:59 UTC,2026-07-15 20:09:55 UTC,175.9,0.3174,0.0042,0.0,0.0006,0.06,14.18,MIN_PROFIT_TP_HIT,0.1982
1676,TRUMP_USDT,SHORT,StochasticRSI(FAST_SCALP-SHORT),2,0.2,1.585,1.582,1.582,1.59,2026-07-15 20:14:59 UTC,2026-07-15 20:56:01 UTC,2461.1,0.317,0.0042,0.0,0.0006,0.06,14.2,MIN_PROFIT_TP_HIT,0.1988
1677,TRUMP_USDT,LONG,StochasticRSI(FAST_SCALP-LONG),2,0.2,1.584,1.579,1.587,1.579,2026-07-15 20:57:59 UTC,2026-07-15 21:10:44 UTC,764.95,0.3168,0.0042,0.0,-0.001,-0.09,-23.67,STOP_LOSS_HIT,0.1978
1678,TRUMP_USDT,LONG,StochasticRSI(FAST_SCALP-LONG),2,0.2,1.582,1.577,1.585,1.577,2026-07-15 21:17:59 UTC,2026-07-15 21:38:38 UTC,1238.78,0.3164,0.0042,0.0,-0.001,-0.09,-23.7,STOP_LOSS_HIT,0.1968
1679,TRUMP_USDT,LONG,StochasticRSI(FAST_SCALP-LONG),2,0.2,1.578,1.573,1.581,1.573,2026-07-15 21:40:59 UTC,2026-07-15 21:58:04 UTC,1024.13,0.3156,0.0042,0.0,-0.001,-0.09,-23.76,STOP_LOSS_HIT,0.1958
1680,TRUMP_USDT,SHORT,StochasticRSI(FAST_SCALP-SHORT),2,0.2,1.582,1.579,1.579,1.587,2026-07-15 22:04:59 UTC,2026-07-15 22:07:36 UTC,156.19,0.3164,0.0042,0.0,0.0006,0.06,14.22,MIN_PROFIT_TP_HIT,0.1964
1681,TRUMP_USDT,SHORT,StochasticRSI(FAST_SCALP-SHORT),2,0.2,1.582,1.579,1.579,1.587,2026-07-15 22:08:59 UTC,2026-07-15 22:40:29 UTC,1889.66,0.3164,0.0042,0.0,0.0006,0.06,14.22,MIN_PROFIT_TP_HIT,0.197
1682,TRUMP_USDT,LONG,StochasticRSI(FAST_SCALP-LONG),2,0.2,1.577,1.58,1.58,1.572,2026-07-15 22:46:59 UTC,2026-07-15 22:54:08 UTC,428.02,0.3154,0.0042,0.0,0.0006,0.06,14.27,MIN_PROFIT_TP_HIT,0.1976
1683,TRUMP_USDT,SHORT,StochasticRSI(FAST_SCALP-SHORT),2,0.2,1.576,1.581,1.573,1.581,2026-07-15 22:55:59 UTC,2026-07-15 23:01:48 UTC,348.75,0.3152,0.0042,0.0,-0.001,-0.09,-23.79,STOP_LOSS_HIT,0.1966
1684,TRUMP_USDT,SHORT,StochasticRSI(FAST_SCALP-SHORT),2,0.2,1.583,1.58,1.58,1.588,2026-07-15 23:04:59 UTC,2026-07-15 23:05:19 UTC,19.49,0.3166,0.0042,0.0,0.0006,0.06,14.21,MIN_PROFIT_TP_HIT,0.1972
1685,TRUMP_USDT,LONG,StochasticRSI(FAST_SCALP-LONG),2,0.2,1.583,1.578,1.586,1.578,2026-07-15 23:22:59 UTC,2026-07-15 23:40:00 UTC,1020.23,0.3166,0.0042,0.0,-0.001,-0.09,-23.69,STOP_LOSS_HIT,0.1962
1686,TRUMP_USDT,LONG,StochasticRSI(FAST_SCALP-LONG),2,0.2,1.587,1.582,1.59,1.582,2026-07-15 23:44:59 UTC,2026-07-15 23:45:31 UTC,31.11,0.3174,0.0042,0.0,-0.001,-0.09,-23.63,STOP_LOSS_HIT,0.1952
1687,TRUMP_USDT,LONG,StochasticRSI(FAST_SCALP-LONG),2,0.2,1.579,1.582,1.582,1.574,2026-07-15 23:56:59 UTC,2026-07-16 00:02:07 UTC,307.74,0.3158,0.0042,0.0,0.0006,0.06,14.25,MIN_PROFIT_TP_HIT,0.1958
1688,TRUMP_USDT,SHORT,StochasticRSI(FAST_SCALP-SHORT),2,0.2,1.584,1.589,1.581,1.589,2026-07-16 00:05:59 UTC,2026-07-16 00:17:51 UTC,711.62,0.3168,0.0042,0.0,-0.001,-0.09,-23.67,STOP_LOSS_HIT,0.1948
1689,TRUMP_USDT,LONG,StochasticRSI(FAST_SCALP-LONG),2,0.2,1.583,1.578,1.586,1.578,2026-07-16 00:26:59 UTC,2026-07-16 00:30:22 UTC,202.02,0.3166,0.0042,0.0,-0.001,-0.09,-23.69,STOP_LOSS_HIT,0.1938
1690,TRUMP_USDT,LONG,StochasticRSI(FAST_SCALP-LONG),2,0.2,1.576,1.579,1.579,1.571,2026-07-16 00:32:59 UTC,2026-07-16 00:34:28 UTC,88.05,0.3152,0.0042,0.0,0.0006,0.06,14.28,MIN_PROFIT_TP_HIT,0.1944
1691,TRUMP_USDT,LONG,StochasticRSI(FAST_SCALP-LONG),2,0.2,1.571,1.566,1.574,1.566,2026-07-16 00:42:59 UTC,2026-07-16 01:10:54 UTC,1674.75,0.3142,0.0042,0.0,-0.001,-0.09,-23.87,STOP_LOSS_HIT,0.1934
1692,TRUMP_USDT,LONG,StochasticRSI(FAST_SCALP-LONG),2,0.2,1.568,1.563,1.571,1.563,2026-07-16 01:14:59 UTC,2026-07-16 01:18:11 UTC,191.01,0.3136,0.0042,0.0,-0.001,-0.09,-23.92,STOP_LOSS_HIT,0.1924
1693,TRUMP_USDT,SHORT,StochasticRSI(FAST_SCALP-SHORT),2,0.2,1.562,1.567,1.559,1.567,2026-07-16 01:19:59 UTC,2026-07-16 01:23:55 UTC,235.08,0.3124,0.0042,0.0,-0.001,-0.09,-24.01,STOP_LOSS_HIT,0.1914
1694,TRUMP_USDT,SHORT,StochasticRSI(FAST_SCALP-SHORT),2,0.2,1.567,1.572,1.564,1.572,2026-07-16 01:28:59 UTC,2026-07-16 01:37:55 UTC,535.49,0.3134,0.0042,0.0,-0.001,-0.09,-23.93,STOP_LOSS_HIT,0.1904
1695,TRUMP_USDT,SHORT,StochasticRSI(FAST_SCALP-SHORT),2,0.2,1.572,1.569,1.569,1.577,2026-07-16 01:40:59 UTC,2026-07-16 01:42:32 UTC,92.04,0.3144,0.0042,0.0,0.0006,0.06,14.31,MIN_PROFIT_TP_HIT,0.191
1696,TRUMP_USDT,LONG,StochasticRSI(FAST_SCALP-LONG),2,0.2,1.569,1.572,1.572,1.564,2026-07-16 01:47:59 UTC,2026-07-16 01:49:12 UTC,72.34,0.3138,0.0042,0.0,0.0006,0.06,14.34,MIN_PROFIT_TP_HIT,0.1916
1697,TRUMP_USDT,SHORT,StochasticRSI(FAST_SCALP-SHORT),2,0.2,1.573,1.57,1.57,1.578,2026-07-16 01:53:59 UTC,2026-07-16 02:13:28 UTC,1168.96,0.3146,0.0042,0.0,0.0006,0.06,14.3,MIN_PROFIT_TP_HIT,0.1922
1698,TRUMP_USDT,SHORT,StochasticRSI(FAST_SCALP-SHORT),2,0.2,1.578,1.583,1.575,1.583,2026-07-16 02:21:59 UTC,2026-07-16 02:23:41 UTC,101.66,0.3156,0.0042,0.0,-0.001,-0.09,-23.76,STOP_LOSS_HIT,0.1912
1699,TRUMP_USDT,SHORT,StochasticRSI(FAST_SCALP-SHORT),2,0.2,1.581,1.578,1.578,1.586,2026-07-16 02:25:59 UTC,2026-07-16 02:26:20 UTC,20.11,0.3162,0.0042,0.0,0.0006,0.06,14.23,MIN_PROFIT_TP_HIT,0.1918
1700,TRUMP_USDT,LONG,StochasticRSI(FAST_SCALP-LONG),2,0.2,1.578,1.581,1.581,1.573,2026-07-16 02:31:59 UTC,2026-07-16 02:33:48 UTC,108.5,0.3156,0.0042,0.0,0.0006,0.06,14.26,MIN_PROFIT_TP_HIT,0.1924
1701,TRUMP_USDT,LONG,StochasticRSI(FAST_SCALP-LONG),2,0.2,1.581,1.584,1.584,1.576,2026-07-16 02:34:59 UTC,2026-07-16 02:35:49 UTC,49.27,0.3162,0.0042,0.0,0.0006,0.06,14.23,MIN_PROFIT_TP_HIT,0.193
1702,TRUMP_USDT,SHORT,StochasticRSI(FAST_SCALP-SHORT),2,0.2,1.584,1.581,1.581,1.589,2026-07-16 02:39:59 UTC,2026-07-16 03:17:19 UTC,2239.31,0.3168,0.0042,0.0,0.0006,0.06,14.2,MIN_PROFIT_TP_HIT,0.1936
1703,TRUMP_USDT,LONG,StochasticRSI(FAST_SCALP-LONG),2,0.2,1.578,1.581,1.581,1.573,2026-07-16 03:21:59 UTC,2026-07-16 03:31:28 UTC,568.85,0.3156,0.0042,0.0,0.0006,0.06,14.26,MIN_PROFIT_TP_HIT,0.1942
1704,TRUMP_USDT,SHORT,StochasticRSI(FAST_SCALP-SHORT),2,0.2,1.578,1.575,1.575,1.583,2026-07-16 03:34:59 UTC,2026-07-16 03:37:45 UTC,165.47,0.3156,0.0042,0.0,0.0006,0.06,14.26,MIN_PROFIT_TP_HIT,0.1948
1705,TRUMP_USDT,LONG,StochasticRSI(FAST_SCALP-LONG),2,0.2,1.575,1.578,1.578,1.57,2026-07-16 03:50:59 UTC,2026-07-16 03:54:18 UTC,198.57,0.315,0.0042,0.0,0.0006,0.06,14.29,MIN_PROFIT_TP_HIT,0.1954
1706,TRUMP_USDT,SHORT,StochasticRSI(FAST_SCALP-SHORT),2,0.2,1.577,1.574,1.574,1.582,2026-07-16 03:58:59 UTC,2026-07-16 04:09:22 UTC,622.96,0.3154,0.0042,0.0,0.0006,0.06,14.27,MIN_PROFIT_TP_HIT,0.196
1707,TRUMP_USDT,LONG,StochasticRSI(FAST_SCALP-LONG),2,0.2,1.578,1.573,1.581,1.573,2026-07-16 04:11:59 UTC,2026-07-16 04:19:07 UTC,427.51,0.3156,0.0042,0.0,-0.001,-0.09,-23.76,STOP_LOSS_HIT,0.195
1708,TRUMP_USDT,LONG,StochasticRSI(FAST_SCALP-LONG),2,0.2,1.572,1.575,1.575,1.567,2026-07-16 04:22:59 UTC,2026-07-16 04:24:56 UTC,116.55,0.3144,0.0042,0.0,0.0006,0.06,14.31,MIN_PROFIT_TP_HIT,0.1956
1709,TRUMP_USDT,SHORT,StochasticRSI(FAST_SCALP-SHORT),2,0.2,1.577,1.582,1.574,1.582,2026-07-16 04:30:59 UTC,2026-07-16 04:42:16 UTC,676.91,0.3154,0.0042,0.0,-0.001,-0.09,-23.78,STOP_LOSS_HIT,0.1946
1710,TRUMP_USDT,SHORT,StochasticRSI(FAST_SCALP-SHORT),2,0.2,1.584,1.581,1.581,1.589,2026-07-16 04:44:59 UTC,2026-07-16 04:45:46 UTC,46.64,0.3168,0.0042,0.0,0.0006,0.06,14.2,MIN_PROFIT_TP_HIT,0.1952
1711,TRUMP_USDT,LONG,StochasticRSI(FAST_SCALP-LONG),2,0.2,1.583,1.586,1.586,1.578,2026-07-16 04:49:59 UTC,2026-07-16 05:05:21 UTC,921.18,0.3166,0.0042,0.0,0.0006,0.06,14.21,MIN_PROFIT_TP_HIT,0.1958
1712,TRUMP_USDT,SHORT,StochasticRSI(FAST_SCALP-SHORT),2,0.2,1.583,1.588,1.58,1.588,2026-07-16 05:10:59 UTC,2026-07-16 05:15:05 UTC,245.32,0.3166,0.0042,0.0,-0.001,-0.09,-23.69,STOP_LOSS_HIT,0.1948
1713,TRUMP_USDT,SHORT,StochasticRSI(FAST_SCALP-SHORT),2,0.2,1.588,1.585,1.585,1.593,2026-07-16 05:19:59 UTC,2026-07-16 05:30:10 UTC,610.96,0.3176,0.0042,0.0,0.0006,0.06,14.17,MIN_PROFIT_TP_HIT,0.1954
1714,TRUMP_USDT,LONG,StochasticRSI(FAST_SCALP-LONG),2,0.2,1.582,1.577,1.585,1.577,2026-07-16 05:33:59 UTC,2026-07-16 05:35:32 UTC,92.26,0.3164,0.0042,0.0,-0.001,-0.09,-23.7,STOP_LOSS_HIT,0.1944
1715,TRUMP_USDT,LONG,StochasticRSI(FAST_SCALP-LONG),2,0.2,1.58,1.575,1.583,1.575,2026-07-16 05:37:59 UTC,2026-07-16 06:34:47 UTC,3407.66,0.316,0.0042,0.0,-0.001,-0.09,-23.73,STOP_LOSS_HIT,0.1934
1716,TRUMP_USDT,LONG,StochasticRSI(FAST_SCALP-LONG),2,0.2,1.574,1.577,1.577,1.569,2026-07-16 06:36:59 UTC,2026-07-16 06:47:09 UTC,609.37,0.3148,0.0042,0.0,0.0006,0.06,14.29,MIN_PROFIT_TP_HIT,0.194
1717,TRUMP_USDT,SHORT,StochasticRSI(FAST_SCALP-SHORT),2,0.2,1.578,1.575,1.575,1.583,2026-07-16 06:51:59 UTC,2026-07-16 06:54:20 UTC,140.46,0.3156,0.0042,0.0,0.0006,0.06,14.26,MIN_PROFIT_TP_HIT,0.1946
1718,TRUMP_USDT,LONG,StochasticRSI(FAST_SCALP-LONG),2,0.2,1.571,1.566,1.574,1.566,2026-07-16 07:17:59 UTC,2026-07-16 07:34:29 UTC,989.2,0.3142,0.0042,0.0,-0.001,-0.09,-23.87,STOP_LOSS_HIT,0.1936
1719,TRUMP_USDT,LONG,StochasticRSI(FAST_SCALP-LONG),2,0.2,1.563,1.566,1.566,1.558,2026-07-16 07:40:59 UTC,2026-07-16 07:47:08 UTC,368.27,0.3126,0.0042,0.0,0.0006,0.06,14.4,MIN_PROFIT_TP_HIT,0.1942
1720,TRUMP_USDT,SHORT,StochasticRSI(FAST_SCALP-SHORT),2,0.2,1.563,1.568,1.56,1.568,2026-07-16 07:51:59 UTC,2026-07-16 08:00:52 UTC,532.49,0.3126,0.0042,0.0,-0.001,-0.09,-23.99,STOP_LOSS_HIT,0.1932
1721,TRUMP_USDT,SHORT,StochasticRSI(FAST_SCALP-SHORT),2,0.2,1.566,1.563,1.563,1.571,2026-07-16 08:02:59 UTC,2026-07-16 08:03:49 UTC,49.75,0.3132,0.0042,0.0,0.0006,0.06,14.37,MIN_PROFIT_TP_HIT,0.1938
1722,TRUMP_USDT,LONG,StochasticRSI(FAST_SCALP-LONG),2,0.2,1.552,1.547,1.555,1.547,2026-07-16 08:13:59 UTC,2026-07-16 08:14:53 UTC,53.6,0.3104,0.0041,0.0,-0.001,-0.09,-24.16,STOP_LOSS_HIT,0.1928
1723,TRUMP_USDT,LONG,StochasticRSI(FAST_SCALP-LONG),2,0.2,1.55,1.553,1.553,1.545,2026-07-16 08:17:59 UTC,2026-07-16 08:21:57 UTC,237.85,0.31,0.0041,0.0,0.0006,0.06,14.52,MIN_PROFIT_TP_HIT,0.1934
1724,TRUMP_USDT,SHORT,StochasticRSI(FAST_SCALP-SHORT),2,0.2,1.553,1.558,1.55,1.558,2026-07-16 08:25:59 UTC,2026-07-16 08:31:23 UTC,323.78,0.3106,0.0041,0.0,-0.001,-0.09,-24.15,STOP_LOSS_HIT,0.1924
1725,TRUMP_USDT,SHORT,StochasticRSI(FAST_SCALP-SHORT),2,0.2,1.559,1.556,1.556,1.564,2026-07-16 08:37:59 UTC,2026-07-16 08:44:09 UTC,369.59,0.3118,0.0042,0.0,0.0006,0.06,14.43,MIN_PROFIT_TP_HIT,0.193
1726,TRUMP_USDT,LONG,StochasticRSI(FAST_SCALP-LONG),2,0.2,1.556,1.559,1.559,1.551,2026-07-16 08:45:59 UTC,2026-07-16 08:46:46 UTC,46.84,0.3112,0.0041,0.0,0.0006,0.06,14.46,MIN_PROFIT_TP_HIT,0.1936
1727,TRUMP_USDT,LONG,StochasticRSI(FAST_SCALP-LONG),2,0.2,1.554,1.557,1.557,1.549,2026-07-16 08:57:59 UTC,2026-07-16 09:00:12 UTC,132.68,0.3108,0.0041,0.0,0.0006,0.06,14.48,MIN_PROFIT_TP_HIT,0.1942
1728,TRUMP_USDT,SHORT,StochasticRSI(FAST_SCALP-SHORT),2,0.2,1.557,1.562,1.554,1.562,2026-07-16 09:04:59 UTC,2026-07-16 09:26:10 UTC,1270.13,0.3114,0.0042,0.0,-0.001,-0.09,-24.08,STOP_LOSS_HIT,0.1932
1729,TRUMP_USDT,LONG,StochasticRSI(FAST_SCALP-LONG),2,0.2,1.558,1.553,1.561,1.553,2026-07-16 09:32:59 UTC,2026-07-16 09:57:55 UTC,1495.25,0.3116,0.0042,0.0,-0.001,-0.09,-24.07,STOP_LOSS_HIT,0.1922
1730,TRUMP_USDT,LONG,StochasticRSI(FAST_SCALP-LONG),2,0.2,1.554,1.557,1.557,1.549,2026-07-16 09:59:59 UTC,2026-07-16 10:09:17 UTC,557.25,0.3108,0.0041,0.0,0.0006,0.06,14.48,MIN_PROFIT_TP_HIT,0.1928
1731,TRUMP_USDT,SHORT,StochasticRSI(FAST_SCALP-SHORT),2,0.2,1.555,1.56,1.552,1.56,2026-07-16 10:11:59 UTC,2026-07-16 10:32:35 UTC,1235.31,0.311,0.0041,0.0,-0.001,-0.09,-24.12,STOP_LOSS_HIT,0.1918
1732,TRUMP_USDT,LONG,StochasticRSI(FAST_SCALP-LONG),2,0.2,1.556,1.559,1.559,1.551,2026-07-16 10:45:59 UTC,2026-07-16 11:25:35 UTC,2375.51,0.3112,0.0041,0.0,0.0006,0.06,14.46,MIN_PROFIT_TP_HIT,0.1924
1733,TRUMP_USDT,SHORT,StochasticRSI(FAST_SCALP-SHORT),2,0.2,1.558,1.555,1.555,1.563,2026-07-16 11:29:59 UTC,2026-07-16 11:49:55 UTC,1195.23,0.3116,0.0042,0.0,0.0006,0.06,14.44,MIN_PROFIT_TP_HIT,0.193
1734,TRUMP_USDT,SHORT,StochasticRSI(FAST_SCALP-SHORT),2,0.2,1.562,1.559,1.559,1.567,2026-07-16 12:02:59 UTC,2026-07-16 12:04:51 UTC,111.66,0.3124,0.0042,0.0,0.0006,0.06,14.4,MIN_PROFIT_TP_HIT,0.1936
1735,TRUMP_USDT,LONG,StochasticRSI(FAST_SCALP-LONG),2,0.2,1.56,1.555,1.563,1.555,2026-07-16 12:08:59 UTC,2026-07-16 12:21:23 UTC,743.49,0.312,0.0042,0.0,-0.001,-0.09,-24.04,STOP_LOSS_HIT,0.1926
1736,TRUMP_USDT,SHORT,StochasticRSI(FAST_SCALP-SHORT),2,0.2,1.56,1.557,1.557,1.565,2026-07-16 12:33:59 UTC,2026-07-16 12:37:01 UTC,181.21,0.312,0.0042,0.0,0.0006,0.06,14.42,MIN_PROFIT_TP_HIT,0.1932
1737,TRUMP_USDT,LONG,StochasticRSI(FAST_SCALP-LONG),2,0.2,1.55,1.553,1.553,1.545,2026-07-16 12:43:59 UTC,2026-07-16 12:46:53 UTC,173.69,0.31,0.0041,0.0,0.0006,0.06,14.52,MIN_PROFIT_TP_HIT,0.1938
1738,TRUMP_USDT,SHORT,StochasticRSI(FAST_SCALP-SHORT),2,0.2,1.552,1.557,1.549,1.557,2026-07-16 12:50:59 UTC,2026-07-16 13:10:36 UTC,1176.04,0.3104,0.0041,0.0,-0.001,-0.09,-24.16,STOP_LOSS_HIT,0.1928
1739,TRUMP_USDT,SHORT,StochasticRSI(FAST_SCALP-SHORT),2,0.2,1.56,1.565,1.557,1.565,2026-07-16 13:16:59 UTC,2026-07-16 13:26:42 UTC,582.44,0.312,0.0042,0.0,-0.001,-0.09,-24.04,STOP_LOSS_HIT,0.1918
1740,TRUMP_USDT,SHORT,StochasticRSI(FAST_SCALP-SHORT),2,0.2,1.567,1.572,1.564,1.572,2026-07-16 13:31:59 UTC,2026-07-16 13:37:01 UTC,301.5,0.3134,0.0042,0.0,-0.001,-0.09,-23.93,STOP_LOSS_HIT,0.1908
1741,TRUMP_USDT,SHORT,StochasticRSI(FAST_SCALP-SHORT),2,0.2,1.572,1.569,1.569,1.577,2026-07-16 13:40:59 UTC,2026-07-16 13:41:59 UTC,59.12,0.3144,0.0042,0.0,0.0006,0.06,14.31,MIN_PROFIT_TP_HIT,0.1914
1742,TRUMP_USDT,LONG,StochasticRSI(FAST_SCALP-LONG),2,0.2,1.571,1.566,1.574,1.566,2026-07-16 13:46:59 UTC,2026-07-16 13:48:26 UTC,86.9,0.3142,0.0042,0.0,-0.001,-0.09,-23.87,STOP_LOSS_HIT,0.1904
1743,TRUMP_USDT,SHORT,StochasticRSI(FAST_SCALP-SHORT),2,0.2,1.571,1.568,1.568,1.576,2026-07-16 13:54:59 UTC,2026-07-16 13:55:07 UTC,7.29,0.3142,0.0042,0.0,0.0006,0.06,14.32,MIN_PROFIT_TP_HIT,0.191
1744,TRUMP_USDT,SHORT,StochasticRSI(FAST_SCALP-SHORT),2,0.2,1.572,1.569,1.569,1.577,2026-07-16 14:03:59 UTC,2026-07-16 14:04:11 UTC,11.17,0.3144,0.0042,0.0,0.0006,0.06,14.31,MIN_PROFIT_TP_HIT,0.1916
1745,TRUMP_USDT,SHORT,StochasticRSI(FAST_SCALP-SHORT),2,0.2,1.574,1.571,1.571,1.579,2026-07-16 14:14:59 UTC,2026-07-16 14:19:05 UTC,245.29,0.3148,0.0042,0.0,0.0006,0.06,14.29,MIN_PROFIT_TP_HIT,0.1922
1746,TRUMP_USDT,LONG,StochasticRSI(FAST_SCALP-LONG),2,0.2,1.572,1.575,1.575,1.567,2026-07-16 14:24:59 UTC,2026-07-16 14:27:46 UTC,166.54,0.3144,0.0042,0.0,0.0006,0.06,14.31,MIN_PROFIT_TP_HIT,0.1928
1747,TRUMP_USDT,SHORT,StochasticRSI(FAST_SCALP-SHORT),2,0.2,1.574,1.571,1.571,1.579,2026-07-16 14:30:59 UTC,2026-07-16 14:55:22 UTC,1462.97,0.3148,0.0042,0.0,0.0006,0.06,14.29,MIN_PROFIT_TP_HIT,0.1934
1748,TRUMP_USDT,LONG,StochasticRSI(FAST_SCALP-LONG),2,0.2,1.572,1.575,1.575,1.567,2026-07-16 14:57:59 UTC,2026-07-16 15:00:04 UTC,124.08,0.3144,0.0042,0.0,0.0006,0.06,14.31,MIN_PROFIT_TP_HIT,0.194
1749,TRUMP_USDT,LONG,StochasticRSI(FAST_SCALP-LONG),2,0.2,1.566,1.569,1.569,1.561,2026-07-16 15:12:59 UTC,2026-07-16 15:17:17 UTC,257.33,0.3132,0.0042,0.0,0.0006,0.06,14.37,MIN_PROFIT_TP_HIT,0.1946
1750,TRUMP_USDT,SHORT,StochasticRSI(FAST_SCALP-SHORT),2,0.2,1.57,1.575,1.567,1.575,2026-07-16 15:21:59 UTC,2026-07-16 15:25:40 UTC,220.27,0.314,0.0042,0.0,-0.001,-0.09,-23.89,STOP_LOSS_HIT,0.1936
1751,TRUMP_USDT,SHORT,StochasticRSI(FAST_SCALP-SHORT),2,0.2,1.577,1.582,1.574,1.582,2026-07-16 15:28:59 UTC,2026-07-16 15:50:57 UTC,1317.86,0.3154,0.0042,0.0,-0.001,-0.09,-23.78,STOP_LOSS_HIT,0.1926
1752,TRUMP_USDT,SHORT,StochasticRSI(FAST_SCALP-SHORT),2,0.2,1.578,1.575,1.575,1.583,2026-07-16 15:55:59 UTC,2026-07-16 16:01:55 UTC,355.96,0.3156,0.0042,0.0,0.0006,0.06,14.26,MIN_PROFIT_TP_HIT,0.1932
1753,TRUMP_USDT,SHORT,StochasticRSI(FAST_SCALP-SHORT),2,0.2,1.572,1.569,1.569,1.577,2026-07-16 16:30:59 UTC,2026-07-16 16:35:50 UTC,290.38,0.3144,0.0042,0.0,0.0006,0.06,14.31,MIN_PROFIT_TP_HIT,0.1938
1754,TRUMP_USDT,LONG,StochasticRSI(FAST_SCALP-LONG),2,0.2,1.569,1.564,1.572,1.564,2026-07-16 16:41:59 UTC,2026-07-16 17:06:36 UTC,1476.4,0.3138,0.0042,0.0,-0.001,-0.09,-23.9,STOP_LOSS_HIT,0.1928
1755,TRUMP_USDT,SHORT,StochasticRSI(FAST_SCALP-SHORT),2,0.2,1.562,1.559,1.559,1.567,2026-07-16 17:23:59 UTC,2026-07-16 17:25:54 UTC,114.2,0.3124,0.0042,0.0,0.0006,0.06,14.4,MIN_PROFIT_TP_HIT,0.1934
1756,TRUMP_USDT,SHORT,StochasticRSI(FAST_SCALP-SHORT),2,0.2,1.574,1.571,1.571,1.579,2026-07-16 17:38:59 UTC,2026-07-16 17:43:34 UTC,274.26,0.3148,0.0042,0.0,0.0006,0.06,14.29,MIN_PROFIT_TP_HIT,0.194
1757,TRUMP_USDT,LONG,StochasticRSI(FAST_SCALP-LONG),2,0.2,1.568,1.563,1.571,1.563,2026-07-16 17:48:59 UTC,2026-07-16 17:51:35 UTC,155.59,0.3136,0.0042,0.0,-0.001,-0.09,-23.92,STOP_LOSS_HIT,0.193
1758,TRUMP_USDT,LONG,StochasticRSI(FAST_SCALP-LONG),2,0.2,1.561,1.556,1.564,1.556,2026-07-16 17:54:59 UTC,2026-07-16 17:55:19 UTC,19.1,0.3122,0.0042,0.0,-0.001,-0.09,-24.02,STOP_LOSS_HIT,0.192
1759,TRUMP_USDT,SHORT,StochasticRSI(FAST_SCALP-SHORT),2,0.2,1.558,1.563,1.555,1.563,2026-07-16 18:03:59 UTC,2026-07-16 18:10:19 UTC,379.99,0.3116,0.0042,0.0,-0.001,-0.09,-24.07,STOP_LOSS_HIT,0.191
1760,TRUMP_USDT,SHORT,StochasticRSI(FAST_SCALP-SHORT),2,0.2,1.563,1.56,1.56,1.568,2026-07-16 18:13:59 UTC,2026-07-16 18:15:38 UTC,98.78,0.3126,0.0042,0.0,0.0006,0.06,14.4,MIN_PROFIT_TP_HIT,0.1916
1761,TRUMP_USDT,SHORT,StochasticRSI(FAST_SCALP-SHORT),2,0.2,1.565,1.562,1.562,1.57,2026-07-16 18:21:59 UTC,2026-07-16 18:32:10 UTC,610.91,0.313,0.0042,0.0,0.0006,0.06,14.38,MIN_PROFIT_TP_HIT,0.1922
1762,TRUMP_USDT,LONG,StochasticRSI(FAST_SCALP-LONG),2,0.2,1.56,1.563,1.563,1.555,2026-07-16 18:35:59 UTC,2026-07-16 18:50:49 UTC,889.04,0.312,0.0042,0.0,0.0006,0.06,14.42,MIN_PROFIT_TP_HIT,0.1928
1763,TRUMP_USDT,SHORT,StochasticRSI(FAST_SCALP-SHORT),2,0.2,1.561,1.558,1.558,1.566,2026-07-16 18:53:59 UTC,2026-07-16 18:58:18 UTC,258.14,0.3122,0.0042,0.0,0.0006,0.06,14.41,MIN_PROFIT_TP_HIT,0.1934
1764,TRUMP_USDT,LONG,StochasticRSI(FAST_SCALP-LONG),2,0.2,1.56,1.555,1.563,1.555,2026-07-16 19:01:59 UTC,2026-07-16 19:18:00 UTC,960.78,0.312,0.0042,0.0,-0.001,-0.09,-24.04,STOP_LOSS_HIT,0.1924
1765,TRUMP_USDT,LONG,StochasticRSI(FAST_SCALP-LONG),2,0.2,1.557,1.56,1.56,1.552,2026-07-16 19:21:59 UTC,2026-07-16 19:30:43 UTC,523.91,0.3114,0.0042,0.0,0.0006,0.06,14.45,MIN_PROFIT_TP_HIT,0.193
1766,TRUMP_USDT,SHORT,StochasticRSI(FAST_SCALP-SHORT),2,0.2,1.559,1.556,1.556,1.564,2026-07-16 19:32:59 UTC,2026-07-16 19:46:24 UTC,804.02,0.3118,0.0042,0.0,0.0006,0.06,14.43,MIN_PROFIT_TP_HIT,0.1936
1767,TRUMP_USDT,LONG,StochasticRSI(FAST_SCALP-LONG),2,0.2,1.558,1.561,1.561,1.553,2026-07-16 19:49:59 UTC,2026-07-16 19:50:00 UTC,0.32,0.3116,0.0042,0.0,0.0006,0.06,14.44,MIN_PROFIT_TP_HIT,0.1942
1768,TRUMP_USDT,SHORT,StochasticRSI(FAST_SCALP-SHORT),2,0.2,1.56,1.557,1.557,1.565,2026-07-16 19:57:59 UTC,2026-07-16 20:04:07 UTC,367.24,0.312,0.0042,0.0,0.0006,0.06,14.42,MIN_PROFIT_TP_HIT,0.1948
1769,TRUMP_USDT,LONG,StochasticRSI(FAST_SCALP-LONG),2,0.2,1.557,1.56,1.56,1.552,2026-07-16 20:06:59 UTC,2026-07-16 20:18:30 UTC,690.01,0.3114,0.0042,0.0,0.0006,0.06,14.45,MIN_PROFIT_TP_HIT,0.1954
1770,TRUMP_USDT,SHORT,StochasticRSI(FAST_SCALP-SHORT),2,0.2,1.558,1.555,1.555,1.563,2026-07-16 20:22:59 UTC,2026-07-16 20:52:09 UTC,1749.74,0.3116,0.0042,0.0,0.0006,0.06,14.44,MIN_PROFIT_TP_HIT,0.196
1771,TRUMP_USDT,LONG,StochasticRSI(FAST_SCALP-LONG),2,0.2,1.556,1.559,1.559,1.551,2026-07-16 20:54:59 UTC,2026-07-16 21:05:50 UTC,650.89,0.3112,0.0041,0.0,0.0006,0.06,14.46,MIN_PROFIT_TP_HIT,0.1966
1772,TRUMP_USDT,SHORT,StochasticRSI(FAST_SCALP-SHORT),2,0.2,1.559,1.564,1.556,1.564,2026-07-16 21:12:59 UTC,2026-07-16 21:38:25 UTC,1525.42,0.3118,0.0042,0.0,-0.001,-0.09,-24.05,STOP_LOSS_HIT,0.1956
1773,TRUMP_USDT,SHORT,StochasticRSI(FAST_SCALP-SHORT),2,0.2,1.564,1.561,1.561,1.569,2026-07-16 21:41:59 UTC,2026-07-16 21:56:26 UTC,866.84,0.3128,0.0042,0.0,0.0006,0.06,14.39,MIN_PROFIT_TP_HIT,0.1962
1774,TRUMP_USDT,LONG,StochasticRSI(FAST_SCALP-LONG),2,0.2,1.561,1.564,1.564,1.556,2026-07-16 22:01:59 UTC,2026-07-16 22:02:11 UTC,11.66,0.3122,0.0042,0.0,0.0006,0.06,14.41,MIN_PROFIT_TP_HIT,0.1968
1775,TRUMP_USDT,SHORT,StochasticRSI(FAST_SCALP-SHORT),2,0.2,1.566,1.563,1.563,1.571,2026-07-16 22:10:59 UTC,2026-07-16 22:15:27 UTC,267.3,0.3132,0.0042,0.0,0.0006,0.06,14.37,MIN_PROFIT_TP_HIT,0.1974
1776,TRUMP_USDT,LONG,StochasticRSI(FAST_SCALP-LONG),2,0.2,1.562,1.557,1.565,1.557,2026-07-16 22:17:59 UTC,2026-07-16 22:25:16 UTC,436.98,0.3124,0.0042,0.0,-0.001,-0.09,-24.01,STOP_LOSS_HIT,0.1964
1777,TRUMP_USDT,LONG,StochasticRSI(FAST_SCALP-LONG),2,0.2,1.556,1.551,1.559,1.551,2026-07-16 22:32:59 UTC,2026-07-16 22:40:18 UTC,438.77,0.3112,0.0041,0.0,-0.001,-0.09,-24.1,STOP_LOSS_HIT,0.1954
1778,TRUMP_USDT,LONG,StochasticRSI(FAST_SCALP-LONG),2,0.2,1.548,1.543,1.551,1.543,2026-07-16 22:45:59 UTC,2026-07-16 22:48:24 UTC,144.39,0.3096,0.0041,0.0,-0.001,-0.09,-24.22,STOP_LOSS_HIT,0.1944
1779,TRUMP_USDT,LONG,StochasticRSI(FAST_SCALP-LONG),2,0.2,1.543,1.546,1.546,1.538,2026-07-16 22:52:59 UTC,2026-07-16 23:00:57 UTC,477.53,0.3086,0.0041,0.0,0.0006,0.06,14.58,MIN_PROFIT_TP_HIT,0.195
1780,TRUMP_USDT,SHORT,StochasticRSI(FAST_SCALP-SHORT),2,0.2,1.544,1.541,1.541,1.549,2026-07-16 23:03:59 UTC,2026-07-16 23:09:04 UTC,304.37,0.3088,0.0041,0.0,0.0006,0.06,14.57,MIN_PROFIT_TP_HIT,0.1956
1781,TRUMP_USDT,LONG,StochasticRSI(FAST_SCALP-LONG),2,0.2,1.544,1.539,1.547,1.539,2026-07-16 23:13:59 UTC,2026-07-16 23:20:18 UTC,378.9,0.3088,0.0041,0.0,-0.001,-0.09,-24.29,STOP_LOSS_HIT,0.1946
1782,TRUMP_USDT,LONG,StochasticRSI(FAST_SCALP-LONG),2,0.2,1.537,1.54,1.54,1.532,2026-07-16 23:24:59 UTC,2026-07-16 23:25:53 UTC,53.65,0.3074,0.0041,0.0,0.0006,0.06,14.64,MIN_PROFIT_TP_HIT,0.1952
1783,TRUMP_USDT,SHORT,StochasticRSI(FAST_SCALP-SHORT),2,0.2,1.541,1.538,1.538,1.546,2026-07-16 23:30:59 UTC,2026-07-16 23:32:46 UTC,106.38,0.3082,0.0041,0.0,0.0006,0.06,14.6,MIN_PROFIT_TP_HIT,0.1958
1784,TRUMP_USDT,SHORT,StochasticRSI(FAST_SCALP-SHORT),2,0.2,1.545,1.542,1.542,1.55,2026-07-16 23:42:59 UTC,2026-07-17 00:05:18 UTC,1338.78,0.309,0.0041,0.0,0.0006,0.06,14.56,MIN_PROFIT_TP_HIT,0.1964
1785,TRUMP_USDT,LONG,StochasticRSI(FAST_SCALP-LONG),2,0.2,1.544,1.547,1.547,1.539,2026-07-17 00:09:59 UTC,2026-07-17 00:15:46 UTC,346.68,0.3088,0.0041,0.0,0.0006,0.06,14.57,MIN_PROFIT_TP_HIT,0.197
1786,TRUMP_USDT,SHORT,StochasticRSI(FAST_SCALP-SHORT),2,0.2,1.546,1.543,1.543,1.551,2026-07-17 00:19:59 UTC,2026-07-17 00:35:27 UTC,927.88,0.3092,0.0041,0.0,0.0006,0.06,14.55,MIN_PROFIT_TP_HIT,0.1976
1787,TRUMP_USDT,LONG,StochasticRSI(FAST_SCALP-LONG),2,0.2,1.544,1.547,1.547,1.539,2026-07-17 00:39:59 UTC,2026-07-17 00:40:12 UTC,12.17,0.3088,0.0041,0.0,0.0006,0.06,14.57,MIN_PROFIT_TP_HIT,0.1982
1788,TRUMP_USDT,SHORT,StochasticRSI(FAST_SCALP-SHORT),2,0.2,1.548,1.553,1.545,1.553,2026-07-17 00:44:59 UTC,2026-07-17 00:53:01 UTC,481.25,0.3096,0.0041,0.0,-0.001,-0.09,-24.22,STOP_LOSS_HIT,0.1972
1789,TRUMP_USDT,SHORT,StochasticRSI(FAST_SCALP-SHORT),2,0.2,1.553,1.558,1.55,1.558,2026-07-17 00:57:59 UTC,2026-07-17 01:04:50 UTC,410.34,0.3106,0.0041,0.0,-0.001,-0.09,-24.15,STOP_LOSS_HIT,0.1962
1790,TRUMP_USDT,SHORT,StochasticRSI(FAST_SCALP-SHORT),2,0.2,1.558,1.555,1.555,1.563,2026-07-17 01:07:59 UTC,2026-07-17 01:19:05 UTC,665.14,0.3116,0.0042,0.0,0.0006,0.06,14.44,MIN_PROFIT_TP_HIT,0.1968
1791,TRUMP_USDT,LONG,StochasticRSI(FAST_SCALP-LONG),2,0.2,1.557,1.56,1.56,1.552,2026-07-17 01:26:59 UTC,2026-07-17 01:28:56 UTC,116.36,0.3114,0.0042,0.0,0.0006,0.06,14.45,MIN_PROFIT_TP_HIT,0.1974
1792,TRUMP_USDT,LONG,StochasticRSI(FAST_SCALP-LONG),2,0.2,1.557,1.552,1.56,1.552,2026-07-17 01:37:59 UTC,2026-07-17 01:41:14 UTC,194.75,0.3114,0.0042,0.0,-0.001,-0.09,-24.08,STOP_LOSS_HIT,0.1964
1793,TRUMP_USDT,LONG,StochasticRSI(FAST_SCALP-LONG),2,0.2,1.555,1.55,1.558,1.55,2026-07-17 01:48:59 UTC,2026-07-17 01:52:10 UTC,190.63,0.311,0.0041,0.0,-0.001,-0.09,-24.12,STOP_LOSS_HIT,0.1954
1794,TRUMP_USDT,LONG,StochasticRSI(FAST_SCALP-LONG),2,0.2,1.548,1.551,1.551,1.543,2026-07-17 01:59:59 UTC,2026-07-17 02:00:46 UTC,46.89,0.3096,0.0041,0.0,0.0006,0.06,14.53,MIN_PROFIT_TP_HIT,0.196
1795,TRUMP_USDT,SHORT,StochasticRSI(FAST_SCALP-SHORT),2,0.2,1.547,1.544,1.544,1.552,2026-07-17 02:08:59 UTC,2026-07-17 02:09:23 UTC,23.64,0.3094,0.0041,0.0,0.0006,0.06,14.54,MIN_PROFIT_TP_HIT,0.1966
1796,TRUMP_USDT,LONG,StochasticRSI(FAST_SCALP-LONG),2,0.2,1.543,1.546,1.546,1.538,2026-07-17 02:13:59 UTC,2026-07-17 02:16:43 UTC,163.24,0.3086,0.0041,0.0,0.0006,0.06,14.58,MIN_PROFIT_TP_HIT,0.1972
1797,TRUMP_USDT,SHORT,StochasticRSI(FAST_SCALP-SHORT),2,0.2,1.543,1.54,1.54,1.548,2026-07-17 02:20:59 UTC,2026-07-17 02:33:40 UTC,760.71,0.3086,0.0041,0.0,0.0006,0.06,14.58,MIN_PROFIT_TP_HIT,0.1978
1798,TRUMP_USDT,LONG,StochasticRSI(FAST_SCALP-LONG),2,0.2,1.54,1.543,1.543,1.535,2026-07-17 02:40:59 UTC,2026-07-17 02:44:07 UTC,187.57,0.308,0.0041,0.0,0.0006,0.06,14.61,MIN_PROFIT_TP_HIT,0.1984
1799,TRUMP_USDT,SHORT,StochasticRSI(FAST_SCALP-SHORT),2,0.2,1.542,1.539,1.539,1.547,2026-07-17 02:47:59 UTC,2026-07-17 02:53:21 UTC,321.29,0.3084,0.0041,0.0,0.0006,0.06,14.59,MIN_PROFIT_TP_HIT,0.199
1800,TRUMP_USDT,LONG,StochasticRSI(FAST_SCALP-LONG),2,0.2,1.538,1.541,1.541,1.533,2026-07-17 02:57:59 UTC,2026-07-17 02:59:11 UTC,71.35,0.3076,0.0041,0.0,0.0006,0.06,14.63,MIN_PROFIT_TP_HIT,0.1996
1801,TRUMP_USDT,SHORT,StochasticRSI(FAST_SCALP-SHORT),2,0.2,1.541,1.546,1.538,1.546,2026-07-17 03:03:59 UTC,2026-07-17 03:05:58 UTC,118.63,0.3082,0.0041,0.0,-0.001,-0.09,-24.33,STOP_LOSS_HIT,0.1986
1802,TRUMP_USDT,SHORT,StochasticRSI(FAST_SCALP-SHORT),2,0.2,1.547,1.552,1.544,1.552,2026-07-17 03:08:59 UTC,2026-07-17 03:18:41 UTC,581.67,0.3094,0.0041,0.0,-0.001,-0.09,-24.24,STOP_LOSS_HIT,0.1976
1803,TRUMP_USDT,SHORT,StochasticRSI(FAST_SCALP-SHORT),2,0.2,1.552,1.549,1.549,1.557,2026-07-17 03:24:59 UTC,2026-07-17 03:45:37 UTC,1237.77,0.3104,0.0041,0.0,0.0006,0.06,14.5,MIN_PROFIT_TP_HIT,0.1982
1804,TRUMP_USDT,LONG,StochasticRSI(FAST_SCALP-LONG),2,0.2,1.55,1.553,1.553,1.545,2026-07-17 03:52:59 UTC,2026-07-17 04:09:01 UTC,961.7,0.31,0.0041,0.0,0.0006,0.06,14.52,MIN_PROFIT_TP_HIT,0.1988
1805,TRUMP_USDT,SHORT,StochasticRSI(FAST_SCALP-SHORT),2,0.2,1.553,1.55,1.55,1.558,2026-07-17 04:12:59 UTC,2026-07-17 04:13:44 UTC,44.8,0.3106,0.0041,0.0,0.0006,0.06,14.49,MIN_PROFIT_TP_HIT,0.1994
1806,TRUMP_USDT,LONG,StochasticRSI(FAST_SCALP-LONG),2,0.2,1.548,1.551,1.551,1.543,2026-07-17 04:18:59 UTC,2026-07-17 04:33:17 UTC,857.43,0.3096,0.0041,0.0,0.0006,0.06,14.53,MIN_PROFIT_TP_HIT,0.2
1807,TRUMP_USDT,SHORT,StochasticRSI(FAST_SCALP-SHORT),2,0.2,1.55,1.547,1.547,1.555,2026-07-17 04:35:59 UTC,2026-07-17 04:37:01 UTC,61.94,0.31,0.0041,0.0,0.0006,0.06,14.52,MIN_PROFIT_TP_HIT,0.2006
1808,TRUMP_USDT,SHORT,StochasticRSI(FAST_SCALP-SHORT),2,0.2,1.556,1.553,1.553,1.561,2026-07-17 04:50:59 UTC,2026-07-17 05:00:01 UTC,541.33,0.3112,0.0041,0.0,0.0006,0.06,14.46,MIN_PROFIT_TP_HIT,0.2012
1809,TRUMP_USDT,LONG,StochasticRSI(FAST_SCALP-LONG),2,0.2,1.554,1.549,1.557,1.549,2026-07-17 05:04:59 UTC,2026-07-17 05:24:59 UTC,1199.96,0.3108,0.0041,0.0,-0.001,-0.09,-24.13,STOP_LOSS_HIT,0.2002
1810,TRUMP_USDT,LONG,StochasticRSI(FAST_SCALP-LONG),2,0.2,1.548,1.543,1.551,1.543,2026-07-17 05:29:59 UTC,2026-07-17 05:39:39 UTC,579.84,0.3096,0.0041,0.0,-0.001,-0.09,-24.22,STOP_LOSS_HIT,0.1992
1811,TRUMP_USDT,SHORT,StochasticRSI(FAST_SCALP-SHORT),2,0.2,1.536,1.541,1.533,1.541,2026-07-17 05:46:59 UTC,2026-07-17 05:49:19 UTC,139.35,0.3072,0.0041,0.0,-0.001,-0.09,-24.41,STOP_LOSS_HIT,0.1982
1812,TRUMP_USDT,SHORT,StochasticRSI(FAST_SCALP-SHORT),2,0.2,1.539,1.536,1.536,1.544,2026-07-17 05:53:59 UTC,2026-07-17 05:58:07 UTC,247.44,0.3078,0.0041,0.0,0.0006,0.06,14.62,MIN_PROFIT_TP_HIT,0.1988
1813,TRUMP_USDT,SHORT,StochasticRSI(FAST_SCALP-SHORT),2,0.2,1.541,1.546,1.538,1.546,2026-07-17 06:07:59 UTC,2026-07-17 06:23:01 UTC,901.3,0.3082,0.0041,0.0,-0.001,-0.09,-24.33,STOP_LOSS_HIT,0.1978
1814,TRUMP_USDT,SHORT,StochasticRSI(FAST_SCALP-SHORT),2,0.2,1.547,1.544,1.544,1.552,2026-07-17 06:26:59 UTC,2026-07-17 06:32:40 UTC,340.38,0.3094,0.0041,0.0,0.0006,0.06,14.54,MIN_PROFIT_TP_HIT,0.1984
1815,TRUMP_USDT,LONG,StochasticRSI(FAST_SCALP-LONG),2,0.2,1.547,1.542,1.55,1.542,2026-07-17 06:34:59 UTC,2026-07-17 06:43:37 UTC,517.18,0.3094,0.0041,0.0,-0.001,-0.09,-24.24,STOP_LOSS_HIT,0.1974
1816,TRUMP_USDT,LONG,StochasticRSI(FAST_SCALP-LONG),2,0.2,1.542,1.537,1.545,1.537,2026-07-17 06:45:59 UTC,2026-07-17 07:22:01 UTC,2161.34,0.3084,0.0041,0.0,-0.001,-0.09,-24.32,STOP_LOSS_HIT,0.1964
1817,TRUMP_USDT,LONG,StochasticRSI(FAST_SCALP-LONG),2,0.2,1.535,1.538,1.538,1.53,2026-07-17 07:26:59 UTC,2026-07-17 07:30:57 UTC,237.04,0.307,0.0041,0.0,0.0006,0.06,14.66,MIN_PROFIT_TP_HIT,0.197
1818,TRUMP_USDT,SHORT,StochasticRSI(FAST_SCALP-SHORT),2,0.2,1.537,1.534,1.534,1.542,2026-07-17 07:32:59 UTC,2026-07-17 07:33:39 UTC,39.65,0.3074,0.0041,0.0,0.0006,0.06,14.64,MIN_PROFIT_TP_HIT,0.1976
1819,TRUMP_USDT,LONG,StochasticRSI(FAST_SCALP-LONG),2,0.2,1.532,1.535,1.535,1.527,2026-07-17 07:38:59 UTC,2026-07-17 07:43:36 UTC,276.72,0.3064,0.0041,0.0,0.0006,0.06,14.69,MIN_PROFIT_TP_HIT,0.1982
1820,TRUMP_USDT,SHORT,StochasticRSI(FAST_SCALP-SHORT),2,0.2,1.533,1.53,1.53,1.538,2026-07-17 07:45:59 UTC,2026-07-17 07:58:09 UTC,729.04,0.3066,0.0041,0.0,0.0006,0.06,14.68,MIN_PROFIT_TP_HIT,0.1988
1821,TRUMP_USDT,LONG,StochasticRSI(FAST_SCALP-LONG),2,0.2,1.533,1.536,1.536,1.528,2026-07-17 08:01:59 UTC,2026-07-17 08:06:01 UTC,241.36,0.3066,0.0041,0.0,0.0006,0.06,14.68,MIN_PROFIT_TP_HIT,0.1994
1822,TRUMP_USDT,SHORT,StochasticRSI(FAST_SCALP-SHORT),2,0.2,1.531,1.528,1.528,1.536,2026-07-17 08:08:59 UTC,2026-07-17 08:16:30 UTC,450.4,0.3062,0.0041,0.0,0.0006,0.06,14.7,MIN_PROFIT_TP_HIT,0.2
1823,TRUMP_USDT,LONG,StochasticRSI(FAST_SCALP-LONG),2,0.2,1.525,1.528,1.528,1.52,2026-07-17 08:20:59 UTC,2026-07-17 08:27:09 UTC,369.28,0.305,0.0041,0.0,0.0006,0.06,14.75,MIN_PROFIT_TP_HIT,0.2006
1824,TRUMP_USDT,SHORT,StochasticRSI(FAST_SCALP-SHORT),2,0.2,1.528,1.525,1.525,1.533,2026-07-17 08:28:59 UTC,2026-07-17 08:31:30 UTC,150.66,0.3056,0.0041,0.0,0.0006,0.06,14.73,MIN_PROFIT_TP_HIT,0.2012
1825,TRUMP_USDT,LONG,StochasticRSI(FAST_SCALP-LONG),2,0.2,1.525,1.528,1.528,1.52,2026-07-17 08:35:59 UTC,2026-07-17 08:41:22 UTC,322.91,0.305,0.0041,0.0,0.0006,0.06,14.75,MIN_PROFIT_TP_HIT,0.2018
1826,TRUMP_USDT,SHORT,StochasticRSI(FAST_SCALP-SHORT),2,0.2,1.533,1.538,1.53,1.538,2026-07-17 08:50:59 UTC,2026-07-17 10:02:07 UTC,4267.71,0.3066,0.0041,0.0,-0.001,-0.09,-24.46,STOP_LOSS_HIT,0.2008
1827,TRUMP_USDT,SHORT,StochasticRSI(FAST_SCALP-SHORT),2,0.2,1.536,1.541,1.533,1.541,2026-07-17 10:05:59 UTC,2026-07-17 10:15:05 UTC,545.19,0.3072,0.0041,0.0,-0.001,-0.09,-24.41,STOP_LOSS_HIT,0.1998
1828,TRUMP_USDT,SHORT,StochasticRSI(FAST_SCALP-SHORT),2,0.2,1.54,1.537,1.537,1.545,2026-07-17 10:20:59 UTC,2026-07-17 10:22:23 UTC,83.32,0.308,0.0041,0.0,0.0006,0.06,14.61,MIN_PROFIT_TP_HIT,0.2004
1829,TRUMP_USDT,LONG,StochasticRSI(FAST_SCALP-LONG),2,0.2,1.538,1.541,1.541,1.533,2026-07-17 10:24:59 UTC,2026-07-17 10:33:24 UTC,504.92,0.3076,0.0041,0.0,0.0006,0.06,14.63,MIN_PROFIT_TP_HIT,0.201
1830,TRUMP_USDT,SHORT,StochasticRSI(FAST_SCALP-SHORT),2,0.2,1.54,1.537,1.537,1.545,2026-07-17 10:35:59 UTC,2026-07-17 11:08:55 UTC,1975.67,0.308,0.0041,0.0,0.0006,0.06,14.61,MIN_PROFIT_TP_HIT,0.2016
1831,TRUMP_USDT,LONG,StochasticRSI(FAST_SCALP-LONG),2,0.2,1.539,1.534,1.542,1.534,2026-07-17 11:11:59 UTC,2026-07-17 11:53:05 UTC,2465.83,0.3078,0.0041,0.0,-0.001,-0.09,-24.37,STOP_LOSS_HIT,0.2006
1832,TRUMP_USDT,LONG,StochasticRSI(FAST_SCALP-LONG),2,0.2,1.537,1.532,1.54,1.532,2026-07-17 11:55:59 UTC,2026-07-17 12:19:59 UTC,1439.98,0.3074,0.0041,0.0,-0.001,-0.09,-24.4,STOP_LOSS_HIT,0.1996
1833,TRUMP_USDT,SHORT,StochasticRSI(FAST_SCALP-SHORT),2,0.2,1.533,1.53,1.53,1.538,2026-07-17 12:27:59 UTC,2026-07-17 12:32:08 UTC,248.19,0.3066,0.0041,0.0,0.0006,0.06,14.68,MIN_PROFIT_TP_HIT,0.2002
1834,TRUMP_USDT,LONG,StochasticRSI(FAST_SCALP-LONG),2,0.2,1.53,1.525,1.533,1.525,2026-07-17 12:34:59 UTC,2026-07-17 12:49:25 UTC,865.21,0.306,0.0041,0.0,-0.001,-0.09,-24.51,STOP_LOSS_HIT,0.1992
1835,TRUMP_USDT,SHORT,StochasticRSI(FAST_SCALP-SHORT),2,0.2,1.526,1.523,1.523,1.531,2026-07-17 12:59:59 UTC,2026-07-17 13:06:00 UTC,360.87,0.3052,0.0041,0.0,0.0006,0.06,14.74,MIN_PROFIT_TP_HIT,0.1998
1836,TRUMP_USDT,LONG,StochasticRSI(FAST_SCALP-LONG),2,0.2,1.519,1.514,1.522,1.514,2026-07-17 13:09:59 UTC,2026-07-17 13:11:14 UTC,74.55,0.3038,0.0041,0.0,-0.001,-0.09,-24.69,STOP_LOSS_HIT,0.1988
1837,TRUMP_USDT,SHORT,StochasticRSI(FAST_SCALP-SHORT),2,0.2,1.518,1.515,1.515,1.523,2026-07-17 13:17:59 UTC,2026-07-17 13:25:05 UTC,425.94,0.3036,0.004,0.0,0.0006,0.06,14.82,MIN_PROFIT_TP_HIT,0.1994
1838,TRUMP_USDT,LONG,StochasticRSI(FAST_SCALP-LONG),2,0.2,1.507,1.51,1.51,1.502,2026-07-17 13:39:59 UTC,2026-07-17 13:40:06 UTC,6.94,0.3014,0.004,0.0,0.0006,0.06,14.93,MIN_PROFIT_TP_HIT,0.2
1839,TRUMP_USDT,SHORT,StochasticRSI(FAST_SCALP-SHORT),2,0.2,1.509,1.514,1.506,1.514,2026-07-17 13:45:59 UTC,2026-07-17 13:47:43 UTC,103.58,0.3018,0.004,0.0,-0.001,-0.09,-24.85,STOP_LOSS_HIT,0.199
1840,TRUMP_USDT,SHORT,StochasticRSI(FAST_SCALP-SHORT),2,0.2,1.522,1.527,1.519,1.527,2026-07-17 13:55:59 UTC,2026-07-17 13:59:03 UTC,183.08,0.3044,0.0041,0.0,-0.001,-0.09,-24.64,STOP_LOSS_HIT,0.198
1841,TRUMP_USDT,SHORT,StochasticRSI(FAST_SCALP-SHORT),2,0.2,1.534,1.539,1.531,1.539,2026-07-17 14:04:59 UTC,2026-07-17 14:06:26 UTC,86.88,0.3068,0.0041,0.0,-0.001,-0.09,-24.45,STOP_LOSS_HIT,0.197
1842,TRUMP_USDT,LONG,StochasticRSI(FAST_SCALP-LONG),2,0.2,1.54,1.543,1.543,1.535,2026-07-17 14:16:59 UTC,2026-07-17 14:17:29 UTC,29.9,0.308,0.0041,0.0,0.0006,0.06,14.61,MIN_PROFIT_TP_HIT,0.1976
1843,TRUMP_USDT,LONG,StochasticRSI(FAST_SCALP-LONG),2,0.2,1.537,1.54,1.54,1.532,2026-07-17 14:19:59 UTC,2026-07-17 14:25:06 UTC,306.21,0.3074,0.0041,0.0,0.0006,0.06,14.64,MIN_PROFIT_TP_HIT,0.1982
1844,TRUMP_USDT,LONG,StochasticRSI(FAST_SCALP-LONG),2,0.2,1.537,1.54,1.54,1.532,2026-07-17 14:28:59 UTC,2026-07-17 14:34:35 UTC,335.47,0.3074,0.0041,0.0,0.0006,0.06,14.64,MIN_PROFIT_TP_HIT,0.1988
1845,TRUMP_USDT,SHORT,StochasticRSI(FAST_SCALP-SHORT),2,0.2,1.544,1.541,1.541,1.549,2026-07-17 14:39:59 UTC,2026-07-17 14:41:56 UTC,116.86,0.3088,0.0041,0.0,0.0006,0.06,14.57,MIN_PROFIT_TP_HIT,0.1994
1846,TRUMP_USDT,LONG,StochasticRSI(FAST_SCALP-LONG),2,0.2,1.541,1.544,1.544,1.536,2026-07-17 14:46:59 UTC,2026-07-17 14:47:26 UTC,26.54,0.3082,0.0041,0.0,0.0006,0.06,14.6,MIN_PROFIT_TP_HIT,0.2
1847,TRUMP_USDT,LONG,StochasticRSI(FAST_SCALP-LONG),2,0.2,1.543,1.538,1.546,1.538,2026-07-17 14:48:59 UTC,2026-07-17 14:50:10 UTC,70.17,0.3086,0.0041,0.0,-0.001,-0.09,-24.3,STOP_LOSS_HIT,0.199
1848,TRUMP_USDT,LONG,StochasticRSI(FAST_SCALP-LONG),2,0.2,1.541,1.536,1.544,1.536,2026-07-17 14:53:59 UTC,2026-07-17 15:06:06 UTC,726.22,0.3082,0.0041,0.0,-0.001,-0.09,-24.33,STOP_LOSS_HIT,0.198
1849,TRUMP_USDT,SHORT,StochasticRSI(FAST_SCALP-SHORT),2,0.2,1.535,1.532,1.532,1.54,2026-07-17 15:22:59 UTC,2026-07-17 15:23:33 UTC,33.15,0.307,0.0041,0.0,0.0006,0.06,14.66,MIN_PROFIT_TP_HIT,0.1986
1850,TRUMP_USDT,SHORT,StochasticRSI(FAST_SCALP-SHORT),2,0.2,1.532,1.537,1.529,1.537,2026-07-17 15:24:59 UTC,2026-07-17 15:27:33 UTC,153.28,0.3064,0.0041,0.0,-0.001,-0.09,-24.48,STOP_LOSS_HIT,0.1976
1851,TRUMP_USDT,SHORT,StochasticRSI(FAST_SCALP-SHORT),2,0.2,1.537,1.542,1.534,1.542,2026-07-17 15:32:59 UTC,2026-07-17 15:36:12 UTC,192.43,0.3074,0.0041,0.0,-0.001,-0.09,-24.4,STOP_LOSS_HIT,0.1966
1852,TRUMP_USDT,SHORT,StochasticRSI(FAST_SCALP-SHORT),2,0.2,1.542,1.547,1.539,1.547,2026-07-17 15:42:59 UTC,2026-07-17 15:54:34 UTC,694.14,0.3084,0.0041,0.0,-0.001,-0.09,-24.32,STOP_LOSS_HIT,0.1956
1853,TRUMP_USDT,SHORT,StochasticRSI(FAST_SCALP-SHORT),2,0.2,1.545,1.542,1.542,1.55,2026-07-17 15:58:59 UTC,2026-07-17 16:01:12 UTC,132.75,0.309,0.0041,0.0,0.0006,0.06,14.56,MIN_PROFIT_TP_HIT,0.1962
1854,TRUMP_USDT,LONG,StochasticRSI(FAST_SCALP-LONG),2,0.2,1.548,1.551,1.551,1.543,2026-07-17 16:03:59 UTC,2026-07-17 16:10:01 UTC,361.54,0.3096,0.0041,0.0,0.0006,0.06,14.53,MIN_PROFIT_TP_HIT,0.1968
1855,TRUMP_USDT,SHORT,StochasticRSI(FAST_SCALP-SHORT),2,0.2,1.55,1.547,1.547,1.555,2026-07-17 16:14:59 UTC,2026-07-17 16:17:48 UTC,168.08,0.31,0.0041,0.0,0.0006,0.06,14.52,MIN_PROFIT_TP_HIT,0.1974
1856,TRUMP_USDT,LONG,StochasticRSI(FAST_SCALP-LONG),2,0.2,1.551,1.554,1.554,1.546,2026-07-17 16:19:59 UTC,2026-07-17 16:27:15 UTC,435.63,0.3102,0.0041,0.0,0.0006,0.06,14.51,MIN_PROFIT_TP_HIT,0.198
1857,TRUMP_USDT,SHORT,StochasticRSI(FAST_SCALP-SHORT),2,0.2,1.553,1.558,1.55,1.558,2026-07-17 16:31:59 UTC,2026-07-17 16:37:26 UTC,326.47,0.3106,0.0041,0.0,-0.001,-0.09,-24.15,STOP_LOSS_HIT,0.197
1858,TRUMP_USDT,SHORT,StochasticRSI(FAST_SCALP-SHORT),2,0.2,1.558,1.555,1.555,1.563,2026-07-17 16:39:59 UTC,2026-07-17 16:40:52 UTC,52.08,0.3116,0.0042,0.0,0.0006,0.06,14.44,MIN_PROFIT_TP_HIT,0.1976
1859,TRUMP_USDT,LONG,StochasticRSI(FAST_SCALP-LONG),2,0.2,1.559,1.562,1.562,1.554,2026-07-17 16:43:59 UTC,2026-07-17 16:44:58 UTC,58.14,0.3118,0.0042,0.0,0.0006,0.06,14.43,MIN_PROFIT_TP_HIT,0.1982
1860,TRUMP_USDT,SHORT,StochasticRSI(FAST_SCALP-SHORT),2,0.2,1.566,1.563,1.563,1.571,2026-07-17 16:50:59 UTC,2026-07-17 16:53:07 UTC,127.99,0.3132,0.0042,0.0,0.0006,0.06,14.37,MIN_PROFIT_TP_HIT,0.1988
1861,TRUMP_USDT,LONG,StochasticRSI(FAST_SCALP-LONG),2,0.2,1.559,1.562,1.562,1.554,2026-07-17 17:00:59 UTC,2026-07-17 17:01:57 UTC,57.64,0.3118,0.0042,0.0,0.0006,0.06,14.43,MIN_PROFIT_TP_HIT,0.1994
1862,TRUMP_USDT,SHORT,StochasticRSI(FAST_SCALP-SHORT),2,0.2,1.558,1.563,1.555,1.563,2026-07-17 17:05:59 UTC,2026-07-17 17:06:42 UTC,42.4,0.3116,0.0042,0.0,-0.001,-0.09,-24.07,STOP_LOSS_HIT,0.1984
1863,TRUMP_USDT,LONG,StochasticRSI(FAST_SCALP-LONG),2,0.2,1.561,1.556,1.564,1.556,2026-07-17 17:17:59 UTC,2026-07-17 17:21:41 UTC,221.14,0.3122,0.0042,0.0,-0.001,-0.09,-24.02,STOP_LOSS_HIT,0.1974
1864,TRUMP_USDT,LONG,StochasticRSI(FAST_SCALP-LONG),2,0.2,1.556,1.551,1.559,1.551,2026-07-17 17:27:59 UTC,2026-07-17 17:40:24 UTC,744.87,0.3112,0.0041,0.0,-0.001,-0.09,-24.1,STOP_LOSS_HIT,0.1964
1865,TRUMP_USDT,LONG,StochasticRSI(FAST_SCALP-LONG),2,0.2,1.552,1.547,1.555,1.547,2026-07-17 17:42:59 UTC,2026-07-17 17:55:39 UTC,759.27,0.3104,0.0041,0.0,-0.001,-0.09,-24.16,STOP_LOSS_HIT,0.1954
1866,TRUMP_USDT,SHORT,StochasticRSI(FAST_SCALP-SHORT),2,0.2,1.548,1.545,1.545,1.553,2026-07-17 17:56:59 UTC,2026-07-17 18:19:35 UTC,1355.18,0.3096,0.0041,0.0,0.0006,0.06,14.53,MIN_PROFIT_TP_HIT,0.196
1867,TRUMP_USDT,SHORT,StochasticRSI(FAST_SCALP-SHORT),2,0.2,1.546,1.551,1.543,1.551,2026-07-17 18:32:59 UTC,2026-07-17 18:47:26 UTC,866.92,0.3092,0.0041,0.0,-0.001,-0.09,-24.26,STOP_LOSS_HIT,0.195
1868,TRUMP_USDT,SHORT,StochasticRSI(FAST_SCALP-SHORT),2,0.2,1.551,1.548,1.548,1.556,2026-07-17 18:51:59 UTC,2026-07-17 19:10:18 UTC,1098.36,0.3102,0.0041,0.0,0.0006,0.06,14.51,MIN_PROFIT_TP_HIT,0.1956
1869,TRUMP_USDT,LONG,StochasticRSI(FAST_SCALP-LONG),2,0.2,1.545,1.548,1.548,1.54,2026-07-17 19:12:59 UTC,2026-07-17 19:30:01 UTC,1021.5,0.309,0.0041,0.0,0.0006,0.06,14.56,MIN_PROFIT_TP_HIT,0.1962
1870,TRUMP_USDT,SHORT,StochasticRSI(FAST_SCALP-SHORT),2,0.2,1.546,1.543,1.543,1.551,2026-07-17 19:31:59 UTC,2026-07-17 19:59:02 UTC,1622.95,0.3092,0.0041,0.0,0.0006,0.06,14.55,MIN_PROFIT_TP_HIT,0.1968
1871,TRUMP_USDT,LONG,StochasticRSI(FAST_SCALP-LONG),2,0.2,1.543,1.538,1.546,1.538,2026-07-17 20:02:59 UTC,2026-07-17 20:03:29 UTC,29.7,0.3086,0.0041,0.0,-0.001,-0.09,-24.3,STOP_LOSS_HIT,0.1958
1872,TRUMP_USDT,SHORT,StochasticRSI(FAST_SCALP-SHORT),2,0.2,1.543,1.54,1.54,1.548,2026-07-17 20:15:59 UTC,2026-07-17 20:40:08 UTC,1448.63,0.3086,0.0041,0.0,0.0006,0.06,14.58,MIN_PROFIT_TP_HIT,0.1964
1873,TRUMP_USDT,LONG,StochasticRSI(FAST_SCALP-LONG),2,0.2,1.543,1.546,1.546,1.538,2026-07-17 20:45:59 UTC,2026-07-17 21:02:12 UTC,972.13,0.3086,0.0041,0.0,0.0006,0.06,14.58,MIN_PROFIT_TP_HIT,0.197
1874,TRUMP_USDT,SHORT,StochasticRSI(FAST_SCALP-SHORT),2,0.2,1.545,1.542,1.542,1.55,2026-07-17 21:06:59 UTC,2026-07-17 21:43:20 UTC,2180.53,0.309,0.0041,0.0,0.0006,0.06,14.56,MIN_PROFIT_TP_HIT,0.1976
1875,TRUMP_USDT,LONG,StochasticRSI(FAST_SCALP-LONG),2,0.2,1.541,1.544,1.544,1.536,2026-07-17 21:57:59 UTC,2026-07-17 22:11:50 UTC,830.67,0.3082,0.0041,0.0,0.0006,0.06,14.6,MIN_PROFIT_TP_HIT,0.1982
1876,TRUMP_USDT,SHORT,StochasticRSI(FAST_SCALP-SHORT),2,0.2,1.543,1.54,1.54,1.548,2026-07-17 22:16:59 UTC,2026-07-17 22:22:09 UTC,309.34,0.3086,0.0041,0.0,0.0006,0.06,14.58,MIN_PROFIT_TP_HIT,0.1988
1877,TRUMP_USDT,LONG,StochasticRSI(FAST_SCALP-LONG),2,0.2,1.541,1.544,1.544,1.536,2026-07-17 22:26:59 UTC,2026-07-17 22:41:17 UTC,857.47,0.3082,0.0041,0.0,0.0006,0.06,14.6,MIN_PROFIT_TP_HIT,0.1994
1878,TRUMP_USDT,SHORT,StochasticRSI(FAST_SCALP-SHORT),2,0.2,1.545,1.542,1.542,1.55,2026-07-17 22:45:59 UTC,2026-07-17 23:11:42 UTC,1542.05,0.309,0.0041,0.0,0.0006,0.06,14.56,MIN_PROFIT_TP_HIT,0.2
1879,TRUMP_USDT,LONG,StochasticRSI(FAST_SCALP-LONG),2,0.2,1.542,1.545,1.545,1.537,2026-07-17 23:14:59 UTC,2026-07-17 23:21:02 UTC,362.04,0.3084,0.0041,0.0,0.0006,0.06,14.59,MIN_PROFIT_TP_HIT,0.2006
1880,TRUMP_USDT,SHORT,StochasticRSI(FAST_SCALP-SHORT),2,0.2,1.547,1.552,1.544,1.552,2026-07-17 23:27:59 UTC,2026-07-17 23:45:55 UTC,1075.99,0.3094,0.0041,0.0,-0.001,-0.09,-24.24,STOP_LOSS_HIT,0.1996
1881,TRUMP_USDT,SHORT,StochasticRSI(FAST_SCALP-SHORT),2,0.2,1.552,1.557,1.549,1.557,2026-07-17 23:49:59 UTC,2026-07-18 00:17:01 UTC,1621.29,0.3104,0.0041,0.0,-0.001,-0.09,-24.16,STOP_LOSS_HIT,0.1986
1882,TRUMP_USDT,SHORT,StochasticRSI(FAST_SCALP-SHORT),2,0.2,1.558,1.563,1.555,1.563,2026-07-18 00:20:59 UTC,2026-07-18 00:45:03 UTC,1443.59,0.3116,0.0042,0.0,-0.001,-0.09,-24.07,STOP_LOSS_HIT,0.1976
1883,TRUMP_USDT,SHORT,StochasticRSI(FAST_SCALP-SHORT),2,0.2,1.564,1.561,1.561,1.569,2026-07-18 00:48:59 UTC,2026-07-18 00:53:49 UTC,289.11,0.3128,0.0042,0.0,0.0006,0.06,14.39,MIN_PROFIT_TP_HIT,0.1982
1884,TRUMP_USDT,LONG,StochasticRSI(FAST_SCALP-LONG),2,0.2,1.561,1.564,1.564,1.556,2026-07-18 00:57:59 UTC,2026-07-18 01:09:21 UTC,681.51,0.3122,0.0042,0.0,0.0006,0.06,14.41,MIN_PROFIT_TP_HIT,0.1988
1885,TRUMP_USDT,SHORT,StochasticRSI(FAST_SCALP-SHORT),2,0.2,1.565,1.562,1.562,1.57,2026-07-18 01:15:59 UTC,2026-07-18 01:20:58 UTC,298.93,0.313,0.0042,0.0,0.0006,0.06,14.38,MIN_PROFIT_TP_HIT,0.1994
1886,TRUMP_USDT,LONG,StochasticRSI(FAST_SCALP-LONG),2,0.2,1.566,1.569,1.569,1.561,2026-07-18 01:23:59 UTC,2026-07-18 01:26:09 UTC,129.74,0.3132,0.0042,0.0,0.0006,0.06,14.37,MIN_PROFIT_TP_HIT,0.2
1887,TRUMP_USDT,SHORT,StochasticRSI(FAST_SCALP-SHORT),2,0.2,1.568,1.573,1.565,1.573,2026-07-18 01:28:59 UTC,2026-07-18 02:06:19 UTC,2239.51,0.3136,0.0042,0.0,-0.001,-0.09,-23.92,STOP_LOSS_HIT,0.199
1888,TRUMP_USDT,SHORT,StochasticRSI(FAST_SCALP-SHORT),2,0.2,1.611,1.616,1.608,1.616,2026-07-18 02:37:59 UTC,2026-07-18 02:40:03 UTC,123.18,0.3222,0.0043,0.0,-0.001,-0.09,-23.28,STOP_LOSS_HIT,0.198
1889,TRUMP_USDT,LONG,StochasticRSI(FAST_SCALP-LONG),2,0.2,1.62,1.623,1.623,1.615,2026-07-18 02:41:59 UTC,2026-07-18 02:42:04 UTC,4.1,0.324,0.0043,0.0,0.0006,0.06,13.89,MIN_PROFIT_TP_HIT,0.1986
1890,TRUMP_USDT,LONG,StochasticRSI(FAST_SCALP-LONG),2,0.2,1.638,1.633,1.641,1.633,2026-07-18 02:48:59 UTC,2026-07-18 02:49:17 UTC,17.06,0.3276,0.0044,0.0,-0.001,-0.09,-22.89,STOP_LOSS_HIT,0.1976
1891,TRUMP_USDT,LONG,StochasticRSI(FAST_SCALP-LONG),2,0.2,1.638,1.633,1.641,1.633,2026-07-18 02:55:59 UTC,2026-07-18 02:56:16 UTC,16.47,0.3276,0.0044,0.0,-0.001,-0.09,-22.89,STOP_LOSS_HIT,0.1966
1892,TRUMP_USDT,LONG,StochasticRSI(FAST_SCALP-LONG),2,0.2,1.63,1.625,1.633,1.625,2026-07-18 03:01:59 UTC,2026-07-18 03:03:26 UTC,86.05,0.326,0.0043,0.0,-0.001,-0.09,-23.01,STOP_LOSS_HIT,0.1956
1893,TRUMP_USDT,SHORT,StochasticRSI(FAST_SCALP-SHORT),2,0.2,1.643,1.648,1.64,1.648,2026-07-18 03:12:59 UTC,2026-07-18 03:13:22 UTC,22.58,0.3286,0.0044,0.0,-0.001,-0.09,-22.82,STOP_LOSS_HIT,0.1946
1894,TRUMP_USDT,LONG,StochasticRSI(FAST_SCALP-LONG),2,0.2,1.649,1.644,1.652,1.644,2026-07-18 03:18:59 UTC,2026-07-18 03:20:05 UTC,65.27,0.3298,0.0044,0.0,-0.001,-0.09,-22.74,STOP_LOSS_HIT,0.1936
1895,TRUMP_USDT,LONG,StochasticRSI(FAST_SCALP-LONG),2,0.2,1.617,1.612,1.62,1.612,2026-07-18 03:27:59 UTC,2026-07-18 03:28:50 UTC,50.23,0.3234,0.0043,0.0,-0.001,-0.09,-23.19,STOP_LOSS_HIT,0.1926
1896,TRUMP_USDT,LONG,StochasticRSI(FAST_SCALP-LONG),2,0.2,1.616,1.619,1.619,1.611,2026-07-18 03:32:59 UTC,2026-07-18 03:33:10 UTC,10.45,0.3232,0.0043,0.0,0.0006,0.06,13.92,MIN_PROFIT_TP_HIT,0.1932
1897,TRUMP_USDT,SHORT,StochasticRSI(FAST_SCALP-SHORT),2,0.2,1.62,1.625,1.617,1.625,2026-07-18 03:36:59 UTC,2026-07-18 03:40:16 UTC,196.79,0.324,0.0043,0.0,-0.001,-0.09,-23.15,STOP_LOSS_HIT,0.1922
1898,TRUMP_USDT,SHORT,StochasticRSI(FAST_SCALP-SHORT),2,0.2,1.623,1.62,1.62,1.628,2026-07-18 03:43:59 UTC,2026-07-18 03:45:22 UTC,82.58,0.3246,0.0043,0.0,0.0006,0.06,13.86,MIN_PROFIT_TP_HIT,0.1928
1899,TRUMP_USDT,SHORT,StochasticRSI(FAST_SCALP-SHORT),2,0.2,1.627,1.624,1.624,1.632,2026-07-18 03:53:59 UTC,2026-07-18 03:54:49 UTC,49.94,0.3254,0.0043,0.0,0.0006,0.06,13.83,MIN_PROFIT_TP_HIT,0.1934
1900,TRUMP_USDT,SHORT,StochasticRSI(FAST_SCALP-SHORT),2,0.2,1.64,1.637,1.637,1.645,2026-07-18 04:10:59 UTC,2026-07-18 04:11:06 UTC,6.0,0.328,0.0044,0.0,0.0006,0.06,13.72,MIN_PROFIT_TP_HIT,0.194
1901,TRUMP_USDT,LONG,StochasticRSI(FAST_SCALP-LONG),2,0.2,1.629,1.632,1.632,1.624,2026-07-18 04:22:59 UTC,2026-07-18 04:23:40 UTC,40.2,0.3258,0.0043,0.0,0.0006,0.06,13.81,MIN_PROFIT_TP_HIT,0.1946
1902,TRUMP_USDT,SHORT,StochasticRSI(FAST_SCALP-SHORT),2,0.2,1.66,1.665,1.657,1.665,2026-07-18 04:32:59 UTC,2026-07-18 04:33:19 UTC,19.14,0.332,0.0044,0.0,-0.001,-0.09,-22.59,STOP_LOSS_HIT,0.1936
1903,TRUMP_USDT,LONG,StochasticRSI(FAST_SCALP-LONG),2,0.2,1.65,1.653,1.653,1.645,2026-07-18 04:40:59 UTC,2026-07-18 04:41:22 UTC,22.1,0.33,0.0044,0.0,0.0006,0.06,13.64,MIN_PROFIT_TP_HIT,0.1942
1904,TRUMP_USDT,SHORT,StochasticRSI(FAST_SCALP-SHORT),2,0.2,1.648,1.645,1.645,1.653,2026-07-18 04:48:59 UTC,2026-07-18 04:49:21 UTC,21.77,0.3296,0.0044,0.0,0.0006,0.06,13.65,MIN_PROFIT_TP_HIT,0.1948
1905,TRUMP_USDT,LONG,StochasticRSI(FAST_SCALP-LONG),2,0.2,1.63,1.633,1.633,1.625,2026-07-18 04:55:59 UTC,2026-07-18 04:56:05 UTC,5.77,0.326,0.0043,0.0,0.0006,0.06,13.8,MIN_PROFIT_TP_HIT,0.1954
1906,TRUMP_USDT,LONG,StochasticRSI(FAST_SCALP-LONG),2,0.2,1.635,1.638,1.638,1.63,2026-07-18 04:57:59 UTC,2026-07-18 04:58:06 UTC,6.79,0.327,0.0044,0.0,0.0006,0.06,13.76,MIN_PROFIT_TP_HIT,0.196
1907,TRUMP_USDT,SHORT,StochasticRSI(FAST_SCALP-SHORT),2,0.2,1.639,1.644,1.636,1.644,2026-07-18 05:02:59 UTC,2026-07-18 05:03:35 UTC,35.8,0.3278,0.0044,0.0,-0.001,-0.09,-22.88,STOP_LOSS_HIT,0.195
1908,TRUMP_USDT,SHORT,StochasticRSI(FAST_SCALP-SHORT),2,0.2,1.65,1.655,1.647,1.655,2026-07-18 05:06:59 UTC,2026-07-18 05:08:24 UTC,84.77,0.33,0.0044,0.0,-0.001,-0.09,-22.73,STOP_LOSS_HIT,0.194
1909,TRUMP_USDT,SHORT,StochasticRSI(FAST_SCALP-SHORT),2,0.2,1.652,1.649,1.649,1.657,2026-07-18 05:10:59 UTC,2026-07-18 05:11:17 UTC,17.8,0.3304,0.0044,0.0,0.0006,0.06,13.62,MIN_PROFIT_TP_HIT,0.1946
1910,TRUMP_USDT,LONG,StochasticRSI(FAST_SCALP-LONG),2,0.2,1.635,1.638,1.638,1.63,2026-07-18 05:17:59 UTC,2026-07-18 05:18:12 UTC,12.09,0.327,0.0044,0.0,0.0006,0.06,13.76,MIN_PROFIT_TP_HIT,0.1952
1911,TRUMP_USDT,SHORT,StochasticRSI(FAST_SCALP-SHORT),2,0.2,1.634,1.631,1.631,1.639,2026-07-18 05:25:59 UTC,2026-07-18 05:26:37 UTC,37.21,0.3268,0.0044,0.0,0.0006,0.06,13.77,MIN_PROFIT_TP_HIT,0.1958
1912,TRUMP_USDT,LONG,StochasticRSI(FAST_SCALP-LONG),2,0.2,1.629,1.632,1.632,1.624,2026-07-18 05:29:59 UTC,2026-07-18 05:30:13 UTC,13.62,0.3258,0.0043,0.0,0.0006,0.06,13.81,MIN_PROFIT_TP_HIT,0.1964
1913,TRUMP_USDT,SHORT,StochasticRSI(FAST_SCALP-SHORT),2,0.2,1.627,1.624,1.624,1.632,2026-07-18 05:35:59 UTC,2026-07-18 05:36:13 UTC,13.64,0.3254,0.0043,0.0,0.0006,0.06,13.83,MIN_PROFIT_TP_HIT,0.197
1914,TRUMP_USDT,LONG,StochasticRSI(FAST_SCALP-LONG),2,0.2,1.622,1.617,1.625,1.617,2026-07-18 05:40:59 UTC,2026-07-18 05:41:56 UTC,56.42,0.3244,0.0043,0.0,-0.001,-0.09,-23.12,STOP_LOSS_HIT,0.196
1915,TRUMP_USDT,SHORT,StochasticRSI(FAST_SCALP-SHORT),2,0.2,1.624,1.621,1.621,1.629,2026-07-18 05:50:59 UTC,2026-07-18 05:52:04 UTC,64.9,0.3248,0.0043,0.0,0.0006,0.06,13.85,MIN_PROFIT_TP_HIT,0.1966
1916,TRUMP_USDT,SHORT,StochasticRSI(FAST_SCALP-SHORT),2,0.2,1.63,1.635,1.627,1.635,2026-07-18 06:05:59 UTC,2026-07-18 06:07:58 UTC,118.79,0.326,0.0043,0.0,-0.001,-0.09,-23.01,STOP_LOSS_HIT,0.1956
1917,TRUMP_USDT,LONG,StochasticRSI(FAST_SCALP-LONG),2,0.2,1.632,1.635,1.635,1.627,2026-07-18 06:13:59 UTC,2026-07-18 06:20:09 UTC,369.75,0.3264,0.0044,0.0,0.0006,0.06,13.79,MIN_PROFIT_TP_HIT,0.1962
1918,TRUMP_USDT,SHORT,StochasticRSI(FAST_SCALP-SHORT),2,0.2,1.637,1.634,1.634,1.642,2026-07-18 06:23:59 UTC,2026-07-18 06:24:38 UTC,38.96,0.3274,0.0044,0.0,0.0006,0.06,13.74,MIN_PROFIT_TP_HIT,0.1968
1919,TRUMP_USDT,LONG,StochasticRSI(FAST_SCALP-LONG),2,0.2,1.625,1.62,1.628,1.62,2026-07-18 06:29:59 UTC,2026-07-18 06:33:28 UTC,208.79,0.325,0.0043,0.0,-0.001,-0.09,-23.08,STOP_LOSS_HIT,0.1958
1920,TRUMP_USDT,LONG,StochasticRSI(FAST_SCALP-LONG),2,0.2,1.617,1.62,1.62,1.612,2026-07-18 06:36:59 UTC,2026-07-18 06:37:25 UTC,25.24,0.3234,0.0043,0.0,0.0006,0.06,13.91,MIN_PROFIT_TP_HIT,0.1964
1921,TRUMP_USDT,SHORT,StochasticRSI(FAST_SCALP-SHORT),2,0.2,1.63,1.627,1.627,1.635,2026-07-18 06:42:59 UTC,2026-07-18 06:44:31 UTC,91.95,0.326,0.0043,0.0,0.0006,0.06,13.8,MIN_PROFIT_TP_HIT,0.197
1922,TRUMP_USDT,LONG,StochasticRSI(FAST_SCALP-LONG),2,0.2,1.625,1.62,1.628,1.62,2026-07-18 06:50:59 UTC,2026-07-18 06:59:51 UTC,531.31,0.325,0.0043,0.0,-0.001,-0.09,-23.08,STOP_LOSS_HIT,0.196
1923,TRUMP_USDT,LONG,StochasticRSI(FAST_SCALP-LONG),2,0.2,1.624,1.619,1.627,1.619,2026-07-18 07:01:59 UTC,2026-07-18 07:05:12 UTC,192.1,0.3248,0.0043,0.0,-0.001,-0.09,-23.09,STOP_LOSS_HIT,0.195
1924,TRUMP_USDT,LONG,StochasticRSI(FAST_SCALP-LONG),2,0.2,1.616,1.619,1.619,1.611,2026-07-18 07:09:59 UTC,2026-07-18 07:16:10 UTC,370.2,0.3232,0.0043,0.0,0.0006,0.06,13.92,MIN_PROFIT_TP_HIT,0.1956
1925,TRUMP_USDT,SHORT,StochasticRSI(FAST_SCALP-SHORT),2,0.2,1.622,1.627,1.619,1.627,2026-07-18 07:18:59 UTC,2026-07-18 07:21:41 UTC,161.83,0.3244,0.0043,0.0,-0.001,-0.09,-23.12,STOP_LOSS_HIT,0.1946
1926,TRUMP_USDT,SHORT,StochasticRSI(FAST_SCALP-SHORT),2,0.2,1.619,1.624,1.616,1.624,2026-07-18 07:24:59 UTC,2026-07-18 07:32:12 UTC,432.25,0.3238,0.0043,0.0,-0.001,-0.09,-23.16,STOP_LOSS_HIT,0.1936
1927,TRUMP_USDT,SHORT,StochasticRSI(FAST_SCALP-SHORT),2,0.2,1.628,1.625,1.625,1.633,2026-07-18 07:41:59 UTC,2026-07-18 07:53:09 UTC,669.87,0.3256,0.0043,0.0,0.0006,0.06,13.82,MIN_PROFIT_TP_HIT,0.1942
1928,TRUMP_USDT,LONG,StochasticRSI(FAST_SCALP-LONG),2,0.2,1.631,1.634,1.634,1.626,2026-07-18 07:55:59 UTC,2026-07-18 08:00:10 UTC,250.19,0.3262,0.0043,0.0,0.0006,0.06,13.8,MIN_PROFIT_TP_HIT,0.1948
1929,TRUMP_USDT,SHORT,StochasticRSI(FAST_SCALP-SHORT),2,0.2,1.648,1.653,1.645,1.653,2026-07-18 08:06:59 UTC,2026-07-18 08:07:53 UTC,53.87,0.3296,0.0044,0.0,-0.001,-0.09,-22.75,STOP_LOSS_HIT,0.1938
1930,TRUMP_USDT,SHORT,StochasticRSI(FAST_SCALP-SHORT),2,0.2,1.653,1.65,1.65,1.658,2026-07-18 08:13:59 UTC,2026-07-18 08:14:01 UTC,1.41,0.3306,0.0044,0.0,0.0006,0.06,13.61,MIN_PROFIT_TP_HIT,0.1944
1931,TRUMP_USDT,LONG,StochasticRSI(FAST_SCALP-LONG),2,0.2,1.638,1.641,1.641,1.633,2026-07-18 08:22:59 UTC,2026-07-18 08:23:13 UTC,13.44,0.3276,0.0044,0.0,0.0006,0.06,13.74,MIN_PROFIT_TP_HIT,0.195
1932,TRUMP_USDT,SHORT,StochasticRSI(FAST_SCALP-SHORT),2,0.2,1.64,1.637,1.637,1.645,2026-07-18 08:28:59 UTC,2026-07-18 08:29:30 UTC,30.71,0.328,0.0044,0.0,0.0006,0.06,13.72,MIN_PROFIT_TP_HIT,0.1956
1933,TRUMP_USDT,LONG,StochasticRSI(FAST_SCALP-LONG),2,0.2,1.63,1.633,1.633,1.625,2026-07-18 08:48:59 UTC,2026-07-18 08:49:40 UTC,40.8,0.326,0.0043,0.0,0.0006,0.06,13.8,MIN_PROFIT_TP_HIT,0.1962
1934,TRUMP_USDT,SHORT,StochasticRSI(FAST_SCALP-SHORT),2,0.2,1.63,1.627,1.627,1.635,2026-07-18 08:52:59 UTC,2026-07-18 08:58:07 UTC,307.49,0.326,0.0043,0.0,0.0006,0.06,13.8,MIN_PROFIT_TP_HIT,0.1968
1935,TRUMP_USDT,LONG,StochasticRSI(FAST_SCALP-LONG),2,0.2,1.636,1.639,1.639,1.631,2026-07-18 09:00:59 UTC,2026-07-18 09:02:52 UTC,112.35,0.3272,0.0044,0.0,0.0006,0.06,13.75,MIN_PROFIT_TP_HIT,0.1974
1936,TRUMP_USDT,SHORT,StochasticRSI(FAST_SCALP-SHORT),2,0.2,1.64,1.637,1.637,1.645,2026-07-18 09:04:59 UTC,2026-07-18 09:05:22 UTC,22.12,0.328,0.0044,0.0,0.0006,0.06,13.72,MIN_PROFIT_TP_HIT,0.198
1937,TRUMP_USDT,SHORT,StochasticRSI(FAST_SCALP-SHORT),2,0.2,1.636,1.633,1.633,1.641,2026-07-18 09:06:59 UTC,2026-07-18 09:08:12 UTC,72.2,0.3272,0.0044,0.0,0.0006,0.06,13.75,MIN_PROFIT_TP_HIT,0.1986
1938,TRUMP_USDT,LONG,StochasticRSI(FAST_SCALP-LONG),2,0.2,1.645,1.64,1.648,1.64,2026-07-18 09:12:59 UTC,2026-07-18 09:13:59 UTC,59.96,0.329,0.0044,0.0,-0.001,-0.09,-22.8,STOP_LOSS_HIT,0.1976
1939,TRUMP_USDT,SHORT,StochasticRSI(FAST_SCALP-SHORT),2,0.2,1.645,1.642,1.642,1.65,2026-07-18 09:16:59 UTC,2026-07-18 09:17:22 UTC,22.36,0.329,0.0044,0.0,0.0006,0.06,13.68,MIN_PROFIT_TP_HIT,0.1982
1940,TRUMP_USDT,SHORT,StochasticRSI(FAST_SCALP-SHORT),2,0.2,1.639,1.636,1.636,1.644,2026-07-18 09:18:59 UTC,2026-07-18 09:19:25 UTC,25.71,0.3278,0.0044,0.0,0.0006,0.06,13.73,MIN_PROFIT_TP_HIT,0.1988
1941,TRUMP_USDT,LONG,StochasticRSI(FAST_SCALP-LONG),2,0.2,1.641,1.644,1.644,1.636,2026-07-18 09:24:59 UTC,2026-07-18 09:25:11 UTC,11.04,0.3282,0.0044,0.0,0.0006,0.06,13.71,MIN_PROFIT_TP_HIT,0.1994
1942,TRUMP_USDT,SHORT,StochasticRSI(FAST_SCALP-SHORT),2,0.2,1.647,1.644,1.644,1.652,2026-07-18 09:29:59 UTC,2026-07-18 09:30:38 UTC,38.39,0.3294,0.0044,0.0,0.0006,0.06,13.66,MIN_PROFIT_TP_HIT,0.2
1943,TRUMP_USDT,LONG,StochasticRSI(FAST_SCALP-LONG),2,0.2,1.656,1.659,1.659,1.651,2026-07-18 09:36:59 UTC,2026-07-18 09:37:02 UTC,2.48,0.3312,0.0044,0.0,0.0006,0.06,13.59,MIN_PROFIT_TP_HIT,0.2006
1944,TRUMP_USDT,SHORT,StochasticRSI(FAST_SCALP-SHORT),2,0.2,1.658,1.655,1.655,1.663,2026-07-18 09:40:59 UTC,2026-07-18 09:42:01 UTC,61.47,0.3316,0.0044,0.0,0.0006,0.06,13.57,MIN_PROFIT_TP_HIT,0.2012
1945,TRUMP_USDT,SHORT,StochasticRSI(FAST_SCALP-SHORT),2,0.2,1.652,1.649,1.649,1.657,2026-07-18 09:43:59 UTC,2026-07-18 09:44:15 UTC,15.95,0.3304,0.0044,0.0,0.0006,0.06,13.62,MIN_PROFIT_TP_HIT,0.2018
1946,TRUMP_USDT,LONG,StochasticRSI(FAST_SCALP-LONG),2,0.2,1.659,1.654,1.662,1.654,2026-07-18 09:48:59 UTC,2026-07-18 09:49:30 UTC,30.39,0.3318,0.0044,0.0,-0.001,-0.09,-22.6,STOP_LOSS_HIT,0.2008
1947,TRUMP_USDT,LONG,StochasticRSI(FAST_SCALP-LONG),2,0.2,1.651,1.654,1.654,1.646,2026-07-18 09:54:59 UTC,2026-07-18 09:55:52 UTC,52.17,0.3302,0.0044,0.0,0.0006,0.06,13.63,MIN_PROFIT_TP_HIT,0.2014
1948,TRUMP_USDT,SHORT,StochasticRSI(FAST_SCALP-SHORT),2,0.2,1.679,1.684,1.676,1.684,2026-07-18 10:04:59 UTC,2026-07-18 10:05:16 UTC,16.18,0.3358,0.0045,0.0,-0.001,-0.09,-22.33,STOP_LOSS_HIT,0.2004
1949,TRUMP_USDT,LONG,StochasticRSI(FAST_SCALP-LONG),2,0.2,1.695,1.698,1.698,1.69,2026-07-18 10:14:59 UTC,2026-07-18 10:15:24 UTC,24.05,0.339,0.0045,0.0,0.0006,0.06,13.27,MIN_PROFIT_TP_HIT,0.201
1950,TRUMP_USDT,LONG,StochasticRSI(FAST_SCALP-LONG),2,0.2,1.689,1.684,1.692,1.684,2026-07-18 10:21:59 UTC,2026-07-18 10:23:01 UTC,61.9,0.3378,0.0045,0.0,-0.001,-0.09,-22.2,STOP_LOSS_HIT,0.2
1951,TRUMP_USDT,LONG,StochasticRSI(FAST_SCALP-LONG),2,0.2,1.683,1.686,1.686,1.678,2026-07-18 10:25:59 UTC,2026-07-18 10:26:43 UTC,43.89,0.3366,0.0045,0.0,0.0006,0.06,13.37,MIN_PROFIT_TP_HIT,0.2006
1952,TRUMP_USDT,SHORT,StochasticRSI(FAST_SCALP-SHORT),2,0.2,1.683,1.68,1.68,1.688,2026-07-18 10:35:59 UTC,2026-07-18 10:36:28 UTC,28.81,0.3366,0.0045,0.0,0.0006,0.06,13.37,MIN_PROFIT_TP_HIT,0.2012
1953,TRUMP_USDT,SHORT,StochasticRSI(FAST_SCALP-SHORT),2,0.2,1.69,1.695,1.687,1.695,2026-07-18 10:42:59 UTC,2026-07-18 10:43:33 UTC,33.94,0.338,0.0045,0.0,-0.001,-0.09,-22.19,STOP_LOSS_HIT,0.2002
1954,TRUMP_USDT,SHORT,StochasticRSI(FAST_SCALP-SHORT),2,0.2,1.696,1.693,1.693,1.701,2026-07-18 10:46:59 UTC,2026-07-18 10:47:31 UTC,31.7,0.3392,0.0045,0.0,0.0006,0.06,13.27,MIN_PROFIT_TP_HIT,0.2008
1955,TRUMP_USDT,LONG,StochasticRSI(FAST_SCALP-LONG),2,0.2,1.688,1.683,1.691,1.683,2026-07-18 10:52:59 UTC,2026-07-18 10:53:26 UTC,26.4,0.3376,0.0045,0.0,-0.001,-0.09,-22.22,STOP_LOSS_HIT,0.1998
1956,TRUMP_USDT,LONG,StochasticRSI(FAST_SCALP-LONG),2,0.2,1.682,1.685,1.685,1.677,2026-07-18 10:55:59 UTC,2026-07-18 10:58:17 UTC,137.16,0.3364,0.0045,0.0,0.0006,0.06,13.38,MIN_PROFIT_TP_HIT,0.2004
1957,TRUMP_USDT,SHORT,StochasticRSI(FAST_SCALP-SHORT),2,0.2,1.688,1.693,1.685,1.693,2026-07-18 11:05:59 UTC,2026-07-18 11:06:35 UTC,35.19,0.3376,0.0045,0.0,-0.001,-0.09,-22.22,STOP_LOSS_HIT,0.1994
1958,TRUMP_USDT,LONG,StochasticRSI(FAST_SCALP-LONG),2,0.2,1.689,1.684,1.692,1.684,2026-07-18 11:13:59 UTC,2026-07-18 11:15:01 UTC,61.35,0.3378,0.0045,0.0,-0.001,-0.09,-22.2,STOP_LOSS_HIT,0.1984
1959,TRUMP_USDT,LONG,StochasticRSI(FAST_SCALP-LONG),2,0.2,1.682,1.685,1.685,1.677,2026-07-18 11:21:59 UTC,2026-07-18 11:23:21 UTC,81.42,0.3364,0.0045,0.0,0.0006,0.06,13.38,MIN_PROFIT_TP_HIT,0.199
1960,TRUMP_USDT,SHORT,StochasticRSI(FAST_SCALP-SHORT),2,0.2,1.696,1.693,1.693,1.701,2026-07-18 11:33:59 UTC,2026-07-18 11:34:24 UTC,24.36,0.3392,0.0045,0.0,0.0006,0.06,13.27,MIN_PROFIT_TP_HIT,0.1996
1961,TRUMP_USDT,LONG,StochasticRSI(FAST_SCALP-LONG),2,0.2,1.692,1.687,1.695,1.687,2026-07-18 11:38:59 UTC,2026-07-18 11:40:56 UTC,116.94,0.3384,0.0045,0.0,-0.001,-0.09,-22.16,STOP_LOSS_HIT,0.1986
1962,TRUMP_USDT,LONG,StochasticRSI(FAST_SCALP-LONG),2,0.2,1.687,1.69,1.69,1.682,2026-07-18 11:43:59 UTC,2026-07-18 11:45:26 UTC,86.82,0.3374,0.0045,0.0,0.0006,0.06,13.34,MIN_PROFIT_TP_HIT,0.1992
1963,TRUMP_USDT,LONG,StochasticRSI(FAST_SCALP-LONG),2,0.2,1.698,1.693,1.701,1.693,2026-07-18 11:46:59 UTC,2026-07-18 11:48:36 UTC,96.8,0.3396,0.0045,0.0,-0.001,-0.09,-22.08,STOP_LOSS_HIT,0.1982
1964,TRUMP_USDT,SHORT,StochasticRSI(FAST_SCALP-SHORT),2,0.2,1.693,1.698,1.69,1.698,2026-07-18 11:50:59 UTC,2026-07-18 11:51:45 UTC,45.43,0.3386,0.0045,0.0,-0.001,-0.09,-22.15,STOP_LOSS_HIT,0.1972
1965,TRUMP_USDT,LONG,StochasticRSI(FAST_SCALP-LONG),2,0.2,1.696,1.691,1.699,1.691,2026-07-18 12:01:59 UTC,2026-07-18 12:03:35 UTC,95.32,0.3392,0.0045,0.0,-0.001,-0.09,-22.11,STOP_LOSS_HIT,0.1962
1966,TRUMP_USDT,SHORT,StochasticRSI(FAST_SCALP-SHORT),2,0.2,1.686,1.683,1.683,1.691,2026-07-18 12:08:59 UTC,2026-07-18 12:09:24 UTC,24.8,0.3372,0.0045,0.0,0.0006,0.06,13.35,MIN_PROFIT_TP_HIT,0.1968
1967,TRUMP_USDT,LONG,StochasticRSI(FAST_SCALP-LONG),2,0.2,1.697,1.692,1.7,1.692,2026-07-18 12:12:59 UTC,2026-07-18 12:13:11 UTC,11.73,0.3394,0.0045,0.0,-0.001,-0.09,-22.1,STOP_LOSS_HIT,0.1958
1968,TRUMP_USDT,SHORT,StochasticRSI(FAST_SCALP-SHORT),2,0.2,1.694,1.691,1.691,1.699,2026-07-18 12:18:59 UTC,2026-07-18 12:20:02 UTC,62.19,0.3388,0.0045,0.0,0.0006,0.06,13.28,MIN_PROFIT_TP_HIT,0.1964
1969,TRUMP_USDT,LONG,StochasticRSI(FAST_SCALP-LONG),2,0.2,1.684,1.679,1.687,1.679,2026-07-18 12:25:59 UTC,2026-07-18 12:26:50 UTC,50.82,0.3368,0.0045,0.0,-0.001,-0.09,-22.27,STOP_LOSS_HIT,0.1954
1970,TRUMP_USDT,LONG,StochasticRSI(FAST_SCALP-LONG),2,0.2,1.683,1.678,1.686,1.678,2026-07-18 12:31:59 UTC,2026-07-18 12:32:38 UTC,38.06,0.3366,0.0045,0.0,-0.001,-0.09,-22.28,STOP_LOSS_HIT,0.1944
1971,TRUMP_USDT,SHORT,StochasticRSI(FAST_SCALP-SHORT),2,0.2,1.687,1.684,1.684,1.692,2026-07-18 12:38:59 UTC,2026-07-18 12:39:41 UTC,41.51,0.3374,0.0045,0.0,0.0006,0.06,13.34,MIN_PROFIT_TP_HIT,0.195
1972,TRUMP_USDT,LONG,StochasticRSI(FAST_SCALP-LONG),2,0.2,1.682,1.685,1.685,1.677,2026-07-18 12:51:59 UTC,2026-07-18 12:52:30 UTC,30.89,0.3364,0.0045,0.0,0.0006,0.06,13.38,MIN_PROFIT_TP_HIT,0.1956
1973,TRUMP_USDT,LONG,StochasticRSI(FAST_SCALP-LONG),2,0.2,1.68,1.683,1.683,1.675,2026-07-18 13:02:59 UTC,2026-07-18 13:03:11 UTC,11.65,0.336,0.0045,0.0,0.0006,0.06,13.39,MIN_PROFIT_TP_HIT,0.1962
1974,TRUMP_USDT,SHORT,StochasticRSI(FAST_SCALP-SHORT),2,0.2,1.682,1.687,1.679,1.687,2026-07-18 13:07:59 UTC,2026-07-18 13:09:52 UTC,112.63,0.3364,0.0045,0.0,-0.001,-0.09,-22.29,STOP_LOSS_HIT,0.1952
1975,TRUMP_USDT,LONG,StochasticRSI(FAST_SCALP-LONG),2,0.2,1.672,1.675,1.675,1.667,2026-07-18 13:17:59 UTC,2026-07-18 13:19:26 UTC,86.42,0.3344,0.0045,0.0,0.0006,0.06,13.46,MIN_PROFIT_TP_HIT,0.1958
1976,TRUMP_USDT,LONG,StochasticRSI(FAST_SCALP-LONG),2,0.2,1.664,1.667,1.667,1.659,2026-07-18 13:22:59 UTC,2026-07-18 13:23:15 UTC,15.21,0.3328,0.0044,0.0,0.0006,0.06,13.52,MIN_PROFIT_TP_HIT,0.1964
1977,TRUMP_USDT,LONG,StochasticRSI(FAST_SCALP-LONG),2,0.2,1.654,1.657,1.657,1.649,2026-07-18 13:30:59 UTC,2026-07-18 13:31:57 UTC,57.78,0.3308,0.0044,0.0,0.0006,0.06,13.6,MIN_PROFIT_TP_HIT,0.197
1978,TRUMP_USDT,SHORT,StochasticRSI(FAST_SCALP-SHORT),2,0.2,1.646,1.643,1.643,1.651,2026-07-18 13:36:59 UTC,2026-07-18 13:37:15 UTC,15.66,0.3292,0.0044,0.0,0.0006,0.06,13.67,MIN_PROFIT_TP_HIT,0.1976
1979,TRUMP_USDT,SHORT,StochasticRSI(FAST_SCALP-SHORT),2,0.2,1.643,1.648,1.64,1.648,2026-07-18 13:45:59 UTC,2026-07-18 13:47:09 UTC,69.73,0.3286,0.0044,0.0,-0.001,-0.09,-22.82,STOP_LOSS_HIT,0.1966
1980,TRUMP_USDT,SHORT,StochasticRSI(FAST_SCALP-SHORT),2,0.2,1.648,1.645,1.645,1.653,2026-07-18 13:49:59 UTC,2026-07-18 13:50:57 UTC,57.93,0.3296,0.0044,0.0,0.0006,0.06,13.65,MIN_PROFIT_TP_HIT,0.1972
1981,TRUMP_USDT,SHORT,StochasticRSI(FAST_SCALP-SHORT),2,0.2,1.652,1.649,1.649,1.657,2026-07-18 14:01:59 UTC,2026-07-18 14:02:08 UTC,8.28,0.3304,0.0044,0.0,0.0006,0.06,13.62,MIN_PROFIT_TP_HIT,0.1978
1982,TRUMP_USDT,LONG,StochasticRSI(FAST_SCALP-LONG),2,0.2,1.647,1.65,1.65,1.642,2026-07-18 14:08:59 UTC,2026-07-18 14:11:13 UTC,133.1,0.3294,0.0044,0.0,0.0006,0.06,13.66,MIN_PROFIT_TP_HIT,0.1984
1983,TRUMP_USDT,SHORT,StochasticRSI(FAST_SCALP-SHORT),2,0.2,1.654,1.651,1.651,1.659,2026-07-18 14:15:59 UTC,2026-07-18 14:19:51 UTC,231.78,0.3308,0.0044,0.0,0.0006,0.06,13.6,MIN_PROFIT_TP_HIT,0.199
1984,TRUMP_USDT,SHORT,StochasticRSI(FAST_SCALP-SHORT),2,0.2,1.653,1.65,1.65,1.658,2026-07-18 14:20:59 UTC,2026-07-18 14:23:53 UTC,173.99,0.3306,0.0044,0.0,0.0006,0.06,13.61,MIN_PROFIT_TP_HIT,0.1996
1985,TRUMP_USDT,LONG,StochasticRSI(FAST_SCALP-LONG),2,0.2,1.646,1.641,1.649,1.641,2026-07-18 14:29:59 UTC,2026-07-18 14:31:40 UTC,100.06,0.3292,0.0044,0.0,-0.001,-0.09,-22.78,STOP_LOSS_HIT,0.1986
1986,TRUMP_USDT,SHORT,StochasticRSI(FAST_SCALP-SHORT),2,0.2,1.639,1.644,1.636,1.644,2026-07-18 14:43:59 UTC,2026-07-18 14:50:22 UTC,382.07,0.3278,0.0044,0.0,-0.001,-0.09,-22.88,STOP_LOSS_HIT,0.1976
1987,TRUMP_USDT,SHORT,StochasticRSI(FAST_SCALP-SHORT),2,0.2,1.647,1.644,1.644,1.652,2026-07-18 14:53:59 UTC,2026-07-18 14:56:51 UTC,171.8,0.3294,0.0044,0.0,0.0006,0.06,13.66,MIN_PROFIT_TP_HIT,0.1982
1988,TRUMP_USDT,LONG,StochasticRSI(FAST_SCALP-LONG),2,0.2,1.646,1.641,1.649,1.641,2026-07-18 15:01:59 UTC,2026-07-18 15:10:12 UTC,492.47,0.3292,0.0044,0.0,-0.001,-0.09,-22.78,STOP_LOSS_HIT,0.1972
1989,TRUMP_USDT,LONG,StochasticRSI(FAST_SCALP-LONG),2,0.2,1.643,1.646,1.646,1.638,2026-07-18 15:13:59 UTC,2026-07-18 15:15:15 UTC,75.44,0.3286,0.0044,0.0,0.0006,0.06,13.69,MIN_PROFIT_TP_HIT,0.1978
1990,TRUMP_USDT,SHORT,StochasticRSI(FAST_SCALP-SHORT),2,0.2,1.651,1.656,1.648,1.656,2026-07-18 15:20:59 UTC,2026-07-18 15:21:11 UTC,11.77,0.3302,0.0044,0.0,-0.001,-0.09,-22.71,STOP_LOSS_HIT,0.1968
1991,TRUMP_USDT,LONG,StochasticRSI(FAST_SCALP-LONG),2,0.2,1.661,1.656,1.664,1.656,2026-07-18 15:38:59 UTC,2026-07-18 15:39:44 UTC,44.1,0.3322,0.0044,0.0,-0.001,-0.09,-22.58,STOP_LOSS_HIT,0.1958
1992,TRUMP_USDT,LONG,StochasticRSI(FAST_SCALP-LONG),2,0.2,1.66,1.655,1.663,1.655,2026-07-18 15:42:59 UTC,2026-07-18 15:44:21 UTC,81.57,0.332,0.0044,0.0,-0.001,-0.09,-22.59,STOP_LOSS_HIT,0.1948
1993,TRUMP_USDT,LONG,StochasticRSI(FAST_SCALP-LONG),2,0.2,1.659,1.654,1.662,1.654,2026-07-18 15:47:59 UTC,2026-07-18 15:52:00 UTC,240.45,0.3318,0.0044,0.0,-0.001,-0.09,-22.6,STOP_LOSS_HIT,0.1938
1994,TRUMP_USDT,LONG,StochasticRSI(FAST_SCALP-LONG),2,0.2,1.648,1.643,1.651,1.643,2026-07-18 16:01:59 UTC,2026-07-18 16:02:16 UTC,16.71,0.3296,0.0044,0.0,-0.001,-0.09,-22.75,STOP_LOSS_HIT,0.1928
1995,TRUMP_USDT,LONG,StochasticRSI(FAST_SCALP-LONG),2,0.2,1.646,1.641,1.649,1.641,2026-07-18 16:07:59 UTC,2026-07-18 16:10:25 UTC,145.35,0.3292,0.0044,0.0,-0.001,-0.09,-22.78,STOP_LOSS_HIT,0.1918
1996,TRUMP_USDT,LONG,StochasticRSI(FAST_SCALP-LONG),2,0.2,1.637,1.632,1.64,1.632,2026-07-18 16:18:59 UTC,2026-07-18 16:20:28 UTC,88.19,0.3274,0.0044,0.0,-0.001,-0.09,-22.91,STOP_LOSS_HIT,0.1908
1997,TRUMP_USDT,SHORT,StochasticRSI(FAST_SCALP-SHORT),2,0.2,1.633,1.63,1.63,1.638,2026-07-18 16:37:59 UTC,2026-07-18 16:39:45 UTC,105.68,0.3266,0.0044,0.0,0.0006,0.06,13.78,MIN_PROFIT_TP_HIT,0.1914
1998,TRUMP_USDT,LONG,StochasticRSI(FAST_SCALP-LONG),2,0.2,1.631,1.634,1.634,1.626,2026-07-18 16:46:59 UTC,2026-07-18 16:52:30 UTC,330.56,0.3262,0.0043,0.0,0.0006,0.06,13.8,MIN_PROFIT_TP_HIT,0.192
1999,TRUMP_USDT,LONG,StochasticRSI(FAST_SCALP-LONG),2,0.2,1.625,1.62,1.628,1.62,2026-07-18 17:01:59 UTC,2026-07-18 17:03:43 UTC,103.1,0.325,0.0043,0.0,-0.001,-0.09,-23.08,STOP_LOSS_HIT,0.191
2000,TRUMP_USDT,SHORT,StochasticRSI(FAST_SCALP-SHORT),2,0.2,1.623,1.62,1.62,1.628,2026-07-18 17:09:59 UTC,2026-07-18 17:11:22 UTC,82.45,0.3246,0.0043,0.0,0.0006,0.06,13.86,MIN_PROFIT_TP_HIT,0.1916
2001,TRUMP_USDT,SHORT,StochasticRSI(FAST_SCALP-SHORT),2,0.2,1.624,1.621,1.621,1.629,2026-07-18 17:20:59 UTC,2026-07-18 17:27:58 UTC,418.13,0.3248,0.0043,0.0,0.0006,0.06,13.85,MIN_PROFIT_TP_HIT,0.1922
2002,TRUMP_USDT,LONG,StochasticRSI(FAST_SCALP-LONG),2,0.2,1.628,1.631,1.631,1.623,2026-07-18 17:29:59 UTC,2026-07-18 17:32:04 UTC,124.11,0.3256,0.0043,0.0,0.0006,0.06,13.82,MIN_PROFIT_TP_HIT,0.1928
2003,TRUMP_USDT,SHORT,StochasticRSI(FAST_SCALP-SHORT),2,0.2,1.628,1.625,1.625,1.633,2026-07-18 17:35:59 UTC,2026-07-18 17:45:50 UTC,590.05,0.3256,0.0043,0.0,0.0006,0.06,13.82,MIN_PROFIT_TP_HIT,0.1934
2004,TRUMP_USDT,LONG,StochasticRSI(FAST_SCALP-LONG),2,0.2,1.626,1.621,1.629,1.621,2026-07-18 17:50:59 UTC,2026-07-18 17:55:13 UTC,253.82,0.3252,0.0043,0.0,-0.001,-0.09,-23.06,STOP_LOSS_HIT,0.1924
2005,TRUMP_USDT,LONG,StochasticRSI(FAST_SCALP-LONG),2,0.2,1.622,1.625,1.625,1.617,2026-07-18 17:57:59 UTC,2026-07-18 17:59:56 UTC,116.71,0.3244,0.0043,0.0,0.0006,0.06,13.87,MIN_PROFIT_TP_HIT,0.193
2006,TRUMP_USDT,SHORT,StochasticRSI(FAST_SCALP-SHORT),2,0.2,1.623,1.62,1.62,1.628,2026-07-18 18:02:59 UTC,2026-07-18 18:15:42 UTC,762.19,0.3246,0.0043,0.0,0.0006,0.06,13.86,MIN_PROFIT_TP_HIT,0.1936
2007,TRUMP_USDT,SHORT,StochasticRSI(FAST_SCALP-SHORT),2,0.2,1.622,1.627,1.619,1.627,2026-07-18 18:22:59 UTC,2026-07-18 18:24:55 UTC,115.64,0.3244,0.0043,0.0,-0.001,-0.09,-23.12,STOP_LOSS_HIT,0.1926
2008,TRUMP_USDT,LONG,StochasticRSI(FAST_SCALP-LONG),2,0.2,1.622,1.617,1.625,1.617,2026-07-18 18:35:59 UTC,2026-07-18 18:42:48 UTC,408.89,0.3244,0.0043,0.0,-0.001,-0.09,-23.12,STOP_LOSS_HIT,0.1916
2009,TRUMP_USDT,LONG,StochasticRSI(FAST_SCALP-LONG),2,0.2,1.622,1.625,1.625,1.617,2026-07-18 18:44:59 UTC,2026-07-18 18:55:58 UTC,658.1,0.3244,0.0043,0.0,0.0006,0.06,13.87,MIN_PROFIT_TP_HIT,0.1922
2010,TRUMP_USDT,SHORT,StochasticRSI(FAST_SCALP-SHORT),2,0.2,1.625,1.622,1.622,1.63,2026-07-18 18:59:59 UTC,2026-07-18 19:05:41 UTC,341.9,0.325,0.0043,0.0,0.0006,0.06,13.85,MIN_PROFIT_TP_HIT,0.1928
2011,TRUMP_USDT,LONG,StochasticRSI(FAST_SCALP-LONG),2,0.2,1.62,1.623,1.623,1.615,2026-07-18 19:10:59 UTC,2026-07-18 19:19:18 UTC,498.25,0.324,0.0043,0.0,0.0006,0.06,13.89,MIN_PROFIT_TP_HIT,0.1934
2012,TRUMP_USDT,SHORT,StochasticRSI(FAST_SCALP-SHORT),2,0.2,1.622,1.627,1.619,1.627,2026-07-18 19:22:59 UTC,2026-07-18 19:24:38 UTC,98.22,0.3244,0.0043,0.0,-0.001,-0.09,-23.12,STOP_LOSS_HIT,0.1924
2013,TRUMP_USDT,SHORT,StochasticRSI(FAST_SCALP-SHORT),2,0.2,1.621,1.618,1.618,1.626,2026-07-18 19:27:59 UTC,2026-07-18 19:55:03 UTC,1623.31,0.3242,0.0043,0.0,0.0006,0.06,13.88,MIN_PROFIT_TP_HIT,0.193
2014,TRUMP_USDT,LONG,StochasticRSI(FAST_SCALP-LONG),2,0.2,1.619,1.622,1.622,1.614,2026-07-18 19:58:59 UTC,2026-07-18 20:03:39 UTC,279.18,0.3238,0.0043,0.0,0.0006,0.06,13.9,MIN_PROFIT_TP_HIT,0.1936
2015,TRUMP_USDT,SHORT,StochasticRSI(FAST_SCALP-SHORT),2,0.2,1.622,1.619,1.619,1.627,2026-07-18 20:05:59 UTC,2026-07-18 20:06:11 UTC,11.84,0.3244,0.0043,0.0,0.0006,0.06,13.87,MIN_PROFIT_TP_HIT,0.1942
2016,TRUMP_USDT,LONG,StochasticRSI(FAST_SCALP-LONG),2,0.2,1.618,1.613,1.621,1.613,2026-07-18 20:14:59 UTC,2026-07-18 20:29:36 UTC,876.29,0.3236,0.0043,0.0,-0.001,-0.09,-23.18,STOP_LOSS_HIT,0.1932
2017,TRUMP_USDT,LONG,StochasticRSI(FAST_SCALP-LONG),2,0.2,1.614,1.609,1.617,1.609,2026-07-18 20:32:59 UTC,2026-07-18 20:39:17 UTC,377.16,0.3228,0.0043,0.0,-0.001,-0.09,-23.23,STOP_LOSS_HIT,0.1922
2018,TRUMP_USDT,SHORT,StochasticRSI(FAST_SCALP-SHORT),2,0.2,1.614,1.611,1.611,1.619,2026-07-18 20:49:59 UTC,2026-07-18 20:57:11 UTC,431.65,0.3228,0.0043,0.0,0.0006,0.06,13.94,MIN_PROFIT_TP_HIT,0.1928
2019,TRUMP_USDT,LONG,StochasticRSI(FAST_SCALP-LONG),2,0.2,1.614,1.617,1.617,1.609,2026-07-18 21:01:59 UTC,2026-07-18 21:03:39 UTC,99.55,0.3228,0.0043,0.0,0.0006,0.06,13.94,MIN_PROFIT_TP_HIT,0.1934
2020,TRUMP_USDT,SHORT,StochasticRSI(FAST_SCALP-SHORT),2,0.2,1.615,1.62,1.612,1.62,2026-07-18 21:06:59 UTC,2026-07-18 21:13:05 UTC,365.39,0.323,0.0043,0.0,-0.001,-0.09,-23.22,STOP_LOSS_HIT,0.1924
2021,TRUMP_USDT,SHORT,StochasticRSI(FAST_SCALP-SHORT),2,0.2,1.623,1.62,1.62,1.628,2026-07-18 21:21:59 UTC,2026-07-18 21:30:10 UTC,490.63,0.3246,0.0043,0.0,0.0006,0.06,13.86,MIN_PROFIT_TP_HIT,0.193
2022,TRUMP_USDT,LONG,StochasticRSI(FAST_SCALP-LONG),2,0.2,1.617,1.612,1.62,1.612,2026-07-18 21:36:59 UTC,2026-07-18 21:40:13 UTC,193.64,0.3234,0.0043,0.0,-0.001,-0.09,-23.19,STOP_LOSS_HIT,0.192
2023,TRUMP_USDT,LONG,StochasticRSI(FAST_SCALP-LONG),2,0.2,1.612,1.615,1.615,1.607,2026-07-18 21:44:59 UTC,2026-07-18 21:48:20 UTC,200.89,0.3224,0.0043,0.0,0.0006,0.06,13.96,MIN_PROFIT_TP_HIT,0.1926
2024,TRUMP_USDT,SHORT,StochasticRSI(FAST_SCALP-SHORT),2,0.2,1.617,1.622,1.614,1.622,2026-07-18 21:51:59 UTC,2026-07-18 22:04:13 UTC,733.29,0.3234,0.0043,0.0,-0.001,-0.09,-23.19,STOP_LOSS_HIT,0.1916
2025,TRUMP_USDT,LONG,StochasticRSI(FAST_SCALP-LONG),2,0.2,1.625,1.628,1.628,1.62,2026-07-18 22:12:59 UTC,2026-07-18 22:18:40 UTC,340.53,0.325,0.0043,0.0,0.0006,0.06,13.85,MIN_PROFIT_TP_HIT,0.1922
2026,TRUMP_USDT,SHORT,StochasticRSI(FAST_SCALP-SHORT),2,0.2,1.626,1.623,1.623,1.631,2026-07-18 22:20:59 UTC,2026-07-18 22:21:44 UTC,44.04,0.3252,0.0043,0.0,0.0006,0.06,13.84,MIN_PROFIT_TP_HIT,0.1928
2027,TRUMP_USDT,LONG,StochasticRSI(FAST_SCALP-LONG),2,0.2,1.62,1.623,1.623,1.615,2026-07-18 22:25:59 UTC,2026-07-18 22:28:15 UTC,135.92,0.324,0.0043,0.0,0.0006,0.06,13.89,MIN_PROFIT_TP_HIT,0.1934
2028,TRUMP_USDT,SHORT,StochasticRSI(FAST_SCALP-SHORT),2,0.2,1.621,1.618,1.618,1.626,2026-07-18 22:33:59 UTC,2026-07-18 23:07:04 UTC,1984.92,0.3242,0.0043,0.0,0.0006,0.06,13.88,MIN_PROFIT_TP_HIT,0.194
2029,TRUMP_USDT,LONG,StochasticRSI(FAST_SCALP-LONG),2,0.2,1.616,1.619,1.619,1.611,2026-07-18 23:15:59 UTC,2026-07-18 23:17:38 UTC,98.58,0.3232,0.0043,0.0,0.0006,0.06,13.92,MIN_PROFIT_TP_HIT,0.1946
2030,TRUMP_USDT,SHORT,StochasticRSI(FAST_SCALP-SHORT),2,0.2,1.621,1.618,1.618,1.626,2026-07-18 23:22:59 UTC,2026-07-18 23:27:42 UTC,282.67,0.3242,0.0043,0.0,0.0006,0.06,13.88,MIN_PROFIT_TP_HIT,0.1952
2031,TRUMP_USDT,SHORT,StochasticRSI(FAST_SCALP-SHORT),2,0.2,1.626,1.631,1.623,1.631,2026-07-18 23:39:59 UTC,2026-07-18 23:47:27 UTC,447.03,0.3252,0.0043,0.0,-0.001,-0.09,-23.06,STOP_LOSS_HIT,0.1942
2032,TRUMP_USDT,SHORT,StochasticRSI(FAST_SCALP-SHORT),2,0.2,1.626,1.623,1.623,1.631,2026-07-18 23:49:59 UTC,2026-07-18 23:51:31 UTC,91.4,0.3252,0.0043,0.0,0.0006,0.06,13.84,MIN_PROFIT_TP_HIT,0.1948
2033,TRUMP_USDT,LONG,StochasticRSI(FAST_SCALP-LONG),2,0.2,1.621,1.624,1.624,1.616,2026-07-18 23:54:59 UTC,2026-07-18 23:57:41 UTC,161.14,0.3242,0.0043,0.0,0.0006,0.06,13.88,MIN_PROFIT_TP_HIT,0.1954
2034,TRUMP_USDT,SHORT,StochasticRSI(FAST_SCALP-SHORT),2,0.2,1.624,1.621,1.621,1.629,2026-07-19 00:01:59 UTC,2026-07-19 00:03:01 UTC,61.05,0.3248,0.0043,0.0,0.0006,0.06,13.85,MIN_PROFIT_TP_HIT,0.196
2035,TRUMP_USDT,LONG,StochasticRSI(FAST_SCALP-LONG),2,0.2,1.619,1.622,1.622,1.614,2026-07-19 00:10:59 UTC,2026-07-19 00:24:06 UTC,786.59,0.3238,0.0043,0.0,0.0006,0.06,13.9,MIN_PROFIT_TP_HIT,0.1966
2036,TRUMP_USDT,SHORT,StochasticRSI(FAST_SCALP-SHORT),2,0.2,1.634,1.639,1.631,1.639,2026-07-19 00:28:59 UTC,2026-07-19 00:30:56 UTC,116.52,0.3268,0.0044,0.0,-0.001,-0.09,-22.95,STOP_LOSS_HIT,0.1956
2037,TRUMP_USDT,LONG,StochasticRSI(FAST_SCALP-LONG),2,0.2,1.638,1.633,1.641,1.633,2026-07-19 00:43:59 UTC,2026-07-19 00:45:04 UTC,64.2,0.3276,0.0044,0.0,-0.001,-0.09,-22.89,STOP_LOSS_HIT,0.1946
2038,TRUMP_USDT,LONG,StochasticRSI(FAST_SCALP-LONG),2,0.2,1.631,1.626,1.634,1.626,2026-07-19 00:49:59 UTC,2026-07-19 00:51:20 UTC,80.91,0.3262,0.0043,0.0,-0.001,-0.09,-22.99,STOP_LOSS_HIT,0.1936
2039,TRUMP_USDT,LONG,StochasticRSI(FAST_SCALP-LONG),2,0.2,1.628,1.623,1.631,1.623,2026-07-19 00:54:59 UTC,2026-07-19 01:00:06 UTC,306.8,0.3256,0.0043,0.0,-0.001,-0.09,-23.03,STOP_LOSS_HIT,0.1926
2040,TRUMP_USDT,LONG,StochasticRSI(FAST_SCALP-LONG),2,0.2,1.626,1.629,1.629,1.621,2026-07-19 01:06:59 UTC,2026-07-19 01:21:07 UTC,847.0,0.3252,0.0043,0.0,0.0006,0.06,13.84,MIN_PROFIT_TP_HIT,0.1932
2041,TRUMP_USDT,SHORT,StochasticRSI(FAST_SCALP-SHORT),2,0.2,1.627,1.632,1.624,1.632,2026-07-19 01:23:59 UTC,2026-07-19 01:28:45 UTC,285.88,0.3254,0.0043,0.0,-0.001,-0.09,-23.05,STOP_LOSS_HIT,0.1922
2042,TRUMP_USDT,SHORT,StochasticRSI(FAST_SCALP-SHORT),2,0.2,1.631,1.636,1.628,1.636,2026-07-19 01:30:59 UTC,2026-07-19 01:41:27 UTC,627.24,0.3262,0.0043,0.0,-0.001,-0.09,-22.99,STOP_LOSS_HIT,0.1912
2043,TRUMP_USDT,SHORT,StochasticRSI(FAST_SCALP-SHORT),2,0.2,1.664,1.661,1.661,1.669,2026-07-19 01:54:59 UTC,2026-07-19 01:55:40 UTC,40.4,0.3328,0.0044,0.0,0.0006,0.06,13.52,MIN_PROFIT_TP_HIT,0.1918
2044,TRUMP_USDT,LONG,StochasticRSI(FAST_SCALP-LONG),2,0.2,1.676,1.671,1.679,1.671,2026-07-19 02:00:59 UTC,2026-07-19 02:01:04 UTC,4.76,0.3352,0.0045,0.0,-0.001,-0.09,-22.37,STOP_LOSS_HIT,0.1908
2045,TRUMP_USDT,LONG,StochasticRSI(FAST_SCALP-LONG),2,0.2,1.663,1.658,1.666,1.658,2026-07-19 02:07:59 UTC,2026-07-19 02:09:22 UTC,82.55,0.3326,0.0044,0.0,-0.001,-0.09,-22.55,STOP_LOSS_HIT,0.1898
2046,TRUMP_USDT,LONG,StochasticRSI(FAST_SCALP-LONG),2,0.2,1.658,1.653,1.661,1.653,2026-07-19 02:13:59 UTC,2026-07-19 02:14:35 UTC,35.72,0.3316,0.0044,0.0,-0.001,-0.09,-22.62,STOP_LOSS_HIT,0.1888
2047,TRUMP_USDT,LONG,StochasticRSI(FAST_SCALP-LONG),2,0.2,1.653,1.656,1.656,1.648,2026-07-19 02:20:59 UTC,2026-07-19 02:21:52 UTC,52.02,0.3306,0.0044,0.0,0.0006,0.06,13.61,MIN_PROFIT_TP_HIT,0.1894
2048,TRUMP_USDT,SHORT,StochasticRSI(FAST_SCALP-SHORT),2,0.2,1.649,1.646,1.646,1.654,2026-07-19 02:25:59 UTC,2026-07-19 02:26:03 UTC,3.05,0.3298,0.0044,0.0,0.0006,0.06,13.64,MIN_PROFIT_TP_HIT,0.19
2049,TRUMP_USDT,LONG,StochasticRSI(FAST_SCALP-LONG),2,0.2,1.647,1.642,1.65,1.642,2026-07-19 02:40:59 UTC,2026-07-19 02:41:34 UTC,34.97,0.3294,0.0044,0.0,-0.001,-0.09,-22.77,STOP_LOSS_HIT,0.189
2050,TRUMP_USDT,LONG,StochasticRSI(FAST_SCALP-LONG),2,0.2,1.643,1.646,1.646,1.638,2026-07-19 02:45:59 UTC,2026-07-19 02:49:09 UTC,189.9,0.3286,0.0044,0.0,0.0006,0.06,13.69,MIN_PROFIT_TP_HIT,0.1896
2051,TRUMP_USDT,SHORT,StochasticRSI(FAST_SCALP-SHORT),2,0.2,1.65,1.647,1.647,1.655,2026-07-19 02:57:59 UTC,2026-07-19 03:05:45 UTC,465.34,0.33,0.0044,0.0,0.0006,0.06,13.64,MIN_PROFIT_TP_HIT,0.1902
2052,TRUMP_USDT,LONG,StochasticRSI(FAST_SCALP-LONG),2,0.2,1.644,1.647,1.647,1.639,2026-07-19 03:09:59 UTC,2026-07-19 03:11:46 UTC,106.27,0.3288,0.0044,0.0,0.0006,0.06,13.69,MIN_PROFIT_TP_HIT,0.1908
2053,TRUMP_USDT,SHORT,StochasticRSI(FAST_SCALP-SHORT),2,0.2,1.645,1.642,1.642,1.65,2026-07-19 03:17:59 UTC,2026-07-19 03:29:27 UTC,687.38,0.329,0.0044,0.0,0.0006,0.06,13.68,MIN_PROFIT_TP_HIT,0.1914
2054,TRUMP_USDT,SHORT,StochasticRSI(FAST_SCALP-SHORT),2,0.2,1.651,1.648,1.648,1.656,2026-07-19 03:37:59 UTC,2026-07-19 03:39:36 UTC,96.98,0.3302,0.0044,0.0,0.0006,0.06,13.63,MIN_PROFIT_TP_HIT,0.192
2055,TRUMP_USDT,LONG,StochasticRSI(FAST_SCALP-LONG),2,0.2,1.653,1.656,1.656,1.648,2026-07-19 03:43:59 UTC,2026-07-19 03:46:05 UTC,125.23,0.3306,0.0044,0.0,0.0006,0.06,13.61,MIN_PROFIT_TP_HIT,0.1926
2056,TRUMP_USDT,SHORT,StochasticRSI(FAST_SCALP-SHORT),2,0.2,1.663,1.66,1.66,1.668,2026-07-19 03:53:59 UTC,2026-07-19 03:58:11 UTC,251.54,0.3326,0.0044,0.0,0.0006,0.06,13.53,MIN_PROFIT_TP_HIT,0.1932
2057,TRUMP_USDT,LONG,StochasticRSI(FAST_SCALP-LONG),2,0.2,1.659,1.654,1.662,1.654,2026-07-19 04:00:59 UTC,2026-07-19 04:04:17 UTC,197.41,0.3318,0.0044,0.0,-0.001,-0.09,-22.6,STOP_LOSS_HIT,0.1922
2058,TRUMP_USDT,LONG,StochasticRSI(FAST_SCALP-LONG),2,0.2,1.657,1.66,1.66,1.652,2026-07-19 04:08:59 UTC,2026-07-19 04:10:54 UTC,114.67,0.3314,0.0044,0.0,0.0006,0.06,13.58,MIN_PROFIT_TP_HIT,0.1928
2059,TRUMP_USDT,SHORT,StochasticRSI(FAST_SCALP-SHORT),2,0.2,1.658,1.655,1.655,1.663,2026-07-19 04:13:59 UTC,2026-07-19 04:15:44 UTC,104.42,0.3316,0.0044,0.0,0.0006,0.06,13.57,MIN_PROFIT_TP_HIT,0.1934
2060,TRUMP_USDT,SHORT,StochasticRSI(FAST_SCALP-SHORT),2,0.2,1.66,1.665,1.657,1.665,2026-07-19 04:21:59 UTC,2026-07-19 04:23:58 UTC,118.89,0.332,0.0044,0.0,-0.001,-0.09,-22.59,STOP_LOSS_HIT,0.1924
2061,TRUMP_USDT,LONG,StochasticRSI(FAST_SCALP-LONG),2,0.2,1.661,1.656,1.664,1.656,2026-07-19 04:31:59 UTC,2026-07-19 04:37:43 UTC,343.04,0.3322,0.0044,0.0,-0.001,-0.09,-22.58,STOP_LOSS_HIT,0.1914
2062,TRUMP_USDT,SHORT,StochasticRSI(FAST_SCALP-SHORT),2,0.2,1.656,1.653,1.653,1.661,2026-07-19 04:38:59 UTC,2026-07-19 04:47:48 UTC,528.04,0.3312,0.0044,0.0,0.0006,0.06,13.59,MIN_PROFIT_TP_HIT,0.192
2063,TRUMP_USDT,LONG,StochasticRSI(FAST_SCALP-LONG),2,0.2,1.653,1.656,1.656,1.648,2026-07-19 04:51:59 UTC,2026-07-19 04:54:19 UTC,139.89,0.3306,0.0044,0.0,0.0006,0.06,13.61,MIN_PROFIT_TP_HIT,0.1926
2064,TRUMP_USDT,SHORT,StochasticRSI(FAST_SCALP-SHORT),2,0.2,1.653,1.658,1.65,1.658,2026-07-19 04:58:59 UTC,2026-07-19 05:02:01 UTC,181.79,0.3306,0.0044,0.0,-0.001,-0.09,-22.69,STOP_LOSS_HIT,0.1916
2065,TRUMP_USDT,SHORT,StochasticRSI(FAST_SCALP-SHORT),2,0.2,1.657,1.654,1.654,1.662,2026-07-19 05:07:59 UTC,2026-07-19 05:10:22 UTC,142.74,0.3314,0.0044,0.0,0.0006,0.06,13.58,MIN_PROFIT_TP_HIT,0.1922
2066,TRUMP_USDT,LONG,StochasticRSI(FAST_SCALP-LONG),2,0.2,1.655,1.65,1.658,1.65,2026-07-19 05:12:59 UTC,2026-07-19 05:21:50 UTC,530.94,0.331,0.0044,0.0,-0.001,-0.09,-22.66,STOP_LOSS_HIT,0.1912
2067,TRUMP_USDT,LONG,StochasticRSI(FAST_SCALP-LONG),2,0.2,1.651,1.646,1.654,1.646,2026-07-19 05:24:59 UTC,2026-07-19 05:27:49 UTC,169.24,0.3302,0.0044,0.0,-0.001,-0.09,-22.71,STOP_LOSS_HIT,0.1902
2068,TRUMP_USDT,LONG,StochasticRSI(FAST_SCALP-LONG),2,0.2,1.644,1.639,1.647,1.639,2026-07-19 05:36:59 UTC,2026-07-19 05:38:24 UTC,84.97,0.3288,0.0044,0.0,-0.001,-0.09,-22.81,STOP_LOSS_HIT,0.1892
2069,TRUMP_USDT,LONG,StochasticRSI(FAST_SCALP-LONG),2,0.2,1.633,1.636,1.636,1.628,2026-07-19 05:41:59 UTC,2026-07-19 05:47:53 UTC,353.86,0.3266,0.0044,0.0,0.0006,0.06,13.78,MIN_PROFIT_TP_HIT,0.1898
2070,TRUMP_USDT,SHORT,StochasticRSI(FAST_SCALP-SHORT),2,0.2,1.636,1.633,1.633,1.641,2026-07-19 05:50:59 UTC,2026-07-19 05:53:15 UTC,135.03,0.3272,0.0044,0.0,0.0006,0.06,13.75,MIN_PROFIT_TP_HIT,0.1904
2071,TRUMP_USDT,SHORT,StochasticRSI(FAST_SCALP-SHORT),2,0.2,1.633,1.63,1.63,1.638,2026-07-19 05:54:59 UTC,2026-07-19 06:12:34 UTC,1054.16,0.3266,0.0044,0.0,0.0006,0.06,13.78,MIN_PROFIT_TP_HIT,0.191
2072,TRUMP_USDT,SHORT,StochasticRSI(FAST_SCALP-SHORT),2,0.2,1.639,1.636,1.636,1.644,2026-07-19 06:15:59 UTC,2026-07-19 06:32:08 UTC,968.01,0.3278,0.0044,0.0,0.0006,0.06,13.73,MIN_PROFIT_TP_HIT,0.1916
2073,TRUMP_USDT,LONG,StochasticRSI(FAST_SCALP-LONG),2,0.2,1.631,1.634,1.634,1.626,2026-07-19 06:36:59 UTC,2026-07-19 06:41:29 UTC,269.35,0.3262,0.0043,0.0,0.0006,0.06,13.8,MIN_PROFIT_TP_HIT,0.1922
2074,TRUMP_USDT,SHORT,StochasticRSI(FAST_SCALP-SHORT),2,0.2,1.639,1.636,1.636,1.644,2026-07-19 06:49:59 UTC,2026-07-19 06:57:48 UTC,468.01,0.3278,0.0044,0.0,0.0006,0.06,13.73,MIN_PROFIT_TP_HIT,0.1928
2075,TRUMP_USDT,LONG,StochasticRSI(FAST_SCALP-LONG),2,0.2,1.638,1.641,1.641,1.633,2026-07-19 07:01:59 UTC,2026-07-19 07:31:49 UTC,1789.28,0.3276,0.0044,0.0,0.0006,0.06,13.74,MIN_PROFIT_TP_HIT,0.1934
2076,TRUMP_USDT,SHORT,StochasticRSI(FAST_SCALP-SHORT),2,0.2,1.638,1.635,1.635,1.643,2026-07-19 07:35:59 UTC,2026-07-19 07:54:50 UTC,1130.31,0.3276,0.0044,0.0,0.0006,0.06,13.74,MIN_PROFIT_TP_HIT,0.194
2077,TRUMP_USDT,SHORT,StochasticRSI(FAST_SCALP-SHORT),2,0.2,1.634,1.631,1.631,1.639,2026-07-19 07:55:59 UTC,2026-07-19 07:57:59 UTC,119.1,0.3268,0.0044,0.0,0.0006,0.06,13.77,MIN_PROFIT_TP_HIT,0.1946
2078,TRUMP_USDT,LONG,StochasticRSI(FAST_SCALP-LONG),2,0.2,1.635,1.63,1.638,1.63,2026-07-19 08:00:59 UTC,2026-07-19 08:26:50 UTC,1550.64,0.327,0.0044,0.0,-0.001,-0.09,-22.94,STOP_LOSS_HIT,0.1936
2079,TRUMP_USDT,LONG,StochasticRSI(FAST_SCALP-LONG),2,0.2,1.631,1.634,1.634,1.626,2026-07-19 08:32:59 UTC,2026-07-19 08:41:23 UTC,503.88,0.3262,0.0043,0.0,0.0006,0.06,13.8,MIN_PROFIT_TP_HIT,0.1942
2080,TRUMP_USDT,SHORT,StochasticRSI(FAST_SCALP-SHORT),2,0.2,1.632,1.637,1.629,1.637,2026-07-19 08:43:59 UTC,2026-07-19 08:54:17 UTC,617.55,0.3264,0.0044,0.0,-0.001,-0.09,-22.98,STOP_LOSS_HIT,0.1932
2081,TRUMP_USDT,SHORT,StochasticRSI(FAST_SCALP-SHORT),2,0.2,1.637,1.634,1.634,1.642,2026-07-19 08:56:59 UTC,2026-07-19 08:58:28 UTC,88.83,0.3274,0.0044,0.0,0.0006,0.06,13.74,MIN_PROFIT_TP_HIT,0.1938
2082,TRUMP_USDT,LONG,StochasticRSI(FAST_SCALP-LONG),2,0.2,1.632,1.627,1.635,1.627,2026-07-19 09:01:59 UTC,2026-07-19 09:11:53 UTC,593.41,0.3264,0.0044,0.0,-0.001,-0.09,-22.98,STOP_LOSS_HIT,0.1928
2083,TRUMP_USDT,LONG,StochasticRSI(FAST_SCALP-LONG),2,0.2,1.624,1.627,1.627,1.619,2026-07-19 09:13:59 UTC,2026-07-19 09:14:48 UTC,48.23,0.3248,0.0043,0.0,0.0006,0.06,13.85,MIN_PROFIT_TP_HIT,0.1934
2084,TRUMP_USDT,LONG,StochasticRSI(FAST_SCALP-LONG),2,0.2,1.622,1.625,1.625,1.617,2026-07-19 09:17:59 UTC,2026-07-19 09:22:35 UTC,275.15,0.3244,0.0043,0.0,0.0006,0.06,13.87,MIN_PROFIT_TP_HIT,0.194
2085,TRUMP_USDT,SHORT,StochasticRSI(FAST_SCALP-SHORT),2,0.2,1.625,1.622,1.622,1.63,2026-07-19 09:25:59 UTC,2026-07-19 09:43:36 UTC,1056.16,0.325,0.0043,0.0,0.0006,0.06,13.85,MIN_PROFIT_TP_HIT,0.1946
2086,TRUMP_USDT,LONG,StochasticRSI(FAST_SCALP-LONG),2,0.2,1.624,1.627,1.627,1.619,2026-07-19 09:44:59 UTC,2026-07-19 09:52:21 UTC,441.67,0.3248,0.0043,0.0,0.0006,0.06,13.85,MIN_PROFIT_TP_HIT,0.1952
2087,TRUMP_USDT,SHORT,StochasticRSI(FAST_SCALP-SHORT),2,0.2,1.625,1.63,1.622,1.63,2026-07-19 10:01:59 UTC,2026-07-19 10:06:07 UTC,247.02,0.325,0.0043,0.0,-0.001,-0.09,-23.08,STOP_LOSS_HIT,0.1942
2088,TRUMP_USDT,SHORT,StochasticRSI(FAST_SCALP-SHORT),2,0.2,1.627,1.624,1.624,1.632,2026-07-19 10:11:59 UTC,2026-07-19 10:24:35 UTC,755.29,0.3254,0.0043,0.0,0.0006,0.06,13.83,MIN_PROFIT_TP_HIT,0.1948
2089,TRUMP_USDT,SHORT,StochasticRSI(FAST_SCALP-SHORT),2,0.2,1.627,1.632,1.624,1.632,2026-07-19 10:31:59 UTC,2026-07-19 10:40:48 UTC,528.86,0.3254,0.0043,0.0,-0.001,-0.09,-23.05,STOP_LOSS_HIT,0.1938
2090,TRUMP_USDT,SHORT,StochasticRSI(FAST_SCALP-SHORT),2,0.2,1.636,1.641,1.633,1.641,2026-07-19 10:44:59 UTC,2026-07-19 10:56:38 UTC,698.65,0.3272,0.0044,0.0,-0.001,-0.09,-22.92,STOP_LOSS_HIT,0.1928
2091,TRUMP_USDT,SHORT,StochasticRSI(FAST_SCALP-SHORT),2,0.2,1.641,1.638,1.638,1.646,2026-07-19 10:59:59 UTC,2026-07-19 11:02:21 UTC,141.58,0.3282,0.0044,0.0,0.0006,0.06,13.71,MIN_PROFIT_TP_HIT,0.1934
2092,TRUMP_USDT,LONG,StochasticRSI(FAST_SCALP-LONG),2,0.2,1.64,1.635,1.643,1.635,2026-07-19 11:06:59 UTC,2026-07-19 11:22:38 UTC,938.23,0.328,0.0044,0.0,-0.001,-0.09,-22.87,STOP_LOSS_HIT,0.1924
2093,TRUMP_USDT,SHORT,StochasticRSI(FAST_SCALP-SHORT),2,0.2,1.637,1.642,1.634,1.642,2026-07-19 11:23:59 UTC,2026-07-19 11:35:05 UTC,665.75,0.3274,0.0044,0.0,-0.001,-0.09,-22.91,STOP_LOSS_HIT,0.1914
2094,TRUMP_USDT,SHORT,StochasticRSI(FAST_SCALP-SHORT),2,0.2,1.647,1.644,1.644,1.652,2026-07-19 11:39:59 UTC,2026-07-19 11:40:48 UTC,48.39,0.3294,0.0044,0.0,0.0006,0.06,13.66,MIN_PROFIT_TP_HIT,0.192
2095,TRUMP_USDT,LONG,StochasticRSI(FAST_SCALP-LONG),2,0.2,1.64,1.635,1.643,1.635,2026-07-19 11:49:59 UTC,2026-07-19 12:01:47 UTC,707.99,0.328,0.0044,0.0,-0.001,-0.09,-22.87,STOP_LOSS_HIT,0.191
2096,TRUMP_USDT,SHORT,StochasticRSI(FAST_SCALP-SHORT),2,0.2,1.634,1.631,1.631,1.639,2026-07-19 12:02:59 UTC,2026-07-19 12:29:41 UTC,1601.74,0.3268,0.0044,0.0,0.0006,0.06,13.77,MIN_PROFIT_TP_HIT,0.1916
2097,TRUMP_USDT,SHORT,StochasticRSI(FAST_SCALP-SHORT),2,0.2,1.636,1.633,1.633,1.641,2026-07-19 12:38:59 UTC,2026-07-19 12:45:14 UTC,374.19,0.3272,0.0044,0.0,0.0006,0.06,13.75,MIN_PROFIT_TP_HIT,0.1922
2098,TRUMP_USDT,LONG,StochasticRSI(FAST_SCALP-LONG),2,0.2,1.632,1.627,1.635,1.627,2026-07-19 12:51:59 UTC,2026-07-19 13:16:40 UTC,1480.98,0.3264,0.0044,0.0,-0.001,-0.09,-22.98,STOP_LOSS_HIT,0.1912
2099,TRUMP_USDT,LONG,StochasticRSI(FAST_SCALP-LONG),2,0.2,1.623,1.626,1.626,1.618,2026-07-19 13:21:59 UTC,2026-07-19 13:25:13 UTC,193.02,0.3246,0.0043,0.0,0.0006,0.06,13.86,MIN_PROFIT_TP_HIT,0.1918
2100,TRUMP_USDT,SHORT,StochasticRSI(FAST_SCALP-SHORT),2,0.2,1.63,1.627,1.627,1.635,2026-07-19 13:34:59 UTC,2026-07-19 13:37:31 UTC,151.06,0.326,0.0043,0.0,0.0006,0.06,13.8,MIN_PROFIT_TP_HIT,0.1924
2101,TRUMP_USDT,LONG,StochasticRSI(FAST_SCALP-LONG),2,0.2,1.628,1.631,1.631,1.623,2026-07-19 13:40:59 UTC,2026-07-19 13:42:17 UTC,77.74,0.3256,0.0043,0.0,0.0006,0.06,13.82,MIN_PROFIT_TP_HIT,0.193
2102,TRUMP_USDT,SHORT,StochasticRSI(FAST_SCALP-SHORT),2,0.2,1.628,1.633,1.625,1.633,2026-07-19 13:46:59 UTC,2026-07-19 13:56:40 UTC,580.96,0.3256,0.0043,0.0,-0.001,-0.09,-23.03,STOP_LOSS_HIT,0.192
2103,TRUMP_USDT,SHORT,StochasticRSI(FAST_SCALP-SHORT),2,0.2,1.632,1.637,1.629,1.637,2026-07-19 14:01:59 UTC,2026-07-19 14:04:12 UTC,132.34,0.3264,0.0044,0.0,-0.001,-0.09,-22.98,STOP_LOSS_HIT,0.191
2104,TRUMP_USDT,SHORT,StochasticRSI(FAST_SCALP-SHORT),2,0.2,1.638,1.643,1.635,1.643,2026-07-19 14:06:59 UTC,2026-07-19 14:16:16 UTC,556.61,0.3276,0.0044,0.0,-0.001,-0.09,-22.89,STOP_LOSS_HIT,0.19
2105,TRUMP_USDT,LONG,StochasticRSI(FAST_SCALP-LONG),2,0.2,1.637,1.632,1.64,1.632,2026-07-19 14:17:59 UTC,2026-07-19 14:23:09 UTC,309.07,0.3274,0.0044,0.0,-0.001,-0.09,-22.91,STOP_LOSS_HIT,0.189
2106,TRUMP_USDT,LONG,StochasticRSI(FAST_SCALP-LONG),2,0.2,1.631,1.634,1.634,1.626,2026-07-19 14:27:59 UTC,2026-07-19 14:50:35 UTC,1355.18,0.3262,0.0043,0.0,0.0006,0.06,13.8,MIN_PROFIT_TP_HIT,0.1896
2107,TRUMP_USDT,SHORT,StochasticRSI(FAST_SCALP-SHORT),2,0.2,1.629,1.634,1.626,1.634,2026-07-19 14:52:59 UTC,2026-07-19 15:27:37 UTC,2077.27,0.3258,0.0043,0.0,-0.001,-0.09,-23.02,STOP_LOSS_HIT,0.1886
2108,TRUMP_USDT,SHORT,StochasticRSI(FAST_SCALP-SHORT),2,0.2,1.627,1.624,1.624,1.632,2026-07-19 15:30:59 UTC,2026-07-19 15:52:12 UTC,1272.97,0.3254,0.0043,0.0,0.0006,0.06,13.83,MIN_PROFIT_TP_HIT,0.1892
2109,TRUMP_USDT,LONG,StochasticRSI(FAST_SCALP-LONG),2,0.2,1.626,1.629,1.629,1.621,2026-07-19 15:55:59 UTC,2026-07-19 16:03:10 UTC,430.92,0.3252,0.0043,0.0,0.0006,0.06,13.84,MIN_PROFIT_TP_HIT,0.1898
2110,TRUMP_USDT,SHORT,StochasticRSI(FAST_SCALP-SHORT),2,0.2,1.626,1.631,1.623,1.631,2026-07-19 16:06:59 UTC,2026-07-19 16:13:48 UTC,408.03,0.3252,0.0043,0.0,-0.001,-0.09,-23.06,STOP_LOSS_HIT,0.1888
2111,TRUMP_USDT,SHORT,StochasticRSI(FAST_SCALP-SHORT),2,0.2,1.637,1.642,1.634,1.642,2026-07-19 16:19:59 UTC,2026-07-19 16:22:45 UTC,165.2,0.3274,0.0044,0.0,-0.001,-0.09,-22.91,STOP_LOSS_HIT,0.1878
2112,TRUMP_USDT,SHORT,StochasticRSI(FAST_SCALP-SHORT),2,0.2,1.645,1.642,1.642,1.65,2026-07-19 16:25:59 UTC,2026-07-19 16:27:17 UTC,77.74,0.329,0.0044,0.0,0.0006,0.06,13.68,MIN_PROFIT_TP_HIT,0.1884
2113,TRUMP_USDT,LONG,StochasticRSI(FAST_SCALP-LONG),2,0.2,1.641,1.636,1.644,1.636,2026-07-19 16:33:59 UTC,2026-07-19 16:36:36 UTC,156.8,0.3282,0.0044,0.0,-0.001,-0.09,-22.85,STOP_LOSS_HIT,0.1874
2114,TRUMP_USDT,LONG,StochasticRSI(FAST_SCALP-LONG),2,0.2,1.634,1.637,1.637,1.629,2026-07-19 16:39:59 UTC,2026-07-19 16:42:15 UTC,135.27,0.3268,0.0044,0.0,0.0006,0.06,13.77,MIN_PROFIT_TP_HIT,0.188
2115,TRUMP_USDT,SHORT,StochasticRSI(FAST_SCALP-SHORT),2,0.2,1.637,1.642,1.634,1.642,2026-07-19 16:46:59 UTC,2026-07-19 16:53:17 UTC,377.09,0.3274,0.0044,0.0,-0.001,-0.09,-22.91,STOP_LOSS_HIT,0.187
2116,TRUMP_USDT,SHORT,StochasticRSI(FAST_SCALP-SHORT),2,0.2,1.634,1.631,1.631,1.639,2026-07-19 16:55:59 UTC,2026-07-19 17:01:16 UTC,316.4,0.3268,0.0044,0.0,0.0006,0.06,13.77,MIN_PROFIT_TP_HIT,0.1876
2117,TRUMP_USDT,SHORT,StochasticRSI(FAST_SCALP-SHORT),2,0.2,1.636,1.633,1.633,1.641,2026-07-19 17:12:59 UTC,2026-07-19 17:17:04 UTC,244.3,0.3272,0.0044,0.0,0.0006,0.06,13.75,MIN_PROFIT_TP_HIT,0.1882
2118,TRUMP_USDT,LONG,StochasticRSI(FAST_SCALP-LONG),2,0.2,1.632,1.627,1.635,1.627,2026-07-19 17:20:59 UTC,2026-07-19 17:43:48 UTC,1368.06,0.3264,0.0044,0.0,-0.001,-0.09,-22.98,STOP_LOSS_HIT,0.1872
2119,TRUMP_USDT,LONG,StochasticRSI(FAST_SCALP-LONG),2,0.2,1.628,1.623,1.631,1.623,2026-07-19 17:47:59 UTC,2026-07-19 18:03:16 UTC,916.75,0.3256,0.0043,0.0,-0.001,-0.09,-23.03,STOP_LOSS_HIT,0.1862
2120,TRUMP_USDT,LONG,StochasticRSI(FAST_SCALP-LONG),2,0.2,1.619,1.614,1.622,1.614,2026-07-19 18:07:59 UTC,2026-07-19 18:08:06 UTC,6.8,0.3238,0.0043,0.0,-0.001,-0.09,-23.16,STOP_LOSS_HIT,0.1852
2121,TRUMP_USDT,LONG,StochasticRSI(FAST_SCALP-LONG),2,0.2,1.62,1.623,1.623,1.615,2026-07-19 18:11:59 UTC,2026-07-19 18:13:32 UTC,92.07,0.324,0.0043,0.0,0.0006,0.06,13.89,MIN_PROFIT_TP_HIT,0.1858
2122,TRUMP_USDT,SHORT,StochasticRSI(FAST_SCALP-SHORT),2,0.2,1.628,1.625,1.625,1.633,2026-07-19 18:21:59 UTC,2026-07-19 18:25:02 UTC,182.31,0.3256,0.0043,0.0,0.0006,0.06,13.82,MIN_PROFIT_TP_HIT,0.1864
2123,TRUMP_USDT,LONG,StochasticRSI(FAST_SCALP-LONG),2,0.2,1.623,1.626,1.626,1.618,2026-07-19 18:31:59 UTC,2026-07-19 18:33:04 UTC,64.05,0.3246,0.0043,0.0,0.0006,0.06,13.86,MIN_PROFIT_TP_HIT,0.187
2124,TRUMP_USDT,SHORT,StochasticRSI(FAST_SCALP-SHORT),2,0.2,1.624,1.621,1.621,1.629,2026-07-19 18:36:59 UTC,2026-07-19 18:45:06 UTC,486.74,0.3248,0.0043,0.0,0.0006,0.06,13.85,MIN_PROFIT_TP_HIT,0.1876
2125,TRUMP_USDT,LONG,StochasticRSI(FAST_SCALP-LONG),2,0.2,1.623,1.626,1.626,1.618,2026-07-19 18:48:59 UTC,2026-07-19 18:49:57 UTC,57.48,0.3246,0.0043,0.0,0.0006,0.06,13.86,MIN_PROFIT_TP_HIT,0.1882
2126,TRUMP_USDT,SHORT,StochasticRSI(FAST_SCALP-SHORT),2,0.2,1.625,1.622,1.622,1.63,2026-07-19 18:52:59 UTC,2026-07-19 18:54:01 UTC,61.79,0.325,0.0043,0.0,0.0006,0.06,13.85,MIN_PROFIT_TP_HIT,0.1888
2127,TRUMP_USDT,LONG,StochasticRSI(FAST_SCALP-LONG),2,0.2,1.619,1.614,1.622,1.614,2026-07-19 19:01:59 UTC,2026-07-19 19:05:32 UTC,212.33,0.3238,0.0043,0.0,-0.001,-0.09,-23.16,STOP_LOSS_HIT,0.1878
2128,TRUMP_USDT,LONG,StochasticRSI(FAST_SCALP-LONG),2,0.2,1.619,1.622,1.622,1.614,2026-07-19 19:08:59 UTC,2026-07-19 19:16:39 UTC,459.65,0.3238,0.0043,0.0,0.0006,0.06,13.9,MIN_PROFIT_TP_HIT,0.1884
2129,TRUMP_USDT,SHORT,StochasticRSI(FAST_SCALP-SHORT),2,0.2,1.619,1.624,1.616,1.624,2026-07-19 19:18:59 UTC,2026-07-19 19:22:25 UTC,205.38,0.3238,0.0043,0.0,-0.001,-0.09,-23.16,STOP_LOSS_HIT,0.1874
2130,TRUMP_USDT,SHORT,StochasticRSI(FAST_SCALP-SHORT),2,0.2,1.621,1.626,1.618,1.626,2026-07-19 19:26:59 UTC,2026-07-19 19:35:55 UTC,535.46,0.3242,0.0043,0.0,-0.001,-0.09,-23.13,STOP_LOSS_HIT,0.1864
2131,TRUMP_USDT,LONG,StochasticRSI(FAST_SCALP-LONG),2,0.2,1.624,1.627,1.627,1.619,2026-07-19 19:44:59 UTC,2026-07-19 20:14:59 UTC,1799.81,0.3248,0.0043,0.0,0.0006,0.06,13.85,MIN_PROFIT_TP_HIT,0.187
2132,TRUMP_USDT,SHORT,StochasticRSI(FAST_SCALP-SHORT),2,0.2,1.626,1.623,1.623,1.631,2026-07-19 20:15:59 UTC,2026-07-19 20:22:44 UTC,404.1,0.3252,0.0043,0.0,0.0006,0.06,13.84,MIN_PROFIT_TP_HIT,0.1876
2133,TRUMP_USDT,LONG,StochasticRSI(FAST_SCALP-LONG),2,0.2,1.624,1.627,1.627,1.619,2026-07-19 20:26:59 UTC,2026-07-19 20:35:03 UTC,483.37,0.3248,0.0043,0.0,0.0006,0.06,13.85,MIN_PROFIT_TP_HIT,0.1882
2134,TRUMP_USDT,SHORT,StochasticRSI(FAST_SCALP-SHORT),2,0.2,1.625,1.622,1.622,1.63,2026-07-19 20:39:59 UTC,2026-07-19 21:13:04 UTC,1984.63,0.325,0.0043,0.0,0.0006,0.06,13.85,MIN_PROFIT_TP_HIT,0.1888
2135,TRUMP_USDT,LONG,StochasticRSI(FAST_SCALP-LONG),2,0.2,1.622,1.617,1.625,1.617,2026-07-19 21:19:59 UTC,2026-07-19 21:25:23 UTC,323.49,0.3244,0.0043,0.0,-0.001,-0.09,-23.12,STOP_LOSS_HIT,0.1878
2136,TRUMP_USDT,LONG,StochasticRSI(FAST_SCALP-LONG),2,0.2,1.618,1.613,1.621,1.613,2026-07-19 21:28:59 UTC,2026-07-19 21:32:48 UTC,228.87,0.3236,0.0043,0.0,-0.001,-0.09,-23.18,STOP_LOSS_HIT,0.1868
2137,TRUMP_USDT,LONG,StochasticRSI(FAST_SCALP-LONG),2,0.2,1.571,1.566,1.574,1.566,2026-07-19 21:37:59 UTC,2026-07-19 21:41:12 UTC,192.12,0.3142,0.0042,0.0,-0.001,-0.09,-23.87,STOP_LOSS_HIT,0.1858
2138,TRUMP_USDT,SHORT,StochasticRSI(FAST_SCALP-SHORT),2,0.2,1.569,1.574,1.566,1.574,2026-07-19 21:42:59 UTC,2026-07-19 21:45:25 UTC,145.67,0.3138,0.0042,0.0,-0.001,-0.09,-23.9,STOP_LOSS_HIT,0.1848
2139,TRUMP_USDT,SHORT,StochasticRSI(FAST_SCALP-SHORT),2,0.2,1.571,1.568,1.568,1.576,2026-07-19 21:46:59 UTC,2026-07-19 21:47:03 UTC,3.87,0.3142,0.0042,0.0,0.0006,0.06,14.32,MIN_PROFIT_TP_HIT,0.1854
2140,TRUMP_USDT,LONG,StochasticRSI(FAST_SCALP-LONG),2,0.2,1.56,1.555,1.563,1.555,2026-07-19 21:55:59 UTC,2026-07-19 21:56:10 UTC,10.8,0.312,0.0042,0.0,-0.001,-0.09,-24.04,STOP_LOSS_HIT,0.1844
2141,TRUMP_USDT,LONG,StochasticRSI(FAST_SCALP-LONG),2,0.2,1.558,1.561,1.561,1.553,2026-07-19 22:00:59 UTC,2026-07-19 22:01:37 UTC,37.96,0.3116,0.0042,0.0,0.0006,0.06,14.44,MIN_PROFIT_TP_HIT,0.185
2142,TRUMP_USDT,LONG,StochasticRSI(FAST_SCALP-LONG),2,0.2,1.559,1.562,1.562,1.554,2026-07-19 22:09:59 UTC,2026-07-19 22:10:24 UTC,24.03,0.3118,0.0042,0.0,0.0006,0.06,14.43,MIN_PROFIT_TP_HIT,0.1856
2143,TRUMP_USDT,SHORT,StochasticRSI(FAST_SCALP-SHORT),2,0.2,1.563,1.568,1.56,1.568,2026-07-19 22:13:59 UTC,2026-07-19 22:17:32 UTC,212.33,0.3126,0.0042,0.0,-0.001,-0.09,-23.99,STOP_LOSS_HIT,0.1846
2144,TRUMP_USDT,SHORT,StochasticRSI(FAST_SCALP-SHORT),2,0.2,1.568,1.565,1.565,1.573,2026-07-19 22:23:59 UTC,2026-07-19 22:28:00 UTC,240.75,0.3136,0.0042,0.0,0.0006,0.06,14.35,MIN_PROFIT_TP_HIT,0.1852
2145,TRUMP_USDT,LONG,StochasticRSI(FAST_SCALP-LONG),2,0.2,1.569,1.572,1.572,1.564,2026-07-19 22:31:59 UTC,2026-07-19 22:33:05 UTC,65.33,0.3138,0.0042,0.0,0.0006,0.06,14.34,MIN_PROFIT_TP_HIT,0.1858
2146,TRUMP_USDT,SHORT,StochasticRSI(FAST_SCALP-SHORT),2,0.2,1.57,1.567,1.567,1.575,2026-07-19 22:35:59 UTC,2026-07-19 22:37:36 UTC,96.4,0.314,0.0042,0.0,0.0006,0.06,14.33,MIN_PROFIT_TP_HIT,0.1864
2147,TRUMP_USDT,LONG,StochasticRSI(FAST_SCALP-LONG),2,0.2,1.566,1.569,1.569,1.561,2026-07-19 22:51:59 UTC,2026-07-19 22:56:32 UTC,272.26,0.3132,0.0042,0.0,0.0006,0.06,14.37,MIN_PROFIT_TP_HIT,0.187
2148,TRUMP_USDT,SHORT,StochasticRSI(FAST_SCALP-SHORT),2,0.2,1.568,1.565,1.565,1.573,2026-07-19 22:59:59 UTC,2026-07-19 23:00:07 UTC,7.64,0.3136,0.0042,0.0,0.0006,0.06,14.35,MIN_PROFIT_TP_HIT,0.1876
2149,TRUMP_USDT,LONG,StochasticRSI(FAST_SCALP-LONG),2,0.2,1.561,1.556,1.564,1.556,2026-07-19 23:05:59 UTC,2026-07-19 23:07:12 UTC,72.12,0.3122,0.0042,0.0,-0.001,-0.09,-24.02,STOP_LOSS_HIT,0.1866
2150,TRUMP_USDT,SHORT,StochasticRSI(FAST_SCALP-SHORT),2,0.2,1.561,1.558,1.558,1.566,2026-07-19 23:14:59 UTC,2026-07-19 23:15:20 UTC,20.8,0.3122,0.0042,0.0,0.0006,0.06,14.41,MIN_PROFIT_TP_HIT,0.1872
2151,TRUMP_USDT,SHORT,StochasticRSI(FAST_SCALP-SHORT),2,0.2,1.563,1.56,1.56,1.568,2026-07-19 23:27:59 UTC,2026-07-19 23:37:28 UTC,568.34,0.3126,0.0042,0.0,0.0006,0.06,14.4,MIN_PROFIT_TP_HIT,0.1878
2152,TRUMP_USDT,LONG,StochasticRSI(FAST_SCALP-LONG),2,0.2,1.562,1.565,1.565,1.557,2026-07-19 23:50:59 UTC,2026-07-19 23:51:50 UTC,50.77,0.3124,0.0042,0.0,0.0006,0.06,14.4,MIN_PROFIT_TP_HIT,0.1884
2153,TRUMP_USDT,SHORT,StochasticRSI(FAST_SCALP-SHORT),2,0.2,1.565,1.562,1.562,1.57,2026-07-19 23:58:59 UTC,2026-07-20 00:00:04 UTC,64.66,0.313,0.0042,0.0,0.0006,0.06,14.38,MIN_PROFIT_TP_HIT,0.189
2154,TRUMP_USDT,LONG,StochasticRSI(FAST_SCALP-LONG),2,0.2,1.562,1.565,1.565,1.557,2026-07-20 00:03:59 UTC,2026-07-20 00:05:41 UTC,101.63,0.3124,0.0042,0.0,0.0006,0.06,14.4,MIN_PROFIT_TP_HIT,0.1896
2155,TRUMP_USDT,SHORT,StochasticRSI(FAST_SCALP-SHORT),2,0.2,1.57,1.575,1.567,1.575,2026-07-20 00:12:59 UTC,2026-07-20 00:15:17 UTC,137.43,0.314,0.0042,0.0,-0.001,-0.09,-23.89,STOP_LOSS_HIT,0.1886
2156,TRUMP_USDT,LONG,StochasticRSI(FAST_SCALP-LONG),2,0.2,1.57,1.573,1.573,1.565,2026-07-20 00:24:59 UTC,2026-07-20 00:29:03 UTC,243.06,0.314,0.0042,0.0,0.0006,0.06,14.33,MIN_PROFIT_TP_HIT,0.1892
2157,TRUMP_USDT,SHORT,StochasticRSI(FAST_SCALP-SHORT),2,0.2,1.568,1.565,1.565,1.573,2026-07-20 00:40:59 UTC,2026-07-20 00:49:44 UTC,524.89,0.3136,0.0042,0.0,0.0006,0.06,14.35,MIN_PROFIT_TP_HIT,0.1898
2158,TRUMP_USDT,LONG,StochasticRSI(FAST_SCALP-LONG),2,0.2,1.562,1.565,1.565,1.557,2026-07-20 00:54:59 UTC,2026-07-20 00:59:05 UTC,245.74,0.3124,0.0042,0.0,0.0006,0.06,14.4,MIN_PROFIT_TP_HIT,0.1904
2159,TRUMP_USDT,SHORT,StochasticRSI(FAST_SCALP-SHORT),2,0.2,1.564,1.569,1.561,1.569,2026-07-20 01:02:59 UTC,2026-07-20 01:07:05 UTC,245.06,0.3128,0.0042,0.0,-0.001,-0.09,-23.98,STOP_LOSS_HIT,0.1894
2160,TRUMP_USDT,SHORT,StochasticRSI(FAST_SCALP-SHORT),2,0.2,1.567,1.572,1.564,1.572,2026-07-20 01:08:59 UTC,2026-07-20 01:09:25 UTC,25.92,0.3134,0.0042,0.0,-0.001,-0.09,-23.93,STOP_LOSS_HIT,0.1884
2161,TRUMP_USDT,SHORT,StochasticRSI(FAST_SCALP-SHORT),2,0.2,1.572,1.569,1.569,1.577,2026-07-20 01:12:59 UTC,2026-07-20 01:13:46 UTC,46.86,0.3144,0.0042,0.0,0.0006,0.06,14.31,MIN_PROFIT_TP_HIT,0.189
2162,TRUMP_USDT,LONG,StochasticRSI(FAST_SCALP-LONG),2,0.2,1.57,1.573,1.573,1.565,2026-07-20 01:17:59 UTC,2026-07-20 01:22:11 UTC,251.75,0.314,0.0042,0.0,0.0006,0.06,14.33,MIN_PROFIT_TP_HIT,0.1896
2163,TRUMP_USDT,LONG,StochasticRSI(FAST_SCALP-LONG),2,0.2,1.578,1.581,1.581,1.573,2026-07-20 01:35:59 UTC,2026-07-20 01:36:06 UTC,6.63,0.3156,0.0042,0.0,0.0006,0.06,14.26,MIN_PROFIT_TP_HIT,0.1902
2164,TRUMP_USDT,LONG,StochasticRSI(FAST_SCALP-LONG),2,0.2,1.585,1.58,1.588,1.58,2026-07-20 01:48:59 UTC,2026-07-20 01:51:54 UTC,174.27,0.317,0.0042,0.0,-0.001,-0.09,-23.66,STOP_LOSS_HIT,0.1892
2165,TRUMP_USDT,SHORT,StochasticRSI(FAST_SCALP-SHORT),2,0.2,1.57,1.575,1.567,1.575,2026-07-20 01:52:59 UTC,2026-07-20 01:58:50 UTC,350.6,0.314,0.0042,0.0,-0.001,-0.09,-23.89,STOP_LOSS_HIT,0.1882
2166,TRUMP_USDT,SHORT,StochasticRSI(FAST_SCALP-SHORT),2,0.2,1.584,1.581,1.581,1.589,2026-07-20 02:04:59 UTC,2026-07-20 02:19:51 UTC,891.55,0.3168,0.0042,0.0,0.0006,0.06,14.2,MIN_PROFIT_TP_HIT,0.1888
2167,TRUMP_USDT,LONG,StochasticRSI(FAST_SCALP-LONG),2,0.2,1.578,1.581,1.581,1.573,2026-07-20 02:23:59 UTC,2026-07-20 02:24:45 UTC,45.23,0.3156,0.0042,0.0,0.0006,0.06,14.26,MIN_PROFIT_TP_HIT,0.1894
2168,TRUMP_USDT,SHORT,StochasticRSI(FAST_SCALP-SHORT),2,0.2,1.586,1.591,1.583,1.591,2026-07-20 02:35:59 UTC,2026-07-20 02:42:24 UTC,384.06,0.3172,0.0042,0.0,-0.001,-0.09,-23.64,STOP_LOSS_HIT,0.1884
2169,TRUMP_USDT,SHORT,StochasticRSI(FAST_SCALP-SHORT),2,0.2,1.592,1.589,1.589,1.597,2026-07-20 02:45:59 UTC,2026-07-20 02:58:05 UTC,725.82,0.3184,0.0042,0.0,0.0006,0.06,14.13,MIN_PROFIT_TP_HIT,0.189
2170,TRUMP_USDT,LONG,StochasticRSI(FAST_SCALP-LONG),2,0.2,1.59,1.585,1.593,1.585,2026-07-20 03:01:59 UTC,2026-07-20 03:05:48 UTC,228.89,0.318,0.0042,0.0,-0.001,-0.09,-23.58,STOP_LOSS_HIT,0.188
2171,TRUMP_USDT,LONG,StochasticRSI(FAST_SCALP-LONG),2,0.2,1.584,1.587,1.587,1.579,2026-07-20 03:09:59 UTC,2026-07-20 03:12:56 UTC,176.7,0.3168,0.0042,0.0,0.0006,0.06,14.2,MIN_PROFIT_TP_HIT,0.1886
2172,TRUMP_USDT,SHORT,StochasticRSI(FAST_SCALP-SHORT),2,0.2,1.589,1.586,1.586,1.594,2026-07-20 03:16:59 UTC,2026-07-20 03:18:37 UTC,97.24,0.3178,0.0042,0.0,0.0006,0.06,14.16,MIN_PROFIT_TP_HIT,0.1892
2173,TRUMP_USDT,LONG,StochasticRSI(FAST_SCALP-LONG),2,0.2,1.577,1.572,1.58,1.572,2026-07-20 03:25:59 UTC,2026-07-20 03:34:26 UTC,506.63,0.3154,0.0042,0.0,-0.001,-0.09,-23.78,STOP_LOSS_HIT,0.1882
2174,TRUMP_USDT,SHORT,StochasticRSI(FAST_SCALP-SHORT),2,0.2,1.573,1.57,1.57,1.578,2026-07-20 03:40:59 UTC,2026-07-20 03:47:18 UTC,378.46,0.3146,0.0042,0.0,0.0006,0.06,14.3,MIN_PROFIT_TP_HIT,0.1888
2175,TRUMP_USDT,SHORT,StochasticRSI(FAST_SCALP-SHORT),2,0.2,1.574,1.571,1.571,1.579,2026-07-20 03:53:59 UTC,2026-07-20 03:56:18 UTC,138.09,0.3148,0.0042,0.0,0.0006,0.06,14.29,MIN_PROFIT_TP_HIT,0.1894
2176,TRUMP_USDT,LONG,StochasticRSI(FAST_SCALP-LONG),2,0.2,1.572,1.567,1.575,1.567,2026-07-20 03:59:59 UTC,2026-07-20 04:07:02 UTC,422.58,0.3144,0.0042,0.0,-0.001,-0.09,-23.85,STOP_LOSS_HIT,0.1884
2177,TRUMP_USDT,LONG,StochasticRSI(FAST_SCALP-LONG),2,0.2,1.569,1.572,1.572,1.564,2026-07-20 04:11:59 UTC,2026-07-20 04:27:36 UTC,936.08,0.3138,0.0042,0.0,0.0006,0.06,14.34,MIN_PROFIT_TP_HIT,0.189
2178,TRUMP_USDT,SHORT,StochasticRSI(FAST_SCALP-SHORT),2,0.2,1.57,1.575,1.567,1.575,2026-07-20 04:30:59 UTC,2026-07-20 04:33:11 UTC,131.11,0.314,0.0042,0.0,-0.001,-0.09,-23.89,STOP_LOSS_HIT,0.188
2179,TRUMP_USDT,LONG,StochasticRSI(FAST_SCALP-LONG),2,0.2,1.573,1.568,1.576,1.568,2026-07-20 04:39:59 UTC,2026-07-20 04:54:37 UTC,877.46,0.3146,0.0042,0.0,-0.001,-0.09,-23.84,STOP_LOSS_HIT,0.187
2180,TRUMP_USDT,LONG,StochasticRSI(FAST_SCALP-LONG),2,0.2,1.567,1.562,1.57,1.562,2026-07-20 05:00:59 UTC,2026-07-20 05:05:17 UTC,257.05,0.3134,0.0042,0.0,-0.001,-0.09,-23.93,STOP_LOSS_HIT,0.186
2181,TRUMP_USDT,SHORT,StochasticRSI(FAST_SCALP-SHORT),2,0.2,1.561,1.558,1.558,1.566,2026-07-20 05:09:59 UTC,2026-07-20 05:12:05 UTC,125.79,0.3122,0.0042,0.0,0.0006,0.06,14.41,MIN_PROFIT_TP_HIT,0.1866
2182,TRUMP_USDT,SHORT,StochasticRSI(FAST_SCALP-SHORT),2,0.2,1.565,1.562,1.562,1.57,2026-07-20 05:20:59 UTC,2026-07-20 05:23:23 UTC,143.62,0.313,0.0042,0.0,0.0006,0.06,14.38,MIN_PROFIT_TP_HIT,0.1872
2183,TRUMP_USDT,LONG,StochasticRSI(FAST_SCALP-LONG),2,0.2,1.566,1.569,1.569,1.561,2026-07-20 05:26:59 UTC,2026-07-20 05:30:06 UTC,186.73,0.3132,0.0042,0.0,0.0006,0.06,14.37,MIN_PROFIT_TP_HIT,0.1878
2184,TRUMP_USDT,SHORT,StochasticRSI(FAST_SCALP-SHORT),2,0.2,1.571,1.576,1.568,1.576,2026-07-20 05:32:59 UTC,2026-07-20 05:33:52 UTC,52.35,0.3142,0.0042,0.0,-0.001,-0.09,-23.87,STOP_LOSS_HIT,0.1868
2185,TRUMP_USDT,SHORT,StochasticRSI(FAST_SCALP-SHORT),2,0.2,1.576,1.573,1.573,1.581,2026-07-20 05:36:59 UTC,2026-07-20 05:38:04 UTC,64.12,0.3152,0.0042,0.0,0.0006,0.06,14.28,MIN_PROFIT_TP_HIT,0.1874
2186,TRUMP_USDT,LONG,StochasticRSI(FAST_SCALP-LONG),2,0.2,1.566,1.569,1.569,1.561,2026-07-20 05:51:59 UTC,2026-07-20 05:53:47 UTC,107.31,0.3132,0.0042,0.0,0.0006,0.06,14.37,MIN_PROFIT_TP_HIT,0.188
2187,TRUMP_USDT,SHORT,StochasticRSI(FAST_SCALP-SHORT),2,0.2,1.567,1.564,1.564,1.572,2026-07-20 06:00:59 UTC,2026-07-20 06:33:22 UTC,1942.19,0.3134,0.0042,0.0,0.0006,0.06,14.36,MIN_PROFIT_TP_HIT,0.1886
2188,TRUMP_USDT,LONG,StochasticRSI(FAST_SCALP-LONG),2,0.2,1.563,1.566,1.566,1.558,2026-07-20 06:39:59 UTC,2026-07-20 06:43:48 UTC,228.78,0.3126,0.0042,0.0,0.0006,0.06,14.4,MIN_PROFIT_TP_HIT,0.1892
2189,TRUMP_USDT,LONG,StochasticRSI(FAST_SCALP-LONG),2,0.2,1.563,1.558,1.566,1.558,2026-07-20 07:01:59 UTC,2026-07-20 07:02:36 UTC,36.27,0.3126,0.0042,0.0,-0.001,-0.09,-23.99,STOP_LOSS_HIT,0.1882
2190,TRUMP_USDT,SHORT,StochasticRSI(FAST_SCALP-SHORT),2,0.2,1.561,1.558,1.558,1.566,2026-07-20 07:13:59 UTC,2026-07-20 07:17:47 UTC,227.04,0.3122,0.0042,0.0,0.0006,0.06,14.41,MIN_PROFIT_TP_HIT,0.1888
2191,TRUMP_USDT,LONG,StochasticRSI(FAST_SCALP-LONG),2,0.2,1.561,1.564,1.564,1.556,2026-07-20 07:19:59 UTC,2026-07-20 07:22:29 UTC,149.11,0.3122,0.0042,0.0,0.0006,0.06,14.41,MIN_PROFIT_TP_HIT,0.1894
2192,TRUMP_USDT,SHORT,StochasticRSI(FAST_SCALP-SHORT),2,0.2,1.563,1.568,1.56,1.568,2026-07-20 07:24:59 UTC,2026-07-20 07:30:23 UTC,323.0,0.3126,0.0042,0.0,-0.001,-0.09,-23.99,STOP_LOSS_HIT,0.1884
2193,TRUMP_USDT,LONG,StochasticRSI(FAST_SCALP-LONG),2,0.2,1.561,1.564,1.564,1.556,2026-07-20 07:38:59 UTC,2026-07-20 07:51:56 UTC,776.79,0.3122,0.0042,0.0,0.0006,0.06,14.41,MIN_PROFIT_TP_HIT,0.189
2194,TRUMP_USDT,SHORT,StochasticRSI(FAST_SCALP-SHORT),2,0.2,1.563,1.568,1.56,1.568,2026-07-20 07:55:59 UTC,2026-07-20 08:02:58 UTC,418.04,0.3126,0.0042,0.0,-0.001,-0.09,-23.99,STOP_LOSS_HIT,0.188
2195,TRUMP_USDT,LONG,StochasticRSI(FAST_SCALP-LONG),2,0.2,1.563,1.566,1.566,1.558,2026-07-20 08:09:59 UTC,2026-07-20 08:12:51 UTC,171.9,0.3126,0.0042,0.0,0.0006,0.06,14.4,MIN_PROFIT_TP_HIT,0.1886
2196,TRUMP_USDT,LONG,StochasticRSI(FAST_SCALP-LONG),2,0.2,1.565,1.568,1.568,1.56,2026-07-20 08:13:59 UTC,2026-07-20 08:14:57 UTC,57.52,0.313,0.0042,0.0,0.0006,0.06,14.38,MIN_PROFIT_TP_HIT,0.1892
2197,TRUMP_USDT,SHORT,StochasticRSI(FAST_SCALP-SHORT),2,0.2,1.564,1.561,1.561,1.569,2026-07-20 08:18:59 UTC,2026-07-20 08:20:37 UTC,97.84,0.3128,0.0042,0.0,0.0006,0.06,14.39,MIN_PROFIT_TP_HIT,0.1898
2198,TRUMP_USDT,LONG,StochasticRSI(FAST_SCALP-LONG),2,0.2,1.561,1.564,1.564,1.556,2026-07-20 08:24:59 UTC,2026-07-20 08:34:58 UTC,598.69,0.3122,0.0042,0.0,0.0006,0.06,14.41,MIN_PROFIT_TP_HIT,0.1904
2199,TRUMP_USDT,SHORT,StochasticRSI(FAST_SCALP-SHORT),2,0.2,1.558,1.563,1.555,1.563,2026-07-20 08:38:59 UTC,2026-07-20 08:50:12 UTC,672.02,0.3116,0.0042,0.0,-0.001,-0.09,-24.07,STOP_LOSS_HIT,0.1894
2200,TRUMP_USDT,LONG,StochasticRSI(FAST_SCALP-LONG),2,0.2,1.558,1.553,1.561,1.553,2026-07-20 08:56:59 UTC,2026-07-20 09:04:10 UTC,430.16,0.3116,0.0042,0.0,-0.001,-0.09,-24.07,STOP_LOSS_HIT,0.1884
2201,TRUMP_USDT,LONG,StochasticRSI(FAST_SCALP-LONG),2,0.2,1.548,1.551,1.551,1.543,2026-07-20 09:06:59 UTC,2026-07-20 09:14:46 UTC,466.36,0.3096,0.0041,0.0,0.0006,0.06,14.53,MIN_PROFIT_TP_HIT,0.189
2202,TRUMP_USDT,SHORT,StochasticRSI(FAST_SCALP-SHORT),2,0.2,1.552,1.557,1.549,1.557,2026-07-20 09:16:59 UTC,2026-07-20 09:35:26 UTC,1106.78,0.3104,0.0041,0.0,-0.001,-0.09,-24.16,STOP_LOSS_HIT,0.188
2203,TRUMP_USDT,SHORT,StochasticRSI(FAST_SCALP-SHORT),2,0.2,1.557,1.562,1.554,1.562,2026-07-20 09:37:59 UTC,2026-07-20 09:42:14 UTC,254.49,0.3114,0.0042,0.0,-0.001,-0.09,-24.08,STOP_LOSS_HIT,0.187
2204,TRUMP_USDT,SHORT,StochasticRSI(FAST_SCALP-SHORT),2,0.2,1.56,1.565,1.557,1.565,2026-07-20 09:46:59 UTC,2026-07-20 10:08:35 UTC,1295.31,0.312,0.0042,0.0,-0.001,-0.09,-24.04,STOP_LOSS_HIT,0.186
2205,TRUMP_USDT,SHORT,StochasticRSI(FAST_SCALP-SHORT),2,0.2,1.567,1.564,1.564,1.572,2026-07-20 10:09:59 UTC,2026-07-20 10:10:43 UTC,43.52,0.3134,0.0042,0.0,0.0006,0.06,14.36,MIN_PROFIT_TP_HIT,0.1866
2206,TRUMP_USDT,SHORT,StochasticRSI(FAST_SCALP-SHORT),2,0.2,1.563,1.568,1.56,1.568,2026-07-20 10:11:59 UTC,2026-07-20 10:23:17 UTC,677.33,0.3126,0.0042,0.0,-0.001,-0.09,-23.99,STOP_LOSS_HIT,0.1856
2207,TRUMP_USDT,LONG,StochasticRSI(FAST_SCALP-LONG),2,0.2,1.563,1.566,1.566,1.558,2026-07-20 10:37:59 UTC,2026-07-20 10:41:13 UTC,193.4,0.3126,0.0042,0.0,0.0006,0.06,14.4,MIN_PROFIT_TP_HIT,0.1862
2208,TRUMP_USDT,SHORT,StochasticRSI(FAST_SCALP-SHORT),2,0.2,1.565,1.562,1.562,1.57,2026-07-20 10:49:59 UTC,2026-07-20 11:03:18 UTC,798.31,0.313,0.0042,0.0,0.0006,0.06,14.38,MIN_PROFIT_TP_HIT,0.1868
2209,TRUMP_USDT,LONG,StochasticRSI(FAST_SCALP-LONG),2,0.2,1.566,1.569,1.569,1.561,2026-07-20 11:05:59 UTC,2026-07-20 11:07:02 UTC,62.16,0.3132,0.0042,0.0,0.0006,0.06,14.37,MIN_PROFIT_TP_HIT,0.1874
2210,TRUMP_USDT,SHORT,StochasticRSI(FAST_SCALP-SHORT),2,0.2,1.57,1.567,1.567,1.575,2026-07-20 11:13:59 UTC,2026-07-20 11:15:39 UTC,99.63,0.314,0.0042,0.0,0.0006,0.06,14.33,MIN_PROFIT_TP_HIT,0.188
2211,TRUMP_USDT,LONG,StochasticRSI(FAST_SCALP-LONG),2,0.2,1.567,1.57,1.57,1.562,2026-07-20 11:19:59 UTC,2026-07-20 11:30:35 UTC,635.55,0.3134,0.0042,0.0,0.0006,0.06,14.36,MIN_PROFIT_TP_HIT,0.1886
2212,TRUMP_USDT,LONG,StochasticRSI(FAST_SCALP-LONG),2,0.2,1.57,1.573,1.573,1.565,2026-07-20 11:31:59 UTC,2026-07-20 11:32:36 UTC,36.34,0.314,0.0042,0.0,0.0006,0.06,14.33,MIN_PROFIT_TP_HIT,0.1892
2213,TRUMP_USDT,SHORT,StochasticRSI(FAST_SCALP-SHORT),2,0.2,1.577,1.574,1.574,1.582,2026-07-20 11:35:59 UTC,2026-07-20 11:44:44 UTC,524.54,0.3154,0.0042,0.0,0.0006,0.06,14.27,MIN_PROFIT_TP_HIT,0.1898
2214,TRUMP_USDT,LONG,StochasticRSI(FAST_SCALP-LONG),2,0.2,1.577,1.572,1.58,1.572,2026-07-20 11:47:59 UTC,2026-07-20 12:02:32 UTC,872.04,0.3154,0.0042,0.0,-0.001,-0.09,-23.78,STOP_LOSS_HIT,0.1888
2215,TRUMP_USDT,LONG,StochasticRSI(FAST_SCALP-LONG),2,0.2,1.57,1.573,1.573,1.565,2026-07-20 12:05:59 UTC,2026-07-20 12:07:51 UTC,111.39,0.314,0.0042,0.0,0.0006,0.06,14.33,MIN_PROFIT_TP_HIT,0.1894
2216,TRUMP_USDT,SHORT,StochasticRSI(FAST_SCALP-SHORT),2,0.2,1.571,1.576,1.568,1.576,2026-07-20 12:12:59 UTC,2026-07-20 12:48:22 UTC,2122.99,0.3142,0.0042,0.0,-0.001,-0.09,-23.87,STOP_LOSS_HIT,0.1884
2217,TRUMP_USDT,SHORT,StochasticRSI(FAST_SCALP-SHORT),2,0.2,1.573,1.578,1.57,1.578,2026-07-20 12:51:59 UTC,2026-07-20 13:26:56 UTC,2096.1,0.3146,0.0042,0.0,-0.001,-0.09,-23.84,STOP_LOSS_HIT,0.1874
2218,TRUMP_USDT,LONG,StochasticRSI(FAST_SCALP-LONG),2,0.2,1.579,1.582,1.582,1.574,2026-07-20 13:33:59 UTC,2026-07-20 13:38:28 UTC,268.16,0.3158,0.0042,0.0,0.0006,0.06,14.25,MIN_PROFIT_TP_HIT,0.188
2219,TRUMP_USDT,SHORT,StochasticRSI(FAST_SCALP-SHORT),2,0.2,1.58,1.577,1.577,1.585,2026-07-20 13:43:59 UTC,2026-07-20 13:46:49 UTC,169.13,0.316,0.0042,0.0,0.0006,0.06,14.24,MIN_PROFIT_TP_HIT,0.1886
2220,TRUMP_USDT,LONG,StochasticRSI(FAST_SCALP-LONG),2,0.2,1.575,1.57,1.578,1.57,2026-07-20 13:50:59 UTC,2026-07-20 13:57:21 UTC,381.25,0.315,0.0042,0.0,-0.001,-0.09,-23.81,STOP_LOSS_HIT,0.1876
2221,TRUMP_USDT,LONG,StochasticRSI(FAST_SCALP-LONG),2,0.2,1.572,1.575,1.575,1.567,2026-07-20 13:59:59 UTC,2026-07-20 14:02:09 UTC,129.11,0.3144,0.0042,0.0,0.0006,0.06,14.31,MIN_PROFIT_TP_HIT,0.1882
2222,TRUMP_USDT,SHORT,StochasticRSI(FAST_SCALP-SHORT),2,0.2,1.577,1.574,1.574,1.582,2026-07-20 14:09:59 UTC,2026-07-20 14:10:13 UTC,13.6,0.3154,0.0042,0.0,0.0006,0.06,14.27,MIN_PROFIT_TP_HIT,0.1888
2223,TRUMP_USDT,LONG,StochasticRSI(FAST_SCALP-LONG),2,0.2,1.566,1.569,1.569,1.561,2026-07-20 14:14:59 UTC,2026-07-20 14:16:04 UTC,64.24,0.3132,0.0042,0.0,0.0006,0.06,14.37,MIN_PROFIT_TP_HIT,0.1894
2224,TRUMP_USDT,LONG,StochasticRSI(FAST_SCALP-LONG),2,0.2,1.562,1.557,1.565,1.557,2026-07-20 14:19:59 UTC,2026-07-20 14:21:42 UTC,102.4,0.3124,0.0042,0.0,-0.001,-0.09,-24.01,STOP_LOSS_HIT,0.1884
2225,TRUMP_USDT,SHORT,StochasticRSI(FAST_SCALP-SHORT),2,0.2,1.576,1.573,1.573,1.581,2026-07-20 14:32:59 UTC,2026-07-20 14:33:16 UTC,16.4,0.3152,0.0042,0.0,0.0006,0.06,14.28,MIN_PROFIT_TP_HIT,0.189
2226,TRUMP_USDT,LONG,StochasticRSI(FAST_SCALP-LONG),2,0.2,1.572,1.575,1.575,1.567,2026-07-20 14:41:59 UTC,2026-07-20 14:46:11 UTC,251.98,0.3144,0.0042,0.0,0.0006,0.06,14.31,MIN_PROFIT_TP_HIT,0.1896
2227,TRUMP_USDT,LONG,StochasticRSI(FAST_SCALP-LONG),2,0.2,1.571,1.574,1.574,1.566,2026-07-20 14:56:59 UTC,2026-07-20 14:59:36 UTC,156.31,0.3142,0.0042,0.0,0.0006,0.06,14.32,MIN_PROFIT_TP_HIT,0.1902
2228,TRUMP_USDT,LONG,StochasticRSI(FAST_SCALP-LONG),2,0.2,1.577,1.58,1.58,1.572,2026-07-20 15:00:59 UTC,2026-07-20 15:03:05 UTC,125.81,0.3154,0.0042,0.0,0.0006,0.06,14.27,MIN_PROFIT_TP_HIT,0.1908
2229,TRUMP_USDT,SHORT,StochasticRSI(FAST_SCALP-SHORT),2,0.2,1.577,1.582,1.574,1.582,2026-07-20 15:04:59 UTC,2026-07-20 15:13:19 UTC,499.12,0.3154,0.0042,0.0,-0.001,-0.09,-23.78,STOP_LOSS_HIT,0.1898
2230,TRUMP_USDT,SHORT,StochasticRSI(FAST_SCALP-SHORT),2,0.2,1.582,1.587,1.579,1.587,2026-07-20 15:17:59 UTC,2026-07-20 15:26:35 UTC,515.45,0.3164,0.0042,0.0,-0.001,-0.09,-23.7,STOP_LOSS_HIT,0.1888
2231,TRUMP_USDT,LONG,StochasticRSI(FAST_SCALP-LONG),2,0.2,1.585,1.588,1.588,1.58,2026-07-20 15:31:59 UTC,2026-07-20 15:40:39 UTC,519.02,0.317,0.0042,0.0,0.0006,0.06,14.2,MIN_PROFIT_TP_HIT,0.1894
2232,TRUMP_USDT,LONG,StochasticRSI(FAST_SCALP-LONG),2,0.2,1.586,1.589,1.589,1.581,2026-07-20 15:41:59 UTC,2026-07-20 15:43:16 UTC,76.34,0.3172,0.0042,0.0,0.0006,0.06,14.19,MIN_PROFIT_TP_HIT,0.19
2233,TRUMP_USDT,SHORT,StochasticRSI(FAST_SCALP-SHORT),2,0.2,1.591,1.588,1.588,1.596,2026-07-20 15:49:59 UTC,2026-07-20 15:50:39 UTC,39.79,0.3182,0.0042,0.0,0.0006,0.06,14.14,MIN_PROFIT_TP_HIT,0.1906
2234,TRUMP_USDT,SHORT,StochasticRSI(FAST_SCALP-SHORT),2,0.2,1.594,1.591,1.591,1.599,2026-07-20 15:57:59 UTC,2026-07-20 16:06:16 UTC,496.85,0.3188,0.0043,0.0,0.0006,0.06,14.12,MIN_PROFIT_TP_HIT,0.1912
2235,TRUMP_USDT,LONG,StochasticRSI(FAST_SCALP-LONG),2,0.2,1.592,1.595,1.595,1.587,2026-07-20 16:08:59 UTC,2026-07-20 16:11:59 UTC,179.62,0.3184,0.0042,0.0,0.0006,0.06,14.13,MIN_PROFIT_TP_HIT,0.1918
2236,TRUMP_USDT,SHORT,StochasticRSI(FAST_SCALP-SHORT),2,0.2,1.596,1.593,1.593,1.601,2026-07-20 16:16:59 UTC,2026-07-20 16:19:22 UTC,142.54,0.3192,0.0043,0.0,0.0006,0.06,14.1,MIN_PROFIT_TP_HIT,0.1924
2237,TRUMP_USDT,LONG,StochasticRSI(FAST_SCALP-LONG),2,0.2,1.592,1.587,1.595,1.587,2026-07-20 16:24:59 UTC,2026-07-20 16:36:18 UTC,678.78,0.3184,0.0042,0.0,-0.001,-0.09,-23.56,STOP_LOSS_HIT,0.1914
2238,TRUMP_USDT,SHORT,StochasticRSI(FAST_SCALP-SHORT),2,0.2,1.593,1.598,1.59,1.598,2026-07-20 16:50:59 UTC,2026-07-20 17:01:01 UTC,601.81,0.3186,0.0042,0.0,-0.001,-0.09,-23.54,STOP_LOSS_HIT,0.1904
2239,TRUMP_USDT,SHORT,StochasticRSI(FAST_SCALP-SHORT),2,0.2,1.593,1.59,1.59,1.598,2026-07-20 17:03:59 UTC,2026-07-20 17:05:12 UTC,72.19,0.3186,0.0042,0.0,0.0006,0.06,14.12,MIN_PROFIT_TP_HIT,0.191
2240,TRUMP_USDT,LONG,StochasticRSI(FAST_SCALP-LONG),2,0.2,1.591,1.594,1.594,1.586,2026-07-20 17:18:59 UTC,2026-07-20 17:41:25 UTC,1345.17,0.3182,0.0042,0.0,0.0006,0.06,14.14,MIN_PROFIT_TP_HIT,0.1916
2241,TRUMP_USDT,SHORT,StochasticRSI(FAST_SCALP-SHORT),2,0.2,1.594,1.599,1.591,1.599,2026-07-20 17:47:59 UTC,2026-07-20 17:54:10 UTC,370.81,0.3188,0.0043,0.0,-0.001,-0.09,-23.53,STOP_LOSS_HIT,0.1906
2242,TRUMP_USDT,LONG,StochasticRSI(FAST_SCALP-LONG),2,0.2,1.596,1.599,1.599,1.591,2026-07-20 18:00:59 UTC,2026-07-20 18:01:17 UTC,17.62,0.3192,0.0043,0.0,0.0006,0.06,14.1,MIN_PROFIT_TP_HIT,0.1912
2243,TRUMP_USDT,SHORT,StochasticRSI(FAST_SCALP-SHORT),2,0.2,1.602,1.607,1.599,1.607,2026-07-20 18:05:59 UTC,2026-07-20 18:14:03 UTC,483.91,0.3204,0.0043,0.0,-0.001,-0.09,-23.41,STOP_LOSS_HIT,0.1902
2244,TRUMP_USDT,SHORT,StochasticRSI(FAST_SCALP-SHORT),2,0.2,1.607,1.604,1.604,1.612,2026-07-20 18:17:59 UTC,2026-07-20 18:18:47 UTC,47.33,0.3214,0.0043,0.0,0.0006,0.06,14.0,MIN_PROFIT_TP_HIT,0.1908
2245,TRUMP_USDT,LONG,StochasticRSI(FAST_SCALP-LONG),2,0.2,1.602,1.605,1.605,1.597,2026-07-20 18:24:59 UTC,2026-07-20 18:25:23 UTC,23.04,0.3204,0.0043,0.0,0.0006,0.06,14.04,MIN_PROFIT_TP_HIT,0.1914
2246,TRUMP_USDT,SHORT,StochasticRSI(FAST_SCALP-SHORT),2,0.2,1.604,1.601,1.601,1.609,2026-07-20 18:30:59 UTC,2026-07-20 18:31:01 UTC,1.33,0.3208,0.0043,0.0,0.0006,0.06,14.03,MIN_PROFIT_TP_HIT,0.192
2247,TRUMP_USDT,SHORT,StochasticRSI(FAST_SCALP-SHORT),2,0.2,1.608,1.605,1.605,1.613,2026-07-20 18:43:59 UTC,2026-07-20 18:45:38 UTC,98.65,0.3216,0.0043,0.0,0.0006,0.06,13.99,MIN_PROFIT_TP_HIT,0.1926
2248,TRUMP_USDT,LONG,StochasticRSI(FAST_SCALP-LONG),2,0.2,1.614,1.609,1.617,1.609,2026-07-20 18:49:59 UTC,2026-07-20 18:51:43 UTC,103.27,0.3228,0.0043,0.0,-0.001,-0.09,-23.23,STOP_LOSS_HIT,0.1916
2249,TRUMP_USDT,LONG,StochasticRSI(FAST_SCALP-LONG),2,0.2,1.613,1.616,1.616,1.608,2026-07-20 19:00:59 UTC,2026-07-20 19:04:14 UTC,194.52,0.3226,0.0043,0.0,0.0006,0.06,13.95,MIN_PROFIT_TP_HIT,0.1922
2250,TRUMP_USDT,SHORT,StochasticRSI(FAST_SCALP-SHORT),2,0.2,1.615,1.612,1.612,1.62,2026-07-20 19:08:59 UTC,2026-07-20 19:10:41 UTC,101.73,0.323,0.0043,0.0,0.0006,0.06,13.93,MIN_PROFIT_TP_HIT,0.1928
2251,TRUMP_USDT,LONG,StochasticRSI(FAST_SCALP-LONG),2,0.2,1.603,1.606,1.606,1.598,2026-07-20 19:15:59 UTC,2026-07-20 19:29:31 UTC,811.51,0.3206,0.0043,0.0,0.0006,0.06,14.04,MIN_PROFIT_TP_HIT,0.1934
2252,TRUMP_USDT,SHORT,StochasticRSI(FAST_SCALP-SHORT),2,0.2,1.6,1.597,1.597,1.605,2026-07-20 19:31:59 UTC,2026-07-20 20:03:10 UTC,1870.11,0.32,0.0043,0.0,0.0006,0.06,14.06,MIN_PROFIT_TP_HIT,0.194
2253,TRUMP_USDT,LONG,StochasticRSI(FAST_SCALP-LONG),2,0.2,1.597,1.6,1.6,1.592,2026-07-20 20:07:59 UTC,2026-07-20 20:13:00 UTC,300.26,0.3194,0.0043,0.0,0.0006,0.06,14.09,MIN_PROFIT_TP_HIT,0.1946
2254,TRUMP_USDT,SHORT,StochasticRSI(FAST_SCALP-SHORT),2,0.2,1.598,1.595,1.595,1.603,2026-07-20 20:16:59 UTC,2026-07-20 20:43:19 UTC,1579.78,0.3196,0.0043,0.0,0.0006,0.06,14.08,MIN_PROFIT_TP_HIT,0.1952
2255,TRUMP_USDT,SHORT,StochasticRSI(FAST_SCALP-SHORT),2,0.2,1.596,1.593,1.593,1.601,2026-07-20 20:56:59 UTC,2026-07-20 21:51:20 UTC,3260.17,0.3192,0.0043,0.0,0.0006,0.06,14.1,MIN_PROFIT_TP_HIT,0.1958
2256,TRUMP_USDT,LONG,StochasticRSI(FAST_SCALP-LONG),2,0.2,1.594,1.589,1.597,1.589,2026-07-20 21:53:59 UTC,2026-07-20 22:05:35 UTC,695.28,0.3188,0.0043,0.0,-0.001,-0.09,-23.53,STOP_LOSS_HIT,0.1948
2257,TRUMP_USDT,SHORT,StochasticRSI(FAST_SCALP-SHORT),2,0.2,1.592,1.589,1.589,1.597,2026-07-20 22:10:59 UTC,2026-07-20 22:13:29 UTC,149.46,0.3184,0.0042,0.0,0.0006,0.06,14.13,MIN_PROFIT_TP_HIT,0.1954
2258,TRUMP_USDT,SHORT,StochasticRSI(FAST_SCALP-SHORT),2,0.2,1.59,1.587,1.587,1.595,2026-07-20 22:14:59 UTC,2026-07-20 22:17:14 UTC,134.76,0.318,0.0042,0.0,0.0006,0.06,14.15,MIN_PROFIT_TP_HIT,0.196
2259,TRUMP_USDT,LONG,StochasticRSI(FAST_SCALP-LONG),2,0.2,1.589,1.592,1.592,1.584,2026-07-20 22:19:59 UTC,2026-07-20 22:27:41 UTC,461.27,0.3178,0.0042,0.0,0.0006,0.06,14.16,MIN_PROFIT_TP_HIT,0.1966
2260,TRUMP_USDT,SHORT,StochasticRSI(FAST_SCALP-SHORT),2,0.2,1.592,1.589,1.589,1.597,2026-07-20 22:32:59 UTC,2026-07-20 22:34:19 UTC,79.79,0.3184,0.0042,0.0,0.0006,0.06,14.13,MIN_PROFIT_TP_HIT,0.1972
2261,TRUMP_USDT,LONG,StochasticRSI(FAST_SCALP-LONG),2,0.2,1.59,1.585,1.593,1.585,2026-07-20 22:37:59 UTC,2026-07-20 22:40:47 UTC,167.63,0.318,0.0042,0.0,-0.001,-0.09,-23.58,STOP_LOSS_HIT,0.1962
2262,TRUMP_USDT,LONG,StochasticRSI(FAST_SCALP-LONG),2,0.2,1.585,1.588,1.588,1.58,2026-07-20 22:42:59 UTC,2026-07-20 22:55:28 UTC,748.23,0.317,0.0042,0.0,0.0006,0.06,14.2,MIN_PROFIT_TP_HIT,0.1968
2263,TRUMP_USDT,SHORT,StochasticRSI(FAST_SCALP-SHORT),2,0.2,1.587,1.584,1.584,1.592,2026-07-20 22:58:59 UTC,2026-07-20 23:04:49 UTC,349.81,0.3174,0.0042,0.0,0.0006,0.06,14.18,MIN_PROFIT_TP_HIT,0.1974
2264,TRUMP_USDT,SHORT,StochasticRSI(FAST_SCALP-SHORT),2,0.2,1.586,1.591,1.583,1.591,2026-07-20 23:05:59 UTC,2026-07-20 23:08:08 UTC,128.44,0.3172,0.0042,0.0,-0.001,-0.09,-23.64,STOP_LOSS_HIT,0.1964
2265,TRUMP_USDT,SHORT,StochasticRSI(FAST_SCALP-SHORT),2,0.2,1.59,1.587,1.587,1.595,2026-07-20 23:12:59 UTC,2026-07-20 23:49:49 UTC,2209.04,0.318,0.0042,0.0,0.0006,0.06,14.15,MIN_PROFIT_TP_HIT,0.197
2266,TRUMP_USDT,SHORT,StochasticRSI(FAST_SCALP-SHORT),2,0.2,1.588,1.585,1.585,1.593,2026-07-20 23:59:59 UTC,2026-07-21 00:00:46 UTC,46.49,0.3176,0.0042,0.0,0.0006,0.06,14.17,MIN_PROFIT_TP_HIT,0.1976
2267,TRUMP_USDT,SHORT,StochasticRSI(FAST_SCALP-SHORT),2,0.2,1.589,1.594,1.586,1.594,2026-07-21 00:16:59 UTC,2026-07-21 00:24:34 UTC,454.17,0.3178,0.0042,0.0,-0.001,-0.09,-23.6,STOP_LOSS_HIT,0.1966
2268,TRUMP_USDT,LONG,StochasticRSI(FAST_SCALP-LONG),2,0.2,1.595,1.598,1.598,1.59,2026-07-21 00:32:59 UTC,2026-07-21 00:41:44 UTC,524.13,0.319,0.0043,0.0,0.0006,0.06,14.11,MIN_PROFIT_TP_HIT,0.1972
2269,TRUMP_USDT,SHORT,StochasticRSI(FAST_SCALP-SHORT),2,0.2,1.6,1.597,1.597,1.605,2026-07-21 00:44:59 UTC,2026-07-21 00:54:49 UTC,589.45,0.32,0.0043,0.0,0.0006,0.06,14.06,MIN_PROFIT_TP_HIT,0.1978
2270,TRUMP_USDT,LONG,StochasticRSI(FAST_SCALP-LONG),2,0.2,1.595,1.598,1.598,1.59,2026-07-21 00:59:59 UTC,2026-07-21 01:02:05 UTC,125.59,0.319,0.0043,0.0,0.0006,0.06,14.11,MIN_PROFIT_TP_HIT,0.1984
2271,TRUMP_USDT,LONG,StochasticRSI(FAST_SCALP-LONG),2,0.2,1.598,1.601,1.601,1.593,2026-07-21 01:03:59 UTC,2026-07-21 01:06:41 UTC,161.61,0.3196,0.0043,0.0,0.0006,0.06,14.08,MIN_PROFIT_TP_HIT,0.199
2272,TRUMP_USDT,SHORT,StochasticRSI(FAST_SCALP-SHORT),2,0.2,1.597,1.602,1.594,1.602,2026-07-21 01:07:59 UTC,2026-07-21 01:13:35 UTC,335.51,0.3194,0.0043,0.0,-0.001,-0.09,-23.48,STOP_LOSS_HIT,0.198
2273,TRUMP_USDT,SHORT,StochasticRSI(FAST_SCALP-SHORT),2,0.2,1.601,1.598,1.598,1.606,2026-07-21 01:16:59 UTC,2026-07-21 01:19:06 UTC,126.09,0.3202,0.0043,0.0,0.0006,0.06,14.05,MIN_PROFIT_TP_HIT,0.1986
2274,TRUMP_USDT,LONG,StochasticRSI(FAST_SCALP-LONG),2,0.2,1.598,1.601,1.601,1.593,2026-07-21 01:26:59 UTC,2026-07-21 01:33:25 UTC,385.54,0.3196,0.0043,0.0,0.0006,0.06,14.08,MIN_PROFIT_TP_HIT,0.1992
2275,TRUMP_USDT,SHORT,StochasticRSI(FAST_SCALP-SHORT),2,0.2,1.6,1.597,1.597,1.605,2026-07-21 01:36:59 UTC,2026-07-21 01:39:40 UTC,160.14,0.32,0.0043,0.0,0.0006,0.06,14.06,MIN_PROFIT_TP_HIT,0.1998
2276,TRUMP_USDT,LONG,StochasticRSI(FAST_SCALP-LONG),2,0.2,1.597,1.592,1.6,1.592,2026-07-21 01:45:59 UTC,2026-07-21 02:09:33 UTC,1413.85,0.3194,0.0043,0.0,-0.001,-0.09,-23.48,STOP_LOSS_HIT,0.1988
2277,TRUMP_USDT,LONG,StochasticRSI(FAST_SCALP-LONG),2,0.2,1.59,1.585,1.593,1.585,2026-07-21 02:12:59 UTC,2026-07-21 02:17:59 UTC,299.84,0.318,0.0042,0.0,-0.001,-0.09,-23.58,STOP_LOSS_HIT,0.1978
2278,TRUMP_USDT,LONG,StochasticRSI(FAST_SCALP-LONG),2,0.2,1.587,1.59,1.59,1.582,2026-07-21 02:21:59 UTC,2026-07-21 02:24:03 UTC,123.78,0.3174,0.0042,0.0,0.0006,0.06,14.18,MIN_PROFIT_TP_HIT,0.1984
2279,TRUMP_USDT,SHORT,StochasticRSI(FAST_SCALP-SHORT),2,0.2,1.589,1.594,1.586,1.594,2026-07-21 02:27:59 UTC,2026-07-21 02:52:11 UTC,1451.94,0.3178,0.0042,0.0,-0.001,-0.09,-23.6,STOP_LOSS_HIT,0.1974
2280,TRUMP_USDT,SHORT,StochasticRSI(FAST_SCALP-SHORT),2,0.2,1.592,1.597,1.589,1.597,2026-07-21 02:53:59 UTC,2026-07-21 02:55:34 UTC,94.09,0.3184,0.0042,0.0,-0.001,-0.09,-23.56,STOP_LOSS_HIT,0.1964
2281,TRUMP_USDT,SHORT,StochasticRSI(FAST_SCALP-SHORT),2,0.2,1.595,1.6,1.592,1.6,2026-07-21 02:58:59 UTC,2026-07-21 03:05:00 UTC,360.06,0.319,0.0043,0.0,-0.001,-0.09,-23.51,STOP_LOSS_HIT,0.1954
2282,TRUMP_USDT,SHORT,StochasticRSI(FAST_SCALP-SHORT),2,0.2,1.6,1.597,1.597,1.605,2026-07-21 03:07:59 UTC,2026-07-21 03:11:18 UTC,198.68,0.32,0.0043,0.0,0.0006,0.06,14.06,MIN_PROFIT_TP_HIT,0.196
2283,TRUMP_USDT,LONG,StochasticRSI(FAST_SCALP-LONG),2,0.2,1.598,1.601,1.601,1.593,2026-07-21 03:14:59 UTC,2026-07-21 04:07:35 UTC,3155.07,0.3196,0.0043,0.0,0.0006,0.06,14.08,MIN_PROFIT_TP_HIT,0.1966
2284,TRUMP_USDT,SHORT,StochasticRSI(FAST_SCALP-SHORT),2,0.2,1.594,1.591,1.591,1.599,2026-07-21 04:09:59 UTC,2026-07-21 04:12:48 UTC,168.37,0.3188,0.0043,0.0,0.0006,0.06,14.12,MIN_PROFIT_TP_HIT,0.1972
2285,TRUMP_USDT,LONG,StochasticRSI(FAST_SCALP-LONG),2,0.2,1.591,1.594,1.594,1.586,2026-07-21 04:13:59 UTC,2026-07-21 04:22:02 UTC,482.75,0.3182,0.0042,0.0,0.0006,0.06,14.14,MIN_PROFIT_TP_HIT,0.1978
2286,TRUMP_USDT,SHORT,StochasticRSI(FAST_SCALP-SHORT),2,0.2,1.592,1.597,1.589,1.597,2026-07-21 04:23:59 UTC,2026-07-21 05:04:11 UTC,2411.91,0.3184,0.0042,0.0,-0.001,-0.09,-23.56,STOP_LOSS_HIT,0.1968
2287,TRUMP_USDT,SHORT,StochasticRSI(FAST_SCALP-SHORT),2,0.2,1.596,1.601,1.593,1.601,2026-07-21 05:13:59 UTC,2026-07-21 05:25:43 UTC,703.3,0.3192,0.0043,0.0,-0.001,-0.09,-23.5,STOP_LOSS_HIT,0.1958
2288,TRUMP_USDT,SHORT,StochasticRSI(FAST_SCALP-SHORT),2,0.2,1.602,1.599,1.599,1.607,2026-07-21 05:28:59 UTC,2026-07-21 05:33:48 UTC,288.53,0.3204,0.0043,0.0,0.0006,0.06,14.04,MIN_PROFIT_TP_HIT,0.1964
2289,TRUMP_USDT,LONG,StochasticRSI(FAST_SCALP-LONG),2,0.2,1.602,1.605,1.605,1.597,2026-07-21 05:36:59 UTC,2026-07-21 05:49:11 UTC,731.62,0.3204,0.0043,0.0,0.0006,0.06,14.04,MIN_PROFIT_TP_HIT,0.197
2290,TRUMP_USDT,SHORT,StochasticRSI(FAST_SCALP-SHORT),2,0.2,1.605,1.602,1.602,1.61,2026-07-21 05:52:59 UTC,2026-07-21 06:07:17 UTC,857.22,0.321,0.0043,0.0,0.0006,0.06,14.02,MIN_PROFIT_TP_HIT,0.1976
2291,TRUMP_USDT,LONG,StochasticRSI(FAST_SCALP-LONG),2,0.2,1.601,1.604,1.604,1.596,2026-07-21 06:08:59 UTC,2026-07-21 06:35:37 UTC,1597.3,0.3202,0.0043,0.0,0.0006,0.06,14.05,MIN_PROFIT_TP_HIT,0.1982
2292,TRUMP_USDT,SHORT,StochasticRSI(FAST_SCALP-SHORT),2,0.2,1.601,1.598,1.598,1.606,2026-07-21 06:38:59 UTC,2026-07-21 06:53:57 UTC,897.39,0.3202,0.0043,0.0,0.0006,0.06,14.05,MIN_PROFIT_TP_HIT,0.1988
2293,TRUMP_USDT,LONG,StochasticRSI(FAST_SCALP-LONG),2,0.2,1.6,1.603,1.603,1.595,2026-07-21 06:56:59 UTC,2026-07-21 07:03:19 UTC,379.05,0.32,0.0043,0.0,0.0006,0.06,14.06,MIN_PROFIT_TP_HIT,0.1994
2294,TRUMP_USDT,SHORT,StochasticRSI(FAST_SCALP-SHORT),2,0.2,1.602,1.607,1.599,1.607,2026-07-21 07:05:59 UTC,2026-07-21 07:11:28 UTC,328.13,0.3204,0.0043,0.0,-0.001,-0.09,-23.41,STOP_LOSS_HIT,0.1984
2295,TRUMP_USDT,LONG,StochasticRSI(FAST_SCALP-LONG),2,0.2,1.608,1.603,1.611,1.603,2026-07-21 07:12:59 UTC,2026-07-21 07:13:37 UTC,37.37,0.3216,0.0043,0.0,-0.001,-0.09,-23.32,STOP_LOSS_HIT,0.1974
2296,TRUMP_USDT,LONG,StochasticRSI(FAST_SCALP-LONG),2,0.2,1.6,1.595,1.603,1.595,2026-07-21 07:19:59 UTC,2026-07-21 07:48:39 UTC,1719.12,0.32,0.0043,0.0,-0.001,-0.09,-23.44,STOP_LOSS_HIT,0.1964
2297,TRUMP_USDT,LONG,StochasticRSI(FAST_SCALP-LONG),2,0.2,1.595,1.598,1.598,1.59,2026-07-21 07:51:59 UTC,2026-07-21 07:53:39 UTC,99.82,0.319,0.0043,0.0,0.0006,0.06,14.11,MIN_PROFIT_TP_HIT,0.197
2298,TRUMP_USDT,SHORT,StochasticRSI(FAST_SCALP-SHORT),2,0.2,1.598,1.595,1.595,1.603,2026-07-21 07:59:59 UTC,2026-07-21 08:27:23 UTC,1643.73,0.3196,0.0043,0.0,0.0006,0.06,14.08,MIN_PROFIT_TP_HIT,0.1976
2299,TRUMP_USDT,LONG,StochasticRSI(FAST_SCALP-LONG),2,0.2,1.595,1.598,1.598,1.59,2026-07-21 08:31:59 UTC,2026-07-21 08:49:42 UTC,1062.81,0.319,0.0043,0.0,0.0006,0.06,14.11,MIN_PROFIT_TP_HIT,0.1982
2300,TRUMP_USDT,SHORT,StochasticRSI(FAST_SCALP-SHORT),2,0.2,1.597,1.594,1.594,1.602,2026-07-21 08:53:59 UTC,2026-07-21 09:08:14 UTC,854.71,0.3194,0.0043,0.0,0.0006,0.06,14.09,MIN_PROFIT_TP_HIT,0.1988
2301,TRUMP_USDT,LONG,StochasticRSI(FAST_SCALP-LONG),2,0.2,1.595,1.59,1.598,1.59,2026-07-21 09:09:59 UTC,2026-07-21 09:22:56 UTC,776.88,0.319,0.0043,0.0,-0.001,-0.09,-23.51,STOP_LOSS_HIT,0.1978
2302,TRUMP_USDT,LONG,StochasticRSI(FAST_SCALP-LONG),2,0.2,1.593,1.596,1.596,1.588,2026-07-21 09:24:59 UTC,2026-07-21 09:33:34 UTC,514.65,0.3186,0.0042,0.0,0.0006,0.06,14.12,MIN_PROFIT_TP_HIT,0.1984
2303,TRUMP_USDT,SHORT,StochasticRSI(FAST_SCALP-SHORT),2,0.2,1.595,1.592,1.592,1.6,2026-07-21 09:35:59 UTC,2026-07-21 09:39:09 UTC,189.16,0.319,0.0043,0.0,0.0006,0.06,14.11,MIN_PROFIT_TP_HIT,0.199
2304,TRUMP_USDT,LONG,StochasticRSI(FAST_SCALP-LONG),2,0.2,1.596,1.599,1.599,1.591,2026-07-21 09:42:59 UTC,2026-07-21 09:49:43 UTC,403.12,0.3192,0.0043,0.0,0.0006,0.06,14.1,MIN_PROFIT_TP_HIT,0.1996
2305,TRUMP_USDT,LONG,StochasticRSI(FAST_SCALP-LONG),2,0.2,1.596,1.599,1.599,1.591,2026-07-21 09:57:59 UTC,2026-07-21 10:26:20 UTC,1700.17,0.3192,0.0043,0.0,0.0006,0.06,14.1,MIN_PROFIT_TP_HIT,0.2002
2306,TRUMP_USDT,SHORT,StochasticRSI(FAST_SCALP-SHORT),2,0.2,1.597,1.602,1.594,1.602,2026-07-21 10:28:59 UTC,2026-07-21 10:35:39 UTC,399.47,0.3194,0.0043,0.0,-0.001,-0.09,-23.48,STOP_LOSS_HIT,0.1992
2307,TRUMP_USDT,SHORT,StochasticRSI(FAST_SCALP-SHORT),2,0.2,1.6,1.597,1.597,1.605,2026-07-21 10:37:59 UTC,2026-07-21 10:50:08 UTC,728.49,0.32,0.0043,0.0,0.0006,0.06,14.06,MIN_PROFIT_TP_HIT,0.1998
2308,TRUMP_USDT,LONG,StochasticRSI(FAST_SCALP-LONG),2,0.2,1.593,1.596,1.596,1.588,2026-07-21 10:58:59 UTC,2026-07-21 11:23:13 UTC,1453.86,0.3186,0.0042,0.0,0.0006,0.06,14.12,MIN_PROFIT_TP_HIT,0.2004
2309,TRUMP_USDT,SHORT,StochasticRSI(FAST_SCALP-SHORT),2,0.2,1.597,1.594,1.594,1.602,2026-07-21 11:26:59 UTC,2026-07-21 12:03:53 UTC,2213.08,0.3194,0.0043,0.0,0.0006,0.06,14.09,MIN_PROFIT_TP_HIT,0.201
2310,TRUMP_USDT,LONG,StochasticRSI(FAST_SCALP-LONG),2,0.2,1.598,1.601,1.601,1.593,2026-07-21 12:05:59 UTC,2026-07-21 12:09:36 UTC,216.49,0.3196,0.0043,0.0,0.0006,0.06,14.08,MIN_PROFIT_TP_HIT,0.2016
2311,TRUMP_USDT,SHORT,StochasticRSI(FAST_SCALP-SHORT),2,0.2,1.601,1.598,1.598,1.606,2026-07-21 12:12:59 UTC,2026-07-21 12:22:57 UTC,597.39,0.3202,0.0043,0.0,0.0006,0.06,14.05,MIN_PROFIT_TP_HIT,0.2022
2312,TRUMP_USDT,LONG,StochasticRSI(FAST_SCALP-LONG),2,0.2,1.6,1.603,1.603,1.595,2026-07-21 12:25:59 UTC,2026-07-21 12:50:54 UTC,1494.77,0.32,0.0043,0.0,0.0006,0.06,14.06,MIN_PROFIT_TP_HIT,0.2028
2313,TRUMP_USDT,SHORT,StochasticRSI(FAST_SCALP-SHORT),2,0.2,1.601,1.598,1.598,1.606,2026-07-21 12:52:59 UTC,2026-07-21 13:09:28 UTC,988.12,0.3202,0.0043,0.0,0.0006,0.06,14.05,MIN_PROFIT_TP_HIT,0.2034
2314,TRUMP_USDT,LONG,StochasticRSI(FAST_SCALP-LONG),2,0.2,1.599,1.602,1.602,1.594,2026-07-21 13:13:59 UTC,2026-07-21 13:27:38 UTC,818.48,0.3198,0.0043,0.0,0.0006,0.06,14.07,MIN_PROFIT_TP_HIT,0.204
2315,TRUMP_USDT,SHORT,StochasticRSI(FAST_SCALP-SHORT),2,0.2,1.601,1.606,1.598,1.606,2026-07-21 13:32:59 UTC,2026-07-21 13:38:16 UTC,316.12,0.3202,0.0043,0.0,-0.001,-0.09,-23.42,STOP_LOSS_HIT,0.203
2316,TRUMP_USDT,LONG,StochasticRSI(FAST_SCALP-LONG),2,0.2,1.604,1.607,1.607,1.599,2026-07-21 13:45:59 UTC,2026-07-21 13:48:56 UTC,176.3,0.3208,0.0043,0.0,0.0006,0.06,14.03,MIN_PROFIT_TP_HIT,0.2036
2317,TRUMP_USDT,SHORT,StochasticRSI(FAST_SCALP-SHORT),2,0.2,1.606,1.603,1.603,1.611,2026-07-21 13:52:59 UTC,2026-07-21 14:09:09 UTC,969.59,0.3212,0.0043,0.0,0.0006,0.06,14.01,MIN_PROFIT_TP_HIT,0.2042
2318,TRUMP_USDT,LONG,StochasticRSI(FAST_SCALP-LONG),2,0.2,1.607,1.602,1.61,1.602,2026-07-21 14:11:59 UTC,2026-07-21 14:22:31 UTC,631.45,0.3214,0.0043,0.0,-0.001,-0.09,-23.34,STOP_LOSS_HIT,0.2032
2319,TRUMP_USDT,LONG,StochasticRSI(FAST_SCALP-LONG),2,0.2,1.599,1.602,1.602,1.594,2026-07-21 14:32:59 UTC,2026-07-21 14:35:29 UTC,149.49,0.3198,0.0043,0.0,0.0006,0.06,14.07,MIN_PROFIT_TP_HIT,0.2038
2320,TRUMP_USDT,SHORT,StochasticRSI(FAST_SCALP-SHORT),2,0.2,1.601,1.606,1.598,1.606,2026-07-21 14:37:59 UTC,2026-07-21 14:44:57 UTC,417.39,0.3202,0.0043,0.0,-0.001,-0.09,-23.42,STOP_LOSS_HIT,0.2028
2321,TRUMP_USDT,SHORT,StochasticRSI(FAST_SCALP-SHORT),2,0.2,1.604,1.601,1.601,1.609,2026-07-21 14:46:59 UTC,2026-07-21 14:52:17 UTC,317.14,0.3208,0.0043,0.0,0.0006,0.06,14.03,MIN_PROFIT_TP_HIT,0.2034
2322,TRUMP_USDT,LONG,StochasticRSI(FAST_SCALP-LONG),2,0.2,1.602,1.605,1.605,1.597,2026-07-21 14:55:59 UTC,2026-07-21 14:58:48 UTC,168.04,0.3204,0.0043,0.0,0.0006,0.06,14.04,MIN_PROFIT_TP_HIT,0.204
2323,TRUMP_USDT,SHORT,StochasticRSI(FAST_SCALP-SHORT),2,0.2,1.603,1.608,1.6,1.608,2026-07-21 15:02:59 UTC,2026-07-21 15:12:02 UTC,542.38,0.3206,0.0043,0.0,-0.001,-0.09,-23.39,STOP_LOSS_HIT,0.203
2324,TRUMP_USDT,LONG,StochasticRSI(FAST_SCALP-LONG),2,0.2,1.608,1.603,1.611,1.603,2026-07-21 15:18:59 UTC,2026-07-21 15:30:30 UTC,690.74,0.3216,0.0043,0.0,-0.001,-0.09,-23.32,STOP_LOSS_HIT,0.202
2325,TRUMP_USDT,LONG,StochasticRSI(FAST_SCALP-LONG),2,0.2,1.605,1.608,1.608,1.6,2026-07-21 15:34:59 UTC,2026-07-21 15:37:07 UTC,127.25,0.321,0.0043,0.0,0.0006,0.06,14.02,MIN_PROFIT_TP_HIT,0.2026
2326,TRUMP_USDT,SHORT,StochasticRSI(FAST_SCALP-SHORT),2,0.2,1.608,1.605,1.605,1.613,2026-07-21 15:39:59 UTC,2026-07-21 15:40:19 UTC,19.78,0.3216,0.0043,0.0,0.0006,0.06,13.99,MIN_PROFIT_TP_HIT,0.2032
2327,TRUMP_USDT,LONG,StochasticRSI(FAST_SCALP-LONG),2,0.2,1.608,1.611,1.611,1.603,2026-07-21 15:48:59 UTC,2026-07-21 15:53:00 UTC,240.46,0.3216,0.0043,0.0,0.0006,0.06,13.99,MIN_PROFIT_TP_HIT,0.2038
2328,TRUMP_USDT,SHORT,StochasticRSI(FAST_SCALP-SHORT),2,0.2,1.611,1.608,1.608,1.616,2026-07-21 15:56:59 UTC,2026-07-21 15:58:03 UTC,63.31,0.3222,0.0043,0.0,0.0006,0.06,13.97,MIN_PROFIT_TP_HIT,0.2044
2329,TRUMP_USDT,SHORT,StochasticRSI(FAST_SCALP-SHORT),2,0.2,1.609,1.606,1.606,1.614,2026-07-21 15:59:59 UTC,2026-07-21 16:00:45 UTC,45.2,0.3218,0.0043,0.0,0.0006,0.06,13.98,MIN_PROFIT_TP_HIT,0.205
2330,TRUMP_USDT,LONG,StochasticRSI(FAST_SCALP-LONG),2,0.2,1.606,1.601,1.609,1.601,2026-07-21 16:03:59 UTC,2026-07-21 16:09:40 UTC,340.57,0.3212,0.0043,0.0,-0.001,-0.09,-23.35,STOP_LOSS_HIT,0.204
2331,TRUMP_USDT,LONG,StochasticRSI(FAST_SCALP-LONG),2,0.2,1.601,1.604,1.604,1.596,2026-07-21 16:11:59 UTC,2026-07-21 16:34:48 UTC,1368.03,0.3202,0.0043,0.0,0.0006,0.06,14.05,MIN_PROFIT_TP_HIT,0.2046
2332,TRUMP_USDT,LONG,StochasticRSI(FAST_SCALP-LONG),2,0.2,1.6,1.603,1.603,1.595,2026-07-21 16:43:59 UTC,2026-07-21 16:55:55 UTC,715.11,0.32,0.0043,0.0,0.0006,0.06,14.06,MIN_PROFIT_TP_HIT,0.2052
2333,TRUMP_USDT,SHORT,StochasticRSI(FAST_SCALP-SHORT),2,0.2,1.604,1.601,1.601,1.609,2026-07-21 17:00:59 UTC,2026-07-21 17:06:22 UTC,322.17,0.3208,0.0043,0.0,0.0006,0.06,14.03,MIN_PROFIT_TP_HIT,0.2058
2334,TRUMP_USDT,LONG,StochasticRSI(FAST_SCALP-LONG),2,0.2,1.6,1.595,1.603,1.595,2026-07-21 17:10:59 UTC,2026-07-21 17:28:19 UTC,1039.53,0.32,0.0043,0.0,-0.001,-0.09,-23.44,STOP_LOSS_HIT,0.2048
2335,TRUMP_USDT,LONG,StochasticRSI(FAST_SCALP-LONG),2,0.2,1.597,1.6,1.6,1.592,2026-07-21 17:31:59 UTC,2026-07-21 17:34:24 UTC,144.89,0.3194,0.0043,0.0,0.0006,0.06,14.09,MIN_PROFIT_TP_HIT,0.2054
2336,TRUMP_USDT,SHORT,StochasticRSI(FAST_SCALP-SHORT),2,0.2,1.6,1.597,1.597,1.605,2026-07-21 17:41:59 UTC,2026-07-21 17:46:55 UTC,295.78,0.32,0.0043,0.0,0.0006,0.06,14.06,MIN_PROFIT_TP_HIT,0.206
2337,TRUMP_USDT,SHORT,StochasticRSI(FAST_SCALP-SHORT),2,0.2,1.599,1.596,1.596,1.604,2026-07-21 18:08:59 UTC,2026-07-21 18:25:06 UTC,966.4,0.3198,0.0043,0.0,0.0006,0.06,14.07,MIN_PROFIT_TP_HIT,0.2066
2338,TRUMP_USDT,LONG,StochasticRSI(FAST_SCALP-LONG),2,0.2,1.6,1.603,1.603,1.595,2026-07-21 18:34:59 UTC,2026-07-21 18:46:26 UTC,686.11,0.32,0.0043,0.0,0.0006,0.06,14.06,MIN_PROFIT_TP_HIT,0.2072
2339,TRUMP_USDT,LONG,StochasticRSI(FAST_SCALP-LONG),2,0.2,1.597,1.6,1.6,1.592,2026-07-21 19:00:59 UTC,2026-07-21 19:22:24 UTC,1284.27,0.3194,0.0043,0.0,0.0006,0.06,14.09,MIN_PROFIT_TP_HIT,0.2078
2340,TRUMP_USDT,SHORT,StochasticRSI(FAST_SCALP-SHORT),2,0.2,1.599,1.604,1.596,1.604,2026-07-21 19:28:59 UTC,2026-07-21 19:51:13 UTC,1333.35,0.3198,0.0043,0.0,-0.001,-0.09,-23.45,STOP_LOSS_HIT,0.2068
2341,TRUMP_USDT,LONG,StochasticRSI(FAST_SCALP-LONG),2,0.2,1.598,1.593,1.601,1.593,2026-07-21 20:07:59 UTC,2026-07-21 20:52:51 UTC,2691.07,0.3196,0.0043,0.0,-0.001,-0.09,-23.47,STOP_LOSS_HIT,0.2058
2342,TRUMP_USDT,LONG,StochasticRSI(FAST_SCALP-LONG),2,0.2,1.594,1.589,1.597,1.589,2026-07-21 20:55:59 UTC,2026-07-21 21:04:33 UTC,513.84,0.3188,0.0043,0.0,-0.001,-0.09,-23.53,STOP_LOSS_HIT,0.2048
2343,TRUMP_USDT,LONG,StochasticRSI(FAST_SCALP-LONG),2,0.2,1.591,1.594,1.594,1.586,2026-07-21 21:05:59 UTC,2026-07-21 21:09:02 UTC,182.69,0.3182,0.0042,0.0,0.0006,0.06,14.14,MIN_PROFIT_TP_HIT,0.2054
2344,TRUMP_USDT,SHORT,StochasticRSI(FAST_SCALP-SHORT),2,0.2,1.593,1.598,1.59,1.598,2026-07-21 21:11:59 UTC,2026-07-21 21:40:00 UTC,1680.48,0.3186,0.0042,0.0,-0.001,-0.09,-23.54,STOP_LOSS_HIT,0.2044
2345,TRUMP_USDT,SHORT,StochasticRSI(FAST_SCALP-SHORT),2,0.2,1.596,1.593,1.593,1.601,2026-07-21 21:42:59 UTC,2026-07-21 21:53:49 UTC,649.09,0.3192,0.0043,0.0,0.0006,0.06,14.1,MIN_PROFIT_TP_HIT,0.205
2346,TRUMP_USDT,LONG,StochasticRSI(FAST_SCALP-LONG),2,0.2,1.594,1.597,1.597,1.589,2026-07-21 21:55:59 UTC,2026-07-21 21:57:33 UTC,93.68,0.3188,0.0043,0.0,0.0006,0.06,14.12,MIN_PROFIT_TP_HIT,0.2056
2347,TRUMP_USDT,SHORT,StochasticRSI(FAST_SCALP-SHORT),2,0.2,1.596,1.593,1.593,1.601,2026-07-21 22:00:59 UTC,2026-07-21 22:52:34 UTC,3094.23,0.3192,0.0043,0.0,0.0006,0.06,14.1,MIN_PROFIT_TP_HIT,0.2062
2348,TRUMP_USDT,LONG,StochasticRSI(FAST_SCALP-LONG),2,0.2,1.59,1.585,1.593,1.585,2026-07-21 23:00:59 UTC,2026-07-21 23:10:14 UTC,554.52,0.318,0.0042,0.0,-0.001,-0.09,-23.58,STOP_LOSS_HIT,0.2052
2349,TRUMP_USDT,SHORT,StochasticRSI(FAST_SCALP-SHORT),2,0.2,1.587,1.592,1.584,1.592,2026-07-21 23:21:59 UTC,2026-07-21 23:32:05 UTC,605.78,0.3174,0.0042,0.0,-0.001,-0.09,-23.63,STOP_LOSS_HIT,0.2042
2350,TRUMP_USDT,LONG,StochasticRSI(FAST_SCALP-LONG),2,0.2,1.589,1.592,1.592,1.584,2026-07-21 23:41:59 UTC,2026-07-21 23:59:23 UTC,1043.89,0.3178,0.0042,0.0,0.0006,0.06,14.16,MIN_PROFIT_TP_HIT,0.2048
2351,TRUMP_USDT,SHORT,StochasticRSI(FAST_SCALP-SHORT),2,0.2,1.589,1.594,1.586,1.594,2026-07-22 00:01:59 UTC,2026-07-22 00:11:17 UTC,557.39,0.3178,0.0042,0.0,-0.001,-0.09,-23.6,STOP_LOSS_HIT,0.2038
2352,TRUMP_USDT,SHORT,StochasticRSI(FAST_SCALP-SHORT),2,0.2,1.594,1.591,1.591,1.599,2026-07-22 00:24:59 UTC,2026-07-22 00:32:32 UTC,452.99,0.3188,0.0043,0.0,0.0006,0.06,14.12,MIN_PROFIT_TP_HIT,0.2044
2353,TRUMP_USDT,LONG,StochasticRSI(FAST_SCALP-LONG),2,0.2,1.595,1.59,1.598,1.59,2026-07-22 00:34:59 UTC,2026-07-22 01:14:35 UTC,2375.64,0.319,0.0043,0.0,-0.001,-0.09,-23.51,STOP_LOSS_HIT,0.2034
2354,TRUMP_USDT,LONG,StochasticRSI(FAST_SCALP-LONG),2,0.2,1.589,1.584,1.592,1.584,2026-07-22 01:19:59 UTC,2026-07-22 01:25:06 UTC,306.08,0.3178,0.0042,0.0,-0.001,-0.09,-23.6,STOP_LOSS_HIT,0.2024
2355,TRUMP_USDT,LONG,StochasticRSI(FAST_SCALP-LONG),2,0.2,1.588,1.583,1.591,1.583,2026-07-22 01:27:59 UTC,2026-07-22 01:41:11 UTC,791.75,0.3176,0.0042,0.0,-0.001,-0.09,-23.61,STOP_LOSS_HIT,0.2014
2356,TRUMP_USDT,LONG,StochasticRSI(FAST_SCALP-LONG),2,0.2,1.585,1.588,1.588,1.58,2026-07-22 01:45:59 UTC,2026-07-22 01:47:35 UTC,95.05,0.317,0.0042,0.0,0.0006,0.06,14.2,MIN_PROFIT_TP_HIT,0.202
2357,TRUMP_USDT,SHORT,StochasticRSI(FAST_SCALP-SHORT),2,0.2,1.585,1.582,1.582,1.59,2026-07-22 01:50:59 UTC,2026-07-22 02:01:18 UTC,618.8,0.317,0.0042,0.0,0.0006,0.06,14.2,MIN_PROFIT_TP_HIT,0.2026
2358,TRUMP_USDT,LONG,StochasticRSI(FAST_SCALP-LONG),2,0.2,1.583,1.586,1.586,1.578,2026-07-22 02:05:59 UTC,2026-07-22 03:28:16 UTC,4936.8,0.3166,0.0042,0.0,0.0006,0.06,14.21,MIN_PROFIT_TP_HIT,0.2032
2359,TRUMP_USDT,SHORT,StochasticRSI(FAST_SCALP-SHORT),2,0.2,1.584,1.589,1.581,1.589,2026-07-22 03:32:59 UTC,2026-07-22 04:10:53 UTC,2273.4,0.3168,0.0042,0.0,-0.001,-0.09,-23.67,STOP_LOSS_HIT,0.2022
2360,TRUMP_USDT,SHORT,StochasticRSI(FAST_SCALP-SHORT),2,0.2,1.588,1.593,1.585,1.593,2026-07-22 04:16:59 UTC,2026-07-22 04:43:17 UTC,1577.45,0.3176,0.0042,0.0,-0.001,-0.09,-23.61,STOP_LOSS_HIT,0.2012
2361,TRUMP_USDT,SHORT,StochasticRSI(FAST_SCALP-SHORT),2,0.2,1.591,1.588,1.588,1.596,2026-07-22 04:47:59 UTC,2026-07-22 05:05:12 UTC,1032.4,0.3182,0.0042,0.0,0.0006,0.06,14.14,MIN_PROFIT_TP_HIT,0.2018
2362,TRUMP_USDT,LONG,StochasticRSI(FAST_SCALP-LONG),2,0.2,1.586,1.589,1.589,1.581,2026-07-22 05:20:59 UTC,2026-07-22 05:54:36 UTC,2016.43,0.3172,0.0042,0.0,0.0006,0.06,14.19,MIN_PROFIT_TP_HIT,0.2024
2363,TRUMP_USDT,LONG,StochasticRSI(FAST_SCALP-LONG),2,0.2,1.584,1.587,1.587,1.579,2026-07-22 06:01:59 UTC,2026-07-22 06:12:52 UTC,652.92,0.3168,0.0042,0.0,0.0006,0.06,14.2,MIN_PROFIT_TP_HIT,0.203
2364,TRUMP_USDT,SHORT,StochasticRSI(FAST_SCALP-SHORT),2,0.2,1.585,1.582,1.582,1.59,2026-07-22 06:14:59 UTC,2026-07-22 06:20:53 UTC,353.15,0.317,0.0042,0.0,0.0006,0.06,14.2,MIN_PROFIT_TP_HIT,0.2036
2365,TRUMP_USDT,LONG,StochasticRSI(FAST_SCALP-LONG),2,0.2,1.584,1.587,1.587,1.579,2026-07-22 06:23:59 UTC,2026-07-22 06:35:05 UTC,665.28,0.3168,0.0042,0.0,0.0006,0.06,14.2,MIN_PROFIT_TP_HIT,0.2042
2366,TRUMP_USDT,SHORT,StochasticRSI(FAST_SCALP-SHORT),2,0.2,1.589,1.586,1.586,1.594,2026-07-22 06:39:59 UTC,2026-07-22 06:51:12 UTC,672.07,0.3178,0.0042,0.0,0.0006,0.06,14.16,MIN_PROFIT_TP_HIT,0.2048
2367,TRUMP_USDT,LONG,StochasticRSI(FAST_SCALP-LONG),2,0.2,1.587,1.582,1.59,1.582,2026-07-22 07:05:59 UTC,2026-07-22 07:35:00 UTC,1740.52,0.3174,0.0042,0.0,-0.001,-0.09,-23.63,STOP_LOSS_HIT,0.2038
2368,TRUMP_USDT,LONG,StochasticRSI(FAST_SCALP-LONG),2,0.2,1.582,1.585,1.585,1.577,2026-07-22 07:39:59 UTC,2026-07-22 07:45:33 UTC,333.18,0.3164,0.0042,0.0,0.0006,0.06,14.22,MIN_PROFIT_TP_HIT,0.2044
2369,TRUMP_USDT,SHORT,StochasticRSI(FAST_SCALP-SHORT),2,0.2,1.583,1.588,1.58,1.588,2026-07-22 07:49:59 UTC,2026-07-22 08:00:40 UTC,640.58,0.3166,0.0042,0.0,-0.001,-0.09,-23.69,STOP_LOSS_HIT,0.2034
2370,TRUMP_USDT,LONG,StochasticRSI(FAST_SCALP-LONG),2,0.2,1.591,1.594,1.594,1.586,2026-07-22 08:05:59 UTC,2026-07-22 08:07:26 UTC,86.02,0.3182,0.0042,0.0,0.0006,0.06,14.14,MIN_PROFIT_TP_HIT,0.204
2371,TRUMP_USDT,SHORT,StochasticRSI(FAST_SCALP-SHORT),2,0.2,1.6,1.597,1.597,1.605,2026-07-22 08:10:59 UTC,2026-07-22 08:11:01 UTC,1.06,0.32,0.0043,0.0,0.0006,0.06,14.06,MIN_PROFIT_TP_HIT,0.2046
2372,TRUMP_USDT,LONG,StochasticRSI(FAST_SCALP-LONG),2,0.2,1.597,1.592,1.6,1.592,2026-07-22 08:20:59 UTC,2026-07-22 08:37:25 UTC,985.04,0.3194,0.0043,0.0,-0.001,-0.09,-23.48,STOP_LOSS_HIT,0.2036
2373,TRUMP_USDT,LONG,StochasticRSI(FAST_SCALP-LONG),2,0.2,1.593,1.596,1.596,1.588,2026-07-22 08:40:59 UTC,2026-07-22 09:06:17 UTC,1517.17,0.3186,0.0042,0.0,0.0006,0.06,14.12,MIN_PROFIT_TP_HIT,0.2042
2374,TRUMP_USDT,LONG,StochasticRSI(FAST_SCALP-LONG),2,0.2,1.596,1.599,1.599,1.591,2026-07-22 09:14:59 UTC,2026-07-22 09:18:07 UTC,187.72,0.3192,0.0043,0.0,0.0006,0.06,14.1,MIN_PROFIT_TP_HIT,0.2048
2375,TRUMP_USDT,SHORT,StochasticRSI(FAST_SCALP-SHORT),2,0.2,1.599,1.596,1.596,1.604,2026-07-22 09:22:59 UTC,2026-07-22 09:34:28 UTC,688.4,0.3198,0.0043,0.0,0.0006,0.06,14.07,MIN_PROFIT_TP_HIT,0.2054
2376,TRUMP_USDT,LONG,StochasticRSI(FAST_SCALP-LONG),2,0.2,1.598,1.601,1.601,1.593,2026-07-22 09:37:59 UTC,2026-07-22 09:42:40 UTC,280.12,0.3196,0.0043,0.0,0.0006,0.06,14.08,MIN_PROFIT_TP_HIT,0.206
2377,TRUMP_USDT,SHORT,StochasticRSI(FAST_SCALP-SHORT),2,0.2,1.601,1.606,1.598,1.606,2026-07-22 09:47:59 UTC,2026-07-22 10:07:28 UTC,1168.04,0.3202,0.0043,0.0,-0.001,-0.09,-23.42,STOP_LOSS_HIT,0.205
2378,TRUMP_USDT,SHORT,StochasticRSI(FAST_SCALP-SHORT),2,0.2,1.603,1.6,1.6,1.608,2026-07-22 10:11:59 UTC,2026-07-22 10:12:54 UTC,54.39,0.3206,0.0043,0.0,0.0006,0.06,14.04,MIN_PROFIT_TP_HIT,0.2056
2379,TRUMP_USDT,LONG,StochasticRSI(FAST_SCALP-LONG),2,0.2,1.602,1.605,1.605,1.597,2026-07-22 10:16:59 UTC,2026-07-22 10:19:04 UTC,124.73,0.3204,0.0043,0.0,0.0006,0.06,14.04,MIN_PROFIT_TP_HIT,0.2062
2380,TRUMP_USDT,LONG,StochasticRSI(FAST_SCALP-LONG),2,0.2,1.6,1.603,1.603,1.595,2026-07-22 10:25:59 UTC,2026-07-22 10:27:11 UTC,71.08,0.32,0.0043,0.0,0.0006,0.06,14.06,MIN_PROFIT_TP_HIT,0.2068
2381,TRUMP_USDT,SHORT,StochasticRSI(FAST_SCALP-SHORT),2,0.2,1.603,1.6,1.6,1.608,2026-07-22 10:31:59 UTC,2026-07-22 11:07:02 UTC,2102.3,0.3206,0.0043,0.0,0.0006,0.06,14.04,MIN_PROFIT_TP_HIT,0.2074
2382,TRUMP_USDT,LONG,StochasticRSI(FAST_SCALP-LONG),2,0.2,1.599,1.594,1.602,1.594,2026-07-22 11:11:59 UTC,2026-07-22 11:40:54 UTC,1734.36,0.3198,0.0043,0.0,-0.001,-0.09,-23.45,STOP_LOSS_HIT,0.2064
2383,TRUMP_USDT,SHORT,StochasticRSI(FAST_SCALP-SHORT),2,0.2,1.598,1.603,1.595,1.603,2026-07-22 11:41:59 UTC,2026-07-22 11:59:04 UTC,1024.86,0.3196,0.0043,0.0,-0.001,-0.09,-23.47,STOP_LOSS_HIT,0.2054
2384,TRUMP_USDT,SHORT,StochasticRSI(FAST_SCALP-SHORT),2,0.2,1.6,1.597,1.597,1.605,2026-07-22 12:03:59 UTC,2026-07-22 12:06:43 UTC,163.59,0.32,0.0043,0.0,0.0006,0.06,14.06,MIN_PROFIT_TP_HIT,0.206
2385,TRUMP_USDT,LONG,StochasticRSI(FAST_SCALP-LONG),2,0.2,1.597,1.592,1.6,1.592,2026-07-22 12:11:59 UTC,2026-07-22 12:38:03 UTC,1563.4,0.3194,0.0043,0.0,-0.001,-0.09,-23.48,STOP_LOSS_HIT,0.205
2386,TRUMP_USDT,LONG,StochasticRSI(FAST_SCALP-LONG),2,0.2,1.594,1.589,1.597,1.589,2026-07-22 12:40:59 UTC,2026-07-22 12:49:37 UTC,517.32,0.3188,0.0043,0.0,-0.001,-0.09,-23.53,STOP_LOSS_HIT,0.204
2387,TRUMP_USDT,SHORT,StochasticRSI(FAST_SCALP-SHORT),2,0.2,1.589,1.586,1.586,1.594,2026-07-22 12:50:59 UTC,2026-07-22 12:56:52 UTC,352.67,0.3178,0.0042,0.0,0.0006,0.06,14.16,MIN_PROFIT_TP_HIT,0.2046
2388,TRUMP_USDT,SHORT,StochasticRSI(FAST_SCALP-SHORT),2,0.2,1.59,1.587,1.587,1.595,2026-07-22 13:04:59 UTC,2026-07-22 13:27:01 UTC,1321.25,0.318,0.0042,0.0,0.0006,0.06,14.15,MIN_PROFIT_TP_HIT,0.2052
2389,TRUMP_USDT,LONG,StochasticRSI(FAST_SCALP-LONG),2,0.2,1.587,1.59,1.59,1.582,2026-07-22 13:29:59 UTC,2026-07-22 13:30:49 UTC,49.07,0.3174,0.0042,0.0,0.0006,0.06,14.18,MIN_PROFIT_TP_HIT,0.2058
2390,TRUMP_USDT,SHORT,StochasticRSI(FAST_SCALP-SHORT),2,0.2,1.594,1.599,1.591,1.599,2026-07-22 13:37:59 UTC,2026-07-22 13:42:30 UTC,270.85,0.3188,0.0043,0.0,-0.001,-0.09,-23.53,STOP_LOSS_HIT,0.2048
2391,TRUMP_USDT,SHORT,StochasticRSI(FAST_SCALP-SHORT),2,0.2,1.598,1.595,1.595,1.603,2026-07-22 13:46:59 UTC,2026-07-22 13:47:53 UTC,53.14,0.3196,0.0043,0.0,0.0006,0.06,14.08,MIN_PROFIT_TP_HIT,0.2054
2392,TRUMP_USDT,LONG,StochasticRSI(FAST_SCALP-LONG),2,0.2,1.594,1.597,1.597,1.589,2026-07-22 13:52:59 UTC,2026-07-22 13:54:45 UTC,105.82,0.3188,0.0043,0.0,0.0006,0.06,14.12,MIN_PROFIT_TP_HIT,0.206
2393,TRUMP_USDT,SHORT,StochasticRSI(FAST_SCALP-SHORT),2,0.2,1.597,1.602,1.594,1.602,2026-07-22 14:02:59 UTC,2026-07-22 14:05:04 UTC,124.03,0.3194,0.0043,0.0,-0.001,-0.09,-23.48,STOP_LOSS_HIT,0.205
2394,TRUMP_USDT,SHORT,StochasticRSI(FAST_SCALP-SHORT),2,0.2,1.599,1.596,1.596,1.604,2026-07-22 14:08:59 UTC,2026-07-22 14:15:08 UTC,368.81,0.3198,0.0043,0.0,0.0006,0.06,14.07,MIN_PROFIT_TP_HIT,0.2056
2395,TRUMP_USDT,LONG,StochasticRSI(FAST_SCALP-LONG),2,0.2,1.597,1.592,1.6,1.592,2026-07-22 14:18:59 UTC,2026-07-22 14:29:35 UTC,635.24,0.3194,0.0043,0.0,-0.001,-0.09,-23.48,STOP_LOSS_HIT,0.2046
2396,TRUMP_USDT,SHORT,StochasticRSI(FAST_SCALP-SHORT),2,0.2,1.595,1.592,1.592,1.6,2026-07-22 14:35:59 UTC,2026-07-22 14:41:50 UTC,350.67,0.319,0.0043,0.0,0.0006,0.06,14.11,MIN_PROFIT_TP_HIT,0.2052
2397,TRUMP_USDT,LONG,StochasticRSI(FAST_SCALP-LONG),2,0.2,1.594,1.597,1.597,1.589,2026-07-22 14:43:59 UTC,2026-07-22 14:46:08 UTC,128.9,0.3188,0.0043,0.0,0.0006,0.06,14.12,MIN_PROFIT_TP_HIT,0.2058
2398,TRUMP_USDT,SHORT,StochasticRSI(FAST_SCALP-SHORT),2,0.2,1.597,1.594,1.594,1.602,2026-07-22 14:49:59 UTC,2026-07-22 14:51:20 UTC,80.43,0.3194,0.0043,0.0,0.0006,0.06,14.09,MIN_PROFIT_TP_HIT,0.2064
2399,TRUMP_USDT,LONG,StochasticRSI(FAST_SCALP-LONG),2,0.2,1.595,1.598,1.598,1.59,2026-07-22 14:56:59 UTC,2026-07-22 14:58:00 UTC,60.43,0.319,0.0043,0.0,0.0006,0.06,14.11,MIN_PROFIT_TP_HIT,0.207
2400,TRUMP_USDT,SHORT,StochasticRSI(FAST_SCALP-SHORT),2,0.2,1.601,1.606,1.598,1.606,2026-07-22 15:02:59 UTC,2026-07-22 15:20:16 UTC,1036.73,0.3202,0.0043,0.0,-0.001,-0.09,-23.42,STOP_LOSS_HIT,0.206
2401,TRUMP_USDT,SHORT,StochasticRSI(FAST_SCALP-SHORT),2,0.2,1.604,1.601,1.601,1.609,2026-07-22 15:22:59 UTC,2026-07-22 15:32:51 UTC,591.66,0.3208,0.0043,0.0,0.0006,0.06,14.03,MIN_PROFIT_TP_HIT,0.2066
2402,TRUMP_USDT,LONG,StochasticRSI(FAST_SCALP-LONG),2,0.2,1.601,1.604,1.604,1.596,2026-07-22 15:35:59 UTC,2026-07-22 15:48:20 UTC,740.35,0.3202,0.0043,0.0,0.0006,0.06,14.05,MIN_PROFIT_TP_HIT,0.2072
2403,TRUMP_USDT,SHORT,StochasticRSI(FAST_SCALP-SHORT),2,0.2,1.602,1.599,1.599,1.607,2026-07-22 15:51:59 UTC,2026-07-22 15:53:56 UTC,116.74,0.3204,0.0043,0.0,0.0006,0.06,14.04,MIN_PROFIT_TP_HIT,0.2078
2404,TRUMP_USDT,SHORT,StochasticRSI(FAST_SCALP-SHORT),2,0.2,1.606,1.603,1.603,1.611,2026-07-22 16:01:59 UTC,2026-07-22 16:02:33 UTC,33.88,0.3212,0.0043,0.0,0.0006,0.06,14.01,MIN_PROFIT_TP_HIT,0.2084
2405,TRUMP_USDT,SHORT,StochasticRSI(FAST_SCALP-SHORT),2,0.2,1.605,1.602,1.602,1.61,2026-07-22 16:03:59 UTC,2026-07-22 16:10:13 UTC,373.9,0.321,0.0043,0.0,0.0006,0.06,14.02,MIN_PROFIT_TP_HIT,0.209
2406,TRUMP_USDT,LONG,StochasticRSI(FAST_SCALP-LONG),2,0.2,1.578,1.581,1.581,1.573,2026-07-22 16:17:59 UTC,2026-07-22 16:18:33 UTC,33.09,0.3156,0.0042,0.0,0.0006,0.06,14.26,MIN_PROFIT_TP_HIT,0.2096
2407,TRUMP_USDT,SHORT,StochasticRSI(FAST_SCALP-SHORT),2,0.2,1.591,1.596,1.588,1.596,2026-07-22 16:30:59 UTC,2026-07-22 16:31:48 UTC,48.6,0.3182,0.0042,0.0,-0.001,-0.09,-23.57,STOP_LOSS_HIT,0.2086
2408,TRUMP_USDT,SHORT,StochasticRSI(FAST_SCALP-SHORT),2,0.2,1.601,1.598,1.598,1.606,2026-07-22 16:35:59 UTC,2026-07-22 16:46:51 UTC,651.16,0.3202,0.0043,0.0,0.0006,0.06,14.05,MIN_PROFIT_TP_HIT,0.2092
2409,TRUMP_USDT,LONG,StochasticRSI(FAST_SCALP-LONG),2,0.2,1.6,1.603,1.603,1.595,2026-07-22 16:49:59 UTC,2026-07-22 16:52:36 UTC,156.91,0.32,0.0043,0.0,0.0006,0.06,14.06,MIN_PROFIT_TP_HIT,0.2098
2410,TRUMP_USDT,SHORT,StochasticRSI(FAST_SCALP-SHORT),2,0.2,1.609,1.614,1.606,1.614,2026-07-22 16:55:59 UTC,2026-07-22 16:56:12 UTC,12.78,0.3218,0.0043,0.0,-0.001,-0.09,-23.31,STOP_LOSS_HIT,0.2088
2411,TRUMP_USDT,SHORT,StochasticRSI(FAST_SCALP-SHORT),2,0.2,1.611,1.616,1.608,1.616,2026-07-22 16:59:59 UTC,2026-07-22 17:03:07 UTC,187.53,0.3222,0.0043,0.0,-0.001,-0.09,-23.28,STOP_LOSS_HIT,0.2078
2412,TRUMP_USDT,LONG,StochasticRSI(FAST_SCALP-LONG),2,0.2,1.613,1.616,1.616,1.608,2026-07-22 17:08:59 UTC,2026-07-22 17:11:14 UTC,134.98,0.3226,0.0043,0.0,0.0006,0.06,13.95,MIN_PROFIT_TP_HIT,0.2084
2413,TRUMP_USDT,LONG,StochasticRSI(FAST_SCALP-LONG),2,0.2,1.621,1.616,1.624,1.616,2026-07-22 17:12:59 UTC,2026-07-22 17:16:15 UTC,195.97,0.3242,0.0043,0.0,-0.001,-0.09,-23.13,STOP_LOSS_HIT,0.2074
2414,TRUMP_USDT,LONG,StochasticRSI(FAST_SCALP-LONG),2,0.2,1.608,1.611,1.611,1.603,2026-07-22 17:25:59 UTC,2026-07-22 17:30:09 UTC,249.12,0.3216,0.0043,0.0,0.0006,0.06,13.99,MIN_PROFIT_TP_HIT,0.208
2415,TRUMP_USDT,SHORT,StochasticRSI(FAST_SCALP-SHORT),2,0.2,1.622,1.619,1.619,1.627,2026-07-22 17:37:59 UTC,2026-07-22 17:40:57 UTC,177.08,0.3244,0.0043,0.0,0.0006,0.06,13.87,MIN_PROFIT_TP_HIT,0.2086
2416,TRUMP_USDT,SHORT,StochasticRSI(FAST_SCALP-SHORT),2,0.2,1.619,1.624,1.616,1.624,2026-07-22 17:41:59 UTC,2026-07-22 17:43:22 UTC,82.64,0.3238,0.0043,0.0,-0.001,-0.09,-23.16,STOP_LOSS_HIT,0.2076
2417,TRUMP_USDT,LONG,StochasticRSI(FAST_SCALP-LONG),2,0.2,1.629,1.624,1.632,1.624,2026-07-22 17:44:59 UTC,2026-07-22 17:48:26 UTC,206.52,0.3258,0.0043,0.0,-0.001,-0.09,-23.02,STOP_LOSS_HIT,0.2066
2418,TRUMP_USDT,LONG,StochasticRSI(FAST_SCALP-LONG),2,0.2,1.617,1.62,1.62,1.612,2026-07-22 17:57:59 UTC,2026-07-22 18:00:55 UTC,175.37,0.3234,0.0043,0.0,0.0006,0.06,13.91,MIN_PROFIT_TP_HIT,0.2072
2419,TRUMP_USDT,SHORT,StochasticRSI(FAST_SCALP-SHORT),2,0.2,1.616,1.613,1.613,1.621,2026-07-22 18:22:59 UTC,2026-07-22 18:37:35 UTC,875.1,0.3232,0.0043,0.0,0.0006,0.06,13.92,MIN_PROFIT_TP_HIT,0.2078
2420,TRUMP_USDT,LONG,StochasticRSI(FAST_SCALP-LONG),2,0.2,1.613,1.616,1.616,1.608,2026-07-22 18:41:59 UTC,2026-07-22 18:47:03 UTC,303.6,0.3226,0.0043,0.0,0.0006,0.06,13.95,MIN_PROFIT_TP_HIT,0.2084
2421,TRUMP_USDT,SHORT,StochasticRSI(FAST_SCALP-SHORT),2,0.2,1.614,1.611,1.611,1.619,2026-07-22 18:49:59 UTC,2026-07-22 19:03:21 UTC,801.65,0.3228,0.0043,0.0,0.0006,0.06,13.94,MIN_PROFIT_TP_HIT,0.209
2422,TRUMP_USDT,LONG,StochasticRSI(FAST_SCALP-LONG),2,0.2,1.614,1.609,1.617,1.609,2026-07-22 19:05:59 UTC,2026-07-22 19:11:59 UTC,359.91,0.3228,0.0043,0.0,-0.001,-0.09,-23.23,STOP_LOSS_HIT,0.208
2423,TRUMP_USDT,SHORT,StochasticRSI(FAST_SCALP-SHORT),2,0.2,1.611,1.608,1.608,1.616,2026-07-22 19:21:59 UTC,2026-07-22 19:45:39 UTC,1419.5,0.3222,0.0043,0.0,0.0006,0.06,13.97,MIN_PROFIT_TP_HIT,0.2086
2424,TRUMP_USDT,LONG,StochasticRSI(FAST_SCALP-LONG),2,0.2,1.609,1.612,1.612,1.604,2026-07-22 19:49:59 UTC,2026-07-22 20:15:10 UTC,1510.41,0.3218,0.0043,0.0,0.0006,0.06,13.98,MIN_PROFIT_TP_HIT,0.2092
2425,TRUMP_USDT,SHORT,StochasticRSI(FAST_SCALP-SHORT),2,0.2,1.611,1.616,1.608,1.616,2026-07-22 20:18:59 UTC,2026-07-22 20:25:20 UTC,380.4,0.3222,0.0043,0.0,-0.001,-0.09,-23.28,STOP_LOSS_HIT,0.2082
2426,TRUMP_USDT,SHORT,StochasticRSI(FAST_SCALP-SHORT),2,0.2,1.621,1.626,1.618,1.626,2026-07-22 20:28:59 UTC,2026-07-22 20:33:31 UTC,271.98,0.3242,0.0043,0.0,-0.001,-0.09,-23.13,STOP_LOSS_HIT,0.2072
2427,TRUMP_USDT,LONG,StochasticRSI(FAST_SCALP-LONG),2,0.2,1.621,1.616,1.624,1.616,2026-07-22 20:43:59 UTC,2026-07-22 20:49:36 UTC,336.5,0.3242,0.0043,0.0,-0.001,-0.09,-23.13,STOP_LOSS_HIT,0.2062
2428,TRUMP_USDT,LONG,StochasticRSI(FAST_SCALP-LONG),2,0.2,1.617,1.62,1.62,1.612,2026-07-22 20:52:59 UTC,2026-07-22 21:00:39 UTC,459.81,0.3234,0.0043,0.0,0.0006,0.06,13.91,MIN_PROFIT_TP_HIT,0.2068
2429,TRUMP_USDT,SHORT,StochasticRSI(FAST_SCALP-SHORT),2,0.2,1.622,1.619,1.619,1.627,2026-07-22 21:10:59 UTC,2026-07-22 21:13:00 UTC,120.58,0.3244,0.0043,0.0,0.0006,0.06,13.87,MIN_PROFIT_TP_HIT,0.2074
2430,TRUMP_USDT,LONG,StochasticRSI(FAST_SCALP-LONG),2,0.2,1.616,1.611,1.619,1.611,2026-07-22 21:22:59 UTC,2026-07-22 21:26:25 UTC,205.53,0.3232,0.0043,0.0,-0.001,-0.09,-23.21,STOP_LOSS_HIT,0.2064
2431,TRUMP_USDT,LONG,StochasticRSI(FAST_SCALP-LONG),2,0.2,1.611,1.614,1.614,1.606,2026-07-22 21:30:59 UTC,2026-07-22 21:37:11 UTC,371.42,0.3222,0.0043,0.0,0.0006,0.06,13.97,MIN_PROFIT_TP_HIT,0.207
2432,TRUMP_USDT,SHORT,StochasticRSI(FAST_SCALP-SHORT),2,0.2,1.615,1.612,1.612,1.62,2026-07-22 21:50:59 UTC,2026-07-22 21:53:49 UTC,169.1,0.323,0.0043,0.0,0.0006,0.06,13.93,MIN_PROFIT_TP_HIT,0.2076
2433,TRUMP_USDT,LONG,StochasticRSI(FAST_SCALP-LONG),2,0.2,1.616,1.611,1.619,1.611,2026-07-22 21:57:59 UTC,2026-07-22 22:01:58 UTC,238.39,0.3232,0.0043,0.0,-0.001,-0.09,-23.21,STOP_LOSS_HIT,0.2066
2434,TRUMP_USDT,SHORT,StochasticRSI(FAST_SCALP-SHORT),2,0.2,1.611,1.608,1.608,1.616,2026-07-22 22:16:59 UTC,2026-07-22 22:21:24 UTC,264.71,0.3222,0.0043,0.0,0.0006,0.06,13.97,MIN_PROFIT_TP_HIT,0.2072
2435,TRUMP_USDT,SHORT,StochasticRSI(FAST_SCALP-SHORT),2,0.2,1.613,1.61,1.61,1.618,2026-07-22 22:35:59 UTC,2026-07-22 22:39:12 UTC,192.02,0.3226,0.0043,0.0,0.0006,0.06,13.95,MIN_PROFIT_TP_HIT,0.2078
2436,TRUMP_USDT,LONG,StochasticRSI(FAST_SCALP-LONG),2,0.2,1.612,1.615,1.615,1.607,2026-07-22 22:43:59 UTC,2026-07-22 22:49:47 UTC,347.95,0.3224,0.0043,0.0,0.0006,0.06,13.96,MIN_PROFIT_TP_HIT,0.2084
2437,TRUMP_USDT,SHORT,StochasticRSI(FAST_SCALP-SHORT),2,0.2,1.615,1.612,1.612,1.62,2026-07-22 22:54:59 UTC,2026-07-22 23:00:12 UTC,312.71,0.323,0.0043,0.0,0.0006,0.06,13.93,MIN_PROFIT_TP_HIT,0.209
2438,TRUMP_USDT,LONG,StochasticRSI(FAST_SCALP-LONG),2,0.2,1.605,1.608,1.608,1.6,2026-07-22 23:16:59 UTC,2026-07-22 23:48:26 UTC,1886.35,0.321,0.0043,0.0,0.0006,0.06,14.02,MIN_PROFIT_TP_HIT,0.2096
2439,TRUMP_USDT,SHORT,StochasticRSI(FAST_SCALP-SHORT),2,0.2,1.609,1.614,1.606,1.614,2026-07-23 00:03:59 UTC,2026-07-23 00:19:46 UTC,946.55,0.3218,0.0043,0.0,-0.001,-0.09,-23.31,STOP_LOSS_HIT,0.2086
2440,TRUMP_USDT,SHORT,StochasticRSI(FAST_SCALP-SHORT),2,0.2,1.614,1.611,1.611,1.619,2026-07-23 00:25:59 UTC,2026-07-23 00:28:40 UTC,160.7,0.3228,0.0043,0.0,0.0006,0.06,13.94,MIN_PROFIT_TP_HIT,0.2092
2441,TRUMP_USDT,LONG,StochasticRSI(FAST_SCALP-LONG),2,0.2,1.61,1.613,1.613,1.605,2026-07-23 00:33:59 UTC,2026-07-23 00:35:51 UTC,111.78,0.322,0.0043,0.0,0.0006,0.06,13.98,MIN_PROFIT_TP_HIT,0.2098
2442,TRUMP_USDT,LONG,StochasticRSI(FAST_SCALP-LONG),2,0.2,1.608,1.603,1.611,1.603,2026-07-23 00:47:59 UTC,2026-07-23 00:55:49 UTC,469.25,0.3216,0.0043,0.0,-0.001,-0.09,-23.32,STOP_LOSS_HIT,0.2088
2443,TRUMP_USDT,LONG,StochasticRSI(FAST_SCALP-LONG),2,0.2,1.603,1.598,1.606,1.598,2026-07-23 00:58:59 UTC,2026-07-23 01:12:55 UTC,835.54,0.3206,0.0043,0.0,-0.001,-0.09,-23.39,STOP_LOSS_HIT,0.2078
2444,TRUMP_USDT,LONG,StochasticRSI(FAST_SCALP-LONG),2,0.2,1.598,1.601,1.601,1.593,2026-07-23 01:16:59 UTC,2026-07-23 01:21:13 UTC,253.62,0.3196,0.0043,0.0,0.0006,0.06,14.08,MIN_PROFIT_TP_HIT,0.2084
2445,TRUMP_USDT,SHORT,StochasticRSI(FAST_SCALP-SHORT),2,0.2,1.599,1.596,1.596,1.604,2026-07-23 01:24:59 UTC,2026-07-23 01:29:47 UTC,287.06,0.3198,0.0043,0.0,0.0006,0.06,14.07,MIN_PROFIT_TP_HIT,0.209
2446,TRUMP_USDT,LONG,StochasticRSI(FAST_SCALP-LONG),2,0.2,1.596,1.591,1.599,1.591,2026-07-23 01:33:59 UTC,2026-07-23 01:56:26 UTC,1346.52,0.3192,0.0043,0.0,-0.001,-0.09,-23.5,STOP_LOSS_HIT,0.208
2447,TRUMP_USDT,LONG,StochasticRSI(FAST_SCALP-LONG),2,0.2,1.593,1.596,1.596,1.588,2026-07-23 02:02:59 UTC,2026-07-23 02:04:33 UTC,93.04,0.3186,0.0042,0.0,0.0006,0.06,14.12,MIN_PROFIT_TP_HIT,0.2086
2448,TRUMP_USDT,SHORT,StochasticRSI(FAST_SCALP-SHORT),2,0.2,1.597,1.594,1.594,1.602,2026-07-23 02:08:59 UTC,2026-07-23 02:10:38 UTC,98.14,0.3194,0.0043,0.0,0.0006,0.06,14.09,MIN_PROFIT_TP_HIT,0.2092
2449,TRUMP_USDT,LONG,StochasticRSI(FAST_SCALP-LONG),2,0.2,1.593,1.588,1.596,1.588,2026-07-23 02:14:59 UTC,2026-07-23 02:25:15 UTC,615.36,0.3186,0.0042,0.0,-0.001,-0.09,-23.54,STOP_LOSS_HIT,0.2082
2450,TRUMP_USDT,LONG,StochasticRSI(FAST_SCALP-LONG),2,0.2,1.593,1.596,1.596,1.588,2026-07-23 02:28:59 UTC,2026-07-23 02:45:49 UTC,1009.06,0.3186,0.0042,0.0,0.0006,0.06,14.12,MIN_PROFIT_TP_HIT,0.2088
2451,TRUMP_USDT,SHORT,StochasticRSI(FAST_SCALP-SHORT),2,0.2,1.595,1.592,1.592,1.6,2026-07-23 02:48:59 UTC,2026-07-23 03:13:06 UTC,1446.18,0.319,0.0043,0.0,0.0006,0.06,14.11,MIN_PROFIT_TP_HIT,0.2094
2452,TRUMP_USDT,LONG,StochasticRSI(FAST_SCALP-LONG),2,0.2,1.594,1.597,1.597,1.589,2026-07-23 03:14:59 UTC,2026-07-23 03:30:27 UTC,927.96,0.3188,0.0043,0.0,0.0006,0.06,14.12,MIN_PROFIT_TP_HIT,0.21
2453,TRUMP_USDT,SHORT,StochasticRSI(FAST_SCALP-SHORT),2,0.2,1.596,1.593,1.593,1.601,2026-07-23 03:33:59 UTC,2026-07-23 03:50:22 UTC,982.53,0.3192,0.0043,0.0,0.0006,0.06,14.1,MIN_PROFIT_TP_HIT,0.2106
2454,TRUMP_USDT,LONG,StochasticRSI(FAST_SCALP-LONG),2,0.2,1.594,1.597,1.597,1.589,2026-07-23 03:53:59 UTC,2026-07-23 04:20:06 UTC,1566.43,0.3188,0.0043,0.0,0.0006,0.06,14.12,MIN_PROFIT_TP_HIT,0.2112
2455,TRUMP_USDT,SHORT,StochasticRSI(FAST_SCALP-SHORT),2,0.2,1.599,1.596,1.596,1.604,2026-07-23 04:23:59 UTC,2026-07-23 04:30:25 UTC,385.17,0.3198,0.0043,0.0,0.0006,0.06,14.07,MIN_PROFIT_TP_HIT,0.2118
2456,TRUMP_USDT,LONG,StochasticRSI(FAST_SCALP-LONG),2,0.2,1.597,1.6,1.6,1.592,2026-07-23 04:33:59 UTC,2026-07-23 04:39:25 UTC,325.42,0.3194,0.0043,0.0,0.0006,0.06,14.09,MIN_PROFIT_TP_HIT,0.2124
2457,TRUMP_USDT,SHORT,StochasticRSI(FAST_SCALP-SHORT),2,0.2,1.6,1.597,1.597,1.605,2026-07-23 04:41:59 UTC,2026-07-23 05:06:51 UTC,1491.1,0.32,0.0043,0.0,0.0006,0.06,14.06,MIN_PROFIT_TP_HIT,0.213
2458,TRUMP_USDT,LONG,StochasticRSI(FAST_SCALP-LONG),2,0.2,1.599,1.602,1.602,1.594,2026-07-23 05:10:59 UTC,2026-07-23 05:26:17 UTC,917.37,0.3198,0.0043,0.0,0.0006,0.06,14.07,MIN_PROFIT_TP_HIT,0.2136
2459,TRUMP_USDT,SHORT,StochasticRSI(FAST_SCALP-SHORT),2,0.2,1.601,1.598,1.598,1.606,2026-07-23 05:33:59 UTC,2026-07-23 05:39:12 UTC,312.14,0.3202,0.0043,0.0,0.0006,0.06,14.05,MIN_PROFIT_TP_HIT,0.2142
2460,TRUMP_USDT,LONG,StochasticRSI(FAST_SCALP-LONG),2,0.2,1.599,1.602,1.602,1.594,2026-07-23 05:41:59 UTC,2026-07-23 05:55:52 UTC,832.57,0.3198,0.0043,0.0,0.0006,0.06,14.07,MIN_PROFIT_TP_HIT,0.2148
2461,TRUMP_USDT,SHORT,StochasticRSI(FAST_SCALP-SHORT),2,0.2,1.602,1.607,1.599,1.607,2026-07-23 05:59:59 UTC,2026-07-23 06:14:16 UTC,856.46,0.3204,0.0043,0.0,-0.001,-0.09,-23.41,STOP_LOSS_HIT,0.2138
2462,TRUMP_USDT,LONG,StochasticRSI(FAST_SCALP-LONG),2,0.2,1.611,1.614,1.614,1.606,2026-07-23 06:18:59 UTC,2026-07-23 06:20:24 UTC,84.89,0.3222,0.0043,0.0,0.0006,0.06,13.97,MIN_PROFIT_TP_HIT,0.2144
2463,TRUMP_USDT,SHORT,StochasticRSI(FAST_SCALP-SHORT),2,0.2,1.608,1.613,1.605,1.613,2026-07-23 06:22:59 UTC,2026-07-23 06:32:02 UTC,542.4,0.3216,0.0043,0.0,-0.001,-0.09,-23.32,STOP_LOSS_HIT,0.2134
2464,TRUMP_USDT,SHORT,StochasticRSI(FAST_SCALP-SHORT),2,0.2,1.628,1.625,1.625,1.633,2026-07-23 06:36:59 UTC,2026-07-23 06:39:33 UTC,153.08,0.3256,0.0043,0.0,0.0006,0.06,13.82,MIN_PROFIT_TP_HIT,0.214
2465,TRUMP_USDT,LONG,StochasticRSI(FAST_SCALP-LONG),2,0.2,1.627,1.622,1.63,1.622,2026-07-23 06:46:59 UTC,2026-07-23 06:48:17 UTC,77.78,0.3254,0.0043,0.0,-0.001,-0.09,-23.05,STOP_LOSS_HIT,0.213
2466,TRUMP_USDT,LONG,StochasticRSI(FAST_SCALP-LONG),2,0.2,1.621,1.616,1.624,1.616,2026-07-23 06:52:59 UTC,2026-07-23 07:01:53 UTC,533.74,0.3242,0.0043,0.0,-0.001,-0.09,-23.13,STOP_LOSS_HIT,0.212
2467,TRUMP_USDT,SHORT,StochasticRSI(FAST_SCALP-SHORT),2,0.2,1.622,1.619,1.619,1.627,2026-07-23 07:03:59 UTC,2026-07-23 07:04:35 UTC,35.18,0.3244,0.0043,0.0,0.0006,0.06,13.87,MIN_PROFIT_TP_HIT,0.2126
2468,TRUMP_USDT,LONG,StochasticRSI(FAST_SCALP-LONG),2,0.2,1.615,1.618,1.618,1.61,2026-07-23 07:15:59 UTC,2026-07-23 07:21:01 UTC,301.33,0.323,0.0043,0.0,0.0006,0.06,13.93,MIN_PROFIT_TP_HIT,0.2132
2469,TRUMP_USDT,SHORT,StochasticRSI(FAST_SCALP-SHORT),2,0.2,1.625,1.63,1.622,1.63,2026-07-23 07:25:59 UTC,2026-07-23 07:28:37 UTC,157.14,0.325,0.0043,0.0,-0.001,-0.09,-23.08,STOP_LOSS_HIT,0.2122
2470,TRUMP_USDT,SHORT,StochasticRSI(FAST_SCALP-SHORT),2,0.2,1.629,1.626,1.626,1.634,2026-07-23 07:33:59 UTC,2026-07-23 07:36:02 UTC,122.42,0.3258,0.0043,0.0,0.0006,0.06,13.81,MIN_PROFIT_TP_HIT,0.2128
2471,TRUMP_USDT,LONG,StochasticRSI(FAST_SCALP-LONG),2,0.2,1.625,1.62,1.628,1.62,2026-07-23 07:38:59 UTC,2026-07-23 07:43:05 UTC,245.98,0.325,0.0043,0.0,-0.001,-0.09,-23.08,STOP_LOSS_HIT,0.2118
2472,TRUMP_USDT,LONG,StochasticRSI(FAST_SCALP-LONG),2,0.2,1.622,1.625,1.625,1.617,2026-07-23 07:44:59 UTC,2026-07-23 07:46:41 UTC,101.36,0.3244,0.0043,0.0,0.0006,0.06,13.87,MIN_PROFIT_TP_HIT,0.2124
2473,TRUMP_USDT,SHORT,StochasticRSI(FAST_SCALP-SHORT),2,0.2,1.626,1.631,1.623,1.631,2026-07-23 07:54:59 UTC,2026-07-23 08:11:25 UTC,985.22,0.3252,0.0043,0.0,-0.001,-0.09,-23.06,STOP_LOSS_HIT,0.2114
2474,TRUMP_USDT,SHORT,StochasticRSI(FAST_SCALP-SHORT),2,0.2,1.634,1.631,1.631,1.639,2026-07-23 08:14:59 UTC,2026-07-23 08:15:26 UTC,26.12,0.3268,0.0044,0.0,0.0006,0.06,13.77,MIN_PROFIT_TP_HIT,0.212
2475,TRUMP_USDT,SHORT,StochasticRSI(FAST_SCALP-SHORT),2,0.2,1.633,1.638,1.63,1.638,2026-07-23 08:17:59 UTC,2026-07-23 08:18:32 UTC,32.02,0.3266,0.0044,0.0,-0.001,-0.09,-22.96,STOP_LOSS_HIT,0.211
2476,TRUMP_USDT,SHORT,StochasticRSI(FAST_SCALP-SHORT),2,0.2,1.632,1.637,1.629,1.637,2026-07-23 08:21:59 UTC,2026-07-23 08:26:10 UTC,250.26,0.3264,0.0044,0.0,-0.001,-0.09,-22.98,STOP_LOSS_HIT,0.21
2477,TRUMP_USDT,LONG,StochasticRSI(FAST_SCALP-LONG),2,0.2,1.637,1.632,1.64,1.632,2026-07-23 08:36:59 UTC,2026-07-23 08:46:41 UTC,581.52,0.3274,0.0044,0.0,-0.001,-0.09,-22.91,STOP_LOSS_HIT,0.209
2478,TRUMP_USDT,SHORT,StochasticRSI(FAST_SCALP-SHORT),2,0.2,1.636,1.641,1.633,1.641,2026-07-23 08:52:59 UTC,2026-07-23 09:02:51 UTC,591.93,0.3272,0.0044,0.0,-0.001,-0.09,-22.92,STOP_LOSS_HIT,0.208
2479,TRUMP_USDT,SHORT,StochasticRSI(FAST_SCALP-SHORT),2,0.2,1.638,1.635,1.635,1.643,2026-07-23 09:04:59 UTC,2026-07-23 09:06:18 UTC,78.98,0.3276,0.0044,0.0,0.0006,0.06,13.74,MIN_PROFIT_TP_HIT,0.2086
2480,TRUMP_USDT,LONG,StochasticRSI(FAST_SCALP-LONG),2,0.2,1.631,1.634,1.634,1.626,2026-07-23 09:10:59 UTC,2026-07-23 09:23:46 UTC,766.12,0.3262,0.0043,0.0,0.0006,0.06,13.8,MIN_PROFIT_TP_HIT,0.2092
2481,TRUMP_USDT,SHORT,StochasticRSI(FAST_SCALP-SHORT),2,0.2,1.636,1.633,1.633,1.641,2026-07-23 09:27:59 UTC,2026-07-23 09:54:47 UTC,1607.65,0.3272,0.0044,0.0,0.0006,0.06,13.75,MIN_PROFIT_TP_HIT,0.2098
2482,TRUMP_USDT,LONG,StochasticRSI(FAST_SCALP-LONG),2,0.2,1.633,1.636,1.636,1.628,2026-07-23 09:59:59 UTC,2026-07-23 10:00:33 UTC,33.12,0.3266,0.0044,0.0,0.0006,0.06,13.78,MIN_PROFIT_TP_HIT,0.2104
2483,TRUMP_USDT,SHORT,StochasticRSI(FAST_SCALP-SHORT),2,0.2,1.639,1.636,1.636,1.644,2026-07-23 10:09:59 UTC,2026-07-23 10:19:30 UTC,570.43,0.3278,0.0044,0.0,0.0006,0.06,13.73,MIN_PROFIT_TP_HIT,0.211
2484,TRUMP_USDT,LONG,StochasticRSI(FAST_SCALP-LONG),2,0.2,1.638,1.633,1.641,1.633,2026-07-23 10:22:59 UTC,2026-07-23 10:46:33 UTC,1413.16,0.3276,0.0044,0.0,-0.001,-0.09,-22.89,STOP_LOSS_HIT,0.21
2485,TRUMP_USDT,LONG,StochasticRSI(FAST_SCALP-LONG),2,0.2,1.636,1.639,1.639,1.631,2026-07-23 10:49:59 UTC,2026-07-23 10:53:00 UTC,180.55,0.3272,0.0044,0.0,0.0006,0.06,13.75,MIN_PROFIT_TP_HIT,0.2106
2486,TRUMP_USDT,SHORT,StochasticRSI(FAST_SCALP-SHORT),2,0.2,1.645,1.642,1.642,1.65,2026-07-23 10:58:59 UTC,2026-07-23 11:02:51 UTC,231.2,0.329,0.0044,0.0,0.0006,0.06,13.68,MIN_PROFIT_TP_HIT,0.2112
2487,TRUMP_USDT,LONG,StochasticRSI(FAST_SCALP-LONG),2,0.2,1.64,1.643,1.643,1.635,2026-07-23 11:10:59 UTC,2026-07-23 11:22:09 UTC,669.57,0.328,0.0044,0.0,0.0006,0.06,13.72,MIN_PROFIT_TP_HIT,0.2118
2488,TRUMP_USDT,SHORT,StochasticRSI(FAST_SCALP-SHORT),2,0.2,1.644,1.641,1.641,1.649,2026-07-23 11:27:59 UTC,2026-07-23 11:28:14 UTC,14.2,0.3288,0.0044,0.0,0.0006,0.06,13.69,MIN_PROFIT_TP_HIT,0.2124
2489,TRUMP_USDT,LONG,StochasticRSI(FAST_SCALP-LONG),2,0.2,1.644,1.639,1.647,1.639,2026-07-23 11:32:59 UTC,2026-07-23 11:40:24 UTC,444.74,0.3288,0.0044,0.0,-0.001,-0.09,-22.81,STOP_LOSS_HIT,0.2114
2490,TRUMP_USDT,LONG,StochasticRSI(FAST_SCALP-LONG),2,0.2,1.642,1.645,1.645,1.637,2026-07-23 11:46:59 UTC,2026-07-23 11:50:07 UTC,187.18,0.3284,0.0044,0.0,0.0006,0.06,13.7,MIN_PROFIT_TP_HIT,0.212
2491,TRUMP_USDT,SHORT,StochasticRSI(FAST_SCALP-SHORT),2,0.2,1.644,1.649,1.641,1.649,2026-07-23 11:52:59 UTC,2026-07-23 12:05:04 UTC,724.21,0.3288,0.0044,0.0,-0.001,-0.09,-22.81,STOP_LOSS_HIT,0.211
2492,TRUMP_USDT,SHORT,StochasticRSI(FAST_SCALP-SHORT),2,0.2,1.657,1.654,1.654,1.662,2026-07-23 12:09:59 UTC,2026-07-23 12:10:31 UTC,31.25,0.3314,0.0044,0.0,0.0006,0.06,13.58,MIN_PROFIT_TP_HIT,0.2116
2493,TRUMP_USDT,SHORT,StochasticRSI(FAST_SCALP-SHORT),2,0.2,1.662,1.659,1.659,1.667,2026-07-23 12:17:59 UTC,2026-07-23 12:24:35 UTC,395.3,0.3324,0.0044,0.0,0.0006,0.06,13.54,MIN_PROFIT_TP_HIT,0.2122
2494,TRUMP_USDT,LONG,StochasticRSI(FAST_SCALP-LONG),2,0.2,1.649,1.652,1.652,1.644,2026-07-23 12:28:59 UTC,2026-07-23 12:31:04 UTC,124.99,0.3298,0.0044,0.0,0.0006,0.06,13.64,MIN_PROFIT_TP_HIT,0.2128
2495,TRUMP_USDT,SHORT,StochasticRSI(FAST_SCALP-SHORT),2,0.2,1.659,1.656,1.656,1.664,2026-07-23 12:35:59 UTC,2026-07-23 12:36:05 UTC,5.2,0.3318,0.0044,0.0,0.0006,0.06,13.56,MIN_PROFIT_TP_HIT,0.2134
2496,TRUMP_USDT,LONG,StochasticRSI(FAST_SCALP-LONG),2,0.2,1.638,1.641,1.641,1.633,2026-07-23 12:42:59 UTC,2026-07-23 12:43:18 UTC,18.69,0.3276,0.0044,0.0,0.0006,0.06,13.74,MIN_PROFIT_TP_HIT,0.214
2497,TRUMP_USDT,LONG,StochasticRSI(FAST_SCALP-LONG),2,0.2,1.64,1.643,1.643,1.635,2026-07-23 12:49:59 UTC,2026-07-23 12:51:21 UTC,81.58,0.328,0.0044,0.0,0.0006,0.06,13.72,MIN_PROFIT_TP_HIT,0.2146
2498,TRUMP_USDT,SHORT,StochasticRSI(FAST_SCALP-SHORT),2,0.2,1.642,1.639,1.639,1.647,2026-07-23 12:53:59 UTC,2026-07-23 12:54:57 UTC,57.06,0.3284,0.0044,0.0,0.0006,0.06,13.7,MIN_PROFIT_TP_HIT,0.2152
2499,TRUMP_USDT,LONG,StochasticRSI(FAST_SCALP-LONG),2,0.2,1.633,1.636,1.636,1.628,2026-07-23 13:01:59 UTC,2026-07-23 13:03:25 UTC,85.12,0.3266,0.0044,0.0,0.0006,0.06,13.78,MIN_PROFIT_TP_HIT,0.2158
2500,TRUMP_USDT,LONG,StochasticRSI(FAST_SCALP-LONG),2,0.2,1.635,1.63,1.638,1.63,2026-07-23 13:04:59 UTC,2026-07-23 13:06:38 UTC,98.11,0.327,0.0044,0.0,-0.001,-0.09,-22.94,STOP_LOSS_HIT,0.2148
2501,TRUMP_USDT,SHORT,StochasticRSI(FAST_SCALP-SHORT),2,0.2,1.64,1.637,1.637,1.645,2026-07-23 13:16:59 UTC,2026-07-23 13:19:23 UTC,143.3,0.328,0.0044,0.0,0.0006,0.06,13.72,MIN_PROFIT_TP_HIT,0.2154
2502,TRUMP_USDT,LONG,StochasticRSI(FAST_SCALP-LONG),2,0.2,1.631,1.634,1.634,1.626,2026-07-23 13:31:59 UTC,2026-07-23 13:32:09 UTC,9.6,0.3262,0.0043,0.0,0.0006,0.06,13.8,MIN_PROFIT_TP_HIT,0.216
2503,TRUMP_USDT,SHORT,StochasticRSI(FAST_SCALP-SHORT),2,0.2,1.637,1.634,1.634,1.642,2026-07-23 13:37:59 UTC,2026-07-23 13:38:17 UTC,17.01,0.3274,0.0044,0.0,0.0006,0.06,13.74,MIN_PROFIT_TP_HIT,0.2166
2504,TRUMP_USDT,LONG,StochasticRSI(FAST_SCALP-LONG),2,0.2,1.635,1.638,1.638,1.63,2026-07-23 13:44:59 UTC,2026-07-23 13:47:02 UTC,122.56,0.327,0.0044,0.0,0.0006,0.06,13.76,MIN_PROFIT_TP_HIT,0.2172
2505,TRUMP_USDT,SHORT,StochasticRSI(FAST_SCALP-SHORT),2,0.2,1.634,1.631,1.631,1.639,2026-07-23 13:57:59 UTC,2026-07-23 13:58:19 UTC,19.35,0.3268,0.0044,0.0,0.0006,0.06,13.77,MIN_PROFIT_TP_HIT,0.2178
2506,TRUMP_USDT,LONG,StochasticRSI(FAST_SCALP-LONG),2,0.2,1.635,1.638,1.638,1.63,2026-07-23 14:05:59 UTC,2026-07-23 14:10:04 UTC,245.0,0.327,0.0044,0.0,0.0006,0.06,13.76,MIN_PROFIT_TP_HIT,0.2184
2507,TRUMP_USDT,SHORT,StochasticRSI(FAST_SCALP-SHORT),2,0.2,1.636,1.641,1.633,1.641,2026-07-23 14:18:59 UTC,2026-07-23 14:24:27 UTC,327.45,0.3272,0.0044,0.0,-0.001,-0.09,-22.92,STOP_LOSS_HIT,0.2174
2508,TRUMP_USDT,SHORT,StochasticRSI(FAST_SCALP-SHORT),2,0.2,1.639,1.644,1.636,1.644,2026-07-23 14:32:59 UTC,2026-07-23 14:34:40 UTC,100.73,0.3278,0.0044,0.0,-0.001,-0.09,-22.88,STOP_LOSS_HIT,0.2164
2509,TRUMP_USDT,LONG,StochasticRSI(FAST_SCALP-LONG),2,0.2,1.647,1.65,1.65,1.642,2026-07-23 14:35:59 UTC,2026-07-23 14:45:46 UTC,586.34,0.3294,0.0044,0.0,0.0006,0.06,13.66,MIN_PROFIT_TP_HIT,0.217
2510,TRUMP_USDT,SHORT,StochasticRSI(FAST_SCALP-SHORT),2,0.2,1.644,1.641,1.641,1.649,2026-07-23 14:48:59 UTC,2026-07-23 14:49:46 UTC,46.46,0.3288,0.0044,0.0,0.0006,0.06,13.69,MIN_PROFIT_TP_HIT,0.2176
2511,TRUMP_USDT,LONG,StochasticRSI(FAST_SCALP-LONG),2,0.2,1.644,1.639,1.647,1.639,2026-07-23 14:53:59 UTC,2026-07-23 14:58:58 UTC,298.05,0.3288,0.0044,0.0,-0.001,-0.09,-22.81,STOP_LOSS_HIT,0.2166
2512,TRUMP_USDT,LONG,StochasticRSI(FAST_SCALP-LONG),2,0.2,1.637,1.632,1.64,1.632,2026-07-23 15:04:59 UTC,2026-07-23 15:06:24 UTC,84.91,0.3274,0.0044,0.0,-0.001,-0.09,-22.91,STOP_LOSS_HIT,0.2156
2513,TRUMP_USDT,LONG,StochasticRSI(FAST_SCALP-LONG),2,0.2,1.628,1.631,1.631,1.623,2026-07-23 15:11:59 UTC,2026-07-23 15:13:06 UTC,66.27,0.3256,0.0043,0.0,0.0006,0.06,13.82,MIN_PROFIT_TP_HIT,0.2162
2514,TRUMP_USDT,SHORT,StochasticRSI(FAST_SCALP-SHORT),2,0.2,1.629,1.634,1.626,1.634,2026-07-23 15:19:59 UTC,2026-07-23 15:21:05 UTC,65.2,0.3258,0.0043,0.0,-0.001,-0.09,-23.02,STOP_LOSS_HIT,0.2152
2515,TRUMP_USDT,SHORT,StochasticRSI(FAST_SCALP-SHORT),2,0.2,1.631,1.628,1.628,1.636,2026-07-23 15:26:59 UTC,2026-07-23 15:30:31 UTC,211.43,0.3262,0.0043,0.0,0.0006,0.06,13.8,MIN_PROFIT_TP_HIT,0.2158
2516,TRUMP_USDT,LONG,StochasticRSI(FAST_SCALP-LONG),2,0.2,1.634,1.637,1.637,1.629,2026-07-23 15:32:59 UTC,2026-07-23 15:45:57 UTC,777.48,0.3268,0.0044,0.0,0.0006,0.06,13.77,MIN_PROFIT_TP_HIT,0.2164
2517,TRUMP_USDT,SHORT,StochasticRSI(FAST_SCALP-SHORT),2,0.2,1.635,1.64,1.632,1.64,2026-07-23 15:49:59 UTC,2026-07-23 15:59:04 UTC,544.26,0.327,0.0044,0.0,-0.001,-0.09,-22.94,STOP_LOSS_HIT,0.2154
2518,TRUMP_USDT,SHORT,StochasticRSI(FAST_SCALP-SHORT),2,0.2,1.638,1.643,1.635,1.643,2026-07-23 16:01:59 UTC,2026-07-23 16:02:17 UTC,17.5,0.3276,0.0044,0.0,-0.001,-0.09,-22.89,STOP_LOSS_HIT,0.2144
2519,TRUMP_USDT,LONG,StochasticRSI(FAST_SCALP-LONG),2,0.2,1.638,1.641,1.641,1.633,2026-07-23 16:10:59 UTC,2026-07-23 16:13:11 UTC,131.48,0.3276,0.0044,0.0,0.0006,0.06,13.74,MIN_PROFIT_TP_HIT,0.215
2520,TRUMP_USDT,SHORT,StochasticRSI(FAST_SCALP-SHORT),2,0.2,1.643,1.64,1.64,1.648,2026-07-23 16:17:59 UTC,2026-07-23 16:19:22 UTC,82.4,0.3286,0.0044,0.0,0.0006,0.06,13.69,MIN_PROFIT_TP_HIT,0.2156
2521,TRUMP_USDT,LONG,StochasticRSI(FAST_SCALP-LONG),2,0.2,1.642,1.645,1.645,1.637,2026-07-23 16:22:59 UTC,2026-07-23 16:24:18 UTC,78.98,0.3284,0.0044,0.0,0.0006,0.06,13.7,MIN_PROFIT_TP_HIT,0.2162
2522,TRUMP_USDT,LONG,StochasticRSI(FAST_SCALP-LONG),2,0.2,1.639,1.634,1.642,1.634,2026-07-23 16:34:59 UTC,2026-07-23 16:45:14 UTC,614.91,0.3278,0.0044,0.0,-0.001,-0.09,-22.88,STOP_LOSS_HIT,0.2152
2523,TRUMP_USDT,LONG,StochasticRSI(FAST_SCALP-LONG),2,0.2,1.631,1.626,1.634,1.626,2026-07-23 16:58:59 UTC,2026-07-23 17:01:53 UTC,173.59,0.3262,0.0043,0.0,-0.001,-0.09,-22.99,STOP_LOSS_HIT,0.2142
2524,TRUMP_USDT,LONG,StochasticRSI(FAST_SCALP-LONG),2,0.2,1.621,1.616,1.624,1.616,2026-07-23 17:04:59 UTC,2026-07-23 17:05:31 UTC,31.34,0.3242,0.0043,0.0,-0.001,-0.09,-23.13,STOP_LOSS_HIT,0.2132
2525,TRUMP_USDT,LONG,StochasticRSI(FAST_SCALP-LONG),2,0.2,1.619,1.622,1.622,1.614,2026-07-23 17:08:59 UTC,2026-07-23 17:09:30 UTC,30.37,0.3238,0.0043,0.0,0.0006,0.06,13.9,MIN_PROFIT_TP_HIT,0.2138
2526,TRUMP_USDT,SHORT,StochasticRSI(FAST_SCALP-SHORT),2,0.2,1.618,1.615,1.615,1.623,2026-07-23 17:17:59 UTC,2026-07-23 17:37:19 UTC,1159.02,0.3236,0.0043,0.0,0.0006,0.06,13.91,MIN_PROFIT_TP_HIT,0.2144
2527,TRUMP_USDT,SHORT,StochasticRSI(FAST_SCALP-SHORT),2,0.2,1.611,1.608,1.608,1.616,2026-07-23 17:47:59 UTC,2026-07-23 17:53:23 UTC,323.69,0.3222,0.0043,0.0,0.0006,0.06,13.97,MIN_PROFIT_TP_HIT,0.215
2528,TRUMP_USDT,LONG,StochasticRSI(FAST_SCALP-LONG),2,0.2,1.599,1.594,1.602,1.594,2026-07-23 18:02:59 UTC,2026-07-23 18:05:38 UTC,158.29,0.3198,0.0043,0.0,-0.001,-0.09,-23.45,STOP_LOSS_HIT,0.214
2529,TRUMP_USDT,SHORT,StochasticRSI(FAST_SCALP-SHORT),2,0.2,1.594,1.591,1.591,1.599,2026-07-23 18:12:59 UTC,2026-07-23 18:17:24 UTC,264.3,0.3188,0.0043,0.0,0.0006,0.06,14.12,MIN_PROFIT_TP_HIT,0.2146
2530,TRUMP_USDT,SHORT,StochasticRSI(FAST_SCALP-SHORT),2,0.2,1.61,1.607,1.607,1.615,2026-07-23 18:28:59 UTC,2026-07-23 18:37:12 UTC,492.21,0.322,0.0043,0.0,0.0006,0.06,13.98,MIN_PROFIT_TP_HIT,0.2152
2531,TRUMP_USDT,LONG,StochasticRSI(FAST_SCALP-LONG),2,0.2,1.608,1.611,1.611,1.603,2026-07-23 18:40:59 UTC,2026-07-23 18:52:55 UTC,715.9,0.3216,0.0043,0.0,0.0006,0.06,13.99,MIN_PROFIT_TP_HIT,0.2158
2532,TRUMP_USDT,SHORT,StochasticRSI(FAST_SCALP-SHORT),2,0.2,1.61,1.615,1.607,1.615,2026-07-23 18:56:59 UTC,2026-07-23 19:25:52 UTC,1732.07,0.322,0.0043,0.0,-0.001,-0.09,-23.29,STOP_LOSS_HIT,0.2148
2533,TRUMP_USDT,SHORT,StochasticRSI(FAST_SCALP-SHORT),2,0.2,1.616,1.613,1.613,1.621,2026-07-23 19:28:59 UTC,2026-07-23 19:38:55 UTC,595.93,0.3232,0.0043,0.0,0.0006,0.06,13.92,MIN_PROFIT_TP_HIT,0.2154
2534,TRUMP_USDT,LONG,StochasticRSI(FAST_SCALP-LONG),2,0.2,1.613,1.608,1.616,1.608,2026-07-23 19:40:59 UTC,2026-07-23 19:50:07 UTC,547.13,0.3226,0.0043,0.0,-0.001,-0.09,-23.25,STOP_LOSS_HIT,0.2144
2535,TRUMP_USDT,LONG,StochasticRSI(FAST_SCALP-LONG),2,0.2,1.609,1.612,1.612,1.604,2026-07-23 19:52:59 UTC,2026-07-23 19:56:47 UTC,227.19,0.3218,0.0043,0.0,0.0006,0.06,13.98,MIN_PROFIT_TP_HIT,0.215
2536,TRUMP_USDT,SHORT,StochasticRSI(FAST_SCALP-SHORT),2,0.2,1.623,1.62,1.62,1.628,2026-07-23 20:10:59 UTC,2026-07-23 20:24:57 UTC,837.13,0.3246,0.0043,0.0,0.0006,0.06,13.86,MIN_PROFIT_TP_HIT,0.2156
2537,TRUMP_USDT,LONG,StochasticRSI(FAST_SCALP-LONG),2,0.2,1.623,1.618,1.626,1.618,2026-07-23 20:27:59 UTC,2026-07-23 20:40:43 UTC,763.44,0.3246,0.0043,0.0,-0.001,-0.09,-23.11,STOP_LOSS_HIT,0.2146
2538,TRUMP_USDT,LONG,StochasticRSI(FAST_SCALP-LONG),2,0.2,1.618,1.621,1.621,1.613,2026-07-23 20:45:59 UTC,2026-07-23 20:50:54 UTC,294.94,0.3236,0.0043,0.0,0.0006,0.06,13.91,MIN_PROFIT_TP_HIT,0.2152
2539,TRUMP_USDT,SHORT,StochasticRSI(FAST_SCALP-SHORT),2,0.2,1.621,1.626,1.618,1.626,2026-07-23 20:52:59 UTC,2026-07-23 21:04:40 UTC,700.84,0.3242,0.0043,0.0,-0.001,-0.09,-23.13,STOP_LOSS_HIT,0.2142
2540,TRUMP_USDT,SHORT,StochasticRSI(FAST_SCALP-SHORT),2,0.2,1.622,1.619,1.619,1.627,2026-07-23 21:05:59 UTC,2026-07-23 21:08:20 UTC,140.38,0.3244,0.0043,0.0,0.0006,0.06,13.87,MIN_PROFIT_TP_HIT,0.2148
2541,TRUMP_USDT,LONG,StochasticRSI(FAST_SCALP-LONG),2,0.2,1.617,1.612,1.62,1.612,2026-07-23 21:17:59 UTC,2026-07-23 21:18:27 UTC,27.33,0.3234,0.0043,0.0,-0.001,-0.09,-23.19,STOP_LOSS_HIT,0.2138
2542,TRUMP_USDT,LONG,StochasticRSI(FAST_SCALP-LONG),2,0.2,1.614,1.609,1.617,1.609,2026-07-23 21:22:59 UTC,2026-07-23 21:31:59 UTC,539.08,0.3228,0.0043,0.0,-0.001,-0.09,-23.23,STOP_LOSS_HIT,0.2128
2543,TRUMP_USDT,LONG,StochasticRSI(FAST_SCALP-LONG),2,0.2,1.603,1.606,1.606,1.598,2026-07-23 21:37:59 UTC,2026-07-23 21:44:51 UTC,411.7,0.3206,0.0043,0.0,0.0006,0.06,14.04,MIN_PROFIT_TP_HIT,0.2134
2544,TRUMP_USDT,SHORT,StochasticRSI(FAST_SCALP-SHORT),2,0.2,1.605,1.61,1.602,1.61,2026-07-23 21:45:59 UTC,2026-07-23 21:56:25 UTC,625.08,0.321,0.0043,0.0,-0.001,-0.09,-23.36,STOP_LOSS_HIT,0.2124
2545,TRUMP_USDT,SHORT,StochasticRSI(FAST_SCALP-SHORT),2,0.2,1.609,1.614,1.606,1.614,2026-07-23 22:00:59 UTC,2026-07-23 22:06:32 UTC,332.02,0.3218,0.0043,0.0,-0.001,-0.09,-23.31,STOP_LOSS_HIT,0.2114
2546,TRUMP_USDT,SHORT,StochasticRSI(FAST_SCALP-SHORT),2,0.2,1.611,1.608,1.608,1.616,2026-07-23 22:11:59 UTC,2026-07-23 22:17:55 UTC,355.53,0.3222,0.0043,0.0,0.0006,0.06,13.97,MIN_PROFIT_TP_HIT,0.212
2547,TRUMP_USDT,LONG,StochasticRSI(FAST_SCALP-LONG),2,0.2,1.607,1.61,1.61,1.602,2026-07-23 22:18:59 UTC,2026-07-23 22:19:49 UTC,49.58,0.3214,0.0043,0.0,0.0006,0.06,14.0,MIN_PROFIT_TP_HIT,0.2126
2548,TRUMP_USDT,LONG,StochasticRSI(FAST_SCALP-LONG),2,0.2,1.61,1.613,1.613,1.605,2026-07-23 22:20:59 UTC,2026-07-23 22:21:40 UTC,40.89,0.322,0.0043,0.0,0.0006,0.06,13.98,MIN_PROFIT_TP_HIT,0.2132
2549,TRUMP_USDT,SHORT,StochasticRSI(FAST_SCALP-SHORT),2,0.2,1.616,1.613,1.613,1.621,2026-07-23 22:27:59 UTC,2026-07-23 22:29:23 UTC,83.47,0.3232,0.0043,0.0,0.0006,0.06,13.92,MIN_PROFIT_TP_HIT,0.2138
2550,TRUMP_USDT,LONG,StochasticRSI(FAST_SCALP-LONG),2,0.2,1.611,1.606,1.614,1.606,2026-07-23 22:34:59 UTC,2026-07-23 22:37:30 UTC,150.81,0.3222,0.0043,0.0,-0.001,-0.09,-23.28,STOP_LOSS_HIT,0.2128
2551,TRUMP_USDT,LONG,StochasticRSI(FAST_SCALP-LONG),2,0.2,1.604,1.607,1.607,1.599,2026-07-23 22:40:59 UTC,2026-07-23 22:41:44 UTC,44.44,0.3208,0.0043,0.0,0.0006,0.06,14.03,MIN_PROFIT_TP_HIT,0.2134
2552,TRUMP_USDT,SHORT,StochasticRSI(FAST_SCALP-SHORT),2,0.2,1.607,1.604,1.604,1.612,2026-07-23 22:49:59 UTC,2026-07-23 23:01:40 UTC,700.78,0.3214,0.0043,0.0,0.0006,0.06,14.0,MIN_PROFIT_TP_HIT,0.214
2553,TRUMP_USDT,LONG,StochasticRSI(FAST_SCALP-LONG),2,0.2,1.605,1.608,1.608,1.6,2026-07-23 23:08:59 UTC,2026-07-23 23:22:40 UTC,820.54,0.321,0.0043,0.0,0.0006,0.06,14.02,MIN_PROFIT_TP_HIT,0.2146
2554,TRUMP_USDT,SHORT,StochasticRSI(FAST_SCALP-SHORT),2,0.2,1.607,1.604,1.604,1.612,2026-07-23 23:24:59 UTC,2026-07-23 23:47:35 UTC,1355.79,0.3214,0.0043,0.0,0.0006,0.06,14.0,MIN_PROFIT_TP_HIT,0.2152
2555,TRUMP_USDT,LONG,StochasticRSI(FAST_SCALP-LONG),2,0.2,1.599,1.594,1.602,1.594,2026-07-23 23:54:59 UTC,2026-07-24 00:05:13 UTC,613.22,0.3198,0.0043,0.0,-0.001,-0.09,-23.45,STOP_LOSS_HIT,0.2142
