trade_id,symbol,direction,sub_strategy_name,vol_contracts,underlying_quantity,entry_price,exit_price,min_profit_tp_price,stop_loss_price,open_time,close_time,duration_seconds,notional_value_usdt,margin_used_usdt,fee_total_usdt,realized_pnl_usdt,realized_pnl_inr,roe_percentage,exit_reason,balance_after_trade_usdt
1,TRUMP_USDT,SHORT,StochasticRSI(FAST_SCALP-SHORT),2,0.2,1.664,1.67,1.662,1.67,2026-07-01 00:36:59 UTC,2026-07-01 00:52:46 UTC,946.0,0.3328,0.0044,0.0,-0.0012,-0.11,-27.04,STOP_LOSS_HIT,0.0688
2,TRUMP_USDT,SHORT,StochasticRSI(FAST_SCALP-SHORT),2,0.2,1.669,1.667,1.667,1.675,2026-07-01 00:55:59 UTC,2026-07-01 00:56:42 UTC,42.68,0.3338,0.0045,0.0,0.0004,0.04,8.99,MIN_PROFIT_TP_HIT,0.0692
3,TRUMP_USDT,SHORT,StochasticRSI(FAST_SCALP-SHORT),2,0.2,1.658,1.656,1.656,1.664,2026-07-01 01:22:59 UTC,2026-07-01 01:23:12 UTC,12.56,0.3316,0.0044,0.0,0.0004,0.04,9.05,MIN_PROFIT_TP_HIT,0.0696
4,TRUMP_USDT,SHORT,StochasticRSI(FAST_SCALP-SHORT),2,0.2,1.658,1.664,1.656,1.664,2026-07-01 01:34:59 UTC,2026-07-01 01:37:07 UTC,127.61,0.3316,0.0044,0.0,-0.0012,-0.11,-27.14,STOP_LOSS_HIT,0.0684
5,TRUMP_USDT,SHORT,StochasticRSI(FAST_SCALP-SHORT),2,0.2,1.676,1.674,1.674,1.682,2026-07-01 01:47:59 UTC,2026-07-01 01:50:09 UTC,129.74,0.3352,0.0045,0.0,0.0004,0.04,8.95,MIN_PROFIT_TP_HIT,0.0688
6,TRUMP_USDT,SHORT,StochasticRSI(FAST_SCALP-SHORT),2,0.2,1.678,1.684,1.676,1.684,2026-07-01 01:58:59 UTC,2026-07-01 02:02:52 UTC,232.95,0.3356,0.0045,0.0,-0.0012,-0.11,-26.82,STOP_LOSS_HIT,0.0676
7,TRUMP_USDT,SHORT,StochasticRSI(FAST_SCALP-SHORT),2,0.2,1.702,1.708,1.7,1.708,2026-07-01 02:17:59 UTC,2026-07-01 02:22:05 UTC,245.27,0.3404,0.0045,0.0,-0.0012,-0.11,-26.44,STOP_LOSS_HIT,0.0664
8,TRUMP_USDT,SHORT,StochasticRSI(FAST_SCALP-SHORT),2,0.2,1.704,1.71,1.702,1.71,2026-07-01 03:00:59 UTC,2026-07-01 03:01:38 UTC,38.4,0.3408,0.0045,0.0,-0.0012,-0.11,-26.41,STOP_LOSS_HIT,0.0652
9,TRUMP_USDT,SHORT,StochasticRSI(FAST_SCALP-SHORT),2,0.2,1.707,1.713,1.705,1.713,2026-07-01 03:04:59 UTC,2026-07-01 03:05:24 UTC,24.31,0.3414,0.0046,0.0,-0.0012,-0.11,-26.36,STOP_LOSS_HIT,0.064
10,TRUMP_USDT,SHORT,StochasticRSI(FAST_SCALP-SHORT),2,0.2,1.729,1.727,1.727,1.735,2026-07-01 03:09:59 UTC,2026-07-01 03:10:04 UTC,4.76,0.3458,0.0046,0.0,0.0004,0.04,8.68,MIN_PROFIT_TP_HIT,0.0644
11,TRUMP_USDT,SHORT,StochasticRSI(FAST_SCALP-SHORT),2,0.2,1.699,1.697,1.697,1.705,2026-07-01 03:32:59 UTC,2026-07-01 03:34:17 UTC,77.74,0.3398,0.0045,0.0,0.0004,0.04,8.83,MIN_PROFIT_TP_HIT,0.0648
12,TRUMP_USDT,SHORT,StochasticRSI(FAST_SCALP-SHORT),2,0.2,1.706,1.712,1.704,1.712,2026-07-01 03:41:59 UTC,2026-07-01 03:47:31 UTC,331.04,0.3412,0.0045,0.0,-0.0012,-0.11,-26.38,STOP_LOSS_HIT,0.0636
13,TRUMP_USDT,SHORT,StochasticRSI(FAST_SCALP-SHORT),2,0.2,1.712,1.71,1.71,1.718,2026-07-01 03:56:59 UTC,2026-07-01 03:57:03 UTC,3.54,0.3424,0.0046,0.0,0.0004,0.04,8.76,MIN_PROFIT_TP_HIT,0.064
14,TRUMP_USDT,SHORT,StochasticRSI(FAST_SCALP-SHORT),2,0.2,1.704,1.702,1.702,1.71,2026-07-01 04:21:59 UTC,2026-07-01 04:23:55 UTC,115.92,0.3408,0.0045,0.0,0.0004,0.04,8.8,MIN_PROFIT_TP_HIT,0.0644
15,TRUMP_USDT,SHORT,StochasticRSI(FAST_SCALP-SHORT),2,0.2,1.704,1.702,1.702,1.71,2026-07-01 04:59:59 UTC,2026-07-01 05:00:10 UTC,10.36,0.3408,0.0045,0.0,0.0004,0.04,8.8,MIN_PROFIT_TP_HIT,0.0648
16,TRUMP_USDT,SHORT,StochasticRSI(FAST_SCALP-SHORT),2,0.2,1.706,1.704,1.704,1.712,2026-07-01 05:10:59 UTC,2026-07-01 05:15:01 UTC,241.8,0.3412,0.0045,0.0,0.0004,0.04,8.79,MIN_PROFIT_TP_HIT,0.0652
17,TRUMP_USDT,SHORT,StochasticRSI(FAST_SCALP-SHORT),2,0.2,1.706,1.704,1.704,1.712,2026-07-01 05:16:59 UTC,2026-07-01 05:19:02 UTC,122.8,0.3412,0.0045,0.0,0.0004,0.04,8.79,MIN_PROFIT_TP_HIT,0.0656
18,TRUMP_USDT,SHORT,StochasticRSI(FAST_SCALP-SHORT),2,0.2,1.702,1.7,1.7,1.708,2026-07-01 05:32:59 UTC,2026-07-01 05:37:20 UTC,260.37,0.3404,0.0045,0.0,0.0004,0.04,8.81,MIN_PROFIT_TP_HIT,0.066
19,TRUMP_USDT,SHORT,StochasticRSI(FAST_SCALP-SHORT),2,0.2,1.705,1.703,1.703,1.711,2026-07-01 05:44:59 UTC,2026-07-01 05:46:19 UTC,79.79,0.341,0.0045,0.0,0.0004,0.04,8.8,MIN_PROFIT_TP_HIT,0.0664
20,TRUMP_USDT,SHORT,StochasticRSI(FAST_SCALP-SHORT),2,0.2,1.712,1.71,1.71,1.718,2026-07-01 05:48:59 UTC,2026-07-01 05:53:02 UTC,242.19,0.3424,0.0046,0.0,0.0004,0.04,8.76,MIN_PROFIT_TP_HIT,0.0668
21,TRUMP_USDT,SHORT,StochasticRSI(FAST_SCALP-SHORT),2,0.2,1.71,1.708,1.708,1.716,2026-07-01 06:16:59 UTC,2026-07-01 06:17:04 UTC,4.85,0.342,0.0046,0.0,0.0004,0.04,8.77,MIN_PROFIT_TP_HIT,0.0672
22,TRUMP_USDT,SHORT,StochasticRSI(FAST_SCALP-SHORT),2,0.2,1.691,1.689,1.689,1.697,2026-07-01 06:55:59 UTC,2026-07-01 06:56:34 UTC,34.75,0.3382,0.0045,0.0,0.0004,0.04,8.87,MIN_PROFIT_TP_HIT,0.0676
23,TRUMP_USDT,SHORT,StochasticRSI(FAST_SCALP-SHORT),2,0.2,1.69,1.688,1.688,1.696,2026-07-01 07:14:59 UTC,2026-07-01 07:15:24 UTC,24.53,0.338,0.0045,0.0,0.0004,0.04,8.88,MIN_PROFIT_TP_HIT,0.068
24,TRUMP_USDT,SHORT,StochasticRSI(FAST_SCALP-SHORT),2,0.2,1.698,1.696,1.696,1.704,2026-07-01 07:26:59 UTC,2026-07-01 07:27:17 UTC,17.88,0.3396,0.0045,0.0,0.0004,0.04,8.83,MIN_PROFIT_TP_HIT,0.0684
25,TRUMP_USDT,SHORT,StochasticRSI(FAST_SCALP-SHORT),2,0.2,1.698,1.696,1.696,1.704,2026-07-01 07:52:59 UTC,2026-07-01 07:55:56 UTC,176.66,0.3396,0.0045,0.0,0.0004,0.04,8.83,MIN_PROFIT_TP_HIT,0.0688
26,TRUMP_USDT,SHORT,StochasticRSI(FAST_SCALP-SHORT),2,0.2,1.699,1.697,1.697,1.705,2026-07-01 07:56:59 UTC,2026-07-01 07:58:08 UTC,68.7,0.3398,0.0045,0.0,0.0004,0.04,8.83,MIN_PROFIT_TP_HIT,0.0692
27,TRUMP_USDT,SHORT,StochasticRSI(FAST_SCALP-SHORT),2,0.2,1.698,1.696,1.696,1.704,2026-07-01 08:12:59 UTC,2026-07-01 08:15:05 UTC,125.19,0.3396,0.0045,0.0,0.0004,0.04,8.83,MIN_PROFIT_TP_HIT,0.0696
28,TRUMP_USDT,SHORT,StochasticRSI(FAST_SCALP-SHORT),2,0.2,1.695,1.693,1.693,1.701,2026-07-01 08:16:59 UTC,2026-07-01 08:17:04 UTC,5.0,0.339,0.0045,0.0,0.0004,0.04,8.85,MIN_PROFIT_TP_HIT,0.07
29,TRUMP_USDT,SHORT,StochasticRSI(FAST_SCALP-SHORT),2,0.2,1.689,1.687,1.687,1.695,2026-07-01 08:39:59 UTC,2026-07-01 08:47:15 UTC,435.13,0.3378,0.0045,0.0,0.0004,0.04,8.88,MIN_PROFIT_TP_HIT,0.0704
30,TRUMP_USDT,SHORT,StochasticRSI(FAST_SCALP-SHORT),2,0.2,1.698,1.696,1.696,1.704,2026-07-01 09:00:59 UTC,2026-07-01 09:03:08 UTC,128.42,0.3396,0.0045,0.0,0.0004,0.04,8.83,MIN_PROFIT_TP_HIT,0.0708
31,TRUMP_USDT,SHORT,StochasticRSI(FAST_SCALP-SHORT),2,0.2,1.71,1.708,1.708,1.716,2026-07-01 09:20:59 UTC,2026-07-01 09:25:00 UTC,240.32,0.342,0.0046,0.0,0.0004,0.04,8.77,MIN_PROFIT_TP_HIT,0.0712
32,TRUMP_USDT,SHORT,StochasticRSI(FAST_SCALP-SHORT),2,0.2,1.699,1.705,1.697,1.705,2026-07-01 09:47:59 UTC,2026-07-01 09:52:08 UTC,248.58,0.3398,0.0045,0.0,-0.0012,-0.11,-26.49,STOP_LOSS_HIT,0.07
33,TRUMP_USDT,SHORT,StochasticRSI(FAST_SCALP-SHORT),2,0.2,1.706,1.704,1.704,1.712,2026-07-01 09:54:59 UTC,2026-07-01 10:01:28 UTC,388.34,0.3412,0.0045,0.0,0.0004,0.04,8.79,MIN_PROFIT_TP_HIT,0.0704
34,TRUMP_USDT,SHORT,StochasticRSI(FAST_SCALP-SHORT),2,0.2,1.689,1.687,1.687,1.695,2026-07-01 10:24:59 UTC,2026-07-01 10:25:52 UTC,52.53,0.3378,0.0045,0.0,0.0004,0.04,8.88,MIN_PROFIT_TP_HIT,0.0708
35,TRUMP_USDT,SHORT,StochasticRSI(FAST_SCALP-SHORT),2,0.2,1.689,1.695,1.687,1.695,2026-07-01 10:36:59 UTC,2026-07-01 10:45:46 UTC,526.04,0.3378,0.0045,0.0,-0.0012,-0.11,-26.64,STOP_LOSS_HIT,0.0696
36,TRUMP_USDT,SHORT,StochasticRSI(FAST_SCALP-SHORT),2,0.2,1.696,1.694,1.694,1.702,2026-07-01 10:52:59 UTC,2026-07-01 10:57:20 UTC,260.04,0.3392,0.0045,0.0,0.0004,0.04,8.84,MIN_PROFIT_TP_HIT,0.07
37,TRUMP_USDT,SHORT,StochasticRSI(FAST_SCALP-SHORT),2,0.2,1.696,1.694,1.694,1.702,2026-07-01 11:08:59 UTC,2026-07-01 11:10:24 UTC,84.67,0.3392,0.0045,0.0,0.0004,0.04,8.84,MIN_PROFIT_TP_HIT,0.0704
38,TRUMP_USDT,SHORT,StochasticRSI(FAST_SCALP-SHORT),2,0.2,1.699,1.697,1.697,1.705,2026-07-01 11:17:59 UTC,2026-07-01 11:23:11 UTC,311.53,0.3398,0.0045,0.0,0.0004,0.04,8.83,MIN_PROFIT_TP_HIT,0.0708
39,TRUMP_USDT,SHORT,StochasticRSI(FAST_SCALP-SHORT),2,0.2,1.698,1.696,1.696,1.704,2026-07-01 11:33:59 UTC,2026-07-01 11:41:45 UTC,465.51,0.3396,0.0045,0.0,0.0004,0.04,8.83,MIN_PROFIT_TP_HIT,0.0712
40,TRUMP_USDT,SHORT,StochasticRSI(FAST_SCALP-SHORT),2,0.2,1.694,1.692,1.692,1.7,2026-07-01 11:56:59 UTC,2026-07-01 12:01:54 UTC,294.86,0.3388,0.0045,0.0,0.0004,0.04,8.85,MIN_PROFIT_TP_HIT,0.0716
41,TRUMP_USDT,SHORT,StochasticRSI(FAST_SCALP-SHORT),2,0.2,1.692,1.69,1.69,1.698,2026-07-01 12:18:59 UTC,2026-07-01 12:19:25 UTC,25.16,0.3384,0.0045,0.0,0.0004,0.04,8.87,MIN_PROFIT_TP_HIT,0.072
42,TRUMP_USDT,SHORT,StochasticRSI(FAST_SCALP-SHORT),2,0.2,1.682,1.68,1.68,1.688,2026-07-01 13:06:59 UTC,2026-07-01 13:07:08 UTC,8.13,0.3364,0.0045,0.0,0.0004,0.04,8.92,MIN_PROFIT_TP_HIT,0.0724
43,TRUMP_USDT,SHORT,StochasticRSI(FAST_SCALP-SHORT),2,0.2,1.683,1.689,1.681,1.689,2026-07-01 13:25:59 UTC,2026-07-01 13:27:59 UTC,119.49,0.3366,0.0045,0.0,-0.0012,-0.11,-26.74,STOP_LOSS_HIT,0.0712
44,TRUMP_USDT,SHORT,StochasticRSI(FAST_SCALP-SHORT),2,0.2,1.689,1.687,1.687,1.695,2026-07-01 13:40:59 UTC,2026-07-01 13:42:06 UTC,66.81,0.3378,0.0045,0.0,0.0004,0.04,8.88,MIN_PROFIT_TP_HIT,0.0716
45,TRUMP_USDT,SHORT,StochasticRSI(FAST_SCALP-SHORT),2,0.2,1.695,1.693,1.693,1.701,2026-07-01 13:54:59 UTC,2026-07-01 13:55:41 UTC,41.29,0.339,0.0045,0.0,0.0004,0.04,8.85,MIN_PROFIT_TP_HIT,0.072
46,TRUMP_USDT,SHORT,StochasticRSI(FAST_SCALP-SHORT),2,0.2,1.707,1.705,1.705,1.713,2026-07-01 14:16:59 UTC,2026-07-01 14:19:30 UTC,151.0,0.3414,0.0046,0.0,0.0004,0.04,8.79,MIN_PROFIT_TP_HIT,0.0724
47,TRUMP_USDT,SHORT,StochasticRSI(FAST_SCALP-SHORT),2,0.2,1.697,1.695,1.695,1.703,2026-07-01 14:43:59 UTC,2026-07-01 14:44:25 UTC,25.77,0.3394,0.0045,0.0,0.0004,0.04,8.84,MIN_PROFIT_TP_HIT,0.0728
48,TRUMP_USDT,SHORT,StochasticRSI(FAST_SCALP-SHORT),2,0.2,1.701,1.699,1.699,1.707,2026-07-01 14:56:59 UTC,2026-07-01 14:58:08 UTC,68.94,0.3402,0.0045,0.0,0.0004,0.04,8.82,MIN_PROFIT_TP_HIT,0.0732
49,TRUMP_USDT,SHORT,StochasticRSI(FAST_SCALP-SHORT),2,0.2,1.703,1.701,1.701,1.709,2026-07-01 15:09:59 UTC,2026-07-01 15:13:10 UTC,190.67,0.3406,0.0045,0.0,0.0004,0.04,8.81,MIN_PROFIT_TP_HIT,0.0736
50,TRUMP_USDT,SHORT,StochasticRSI(FAST_SCALP-SHORT),2,0.2,1.709,1.707,1.707,1.715,2026-07-01 15:26:59 UTC,2026-07-01 15:28:14 UTC,74.81,0.3418,0.0046,0.0,0.0004,0.04,8.78,MIN_PROFIT_TP_HIT,0.074
51,TRUMP_USDT,SHORT,StochasticRSI(FAST_SCALP-SHORT),2,0.2,1.714,1.712,1.712,1.72,2026-07-01 15:45:59 UTC,2026-07-01 15:55:01 UTC,541.6,0.3428,0.0046,0.0,0.0004,0.04,8.75,MIN_PROFIT_TP_HIT,0.0744
52,TRUMP_USDT,SHORT,StochasticRSI(FAST_SCALP-SHORT),2,0.2,1.719,1.725,1.717,1.725,2026-07-01 16:05:59 UTC,2026-07-01 16:11:15 UTC,315.41,0.3438,0.0046,0.0,-0.0012,-0.11,-26.18,STOP_LOSS_HIT,0.0732
53,TRUMP_USDT,SHORT,StochasticRSI(FAST_SCALP-SHORT),2,0.2,1.731,1.729,1.729,1.737,2026-07-01 16:15:59 UTC,2026-07-01 16:16:15 UTC,15.36,0.3462,0.0046,0.0,0.0004,0.04,8.67,MIN_PROFIT_TP_HIT,0.0736
54,TRUMP_USDT,SHORT,StochasticRSI(FAST_SCALP-SHORT),2,0.2,1.7,1.698,1.698,1.706,2026-07-01 17:02:59 UTC,2026-07-01 17:03:50 UTC,50.07,0.34,0.0045,0.0,0.0004,0.04,8.82,MIN_PROFIT_TP_HIT,0.074
55,TRUMP_USDT,SHORT,StochasticRSI(FAST_SCALP-SHORT),2,0.2,1.701,1.707,1.699,1.707,2026-07-01 17:17:59 UTC,2026-07-01 17:23:23 UTC,323.98,0.3402,0.0045,0.0,-0.0012,-0.11,-26.46,STOP_LOSS_HIT,0.0728
56,TRUMP_USDT,SHORT,StochasticRSI(FAST_SCALP-SHORT),2,0.2,1.71,1.708,1.708,1.716,2026-07-01 17:28:59 UTC,2026-07-01 17:30:06 UTC,66.72,0.342,0.0046,0.0,0.0004,0.04,8.77,MIN_PROFIT_TP_HIT,0.0732
57,TRUMP_USDT,SHORT,StochasticRSI(FAST_SCALP-SHORT),2,0.2,1.713,1.711,1.711,1.719,2026-07-01 17:49:59 UTC,2026-07-01 18:20:52 UTC,1852.25,0.3426,0.0046,0.0,0.0004,0.04,8.76,MIN_PROFIT_TP_HIT,0.0736
58,TRUMP_USDT,SHORT,StochasticRSI(FAST_SCALP-SHORT),2,0.2,1.693,1.691,1.691,1.699,2026-07-01 18:53:59 UTC,2026-07-01 18:54:40 UTC,40.93,0.3386,0.0045,0.0,0.0004,0.04,8.86,MIN_PROFIT_TP_HIT,0.074
59,TRUMP_USDT,SHORT,StochasticRSI(FAST_SCALP-SHORT),2,0.2,1.697,1.695,1.695,1.703,2026-07-01 19:06:59 UTC,2026-07-01 19:08:13 UTC,73.48,0.3394,0.0045,0.0,0.0004,0.04,8.84,MIN_PROFIT_TP_HIT,0.0744
60,TRUMP_USDT,SHORT,StochasticRSI(FAST_SCALP-SHORT),2,0.2,1.695,1.693,1.693,1.701,2026-07-01 19:09:59 UTC,2026-07-01 19:11:35 UTC,95.18,0.339,0.0045,0.0,0.0004,0.04,8.85,MIN_PROFIT_TP_HIT,0.0748
61,TRUMP_USDT,SHORT,StochasticRSI(FAST_SCALP-SHORT),2,0.2,1.692,1.69,1.69,1.698,2026-07-01 19:25:59 UTC,2026-07-01 19:26:06 UTC,6.93,0.3384,0.0045,0.0,0.0004,0.04,8.87,MIN_PROFIT_TP_HIT,0.0752
62,TRUMP_USDT,SHORT,StochasticRSI(FAST_SCALP-SHORT),2,0.2,1.692,1.69,1.69,1.698,2026-07-01 19:36:59 UTC,2026-07-01 19:40:18 UTC,198.48,0.3384,0.0045,0.0,0.0004,0.04,8.87,MIN_PROFIT_TP_HIT,0.0756
63,TRUMP_USDT,SHORT,StochasticRSI(FAST_SCALP-SHORT),2,0.2,1.692,1.69,1.69,1.698,2026-07-01 20:07:59 UTC,2026-07-01 20:08:01 UTC,1.45,0.3384,0.0045,0.0,0.0004,0.04,8.87,MIN_PROFIT_TP_HIT,0.076
64,TRUMP_USDT,SHORT,StochasticRSI(FAST_SCALP-SHORT),2,0.2,1.683,1.689,1.681,1.689,2026-07-01 20:09:59 UTC,2026-07-01 20:15:03 UTC,303.95,0.3366,0.0045,0.0,-0.0012,-0.11,-26.74,STOP_LOSS_HIT,0.0748
65,TRUMP_USDT,SHORT,StochasticRSI(FAST_SCALP-SHORT),2,0.2,1.687,1.685,1.685,1.693,2026-07-01 20:28:59 UTC,2026-07-01 20:29:40 UTC,40.86,0.3374,0.0045,0.0,0.0004,0.04,8.89,MIN_PROFIT_TP_HIT,0.0752
66,TRUMP_USDT,SHORT,StochasticRSI(FAST_SCALP-SHORT),2,0.2,1.685,1.691,1.683,1.691,2026-07-01 20:30:59 UTC,2026-07-01 20:45:02 UTC,842.72,0.337,0.0045,0.0,-0.0012,-0.11,-26.71,STOP_LOSS_HIT,0.074
67,TRUMP_USDT,SHORT,StochasticRSI(FAST_SCALP-SHORT),2,0.2,1.691,1.697,1.689,1.697,2026-07-01 20:49:59 UTC,2026-07-01 21:09:16 UTC,1156.21,0.3382,0.0045,0.0,-0.0012,-0.11,-26.61,STOP_LOSS_HIT,0.0728
68,TRUMP_USDT,SHORT,StochasticRSI(FAST_SCALP-SHORT),2,0.2,1.7,1.706,1.698,1.706,2026-07-01 21:16:59 UTC,2026-07-01 21:26:19 UTC,559.09,0.34,0.0045,0.0,-0.0012,-0.11,-26.47,STOP_LOSS_HIT,0.0716
69,TRUMP_USDT,SHORT,StochasticRSI(FAST_SCALP-SHORT),2,0.2,1.707,1.713,1.705,1.713,2026-07-01 21:31:59 UTC,2026-07-01 21:35:54 UTC,234.52,0.3414,0.0046,0.0,-0.0012,-0.11,-26.36,STOP_LOSS_HIT,0.0704
70,TRUMP_USDT,SHORT,StochasticRSI(FAST_SCALP-SHORT),2,0.2,1.715,1.713,1.713,1.721,2026-07-01 21:38:59 UTC,2026-07-01 21:39:43 UTC,43.36,0.343,0.0046,0.0,0.0004,0.04,8.75,MIN_PROFIT_TP_HIT,0.0708
71,TRUMP_USDT,SHORT,StochasticRSI(FAST_SCALP-SHORT),2,0.2,1.717,1.715,1.715,1.723,2026-07-01 21:55:59 UTC,2026-07-01 21:56:15 UTC,15.05,0.3434,0.0046,0.0,0.0004,0.04,8.74,MIN_PROFIT_TP_HIT,0.0712
72,TRUMP_USDT,SHORT,StochasticRSI(FAST_SCALP-SHORT),2,0.2,1.714,1.72,1.712,1.72,2026-07-01 22:15:59 UTC,2026-07-01 22:21:18 UTC,318.13,0.3428,0.0046,0.0,-0.0012,-0.11,-26.25,STOP_LOSS_HIT,0.07
73,TRUMP_USDT,SHORT,StochasticRSI(FAST_SCALP-SHORT),2,0.2,1.716,1.714,1.714,1.722,2026-07-01 22:25:59 UTC,2026-07-01 22:26:07 UTC,7.46,0.3432,0.0046,0.0,0.0004,0.04,8.74,MIN_PROFIT_TP_HIT,0.0704
74,TRUMP_USDT,SHORT,StochasticRSI(FAST_SCALP-SHORT),2,0.2,1.704,1.702,1.702,1.71,2026-07-01 22:44:59 UTC,2026-07-01 22:46:02 UTC,62.87,0.3408,0.0045,0.0,0.0004,0.04,8.8,MIN_PROFIT_TP_HIT,0.0708
75,TRUMP_USDT,SHORT,StochasticRSI(FAST_SCALP-SHORT),2,0.2,1.7,1.698,1.698,1.706,2026-07-01 22:56:59 UTC,2026-07-01 23:00:53 UTC,233.42,0.34,0.0045,0.0,0.0004,0.04,8.82,MIN_PROFIT_TP_HIT,0.0712
76,TRUMP_USDT,SHORT,StochasticRSI(FAST_SCALP-SHORT),2,0.2,1.7,1.698,1.698,1.706,2026-07-01 23:01:59 UTC,2026-07-01 23:02:04 UTC,4.75,0.34,0.0045,0.0,0.0004,0.04,8.82,MIN_PROFIT_TP_HIT,0.0716
77,TRUMP_USDT,SHORT,StochasticRSI(FAST_SCALP-SHORT),2,0.2,1.695,1.693,1.693,1.701,2026-07-01 23:07:59 UTC,2026-07-01 23:08:08 UTC,8.66,0.339,0.0045,0.0,0.0004,0.04,8.85,MIN_PROFIT_TP_HIT,0.072
78,TRUMP_USDT,SHORT,StochasticRSI(FAST_SCALP-SHORT),2,0.2,1.69,1.688,1.688,1.696,2026-07-01 23:22:59 UTC,2026-07-01 23:31:55 UTC,535.87,0.338,0.0045,0.0,0.0004,0.04,8.88,MIN_PROFIT_TP_HIT,0.0724
79,TRUMP_USDT,SHORT,StochasticRSI(FAST_SCALP-SHORT),2,0.2,1.683,1.681,1.681,1.689,2026-07-02 00:12:59 UTC,2026-07-02 00:17:15 UTC,255.35,0.3366,0.0045,0.0,0.0004,0.04,8.91,MIN_PROFIT_TP_HIT,0.0728
80,TRUMP_USDT,SHORT,StochasticRSI(FAST_SCALP-SHORT),2,0.2,1.672,1.67,1.67,1.678,2026-07-02 00:39:59 UTC,2026-07-02 00:40:12 UTC,12.53,0.3344,0.0045,0.0,0.0004,0.04,8.97,MIN_PROFIT_TP_HIT,0.0732
81,TRUMP_USDT,SHORT,StochasticRSI(FAST_SCALP-SHORT),2,0.2,1.674,1.68,1.672,1.68,2026-07-02 00:48:59 UTC,2026-07-02 00:58:15 UTC,555.3,0.3348,0.0045,0.0,-0.0012,-0.11,-26.88,STOP_LOSS_HIT,0.072
82,TRUMP_USDT,SHORT,StochasticRSI(FAST_SCALP-SHORT),2,0.2,1.679,1.685,1.677,1.685,2026-07-02 01:02:59 UTC,2026-07-02 01:15:09 UTC,729.22,0.3358,0.0045,0.0,-0.0012,-0.11,-26.8,STOP_LOSS_HIT,0.0708
83,TRUMP_USDT,SHORT,StochasticRSI(FAST_SCALP-SHORT),2,0.2,1.682,1.688,1.68,1.688,2026-07-02 01:17:59 UTC,2026-07-02 01:25:06 UTC,426.33,0.3364,0.0045,0.0,-0.0012,-0.11,-26.75,STOP_LOSS_HIT,0.0696
84,TRUMP_USDT,SHORT,StochasticRSI(FAST_SCALP-SHORT),2,0.2,1.687,1.693,1.685,1.693,2026-07-02 01:28:59 UTC,2026-07-02 01:39:25 UTC,625.32,0.3374,0.0045,0.0,-0.0012,-0.11,-26.67,STOP_LOSS_HIT,0.0684
85,TRUMP_USDT,SHORT,StochasticRSI(FAST_SCALP-SHORT),2,0.2,1.693,1.691,1.691,1.699,2026-07-02 01:43:59 UTC,2026-07-02 01:50:05 UTC,365.67,0.3386,0.0045,0.0,0.0004,0.04,8.86,MIN_PROFIT_TP_HIT,0.0688
86,TRUMP_USDT,SHORT,StochasticRSI(FAST_SCALP-SHORT),2,0.2,1.686,1.684,1.684,1.692,2026-07-02 02:02:59 UTC,2026-07-02 02:07:03 UTC,243.17,0.3372,0.0045,0.0,0.0004,0.04,8.9,MIN_PROFIT_TP_HIT,0.0692
87,TRUMP_USDT,SHORT,StochasticRSI(FAST_SCALP-SHORT),2,0.2,1.682,1.68,1.68,1.688,2026-07-02 02:18:59 UTC,2026-07-02 02:22:29 UTC,209.27,0.3364,0.0045,0.0,0.0004,0.04,8.92,MIN_PROFIT_TP_HIT,0.0696
88,TRUMP_USDT,SHORT,StochasticRSI(FAST_SCALP-SHORT),2,0.2,1.688,1.694,1.686,1.694,2026-07-02 02:37:59 UTC,2026-07-02 02:42:40 UTC,280.49,0.3376,0.0045,0.0,-0.0012,-0.11,-26.66,STOP_LOSS_HIT,0.0684
89,TRUMP_USDT,SHORT,StochasticRSI(FAST_SCALP-SHORT),2,0.2,1.694,1.692,1.692,1.7,2026-07-02 02:44:59 UTC,2026-07-02 02:47:08 UTC,128.86,0.3388,0.0045,0.0,0.0004,0.04,8.85,MIN_PROFIT_TP_HIT,0.0688
90,TRUMP_USDT,SHORT,StochasticRSI(FAST_SCALP-SHORT),2,0.2,1.689,1.687,1.687,1.695,2026-07-02 03:17:59 UTC,2026-07-02 03:18:04 UTC,4.61,0.3378,0.0045,0.0,0.0004,0.04,8.88,MIN_PROFIT_TP_HIT,0.0692
91,TRUMP_USDT,SHORT,StochasticRSI(FAST_SCALP-SHORT),2,0.2,1.691,1.697,1.689,1.697,2026-07-02 03:30:59 UTC,2026-07-02 03:38:47 UTC,467.13,0.3382,0.0045,0.0,-0.0012,-0.11,-26.61,STOP_LOSS_HIT,0.068
92,TRUMP_USDT,SHORT,StochasticRSI(FAST_SCALP-SHORT),2,0.2,1.699,1.697,1.697,1.705,2026-07-02 03:44:59 UTC,2026-07-02 03:46:05 UTC,65.17,0.3398,0.0045,0.0,0.0004,0.04,8.83,MIN_PROFIT_TP_HIT,0.0684
93,TRUMP_USDT,SHORT,StochasticRSI(FAST_SCALP-SHORT),2,0.2,1.693,1.691,1.691,1.699,2026-07-02 04:29:59 UTC,2026-07-02 04:30:20 UTC,20.76,0.3386,0.0045,0.0,0.0004,0.04,8.86,MIN_PROFIT_TP_HIT,0.0688
94,TRUMP_USDT,SHORT,StochasticRSI(FAST_SCALP-SHORT),2,0.2,1.691,1.697,1.689,1.697,2026-07-02 04:32:59 UTC,2026-07-02 04:44:39 UTC,699.6,0.3382,0.0045,0.0,-0.0012,-0.11,-26.61,STOP_LOSS_HIT,0.0676
95,TRUMP_USDT,SHORT,StochasticRSI(FAST_SCALP-SHORT),2,0.2,1.708,1.706,1.706,1.714,2026-07-02 04:49:59 UTC,2026-07-02 04:52:36 UTC,156.29,0.3416,0.0046,0.0,0.0004,0.04,8.78,MIN_PROFIT_TP_HIT,0.068
96,TRUMP_USDT,SHORT,StochasticRSI(FAST_SCALP-SHORT),2,0.2,1.702,1.7,1.7,1.708,2026-07-02 05:08:59 UTC,2026-07-02 05:17:00 UTC,480.04,0.3404,0.0045,0.0,0.0004,0.04,8.81,MIN_PROFIT_TP_HIT,0.0684
97,TRUMP_USDT,SHORT,StochasticRSI(FAST_SCALP-SHORT),2,0.2,1.691,1.689,1.689,1.697,2026-07-02 05:39:59 UTC,2026-07-02 05:40:49 UTC,49.07,0.3382,0.0045,0.0,0.0004,0.04,8.87,MIN_PROFIT_TP_HIT,0.0688
98,TRUMP_USDT,SHORT,StochasticRSI(FAST_SCALP-SHORT),2,0.2,1.689,1.687,1.687,1.695,2026-07-02 05:51:59 UTC,2026-07-02 06:03:10 UTC,670.21,0.3378,0.0045,0.0,0.0004,0.04,8.88,MIN_PROFIT_TP_HIT,0.0692
99,TRUMP_USDT,SHORT,StochasticRSI(FAST_SCALP-SHORT),2,0.2,1.685,1.691,1.683,1.691,2026-07-02 06:24:59 UTC,2026-07-02 06:32:19 UTC,439.45,0.337,0.0045,0.0,-0.0012,-0.11,-26.71,STOP_LOSS_HIT,0.068
100,TRUMP_USDT,SHORT,StochasticRSI(FAST_SCALP-SHORT),2,0.2,1.682,1.68,1.68,1.688,2026-07-02 06:57:59 UTC,2026-07-02 06:59:16 UTC,76.52,0.3364,0.0045,0.0,0.0004,0.04,8.92,MIN_PROFIT_TP_HIT,0.0684
101,TRUMP_USDT,SHORT,StochasticRSI(FAST_SCALP-SHORT),2,0.2,1.681,1.679,1.679,1.687,2026-07-02 07:09:59 UTC,2026-07-02 07:11:21 UTC,81.65,0.3362,0.0045,0.0,0.0004,0.04,8.92,MIN_PROFIT_TP_HIT,0.0688
102,TRUMP_USDT,SHORT,StochasticRSI(FAST_SCALP-SHORT),2,0.2,1.677,1.675,1.675,1.683,2026-07-02 07:22:59 UTC,2026-07-02 07:25:40 UTC,160.4,0.3354,0.0045,0.0,0.0004,0.04,8.94,MIN_PROFIT_TP_HIT,0.0692
103,TRUMP_USDT,SHORT,StochasticRSI(FAST_SCALP-SHORT),2,0.2,1.675,1.673,1.673,1.681,2026-07-02 07:44:59 UTC,2026-07-02 08:00:22 UTC,922.11,0.335,0.0045,0.0,0.0004,0.04,8.96,MIN_PROFIT_TP_HIT,0.0696
104,TRUMP_USDT,SHORT,StochasticRSI(FAST_SCALP-SHORT),2,0.2,1.674,1.672,1.672,1.68,2026-07-02 08:09:59 UTC,2026-07-02 08:11:38 UTC,98.3,0.3348,0.0045,0.0,0.0004,0.04,8.96,MIN_PROFIT_TP_HIT,0.07
105,TRUMP_USDT,SHORT,StochasticRSI(FAST_SCALP-SHORT),2,0.2,1.676,1.682,1.674,1.682,2026-07-02 08:26:59 UTC,2026-07-02 08:35:08 UTC,488.04,0.3352,0.0045,0.0,-0.0012,-0.11,-26.85,STOP_LOSS_HIT,0.0688
106,TRUMP_USDT,SHORT,StochasticRSI(FAST_SCALP-SHORT),2,0.2,1.679,1.677,1.677,1.685,2026-07-02 08:37:59 UTC,2026-07-02 08:43:28 UTC,328.19,0.3358,0.0045,0.0,0.0004,0.04,8.93,MIN_PROFIT_TP_HIT,0.0692
107,TRUMP_USDT,SHORT,StochasticRSI(FAST_SCALP-SHORT),2,0.2,1.681,1.679,1.679,1.687,2026-07-02 08:58:59 UTC,2026-07-02 09:00:14 UTC,74.53,0.3362,0.0045,0.0,0.0004,0.04,8.92,MIN_PROFIT_TP_HIT,0.0696
108,TRUMP_USDT,SHORT,StochasticRSI(FAST_SCALP-SHORT),2,0.2,1.674,1.68,1.672,1.68,2026-07-02 09:15:59 UTC,2026-07-02 09:28:35 UTC,755.35,0.3348,0.0045,0.0,-0.0012,-0.11,-26.88,STOP_LOSS_HIT,0.0684
109,TRUMP_USDT,SHORT,StochasticRSI(FAST_SCALP-SHORT),2,0.2,1.683,1.689,1.681,1.689,2026-07-02 09:33:59 UTC,2026-07-02 09:36:35 UTC,155.04,0.3366,0.0045,0.0,-0.0012,-0.11,-26.74,STOP_LOSS_HIT,0.0672
110,TRUMP_USDT,SHORT,StochasticRSI(FAST_SCALP-SHORT),2,0.2,1.691,1.689,1.689,1.697,2026-07-02 09:40:59 UTC,2026-07-02 09:43:31 UTC,151.03,0.3382,0.0045,0.0,0.0004,0.04,8.87,MIN_PROFIT_TP_HIT,0.0676
111,TRUMP_USDT,SHORT,StochasticRSI(FAST_SCALP-SHORT),2,0.2,1.689,1.687,1.687,1.695,2026-07-02 09:56:59 UTC,2026-07-02 09:59:09 UTC,129.26,0.3378,0.0045,0.0,0.0004,0.04,8.88,MIN_PROFIT_TP_HIT,0.068
112,TRUMP_USDT,SHORT,StochasticRSI(FAST_SCALP-SHORT),2,0.2,1.69,1.696,1.688,1.696,2026-07-02 10:10:59 UTC,2026-07-02 10:30:07 UTC,1147.75,0.338,0.0045,0.0,-0.0012,-0.11,-26.63,STOP_LOSS_HIT,0.0668
113,TRUMP_USDT,SHORT,StochasticRSI(FAST_SCALP-SHORT),2,0.2,1.696,1.702,1.694,1.702,2026-07-02 11:04:59 UTC,2026-07-02 11:11:22 UTC,382.68,0.3392,0.0045,0.0,-0.0012,-0.11,-26.53,STOP_LOSS_HIT,0.0656
114,TRUMP_USDT,SHORT,StochasticRSI(FAST_SCALP-SHORT),2,0.2,1.704,1.702,1.702,1.71,2026-07-02 11:16:59 UTC,2026-07-02 11:20:15 UTC,195.42,0.3408,0.0045,0.0,0.0004,0.04,8.8,MIN_PROFIT_TP_HIT,0.066
115,TRUMP_USDT,SHORT,StochasticRSI(FAST_SCALP-SHORT),2,0.2,1.711,1.709,1.709,1.717,2026-07-02 11:29:59 UTC,2026-07-02 11:32:49 UTC,169.11,0.3422,0.0046,0.0,0.0004,0.04,8.77,MIN_PROFIT_TP_HIT,0.0664
116,TRUMP_USDT,SHORT,StochasticRSI(FAST_SCALP-SHORT),2,0.2,1.713,1.711,1.711,1.719,2026-07-02 11:47:59 UTC,2026-07-02 11:48:10 UTC,10.77,0.3426,0.0046,0.0,0.0004,0.04,8.76,MIN_PROFIT_TP_HIT,0.0668
117,TRUMP_USDT,SHORT,StochasticRSI(FAST_SCALP-SHORT),2,0.2,1.704,1.71,1.702,1.71,2026-07-02 12:03:59 UTC,2026-07-02 12:12:04 UTC,484.54,0.3408,0.0045,0.0,-0.0012,-0.11,-26.41,STOP_LOSS_HIT,0.0656
118,TRUMP_USDT,SHORT,StochasticRSI(FAST_SCALP-SHORT),2,0.2,1.708,1.706,1.706,1.714,2026-07-02 12:15:59 UTC,2026-07-02 12:19:10 UTC,190.62,0.3416,0.0046,0.0,0.0004,0.04,8.78,MIN_PROFIT_TP_HIT,0.066
119,TRUMP_USDT,SHORT,StochasticRSI(FAST_SCALP-SHORT),2,0.2,1.713,1.719,1.711,1.719,2026-07-02 12:29:59 UTC,2026-07-02 12:30:01 UTC,1.78,0.3426,0.0046,0.0,-0.0012,-0.11,-26.27,STOP_LOSS_HIT,0.0648
120,TRUMP_USDT,SHORT,StochasticRSI(FAST_SCALP-SHORT),2,0.2,1.713,1.711,1.711,1.719,2026-07-02 12:32:59 UTC,2026-07-02 12:33:17 UTC,17.75,0.3426,0.0046,0.0,0.0004,0.04,8.76,MIN_PROFIT_TP_HIT,0.0652
121,TRUMP_USDT,SHORT,StochasticRSI(FAST_SCALP-SHORT),2,0.2,1.713,1.711,1.711,1.719,2026-07-02 12:52:59 UTC,2026-07-02 12:53:09 UTC,9.48,0.3426,0.0046,0.0,0.0004,0.04,8.76,MIN_PROFIT_TP_HIT,0.0656
122,TRUMP_USDT,SHORT,StochasticRSI(FAST_SCALP-SHORT),2,0.2,1.71,1.708,1.708,1.716,2026-07-02 13:18:59 UTC,2026-07-02 13:28:38 UTC,578.38,0.342,0.0046,0.0,0.0004,0.04,8.77,MIN_PROFIT_TP_HIT,0.066
123,TRUMP_USDT,SHORT,StochasticRSI(FAST_SCALP-SHORT),2,0.2,1.714,1.712,1.712,1.72,2026-07-02 13:38:59 UTC,2026-07-02 13:45:46 UTC,406.07,0.3428,0.0046,0.0,0.0004,0.04,8.75,MIN_PROFIT_TP_HIT,0.0664
124,TRUMP_USDT,SHORT,StochasticRSI(FAST_SCALP-SHORT),2,0.2,1.716,1.722,1.714,1.722,2026-07-02 13:54:59 UTC,2026-07-02 14:01:18 UTC,378.25,0.3432,0.0046,0.0,-0.0012,-0.11,-26.22,STOP_LOSS_HIT,0.0652
125,TRUMP_USDT,SHORT,StochasticRSI(FAST_SCALP-SHORT),2,0.2,1.713,1.711,1.711,1.719,2026-07-02 14:04:59 UTC,2026-07-02 14:06:16 UTC,76.51,0.3426,0.0046,0.0,0.0004,0.04,8.76,MIN_PROFIT_TP_HIT,0.0656
126,TRUMP_USDT,SHORT,StochasticRSI(FAST_SCALP-SHORT),2,0.2,1.712,1.71,1.71,1.718,2026-07-02 14:16:59 UTC,2026-07-02 14:18:05 UTC,65.93,0.3424,0.0046,0.0,0.0004,0.04,8.76,MIN_PROFIT_TP_HIT,0.066
127,TRUMP_USDT,SHORT,StochasticRSI(FAST_SCALP-SHORT),2,0.2,1.703,1.701,1.701,1.709,2026-07-02 14:33:59 UTC,2026-07-02 14:34:42 UTC,42.62,0.3406,0.0045,0.0,0.0004,0.04,8.81,MIN_PROFIT_TP_HIT,0.0664
128,TRUMP_USDT,SHORT,StochasticRSI(FAST_SCALP-SHORT),2,0.2,1.705,1.703,1.703,1.711,2026-07-02 14:40:59 UTC,2026-07-02 14:41:08 UTC,8.05,0.341,0.0045,0.0,0.0004,0.04,8.8,MIN_PROFIT_TP_HIT,0.0668
129,TRUMP_USDT,SHORT,StochasticRSI(FAST_SCALP-SHORT),2,0.2,1.701,1.699,1.699,1.707,2026-07-02 14:53:59 UTC,2026-07-02 14:54:10 UTC,10.54,0.3402,0.0045,0.0,0.0004,0.04,8.82,MIN_PROFIT_TP_HIT,0.0672
130,TRUMP_USDT,SHORT,StochasticRSI(FAST_SCALP-SHORT),2,0.2,1.697,1.695,1.695,1.703,2026-07-02 15:17:59 UTC,2026-07-02 15:18:09 UTC,9.7,0.3394,0.0045,0.0,0.0004,0.04,8.84,MIN_PROFIT_TP_HIT,0.0676
131,TRUMP_USDT,SHORT,StochasticRSI(FAST_SCALP-SHORT),2,0.2,1.702,1.7,1.7,1.708,2026-07-02 15:30:59 UTC,2026-07-02 15:32:38 UTC,98.16,0.3404,0.0045,0.0,0.0004,0.04,8.81,MIN_PROFIT_TP_HIT,0.068
132,TRUMP_USDT,SHORT,StochasticRSI(FAST_SCALP-SHORT),2,0.2,1.706,1.704,1.704,1.712,2026-07-02 15:37:59 UTC,2026-07-02 15:39:33 UTC,93.53,0.3412,0.0045,0.0,0.0004,0.04,8.79,MIN_PROFIT_TP_HIT,0.0684
133,TRUMP_USDT,SHORT,StochasticRSI(FAST_SCALP-SHORT),2,0.2,1.703,1.701,1.701,1.709,2026-07-02 16:01:59 UTC,2026-07-02 16:02:08 UTC,8.91,0.3406,0.0045,0.0,0.0004,0.04,8.81,MIN_PROFIT_TP_HIT,0.0688
134,TRUMP_USDT,SHORT,StochasticRSI(FAST_SCALP-SHORT),2,0.2,1.708,1.706,1.706,1.714,2026-07-02 16:09:59 UTC,2026-07-02 16:17:39 UTC,459.69,0.3416,0.0046,0.0,0.0004,0.04,8.78,MIN_PROFIT_TP_HIT,0.0692
135,TRUMP_USDT,SHORT,StochasticRSI(FAST_SCALP-SHORT),2,0.2,1.707,1.705,1.705,1.713,2026-07-02 16:51:59 UTC,2026-07-02 16:53:00 UTC,60.6,0.3414,0.0046,0.0,0.0004,0.04,8.79,MIN_PROFIT_TP_HIT,0.0696
136,TRUMP_USDT,SHORT,StochasticRSI(FAST_SCALP-SHORT),2,0.2,1.703,1.701,1.701,1.709,2026-07-02 17:08:59 UTC,2026-07-02 17:10:56 UTC,116.93,0.3406,0.0045,0.0,0.0004,0.04,8.81,MIN_PROFIT_TP_HIT,0.07
137,TRUMP_USDT,SHORT,StochasticRSI(FAST_SCALP-SHORT),2,0.2,1.706,1.712,1.704,1.712,2026-07-02 17:20:59 UTC,2026-07-02 17:23:15 UTC,135.08,0.3412,0.0045,0.0,-0.0012,-0.11,-26.38,STOP_LOSS_HIT,0.0688
138,TRUMP_USDT,SHORT,StochasticRSI(FAST_SCALP-SHORT),2,0.2,1.709,1.707,1.707,1.715,2026-07-02 17:25:59 UTC,2026-07-02 17:30:49 UTC,289.19,0.3418,0.0046,0.0,0.0004,0.04,8.78,MIN_PROFIT_TP_HIT,0.0692
139,TRUMP_USDT,SHORT,StochasticRSI(FAST_SCALP-SHORT),2,0.2,1.703,1.701,1.701,1.709,2026-07-02 17:46:59 UTC,2026-07-02 17:48:07 UTC,67.5,0.3406,0.0045,0.0,0.0004,0.04,8.81,MIN_PROFIT_TP_HIT,0.0696
140,TRUMP_USDT,SHORT,StochasticRSI(FAST_SCALP-SHORT),2,0.2,1.698,1.704,1.696,1.704,2026-07-02 18:26:59 UTC,2026-07-02 18:40:15 UTC,795.17,0.3396,0.0045,0.0,-0.0012,-0.11,-26.5,STOP_LOSS_HIT,0.0684
141,TRUMP_USDT,SHORT,StochasticRSI(FAST_SCALP-SHORT),2,0.2,1.702,1.708,1.7,1.708,2026-07-02 18:42:59 UTC,2026-07-02 19:00:20 UTC,1040.41,0.3404,0.0045,0.0,-0.0012,-0.11,-26.44,STOP_LOSS_HIT,0.0672
142,TRUMP_USDT,SHORT,StochasticRSI(FAST_SCALP-SHORT),2,0.2,1.709,1.707,1.707,1.715,2026-07-02 19:16:59 UTC,2026-07-02 19:18:30 UTC,90.67,0.3418,0.0046,0.0,0.0004,0.04,8.78,MIN_PROFIT_TP_HIT,0.0676
143,TRUMP_USDT,SHORT,StochasticRSI(FAST_SCALP-SHORT),2,0.2,1.708,1.706,1.706,1.714,2026-07-02 19:31:59 UTC,2026-07-02 19:38:59 UTC,419.54,0.3416,0.0046,0.0,0.0004,0.04,8.78,MIN_PROFIT_TP_HIT,0.068
144,TRUMP_USDT,SHORT,StochasticRSI(FAST_SCALP-SHORT),2,0.2,1.71,1.708,1.708,1.716,2026-07-02 19:49:59 UTC,2026-07-02 19:53:45 UTC,225.82,0.342,0.0046,0.0,0.0004,0.04,8.77,MIN_PROFIT_TP_HIT,0.0684
145,TRUMP_USDT,SHORT,StochasticRSI(FAST_SCALP-SHORT),2,0.2,1.71,1.708,1.708,1.716,2026-07-02 20:18:59 UTC,2026-07-02 20:24:39 UTC,339.09,0.342,0.0046,0.0,0.0004,0.04,8.77,MIN_PROFIT_TP_HIT,0.0688
146,TRUMP_USDT,SHORT,StochasticRSI(FAST_SCALP-SHORT),2,0.2,1.708,1.714,1.706,1.714,2026-07-02 20:38:59 UTC,2026-07-02 20:57:11 UTC,1091.6,0.3416,0.0046,0.0,-0.0012,-0.11,-26.35,STOP_LOSS_HIT,0.0676
147,TRUMP_USDT,SHORT,StochasticRSI(FAST_SCALP-SHORT),2,0.2,1.714,1.712,1.712,1.72,2026-07-02 21:17:59 UTC,2026-07-02 21:23:25 UTC,325.46,0.3428,0.0046,0.0,0.0004,0.04,8.75,MIN_PROFIT_TP_HIT,0.068
148,TRUMP_USDT,SHORT,StochasticRSI(FAST_SCALP-SHORT),2,0.2,1.716,1.714,1.714,1.722,2026-07-02 21:31:59 UTC,2026-07-02 21:43:15 UTC,675.03,0.3432,0.0046,0.0,0.0004,0.04,8.74,MIN_PROFIT_TP_HIT,0.0684
149,TRUMP_USDT,SHORT,StochasticRSI(FAST_SCALP-SHORT),2,0.2,1.71,1.716,1.708,1.716,2026-07-02 21:54:59 UTC,2026-07-02 22:08:10 UTC,790.62,0.342,0.0046,0.0,-0.0012,-0.11,-26.32,STOP_LOSS_HIT,0.0672
150,TRUMP_USDT,SHORT,StochasticRSI(FAST_SCALP-SHORT),2,0.2,1.716,1.714,1.714,1.722,2026-07-02 22:21:59 UTC,2026-07-02 22:40:19 UTC,1099.58,0.3432,0.0046,0.0,0.0004,0.04,8.74,MIN_PROFIT_TP_HIT,0.0676
151,TRUMP_USDT,SHORT,StochasticRSI(FAST_SCALP-SHORT),2,0.2,1.722,1.72,1.72,1.728,2026-07-02 22:59:59 UTC,2026-07-02 23:02:49 UTC,169.59,0.3444,0.0046,0.0,0.0004,0.04,8.71,MIN_PROFIT_TP_HIT,0.068
152,TRUMP_USDT,SHORT,StochasticRSI(FAST_SCALP-SHORT),2,0.2,1.717,1.723,1.715,1.723,2026-07-02 23:23:59 UTC,2026-07-02 23:34:45 UTC,645.6,0.3434,0.0046,0.0,-0.0012,-0.11,-26.21,STOP_LOSS_HIT,0.0668
153,TRUMP_USDT,SHORT,StochasticRSI(FAST_SCALP-SHORT),2,0.2,1.719,1.717,1.717,1.725,2026-07-02 23:48:59 UTC,2026-07-02 23:53:54 UTC,294.74,0.3438,0.0046,0.0,0.0004,0.04,8.73,MIN_PROFIT_TP_HIT,0.0672
154,TRUMP_USDT,SHORT,StochasticRSI(FAST_SCALP-SHORT),2,0.2,1.713,1.711,1.711,1.719,2026-07-03 00:08:59 UTC,2026-07-03 00:09:19 UTC,19.69,0.3426,0.0046,0.0,0.0004,0.04,8.76,MIN_PROFIT_TP_HIT,0.0676
155,TRUMP_USDT,SHORT,StochasticRSI(FAST_SCALP-SHORT),2,0.2,1.709,1.707,1.707,1.715,2026-07-03 00:16:59 UTC,2026-07-03 00:21:34 UTC,274.74,0.3418,0.0046,0.0,0.0004,0.04,8.78,MIN_PROFIT_TP_HIT,0.068
156,TRUMP_USDT,SHORT,StochasticRSI(FAST_SCALP-SHORT),2,0.2,1.708,1.706,1.706,1.714,2026-07-03 00:28:59 UTC,2026-07-03 00:29:18 UTC,18.45,0.3416,0.0046,0.0,0.0004,0.04,8.78,MIN_PROFIT_TP_HIT,0.0684
157,TRUMP_USDT,SHORT,StochasticRSI(FAST_SCALP-SHORT),2,0.2,1.705,1.703,1.703,1.711,2026-07-03 00:40:59 UTC,2026-07-03 00:42:35 UTC,95.11,0.341,0.0045,0.0,0.0004,0.04,8.8,MIN_PROFIT_TP_HIT,0.0688
158,TRUMP_USDT,SHORT,StochasticRSI(FAST_SCALP-SHORT),2,0.2,1.706,1.704,1.704,1.712,2026-07-03 00:49:59 UTC,2026-07-03 00:52:55 UTC,175.78,0.3412,0.0045,0.0,0.0004,0.04,8.79,MIN_PROFIT_TP_HIT,0.0692
159,TRUMP_USDT,SHORT,StochasticRSI(FAST_SCALP-SHORT),2,0.2,1.708,1.714,1.706,1.714,2026-07-03 01:07:59 UTC,2026-07-03 01:15:19 UTC,439.51,0.3416,0.0046,0.0,-0.0012,-0.11,-26.35,STOP_LOSS_HIT,0.068
160,TRUMP_USDT,SHORT,StochasticRSI(FAST_SCALP-SHORT),2,0.2,1.718,1.716,1.716,1.724,2026-07-03 01:28:59 UTC,2026-07-03 01:32:45 UTC,225.47,0.3436,0.0046,0.0,0.0004,0.04,8.73,MIN_PROFIT_TP_HIT,0.0684
161,TRUMP_USDT,SHORT,StochasticRSI(FAST_SCALP-SHORT),2,0.2,1.725,1.723,1.723,1.731,2026-07-03 01:42:59 UTC,2026-07-03 01:43:33 UTC,33.44,0.345,0.0046,0.0,0.0004,0.04,8.7,MIN_PROFIT_TP_HIT,0.0688
162,TRUMP_USDT,SHORT,StochasticRSI(FAST_SCALP-SHORT),2,0.2,1.724,1.722,1.722,1.73,2026-07-03 01:55:59 UTC,2026-07-03 01:56:07 UTC,7.73,0.3448,0.0046,0.0,0.0004,0.04,8.7,MIN_PROFIT_TP_HIT,0.0692
163,TRUMP_USDT,SHORT,StochasticRSI(FAST_SCALP-SHORT),2,0.2,1.723,1.721,1.721,1.729,2026-07-03 02:23:59 UTC,2026-07-03 02:25:48 UTC,108.02,0.3446,0.0046,0.0,0.0004,0.04,8.71,MIN_PROFIT_TP_HIT,0.0696
164,TRUMP_USDT,SHORT,StochasticRSI(FAST_SCALP-SHORT),2,0.2,1.719,1.717,1.717,1.725,2026-07-03 02:38:59 UTC,2026-07-03 02:43:39 UTC,279.77,0.3438,0.0046,0.0,0.0004,0.04,8.73,MIN_PROFIT_TP_HIT,0.07
165,TRUMP_USDT,SHORT,StochasticRSI(FAST_SCALP-SHORT),2,0.2,1.717,1.715,1.715,1.723,2026-07-03 02:55:59 UTC,2026-07-03 03:13:13 UTC,1033.94,0.3434,0.0046,0.0,0.0004,0.04,8.74,MIN_PROFIT_TP_HIT,0.0704
166,TRUMP_USDT,SHORT,StochasticRSI(FAST_SCALP-SHORT),2,0.2,1.724,1.722,1.722,1.73,2026-07-03 03:22:59 UTC,2026-07-03 03:23:20 UTC,20.39,0.3448,0.0046,0.0,0.0004,0.04,8.7,MIN_PROFIT_TP_HIT,0.0708
167,TRUMP_USDT,SHORT,StochasticRSI(FAST_SCALP-SHORT),2,0.2,1.727,1.725,1.725,1.733,2026-07-03 03:40:59 UTC,2026-07-03 03:46:58 UTC,358.49,0.3454,0.0046,0.0,0.0004,0.04,8.69,MIN_PROFIT_TP_HIT,0.0712
168,TRUMP_USDT,SHORT,StochasticRSI(FAST_SCALP-SHORT),2,0.2,1.725,1.723,1.723,1.731,2026-07-03 04:03:59 UTC,2026-07-03 04:06:38 UTC,158.1,0.345,0.0046,0.0,0.0004,0.04,8.7,MIN_PROFIT_TP_HIT,0.0716
169,TRUMP_USDT,SHORT,StochasticRSI(FAST_SCALP-SHORT),2,0.2,1.716,1.714,1.714,1.722,2026-07-03 04:15:59 UTC,2026-07-03 04:16:24 UTC,24.48,0.3432,0.0046,0.0,0.0004,0.04,8.74,MIN_PROFIT_TP_HIT,0.072
170,TRUMP_USDT,SHORT,StochasticRSI(FAST_SCALP-SHORT),2,0.2,1.719,1.717,1.717,1.725,2026-07-03 04:26:59 UTC,2026-07-03 04:29:44 UTC,164.65,0.3438,0.0046,0.0,0.0004,0.04,8.73,MIN_PROFIT_TP_HIT,0.0724
171,TRUMP_USDT,SHORT,StochasticRSI(FAST_SCALP-SHORT),2,0.2,1.713,1.711,1.711,1.719,2026-07-03 04:47:59 UTC,2026-07-03 04:48:36 UTC,36.37,0.3426,0.0046,0.0,0.0004,0.04,8.76,MIN_PROFIT_TP_HIT,0.0728
172,TRUMP_USDT,SHORT,StochasticRSI(FAST_SCALP-SHORT),2,0.2,1.711,1.709,1.709,1.717,2026-07-03 05:01:59 UTC,2026-07-03 05:02:04 UTC,4.8,0.3422,0.0046,0.0,0.0004,0.04,8.77,MIN_PROFIT_TP_HIT,0.0732
173,TRUMP_USDT,SHORT,StochasticRSI(FAST_SCALP-SHORT),2,0.2,1.707,1.705,1.705,1.713,2026-07-03 05:17:59 UTC,2026-07-03 05:23:27 UTC,327.69,0.3414,0.0046,0.0,0.0004,0.04,8.79,MIN_PROFIT_TP_HIT,0.0736
174,TRUMP_USDT,SHORT,StochasticRSI(FAST_SCALP-SHORT),2,0.2,1.718,1.716,1.716,1.724,2026-07-03 05:37:59 UTC,2026-07-03 05:41:17 UTC,197.32,0.3436,0.0046,0.0,0.0004,0.04,8.73,MIN_PROFIT_TP_HIT,0.074
175,TRUMP_USDT,SHORT,StochasticRSI(FAST_SCALP-SHORT),2,0.2,1.721,1.727,1.719,1.727,2026-07-03 06:08:59 UTC,2026-07-03 06:17:48 UTC,528.05,0.3442,0.0046,0.0,-0.0012,-0.11,-26.15,STOP_LOSS_HIT,0.0728
176,TRUMP_USDT,SHORT,StochasticRSI(FAST_SCALP-SHORT),2,0.2,1.725,1.723,1.723,1.731,2026-07-03 06:21:59 UTC,2026-07-03 06:25:01 UTC,181.57,0.345,0.0046,0.0,0.0004,0.04,8.7,MIN_PROFIT_TP_HIT,0.0732
177,TRUMP_USDT,SHORT,StochasticRSI(FAST_SCALP-SHORT),2,0.2,1.722,1.72,1.72,1.728,2026-07-03 07:05:59 UTC,2026-07-03 07:26:11 UTC,1211.85,0.3444,0.0046,0.0,0.0004,0.04,8.71,MIN_PROFIT_TP_HIT,0.0736
178,TRUMP_USDT,SHORT,StochasticRSI(FAST_SCALP-SHORT),2,0.2,1.722,1.728,1.72,1.728,2026-07-03 07:37:59 UTC,2026-07-03 07:55:11 UTC,1031.32,0.3444,0.0046,0.0,-0.0012,-0.11,-26.13,STOP_LOSS_HIT,0.0724
179,TRUMP_USDT,SHORT,StochasticRSI(FAST_SCALP-SHORT),2,0.2,1.724,1.722,1.722,1.73,2026-07-03 08:04:59 UTC,2026-07-03 08:07:13 UTC,133.17,0.3448,0.0046,0.0,0.0004,0.04,8.7,MIN_PROFIT_TP_HIT,0.0728
180,TRUMP_USDT,SHORT,StochasticRSI(FAST_SCALP-SHORT),2,0.2,1.768,1.766,1.766,1.774,2026-07-03 08:30:59 UTC,2026-07-03 08:31:02 UTC,2.23,0.3536,0.0047,0.0,0.0004,0.04,8.48,MIN_PROFIT_TP_HIT,0.0732
181,TRUMP_USDT,SHORT,StochasticRSI(FAST_SCALP-SHORT),2,0.2,1.754,1.752,1.752,1.76,2026-07-03 08:50:59 UTC,2026-07-03 08:51:26 UTC,26.71,0.3508,0.0047,0.0,0.0004,0.04,8.55,MIN_PROFIT_TP_HIT,0.0736
182,TRUMP_USDT,SHORT,StochasticRSI(FAST_SCALP-SHORT),2,0.2,1.754,1.76,1.752,1.76,2026-07-03 09:10:59 UTC,2026-07-03 09:13:27 UTC,147.02,0.3508,0.0047,0.0,-0.0012,-0.11,-25.66,STOP_LOSS_HIT,0.0724
183,TRUMP_USDT,SHORT,StochasticRSI(FAST_SCALP-SHORT),2,0.2,1.754,1.752,1.752,1.76,2026-07-03 09:18:59 UTC,2026-07-03 09:20:59 UTC,119.46,0.3508,0.0047,0.0,0.0004,0.04,8.55,MIN_PROFIT_TP_HIT,0.0728
184,TRUMP_USDT,SHORT,StochasticRSI(FAST_SCALP-SHORT),2,0.2,1.759,1.757,1.757,1.765,2026-07-03 09:31:59 UTC,2026-07-03 09:35:09 UTC,189.27,0.3518,0.0047,0.0,0.0004,0.04,8.53,MIN_PROFIT_TP_HIT,0.0732
185,TRUMP_USDT,SHORT,StochasticRSI(FAST_SCALP-SHORT),2,0.2,1.753,1.751,1.751,1.759,2026-07-03 09:48:59 UTC,2026-07-03 09:52:06 UTC,186.72,0.3506,0.0047,0.0,0.0004,0.04,8.56,MIN_PROFIT_TP_HIT,0.0736
186,TRUMP_USDT,SHORT,StochasticRSI(FAST_SCALP-SHORT),2,0.2,1.759,1.757,1.757,1.765,2026-07-03 10:04:59 UTC,2026-07-03 10:08:07 UTC,187.27,0.3518,0.0047,0.0,0.0004,0.04,8.53,MIN_PROFIT_TP_HIT,0.074
187,TRUMP_USDT,SHORT,StochasticRSI(FAST_SCALP-SHORT),2,0.2,1.762,1.76,1.76,1.768,2026-07-03 10:30:59 UTC,2026-07-03 10:33:07 UTC,127.13,0.3524,0.0047,0.0,0.0004,0.04,8.51,MIN_PROFIT_TP_HIT,0.0744
188,TRUMP_USDT,SHORT,StochasticRSI(FAST_SCALP-SHORT),2,0.2,1.765,1.763,1.763,1.771,2026-07-03 10:58:59 UTC,2026-07-03 10:59:31 UTC,31.04,0.353,0.0047,0.0,0.0004,0.04,8.5,MIN_PROFIT_TP_HIT,0.0748
189,TRUMP_USDT,SHORT,StochasticRSI(FAST_SCALP-SHORT),2,0.2,1.762,1.76,1.76,1.768,2026-07-03 11:14:59 UTC,2026-07-03 11:19:50 UTC,290.36,0.3524,0.0047,0.0,0.0004,0.04,8.51,MIN_PROFIT_TP_HIT,0.0752
190,TRUMP_USDT,SHORT,StochasticRSI(FAST_SCALP-SHORT),2,0.2,1.758,1.756,1.756,1.764,2026-07-03 11:25:59 UTC,2026-07-03 11:26:45 UTC,45.53,0.3516,0.0047,0.0,0.0004,0.04,8.53,MIN_PROFIT_TP_HIT,0.0756
191,TRUMP_USDT,SHORT,StochasticRSI(FAST_SCALP-SHORT),2,0.2,1.753,1.751,1.751,1.759,2026-07-03 11:43:59 UTC,2026-07-03 11:44:37 UTC,37.47,0.3506,0.0047,0.0,0.0004,0.04,8.56,MIN_PROFIT_TP_HIT,0.076
192,TRUMP_USDT,SHORT,StochasticRSI(FAST_SCALP-SHORT),2,0.2,1.753,1.759,1.751,1.759,2026-07-03 11:53:59 UTC,2026-07-03 11:54:47 UTC,47.23,0.3506,0.0047,0.0,-0.0012,-0.11,-25.67,STOP_LOSS_HIT,0.0748
193,TRUMP_USDT,SHORT,StochasticRSI(FAST_SCALP-SHORT),2,0.2,1.764,1.762,1.762,1.77,2026-07-03 12:03:59 UTC,2026-07-03 12:05:23 UTC,83.29,0.3528,0.0047,0.0,0.0004,0.04,8.5,MIN_PROFIT_TP_HIT,0.0752
194,TRUMP_USDT,SHORT,StochasticRSI(FAST_SCALP-SHORT),2,0.2,1.764,1.762,1.762,1.77,2026-07-03 12:15:59 UTC,2026-07-03 12:16:13 UTC,13.26,0.3528,0.0047,0.0,0.0004,0.04,8.5,MIN_PROFIT_TP_HIT,0.0756
195,TRUMP_USDT,SHORT,StochasticRSI(FAST_SCALP-SHORT),2,0.2,1.76,1.758,1.758,1.766,2026-07-03 12:29:59 UTC,2026-07-03 12:30:38 UTC,38.06,0.352,0.0047,0.0,0.0004,0.04,8.52,MIN_PROFIT_TP_HIT,0.076
196,TRUMP_USDT,SHORT,StochasticRSI(FAST_SCALP-SHORT),2,0.2,1.761,1.759,1.759,1.767,2026-07-03 12:49:59 UTC,2026-07-03 12:50:01 UTC,1.03,0.3522,0.0047,0.0,0.0004,0.04,8.52,MIN_PROFIT_TP_HIT,0.0764
197,TRUMP_USDT,SHORT,StochasticRSI(FAST_SCALP-SHORT),2,0.2,1.76,1.758,1.758,1.766,2026-07-03 12:56:59 UTC,2026-07-03 12:58:49 UTC,109.13,0.352,0.0047,0.0,0.0004,0.04,8.52,MIN_PROFIT_TP_HIT,0.0768
198,TRUMP_USDT,SHORT,StochasticRSI(FAST_SCALP-SHORT),2,0.2,1.763,1.769,1.761,1.769,2026-07-03 13:07:59 UTC,2026-07-03 13:26:45 UTC,1125.74,0.3526,0.0047,0.0,-0.0012,-0.11,-25.52,STOP_LOSS_HIT,0.0756
199,TRUMP_USDT,SHORT,StochasticRSI(FAST_SCALP-SHORT),2,0.2,1.763,1.761,1.761,1.769,2026-07-03 13:43:59 UTC,2026-07-03 13:49:17 UTC,317.09,0.3526,0.0047,0.0,0.0004,0.04,8.51,MIN_PROFIT_TP_HIT,0.076
200,TRUMP_USDT,SHORT,StochasticRSI(FAST_SCALP-SHORT),2,0.2,1.764,1.762,1.762,1.77,2026-07-03 13:56:59 UTC,2026-07-03 13:58:36 UTC,96.67,0.3528,0.0047,0.0,0.0004,0.04,8.5,MIN_PROFIT_TP_HIT,0.0764
201,TRUMP_USDT,SHORT,StochasticRSI(FAST_SCALP-SHORT),2,0.2,1.756,1.754,1.754,1.762,2026-07-03 14:12:59 UTC,2026-07-03 14:13:40 UTC,40.27,0.3512,0.0047,0.0,0.0004,0.04,8.54,MIN_PROFIT_TP_HIT,0.0768
202,TRUMP_USDT,SHORT,StochasticRSI(FAST_SCALP-SHORT),2,0.2,1.757,1.755,1.755,1.763,2026-07-03 14:20:59 UTC,2026-07-03 14:21:21 UTC,21.18,0.3514,0.0047,0.0,0.0004,0.04,8.54,MIN_PROFIT_TP_HIT,0.0772
203,TRUMP_USDT,SHORT,StochasticRSI(FAST_SCALP-SHORT),2,0.2,1.758,1.756,1.756,1.764,2026-07-03 14:27:59 UTC,2026-07-03 14:30:55 UTC,175.16,0.3516,0.0047,0.0,0.0004,0.04,8.53,MIN_PROFIT_TP_HIT,0.0776
204,TRUMP_USDT,SHORT,StochasticRSI(FAST_SCALP-SHORT),2,0.2,1.764,1.762,1.762,1.77,2026-07-03 14:45:59 UTC,2026-07-03 14:46:23 UTC,23.24,0.3528,0.0047,0.0,0.0004,0.04,8.5,MIN_PROFIT_TP_HIT,0.078
205,TRUMP_USDT,SHORT,StochasticRSI(FAST_SCALP-SHORT),2,0.2,1.765,1.771,1.763,1.771,2026-07-03 14:48:59 UTC,2026-07-03 15:01:00 UTC,720.74,0.353,0.0047,0.0,-0.0012,-0.11,-25.5,STOP_LOSS_HIT,0.0768
206,TRUMP_USDT,SHORT,StochasticRSI(FAST_SCALP-SHORT),2,0.2,1.775,1.773,1.773,1.781,2026-07-03 15:05:59 UTC,2026-07-03 15:06:11 UTC,11.3,0.355,0.0047,0.0,0.0004,0.04,8.45,MIN_PROFIT_TP_HIT,0.0772
207,TRUMP_USDT,SHORT,StochasticRSI(FAST_SCALP-SHORT),2,0.2,1.781,1.779,1.779,1.787,2026-07-03 15:10:59 UTC,2026-07-03 15:11:05 UTC,5.67,0.3562,0.0047,0.0,0.0004,0.04,8.42,MIN_PROFIT_TP_HIT,0.0776
208,TRUMP_USDT,SHORT,StochasticRSI(FAST_SCALP-SHORT),2,0.2,1.764,1.762,1.762,1.77,2026-07-03 15:34:59 UTC,2026-07-03 15:38:21 UTC,201.21,0.3528,0.0047,0.0,0.0004,0.04,8.5,MIN_PROFIT_TP_HIT,0.078
209,TRUMP_USDT,SHORT,StochasticRSI(FAST_SCALP-SHORT),2,0.2,1.772,1.77,1.77,1.778,2026-07-03 16:03:59 UTC,2026-07-03 16:06:31 UTC,151.32,0.3544,0.0047,0.0,0.0004,0.04,8.47,MIN_PROFIT_TP_HIT,0.0784
210,TRUMP_USDT,SHORT,StochasticRSI(FAST_SCALP-SHORT),2,0.2,1.769,1.767,1.767,1.775,2026-07-03 16:07:59 UTC,2026-07-03 16:11:49 UTC,229.37,0.3538,0.0047,0.0,0.0004,0.04,8.48,MIN_PROFIT_TP_HIT,0.0788
211,TRUMP_USDT,SHORT,StochasticRSI(FAST_SCALP-SHORT),2,0.2,1.781,1.779,1.779,1.787,2026-07-03 16:26:59 UTC,2026-07-03 16:32:04 UTC,304.35,0.3562,0.0047,0.0,0.0004,0.04,8.42,MIN_PROFIT_TP_HIT,0.0792
212,TRUMP_USDT,SHORT,StochasticRSI(FAST_SCALP-SHORT),2,0.2,1.779,1.777,1.777,1.785,2026-07-03 16:56:59 UTC,2026-07-03 16:57:11 UTC,11.59,0.3558,0.0047,0.0,0.0004,0.04,8.43,MIN_PROFIT_TP_HIT,0.0796
213,TRUMP_USDT,SHORT,StochasticRSI(FAST_SCALP-SHORT),2,0.2,1.777,1.775,1.775,1.783,2026-07-03 16:58:59 UTC,2026-07-03 16:59:22 UTC,22.36,0.3554,0.0047,0.0,0.0004,0.04,8.44,MIN_PROFIT_TP_HIT,0.08
214,TRUMP_USDT,SHORT,StochasticRSI(FAST_SCALP-SHORT),2,0.2,1.79,1.788,1.788,1.796,2026-07-03 17:09:59 UTC,2026-07-03 17:10:08 UTC,8.74,0.358,0.0048,0.0,0.0004,0.04,8.38,MIN_PROFIT_TP_HIT,0.0804
215,TRUMP_USDT,SHORT,StochasticRSI(FAST_SCALP-SHORT),2,0.2,1.799,1.797,1.797,1.805,2026-07-03 17:29:59 UTC,2026-07-03 17:30:03 UTC,3.89,0.3598,0.0048,0.0,0.0004,0.04,8.34,MIN_PROFIT_TP_HIT,0.0808
216,TRUMP_USDT,SHORT,StochasticRSI(FAST_SCALP-SHORT),2,0.2,1.792,1.79,1.79,1.798,2026-07-03 17:48:59 UTC,2026-07-03 17:54:08 UTC,308.5,0.3584,0.0048,0.0,0.0004,0.04,8.37,MIN_PROFIT_TP_HIT,0.0812
217,TRUMP_USDT,SHORT,StochasticRSI(FAST_SCALP-SHORT),2,0.2,1.784,1.79,1.782,1.79,2026-07-03 18:17:59 UTC,2026-07-03 18:28:11 UTC,611.35,0.3568,0.0048,0.0,-0.0012,-0.11,-25.22,STOP_LOSS_HIT,0.08
218,TRUMP_USDT,SHORT,StochasticRSI(FAST_SCALP-SHORT),2,0.2,1.791,1.789,1.789,1.797,2026-07-03 18:40:59 UTC,2026-07-03 18:41:05 UTC,5.19,0.3582,0.0048,0.0,0.0004,0.04,8.38,MIN_PROFIT_TP_HIT,0.0804
219,TRUMP_USDT,SHORT,StochasticRSI(FAST_SCALP-SHORT),2,0.2,1.79,1.788,1.788,1.796,2026-07-03 18:56:59 UTC,2026-07-03 18:57:15 UTC,15.61,0.358,0.0048,0.0,0.0004,0.04,8.38,MIN_PROFIT_TP_HIT,0.0808
220,TRUMP_USDT,SHORT,StochasticRSI(FAST_SCALP-SHORT),2,0.2,1.789,1.787,1.787,1.795,2026-07-03 18:58:59 UTC,2026-07-03 18:59:53 UTC,53.6,0.3578,0.0048,0.0,0.0004,0.04,8.38,MIN_PROFIT_TP_HIT,0.0812
221,TRUMP_USDT,SHORT,StochasticRSI(FAST_SCALP-SHORT),2,0.2,1.797,1.803,1.795,1.803,2026-07-03 19:20:59 UTC,2026-07-03 19:25:07 UTC,247.31,0.3594,0.0048,0.0,-0.0012,-0.11,-25.04,STOP_LOSS_HIT,0.08
222,TRUMP_USDT,SHORT,StochasticRSI(FAST_SCALP-SHORT),2,0.2,1.807,1.805,1.805,1.813,2026-07-03 19:29:59 UTC,2026-07-03 19:31:36 UTC,96.49,0.3614,0.0048,0.0,0.0004,0.04,8.3,MIN_PROFIT_TP_HIT,0.0804
223,TRUMP_USDT,SHORT,StochasticRSI(FAST_SCALP-SHORT),2,0.2,1.792,1.79,1.79,1.798,2026-07-03 20:01:59 UTC,2026-07-03 20:05:10 UTC,190.75,0.3584,0.0048,0.0,0.0004,0.04,8.37,MIN_PROFIT_TP_HIT,0.0808
224,TRUMP_USDT,SHORT,StochasticRSI(FAST_SCALP-SHORT),2,0.2,1.791,1.797,1.789,1.797,2026-07-03 20:11:59 UTC,2026-07-03 20:19:11 UTC,431.85,0.3582,0.0048,0.0,-0.0012,-0.11,-25.13,STOP_LOSS_HIT,0.0796
225,TRUMP_USDT,SHORT,StochasticRSI(FAST_SCALP-SHORT),2,0.2,1.795,1.793,1.793,1.801,2026-07-03 20:22:59 UTC,2026-07-03 20:23:15 UTC,15.92,0.359,0.0048,0.0,0.0004,0.04,8.36,MIN_PROFIT_TP_HIT,0.08
226,TRUMP_USDT,SHORT,StochasticRSI(FAST_SCALP-SHORT),2,0.2,1.799,1.805,1.797,1.805,2026-07-03 20:50:59 UTC,2026-07-03 20:51:59 UTC,59.62,0.3598,0.0048,0.0,-0.0012,-0.11,-25.01,STOP_LOSS_HIT,0.0788
227,TRUMP_USDT,SHORT,StochasticRSI(FAST_SCALP-SHORT),2,0.2,1.799,1.797,1.797,1.805,2026-07-03 21:08:59 UTC,2026-07-03 21:09:07 UTC,7.33,0.3598,0.0048,0.0,0.0004,0.04,8.34,MIN_PROFIT_TP_HIT,0.0792
228,TRUMP_USDT,SHORT,StochasticRSI(FAST_SCALP-SHORT),2,0.2,1.797,1.795,1.795,1.803,2026-07-03 21:26:59 UTC,2026-07-03 21:27:15 UTC,15.2,0.3594,0.0048,0.0,0.0004,0.04,8.35,MIN_PROFIT_TP_HIT,0.0796
229,TRUMP_USDT,SHORT,StochasticRSI(FAST_SCALP-SHORT),2,0.2,1.793,1.791,1.791,1.799,2026-07-03 21:31:59 UTC,2026-07-03 21:33:58 UTC,118.08,0.3586,0.0048,0.0,0.0004,0.04,8.37,MIN_PROFIT_TP_HIT,0.08
230,TRUMP_USDT,SHORT,StochasticRSI(FAST_SCALP-SHORT),2,0.2,1.791,1.789,1.789,1.797,2026-07-03 21:56:59 UTC,2026-07-03 22:00:00 UTC,180.42,0.3582,0.0048,0.0,0.0004,0.04,8.38,MIN_PROFIT_TP_HIT,0.0804
231,TRUMP_USDT,SHORT,StochasticRSI(FAST_SCALP-SHORT),2,0.2,1.786,1.784,1.784,1.792,2026-07-03 22:20:59 UTC,2026-07-03 22:22:07 UTC,67.13,0.3572,0.0048,0.0,0.0004,0.04,8.4,MIN_PROFIT_TP_HIT,0.0808
232,TRUMP_USDT,SHORT,StochasticRSI(FAST_SCALP-SHORT),2,0.2,1.773,1.771,1.771,1.779,2026-07-03 22:55:59 UTC,2026-07-03 23:02:09 UTC,369.67,0.3546,0.0047,0.0,0.0004,0.04,8.46,MIN_PROFIT_TP_HIT,0.0812
233,TRUMP_USDT,SHORT,StochasticRSI(FAST_SCALP-SHORT),2,0.2,1.771,1.777,1.769,1.777,2026-07-03 23:34:59 UTC,2026-07-03 23:41:19 UTC,379.5,0.3542,0.0047,0.0,-0.0012,-0.11,-25.41,STOP_LOSS_HIT,0.08
234,TRUMP_USDT,SHORT,StochasticRSI(FAST_SCALP-SHORT),2,0.2,1.774,1.78,1.772,1.78,2026-07-03 23:43:59 UTC,2026-07-03 23:45:22 UTC,82.4,0.3548,0.0047,0.0,-0.0012,-0.11,-25.37,STOP_LOSS_HIT,0.0788
235,TRUMP_USDT,SHORT,StochasticRSI(FAST_SCALP-SHORT),2,0.2,1.799,1.797,1.797,1.805,2026-07-04 00:06:59 UTC,2026-07-04 00:07:00 UTC,0.64,0.3598,0.0048,0.0,0.0004,0.04,8.34,MIN_PROFIT_TP_HIT,0.0792
236,TRUMP_USDT,SHORT,StochasticRSI(FAST_SCALP-SHORT),2,0.2,1.787,1.785,1.785,1.793,2026-07-04 00:32:59 UTC,2026-07-04 00:34:08 UTC,68.2,0.3574,0.0048,0.0,0.0004,0.04,8.39,MIN_PROFIT_TP_HIT,0.0796
237,TRUMP_USDT,SHORT,StochasticRSI(FAST_SCALP-SHORT),2,0.2,1.784,1.782,1.782,1.79,2026-07-04 00:36:59 UTC,2026-07-04 00:38:19 UTC,79.21,0.3568,0.0048,0.0,0.0004,0.04,8.41,MIN_PROFIT_TP_HIT,0.08
238,TRUMP_USDT,SHORT,StochasticRSI(FAST_SCALP-SHORT),2,0.2,1.786,1.784,1.784,1.792,2026-07-04 00:45:59 UTC,2026-07-04 00:46:21 UTC,21.7,0.3572,0.0048,0.0,0.0004,0.04,8.4,MIN_PROFIT_TP_HIT,0.0804
239,TRUMP_USDT,SHORT,StochasticRSI(FAST_SCALP-SHORT),2,0.2,1.78,1.778,1.778,1.786,2026-07-04 01:01:59 UTC,2026-07-04 01:02:00 UTC,0.89,0.356,0.0047,0.0,0.0004,0.04,8.43,MIN_PROFIT_TP_HIT,0.0808
240,TRUMP_USDT,SHORT,StochasticRSI(FAST_SCALP-SHORT),2,0.2,1.785,1.783,1.783,1.791,2026-07-04 01:20:59 UTC,2026-07-04 01:21:50 UTC,50.21,0.357,0.0048,0.0,0.0004,0.04,8.4,MIN_PROFIT_TP_HIT,0.0812
241,TRUMP_USDT,SHORT,StochasticRSI(FAST_SCALP-SHORT),2,0.2,1.763,1.761,1.761,1.769,2026-07-04 01:53:59 UTC,2026-07-04 01:56:12 UTC,132.66,0.3526,0.0047,0.0,0.0004,0.04,8.51,MIN_PROFIT_TP_HIT,0.0816
242,TRUMP_USDT,SHORT,StochasticRSI(FAST_SCALP-SHORT),2,0.2,1.767,1.765,1.765,1.773,2026-07-04 02:01:59 UTC,2026-07-04 02:02:06 UTC,6.62,0.3534,0.0047,0.0,0.0004,0.04,8.49,MIN_PROFIT_TP_HIT,0.082
243,TRUMP_USDT,SHORT,StochasticRSI(FAST_SCALP-SHORT),2,0.2,1.769,1.767,1.767,1.775,2026-07-04 02:06:59 UTC,2026-07-04 02:07:15 UTC,15.48,0.3538,0.0047,0.0,0.0004,0.04,8.48,MIN_PROFIT_TP_HIT,0.0824
244,TRUMP_USDT,SHORT,StochasticRSI(FAST_SCALP-SHORT),2,0.2,1.768,1.774,1.766,1.774,2026-07-04 02:08:59 UTC,2026-07-04 02:09:41 UTC,41.21,0.3536,0.0047,0.0,-0.0012,-0.11,-25.45,STOP_LOSS_HIT,0.0812
245,TRUMP_USDT,SHORT,StochasticRSI(FAST_SCALP-SHORT),2,0.2,1.775,1.773,1.773,1.781,2026-07-04 02:14:59 UTC,2026-07-04 02:16:41 UTC,101.53,0.355,0.0047,0.0,0.0004,0.04,8.45,MIN_PROFIT_TP_HIT,0.0816
246,TRUMP_USDT,SHORT,StochasticRSI(FAST_SCALP-SHORT),2,0.2,1.776,1.774,1.774,1.782,2026-07-04 02:31:59 UTC,2026-07-04 02:32:32 UTC,32.88,0.3552,0.0047,0.0,0.0004,0.04,8.45,MIN_PROFIT_TP_HIT,0.082
247,TRUMP_USDT,SHORT,StochasticRSI(FAST_SCALP-SHORT),2,0.2,1.778,1.776,1.776,1.784,2026-07-04 03:03:59 UTC,2026-07-04 03:05:01 UTC,61.32,0.3556,0.0047,0.0,0.0004,0.04,8.44,MIN_PROFIT_TP_HIT,0.0824
248,TRUMP_USDT,SHORT,StochasticRSI(FAST_SCALP-SHORT),2,0.2,1.784,1.782,1.782,1.79,2026-07-04 03:18:59 UTC,2026-07-04 03:19:17 UTC,17.77,0.3568,0.0048,0.0,0.0004,0.04,8.41,MIN_PROFIT_TP_HIT,0.0828
249,TRUMP_USDT,SHORT,StochasticRSI(FAST_SCALP-SHORT),2,0.2,1.788,1.786,1.786,1.794,2026-07-04 03:36:59 UTC,2026-07-04 03:38:04 UTC,64.23,0.3576,0.0048,0.0,0.0004,0.04,8.39,MIN_PROFIT_TP_HIT,0.0832
250,TRUMP_USDT,SHORT,StochasticRSI(FAST_SCALP-SHORT),2,0.2,1.793,1.791,1.791,1.799,2026-07-04 03:41:59 UTC,2026-07-04 03:43:04 UTC,64.68,0.3586,0.0048,0.0,0.0004,0.04,8.37,MIN_PROFIT_TP_HIT,0.0836
251,TRUMP_USDT,SHORT,StochasticRSI(FAST_SCALP-SHORT),2,0.2,1.786,1.784,1.784,1.792,2026-07-04 04:03:59 UTC,2026-07-04 04:04:59 UTC,59.86,0.3572,0.0048,0.0,0.0004,0.04,8.4,MIN_PROFIT_TP_HIT,0.084
252,TRUMP_USDT,SHORT,StochasticRSI(FAST_SCALP-SHORT),2,0.2,1.788,1.786,1.786,1.794,2026-07-04 04:09:59 UTC,2026-07-04 04:11:16 UTC,76.56,0.3576,0.0048,0.0,0.0004,0.04,8.39,MIN_PROFIT_TP_HIT,0.0844
253,TRUMP_USDT,SHORT,StochasticRSI(FAST_SCALP-SHORT),2,0.2,1.786,1.792,1.784,1.792,2026-07-04 04:30:59 UTC,2026-07-04 04:33:22 UTC,142.36,0.3572,0.0048,0.0,-0.0012,-0.11,-25.2,STOP_LOSS_HIT,0.0832
254,TRUMP_USDT,SHORT,StochasticRSI(FAST_SCALP-SHORT),2,0.2,1.789,1.795,1.787,1.795,2026-07-04 04:35:59 UTC,2026-07-04 04:40:25 UTC,265.72,0.3578,0.0048,0.0,-0.0012,-0.11,-25.15,STOP_LOSS_HIT,0.082
255,TRUMP_USDT,SHORT,StochasticRSI(FAST_SCALP-SHORT),2,0.2,1.795,1.793,1.793,1.801,2026-07-04 04:43:59 UTC,2026-07-04 04:59:58 UTC,958.38,0.359,0.0048,0.0,0.0004,0.04,8.36,MIN_PROFIT_TP_HIT,0.0824
256,TRUMP_USDT,SHORT,StochasticRSI(FAST_SCALP-SHORT),2,0.2,1.786,1.784,1.784,1.792,2026-07-04 05:18:59 UTC,2026-07-04 05:19:25 UTC,25.95,0.3572,0.0048,0.0,0.0004,0.04,8.4,MIN_PROFIT_TP_HIT,0.0828
257,TRUMP_USDT,SHORT,StochasticRSI(FAST_SCALP-SHORT),2,0.2,1.784,1.782,1.782,1.79,2026-07-04 05:34:59 UTC,2026-07-04 05:55:52 UTC,1252.9,0.3568,0.0048,0.0,0.0004,0.04,8.41,MIN_PROFIT_TP_HIT,0.0832
258,TRUMP_USDT,SHORT,StochasticRSI(FAST_SCALP-SHORT),2,0.2,1.788,1.786,1.786,1.794,2026-07-04 06:04:59 UTC,2026-07-04 06:05:54 UTC,54.24,0.3576,0.0048,0.0,0.0004,0.04,8.39,MIN_PROFIT_TP_HIT,0.0836
259,TRUMP_USDT,SHORT,StochasticRSI(FAST_SCALP-SHORT),2,0.2,1.787,1.785,1.785,1.793,2026-07-04 06:06:59 UTC,2026-07-04 06:08:18 UTC,78.01,0.3574,0.0048,0.0,0.0004,0.04,8.39,MIN_PROFIT_TP_HIT,0.084
260,TRUMP_USDT,SHORT,StochasticRSI(FAST_SCALP-SHORT),2,0.2,1.782,1.78,1.78,1.788,2026-07-04 06:21:59 UTC,2026-07-04 06:22:20 UTC,20.75,0.3564,0.0048,0.0,0.0004,0.04,8.42,MIN_PROFIT_TP_HIT,0.0844
261,TRUMP_USDT,SHORT,StochasticRSI(FAST_SCALP-SHORT),2,0.2,1.771,1.777,1.769,1.777,2026-07-04 06:34:59 UTC,2026-07-04 06:48:58 UTC,838.54,0.3542,0.0047,0.0,-0.0012,-0.11,-25.41,STOP_LOSS_HIT,0.0832
262,TRUMP_USDT,SHORT,StochasticRSI(FAST_SCALP-SHORT),2,0.2,1.776,1.774,1.774,1.782,2026-07-04 06:50:59 UTC,2026-07-04 07:02:22 UTC,682.39,0.3552,0.0047,0.0,0.0004,0.04,8.45,MIN_PROFIT_TP_HIT,0.0836
263,TRUMP_USDT,SHORT,StochasticRSI(FAST_SCALP-SHORT),2,0.2,1.776,1.774,1.774,1.782,2026-07-04 07:14:59 UTC,2026-07-04 07:15:34 UTC,34.38,0.3552,0.0047,0.0,0.0004,0.04,8.45,MIN_PROFIT_TP_HIT,0.084
264,TRUMP_USDT,SHORT,StochasticRSI(FAST_SCALP-SHORT),2,0.2,1.77,1.768,1.768,1.776,2026-07-04 07:35:59 UTC,2026-07-04 07:36:40 UTC,40.03,0.354,0.0047,0.0,0.0004,0.04,8.47,MIN_PROFIT_TP_HIT,0.0844
265,TRUMP_USDT,SHORT,StochasticRSI(FAST_SCALP-SHORT),2,0.2,1.775,1.773,1.773,1.781,2026-07-04 07:51:59 UTC,2026-07-04 07:52:22 UTC,22.69,0.355,0.0047,0.0,0.0004,0.04,8.45,MIN_PROFIT_TP_HIT,0.0848
266,TRUMP_USDT,SHORT,StochasticRSI(FAST_SCALP-SHORT),2,0.2,1.774,1.772,1.772,1.78,2026-07-04 07:53:59 UTC,2026-07-04 08:02:24 UTC,504.13,0.3548,0.0047,0.0,0.0004,0.04,8.46,MIN_PROFIT_TP_HIT,0.0852
267,TRUMP_USDT,SHORT,StochasticRSI(FAST_SCALP-SHORT),2,0.2,1.775,1.773,1.773,1.781,2026-07-04 08:27:59 UTC,2026-07-04 08:39:04 UTC,664.08,0.355,0.0047,0.0,0.0004,0.04,8.45,MIN_PROFIT_TP_HIT,0.0856
268,TRUMP_USDT,SHORT,StochasticRSI(FAST_SCALP-SHORT),2,0.2,1.776,1.774,1.774,1.782,2026-07-04 08:47:59 UTC,2026-07-04 08:52:07 UTC,247.98,0.3552,0.0047,0.0,0.0004,0.04,8.45,MIN_PROFIT_TP_HIT,0.086
269,TRUMP_USDT,SHORT,StochasticRSI(FAST_SCALP-SHORT),2,0.2,1.773,1.771,1.771,1.779,2026-07-04 09:03:59 UTC,2026-07-04 09:04:14 UTC,14.26,0.3546,0.0047,0.0,0.0004,0.04,8.46,MIN_PROFIT_TP_HIT,0.0864
270,TRUMP_USDT,SHORT,StochasticRSI(FAST_SCALP-SHORT),2,0.2,1.771,1.769,1.769,1.777,2026-07-04 09:07:59 UTC,2026-07-04 09:08:24 UTC,24.85,0.3542,0.0047,0.0,0.0004,0.04,8.47,MIN_PROFIT_TP_HIT,0.0868
271,TRUMP_USDT,SHORT,StochasticRSI(FAST_SCALP-SHORT),2,0.2,1.778,1.776,1.776,1.784,2026-07-04 09:18:59 UTC,2026-07-04 09:19:44 UTC,44.17,0.3556,0.0047,0.0,0.0004,0.04,8.44,MIN_PROFIT_TP_HIT,0.0872
272,TRUMP_USDT,SHORT,StochasticRSI(FAST_SCALP-SHORT),2,0.2,1.765,1.763,1.763,1.771,2026-07-04 09:44:59 UTC,2026-07-04 10:02:34 UTC,1054.17,0.353,0.0047,0.0,0.0004,0.04,8.5,MIN_PROFIT_TP_HIT,0.0876
273,TRUMP_USDT,SHORT,StochasticRSI(FAST_SCALP-SHORT),2,0.2,1.764,1.762,1.762,1.77,2026-07-04 10:12:59 UTC,2026-07-04 10:30:06 UTC,1026.95,0.3528,0.0047,0.0,0.0004,0.04,8.5,MIN_PROFIT_TP_HIT,0.088
274,TRUMP_USDT,SHORT,StochasticRSI(FAST_SCALP-SHORT),2,0.2,1.765,1.771,1.763,1.771,2026-07-04 10:39:59 UTC,2026-07-04 10:55:17 UTC,917.63,0.353,0.0047,0.0,-0.0012,-0.11,-25.5,STOP_LOSS_HIT,0.0868
275,TRUMP_USDT,SHORT,StochasticRSI(FAST_SCALP-SHORT),2,0.2,1.765,1.771,1.763,1.771,2026-07-04 11:12:59 UTC,2026-07-04 11:33:05 UTC,1205.25,0.353,0.0047,0.0,-0.0012,-0.11,-25.5,STOP_LOSS_HIT,0.0856
276,TRUMP_USDT,SHORT,StochasticRSI(FAST_SCALP-SHORT),2,0.2,1.771,1.769,1.769,1.777,2026-07-04 11:37:59 UTC,2026-07-04 11:39:14 UTC,74.86,0.3542,0.0047,0.0,0.0004,0.04,8.47,MIN_PROFIT_TP_HIT,0.086
277,TRUMP_USDT,SHORT,StochasticRSI(FAST_SCALP-SHORT),2,0.2,1.774,1.772,1.772,1.78,2026-07-04 11:48:59 UTC,2026-07-04 11:51:05 UTC,125.54,0.3548,0.0047,0.0,0.0004,0.04,8.46,MIN_PROFIT_TP_HIT,0.0864
278,TRUMP_USDT,SHORT,StochasticRSI(FAST_SCALP-SHORT),2,0.2,1.772,1.778,1.77,1.778,2026-07-04 12:01:59 UTC,2026-07-04 12:14:17 UTC,737.19,0.3544,0.0047,0.0,-0.0012,-0.11,-25.4,STOP_LOSS_HIT,0.0852
279,TRUMP_USDT,SHORT,StochasticRSI(FAST_SCALP-SHORT),2,0.2,1.776,1.774,1.774,1.782,2026-07-04 12:19:59 UTC,2026-07-04 12:20:15 UTC,15.08,0.3552,0.0047,0.0,0.0004,0.04,8.45,MIN_PROFIT_TP_HIT,0.0856
280,TRUMP_USDT,SHORT,StochasticRSI(FAST_SCALP-SHORT),2,0.2,1.775,1.773,1.773,1.781,2026-07-04 12:33:59 UTC,2026-07-04 12:34:07 UTC,7.06,0.355,0.0047,0.0,0.0004,0.04,8.45,MIN_PROFIT_TP_HIT,0.086
281,TRUMP_USDT,SHORT,StochasticRSI(FAST_SCALP-SHORT),2,0.2,1.777,1.783,1.775,1.783,2026-07-04 12:46:59 UTC,2026-07-04 12:58:05 UTC,665.63,0.3554,0.0047,0.0,-0.0012,-0.11,-25.32,STOP_LOSS_HIT,0.0848
282,TRUMP_USDT,SHORT,StochasticRSI(FAST_SCALP-SHORT),2,0.2,1.782,1.78,1.78,1.788,2026-07-04 13:02:59 UTC,2026-07-04 13:05:40 UTC,160.47,0.3564,0.0048,0.0,0.0004,0.04,8.42,MIN_PROFIT_TP_HIT,0.0852
283,TRUMP_USDT,SHORT,StochasticRSI(FAST_SCALP-SHORT),2,0.2,1.784,1.782,1.782,1.79,2026-07-04 13:23:59 UTC,2026-07-04 13:26:04 UTC,124.02,0.3568,0.0048,0.0,0.0004,0.04,8.41,MIN_PROFIT_TP_HIT,0.0856
284,TRUMP_USDT,SHORT,StochasticRSI(FAST_SCALP-SHORT),2,0.2,1.781,1.779,1.779,1.787,2026-07-04 13:44:59 UTC,2026-07-04 13:45:08 UTC,9.0,0.3562,0.0047,0.0,0.0004,0.04,8.42,MIN_PROFIT_TP_HIT,0.086
285,TRUMP_USDT,SHORT,StochasticRSI(FAST_SCALP-SHORT),2,0.2,1.784,1.79,1.782,1.79,2026-07-04 14:05:59 UTC,2026-07-04 14:12:03 UTC,363.01,0.3568,0.0048,0.0,-0.0012,-0.11,-25.22,STOP_LOSS_HIT,0.0848
286,TRUMP_USDT,SHORT,StochasticRSI(FAST_SCALP-SHORT),2,0.2,1.786,1.784,1.784,1.792,2026-07-04 14:21:59 UTC,2026-07-04 14:24:18 UTC,138.21,0.3572,0.0048,0.0,0.0004,0.04,8.4,MIN_PROFIT_TP_HIT,0.0852
287,TRUMP_USDT,SHORT,StochasticRSI(FAST_SCALP-SHORT),2,0.2,1.789,1.795,1.787,1.795,2026-07-04 14:34:59 UTC,2026-07-04 14:44:35 UTC,575.55,0.3578,0.0048,0.0,-0.0012,-0.11,-25.15,STOP_LOSS_HIT,0.084
288,TRUMP_USDT,SHORT,StochasticRSI(FAST_SCALP-SHORT),2,0.2,1.792,1.79,1.79,1.798,2026-07-04 14:45:59 UTC,2026-07-04 14:49:03 UTC,183.26,0.3584,0.0048,0.0,0.0004,0.04,8.37,MIN_PROFIT_TP_HIT,0.0844
289,TRUMP_USDT,SHORT,StochasticRSI(FAST_SCALP-SHORT),2,0.2,1.794,1.792,1.792,1.8,2026-07-04 15:01:59 UTC,2026-07-04 15:04:50 UTC,170.8,0.3588,0.0048,0.0,0.0004,0.04,8.36,MIN_PROFIT_TP_HIT,0.0848
290,TRUMP_USDT,SHORT,StochasticRSI(FAST_SCALP-SHORT),2,0.2,1.8,1.798,1.798,1.806,2026-07-04 15:13:59 UTC,2026-07-04 15:17:45 UTC,225.79,0.36,0.0048,0.0,0.0004,0.04,8.33,MIN_PROFIT_TP_HIT,0.0852
291,TRUMP_USDT,SHORT,StochasticRSI(FAST_SCALP-SHORT),2,0.2,1.807,1.813,1.805,1.813,2026-07-04 15:32:59 UTC,2026-07-04 15:35:31 UTC,151.24,0.3614,0.0048,0.0,-0.0012,-0.11,-24.9,STOP_LOSS_HIT,0.084
292,TRUMP_USDT,SHORT,StochasticRSI(FAST_SCALP-SHORT),2,0.2,1.814,1.82,1.812,1.82,2026-07-04 15:37:59 UTC,2026-07-04 15:38:24 UTC,24.22,0.3628,0.0048,0.0,-0.0012,-0.11,-24.81,STOP_LOSS_HIT,0.0828
293,TRUMP_USDT,SHORT,StochasticRSI(FAST_SCALP-SHORT),2,0.2,1.812,1.81,1.81,1.818,2026-07-04 16:06:59 UTC,2026-07-04 16:10:18 UTC,198.1,0.3624,0.0048,0.0,0.0004,0.04,8.28,MIN_PROFIT_TP_HIT,0.0832
294,TRUMP_USDT,SHORT,StochasticRSI(FAST_SCALP-SHORT),2,0.2,1.815,1.813,1.813,1.821,2026-07-04 16:22:59 UTC,2026-07-04 16:24:01 UTC,61.06,0.363,0.0048,0.0,0.0004,0.04,8.26,MIN_PROFIT_TP_HIT,0.0836
295,TRUMP_USDT,SHORT,StochasticRSI(FAST_SCALP-SHORT),2,0.2,1.814,1.82,1.812,1.82,2026-07-04 16:25:59 UTC,2026-07-04 16:28:09 UTC,129.27,0.3628,0.0048,0.0,-0.0012,-0.11,-24.81,STOP_LOSS_HIT,0.0824
296,TRUMP_USDT,SHORT,StochasticRSI(FAST_SCALP-SHORT),2,0.2,1.817,1.823,1.815,1.823,2026-07-04 16:33:59 UTC,2026-07-04 16:43:27 UTC,567.04,0.3634,0.0048,0.0,-0.0012,-0.11,-24.77,STOP_LOSS_HIT,0.0812
297,TRUMP_USDT,SHORT,StochasticRSI(FAST_SCALP-SHORT),2,0.2,1.837,1.835,1.835,1.843,2026-07-04 16:50:59 UTC,2026-07-04 16:51:09 UTC,9.29,0.3674,0.0049,0.0,0.0004,0.04,8.17,MIN_PROFIT_TP_HIT,0.0816
298,TRUMP_USDT,SHORT,StochasticRSI(FAST_SCALP-SHORT),2,0.2,1.847,1.845,1.845,1.853,2026-07-04 17:07:59 UTC,2026-07-04 17:08:10 UTC,10.4,0.3694,0.0049,0.0,0.0004,0.04,8.12,MIN_PROFIT_TP_HIT,0.082
299,TRUMP_USDT,SHORT,StochasticRSI(FAST_SCALP-SHORT),2,0.2,1.835,1.841,1.833,1.841,2026-07-04 17:31:59 UTC,2026-07-04 17:33:04 UTC,64.52,0.367,0.0049,0.0,-0.0012,-0.11,-24.52,STOP_LOSS_HIT,0.0808
300,TRUMP_USDT,SHORT,StochasticRSI(FAST_SCALP-SHORT),2,0.2,1.835,1.833,1.833,1.841,2026-07-04 17:35:59 UTC,2026-07-04 17:37:01 UTC,61.62,0.367,0.0049,0.0,0.0004,0.04,8.17,MIN_PROFIT_TP_HIT,0.0812
301,TRUMP_USDT,SHORT,StochasticRSI(FAST_SCALP-SHORT),2,0.2,1.843,1.849,1.841,1.849,2026-07-04 17:54:59 UTC,2026-07-04 17:56:18 UTC,78.3,0.3686,0.0049,0.0,-0.0012,-0.11,-24.42,STOP_LOSS_HIT,0.08
302,TRUMP_USDT,SHORT,StochasticRSI(FAST_SCALP-SHORT),2,0.2,1.855,1.853,1.853,1.861,2026-07-04 17:58:59 UTC,2026-07-04 18:02:34 UTC,214.75,0.371,0.0049,0.0,0.0004,0.04,8.09,MIN_PROFIT_TP_HIT,0.0804
303,TRUMP_USDT,SHORT,StochasticRSI(FAST_SCALP-SHORT),2,0.2,1.866,1.864,1.864,1.872,2026-07-04 18:25:59 UTC,2026-07-04 18:26:06 UTC,6.32,0.3732,0.005,0.0,0.0004,0.04,8.04,MIN_PROFIT_TP_HIT,0.0808
304,TRUMP_USDT,SHORT,StochasticRSI(FAST_SCALP-SHORT),2,0.2,1.84,1.838,1.838,1.846,2026-07-04 18:45:59 UTC,2026-07-04 18:46:03 UTC,3.62,0.368,0.0049,0.0,0.0004,0.04,8.15,MIN_PROFIT_TP_HIT,0.0812
305,TRUMP_USDT,SHORT,StochasticRSI(FAST_SCALP-SHORT),2,0.2,1.834,1.84,1.832,1.84,2026-07-04 18:49:59 UTC,2026-07-04 18:58:16 UTC,496.75,0.3668,0.0049,0.0,-0.0012,-0.11,-24.54,STOP_LOSS_HIT,0.08
306,TRUMP_USDT,SHORT,StochasticRSI(FAST_SCALP-SHORT),2,0.2,1.858,1.856,1.856,1.864,2026-07-04 19:03:59 UTC,2026-07-04 19:04:05 UTC,5.26,0.3716,0.005,0.0,0.0004,0.04,8.07,MIN_PROFIT_TP_HIT,0.0804
307,TRUMP_USDT,SHORT,StochasticRSI(FAST_SCALP-SHORT),2,0.2,1.844,1.842,1.842,1.85,2026-07-04 19:25:59 UTC,2026-07-04 19:29:12 UTC,192.15,0.3688,0.0049,0.0,0.0004,0.04,8.13,MIN_PROFIT_TP_HIT,0.0808
308,TRUMP_USDT,SHORT,StochasticRSI(FAST_SCALP-SHORT),2,0.2,1.836,1.834,1.834,1.842,2026-07-04 19:55:59 UTC,2026-07-04 19:57:07 UTC,67.37,0.3672,0.0049,0.0,0.0004,0.04,8.17,MIN_PROFIT_TP_HIT,0.0812
309,TRUMP_USDT,SHORT,StochasticRSI(FAST_SCALP-SHORT),2,0.2,1.822,1.82,1.82,1.828,2026-07-04 20:30:59 UTC,2026-07-04 20:31:08 UTC,8.48,0.3644,0.0049,0.0,0.0004,0.04,8.23,MIN_PROFIT_TP_HIT,0.0816
310,TRUMP_USDT,SHORT,StochasticRSI(FAST_SCALP-SHORT),2,0.2,1.822,1.828,1.82,1.828,2026-07-04 20:33:59 UTC,2026-07-04 20:36:52 UTC,172.07,0.3644,0.0049,0.0,-0.0012,-0.11,-24.7,STOP_LOSS_HIT,0.0804
311,TRUMP_USDT,SHORT,StochasticRSI(FAST_SCALP-SHORT),2,0.2,1.827,1.825,1.825,1.833,2026-07-04 20:38:59 UTC,2026-07-04 20:39:34 UTC,34.66,0.3654,0.0049,0.0,0.0004,0.04,8.21,MIN_PROFIT_TP_HIT,0.0808
312,TRUMP_USDT,SHORT,StochasticRSI(FAST_SCALP-SHORT),2,0.2,1.845,1.843,1.843,1.851,2026-07-04 20:50:59 UTC,2026-07-04 20:51:00 UTC,0.51,0.369,0.0049,0.0,0.0004,0.04,8.13,MIN_PROFIT_TP_HIT,0.0812
313,TRUMP_USDT,SHORT,StochasticRSI(FAST_SCALP-SHORT),2,0.2,1.839,1.837,1.837,1.845,2026-07-04 20:52:59 UTC,2026-07-04 20:53:27 UTC,28.0,0.3678,0.0049,0.0,0.0004,0.04,8.16,MIN_PROFIT_TP_HIT,0.0816
314,TRUMP_USDT,SHORT,StochasticRSI(FAST_SCALP-SHORT),2,0.2,1.85,1.848,1.848,1.856,2026-07-04 21:05:59 UTC,2026-07-04 21:06:27 UTC,27.42,0.37,0.0049,0.0,0.0004,0.04,8.11,MIN_PROFIT_TP_HIT,0.082
315,TRUMP_USDT,SHORT,StochasticRSI(FAST_SCALP-SHORT),2,0.2,1.855,1.853,1.853,1.861,2026-07-04 21:19:59 UTC,2026-07-04 21:23:41 UTC,221.81,0.371,0.0049,0.0,0.0004,0.04,8.09,MIN_PROFIT_TP_HIT,0.0824
316,TRUMP_USDT,SHORT,StochasticRSI(FAST_SCALP-SHORT),2,0.2,1.847,1.845,1.845,1.853,2026-07-04 21:47:59 UTC,2026-07-04 21:49:44 UTC,104.19,0.3694,0.0049,0.0,0.0004,0.04,8.12,MIN_PROFIT_TP_HIT,0.0828
317,TRUMP_USDT,SHORT,StochasticRSI(FAST_SCALP-SHORT),2,0.2,1.826,1.824,1.824,1.832,2026-07-04 22:11:59 UTC,2026-07-04 22:13:17 UTC,77.26,0.3652,0.0049,0.0,0.0004,0.04,8.21,MIN_PROFIT_TP_HIT,0.0832
318,TRUMP_USDT,SHORT,StochasticRSI(FAST_SCALP-SHORT),2,0.2,1.826,1.824,1.824,1.832,2026-07-04 22:17:59 UTC,2026-07-04 22:19:16 UTC,76.63,0.3652,0.0049,0.0,0.0004,0.04,8.21,MIN_PROFIT_TP_HIT,0.0836
319,TRUMP_USDT,SHORT,StochasticRSI(FAST_SCALP-SHORT),2,0.2,1.821,1.819,1.819,1.827,2026-07-04 22:33:59 UTC,2026-07-04 22:35:01 UTC,61.73,0.3642,0.0049,0.0,0.0004,0.04,8.24,MIN_PROFIT_TP_HIT,0.084
320,TRUMP_USDT,SHORT,StochasticRSI(FAST_SCALP-SHORT),2,0.2,1.822,1.82,1.82,1.828,2026-07-04 22:36:59 UTC,2026-07-04 22:38:12 UTC,72.87,0.3644,0.0049,0.0,0.0004,0.04,8.23,MIN_PROFIT_TP_HIT,0.0844
321,TRUMP_USDT,SHORT,StochasticRSI(FAST_SCALP-SHORT),2,0.2,1.821,1.827,1.819,1.827,2026-07-04 22:51:59 UTC,2026-07-04 22:57:25 UTC,325.37,0.3642,0.0049,0.0,-0.0012,-0.11,-24.71,STOP_LOSS_HIT,0.0832
322,TRUMP_USDT,SHORT,StochasticRSI(FAST_SCALP-SHORT),2,0.2,1.824,1.822,1.822,1.83,2026-07-04 23:01:59 UTC,2026-07-04 23:02:19 UTC,19.61,0.3648,0.0049,0.0,0.0004,0.04,8.22,MIN_PROFIT_TP_HIT,0.0836
323,TRUMP_USDT,SHORT,StochasticRSI(FAST_SCALP-SHORT),2,0.2,1.824,1.822,1.822,1.83,2026-07-04 23:24:59 UTC,2026-07-04 23:26:21 UTC,81.91,0.3648,0.0049,0.0,0.0004,0.04,8.22,MIN_PROFIT_TP_HIT,0.084
324,TRUMP_USDT,SHORT,StochasticRSI(FAST_SCALP-SHORT),2,0.2,1.818,1.816,1.816,1.824,2026-07-04 23:57:59 UTC,2026-07-05 00:01:43 UTC,223.37,0.3636,0.0048,0.0,0.0004,0.04,8.25,MIN_PROFIT_TP_HIT,0.0844
325,TRUMP_USDT,SHORT,StochasticRSI(FAST_SCALP-SHORT),2,0.2,1.82,1.818,1.818,1.826,2026-07-05 00:13:59 UTC,2026-07-05 00:17:10 UTC,190.87,0.364,0.0049,0.0,0.0004,0.04,8.24,MIN_PROFIT_TP_HIT,0.0848
326,TRUMP_USDT,SHORT,StochasticRSI(FAST_SCALP-SHORT),2,0.2,1.822,1.82,1.82,1.828,2026-07-05 00:22:59 UTC,2026-07-05 00:32:17 UTC,557.37,0.3644,0.0049,0.0,0.0004,0.04,8.23,MIN_PROFIT_TP_HIT,0.0852
327,TRUMP_USDT,SHORT,StochasticRSI(FAST_SCALP-SHORT),2,0.2,1.83,1.828,1.828,1.836,2026-07-05 00:47:59 UTC,2026-07-05 00:48:19 UTC,19.46,0.366,0.0049,0.0,0.0004,0.04,8.2,MIN_PROFIT_TP_HIT,0.0856
328,TRUMP_USDT,SHORT,StochasticRSI(FAST_SCALP-SHORT),2,0.2,1.828,1.826,1.826,1.834,2026-07-05 01:06:59 UTC,2026-07-05 01:07:40 UTC,40.95,0.3656,0.0049,0.0,0.0004,0.04,8.21,MIN_PROFIT_TP_HIT,0.086
329,TRUMP_USDT,SHORT,StochasticRSI(FAST_SCALP-SHORT),2,0.2,1.815,1.813,1.813,1.821,2026-07-05 01:31:59 UTC,2026-07-05 01:33:10 UTC,70.56,0.363,0.0048,0.0,0.0004,0.04,8.26,MIN_PROFIT_TP_HIT,0.0864
330,TRUMP_USDT,SHORT,StochasticRSI(FAST_SCALP-SHORT),2,0.2,1.813,1.811,1.811,1.819,2026-07-05 01:42:59 UTC,2026-07-05 01:43:12 UTC,12.58,0.3626,0.0048,0.0,0.0004,0.04,8.27,MIN_PROFIT_TP_HIT,0.0868
331,TRUMP_USDT,SHORT,StochasticRSI(FAST_SCALP-SHORT),2,0.2,1.808,1.814,1.806,1.814,2026-07-05 01:47:59 UTC,2026-07-05 01:51:14 UTC,194.67,0.3616,0.0048,0.0,-0.0012,-0.11,-24.89,STOP_LOSS_HIT,0.0856
332,TRUMP_USDT,SHORT,StochasticRSI(FAST_SCALP-SHORT),2,0.2,1.815,1.813,1.813,1.821,2026-07-05 01:55:59 UTC,2026-07-05 01:56:37 UTC,37.72,0.363,0.0048,0.0,0.0004,0.04,8.26,MIN_PROFIT_TP_HIT,0.086
333,TRUMP_USDT,SHORT,StochasticRSI(FAST_SCALP-SHORT),2,0.2,1.809,1.807,1.807,1.815,2026-07-05 02:02:59 UTC,2026-07-05 02:05:21 UTC,141.65,0.3618,0.0048,0.0,0.0004,0.04,8.29,MIN_PROFIT_TP_HIT,0.0864
334,TRUMP_USDT,SHORT,StochasticRSI(FAST_SCALP-SHORT),2,0.2,1.792,1.79,1.79,1.798,2026-07-05 02:12:59 UTC,2026-07-05 02:13:07 UTC,7.65,0.3584,0.0048,0.0,0.0004,0.04,8.37,MIN_PROFIT_TP_HIT,0.0868
335,TRUMP_USDT,SHORT,StochasticRSI(FAST_SCALP-SHORT),2,0.2,1.795,1.793,1.793,1.801,2026-07-05 02:23:59 UTC,2026-07-05 02:24:26 UTC,26.59,0.359,0.0048,0.0,0.0004,0.04,8.36,MIN_PROFIT_TP_HIT,0.0872
336,TRUMP_USDT,SHORT,StochasticRSI(FAST_SCALP-SHORT),2,0.2,1.803,1.801,1.801,1.809,2026-07-05 02:37:59 UTC,2026-07-05 02:38:07 UTC,7.61,0.3606,0.0048,0.0,0.0004,0.04,8.32,MIN_PROFIT_TP_HIT,0.0876
337,TRUMP_USDT,SHORT,StochasticRSI(FAST_SCALP-SHORT),2,0.2,1.788,1.794,1.786,1.794,2026-07-05 02:54:59 UTC,2026-07-05 03:04:24 UTC,564.02,0.3576,0.0048,0.0,-0.0012,-0.11,-25.17,STOP_LOSS_HIT,0.0864
338,TRUMP_USDT,SHORT,StochasticRSI(FAST_SCALP-SHORT),2,0.2,1.79,1.788,1.788,1.796,2026-07-05 03:06:59 UTC,2026-07-05 03:20:42 UTC,822.42,0.358,0.0048,0.0,0.0004,0.04,8.38,MIN_PROFIT_TP_HIT,0.0868
339,TRUMP_USDT,SHORT,StochasticRSI(FAST_SCALP-SHORT),2,0.2,1.796,1.794,1.794,1.802,2026-07-05 03:26:59 UTC,2026-07-05 03:27:29 UTC,29.92,0.3592,0.0048,0.0,0.0004,0.04,8.35,MIN_PROFIT_TP_HIT,0.0872
340,TRUMP_USDT,SHORT,StochasticRSI(FAST_SCALP-SHORT),2,0.2,1.783,1.781,1.781,1.789,2026-07-05 03:42:59 UTC,2026-07-05 03:43:13 UTC,13.48,0.3566,0.0048,0.0,0.0004,0.04,8.41,MIN_PROFIT_TP_HIT,0.0876
341,TRUMP_USDT,SHORT,StochasticRSI(FAST_SCALP-SHORT),2,0.2,1.783,1.781,1.781,1.789,2026-07-05 03:55:59 UTC,2026-07-05 03:56:06 UTC,6.18,0.3566,0.0048,0.0,0.0004,0.04,8.41,MIN_PROFIT_TP_HIT,0.088
342,TRUMP_USDT,SHORT,StochasticRSI(FAST_SCALP-SHORT),2,0.2,1.771,1.769,1.769,1.777,2026-07-05 03:57:59 UTC,2026-07-05 03:58:15 UTC,15.17,0.3542,0.0047,0.0,0.0004,0.04,8.47,MIN_PROFIT_TP_HIT,0.0884
343,TRUMP_USDT,SHORT,StochasticRSI(FAST_SCALP-SHORT),2,0.2,1.74,1.738,1.738,1.746,2026-07-05 04:10:59 UTC,2026-07-05 04:11:12 UTC,12.64,0.348,0.0046,0.0,0.0004,0.04,8.62,MIN_PROFIT_TP_HIT,0.0888
344,TRUMP_USDT,SHORT,StochasticRSI(FAST_SCALP-SHORT),2,0.2,1.74,1.738,1.738,1.746,2026-07-05 04:18:59 UTC,2026-07-05 04:19:55 UTC,55.51,0.348,0.0046,0.0,0.0004,0.04,8.62,MIN_PROFIT_TP_HIT,0.0892
345,TRUMP_USDT,SHORT,StochasticRSI(FAST_SCALP-SHORT),2,0.2,1.742,1.74,1.74,1.748,2026-07-05 04:28:59 UTC,2026-07-05 04:35:06 UTC,366.94,0.3484,0.0046,0.0,0.0004,0.04,8.61,MIN_PROFIT_TP_HIT,0.0896
346,TRUMP_USDT,SHORT,StochasticRSI(FAST_SCALP-SHORT),2,0.2,1.741,1.739,1.739,1.747,2026-07-05 04:47:59 UTC,2026-07-05 04:52:12 UTC,252.26,0.3482,0.0046,0.0,0.0004,0.04,8.62,MIN_PROFIT_TP_HIT,0.09
347,TRUMP_USDT,SHORT,StochasticRSI(FAST_SCALP-SHORT),2,0.2,1.738,1.736,1.736,1.744,2026-07-05 05:02:59 UTC,2026-07-05 05:06:04 UTC,184.84,0.3476,0.0046,0.0,0.0004,0.04,8.63,MIN_PROFIT_TP_HIT,0.0904
348,TRUMP_USDT,SHORT,StochasticRSI(FAST_SCALP-SHORT),2,0.2,1.74,1.738,1.738,1.746,2026-07-05 05:18:59 UTC,2026-07-05 05:19:26 UTC,26.79,0.348,0.0046,0.0,0.0004,0.04,8.62,MIN_PROFIT_TP_HIT,0.0908
349,TRUMP_USDT,SHORT,StochasticRSI(FAST_SCALP-SHORT),2,0.2,1.738,1.736,1.736,1.744,2026-07-05 05:30:59 UTC,2026-07-05 05:33:02 UTC,122.96,0.3476,0.0046,0.0,0.0004,0.04,8.63,MIN_PROFIT_TP_HIT,0.0912
350,TRUMP_USDT,SHORT,StochasticRSI(FAST_SCALP-SHORT),2,0.2,1.739,1.737,1.737,1.745,2026-07-05 05:41:59 UTC,2026-07-05 05:42:16 UTC,16.71,0.3478,0.0046,0.0,0.0004,0.04,8.63,MIN_PROFIT_TP_HIT,0.0916
351,TRUMP_USDT,SHORT,StochasticRSI(FAST_SCALP-SHORT),2,0.2,1.742,1.74,1.74,1.748,2026-07-05 05:55:59 UTC,2026-07-05 05:57:18 UTC,78.58,0.3484,0.0046,0.0,0.0004,0.04,8.61,MIN_PROFIT_TP_HIT,0.092
352,TRUMP_USDT,SHORT,StochasticRSI(FAST_SCALP-SHORT),2,0.2,1.738,1.744,1.736,1.744,2026-07-05 06:10:59 UTC,2026-07-05 06:16:21 UTC,321.42,0.3476,0.0046,0.0,-0.0012,-0.11,-25.89,STOP_LOSS_HIT,0.0908
353,TRUMP_USDT,SHORT,StochasticRSI(FAST_SCALP-SHORT),2,0.2,1.73,1.728,1.728,1.736,2026-07-05 06:35:59 UTC,2026-07-05 06:36:17 UTC,17.37,0.346,0.0046,0.0,0.0004,0.04,8.67,MIN_PROFIT_TP_HIT,0.0912
354,TRUMP_USDT,SHORT,StochasticRSI(FAST_SCALP-SHORT),2,0.2,1.718,1.716,1.716,1.724,2026-07-05 06:48:59 UTC,2026-07-05 06:49:31 UTC,31.03,0.3436,0.0046,0.0,0.0004,0.04,8.73,MIN_PROFIT_TP_HIT,0.0916
355,TRUMP_USDT,SHORT,StochasticRSI(FAST_SCALP-SHORT),2,0.2,1.717,1.715,1.715,1.723,2026-07-05 06:57:59 UTC,2026-07-05 07:15:02 UTC,1022.91,0.3434,0.0046,0.0,0.0004,0.04,8.74,MIN_PROFIT_TP_HIT,0.092
356,TRUMP_USDT,SHORT,StochasticRSI(FAST_SCALP-SHORT),2,0.2,1.705,1.711,1.703,1.711,2026-07-05 07:27:59 UTC,2026-07-05 07:35:40 UTC,460.31,0.341,0.0045,0.0,-0.0012,-0.11,-26.39,STOP_LOSS_HIT,0.0908
357,TRUMP_USDT,SHORT,StochasticRSI(FAST_SCALP-SHORT),2,0.2,1.707,1.705,1.705,1.713,2026-07-05 07:37:59 UTC,2026-07-05 07:47:50 UTC,590.07,0.3414,0.0046,0.0,0.0004,0.04,8.79,MIN_PROFIT_TP_HIT,0.0912
358,TRUMP_USDT,SHORT,StochasticRSI(FAST_SCALP-SHORT),2,0.2,1.711,1.709,1.709,1.717,2026-07-05 07:54:59 UTC,2026-07-05 07:55:37 UTC,37.73,0.3422,0.0046,0.0,0.0004,0.04,8.77,MIN_PROFIT_TP_HIT,0.0916
359,TRUMP_USDT,SHORT,StochasticRSI(FAST_SCALP-SHORT),2,0.2,1.71,1.716,1.708,1.716,2026-07-05 07:57:59 UTC,2026-07-05 08:00:33 UTC,153.41,0.342,0.0046,0.0,-0.0012,-0.11,-26.32,STOP_LOSS_HIT,0.0904
360,TRUMP_USDT,SHORT,StochasticRSI(FAST_SCALP-SHORT),2,0.2,1.706,1.704,1.704,1.712,2026-07-05 08:24:59 UTC,2026-07-05 08:27:14 UTC,134.39,0.3412,0.0045,0.0,0.0004,0.04,8.79,MIN_PROFIT_TP_HIT,0.0908
361,TRUMP_USDT,SHORT,StochasticRSI(FAST_SCALP-SHORT),2,0.2,1.699,1.697,1.697,1.705,2026-07-05 08:43:59 UTC,2026-07-05 09:01:26 UTC,1046.41,0.3398,0.0045,0.0,0.0004,0.04,8.83,MIN_PROFIT_TP_HIT,0.0912
362,TRUMP_USDT,SHORT,StochasticRSI(FAST_SCALP-SHORT),2,0.2,1.702,1.7,1.7,1.708,2026-07-05 09:09:59 UTC,2026-07-05 09:10:20 UTC,20.54,0.3404,0.0045,0.0,0.0004,0.04,8.81,MIN_PROFIT_TP_HIT,0.0916
363,TRUMP_USDT,SHORT,StochasticRSI(FAST_SCALP-SHORT),2,0.2,1.695,1.693,1.693,1.701,2026-07-05 09:38:59 UTC,2026-07-05 09:39:47 UTC,47.15,0.339,0.0045,0.0,0.0004,0.04,8.85,MIN_PROFIT_TP_HIT,0.092
364,TRUMP_USDT,SHORT,StochasticRSI(FAST_SCALP-SHORT),2,0.2,1.686,1.692,1.684,1.692,2026-07-05 09:53:59 UTC,2026-07-05 09:56:38 UTC,158.43,0.3372,0.0045,0.0,-0.0012,-0.11,-26.69,STOP_LOSS_HIT,0.0908
365,TRUMP_USDT,SHORT,StochasticRSI(FAST_SCALP-SHORT),2,0.2,1.69,1.688,1.688,1.696,2026-07-05 09:59:59 UTC,2026-07-05 10:00:05 UTC,5.46,0.338,0.0045,0.0,0.0004,0.04,8.88,MIN_PROFIT_TP_HIT,0.0912
366,TRUMP_USDT,SHORT,StochasticRSI(FAST_SCALP-SHORT),2,0.2,1.693,1.691,1.691,1.699,2026-07-05 10:12:59 UTC,2026-07-05 10:21:04 UTC,484.68,0.3386,0.0045,0.0,0.0004,0.04,8.86,MIN_PROFIT_TP_HIT,0.0916
367,TRUMP_USDT,SHORT,StochasticRSI(FAST_SCALP-SHORT),2,0.2,1.698,1.696,1.696,1.704,2026-07-05 10:34:59 UTC,2026-07-05 10:49:00 UTC,840.88,0.3396,0.0045,0.0,0.0004,0.04,8.83,MIN_PROFIT_TP_HIT,0.092
368,TRUMP_USDT,SHORT,StochasticRSI(FAST_SCALP-SHORT),2,0.2,1.7,1.706,1.698,1.706,2026-07-05 11:02:59 UTC,2026-07-05 11:09:08 UTC,368.79,0.34,0.0045,0.0,-0.0012,-0.11,-26.47,STOP_LOSS_HIT,0.0908
369,TRUMP_USDT,SHORT,StochasticRSI(FAST_SCALP-SHORT),2,0.2,1.699,1.697,1.697,1.705,2026-07-05 11:26:59 UTC,2026-07-05 12:00:22 UTC,2002.11,0.3398,0.0045,0.0,0.0004,0.04,8.83,MIN_PROFIT_TP_HIT,0.0912
370,TRUMP_USDT,SHORT,StochasticRSI(FAST_SCALP-SHORT),2,0.2,1.694,1.692,1.692,1.7,2026-07-05 12:01:59 UTC,2026-07-05 12:02:32 UTC,32.6,0.3388,0.0045,0.0,0.0004,0.04,8.85,MIN_PROFIT_TP_HIT,0.0916
371,TRUMP_USDT,SHORT,StochasticRSI(FAST_SCALP-SHORT),2,0.2,1.7,1.698,1.698,1.706,2026-07-05 12:22:59 UTC,2026-07-05 12:23:03 UTC,3.44,0.34,0.0045,0.0,0.0004,0.04,8.82,MIN_PROFIT_TP_HIT,0.092
372,TRUMP_USDT,SHORT,StochasticRSI(FAST_SCALP-SHORT),2,0.2,1.699,1.705,1.697,1.705,2026-07-05 12:24:59 UTC,2026-07-05 12:29:35 UTC,275.44,0.3398,0.0045,0.0,-0.0012,-0.11,-26.49,STOP_LOSS_HIT,0.0908
373,TRUMP_USDT,SHORT,StochasticRSI(FAST_SCALP-SHORT),2,0.2,1.709,1.707,1.707,1.715,2026-07-05 12:33:59 UTC,2026-07-05 12:34:38 UTC,38.21,0.3418,0.0046,0.0,0.0004,0.04,8.78,MIN_PROFIT_TP_HIT,0.0912
374,TRUMP_USDT,SHORT,StochasticRSI(FAST_SCALP-SHORT),2,0.2,1.722,1.72,1.72,1.728,2026-07-05 12:57:59 UTC,2026-07-05 12:58:56 UTC,56.49,0.3444,0.0046,0.0,0.0004,0.04,8.71,MIN_PROFIT_TP_HIT,0.0916
375,TRUMP_USDT,SHORT,StochasticRSI(FAST_SCALP-SHORT),2,0.2,1.719,1.717,1.717,1.725,2026-07-05 13:36:59 UTC,2026-07-05 13:42:16 UTC,316.58,0.3438,0.0046,0.0,0.0004,0.04,8.73,MIN_PROFIT_TP_HIT,0.092
376,TRUMP_USDT,SHORT,StochasticRSI(FAST_SCALP-SHORT),2,0.2,1.709,1.707,1.707,1.715,2026-07-05 13:59:59 UTC,2026-07-05 14:00:02 UTC,2.77,0.3418,0.0046,0.0,0.0004,0.04,8.78,MIN_PROFIT_TP_HIT,0.0924
377,TRUMP_USDT,SHORT,StochasticRSI(FAST_SCALP-SHORT),2,0.2,1.695,1.693,1.693,1.701,2026-07-05 14:24:59 UTC,2026-07-05 14:26:26 UTC,86.85,0.339,0.0045,0.0,0.0004,0.04,8.85,MIN_PROFIT_TP_HIT,0.0928
378,TRUMP_USDT,SHORT,StochasticRSI(FAST_SCALP-SHORT),2,0.2,1.689,1.695,1.687,1.695,2026-07-05 14:45:59 UTC,2026-07-05 14:59:22 UTC,802.78,0.3378,0.0045,0.0,-0.0012,-0.11,-26.64,STOP_LOSS_HIT,0.0916
379,TRUMP_USDT,SHORT,StochasticRSI(FAST_SCALP-SHORT),2,0.2,1.694,1.7,1.692,1.7,2026-07-05 15:01:59 UTC,2026-07-05 15:03:57 UTC,117.97,0.3388,0.0045,0.0,-0.0012,-0.11,-26.56,STOP_LOSS_HIT,0.0904
380,TRUMP_USDT,SHORT,StochasticRSI(FAST_SCALP-SHORT),2,0.2,1.691,1.689,1.689,1.697,2026-07-05 15:38:59 UTC,2026-07-05 15:42:47 UTC,227.67,0.3382,0.0045,0.0,0.0004,0.04,8.87,MIN_PROFIT_TP_HIT,0.0908
381,TRUMP_USDT,SHORT,StochasticRSI(FAST_SCALP-SHORT),2,0.2,1.692,1.69,1.69,1.698,2026-07-05 15:50:59 UTC,2026-07-05 15:51:51 UTC,51.37,0.3384,0.0045,0.0,0.0004,0.04,8.87,MIN_PROFIT_TP_HIT,0.0912
382,TRUMP_USDT,SHORT,StochasticRSI(FAST_SCALP-SHORT),2,0.2,1.69,1.688,1.688,1.696,2026-07-05 15:52:59 UTC,2026-07-05 16:06:14 UTC,794.27,0.338,0.0045,0.0,0.0004,0.04,8.88,MIN_PROFIT_TP_HIT,0.0916
383,TRUMP_USDT,SHORT,StochasticRSI(FAST_SCALP-SHORT),2,0.2,1.681,1.679,1.679,1.687,2026-07-05 16:15:59 UTC,2026-07-05 16:19:11 UTC,191.39,0.3362,0.0045,0.0,0.0004,0.04,8.92,MIN_PROFIT_TP_HIT,0.092
384,TRUMP_USDT,SHORT,StochasticRSI(FAST_SCALP-SHORT),2,0.2,1.688,1.686,1.686,1.694,2026-07-05 16:28:59 UTC,2026-07-05 16:29:45 UTC,45.2,0.3376,0.0045,0.0,0.0004,0.04,8.89,MIN_PROFIT_TP_HIT,0.0924
385,TRUMP_USDT,SHORT,StochasticRSI(FAST_SCALP-SHORT),2,0.2,1.689,1.687,1.687,1.695,2026-07-05 16:47:59 UTC,2026-07-05 16:52:00 UTC,240.76,0.3378,0.0045,0.0,0.0004,0.04,8.88,MIN_PROFIT_TP_HIT,0.0928
386,TRUMP_USDT,SHORT,StochasticRSI(FAST_SCALP-SHORT),2,0.2,1.696,1.694,1.694,1.702,2026-07-05 17:22:59 UTC,2026-07-05 17:28:23 UTC,323.52,0.3392,0.0045,0.0,0.0004,0.04,8.84,MIN_PROFIT_TP_HIT,0.0932
387,TRUMP_USDT,SHORT,StochasticRSI(FAST_SCALP-SHORT),2,0.2,1.692,1.69,1.69,1.698,2026-07-05 17:43:59 UTC,2026-07-05 17:57:04 UTC,784.79,0.3384,0.0045,0.0,0.0004,0.04,8.87,MIN_PROFIT_TP_HIT,0.0936
388,TRUMP_USDT,SHORT,StochasticRSI(FAST_SCALP-SHORT),2,0.2,1.69,1.688,1.688,1.696,2026-07-05 18:02:59 UTC,2026-07-05 18:03:58 UTC,58.7,0.338,0.0045,0.0,0.0004,0.04,8.88,MIN_PROFIT_TP_HIT,0.094
389,TRUMP_USDT,SHORT,StochasticRSI(FAST_SCALP-SHORT),2,0.2,1.691,1.689,1.689,1.697,2026-07-05 18:09:59 UTC,2026-07-05 18:24:45 UTC,885.59,0.3382,0.0045,0.0,0.0004,0.04,8.87,MIN_PROFIT_TP_HIT,0.0944
390,TRUMP_USDT,SHORT,StochasticRSI(FAST_SCALP-SHORT),2,0.2,1.692,1.698,1.69,1.698,2026-07-05 18:37:59 UTC,2026-07-05 18:49:25 UTC,685.07,0.3384,0.0045,0.0,-0.0012,-0.11,-26.6,STOP_LOSS_HIT,0.0932
391,TRUMP_USDT,SHORT,StochasticRSI(FAST_SCALP-SHORT),2,0.2,1.698,1.704,1.696,1.704,2026-07-05 19:07:59 UTC,2026-07-05 19:13:18 UTC,318.28,0.3396,0.0045,0.0,-0.0012,-0.11,-26.5,STOP_LOSS_HIT,0.092
392,TRUMP_USDT,SHORT,StochasticRSI(FAST_SCALP-SHORT),2,0.2,1.697,1.695,1.695,1.703,2026-07-05 19:17:59 UTC,2026-07-05 19:19:13 UTC,73.47,0.3394,0.0045,0.0,0.0004,0.04,8.84,MIN_PROFIT_TP_HIT,0.0924
393,TRUMP_USDT,SHORT,StochasticRSI(FAST_SCALP-SHORT),2,0.2,1.696,1.694,1.694,1.702,2026-07-05 19:34:59 UTC,2026-07-05 19:35:00 UTC,0.65,0.3392,0.0045,0.0,0.0004,0.04,8.84,MIN_PROFIT_TP_HIT,0.0928
394,TRUMP_USDT,SHORT,StochasticRSI(FAST_SCALP-SHORT),2,0.2,1.697,1.695,1.695,1.703,2026-07-05 19:51:59 UTC,2026-07-05 19:55:49 UTC,229.47,0.3394,0.0045,0.0,0.0004,0.04,8.84,MIN_PROFIT_TP_HIT,0.0932
395,TRUMP_USDT,SHORT,StochasticRSI(FAST_SCALP-SHORT),2,0.2,1.701,1.699,1.699,1.707,2026-07-05 20:09:59 UTC,2026-07-05 20:12:59 UTC,179.47,0.3402,0.0045,0.0,0.0004,0.04,8.82,MIN_PROFIT_TP_HIT,0.0936
396,TRUMP_USDT,SHORT,StochasticRSI(FAST_SCALP-SHORT),2,0.2,1.697,1.703,1.695,1.703,2026-07-05 20:27:59 UTC,2026-07-05 20:53:56 UTC,1556.19,0.3394,0.0045,0.0,-0.0012,-0.11,-26.52,STOP_LOSS_HIT,0.0924
397,TRUMP_USDT,SHORT,StochasticRSI(FAST_SCALP-SHORT),2,0.2,1.699,1.697,1.697,1.705,2026-07-05 21:01:59 UTC,2026-07-05 21:05:32 UTC,212.12,0.3398,0.0045,0.0,0.0004,0.04,8.83,MIN_PROFIT_TP_HIT,0.0928
398,TRUMP_USDT,SHORT,StochasticRSI(FAST_SCALP-SHORT),2,0.2,1.705,1.711,1.703,1.711,2026-07-05 21:15:59 UTC,2026-07-05 21:24:52 UTC,532.01,0.341,0.0045,0.0,-0.0012,-0.11,-26.39,STOP_LOSS_HIT,0.0916
399,TRUMP_USDT,SHORT,StochasticRSI(FAST_SCALP-SHORT),2,0.2,1.715,1.713,1.713,1.721,2026-07-05 21:30:59 UTC,2026-07-05 21:32:04 UTC,64.28,0.343,0.0046,0.0,0.0004,0.04,8.75,MIN_PROFIT_TP_HIT,0.092
400,TRUMP_USDT,SHORT,StochasticRSI(FAST_SCALP-SHORT),2,0.2,1.714,1.712,1.712,1.72,2026-07-05 21:53:59 UTC,2026-07-05 21:54:46 UTC,46.95,0.3428,0.0046,0.0,0.0004,0.04,8.75,MIN_PROFIT_TP_HIT,0.0924
401,TRUMP_USDT,SHORT,StochasticRSI(FAST_SCALP-SHORT),2,0.2,1.713,1.711,1.711,1.719,2026-07-05 21:59:59 UTC,2026-07-05 22:00:06 UTC,6.28,0.3426,0.0046,0.0,0.0004,0.04,8.76,MIN_PROFIT_TP_HIT,0.0928
402,TRUMP_USDT,SHORT,StochasticRSI(FAST_SCALP-SHORT),2,0.2,1.716,1.722,1.714,1.722,2026-07-05 22:17:59 UTC,2026-07-05 22:21:19 UTC,199.49,0.3432,0.0046,0.0,-0.0012,-0.11,-26.22,STOP_LOSS_HIT,0.0916
403,TRUMP_USDT,SHORT,StochasticRSI(FAST_SCALP-SHORT),2,0.2,1.718,1.716,1.716,1.724,2026-07-05 22:23:59 UTC,2026-07-05 22:25:04 UTC,64.86,0.3436,0.0046,0.0,0.0004,0.04,8.73,MIN_PROFIT_TP_HIT,0.092
404,TRUMP_USDT,SHORT,StochasticRSI(FAST_SCALP-SHORT),2,0.2,1.714,1.712,1.712,1.72,2026-07-05 22:49:59 UTC,2026-07-05 22:51:02 UTC,62.47,0.3428,0.0046,0.0,0.0004,0.04,8.75,MIN_PROFIT_TP_HIT,0.0924
405,TRUMP_USDT,SHORT,StochasticRSI(FAST_SCALP-SHORT),2,0.2,1.715,1.713,1.713,1.721,2026-07-05 23:01:59 UTC,2026-07-05 23:09:34 UTC,454.15,0.343,0.0046,0.0,0.0004,0.04,8.75,MIN_PROFIT_TP_HIT,0.0928
406,TRUMP_USDT,SHORT,StochasticRSI(FAST_SCALP-SHORT),2,0.2,1.716,1.714,1.714,1.722,2026-07-05 23:17:59 UTC,2026-07-05 23:22:49 UTC,289.07,0.3432,0.0046,0.0,0.0004,0.04,8.74,MIN_PROFIT_TP_HIT,0.0932
407,TRUMP_USDT,SHORT,StochasticRSI(FAST_SCALP-SHORT),2,0.2,1.709,1.707,1.707,1.715,2026-07-05 23:46:59 UTC,2026-07-05 23:47:19 UTC,19.36,0.3418,0.0046,0.0,0.0004,0.04,8.78,MIN_PROFIT_TP_HIT,0.0936
408,TRUMP_USDT,SHORT,StochasticRSI(FAST_SCALP-SHORT),2,0.2,1.696,1.694,1.694,1.702,2026-07-06 00:18:59 UTC,2026-07-06 00:19:36 UTC,36.81,0.3392,0.0045,0.0,0.0004,0.04,8.84,MIN_PROFIT_TP_HIT,0.094
409,TRUMP_USDT,SHORT,StochasticRSI(FAST_SCALP-SHORT),2,0.2,1.694,1.7,1.692,1.7,2026-07-06 00:42:59 UTC,2026-07-06 00:45:06 UTC,126.16,0.3388,0.0045,0.0,-0.0012,-0.11,-26.56,STOP_LOSS_HIT,0.0928
410,TRUMP_USDT,SHORT,StochasticRSI(FAST_SCALP-SHORT),2,0.2,1.699,1.697,1.697,1.705,2026-07-06 00:47:59 UTC,2026-07-06 00:55:37 UTC,457.8,0.3398,0.0045,0.0,0.0004,0.04,8.83,MIN_PROFIT_TP_HIT,0.0932
411,TRUMP_USDT,SHORT,StochasticRSI(FAST_SCALP-SHORT),2,0.2,1.699,1.697,1.697,1.705,2026-07-06 01:04:59 UTC,2026-07-06 01:07:10 UTC,130.75,0.3398,0.0045,0.0,0.0004,0.04,8.83,MIN_PROFIT_TP_HIT,0.0936
412,TRUMP_USDT,SHORT,StochasticRSI(FAST_SCALP-SHORT),2,0.2,1.702,1.7,1.7,1.708,2026-07-06 01:35:59 UTC,2026-07-06 01:38:11 UTC,131.16,0.3404,0.0045,0.0,0.0004,0.04,8.81,MIN_PROFIT_TP_HIT,0.094
413,TRUMP_USDT,SHORT,StochasticRSI(FAST_SCALP-SHORT),2,0.2,1.692,1.69,1.69,1.698,2026-07-06 02:03:59 UTC,2026-07-06 02:04:32 UTC,32.85,0.3384,0.0045,0.0,0.0004,0.04,8.87,MIN_PROFIT_TP_HIT,0.0944
414,TRUMP_USDT,SHORT,StochasticRSI(FAST_SCALP-SHORT),2,0.2,1.688,1.686,1.686,1.694,2026-07-06 02:28:59 UTC,2026-07-06 02:30:03 UTC,63.86,0.3376,0.0045,0.0,0.0004,0.04,8.89,MIN_PROFIT_TP_HIT,0.0948
415,TRUMP_USDT,SHORT,StochasticRSI(FAST_SCALP-SHORT),2,0.2,1.683,1.681,1.681,1.689,2026-07-06 02:41:59 UTC,2026-07-06 02:48:46 UTC,406.98,0.3366,0.0045,0.0,0.0004,0.04,8.91,MIN_PROFIT_TP_HIT,0.0952
416,TRUMP_USDT,SHORT,StochasticRSI(FAST_SCALP-SHORT),2,0.2,1.684,1.682,1.682,1.69,2026-07-06 02:57:59 UTC,2026-07-06 03:01:07 UTC,187.71,0.3368,0.0045,0.0,0.0004,0.04,8.91,MIN_PROFIT_TP_HIT,0.0956
417,TRUMP_USDT,SHORT,StochasticRSI(FAST_SCALP-SHORT),2,0.2,1.684,1.682,1.682,1.69,2026-07-06 03:14:59 UTC,2026-07-06 03:22:11 UTC,431.16,0.3368,0.0045,0.0,0.0004,0.04,8.91,MIN_PROFIT_TP_HIT,0.096
418,TRUMP_USDT,SHORT,StochasticRSI(FAST_SCALP-SHORT),2,0.2,1.66,1.666,1.658,1.666,2026-07-06 03:31:59 UTC,2026-07-06 03:32:45 UTC,45.04,0.332,0.0044,0.0,-0.0012,-0.11,-27.11,STOP_LOSS_HIT,0.0948
419,TRUMP_USDT,SHORT,StochasticRSI(FAST_SCALP-SHORT),2,0.2,1.67,1.668,1.668,1.676,2026-07-06 03:41:59 UTC,2026-07-06 03:43:07 UTC,67.31,0.334,0.0045,0.0,0.0004,0.04,8.98,MIN_PROFIT_TP_HIT,0.0952
420,TRUMP_USDT,SHORT,StochasticRSI(FAST_SCALP-SHORT),2,0.2,1.667,1.665,1.665,1.673,2026-07-06 03:55:59 UTC,2026-07-06 04:07:56 UTC,716.55,0.3334,0.0044,0.0,0.0004,0.04,9.0,MIN_PROFIT_TP_HIT,0.0956
421,TRUMP_USDT,SHORT,StochasticRSI(FAST_SCALP-SHORT),2,0.2,1.671,1.669,1.669,1.677,2026-07-06 04:16:59 UTC,2026-07-06 04:25:01 UTC,481.74,0.3342,0.0045,0.0,0.0004,0.04,8.98,MIN_PROFIT_TP_HIT,0.096
422,TRUMP_USDT,SHORT,StochasticRSI(FAST_SCALP-SHORT),2,0.2,1.672,1.67,1.67,1.678,2026-07-06 04:34:59 UTC,2026-07-06 04:36:45 UTC,105.93,0.3344,0.0045,0.0,0.0004,0.04,8.97,MIN_PROFIT_TP_HIT,0.0964
423,TRUMP_USDT,SHORT,StochasticRSI(FAST_SCALP-SHORT),2,0.2,1.67,1.676,1.668,1.676,2026-07-06 04:37:59 UTC,2026-07-06 04:53:35 UTC,935.97,0.334,0.0045,0.0,-0.0012,-0.11,-26.95,STOP_LOSS_HIT,0.0952
424,TRUMP_USDT,SHORT,StochasticRSI(FAST_SCALP-SHORT),2,0.2,1.676,1.674,1.674,1.682,2026-07-06 04:56:59 UTC,2026-07-06 04:57:41 UTC,41.05,0.3352,0.0045,0.0,0.0004,0.04,8.95,MIN_PROFIT_TP_HIT,0.0956
425,TRUMP_USDT,SHORT,StochasticRSI(FAST_SCALP-SHORT),2,0.2,1.663,1.661,1.661,1.669,2026-07-06 05:16:59 UTC,2026-07-06 05:18:05 UTC,65.68,0.3326,0.0044,0.0,0.0004,0.04,9.02,MIN_PROFIT_TP_HIT,0.096
426,TRUMP_USDT,SHORT,StochasticRSI(FAST_SCALP-SHORT),2,0.2,1.661,1.659,1.659,1.667,2026-07-06 05:20:59 UTC,2026-07-06 05:21:47 UTC,47.35,0.3322,0.0044,0.0,0.0004,0.04,9.03,MIN_PROFIT_TP_HIT,0.0964
427,TRUMP_USDT,SHORT,StochasticRSI(FAST_SCALP-SHORT),2,0.2,1.662,1.66,1.66,1.668,2026-07-06 05:39:59 UTC,2026-07-06 06:17:54 UTC,2274.2,0.3324,0.0044,0.0,0.0004,0.04,9.03,MIN_PROFIT_TP_HIT,0.0968
428,TRUMP_USDT,SHORT,StochasticRSI(FAST_SCALP-SHORT),2,0.2,1.663,1.661,1.661,1.669,2026-07-06 06:26:59 UTC,2026-07-06 06:27:03 UTC,3.34,0.3326,0.0044,0.0,0.0004,0.04,9.02,MIN_PROFIT_TP_HIT,0.0972
429,TRUMP_USDT,SHORT,StochasticRSI(FAST_SCALP-SHORT),2,0.2,1.662,1.66,1.66,1.668,2026-07-06 06:31:59 UTC,2026-07-06 06:34:55 UTC,175.93,0.3324,0.0044,0.0,0.0004,0.04,9.03,MIN_PROFIT_TP_HIT,0.0976
430,TRUMP_USDT,SHORT,StochasticRSI(FAST_SCALP-SHORT),2,0.2,1.664,1.662,1.662,1.67,2026-07-06 07:08:59 UTC,2026-07-06 07:11:02 UTC,122.83,0.3328,0.0044,0.0,0.0004,0.04,9.01,MIN_PROFIT_TP_HIT,0.098
431,TRUMP_USDT,SHORT,StochasticRSI(FAST_SCALP-SHORT),2,0.2,1.664,1.662,1.662,1.67,2026-07-06 07:26:59 UTC,2026-07-06 07:27:18 UTC,18.4,0.3328,0.0044,0.0,0.0004,0.04,9.01,MIN_PROFIT_TP_HIT,0.0984
432,TRUMP_USDT,SHORT,StochasticRSI(FAST_SCALP-SHORT),2,0.2,1.672,1.67,1.67,1.678,2026-07-06 07:52:59 UTC,2026-07-06 07:53:07 UTC,7.52,0.3344,0.0045,0.0,0.0004,0.04,8.97,MIN_PROFIT_TP_HIT,0.0988
433,TRUMP_USDT,SHORT,StochasticRSI(FAST_SCALP-SHORT),2,0.2,1.669,1.667,1.667,1.675,2026-07-06 08:09:59 UTC,2026-07-06 08:10:40 UTC,40.74,0.3338,0.0045,0.0,0.0004,0.04,8.99,MIN_PROFIT_TP_HIT,0.0992
434,TRUMP_USDT,SHORT,StochasticRSI(FAST_SCALP-SHORT),2,0.2,1.666,1.664,1.664,1.672,2026-07-06 08:31:59 UTC,2026-07-06 08:32:01 UTC,1.27,0.3332,0.0044,0.0,0.0004,0.04,9.0,MIN_PROFIT_TP_HIT,0.0996
435,TRUMP_USDT,SHORT,StochasticRSI(FAST_SCALP-SHORT),2,0.2,1.663,1.661,1.661,1.669,2026-07-06 08:50:59 UTC,2026-07-06 08:51:34 UTC,34.94,0.3326,0.0044,0.0,0.0004,0.04,9.02,MIN_PROFIT_TP_HIT,0.1
436,TRUMP_USDT,SHORT,StochasticRSI(FAST_SCALP-SHORT),2,0.2,1.663,1.661,1.661,1.669,2026-07-06 09:01:59 UTC,2026-07-06 09:11:03 UTC,543.23,0.3326,0.0044,0.0,0.0004,0.04,9.02,MIN_PROFIT_TP_HIT,0.1004
437,TRUMP_USDT,SHORT,StochasticRSI(FAST_SCALP-SHORT),2,0.2,1.665,1.663,1.663,1.671,2026-07-06 09:33:59 UTC,2026-07-06 09:36:36 UTC,156.13,0.333,0.0044,0.0,0.0004,0.04,9.01,MIN_PROFIT_TP_HIT,0.1008
438,TRUMP_USDT,SHORT,StochasticRSI(FAST_SCALP-SHORT),2,0.2,1.665,1.663,1.663,1.671,2026-07-06 09:47:59 UTC,2026-07-06 09:49:22 UTC,82.44,0.333,0.0044,0.0,0.0004,0.04,9.01,MIN_PROFIT_TP_HIT,0.1012
439,TRUMP_USDT,SHORT,StochasticRSI(FAST_SCALP-SHORT),2,0.2,1.665,1.671,1.663,1.671,2026-07-06 10:17:59 UTC,2026-07-06 10:36:53 UTC,1133.82,0.333,0.0044,0.0,-0.0012,-0.11,-27.03,STOP_LOSS_HIT,0.1
440,TRUMP_USDT,SHORT,StochasticRSI(FAST_SCALP-SHORT),2,0.2,1.674,1.672,1.672,1.68,2026-07-06 10:39:59 UTC,2026-07-06 10:40:09 UTC,9.29,0.3348,0.0045,0.0,0.0004,0.04,8.96,MIN_PROFIT_TP_HIT,0.1004
441,TRUMP_USDT,SHORT,StochasticRSI(FAST_SCALP-SHORT),2,0.2,1.668,1.666,1.666,1.674,2026-07-06 11:02:59 UTC,2026-07-06 11:13:57 UTC,657.39,0.3336,0.0044,0.0,0.0004,0.04,8.99,MIN_PROFIT_TP_HIT,0.1008
442,TRUMP_USDT,SHORT,StochasticRSI(FAST_SCALP-SHORT),2,0.2,1.672,1.67,1.67,1.678,2026-07-06 11:25:59 UTC,2026-07-06 11:26:02 UTC,2.52,0.3344,0.0045,0.0,0.0004,0.04,8.97,MIN_PROFIT_TP_HIT,0.1012
443,TRUMP_USDT,SHORT,StochasticRSI(FAST_SCALP-SHORT),2,0.2,1.675,1.673,1.673,1.681,2026-07-06 11:36:59 UTC,2026-07-06 11:42:08 UTC,308.16,0.335,0.0045,0.0,0.0004,0.04,8.96,MIN_PROFIT_TP_HIT,0.1016
444,TRUMP_USDT,SHORT,StochasticRSI(FAST_SCALP-SHORT),2,0.2,1.674,1.672,1.672,1.68,2026-07-06 11:47:59 UTC,2026-07-06 11:50:24 UTC,144.75,0.3348,0.0045,0.0,0.0004,0.04,8.96,MIN_PROFIT_TP_HIT,0.102
445,TRUMP_USDT,SHORT,StochasticRSI(FAST_SCALP-SHORT),2,0.2,1.645,1.65,1.643,1.65,2026-07-06 12:14:59 UTC,2026-07-06 12:17:52 UTC,172.84,0.329,0.0044,0.0,-0.001,-0.09,-22.8,STOP_LOSS_HIT,0.101
446,TRUMP_USDT,SHORT,StochasticRSI(FAST_SCALP-SHORT),2,0.2,1.649,1.647,1.647,1.654,2026-07-06 12:21:59 UTC,2026-07-06 12:22:26 UTC,26.59,0.3298,0.0044,0.0,0.0004,0.04,9.1,MIN_PROFIT_TP_HIT,0.1014
447,TRUMP_USDT,SHORT,StochasticRSI(FAST_SCALP-SHORT),2,0.2,1.655,1.653,1.653,1.661,2026-07-06 12:34:59 UTC,2026-07-06 12:36:16 UTC,76.91,0.331,0.0044,0.0,0.0004,0.04,9.06,MIN_PROFIT_TP_HIT,0.1018
448,TRUMP_USDT,SHORT,StochasticRSI(FAST_SCALP-SHORT),2,0.2,1.639,1.637,1.637,1.644,2026-07-06 12:56:59 UTC,2026-07-06 12:57:43 UTC,43.95,0.3278,0.0044,0.0,0.0004,0.04,9.15,MIN_PROFIT_TP_HIT,0.1022
449,TRUMP_USDT,SHORT,StochasticRSI(FAST_SCALP-SHORT),2,0.2,1.632,1.63,1.63,1.637,2026-07-06 13:12:59 UTC,2026-07-06 13:14:15 UTC,75.83,0.3264,0.0044,0.0,0.0004,0.04,9.19,MIN_PROFIT_TP_HIT,0.1026
450,TRUMP_USDT,SHORT,StochasticRSI(FAST_SCALP-SHORT),2,0.2,1.634,1.632,1.632,1.639,2026-07-06 13:26:59 UTC,2026-07-06 13:27:12 UTC,12.18,0.3268,0.0044,0.0,0.0004,0.04,9.18,MIN_PROFIT_TP_HIT,0.103
451,TRUMP_USDT,SHORT,StochasticRSI(FAST_SCALP-SHORT),2,0.2,1.636,1.634,1.634,1.641,2026-07-06 13:37:59 UTC,2026-07-06 13:38:27 UTC,27.51,0.3272,0.0044,0.0,0.0004,0.04,9.17,MIN_PROFIT_TP_HIT,0.1034
452,TRUMP_USDT,SHORT,StochasticRSI(FAST_SCALP-SHORT),2,0.2,1.649,1.654,1.647,1.654,2026-07-06 13:48:59 UTC,2026-07-06 13:51:23 UTC,143.63,0.3298,0.0044,0.0,-0.001,-0.09,-22.74,STOP_LOSS_HIT,0.1024
453,TRUMP_USDT,SHORT,StochasticRSI(FAST_SCALP-SHORT),2,0.2,1.648,1.646,1.646,1.653,2026-07-06 13:52:59 UTC,2026-07-06 13:57:06 UTC,246.33,0.3296,0.0044,0.0,0.0004,0.04,9.1,MIN_PROFIT_TP_HIT,0.1028
454,TRUMP_USDT,SHORT,StochasticRSI(FAST_SCALP-SHORT),2,0.2,1.645,1.65,1.643,1.65,2026-07-06 14:18:59 UTC,2026-07-06 14:23:04 UTC,244.79,0.329,0.0044,0.0,-0.001,-0.09,-22.8,STOP_LOSS_HIT,0.1018
455,TRUMP_USDT,SHORT,StochasticRSI(FAST_SCALP-SHORT),2,0.2,1.641,1.639,1.639,1.646,2026-07-06 14:57:59 UTC,2026-07-06 14:58:17 UTC,17.3,0.3282,0.0044,0.0,0.0004,0.04,9.14,MIN_PROFIT_TP_HIT,0.1022
456,TRUMP_USDT,SHORT,StochasticRSI(FAST_SCALP-SHORT),2,0.2,1.638,1.636,1.636,1.643,2026-07-06 14:59:59 UTC,2026-07-06 15:01:02 UTC,62.66,0.3276,0.0044,0.0,0.0004,0.04,9.16,MIN_PROFIT_TP_HIT,0.1026
457,TRUMP_USDT,SHORT,StochasticRSI(FAST_SCALP-SHORT),2,0.2,1.646,1.651,1.644,1.651,2026-07-06 15:08:59 UTC,2026-07-06 15:09:14 UTC,14.08,0.3292,0.0044,0.0,-0.001,-0.09,-22.78,STOP_LOSS_HIT,0.1016
458,TRUMP_USDT,SHORT,StochasticRSI(FAST_SCALP-SHORT),2,0.2,1.65,1.648,1.648,1.655,2026-07-06 15:16:59 UTC,2026-07-06 15:19:25 UTC,145.67,0.33,0.0044,0.0,0.0004,0.04,9.09,MIN_PROFIT_TP_HIT,0.102
459,TRUMP_USDT,SHORT,StochasticRSI(FAST_SCALP-SHORT),2,0.2,1.66,1.658,1.658,1.666,2026-07-06 15:31:59 UTC,2026-07-06 15:32:19 UTC,19.9,0.332,0.0044,0.0,0.0004,0.04,9.04,MIN_PROFIT_TP_HIT,0.1024
460,TRUMP_USDT,SHORT,StochasticRSI(FAST_SCALP-SHORT),2,0.2,1.673,1.671,1.671,1.679,2026-07-06 15:57:59 UTC,2026-07-06 15:58:08 UTC,8.91,0.3346,0.0045,0.0,0.0004,0.04,8.97,MIN_PROFIT_TP_HIT,0.1028
461,TRUMP_USDT,SHORT,StochasticRSI(FAST_SCALP-SHORT),2,0.2,1.671,1.669,1.669,1.677,2026-07-06 16:01:59 UTC,2026-07-06 16:03:57 UTC,117.03,0.3342,0.0045,0.0,0.0004,0.04,8.98,MIN_PROFIT_TP_HIT,0.1032
462,TRUMP_USDT,SHORT,StochasticRSI(FAST_SCALP-SHORT),2,0.2,1.686,1.684,1.684,1.692,2026-07-06 16:15:59 UTC,2026-07-06 16:16:05 UTC,5.66,0.3372,0.0045,0.0,0.0004,0.04,8.9,MIN_PROFIT_TP_HIT,0.1036
463,TRUMP_USDT,SHORT,StochasticRSI(FAST_SCALP-SHORT),2,0.2,1.676,1.682,1.674,1.682,2026-07-06 16:35:59 UTC,2026-07-06 16:37:14 UTC,74.5,0.3352,0.0045,0.0,-0.0012,-0.11,-26.85,STOP_LOSS_HIT,0.1024
464,TRUMP_USDT,SHORT,StochasticRSI(FAST_SCALP-SHORT),2,0.2,1.675,1.673,1.673,1.681,2026-07-06 16:39:59 UTC,2026-07-06 16:43:27 UTC,207.76,0.335,0.0045,0.0,0.0004,0.04,8.96,MIN_PROFIT_TP_HIT,0.1028
465,TRUMP_USDT,SHORT,StochasticRSI(FAST_SCALP-SHORT),2,0.2,1.68,1.678,1.678,1.686,2026-07-06 16:50:59 UTC,2026-07-06 16:53:06 UTC,126.04,0.336,0.0045,0.0,0.0004,0.04,8.93,MIN_PROFIT_TP_HIT,0.1032
466,TRUMP_USDT,SHORT,StochasticRSI(FAST_SCALP-SHORT),2,0.2,1.676,1.674,1.674,1.682,2026-07-06 17:19:59 UTC,2026-07-06 17:20:32 UTC,32.04,0.3352,0.0045,0.0,0.0004,0.04,8.95,MIN_PROFIT_TP_HIT,0.1036
467,TRUMP_USDT,SHORT,StochasticRSI(FAST_SCALP-SHORT),2,0.2,1.675,1.681,1.673,1.681,2026-07-06 17:22:59 UTC,2026-07-06 17:25:41 UTC,161.39,0.335,0.0045,0.0,-0.0012,-0.11,-26.87,STOP_LOSS_HIT,0.1024
468,TRUMP_USDT,SHORT,StochasticRSI(FAST_SCALP-SHORT),2,0.2,1.678,1.676,1.676,1.684,2026-07-06 17:30:59 UTC,2026-07-06 17:33:45 UTC,165.97,0.3356,0.0045,0.0,0.0004,0.04,8.94,MIN_PROFIT_TP_HIT,0.1028
469,TRUMP_USDT,SHORT,StochasticRSI(FAST_SCALP-SHORT),2,0.2,1.675,1.673,1.673,1.681,2026-07-06 17:46:59 UTC,2026-07-06 17:53:03 UTC,363.47,0.335,0.0045,0.0,0.0004,0.04,8.96,MIN_PROFIT_TP_HIT,0.1032
470,TRUMP_USDT,SHORT,StochasticRSI(FAST_SCALP-SHORT),2,0.2,1.671,1.669,1.669,1.677,2026-07-06 18:06:59 UTC,2026-07-06 18:10:10 UTC,190.04,0.3342,0.0045,0.0,0.0004,0.04,8.98,MIN_PROFIT_TP_HIT,0.1036
471,TRUMP_USDT,SHORT,StochasticRSI(FAST_SCALP-SHORT),2,0.2,1.677,1.675,1.675,1.683,2026-07-06 18:23:59 UTC,2026-07-06 18:29:15 UTC,315.25,0.3354,0.0045,0.0,0.0004,0.04,8.94,MIN_PROFIT_TP_HIT,0.104
472,TRUMP_USDT,SHORT,StochasticRSI(FAST_SCALP-SHORT),2,0.2,1.681,1.679,1.679,1.687,2026-07-06 18:39:59 UTC,2026-07-06 18:40:21 UTC,21.36,0.3362,0.0045,0.0,0.0004,0.04,8.92,MIN_PROFIT_TP_HIT,0.1044
473,TRUMP_USDT,SHORT,StochasticRSI(FAST_SCALP-SHORT),2,0.2,1.684,1.69,1.682,1.69,2026-07-06 19:18:59 UTC,2026-07-06 19:30:08 UTC,668.99,0.3368,0.0045,0.0,-0.0012,-0.11,-26.72,STOP_LOSS_HIT,0.1032
474,TRUMP_USDT,SHORT,StochasticRSI(FAST_SCALP-SHORT),2,0.2,1.694,1.692,1.692,1.7,2026-07-06 19:45:59 UTC,2026-07-06 19:46:44 UTC,44.78,0.3388,0.0045,0.0,0.0004,0.04,8.85,MIN_PROFIT_TP_HIT,0.1036
475,TRUMP_USDT,SHORT,StochasticRSI(FAST_SCALP-SHORT),2,0.2,1.689,1.695,1.687,1.695,2026-07-06 20:25:59 UTC,2026-07-06 20:52:53 UTC,1613.07,0.3378,0.0045,0.0,-0.0012,-0.11,-26.64,STOP_LOSS_HIT,0.1024
476,TRUMP_USDT,SHORT,StochasticRSI(FAST_SCALP-SHORT),2,0.2,1.69,1.688,1.688,1.696,2026-07-06 20:55:59 UTC,2026-07-06 20:57:33 UTC,93.81,0.338,0.0045,0.0,0.0004,0.04,8.88,MIN_PROFIT_TP_HIT,0.1028
477,TRUMP_USDT,SHORT,StochasticRSI(FAST_SCALP-SHORT),2,0.2,1.71,1.708,1.708,1.716,2026-07-06 21:12:59 UTC,2026-07-06 21:13:06 UTC,6.68,0.342,0.0046,0.0,0.0004,0.04,8.77,MIN_PROFIT_TP_HIT,0.1032
478,TRUMP_USDT,SHORT,StochasticRSI(FAST_SCALP-SHORT),2,0.2,1.715,1.713,1.713,1.721,2026-07-06 21:31:59 UTC,2026-07-06 21:32:30 UTC,30.56,0.343,0.0046,0.0,0.0004,0.04,8.75,MIN_PROFIT_TP_HIT,0.1036
479,TRUMP_USDT,SHORT,StochasticRSI(FAST_SCALP-SHORT),2,0.2,1.713,1.711,1.711,1.719,2026-07-06 21:35:59 UTC,2026-07-06 21:36:53 UTC,53.22,0.3426,0.0046,0.0,0.0004,0.04,8.76,MIN_PROFIT_TP_HIT,0.104
480,TRUMP_USDT,SHORT,StochasticRSI(FAST_SCALP-SHORT),2,0.2,1.714,1.712,1.712,1.72,2026-07-06 21:47:59 UTC,2026-07-06 21:49:22 UTC,82.89,0.3428,0.0046,0.0,0.0004,0.04,8.75,MIN_PROFIT_TP_HIT,0.1044
481,TRUMP_USDT,SHORT,StochasticRSI(FAST_SCALP-SHORT),2,0.2,1.72,1.718,1.718,1.726,2026-07-06 21:54:59 UTC,2026-07-06 21:55:09 UTC,9.29,0.344,0.0046,0.0,0.0004,0.04,8.72,MIN_PROFIT_TP_HIT,0.1048
482,TRUMP_USDT,SHORT,StochasticRSI(FAST_SCALP-SHORT),2,0.2,1.702,1.7,1.7,1.708,2026-07-06 22:20:59 UTC,2026-07-06 22:27:42 UTC,402.1,0.3404,0.0045,0.0,0.0004,0.04,8.81,MIN_PROFIT_TP_HIT,0.1052
483,TRUMP_USDT,SHORT,StochasticRSI(FAST_SCALP-SHORT),2,0.2,1.704,1.702,1.702,1.71,2026-07-06 22:31:59 UTC,2026-07-06 22:35:52 UTC,232.79,0.3408,0.0045,0.0,0.0004,0.04,8.8,MIN_PROFIT_TP_HIT,0.1056
484,TRUMP_USDT,SHORT,StochasticRSI(FAST_SCALP-SHORT),2,0.2,1.705,1.703,1.703,1.711,2026-07-06 22:44:59 UTC,2026-07-06 22:45:17 UTC,17.13,0.341,0.0045,0.0,0.0004,0.04,8.8,MIN_PROFIT_TP_HIT,0.106
485,TRUMP_USDT,SHORT,StochasticRSI(FAST_SCALP-SHORT),2,0.2,1.705,1.703,1.703,1.711,2026-07-06 23:08:59 UTC,2026-07-06 23:09:29 UTC,29.46,0.341,0.0045,0.0,0.0004,0.04,8.8,MIN_PROFIT_TP_HIT,0.1064
486,TRUMP_USDT,SHORT,StochasticRSI(FAST_SCALP-SHORT),2,0.2,1.698,1.696,1.696,1.704,2026-07-06 23:25:59 UTC,2026-07-06 23:41:08 UTC,908.04,0.3396,0.0045,0.0,0.0004,0.04,8.83,MIN_PROFIT_TP_HIT,0.1068
487,TRUMP_USDT,SHORT,StochasticRSI(FAST_SCALP-SHORT),2,0.2,1.694,1.692,1.692,1.7,2026-07-07 00:03:59 UTC,2026-07-07 00:04:38 UTC,38.12,0.3388,0.0045,0.0,0.0004,0.04,8.85,MIN_PROFIT_TP_HIT,0.1072
488,TRUMP_USDT,SHORT,StochasticRSI(FAST_SCALP-SHORT),2,0.2,1.703,1.709,1.701,1.709,2026-07-07 00:23:59 UTC,2026-07-07 00:31:19 UTC,439.54,0.3406,0.0045,0.0,-0.0012,-0.11,-26.42,STOP_LOSS_HIT,0.106
489,TRUMP_USDT,SHORT,StochasticRSI(FAST_SCALP-SHORT),2,0.2,1.707,1.705,1.705,1.713,2026-07-07 00:58:59 UTC,2026-07-07 00:59:20 UTC,20.78,0.3414,0.0046,0.0,0.0004,0.04,8.79,MIN_PROFIT_TP_HIT,0.1064
490,TRUMP_USDT,SHORT,StochasticRSI(FAST_SCALP-SHORT),2,0.2,1.69,1.688,1.688,1.696,2026-07-07 01:14:59 UTC,2026-07-07 01:15:46 UTC,46.56,0.338,0.0045,0.0,0.0004,0.04,8.88,MIN_PROFIT_TP_HIT,0.1068
491,TRUMP_USDT,SHORT,StochasticRSI(FAST_SCALP-SHORT),2,0.2,1.688,1.686,1.686,1.694,2026-07-07 01:16:59 UTC,2026-07-07 01:18:29 UTC,89.97,0.3376,0.0045,0.0,0.0004,0.04,8.89,MIN_PROFIT_TP_HIT,0.1072
492,TRUMP_USDT,SHORT,StochasticRSI(FAST_SCALP-SHORT),2,0.2,1.682,1.688,1.68,1.688,2026-07-07 01:37:59 UTC,2026-07-07 01:45:02 UTC,422.68,0.3364,0.0045,0.0,-0.0012,-0.11,-26.75,STOP_LOSS_HIT,0.106
493,TRUMP_USDT,SHORT,StochasticRSI(FAST_SCALP-SHORT),2,0.2,1.687,1.685,1.685,1.693,2026-07-07 01:50:59 UTC,2026-07-07 01:59:08 UTC,488.78,0.3374,0.0045,0.0,0.0004,0.04,8.89,MIN_PROFIT_TP_HIT,0.1064
494,TRUMP_USDT,SHORT,StochasticRSI(FAST_SCALP-SHORT),2,0.2,1.684,1.682,1.682,1.69,2026-07-07 02:18:59 UTC,2026-07-07 02:22:50 UTC,230.03,0.3368,0.0045,0.0,0.0004,0.04,8.91,MIN_PROFIT_TP_HIT,0.1068
495,TRUMP_USDT,SHORT,StochasticRSI(FAST_SCALP-SHORT),2,0.2,1.671,1.669,1.669,1.677,2026-07-07 02:46:59 UTC,2026-07-07 02:47:36 UTC,36.13,0.3342,0.0045,0.0,0.0004,0.04,8.98,MIN_PROFIT_TP_HIT,0.1072
496,TRUMP_USDT,SHORT,StochasticRSI(FAST_SCALP-SHORT),2,0.2,1.667,1.665,1.665,1.673,2026-07-07 03:02:59 UTC,2026-07-07 03:03:51 UTC,51.69,0.3334,0.0044,0.0,0.0004,0.04,9.0,MIN_PROFIT_TP_HIT,0.1076
497,TRUMP_USDT,SHORT,StochasticRSI(FAST_SCALP-SHORT),2,0.2,1.665,1.663,1.663,1.671,2026-07-07 03:11:59 UTC,2026-07-07 03:15:03 UTC,183.99,0.333,0.0044,0.0,0.0004,0.04,9.01,MIN_PROFIT_TP_HIT,0.108
498,TRUMP_USDT,SHORT,StochasticRSI(FAST_SCALP-SHORT),2,0.2,1.664,1.662,1.662,1.67,2026-07-07 03:41:59 UTC,2026-07-07 03:42:08 UTC,8.18,0.3328,0.0044,0.0,0.0004,0.04,9.01,MIN_PROFIT_TP_HIT,0.1084
499,TRUMP_USDT,SHORT,StochasticRSI(FAST_SCALP-SHORT),2,0.2,1.661,1.667,1.659,1.667,2026-07-07 03:43:59 UTC,2026-07-07 04:00:38 UTC,998.97,0.3322,0.0044,0.0,-0.0012,-0.11,-27.09,STOP_LOSS_HIT,0.1072
500,TRUMP_USDT,SHORT,StochasticRSI(FAST_SCALP-SHORT),2,0.2,1.663,1.669,1.661,1.669,2026-07-07 04:02:59 UTC,2026-07-07 04:09:08 UTC,368.42,0.3326,0.0044,0.0,-0.0012,-0.11,-27.06,STOP_LOSS_HIT,0.106
501,TRUMP_USDT,SHORT,StochasticRSI(FAST_SCALP-SHORT),2,0.2,1.666,1.672,1.664,1.672,2026-07-07 04:11:59 UTC,2026-07-07 04:28:01 UTC,961.85,0.3332,0.0044,0.0,-0.0012,-0.11,-27.01,STOP_LOSS_HIT,0.1048
502,TRUMP_USDT,SHORT,StochasticRSI(FAST_SCALP-SHORT),2,0.2,1.674,1.672,1.672,1.68,2026-07-07 04:31:59 UTC,2026-07-07 04:32:55 UTC,55.6,0.3348,0.0045,0.0,0.0004,0.04,8.96,MIN_PROFIT_TP_HIT,0.1052
503,TRUMP_USDT,SHORT,StochasticRSI(FAST_SCALP-SHORT),2,0.2,1.668,1.666,1.666,1.674,2026-07-07 04:56:59 UTC,2026-07-07 05:13:26 UTC,986.83,0.3336,0.0044,0.0,0.0004,0.04,8.99,MIN_PROFIT_TP_HIT,0.1056
504,TRUMP_USDT,SHORT,StochasticRSI(FAST_SCALP-SHORT),2,0.2,1.661,1.667,1.659,1.667,2026-07-07 05:27:59 UTC,2026-07-07 05:30:48 UTC,168.21,0.3322,0.0044,0.0,-0.0012,-0.11,-27.09,STOP_LOSS_HIT,0.1044
505,TRUMP_USDT,SHORT,StochasticRSI(FAST_SCALP-SHORT),2,0.2,1.674,1.672,1.672,1.68,2026-07-07 05:37:59 UTC,2026-07-07 05:39:00 UTC,60.76,0.3348,0.0045,0.0,0.0004,0.04,8.96,MIN_PROFIT_TP_HIT,0.1048
506,TRUMP_USDT,SHORT,StochasticRSI(FAST_SCALP-SHORT),2,0.2,1.667,1.673,1.665,1.673,2026-07-07 06:32:59 UTC,2026-07-07 06:37:39 UTC,279.75,0.3334,0.0044,0.0,-0.0012,-0.11,-26.99,STOP_LOSS_HIT,0.1036
507,TRUMP_USDT,SHORT,StochasticRSI(FAST_SCALP-SHORT),2,0.2,1.67,1.668,1.668,1.676,2026-07-07 06:43:59 UTC,2026-07-07 06:58:57 UTC,897.22,0.334,0.0045,0.0,0.0004,0.04,8.98,MIN_PROFIT_TP_HIT,0.104
508,TRUMP_USDT,SHORT,StochasticRSI(FAST_SCALP-SHORT),2,0.2,1.652,1.65,1.65,1.658,2026-07-07 07:44:59 UTC,2026-07-07 07:46:41 UTC,101.9,0.3304,0.0044,0.0,0.0004,0.04,9.08,MIN_PROFIT_TP_HIT,0.1044
509,TRUMP_USDT,SHORT,StochasticRSI(FAST_SCALP-SHORT),2,0.2,1.652,1.65,1.65,1.658,2026-07-07 07:47:59 UTC,2026-07-07 07:52:32 UTC,272.69,0.3304,0.0044,0.0,0.0004,0.04,9.08,MIN_PROFIT_TP_HIT,0.1048
510,TRUMP_USDT,SHORT,StochasticRSI(FAST_SCALP-SHORT),2,0.2,1.65,1.648,1.648,1.655,2026-07-07 08:14:59 UTC,2026-07-07 08:16:33 UTC,93.23,0.33,0.0044,0.0,0.0004,0.04,9.09,MIN_PROFIT_TP_HIT,0.1052
511,TRUMP_USDT,SHORT,StochasticRSI(FAST_SCALP-SHORT),2,0.2,1.655,1.653,1.653,1.661,2026-07-07 08:23:59 UTC,2026-07-07 08:26:41 UTC,161.58,0.331,0.0044,0.0,0.0004,0.04,9.06,MIN_PROFIT_TP_HIT,0.1056
512,TRUMP_USDT,SHORT,StochasticRSI(FAST_SCALP-SHORT),2,0.2,1.655,1.653,1.653,1.661,2026-07-07 08:27:59 UTC,2026-07-07 08:28:03 UTC,3.17,0.331,0.0044,0.0,0.0004,0.04,9.06,MIN_PROFIT_TP_HIT,0.106
513,TRUMP_USDT,SHORT,StochasticRSI(FAST_SCALP-SHORT),2,0.2,1.656,1.662,1.654,1.662,2026-07-07 08:44:59 UTC,2026-07-07 09:08:15 UTC,1395.83,0.3312,0.0044,0.0,-0.0012,-0.11,-27.17,STOP_LOSS_HIT,0.1048
514,TRUMP_USDT,SHORT,StochasticRSI(FAST_SCALP-SHORT),2,0.2,1.662,1.66,1.66,1.668,2026-07-07 09:10:59 UTC,2026-07-07 09:12:42 UTC,102.38,0.3324,0.0044,0.0,0.0004,0.04,9.03,MIN_PROFIT_TP_HIT,0.1052
515,TRUMP_USDT,SHORT,StochasticRSI(FAST_SCALP-SHORT),2,0.2,1.661,1.659,1.659,1.667,2026-07-07 09:41:59 UTC,2026-07-07 09:47:04 UTC,304.07,0.3322,0.0044,0.0,0.0004,0.04,9.03,MIN_PROFIT_TP_HIT,0.1056
516,TRUMP_USDT,SHORT,StochasticRSI(FAST_SCALP-SHORT),2,0.2,1.663,1.661,1.661,1.669,2026-07-07 09:55:59 UTC,2026-07-07 09:56:27 UTC,27.15,0.3326,0.0044,0.0,0.0004,0.04,9.02,MIN_PROFIT_TP_HIT,0.106
517,TRUMP_USDT,SHORT,StochasticRSI(FAST_SCALP-SHORT),2,0.2,1.666,1.664,1.664,1.672,2026-07-07 10:07:59 UTC,2026-07-07 10:10:30 UTC,150.91,0.3332,0.0044,0.0,0.0004,0.04,9.0,MIN_PROFIT_TP_HIT,0.1064
518,TRUMP_USDT,SHORT,StochasticRSI(FAST_SCALP-SHORT),2,0.2,1.663,1.661,1.661,1.669,2026-07-07 10:31:59 UTC,2026-07-07 10:52:05 UTC,1205.84,0.3326,0.0044,0.0,0.0004,0.04,9.02,MIN_PROFIT_TP_HIT,0.1068
519,TRUMP_USDT,SHORT,StochasticRSI(FAST_SCALP-SHORT),2,0.2,1.663,1.661,1.661,1.669,2026-07-07 11:02:59 UTC,2026-07-07 11:04:17 UTC,77.38,0.3326,0.0044,0.0,0.0004,0.04,9.02,MIN_PROFIT_TP_HIT,0.1072
520,TRUMP_USDT,SHORT,StochasticRSI(FAST_SCALP-SHORT),2,0.2,1.66,1.666,1.658,1.666,2026-07-07 11:41:59 UTC,2026-07-07 11:58:00 UTC,960.36,0.332,0.0044,0.0,-0.0012,-0.11,-27.11,STOP_LOSS_HIT,0.106
521,TRUMP_USDT,SHORT,StochasticRSI(FAST_SCALP-SHORT),2,0.2,1.667,1.673,1.665,1.673,2026-07-07 12:02:59 UTC,2026-07-07 12:08:08 UTC,308.32,0.3334,0.0044,0.0,-0.0012,-0.11,-26.99,STOP_LOSS_HIT,0.1048
522,TRUMP_USDT,SHORT,StochasticRSI(FAST_SCALP-SHORT),2,0.2,1.671,1.669,1.669,1.677,2026-07-07 12:09:59 UTC,2026-07-07 12:10:19 UTC,19.81,0.3342,0.0045,0.0,0.0004,0.04,8.98,MIN_PROFIT_TP_HIT,0.1052
523,TRUMP_USDT,SHORT,StochasticRSI(FAST_SCALP-SHORT),2,0.2,1.665,1.663,1.663,1.671,2026-07-07 12:32:59 UTC,2026-07-07 12:34:08 UTC,68.38,0.333,0.0044,0.0,0.0004,0.04,9.01,MIN_PROFIT_TP_HIT,0.1056
524,TRUMP_USDT,SHORT,StochasticRSI(FAST_SCALP-SHORT),2,0.2,1.661,1.659,1.659,1.667,2026-07-07 12:46:59 UTC,2026-07-07 12:47:48 UTC,48.98,0.3322,0.0044,0.0,0.0004,0.04,9.03,MIN_PROFIT_TP_HIT,0.106
525,TRUMP_USDT,SHORT,StochasticRSI(FAST_SCALP-SHORT),2,0.2,1.661,1.659,1.659,1.667,2026-07-07 12:57:59 UTC,2026-07-07 12:58:25 UTC,25.88,0.3322,0.0044,0.0,0.0004,0.04,9.03,MIN_PROFIT_TP_HIT,0.1064
526,TRUMP_USDT,SHORT,StochasticRSI(FAST_SCALP-SHORT),2,0.2,1.652,1.65,1.65,1.658,2026-07-07 13:16:59 UTC,2026-07-07 13:18:09 UTC,69.63,0.3304,0.0044,0.0,0.0004,0.04,9.08,MIN_PROFIT_TP_HIT,0.1068
527,TRUMP_USDT,SHORT,StochasticRSI(FAST_SCALP-SHORT),2,0.2,1.648,1.646,1.646,1.653,2026-07-07 13:34:59 UTC,2026-07-07 13:35:11 UTC,11.12,0.3296,0.0044,0.0,0.0004,0.04,9.1,MIN_PROFIT_TP_HIT,0.1072
528,TRUMP_USDT,SHORT,StochasticRSI(FAST_SCALP-SHORT),2,0.2,1.658,1.656,1.656,1.664,2026-07-07 13:48:59 UTC,2026-07-07 13:51:08 UTC,128.12,0.3316,0.0044,0.0,0.0004,0.04,9.05,MIN_PROFIT_TP_HIT,0.1076
529,TRUMP_USDT,SHORT,StochasticRSI(FAST_SCALP-SHORT),2,0.2,1.653,1.651,1.651,1.659,2026-07-07 14:09:59 UTC,2026-07-07 14:10:24 UTC,24.92,0.3306,0.0044,0.0,0.0004,0.04,9.07,MIN_PROFIT_TP_HIT,0.108
530,TRUMP_USDT,SHORT,StochasticRSI(FAST_SCALP-SHORT),2,0.2,1.654,1.652,1.652,1.66,2026-07-07 14:32:59 UTC,2026-07-07 14:35:19 UTC,139.3,0.3308,0.0044,0.0,0.0004,0.04,9.07,MIN_PROFIT_TP_HIT,0.1084
531,TRUMP_USDT,SHORT,StochasticRSI(FAST_SCALP-SHORT),2,0.2,1.669,1.667,1.667,1.675,2026-07-07 14:56:59 UTC,2026-07-07 14:57:05 UTC,5.59,0.3338,0.0045,0.0,0.0004,0.04,8.99,MIN_PROFIT_TP_HIT,0.1088
532,TRUMP_USDT,SHORT,StochasticRSI(FAST_SCALP-SHORT),2,0.2,1.668,1.666,1.666,1.674,2026-07-07 14:59:59 UTC,2026-07-07 15:00:13 UTC,13.67,0.3336,0.0044,0.0,0.0004,0.04,8.99,MIN_PROFIT_TP_HIT,0.1092
533,TRUMP_USDT,SHORT,StochasticRSI(FAST_SCALP-SHORT),2,0.2,1.676,1.674,1.674,1.682,2026-07-07 15:14:59 UTC,2026-07-07 15:15:02 UTC,2.79,0.3352,0.0045,0.0,0.0004,0.04,8.95,MIN_PROFIT_TP_HIT,0.1096
534,TRUMP_USDT,SHORT,StochasticRSI(FAST_SCALP-SHORT),2,0.2,1.677,1.675,1.675,1.683,2026-07-07 15:31:59 UTC,2026-07-07 15:34:56 UTC,176.52,0.3354,0.0045,0.0,0.0004,0.04,8.94,MIN_PROFIT_TP_HIT,0.11
535,TRUMP_USDT,SHORT,StochasticRSI(FAST_SCALP-SHORT),2,0.2,1.685,1.683,1.683,1.691,2026-07-07 15:50:59 UTC,2026-07-07 15:55:55 UTC,295.06,0.337,0.0045,0.0,0.0004,0.04,8.9,MIN_PROFIT_TP_HIT,0.1104
536,TRUMP_USDT,SHORT,StochasticRSI(FAST_SCALP-SHORT),2,0.2,1.677,1.683,1.675,1.683,2026-07-07 16:18:59 UTC,2026-07-07 16:20:09 UTC,69.31,0.3354,0.0045,0.0,-0.0012,-0.11,-26.83,STOP_LOSS_HIT,0.1092
537,TRUMP_USDT,SHORT,StochasticRSI(FAST_SCALP-SHORT),2,0.2,1.686,1.684,1.684,1.692,2026-07-07 16:26:59 UTC,2026-07-07 16:31:59 UTC,299.06,0.3372,0.0045,0.0,0.0004,0.04,8.9,MIN_PROFIT_TP_HIT,0.1096
538,TRUMP_USDT,SHORT,StochasticRSI(FAST_SCALP-SHORT),2,0.2,1.683,1.681,1.681,1.689,2026-07-07 16:43:59 UTC,2026-07-07 16:46:33 UTC,153.52,0.3366,0.0045,0.0,0.0004,0.04,8.91,MIN_PROFIT_TP_HIT,0.11
539,TRUMP_USDT,SHORT,StochasticRSI(FAST_SCALP-SHORT),2,0.2,1.691,1.689,1.689,1.697,2026-07-07 16:58:59 UTC,2026-07-07 16:59:11 UTC,11.75,0.3382,0.0045,0.0,0.0004,0.04,8.87,MIN_PROFIT_TP_HIT,0.1104
540,TRUMP_USDT,SHORT,StochasticRSI(FAST_SCALP-SHORT),2,0.2,1.681,1.679,1.679,1.687,2026-07-07 17:30:59 UTC,2026-07-07 17:32:31 UTC,91.46,0.3362,0.0045,0.0,0.0004,0.04,8.92,MIN_PROFIT_TP_HIT,0.1108
541,TRUMP_USDT,SHORT,StochasticRSI(FAST_SCALP-SHORT),2,0.2,1.679,1.677,1.677,1.685,2026-07-07 17:40:59 UTC,2026-07-07 17:45:14 UTC,254.66,0.3358,0.0045,0.0,0.0004,0.04,8.93,MIN_PROFIT_TP_HIT,0.1112
542,TRUMP_USDT,SHORT,StochasticRSI(FAST_SCALP-SHORT),2,0.2,1.68,1.678,1.678,1.686,2026-07-07 17:59:59 UTC,2026-07-07 18:00:12 UTC,12.84,0.336,0.0045,0.0,0.0004,0.04,8.93,MIN_PROFIT_TP_HIT,0.1116
543,TRUMP_USDT,SHORT,StochasticRSI(FAST_SCALP-SHORT),2,0.2,1.67,1.668,1.668,1.676,2026-07-07 18:17:59 UTC,2026-07-07 18:25:35 UTC,455.15,0.334,0.0045,0.0,0.0004,0.04,8.98,MIN_PROFIT_TP_HIT,0.112
544,TRUMP_USDT,SHORT,StochasticRSI(FAST_SCALP-SHORT),2,0.2,1.674,1.672,1.672,1.68,2026-07-07 18:39:59 UTC,2026-07-07 18:40:13 UTC,13.37,0.3348,0.0045,0.0,0.0004,0.04,8.96,MIN_PROFIT_TP_HIT,0.1124
545,TRUMP_USDT,SHORT,StochasticRSI(FAST_SCALP-SHORT),2,0.2,1.672,1.67,1.67,1.678,2026-07-07 18:41:59 UTC,2026-07-07 18:49:15 UTC,435.13,0.3344,0.0045,0.0,0.0004,0.04,8.97,MIN_PROFIT_TP_HIT,0.1128
546,TRUMP_USDT,SHORT,StochasticRSI(FAST_SCALP-SHORT),2,0.2,1.651,1.657,1.649,1.657,2026-07-07 19:07:59 UTC,2026-07-07 19:13:15 UTC,315.62,0.3302,0.0044,0.0,-0.0012,-0.11,-27.26,STOP_LOSS_HIT,0.1116
547,TRUMP_USDT,SHORT,StochasticRSI(FAST_SCALP-SHORT),2,0.2,1.656,1.654,1.654,1.662,2026-07-07 19:17:59 UTC,2026-07-07 19:18:23 UTC,23.48,0.3312,0.0044,0.0,0.0004,0.04,9.06,MIN_PROFIT_TP_HIT,0.112
548,TRUMP_USDT,SHORT,StochasticRSI(FAST_SCALP-SHORT),2,0.2,1.666,1.664,1.664,1.672,2026-07-07 19:36:59 UTC,2026-07-07 19:37:30 UTC,30.35,0.3332,0.0044,0.0,0.0004,0.04,9.0,MIN_PROFIT_TP_HIT,0.1124
549,TRUMP_USDT,SHORT,StochasticRSI(FAST_SCALP-SHORT),2,0.2,1.659,1.665,1.657,1.665,2026-07-07 20:18:59 UTC,2026-07-07 20:25:00 UTC,360.41,0.3318,0.0044,0.0,-0.0012,-0.11,-27.12,STOP_LOSS_HIT,0.1112
550,TRUMP_USDT,SHORT,StochasticRSI(FAST_SCALP-SHORT),2,0.2,1.663,1.661,1.661,1.669,2026-07-07 20:28:59 UTC,2026-07-07 20:29:09 UTC,9.01,0.3326,0.0044,0.0,0.0004,0.04,9.02,MIN_PROFIT_TP_HIT,0.1116
551,TRUMP_USDT,SHORT,StochasticRSI(FAST_SCALP-SHORT),2,0.2,1.652,1.658,1.65,1.658,2026-07-07 21:03:59 UTC,2026-07-07 21:06:14 UTC,134.29,0.3304,0.0044,0.0,-0.0012,-0.11,-27.24,STOP_LOSS_HIT,0.1104
552,TRUMP_USDT,SHORT,StochasticRSI(FAST_SCALP-SHORT),2,0.2,1.657,1.663,1.655,1.663,2026-07-07 21:12:59 UTC,2026-07-07 21:13:29 UTC,29.58,0.3314,0.0044,0.0,-0.0012,-0.11,-27.16,STOP_LOSS_HIT,0.1092
553,TRUMP_USDT,SHORT,StochasticRSI(FAST_SCALP-SHORT),2,0.2,1.66,1.658,1.658,1.666,2026-07-07 21:15:59 UTC,2026-07-07 21:16:18 UTC,18.1,0.332,0.0044,0.0,0.0004,0.04,9.04,MIN_PROFIT_TP_HIT,0.1096
554,TRUMP_USDT,SHORT,StochasticRSI(FAST_SCALP-SHORT),2,0.2,1.649,1.647,1.647,1.654,2026-07-07 21:31:59 UTC,2026-07-07 21:37:40 UTC,340.56,0.3298,0.0044,0.0,0.0004,0.04,9.1,MIN_PROFIT_TP_HIT,0.11
555,TRUMP_USDT,SHORT,StochasticRSI(FAST_SCALP-SHORT),2,0.2,1.65,1.648,1.648,1.655,2026-07-07 21:49:59 UTC,2026-07-07 21:50:49 UTC,49.04,0.33,0.0044,0.0,0.0004,0.04,9.09,MIN_PROFIT_TP_HIT,0.1104
556,TRUMP_USDT,SHORT,StochasticRSI(FAST_SCALP-SHORT),2,0.2,1.641,1.639,1.639,1.646,2026-07-07 22:10:59 UTC,2026-07-07 22:15:46 UTC,286.83,0.3282,0.0044,0.0,0.0004,0.04,9.14,MIN_PROFIT_TP_HIT,0.1108
557,TRUMP_USDT,SHORT,StochasticRSI(FAST_SCALP-SHORT),2,0.2,1.641,1.646,1.639,1.646,2026-07-07 22:25:59 UTC,2026-07-07 22:41:01 UTC,901.99,0.3282,0.0044,0.0,-0.001,-0.09,-22.85,STOP_LOSS_HIT,0.1098
558,TRUMP_USDT,SHORT,StochasticRSI(FAST_SCALP-SHORT),2,0.2,1.645,1.643,1.643,1.65,2026-07-07 22:47:59 UTC,2026-07-07 22:48:05 UTC,5.71,0.329,0.0044,0.0,0.0004,0.04,9.12,MIN_PROFIT_TP_HIT,0.1102
559,TRUMP_USDT,SHORT,StochasticRSI(FAST_SCALP-SHORT),2,0.2,1.645,1.643,1.643,1.65,2026-07-07 22:54:59 UTC,2026-07-07 23:00:07 UTC,307.9,0.329,0.0044,0.0,0.0004,0.04,9.12,MIN_PROFIT_TP_HIT,0.1106
560,TRUMP_USDT,SHORT,StochasticRSI(FAST_SCALP-SHORT),2,0.2,1.647,1.645,1.645,1.652,2026-07-07 23:10:59 UTC,2026-07-07 23:11:04 UTC,4.22,0.3294,0.0044,0.0,0.0004,0.04,9.11,MIN_PROFIT_TP_HIT,0.111
561,TRUMP_USDT,SHORT,StochasticRSI(FAST_SCALP-SHORT),2,0.2,1.651,1.649,1.649,1.657,2026-07-07 23:19:59 UTC,2026-07-07 23:21:08 UTC,68.44,0.3302,0.0044,0.0,0.0004,0.04,9.09,MIN_PROFIT_TP_HIT,0.1114
562,TRUMP_USDT,SHORT,StochasticRSI(FAST_SCALP-SHORT),2,0.2,1.652,1.65,1.65,1.658,2026-07-07 23:34:59 UTC,2026-07-07 23:36:56 UTC,116.89,0.3304,0.0044,0.0,0.0004,0.04,9.08,MIN_PROFIT_TP_HIT,0.1118
563,TRUMP_USDT,SHORT,StochasticRSI(FAST_SCALP-SHORT),2,0.2,1.651,1.649,1.649,1.657,2026-07-07 23:37:59 UTC,2026-07-07 23:39:08 UTC,68.61,0.3302,0.0044,0.0,0.0004,0.04,9.09,MIN_PROFIT_TP_HIT,0.1122
564,TRUMP_USDT,SHORT,StochasticRSI(FAST_SCALP-SHORT),2,0.2,1.646,1.644,1.644,1.651,2026-07-07 23:51:59 UTC,2026-07-07 23:53:00 UTC,60.06,0.3292,0.0044,0.0,0.0004,0.04,9.11,MIN_PROFIT_TP_HIT,0.1126
565,TRUMP_USDT,SHORT,StochasticRSI(FAST_SCALP-SHORT),2,0.2,1.646,1.644,1.644,1.651,2026-07-07 23:54:59 UTC,2026-07-07 23:57:35 UTC,155.47,0.3292,0.0044,0.0,0.0004,0.04,9.11,MIN_PROFIT_TP_HIT,0.113
566,TRUMP_USDT,SHORT,StochasticRSI(FAST_SCALP-SHORT),2,0.2,1.651,1.649,1.649,1.657,2026-07-08 00:08:59 UTC,2026-07-08 00:09:29 UTC,29.84,0.3302,0.0044,0.0,0.0004,0.04,9.09,MIN_PROFIT_TP_HIT,0.1134
567,TRUMP_USDT,SHORT,StochasticRSI(FAST_SCALP-SHORT),2,0.2,1.651,1.649,1.649,1.657,2026-07-08 00:30:59 UTC,2026-07-08 00:32:06 UTC,66.87,0.3302,0.0044,0.0,0.0004,0.04,9.09,MIN_PROFIT_TP_HIT,0.1138
568,TRUMP_USDT,SHORT,StochasticRSI(FAST_SCALP-SHORT),2,0.2,1.653,1.651,1.651,1.659,2026-07-08 00:45:59 UTC,2026-07-08 00:55:04 UTC,544.93,0.3306,0.0044,0.0,0.0004,0.04,9.07,MIN_PROFIT_TP_HIT,0.1142
569,TRUMP_USDT,SHORT,StochasticRSI(FAST_SCALP-SHORT),2,0.2,1.642,1.64,1.64,1.647,2026-07-08 01:15:59 UTC,2026-07-08 01:20:57 UTC,297.69,0.3284,0.0044,0.0,0.0004,0.04,9.14,MIN_PROFIT_TP_HIT,0.1146
570,TRUMP_USDT,SHORT,StochasticRSI(FAST_SCALP-SHORT),2,0.2,1.64,1.638,1.638,1.645,2026-07-08 01:30:59 UTC,2026-07-08 01:31:33 UTC,33.09,0.328,0.0044,0.0,0.0004,0.04,9.15,MIN_PROFIT_TP_HIT,0.115
571,TRUMP_USDT,SHORT,StochasticRSI(FAST_SCALP-SHORT),2,0.2,1.617,1.615,1.615,1.622,2026-07-08 01:47:59 UTC,2026-07-08 01:48:36 UTC,36.01,0.3234,0.0043,0.0,0.0004,0.04,9.28,MIN_PROFIT_TP_HIT,0.1154
572,TRUMP_USDT,SHORT,StochasticRSI(FAST_SCALP-SHORT),2,0.2,1.598,1.603,1.596,1.603,2026-07-08 02:09:59 UTC,2026-07-08 02:10:36 UTC,36.88,0.3196,0.0043,0.0,-0.001,-0.09,-23.47,STOP_LOSS_HIT,0.1144
573,TRUMP_USDT,SHORT,StochasticRSI(FAST_SCALP-SHORT),2,0.2,1.6,1.598,1.598,1.605,2026-07-08 02:15:59 UTC,2026-07-08 02:16:41 UTC,41.29,0.32,0.0043,0.0,0.0004,0.04,9.38,MIN_PROFIT_TP_HIT,0.1148
574,TRUMP_USDT,SHORT,StochasticRSI(FAST_SCALP-SHORT),2,0.2,1.597,1.602,1.595,1.602,2026-07-08 02:21:59 UTC,2026-07-08 02:25:14 UTC,194.14,0.3194,0.0043,0.0,-0.001,-0.09,-23.48,STOP_LOSS_HIT,0.1138
575,TRUMP_USDT,SHORT,StochasticRSI(FAST_SCALP-SHORT),2,0.2,1.605,1.603,1.603,1.61,2026-07-08 02:31:59 UTC,2026-07-08 02:32:05 UTC,5.11,0.321,0.0043,0.0,0.0004,0.04,9.35,MIN_PROFIT_TP_HIT,0.1142
576,TRUMP_USDT,SHORT,StochasticRSI(FAST_SCALP-SHORT),2,0.2,1.614,1.612,1.612,1.619,2026-07-08 02:44:59 UTC,2026-07-08 02:52:07 UTC,427.45,0.3228,0.0043,0.0,0.0004,0.04,9.29,MIN_PROFIT_TP_HIT,0.1146
577,TRUMP_USDT,SHORT,StochasticRSI(FAST_SCALP-SHORT),2,0.2,1.619,1.617,1.617,1.624,2026-07-08 03:05:59 UTC,2026-07-08 03:06:34 UTC,34.69,0.3238,0.0043,0.0,0.0004,0.04,9.26,MIN_PROFIT_TP_HIT,0.115
578,TRUMP_USDT,SHORT,StochasticRSI(FAST_SCALP-SHORT),2,0.2,1.622,1.62,1.62,1.627,2026-07-08 03:16:59 UTC,2026-07-08 03:17:37 UTC,37.57,0.3244,0.0043,0.0,0.0004,0.04,9.25,MIN_PROFIT_TP_HIT,0.1154
579,TRUMP_USDT,SHORT,StochasticRSI(FAST_SCALP-SHORT),2,0.2,1.618,1.616,1.616,1.623,2026-07-08 03:32:59 UTC,2026-07-08 03:33:41 UTC,41.86,0.3236,0.0043,0.0,0.0004,0.04,9.27,MIN_PROFIT_TP_HIT,0.1158
580,TRUMP_USDT,SHORT,StochasticRSI(FAST_SCALP-SHORT),2,0.2,1.614,1.612,1.612,1.619,2026-07-08 03:50:59 UTC,2026-07-08 03:51:27 UTC,27.85,0.3228,0.0043,0.0,0.0004,0.04,9.29,MIN_PROFIT_TP_HIT,0.1162
581,TRUMP_USDT,SHORT,StochasticRSI(FAST_SCALP-SHORT),2,0.2,1.611,1.609,1.609,1.616,2026-07-08 04:11:59 UTC,2026-07-08 04:13:38 UTC,98.03,0.3222,0.0043,0.0,0.0004,0.04,9.31,MIN_PROFIT_TP_HIT,0.1166
582,TRUMP_USDT,SHORT,StochasticRSI(FAST_SCALP-SHORT),2,0.2,1.61,1.615,1.608,1.615,2026-07-08 04:17:59 UTC,2026-07-08 04:23:39 UTC,339.19,0.322,0.0043,0.0,-0.001,-0.09,-23.29,STOP_LOSS_HIT,0.1156
583,TRUMP_USDT,SHORT,StochasticRSI(FAST_SCALP-SHORT),2,0.2,1.615,1.613,1.613,1.62,2026-07-08 04:28:59 UTC,2026-07-08 04:29:32 UTC,32.75,0.323,0.0043,0.0,0.0004,0.04,9.29,MIN_PROFIT_TP_HIT,0.116
584,TRUMP_USDT,SHORT,StochasticRSI(FAST_SCALP-SHORT),2,0.2,1.612,1.617,1.61,1.617,2026-07-08 04:56:59 UTC,2026-07-08 05:06:09 UTC,549.74,0.3224,0.0043,0.0,-0.001,-0.09,-23.26,STOP_LOSS_HIT,0.115
585,TRUMP_USDT,SHORT,StochasticRSI(FAST_SCALP-SHORT),2,0.2,1.62,1.618,1.618,1.625,2026-07-08 05:12:59 UTC,2026-07-08 05:14:59 UTC,119.69,0.324,0.0043,0.0,0.0004,0.04,9.26,MIN_PROFIT_TP_HIT,0.1154
586,TRUMP_USDT,SHORT,StochasticRSI(FAST_SCALP-SHORT),2,0.2,1.613,1.611,1.611,1.618,2026-07-08 05:38:59 UTC,2026-07-08 05:41:04 UTC,124.44,0.3226,0.0043,0.0,0.0004,0.04,9.3,MIN_PROFIT_TP_HIT,0.1158
587,TRUMP_USDT,SHORT,StochasticRSI(FAST_SCALP-SHORT),2,0.2,1.606,1.604,1.604,1.611,2026-07-08 05:59:59 UTC,2026-07-08 06:00:28 UTC,28.15,0.3212,0.0043,0.0,0.0004,0.04,9.34,MIN_PROFIT_TP_HIT,0.1162
588,TRUMP_USDT,SHORT,StochasticRSI(FAST_SCALP-SHORT),2,0.2,1.608,1.606,1.606,1.613,2026-07-08 06:06:59 UTC,2026-07-08 06:10:44 UTC,224.8,0.3216,0.0043,0.0,0.0004,0.04,9.33,MIN_PROFIT_TP_HIT,0.1166
589,TRUMP_USDT,SHORT,StochasticRSI(FAST_SCALP-SHORT),2,0.2,1.6,1.598,1.598,1.605,2026-07-08 07:16:59 UTC,2026-07-08 07:18:02 UTC,62.95,0.32,0.0043,0.0,0.0004,0.04,9.38,MIN_PROFIT_TP_HIT,0.117
590,TRUMP_USDT,SHORT,StochasticRSI(FAST_SCALP-SHORT),2,0.2,1.601,1.599,1.599,1.606,2026-07-08 07:22:59 UTC,2026-07-08 07:25:54 UTC,174.48,0.3202,0.0043,0.0,0.0004,0.04,9.37,MIN_PROFIT_TP_HIT,0.1174
591,TRUMP_USDT,SHORT,StochasticRSI(FAST_SCALP-SHORT),2,0.2,1.604,1.602,1.602,1.609,2026-07-08 07:33:59 UTC,2026-07-08 07:36:15 UTC,135.5,0.3208,0.0043,0.0,0.0004,0.04,9.35,MIN_PROFIT_TP_HIT,0.1178
592,TRUMP_USDT,SHORT,StochasticRSI(FAST_SCALP-SHORT),2,0.2,1.601,1.599,1.599,1.606,2026-07-08 07:46:59 UTC,2026-07-08 07:48:58 UTC,118.91,0.3202,0.0043,0.0,0.0004,0.04,9.37,MIN_PROFIT_TP_HIT,0.1182
593,TRUMP_USDT,SHORT,StochasticRSI(FAST_SCALP-SHORT),2,0.2,1.599,1.597,1.597,1.604,2026-07-08 07:58:59 UTC,2026-07-08 08:01:02 UTC,122.98,0.3198,0.0043,0.0,0.0004,0.04,9.38,MIN_PROFIT_TP_HIT,0.1186
594,TRUMP_USDT,SHORT,StochasticRSI(FAST_SCALP-SHORT),2,0.2,1.598,1.603,1.596,1.603,2026-07-08 08:07:59 UTC,2026-07-08 08:09:00 UTC,60.3,0.3196,0.0043,0.0,-0.001,-0.09,-23.47,STOP_LOSS_HIT,0.1176
595,TRUMP_USDT,SHORT,StochasticRSI(FAST_SCALP-SHORT),2,0.2,1.604,1.602,1.602,1.609,2026-07-08 08:13:59 UTC,2026-07-08 08:14:05 UTC,5.18,0.3208,0.0043,0.0,0.0004,0.04,9.35,MIN_PROFIT_TP_HIT,0.118
596,TRUMP_USDT,SHORT,StochasticRSI(FAST_SCALP-SHORT),2,0.2,1.574,1.572,1.572,1.579,2026-07-08 08:29:59 UTC,2026-07-08 08:30:04 UTC,4.32,0.3148,0.0042,0.0,0.0004,0.04,9.53,MIN_PROFIT_TP_HIT,0.1184
597,TRUMP_USDT,SHORT,StochasticRSI(FAST_SCALP-SHORT),2,0.2,1.575,1.573,1.573,1.58,2026-07-08 08:31:59 UTC,2026-07-08 08:32:09 UTC,9.76,0.315,0.0042,0.0,0.0004,0.04,9.52,MIN_PROFIT_TP_HIT,0.1188
598,TRUMP_USDT,SHORT,StochasticRSI(FAST_SCALP-SHORT),2,0.2,1.573,1.571,1.571,1.578,2026-07-08 08:36:59 UTC,2026-07-08 08:38:25 UTC,85.17,0.3146,0.0042,0.0,0.0004,0.04,9.54,MIN_PROFIT_TP_HIT,0.1192
599,TRUMP_USDT,SHORT,StochasticRSI(FAST_SCALP-SHORT),2,0.2,1.584,1.582,1.582,1.589,2026-07-08 08:49:59 UTC,2026-07-08 08:50:04 UTC,4.55,0.3168,0.0042,0.0,0.0004,0.04,9.47,MIN_PROFIT_TP_HIT,0.1196
600,TRUMP_USDT,SHORT,StochasticRSI(FAST_SCALP-SHORT),2,0.2,1.575,1.573,1.573,1.58,2026-07-08 09:38:59 UTC,2026-07-08 09:55:30 UTC,990.13,0.315,0.0042,0.0,0.0004,0.04,9.52,MIN_PROFIT_TP_HIT,0.12
601,TRUMP_USDT,SHORT,StochasticRSI(FAST_SCALP-SHORT),2,0.2,1.575,1.573,1.573,1.58,2026-07-08 10:04:59 UTC,2026-07-08 10:05:20 UTC,20.13,0.315,0.0042,0.0,0.0004,0.04,9.52,MIN_PROFIT_TP_HIT,0.1204
602,TRUMP_USDT,SHORT,StochasticRSI(FAST_SCALP-SHORT),2,0.2,1.573,1.571,1.571,1.578,2026-07-08 10:06:59 UTC,2026-07-08 10:07:32 UTC,32.67,0.3146,0.0042,0.0,0.0004,0.04,9.54,MIN_PROFIT_TP_HIT,0.1208
603,TRUMP_USDT,SHORT,StochasticRSI(FAST_SCALP-SHORT),2,0.2,1.575,1.573,1.573,1.58,2026-07-08 10:22:59 UTC,2026-07-08 10:23:24 UTC,24.25,0.315,0.0042,0.0,0.0004,0.04,9.52,MIN_PROFIT_TP_HIT,0.1212
604,TRUMP_USDT,SHORT,StochasticRSI(FAST_SCALP-SHORT),2,0.2,1.578,1.576,1.576,1.583,2026-07-08 10:48:59 UTC,2026-07-08 10:49:23 UTC,23.93,0.3156,0.0042,0.0,0.0004,0.04,9.51,MIN_PROFIT_TP_HIT,0.1216
605,TRUMP_USDT,SHORT,StochasticRSI(FAST_SCALP-SHORT),2,0.2,1.579,1.577,1.577,1.584,2026-07-08 11:09:59 UTC,2026-07-08 11:10:06 UTC,6.75,0.3158,0.0042,0.0,0.0004,0.04,9.5,MIN_PROFIT_TP_HIT,0.122
606,TRUMP_USDT,SHORT,StochasticRSI(FAST_SCALP-SHORT),2,0.2,1.584,1.582,1.582,1.589,2026-07-08 11:29:59 UTC,2026-07-08 11:30:08 UTC,8.06,0.3168,0.0042,0.0,0.0004,0.04,9.47,MIN_PROFIT_TP_HIT,0.1224
607,TRUMP_USDT,SHORT,StochasticRSI(FAST_SCALP-SHORT),2,0.2,1.6,1.598,1.598,1.605,2026-07-08 12:08:59 UTC,2026-07-08 12:10:30 UTC,90.85,0.32,0.0043,0.0,0.0004,0.04,9.38,MIN_PROFIT_TP_HIT,0.1228
608,TRUMP_USDT,SHORT,StochasticRSI(FAST_SCALP-SHORT),2,0.2,1.603,1.601,1.601,1.608,2026-07-08 12:29:59 UTC,2026-07-08 12:30:17 UTC,17.7,0.3206,0.0043,0.0,0.0004,0.04,9.36,MIN_PROFIT_TP_HIT,0.1232
609,TRUMP_USDT,SHORT,StochasticRSI(FAST_SCALP-SHORT),2,0.2,1.598,1.603,1.596,1.603,2026-07-08 12:47:59 UTC,2026-07-08 12:56:21 UTC,501.61,0.3196,0.0043,0.0,-0.001,-0.09,-23.47,STOP_LOSS_HIT,0.1222
610,TRUMP_USDT,SHORT,StochasticRSI(FAST_SCALP-SHORT),2,0.2,1.596,1.594,1.594,1.601,2026-07-08 13:00:59 UTC,2026-07-08 13:01:02 UTC,2.04,0.3192,0.0043,0.0,0.0004,0.04,9.4,MIN_PROFIT_TP_HIT,0.1226
611,TRUMP_USDT,SHORT,StochasticRSI(FAST_SCALP-SHORT),2,0.2,1.598,1.603,1.596,1.603,2026-07-08 13:15:59 UTC,2026-07-08 13:17:16 UTC,76.24,0.3196,0.0043,0.0,-0.001,-0.09,-23.47,STOP_LOSS_HIT,0.1216
612,TRUMP_USDT,SHORT,StochasticRSI(FAST_SCALP-SHORT),2,0.2,1.613,1.611,1.611,1.618,2026-07-08 13:39:59 UTC,2026-07-08 13:40:35 UTC,35.67,0.3226,0.0043,0.0,0.0004,0.04,9.3,MIN_PROFIT_TP_HIT,0.122
613,TRUMP_USDT,SHORT,StochasticRSI(FAST_SCALP-SHORT),2,0.2,1.617,1.615,1.615,1.622,2026-07-08 14:03:59 UTC,2026-07-08 14:04:25 UTC,25.1,0.3234,0.0043,0.0,0.0004,0.04,9.28,MIN_PROFIT_TP_HIT,0.1224
614,TRUMP_USDT,SHORT,StochasticRSI(FAST_SCALP-SHORT),2,0.2,1.613,1.611,1.611,1.618,2026-07-08 14:16:59 UTC,2026-07-08 14:17:18 UTC,18.22,0.3226,0.0043,0.0,0.0004,0.04,9.3,MIN_PROFIT_TP_HIT,0.1228
615,TRUMP_USDT,SHORT,StochasticRSI(FAST_SCALP-SHORT),2,0.2,1.618,1.616,1.616,1.623,2026-07-08 14:24:59 UTC,2026-07-08 14:27:02 UTC,122.63,0.3236,0.0043,0.0,0.0004,0.04,9.27,MIN_PROFIT_TP_HIT,0.1232
616,TRUMP_USDT,SHORT,StochasticRSI(FAST_SCALP-SHORT),2,0.2,1.627,1.625,1.625,1.632,2026-07-08 14:56:59 UTC,2026-07-08 14:57:00 UTC,0.41,0.3254,0.0043,0.0,0.0004,0.04,9.22,MIN_PROFIT_TP_HIT,0.1236
617,TRUMP_USDT,SHORT,StochasticRSI(FAST_SCALP-SHORT),2,0.2,1.623,1.621,1.621,1.628,2026-07-08 15:01:59 UTC,2026-07-08 15:04:18 UTC,138.91,0.3246,0.0043,0.0,0.0004,0.04,9.24,MIN_PROFIT_TP_HIT,0.124
618,TRUMP_USDT,SHORT,StochasticRSI(FAST_SCALP-SHORT),2,0.2,1.615,1.613,1.613,1.62,2026-07-08 15:23:59 UTC,2026-07-08 15:24:10 UTC,10.95,0.323,0.0043,0.0,0.0004,0.04,9.29,MIN_PROFIT_TP_HIT,0.1244
619,TRUMP_USDT,SHORT,StochasticRSI(FAST_SCALP-SHORT),2,0.2,1.618,1.616,1.616,1.623,2026-07-08 15:36:59 UTC,2026-07-08 15:37:25 UTC,25.04,0.3236,0.0043,0.0,0.0004,0.04,9.27,MIN_PROFIT_TP_HIT,0.1248
620,TRUMP_USDT,SHORT,StochasticRSI(FAST_SCALP-SHORT),2,0.2,1.616,1.614,1.614,1.621,2026-07-08 15:39:59 UTC,2026-07-08 15:42:25 UTC,145.12,0.3232,0.0043,0.0,0.0004,0.04,9.28,MIN_PROFIT_TP_HIT,0.1252
621,TRUMP_USDT,SHORT,StochasticRSI(FAST_SCALP-SHORT),2,0.2,1.606,1.611,1.604,1.611,2026-07-08 15:57:59 UTC,2026-07-08 16:00:28 UTC,148.65,0.3212,0.0043,0.0,-0.001,-0.09,-23.35,STOP_LOSS_HIT,0.1242
622,TRUMP_USDT,SHORT,StochasticRSI(FAST_SCALP-SHORT),2,0.2,1.611,1.609,1.609,1.616,2026-07-08 16:04:59 UTC,2026-07-08 16:15:13 UTC,613.45,0.3222,0.0043,0.0,0.0004,0.04,9.31,MIN_PROFIT_TP_HIT,0.1246
623,TRUMP_USDT,SHORT,StochasticRSI(FAST_SCALP-SHORT),2,0.2,1.616,1.614,1.614,1.621,2026-07-08 16:25:59 UTC,2026-07-08 16:29:23 UTC,203.79,0.3232,0.0043,0.0,0.0004,0.04,9.28,MIN_PROFIT_TP_HIT,0.125
624,TRUMP_USDT,SHORT,StochasticRSI(FAST_SCALP-SHORT),2,0.2,1.616,1.614,1.614,1.621,2026-07-08 16:44:59 UTC,2026-07-08 16:45:25 UTC,25.92,0.3232,0.0043,0.0,0.0004,0.04,9.28,MIN_PROFIT_TP_HIT,0.1254
625,TRUMP_USDT,SHORT,StochasticRSI(FAST_SCALP-SHORT),2,0.2,1.617,1.615,1.615,1.622,2026-07-08 16:58:59 UTC,2026-07-08 17:02:01 UTC,181.77,0.3234,0.0043,0.0,0.0004,0.04,9.28,MIN_PROFIT_TP_HIT,0.1258
626,TRUMP_USDT,SHORT,StochasticRSI(FAST_SCALP-SHORT),2,0.2,1.613,1.618,1.611,1.618,2026-07-08 17:23:59 UTC,2026-07-08 17:28:37 UTC,277.23,0.3226,0.0043,0.0,-0.001,-0.09,-23.25,STOP_LOSS_HIT,0.1248
627,TRUMP_USDT,SHORT,StochasticRSI(FAST_SCALP-SHORT),2,0.2,1.617,1.615,1.615,1.622,2026-07-08 17:32:59 UTC,2026-07-08 17:35:06 UTC,126.53,0.3234,0.0043,0.0,0.0004,0.04,9.28,MIN_PROFIT_TP_HIT,0.1252
628,TRUMP_USDT,SHORT,StochasticRSI(FAST_SCALP-SHORT),2,0.2,1.607,1.612,1.605,1.612,2026-07-08 17:54:59 UTC,2026-07-08 18:01:20 UTC,380.31,0.3214,0.0043,0.0,-0.001,-0.09,-23.34,STOP_LOSS_HIT,0.1242
629,TRUMP_USDT,SHORT,StochasticRSI(FAST_SCALP-SHORT),2,0.2,1.61,1.608,1.608,1.615,2026-07-08 18:03:59 UTC,2026-07-08 18:04:21 UTC,21.44,0.322,0.0043,0.0,0.0004,0.04,9.32,MIN_PROFIT_TP_HIT,0.1246
630,TRUMP_USDT,SHORT,StochasticRSI(FAST_SCALP-SHORT),2,0.2,1.607,1.605,1.605,1.612,2026-07-08 18:18:59 UTC,2026-07-08 18:23:22 UTC,262.52,0.3214,0.0043,0.0,0.0004,0.04,9.33,MIN_PROFIT_TP_HIT,0.125
631,TRUMP_USDT,SHORT,StochasticRSI(FAST_SCALP-SHORT),2,0.2,1.599,1.597,1.597,1.604,2026-07-08 18:42:59 UTC,2026-07-08 18:43:55 UTC,55.82,0.3198,0.0043,0.0,0.0004,0.04,9.38,MIN_PROFIT_TP_HIT,0.1254
632,TRUMP_USDT,SHORT,StochasticRSI(FAST_SCALP-SHORT),2,0.2,1.604,1.602,1.602,1.609,2026-07-08 18:55:59 UTC,2026-07-08 19:05:37 UTC,577.48,0.3208,0.0043,0.0,0.0004,0.04,9.35,MIN_PROFIT_TP_HIT,0.1258
633,TRUMP_USDT,SHORT,StochasticRSI(FAST_SCALP-SHORT),2,0.2,1.602,1.607,1.6,1.607,2026-07-08 19:16:59 UTC,2026-07-08 19:31:46 UTC,886.11,0.3204,0.0043,0.0,-0.001,-0.09,-23.41,STOP_LOSS_HIT,0.1248
634,TRUMP_USDT,SHORT,StochasticRSI(FAST_SCALP-SHORT),2,0.2,1.605,1.603,1.603,1.61,2026-07-08 19:34:59 UTC,2026-07-08 19:35:18 UTC,18.05,0.321,0.0043,0.0,0.0004,0.04,9.35,MIN_PROFIT_TP_HIT,0.1252
635,TRUMP_USDT,SHORT,StochasticRSI(FAST_SCALP-SHORT),2,0.2,1.602,1.6,1.6,1.607,2026-07-08 20:00:59 UTC,2026-07-08 20:10:55 UTC,595.25,0.3204,0.0043,0.0,0.0004,0.04,9.36,MIN_PROFIT_TP_HIT,0.1256
636,TRUMP_USDT,SHORT,StochasticRSI(FAST_SCALP-SHORT),2,0.2,1.598,1.596,1.596,1.603,2026-07-08 20:25:59 UTC,2026-07-08 20:33:56 UTC,476.6,0.3196,0.0043,0.0,0.0004,0.04,9.39,MIN_PROFIT_TP_HIT,0.126
637,TRUMP_USDT,SHORT,StochasticRSI(FAST_SCALP-SHORT),2,0.2,1.594,1.592,1.592,1.599,2026-07-08 20:45:59 UTC,2026-07-08 20:49:44 UTC,224.23,0.3188,0.0043,0.0,0.0004,0.04,9.41,MIN_PROFIT_TP_HIT,0.1264
638,TRUMP_USDT,SHORT,StochasticRSI(FAST_SCALP-SHORT),2,0.2,1.589,1.594,1.587,1.594,2026-07-08 21:08:59 UTC,2026-07-08 21:22:07 UTC,787.91,0.3178,0.0042,0.0,-0.001,-0.09,-23.6,STOP_LOSS_HIT,0.1254
639,TRUMP_USDT,SHORT,StochasticRSI(FAST_SCALP-SHORT),2,0.2,1.598,1.603,1.596,1.603,2026-07-08 21:36:59 UTC,2026-07-08 21:48:39 UTC,699.48,0.3196,0.0043,0.0,-0.001,-0.09,-23.47,STOP_LOSS_HIT,0.1244
640,TRUMP_USDT,SHORT,StochasticRSI(FAST_SCALP-SHORT),2,0.2,1.602,1.6,1.6,1.607,2026-07-08 22:31:59 UTC,2026-07-08 22:32:52 UTC,52.59,0.3204,0.0043,0.0,0.0004,0.04,9.36,MIN_PROFIT_TP_HIT,0.1248
641,TRUMP_USDT,SHORT,StochasticRSI(FAST_SCALP-SHORT),2,0.2,1.603,1.601,1.601,1.608,2026-07-08 23:03:59 UTC,2026-07-08 23:04:04 UTC,4.49,0.3206,0.0043,0.0,0.0004,0.04,9.36,MIN_PROFIT_TP_HIT,0.1252
642,TRUMP_USDT,SHORT,StochasticRSI(FAST_SCALP-SHORT),2,0.2,1.604,1.602,1.602,1.609,2026-07-08 23:08:59 UTC,2026-07-08 23:10:12 UTC,72.19,0.3208,0.0043,0.0,0.0004,0.04,9.35,MIN_PROFIT_TP_HIT,0.1256
643,TRUMP_USDT,SHORT,StochasticRSI(FAST_SCALP-SHORT),2,0.2,1.603,1.601,1.601,1.608,2026-07-08 23:13:59 UTC,2026-07-08 23:14:08 UTC,8.52,0.3206,0.0043,0.0,0.0004,0.04,9.36,MIN_PROFIT_TP_HIT,0.126
644,TRUMP_USDT,SHORT,StochasticRSI(FAST_SCALP-SHORT),2,0.2,1.599,1.597,1.597,1.604,2026-07-08 23:28:59 UTC,2026-07-08 23:31:11 UTC,131.14,0.3198,0.0043,0.0,0.0004,0.04,9.38,MIN_PROFIT_TP_HIT,0.1264
645,TRUMP_USDT,SHORT,StochasticRSI(FAST_SCALP-SHORT),2,0.2,1.601,1.599,1.599,1.606,2026-07-08 23:44:59 UTC,2026-07-08 23:46:29 UTC,89.84,0.3202,0.0043,0.0,0.0004,0.04,9.37,MIN_PROFIT_TP_HIT,0.1268
646,TRUMP_USDT,SHORT,StochasticRSI(FAST_SCALP-SHORT),2,0.2,1.613,1.611,1.611,1.618,2026-07-09 00:02:59 UTC,2026-07-09 00:03:07 UTC,7.56,0.3226,0.0043,0.0,0.0004,0.04,9.3,MIN_PROFIT_TP_HIT,0.1272
647,TRUMP_USDT,SHORT,StochasticRSI(FAST_SCALP-SHORT),2,0.2,1.594,1.592,1.592,1.599,2026-07-09 00:27:59 UTC,2026-07-09 00:44:23 UTC,983.87,0.3188,0.0043,0.0,0.0004,0.04,9.41,MIN_PROFIT_TP_HIT,0.1276
648,TRUMP_USDT,SHORT,StochasticRSI(FAST_SCALP-SHORT),2,0.2,1.597,1.595,1.595,1.602,2026-07-09 01:00:59 UTC,2026-07-09 01:01:34 UTC,34.67,0.3194,0.0043,0.0,0.0004,0.04,9.39,MIN_PROFIT_TP_HIT,0.128
649,TRUMP_USDT,SHORT,StochasticRSI(FAST_SCALP-SHORT),2,0.2,1.595,1.6,1.593,1.6,2026-07-09 01:03:59 UTC,2026-07-09 01:06:03 UTC,123.33,0.319,0.0043,0.0,-0.001,-0.09,-23.51,STOP_LOSS_HIT,0.127
650,TRUMP_USDT,SHORT,StochasticRSI(FAST_SCALP-SHORT),2,0.2,1.612,1.61,1.61,1.617,2026-07-09 01:09:59 UTC,2026-07-09 01:10:28 UTC,28.83,0.3224,0.0043,0.0,0.0004,0.04,9.31,MIN_PROFIT_TP_HIT,0.1274
651,TRUMP_USDT,SHORT,StochasticRSI(FAST_SCALP-SHORT),2,0.2,1.613,1.611,1.611,1.618,2026-07-09 01:21:59 UTC,2026-07-09 01:24:45 UTC,165.78,0.3226,0.0043,0.0,0.0004,0.04,9.3,MIN_PROFIT_TP_HIT,0.1278
652,TRUMP_USDT,SHORT,StochasticRSI(FAST_SCALP-SHORT),2,0.2,1.607,1.605,1.605,1.612,2026-07-09 01:51:59 UTC,2026-07-09 01:52:09 UTC,9.47,0.3214,0.0043,0.0,0.0004,0.04,9.33,MIN_PROFIT_TP_HIT,0.1282
653,TRUMP_USDT,SHORT,StochasticRSI(FAST_SCALP-SHORT),2,0.2,1.605,1.603,1.603,1.61,2026-07-09 02:01:59 UTC,2026-07-09 02:02:10 UTC,10.12,0.321,0.0043,0.0,0.0004,0.04,9.35,MIN_PROFIT_TP_HIT,0.1286
654,TRUMP_USDT,SHORT,StochasticRSI(FAST_SCALP-SHORT),2,0.2,1.61,1.615,1.608,1.615,2026-07-09 02:07:59 UTC,2026-07-09 02:11:57 UTC,237.08,0.322,0.0043,0.0,-0.001,-0.09,-23.29,STOP_LOSS_HIT,0.1276
655,TRUMP_USDT,SHORT,StochasticRSI(FAST_SCALP-SHORT),2,0.2,1.615,1.62,1.613,1.62,2026-07-09 02:16:59 UTC,2026-07-09 02:21:25 UTC,265.14,0.323,0.0043,0.0,-0.001,-0.09,-23.22,STOP_LOSS_HIT,0.1266
656,TRUMP_USDT,SHORT,StochasticRSI(FAST_SCALP-SHORT),2,0.2,1.621,1.619,1.619,1.626,2026-07-09 02:28:59 UTC,2026-07-09 02:32:15 UTC,195.96,0.3242,0.0043,0.0,0.0004,0.04,9.25,MIN_PROFIT_TP_HIT,0.127
657,TRUMP_USDT,SHORT,StochasticRSI(FAST_SCALP-SHORT),2,0.2,1.619,1.624,1.617,1.624,2026-07-09 02:45:59 UTC,2026-07-09 02:59:39 UTC,819.0,0.3238,0.0043,0.0,-0.001,-0.09,-23.16,STOP_LOSS_HIT,0.126
658,TRUMP_USDT,SHORT,StochasticRSI(FAST_SCALP-SHORT),2,0.2,1.625,1.623,1.623,1.63,2026-07-09 03:01:59 UTC,2026-07-09 03:04:13 UTC,133.66,0.325,0.0043,0.0,0.0004,0.04,9.23,MIN_PROFIT_TP_HIT,0.1264
659,TRUMP_USDT,SHORT,StochasticRSI(FAST_SCALP-SHORT),2,0.2,1.621,1.619,1.619,1.626,2026-07-09 03:05:59 UTC,2026-07-09 03:07:19 UTC,79.31,0.3242,0.0043,0.0,0.0004,0.04,9.25,MIN_PROFIT_TP_HIT,0.1268
660,TRUMP_USDT,SHORT,StochasticRSI(FAST_SCALP-SHORT),2,0.2,1.618,1.616,1.616,1.623,2026-07-09 03:35:59 UTC,2026-07-09 03:38:17 UTC,137.25,0.3236,0.0043,0.0,0.0004,0.04,9.27,MIN_PROFIT_TP_HIT,0.1272
661,TRUMP_USDT,SHORT,StochasticRSI(FAST_SCALP-SHORT),2,0.2,1.61,1.608,1.608,1.615,2026-07-09 03:59:59 UTC,2026-07-09 04:03:21 UTC,201.52,0.322,0.0043,0.0,0.0004,0.04,9.32,MIN_PROFIT_TP_HIT,0.1276
662,TRUMP_USDT,SHORT,StochasticRSI(FAST_SCALP-SHORT),2,0.2,1.612,1.617,1.61,1.617,2026-07-09 04:20:59 UTC,2026-07-09 04:33:01 UTC,721.96,0.3224,0.0043,0.0,-0.001,-0.09,-23.26,STOP_LOSS_HIT,0.1266
663,TRUMP_USDT,SHORT,StochasticRSI(FAST_SCALP-SHORT),2,0.2,1.615,1.62,1.613,1.62,2026-07-09 04:39:59 UTC,2026-07-09 04:51:26 UTC,686.13,0.323,0.0043,0.0,-0.001,-0.09,-23.22,STOP_LOSS_HIT,0.1256
664,TRUMP_USDT,SHORT,StochasticRSI(FAST_SCALP-SHORT),2,0.2,1.617,1.622,1.615,1.622,2026-07-09 04:55:59 UTC,2026-07-09 04:58:37 UTC,157.71,0.3234,0.0043,0.0,-0.001,-0.09,-23.19,STOP_LOSS_HIT,0.1246
665,TRUMP_USDT,SHORT,StochasticRSI(FAST_SCALP-SHORT),2,0.2,1.621,1.619,1.619,1.626,2026-07-09 05:14:59 UTC,2026-07-09 05:16:06 UTC,66.91,0.3242,0.0043,0.0,0.0004,0.04,9.25,MIN_PROFIT_TP_HIT,0.125
666,TRUMP_USDT,SHORT,StochasticRSI(FAST_SCALP-SHORT),2,0.2,1.62,1.625,1.618,1.625,2026-07-09 05:28:59 UTC,2026-07-09 05:37:29 UTC,509.03,0.324,0.0043,0.0,-0.001,-0.09,-23.15,STOP_LOSS_HIT,0.124
667,TRUMP_USDT,SHORT,StochasticRSI(FAST_SCALP-SHORT),2,0.2,1.624,1.622,1.622,1.629,2026-07-09 05:51:59 UTC,2026-07-09 05:52:51 UTC,51.26,0.3248,0.0043,0.0,0.0004,0.04,9.24,MIN_PROFIT_TP_HIT,0.1244
668,TRUMP_USDT,SHORT,StochasticRSI(FAST_SCALP-SHORT),2,0.2,1.625,1.623,1.623,1.63,2026-07-09 06:05:59 UTC,2026-07-09 06:06:11 UTC,11.57,0.325,0.0043,0.0,0.0004,0.04,9.23,MIN_PROFIT_TP_HIT,0.1248
669,TRUMP_USDT,SHORT,StochasticRSI(FAST_SCALP-SHORT),2,0.2,1.625,1.623,1.623,1.63,2026-07-09 06:27:59 UTC,2026-07-09 06:28:15 UTC,15.48,0.325,0.0043,0.0,0.0004,0.04,9.23,MIN_PROFIT_TP_HIT,0.1252
670,TRUMP_USDT,SHORT,StochasticRSI(FAST_SCALP-SHORT),2,0.2,1.626,1.624,1.624,1.631,2026-07-09 06:31:59 UTC,2026-07-09 06:37:07 UTC,307.53,0.3252,0.0043,0.0,0.0004,0.04,9.23,MIN_PROFIT_TP_HIT,0.1256
671,TRUMP_USDT,SHORT,StochasticRSI(FAST_SCALP-SHORT),2,0.2,1.624,1.622,1.622,1.629,2026-07-09 07:00:59 UTC,2026-07-09 07:03:45 UTC,165.23,0.3248,0.0043,0.0,0.0004,0.04,9.24,MIN_PROFIT_TP_HIT,0.126
672,TRUMP_USDT,SHORT,StochasticRSI(FAST_SCALP-SHORT),2,0.2,1.621,1.619,1.619,1.626,2026-07-09 07:04:59 UTC,2026-07-09 07:07:02 UTC,122.22,0.3242,0.0043,0.0,0.0004,0.04,9.25,MIN_PROFIT_TP_HIT,0.1264
673,TRUMP_USDT,SHORT,StochasticRSI(FAST_SCALP-SHORT),2,0.2,1.624,1.622,1.622,1.629,2026-07-09 07:18:59 UTC,2026-07-09 07:21:45 UTC,165.24,0.3248,0.0043,0.0,0.0004,0.04,9.24,MIN_PROFIT_TP_HIT,0.1268
674,TRUMP_USDT,SHORT,StochasticRSI(FAST_SCALP-SHORT),2,0.2,1.622,1.62,1.62,1.627,2026-07-09 07:22:59 UTC,2026-07-09 07:23:51 UTC,51.65,0.3244,0.0043,0.0,0.0004,0.04,9.25,MIN_PROFIT_TP_HIT,0.1272
675,TRUMP_USDT,SHORT,StochasticRSI(FAST_SCALP-SHORT),2,0.2,1.615,1.62,1.613,1.62,2026-07-09 07:41:59 UTC,2026-07-09 07:43:31 UTC,91.13,0.323,0.0043,0.0,-0.001,-0.09,-23.22,STOP_LOSS_HIT,0.1262
676,TRUMP_USDT,SHORT,StochasticRSI(FAST_SCALP-SHORT),2,0.2,1.622,1.62,1.62,1.627,2026-07-09 07:50:59 UTC,2026-07-09 07:58:26 UTC,446.94,0.3244,0.0043,0.0,0.0004,0.04,9.25,MIN_PROFIT_TP_HIT,0.1266
677,TRUMP_USDT,SHORT,StochasticRSI(FAST_SCALP-SHORT),2,0.2,1.612,1.617,1.61,1.617,2026-07-09 08:19:59 UTC,2026-07-09 08:25:31 UTC,331.68,0.3224,0.0043,0.0,-0.001,-0.09,-23.26,STOP_LOSS_HIT,0.1256
678,TRUMP_USDT,SHORT,StochasticRSI(FAST_SCALP-SHORT),2,0.2,1.617,1.615,1.615,1.622,2026-07-09 08:28:59 UTC,2026-07-09 08:32:18 UTC,198.38,0.3234,0.0043,0.0,0.0004,0.04,9.28,MIN_PROFIT_TP_HIT,0.126
679,TRUMP_USDT,SHORT,StochasticRSI(FAST_SCALP-SHORT),2,0.2,1.607,1.605,1.605,1.612,2026-07-09 09:05:59 UTC,2026-07-09 09:07:18 UTC,78.38,0.3214,0.0043,0.0,0.0004,0.04,9.33,MIN_PROFIT_TP_HIT,0.1264
680,TRUMP_USDT,SHORT,StochasticRSI(FAST_SCALP-SHORT),2,0.2,1.605,1.603,1.603,1.61,2026-07-09 09:15:59 UTC,2026-07-09 09:37:35 UTC,1295.25,0.321,0.0043,0.0,0.0004,0.04,9.35,MIN_PROFIT_TP_HIT,0.1268
681,TRUMP_USDT,SHORT,StochasticRSI(FAST_SCALP-SHORT),2,0.2,1.609,1.614,1.607,1.614,2026-07-09 09:45:59 UTC,2026-07-09 09:53:18 UTC,438.72,0.3218,0.0043,0.0,-0.001,-0.09,-23.31,STOP_LOSS_HIT,0.1258
682,TRUMP_USDT,SHORT,StochasticRSI(FAST_SCALP-SHORT),2,0.2,1.615,1.613,1.613,1.62,2026-07-09 10:06:59 UTC,2026-07-09 10:21:46 UTC,886.32,0.323,0.0043,0.0,0.0004,0.04,9.29,MIN_PROFIT_TP_HIT,0.1262
683,TRUMP_USDT,SHORT,StochasticRSI(FAST_SCALP-SHORT),2,0.2,1.612,1.61,1.61,1.617,2026-07-09 10:41:59 UTC,2026-07-09 10:42:56 UTC,56.51,0.3224,0.0043,0.0,0.0004,0.04,9.31,MIN_PROFIT_TP_HIT,0.1266
684,TRUMP_USDT,SHORT,StochasticRSI(FAST_SCALP-SHORT),2,0.2,1.61,1.608,1.608,1.615,2026-07-09 10:53:59 UTC,2026-07-09 10:55:17 UTC,77.37,0.322,0.0043,0.0,0.0004,0.04,9.32,MIN_PROFIT_TP_HIT,0.127
685,TRUMP_USDT,SHORT,StochasticRSI(FAST_SCALP-SHORT),2,0.2,1.609,1.607,1.607,1.614,2026-07-09 11:05:59 UTC,2026-07-09 11:08:53 UTC,173.75,0.3218,0.0043,0.0,0.0004,0.04,9.32,MIN_PROFIT_TP_HIT,0.1274
686,TRUMP_USDT,SHORT,StochasticRSI(FAST_SCALP-SHORT),2,0.2,1.608,1.613,1.606,1.613,2026-07-09 11:31:59 UTC,2026-07-09 11:49:00 UTC,1020.18,0.3216,0.0043,0.0,-0.001,-0.09,-23.32,STOP_LOSS_HIT,0.1264
687,TRUMP_USDT,SHORT,StochasticRSI(FAST_SCALP-SHORT),2,0.2,1.616,1.614,1.614,1.621,2026-07-09 11:55:59 UTC,2026-07-09 12:00:11 UTC,251.03,0.3232,0.0043,0.0,0.0004,0.04,9.28,MIN_PROFIT_TP_HIT,0.1268
688,TRUMP_USDT,SHORT,StochasticRSI(FAST_SCALP-SHORT),2,0.2,1.616,1.614,1.614,1.621,2026-07-09 12:29:59 UTC,2026-07-09 12:41:04 UTC,664.97,0.3232,0.0043,0.0,0.0004,0.04,9.28,MIN_PROFIT_TP_HIT,0.1272
689,TRUMP_USDT,SHORT,StochasticRSI(FAST_SCALP-SHORT),2,0.2,1.615,1.613,1.613,1.62,2026-07-09 12:55:59 UTC,2026-07-09 12:59:47 UTC,227.59,0.323,0.0043,0.0,0.0004,0.04,9.29,MIN_PROFIT_TP_HIT,0.1276
690,TRUMP_USDT,SHORT,StochasticRSI(FAST_SCALP-SHORT),2,0.2,1.617,1.615,1.615,1.622,2026-07-09 13:06:59 UTC,2026-07-09 13:08:11 UTC,71.16,0.3234,0.0043,0.0,0.0004,0.04,9.28,MIN_PROFIT_TP_HIT,0.128
691,TRUMP_USDT,SHORT,StochasticRSI(FAST_SCALP-SHORT),2,0.2,1.618,1.616,1.616,1.623,2026-07-09 13:29:59 UTC,2026-07-09 13:30:13 UTC,13.39,0.3236,0.0043,0.0,0.0004,0.04,9.27,MIN_PROFIT_TP_HIT,0.1284
692,TRUMP_USDT,SHORT,StochasticRSI(FAST_SCALP-SHORT),2,0.2,1.614,1.612,1.612,1.619,2026-07-09 13:47:59 UTC,2026-07-09 13:48:35 UTC,35.15,0.3228,0.0043,0.0,0.0004,0.04,9.29,MIN_PROFIT_TP_HIT,0.1288
693,TRUMP_USDT,SHORT,StochasticRSI(FAST_SCALP-SHORT),2,0.2,1.617,1.615,1.615,1.622,2026-07-09 13:58:59 UTC,2026-07-09 14:06:12 UTC,432.17,0.3234,0.0043,0.0,0.0004,0.04,9.28,MIN_PROFIT_TP_HIT,0.1292
694,TRUMP_USDT,SHORT,StochasticRSI(FAST_SCALP-SHORT),2,0.2,1.606,1.604,1.604,1.611,2026-07-09 14:30:59 UTC,2026-07-09 14:31:46 UTC,46.19,0.3212,0.0043,0.0,0.0004,0.04,9.34,MIN_PROFIT_TP_HIT,0.1296
695,TRUMP_USDT,SHORT,StochasticRSI(FAST_SCALP-SHORT),2,0.2,1.608,1.606,1.606,1.613,2026-07-09 14:50:59 UTC,2026-07-09 14:51:03 UTC,3.84,0.3216,0.0043,0.0,0.0004,0.04,9.33,MIN_PROFIT_TP_HIT,0.13
696,TRUMP_USDT,SHORT,StochasticRSI(FAST_SCALP-SHORT),2,0.2,1.603,1.608,1.601,1.608,2026-07-09 14:52:59 UTC,2026-07-09 15:00:05 UTC,425.1,0.3206,0.0043,0.0,-0.001,-0.09,-23.39,STOP_LOSS_HIT,0.129
697,TRUMP_USDT,SHORT,StochasticRSI(FAST_SCALP-SHORT),2,0.2,1.602,1.6,1.6,1.607,2026-07-09 15:02:59 UTC,2026-07-09 15:03:21 UTC,21.53,0.3204,0.0043,0.0,0.0004,0.04,9.36,MIN_PROFIT_TP_HIT,0.1294
698,TRUMP_USDT,SHORT,StochasticRSI(FAST_SCALP-SHORT),2,0.2,1.605,1.61,1.603,1.61,2026-07-09 15:13:59 UTC,2026-07-09 15:22:51 UTC,531.89,0.321,0.0043,0.0,-0.001,-0.09,-23.36,STOP_LOSS_HIT,0.1284
699,TRUMP_USDT,SHORT,StochasticRSI(FAST_SCALP-SHORT),2,0.2,1.608,1.606,1.606,1.613,2026-07-09 15:26:59 UTC,2026-07-09 15:28:45 UTC,105.7,0.3216,0.0043,0.0,0.0004,0.04,9.33,MIN_PROFIT_TP_HIT,0.1288
700,TRUMP_USDT,SHORT,StochasticRSI(FAST_SCALP-SHORT),2,0.2,1.603,1.601,1.601,1.608,2026-07-09 15:36:59 UTC,2026-07-09 15:46:29 UTC,569.99,0.3206,0.0043,0.0,0.0004,0.04,9.36,MIN_PROFIT_TP_HIT,0.1292
701,TRUMP_USDT,SHORT,StochasticRSI(FAST_SCALP-SHORT),2,0.2,1.597,1.595,1.595,1.602,2026-07-09 16:03:59 UTC,2026-07-09 16:04:34 UTC,34.71,0.3194,0.0043,0.0,0.0004,0.04,9.39,MIN_PROFIT_TP_HIT,0.1296
702,TRUMP_USDT,SHORT,StochasticRSI(FAST_SCALP-SHORT),2,0.2,1.592,1.59,1.59,1.597,2026-07-09 16:18:59 UTC,2026-07-09 16:21:02 UTC,122.37,0.3184,0.0042,0.0,0.0004,0.04,9.42,MIN_PROFIT_TP_HIT,0.13
703,TRUMP_USDT,SHORT,StochasticRSI(FAST_SCALP-SHORT),2,0.2,1.591,1.589,1.589,1.596,2026-07-09 16:23:59 UTC,2026-07-09 16:26:36 UTC,156.08,0.3182,0.0042,0.0,0.0004,0.04,9.43,MIN_PROFIT_TP_HIT,0.1304
704,TRUMP_USDT,SHORT,StochasticRSI(FAST_SCALP-SHORT),2,0.2,1.593,1.598,1.591,1.598,2026-07-09 16:34:59 UTC,2026-07-09 16:43:56 UTC,536.76,0.3186,0.0042,0.0,-0.001,-0.09,-23.54,STOP_LOSS_HIT,0.1294
705,TRUMP_USDT,SHORT,StochasticRSI(FAST_SCALP-SHORT),2,0.2,1.6,1.605,1.598,1.605,2026-07-09 16:48:59 UTC,2026-07-09 16:50:44 UTC,104.48,0.32,0.0043,0.0,-0.001,-0.09,-23.44,STOP_LOSS_HIT,0.1284
706,TRUMP_USDT,SHORT,StochasticRSI(FAST_SCALP-SHORT),2,0.2,1.604,1.602,1.602,1.609,2026-07-09 16:55:59 UTC,2026-07-09 16:59:43 UTC,223.21,0.3208,0.0043,0.0,0.0004,0.04,9.35,MIN_PROFIT_TP_HIT,0.1288
707,TRUMP_USDT,SHORT,StochasticRSI(FAST_SCALP-SHORT),2,0.2,1.602,1.607,1.6,1.607,2026-07-09 17:06:59 UTC,2026-07-09 17:19:04 UTC,724.16,0.3204,0.0043,0.0,-0.001,-0.09,-23.41,STOP_LOSS_HIT,0.1278
708,TRUMP_USDT,SHORT,StochasticRSI(FAST_SCALP-SHORT),2,0.2,1.609,1.614,1.607,1.614,2026-07-09 17:22:59 UTC,2026-07-09 17:39:32 UTC,992.1,0.3218,0.0043,0.0,-0.001,-0.09,-23.31,STOP_LOSS_HIT,0.1268
709,TRUMP_USDT,SHORT,StochasticRSI(FAST_SCALP-SHORT),2,0.2,1.616,1.614,1.614,1.621,2026-07-09 17:43:59 UTC,2026-07-09 17:51:54 UTC,474.08,0.3232,0.0043,0.0,0.0004,0.04,9.28,MIN_PROFIT_TP_HIT,0.1272
710,TRUMP_USDT,SHORT,StochasticRSI(FAST_SCALP-SHORT),2,0.2,1.616,1.621,1.614,1.621,2026-07-09 18:06:59 UTC,2026-07-09 18:08:12 UTC,72.42,0.3232,0.0043,0.0,-0.001,-0.09,-23.21,STOP_LOSS_HIT,0.1262
711,TRUMP_USDT,SHORT,StochasticRSI(FAST_SCALP-SHORT),2,0.2,1.619,1.617,1.617,1.624,2026-07-09 18:11:59 UTC,2026-07-09 18:15:12 UTC,192.71,0.3238,0.0043,0.0,0.0004,0.04,9.26,MIN_PROFIT_TP_HIT,0.1266
712,TRUMP_USDT,SHORT,StochasticRSI(FAST_SCALP-SHORT),2,0.2,1.618,1.616,1.616,1.623,2026-07-09 18:43:59 UTC,2026-07-09 18:53:08 UTC,548.5,0.3236,0.0043,0.0,0.0004,0.04,9.27,MIN_PROFIT_TP_HIT,0.127
713,TRUMP_USDT,SHORT,StochasticRSI(FAST_SCALP-SHORT),2,0.2,1.618,1.616,1.616,1.623,2026-07-09 18:57:59 UTC,2026-07-09 19:00:31 UTC,151.51,0.3236,0.0043,0.0,0.0004,0.04,9.27,MIN_PROFIT_TP_HIT,0.1274
714,TRUMP_USDT,SHORT,StochasticRSI(FAST_SCALP-SHORT),2,0.2,1.618,1.616,1.616,1.623,2026-07-09 19:14:59 UTC,2026-07-09 19:15:05 UTC,5.33,0.3236,0.0043,0.0,0.0004,0.04,9.27,MIN_PROFIT_TP_HIT,0.1278
715,TRUMP_USDT,SHORT,StochasticRSI(FAST_SCALP-SHORT),2,0.2,1.618,1.623,1.616,1.623,2026-07-09 19:32:59 UTC,2026-07-09 19:36:03 UTC,183.09,0.3236,0.0043,0.0,-0.001,-0.09,-23.18,STOP_LOSS_HIT,0.1268
716,TRUMP_USDT,SHORT,StochasticRSI(FAST_SCALP-SHORT),2,0.2,1.623,1.621,1.621,1.628,2026-07-09 19:39:59 UTC,2026-07-09 19:46:07 UTC,367.77,0.3246,0.0043,0.0,0.0004,0.04,9.24,MIN_PROFIT_TP_HIT,0.1272
717,TRUMP_USDT,SHORT,StochasticRSI(FAST_SCALP-SHORT),2,0.2,1.613,1.618,1.611,1.618,2026-07-09 20:12:59 UTC,2026-07-09 20:26:04 UTC,784.75,0.3226,0.0043,0.0,-0.001,-0.09,-23.25,STOP_LOSS_HIT,0.1262
718,TRUMP_USDT,SHORT,StochasticRSI(FAST_SCALP-SHORT),2,0.2,1.617,1.615,1.615,1.622,2026-07-09 20:31:59 UTC,2026-07-09 20:40:29 UTC,509.82,0.3234,0.0043,0.0,0.0004,0.04,9.28,MIN_PROFIT_TP_HIT,0.1266
719,TRUMP_USDT,SHORT,StochasticRSI(FAST_SCALP-SHORT),2,0.2,1.616,1.614,1.614,1.621,2026-07-09 21:08:59 UTC,2026-07-09 21:15:17 UTC,377.64,0.3232,0.0043,0.0,0.0004,0.04,9.28,MIN_PROFIT_TP_HIT,0.127
720,TRUMP_USDT,SHORT,StochasticRSI(FAST_SCALP-SHORT),2,0.2,1.61,1.608,1.608,1.615,2026-07-09 21:35:59 UTC,2026-07-09 21:40:00 UTC,240.24,0.322,0.0043,0.0,0.0004,0.04,9.32,MIN_PROFIT_TP_HIT,0.1274
721,TRUMP_USDT,SHORT,StochasticRSI(FAST_SCALP-SHORT),2,0.2,1.606,1.604,1.604,1.611,2026-07-09 21:52:59 UTC,2026-07-09 21:57:17 UTC,257.27,0.3212,0.0043,0.0,0.0004,0.04,9.34,MIN_PROFIT_TP_HIT,0.1278
722,TRUMP_USDT,SHORT,StochasticRSI(FAST_SCALP-SHORT),2,0.2,1.605,1.603,1.603,1.61,2026-07-09 21:58:59 UTC,2026-07-09 22:02:26 UTC,206.1,0.321,0.0043,0.0,0.0004,0.04,9.35,MIN_PROFIT_TP_HIT,0.1282
723,TRUMP_USDT,SHORT,StochasticRSI(FAST_SCALP-SHORT),2,0.2,1.606,1.604,1.604,1.611,2026-07-09 22:09:59 UTC,2026-07-09 22:11:38 UTC,98.59,0.3212,0.0043,0.0,0.0004,0.04,9.34,MIN_PROFIT_TP_HIT,0.1286
724,TRUMP_USDT,SHORT,StochasticRSI(FAST_SCALP-SHORT),2,0.2,1.607,1.605,1.605,1.612,2026-07-09 22:22:59 UTC,2026-07-09 22:26:10 UTC,190.07,0.3214,0.0043,0.0,0.0004,0.04,9.33,MIN_PROFIT_TP_HIT,0.129
725,TRUMP_USDT,SHORT,StochasticRSI(FAST_SCALP-SHORT),2,0.2,1.607,1.605,1.605,1.612,2026-07-09 22:42:59 UTC,2026-07-09 22:56:31 UTC,811.86,0.3214,0.0043,0.0,0.0004,0.04,9.33,MIN_PROFIT_TP_HIT,0.1294
726,TRUMP_USDT,SHORT,StochasticRSI(FAST_SCALP-SHORT),2,0.2,1.604,1.602,1.602,1.609,2026-07-09 23:07:59 UTC,2026-07-09 23:14:15 UTC,375.02,0.3208,0.0043,0.0,0.0004,0.04,9.35,MIN_PROFIT_TP_HIT,0.1298
727,TRUMP_USDT,SHORT,StochasticRSI(FAST_SCALP-SHORT),2,0.2,1.605,1.603,1.603,1.61,2026-07-09 23:27:59 UTC,2026-07-09 23:34:21 UTC,381.27,0.321,0.0043,0.0,0.0004,0.04,9.35,MIN_PROFIT_TP_HIT,0.1302
728,TRUMP_USDT,SHORT,StochasticRSI(FAST_SCALP-SHORT),2,0.2,1.604,1.602,1.602,1.609,2026-07-09 23:59:59 UTC,2026-07-10 00:02:05 UTC,125.17,0.3208,0.0043,0.0,0.0004,0.04,9.35,MIN_PROFIT_TP_HIT,0.1306
729,TRUMP_USDT,SHORT,StochasticRSI(FAST_SCALP-SHORT),2,0.2,1.604,1.602,1.602,1.609,2026-07-10 00:11:59 UTC,2026-07-10 00:18:07 UTC,367.91,0.3208,0.0043,0.0,0.0004,0.04,9.35,MIN_PROFIT_TP_HIT,0.131
730,TRUMP_USDT,SHORT,StochasticRSI(FAST_SCALP-SHORT),2,0.2,1.601,1.606,1.599,1.606,2026-07-10 00:34:59 UTC,2026-07-10 00:41:32 UTC,392.1,0.3202,0.0043,0.0,-0.001,-0.09,-23.42,STOP_LOSS_HIT,0.13
731,TRUMP_USDT,SHORT,StochasticRSI(FAST_SCALP-SHORT),2,0.2,1.604,1.602,1.602,1.609,2026-07-10 00:44:59 UTC,2026-07-10 00:45:53 UTC,53.6,0.3208,0.0043,0.0,0.0004,0.04,9.35,MIN_PROFIT_TP_HIT,0.1304
732,TRUMP_USDT,SHORT,StochasticRSI(FAST_SCALP-SHORT),2,0.2,1.605,1.603,1.603,1.61,2026-07-10 00:59:59 UTC,2026-07-10 01:01:20 UTC,80.38,0.321,0.0043,0.0,0.0004,0.04,9.35,MIN_PROFIT_TP_HIT,0.1308
733,TRUMP_USDT,SHORT,StochasticRSI(FAST_SCALP-SHORT),2,0.2,1.601,1.599,1.599,1.606,2026-07-10 01:03:59 UTC,2026-07-10 01:05:11 UTC,71.6,0.3202,0.0043,0.0,0.0004,0.04,9.37,MIN_PROFIT_TP_HIT,0.1312
734,TRUMP_USDT,SHORT,StochasticRSI(FAST_SCALP-SHORT),2,0.2,1.608,1.606,1.606,1.613,2026-07-10 01:22:59 UTC,2026-07-10 01:25:35 UTC,155.92,0.3216,0.0043,0.0,0.0004,0.04,9.33,MIN_PROFIT_TP_HIT,0.1316
735,TRUMP_USDT,SHORT,StochasticRSI(FAST_SCALP-SHORT),2,0.2,1.622,1.62,1.62,1.627,2026-07-10 01:51:59 UTC,2026-07-10 01:52:13 UTC,13.24,0.3244,0.0043,0.0,0.0004,0.04,9.25,MIN_PROFIT_TP_HIT,0.132
736,TRUMP_USDT,SHORT,StochasticRSI(FAST_SCALP-SHORT),2,0.2,1.615,1.613,1.613,1.62,2026-07-10 02:07:59 UTC,2026-07-10 02:23:40 UTC,940.32,0.323,0.0043,0.0,0.0004,0.04,9.29,MIN_PROFIT_TP_HIT,0.1324
737,TRUMP_USDT,SHORT,StochasticRSI(FAST_SCALP-SHORT),2,0.2,1.616,1.614,1.614,1.621,2026-07-10 02:39:59 UTC,2026-07-10 02:40:03 UTC,3.47,0.3232,0.0043,0.0,0.0004,0.04,9.28,MIN_PROFIT_TP_HIT,0.1328
738,TRUMP_USDT,SHORT,StochasticRSI(FAST_SCALP-SHORT),2,0.2,1.616,1.614,1.614,1.621,2026-07-10 03:03:59 UTC,2026-07-10 03:10:34 UTC,394.6,0.3232,0.0043,0.0,0.0004,0.04,9.28,MIN_PROFIT_TP_HIT,0.1332
739,TRUMP_USDT,SHORT,StochasticRSI(FAST_SCALP-SHORT),2,0.2,1.615,1.613,1.613,1.62,2026-07-10 03:16:59 UTC,2026-07-10 03:24:43 UTC,463.07,0.323,0.0043,0.0,0.0004,0.04,9.29,MIN_PROFIT_TP_HIT,0.1336
740,TRUMP_USDT,SHORT,StochasticRSI(FAST_SCALP-SHORT),2,0.2,1.613,1.611,1.611,1.618,2026-07-10 03:39:59 UTC,2026-07-10 03:56:35 UTC,995.96,0.3226,0.0043,0.0,0.0004,0.04,9.3,MIN_PROFIT_TP_HIT,0.134
741,TRUMP_USDT,SHORT,StochasticRSI(FAST_SCALP-SHORT),2,0.2,1.612,1.61,1.61,1.617,2026-07-10 04:19:59 UTC,2026-07-10 04:29:50 UTC,590.45,0.3224,0.0043,0.0,0.0004,0.04,9.31,MIN_PROFIT_TP_HIT,0.1344
742,TRUMP_USDT,SHORT,StochasticRSI(FAST_SCALP-SHORT),2,0.2,1.613,1.618,1.611,1.618,2026-07-10 04:40:59 UTC,2026-07-10 05:03:25 UTC,1345.18,0.3226,0.0043,0.0,-0.001,-0.09,-23.25,STOP_LOSS_HIT,0.1334
743,TRUMP_USDT,SHORT,StochasticRSI(FAST_SCALP-SHORT),2,0.2,1.616,1.614,1.614,1.621,2026-07-10 05:06:59 UTC,2026-07-10 05:26:36 UTC,1176.08,0.3232,0.0043,0.0,0.0004,0.04,9.28,MIN_PROFIT_TP_HIT,0.1338
744,TRUMP_USDT,SHORT,StochasticRSI(FAST_SCALP-SHORT),2,0.2,1.618,1.616,1.616,1.623,2026-07-10 05:40:59 UTC,2026-07-10 05:41:38 UTC,38.57,0.3236,0.0043,0.0,0.0004,0.04,9.27,MIN_PROFIT_TP_HIT,0.1342
745,TRUMP_USDT,SHORT,StochasticRSI(FAST_SCALP-SHORT),2,0.2,1.613,1.611,1.611,1.618,2026-07-10 06:02:59 UTC,2026-07-10 06:06:40 UTC,220.88,0.3226,0.0043,0.0,0.0004,0.04,9.3,MIN_PROFIT_TP_HIT,0.1346
746,TRUMP_USDT,SHORT,StochasticRSI(FAST_SCALP-SHORT),2,0.2,1.607,1.605,1.605,1.612,2026-07-10 06:27:59 UTC,2026-07-10 06:52:07 UTC,1447.2,0.3214,0.0043,0.0,0.0004,0.04,9.33,MIN_PROFIT_TP_HIT,0.135
747,TRUMP_USDT,SHORT,StochasticRSI(FAST_SCALP-SHORT),2,0.2,1.606,1.604,1.604,1.611,2026-07-10 07:03:59 UTC,2026-07-10 07:47:24 UTC,2604.61,0.3212,0.0043,0.0,0.0004,0.04,9.34,MIN_PROFIT_TP_HIT,0.1354
748,TRUMP_USDT,SHORT,StochasticRSI(FAST_SCALP-SHORT),2,0.2,1.605,1.603,1.603,1.61,2026-07-10 07:58:59 UTC,2026-07-10 08:03:55 UTC,295.12,0.321,0.0043,0.0,0.0004,0.04,9.35,MIN_PROFIT_TP_HIT,0.1358
749,TRUMP_USDT,SHORT,StochasticRSI(FAST_SCALP-SHORT),2,0.2,1.605,1.61,1.603,1.61,2026-07-10 08:12:59 UTC,2026-07-10 08:16:39 UTC,219.37,0.321,0.0043,0.0,-0.001,-0.09,-23.36,STOP_LOSS_HIT,0.1348
750,TRUMP_USDT,SHORT,StochasticRSI(FAST_SCALP-SHORT),2,0.2,1.609,1.614,1.607,1.614,2026-07-10 08:19:59 UTC,2026-07-10 08:33:32 UTC,812.92,0.3218,0.0043,0.0,-0.001,-0.09,-23.31,STOP_LOSS_HIT,0.1338
751,TRUMP_USDT,SHORT,StochasticRSI(FAST_SCALP-SHORT),2,0.2,1.616,1.614,1.614,1.621,2026-07-10 08:37:59 UTC,2026-07-10 08:47:43 UTC,583.31,0.3232,0.0043,0.0,0.0004,0.04,9.28,MIN_PROFIT_TP_HIT,0.1342
752,TRUMP_USDT,SHORT,StochasticRSI(FAST_SCALP-SHORT),2,0.2,1.618,1.616,1.616,1.623,2026-07-10 08:59:59 UTC,2026-07-10 09:01:15 UTC,75.08,0.3236,0.0043,0.0,0.0004,0.04,9.27,MIN_PROFIT_TP_HIT,0.1346
753,TRUMP_USDT,SHORT,StochasticRSI(FAST_SCALP-SHORT),2,0.2,1.612,1.617,1.61,1.617,2026-07-10 09:12:59 UTC,2026-07-10 09:18:09 UTC,309.11,0.3224,0.0043,0.0,-0.001,-0.09,-23.26,STOP_LOSS_HIT,0.1336
754,TRUMP_USDT,SHORT,StochasticRSI(FAST_SCALP-SHORT),2,0.2,1.618,1.623,1.616,1.623,2026-07-10 09:24:59 UTC,2026-07-10 09:30:59 UTC,359.36,0.3236,0.0043,0.0,-0.001,-0.09,-23.18,STOP_LOSS_HIT,0.1326
755,TRUMP_USDT,SHORT,StochasticRSI(FAST_SCALP-SHORT),2,0.2,1.631,1.629,1.629,1.636,2026-07-10 09:39:59 UTC,2026-07-10 09:43:43 UTC,223.2,0.3262,0.0043,0.0,0.0004,0.04,9.2,MIN_PROFIT_TP_HIT,0.133
756,TRUMP_USDT,SHORT,StochasticRSI(FAST_SCALP-SHORT),2,0.2,1.633,1.631,1.631,1.638,2026-07-10 09:57:59 UTC,2026-07-10 09:58:25 UTC,25.51,0.3266,0.0044,0.0,0.0004,0.04,9.19,MIN_PROFIT_TP_HIT,0.1334
757,TRUMP_USDT,SHORT,StochasticRSI(FAST_SCALP-SHORT),2,0.2,1.633,1.631,1.631,1.638,2026-07-10 10:20:59 UTC,2026-07-10 10:22:36 UTC,96.68,0.3266,0.0044,0.0,0.0004,0.04,9.19,MIN_PROFIT_TP_HIT,0.1338
758,TRUMP_USDT,SHORT,StochasticRSI(FAST_SCALP-SHORT),2,0.2,1.634,1.639,1.632,1.639,2026-07-10 10:23:59 UTC,2026-07-10 10:26:28 UTC,148.45,0.3268,0.0044,0.0,-0.001,-0.09,-22.95,STOP_LOSS_HIT,0.1328
759,TRUMP_USDT,SHORT,StochasticRSI(FAST_SCALP-SHORT),2,0.2,1.64,1.645,1.638,1.645,2026-07-10 10:32:59 UTC,2026-07-10 10:33:53 UTC,53.3,0.328,0.0044,0.0,-0.001,-0.09,-22.87,STOP_LOSS_HIT,0.1318
760,TRUMP_USDT,SHORT,StochasticRSI(FAST_SCALP-SHORT),2,0.2,1.637,1.635,1.635,1.642,2026-07-10 10:50:59 UTC,2026-07-10 10:52:05 UTC,65.91,0.3274,0.0044,0.0,0.0004,0.04,9.16,MIN_PROFIT_TP_HIT,0.1322
761,TRUMP_USDT,SHORT,StochasticRSI(FAST_SCALP-SHORT),2,0.2,1.636,1.634,1.634,1.641,2026-07-10 11:00:59 UTC,2026-07-10 11:01:39 UTC,39.93,0.3272,0.0044,0.0,0.0004,0.04,9.17,MIN_PROFIT_TP_HIT,0.1326
762,TRUMP_USDT,SHORT,StochasticRSI(FAST_SCALP-SHORT),2,0.2,1.632,1.63,1.63,1.637,2026-07-10 11:10:59 UTC,2026-07-10 11:20:04 UTC,544.78,0.3264,0.0044,0.0,0.0004,0.04,9.19,MIN_PROFIT_TP_HIT,0.133
763,TRUMP_USDT,SHORT,StochasticRSI(FAST_SCALP-SHORT),2,0.2,1.627,1.625,1.625,1.632,2026-07-10 11:32:59 UTC,2026-07-10 11:33:05 UTC,5.17,0.3254,0.0043,0.0,0.0004,0.04,9.22,MIN_PROFIT_TP_HIT,0.1334
764,TRUMP_USDT,SHORT,StochasticRSI(FAST_SCALP-SHORT),2,0.2,1.625,1.63,1.623,1.63,2026-07-10 11:36:59 UTC,2026-07-10 11:46:07 UTC,547.68,0.325,0.0043,0.0,-0.001,-0.09,-23.08,STOP_LOSS_HIT,0.1324
765,TRUMP_USDT,SHORT,StochasticRSI(FAST_SCALP-SHORT),2,0.2,1.629,1.627,1.627,1.634,2026-07-10 11:49:59 UTC,2026-07-10 11:57:12 UTC,432.13,0.3258,0.0043,0.0,0.0004,0.04,9.21,MIN_PROFIT_TP_HIT,0.1328
766,TRUMP_USDT,SHORT,StochasticRSI(FAST_SCALP-SHORT),2,0.2,1.629,1.627,1.627,1.634,2026-07-10 12:15:59 UTC,2026-07-10 12:17:14 UTC,74.21,0.3258,0.0043,0.0,0.0004,0.04,9.21,MIN_PROFIT_TP_HIT,0.1332
767,TRUMP_USDT,SHORT,StochasticRSI(FAST_SCALP-SHORT),2,0.2,1.631,1.629,1.629,1.636,2026-07-10 12:28:59 UTC,2026-07-10 12:30:32 UTC,92.48,0.3262,0.0043,0.0,0.0004,0.04,9.2,MIN_PROFIT_TP_HIT,0.1336
768,TRUMP_USDT,SHORT,StochasticRSI(FAST_SCALP-SHORT),2,0.2,1.625,1.623,1.623,1.63,2026-07-10 12:51:59 UTC,2026-07-10 12:53:17 UTC,77.25,0.325,0.0043,0.0,0.0004,0.04,9.23,MIN_PROFIT_TP_HIT,0.134
769,TRUMP_USDT,SHORT,StochasticRSI(FAST_SCALP-SHORT),2,0.2,1.62,1.618,1.618,1.625,2026-07-10 13:04:59 UTC,2026-07-10 13:16:57 UTC,717.07,0.324,0.0043,0.0,0.0004,0.04,9.26,MIN_PROFIT_TP_HIT,0.1344
770,TRUMP_USDT,SHORT,StochasticRSI(FAST_SCALP-SHORT),2,0.2,1.62,1.618,1.618,1.625,2026-07-10 13:27:59 UTC,2026-07-10 13:30:01 UTC,121.56,0.324,0.0043,0.0,0.0004,0.04,9.26,MIN_PROFIT_TP_HIT,0.1348
771,TRUMP_USDT,SHORT,StochasticRSI(FAST_SCALP-SHORT),2,0.2,1.617,1.622,1.615,1.622,2026-07-10 13:40:59 UTC,2026-07-10 13:41:41 UTC,41.93,0.3234,0.0043,0.0,-0.001,-0.09,-23.19,STOP_LOSS_HIT,0.1338
772,TRUMP_USDT,SHORT,StochasticRSI(FAST_SCALP-SHORT),2,0.2,1.627,1.625,1.625,1.632,2026-07-10 13:49:59 UTC,2026-07-10 13:59:41 UTC,581.09,0.3254,0.0043,0.0,0.0004,0.04,9.22,MIN_PROFIT_TP_HIT,0.1342
773,TRUMP_USDT,SHORT,StochasticRSI(FAST_SCALP-SHORT),2,0.2,1.614,1.612,1.612,1.619,2026-07-10 14:31:59 UTC,2026-07-10 14:32:42 UTC,42.58,0.3228,0.0043,0.0,0.0004,0.04,9.29,MIN_PROFIT_TP_HIT,0.1346
774,TRUMP_USDT,SHORT,StochasticRSI(FAST_SCALP-SHORT),2,0.2,1.608,1.606,1.606,1.613,2026-07-10 14:42:59 UTC,2026-07-10 14:47:10 UTC,250.88,0.3216,0.0043,0.0,0.0004,0.04,9.33,MIN_PROFIT_TP_HIT,0.135
775,TRUMP_USDT,SHORT,StochasticRSI(FAST_SCALP-SHORT),2,0.2,1.614,1.612,1.612,1.619,2026-07-10 15:07:59 UTC,2026-07-10 15:10:48 UTC,168.75,0.3228,0.0043,0.0,0.0004,0.04,9.29,MIN_PROFIT_TP_HIT,0.1354
776,TRUMP_USDT,SHORT,StochasticRSI(FAST_SCALP-SHORT),2,0.2,1.613,1.611,1.611,1.618,2026-07-10 15:32:59 UTC,2026-07-10 15:35:36 UTC,156.38,0.3226,0.0043,0.0,0.0004,0.04,9.3,MIN_PROFIT_TP_HIT,0.1358
777,TRUMP_USDT,SHORT,StochasticRSI(FAST_SCALP-SHORT),2,0.2,1.605,1.61,1.603,1.61,2026-07-10 15:51:59 UTC,2026-07-10 15:55:11 UTC,191.06,0.321,0.0043,0.0,-0.001,-0.09,-23.36,STOP_LOSS_HIT,0.1348
778,TRUMP_USDT,SHORT,StochasticRSI(FAST_SCALP-SHORT),2,0.2,1.61,1.608,1.608,1.615,2026-07-10 15:57:59 UTC,2026-07-10 16:01:39 UTC,219.9,0.322,0.0043,0.0,0.0004,0.04,9.32,MIN_PROFIT_TP_HIT,0.1352
779,TRUMP_USDT,SHORT,StochasticRSI(FAST_SCALP-SHORT),2,0.2,1.611,1.616,1.609,1.616,2026-07-10 16:06:59 UTC,2026-07-10 16:16:10 UTC,550.04,0.3222,0.0043,0.0,-0.001,-0.09,-23.28,STOP_LOSS_HIT,0.1342
780,TRUMP_USDT,SHORT,StochasticRSI(FAST_SCALP-SHORT),2,0.2,1.614,1.612,1.612,1.619,2026-07-10 16:18:59 UTC,2026-07-10 16:21:22 UTC,142.06,0.3228,0.0043,0.0,0.0004,0.04,9.29,MIN_PROFIT_TP_HIT,0.1346
781,TRUMP_USDT,SHORT,StochasticRSI(FAST_SCALP-SHORT),2,0.2,1.605,1.603,1.603,1.61,2026-07-10 16:37:59 UTC,2026-07-10 16:38:37 UTC,37.78,0.321,0.0043,0.0,0.0004,0.04,9.35,MIN_PROFIT_TP_HIT,0.135
782,TRUMP_USDT,SHORT,StochasticRSI(FAST_SCALP-SHORT),2,0.2,1.615,1.613,1.613,1.62,2026-07-10 16:49:59 UTC,2026-07-10 16:53:13 UTC,193.63,0.323,0.0043,0.0,0.0004,0.04,9.29,MIN_PROFIT_TP_HIT,0.1354
783,TRUMP_USDT,SHORT,StochasticRSI(FAST_SCALP-SHORT),2,0.2,1.615,1.613,1.613,1.62,2026-07-10 17:03:59 UTC,2026-07-10 17:09:54 UTC,354.57,0.323,0.0043,0.0,0.0004,0.04,9.29,MIN_PROFIT_TP_HIT,0.1358
784,TRUMP_USDT,SHORT,StochasticRSI(FAST_SCALP-SHORT),2,0.2,1.613,1.611,1.611,1.618,2026-07-10 17:28:59 UTC,2026-07-10 17:30:11 UTC,71.53,0.3226,0.0043,0.0,0.0004,0.04,9.3,MIN_PROFIT_TP_HIT,0.1362
785,TRUMP_USDT,SHORT,StochasticRSI(FAST_SCALP-SHORT),2,0.2,1.605,1.603,1.603,1.61,2026-07-10 17:52:59 UTC,2026-07-10 17:54:29 UTC,89.09,0.321,0.0043,0.0,0.0004,0.04,9.35,MIN_PROFIT_TP_HIT,0.1366
786,TRUMP_USDT,SHORT,StochasticRSI(FAST_SCALP-SHORT),2,0.2,1.605,1.603,1.603,1.61,2026-07-10 18:05:59 UTC,2026-07-10 18:06:39 UTC,39.92,0.321,0.0043,0.0,0.0004,0.04,9.35,MIN_PROFIT_TP_HIT,0.137
787,TRUMP_USDT,SHORT,StochasticRSI(FAST_SCALP-SHORT),2,0.2,1.605,1.61,1.603,1.61,2026-07-10 18:08:59 UTC,2026-07-10 18:10:20 UTC,80.48,0.321,0.0043,0.0,-0.001,-0.09,-23.36,STOP_LOSS_HIT,0.136
788,TRUMP_USDT,SHORT,StochasticRSI(FAST_SCALP-SHORT),2,0.2,1.605,1.603,1.603,1.61,2026-07-10 18:27:59 UTC,2026-07-10 18:42:03 UTC,843.17,0.321,0.0043,0.0,0.0004,0.04,9.35,MIN_PROFIT_TP_HIT,0.1364
789,TRUMP_USDT,SHORT,StochasticRSI(FAST_SCALP-SHORT),2,0.2,1.603,1.608,1.601,1.608,2026-07-10 19:01:59 UTC,2026-07-10 19:13:39 UTC,699.81,0.3206,0.0043,0.0,-0.001,-0.09,-23.39,STOP_LOSS_HIT,0.1354
790,TRUMP_USDT,SHORT,StochasticRSI(FAST_SCALP-SHORT),2,0.2,1.608,1.606,1.606,1.613,2026-07-10 19:18:59 UTC,2026-07-10 19:20:15 UTC,75.96,0.3216,0.0043,0.0,0.0004,0.04,9.33,MIN_PROFIT_TP_HIT,0.1358
791,TRUMP_USDT,SHORT,StochasticRSI(FAST_SCALP-SHORT),2,0.2,1.607,1.612,1.605,1.612,2026-07-10 19:31:59 UTC,2026-07-10 19:32:17 UTC,17.74,0.3214,0.0043,0.0,-0.001,-0.09,-23.34,STOP_LOSS_HIT,0.1348
792,TRUMP_USDT,SHORT,StochasticRSI(FAST_SCALP-SHORT),2,0.2,1.614,1.612,1.612,1.619,2026-07-10 19:38:59 UTC,2026-07-10 19:39:04 UTC,4.7,0.3228,0.0043,0.0,0.0004,0.04,9.29,MIN_PROFIT_TP_HIT,0.1352
793,TRUMP_USDT,SHORT,StochasticRSI(FAST_SCALP-SHORT),2,0.2,1.61,1.608,1.608,1.615,2026-07-10 20:12:59 UTC,2026-07-10 20:15:27 UTC,147.71,0.322,0.0043,0.0,0.0004,0.04,9.32,MIN_PROFIT_TP_HIT,0.1356
794,TRUMP_USDT,SHORT,StochasticRSI(FAST_SCALP-SHORT),2,0.2,1.61,1.608,1.608,1.615,2026-07-10 20:38:59 UTC,2026-07-10 20:40:32 UTC,92.65,0.322,0.0043,0.0,0.0004,0.04,9.32,MIN_PROFIT_TP_HIT,0.136
795,TRUMP_USDT,SHORT,StochasticRSI(FAST_SCALP-SHORT),2,0.2,1.604,1.609,1.602,1.609,2026-07-10 20:59:59 UTC,2026-07-10 21:13:00 UTC,780.05,0.3208,0.0043,0.0,-0.001,-0.09,-23.38,STOP_LOSS_HIT,0.135
796,TRUMP_USDT,SHORT,StochasticRSI(FAST_SCALP-SHORT),2,0.2,1.612,1.61,1.61,1.617,2026-07-10 21:26:59 UTC,2026-07-10 21:28:28 UTC,88.47,0.3224,0.0043,0.0,0.0004,0.04,9.31,MIN_PROFIT_TP_HIT,0.1354
797,TRUMP_USDT,SHORT,StochasticRSI(FAST_SCALP-SHORT),2,0.2,1.616,1.614,1.614,1.621,2026-07-10 21:40:59 UTC,2026-07-10 21:58:53 UTC,1073.2,0.3232,0.0043,0.0,0.0004,0.04,9.28,MIN_PROFIT_TP_HIT,0.1358
798,TRUMP_USDT,SHORT,StochasticRSI(FAST_SCALP-SHORT),2,0.2,1.617,1.615,1.615,1.622,2026-07-10 22:06:59 UTC,2026-07-10 22:12:17 UTC,317.08,0.3234,0.0043,0.0,0.0004,0.04,9.28,MIN_PROFIT_TP_HIT,0.1362
799,TRUMP_USDT,SHORT,StochasticRSI(FAST_SCALP-SHORT),2,0.2,1.615,1.62,1.613,1.62,2026-07-10 22:34:59 UTC,2026-07-10 22:54:41 UTC,1181.23,0.323,0.0043,0.0,-0.001,-0.09,-23.22,STOP_LOSS_HIT,0.1352
800,TRUMP_USDT,SHORT,StochasticRSI(FAST_SCALP-SHORT),2,0.2,1.619,1.617,1.617,1.624,2026-07-10 22:57:59 UTC,2026-07-10 23:02:43 UTC,283.02,0.3238,0.0043,0.0,0.0004,0.04,9.26,MIN_PROFIT_TP_HIT,0.1356
801,TRUMP_USDT,SHORT,StochasticRSI(FAST_SCALP-SHORT),2,0.2,1.615,1.613,1.613,1.62,2026-07-10 23:20:59 UTC,2026-07-10 23:47:40 UTC,1600.31,0.323,0.0043,0.0,0.0004,0.04,9.29,MIN_PROFIT_TP_HIT,0.136
802,TRUMP_USDT,SHORT,StochasticRSI(FAST_SCALP-SHORT),2,0.2,1.613,1.611,1.611,1.618,2026-07-10 23:55:59 UTC,2026-07-11 00:01:09 UTC,309.01,0.3226,0.0043,0.0,0.0004,0.04,9.3,MIN_PROFIT_TP_HIT,0.1364
803,TRUMP_USDT,SHORT,StochasticRSI(FAST_SCALP-SHORT),2,0.2,1.61,1.608,1.608,1.615,2026-07-11 00:18:59 UTC,2026-07-11 00:19:21 UTC,21.13,0.322,0.0043,0.0,0.0004,0.04,9.32,MIN_PROFIT_TP_HIT,0.1368
804,TRUMP_USDT,SHORT,StochasticRSI(FAST_SCALP-SHORT),2,0.2,1.615,1.613,1.613,1.62,2026-07-11 00:26:59 UTC,2026-07-11 00:33:38 UTC,398.47,0.323,0.0043,0.0,0.0004,0.04,9.29,MIN_PROFIT_TP_HIT,0.1372
805,TRUMP_USDT,SHORT,StochasticRSI(FAST_SCALP-SHORT),2,0.2,1.618,1.616,1.616,1.623,2026-07-11 00:47:59 UTC,2026-07-11 01:02:08 UTC,848.56,0.3236,0.0043,0.0,0.0004,0.04,9.27,MIN_PROFIT_TP_HIT,0.1376
806,TRUMP_USDT,SHORT,StochasticRSI(FAST_SCALP-SHORT),2,0.2,1.62,1.618,1.618,1.625,2026-07-11 01:16:59 UTC,2026-07-11 01:19:22 UTC,142.62,0.324,0.0043,0.0,0.0004,0.04,9.26,MIN_PROFIT_TP_HIT,0.138
807,TRUMP_USDT,SHORT,StochasticRSI(FAST_SCALP-SHORT),2,0.2,1.619,1.617,1.617,1.624,2026-07-11 01:20:59 UTC,2026-07-11 01:27:19 UTC,379.46,0.3238,0.0043,0.0,0.0004,0.04,9.26,MIN_PROFIT_TP_HIT,0.1384
808,TRUMP_USDT,SHORT,StochasticRSI(FAST_SCALP-SHORT),2,0.2,1.621,1.619,1.619,1.626,2026-07-11 01:36:59 UTC,2026-07-11 01:38:17 UTC,77.48,0.3242,0.0043,0.0,0.0004,0.04,9.25,MIN_PROFIT_TP_HIT,0.1388
809,TRUMP_USDT,SHORT,StochasticRSI(FAST_SCALP-SHORT),2,0.2,1.617,1.615,1.615,1.622,2026-07-11 01:39:59 UTC,2026-07-11 01:40:38 UTC,38.55,0.3234,0.0043,0.0,0.0004,0.04,9.28,MIN_PROFIT_TP_HIT,0.1392
810,TRUMP_USDT,SHORT,StochasticRSI(FAST_SCALP-SHORT),2,0.2,1.615,1.613,1.613,1.62,2026-07-11 01:52:59 UTC,2026-07-11 01:57:52 UTC,292.9,0.323,0.0043,0.0,0.0004,0.04,9.29,MIN_PROFIT_TP_HIT,0.1396
811,TRUMP_USDT,SHORT,StochasticRSI(FAST_SCALP-SHORT),2,0.2,1.614,1.612,1.612,1.619,2026-07-11 02:11:59 UTC,2026-07-11 02:12:07 UTC,7.68,0.3228,0.0043,0.0,0.0004,0.04,9.29,MIN_PROFIT_TP_HIT,0.14
812,TRUMP_USDT,SHORT,StochasticRSI(FAST_SCALP-SHORT),2,0.2,1.61,1.615,1.608,1.615,2026-07-11 02:36:59 UTC,2026-07-11 02:56:01 UTC,1141.9,0.322,0.0043,0.0,-0.001,-0.09,-23.29,STOP_LOSS_HIT,0.139
813,TRUMP_USDT,SHORT,StochasticRSI(FAST_SCALP-SHORT),2,0.2,1.616,1.614,1.614,1.621,2026-07-11 02:59:59 UTC,2026-07-11 03:02:00 UTC,120.1,0.3232,0.0043,0.0,0.0004,0.04,9.28,MIN_PROFIT_TP_HIT,0.1394
814,TRUMP_USDT,SHORT,StochasticRSI(FAST_SCALP-SHORT),2,0.2,1.614,1.612,1.612,1.619,2026-07-11 03:03:59 UTC,2026-07-11 03:12:14 UTC,494.73,0.3228,0.0043,0.0,0.0004,0.04,9.29,MIN_PROFIT_TP_HIT,0.1398
815,TRUMP_USDT,SHORT,StochasticRSI(FAST_SCALP-SHORT),2,0.2,1.611,1.609,1.609,1.616,2026-07-11 03:27:59 UTC,2026-07-11 03:29:57 UTC,117.71,0.3222,0.0043,0.0,0.0004,0.04,9.31,MIN_PROFIT_TP_HIT,0.1402
816,TRUMP_USDT,SHORT,StochasticRSI(FAST_SCALP-SHORT),2,0.2,1.614,1.612,1.612,1.619,2026-07-11 03:38:59 UTC,2026-07-11 03:39:50 UTC,51.0,0.3228,0.0043,0.0,0.0004,0.04,9.29,MIN_PROFIT_TP_HIT,0.1406
817,TRUMP_USDT,SHORT,StochasticRSI(FAST_SCALP-SHORT),2,0.2,1.61,1.608,1.608,1.615,2026-07-11 03:58:59 UTC,2026-07-11 04:07:15 UTC,495.41,0.322,0.0043,0.0,0.0004,0.04,9.32,MIN_PROFIT_TP_HIT,0.141
818,TRUMP_USDT,SHORT,StochasticRSI(FAST_SCALP-SHORT),2,0.2,1.607,1.605,1.605,1.612,2026-07-11 04:17:59 UTC,2026-07-11 04:26:42 UTC,522.35,0.3214,0.0043,0.0,0.0004,0.04,9.33,MIN_PROFIT_TP_HIT,0.1414
819,TRUMP_USDT,SHORT,StochasticRSI(FAST_SCALP-SHORT),2,0.2,1.605,1.603,1.603,1.61,2026-07-11 04:27:59 UTC,2026-07-11 05:00:22 UTC,1942.61,0.321,0.0043,0.0,0.0004,0.04,9.35,MIN_PROFIT_TP_HIT,0.1418
820,TRUMP_USDT,SHORT,StochasticRSI(FAST_SCALP-SHORT),2,0.2,1.605,1.61,1.603,1.61,2026-07-11 05:15:59 UTC,2026-07-11 05:22:04 UTC,364.06,0.321,0.0043,0.0,-0.001,-0.09,-23.36,STOP_LOSS_HIT,0.1408
821,TRUMP_USDT,SHORT,StochasticRSI(FAST_SCALP-SHORT),2,0.2,1.609,1.614,1.607,1.614,2026-07-11 05:25:59 UTC,2026-07-11 05:38:09 UTC,729.15,0.3218,0.0043,0.0,-0.001,-0.09,-23.31,STOP_LOSS_HIT,0.1398
822,TRUMP_USDT,SHORT,StochasticRSI(FAST_SCALP-SHORT),2,0.2,1.611,1.609,1.609,1.616,2026-07-11 05:40:59 UTC,2026-07-11 05:41:11 UTC,11.98,0.3222,0.0043,0.0,0.0004,0.04,9.31,MIN_PROFIT_TP_HIT,0.1402
823,TRUMP_USDT,SHORT,StochasticRSI(FAST_SCALP-SHORT),2,0.2,1.607,1.605,1.605,1.612,2026-07-11 05:57:59 UTC,2026-07-11 06:00:06 UTC,126.66,0.3214,0.0043,0.0,0.0004,0.04,9.33,MIN_PROFIT_TP_HIT,0.1406
824,TRUMP_USDT,SHORT,StochasticRSI(FAST_SCALP-SHORT),2,0.2,1.606,1.604,1.604,1.611,2026-07-11 06:01:59 UTC,2026-07-11 06:02:02 UTC,2.62,0.3212,0.0043,0.0,0.0004,0.04,9.34,MIN_PROFIT_TP_HIT,0.141
825,TRUMP_USDT,SHORT,StochasticRSI(FAST_SCALP-SHORT),2,0.2,1.608,1.606,1.606,1.613,2026-07-11 06:17:59 UTC,2026-07-11 06:50:54 UTC,1974.45,0.3216,0.0043,0.0,0.0004,0.04,9.33,MIN_PROFIT_TP_HIT,0.1414
826,TRUMP_USDT,SHORT,StochasticRSI(FAST_SCALP-SHORT),2,0.2,1.605,1.603,1.603,1.61,2026-07-11 07:23:59 UTC,2026-07-11 07:34:53 UTC,653.07,0.321,0.0043,0.0,0.0004,0.04,9.35,MIN_PROFIT_TP_HIT,0.1418
827,TRUMP_USDT,SHORT,StochasticRSI(FAST_SCALP-SHORT),2,0.2,1.602,1.607,1.6,1.607,2026-07-11 08:01:59 UTC,2026-07-11 08:11:21 UTC,561.95,0.3204,0.0043,0.0,-0.001,-0.09,-23.41,STOP_LOSS_HIT,0.1408
828,TRUMP_USDT,SHORT,StochasticRSI(FAST_SCALP-SHORT),2,0.2,1.604,1.602,1.602,1.609,2026-07-11 08:13:59 UTC,2026-07-11 08:14:41 UTC,41.73,0.3208,0.0043,0.0,0.0004,0.04,9.35,MIN_PROFIT_TP_HIT,0.1412
829,TRUMP_USDT,SHORT,StochasticRSI(FAST_SCALP-SHORT),2,0.2,1.606,1.604,1.604,1.611,2026-07-11 08:42:59 UTC,2026-07-11 08:47:03 UTC,243.12,0.3212,0.0043,0.0,0.0004,0.04,9.34,MIN_PROFIT_TP_HIT,0.1416
830,TRUMP_USDT,SHORT,StochasticRSI(FAST_SCALP-SHORT),2,0.2,1.608,1.613,1.606,1.613,2026-07-11 09:02:59 UTC,2026-07-11 09:04:07 UTC,67.54,0.3216,0.0043,0.0,-0.001,-0.09,-23.32,STOP_LOSS_HIT,0.1406
831,TRUMP_USDT,SHORT,StochasticRSI(FAST_SCALP-SHORT),2,0.2,1.613,1.611,1.611,1.618,2026-07-11 09:07:59 UTC,2026-07-11 09:19:50 UTC,710.67,0.3226,0.0043,0.0,0.0004,0.04,9.3,MIN_PROFIT_TP_HIT,0.141
832,TRUMP_USDT,SHORT,StochasticRSI(FAST_SCALP-SHORT),2,0.2,1.609,1.614,1.607,1.614,2026-07-11 09:32:59 UTC,2026-07-11 09:37:55 UTC,295.86,0.3218,0.0043,0.0,-0.001,-0.09,-23.31,STOP_LOSS_HIT,0.14
833,TRUMP_USDT,SHORT,StochasticRSI(FAST_SCALP-SHORT),2,0.2,1.613,1.611,1.611,1.618,2026-07-11 09:41:59 UTC,2026-07-11 09:44:19 UTC,139.47,0.3226,0.0043,0.0,0.0004,0.04,9.3,MIN_PROFIT_TP_HIT,0.1404
834,TRUMP_USDT,SHORT,StochasticRSI(FAST_SCALP-SHORT),2,0.2,1.605,1.61,1.603,1.61,2026-07-11 10:05:59 UTC,2026-07-11 11:06:46 UTC,3646.5,0.321,0.0043,0.0,-0.001,-0.09,-23.36,STOP_LOSS_HIT,0.1394
835,TRUMP_USDT,SHORT,StochasticRSI(FAST_SCALP-SHORT),2,0.2,1.612,1.61,1.61,1.617,2026-07-11 11:10:59 UTC,2026-07-11 11:11:41 UTC,41.98,0.3224,0.0043,0.0,0.0004,0.04,9.31,MIN_PROFIT_TP_HIT,0.1398
836,TRUMP_USDT,SHORT,StochasticRSI(FAST_SCALP-SHORT),2,0.2,1.612,1.61,1.61,1.617,2026-07-11 11:34:59 UTC,2026-07-11 12:39:03 UTC,3843.73,0.3224,0.0043,0.0,0.0004,0.04,9.31,MIN_PROFIT_TP_HIT,0.1402
837,TRUMP_USDT,SHORT,StochasticRSI(FAST_SCALP-SHORT),2,0.2,1.612,1.61,1.61,1.617,2026-07-11 12:46:59 UTC,2026-07-11 13:10:37 UTC,1417.2,0.3224,0.0043,0.0,0.0004,0.04,9.31,MIN_PROFIT_TP_HIT,0.1406
838,TRUMP_USDT,SHORT,StochasticRSI(FAST_SCALP-SHORT),2,0.2,1.61,1.615,1.608,1.615,2026-07-11 13:11:59 UTC,2026-07-11 13:20:35 UTC,515.84,0.322,0.0043,0.0,-0.001,-0.09,-23.29,STOP_LOSS_HIT,0.1396
839,TRUMP_USDT,SHORT,StochasticRSI(FAST_SCALP-SHORT),2,0.2,1.613,1.618,1.611,1.618,2026-07-11 13:21:59 UTC,2026-07-11 13:32:40 UTC,640.69,0.3226,0.0043,0.0,-0.001,-0.09,-23.25,STOP_LOSS_HIT,0.1386
840,TRUMP_USDT,SHORT,StochasticRSI(FAST_SCALP-SHORT),2,0.2,1.615,1.613,1.613,1.62,2026-07-11 13:51:59 UTC,2026-07-11 13:55:41 UTC,221.12,0.323,0.0043,0.0,0.0004,0.04,9.29,MIN_PROFIT_TP_HIT,0.139
841,TRUMP_USDT,SHORT,StochasticRSI(FAST_SCALP-SHORT),2,0.2,1.616,1.621,1.614,1.621,2026-07-11 14:06:59 UTC,2026-07-11 14:35:44 UTC,1724.74,0.3232,0.0043,0.0,-0.001,-0.09,-23.21,STOP_LOSS_HIT,0.138
842,TRUMP_USDT,SHORT,StochasticRSI(FAST_SCALP-SHORT),2,0.2,1.622,1.62,1.62,1.627,2026-07-11 14:38:59 UTC,2026-07-11 14:39:53 UTC,53.88,0.3244,0.0043,0.0,0.0004,0.04,9.25,MIN_PROFIT_TP_HIT,0.1384
843,TRUMP_USDT,SHORT,StochasticRSI(FAST_SCALP-SHORT),2,0.2,1.627,1.632,1.625,1.632,2026-07-11 15:07:59 UTC,2026-07-11 15:11:10 UTC,190.52,0.3254,0.0043,0.0,-0.001,-0.09,-23.05,STOP_LOSS_HIT,0.1374
844,TRUMP_USDT,SHORT,StochasticRSI(FAST_SCALP-SHORT),2,0.2,1.625,1.623,1.623,1.63,2026-07-11 15:26:59 UTC,2026-07-11 15:36:56 UTC,596.85,0.325,0.0043,0.0,0.0004,0.04,9.23,MIN_PROFIT_TP_HIT,0.1378
845,TRUMP_USDT,SHORT,StochasticRSI(FAST_SCALP-SHORT),2,0.2,1.615,1.613,1.613,1.62,2026-07-11 15:37:59 UTC,2026-07-11 15:38:16 UTC,16.19,0.323,0.0043,0.0,0.0004,0.04,9.29,MIN_PROFIT_TP_HIT,0.1382
846,TRUMP_USDT,SHORT,StochasticRSI(FAST_SCALP-SHORT),2,0.2,1.616,1.614,1.614,1.621,2026-07-11 15:57:59 UTC,2026-07-11 16:03:36 UTC,336.83,0.3232,0.0043,0.0,0.0004,0.04,9.28,MIN_PROFIT_TP_HIT,0.1386
847,TRUMP_USDT,SHORT,StochasticRSI(FAST_SCALP-SHORT),2,0.2,1.614,1.612,1.612,1.619,2026-07-11 16:16:59 UTC,2026-07-11 16:20:44 UTC,224.87,0.3228,0.0043,0.0,0.0004,0.04,9.29,MIN_PROFIT_TP_HIT,0.139
848,TRUMP_USDT,SHORT,StochasticRSI(FAST_SCALP-SHORT),2,0.2,1.616,1.614,1.614,1.621,2026-07-11 16:30:59 UTC,2026-07-11 16:36:34 UTC,334.56,0.3232,0.0043,0.0,0.0004,0.04,9.28,MIN_PROFIT_TP_HIT,0.1394
849,TRUMP_USDT,SHORT,StochasticRSI(FAST_SCALP-SHORT),2,0.2,1.614,1.619,1.612,1.619,2026-07-11 16:47:59 UTC,2026-07-11 16:50:42 UTC,162.81,0.3228,0.0043,0.0,-0.001,-0.09,-23.23,STOP_LOSS_HIT,0.1384
850,TRUMP_USDT,SHORT,StochasticRSI(FAST_SCALP-SHORT),2,0.2,1.618,1.616,1.616,1.623,2026-07-11 16:52:59 UTC,2026-07-11 16:53:42 UTC,42.72,0.3236,0.0043,0.0,0.0004,0.04,9.27,MIN_PROFIT_TP_HIT,0.1388
851,TRUMP_USDT,SHORT,StochasticRSI(FAST_SCALP-SHORT),2,0.2,1.617,1.622,1.615,1.622,2026-07-11 17:03:59 UTC,2026-07-11 17:07:43 UTC,223.71,0.3234,0.0043,0.0,-0.001,-0.09,-23.19,STOP_LOSS_HIT,0.1378
852,TRUMP_USDT,SHORT,StochasticRSI(FAST_SCALP-SHORT),2,0.2,1.623,1.621,1.621,1.628,2026-07-11 17:11:59 UTC,2026-07-11 17:42:27 UTC,1827.3,0.3246,0.0043,0.0,0.0004,0.04,9.24,MIN_PROFIT_TP_HIT,0.1382
853,TRUMP_USDT,SHORT,StochasticRSI(FAST_SCALP-SHORT),2,0.2,1.624,1.622,1.622,1.629,2026-07-11 17:47:59 UTC,2026-07-11 17:48:14 UTC,14.78,0.3248,0.0043,0.0,0.0004,0.04,9.24,MIN_PROFIT_TP_HIT,0.1386
854,TRUMP_USDT,SHORT,StochasticRSI(FAST_SCALP-SHORT),2,0.2,1.621,1.626,1.619,1.626,2026-07-11 18:10:59 UTC,2026-07-11 18:18:00 UTC,420.22,0.3242,0.0043,0.0,-0.001,-0.09,-23.13,STOP_LOSS_HIT,0.1376
855,TRUMP_USDT,SHORT,StochasticRSI(FAST_SCALP-SHORT),2,0.2,1.626,1.624,1.624,1.631,2026-07-11 18:19:59 UTC,2026-07-11 18:22:39 UTC,159.42,0.3252,0.0043,0.0,0.0004,0.04,9.23,MIN_PROFIT_TP_HIT,0.138
856,TRUMP_USDT,SHORT,StochasticRSI(FAST_SCALP-SHORT),2,0.2,1.626,1.624,1.624,1.631,2026-07-11 18:34:59 UTC,2026-07-11 18:45:26 UTC,626.66,0.3252,0.0043,0.0,0.0004,0.04,9.23,MIN_PROFIT_TP_HIT,0.1384
857,TRUMP_USDT,SHORT,StochasticRSI(FAST_SCALP-SHORT),2,0.2,1.625,1.623,1.623,1.63,2026-07-11 19:02:59 UTC,2026-07-11 19:26:44 UTC,1424.66,0.325,0.0043,0.0,0.0004,0.04,9.23,MIN_PROFIT_TP_HIT,0.1388
858,TRUMP_USDT,SHORT,StochasticRSI(FAST_SCALP-SHORT),2,0.2,1.621,1.626,1.619,1.626,2026-07-11 19:47:59 UTC,2026-07-11 20:00:21 UTC,741.16,0.3242,0.0043,0.0,-0.001,-0.09,-23.13,STOP_LOSS_HIT,0.1378
859,TRUMP_USDT,SHORT,StochasticRSI(FAST_SCALP-SHORT),2,0.2,1.626,1.624,1.624,1.631,2026-07-11 20:02:59 UTC,2026-07-11 20:49:20 UTC,2780.65,0.3252,0.0043,0.0,0.0004,0.04,9.23,MIN_PROFIT_TP_HIT,0.1382
860,TRUMP_USDT,SHORT,StochasticRSI(FAST_SCALP-SHORT),2,0.2,1.628,1.626,1.626,1.633,2026-07-11 20:57:59 UTC,2026-07-11 21:13:05 UTC,905.46,0.3256,0.0043,0.0,0.0004,0.04,9.21,MIN_PROFIT_TP_HIT,0.1386
861,TRUMP_USDT,SHORT,StochasticRSI(FAST_SCALP-SHORT),2,0.2,1.628,1.626,1.626,1.633,2026-07-11 21:31:59 UTC,2026-07-11 21:40:18 UTC,498.37,0.3256,0.0043,0.0,0.0004,0.04,9.21,MIN_PROFIT_TP_HIT,0.139
862,TRUMP_USDT,SHORT,StochasticRSI(FAST_SCALP-SHORT),2,0.2,1.625,1.623,1.623,1.63,2026-07-11 21:56:59 UTC,2026-07-11 22:00:04 UTC,184.95,0.325,0.0043,0.0,0.0004,0.04,9.23,MIN_PROFIT_TP_HIT,0.1394
863,TRUMP_USDT,SHORT,StochasticRSI(FAST_SCALP-SHORT),2,0.2,1.625,1.623,1.623,1.63,2026-07-11 22:10:59 UTC,2026-07-11 22:11:33 UTC,33.43,0.325,0.0043,0.0,0.0004,0.04,9.23,MIN_PROFIT_TP_HIT,0.1398
864,TRUMP_USDT,SHORT,StochasticRSI(FAST_SCALP-SHORT),2,0.2,1.622,1.62,1.62,1.627,2026-07-11 22:14:59 UTC,2026-07-11 22:19:30 UTC,270.74,0.3244,0.0043,0.0,0.0004,0.04,9.25,MIN_PROFIT_TP_HIT,0.1402
865,TRUMP_USDT,SHORT,StochasticRSI(FAST_SCALP-SHORT),2,0.2,1.616,1.614,1.614,1.621,2026-07-11 22:34:59 UTC,2026-07-11 22:37:09 UTC,129.04,0.3232,0.0043,0.0,0.0004,0.04,9.28,MIN_PROFIT_TP_HIT,0.1406
866,TRUMP_USDT,SHORT,StochasticRSI(FAST_SCALP-SHORT),2,0.2,1.615,1.613,1.613,1.62,2026-07-11 22:38:59 UTC,2026-07-11 22:39:34 UTC,34.25,0.323,0.0043,0.0,0.0004,0.04,9.29,MIN_PROFIT_TP_HIT,0.141
867,TRUMP_USDT,SHORT,StochasticRSI(FAST_SCALP-SHORT),2,0.2,1.61,1.608,1.608,1.615,2026-07-11 23:02:59 UTC,2026-07-11 23:08:24 UTC,324.47,0.322,0.0043,0.0,0.0004,0.04,9.32,MIN_PROFIT_TP_HIT,0.1414
868,TRUMP_USDT,SHORT,StochasticRSI(FAST_SCALP-SHORT),2,0.2,1.605,1.603,1.603,1.61,2026-07-11 23:20:59 UTC,2026-07-11 23:21:45 UTC,45.98,0.321,0.0043,0.0,0.0004,0.04,9.35,MIN_PROFIT_TP_HIT,0.1418
869,TRUMP_USDT,SHORT,StochasticRSI(FAST_SCALP-SHORT),2,0.2,1.594,1.592,1.592,1.599,2026-07-11 23:38:59 UTC,2026-07-11 23:39:52 UTC,52.93,0.3188,0.0043,0.0,0.0004,0.04,9.41,MIN_PROFIT_TP_HIT,0.1422
870,TRUMP_USDT,SHORT,StochasticRSI(FAST_SCALP-SHORT),2,0.2,1.593,1.598,1.591,1.598,2026-07-11 23:40:59 UTC,2026-07-11 23:45:34 UTC,274.24,0.3186,0.0042,0.0,-0.001,-0.09,-23.54,STOP_LOSS_HIT,0.1412
871,TRUMP_USDT,SHORT,StochasticRSI(FAST_SCALP-SHORT),2,0.2,1.563,1.561,1.561,1.568,2026-07-12 00:08:59 UTC,2026-07-12 00:09:07 UTC,7.2,0.3126,0.0042,0.0,0.0004,0.04,9.6,MIN_PROFIT_TP_HIT,0.1416
872,TRUMP_USDT,SHORT,StochasticRSI(FAST_SCALP-SHORT),2,0.2,1.567,1.565,1.565,1.572,2026-07-12 00:15:59 UTC,2026-07-12 00:17:15 UTC,75.13,0.3134,0.0042,0.0,0.0004,0.04,9.57,MIN_PROFIT_TP_HIT,0.142
873,TRUMP_USDT,SHORT,StochasticRSI(FAST_SCALP-SHORT),2,0.2,1.565,1.57,1.563,1.57,2026-07-12 00:19:59 UTC,2026-07-12 00:21:53 UTC,113.59,0.313,0.0042,0.0,-0.001,-0.09,-23.96,STOP_LOSS_HIT,0.141
874,TRUMP_USDT,SHORT,StochasticRSI(FAST_SCALP-SHORT),2,0.2,1.567,1.565,1.565,1.572,2026-07-12 00:24:59 UTC,2026-07-12 00:30:02 UTC,302.44,0.3134,0.0042,0.0,0.0004,0.04,9.57,MIN_PROFIT_TP_HIT,0.1414
875,TRUMP_USDT,SHORT,StochasticRSI(FAST_SCALP-SHORT),2,0.2,1.564,1.562,1.562,1.569,2026-07-12 00:38:59 UTC,2026-07-12 00:39:20 UTC,20.1,0.3128,0.0042,0.0,0.0004,0.04,9.59,MIN_PROFIT_TP_HIT,0.1418
876,TRUMP_USDT,SHORT,StochasticRSI(FAST_SCALP-SHORT),2,0.2,1.563,1.568,1.561,1.568,2026-07-12 00:47:59 UTC,2026-07-12 00:50:52 UTC,172.63,0.3126,0.0042,0.0,-0.001,-0.09,-23.99,STOP_LOSS_HIT,0.1408
877,TRUMP_USDT,SHORT,StochasticRSI(FAST_SCALP-SHORT),2,0.2,1.566,1.564,1.564,1.571,2026-07-12 00:58:59 UTC,2026-07-12 00:59:08 UTC,8.8,0.3132,0.0042,0.0,0.0004,0.04,9.58,MIN_PROFIT_TP_HIT,0.1412
878,TRUMP_USDT,SHORT,StochasticRSI(FAST_SCALP-SHORT),2,0.2,1.573,1.578,1.571,1.578,2026-07-12 01:18:59 UTC,2026-07-12 01:28:02 UTC,542.06,0.3146,0.0042,0.0,-0.001,-0.09,-23.84,STOP_LOSS_HIT,0.1402
879,TRUMP_USDT,SHORT,StochasticRSI(FAST_SCALP-SHORT),2,0.2,1.577,1.575,1.575,1.582,2026-07-12 01:37:59 UTC,2026-07-12 02:03:22 UTC,1522.57,0.3154,0.0042,0.0,0.0004,0.04,9.51,MIN_PROFIT_TP_HIT,0.1406
880,TRUMP_USDT,SHORT,StochasticRSI(FAST_SCALP-SHORT),2,0.2,1.576,1.574,1.574,1.581,2026-07-12 02:19:59 UTC,2026-07-12 02:33:23 UTC,803.44,0.3152,0.0042,0.0,0.0004,0.04,9.52,MIN_PROFIT_TP_HIT,0.141
881,TRUMP_USDT,SHORT,StochasticRSI(FAST_SCALP-SHORT),2,0.2,1.574,1.579,1.572,1.579,2026-07-12 02:50:59 UTC,2026-07-12 03:02:37 UTC,697.01,0.3148,0.0042,0.0,-0.001,-0.09,-23.82,STOP_LOSS_HIT,0.14
882,TRUMP_USDT,SHORT,StochasticRSI(FAST_SCALP-SHORT),2,0.2,1.58,1.585,1.578,1.585,2026-07-12 03:26:59 UTC,2026-07-12 03:33:18 UTC,378.85,0.316,0.0042,0.0,-0.001,-0.09,-23.73,STOP_LOSS_HIT,0.139
883,TRUMP_USDT,SHORT,StochasticRSI(FAST_SCALP-SHORT),2,0.2,1.58,1.578,1.578,1.585,2026-07-12 03:36:59 UTC,2026-07-12 04:01:52 UTC,1492.08,0.316,0.0042,0.0,0.0004,0.04,9.49,MIN_PROFIT_TP_HIT,0.1394
884,TRUMP_USDT,SHORT,StochasticRSI(FAST_SCALP-SHORT),2,0.2,1.579,1.577,1.577,1.584,2026-07-12 04:20:59 UTC,2026-07-12 04:32:32 UTC,692.94,0.3158,0.0042,0.0,0.0004,0.04,9.5,MIN_PROFIT_TP_HIT,0.1398
885,TRUMP_USDT,SHORT,StochasticRSI(FAST_SCALP-SHORT),2,0.2,1.581,1.579,1.579,1.586,2026-07-12 04:46:59 UTC,2026-07-12 04:49:20 UTC,140.07,0.3162,0.0042,0.0,0.0004,0.04,9.49,MIN_PROFIT_TP_HIT,0.1402
886,TRUMP_USDT,SHORT,StochasticRSI(FAST_SCALP-SHORT),2,0.2,1.577,1.575,1.575,1.582,2026-07-12 05:03:59 UTC,2026-07-12 05:07:47 UTC,227.49,0.3154,0.0042,0.0,0.0004,0.04,9.51,MIN_PROFIT_TP_HIT,0.1406
887,TRUMP_USDT,SHORT,StochasticRSI(FAST_SCALP-SHORT),2,0.2,1.575,1.573,1.573,1.58,2026-07-12 05:08:59 UTC,2026-07-12 05:15:52 UTC,412.49,0.315,0.0042,0.0,0.0004,0.04,9.52,MIN_PROFIT_TP_HIT,0.141
888,TRUMP_USDT,SHORT,StochasticRSI(FAST_SCALP-SHORT),2,0.2,1.571,1.569,1.569,1.576,2026-07-12 05:48:59 UTC,2026-07-12 06:01:13 UTC,733.52,0.3142,0.0042,0.0,0.0004,0.04,9.55,MIN_PROFIT_TP_HIT,0.1414
889,TRUMP_USDT,SHORT,StochasticRSI(FAST_SCALP-SHORT),2,0.2,1.557,1.555,1.555,1.562,2026-07-12 06:23:59 UTC,2026-07-12 06:26:41 UTC,161.08,0.3114,0.0042,0.0,0.0004,0.04,9.63,MIN_PROFIT_TP_HIT,0.1418
890,TRUMP_USDT,SHORT,StochasticRSI(FAST_SCALP-SHORT),2,0.2,1.557,1.555,1.555,1.562,2026-07-12 06:27:59 UTC,2026-07-12 06:28:11 UTC,11.08,0.3114,0.0042,0.0,0.0004,0.04,9.63,MIN_PROFIT_TP_HIT,0.1422
891,TRUMP_USDT,SHORT,StochasticRSI(FAST_SCALP-SHORT),2,0.2,1.561,1.559,1.559,1.566,2026-07-12 06:40:59 UTC,2026-07-12 06:41:02 UTC,2.45,0.3122,0.0042,0.0,0.0004,0.04,9.61,MIN_PROFIT_TP_HIT,0.1426
892,TRUMP_USDT,SHORT,StochasticRSI(FAST_SCALP-SHORT),2,0.2,1.564,1.562,1.562,1.569,2026-07-12 07:02:59 UTC,2026-07-12 07:50:36 UTC,2856.37,0.3128,0.0042,0.0,0.0004,0.04,9.59,MIN_PROFIT_TP_HIT,0.143
893,TRUMP_USDT,SHORT,StochasticRSI(FAST_SCALP-SHORT),2,0.2,1.569,1.574,1.567,1.574,2026-07-12 08:11:59 UTC,2026-07-12 08:56:54 UTC,2694.16,0.3138,0.0042,0.0,-0.001,-0.09,-23.9,STOP_LOSS_HIT,0.142
894,TRUMP_USDT,SHORT,StochasticRSI(FAST_SCALP-SHORT),2,0.2,1.573,1.571,1.571,1.578,2026-07-12 09:01:59 UTC,2026-07-12 09:11:18 UTC,558.75,0.3146,0.0042,0.0,0.0004,0.04,9.54,MIN_PROFIT_TP_HIT,0.1424
895,TRUMP_USDT,SHORT,StochasticRSI(FAST_SCALP-SHORT),2,0.2,1.569,1.574,1.567,1.574,2026-07-12 09:30:59 UTC,2026-07-12 09:45:32 UTC,872.64,0.3138,0.0042,0.0,-0.001,-0.09,-23.9,STOP_LOSS_HIT,0.1414
896,TRUMP_USDT,SHORT,StochasticRSI(FAST_SCALP-SHORT),2,0.2,1.574,1.572,1.572,1.579,2026-07-12 09:48:59 UTC,2026-07-12 09:54:25 UTC,325.01,0.3148,0.0042,0.0,0.0004,0.04,9.53,MIN_PROFIT_TP_HIT,0.1418
897,TRUMP_USDT,SHORT,StochasticRSI(FAST_SCALP-SHORT),2,0.2,1.573,1.571,1.571,1.578,2026-07-12 10:09:59 UTC,2026-07-12 10:25:02 UTC,902.4,0.3146,0.0042,0.0,0.0004,0.04,9.54,MIN_PROFIT_TP_HIT,0.1422
898,TRUMP_USDT,SHORT,StochasticRSI(FAST_SCALP-SHORT),2,0.2,1.571,1.569,1.569,1.576,2026-07-12 10:37:59 UTC,2026-07-12 10:40:05 UTC,125.35,0.3142,0.0042,0.0,0.0004,0.04,9.55,MIN_PROFIT_TP_HIT,0.1426
899,TRUMP_USDT,SHORT,StochasticRSI(FAST_SCALP-SHORT),2,0.2,1.571,1.569,1.569,1.576,2026-07-12 11:04:59 UTC,2026-07-12 11:07:00 UTC,120.34,0.3142,0.0042,0.0,0.0004,0.04,9.55,MIN_PROFIT_TP_HIT,0.143
900,TRUMP_USDT,SHORT,StochasticRSI(FAST_SCALP-SHORT),2,0.2,1.569,1.574,1.567,1.574,2026-07-12 11:20:59 UTC,2026-07-12 11:29:08 UTC,488.57,0.3138,0.0042,0.0,-0.001,-0.09,-23.9,STOP_LOSS_HIT,0.142
901,TRUMP_USDT,SHORT,StochasticRSI(FAST_SCALP-SHORT),2,0.2,1.572,1.577,1.57,1.577,2026-07-12 11:31:59 UTC,2026-07-12 11:43:41 UTC,701.21,0.3144,0.0042,0.0,-0.001,-0.09,-23.85,STOP_LOSS_HIT,0.141
902,TRUMP_USDT,SHORT,StochasticRSI(FAST_SCALP-SHORT),2,0.2,1.576,1.574,1.574,1.581,2026-07-12 11:48:59 UTC,2026-07-12 12:00:14 UTC,674.73,0.3152,0.0042,0.0,0.0004,0.04,9.52,MIN_PROFIT_TP_HIT,0.1414
903,TRUMP_USDT,SHORT,StochasticRSI(FAST_SCALP-SHORT),2,0.2,1.579,1.577,1.577,1.584,2026-07-12 12:16:59 UTC,2026-07-12 12:21:48 UTC,288.92,0.3158,0.0042,0.0,0.0004,0.04,9.5,MIN_PROFIT_TP_HIT,0.1418
904,TRUMP_USDT,SHORT,StochasticRSI(FAST_SCALP-SHORT),2,0.2,1.577,1.575,1.575,1.582,2026-07-12 12:40:59 UTC,2026-07-12 13:17:25 UTC,2185.58,0.3154,0.0042,0.0,0.0004,0.04,9.51,MIN_PROFIT_TP_HIT,0.1422
905,TRUMP_USDT,SHORT,StochasticRSI(FAST_SCALP-SHORT),2,0.2,1.577,1.575,1.575,1.582,2026-07-12 13:24:59 UTC,2026-07-12 13:28:04 UTC,184.69,0.3154,0.0042,0.0,0.0004,0.04,9.51,MIN_PROFIT_TP_HIT,0.1426
906,TRUMP_USDT,SHORT,StochasticRSI(FAST_SCALP-SHORT),2,0.2,1.568,1.566,1.566,1.573,2026-07-12 13:29:59 UTC,2026-07-12 13:42:00 UTC,720.79,0.3136,0.0042,0.0,0.0004,0.04,9.57,MIN_PROFIT_TP_HIT,0.143
907,TRUMP_USDT,SHORT,StochasticRSI(FAST_SCALP-SHORT),2,0.2,1.568,1.566,1.566,1.573,2026-07-12 13:53:59 UTC,2026-07-12 14:01:54 UTC,474.75,0.3136,0.0042,0.0,0.0004,0.04,9.57,MIN_PROFIT_TP_HIT,0.1434
908,TRUMP_USDT,SHORT,StochasticRSI(FAST_SCALP-SHORT),2,0.2,1.569,1.574,1.567,1.574,2026-07-12 14:10:59 UTC,2026-07-12 14:32:44 UTC,1304.34,0.3138,0.0042,0.0,-0.001,-0.09,-23.9,STOP_LOSS_HIT,0.1424
909,TRUMP_USDT,SHORT,StochasticRSI(FAST_SCALP-SHORT),2,0.2,1.574,1.579,1.572,1.579,2026-07-12 14:38:59 UTC,2026-07-12 14:46:42 UTC,462.43,0.3148,0.0042,0.0,-0.001,-0.09,-23.82,STOP_LOSS_HIT,0.1414
910,TRUMP_USDT,SHORT,StochasticRSI(FAST_SCALP-SHORT),2,0.2,1.585,1.59,1.583,1.59,2026-07-12 15:14:59 UTC,2026-07-12 15:24:27 UTC,567.45,0.317,0.0042,0.0,-0.001,-0.09,-23.66,STOP_LOSS_HIT,0.1404
911,TRUMP_USDT,SHORT,StochasticRSI(FAST_SCALP-SHORT),2,0.2,1.589,1.587,1.587,1.594,2026-07-12 15:27:59 UTC,2026-07-12 15:28:29 UTC,29.91,0.3178,0.0042,0.0,0.0004,0.04,9.44,MIN_PROFIT_TP_HIT,0.1408
912,TRUMP_USDT,SHORT,StochasticRSI(FAST_SCALP-SHORT),2,0.2,1.587,1.585,1.585,1.592,2026-07-12 15:51:59 UTC,2026-07-12 16:12:26 UTC,1226.59,0.3174,0.0042,0.0,0.0004,0.04,9.45,MIN_PROFIT_TP_HIT,0.1412
913,TRUMP_USDT,SHORT,StochasticRSI(FAST_SCALP-SHORT),2,0.2,1.582,1.58,1.58,1.587,2026-07-12 16:24:59 UTC,2026-07-12 16:31:56 UTC,416.63,0.3164,0.0042,0.0,0.0004,0.04,9.48,MIN_PROFIT_TP_HIT,0.1416
914,TRUMP_USDT,SHORT,StochasticRSI(FAST_SCALP-SHORT),2,0.2,1.581,1.579,1.579,1.586,2026-07-12 16:46:59 UTC,2026-07-12 16:53:03 UTC,363.04,0.3162,0.0042,0.0,0.0004,0.04,9.49,MIN_PROFIT_TP_HIT,0.142
915,TRUMP_USDT,SHORT,StochasticRSI(FAST_SCALP-SHORT),2,0.2,1.577,1.575,1.575,1.582,2026-07-12 17:23:59 UTC,2026-07-12 17:50:33 UTC,1593.05,0.3154,0.0042,0.0,0.0004,0.04,9.51,MIN_PROFIT_TP_HIT,0.1424
916,TRUMP_USDT,SHORT,StochasticRSI(FAST_SCALP-SHORT),2,0.2,1.574,1.572,1.572,1.579,2026-07-12 18:02:59 UTC,2026-07-12 18:06:01 UTC,181.95,0.3148,0.0042,0.0,0.0004,0.04,9.53,MIN_PROFIT_TP_HIT,0.1428
917,TRUMP_USDT,SHORT,StochasticRSI(FAST_SCALP-SHORT),2,0.2,1.572,1.577,1.57,1.577,2026-07-12 18:17:59 UTC,2026-07-12 18:30:52 UTC,772.31,0.3144,0.0042,0.0,-0.001,-0.09,-23.85,STOP_LOSS_HIT,0.1418
918,TRUMP_USDT,SHORT,StochasticRSI(FAST_SCALP-SHORT),2,0.2,1.577,1.582,1.575,1.582,2026-07-12 18:34:59 UTC,2026-07-12 18:41:21 UTC,381.13,0.3154,0.0042,0.0,-0.001,-0.09,-23.78,STOP_LOSS_HIT,0.1408
919,TRUMP_USDT,SHORT,StochasticRSI(FAST_SCALP-SHORT),2,0.2,1.581,1.579,1.579,1.586,2026-07-12 19:14:59 UTC,2026-07-12 19:30:21 UTC,921.58,0.3162,0.0042,0.0,0.0004,0.04,9.49,MIN_PROFIT_TP_HIT,0.1412
920,TRUMP_USDT,SHORT,StochasticRSI(FAST_SCALP-SHORT),2,0.2,1.58,1.578,1.578,1.585,2026-07-12 19:50:59 UTC,2026-07-12 19:58:33 UTC,453.64,0.316,0.0042,0.0,0.0004,0.04,9.49,MIN_PROFIT_TP_HIT,0.1416
921,TRUMP_USDT,SHORT,StochasticRSI(FAST_SCALP-SHORT),2,0.2,1.571,1.569,1.569,1.576,2026-07-12 20:21:59 UTC,2026-07-12 20:50:43 UTC,1723.19,0.3142,0.0042,0.0,0.0004,0.04,9.55,MIN_PROFIT_TP_HIT,0.142
922,TRUMP_USDT,SHORT,StochasticRSI(FAST_SCALP-SHORT),2,0.2,1.572,1.57,1.57,1.577,2026-07-12 21:04:59 UTC,2026-07-12 21:10:51 UTC,351.38,0.3144,0.0042,0.0,0.0004,0.04,9.54,MIN_PROFIT_TP_HIT,0.1424
923,TRUMP_USDT,SHORT,StochasticRSI(FAST_SCALP-SHORT),2,0.2,1.568,1.566,1.566,1.573,2026-07-12 21:31:59 UTC,2026-07-12 21:32:53 UTC,53.84,0.3136,0.0042,0.0,0.0004,0.04,9.57,MIN_PROFIT_TP_HIT,0.1428
924,TRUMP_USDT,SHORT,StochasticRSI(FAST_SCALP-SHORT),2,0.2,1.553,1.551,1.551,1.558,2026-07-12 22:00:59 UTC,2026-07-12 22:01:03 UTC,3.13,0.3106,0.0041,0.0,0.0004,0.04,9.66,MIN_PROFIT_TP_HIT,0.1432
925,TRUMP_USDT,SHORT,StochasticRSI(FAST_SCALP-SHORT),2,0.2,1.552,1.55,1.55,1.557,2026-07-12 22:12:59 UTC,2026-07-12 22:17:55 UTC,295.18,0.3104,0.0041,0.0,0.0004,0.04,9.66,MIN_PROFIT_TP_HIT,0.1436
926,TRUMP_USDT,SHORT,StochasticRSI(FAST_SCALP-SHORT),2,0.2,1.552,1.55,1.55,1.557,2026-07-12 22:29:59 UTC,2026-07-12 22:34:27 UTC,267.6,0.3104,0.0041,0.0,0.0004,0.04,9.66,MIN_PROFIT_TP_HIT,0.144
927,TRUMP_USDT,SHORT,StochasticRSI(FAST_SCALP-SHORT),2,0.2,1.553,1.551,1.551,1.558,2026-07-12 22:57:59 UTC,2026-07-12 23:00:40 UTC,160.2,0.3106,0.0041,0.0,0.0004,0.04,9.66,MIN_PROFIT_TP_HIT,0.1444
928,TRUMP_USDT,SHORT,StochasticRSI(FAST_SCALP-SHORT),2,0.2,1.551,1.549,1.549,1.556,2026-07-12 23:01:59 UTC,2026-07-12 23:04:25 UTC,145.14,0.3102,0.0041,0.0,0.0004,0.04,9.67,MIN_PROFIT_TP_HIT,0.1448
929,TRUMP_USDT,SHORT,StochasticRSI(FAST_SCALP-SHORT),2,0.2,1.552,1.557,1.55,1.557,2026-07-12 23:23:59 UTC,2026-07-12 23:34:50 UTC,650.45,0.3104,0.0041,0.0,-0.001,-0.09,-24.16,STOP_LOSS_HIT,0.1438
930,TRUMP_USDT,SHORT,StochasticRSI(FAST_SCALP-SHORT),2,0.2,1.553,1.558,1.551,1.558,2026-07-12 23:47:59 UTC,2026-07-12 23:52:16 UTC,256.71,0.3106,0.0041,0.0,-0.001,-0.09,-24.15,STOP_LOSS_HIT,0.1428
931,TRUMP_USDT,SHORT,StochasticRSI(FAST_SCALP-SHORT),2,0.2,1.557,1.555,1.555,1.562,2026-07-12 23:56:59 UTC,2026-07-13 00:00:11 UTC,191.28,0.3114,0.0042,0.0,0.0004,0.04,9.63,MIN_PROFIT_TP_HIT,0.1432
932,TRUMP_USDT,SHORT,StochasticRSI(FAST_SCALP-SHORT),2,0.2,1.561,1.566,1.559,1.566,2026-07-13 00:08:59 UTC,2026-07-13 00:09:11 UTC,11.93,0.3122,0.0042,0.0,-0.001,-0.09,-24.02,STOP_LOSS_HIT,0.1422
933,TRUMP_USDT,SHORT,StochasticRSI(FAST_SCALP-SHORT),2,0.2,1.574,1.572,1.572,1.579,2026-07-13 00:18:59 UTC,2026-07-13 00:25:06 UTC,366.25,0.3148,0.0042,0.0,0.0004,0.04,9.53,MIN_PROFIT_TP_HIT,0.1426
934,TRUMP_USDT,SHORT,StochasticRSI(FAST_SCALP-SHORT),2,0.2,1.563,1.561,1.561,1.568,2026-07-13 00:49:59 UTC,2026-07-13 00:52:46 UTC,166.75,0.3126,0.0042,0.0,0.0004,0.04,9.6,MIN_PROFIT_TP_HIT,0.143
935,TRUMP_USDT,SHORT,StochasticRSI(FAST_SCALP-SHORT),2,0.2,1.563,1.561,1.561,1.568,2026-07-13 00:53:59 UTC,2026-07-13 00:54:08 UTC,8.67,0.3126,0.0042,0.0,0.0004,0.04,9.6,MIN_PROFIT_TP_HIT,0.1434
936,TRUMP_USDT,SHORT,StochasticRSI(FAST_SCALP-SHORT),2,0.2,1.559,1.557,1.557,1.564,2026-07-13 01:06:59 UTC,2026-07-13 01:08:44 UTC,104.18,0.3118,0.0042,0.0,0.0004,0.04,9.62,MIN_PROFIT_TP_HIT,0.1438
937,TRUMP_USDT,SHORT,StochasticRSI(FAST_SCALP-SHORT),2,0.2,1.552,1.55,1.55,1.557,2026-07-13 01:17:59 UTC,2026-07-13 01:19:05 UTC,65.25,0.3104,0.0041,0.0,0.0004,0.04,9.66,MIN_PROFIT_TP_HIT,0.1442
938,TRUMP_USDT,SHORT,StochasticRSI(FAST_SCALP-SHORT),2,0.2,1.553,1.551,1.551,1.558,2026-07-13 01:41:59 UTC,2026-07-13 01:42:50 UTC,50.46,0.3106,0.0041,0.0,0.0004,0.04,9.66,MIN_PROFIT_TP_HIT,0.1446
939,TRUMP_USDT,SHORT,StochasticRSI(FAST_SCALP-SHORT),2,0.2,1.531,1.536,1.529,1.536,2026-07-13 02:08:59 UTC,2026-07-13 02:12:11 UTC,191.72,0.3062,0.0041,0.0,-0.001,-0.09,-24.49,STOP_LOSS_HIT,0.1436
940,TRUMP_USDT,SHORT,StochasticRSI(FAST_SCALP-SHORT),2,0.2,1.542,1.54,1.54,1.547,2026-07-13 02:19:59 UTC,2026-07-13 02:23:35 UTC,215.97,0.3084,0.0041,0.0,0.0004,0.04,9.73,MIN_PROFIT_TP_HIT,0.144
941,TRUMP_USDT,SHORT,StochasticRSI(FAST_SCALP-SHORT),2,0.2,1.542,1.54,1.54,1.547,2026-07-13 02:38:59 UTC,2026-07-13 02:40:17 UTC,77.15,0.3084,0.0041,0.0,0.0004,0.04,9.73,MIN_PROFIT_TP_HIT,0.1444
942,TRUMP_USDT,SHORT,StochasticRSI(FAST_SCALP-SHORT),2,0.2,1.531,1.529,1.529,1.536,2026-07-13 03:18:59 UTC,2026-07-13 03:19:22 UTC,22.79,0.3062,0.0041,0.0,0.0004,0.04,9.8,MIN_PROFIT_TP_HIT,0.1448
943,TRUMP_USDT,SHORT,StochasticRSI(FAST_SCALP-SHORT),2,0.2,1.529,1.527,1.527,1.534,2026-07-13 03:31:59 UTC,2026-07-13 03:32:31 UTC,31.08,0.3058,0.0041,0.0,0.0004,0.04,9.81,MIN_PROFIT_TP_HIT,0.1452
944,TRUMP_USDT,SHORT,StochasticRSI(FAST_SCALP-SHORT),2,0.2,1.53,1.535,1.528,1.535,2026-07-13 03:44:59 UTC,2026-07-13 03:53:34 UTC,514.32,0.306,0.0041,0.0,-0.001,-0.09,-24.51,STOP_LOSS_HIT,0.1442
945,TRUMP_USDT,SHORT,StochasticRSI(FAST_SCALP-SHORT),2,0.2,1.536,1.534,1.534,1.541,2026-07-13 03:55:59 UTC,2026-07-13 04:03:34 UTC,454.66,0.3072,0.0041,0.0,0.0004,0.04,9.77,MIN_PROFIT_TP_HIT,0.1446
946,TRUMP_USDT,SHORT,StochasticRSI(FAST_SCALP-SHORT),2,0.2,1.535,1.54,1.533,1.54,2026-07-13 04:15:59 UTC,2026-07-13 04:38:51 UTC,1371.64,0.307,0.0041,0.0,-0.001,-0.09,-24.43,STOP_LOSS_HIT,0.1436
947,TRUMP_USDT,SHORT,StochasticRSI(FAST_SCALP-SHORT),2,0.2,1.539,1.537,1.537,1.544,2026-07-13 04:42:59 UTC,2026-07-13 04:54:26 UTC,686.97,0.3078,0.0041,0.0,0.0004,0.04,9.75,MIN_PROFIT_TP_HIT,0.144
948,TRUMP_USDT,SHORT,StochasticRSI(FAST_SCALP-SHORT),2,0.2,1.539,1.537,1.537,1.544,2026-07-13 05:09:59 UTC,2026-07-13 05:14:34 UTC,274.16,0.3078,0.0041,0.0,0.0004,0.04,9.75,MIN_PROFIT_TP_HIT,0.1444
949,TRUMP_USDT,SHORT,StochasticRSI(FAST_SCALP-SHORT),2,0.2,1.542,1.547,1.54,1.547,2026-07-13 05:37:59 UTC,2026-07-13 06:25:51 UTC,2871.99,0.3084,0.0041,0.0,-0.001,-0.09,-24.32,STOP_LOSS_HIT,0.1434
950,TRUMP_USDT,SHORT,StochasticRSI(FAST_SCALP-SHORT),2,0.2,1.548,1.546,1.546,1.553,2026-07-13 06:32:59 UTC,2026-07-13 06:36:14 UTC,194.53,0.3096,0.0041,0.0,0.0004,0.04,9.69,MIN_PROFIT_TP_HIT,0.1438
951,TRUMP_USDT,SHORT,StochasticRSI(FAST_SCALP-SHORT),2,0.2,1.548,1.546,1.546,1.553,2026-07-13 06:46:59 UTC,2026-07-13 06:50:10 UTC,190.43,0.3096,0.0041,0.0,0.0004,0.04,9.69,MIN_PROFIT_TP_HIT,0.1442
952,TRUMP_USDT,SHORT,StochasticRSI(FAST_SCALP-SHORT),2,0.2,1.546,1.544,1.544,1.551,2026-07-13 07:02:59 UTC,2026-07-13 07:20:46 UTC,1066.08,0.3092,0.0041,0.0,0.0004,0.04,9.7,MIN_PROFIT_TP_HIT,0.1446
953,TRUMP_USDT,SHORT,StochasticRSI(FAST_SCALP-SHORT),2,0.2,1.547,1.545,1.545,1.552,2026-07-13 07:29:59 UTC,2026-07-13 07:30:17 UTC,17.24,0.3094,0.0041,0.0,0.0004,0.04,9.7,MIN_PROFIT_TP_HIT,0.145
954,TRUMP_USDT,SHORT,StochasticRSI(FAST_SCALP-SHORT),2,0.2,1.546,1.544,1.544,1.551,2026-07-13 07:38:59 UTC,2026-07-13 07:41:08 UTC,128.64,0.3092,0.0041,0.0,0.0004,0.04,9.7,MIN_PROFIT_TP_HIT,0.1454
955,TRUMP_USDT,SHORT,StochasticRSI(FAST_SCALP-SHORT),2,0.2,1.545,1.55,1.543,1.55,2026-07-13 08:03:59 UTC,2026-07-13 08:39:50 UTC,2150.86,0.309,0.0041,0.0,-0.001,-0.09,-24.27,STOP_LOSS_HIT,0.1444
956,TRUMP_USDT,SHORT,StochasticRSI(FAST_SCALP-SHORT),2,0.2,1.552,1.55,1.55,1.557,2026-07-13 08:43:59 UTC,2026-07-13 08:45:17 UTC,77.05,0.3104,0.0041,0.0,0.0004,0.04,9.66,MIN_PROFIT_TP_HIT,0.1448
957,TRUMP_USDT,SHORT,StochasticRSI(FAST_SCALP-SHORT),2,0.2,1.552,1.55,1.55,1.557,2026-07-13 08:47:59 UTC,2026-07-13 08:55:31 UTC,451.57,0.3104,0.0041,0.0,0.0004,0.04,9.66,MIN_PROFIT_TP_HIT,0.1452
958,TRUMP_USDT,SHORT,StochasticRSI(FAST_SCALP-SHORT),2,0.2,1.553,1.551,1.551,1.558,2026-07-13 09:04:59 UTC,2026-07-13 09:13:04 UTC,484.38,0.3106,0.0041,0.0,0.0004,0.04,9.66,MIN_PROFIT_TP_HIT,0.1456
959,TRUMP_USDT,SHORT,StochasticRSI(FAST_SCALP-SHORT),2,0.2,1.553,1.551,1.551,1.558,2026-07-13 09:27:59 UTC,2026-07-13 09:40:04 UTC,724.66,0.3106,0.0041,0.0,0.0004,0.04,9.66,MIN_PROFIT_TP_HIT,0.146
960,TRUMP_USDT,SHORT,StochasticRSI(FAST_SCALP-SHORT),2,0.2,1.554,1.552,1.552,1.559,2026-07-13 09:54:59 UTC,2026-07-13 10:08:19 UTC,799.84,0.3108,0.0041,0.0,0.0004,0.04,9.65,MIN_PROFIT_TP_HIT,0.1464
961,TRUMP_USDT,SHORT,StochasticRSI(FAST_SCALP-SHORT),2,0.2,1.551,1.549,1.549,1.556,2026-07-13 10:24:59 UTC,2026-07-13 10:42:28 UTC,1048.39,0.3102,0.0041,0.0,0.0004,0.04,9.67,MIN_PROFIT_TP_HIT,0.1468
962,TRUMP_USDT,SHORT,StochasticRSI(FAST_SCALP-SHORT),2,0.2,1.548,1.553,1.546,1.553,2026-07-13 10:55:59 UTC,2026-07-13 11:33:22 UTC,2242.57,0.3096,0.0041,0.0,-0.001,-0.09,-24.22,STOP_LOSS_HIT,0.1458
963,TRUMP_USDT,SHORT,StochasticRSI(FAST_SCALP-SHORT),2,0.2,1.551,1.549,1.549,1.556,2026-07-13 11:37:59 UTC,2026-07-13 11:52:38 UTC,878.22,0.3102,0.0041,0.0,0.0004,0.04,9.67,MIN_PROFIT_TP_HIT,0.1462
964,TRUMP_USDT,SHORT,StochasticRSI(FAST_SCALP-SHORT),2,0.2,1.551,1.549,1.549,1.556,2026-07-13 12:05:59 UTC,2026-07-13 12:07:43 UTC,103.1,0.3102,0.0041,0.0,0.0004,0.04,9.67,MIN_PROFIT_TP_HIT,0.1466
965,TRUMP_USDT,SHORT,StochasticRSI(FAST_SCALP-SHORT),2,0.2,1.548,1.553,1.546,1.553,2026-07-13 12:21:59 UTC,2026-07-13 12:26:43 UTC,283.69,0.3096,0.0041,0.0,-0.001,-0.09,-24.22,STOP_LOSS_HIT,0.1456
966,TRUMP_USDT,SHORT,StochasticRSI(FAST_SCALP-SHORT),2,0.2,1.548,1.546,1.546,1.553,2026-07-13 12:29:59 UTC,2026-07-13 12:33:27 UTC,207.9,0.3096,0.0041,0.0,0.0004,0.04,9.69,MIN_PROFIT_TP_HIT,0.146
967,TRUMP_USDT,SHORT,StochasticRSI(FAST_SCALP-SHORT),2,0.2,1.548,1.546,1.546,1.553,2026-07-13 12:51:59 UTC,2026-07-13 12:53:22 UTC,82.96,0.3096,0.0041,0.0,0.0004,0.04,9.69,MIN_PROFIT_TP_HIT,0.1464
968,TRUMP_USDT,SHORT,StochasticRSI(FAST_SCALP-SHORT),2,0.2,1.546,1.544,1.544,1.551,2026-07-13 13:10:59 UTC,2026-07-13 13:19:19 UTC,499.54,0.3092,0.0041,0.0,0.0004,0.04,9.7,MIN_PROFIT_TP_HIT,0.1468
969,TRUMP_USDT,SHORT,StochasticRSI(FAST_SCALP-SHORT),2,0.2,1.544,1.542,1.542,1.549,2026-07-13 13:26:59 UTC,2026-07-13 13:30:15 UTC,195.8,0.3088,0.0041,0.0,0.0004,0.04,9.72,MIN_PROFIT_TP_HIT,0.1472
970,TRUMP_USDT,SHORT,StochasticRSI(FAST_SCALP-SHORT),2,0.2,1.547,1.545,1.545,1.552,2026-07-13 13:37:59 UTC,2026-07-13 13:40:00 UTC,120.44,0.3094,0.0041,0.0,0.0004,0.04,9.7,MIN_PROFIT_TP_HIT,0.1476
971,TRUMP_USDT,SHORT,StochasticRSI(FAST_SCALP-SHORT),2,0.2,1.539,1.537,1.537,1.544,2026-07-13 13:52:59 UTC,2026-07-13 13:53:24 UTC,24.23,0.3078,0.0041,0.0,0.0004,0.04,9.75,MIN_PROFIT_TP_HIT,0.148
972,TRUMP_USDT,SHORT,StochasticRSI(FAST_SCALP-SHORT),2,0.2,1.554,1.552,1.552,1.559,2026-07-13 14:13:59 UTC,2026-07-13 14:16:44 UTC,164.63,0.3108,0.0041,0.0,0.0004,0.04,9.65,MIN_PROFIT_TP_HIT,0.1484
973,TRUMP_USDT,SHORT,StochasticRSI(FAST_SCALP-SHORT),2,0.2,1.556,1.554,1.554,1.561,2026-07-13 14:29:59 UTC,2026-07-13 14:36:09 UTC,369.13,0.3112,0.0041,0.0,0.0004,0.04,9.64,MIN_PROFIT_TP_HIT,0.1488
974,TRUMP_USDT,SHORT,StochasticRSI(FAST_SCALP-SHORT),2,0.2,1.556,1.561,1.554,1.561,2026-07-13 14:52:59 UTC,2026-07-13 14:56:40 UTC,220.07,0.3112,0.0041,0.0,-0.001,-0.09,-24.1,STOP_LOSS_HIT,0.1478
975,TRUMP_USDT,SHORT,StochasticRSI(FAST_SCALP-SHORT),2,0.2,1.562,1.56,1.56,1.567,2026-07-13 15:03:59 UTC,2026-07-13 15:25:54 UTC,1314.36,0.3124,0.0042,0.0,0.0004,0.04,9.6,MIN_PROFIT_TP_HIT,0.1482
976,TRUMP_USDT,SHORT,StochasticRSI(FAST_SCALP-SHORT),2,0.2,1.554,1.559,1.552,1.559,2026-07-13 15:43:59 UTC,2026-07-13 16:04:12 UTC,1212.07,0.3108,0.0041,0.0,-0.001,-0.09,-24.13,STOP_LOSS_HIT,0.1472
977,TRUMP_USDT,SHORT,StochasticRSI(FAST_SCALP-SHORT),2,0.2,1.555,1.553,1.553,1.56,2026-07-13 16:07:59 UTC,2026-07-13 16:19:09 UTC,669.83,0.311,0.0041,0.0,0.0004,0.04,9.65,MIN_PROFIT_TP_HIT,0.1476
978,TRUMP_USDT,SHORT,StochasticRSI(FAST_SCALP-SHORT),2,0.2,1.55,1.548,1.548,1.555,2026-07-13 16:32:59 UTC,2026-07-13 16:33:28 UTC,28.8,0.31,0.0041,0.0,0.0004,0.04,9.68,MIN_PROFIT_TP_HIT,0.148
979,TRUMP_USDT,SHORT,StochasticRSI(FAST_SCALP-SHORT),2,0.2,1.543,1.541,1.541,1.548,2026-07-13 16:47:59 UTC,2026-07-13 16:50:04 UTC,124.44,0.3086,0.0041,0.0,0.0004,0.04,9.72,MIN_PROFIT_TP_HIT,0.1484
980,TRUMP_USDT,SHORT,StochasticRSI(FAST_SCALP-SHORT),2,0.2,1.542,1.54,1.54,1.547,2026-07-13 17:03:59 UTC,2026-07-13 17:04:47 UTC,47.12,0.3084,0.0041,0.0,0.0004,0.04,9.73,MIN_PROFIT_TP_HIT,0.1488
981,TRUMP_USDT,SHORT,StochasticRSI(FAST_SCALP-SHORT),2,0.2,1.543,1.541,1.541,1.548,2026-07-13 17:12:59 UTC,2026-07-13 17:13:52 UTC,52.28,0.3086,0.0041,0.0,0.0004,0.04,9.72,MIN_PROFIT_TP_HIT,0.1492
982,TRUMP_USDT,SHORT,StochasticRSI(FAST_SCALP-SHORT),2,0.2,1.534,1.532,1.532,1.539,2026-07-13 17:31:59 UTC,2026-07-13 17:32:08 UTC,8.75,0.3068,0.0041,0.0,0.0004,0.04,9.78,MIN_PROFIT_TP_HIT,0.1496
983,TRUMP_USDT,SHORT,StochasticRSI(FAST_SCALP-SHORT),2,0.2,1.535,1.533,1.533,1.54,2026-07-13 17:33:59 UTC,2026-07-13 17:35:00 UTC,60.33,0.307,0.0041,0.0,0.0004,0.04,9.77,MIN_PROFIT_TP_HIT,0.15
984,TRUMP_USDT,SHORT,StochasticRSI(FAST_SCALP-SHORT),2,0.2,1.533,1.531,1.531,1.538,2026-07-13 17:45:59 UTC,2026-07-13 17:46:31 UTC,31.2,0.3066,0.0041,0.0,0.0004,0.04,9.78,MIN_PROFIT_TP_HIT,0.1504
985,TRUMP_USDT,SHORT,StochasticRSI(FAST_SCALP-SHORT),2,0.2,1.53,1.528,1.528,1.535,2026-07-13 17:47:59 UTC,2026-07-13 17:50:41 UTC,161.69,0.306,0.0041,0.0,0.0004,0.04,9.8,MIN_PROFIT_TP_HIT,0.1508
986,TRUMP_USDT,SHORT,StochasticRSI(FAST_SCALP-SHORT),2,0.2,1.525,1.523,1.523,1.53,2026-07-13 18:07:59 UTC,2026-07-13 18:09:35 UTC,95.66,0.305,0.0041,0.0,0.0004,0.04,9.84,MIN_PROFIT_TP_HIT,0.1512
987,TRUMP_USDT,SHORT,StochasticRSI(FAST_SCALP-SHORT),2,0.2,1.522,1.52,1.52,1.527,2026-07-13 18:19:59 UTC,2026-07-13 18:20:22 UTC,22.42,0.3044,0.0041,0.0,0.0004,0.04,9.86,MIN_PROFIT_TP_HIT,0.1516
988,TRUMP_USDT,SHORT,StochasticRSI(FAST_SCALP-SHORT),2,0.2,1.524,1.522,1.522,1.529,2026-07-13 18:27:59 UTC,2026-07-13 18:30:12 UTC,132.08,0.3048,0.0041,0.0,0.0004,0.04,9.84,MIN_PROFIT_TP_HIT,0.152
989,TRUMP_USDT,SHORT,StochasticRSI(FAST_SCALP-SHORT),2,0.2,1.526,1.524,1.524,1.531,2026-07-13 18:46:59 UTC,2026-07-13 18:54:55 UTC,475.7,0.3052,0.0041,0.0,0.0004,0.04,9.83,MIN_PROFIT_TP_HIT,0.1524
990,TRUMP_USDT,SHORT,StochasticRSI(FAST_SCALP-SHORT),2,0.2,1.526,1.524,1.524,1.531,2026-07-13 19:07:59 UTC,2026-07-13 19:18:25 UTC,625.53,0.3052,0.0041,0.0,0.0004,0.04,9.83,MIN_PROFIT_TP_HIT,0.1528
991,TRUMP_USDT,SHORT,StochasticRSI(FAST_SCALP-SHORT),2,0.2,1.526,1.531,1.524,1.531,2026-07-13 19:29:59 UTC,2026-07-13 19:33:16 UTC,196.82,0.3052,0.0041,0.0,-0.001,-0.09,-24.57,STOP_LOSS_HIT,0.1518
992,TRUMP_USDT,SHORT,StochasticRSI(FAST_SCALP-SHORT),2,0.2,1.532,1.537,1.53,1.537,2026-07-13 19:36:59 UTC,2026-07-13 19:50:00 UTC,780.55,0.3064,0.0041,0.0,-0.001,-0.09,-24.48,STOP_LOSS_HIT,0.1508
993,TRUMP_USDT,SHORT,StochasticRSI(FAST_SCALP-SHORT),2,0.2,1.535,1.533,1.533,1.54,2026-07-13 20:27:59 UTC,2026-07-13 20:44:04 UTC,964.71,0.307,0.0041,0.0,0.0004,0.04,9.77,MIN_PROFIT_TP_HIT,0.1512
994,TRUMP_USDT,SHORT,StochasticRSI(FAST_SCALP-SHORT),2,0.2,1.534,1.532,1.532,1.539,2026-07-13 20:57:59 UTC,2026-07-13 21:00:15 UTC,135.43,0.3068,0.0041,0.0,0.0004,0.04,9.78,MIN_PROFIT_TP_HIT,0.1516
995,TRUMP_USDT,SHORT,StochasticRSI(FAST_SCALP-SHORT),2,0.2,1.533,1.531,1.531,1.538,2026-07-13 21:01:59 UTC,2026-07-13 21:09:23 UTC,443.62,0.3066,0.0041,0.0,0.0004,0.04,9.78,MIN_PROFIT_TP_HIT,0.152
996,TRUMP_USDT,SHORT,StochasticRSI(FAST_SCALP-SHORT),2,0.2,1.534,1.532,1.532,1.539,2026-07-13 21:24:59 UTC,2026-07-13 21:25:54 UTC,54.14,0.3068,0.0041,0.0,0.0004,0.04,9.78,MIN_PROFIT_TP_HIT,0.1524
997,TRUMP_USDT,SHORT,StochasticRSI(FAST_SCALP-SHORT),2,0.2,1.524,1.529,1.522,1.529,2026-07-13 21:51:59 UTC,2026-07-13 22:01:55 UTC,595.07,0.3048,0.0041,0.0,-0.001,-0.09,-24.61,STOP_LOSS_HIT,0.1514
998,TRUMP_USDT,SHORT,StochasticRSI(FAST_SCALP-SHORT),2,0.2,1.532,1.53,1.53,1.537,2026-07-13 22:05:59 UTC,2026-07-13 22:06:56 UTC,56.77,0.3064,0.0041,0.0,0.0004,0.04,9.79,MIN_PROFIT_TP_HIT,0.1518
999,TRUMP_USDT,SHORT,StochasticRSI(FAST_SCALP-SHORT),2,0.2,1.536,1.534,1.534,1.541,2026-07-13 22:20:59 UTC,2026-07-13 22:21:03 UTC,3.3,0.3072,0.0041,0.0,0.0004,0.04,9.77,MIN_PROFIT_TP_HIT,0.1522
1000,TRUMP_USDT,SHORT,StochasticRSI(FAST_SCALP-SHORT),2,0.2,1.534,1.532,1.532,1.539,2026-07-13 22:22:59 UTC,2026-07-13 22:23:04 UTC,4.77,0.3068,0.0041,0.0,0.0004,0.04,9.78,MIN_PROFIT_TP_HIT,0.1526
1001,TRUMP_USDT,SHORT,StochasticRSI(FAST_SCALP-SHORT),2,0.2,1.535,1.533,1.533,1.54,2026-07-13 22:48:59 UTC,2026-07-13 22:51:25 UTC,145.39,0.307,0.0041,0.0,0.0004,0.04,9.77,MIN_PROFIT_TP_HIT,0.153
1002,TRUMP_USDT,SHORT,StochasticRSI(FAST_SCALP-SHORT),2,0.2,1.531,1.536,1.529,1.536,2026-07-13 23:13:59 UTC,2026-07-13 23:19:32 UTC,332.86,0.3062,0.0041,0.0,-0.001,-0.09,-24.49,STOP_LOSS_HIT,0.152
1003,TRUMP_USDT,SHORT,StochasticRSI(FAST_SCALP-SHORT),2,0.2,1.534,1.539,1.532,1.539,2026-07-13 23:23:59 UTC,2026-07-13 23:35:17 UTC,677.86,0.3068,0.0041,0.0,-0.001,-0.09,-24.45,STOP_LOSS_HIT,0.151
1004,TRUMP_USDT,SHORT,StochasticRSI(FAST_SCALP-SHORT),2,0.2,1.539,1.544,1.537,1.544,2026-07-13 23:43:59 UTC,2026-07-13 23:54:10 UTC,610.01,0.3078,0.0041,0.0,-0.001,-0.09,-24.37,STOP_LOSS_HIT,0.15
1005,TRUMP_USDT,SHORT,StochasticRSI(FAST_SCALP-SHORT),2,0.2,1.543,1.541,1.541,1.548,2026-07-13 23:56:59 UTC,2026-07-14 00:06:08 UTC,548.38,0.3086,0.0041,0.0,0.0004,0.04,9.72,MIN_PROFIT_TP_HIT,0.1504
1006,TRUMP_USDT,SHORT,StochasticRSI(FAST_SCALP-SHORT),2,0.2,1.546,1.544,1.544,1.551,2026-07-14 00:15:59 UTC,2026-07-14 00:16:43 UTC,43.14,0.3092,0.0041,0.0,0.0004,0.04,9.7,MIN_PROFIT_TP_HIT,0.1508
1007,TRUMP_USDT,SHORT,StochasticRSI(FAST_SCALP-SHORT),2,0.2,1.546,1.544,1.544,1.551,2026-07-14 00:29:59 UTC,2026-07-14 00:36:20 UTC,380.26,0.3092,0.0041,0.0,0.0004,0.04,9.7,MIN_PROFIT_TP_HIT,0.1512
1008,TRUMP_USDT,SHORT,StochasticRSI(FAST_SCALP-SHORT),2,0.2,1.547,1.545,1.545,1.552,2026-07-14 00:53:59 UTC,2026-07-14 01:20:48 UTC,1608.16,0.3094,0.0041,0.0,0.0004,0.04,9.7,MIN_PROFIT_TP_HIT,0.1516
1009,TRUMP_USDT,SHORT,StochasticRSI(FAST_SCALP-SHORT),2,0.2,1.542,1.54,1.54,1.547,2026-07-14 01:28:59 UTC,2026-07-14 02:10:51 UTC,2511.38,0.3084,0.0041,0.0,0.0004,0.04,9.73,MIN_PROFIT_TP_HIT,0.152
1010,TRUMP_USDT,SHORT,StochasticRSI(FAST_SCALP-SHORT),2,0.2,1.536,1.534,1.534,1.541,2026-07-14 02:29:59 UTC,2026-07-14 02:33:48 UTC,228.53,0.3072,0.0041,0.0,0.0004,0.04,9.77,MIN_PROFIT_TP_HIT,0.1524
1011,TRUMP_USDT,SHORT,StochasticRSI(FAST_SCALP-SHORT),2,0.2,1.534,1.532,1.532,1.539,2026-07-14 02:34:59 UTC,2026-07-14 03:00:34 UTC,1534.68,0.3068,0.0041,0.0,0.0004,0.04,9.78,MIN_PROFIT_TP_HIT,0.1528
1012,TRUMP_USDT,SHORT,StochasticRSI(FAST_SCALP-SHORT),2,0.2,1.533,1.531,1.531,1.538,2026-07-14 03:06:59 UTC,2026-07-14 03:08:24 UTC,84.17,0.3066,0.0041,0.0,0.0004,0.04,9.78,MIN_PROFIT_TP_HIT,0.1532
1013,TRUMP_USDT,SHORT,StochasticRSI(FAST_SCALP-SHORT),2,0.2,1.533,1.531,1.531,1.538,2026-07-14 03:09:59 UTC,2026-07-14 03:10:35 UTC,35.3,0.3066,0.0041,0.0,0.0004,0.04,9.78,MIN_PROFIT_TP_HIT,0.1536
1014,TRUMP_USDT,SHORT,StochasticRSI(FAST_SCALP-SHORT),2,0.2,1.53,1.535,1.528,1.535,2026-07-14 03:28:59 UTC,2026-07-14 03:37:08 UTC,488.47,0.306,0.0041,0.0,-0.001,-0.09,-24.51,STOP_LOSS_HIT,0.1526
1015,TRUMP_USDT,SHORT,StochasticRSI(FAST_SCALP-SHORT),2,0.2,1.534,1.532,1.532,1.539,2026-07-14 03:39:59 UTC,2026-07-14 03:42:38 UTC,158.85,0.3068,0.0041,0.0,0.0004,0.04,9.78,MIN_PROFIT_TP_HIT,0.153
1016,TRUMP_USDT,SHORT,StochasticRSI(FAST_SCALP-SHORT),2,0.2,1.537,1.535,1.535,1.542,2026-07-14 04:07:59 UTC,2026-07-14 04:09:22 UTC,82.67,0.3074,0.0041,0.0,0.0004,0.04,9.76,MIN_PROFIT_TP_HIT,0.1534
1017,TRUMP_USDT,SHORT,StochasticRSI(FAST_SCALP-SHORT),2,0.2,1.538,1.536,1.536,1.543,2026-07-14 04:24:59 UTC,2026-07-14 04:56:30 UTC,1890.46,0.3076,0.0041,0.0,0.0004,0.04,9.75,MIN_PROFIT_TP_HIT,0.1538
1018,TRUMP_USDT,SHORT,StochasticRSI(FAST_SCALP-SHORT),2,0.2,1.533,1.531,1.531,1.538,2026-07-14 05:12:59 UTC,2026-07-14 05:23:15 UTC,615.49,0.3066,0.0041,0.0,0.0004,0.04,9.78,MIN_PROFIT_TP_HIT,0.1542
1019,TRUMP_USDT,SHORT,StochasticRSI(FAST_SCALP-SHORT),2,0.2,1.533,1.531,1.531,1.538,2026-07-14 05:24:59 UTC,2026-07-14 05:43:41 UTC,1121.67,0.3066,0.0041,0.0,0.0004,0.04,9.78,MIN_PROFIT_TP_HIT,0.1546
1020,TRUMP_USDT,SHORT,StochasticRSI(FAST_SCALP-SHORT),2,0.2,1.534,1.532,1.532,1.539,2026-07-14 05:56:59 UTC,2026-07-14 06:03:40 UTC,400.57,0.3068,0.0041,0.0,0.0004,0.04,9.78,MIN_PROFIT_TP_HIT,0.155
1021,TRUMP_USDT,SHORT,StochasticRSI(FAST_SCALP-SHORT),2,0.2,1.539,1.537,1.537,1.544,2026-07-14 06:15:59 UTC,2026-07-14 06:28:18 UTC,738.06,0.3078,0.0041,0.0,0.0004,0.04,9.75,MIN_PROFIT_TP_HIT,0.1554
1022,TRUMP_USDT,SHORT,StochasticRSI(FAST_SCALP-SHORT),2,0.2,1.539,1.537,1.537,1.544,2026-07-14 06:43:59 UTC,2026-07-14 06:46:18 UTC,138.4,0.3078,0.0041,0.0,0.0004,0.04,9.75,MIN_PROFIT_TP_HIT,0.1558
1023,TRUMP_USDT,SHORT,StochasticRSI(FAST_SCALP-SHORT),2,0.2,1.533,1.531,1.531,1.538,2026-07-14 07:19:59 UTC,2026-07-14 08:03:32 UTC,2612.09,0.3066,0.0041,0.0,0.0004,0.04,9.78,MIN_PROFIT_TP_HIT,0.1562
1024,TRUMP_USDT,SHORT,StochasticRSI(FAST_SCALP-SHORT),2,0.2,1.531,1.529,1.529,1.536,2026-07-14 08:08:59 UTC,2026-07-14 08:30:02 UTC,1262.99,0.3062,0.0041,0.0,0.0004,0.04,9.8,MIN_PROFIT_TP_HIT,0.1566
1025,TRUMP_USDT,SHORT,StochasticRSI(FAST_SCALP-SHORT),2,0.2,1.521,1.519,1.519,1.526,2026-07-14 08:54:59 UTC,2026-07-14 08:56:32 UTC,92.06,0.3042,0.0041,0.0,0.0004,0.04,9.86,MIN_PROFIT_TP_HIT,0.157
1026,TRUMP_USDT,SHORT,StochasticRSI(FAST_SCALP-SHORT),2,0.2,1.52,1.525,1.518,1.525,2026-07-14 08:57:59 UTC,2026-07-14 09:10:10 UTC,730.74,0.304,0.0041,0.0,-0.001,-0.09,-24.67,STOP_LOSS_HIT,0.156
1027,TRUMP_USDT,SHORT,StochasticRSI(FAST_SCALP-SHORT),2,0.2,1.524,1.522,1.522,1.529,2026-07-14 09:14:59 UTC,2026-07-14 09:18:02 UTC,182.7,0.3048,0.0041,0.0,0.0004,0.04,9.84,MIN_PROFIT_TP_HIT,0.1564
1028,TRUMP_USDT,SHORT,StochasticRSI(FAST_SCALP-SHORT),2,0.2,1.521,1.519,1.519,1.526,2026-07-14 09:32:59 UTC,2026-07-14 09:36:41 UTC,221.03,0.3042,0.0041,0.0,0.0004,0.04,9.86,MIN_PROFIT_TP_HIT,0.1568
1029,TRUMP_USDT,SHORT,StochasticRSI(FAST_SCALP-SHORT),2,0.2,1.523,1.528,1.521,1.528,2026-07-14 09:53:59 UTC,2026-07-14 10:10:40 UTC,1000.63,0.3046,0.0041,0.0,-0.001,-0.09,-24.62,STOP_LOSS_HIT,0.1558
1030,TRUMP_USDT,SHORT,StochasticRSI(FAST_SCALP-SHORT),2,0.2,1.528,1.526,1.526,1.533,2026-07-14 10:15:59 UTC,2026-07-14 10:28:41 UTC,761.59,0.3056,0.0041,0.0,0.0004,0.04,9.82,MIN_PROFIT_TP_HIT,0.1562
1031,TRUMP_USDT,SHORT,StochasticRSI(FAST_SCALP-SHORT),2,0.2,1.525,1.523,1.523,1.53,2026-07-14 10:42:59 UTC,2026-07-14 10:51:47 UTC,527.57,0.305,0.0041,0.0,0.0004,0.04,9.84,MIN_PROFIT_TP_HIT,0.1566
1032,TRUMP_USDT,SHORT,StochasticRSI(FAST_SCALP-SHORT),2,0.2,1.524,1.522,1.522,1.529,2026-07-14 11:01:59 UTC,2026-07-14 11:02:26 UTC,26.31,0.3048,0.0041,0.0,0.0004,0.04,9.84,MIN_PROFIT_TP_HIT,0.157
1033,TRUMP_USDT,SHORT,StochasticRSI(FAST_SCALP-SHORT),2,0.2,1.526,1.531,1.524,1.531,2026-07-14 11:12:59 UTC,2026-07-14 11:25:28 UTC,748.96,0.3052,0.0041,0.0,-0.001,-0.09,-24.57,STOP_LOSS_HIT,0.156
1034,TRUMP_USDT,SHORT,StochasticRSI(FAST_SCALP-SHORT),2,0.2,1.531,1.529,1.529,1.536,2026-07-14 11:36:59 UTC,2026-07-14 11:37:37 UTC,37.7,0.3062,0.0041,0.0,0.0004,0.04,9.8,MIN_PROFIT_TP_HIT,0.1564
1035,TRUMP_USDT,SHORT,StochasticRSI(FAST_SCALP-SHORT),2,0.2,1.527,1.532,1.525,1.532,2026-07-14 12:17:59 UTC,2026-07-14 12:25:08 UTC,428.32,0.3054,0.0041,0.0,-0.001,-0.09,-24.56,STOP_LOSS_HIT,0.1554
1036,TRUMP_USDT,SHORT,StochasticRSI(FAST_SCALP-SHORT),2,0.2,1.54,1.538,1.538,1.545,2026-07-14 12:35:59 UTC,2026-07-14 12:36:31 UTC,31.06,0.308,0.0041,0.0,0.0004,0.04,9.74,MIN_PROFIT_TP_HIT,0.1558
1037,TRUMP_USDT,SHORT,StochasticRSI(FAST_SCALP-SHORT),2,0.2,1.545,1.543,1.543,1.55,2026-07-14 12:49:59 UTC,2026-07-14 12:51:33 UTC,93.52,0.309,0.0041,0.0,0.0004,0.04,9.71,MIN_PROFIT_TP_HIT,0.1562
1038,TRUMP_USDT,SHORT,StochasticRSI(FAST_SCALP-SHORT),2,0.2,1.549,1.547,1.547,1.554,2026-07-14 13:01:59 UTC,2026-07-14 13:03:00 UTC,60.12,0.3098,0.0041,0.0,0.0004,0.04,9.68,MIN_PROFIT_TP_HIT,0.1566
1039,TRUMP_USDT,SHORT,StochasticRSI(FAST_SCALP-SHORT),2,0.2,1.556,1.554,1.554,1.561,2026-07-14 13:27:59 UTC,2026-07-14 13:28:22 UTC,22.32,0.3112,0.0041,0.0,0.0004,0.04,9.64,MIN_PROFIT_TP_HIT,0.157
1040,TRUMP_USDT,SHORT,StochasticRSI(FAST_SCALP-SHORT),2,0.2,1.554,1.552,1.552,1.559,2026-07-14 13:41:59 UTC,2026-07-14 13:42:36 UTC,36.22,0.3108,0.0041,0.0,0.0004,0.04,9.65,MIN_PROFIT_TP_HIT,0.1574
1041,TRUMP_USDT,SHORT,StochasticRSI(FAST_SCALP-SHORT),2,0.2,1.547,1.545,1.545,1.552,2026-07-14 13:54:59 UTC,2026-07-14 13:56:45 UTC,105.45,0.3094,0.0041,0.0,0.0004,0.04,9.7,MIN_PROFIT_TP_HIT,0.1578
1042,TRUMP_USDT,SHORT,StochasticRSI(FAST_SCALP-SHORT),2,0.2,1.546,1.544,1.544,1.551,2026-07-14 13:57:59 UTC,2026-07-14 13:58:45 UTC,45.11,0.3092,0.0041,0.0,0.0004,0.04,9.7,MIN_PROFIT_TP_HIT,0.1582
1043,TRUMP_USDT,SHORT,StochasticRSI(FAST_SCALP-SHORT),2,0.2,1.544,1.542,1.542,1.549,2026-07-14 14:11:59 UTC,2026-07-14 14:14:18 UTC,138.34,0.3088,0.0041,0.0,0.0004,0.04,9.72,MIN_PROFIT_TP_HIT,0.1586
1044,TRUMP_USDT,SHORT,StochasticRSI(FAST_SCALP-SHORT),2,0.2,1.542,1.547,1.54,1.547,2026-07-14 14:16:59 UTC,2026-07-14 14:26:53 UTC,593.6,0.3084,0.0041,0.0,-0.001,-0.09,-24.32,STOP_LOSS_HIT,0.1576
1045,TRUMP_USDT,SHORT,StochasticRSI(FAST_SCALP-SHORT),2,0.2,1.544,1.549,1.542,1.549,2026-07-14 14:57:59 UTC,2026-07-14 14:59:43 UTC,103.54,0.3088,0.0041,0.0,-0.001,-0.09,-24.29,STOP_LOSS_HIT,0.1566
1046,TRUMP_USDT,SHORT,StochasticRSI(FAST_SCALP-SHORT),2,0.2,1.548,1.546,1.546,1.553,2026-07-14 15:03:59 UTC,2026-07-14 15:05:42 UTC,102.79,0.3096,0.0041,0.0,0.0004,0.04,9.69,MIN_PROFIT_TP_HIT,0.157
1047,TRUMP_USDT,SHORT,StochasticRSI(FAST_SCALP-SHORT),2,0.2,1.549,1.554,1.547,1.554,2026-07-14 15:14:59 UTC,2026-07-14 15:29:48 UTC,888.45,0.3098,0.0041,0.0,-0.001,-0.09,-24.21,STOP_LOSS_HIT,0.156
1048,TRUMP_USDT,SHORT,StochasticRSI(FAST_SCALP-SHORT),2,0.2,1.558,1.556,1.556,1.563,2026-07-14 15:34:59 UTC,2026-07-14 15:38:50 UTC,230.11,0.3116,0.0042,0.0,0.0004,0.04,9.63,MIN_PROFIT_TP_HIT,0.1564
1049,TRUMP_USDT,SHORT,StochasticRSI(FAST_SCALP-SHORT),2,0.2,1.557,1.555,1.555,1.562,2026-07-14 15:39:59 UTC,2026-07-14 15:40:10 UTC,10.58,0.3114,0.0042,0.0,0.0004,0.04,9.63,MIN_PROFIT_TP_HIT,0.1568
1050,TRUMP_USDT,SHORT,StochasticRSI(FAST_SCALP-SHORT),2,0.2,1.554,1.552,1.552,1.559,2026-07-14 16:12:59 UTC,2026-07-14 16:15:10 UTC,130.06,0.3108,0.0041,0.0,0.0004,0.04,9.65,MIN_PROFIT_TP_HIT,0.1572
1051,TRUMP_USDT,SHORT,StochasticRSI(FAST_SCALP-SHORT),2,0.2,1.553,1.558,1.551,1.558,2026-07-14 16:28:59 UTC,2026-07-14 16:35:40 UTC,400.48,0.3106,0.0041,0.0,-0.001,-0.09,-24.15,STOP_LOSS_HIT,0.1562
1052,TRUMP_USDT,SHORT,StochasticRSI(FAST_SCALP-SHORT),2,0.2,1.559,1.557,1.557,1.564,2026-07-14 16:43:59 UTC,2026-07-14 16:48:11 UTC,251.16,0.3118,0.0042,0.0,0.0004,0.04,9.62,MIN_PROFIT_TP_HIT,0.1566
1053,TRUMP_USDT,SHORT,StochasticRSI(FAST_SCALP-SHORT),2,0.2,1.565,1.563,1.563,1.57,2026-07-14 16:56:59 UTC,2026-07-14 16:58:02 UTC,62.87,0.313,0.0042,0.0,0.0004,0.04,9.58,MIN_PROFIT_TP_HIT,0.157
1054,TRUMP_USDT,SHORT,StochasticRSI(FAST_SCALP-SHORT),2,0.2,1.561,1.566,1.559,1.566,2026-07-14 17:19:59 UTC,2026-07-14 17:22:06 UTC,126.61,0.3122,0.0042,0.0,-0.001,-0.09,-24.02,STOP_LOSS_HIT,0.156
1055,TRUMP_USDT,SHORT,StochasticRSI(FAST_SCALP-SHORT),2,0.2,1.567,1.565,1.565,1.572,2026-07-14 17:24:59 UTC,2026-07-14 17:27:09 UTC,129.21,0.3134,0.0042,0.0,0.0004,0.04,9.57,MIN_PROFIT_TP_HIT,0.1564
1056,TRUMP_USDT,SHORT,StochasticRSI(FAST_SCALP-SHORT),2,0.2,1.566,1.564,1.564,1.571,2026-07-14 17:28:59 UTC,2026-07-14 17:32:38 UTC,218.36,0.3132,0.0042,0.0,0.0004,0.04,9.58,MIN_PROFIT_TP_HIT,0.1568
1057,TRUMP_USDT,SHORT,StochasticRSI(FAST_SCALP-SHORT),2,0.2,1.566,1.564,1.564,1.571,2026-07-14 17:45:59 UTC,2026-07-14 17:47:09 UTC,69.42,0.3132,0.0042,0.0,0.0004,0.04,9.58,MIN_PROFIT_TP_HIT,0.1572
1058,TRUMP_USDT,SHORT,StochasticRSI(FAST_SCALP-SHORT),2,0.2,1.565,1.563,1.563,1.57,2026-07-14 17:48:59 UTC,2026-07-14 18:02:14 UTC,794.2,0.313,0.0042,0.0,0.0004,0.04,9.58,MIN_PROFIT_TP_HIT,0.1576
1059,TRUMP_USDT,SHORT,StochasticRSI(FAST_SCALP-SHORT),2,0.2,1.555,1.56,1.553,1.56,2026-07-14 18:14:59 UTC,2026-07-14 18:29:10 UTC,850.64,0.311,0.0041,0.0,-0.001,-0.09,-24.12,STOP_LOSS_HIT,0.1566
1060,TRUMP_USDT,SHORT,StochasticRSI(FAST_SCALP-SHORT),2,0.2,1.556,1.554,1.554,1.561,2026-07-14 18:30:59 UTC,2026-07-14 18:42:24 UTC,684.14,0.3112,0.0041,0.0,0.0004,0.04,9.64,MIN_PROFIT_TP_HIT,0.157
1061,TRUMP_USDT,SHORT,StochasticRSI(FAST_SCALP-SHORT),2,0.2,1.554,1.559,1.552,1.559,2026-07-14 18:52:59 UTC,2026-07-14 18:56:28 UTC,208.23,0.3108,0.0041,0.0,-0.001,-0.09,-24.13,STOP_LOSS_HIT,0.156
1062,TRUMP_USDT,SHORT,StochasticRSI(FAST_SCALP-SHORT),2,0.2,1.558,1.556,1.556,1.563,2026-07-14 18:59:59 UTC,2026-07-14 19:09:16 UTC,556.08,0.3116,0.0042,0.0,0.0004,0.04,9.63,MIN_PROFIT_TP_HIT,0.1564
1063,TRUMP_USDT,SHORT,StochasticRSI(FAST_SCALP-SHORT),2,0.2,1.561,1.566,1.559,1.566,2026-07-14 19:18:59 UTC,2026-07-14 19:26:32 UTC,452.19,0.3122,0.0042,0.0,-0.001,-0.09,-24.02,STOP_LOSS_HIT,0.1554
1064,TRUMP_USDT,SHORT,StochasticRSI(FAST_SCALP-SHORT),2,0.2,1.559,1.557,1.557,1.564,2026-07-14 19:49:59 UTC,2026-07-14 19:50:00 UTC,0.11,0.3118,0.0042,0.0,0.0004,0.04,9.62,MIN_PROFIT_TP_HIT,0.1558
1065,TRUMP_USDT,SHORT,StochasticRSI(FAST_SCALP-SHORT),2,0.2,1.557,1.555,1.555,1.562,2026-07-14 20:00:59 UTC,2026-07-14 20:03:00 UTC,120.13,0.3114,0.0042,0.0,0.0004,0.04,9.63,MIN_PROFIT_TP_HIT,0.1562
1066,TRUMP_USDT,SHORT,StochasticRSI(FAST_SCALP-SHORT),2,0.2,1.553,1.551,1.551,1.558,2026-07-14 20:20:59 UTC,2026-07-14 20:21:07 UTC,7.28,0.3106,0.0041,0.0,0.0004,0.04,9.66,MIN_PROFIT_TP_HIT,0.1566
1067,TRUMP_USDT,SHORT,StochasticRSI(FAST_SCALP-SHORT),2,0.2,1.552,1.557,1.55,1.557,2026-07-14 20:28:59 UTC,2026-07-14 20:43:29 UTC,869.22,0.3104,0.0041,0.0,-0.001,-0.09,-24.16,STOP_LOSS_HIT,0.1556
1068,TRUMP_USDT,SHORT,StochasticRSI(FAST_SCALP-SHORT),2,0.2,1.557,1.555,1.555,1.562,2026-07-14 20:48:59 UTC,2026-07-14 20:49:07 UTC,7.36,0.3114,0.0042,0.0,0.0004,0.04,9.63,MIN_PROFIT_TP_HIT,0.156
1069,TRUMP_USDT,SHORT,StochasticRSI(FAST_SCALP-SHORT),2,0.2,1.557,1.562,1.555,1.562,2026-07-14 21:02:59 UTC,2026-07-14 21:40:00 UTC,2220.25,0.3114,0.0042,0.0,-0.001,-0.09,-24.08,STOP_LOSS_HIT,0.155
1070,TRUMP_USDT,SHORT,StochasticRSI(FAST_SCALP-SHORT),2,0.2,1.553,1.558,1.551,1.558,2026-07-14 22:23:59 UTC,2026-07-14 22:33:26 UTC,566.18,0.3106,0.0041,0.0,-0.001,-0.09,-24.15,STOP_LOSS_HIT,0.154
1071,TRUMP_USDT,SHORT,StochasticRSI(FAST_SCALP-SHORT),2,0.2,1.559,1.557,1.557,1.564,2026-07-14 22:38:59 UTC,2026-07-14 22:54:14 UTC,914.76,0.3118,0.0042,0.0,0.0004,0.04,9.62,MIN_PROFIT_TP_HIT,0.1544
1072,TRUMP_USDT,SHORT,StochasticRSI(FAST_SCALP-SHORT),2,0.2,1.559,1.557,1.557,1.564,2026-07-14 23:10:59 UTC,2026-07-14 23:16:56 UTC,356.92,0.3118,0.0042,0.0,0.0004,0.04,9.62,MIN_PROFIT_TP_HIT,0.1548
1073,TRUMP_USDT,SHORT,StochasticRSI(FAST_SCALP-SHORT),2,0.2,1.557,1.562,1.555,1.562,2026-07-14 23:34:59 UTC,2026-07-15 00:05:13 UTC,1813.35,0.3114,0.0042,0.0,-0.001,-0.09,-24.08,STOP_LOSS_HIT,0.1538
1074,TRUMP_USDT,SHORT,StochasticRSI(FAST_SCALP-SHORT),2,0.2,1.562,1.56,1.56,1.567,2026-07-15 00:12:59 UTC,2026-07-15 00:14:14 UTC,74.41,0.3124,0.0042,0.0,0.0004,0.04,9.6,MIN_PROFIT_TP_HIT,0.1542
1075,TRUMP_USDT,SHORT,StochasticRSI(FAST_SCALP-SHORT),2,0.2,1.562,1.567,1.56,1.567,2026-07-15 00:22:59 UTC,2026-07-15 00:25:32 UTC,152.4,0.3124,0.0042,0.0,-0.001,-0.09,-24.01,STOP_LOSS_HIT,0.1532
1076,TRUMP_USDT,SHORT,StochasticRSI(FAST_SCALP-SHORT),2,0.2,1.565,1.57,1.563,1.57,2026-07-15 00:29:59 UTC,2026-07-15 00:38:44 UTC,524.38,0.313,0.0042,0.0,-0.001,-0.09,-23.96,STOP_LOSS_HIT,0.1522
1077,TRUMP_USDT,SHORT,StochasticRSI(FAST_SCALP-SHORT),2,0.2,1.566,1.564,1.564,1.571,2026-07-15 00:42:59 UTC,2026-07-15 00:49:48 UTC,408.8,0.3132,0.0042,0.0,0.0004,0.04,9.58,MIN_PROFIT_TP_HIT,0.1526
1078,TRUMP_USDT,SHORT,StochasticRSI(FAST_SCALP-SHORT),2,0.2,1.57,1.568,1.568,1.575,2026-07-15 01:01:59 UTC,2026-07-15 01:02:02 UTC,2.94,0.314,0.0042,0.0,0.0004,0.04,9.55,MIN_PROFIT_TP_HIT,0.153
1079,TRUMP_USDT,SHORT,StochasticRSI(FAST_SCALP-SHORT),2,0.2,1.572,1.57,1.57,1.577,2026-07-15 01:12:59 UTC,2026-07-15 01:15:03 UTC,123.6,0.3144,0.0042,0.0,0.0004,0.04,9.54,MIN_PROFIT_TP_HIT,0.1534
1080,TRUMP_USDT,SHORT,StochasticRSI(FAST_SCALP-SHORT),2,0.2,1.572,1.57,1.57,1.577,2026-07-15 01:51:59 UTC,2026-07-15 01:53:07 UTC,67.38,0.3144,0.0042,0.0,0.0004,0.04,9.54,MIN_PROFIT_TP_HIT,0.1538
1081,TRUMP_USDT,SHORT,StochasticRSI(FAST_SCALP-SHORT),2,0.2,1.563,1.561,1.561,1.568,2026-07-15 02:14:59 UTC,2026-07-15 02:15:37 UTC,37.51,0.3126,0.0042,0.0,0.0004,0.04,9.6,MIN_PROFIT_TP_HIT,0.1542
1082,TRUMP_USDT,SHORT,StochasticRSI(FAST_SCALP-SHORT),2,0.2,1.556,1.554,1.554,1.561,2026-07-15 02:33:59 UTC,2026-07-15 02:40:13 UTC,373.58,0.3112,0.0041,0.0,0.0004,0.04,9.64,MIN_PROFIT_TP_HIT,0.1546
1083,TRUMP_USDT,SHORT,StochasticRSI(FAST_SCALP-SHORT),2,0.2,1.554,1.552,1.552,1.559,2026-07-15 02:50:59 UTC,2026-07-15 03:00:20 UTC,560.07,0.3108,0.0041,0.0,0.0004,0.04,9.65,MIN_PROFIT_TP_HIT,0.155
1084,TRUMP_USDT,SHORT,StochasticRSI(FAST_SCALP-SHORT),2,0.2,1.557,1.562,1.555,1.562,2026-07-15 03:09:59 UTC,2026-07-15 03:21:57 UTC,717.08,0.3114,0.0042,0.0,-0.001,-0.09,-24.08,STOP_LOSS_HIT,0.154
1085,TRUMP_USDT,SHORT,StochasticRSI(FAST_SCALP-SHORT),2,0.2,1.562,1.56,1.56,1.567,2026-07-15 03:23:59 UTC,2026-07-15 03:24:48 UTC,48.23,0.3124,0.0042,0.0,0.0004,0.04,9.6,MIN_PROFIT_TP_HIT,0.1544
1086,TRUMP_USDT,SHORT,StochasticRSI(FAST_SCALP-SHORT),2,0.2,1.565,1.563,1.563,1.57,2026-07-15 03:33:59 UTC,2026-07-15 03:35:03 UTC,63.69,0.313,0.0042,0.0,0.0004,0.04,9.58,MIN_PROFIT_TP_HIT,0.1548
1087,TRUMP_USDT,SHORT,StochasticRSI(FAST_SCALP-SHORT),2,0.2,1.565,1.563,1.563,1.57,2026-07-15 04:14:59 UTC,2026-07-15 04:23:41 UTC,521.78,0.313,0.0042,0.0,0.0004,0.04,9.58,MIN_PROFIT_TP_HIT,0.1552
1088,TRUMP_USDT,SHORT,StochasticRSI(FAST_SCALP-SHORT),2,0.2,1.56,1.558,1.558,1.565,2026-07-15 04:39:59 UTC,2026-07-15 05:00:02 UTC,1202.54,0.312,0.0042,0.0,0.0004,0.04,9.62,MIN_PROFIT_TP_HIT,0.1556
1089,TRUMP_USDT,SHORT,StochasticRSI(FAST_SCALP-SHORT),2,0.2,1.556,1.554,1.554,1.561,2026-07-15 05:16:59 UTC,2026-07-15 05:21:47 UTC,287.42,0.3112,0.0041,0.0,0.0004,0.04,9.64,MIN_PROFIT_TP_HIT,0.156
1090,TRUMP_USDT,SHORT,StochasticRSI(FAST_SCALP-SHORT),2,0.2,1.556,1.561,1.554,1.561,2026-07-15 05:30:59 UTC,2026-07-15 05:44:20 UTC,800.08,0.3112,0.0041,0.0,-0.001,-0.09,-24.1,STOP_LOSS_HIT,0.155
1091,TRUMP_USDT,SHORT,StochasticRSI(FAST_SCALP-SHORT),2,0.2,1.563,1.568,1.561,1.568,2026-07-15 05:51:59 UTC,2026-07-15 05:57:31 UTC,331.34,0.3126,0.0042,0.0,-0.001,-0.09,-23.99,STOP_LOSS_HIT,0.154
1092,TRUMP_USDT,SHORT,StochasticRSI(FAST_SCALP-SHORT),2,0.2,1.567,1.572,1.565,1.572,2026-07-15 06:00:59 UTC,2026-07-15 06:03:09 UTC,129.81,0.3134,0.0042,0.0,-0.001,-0.09,-23.93,STOP_LOSS_HIT,0.153
1093,TRUMP_USDT,SHORT,StochasticRSI(FAST_SCALP-SHORT),2,0.2,1.573,1.571,1.571,1.578,2026-07-15 06:32:59 UTC,2026-07-15 06:37:51 UTC,291.94,0.3146,0.0042,0.0,0.0004,0.04,9.54,MIN_PROFIT_TP_HIT,0.1534
1094,TRUMP_USDT,SHORT,StochasticRSI(FAST_SCALP-SHORT),2,0.2,1.565,1.563,1.563,1.57,2026-07-15 06:58:59 UTC,2026-07-15 07:06:05 UTC,425.94,0.313,0.0042,0.0,0.0004,0.04,9.58,MIN_PROFIT_TP_HIT,0.1538
1095,TRUMP_USDT,SHORT,StochasticRSI(FAST_SCALP-SHORT),2,0.2,1.564,1.562,1.562,1.569,2026-07-15 07:16:59 UTC,2026-07-15 07:17:04 UTC,4.56,0.3128,0.0042,0.0,0.0004,0.04,9.59,MIN_PROFIT_TP_HIT,0.1542
1096,TRUMP_USDT,SHORT,StochasticRSI(FAST_SCALP-SHORT),2,0.2,1.559,1.557,1.557,1.564,2026-07-15 07:36:59 UTC,2026-07-15 07:38:17 UTC,77.89,0.3118,0.0042,0.0,0.0004,0.04,9.62,MIN_PROFIT_TP_HIT,0.1546
1097,TRUMP_USDT,SHORT,StochasticRSI(FAST_SCALP-SHORT),2,0.2,1.563,1.561,1.561,1.568,2026-07-15 07:52:59 UTC,2026-07-15 08:07:14 UTC,854.99,0.3126,0.0042,0.0,0.0004,0.04,9.6,MIN_PROFIT_TP_HIT,0.155
1098,TRUMP_USDT,SHORT,StochasticRSI(FAST_SCALP-SHORT),2,0.2,1.564,1.562,1.562,1.569,2026-07-15 08:32:59 UTC,2026-07-15 08:55:27 UTC,1347.92,0.3128,0.0042,0.0,0.0004,0.04,9.59,MIN_PROFIT_TP_HIT,0.1554
1099,TRUMP_USDT,SHORT,StochasticRSI(FAST_SCALP-SHORT),2,0.2,1.568,1.566,1.566,1.573,2026-07-15 09:17:59 UTC,2026-07-15 09:31:04 UTC,784.38,0.3136,0.0042,0.0,0.0004,0.04,9.57,MIN_PROFIT_TP_HIT,0.1558
1100,TRUMP_USDT,SHORT,StochasticRSI(FAST_SCALP-SHORT),2,0.2,1.565,1.563,1.563,1.57,2026-07-15 09:41:59 UTC,2026-07-15 09:47:15 UTC,315.78,0.313,0.0042,0.0,0.0004,0.04,9.58,MIN_PROFIT_TP_HIT,0.1562
1101,TRUMP_USDT,SHORT,StochasticRSI(FAST_SCALP-SHORT),2,0.2,1.563,1.561,1.561,1.568,2026-07-15 10:01:59 UTC,2026-07-15 10:13:03 UTC,663.52,0.3126,0.0042,0.0,0.0004,0.04,9.6,MIN_PROFIT_TP_HIT,0.1566
1102,TRUMP_USDT,SHORT,StochasticRSI(FAST_SCALP-SHORT),2,0.2,1.558,1.563,1.556,1.563,2026-07-15 10:34:59 UTC,2026-07-15 10:56:29 UTC,1289.74,0.3116,0.0042,0.0,-0.001,-0.09,-24.07,STOP_LOSS_HIT,0.1556
1103,TRUMP_USDT,SHORT,StochasticRSI(FAST_SCALP-SHORT),2,0.2,1.561,1.559,1.559,1.566,2026-07-15 10:59:59 UTC,2026-07-15 11:11:32 UTC,692.65,0.3122,0.0042,0.0,0.0004,0.04,9.61,MIN_PROFIT_TP_HIT,0.156
1104,TRUMP_USDT,SHORT,StochasticRSI(FAST_SCALP-SHORT),2,0.2,1.559,1.564,1.557,1.564,2026-07-15 11:25:59 UTC,2026-07-15 11:51:19 UTC,1519.21,0.3118,0.0042,0.0,-0.001,-0.09,-24.05,STOP_LOSS_HIT,0.155
1105,TRUMP_USDT,SHORT,StochasticRSI(FAST_SCALP-SHORT),2,0.2,1.565,1.563,1.563,1.57,2026-07-15 11:57:59 UTC,2026-07-15 12:00:19 UTC,139.31,0.313,0.0042,0.0,0.0004,0.04,9.58,MIN_PROFIT_TP_HIT,0.1554
1106,TRUMP_USDT,SHORT,StochasticRSI(FAST_SCALP-SHORT),2,0.2,1.564,1.562,1.562,1.569,2026-07-15 12:01:59 UTC,2026-07-15 12:05:10 UTC,190.85,0.3128,0.0042,0.0,0.0004,0.04,9.59,MIN_PROFIT_TP_HIT,0.1558
1107,TRUMP_USDT,SHORT,StochasticRSI(FAST_SCALP-SHORT),2,0.2,1.564,1.562,1.562,1.569,2026-07-15 12:21:59 UTC,2026-07-15 12:22:31 UTC,31.56,0.3128,0.0042,0.0,0.0004,0.04,9.59,MIN_PROFIT_TP_HIT,0.1562
1108,TRUMP_USDT,SHORT,StochasticRSI(FAST_SCALP-SHORT),2,0.2,1.568,1.573,1.566,1.573,2026-07-15 12:35:59 UTC,2026-07-15 12:48:59 UTC,779.31,0.3136,0.0042,0.0,-0.001,-0.09,-23.92,STOP_LOSS_HIT,0.1552
1109,TRUMP_USDT,SHORT,StochasticRSI(FAST_SCALP-SHORT),2,0.2,1.579,1.584,1.577,1.584,2026-07-15 12:55:59 UTC,2026-07-15 12:57:27 UTC,87.11,0.3158,0.0042,0.0,-0.001,-0.09,-23.75,STOP_LOSS_HIT,0.1542
1110,TRUMP_USDT,SHORT,StochasticRSI(FAST_SCALP-SHORT),2,0.2,1.586,1.584,1.584,1.591,2026-07-15 13:36:59 UTC,2026-07-15 13:37:08 UTC,8.11,0.3172,0.0042,0.0,0.0004,0.04,9.46,MIN_PROFIT_TP_HIT,0.1546
1111,TRUMP_USDT,SHORT,StochasticRSI(FAST_SCALP-SHORT),2,0.2,1.583,1.581,1.581,1.588,2026-07-15 13:38:59 UTC,2026-07-15 13:40:32 UTC,92.28,0.3166,0.0042,0.0,0.0004,0.04,9.48,MIN_PROFIT_TP_HIT,0.155
1112,TRUMP_USDT,SHORT,StochasticRSI(FAST_SCALP-SHORT),2,0.2,1.576,1.574,1.574,1.581,2026-07-15 14:05:59 UTC,2026-07-15 14:15:28 UTC,568.59,0.3152,0.0042,0.0,0.0004,0.04,9.52,MIN_PROFIT_TP_HIT,0.1554
1113,TRUMP_USDT,SHORT,StochasticRSI(FAST_SCALP-SHORT),2,0.2,1.574,1.572,1.572,1.579,2026-07-15 14:32:59 UTC,2026-07-15 14:39:38 UTC,398.32,0.3148,0.0042,0.0,0.0004,0.04,9.53,MIN_PROFIT_TP_HIT,0.1558
1114,TRUMP_USDT,SHORT,StochasticRSI(FAST_SCALP-SHORT),2,0.2,1.575,1.573,1.573,1.58,2026-07-15 14:52:59 UTC,2026-07-15 14:53:01 UTC,1.52,0.315,0.0042,0.0,0.0004,0.04,9.52,MIN_PROFIT_TP_HIT,0.1562
1115,TRUMP_USDT,SHORT,StochasticRSI(FAST_SCALP-SHORT),2,0.2,1.574,1.572,1.572,1.579,2026-07-15 14:56:59 UTC,2026-07-15 15:14:27 UTC,1047.91,0.3148,0.0042,0.0,0.0004,0.04,9.53,MIN_PROFIT_TP_HIT,0.1566
1116,TRUMP_USDT,SHORT,StochasticRSI(FAST_SCALP-SHORT),2,0.2,1.568,1.566,1.566,1.573,2026-07-15 15:32:59 UTC,2026-07-15 16:04:41 UTC,1901.49,0.3136,0.0042,0.0,0.0004,0.04,9.57,MIN_PROFIT_TP_HIT,0.157
1117,TRUMP_USDT,SHORT,StochasticRSI(FAST_SCALP-SHORT),2,0.2,1.568,1.566,1.566,1.573,2026-07-15 16:19:59 UTC,2026-07-15 16:20:07 UTC,7.14,0.3136,0.0042,0.0,0.0004,0.04,9.57,MIN_PROFIT_TP_HIT,0.1574
1118,TRUMP_USDT,SHORT,StochasticRSI(FAST_SCALP-SHORT),2,0.2,1.564,1.562,1.562,1.569,2026-07-15 16:21:59 UTC,2026-07-15 16:33:53 UTC,713.07,0.3128,0.0042,0.0,0.0004,0.04,9.59,MIN_PROFIT_TP_HIT,0.1578
1119,TRUMP_USDT,SHORT,StochasticRSI(FAST_SCALP-SHORT),2,0.2,1.567,1.565,1.565,1.572,2026-07-15 16:46:59 UTC,2026-07-15 16:47:59 UTC,59.41,0.3134,0.0042,0.0,0.0004,0.04,9.57,MIN_PROFIT_TP_HIT,0.1582
1120,TRUMP_USDT,SHORT,StochasticRSI(FAST_SCALP-SHORT),2,0.2,1.565,1.563,1.563,1.57,2026-07-15 17:06:59 UTC,2026-07-15 17:10:05 UTC,185.84,0.313,0.0042,0.0,0.0004,0.04,9.58,MIN_PROFIT_TP_HIT,0.1586
1121,TRUMP_USDT,SHORT,StochasticRSI(FAST_SCALP-SHORT),2,0.2,1.565,1.57,1.563,1.57,2026-07-15 17:27:59 UTC,2026-07-15 17:45:47 UTC,1067.0,0.313,0.0042,0.0,-0.001,-0.09,-23.96,STOP_LOSS_HIT,0.1576
1122,TRUMP_USDT,SHORT,StochasticRSI(FAST_SCALP-SHORT),2,0.2,1.572,1.577,1.57,1.577,2026-07-15 17:49:59 UTC,2026-07-15 17:59:32 UTC,572.05,0.3144,0.0042,0.0,-0.001,-0.09,-23.85,STOP_LOSS_HIT,0.1566
1123,TRUMP_USDT,SHORT,StochasticRSI(FAST_SCALP-SHORT),2,0.2,1.592,1.59,1.59,1.597,2026-07-15 18:35:59 UTC,2026-07-15 18:36:29 UTC,29.07,0.3184,0.0042,0.0,0.0004,0.04,9.42,MIN_PROFIT_TP_HIT,0.157
1124,TRUMP_USDT,SHORT,StochasticRSI(FAST_SCALP-SHORT),2,0.2,1.585,1.583,1.583,1.59,2026-07-15 18:52:59 UTC,2026-07-15 18:56:22 UTC,202.82,0.317,0.0042,0.0,0.0004,0.04,9.46,MIN_PROFIT_TP_HIT,0.1574
1125,TRUMP_USDT,SHORT,StochasticRSI(FAST_SCALP-SHORT),2,0.2,1.584,1.582,1.582,1.589,2026-07-15 19:06:59 UTC,2026-07-15 19:08:27 UTC,87.38,0.3168,0.0042,0.0,0.0004,0.04,9.47,MIN_PROFIT_TP_HIT,0.1578
1126,TRUMP_USDT,SHORT,StochasticRSI(FAST_SCALP-SHORT),2,0.2,1.583,1.581,1.581,1.588,2026-07-15 19:19:59 UTC,2026-07-15 19:20:03 UTC,3.29,0.3166,0.0042,0.0,0.0004,0.04,9.48,MIN_PROFIT_TP_HIT,0.1582
1127,TRUMP_USDT,SHORT,StochasticRSI(FAST_SCALP-SHORT),2,0.2,1.585,1.583,1.583,1.59,2026-07-15 19:30:59 UTC,2026-07-15 19:50:01 UTC,1141.38,0.317,0.0042,0.0,0.0004,0.04,9.46,MIN_PROFIT_TP_HIT,0.1586
1128,TRUMP_USDT,SHORT,StochasticRSI(FAST_SCALP-SHORT),2,0.2,1.587,1.585,1.585,1.592,2026-07-15 20:06:59 UTC,2026-07-15 20:09:55 UTC,175.85,0.3174,0.0042,0.0,0.0004,0.04,9.45,MIN_PROFIT_TP_HIT,0.159
1129,TRUMP_USDT,SHORT,StochasticRSI(FAST_SCALP-SHORT),2,0.2,1.585,1.583,1.583,1.59,2026-07-15 20:14:59 UTC,2026-07-15 20:33:39 UTC,1119.91,0.317,0.0042,0.0,0.0004,0.04,9.46,MIN_PROFIT_TP_HIT,0.1594
1130,TRUMP_USDT,SHORT,StochasticRSI(FAST_SCALP-SHORT),2,0.2,1.587,1.585,1.585,1.592,2026-07-15 20:42:59 UTC,2026-07-15 20:43:09 UTC,9.06,0.3174,0.0042,0.0,0.0004,0.04,9.45,MIN_PROFIT_TP_HIT,0.1598
1131,TRUMP_USDT,SHORT,StochasticRSI(FAST_SCALP-SHORT),2,0.2,1.583,1.581,1.581,1.588,2026-07-15 21:05:59 UTC,2026-07-15 21:08:17 UTC,137.09,0.3166,0.0042,0.0,0.0004,0.04,9.48,MIN_PROFIT_TP_HIT,0.1602
1132,TRUMP_USDT,SHORT,StochasticRSI(FAST_SCALP-SHORT),2,0.2,1.582,1.58,1.58,1.587,2026-07-15 21:21:59 UTC,2026-07-15 21:34:04 UTC,724.21,0.3164,0.0042,0.0,0.0004,0.04,9.48,MIN_PROFIT_TP_HIT,0.1606
1133,TRUMP_USDT,SHORT,StochasticRSI(FAST_SCALP-SHORT),2,0.2,1.578,1.576,1.576,1.583,2026-07-15 21:49:59 UTC,2026-07-15 21:58:03 UTC,483.41,0.3156,0.0042,0.0,0.0004,0.04,9.51,MIN_PROFIT_TP_HIT,0.161
1134,TRUMP_USDT,SHORT,StochasticRSI(FAST_SCALP-SHORT),2,0.2,1.582,1.58,1.58,1.587,2026-07-15 22:04:59 UTC,2026-07-15 22:07:29 UTC,149.21,0.3164,0.0042,0.0,0.0004,0.04,9.48,MIN_PROFIT_TP_HIT,0.1614
1135,TRUMP_USDT,SHORT,StochasticRSI(FAST_SCALP-SHORT),2,0.2,1.582,1.58,1.58,1.587,2026-07-15 22:08:59 UTC,2026-07-15 22:10:17 UTC,77.1,0.3164,0.0042,0.0,0.0004,0.04,9.48,MIN_PROFIT_TP_HIT,0.1618
1136,TRUMP_USDT,SHORT,StochasticRSI(FAST_SCALP-SHORT),2,0.2,1.582,1.58,1.58,1.587,2026-07-15 22:16:59 UTC,2026-07-15 22:36:21 UTC,1161.42,0.3164,0.0042,0.0,0.0004,0.04,9.48,MIN_PROFIT_TP_HIT,0.1622
1137,TRUMP_USDT,SHORT,StochasticRSI(FAST_SCALP-SHORT),2,0.2,1.576,1.574,1.574,1.581,2026-07-15 22:55:59 UTC,2026-07-15 22:56:09 UTC,9.03,0.3152,0.0042,0.0,0.0004,0.04,9.52,MIN_PROFIT_TP_HIT,0.1626
1138,TRUMP_USDT,SHORT,StochasticRSI(FAST_SCALP-SHORT),2,0.2,1.583,1.581,1.581,1.588,2026-07-15 23:04:59 UTC,2026-07-15 23:05:16 UTC,16.29,0.3166,0.0042,0.0,0.0004,0.04,9.48,MIN_PROFIT_TP_HIT,0.163
1139,TRUMP_USDT,SHORT,StochasticRSI(FAST_SCALP-SHORT),2,0.2,1.582,1.58,1.58,1.587,2026-07-15 23:38:59 UTC,2026-07-15 23:39:11 UTC,11.35,0.3164,0.0042,0.0,0.0004,0.04,9.48,MIN_PROFIT_TP_HIT,0.1634
1140,TRUMP_USDT,SHORT,StochasticRSI(FAST_SCALP-SHORT),2,0.2,1.584,1.582,1.582,1.589,2026-07-16 00:05:59 UTC,2026-07-16 00:08:05 UTC,125.09,0.3168,0.0042,0.0,0.0004,0.04,9.47,MIN_PROFIT_TP_HIT,0.1638
1141,TRUMP_USDT,SHORT,StochasticRSI(FAST_SCALP-SHORT),2,0.2,1.587,1.592,1.585,1.592,2026-07-16 00:16:59 UTC,2026-07-16 00:17:51 UTC,51.65,0.3174,0.0042,0.0,-0.001,-0.09,-23.63,STOP_LOSS_HIT,0.1628
1142,TRUMP_USDT,SHORT,StochasticRSI(FAST_SCALP-SHORT),2,0.2,1.57,1.568,1.568,1.575,2026-07-16 00:51:59 UTC,2026-07-16 01:06:04 UTC,844.54,0.314,0.0042,0.0,0.0004,0.04,9.55,MIN_PROFIT_TP_HIT,0.1632
1143,TRUMP_USDT,SHORT,StochasticRSI(FAST_SCALP-SHORT),2,0.2,1.562,1.567,1.56,1.567,2026-07-16 01:19:59 UTC,2026-07-16 01:23:55 UTC,235.08,0.3124,0.0042,0.0,-0.001,-0.09,-24.01,STOP_LOSS_HIT,0.1622
1144,TRUMP_USDT,SHORT,StochasticRSI(FAST_SCALP-SHORT),2,0.2,1.567,1.565,1.565,1.572,2026-07-16 01:28:59 UTC,2026-07-16 01:29:18 UTC,18.29,0.3134,0.0042,0.0,0.0004,0.04,9.57,MIN_PROFIT_TP_HIT,0.1626
1145,TRUMP_USDT,SHORT,StochasticRSI(FAST_SCALP-SHORT),2,0.2,1.572,1.57,1.57,1.577,2026-07-16 01:40:59 UTC,2026-07-16 01:42:22 UTC,82.52,0.3144,0.0042,0.0,0.0004,0.04,9.54,MIN_PROFIT_TP_HIT,0.163
1146,TRUMP_USDT,SHORT,StochasticRSI(FAST_SCALP-SHORT),2,0.2,1.573,1.571,1.571,1.578,2026-07-16 01:53:59 UTC,2026-07-16 02:10:06 UTC,966.2,0.3146,0.0042,0.0,0.0004,0.04,9.54,MIN_PROFIT_TP_HIT,0.1634
1147,TRUMP_USDT,SHORT,StochasticRSI(FAST_SCALP-SHORT),2,0.2,1.578,1.583,1.576,1.583,2026-07-16 02:21:59 UTC,2026-07-16 02:23:41 UTC,101.66,0.3156,0.0042,0.0,-0.001,-0.09,-23.76,STOP_LOSS_HIT,0.1624
1148,TRUMP_USDT,SHORT,StochasticRSI(FAST_SCALP-SHORT),2,0.2,1.581,1.579,1.579,1.586,2026-07-16 02:25:59 UTC,2026-07-16 02:26:15 UTC,15.2,0.3162,0.0042,0.0,0.0004,0.04,9.49,MIN_PROFIT_TP_HIT,0.1628
1149,TRUMP_USDT,SHORT,StochasticRSI(FAST_SCALP-SHORT),2,0.2,1.584,1.582,1.582,1.589,2026-07-16 02:39:59 UTC,2026-07-16 02:41:50 UTC,110.57,0.3168,0.0042,0.0,0.0004,0.04,9.47,MIN_PROFIT_TP_HIT,0.1632
1150,TRUMP_USDT,SHORT,StochasticRSI(FAST_SCALP-SHORT),2,0.2,1.586,1.584,1.584,1.591,2026-07-16 03:01:59 UTC,2026-07-16 03:04:35 UTC,155.16,0.3172,0.0042,0.0,0.0004,0.04,9.46,MIN_PROFIT_TP_HIT,0.1636
1151,TRUMP_USDT,SHORT,StochasticRSI(FAST_SCALP-SHORT),2,0.2,1.578,1.576,1.576,1.583,2026-07-16 03:34:59 UTC,2026-07-16 03:37:03 UTC,123.96,0.3156,0.0042,0.0,0.0004,0.04,9.51,MIN_PROFIT_TP_HIT,0.164
1152,TRUMP_USDT,SHORT,StochasticRSI(FAST_SCALP-SHORT),2,0.2,1.577,1.575,1.575,1.582,2026-07-16 03:58:59 UTC,2026-07-16 04:08:50 UTC,590.36,0.3154,0.0042,0.0,0.0004,0.04,9.51,MIN_PROFIT_TP_HIT,0.1644
1153,TRUMP_USDT,SHORT,StochasticRSI(FAST_SCALP-SHORT),2,0.2,1.576,1.574,1.574,1.581,2026-07-16 04:16:59 UTC,2026-07-16 04:18:00 UTC,60.37,0.3152,0.0042,0.0,0.0004,0.04,9.52,MIN_PROFIT_TP_HIT,0.1648
1154,TRUMP_USDT,SHORT,StochasticRSI(FAST_SCALP-SHORT),2,0.2,1.577,1.575,1.575,1.582,2026-07-16 04:30:59 UTC,2026-07-16 04:33:48 UTC,168.06,0.3154,0.0042,0.0,0.0004,0.04,9.51,MIN_PROFIT_TP_HIT,0.1652
1155,TRUMP_USDT,SHORT,StochasticRSI(FAST_SCALP-SHORT),2,0.2,1.584,1.582,1.582,1.589,2026-07-16 04:44:59 UTC,2026-07-16 04:45:04 UTC,4.38,0.3168,0.0042,0.0,0.0004,0.04,9.47,MIN_PROFIT_TP_HIT,0.1656
1156,TRUMP_USDT,SHORT,StochasticRSI(FAST_SCALP-SHORT),2,0.2,1.583,1.588,1.581,1.588,2026-07-16 05:10:59 UTC,2026-07-16 05:15:05 UTC,245.32,0.3166,0.0042,0.0,-0.001,-0.09,-23.69,STOP_LOSS_HIT,0.1646
1157,TRUMP_USDT,SHORT,StochasticRSI(FAST_SCALP-SHORT),2,0.2,1.588,1.586,1.586,1.593,2026-07-16 05:19:59 UTC,2026-07-16 05:29:31 UTC,571.57,0.3176,0.0042,0.0,0.0004,0.04,9.45,MIN_PROFIT_TP_HIT,0.165
1158,TRUMP_USDT,SHORT,StochasticRSI(FAST_SCALP-SHORT),2,0.2,1.579,1.577,1.577,1.584,2026-07-16 05:45:59 UTC,2026-07-16 05:52:58 UTC,418.76,0.3158,0.0042,0.0,0.0004,0.04,9.5,MIN_PROFIT_TP_HIT,0.1654
1159,TRUMP_USDT,SHORT,StochasticRSI(FAST_SCALP-SHORT),2,0.2,1.579,1.577,1.577,1.584,2026-07-16 05:53:59 UTC,2026-07-16 05:54:07 UTC,7.8,0.3158,0.0042,0.0,0.0004,0.04,9.5,MIN_PROFIT_TP_HIT,0.1658
1160,TRUMP_USDT,SHORT,StochasticRSI(FAST_SCALP-SHORT),2,0.2,1.578,1.576,1.576,1.583,2026-07-16 06:00:59 UTC,2026-07-16 06:02:19 UTC,79.07,0.3156,0.0042,0.0,0.0004,0.04,9.51,MIN_PROFIT_TP_HIT,0.1662
1161,TRUMP_USDT,SHORT,StochasticRSI(FAST_SCALP-SHORT),2,0.2,1.578,1.576,1.576,1.583,2026-07-16 06:16:59 UTC,2026-07-16 06:30:17 UTC,797.43,0.3156,0.0042,0.0,0.0004,0.04,9.51,MIN_PROFIT_TP_HIT,0.1666
1162,TRUMP_USDT,SHORT,StochasticRSI(FAST_SCALP-SHORT),2,0.2,1.576,1.574,1.574,1.581,2026-07-16 06:46:59 UTC,2026-07-16 06:57:11 UTC,611.6,0.3152,0.0042,0.0,0.0004,0.04,9.52,MIN_PROFIT_TP_HIT,0.167
1163,TRUMP_USDT,SHORT,StochasticRSI(FAST_SCALP-SHORT),2,0.2,1.572,1.57,1.57,1.577,2026-07-16 07:25:59 UTC,2026-07-16 07:26:10 UTC,10.78,0.3144,0.0042,0.0,0.0004,0.04,9.54,MIN_PROFIT_TP_HIT,0.1674
1164,TRUMP_USDT,SHORT,StochasticRSI(FAST_SCALP-SHORT),2,0.2,1.563,1.568,1.561,1.568,2026-07-16 07:51:59 UTC,2026-07-16 08:00:52 UTC,532.49,0.3126,0.0042,0.0,-0.001,-0.09,-23.99,STOP_LOSS_HIT,0.1664
1165,TRUMP_USDT,SHORT,StochasticRSI(FAST_SCALP-SHORT),2,0.2,1.566,1.564,1.564,1.571,2026-07-16 08:02:59 UTC,2026-07-16 08:03:22 UTC,22.39,0.3132,0.0042,0.0,0.0004,0.04,9.58,MIN_PROFIT_TP_HIT,0.1668
1166,TRUMP_USDT,SHORT,StochasticRSI(FAST_SCALP-SHORT),2,0.2,1.553,1.558,1.551,1.558,2026-07-16 08:25:59 UTC,2026-07-16 08:31:23 UTC,323.78,0.3106,0.0041,0.0,-0.001,-0.09,-24.15,STOP_LOSS_HIT,0.1658
1167,TRUMP_USDT,SHORT,StochasticRSI(FAST_SCALP-SHORT),2,0.2,1.559,1.557,1.557,1.564,2026-07-16 08:37:59 UTC,2026-07-16 08:42:37 UTC,277.57,0.3118,0.0042,0.0,0.0004,0.04,9.62,MIN_PROFIT_TP_HIT,0.1662
1168,TRUMP_USDT,SHORT,StochasticRSI(FAST_SCALP-SHORT),2,0.2,1.557,1.562,1.555,1.562,2026-07-16 09:04:59 UTC,2026-07-16 09:26:10 UTC,1270.13,0.3114,0.0042,0.0,-0.001,-0.09,-24.08,STOP_LOSS_HIT,0.1652
1169,TRUMP_USDT,SHORT,StochasticRSI(FAST_SCALP-SHORT),2,0.2,1.555,1.56,1.553,1.56,2026-07-16 10:11:59 UTC,2026-07-16 10:32:35 UTC,1235.31,0.311,0.0041,0.0,-0.001,-0.09,-24.12,STOP_LOSS_HIT,0.1642
1170,TRUMP_USDT,SHORT,StochasticRSI(FAST_SCALP-SHORT),2,0.2,1.557,1.555,1.555,1.562,2026-07-16 10:57:59 UTC,2026-07-16 11:00:10 UTC,130.34,0.3114,0.0042,0.0,0.0004,0.04,9.63,MIN_PROFIT_TP_HIT,0.1646
1171,TRUMP_USDT,SHORT,StochasticRSI(FAST_SCALP-SHORT),2,0.2,1.558,1.556,1.556,1.563,2026-07-16 11:29:59 UTC,2026-07-16 11:34:10 UTC,250.53,0.3116,0.0042,0.0,0.0004,0.04,9.63,MIN_PROFIT_TP_HIT,0.165
1172,TRUMP_USDT,SHORT,StochasticRSI(FAST_SCALP-SHORT),2,0.2,1.562,1.56,1.56,1.567,2026-07-16 12:02:59 UTC,2026-07-16 12:04:33 UTC,93.37,0.3124,0.0042,0.0,0.0004,0.04,9.6,MIN_PROFIT_TP_HIT,0.1654
1173,TRUMP_USDT,SHORT,StochasticRSI(FAST_SCALP-SHORT),2,0.2,1.56,1.558,1.558,1.565,2026-07-16 12:33:59 UTC,2026-07-16 12:36:45 UTC,165.71,0.312,0.0042,0.0,0.0004,0.04,9.62,MIN_PROFIT_TP_HIT,0.1658
1174,TRUMP_USDT,SHORT,StochasticRSI(FAST_SCALP-SHORT),2,0.2,1.552,1.557,1.55,1.557,2026-07-16 12:50:59 UTC,2026-07-16 13:10:36 UTC,1176.04,0.3104,0.0041,0.0,-0.001,-0.09,-24.16,STOP_LOSS_HIT,0.1648
1175,TRUMP_USDT,SHORT,StochasticRSI(FAST_SCALP-SHORT),2,0.2,1.56,1.558,1.558,1.565,2026-07-16 13:16:59 UTC,2026-07-16 13:17:59 UTC,59.41,0.312,0.0042,0.0,0.0004,0.04,9.62,MIN_PROFIT_TP_HIT,0.1652
1176,TRUMP_USDT,SHORT,StochasticRSI(FAST_SCALP-SHORT),2,0.2,1.564,1.569,1.562,1.569,2026-07-16 13:25:59 UTC,2026-07-16 13:33:18 UTC,438.89,0.3128,0.0042,0.0,-0.001,-0.09,-23.98,STOP_LOSS_HIT,0.1642
1177,TRUMP_USDT,SHORT,StochasticRSI(FAST_SCALP-SHORT),2,0.2,1.572,1.57,1.57,1.577,2026-07-16 13:40:59 UTC,2026-07-16 13:41:53 UTC,53.2,0.3144,0.0042,0.0,0.0004,0.04,9.54,MIN_PROFIT_TP_HIT,0.1646
1178,TRUMP_USDT,SHORT,StochasticRSI(FAST_SCALP-SHORT),2,0.2,1.571,1.569,1.569,1.576,2026-07-16 13:54:59 UTC,2026-07-16 13:55:03 UTC,3.02,0.3142,0.0042,0.0,0.0004,0.04,9.55,MIN_PROFIT_TP_HIT,0.165
1179,TRUMP_USDT,SHORT,StochasticRSI(FAST_SCALP-SHORT),2,0.2,1.572,1.57,1.57,1.577,2026-07-16 14:03:59 UTC,2026-07-16 14:04:04 UTC,4.44,0.3144,0.0042,0.0,0.0004,0.04,9.54,MIN_PROFIT_TP_HIT,0.1654
1180,TRUMP_USDT,SHORT,StochasticRSI(FAST_SCALP-SHORT),2,0.2,1.574,1.572,1.572,1.579,2026-07-16 14:14:59 UTC,2026-07-16 14:15:20 UTC,20.41,0.3148,0.0042,0.0,0.0004,0.04,9.53,MIN_PROFIT_TP_HIT,0.1658
1181,TRUMP_USDT,SHORT,StochasticRSI(FAST_SCALP-SHORT),2,0.2,1.574,1.572,1.572,1.579,2026-07-16 14:30:59 UTC,2026-07-16 14:31:03 UTC,3.41,0.3148,0.0042,0.0,0.0004,0.04,9.53,MIN_PROFIT_TP_HIT,0.1662
1182,TRUMP_USDT,SHORT,StochasticRSI(FAST_SCALP-SHORT),2,0.2,1.576,1.574,1.574,1.581,2026-07-16 14:50:59 UTC,2026-07-16 14:53:02 UTC,122.23,0.3152,0.0042,0.0,0.0004,0.04,9.52,MIN_PROFIT_TP_HIT,0.1666
1183,TRUMP_USDT,SHORT,StochasticRSI(FAST_SCALP-SHORT),2,0.2,1.57,1.575,1.568,1.575,2026-07-16 15:21:59 UTC,2026-07-16 15:25:40 UTC,220.27,0.314,0.0042,0.0,-0.001,-0.09,-23.89,STOP_LOSS_HIT,0.1656
1184,TRUMP_USDT,SHORT,StochasticRSI(FAST_SCALP-SHORT),2,0.2,1.577,1.575,1.575,1.582,2026-07-16 15:28:59 UTC,2026-07-16 15:43:47 UTC,887.3,0.3154,0.0042,0.0,0.0004,0.04,9.51,MIN_PROFIT_TP_HIT,0.166
1185,TRUMP_USDT,SHORT,StochasticRSI(FAST_SCALP-SHORT),2,0.2,1.578,1.576,1.576,1.583,2026-07-16 15:55:59 UTC,2026-07-16 15:56:24 UTC,24.72,0.3156,0.0042,0.0,0.0004,0.04,9.51,MIN_PROFIT_TP_HIT,0.1664
1186,TRUMP_USDT,SHORT,StochasticRSI(FAST_SCALP-SHORT),2,0.2,1.572,1.57,1.57,1.577,2026-07-16 16:30:59 UTC,2026-07-16 16:35:34 UTC,274.9,0.3144,0.0042,0.0,0.0004,0.04,9.54,MIN_PROFIT_TP_HIT,0.1668
1187,TRUMP_USDT,SHORT,StochasticRSI(FAST_SCALP-SHORT),2,0.2,1.57,1.568,1.568,1.575,2026-07-16 16:55:59 UTC,2026-07-16 16:57:49 UTC,109.62,0.314,0.0042,0.0,0.0004,0.04,9.55,MIN_PROFIT_TP_HIT,0.1672
1188,TRUMP_USDT,SHORT,StochasticRSI(FAST_SCALP-SHORT),2,0.2,1.569,1.567,1.567,1.574,2026-07-16 16:59:59 UTC,2026-07-16 17:00:49 UTC,49.46,0.3138,0.0042,0.0,0.0004,0.04,9.56,MIN_PROFIT_TP_HIT,0.1676
1189,TRUMP_USDT,SHORT,StochasticRSI(FAST_SCALP-SHORT),2,0.2,1.562,1.56,1.56,1.567,2026-07-16 17:23:59 UTC,2026-07-16 17:25:43 UTC,103.79,0.3124,0.0042,0.0,0.0004,0.04,9.6,MIN_PROFIT_TP_HIT,0.168
1190,TRUMP_USDT,SHORT,StochasticRSI(FAST_SCALP-SHORT),2,0.2,1.574,1.572,1.572,1.579,2026-07-16 17:38:59 UTC,2026-07-16 17:43:02 UTC,242.31,0.3148,0.0042,0.0,0.0004,0.04,9.53,MIN_PROFIT_TP_HIT,0.1684
1191,TRUMP_USDT,SHORT,StochasticRSI(FAST_SCALP-SHORT),2,0.2,1.558,1.556,1.556,1.563,2026-07-16 18:03:59 UTC,2026-07-16 18:05:09 UTC,69.11,0.3116,0.0042,0.0,0.0004,0.04,9.63,MIN_PROFIT_TP_HIT,0.1688
1192,TRUMP_USDT,SHORT,StochasticRSI(FAST_SCALP-SHORT),2,0.2,1.563,1.561,1.561,1.568,2026-07-16 18:13:59 UTC,2026-07-16 18:15:23 UTC,83.77,0.3126,0.0042,0.0,0.0004,0.04,9.6,MIN_PROFIT_TP_HIT,0.1692
1193,TRUMP_USDT,SHORT,StochasticRSI(FAST_SCALP-SHORT),2,0.2,1.565,1.563,1.563,1.57,2026-07-16 18:21:59 UTC,2026-07-16 18:22:27 UTC,27.18,0.313,0.0042,0.0,0.0004,0.04,9.58,MIN_PROFIT_TP_HIT,0.1696
1194,TRUMP_USDT,SHORT,StochasticRSI(FAST_SCALP-SHORT),2,0.2,1.564,1.562,1.562,1.569,2026-07-16 18:23:59 UTC,2026-07-16 18:32:10 UTC,490.91,0.3128,0.0042,0.0,0.0004,0.04,9.59,MIN_PROFIT_TP_HIT,0.17
1195,TRUMP_USDT,SHORT,StochasticRSI(FAST_SCALP-SHORT),2,0.2,1.561,1.559,1.559,1.566,2026-07-16 18:53:59 UTC,2026-07-16 18:55:44 UTC,104.35,0.3122,0.0042,0.0,0.0004,0.04,9.61,MIN_PROFIT_TP_HIT,0.1704
1196,TRUMP_USDT,SHORT,StochasticRSI(FAST_SCALP-SHORT),2,0.2,1.561,1.559,1.559,1.566,2026-07-16 19:05:59 UTC,2026-07-16 19:06:57 UTC,57.72,0.3122,0.0042,0.0,0.0004,0.04,9.61,MIN_PROFIT_TP_HIT,0.1708
1197,TRUMP_USDT,SHORT,StochasticRSI(FAST_SCALP-SHORT),2,0.2,1.557,1.555,1.555,1.562,2026-07-16 19:18:59 UTC,2026-07-16 19:22:54 UTC,234.61,0.3114,0.0042,0.0,0.0004,0.04,9.63,MIN_PROFIT_TP_HIT,0.1712
1198,TRUMP_USDT,SHORT,StochasticRSI(FAST_SCALP-SHORT),2,0.2,1.559,1.557,1.557,1.564,2026-07-16 19:32:59 UTC,2026-07-16 19:36:45 UTC,225.67,0.3118,0.0042,0.0,0.0004,0.04,9.62,MIN_PROFIT_TP_HIT,0.1716
1199,TRUMP_USDT,SHORT,StochasticRSI(FAST_SCALP-SHORT),2,0.2,1.559,1.557,1.557,1.564,2026-07-16 19:44:59 UTC,2026-07-16 19:45:01 UTC,1.64,0.3118,0.0042,0.0,0.0004,0.04,9.62,MIN_PROFIT_TP_HIT,0.172
1200,TRUMP_USDT,SHORT,StochasticRSI(FAST_SCALP-SHORT),2,0.2,1.56,1.558,1.558,1.565,2026-07-16 19:57:59 UTC,2026-07-16 19:59:12 UTC,72.25,0.312,0.0042,0.0,0.0004,0.04,9.62,MIN_PROFIT_TP_HIT,0.1724
1201,TRUMP_USDT,SHORT,StochasticRSI(FAST_SCALP-SHORT),2,0.2,1.557,1.555,1.555,1.562,2026-07-16 20:15:59 UTC,2026-07-16 20:52:09 UTC,2169.74,0.3114,0.0042,0.0,0.0004,0.04,9.63,MIN_PROFIT_TP_HIT,0.1728
1202,TRUMP_USDT,SHORT,StochasticRSI(FAST_SCALP-SHORT),2,0.2,1.559,1.557,1.557,1.564,2026-07-16 21:12:59 UTC,2026-07-16 21:13:48 UTC,48.16,0.3118,0.0042,0.0,0.0004,0.04,9.62,MIN_PROFIT_TP_HIT,0.1732
1203,TRUMP_USDT,SHORT,StochasticRSI(FAST_SCALP-SHORT),2,0.2,1.559,1.564,1.557,1.564,2026-07-16 21:25:59 UTC,2026-07-16 21:38:25 UTC,745.42,0.3118,0.0042,0.0,-0.001,-0.09,-24.05,STOP_LOSS_HIT,0.1722
1204,TRUMP_USDT,SHORT,StochasticRSI(FAST_SCALP-SHORT),2,0.2,1.564,1.562,1.562,1.569,2026-07-16 21:41:59 UTC,2026-07-16 21:53:31 UTC,691.54,0.3128,0.0042,0.0,0.0004,0.04,9.59,MIN_PROFIT_TP_HIT,0.1726
1205,TRUMP_USDT,SHORT,StochasticRSI(FAST_SCALP-SHORT),2,0.2,1.566,1.564,1.564,1.571,2026-07-16 22:10:59 UTC,2026-07-16 22:13:57 UTC,177.19,0.3132,0.0042,0.0,0.0004,0.04,9.58,MIN_PROFIT_TP_HIT,0.173
1206,TRUMP_USDT,SHORT,StochasticRSI(FAST_SCALP-SHORT),2,0.2,1.553,1.551,1.551,1.558,2026-07-16 22:35:59 UTC,2026-07-16 22:40:18 UTC,258.77,0.3106,0.0041,0.0,0.0004,0.04,9.66,MIN_PROFIT_TP_HIT,0.1734
1207,TRUMP_USDT,SHORT,StochasticRSI(FAST_SCALP-SHORT),2,0.2,1.544,1.542,1.542,1.549,2026-07-16 23:03:59 UTC,2026-07-16 23:08:23 UTC,263.32,0.3088,0.0041,0.0,0.0004,0.04,9.72,MIN_PROFIT_TP_HIT,0.1738
1208,TRUMP_USDT,SHORT,StochasticRSI(FAST_SCALP-SHORT),2,0.2,1.542,1.54,1.54,1.547,2026-07-16 23:17:59 UTC,2026-07-16 23:19:03 UTC,63.28,0.3084,0.0041,0.0,0.0004,0.04,9.73,MIN_PROFIT_TP_HIT,0.1742
1209,TRUMP_USDT,SHORT,StochasticRSI(FAST_SCALP-SHORT),2,0.2,1.541,1.539,1.539,1.546,2026-07-16 23:30:59 UTC,2026-07-16 23:32:23 UTC,83.67,0.3082,0.0041,0.0,0.0004,0.04,9.73,MIN_PROFIT_TP_HIT,0.1746
1210,TRUMP_USDT,SHORT,StochasticRSI(FAST_SCALP-SHORT),2,0.2,1.545,1.543,1.543,1.55,2026-07-16 23:42:59 UTC,2026-07-16 23:43:23 UTC,23.05,0.309,0.0041,0.0,0.0004,0.04,9.71,MIN_PROFIT_TP_HIT,0.175
1211,TRUMP_USDT,SHORT,StochasticRSI(FAST_SCALP-SHORT),2,0.2,1.544,1.542,1.542,1.549,2026-07-16 23:46:59 UTC,2026-07-17 00:05:18 UTC,1098.78,0.3088,0.0041,0.0,0.0004,0.04,9.72,MIN_PROFIT_TP_HIT,0.1754
1212,TRUMP_USDT,SHORT,StochasticRSI(FAST_SCALP-SHORT),2,0.2,1.546,1.544,1.544,1.551,2026-07-17 00:19:59 UTC,2026-07-17 00:30:48 UTC,648.08,0.3092,0.0041,0.0,0.0004,0.04,9.7,MIN_PROFIT_TP_HIT,0.1758
1213,TRUMP_USDT,SHORT,StochasticRSI(FAST_SCALP-SHORT),2,0.2,1.548,1.553,1.546,1.553,2026-07-17 00:44:59 UTC,2026-07-17 00:53:01 UTC,481.25,0.3096,0.0041,0.0,-0.001,-0.09,-24.22,STOP_LOSS_HIT,0.1748
1214,TRUMP_USDT,SHORT,StochasticRSI(FAST_SCALP-SHORT),2,0.2,1.553,1.558,1.551,1.558,2026-07-17 00:57:59 UTC,2026-07-17 01:04:50 UTC,410.34,0.3106,0.0041,0.0,-0.001,-0.09,-24.15,STOP_LOSS_HIT,0.1738
1215,TRUMP_USDT,SHORT,StochasticRSI(FAST_SCALP-SHORT),2,0.2,1.558,1.556,1.556,1.563,2026-07-17 01:07:59 UTC,2026-07-17 01:18:43 UTC,643.0,0.3116,0.0042,0.0,0.0004,0.04,9.63,MIN_PROFIT_TP_HIT,0.1742
1216,TRUMP_USDT,SHORT,StochasticRSI(FAST_SCALP-SHORT),2,0.2,1.547,1.545,1.545,1.552,2026-07-17 02:08:59 UTC,2026-07-17 02:09:23 UTC,23.63,0.3094,0.0041,0.0,0.0004,0.04,9.7,MIN_PROFIT_TP_HIT,0.1746
1217,TRUMP_USDT,SHORT,StochasticRSI(FAST_SCALP-SHORT),2,0.2,1.543,1.541,1.541,1.548,2026-07-17 02:20:59 UTC,2026-07-17 02:21:43 UTC,43.32,0.3086,0.0041,0.0,0.0004,0.04,9.72,MIN_PROFIT_TP_HIT,0.175
1218,TRUMP_USDT,SHORT,StochasticRSI(FAST_SCALP-SHORT),2,0.2,1.543,1.541,1.541,1.548,2026-07-17 02:32:59 UTC,2026-07-17 02:33:22 UTC,22.7,0.3086,0.0041,0.0,0.0004,0.04,9.72,MIN_PROFIT_TP_HIT,0.1754
1219,TRUMP_USDT,SHORT,StochasticRSI(FAST_SCALP-SHORT),2,0.2,1.542,1.54,1.54,1.547,2026-07-17 02:47:59 UTC,2026-07-17 02:48:51 UTC,51.82,0.3084,0.0041,0.0,0.0004,0.04,9.73,MIN_PROFIT_TP_HIT,0.1758
1220,TRUMP_USDT,SHORT,StochasticRSI(FAST_SCALP-SHORT),2,0.2,1.541,1.546,1.539,1.546,2026-07-17 03:03:59 UTC,2026-07-17 03:05:58 UTC,118.63,0.3082,0.0041,0.0,-0.001,-0.09,-24.33,STOP_LOSS_HIT,0.1748
1221,TRUMP_USDT,SHORT,StochasticRSI(FAST_SCALP-SHORT),2,0.2,1.547,1.552,1.545,1.552,2026-07-17 03:08:59 UTC,2026-07-17 03:18:41 UTC,581.67,0.3094,0.0041,0.0,-0.001,-0.09,-24.24,STOP_LOSS_HIT,0.1738
1222,TRUMP_USDT,SHORT,StochasticRSI(FAST_SCALP-SHORT),2,0.2,1.552,1.55,1.55,1.557,2026-07-17 03:24:59 UTC,2026-07-17 03:32:31 UTC,451.43,0.3104,0.0041,0.0,0.0004,0.04,9.66,MIN_PROFIT_TP_HIT,0.1742
1223,TRUMP_USDT,SHORT,StochasticRSI(FAST_SCALP-SHORT),2,0.2,1.549,1.547,1.547,1.554,2026-07-17 04:01:59 UTC,2026-07-17 04:03:10 UTC,70.35,0.3098,0.0041,0.0,0.0004,0.04,9.68,MIN_PROFIT_TP_HIT,0.1746
1224,TRUMP_USDT,SHORT,StochasticRSI(FAST_SCALP-SHORT),2,0.2,1.553,1.551,1.551,1.558,2026-07-17 04:12:59 UTC,2026-07-17 04:13:28 UTC,28.14,0.3106,0.0041,0.0,0.0004,0.04,9.66,MIN_PROFIT_TP_HIT,0.175
1225,TRUMP_USDT,SHORT,StochasticRSI(FAST_SCALP-SHORT),2,0.2,1.548,1.546,1.546,1.553,2026-07-17 04:28:59 UTC,2026-07-17 04:38:11 UTC,551.59,0.3096,0.0041,0.0,0.0004,0.04,9.69,MIN_PROFIT_TP_HIT,0.1754
1226,TRUMP_USDT,SHORT,StochasticRSI(FAST_SCALP-SHORT),2,0.2,1.556,1.554,1.554,1.561,2026-07-17 04:50:59 UTC,2026-07-17 04:57:57 UTC,417.06,0.3112,0.0041,0.0,0.0004,0.04,9.64,MIN_PROFIT_TP_HIT,0.1758
1227,TRUMP_USDT,SHORT,StochasticRSI(FAST_SCALP-SHORT),2,0.2,1.553,1.551,1.551,1.558,2026-07-17 05:12:59 UTC,2026-07-17 05:21:08 UTC,488.63,0.3106,0.0041,0.0,0.0004,0.04,9.66,MIN_PROFIT_TP_HIT,0.1762
1228,TRUMP_USDT,SHORT,StochasticRSI(FAST_SCALP-SHORT),2,0.2,1.536,1.541,1.534,1.541,2026-07-17 05:46:59 UTC,2026-07-17 05:49:19 UTC,139.35,0.3072,0.0041,0.0,-0.001,-0.09,-24.41,STOP_LOSS_HIT,0.1752
1229,TRUMP_USDT,SHORT,StochasticRSI(FAST_SCALP-SHORT),2,0.2,1.539,1.537,1.537,1.544,2026-07-17 05:53:59 UTC,2026-07-17 05:58:07 UTC,247.18,0.3078,0.0041,0.0,0.0004,0.04,9.75,MIN_PROFIT_TP_HIT,0.1756
1230,TRUMP_USDT,SHORT,StochasticRSI(FAST_SCALP-SHORT),2,0.2,1.541,1.546,1.539,1.546,2026-07-17 06:07:59 UTC,2026-07-17 06:23:01 UTC,901.3,0.3082,0.0041,0.0,-0.001,-0.09,-24.33,STOP_LOSS_HIT,0.1746
1231,TRUMP_USDT,SHORT,StochasticRSI(FAST_SCALP-SHORT),2,0.2,1.547,1.545,1.545,1.552,2026-07-17 06:26:59 UTC,2026-07-17 06:30:14 UTC,194.66,0.3094,0.0041,0.0,0.0004,0.04,9.7,MIN_PROFIT_TP_HIT,0.175
1232,TRUMP_USDT,SHORT,StochasticRSI(FAST_SCALP-SHORT),2,0.2,1.542,1.54,1.54,1.547,2026-07-17 06:51:59 UTC,2026-07-17 07:10:26 UTC,1106.27,0.3084,0.0041,0.0,0.0004,0.04,9.73,MIN_PROFIT_TP_HIT,0.1754
1233,TRUMP_USDT,SHORT,StochasticRSI(FAST_SCALP-SHORT),2,0.2,1.542,1.54,1.54,1.547,2026-07-17 07:11:59 UTC,2026-07-17 07:15:37 UTC,217.85,0.3084,0.0041,0.0,0.0004,0.04,9.73,MIN_PROFIT_TP_HIT,0.1758
1234,TRUMP_USDT,SHORT,StochasticRSI(FAST_SCALP-SHORT),2,0.2,1.537,1.535,1.535,1.542,2026-07-17 07:32:59 UTC,2026-07-17 07:33:11 UTC,11.44,0.3074,0.0041,0.0,0.0004,0.04,9.76,MIN_PROFIT_TP_HIT,0.1762
1235,TRUMP_USDT,SHORT,StochasticRSI(FAST_SCALP-SHORT),2,0.2,1.533,1.531,1.531,1.538,2026-07-17 07:45:59 UTC,2026-07-17 07:58:02 UTC,722.85,0.3066,0.0041,0.0,0.0004,0.04,9.78,MIN_PROFIT_TP_HIT,0.1766
1236,TRUMP_USDT,SHORT,StochasticRSI(FAST_SCALP-SHORT),2,0.2,1.534,1.532,1.532,1.539,2026-07-17 08:05:59 UTC,2026-07-17 08:07:18 UTC,78.69,0.3068,0.0041,0.0,0.0004,0.04,9.78,MIN_PROFIT_TP_HIT,0.177
1237,TRUMP_USDT,SHORT,StochasticRSI(FAST_SCALP-SHORT),2,0.2,1.531,1.529,1.529,1.536,2026-07-17 08:08:59 UTC,2026-07-17 08:16:28 UTC,448.01,0.3062,0.0041,0.0,0.0004,0.04,9.8,MIN_PROFIT_TP_HIT,0.1774
1238,TRUMP_USDT,SHORT,StochasticRSI(FAST_SCALP-SHORT),2,0.2,1.528,1.526,1.526,1.533,2026-07-17 08:28:59 UTC,2026-07-17 08:30:59 UTC,119.4,0.3056,0.0041,0.0,0.0004,0.04,9.82,MIN_PROFIT_TP_HIT,0.1778
1239,TRUMP_USDT,SHORT,StochasticRSI(FAST_SCALP-SHORT),2,0.2,1.524,1.522,1.522,1.529,2026-07-17 08:31:59 UTC,2026-07-17 08:36:41 UTC,281.16,0.3048,0.0041,0.0,0.0004,0.04,9.84,MIN_PROFIT_TP_HIT,0.1782
1240,TRUMP_USDT,SHORT,StochasticRSI(FAST_SCALP-SHORT),2,0.2,1.533,1.531,1.531,1.538,2026-07-17 08:50:59 UTC,2026-07-17 09:03:24 UTC,744.58,0.3066,0.0041,0.0,0.0004,0.04,9.78,MIN_PROFIT_TP_HIT,0.1786
1241,TRUMP_USDT,SHORT,StochasticRSI(FAST_SCALP-SHORT),2,0.2,1.533,1.531,1.531,1.538,2026-07-17 09:16:59 UTC,2026-07-17 09:34:36 UTC,1056.3,0.3066,0.0041,0.0,0.0004,0.04,9.78,MIN_PROFIT_TP_HIT,0.179
1242,TRUMP_USDT,SHORT,StochasticRSI(FAST_SCALP-SHORT),2,0.2,1.535,1.54,1.533,1.54,2026-07-17 09:43:59 UTC,2026-07-17 10:13:57 UTC,1797.5,0.307,0.0041,0.0,-0.001,-0.09,-24.43,STOP_LOSS_HIT,0.178
1243,TRUMP_USDT,SHORT,StochasticRSI(FAST_SCALP-SHORT),2,0.2,1.54,1.538,1.538,1.545,2026-07-17 10:20:59 UTC,2026-07-17 10:21:38 UTC,38.65,0.308,0.0041,0.0,0.0004,0.04,9.74,MIN_PROFIT_TP_HIT,0.1784
1244,TRUMP_USDT,SHORT,StochasticRSI(FAST_SCALP-SHORT),2,0.2,1.54,1.538,1.538,1.545,2026-07-17 10:35:59 UTC,2026-07-17 11:07:57 UTC,1917.4,0.308,0.0041,0.0,0.0004,0.04,9.74,MIN_PROFIT_TP_HIT,0.1788
1245,TRUMP_USDT,SHORT,StochasticRSI(FAST_SCALP-SHORT),2,0.2,1.539,1.537,1.537,1.544,2026-07-17 11:33:59 UTC,2026-07-17 11:35:32 UTC,92.38,0.3078,0.0041,0.0,0.0004,0.04,9.75,MIN_PROFIT_TP_HIT,0.1792
1246,TRUMP_USDT,SHORT,StochasticRSI(FAST_SCALP-SHORT),2,0.2,1.537,1.535,1.535,1.542,2026-07-17 11:37:59 UTC,2026-07-17 11:51:30 UTC,810.78,0.3074,0.0041,0.0,0.0004,0.04,9.76,MIN_PROFIT_TP_HIT,0.1796
1247,TRUMP_USDT,SHORT,StochasticRSI(FAST_SCALP-SHORT),2,0.2,1.536,1.534,1.534,1.541,2026-07-17 11:59:59 UTC,2026-07-17 12:02:27 UTC,147.15,0.3072,0.0041,0.0,0.0004,0.04,9.77,MIN_PROFIT_TP_HIT,0.18
1248,TRUMP_USDT,SHORT,StochasticRSI(FAST_SCALP-SHORT),2,0.2,1.534,1.532,1.532,1.539,2026-07-17 12:08:59 UTC,2026-07-17 12:19:59 UTC,659.98,0.3068,0.0041,0.0,0.0004,0.04,9.78,MIN_PROFIT_TP_HIT,0.1804
1249,TRUMP_USDT,SHORT,StochasticRSI(FAST_SCALP-SHORT),2,0.2,1.533,1.531,1.531,1.538,2026-07-17 12:27:59 UTC,2026-07-17 12:31:11 UTC,191.62,0.3066,0.0041,0.0,0.0004,0.04,9.78,MIN_PROFIT_TP_HIT,0.1808
1250,TRUMP_USDT,SHORT,StochasticRSI(FAST_SCALP-SHORT),2,0.2,1.526,1.524,1.524,1.531,2026-07-17 12:59:59 UTC,2026-07-17 13:00:35 UTC,35.83,0.3052,0.0041,0.0,0.0004,0.04,9.83,MIN_PROFIT_TP_HIT,0.1812
1251,TRUMP_USDT,SHORT,StochasticRSI(FAST_SCALP-SHORT),2,0.2,1.518,1.516,1.516,1.523,2026-07-17 13:17:59 UTC,2026-07-17 13:25:00 UTC,420.97,0.3036,0.004,0.0,0.0004,0.04,9.88,MIN_PROFIT_TP_HIT,0.1816
1252,TRUMP_USDT,SHORT,StochasticRSI(FAST_SCALP-SHORT),2,0.2,1.509,1.514,1.507,1.514,2026-07-17 13:45:59 UTC,2026-07-17 13:47:43 UTC,103.58,0.3018,0.004,0.0,-0.001,-0.09,-24.85,STOP_LOSS_HIT,0.1806
1253,TRUMP_USDT,SHORT,StochasticRSI(FAST_SCALP-SHORT),2,0.2,1.522,1.52,1.52,1.527,2026-07-17 13:55:59 UTC,2026-07-17 13:56:12 UTC,12.38,0.3044,0.0041,0.0,0.0004,0.04,9.86,MIN_PROFIT_TP_HIT,0.181
1254,TRUMP_USDT,SHORT,StochasticRSI(FAST_SCALP-SHORT),2,0.2,1.534,1.539,1.532,1.539,2026-07-17 14:04:59 UTC,2026-07-17 14:06:26 UTC,86.88,0.3068,0.0041,0.0,-0.001,-0.09,-24.45,STOP_LOSS_HIT,0.18
1255,TRUMP_USDT,SHORT,StochasticRSI(FAST_SCALP-SHORT),2,0.2,1.544,1.542,1.542,1.549,2026-07-17 14:39:59 UTC,2026-07-17 14:41:07 UTC,67.5,0.3088,0.0041,0.0,0.0004,0.04,9.72,MIN_PROFIT_TP_HIT,0.1804
1256,TRUMP_USDT,SHORT,StochasticRSI(FAST_SCALP-SHORT),2,0.2,1.535,1.533,1.533,1.54,2026-07-17 15:22:59 UTC,2026-07-17 15:23:25 UTC,25.21,0.307,0.0041,0.0,0.0004,0.04,9.77,MIN_PROFIT_TP_HIT,0.1808
1257,TRUMP_USDT,SHORT,StochasticRSI(FAST_SCALP-SHORT),2,0.2,1.532,1.537,1.53,1.537,2026-07-17 15:24:59 UTC,2026-07-17 15:27:33 UTC,153.28,0.3064,0.0041,0.0,-0.001,-0.09,-24.48,STOP_LOSS_HIT,0.1798
1258,TRUMP_USDT,SHORT,StochasticRSI(FAST_SCALP-SHORT),2,0.2,1.537,1.542,1.535,1.542,2026-07-17 15:32:59 UTC,2026-07-17 15:36:12 UTC,192.43,0.3074,0.0041,0.0,-0.001,-0.09,-24.4,STOP_LOSS_HIT,0.1788
1259,TRUMP_USDT,SHORT,StochasticRSI(FAST_SCALP-SHORT),2,0.2,1.542,1.54,1.54,1.547,2026-07-17 15:42:59 UTC,2026-07-17 15:46:32 UTC,212.35,0.3084,0.0041,0.0,0.0004,0.04,9.73,MIN_PROFIT_TP_HIT,0.1792
1260,TRUMP_USDT,SHORT,StochasticRSI(FAST_SCALP-SHORT),2,0.2,1.545,1.543,1.543,1.55,2026-07-17 15:58:59 UTC,2026-07-17 16:01:12 UTC,132.73,0.309,0.0041,0.0,0.0004,0.04,9.71,MIN_PROFIT_TP_HIT,0.1796
1261,TRUMP_USDT,SHORT,StochasticRSI(FAST_SCALP-SHORT),2,0.2,1.55,1.548,1.548,1.555,2026-07-17 16:14:59 UTC,2026-07-17 16:16:59 UTC,119.79,0.31,0.0041,0.0,0.0004,0.04,9.68,MIN_PROFIT_TP_HIT,0.18
1262,TRUMP_USDT,SHORT,StochasticRSI(FAST_SCALP-SHORT),2,0.2,1.553,1.558,1.551,1.558,2026-07-17 16:31:59 UTC,2026-07-17 16:37:26 UTC,326.47,0.3106,0.0041,0.0,-0.001,-0.09,-24.15,STOP_LOSS_HIT,0.179
1263,TRUMP_USDT,SHORT,StochasticRSI(FAST_SCALP-SHORT),2,0.2,1.558,1.556,1.556,1.563,2026-07-17 16:39:59 UTC,2026-07-17 16:40:44 UTC,44.99,0.3116,0.0042,0.0,0.0004,0.04,9.63,MIN_PROFIT_TP_HIT,0.1794
1264,TRUMP_USDT,SHORT,StochasticRSI(FAST_SCALP-SHORT),2,0.2,1.566,1.564,1.564,1.571,2026-07-17 16:50:59 UTC,2026-07-17 16:51:50 UTC,50.84,0.3132,0.0042,0.0,0.0004,0.04,9.58,MIN_PROFIT_TP_HIT,0.1798
1265,TRUMP_USDT,SHORT,StochasticRSI(FAST_SCALP-SHORT),2,0.2,1.558,1.563,1.556,1.563,2026-07-17 17:05:59 UTC,2026-07-17 17:06:42 UTC,42.4,0.3116,0.0042,0.0,-0.001,-0.09,-24.07,STOP_LOSS_HIT,0.1788
1266,TRUMP_USDT,SHORT,StochasticRSI(FAST_SCALP-SHORT),2,0.2,1.555,1.553,1.553,1.56,2026-07-17 17:31:59 UTC,2026-07-17 17:35:38 UTC,218.04,0.311,0.0041,0.0,0.0004,0.04,9.65,MIN_PROFIT_TP_HIT,0.1792
1267,TRUMP_USDT,SHORT,StochasticRSI(FAST_SCALP-SHORT),2,0.2,1.551,1.549,1.549,1.556,2026-07-17 17:52:59 UTC,2026-07-17 17:55:08 UTC,128.04,0.3102,0.0041,0.0,0.0004,0.04,9.67,MIN_PROFIT_TP_HIT,0.1796
1268,TRUMP_USDT,SHORT,StochasticRSI(FAST_SCALP-SHORT),2,0.2,1.548,1.546,1.546,1.553,2026-07-17 17:56:59 UTC,2026-07-17 18:06:21 UTC,561.06,0.3096,0.0041,0.0,0.0004,0.04,9.69,MIN_PROFIT_TP_HIT,0.18
1269,TRUMP_USDT,SHORT,StochasticRSI(FAST_SCALP-SHORT),2,0.2,1.546,1.544,1.544,1.551,2026-07-17 18:07:59 UTC,2026-07-17 18:20:51 UTC,771.11,0.3092,0.0041,0.0,0.0004,0.04,9.7,MIN_PROFIT_TP_HIT,0.1804
1270,TRUMP_USDT,SHORT,StochasticRSI(FAST_SCALP-SHORT),2,0.2,1.546,1.544,1.544,1.551,2026-07-17 18:32:59 UTC,2026-07-17 18:33:37 UTC,37.9,0.3092,0.0041,0.0,0.0004,0.04,9.7,MIN_PROFIT_TP_HIT,0.1808
1271,TRUMP_USDT,SHORT,StochasticRSI(FAST_SCALP-SHORT),2,0.2,1.551,1.549,1.549,1.556,2026-07-17 18:51:59 UTC,2026-07-17 19:00:39 UTC,519.13,0.3102,0.0041,0.0,0.0004,0.04,9.67,MIN_PROFIT_TP_HIT,0.1812
1272,TRUMP_USDT,SHORT,StochasticRSI(FAST_SCALP-SHORT),2,0.2,1.551,1.549,1.549,1.556,2026-07-17 19:08:59 UTC,2026-07-17 19:09:16 UTC,16.75,0.3102,0.0041,0.0,0.0004,0.04,9.67,MIN_PROFIT_TP_HIT,0.1816
1273,TRUMP_USDT,SHORT,StochasticRSI(FAST_SCALP-SHORT),2,0.2,1.546,1.544,1.544,1.551,2026-07-17 19:31:59 UTC,2026-07-17 19:40:17 UTC,497.01,0.3092,0.0041,0.0,0.0004,0.04,9.7,MIN_PROFIT_TP_HIT,0.182
1274,TRUMP_USDT,SHORT,StochasticRSI(FAST_SCALP-SHORT),2,0.2,1.547,1.545,1.545,1.552,2026-07-17 19:51:59 UTC,2026-07-17 19:52:55 UTC,55.64,0.3094,0.0041,0.0,0.0004,0.04,9.7,MIN_PROFIT_TP_HIT,0.1824
1275,TRUMP_USDT,SHORT,StochasticRSI(FAST_SCALP-SHORT),2,0.2,1.543,1.541,1.541,1.548,2026-07-17 20:15:59 UTC,2026-07-17 20:31:16 UTC,916.98,0.3086,0.0041,0.0,0.0004,0.04,9.72,MIN_PROFIT_TP_HIT,0.1828
1276,TRUMP_USDT,SHORT,StochasticRSI(FAST_SCALP-SHORT),2,0.2,1.54,1.545,1.538,1.545,2026-07-17 20:49:59 UTC,2026-07-17 21:02:06 UTC,726.48,0.308,0.0041,0.0,-0.001,-0.09,-24.35,STOP_LOSS_HIT,0.1818
1277,TRUMP_USDT,SHORT,StochasticRSI(FAST_SCALP-SHORT),2,0.2,1.545,1.543,1.543,1.55,2026-07-17 21:06:59 UTC,2026-07-17 21:09:36 UTC,156.3,0.309,0.0041,0.0,0.0004,0.04,9.71,MIN_PROFIT_TP_HIT,0.1822
1278,TRUMP_USDT,SHORT,StochasticRSI(FAST_SCALP-SHORT),2,0.2,1.546,1.544,1.544,1.551,2026-07-17 21:20:59 UTC,2026-07-17 21:21:38 UTC,38.95,0.3092,0.0041,0.0,0.0004,0.04,9.7,MIN_PROFIT_TP_HIT,0.1826
1279,TRUMP_USDT,SHORT,StochasticRSI(FAST_SCALP-SHORT),2,0.2,1.543,1.541,1.541,1.548,2026-07-17 21:33:59 UTC,2026-07-17 21:43:53 UTC,593.7,0.3086,0.0041,0.0,0.0004,0.04,9.72,MIN_PROFIT_TP_HIT,0.183
1280,TRUMP_USDT,SHORT,StochasticRSI(FAST_SCALP-SHORT),2,0.2,1.539,1.544,1.537,1.544,2026-07-17 22:04:59 UTC,2026-07-17 22:11:50 UTC,410.67,0.3078,0.0041,0.0,-0.001,-0.09,-24.37,STOP_LOSS_HIT,0.182
1281,TRUMP_USDT,SHORT,StochasticRSI(FAST_SCALP-SHORT),2,0.2,1.543,1.541,1.541,1.548,2026-07-17 22:16:59 UTC,2026-07-17 22:17:13 UTC,13.63,0.3086,0.0041,0.0,0.0004,0.04,9.72,MIN_PROFIT_TP_HIT,0.1824
1282,TRUMP_USDT,SHORT,StochasticRSI(FAST_SCALP-SHORT),2,0.2,1.542,1.547,1.54,1.547,2026-07-17 22:36:59 UTC,2026-07-17 22:50:59 UTC,839.82,0.3084,0.0041,0.0,-0.001,-0.09,-24.32,STOP_LOSS_HIT,0.1814
1283,TRUMP_USDT,SHORT,StochasticRSI(FAST_SCALP-SHORT),2,0.2,1.547,1.552,1.545,1.552,2026-07-17 23:27:59 UTC,2026-07-17 23:45:55 UTC,1075.99,0.3094,0.0041,0.0,-0.001,-0.09,-24.24,STOP_LOSS_HIT,0.1804
1284,TRUMP_USDT,SHORT,StochasticRSI(FAST_SCALP-SHORT),2,0.2,1.552,1.55,1.55,1.557,2026-07-17 23:49:59 UTC,2026-07-17 23:58:45 UTC,525.62,0.3104,0.0041,0.0,0.0004,0.04,9.66,MIN_PROFIT_TP_HIT,0.1808
1285,TRUMP_USDT,SHORT,StochasticRSI(FAST_SCALP-SHORT),2,0.2,1.558,1.556,1.556,1.563,2026-07-18 00:20:59 UTC,2026-07-18 00:34:50 UTC,830.51,0.3116,0.0042,0.0,0.0004,0.04,9.63,MIN_PROFIT_TP_HIT,0.1812
1286,TRUMP_USDT,SHORT,StochasticRSI(FAST_SCALP-SHORT),2,0.2,1.564,1.562,1.562,1.569,2026-07-18 00:48:59 UTC,2026-07-18 00:49:54 UTC,54.84,0.3128,0.0042,0.0,0.0004,0.04,9.59,MIN_PROFIT_TP_HIT,0.1816
1287,TRUMP_USDT,SHORT,StochasticRSI(FAST_SCALP-SHORT),2,0.2,1.565,1.563,1.563,1.57,2026-07-18 01:15:59 UTC,2026-07-18 01:16:52 UTC,52.96,0.313,0.0042,0.0,0.0004,0.04,9.58,MIN_PROFIT_TP_HIT,0.182
1288,TRUMP_USDT,SHORT,StochasticRSI(FAST_SCALP-SHORT),2,0.2,1.568,1.566,1.566,1.573,2026-07-18 01:28:59 UTC,2026-07-18 01:29:25 UTC,25.82,0.3136,0.0042,0.0,0.0004,0.04,9.57,MIN_PROFIT_TP_HIT,0.1824
1289,TRUMP_USDT,SHORT,StochasticRSI(FAST_SCALP-SHORT),2,0.2,1.57,1.568,1.568,1.575,2026-07-18 01:47:59 UTC,2026-07-18 01:49:20 UTC,80.9,0.314,0.0042,0.0,0.0004,0.04,9.55,MIN_PROFIT_TP_HIT,0.1828
1290,TRUMP_USDT,SHORT,StochasticRSI(FAST_SCALP-SHORT),2,0.2,1.563,1.568,1.561,1.568,2026-07-18 02:06:59 UTC,2026-07-18 02:07:49 UTC,49.91,0.3126,0.0042,0.0,-0.001,-0.09,-23.99,STOP_LOSS_HIT,0.1818
1291,TRUMP_USDT,SHORT,StochasticRSI(FAST_SCALP-SHORT),2,0.2,1.611,1.616,1.609,1.616,2026-07-18 02:37:59 UTC,2026-07-18 02:40:03 UTC,123.18,0.3222,0.0043,0.0,-0.001,-0.09,-23.28,STOP_LOSS_HIT,0.1808
1292,TRUMP_USDT,SHORT,StochasticRSI(FAST_SCALP-SHORT),2,0.2,1.643,1.641,1.641,1.648,2026-07-18 03:12:59 UTC,2026-07-18 03:13:00 UTC,0.53,0.3286,0.0044,0.0,0.0004,0.04,9.13,MIN_PROFIT_TP_HIT,0.1812
1293,TRUMP_USDT,SHORT,StochasticRSI(FAST_SCALP-SHORT),2,0.2,1.62,1.618,1.618,1.625,2026-07-18 03:36:59 UTC,2026-07-18 03:37:00 UTC,0.57,0.324,0.0043,0.0,0.0004,0.04,9.26,MIN_PROFIT_TP_HIT,0.1816
1294,TRUMP_USDT,SHORT,StochasticRSI(FAST_SCALP-SHORT),2,0.2,1.623,1.621,1.621,1.628,2026-07-18 03:43:59 UTC,2026-07-18 03:44:04 UTC,4.4,0.3246,0.0043,0.0,0.0004,0.04,9.24,MIN_PROFIT_TP_HIT,0.182
1295,TRUMP_USDT,SHORT,StochasticRSI(FAST_SCALP-SHORT),2,0.2,1.627,1.625,1.625,1.632,2026-07-18 03:53:59 UTC,2026-07-18 03:54:49 UTC,49.94,0.3254,0.0043,0.0,0.0004,0.04,9.22,MIN_PROFIT_TP_HIT,0.1824
1296,TRUMP_USDT,SHORT,StochasticRSI(FAST_SCALP-SHORT),2,0.2,1.64,1.638,1.638,1.645,2026-07-18 04:10:59 UTC,2026-07-18 04:11:01 UTC,1.13,0.328,0.0044,0.0,0.0004,0.04,9.15,MIN_PROFIT_TP_HIT,0.1828
1297,TRUMP_USDT,SHORT,StochasticRSI(FAST_SCALP-SHORT),2,0.2,1.66,1.666,1.658,1.666,2026-07-18 04:32:59 UTC,2026-07-18 04:33:34 UTC,34.1,0.332,0.0044,0.0,-0.0012,-0.11,-27.11,STOP_LOSS_HIT,0.1816
1298,TRUMP_USDT,SHORT,StochasticRSI(FAST_SCALP-SHORT),2,0.2,1.648,1.646,1.646,1.653,2026-07-18 04:48:59 UTC,2026-07-18 04:49:19 UTC,19.31,0.3296,0.0044,0.0,0.0004,0.04,9.1,MIN_PROFIT_TP_HIT,0.182
1299,TRUMP_USDT,SHORT,StochasticRSI(FAST_SCALP-SHORT),2,0.2,1.639,1.644,1.637,1.644,2026-07-18 05:02:59 UTC,2026-07-18 05:03:35 UTC,35.8,0.3278,0.0044,0.0,-0.001,-0.09,-22.88,STOP_LOSS_HIT,0.181
1300,TRUMP_USDT,SHORT,StochasticRSI(FAST_SCALP-SHORT),2,0.2,1.65,1.648,1.648,1.655,2026-07-18 05:06:59 UTC,2026-07-18 05:07:11 UTC,11.51,0.33,0.0044,0.0,0.0004,0.04,9.09,MIN_PROFIT_TP_HIT,0.1814
1301,TRUMP_USDT,SHORT,StochasticRSI(FAST_SCALP-SHORT),2,0.2,1.652,1.65,1.65,1.658,2026-07-18 05:10:59 UTC,2026-07-18 05:11:16 UTC,16.23,0.3304,0.0044,0.0,0.0004,0.04,9.08,MIN_PROFIT_TP_HIT,0.1818
1302,TRUMP_USDT,SHORT,StochasticRSI(FAST_SCALP-SHORT),2,0.2,1.634,1.632,1.632,1.639,2026-07-18 05:25:59 UTC,2026-07-18 05:26:35 UTC,35.07,0.3268,0.0044,0.0,0.0004,0.04,9.18,MIN_PROFIT_TP_HIT,0.1822
1303,TRUMP_USDT,SHORT,StochasticRSI(FAST_SCALP-SHORT),2,0.2,1.627,1.625,1.625,1.632,2026-07-18 05:35:59 UTC,2026-07-18 05:36:13 UTC,13.31,0.3254,0.0043,0.0,0.0004,0.04,9.22,MIN_PROFIT_TP_HIT,0.1826
1304,TRUMP_USDT,SHORT,StochasticRSI(FAST_SCALP-SHORT),2,0.2,1.624,1.622,1.622,1.629,2026-07-18 05:50:59 UTC,2026-07-18 05:51:40 UTC,40.06,0.3248,0.0043,0.0,0.0004,0.04,9.24,MIN_PROFIT_TP_HIT,0.183
1305,TRUMP_USDT,SHORT,StochasticRSI(FAST_SCALP-SHORT),2,0.2,1.63,1.635,1.628,1.635,2026-07-18 06:05:59 UTC,2026-07-18 06:07:58 UTC,118.79,0.326,0.0043,0.0,-0.001,-0.09,-23.01,STOP_LOSS_HIT,0.182
1306,TRUMP_USDT,SHORT,StochasticRSI(FAST_SCALP-SHORT),2,0.2,1.637,1.635,1.635,1.642,2026-07-18 06:23:59 UTC,2026-07-18 06:24:38 UTC,38.96,0.3274,0.0044,0.0,0.0004,0.04,9.16,MIN_PROFIT_TP_HIT,0.1824
1307,TRUMP_USDT,SHORT,StochasticRSI(FAST_SCALP-SHORT),2,0.2,1.63,1.628,1.628,1.635,2026-07-18 06:42:59 UTC,2026-07-18 06:43:45 UTC,45.24,0.326,0.0043,0.0,0.0004,0.04,9.2,MIN_PROFIT_TP_HIT,0.1828
1308,TRUMP_USDT,SHORT,StochasticRSI(FAST_SCALP-SHORT),2,0.2,1.623,1.621,1.621,1.628,2026-07-18 06:57:59 UTC,2026-07-18 06:58:12 UTC,12.52,0.3246,0.0043,0.0,0.0004,0.04,9.24,MIN_PROFIT_TP_HIT,0.1832
1309,TRUMP_USDT,SHORT,StochasticRSI(FAST_SCALP-SHORT),2,0.2,1.617,1.615,1.615,1.622,2026-07-18 07:05:59 UTC,2026-07-18 07:06:07 UTC,7.65,0.3234,0.0043,0.0,0.0004,0.04,9.28,MIN_PROFIT_TP_HIT,0.1836
1310,TRUMP_USDT,SHORT,StochasticRSI(FAST_SCALP-SHORT),2,0.2,1.622,1.627,1.62,1.627,2026-07-18 07:18:59 UTC,2026-07-18 07:21:41 UTC,161.83,0.3244,0.0043,0.0,-0.001,-0.09,-23.12,STOP_LOSS_HIT,0.1826
1311,TRUMP_USDT,SHORT,StochasticRSI(FAST_SCALP-SHORT),2,0.2,1.619,1.624,1.617,1.624,2026-07-18 07:24:59 UTC,2026-07-18 07:32:12 UTC,432.25,0.3238,0.0043,0.0,-0.001,-0.09,-23.16,STOP_LOSS_HIT,0.1816
1312,TRUMP_USDT,SHORT,StochasticRSI(FAST_SCALP-SHORT),2,0.2,1.628,1.626,1.626,1.633,2026-07-18 07:41:59 UTC,2026-07-18 07:42:46 UTC,46.22,0.3256,0.0043,0.0,0.0004,0.04,9.21,MIN_PROFIT_TP_HIT,0.182
1313,TRUMP_USDT,SHORT,StochasticRSI(FAST_SCALP-SHORT),2,0.2,1.629,1.627,1.627,1.634,2026-07-18 07:50:59 UTC,2026-07-18 07:52:34 UTC,94.74,0.3258,0.0043,0.0,0.0004,0.04,9.21,MIN_PROFIT_TP_HIT,0.1824
1314,TRUMP_USDT,SHORT,StochasticRSI(FAST_SCALP-SHORT),2,0.2,1.648,1.653,1.646,1.653,2026-07-18 08:06:59 UTC,2026-07-18 08:07:53 UTC,53.87,0.3296,0.0044,0.0,-0.001,-0.09,-22.75,STOP_LOSS_HIT,0.1814
1315,TRUMP_USDT,SHORT,StochasticRSI(FAST_SCALP-SHORT),2,0.2,1.653,1.651,1.651,1.659,2026-07-18 08:13:59 UTC,2026-07-18 08:14:00 UTC,0.67,0.3306,0.0044,0.0,0.0004,0.04,9.07,MIN_PROFIT_TP_HIT,0.1818
1316,TRUMP_USDT,SHORT,StochasticRSI(FAST_SCALP-SHORT),2,0.2,1.64,1.638,1.638,1.645,2026-07-18 08:28:59 UTC,2026-07-18 08:29:08 UTC,8.49,0.328,0.0044,0.0,0.0004,0.04,9.15,MIN_PROFIT_TP_HIT,0.1822
1317,TRUMP_USDT,SHORT,StochasticRSI(FAST_SCALP-SHORT),2,0.2,1.63,1.628,1.628,1.635,2026-07-18 08:52:59 UTC,2026-07-18 08:53:02 UTC,2.83,0.326,0.0043,0.0,0.0004,0.04,9.2,MIN_PROFIT_TP_HIT,0.1826
1318,TRUMP_USDT,SHORT,StochasticRSI(FAST_SCALP-SHORT),2,0.2,1.63,1.628,1.628,1.635,2026-07-18 08:56:59 UTC,2026-07-18 08:57:54 UTC,54.72,0.326,0.0043,0.0,0.0004,0.04,9.2,MIN_PROFIT_TP_HIT,0.183
1319,TRUMP_USDT,SHORT,StochasticRSI(FAST_SCALP-SHORT),2,0.2,1.64,1.638,1.638,1.645,2026-07-18 09:04:59 UTC,2026-07-18 09:05:15 UTC,15.08,0.328,0.0044,0.0,0.0004,0.04,9.15,MIN_PROFIT_TP_HIT,0.1834
1320,TRUMP_USDT,SHORT,StochasticRSI(FAST_SCALP-SHORT),2,0.2,1.636,1.634,1.634,1.641,2026-07-18 09:06:59 UTC,2026-07-18 09:07:25 UTC,25.76,0.3272,0.0044,0.0,0.0004,0.04,9.17,MIN_PROFIT_TP_HIT,0.1838
1321,TRUMP_USDT,SHORT,StochasticRSI(FAST_SCALP-SHORT),2,0.2,1.645,1.643,1.643,1.65,2026-07-18 09:16:59 UTC,2026-07-18 09:17:16 UTC,16.9,0.329,0.0044,0.0,0.0004,0.04,9.12,MIN_PROFIT_TP_HIT,0.1842
1322,TRUMP_USDT,SHORT,StochasticRSI(FAST_SCALP-SHORT),2,0.2,1.639,1.637,1.637,1.644,2026-07-18 09:18:59 UTC,2026-07-18 09:19:10 UTC,10.99,0.3278,0.0044,0.0,0.0004,0.04,9.15,MIN_PROFIT_TP_HIT,0.1846
1323,TRUMP_USDT,SHORT,StochasticRSI(FAST_SCALP-SHORT),2,0.2,1.647,1.645,1.645,1.652,2026-07-18 09:29:59 UTC,2026-07-18 09:30:04 UTC,4.69,0.3294,0.0044,0.0,0.0004,0.04,9.11,MIN_PROFIT_TP_HIT,0.185
1324,TRUMP_USDT,SHORT,StochasticRSI(FAST_SCALP-SHORT),2,0.2,1.658,1.656,1.656,1.664,2026-07-18 09:40:59 UTC,2026-07-18 09:41:02 UTC,2.84,0.3316,0.0044,0.0,0.0004,0.04,9.05,MIN_PROFIT_TP_HIT,0.1854
1325,TRUMP_USDT,SHORT,StochasticRSI(FAST_SCALP-SHORT),2,0.2,1.652,1.65,1.65,1.658,2026-07-18 09:43:59 UTC,2026-07-18 09:44:15 UTC,15.94,0.3304,0.0044,0.0,0.0004,0.04,9.08,MIN_PROFIT_TP_HIT,0.1858
1326,TRUMP_USDT,SHORT,StochasticRSI(FAST_SCALP-SHORT),2,0.2,1.679,1.677,1.677,1.685,2026-07-18 10:04:59 UTC,2026-07-18 10:05:02 UTC,2.16,0.3358,0.0045,0.0,0.0004,0.04,8.93,MIN_PROFIT_TP_HIT,0.1862
1327,TRUMP_USDT,SHORT,StochasticRSI(FAST_SCALP-SHORT),2,0.2,1.683,1.681,1.681,1.689,2026-07-18 10:35:59 UTC,2026-07-18 10:36:03 UTC,3.27,0.3366,0.0045,0.0,0.0004,0.04,8.91,MIN_PROFIT_TP_HIT,0.1866
1328,TRUMP_USDT,SHORT,StochasticRSI(FAST_SCALP-SHORT),2,0.2,1.69,1.696,1.688,1.696,2026-07-18 10:42:59 UTC,2026-07-18 10:43:38 UTC,38.3,0.338,0.0045,0.0,-0.0012,-0.11,-26.63,STOP_LOSS_HIT,0.1854
1329,TRUMP_USDT,SHORT,StochasticRSI(FAST_SCALP-SHORT),2,0.2,1.696,1.694,1.694,1.702,2026-07-18 10:46:59 UTC,2026-07-18 10:47:31 UTC,31.1,0.3392,0.0045,0.0,0.0004,0.04,8.84,MIN_PROFIT_TP_HIT,0.1858
1330,TRUMP_USDT,SHORT,StochasticRSI(FAST_SCALP-SHORT),2,0.2,1.688,1.694,1.686,1.694,2026-07-18 11:05:59 UTC,2026-07-18 11:06:40 UTC,40.25,0.3376,0.0045,0.0,-0.0012,-0.11,-26.66,STOP_LOSS_HIT,0.1846
1331,TRUMP_USDT,SHORT,StochasticRSI(FAST_SCALP-SHORT),2,0.2,1.696,1.694,1.694,1.702,2026-07-18 11:33:59 UTC,2026-07-18 11:34:01 UTC,1.62,0.3392,0.0045,0.0,0.0004,0.04,8.84,MIN_PROFIT_TP_HIT,0.185
1332,TRUMP_USDT,SHORT,StochasticRSI(FAST_SCALP-SHORT),2,0.2,1.693,1.691,1.691,1.699,2026-07-18 11:50:59 UTC,2026-07-18 11:51:01 UTC,1.89,0.3386,0.0045,0.0,0.0004,0.04,8.86,MIN_PROFIT_TP_HIT,0.1854
1333,TRUMP_USDT,SHORT,StochasticRSI(FAST_SCALP-SHORT),2,0.2,1.686,1.684,1.684,1.692,2026-07-18 12:08:59 UTC,2026-07-18 12:09:20 UTC,20.52,0.3372,0.0045,0.0,0.0004,0.04,8.9,MIN_PROFIT_TP_HIT,0.1858
1334,TRUMP_USDT,SHORT,StochasticRSI(FAST_SCALP-SHORT),2,0.2,1.694,1.692,1.692,1.7,2026-07-18 12:18:59 UTC,2026-07-18 12:20:02 UTC,62.19,0.3388,0.0045,0.0,0.0004,0.04,8.85,MIN_PROFIT_TP_HIT,0.1862
1335,TRUMP_USDT,SHORT,StochasticRSI(FAST_SCALP-SHORT),2,0.2,1.687,1.685,1.685,1.693,2026-07-18 12:38:59 UTC,2026-07-18 12:39:41 UTC,41.23,0.3374,0.0045,0.0,0.0004,0.04,8.89,MIN_PROFIT_TP_HIT,0.1866
1336,TRUMP_USDT,SHORT,StochasticRSI(FAST_SCALP-SHORT),2,0.2,1.682,1.68,1.68,1.688,2026-07-18 13:07:59 UTC,2026-07-18 13:13:18 UTC,318.06,0.3364,0.0045,0.0,0.0004,0.04,8.92,MIN_PROFIT_TP_HIT,0.187
1337,TRUMP_USDT,SHORT,StochasticRSI(FAST_SCALP-SHORT),2,0.2,1.646,1.644,1.644,1.651,2026-07-18 13:36:59 UTC,2026-07-18 13:37:11 UTC,11.28,0.3292,0.0044,0.0,0.0004,0.04,9.11,MIN_PROFIT_TP_HIT,0.1874
1338,TRUMP_USDT,SHORT,StochasticRSI(FAST_SCALP-SHORT),2,0.2,1.643,1.648,1.641,1.648,2026-07-18 13:45:59 UTC,2026-07-18 13:47:09 UTC,69.73,0.3286,0.0044,0.0,-0.001,-0.09,-22.82,STOP_LOSS_HIT,0.1864
1339,TRUMP_USDT,SHORT,StochasticRSI(FAST_SCALP-SHORT),2,0.2,1.648,1.646,1.646,1.653,2026-07-18 13:49:59 UTC,2026-07-18 13:50:29 UTC,29.35,0.3296,0.0044,0.0,0.0004,0.04,9.1,MIN_PROFIT_TP_HIT,0.1868
1340,TRUMP_USDT,SHORT,StochasticRSI(FAST_SCALP-SHORT),2,0.2,1.652,1.65,1.65,1.658,2026-07-18 14:01:59 UTC,2026-07-18 14:02:08 UTC,8.18,0.3304,0.0044,0.0,0.0004,0.04,9.08,MIN_PROFIT_TP_HIT,0.1872
1341,TRUMP_USDT,SHORT,StochasticRSI(FAST_SCALP-SHORT),2,0.2,1.654,1.652,1.652,1.66,2026-07-18 14:15:59 UTC,2026-07-18 14:16:20 UTC,20.95,0.3308,0.0044,0.0,0.0004,0.04,9.07,MIN_PROFIT_TP_HIT,0.1876
1342,TRUMP_USDT,SHORT,StochasticRSI(FAST_SCALP-SHORT),2,0.2,1.653,1.651,1.651,1.659,2026-07-18 14:20:59 UTC,2026-07-18 14:23:01 UTC,121.28,0.3306,0.0044,0.0,0.0004,0.04,9.07,MIN_PROFIT_TP_HIT,0.188
1343,TRUMP_USDT,SHORT,StochasticRSI(FAST_SCALP-SHORT),2,0.2,1.639,1.644,1.637,1.644,2026-07-18 14:43:59 UTC,2026-07-18 14:50:22 UTC,382.07,0.3278,0.0044,0.0,-0.001,-0.09,-22.88,STOP_LOSS_HIT,0.187
1344,TRUMP_USDT,SHORT,StochasticRSI(FAST_SCALP-SHORT),2,0.2,1.647,1.645,1.645,1.652,2026-07-18 14:53:59 UTC,2026-07-18 14:54:47 UTC,47.2,0.3294,0.0044,0.0,0.0004,0.04,9.11,MIN_PROFIT_TP_HIT,0.1874
1345,TRUMP_USDT,SHORT,StochasticRSI(FAST_SCALP-SHORT),2,0.2,1.651,1.657,1.649,1.657,2026-07-18 15:20:59 UTC,2026-07-18 15:21:14 UTC,14.24,0.3302,0.0044,0.0,-0.0012,-0.11,-27.26,STOP_LOSS_HIT,0.1862
1346,TRUMP_USDT,SHORT,StochasticRSI(FAST_SCALP-SHORT),2,0.2,1.633,1.631,1.631,1.638,2026-07-18 16:37:59 UTC,2026-07-18 16:38:59 UTC,59.24,0.3266,0.0044,0.0,0.0004,0.04,9.19,MIN_PROFIT_TP_HIT,0.1866
1347,TRUMP_USDT,SHORT,StochasticRSI(FAST_SCALP-SHORT),2,0.2,1.63,1.628,1.628,1.635,2026-07-18 16:50:59 UTC,2026-07-18 16:52:27 UTC,87.09,0.326,0.0043,0.0,0.0004,0.04,9.2,MIN_PROFIT_TP_HIT,0.187
1348,TRUMP_USDT,SHORT,StochasticRSI(FAST_SCALP-SHORT),2,0.2,1.623,1.621,1.621,1.628,2026-07-18 17:09:59 UTC,2026-07-18 17:11:08 UTC,68.48,0.3246,0.0043,0.0,0.0004,0.04,9.24,MIN_PROFIT_TP_HIT,0.1874
1349,TRUMP_USDT,SHORT,StochasticRSI(FAST_SCALP-SHORT),2,0.2,1.624,1.622,1.622,1.629,2026-07-18 17:20:59 UTC,2026-07-18 17:22:46 UTC,106.34,0.3248,0.0043,0.0,0.0004,0.04,9.24,MIN_PROFIT_TP_HIT,0.1878
1350,TRUMP_USDT,SHORT,StochasticRSI(FAST_SCALP-SHORT),2,0.2,1.628,1.626,1.626,1.633,2026-07-18 17:35:59 UTC,2026-07-18 17:37:23 UTC,83.54,0.3256,0.0043,0.0,0.0004,0.04,9.21,MIN_PROFIT_TP_HIT,0.1882
1351,TRUMP_USDT,SHORT,StochasticRSI(FAST_SCALP-SHORT),2,0.2,1.623,1.621,1.621,1.628,2026-07-18 18:02:59 UTC,2026-07-18 18:15:16 UTC,736.14,0.3246,0.0043,0.0,0.0004,0.04,9.24,MIN_PROFIT_TP_HIT,0.1886
1352,TRUMP_USDT,SHORT,StochasticRSI(FAST_SCALP-SHORT),2,0.2,1.622,1.627,1.62,1.627,2026-07-18 18:22:59 UTC,2026-07-18 18:24:55 UTC,115.64,0.3244,0.0043,0.0,-0.001,-0.09,-23.12,STOP_LOSS_HIT,0.1876
1353,TRUMP_USDT,SHORT,StochasticRSI(FAST_SCALP-SHORT),2,0.2,1.621,1.626,1.619,1.626,2026-07-18 18:48:59 UTC,2026-07-18 18:58:16 UTC,556.27,0.3242,0.0043,0.0,-0.001,-0.09,-23.13,STOP_LOSS_HIT,0.1866
1354,TRUMP_USDT,SHORT,StochasticRSI(FAST_SCALP-SHORT),2,0.2,1.625,1.623,1.623,1.63,2026-07-18 18:59:59 UTC,2026-07-18 19:00:20 UTC,20.46,0.325,0.0043,0.0,0.0004,0.04,9.23,MIN_PROFIT_TP_HIT,0.187
1355,TRUMP_USDT,SHORT,StochasticRSI(FAST_SCALP-SHORT),2,0.2,1.625,1.623,1.623,1.63,2026-07-18 19:01:59 UTC,2026-07-18 19:04:39 UTC,159.31,0.325,0.0043,0.0,0.0004,0.04,9.23,MIN_PROFIT_TP_HIT,0.1874
1356,TRUMP_USDT,SHORT,StochasticRSI(FAST_SCALP-SHORT),2,0.2,1.624,1.622,1.622,1.629,2026-07-18 19:19:59 UTC,2026-07-18 19:21:22 UTC,82.36,0.3248,0.0043,0.0,0.0004,0.04,9.24,MIN_PROFIT_TP_HIT,0.1878
1357,TRUMP_USDT,SHORT,StochasticRSI(FAST_SCALP-SHORT),2,0.2,1.622,1.627,1.62,1.627,2026-07-18 19:22:59 UTC,2026-07-18 19:24:38 UTC,98.22,0.3244,0.0043,0.0,-0.001,-0.09,-23.12,STOP_LOSS_HIT,0.1868
1358,TRUMP_USDT,SHORT,StochasticRSI(FAST_SCALP-SHORT),2,0.2,1.621,1.619,1.619,1.626,2026-07-18 19:27:59 UTC,2026-07-18 19:38:56 UTC,656.4,0.3242,0.0043,0.0,0.0004,0.04,9.25,MIN_PROFIT_TP_HIT,0.1872
1359,TRUMP_USDT,SHORT,StochasticRSI(FAST_SCALP-SHORT),2,0.2,1.621,1.619,1.619,1.626,2026-07-18 19:50:59 UTC,2026-07-18 19:51:45 UTC,45.75,0.3242,0.0043,0.0,0.0004,0.04,9.25,MIN_PROFIT_TP_HIT,0.1876
1360,TRUMP_USDT,SHORT,StochasticRSI(FAST_SCALP-SHORT),2,0.2,1.622,1.62,1.62,1.627,2026-07-18 20:05:59 UTC,2026-07-18 20:06:11 UTC,11.83,0.3244,0.0043,0.0,0.0004,0.04,9.25,MIN_PROFIT_TP_HIT,0.188
1361,TRUMP_USDT,SHORT,StochasticRSI(FAST_SCALP-SHORT),2,0.2,1.62,1.618,1.618,1.625,2026-07-18 20:22:59 UTC,2026-07-18 20:23:54 UTC,54.9,0.324,0.0043,0.0,0.0004,0.04,9.26,MIN_PROFIT_TP_HIT,0.1884
1362,TRUMP_USDT,SHORT,StochasticRSI(FAST_SCALP-SHORT),2,0.2,1.614,1.612,1.612,1.619,2026-07-18 20:49:59 UTC,2026-07-18 20:55:44 UTC,344.38,0.3228,0.0043,0.0,0.0004,0.04,9.29,MIN_PROFIT_TP_HIT,0.1888
1363,TRUMP_USDT,SHORT,StochasticRSI(FAST_SCALP-SHORT),2,0.2,1.612,1.617,1.61,1.617,2026-07-18 20:56:59 UTC,2026-07-18 21:03:39 UTC,399.55,0.3224,0.0043,0.0,-0.001,-0.09,-23.26,STOP_LOSS_HIT,0.1878
1364,TRUMP_USDT,SHORT,StochasticRSI(FAST_SCALP-SHORT),2,0.2,1.615,1.613,1.613,1.62,2026-07-18 21:06:59 UTC,2026-07-18 21:08:32 UTC,92.64,0.323,0.0043,0.0,0.0004,0.04,9.29,MIN_PROFIT_TP_HIT,0.1882
1365,TRUMP_USDT,SHORT,StochasticRSI(FAST_SCALP-SHORT),2,0.2,1.623,1.621,1.621,1.628,2026-07-18 21:21:59 UTC,2026-07-18 21:23:18 UTC,78.17,0.3246,0.0043,0.0,0.0004,0.04,9.24,MIN_PROFIT_TP_HIT,0.1886
1366,TRUMP_USDT,SHORT,StochasticRSI(FAST_SCALP-SHORT),2,0.2,1.617,1.615,1.615,1.622,2026-07-18 21:51:59 UTC,2026-07-18 21:56:08 UTC,248.26,0.3234,0.0043,0.0,0.0004,0.04,9.28,MIN_PROFIT_TP_HIT,0.189
1367,TRUMP_USDT,SHORT,StochasticRSI(FAST_SCALP-SHORT),2,0.2,1.618,1.623,1.616,1.623,2026-07-18 22:01:59 UTC,2026-07-18 22:04:13 UTC,133.29,0.3236,0.0043,0.0,-0.001,-0.09,-23.18,STOP_LOSS_HIT,0.188
1368,TRUMP_USDT,SHORT,StochasticRSI(FAST_SCALP-SHORT),2,0.2,1.626,1.624,1.624,1.631,2026-07-18 22:20:59 UTC,2026-07-18 22:21:08 UTC,8.21,0.3252,0.0043,0.0,0.0004,0.04,9.23,MIN_PROFIT_TP_HIT,0.1884
1369,TRUMP_USDT,SHORT,StochasticRSI(FAST_SCALP-SHORT),2,0.2,1.621,1.619,1.619,1.626,2026-07-18 22:33:59 UTC,2026-07-18 23:06:28 UTC,1948.01,0.3242,0.0043,0.0,0.0004,0.04,9.25,MIN_PROFIT_TP_HIT,0.1888
1370,TRUMP_USDT,SHORT,StochasticRSI(FAST_SCALP-SHORT),2,0.2,1.62,1.618,1.618,1.625,2026-07-18 23:07:59 UTC,2026-07-18 23:11:11 UTC,191.68,0.324,0.0043,0.0,0.0004,0.04,9.26,MIN_PROFIT_TP_HIT,0.1892
1371,TRUMP_USDT,SHORT,StochasticRSI(FAST_SCALP-SHORT),2,0.2,1.621,1.619,1.619,1.626,2026-07-18 23:22:59 UTC,2026-07-18 23:23:54 UTC,54.86,0.3242,0.0043,0.0,0.0004,0.04,9.25,MIN_PROFIT_TP_HIT,0.1896
1372,TRUMP_USDT,SHORT,StochasticRSI(FAST_SCALP-SHORT),2,0.2,1.62,1.618,1.618,1.625,2026-07-18 23:24:59 UTC,2026-07-18 23:27:42 UTC,162.67,0.324,0.0043,0.0,0.0004,0.04,9.26,MIN_PROFIT_TP_HIT,0.19
1373,TRUMP_USDT,SHORT,StochasticRSI(FAST_SCALP-SHORT),2,0.2,1.626,1.631,1.624,1.631,2026-07-18 23:39:59 UTC,2026-07-18 23:47:27 UTC,447.03,0.3252,0.0043,0.0,-0.001,-0.09,-23.06,STOP_LOSS_HIT,0.189
1374,TRUMP_USDT,SHORT,StochasticRSI(FAST_SCALP-SHORT),2,0.2,1.626,1.624,1.624,1.631,2026-07-18 23:49:59 UTC,2026-07-18 23:50:23 UTC,23.85,0.3252,0.0043,0.0,0.0004,0.04,9.23,MIN_PROFIT_TP_HIT,0.1894
1375,TRUMP_USDT,SHORT,StochasticRSI(FAST_SCALP-SHORT),2,0.2,1.624,1.622,1.622,1.629,2026-07-19 00:01:59 UTC,2026-07-19 00:02:54 UTC,54.87,0.3248,0.0043,0.0,0.0004,0.04,9.24,MIN_PROFIT_TP_HIT,0.1898
1376,TRUMP_USDT,SHORT,StochasticRSI(FAST_SCALP-SHORT),2,0.2,1.621,1.619,1.619,1.626,2026-07-19 00:21:59 UTC,2026-07-19 00:22:49 UTC,49.22,0.3242,0.0043,0.0,0.0004,0.04,9.25,MIN_PROFIT_TP_HIT,0.1902
1377,TRUMP_USDT,SHORT,StochasticRSI(FAST_SCALP-SHORT),2,0.2,1.62,1.625,1.618,1.625,2026-07-19 00:23:59 UTC,2026-07-19 00:24:42 UTC,42.73,0.324,0.0043,0.0,-0.001,-0.09,-23.15,STOP_LOSS_HIT,0.1892
1378,TRUMP_USDT,SHORT,StochasticRSI(FAST_SCALP-SHORT),2,0.2,1.634,1.639,1.632,1.639,2026-07-19 00:28:59 UTC,2026-07-19 00:30:56 UTC,116.52,0.3268,0.0044,0.0,-0.001,-0.09,-22.95,STOP_LOSS_HIT,0.1882
1379,TRUMP_USDT,SHORT,StochasticRSI(FAST_SCALP-SHORT),2,0.2,1.623,1.628,1.621,1.628,2026-07-19 01:10:59 UTC,2026-07-19 01:19:54 UTC,534.77,0.3246,0.0043,0.0,-0.001,-0.09,-23.11,STOP_LOSS_HIT,0.1872
1380,TRUMP_USDT,SHORT,StochasticRSI(FAST_SCALP-SHORT),2,0.2,1.627,1.632,1.625,1.632,2026-07-19 01:23:59 UTC,2026-07-19 01:28:45 UTC,285.88,0.3254,0.0043,0.0,-0.001,-0.09,-23.05,STOP_LOSS_HIT,0.1862
1381,TRUMP_USDT,SHORT,StochasticRSI(FAST_SCALP-SHORT),2,0.2,1.631,1.636,1.629,1.636,2026-07-19 01:30:59 UTC,2026-07-19 01:41:27 UTC,627.24,0.3262,0.0043,0.0,-0.001,-0.09,-22.99,STOP_LOSS_HIT,0.1852
1382,TRUMP_USDT,SHORT,StochasticRSI(FAST_SCALP-SHORT),2,0.2,1.664,1.662,1.662,1.67,2026-07-19 01:54:59 UTC,2026-07-19 01:55:40 UTC,40.4,0.3328,0.0044,0.0,0.0004,0.04,9.01,MIN_PROFIT_TP_HIT,0.1856
1383,TRUMP_USDT,SHORT,StochasticRSI(FAST_SCALP-SHORT),2,0.2,1.649,1.647,1.647,1.654,2026-07-19 02:25:59 UTC,2026-07-19 02:26:02 UTC,2.99,0.3298,0.0044,0.0,0.0004,0.04,9.1,MIN_PROFIT_TP_HIT,0.186
1384,TRUMP_USDT,SHORT,StochasticRSI(FAST_SCALP-SHORT),2,0.2,1.65,1.648,1.648,1.655,2026-07-19 02:57:59 UTC,2026-07-19 03:05:13 UTC,433.66,0.33,0.0044,0.0,0.0004,0.04,9.09,MIN_PROFIT_TP_HIT,0.1864
1385,TRUMP_USDT,SHORT,StochasticRSI(FAST_SCALP-SHORT),2,0.2,1.645,1.643,1.643,1.65,2026-07-19 03:17:59 UTC,2026-07-19 03:20:57 UTC,177.77,0.329,0.0044,0.0,0.0004,0.04,9.12,MIN_PROFIT_TP_HIT,0.1868
1386,TRUMP_USDT,SHORT,StochasticRSI(FAST_SCALP-SHORT),2,0.2,1.646,1.644,1.644,1.651,2026-07-19 03:28:59 UTC,2026-07-19 03:29:13 UTC,13.25,0.3292,0.0044,0.0,0.0004,0.04,9.11,MIN_PROFIT_TP_HIT,0.1872
1387,TRUMP_USDT,SHORT,StochasticRSI(FAST_SCALP-SHORT),2,0.2,1.651,1.649,1.649,1.657,2026-07-19 03:37:59 UTC,2026-07-19 03:38:18 UTC,18.27,0.3302,0.0044,0.0,0.0004,0.04,9.09,MIN_PROFIT_TP_HIT,0.1876
1388,TRUMP_USDT,SHORT,StochasticRSI(FAST_SCALP-SHORT),2,0.2,1.663,1.661,1.661,1.669,2026-07-19 03:53:59 UTC,2026-07-19 03:56:00 UTC,120.72,0.3326,0.0044,0.0,0.0004,0.04,9.02,MIN_PROFIT_TP_HIT,0.188
1389,TRUMP_USDT,SHORT,StochasticRSI(FAST_SCALP-SHORT),2,0.2,1.658,1.656,1.656,1.664,2026-07-19 04:13:59 UTC,2026-07-19 04:15:32 UTC,92.26,0.3316,0.0044,0.0,0.0004,0.04,9.05,MIN_PROFIT_TP_HIT,0.1884
1390,TRUMP_USDT,SHORT,StochasticRSI(FAST_SCALP-SHORT),2,0.2,1.66,1.658,1.658,1.666,2026-07-19 04:21:59 UTC,2026-07-19 04:28:00 UTC,360.55,0.332,0.0044,0.0,0.0004,0.04,9.04,MIN_PROFIT_TP_HIT,0.1888
1391,TRUMP_USDT,SHORT,StochasticRSI(FAST_SCALP-SHORT),2,0.2,1.656,1.654,1.654,1.662,2026-07-19 04:38:59 UTC,2026-07-19 04:44:30 UTC,330.46,0.3312,0.0044,0.0,0.0004,0.04,9.06,MIN_PROFIT_TP_HIT,0.1892
1392,TRUMP_USDT,SHORT,StochasticRSI(FAST_SCALP-SHORT),2,0.2,1.653,1.659,1.651,1.659,2026-07-19 04:58:59 UTC,2026-07-19 05:03:00 UTC,240.73,0.3306,0.0044,0.0,-0.0012,-0.11,-27.22,STOP_LOSS_HIT,0.188
1393,TRUMP_USDT,SHORT,StochasticRSI(FAST_SCALP-SHORT),2,0.2,1.657,1.655,1.655,1.663,2026-07-19 05:07:59 UTC,2026-07-19 05:08:37 UTC,37.08,0.3314,0.0044,0.0,0.0004,0.04,9.05,MIN_PROFIT_TP_HIT,0.1884
1394,TRUMP_USDT,SHORT,StochasticRSI(FAST_SCALP-SHORT),2,0.2,1.636,1.634,1.634,1.641,2026-07-19 05:50:59 UTC,2026-07-19 05:52:43 UTC,103.55,0.3272,0.0044,0.0,0.0004,0.04,9.17,MIN_PROFIT_TP_HIT,0.1888
1395,TRUMP_USDT,SHORT,StochasticRSI(FAST_SCALP-SHORT),2,0.2,1.633,1.631,1.631,1.638,2026-07-19 05:54:59 UTC,2026-07-19 06:02:06 UTC,426.06,0.3266,0.0044,0.0,0.0004,0.04,9.19,MIN_PROFIT_TP_HIT,0.1892
1396,TRUMP_USDT,SHORT,StochasticRSI(FAST_SCALP-SHORT),2,0.2,1.635,1.633,1.633,1.64,2026-07-19 06:08:59 UTC,2026-07-19 06:12:34 UTC,214.15,0.327,0.0044,0.0,0.0004,0.04,9.17,MIN_PROFIT_TP_HIT,0.1896
1397,TRUMP_USDT,SHORT,StochasticRSI(FAST_SCALP-SHORT),2,0.2,1.639,1.637,1.637,1.644,2026-07-19 06:15:59 UTC,2026-07-19 06:19:24 UTC,204.25,0.3278,0.0044,0.0,0.0004,0.04,9.15,MIN_PROFIT_TP_HIT,0.19
1398,TRUMP_USDT,SHORT,StochasticRSI(FAST_SCALP-SHORT),2,0.2,1.642,1.64,1.64,1.647,2026-07-19 06:20:59 UTC,2026-07-19 06:23:24 UTC,144.3,0.3284,0.0044,0.0,0.0004,0.04,9.14,MIN_PROFIT_TP_HIT,0.1904
1399,TRUMP_USDT,SHORT,StochasticRSI(FAST_SCALP-SHORT),2,0.2,1.639,1.637,1.637,1.644,2026-07-19 06:49:59 UTC,2026-07-19 06:53:41 UTC,221.01,0.3278,0.0044,0.0,0.0004,0.04,9.15,MIN_PROFIT_TP_HIT,0.1908
1400,TRUMP_USDT,SHORT,StochasticRSI(FAST_SCALP-SHORT),2,0.2,1.638,1.636,1.636,1.643,2026-07-19 07:08:59 UTC,2026-07-19 07:11:03 UTC,123.5,0.3276,0.0044,0.0,0.0004,0.04,9.16,MIN_PROFIT_TP_HIT,0.1912
1401,TRUMP_USDT,SHORT,StochasticRSI(FAST_SCALP-SHORT),2,0.2,1.638,1.636,1.636,1.643,2026-07-19 07:35:59 UTC,2026-07-19 07:46:28 UTC,628.15,0.3276,0.0044,0.0,0.0004,0.04,9.16,MIN_PROFIT_TP_HIT,0.1916
1402,TRUMP_USDT,SHORT,StochasticRSI(FAST_SCALP-SHORT),2,0.2,1.634,1.632,1.632,1.639,2026-07-19 07:55:59 UTC,2026-07-19 07:56:08 UTC,8.97,0.3268,0.0044,0.0,0.0004,0.04,9.18,MIN_PROFIT_TP_HIT,0.192
1403,TRUMP_USDT,SHORT,StochasticRSI(FAST_SCALP-SHORT),2,0.2,1.636,1.634,1.634,1.641,2026-07-19 08:04:59 UTC,2026-07-19 08:08:17 UTC,197.22,0.3272,0.0044,0.0,0.0004,0.04,9.17,MIN_PROFIT_TP_HIT,0.1924
1404,TRUMP_USDT,SHORT,StochasticRSI(FAST_SCALP-SHORT),2,0.2,1.633,1.631,1.631,1.638,2026-07-19 08:09:59 UTC,2026-07-19 08:24:08 UTC,848.06,0.3266,0.0044,0.0,0.0004,0.04,9.19,MIN_PROFIT_TP_HIT,0.1928
1405,TRUMP_USDT,SHORT,StochasticRSI(FAST_SCALP-SHORT),2,0.2,1.632,1.637,1.63,1.637,2026-07-19 08:43:59 UTC,2026-07-19 08:54:17 UTC,617.55,0.3264,0.0044,0.0,-0.001,-0.09,-22.98,STOP_LOSS_HIT,0.1918
1406,TRUMP_USDT,SHORT,StochasticRSI(FAST_SCALP-SHORT),2,0.2,1.637,1.635,1.635,1.642,2026-07-19 08:56:59 UTC,2026-07-19 08:58:03 UTC,63.87,0.3274,0.0044,0.0,0.0004,0.04,9.16,MIN_PROFIT_TP_HIT,0.1922
1407,TRUMP_USDT,SHORT,StochasticRSI(FAST_SCALP-SHORT),2,0.2,1.625,1.623,1.623,1.63,2026-07-19 09:22:59 UTC,2026-07-19 09:43:13 UTC,1213.36,0.325,0.0043,0.0,0.0004,0.04,9.23,MIN_PROFIT_TP_HIT,0.1926
1408,TRUMP_USDT,SHORT,StochasticRSI(FAST_SCALP-SHORT),2,0.2,1.625,1.63,1.623,1.63,2026-07-19 10:01:59 UTC,2026-07-19 10:06:07 UTC,247.02,0.325,0.0043,0.0,-0.001,-0.09,-23.08,STOP_LOSS_HIT,0.1916
1409,TRUMP_USDT,SHORT,StochasticRSI(FAST_SCALP-SHORT),2,0.2,1.627,1.625,1.625,1.632,2026-07-19 10:11:59 UTC,2026-07-19 10:20:37 UTC,517.67,0.3254,0.0043,0.0,0.0004,0.04,9.22,MIN_PROFIT_TP_HIT,0.192
1410,TRUMP_USDT,SHORT,StochasticRSI(FAST_SCALP-SHORT),2,0.2,1.627,1.632,1.625,1.632,2026-07-19 10:31:59 UTC,2026-07-19 10:40:48 UTC,528.86,0.3254,0.0043,0.0,-0.001,-0.09,-23.05,STOP_LOSS_HIT,0.191
1411,TRUMP_USDT,SHORT,StochasticRSI(FAST_SCALP-SHORT),2,0.2,1.636,1.634,1.634,1.641,2026-07-19 10:44:59 UTC,2026-07-19 10:47:03 UTC,123.64,0.3272,0.0044,0.0,0.0004,0.04,9.17,MIN_PROFIT_TP_HIT,0.1914
1412,TRUMP_USDT,SHORT,StochasticRSI(FAST_SCALP-SHORT),2,0.2,1.637,1.642,1.635,1.642,2026-07-19 10:48:59 UTC,2026-07-19 10:57:04 UTC,484.86,0.3274,0.0044,0.0,-0.001,-0.09,-22.91,STOP_LOSS_HIT,0.1904
1413,TRUMP_USDT,SHORT,StochasticRSI(FAST_SCALP-SHORT),2,0.2,1.641,1.639,1.639,1.646,2026-07-19 10:59:59 UTC,2026-07-19 11:01:35 UTC,95.28,0.3282,0.0044,0.0,0.0004,0.04,9.14,MIN_PROFIT_TP_HIT,0.1908
1414,TRUMP_USDT,SHORT,StochasticRSI(FAST_SCALP-SHORT),2,0.2,1.638,1.636,1.636,1.643,2026-07-19 11:19:59 UTC,2026-07-19 11:22:17 UTC,137.75,0.3276,0.0044,0.0,0.0004,0.04,9.16,MIN_PROFIT_TP_HIT,0.1912
1415,TRUMP_USDT,SHORT,StochasticRSI(FAST_SCALP-SHORT),2,0.2,1.637,1.635,1.635,1.642,2026-07-19 11:23:59 UTC,2026-07-19 11:32:28 UTC,508.01,0.3274,0.0044,0.0,0.0004,0.04,9.16,MIN_PROFIT_TP_HIT,0.1916
1416,TRUMP_USDT,SHORT,StochasticRSI(FAST_SCALP-SHORT),2,0.2,1.647,1.645,1.645,1.652,2026-07-19 11:39:59 UTC,2026-07-19 11:40:16 UTC,16.17,0.3294,0.0044,0.0,0.0004,0.04,9.11,MIN_PROFIT_TP_HIT,0.192
1417,TRUMP_USDT,SHORT,StochasticRSI(FAST_SCALP-SHORT),2,0.2,1.634,1.632,1.632,1.639,2026-07-19 12:02:59 UTC,2026-07-19 12:08:44 UTC,344.05,0.3268,0.0044,0.0,0.0004,0.04,9.18,MIN_PROFIT_TP_HIT,0.1924
1418,TRUMP_USDT,SHORT,StochasticRSI(FAST_SCALP-SHORT),2,0.2,1.635,1.633,1.633,1.64,2026-07-19 12:17:59 UTC,2026-07-19 12:21:59 UTC,239.54,0.327,0.0044,0.0,0.0004,0.04,9.17,MIN_PROFIT_TP_HIT,0.1928
1419,TRUMP_USDT,SHORT,StochasticRSI(FAST_SCALP-SHORT),2,0.2,1.636,1.634,1.634,1.641,2026-07-19 12:38:59 UTC,2026-07-19 12:40:48 UTC,108.06,0.3272,0.0044,0.0,0.0004,0.04,9.17,MIN_PROFIT_TP_HIT,0.1932
1420,TRUMP_USDT,SHORT,StochasticRSI(FAST_SCALP-SHORT),2,0.2,1.634,1.632,1.632,1.639,2026-07-19 12:41:59 UTC,2026-07-19 12:47:17 UTC,317.95,0.3268,0.0044,0.0,0.0004,0.04,9.18,MIN_PROFIT_TP_HIT,0.1936
1421,TRUMP_USDT,SHORT,StochasticRSI(FAST_SCALP-SHORT),2,0.2,1.63,1.628,1.628,1.635,2026-07-19 13:08:59 UTC,2026-07-19 13:15:51 UTC,411.14,0.326,0.0043,0.0,0.0004,0.04,9.2,MIN_PROFIT_TP_HIT,0.194
1422,TRUMP_USDT,SHORT,StochasticRSI(FAST_SCALP-SHORT),2,0.2,1.63,1.628,1.628,1.635,2026-07-19 13:34:59 UTC,2026-07-19 13:37:24 UTC,144.23,0.326,0.0043,0.0,0.0004,0.04,9.2,MIN_PROFIT_TP_HIT,0.1944
1423,TRUMP_USDT,SHORT,StochasticRSI(FAST_SCALP-SHORT),2,0.2,1.628,1.633,1.626,1.633,2026-07-19 13:46:59 UTC,2026-07-19 13:56:40 UTC,580.96,0.3256,0.0043,0.0,-0.001,-0.09,-23.03,STOP_LOSS_HIT,0.1934
1424,TRUMP_USDT,SHORT,StochasticRSI(FAST_SCALP-SHORT),2,0.2,1.632,1.637,1.63,1.637,2026-07-19 14:01:59 UTC,2026-07-19 14:04:12 UTC,132.34,0.3264,0.0044,0.0,-0.001,-0.09,-22.98,STOP_LOSS_HIT,0.1924
1425,TRUMP_USDT,SHORT,StochasticRSI(FAST_SCALP-SHORT),2,0.2,1.638,1.636,1.636,1.643,2026-07-19 14:06:59 UTC,2026-07-19 14:07:06 UTC,6.84,0.3276,0.0044,0.0,0.0004,0.04,9.16,MIN_PROFIT_TP_HIT,0.1928
1426,TRUMP_USDT,SHORT,StochasticRSI(FAST_SCALP-SHORT),2,0.2,1.629,1.634,1.627,1.634,2026-07-19 14:42:59 UTC,2026-07-19 14:50:35 UTC,455.18,0.3258,0.0043,0.0,-0.001,-0.09,-23.02,STOP_LOSS_HIT,0.1918
1427,TRUMP_USDT,SHORT,StochasticRSI(FAST_SCALP-SHORT),2,0.2,1.629,1.634,1.627,1.634,2026-07-19 14:52:59 UTC,2026-07-19 15:27:37 UTC,2077.27,0.3258,0.0043,0.0,-0.001,-0.09,-23.02,STOP_LOSS_HIT,0.1908
1428,TRUMP_USDT,SHORT,StochasticRSI(FAST_SCALP-SHORT),2,0.2,1.627,1.625,1.625,1.632,2026-07-19 15:30:59 UTC,2026-07-19 15:33:00 UTC,120.49,0.3254,0.0043,0.0,0.0004,0.04,9.22,MIN_PROFIT_TP_HIT,0.1912
1429,TRUMP_USDT,SHORT,StochasticRSI(FAST_SCALP-SHORT),2,0.2,1.629,1.627,1.627,1.634,2026-07-19 15:42:59 UTC,2026-07-19 15:50:29 UTC,449.97,0.3258,0.0043,0.0,0.0004,0.04,9.21,MIN_PROFIT_TP_HIT,0.1916
1430,TRUMP_USDT,SHORT,StochasticRSI(FAST_SCALP-SHORT),2,0.2,1.626,1.624,1.624,1.631,2026-07-19 16:06:59 UTC,2026-07-19 16:07:34 UTC,34.43,0.3252,0.0043,0.0,0.0004,0.04,9.23,MIN_PROFIT_TP_HIT,0.192
1431,TRUMP_USDT,SHORT,StochasticRSI(FAST_SCALP-SHORT),2,0.2,1.637,1.642,1.635,1.642,2026-07-19 16:19:59 UTC,2026-07-19 16:22:45 UTC,165.2,0.3274,0.0044,0.0,-0.001,-0.09,-22.91,STOP_LOSS_HIT,0.191
1432,TRUMP_USDT,SHORT,StochasticRSI(FAST_SCALP-SHORT),2,0.2,1.645,1.643,1.643,1.65,2026-07-19 16:25:59 UTC,2026-07-19 16:27:10 UTC,70.21,0.329,0.0044,0.0,0.0004,0.04,9.12,MIN_PROFIT_TP_HIT,0.1914
1433,TRUMP_USDT,SHORT,StochasticRSI(FAST_SCALP-SHORT),2,0.2,1.637,1.642,1.635,1.642,2026-07-19 16:46:59 UTC,2026-07-19 16:53:17 UTC,377.09,0.3274,0.0044,0.0,-0.001,-0.09,-22.91,STOP_LOSS_HIT,0.1904
1434,TRUMP_USDT,SHORT,StochasticRSI(FAST_SCALP-SHORT),2,0.2,1.634,1.632,1.632,1.639,2026-07-19 16:55:59 UTC,2026-07-19 16:57:55 UTC,115.24,0.3268,0.0044,0.0,0.0004,0.04,9.18,MIN_PROFIT_TP_HIT,0.1908
1435,TRUMP_USDT,SHORT,StochasticRSI(FAST_SCALP-SHORT),2,0.2,1.636,1.634,1.634,1.641,2026-07-19 17:12:59 UTC,2026-07-19 17:16:05 UTC,185.01,0.3272,0.0044,0.0,0.0004,0.04,9.17,MIN_PROFIT_TP_HIT,0.1912
1436,TRUMP_USDT,SHORT,StochasticRSI(FAST_SCALP-SHORT),2,0.2,1.63,1.628,1.628,1.635,2026-07-19 17:35:59 UTC,2026-07-19 17:42:29 UTC,389.34,0.326,0.0043,0.0,0.0004,0.04,9.2,MIN_PROFIT_TP_HIT,0.1916
1437,TRUMP_USDT,SHORT,StochasticRSI(FAST_SCALP-SHORT),2,0.2,1.628,1.626,1.626,1.633,2026-07-19 17:52:59 UTC,2026-07-19 18:02:03 UTC,543.59,0.3256,0.0043,0.0,0.0004,0.04,9.21,MIN_PROFIT_TP_HIT,0.192
1438,TRUMP_USDT,SHORT,StochasticRSI(FAST_SCALP-SHORT),2,0.2,1.628,1.626,1.626,1.633,2026-07-19 18:21:59 UTC,2026-07-19 18:22:08 UTC,8.6,0.3256,0.0043,0.0,0.0004,0.04,9.21,MIN_PROFIT_TP_HIT,0.1924
1439,TRUMP_USDT,SHORT,StochasticRSI(FAST_SCALP-SHORT),2,0.2,1.624,1.622,1.622,1.629,2026-07-19 18:36:59 UTC,2026-07-19 18:40:39 UTC,219.66,0.3248,0.0043,0.0,0.0004,0.04,9.24,MIN_PROFIT_TP_HIT,0.1928
1440,TRUMP_USDT,SHORT,StochasticRSI(FAST_SCALP-SHORT),2,0.2,1.625,1.623,1.623,1.63,2026-07-19 18:52:59 UTC,2026-07-19 18:53:16 UTC,16.29,0.325,0.0043,0.0,0.0004,0.04,9.23,MIN_PROFIT_TP_HIT,0.1932
1441,TRUMP_USDT,SHORT,StochasticRSI(FAST_SCALP-SHORT),2,0.2,1.618,1.623,1.616,1.623,2026-07-19 19:13:59 UTC,2026-07-19 19:17:31 UTC,211.72,0.3236,0.0043,0.0,-0.001,-0.09,-23.18,STOP_LOSS_HIT,0.1922
1442,TRUMP_USDT,SHORT,StochasticRSI(FAST_SCALP-SHORT),2,0.2,1.619,1.624,1.617,1.624,2026-07-19 19:18:59 UTC,2026-07-19 19:22:25 UTC,205.38,0.3238,0.0043,0.0,-0.001,-0.09,-23.16,STOP_LOSS_HIT,0.1912
1443,TRUMP_USDT,SHORT,StochasticRSI(FAST_SCALP-SHORT),2,0.2,1.621,1.626,1.619,1.626,2026-07-19 19:26:59 UTC,2026-07-19 19:35:55 UTC,535.46,0.3242,0.0043,0.0,-0.001,-0.09,-23.13,STOP_LOSS_HIT,0.1902
1444,TRUMP_USDT,SHORT,StochasticRSI(FAST_SCALP-SHORT),2,0.2,1.623,1.621,1.621,1.628,2026-07-19 20:03:59 UTC,2026-07-19 20:07:01 UTC,181.81,0.3246,0.0043,0.0,0.0004,0.04,9.24,MIN_PROFIT_TP_HIT,0.1906
1445,TRUMP_USDT,SHORT,StochasticRSI(FAST_SCALP-SHORT),2,0.2,1.626,1.624,1.624,1.631,2026-07-19 20:15:59 UTC,2026-07-19 20:22:13 UTC,373.91,0.3252,0.0043,0.0,0.0004,0.04,9.23,MIN_PROFIT_TP_HIT,0.191
1446,TRUMP_USDT,SHORT,StochasticRSI(FAST_SCALP-SHORT),2,0.2,1.627,1.625,1.625,1.632,2026-07-19 20:35:59 UTC,2026-07-19 20:37:19 UTC,79.12,0.3254,0.0043,0.0,0.0004,0.04,9.22,MIN_PROFIT_TP_HIT,0.1914
1447,TRUMP_USDT,SHORT,StochasticRSI(FAST_SCALP-SHORT),2,0.2,1.625,1.623,1.623,1.63,2026-07-19 20:39:59 UTC,2026-07-19 21:13:00 UTC,1980.06,0.325,0.0043,0.0,0.0004,0.04,9.23,MIN_PROFIT_TP_HIT,0.1918
1448,TRUMP_USDT,SHORT,StochasticRSI(FAST_SCALP-SHORT),2,0.2,1.569,1.567,1.567,1.574,2026-07-19 21:42:59 UTC,2026-07-19 21:43:09 UTC,9.89,0.3138,0.0042,0.0,0.0004,0.04,9.56,MIN_PROFIT_TP_HIT,0.1922
1449,TRUMP_USDT,SHORT,StochasticRSI(FAST_SCALP-SHORT),2,0.2,1.571,1.569,1.569,1.576,2026-07-19 21:46:59 UTC,2026-07-19 21:47:03 UTC,3.04,0.3142,0.0042,0.0,0.0004,0.04,9.55,MIN_PROFIT_TP_HIT,0.1926
1450,TRUMP_USDT,SHORT,StochasticRSI(FAST_SCALP-SHORT),2,0.2,1.563,1.561,1.561,1.568,2026-07-19 22:13:59 UTC,2026-07-19 22:14:01 UTC,1.17,0.3126,0.0042,0.0,0.0004,0.04,9.6,MIN_PROFIT_TP_HIT,0.193
1451,TRUMP_USDT,SHORT,StochasticRSI(FAST_SCALP-SHORT),2,0.2,1.568,1.566,1.566,1.573,2026-07-19 22:23:59 UTC,2026-07-19 22:27:01 UTC,181.88,0.3136,0.0042,0.0,0.0004,0.04,9.57,MIN_PROFIT_TP_HIT,0.1934
1452,TRUMP_USDT,SHORT,StochasticRSI(FAST_SCALP-SHORT),2,0.2,1.57,1.568,1.568,1.575,2026-07-19 22:35:59 UTC,2026-07-19 22:36:04 UTC,4.84,0.314,0.0042,0.0,0.0004,0.04,9.55,MIN_PROFIT_TP_HIT,0.1938
1453,TRUMP_USDT,SHORT,StochasticRSI(FAST_SCALP-SHORT),2,0.2,1.568,1.566,1.566,1.573,2026-07-19 22:59:59 UTC,2026-07-19 23:00:06 UTC,6.26,0.3136,0.0042,0.0,0.0004,0.04,9.57,MIN_PROFIT_TP_HIT,0.1942
1454,TRUMP_USDT,SHORT,StochasticRSI(FAST_SCALP-SHORT),2,0.2,1.561,1.559,1.559,1.566,2026-07-19 23:14:59 UTC,2026-07-19 23:15:14 UTC,14.2,0.3122,0.0042,0.0,0.0004,0.04,9.61,MIN_PROFIT_TP_HIT,0.1946
1455,TRUMP_USDT,SHORT,StochasticRSI(FAST_SCALP-SHORT),2,0.2,1.563,1.561,1.561,1.568,2026-07-19 23:27:59 UTC,2026-07-19 23:33:13 UTC,313.19,0.3126,0.0042,0.0,0.0004,0.04,9.6,MIN_PROFIT_TP_HIT,0.195
1456,TRUMP_USDT,SHORT,StochasticRSI(FAST_SCALP-SHORT),2,0.2,1.565,1.563,1.563,1.57,2026-07-19 23:58:59 UTC,2026-07-20 00:00:04 UTC,64.62,0.313,0.0042,0.0,0.0004,0.04,9.58,MIN_PROFIT_TP_HIT,0.1954
1457,TRUMP_USDT,SHORT,StochasticRSI(FAST_SCALP-SHORT),2,0.2,1.57,1.575,1.568,1.575,2026-07-20 00:12:59 UTC,2026-07-20 00:15:17 UTC,137.43,0.314,0.0042,0.0,-0.001,-0.09,-23.89,STOP_LOSS_HIT,0.1944
1458,TRUMP_USDT,SHORT,StochasticRSI(FAST_SCALP-SHORT),2,0.2,1.568,1.566,1.566,1.573,2026-07-20 00:40:59 UTC,2026-07-20 00:49:44 UTC,524.45,0.3136,0.0042,0.0,0.0004,0.04,9.57,MIN_PROFIT_TP_HIT,0.1948
1459,TRUMP_USDT,SHORT,StochasticRSI(FAST_SCALP-SHORT),2,0.2,1.564,1.569,1.562,1.569,2026-07-20 01:02:59 UTC,2026-07-20 01:07:05 UTC,245.06,0.3128,0.0042,0.0,-0.001,-0.09,-23.98,STOP_LOSS_HIT,0.1938
1460,TRUMP_USDT,SHORT,StochasticRSI(FAST_SCALP-SHORT),2,0.2,1.567,1.572,1.565,1.572,2026-07-20 01:08:59 UTC,2026-07-20 01:09:25 UTC,25.92,0.3134,0.0042,0.0,-0.001,-0.09,-23.93,STOP_LOSS_HIT,0.1928
1461,TRUMP_USDT,SHORT,StochasticRSI(FAST_SCALP-SHORT),2,0.2,1.572,1.57,1.57,1.577,2026-07-20 01:12:59 UTC,2026-07-20 01:13:01 UTC,1.27,0.3144,0.0042,0.0,0.0004,0.04,9.54,MIN_PROFIT_TP_HIT,0.1932
1462,TRUMP_USDT,SHORT,StochasticRSI(FAST_SCALP-SHORT),2,0.2,1.57,1.575,1.568,1.575,2026-07-20 01:52:59 UTC,2026-07-20 01:58:50 UTC,350.6,0.314,0.0042,0.0,-0.001,-0.09,-23.89,STOP_LOSS_HIT,0.1922
1463,TRUMP_USDT,SHORT,StochasticRSI(FAST_SCALP-SHORT),2,0.2,1.584,1.582,1.582,1.589,2026-07-20 02:04:59 UTC,2026-07-20 02:09:52 UTC,292.24,0.3168,0.0042,0.0,0.0004,0.04,9.47,MIN_PROFIT_TP_HIT,0.1926
1464,TRUMP_USDT,SHORT,StochasticRSI(FAST_SCALP-SHORT),2,0.2,1.586,1.591,1.584,1.591,2026-07-20 02:35:59 UTC,2026-07-20 02:42:24 UTC,384.06,0.3172,0.0042,0.0,-0.001,-0.09,-23.64,STOP_LOSS_HIT,0.1916
1465,TRUMP_USDT,SHORT,StochasticRSI(FAST_SCALP-SHORT),2,0.2,1.592,1.59,1.59,1.597,2026-07-20 02:45:59 UTC,2026-07-20 02:51:50 UTC,350.85,0.3184,0.0042,0.0,0.0004,0.04,9.42,MIN_PROFIT_TP_HIT,0.192
1466,TRUMP_USDT,SHORT,StochasticRSI(FAST_SCALP-SHORT),2,0.2,1.589,1.587,1.587,1.594,2026-07-20 03:16:59 UTC,2026-07-20 03:17:34 UTC,34.04,0.3178,0.0042,0.0,0.0004,0.04,9.44,MIN_PROFIT_TP_HIT,0.1924
1467,TRUMP_USDT,SHORT,StochasticRSI(FAST_SCALP-SHORT),2,0.2,1.573,1.571,1.571,1.578,2026-07-20 03:40:59 UTC,2026-07-20 03:47:13 UTC,373.88,0.3146,0.0042,0.0,0.0004,0.04,9.54,MIN_PROFIT_TP_HIT,0.1928
1468,TRUMP_USDT,SHORT,StochasticRSI(FAST_SCALP-SHORT),2,0.2,1.574,1.572,1.572,1.579,2026-07-20 03:53:59 UTC,2026-07-20 03:54:48 UTC,48.93,0.3148,0.0042,0.0,0.0004,0.04,9.53,MIN_PROFIT_TP_HIT,0.1932
1469,TRUMP_USDT,SHORT,StochasticRSI(FAST_SCALP-SHORT),2,0.2,1.567,1.565,1.565,1.572,2026-07-20 04:18:59 UTC,2026-07-20 04:22:43 UTC,223.6,0.3134,0.0042,0.0,0.0004,0.04,9.57,MIN_PROFIT_TP_HIT,0.1936
1470,TRUMP_USDT,SHORT,StochasticRSI(FAST_SCALP-SHORT),2,0.2,1.57,1.575,1.568,1.575,2026-07-20 04:30:59 UTC,2026-07-20 04:33:11 UTC,131.11,0.314,0.0042,0.0,-0.001,-0.09,-23.89,STOP_LOSS_HIT,0.1926
1471,TRUMP_USDT,SHORT,StochasticRSI(FAST_SCALP-SHORT),2,0.2,1.561,1.559,1.559,1.566,2026-07-20 05:09:59 UTC,2026-07-20 05:11:06 UTC,66.14,0.3122,0.0042,0.0,0.0004,0.04,9.61,MIN_PROFIT_TP_HIT,0.193
1472,TRUMP_USDT,SHORT,StochasticRSI(FAST_SCALP-SHORT),2,0.2,1.565,1.563,1.563,1.57,2026-07-20 05:20:59 UTC,2026-07-20 05:21:52 UTC,52.78,0.313,0.0042,0.0,0.0004,0.04,9.58,MIN_PROFIT_TP_HIT,0.1934
1473,TRUMP_USDT,SHORT,StochasticRSI(FAST_SCALP-SHORT),2,0.2,1.571,1.576,1.569,1.576,2026-07-20 05:32:59 UTC,2026-07-20 05:33:52 UTC,52.35,0.3142,0.0042,0.0,-0.001,-0.09,-23.87,STOP_LOSS_HIT,0.1924
1474,TRUMP_USDT,SHORT,StochasticRSI(FAST_SCALP-SHORT),2,0.2,1.576,1.574,1.574,1.581,2026-07-20 05:36:59 UTC,2026-07-20 05:37:08 UTC,8.13,0.3152,0.0042,0.0,0.0004,0.04,9.52,MIN_PROFIT_TP_HIT,0.1928
1475,TRUMP_USDT,SHORT,StochasticRSI(FAST_SCALP-SHORT),2,0.2,1.567,1.565,1.565,1.572,2026-07-20 06:00:59 UTC,2026-07-20 06:02:18 UTC,78.16,0.3134,0.0042,0.0,0.0004,0.04,9.57,MIN_PROFIT_TP_HIT,0.1932
1476,TRUMP_USDT,SHORT,StochasticRSI(FAST_SCALP-SHORT),2,0.2,1.567,1.565,1.565,1.572,2026-07-20 06:11:59 UTC,2026-07-20 06:19:03 UTC,423.84,0.3134,0.0042,0.0,0.0004,0.04,9.57,MIN_PROFIT_TP_HIT,0.1936
1477,TRUMP_USDT,SHORT,StochasticRSI(FAST_SCALP-SHORT),2,0.2,1.561,1.559,1.559,1.566,2026-07-20 07:13:59 UTC,2026-07-20 07:16:06 UTC,126.92,0.3122,0.0042,0.0,0.0004,0.04,9.61,MIN_PROFIT_TP_HIT,0.194
1478,TRUMP_USDT,SHORT,StochasticRSI(FAST_SCALP-SHORT),2,0.2,1.563,1.568,1.561,1.568,2026-07-20 07:24:59 UTC,2026-07-20 07:30:23 UTC,323.0,0.3126,0.0042,0.0,-0.001,-0.09,-23.99,STOP_LOSS_HIT,0.193
1479,TRUMP_USDT,SHORT,StochasticRSI(FAST_SCALP-SHORT),2,0.2,1.562,1.567,1.56,1.567,2026-07-20 07:47:59 UTC,2026-07-20 08:00:35 UTC,755.76,0.3124,0.0042,0.0,-0.001,-0.09,-24.01,STOP_LOSS_HIT,0.192
1480,TRUMP_USDT,SHORT,StochasticRSI(FAST_SCALP-SHORT),2,0.2,1.567,1.565,1.565,1.572,2026-07-20 08:02:59 UTC,2026-07-20 08:05:45 UTC,165.48,0.3134,0.0042,0.0,0.0004,0.04,9.57,MIN_PROFIT_TP_HIT,0.1924
1481,TRUMP_USDT,SHORT,StochasticRSI(FAST_SCALP-SHORT),2,0.2,1.564,1.562,1.562,1.569,2026-07-20 08:18:59 UTC,2026-07-20 08:20:30 UTC,90.94,0.3128,0.0042,0.0,0.0004,0.04,9.59,MIN_PROFIT_TP_HIT,0.1928
1482,TRUMP_USDT,SHORT,StochasticRSI(FAST_SCALP-SHORT),2,0.2,1.558,1.563,1.556,1.563,2026-07-20 08:38:59 UTC,2026-07-20 08:50:12 UTC,672.02,0.3116,0.0042,0.0,-0.001,-0.09,-24.07,STOP_LOSS_HIT,0.1918
1483,TRUMP_USDT,SHORT,StochasticRSI(FAST_SCALP-SHORT),2,0.2,1.552,1.55,1.55,1.557,2026-07-20 09:16:59 UTC,2026-07-20 09:19:45 UTC,165.24,0.3104,0.0041,0.0,0.0004,0.04,9.66,MIN_PROFIT_TP_HIT,0.1922
1484,TRUMP_USDT,SHORT,StochasticRSI(FAST_SCALP-SHORT),2,0.2,1.554,1.552,1.552,1.559,2026-07-20 09:26:59 UTC,2026-07-20 09:28:49 UTC,109.19,0.3108,0.0041,0.0,0.0004,0.04,9.65,MIN_PROFIT_TP_HIT,0.1926
1485,TRUMP_USDT,SHORT,StochasticRSI(FAST_SCALP-SHORT),2,0.2,1.557,1.562,1.555,1.562,2026-07-20 09:37:59 UTC,2026-07-20 09:42:14 UTC,254.49,0.3114,0.0042,0.0,-0.001,-0.09,-24.08,STOP_LOSS_HIT,0.1916
1486,TRUMP_USDT,SHORT,StochasticRSI(FAST_SCALP-SHORT),2,0.2,1.56,1.565,1.558,1.565,2026-07-20 09:46:59 UTC,2026-07-20 10:08:35 UTC,1295.31,0.312,0.0042,0.0,-0.001,-0.09,-24.04,STOP_LOSS_HIT,0.1906
1487,TRUMP_USDT,SHORT,StochasticRSI(FAST_SCALP-SHORT),2,0.2,1.567,1.565,1.565,1.572,2026-07-20 10:09:59 UTC,2026-07-20 10:10:33 UTC,33.45,0.3134,0.0042,0.0,0.0004,0.04,9.57,MIN_PROFIT_TP_HIT,0.191
1488,TRUMP_USDT,SHORT,StochasticRSI(FAST_SCALP-SHORT),2,0.2,1.563,1.568,1.561,1.568,2026-07-20 10:11:59 UTC,2026-07-20 10:23:17 UTC,677.33,0.3126,0.0042,0.0,-0.001,-0.09,-23.99,STOP_LOSS_HIT,0.19
1489,TRUMP_USDT,SHORT,StochasticRSI(FAST_SCALP-SHORT),2,0.2,1.565,1.563,1.563,1.57,2026-07-20 10:49:59 UTC,2026-07-20 11:00:31 UTC,631.55,0.313,0.0042,0.0,0.0004,0.04,9.58,MIN_PROFIT_TP_HIT,0.1904
1490,TRUMP_USDT,SHORT,StochasticRSI(FAST_SCALP-SHORT),2,0.2,1.57,1.568,1.568,1.575,2026-07-20 11:13:59 UTC,2026-07-20 11:14:14 UTC,14.33,0.314,0.0042,0.0,0.0004,0.04,9.55,MIN_PROFIT_TP_HIT,0.1908
1491,TRUMP_USDT,SHORT,StochasticRSI(FAST_SCALP-SHORT),2,0.2,1.577,1.575,1.575,1.582,2026-07-20 11:35:59 UTC,2026-07-20 11:43:41 UTC,461.65,0.3154,0.0042,0.0,0.0004,0.04,9.51,MIN_PROFIT_TP_HIT,0.1912
1492,TRUMP_USDT,SHORT,StochasticRSI(FAST_SCALP-SHORT),2,0.2,1.574,1.572,1.572,1.579,2026-07-20 12:01:59 UTC,2026-07-20 12:02:32 UTC,32.04,0.3148,0.0042,0.0,0.0004,0.04,9.53,MIN_PROFIT_TP_HIT,0.1916
1493,TRUMP_USDT,SHORT,StochasticRSI(FAST_SCALP-SHORT),2,0.2,1.571,1.569,1.569,1.576,2026-07-20 12:12:59 UTC,2026-07-20 12:14:11 UTC,71.07,0.3142,0.0042,0.0,0.0004,0.04,9.55,MIN_PROFIT_TP_HIT,0.192
1494,TRUMP_USDT,SHORT,StochasticRSI(FAST_SCALP-SHORT),2,0.2,1.571,1.569,1.569,1.576,2026-07-20 12:20:59 UTC,2026-07-20 12:34:13 UTC,793.53,0.3142,0.0042,0.0,0.0004,0.04,9.55,MIN_PROFIT_TP_HIT,0.1924
1495,TRUMP_USDT,SHORT,StochasticRSI(FAST_SCALP-SHORT),2,0.2,1.573,1.571,1.571,1.578,2026-07-20 12:40:59 UTC,2026-07-20 12:42:40 UTC,100.42,0.3146,0.0042,0.0,0.0004,0.04,9.54,MIN_PROFIT_TP_HIT,0.1928
1496,TRUMP_USDT,SHORT,StochasticRSI(FAST_SCALP-SHORT),2,0.2,1.573,1.571,1.571,1.578,2026-07-20 12:51:59 UTC,2026-07-20 12:54:49 UTC,169.03,0.3146,0.0042,0.0,0.0004,0.04,9.54,MIN_PROFIT_TP_HIT,0.1932
1497,TRUMP_USDT,SHORT,StochasticRSI(FAST_SCALP-SHORT),2,0.2,1.573,1.571,1.571,1.578,2026-07-20 13:12:59 UTC,2026-07-20 13:14:00 UTC,60.5,0.3146,0.0042,0.0,0.0004,0.04,9.54,MIN_PROFIT_TP_HIT,0.1936
1498,TRUMP_USDT,SHORT,StochasticRSI(FAST_SCALP-SHORT),2,0.2,1.574,1.572,1.572,1.579,2026-07-20 13:22:59 UTC,2026-07-20 13:25:02 UTC,122.31,0.3148,0.0042,0.0,0.0004,0.04,9.53,MIN_PROFIT_TP_HIT,0.194
1499,TRUMP_USDT,SHORT,StochasticRSI(FAST_SCALP-SHORT),2,0.2,1.58,1.578,1.578,1.585,2026-07-20 13:43:59 UTC,2026-07-20 13:46:15 UTC,135.82,0.316,0.0042,0.0,0.0004,0.04,9.49,MIN_PROFIT_TP_HIT,0.1944
1500,TRUMP_USDT,SHORT,StochasticRSI(FAST_SCALP-SHORT),2,0.2,1.577,1.575,1.575,1.582,2026-07-20 14:09:59 UTC,2026-07-20 14:10:04 UTC,4.17,0.3154,0.0042,0.0,0.0004,0.04,9.51,MIN_PROFIT_TP_HIT,0.1948
1501,TRUMP_USDT,SHORT,StochasticRSI(FAST_SCALP-SHORT),2,0.2,1.576,1.574,1.574,1.581,2026-07-20 14:32:59 UTC,2026-07-20 14:33:05 UTC,5.34,0.3152,0.0042,0.0,0.0004,0.04,9.52,MIN_PROFIT_TP_HIT,0.1952
1502,TRUMP_USDT,SHORT,StochasticRSI(FAST_SCALP-SHORT),2,0.2,1.577,1.575,1.575,1.582,2026-07-20 15:04:59 UTC,2026-07-20 15:05:38 UTC,38.16,0.3154,0.0042,0.0,0.0004,0.04,9.51,MIN_PROFIT_TP_HIT,0.1956
1503,TRUMP_USDT,SHORT,StochasticRSI(FAST_SCALP-SHORT),2,0.2,1.582,1.58,1.58,1.587,2026-07-20 15:17:59 UTC,2026-07-20 15:19:26 UTC,86.13,0.3164,0.0042,0.0,0.0004,0.04,9.48,MIN_PROFIT_TP_HIT,0.196
1504,TRUMP_USDT,SHORT,StochasticRSI(FAST_SCALP-SHORT),2,0.2,1.591,1.589,1.589,1.596,2026-07-20 15:49:59 UTC,2026-07-20 15:50:38 UTC,38.58,0.3182,0.0042,0.0,0.0004,0.04,9.43,MIN_PROFIT_TP_HIT,0.1964
1505,TRUMP_USDT,SHORT,StochasticRSI(FAST_SCALP-SHORT),2,0.2,1.594,1.592,1.592,1.599,2026-07-20 15:57:59 UTC,2026-07-20 16:06:06 UTC,486.98,0.3188,0.0043,0.0,0.0004,0.04,9.41,MIN_PROFIT_TP_HIT,0.1968
1506,TRUMP_USDT,SHORT,StochasticRSI(FAST_SCALP-SHORT),2,0.2,1.596,1.594,1.594,1.601,2026-07-20 16:16:59 UTC,2026-07-20 16:18:43 UTC,103.24,0.3192,0.0043,0.0,0.0004,0.04,9.4,MIN_PROFIT_TP_HIT,0.1972
1507,TRUMP_USDT,SHORT,StochasticRSI(FAST_SCALP-SHORT),2,0.2,1.59,1.588,1.588,1.595,2026-07-20 16:34:59 UTC,2026-07-20 16:36:18 UTC,78.77,0.318,0.0042,0.0,0.0004,0.04,9.43,MIN_PROFIT_TP_HIT,0.1976
1508,TRUMP_USDT,SHORT,StochasticRSI(FAST_SCALP-SHORT),2,0.2,1.593,1.598,1.591,1.598,2026-07-20 16:50:59 UTC,2026-07-20 17:01:01 UTC,601.81,0.3186,0.0042,0.0,-0.001,-0.09,-23.54,STOP_LOSS_HIT,0.1966
1509,TRUMP_USDT,SHORT,StochasticRSI(FAST_SCALP-SHORT),2,0.2,1.593,1.591,1.591,1.598,2026-07-20 17:03:59 UTC,2026-07-20 17:05:05 UTC,65.25,0.3186,0.0042,0.0,0.0004,0.04,9.42,MIN_PROFIT_TP_HIT,0.197
1510,TRUMP_USDT,SHORT,StochasticRSI(FAST_SCALP-SHORT),2,0.2,1.591,1.589,1.589,1.596,2026-07-20 17:24:59 UTC,2026-07-20 17:27:13 UTC,133.53,0.3182,0.0042,0.0,0.0004,0.04,9.43,MIN_PROFIT_TP_HIT,0.1974
1511,TRUMP_USDT,SHORT,StochasticRSI(FAST_SCALP-SHORT),2,0.2,1.589,1.594,1.587,1.594,2026-07-20 17:37:59 UTC,2026-07-20 17:41:25 UTC,205.17,0.3178,0.0042,0.0,-0.001,-0.09,-23.6,STOP_LOSS_HIT,0.1964
1512,TRUMP_USDT,SHORT,StochasticRSI(FAST_SCALP-SHORT),2,0.2,1.594,1.599,1.592,1.599,2026-07-20 17:47:59 UTC,2026-07-20 17:54:10 UTC,370.81,0.3188,0.0043,0.0,-0.001,-0.09,-23.53,STOP_LOSS_HIT,0.1954
1513,TRUMP_USDT,SHORT,StochasticRSI(FAST_SCALP-SHORT),2,0.2,1.602,1.607,1.6,1.607,2026-07-20 18:05:59 UTC,2026-07-20 18:14:03 UTC,483.91,0.3204,0.0043,0.0,-0.001,-0.09,-23.41,STOP_LOSS_HIT,0.1944
1514,TRUMP_USDT,SHORT,StochasticRSI(FAST_SCALP-SHORT),2,0.2,1.607,1.605,1.605,1.612,2026-07-20 18:17:59 UTC,2026-07-20 18:18:31 UTC,31.01,0.3214,0.0043,0.0,0.0004,0.04,9.33,MIN_PROFIT_TP_HIT,0.1948
1515,TRUMP_USDT,SHORT,StochasticRSI(FAST_SCALP-SHORT),2,0.2,1.604,1.602,1.602,1.609,2026-07-20 18:30:59 UTC,2026-07-20 18:31:01 UTC,1.33,0.3208,0.0043,0.0,0.0004,0.04,9.35,MIN_PROFIT_TP_HIT,0.1952
1516,TRUMP_USDT,SHORT,StochasticRSI(FAST_SCALP-SHORT),2,0.2,1.608,1.606,1.606,1.613,2026-07-20 18:43:59 UTC,2026-07-20 18:45:12 UTC,72.14,0.3216,0.0043,0.0,0.0004,0.04,9.33,MIN_PROFIT_TP_HIT,0.1956
1517,TRUMP_USDT,SHORT,StochasticRSI(FAST_SCALP-SHORT),2,0.2,1.616,1.614,1.614,1.621,2026-07-20 19:04:59 UTC,2026-07-20 19:05:30 UTC,30.54,0.3232,0.0043,0.0,0.0004,0.04,9.28,MIN_PROFIT_TP_HIT,0.196
1518,TRUMP_USDT,SHORT,StochasticRSI(FAST_SCALP-SHORT),2,0.2,1.615,1.613,1.613,1.62,2026-07-20 19:08:59 UTC,2026-07-20 19:10:37 UTC,97.77,0.323,0.0043,0.0,0.0004,0.04,9.29,MIN_PROFIT_TP_HIT,0.1964
1519,TRUMP_USDT,SHORT,StochasticRSI(FAST_SCALP-SHORT),2,0.2,1.601,1.606,1.599,1.606,2026-07-20 19:26:59 UTC,2026-07-20 19:29:31 UTC,151.51,0.3202,0.0043,0.0,-0.001,-0.09,-23.42,STOP_LOSS_HIT,0.1954
1520,TRUMP_USDT,SHORT,StochasticRSI(FAST_SCALP-SHORT),2,0.2,1.6,1.598,1.598,1.605,2026-07-20 19:31:59 UTC,2026-07-20 19:37:20 UTC,320.47,0.32,0.0043,0.0,0.0004,0.04,9.38,MIN_PROFIT_TP_HIT,0.1958
1521,TRUMP_USDT,SHORT,StochasticRSI(FAST_SCALP-SHORT),2,0.2,1.602,1.6,1.6,1.607,2026-07-20 19:46:59 UTC,2026-07-20 19:50:00 UTC,180.31,0.3204,0.0043,0.0,0.0004,0.04,9.36,MIN_PROFIT_TP_HIT,0.1962
1522,TRUMP_USDT,SHORT,StochasticRSI(FAST_SCALP-SHORT),2,0.2,1.598,1.596,1.596,1.603,2026-07-20 20:16:59 UTC,2026-07-20 20:40:18 UTC,1398.18,0.3196,0.0043,0.0,0.0004,0.04,9.39,MIN_PROFIT_TP_HIT,0.1966
1523,TRUMP_USDT,SHORT,StochasticRSI(FAST_SCALP-SHORT),2,0.2,1.596,1.594,1.594,1.601,2026-07-20 20:56:59 UTC,2026-07-20 21:50:27 UTC,3207.24,0.3192,0.0043,0.0,0.0004,0.04,9.4,MIN_PROFIT_TP_HIT,0.197
1524,TRUMP_USDT,SHORT,StochasticRSI(FAST_SCALP-SHORT),2,0.2,1.592,1.59,1.59,1.597,2026-07-20 22:10:59 UTC,2026-07-20 22:13:29 UTC,149.46,0.3184,0.0042,0.0,0.0004,0.04,9.42,MIN_PROFIT_TP_HIT,0.1974
1525,TRUMP_USDT,SHORT,StochasticRSI(FAST_SCALP-SHORT),2,0.2,1.59,1.588,1.588,1.595,2026-07-20 22:14:59 UTC,2026-07-20 22:15:52 UTC,52.4,0.318,0.0042,0.0,0.0004,0.04,9.43,MIN_PROFIT_TP_HIT,0.1978
1526,TRUMP_USDT,SHORT,StochasticRSI(FAST_SCALP-SHORT),2,0.2,1.592,1.59,1.59,1.597,2026-07-20 22:32:59 UTC,2026-07-20 22:34:13 UTC,73.11,0.3184,0.0042,0.0,0.0004,0.04,9.42,MIN_PROFIT_TP_HIT,0.1982
1527,TRUMP_USDT,SHORT,StochasticRSI(FAST_SCALP-SHORT),2,0.2,1.586,1.584,1.584,1.591,2026-07-20 22:52:59 UTC,2026-07-20 23:04:49 UTC,709.81,0.3172,0.0042,0.0,0.0004,0.04,9.46,MIN_PROFIT_TP_HIT,0.1986
1528,TRUMP_USDT,SHORT,StochasticRSI(FAST_SCALP-SHORT),2,0.2,1.586,1.591,1.584,1.591,2026-07-20 23:05:59 UTC,2026-07-20 23:08:08 UTC,128.44,0.3172,0.0042,0.0,-0.001,-0.09,-23.64,STOP_LOSS_HIT,0.1976
1529,TRUMP_USDT,SHORT,StochasticRSI(FAST_SCALP-SHORT),2,0.2,1.59,1.588,1.588,1.595,2026-07-20 23:12:59 UTC,2026-07-20 23:49:10 UTC,2170.13,0.318,0.0042,0.0,0.0004,0.04,9.43,MIN_PROFIT_TP_HIT,0.198
1530,TRUMP_USDT,SHORT,StochasticRSI(FAST_SCALP-SHORT),2,0.2,1.588,1.586,1.586,1.593,2026-07-20 23:59:59 UTC,2026-07-21 00:00:11 UTC,11.05,0.3176,0.0042,0.0,0.0004,0.04,9.45,MIN_PROFIT_TP_HIT,0.1984
1531,TRUMP_USDT,SHORT,StochasticRSI(FAST_SCALP-SHORT),2,0.2,1.589,1.594,1.587,1.594,2026-07-21 00:16:59 UTC,2026-07-21 00:24:34 UTC,454.17,0.3178,0.0042,0.0,-0.001,-0.09,-23.6,STOP_LOSS_HIT,0.1974
1532,TRUMP_USDT,SHORT,StochasticRSI(FAST_SCALP-SHORT),2,0.2,1.6,1.598,1.598,1.605,2026-07-21 00:44:59 UTC,2026-07-21 00:53:53 UTC,533.78,0.32,0.0043,0.0,0.0004,0.04,9.38,MIN_PROFIT_TP_HIT,0.1978
1533,TRUMP_USDT,SHORT,StochasticRSI(FAST_SCALP-SHORT),2,0.2,1.597,1.602,1.595,1.602,2026-07-21 01:07:59 UTC,2026-07-21 01:13:35 UTC,335.51,0.3194,0.0043,0.0,-0.001,-0.09,-23.48,STOP_LOSS_HIT,0.1968
1534,TRUMP_USDT,SHORT,StochasticRSI(FAST_SCALP-SHORT),2,0.2,1.601,1.599,1.599,1.606,2026-07-21 01:16:59 UTC,2026-07-21 01:19:06 UTC,126.09,0.3202,0.0043,0.0,0.0004,0.04,9.37,MIN_PROFIT_TP_HIT,0.1972
1535,TRUMP_USDT,SHORT,StochasticRSI(FAST_SCALP-SHORT),2,0.2,1.598,1.596,1.596,1.603,2026-07-21 01:31:59 UTC,2026-07-21 01:40:00 UTC,480.68,0.3196,0.0043,0.0,0.0004,0.04,9.39,MIN_PROFIT_TP_HIT,0.1976
1536,TRUMP_USDT,SHORT,StochasticRSI(FAST_SCALP-SHORT),2,0.2,1.597,1.595,1.595,1.602,2026-07-21 01:52:59 UTC,2026-07-21 01:53:23 UTC,23.48,0.3194,0.0043,0.0,0.0004,0.04,9.39,MIN_PROFIT_TP_HIT,0.198
1537,TRUMP_USDT,SHORT,StochasticRSI(FAST_SCALP-SHORT),2,0.2,1.596,1.594,1.594,1.601,2026-07-21 01:54:59 UTC,2026-07-21 01:55:40 UTC,40.5,0.3192,0.0043,0.0,0.0004,0.04,9.4,MIN_PROFIT_TP_HIT,0.1984
1538,TRUMP_USDT,SHORT,StochasticRSI(FAST_SCALP-SHORT),2,0.2,1.598,1.596,1.596,1.603,2026-07-21 02:06:59 UTC,2026-07-21 02:07:28 UTC,28.31,0.3196,0.0043,0.0,0.0004,0.04,9.39,MIN_PROFIT_TP_HIT,0.1988
1539,TRUMP_USDT,SHORT,StochasticRSI(FAST_SCALP-SHORT),2,0.2,1.595,1.593,1.593,1.6,2026-07-21 02:08:59 UTC,2026-07-21 02:09:31 UTC,31.85,0.319,0.0043,0.0,0.0004,0.04,9.4,MIN_PROFIT_TP_HIT,0.1992
1540,TRUMP_USDT,SHORT,StochasticRSI(FAST_SCALP-SHORT),2,0.2,1.589,1.594,1.587,1.594,2026-07-21 02:27:59 UTC,2026-07-21 02:52:11 UTC,1451.94,0.3178,0.0042,0.0,-0.001,-0.09,-23.6,STOP_LOSS_HIT,0.1982
1541,TRUMP_USDT,SHORT,StochasticRSI(FAST_SCALP-SHORT),2,0.2,1.592,1.597,1.59,1.597,2026-07-21 02:53:59 UTC,2026-07-21 02:55:34 UTC,94.09,0.3184,0.0042,0.0,-0.001,-0.09,-23.56,STOP_LOSS_HIT,0.1972
1542,TRUMP_USDT,SHORT,StochasticRSI(FAST_SCALP-SHORT),2,0.2,1.595,1.6,1.593,1.6,2026-07-21 02:58:59 UTC,2026-07-21 03:05:00 UTC,360.06,0.319,0.0043,0.0,-0.001,-0.09,-23.51,STOP_LOSS_HIT,0.1962
1543,TRUMP_USDT,SHORT,StochasticRSI(FAST_SCALP-SHORT),2,0.2,1.6,1.598,1.598,1.605,2026-07-21 03:07:59 UTC,2026-07-21 03:09:18 UTC,78.34,0.32,0.0043,0.0,0.0004,0.04,9.38,MIN_PROFIT_TP_HIT,0.1966
1544,TRUMP_USDT,SHORT,StochasticRSI(FAST_SCALP-SHORT),2,0.2,1.598,1.596,1.596,1.603,2026-07-21 03:10:59 UTC,2026-07-21 03:27:03 UTC,963.85,0.3196,0.0043,0.0,0.0004,0.04,9.39,MIN_PROFIT_TP_HIT,0.197
1545,TRUMP_USDT,SHORT,StochasticRSI(FAST_SCALP-SHORT),2,0.2,1.599,1.597,1.597,1.604,2026-07-21 03:36:59 UTC,2026-07-21 03:50:51 UTC,831.15,0.3198,0.0043,0.0,0.0004,0.04,9.38,MIN_PROFIT_TP_HIT,0.1974
1546,TRUMP_USDT,SHORT,StochasticRSI(FAST_SCALP-SHORT),2,0.2,1.598,1.596,1.596,1.603,2026-07-21 03:51:59 UTC,2026-07-21 03:55:54 UTC,234.14,0.3196,0.0043,0.0,0.0004,0.04,9.39,MIN_PROFIT_TP_HIT,0.1978
1547,TRUMP_USDT,SHORT,StochasticRSI(FAST_SCALP-SHORT),2,0.2,1.594,1.592,1.592,1.599,2026-07-21 04:09:59 UTC,2026-07-21 04:12:15 UTC,135.92,0.3188,0.0043,0.0,0.0004,0.04,9.41,MIN_PROFIT_TP_HIT,0.1982
1548,TRUMP_USDT,SHORT,StochasticRSI(FAST_SCALP-SHORT),2,0.2,1.592,1.597,1.59,1.597,2026-07-21 04:23:59 UTC,2026-07-21 05:04:11 UTC,2411.91,0.3184,0.0042,0.0,-0.001,-0.09,-23.56,STOP_LOSS_HIT,0.1972
1549,TRUMP_USDT,SHORT,StochasticRSI(FAST_SCALP-SHORT),2,0.2,1.596,1.601,1.594,1.601,2026-07-21 05:13:59 UTC,2026-07-21 05:25:43 UTC,703.3,0.3192,0.0043,0.0,-0.001,-0.09,-23.5,STOP_LOSS_HIT,0.1962
1550,TRUMP_USDT,SHORT,StochasticRSI(FAST_SCALP-SHORT),2,0.2,1.602,1.6,1.6,1.607,2026-07-21 05:28:59 UTC,2026-07-21 05:31:24 UTC,144.4,0.3204,0.0043,0.0,0.0004,0.04,9.36,MIN_PROFIT_TP_HIT,0.1966
1551,TRUMP_USDT,SHORT,StochasticRSI(FAST_SCALP-SHORT),2,0.2,1.605,1.603,1.603,1.61,2026-07-21 05:52:59 UTC,2026-07-21 05:53:40 UTC,40.52,0.321,0.0043,0.0,0.0004,0.04,9.35,MIN_PROFIT_TP_HIT,0.197
1552,TRUMP_USDT,SHORT,StochasticRSI(FAST_SCALP-SHORT),2,0.2,1.605,1.603,1.603,1.61,2026-07-21 06:04:59 UTC,2026-07-21 06:07:15 UTC,135.38,0.321,0.0043,0.0,0.0004,0.04,9.35,MIN_PROFIT_TP_HIT,0.1974
1553,TRUMP_USDT,SHORT,StochasticRSI(FAST_SCALP-SHORT),2,0.2,1.599,1.604,1.597,1.604,2026-07-21 06:27:59 UTC,2026-07-21 06:35:37 UTC,457.3,0.3198,0.0043,0.0,-0.001,-0.09,-23.45,STOP_LOSS_HIT,0.1964
1554,TRUMP_USDT,SHORT,StochasticRSI(FAST_SCALP-SHORT),2,0.2,1.601,1.599,1.599,1.606,2026-07-21 06:38:59 UTC,2026-07-21 06:45:49 UTC,409.09,0.3202,0.0043,0.0,0.0004,0.04,9.37,MIN_PROFIT_TP_HIT,0.1968
1555,TRUMP_USDT,SHORT,StochasticRSI(FAST_SCALP-SHORT),2,0.2,1.599,1.604,1.597,1.604,2026-07-21 06:52:59 UTC,2026-07-21 07:11:28 UTC,1108.12,0.3198,0.0043,0.0,-0.001,-0.09,-23.45,STOP_LOSS_HIT,0.1958
1556,TRUMP_USDT,SHORT,StochasticRSI(FAST_SCALP-SHORT),2,0.2,1.596,1.601,1.594,1.601,2026-07-21 07:31:59 UTC,2026-07-21 07:37:17 UTC,317.07,0.3192,0.0043,0.0,-0.001,-0.09,-23.5,STOP_LOSS_HIT,0.1948
1557,TRUMP_USDT,SHORT,StochasticRSI(FAST_SCALP-SHORT),2,0.2,1.6,1.598,1.598,1.605,2026-07-21 07:38:59 UTC,2026-07-21 07:43:27 UTC,267.54,0.32,0.0043,0.0,0.0004,0.04,9.38,MIN_PROFIT_TP_HIT,0.1952
1558,TRUMP_USDT,SHORT,StochasticRSI(FAST_SCALP-SHORT),2,0.2,1.598,1.596,1.596,1.603,2026-07-21 07:59:59 UTC,2026-07-21 08:01:51 UTC,111.0,0.3196,0.0043,0.0,0.0004,0.04,9.39,MIN_PROFIT_TP_HIT,0.1956
1559,TRUMP_USDT,SHORT,StochasticRSI(FAST_SCALP-SHORT),2,0.2,1.595,1.6,1.593,1.6,2026-07-21 08:39:59 UTC,2026-07-21 08:55:52 UTC,952.28,0.319,0.0043,0.0,-0.001,-0.09,-23.51,STOP_LOSS_HIT,0.1946
1560,TRUMP_USDT,SHORT,StochasticRSI(FAST_SCALP-SHORT),2,0.2,1.599,1.597,1.597,1.604,2026-07-21 09:00:59 UTC,2026-07-21 09:04:30 UTC,210.85,0.3198,0.0043,0.0,0.0004,0.04,9.38,MIN_PROFIT_TP_HIT,0.195
1561,TRUMP_USDT,SHORT,StochasticRSI(FAST_SCALP-SHORT),2,0.2,1.596,1.594,1.594,1.601,2026-07-21 09:19:59 UTC,2026-07-21 09:20:32 UTC,32.31,0.3192,0.0043,0.0,0.0004,0.04,9.4,MIN_PROFIT_TP_HIT,0.1954
1562,TRUMP_USDT,SHORT,StochasticRSI(FAST_SCALP-SHORT),2,0.2,1.595,1.593,1.593,1.6,2026-07-21 09:35:59 UTC,2026-07-21 09:38:59 UTC,179.82,0.319,0.0043,0.0,0.0004,0.04,9.4,MIN_PROFIT_TP_HIT,0.1958
1563,TRUMP_USDT,SHORT,StochasticRSI(FAST_SCALP-SHORT),2,0.2,1.598,1.596,1.596,1.603,2026-07-21 09:49:59 UTC,2026-07-21 09:50:38 UTC,38.47,0.3196,0.0043,0.0,0.0004,0.04,9.39,MIN_PROFIT_TP_HIT,0.1962
1564,TRUMP_USDT,SHORT,StochasticRSI(FAST_SCALP-SHORT),2,0.2,1.595,1.593,1.593,1.6,2026-07-21 10:05:59 UTC,2026-07-21 10:10:02 UTC,242.17,0.319,0.0043,0.0,0.0004,0.04,9.4,MIN_PROFIT_TP_HIT,0.1966
1565,TRUMP_USDT,SHORT,StochasticRSI(FAST_SCALP-SHORT),2,0.2,1.593,1.598,1.591,1.598,2026-07-21 10:20:59 UTC,2026-07-21 10:26:20 UTC,320.17,0.3186,0.0042,0.0,-0.001,-0.09,-23.54,STOP_LOSS_HIT,0.1956
1566,TRUMP_USDT,SHORT,StochasticRSI(FAST_SCALP-SHORT),2,0.2,1.597,1.602,1.595,1.602,2026-07-21 10:28:59 UTC,2026-07-21 10:35:39 UTC,399.47,0.3194,0.0043,0.0,-0.001,-0.09,-23.48,STOP_LOSS_HIT,0.1946
1567,TRUMP_USDT,SHORT,StochasticRSI(FAST_SCALP-SHORT),2,0.2,1.6,1.598,1.598,1.605,2026-07-21 10:37:59 UTC,2026-07-21 10:41:12 UTC,192.71,0.32,0.0043,0.0,0.0004,0.04,9.38,MIN_PROFIT_TP_HIT,0.195
1568,TRUMP_USDT,SHORT,StochasticRSI(FAST_SCALP-SHORT),2,0.2,1.595,1.593,1.593,1.6,2026-07-21 10:50:59 UTC,2026-07-21 10:51:20 UTC,20.31,0.319,0.0043,0.0,0.0004,0.04,9.4,MIN_PROFIT_TP_HIT,0.1954
1569,TRUMP_USDT,SHORT,StochasticRSI(FAST_SCALP-SHORT),2,0.2,1.594,1.592,1.592,1.599,2026-07-21 11:05:59 UTC,2026-07-21 11:09:31 UTC,211.09,0.3188,0.0043,0.0,0.0004,0.04,9.41,MIN_PROFIT_TP_HIT,0.1958
1570,TRUMP_USDT,SHORT,StochasticRSI(FAST_SCALP-SHORT),2,0.2,1.594,1.599,1.592,1.599,2026-07-21 11:22:59 UTC,2026-07-21 11:34:36 UTC,696.27,0.3188,0.0043,0.0,-0.001,-0.09,-23.53,STOP_LOSS_HIT,0.1948
1571,TRUMP_USDT,SHORT,StochasticRSI(FAST_SCALP-SHORT),2,0.2,1.598,1.596,1.596,1.603,2026-07-21 11:39:59 UTC,2026-07-21 11:59:11 UTC,1151.4,0.3196,0.0043,0.0,0.0004,0.04,9.39,MIN_PROFIT_TP_HIT,0.1952
1572,TRUMP_USDT,SHORT,StochasticRSI(FAST_SCALP-SHORT),2,0.2,1.601,1.599,1.599,1.606,2026-07-21 12:12:59 UTC,2026-07-21 12:15:57 UTC,177.64,0.3202,0.0043,0.0,0.0004,0.04,9.37,MIN_PROFIT_TP_HIT,0.1956
1573,TRUMP_USDT,SHORT,StochasticRSI(FAST_SCALP-SHORT),2,0.2,1.601,1.599,1.599,1.606,2026-07-21 12:40:59 UTC,2026-07-21 12:41:55 UTC,55.36,0.3202,0.0043,0.0,0.0004,0.04,9.37,MIN_PROFIT_TP_HIT,0.196
1574,TRUMP_USDT,SHORT,StochasticRSI(FAST_SCALP-SHORT),2,0.2,1.601,1.599,1.599,1.606,2026-07-21 12:52:59 UTC,2026-07-21 13:02:34 UTC,574.58,0.3202,0.0043,0.0,0.0004,0.04,9.37,MIN_PROFIT_TP_HIT,0.1964
1575,TRUMP_USDT,SHORT,StochasticRSI(FAST_SCALP-SHORT),2,0.2,1.6,1.598,1.598,1.605,2026-07-21 13:23:59 UTC,2026-07-21 13:25:12 UTC,72.8,0.32,0.0043,0.0,0.0004,0.04,9.38,MIN_PROFIT_TP_HIT,0.1968
1576,TRUMP_USDT,SHORT,StochasticRSI(FAST_SCALP-SHORT),2,0.2,1.601,1.606,1.599,1.606,2026-07-21 13:27:59 UTC,2026-07-21 13:38:16 UTC,616.12,0.3202,0.0043,0.0,-0.001,-0.09,-23.42,STOP_LOSS_HIT,0.1958
1577,TRUMP_USDT,SHORT,StochasticRSI(FAST_SCALP-SHORT),2,0.2,1.606,1.604,1.604,1.611,2026-07-21 13:52:59 UTC,2026-07-21 13:56:27 UTC,207.54,0.3212,0.0043,0.0,0.0004,0.04,9.34,MIN_PROFIT_TP_HIT,0.1962
1578,TRUMP_USDT,SHORT,StochasticRSI(FAST_SCALP-SHORT),2,0.2,1.601,1.599,1.599,1.606,2026-07-21 14:37:59 UTC,2026-07-21 14:41:47 UTC,227.52,0.3202,0.0043,0.0,0.0004,0.04,9.37,MIN_PROFIT_TP_HIT,0.1966
1579,TRUMP_USDT,SHORT,StochasticRSI(FAST_SCALP-SHORT),2,0.2,1.603,1.601,1.601,1.608,2026-07-21 14:42:59 UTC,2026-07-21 14:52:17 UTC,557.14,0.3206,0.0043,0.0,0.0004,0.04,9.36,MIN_PROFIT_TP_HIT,0.197
1580,TRUMP_USDT,SHORT,StochasticRSI(FAST_SCALP-SHORT),2,0.2,1.603,1.608,1.601,1.608,2026-07-21 15:02:59 UTC,2026-07-21 15:12:02 UTC,542.38,0.3206,0.0043,0.0,-0.001,-0.09,-23.39,STOP_LOSS_HIT,0.196
1581,TRUMP_USDT,SHORT,StochasticRSI(FAST_SCALP-SHORT),2,0.2,1.608,1.606,1.606,1.613,2026-07-21 15:39:59 UTC,2026-07-21 15:40:08 UTC,8.23,0.3216,0.0043,0.0,0.0004,0.04,9.33,MIN_PROFIT_TP_HIT,0.1964
1582,TRUMP_USDT,SHORT,StochasticRSI(FAST_SCALP-SHORT),2,0.2,1.61,1.608,1.608,1.615,2026-07-21 15:52:59 UTC,2026-07-21 15:53:12 UTC,12.96,0.322,0.0043,0.0,0.0004,0.04,9.32,MIN_PROFIT_TP_HIT,0.1968
1583,TRUMP_USDT,SHORT,StochasticRSI(FAST_SCALP-SHORT),2,0.2,1.611,1.609,1.609,1.616,2026-07-21 15:56:59 UTC,2026-07-21 15:58:03 UTC,63.31,0.3222,0.0043,0.0,0.0004,0.04,9.31,MIN_PROFIT_TP_HIT,0.1972
1584,TRUMP_USDT,SHORT,StochasticRSI(FAST_SCALP-SHORT),2,0.2,1.609,1.607,1.607,1.614,2026-07-21 15:59:59 UTC,2026-07-21 16:00:06 UTC,6.95,0.3218,0.0043,0.0,0.0004,0.04,9.32,MIN_PROFIT_TP_HIT,0.1976
1585,TRUMP_USDT,SHORT,StochasticRSI(FAST_SCALP-SHORT),2,0.2,1.601,1.599,1.599,1.606,2026-07-21 16:22:59 UTC,2026-07-21 16:24:39 UTC,99.52,0.3202,0.0043,0.0,0.0004,0.04,9.37,MIN_PROFIT_TP_HIT,0.198
1586,TRUMP_USDT,SHORT,StochasticRSI(FAST_SCALP-SHORT),2,0.2,1.599,1.604,1.597,1.604,2026-07-21 16:25:59 UTC,2026-07-21 16:34:48 UTC,528.03,0.3198,0.0043,0.0,-0.001,-0.09,-23.45,STOP_LOSS_HIT,0.197
1587,TRUMP_USDT,SHORT,StochasticRSI(FAST_SCALP-SHORT),2,0.2,1.604,1.602,1.602,1.609,2026-07-21 17:00:59 UTC,2026-07-21 17:06:22 UTC,322.1,0.3208,0.0043,0.0,0.0004,0.04,9.35,MIN_PROFIT_TP_HIT,0.1974
1588,TRUMP_USDT,SHORT,StochasticRSI(FAST_SCALP-SHORT),2,0.2,1.597,1.595,1.595,1.602,2026-07-21 17:20:59 UTC,2026-07-21 17:28:19 UTC,439.53,0.3194,0.0043,0.0,0.0004,0.04,9.39,MIN_PROFIT_TP_HIT,0.1978
1589,TRUMP_USDT,SHORT,StochasticRSI(FAST_SCALP-SHORT),2,0.2,1.6,1.598,1.598,1.605,2026-07-21 17:41:59 UTC,2026-07-21 17:46:55 UTC,295.77,0.32,0.0043,0.0,0.0004,0.04,9.38,MIN_PROFIT_TP_HIT,0.1982
1590,TRUMP_USDT,SHORT,StochasticRSI(FAST_SCALP-SHORT),2,0.2,1.599,1.597,1.597,1.604,2026-07-21 18:08:59 UTC,2026-07-21 18:24:49 UTC,949.05,0.3198,0.0043,0.0,0.0004,0.04,9.38,MIN_PROFIT_TP_HIT,0.1986
1591,TRUMP_USDT,SHORT,StochasticRSI(FAST_SCALP-SHORT),2,0.2,1.602,1.6,1.6,1.607,2026-07-21 18:38:59 UTC,2026-07-21 18:39:36 UTC,36.22,0.3204,0.0043,0.0,0.0004,0.04,9.36,MIN_PROFIT_TP_HIT,0.199
1592,TRUMP_USDT,SHORT,StochasticRSI(FAST_SCALP-SHORT),2,0.2,1.598,1.596,1.596,1.603,2026-07-21 19:09:59 UTC,2026-07-21 19:13:16 UTC,196.36,0.3196,0.0043,0.0,0.0004,0.04,9.39,MIN_PROFIT_TP_HIT,0.1994
1593,TRUMP_USDT,SHORT,StochasticRSI(FAST_SCALP-SHORT),2,0.2,1.596,1.601,1.594,1.601,2026-07-21 19:21:59 UTC,2026-07-21 19:22:24 UTC,24.27,0.3192,0.0043,0.0,-0.001,-0.09,-23.5,STOP_LOSS_HIT,0.1984
1594,TRUMP_USDT,SHORT,StochasticRSI(FAST_SCALP-SHORT),2,0.2,1.599,1.597,1.597,1.604,2026-07-21 19:28:59 UTC,2026-07-21 19:29:10 UTC,10.31,0.3198,0.0043,0.0,0.0004,0.04,9.38,MIN_PROFIT_TP_HIT,0.1988
1595,TRUMP_USDT,SHORT,StochasticRSI(FAST_SCALP-SHORT),2,0.2,1.603,1.601,1.601,1.608,2026-07-21 19:50:59 UTC,2026-07-21 19:51:30 UTC,30.77,0.3206,0.0043,0.0,0.0004,0.04,9.36,MIN_PROFIT_TP_HIT,0.1992
1596,TRUMP_USDT,SHORT,StochasticRSI(FAST_SCALP-SHORT),2,0.2,1.598,1.596,1.596,1.603,2026-07-21 20:34:59 UTC,2026-07-21 20:40:26 UTC,326.45,0.3196,0.0043,0.0,0.0004,0.04,9.39,MIN_PROFIT_TP_HIT,0.1996
1597,TRUMP_USDT,SHORT,StochasticRSI(FAST_SCALP-SHORT),2,0.2,1.593,1.598,1.591,1.598,2026-07-21 21:11:59 UTC,2026-07-21 21:40:00 UTC,1680.48,0.3186,0.0042,0.0,-0.001,-0.09,-23.54,STOP_LOSS_HIT,0.1986
1598,TRUMP_USDT,SHORT,StochasticRSI(FAST_SCALP-SHORT),2,0.2,1.596,1.594,1.594,1.601,2026-07-21 21:42:59 UTC,2026-07-21 21:46:33 UTC,213.48,0.3192,0.0043,0.0,0.0004,0.04,9.4,MIN_PROFIT_TP_HIT,0.199
1599,TRUMP_USDT,SHORT,StochasticRSI(FAST_SCALP-SHORT),2,0.2,1.596,1.594,1.594,1.601,2026-07-21 22:00:59 UTC,2026-07-21 22:01:34 UTC,34.43,0.3192,0.0043,0.0,0.0004,0.04,9.4,MIN_PROFIT_TP_HIT,0.1994
1600,TRUMP_USDT,SHORT,StochasticRSI(FAST_SCALP-SHORT),2,0.2,1.596,1.594,1.594,1.601,2026-07-21 22:13:59 UTC,2026-07-21 22:46:04 UTC,1924.03,0.3192,0.0043,0.0,0.0004,0.04,9.4,MIN_PROFIT_TP_HIT,0.1998
1601,TRUMP_USDT,SHORT,StochasticRSI(FAST_SCALP-SHORT),2,0.2,1.587,1.592,1.585,1.592,2026-07-21 23:21:59 UTC,2026-07-21 23:32:05 UTC,605.78,0.3174,0.0042,0.0,-0.001,-0.09,-23.63,STOP_LOSS_HIT,0.1988
1602,TRUMP_USDT,SHORT,StochasticRSI(FAST_SCALP-SHORT),2,0.2,1.588,1.593,1.586,1.593,2026-07-21 23:52:59 UTC,2026-07-22 00:09:54 UTC,1014.4,0.3176,0.0042,0.0,-0.001,-0.09,-23.61,STOP_LOSS_HIT,0.1978
1603,TRUMP_USDT,SHORT,StochasticRSI(FAST_SCALP-SHORT),2,0.2,1.593,1.591,1.591,1.598,2026-07-22 00:11:59 UTC,2026-07-22 00:13:27 UTC,87.25,0.3186,0.0042,0.0,0.0004,0.04,9.42,MIN_PROFIT_TP_HIT,0.1982
1604,TRUMP_USDT,SHORT,StochasticRSI(FAST_SCALP-SHORT),2,0.2,1.594,1.592,1.592,1.599,2026-07-22 00:24:59 UTC,2026-07-22 00:29:03 UTC,243.24,0.3188,0.0043,0.0,0.0004,0.04,9.41,MIN_PROFIT_TP_HIT,0.1986
1605,TRUMP_USDT,SHORT,StochasticRSI(FAST_SCALP-SHORT),2,0.2,1.591,1.589,1.589,1.596,2026-07-22 01:02:59 UTC,2026-07-22 01:14:52 UTC,712.96,0.3182,0.0042,0.0,0.0004,0.04,9.43,MIN_PROFIT_TP_HIT,0.199
1606,TRUMP_USDT,SHORT,StochasticRSI(FAST_SCALP-SHORT),2,0.2,1.584,1.582,1.582,1.589,2026-07-22 01:31:59 UTC,2026-07-22 01:41:26 UTC,566.03,0.3168,0.0042,0.0,0.0004,0.04,9.47,MIN_PROFIT_TP_HIT,0.1994
1607,TRUMP_USDT,SHORT,StochasticRSI(FAST_SCALP-SHORT),2,0.2,1.585,1.583,1.583,1.59,2026-07-22 01:50:59 UTC,2026-07-22 02:00:41 UTC,581.04,0.317,0.0042,0.0,0.0004,0.04,9.46,MIN_PROFIT_TP_HIT,0.1998
1608,TRUMP_USDT,SHORT,StochasticRSI(FAST_SCALP-SHORT),2,0.2,1.583,1.581,1.581,1.588,2026-07-22 02:21:59 UTC,2026-07-22 02:35:26 UTC,806.98,0.3166,0.0042,0.0,0.0004,0.04,9.48,MIN_PROFIT_TP_HIT,0.2002
1609,TRUMP_USDT,SHORT,StochasticRSI(FAST_SCALP-SHORT),2,0.2,1.582,1.58,1.58,1.587,2026-07-22 02:44:59 UTC,2026-07-22 02:51:20 UTC,381.0,0.3164,0.0042,0.0,0.0004,0.04,9.48,MIN_PROFIT_TP_HIT,0.2006
1610,TRUMP_USDT,SHORT,StochasticRSI(FAST_SCALP-SHORT),2,0.2,1.583,1.581,1.581,1.588,2026-07-22 03:03:59 UTC,2026-07-22 03:09:10 UTC,310.78,0.3166,0.0042,0.0,0.0004,0.04,9.48,MIN_PROFIT_TP_HIT,0.201
1611,TRUMP_USDT,SHORT,StochasticRSI(FAST_SCALP-SHORT),2,0.2,1.584,1.582,1.582,1.589,2026-07-22 03:23:59 UTC,2026-07-22 03:58:29 UTC,2069.4,0.3168,0.0042,0.0,0.0004,0.04,9.47,MIN_PROFIT_TP_HIT,0.2014
1612,TRUMP_USDT,SHORT,StochasticRSI(FAST_SCALP-SHORT),2,0.2,1.589,1.587,1.587,1.594,2026-07-22 04:10:59 UTC,2026-07-22 04:18:22 UTC,442.02,0.3178,0.0042,0.0,0.0004,0.04,9.44,MIN_PROFIT_TP_HIT,0.2018
1613,TRUMP_USDT,SHORT,StochasticRSI(FAST_SCALP-SHORT),2,0.2,1.588,1.593,1.586,1.593,2026-07-22 04:25:59 UTC,2026-07-22 04:43:17 UTC,1037.45,0.3176,0.0042,0.0,-0.001,-0.09,-23.61,STOP_LOSS_HIT,0.2008
1614,TRUMP_USDT,SHORT,StochasticRSI(FAST_SCALP-SHORT),2,0.2,1.591,1.589,1.589,1.596,2026-07-22 04:47:59 UTC,2026-07-22 05:00:44 UTC,764.62,0.3182,0.0042,0.0,0.0004,0.04,9.43,MIN_PROFIT_TP_HIT,0.2012
1615,TRUMP_USDT,SHORT,StochasticRSI(FAST_SCALP-SHORT),2,0.2,1.585,1.583,1.583,1.59,2026-07-22 05:30:59 UTC,2026-07-22 05:32:00 UTC,60.83,0.317,0.0042,0.0,0.0004,0.04,9.46,MIN_PROFIT_TP_HIT,0.2016
1616,TRUMP_USDT,SHORT,StochasticRSI(FAST_SCALP-SHORT),2,0.2,1.584,1.582,1.582,1.589,2026-07-22 05:37:59 UTC,2026-07-22 05:39:22 UTC,82.58,0.3168,0.0042,0.0,0.0004,0.04,9.47,MIN_PROFIT_TP_HIT,0.202
1617,TRUMP_USDT,SHORT,StochasticRSI(FAST_SCALP-SHORT),2,0.2,1.588,1.586,1.586,1.593,2026-07-22 05:49:59 UTC,2026-07-22 05:56:24 UTC,384.28,0.3176,0.0042,0.0,0.0004,0.04,9.45,MIN_PROFIT_TP_HIT,0.2024
1618,TRUMP_USDT,SHORT,StochasticRSI(FAST_SCALP-SHORT),2,0.2,1.585,1.583,1.583,1.59,2026-07-22 06:14:59 UTC,2026-07-22 06:19:08 UTC,248.34,0.317,0.0042,0.0,0.0004,0.04,9.46,MIN_PROFIT_TP_HIT,0.2028
1619,TRUMP_USDT,SHORT,StochasticRSI(FAST_SCALP-SHORT),2,0.2,1.582,1.587,1.58,1.587,2026-07-22 06:28:59 UTC,2026-07-22 06:35:05 UTC,365.28,0.3164,0.0042,0.0,-0.001,-0.09,-23.7,STOP_LOSS_HIT,0.2018
1620,TRUMP_USDT,SHORT,StochasticRSI(FAST_SCALP-SHORT),2,0.2,1.589,1.587,1.587,1.594,2026-07-22 06:39:59 UTC,2026-07-22 06:45:07 UTC,307.4,0.3178,0.0042,0.0,0.0004,0.04,9.44,MIN_PROFIT_TP_HIT,0.2022
1621,TRUMP_USDT,SHORT,StochasticRSI(FAST_SCALP-SHORT),2,0.2,1.585,1.583,1.583,1.59,2026-07-22 07:19:59 UTC,2026-07-22 07:31:15 UTC,675.78,0.317,0.0042,0.0,0.0004,0.04,9.46,MIN_PROFIT_TP_HIT,0.2026
1622,TRUMP_USDT,SHORT,StochasticRSI(FAST_SCALP-SHORT),2,0.2,1.583,1.588,1.581,1.588,2026-07-22 07:49:59 UTC,2026-07-22 08:00:40 UTC,640.58,0.3166,0.0042,0.0,-0.001,-0.09,-23.69,STOP_LOSS_HIT,0.2016
1623,TRUMP_USDT,SHORT,StochasticRSI(FAST_SCALP-SHORT),2,0.2,1.6,1.598,1.598,1.605,2026-07-22 08:10:59 UTC,2026-07-22 08:11:01 UTC,1.05,0.32,0.0043,0.0,0.0004,0.04,9.38,MIN_PROFIT_TP_HIT,0.202
1624,TRUMP_USDT,SHORT,StochasticRSI(FAST_SCALP-SHORT),2,0.2,1.597,1.595,1.595,1.602,2026-07-22 08:25:59 UTC,2026-07-22 08:26:16 UTC,16.31,0.3194,0.0043,0.0,0.0004,0.04,9.39,MIN_PROFIT_TP_HIT,0.2024
1625,TRUMP_USDT,SHORT,StochasticRSI(FAST_SCALP-SHORT),2,0.2,1.593,1.591,1.591,1.598,2026-07-22 08:50:59 UTC,2026-07-22 08:51:02 UTC,2.61,0.3186,0.0042,0.0,0.0004,0.04,9.42,MIN_PROFIT_TP_HIT,0.2028
1626,TRUMP_USDT,SHORT,StochasticRSI(FAST_SCALP-SHORT),2,0.2,1.592,1.597,1.59,1.597,2026-07-22 08:56:59 UTC,2026-07-22 09:06:17 UTC,557.17,0.3184,0.0042,0.0,-0.001,-0.09,-23.56,STOP_LOSS_HIT,0.2018
1627,TRUMP_USDT,SHORT,StochasticRSI(FAST_SCALP-SHORT),2,0.2,1.599,1.597,1.597,1.604,2026-07-22 09:22:59 UTC,2026-07-22 09:23:49 UTC,49.82,0.3198,0.0043,0.0,0.0004,0.04,9.38,MIN_PROFIT_TP_HIT,0.2022
1628,TRUMP_USDT,SHORT,StochasticRSI(FAST_SCALP-SHORT),2,0.2,1.601,1.599,1.599,1.606,2026-07-22 09:30:59 UTC,2026-07-22 09:33:44 UTC,164.19,0.3202,0.0043,0.0,0.0004,0.04,9.37,MIN_PROFIT_TP_HIT,0.2026
1629,TRUMP_USDT,SHORT,StochasticRSI(FAST_SCALP-SHORT),2,0.2,1.601,1.606,1.599,1.606,2026-07-22 09:47:59 UTC,2026-07-22 10:07:28 UTC,1168.04,0.3202,0.0043,0.0,-0.001,-0.09,-23.42,STOP_LOSS_HIT,0.2016
1630,TRUMP_USDT,SHORT,StochasticRSI(FAST_SCALP-SHORT),2,0.2,1.603,1.601,1.601,1.608,2026-07-22 10:11:59 UTC,2026-07-22 10:12:54 UTC,54.39,0.3206,0.0043,0.0,0.0004,0.04,9.36,MIN_PROFIT_TP_HIT,0.202
1631,TRUMP_USDT,SHORT,StochasticRSI(FAST_SCALP-SHORT),2,0.2,1.603,1.601,1.601,1.608,2026-07-22 10:31:59 UTC,2026-07-22 11:06:16 UTC,2056.07,0.3206,0.0043,0.0,0.0004,0.04,9.36,MIN_PROFIT_TP_HIT,0.2024
1632,TRUMP_USDT,SHORT,StochasticRSI(FAST_SCALP-SHORT),2,0.2,1.599,1.597,1.597,1.604,2026-07-22 11:20:59 UTC,2026-07-22 11:30:23 UTC,563.4,0.3198,0.0043,0.0,0.0004,0.04,9.38,MIN_PROFIT_TP_HIT,0.2028
1633,TRUMP_USDT,SHORT,StochasticRSI(FAST_SCALP-SHORT),2,0.2,1.598,1.596,1.596,1.603,2026-07-22 11:41:59 UTC,2026-07-22 11:42:47 UTC,47.1,0.3196,0.0043,0.0,0.0004,0.04,9.39,MIN_PROFIT_TP_HIT,0.2032
1634,TRUMP_USDT,SHORT,StochasticRSI(FAST_SCALP-SHORT),2,0.2,1.601,1.599,1.599,1.606,2026-07-22 11:50:59 UTC,2026-07-22 12:02:36 UTC,696.14,0.3202,0.0043,0.0,0.0004,0.04,9.37,MIN_PROFIT_TP_HIT,0.2036
1635,TRUMP_USDT,SHORT,StochasticRSI(FAST_SCALP-SHORT),2,0.2,1.6,1.598,1.598,1.605,2026-07-22 12:03:59 UTC,2026-07-22 12:06:21 UTC,141.06,0.32,0.0043,0.0,0.0004,0.04,9.38,MIN_PROFIT_TP_HIT,0.204
1636,TRUMP_USDT,SHORT,StochasticRSI(FAST_SCALP-SHORT),2,0.2,1.595,1.593,1.593,1.6,2026-07-22 12:18:59 UTC,2026-07-22 12:35:53 UTC,1013.62,0.319,0.0043,0.0,0.0004,0.04,9.4,MIN_PROFIT_TP_HIT,0.2044
1637,TRUMP_USDT,SHORT,StochasticRSI(FAST_SCALP-SHORT),2,0.2,1.594,1.592,1.592,1.599,2026-07-22 12:44:59 UTC,2026-07-22 12:45:43 UTC,43.69,0.3188,0.0043,0.0,0.0004,0.04,9.41,MIN_PROFIT_TP_HIT,0.2048
1638,TRUMP_USDT,SHORT,StochasticRSI(FAST_SCALP-SHORT),2,0.2,1.589,1.587,1.587,1.594,2026-07-22 12:50:59 UTC,2026-07-22 12:51:09 UTC,9.52,0.3178,0.0042,0.0,0.0004,0.04,9.44,MIN_PROFIT_TP_HIT,0.2052
1639,TRUMP_USDT,SHORT,StochasticRSI(FAST_SCALP-SHORT),2,0.2,1.59,1.588,1.588,1.595,2026-07-22 13:04:59 UTC,2026-07-22 13:26:47 UTC,1307.36,0.318,0.0042,0.0,0.0004,0.04,9.43,MIN_PROFIT_TP_HIT,0.2056
1640,TRUMP_USDT,SHORT,StochasticRSI(FAST_SCALP-SHORT),2,0.2,1.594,1.592,1.592,1.599,2026-07-22 13:37:59 UTC,2026-07-22 13:38:53 UTC,53.08,0.3188,0.0043,0.0,0.0004,0.04,9.41,MIN_PROFIT_TP_HIT,0.206
1641,TRUMP_USDT,SHORT,StochasticRSI(FAST_SCALP-SHORT),2,0.2,1.597,1.595,1.595,1.602,2026-07-22 13:41:59 UTC,2026-07-22 13:47:53 UTC,353.14,0.3194,0.0043,0.0,0.0004,0.04,9.39,MIN_PROFIT_TP_HIT,0.2064
1642,TRUMP_USDT,SHORT,StochasticRSI(FAST_SCALP-SHORT),2,0.2,1.597,1.602,1.595,1.602,2026-07-22 14:02:59 UTC,2026-07-22 14:05:04 UTC,124.03,0.3194,0.0043,0.0,-0.001,-0.09,-23.48,STOP_LOSS_HIT,0.2054
1643,TRUMP_USDT,SHORT,StochasticRSI(FAST_SCALP-SHORT),2,0.2,1.599,1.597,1.597,1.604,2026-07-22 14:08:59 UTC,2026-07-22 14:09:12 UTC,12.38,0.3198,0.0043,0.0,0.0004,0.04,9.38,MIN_PROFIT_TP_HIT,0.2058
1644,TRUMP_USDT,SHORT,StochasticRSI(FAST_SCALP-SHORT),2,0.2,1.595,1.593,1.593,1.6,2026-07-22 14:35:59 UTC,2026-07-22 14:40:52 UTC,292.79,0.319,0.0043,0.0,0.0004,0.04,9.4,MIN_PROFIT_TP_HIT,0.2062
1645,TRUMP_USDT,SHORT,StochasticRSI(FAST_SCALP-SHORT),2,0.2,1.597,1.595,1.595,1.602,2026-07-22 14:49:59 UTC,2026-07-22 14:51:11 UTC,71.46,0.3194,0.0043,0.0,0.0004,0.04,9.39,MIN_PROFIT_TP_HIT,0.2066
1646,TRUMP_USDT,SHORT,StochasticRSI(FAST_SCALP-SHORT),2,0.2,1.601,1.599,1.599,1.606,2026-07-22 15:02:59 UTC,2026-07-22 15:05:28 UTC,148.98,0.3202,0.0043,0.0,0.0004,0.04,9.37,MIN_PROFIT_TP_HIT,0.207
1647,TRUMP_USDT,SHORT,StochasticRSI(FAST_SCALP-SHORT),2,0.2,1.6,1.605,1.598,1.605,2026-07-22 15:06:59 UTC,2026-07-22 15:19:34 UTC,754.51,0.32,0.0043,0.0,-0.001,-0.09,-23.44,STOP_LOSS_HIT,0.206
1648,TRUMP_USDT,SHORT,StochasticRSI(FAST_SCALP-SHORT),2,0.2,1.604,1.602,1.602,1.609,2026-07-22 15:22:59 UTC,2026-07-22 15:29:02 UTC,362.1,0.3208,0.0043,0.0,0.0004,0.04,9.35,MIN_PROFIT_TP_HIT,0.2064
1649,TRUMP_USDT,SHORT,StochasticRSI(FAST_SCALP-SHORT),2,0.2,1.602,1.6,1.6,1.607,2026-07-22 15:51:59 UTC,2026-07-22 15:53:02 UTC,62.78,0.3204,0.0043,0.0,0.0004,0.04,9.36,MIN_PROFIT_TP_HIT,0.2068
1650,TRUMP_USDT,SHORT,StochasticRSI(FAST_SCALP-SHORT),2,0.2,1.606,1.604,1.604,1.611,2026-07-22 16:01:59 UTC,2026-07-22 16:02:26 UTC,26.38,0.3212,0.0043,0.0,0.0004,0.04,9.34,MIN_PROFIT_TP_HIT,0.2072
1651,TRUMP_USDT,SHORT,StochasticRSI(FAST_SCALP-SHORT),2,0.2,1.605,1.603,1.603,1.61,2026-07-22 16:03:59 UTC,2026-07-22 16:09:54 UTC,354.18,0.321,0.0043,0.0,0.0004,0.04,9.35,MIN_PROFIT_TP_HIT,0.2076
1652,TRUMP_USDT,SHORT,StochasticRSI(FAST_SCALP-SHORT),2,0.2,1.604,1.602,1.602,1.609,2026-07-22 16:10:59 UTC,2026-07-22 16:11:32 UTC,32.84,0.3208,0.0043,0.0,0.0004,0.04,9.35,MIN_PROFIT_TP_HIT,0.208
1653,TRUMP_USDT,SHORT,StochasticRSI(FAST_SCALP-SHORT),2,0.2,1.591,1.596,1.589,1.596,2026-07-22 16:30:59 UTC,2026-07-22 16:31:48 UTC,48.6,0.3182,0.0042,0.0,-0.001,-0.09,-23.57,STOP_LOSS_HIT,0.207
1654,TRUMP_USDT,SHORT,StochasticRSI(FAST_SCALP-SHORT),2,0.2,1.601,1.599,1.599,1.606,2026-07-22 16:35:59 UTC,2026-07-22 16:40:51 UTC,291.64,0.3202,0.0043,0.0,0.0004,0.04,9.37,MIN_PROFIT_TP_HIT,0.2074
1655,TRUMP_USDT,SHORT,StochasticRSI(FAST_SCALP-SHORT),2,0.2,1.609,1.614,1.607,1.614,2026-07-22 16:55:59 UTC,2026-07-22 16:56:12 UTC,12.78,0.3218,0.0043,0.0,-0.001,-0.09,-23.31,STOP_LOSS_HIT,0.2064
1656,TRUMP_USDT,SHORT,StochasticRSI(FAST_SCALP-SHORT),2,0.2,1.611,1.616,1.609,1.616,2026-07-22 16:59:59 UTC,2026-07-22 17:03:07 UTC,187.53,0.3222,0.0043,0.0,-0.001,-0.09,-23.28,STOP_LOSS_HIT,0.2054
1657,TRUMP_USDT,SHORT,StochasticRSI(FAST_SCALP-SHORT),2,0.2,1.622,1.62,1.62,1.627,2026-07-22 17:37:59 UTC,2026-07-22 17:38:51 UTC,51.59,0.3244,0.0043,0.0,0.0004,0.04,9.25,MIN_PROFIT_TP_HIT,0.2058
1658,TRUMP_USDT,SHORT,StochasticRSI(FAST_SCALP-SHORT),2,0.2,1.619,1.624,1.617,1.624,2026-07-22 17:41:59 UTC,2026-07-22 17:43:22 UTC,82.64,0.3238,0.0043,0.0,-0.001,-0.09,-23.16,STOP_LOSS_HIT,0.2048
1659,TRUMP_USDT,SHORT,StochasticRSI(FAST_SCALP-SHORT),2,0.2,1.625,1.623,1.623,1.63,2026-07-22 17:47:59 UTC,2026-07-22 17:49:08 UTC,68.9,0.325,0.0043,0.0,0.0004,0.04,9.23,MIN_PROFIT_TP_HIT,0.2052
1660,TRUMP_USDT,SHORT,StochasticRSI(FAST_SCALP-SHORT),2,0.2,1.616,1.614,1.614,1.621,2026-07-22 18:22:59 UTC,2026-07-22 18:23:39 UTC,39.06,0.3232,0.0043,0.0,0.0004,0.04,9.28,MIN_PROFIT_TP_HIT,0.2056
1661,TRUMP_USDT,SHORT,StochasticRSI(FAST_SCALP-SHORT),2,0.2,1.618,1.616,1.616,1.623,2026-07-22 18:33:59 UTC,2026-07-22 18:34:26 UTC,26.32,0.3236,0.0043,0.0,0.0004,0.04,9.27,MIN_PROFIT_TP_HIT,0.206
1662,TRUMP_USDT,SHORT,StochasticRSI(FAST_SCALP-SHORT),2,0.2,1.614,1.612,1.612,1.619,2026-07-22 18:49:59 UTC,2026-07-22 18:50:10 UTC,10.55,0.3228,0.0043,0.0,0.0004,0.04,9.29,MIN_PROFIT_TP_HIT,0.2064
1663,TRUMP_USDT,SHORT,StochasticRSI(FAST_SCALP-SHORT),2,0.2,1.617,1.615,1.615,1.622,2026-07-22 18:59:59 UTC,2026-07-22 19:01:02 UTC,62.36,0.3234,0.0043,0.0,0.0004,0.04,9.28,MIN_PROFIT_TP_HIT,0.2068
1664,TRUMP_USDT,SHORT,StochasticRSI(FAST_SCALP-SHORT),2,0.2,1.611,1.609,1.609,1.616,2026-07-22 19:21:59 UTC,2026-07-22 19:29:50 UTC,470.04,0.3222,0.0043,0.0,0.0004,0.04,9.31,MIN_PROFIT_TP_HIT,0.2072
1665,TRUMP_USDT,SHORT,StochasticRSI(FAST_SCALP-SHORT),2,0.2,1.61,1.608,1.608,1.615,2026-07-22 19:39:59 UTC,2026-07-22 19:45:39 UTC,339.5,0.322,0.0043,0.0,0.0004,0.04,9.32,MIN_PROFIT_TP_HIT,0.2076
1666,TRUMP_USDT,SHORT,StochasticRSI(FAST_SCALP-SHORT),2,0.2,1.608,1.606,1.606,1.613,2026-07-22 19:54:59 UTC,2026-07-22 19:55:02 UTC,2.27,0.3216,0.0043,0.0,0.0004,0.04,9.33,MIN_PROFIT_TP_HIT,0.208
1667,TRUMP_USDT,SHORT,StochasticRSI(FAST_SCALP-SHORT),2,0.2,1.608,1.606,1.606,1.613,2026-07-22 20:05:59 UTC,2026-07-22 20:06:19 UTC,19.64,0.3216,0.0043,0.0,0.0004,0.04,9.33,MIN_PROFIT_TP_HIT,0.2084
1668,TRUMP_USDT,SHORT,StochasticRSI(FAST_SCALP-SHORT),2,0.2,1.611,1.616,1.609,1.616,2026-07-22 20:18:59 UTC,2026-07-22 20:25:20 UTC,380.4,0.3222,0.0043,0.0,-0.001,-0.09,-23.28,STOP_LOSS_HIT,0.2074
1669,TRUMP_USDT,SHORT,StochasticRSI(FAST_SCALP-SHORT),2,0.2,1.621,1.626,1.619,1.626,2026-07-22 20:28:59 UTC,2026-07-22 20:33:31 UTC,271.98,0.3242,0.0043,0.0,-0.001,-0.09,-23.13,STOP_LOSS_HIT,0.2064
1670,TRUMP_USDT,SHORT,StochasticRSI(FAST_SCALP-SHORT),2,0.2,1.622,1.62,1.62,1.627,2026-07-22 21:10:59 UTC,2026-07-22 21:12:07 UTC,67.97,0.3244,0.0043,0.0,0.0004,0.04,9.25,MIN_PROFIT_TP_HIT,0.2068
1671,TRUMP_USDT,SHORT,StochasticRSI(FAST_SCALP-SHORT),2,0.2,1.615,1.613,1.613,1.62,2026-07-22 21:50:59 UTC,2026-07-22 21:52:43 UTC,103.16,0.323,0.0043,0.0,0.0004,0.04,9.29,MIN_PROFIT_TP_HIT,0.2072
1672,TRUMP_USDT,SHORT,StochasticRSI(FAST_SCALP-SHORT),2,0.2,1.612,1.61,1.61,1.617,2026-07-22 22:01:59 UTC,2026-07-22 22:17:19 UTC,919.14,0.3224,0.0043,0.0,0.0004,0.04,9.31,MIN_PROFIT_TP_HIT,0.2076
1673,TRUMP_USDT,SHORT,StochasticRSI(FAST_SCALP-SHORT),2,0.2,1.613,1.611,1.611,1.618,2026-07-22 22:35:59 UTC,2026-07-22 22:36:49 UTC,49.03,0.3226,0.0043,0.0,0.0004,0.04,9.3,MIN_PROFIT_TP_HIT,0.208
1674,TRUMP_USDT,SHORT,StochasticRSI(FAST_SCALP-SHORT),2,0.2,1.614,1.612,1.612,1.619,2026-07-22 22:48:59 UTC,2026-07-22 23:00:12 UTC,672.71,0.3228,0.0043,0.0,0.0004,0.04,9.29,MIN_PROFIT_TP_HIT,0.2084
1675,TRUMP_USDT,SHORT,StochasticRSI(FAST_SCALP-SHORT),2,0.2,1.605,1.61,1.603,1.61,2026-07-22 23:20:59 UTC,2026-07-22 23:59:00 UTC,2280.82,0.321,0.0043,0.0,-0.001,-0.09,-23.36,STOP_LOSS_HIT,0.2074
1676,TRUMP_USDT,SHORT,StochasticRSI(FAST_SCALP-SHORT),2,0.2,1.609,1.614,1.607,1.614,2026-07-23 00:03:59 UTC,2026-07-23 00:19:46 UTC,946.55,0.3218,0.0043,0.0,-0.001,-0.09,-23.31,STOP_LOSS_HIT,0.2064
1677,TRUMP_USDT,SHORT,StochasticRSI(FAST_SCALP-SHORT),2,0.2,1.614,1.612,1.612,1.619,2026-07-23 00:25:59 UTC,2026-07-23 00:28:24 UTC,144.7,0.3228,0.0043,0.0,0.0004,0.04,9.29,MIN_PROFIT_TP_HIT,0.2068
1678,TRUMP_USDT,SHORT,StochasticRSI(FAST_SCALP-SHORT),2,0.2,1.599,1.597,1.597,1.604,2026-07-23 01:24:59 UTC,2026-07-23 01:25:12 UTC,12.13,0.3198,0.0043,0.0,0.0004,0.04,9.38,MIN_PROFIT_TP_HIT,0.2072
1679,TRUMP_USDT,SHORT,StochasticRSI(FAST_SCALP-SHORT),2,0.2,1.596,1.594,1.594,1.601,2026-07-23 01:38:59 UTC,2026-07-23 01:40:12 UTC,72.53,0.3192,0.0043,0.0,0.0004,0.04,9.4,MIN_PROFIT_TP_HIT,0.2076
1680,TRUMP_USDT,SHORT,StochasticRSI(FAST_SCALP-SHORT),2,0.2,1.595,1.593,1.593,1.6,2026-07-23 01:43:59 UTC,2026-07-23 01:47:16 UTC,196.22,0.319,0.0043,0.0,0.0004,0.04,9.4,MIN_PROFIT_TP_HIT,0.208
1681,TRUMP_USDT,SHORT,StochasticRSI(FAST_SCALP-SHORT),2,0.2,1.592,1.59,1.59,1.597,2026-07-23 01:56:59 UTC,2026-07-23 02:00:15 UTC,195.86,0.3184,0.0042,0.0,0.0004,0.04,9.42,MIN_PROFIT_TP_HIT,0.2084
1682,TRUMP_USDT,SHORT,StochasticRSI(FAST_SCALP-SHORT),2,0.2,1.597,1.595,1.595,1.602,2026-07-23 02:08:59 UTC,2026-07-23 02:09:32 UTC,32.14,0.3194,0.0043,0.0,0.0004,0.04,9.39,MIN_PROFIT_TP_HIT,0.2088
1683,TRUMP_USDT,SHORT,StochasticRSI(FAST_SCALP-SHORT),2,0.2,1.591,1.589,1.589,1.596,2026-07-23 02:22:59 UTC,2026-07-23 02:25:15 UTC,135.34,0.3182,0.0042,0.0,0.0004,0.04,9.43,MIN_PROFIT_TP_HIT,0.2092
1684,TRUMP_USDT,SHORT,StochasticRSI(FAST_SCALP-SHORT),2,0.2,1.592,1.59,1.59,1.597,2026-07-23 02:32:59 UTC,2026-07-23 02:38:10 UTC,310.34,0.3184,0.0042,0.0,0.0004,0.04,9.42,MIN_PROFIT_TP_HIT,0.2096
1685,TRUMP_USDT,SHORT,StochasticRSI(FAST_SCALP-SHORT),2,0.2,1.595,1.593,1.593,1.6,2026-07-23 02:48:59 UTC,2026-07-23 02:50:12 UTC,72.51,0.319,0.0043,0.0,0.0004,0.04,9.4,MIN_PROFIT_TP_HIT,0.21
1686,TRUMP_USDT,SHORT,StochasticRSI(FAST_SCALP-SHORT),2,0.2,1.593,1.591,1.591,1.598,2026-07-23 03:23:59 UTC,2026-07-23 03:25:48 UTC,108.71,0.3186,0.0042,0.0,0.0004,0.04,9.42,MIN_PROFIT_TP_HIT,0.2104
1687,TRUMP_USDT,SHORT,StochasticRSI(FAST_SCALP-SHORT),2,0.2,1.596,1.594,1.594,1.601,2026-07-23 03:33:59 UTC,2026-07-23 03:34:49 UTC,49.47,0.3192,0.0043,0.0,0.0004,0.04,9.4,MIN_PROFIT_TP_HIT,0.2108
1688,TRUMP_USDT,SHORT,StochasticRSI(FAST_SCALP-SHORT),2,0.2,1.593,1.598,1.591,1.598,2026-07-23 04:08:59 UTC,2026-07-23 04:20:34 UTC,694.7,0.3186,0.0042,0.0,-0.001,-0.09,-23.54,STOP_LOSS_HIT,0.2098
1689,TRUMP_USDT,SHORT,StochasticRSI(FAST_SCALP-SHORT),2,0.2,1.599,1.597,1.597,1.604,2026-07-23 04:23:59 UTC,2026-07-23 04:28:44 UTC,284.21,0.3198,0.0043,0.0,0.0004,0.04,9.38,MIN_PROFIT_TP_HIT,0.2102
1690,TRUMP_USDT,SHORT,StochasticRSI(FAST_SCALP-SHORT),2,0.2,1.6,1.598,1.598,1.605,2026-07-23 04:41:59 UTC,2026-07-23 04:49:21 UTC,441.4,0.32,0.0043,0.0,0.0004,0.04,9.38,MIN_PROFIT_TP_HIT,0.2106
1691,TRUMP_USDT,SHORT,StochasticRSI(FAST_SCALP-SHORT),2,0.2,1.599,1.604,1.597,1.604,2026-07-23 05:24:59 UTC,2026-07-23 05:28:31 UTC,211.96,0.3198,0.0043,0.0,-0.001,-0.09,-23.45,STOP_LOSS_HIT,0.2096
1692,TRUMP_USDT,SHORT,StochasticRSI(FAST_SCALP-SHORT),2,0.2,1.601,1.599,1.599,1.606,2026-07-23 05:33:59 UTC,2026-07-23 05:37:43 UTC,223.93,0.3202,0.0043,0.0,0.0004,0.04,9.37,MIN_PROFIT_TP_HIT,0.21
1693,TRUMP_USDT,SHORT,StochasticRSI(FAST_SCALP-SHORT),2,0.2,1.599,1.604,1.597,1.604,2026-07-23 05:50:59 UTC,2026-07-23 06:01:01 UTC,601.18,0.3198,0.0043,0.0,-0.001,-0.09,-23.45,STOP_LOSS_HIT,0.209
1694,TRUMP_USDT,SHORT,StochasticRSI(FAST_SCALP-SHORT),2,0.2,1.605,1.61,1.603,1.61,2026-07-23 06:08:59 UTC,2026-07-23 06:18:23 UTC,563.77,0.321,0.0043,0.0,-0.001,-0.09,-23.36,STOP_LOSS_HIT,0.208
1695,TRUMP_USDT,SHORT,StochasticRSI(FAST_SCALP-SHORT),2,0.2,1.608,1.613,1.606,1.613,2026-07-23 06:22:59 UTC,2026-07-23 06:32:02 UTC,542.4,0.3216,0.0043,0.0,-0.001,-0.09,-23.32,STOP_LOSS_HIT,0.207
1696,TRUMP_USDT,SHORT,StochasticRSI(FAST_SCALP-SHORT),2,0.2,1.628,1.626,1.626,1.633,2026-07-23 06:36:59 UTC,2026-07-23 06:39:26 UTC,146.19,0.3256,0.0043,0.0,0.0004,0.04,9.21,MIN_PROFIT_TP_HIT,0.2074
1697,TRUMP_USDT,SHORT,StochasticRSI(FAST_SCALP-SHORT),2,0.2,1.622,1.62,1.62,1.627,2026-07-23 07:03:59 UTC,2026-07-23 07:04:22 UTC,22.04,0.3244,0.0043,0.0,0.0004,0.04,9.25,MIN_PROFIT_TP_HIT,0.2078
1698,TRUMP_USDT,SHORT,StochasticRSI(FAST_SCALP-SHORT),2,0.2,1.617,1.622,1.615,1.622,2026-07-23 07:20:59 UTC,2026-07-23 07:22:12 UTC,72.93,0.3234,0.0043,0.0,-0.001,-0.09,-23.19,STOP_LOSS_HIT,0.2068
1699,TRUMP_USDT,SHORT,StochasticRSI(FAST_SCALP-SHORT),2,0.2,1.625,1.63,1.623,1.63,2026-07-23 07:25:59 UTC,2026-07-23 07:28:37 UTC,157.14,0.325,0.0043,0.0,-0.001,-0.09,-23.08,STOP_LOSS_HIT,0.2058
1700,TRUMP_USDT,SHORT,StochasticRSI(FAST_SCALP-SHORT),2,0.2,1.629,1.627,1.627,1.634,2026-07-23 07:33:59 UTC,2026-07-23 07:35:01 UTC,61.12,0.3258,0.0043,0.0,0.0004,0.04,9.21,MIN_PROFIT_TP_HIT,0.2062
1701,TRUMP_USDT,SHORT,StochasticRSI(FAST_SCALP-SHORT),2,0.2,1.626,1.624,1.624,1.631,2026-07-23 07:54:59 UTC,2026-07-23 08:01:40 UTC,400.04,0.3252,0.0043,0.0,0.0004,0.04,9.23,MIN_PROFIT_TP_HIT,0.2066
1702,TRUMP_USDT,SHORT,StochasticRSI(FAST_SCALP-SHORT),2,0.2,1.634,1.632,1.632,1.639,2026-07-23 08:14:59 UTC,2026-07-23 08:15:20 UTC,20.89,0.3268,0.0044,0.0,0.0004,0.04,9.18,MIN_PROFIT_TP_HIT,0.207
1703,TRUMP_USDT,SHORT,StochasticRSI(FAST_SCALP-SHORT),2,0.2,1.633,1.638,1.631,1.638,2026-07-23 08:17:59 UTC,2026-07-23 08:18:32 UTC,32.02,0.3266,0.0044,0.0,-0.001,-0.09,-22.96,STOP_LOSS_HIT,0.206
1704,TRUMP_USDT,SHORT,StochasticRSI(FAST_SCALP-SHORT),2,0.2,1.632,1.637,1.63,1.637,2026-07-23 08:21:59 UTC,2026-07-23 08:26:10 UTC,250.26,0.3264,0.0044,0.0,-0.001,-0.09,-22.98,STOP_LOSS_HIT,0.205
1705,TRUMP_USDT,SHORT,StochasticRSI(FAST_SCALP-SHORT),2,0.2,1.636,1.634,1.634,1.641,2026-07-23 08:52:59 UTC,2026-07-23 08:53:03 UTC,3.17,0.3272,0.0044,0.0,0.0004,0.04,9.17,MIN_PROFIT_TP_HIT,0.2054
1706,TRUMP_USDT,SHORT,StochasticRSI(FAST_SCALP-SHORT),2,0.2,1.638,1.636,1.636,1.643,2026-07-23 09:04:59 UTC,2026-07-23 09:06:10 UTC,70.66,0.3276,0.0044,0.0,0.0004,0.04,9.16,MIN_PROFIT_TP_HIT,0.2058
1707,TRUMP_USDT,SHORT,StochasticRSI(FAST_SCALP-SHORT),2,0.2,1.631,1.636,1.629,1.636,2026-07-23 09:20:59 UTC,2026-07-23 09:24:03 UTC,183.03,0.3262,0.0043,0.0,-0.001,-0.09,-22.99,STOP_LOSS_HIT,0.2048
1708,TRUMP_USDT,SHORT,StochasticRSI(FAST_SCALP-SHORT),2,0.2,1.636,1.634,1.634,1.641,2026-07-23 09:27:59 UTC,2026-07-23 09:29:52 UTC,112.66,0.3272,0.0044,0.0,0.0004,0.04,9.17,MIN_PROFIT_TP_HIT,0.2052
1709,TRUMP_USDT,SHORT,StochasticRSI(FAST_SCALP-SHORT),2,0.2,1.637,1.635,1.635,1.642,2026-07-23 09:48:59 UTC,2026-07-23 09:51:48 UTC,168.79,0.3274,0.0044,0.0,0.0004,0.04,9.16,MIN_PROFIT_TP_HIT,0.2056
1710,TRUMP_USDT,SHORT,StochasticRSI(FAST_SCALP-SHORT),2,0.2,1.637,1.635,1.635,1.642,2026-07-23 09:52:59 UTC,2026-07-23 09:54:42 UTC,102.1,0.3274,0.0044,0.0,0.0004,0.04,9.16,MIN_PROFIT_TP_HIT,0.206
1711,TRUMP_USDT,SHORT,StochasticRSI(FAST_SCALP-SHORT),2,0.2,1.639,1.637,1.637,1.644,2026-07-23 10:09:59 UTC,2026-07-23 10:10:32 UTC,32.86,0.3278,0.0044,0.0,0.0004,0.04,9.15,MIN_PROFIT_TP_HIT,0.2064
1712,TRUMP_USDT,SHORT,StochasticRSI(FAST_SCALP-SHORT),2,0.2,1.636,1.634,1.634,1.641,2026-07-23 10:31:59 UTC,2026-07-23 10:34:58 UTC,178.3,0.3272,0.0044,0.0,0.0004,0.04,9.17,MIN_PROFIT_TP_HIT,0.2068
1713,TRUMP_USDT,SHORT,StochasticRSI(FAST_SCALP-SHORT),2,0.2,1.635,1.633,1.633,1.64,2026-07-23 10:42:59 UTC,2026-07-23 10:46:33 UTC,213.16,0.327,0.0044,0.0,0.0004,0.04,9.17,MIN_PROFIT_TP_HIT,0.2072
1714,TRUMP_USDT,SHORT,StochasticRSI(FAST_SCALP-SHORT),2,0.2,1.645,1.643,1.643,1.65,2026-07-23 10:58:59 UTC,2026-07-23 11:02:22 UTC,202.53,0.329,0.0044,0.0,0.0004,0.04,9.12,MIN_PROFIT_TP_HIT,0.2076
1715,TRUMP_USDT,SHORT,StochasticRSI(FAST_SCALP-SHORT),2,0.2,1.644,1.642,1.642,1.649,2026-07-23 11:27:59 UTC,2026-07-23 11:28:09 UTC,9.24,0.3288,0.0044,0.0,0.0004,0.04,9.12,MIN_PROFIT_TP_HIT,0.208
1716,TRUMP_USDT,SHORT,StochasticRSI(FAST_SCALP-SHORT),2,0.2,1.646,1.644,1.644,1.651,2026-07-23 11:50:59 UTC,2026-07-23 11:51:09 UTC,9.9,0.3292,0.0044,0.0,0.0004,0.04,9.11,MIN_PROFIT_TP_HIT,0.2084
1717,TRUMP_USDT,SHORT,StochasticRSI(FAST_SCALP-SHORT),2,0.2,1.644,1.649,1.642,1.649,2026-07-23 11:52:59 UTC,2026-07-23 12:05:04 UTC,724.21,0.3288,0.0044,0.0,-0.001,-0.09,-22.81,STOP_LOSS_HIT,0.2074
1718,TRUMP_USDT,SHORT,StochasticRSI(FAST_SCALP-SHORT),2,0.2,1.657,1.655,1.655,1.663,2026-07-23 12:09:59 UTC,2026-07-23 12:10:23 UTC,23.3,0.3314,0.0044,0.0,0.0004,0.04,9.05,MIN_PROFIT_TP_HIT,0.2078
1719,TRUMP_USDT,SHORT,StochasticRSI(FAST_SCALP-SHORT),2,0.2,1.662,1.66,1.66,1.668,2026-07-23 12:17:59 UTC,2026-07-23 12:19:36 UTC,96.15,0.3324,0.0044,0.0,0.0004,0.04,9.03,MIN_PROFIT_TP_HIT,0.2082
1720,TRUMP_USDT,SHORT,StochasticRSI(FAST_SCALP-SHORT),2,0.2,1.659,1.657,1.657,1.665,2026-07-23 12:35:59 UTC,2026-07-23 12:36:02 UTC,2.33,0.3318,0.0044,0.0,0.0004,0.04,9.04,MIN_PROFIT_TP_HIT,0.2086
1721,TRUMP_USDT,SHORT,StochasticRSI(FAST_SCALP-SHORT),2,0.2,1.642,1.64,1.64,1.647,2026-07-23 12:53:59 UTC,2026-07-23 12:54:17 UTC,17.55,0.3284,0.0044,0.0,0.0004,0.04,9.14,MIN_PROFIT_TP_HIT,0.209
1722,TRUMP_USDT,SHORT,StochasticRSI(FAST_SCALP-SHORT),2,0.2,1.64,1.638,1.638,1.645,2026-07-23 13:16:59 UTC,2026-07-23 13:17:17 UTC,17.16,0.328,0.0044,0.0,0.0004,0.04,9.15,MIN_PROFIT_TP_HIT,0.2094
1723,TRUMP_USDT,SHORT,StochasticRSI(FAST_SCALP-SHORT),2,0.2,1.637,1.635,1.635,1.642,2026-07-23 13:19:59 UTC,2026-07-23 13:21:02 UTC,62.07,0.3274,0.0044,0.0,0.0004,0.04,9.16,MIN_PROFIT_TP_HIT,0.2098
1724,TRUMP_USDT,SHORT,StochasticRSI(FAST_SCALP-SHORT),2,0.2,1.637,1.635,1.635,1.642,2026-07-23 13:37:59 UTC,2026-07-23 13:38:17 UTC,17.01,0.3274,0.0044,0.0,0.0004,0.04,9.16,MIN_PROFIT_TP_HIT,0.2102
1725,TRUMP_USDT,SHORT,StochasticRSI(FAST_SCALP-SHORT),2,0.2,1.634,1.632,1.632,1.639,2026-07-23 13:57:59 UTC,2026-07-23 13:58:03 UTC,3.27,0.3268,0.0044,0.0,0.0004,0.04,9.18,MIN_PROFIT_TP_HIT,0.2106
1726,TRUMP_USDT,SHORT,StochasticRSI(FAST_SCALP-SHORT),2,0.2,1.635,1.633,1.633,1.64,2026-07-23 14:09:59 UTC,2026-07-23 14:11:13 UTC,73.33,0.327,0.0044,0.0,0.0004,0.04,9.17,MIN_PROFIT_TP_HIT,0.211
1727,TRUMP_USDT,SHORT,StochasticRSI(FAST_SCALP-SHORT),2,0.2,1.636,1.641,1.634,1.641,2026-07-23 14:18:59 UTC,2026-07-23 14:24:27 UTC,327.45,0.3272,0.0044,0.0,-0.001,-0.09,-22.92,STOP_LOSS_HIT,0.21
1728,TRUMP_USDT,SHORT,StochasticRSI(FAST_SCALP-SHORT),2,0.2,1.639,1.644,1.637,1.644,2026-07-23 14:32:59 UTC,2026-07-23 14:34:40 UTC,100.73,0.3278,0.0044,0.0,-0.001,-0.09,-22.88,STOP_LOSS_HIT,0.209
1729,TRUMP_USDT,SHORT,StochasticRSI(FAST_SCALP-SHORT),2,0.2,1.644,1.642,1.642,1.649,2026-07-23 14:48:59 UTC,2026-07-23 14:49:44 UTC,44.68,0.3288,0.0044,0.0,0.0004,0.04,9.12,MIN_PROFIT_TP_HIT,0.2094
1730,TRUMP_USDT,SHORT,StochasticRSI(FAST_SCALP-SHORT),2,0.2,1.629,1.634,1.627,1.634,2026-07-23 15:19:59 UTC,2026-07-23 15:21:05 UTC,65.2,0.3258,0.0043,0.0,-0.001,-0.09,-23.02,STOP_LOSS_HIT,0.2084
1731,TRUMP_USDT,SHORT,StochasticRSI(FAST_SCALP-SHORT),2,0.2,1.631,1.629,1.629,1.636,2026-07-23 15:26:59 UTC,2026-07-23 15:27:52 UTC,52.51,0.3262,0.0043,0.0,0.0004,0.04,9.2,MIN_PROFIT_TP_HIT,0.2088
1732,TRUMP_USDT,SHORT,StochasticRSI(FAST_SCALP-SHORT),2,0.2,1.635,1.633,1.633,1.64,2026-07-23 15:38:59 UTC,2026-07-23 15:39:41 UTC,41.71,0.327,0.0044,0.0,0.0004,0.04,9.17,MIN_PROFIT_TP_HIT,0.2092
1733,TRUMP_USDT,SHORT,StochasticRSI(FAST_SCALP-SHORT),2,0.2,1.635,1.64,1.633,1.64,2026-07-23 15:49:59 UTC,2026-07-23 15:59:04 UTC,544.26,0.327,0.0044,0.0,-0.001,-0.09,-22.94,STOP_LOSS_HIT,0.2082
1734,TRUMP_USDT,SHORT,StochasticRSI(FAST_SCALP-SHORT),2,0.2,1.638,1.643,1.636,1.643,2026-07-23 16:01:59 UTC,2026-07-23 16:02:17 UTC,17.5,0.3276,0.0044,0.0,-0.001,-0.09,-22.89,STOP_LOSS_HIT,0.2072
1735,TRUMP_USDT,SHORT,StochasticRSI(FAST_SCALP-SHORT),2,0.2,1.643,1.641,1.641,1.648,2026-07-23 16:17:59 UTC,2026-07-23 16:18:39 UTC,39.99,0.3286,0.0044,0.0,0.0004,0.04,9.13,MIN_PROFIT_TP_HIT,0.2076
1736,TRUMP_USDT,SHORT,StochasticRSI(FAST_SCALP-SHORT),2,0.2,1.637,1.635,1.635,1.642,2026-07-23 16:41:59 UTC,2026-07-23 16:42:08 UTC,8.29,0.3274,0.0044,0.0,0.0004,0.04,9.16,MIN_PROFIT_TP_HIT,0.208
1737,TRUMP_USDT,SHORT,StochasticRSI(FAST_SCALP-SHORT),2,0.2,1.618,1.616,1.616,1.623,2026-07-23 17:17:59 UTC,2026-07-23 17:35:59 UTC,1079.81,0.3236,0.0043,0.0,0.0004,0.04,9.27,MIN_PROFIT_TP_HIT,0.2084
1738,TRUMP_USDT,SHORT,StochasticRSI(FAST_SCALP-SHORT),2,0.2,1.611,1.609,1.609,1.616,2026-07-23 17:47:59 UTC,2026-07-23 17:53:13 UTC,313.14,0.3222,0.0043,0.0,0.0004,0.04,9.31,MIN_PROFIT_TP_HIT,0.2088
1739,TRUMP_USDT,SHORT,StochasticRSI(FAST_SCALP-SHORT),2,0.2,1.594,1.592,1.592,1.599,2026-07-23 18:12:59 UTC,2026-07-23 18:16:12 UTC,192.53,0.3188,0.0043,0.0,0.0004,0.04,9.41,MIN_PROFIT_TP_HIT,0.2092
1740,TRUMP_USDT,SHORT,StochasticRSI(FAST_SCALP-SHORT),2,0.2,1.589,1.587,1.587,1.594,2026-07-23 18:17:59 UTC,2026-07-23 18:18:03 UTC,3.11,0.3178,0.0042,0.0,0.0004,0.04,9.44,MIN_PROFIT_TP_HIT,0.2096
1741,TRUMP_USDT,SHORT,StochasticRSI(FAST_SCALP-SHORT),2,0.2,1.61,1.608,1.608,1.615,2026-07-23 18:28:59 UTC,2026-07-23 18:30:28 UTC,88.15,0.322,0.0043,0.0,0.0004,0.04,9.32,MIN_PROFIT_TP_HIT,0.21
1742,TRUMP_USDT,SHORT,StochasticRSI(FAST_SCALP-SHORT),2,0.2,1.608,1.613,1.606,1.613,2026-07-23 18:51:59 UTC,2026-07-23 19:12:14 UTC,1214.3,0.3216,0.0043,0.0,-0.001,-0.09,-23.32,STOP_LOSS_HIT,0.209
1743,TRUMP_USDT,SHORT,StochasticRSI(FAST_SCALP-SHORT),2,0.2,1.609,1.614,1.607,1.614,2026-07-23 19:19:59 UTC,2026-07-23 19:25:50 UTC,350.9,0.3218,0.0043,0.0,-0.001,-0.09,-23.31,STOP_LOSS_HIT,0.208
1744,TRUMP_USDT,SHORT,StochasticRSI(FAST_SCALP-SHORT),2,0.2,1.616,1.614,1.614,1.621,2026-07-23 19:28:59 UTC,2026-07-23 19:29:04 UTC,4.17,0.3232,0.0043,0.0,0.0004,0.04,9.28,MIN_PROFIT_TP_HIT,0.2084
1745,TRUMP_USDT,SHORT,StochasticRSI(FAST_SCALP-SHORT),2,0.2,1.623,1.621,1.621,1.628,2026-07-23 20:10:59 UTC,2026-07-23 20:24:57 UTC,837.13,0.3246,0.0043,0.0,0.0004,0.04,9.24,MIN_PROFIT_TP_HIT,0.2088
1746,TRUMP_USDT,SHORT,StochasticRSI(FAST_SCALP-SHORT),2,0.2,1.621,1.626,1.619,1.626,2026-07-23 20:52:59 UTC,2026-07-23 21:04:40 UTC,700.84,0.3242,0.0043,0.0,-0.001,-0.09,-23.13,STOP_LOSS_HIT,0.2078
1747,TRUMP_USDT,SHORT,StochasticRSI(FAST_SCALP-SHORT),2,0.2,1.622,1.62,1.62,1.627,2026-07-23 21:05:59 UTC,2026-07-23 21:07:45 UTC,105.85,0.3244,0.0043,0.0,0.0004,0.04,9.25,MIN_PROFIT_TP_HIT,0.2082
1748,TRUMP_USDT,SHORT,StochasticRSI(FAST_SCALP-SHORT),2,0.2,1.61,1.608,1.608,1.615,2026-07-23 21:30:59 UTC,2026-07-23 21:32:14 UTC,74.08,0.322,0.0043,0.0,0.0004,0.04,9.32,MIN_PROFIT_TP_HIT,0.2086
1749,TRUMP_USDT,SHORT,StochasticRSI(FAST_SCALP-SHORT),2,0.2,1.605,1.61,1.603,1.61,2026-07-23 21:45:59 UTC,2026-07-23 21:56:25 UTC,625.08,0.321,0.0043,0.0,-0.001,-0.09,-23.36,STOP_LOSS_HIT,0.2076
1750,TRUMP_USDT,SHORT,StochasticRSI(FAST_SCALP-SHORT),2,0.2,1.609,1.607,1.607,1.614,2026-07-23 22:00:59 UTC,2026-07-23 22:02:05 UTC,65.55,0.3218,0.0043,0.0,0.0004,0.04,9.32,MIN_PROFIT_TP_HIT,0.208
1751,TRUMP_USDT,SHORT,StochasticRSI(FAST_SCALP-SHORT),2,0.2,1.611,1.609,1.609,1.616,2026-07-23 22:11:59 UTC,2026-07-23 22:17:17 UTC,317.06,0.3222,0.0043,0.0,0.0004,0.04,9.31,MIN_PROFIT_TP_HIT,0.2084
1752,TRUMP_USDT,SHORT,StochasticRSI(FAST_SCALP-SHORT),2,0.2,1.616,1.614,1.614,1.621,2026-07-23 22:27:59 UTC,2026-07-23 22:29:23 UTC,83.47,0.3232,0.0043,0.0,0.0004,0.04,9.28,MIN_PROFIT_TP_HIT,0.2088
1753,TRUMP_USDT,SHORT,StochasticRSI(FAST_SCALP-SHORT),2,0.2,1.607,1.605,1.605,1.612,2026-07-23 22:49:59 UTC,2026-07-23 23:01:35 UTC,695.88,0.3214,0.0043,0.0,0.0004,0.04,9.33,MIN_PROFIT_TP_HIT,0.2092
1754,TRUMP_USDT,SHORT,StochasticRSI(FAST_SCALP-SHORT),2,0.2,1.606,1.604,1.604,1.611,2026-07-23 23:19:59 UTC,2026-07-23 23:47:35 UTC,1655.79,0.3212,0.0043,0.0,0.0004,0.04,9.34,MIN_PROFIT_TP_HIT,0.2096
