trade_id,symbol,direction,sub_strategy_name,vol_contracts,underlying_quantity,entry_price,exit_price,min_profit_tp_price,stop_loss_price,open_time,close_time,duration_seconds,notional_value_usdt,margin_used_usdt,fee_total_usdt,realized_pnl_usdt,realized_pnl_inr,roe_percentage,exit_reason,balance_after_trade_usdt
1,TRUMP_USDT,LONG,StochasticRSI(FAST_SCALP-LONG),2,0.2,1.661,1.665,1.665,1.655,2026-07-01 00:28:59 UTC,2026-07-01 00:30:53 UTC,113.58,0.3322,0.0044,0.0,0.0008,0.08,18.06,MIN_PROFIT_TP_HIT,0.0708
2,TRUMP_USDT,SHORT,StochasticRSI(FAST_SCALP-SHORT),2,0.2,1.664,1.67,1.66,1.67,2026-07-01 00:36:59 UTC,2026-07-01 00:52:46 UTC,946.0,0.3328,0.0044,0.0,-0.0012,-0.11,-27.04,STOP_LOSS_HIT,0.0696
3,TRUMP_USDT,SHORT,StochasticRSI(FAST_SCALP-SHORT),2,0.2,1.669,1.665,1.665,1.675,2026-07-01 00:55:59 UTC,2026-07-01 00:58:49 UTC,169.1,0.3338,0.0045,0.0,0.0008,0.08,17.97,MIN_PROFIT_TP_HIT,0.0704
4,TRUMP_USDT,LONG,StochasticRSI(FAST_SCALP-LONG),2,0.2,1.667,1.661,1.671,1.661,2026-07-01 01:01:59 UTC,2026-07-01 01:07:03 UTC,303.8,0.3334,0.0044,0.0,-0.0012,-0.11,-26.99,STOP_LOSS_HIT,0.0692
5,TRUMP_USDT,LONG,StochasticRSI(FAST_SCALP-LONG),2,0.2,1.661,1.655,1.665,1.655,2026-07-01 01:09:59 UTC,2026-07-01 01:12:29 UTC,149.41,0.3322,0.0044,0.0,-0.0012,-0.11,-27.09,STOP_LOSS_HIT,0.068
6,TRUMP_USDT,LONG,StochasticRSI(FAST_SCALP-LONG),2,0.2,1.645,1.649,1.649,1.639,2026-07-01 01:14:59 UTC,2026-07-01 01:15:07 UTC,7.54,0.329,0.0044,0.0,0.0008,0.08,18.24,MIN_PROFIT_TP_HIT,0.0688
7,TRUMP_USDT,SHORT,StochasticRSI(FAST_SCALP-SHORT),2,0.2,1.658,1.654,1.654,1.664,2026-07-01 01:22:59 UTC,2026-07-01 01:24:48 UTC,108.65,0.3316,0.0044,0.0,0.0008,0.08,18.09,MIN_PROFIT_TP_HIT,0.0696
8,TRUMP_USDT,SHORT,StochasticRSI(FAST_SCALP-SHORT),2,0.2,1.658,1.664,1.654,1.664,2026-07-01 01:34:59 UTC,2026-07-01 01:37:07 UTC,127.61,0.3316,0.0044,0.0,-0.0012,-0.11,-27.14,STOP_LOSS_HIT,0.0684
9,TRUMP_USDT,SHORT,StochasticRSI(FAST_SCALP-SHORT),2,0.2,1.676,1.682,1.672,1.682,2026-07-01 01:47:59 UTC,2026-07-01 01:56:02 UTC,482.1,0.3352,0.0045,0.0,-0.0012,-0.11,-26.85,STOP_LOSS_HIT,0.0672
10,TRUMP_USDT,SHORT,StochasticRSI(FAST_SCALP-SHORT),2,0.2,1.678,1.684,1.674,1.684,2026-07-01 01:58:59 UTC,2026-07-01 02:02:52 UTC,232.95,0.3356,0.0045,0.0,-0.0012,-0.11,-26.82,STOP_LOSS_HIT,0.066
11,TRUMP_USDT,LONG,StochasticRSI(FAST_SCALP-LONG),2,0.2,1.685,1.679,1.689,1.679,2026-07-01 02:03:59 UTC,2026-07-01 02:06:09 UTC,129.18,0.337,0.0045,0.0,-0.0012,-0.11,-26.71,STOP_LOSS_HIT,0.0648
12,TRUMP_USDT,LONG,StochasticRSI(FAST_SCALP-LONG),2,0.2,1.684,1.688,1.688,1.678,2026-07-01 02:08:59 UTC,2026-07-01 02:10:07 UTC,67.6,0.3368,0.0045,0.0,0.0008,0.08,17.81,MIN_PROFIT_TP_HIT,0.0656
13,TRUMP_USDT,SHORT,StochasticRSI(FAST_SCALP-SHORT),2,0.2,1.702,1.708,1.698,1.708,2026-07-01 02:17:59 UTC,2026-07-01 02:22:05 UTC,245.27,0.3404,0.0045,0.0,-0.0012,-0.11,-26.44,STOP_LOSS_HIT,0.0644
14,TRUMP_USDT,LONG,StochasticRSI(FAST_SCALP-LONG),2,0.2,1.705,1.709,1.709,1.699,2026-07-01 02:29:59 UTC,2026-07-01 02:31:16 UTC,76.64,0.341,0.0045,0.0,0.0008,0.08,17.6,MIN_PROFIT_TP_HIT,0.0652
15,TRUMP_USDT,LONG,StochasticRSI(FAST_SCALP-LONG),2,0.2,1.704,1.708,1.708,1.698,2026-07-01 02:34:59 UTC,2026-07-01 02:35:46 UTC,46.02,0.3408,0.0045,0.0,0.0008,0.08,17.61,MIN_PROFIT_TP_HIT,0.066
16,TRUMP_USDT,LONG,StochasticRSI(FAST_SCALP-LONG),2,0.2,1.697,1.701,1.701,1.691,2026-07-01 02:40:59 UTC,2026-07-01 02:44:18 UTC,198.6,0.3394,0.0045,0.0,0.0008,0.08,17.68,MIN_PROFIT_TP_HIT,0.0668
17,TRUMP_USDT,SHORT,StochasticRSI(FAST_SCALP-SHORT),2,0.2,1.704,1.71,1.7,1.71,2026-07-01 03:00:59 UTC,2026-07-01 03:01:38 UTC,38.4,0.3408,0.0045,0.0,-0.0012,-0.11,-26.41,STOP_LOSS_HIT,0.0656
18,TRUMP_USDT,SHORT,StochasticRSI(FAST_SCALP-SHORT),2,0.2,1.707,1.713,1.703,1.713,2026-07-01 03:04:59 UTC,2026-07-01 03:05:24 UTC,24.31,0.3414,0.0046,0.0,-0.0012,-0.11,-26.36,STOP_LOSS_HIT,0.0644
19,TRUMP_USDT,SHORT,StochasticRSI(FAST_SCALP-SHORT),2,0.2,1.729,1.725,1.725,1.735,2026-07-01 03:09:59 UTC,2026-07-01 03:10:11 UTC,11.41,0.3458,0.0046,0.0,0.0008,0.08,17.35,MIN_PROFIT_TP_HIT,0.0652
20,TRUMP_USDT,LONG,StochasticRSI(FAST_SCALP-LONG),2,0.2,1.711,1.705,1.715,1.705,2026-07-01 03:15:59 UTC,2026-07-01 03:16:27 UTC,27.95,0.3422,0.0046,0.0,-0.0012,-0.11,-26.3,STOP_LOSS_HIT,0.064
21,TRUMP_USDT,LONG,StochasticRSI(FAST_SCALP-LONG),2,0.2,1.704,1.698,1.708,1.698,2026-07-01 03:19:59 UTC,2026-07-01 03:23:46 UTC,226.53,0.3408,0.0045,0.0,-0.0012,-0.11,-26.41,STOP_LOSS_HIT,0.0628
22,TRUMP_USDT,LONG,StochasticRSI(FAST_SCALP-LONG),2,0.2,1.699,1.703,1.703,1.693,2026-07-01 03:27:59 UTC,2026-07-01 03:36:36 UTC,516.86,0.3398,0.0045,0.0,0.0008,0.08,17.66,MIN_PROFIT_TP_HIT,0.0636
23,TRUMP_USDT,SHORT,StochasticRSI(FAST_SCALP-SHORT),2,0.2,1.706,1.712,1.702,1.712,2026-07-01 03:41:59 UTC,2026-07-01 03:47:31 UTC,331.04,0.3412,0.0045,0.0,-0.0012,-0.11,-26.38,STOP_LOSS_HIT,0.0624
24,TRUMP_USDT,LONG,StochasticRSI(FAST_SCALP-LONG),2,0.2,1.711,1.715,1.715,1.705,2026-07-01 03:51:59 UTC,2026-07-01 03:52:23 UTC,23.63,0.3422,0.0046,0.0,0.0008,0.08,17.53,MIN_PROFIT_TP_HIT,0.0632
25,TRUMP_USDT,SHORT,StochasticRSI(FAST_SCALP-SHORT),2,0.2,1.712,1.708,1.708,1.718,2026-07-01 03:56:59 UTC,2026-07-01 03:57:15 UTC,15.03,0.3424,0.0046,0.0,0.0008,0.08,17.52,MIN_PROFIT_TP_HIT,0.064
26,TRUMP_USDT,LONG,StochasticRSI(FAST_SCALP-LONG),2,0.2,1.705,1.699,1.709,1.699,2026-07-01 04:02:59 UTC,2026-07-01 04:10:02 UTC,422.07,0.341,0.0045,0.0,-0.0012,-0.11,-26.39,STOP_LOSS_HIT,0.0628
27,TRUMP_USDT,LONG,StochasticRSI(FAST_SCALP-LONG),2,0.2,1.7,1.704,1.704,1.694,2026-07-01 04:11:59 UTC,2026-07-01 04:17:10 UTC,310.75,0.34,0.0045,0.0,0.0008,0.08,17.65,MIN_PROFIT_TP_HIT,0.0636
28,TRUMP_USDT,SHORT,StochasticRSI(FAST_SCALP-SHORT),2,0.2,1.704,1.71,1.7,1.71,2026-07-01 04:21:59 UTC,2026-07-01 04:31:23 UTC,563.44,0.3408,0.0045,0.0,-0.0012,-0.11,-26.41,STOP_LOSS_HIT,0.0624
29,TRUMP_USDT,LONG,StochasticRSI(FAST_SCALP-LONG),2,0.2,1.7,1.704,1.704,1.694,2026-07-01 04:38:59 UTC,2026-07-01 04:59:36 UTC,1236.25,0.34,0.0045,0.0,0.0008,0.08,17.65,MIN_PROFIT_TP_HIT,0.0632
30,TRUMP_USDT,LONG,StochasticRSI(FAST_SCALP-LONG),2,0.2,1.705,1.699,1.709,1.699,2026-07-01 05:06:59 UTC,2026-07-01 05:26:59 UTC,1199.18,0.341,0.0045,0.0,-0.0012,-0.11,-26.39,STOP_LOSS_HIT,0.062
31,TRUMP_USDT,LONG,StochasticRSI(FAST_SCALP-LONG),2,0.2,1.706,1.7,1.71,1.7,2026-07-01 05:28:59 UTC,2026-07-01 05:31:59 UTC,179.68,0.3412,0.0045,0.0,-0.0012,-0.11,-26.38,STOP_LOSS_HIT,0.0608
32,TRUMP_USDT,SHORT,StochasticRSI(FAST_SCALP-SHORT),2,0.2,1.702,1.708,1.698,1.708,2026-07-01 05:32:59 UTC,2026-07-01 05:48:36 UTC,936.11,0.3404,0.0045,0.0,-0.0012,-0.11,-26.44,STOP_LOSS_HIT,0.0596
33,TRUMP_USDT,SHORT,StochasticRSI(FAST_SCALP-SHORT),2,0.2,1.712,1.708,1.708,1.718,2026-07-01 05:52:59 UTC,2026-07-01 06:02:34 UTC,574.93,0.3424,0.0046,0.0,0.0008,0.08,17.52,MIN_PROFIT_TP_HIT,0.0604
34,TRUMP_USDT,LONG,StochasticRSI(FAST_SCALP-LONG),2,0.2,1.709,1.703,1.713,1.703,2026-07-01 06:06:59 UTC,2026-07-01 06:21:46 UTC,886.32,0.3418,0.0046,0.0,-0.0012,-0.11,-26.33,STOP_LOSS_HIT,0.0592
35,TRUMP_USDT,LONG,StochasticRSI(FAST_SCALP-LONG),2,0.2,1.704,1.698,1.708,1.698,2026-07-01 06:23:59 UTC,2026-07-01 06:33:48 UTC,588.96,0.3408,0.0045,0.0,-0.0012,-0.11,-26.41,STOP_LOSS_HIT,0.058
36,TRUMP_USDT,LONG,StochasticRSI(FAST_SCALP-LONG),2,0.2,1.689,1.693,1.693,1.683,2026-07-01 06:50:59 UTC,2026-07-01 06:51:55 UTC,55.72,0.3378,0.0045,0.0,0.0008,0.08,17.76,MIN_PROFIT_TP_HIT,0.0588
37,TRUMP_USDT,SHORT,StochasticRSI(FAST_SCALP-SHORT),2,0.2,1.691,1.687,1.687,1.697,2026-07-01 06:55:59 UTC,2026-07-01 07:03:03 UTC,423.08,0.3382,0.0045,0.0,0.0008,0.08,17.74,MIN_PROFIT_TP_HIT,0.0596
38,TRUMP_USDT,LONG,StochasticRSI(FAST_SCALP-LONG),2,0.2,1.689,1.693,1.693,1.683,2026-07-01 07:10:59 UTC,2026-07-01 07:21:59 UTC,659.39,0.3378,0.0045,0.0,0.0008,0.08,17.76,MIN_PROFIT_TP_HIT,0.0604
39,TRUMP_USDT,SHORT,StochasticRSI(FAST_SCALP-SHORT),2,0.2,1.698,1.694,1.694,1.704,2026-07-01 07:26:59 UTC,2026-07-01 07:30:00 UTC,180.74,0.3396,0.0045,0.0,0.0008,0.08,17.67,MIN_PROFIT_TP_HIT,0.0612
40,TRUMP_USDT,LONG,StochasticRSI(FAST_SCALP-LONG),2,0.2,1.695,1.699,1.699,1.689,2026-07-01 07:33:59 UTC,2026-07-01 07:34:07 UTC,7.35,0.339,0.0045,0.0,0.0008,0.08,17.7,MIN_PROFIT_TP_HIT,0.062
41,TRUMP_USDT,LONG,StochasticRSI(FAST_SCALP-LONG),2,0.2,1.695,1.699,1.699,1.689,2026-07-01 07:42:59 UTC,2026-07-01 07:50:16 UTC,436.81,0.339,0.0045,0.0,0.0008,0.08,17.7,MIN_PROFIT_TP_HIT,0.0628
42,TRUMP_USDT,SHORT,StochasticRSI(FAST_SCALP-SHORT),2,0.2,1.698,1.694,1.694,1.704,2026-07-01 07:52:59 UTC,2026-07-01 08:01:01 UTC,481.99,0.3396,0.0045,0.0,0.0008,0.08,17.67,MIN_PROFIT_TP_HIT,0.0636
43,TRUMP_USDT,LONG,StochasticRSI(FAST_SCALP-LONG),2,0.2,1.693,1.697,1.697,1.687,2026-07-01 08:03:59 UTC,2026-07-01 08:10:05 UTC,365.31,0.3386,0.0045,0.0,0.0008,0.08,17.72,MIN_PROFIT_TP_HIT,0.0644
44,TRUMP_USDT,SHORT,StochasticRSI(FAST_SCALP-SHORT),2,0.2,1.698,1.694,1.694,1.704,2026-07-01 08:12:59 UTC,2026-07-01 08:16:57 UTC,237.59,0.3396,0.0045,0.0,0.0008,0.08,17.67,MIN_PROFIT_TP_HIT,0.0652
45,TRUMP_USDT,LONG,StochasticRSI(FAST_SCALP-LONG),2,0.2,1.695,1.689,1.699,1.689,2026-07-01 08:20:59 UTC,2026-07-01 08:24:34 UTC,214.17,0.339,0.0045,0.0,-0.0012,-0.11,-26.55,STOP_LOSS_HIT,0.064
46,TRUMP_USDT,LONG,StochasticRSI(FAST_SCALP-LONG),2,0.2,1.692,1.686,1.696,1.686,2026-07-01 08:27:59 UTC,2026-07-01 08:33:02 UTC,302.06,0.3384,0.0045,0.0,-0.0012,-0.11,-26.6,STOP_LOSS_HIT,0.0628
47,TRUMP_USDT,LONG,StochasticRSI(FAST_SCALP-LONG),2,0.2,1.69,1.684,1.694,1.684,2026-07-01 08:35:59 UTC,2026-07-01 08:48:16 UTC,736.65,0.338,0.0045,0.0,-0.0012,-0.11,-26.63,STOP_LOSS_HIT,0.0616
48,TRUMP_USDT,LONG,StochasticRSI(FAST_SCALP-LONG),2,0.2,1.689,1.693,1.693,1.683,2026-07-01 08:52:59 UTC,2026-07-01 08:55:29 UTC,149.92,0.3378,0.0045,0.0,0.0008,0.08,17.76,MIN_PROFIT_TP_HIT,0.0624
49,TRUMP_USDT,SHORT,StochasticRSI(FAST_SCALP-SHORT),2,0.2,1.698,1.704,1.694,1.704,2026-07-01 09:00:59 UTC,2026-07-01 09:15:37 UTC,877.4,0.3396,0.0045,0.0,-0.0012,-0.11,-26.5,STOP_LOSS_HIT,0.0612
50,TRUMP_USDT,SHORT,StochasticRSI(FAST_SCALP-SHORT),2,0.2,1.71,1.706,1.706,1.716,2026-07-01 09:20:59 UTC,2026-07-01 09:30:36 UTC,576.35,0.342,0.0046,0.0,0.0008,0.08,17.54,MIN_PROFIT_TP_HIT,0.062
51,TRUMP_USDT,LONG,StochasticRSI(FAST_SCALP-LONG),2,0.2,1.704,1.698,1.708,1.698,2026-07-01 09:34:59 UTC,2026-07-01 09:46:42 UTC,702.31,0.3408,0.0045,0.0,-0.0012,-0.11,-26.41,STOP_LOSS_HIT,0.0608
52,TRUMP_USDT,SHORT,StochasticRSI(FAST_SCALP-SHORT),2,0.2,1.699,1.705,1.695,1.705,2026-07-01 09:47:59 UTC,2026-07-01 09:52:08 UTC,248.58,0.3398,0.0045,0.0,-0.0012,-0.11,-26.49,STOP_LOSS_HIT,0.0596
53,TRUMP_USDT,SHORT,StochasticRSI(FAST_SCALP-SHORT),2,0.2,1.706,1.702,1.702,1.712,2026-07-01 09:54:59 UTC,2026-07-01 10:05:05 UTC,605.57,0.3412,0.0045,0.0,0.0008,0.08,17.58,MIN_PROFIT_TP_HIT,0.0604
54,TRUMP_USDT,LONG,StochasticRSI(FAST_SCALP-LONG),2,0.2,1.692,1.686,1.696,1.686,2026-07-01 10:18:59 UTC,2026-07-01 10:26:37 UTC,457.85,0.3384,0.0045,0.0,-0.0012,-0.11,-26.6,STOP_LOSS_HIT,0.0592
55,TRUMP_USDT,LONG,StochasticRSI(FAST_SCALP-LONG),2,0.2,1.687,1.691,1.691,1.681,2026-07-01 10:29:59 UTC,2026-07-01 10:37:06 UTC,426.77,0.3374,0.0045,0.0,0.0008,0.08,17.78,MIN_PROFIT_TP_HIT,0.06
56,TRUMP_USDT,SHORT,StochasticRSI(FAST_SCALP-SHORT),2,0.2,1.694,1.69,1.69,1.7,2026-07-01 10:41:59 UTC,2026-07-01 10:43:48 UTC,108.5,0.3388,0.0045,0.0,0.0008,0.08,17.71,MIN_PROFIT_TP_HIT,0.0608
57,TRUMP_USDT,SHORT,StochasticRSI(FAST_SCALP-SHORT),2,0.2,1.692,1.698,1.688,1.698,2026-07-01 10:44:59 UTC,2026-07-01 10:48:07 UTC,187.65,0.3384,0.0045,0.0,-0.0012,-0.11,-26.6,STOP_LOSS_HIT,0.0596
58,TRUMP_USDT,SHORT,StochasticRSI(FAST_SCALP-SHORT),2,0.2,1.696,1.692,1.692,1.702,2026-07-01 10:52:59 UTC,2026-07-01 11:01:41 UTC,521.52,0.3392,0.0045,0.0,0.0008,0.08,17.69,MIN_PROFIT_TP_HIT,0.0604
59,TRUMP_USDT,LONG,StochasticRSI(FAST_SCALP-LONG),2,0.2,1.698,1.702,1.702,1.692,2026-07-01 11:04:59 UTC,2026-07-01 11:15:28 UTC,628.83,0.3396,0.0045,0.0,0.0008,0.08,17.67,MIN_PROFIT_TP_HIT,0.0612
60,TRUMP_USDT,SHORT,StochasticRSI(FAST_SCALP-SHORT),2,0.2,1.699,1.695,1.695,1.705,2026-07-01 11:17:59 UTC,2026-07-01 11:41:58 UTC,1438.51,0.3398,0.0045,0.0,0.0008,0.08,17.66,MIN_PROFIT_TP_HIT,0.062
61,TRUMP_USDT,LONG,StochasticRSI(FAST_SCALP-LONG),2,0.2,1.697,1.691,1.701,1.691,2026-07-01 11:44:59 UTC,2026-07-01 12:01:58 UTC,1018.48,0.3394,0.0045,0.0,-0.0012,-0.11,-26.52,STOP_LOSS_HIT,0.0608
62,TRUMP_USDT,LONG,StochasticRSI(FAST_SCALP-LONG),2,0.2,1.69,1.684,1.694,1.684,2026-07-01 12:06:59 UTC,2026-07-01 12:12:45 UTC,345.45,0.338,0.0045,0.0,-0.0012,-0.11,-26.63,STOP_LOSS_HIT,0.0596
63,TRUMP_USDT,SHORT,StochasticRSI(FAST_SCALP-SHORT),2,0.2,1.692,1.688,1.688,1.698,2026-07-01 12:18:59 UTC,2026-07-01 12:22:33 UTC,213.31,0.3384,0.0045,0.0,0.0008,0.08,17.73,MIN_PROFIT_TP_HIT,0.0604
64,TRUMP_USDT,LONG,StochasticRSI(FAST_SCALP-LONG),2,0.2,1.688,1.682,1.692,1.682,2026-07-01 12:26:59 UTC,2026-07-01 12:34:58 UTC,478.09,0.3376,0.0045,0.0,-0.0012,-0.11,-26.66,STOP_LOSS_HIT,0.0592
65,TRUMP_USDT,LONG,StochasticRSI(FAST_SCALP-LONG),2,0.2,1.682,1.676,1.686,1.676,2026-07-01 12:42:59 UTC,2026-07-01 12:48:16 UTC,316.57,0.3364,0.0045,0.0,-0.0012,-0.11,-26.75,STOP_LOSS_HIT,0.058
66,TRUMP_USDT,LONG,StochasticRSI(FAST_SCALP-LONG),2,0.2,1.678,1.682,1.682,1.672,2026-07-01 12:52:59 UTC,2026-07-01 13:01:29 UTC,509.89,0.3356,0.0045,0.0,0.0008,0.08,17.88,MIN_PROFIT_TP_HIT,0.0588
67,TRUMP_USDT,SHORT,StochasticRSI(FAST_SCALP-SHORT),2,0.2,1.682,1.688,1.678,1.688,2026-07-01 13:06:59 UTC,2026-07-01 13:21:50 UTC,890.17,0.3364,0.0045,0.0,-0.0012,-0.11,-26.75,STOP_LOSS_HIT,0.0576
68,TRUMP_USDT,SHORT,StochasticRSI(FAST_SCALP-SHORT),2,0.2,1.683,1.689,1.679,1.689,2026-07-01 13:25:59 UTC,2026-07-01 13:27:59 UTC,119.49,0.3366,0.0045,0.0,-0.0012,-0.11,-26.74,STOP_LOSS_HIT,0.0564
69,TRUMP_USDT,LONG,StochasticRSI(FAST_SCALP-LONG),2,0.2,1.684,1.688,1.688,1.678,2026-07-01 13:34:59 UTC,2026-07-01 13:37:05 UTC,125.16,0.3368,0.0045,0.0,0.0008,0.08,17.81,MIN_PROFIT_TP_HIT,0.0572
70,TRUMP_USDT,SHORT,StochasticRSI(FAST_SCALP-SHORT),2,0.2,1.689,1.695,1.685,1.695,2026-07-01 13:40:59 UTC,2026-07-01 13:45:57 UTC,297.98,0.3378,0.0045,0.0,-0.0012,-0.11,-26.64,STOP_LOSS_HIT,0.056
71,TRUMP_USDT,SHORT,StochasticRSI(FAST_SCALP-SHORT),2,0.2,1.695,1.691,1.691,1.701,2026-07-01 13:54:59 UTC,2026-07-01 13:57:23 UTC,143.43,0.339,0.0045,0.0,0.0008,0.08,17.7,MIN_PROFIT_TP_HIT,0.0568
72,TRUMP_USDT,LONG,StochasticRSI(FAST_SCALP-LONG),2,0.2,1.696,1.69,1.7,1.69,2026-07-01 13:59:59 UTC,2026-07-01 14:07:19 UTC,439.19,0.3392,0.0045,0.0,-0.0012,-0.11,-26.53,STOP_LOSS_HIT,0.0556
73,TRUMP_USDT,SHORT,StochasticRSI(FAST_SCALP-SHORT),2,0.2,1.707,1.703,1.703,1.713,2026-07-01 14:16:59 UTC,2026-07-01 14:21:24 UTC,264.9,0.3414,0.0046,0.0,0.0008,0.08,17.57,MIN_PROFIT_TP_HIT,0.0564
74,TRUMP_USDT,LONG,StochasticRSI(FAST_SCALP-LONG),2,0.2,1.701,1.695,1.705,1.695,2026-07-01 14:25:59 UTC,2026-07-01 14:31:42 UTC,342.38,0.3402,0.0045,0.0,-0.0012,-0.11,-26.46,STOP_LOSS_HIT,0.0552
75,TRUMP_USDT,LONG,StochasticRSI(FAST_SCALP-LONG),2,0.2,1.692,1.696,1.696,1.686,2026-07-01 14:35:59 UTC,2026-07-01 14:38:27 UTC,147.98,0.3384,0.0045,0.0,0.0008,0.08,17.73,MIN_PROFIT_TP_HIT,0.056
76,TRUMP_USDT,SHORT,StochasticRSI(FAST_SCALP-SHORT),2,0.2,1.697,1.693,1.693,1.703,2026-07-01 14:43:59 UTC,2026-07-01 14:44:35 UTC,35.07,0.3394,0.0045,0.0,0.0008,0.08,17.68,MIN_PROFIT_TP_HIT,0.0568
77,TRUMP_USDT,LONG,StochasticRSI(FAST_SCALP-LONG),2,0.2,1.695,1.699,1.699,1.689,2026-07-01 14:49:59 UTC,2026-07-01 14:51:49 UTC,109.77,0.339,0.0045,0.0,0.0008,0.08,17.7,MIN_PROFIT_TP_HIT,0.0576
78,TRUMP_USDT,SHORT,StochasticRSI(FAST_SCALP-SHORT),2,0.2,1.701,1.707,1.697,1.707,2026-07-01 14:56:59 UTC,2026-07-01 15:02:46 UTC,346.03,0.3402,0.0045,0.0,-0.0012,-0.11,-26.46,STOP_LOSS_HIT,0.0564
79,TRUMP_USDT,SHORT,StochasticRSI(FAST_SCALP-SHORT),2,0.2,1.703,1.699,1.699,1.709,2026-07-01 15:09:59 UTC,2026-07-01 15:14:15 UTC,255.19,0.3406,0.0045,0.0,0.0008,0.08,17.62,MIN_PROFIT_TP_HIT,0.0572
80,TRUMP_USDT,SHORT,StochasticRSI(FAST_SCALP-SHORT),2,0.2,1.709,1.715,1.705,1.715,2026-07-01 15:26:59 UTC,2026-07-01 15:42:35 UTC,935.9,0.3418,0.0046,0.0,-0.0012,-0.11,-26.33,STOP_LOSS_HIT,0.056
81,TRUMP_USDT,SHORT,StochasticRSI(FAST_SCALP-SHORT),2,0.2,1.714,1.72,1.71,1.72,2026-07-01 15:45:59 UTC,2026-07-01 16:02:57 UTC,1017.55,0.3428,0.0046,0.0,-0.0012,-0.11,-26.25,STOP_LOSS_HIT,0.0548
82,TRUMP_USDT,SHORT,StochasticRSI(FAST_SCALP-SHORT),2,0.2,1.719,1.725,1.715,1.725,2026-07-01 16:05:59 UTC,2026-07-01 16:11:15 UTC,315.41,0.3438,0.0046,0.0,-0.0012,-0.11,-26.18,STOP_LOSS_HIT,0.0536
83,TRUMP_USDT,SHORT,StochasticRSI(FAST_SCALP-SHORT),2,0.2,1.731,1.727,1.727,1.737,2026-07-01 16:15:59 UTC,2026-07-01 16:16:45 UTC,45.07,0.3462,0.0046,0.0,0.0008,0.08,17.33,MIN_PROFIT_TP_HIT,0.0544
84,TRUMP_USDT,LONG,StochasticRSI(FAST_SCALP-LONG),2,0.2,1.722,1.716,1.726,1.716,2026-07-01 16:24:59 UTC,2026-07-01 16:29:58 UTC,298.93,0.3444,0.0046,0.0,-0.0012,-0.11,-26.13,STOP_LOSS_HIT,0.0532
85,TRUMP_USDT,LONG,StochasticRSI(FAST_SCALP-LONG),2,0.2,1.718,1.712,1.722,1.712,2026-07-01 16:32:59 UTC,2026-07-01 16:37:12 UTC,252.97,0.3436,0.0046,0.0,-0.0012,-0.11,-26.19,STOP_LOSS_HIT,0.052
86,TRUMP_USDT,LONG,StochasticRSI(FAST_SCALP-LONG),2,0.2,1.711,1.705,1.715,1.705,2026-07-01 16:43:59 UTC,2026-07-01 16:50:01 UTC,361.33,0.3422,0.0046,0.0,-0.0012,-0.11,-26.3,STOP_LOSS_HIT,0.0508
87,TRUMP_USDT,LONG,StochasticRSI(FAST_SCALP-LONG),2,0.2,1.702,1.696,1.706,1.696,2026-07-01 16:52:59 UTC,2026-07-01 17:04:44 UTC,704.13,0.3404,0.0045,0.0,-0.0012,-0.11,-26.44,STOP_LOSS_HIT,0.0496
88,TRUMP_USDT,LONG,StochasticRSI(FAST_SCALP-LONG),2,0.2,1.695,1.699,1.699,1.689,2026-07-01 17:08:59 UTC,2026-07-01 17:09:32 UTC,32.3,0.339,0.0045,0.0,0.0008,0.08,17.7,MIN_PROFIT_TP_HIT,0.0504
89,TRUMP_USDT,SHORT,StochasticRSI(FAST_SCALP-SHORT),2,0.2,1.701,1.707,1.697,1.707,2026-07-01 17:17:59 UTC,2026-07-01 17:23:23 UTC,323.98,0.3402,0.0045,0.0,-0.0012,-0.11,-26.46,STOP_LOSS_HIT,0.0492
90,TRUMP_USDT,SHORT,StochasticRSI(FAST_SCALP-SHORT),2,0.2,1.71,1.716,1.706,1.716,2026-07-01 17:28:59 UTC,2026-07-01 17:46:53 UTC,1073.79,0.342,0.0046,0.0,-0.0012,-0.11,-26.32,STOP_LOSS_HIT,0.048
91,TRUMP_USDT,SHORT,StochasticRSI(FAST_SCALP-SHORT),2,0.2,1.713,1.709,1.709,1.719,2026-07-01 17:49:59 UTC,2026-07-01 18:23:34 UTC,2014.54,0.3426,0.0046,0.0,0.0008,0.08,17.51,MIN_PROFIT_TP_HIT,0.0488
92,TRUMP_USDT,LONG,StochasticRSI(FAST_SCALP-LONG),2,0.2,1.709,1.703,1.713,1.703,2026-07-01 18:25:59 UTC,2026-07-01 18:38:03 UTC,723.46,0.3418,0.0046,0.0,-0.0012,-0.11,-26.33,STOP_LOSS_HIT,0.0476
93,TRUMP_USDT,LONG,StochasticRSI(FAST_SCALP-LONG),2,0.2,1.705,1.699,1.709,1.699,2026-07-01 18:40:59 UTC,2026-07-01 18:45:10 UTC,250.66,0.341,0.0045,0.0,-0.0012,-0.11,-26.39,STOP_LOSS_HIT,0.0464
94,TRUMP_USDT,SHORT,StochasticRSI(FAST_SCALP-SHORT),2,0.2,1.693,1.699,1.689,1.699,2026-07-01 18:53:59 UTC,2026-07-01 19:03:26 UTC,566.02,0.3386,0.0045,0.0,-0.0012,-0.11,-26.58,STOP_LOSS_HIT,0.0452
95,TRUMP_USDT,SHORT,StochasticRSI(FAST_SCALP-SHORT),2,0.2,1.697,1.693,1.693,1.703,2026-07-01 19:06:59 UTC,2026-07-01 19:11:35 UTC,275.18,0.3394,0.0045,0.0,0.0008,0.08,17.68,MIN_PROFIT_TP_HIT,0.046
96,TRUMP_USDT,LONG,StochasticRSI(FAST_SCALP-LONG),2,0.2,1.689,1.693,1.693,1.683,2026-07-01 19:15:59 UTC,2026-07-01 19:18:21 UTC,141.09,0.3378,0.0045,0.0,0.0008,0.08,17.76,MIN_PROFIT_TP_HIT,0.0468
97,TRUMP_USDT,SHORT,StochasticRSI(FAST_SCALP-SHORT),2,0.2,1.692,1.688,1.688,1.698,2026-07-01 19:25:59 UTC,2026-07-01 19:40:58 UTC,898.45,0.3384,0.0045,0.0,0.0008,0.08,17.73,MIN_PROFIT_TP_HIT,0.0476
98,TRUMP_USDT,LONG,StochasticRSI(FAST_SCALP-LONG),2,0.2,1.69,1.684,1.694,1.684,2026-07-01 19:43:59 UTC,2026-07-01 19:56:20 UTC,740.57,0.338,0.0045,0.0,-0.0012,-0.11,-26.63,STOP_LOSS_HIT,0.0464
99,TRUMP_USDT,LONG,StochasticRSI(FAST_SCALP-LONG),2,0.2,1.686,1.69,1.69,1.68,2026-07-01 20:00:59 UTC,2026-07-01 20:05:23 UTC,263.23,0.3372,0.0045,0.0,0.0008,0.08,17.79,MIN_PROFIT_TP_HIT,0.0472
100,TRUMP_USDT,SHORT,StochasticRSI(FAST_SCALP-SHORT),2,0.2,1.692,1.688,1.688,1.698,2026-07-01 20:07:59 UTC,2026-07-01 20:08:01 UTC,1.46,0.3384,0.0045,0.0,0.0008,0.08,17.73,MIN_PROFIT_TP_HIT,0.048
101,TRUMP_USDT,SHORT,StochasticRSI(FAST_SCALP-SHORT),2,0.2,1.683,1.689,1.679,1.689,2026-07-01 20:09:59 UTC,2026-07-01 20:15:03 UTC,303.95,0.3366,0.0045,0.0,-0.0012,-0.11,-26.74,STOP_LOSS_HIT,0.0468
102,TRUMP_USDT,LONG,StochasticRSI(FAST_SCALP-LONG),2,0.2,1.685,1.689,1.689,1.679,2026-07-01 20:21:59 UTC,2026-07-01 20:26:38 UTC,278.57,0.337,0.0045,0.0,0.0008,0.08,17.8,MIN_PROFIT_TP_HIT,0.0476
103,TRUMP_USDT,SHORT,StochasticRSI(FAST_SCALP-SHORT),2,0.2,1.687,1.693,1.683,1.693,2026-07-01 20:28:59 UTC,2026-07-01 20:56:38 UTC,1658.58,0.3374,0.0045,0.0,-0.0012,-0.11,-26.67,STOP_LOSS_HIT,0.0464
104,TRUMP_USDT,LONG,StochasticRSI(FAST_SCALP-LONG),2,0.2,1.693,1.697,1.697,1.687,2026-07-01 21:01:59 UTC,2026-07-01 21:09:16 UTC,436.21,0.3386,0.0045,0.0,0.0008,0.08,17.72,MIN_PROFIT_TP_HIT,0.0472
105,TRUMP_USDT,SHORT,StochasticRSI(FAST_SCALP-SHORT),2,0.2,1.7,1.706,1.696,1.706,2026-07-01 21:16:59 UTC,2026-07-01 21:26:19 UTC,559.09,0.34,0.0045,0.0,-0.0012,-0.11,-26.47,STOP_LOSS_HIT,0.046
106,TRUMP_USDT,SHORT,StochasticRSI(FAST_SCALP-SHORT),2,0.2,1.707,1.713,1.703,1.713,2026-07-01 21:31:59 UTC,2026-07-01 21:35:54 UTC,234.52,0.3414,0.0046,0.0,-0.0012,-0.11,-26.36,STOP_LOSS_HIT,0.0448
107,TRUMP_USDT,SHORT,StochasticRSI(FAST_SCALP-SHORT),2,0.2,1.715,1.721,1.711,1.721,2026-07-01 21:38:59 UTC,2026-07-01 21:53:09 UTC,849.63,0.343,0.0046,0.0,-0.0012,-0.11,-26.24,STOP_LOSS_HIT,0.0436
108,TRUMP_USDT,SHORT,StochasticRSI(FAST_SCALP-SHORT),2,0.2,1.717,1.713,1.713,1.723,2026-07-01 21:55:59 UTC,2026-07-01 21:56:49 UTC,49.23,0.3434,0.0046,0.0,0.0008,0.08,17.47,MIN_PROFIT_TP_HIT,0.0444
109,TRUMP_USDT,LONG,StochasticRSI(FAST_SCALP-LONG),2,0.2,1.713,1.717,1.717,1.707,2026-07-01 21:59:59 UTC,2026-07-01 22:21:17 UTC,1277.01,0.3426,0.0046,0.0,0.0008,0.08,17.51,MIN_PROFIT_TP_HIT,0.0452
110,TRUMP_USDT,SHORT,StochasticRSI(FAST_SCALP-SHORT),2,0.2,1.716,1.712,1.712,1.722,2026-07-01 22:25:59 UTC,2026-07-01 22:27:04 UTC,64.31,0.3432,0.0046,0.0,0.0008,0.08,17.48,MIN_PROFIT_TP_HIT,0.046
111,TRUMP_USDT,LONG,StochasticRSI(FAST_SCALP-LONG),2,0.2,1.707,1.701,1.711,1.701,2026-07-01 22:31:59 UTC,2026-07-01 22:46:02 UTC,842.88,0.3414,0.0046,0.0,-0.0012,-0.11,-26.36,STOP_LOSS_HIT,0.0448
112,TRUMP_USDT,SHORT,StochasticRSI(FAST_SCALP-SHORT),2,0.2,1.7,1.696,1.696,1.706,2026-07-01 22:56:59 UTC,2026-07-01 23:02:14 UTC,314.92,0.34,0.0045,0.0,0.0008,0.08,17.65,MIN_PROFIT_TP_HIT,0.0456
113,TRUMP_USDT,SHORT,StochasticRSI(FAST_SCALP-SHORT),2,0.2,1.695,1.691,1.691,1.701,2026-07-01 23:07:59 UTC,2026-07-01 23:11:10 UTC,190.06,0.339,0.0045,0.0,0.0008,0.08,17.7,MIN_PROFIT_TP_HIT,0.0464
114,TRUMP_USDT,LONG,StochasticRSI(FAST_SCALP-LONG),2,0.2,1.688,1.692,1.692,1.682,2026-07-01 23:15:59 UTC,2026-07-01 23:19:12 UTC,192.08,0.3376,0.0045,0.0,0.0008,0.08,17.77,MIN_PROFIT_TP_HIT,0.0472
115,TRUMP_USDT,SHORT,StochasticRSI(FAST_SCALP-SHORT),2,0.2,1.69,1.686,1.686,1.696,2026-07-01 23:22:59 UTC,2026-07-01 23:34:47 UTC,707.62,0.338,0.0045,0.0,0.0008,0.08,17.75,MIN_PROFIT_TP_HIT,0.048
116,TRUMP_USDT,LONG,StochasticRSI(FAST_SCALP-LONG),2,0.2,1.685,1.689,1.689,1.679,2026-07-01 23:35:59 UTC,2026-07-01 23:38:44 UTC,164.54,0.337,0.0045,0.0,0.0008,0.08,17.8,MIN_PROFIT_TP_HIT,0.0488
117,TRUMP_USDT,LONG,StochasticRSI(FAST_SCALP-LONG),2,0.2,1.684,1.678,1.688,1.678,2026-07-01 23:54:59 UTC,2026-07-02 00:02:33 UTC,453.86,0.3368,0.0045,0.0,-0.0012,-0.11,-26.72,STOP_LOSS_HIT,0.0476
118,TRUMP_USDT,LONG,StochasticRSI(FAST_SCALP-LONG),2,0.2,1.679,1.683,1.683,1.673,2026-07-02 00:06:59 UTC,2026-07-02 00:08:47 UTC,107.19,0.3358,0.0045,0.0,0.0008,0.08,17.87,MIN_PROFIT_TP_HIT,0.0484
119,TRUMP_USDT,SHORT,StochasticRSI(FAST_SCALP-SHORT),2,0.2,1.683,1.679,1.679,1.689,2026-07-02 00:12:59 UTC,2026-07-02 00:18:40 UTC,340.96,0.3366,0.0045,0.0,0.0008,0.08,17.83,MIN_PROFIT_TP_HIT,0.0492
120,TRUMP_USDT,LONG,StochasticRSI(FAST_SCALP-LONG),2,0.2,1.68,1.674,1.684,1.674,2026-07-02 00:22:59 UTC,2026-07-02 00:27:35 UTC,275.2,0.336,0.0045,0.0,-0.0012,-0.11,-26.79,STOP_LOSS_HIT,0.048
121,TRUMP_USDT,SHORT,StochasticRSI(FAST_SCALP-SHORT),2,0.2,1.672,1.678,1.668,1.678,2026-07-02 00:39:59 UTC,2026-07-02 00:49:48 UTC,588.06,0.3344,0.0045,0.0,-0.0012,-0.11,-26.91,STOP_LOSS_HIT,0.0468
122,TRUMP_USDT,SHORT,StochasticRSI(FAST_SCALP-SHORT),2,0.2,1.679,1.685,1.675,1.685,2026-07-02 01:02:59 UTC,2026-07-02 01:15:09 UTC,729.22,0.3358,0.0045,0.0,-0.0012,-0.11,-26.8,STOP_LOSS_HIT,0.0456
123,TRUMP_USDT,SHORT,StochasticRSI(FAST_SCALP-SHORT),2,0.2,1.682,1.688,1.678,1.688,2026-07-02 01:17:59 UTC,2026-07-02 01:25:06 UTC,426.33,0.3364,0.0045,0.0,-0.0012,-0.11,-26.75,STOP_LOSS_HIT,0.0444
124,TRUMP_USDT,SHORT,StochasticRSI(FAST_SCALP-SHORT),2,0.2,1.687,1.693,1.683,1.693,2026-07-02 01:28:59 UTC,2026-07-02 01:39:25 UTC,625.32,0.3374,0.0045,0.0,-0.0012,-0.11,-26.67,STOP_LOSS_HIT,0.0432
125,TRUMP_USDT,SHORT,StochasticRSI(FAST_SCALP-SHORT),2,0.2,1.693,1.689,1.689,1.699,2026-07-02 01:43:59 UTC,2026-07-02 01:50:40 UTC,400.54,0.3386,0.0045,0.0,0.0008,0.08,17.72,MIN_PROFIT_TP_HIT,0.044
126,TRUMP_USDT,LONG,StochasticRSI(FAST_SCALP-LONG),2,0.2,1.689,1.683,1.693,1.683,2026-07-02 01:53:59 UTC,2026-07-02 02:07:43 UTC,823.15,0.3378,0.0045,0.0,-0.0012,-0.11,-26.64,STOP_LOSS_HIT,0.0428
127,TRUMP_USDT,LONG,StochasticRSI(FAST_SCALP-LONG),2,0.2,1.678,1.682,1.682,1.672,2026-07-02 02:12:59 UTC,2026-07-02 02:13:38 UTC,38.29,0.3356,0.0045,0.0,0.0008,0.08,17.88,MIN_PROFIT_TP_HIT,0.0436
128,TRUMP_USDT,SHORT,StochasticRSI(FAST_SCALP-SHORT),2,0.2,1.682,1.688,1.678,1.688,2026-07-02 02:18:59 UTC,2026-07-02 02:36:02 UTC,1022.38,0.3364,0.0045,0.0,-0.0012,-0.11,-26.75,STOP_LOSS_HIT,0.0424
129,TRUMP_USDT,SHORT,StochasticRSI(FAST_SCALP-SHORT),2,0.2,1.688,1.694,1.684,1.694,2026-07-02 02:37:59 UTC,2026-07-02 02:42:40 UTC,280.49,0.3376,0.0045,0.0,-0.0012,-0.11,-26.66,STOP_LOSS_HIT,0.0412
130,TRUMP_USDT,SHORT,StochasticRSI(FAST_SCALP-SHORT),2,0.2,1.694,1.69,1.69,1.7,2026-07-02 02:44:59 UTC,2026-07-02 02:49:11 UTC,251.44,0.3388,0.0045,0.0,0.0008,0.08,17.71,MIN_PROFIT_TP_HIT,0.042
131,TRUMP_USDT,LONG,StochasticRSI(FAST_SCALP-LONG),2,0.2,1.691,1.685,1.695,1.685,2026-07-02 02:52:59 UTC,2026-07-02 03:19:04 UTC,1564.23,0.3382,0.0045,0.0,-0.0012,-0.11,-26.61,STOP_LOSS_HIT,0.0408
132,TRUMP_USDT,LONG,StochasticRSI(FAST_SCALP-LONG),2,0.2,1.684,1.688,1.688,1.678,2026-07-02 03:23:59 UTC,2026-07-02 03:27:50 UTC,230.92,0.3368,0.0045,0.0,0.0008,0.08,17.81,MIN_PROFIT_TP_HIT,0.0416
133,TRUMP_USDT,SHORT,StochasticRSI(FAST_SCALP-SHORT),2,0.2,1.691,1.697,1.687,1.697,2026-07-02 03:30:59 UTC,2026-07-02 03:38:47 UTC,467.13,0.3382,0.0045,0.0,-0.0012,-0.11,-26.61,STOP_LOSS_HIT,0.0404
134,TRUMP_USDT,LONG,StochasticRSI(FAST_SCALP-LONG),2,0.2,1.696,1.7,1.7,1.69,2026-07-02 03:39:59 UTC,2026-07-02 03:44:41 UTC,281.43,0.3392,0.0045,0.0,0.0008,0.08,17.69,MIN_PROFIT_TP_HIT,0.0412
135,TRUMP_USDT,LONG,StochasticRSI(FAST_SCALP-LONG),2,0.2,1.697,1.701,1.701,1.691,2026-07-02 03:51:59 UTC,2026-07-02 03:52:14 UTC,14.09,0.3394,0.0045,0.0,0.0008,0.08,17.68,MIN_PROFIT_TP_HIT,0.042
136,TRUMP_USDT,LONG,StochasticRSI(FAST_SCALP-LONG),2,0.2,1.699,1.693,1.703,1.693,2026-07-02 04:10:59 UTC,2026-07-02 04:15:50 UTC,290.99,0.3398,0.0045,0.0,-0.0012,-0.11,-26.49,STOP_LOSS_HIT,0.0408
137,TRUMP_USDT,LONG,StochasticRSI(FAST_SCALP-LONG),2,0.2,1.692,1.696,1.696,1.686,2026-07-02 04:25:59 UTC,2026-07-02 04:44:20 UTC,1100.62,0.3384,0.0045,0.0,0.0008,0.08,17.73,MIN_PROFIT_TP_HIT,0.0416
138,TRUMP_USDT,SHORT,StochasticRSI(FAST_SCALP-SHORT),2,0.2,1.708,1.704,1.704,1.714,2026-07-02 04:49:59 UTC,2026-07-02 04:54:20 UTC,260.32,0.3416,0.0046,0.0,0.0008,0.08,17.56,MIN_PROFIT_TP_HIT,0.0424
139,TRUMP_USDT,LONG,StochasticRSI(FAST_SCALP-LONG),2,0.2,1.704,1.698,1.708,1.698,2026-07-02 04:57:59 UTC,2026-07-02 05:25:31 UTC,1651.06,0.3408,0.0045,0.0,-0.0012,-0.11,-26.41,STOP_LOSS_HIT,0.0412
140,TRUMP_USDT,LONG,StochasticRSI(FAST_SCALP-LONG),2,0.2,1.697,1.691,1.701,1.691,2026-07-02 05:27:59 UTC,2026-07-02 05:33:49 UTC,349.82,0.3394,0.0045,0.0,-0.0012,-0.11,-26.52,STOP_LOSS_HIT,0.04
141,TRUMP_USDT,SHORT,StochasticRSI(FAST_SCALP-SHORT),2,0.2,1.691,1.687,1.687,1.697,2026-07-02 05:39:59 UTC,2026-07-02 05:44:20 UTC,260.6,0.3382,0.0045,0.0,0.0008,0.08,17.74,MIN_PROFIT_TP_HIT,0.0408
142,TRUMP_USDT,LONG,StochasticRSI(FAST_SCALP-LONG),2,0.2,1.687,1.691,1.691,1.681,2026-07-02 05:46:59 UTC,2026-07-02 05:53:27 UTC,387.95,0.3374,0.0045,0.0,0.0008,0.08,17.78,MIN_PROFIT_TP_HIT,0.0416
143,TRUMP_USDT,SHORT,StochasticRSI(FAST_SCALP-SHORT),2,0.2,1.69,1.686,1.686,1.696,2026-07-02 05:55:59 UTC,2026-07-02 06:03:25 UTC,445.69,0.338,0.0045,0.0,0.0008,0.08,17.75,MIN_PROFIT_TP_HIT,0.0424
144,TRUMP_USDT,LONG,StochasticRSI(FAST_SCALP-LONG),2,0.2,1.688,1.682,1.692,1.682,2026-07-02 06:07:59 UTC,2026-07-02 06:12:06 UTC,246.64,0.3376,0.0045,0.0,-0.0012,-0.11,-26.66,STOP_LOSS_HIT,0.0412
145,TRUMP_USDT,LONG,StochasticRSI(FAST_SCALP-LONG),2,0.2,1.682,1.686,1.686,1.676,2026-07-02 06:14:59 UTC,2026-07-02 06:16:56 UTC,116.26,0.3364,0.0045,0.0,0.0008,0.08,17.84,MIN_PROFIT_TP_HIT,0.042
146,TRUMP_USDT,SHORT,StochasticRSI(FAST_SCALP-SHORT),2,0.2,1.685,1.691,1.681,1.691,2026-07-02 06:24:59 UTC,2026-07-02 06:32:19 UTC,439.45,0.337,0.0045,0.0,-0.0012,-0.11,-26.71,STOP_LOSS_HIT,0.0408
147,TRUMP_USDT,LONG,StochasticRSI(FAST_SCALP-LONG),2,0.2,1.688,1.682,1.692,1.682,2026-07-02 06:41:59 UTC,2026-07-02 06:47:03 UTC,303.12,0.3376,0.0045,0.0,-0.0012,-0.11,-26.66,STOP_LOSS_HIT,0.0396
148,TRUMP_USDT,LONG,StochasticRSI(FAST_SCALP-LONG),2,0.2,1.683,1.677,1.687,1.677,2026-07-02 06:53:59 UTC,2026-07-02 07:04:23 UTC,623.56,0.3366,0.0045,0.0,-0.0012,-0.11,-26.74,STOP_LOSS_HIT,0.0384
149,TRUMP_USDT,SHORT,StochasticRSI(FAST_SCALP-SHORT),2,0.2,1.681,1.677,1.677,1.687,2026-07-02 07:09:59 UTC,2026-07-02 07:12:08 UTC,128.43,0.3362,0.0045,0.0,0.0008,0.08,17.85,MIN_PROFIT_TP_HIT,0.0392
150,TRUMP_USDT,LONG,StochasticRSI(FAST_SCALP-LONG),2,0.2,1.678,1.672,1.682,1.672,2026-07-02 07:16:59 UTC,2026-07-02 07:30:38 UTC,818.79,0.3356,0.0045,0.0,-0.0012,-0.11,-26.82,STOP_LOSS_HIT,0.038
151,TRUMP_USDT,LONG,StochasticRSI(FAST_SCALP-LONG),2,0.2,1.669,1.673,1.673,1.663,2026-07-02 07:35:59 UTC,2026-07-02 07:39:26 UTC,206.65,0.3338,0.0045,0.0,0.0008,0.08,17.97,MIN_PROFIT_TP_HIT,0.0388
152,TRUMP_USDT,SHORT,StochasticRSI(FAST_SCALP-SHORT),2,0.2,1.675,1.671,1.671,1.681,2026-07-02 07:44:59 UTC,2026-07-02 08:11:52 UTC,1612.52,0.335,0.0045,0.0,0.0008,0.08,17.91,MIN_PROFIT_TP_HIT,0.0396
153,TRUMP_USDT,LONG,StochasticRSI(FAST_SCALP-LONG),2,0.2,1.675,1.679,1.679,1.669,2026-07-02 08:15:59 UTC,2026-07-02 08:28:31 UTC,751.64,0.335,0.0045,0.0,0.0008,0.08,17.91,MIN_PROFIT_TP_HIT,0.0404
154,TRUMP_USDT,SHORT,StochasticRSI(FAST_SCALP-SHORT),2,0.2,1.679,1.675,1.675,1.685,2026-07-02 08:31:59 UTC,2026-07-02 09:06:27 UTC,2067.18,0.3358,0.0045,0.0,0.0008,0.08,17.87,MIN_PROFIT_TP_HIT,0.0412
155,TRUMP_USDT,LONG,StochasticRSI(FAST_SCALP-LONG),2,0.2,1.675,1.679,1.679,1.669,2026-07-02 09:09:59 UTC,2026-07-02 09:22:01 UTC,721.52,0.335,0.0045,0.0,0.0008,0.08,17.91,MIN_PROFIT_TP_HIT,0.042
156,TRUMP_USDT,SHORT,StochasticRSI(FAST_SCALP-SHORT),2,0.2,1.676,1.682,1.672,1.682,2026-07-02 09:23:59 UTC,2026-07-02 09:30:51 UTC,411.91,0.3352,0.0045,0.0,-0.0012,-0.11,-26.85,STOP_LOSS_HIT,0.0408
157,TRUMP_USDT,SHORT,StochasticRSI(FAST_SCALP-SHORT),2,0.2,1.683,1.689,1.679,1.689,2026-07-02 09:33:59 UTC,2026-07-02 09:36:35 UTC,155.04,0.3366,0.0045,0.0,-0.0012,-0.11,-26.74,STOP_LOSS_HIT,0.0396
158,TRUMP_USDT,SHORT,StochasticRSI(FAST_SCALP-SHORT),2,0.2,1.691,1.687,1.687,1.697,2026-07-02 09:40:59 UTC,2026-07-02 09:45:46 UTC,286.97,0.3382,0.0045,0.0,0.0008,0.08,17.74,MIN_PROFIT_TP_HIT,0.0404
159,TRUMP_USDT,LONG,StochasticRSI(FAST_SCALP-LONG),2,0.2,1.69,1.684,1.694,1.684,2026-07-02 09:48:59 UTC,2026-07-02 10:00:43 UTC,703.46,0.338,0.0045,0.0,-0.0012,-0.11,-26.63,STOP_LOSS_HIT,0.0392
160,TRUMP_USDT,LONG,StochasticRSI(FAST_SCALP-LONG),2,0.2,1.685,1.689,1.689,1.679,2026-07-02 10:02:59 UTC,2026-07-02 10:06:20 UTC,200.07,0.337,0.0045,0.0,0.0008,0.08,17.8,MIN_PROFIT_TP_HIT,0.04
161,TRUMP_USDT,SHORT,StochasticRSI(FAST_SCALP-SHORT),2,0.2,1.69,1.696,1.686,1.696,2026-07-02 10:10:59 UTC,2026-07-02 10:30:07 UTC,1147.75,0.338,0.0045,0.0,-0.0012,-0.11,-26.63,STOP_LOSS_HIT,0.0388
162,TRUMP_USDT,LONG,StochasticRSI(FAST_SCALP-LONG),2,0.2,1.696,1.7,1.7,1.69,2026-07-02 10:43:59 UTC,2026-07-02 11:10:40 UTC,1600.07,0.3392,0.0045,0.0,0.0008,0.08,17.69,MIN_PROFIT_TP_HIT,0.0396
163,TRUMP_USDT,SHORT,StochasticRSI(FAST_SCALP-SHORT),2,0.2,1.704,1.71,1.7,1.71,2026-07-02 11:16:59 UTC,2026-07-02 11:25:51 UTC,531.85,0.3408,0.0045,0.0,-0.0012,-0.11,-26.41,STOP_LOSS_HIT,0.0384
164,TRUMP_USDT,SHORT,StochasticRSI(FAST_SCALP-SHORT),2,0.2,1.711,1.717,1.707,1.717,2026-07-02 11:29:59 UTC,2026-07-02 11:44:43 UTC,883.82,0.3422,0.0046,0.0,-0.0012,-0.11,-26.3,STOP_LOSS_HIT,0.0372
165,TRUMP_USDT,SHORT,StochasticRSI(FAST_SCALP-SHORT),2,0.2,1.713,1.709,1.709,1.719,2026-07-02 11:47:59 UTC,2026-07-02 11:49:40 UTC,100.16,0.3426,0.0046,0.0,0.0008,0.08,17.51,MIN_PROFIT_TP_HIT,0.038
166,TRUMP_USDT,LONG,StochasticRSI(FAST_SCALP-LONG),2,0.2,1.706,1.7,1.71,1.7,2026-07-02 11:52:59 UTC,2026-07-02 11:54:44 UTC,104.82,0.3412,0.0045,0.0,-0.0012,-0.11,-26.38,STOP_LOSS_HIT,0.0368
167,TRUMP_USDT,LONG,StochasticRSI(FAST_SCALP-LONG),2,0.2,1.703,1.707,1.707,1.697,2026-07-02 11:57:59 UTC,2026-07-02 11:59:58 UTC,118.82,0.3406,0.0045,0.0,0.0008,0.08,17.62,MIN_PROFIT_TP_HIT,0.0376
168,TRUMP_USDT,SHORT,StochasticRSI(FAST_SCALP-SHORT),2,0.2,1.704,1.71,1.7,1.71,2026-07-02 12:03:59 UTC,2026-07-02 12:12:04 UTC,484.54,0.3408,0.0045,0.0,-0.0012,-0.11,-26.41,STOP_LOSS_HIT,0.0364
169,TRUMP_USDT,SHORT,StochasticRSI(FAST_SCALP-SHORT),2,0.2,1.708,1.704,1.704,1.714,2026-07-02 12:15:59 UTC,2026-07-02 12:19:37 UTC,217.45,0.3416,0.0046,0.0,0.0008,0.08,17.56,MIN_PROFIT_TP_HIT,0.0372
170,TRUMP_USDT,LONG,StochasticRSI(FAST_SCALP-LONG),2,0.2,1.709,1.713,1.713,1.703,2026-07-02 12:22:59 UTC,2026-07-02 12:29:15 UTC,375.44,0.3418,0.0046,0.0,0.0008,0.08,17.55,MIN_PROFIT_TP_HIT,0.038
171,TRUMP_USDT,SHORT,StochasticRSI(FAST_SCALP-SHORT),2,0.2,1.713,1.709,1.709,1.719,2026-07-02 12:32:59 UTC,2026-07-02 12:33:49 UTC,49.84,0.3426,0.0046,0.0,0.0008,0.08,17.51,MIN_PROFIT_TP_HIT,0.0388
172,TRUMP_USDT,LONG,StochasticRSI(FAST_SCALP-LONG),2,0.2,1.713,1.717,1.717,1.707,2026-07-02 12:37:59 UTC,2026-07-02 12:56:40 UTC,1120.09,0.3426,0.0046,0.0,0.0008,0.08,17.51,MIN_PROFIT_TP_HIT,0.0396
173,TRUMP_USDT,LONG,StochasticRSI(FAST_SCALP-LONG),2,0.2,1.715,1.709,1.719,1.709,2026-07-02 12:57:59 UTC,2026-07-02 13:01:54 UTC,234.77,0.343,0.0046,0.0,-0.0012,-0.11,-26.24,STOP_LOSS_HIT,0.0384
174,TRUMP_USDT,LONG,StochasticRSI(FAST_SCALP-LONG),2,0.2,1.708,1.712,1.712,1.702,2026-07-02 13:04:59 UTC,2026-07-02 13:05:35 UTC,35.91,0.3416,0.0046,0.0,0.0008,0.08,17.56,MIN_PROFIT_TP_HIT,0.0392
175,TRUMP_USDT,SHORT,StochasticRSI(FAST_SCALP-SHORT),2,0.2,1.71,1.706,1.706,1.716,2026-07-02 13:18:59 UTC,2026-07-02 13:29:00 UTC,600.85,0.342,0.0046,0.0,0.0008,0.08,17.54,MIN_PROFIT_TP_HIT,0.04
176,TRUMP_USDT,LONG,StochasticRSI(FAST_SCALP-LONG),2,0.2,1.709,1.713,1.713,1.703,2026-07-02 13:32:59 UTC,2026-07-02 13:33:31 UTC,31.24,0.3418,0.0046,0.0,0.0008,0.08,17.55,MIN_PROFIT_TP_HIT,0.0408
177,TRUMP_USDT,SHORT,StochasticRSI(FAST_SCALP-SHORT),2,0.2,1.714,1.72,1.71,1.72,2026-07-02 13:38:59 UTC,2026-07-02 13:51:05 UTC,725.99,0.3428,0.0046,0.0,-0.0012,-0.11,-26.25,STOP_LOSS_HIT,0.0396
178,TRUMP_USDT,SHORT,StochasticRSI(FAST_SCALP-SHORT),2,0.2,1.716,1.722,1.712,1.722,2026-07-02 13:54:59 UTC,2026-07-02 14:01:18 UTC,378.25,0.3432,0.0046,0.0,-0.0012,-0.11,-26.22,STOP_LOSS_HIT,0.0384
179,TRUMP_USDT,SHORT,StochasticRSI(FAST_SCALP-SHORT),2,0.2,1.713,1.709,1.709,1.719,2026-07-02 14:04:59 UTC,2026-07-02 14:09:11 UTC,251.77,0.3426,0.0046,0.0,0.0008,0.08,17.51,MIN_PROFIT_TP_HIT,0.0392
180,TRUMP_USDT,LONG,StochasticRSI(FAST_SCALP-LONG),2,0.2,1.718,1.712,1.722,1.712,2026-07-02 14:12:59 UTC,2026-07-02 14:16:48 UTC,228.99,0.3436,0.0046,0.0,-0.0012,-0.11,-26.19,STOP_LOSS_HIT,0.038
181,TRUMP_USDT,LONG,StochasticRSI(FAST_SCALP-LONG),2,0.2,1.7,1.704,1.704,1.694,2026-07-02 14:23:59 UTC,2026-07-02 14:29:13 UTC,313.07,0.34,0.0045,0.0,0.0008,0.08,17.65,MIN_PROFIT_TP_HIT,0.0388
182,TRUMP_USDT,SHORT,StochasticRSI(FAST_SCALP-SHORT),2,0.2,1.703,1.699,1.699,1.709,2026-07-02 14:33:59 UTC,2026-07-02 14:35:21 UTC,81.08,0.3406,0.0045,0.0,0.0008,0.08,17.62,MIN_PROFIT_TP_HIT,0.0396
183,TRUMP_USDT,SHORT,StochasticRSI(FAST_SCALP-SHORT),2,0.2,1.705,1.701,1.701,1.711,2026-07-02 14:40:59 UTC,2026-07-02 14:41:34 UTC,34.54,0.341,0.0045,0.0,0.0008,0.08,17.6,MIN_PROFIT_TP_HIT,0.0404
184,TRUMP_USDT,LONG,StochasticRSI(FAST_SCALP-LONG),2,0.2,1.705,1.699,1.709,1.699,2026-07-02 14:45:59 UTC,2026-07-02 14:53:33 UTC,453.99,0.341,0.0045,0.0,-0.0012,-0.11,-26.39,STOP_LOSS_HIT,0.0392
185,TRUMP_USDT,LONG,StochasticRSI(FAST_SCALP-LONG),2,0.2,1.702,1.696,1.706,1.696,2026-07-02 14:58:59 UTC,2026-07-02 15:04:31 UTC,331.68,0.3404,0.0045,0.0,-0.0012,-0.11,-26.44,STOP_LOSS_HIT,0.038
186,TRUMP_USDT,LONG,StochasticRSI(FAST_SCALP-LONG),2,0.2,1.693,1.697,1.697,1.687,2026-07-02 15:09:59 UTC,2026-07-02 15:12:36 UTC,156.84,0.3386,0.0045,0.0,0.0008,0.08,17.72,MIN_PROFIT_TP_HIT,0.0388
187,TRUMP_USDT,SHORT,StochasticRSI(FAST_SCALP-SHORT),2,0.2,1.697,1.703,1.693,1.703,2026-07-02 15:17:59 UTC,2026-07-02 15:26:31 UTC,511.4,0.3394,0.0045,0.0,-0.0012,-0.11,-26.52,STOP_LOSS_HIT,0.0376
188,TRUMP_USDT,SHORT,StochasticRSI(FAST_SCALP-SHORT),2,0.2,1.702,1.708,1.698,1.708,2026-07-02 15:30:59 UTC,2026-07-02 15:35:15 UTC,255.49,0.3404,0.0045,0.0,-0.0012,-0.11,-26.44,STOP_LOSS_HIT,0.0364
189,TRUMP_USDT,SHORT,StochasticRSI(FAST_SCALP-SHORT),2,0.2,1.706,1.702,1.702,1.712,2026-07-02 15:37:59 UTC,2026-07-02 15:49:29 UTC,689.25,0.3412,0.0045,0.0,0.0008,0.08,17.58,MIN_PROFIT_TP_HIT,0.0372
190,TRUMP_USDT,LONG,StochasticRSI(FAST_SCALP-LONG),2,0.2,1.702,1.706,1.706,1.696,2026-07-02 15:52:59 UTC,2026-07-02 15:58:32 UTC,332.27,0.3404,0.0045,0.0,0.0008,0.08,17.63,MIN_PROFIT_TP_HIT,0.038
191,TRUMP_USDT,SHORT,StochasticRSI(FAST_SCALP-SHORT),2,0.2,1.703,1.709,1.699,1.709,2026-07-02 16:01:59 UTC,2026-07-02 16:05:39 UTC,219.21,0.3406,0.0045,0.0,-0.0012,-0.11,-26.42,STOP_LOSS_HIT,0.0368
192,TRUMP_USDT,SHORT,StochasticRSI(FAST_SCALP-SHORT),2,0.2,1.708,1.704,1.704,1.714,2026-07-02 16:09:59 UTC,2026-07-02 16:17:54 UTC,474.7,0.3416,0.0046,0.0,0.0008,0.08,17.56,MIN_PROFIT_TP_HIT,0.0376
193,TRUMP_USDT,LONG,StochasticRSI(FAST_SCALP-LONG),2,0.2,1.702,1.696,1.706,1.696,2026-07-02 16:19:59 UTC,2026-07-02 16:27:20 UTC,440.38,0.3404,0.0045,0.0,-0.0012,-0.11,-26.44,STOP_LOSS_HIT,0.0364
194,TRUMP_USDT,LONG,StochasticRSI(FAST_SCALP-LONG),2,0.2,1.696,1.7,1.7,1.69,2026-07-02 16:32:59 UTC,2026-07-02 16:39:46 UTC,406.91,0.3392,0.0045,0.0,0.0008,0.08,17.69,MIN_PROFIT_TP_HIT,0.0372
195,TRUMP_USDT,SHORT,StochasticRSI(FAST_SCALP-SHORT),2,0.2,1.707,1.703,1.703,1.713,2026-07-02 16:51:59 UTC,2026-07-02 16:55:42 UTC,222.59,0.3414,0.0046,0.0,0.0008,0.08,17.57,MIN_PROFIT_TP_HIT,0.038
196,TRUMP_USDT,LONG,StochasticRSI(FAST_SCALP-LONG),2,0.2,1.703,1.707,1.707,1.697,2026-07-02 17:02:59 UTC,2026-07-02 17:18:16 UTC,916.85,0.3406,0.0045,0.0,0.0008,0.08,17.62,MIN_PROFIT_TP_HIT,0.0388
197,TRUMP_USDT,SHORT,StochasticRSI(FAST_SCALP-SHORT),2,0.2,1.706,1.712,1.702,1.712,2026-07-02 17:20:59 UTC,2026-07-02 17:23:15 UTC,135.08,0.3412,0.0045,0.0,-0.0012,-0.11,-26.38,STOP_LOSS_HIT,0.0376
198,TRUMP_USDT,SHORT,StochasticRSI(FAST_SCALP-SHORT),2,0.2,1.709,1.705,1.705,1.715,2026-07-02 17:25:59 UTC,2026-07-02 17:33:52 UTC,472.98,0.3418,0.0046,0.0,0.0008,0.08,17.55,MIN_PROFIT_TP_HIT,0.0384
199,TRUMP_USDT,LONG,StochasticRSI(FAST_SCALP-LONG),2,0.2,1.7,1.704,1.704,1.694,2026-07-02 17:38:59 UTC,2026-07-02 17:42:21 UTC,201.85,0.34,0.0045,0.0,0.0008,0.08,17.65,MIN_PROFIT_TP_HIT,0.0392
200,TRUMP_USDT,SHORT,StochasticRSI(FAST_SCALP-SHORT),2,0.2,1.703,1.699,1.699,1.709,2026-07-02 17:46:59 UTC,2026-07-02 17:52:27 UTC,327.88,0.3406,0.0045,0.0,0.0008,0.08,17.62,MIN_PROFIT_TP_HIT,0.04
201,TRUMP_USDT,LONG,StochasticRSI(FAST_SCALP-LONG),2,0.2,1.701,1.695,1.705,1.695,2026-07-02 18:15:59 UTC,2026-07-02 18:18:51 UTC,171.05,0.3402,0.0045,0.0,-0.0012,-0.11,-26.46,STOP_LOSS_HIT,0.0388
202,TRUMP_USDT,LONG,StochasticRSI(FAST_SCALP-LONG),2,0.2,1.699,1.703,1.703,1.693,2026-07-02 18:20:59 UTC,2026-07-02 18:37:34 UTC,994.52,0.3398,0.0045,0.0,0.0008,0.08,17.66,MIN_PROFIT_TP_HIT,0.0396
203,TRUMP_USDT,SHORT,StochasticRSI(FAST_SCALP-SHORT),2,0.2,1.702,1.708,1.698,1.708,2026-07-02 18:42:59 UTC,2026-07-02 19:00:20 UTC,1040.41,0.3404,0.0045,0.0,-0.0012,-0.11,-26.44,STOP_LOSS_HIT,0.0384
204,TRUMP_USDT,SHORT,StochasticRSI(FAST_SCALP-SHORT),2,0.2,1.709,1.705,1.705,1.715,2026-07-02 19:16:59 UTC,2026-07-02 19:21:02 UTC,242.56,0.3418,0.0046,0.0,0.0008,0.08,17.55,MIN_PROFIT_TP_HIT,0.0392
205,TRUMP_USDT,LONG,StochasticRSI(FAST_SCALP-LONG),2,0.2,1.705,1.709,1.709,1.699,2026-07-02 19:23:59 UTC,2026-07-02 19:28:27 UTC,267.61,0.341,0.0045,0.0,0.0008,0.08,17.6,MIN_PROFIT_TP_HIT,0.04
206,TRUMP_USDT,SHORT,StochasticRSI(FAST_SCALP-SHORT),2,0.2,1.708,1.704,1.704,1.714,2026-07-02 19:31:59 UTC,2026-07-02 19:38:59 UTC,419.54,0.3416,0.0046,0.0,0.0008,0.08,17.56,MIN_PROFIT_TP_HIT,0.0408
207,TRUMP_USDT,LONG,StochasticRSI(FAST_SCALP-LONG),2,0.2,1.708,1.712,1.712,1.702,2026-07-02 19:41:59 UTC,2026-07-02 19:50:00 UTC,480.41,0.3416,0.0046,0.0,0.0008,0.08,17.56,MIN_PROFIT_TP_HIT,0.0416
208,TRUMP_USDT,SHORT,StochasticRSI(FAST_SCALP-SHORT),2,0.2,1.71,1.706,1.706,1.716,2026-07-02 19:52:59 UTC,2026-07-02 20:25:53 UTC,1973.72,0.342,0.0046,0.0,0.0008,0.08,17.54,MIN_PROFIT_TP_HIT,0.0424
209,TRUMP_USDT,LONG,StochasticRSI(FAST_SCALP-LONG),2,0.2,1.707,1.711,1.711,1.701,2026-07-02 20:28:59 UTC,2026-07-02 20:49:46 UTC,1246.66,0.3414,0.0046,0.0,0.0008,0.08,17.57,MIN_PROFIT_TP_HIT,0.0432
210,TRUMP_USDT,SHORT,StochasticRSI(FAST_SCALP-SHORT),2,0.2,1.71,1.716,1.706,1.716,2026-07-02 20:52:59 UTC,2026-07-02 21:13:22 UTC,1222.7,0.342,0.0046,0.0,-0.0012,-0.11,-26.32,STOP_LOSS_HIT,0.042
211,TRUMP_USDT,SHORT,StochasticRSI(FAST_SCALP-SHORT),2,0.2,1.714,1.72,1.71,1.72,2026-07-02 21:17:59 UTC,2026-07-02 21:29:31 UTC,691.26,0.3428,0.0046,0.0,-0.0012,-0.11,-26.25,STOP_LOSS_HIT,0.0408
212,TRUMP_USDT,SHORT,StochasticRSI(FAST_SCALP-SHORT),2,0.2,1.716,1.712,1.712,1.722,2026-07-02 21:31:59 UTC,2026-07-02 21:43:19 UTC,679.14,0.3432,0.0046,0.0,0.0008,0.08,17.48,MIN_PROFIT_TP_HIT,0.0416
213,TRUMP_USDT,LONG,StochasticRSI(FAST_SCALP-LONG),2,0.2,1.71,1.714,1.714,1.704,2026-07-02 21:47:59 UTC,2026-07-02 21:49:09 UTC,69.12,0.342,0.0046,0.0,0.0008,0.08,17.54,MIN_PROFIT_TP_HIT,0.0424
214,TRUMP_USDT,SHORT,StochasticRSI(FAST_SCALP-SHORT),2,0.2,1.71,1.716,1.706,1.716,2026-07-02 21:54:59 UTC,2026-07-02 22:08:10 UTC,790.62,0.342,0.0046,0.0,-0.0012,-0.11,-26.32,STOP_LOSS_HIT,0.0412
215,TRUMP_USDT,LONG,StochasticRSI(FAST_SCALP-LONG),2,0.2,1.715,1.719,1.719,1.709,2026-07-02 22:14:59 UTC,2026-07-02 22:18:48 UTC,228.05,0.343,0.0046,0.0,0.0008,0.08,17.49,MIN_PROFIT_TP_HIT,0.042
216,TRUMP_USDT,SHORT,StochasticRSI(FAST_SCALP-SHORT),2,0.2,1.716,1.722,1.712,1.722,2026-07-02 22:21:59 UTC,2026-07-02 22:53:56 UTC,1916.81,0.3432,0.0046,0.0,-0.0012,-0.11,-26.22,STOP_LOSS_HIT,0.0408
217,TRUMP_USDT,SHORT,StochasticRSI(FAST_SCALP-SHORT),2,0.2,1.722,1.718,1.718,1.728,2026-07-02 22:59:59 UTC,2026-07-02 23:03:03 UTC,183.46,0.3444,0.0046,0.0,0.0008,0.08,17.42,MIN_PROFIT_TP_HIT,0.0416
218,TRUMP_USDT,LONG,StochasticRSI(FAST_SCALP-LONG),2,0.2,1.719,1.723,1.723,1.713,2026-07-02 23:05:59 UTC,2026-07-02 23:34:45 UTC,1725.6,0.3438,0.0046,0.0,0.0008,0.08,17.45,MIN_PROFIT_TP_HIT,0.0424
219,TRUMP_USDT,LONG,StochasticRSI(FAST_SCALP-LONG),2,0.2,1.718,1.712,1.722,1.712,2026-07-02 23:40:59 UTC,2026-07-03 00:01:44 UTC,1244.21,0.3436,0.0046,0.0,-0.0012,-0.11,-26.19,STOP_LOSS_HIT,0.0412
220,TRUMP_USDT,LONG,StochasticRSI(FAST_SCALP-LONG),2,0.2,1.715,1.709,1.719,1.709,2026-07-03 00:04:59 UTC,2026-07-03 00:09:41 UTC,281.61,0.343,0.0046,0.0,-0.0012,-0.11,-26.24,STOP_LOSS_HIT,0.04
221,TRUMP_USDT,SHORT,StochasticRSI(FAST_SCALP-SHORT),2,0.2,1.709,1.705,1.705,1.715,2026-07-03 00:16:59 UTC,2026-07-03 00:29:48 UTC,768.04,0.3418,0.0046,0.0,0.0008,0.08,17.55,MIN_PROFIT_TP_HIT,0.0408
222,TRUMP_USDT,LONG,StochasticRSI(FAST_SCALP-LONG),2,0.2,1.708,1.702,1.712,1.702,2026-07-03 00:32:59 UTC,2026-07-03 00:43:37 UTC,637.27,0.3416,0.0046,0.0,-0.0012,-0.11,-26.35,STOP_LOSS_HIT,0.0396
223,TRUMP_USDT,SHORT,StochasticRSI(FAST_SCALP-SHORT),2,0.2,1.706,1.702,1.702,1.712,2026-07-03 00:49:59 UTC,2026-07-03 00:53:38 UTC,218.21,0.3412,0.0045,0.0,0.0008,0.08,17.58,MIN_PROFIT_TP_HIT,0.0404
224,TRUMP_USDT,LONG,StochasticRSI(FAST_SCALP-LONG),2,0.2,1.704,1.708,1.708,1.698,2026-07-03 00:57:59 UTC,2026-07-03 01:05:51 UTC,471.23,0.3408,0.0045,0.0,0.0008,0.08,17.61,MIN_PROFIT_TP_HIT,0.0412
225,TRUMP_USDT,SHORT,StochasticRSI(FAST_SCALP-SHORT),2,0.2,1.708,1.714,1.704,1.714,2026-07-03 01:07:59 UTC,2026-07-03 01:15:19 UTC,439.51,0.3416,0.0046,0.0,-0.0012,-0.11,-26.35,STOP_LOSS_HIT,0.04
226,TRUMP_USDT,LONG,StochasticRSI(FAST_SCALP-LONG),2,0.2,1.715,1.719,1.719,1.709,2026-07-03 01:20:59 UTC,2026-07-03 01:26:14 UTC,314.3,0.343,0.0046,0.0,0.0008,0.08,17.49,MIN_PROFIT_TP_HIT,0.0408
227,TRUMP_USDT,SHORT,StochasticRSI(FAST_SCALP-SHORT),2,0.2,1.718,1.724,1.714,1.724,2026-07-03 01:28:59 UTC,2026-07-03 01:35:03 UTC,363.07,0.3436,0.0046,0.0,-0.0012,-0.11,-26.19,STOP_LOSS_HIT,0.0396
228,TRUMP_USDT,SHORT,StochasticRSI(FAST_SCALP-SHORT),2,0.2,1.725,1.721,1.721,1.731,2026-07-03 01:42:59 UTC,2026-07-03 01:44:32 UTC,92.57,0.345,0.0046,0.0,0.0008,0.08,17.39,MIN_PROFIT_TP_HIT,0.0404
229,TRUMP_USDT,LONG,StochasticRSI(FAST_SCALP-LONG),2,0.2,1.722,1.716,1.726,1.716,2026-07-03 01:47:59 UTC,2026-07-03 02:05:58 UTC,1078.93,0.3444,0.0046,0.0,-0.0012,-0.11,-26.13,STOP_LOSS_HIT,0.0392
230,TRUMP_USDT,LONG,StochasticRSI(FAST_SCALP-LONG),2,0.2,1.719,1.723,1.723,1.713,2026-07-03 02:08:59 UTC,2026-07-03 02:21:59 UTC,779.96,0.3438,0.0046,0.0,0.0008,0.08,17.45,MIN_PROFIT_TP_HIT,0.04
231,TRUMP_USDT,SHORT,StochasticRSI(FAST_SCALP-SHORT),2,0.2,1.723,1.719,1.719,1.729,2026-07-03 02:23:59 UTC,2026-07-03 02:30:07 UTC,367.38,0.3446,0.0046,0.0,0.0008,0.08,17.41,MIN_PROFIT_TP_HIT,0.0408
232,TRUMP_USDT,LONG,StochasticRSI(FAST_SCALP-LONG),2,0.2,1.719,1.723,1.723,1.713,2026-07-03 02:32:59 UTC,2026-07-03 02:40:24 UTC,444.55,0.3438,0.0046,0.0,0.0008,0.08,17.45,MIN_PROFIT_TP_HIT,0.0416
233,TRUMP_USDT,LONG,StochasticRSI(FAST_SCALP-LONG),2,0.2,1.717,1.721,1.721,1.711,2026-07-03 02:46:59 UTC,2026-07-03 02:53:29 UTC,389.21,0.3434,0.0046,0.0,0.0008,0.08,17.47,MIN_PROFIT_TP_HIT,0.0424
234,TRUMP_USDT,SHORT,StochasticRSI(FAST_SCALP-SHORT),2,0.2,1.717,1.723,1.713,1.723,2026-07-03 02:55:59 UTC,2026-07-03 03:17:27 UTC,1287.46,0.3434,0.0046,0.0,-0.0012,-0.11,-26.21,STOP_LOSS_HIT,0.0412
235,TRUMP_USDT,SHORT,StochasticRSI(FAST_SCALP-SHORT),2,0.2,1.724,1.72,1.72,1.73,2026-07-03 03:22:59 UTC,2026-07-03 03:26:17 UTC,197.08,0.3448,0.0046,0.0,0.0008,0.08,17.4,MIN_PROFIT_TP_HIT,0.042
236,TRUMP_USDT,LONG,StochasticRSI(FAST_SCALP-LONG),2,0.2,1.721,1.725,1.725,1.715,2026-07-03 03:29:59 UTC,2026-07-03 03:34:52 UTC,292.91,0.3442,0.0046,0.0,0.0008,0.08,17.43,MIN_PROFIT_TP_HIT,0.0428
237,TRUMP_USDT,SHORT,StochasticRSI(FAST_SCALP-SHORT),2,0.2,1.727,1.723,1.723,1.733,2026-07-03 03:40:59 UTC,2026-07-03 03:53:57 UTC,777.18,0.3454,0.0046,0.0,0.0008,0.08,17.37,MIN_PROFIT_TP_HIT,0.0436
238,TRUMP_USDT,LONG,StochasticRSI(FAST_SCALP-LONG),2,0.2,1.726,1.72,1.73,1.72,2026-07-03 03:57:59 UTC,2026-07-03 04:08:33 UTC,633.02,0.3452,0.0046,0.0,-0.0012,-0.11,-26.07,STOP_LOSS_HIT,0.0424
239,TRUMP_USDT,LONG,StochasticRSI(FAST_SCALP-LONG),2,0.2,1.721,1.715,1.725,1.715,2026-07-03 04:11:59 UTC,2026-07-03 04:16:15 UTC,255.38,0.3442,0.0046,0.0,-0.0012,-0.11,-26.15,STOP_LOSS_HIT,0.0412
240,TRUMP_USDT,SHORT,StochasticRSI(FAST_SCALP-SHORT),2,0.2,1.719,1.715,1.715,1.725,2026-07-03 04:26:59 UTC,2026-07-03 04:33:40 UTC,400.59,0.3438,0.0046,0.0,0.0008,0.08,17.45,MIN_PROFIT_TP_HIT,0.042
241,TRUMP_USDT,LONG,StochasticRSI(FAST_SCALP-LONG),2,0.2,1.713,1.707,1.717,1.707,2026-07-03 04:38:59 UTC,2026-07-03 05:03:30 UTC,1470.4,0.3426,0.0046,0.0,-0.0012,-0.11,-26.27,STOP_LOSS_HIT,0.0408
242,TRUMP_USDT,LONG,StochasticRSI(FAST_SCALP-LONG),2,0.2,1.707,1.711,1.711,1.701,2026-07-03 05:07:59 UTC,2026-07-03 05:26:33 UTC,1113.81,0.3414,0.0046,0.0,0.0008,0.08,17.57,MIN_PROFIT_TP_HIT,0.0416
243,TRUMP_USDT,SHORT,StochasticRSI(FAST_SCALP-SHORT),2,0.2,1.718,1.724,1.714,1.724,2026-07-03 05:37:59 UTC,2026-07-03 06:11:51 UTC,2031.47,0.3436,0.0046,0.0,-0.0012,-0.11,-26.19,STOP_LOSS_HIT,0.0404
244,TRUMP_USDT,SHORT,StochasticRSI(FAST_SCALP-SHORT),2,0.2,1.727,1.723,1.723,1.733,2026-07-03 06:17:59 UTC,2026-07-03 06:25:01 UTC,421.57,0.3454,0.0046,0.0,0.0008,0.08,17.37,MIN_PROFIT_TP_HIT,0.0412
245,TRUMP_USDT,LONG,StochasticRSI(FAST_SCALP-LONG),2,0.2,1.723,1.727,1.727,1.717,2026-07-03 06:30:59 UTC,2026-07-03 06:41:50 UTC,650.41,0.3446,0.0046,0.0,0.0008,0.08,17.41,MIN_PROFIT_TP_HIT,0.042
246,TRUMP_USDT,LONG,StochasticRSI(FAST_SCALP-LONG),2,0.2,1.725,1.719,1.729,1.719,2026-07-03 06:50:59 UTC,2026-07-03 07:26:11 UTC,2111.85,0.345,0.0046,0.0,-0.0012,-0.11,-26.09,STOP_LOSS_HIT,0.0408
247,TRUMP_USDT,LONG,StochasticRSI(FAST_SCALP-LONG),2,0.2,1.721,1.725,1.725,1.715,2026-07-03 07:31:59 UTC,2026-07-03 07:40:39 UTC,519.75,0.3442,0.0046,0.0,0.0008,0.08,17.43,MIN_PROFIT_TP_HIT,0.0416
248,TRUMP_USDT,SHORT,StochasticRSI(FAST_SCALP-SHORT),2,0.2,1.727,1.723,1.723,1.733,2026-07-03 07:46:59 UTC,2026-07-03 07:50:36 UTC,216.13,0.3454,0.0046,0.0,0.0008,0.08,17.37,MIN_PROFIT_TP_HIT,0.0424
249,TRUMP_USDT,LONG,StochasticRSI(FAST_SCALP-LONG),2,0.2,1.724,1.728,1.728,1.718,2026-07-03 07:53:59 UTC,2026-07-03 07:55:11 UTC,71.32,0.3448,0.0046,0.0,0.0008,0.08,17.4,MIN_PROFIT_TP_HIT,0.0432
250,TRUMP_USDT,LONG,StochasticRSI(FAST_SCALP-LONG),2,0.2,1.727,1.721,1.731,1.721,2026-07-03 08:01:59 UTC,2026-07-03 08:08:01 UTC,361.76,0.3454,0.0046,0.0,-0.0012,-0.11,-26.06,STOP_LOSS_HIT,0.042
251,TRUMP_USDT,LONG,StochasticRSI(FAST_SCALP-LONG),2,0.2,1.725,1.729,1.729,1.719,2026-07-03 08:10:59 UTC,2026-07-03 08:13:10 UTC,130.34,0.345,0.0046,0.0,0.0008,0.08,17.39,MIN_PROFIT_TP_HIT,0.0428
252,TRUMP_USDT,SHORT,StochasticRSI(FAST_SCALP-SHORT),2,0.2,1.768,1.774,1.764,1.774,2026-07-03 08:30:59 UTC,2026-07-03 08:33:08 UTC,128.68,0.3536,0.0047,0.0,-0.0012,-0.11,-25.45,STOP_LOSS_HIT,0.0416
253,TRUMP_USDT,LONG,StochasticRSI(FAST_SCALP-LONG),2,0.2,1.754,1.758,1.758,1.748,2026-07-03 08:42:59 UTC,2026-07-03 08:43:19 UTC,19.01,0.3508,0.0047,0.0,0.0008,0.08,17.1,MIN_PROFIT_TP_HIT,0.0424
254,TRUMP_USDT,SHORT,StochasticRSI(FAST_SCALP-SHORT),2,0.2,1.754,1.75,1.75,1.76,2026-07-03 08:50:59 UTC,2026-07-03 08:51:47 UTC,47.57,0.3508,0.0047,0.0,0.0008,0.08,17.1,MIN_PROFIT_TP_HIT,0.0432
255,TRUMP_USDT,LONG,StochasticRSI(FAST_SCALP-LONG),2,0.2,1.746,1.74,1.75,1.74,2026-07-03 08:55:59 UTC,2026-07-03 09:00:47 UTC,287.43,0.3492,0.0047,0.0,-0.0012,-0.11,-25.77,STOP_LOSS_HIT,0.042
256,TRUMP_USDT,SHORT,StochasticRSI(FAST_SCALP-SHORT),2,0.2,1.754,1.76,1.75,1.76,2026-07-03 09:10:59 UTC,2026-07-03 09:13:27 UTC,147.02,0.3508,0.0047,0.0,-0.0012,-0.11,-25.66,STOP_LOSS_HIT,0.0408
257,TRUMP_USDT,SHORT,StochasticRSI(FAST_SCALP-SHORT),2,0.2,1.754,1.75,1.75,1.76,2026-07-03 09:18:59 UTC,2026-07-03 09:22:13 UTC,193.03,0.3508,0.0047,0.0,0.0008,0.08,17.1,MIN_PROFIT_TP_HIT,0.0416
258,TRUMP_USDT,LONG,StochasticRSI(FAST_SCALP-LONG),2,0.2,1.754,1.758,1.758,1.748,2026-07-03 09:26:59 UTC,2026-07-03 09:30:03 UTC,183.0,0.3508,0.0047,0.0,0.0008,0.08,17.1,MIN_PROFIT_TP_HIT,0.0424
259,TRUMP_USDT,SHORT,StochasticRSI(FAST_SCALP-SHORT),2,0.2,1.759,1.755,1.755,1.765,2026-07-03 09:31:59 UTC,2026-07-03 09:35:59 UTC,239.96,0.3518,0.0047,0.0,0.0008,0.08,17.06,MIN_PROFIT_TP_HIT,0.0432
260,TRUMP_USDT,LONG,StochasticRSI(FAST_SCALP-LONG),2,0.2,1.747,1.751,1.751,1.741,2026-07-03 09:40:59 UTC,2026-07-03 09:44:05 UTC,185.46,0.3494,0.0047,0.0,0.0008,0.08,17.17,MIN_PROFIT_TP_HIT,0.044
261,TRUMP_USDT,SHORT,StochasticRSI(FAST_SCALP-SHORT),2,0.2,1.753,1.749,1.749,1.759,2026-07-03 09:48:59 UTC,2026-07-03 09:53:42 UTC,282.1,0.3506,0.0047,0.0,0.0008,0.08,17.11,MIN_PROFIT_TP_HIT,0.0448
262,TRUMP_USDT,LONG,StochasticRSI(FAST_SCALP-LONG),2,0.2,1.755,1.759,1.759,1.749,2026-07-03 09:56:59 UTC,2026-07-03 09:59:31 UTC,151.51,0.351,0.0047,0.0,0.0008,0.08,17.09,MIN_PROFIT_TP_HIT,0.0456
263,TRUMP_USDT,SHORT,StochasticRSI(FAST_SCALP-SHORT),2,0.2,1.759,1.755,1.755,1.765,2026-07-03 10:04:59 UTC,2026-07-03 10:10:23 UTC,323.57,0.3518,0.0047,0.0,0.0008,0.08,17.06,MIN_PROFIT_TP_HIT,0.0464
264,TRUMP_USDT,LONG,StochasticRSI(FAST_SCALP-LONG),2,0.2,1.758,1.752,1.762,1.752,2026-07-03 10:13:59 UTC,2026-07-03 10:17:08 UTC,188.58,0.3516,0.0047,0.0,-0.0012,-0.11,-25.6,STOP_LOSS_HIT,0.0452
265,TRUMP_USDT,LONG,StochasticRSI(FAST_SCALP-LONG),2,0.2,1.752,1.756,1.756,1.746,2026-07-03 10:20:59 UTC,2026-07-03 10:22:32 UTC,92.78,0.3504,0.0047,0.0,0.0008,0.08,17.12,MIN_PROFIT_TP_HIT,0.046
266,TRUMP_USDT,SHORT,StochasticRSI(FAST_SCALP-SHORT),2,0.2,1.762,1.758,1.758,1.768,2026-07-03 10:30:59 UTC,2026-07-03 10:34:50 UTC,230.06,0.3524,0.0047,0.0,0.0008,0.08,17.03,MIN_PROFIT_TP_HIT,0.0468
267,TRUMP_USDT,LONG,StochasticRSI(FAST_SCALP-LONG),2,0.2,1.76,1.764,1.764,1.754,2026-07-03 10:36:59 UTC,2026-07-03 10:37:12 UTC,12.83,0.352,0.0047,0.0,0.0008,0.08,17.05,MIN_PROFIT_TP_HIT,0.0476
268,TRUMP_USDT,LONG,StochasticRSI(FAST_SCALP-LONG),2,0.2,1.764,1.758,1.768,1.758,2026-07-03 10:44:59 UTC,2026-07-03 10:50:45 UTC,345.18,0.3528,0.0047,0.0,-0.0012,-0.11,-25.51,STOP_LOSS_HIT,0.0464
269,TRUMP_USDT,LONG,StochasticRSI(FAST_SCALP-LONG),2,0.2,1.763,1.767,1.767,1.757,2026-07-03 10:53:59 UTC,2026-07-03 10:55:20 UTC,80.97,0.3526,0.0047,0.0,0.0008,0.08,17.02,MIN_PROFIT_TP_HIT,0.0472
270,TRUMP_USDT,SHORT,StochasticRSI(FAST_SCALP-SHORT),2,0.2,1.765,1.761,1.761,1.771,2026-07-03 10:58:59 UTC,2026-07-03 11:00:10 UTC,70.54,0.353,0.0047,0.0,0.0008,0.08,17.0,MIN_PROFIT_TP_HIT,0.048
271,TRUMP_USDT,LONG,StochasticRSI(FAST_SCALP-LONG),2,0.2,1.765,1.769,1.769,1.759,2026-07-03 11:04:59 UTC,2026-07-03 11:13:31 UTC,511.72,0.353,0.0047,0.0,0.0008,0.08,17.0,MIN_PROFIT_TP_HIT,0.0488
272,TRUMP_USDT,SHORT,StochasticRSI(FAST_SCALP-SHORT),2,0.2,1.762,1.758,1.758,1.768,2026-07-03 11:14:59 UTC,2026-07-03 11:25:44 UTC,644.54,0.3524,0.0047,0.0,0.0008,0.08,17.03,MIN_PROFIT_TP_HIT,0.0496
273,TRUMP_USDT,LONG,StochasticRSI(FAST_SCALP-LONG),2,0.2,1.757,1.751,1.761,1.751,2026-07-03 11:29:59 UTC,2026-07-03 11:44:37 UTC,877.47,0.3514,0.0047,0.0,-0.0012,-0.11,-25.61,STOP_LOSS_HIT,0.0484
274,TRUMP_USDT,LONG,StochasticRSI(FAST_SCALP-LONG),2,0.2,1.753,1.757,1.757,1.747,2026-07-03 11:48:59 UTC,2026-07-03 11:54:17 UTC,317.0,0.3506,0.0047,0.0,0.0008,0.08,17.11,MIN_PROFIT_TP_HIT,0.0492
275,TRUMP_USDT,SHORT,StochasticRSI(FAST_SCALP-SHORT),2,0.2,1.764,1.76,1.76,1.77,2026-07-03 12:03:59 UTC,2026-07-03 12:08:09 UTC,249.81,0.3528,0.0047,0.0,0.0008,0.08,17.01,MIN_PROFIT_TP_HIT,0.05
276,TRUMP_USDT,LONG,StochasticRSI(FAST_SCALP-LONG),2,0.2,1.763,1.767,1.767,1.757,2026-07-03 12:09:59 UTC,2026-07-03 12:11:11 UTC,71.81,0.3526,0.0047,0.0,0.0008,0.08,17.02,MIN_PROFIT_TP_HIT,0.0508
277,TRUMP_USDT,SHORT,StochasticRSI(FAST_SCALP-SHORT),2,0.2,1.764,1.76,1.76,1.77,2026-07-03 12:15:59 UTC,2026-07-03 12:16:22 UTC,22.34,0.3528,0.0047,0.0,0.0008,0.08,17.01,MIN_PROFIT_TP_HIT,0.0516
278,TRUMP_USDT,LONG,StochasticRSI(FAST_SCALP-LONG),2,0.2,1.759,1.763,1.763,1.753,2026-07-03 12:18:59 UTC,2026-07-03 12:26:01 UTC,421.14,0.3518,0.0047,0.0,0.0008,0.08,17.06,MIN_PROFIT_TP_HIT,0.0524
279,TRUMP_USDT,SHORT,StochasticRSI(FAST_SCALP-SHORT),2,0.2,1.76,1.756,1.756,1.766,2026-07-03 12:29:59 UTC,2026-07-03 12:33:05 UTC,185.33,0.352,0.0047,0.0,0.0008,0.08,17.05,MIN_PROFIT_TP_HIT,0.0532
280,TRUMP_USDT,LONG,StochasticRSI(FAST_SCALP-LONG),2,0.2,1.755,1.759,1.759,1.749,2026-07-03 12:35:59 UTC,2026-07-03 12:42:39 UTC,399.58,0.351,0.0047,0.0,0.0008,0.08,17.09,MIN_PROFIT_TP_HIT,0.054
281,TRUMP_USDT,SHORT,StochasticRSI(FAST_SCALP-SHORT),2,0.2,1.761,1.767,1.757,1.767,2026-07-03 12:49:59 UTC,2026-07-03 13:03:14 UTC,794.15,0.3522,0.0047,0.0,-0.0012,-0.11,-25.55,STOP_LOSS_HIT,0.0528
282,TRUMP_USDT,SHORT,StochasticRSI(FAST_SCALP-SHORT),2,0.2,1.763,1.769,1.759,1.769,2026-07-03 13:07:59 UTC,2026-07-03 13:26:45 UTC,1125.74,0.3526,0.0047,0.0,-0.0012,-0.11,-25.52,STOP_LOSS_HIT,0.0516
283,TRUMP_USDT,LONG,StochasticRSI(FAST_SCALP-LONG),2,0.2,1.767,1.761,1.771,1.761,2026-07-03 13:27:59 UTC,2026-07-03 13:32:38 UTC,278.48,0.3534,0.0047,0.0,-0.0012,-0.11,-25.47,STOP_LOSS_HIT,0.0504
284,TRUMP_USDT,LONG,StochasticRSI(FAST_SCALP-LONG),2,0.2,1.764,1.758,1.768,1.758,2026-07-03 13:34:59 UTC,2026-07-03 14:01:16 UTC,1576.67,0.3528,0.0047,0.0,-0.0012,-0.11,-25.51,STOP_LOSS_HIT,0.0492
285,TRUMP_USDT,LONG,StochasticRSI(FAST_SCALP-LONG),2,0.2,1.755,1.759,1.759,1.749,2026-07-03 14:03:59 UTC,2026-07-03 14:04:27 UTC,27.24,0.351,0.0047,0.0,0.0008,0.08,17.09,MIN_PROFIT_TP_HIT,0.05
286,TRUMP_USDT,SHORT,StochasticRSI(FAST_SCALP-SHORT),2,0.2,1.756,1.752,1.752,1.762,2026-07-03 14:12:59 UTC,2026-07-03 14:13:47 UTC,47.18,0.3512,0.0047,0.0,0.0008,0.08,17.08,MIN_PROFIT_TP_HIT,0.0508
287,TRUMP_USDT,LONG,StochasticRSI(FAST_SCALP-LONG),2,0.2,1.756,1.76,1.76,1.75,2026-07-03 14:16:59 UTC,2026-07-03 14:24:00 UTC,420.91,0.3512,0.0047,0.0,0.0008,0.08,17.08,MIN_PROFIT_TP_HIT,0.0516
288,TRUMP_USDT,SHORT,StochasticRSI(FAST_SCALP-SHORT),2,0.2,1.758,1.754,1.754,1.764,2026-07-03 14:27:59 UTC,2026-07-03 14:34:39 UTC,399.5,0.3516,0.0047,0.0,0.0008,0.08,17.06,MIN_PROFIT_TP_HIT,0.0524
289,TRUMP_USDT,LONG,StochasticRSI(FAST_SCALP-LONG),2,0.2,1.757,1.761,1.761,1.751,2026-07-03 14:37:59 UTC,2026-07-03 14:41:18 UTC,198.27,0.3514,0.0047,0.0,0.0008,0.08,17.07,MIN_PROFIT_TP_HIT,0.0532
290,TRUMP_USDT,SHORT,StochasticRSI(FAST_SCALP-SHORT),2,0.2,1.764,1.77,1.76,1.77,2026-07-03 14:45:59 UTC,2026-07-03 15:01:00 UTC,900.73,0.3528,0.0047,0.0,-0.0012,-0.11,-25.51,STOP_LOSS_HIT,0.052
291,TRUMP_USDT,SHORT,StochasticRSI(FAST_SCALP-SHORT),2,0.2,1.775,1.781,1.771,1.781,2026-07-03 15:05:59 UTC,2026-07-03 15:08:07 UTC,127.66,0.355,0.0047,0.0,-0.0012,-0.11,-25.35,STOP_LOSS_HIT,0.0508
292,TRUMP_USDT,SHORT,StochasticRSI(FAST_SCALP-SHORT),2,0.2,1.781,1.777,1.777,1.787,2026-07-03 15:10:59 UTC,2026-07-03 15:13:04 UTC,124.55,0.3562,0.0047,0.0,0.0008,0.08,16.84,MIN_PROFIT_TP_HIT,0.0516
293,TRUMP_USDT,LONG,StochasticRSI(FAST_SCALP-LONG),2,0.2,1.772,1.766,1.776,1.766,2026-07-03 15:18:59 UTC,2026-07-03 15:23:27 UTC,267.62,0.3544,0.0047,0.0,-0.0012,-0.11,-25.4,STOP_LOSS_HIT,0.0504
294,TRUMP_USDT,LONG,StochasticRSI(FAST_SCALP-LONG),2,0.2,1.768,1.762,1.772,1.762,2026-07-03 15:26:59 UTC,2026-07-03 15:38:21 UTC,681.21,0.3536,0.0047,0.0,-0.0012,-0.11,-25.45,STOP_LOSS_HIT,0.0492
295,TRUMP_USDT,LONG,StochasticRSI(FAST_SCALP-LONG),2,0.2,1.761,1.765,1.765,1.755,2026-07-03 15:44:59 UTC,2026-07-03 15:45:40 UTC,40.87,0.3522,0.0047,0.0,0.0008,0.08,17.04,MIN_PROFIT_TP_HIT,0.05
296,TRUMP_USDT,SHORT,StochasticRSI(FAST_SCALP-SHORT),2,0.2,1.772,1.768,1.768,1.778,2026-07-03 16:03:59 UTC,2026-07-03 16:06:49 UTC,169.97,0.3544,0.0047,0.0,0.0008,0.08,16.93,MIN_PROFIT_TP_HIT,0.0508
297,TRUMP_USDT,SHORT,StochasticRSI(FAST_SCALP-SHORT),2,0.2,1.769,1.775,1.765,1.775,2026-07-03 16:07:59 UTC,2026-07-03 16:17:53 UTC,593.5,0.3538,0.0047,0.0,-0.0012,-0.11,-25.44,STOP_LOSS_HIT,0.0496
298,TRUMP_USDT,SHORT,StochasticRSI(FAST_SCALP-SHORT),2,0.2,1.781,1.777,1.777,1.787,2026-07-03 16:26:59 UTC,2026-07-03 16:32:26 UTC,326.66,0.3562,0.0047,0.0,0.0008,0.08,16.84,MIN_PROFIT_TP_HIT,0.0504
299,TRUMP_USDT,LONG,StochasticRSI(FAST_SCALP-LONG),2,0.2,1.777,1.771,1.781,1.771,2026-07-03 16:35:59 UTC,2026-07-03 16:48:43 UTC,763.5,0.3554,0.0047,0.0,-0.0012,-0.11,-25.32,STOP_LOSS_HIT,0.0492
300,TRUMP_USDT,LONG,StochasticRSI(FAST_SCALP-LONG),2,0.2,1.774,1.778,1.778,1.768,2026-07-03 16:51:59 UTC,2026-07-03 16:55:39 UTC,219.16,0.3548,0.0047,0.0,0.0008,0.08,16.91,MIN_PROFIT_TP_HIT,0.05
301,TRUMP_USDT,SHORT,StochasticRSI(FAST_SCALP-SHORT),2,0.2,1.779,1.775,1.775,1.785,2026-07-03 16:56:59 UTC,2026-07-03 16:59:22 UTC,142.36,0.3558,0.0047,0.0,0.0008,0.08,16.86,MIN_PROFIT_TP_HIT,0.0508
302,TRUMP_USDT,LONG,StochasticRSI(FAST_SCALP-LONG),2,0.2,1.779,1.783,1.783,1.773,2026-07-03 17:03:59 UTC,2026-07-03 17:04:07 UTC,7.53,0.3558,0.0047,0.0,0.0008,0.08,16.86,MIN_PROFIT_TP_HIT,0.0516
303,TRUMP_USDT,SHORT,StochasticRSI(FAST_SCALP-SHORT),2,0.2,1.79,1.786,1.786,1.796,2026-07-03 17:09:59 UTC,2026-07-03 17:15:04 UTC,304.64,0.358,0.0048,0.0,0.0008,0.08,16.76,MIN_PROFIT_TP_HIT,0.0524
304,TRUMP_USDT,LONG,StochasticRSI(FAST_SCALP-LONG),2,0.2,1.79,1.794,1.794,1.784,2026-07-03 17:16:59 UTC,2026-07-03 17:23:36 UTC,396.98,0.358,0.0048,0.0,0.0008,0.08,16.76,MIN_PROFIT_TP_HIT,0.0532
305,TRUMP_USDT,SHORT,StochasticRSI(FAST_SCALP-SHORT),2,0.2,1.799,1.795,1.795,1.805,2026-07-03 17:29:59 UTC,2026-07-03 17:32:57 UTC,177.02,0.3598,0.0048,0.0,0.0008,0.08,16.68,MIN_PROFIT_TP_HIT,0.054
306,TRUMP_USDT,LONG,StochasticRSI(FAST_SCALP-LONG),2,0.2,1.796,1.8,1.8,1.79,2026-07-03 17:35:59 UTC,2026-07-03 17:44:45 UTC,525.0,0.3592,0.0048,0.0,0.0008,0.08,16.7,MIN_PROFIT_TP_HIT,0.0548
307,TRUMP_USDT,SHORT,StochasticRSI(FAST_SCALP-SHORT),2,0.2,1.792,1.788,1.788,1.798,2026-07-03 17:48:59 UTC,2026-07-03 18:03:00 UTC,840.6,0.3584,0.0048,0.0,0.0008,0.08,16.74,MIN_PROFIT_TP_HIT,0.0556
308,TRUMP_USDT,LONG,StochasticRSI(FAST_SCALP-LONG),2,0.2,1.783,1.787,1.787,1.777,2026-07-03 18:11:59 UTC,2026-07-03 18:16:06 UTC,246.49,0.3566,0.0048,0.0,0.0008,0.08,16.83,MIN_PROFIT_TP_HIT,0.0564
309,TRUMP_USDT,SHORT,StochasticRSI(FAST_SCALP-SHORT),2,0.2,1.784,1.79,1.78,1.79,2026-07-03 18:17:59 UTC,2026-07-03 18:28:11 UTC,611.35,0.3568,0.0048,0.0,-0.0012,-0.11,-25.22,STOP_LOSS_HIT,0.0552
310,TRUMP_USDT,SHORT,StochasticRSI(FAST_SCALP-SHORT),2,0.2,1.791,1.787,1.787,1.797,2026-07-03 18:40:59 UTC,2026-07-03 18:42:27 UTC,87.86,0.3582,0.0048,0.0,0.0008,0.08,16.75,MIN_PROFIT_TP_HIT,0.056
311,TRUMP_USDT,LONG,StochasticRSI(FAST_SCALP-LONG),2,0.2,1.785,1.789,1.789,1.779,2026-07-03 18:47:59 UTC,2026-07-03 18:56:31 UTC,511.18,0.357,0.0048,0.0,0.0008,0.08,16.81,MIN_PROFIT_TP_HIT,0.0568
312,TRUMP_USDT,SHORT,StochasticRSI(FAST_SCALP-SHORT),2,0.2,1.789,1.785,1.785,1.795,2026-07-03 18:58:59 UTC,2026-07-03 19:00:14 UTC,74.88,0.3578,0.0048,0.0,0.0008,0.08,16.77,MIN_PROFIT_TP_HIT,0.0576
313,TRUMP_USDT,LONG,StochasticRSI(FAST_SCALP-LONG),2,0.2,1.788,1.792,1.792,1.782,2026-07-03 19:04:59 UTC,2026-07-03 19:16:09 UTC,669.56,0.3576,0.0048,0.0,0.0008,0.08,16.78,MIN_PROFIT_TP_HIT,0.0584
314,TRUMP_USDT,SHORT,StochasticRSI(FAST_SCALP-SHORT),2,0.2,1.797,1.803,1.793,1.803,2026-07-03 19:20:59 UTC,2026-07-03 19:25:07 UTC,247.31,0.3594,0.0048,0.0,-0.0012,-0.11,-25.04,STOP_LOSS_HIT,0.0572
315,TRUMP_USDT,SHORT,StochasticRSI(FAST_SCALP-SHORT),2,0.2,1.807,1.803,1.803,1.813,2026-07-03 19:29:59 UTC,2026-07-03 19:32:26 UTC,146.51,0.3614,0.0048,0.0,0.0008,0.08,16.6,MIN_PROFIT_TP_HIT,0.058
316,TRUMP_USDT,LONG,StochasticRSI(FAST_SCALP-LONG),2,0.2,1.801,1.795,1.805,1.795,2026-07-03 19:39:59 UTC,2026-07-03 19:44:10 UTC,250.88,0.3602,0.0048,0.0,-0.0012,-0.11,-24.99,STOP_LOSS_HIT,0.0568
317,TRUMP_USDT,LONG,StochasticRSI(FAST_SCALP-LONG),2,0.2,1.794,1.798,1.798,1.788,2026-07-03 19:49:59 UTC,2026-07-03 19:58:31 UTC,511.8,0.3588,0.0048,0.0,0.0008,0.08,16.72,MIN_PROFIT_TP_HIT,0.0576
318,TRUMP_USDT,SHORT,StochasticRSI(FAST_SCALP-SHORT),2,0.2,1.792,1.798,1.788,1.798,2026-07-03 20:01:59 UTC,2026-07-03 20:19:11 UTC,1031.87,0.3584,0.0048,0.0,-0.0012,-0.11,-25.11,STOP_LOSS_HIT,0.0564
319,TRUMP_USDT,SHORT,StochasticRSI(FAST_SCALP-SHORT),2,0.2,1.795,1.801,1.791,1.801,2026-07-03 20:22:59 UTC,2026-07-03 20:26:54 UTC,234.38,0.359,0.0048,0.0,-0.0012,-0.11,-25.07,STOP_LOSS_HIT,0.0552
320,TRUMP_USDT,LONG,StochasticRSI(FAST_SCALP-LONG),2,0.2,1.808,1.802,1.812,1.802,2026-07-03 20:36:59 UTC,2026-07-03 20:37:55 UTC,55.44,0.3616,0.0048,0.0,-0.0012,-0.11,-24.89,STOP_LOSS_HIT,0.054
321,TRUMP_USDT,LONG,StochasticRSI(FAST_SCALP-LONG),2,0.2,1.802,1.796,1.806,1.796,2026-07-03 20:46:59 UTC,2026-07-03 20:55:02 UTC,482.09,0.3604,0.0048,0.0,-0.0012,-0.11,-24.97,STOP_LOSS_HIT,0.0528
322,TRUMP_USDT,LONG,StochasticRSI(FAST_SCALP-LONG),2,0.2,1.795,1.799,1.799,1.789,2026-07-03 20:58:59 UTC,2026-07-03 21:01:31 UTC,151.92,0.359,0.0048,0.0,0.0008,0.08,16.71,MIN_PROFIT_TP_HIT,0.0536
323,TRUMP_USDT,SHORT,StochasticRSI(FAST_SCALP-SHORT),2,0.2,1.799,1.795,1.795,1.805,2026-07-03 21:08:59 UTC,2026-07-03 21:14:12 UTC,312.74,0.3598,0.0048,0.0,0.0008,0.08,16.68,MIN_PROFIT_TP_HIT,0.0544
324,TRUMP_USDT,LONG,StochasticRSI(FAST_SCALP-LONG),2,0.2,1.795,1.789,1.799,1.789,2026-07-03 21:21:59 UTC,2026-07-03 21:35:04 UTC,784.29,0.359,0.0048,0.0,-0.0012,-0.11,-25.07,STOP_LOSS_HIT,0.0532
325,TRUMP_USDT,LONG,StochasticRSI(FAST_SCALP-LONG),2,0.2,1.785,1.789,1.789,1.779,2026-07-03 21:40:59 UTC,2026-07-03 21:51:00 UTC,600.78,0.357,0.0048,0.0,0.0008,0.08,16.81,MIN_PROFIT_TP_HIT,0.054
326,TRUMP_USDT,SHORT,StochasticRSI(FAST_SCALP-SHORT),2,0.2,1.791,1.787,1.787,1.797,2026-07-03 21:56:59 UTC,2026-07-03 22:06:40 UTC,580.85,0.3582,0.0048,0.0,0.0008,0.08,16.75,MIN_PROFIT_TP_HIT,0.0548
327,TRUMP_USDT,LONG,StochasticRSI(FAST_SCALP-LONG),2,0.2,1.785,1.779,1.789,1.779,2026-07-03 22:09:59 UTC,2026-07-03 22:23:40 UTC,820.43,0.357,0.0048,0.0,-0.0012,-0.11,-25.21,STOP_LOSS_HIT,0.0536
328,TRUMP_USDT,LONG,StochasticRSI(FAST_SCALP-LONG),2,0.2,1.775,1.769,1.779,1.769,2026-07-03 22:43:59 UTC,2026-07-03 23:25:38 UTC,2498.33,0.355,0.0047,0.0,-0.0012,-0.11,-25.35,STOP_LOSS_HIT,0.0524
329,TRUMP_USDT,LONG,StochasticRSI(FAST_SCALP-LONG),2,0.2,1.768,1.772,1.772,1.762,2026-07-03 23:28:59 UTC,2026-07-03 23:37:54 UTC,534.27,0.3536,0.0047,0.0,0.0008,0.08,16.97,MIN_PROFIT_TP_HIT,0.0532
330,TRUMP_USDT,SHORT,StochasticRSI(FAST_SCALP-SHORT),2,0.2,1.774,1.78,1.77,1.78,2026-07-03 23:43:59 UTC,2026-07-03 23:45:22 UTC,82.4,0.3548,0.0047,0.0,-0.0012,-0.11,-25.37,STOP_LOSS_HIT,0.052
331,TRUMP_USDT,LONG,StochasticRSI(FAST_SCALP-LONG),2,0.2,1.787,1.791,1.791,1.781,2026-07-03 23:58:59 UTC,2026-07-03 23:59:28 UTC,28.42,0.3574,0.0048,0.0,0.0008,0.08,16.79,MIN_PROFIT_TP_HIT,0.0528
332,TRUMP_USDT,SHORT,StochasticRSI(FAST_SCALP-SHORT),2,0.2,1.799,1.795,1.795,1.805,2026-07-04 00:06:59 UTC,2026-07-04 00:08:28 UTC,88.91,0.3598,0.0048,0.0,0.0008,0.08,16.68,MIN_PROFIT_TP_HIT,0.0536
333,TRUMP_USDT,LONG,StochasticRSI(FAST_SCALP-LONG),2,0.2,1.792,1.796,1.796,1.786,2026-07-04 00:12:59 UTC,2026-07-04 00:13:28 UTC,28.22,0.3584,0.0048,0.0,0.0008,0.08,16.74,MIN_PROFIT_TP_HIT,0.0544
334,TRUMP_USDT,LONG,StochasticRSI(FAST_SCALP-LONG),2,0.2,1.785,1.789,1.789,1.779,2026-07-04 00:23:59 UTC,2026-07-04 00:24:13 UTC,13.29,0.357,0.0048,0.0,0.0008,0.08,16.81,MIN_PROFIT_TP_HIT,0.0552
335,TRUMP_USDT,LONG,StochasticRSI(FAST_SCALP-LONG),2,0.2,1.784,1.788,1.788,1.778,2026-07-04 00:26:59 UTC,2026-07-04 00:28:29 UTC,89.29,0.3568,0.0048,0.0,0.0008,0.08,16.82,MIN_PROFIT_TP_HIT,0.056
336,TRUMP_USDT,SHORT,StochasticRSI(FAST_SCALP-SHORT),2,0.2,1.787,1.783,1.783,1.793,2026-07-04 00:32:59 UTC,2026-07-04 00:36:15 UTC,195.25,0.3574,0.0048,0.0,0.0008,0.08,16.79,MIN_PROFIT_TP_HIT,0.0568
337,TRUMP_USDT,SHORT,StochasticRSI(FAST_SCALP-SHORT),2,0.2,1.786,1.782,1.782,1.792,2026-07-04 00:45:59 UTC,2026-07-04 00:46:38 UTC,38.72,0.3572,0.0048,0.0,0.0008,0.08,16.8,MIN_PROFIT_TP_HIT,0.0576
338,TRUMP_USDT,SHORT,StochasticRSI(FAST_SCALP-SHORT),2,0.2,1.78,1.776,1.776,1.786,2026-07-04 01:01:59 UTC,2026-07-04 01:02:21 UTC,21.3,0.356,0.0047,0.0,0.0008,0.08,16.85,MIN_PROFIT_TP_HIT,0.0584
339,TRUMP_USDT,LONG,StochasticRSI(FAST_SCALP-LONG),2,0.2,1.778,1.782,1.782,1.772,2026-07-04 01:04:59 UTC,2026-07-04 01:08:42 UTC,222.97,0.3556,0.0047,0.0,0.0008,0.08,16.87,MIN_PROFIT_TP_HIT,0.0592
340,TRUMP_USDT,SHORT,StochasticRSI(FAST_SCALP-SHORT),2,0.2,1.785,1.781,1.781,1.791,2026-07-04 01:20:59 UTC,2026-07-04 01:22:07 UTC,67.08,0.357,0.0048,0.0,0.0008,0.08,16.81,MIN_PROFIT_TP_HIT,0.06
341,TRUMP_USDT,LONG,StochasticRSI(FAST_SCALP-LONG),2,0.2,1.775,1.769,1.779,1.769,2026-07-04 01:29:59 UTC,2026-07-04 01:38:38 UTC,518.08,0.355,0.0047,0.0,-0.0012,-0.11,-25.35,STOP_LOSS_HIT,0.0588
342,TRUMP_USDT,LONG,StochasticRSI(FAST_SCALP-LONG),2,0.2,1.77,1.764,1.774,1.764,2026-07-04 01:42:59 UTC,2026-07-04 01:45:06 UTC,126.67,0.354,0.0047,0.0,-0.0012,-0.11,-25.42,STOP_LOSS_HIT,0.0576
343,TRUMP_USDT,LONG,StochasticRSI(FAST_SCALP-LONG),2,0.2,1.762,1.766,1.766,1.756,2026-07-04 01:49:59 UTC,2026-07-04 01:50:48 UTC,48.44,0.3524,0.0047,0.0,0.0008,0.08,17.03,MIN_PROFIT_TP_HIT,0.0584
344,TRUMP_USDT,SHORT,StochasticRSI(FAST_SCALP-SHORT),2,0.2,1.763,1.769,1.759,1.769,2026-07-04 01:53:59 UTC,2026-07-04 02:06:53 UTC,773.57,0.3526,0.0047,0.0,-0.0012,-0.11,-25.52,STOP_LOSS_HIT,0.0572
345,TRUMP_USDT,SHORT,StochasticRSI(FAST_SCALP-SHORT),2,0.2,1.768,1.774,1.764,1.774,2026-07-04 02:08:59 UTC,2026-07-04 02:09:41 UTC,41.21,0.3536,0.0047,0.0,-0.0012,-0.11,-25.45,STOP_LOSS_HIT,0.056
346,TRUMP_USDT,SHORT,StochasticRSI(FAST_SCALP-SHORT),2,0.2,1.775,1.781,1.771,1.781,2026-07-04 02:14:59 UTC,2026-07-04 02:45:06 UTC,1806.66,0.355,0.0047,0.0,-0.0012,-0.11,-25.35,STOP_LOSS_HIT,0.0548
347,TRUMP_USDT,LONG,StochasticRSI(FAST_SCALP-LONG),2,0.2,1.777,1.781,1.781,1.771,2026-07-04 02:50:59 UTC,2026-07-04 03:00:03 UTC,543.81,0.3554,0.0047,0.0,0.0008,0.08,16.88,MIN_PROFIT_TP_HIT,0.0556
348,TRUMP_USDT,SHORT,StochasticRSI(FAST_SCALP-SHORT),2,0.2,1.778,1.774,1.774,1.784,2026-07-04 03:03:59 UTC,2026-07-04 03:06:45 UTC,165.9,0.3556,0.0047,0.0,0.0008,0.08,16.87,MIN_PROFIT_TP_HIT,0.0564
349,TRUMP_USDT,LONG,StochasticRSI(FAST_SCALP-LONG),2,0.2,1.779,1.783,1.783,1.773,2026-07-04 03:10:59 UTC,2026-07-04 03:13:22 UTC,142.55,0.3558,0.0047,0.0,0.0008,0.08,16.86,MIN_PROFIT_TP_HIT,0.0572
350,TRUMP_USDT,SHORT,StochasticRSI(FAST_SCALP-SHORT),2,0.2,1.784,1.78,1.78,1.79,2026-07-04 03:18:59 UTC,2026-07-04 03:25:07 UTC,367.97,0.3568,0.0048,0.0,0.0008,0.08,16.82,MIN_PROFIT_TP_HIT,0.058
351,TRUMP_USDT,LONG,StochasticRSI(FAST_SCALP-LONG),2,0.2,1.786,1.79,1.79,1.78,2026-07-04 03:26:59 UTC,2026-07-04 03:33:30 UTC,390.24,0.3572,0.0048,0.0,0.0008,0.08,16.8,MIN_PROFIT_TP_HIT,0.0588
352,TRUMP_USDT,SHORT,StochasticRSI(FAST_SCALP-SHORT),2,0.2,1.788,1.794,1.784,1.794,2026-07-04 03:36:59 UTC,2026-07-04 03:41:28 UTC,268.58,0.3576,0.0048,0.0,-0.0012,-0.11,-25.17,STOP_LOSS_HIT,0.0576
353,TRUMP_USDT,LONG,StochasticRSI(FAST_SCALP-LONG),2,0.2,1.786,1.79,1.79,1.78,2026-07-04 03:50:59 UTC,2026-07-04 04:07:22 UTC,982.52,0.3572,0.0048,0.0,0.0008,0.08,16.8,MIN_PROFIT_TP_HIT,0.0584
354,TRUMP_USDT,SHORT,StochasticRSI(FAST_SCALP-SHORT),2,0.2,1.788,1.784,1.784,1.794,2026-07-04 04:09:59 UTC,2026-07-04 04:15:12 UTC,312.65,0.3576,0.0048,0.0,0.0008,0.08,16.78,MIN_PROFIT_TP_HIT,0.0592
355,TRUMP_USDT,LONG,StochasticRSI(FAST_SCALP-LONG),2,0.2,1.784,1.788,1.788,1.778,2026-07-04 04:22:59 UTC,2026-07-04 04:25:01 UTC,121.06,0.3568,0.0048,0.0,0.0008,0.08,16.82,MIN_PROFIT_TP_HIT,0.06
356,TRUMP_USDT,SHORT,StochasticRSI(FAST_SCALP-SHORT),2,0.2,1.786,1.792,1.782,1.792,2026-07-04 04:30:59 UTC,2026-07-04 04:33:22 UTC,142.36,0.3572,0.0048,0.0,-0.0012,-0.11,-25.2,STOP_LOSS_HIT,0.0588
357,TRUMP_USDT,SHORT,StochasticRSI(FAST_SCALP-SHORT),2,0.2,1.789,1.795,1.785,1.795,2026-07-04 04:35:59 UTC,2026-07-04 04:40:25 UTC,265.72,0.3578,0.0048,0.0,-0.0012,-0.11,-25.15,STOP_LOSS_HIT,0.0576
358,TRUMP_USDT,SHORT,StochasticRSI(FAST_SCALP-SHORT),2,0.2,1.795,1.791,1.791,1.801,2026-07-04 04:43:59 UTC,2026-07-04 05:00:06 UTC,966.05,0.359,0.0048,0.0,0.0008,0.08,16.71,MIN_PROFIT_TP_HIT,0.0584
359,TRUMP_USDT,LONG,StochasticRSI(FAST_SCALP-LONG),2,0.2,1.782,1.786,1.786,1.776,2026-07-04 05:05:59 UTC,2026-07-04 05:07:25 UTC,85.89,0.3564,0.0048,0.0,0.0008,0.08,16.84,MIN_PROFIT_TP_HIT,0.0592
360,TRUMP_USDT,SHORT,StochasticRSI(FAST_SCALP-SHORT),2,0.2,1.786,1.782,1.782,1.792,2026-07-04 05:18:59 UTC,2026-07-04 05:25:01 UTC,361.33,0.3572,0.0048,0.0,0.0008,0.08,16.8,MIN_PROFIT_TP_HIT,0.06
361,TRUMP_USDT,LONG,StochasticRSI(FAST_SCALP-LONG),2,0.2,1.782,1.786,1.786,1.776,2026-07-04 05:28:59 UTC,2026-07-04 05:30:32 UTC,92.78,0.3564,0.0048,0.0,0.0008,0.08,16.84,MIN_PROFIT_TP_HIT,0.0608
362,TRUMP_USDT,SHORT,StochasticRSI(FAST_SCALP-SHORT),2,0.2,1.784,1.78,1.78,1.79,2026-07-04 05:34:59 UTC,2026-07-04 06:22:20 UTC,2840.75,0.3568,0.0048,0.0,0.0008,0.08,16.82,MIN_PROFIT_TP_HIT,0.0616
363,TRUMP_USDT,LONG,StochasticRSI(FAST_SCALP-LONG),2,0.2,1.773,1.777,1.777,1.767,2026-07-04 06:29:59 UTC,2026-07-04 06:48:58 UTC,1138.54,0.3546,0.0047,0.0,0.0008,0.08,16.92,MIN_PROFIT_TP_HIT,0.0624
364,TRUMP_USDT,SHORT,StochasticRSI(FAST_SCALP-SHORT),2,0.2,1.776,1.772,1.772,1.782,2026-07-04 06:50:59 UTC,2026-07-04 07:05:29 UTC,869.28,0.3552,0.0047,0.0,0.0008,0.08,16.89,MIN_PROFIT_TP_HIT,0.0632
365,TRUMP_USDT,LONG,StochasticRSI(FAST_SCALP-LONG),2,0.2,1.773,1.777,1.777,1.767,2026-07-04 07:07:59 UTC,2026-07-04 07:14:51 UTC,411.52,0.3546,0.0047,0.0,0.0008,0.08,16.92,MIN_PROFIT_TP_HIT,0.064
366,TRUMP_USDT,LONG,StochasticRSI(FAST_SCALP-LONG),2,0.2,1.773,1.767,1.777,1.767,2026-07-04 07:20:59 UTC,2026-07-04 07:40:39 UTC,1179.78,0.3546,0.0047,0.0,-0.0012,-0.11,-25.38,STOP_LOSS_HIT,0.0628
367,TRUMP_USDT,SHORT,StochasticRSI(FAST_SCALP-SHORT),2,0.2,1.775,1.771,1.771,1.781,2026-07-04 07:51:59 UTC,2026-07-04 08:02:24 UTC,624.45,0.355,0.0047,0.0,0.0008,0.08,16.9,MIN_PROFIT_TP_HIT,0.0636
368,TRUMP_USDT,LONG,StochasticRSI(FAST_SCALP-LONG),2,0.2,1.772,1.776,1.776,1.766,2026-07-04 08:15:59 UTC,2026-07-04 08:22:18 UTC,378.58,0.3544,0.0047,0.0,0.0008,0.08,16.93,MIN_PROFIT_TP_HIT,0.0644
369,TRUMP_USDT,SHORT,StochasticRSI(FAST_SCALP-SHORT),2,0.2,1.775,1.771,1.771,1.781,2026-07-04 08:27:59 UTC,2026-07-04 08:55:17 UTC,1637.17,0.355,0.0047,0.0,0.0008,0.08,16.9,MIN_PROFIT_TP_HIT,0.0652
370,TRUMP_USDT,LONG,StochasticRSI(FAST_SCALP-LONG),2,0.2,1.773,1.777,1.777,1.767,2026-07-04 08:59:59 UTC,2026-07-04 09:11:54 UTC,714.54,0.3546,0.0047,0.0,0.0008,0.08,16.92,MIN_PROFIT_TP_HIT,0.066
371,TRUMP_USDT,SHORT,StochasticRSI(FAST_SCALP-SHORT),2,0.2,1.778,1.774,1.774,1.784,2026-07-04 09:18:59 UTC,2026-07-04 09:23:26 UTC,266.06,0.3556,0.0047,0.0,0.0008,0.08,16.87,MIN_PROFIT_TP_HIT,0.0668
372,TRUMP_USDT,LONG,StochasticRSI(FAST_SCALP-LONG),2,0.2,1.769,1.763,1.773,1.763,2026-07-04 09:30:59 UTC,2026-07-04 09:37:01 UTC,361.82,0.3538,0.0047,0.0,-0.0012,-0.11,-25.44,STOP_LOSS_HIT,0.0656
373,TRUMP_USDT,LONG,StochasticRSI(FAST_SCALP-LONG),2,0.2,1.763,1.767,1.767,1.757,2026-07-04 09:38:59 UTC,2026-07-04 09:40:48 UTC,108.06,0.3526,0.0047,0.0,0.0008,0.08,17.02,MIN_PROFIT_TP_HIT,0.0664
374,TRUMP_USDT,SHORT,StochasticRSI(FAST_SCALP-SHORT),2,0.2,1.765,1.771,1.761,1.771,2026-07-04 09:44:59 UTC,2026-07-04 10:55:17 UTC,4217.63,0.353,0.0047,0.0,-0.0012,-0.11,-25.5,STOP_LOSS_HIT,0.0652
375,TRUMP_USDT,LONG,StochasticRSI(FAST_SCALP-LONG),2,0.2,1.766,1.77,1.77,1.76,2026-07-04 11:06:59 UTC,2026-07-04 11:09:51 UTC,171.73,0.3532,0.0047,0.0,0.0008,0.08,16.99,MIN_PROFIT_TP_HIT,0.066
376,TRUMP_USDT,SHORT,StochasticRSI(FAST_SCALP-SHORT),2,0.2,1.765,1.771,1.761,1.771,2026-07-04 11:12:59 UTC,2026-07-04 11:33:05 UTC,1205.25,0.353,0.0047,0.0,-0.0012,-0.11,-25.5,STOP_LOSS_HIT,0.0648
377,TRUMP_USDT,SHORT,StochasticRSI(FAST_SCALP-SHORT),2,0.2,1.771,1.777,1.767,1.777,2026-07-04 11:37:59 UTC,2026-07-04 12:13:03 UTC,2103.6,0.3542,0.0047,0.0,-0.0012,-0.11,-25.41,STOP_LOSS_HIT,0.0636
378,TRUMP_USDT,SHORT,StochasticRSI(FAST_SCALP-SHORT),2,0.2,1.776,1.772,1.772,1.782,2026-07-04 12:19:59 UTC,2026-07-04 12:24:16 UTC,256.8,0.3552,0.0047,0.0,0.0008,0.08,16.89,MIN_PROFIT_TP_HIT,0.0644
379,TRUMP_USDT,LONG,StochasticRSI(FAST_SCALP-LONG),2,0.2,1.773,1.777,1.777,1.767,2026-07-04 12:25:59 UTC,2026-07-04 12:39:34 UTC,814.56,0.3546,0.0047,0.0,0.0008,0.08,16.92,MIN_PROFIT_TP_HIT,0.0652
380,TRUMP_USDT,SHORT,StochasticRSI(FAST_SCALP-SHORT),2,0.2,1.777,1.783,1.773,1.783,2026-07-04 12:46:59 UTC,2026-07-04 12:58:05 UTC,665.63,0.3554,0.0047,0.0,-0.0012,-0.11,-25.32,STOP_LOSS_HIT,0.064
381,TRUMP_USDT,SHORT,StochasticRSI(FAST_SCALP-SHORT),2,0.2,1.782,1.778,1.778,1.788,2026-07-04 13:02:59 UTC,2026-07-04 13:37:27 UTC,2067.1,0.3564,0.0048,0.0,0.0008,0.08,16.84,MIN_PROFIT_TP_HIT,0.0648
382,TRUMP_USDT,LONG,StochasticRSI(FAST_SCALP-LONG),2,0.2,1.781,1.775,1.785,1.775,2026-07-04 13:39:59 UTC,2026-07-04 13:51:20 UTC,680.68,0.3562,0.0047,0.0,-0.0012,-0.11,-25.27,STOP_LOSS_HIT,0.0636
383,TRUMP_USDT,LONG,StochasticRSI(FAST_SCALP-LONG),2,0.2,1.776,1.78,1.78,1.77,2026-07-04 13:52:59 UTC,2026-07-04 13:59:52 UTC,412.18,0.3552,0.0047,0.0,0.0008,0.08,16.89,MIN_PROFIT_TP_HIT,0.0644
384,TRUMP_USDT,SHORT,StochasticRSI(FAST_SCALP-SHORT),2,0.2,1.784,1.79,1.78,1.79,2026-07-04 14:05:59 UTC,2026-07-04 14:12:03 UTC,363.01,0.3568,0.0048,0.0,-0.0012,-0.11,-25.22,STOP_LOSS_HIT,0.0632
385,TRUMP_USDT,SHORT,StochasticRSI(FAST_SCALP-SHORT),2,0.2,1.786,1.792,1.782,1.792,2026-07-04 14:21:59 UTC,2026-07-04 14:40:57 UTC,1137.21,0.3572,0.0048,0.0,-0.0012,-0.11,-25.2,STOP_LOSS_HIT,0.062
386,TRUMP_USDT,SHORT,StochasticRSI(FAST_SCALP-SHORT),2,0.2,1.792,1.798,1.788,1.798,2026-07-04 14:45:59 UTC,2026-07-04 15:09:27 UTC,1407.58,0.3584,0.0048,0.0,-0.0012,-0.11,-25.11,STOP_LOSS_HIT,0.0608
387,TRUMP_USDT,SHORT,StochasticRSI(FAST_SCALP-SHORT),2,0.2,1.8,1.806,1.796,1.806,2026-07-04 15:13:59 UTC,2026-07-04 15:30:49 UTC,1009.7,0.36,0.0048,0.0,-0.0012,-0.11,-25.0,STOP_LOSS_HIT,0.0596
388,TRUMP_USDT,SHORT,StochasticRSI(FAST_SCALP-SHORT),2,0.2,1.807,1.813,1.803,1.813,2026-07-04 15:32:59 UTC,2026-07-04 15:35:31 UTC,151.24,0.3614,0.0048,0.0,-0.0012,-0.11,-24.9,STOP_LOSS_HIT,0.0584
389,TRUMP_USDT,SHORT,StochasticRSI(FAST_SCALP-SHORT),2,0.2,1.814,1.82,1.81,1.82,2026-07-04 15:37:59 UTC,2026-07-04 15:38:24 UTC,24.22,0.3628,0.0048,0.0,-0.0012,-0.11,-24.81,STOP_LOSS_HIT,0.0572
390,TRUMP_USDT,LONG,StochasticRSI(FAST_SCALP-LONG),2,0.2,1.813,1.807,1.817,1.807,2026-07-04 15:45:59 UTC,2026-07-04 15:55:27 UTC,567.33,0.3626,0.0048,0.0,-0.0012,-0.11,-24.82,STOP_LOSS_HIT,0.056
391,TRUMP_USDT,SHORT,StochasticRSI(FAST_SCALP-SHORT),2,0.2,1.812,1.808,1.808,1.818,2026-07-04 16:06:59 UTC,2026-07-04 16:10:53 UTC,233.21,0.3624,0.0048,0.0,0.0008,0.08,16.56,MIN_PROFIT_TP_HIT,0.0568
392,TRUMP_USDT,LONG,StochasticRSI(FAST_SCALP-LONG),2,0.2,1.805,1.809,1.809,1.799,2026-07-04 16:14:59 UTC,2026-07-04 16:18:26 UTC,206.9,0.361,0.0048,0.0,0.0008,0.08,16.62,MIN_PROFIT_TP_HIT,0.0576
393,TRUMP_USDT,SHORT,StochasticRSI(FAST_SCALP-SHORT),2,0.2,1.815,1.821,1.811,1.821,2026-07-04 16:22:59 UTC,2026-07-04 16:29:45 UTC,405.66,0.363,0.0048,0.0,-0.0012,-0.11,-24.79,STOP_LOSS_HIT,0.0564
394,TRUMP_USDT,SHORT,StochasticRSI(FAST_SCALP-SHORT),2,0.2,1.817,1.823,1.813,1.823,2026-07-04 16:33:59 UTC,2026-07-04 16:43:27 UTC,567.04,0.3634,0.0048,0.0,-0.0012,-0.11,-24.77,STOP_LOSS_HIT,0.0552
395,TRUMP_USDT,SHORT,StochasticRSI(FAST_SCALP-SHORT),2,0.2,1.837,1.833,1.833,1.843,2026-07-04 16:50:59 UTC,2026-07-04 16:51:53 UTC,53.13,0.3674,0.0049,0.0,0.0008,0.08,16.33,MIN_PROFIT_TP_HIT,0.056
396,TRUMP_USDT,LONG,StochasticRSI(FAST_SCALP-LONG),2,0.2,1.828,1.832,1.832,1.822,2026-07-04 16:57:59 UTC,2026-07-04 17:03:05 UTC,305.17,0.3656,0.0049,0.0,0.0008,0.08,16.41,MIN_PROFIT_TP_HIT,0.0568
397,TRUMP_USDT,SHORT,StochasticRSI(FAST_SCALP-SHORT),2,0.2,1.847,1.843,1.843,1.853,2026-07-04 17:07:59 UTC,2026-07-04 17:09:07 UTC,67.84,0.3694,0.0049,0.0,0.0008,0.08,16.24,MIN_PROFIT_TP_HIT,0.0576
398,TRUMP_USDT,LONG,StochasticRSI(FAST_SCALP-LONG),2,0.2,1.833,1.827,1.837,1.827,2026-07-04 17:22:59 UTC,2026-07-04 17:24:41 UTC,101.76,0.3666,0.0049,0.0,-0.0012,-0.11,-24.55,STOP_LOSS_HIT,0.0564
399,TRUMP_USDT,LONG,StochasticRSI(FAST_SCALP-LONG),2,0.2,1.831,1.835,1.835,1.825,2026-07-04 17:26:59 UTC,2026-07-04 17:28:02 UTC,62.6,0.3662,0.0049,0.0,0.0008,0.08,16.38,MIN_PROFIT_TP_HIT,0.0572
400,TRUMP_USDT,SHORT,StochasticRSI(FAST_SCALP-SHORT),2,0.2,1.835,1.841,1.831,1.841,2026-07-04 17:31:59 UTC,2026-07-04 17:33:04 UTC,64.52,0.367,0.0049,0.0,-0.0012,-0.11,-24.52,STOP_LOSS_HIT,0.056
401,TRUMP_USDT,SHORT,StochasticRSI(FAST_SCALP-SHORT),2,0.2,1.835,1.831,1.831,1.841,2026-07-04 17:35:59 UTC,2026-07-04 17:37:19 UTC,79.93,0.367,0.0049,0.0,0.0008,0.08,16.35,MIN_PROFIT_TP_HIT,0.0568
402,TRUMP_USDT,LONG,StochasticRSI(FAST_SCALP-LONG),2,0.2,1.828,1.832,1.832,1.822,2026-07-04 17:40:59 UTC,2026-07-04 17:43:04 UTC,124.74,0.3656,0.0049,0.0,0.0008,0.08,16.41,MIN_PROFIT_TP_HIT,0.0576
403,TRUMP_USDT,SHORT,StochasticRSI(FAST_SCALP-SHORT),2,0.2,1.843,1.849,1.839,1.849,2026-07-04 17:54:59 UTC,2026-07-04 17:56:18 UTC,78.3,0.3686,0.0049,0.0,-0.0012,-0.11,-24.42,STOP_LOSS_HIT,0.0564
404,TRUMP_USDT,SHORT,StochasticRSI(FAST_SCALP-SHORT),2,0.2,1.855,1.851,1.851,1.861,2026-07-04 17:58:59 UTC,2026-07-04 18:03:04 UTC,244.72,0.371,0.0049,0.0,0.0008,0.08,16.17,MIN_PROFIT_TP_HIT,0.0572
405,TRUMP_USDT,LONG,StochasticRSI(FAST_SCALP-LONG),2,0.2,1.856,1.85,1.86,1.85,2026-07-04 18:06:59 UTC,2026-07-04 18:09:54 UTC,174.98,0.3712,0.0049,0.0,-0.0012,-0.11,-24.25,STOP_LOSS_HIT,0.056
406,TRUMP_USDT,LONG,StochasticRSI(FAST_SCALP-LONG),2,0.2,1.853,1.857,1.857,1.847,2026-07-04 18:17:59 UTC,2026-07-04 18:20:04 UTC,124.15,0.3706,0.0049,0.0,0.0008,0.08,16.19,MIN_PROFIT_TP_HIT,0.0568
407,TRUMP_USDT,SHORT,StochasticRSI(FAST_SCALP-SHORT),2,0.2,1.866,1.862,1.862,1.872,2026-07-04 18:25:59 UTC,2026-07-04 18:26:07 UTC,7.06,0.3732,0.005,0.0,0.0008,0.08,16.08,MIN_PROFIT_TP_HIT,0.0576
408,TRUMP_USDT,LONG,StochasticRSI(FAST_SCALP-LONG),2,0.2,1.846,1.84,1.85,1.84,2026-07-04 18:34:59 UTC,2026-07-04 18:35:23 UTC,23.94,0.3692,0.0049,0.0,-0.0012,-0.11,-24.38,STOP_LOSS_HIT,0.0564
409,TRUMP_USDT,LONG,StochasticRSI(FAST_SCALP-LONG),2,0.2,1.835,1.839,1.839,1.829,2026-07-04 18:38:59 UTC,2026-07-04 18:41:47 UTC,167.07,0.367,0.0049,0.0,0.0008,0.08,16.35,MIN_PROFIT_TP_HIT,0.0572
410,TRUMP_USDT,SHORT,StochasticRSI(FAST_SCALP-SHORT),2,0.2,1.84,1.836,1.836,1.846,2026-07-04 18:45:59 UTC,2026-07-04 18:48:43 UTC,163.44,0.368,0.0049,0.0,0.0008,0.08,16.3,MIN_PROFIT_TP_HIT,0.058
411,TRUMP_USDT,SHORT,StochasticRSI(FAST_SCALP-SHORT),2,0.2,1.834,1.84,1.83,1.84,2026-07-04 18:49:59 UTC,2026-07-04 18:58:16 UTC,496.75,0.3668,0.0049,0.0,-0.0012,-0.11,-24.54,STOP_LOSS_HIT,0.0568
412,TRUMP_USDT,SHORT,StochasticRSI(FAST_SCALP-SHORT),2,0.2,1.858,1.854,1.854,1.864,2026-07-04 19:03:59 UTC,2026-07-04 19:04:05 UTC,5.27,0.3716,0.005,0.0,0.0008,0.08,16.15,MIN_PROFIT_TP_HIT,0.0576
413,TRUMP_USDT,LONG,StochasticRSI(FAST_SCALP-LONG),2,0.2,1.842,1.836,1.846,1.836,2026-07-04 19:11:59 UTC,2026-07-04 19:13:11 UTC,71.45,0.3684,0.0049,0.0,-0.0012,-0.11,-24.43,STOP_LOSS_HIT,0.0564
414,TRUMP_USDT,LONG,StochasticRSI(FAST_SCALP-LONG),2,0.2,1.837,1.841,1.841,1.831,2026-07-04 19:15:59 UTC,2026-07-04 19:17:27 UTC,87.88,0.3674,0.0049,0.0,0.0008,0.08,16.33,MIN_PROFIT_TP_HIT,0.0572
415,TRUMP_USDT,SHORT,StochasticRSI(FAST_SCALP-SHORT),2,0.2,1.844,1.84,1.84,1.85,2026-07-04 19:25:59 UTC,2026-07-04 19:31:51 UTC,351.28,0.3688,0.0049,0.0,0.0008,0.08,16.27,MIN_PROFIT_TP_HIT,0.058
416,TRUMP_USDT,LONG,StochasticRSI(FAST_SCALP-LONG),2,0.2,1.842,1.836,1.846,1.836,2026-07-04 19:35:59 UTC,2026-07-04 19:40:05 UTC,245.94,0.3684,0.0049,0.0,-0.0012,-0.11,-24.43,STOP_LOSS_HIT,0.0568
417,TRUMP_USDT,LONG,StochasticRSI(FAST_SCALP-LONG),2,0.2,1.837,1.831,1.841,1.831,2026-07-04 19:49:59 UTC,2026-07-04 20:01:08 UTC,668.4,0.3674,0.0049,0.0,-0.0012,-0.11,-24.5,STOP_LOSS_HIT,0.0556
418,TRUMP_USDT,LONG,StochasticRSI(FAST_SCALP-LONG),2,0.2,1.834,1.828,1.838,1.828,2026-07-04 20:04:59 UTC,2026-07-04 20:18:15 UTC,795.13,0.3668,0.0049,0.0,-0.0012,-0.11,-24.54,STOP_LOSS_HIT,0.0544
419,TRUMP_USDT,LONG,StochasticRSI(FAST_SCALP-LONG),2,0.2,1.821,1.815,1.825,1.815,2026-07-04 20:20:59 UTC,2026-07-04 20:22:30 UTC,90.86,0.3642,0.0049,0.0,-0.0012,-0.11,-24.71,STOP_LOSS_HIT,0.0532
420,TRUMP_USDT,SHORT,StochasticRSI(FAST_SCALP-SHORT),2,0.2,1.822,1.828,1.818,1.828,2026-07-04 20:30:59 UTC,2026-07-04 20:36:52 UTC,352.07,0.3644,0.0049,0.0,-0.0012,-0.11,-24.7,STOP_LOSS_HIT,0.052
421,TRUMP_USDT,SHORT,StochasticRSI(FAST_SCALP-SHORT),2,0.2,1.827,1.823,1.823,1.833,2026-07-04 20:38:59 UTC,2026-07-04 20:43:04 UTC,244.77,0.3654,0.0049,0.0,0.0008,0.08,16.42,MIN_PROFIT_TP_HIT,0.0528
422,TRUMP_USDT,LONG,StochasticRSI(FAST_SCALP-LONG),2,0.2,1.829,1.833,1.833,1.823,2026-07-04 20:46:59 UTC,2026-07-04 20:50:30 UTC,210.38,0.3658,0.0049,0.0,0.0008,0.08,16.4,MIN_PROFIT_TP_HIT,0.0536
423,TRUMP_USDT,SHORT,StochasticRSI(FAST_SCALP-SHORT),2,0.2,1.839,1.835,1.835,1.845,2026-07-04 20:52:59 UTC,2026-07-04 20:53:28 UTC,28.81,0.3678,0.0049,0.0,0.0008,0.08,16.31,MIN_PROFIT_TP_HIT,0.0544
424,TRUMP_USDT,LONG,StochasticRSI(FAST_SCALP-LONG),2,0.2,1.844,1.848,1.848,1.838,2026-07-04 20:57:59 UTC,2026-07-04 20:58:29 UTC,29.08,0.3688,0.0049,0.0,0.0008,0.08,16.27,MIN_PROFIT_TP_HIT,0.0552
425,TRUMP_USDT,SHORT,StochasticRSI(FAST_SCALP-SHORT),2,0.2,1.85,1.846,1.846,1.856,2026-07-04 21:05:59 UTC,2026-07-04 21:06:31 UTC,31.46,0.37,0.0049,0.0,0.0008,0.08,16.22,MIN_PROFIT_TP_HIT,0.056
426,TRUMP_USDT,LONG,StochasticRSI(FAST_SCALP-LONG),2,0.2,1.844,1.848,1.848,1.838,2026-07-04 21:10:59 UTC,2026-07-04 21:13:00 UTC,120.1,0.3688,0.0049,0.0,0.0008,0.08,16.27,MIN_PROFIT_TP_HIT,0.0568
427,TRUMP_USDT,SHORT,StochasticRSI(FAST_SCALP-SHORT),2,0.2,1.855,1.861,1.851,1.861,2026-07-04 21:19:59 UTC,2026-07-04 21:31:51 UTC,711.75,0.371,0.0049,0.0,-0.0012,-0.11,-24.26,STOP_LOSS_HIT,0.0556
428,TRUMP_USDT,LONG,StochasticRSI(FAST_SCALP-LONG),2,0.2,1.849,1.843,1.853,1.843,2026-07-04 21:39:59 UTC,2026-07-04 21:50:03 UTC,603.07,0.3698,0.0049,0.0,-0.0012,-0.11,-24.34,STOP_LOSS_HIT,0.0544
429,TRUMP_USDT,LONG,StochasticRSI(FAST_SCALP-LONG),2,0.2,1.842,1.836,1.846,1.836,2026-07-04 21:54:59 UTC,2026-07-04 21:59:01 UTC,241.07,0.3684,0.0049,0.0,-0.0012,-0.11,-24.43,STOP_LOSS_HIT,0.0532
430,TRUMP_USDT,LONG,StochasticRSI(FAST_SCALP-LONG),2,0.2,1.826,1.83,1.83,1.82,2026-07-04 22:04:59 UTC,2026-07-04 22:05:50 UTC,50.77,0.3652,0.0049,0.0,0.0008,0.08,16.43,MIN_PROFIT_TP_HIT,0.054
431,TRUMP_USDT,SHORT,StochasticRSI(FAST_SCALP-SHORT),2,0.2,1.826,1.822,1.822,1.832,2026-07-04 22:11:59 UTC,2026-07-04 22:19:16 UTC,436.63,0.3652,0.0049,0.0,0.0008,0.08,16.43,MIN_PROFIT_TP_HIT,0.0548
432,TRUMP_USDT,SHORT,StochasticRSI(FAST_SCALP-SHORT),2,0.2,1.821,1.817,1.817,1.827,2026-07-04 22:33:59 UTC,2026-07-04 22:45:01 UTC,661.22,0.3642,0.0049,0.0,0.0008,0.08,16.47,MIN_PROFIT_TP_HIT,0.0556
433,TRUMP_USDT,LONG,StochasticRSI(FAST_SCALP-LONG),2,0.2,1.824,1.818,1.828,1.818,2026-07-04 22:48:59 UTC,2026-07-04 22:49:07 UTC,7.38,0.3648,0.0049,0.0,-0.0012,-0.11,-24.67,STOP_LOSS_HIT,0.0544
434,TRUMP_USDT,SHORT,StochasticRSI(FAST_SCALP-SHORT),2,0.2,1.821,1.827,1.817,1.827,2026-07-04 22:51:59 UTC,2026-07-04 22:57:25 UTC,325.37,0.3642,0.0049,0.0,-0.0012,-0.11,-24.71,STOP_LOSS_HIT,0.0532
435,TRUMP_USDT,SHORT,StochasticRSI(FAST_SCALP-SHORT),2,0.2,1.824,1.82,1.82,1.83,2026-07-04 23:01:59 UTC,2026-07-04 23:14:36 UTC,756.24,0.3648,0.0049,0.0,0.0008,0.08,16.45,MIN_PROFIT_TP_HIT,0.054
436,TRUMP_USDT,LONG,StochasticRSI(FAST_SCALP-LONG),2,0.2,1.815,1.819,1.819,1.809,2026-07-04 23:17:59 UTC,2026-07-04 23:19:38 UTC,98.23,0.363,0.0048,0.0,0.0008,0.08,16.53,MIN_PROFIT_TP_HIT,0.0548
437,TRUMP_USDT,SHORT,StochasticRSI(FAST_SCALP-SHORT),2,0.2,1.824,1.82,1.82,1.83,2026-07-04 23:24:59 UTC,2026-07-04 23:27:04 UTC,124.53,0.3648,0.0049,0.0,0.0008,0.08,16.45,MIN_PROFIT_TP_HIT,0.0556
438,TRUMP_USDT,LONG,StochasticRSI(FAST_SCALP-LONG),2,0.2,1.821,1.815,1.825,1.815,2026-07-04 23:32:59 UTC,2026-07-05 00:03:29 UTC,1829.54,0.3642,0.0049,0.0,-0.0012,-0.11,-24.71,STOP_LOSS_HIT,0.0544
439,TRUMP_USDT,SHORT,StochasticRSI(FAST_SCALP-SHORT),2,0.2,1.82,1.826,1.816,1.826,2026-07-05 00:13:59 UTC,2026-07-05 00:19:37 UTC,337.73,0.364,0.0049,0.0,-0.0012,-0.11,-24.73,STOP_LOSS_HIT,0.0532
440,TRUMP_USDT,SHORT,StochasticRSI(FAST_SCALP-SHORT),2,0.2,1.822,1.818,1.818,1.828,2026-07-05 00:22:59 UTC,2026-07-05 00:32:19 UTC,559.87,0.3644,0.0049,0.0,0.0008,0.08,16.47,MIN_PROFIT_TP_HIT,0.054
441,TRUMP_USDT,LONG,StochasticRSI(FAST_SCALP-LONG),2,0.2,1.817,1.821,1.821,1.811,2026-07-05 00:36:59 UTC,2026-07-05 00:38:04 UTC,64.23,0.3634,0.0048,0.0,0.0008,0.08,16.51,MIN_PROFIT_TP_HIT,0.0548
442,TRUMP_USDT,SHORT,StochasticRSI(FAST_SCALP-SHORT),2,0.2,1.83,1.826,1.826,1.836,2026-07-05 00:47:59 UTC,2026-07-05 00:53:56 UTC,356.48,0.366,0.0049,0.0,0.0008,0.08,16.39,MIN_PROFIT_TP_HIT,0.0556
443,TRUMP_USDT,LONG,StochasticRSI(FAST_SCALP-LONG),2,0.2,1.826,1.83,1.83,1.82,2026-07-05 00:59:59 UTC,2026-07-05 01:03:59 UTC,239.17,0.3652,0.0049,0.0,0.0008,0.08,16.43,MIN_PROFIT_TP_HIT,0.0564
444,TRUMP_USDT,SHORT,StochasticRSI(FAST_SCALP-SHORT),2,0.2,1.828,1.824,1.824,1.834,2026-07-05 01:06:59 UTC,2026-07-05 01:08:31 UTC,91.08,0.3656,0.0049,0.0,0.0008,0.08,16.41,MIN_PROFIT_TP_HIT,0.0572
445,TRUMP_USDT,LONG,StochasticRSI(FAST_SCALP-LONG),2,0.2,1.81,1.814,1.814,1.804,2026-07-05 01:21:59 UTC,2026-07-05 01:25:58 UTC,238.93,0.362,0.0048,0.0,0.0008,0.08,16.57,MIN_PROFIT_TP_HIT,0.058
446,TRUMP_USDT,SHORT,StochasticRSI(FAST_SCALP-SHORT),2,0.2,1.815,1.811,1.811,1.821,2026-07-05 01:31:59 UTC,2026-07-05 01:33:40 UTC,100.28,0.363,0.0048,0.0,0.0008,0.08,16.53,MIN_PROFIT_TP_HIT,0.0588
447,TRUMP_USDT,LONG,StochasticRSI(FAST_SCALP-LONG),2,0.2,1.816,1.81,1.82,1.81,2026-07-05 01:39:59 UTC,2026-07-05 01:47:20 UTC,440.15,0.3632,0.0048,0.0,-0.0012,-0.11,-24.78,STOP_LOSS_HIT,0.0576
448,TRUMP_USDT,LONG,StochasticRSI(FAST_SCALP-LONG),2,0.2,1.813,1.817,1.817,1.807,2026-07-05 01:50:59 UTC,2026-07-05 01:58:42 UTC,462.07,0.3626,0.0048,0.0,0.0008,0.08,16.55,MIN_PROFIT_TP_HIT,0.0584
449,TRUMP_USDT,SHORT,StochasticRSI(FAST_SCALP-SHORT),2,0.2,1.809,1.805,1.805,1.815,2026-07-05 02:02:59 UTC,2026-07-05 02:07:16 UTC,256.11,0.3618,0.0048,0.0,0.0008,0.08,16.58,MIN_PROFIT_TP_HIT,0.0592
450,TRUMP_USDT,LONG,StochasticRSI(FAST_SCALP-LONG),2,0.2,1.81,1.804,1.814,1.804,2026-07-05 02:09:59 UTC,2026-07-05 02:11:11 UTC,71.99,0.362,0.0048,0.0,-0.0012,-0.11,-24.86,STOP_LOSS_HIT,0.058
451,TRUMP_USDT,SHORT,StochasticRSI(FAST_SCALP-SHORT),2,0.2,1.792,1.788,1.788,1.798,2026-07-05 02:12:59 UTC,2026-07-05 02:13:12 UTC,12.51,0.3584,0.0048,0.0,0.0008,0.08,16.74,MIN_PROFIT_TP_HIT,0.0588
452,TRUMP_USDT,LONG,StochasticRSI(FAST_SCALP-LONG),2,0.2,1.793,1.797,1.797,1.787,2026-07-05 02:15:59 UTC,2026-07-05 02:19:00 UTC,180.56,0.3586,0.0048,0.0,0.0008,0.08,16.73,MIN_PROFIT_TP_HIT,0.0596
453,TRUMP_USDT,SHORT,StochasticRSI(FAST_SCALP-SHORT),2,0.2,1.795,1.791,1.791,1.801,2026-07-05 02:23:59 UTC,2026-07-05 02:25:03 UTC,63.4,0.359,0.0048,0.0,0.0008,0.08,16.71,MIN_PROFIT_TP_HIT,0.0604
454,TRUMP_USDT,SHORT,StochasticRSI(FAST_SCALP-SHORT),2,0.2,1.803,1.799,1.799,1.809,2026-07-05 02:37:59 UTC,2026-07-05 02:42:31 UTC,271.5,0.3606,0.0048,0.0,0.0008,0.08,16.64,MIN_PROFIT_TP_HIT,0.0612
455,TRUMP_USDT,LONG,StochasticRSI(FAST_SCALP-LONG),2,0.2,1.791,1.785,1.795,1.785,2026-07-05 02:47:59 UTC,2026-07-05 02:48:52 UTC,52.42,0.3582,0.0048,0.0,-0.0012,-0.11,-25.13,STOP_LOSS_HIT,0.06
456,TRUMP_USDT,LONG,StochasticRSI(FAST_SCALP-LONG),2,0.2,1.794,1.788,1.798,1.788,2026-07-05 02:50:59 UTC,2026-07-05 02:54:09 UTC,189.18,0.3588,0.0048,0.0,-0.0012,-0.11,-25.08,STOP_LOSS_HIT,0.0588
457,TRUMP_USDT,SHORT,StochasticRSI(FAST_SCALP-SHORT),2,0.2,1.79,1.796,1.786,1.796,2026-07-05 03:06:59 UTC,2026-07-05 03:21:57 UTC,897.01,0.358,0.0048,0.0,-0.0012,-0.11,-25.14,STOP_LOSS_HIT,0.0576
458,TRUMP_USDT,LONG,StochasticRSI(FAST_SCALP-LONG),2,0.2,1.797,1.801,1.801,1.791,2026-07-05 03:22:59 UTC,2026-07-05 03:24:17 UTC,77.77,0.3594,0.0048,0.0,0.0008,0.08,16.69,MIN_PROFIT_TP_HIT,0.0584
459,TRUMP_USDT,SHORT,StochasticRSI(FAST_SCALP-SHORT),2,0.2,1.796,1.792,1.792,1.802,2026-07-05 03:26:59 UTC,2026-07-05 03:28:33 UTC,93.69,0.3592,0.0048,0.0,0.0008,0.08,16.7,MIN_PROFIT_TP_HIT,0.0592
460,TRUMP_USDT,LONG,StochasticRSI(FAST_SCALP-LONG),2,0.2,1.783,1.787,1.787,1.777,2026-07-05 03:34:59 UTC,2026-07-05 03:38:22 UTC,202.83,0.3566,0.0048,0.0,0.0008,0.08,16.83,MIN_PROFIT_TP_HIT,0.06
461,TRUMP_USDT,SHORT,StochasticRSI(FAST_SCALP-SHORT),2,0.2,1.783,1.779,1.779,1.789,2026-07-05 03:42:59 UTC,2026-07-05 03:43:44 UTC,44.84,0.3566,0.0048,0.0,0.0008,0.08,16.83,MIN_PROFIT_TP_HIT,0.0608
462,TRUMP_USDT,LONG,StochasticRSI(FAST_SCALP-LONG),2,0.2,1.78,1.784,1.784,1.774,2026-07-05 03:46:59 UTC,2026-07-05 03:55:40 UTC,520.51,0.356,0.0047,0.0,0.0008,0.08,16.85,MIN_PROFIT_TP_HIT,0.0616
463,TRUMP_USDT,SHORT,StochasticRSI(FAST_SCALP-SHORT),2,0.2,1.771,1.767,1.767,1.777,2026-07-05 03:57:59 UTC,2026-07-05 03:58:23 UTC,23.62,0.3542,0.0047,0.0,0.0008,0.08,16.94,MIN_PROFIT_TP_HIT,0.0624
464,TRUMP_USDT,LONG,StochasticRSI(FAST_SCALP-LONG),2,0.2,1.744,1.748,1.748,1.738,2026-07-05 04:04:59 UTC,2026-07-05 04:05:03 UTC,3.33,0.3488,0.0047,0.0,0.0008,0.08,17.2,MIN_PROFIT_TP_HIT,0.0632
465,TRUMP_USDT,SHORT,StochasticRSI(FAST_SCALP-SHORT),2,0.2,1.74,1.736,1.736,1.746,2026-07-05 04:10:59 UTC,2026-07-05 04:11:12 UTC,12.64,0.348,0.0046,0.0,0.0008,0.08,17.24,MIN_PROFIT_TP_HIT,0.064
466,TRUMP_USDT,SHORT,StochasticRSI(FAST_SCALP-SHORT),2,0.2,1.74,1.746,1.736,1.746,2026-07-05 04:18:59 UTC,2026-07-05 04:25:47 UTC,407.26,0.348,0.0046,0.0,-0.0012,-0.11,-25.86,STOP_LOSS_HIT,0.0628
467,TRUMP_USDT,SHORT,StochasticRSI(FAST_SCALP-SHORT),2,0.2,1.742,1.738,1.738,1.748,2026-07-05 04:28:59 UTC,2026-07-05 04:35:58 UTC,418.61,0.3484,0.0046,0.0,0.0008,0.08,17.22,MIN_PROFIT_TP_HIT,0.0636
468,TRUMP_USDT,LONG,StochasticRSI(FAST_SCALP-LONG),2,0.2,1.742,1.736,1.746,1.736,2026-07-05 04:38:59 UTC,2026-07-05 04:52:26 UTC,806.87,0.3484,0.0046,0.0,-0.0012,-0.11,-25.83,STOP_LOSS_HIT,0.0624
469,TRUMP_USDT,LONG,StochasticRSI(FAST_SCALP-LONG),2,0.2,1.738,1.742,1.742,1.732,2026-07-05 04:55:59 UTC,2026-07-05 04:57:46 UTC,106.46,0.3476,0.0046,0.0,0.0008,0.08,17.26,MIN_PROFIT_TP_HIT,0.0632
470,TRUMP_USDT,SHORT,StochasticRSI(FAST_SCALP-SHORT),2,0.2,1.738,1.734,1.734,1.744,2026-07-05 05:02:59 UTC,2026-07-05 05:07:38 UTC,278.94,0.3476,0.0046,0.0,0.0008,0.08,17.26,MIN_PROFIT_TP_HIT,0.064
471,TRUMP_USDT,LONG,StochasticRSI(FAST_SCALP-LONG),2,0.2,1.736,1.74,1.74,1.73,2026-07-05 05:11:59 UTC,2026-07-05 05:15:07 UTC,187.82,0.3472,0.0046,0.0,0.0008,0.08,17.28,MIN_PROFIT_TP_HIT,0.0648
472,TRUMP_USDT,SHORT,StochasticRSI(FAST_SCALP-SHORT),2,0.2,1.74,1.736,1.736,1.746,2026-07-05 05:18:59 UTC,2026-07-05 05:33:02 UTC,842.96,0.348,0.0046,0.0,0.0008,0.08,17.24,MIN_PROFIT_TP_HIT,0.0656
473,TRUMP_USDT,LONG,StochasticRSI(FAST_SCALP-LONG),2,0.2,1.74,1.734,1.744,1.734,2026-07-05 05:35:59 UTC,2026-07-05 05:42:19 UTC,379.57,0.348,0.0046,0.0,-0.0012,-0.11,-25.86,STOP_LOSS_HIT,0.0644
474,TRUMP_USDT,LONG,StochasticRSI(FAST_SCALP-LONG),2,0.2,1.737,1.741,1.741,1.731,2026-07-05 05:48:59 UTC,2026-07-05 05:51:23 UTC,143.9,0.3474,0.0046,0.0,0.0008,0.08,17.27,MIN_PROFIT_TP_HIT,0.0652
475,TRUMP_USDT,SHORT,StochasticRSI(FAST_SCALP-SHORT),2,0.2,1.742,1.738,1.738,1.748,2026-07-05 05:55:59 UTC,2026-07-05 05:59:38 UTC,218.06,0.3484,0.0046,0.0,0.0008,0.08,17.22,MIN_PROFIT_TP_HIT,0.066
476,TRUMP_USDT,LONG,StochasticRSI(FAST_SCALP-LONG),2,0.2,1.736,1.74,1.74,1.73,2026-07-05 06:03:59 UTC,2026-07-05 06:05:05 UTC,65.51,0.3472,0.0046,0.0,0.0008,0.08,17.28,MIN_PROFIT_TP_HIT,0.0668
477,TRUMP_USDT,SHORT,StochasticRSI(FAST_SCALP-SHORT),2,0.2,1.738,1.744,1.734,1.744,2026-07-05 06:10:59 UTC,2026-07-05 06:16:21 UTC,321.42,0.3476,0.0046,0.0,-0.0012,-0.11,-25.89,STOP_LOSS_HIT,0.0656
478,TRUMP_USDT,LONG,StochasticRSI(FAST_SCALP-LONG),2,0.2,1.733,1.727,1.737,1.727,2026-07-05 06:22:59 UTC,2026-07-05 06:28:33 UTC,333.83,0.3466,0.0046,0.0,-0.0012,-0.11,-25.97,STOP_LOSS_HIT,0.0644
479,TRUMP_USDT,SHORT,StochasticRSI(FAST_SCALP-SHORT),2,0.2,1.73,1.726,1.726,1.736,2026-07-05 06:35:59 UTC,2026-07-05 06:36:19 UTC,19.56,0.346,0.0046,0.0,0.0008,0.08,17.34,MIN_PROFIT_TP_HIT,0.0652
480,TRUMP_USDT,LONG,StochasticRSI(FAST_SCALP-LONG),2,0.2,1.714,1.718,1.718,1.708,2026-07-05 06:41:59 UTC,2026-07-05 06:42:31 UTC,31.51,0.3428,0.0046,0.0,0.0008,0.08,17.5,MIN_PROFIT_TP_HIT,0.066
481,TRUMP_USDT,SHORT,StochasticRSI(FAST_SCALP-SHORT),2,0.2,1.718,1.714,1.714,1.724,2026-07-05 06:48:59 UTC,2026-07-05 07:15:06 UTC,1566.51,0.3436,0.0046,0.0,0.0008,0.08,17.46,MIN_PROFIT_TP_HIT,0.0668
482,TRUMP_USDT,LONG,StochasticRSI(FAST_SCALP-LONG),2,0.2,1.715,1.709,1.719,1.709,2026-07-05 07:18:59 UTC,2026-07-05 07:20:36 UTC,96.55,0.343,0.0046,0.0,-0.0012,-0.11,-26.24,STOP_LOSS_HIT,0.0656
483,TRUMP_USDT,LONG,StochasticRSI(FAST_SCALP-LONG),2,0.2,1.708,1.712,1.712,1.702,2026-07-05 07:23:59 UTC,2026-07-05 07:51:50 UTC,1670.22,0.3416,0.0046,0.0,0.0008,0.08,17.56,MIN_PROFIT_TP_HIT,0.0664
484,TRUMP_USDT,SHORT,StochasticRSI(FAST_SCALP-SHORT),2,0.2,1.711,1.707,1.707,1.717,2026-07-05 07:54:59 UTC,2026-07-05 08:04:07 UTC,547.16,0.3422,0.0046,0.0,0.0008,0.08,17.53,MIN_PROFIT_TP_HIT,0.0672
485,TRUMP_USDT,LONG,StochasticRSI(FAST_SCALP-LONG),2,0.2,1.707,1.701,1.711,1.701,2026-07-05 08:08:59 UTC,2026-07-05 08:17:23 UTC,503.02,0.3414,0.0046,0.0,-0.0012,-0.11,-26.36,STOP_LOSS_HIT,0.066
486,TRUMP_USDT,LONG,StochasticRSI(FAST_SCALP-LONG),2,0.2,1.706,1.7,1.71,1.7,2026-07-05 08:20:59 UTC,2026-07-05 08:37:01 UTC,961.12,0.3412,0.0045,0.0,-0.0012,-0.11,-26.38,STOP_LOSS_HIT,0.0648
487,TRUMP_USDT,LONG,StochasticRSI(FAST_SCALP-LONG),2,0.2,1.703,1.697,1.707,1.697,2026-07-05 08:39:59 UTC,2026-07-05 09:01:26 UTC,1286.41,0.3406,0.0045,0.0,-0.0012,-0.11,-26.42,STOP_LOSS_HIT,0.0636
488,TRUMP_USDT,SHORT,StochasticRSI(FAST_SCALP-SHORT),2,0.2,1.702,1.698,1.698,1.708,2026-07-05 09:09:59 UTC,2026-07-05 09:11:08 UTC,68.6,0.3404,0.0045,0.0,0.0008,0.08,17.63,MIN_PROFIT_TP_HIT,0.0644
489,TRUMP_USDT,LONG,StochasticRSI(FAST_SCALP-LONG),2,0.2,1.698,1.692,1.702,1.692,2026-07-05 09:20:59 UTC,2026-07-05 09:27:17 UTC,377.04,0.3396,0.0045,0.0,-0.0012,-0.11,-26.5,STOP_LOSS_HIT,0.0632
490,TRUMP_USDT,LONG,StochasticRSI(FAST_SCALP-LONG),2,0.2,1.693,1.697,1.697,1.687,2026-07-05 09:29:59 UTC,2026-07-05 09:36:37 UTC,397.18,0.3386,0.0045,0.0,0.0008,0.08,17.72,MIN_PROFIT_TP_HIT,0.064
491,TRUMP_USDT,SHORT,StochasticRSI(FAST_SCALP-SHORT),2,0.2,1.695,1.691,1.691,1.701,2026-07-05 09:38:59 UTC,2026-07-05 09:39:47 UTC,47.55,0.339,0.0045,0.0,0.0008,0.08,17.7,MIN_PROFIT_TP_HIT,0.0648
492,TRUMP_USDT,LONG,StochasticRSI(FAST_SCALP-LONG),2,0.2,1.689,1.693,1.693,1.683,2026-07-05 09:45:59 UTC,2026-07-05 09:57:01 UTC,661.67,0.3378,0.0045,0.0,0.0008,0.08,17.76,MIN_PROFIT_TP_HIT,0.0656
493,TRUMP_USDT,SHORT,StochasticRSI(FAST_SCALP-SHORT),2,0.2,1.69,1.686,1.686,1.696,2026-07-05 09:59:59 UTC,2026-07-05 10:01:09 UTC,69.52,0.338,0.0045,0.0,0.0008,0.08,17.75,MIN_PROFIT_TP_HIT,0.0664
494,TRUMP_USDT,LONG,StochasticRSI(FAST_SCALP-LONG),2,0.2,1.687,1.691,1.691,1.681,2026-07-05 10:04:59 UTC,2026-07-05 10:07:18 UTC,138.11,0.3374,0.0045,0.0,0.0008,0.08,17.78,MIN_PROFIT_TP_HIT,0.0672
495,TRUMP_USDT,SHORT,StochasticRSI(FAST_SCALP-SHORT),2,0.2,1.693,1.699,1.689,1.699,2026-07-05 10:12:59 UTC,2026-07-05 10:36:17 UTC,1397.93,0.3386,0.0045,0.0,-0.0012,-0.11,-26.58,STOP_LOSS_HIT,0.066
496,TRUMP_USDT,LONG,StochasticRSI(FAST_SCALP-LONG),2,0.2,1.699,1.703,1.703,1.693,2026-07-05 10:42:59 UTC,2026-07-05 10:43:03 UTC,3.74,0.3398,0.0045,0.0,0.0008,0.08,17.66,MIN_PROFIT_TP_HIT,0.0668
497,TRUMP_USDT,LONG,StochasticRSI(FAST_SCALP-LONG),2,0.2,1.696,1.7,1.7,1.69,2026-07-05 10:51:59 UTC,2026-07-05 10:54:07 UTC,127.46,0.3392,0.0045,0.0,0.0008,0.08,17.69,MIN_PROFIT_TP_HIT,0.0676
498,TRUMP_USDT,SHORT,StochasticRSI(FAST_SCALP-SHORT),2,0.2,1.7,1.706,1.696,1.706,2026-07-05 11:02:59 UTC,2026-07-05 11:09:08 UTC,368.79,0.34,0.0045,0.0,-0.0012,-0.11,-26.47,STOP_LOSS_HIT,0.0664
499,TRUMP_USDT,LONG,StochasticRSI(FAST_SCALP-LONG),2,0.2,1.698,1.702,1.702,1.692,2026-07-05 11:18:59 UTC,2026-07-05 11:19:57 UTC,57.55,0.3396,0.0045,0.0,0.0008,0.08,17.67,MIN_PROFIT_TP_HIT,0.0672
500,TRUMP_USDT,SHORT,StochasticRSI(FAST_SCALP-SHORT),2,0.2,1.699,1.695,1.695,1.705,2026-07-05 11:26:59 UTC,2026-07-05 12:00:58 UTC,2038.69,0.3398,0.0045,0.0,0.0008,0.08,17.66,MIN_PROFIT_TP_HIT,0.068
501,TRUMP_USDT,SHORT,StochasticRSI(FAST_SCALP-SHORT),2,0.2,1.694,1.69,1.69,1.7,2026-07-05 12:01:59 UTC,2026-07-05 12:03:41 UTC,101.07,0.3388,0.0045,0.0,0.0008,0.08,17.71,MIN_PROFIT_TP_HIT,0.0688
502,TRUMP_USDT,LONG,StochasticRSI(FAST_SCALP-LONG),2,0.2,1.693,1.697,1.697,1.687,2026-07-05 12:05:59 UTC,2026-07-05 12:19:07 UTC,787.91,0.3386,0.0045,0.0,0.0008,0.08,17.72,MIN_PROFIT_TP_HIT,0.0696
503,TRUMP_USDT,SHORT,StochasticRSI(FAST_SCALP-SHORT),2,0.2,1.7,1.706,1.696,1.706,2026-07-05 12:22:59 UTC,2026-07-05 12:29:43 UTC,403.73,0.34,0.0045,0.0,-0.0012,-0.11,-26.47,STOP_LOSS_HIT,0.0684
504,TRUMP_USDT,SHORT,StochasticRSI(FAST_SCALP-SHORT),2,0.2,1.709,1.715,1.705,1.715,2026-07-05 12:33:59 UTC,2026-07-05 12:35:53 UTC,113.21,0.3418,0.0046,0.0,-0.0012,-0.11,-26.33,STOP_LOSS_HIT,0.0672
505,TRUMP_USDT,LONG,StochasticRSI(FAST_SCALP-LONG),2,0.2,1.717,1.721,1.721,1.711,2026-07-05 12:46:59 UTC,2026-07-05 12:52:10 UTC,310.04,0.3434,0.0046,0.0,0.0008,0.08,17.47,MIN_PROFIT_TP_HIT,0.068
506,TRUMP_USDT,LONG,StochasticRSI(FAST_SCALP-LONG),2,0.2,1.722,1.716,1.726,1.716,2026-07-05 12:53:59 UTC,2026-07-05 13:01:13 UTC,433.46,0.3444,0.0046,0.0,-0.0012,-0.11,-26.13,STOP_LOSS_HIT,0.0668
507,TRUMP_USDT,LONG,StochasticRSI(FAST_SCALP-LONG),2,0.2,1.716,1.72,1.72,1.71,2026-07-05 13:04:59 UTC,2026-07-05 13:31:30 UTC,1590.1,0.3432,0.0046,0.0,0.0008,0.08,17.48,MIN_PROFIT_TP_HIT,0.0676
508,TRUMP_USDT,SHORT,StochasticRSI(FAST_SCALP-SHORT),2,0.2,1.719,1.715,1.715,1.725,2026-07-05 13:36:59 UTC,2026-07-05 13:42:44 UTC,344.33,0.3438,0.0046,0.0,0.0008,0.08,17.45,MIN_PROFIT_TP_HIT,0.0684
509,TRUMP_USDT,LONG,StochasticRSI(FAST_SCALP-LONG),2,0.2,1.717,1.711,1.721,1.711,2026-07-05 13:45:59 UTC,2026-07-05 13:46:48 UTC,48.26,0.3434,0.0046,0.0,-0.0012,-0.11,-26.21,STOP_LOSS_HIT,0.0672
510,TRUMP_USDT,LONG,StochasticRSI(FAST_SCALP-LONG),2,0.2,1.71,1.704,1.714,1.704,2026-07-05 13:51:59 UTC,2026-07-05 14:03:12 UTC,673.0,0.342,0.0046,0.0,-0.0012,-0.11,-26.32,STOP_LOSS_HIT,0.066
511,TRUMP_USDT,LONG,StochasticRSI(FAST_SCALP-LONG),2,0.2,1.701,1.695,1.705,1.695,2026-07-05 14:07:59 UTC,2026-07-05 14:15:48 UTC,468.04,0.3402,0.0045,0.0,-0.0012,-0.11,-26.46,STOP_LOSS_HIT,0.0648
512,TRUMP_USDT,LONG,StochasticRSI(FAST_SCALP-LONG),2,0.2,1.695,1.689,1.699,1.689,2026-07-05 14:18:59 UTC,2026-07-05 14:31:18 UTC,738.85,0.339,0.0045,0.0,-0.0012,-0.11,-26.55,STOP_LOSS_HIT,0.0636
513,TRUMP_USDT,LONG,StochasticRSI(FAST_SCALP-LONG),2,0.2,1.687,1.691,1.691,1.681,2026-07-05 14:35:59 UTC,2026-07-05 14:42:03 UTC,363.66,0.3374,0.0045,0.0,0.0008,0.08,17.78,MIN_PROFIT_TP_HIT,0.0644
514,TRUMP_USDT,SHORT,StochasticRSI(FAST_SCALP-SHORT),2,0.2,1.689,1.695,1.685,1.695,2026-07-05 14:45:59 UTC,2026-07-05 14:59:22 UTC,802.78,0.3378,0.0045,0.0,-0.0012,-0.11,-26.64,STOP_LOSS_HIT,0.0632
515,TRUMP_USDT,SHORT,StochasticRSI(FAST_SCALP-SHORT),2,0.2,1.694,1.7,1.69,1.7,2026-07-05 15:01:59 UTC,2026-07-05 15:03:57 UTC,117.97,0.3388,0.0045,0.0,-0.0012,-0.11,-26.56,STOP_LOSS_HIT,0.062
516,TRUMP_USDT,LONG,StochasticRSI(FAST_SCALP-LONG),2,0.2,1.697,1.691,1.701,1.691,2026-07-05 15:12:59 UTC,2026-07-05 15:29:51 UTC,1011.12,0.3394,0.0045,0.0,-0.0012,-0.11,-26.52,STOP_LOSS_HIT,0.0608
517,TRUMP_USDT,LONG,StochasticRSI(FAST_SCALP-LONG),2,0.2,1.695,1.689,1.699,1.689,2026-07-05 15:32:59 UTC,2026-07-05 15:42:47 UTC,587.67,0.339,0.0045,0.0,-0.0012,-0.11,-26.55,STOP_LOSS_HIT,0.0596
518,TRUMP_USDT,LONG,StochasticRSI(FAST_SCALP-LONG),2,0.2,1.692,1.686,1.696,1.686,2026-07-05 15:46:59 UTC,2026-07-05 16:07:21 UTC,1221.69,0.3384,0.0045,0.0,-0.0012,-0.11,-26.6,STOP_LOSS_HIT,0.0584
519,TRUMP_USDT,LONG,StochasticRSI(FAST_SCALP-LONG),2,0.2,1.688,1.682,1.692,1.682,2026-07-05 16:11:59 UTC,2026-07-05 16:14:16 UTC,136.01,0.3376,0.0045,0.0,-0.0012,-0.11,-26.66,STOP_LOSS_HIT,0.0572
520,TRUMP_USDT,SHORT,StochasticRSI(FAST_SCALP-SHORT),2,0.2,1.681,1.687,1.677,1.687,2026-07-05 16:15:59 UTC,2026-07-05 16:25:02 UTC,542.44,0.3362,0.0045,0.0,-0.0012,-0.11,-26.77,STOP_LOSS_HIT,0.056
521,TRUMP_USDT,SHORT,StochasticRSI(FAST_SCALP-SHORT),2,0.2,1.688,1.694,1.684,1.694,2026-07-05 16:28:59 UTC,2026-07-05 17:17:38 UTC,2918.83,0.3376,0.0045,0.0,-0.0012,-0.11,-26.66,STOP_LOSS_HIT,0.0548
522,TRUMP_USDT,SHORT,StochasticRSI(FAST_SCALP-SHORT),2,0.2,1.696,1.692,1.692,1.702,2026-07-05 17:22:59 UTC,2026-07-05 17:32:20 UTC,560.81,0.3392,0.0045,0.0,0.0008,0.08,17.69,MIN_PROFIT_TP_HIT,0.0556
523,TRUMP_USDT,LONG,StochasticRSI(FAST_SCALP-LONG),2,0.2,1.692,1.696,1.696,1.686,2026-07-05 17:34:59 UTC,2026-07-05 18:49:24 UTC,4464.81,0.3384,0.0045,0.0,0.0008,0.08,17.73,MIN_PROFIT_TP_HIT,0.0564
524,TRUMP_USDT,LONG,StochasticRSI(FAST_SCALP-LONG),2,0.2,1.698,1.702,1.702,1.692,2026-07-05 19:03:59 UTC,2026-07-05 19:12:47 UTC,527.59,0.3396,0.0045,0.0,0.0008,0.08,17.67,MIN_PROFIT_TP_HIT,0.0572
525,TRUMP_USDT,SHORT,StochasticRSI(FAST_SCALP-SHORT),2,0.2,1.697,1.693,1.693,1.703,2026-07-05 19:17:59 UTC,2026-07-05 19:19:13 UTC,73.47,0.3394,0.0045,0.0,0.0008,0.08,17.68,MIN_PROFIT_TP_HIT,0.058
526,TRUMP_USDT,LONG,StochasticRSI(FAST_SCALP-LONG),2,0.2,1.694,1.698,1.698,1.688,2026-07-05 19:24:59 UTC,2026-07-05 19:48:05 UTC,1385.19,0.3388,0.0045,0.0,0.0008,0.08,17.71,MIN_PROFIT_TP_HIT,0.0588
527,TRUMP_USDT,SHORT,StochasticRSI(FAST_SCALP-SHORT),2,0.2,1.697,1.703,1.693,1.703,2026-07-05 19:51:59 UTC,2026-07-05 20:12:49 UTC,1249.83,0.3394,0.0045,0.0,-0.0012,-0.11,-26.52,STOP_LOSS_HIT,0.0576
528,TRUMP_USDT,SHORT,StochasticRSI(FAST_SCALP-SHORT),2,0.2,1.697,1.703,1.693,1.703,2026-07-05 20:27:59 UTC,2026-07-05 20:53:56 UTC,1556.19,0.3394,0.0045,0.0,-0.0012,-0.11,-26.52,STOP_LOSS_HIT,0.0564
529,TRUMP_USDT,SHORT,StochasticRSI(FAST_SCALP-SHORT),2,0.2,1.699,1.705,1.695,1.705,2026-07-05 21:01:59 UTC,2026-07-05 21:13:03 UTC,663.69,0.3398,0.0045,0.0,-0.0012,-0.11,-26.49,STOP_LOSS_HIT,0.0552
530,TRUMP_USDT,SHORT,StochasticRSI(FAST_SCALP-SHORT),2,0.2,1.705,1.711,1.701,1.711,2026-07-05 21:15:59 UTC,2026-07-05 21:24:52 UTC,532.01,0.341,0.0045,0.0,-0.0012,-0.11,-26.39,STOP_LOSS_HIT,0.054
531,TRUMP_USDT,SHORT,StochasticRSI(FAST_SCALP-SHORT),2,0.2,1.715,1.711,1.711,1.721,2026-07-05 21:30:59 UTC,2026-07-05 21:42:26 UTC,686.22,0.343,0.0046,0.0,0.0008,0.08,17.49,MIN_PROFIT_TP_HIT,0.0548
532,TRUMP_USDT,LONG,StochasticRSI(FAST_SCALP-LONG),2,0.2,1.711,1.715,1.715,1.705,2026-07-05 21:44:59 UTC,2026-07-05 21:51:21 UTC,381.63,0.3422,0.0046,0.0,0.0008,0.08,17.53,MIN_PROFIT_TP_HIT,0.0556
533,TRUMP_USDT,SHORT,StochasticRSI(FAST_SCALP-SHORT),2,0.2,1.714,1.71,1.71,1.72,2026-07-05 21:53:59 UTC,2026-07-05 22:00:07 UTC,367.03,0.3428,0.0046,0.0,0.0008,0.08,17.5,MIN_PROFIT_TP_HIT,0.0564
534,TRUMP_USDT,LONG,StochasticRSI(FAST_SCALP-LONG),2,0.2,1.713,1.707,1.717,1.707,2026-07-05 22:03:59 UTC,2026-07-05 22:10:30 UTC,390.05,0.3426,0.0046,0.0,-0.0012,-0.11,-26.27,STOP_LOSS_HIT,0.0552
535,TRUMP_USDT,LONG,StochasticRSI(FAST_SCALP-LONG),2,0.2,1.711,1.715,1.715,1.705,2026-07-05 22:12:59 UTC,2026-07-05 22:16:11 UTC,191.06,0.3422,0.0046,0.0,0.0008,0.08,17.53,MIN_PROFIT_TP_HIT,0.056
536,TRUMP_USDT,SHORT,StochasticRSI(FAST_SCALP-SHORT),2,0.2,1.716,1.722,1.712,1.722,2026-07-05 22:17:59 UTC,2026-07-05 22:21:19 UTC,199.49,0.3432,0.0046,0.0,-0.0012,-0.11,-26.22,STOP_LOSS_HIT,0.0548
537,TRUMP_USDT,SHORT,StochasticRSI(FAST_SCALP-SHORT),2,0.2,1.718,1.724,1.714,1.724,2026-07-05 22:23:59 UTC,2026-07-05 22:26:54 UTC,174.03,0.3436,0.0046,0.0,-0.0012,-0.11,-26.19,STOP_LOSS_HIT,0.0536
538,TRUMP_USDT,LONG,StochasticRSI(FAST_SCALP-LONG),2,0.2,1.722,1.726,1.726,1.716,2026-07-05 22:27:59 UTC,2026-07-05 22:28:29 UTC,29.99,0.3444,0.0046,0.0,0.0008,0.08,17.42,MIN_PROFIT_TP_HIT,0.0544
539,TRUMP_USDT,LONG,StochasticRSI(FAST_SCALP-LONG),2,0.2,1.714,1.718,1.718,1.708,2026-07-05 22:38:59 UTC,2026-07-05 22:39:51 UTC,51.03,0.3428,0.0046,0.0,0.0008,0.08,17.5,MIN_PROFIT_TP_HIT,0.0552
540,TRUMP_USDT,SHORT,StochasticRSI(FAST_SCALP-SHORT),2,0.2,1.714,1.72,1.71,1.72,2026-07-05 22:49:59 UTC,2026-07-05 23:13:32 UTC,1412.46,0.3428,0.0046,0.0,-0.0012,-0.11,-26.25,STOP_LOSS_HIT,0.054
541,TRUMP_USDT,SHORT,StochasticRSI(FAST_SCALP-SHORT),2,0.2,1.716,1.712,1.712,1.722,2026-07-05 23:17:59 UTC,2026-07-05 23:24:05 UTC,365.63,0.3432,0.0046,0.0,0.0008,0.08,17.48,MIN_PROFIT_TP_HIT,0.0548
542,TRUMP_USDT,LONG,StochasticRSI(FAST_SCALP-LONG),2,0.2,1.714,1.708,1.718,1.708,2026-07-05 23:27:59 UTC,2026-07-05 23:38:29 UTC,629.66,0.3428,0.0046,0.0,-0.0012,-0.11,-26.25,STOP_LOSS_HIT,0.0536
543,TRUMP_USDT,LONG,StochasticRSI(FAST_SCALP-LONG),2,0.2,1.713,1.707,1.717,1.707,2026-07-05 23:42:59 UTC,2026-07-05 23:47:19 UTC,259.36,0.3426,0.0046,0.0,-0.0012,-0.11,-26.27,STOP_LOSS_HIT,0.0524
544,TRUMP_USDT,LONG,StochasticRSI(FAST_SCALP-LONG),2,0.2,1.707,1.701,1.711,1.701,2026-07-05 23:51:59 UTC,2026-07-06 00:00:57 UTC,537.8,0.3414,0.0046,0.0,-0.0012,-0.11,-26.36,STOP_LOSS_HIT,0.0512
545,TRUMP_USDT,LONG,StochasticRSI(FAST_SCALP-LONG),2,0.2,1.698,1.692,1.702,1.692,2026-07-06 00:05:59 UTC,2026-07-06 00:07:38 UTC,98.31,0.3396,0.0045,0.0,-0.0012,-0.11,-26.5,STOP_LOSS_HIT,0.05
546,TRUMP_USDT,LONG,StochasticRSI(FAST_SCALP-LONG),2,0.2,1.686,1.69,1.69,1.68,2026-07-06 00:10:59 UTC,2026-07-06 00:11:36 UTC,36.05,0.3372,0.0045,0.0,0.0008,0.08,17.79,MIN_PROFIT_TP_HIT,0.0508
547,TRUMP_USDT,SHORT,StochasticRSI(FAST_SCALP-SHORT),2,0.2,1.696,1.692,1.692,1.702,2026-07-06 00:18:59 UTC,2026-07-06 00:22:03 UTC,183.98,0.3392,0.0045,0.0,0.0008,0.08,17.69,MIN_PROFIT_TP_HIT,0.0516
548,TRUMP_USDT,LONG,StochasticRSI(FAST_SCALP-LONG),2,0.2,1.692,1.686,1.696,1.686,2026-07-06 00:27:59 UTC,2026-07-06 00:30:06 UTC,126.86,0.3384,0.0045,0.0,-0.0012,-0.11,-26.6,STOP_LOSS_HIT,0.0504
549,TRUMP_USDT,SHORT,StochasticRSI(FAST_SCALP-SHORT),2,0.2,1.694,1.7,1.69,1.7,2026-07-06 00:42:59 UTC,2026-07-06 00:45:06 UTC,126.16,0.3388,0.0045,0.0,-0.0012,-0.11,-26.56,STOP_LOSS_HIT,0.0492
550,TRUMP_USDT,SHORT,StochasticRSI(FAST_SCALP-SHORT),2,0.2,1.699,1.705,1.695,1.705,2026-07-06 00:47:59 UTC,2026-07-06 01:00:27 UTC,747.86,0.3398,0.0045,0.0,-0.0012,-0.11,-26.49,STOP_LOSS_HIT,0.048
551,TRUMP_USDT,SHORT,StochasticRSI(FAST_SCALP-SHORT),2,0.2,1.699,1.695,1.695,1.705,2026-07-06 01:04:59 UTC,2026-07-06 01:22:53 UTC,1073.03,0.3398,0.0045,0.0,0.0008,0.08,17.66,MIN_PROFIT_TP_HIT,0.0488
552,TRUMP_USDT,LONG,StochasticRSI(FAST_SCALP-LONG),2,0.2,1.694,1.698,1.698,1.688,2026-07-06 01:26:59 UTC,2026-07-06 01:32:00 UTC,300.8,0.3388,0.0045,0.0,0.0008,0.08,17.71,MIN_PROFIT_TP_HIT,0.0496
553,TRUMP_USDT,SHORT,StochasticRSI(FAST_SCALP-SHORT),2,0.2,1.702,1.698,1.698,1.708,2026-07-06 01:35:59 UTC,2026-07-06 01:39:08 UTC,188.59,0.3404,0.0045,0.0,0.0008,0.08,17.63,MIN_PROFIT_TP_HIT,0.0504
554,TRUMP_USDT,LONG,StochasticRSI(FAST_SCALP-LONG),2,0.2,1.698,1.692,1.702,1.692,2026-07-06 01:48:59 UTC,2026-07-06 01:52:38 UTC,218.5,0.3396,0.0045,0.0,-0.0012,-0.11,-26.5,STOP_LOSS_HIT,0.0492
555,TRUMP_USDT,LONG,StochasticRSI(FAST_SCALP-LONG),2,0.2,1.693,1.687,1.697,1.687,2026-07-06 01:56:59 UTC,2026-07-06 02:04:38 UTC,458.14,0.3386,0.0045,0.0,-0.0012,-0.11,-26.58,STOP_LOSS_HIT,0.048
556,TRUMP_USDT,LONG,StochasticRSI(FAST_SCALP-LONG),2,0.2,1.681,1.685,1.685,1.675,2026-07-06 02:11:59 UTC,2026-07-06 02:16:52 UTC,292.12,0.3362,0.0045,0.0,0.0008,0.08,17.85,MIN_PROFIT_TP_HIT,0.0488
557,TRUMP_USDT,SHORT,StochasticRSI(FAST_SCALP-SHORT),2,0.2,1.688,1.684,1.684,1.694,2026-07-06 02:28:59 UTC,2026-07-06 02:40:57 UTC,717.27,0.3376,0.0045,0.0,0.0008,0.08,17.77,MIN_PROFIT_TP_HIT,0.0496
558,TRUMP_USDT,SHORT,StochasticRSI(FAST_SCALP-SHORT),2,0.2,1.683,1.679,1.679,1.689,2026-07-06 02:41:59 UTC,2026-07-06 03:22:49 UTC,2449.01,0.3366,0.0045,0.0,0.0008,0.08,17.83,MIN_PROFIT_TP_HIT,0.0504
559,TRUMP_USDT,LONG,StochasticRSI(FAST_SCALP-LONG),2,0.2,1.68,1.684,1.684,1.674,2026-07-06 03:26:59 UTC,2026-07-06 03:30:26 UTC,206.57,0.336,0.0045,0.0,0.0008,0.08,17.86,MIN_PROFIT_TP_HIT,0.0512
560,TRUMP_USDT,SHORT,StochasticRSI(FAST_SCALP-SHORT),2,0.2,1.66,1.666,1.656,1.666,2026-07-06 03:31:59 UTC,2026-07-06 03:32:45 UTC,45.04,0.332,0.0044,0.0,-0.0012,-0.11,-27.11,STOP_LOSS_HIT,0.05
561,TRUMP_USDT,SHORT,StochasticRSI(FAST_SCALP-SHORT),2,0.2,1.67,1.666,1.666,1.676,2026-07-06 03:41:59 UTC,2026-07-06 03:44:04 UTC,124.07,0.334,0.0045,0.0,0.0008,0.08,17.96,MIN_PROFIT_TP_HIT,0.0508
562,TRUMP_USDT,LONG,StochasticRSI(FAST_SCALP-LONG),2,0.2,1.666,1.67,1.67,1.66,2026-07-06 03:46:59 UTC,2026-07-06 03:51:47 UTC,287.47,0.3332,0.0044,0.0,0.0008,0.08,18.01,MIN_PROFIT_TP_HIT,0.0516
563,TRUMP_USDT,SHORT,StochasticRSI(FAST_SCALP-SHORT),2,0.2,1.667,1.673,1.663,1.673,2026-07-06 03:55:59 UTC,2026-07-06 04:15:18 UTC,1158.65,0.3334,0.0044,0.0,-0.0012,-0.11,-26.99,STOP_LOSS_HIT,0.0504
564,TRUMP_USDT,SHORT,StochasticRSI(FAST_SCALP-SHORT),2,0.2,1.671,1.677,1.667,1.677,2026-07-06 04:16:59 UTC,2026-07-06 04:53:37 UTC,2197.63,0.3342,0.0045,0.0,-0.0012,-0.11,-26.93,STOP_LOSS_HIT,0.0492
565,TRUMP_USDT,SHORT,StochasticRSI(FAST_SCALP-SHORT),2,0.2,1.676,1.672,1.672,1.682,2026-07-06 04:56:59 UTC,2026-07-06 04:58:05 UTC,65.45,0.3352,0.0045,0.0,0.0008,0.08,17.9,MIN_PROFIT_TP_HIT,0.05
566,TRUMP_USDT,LONG,StochasticRSI(FAST_SCALP-LONG),2,0.2,1.664,1.658,1.668,1.658,2026-07-06 05:06:59 UTC,2026-07-06 05:09:02 UTC,122.25,0.3328,0.0044,0.0,-0.0012,-0.11,-27.04,STOP_LOSS_HIT,0.0488
567,TRUMP_USDT,LONG,StochasticRSI(FAST_SCALP-LONG),2,0.2,1.664,1.658,1.668,1.658,2026-07-06 05:10:59 UTC,2026-07-06 05:25:16 UTC,856.8,0.3328,0.0044,0.0,-0.0012,-0.11,-27.04,STOP_LOSS_HIT,0.0476
568,TRUMP_USDT,LONG,StochasticRSI(FAST_SCALP-LONG),2,0.2,1.656,1.66,1.66,1.65,2026-07-06 05:32:59 UTC,2026-07-06 05:35:36 UTC,156.09,0.3312,0.0044,0.0,0.0008,0.08,18.12,MIN_PROFIT_TP_HIT,0.0484
569,TRUMP_USDT,SHORT,StochasticRSI(FAST_SCALP-SHORT),2,0.2,1.662,1.658,1.658,1.668,2026-07-06 05:39:59 UTC,2026-07-06 07:01:55 UTC,4915.93,0.3324,0.0044,0.0,0.0008,0.08,18.05,MIN_PROFIT_TP_HIT,0.0492
570,TRUMP_USDT,LONG,StochasticRSI(FAST_SCALP-LONG),2,0.2,1.664,1.668,1.668,1.658,2026-07-06 07:05:59 UTC,2026-07-06 07:42:35 UTC,2195.94,0.3328,0.0044,0.0,0.0008,0.08,18.03,MIN_PROFIT_TP_HIT,0.05
571,TRUMP_USDT,SHORT,StochasticRSI(FAST_SCALP-SHORT),2,0.2,1.672,1.668,1.668,1.678,2026-07-06 07:52:59 UTC,2026-07-06 07:57:30 UTC,270.6,0.3344,0.0045,0.0,0.0008,0.08,17.94,MIN_PROFIT_TP_HIT,0.0508
572,TRUMP_USDT,LONG,StochasticRSI(FAST_SCALP-LONG),2,0.2,1.669,1.663,1.673,1.663,2026-07-06 08:01:59 UTC,2026-07-06 08:16:40 UTC,880.08,0.3338,0.0045,0.0,-0.0012,-0.11,-26.96,STOP_LOSS_HIT,0.0496
573,TRUMP_USDT,LONG,StochasticRSI(FAST_SCALP-LONG),2,0.2,1.665,1.659,1.669,1.659,2026-07-06 08:20:59 UTC,2026-07-06 08:36:10 UTC,910.11,0.333,0.0044,0.0,-0.0012,-0.11,-27.03,STOP_LOSS_HIT,0.0484
574,TRUMP_USDT,LONG,StochasticRSI(FAST_SCALP-LONG),2,0.2,1.659,1.663,1.663,1.653,2026-07-06 08:39:59 UTC,2026-07-06 08:47:09 UTC,429.12,0.3318,0.0044,0.0,0.0008,0.08,18.08,MIN_PROFIT_TP_HIT,0.0492
575,TRUMP_USDT,SHORT,StochasticRSI(FAST_SCALP-SHORT),2,0.2,1.663,1.669,1.659,1.669,2026-07-06 08:50:59 UTC,2026-07-06 10:12:59 UTC,4919.62,0.3326,0.0044,0.0,-0.0012,-0.11,-27.06,STOP_LOSS_HIT,0.048
576,TRUMP_USDT,SHORT,StochasticRSI(FAST_SCALP-SHORT),2,0.2,1.665,1.671,1.661,1.671,2026-07-06 10:17:59 UTC,2026-07-06 10:36:53 UTC,1133.82,0.333,0.0044,0.0,-0.0012,-0.11,-27.03,STOP_LOSS_HIT,0.0468
577,TRUMP_USDT,SHORT,StochasticRSI(FAST_SCALP-SHORT),2,0.2,1.674,1.67,1.67,1.68,2026-07-06 10:39:59 UTC,2026-07-06 10:53:02 UTC,782.59,0.3348,0.0045,0.0,0.0008,0.08,17.92,MIN_PROFIT_TP_HIT,0.0476
578,TRUMP_USDT,LONG,StochasticRSI(FAST_SCALP-LONG),2,0.2,1.671,1.665,1.675,1.665,2026-07-06 10:59:59 UTC,2026-07-06 11:17:35 UTC,1055.06,0.3342,0.0045,0.0,-0.0012,-0.11,-26.93,STOP_LOSS_HIT,0.0464
579,TRUMP_USDT,LONG,StochasticRSI(FAST_SCALP-LONG),2,0.2,1.668,1.672,1.672,1.662,2026-07-06 11:19:59 UTC,2026-07-06 11:23:27 UTC,207.81,0.3336,0.0044,0.0,0.0008,0.08,17.99,MIN_PROFIT_TP_HIT,0.0472
580,TRUMP_USDT,SHORT,StochasticRSI(FAST_SCALP-SHORT),2,0.2,1.672,1.678,1.668,1.678,2026-07-06 11:25:59 UTC,2026-07-06 11:46:03 UTC,1203.3,0.3344,0.0045,0.0,-0.0012,-0.11,-26.91,STOP_LOSS_HIT,0.046
581,TRUMP_USDT,SHORT,StochasticRSI(FAST_SCALP-SHORT),2,0.2,1.674,1.67,1.67,1.68,2026-07-06 11:47:59 UTC,2026-07-06 11:57:30 UTC,570.08,0.3348,0.0045,0.0,0.0008,0.08,17.92,MIN_PROFIT_TP_HIT,0.0468
582,TRUMP_USDT,LONG,StochasticRSI(FAST_SCALP-LONG),2,0.2,1.637,1.631,1.641,1.631,2026-07-06 12:06:59 UTC,2026-07-06 12:07:31 UTC,31.97,0.3274,0.0044,0.0,-0.0012,-0.11,-27.49,STOP_LOSS_HIT,0.0456
583,TRUMP_USDT,SHORT,StochasticRSI(FAST_SCALP-SHORT),2,0.2,1.645,1.651,1.641,1.651,2026-07-06 12:14:59 UTC,2026-07-06 12:18:00 UTC,180.98,0.329,0.0044,0.0,-0.0012,-0.11,-27.36,STOP_LOSS_HIT,0.0444
584,TRUMP_USDT,SHORT,StochasticRSI(FAST_SCALP-SHORT),2,0.2,1.649,1.655,1.645,1.655,2026-07-06 12:21:59 UTC,2026-07-06 12:31:35 UTC,575.33,0.3298,0.0044,0.0,-0.0012,-0.11,-27.29,STOP_LOSS_HIT,0.0432
585,TRUMP_USDT,SHORT,StochasticRSI(FAST_SCALP-SHORT),2,0.2,1.655,1.651,1.651,1.661,2026-07-06 12:34:59 UTC,2026-07-06 12:38:29 UTC,209.69,0.331,0.0044,0.0,0.0008,0.08,18.13,MIN_PROFIT_TP_HIT,0.044
586,TRUMP_USDT,LONG,StochasticRSI(FAST_SCALP-LONG),2,0.2,1.639,1.643,1.643,1.633,2026-07-06 12:48:59 UTC,2026-07-06 12:50:28 UTC,88.49,0.3278,0.0044,0.0,0.0008,0.08,18.3,MIN_PROFIT_TP_HIT,0.0448
587,TRUMP_USDT,SHORT,StochasticRSI(FAST_SCALP-SHORT),2,0.2,1.639,1.635,1.635,1.645,2026-07-06 12:56:59 UTC,2026-07-06 12:58:09 UTC,69.72,0.3278,0.0044,0.0,0.0008,0.08,18.3,MIN_PROFIT_TP_HIT,0.0456
588,TRUMP_USDT,LONG,StochasticRSI(FAST_SCALP-LONG),2,0.2,1.635,1.629,1.639,1.629,2026-07-06 13:01:59 UTC,2026-07-06 13:02:36 UTC,36.04,0.327,0.0044,0.0,-0.0012,-0.11,-27.52,STOP_LOSS_HIT,0.0444
589,TRUMP_USDT,LONG,StochasticRSI(FAST_SCALP-LONG),2,0.2,1.632,1.636,1.636,1.626,2026-07-06 13:06:59 UTC,2026-07-06 13:09:48 UTC,168.85,0.3264,0.0044,0.0,0.0008,0.08,18.38,MIN_PROFIT_TP_HIT,0.0452
590,TRUMP_USDT,SHORT,StochasticRSI(FAST_SCALP-SHORT),2,0.2,1.632,1.628,1.628,1.638,2026-07-06 13:12:59 UTC,2026-07-06 13:14:54 UTC,114.63,0.3264,0.0044,0.0,0.0008,0.08,18.38,MIN_PROFIT_TP_HIT,0.046
591,TRUMP_USDT,SHORT,StochasticRSI(FAST_SCALP-SHORT),2,0.2,1.634,1.63,1.63,1.64,2026-07-06 13:26:59 UTC,2026-07-06 13:30:00 UTC,180.45,0.3268,0.0044,0.0,0.0008,0.08,18.36,MIN_PROFIT_TP_HIT,0.0468
592,TRUMP_USDT,SHORT,StochasticRSI(FAST_SCALP-SHORT),2,0.2,1.636,1.642,1.632,1.642,2026-07-06 13:37:59 UTC,2026-07-06 13:40:59 UTC,179.56,0.3272,0.0044,0.0,-0.0012,-0.11,-27.51,STOP_LOSS_HIT,0.0456
593,TRUMP_USDT,SHORT,StochasticRSI(FAST_SCALP-SHORT),2,0.2,1.649,1.645,1.645,1.655,2026-07-06 13:48:59 UTC,2026-07-06 13:59:57 UTC,657.73,0.3298,0.0044,0.0,0.0008,0.08,18.19,MIN_PROFIT_TP_HIT,0.0464
594,TRUMP_USDT,LONG,StochasticRSI(FAST_SCALP-LONG),2,0.2,1.644,1.648,1.648,1.638,2026-07-06 14:02:59 UTC,2026-07-06 14:13:49 UTC,649.92,0.3288,0.0044,0.0,0.0008,0.08,18.25,MIN_PROFIT_TP_HIT,0.0472
595,TRUMP_USDT,SHORT,StochasticRSI(FAST_SCALP-SHORT),2,0.2,1.645,1.651,1.641,1.651,2026-07-06 14:18:59 UTC,2026-07-06 14:23:58 UTC,298.79,0.329,0.0044,0.0,-0.0012,-0.11,-27.36,STOP_LOSS_HIT,0.046
596,TRUMP_USDT,LONG,StochasticRSI(FAST_SCALP-LONG),2,0.2,1.651,1.645,1.655,1.645,2026-07-06 14:33:59 UTC,2026-07-06 14:43:41 UTC,581.86,0.3302,0.0044,0.0,-0.0012,-0.11,-27.26,STOP_LOSS_HIT,0.0448
597,TRUMP_USDT,LONG,StochasticRSI(FAST_SCALP-LONG),2,0.2,1.638,1.642,1.642,1.632,2026-07-06 14:51:59 UTC,2026-07-06 14:57:25 UTC,325.57,0.3276,0.0044,0.0,0.0008,0.08,18.32,MIN_PROFIT_TP_HIT,0.0456
598,TRUMP_USDT,SHORT,StochasticRSI(FAST_SCALP-SHORT),2,0.2,1.638,1.644,1.634,1.644,2026-07-06 14:59:59 UTC,2026-07-06 15:03:06 UTC,186.1,0.3276,0.0044,0.0,-0.0012,-0.11,-27.47,STOP_LOSS_HIT,0.0444
599,TRUMP_USDT,SHORT,StochasticRSI(FAST_SCALP-SHORT),2,0.2,1.646,1.652,1.642,1.652,2026-07-06 15:08:59 UTC,2026-07-06 15:14:20 UTC,320.68,0.3292,0.0044,0.0,-0.0012,-0.11,-27.34,STOP_LOSS_HIT,0.0432
600,TRUMP_USDT,SHORT,StochasticRSI(FAST_SCALP-SHORT),2,0.2,1.65,1.656,1.646,1.656,2026-07-06 15:16:59 UTC,2026-07-06 15:27:59 UTC,659.03,0.33,0.0044,0.0,-0.0012,-0.11,-27.27,STOP_LOSS_HIT,0.042
601,TRUMP_USDT,SHORT,StochasticRSI(FAST_SCALP-SHORT),2,0.2,1.66,1.656,1.656,1.666,2026-07-06 15:31:59 UTC,2026-07-06 15:33:35 UTC,95.92,0.332,0.0044,0.0,0.0008,0.08,18.07,MIN_PROFIT_TP_HIT,0.0428
602,TRUMP_USDT,LONG,StochasticRSI(FAST_SCALP-LONG),2,0.2,1.657,1.661,1.661,1.651,2026-07-06 15:39:59 UTC,2026-07-06 15:41:26 UTC,86.12,0.3314,0.0044,0.0,0.0008,0.08,18.11,MIN_PROFIT_TP_HIT,0.0436
603,TRUMP_USDT,LONG,StochasticRSI(FAST_SCALP-LONG),2,0.2,1.67,1.674,1.674,1.664,2026-07-06 15:51:59 UTC,2026-07-06 15:54:27 UTC,147.54,0.334,0.0045,0.0,0.0008,0.08,17.96,MIN_PROFIT_TP_HIT,0.0444
604,TRUMP_USDT,SHORT,StochasticRSI(FAST_SCALP-SHORT),2,0.2,1.673,1.669,1.669,1.679,2026-07-06 15:57:59 UTC,2026-07-06 15:58:23 UTC,23.16,0.3346,0.0045,0.0,0.0008,0.08,17.93,MIN_PROFIT_TP_HIT,0.0452
605,TRUMP_USDT,SHORT,StochasticRSI(FAST_SCALP-SHORT),2,0.2,1.671,1.677,1.667,1.677,2026-07-06 16:01:59 UTC,2026-07-06 16:08:39 UTC,399.5,0.3342,0.0045,0.0,-0.0012,-0.11,-26.93,STOP_LOSS_HIT,0.044
606,TRUMP_USDT,SHORT,StochasticRSI(FAST_SCALP-SHORT),2,0.2,1.686,1.682,1.682,1.692,2026-07-06 16:15:59 UTC,2026-07-06 16:16:28 UTC,28.19,0.3372,0.0045,0.0,0.0008,0.08,17.79,MIN_PROFIT_TP_HIT,0.0448
607,TRUMP_USDT,LONG,StochasticRSI(FAST_SCALP-LONG),2,0.2,1.677,1.671,1.681,1.671,2026-07-06 16:22:59 UTC,2026-07-06 16:25:56 UTC,176.55,0.3354,0.0045,0.0,-0.0012,-0.11,-26.83,STOP_LOSS_HIT,0.0436
608,TRUMP_USDT,LONG,StochasticRSI(FAST_SCALP-LONG),2,0.2,1.674,1.678,1.678,1.668,2026-07-06 16:29:59 UTC,2026-07-06 16:33:36 UTC,216.43,0.3348,0.0045,0.0,0.0008,0.08,17.92,MIN_PROFIT_TP_HIT,0.0444
609,TRUMP_USDT,SHORT,StochasticRSI(FAST_SCALP-SHORT),2,0.2,1.676,1.682,1.672,1.682,2026-07-06 16:35:59 UTC,2026-07-06 16:37:14 UTC,74.5,0.3352,0.0045,0.0,-0.0012,-0.11,-26.85,STOP_LOSS_HIT,0.0432
610,TRUMP_USDT,SHORT,StochasticRSI(FAST_SCALP-SHORT),2,0.2,1.675,1.681,1.671,1.681,2026-07-06 16:39:59 UTC,2026-07-06 16:47:02 UTC,422.25,0.335,0.0045,0.0,-0.0012,-0.11,-26.87,STOP_LOSS_HIT,0.042
611,TRUMP_USDT,SHORT,StochasticRSI(FAST_SCALP-SHORT),2,0.2,1.68,1.676,1.676,1.686,2026-07-06 16:50:59 UTC,2026-07-06 16:55:47 UTC,287.79,0.336,0.0045,0.0,0.0008,0.08,17.86,MIN_PROFIT_TP_HIT,0.0428
612,TRUMP_USDT,LONG,StochasticRSI(FAST_SCALP-LONG),2,0.2,1.676,1.68,1.68,1.67,2026-07-06 16:58:59 UTC,2026-07-06 17:25:37 UTC,1597.87,0.3352,0.0045,0.0,0.0008,0.08,17.9,MIN_PROFIT_TP_HIT,0.0436
613,TRUMP_USDT,SHORT,StochasticRSI(FAST_SCALP-SHORT),2,0.2,1.678,1.674,1.674,1.684,2026-07-06 17:30:59 UTC,2026-07-06 17:34:44 UTC,224.13,0.3356,0.0045,0.0,0.0008,0.08,17.88,MIN_PROFIT_TP_HIT,0.0444
614,TRUMP_USDT,LONG,StochasticRSI(FAST_SCALP-LONG),2,0.2,1.673,1.677,1.677,1.667,2026-07-06 17:38:59 UTC,2026-07-06 17:50:26 UTC,686.62,0.3346,0.0045,0.0,0.0008,0.08,17.93,MIN_PROFIT_TP_HIT,0.0452
615,TRUMP_USDT,LONG,StochasticRSI(FAST_SCALP-LONG),2,0.2,1.669,1.673,1.673,1.663,2026-07-06 18:00:59 UTC,2026-07-06 18:02:15 UTC,75.75,0.3338,0.0045,0.0,0.0008,0.08,17.97,MIN_PROFIT_TP_HIT,0.046
616,TRUMP_USDT,SHORT,StochasticRSI(FAST_SCALP-SHORT),2,0.2,1.671,1.667,1.667,1.677,2026-07-06 18:06:59 UTC,2026-07-06 18:18:28 UTC,688.95,0.3342,0.0045,0.0,0.0008,0.08,17.95,MIN_PROFIT_TP_HIT,0.0468
617,TRUMP_USDT,SHORT,StochasticRSI(FAST_SCALP-SHORT),2,0.2,1.677,1.683,1.673,1.683,2026-07-06 18:23:59 UTC,2026-07-06 18:37:07 UTC,787.71,0.3354,0.0045,0.0,-0.0012,-0.11,-26.83,STOP_LOSS_HIT,0.0456
618,TRUMP_USDT,SHORT,StochasticRSI(FAST_SCALP-SHORT),2,0.2,1.681,1.687,1.677,1.687,2026-07-06 18:39:59 UTC,2026-07-06 18:44:34 UTC,274.46,0.3362,0.0045,0.0,-0.0012,-0.11,-26.77,STOP_LOSS_HIT,0.0444
619,TRUMP_USDT,LONG,StochasticRSI(FAST_SCALP-LONG),2,0.2,1.684,1.688,1.688,1.678,2026-07-06 18:52:59 UTC,2026-07-06 19:21:04 UTC,1684.3,0.3368,0.0045,0.0,0.0008,0.08,17.81,MIN_PROFIT_TP_HIT,0.0452
620,TRUMP_USDT,SHORT,StochasticRSI(FAST_SCALP-SHORT),2,0.2,1.689,1.695,1.685,1.695,2026-07-06 19:28:59 UTC,2026-07-06 19:41:19 UTC,739.49,0.3378,0.0045,0.0,-0.0012,-0.11,-26.64,STOP_LOSS_HIT,0.044
621,TRUMP_USDT,SHORT,StochasticRSI(FAST_SCALP-SHORT),2,0.2,1.694,1.69,1.69,1.7,2026-07-06 19:45:59 UTC,2026-07-06 19:50:00 UTC,240.15,0.3388,0.0045,0.0,0.0008,0.08,17.71,MIN_PROFIT_TP_HIT,0.0448
622,TRUMP_USDT,LONG,StochasticRSI(FAST_SCALP-LONG),2,0.2,1.691,1.685,1.695,1.685,2026-07-06 19:54:59 UTC,2026-07-06 20:10:05 UTC,905.39,0.3382,0.0045,0.0,-0.0012,-0.11,-26.61,STOP_LOSS_HIT,0.0436
623,TRUMP_USDT,LONG,StochasticRSI(FAST_SCALP-LONG),2,0.2,1.688,1.692,1.692,1.682,2026-07-06 20:21:59 UTC,2026-07-06 20:31:44 UTC,584.33,0.3376,0.0045,0.0,0.0008,0.08,17.77,MIN_PROFIT_TP_HIT,0.0444
624,TRUMP_USDT,SHORT,StochasticRSI(FAST_SCALP-SHORT),2,0.2,1.692,1.688,1.688,1.698,2026-07-06 20:34:59 UTC,2026-07-06 20:40:01 UTC,301.64,0.3384,0.0045,0.0,0.0008,0.08,17.73,MIN_PROFIT_TP_HIT,0.0452
625,TRUMP_USDT,LONG,StochasticRSI(FAST_SCALP-LONG),2,0.2,1.692,1.696,1.696,1.686,2026-07-06 20:41:59 UTC,2026-07-06 20:53:51 UTC,711.46,0.3384,0.0045,0.0,0.0008,0.08,17.73,MIN_PROFIT_TP_HIT,0.046
626,TRUMP_USDT,SHORT,StochasticRSI(FAST_SCALP-SHORT),2,0.2,1.69,1.696,1.686,1.696,2026-07-06 20:55:59 UTC,2026-07-06 21:09:04 UTC,784.84,0.338,0.0045,0.0,-0.0012,-0.11,-26.63,STOP_LOSS_HIT,0.0448
627,TRUMP_USDT,SHORT,StochasticRSI(FAST_SCALP-SHORT),2,0.2,1.71,1.706,1.706,1.716,2026-07-06 21:12:59 UTC,2026-07-06 21:14:00 UTC,60.26,0.342,0.0046,0.0,0.0008,0.08,17.54,MIN_PROFIT_TP_HIT,0.0456
628,TRUMP_USDT,LONG,StochasticRSI(FAST_SCALP-LONG),2,0.2,1.707,1.711,1.711,1.701,2026-07-06 21:23:59 UTC,2026-07-06 21:26:53 UTC,173.15,0.3414,0.0046,0.0,0.0008,0.08,17.57,MIN_PROFIT_TP_HIT,0.0464
629,TRUMP_USDT,LONG,StochasticRSI(FAST_SCALP-LONG),2,0.2,1.712,1.716,1.716,1.706,2026-07-06 21:27:59 UTC,2026-07-06 21:32:46 UTC,286.68,0.3424,0.0046,0.0,0.0008,0.08,17.52,MIN_PROFIT_TP_HIT,0.0472
630,TRUMP_USDT,SHORT,StochasticRSI(FAST_SCALP-SHORT),2,0.2,1.713,1.709,1.709,1.719,2026-07-06 21:35:59 UTC,2026-07-06 21:39:01 UTC,181.89,0.3426,0.0046,0.0,0.0008,0.08,17.51,MIN_PROFIT_TP_HIT,0.048
631,TRUMP_USDT,LONG,StochasticRSI(FAST_SCALP-LONG),2,0.2,1.71,1.714,1.714,1.704,2026-07-06 21:41:59 UTC,2026-07-06 21:43:20 UTC,80.2,0.342,0.0046,0.0,0.0008,0.08,17.54,MIN_PROFIT_TP_HIT,0.0488
632,TRUMP_USDT,SHORT,StochasticRSI(FAST_SCALP-SHORT),2,0.2,1.714,1.72,1.71,1.72,2026-07-06 21:47:59 UTC,2026-07-06 21:52:00 UTC,240.16,0.3428,0.0046,0.0,-0.0012,-0.11,-26.25,STOP_LOSS_HIT,0.0476
633,TRUMP_USDT,SHORT,StochasticRSI(FAST_SCALP-SHORT),2,0.2,1.72,1.716,1.716,1.726,2026-07-06 21:54:59 UTC,2026-07-06 21:58:55 UTC,235.64,0.344,0.0046,0.0,0.0008,0.08,17.44,MIN_PROFIT_TP_HIT,0.0484
634,TRUMP_USDT,LONG,StochasticRSI(FAST_SCALP-LONG),2,0.2,1.714,1.708,1.718,1.708,2026-07-06 22:02:59 UTC,2026-07-06 22:06:38 UTC,218.19,0.3428,0.0046,0.0,-0.0012,-0.11,-26.25,STOP_LOSS_HIT,0.0472
635,TRUMP_USDT,LONG,StochasticRSI(FAST_SCALP-LONG),2,0.2,1.706,1.7,1.71,1.7,2026-07-06 22:08:59 UTC,2026-07-06 22:27:42 UTC,1122.1,0.3412,0.0045,0.0,-0.0012,-0.11,-26.38,STOP_LOSS_HIT,0.046
636,TRUMP_USDT,SHORT,StochasticRSI(FAST_SCALP-SHORT),2,0.2,1.704,1.7,1.7,1.71,2026-07-06 22:31:59 UTC,2026-07-06 22:56:21 UTC,1461.51,0.3408,0.0045,0.0,0.0008,0.08,17.61,MIN_PROFIT_TP_HIT,0.0468
637,TRUMP_USDT,LONG,StochasticRSI(FAST_SCALP-LONG),2,0.2,1.7,1.704,1.704,1.694,2026-07-06 22:58:59 UTC,2026-07-06 23:01:51 UTC,171.63,0.34,0.0045,0.0,0.0008,0.08,17.65,MIN_PROFIT_TP_HIT,0.0476
638,TRUMP_USDT,SHORT,StochasticRSI(FAST_SCALP-SHORT),2,0.2,1.705,1.701,1.701,1.711,2026-07-06 23:08:59 UTC,2026-07-06 23:10:46 UTC,106.66,0.341,0.0045,0.0,0.0008,0.08,17.6,MIN_PROFIT_TP_HIT,0.0484
639,TRUMP_USDT,LONG,StochasticRSI(FAST_SCALP-LONG),2,0.2,1.701,1.695,1.705,1.695,2026-07-06 23:13:59 UTC,2026-07-06 23:41:36 UTC,1656.06,0.3402,0.0045,0.0,-0.0012,-0.11,-26.46,STOP_LOSS_HIT,0.0472
640,TRUMP_USDT,LONG,StochasticRSI(FAST_SCALP-LONG),2,0.2,1.696,1.69,1.7,1.69,2026-07-06 23:45:59 UTC,2026-07-06 23:52:12 UTC,372.73,0.3392,0.0045,0.0,-0.0012,-0.11,-26.53,STOP_LOSS_HIT,0.046
641,TRUMP_USDT,SHORT,StochasticRSI(FAST_SCALP-SHORT),2,0.2,1.694,1.7,1.69,1.7,2026-07-07 00:03:59 UTC,2026-07-07 00:19:17 UTC,917.76,0.3388,0.0045,0.0,-0.0012,-0.11,-26.56,STOP_LOSS_HIT,0.0448
642,TRUMP_USDT,SHORT,StochasticRSI(FAST_SCALP-SHORT),2,0.2,1.703,1.709,1.699,1.709,2026-07-07 00:23:59 UTC,2026-07-07 00:31:19 UTC,439.54,0.3406,0.0045,0.0,-0.0012,-0.11,-26.42,STOP_LOSS_HIT,0.0436
643,TRUMP_USDT,LONG,StochasticRSI(FAST_SCALP-LONG),2,0.2,1.703,1.707,1.707,1.697,2026-07-07 00:43:59 UTC,2026-07-07 00:53:12 UTC,552.88,0.3406,0.0045,0.0,0.0008,0.08,17.62,MIN_PROFIT_TP_HIT,0.0444
644,TRUMP_USDT,SHORT,StochasticRSI(FAST_SCALP-SHORT),2,0.2,1.707,1.703,1.703,1.713,2026-07-07 00:58:59 UTC,2026-07-07 01:00:29 UTC,89.7,0.3414,0.0046,0.0,0.0008,0.08,17.57,MIN_PROFIT_TP_HIT,0.0452
645,TRUMP_USDT,LONG,StochasticRSI(FAST_SCALP-LONG),2,0.2,1.687,1.691,1.691,1.681,2026-07-07 01:07:59 UTC,2026-07-07 01:10:27 UTC,147.71,0.3374,0.0045,0.0,0.0008,0.08,17.78,MIN_PROFIT_TP_HIT,0.046
646,TRUMP_USDT,SHORT,StochasticRSI(FAST_SCALP-SHORT),2,0.2,1.69,1.686,1.686,1.696,2026-07-07 01:14:59 UTC,2026-07-07 01:15:57 UTC,57.97,0.338,0.0045,0.0,0.0008,0.08,17.75,MIN_PROFIT_TP_HIT,0.0468
647,TRUMP_USDT,SHORT,StochasticRSI(FAST_SCALP-SHORT),2,0.2,1.688,1.684,1.684,1.694,2026-07-07 01:16:59 UTC,2026-07-07 01:21:02 UTC,242.6,0.3376,0.0045,0.0,0.0008,0.08,17.77,MIN_PROFIT_TP_HIT,0.0476
648,TRUMP_USDT,LONG,StochasticRSI(FAST_SCALP-LONG),2,0.2,1.685,1.689,1.689,1.679,2026-07-07 01:33:59 UTC,2026-07-07 01:45:24 UTC,684.14,0.337,0.0045,0.0,0.0008,0.08,17.8,MIN_PROFIT_TP_HIT,0.0484
649,TRUMP_USDT,SHORT,StochasticRSI(FAST_SCALP-SHORT),2,0.2,1.687,1.683,1.683,1.693,2026-07-07 01:50:59 UTC,2026-07-07 02:10:00 UTC,1140.59,0.3374,0.0045,0.0,0.0008,0.08,17.78,MIN_PROFIT_TP_HIT,0.0492
650,TRUMP_USDT,SHORT,StochasticRSI(FAST_SCALP-SHORT),2,0.2,1.684,1.68,1.68,1.69,2026-07-07 02:18:59 UTC,2026-07-07 02:23:38 UTC,278.64,0.3368,0.0045,0.0,0.0008,0.08,17.81,MIN_PROFIT_TP_HIT,0.05
651,TRUMP_USDT,LONG,StochasticRSI(FAST_SCALP-LONG),2,0.2,1.678,1.672,1.682,1.672,2026-07-07 02:27:59 UTC,2026-07-07 02:31:28 UTC,208.26,0.3356,0.0045,0.0,-0.0012,-0.11,-26.82,STOP_LOSS_HIT,0.0488
652,TRUMP_USDT,LONG,StochasticRSI(FAST_SCALP-LONG),2,0.2,1.672,1.676,1.676,1.666,2026-07-07 02:36:59 UTC,2026-07-07 02:45:46 UTC,526.58,0.3344,0.0045,0.0,0.0008,0.08,17.94,MIN_PROFIT_TP_HIT,0.0496
653,TRUMP_USDT,SHORT,StochasticRSI(FAST_SCALP-SHORT),2,0.2,1.671,1.667,1.667,1.677,2026-07-07 02:46:59 UTC,2026-07-07 02:48:09 UTC,69.88,0.3342,0.0045,0.0,0.0008,0.08,17.95,MIN_PROFIT_TP_HIT,0.0504
654,TRUMP_USDT,LONG,StochasticRSI(FAST_SCALP-LONG),2,0.2,1.664,1.668,1.668,1.658,2026-07-07 02:51:59 UTC,2026-07-07 02:53:39 UTC,99.32,0.3328,0.0044,0.0,0.0008,0.08,18.03,MIN_PROFIT_TP_HIT,0.0512
655,TRUMP_USDT,SHORT,StochasticRSI(FAST_SCALP-SHORT),2,0.2,1.667,1.663,1.663,1.673,2026-07-07 03:02:59 UTC,2026-07-07 03:15:03 UTC,723.99,0.3334,0.0044,0.0,0.0008,0.08,18.0,MIN_PROFIT_TP_HIT,0.052
656,TRUMP_USDT,LONG,StochasticRSI(FAST_SCALP-LONG),2,0.2,1.667,1.661,1.671,1.661,2026-07-07 03:17:59 UTC,2026-07-07 03:23:35 UTC,335.28,0.3334,0.0044,0.0,-0.0012,-0.11,-26.99,STOP_LOSS_HIT,0.0508
657,TRUMP_USDT,LONG,StochasticRSI(FAST_SCALP-LONG),2,0.2,1.661,1.665,1.665,1.655,2026-07-07 03:30:59 UTC,2026-07-07 03:36:57 UTC,357.93,0.3322,0.0044,0.0,0.0008,0.08,18.06,MIN_PROFIT_TP_HIT,0.0516
658,TRUMP_USDT,SHORT,StochasticRSI(FAST_SCALP-SHORT),2,0.2,1.664,1.66,1.66,1.67,2026-07-07 03:41:59 UTC,2026-07-07 03:49:36 UTC,456.11,0.3328,0.0044,0.0,0.0008,0.08,18.03,MIN_PROFIT_TP_HIT,0.0524
659,TRUMP_USDT,SHORT,StochasticRSI(FAST_SCALP-SHORT),2,0.2,1.663,1.669,1.659,1.669,2026-07-07 04:02:59 UTC,2026-07-07 04:09:08 UTC,368.42,0.3326,0.0044,0.0,-0.0012,-0.11,-27.06,STOP_LOSS_HIT,0.0512
660,TRUMP_USDT,SHORT,StochasticRSI(FAST_SCALP-SHORT),2,0.2,1.666,1.672,1.662,1.672,2026-07-07 04:11:59 UTC,2026-07-07 04:28:01 UTC,961.85,0.3332,0.0044,0.0,-0.0012,-0.11,-27.01,STOP_LOSS_HIT,0.05
661,TRUMP_USDT,SHORT,StochasticRSI(FAST_SCALP-SHORT),2,0.2,1.674,1.67,1.67,1.68,2026-07-07 04:31:59 UTC,2026-07-07 04:34:39 UTC,159.09,0.3348,0.0045,0.0,0.0008,0.08,17.92,MIN_PROFIT_TP_HIT,0.0508
662,TRUMP_USDT,LONG,StochasticRSI(FAST_SCALP-LONG),2,0.2,1.67,1.664,1.674,1.664,2026-07-07 04:39:59 UTC,2026-07-07 05:14:08 UTC,2048.21,0.334,0.0045,0.0,-0.0012,-0.11,-26.95,STOP_LOSS_HIT,0.0496
663,TRUMP_USDT,LONG,StochasticRSI(FAST_SCALP-LONG),2,0.2,1.663,1.667,1.667,1.657,2026-07-07 05:18:59 UTC,2026-07-07 05:30:48 UTC,708.21,0.3326,0.0044,0.0,0.0008,0.08,18.04,MIN_PROFIT_TP_HIT,0.0504
664,TRUMP_USDT,SHORT,StochasticRSI(FAST_SCALP-SHORT),2,0.2,1.674,1.67,1.67,1.68,2026-07-07 05:37:59 UTC,2026-07-07 05:45:45 UTC,465.09,0.3348,0.0045,0.0,0.0008,0.08,17.92,MIN_PROFIT_TP_HIT,0.0512
665,TRUMP_USDT,LONG,StochasticRSI(FAST_SCALP-LONG),2,0.2,1.67,1.664,1.674,1.664,2026-07-07 05:47:59 UTC,2026-07-07 06:22:44 UTC,2084.94,0.334,0.0045,0.0,-0.0012,-0.11,-26.95,STOP_LOSS_HIT,0.05
666,TRUMP_USDT,LONG,StochasticRSI(FAST_SCALP-LONG),2,0.2,1.666,1.67,1.67,1.66,2026-07-07 06:27:59 UTC,2026-07-07 06:34:21 UTC,381.01,0.3332,0.0044,0.0,0.0008,0.08,18.01,MIN_PROFIT_TP_HIT,0.0508
667,TRUMP_USDT,SHORT,StochasticRSI(FAST_SCALP-SHORT),2,0.2,1.67,1.666,1.666,1.676,2026-07-07 06:43:59 UTC,2026-07-07 07:03:48 UTC,1188.03,0.334,0.0045,0.0,0.0008,0.08,17.96,MIN_PROFIT_TP_HIT,0.0516
668,TRUMP_USDT,LONG,StochasticRSI(FAST_SCALP-LONG),2,0.2,1.666,1.66,1.67,1.66,2026-07-07 07:08:59 UTC,2026-07-07 07:20:33 UTC,693.44,0.3332,0.0044,0.0,-0.0012,-0.11,-27.01,STOP_LOSS_HIT,0.0504
669,TRUMP_USDT,LONG,StochasticRSI(FAST_SCALP-LONG),2,0.2,1.662,1.656,1.666,1.656,2026-07-07 07:22:59 UTC,2026-07-07 07:26:24 UTC,204.19,0.3324,0.0044,0.0,-0.0012,-0.11,-27.08,STOP_LOSS_HIT,0.0492
670,TRUMP_USDT,LONG,StochasticRSI(FAST_SCALP-LONG),2,0.2,1.654,1.648,1.658,1.648,2026-07-07 07:29:59 UTC,2026-07-07 07:35:47 UTC,347.0,0.3308,0.0044,0.0,-0.0012,-0.11,-27.21,STOP_LOSS_HIT,0.048
671,TRUMP_USDT,LONG,StochasticRSI(FAST_SCALP-LONG),2,0.2,1.649,1.653,1.653,1.643,2026-07-07 07:39:59 UTC,2026-07-07 07:44:18 UTC,259.0,0.3298,0.0044,0.0,0.0008,0.08,18.19,MIN_PROFIT_TP_HIT,0.0488
672,TRUMP_USDT,SHORT,StochasticRSI(FAST_SCALP-SHORT),2,0.2,1.652,1.648,1.648,1.658,2026-07-07 07:47:59 UTC,2026-07-07 07:58:29 UTC,629.28,0.3304,0.0044,0.0,0.0008,0.08,18.16,MIN_PROFIT_TP_HIT,0.0496
673,TRUMP_USDT,LONG,StochasticRSI(FAST_SCALP-LONG),2,0.2,1.651,1.655,1.655,1.645,2026-07-07 08:01:59 UTC,2026-07-07 08:19:48 UTC,1068.69,0.3302,0.0044,0.0,0.0008,0.08,18.17,MIN_PROFIT_TP_HIT,0.0504
674,TRUMP_USDT,SHORT,StochasticRSI(FAST_SCALP-SHORT),2,0.2,1.655,1.651,1.651,1.661,2026-07-07 08:23:59 UTC,2026-07-07 08:31:09 UTC,429.02,0.331,0.0044,0.0,0.0008,0.08,18.13,MIN_PROFIT_TP_HIT,0.0512
675,TRUMP_USDT,LONG,StochasticRSI(FAST_SCALP-LONG),2,0.2,1.653,1.657,1.657,1.647,2026-07-07 08:34:59 UTC,2026-07-07 08:40:08 UTC,308.02,0.3306,0.0044,0.0,0.0008,0.08,18.15,MIN_PROFIT_TP_HIT,0.052
676,TRUMP_USDT,SHORT,StochasticRSI(FAST_SCALP-SHORT),2,0.2,1.656,1.662,1.652,1.662,2026-07-07 08:44:59 UTC,2026-07-07 09:08:15 UTC,1395.83,0.3312,0.0044,0.0,-0.0012,-0.11,-27.17,STOP_LOSS_HIT,0.0508
677,TRUMP_USDT,SHORT,StochasticRSI(FAST_SCALP-SHORT),2,0.2,1.662,1.658,1.658,1.668,2026-07-07 09:10:59 UTC,2026-07-07 09:29:48 UTC,1128.51,0.3324,0.0044,0.0,0.0008,0.08,18.05,MIN_PROFIT_TP_HIT,0.0516
678,TRUMP_USDT,LONG,StochasticRSI(FAST_SCALP-LONG),2,0.2,1.659,1.663,1.663,1.653,2026-07-07 09:35:59 UTC,2026-07-07 09:42:30 UTC,390.53,0.3318,0.0044,0.0,0.0008,0.08,18.08,MIN_PROFIT_TP_HIT,0.0524
679,TRUMP_USDT,SHORT,StochasticRSI(FAST_SCALP-SHORT),2,0.2,1.662,1.668,1.658,1.668,2026-07-07 09:45:59 UTC,2026-07-07 10:03:51 UTC,1071.32,0.3324,0.0044,0.0,-0.0012,-0.11,-27.08,STOP_LOSS_HIT,0.0512
680,TRUMP_USDT,SHORT,StochasticRSI(FAST_SCALP-SHORT),2,0.2,1.666,1.662,1.662,1.672,2026-07-07 10:07:59 UTC,2026-07-07 10:30:31 UTC,1351.23,0.3332,0.0044,0.0,0.0008,0.08,18.01,MIN_PROFIT_TP_HIT,0.052
681,TRUMP_USDT,SHORT,StochasticRSI(FAST_SCALP-SHORT),2,0.2,1.663,1.659,1.659,1.669,2026-07-07 10:31:59 UTC,2026-07-07 11:02:37 UTC,1837.32,0.3326,0.0044,0.0,0.0008,0.08,18.04,MIN_PROFIT_TP_HIT,0.0528
682,TRUMP_USDT,LONG,StochasticRSI(FAST_SCALP-LONG),2,0.2,1.659,1.663,1.663,1.653,2026-07-07 11:12:59 UTC,2026-07-07 11:18:36 UTC,336.5,0.3318,0.0044,0.0,0.0008,0.08,18.08,MIN_PROFIT_TP_HIT,0.0536
683,TRUMP_USDT,LONG,StochasticRSI(FAST_SCALP-LONG),2,0.2,1.659,1.663,1.663,1.653,2026-07-07 11:32:59 UTC,2026-07-07 11:50:01 UTC,1021.56,0.3318,0.0044,0.0,0.0008,0.08,18.08,MIN_PROFIT_TP_HIT,0.0544
684,TRUMP_USDT,SHORT,StochasticRSI(FAST_SCALP-SHORT),2,0.2,1.663,1.669,1.659,1.669,2026-07-07 11:53:59 UTC,2026-07-07 12:05:03 UTC,663.01,0.3326,0.0044,0.0,-0.0012,-0.11,-27.06,STOP_LOSS_HIT,0.0532
685,TRUMP_USDT,SHORT,StochasticRSI(FAST_SCALP-SHORT),2,0.2,1.671,1.667,1.667,1.677,2026-07-07 12:09:59 UTC,2026-07-07 12:20:08 UTC,608.67,0.3342,0.0045,0.0,0.0008,0.08,17.95,MIN_PROFIT_TP_HIT,0.054
686,TRUMP_USDT,LONG,StochasticRSI(FAST_SCALP-LONG),2,0.2,1.669,1.663,1.673,1.663,2026-07-07 12:24:59 UTC,2026-07-07 12:34:08 UTC,548.38,0.3338,0.0045,0.0,-0.0012,-0.11,-26.96,STOP_LOSS_HIT,0.0528
687,TRUMP_USDT,LONG,StochasticRSI(FAST_SCALP-LONG),2,0.2,1.661,1.655,1.665,1.655,2026-07-07 12:39:59 UTC,2026-07-07 13:00:53 UTC,1253.97,0.3322,0.0044,0.0,-0.0012,-0.11,-27.09,STOP_LOSS_HIT,0.0516
688,TRUMP_USDT,LONG,StochasticRSI(FAST_SCALP-LONG),2,0.2,1.654,1.648,1.658,1.648,2026-07-07 13:07:59 UTC,2026-07-07 13:21:31 UTC,811.22,0.3308,0.0044,0.0,-0.0012,-0.11,-27.21,STOP_LOSS_HIT,0.0504
689,TRUMP_USDT,LONG,StochasticRSI(FAST_SCALP-LONG),2,0.2,1.649,1.643,1.653,1.643,2026-07-07 13:23:59 UTC,2026-07-07 13:26:20 UTC,140.12,0.3298,0.0044,0.0,-0.0012,-0.11,-27.29,STOP_LOSS_HIT,0.0492
690,TRUMP_USDT,LONG,StochasticRSI(FAST_SCALP-LONG),2,0.2,1.647,1.641,1.651,1.641,2026-07-07 13:30:59 UTC,2026-07-07 13:35:40 UTC,280.54,0.3294,0.0044,0.0,-0.0012,-0.11,-27.32,STOP_LOSS_HIT,0.048
691,TRUMP_USDT,SHORT,StochasticRSI(FAST_SCALP-SHORT),2,0.2,1.658,1.654,1.654,1.664,2026-07-07 13:48:59 UTC,2026-07-07 13:51:10 UTC,130.57,0.3316,0.0044,0.0,0.0008,0.08,18.09,MIN_PROFIT_TP_HIT,0.0488
692,TRUMP_USDT,LONG,StochasticRSI(FAST_SCALP-LONG),2,0.2,1.647,1.651,1.651,1.641,2026-07-07 13:58:59 UTC,2026-07-07 14:02:54 UTC,234.31,0.3294,0.0044,0.0,0.0008,0.08,18.21,MIN_PROFIT_TP_HIT,0.0496
693,TRUMP_USDT,SHORT,StochasticRSI(FAST_SCALP-SHORT),2,0.2,1.653,1.649,1.649,1.659,2026-07-07 14:09:59 UTC,2026-07-07 14:11:55 UTC,115.36,0.3306,0.0044,0.0,0.0008,0.08,18.15,MIN_PROFIT_TP_HIT,0.0504
694,TRUMP_USDT,LONG,StochasticRSI(FAST_SCALP-LONG),2,0.2,1.646,1.65,1.65,1.64,2026-07-07 14:14:59 UTC,2026-07-07 14:16:03 UTC,63.89,0.3292,0.0044,0.0,0.0008,0.08,18.23,MIN_PROFIT_TP_HIT,0.0512
695,TRUMP_USDT,LONG,StochasticRSI(FAST_SCALP-LONG),2,0.2,1.649,1.643,1.653,1.643,2026-07-07 14:18:59 UTC,2026-07-07 14:25:00 UTC,360.46,0.3298,0.0044,0.0,-0.0012,-0.11,-27.29,STOP_LOSS_HIT,0.05
696,TRUMP_USDT,LONG,StochasticRSI(FAST_SCALP-LONG),2,0.2,1.65,1.654,1.654,1.644,2026-07-07 14:28:59 UTC,2026-07-07 14:30:01 UTC,61.04,0.33,0.0044,0.0,0.0008,0.08,18.18,MIN_PROFIT_TP_HIT,0.0508
697,TRUMP_USDT,SHORT,StochasticRSI(FAST_SCALP-SHORT),2,0.2,1.654,1.65,1.65,1.66,2026-07-07 14:32:59 UTC,2026-07-07 14:35:24 UTC,144.04,0.3308,0.0044,0.0,0.0008,0.08,18.14,MIN_PROFIT_TP_HIT,0.0516
698,TRUMP_USDT,LONG,StochasticRSI(FAST_SCALP-LONG),2,0.2,1.644,1.648,1.648,1.638,2026-07-07 14:40:59 UTC,2026-07-07 14:45:26 UTC,266.55,0.3288,0.0044,0.0,0.0008,0.08,18.25,MIN_PROFIT_TP_HIT,0.0524
699,TRUMP_USDT,SHORT,StochasticRSI(FAST_SCALP-SHORT),2,0.2,1.669,1.665,1.665,1.675,2026-07-07 14:56:59 UTC,2026-07-07 15:03:24 UTC,384.44,0.3338,0.0045,0.0,0.0008,0.08,17.97,MIN_PROFIT_TP_HIT,0.0532
700,TRUMP_USDT,LONG,StochasticRSI(FAST_SCALP-LONG),2,0.2,1.672,1.676,1.676,1.666,2026-07-07 15:07:59 UTC,2026-07-07 15:11:38 UTC,218.2,0.3344,0.0045,0.0,0.0008,0.08,17.94,MIN_PROFIT_TP_HIT,0.054
701,TRUMP_USDT,SHORT,StochasticRSI(FAST_SCALP-SHORT),2,0.2,1.676,1.672,1.672,1.682,2026-07-07 15:14:59 UTC,2026-07-07 15:17:45 UTC,165.05,0.3352,0.0045,0.0,0.0008,0.08,17.9,MIN_PROFIT_TP_HIT,0.0548
702,TRUMP_USDT,LONG,StochasticRSI(FAST_SCALP-LONG),2,0.2,1.675,1.679,1.679,1.669,2026-07-07 15:23:59 UTC,2026-07-07 15:36:05 UTC,725.71,0.335,0.0045,0.0,0.0008,0.08,17.91,MIN_PROFIT_TP_HIT,0.0556
703,TRUMP_USDT,LONG,StochasticRSI(FAST_SCALP-LONG),2,0.2,1.678,1.682,1.682,1.672,2026-07-07 15:44:59 UTC,2026-07-07 15:45:10 UTC,10.87,0.3356,0.0045,0.0,0.0008,0.08,17.88,MIN_PROFIT_TP_HIT,0.0564
704,TRUMP_USDT,SHORT,StochasticRSI(FAST_SCALP-SHORT),2,0.2,1.685,1.681,1.681,1.691,2026-07-07 15:50:59 UTC,2026-07-07 16:01:59 UTC,659.7,0.337,0.0045,0.0,0.0008,0.08,17.8,MIN_PROFIT_TP_HIT,0.0572
705,TRUMP_USDT,LONG,StochasticRSI(FAST_SCALP-LONG),2,0.2,1.682,1.676,1.686,1.676,2026-07-07 16:05:59 UTC,2026-07-07 16:09:04 UTC,184.51,0.3364,0.0045,0.0,-0.0012,-0.11,-26.75,STOP_LOSS_HIT,0.056
706,TRUMP_USDT,LONG,StochasticRSI(FAST_SCALP-LONG),2,0.2,1.677,1.681,1.681,1.671,2026-07-07 16:11:59 UTC,2026-07-07 16:15:01 UTC,181.01,0.3354,0.0045,0.0,0.0008,0.08,17.89,MIN_PROFIT_TP_HIT,0.0568
707,TRUMP_USDT,SHORT,StochasticRSI(FAST_SCALP-SHORT),2,0.2,1.677,1.683,1.673,1.683,2026-07-07 16:18:59 UTC,2026-07-07 16:20:09 UTC,69.31,0.3354,0.0045,0.0,-0.0012,-0.11,-26.83,STOP_LOSS_HIT,0.0556
708,TRUMP_USDT,SHORT,StochasticRSI(FAST_SCALP-SHORT),2,0.2,1.686,1.682,1.682,1.692,2026-07-07 16:26:59 UTC,2026-07-07 16:33:53 UTC,413.91,0.3372,0.0045,0.0,0.0008,0.08,17.79,MIN_PROFIT_TP_HIT,0.0564
709,TRUMP_USDT,LONG,StochasticRSI(FAST_SCALP-LONG),2,0.2,1.684,1.688,1.688,1.678,2026-07-07 16:35:59 UTC,2026-07-07 16:51:53 UTC,953.77,0.3368,0.0045,0.0,0.0008,0.08,17.81,MIN_PROFIT_TP_HIT,0.0572
710,TRUMP_USDT,SHORT,StochasticRSI(FAST_SCALP-SHORT),2,0.2,1.691,1.687,1.687,1.697,2026-07-07 16:58:59 UTC,2026-07-07 17:03:19 UTC,259.35,0.3382,0.0045,0.0,0.0008,0.08,17.74,MIN_PROFIT_TP_HIT,0.058
711,TRUMP_USDT,LONG,StochasticRSI(FAST_SCALP-LONG),2,0.2,1.688,1.682,1.692,1.682,2026-07-07 17:06:59 UTC,2026-07-07 17:11:16 UTC,256.09,0.3376,0.0045,0.0,-0.0012,-0.11,-26.66,STOP_LOSS_HIT,0.0568
712,TRUMP_USDT,LONG,StochasticRSI(FAST_SCALP-LONG),2,0.2,1.68,1.684,1.684,1.674,2026-07-07 17:20:59 UTC,2026-07-07 17:27:55 UTC,415.2,0.336,0.0045,0.0,0.0008,0.08,17.86,MIN_PROFIT_TP_HIT,0.0576
713,TRUMP_USDT,SHORT,StochasticRSI(FAST_SCALP-SHORT),2,0.2,1.681,1.677,1.677,1.687,2026-07-07 17:30:59 UTC,2026-07-07 17:32:37 UTC,97.57,0.3362,0.0045,0.0,0.0008,0.08,17.85,MIN_PROFIT_TP_HIT,0.0584
714,TRUMP_USDT,LONG,StochasticRSI(FAST_SCALP-LONG),2,0.2,1.682,1.676,1.686,1.676,2026-07-07 17:36:59 UTC,2026-07-07 17:45:22 UTC,502.54,0.3364,0.0045,0.0,-0.0012,-0.11,-26.75,STOP_LOSS_HIT,0.0572
715,TRUMP_USDT,LONG,StochasticRSI(FAST_SCALP-LONG),2,0.2,1.676,1.68,1.68,1.67,2026-07-07 17:49:59 UTC,2026-07-07 17:56:38 UTC,398.79,0.3352,0.0045,0.0,0.0008,0.08,17.9,MIN_PROFIT_TP_HIT,0.058
716,TRUMP_USDT,SHORT,StochasticRSI(FAST_SCALP-SHORT),2,0.2,1.68,1.676,1.676,1.686,2026-07-07 17:59:59 UTC,2026-07-07 18:00:42 UTC,42.43,0.336,0.0045,0.0,0.0008,0.08,17.86,MIN_PROFIT_TP_HIT,0.0588
717,TRUMP_USDT,LONG,StochasticRSI(FAST_SCALP-LONG),2,0.2,1.67,1.674,1.674,1.664,2026-07-07 18:06:59 UTC,2026-07-07 18:19:46 UTC,766.99,0.334,0.0045,0.0,0.0008,0.08,17.96,MIN_PROFIT_TP_HIT,0.0596
718,TRUMP_USDT,SHORT,StochasticRSI(FAST_SCALP-SHORT),2,0.2,1.673,1.669,1.669,1.679,2026-07-07 18:23:59 UTC,2026-07-07 18:24:53 UTC,53.04,0.3346,0.0045,0.0,0.0008,0.08,17.93,MIN_PROFIT_TP_HIT,0.0604
719,TRUMP_USDT,LONG,StochasticRSI(FAST_SCALP-LONG),2,0.2,1.669,1.673,1.673,1.663,2026-07-07 18:31:59 UTC,2026-07-07 18:38:19 UTC,379.62,0.3338,0.0045,0.0,0.0008,0.08,17.97,MIN_PROFIT_TP_HIT,0.0612
720,TRUMP_USDT,SHORT,StochasticRSI(FAST_SCALP-SHORT),2,0.2,1.674,1.67,1.67,1.68,2026-07-07 18:39:59 UTC,2026-07-07 18:49:15 UTC,555.13,0.3348,0.0045,0.0,0.0008,0.08,17.92,MIN_PROFIT_TP_HIT,0.062
721,TRUMP_USDT,LONG,StochasticRSI(FAST_SCALP-LONG),2,0.2,1.661,1.655,1.665,1.655,2026-07-07 18:54:59 UTC,2026-07-07 19:00:11 UTC,311.49,0.3322,0.0044,0.0,-0.0012,-0.11,-27.09,STOP_LOSS_HIT,0.0608
722,TRUMP_USDT,SHORT,StochasticRSI(FAST_SCALP-SHORT),2,0.2,1.651,1.657,1.647,1.657,2026-07-07 19:07:59 UTC,2026-07-07 19:13:15 UTC,315.62,0.3302,0.0044,0.0,-0.0012,-0.11,-27.26,STOP_LOSS_HIT,0.0596
723,TRUMP_USDT,SHORT,StochasticRSI(FAST_SCALP-SHORT),2,0.2,1.656,1.652,1.652,1.662,2026-07-07 19:17:59 UTC,2026-07-07 19:18:27 UTC,27.96,0.3312,0.0044,0.0,0.0008,0.08,18.12,MIN_PROFIT_TP_HIT,0.0604
724,TRUMP_USDT,LONG,StochasticRSI(FAST_SCALP-LONG),2,0.2,1.653,1.657,1.657,1.647,2026-07-07 19:24:59 UTC,2026-07-07 19:27:48 UTC,168.23,0.3306,0.0044,0.0,0.0008,0.08,18.15,MIN_PROFIT_TP_HIT,0.0612
725,TRUMP_USDT,SHORT,StochasticRSI(FAST_SCALP-SHORT),2,0.2,1.666,1.662,1.662,1.672,2026-07-07 19:36:59 UTC,2026-07-07 19:53:07 UTC,967.58,0.3332,0.0044,0.0,0.0008,0.08,18.01,MIN_PROFIT_TP_HIT,0.062
726,TRUMP_USDT,LONG,StochasticRSI(FAST_SCALP-LONG),2,0.2,1.663,1.667,1.667,1.657,2026-07-07 19:55:59 UTC,2026-07-07 20:04:03 UTC,483.46,0.3326,0.0044,0.0,0.0008,0.08,18.04,MIN_PROFIT_TP_HIT,0.0628
727,TRUMP_USDT,LONG,StochasticRSI(FAST_SCALP-LONG),2,0.2,1.664,1.658,1.668,1.658,2026-07-07 20:10:59 UTC,2026-07-07 20:17:40 UTC,400.69,0.3328,0.0044,0.0,-0.0012,-0.11,-27.04,STOP_LOSS_HIT,0.0616
728,TRUMP_USDT,SHORT,StochasticRSI(FAST_SCALP-SHORT),2,0.2,1.659,1.665,1.655,1.665,2026-07-07 20:18:59 UTC,2026-07-07 20:25:00 UTC,360.41,0.3318,0.0044,0.0,-0.0012,-0.11,-27.12,STOP_LOSS_HIT,0.0604
729,TRUMP_USDT,SHORT,StochasticRSI(FAST_SCALP-SHORT),2,0.2,1.663,1.659,1.659,1.669,2026-07-07 20:28:59 UTC,2026-07-07 20:32:40 UTC,220.84,0.3326,0.0044,0.0,0.0008,0.08,18.04,MIN_PROFIT_TP_HIT,0.0612
730,TRUMP_USDT,LONG,StochasticRSI(FAST_SCALP-LONG),2,0.2,1.66,1.654,1.664,1.654,2026-07-07 20:37:59 UTC,2026-07-07 20:47:44 UTC,584.79,0.332,0.0044,0.0,-0.0012,-0.11,-27.11,STOP_LOSS_HIT,0.06
731,TRUMP_USDT,LONG,StochasticRSI(FAST_SCALP-LONG),2,0.2,1.652,1.646,1.656,1.646,2026-07-07 20:53:59 UTC,2026-07-07 20:54:47 UTC,47.77,0.3304,0.0044,0.0,-0.0012,-0.11,-27.24,STOP_LOSS_HIT,0.0588
732,TRUMP_USDT,SHORT,StochasticRSI(FAST_SCALP-SHORT),2,0.2,1.652,1.658,1.648,1.658,2026-07-07 21:03:59 UTC,2026-07-07 21:06:14 UTC,134.29,0.3304,0.0044,0.0,-0.0012,-0.11,-27.24,STOP_LOSS_HIT,0.0576
733,TRUMP_USDT,SHORT,StochasticRSI(FAST_SCALP-SHORT),2,0.2,1.657,1.663,1.653,1.663,2026-07-07 21:12:59 UTC,2026-07-07 21:13:29 UTC,29.58,0.3314,0.0044,0.0,-0.0012,-0.11,-27.16,STOP_LOSS_HIT,0.0564
734,TRUMP_USDT,SHORT,StochasticRSI(FAST_SCALP-SHORT),2,0.2,1.66,1.656,1.656,1.666,2026-07-07 21:15:59 UTC,2026-07-07 21:16:25 UTC,25.62,0.332,0.0044,0.0,0.0008,0.08,18.07,MIN_PROFIT_TP_HIT,0.0572
735,TRUMP_USDT,LONG,StochasticRSI(FAST_SCALP-LONG),2,0.2,1.65,1.644,1.654,1.644,2026-07-07 21:23:59 UTC,2026-07-07 21:25:07 UTC,67.78,0.33,0.0044,0.0,-0.0012,-0.11,-27.27,STOP_LOSS_HIT,0.056
736,TRUMP_USDT,SHORT,StochasticRSI(FAST_SCALP-SHORT),2,0.2,1.649,1.645,1.645,1.655,2026-07-07 21:31:59 UTC,2026-07-07 21:38:19 UTC,379.95,0.3298,0.0044,0.0,0.0008,0.08,18.19,MIN_PROFIT_TP_HIT,0.0568
737,TRUMP_USDT,LONG,StochasticRSI(FAST_SCALP-LONG),2,0.2,1.646,1.65,1.65,1.64,2026-07-07 21:42:59 UTC,2026-07-07 21:49:41 UTC,401.65,0.3292,0.0044,0.0,0.0008,0.08,18.23,MIN_PROFIT_TP_HIT,0.0576
738,TRUMP_USDT,LONG,StochasticRSI(FAST_SCALP-LONG),2,0.2,1.64,1.634,1.644,1.634,2026-07-07 21:57:59 UTC,2026-07-07 22:00:13 UTC,133.09,0.328,0.0044,0.0,-0.0012,-0.11,-27.44,STOP_LOSS_HIT,0.0564
739,TRUMP_USDT,SHORT,StochasticRSI(FAST_SCALP-SHORT),2,0.2,1.641,1.647,1.637,1.647,2026-07-07 22:10:59 UTC,2026-07-07 22:41:07 UTC,1807.04,0.3282,0.0044,0.0,-0.0012,-0.11,-27.42,STOP_LOSS_HIT,0.0552
740,TRUMP_USDT,SHORT,StochasticRSI(FAST_SCALP-SHORT),2,0.2,1.645,1.651,1.641,1.651,2026-07-07 22:47:59 UTC,2026-07-07 23:16:24 UTC,1704.19,0.329,0.0044,0.0,-0.0012,-0.11,-27.36,STOP_LOSS_HIT,0.054
741,TRUMP_USDT,SHORT,StochasticRSI(FAST_SCALP-SHORT),2,0.2,1.651,1.647,1.647,1.657,2026-07-07 23:19:59 UTC,2026-07-07 23:21:46 UTC,106.79,0.3302,0.0044,0.0,0.0008,0.08,18.17,MIN_PROFIT_TP_HIT,0.0548
742,TRUMP_USDT,LONG,StochasticRSI(FAST_SCALP-LONG),2,0.2,1.65,1.644,1.654,1.644,2026-07-07 23:28:59 UTC,2026-07-07 23:44:56 UTC,956.73,0.33,0.0044,0.0,-0.0012,-0.11,-27.27,STOP_LOSS_HIT,0.0536
743,TRUMP_USDT,LONG,StochasticRSI(FAST_SCALP-LONG),2,0.2,1.645,1.649,1.649,1.639,2026-07-07 23:46:59 UTC,2026-07-07 23:48:07 UTC,67.82,0.329,0.0044,0.0,0.0008,0.08,18.24,MIN_PROFIT_TP_HIT,0.0544
744,TRUMP_USDT,SHORT,StochasticRSI(FAST_SCALP-SHORT),2,0.2,1.646,1.652,1.642,1.652,2026-07-07 23:51:59 UTC,2026-07-08 00:04:15 UTC,735.39,0.3292,0.0044,0.0,-0.0012,-0.11,-27.34,STOP_LOSS_HIT,0.0532
745,TRUMP_USDT,SHORT,StochasticRSI(FAST_SCALP-SHORT),2,0.2,1.651,1.647,1.647,1.657,2026-07-08 00:08:59 UTC,2026-07-08 00:10:52 UTC,112.55,0.3302,0.0044,0.0,0.0008,0.08,18.17,MIN_PROFIT_TP_HIT,0.054
746,TRUMP_USDT,LONG,StochasticRSI(FAST_SCALP-LONG),2,0.2,1.648,1.652,1.652,1.642,2026-07-08 00:14:59 UTC,2026-07-08 00:15:31 UTC,31.22,0.3296,0.0044,0.0,0.0008,0.08,18.2,MIN_PROFIT_TP_HIT,0.0548
747,TRUMP_USDT,LONG,StochasticRSI(FAST_SCALP-LONG),2,0.2,1.647,1.651,1.651,1.641,2026-07-08 00:18:59 UTC,2026-07-08 00:19:56 UTC,56.29,0.3294,0.0044,0.0,0.0008,0.08,18.21,MIN_PROFIT_TP_HIT,0.0556
748,TRUMP_USDT,SHORT,StochasticRSI(FAST_SCALP-SHORT),2,0.2,1.651,1.647,1.647,1.657,2026-07-08 00:30:59 UTC,2026-07-08 00:32:24 UTC,84.33,0.3302,0.0044,0.0,0.0008,0.08,18.17,MIN_PROFIT_TP_HIT,0.0564
749,TRUMP_USDT,LONG,StochasticRSI(FAST_SCALP-LONG),2,0.2,1.65,1.654,1.654,1.644,2026-07-08 00:37:59 UTC,2026-07-08 00:43:44 UTC,344.65,0.33,0.0044,0.0,0.0008,0.08,18.18,MIN_PROFIT_TP_HIT,0.0572
750,TRUMP_USDT,SHORT,StochasticRSI(FAST_SCALP-SHORT),2,0.2,1.653,1.649,1.649,1.659,2026-07-08 00:45:59 UTC,2026-07-08 00:58:38 UTC,758.11,0.3306,0.0044,0.0,0.0008,0.08,18.15,MIN_PROFIT_TP_HIT,0.058
751,TRUMP_USDT,LONG,StochasticRSI(FAST_SCALP-LONG),2,0.2,1.647,1.641,1.651,1.641,2026-07-08 01:02:59 UTC,2026-07-08 01:19:20 UTC,980.05,0.3294,0.0044,0.0,-0.0012,-0.11,-27.32,STOP_LOSS_HIT,0.0568
752,TRUMP_USDT,LONG,StochasticRSI(FAST_SCALP-LONG),2,0.2,1.641,1.635,1.645,1.635,2026-07-08 01:22:59 UTC,2026-07-08 01:34:31 UTC,691.62,0.3282,0.0044,0.0,-0.0012,-0.11,-27.42,STOP_LOSS_HIT,0.0556
753,TRUMP_USDT,LONG,StochasticRSI(FAST_SCALP-LONG),2,0.2,1.61,1.614,1.614,1.604,2026-07-08 01:39:59 UTC,2026-07-08 01:42:57 UTC,177.32,0.322,0.0043,0.0,0.0008,0.08,18.63,MIN_PROFIT_TP_HIT,0.0564
754,TRUMP_USDT,SHORT,StochasticRSI(FAST_SCALP-SHORT),2,0.2,1.617,1.613,1.613,1.623,2026-07-08 01:47:59 UTC,2026-07-08 01:50:02 UTC,122.94,0.3234,0.0043,0.0,0.0008,0.08,18.55,MIN_PROFIT_TP_HIT,0.0572
755,TRUMP_USDT,LONG,StochasticRSI(FAST_SCALP-LONG),2,0.2,1.612,1.606,1.616,1.606,2026-07-08 01:58:59 UTC,2026-07-08 02:00:10 UTC,70.01,0.3224,0.0043,0.0,-0.0012,-0.11,-27.92,STOP_LOSS_HIT,0.056
756,TRUMP_USDT,LONG,StochasticRSI(FAST_SCALP-LONG),2,0.2,1.602,1.606,1.606,1.596,2026-07-08 02:04:59 UTC,2026-07-08 02:13:39 UTC,519.75,0.3204,0.0043,0.0,0.0008,0.08,18.73,MIN_PROFIT_TP_HIT,0.0568
757,TRUMP_USDT,SHORT,StochasticRSI(FAST_SCALP-SHORT),2,0.2,1.6,1.596,1.596,1.606,2026-07-08 02:15:59 UTC,2026-07-08 02:16:51 UTC,51.17,0.32,0.0043,0.0,0.0008,0.08,18.75,MIN_PROFIT_TP_HIT,0.0576
758,TRUMP_USDT,SHORT,StochasticRSI(FAST_SCALP-SHORT),2,0.2,1.597,1.603,1.593,1.603,2026-07-08 02:21:59 UTC,2026-07-08 02:26:04 UTC,244.72,0.3194,0.0043,0.0,-0.0012,-0.11,-28.18,STOP_LOSS_HIT,0.0564
759,TRUMP_USDT,SHORT,StochasticRSI(FAST_SCALP-SHORT),2,0.2,1.605,1.601,1.601,1.611,2026-07-08 02:31:59 UTC,2026-07-08 02:32:37 UTC,37.6,0.321,0.0043,0.0,0.0008,0.08,18.69,MIN_PROFIT_TP_HIT,0.0572
760,TRUMP_USDT,LONG,StochasticRSI(FAST_SCALP-LONG),2,0.2,1.606,1.61,1.61,1.6,2026-07-08 02:37:59 UTC,2026-07-08 02:40:46 UTC,166.67,0.3212,0.0043,0.0,0.0008,0.08,18.68,MIN_PROFIT_TP_HIT,0.058
761,TRUMP_USDT,SHORT,StochasticRSI(FAST_SCALP-SHORT),2,0.2,1.614,1.62,1.61,1.62,2026-07-08 02:44:59 UTC,2026-07-08 03:05:01 UTC,1201.21,0.3228,0.0043,0.0,-0.0012,-0.11,-27.88,STOP_LOSS_HIT,0.0568
762,TRUMP_USDT,SHORT,StochasticRSI(FAST_SCALP-SHORT),2,0.2,1.622,1.618,1.618,1.628,2026-07-08 03:16:59 UTC,2026-07-08 03:20:16 UTC,196.41,0.3244,0.0043,0.0,0.0008,0.08,18.5,MIN_PROFIT_TP_HIT,0.0576
763,TRUMP_USDT,LONG,StochasticRSI(FAST_SCALP-LONG),2,0.2,1.621,1.615,1.625,1.615,2026-07-08 03:21:59 UTC,2026-07-08 03:34:31 UTC,751.29,0.3242,0.0043,0.0,-0.0012,-0.11,-27.76,STOP_LOSS_HIT,0.0564
764,TRUMP_USDT,LONG,StochasticRSI(FAST_SCALP-LONG),2,0.2,1.617,1.621,1.621,1.611,2026-07-08 03:39:59 UTC,2026-07-08 03:48:42 UTC,522.39,0.3234,0.0043,0.0,0.0008,0.08,18.55,MIN_PROFIT_TP_HIT,0.0572
765,TRUMP_USDT,SHORT,StochasticRSI(FAST_SCALP-SHORT),2,0.2,1.614,1.61,1.61,1.62,2026-07-08 03:50:59 UTC,2026-07-08 03:54:52 UTC,232.16,0.3228,0.0043,0.0,0.0008,0.08,18.59,MIN_PROFIT_TP_HIT,0.058
766,TRUMP_USDT,LONG,StochasticRSI(FAST_SCALP-LONG),2,0.2,1.611,1.605,1.615,1.605,2026-07-08 03:57:59 UTC,2026-07-08 04:01:28 UTC,208.87,0.3222,0.0043,0.0,-0.0012,-0.11,-27.93,STOP_LOSS_HIT,0.0568
767,TRUMP_USDT,LONG,StochasticRSI(FAST_SCALP-LONG),2,0.2,1.607,1.611,1.611,1.601,2026-07-08 04:04:59 UTC,2026-07-08 04:09:08 UTC,248.95,0.3214,0.0043,0.0,0.0008,0.08,18.67,MIN_PROFIT_TP_HIT,0.0576
768,TRUMP_USDT,SHORT,StochasticRSI(FAST_SCALP-SHORT),2,0.2,1.611,1.617,1.607,1.617,2026-07-08 04:11:59 UTC,2026-07-08 04:30:07 UTC,1087.48,0.3222,0.0043,0.0,-0.0012,-0.11,-27.93,STOP_LOSS_HIT,0.0564
769,TRUMP_USDT,LONG,StochasticRSI(FAST_SCALP-LONG),2,0.2,1.612,1.606,1.616,1.606,2026-07-08 04:36:59 UTC,2026-07-08 04:50:50 UTC,830.54,0.3224,0.0043,0.0,-0.0012,-0.11,-27.92,STOP_LOSS_HIT,0.0552
770,TRUMP_USDT,SHORT,StochasticRSI(FAST_SCALP-SHORT),2,0.2,1.612,1.618,1.608,1.618,2026-07-08 04:56:59 UTC,2026-07-08 05:06:25 UTC,565.11,0.3224,0.0043,0.0,-0.0012,-0.11,-27.92,STOP_LOSS_HIT,0.054
771,TRUMP_USDT,SHORT,StochasticRSI(FAST_SCALP-SHORT),2,0.2,1.62,1.616,1.616,1.626,2026-07-08 05:12:59 UTC,2026-07-08 05:22:36 UTC,576.23,0.324,0.0043,0.0,0.0008,0.08,18.52,MIN_PROFIT_TP_HIT,0.0548
772,TRUMP_USDT,LONG,StochasticRSI(FAST_SCALP-LONG),2,0.2,1.615,1.609,1.619,1.609,2026-07-08 05:26:59 UTC,2026-07-08 05:45:22 UTC,1102.96,0.323,0.0043,0.0,-0.0012,-0.11,-27.86,STOP_LOSS_HIT,0.0536
773,TRUMP_USDT,LONG,StochasticRSI(FAST_SCALP-LONG),2,0.2,1.606,1.61,1.61,1.6,2026-07-08 05:50:59 UTC,2026-07-08 06:05:09 UTC,849.94,0.3212,0.0043,0.0,0.0008,0.08,18.68,MIN_PROFIT_TP_HIT,0.0544
774,TRUMP_USDT,SHORT,StochasticRSI(FAST_SCALP-SHORT),2,0.2,1.608,1.604,1.604,1.614,2026-07-08 06:06:59 UTC,2026-07-08 06:11:57 UTC,297.07,0.3216,0.0043,0.0,0.0008,0.08,18.66,MIN_PROFIT_TP_HIT,0.0552
775,TRUMP_USDT,LONG,StochasticRSI(FAST_SCALP-LONG),2,0.2,1.604,1.608,1.608,1.598,2026-07-08 06:15:59 UTC,2026-07-08 06:17:49 UTC,109.86,0.3208,0.0043,0.0,0.0008,0.08,18.7,MIN_PROFIT_TP_HIT,0.056
776,TRUMP_USDT,LONG,StochasticRSI(FAST_SCALP-LONG),2,0.2,1.598,1.592,1.602,1.592,2026-07-08 06:59:59 UTC,2026-07-08 07:00:21 UTC,21.56,0.3196,0.0043,0.0,-0.0012,-0.11,-28.16,STOP_LOSS_HIT,0.0548
777,TRUMP_USDT,SHORT,StochasticRSI(FAST_SCALP-SHORT),2,0.2,1.6,1.606,1.596,1.606,2026-07-08 07:16:59 UTC,2026-07-08 07:30:45 UTC,825.62,0.32,0.0043,0.0,-0.0012,-0.11,-28.13,STOP_LOSS_HIT,0.0536
778,TRUMP_USDT,SHORT,StochasticRSI(FAST_SCALP-SHORT),2,0.2,1.604,1.6,1.6,1.61,2026-07-08 07:33:59 UTC,2026-07-08 07:38:34 UTC,274.4,0.3208,0.0043,0.0,0.0008,0.08,18.7,MIN_PROFIT_TP_HIT,0.0544
779,TRUMP_USDT,LONG,StochasticRSI(FAST_SCALP-LONG),2,0.2,1.601,1.605,1.605,1.595,2026-07-08 07:41:59 UTC,2026-07-08 08:12:00 UTC,1800.5,0.3202,0.0043,0.0,0.0008,0.08,18.74,MIN_PROFIT_TP_HIT,0.0552
780,TRUMP_USDT,SHORT,StochasticRSI(FAST_SCALP-SHORT),2,0.2,1.604,1.6,1.6,1.61,2026-07-08 08:13:59 UTC,2026-07-08 08:15:31 UTC,91.94,0.3208,0.0043,0.0,0.0008,0.08,18.7,MIN_PROFIT_TP_HIT,0.056
781,TRUMP_USDT,LONG,StochasticRSI(FAST_SCALP-LONG),2,0.2,1.58,1.574,1.584,1.574,2026-07-08 08:21:59 UTC,2026-07-08 08:22:23 UTC,23.05,0.316,0.0042,0.0,-0.0012,-0.11,-28.48,STOP_LOSS_HIT,0.0548
782,TRUMP_USDT,LONG,StochasticRSI(FAST_SCALP-LONG),2,0.2,1.577,1.571,1.581,1.571,2026-07-08 08:25:59 UTC,2026-07-08 08:27:15 UTC,75.88,0.3154,0.0042,0.0,-0.0012,-0.11,-28.54,STOP_LOSS_HIT,0.0536
783,TRUMP_USDT,SHORT,StochasticRSI(FAST_SCALP-SHORT),2,0.2,1.574,1.57,1.57,1.58,2026-07-08 08:29:59 UTC,2026-07-08 08:30:04 UTC,4.75,0.3148,0.0042,0.0,0.0008,0.08,19.06,MIN_PROFIT_TP_HIT,0.0544
784,TRUMP_USDT,SHORT,StochasticRSI(FAST_SCALP-SHORT),2,0.2,1.575,1.571,1.571,1.581,2026-07-08 08:31:59 UTC,2026-07-08 08:36:35 UTC,275.69,0.315,0.0042,0.0,0.0008,0.08,19.05,MIN_PROFIT_TP_HIT,0.0552
785,TRUMP_USDT,LONG,StochasticRSI(FAST_SCALP-LONG),2,0.2,1.575,1.579,1.579,1.569,2026-07-08 08:44:59 UTC,2026-07-08 08:46:07 UTC,67.56,0.315,0.0042,0.0,0.0008,0.08,19.05,MIN_PROFIT_TP_HIT,0.056
786,TRUMP_USDT,SHORT,StochasticRSI(FAST_SCALP-SHORT),2,0.2,1.584,1.58,1.58,1.59,2026-07-08 08:49:59 UTC,2026-07-08 08:53:34 UTC,214.92,0.3168,0.0042,0.0,0.0008,0.08,18.94,MIN_PROFIT_TP_HIT,0.0568
787,TRUMP_USDT,LONG,StochasticRSI(FAST_SCALP-LONG),2,0.2,1.576,1.57,1.58,1.57,2026-07-08 08:57:59 UTC,2026-07-08 09:00:13 UTC,133.36,0.3152,0.0042,0.0,-0.0012,-0.11,-28.55,STOP_LOSS_HIT,0.0556
788,TRUMP_USDT,LONG,StochasticRSI(FAST_SCALP-LONG),2,0.2,1.573,1.567,1.577,1.567,2026-07-08 09:10:59 UTC,2026-07-08 09:17:38 UTC,398.73,0.3146,0.0042,0.0,-0.0012,-0.11,-28.61,STOP_LOSS_HIT,0.0544
789,TRUMP_USDT,LONG,StochasticRSI(FAST_SCALP-LONG),2,0.2,1.571,1.575,1.575,1.565,2026-07-08 09:20:59 UTC,2026-07-08 09:30:08 UTC,548.03,0.3142,0.0042,0.0,0.0008,0.08,19.1,MIN_PROFIT_TP_HIT,0.0552
790,TRUMP_USDT,SHORT,StochasticRSI(FAST_SCALP-SHORT),2,0.2,1.575,1.571,1.571,1.581,2026-07-08 09:38:59 UTC,2026-07-08 10:07:32 UTC,1712.67,0.315,0.0042,0.0,0.0008,0.08,19.05,MIN_PROFIT_TP_HIT,0.056
791,TRUMP_USDT,LONG,StochasticRSI(FAST_SCALP-LONG),2,0.2,1.572,1.576,1.576,1.566,2026-07-08 10:10:59 UTC,2026-07-08 10:15:00 UTC,240.17,0.3144,0.0042,0.0,0.0008,0.08,19.08,MIN_PROFIT_TP_HIT,0.0568
792,TRUMP_USDT,SHORT,StochasticRSI(FAST_SCALP-SHORT),2,0.2,1.575,1.581,1.571,1.581,2026-07-08 10:22:59 UTC,2026-07-08 10:29:35 UTC,395.87,0.315,0.0042,0.0,-0.0012,-0.11,-28.57,STOP_LOSS_HIT,0.0556
793,TRUMP_USDT,LONG,StochasticRSI(FAST_SCALP-LONG),2,0.2,1.58,1.584,1.584,1.574,2026-07-08 10:42:59 UTC,2026-07-08 10:44:18 UTC,78.35,0.316,0.0042,0.0,0.0008,0.08,18.99,MIN_PROFIT_TP_HIT,0.0564
794,TRUMP_USDT,SHORT,StochasticRSI(FAST_SCALP-SHORT),2,0.2,1.578,1.574,1.574,1.584,2026-07-08 10:48:59 UTC,2026-07-08 10:58:07 UTC,547.76,0.3156,0.0042,0.0,0.0008,0.08,19.01,MIN_PROFIT_TP_HIT,0.0572
795,TRUMP_USDT,LONG,StochasticRSI(FAST_SCALP-LONG),2,0.2,1.574,1.578,1.578,1.568,2026-07-08 11:02:59 UTC,2026-07-08 11:04:29 UTC,89.85,0.3148,0.0042,0.0,0.0008,0.08,19.06,MIN_PROFIT_TP_HIT,0.058
796,TRUMP_USDT,SHORT,StochasticRSI(FAST_SCALP-SHORT),2,0.2,1.579,1.575,1.575,1.585,2026-07-08 11:09:59 UTC,2026-07-08 11:11:48 UTC,108.93,0.3158,0.0042,0.0,0.0008,0.08,19.0,MIN_PROFIT_TP_HIT,0.0588
797,TRUMP_USDT,LONG,StochasticRSI(FAST_SCALP-LONG),2,0.2,1.578,1.582,1.582,1.572,2026-07-08 11:17:59 UTC,2026-07-08 11:22:36 UTC,276.8,0.3156,0.0042,0.0,0.0008,0.08,19.01,MIN_PROFIT_TP_HIT,0.0596
798,TRUMP_USDT,SHORT,StochasticRSI(FAST_SCALP-SHORT),2,0.2,1.584,1.59,1.58,1.59,2026-07-08 11:29:59 UTC,2026-07-08 11:43:35 UTC,815.49,0.3168,0.0042,0.0,-0.0012,-0.11,-28.41,STOP_LOSS_HIT,0.0584
799,TRUMP_USDT,LONG,StochasticRSI(FAST_SCALP-LONG),2,0.2,1.594,1.598,1.598,1.588,2026-07-08 12:02:59 UTC,2026-07-08 12:03:29 UTC,29.84,0.3188,0.0043,0.0,0.0008,0.08,18.82,MIN_PROFIT_TP_HIT,0.0592
800,TRUMP_USDT,SHORT,StochasticRSI(FAST_SCALP-SHORT),2,0.2,1.6,1.596,1.596,1.606,2026-07-08 12:08:59 UTC,2026-07-08 12:56:26 UTC,2846.65,0.32,0.0043,0.0,0.0008,0.08,18.75,MIN_PROFIT_TP_HIT,0.06
801,TRUMP_USDT,SHORT,StochasticRSI(FAST_SCALP-SHORT),2,0.2,1.596,1.592,1.592,1.602,2026-07-08 13:00:59 UTC,2026-07-08 13:06:13 UTC,313.54,0.3192,0.0043,0.0,0.0008,0.08,18.8,MIN_PROFIT_TP_HIT,0.0608
802,TRUMP_USDT,LONG,StochasticRSI(FAST_SCALP-LONG),2,0.2,1.596,1.6,1.6,1.59,2026-07-08 13:09:59 UTC,2026-07-08 13:12:52 UTC,172.24,0.3192,0.0043,0.0,0.0008,0.08,18.8,MIN_PROFIT_TP_HIT,0.0616
803,TRUMP_USDT,SHORT,StochasticRSI(FAST_SCALP-SHORT),2,0.2,1.598,1.604,1.594,1.604,2026-07-08 13:15:59 UTC,2026-07-08 13:18:10 UTC,130.12,0.3196,0.0043,0.0,-0.0012,-0.11,-28.16,STOP_LOSS_HIT,0.0604
804,TRUMP_USDT,LONG,StochasticRSI(FAST_SCALP-LONG),2,0.2,1.598,1.602,1.602,1.592,2026-07-08 13:25:59 UTC,2026-07-08 13:30:51 UTC,291.91,0.3196,0.0043,0.0,0.0008,0.08,18.77,MIN_PROFIT_TP_HIT,0.0612
805,TRUMP_USDT,SHORT,StochasticRSI(FAST_SCALP-SHORT),2,0.2,1.613,1.609,1.609,1.619,2026-07-08 13:39:59 UTC,2026-07-08 13:55:04 UTC,904.87,0.3226,0.0043,0.0,0.0008,0.08,18.6,MIN_PROFIT_TP_HIT,0.062
806,TRUMP_USDT,LONG,StochasticRSI(FAST_SCALP-LONG),2,0.2,1.615,1.619,1.619,1.609,2026-07-08 13:58:59 UTC,2026-07-08 14:00:58 UTC,118.84,0.323,0.0043,0.0,0.0008,0.08,18.58,MIN_PROFIT_TP_HIT,0.0628
807,TRUMP_USDT,SHORT,StochasticRSI(FAST_SCALP-SHORT),2,0.2,1.617,1.613,1.613,1.623,2026-07-08 14:03:59 UTC,2026-07-08 14:06:38 UTC,158.58,0.3234,0.0043,0.0,0.0008,0.08,18.55,MIN_PROFIT_TP_HIT,0.0636
808,TRUMP_USDT,LONG,StochasticRSI(FAST_SCALP-LONG),2,0.2,1.615,1.619,1.619,1.609,2026-07-08 14:10:59 UTC,2026-07-08 14:14:19 UTC,199.04,0.323,0.0043,0.0,0.0008,0.08,18.58,MIN_PROFIT_TP_HIT,0.0644
809,TRUMP_USDT,SHORT,StochasticRSI(FAST_SCALP-SHORT),2,0.2,1.613,1.619,1.609,1.619,2026-07-08 14:16:59 UTC,2026-07-08 14:20:12 UTC,192.88,0.3226,0.0043,0.0,-0.0012,-0.11,-27.9,STOP_LOSS_HIT,0.0632
810,TRUMP_USDT,SHORT,StochasticRSI(FAST_SCALP-SHORT),2,0.2,1.618,1.614,1.614,1.624,2026-07-08 14:24:59 UTC,2026-07-08 14:27:09 UTC,129.83,0.3236,0.0043,0.0,0.0008,0.08,18.54,MIN_PROFIT_TP_HIT,0.064
811,TRUMP_USDT,LONG,StochasticRSI(FAST_SCALP-LONG),2,0.2,1.616,1.62,1.62,1.61,2026-07-08 14:32:59 UTC,2026-07-08 14:34:25 UTC,85.64,0.3232,0.0043,0.0,0.0008,0.08,18.56,MIN_PROFIT_TP_HIT,0.0648
812,TRUMP_USDT,LONG,StochasticRSI(FAST_SCALP-LONG),2,0.2,1.609,1.613,1.613,1.603,2026-07-08 14:46:59 UTC,2026-07-08 14:48:04 UTC,64.81,0.3218,0.0043,0.0,0.0008,0.08,18.65,MIN_PROFIT_TP_HIT,0.0656
813,TRUMP_USDT,SHORT,StochasticRSI(FAST_SCALP-SHORT),2,0.2,1.627,1.623,1.623,1.633,2026-07-08 14:56:59 UTC,2026-07-08 15:01:51 UTC,291.91,0.3254,0.0043,0.0,0.0008,0.08,18.44,MIN_PROFIT_TP_HIT,0.0664
814,TRUMP_USDT,LONG,StochasticRSI(FAST_SCALP-LONG),2,0.2,1.621,1.615,1.625,1.615,2026-07-08 15:05:59 UTC,2026-07-08 15:10:08 UTC,248.24,0.3242,0.0043,0.0,-0.0012,-0.11,-27.76,STOP_LOSS_HIT,0.0652
815,TRUMP_USDT,LONG,StochasticRSI(FAST_SCALP-LONG),2,0.2,1.61,1.614,1.614,1.604,2026-07-08 15:13:59 UTC,2026-07-08 15:18:48 UTC,288.74,0.322,0.0043,0.0,0.0008,0.08,18.63,MIN_PROFIT_TP_HIT,0.066
816,TRUMP_USDT,SHORT,StochasticRSI(FAST_SCALP-SHORT),2,0.2,1.615,1.611,1.611,1.621,2026-07-08 15:23:59 UTC,2026-07-08 15:25:52 UTC,112.2,0.323,0.0043,0.0,0.0008,0.08,18.58,MIN_PROFIT_TP_HIT,0.0668
817,TRUMP_USDT,LONG,StochasticRSI(FAST_SCALP-LONG),2,0.2,1.616,1.62,1.62,1.61,2026-07-08 15:28:59 UTC,2026-07-08 15:37:28 UTC,509.0,0.3232,0.0043,0.0,0.0008,0.08,18.56,MIN_PROFIT_TP_HIT,0.0676
818,TRUMP_USDT,SHORT,StochasticRSI(FAST_SCALP-SHORT),2,0.2,1.616,1.612,1.612,1.622,2026-07-08 15:39:59 UTC,2026-07-08 15:43:36 UTC,216.76,0.3232,0.0043,0.0,0.0008,0.08,18.56,MIN_PROFIT_TP_HIT,0.0684
819,TRUMP_USDT,LONG,StochasticRSI(FAST_SCALP-LONG),2,0.2,1.601,1.605,1.605,1.595,2026-07-08 15:47:59 UTC,2026-07-08 15:52:11 UTC,251.65,0.3202,0.0043,0.0,0.0008,0.08,18.74,MIN_PROFIT_TP_HIT,0.0692
820,TRUMP_USDT,SHORT,StochasticRSI(FAST_SCALP-SHORT),2,0.2,1.606,1.612,1.602,1.612,2026-07-08 15:57:59 UTC,2026-07-08 16:01:06 UTC,186.88,0.3212,0.0043,0.0,-0.0012,-0.11,-28.02,STOP_LOSS_HIT,0.068
821,TRUMP_USDT,SHORT,StochasticRSI(FAST_SCALP-SHORT),2,0.2,1.611,1.607,1.607,1.617,2026-07-08 16:04:59 UTC,2026-07-08 16:16:02 UTC,662.03,0.3222,0.0043,0.0,0.0008,0.08,18.62,MIN_PROFIT_TP_HIT,0.0688
822,TRUMP_USDT,LONG,StochasticRSI(FAST_SCALP-LONG),2,0.2,1.609,1.613,1.613,1.603,2026-07-08 16:18:59 UTC,2026-07-08 16:20:37 UTC,97.99,0.3218,0.0043,0.0,0.0008,0.08,18.65,MIN_PROFIT_TP_HIT,0.0696
823,TRUMP_USDT,SHORT,StochasticRSI(FAST_SCALP-SHORT),2,0.2,1.616,1.612,1.612,1.622,2026-07-08 16:25:59 UTC,2026-07-08 16:36:06 UTC,606.35,0.3232,0.0043,0.0,0.0008,0.08,18.56,MIN_PROFIT_TP_HIT,0.0704
824,TRUMP_USDT,LONG,StochasticRSI(FAST_SCALP-LONG),2,0.2,1.614,1.618,1.618,1.608,2026-07-08 16:39:59 UTC,2026-07-08 16:40:51 UTC,51.28,0.3228,0.0043,0.0,0.0008,0.08,18.59,MIN_PROFIT_TP_HIT,0.0712
825,TRUMP_USDT,SHORT,StochasticRSI(FAST_SCALP-SHORT),2,0.2,1.616,1.612,1.612,1.622,2026-07-08 16:44:59 UTC,2026-07-08 16:49:09 UTC,249.6,0.3232,0.0043,0.0,0.0008,0.08,18.56,MIN_PROFIT_TP_HIT,0.072
826,TRUMP_USDT,LONG,StochasticRSI(FAST_SCALP-LONG),2,0.2,1.612,1.616,1.616,1.606,2026-07-08 16:52:59 UTC,2026-07-08 16:53:39 UTC,39.44,0.3224,0.0043,0.0,0.0008,0.08,18.61,MIN_PROFIT_TP_HIT,0.0728
827,TRUMP_USDT,SHORT,StochasticRSI(FAST_SCALP-SHORT),2,0.2,1.617,1.613,1.613,1.623,2026-07-08 16:58:59 UTC,2026-07-08 17:05:39 UTC,399.1,0.3234,0.0043,0.0,0.0008,0.08,18.55,MIN_PROFIT_TP_HIT,0.0736
828,TRUMP_USDT,LONG,StochasticRSI(FAST_SCALP-LONG),2,0.2,1.615,1.609,1.619,1.609,2026-07-08 17:07:59 UTC,2026-07-08 17:19:02 UTC,662.95,0.323,0.0043,0.0,-0.0012,-0.11,-27.86,STOP_LOSS_HIT,0.0724
829,TRUMP_USDT,SHORT,StochasticRSI(FAST_SCALP-SHORT),2,0.2,1.613,1.619,1.609,1.619,2026-07-08 17:23:59 UTC,2026-07-08 17:29:06 UTC,306.95,0.3226,0.0043,0.0,-0.0012,-0.11,-27.9,STOP_LOSS_HIT,0.0712
830,TRUMP_USDT,SHORT,StochasticRSI(FAST_SCALP-SHORT),2,0.2,1.617,1.613,1.613,1.623,2026-07-08 17:32:59 UTC,2026-07-08 17:42:23 UTC,563.84,0.3234,0.0043,0.0,0.0008,0.08,18.55,MIN_PROFIT_TP_HIT,0.072
831,TRUMP_USDT,LONG,StochasticRSI(FAST_SCALP-LONG),2,0.2,1.613,1.607,1.617,1.607,2026-07-08 17:44:59 UTC,2026-07-08 17:54:16 UTC,556.52,0.3226,0.0043,0.0,-0.0012,-0.11,-27.9,STOP_LOSS_HIT,0.0708
832,TRUMP_USDT,LONG,StochasticRSI(FAST_SCALP-LONG),2,0.2,1.608,1.612,1.612,1.602,2026-07-08 17:58:59 UTC,2026-07-08 18:01:20 UTC,140.31,0.3216,0.0043,0.0,0.0008,0.08,18.66,MIN_PROFIT_TP_HIT,0.0716
833,TRUMP_USDT,SHORT,StochasticRSI(FAST_SCALP-SHORT),2,0.2,1.61,1.606,1.606,1.616,2026-07-08 18:03:59 UTC,2026-07-08 18:07:18 UTC,198.99,0.322,0.0043,0.0,0.0008,0.08,18.63,MIN_PROFIT_TP_HIT,0.0724
834,TRUMP_USDT,LONG,StochasticRSI(FAST_SCALP-LONG),2,0.2,1.606,1.6,1.61,1.6,2026-07-08 18:14:59 UTC,2026-07-08 18:31:45 UTC,1005.3,0.3212,0.0043,0.0,-0.0012,-0.11,-28.02,STOP_LOSS_HIT,0.0712
835,TRUMP_USDT,LONG,StochasticRSI(FAST_SCALP-LONG),2,0.2,1.601,1.605,1.605,1.595,2026-07-08 18:33:59 UTC,2026-07-08 18:50:17 UTC,977.15,0.3202,0.0043,0.0,0.0008,0.08,18.74,MIN_PROFIT_TP_HIT,0.072
836,TRUMP_USDT,SHORT,StochasticRSI(FAST_SCALP-SHORT),2,0.2,1.604,1.6,1.6,1.61,2026-07-08 18:55:59 UTC,2026-07-08 19:11:45 UTC,945.88,0.3208,0.0043,0.0,0.0008,0.08,18.7,MIN_PROFIT_TP_HIT,0.0728
837,TRUMP_USDT,SHORT,StochasticRSI(FAST_SCALP-SHORT),2,0.2,1.602,1.598,1.598,1.608,2026-07-08 19:16:59 UTC,2026-07-08 20:11:01 UTC,3241.1,0.3204,0.0043,0.0,0.0008,0.08,18.73,MIN_PROFIT_TP_HIT,0.0736
838,TRUMP_USDT,LONG,StochasticRSI(FAST_SCALP-LONG),2,0.2,1.597,1.601,1.601,1.591,2026-07-08 20:16:59 UTC,2026-07-08 20:30:56 UTC,836.59,0.3194,0.0043,0.0,0.0008,0.08,18.79,MIN_PROFIT_TP_HIT,0.0744
839,TRUMP_USDT,SHORT,StochasticRSI(FAST_SCALP-SHORT),2,0.2,1.597,1.593,1.593,1.603,2026-07-08 20:32:59 UTC,2026-07-08 20:37:42 UTC,282.98,0.3194,0.0043,0.0,0.0008,0.08,18.79,MIN_PROFIT_TP_HIT,0.0752
840,TRUMP_USDT,LONG,StochasticRSI(FAST_SCALP-LONG),2,0.2,1.593,1.587,1.597,1.587,2026-07-08 20:40:59 UTC,2026-07-08 21:01:26 UTC,1226.3,0.3186,0.0042,0.0,-0.0012,-0.11,-28.25,STOP_LOSS_HIT,0.074
841,TRUMP_USDT,SHORT,StochasticRSI(FAST_SCALP-SHORT),2,0.2,1.589,1.595,1.585,1.595,2026-07-08 21:08:59 UTC,2026-07-08 21:22:54 UTC,834.32,0.3178,0.0042,0.0,-0.0012,-0.11,-28.32,STOP_LOSS_HIT,0.0728
842,TRUMP_USDT,SHORT,StochasticRSI(FAST_SCALP-SHORT),2,0.2,1.598,1.604,1.594,1.604,2026-07-08 21:36:59 UTC,2026-07-08 21:55:35 UTC,1115.81,0.3196,0.0043,0.0,-0.0012,-0.11,-28.16,STOP_LOSS_HIT,0.0716
843,TRUMP_USDT,LONG,StochasticRSI(FAST_SCALP-LONG),2,0.2,1.606,1.6,1.61,1.6,2026-07-08 22:16:59 UTC,2026-07-08 22:32:52 UTC,952.59,0.3212,0.0043,0.0,-0.0012,-0.11,-28.02,STOP_LOSS_HIT,0.0704
844,TRUMP_USDT,SHORT,StochasticRSI(FAST_SCALP-SHORT),2,0.2,1.603,1.599,1.599,1.609,2026-07-08 23:03:59 UTC,2026-07-08 23:17:14 UTC,794.13,0.3206,0.0043,0.0,0.0008,0.08,18.71,MIN_PROFIT_TP_HIT,0.0712
845,TRUMP_USDT,LONG,StochasticRSI(FAST_SCALP-LONG),2,0.2,1.599,1.603,1.603,1.593,2026-07-08 23:24:59 UTC,2026-07-08 23:55:35 UTC,1835.47,0.3198,0.0043,0.0,0.0008,0.08,18.76,MIN_PROFIT_TP_HIT,0.072
846,TRUMP_USDT,SHORT,StochasticRSI(FAST_SCALP-SHORT),2,0.2,1.613,1.609,1.609,1.619,2026-07-09 00:02:59 UTC,2026-07-09 00:04:07 UTC,67.55,0.3226,0.0043,0.0,0.0008,0.08,18.6,MIN_PROFIT_TP_HIT,0.0728
847,TRUMP_USDT,LONG,StochasticRSI(FAST_SCALP-LONG),2,0.2,1.606,1.6,1.61,1.6,2026-07-09 00:09:59 UTC,2026-07-09 00:13:33 UTC,213.34,0.3212,0.0043,0.0,-0.0012,-0.11,-28.02,STOP_LOSS_HIT,0.0716
848,TRUMP_USDT,LONG,StochasticRSI(FAST_SCALP-LONG),2,0.2,1.594,1.598,1.598,1.588,2026-07-09 00:16:59 UTC,2026-07-09 00:30:20 UTC,800.79,0.3188,0.0043,0.0,0.0008,0.08,18.82,MIN_PROFIT_TP_HIT,0.0724
849,TRUMP_USDT,SHORT,StochasticRSI(FAST_SCALP-SHORT),2,0.2,1.596,1.592,1.592,1.602,2026-07-09 00:32:59 UTC,2026-07-09 00:44:23 UTC,683.87,0.3192,0.0043,0.0,0.0008,0.08,18.8,MIN_PROFIT_TP_HIT,0.0732
850,TRUMP_USDT,LONG,StochasticRSI(FAST_SCALP-LONG),2,0.2,1.595,1.599,1.599,1.589,2026-07-09 00:46:59 UTC,2026-07-09 01:00:36 UTC,816.54,0.319,0.0043,0.0,0.0008,0.08,18.81,MIN_PROFIT_TP_HIT,0.074
851,TRUMP_USDT,SHORT,StochasticRSI(FAST_SCALP-SHORT),2,0.2,1.595,1.601,1.591,1.601,2026-07-09 01:03:59 UTC,2026-07-09 01:09:21 UTC,321.67,0.319,0.0043,0.0,-0.0012,-0.11,-28.21,STOP_LOSS_HIT,0.0728
852,TRUMP_USDT,SHORT,StochasticRSI(FAST_SCALP-SHORT),2,0.2,1.613,1.609,1.609,1.619,2026-07-09 01:21:59 UTC,2026-07-09 01:27:20 UTC,320.16,0.3226,0.0043,0.0,0.0008,0.08,18.6,MIN_PROFIT_TP_HIT,0.0736
853,TRUMP_USDT,LONG,StochasticRSI(FAST_SCALP-LONG),2,0.2,1.613,1.607,1.617,1.607,2026-07-09 01:28:59 UTC,2026-07-09 01:31:04 UTC,124.07,0.3226,0.0043,0.0,-0.0012,-0.11,-27.9,STOP_LOSS_HIT,0.0724
854,TRUMP_USDT,LONG,StochasticRSI(FAST_SCALP-LONG),2,0.2,1.606,1.61,1.61,1.6,2026-07-09 01:43:59 UTC,2026-07-09 01:48:48 UTC,288.05,0.3212,0.0043,0.0,0.0008,0.08,18.68,MIN_PROFIT_TP_HIT,0.0732
855,TRUMP_USDT,SHORT,StochasticRSI(FAST_SCALP-SHORT),2,0.2,1.607,1.603,1.603,1.613,2026-07-09 01:51:59 UTC,2026-07-09 01:54:33 UTC,153.86,0.3214,0.0043,0.0,0.0008,0.08,18.67,MIN_PROFIT_TP_HIT,0.074
856,TRUMP_USDT,SHORT,StochasticRSI(FAST_SCALP-SHORT),2,0.2,1.605,1.601,1.601,1.611,2026-07-09 02:01:59 UTC,2026-07-09 02:02:36 UTC,36.06,0.321,0.0043,0.0,0.0008,0.08,18.69,MIN_PROFIT_TP_HIT,0.0748
857,TRUMP_USDT,SHORT,StochasticRSI(FAST_SCALP-SHORT),2,0.2,1.61,1.616,1.606,1.616,2026-07-09 02:07:59 UTC,2026-07-09 02:12:05 UTC,245.81,0.322,0.0043,0.0,-0.0012,-0.11,-27.95,STOP_LOSS_HIT,0.0736
858,TRUMP_USDT,SHORT,StochasticRSI(FAST_SCALP-SHORT),2,0.2,1.615,1.621,1.611,1.621,2026-07-09 02:16:59 UTC,2026-07-09 02:25:04 UTC,484.97,0.323,0.0043,0.0,-0.0012,-0.11,-27.86,STOP_LOSS_HIT,0.0724
859,TRUMP_USDT,SHORT,StochasticRSI(FAST_SCALP-SHORT),2,0.2,1.621,1.617,1.617,1.627,2026-07-09 02:28:59 UTC,2026-07-09 02:33:38 UTC,278.79,0.3242,0.0043,0.0,0.0008,0.08,18.51,MIN_PROFIT_TP_HIT,0.0732
860,TRUMP_USDT,LONG,StochasticRSI(FAST_SCALP-LONG),2,0.2,1.617,1.621,1.621,1.611,2026-07-09 02:38:59 UTC,2026-07-09 02:43:38 UTC,278.21,0.3234,0.0043,0.0,0.0008,0.08,18.55,MIN_PROFIT_TP_HIT,0.074
861,TRUMP_USDT,SHORT,StochasticRSI(FAST_SCALP-SHORT),2,0.2,1.619,1.625,1.615,1.625,2026-07-09 02:45:59 UTC,2026-07-09 03:00:08 UTC,848.55,0.3238,0.0043,0.0,-0.0012,-0.11,-27.79,STOP_LOSS_HIT,0.0728
862,TRUMP_USDT,SHORT,StochasticRSI(FAST_SCALP-SHORT),2,0.2,1.625,1.621,1.621,1.631,2026-07-09 03:01:59 UTC,2026-07-09 03:04:42 UTC,162.17,0.325,0.0043,0.0,0.0008,0.08,18.46,MIN_PROFIT_TP_HIT,0.0736
863,TRUMP_USDT,SHORT,StochasticRSI(FAST_SCALP-SHORT),2,0.2,1.621,1.617,1.617,1.627,2026-07-09 03:05:59 UTC,2026-07-09 03:13:49 UTC,469.35,0.3242,0.0043,0.0,0.0008,0.08,18.51,MIN_PROFIT_TP_HIT,0.0744
864,TRUMP_USDT,LONG,StochasticRSI(FAST_SCALP-LONG),2,0.2,1.612,1.616,1.616,1.606,2026-07-09 03:23:59 UTC,2026-07-09 03:31:07 UTC,427.12,0.3224,0.0043,0.0,0.0008,0.08,18.61,MIN_PROFIT_TP_HIT,0.0752
865,TRUMP_USDT,SHORT,StochasticRSI(FAST_SCALP-SHORT),2,0.2,1.618,1.614,1.614,1.624,2026-07-09 03:35:59 UTC,2026-07-09 03:40:08 UTC,248.46,0.3236,0.0043,0.0,0.0008,0.08,18.54,MIN_PROFIT_TP_HIT,0.076
866,TRUMP_USDT,LONG,StochasticRSI(FAST_SCALP-LONG),2,0.2,1.613,1.607,1.617,1.607,2026-07-09 03:43:59 UTC,2026-07-09 03:48:58 UTC,298.19,0.3226,0.0043,0.0,-0.0012,-0.11,-27.9,STOP_LOSS_HIT,0.0748
867,TRUMP_USDT,LONG,StochasticRSI(FAST_SCALP-LONG),2,0.2,1.609,1.613,1.613,1.603,2026-07-09 03:54:59 UTC,2026-07-09 04:17:04 UTC,1324.26,0.3218,0.0043,0.0,0.0008,0.08,18.65,MIN_PROFIT_TP_HIT,0.0756
868,TRUMP_USDT,SHORT,StochasticRSI(FAST_SCALP-SHORT),2,0.2,1.612,1.618,1.608,1.618,2026-07-09 04:20:59 UTC,2026-07-09 04:35:33 UTC,873.2,0.3224,0.0043,0.0,-0.0012,-0.11,-27.92,STOP_LOSS_HIT,0.0744
869,TRUMP_USDT,SHORT,StochasticRSI(FAST_SCALP-SHORT),2,0.2,1.615,1.621,1.611,1.621,2026-07-09 04:39:59 UTC,2026-07-09 04:57:22 UTC,1042.34,0.323,0.0043,0.0,-0.0012,-0.11,-27.86,STOP_LOSS_HIT,0.0732
870,TRUMP_USDT,LONG,StochasticRSI(FAST_SCALP-LONG),2,0.2,1.619,1.623,1.623,1.613,2026-07-09 05:09:59 UTC,2026-07-09 05:11:16 UTC,76.25,0.3238,0.0043,0.0,0.0008,0.08,18.53,MIN_PROFIT_TP_HIT,0.074
871,TRUMP_USDT,SHORT,StochasticRSI(FAST_SCALP-SHORT),2,0.2,1.621,1.617,1.617,1.627,2026-07-09 05:14:59 UTC,2026-07-09 05:16:59 UTC,119.73,0.3242,0.0043,0.0,0.0008,0.08,18.51,MIN_PROFIT_TP_HIT,0.0748
872,TRUMP_USDT,LONG,StochasticRSI(FAST_SCALP-LONG),2,0.2,1.616,1.62,1.62,1.61,2026-07-09 05:21:59 UTC,2026-07-09 05:28:10 UTC,370.79,0.3232,0.0043,0.0,0.0008,0.08,18.56,MIN_PROFIT_TP_HIT,0.0756
873,TRUMP_USDT,SHORT,StochasticRSI(FAST_SCALP-SHORT),2,0.2,1.621,1.627,1.617,1.627,2026-07-09 05:31:59 UTC,2026-07-09 06:03:10 UTC,1870.17,0.3242,0.0043,0.0,-0.0012,-0.11,-27.76,STOP_LOSS_HIT,0.0744
874,TRUMP_USDT,SHORT,StochasticRSI(FAST_SCALP-SHORT),2,0.2,1.625,1.621,1.621,1.631,2026-07-09 06:05:59 UTC,2026-07-09 06:08:18 UTC,138.53,0.325,0.0043,0.0,0.0008,0.08,18.46,MIN_PROFIT_TP_HIT,0.0752
875,TRUMP_USDT,LONG,StochasticRSI(FAST_SCALP-LONG),2,0.2,1.622,1.616,1.626,1.616,2026-07-09 06:10:59 UTC,2026-07-09 06:19:14 UTC,494.01,0.3244,0.0043,0.0,-0.0012,-0.11,-27.74,STOP_LOSS_HIT,0.074
876,TRUMP_USDT,SHORT,StochasticRSI(FAST_SCALP-SHORT),2,0.2,1.625,1.621,1.621,1.631,2026-07-09 06:27:59 UTC,2026-07-09 06:46:00 UTC,1080.82,0.325,0.0043,0.0,0.0008,0.08,18.46,MIN_PROFIT_TP_HIT,0.0748
877,TRUMP_USDT,LONG,StochasticRSI(FAST_SCALP-LONG),2,0.2,1.623,1.627,1.627,1.617,2026-07-09 06:54:59 UTC,2026-07-09 07:02:10 UTC,430.16,0.3246,0.0043,0.0,0.0008,0.08,18.48,MIN_PROFIT_TP_HIT,0.0756
878,TRUMP_USDT,SHORT,StochasticRSI(FAST_SCALP-SHORT),2,0.2,1.621,1.617,1.617,1.627,2026-07-09 07:04:59 UTC,2026-07-09 07:10:33 UTC,333.76,0.3242,0.0043,0.0,0.0008,0.08,18.51,MIN_PROFIT_TP_HIT,0.0764
879,TRUMP_USDT,LONG,StochasticRSI(FAST_SCALP-LONG),2,0.2,1.619,1.623,1.623,1.613,2026-07-09 07:12:59 UTC,2026-07-09 07:13:20 UTC,20.6,0.3238,0.0043,0.0,0.0008,0.08,18.53,MIN_PROFIT_TP_HIT,0.0772
880,TRUMP_USDT,SHORT,StochasticRSI(FAST_SCALP-SHORT),2,0.2,1.624,1.62,1.62,1.63,2026-07-09 07:18:59 UTC,2026-07-09 07:23:51 UTC,291.65,0.3248,0.0043,0.0,0.0008,0.08,18.47,MIN_PROFIT_TP_HIT,0.078
881,TRUMP_USDT,LONG,StochasticRSI(FAST_SCALP-LONG),2,0.2,1.615,1.619,1.619,1.609,2026-07-09 07:28:59 UTC,2026-07-09 07:43:10 UTC,850.7,0.323,0.0043,0.0,0.0008,0.08,18.58,MIN_PROFIT_TP_HIT,0.0788
882,TRUMP_USDT,SHORT,StochasticRSI(FAST_SCALP-SHORT),2,0.2,1.622,1.618,1.618,1.628,2026-07-09 07:50:59 UTC,2026-07-09 07:59:03 UTC,483.77,0.3244,0.0043,0.0,0.0008,0.08,18.5,MIN_PROFIT_TP_HIT,0.0796
883,TRUMP_USDT,LONG,StochasticRSI(FAST_SCALP-LONG),2,0.2,1.616,1.61,1.62,1.61,2026-07-09 08:01:59 UTC,2026-07-09 08:52:21 UTC,3021.84,0.3232,0.0043,0.0,-0.0012,-0.11,-27.85,STOP_LOSS_HIT,0.0784
884,TRUMP_USDT,LONG,StochasticRSI(FAST_SCALP-LONG),2,0.2,1.612,1.606,1.616,1.606,2026-07-09 08:54:59 UTC,2026-07-09 09:06:28 UTC,688.62,0.3224,0.0043,0.0,-0.0012,-0.11,-27.92,STOP_LOSS_HIT,0.0772
885,TRUMP_USDT,LONG,StochasticRSI(FAST_SCALP-LONG),2,0.2,1.606,1.61,1.61,1.6,2026-07-09 09:10:59 UTC,2026-07-09 09:42:22 UTC,1882.63,0.3212,0.0043,0.0,0.0008,0.08,18.68,MIN_PROFIT_TP_HIT,0.078
886,TRUMP_USDT,SHORT,StochasticRSI(FAST_SCALP-SHORT),2,0.2,1.609,1.615,1.605,1.615,2026-07-09 09:45:59 UTC,2026-07-09 09:57:40 UTC,700.46,0.3218,0.0043,0.0,-0.0012,-0.11,-27.97,STOP_LOSS_HIT,0.0768
887,TRUMP_USDT,SHORT,StochasticRSI(FAST_SCALP-SHORT),2,0.2,1.615,1.611,1.611,1.621,2026-07-09 10:06:59 UTC,2026-07-09 10:27:48 UTC,1248.11,0.323,0.0043,0.0,0.0008,0.08,18.58,MIN_PROFIT_TP_HIT,0.0776
888,TRUMP_USDT,LONG,StochasticRSI(FAST_SCALP-LONG),2,0.2,1.612,1.606,1.616,1.606,2026-07-09 10:36:59 UTC,2026-07-09 10:52:53 UTC,953.52,0.3224,0.0043,0.0,-0.0012,-0.11,-27.92,STOP_LOSS_HIT,0.0764
889,TRUMP_USDT,SHORT,StochasticRSI(FAST_SCALP-SHORT),2,0.2,1.61,1.606,1.606,1.616,2026-07-09 10:53:59 UTC,2026-07-09 10:56:29 UTC,149.52,0.322,0.0043,0.0,0.0008,0.08,18.63,MIN_PROFIT_TP_HIT,0.0772
890,TRUMP_USDT,SHORT,StochasticRSI(FAST_SCALP-SHORT),2,0.2,1.609,1.605,1.605,1.615,2026-07-09 11:05:59 UTC,2026-07-09 11:30:45 UTC,1485.2,0.3218,0.0043,0.0,0.0008,0.08,18.65,MIN_PROFIT_TP_HIT,0.078
891,TRUMP_USDT,SHORT,StochasticRSI(FAST_SCALP-SHORT),2,0.2,1.608,1.614,1.604,1.614,2026-07-09 11:31:59 UTC,2026-07-09 11:49:53 UTC,1073.82,0.3216,0.0043,0.0,-0.0012,-0.11,-27.99,STOP_LOSS_HIT,0.0768
892,TRUMP_USDT,SHORT,StochasticRSI(FAST_SCALP-SHORT),2,0.2,1.616,1.612,1.612,1.622,2026-07-09 11:55:59 UTC,2026-07-09 12:17:15 UTC,1275.65,0.3232,0.0043,0.0,0.0008,0.08,18.56,MIN_PROFIT_TP_HIT,0.0776
893,TRUMP_USDT,LONG,StochasticRSI(FAST_SCALP-LONG),2,0.2,1.612,1.616,1.616,1.606,2026-07-09 12:19:59 UTC,2026-07-09 12:24:33 UTC,273.07,0.3224,0.0043,0.0,0.0008,0.08,18.61,MIN_PROFIT_TP_HIT,0.0784
894,TRUMP_USDT,SHORT,StochasticRSI(FAST_SCALP-SHORT),2,0.2,1.616,1.612,1.612,1.622,2026-07-09 12:29:59 UTC,2026-07-09 12:42:54 UTC,774.9,0.3232,0.0043,0.0,0.0008,0.08,18.56,MIN_PROFIT_TP_HIT,0.0792
895,TRUMP_USDT,LONG,StochasticRSI(FAST_SCALP-LONG),2,0.2,1.612,1.616,1.616,1.606,2026-07-09 12:48:59 UTC,2026-07-09 12:53:03 UTC,243.63,0.3224,0.0043,0.0,0.0008,0.08,18.61,MIN_PROFIT_TP_HIT,0.08
896,TRUMP_USDT,SHORT,StochasticRSI(FAST_SCALP-SHORT),2,0.2,1.615,1.611,1.611,1.621,2026-07-09 12:55:59 UTC,2026-07-09 13:32:16 UTC,2176.57,0.323,0.0043,0.0,0.0008,0.08,18.58,MIN_PROFIT_TP_HIT,0.0808
897,TRUMP_USDT,LONG,StochasticRSI(FAST_SCALP-LONG),2,0.2,1.61,1.614,1.614,1.604,2026-07-09 13:35:59 UTC,2026-07-09 13:37:19 UTC,79.54,0.322,0.0043,0.0,0.0008,0.08,18.63,MIN_PROFIT_TP_HIT,0.0816
898,TRUMP_USDT,SHORT,StochasticRSI(FAST_SCALP-SHORT),2,0.2,1.614,1.61,1.61,1.62,2026-07-09 13:47:59 UTC,2026-07-09 14:11:52 UTC,1432.27,0.3228,0.0043,0.0,0.0008,0.08,18.59,MIN_PROFIT_TP_HIT,0.0824
899,TRUMP_USDT,LONG,StochasticRSI(FAST_SCALP-LONG),2,0.2,1.609,1.603,1.613,1.603,2026-07-09 14:12:59 UTC,2026-07-09 14:16:14 UTC,194.88,0.3218,0.0043,0.0,-0.0012,-0.11,-27.97,STOP_LOSS_HIT,0.0812
900,TRUMP_USDT,LONG,StochasticRSI(FAST_SCALP-LONG),2,0.2,1.607,1.601,1.611,1.601,2026-07-09 14:22:59 UTC,2026-07-09 15:03:01 UTC,2401.37,0.3214,0.0043,0.0,-0.0012,-0.11,-28.0,STOP_LOSS_HIT,0.08
901,TRUMP_USDT,LONG,StochasticRSI(FAST_SCALP-LONG),2,0.2,1.605,1.609,1.609,1.599,2026-07-09 15:06:59 UTC,2026-07-09 15:12:21 UTC,321.33,0.321,0.0043,0.0,0.0008,0.08,18.69,MIN_PROFIT_TP_HIT,0.0808
902,TRUMP_USDT,SHORT,StochasticRSI(FAST_SCALP-SHORT),2,0.2,1.605,1.601,1.601,1.611,2026-07-09 15:13:59 UTC,2026-07-09 15:46:29 UTC,1949.99,0.321,0.0043,0.0,0.0008,0.08,18.69,MIN_PROFIT_TP_HIT,0.0816
903,TRUMP_USDT,LONG,StochasticRSI(FAST_SCALP-LONG),2,0.2,1.6,1.594,1.604,1.594,2026-07-09 15:50:59 UTC,2026-07-09 16:04:35 UTC,815.79,0.32,0.0043,0.0,-0.0012,-0.11,-28.13,STOP_LOSS_HIT,0.0804
904,TRUMP_USDT,SHORT,StochasticRSI(FAST_SCALP-SHORT),2,0.2,1.592,1.598,1.588,1.598,2026-07-09 16:18:59 UTC,2026-07-09 16:43:56 UTC,1496.76,0.3184,0.0042,0.0,-0.0012,-0.11,-28.27,STOP_LOSS_HIT,0.0792
905,TRUMP_USDT,SHORT,StochasticRSI(FAST_SCALP-SHORT),2,0.2,1.6,1.606,1.596,1.606,2026-07-09 16:48:59 UTC,2026-07-09 16:53:40 UTC,280.3,0.32,0.0043,0.0,-0.0012,-0.11,-28.13,STOP_LOSS_HIT,0.078
906,TRUMP_USDT,SHORT,StochasticRSI(FAST_SCALP-SHORT),2,0.2,1.604,1.61,1.6,1.61,2026-07-09 16:55:59 UTC,2026-07-09 17:23:20 UTC,1640.34,0.3208,0.0043,0.0,-0.0012,-0.11,-28.05,STOP_LOSS_HIT,0.0768
907,TRUMP_USDT,SHORT,StochasticRSI(FAST_SCALP-SHORT),2,0.2,1.61,1.616,1.606,1.616,2026-07-09 17:26:59 UTC,2026-07-09 17:39:42 UTC,762.55,0.322,0.0043,0.0,-0.0012,-0.11,-27.95,STOP_LOSS_HIT,0.0756
908,TRUMP_USDT,SHORT,StochasticRSI(FAST_SCALP-SHORT),2,0.2,1.616,1.612,1.612,1.622,2026-07-09 17:43:59 UTC,2026-07-09 17:52:18 UTC,498.29,0.3232,0.0043,0.0,0.0008,0.08,18.56,MIN_PROFIT_TP_HIT,0.0764
909,TRUMP_USDT,LONG,StochasticRSI(FAST_SCALP-LONG),2,0.2,1.614,1.618,1.618,1.608,2026-07-09 17:54:59 UTC,2026-07-09 18:07:34 UTC,754.68,0.3228,0.0043,0.0,0.0008,0.08,18.59,MIN_PROFIT_TP_HIT,0.0772
910,TRUMP_USDT,SHORT,StochasticRSI(FAST_SCALP-SHORT),2,0.2,1.619,1.615,1.615,1.625,2026-07-09 18:11:59 UTC,2026-07-09 18:26:20 UTC,860.45,0.3238,0.0043,0.0,0.0008,0.08,18.53,MIN_PROFIT_TP_HIT,0.078
911,TRUMP_USDT,LONG,StochasticRSI(FAST_SCALP-LONG),2,0.2,1.618,1.612,1.622,1.612,2026-07-09 18:29:59 UTC,2026-07-09 19:24:57 UTC,3297.16,0.3236,0.0043,0.0,-0.0012,-0.11,-27.81,STOP_LOSS_HIT,0.0768
912,TRUMP_USDT,SHORT,StochasticRSI(FAST_SCALP-SHORT),2,0.2,1.618,1.624,1.614,1.624,2026-07-09 19:32:59 UTC,2026-07-09 19:36:17 UTC,197.65,0.3236,0.0043,0.0,-0.0012,-0.11,-27.81,STOP_LOSS_HIT,0.0756
913,TRUMP_USDT,SHORT,StochasticRSI(FAST_SCALP-SHORT),2,0.2,1.623,1.619,1.619,1.629,2026-07-09 19:39:59 UTC,2026-07-09 19:49:21 UTC,561.62,0.3246,0.0043,0.0,0.0008,0.08,18.48,MIN_PROFIT_TP_HIT,0.0764
914,TRUMP_USDT,LONG,StochasticRSI(FAST_SCALP-LONG),2,0.2,1.619,1.613,1.623,1.613,2026-07-09 19:53:59 UTC,2026-07-09 20:03:31 UTC,571.11,0.3238,0.0043,0.0,-0.0012,-0.11,-27.79,STOP_LOSS_HIT,0.0752
915,TRUMP_USDT,LONG,StochasticRSI(FAST_SCALP-LONG),2,0.2,1.612,1.616,1.616,1.606,2026-07-09 20:06:59 UTC,2026-07-09 20:21:52 UTC,892.89,0.3224,0.0043,0.0,0.0008,0.08,18.61,MIN_PROFIT_TP_HIT,0.076
916,TRUMP_USDT,SHORT,StochasticRSI(FAST_SCALP-SHORT),2,0.2,1.617,1.613,1.613,1.623,2026-07-09 20:25:59 UTC,2026-07-09 20:45:38 UTC,1178.67,0.3234,0.0043,0.0,0.0008,0.08,18.55,MIN_PROFIT_TP_HIT,0.0768
917,TRUMP_USDT,SHORT,StochasticRSI(FAST_SCALP-SHORT),2,0.2,1.616,1.612,1.612,1.622,2026-07-09 21:08:59 UTC,2026-07-09 21:15:17 UTC,377.64,0.3232,0.0043,0.0,0.0008,0.08,18.56,MIN_PROFIT_TP_HIT,0.0776
918,TRUMP_USDT,LONG,StochasticRSI(FAST_SCALP-LONG),2,0.2,1.615,1.609,1.619,1.609,2026-07-09 21:19:59 UTC,2026-07-09 21:27:35 UTC,455.48,0.323,0.0043,0.0,-0.0012,-0.11,-27.86,STOP_LOSS_HIT,0.0764
919,TRUMP_USDT,LONG,StochasticRSI(FAST_SCALP-LONG),2,0.2,1.61,1.604,1.614,1.604,2026-07-09 21:30:59 UTC,2026-07-09 21:42:47 UTC,707.66,0.322,0.0043,0.0,-0.0012,-0.11,-27.95,STOP_LOSS_HIT,0.0752
920,TRUMP_USDT,SHORT,StochasticRSI(FAST_SCALP-SHORT),2,0.2,1.606,1.602,1.602,1.612,2026-07-09 21:52:59 UTC,2026-07-09 22:02:51 UTC,591.5,0.3212,0.0043,0.0,0.0008,0.08,18.68,MIN_PROFIT_TP_HIT,0.076
921,TRUMP_USDT,SHORT,StochasticRSI(FAST_SCALP-SHORT),2,0.2,1.606,1.602,1.602,1.612,2026-07-09 22:09:59 UTC,2026-07-09 23:00:17 UTC,3017.0,0.3212,0.0043,0.0,0.0008,0.08,18.68,MIN_PROFIT_TP_HIT,0.0768
922,TRUMP_USDT,LONG,StochasticRSI(FAST_SCALP-LONG),2,0.2,1.604,1.598,1.608,1.598,2026-07-09 23:03:59 UTC,2026-07-09 23:17:36 UTC,816.44,0.3208,0.0043,0.0,-0.0012,-0.11,-28.05,STOP_LOSS_HIT,0.0756
923,TRUMP_USDT,SHORT,StochasticRSI(FAST_SCALP-SHORT),2,0.2,1.605,1.601,1.601,1.611,2026-07-09 23:27:59 UTC,2026-07-10 00:02:15 UTC,2055.9,0.321,0.0043,0.0,0.0008,0.08,18.69,MIN_PROFIT_TP_HIT,0.0764
924,TRUMP_USDT,LONG,StochasticRSI(FAST_SCALP-LONG),2,0.2,1.604,1.608,1.608,1.598,2026-07-10 00:04:59 UTC,2026-07-10 00:06:16 UTC,76.98,0.3208,0.0043,0.0,0.0008,0.08,18.7,MIN_PROFIT_TP_HIT,0.0772
925,TRUMP_USDT,SHORT,StochasticRSI(FAST_SCALP-SHORT),2,0.2,1.604,1.6,1.6,1.61,2026-07-10 00:11:59 UTC,2026-07-10 00:24:11 UTC,731.53,0.3208,0.0043,0.0,0.0008,0.08,18.7,MIN_PROFIT_TP_HIT,0.078
926,TRUMP_USDT,LONG,StochasticRSI(FAST_SCALP-LONG),2,0.2,1.601,1.605,1.605,1.595,2026-07-10 00:27:59 UTC,2026-07-10 00:32:42 UTC,282.05,0.3202,0.0043,0.0,0.0008,0.08,18.74,MIN_PROFIT_TP_HIT,0.0788
927,TRUMP_USDT,SHORT,StochasticRSI(FAST_SCALP-SHORT),2,0.2,1.601,1.607,1.597,1.607,2026-07-10 00:34:59 UTC,2026-07-10 00:41:43 UTC,403.47,0.3202,0.0043,0.0,-0.0012,-0.11,-28.11,STOP_LOSS_HIT,0.0776
928,TRUMP_USDT,SHORT,StochasticRSI(FAST_SCALP-SHORT),2,0.2,1.604,1.6,1.6,1.61,2026-07-10 00:44:59 UTC,2026-07-10 00:47:13 UTC,133.42,0.3208,0.0043,0.0,0.0008,0.08,18.7,MIN_PROFIT_TP_HIT,0.0784
929,TRUMP_USDT,LONG,StochasticRSI(FAST_SCALP-LONG),2,0.2,1.602,1.606,1.606,1.596,2026-07-10 00:51:59 UTC,2026-07-10 01:18:40 UTC,1600.08,0.3204,0.0043,0.0,0.0008,0.08,18.73,MIN_PROFIT_TP_HIT,0.0792
930,TRUMP_USDT,SHORT,StochasticRSI(FAST_SCALP-SHORT),2,0.2,1.608,1.604,1.604,1.614,2026-07-10 01:22:59 UTC,2026-07-10 01:43:08 UTC,1208.12,0.3216,0.0043,0.0,0.0008,0.08,18.66,MIN_PROFIT_TP_HIT,0.08
931,TRUMP_USDT,SHORT,StochasticRSI(FAST_SCALP-SHORT),2,0.2,1.622,1.618,1.618,1.628,2026-07-10 01:51:59 UTC,2026-07-10 01:53:03 UTC,63.65,0.3244,0.0043,0.0,0.0008,0.08,18.5,MIN_PROFIT_TP_HIT,0.0808
932,TRUMP_USDT,LONG,StochasticRSI(FAST_SCALP-LONG),2,0.2,1.614,1.618,1.618,1.608,2026-07-10 02:00:59 UTC,2026-07-10 02:11:07 UTC,607.13,0.3228,0.0043,0.0,0.0008,0.08,18.59,MIN_PROFIT_TP_HIT,0.0816
933,TRUMP_USDT,SHORT,StochasticRSI(FAST_SCALP-SHORT),2,0.2,1.615,1.611,1.611,1.621,2026-07-10 02:16:59 UTC,2026-07-10 03:56:35 UTC,5975.96,0.323,0.0043,0.0,0.0008,0.08,18.58,MIN_PROFIT_TP_HIT,0.0824
934,TRUMP_USDT,SHORT,StochasticRSI(FAST_SCALP-SHORT),2,0.2,1.612,1.618,1.608,1.618,2026-07-10 04:19:59 UTC,2026-07-10 05:03:25 UTC,2605.18,0.3224,0.0043,0.0,-0.0012,-0.11,-27.92,STOP_LOSS_HIT,0.0812
935,TRUMP_USDT,SHORT,StochasticRSI(FAST_SCALP-SHORT),2,0.2,1.616,1.612,1.612,1.622,2026-07-10 05:06:59 UTC,2026-07-10 06:06:40 UTC,3580.87,0.3232,0.0043,0.0,0.0008,0.08,18.56,MIN_PROFIT_TP_HIT,0.082
936,TRUMP_USDT,SHORT,StochasticRSI(FAST_SCALP-SHORT),2,0.2,1.607,1.603,1.603,1.613,2026-07-10 06:27:59 UTC,2026-07-10 07:57:27 UTC,5367.67,0.3214,0.0043,0.0,0.0008,0.08,18.67,MIN_PROFIT_TP_HIT,0.0828
937,TRUMP_USDT,SHORT,StochasticRSI(FAST_SCALP-SHORT),2,0.2,1.605,1.611,1.601,1.611,2026-07-10 07:58:59 UTC,2026-07-10 08:16:41 UTC,1061.37,0.321,0.0043,0.0,-0.0012,-0.11,-28.04,STOP_LOSS_HIT,0.0816
938,TRUMP_USDT,SHORT,StochasticRSI(FAST_SCALP-SHORT),2,0.2,1.609,1.615,1.605,1.615,2026-07-10 08:19:59 UTC,2026-07-10 08:33:40 UTC,820.93,0.3218,0.0043,0.0,-0.0012,-0.11,-27.97,STOP_LOSS_HIT,0.0804
939,TRUMP_USDT,SHORT,StochasticRSI(FAST_SCALP-SHORT),2,0.2,1.616,1.612,1.612,1.622,2026-07-10 08:37:59 UTC,2026-07-10 09:12:59 UTC,2099.77,0.3232,0.0043,0.0,0.0008,0.08,18.56,MIN_PROFIT_TP_HIT,0.0812
940,TRUMP_USDT,LONG,StochasticRSI(FAST_SCALP-LONG),2,0.2,1.615,1.619,1.619,1.609,2026-07-10 09:15:59 UTC,2026-07-10 09:20:03 UTC,243.57,0.323,0.0043,0.0,0.0008,0.08,18.58,MIN_PROFIT_TP_HIT,0.082
941,TRUMP_USDT,SHORT,StochasticRSI(FAST_SCALP-SHORT),2,0.2,1.618,1.624,1.614,1.624,2026-07-10 09:24:59 UTC,2026-07-10 09:31:12 UTC,372.75,0.3236,0.0043,0.0,-0.0012,-0.11,-27.81,STOP_LOSS_HIT,0.0808
942,TRUMP_USDT,SHORT,StochasticRSI(FAST_SCALP-SHORT),2,0.2,1.631,1.627,1.627,1.637,2026-07-10 09:39:59 UTC,2026-07-10 09:45:11 UTC,311.05,0.3262,0.0043,0.0,0.0008,0.08,18.39,MIN_PROFIT_TP_HIT,0.0816
943,TRUMP_USDT,LONG,StochasticRSI(FAST_SCALP-LONG),2,0.2,1.63,1.634,1.634,1.624,2026-07-10 09:46:59 UTC,2026-07-10 09:53:51 UTC,411.88,0.326,0.0043,0.0,0.0008,0.08,18.4,MIN_PROFIT_TP_HIT,0.0824
944,TRUMP_USDT,SHORT,StochasticRSI(FAST_SCALP-SHORT),2,0.2,1.633,1.639,1.629,1.639,2026-07-10 09:57:59 UTC,2026-07-10 10:01:35 UTC,215.82,0.3266,0.0044,0.0,-0.0012,-0.11,-27.56,STOP_LOSS_HIT,0.0812
945,TRUMP_USDT,LONG,StochasticRSI(FAST_SCALP-LONG),2,0.2,1.633,1.637,1.637,1.627,2026-07-10 10:12:59 UTC,2026-07-10 10:26:04 UTC,784.85,0.3266,0.0044,0.0,0.0008,0.08,18.37,MIN_PROFIT_TP_HIT,0.082
946,TRUMP_USDT,SHORT,StochasticRSI(FAST_SCALP-SHORT),2,0.2,1.64,1.636,1.636,1.646,2026-07-10 10:32:59 UTC,2026-07-10 10:36:38 UTC,218.54,0.328,0.0044,0.0,0.0008,0.08,18.29,MIN_PROFIT_TP_HIT,0.0828
947,TRUMP_USDT,LONG,StochasticRSI(FAST_SCALP-LONG),2,0.2,1.632,1.636,1.636,1.626,2026-07-10 10:40:59 UTC,2026-07-10 10:44:29 UTC,209.67,0.3264,0.0044,0.0,0.0008,0.08,18.38,MIN_PROFIT_TP_HIT,0.0836
948,TRUMP_USDT,SHORT,StochasticRSI(FAST_SCALP-SHORT),2,0.2,1.637,1.633,1.633,1.643,2026-07-10 10:50:59 UTC,2026-07-10 11:09:31 UTC,1111.12,0.3274,0.0044,0.0,0.0008,0.08,18.33,MIN_PROFIT_TP_HIT,0.0844
949,TRUMP_USDT,SHORT,StochasticRSI(FAST_SCALP-SHORT),2,0.2,1.632,1.628,1.628,1.638,2026-07-10 11:10:59 UTC,2026-07-10 11:20:29 UTC,569.24,0.3264,0.0044,0.0,0.0008,0.08,18.38,MIN_PROFIT_TP_HIT,0.0852
950,TRUMP_USDT,LONG,StochasticRSI(FAST_SCALP-LONG),2,0.2,1.624,1.628,1.628,1.618,2026-07-10 11:28:59 UTC,2026-07-10 11:42:54 UTC,834.44,0.3248,0.0043,0.0,0.0008,0.08,18.47,MIN_PROFIT_TP_HIT,0.086
951,TRUMP_USDT,SHORT,StochasticRSI(FAST_SCALP-SHORT),2,0.2,1.629,1.625,1.625,1.635,2026-07-10 11:49:59 UTC,2026-07-10 12:02:53 UTC,773.31,0.3258,0.0043,0.0,0.0008,0.08,18.42,MIN_PROFIT_TP_HIT,0.0868
952,TRUMP_USDT,SHORT,StochasticRSI(FAST_SCALP-SHORT),2,0.2,1.629,1.625,1.625,1.635,2026-07-10 12:15:59 UTC,2026-07-10 12:41:11 UTC,1511.55,0.3258,0.0043,0.0,0.0008,0.08,18.42,MIN_PROFIT_TP_HIT,0.0876
953,TRUMP_USDT,LONG,StochasticRSI(FAST_SCALP-LONG),2,0.2,1.625,1.619,1.629,1.619,2026-07-10 12:45:59 UTC,2026-07-10 13:03:53 UTC,1073.07,0.325,0.0043,0.0,-0.0012,-0.11,-27.69,STOP_LOSS_HIT,0.0864
954,TRUMP_USDT,SHORT,StochasticRSI(FAST_SCALP-SHORT),2,0.2,1.62,1.626,1.616,1.626,2026-07-10 13:04:59 UTC,2026-07-10 13:37:30 UTC,1950.98,0.324,0.0043,0.0,-0.0012,-0.11,-27.78,STOP_LOSS_HIT,0.0852
955,TRUMP_USDT,SHORT,StochasticRSI(FAST_SCALP-SHORT),2,0.2,1.617,1.623,1.613,1.623,2026-07-10 13:40:59 UTC,2026-07-10 13:41:51 UTC,51.01,0.3234,0.0043,0.0,-0.0012,-0.11,-27.83,STOP_LOSS_HIT,0.084
956,TRUMP_USDT,SHORT,StochasticRSI(FAST_SCALP-SHORT),2,0.2,1.627,1.623,1.623,1.633,2026-07-10 13:49:59 UTC,2026-07-10 14:04:22 UTC,862.97,0.3254,0.0043,0.0,0.0008,0.08,18.44,MIN_PROFIT_TP_HIT,0.0848
957,TRUMP_USDT,LONG,StochasticRSI(FAST_SCALP-LONG),2,0.2,1.624,1.618,1.628,1.618,2026-07-10 14:07:59 UTC,2026-07-10 14:14:38 UTC,398.89,0.3248,0.0043,0.0,-0.0012,-0.11,-27.71,STOP_LOSS_HIT,0.0836
958,TRUMP_USDT,LONG,StochasticRSI(FAST_SCALP-LONG),2,0.2,1.61,1.614,1.614,1.604,2026-07-10 14:23:59 UTC,2026-07-10 14:27:53 UTC,233.59,0.322,0.0043,0.0,0.0008,0.08,18.63,MIN_PROFIT_TP_HIT,0.0844
959,TRUMP_USDT,SHORT,StochasticRSI(FAST_SCALP-SHORT),2,0.2,1.614,1.61,1.61,1.62,2026-07-10 14:31:59 UTC,2026-07-10 14:32:43 UTC,43.66,0.3228,0.0043,0.0,0.0008,0.08,18.59,MIN_PROFIT_TP_HIT,0.0852
960,TRUMP_USDT,SHORT,StochasticRSI(FAST_SCALP-SHORT),2,0.2,1.608,1.614,1.604,1.614,2026-07-10 14:42:59 UTC,2026-07-10 15:07:09 UTC,1449.95,0.3216,0.0043,0.0,-0.0012,-0.11,-27.99,STOP_LOSS_HIT,0.084
961,TRUMP_USDT,SHORT,StochasticRSI(FAST_SCALP-SHORT),2,0.2,1.613,1.609,1.609,1.619,2026-07-10 15:10:59 UTC,2026-07-10 15:13:48 UTC,168.87,0.3226,0.0043,0.0,0.0008,0.08,18.6,MIN_PROFIT_TP_HIT,0.0848
962,TRUMP_USDT,LONG,StochasticRSI(FAST_SCALP-LONG),2,0.2,1.611,1.615,1.615,1.605,2026-07-10 15:14:59 UTC,2026-07-10 15:16:20 UTC,80.63,0.3222,0.0043,0.0,0.0008,0.08,18.62,MIN_PROFIT_TP_HIT,0.0856
963,TRUMP_USDT,LONG,StochasticRSI(FAST_SCALP-LONG),2,0.2,1.616,1.61,1.62,1.61,2026-07-10 15:27:59 UTC,2026-07-10 15:39:32 UTC,692.48,0.3232,0.0043,0.0,-0.0012,-0.11,-27.85,STOP_LOSS_HIT,0.0844
964,TRUMP_USDT,LONG,StochasticRSI(FAST_SCALP-LONG),2,0.2,1.607,1.611,1.611,1.601,2026-07-10 15:46:59 UTC,2026-07-10 15:55:54 UTC,534.33,0.3214,0.0043,0.0,0.0008,0.08,18.67,MIN_PROFIT_TP_HIT,0.0852
965,TRUMP_USDT,SHORT,StochasticRSI(FAST_SCALP-SHORT),2,0.2,1.61,1.616,1.606,1.616,2026-07-10 15:57:59 UTC,2026-07-10 16:16:10 UTC,1090.04,0.322,0.0043,0.0,-0.0012,-0.11,-27.95,STOP_LOSS_HIT,0.084
966,TRUMP_USDT,SHORT,StochasticRSI(FAST_SCALP-SHORT),2,0.2,1.614,1.61,1.61,1.62,2026-07-10 16:18:59 UTC,2026-07-10 16:25:00 UTC,360.38,0.3228,0.0043,0.0,0.0008,0.08,18.59,MIN_PROFIT_TP_HIT,0.0848
967,TRUMP_USDT,LONG,StochasticRSI(FAST_SCALP-LONG),2,0.2,1.61,1.604,1.614,1.604,2026-07-10 16:27:59 UTC,2026-07-10 16:38:37 UTC,637.69,0.322,0.0043,0.0,-0.0012,-0.11,-27.95,STOP_LOSS_HIT,0.0836
968,TRUMP_USDT,LONG,StochasticRSI(FAST_SCALP-LONG),2,0.2,1.607,1.611,1.611,1.601,2026-07-10 16:41:59 UTC,2026-07-10 16:43:55 UTC,115.24,0.3214,0.0043,0.0,0.0008,0.08,18.67,MIN_PROFIT_TP_HIT,0.0844
969,TRUMP_USDT,SHORT,StochasticRSI(FAST_SCALP-SHORT),2,0.2,1.615,1.611,1.611,1.621,2026-07-10 16:49:59 UTC,2026-07-10 16:55:38 UTC,338.32,0.323,0.0043,0.0,0.0008,0.08,18.58,MIN_PROFIT_TP_HIT,0.0852
970,TRUMP_USDT,LONG,StochasticRSI(FAST_SCALP-LONG),2,0.2,1.615,1.619,1.619,1.609,2026-07-10 16:57:59 UTC,2026-07-10 17:04:33 UTC,393.2,0.323,0.0043,0.0,0.0008,0.08,18.58,MIN_PROFIT_TP_HIT,0.086
971,TRUMP_USDT,LONG,StochasticRSI(FAST_SCALP-LONG),2,0.2,1.614,1.608,1.618,1.608,2026-07-10 17:10:59 UTC,2026-07-10 17:32:30 UTC,1290.46,0.3228,0.0043,0.0,-0.0012,-0.11,-27.88,STOP_LOSS_HIT,0.0848
972,TRUMP_USDT,LONG,StochasticRSI(FAST_SCALP-LONG),2,0.2,1.607,1.601,1.611,1.601,2026-07-10 17:35:59 UTC,2026-07-10 17:42:42 UTC,402.53,0.3214,0.0043,0.0,-0.0012,-0.11,-28.0,STOP_LOSS_HIT,0.0836
973,TRUMP_USDT,LONG,StochasticRSI(FAST_SCALP-LONG),2,0.2,1.604,1.608,1.608,1.598,2026-07-10 17:44:59 UTC,2026-07-10 18:10:20 UTC,1520.3,0.3208,0.0043,0.0,0.0008,0.08,18.7,MIN_PROFIT_TP_HIT,0.0844
974,TRUMP_USDT,LONG,StochasticRSI(FAST_SCALP-LONG),2,0.2,1.603,1.607,1.607,1.597,2026-07-10 18:18:59 UTC,2026-07-10 18:21:10 UTC,130.53,0.3206,0.0043,0.0,0.0008,0.08,18.71,MIN_PROFIT_TP_HIT,0.0852
975,TRUMP_USDT,SHORT,StochasticRSI(FAST_SCALP-SHORT),2,0.2,1.605,1.601,1.601,1.611,2026-07-10 18:27:59 UTC,2026-07-10 18:46:43 UTC,1123.22,0.321,0.0043,0.0,0.0008,0.08,18.69,MIN_PROFIT_TP_HIT,0.086
976,TRUMP_USDT,SHORT,StochasticRSI(FAST_SCALP-SHORT),2,0.2,1.603,1.609,1.599,1.609,2026-07-10 19:01:59 UTC,2026-07-10 19:16:03 UTC,843.57,0.3206,0.0043,0.0,-0.0012,-0.11,-28.07,STOP_LOSS_HIT,0.0848
977,TRUMP_USDT,SHORT,StochasticRSI(FAST_SCALP-SHORT),2,0.2,1.608,1.604,1.604,1.614,2026-07-10 19:18:59 UTC,2026-07-10 19:21:35 UTC,155.27,0.3216,0.0043,0.0,0.0008,0.08,18.66,MIN_PROFIT_TP_HIT,0.0856
978,TRUMP_USDT,LONG,StochasticRSI(FAST_SCALP-LONG),2,0.2,1.605,1.609,1.609,1.599,2026-07-10 19:25:59 UTC,2026-07-10 19:32:16 UTC,376.33,0.321,0.0043,0.0,0.0008,0.08,18.69,MIN_PROFIT_TP_HIT,0.0864
979,TRUMP_USDT,SHORT,StochasticRSI(FAST_SCALP-SHORT),2,0.2,1.614,1.61,1.61,1.62,2026-07-10 19:38:59 UTC,2026-07-10 19:47:12 UTC,492.21,0.3228,0.0043,0.0,0.0008,0.08,18.59,MIN_PROFIT_TP_HIT,0.0872
980,TRUMP_USDT,LONG,StochasticRSI(FAST_SCALP-LONG),2,0.2,1.607,1.611,1.611,1.601,2026-07-10 19:55:59 UTC,2026-07-10 20:10:37 UTC,877.56,0.3214,0.0043,0.0,0.0008,0.08,18.67,MIN_PROFIT_TP_HIT,0.088
981,TRUMP_USDT,SHORT,StochasticRSI(FAST_SCALP-SHORT),2,0.2,1.61,1.606,1.606,1.616,2026-07-10 20:12:59 UTC,2026-07-10 20:20:13 UTC,433.5,0.322,0.0043,0.0,0.0008,0.08,18.63,MIN_PROFIT_TP_HIT,0.0888
982,TRUMP_USDT,LONG,StochasticRSI(FAST_SCALP-LONG),2,0.2,1.608,1.612,1.612,1.602,2026-07-10 20:22:59 UTC,2026-07-10 21:24:53 UTC,3713.69,0.3216,0.0043,0.0,0.0008,0.08,18.66,MIN_PROFIT_TP_HIT,0.0896
983,TRUMP_USDT,SHORT,StochasticRSI(FAST_SCALP-SHORT),2,0.2,1.612,1.618,1.608,1.618,2026-07-10 21:26:59 UTC,2026-07-10 21:38:45 UTC,705.46,0.3224,0.0043,0.0,-0.0012,-0.11,-27.92,STOP_LOSS_HIT,0.0884
984,TRUMP_USDT,SHORT,StochasticRSI(FAST_SCALP-SHORT),2,0.2,1.616,1.612,1.612,1.622,2026-07-10 21:40:59 UTC,2026-07-10 22:22:10 UTC,2470.73,0.3232,0.0043,0.0,0.0008,0.08,18.56,MIN_PROFIT_TP_HIT,0.0892
985,TRUMP_USDT,LONG,StochasticRSI(FAST_SCALP-LONG),2,0.2,1.612,1.616,1.616,1.606,2026-07-10 22:25:59 UTC,2026-07-10 22:32:48 UTC,408.69,0.3224,0.0043,0.0,0.0008,0.08,18.61,MIN_PROFIT_TP_HIT,0.09
986,TRUMP_USDT,SHORT,StochasticRSI(FAST_SCALP-SHORT),2,0.2,1.615,1.621,1.611,1.621,2026-07-10 22:34:59 UTC,2026-07-10 22:54:53 UTC,1193.04,0.323,0.0043,0.0,-0.0012,-0.11,-27.86,STOP_LOSS_HIT,0.0888
987,TRUMP_USDT,SHORT,StochasticRSI(FAST_SCALP-SHORT),2,0.2,1.619,1.615,1.615,1.625,2026-07-10 22:57:59 UTC,2026-07-10 23:02:48 UTC,288.96,0.3238,0.0043,0.0,0.0008,0.08,18.53,MIN_PROFIT_TP_HIT,0.0896
988,TRUMP_USDT,LONG,StochasticRSI(FAST_SCALP-LONG),2,0.2,1.616,1.61,1.62,1.61,2026-07-10 23:05:59 UTC,2026-07-11 00:01:17 UTC,3317.01,0.3232,0.0043,0.0,-0.0012,-0.11,-27.85,STOP_LOSS_HIT,0.0884
989,TRUMP_USDT,LONG,StochasticRSI(FAST_SCALP-LONG),2,0.2,1.61,1.614,1.614,1.604,2026-07-11 00:13:59 UTC,2026-07-11 00:24:51 UTC,651.44,0.322,0.0043,0.0,0.0008,0.08,18.63,MIN_PROFIT_TP_HIT,0.0892
990,TRUMP_USDT,SHORT,StochasticRSI(FAST_SCALP-SHORT),2,0.2,1.615,1.621,1.611,1.621,2026-07-11 00:26:59 UTC,2026-07-11 00:59:09 UTC,1929.13,0.323,0.0043,0.0,-0.0012,-0.11,-27.86,STOP_LOSS_HIT,0.088
991,TRUMP_USDT,LONG,StochasticRSI(FAST_SCALP-LONG),2,0.2,1.619,1.613,1.623,1.613,2026-07-11 01:00:59 UTC,2026-07-11 01:45:02 UTC,2642.74,0.3238,0.0043,0.0,-0.0012,-0.11,-27.79,STOP_LOSS_HIT,0.0868
992,TRUMP_USDT,LONG,StochasticRSI(FAST_SCALP-LONG),2,0.2,1.615,1.609,1.619,1.609,2026-07-11 01:47:59 UTC,2026-07-11 02:24:35 UTC,2195.88,0.323,0.0043,0.0,-0.0012,-0.11,-27.86,STOP_LOSS_HIT,0.0856
993,TRUMP_USDT,LONG,StochasticRSI(FAST_SCALP-LONG),2,0.2,1.61,1.614,1.614,1.604,2026-07-11 02:29:59 UTC,2026-07-11 02:45:28 UTC,928.53,0.322,0.0043,0.0,0.0008,0.08,18.63,MIN_PROFIT_TP_HIT,0.0864
994,TRUMP_USDT,SHORT,StochasticRSI(FAST_SCALP-SHORT),2,0.2,1.613,1.609,1.609,1.619,2026-07-11 02:48:59 UTC,2026-07-11 03:18:03 UTC,1743.65,0.3226,0.0043,0.0,0.0008,0.08,18.6,MIN_PROFIT_TP_HIT,0.0872
995,TRUMP_USDT,LONG,StochasticRSI(FAST_SCALP-LONG),2,0.2,1.611,1.605,1.615,1.605,2026-07-11 03:20:59 UTC,2026-07-11 04:17:29 UTC,3389.69,0.3222,0.0043,0.0,-0.0012,-0.11,-27.93,STOP_LOSS_HIT,0.086
996,TRUMP_USDT,LONG,StochasticRSI(FAST_SCALP-LONG),2,0.2,1.608,1.602,1.612,1.602,2026-07-11 04:20:59 UTC,2026-07-11 05:02:46 UTC,2506.1,0.3216,0.0043,0.0,-0.0012,-0.11,-27.99,STOP_LOSS_HIT,0.0848
997,TRUMP_USDT,SHORT,StochasticRSI(FAST_SCALP-SHORT),2,0.2,1.605,1.611,1.601,1.611,2026-07-11 05:15:59 UTC,2026-07-11 05:33:10 UTC,1030.63,0.321,0.0043,0.0,-0.0012,-0.11,-28.04,STOP_LOSS_HIT,0.0836
998,TRUMP_USDT,SHORT,StochasticRSI(FAST_SCALP-SHORT),2,0.2,1.611,1.607,1.607,1.617,2026-07-11 05:40:59 UTC,2026-07-11 05:41:40 UTC,40.44,0.3222,0.0043,0.0,0.0008,0.08,18.62,MIN_PROFIT_TP_HIT,0.0844
999,TRUMP_USDT,LONG,StochasticRSI(FAST_SCALP-LONG),2,0.2,1.606,1.61,1.61,1.6,2026-07-11 05:46:59 UTC,2026-07-11 06:18:50 UTC,1910.14,0.3212,0.0043,0.0,0.0008,0.08,18.68,MIN_PROFIT_TP_HIT,0.0852
1000,TRUMP_USDT,SHORT,StochasticRSI(FAST_SCALP-SHORT),2,0.2,1.611,1.607,1.607,1.617,2026-07-11 06:22:59 UTC,2026-07-11 06:29:24 UTC,384.3,0.3222,0.0043,0.0,0.0008,0.08,18.62,MIN_PROFIT_TP_HIT,0.086
1001,TRUMP_USDT,LONG,StochasticRSI(FAST_SCALP-LONG),2,0.2,1.609,1.603,1.613,1.603,2026-07-11 06:31:59 UTC,2026-07-11 07:00:14 UTC,1694.58,0.3218,0.0043,0.0,-0.0012,-0.11,-27.97,STOP_LOSS_HIT,0.0848
1002,TRUMP_USDT,SHORT,StochasticRSI(FAST_SCALP-SHORT),2,0.2,1.605,1.611,1.601,1.611,2026-07-11 07:23:59 UTC,2026-07-11 09:03:47 UTC,5987.57,0.321,0.0043,0.0,-0.0012,-0.11,-28.04,STOP_LOSS_HIT,0.0836
1003,TRUMP_USDT,SHORT,StochasticRSI(FAST_SCALP-SHORT),2,0.2,1.613,1.609,1.609,1.619,2026-07-11 09:07:59 UTC,2026-07-11 09:21:20 UTC,800.27,0.3226,0.0043,0.0,0.0008,0.08,18.6,MIN_PROFIT_TP_HIT,0.0844
1004,TRUMP_USDT,LONG,StochasticRSI(FAST_SCALP-LONG),2,0.2,1.609,1.613,1.613,1.603,2026-07-11 09:23:59 UTC,2026-07-11 09:37:07 UTC,787.29,0.3218,0.0043,0.0,0.0008,0.08,18.65,MIN_PROFIT_TP_HIT,0.0852
1005,TRUMP_USDT,SHORT,StochasticRSI(FAST_SCALP-SHORT),2,0.2,1.613,1.609,1.609,1.619,2026-07-11 09:41:59 UTC,2026-07-11 09:47:12 UTC,312.74,0.3226,0.0043,0.0,0.0008,0.08,18.6,MIN_PROFIT_TP_HIT,0.086
1006,TRUMP_USDT,LONG,StochasticRSI(FAST_SCALP-LONG),2,0.2,1.608,1.612,1.612,1.602,2026-07-11 09:50:59 UTC,2026-07-11 11:07:38 UTC,4598.19,0.3216,0.0043,0.0,0.0008,0.08,18.66,MIN_PROFIT_TP_HIT,0.0868
1007,TRUMP_USDT,SHORT,StochasticRSI(FAST_SCALP-SHORT),2,0.2,1.612,1.608,1.608,1.618,2026-07-11 11:10:59 UTC,2026-07-11 12:39:42 UTC,5322.63,0.3224,0.0043,0.0,0.0008,0.08,18.61,MIN_PROFIT_TP_HIT,0.0876
1008,TRUMP_USDT,LONG,StochasticRSI(FAST_SCALP-LONG),2,0.2,1.611,1.615,1.615,1.605,2026-07-11 12:42:59 UTC,2026-07-11 13:20:35 UTC,2255.84,0.3222,0.0043,0.0,0.0008,0.08,18.62,MIN_PROFIT_TP_HIT,0.0884
1009,TRUMP_USDT,SHORT,StochasticRSI(FAST_SCALP-SHORT),2,0.2,1.613,1.619,1.609,1.619,2026-07-11 13:21:59 UTC,2026-07-11 13:32:40 UTC,640.77,0.3226,0.0043,0.0,-0.0012,-0.11,-27.9,STOP_LOSS_HIT,0.0872
1010,TRUMP_USDT,LONG,StochasticRSI(FAST_SCALP-LONG),2,0.2,1.615,1.619,1.619,1.609,2026-07-11 13:37:59 UTC,2026-07-11 14:27:23 UTC,2963.98,0.323,0.0043,0.0,0.0008,0.08,18.58,MIN_PROFIT_TP_HIT,0.088
1011,TRUMP_USDT,LONG,StochasticRSI(FAST_SCALP-LONG),2,0.2,1.619,1.623,1.623,1.613,2026-07-11 14:31:59 UTC,2026-07-11 14:35:44 UTC,225.0,0.3238,0.0043,0.0,0.0008,0.08,18.53,MIN_PROFIT_TP_HIT,0.0888
1012,TRUMP_USDT,SHORT,StochasticRSI(FAST_SCALP-SHORT),2,0.2,1.622,1.628,1.618,1.628,2026-07-11 14:38:59 UTC,2026-07-11 14:41:47 UTC,167.18,0.3244,0.0043,0.0,-0.0012,-0.11,-27.74,STOP_LOSS_HIT,0.0876
1013,TRUMP_USDT,LONG,StochasticRSI(FAST_SCALP-LONG),2,0.2,1.624,1.628,1.628,1.618,2026-07-11 14:47:59 UTC,2026-07-11 14:53:08 UTC,308.8,0.3248,0.0043,0.0,0.0008,0.08,18.47,MIN_PROFIT_TP_HIT,0.0884
1014,TRUMP_USDT,LONG,StochasticRSI(FAST_SCALP-LONG),2,0.2,1.628,1.632,1.632,1.622,2026-07-11 15:03:59 UTC,2026-07-11 15:11:10 UTC,430.52,0.3256,0.0043,0.0,0.0008,0.08,18.43,MIN_PROFIT_TP_HIT,0.0892
1015,TRUMP_USDT,LONG,StochasticRSI(FAST_SCALP-LONG),2,0.2,1.625,1.619,1.629,1.619,2026-07-11 15:19:59 UTC,2026-07-11 15:37:15 UTC,1035.6,0.325,0.0043,0.0,-0.0012,-0.11,-27.69,STOP_LOSS_HIT,0.088
1016,TRUMP_USDT,LONG,StochasticRSI(FAST_SCALP-LONG),2,0.2,1.617,1.611,1.621,1.611,2026-07-11 15:41:59 UTC,2026-07-11 15:47:26 UTC,326.67,0.3234,0.0043,0.0,-0.0012,-0.11,-27.83,STOP_LOSS_HIT,0.0868
1017,TRUMP_USDT,SHORT,StochasticRSI(FAST_SCALP-SHORT),2,0.2,1.616,1.612,1.612,1.622,2026-07-11 15:57:59 UTC,2026-07-11 16:06:09 UTC,489.55,0.3232,0.0043,0.0,0.0008,0.08,18.56,MIN_PROFIT_TP_HIT,0.0876
1018,TRUMP_USDT,SHORT,StochasticRSI(FAST_SCALP-SHORT),2,0.2,1.614,1.62,1.61,1.62,2026-07-11 16:16:59 UTC,2026-07-11 16:56:37 UTC,2377.36,0.3228,0.0043,0.0,-0.0012,-0.11,-27.88,STOP_LOSS_HIT,0.0864
1019,TRUMP_USDT,SHORT,StochasticRSI(FAST_SCALP-SHORT),2,0.2,1.617,1.623,1.613,1.623,2026-07-11 17:03:59 UTC,2026-07-11 17:10:44 UTC,404.28,0.3234,0.0043,0.0,-0.0012,-0.11,-27.83,STOP_LOSS_HIT,0.0852
1020,TRUMP_USDT,SHORT,StochasticRSI(FAST_SCALP-SHORT),2,0.2,1.623,1.619,1.619,1.629,2026-07-11 17:11:59 UTC,2026-07-11 17:58:38 UTC,2798.19,0.3246,0.0043,0.0,0.0008,0.08,18.48,MIN_PROFIT_TP_HIT,0.086
1021,TRUMP_USDT,LONG,StochasticRSI(FAST_SCALP-LONG),2,0.2,1.621,1.625,1.625,1.615,2026-07-11 18:06:59 UTC,2026-07-11 18:16:26 UTC,566.16,0.3242,0.0043,0.0,0.0008,0.08,18.51,MIN_PROFIT_TP_HIT,0.0868
1022,TRUMP_USDT,SHORT,StochasticRSI(FAST_SCALP-SHORT),2,0.2,1.626,1.622,1.622,1.632,2026-07-11 18:19:59 UTC,2026-07-11 18:34:58 UTC,898.71,0.3252,0.0043,0.0,0.0008,0.08,18.45,MIN_PROFIT_TP_HIT,0.0876
1023,TRUMP_USDT,LONG,StochasticRSI(FAST_SCALP-LONG),2,0.2,1.627,1.621,1.631,1.621,2026-07-11 18:37:59 UTC,2026-07-11 19:28:54 UTC,3054.01,0.3254,0.0043,0.0,-0.0012,-0.11,-27.66,STOP_LOSS_HIT,0.0864
1024,TRUMP_USDT,LONG,StochasticRSI(FAST_SCALP-LONG),2,0.2,1.62,1.624,1.624,1.614,2026-07-11 19:37:59 UTC,2026-07-11 19:44:41 UTC,401.52,0.324,0.0043,0.0,0.0008,0.08,18.52,MIN_PROFIT_TP_HIT,0.0872
1025,TRUMP_USDT,SHORT,StochasticRSI(FAST_SCALP-SHORT),2,0.2,1.621,1.627,1.617,1.627,2026-07-11 19:47:59 UTC,2026-07-11 20:05:00 UTC,1020.7,0.3242,0.0043,0.0,-0.0012,-0.11,-27.76,STOP_LOSS_HIT,0.086
1026,TRUMP_USDT,LONG,StochasticRSI(FAST_SCALP-LONG),2,0.2,1.627,1.621,1.631,1.621,2026-07-11 20:13:59 UTC,2026-07-11 22:03:54 UTC,6594.44,0.3254,0.0043,0.0,-0.0012,-0.11,-27.66,STOP_LOSS_HIT,0.0848
1027,TRUMP_USDT,SHORT,StochasticRSI(FAST_SCALP-SHORT),2,0.2,1.625,1.621,1.621,1.631,2026-07-11 22:10:59 UTC,2026-07-11 22:15:12 UTC,252.54,0.325,0.0043,0.0,0.0008,0.08,18.46,MIN_PROFIT_TP_HIT,0.0856
1028,TRUMP_USDT,LONG,StochasticRSI(FAST_SCALP-LONG),2,0.2,1.622,1.616,1.626,1.616,2026-07-11 22:18:59 UTC,2026-07-11 22:20:28 UTC,88.38,0.3244,0.0043,0.0,-0.0012,-0.11,-27.74,STOP_LOSS_HIT,0.0844
1029,TRUMP_USDT,LONG,StochasticRSI(FAST_SCALP-LONG),2,0.2,1.613,1.607,1.617,1.607,2026-07-11 22:23:59 UTC,2026-07-11 22:51:20 UTC,1640.09,0.3226,0.0043,0.0,-0.0012,-0.11,-27.9,STOP_LOSS_HIT,0.0832
1030,TRUMP_USDT,SHORT,StochasticRSI(FAST_SCALP-SHORT),2,0.2,1.61,1.606,1.606,1.616,2026-07-11 23:02:59 UTC,2026-07-11 23:08:38 UTC,338.45,0.322,0.0043,0.0,0.0008,0.08,18.63,MIN_PROFIT_TP_HIT,0.084
1031,TRUMP_USDT,LONG,StochasticRSI(FAST_SCALP-LONG),2,0.2,1.606,1.6,1.61,1.6,2026-07-11 23:14:59 UTC,2026-07-11 23:22:04 UTC,424.32,0.3212,0.0043,0.0,-0.0012,-0.11,-28.02,STOP_LOSS_HIT,0.0828
1032,TRUMP_USDT,LONG,StochasticRSI(FAST_SCALP-LONG),2,0.2,1.593,1.597,1.597,1.587,2026-07-11 23:34:59 UTC,2026-07-11 23:45:23 UTC,623.11,0.3186,0.0042,0.0,0.0008,0.08,18.83,MIN_PROFIT_TP_HIT,0.0836
1033,TRUMP_USDT,LONG,StochasticRSI(FAST_SCALP-LONG),2,0.2,1.568,1.572,1.572,1.562,2026-07-12 00:02:59 UTC,2026-07-12 00:03:18 UTC,18.07,0.3136,0.0042,0.0,0.0008,0.08,19.13,MIN_PROFIT_TP_HIT,0.0844
1034,TRUMP_USDT,SHORT,StochasticRSI(FAST_SCALP-SHORT),2,0.2,1.563,1.569,1.559,1.569,2026-07-12 00:08:59 UTC,2026-07-12 00:10:54 UTC,114.96,0.3126,0.0042,0.0,-0.0012,-0.11,-28.79,STOP_LOSS_HIT,0.0832
1035,TRUMP_USDT,SHORT,StochasticRSI(FAST_SCALP-SHORT),2,0.2,1.567,1.563,1.563,1.573,2026-07-12 00:15:59 UTC,2026-07-12 00:18:48 UTC,168.59,0.3134,0.0042,0.0,0.0008,0.08,19.14,MIN_PROFIT_TP_HIT,0.084
1036,TRUMP_USDT,SHORT,StochasticRSI(FAST_SCALP-SHORT),2,0.2,1.565,1.571,1.561,1.571,2026-07-12 00:19:59 UTC,2026-07-12 00:26:58 UTC,418.44,0.313,0.0042,0.0,-0.0012,-0.11,-28.75,STOP_LOSS_HIT,0.0828
1037,TRUMP_USDT,SHORT,StochasticRSI(FAST_SCALP-SHORT),2,0.2,1.567,1.563,1.563,1.573,2026-07-12 00:29:59 UTC,2026-07-12 00:30:37 UTC,37.4,0.3134,0.0042,0.0,0.0008,0.08,19.14,MIN_PROFIT_TP_HIT,0.0836
1038,TRUMP_USDT,LONG,StochasticRSI(FAST_SCALP-LONG),2,0.2,1.564,1.568,1.568,1.558,2026-07-12 00:33:59 UTC,2026-07-12 00:36:01 UTC,121.71,0.3128,0.0042,0.0,0.0008,0.08,19.18,MIN_PROFIT_TP_HIT,0.0844
1039,TRUMP_USDT,SHORT,StochasticRSI(FAST_SCALP-SHORT),2,0.2,1.564,1.56,1.56,1.57,2026-07-12 00:38:59 UTC,2026-07-12 00:40:03 UTC,63.07,0.3128,0.0042,0.0,0.0008,0.08,19.18,MIN_PROFIT_TP_HIT,0.0852
1040,TRUMP_USDT,SHORT,StochasticRSI(FAST_SCALP-SHORT),2,0.2,1.563,1.569,1.559,1.569,2026-07-12 00:47:59 UTC,2026-07-12 01:02:43 UTC,883.43,0.3126,0.0042,0.0,-0.0012,-0.11,-28.79,STOP_LOSS_HIT,0.084
1041,TRUMP_USDT,SHORT,StochasticRSI(FAST_SCALP-SHORT),2,0.2,1.573,1.579,1.569,1.579,2026-07-12 01:18:59 UTC,2026-07-12 01:33:26 UTC,866.18,0.3146,0.0042,0.0,-0.0012,-0.11,-28.61,STOP_LOSS_HIT,0.0828
1042,TRUMP_USDT,SHORT,StochasticRSI(FAST_SCALP-SHORT),2,0.2,1.577,1.573,1.573,1.583,2026-07-12 01:37:59 UTC,2026-07-12 02:12:35 UTC,2075.99,0.3154,0.0042,0.0,0.0008,0.08,19.02,MIN_PROFIT_TP_HIT,0.0836
1043,TRUMP_USDT,SHORT,StochasticRSI(FAST_SCALP-SHORT),2,0.2,1.576,1.582,1.572,1.582,2026-07-12 02:19:59 UTC,2026-07-12 03:30:12 UTC,4212.23,0.3152,0.0042,0.0,-0.0012,-0.11,-28.55,STOP_LOSS_HIT,0.0824
1044,TRUMP_USDT,SHORT,StochasticRSI(FAST_SCALP-SHORT),2,0.2,1.58,1.576,1.576,1.586,2026-07-12 03:36:59 UTC,2026-07-12 04:32:42 UTC,3342.83,0.316,0.0042,0.0,0.0008,0.08,18.99,MIN_PROFIT_TP_HIT,0.0832
1045,TRUMP_USDT,LONG,StochasticRSI(FAST_SCALP-LONG),2,0.2,1.576,1.58,1.58,1.57,2026-07-12 04:36:59 UTC,2026-07-12 04:40:46 UTC,226.91,0.3152,0.0042,0.0,0.0008,0.08,19.04,MIN_PROFIT_TP_HIT,0.084
1046,TRUMP_USDT,SHORT,StochasticRSI(FAST_SCALP-SHORT),2,0.2,1.581,1.577,1.577,1.587,2026-07-12 04:46:59 UTC,2026-07-12 04:51:36 UTC,276.99,0.3162,0.0042,0.0,0.0008,0.08,18.98,MIN_PROFIT_TP_HIT,0.0848
1047,TRUMP_USDT,LONG,StochasticRSI(FAST_SCALP-LONG),2,0.2,1.576,1.57,1.58,1.57,2026-07-12 04:53:59 UTC,2026-07-12 05:16:39 UTC,1359.77,0.3152,0.0042,0.0,-0.0012,-0.11,-28.55,STOP_LOSS_HIT,0.0836
1048,TRUMP_USDT,LONG,StochasticRSI(FAST_SCALP-LONG),2,0.2,1.567,1.571,1.571,1.561,2026-07-12 05:19:59 UTC,2026-07-12 05:27:08 UTC,428.28,0.3134,0.0042,0.0,0.0008,0.08,19.14,MIN_PROFIT_TP_HIT,0.0844
1049,TRUMP_USDT,SHORT,StochasticRSI(FAST_SCALP-SHORT),2,0.2,1.571,1.567,1.567,1.577,2026-07-12 05:48:59 UTC,2026-07-12 06:01:31 UTC,751.89,0.3142,0.0042,0.0,0.0008,0.08,19.1,MIN_PROFIT_TP_HIT,0.0852
1050,TRUMP_USDT,LONG,StochasticRSI(FAST_SCALP-LONG),2,0.2,1.562,1.556,1.566,1.556,2026-07-12 06:07:59 UTC,2026-07-12 06:14:25 UTC,385.21,0.3124,0.0042,0.0,-0.0012,-0.11,-28.81,STOP_LOSS_HIT,0.084
1051,TRUMP_USDT,SHORT,StochasticRSI(FAST_SCALP-SHORT),2,0.2,1.557,1.553,1.553,1.563,2026-07-12 06:23:59 UTC,2026-07-12 06:28:19 UTC,259.47,0.3114,0.0042,0.0,0.0008,0.08,19.27,MIN_PROFIT_TP_HIT,0.0848
1052,TRUMP_USDT,SHORT,StochasticRSI(FAST_SCALP-SHORT),2,0.2,1.561,1.567,1.557,1.567,2026-07-12 06:40:59 UTC,2026-07-12 07:21:38 UTC,2438.9,0.3122,0.0042,0.0,-0.0012,-0.11,-28.83,STOP_LOSS_HIT,0.0836
1053,TRUMP_USDT,SHORT,StochasticRSI(FAST_SCALP-SHORT),2,0.2,1.567,1.563,1.563,1.573,2026-07-12 07:24:59 UTC,2026-07-12 07:30:20 UTC,320.82,0.3134,0.0042,0.0,0.0008,0.08,19.14,MIN_PROFIT_TP_HIT,0.0844
1054,TRUMP_USDT,SHORT,StochasticRSI(FAST_SCALP-SHORT),2,0.2,1.564,1.57,1.56,1.57,2026-07-12 07:46:59 UTC,2026-07-12 08:08:49 UTC,1309.72,0.3128,0.0042,0.0,-0.0012,-0.11,-28.77,STOP_LOSS_HIT,0.0832
1055,TRUMP_USDT,SHORT,StochasticRSI(FAST_SCALP-SHORT),2,0.2,1.569,1.575,1.565,1.575,2026-07-12 08:11:59 UTC,2026-07-12 08:59:02 UTC,2822.6,0.3138,0.0042,0.0,-0.0012,-0.11,-28.68,STOP_LOSS_HIT,0.082
1056,TRUMP_USDT,SHORT,StochasticRSI(FAST_SCALP-SHORT),2,0.2,1.573,1.569,1.569,1.579,2026-07-12 09:01:59 UTC,2026-07-12 09:13:19 UTC,679.93,0.3146,0.0042,0.0,0.0008,0.08,19.07,MIN_PROFIT_TP_HIT,0.0828
1057,TRUMP_USDT,LONG,StochasticRSI(FAST_SCALP-LONG),2,0.2,1.567,1.571,1.571,1.561,2026-07-12 09:19:59 UTC,2026-07-12 09:31:33 UTC,693.21,0.3134,0.0042,0.0,0.0008,0.08,19.14,MIN_PROFIT_TP_HIT,0.0836
1058,TRUMP_USDT,SHORT,StochasticRSI(FAST_SCALP-SHORT),2,0.2,1.574,1.57,1.57,1.58,2026-07-12 09:48:59 UTC,2026-07-12 10:25:55 UTC,2215.1,0.3148,0.0042,0.0,0.0008,0.08,19.06,MIN_PROFIT_TP_HIT,0.0844
1059,TRUMP_USDT,LONG,StochasticRSI(FAST_SCALP-LONG),2,0.2,1.571,1.565,1.575,1.565,2026-07-12 10:29:59 UTC,2026-07-12 11:11:51 UTC,2511.11,0.3142,0.0042,0.0,-0.0012,-0.11,-28.64,STOP_LOSS_HIT,0.0832
1060,TRUMP_USDT,SHORT,StochasticRSI(FAST_SCALP-SHORT),2,0.2,1.569,1.575,1.565,1.575,2026-07-12 11:20:59 UTC,2026-07-12 11:33:15 UTC,735.51,0.3138,0.0042,0.0,-0.0012,-0.11,-28.68,STOP_LOSS_HIT,0.082
1061,TRUMP_USDT,SHORT,StochasticRSI(FAST_SCALP-SHORT),2,0.2,1.574,1.58,1.57,1.58,2026-07-12 11:37:59 UTC,2026-07-12 12:12:00 UTC,2040.92,0.3148,0.0042,0.0,-0.0012,-0.11,-28.59,STOP_LOSS_HIT,0.0808
1062,TRUMP_USDT,SHORT,StochasticRSI(FAST_SCALP-SHORT),2,0.2,1.579,1.575,1.575,1.585,2026-07-12 12:16:59 UTC,2026-07-12 13:17:25 UTC,3625.58,0.3158,0.0042,0.0,0.0008,0.08,19.0,MIN_PROFIT_TP_HIT,0.0816
1063,TRUMP_USDT,LONG,StochasticRSI(FAST_SCALP-LONG),2,0.2,1.578,1.572,1.582,1.572,2026-07-12 13:20:59 UTC,2026-07-12 13:28:04 UTC,424.69,0.3156,0.0042,0.0,-0.0012,-0.11,-28.52,STOP_LOSS_HIT,0.0804
1064,TRUMP_USDT,SHORT,StochasticRSI(FAST_SCALP-SHORT),2,0.2,1.568,1.574,1.564,1.574,2026-07-12 13:29:59 UTC,2026-07-12 14:32:44 UTC,3764.34,0.3136,0.0042,0.0,-0.0012,-0.11,-28.7,STOP_LOSS_HIT,0.0792
1065,TRUMP_USDT,SHORT,StochasticRSI(FAST_SCALP-SHORT),2,0.2,1.574,1.58,1.57,1.58,2026-07-12 14:38:59 UTC,2026-07-12 14:46:49 UTC,469.76,0.3148,0.0042,0.0,-0.0012,-0.11,-28.59,STOP_LOSS_HIT,0.078
1066,TRUMP_USDT,LONG,StochasticRSI(FAST_SCALP-LONG),2,0.2,1.582,1.586,1.586,1.576,2026-07-12 15:03:59 UTC,2026-07-12 15:05:27 UTC,87.09,0.3164,0.0042,0.0,0.0008,0.08,18.96,MIN_PROFIT_TP_HIT,0.0788
1067,TRUMP_USDT,SHORT,StochasticRSI(FAST_SCALP-SHORT),2,0.2,1.585,1.591,1.581,1.591,2026-07-12 15:14:59 UTC,2026-07-12 15:25:40 UTC,640.5,0.317,0.0042,0.0,-0.0012,-0.11,-28.39,STOP_LOSS_HIT,0.0776
1068,TRUMP_USDT,SHORT,StochasticRSI(FAST_SCALP-SHORT),2,0.2,1.589,1.585,1.585,1.595,2026-07-12 15:27:59 UTC,2026-07-12 15:35:29 UTC,449.81,0.3178,0.0042,0.0,0.0008,0.08,18.88,MIN_PROFIT_TP_HIT,0.0784
1069,TRUMP_USDT,LONG,StochasticRSI(FAST_SCALP-LONG),2,0.2,1.585,1.589,1.589,1.579,2026-07-12 15:39:59 UTC,2026-07-12 15:52:04 UTC,724.92,0.317,0.0042,0.0,0.0008,0.08,18.93,MIN_PROFIT_TP_HIT,0.0792
1070,TRUMP_USDT,SHORT,StochasticRSI(FAST_SCALP-SHORT),2,0.2,1.588,1.584,1.584,1.594,2026-07-12 15:56:59 UTC,2026-07-12 16:12:33 UTC,933.01,0.3176,0.0042,0.0,0.0008,0.08,18.89,MIN_PROFIT_TP_HIT,0.08
1071,TRUMP_USDT,LONG,StochasticRSI(FAST_SCALP-LONG),2,0.2,1.579,1.583,1.583,1.573,2026-07-12 16:17:59 UTC,2026-07-12 16:19:56 UTC,116.82,0.3158,0.0042,0.0,0.0008,0.08,19.0,MIN_PROFIT_TP_HIT,0.0808
1072,TRUMP_USDT,SHORT,StochasticRSI(FAST_SCALP-SHORT),2,0.2,1.582,1.578,1.578,1.588,2026-07-12 16:24:59 UTC,2026-07-12 16:31:57 UTC,417.95,0.3164,0.0042,0.0,0.0008,0.08,18.96,MIN_PROFIT_TP_HIT,0.0816
1073,TRUMP_USDT,LONG,StochasticRSI(FAST_SCALP-LONG),2,0.2,1.578,1.582,1.582,1.572,2026-07-12 16:35:59 UTC,2026-07-12 16:47:14 UTC,674.09,0.3156,0.0042,0.0,0.0008,0.08,19.01,MIN_PROFIT_TP_HIT,0.0824
1074,TRUMP_USDT,SHORT,StochasticRSI(FAST_SCALP-SHORT),2,0.2,1.582,1.578,1.578,1.588,2026-07-12 16:51:59 UTC,2026-07-12 16:53:56 UTC,116.63,0.3164,0.0042,0.0,0.0008,0.08,18.96,MIN_PROFIT_TP_HIT,0.0832
1075,TRUMP_USDT,LONG,StochasticRSI(FAST_SCALP-LONG),2,0.2,1.579,1.573,1.583,1.573,2026-07-12 16:56:59 UTC,2026-07-12 17:50:33 UTC,3213.06,0.3158,0.0042,0.0,-0.0012,-0.11,-28.5,STOP_LOSS_HIT,0.082
1076,TRUMP_USDT,LONG,StochasticRSI(FAST_SCALP-LONG),2,0.2,1.573,1.577,1.577,1.567,2026-07-12 17:52:59 UTC,2026-07-12 18:30:52 UTC,2272.31,0.3146,0.0042,0.0,0.0008,0.08,19.07,MIN_PROFIT_TP_HIT,0.0828
1077,TRUMP_USDT,SHORT,StochasticRSI(FAST_SCALP-SHORT),2,0.2,1.577,1.583,1.573,1.583,2026-07-12 18:34:59 UTC,2026-07-12 19:06:06 UTC,1866.67,0.3154,0.0042,0.0,-0.0012,-0.11,-28.54,STOP_LOSS_HIT,0.0816
1078,TRUMP_USDT,SHORT,StochasticRSI(FAST_SCALP-SHORT),2,0.2,1.581,1.577,1.577,1.587,2026-07-12 19:14:59 UTC,2026-07-12 19:30:21 UTC,921.58,0.3162,0.0042,0.0,0.0008,0.08,18.98,MIN_PROFIT_TP_HIT,0.0824
1079,TRUMP_USDT,LONG,StochasticRSI(FAST_SCALP-LONG),2,0.2,1.577,1.581,1.581,1.571,2026-07-12 19:32:59 UTC,2026-07-12 19:52:07 UTC,1147.32,0.3154,0.0042,0.0,0.0008,0.08,19.02,MIN_PROFIT_TP_HIT,0.0832
1080,TRUMP_USDT,SHORT,StochasticRSI(FAST_SCALP-SHORT),2,0.2,1.581,1.577,1.577,1.587,2026-07-12 19:56:59 UTC,2026-07-12 19:59:01 UTC,121.12,0.3162,0.0042,0.0,0.0008,0.08,18.98,MIN_PROFIT_TP_HIT,0.084
1081,TRUMP_USDT,LONG,StochasticRSI(FAST_SCALP-LONG),2,0.2,1.573,1.567,1.577,1.567,2026-07-12 20:08:59 UTC,2026-07-12 21:21:04 UTC,4324.41,0.3146,0.0042,0.0,-0.0012,-0.11,-28.61,STOP_LOSS_HIT,0.0828
1082,TRUMP_USDT,LONG,StochasticRSI(FAST_SCALP-LONG),2,0.2,1.569,1.563,1.573,1.563,2026-07-12 21:25:59 UTC,2026-07-12 21:47:33 UTC,1293.06,0.3138,0.0042,0.0,-0.0012,-0.11,-28.68,STOP_LOSS_HIT,0.0816
1083,TRUMP_USDT,LONG,StochasticRSI(FAST_SCALP-LONG),2,0.2,1.563,1.557,1.567,1.557,2026-07-12 21:50:59 UTC,2026-07-12 22:00:03 UTC,543.01,0.3126,0.0042,0.0,-0.0012,-0.11,-28.79,STOP_LOSS_HIT,0.0804
1084,TRUMP_USDT,LONG,StochasticRSI(FAST_SCALP-LONG),2,0.2,1.554,1.548,1.558,1.548,2026-07-12 22:07:59 UTC,2026-07-12 22:18:07 UTC,607.04,0.3108,0.0041,0.0,-0.0012,-0.11,-28.96,STOP_LOSS_HIT,0.0792
1085,TRUMP_USDT,LONG,StochasticRSI(FAST_SCALP-LONG),2,0.2,1.55,1.554,1.554,1.544,2026-07-12 22:21:59 UTC,2026-07-12 22:30:11 UTC,491.36,0.31,0.0041,0.0,0.0008,0.08,19.35,MIN_PROFIT_TP_HIT,0.08
1086,TRUMP_USDT,SHORT,StochasticRSI(FAST_SCALP-SHORT),2,0.2,1.552,1.548,1.548,1.558,2026-07-12 22:32:59 UTC,2026-07-12 22:39:19 UTC,379.61,0.3104,0.0041,0.0,0.0008,0.08,19.33,MIN_PROFIT_TP_HIT,0.0808
1087,TRUMP_USDT,LONG,StochasticRSI(FAST_SCALP-LONG),2,0.2,1.548,1.542,1.552,1.542,2026-07-12 22:41:59 UTC,2026-07-12 22:48:55 UTC,415.14,0.3096,0.0041,0.0,-0.0012,-0.11,-29.07,STOP_LOSS_HIT,0.0796
1088,TRUMP_USDT,SHORT,StochasticRSI(FAST_SCALP-SHORT),2,0.2,1.553,1.549,1.549,1.559,2026-07-12 22:57:59 UTC,2026-07-12 23:04:25 UTC,385.14,0.3106,0.0041,0.0,0.0008,0.08,19.32,MIN_PROFIT_TP_HIT,0.0804
1089,TRUMP_USDT,LONG,StochasticRSI(FAST_SCALP-LONG),2,0.2,1.551,1.555,1.555,1.545,2026-07-12 23:06:59 UTC,2026-07-12 23:31:00 UTC,1440.7,0.3102,0.0041,0.0,0.0008,0.08,19.34,MIN_PROFIT_TP_HIT,0.0812
1090,TRUMP_USDT,SHORT,StochasticRSI(FAST_SCALP-SHORT),2,0.2,1.553,1.559,1.549,1.559,2026-07-12 23:33:59 UTC,2026-07-13 00:01:24 UTC,1644.02,0.3106,0.0041,0.0,-0.0012,-0.11,-28.98,STOP_LOSS_HIT,0.08
1091,TRUMP_USDT,LONG,StochasticRSI(FAST_SCALP-LONG),2,0.2,1.563,1.567,1.567,1.557,2026-07-13 00:02:59 UTC,2026-07-13 00:05:24 UTC,144.39,0.3126,0.0042,0.0,0.0008,0.08,19.19,MIN_PROFIT_TP_HIT,0.0808
1092,TRUMP_USDT,SHORT,StochasticRSI(FAST_SCALP-SHORT),2,0.2,1.561,1.567,1.557,1.567,2026-07-13 00:08:59 UTC,2026-07-13 00:10:19 UTC,79.58,0.3122,0.0042,0.0,-0.0012,-0.11,-28.83,STOP_LOSS_HIT,0.0796
1093,TRUMP_USDT,SHORT,StochasticRSI(FAST_SCALP-SHORT),2,0.2,1.574,1.57,1.57,1.58,2026-07-13 00:18:59 UTC,2026-07-13 00:31:44 UTC,764.06,0.3148,0.0042,0.0,0.0008,0.08,19.06,MIN_PROFIT_TP_HIT,0.0804
1094,TRUMP_USDT,LONG,StochasticRSI(FAST_SCALP-LONG),2,0.2,1.571,1.565,1.575,1.565,2026-07-13 00:33:59 UTC,2026-07-13 00:37:49 UTC,229.16,0.3142,0.0042,0.0,-0.0012,-0.11,-28.64,STOP_LOSS_HIT,0.0792
1095,TRUMP_USDT,LONG,StochasticRSI(FAST_SCALP-LONG),2,0.2,1.555,1.559,1.559,1.549,2026-07-13 00:42:59 UTC,2026-07-13 00:45:06 UTC,126.93,0.311,0.0041,0.0,0.0008,0.08,19.29,MIN_PROFIT_TP_HIT,0.08
1096,TRUMP_USDT,SHORT,StochasticRSI(FAST_SCALP-SHORT),2,0.2,1.563,1.559,1.559,1.569,2026-07-13 00:49:59 UTC,2026-07-13 01:00:41 UTC,641.58,0.3126,0.0042,0.0,0.0008,0.08,19.19,MIN_PROFIT_TP_HIT,0.0808
1097,TRUMP_USDT,SHORT,StochasticRSI(FAST_SCALP-SHORT),2,0.2,1.559,1.555,1.555,1.565,2026-07-13 01:06:59 UTC,2026-07-13 01:09:46 UTC,166.37,0.3118,0.0042,0.0,0.0008,0.08,19.24,MIN_PROFIT_TP_HIT,0.0816
1098,TRUMP_USDT,LONG,StochasticRSI(FAST_SCALP-LONG),2,0.2,1.556,1.56,1.56,1.55,2026-07-13 01:12:59 UTC,2026-07-13 01:15:27 UTC,147.38,0.3112,0.0041,0.0,0.0008,0.08,19.28,MIN_PROFIT_TP_HIT,0.0824
1099,TRUMP_USDT,SHORT,StochasticRSI(FAST_SCALP-SHORT),2,0.2,1.552,1.548,1.548,1.558,2026-07-13 01:17:59 UTC,2026-07-13 01:34:00 UTC,960.87,0.3104,0.0041,0.0,0.0008,0.08,19.33,MIN_PROFIT_TP_HIT,0.0832
1100,TRUMP_USDT,SHORT,StochasticRSI(FAST_SCALP-SHORT),2,0.2,1.553,1.549,1.549,1.559,2026-07-13 01:41:59 UTC,2026-07-13 01:51:51 UTC,591.18,0.3106,0.0041,0.0,0.0008,0.08,19.32,MIN_PROFIT_TP_HIT,0.084
1101,TRUMP_USDT,LONG,StochasticRSI(FAST_SCALP-LONG),2,0.2,1.537,1.531,1.541,1.531,2026-07-13 02:00:59 UTC,2026-07-13 02:07:07 UTC,367.06,0.3074,0.0041,0.0,-0.0012,-0.11,-29.28,STOP_LOSS_HIT,0.0828
1102,TRUMP_USDT,SHORT,StochasticRSI(FAST_SCALP-SHORT),2,0.2,1.531,1.537,1.527,1.537,2026-07-13 02:08:59 UTC,2026-07-13 02:12:18 UTC,198.39,0.3062,0.0041,0.0,-0.0012,-0.11,-29.39,STOP_LOSS_HIT,0.0816
1103,TRUMP_USDT,SHORT,StochasticRSI(FAST_SCALP-SHORT),2,0.2,1.542,1.538,1.538,1.548,2026-07-13 02:19:59 UTC,2026-07-13 02:28:03 UTC,483.28,0.3084,0.0041,0.0,0.0008,0.08,19.46,MIN_PROFIT_TP_HIT,0.0824
1104,TRUMP_USDT,LONG,StochasticRSI(FAST_SCALP-LONG),2,0.2,1.541,1.545,1.545,1.535,2026-07-13 02:33:59 UTC,2026-07-13 02:42:54 UTC,534.63,0.3082,0.0041,0.0,0.0008,0.08,19.47,MIN_PROFIT_TP_HIT,0.0832
1105,TRUMP_USDT,LONG,StochasticRSI(FAST_SCALP-LONG),2,0.2,1.543,1.537,1.547,1.537,2026-07-13 02:49:59 UTC,2026-07-13 03:03:04 UTC,784.78,0.3086,0.0041,0.0,-0.0012,-0.11,-29.16,STOP_LOSS_HIT,0.082
1106,TRUMP_USDT,LONG,StochasticRSI(FAST_SCALP-LONG),2,0.2,1.531,1.535,1.535,1.525,2026-07-13 03:13:59 UTC,2026-07-13 03:15:31 UTC,91.09,0.3062,0.0041,0.0,0.0008,0.08,19.6,MIN_PROFIT_TP_HIT,0.0828
1107,TRUMP_USDT,SHORT,StochasticRSI(FAST_SCALP-SHORT),2,0.2,1.531,1.527,1.527,1.537,2026-07-13 03:18:59 UTC,2026-07-13 03:19:23 UTC,23.02,0.3062,0.0041,0.0,0.0008,0.08,19.6,MIN_PROFIT_TP_HIT,0.0836
1108,TRUMP_USDT,LONG,StochasticRSI(FAST_SCALP-LONG),2,0.2,1.531,1.535,1.535,1.525,2026-07-13 03:25:59 UTC,2026-07-13 03:28:38 UTC,158.14,0.3062,0.0041,0.0,0.0008,0.08,19.6,MIN_PROFIT_TP_HIT,0.0844
1109,TRUMP_USDT,SHORT,StochasticRSI(FAST_SCALP-SHORT),2,0.2,1.529,1.525,1.525,1.535,2026-07-13 03:31:59 UTC,2026-07-13 03:33:12 UTC,72.06,0.3058,0.0041,0.0,0.0008,0.08,19.62,MIN_PROFIT_TP_HIT,0.0852
1110,TRUMP_USDT,LONG,StochasticRSI(FAST_SCALP-LONG),2,0.2,1.527,1.531,1.531,1.521,2026-07-13 03:37:59 UTC,2026-07-13 03:39:34 UTC,94.47,0.3054,0.0041,0.0,0.0008,0.08,19.65,MIN_PROFIT_TP_HIT,0.086
1111,TRUMP_USDT,SHORT,StochasticRSI(FAST_SCALP-SHORT),2,0.2,1.53,1.536,1.526,1.536,2026-07-13 03:44:59 UTC,2026-07-13 03:55:58 UTC,658.68,0.306,0.0041,0.0,-0.0012,-0.11,-29.41,STOP_LOSS_HIT,0.0848
1112,TRUMP_USDT,LONG,StochasticRSI(FAST_SCALP-LONG),2,0.2,1.534,1.538,1.538,1.528,2026-07-13 04:08:59 UTC,2026-07-13 04:20:42 UTC,702.49,0.3068,0.0041,0.0,0.0008,0.08,19.56,MIN_PROFIT_TP_HIT,0.0856
1113,TRUMP_USDT,SHORT,StochasticRSI(FAST_SCALP-SHORT),2,0.2,1.538,1.534,1.534,1.544,2026-07-13 04:21:59 UTC,2026-07-13 04:59:37 UTC,2257.49,0.3076,0.0041,0.0,0.0008,0.08,19.51,MIN_PROFIT_TP_HIT,0.0864
1114,TRUMP_USDT,LONG,StochasticRSI(FAST_SCALP-LONG),2,0.2,1.534,1.538,1.538,1.528,2026-07-13 05:02:59 UTC,2026-07-13 05:06:18 UTC,198.91,0.3068,0.0041,0.0,0.0008,0.08,19.56,MIN_PROFIT_TP_HIT,0.0872
1115,TRUMP_USDT,SHORT,StochasticRSI(FAST_SCALP-SHORT),2,0.2,1.539,1.535,1.535,1.545,2026-07-13 05:09:59 UTC,2026-07-13 05:23:23 UTC,803.65,0.3078,0.0041,0.0,0.0008,0.08,19.49,MIN_PROFIT_TP_HIT,0.088
1116,TRUMP_USDT,LONG,StochasticRSI(FAST_SCALP-LONG),2,0.2,1.534,1.538,1.538,1.528,2026-07-13 05:25:59 UTC,2026-07-13 05:32:57 UTC,417.65,0.3068,0.0041,0.0,0.0008,0.08,19.56,MIN_PROFIT_TP_HIT,0.0888
1117,TRUMP_USDT,SHORT,StochasticRSI(FAST_SCALP-SHORT),2,0.2,1.542,1.548,1.538,1.548,2026-07-13 05:37:59 UTC,2026-07-13 06:26:23 UTC,2903.74,0.3084,0.0041,0.0,-0.0012,-0.11,-29.18,STOP_LOSS_HIT,0.0876
1118,TRUMP_USDT,SHORT,StochasticRSI(FAST_SCALP-SHORT),2,0.2,1.548,1.544,1.544,1.554,2026-07-13 06:32:59 UTC,2026-07-13 06:53:38 UTC,1238.39,0.3096,0.0041,0.0,0.0008,0.08,19.38,MIN_PROFIT_TP_HIT,0.0884
1119,TRUMP_USDT,LONG,StochasticRSI(FAST_SCALP-LONG),2,0.2,1.546,1.55,1.55,1.54,2026-07-13 06:55:59 UTC,2026-07-13 07:09:04 UTC,784.25,0.3092,0.0041,0.0,0.0008,0.08,19.4,MIN_PROFIT_TP_HIT,0.0892
1120,TRUMP_USDT,SHORT,StochasticRSI(FAST_SCALP-SHORT),2,0.2,1.55,1.546,1.546,1.556,2026-07-13 07:12:59 UTC,2026-07-13 07:18:22 UTC,322.61,0.31,0.0041,0.0,0.0008,0.08,19.35,MIN_PROFIT_TP_HIT,0.09
1121,TRUMP_USDT,LONG,StochasticRSI(FAST_SCALP-LONG),2,0.2,1.545,1.549,1.549,1.539,2026-07-13 07:21:59 UTC,2026-07-13 08:06:20 UTC,2660.96,0.309,0.0041,0.0,0.0008,0.08,19.42,MIN_PROFIT_TP_HIT,0.0908
1122,TRUMP_USDT,LONG,StochasticRSI(FAST_SCALP-LONG),2,0.2,1.547,1.551,1.551,1.541,2026-07-13 08:15:59 UTC,2026-07-13 08:43:34 UTC,1654.68,0.3094,0.0041,0.0,0.0008,0.08,19.39,MIN_PROFIT_TP_HIT,0.0916
1123,TRUMP_USDT,SHORT,StochasticRSI(FAST_SCALP-SHORT),2,0.2,1.552,1.548,1.548,1.558,2026-07-13 08:47:59 UTC,2026-07-13 10:46:09 UTC,7089.21,0.3104,0.0041,0.0,0.0008,0.08,19.33,MIN_PROFIT_TP_HIT,0.0924
1124,TRUMP_USDT,LONG,StochasticRSI(FAST_SCALP-LONG),2,0.2,1.549,1.553,1.553,1.543,2026-07-13 10:49:59 UTC,2026-07-13 11:33:22 UTC,2602.57,0.3098,0.0041,0.0,0.0008,0.08,19.37,MIN_PROFIT_TP_HIT,0.0932
1125,TRUMP_USDT,LONG,StochasticRSI(FAST_SCALP-LONG),2,0.2,1.553,1.547,1.557,1.547,2026-07-13 11:34:59 UTC,2026-07-13 12:08:38 UTC,2018.06,0.3106,0.0041,0.0,-0.0012,-0.11,-28.98,STOP_LOSS_HIT,0.092
1126,TRUMP_USDT,SHORT,StochasticRSI(FAST_SCALP-SHORT),2,0.2,1.548,1.544,1.544,1.554,2026-07-13 12:21:59 UTC,2026-07-13 12:35:33 UTC,813.76,0.3096,0.0041,0.0,0.0008,0.08,19.38,MIN_PROFIT_TP_HIT,0.0928
1127,TRUMP_USDT,LONG,StochasticRSI(FAST_SCALP-LONG),2,0.2,1.547,1.541,1.551,1.541,2026-07-13 12:38:59 UTC,2026-07-13 13:20:10 UTC,2470.76,0.3094,0.0041,0.0,-0.0012,-0.11,-29.09,STOP_LOSS_HIT,0.0916
1128,TRUMP_USDT,LONG,StochasticRSI(FAST_SCALP-LONG),2,0.2,1.545,1.549,1.549,1.539,2026-07-13 13:23:59 UTC,2026-07-13 13:34:55 UTC,655.54,0.309,0.0041,0.0,0.0008,0.08,19.42,MIN_PROFIT_TP_HIT,0.0924
1129,TRUMP_USDT,SHORT,StochasticRSI(FAST_SCALP-SHORT),2,0.2,1.547,1.543,1.543,1.553,2026-07-13 13:37:59 UTC,2026-07-13 13:40:52 UTC,172.6,0.3094,0.0041,0.0,0.0008,0.08,19.39,MIN_PROFIT_TP_HIT,0.0932
1130,TRUMP_USDT,LONG,StochasticRSI(FAST_SCALP-LONG),2,0.2,1.539,1.543,1.543,1.533,2026-07-13 13:45:59 UTC,2026-07-13 13:59:06 UTC,786.3,0.3078,0.0041,0.0,0.0008,0.08,19.49,MIN_PROFIT_TP_HIT,0.094
1131,TRUMP_USDT,SHORT,StochasticRSI(FAST_SCALP-SHORT),2,0.2,1.554,1.55,1.55,1.56,2026-07-13 14:13:59 UTC,2026-07-13 14:16:45 UTC,165.11,0.3108,0.0041,0.0,0.0008,0.08,19.31,MIN_PROFIT_TP_HIT,0.0948
1132,TRUMP_USDT,SHORT,StochasticRSI(FAST_SCALP-SHORT),2,0.2,1.556,1.562,1.552,1.562,2026-07-13 14:29:59 UTC,2026-07-13 14:57:22 UTC,1642.04,0.3112,0.0041,0.0,-0.0012,-0.11,-28.92,STOP_LOSS_HIT,0.0936
1133,TRUMP_USDT,SHORT,StochasticRSI(FAST_SCALP-SHORT),2,0.2,1.562,1.558,1.558,1.568,2026-07-13 15:03:59 UTC,2026-07-13 15:28:50 UTC,1490.57,0.3124,0.0042,0.0,0.0008,0.08,19.21,MIN_PROFIT_TP_HIT,0.0944
1134,TRUMP_USDT,LONG,StochasticRSI(FAST_SCALP-LONG),2,0.2,1.552,1.556,1.556,1.546,2026-07-13 15:37:59 UTC,2026-07-13 15:44:24 UTC,384.87,0.3104,0.0041,0.0,0.0008,0.08,19.33,MIN_PROFIT_TP_HIT,0.0952
1135,TRUMP_USDT,SHORT,StochasticRSI(FAST_SCALP-SHORT),2,0.2,1.555,1.551,1.551,1.561,2026-07-13 15:47:59 UTC,2026-07-13 16:19:21 UTC,1881.6,0.311,0.0041,0.0,0.0008,0.08,19.29,MIN_PROFIT_TP_HIT,0.096
1136,TRUMP_USDT,LONG,StochasticRSI(FAST_SCALP-LONG),2,0.2,1.551,1.545,1.555,1.545,2026-07-13 16:22:59 UTC,2026-07-13 16:35:07 UTC,727.2,0.3102,0.0041,0.0,-0.0012,-0.11,-29.01,STOP_LOSS_HIT,0.0948
1137,TRUMP_USDT,LONG,StochasticRSI(FAST_SCALP-LONG),2,0.2,1.541,1.545,1.545,1.535,2026-07-13 16:40:59 UTC,2026-07-13 16:44:32 UTC,212.18,0.3082,0.0041,0.0,0.0008,0.08,19.47,MIN_PROFIT_TP_HIT,0.0956
1138,TRUMP_USDT,SHORT,StochasticRSI(FAST_SCALP-SHORT),2,0.2,1.543,1.539,1.539,1.549,2026-07-13 16:47:59 UTC,2026-07-13 16:50:43 UTC,163.91,0.3086,0.0041,0.0,0.0008,0.08,19.44,MIN_PROFIT_TP_HIT,0.0964
1139,TRUMP_USDT,LONG,StochasticRSI(FAST_SCALP-LONG),2,0.2,1.538,1.542,1.542,1.532,2026-07-13 16:54:59 UTC,2026-07-13 17:00:51 UTC,351.53,0.3076,0.0041,0.0,0.0008,0.08,19.51,MIN_PROFIT_TP_HIT,0.0972
1140,TRUMP_USDT,SHORT,StochasticRSI(FAST_SCALP-SHORT),2,0.2,1.542,1.538,1.538,1.548,2026-07-13 17:03:59 UTC,2026-07-13 17:17:20 UTC,800.1,0.3084,0.0041,0.0,0.0008,0.08,19.46,MIN_PROFIT_TP_HIT,0.098
1141,TRUMP_USDT,LONG,StochasticRSI(FAST_SCALP-LONG),2,0.2,1.536,1.53,1.54,1.53,2026-07-13 17:22:59 UTC,2026-07-13 17:36:51 UTC,831.32,0.3072,0.0041,0.0,-0.0012,-0.11,-29.3,STOP_LOSS_HIT,0.0968
1142,TRUMP_USDT,SHORT,StochasticRSI(FAST_SCALP-SHORT),2,0.2,1.533,1.529,1.529,1.539,2026-07-13 17:45:59 UTC,2026-07-13 17:46:42 UTC,42.86,0.3066,0.0041,0.0,0.0008,0.08,19.57,MIN_PROFIT_TP_HIT,0.0976
1143,TRUMP_USDT,SHORT,StochasticRSI(FAST_SCALP-SHORT),2,0.2,1.53,1.526,1.526,1.536,2026-07-13 17:47:59 UTC,2026-07-13 17:51:29 UTC,209.28,0.306,0.0041,0.0,0.0008,0.08,19.61,MIN_PROFIT_TP_HIT,0.0984
1144,TRUMP_USDT,LONG,StochasticRSI(FAST_SCALP-LONG),2,0.2,1.523,1.517,1.527,1.517,2026-07-13 17:57:59 UTC,2026-07-13 17:59:34 UTC,94.47,0.3046,0.0041,0.0,-0.0012,-0.11,-29.55,STOP_LOSS_HIT,0.0972
1145,TRUMP_USDT,LONG,StochasticRSI(FAST_SCALP-LONG),2,0.2,1.521,1.525,1.525,1.515,2026-07-13 18:01:59 UTC,2026-07-13 18:02:07 UTC,7.2,0.3042,0.0041,0.0,0.0008,0.08,19.72,MIN_PROFIT_TP_HIT,0.098
1146,TRUMP_USDT,SHORT,StochasticRSI(FAST_SCALP-SHORT),2,0.2,1.525,1.521,1.521,1.531,2026-07-13 18:07:59 UTC,2026-07-13 18:10:07 UTC,127.12,0.305,0.0041,0.0,0.0008,0.08,19.67,MIN_PROFIT_TP_HIT,0.0988
1147,TRUMP_USDT,LONG,StochasticRSI(FAST_SCALP-LONG),2,0.2,1.522,1.526,1.526,1.516,2026-07-13 18:14:59 UTC,2026-07-13 18:24:19 UTC,559.93,0.3044,0.0041,0.0,0.0008,0.08,19.71,MIN_PROFIT_TP_HIT,0.0996
1148,TRUMP_USDT,SHORT,StochasticRSI(FAST_SCALP-SHORT),2,0.2,1.524,1.52,1.52,1.53,2026-07-13 18:27:59 UTC,2026-07-13 18:31:15 UTC,195.68,0.3048,0.0041,0.0,0.0008,0.08,19.69,MIN_PROFIT_TP_HIT,0.1004
1149,TRUMP_USDT,LONG,StochasticRSI(FAST_SCALP-LONG),2,0.2,1.523,1.527,1.527,1.517,2026-07-13 18:36:59 UTC,2026-07-13 18:48:02 UTC,662.26,0.3046,0.0041,0.0,0.0008,0.08,19.7,MIN_PROFIT_TP_HIT,0.1012
1150,TRUMP_USDT,SHORT,StochasticRSI(FAST_SCALP-SHORT),2,0.2,1.528,1.524,1.524,1.534,2026-07-13 18:53:59 UTC,2026-07-13 18:54:55 UTC,55.7,0.3056,0.0041,0.0,0.0008,0.08,19.63,MIN_PROFIT_TP_HIT,0.102
1151,TRUMP_USDT,LONG,StochasticRSI(FAST_SCALP-LONG),2,0.2,1.524,1.528,1.528,1.518,2026-07-13 19:00:59 UTC,2026-07-13 19:09:05 UTC,485.82,0.3048,0.0041,0.0,0.0008,0.08,19.69,MIN_PROFIT_TP_HIT,0.1028
1152,TRUMP_USDT,SHORT,StochasticRSI(FAST_SCALP-SHORT),2,0.2,1.526,1.532,1.522,1.532,2026-07-13 19:13:59 UTC,2026-07-13 19:34:24 UTC,1224.38,0.3052,0.0041,0.0,-0.0012,-0.11,-29.49,STOP_LOSS_HIT,0.1016
1153,TRUMP_USDT,SHORT,StochasticRSI(FAST_SCALP-SHORT),2,0.2,1.532,1.538,1.528,1.538,2026-07-13 19:36:59 UTC,2026-07-13 19:56:57 UTC,1197.33,0.3064,0.0041,0.0,-0.0012,-0.11,-29.37,STOP_LOSS_HIT,0.1004
1154,TRUMP_USDT,LONG,StochasticRSI(FAST_SCALP-LONG),2,0.2,1.536,1.53,1.54,1.53,2026-07-13 20:02:59 UTC,2026-07-13 20:18:56 UTC,956.6,0.3072,0.0041,0.0,-0.0012,-0.11,-29.3,STOP_LOSS_HIT,0.0992
1155,TRUMP_USDT,LONG,StochasticRSI(FAST_SCALP-LONG),2,0.2,1.532,1.536,1.536,1.526,2026-07-13 20:22:59 UTC,2026-07-13 20:27:28 UTC,268.97,0.3064,0.0041,0.0,0.0008,0.08,19.58,MIN_PROFIT_TP_HIT,0.1
1156,TRUMP_USDT,LONG,StochasticRSI(FAST_SCALP-LONG),2,0.2,1.536,1.53,1.54,1.53,2026-07-13 20:36:59 UTC,2026-07-13 20:45:12 UTC,492.37,0.3072,0.0041,0.0,-0.0012,-0.11,-29.3,STOP_LOSS_HIT,0.0988
1157,TRUMP_USDT,LONG,StochasticRSI(FAST_SCALP-LONG),2,0.2,1.532,1.536,1.536,1.526,2026-07-13 20:47:59 UTC,2026-07-13 20:59:02 UTC,662.59,0.3064,0.0041,0.0,0.0008,0.08,19.58,MIN_PROFIT_TP_HIT,0.0996
1158,TRUMP_USDT,SHORT,StochasticRSI(FAST_SCALP-SHORT),2,0.2,1.533,1.529,1.529,1.539,2026-07-13 21:01:59 UTC,2026-07-13 21:31:18 UTC,1758.32,0.3066,0.0041,0.0,0.0008,0.08,19.57,MIN_PROFIT_TP_HIT,0.1004
1159,TRUMP_USDT,LONG,StochasticRSI(FAST_SCALP-LONG),2,0.2,1.53,1.524,1.534,1.524,2026-07-13 21:33:59 UTC,2026-07-13 21:38:10 UTC,250.44,0.306,0.0041,0.0,-0.0012,-0.11,-29.41,STOP_LOSS_HIT,0.0992
1160,TRUMP_USDT,LONG,StochasticRSI(FAST_SCALP-LONG),2,0.2,1.523,1.527,1.527,1.517,2026-07-13 21:43:59 UTC,2026-07-13 21:58:22 UTC,862.84,0.3046,0.0041,0.0,0.0008,0.08,19.7,MIN_PROFIT_TP_HIT,0.1
1161,TRUMP_USDT,SHORT,StochasticRSI(FAST_SCALP-SHORT),2,0.2,1.532,1.538,1.528,1.538,2026-07-13 22:05:59 UTC,2026-07-13 23:27:21 UTC,4881.76,0.3064,0.0041,0.0,-0.0012,-0.11,-29.37,STOP_LOSS_HIT,0.0988
1162,TRUMP_USDT,LONG,StochasticRSI(FAST_SCALP-LONG),2,0.2,1.537,1.541,1.541,1.531,2026-07-13 23:33:59 UTC,2026-07-13 23:36:04 UTC,124.76,0.3074,0.0041,0.0,0.0008,0.08,19.52,MIN_PROFIT_TP_HIT,0.0996
1163,TRUMP_USDT,SHORT,StochasticRSI(FAST_SCALP-SHORT),2,0.2,1.539,1.545,1.535,1.545,2026-07-13 23:43:59 UTC,2026-07-13 23:54:21 UTC,621.63,0.3078,0.0041,0.0,-0.0012,-0.11,-29.24,STOP_LOSS_HIT,0.0984
1164,TRUMP_USDT,SHORT,StochasticRSI(FAST_SCALP-SHORT),2,0.2,1.543,1.549,1.539,1.549,2026-07-13 23:56:59 UTC,2026-07-14 00:10:39 UTC,819.22,0.3086,0.0041,0.0,-0.0012,-0.11,-29.16,STOP_LOSS_HIT,0.0972
1165,TRUMP_USDT,SHORT,StochasticRSI(FAST_SCALP-SHORT),2,0.2,1.546,1.542,1.542,1.552,2026-07-14 00:15:59 UTC,2026-07-14 00:19:48 UTC,228.06,0.3092,0.0041,0.0,0.0008,0.08,19.4,MIN_PROFIT_TP_HIT,0.098
1166,TRUMP_USDT,SHORT,StochasticRSI(FAST_SCALP-SHORT),2,0.2,1.546,1.542,1.542,1.552,2026-07-14 00:29:59 UTC,2026-07-14 00:41:53 UTC,713.76,0.3092,0.0041,0.0,0.0008,0.08,19.4,MIN_PROFIT_TP_HIT,0.0988
1167,TRUMP_USDT,LONG,StochasticRSI(FAST_SCALP-LONG),2,0.2,1.544,1.548,1.548,1.538,2026-07-14 00:46:59 UTC,2026-07-14 00:52:05 UTC,305.96,0.3088,0.0041,0.0,0.0008,0.08,19.43,MIN_PROFIT_TP_HIT,0.0996
1168,TRUMP_USDT,SHORT,StochasticRSI(FAST_SCALP-SHORT),2,0.2,1.547,1.543,1.543,1.553,2026-07-14 00:53:59 UTC,2026-07-14 01:28:16 UTC,2056.3,0.3094,0.0041,0.0,0.0008,0.08,19.39,MIN_PROFIT_TP_HIT,0.1004
1169,TRUMP_USDT,SHORT,StochasticRSI(FAST_SCALP-SHORT),2,0.2,1.544,1.54,1.54,1.55,2026-07-14 01:49:59 UTC,2026-07-14 02:10:51 UTC,1251.38,0.3088,0.0041,0.0,0.0008,0.08,19.43,MIN_PROFIT_TP_HIT,0.1012
1170,TRUMP_USDT,LONG,StochasticRSI(FAST_SCALP-LONG),2,0.2,1.539,1.533,1.543,1.533,2026-07-14 02:14:59 UTC,2026-07-14 02:34:56 UTC,1196.09,0.3078,0.0041,0.0,-0.0012,-0.11,-29.24,STOP_LOSS_HIT,0.1
1171,TRUMP_USDT,LONG,StochasticRSI(FAST_SCALP-LONG),2,0.2,1.534,1.538,1.538,1.528,2026-07-14 02:39:59 UTC,2026-07-14 02:44:39 UTC,279.43,0.3068,0.0041,0.0,0.0008,0.08,19.56,MIN_PROFIT_TP_HIT,0.1008
1172,TRUMP_USDT,SHORT,StochasticRSI(FAST_SCALP-SHORT),2,0.2,1.538,1.534,1.534,1.544,2026-07-14 02:47:59 UTC,2026-07-14 02:53:32 UTC,332.15,0.3076,0.0041,0.0,0.0008,0.08,19.51,MIN_PROFIT_TP_HIT,0.1016
1173,TRUMP_USDT,LONG,StochasticRSI(FAST_SCALP-LONG),2,0.2,1.534,1.528,1.538,1.528,2026-07-14 02:57:59 UTC,2026-07-14 03:12:18 UTC,858.99,0.3068,0.0041,0.0,-0.0012,-0.11,-29.34,STOP_LOSS_HIT,0.1004
1174,TRUMP_USDT,LONG,StochasticRSI(FAST_SCALP-LONG),2,0.2,1.53,1.534,1.534,1.524,2026-07-14 03:16:59 UTC,2026-07-14 03:32:06 UTC,906.82,0.306,0.0041,0.0,0.0008,0.08,19.61,MIN_PROFIT_TP_HIT,0.1012
1175,TRUMP_USDT,SHORT,StochasticRSI(FAST_SCALP-SHORT),2,0.2,1.532,1.538,1.528,1.538,2026-07-14 03:33:59 UTC,2026-07-14 04:02:50 UTC,1730.99,0.3064,0.0041,0.0,-0.0012,-0.11,-29.37,STOP_LOSS_HIT,0.1
1176,TRUMP_USDT,SHORT,StochasticRSI(FAST_SCALP-SHORT),2,0.2,1.537,1.533,1.533,1.543,2026-07-14 04:07:59 UTC,2026-07-14 04:11:48 UTC,228.08,0.3074,0.0041,0.0,0.0008,0.08,19.52,MIN_PROFIT_TP_HIT,0.1008
1177,TRUMP_USDT,LONG,StochasticRSI(FAST_SCALP-LONG),2,0.2,1.533,1.537,1.537,1.527,2026-07-14 04:13:59 UTC,2026-07-14 04:20:59 UTC,419.61,0.3066,0.0041,0.0,0.0008,0.08,19.57,MIN_PROFIT_TP_HIT,0.1016
1178,TRUMP_USDT,SHORT,StochasticRSI(FAST_SCALP-SHORT),2,0.2,1.538,1.534,1.534,1.544,2026-07-14 04:24:59 UTC,2026-07-14 05:02:15 UTC,2235.83,0.3076,0.0041,0.0,0.0008,0.08,19.51,MIN_PROFIT_TP_HIT,0.1024
1179,TRUMP_USDT,LONG,StochasticRSI(FAST_SCALP-LONG),2,0.2,1.532,1.536,1.536,1.526,2026-07-14 05:04:59 UTC,2026-07-14 05:08:43 UTC,223.39,0.3064,0.0041,0.0,0.0008,0.08,19.58,MIN_PROFIT_TP_HIT,0.1032
1180,TRUMP_USDT,SHORT,StochasticRSI(FAST_SCALP-SHORT),2,0.2,1.533,1.529,1.529,1.539,2026-07-14 05:12:59 UTC,2026-07-14 05:45:26 UTC,1946.26,0.3066,0.0041,0.0,0.0008,0.08,19.57,MIN_PROFIT_TP_HIT,0.104
1181,TRUMP_USDT,LONG,StochasticRSI(FAST_SCALP-LONG),2,0.2,1.529,1.533,1.533,1.523,2026-07-14 05:48:59 UTC,2026-07-14 05:53:09 UTC,249.36,0.3058,0.0041,0.0,0.0008,0.08,19.62,MIN_PROFIT_TP_HIT,0.1048
1182,TRUMP_USDT,SHORT,StochasticRSI(FAST_SCALP-SHORT),2,0.2,1.534,1.54,1.53,1.54,2026-07-14 05:56:59 UTC,2026-07-14 06:13:11 UTC,971.32,0.3068,0.0041,0.0,-0.0012,-0.11,-29.34,STOP_LOSS_HIT,0.1036
1183,TRUMP_USDT,SHORT,StochasticRSI(FAST_SCALP-SHORT),2,0.2,1.539,1.535,1.535,1.545,2026-07-14 06:15:59 UTC,2026-07-14 06:54:51 UTC,2331.55,0.3078,0.0041,0.0,0.0008,0.08,19.49,MIN_PROFIT_TP_HIT,0.1044
1184,TRUMP_USDT,LONG,StochasticRSI(FAST_SCALP-LONG),2,0.2,1.535,1.529,1.539,1.529,2026-07-14 06:58:59 UTC,2026-07-14 08:30:02 UTC,5462.99,0.307,0.0041,0.0,-0.0012,-0.11,-29.32,STOP_LOSS_HIT,0.1032
1185,TRUMP_USDT,LONG,StochasticRSI(FAST_SCALP-LONG),2,0.2,1.524,1.518,1.528,1.518,2026-07-14 08:39:59 UTC,2026-07-14 08:48:18 UTC,498.94,0.3048,0.0041,0.0,-0.0012,-0.11,-29.53,STOP_LOSS_HIT,0.102
1186,TRUMP_USDT,SHORT,StochasticRSI(FAST_SCALP-SHORT),2,0.2,1.521,1.527,1.517,1.527,2026-07-14 08:54:59 UTC,2026-07-14 09:11:17 UTC,977.89,0.3042,0.0041,0.0,-0.0012,-0.11,-29.59,STOP_LOSS_HIT,0.1008
1187,TRUMP_USDT,SHORT,StochasticRSI(FAST_SCALP-SHORT),2,0.2,1.524,1.52,1.52,1.53,2026-07-14 09:14:59 UTC,2026-07-14 09:18:20 UTC,200.71,0.3048,0.0041,0.0,0.0008,0.08,19.69,MIN_PROFIT_TP_HIT,0.1016
1188,TRUMP_USDT,LONG,StochasticRSI(FAST_SCALP-LONG),2,0.2,1.52,1.524,1.524,1.514,2026-07-14 09:22:59 UTC,2026-07-14 09:47:37 UTC,1477.92,0.304,0.0041,0.0,0.0008,0.08,19.74,MIN_PROFIT_TP_HIT,0.1024
1189,TRUMP_USDT,SHORT,StochasticRSI(FAST_SCALP-SHORT),2,0.2,1.523,1.529,1.519,1.529,2026-07-14 09:53:59 UTC,2026-07-14 10:12:27 UTC,1107.76,0.3046,0.0041,0.0,-0.0012,-0.11,-29.55,STOP_LOSS_HIT,0.1012
1190,TRUMP_USDT,SHORT,StochasticRSI(FAST_SCALP-SHORT),2,0.2,1.528,1.524,1.524,1.534,2026-07-14 10:15:59 UTC,2026-07-14 10:31:44 UTC,944.51,0.3056,0.0041,0.0,0.0008,0.08,19.63,MIN_PROFIT_TP_HIT,0.102
1191,TRUMP_USDT,LONG,StochasticRSI(FAST_SCALP-LONG),2,0.2,1.523,1.527,1.527,1.517,2026-07-14 10:34:59 UTC,2026-07-14 10:43:49 UTC,529.63,0.3046,0.0041,0.0,0.0008,0.08,19.7,MIN_PROFIT_TP_HIT,0.1028
1192,TRUMP_USDT,LONG,StochasticRSI(FAST_SCALP-LONG),2,0.2,1.523,1.527,1.527,1.517,2026-07-14 10:54:59 UTC,2026-07-14 11:12:57 UTC,1077.27,0.3046,0.0041,0.0,0.0008,0.08,19.7,MIN_PROFIT_TP_HIT,0.1036
1193,TRUMP_USDT,SHORT,StochasticRSI(FAST_SCALP-SHORT),2,0.2,1.527,1.533,1.523,1.533,2026-07-14 11:17:59 UTC,2026-07-14 11:33:00 UTC,900.52,0.3054,0.0041,0.0,-0.0012,-0.11,-29.47,STOP_LOSS_HIT,0.1024
1194,TRUMP_USDT,SHORT,StochasticRSI(FAST_SCALP-SHORT),2,0.2,1.531,1.527,1.527,1.537,2026-07-14 11:36:59 UTC,2026-07-14 12:05:31 UTC,1711.42,0.3062,0.0041,0.0,0.0008,0.08,19.6,MIN_PROFIT_TP_HIT,0.1032
1195,TRUMP_USDT,LONG,StochasticRSI(FAST_SCALP-LONG),2,0.2,1.526,1.53,1.53,1.52,2026-07-14 12:13:59 UTC,2026-07-14 12:22:44 UTC,524.45,0.3052,0.0041,0.0,0.0008,0.08,19.66,MIN_PROFIT_TP_HIT,0.104
1196,TRUMP_USDT,SHORT,StochasticRSI(FAST_SCALP-SHORT),2,0.2,1.531,1.527,1.527,1.537,2026-07-14 12:24:59 UTC,2026-07-14 12:28:41 UTC,221.63,0.3062,0.0041,0.0,0.0008,0.08,19.6,MIN_PROFIT_TP_HIT,0.1048
1197,TRUMP_USDT,SHORT,StochasticRSI(FAST_SCALP-SHORT),2,0.2,1.54,1.536,1.536,1.546,2026-07-14 12:35:59 UTC,2026-07-14 12:39:46 UTC,226.84,0.308,0.0041,0.0,0.0008,0.08,19.48,MIN_PROFIT_TP_HIT,0.1056
1198,TRUMP_USDT,LONG,StochasticRSI(FAST_SCALP-LONG),2,0.2,1.541,1.545,1.545,1.535,2026-07-14 12:43:59 UTC,2026-07-14 12:46:02 UTC,122.09,0.3082,0.0041,0.0,0.0008,0.08,19.47,MIN_PROFIT_TP_HIT,0.1064
1199,TRUMP_USDT,SHORT,StochasticRSI(FAST_SCALP-SHORT),2,0.2,1.545,1.551,1.541,1.551,2026-07-14 12:49:59 UTC,2026-07-14 12:58:29 UTC,509.74,0.309,0.0041,0.0,-0.0012,-0.11,-29.13,STOP_LOSS_HIT,0.1052
1200,TRUMP_USDT,SHORT,StochasticRSI(FAST_SCALP-SHORT),2,0.2,1.549,1.545,1.545,1.555,2026-07-14 13:01:59 UTC,2026-07-14 13:04:39 UTC,159.7,0.3098,0.0041,0.0,0.0008,0.08,19.37,MIN_PROFIT_TP_HIT,0.106
1201,TRUMP_USDT,LONG,StochasticRSI(FAST_SCALP-LONG),2,0.2,1.543,1.547,1.547,1.537,2026-07-14 13:07:59 UTC,2026-07-14 13:19:56 UTC,716.97,0.3086,0.0041,0.0,0.0008,0.08,19.44,MIN_PROFIT_TP_HIT,0.1068
1202,TRUMP_USDT,SHORT,StochasticRSI(FAST_SCALP-SHORT),2,0.2,1.556,1.552,1.552,1.562,2026-07-14 13:27:59 UTC,2026-07-14 13:28:55 UTC,55.57,0.3112,0.0041,0.0,0.0008,0.08,19.28,MIN_PROFIT_TP_HIT,0.1076
1203,TRUMP_USDT,LONG,StochasticRSI(FAST_SCALP-LONG),2,0.2,1.554,1.558,1.558,1.548,2026-07-14 13:35:59 UTC,2026-07-14 13:37:55 UTC,115.43,0.3108,0.0041,0.0,0.0008,0.08,19.31,MIN_PROFIT_TP_HIT,0.1084
1204,TRUMP_USDT,SHORT,StochasticRSI(FAST_SCALP-SHORT),2,0.2,1.554,1.55,1.55,1.56,2026-07-14 13:41:59 UTC,2026-07-14 13:43:00 UTC,60.02,0.3108,0.0041,0.0,0.0008,0.08,19.31,MIN_PROFIT_TP_HIT,0.1092
1205,TRUMP_USDT,LONG,StochasticRSI(FAST_SCALP-LONG),2,0.2,1.549,1.543,1.553,1.543,2026-07-14 13:50:59 UTC,2026-07-14 14:01:13 UTC,613.57,0.3098,0.0041,0.0,-0.0012,-0.11,-29.05,STOP_LOSS_HIT,0.108
1206,TRUMP_USDT,LONG,StochasticRSI(FAST_SCALP-LONG),2,0.2,1.541,1.545,1.545,1.535,2026-07-14 14:06:59 UTC,2026-07-14 14:12:17 UTC,317.57,0.3082,0.0041,0.0,0.0008,0.08,19.47,MIN_PROFIT_TP_HIT,0.1088
1207,TRUMP_USDT,SHORT,StochasticRSI(FAST_SCALP-SHORT),2,0.2,1.542,1.548,1.538,1.548,2026-07-14 14:16:59 UTC,2026-07-14 14:34:12 UTC,1032.85,0.3084,0.0041,0.0,-0.0012,-0.11,-29.18,STOP_LOSS_HIT,0.1076
1208,TRUMP_USDT,LONG,StochasticRSI(FAST_SCALP-LONG),2,0.2,1.545,1.549,1.549,1.539,2026-07-14 14:35:59 UTC,2026-07-14 14:59:43 UTC,1423.54,0.309,0.0041,0.0,0.0008,0.08,19.42,MIN_PROFIT_TP_HIT,0.1084
1209,TRUMP_USDT,SHORT,StochasticRSI(FAST_SCALP-SHORT),2,0.2,1.548,1.554,1.544,1.554,2026-07-14 15:03:59 UTC,2026-07-14 15:29:48 UTC,1548.45,0.3096,0.0041,0.0,-0.0012,-0.11,-29.07,STOP_LOSS_HIT,0.1072
1210,TRUMP_USDT,SHORT,StochasticRSI(FAST_SCALP-SHORT),2,0.2,1.558,1.554,1.554,1.564,2026-07-14 15:34:59 UTC,2026-07-14 15:41:30 UTC,390.87,0.3116,0.0042,0.0,0.0008,0.08,19.26,MIN_PROFIT_TP_HIT,0.108
1211,TRUMP_USDT,LONG,StochasticRSI(FAST_SCALP-LONG),2,0.2,1.557,1.551,1.561,1.551,2026-07-14 15:43:59 UTC,2026-07-14 15:51:49 UTC,469.24,0.3114,0.0042,0.0,-0.0012,-0.11,-28.9,STOP_LOSS_HIT,0.1068
1212,TRUMP_USDT,LONG,StochasticRSI(FAST_SCALP-LONG),2,0.2,1.551,1.555,1.555,1.545,2026-07-14 15:54:59 UTC,2026-07-14 16:09:43 UTC,883.35,0.3102,0.0041,0.0,0.0008,0.08,19.34,MIN_PROFIT_TP_HIT,0.1076
1213,TRUMP_USDT,SHORT,StochasticRSI(FAST_SCALP-SHORT),2,0.2,1.554,1.56,1.55,1.56,2026-07-14 16:12:59 UTC,2026-07-14 16:38:15 UTC,1515.51,0.3108,0.0041,0.0,-0.0012,-0.11,-28.96,STOP_LOSS_HIT,0.1064
1214,TRUMP_USDT,SHORT,StochasticRSI(FAST_SCALP-SHORT),2,0.2,1.559,1.565,1.555,1.565,2026-07-14 16:43:59 UTC,2026-07-14 16:52:10 UTC,490.07,0.3118,0.0042,0.0,-0.0012,-0.11,-28.86,STOP_LOSS_HIT,0.1052
1215,TRUMP_USDT,SHORT,StochasticRSI(FAST_SCALP-SHORT),2,0.2,1.565,1.561,1.561,1.571,2026-07-14 16:56:59 UTC,2026-07-14 17:08:11 UTC,671.42,0.313,0.0042,0.0,0.0008,0.08,19.17,MIN_PROFIT_TP_HIT,0.106
1216,TRUMP_USDT,LONG,StochasticRSI(FAST_SCALP-LONG),2,0.2,1.561,1.555,1.565,1.555,2026-07-14 17:09:59 UTC,2026-07-14 17:11:26 UTC,86.03,0.3122,0.0042,0.0,-0.0012,-0.11,-28.83,STOP_LOSS_HIT,0.1048
1217,TRUMP_USDT,SHORT,StochasticRSI(FAST_SCALP-SHORT),2,0.2,1.561,1.567,1.557,1.567,2026-07-14 17:19:59 UTC,2026-07-14 17:23:25 UTC,205.69,0.3122,0.0042,0.0,-0.0012,-0.11,-28.83,STOP_LOSS_HIT,0.1036
1218,TRUMP_USDT,SHORT,StochasticRSI(FAST_SCALP-SHORT),2,0.2,1.567,1.563,1.563,1.573,2026-07-14 17:24:59 UTC,2026-07-14 17:35:02 UTC,602.71,0.3134,0.0042,0.0,0.0008,0.08,19.14,MIN_PROFIT_TP_HIT,0.1044
1219,TRUMP_USDT,LONG,StochasticRSI(FAST_SCALP-LONG),2,0.2,1.566,1.56,1.57,1.56,2026-07-14 17:36:59 UTC,2026-07-14 18:03:51 UTC,1611.46,0.3132,0.0042,0.0,-0.0012,-0.11,-28.74,STOP_LOSS_HIT,0.1032
1220,TRUMP_USDT,LONG,StochasticRSI(FAST_SCALP-LONG),2,0.2,1.56,1.554,1.564,1.554,2026-07-14 18:05:59 UTC,2026-07-14 18:14:35 UTC,515.94,0.312,0.0042,0.0,-0.0012,-0.11,-28.85,STOP_LOSS_HIT,0.102
1221,TRUMP_USDT,SHORT,StochasticRSI(FAST_SCALP-SHORT),2,0.2,1.557,1.553,1.553,1.563,2026-07-14 18:24:59 UTC,2026-07-14 19:09:19 UTC,2659.25,0.3114,0.0042,0.0,0.0008,0.08,19.27,MIN_PROFIT_TP_HIT,0.1028
1222,TRUMP_USDT,LONG,StochasticRSI(FAST_SCALP-LONG),2,0.2,1.552,1.556,1.556,1.546,2026-07-14 19:11:59 UTC,2026-07-14 19:13:50 UTC,110.61,0.3104,0.0041,0.0,0.0008,0.08,19.33,MIN_PROFIT_TP_HIT,0.1036
1223,TRUMP_USDT,SHORT,StochasticRSI(FAST_SCALP-SHORT),2,0.2,1.561,1.567,1.557,1.567,2026-07-14 19:18:59 UTC,2026-07-14 19:26:32 UTC,452.19,0.3122,0.0042,0.0,-0.0012,-0.11,-28.83,STOP_LOSS_HIT,0.1024
1224,TRUMP_USDT,LONG,StochasticRSI(FAST_SCALP-LONG),2,0.2,1.557,1.551,1.561,1.551,2026-07-14 19:33:59 UTC,2026-07-14 20:13:10 UTC,2350.54,0.3114,0.0042,0.0,-0.0012,-0.11,-28.9,STOP_LOSS_HIT,0.1012
1225,TRUMP_USDT,LONG,StochasticRSI(FAST_SCALP-LONG),2,0.2,1.553,1.557,1.557,1.547,2026-07-14 20:16:59 UTC,2026-07-14 20:43:29 UTC,1589.22,0.3106,0.0041,0.0,0.0008,0.08,19.32,MIN_PROFIT_TP_HIT,0.102
1226,TRUMP_USDT,LONG,StochasticRSI(FAST_SCALP-LONG),2,0.2,1.556,1.56,1.56,1.55,2026-07-14 20:44:59 UTC,2026-07-14 21:08:49 UTC,1429.08,0.3112,0.0041,0.0,0.0008,0.08,19.28,MIN_PROFIT_TP_HIT,0.1028
1227,TRUMP_USDT,SHORT,StochasticRSI(FAST_SCALP-SHORT),2,0.2,1.558,1.564,1.554,1.564,2026-07-14 21:12:59 UTC,2026-07-14 21:43:53 UTC,1853.95,0.3116,0.0042,0.0,-0.0012,-0.11,-28.88,STOP_LOSS_HIT,0.1016
1228,TRUMP_USDT,LONG,StochasticRSI(FAST_SCALP-LONG),2,0.2,1.556,1.55,1.56,1.55,2026-07-14 21:54:59 UTC,2026-07-14 22:01:42 UTC,402.7,0.3112,0.0041,0.0,-0.0012,-0.11,-28.92,STOP_LOSS_HIT,0.1004
1229,TRUMP_USDT,LONG,StochasticRSI(FAST_SCALP-LONG),2,0.2,1.548,1.552,1.552,1.542,2026-07-14 22:16:59 UTC,2026-07-14 22:20:10 UTC,190.42,0.3096,0.0041,0.0,0.0008,0.08,19.38,MIN_PROFIT_TP_HIT,0.1012
1230,TRUMP_USDT,SHORT,StochasticRSI(FAST_SCALP-SHORT),2,0.2,1.553,1.559,1.549,1.559,2026-07-14 22:23:59 UTC,2026-07-14 22:33:26 UTC,566.39,0.3106,0.0041,0.0,-0.0012,-0.11,-28.98,STOP_LOSS_HIT,0.1
1231,TRUMP_USDT,SHORT,StochasticRSI(FAST_SCALP-SHORT),2,0.2,1.559,1.555,1.555,1.565,2026-07-14 22:38:59 UTC,2026-07-14 22:57:39 UTC,1119.91,0.3118,0.0042,0.0,0.0008,0.08,19.24,MIN_PROFIT_TP_HIT,0.1008
1232,TRUMP_USDT,LONG,StochasticRSI(FAST_SCALP-LONG),2,0.2,1.556,1.56,1.56,1.55,2026-07-14 23:04:59 UTC,2026-07-14 23:12:00 UTC,420.14,0.3112,0.0041,0.0,0.0008,0.08,19.28,MIN_PROFIT_TP_HIT,0.1016
1233,TRUMP_USDT,SHORT,StochasticRSI(FAST_SCALP-SHORT),2,0.2,1.559,1.565,1.555,1.565,2026-07-14 23:15:59 UTC,2026-07-15 00:05:14 UTC,2954.04,0.3118,0.0042,0.0,-0.0012,-0.11,-28.86,STOP_LOSS_HIT,0.1004
1234,TRUMP_USDT,SHORT,StochasticRSI(FAST_SCALP-SHORT),2,0.2,1.562,1.568,1.558,1.568,2026-07-15 00:12:59 UTC,2026-07-15 00:25:35 UTC,755.52,0.3124,0.0042,0.0,-0.0012,-0.11,-28.81,STOP_LOSS_HIT,0.0992
1235,TRUMP_USDT,SHORT,StochasticRSI(FAST_SCALP-SHORT),2,0.2,1.565,1.571,1.561,1.571,2026-07-15 00:29:59 UTC,2026-07-15 00:40:07 UTC,607.88,0.313,0.0042,0.0,-0.0012,-0.11,-28.75,STOP_LOSS_HIT,0.098
1236,TRUMP_USDT,SHORT,StochasticRSI(FAST_SCALP-SHORT),2,0.2,1.566,1.572,1.562,1.572,2026-07-15 00:42:59 UTC,2026-07-15 01:12:20 UTC,1760.14,0.3132,0.0042,0.0,-0.0012,-0.11,-28.74,STOP_LOSS_HIT,0.0968
1237,TRUMP_USDT,SHORT,StochasticRSI(FAST_SCALP-SHORT),2,0.2,1.571,1.577,1.567,1.577,2026-07-15 01:15:59 UTC,2026-07-15 01:39:01 UTC,1381.66,0.3142,0.0042,0.0,-0.0012,-0.11,-28.64,STOP_LOSS_HIT,0.0956
1238,TRUMP_USDT,LONG,StochasticRSI(FAST_SCALP-LONG),2,0.2,1.569,1.573,1.573,1.563,2026-07-15 01:40:59 UTC,2026-07-15 01:45:00 UTC,240.47,0.3138,0.0042,0.0,0.0008,0.08,19.12,MIN_PROFIT_TP_HIT,0.0964
1239,TRUMP_USDT,SHORT,StochasticRSI(FAST_SCALP-SHORT),2,0.2,1.572,1.568,1.568,1.578,2026-07-15 01:51:59 UTC,2026-07-15 01:57:44 UTC,344.01,0.3144,0.0042,0.0,0.0008,0.08,19.08,MIN_PROFIT_TP_HIT,0.0972
1240,TRUMP_USDT,LONG,StochasticRSI(FAST_SCALP-LONG),2,0.2,1.566,1.56,1.57,1.56,2026-07-15 02:01:59 UTC,2026-07-15 02:18:22 UTC,982.93,0.3132,0.0042,0.0,-0.0012,-0.11,-28.74,STOP_LOSS_HIT,0.096
1241,TRUMP_USDT,LONG,StochasticRSI(FAST_SCALP-LONG),2,0.2,1.558,1.552,1.562,1.552,2026-07-15 02:19:59 UTC,2026-07-15 03:00:20 UTC,2420.07,0.3116,0.0042,0.0,-0.0012,-0.11,-28.88,STOP_LOSS_HIT,0.0948
1242,TRUMP_USDT,LONG,StochasticRSI(FAST_SCALP-LONG),2,0.2,1.553,1.557,1.557,1.547,2026-07-15 03:03:59 UTC,2026-07-15 03:05:29 UTC,89.75,0.3106,0.0041,0.0,0.0008,0.08,19.32,MIN_PROFIT_TP_HIT,0.0956
1243,TRUMP_USDT,SHORT,StochasticRSI(FAST_SCALP-SHORT),2,0.2,1.557,1.563,1.553,1.563,2026-07-15 03:09:59 UTC,2026-07-15 03:29:16 UTC,1156.38,0.3114,0.0042,0.0,-0.0012,-0.11,-28.9,STOP_LOSS_HIT,0.0944
1244,TRUMP_USDT,SHORT,StochasticRSI(FAST_SCALP-SHORT),2,0.2,1.565,1.561,1.561,1.571,2026-07-15 03:33:59 UTC,2026-07-15 03:40:13 UTC,373.18,0.313,0.0042,0.0,0.0008,0.08,19.17,MIN_PROFIT_TP_HIT,0.0952
1245,TRUMP_USDT,LONG,StochasticRSI(FAST_SCALP-LONG),2,0.2,1.56,1.564,1.564,1.554,2026-07-15 03:44:59 UTC,2026-07-15 03:50:03 UTC,303.43,0.312,0.0042,0.0,0.0008,0.08,19.23,MIN_PROFIT_TP_HIT,0.096
1246,TRUMP_USDT,LONG,StochasticRSI(FAST_SCALP-LONG),2,0.2,1.565,1.559,1.569,1.559,2026-07-15 04:01:59 UTC,2026-07-15 04:30:00 UTC,1680.99,0.313,0.0042,0.0,-0.0012,-0.11,-28.75,STOP_LOSS_HIT,0.0948
1247,TRUMP_USDT,LONG,StochasticRSI(FAST_SCALP-LONG),2,0.2,1.56,1.554,1.564,1.554,2026-07-15 04:32:59 UTC,2026-07-15 05:15:01 UTC,2521.49,0.312,0.0042,0.0,-0.0012,-0.11,-28.85,STOP_LOSS_HIT,0.0936
1248,TRUMP_USDT,SHORT,StochasticRSI(FAST_SCALP-SHORT),2,0.2,1.556,1.562,1.552,1.562,2026-07-15 05:16:59 UTC,2026-07-15 05:44:20 UTC,1640.08,0.3112,0.0041,0.0,-0.0012,-0.11,-28.92,STOP_LOSS_HIT,0.0924
1249,TRUMP_USDT,SHORT,StochasticRSI(FAST_SCALP-SHORT),2,0.2,1.563,1.569,1.559,1.569,2026-07-15 05:51:59 UTC,2026-07-15 05:57:48 UTC,348.07,0.3126,0.0042,0.0,-0.0012,-0.11,-28.79,STOP_LOSS_HIT,0.0912
1250,TRUMP_USDT,SHORT,StochasticRSI(FAST_SCALP-SHORT),2,0.2,1.567,1.573,1.563,1.573,2026-07-15 06:00:59 UTC,2026-07-15 06:03:27 UTC,147.72,0.3134,0.0042,0.0,-0.0012,-0.11,-28.72,STOP_LOSS_HIT,0.09
1251,TRUMP_USDT,LONG,StochasticRSI(FAST_SCALP-LONG),2,0.2,1.57,1.574,1.574,1.564,2026-07-15 06:15:59 UTC,2026-07-15 06:33:09 UTC,1029.88,0.314,0.0042,0.0,0.0008,0.08,19.11,MIN_PROFIT_TP_HIT,0.0908
1252,TRUMP_USDT,SHORT,StochasticRSI(FAST_SCALP-SHORT),2,0.2,1.575,1.571,1.571,1.581,2026-07-15 06:36:59 UTC,2026-07-15 06:37:51 UTC,51.94,0.315,0.0042,0.0,0.0008,0.08,19.05,MIN_PROFIT_TP_HIT,0.0916
1253,TRUMP_USDT,LONG,StochasticRSI(FAST_SCALP-LONG),2,0.2,1.572,1.566,1.576,1.566,2026-07-15 06:41:59 UTC,2026-07-15 06:50:59 UTC,539.81,0.3144,0.0042,0.0,-0.0012,-0.11,-28.63,STOP_LOSS_HIT,0.0904
1254,TRUMP_USDT,LONG,StochasticRSI(FAST_SCALP-LONG),2,0.2,1.566,1.56,1.57,1.56,2026-07-15 06:53:59 UTC,2026-07-15 07:21:49 UTC,1669.84,0.3132,0.0042,0.0,-0.0012,-0.11,-28.74,STOP_LOSS_HIT,0.0892
1255,TRUMP_USDT,LONG,StochasticRSI(FAST_SCALP-LONG),2,0.2,1.557,1.561,1.561,1.551,2026-07-15 07:32:59 UTC,2026-07-15 07:48:34 UTC,934.59,0.3114,0.0042,0.0,0.0008,0.08,19.27,MIN_PROFIT_TP_HIT,0.09
1256,TRUMP_USDT,SHORT,StochasticRSI(FAST_SCALP-SHORT),2,0.2,1.563,1.569,1.559,1.569,2026-07-15 07:52:59 UTC,2026-07-15 09:15:35 UTC,4955.3,0.3126,0.0042,0.0,-0.0012,-0.11,-28.79,STOP_LOSS_HIT,0.0888
1257,TRUMP_USDT,SHORT,StochasticRSI(FAST_SCALP-SHORT),2,0.2,1.568,1.564,1.564,1.574,2026-07-15 09:17:59 UTC,2026-07-15 09:47:11 UTC,1751.84,0.3136,0.0042,0.0,0.0008,0.08,19.13,MIN_PROFIT_TP_HIT,0.0896
1258,TRUMP_USDT,LONG,StochasticRSI(FAST_SCALP-LONG),2,0.2,1.563,1.557,1.567,1.557,2026-07-15 09:53:59 UTC,2026-07-15 10:28:23 UTC,2063.09,0.3126,0.0042,0.0,-0.0012,-0.11,-28.79,STOP_LOSS_HIT,0.0884
1259,TRUMP_USDT,SHORT,StochasticRSI(FAST_SCALP-SHORT),2,0.2,1.558,1.564,1.554,1.564,2026-07-15 10:34:59 UTC,2026-07-15 11:07:20 UTC,1940.83,0.3116,0.0042,0.0,-0.0012,-0.11,-28.88,STOP_LOSS_HIT,0.0872
1260,TRUMP_USDT,SHORT,StochasticRSI(FAST_SCALP-SHORT),2,0.2,1.562,1.558,1.558,1.568,2026-07-15 11:10:59 UTC,2026-07-15 11:19:17 UTC,497.09,0.3124,0.0042,0.0,0.0008,0.08,19.21,MIN_PROFIT_TP_HIT,0.088
1261,TRUMP_USDT,LONG,StochasticRSI(FAST_SCALP-LONG),2,0.2,1.559,1.563,1.563,1.553,2026-07-15 11:22:59 UTC,2026-07-15 11:37:00 UTC,840.02,0.3118,0.0042,0.0,0.0008,0.08,19.24,MIN_PROFIT_TP_HIT,0.0888
1262,TRUMP_USDT,SHORT,StochasticRSI(FAST_SCALP-SHORT),2,0.2,1.562,1.568,1.558,1.568,2026-07-15 11:40:59 UTC,2026-07-15 12:30:01 UTC,2941.46,0.3124,0.0042,0.0,-0.0012,-0.11,-28.81,STOP_LOSS_HIT,0.0876
1263,TRUMP_USDT,SHORT,StochasticRSI(FAST_SCALP-SHORT),2,0.2,1.568,1.574,1.564,1.574,2026-07-15 12:35:59 UTC,2026-07-15 12:49:18 UTC,798.19,0.3136,0.0042,0.0,-0.0012,-0.11,-28.7,STOP_LOSS_HIT,0.0864
1264,TRUMP_USDT,SHORT,StochasticRSI(FAST_SCALP-SHORT),2,0.2,1.579,1.585,1.575,1.585,2026-07-15 12:55:59 UTC,2026-07-15 13:01:15 UTC,315.6,0.3158,0.0042,0.0,-0.0012,-0.11,-28.5,STOP_LOSS_HIT,0.0852
1265,TRUMP_USDT,LONG,StochasticRSI(FAST_SCALP-LONG),2,0.2,1.588,1.582,1.592,1.582,2026-07-15 13:03:59 UTC,2026-07-15 13:13:02 UTC,542.83,0.3176,0.0042,0.0,-0.0012,-0.11,-28.34,STOP_LOSS_HIT,0.084
1266,TRUMP_USDT,LONG,StochasticRSI(FAST_SCALP-LONG),2,0.2,1.585,1.579,1.589,1.579,2026-07-15 13:15:59 UTC,2026-07-15 13:24:03 UTC,483.19,0.317,0.0042,0.0,-0.0012,-0.11,-28.39,STOP_LOSS_HIT,0.0828
1267,TRUMP_USDT,LONG,StochasticRSI(FAST_SCALP-LONG),2,0.2,1.583,1.577,1.587,1.577,2026-07-15 13:28:59 UTC,2026-07-15 13:46:19 UTC,1039.87,0.3166,0.0042,0.0,-0.0012,-0.11,-28.43,STOP_LOSS_HIT,0.0816
1268,TRUMP_USDT,LONG,StochasticRSI(FAST_SCALP-LONG),2,0.2,1.574,1.568,1.578,1.568,2026-07-15 13:50:59 UTC,2026-07-15 13:53:22 UTC,142.03,0.3148,0.0042,0.0,-0.0012,-0.11,-28.59,STOP_LOSS_HIT,0.0804
1269,TRUMP_USDT,SHORT,StochasticRSI(FAST_SCALP-SHORT),2,0.2,1.576,1.572,1.572,1.582,2026-07-15 14:05:59 UTC,2026-07-15 14:20:21 UTC,861.37,0.3152,0.0042,0.0,0.0008,0.08,19.04,MIN_PROFIT_TP_HIT,0.0812
1270,TRUMP_USDT,LONG,StochasticRSI(FAST_SCALP-LONG),2,0.2,1.573,1.577,1.577,1.567,2026-07-15 14:22:59 UTC,2026-07-15 14:29:19 UTC,379.08,0.3146,0.0042,0.0,0.0008,0.08,19.07,MIN_PROFIT_TP_HIT,0.082
1271,TRUMP_USDT,SHORT,StochasticRSI(FAST_SCALP-SHORT),2,0.2,1.574,1.57,1.57,1.58,2026-07-15 14:32:59 UTC,2026-07-15 14:43:00 UTC,600.08,0.3148,0.0042,0.0,0.0008,0.08,19.06,MIN_PROFIT_TP_HIT,0.0828
1272,TRUMP_USDT,LONG,StochasticRSI(FAST_SCALP-LONG),2,0.2,1.573,1.577,1.577,1.567,2026-07-15 14:44:59 UTC,2026-07-15 14:59:49 UTC,889.78,0.3146,0.0042,0.0,0.0008,0.08,19.07,MIN_PROFIT_TP_HIT,0.0836
1273,TRUMP_USDT,SHORT,StochasticRSI(FAST_SCALP-SHORT),2,0.2,1.574,1.57,1.57,1.58,2026-07-15 15:01:59 UTC,2026-07-15 15:15:06 UTC,786.18,0.3148,0.0042,0.0,0.0008,0.08,19.06,MIN_PROFIT_TP_HIT,0.0844
1274,TRUMP_USDT,LONG,StochasticRSI(FAST_SCALP-LONG),2,0.2,1.573,1.567,1.577,1.567,2026-07-15 15:18:59 UTC,2026-07-15 15:23:59 UTC,299.86,0.3146,0.0042,0.0,-0.0012,-0.11,-28.61,STOP_LOSS_HIT,0.0832
1275,TRUMP_USDT,LONG,StochasticRSI(FAST_SCALP-LONG),2,0.2,1.567,1.571,1.571,1.561,2026-07-15 15:27:59 UTC,2026-07-15 15:33:42 UTC,342.73,0.3134,0.0042,0.0,0.0008,0.08,19.14,MIN_PROFIT_TP_HIT,0.084
1276,TRUMP_USDT,SHORT,StochasticRSI(FAST_SCALP-SHORT),2,0.2,1.57,1.566,1.566,1.576,2026-07-15 15:36:59 UTC,2026-07-15 16:04:41 UTC,1661.49,0.314,0.0042,0.0,0.0008,0.08,19.11,MIN_PROFIT_TP_HIT,0.0848
1277,TRUMP_USDT,LONG,StochasticRSI(FAST_SCALP-LONG),2,0.2,1.564,1.568,1.568,1.558,2026-07-15 16:08:59 UTC,2026-07-15 16:19:26 UTC,626.01,0.3128,0.0042,0.0,0.0008,0.08,19.18,MIN_PROFIT_TP_HIT,0.0856
1278,TRUMP_USDT,SHORT,StochasticRSI(FAST_SCALP-SHORT),2,0.2,1.564,1.56,1.56,1.57,2026-07-15 16:21:59 UTC,2026-07-15 16:35:02 UTC,782.57,0.3128,0.0042,0.0,0.0008,0.08,19.18,MIN_PROFIT_TP_HIT,0.0864
1279,TRUMP_USDT,LONG,StochasticRSI(FAST_SCALP-LONG),2,0.2,1.559,1.563,1.563,1.553,2026-07-15 16:38:59 UTC,2026-07-15 16:44:52 UTC,352.02,0.3118,0.0042,0.0,0.0008,0.08,19.24,MIN_PROFIT_TP_HIT,0.0872
1280,TRUMP_USDT,SHORT,StochasticRSI(FAST_SCALP-SHORT),2,0.2,1.567,1.563,1.563,1.573,2026-07-15 16:46:59 UTC,2026-07-15 16:48:55 UTC,115.5,0.3134,0.0042,0.0,0.0008,0.08,19.14,MIN_PROFIT_TP_HIT,0.088
1281,TRUMP_USDT,LONG,StochasticRSI(FAST_SCALP-LONG),2,0.2,1.563,1.567,1.567,1.557,2026-07-15 17:00:59 UTC,2026-07-15 17:23:01 UTC,1321.26,0.3126,0.0042,0.0,0.0008,0.08,19.19,MIN_PROFIT_TP_HIT,0.0888
1282,TRUMP_USDT,SHORT,StochasticRSI(FAST_SCALP-SHORT),2,0.2,1.565,1.571,1.561,1.571,2026-07-15 17:27:59 UTC,2026-07-15 17:46:16 UTC,1096.66,0.313,0.0042,0.0,-0.0012,-0.11,-28.75,STOP_LOSS_HIT,0.0876
1283,TRUMP_USDT,SHORT,StochasticRSI(FAST_SCALP-SHORT),2,0.2,1.572,1.578,1.568,1.578,2026-07-15 17:49:59 UTC,2026-07-15 17:59:32 UTC,572.05,0.3144,0.0042,0.0,-0.0012,-0.11,-28.63,STOP_LOSS_HIT,0.0864
1284,TRUMP_USDT,LONG,StochasticRSI(FAST_SCALP-LONG),2,0.2,1.578,1.582,1.582,1.572,2026-07-15 18:00:59 UTC,2026-07-15 18:02:09 UTC,69.16,0.3156,0.0042,0.0,0.0008,0.08,19.01,MIN_PROFIT_TP_HIT,0.0872
1285,TRUMP_USDT,LONG,StochasticRSI(FAST_SCALP-LONG),2,0.2,1.581,1.585,1.585,1.575,2026-07-15 18:05:59 UTC,2026-07-15 18:08:20 UTC,140.43,0.3162,0.0042,0.0,0.0008,0.08,18.98,MIN_PROFIT_TP_HIT,0.088
1286,TRUMP_USDT,LONG,StochasticRSI(FAST_SCALP-LONG),2,0.2,1.589,1.583,1.593,1.583,2026-07-15 18:14:59 UTC,2026-07-15 18:21:15 UTC,375.02,0.3178,0.0042,0.0,-0.0012,-0.11,-28.32,STOP_LOSS_HIT,0.0868
1287,TRUMP_USDT,LONG,StochasticRSI(FAST_SCALP-LONG),2,0.2,1.583,1.587,1.587,1.577,2026-07-15 18:24:59 UTC,2026-07-15 18:32:28 UTC,448.92,0.3166,0.0042,0.0,0.0008,0.08,18.95,MIN_PROFIT_TP_HIT,0.0876
1288,TRUMP_USDT,SHORT,StochasticRSI(FAST_SCALP-SHORT),2,0.2,1.592,1.588,1.588,1.598,2026-07-15 18:35:59 UTC,2026-07-15 18:39:43 UTC,223.04,0.3184,0.0042,0.0,0.0008,0.08,18.84,MIN_PROFIT_TP_HIT,0.0884
1289,TRUMP_USDT,LONG,StochasticRSI(FAST_SCALP-LONG),2,0.2,1.585,1.589,1.589,1.579,2026-07-15 18:44:59 UTC,2026-07-15 18:47:03 UTC,123.34,0.317,0.0042,0.0,0.0008,0.08,18.93,MIN_PROFIT_TP_HIT,0.0892
1290,TRUMP_USDT,LONG,StochasticRSI(FAST_SCALP-LONG),2,0.2,1.59,1.584,1.594,1.584,2026-07-15 18:48:59 UTC,2026-07-15 18:51:25 UTC,145.57,0.318,0.0042,0.0,-0.0012,-0.11,-28.3,STOP_LOSS_HIT,0.088
1291,TRUMP_USDT,SHORT,StochasticRSI(FAST_SCALP-SHORT),2,0.2,1.585,1.581,1.581,1.591,2026-07-15 18:52:59 UTC,2026-07-15 18:58:30 UTC,330.38,0.317,0.0042,0.0,0.0008,0.08,18.93,MIN_PROFIT_TP_HIT,0.0888
1292,TRUMP_USDT,LONG,StochasticRSI(FAST_SCALP-LONG),2,0.2,1.582,1.586,1.586,1.576,2026-07-15 19:00:59 UTC,2026-07-15 19:31:05 UTC,1805.55,0.3164,0.0042,0.0,0.0008,0.08,18.96,MIN_PROFIT_TP_HIT,0.0896
1293,TRUMP_USDT,SHORT,StochasticRSI(FAST_SCALP-SHORT),2,0.2,1.585,1.581,1.581,1.591,2026-07-15 19:34:59 UTC,2026-07-15 19:50:04 UTC,904.08,0.317,0.0042,0.0,0.0008,0.08,18.93,MIN_PROFIT_TP_HIT,0.0904
1294,TRUMP_USDT,LONG,StochasticRSI(FAST_SCALP-LONG),2,0.2,1.583,1.587,1.587,1.577,2026-07-15 19:52:59 UTC,2026-07-15 20:00:37 UTC,457.0,0.3166,0.0042,0.0,0.0008,0.08,18.95,MIN_PROFIT_TP_HIT,0.0912
1295,TRUMP_USDT,SHORT,StochasticRSI(FAST_SCALP-SHORT),2,0.2,1.587,1.583,1.583,1.593,2026-07-15 20:06:59 UTC,2026-07-15 20:33:39 UTC,1599.91,0.3174,0.0042,0.0,0.0008,0.08,18.9,MIN_PROFIT_TP_HIT,0.092
1296,TRUMP_USDT,SHORT,StochasticRSI(FAST_SCALP-SHORT),2,0.2,1.587,1.583,1.583,1.593,2026-07-15 20:42:59 UTC,2026-07-15 20:53:32 UTC,632.35,0.3174,0.0042,0.0,0.0008,0.08,18.9,MIN_PROFIT_TP_HIT,0.0928
1297,TRUMP_USDT,LONG,StochasticRSI(FAST_SCALP-LONG),2,0.2,1.584,1.578,1.588,1.578,2026-07-15 20:57:59 UTC,2026-07-15 21:11:17 UTC,797.39,0.3168,0.0042,0.0,-0.0012,-0.11,-28.41,STOP_LOSS_HIT,0.0916
1298,TRUMP_USDT,LONG,StochasticRSI(FAST_SCALP-LONG),2,0.2,1.582,1.576,1.586,1.576,2026-07-15 21:17:59 UTC,2026-07-15 21:38:55 UTC,1255.04,0.3164,0.0042,0.0,-0.0012,-0.11,-28.45,STOP_LOSS_HIT,0.0904
1299,TRUMP_USDT,LONG,StochasticRSI(FAST_SCALP-LONG),2,0.2,1.578,1.572,1.582,1.572,2026-07-15 21:40:59 UTC,2026-07-15 21:58:04 UTC,1024.13,0.3156,0.0042,0.0,-0.0012,-0.11,-28.52,STOP_LOSS_HIT,0.0892
1300,TRUMP_USDT,SHORT,StochasticRSI(FAST_SCALP-SHORT),2,0.2,1.582,1.578,1.578,1.588,2026-07-15 22:04:59 UTC,2026-07-15 22:42:26 UTC,2246.1,0.3164,0.0042,0.0,0.0008,0.08,18.96,MIN_PROFIT_TP_HIT,0.09
1301,TRUMP_USDT,LONG,StochasticRSI(FAST_SCALP-LONG),2,0.2,1.577,1.581,1.581,1.571,2026-07-15 22:46:59 UTC,2026-07-15 22:54:08 UTC,428.13,0.3154,0.0042,0.0,0.0008,0.08,19.02,MIN_PROFIT_TP_HIT,0.0908
1302,TRUMP_USDT,SHORT,StochasticRSI(FAST_SCALP-SHORT),2,0.2,1.576,1.582,1.572,1.582,2026-07-15 22:55:59 UTC,2026-07-15 23:01:48 UTC,348.76,0.3152,0.0042,0.0,-0.0012,-0.11,-28.55,STOP_LOSS_HIT,0.0896
1303,TRUMP_USDT,SHORT,StochasticRSI(FAST_SCALP-SHORT),2,0.2,1.583,1.579,1.579,1.589,2026-07-15 23:04:59 UTC,2026-07-15 23:05:19 UTC,19.56,0.3166,0.0042,0.0,0.0008,0.08,18.95,MIN_PROFIT_TP_HIT,0.0904
1304,TRUMP_USDT,LONG,StochasticRSI(FAST_SCALP-LONG),2,0.2,1.583,1.577,1.587,1.577,2026-07-15 23:22:59 UTC,2026-07-15 23:40:33 UTC,1053.77,0.3166,0.0042,0.0,-0.0012,-0.11,-28.43,STOP_LOSS_HIT,0.0892
1305,TRUMP_USDT,LONG,StochasticRSI(FAST_SCALP-LONG),2,0.2,1.587,1.581,1.591,1.581,2026-07-15 23:44:59 UTC,2026-07-15 23:45:34 UTC,34.94,0.3174,0.0042,0.0,-0.0012,-0.11,-28.36,STOP_LOSS_HIT,0.088
1306,TRUMP_USDT,LONG,StochasticRSI(FAST_SCALP-LONG),2,0.2,1.579,1.583,1.583,1.573,2026-07-15 23:56:59 UTC,2026-07-16 00:02:17 UTC,317.67,0.3158,0.0042,0.0,0.0008,0.08,19.0,MIN_PROFIT_TP_HIT,0.0888
1307,TRUMP_USDT,SHORT,StochasticRSI(FAST_SCALP-SHORT),2,0.2,1.584,1.59,1.58,1.59,2026-07-16 00:05:59 UTC,2026-07-16 00:17:51 UTC,711.63,0.3168,0.0042,0.0,-0.0012,-0.11,-28.41,STOP_LOSS_HIT,0.0876
1308,TRUMP_USDT,LONG,StochasticRSI(FAST_SCALP-LONG),2,0.2,1.583,1.577,1.587,1.577,2026-07-16 00:26:59 UTC,2026-07-16 00:30:22 UTC,202.02,0.3166,0.0042,0.0,-0.0012,-0.11,-28.43,STOP_LOSS_HIT,0.0864
1309,TRUMP_USDT,LONG,StochasticRSI(FAST_SCALP-LONG),2,0.2,1.576,1.57,1.58,1.57,2026-07-16 00:32:59 UTC,2026-07-16 00:42:34 UTC,574.88,0.3152,0.0042,0.0,-0.0012,-0.11,-28.55,STOP_LOSS_HIT,0.0852
1310,TRUMP_USDT,LONG,StochasticRSI(FAST_SCALP-LONG),2,0.2,1.57,1.564,1.574,1.564,2026-07-16 00:47:59 UTC,2026-07-16 01:12:13 UTC,1453.07,0.314,0.0042,0.0,-0.0012,-0.11,-28.66,STOP_LOSS_HIT,0.084
1311,TRUMP_USDT,LONG,StochasticRSI(FAST_SCALP-LONG),2,0.2,1.568,1.562,1.572,1.562,2026-07-16 01:14:59 UTC,2026-07-16 01:18:12 UTC,192.52,0.3136,0.0042,0.0,-0.0012,-0.11,-28.7,STOP_LOSS_HIT,0.0828
1312,TRUMP_USDT,SHORT,StochasticRSI(FAST_SCALP-SHORT),2,0.2,1.562,1.568,1.558,1.568,2026-07-16 01:19:59 UTC,2026-07-16 01:27:02 UTC,422.14,0.3124,0.0042,0.0,-0.0012,-0.11,-28.81,STOP_LOSS_HIT,0.0816
1313,TRUMP_USDT,SHORT,StochasticRSI(FAST_SCALP-SHORT),2,0.2,1.567,1.573,1.563,1.573,2026-07-16 01:28:59 UTC,2026-07-16 01:41:35 UTC,755.12,0.3134,0.0042,0.0,-0.0012,-0.11,-28.72,STOP_LOSS_HIT,0.0804
1314,TRUMP_USDT,LONG,StochasticRSI(FAST_SCALP-LONG),2,0.2,1.569,1.573,1.573,1.563,2026-07-16 01:47:59 UTC,2026-07-16 01:49:14 UTC,74.32,0.3138,0.0042,0.0,0.0008,0.08,19.12,MIN_PROFIT_TP_HIT,0.0812
1315,TRUMP_USDT,SHORT,StochasticRSI(FAST_SCALP-SHORT),2,0.2,1.573,1.579,1.569,1.579,2026-07-16 01:53:59 UTC,2026-07-16 02:20:30 UTC,1590.3,0.3146,0.0042,0.0,-0.0012,-0.11,-28.61,STOP_LOSS_HIT,0.08
1316,TRUMP_USDT,SHORT,StochasticRSI(FAST_SCALP-SHORT),2,0.2,1.578,1.584,1.574,1.584,2026-07-16 02:21:59 UTC,2026-07-16 02:23:41 UTC,101.66,0.3156,0.0042,0.0,-0.0012,-0.11,-28.52,STOP_LOSS_HIT,0.0788
1317,TRUMP_USDT,SHORT,StochasticRSI(FAST_SCALP-SHORT),2,0.2,1.581,1.577,1.577,1.587,2026-07-16 02:25:59 UTC,2026-07-16 02:31:21 UTC,321.86,0.3162,0.0042,0.0,0.0008,0.08,18.98,MIN_PROFIT_TP_HIT,0.0796
1318,TRUMP_USDT,LONG,StochasticRSI(FAST_SCALP-LONG),2,0.2,1.581,1.585,1.585,1.575,2026-07-16 02:34:59 UTC,2026-07-16 02:37:01 UTC,121.27,0.3162,0.0042,0.0,0.0008,0.08,18.98,MIN_PROFIT_TP_HIT,0.0804
1319,TRUMP_USDT,SHORT,StochasticRSI(FAST_SCALP-SHORT),2,0.2,1.584,1.58,1.58,1.59,2026-07-16 02:39:59 UTC,2026-07-16 03:17:35 UTC,2255.56,0.3168,0.0042,0.0,0.0008,0.08,18.94,MIN_PROFIT_TP_HIT,0.0812
1320,TRUMP_USDT,LONG,StochasticRSI(FAST_SCALP-LONG),2,0.2,1.578,1.572,1.582,1.572,2026-07-16 03:21:59 UTC,2026-07-16 03:48:25 UTC,1585.5,0.3156,0.0042,0.0,-0.0012,-0.11,-28.52,STOP_LOSS_HIT,0.08
1321,TRUMP_USDT,LONG,StochasticRSI(FAST_SCALP-LONG),2,0.2,1.575,1.579,1.579,1.569,2026-07-16 03:50:59 UTC,2026-07-16 03:55:05 UTC,245.01,0.315,0.0042,0.0,0.0008,0.08,19.05,MIN_PROFIT_TP_HIT,0.0808
1322,TRUMP_USDT,SHORT,StochasticRSI(FAST_SCALP-SHORT),2,0.2,1.577,1.573,1.573,1.583,2026-07-16 03:58:59 UTC,2026-07-16 04:19:07 UTC,1207.51,0.3154,0.0042,0.0,0.0008,0.08,19.02,MIN_PROFIT_TP_HIT,0.0816
1323,TRUMP_USDT,LONG,StochasticRSI(FAST_SCALP-LONG),2,0.2,1.572,1.576,1.576,1.566,2026-07-16 04:22:59 UTC,2026-07-16 04:25:30 UTC,150.03,0.3144,0.0042,0.0,0.0008,0.08,19.08,MIN_PROFIT_TP_HIT,0.0824
1324,TRUMP_USDT,SHORT,StochasticRSI(FAST_SCALP-SHORT),2,0.2,1.577,1.583,1.573,1.583,2026-07-16 04:30:59 UTC,2026-07-16 04:42:16 UTC,676.92,0.3154,0.0042,0.0,-0.0012,-0.11,-28.54,STOP_LOSS_HIT,0.0812
1325,TRUMP_USDT,SHORT,StochasticRSI(FAST_SCALP-SHORT),2,0.2,1.584,1.58,1.58,1.59,2026-07-16 04:44:59 UTC,2026-07-16 04:45:51 UTC,51.85,0.3168,0.0042,0.0,0.0008,0.08,18.94,MIN_PROFIT_TP_HIT,0.082
1326,TRUMP_USDT,LONG,StochasticRSI(FAST_SCALP-LONG),2,0.2,1.583,1.587,1.587,1.577,2026-07-16 04:49:59 UTC,2026-07-16 05:08:13 UTC,1093.93,0.3166,0.0042,0.0,0.0008,0.08,18.95,MIN_PROFIT_TP_HIT,0.0828
1327,TRUMP_USDT,SHORT,StochasticRSI(FAST_SCALP-SHORT),2,0.2,1.583,1.589,1.579,1.589,2026-07-16 05:10:59 UTC,2026-07-16 05:15:14 UTC,254.21,0.3166,0.0042,0.0,-0.0012,-0.11,-28.43,STOP_LOSS_HIT,0.0816
1328,TRUMP_USDT,SHORT,StochasticRSI(FAST_SCALP-SHORT),2,0.2,1.588,1.584,1.584,1.594,2026-07-16 05:19:59 UTC,2026-07-16 05:30:10 UTC,610.98,0.3176,0.0042,0.0,0.0008,0.08,18.89,MIN_PROFIT_TP_HIT,0.0824
1329,TRUMP_USDT,LONG,StochasticRSI(FAST_SCALP-LONG),2,0.2,1.582,1.576,1.586,1.576,2026-07-16 05:33:59 UTC,2026-07-16 05:39:56 UTC,356.68,0.3164,0.0042,0.0,-0.0012,-0.11,-28.45,STOP_LOSS_HIT,0.0812
1330,TRUMP_USDT,SHORT,StochasticRSI(FAST_SCALP-SHORT),2,0.2,1.579,1.575,1.575,1.585,2026-07-16 05:45:59 UTC,2026-07-16 06:34:47 UTC,2927.66,0.3158,0.0042,0.0,0.0008,0.08,19.0,MIN_PROFIT_TP_HIT,0.082
1331,TRUMP_USDT,LONG,StochasticRSI(FAST_SCALP-LONG),2,0.2,1.574,1.578,1.578,1.568,2026-07-16 06:36:59 UTC,2026-07-16 06:48:58 UTC,718.08,0.3148,0.0042,0.0,0.0008,0.08,19.06,MIN_PROFIT_TP_HIT,0.0828
1332,TRUMP_USDT,SHORT,StochasticRSI(FAST_SCALP-SHORT),2,0.2,1.578,1.574,1.574,1.584,2026-07-16 06:51:59 UTC,2026-07-16 06:57:11 UTC,311.6,0.3156,0.0042,0.0,0.0008,0.08,19.01,MIN_PROFIT_TP_HIT,0.0836
1333,TRUMP_USDT,LONG,StochasticRSI(FAST_SCALP-LONG),2,0.2,1.571,1.565,1.575,1.565,2026-07-16 07:17:59 UTC,2026-07-16 07:34:29 UTC,989.21,0.3142,0.0042,0.0,-0.0012,-0.11,-28.64,STOP_LOSS_HIT,0.0824
1334,TRUMP_USDT,LONG,StochasticRSI(FAST_SCALP-LONG),2,0.2,1.563,1.567,1.567,1.557,2026-07-16 07:40:59 UTC,2026-07-16 07:59:44 UTC,1124.86,0.3126,0.0042,0.0,0.0008,0.08,19.19,MIN_PROFIT_TP_HIT,0.0832
1335,TRUMP_USDT,SHORT,StochasticRSI(FAST_SCALP-SHORT),2,0.2,1.566,1.562,1.562,1.572,2026-07-16 08:02:59 UTC,2026-07-16 08:06:10 UTC,190.45,0.3132,0.0042,0.0,0.0008,0.08,19.16,MIN_PROFIT_TP_HIT,0.084
1336,TRUMP_USDT,LONG,StochasticRSI(FAST_SCALP-LONG),2,0.2,1.552,1.546,1.556,1.546,2026-07-16 08:13:59 UTC,2026-07-16 08:15:35 UTC,95.27,0.3104,0.0041,0.0,-0.0012,-0.11,-28.99,STOP_LOSS_HIT,0.0828
1337,TRUMP_USDT,LONG,StochasticRSI(FAST_SCALP-LONG),2,0.2,1.55,1.554,1.554,1.544,2026-07-16 08:17:59 UTC,2026-07-16 08:23:30 UTC,330.39,0.31,0.0041,0.0,0.0008,0.08,19.35,MIN_PROFIT_TP_HIT,0.0836
1338,TRUMP_USDT,SHORT,StochasticRSI(FAST_SCALP-SHORT),2,0.2,1.553,1.559,1.549,1.559,2026-07-16 08:25:59 UTC,2026-07-16 08:33:11 UTC,431.09,0.3106,0.0041,0.0,-0.0012,-0.11,-28.98,STOP_LOSS_HIT,0.0824
1339,TRUMP_USDT,SHORT,StochasticRSI(FAST_SCALP-SHORT),2,0.2,1.559,1.555,1.555,1.565,2026-07-16 08:37:59 UTC,2026-07-16 08:44:09 UTC,369.72,0.3118,0.0042,0.0,0.0008,0.08,19.24,MIN_PROFIT_TP_HIT,0.0832
1340,TRUMP_USDT,LONG,StochasticRSI(FAST_SCALP-LONG),2,0.2,1.556,1.56,1.56,1.55,2026-07-16 08:45:59 UTC,2026-07-16 09:16:08 UTC,1808.46,0.3112,0.0041,0.0,0.0008,0.08,19.28,MIN_PROFIT_TP_HIT,0.084
1341,TRUMP_USDT,SHORT,StochasticRSI(FAST_SCALP-SHORT),2,0.2,1.558,1.564,1.554,1.564,2026-07-16 09:19:59 UTC,2026-07-16 09:26:15 UTC,375.85,0.3116,0.0042,0.0,-0.0012,-0.11,-28.88,STOP_LOSS_HIT,0.0828
1342,TRUMP_USDT,LONG,StochasticRSI(FAST_SCALP-LONG),2,0.2,1.558,1.552,1.562,1.552,2026-07-16 09:32:59 UTC,2026-07-16 10:01:08 UTC,1688.94,0.3116,0.0042,0.0,-0.0012,-0.11,-28.88,STOP_LOSS_HIT,0.0816
1343,TRUMP_USDT,SHORT,StochasticRSI(FAST_SCALP-SHORT),2,0.2,1.555,1.561,1.551,1.561,2026-07-16 10:11:59 UTC,2026-07-16 11:49:51 UTC,5871.31,0.311,0.0041,0.0,-0.0012,-0.11,-28.94,STOP_LOSS_HIT,0.0804
1344,TRUMP_USDT,SHORT,StochasticRSI(FAST_SCALP-SHORT),2,0.2,1.562,1.558,1.558,1.568,2026-07-16 12:02:59 UTC,2026-07-16 12:12:58 UTC,598.87,0.3124,0.0042,0.0,0.0008,0.08,19.21,MIN_PROFIT_TP_HIT,0.0812
1345,TRUMP_USDT,LONG,StochasticRSI(FAST_SCALP-LONG),2,0.2,1.557,1.561,1.561,1.551,2026-07-16 12:15:59 UTC,2026-07-16 12:30:00 UTC,840.62,0.3114,0.0042,0.0,0.0008,0.08,19.27,MIN_PROFIT_TP_HIT,0.082
1346,TRUMP_USDT,SHORT,StochasticRSI(FAST_SCALP-SHORT),2,0.2,1.56,1.556,1.556,1.566,2026-07-16 12:33:59 UTC,2026-07-16 12:37:17 UTC,197.72,0.312,0.0042,0.0,0.0008,0.08,19.23,MIN_PROFIT_TP_HIT,0.0828
1347,TRUMP_USDT,LONG,StochasticRSI(FAST_SCALP-LONG),2,0.2,1.55,1.554,1.554,1.544,2026-07-16 12:43:59 UTC,2026-07-16 12:47:48 UTC,228.42,0.31,0.0041,0.0,0.0008,0.08,19.35,MIN_PROFIT_TP_HIT,0.0836
1348,TRUMP_USDT,SHORT,StochasticRSI(FAST_SCALP-SHORT),2,0.2,1.552,1.558,1.548,1.558,2026-07-16 12:50:59 UTC,2026-07-16 13:11:40 UTC,1240.98,0.3104,0.0041,0.0,-0.0012,-0.11,-28.99,STOP_LOSS_HIT,0.0824
1349,TRUMP_USDT,SHORT,StochasticRSI(FAST_SCALP-SHORT),2,0.2,1.56,1.566,1.556,1.566,2026-07-16 13:16:59 UTC,2026-07-16 13:27:47 UTC,647.15,0.312,0.0042,0.0,-0.0012,-0.11,-28.85,STOP_LOSS_HIT,0.0812
1350,TRUMP_USDT,SHORT,StochasticRSI(FAST_SCALP-SHORT),2,0.2,1.567,1.573,1.563,1.573,2026-07-16 13:31:59 UTC,2026-07-16 13:37:12 UTC,312.86,0.3134,0.0042,0.0,-0.0012,-0.11,-28.72,STOP_LOSS_HIT,0.08
1351,TRUMP_USDT,SHORT,StochasticRSI(FAST_SCALP-SHORT),2,0.2,1.572,1.568,1.568,1.578,2026-07-16 13:40:59 UTC,2026-07-16 13:43:05 UTC,125.74,0.3144,0.0042,0.0,0.0008,0.08,19.08,MIN_PROFIT_TP_HIT,0.0808
1352,TRUMP_USDT,LONG,StochasticRSI(FAST_SCALP-LONG),2,0.2,1.571,1.565,1.575,1.565,2026-07-16 13:46:59 UTC,2026-07-16 13:49:30 UTC,150.12,0.3142,0.0042,0.0,-0.0012,-0.11,-28.64,STOP_LOSS_HIT,0.0796
1353,TRUMP_USDT,SHORT,StochasticRSI(FAST_SCALP-SHORT),2,0.2,1.571,1.577,1.567,1.577,2026-07-16 13:54:59 UTC,2026-07-16 14:27:47 UTC,1967.06,0.3142,0.0042,0.0,-0.0012,-0.11,-28.64,STOP_LOSS_HIT,0.0784
1354,TRUMP_USDT,SHORT,StochasticRSI(FAST_SCALP-SHORT),2,0.2,1.574,1.57,1.57,1.58,2026-07-16 14:30:59 UTC,2026-07-16 14:55:27 UTC,1467.51,0.3148,0.0042,0.0,0.0008,0.08,19.06,MIN_PROFIT_TP_HIT,0.0792
1355,TRUMP_USDT,LONG,StochasticRSI(FAST_SCALP-LONG),2,0.2,1.572,1.566,1.576,1.566,2026-07-16 14:57:59 UTC,2026-07-16 15:12:59 UTC,899.58,0.3144,0.0042,0.0,-0.0012,-0.11,-28.63,STOP_LOSS_HIT,0.078
1356,TRUMP_USDT,SHORT,StochasticRSI(FAST_SCALP-SHORT),2,0.2,1.57,1.576,1.566,1.576,2026-07-16 15:21:59 UTC,2026-07-16 15:26:39 UTC,279.04,0.314,0.0042,0.0,-0.0012,-0.11,-28.66,STOP_LOSS_HIT,0.0768
1357,TRUMP_USDT,SHORT,StochasticRSI(FAST_SCALP-SHORT),2,0.2,1.577,1.573,1.573,1.583,2026-07-16 15:28:59 UTC,2026-07-16 16:05:05 UTC,2165.04,0.3154,0.0042,0.0,0.0008,0.08,19.02,MIN_PROFIT_TP_HIT,0.0776
1358,TRUMP_USDT,SHORT,StochasticRSI(FAST_SCALP-SHORT),2,0.2,1.572,1.568,1.568,1.578,2026-07-16 16:30:59 UTC,2026-07-16 16:36:21 UTC,321.81,0.3144,0.0042,0.0,0.0008,0.08,19.08,MIN_PROFIT_TP_HIT,0.0784
1359,TRUMP_USDT,LONG,StochasticRSI(FAST_SCALP-LONG),2,0.2,1.569,1.563,1.573,1.563,2026-07-16 16:41:59 UTC,2026-07-16 17:14:43 UTC,1963.5,0.3138,0.0042,0.0,-0.0012,-0.11,-28.68,STOP_LOSS_HIT,0.0772
1360,TRUMP_USDT,SHORT,StochasticRSI(FAST_SCALP-SHORT),2,0.2,1.562,1.568,1.558,1.568,2026-07-16 17:23:59 UTC,2026-07-16 17:31:03 UTC,423.99,0.3124,0.0042,0.0,-0.0012,-0.11,-28.81,STOP_LOSS_HIT,0.076
1361,TRUMP_USDT,SHORT,StochasticRSI(FAST_SCALP-SHORT),2,0.2,1.574,1.57,1.57,1.58,2026-07-16 17:38:59 UTC,2026-07-16 17:43:46 UTC,286.64,0.3148,0.0042,0.0,0.0008,0.08,19.06,MIN_PROFIT_TP_HIT,0.0768
1362,TRUMP_USDT,LONG,StochasticRSI(FAST_SCALP-LONG),2,0.2,1.568,1.562,1.572,1.562,2026-07-16 17:48:59 UTC,2026-07-16 17:52:02 UTC,182.96,0.3136,0.0042,0.0,-0.0012,-0.11,-28.7,STOP_LOSS_HIT,0.0756
1363,TRUMP_USDT,LONG,StochasticRSI(FAST_SCALP-LONG),2,0.2,1.561,1.555,1.565,1.555,2026-07-16 17:54:59 UTC,2026-07-16 17:55:24 UTC,24.08,0.3122,0.0042,0.0,-0.0012,-0.11,-28.83,STOP_LOSS_HIT,0.0744
1364,TRUMP_USDT,SHORT,StochasticRSI(FAST_SCALP-SHORT),2,0.2,1.558,1.564,1.554,1.564,2026-07-16 18:03:59 UTC,2026-07-16 18:11:18 UTC,438.42,0.3116,0.0042,0.0,-0.0012,-0.11,-28.88,STOP_LOSS_HIT,0.0732
1365,TRUMP_USDT,SHORT,StochasticRSI(FAST_SCALP-SHORT),2,0.2,1.563,1.559,1.559,1.569,2026-07-16 18:13:59 UTC,2026-07-16 18:36:35 UTC,1355.74,0.3126,0.0042,0.0,0.0008,0.08,19.19,MIN_PROFIT_TP_HIT,0.074
1366,TRUMP_USDT,LONG,StochasticRSI(FAST_SCALP-LONG),2,0.2,1.56,1.564,1.564,1.554,2026-07-16 18:43:59 UTC,2026-07-16 18:51:38 UTC,458.2,0.312,0.0042,0.0,0.0008,0.08,19.23,MIN_PROFIT_TP_HIT,0.0748
1367,TRUMP_USDT,SHORT,StochasticRSI(FAST_SCALP-SHORT),2,0.2,1.561,1.557,1.557,1.567,2026-07-16 18:53:59 UTC,2026-07-16 19:00:02 UTC,362.79,0.3122,0.0042,0.0,0.0008,0.08,19.22,MIN_PROFIT_TP_HIT,0.0756
1368,TRUMP_USDT,LONG,StochasticRSI(FAST_SCALP-LONG),2,0.2,1.56,1.554,1.564,1.554,2026-07-16 19:01:59 UTC,2026-07-16 19:26:50 UTC,1490.78,0.312,0.0042,0.0,-0.0012,-0.11,-28.85,STOP_LOSS_HIT,0.0744
1369,TRUMP_USDT,SHORT,StochasticRSI(FAST_SCALP-SHORT),2,0.2,1.559,1.555,1.555,1.565,2026-07-16 19:32:59 UTC,2026-07-16 20:15:11 UTC,2531.55,0.3118,0.0042,0.0,0.0008,0.08,19.24,MIN_PROFIT_TP_HIT,0.0752
1370,TRUMP_USDT,SHORT,StochasticRSI(FAST_SCALP-SHORT),2,0.2,1.558,1.554,1.554,1.564,2026-07-16 20:22:59 UTC,2026-07-16 20:52:18 UTC,1758.3,0.3116,0.0042,0.0,0.0008,0.08,19.26,MIN_PROFIT_TP_HIT,0.076
1371,TRUMP_USDT,LONG,StochasticRSI(FAST_SCALP-LONG),2,0.2,1.556,1.56,1.56,1.55,2026-07-16 20:54:59 UTC,2026-07-16 21:09:25 UTC,865.82,0.3112,0.0041,0.0,0.0008,0.08,19.28,MIN_PROFIT_TP_HIT,0.0768
1372,TRUMP_USDT,SHORT,StochasticRSI(FAST_SCALP-SHORT),2,0.2,1.559,1.565,1.555,1.565,2026-07-16 21:12:59 UTC,2026-07-16 21:39:19 UTC,1579.75,0.3118,0.0042,0.0,-0.0012,-0.11,-28.86,STOP_LOSS_HIT,0.0756
1373,TRUMP_USDT,SHORT,StochasticRSI(FAST_SCALP-SHORT),2,0.2,1.564,1.56,1.56,1.57,2026-07-16 21:41:59 UTC,2026-07-16 21:56:26 UTC,866.85,0.3128,0.0042,0.0,0.0008,0.08,19.18,MIN_PROFIT_TP_HIT,0.0764
1374,TRUMP_USDT,LONG,StochasticRSI(FAST_SCALP-LONG),2,0.2,1.561,1.565,1.565,1.555,2026-07-16 22:01:59 UTC,2026-07-16 22:04:02 UTC,122.91,0.3122,0.0042,0.0,0.0008,0.08,19.22,MIN_PROFIT_TP_HIT,0.0772
1375,TRUMP_USDT,SHORT,StochasticRSI(FAST_SCALP-SHORT),2,0.2,1.566,1.562,1.562,1.572,2026-07-16 22:10:59 UTC,2026-07-16 22:15:47 UTC,287.01,0.3132,0.0042,0.0,0.0008,0.08,19.16,MIN_PROFIT_TP_HIT,0.078
1376,TRUMP_USDT,LONG,StochasticRSI(FAST_SCALP-LONG),2,0.2,1.562,1.556,1.566,1.556,2026-07-16 22:17:59 UTC,2026-07-16 22:25:24 UTC,444.02,0.3124,0.0042,0.0,-0.0012,-0.11,-28.81,STOP_LOSS_HIT,0.0768
1377,TRUMP_USDT,LONG,StochasticRSI(FAST_SCALP-LONG),2,0.2,1.556,1.55,1.56,1.55,2026-07-16 22:32:59 UTC,2026-07-16 22:40:34 UTC,454.68,0.3112,0.0041,0.0,-0.0012,-0.11,-28.92,STOP_LOSS_HIT,0.0756
1378,TRUMP_USDT,LONG,StochasticRSI(FAST_SCALP-LONG),2,0.2,1.548,1.542,1.552,1.542,2026-07-16 22:45:59 UTC,2026-07-16 22:48:29 UTC,149.29,0.3096,0.0041,0.0,-0.0012,-0.11,-29.07,STOP_LOSS_HIT,0.0744
1379,TRUMP_USDT,LONG,StochasticRSI(FAST_SCALP-LONG),2,0.2,1.543,1.547,1.547,1.537,2026-07-16 22:52:59 UTC,2026-07-16 23:01:27 UTC,507.63,0.3086,0.0041,0.0,0.0008,0.08,19.44,MIN_PROFIT_TP_HIT,0.0752
1380,TRUMP_USDT,SHORT,StochasticRSI(FAST_SCALP-SHORT),2,0.2,1.544,1.54,1.54,1.55,2026-07-16 23:03:59 UTC,2026-07-16 23:11:39 UTC,459.98,0.3088,0.0041,0.0,0.0008,0.08,19.43,MIN_PROFIT_TP_HIT,0.076
1381,TRUMP_USDT,LONG,StochasticRSI(FAST_SCALP-LONG),2,0.2,1.544,1.538,1.548,1.538,2026-07-16 23:13:59 UTC,2026-07-16 23:20:18 UTC,378.95,0.3088,0.0041,0.0,-0.0012,-0.11,-29.15,STOP_LOSS_HIT,0.0748
1382,TRUMP_USDT,LONG,StochasticRSI(FAST_SCALP-LONG),2,0.2,1.537,1.541,1.541,1.531,2026-07-16 23:24:59 UTC,2026-07-16 23:26:08 UTC,68.62,0.3074,0.0041,0.0,0.0008,0.08,19.52,MIN_PROFIT_TP_HIT,0.0756
1383,TRUMP_USDT,SHORT,StochasticRSI(FAST_SCALP-SHORT),2,0.2,1.541,1.547,1.537,1.547,2026-07-16 23:30:59 UTC,2026-07-16 23:51:40 UTC,1240.65,0.3082,0.0041,0.0,-0.0012,-0.11,-29.2,STOP_LOSS_HIT,0.0744
1384,TRUMP_USDT,LONG,StochasticRSI(FAST_SCALP-LONG),2,0.2,1.544,1.548,1.548,1.538,2026-07-16 23:58:59 UTC,2026-07-17 00:03:38 UTC,278.5,0.3088,0.0041,0.0,0.0008,0.08,19.43,MIN_PROFIT_TP_HIT,0.0752
1385,TRUMP_USDT,LONG,StochasticRSI(FAST_SCALP-LONG),2,0.2,1.544,1.548,1.548,1.538,2026-07-17 00:09:59 UTC,2026-07-17 00:16:02 UTC,362.64,0.3088,0.0041,0.0,0.0008,0.08,19.43,MIN_PROFIT_TP_HIT,0.076
1386,TRUMP_USDT,SHORT,StochasticRSI(FAST_SCALP-SHORT),2,0.2,1.546,1.542,1.542,1.552,2026-07-17 00:19:59 UTC,2026-07-17 00:36:41 UTC,1001.17,0.3092,0.0041,0.0,0.0008,0.08,19.4,MIN_PROFIT_TP_HIT,0.0768
1387,TRUMP_USDT,LONG,StochasticRSI(FAST_SCALP-LONG),2,0.2,1.544,1.548,1.548,1.538,2026-07-17 00:39:59 UTC,2026-07-17 00:40:43 UTC,43.78,0.3088,0.0041,0.0,0.0008,0.08,19.43,MIN_PROFIT_TP_HIT,0.0776
1388,TRUMP_USDT,SHORT,StochasticRSI(FAST_SCALP-SHORT),2,0.2,1.548,1.554,1.544,1.554,2026-07-17 00:44:59 UTC,2026-07-17 00:58:22 UTC,802.12,0.3096,0.0041,0.0,-0.0012,-0.11,-29.07,STOP_LOSS_HIT,0.0764
1389,TRUMP_USDT,SHORT,StochasticRSI(FAST_SCALP-SHORT),2,0.2,1.558,1.554,1.554,1.564,2026-07-17 01:07:59 UTC,2026-07-17 01:20:49 UTC,769.75,0.3116,0.0042,0.0,0.0008,0.08,19.26,MIN_PROFIT_TP_HIT,0.0772
1390,TRUMP_USDT,LONG,StochasticRSI(FAST_SCALP-LONG),2,0.2,1.557,1.551,1.561,1.551,2026-07-17 01:26:59 UTC,2026-07-17 01:45:04 UTC,1084.11,0.3114,0.0042,0.0,-0.0012,-0.11,-28.9,STOP_LOSS_HIT,0.076
1391,TRUMP_USDT,LONG,StochasticRSI(FAST_SCALP-LONG),2,0.2,1.555,1.549,1.559,1.549,2026-07-17 01:48:59 UTC,2026-07-17 01:55:06 UTC,366.1,0.311,0.0041,0.0,-0.0012,-0.11,-28.94,STOP_LOSS_HIT,0.0748
1392,TRUMP_USDT,LONG,StochasticRSI(FAST_SCALP-LONG),2,0.2,1.548,1.542,1.552,1.542,2026-07-17 01:59:59 UTC,2026-07-17 02:09:34 UTC,574.37,0.3096,0.0041,0.0,-0.0012,-0.11,-29.07,STOP_LOSS_HIT,0.0736
1393,TRUMP_USDT,LONG,StochasticRSI(FAST_SCALP-LONG),2,0.2,1.543,1.537,1.547,1.537,2026-07-17 02:13:59 UTC,2026-07-17 02:37:38 UTC,1418.93,0.3086,0.0041,0.0,-0.0012,-0.11,-29.16,STOP_LOSS_HIT,0.0724
1394,TRUMP_USDT,LONG,StochasticRSI(FAST_SCALP-LONG),2,0.2,1.54,1.534,1.544,1.534,2026-07-17 02:40:59 UTC,2026-07-17 02:53:23 UTC,743.27,0.308,0.0041,0.0,-0.0012,-0.11,-29.22,STOP_LOSS_HIT,0.0712
1395,TRUMP_USDT,LONG,StochasticRSI(FAST_SCALP-LONG),2,0.2,1.538,1.542,1.542,1.532,2026-07-17 02:57:59 UTC,2026-07-17 03:03:53 UTC,354.0,0.3076,0.0041,0.0,0.0008,0.08,19.51,MIN_PROFIT_TP_HIT,0.072
1396,TRUMP_USDT,SHORT,StochasticRSI(FAST_SCALP-SHORT),2,0.2,1.547,1.553,1.543,1.553,2026-07-17 03:08:59 UTC,2026-07-17 03:22:21 UTC,801.8,0.3094,0.0041,0.0,-0.0012,-0.11,-29.09,STOP_LOSS_HIT,0.0708
1397,TRUMP_USDT,SHORT,StochasticRSI(FAST_SCALP-SHORT),2,0.2,1.552,1.548,1.548,1.558,2026-07-17 03:24:59 UTC,2026-07-17 03:47:07 UTC,1327.97,0.3104,0.0041,0.0,0.0008,0.08,19.33,MIN_PROFIT_TP_HIT,0.0716
1398,TRUMP_USDT,LONG,StochasticRSI(FAST_SCALP-LONG),2,0.2,1.55,1.544,1.554,1.544,2026-07-17 03:52:59 UTC,2026-07-17 04:19:50 UTC,1610.48,0.31,0.0041,0.0,-0.0012,-0.11,-29.03,STOP_LOSS_HIT,0.0704
1399,TRUMP_USDT,LONG,StochasticRSI(FAST_SCALP-LONG),2,0.2,1.544,1.548,1.548,1.538,2026-07-17 04:21:59 UTC,2026-07-17 04:23:07 UTC,67.95,0.3088,0.0041,0.0,0.0008,0.08,19.43,MIN_PROFIT_TP_HIT,0.0712
1400,TRUMP_USDT,SHORT,StochasticRSI(FAST_SCALP-SHORT),2,0.2,1.548,1.554,1.544,1.554,2026-07-17 04:28:59 UTC,2026-07-17 04:43:46 UTC,886.22,0.3096,0.0041,0.0,-0.0012,-0.11,-29.07,STOP_LOSS_HIT,0.07
1401,TRUMP_USDT,SHORT,StochasticRSI(FAST_SCALP-SHORT),2,0.2,1.556,1.552,1.552,1.562,2026-07-17 04:50:59 UTC,2026-07-17 05:00:06 UTC,546.56,0.3112,0.0041,0.0,0.0008,0.08,19.28,MIN_PROFIT_TP_HIT,0.0708
1402,TRUMP_USDT,LONG,StochasticRSI(FAST_SCALP-LONG),2,0.2,1.554,1.548,1.558,1.548,2026-07-17 05:04:59 UTC,2026-07-17 05:25:17 UTC,1217.15,0.3108,0.0041,0.0,-0.0012,-0.11,-28.96,STOP_LOSS_HIT,0.0696
1403,TRUMP_USDT,LONG,StochasticRSI(FAST_SCALP-LONG),2,0.2,1.548,1.542,1.552,1.542,2026-07-17 05:29:59 UTC,2026-07-17 05:40:37 UTC,637.88,0.3096,0.0041,0.0,-0.0012,-0.11,-29.07,STOP_LOSS_HIT,0.0684
1404,TRUMP_USDT,SHORT,StochasticRSI(FAST_SCALP-SHORT),2,0.2,1.536,1.542,1.532,1.542,2026-07-17 05:46:59 UTC,2026-07-17 05:49:30 UTC,150.03,0.3072,0.0041,0.0,-0.0012,-0.11,-29.3,STOP_LOSS_HIT,0.0672
1405,TRUMP_USDT,SHORT,StochasticRSI(FAST_SCALP-SHORT),2,0.2,1.539,1.545,1.535,1.545,2026-07-17 05:53:59 UTC,2026-07-17 06:05:59 UTC,719.7,0.3078,0.0041,0.0,-0.0012,-0.11,-29.24,STOP_LOSS_HIT,0.066
1406,TRUMP_USDT,SHORT,StochasticRSI(FAST_SCALP-SHORT),2,0.2,1.541,1.547,1.537,1.547,2026-07-17 06:07:59 UTC,2026-07-17 06:23:04 UTC,904.55,0.3082,0.0041,0.0,-0.0012,-0.11,-29.2,STOP_LOSS_HIT,0.0648
1407,TRUMP_USDT,SHORT,StochasticRSI(FAST_SCALP-SHORT),2,0.2,1.547,1.543,1.543,1.553,2026-07-17 06:26:59 UTC,2026-07-17 06:32:48 UTC,348.65,0.3094,0.0041,0.0,0.0008,0.08,19.39,MIN_PROFIT_TP_HIT,0.0656
1408,TRUMP_USDT,LONG,StochasticRSI(FAST_SCALP-LONG),2,0.2,1.547,1.541,1.551,1.541,2026-07-17 06:34:59 UTC,2026-07-17 06:43:37 UTC,517.19,0.3094,0.0041,0.0,-0.0012,-0.11,-29.09,STOP_LOSS_HIT,0.0644
1409,TRUMP_USDT,LONG,StochasticRSI(FAST_SCALP-LONG),2,0.2,1.542,1.536,1.546,1.536,2026-07-17 06:45:59 UTC,2026-07-17 07:22:16 UTC,2176.53,0.3084,0.0041,0.0,-0.0012,-0.11,-29.18,STOP_LOSS_HIT,0.0632
1410,TRUMP_USDT,LONG,StochasticRSI(FAST_SCALP-LONG),2,0.2,1.535,1.529,1.539,1.529,2026-07-17 07:26:59 UTC,2026-07-17 07:35:05 UTC,485.89,0.307,0.0041,0.0,-0.0012,-0.11,-29.32,STOP_LOSS_HIT,0.062
1411,TRUMP_USDT,LONG,StochasticRSI(FAST_SCALP-LONG),2,0.2,1.532,1.536,1.536,1.526,2026-07-17 07:38:59 UTC,2026-07-17 07:43:50 UTC,290.32,0.3064,0.0041,0.0,0.0008,0.08,19.58,MIN_PROFIT_TP_HIT,0.0628
1412,TRUMP_USDT,SHORT,StochasticRSI(FAST_SCALP-SHORT),2,0.2,1.533,1.529,1.529,1.539,2026-07-17 07:45:59 UTC,2026-07-17 08:16:28 UTC,1828.01,0.3066,0.0041,0.0,0.0008,0.08,19.57,MIN_PROFIT_TP_HIT,0.0636
1413,TRUMP_USDT,LONG,StochasticRSI(FAST_SCALP-LONG),2,0.2,1.525,1.529,1.529,1.519,2026-07-17 08:20:59 UTC,2026-07-17 08:27:17 UTC,377.78,0.305,0.0041,0.0,0.0008,0.08,19.67,MIN_PROFIT_TP_HIT,0.0644
1414,TRUMP_USDT,SHORT,StochasticRSI(FAST_SCALP-SHORT),2,0.2,1.528,1.524,1.524,1.534,2026-07-17 08:28:59 UTC,2026-07-17 08:31:43 UTC,163.21,0.3056,0.0041,0.0,0.0008,0.08,19.63,MIN_PROFIT_TP_HIT,0.0652
1415,TRUMP_USDT,LONG,StochasticRSI(FAST_SCALP-LONG),2,0.2,1.525,1.529,1.529,1.519,2026-07-17 08:35:59 UTC,2026-07-17 08:43:30 UTC,450.19,0.305,0.0041,0.0,0.0008,0.08,19.67,MIN_PROFIT_TP_HIT,0.066
1416,TRUMP_USDT,SHORT,StochasticRSI(FAST_SCALP-SHORT),2,0.2,1.533,1.539,1.529,1.539,2026-07-17 08:50:59 UTC,2026-07-17 10:08:17 UTC,4637.69,0.3066,0.0041,0.0,-0.0012,-0.11,-29.35,STOP_LOSS_HIT,0.0648
1417,TRUMP_USDT,SHORT,StochasticRSI(FAST_SCALP-SHORT),2,0.2,1.539,1.535,1.535,1.545,2026-07-17 10:11:59 UTC,2026-07-17 11:51:30 UTC,5970.78,0.3078,0.0041,0.0,0.0008,0.08,19.49,MIN_PROFIT_TP_HIT,0.0656
1418,TRUMP_USDT,LONG,StochasticRSI(FAST_SCALP-LONG),2,0.2,1.537,1.531,1.541,1.531,2026-07-17 11:55:59 UTC,2026-07-17 12:31:11 UTC,2111.62,0.3074,0.0041,0.0,-0.0012,-0.11,-29.28,STOP_LOSS_HIT,0.0644
1419,TRUMP_USDT,LONG,StochasticRSI(FAST_SCALP-LONG),2,0.2,1.53,1.524,1.534,1.524,2026-07-17 12:34:59 UTC,2026-07-17 13:00:35 UTC,1535.83,0.306,0.0041,0.0,-0.0012,-0.11,-29.41,STOP_LOSS_HIT,0.0632
1420,TRUMP_USDT,LONG,StochasticRSI(FAST_SCALP-LONG),2,0.2,1.526,1.52,1.53,1.52,2026-07-17 13:03:59 UTC,2026-07-17 13:06:46 UTC,166.99,0.3052,0.0041,0.0,-0.0012,-0.11,-29.49,STOP_LOSS_HIT,0.062
1421,TRUMP_USDT,LONG,StochasticRSI(FAST_SCALP-LONG),2,0.2,1.519,1.513,1.523,1.513,2026-07-17 13:09:59 UTC,2026-07-17 13:11:14 UTC,74.55,0.3038,0.0041,0.0,-0.0012,-0.11,-29.62,STOP_LOSS_HIT,0.0608
1422,TRUMP_USDT,SHORT,StochasticRSI(FAST_SCALP-SHORT),2,0.2,1.518,1.514,1.514,1.524,2026-07-17 13:17:59 UTC,2026-07-17 13:34:54 UTC,1014.93,0.3036,0.004,0.0,0.0008,0.08,19.76,MIN_PROFIT_TP_HIT,0.0616
1423,TRUMP_USDT,LONG,StochasticRSI(FAST_SCALP-LONG),2,0.2,1.507,1.511,1.511,1.501,2026-07-17 13:39:59 UTC,2026-07-17 13:40:18 UTC,18.42,0.3014,0.004,0.0,0.0008,0.08,19.91,MIN_PROFIT_TP_HIT,0.0624
1424,TRUMP_USDT,SHORT,StochasticRSI(FAST_SCALP-SHORT),2,0.2,1.509,1.515,1.505,1.515,2026-07-17 13:45:59 UTC,2026-07-17 13:49:12 UTC,192.5,0.3018,0.004,0.0,-0.0012,-0.11,-29.82,STOP_LOSS_HIT,0.0612
1425,TRUMP_USDT,SHORT,StochasticRSI(FAST_SCALP-SHORT),2,0.2,1.522,1.528,1.518,1.528,2026-07-17 13:55:59 UTC,2026-07-17 13:59:06 UTC,186.85,0.3044,0.0041,0.0,-0.0012,-0.11,-29.57,STOP_LOSS_HIT,0.06
1426,TRUMP_USDT,SHORT,StochasticRSI(FAST_SCALP-SHORT),2,0.2,1.534,1.54,1.53,1.54,2026-07-17 14:04:59 UTC,2026-07-17 14:06:36 UTC,96.49,0.3068,0.0041,0.0,-0.0012,-0.11,-29.34,STOP_LOSS_HIT,0.0588
1427,TRUMP_USDT,LONG,StochasticRSI(FAST_SCALP-LONG),2,0.2,1.54,1.544,1.544,1.534,2026-07-17 14:16:59 UTC,2026-07-17 14:38:08 UTC,1268.65,0.308,0.0041,0.0,0.0008,0.08,19.48,MIN_PROFIT_TP_HIT,0.0596
1428,TRUMP_USDT,SHORT,StochasticRSI(FAST_SCALP-SHORT),2,0.2,1.544,1.54,1.54,1.55,2026-07-17 14:39:59 UTC,2026-07-17 14:45:26 UTC,326.12,0.3088,0.0041,0.0,0.0008,0.08,19.43,MIN_PROFIT_TP_HIT,0.0604
1429,TRUMP_USDT,LONG,StochasticRSI(FAST_SCALP-LONG),2,0.2,1.541,1.535,1.545,1.535,2026-07-17 14:46:59 UTC,2026-07-17 15:06:11 UTC,1151.16,0.3082,0.0041,0.0,-0.0012,-0.11,-29.2,STOP_LOSS_HIT,0.0592
1430,TRUMP_USDT,SHORT,StochasticRSI(FAST_SCALP-SHORT),2,0.2,1.535,1.531,1.531,1.541,2026-07-17 15:22:59 UTC,2026-07-17 15:24:09 UTC,69.62,0.307,0.0041,0.0,0.0008,0.08,19.54,MIN_PROFIT_TP_HIT,0.06
1431,TRUMP_USDT,SHORT,StochasticRSI(FAST_SCALP-SHORT),2,0.2,1.537,1.543,1.533,1.543,2026-07-17 15:32:59 UTC,2026-07-17 15:37:23 UTC,263.96,0.3074,0.0041,0.0,-0.0012,-0.11,-29.28,STOP_LOSS_HIT,0.0588
1432,TRUMP_USDT,SHORT,StochasticRSI(FAST_SCALP-SHORT),2,0.2,1.542,1.548,1.538,1.548,2026-07-17 15:42:59 UTC,2026-07-17 16:01:50 UTC,1130.54,0.3084,0.0041,0.0,-0.0012,-0.11,-29.18,STOP_LOSS_HIT,0.0576
1433,TRUMP_USDT,LONG,StochasticRSI(FAST_SCALP-LONG),2,0.2,1.548,1.552,1.552,1.542,2026-07-17 16:03:59 UTC,2026-07-17 16:10:03 UTC,363.05,0.3096,0.0041,0.0,0.0008,0.08,19.38,MIN_PROFIT_TP_HIT,0.0584
1434,TRUMP_USDT,SHORT,StochasticRSI(FAST_SCALP-SHORT),2,0.2,1.55,1.556,1.546,1.556,2026-07-17 16:14:59 UTC,2026-07-17 16:29:36 UTC,876.7,0.31,0.0041,0.0,-0.0012,-0.11,-29.03,STOP_LOSS_HIT,0.0572
1435,TRUMP_USDT,SHORT,StochasticRSI(FAST_SCALP-SHORT),2,0.2,1.553,1.559,1.549,1.559,2026-07-17 16:31:59 UTC,2026-07-17 16:37:27 UTC,327.91,0.3106,0.0041,0.0,-0.0012,-0.11,-28.98,STOP_LOSS_HIT,0.056
1436,TRUMP_USDT,SHORT,StochasticRSI(FAST_SCALP-SHORT),2,0.2,1.558,1.564,1.554,1.564,2026-07-17 16:39:59 UTC,2026-07-17 16:47:39 UTC,459.57,0.3116,0.0042,0.0,-0.0012,-0.11,-28.88,STOP_LOSS_HIT,0.0548
1437,TRUMP_USDT,SHORT,StochasticRSI(FAST_SCALP-SHORT),2,0.2,1.566,1.562,1.562,1.572,2026-07-17 16:50:59 UTC,2026-07-17 16:54:10 UTC,190.11,0.3132,0.0042,0.0,0.0008,0.08,19.16,MIN_PROFIT_TP_HIT,0.0556
1438,TRUMP_USDT,LONG,StochasticRSI(FAST_SCALP-LONG),2,0.2,1.559,1.563,1.563,1.553,2026-07-17 17:00:59 UTC,2026-07-17 17:02:25 UTC,85.28,0.3118,0.0042,0.0,0.0008,0.08,19.24,MIN_PROFIT_TP_HIT,0.0564
1439,TRUMP_USDT,SHORT,StochasticRSI(FAST_SCALP-SHORT),2,0.2,1.558,1.564,1.554,1.564,2026-07-17 17:05:59 UTC,2026-07-17 17:07:08 UTC,68.69,0.3116,0.0042,0.0,-0.0012,-0.11,-28.88,STOP_LOSS_HIT,0.0552
1440,TRUMP_USDT,LONG,StochasticRSI(FAST_SCALP-LONG),2,0.2,1.561,1.555,1.565,1.555,2026-07-17 17:17:59 UTC,2026-07-17 17:21:46 UTC,226.41,0.3122,0.0042,0.0,-0.0012,-0.11,-28.83,STOP_LOSS_HIT,0.054
1441,TRUMP_USDT,LONG,StochasticRSI(FAST_SCALP-LONG),2,0.2,1.556,1.55,1.56,1.55,2026-07-17 17:27:59 UTC,2026-07-17 17:40:31 UTC,751.41,0.3112,0.0041,0.0,-0.0012,-0.11,-28.92,STOP_LOSS_HIT,0.0528
1442,TRUMP_USDT,LONG,StochasticRSI(FAST_SCALP-LONG),2,0.2,1.552,1.546,1.556,1.546,2026-07-17 17:42:59 UTC,2026-07-17 18:06:21 UTC,1401.06,0.3104,0.0041,0.0,-0.0012,-0.11,-28.99,STOP_LOSS_HIT,0.0516
1443,TRUMP_USDT,SHORT,StochasticRSI(FAST_SCALP-SHORT),2,0.2,1.546,1.552,1.542,1.552,2026-07-17 18:07:59 UTC,2026-07-17 18:48:16 UTC,2416.53,0.3092,0.0041,0.0,-0.0012,-0.11,-29.11,STOP_LOSS_HIT,0.0504
1444,TRUMP_USDT,SHORT,StochasticRSI(FAST_SCALP-SHORT),2,0.2,1.551,1.547,1.547,1.557,2026-07-17 18:51:59 UTC,2026-07-17 19:12:05 UTC,1205.05,0.3102,0.0041,0.0,0.0008,0.08,19.34,MIN_PROFIT_TP_HIT,0.0512
1445,TRUMP_USDT,LONG,StochasticRSI(FAST_SCALP-LONG),2,0.2,1.543,1.547,1.547,1.537,2026-07-17 19:17:59 UTC,2026-07-17 19:28:50 UTC,650.8,0.3086,0.0041,0.0,0.0008,0.08,19.44,MIN_PROFIT_TP_HIT,0.052
1446,TRUMP_USDT,SHORT,StochasticRSI(FAST_SCALP-SHORT),2,0.2,1.546,1.542,1.542,1.552,2026-07-17 19:31:59 UTC,2026-07-17 20:00:09 UTC,1689.12,0.3092,0.0041,0.0,0.0008,0.08,19.4,MIN_PROFIT_TP_HIT,0.0528
1447,TRUMP_USDT,LONG,StochasticRSI(FAST_SCALP-LONG),2,0.2,1.543,1.547,1.547,1.537,2026-07-17 20:02:59 UTC,2026-07-17 22:50:59 UTC,10079.82,0.3086,0.0041,0.0,0.0008,0.08,19.44,MIN_PROFIT_TP_HIT,0.0536
1448,TRUMP_USDT,LONG,StochasticRSI(FAST_SCALP-LONG),2,0.2,1.545,1.549,1.549,1.539,2026-07-17 23:04:59 UTC,2026-07-17 23:30:53 UTC,1553.01,0.309,0.0041,0.0,0.0008,0.08,19.42,MIN_PROFIT_TP_HIT,0.0544
1449,TRUMP_USDT,SHORT,StochasticRSI(FAST_SCALP-SHORT),2,0.2,1.548,1.554,1.544,1.554,2026-07-17 23:32:59 UTC,2026-07-17 23:46:23 UTC,803.96,0.3096,0.0041,0.0,-0.0012,-0.11,-29.07,STOP_LOSS_HIT,0.0532
1450,TRUMP_USDT,SHORT,StochasticRSI(FAST_SCALP-SHORT),2,0.2,1.552,1.558,1.548,1.558,2026-07-17 23:49:59 UTC,2026-07-18 00:18:20 UTC,1700.01,0.3104,0.0041,0.0,-0.0012,-0.11,-28.99,STOP_LOSS_HIT,0.052
1451,TRUMP_USDT,SHORT,StochasticRSI(FAST_SCALP-SHORT),2,0.2,1.558,1.564,1.554,1.564,2026-07-18 00:20:59 UTC,2026-07-18 00:45:35 UTC,1475.27,0.3116,0.0042,0.0,-0.0012,-0.11,-28.88,STOP_LOSS_HIT,0.0508
1452,TRUMP_USDT,SHORT,StochasticRSI(FAST_SCALP-SHORT),2,0.2,1.564,1.56,1.56,1.57,2026-07-18 00:48:59 UTC,2026-07-18 00:55:47 UTC,407.04,0.3128,0.0042,0.0,0.0008,0.08,19.18,MIN_PROFIT_TP_HIT,0.0516
1453,TRUMP_USDT,LONG,StochasticRSI(FAST_SCALP-LONG),2,0.2,1.561,1.565,1.565,1.555,2026-07-18 00:57:59 UTC,2026-07-18 01:12:50 UTC,890.76,0.3122,0.0042,0.0,0.0008,0.08,19.22,MIN_PROFIT_TP_HIT,0.0524
1454,TRUMP_USDT,SHORT,StochasticRSI(FAST_SCALP-SHORT),2,0.2,1.565,1.571,1.561,1.571,2026-07-18 01:15:59 UTC,2026-07-18 01:26:23 UTC,623.29,0.313,0.0042,0.0,-0.0012,-0.11,-28.75,STOP_LOSS_HIT,0.0512
1455,TRUMP_USDT,SHORT,StochasticRSI(FAST_SCALP-SHORT),2,0.2,1.568,1.574,1.564,1.574,2026-07-18 01:28:59 UTC,2026-07-18 02:06:19 UTC,2239.51,0.3136,0.0042,0.0,-0.0012,-0.11,-28.7,STOP_LOSS_HIT,0.05
1456,TRUMP_USDT,SHORT,StochasticRSI(FAST_SCALP-SHORT),2,0.2,1.611,1.617,1.607,1.617,2026-07-18 02:37:59 UTC,2026-07-18 02:40:10 UTC,130.07,0.3222,0.0043,0.0,-0.0012,-0.11,-27.93,STOP_LOSS_HIT,0.0488
1457,TRUMP_USDT,LONG,StochasticRSI(FAST_SCALP-LONG),2,0.2,1.62,1.624,1.624,1.614,2026-07-18 02:41:59 UTC,2026-07-18 02:42:08 UTC,8.24,0.324,0.0043,0.0,0.0008,0.08,18.52,MIN_PROFIT_TP_HIT,0.0496
1458,TRUMP_USDT,LONG,StochasticRSI(FAST_SCALP-LONG),2,0.2,1.638,1.632,1.642,1.632,2026-07-18 02:48:59 UTC,2026-07-18 02:49:17 UTC,17.56,0.3276,0.0044,0.0,-0.0012,-0.11,-27.47,STOP_LOSS_HIT,0.0484
1459,TRUMP_USDT,LONG,StochasticRSI(FAST_SCALP-LONG),2,0.2,1.638,1.632,1.642,1.632,2026-07-18 02:55:59 UTC,2026-07-18 02:56:21 UTC,21.73,0.3276,0.0044,0.0,-0.0012,-0.11,-27.47,STOP_LOSS_HIT,0.0472
1460,TRUMP_USDT,LONG,StochasticRSI(FAST_SCALP-LONG),2,0.2,1.63,1.624,1.634,1.624,2026-07-18 03:01:59 UTC,2026-07-18 03:03:26 UTC,86.06,0.326,0.0043,0.0,-0.0012,-0.11,-27.61,STOP_LOSS_HIT,0.046
1461,TRUMP_USDT,SHORT,StochasticRSI(FAST_SCALP-SHORT),2,0.2,1.643,1.649,1.639,1.649,2026-07-18 03:12:59 UTC,2026-07-18 03:13:26 UTC,26.73,0.3286,0.0044,0.0,-0.0012,-0.11,-27.39,STOP_LOSS_HIT,0.0448
1462,TRUMP_USDT,LONG,StochasticRSI(FAST_SCALP-LONG),2,0.2,1.649,1.643,1.653,1.643,2026-07-18 03:18:59 UTC,2026-07-18 03:20:05 UTC,65.48,0.3298,0.0044,0.0,-0.0012,-0.11,-27.29,STOP_LOSS_HIT,0.0436
1463,TRUMP_USDT,LONG,StochasticRSI(FAST_SCALP-LONG),2,0.2,1.617,1.611,1.621,1.611,2026-07-18 03:27:59 UTC,2026-07-18 03:28:51 UTC,51.23,0.3234,0.0043,0.0,-0.0012,-0.11,-27.83,STOP_LOSS_HIT,0.0424
1464,TRUMP_USDT,LONG,StochasticRSI(FAST_SCALP-LONG),2,0.2,1.616,1.62,1.62,1.61,2026-07-18 03:32:59 UTC,2026-07-18 03:33:10 UTC,10.45,0.3232,0.0043,0.0,0.0008,0.08,18.56,MIN_PROFIT_TP_HIT,0.0432
1465,TRUMP_USDT,SHORT,StochasticRSI(FAST_SCALP-SHORT),2,0.2,1.62,1.626,1.616,1.626,2026-07-18 03:36:59 UTC,2026-07-18 03:40:16 UTC,196.84,0.324,0.0043,0.0,-0.0012,-0.11,-27.78,STOP_LOSS_HIT,0.042
1466,TRUMP_USDT,SHORT,StochasticRSI(FAST_SCALP-SHORT),2,0.2,1.623,1.619,1.619,1.629,2026-07-18 03:43:59 UTC,2026-07-18 03:45:38 UTC,98.54,0.3246,0.0043,0.0,0.0008,0.08,18.48,MIN_PROFIT_TP_HIT,0.0428
1467,TRUMP_USDT,SHORT,StochasticRSI(FAST_SCALP-SHORT),2,0.2,1.627,1.633,1.623,1.633,2026-07-18 03:53:59 UTC,2026-07-18 03:56:07 UTC,127.7,0.3254,0.0043,0.0,-0.0012,-0.11,-27.66,STOP_LOSS_HIT,0.0416
1468,TRUMP_USDT,SHORT,StochasticRSI(FAST_SCALP-SHORT),2,0.2,1.64,1.646,1.636,1.646,2026-07-18 04:10:59 UTC,2026-07-18 04:13:14 UTC,134.04,0.328,0.0044,0.0,-0.0012,-0.11,-27.44,STOP_LOSS_HIT,0.0404
1469,TRUMP_USDT,LONG,StochasticRSI(FAST_SCALP-LONG),2,0.2,1.629,1.633,1.633,1.623,2026-07-18 04:22:59 UTC,2026-07-18 04:24:21 UTC,81.84,0.3258,0.0043,0.0,0.0008,0.08,18.42,MIN_PROFIT_TP_HIT,0.0412
1470,TRUMP_USDT,SHORT,StochasticRSI(FAST_SCALP-SHORT),2,0.2,1.66,1.666,1.656,1.666,2026-07-18 04:32:59 UTC,2026-07-18 04:33:34 UTC,34.1,0.332,0.0044,0.0,-0.0012,-0.11,-27.11,STOP_LOSS_HIT,0.04
1471,TRUMP_USDT,LONG,StochasticRSI(FAST_SCALP-LONG),2,0.2,1.65,1.654,1.654,1.644,2026-07-18 04:40:59 UTC,2026-07-18 04:41:40 UTC,40.5,0.33,0.0044,0.0,0.0008,0.08,18.18,MIN_PROFIT_TP_HIT,0.0408
1472,TRUMP_USDT,SHORT,StochasticRSI(FAST_SCALP-SHORT),2,0.2,1.648,1.654,1.644,1.654,2026-07-18 04:48:59 UTC,2026-07-18 04:49:51 UTC,51.28,0.3296,0.0044,0.0,-0.0012,-0.11,-27.31,STOP_LOSS_HIT,0.0396
1473,TRUMP_USDT,LONG,StochasticRSI(FAST_SCALP-LONG),2,0.2,1.63,1.634,1.634,1.624,2026-07-18 04:55:59 UTC,2026-07-18 04:56:11 UTC,11.16,0.326,0.0043,0.0,0.0008,0.08,18.4,MIN_PROFIT_TP_HIT,0.0404
1474,TRUMP_USDT,LONG,StochasticRSI(FAST_SCALP-LONG),2,0.2,1.635,1.639,1.639,1.629,2026-07-18 04:57:59 UTC,2026-07-18 04:58:48 UTC,48.38,0.327,0.0044,0.0,0.0008,0.08,18.35,MIN_PROFIT_TP_HIT,0.0412
1475,TRUMP_USDT,SHORT,StochasticRSI(FAST_SCALP-SHORT),2,0.2,1.639,1.645,1.635,1.645,2026-07-18 05:02:59 UTC,2026-07-18 05:03:41 UTC,41.59,0.3278,0.0044,0.0,-0.0012,-0.11,-27.46,STOP_LOSS_HIT,0.04
1476,TRUMP_USDT,SHORT,StochasticRSI(FAST_SCALP-SHORT),2,0.2,1.65,1.656,1.646,1.656,2026-07-18 05:06:59 UTC,2026-07-18 05:08:24 UTC,84.78,0.33,0.0044,0.0,-0.0012,-0.11,-27.27,STOP_LOSS_HIT,0.0388
1477,TRUMP_USDT,SHORT,StochasticRSI(FAST_SCALP-SHORT),2,0.2,1.652,1.648,1.648,1.658,2026-07-18 05:10:59 UTC,2026-07-18 05:11:23 UTC,23.22,0.3304,0.0044,0.0,0.0008,0.08,18.16,MIN_PROFIT_TP_HIT,0.0396
1478,TRUMP_USDT,LONG,StochasticRSI(FAST_SCALP-LONG),2,0.2,1.635,1.639,1.639,1.629,2026-07-18 05:17:59 UTC,2026-07-18 05:18:24 UTC,24.52,0.327,0.0044,0.0,0.0008,0.08,18.35,MIN_PROFIT_TP_HIT,0.0404
1479,TRUMP_USDT,SHORT,StochasticRSI(FAST_SCALP-SHORT),2,0.2,1.634,1.63,1.63,1.64,2026-07-18 05:25:59 UTC,2026-07-18 05:26:37 UTC,37.21,0.3268,0.0044,0.0,0.0008,0.08,18.36,MIN_PROFIT_TP_HIT,0.0412
1480,TRUMP_USDT,LONG,StochasticRSI(FAST_SCALP-LONG),2,0.2,1.629,1.633,1.633,1.623,2026-07-18 05:29:59 UTC,2026-07-18 05:30:34 UTC,34.61,0.3258,0.0043,0.0,0.0008,0.08,18.42,MIN_PROFIT_TP_HIT,0.042
1481,TRUMP_USDT,SHORT,StochasticRSI(FAST_SCALP-SHORT),2,0.2,1.627,1.623,1.623,1.633,2026-07-18 05:35:59 UTC,2026-07-18 05:36:38 UTC,38.51,0.3254,0.0043,0.0,0.0008,0.08,18.44,MIN_PROFIT_TP_HIT,0.0428
1482,TRUMP_USDT,LONG,StochasticRSI(FAST_SCALP-LONG),2,0.2,1.622,1.616,1.626,1.616,2026-07-18 05:40:59 UTC,2026-07-18 05:41:59 UTC,59.7,0.3244,0.0043,0.0,-0.0012,-0.11,-27.74,STOP_LOSS_HIT,0.0416
1483,TRUMP_USDT,SHORT,StochasticRSI(FAST_SCALP-SHORT),2,0.2,1.624,1.62,1.62,1.63,2026-07-18 05:50:59 UTC,2026-07-18 05:52:11 UTC,71.4,0.3248,0.0043,0.0,0.0008,0.08,18.47,MIN_PROFIT_TP_HIT,0.0424
1484,TRUMP_USDT,SHORT,StochasticRSI(FAST_SCALP-SHORT),2,0.2,1.63,1.636,1.626,1.636,2026-07-18 06:05:59 UTC,2026-07-18 06:20:09 UTC,849.82,0.326,0.0043,0.0,-0.0012,-0.11,-27.61,STOP_LOSS_HIT,0.0412
1485,TRUMP_USDT,SHORT,StochasticRSI(FAST_SCALP-SHORT),2,0.2,1.637,1.633,1.633,1.643,2026-07-18 06:23:59 UTC,2026-07-18 06:24:41 UTC,41.07,0.3274,0.0044,0.0,0.0008,0.08,18.33,MIN_PROFIT_TP_HIT,0.042
1486,TRUMP_USDT,LONG,StochasticRSI(FAST_SCALP-LONG),2,0.2,1.625,1.619,1.629,1.619,2026-07-18 06:29:59 UTC,2026-07-18 06:33:28 UTC,208.79,0.325,0.0043,0.0,-0.0012,-0.11,-27.69,STOP_LOSS_HIT,0.0408
1487,TRUMP_USDT,LONG,StochasticRSI(FAST_SCALP-LONG),2,0.2,1.617,1.621,1.621,1.611,2026-07-18 06:36:59 UTC,2026-07-18 06:37:25 UTC,25.24,0.3234,0.0043,0.0,0.0008,0.08,18.55,MIN_PROFIT_TP_HIT,0.0416
1488,TRUMP_USDT,SHORT,StochasticRSI(FAST_SCALP-SHORT),2,0.2,1.63,1.626,1.626,1.636,2026-07-18 06:42:59 UTC,2026-07-18 06:45:18 UTC,138.55,0.326,0.0043,0.0,0.0008,0.08,18.4,MIN_PROFIT_TP_HIT,0.0424
1489,TRUMP_USDT,LONG,StochasticRSI(FAST_SCALP-LONG),2,0.2,1.625,1.619,1.629,1.619,2026-07-18 06:50:59 UTC,2026-07-18 07:05:12 UTC,852.1,0.325,0.0043,0.0,-0.0012,-0.11,-27.69,STOP_LOSS_HIT,0.0412
1490,TRUMP_USDT,LONG,StochasticRSI(FAST_SCALP-LONG),2,0.2,1.616,1.62,1.62,1.61,2026-07-18 07:09:59 UTC,2026-07-18 07:16:18 UTC,378.37,0.3232,0.0043,0.0,0.0008,0.08,18.56,MIN_PROFIT_TP_HIT,0.042
1491,TRUMP_USDT,SHORT,StochasticRSI(FAST_SCALP-SHORT),2,0.2,1.622,1.628,1.618,1.628,2026-07-18 07:18:59 UTC,2026-07-18 07:38:36 UTC,1176.73,0.3244,0.0043,0.0,-0.0012,-0.11,-27.74,STOP_LOSS_HIT,0.0408
1492,TRUMP_USDT,SHORT,StochasticRSI(FAST_SCALP-SHORT),2,0.2,1.628,1.634,1.624,1.634,2026-07-18 07:41:59 UTC,2026-07-18 08:00:10 UTC,1090.19,0.3256,0.0043,0.0,-0.0012,-0.11,-27.64,STOP_LOSS_HIT,0.0396
1493,TRUMP_USDT,SHORT,StochasticRSI(FAST_SCALP-SHORT),2,0.2,1.648,1.654,1.644,1.654,2026-07-18 08:06:59 UTC,2026-07-18 08:08:10 UTC,70.93,0.3296,0.0044,0.0,-0.0012,-0.11,-27.31,STOP_LOSS_HIT,0.0384
1494,TRUMP_USDT,SHORT,StochasticRSI(FAST_SCALP-SHORT),2,0.2,1.653,1.649,1.649,1.659,2026-07-18 08:13:59 UTC,2026-07-18 08:14:01 UTC,1.44,0.3306,0.0044,0.0,0.0008,0.08,18.15,MIN_PROFIT_TP_HIT,0.0392
1495,TRUMP_USDT,LONG,StochasticRSI(FAST_SCALP-LONG),2,0.2,1.638,1.642,1.642,1.632,2026-07-18 08:22:59 UTC,2026-07-18 08:23:13 UTC,13.48,0.3276,0.0044,0.0,0.0008,0.08,18.32,MIN_PROFIT_TP_HIT,0.04
1496,TRUMP_USDT,SHORT,StochasticRSI(FAST_SCALP-SHORT),2,0.2,1.64,1.636,1.636,1.646,2026-07-18 08:28:59 UTC,2026-07-18 08:29:49 UTC,49.68,0.328,0.0044,0.0,0.0008,0.08,18.29,MIN_PROFIT_TP_HIT,0.0408
1497,TRUMP_USDT,LONG,StochasticRSI(FAST_SCALP-LONG),2,0.2,1.63,1.624,1.634,1.624,2026-07-18 08:48:59 UTC,2026-07-18 08:58:44 UTC,584.78,0.326,0.0043,0.0,-0.0012,-0.11,-27.61,STOP_LOSS_HIT,0.0396
1498,TRUMP_USDT,LONG,StochasticRSI(FAST_SCALP-LONG),2,0.2,1.636,1.64,1.64,1.63,2026-07-18 09:00:59 UTC,2026-07-18 09:04:18 UTC,198.2,0.3272,0.0044,0.0,0.0008,0.08,18.34,MIN_PROFIT_TP_HIT,0.0404
1499,TRUMP_USDT,SHORT,StochasticRSI(FAST_SCALP-SHORT),2,0.2,1.636,1.632,1.632,1.642,2026-07-18 09:06:59 UTC,2026-07-18 09:08:28 UTC,88.5,0.3272,0.0044,0.0,0.0008,0.08,18.34,MIN_PROFIT_TP_HIT,0.0412
1500,TRUMP_USDT,LONG,StochasticRSI(FAST_SCALP-LONG),2,0.2,1.645,1.639,1.649,1.639,2026-07-18 09:12:59 UTC,2026-07-18 09:17:25 UTC,265.16,0.329,0.0044,0.0,-0.0012,-0.11,-27.36,STOP_LOSS_HIT,0.04
1501,TRUMP_USDT,SHORT,StochasticRSI(FAST_SCALP-SHORT),2,0.2,1.639,1.635,1.635,1.645,2026-07-18 09:18:59 UTC,2026-07-18 09:19:37 UTC,37.99,0.3278,0.0044,0.0,0.0008,0.08,18.3,MIN_PROFIT_TP_HIT,0.0408
1502,TRUMP_USDT,LONG,StochasticRSI(FAST_SCALP-LONG),2,0.2,1.641,1.645,1.645,1.635,2026-07-18 09:24:59 UTC,2026-07-18 09:25:13 UTC,13.6,0.3282,0.0044,0.0,0.0008,0.08,18.28,MIN_PROFIT_TP_HIT,0.0416
1503,TRUMP_USDT,SHORT,StochasticRSI(FAST_SCALP-SHORT),2,0.2,1.647,1.643,1.643,1.653,2026-07-18 09:29:59 UTC,2026-07-18 09:30:48 UTC,48.28,0.3294,0.0044,0.0,0.0008,0.08,18.21,MIN_PROFIT_TP_HIT,0.0424
1504,TRUMP_USDT,LONG,StochasticRSI(FAST_SCALP-LONG),2,0.2,1.656,1.66,1.66,1.65,2026-07-18 09:36:59 UTC,2026-07-18 09:37:05 UTC,5.68,0.3312,0.0044,0.0,0.0008,0.08,18.12,MIN_PROFIT_TP_HIT,0.0432
1505,TRUMP_USDT,SHORT,StochasticRSI(FAST_SCALP-SHORT),2,0.2,1.658,1.654,1.654,1.664,2026-07-18 09:40:59 UTC,2026-07-18 09:42:15 UTC,75.14,0.3316,0.0044,0.0,0.0008,0.08,18.09,MIN_PROFIT_TP_HIT,0.044
1506,TRUMP_USDT,SHORT,StochasticRSI(FAST_SCALP-SHORT),2,0.2,1.652,1.648,1.648,1.658,2026-07-18 09:43:59 UTC,2026-07-18 09:44:15 UTC,15.96,0.3304,0.0044,0.0,0.0008,0.08,18.16,MIN_PROFIT_TP_HIT,0.0448
1507,TRUMP_USDT,LONG,StochasticRSI(FAST_SCALP-LONG),2,0.2,1.659,1.653,1.663,1.653,2026-07-18 09:48:59 UTC,2026-07-18 09:49:35 UTC,35.57,0.3318,0.0044,0.0,-0.0012,-0.11,-27.12,STOP_LOSS_HIT,0.0436
1508,TRUMP_USDT,LONG,StochasticRSI(FAST_SCALP-LONG),2,0.2,1.651,1.655,1.655,1.645,2026-07-18 09:54:59 UTC,2026-07-18 09:56:04 UTC,64.88,0.3302,0.0044,0.0,0.0008,0.08,18.17,MIN_PROFIT_TP_HIT,0.0444
1509,TRUMP_USDT,SHORT,StochasticRSI(FAST_SCALP-SHORT),2,0.2,1.679,1.685,1.675,1.685,2026-07-18 10:04:59 UTC,2026-07-18 10:05:16 UTC,16.19,0.3358,0.0045,0.0,-0.0012,-0.11,-26.8,STOP_LOSS_HIT,0.0432
1510,TRUMP_USDT,LONG,StochasticRSI(FAST_SCALP-LONG),2,0.2,1.695,1.699,1.699,1.689,2026-07-18 10:14:59 UTC,2026-07-18 10:15:26 UTC,26.48,0.339,0.0045,0.0,0.0008,0.08,17.7,MIN_PROFIT_TP_HIT,0.044
1511,TRUMP_USDT,LONG,StochasticRSI(FAST_SCALP-LONG),2,0.2,1.689,1.683,1.693,1.683,2026-07-18 10:21:59 UTC,2026-07-18 10:23:09 UTC,69.14,0.3378,0.0045,0.0,-0.0012,-0.11,-26.64,STOP_LOSS_HIT,0.0428
1512,TRUMP_USDT,LONG,StochasticRSI(FAST_SCALP-LONG),2,0.2,1.683,1.687,1.687,1.677,2026-07-18 10:25:59 UTC,2026-07-18 10:27:31 UTC,91.35,0.3366,0.0045,0.0,0.0008,0.08,17.83,MIN_PROFIT_TP_HIT,0.0436
1513,TRUMP_USDT,SHORT,StochasticRSI(FAST_SCALP-SHORT),2,0.2,1.683,1.689,1.679,1.689,2026-07-18 10:35:59 UTC,2026-07-18 10:39:12 UTC,192.74,0.3366,0.0045,0.0,-0.0012,-0.11,-26.74,STOP_LOSS_HIT,0.0424
1514,TRUMP_USDT,SHORT,StochasticRSI(FAST_SCALP-SHORT),2,0.2,1.69,1.696,1.686,1.696,2026-07-18 10:42:59 UTC,2026-07-18 10:43:38 UTC,38.3,0.338,0.0045,0.0,-0.0012,-0.11,-26.63,STOP_LOSS_HIT,0.0412
1515,TRUMP_USDT,SHORT,StochasticRSI(FAST_SCALP-SHORT),2,0.2,1.696,1.692,1.692,1.702,2026-07-18 10:46:59 UTC,2026-07-18 10:47:34 UTC,34.34,0.3392,0.0045,0.0,0.0008,0.08,17.69,MIN_PROFIT_TP_HIT,0.042
1516,TRUMP_USDT,LONG,StochasticRSI(FAST_SCALP-LONG),2,0.2,1.688,1.682,1.692,1.682,2026-07-18 10:52:59 UTC,2026-07-18 10:53:28 UTC,28.95,0.3376,0.0045,0.0,-0.0012,-0.11,-26.66,STOP_LOSS_HIT,0.0408
1517,TRUMP_USDT,LONG,StochasticRSI(FAST_SCALP-LONG),2,0.2,1.682,1.686,1.686,1.676,2026-07-18 10:55:59 UTC,2026-07-18 10:59:36 UTC,216.85,0.3364,0.0045,0.0,0.0008,0.08,17.84,MIN_PROFIT_TP_HIT,0.0416
1518,TRUMP_USDT,SHORT,StochasticRSI(FAST_SCALP-SHORT),2,0.2,1.688,1.694,1.684,1.694,2026-07-18 11:05:59 UTC,2026-07-18 11:06:40 UTC,40.25,0.3376,0.0045,0.0,-0.0012,-0.11,-26.66,STOP_LOSS_HIT,0.0404
1519,TRUMP_USDT,LONG,StochasticRSI(FAST_SCALP-LONG),2,0.2,1.689,1.683,1.693,1.683,2026-07-18 11:13:59 UTC,2026-07-18 11:15:05 UTC,65.48,0.3378,0.0045,0.0,-0.0012,-0.11,-26.64,STOP_LOSS_HIT,0.0392
1520,TRUMP_USDT,LONG,StochasticRSI(FAST_SCALP-LONG),2,0.2,1.682,1.686,1.686,1.676,2026-07-18 11:21:59 UTC,2026-07-18 11:23:58 UTC,118.14,0.3364,0.0045,0.0,0.0008,0.08,17.84,MIN_PROFIT_TP_HIT,0.04
1521,TRUMP_USDT,SHORT,StochasticRSI(FAST_SCALP-SHORT),2,0.2,1.696,1.692,1.692,1.702,2026-07-18 11:33:59 UTC,2026-07-18 11:34:27 UTC,27.78,0.3392,0.0045,0.0,0.0008,0.08,17.69,MIN_PROFIT_TP_HIT,0.0408
1522,TRUMP_USDT,LONG,StochasticRSI(FAST_SCALP-LONG),2,0.2,1.692,1.686,1.696,1.686,2026-07-18 11:38:59 UTC,2026-07-18 11:41:35 UTC,155.7,0.3384,0.0045,0.0,-0.0012,-0.11,-26.6,STOP_LOSS_HIT,0.0396
1523,TRUMP_USDT,LONG,StochasticRSI(FAST_SCALP-LONG),2,0.2,1.687,1.691,1.691,1.681,2026-07-18 11:43:59 UTC,2026-07-18 11:45:45 UTC,105.95,0.3374,0.0045,0.0,0.0008,0.08,17.78,MIN_PROFIT_TP_HIT,0.0404
1524,TRUMP_USDT,LONG,StochasticRSI(FAST_SCALP-LONG),2,0.2,1.698,1.692,1.702,1.692,2026-07-18 11:46:59 UTC,2026-07-18 11:48:44 UTC,104.38,0.3396,0.0045,0.0,-0.0012,-0.11,-26.5,STOP_LOSS_HIT,0.0392
1525,TRUMP_USDT,SHORT,StochasticRSI(FAST_SCALP-SHORT),2,0.2,1.693,1.699,1.689,1.699,2026-07-18 11:50:59 UTC,2026-07-18 11:53:57 UTC,177.65,0.3386,0.0045,0.0,-0.0012,-0.11,-26.58,STOP_LOSS_HIT,0.038
1526,TRUMP_USDT,LONG,StochasticRSI(FAST_SCALP-LONG),2,0.2,1.696,1.69,1.7,1.69,2026-07-18 12:01:59 UTC,2026-07-18 12:03:39 UTC,99.04,0.3392,0.0045,0.0,-0.0012,-0.11,-26.53,STOP_LOSS_HIT,0.0368
1527,TRUMP_USDT,SHORT,StochasticRSI(FAST_SCALP-SHORT),2,0.2,1.686,1.682,1.682,1.692,2026-07-18 12:08:59 UTC,2026-07-18 12:09:43 UTC,43.05,0.3372,0.0045,0.0,0.0008,0.08,17.79,MIN_PROFIT_TP_HIT,0.0376
1528,TRUMP_USDT,LONG,StochasticRSI(FAST_SCALP-LONG),2,0.2,1.697,1.701,1.701,1.691,2026-07-18 12:12:59 UTC,2026-07-18 12:15:08 UTC,128.05,0.3394,0.0045,0.0,0.0008,0.08,17.68,MIN_PROFIT_TP_HIT,0.0384
1529,TRUMP_USDT,SHORT,StochasticRSI(FAST_SCALP-SHORT),2,0.2,1.694,1.69,1.69,1.7,2026-07-18 12:18:59 UTC,2026-07-18 12:20:03 UTC,63.03,0.3388,0.0045,0.0,0.0008,0.08,17.71,MIN_PROFIT_TP_HIT,0.0392
1530,TRUMP_USDT,LONG,StochasticRSI(FAST_SCALP-LONG),2,0.2,1.684,1.678,1.688,1.678,2026-07-18 12:25:59 UTC,2026-07-18 12:26:54 UTC,54.91,0.3368,0.0045,0.0,-0.0012,-0.11,-26.72,STOP_LOSS_HIT,0.038
1531,TRUMP_USDT,LONG,StochasticRSI(FAST_SCALP-LONG),2,0.2,1.683,1.677,1.687,1.677,2026-07-18 12:31:59 UTC,2026-07-18 12:32:42 UTC,42.19,0.3366,0.0045,0.0,-0.0012,-0.11,-26.74,STOP_LOSS_HIT,0.0368
1532,TRUMP_USDT,SHORT,StochasticRSI(FAST_SCALP-SHORT),2,0.2,1.687,1.683,1.683,1.693,2026-07-18 12:38:59 UTC,2026-07-18 12:40:04 UTC,64.31,0.3374,0.0045,0.0,0.0008,0.08,17.78,MIN_PROFIT_TP_HIT,0.0376
1533,TRUMP_USDT,LONG,StochasticRSI(FAST_SCALP-LONG),2,0.2,1.682,1.686,1.686,1.676,2026-07-18 12:51:59 UTC,2026-07-18 12:52:30 UTC,30.89,0.3364,0.0045,0.0,0.0008,0.08,17.84,MIN_PROFIT_TP_HIT,0.0384
1534,TRUMP_USDT,LONG,StochasticRSI(FAST_SCALP-LONG),2,0.2,1.68,1.684,1.684,1.674,2026-07-18 13:02:59 UTC,2026-07-18 13:03:40 UTC,40.95,0.336,0.0045,0.0,0.0008,0.08,17.86,MIN_PROFIT_TP_HIT,0.0392
1535,TRUMP_USDT,SHORT,StochasticRSI(FAST_SCALP-SHORT),2,0.2,1.682,1.678,1.678,1.688,2026-07-18 13:07:59 UTC,2026-07-18 13:13:25 UTC,325.28,0.3364,0.0045,0.0,0.0008,0.08,17.84,MIN_PROFIT_TP_HIT,0.04
1536,TRUMP_USDT,LONG,StochasticRSI(FAST_SCALP-LONG),2,0.2,1.672,1.666,1.676,1.666,2026-07-18 13:17:59 UTC,2026-07-18 13:20:40 UTC,160.91,0.3344,0.0045,0.0,-0.0012,-0.11,-26.91,STOP_LOSS_HIT,0.0388
1537,TRUMP_USDT,LONG,StochasticRSI(FAST_SCALP-LONG),2,0.2,1.664,1.658,1.668,1.658,2026-07-18 13:22:59 UTC,2026-07-18 13:25:40 UTC,160.13,0.3328,0.0044,0.0,-0.0012,-0.11,-27.04,STOP_LOSS_HIT,0.0376
1538,TRUMP_USDT,LONG,StochasticRSI(FAST_SCALP-LONG),2,0.2,1.654,1.648,1.658,1.648,2026-07-18 13:30:59 UTC,2026-07-18 13:32:38 UTC,98.67,0.3308,0.0044,0.0,-0.0012,-0.11,-27.21,STOP_LOSS_HIT,0.0364
1539,TRUMP_USDT,SHORT,StochasticRSI(FAST_SCALP-SHORT),2,0.2,1.646,1.642,1.642,1.652,2026-07-18 13:36:59 UTC,2026-07-18 13:37:15 UTC,15.7,0.3292,0.0044,0.0,0.0008,0.08,18.23,MIN_PROFIT_TP_HIT,0.0372
1540,TRUMP_USDT,SHORT,StochasticRSI(FAST_SCALP-SHORT),2,0.2,1.643,1.649,1.639,1.649,2026-07-18 13:45:59 UTC,2026-07-18 13:47:14 UTC,74.63,0.3286,0.0044,0.0,-0.0012,-0.11,-27.39,STOP_LOSS_HIT,0.036
1541,TRUMP_USDT,SHORT,StochasticRSI(FAST_SCALP-SHORT),2,0.2,1.648,1.644,1.644,1.654,2026-07-18 13:49:59 UTC,2026-07-18 13:51:26 UTC,86.79,0.3296,0.0044,0.0,0.0008,0.08,18.2,MIN_PROFIT_TP_HIT,0.0368
1542,TRUMP_USDT,SHORT,StochasticRSI(FAST_SCALP-SHORT),2,0.2,1.652,1.648,1.648,1.658,2026-07-18 14:01:59 UTC,2026-07-18 14:02:16 UTC,16.31,0.3304,0.0044,0.0,0.0008,0.08,18.16,MIN_PROFIT_TP_HIT,0.0376
1543,TRUMP_USDT,LONG,StochasticRSI(FAST_SCALP-LONG),2,0.2,1.647,1.651,1.651,1.641,2026-07-18 14:08:59 UTC,2026-07-18 14:11:24 UTC,144.13,0.3294,0.0044,0.0,0.0008,0.08,18.21,MIN_PROFIT_TP_HIT,0.0384
1544,TRUMP_USDT,SHORT,StochasticRSI(FAST_SCALP-SHORT),2,0.2,1.654,1.65,1.65,1.66,2026-07-18 14:15:59 UTC,2026-07-18 14:19:57 UTC,237.07,0.3308,0.0044,0.0,0.0008,0.08,18.14,MIN_PROFIT_TP_HIT,0.0392
1545,TRUMP_USDT,SHORT,StochasticRSI(FAST_SCALP-SHORT),2,0.2,1.653,1.649,1.649,1.659,2026-07-18 14:20:59 UTC,2026-07-18 14:24:55 UTC,235.87,0.3306,0.0044,0.0,0.0008,0.08,18.15,MIN_PROFIT_TP_HIT,0.04
1546,TRUMP_USDT,LONG,StochasticRSI(FAST_SCALP-LONG),2,0.2,1.646,1.64,1.65,1.64,2026-07-18 14:29:59 UTC,2026-07-18 14:33:29 UTC,209.91,0.3292,0.0044,0.0,-0.0012,-0.11,-27.34,STOP_LOSS_HIT,0.0388
1547,TRUMP_USDT,SHORT,StochasticRSI(FAST_SCALP-SHORT),2,0.2,1.639,1.645,1.635,1.645,2026-07-18 14:43:59 UTC,2026-07-18 14:50:22 UTC,382.84,0.3278,0.0044,0.0,-0.0012,-0.11,-27.46,STOP_LOSS_HIT,0.0376
1548,TRUMP_USDT,SHORT,StochasticRSI(FAST_SCALP-SHORT),2,0.2,1.647,1.643,1.643,1.653,2026-07-18 14:53:59 UTC,2026-07-18 14:58:04 UTC,244.69,0.3294,0.0044,0.0,0.0008,0.08,18.21,MIN_PROFIT_TP_HIT,0.0384
1549,TRUMP_USDT,LONG,StochasticRSI(FAST_SCALP-LONG),2,0.2,1.646,1.64,1.65,1.64,2026-07-18 15:01:59 UTC,2026-07-18 15:10:33 UTC,513.29,0.3292,0.0044,0.0,-0.0012,-0.11,-27.34,STOP_LOSS_HIT,0.0372
1550,TRUMP_USDT,LONG,StochasticRSI(FAST_SCALP-LONG),2,0.2,1.643,1.647,1.647,1.637,2026-07-18 15:13:59 UTC,2026-07-18 15:15:17 UTC,77.58,0.3286,0.0044,0.0,0.0008,0.08,18.26,MIN_PROFIT_TP_HIT,0.038
1551,TRUMP_USDT,SHORT,StochasticRSI(FAST_SCALP-SHORT),2,0.2,1.651,1.657,1.647,1.657,2026-07-18 15:20:59 UTC,2026-07-18 15:21:14 UTC,14.24,0.3302,0.0044,0.0,-0.0012,-0.11,-27.26,STOP_LOSS_HIT,0.0368
1552,TRUMP_USDT,LONG,StochasticRSI(FAST_SCALP-LONG),2,0.2,1.661,1.655,1.665,1.655,2026-07-18 15:38:59 UTC,2026-07-18 15:44:21 UTC,321.57,0.3322,0.0044,0.0,-0.0012,-0.11,-27.09,STOP_LOSS_HIT,0.0356
1553,TRUMP_USDT,LONG,StochasticRSI(FAST_SCALP-LONG),2,0.2,1.659,1.653,1.663,1.653,2026-07-18 15:47:59 UTC,2026-07-18 15:52:10 UTC,250.2,0.3318,0.0044,0.0,-0.0012,-0.11,-27.12,STOP_LOSS_HIT,0.0344
1554,TRUMP_USDT,LONG,StochasticRSI(FAST_SCALP-LONG),2,0.2,1.648,1.642,1.652,1.642,2026-07-18 16:01:59 UTC,2026-07-18 16:03:22 UTC,82.99,0.3296,0.0044,0.0,-0.0012,-0.11,-27.31,STOP_LOSS_HIT,0.0332
1555,TRUMP_USDT,LONG,StochasticRSI(FAST_SCALP-LONG),2,0.2,1.646,1.64,1.65,1.64,2026-07-18 16:07:59 UTC,2026-07-18 16:11:05 UTC,185.51,0.3292,0.0044,0.0,-0.0012,-0.11,-27.34,STOP_LOSS_HIT,0.032
1556,TRUMP_USDT,LONG,StochasticRSI(FAST_SCALP-LONG),2,0.2,1.637,1.631,1.641,1.631,2026-07-18 16:18:59 UTC,2026-07-18 16:20:28 UTC,88.26,0.3274,0.0044,0.0,-0.0012,-0.11,-27.49,STOP_LOSS_HIT,0.0308
1557,TRUMP_USDT,SHORT,StochasticRSI(FAST_SCALP-SHORT),2,0.2,1.633,1.629,1.629,1.639,2026-07-18 16:37:59 UTC,2026-07-18 16:40:35 UTC,155.35,0.3266,0.0044,0.0,0.0008,0.08,18.37,MIN_PROFIT_TP_HIT,0.0316
1558,TRUMP_USDT,LONG,StochasticRSI(FAST_SCALP-LONG),2,0.2,1.631,1.625,1.635,1.625,2026-07-18 16:46:59 UTC,2026-07-18 16:56:57 UTC,597.7,0.3262,0.0043,0.0,-0.0012,-0.11,-27.59,STOP_LOSS_HIT,0.0304
1559,TRUMP_USDT,LONG,StochasticRSI(FAST_SCALP-LONG),2,0.2,1.625,1.619,1.629,1.619,2026-07-18 17:01:59 UTC,2026-07-18 17:03:43 UTC,103.1,0.325,0.0043,0.0,-0.0012,-0.11,-27.69,STOP_LOSS_HIT,0.0292
1560,TRUMP_USDT,SHORT,StochasticRSI(FAST_SCALP-SHORT),2,0.2,1.623,1.629,1.619,1.629,2026-07-18 17:09:59 UTC,2026-07-18 17:29:42 UTC,1182.2,0.3246,0.0043,0.0,-0.0012,-0.11,-27.73,STOP_LOSS_HIT,0.028
1561,TRUMP_USDT,SHORT,StochasticRSI(FAST_SCALP-SHORT),2,0.2,1.628,1.624,1.624,1.634,2026-07-18 17:35:59 UTC,2026-07-18 17:49:36 UTC,816.38,0.3256,0.0043,0.0,0.0008,0.08,18.43,MIN_PROFIT_TP_HIT,0.0288
1562,TRUMP_USDT,LONG,StochasticRSI(FAST_SCALP-LONG),2,0.2,1.626,1.62,1.63,1.62,2026-07-18 17:50:59 UTC,2026-07-18 17:55:59 UTC,299.78,0.3252,0.0043,0.0,-0.0012,-0.11,-27.68,STOP_LOSS_HIT,0.0276
1563,TRUMP_USDT,LONG,StochasticRSI(FAST_SCALP-LONG),2,0.2,1.622,1.626,1.626,1.616,2026-07-18 17:57:59 UTC,2026-07-18 18:05:28 UTC,448.64,0.3244,0.0043,0.0,0.0008,0.08,18.5,MIN_PROFIT_TP_HIT,0.0284
1564,TRUMP_USDT,SHORT,StochasticRSI(FAST_SCALP-SHORT),2,0.2,1.624,1.62,1.62,1.63,2026-07-18 18:08:59 UTC,2026-07-18 18:15:42 UTC,402.19,0.3248,0.0043,0.0,0.0008,0.08,18.47,MIN_PROFIT_TP_HIT,0.0292
1565,TRUMP_USDT,SHORT,StochasticRSI(FAST_SCALP-SHORT),2,0.2,1.622,1.628,1.618,1.628,2026-07-18 18:22:59 UTC,2026-07-18 18:24:57 UTC,117.2,0.3244,0.0043,0.0,-0.0012,-0.11,-27.74,STOP_LOSS_HIT,0.028
1566,TRUMP_USDT,LONG,StochasticRSI(FAST_SCALP-LONG),2,0.2,1.622,1.626,1.626,1.616,2026-07-18 18:35:59 UTC,2026-07-18 18:58:16 UTC,1336.27,0.3244,0.0043,0.0,0.0008,0.08,18.5,MIN_PROFIT_TP_HIT,0.0288
1567,TRUMP_USDT,SHORT,StochasticRSI(FAST_SCALP-SHORT),2,0.2,1.625,1.621,1.621,1.631,2026-07-18 18:59:59 UTC,2026-07-18 19:06:46 UTC,406.91,0.325,0.0043,0.0,0.0008,0.08,18.46,MIN_PROFIT_TP_HIT,0.0296
1568,TRUMP_USDT,LONG,StochasticRSI(FAST_SCALP-LONG),2,0.2,1.62,1.624,1.624,1.614,2026-07-18 19:10:59 UTC,2026-07-18 19:19:18 UTC,498.25,0.324,0.0043,0.0,0.0008,0.08,18.52,MIN_PROFIT_TP_HIT,0.0304
1569,TRUMP_USDT,SHORT,StochasticRSI(FAST_SCALP-SHORT),2,0.2,1.622,1.628,1.618,1.628,2026-07-18 19:22:59 UTC,2026-07-18 19:24:38 UTC,98.22,0.3244,0.0043,0.0,-0.0012,-0.11,-27.74,STOP_LOSS_HIT,0.0292
1570,TRUMP_USDT,SHORT,StochasticRSI(FAST_SCALP-SHORT),2,0.2,1.621,1.617,1.617,1.627,2026-07-18 19:27:59 UTC,2026-07-18 19:55:44 UTC,1664.85,0.3242,0.0043,0.0,0.0008,0.08,18.51,MIN_PROFIT_TP_HIT,0.03
1571,TRUMP_USDT,LONG,StochasticRSI(FAST_SCALP-LONG),2,0.2,1.619,1.613,1.623,1.613,2026-07-18 19:58:59 UTC,2026-07-18 20:29:36 UTC,1836.29,0.3238,0.0043,0.0,-0.0012,-0.11,-27.79,STOP_LOSS_HIT,0.0288
1572,TRUMP_USDT,LONG,StochasticRSI(FAST_SCALP-LONG),2,0.2,1.614,1.608,1.618,1.608,2026-07-18 20:32:59 UTC,2026-07-18 20:39:17 UTC,377.16,0.3228,0.0043,0.0,-0.0012,-0.11,-27.88,STOP_LOSS_HIT,0.0276
1573,TRUMP_USDT,SHORT,StochasticRSI(FAST_SCALP-SHORT),2,0.2,1.614,1.62,1.61,1.62,2026-07-18 20:49:59 UTC,2026-07-18 21:13:05 UTC,1385.39,0.3228,0.0043,0.0,-0.0012,-0.11,-27.88,STOP_LOSS_HIT,0.0264
1574,TRUMP_USDT,SHORT,StochasticRSI(FAST_SCALP-SHORT),2,0.2,1.623,1.619,1.619,1.629,2026-07-18 21:21:59 UTC,2026-07-18 21:31:16 UTC,556.56,0.3246,0.0043,0.0,0.0008,0.08,18.48,MIN_PROFIT_TP_HIT,0.0272
1575,TRUMP_USDT,LONG,StochasticRSI(FAST_SCALP-LONG),2,0.2,1.617,1.611,1.621,1.611,2026-07-18 21:36:59 UTC,2026-07-18 21:42:17 UTC,317.4,0.3234,0.0043,0.0,-0.0012,-0.11,-27.83,STOP_LOSS_HIT,0.026
1576,TRUMP_USDT,LONG,StochasticRSI(FAST_SCALP-LONG),2,0.2,1.612,1.616,1.616,1.606,2026-07-18 21:44:59 UTC,2026-07-18 21:48:29 UTC,209.62,0.3224,0.0043,0.0,0.0008,0.08,18.61,MIN_PROFIT_TP_HIT,0.0268
1577,TRUMP_USDT,SHORT,StochasticRSI(FAST_SCALP-SHORT),2,0.2,1.617,1.623,1.613,1.623,2026-07-18 21:51:59 UTC,2026-07-18 22:04:13 UTC,733.29,0.3234,0.0043,0.0,-0.0012,-0.11,-27.83,STOP_LOSS_HIT,0.0256
1578,TRUMP_USDT,LONG,StochasticRSI(FAST_SCALP-LONG),2,0.2,1.625,1.629,1.629,1.619,2026-07-18 22:12:59 UTC,2026-07-18 22:20:18 UTC,438.6,0.325,0.0043,0.0,0.0008,0.08,18.46,MIN_PROFIT_TP_HIT,0.0264
1579,TRUMP_USDT,LONG,StochasticRSI(FAST_SCALP-LONG),2,0.2,1.62,1.624,1.624,1.614,2026-07-18 22:25:59 UTC,2026-07-18 22:31:45 UTC,345.01,0.324,0.0043,0.0,0.0008,0.08,18.52,MIN_PROFIT_TP_HIT,0.0272
1580,TRUMP_USDT,SHORT,StochasticRSI(FAST_SCALP-SHORT),2,0.2,1.621,1.617,1.617,1.627,2026-07-18 22:33:59 UTC,2026-07-18 23:11:26 UTC,2246.22,0.3242,0.0043,0.0,0.0008,0.08,18.51,MIN_PROFIT_TP_HIT,0.028
1581,TRUMP_USDT,LONG,StochasticRSI(FAST_SCALP-LONG),2,0.2,1.616,1.62,1.62,1.61,2026-07-18 23:15:59 UTC,2026-07-18 23:19:18 UTC,198.63,0.3232,0.0043,0.0,0.0008,0.08,18.56,MIN_PROFIT_TP_HIT,0.0288
1582,TRUMP_USDT,SHORT,StochasticRSI(FAST_SCALP-SHORT),2,0.2,1.621,1.627,1.617,1.627,2026-07-18 23:22:59 UTC,2026-07-18 23:34:42 UTC,702.33,0.3242,0.0043,0.0,-0.0012,-0.11,-27.76,STOP_LOSS_HIT,0.0276
1583,TRUMP_USDT,SHORT,StochasticRSI(FAST_SCALP-SHORT),2,0.2,1.626,1.632,1.622,1.632,2026-07-18 23:39:59 UTC,2026-07-18 23:47:36 UTC,456.79,0.3252,0.0043,0.0,-0.0012,-0.11,-27.68,STOP_LOSS_HIT,0.0264
1584,TRUMP_USDT,SHORT,StochasticRSI(FAST_SCALP-SHORT),2,0.2,1.626,1.622,1.622,1.632,2026-07-18 23:49:59 UTC,2026-07-18 23:51:32 UTC,92.25,0.3252,0.0043,0.0,0.0008,0.08,18.45,MIN_PROFIT_TP_HIT,0.0272
1585,TRUMP_USDT,LONG,StochasticRSI(FAST_SCALP-LONG),2,0.2,1.621,1.625,1.625,1.615,2026-07-18 23:54:59 UTC,2026-07-18 23:58:11 UTC,191.22,0.3242,0.0043,0.0,0.0008,0.08,18.51,MIN_PROFIT_TP_HIT,0.028
1586,TRUMP_USDT,SHORT,StochasticRSI(FAST_SCALP-SHORT),2,0.2,1.624,1.62,1.62,1.63,2026-07-19 00:01:59 UTC,2026-07-19 00:03:39 UTC,99.4,0.3248,0.0043,0.0,0.0008,0.08,18.47,MIN_PROFIT_TP_HIT,0.0288
1587,TRUMP_USDT,LONG,StochasticRSI(FAST_SCALP-LONG),2,0.2,1.619,1.623,1.623,1.613,2026-07-19 00:10:59 UTC,2026-07-19 00:24:36 UTC,816.37,0.3238,0.0043,0.0,0.0008,0.08,18.53,MIN_PROFIT_TP_HIT,0.0296
1588,TRUMP_USDT,SHORT,StochasticRSI(FAST_SCALP-SHORT),2,0.2,1.634,1.64,1.63,1.64,2026-07-19 00:28:59 UTC,2026-07-19 00:30:59 UTC,119.42,0.3268,0.0044,0.0,-0.0012,-0.11,-27.54,STOP_LOSS_HIT,0.0284
1589,TRUMP_USDT,LONG,StochasticRSI(FAST_SCALP-LONG),2,0.2,1.638,1.632,1.642,1.632,2026-07-19 00:43:59 UTC,2026-07-19 00:46:16 UTC,136.1,0.3276,0.0044,0.0,-0.0012,-0.11,-27.47,STOP_LOSS_HIT,0.0272
1590,TRUMP_USDT,LONG,StochasticRSI(FAST_SCALP-LONG),2,0.2,1.631,1.625,1.635,1.625,2026-07-19 00:49:59 UTC,2026-07-19 00:55:35 UTC,335.08,0.3262,0.0043,0.0,-0.0012,-0.11,-27.59,STOP_LOSS_HIT,0.026
1591,TRUMP_USDT,LONG,StochasticRSI(FAST_SCALP-LONG),2,0.2,1.626,1.63,1.63,1.62,2026-07-19 01:06:59 UTC,2026-07-19 01:21:07 UTC,847.76,0.3252,0.0043,0.0,0.0008,0.08,18.45,MIN_PROFIT_TP_HIT,0.0268
1592,TRUMP_USDT,SHORT,StochasticRSI(FAST_SCALP-SHORT),2,0.2,1.627,1.633,1.623,1.633,2026-07-19 01:23:59 UTC,2026-07-19 01:28:45 UTC,285.89,0.3254,0.0043,0.0,-0.0012,-0.11,-27.66,STOP_LOSS_HIT,0.0256
1593,TRUMP_USDT,SHORT,StochasticRSI(FAST_SCALP-SHORT),2,0.2,1.631,1.637,1.627,1.637,2026-07-19 01:30:59 UTC,2026-07-19 01:41:27 UTC,627.46,0.3262,0.0043,0.0,-0.0012,-0.11,-27.59,STOP_LOSS_HIT,0.0244
1594,TRUMP_USDT,SHORT,StochasticRSI(FAST_SCALP-SHORT),2,0.2,1.664,1.66,1.66,1.67,2026-07-19 01:54:59 UTC,2026-07-19 01:55:52 UTC,52.16,0.3328,0.0044,0.0,0.0008,0.08,18.03,MIN_PROFIT_TP_HIT,0.0252
1595,TRUMP_USDT,LONG,StochasticRSI(FAST_SCALP-LONG),2,0.2,1.676,1.67,1.68,1.67,2026-07-19 02:00:59 UTC,2026-07-19 02:01:04 UTC,4.77,0.3352,0.0045,0.0,-0.0012,-0.11,-26.85,STOP_LOSS_HIT,0.024
1596,TRUMP_USDT,LONG,StochasticRSI(FAST_SCALP-LONG),2,0.2,1.663,1.657,1.667,1.657,2026-07-19 02:07:59 UTC,2026-07-19 02:14:24 UTC,384.64,0.3326,0.0044,0.0,-0.0012,-0.11,-27.06,STOP_LOSS_HIT,0.0228
1597,TRUMP_USDT,LONG,StochasticRSI(FAST_SCALP-LONG),2,0.2,1.653,1.657,1.657,1.647,2026-07-19 02:20:59 UTC,2026-07-19 02:23:54 UTC,174.99,0.3306,0.0044,0.0,0.0008,0.08,18.15,MIN_PROFIT_TP_HIT,0.0236
1598,TRUMP_USDT,SHORT,StochasticRSI(FAST_SCALP-SHORT),2,0.2,1.649,1.645,1.645,1.655,2026-07-19 02:25:59 UTC,2026-07-19 02:41:14 UTC,914.48,0.3298,0.0044,0.0,0.0008,0.08,18.19,MIN_PROFIT_TP_HIT,0.0244
1599,TRUMP_USDT,LONG,StochasticRSI(FAST_SCALP-LONG),2,0.2,1.643,1.647,1.647,1.637,2026-07-19 02:45:59 UTC,2026-07-19 02:49:46 UTC,226.08,0.3286,0.0044,0.0,0.0008,0.08,18.26,MIN_PROFIT_TP_HIT,0.0252
1600,TRUMP_USDT,SHORT,StochasticRSI(FAST_SCALP-SHORT),2,0.2,1.65,1.646,1.646,1.656,2026-07-19 02:57:59 UTC,2026-07-19 03:05:45 UTC,465.34,0.33,0.0044,0.0,0.0008,0.08,18.18,MIN_PROFIT_TP_HIT,0.026
1601,TRUMP_USDT,LONG,StochasticRSI(FAST_SCALP-LONG),2,0.2,1.644,1.648,1.648,1.638,2026-07-19 03:09:59 UTC,2026-07-19 03:13:38 UTC,218.96,0.3288,0.0044,0.0,0.0008,0.08,18.25,MIN_PROFIT_TP_HIT,0.0268
1602,TRUMP_USDT,SHORT,StochasticRSI(FAST_SCALP-SHORT),2,0.2,1.645,1.651,1.641,1.651,2026-07-19 03:17:59 UTC,2026-07-19 03:32:44 UTC,884.75,0.329,0.0044,0.0,-0.0012,-0.11,-27.36,STOP_LOSS_HIT,0.0256
1603,TRUMP_USDT,SHORT,StochasticRSI(FAST_SCALP-SHORT),2,0.2,1.651,1.647,1.647,1.657,2026-07-19 03:37:59 UTC,2026-07-19 03:39:55 UTC,115.84,0.3302,0.0044,0.0,0.0008,0.08,18.17,MIN_PROFIT_TP_HIT,0.0264
1604,TRUMP_USDT,LONG,StochasticRSI(FAST_SCALP-LONG),2,0.2,1.653,1.657,1.657,1.647,2026-07-19 03:43:59 UTC,2026-07-19 03:46:05 UTC,125.23,0.3306,0.0044,0.0,0.0008,0.08,18.15,MIN_PROFIT_TP_HIT,0.0272
1605,TRUMP_USDT,SHORT,StochasticRSI(FAST_SCALP-SHORT),2,0.2,1.663,1.659,1.659,1.669,2026-07-19 03:53:59 UTC,2026-07-19 04:00:05 UTC,365.43,0.3326,0.0044,0.0,0.0008,0.08,18.04,MIN_PROFIT_TP_HIT,0.028
1606,TRUMP_USDT,LONG,StochasticRSI(FAST_SCALP-LONG),2,0.2,1.657,1.661,1.661,1.651,2026-07-19 04:08:59 UTC,2026-07-19 04:11:54 UTC,174.97,0.3314,0.0044,0.0,0.0008,0.08,18.11,MIN_PROFIT_TP_HIT,0.0288
1607,TRUMP_USDT,SHORT,StochasticRSI(FAST_SCALP-SHORT),2,0.2,1.658,1.664,1.654,1.664,2026-07-19 04:13:59 UTC,2026-07-19 04:19:37 UTC,337.78,0.3316,0.0044,0.0,-0.0012,-0.11,-27.14,STOP_LOSS_HIT,0.0276
1608,TRUMP_USDT,SHORT,StochasticRSI(FAST_SCALP-SHORT),2,0.2,1.66,1.656,1.656,1.666,2026-07-19 04:21:59 UTC,2026-07-19 04:37:43 UTC,943.04,0.332,0.0044,0.0,0.0008,0.08,18.07,MIN_PROFIT_TP_HIT,0.0284
1609,TRUMP_USDT,SHORT,StochasticRSI(FAST_SCALP-SHORT),2,0.2,1.656,1.652,1.652,1.662,2026-07-19 04:38:59 UTC,2026-07-19 04:48:11 UTC,551.21,0.3312,0.0044,0.0,0.0008,0.08,18.12,MIN_PROFIT_TP_HIT,0.0292
1610,TRUMP_USDT,LONG,StochasticRSI(FAST_SCALP-LONG),2,0.2,1.653,1.657,1.657,1.647,2026-07-19 04:51:59 UTC,2026-07-19 04:54:19 UTC,139.89,0.3306,0.0044,0.0,0.0008,0.08,18.15,MIN_PROFIT_TP_HIT,0.03
1611,TRUMP_USDT,SHORT,StochasticRSI(FAST_SCALP-SHORT),2,0.2,1.653,1.659,1.649,1.659,2026-07-19 04:58:59 UTC,2026-07-19 05:03:00 UTC,240.73,0.3306,0.0044,0.0,-0.0012,-0.11,-27.22,STOP_LOSS_HIT,0.0288
1612,TRUMP_USDT,SHORT,StochasticRSI(FAST_SCALP-SHORT),2,0.2,1.657,1.653,1.653,1.663,2026-07-19 05:07:59 UTC,2026-07-19 05:10:34 UTC,154.47,0.3314,0.0044,0.0,0.0008,0.08,18.11,MIN_PROFIT_TP_HIT,0.0296
1613,TRUMP_USDT,LONG,StochasticRSI(FAST_SCALP-LONG),2,0.2,1.655,1.649,1.659,1.649,2026-07-19 05:12:59 UTC,2026-07-19 05:22:25 UTC,565.18,0.331,0.0044,0.0,-0.0012,-0.11,-27.19,STOP_LOSS_HIT,0.0284
1614,TRUMP_USDT,LONG,StochasticRSI(FAST_SCALP-LONG),2,0.2,1.651,1.645,1.655,1.645,2026-07-19 05:24:59 UTC,2026-07-19 05:27:49 UTC,169.24,0.3302,0.0044,0.0,-0.0012,-0.11,-27.26,STOP_LOSS_HIT,0.0272
1615,TRUMP_USDT,LONG,StochasticRSI(FAST_SCALP-LONG),2,0.2,1.644,1.638,1.648,1.638,2026-07-19 05:36:59 UTC,2026-07-19 05:38:53 UTC,113.96,0.3288,0.0044,0.0,-0.0012,-0.11,-27.37,STOP_LOSS_HIT,0.026
1616,TRUMP_USDT,LONG,StochasticRSI(FAST_SCALP-LONG),2,0.2,1.633,1.637,1.637,1.627,2026-07-19 05:41:59 UTC,2026-07-19 05:51:56 UTC,596.58,0.3266,0.0044,0.0,0.0008,0.08,18.37,MIN_PROFIT_TP_HIT,0.0268
1617,TRUMP_USDT,SHORT,StochasticRSI(FAST_SCALP-SHORT),2,0.2,1.633,1.639,1.629,1.639,2026-07-19 05:54:59 UTC,2026-07-19 06:15:22 UTC,1222.97,0.3266,0.0044,0.0,-0.0012,-0.11,-27.56,STOP_LOSS_HIT,0.0256
1618,TRUMP_USDT,SHORT,StochasticRSI(FAST_SCALP-SHORT),2,0.2,1.642,1.638,1.638,1.648,2026-07-19 06:20:59 UTC,2026-07-19 06:26:10 UTC,310.9,0.3284,0.0044,0.0,0.0008,0.08,18.27,MIN_PROFIT_TP_HIT,0.0264
1619,TRUMP_USDT,LONG,StochasticRSI(FAST_SCALP-LONG),2,0.2,1.639,1.633,1.643,1.633,2026-07-19 06:29:59 UTC,2026-07-19 06:34:10 UTC,250.4,0.3278,0.0044,0.0,-0.0012,-0.11,-27.46,STOP_LOSS_HIT,0.0252
1620,TRUMP_USDT,LONG,StochasticRSI(FAST_SCALP-LONG),2,0.2,1.631,1.635,1.635,1.625,2026-07-19 06:36:59 UTC,2026-07-19 06:42:18 UTC,318.42,0.3262,0.0043,0.0,0.0008,0.08,18.39,MIN_PROFIT_TP_HIT,0.026
1621,TRUMP_USDT,SHORT,StochasticRSI(FAST_SCALP-SHORT),2,0.2,1.639,1.635,1.635,1.645,2026-07-19 06:49:59 UTC,2026-07-19 06:57:48 UTC,468.12,0.3278,0.0044,0.0,0.0008,0.08,18.3,MIN_PROFIT_TP_HIT,0.0268
1622,TRUMP_USDT,LONG,StochasticRSI(FAST_SCALP-LONG),2,0.2,1.638,1.632,1.642,1.632,2026-07-19 07:01:59 UTC,2026-07-19 07:56:08 UTC,3248.97,0.3276,0.0044,0.0,-0.0012,-0.11,-27.47,STOP_LOSS_HIT,0.0256
1623,TRUMP_USDT,LONG,StochasticRSI(FAST_SCALP-LONG),2,0.2,1.635,1.629,1.639,1.629,2026-07-19 08:00:59 UTC,2026-07-19 08:27:34 UTC,1594.52,0.327,0.0044,0.0,-0.0012,-0.11,-27.52,STOP_LOSS_HIT,0.0244
1624,TRUMP_USDT,LONG,StochasticRSI(FAST_SCALP-LONG),2,0.2,1.631,1.635,1.635,1.625,2026-07-19 08:32:59 UTC,2026-07-19 08:49:36 UTC,996.21,0.3262,0.0043,0.0,0.0008,0.08,18.39,MIN_PROFIT_TP_HIT,0.0252
1625,TRUMP_USDT,SHORT,StochasticRSI(FAST_SCALP-SHORT),2,0.2,1.637,1.633,1.633,1.643,2026-07-19 08:56:59 UTC,2026-07-19 09:00:52 UTC,232.64,0.3274,0.0044,0.0,0.0008,0.08,18.33,MIN_PROFIT_TP_HIT,0.026
1626,TRUMP_USDT,LONG,StochasticRSI(FAST_SCALP-LONG),2,0.2,1.632,1.626,1.636,1.626,2026-07-19 09:01:59 UTC,2026-07-19 09:12:02 UTC,602.66,0.3264,0.0044,0.0,-0.0012,-0.11,-27.57,STOP_LOSS_HIT,0.0248
1627,TRUMP_USDT,LONG,StochasticRSI(FAST_SCALP-LONG),2,0.2,1.624,1.618,1.628,1.618,2026-07-19 09:13:59 UTC,2026-07-19 09:15:31 UTC,91.78,0.3248,0.0043,0.0,-0.0012,-0.11,-27.71,STOP_LOSS_HIT,0.0236
1628,TRUMP_USDT,LONG,StochasticRSI(FAST_SCALP-LONG),2,0.2,1.622,1.626,1.626,1.616,2026-07-19 09:17:59 UTC,2026-07-19 09:27:28 UTC,568.45,0.3244,0.0043,0.0,0.0008,0.08,18.5,MIN_PROFIT_TP_HIT,0.0244
1629,TRUMP_USDT,SHORT,StochasticRSI(FAST_SCALP-SHORT),2,0.2,1.627,1.623,1.623,1.633,2026-07-19 09:31:59 UTC,2026-07-19 09:43:13 UTC,673.36,0.3254,0.0043,0.0,0.0008,0.08,18.44,MIN_PROFIT_TP_HIT,0.0252
1630,TRUMP_USDT,LONG,StochasticRSI(FAST_SCALP-LONG),2,0.2,1.624,1.628,1.628,1.618,2026-07-19 09:44:59 UTC,2026-07-19 09:59:24 UTC,864.91,0.3248,0.0043,0.0,0.0008,0.08,18.47,MIN_PROFIT_TP_HIT,0.026
1631,TRUMP_USDT,SHORT,StochasticRSI(FAST_SCALP-SHORT),2,0.2,1.625,1.631,1.621,1.631,2026-07-19 10:01:59 UTC,2026-07-19 10:08:27 UTC,387.12,0.325,0.0043,0.0,-0.0012,-0.11,-27.69,STOP_LOSS_HIT,0.0248
1632,TRUMP_USDT,SHORT,StochasticRSI(FAST_SCALP-SHORT),2,0.2,1.627,1.623,1.623,1.633,2026-07-19 10:11:59 UTC,2026-07-19 10:30:51 UTC,1131.2,0.3254,0.0043,0.0,0.0008,0.08,18.44,MIN_PROFIT_TP_HIT,0.0256
1633,TRUMP_USDT,SHORT,StochasticRSI(FAST_SCALP-SHORT),2,0.2,1.627,1.633,1.623,1.633,2026-07-19 10:31:59 UTC,2026-07-19 10:40:48 UTC,528.87,0.3254,0.0043,0.0,-0.0012,-0.11,-27.66,STOP_LOSS_HIT,0.0244
1634,TRUMP_USDT,SHORT,StochasticRSI(FAST_SCALP-SHORT),2,0.2,1.636,1.642,1.632,1.642,2026-07-19 10:44:59 UTC,2026-07-19 10:57:04 UTC,724.86,0.3272,0.0044,0.0,-0.0012,-0.11,-27.51,STOP_LOSS_HIT,0.0232
1635,TRUMP_USDT,SHORT,StochasticRSI(FAST_SCALP-SHORT),2,0.2,1.641,1.637,1.637,1.647,2026-07-19 10:59:59 UTC,2026-07-19 11:08:55 UTC,535.4,0.3282,0.0044,0.0,0.0008,0.08,18.28,MIN_PROFIT_TP_HIT,0.024
1636,TRUMP_USDT,LONG,StochasticRSI(FAST_SCALP-LONG),2,0.2,1.637,1.641,1.641,1.631,2026-07-19 11:10:59 UTC,2026-07-19 11:35:01 UTC,1441.8,0.3274,0.0044,0.0,0.0008,0.08,18.33,MIN_PROFIT_TP_HIT,0.0248
1637,TRUMP_USDT,SHORT,StochasticRSI(FAST_SCALP-SHORT),2,0.2,1.647,1.643,1.643,1.653,2026-07-19 11:39:59 UTC,2026-07-19 11:45:26 UTC,326.67,0.3294,0.0044,0.0,0.0008,0.08,18.21,MIN_PROFIT_TP_HIT,0.0256
1638,TRUMP_USDT,LONG,StochasticRSI(FAST_SCALP-LONG),2,0.2,1.64,1.634,1.644,1.634,2026-07-19 11:49:59 UTC,2026-07-19 12:02:11 UTC,731.75,0.328,0.0044,0.0,-0.0012,-0.11,-27.44,STOP_LOSS_HIT,0.0244
1639,TRUMP_USDT,LONG,StochasticRSI(FAST_SCALP-LONG),2,0.2,1.634,1.638,1.638,1.628,2026-07-19 12:05:59 UTC,2026-07-19 12:16:00 UTC,600.52,0.3268,0.0044,0.0,0.0008,0.08,18.36,MIN_PROFIT_TP_HIT,0.0252
1640,TRUMP_USDT,SHORT,StochasticRSI(FAST_SCALP-SHORT),2,0.2,1.635,1.631,1.631,1.641,2026-07-19 12:17:59 UTC,2026-07-19 12:29:41 UTC,701.74,0.327,0.0044,0.0,0.0008,0.08,18.35,MIN_PROFIT_TP_HIT,0.026
1641,TRUMP_USDT,SHORT,StochasticRSI(FAST_SCALP-SHORT),2,0.2,1.636,1.632,1.632,1.642,2026-07-19 12:38:59 UTC,2026-07-19 12:47:17 UTC,497.95,0.3272,0.0044,0.0,0.0008,0.08,18.34,MIN_PROFIT_TP_HIT,0.0268
1642,TRUMP_USDT,LONG,StochasticRSI(FAST_SCALP-LONG),2,0.2,1.632,1.626,1.636,1.626,2026-07-19 12:51:59 UTC,2026-07-19 13:17:17 UTC,1517.22,0.3264,0.0044,0.0,-0.0012,-0.11,-27.57,STOP_LOSS_HIT,0.0256
1643,TRUMP_USDT,LONG,StochasticRSI(FAST_SCALP-LONG),2,0.2,1.623,1.627,1.627,1.617,2026-07-19 13:21:59 UTC,2026-07-19 13:25:22 UTC,202.28,0.3246,0.0043,0.0,0.0008,0.08,18.48,MIN_PROFIT_TP_HIT,0.0264
1644,TRUMP_USDT,SHORT,StochasticRSI(FAST_SCALP-SHORT),2,0.2,1.63,1.626,1.626,1.636,2026-07-19 13:34:59 UTC,2026-07-19 13:38:01 UTC,181.79,0.326,0.0043,0.0,0.0008,0.08,18.4,MIN_PROFIT_TP_HIT,0.0272
1645,TRUMP_USDT,LONG,StochasticRSI(FAST_SCALP-LONG),2,0.2,1.628,1.632,1.632,1.622,2026-07-19 13:40:59 UTC,2026-07-19 13:42:39 UTC,99.84,0.3256,0.0043,0.0,0.0008,0.08,18.43,MIN_PROFIT_TP_HIT,0.028
1646,TRUMP_USDT,SHORT,StochasticRSI(FAST_SCALP-SHORT),2,0.2,1.628,1.634,1.624,1.634,2026-07-19 13:46:59 UTC,2026-07-19 13:56:40 UTC,580.97,0.3256,0.0043,0.0,-0.0012,-0.11,-27.64,STOP_LOSS_HIT,0.0268
1647,TRUMP_USDT,SHORT,StochasticRSI(FAST_SCALP-SHORT),2,0.2,1.632,1.638,1.628,1.638,2026-07-19 14:01:59 UTC,2026-07-19 14:05:04 UTC,184.87,0.3264,0.0044,0.0,-0.0012,-0.11,-27.57,STOP_LOSS_HIT,0.0256
1648,TRUMP_USDT,SHORT,StochasticRSI(FAST_SCALP-SHORT),2,0.2,1.638,1.644,1.634,1.644,2026-07-19 14:06:59 UTC,2026-07-19 14:16:16 UTC,556.62,0.3276,0.0044,0.0,-0.0012,-0.11,-27.47,STOP_LOSS_HIT,0.0244
1649,TRUMP_USDT,LONG,StochasticRSI(FAST_SCALP-LONG),2,0.2,1.637,1.631,1.641,1.631,2026-07-19 14:17:59 UTC,2026-07-19 14:23:53 UTC,353.86,0.3274,0.0044,0.0,-0.0012,-0.11,-27.49,STOP_LOSS_HIT,0.0232
1650,TRUMP_USDT,LONG,StochasticRSI(FAST_SCALP-LONG),2,0.2,1.631,1.625,1.635,1.625,2026-07-19 14:27:59 UTC,2026-07-19 15:33:00 UTC,3900.49,0.3262,0.0043,0.0,-0.0012,-0.11,-27.59,STOP_LOSS_HIT,0.022
1651,TRUMP_USDT,LONG,StochasticRSI(FAST_SCALP-LONG),2,0.2,1.626,1.63,1.63,1.62,2026-07-19 15:35:59 UTC,2026-07-19 15:43:06 UTC,426.37,0.3252,0.0043,0.0,0.0008,0.08,18.45,MIN_PROFIT_TP_HIT,0.0228
1652,TRUMP_USDT,SHORT,StochasticRSI(FAST_SCALP-SHORT),2,0.2,1.628,1.624,1.624,1.634,2026-07-19 15:46:59 UTC,2026-07-19 15:52:12 UTC,312.97,0.3256,0.0043,0.0,0.0008,0.08,18.43,MIN_PROFIT_TP_HIT,0.0236
1653,TRUMP_USDT,LONG,StochasticRSI(FAST_SCALP-LONG),2,0.2,1.626,1.63,1.63,1.62,2026-07-19 15:55:59 UTC,2026-07-19 16:03:53 UTC,473.45,0.3252,0.0043,0.0,0.0008,0.08,18.45,MIN_PROFIT_TP_HIT,0.0244
1654,TRUMP_USDT,SHORT,StochasticRSI(FAST_SCALP-SHORT),2,0.2,1.626,1.632,1.622,1.632,2026-07-19 16:06:59 UTC,2026-07-19 16:13:51 UTC,411.22,0.3252,0.0043,0.0,-0.0012,-0.11,-27.68,STOP_LOSS_HIT,0.0232
1655,TRUMP_USDT,SHORT,StochasticRSI(FAST_SCALP-SHORT),2,0.2,1.637,1.643,1.633,1.643,2026-07-19 16:19:59 UTC,2026-07-19 16:22:45 UTC,165.31,0.3274,0.0044,0.0,-0.0012,-0.11,-27.49,STOP_LOSS_HIT,0.022
1656,TRUMP_USDT,SHORT,StochasticRSI(FAST_SCALP-SHORT),2,0.2,1.645,1.641,1.641,1.651,2026-07-19 16:25:59 UTC,2026-07-19 16:27:33 UTC,93.96,0.329,0.0044,0.0,0.0008,0.08,18.24,MIN_PROFIT_TP_HIT,0.0228
1657,TRUMP_USDT,LONG,StochasticRSI(FAST_SCALP-LONG),2,0.2,1.641,1.635,1.645,1.635,2026-07-19 16:33:59 UTC,2026-07-19 16:36:39 UTC,159.95,0.3282,0.0044,0.0,-0.0012,-0.11,-27.42,STOP_LOSS_HIT,0.0216
1658,TRUMP_USDT,LONG,StochasticRSI(FAST_SCALP-LONG),2,0.2,1.634,1.638,1.638,1.628,2026-07-19 16:39:59 UTC,2026-07-19 16:42:55 UTC,175.2,0.3268,0.0044,0.0,0.0008,0.08,18.36,MIN_PROFIT_TP_HIT,0.0224
1659,TRUMP_USDT,SHORT,StochasticRSI(FAST_SCALP-SHORT),2,0.2,1.637,1.643,1.633,1.643,2026-07-19 16:46:59 UTC,2026-07-19 16:53:33 UTC,393.69,0.3274,0.0044,0.0,-0.0012,-0.11,-27.49,STOP_LOSS_HIT,0.0212
1660,TRUMP_USDT,SHORT,StochasticRSI(FAST_SCALP-SHORT),2,0.2,1.634,1.63,1.63,1.64,2026-07-19 16:55:59 UTC,2026-07-19 17:01:24 UTC,324.03,0.3268,0.0044,0.0,0.0008,0.08,18.36,MIN_PROFIT_TP_HIT,0.022
1661,TRUMP_USDT,SHORT,StochasticRSI(FAST_SCALP-SHORT),2,0.2,1.636,1.632,1.632,1.642,2026-07-19 17:12:59 UTC,2026-07-19 17:17:31 UTC,271.42,0.3272,0.0044,0.0,0.0008,0.08,18.34,MIN_PROFIT_TP_HIT,0.0228
1662,TRUMP_USDT,LONG,StochasticRSI(FAST_SCALP-LONG),2,0.2,1.632,1.626,1.636,1.626,2026-07-19 17:20:59 UTC,2026-07-19 17:45:49 UTC,1489.85,0.3264,0.0044,0.0,-0.0012,-0.11,-27.57,STOP_LOSS_HIT,0.0216
1663,TRUMP_USDT,LONG,StochasticRSI(FAST_SCALP-LONG),2,0.2,1.628,1.622,1.632,1.622,2026-07-19 17:47:59 UTC,2026-07-19 18:03:39 UTC,939.96,0.3256,0.0043,0.0,-0.0012,-0.11,-27.64,STOP_LOSS_HIT,0.0204
1664,TRUMP_USDT,LONG,StochasticRSI(FAST_SCALP-LONG),2,0.2,1.619,1.613,1.623,1.613,2026-07-19 18:07:59 UTC,2026-07-19 18:08:06 UTC,6.85,0.3238,0.0043,0.0,-0.0012,-0.11,-27.79,STOP_LOSS_HIT,0.0192
1665,TRUMP_USDT,LONG,StochasticRSI(FAST_SCALP-LONG),2,0.2,1.62,1.624,1.624,1.614,2026-07-19 18:11:59 UTC,2026-07-19 18:13:32 UTC,92.07,0.324,0.0043,0.0,0.0008,0.08,18.52,MIN_PROFIT_TP_HIT,0.02
1666,TRUMP_USDT,SHORT,StochasticRSI(FAST_SCALP-SHORT),2,0.2,1.628,1.624,1.624,1.634,2026-07-19 18:21:59 UTC,2026-07-19 18:27:19 UTC,319.4,0.3256,0.0043,0.0,0.0008,0.08,18.43,MIN_PROFIT_TP_HIT,0.0208
1667,TRUMP_USDT,LONG,StochasticRSI(FAST_SCALP-LONG),2,0.2,1.623,1.627,1.627,1.617,2026-07-19 18:31:59 UTC,2026-07-19 18:33:43 UTC,103.8,0.3246,0.0043,0.0,0.0008,0.08,18.48,MIN_PROFIT_TP_HIT,0.0216
1668,TRUMP_USDT,SHORT,StochasticRSI(FAST_SCALP-SHORT),2,0.2,1.624,1.62,1.62,1.63,2026-07-19 18:36:59 UTC,2026-07-19 18:46:17 UTC,557.4,0.3248,0.0043,0.0,0.0008,0.08,18.47,MIN_PROFIT_TP_HIT,0.0224
1669,TRUMP_USDT,LONG,StochasticRSI(FAST_SCALP-LONG),2,0.2,1.623,1.627,1.627,1.617,2026-07-19 18:48:59 UTC,2026-07-19 18:50:01 UTC,61.8,0.3246,0.0043,0.0,0.0008,0.08,18.48,MIN_PROFIT_TP_HIT,0.0232
1670,TRUMP_USDT,SHORT,StochasticRSI(FAST_SCALP-SHORT),2,0.2,1.625,1.621,1.621,1.631,2026-07-19 18:52:59 UTC,2026-07-19 18:55:02 UTC,122.19,0.325,0.0043,0.0,0.0008,0.08,18.46,MIN_PROFIT_TP_HIT,0.024
1671,TRUMP_USDT,LONG,StochasticRSI(FAST_SCALP-LONG),2,0.2,1.619,1.623,1.623,1.613,2026-07-19 19:01:59 UTC,2026-07-19 19:17:31 UTC,931.72,0.3238,0.0043,0.0,0.0008,0.08,18.53,MIN_PROFIT_TP_HIT,0.0248
1672,TRUMP_USDT,SHORT,StochasticRSI(FAST_SCALP-SHORT),2,0.2,1.619,1.625,1.615,1.625,2026-07-19 19:18:59 UTC,2026-07-19 19:24:21 UTC,321.98,0.3238,0.0043,0.0,-0.0012,-0.11,-27.79,STOP_LOSS_HIT,0.0236
1673,TRUMP_USDT,SHORT,StochasticRSI(FAST_SCALP-SHORT),2,0.2,1.621,1.627,1.617,1.627,2026-07-19 19:26:59 UTC,2026-07-19 19:35:55 UTC,535.49,0.3242,0.0043,0.0,-0.0012,-0.11,-27.76,STOP_LOSS_HIT,0.0224
1674,TRUMP_USDT,LONG,StochasticRSI(FAST_SCALP-LONG),2,0.2,1.624,1.628,1.628,1.618,2026-07-19 19:44:59 UTC,2026-07-19 20:36:02 UTC,3062.53,0.3248,0.0043,0.0,0.0008,0.08,18.47,MIN_PROFIT_TP_HIT,0.0232
1675,TRUMP_USDT,SHORT,StochasticRSI(FAST_SCALP-SHORT),2,0.2,1.625,1.621,1.621,1.631,2026-07-19 20:39:59 UTC,2026-07-19 21:13:04 UTC,1984.63,0.325,0.0043,0.0,0.0008,0.08,18.46,MIN_PROFIT_TP_HIT,0.024
1676,TRUMP_USDT,LONG,StochasticRSI(FAST_SCALP-LONG),2,0.2,1.622,1.616,1.626,1.616,2026-07-19 21:19:59 UTC,2026-07-19 21:25:23 UTC,323.5,0.3244,0.0043,0.0,-0.0012,-0.11,-27.74,STOP_LOSS_HIT,0.0228
1677,TRUMP_USDT,LONG,StochasticRSI(FAST_SCALP-LONG),2,0.2,1.618,1.612,1.622,1.612,2026-07-19 21:28:59 UTC,2026-07-19 21:33:43 UTC,283.42,0.3236,0.0043,0.0,-0.0012,-0.11,-27.81,STOP_LOSS_HIT,0.0216
1678,TRUMP_USDT,LONG,StochasticRSI(FAST_SCALP-LONG),2,0.2,1.571,1.565,1.575,1.565,2026-07-19 21:37:59 UTC,2026-07-19 21:41:12 UTC,192.12,0.3142,0.0042,0.0,-0.0012,-0.11,-28.64,STOP_LOSS_HIT,0.0204
1679,TRUMP_USDT,SHORT,StochasticRSI(FAST_SCALP-SHORT),2,0.2,1.569,1.565,1.565,1.575,2026-07-19 21:42:59 UTC,2026-07-19 21:47:15 UTC,255.81,0.3138,0.0042,0.0,0.0008,0.08,19.12,MIN_PROFIT_TP_HIT,0.0212
1680,TRUMP_USDT,LONG,StochasticRSI(FAST_SCALP-LONG),2,0.2,1.56,1.564,1.564,1.554,2026-07-19 21:55:59 UTC,2026-07-19 22:02:09 UTC,369.44,0.312,0.0042,0.0,0.0008,0.08,19.23,MIN_PROFIT_TP_HIT,0.022
1681,TRUMP_USDT,LONG,StochasticRSI(FAST_SCALP-LONG),2,0.2,1.559,1.563,1.563,1.553,2026-07-19 22:09:59 UTC,2026-07-19 22:10:41 UTC,41.87,0.3118,0.0042,0.0,0.0008,0.08,19.24,MIN_PROFIT_TP_HIT,0.0228
1682,TRUMP_USDT,SHORT,StochasticRSI(FAST_SCALP-SHORT),2,0.2,1.563,1.569,1.559,1.569,2026-07-19 22:13:59 UTC,2026-07-19 22:18:46 UTC,286.95,0.3126,0.0042,0.0,-0.0012,-0.11,-28.79,STOP_LOSS_HIT,0.0216
1683,TRUMP_USDT,SHORT,StochasticRSI(FAST_SCALP-SHORT),2,0.2,1.568,1.564,1.564,1.574,2026-07-19 22:23:59 UTC,2026-07-19 22:28:39 UTC,279.35,0.3136,0.0042,0.0,0.0008,0.08,19.13,MIN_PROFIT_TP_HIT,0.0224
1684,TRUMP_USDT,LONG,StochasticRSI(FAST_SCALP-LONG),2,0.2,1.569,1.573,1.573,1.563,2026-07-19 22:31:59 UTC,2026-07-19 22:33:12 UTC,72.74,0.3138,0.0042,0.0,0.0008,0.08,19.12,MIN_PROFIT_TP_HIT,0.0232
1685,TRUMP_USDT,SHORT,StochasticRSI(FAST_SCALP-SHORT),2,0.2,1.57,1.566,1.566,1.576,2026-07-19 22:35:59 UTC,2026-07-19 22:37:40 UTC,100.81,0.314,0.0042,0.0,0.0008,0.08,19.11,MIN_PROFIT_TP_HIT,0.024
1686,TRUMP_USDT,LONG,StochasticRSI(FAST_SCALP-LONG),2,0.2,1.566,1.57,1.57,1.56,2026-07-19 22:51:59 UTC,2026-07-19 22:56:47 UTC,287.46,0.3132,0.0042,0.0,0.0008,0.08,19.16,MIN_PROFIT_TP_HIT,0.0248
1687,TRUMP_USDT,SHORT,StochasticRSI(FAST_SCALP-SHORT),2,0.2,1.568,1.564,1.564,1.574,2026-07-19 22:59:59 UTC,2026-07-19 23:00:22 UTC,22.13,0.3136,0.0042,0.0,0.0008,0.08,19.13,MIN_PROFIT_TP_HIT,0.0256
1688,TRUMP_USDT,LONG,StochasticRSI(FAST_SCALP-LONG),2,0.2,1.561,1.565,1.565,1.555,2026-07-19 23:05:59 UTC,2026-07-19 23:25:15 UTC,1155.12,0.3122,0.0042,0.0,0.0008,0.08,19.22,MIN_PROFIT_TP_HIT,0.0264
1689,TRUMP_USDT,SHORT,StochasticRSI(FAST_SCALP-SHORT),2,0.2,1.563,1.569,1.559,1.569,2026-07-19 23:27:59 UTC,2026-07-19 23:57:16 UTC,1756.94,0.3126,0.0042,0.0,-0.0012,-0.11,-28.79,STOP_LOSS_HIT,0.0252
1690,TRUMP_USDT,SHORT,StochasticRSI(FAST_SCALP-SHORT),2,0.2,1.565,1.561,1.561,1.571,2026-07-19 23:58:59 UTC,2026-07-20 00:00:25 UTC,85.29,0.313,0.0042,0.0,0.0008,0.08,19.17,MIN_PROFIT_TP_HIT,0.026
1691,TRUMP_USDT,LONG,StochasticRSI(FAST_SCALP-LONG),2,0.2,1.562,1.566,1.566,1.556,2026-07-20 00:03:59 UTC,2026-07-20 00:05:56 UTC,116.52,0.3124,0.0042,0.0,0.0008,0.08,19.21,MIN_PROFIT_TP_HIT,0.0268
1692,TRUMP_USDT,SHORT,StochasticRSI(FAST_SCALP-SHORT),2,0.2,1.57,1.576,1.566,1.576,2026-07-20 00:12:59 UTC,2026-07-20 00:16:21 UTC,201.5,0.314,0.0042,0.0,-0.0012,-0.11,-28.66,STOP_LOSS_HIT,0.0256
1693,TRUMP_USDT,LONG,StochasticRSI(FAST_SCALP-LONG),2,0.2,1.57,1.564,1.574,1.564,2026-07-20 00:24:59 UTC,2026-07-20 00:51:01 UTC,1561.83,0.314,0.0042,0.0,-0.0012,-0.11,-28.66,STOP_LOSS_HIT,0.0244
1694,TRUMP_USDT,LONG,StochasticRSI(FAST_SCALP-LONG),2,0.2,1.562,1.566,1.566,1.556,2026-07-20 00:54:59 UTC,2026-07-20 01:01:13 UTC,373.05,0.3124,0.0042,0.0,0.0008,0.08,19.21,MIN_PROFIT_TP_HIT,0.0252
1695,TRUMP_USDT,SHORT,StochasticRSI(FAST_SCALP-SHORT),2,0.2,1.564,1.57,1.56,1.57,2026-07-20 01:02:59 UTC,2026-07-20 01:09:23 UTC,383.1,0.3128,0.0042,0.0,-0.0012,-0.11,-28.77,STOP_LOSS_HIT,0.024
1696,TRUMP_USDT,SHORT,StochasticRSI(FAST_SCALP-SHORT),2,0.2,1.572,1.568,1.568,1.578,2026-07-20 01:12:59 UTC,2026-07-20 01:18:35 UTC,335.73,0.3144,0.0042,0.0,0.0008,0.08,19.08,MIN_PROFIT_TP_HIT,0.0248
1697,TRUMP_USDT,LONG,StochasticRSI(FAST_SCALP-LONG),2,0.2,1.569,1.573,1.573,1.563,2026-07-20 01:21:59 UTC,2026-07-20 01:22:11 UTC,11.75,0.3138,0.0042,0.0,0.0008,0.08,19.12,MIN_PROFIT_TP_HIT,0.0256
1698,TRUMP_USDT,LONG,StochasticRSI(FAST_SCALP-LONG),2,0.2,1.578,1.582,1.582,1.572,2026-07-20 01:35:59 UTC,2026-07-20 01:36:17 UTC,17.75,0.3156,0.0042,0.0,0.0008,0.08,19.01,MIN_PROFIT_TP_HIT,0.0264
1699,TRUMP_USDT,LONG,StochasticRSI(FAST_SCALP-LONG),2,0.2,1.585,1.579,1.589,1.579,2026-07-20 01:48:59 UTC,2026-07-20 01:51:58 UTC,178.32,0.317,0.0042,0.0,-0.0012,-0.11,-28.39,STOP_LOSS_HIT,0.0252
1700,TRUMP_USDT,SHORT,StochasticRSI(FAST_SCALP-SHORT),2,0.2,1.57,1.576,1.566,1.576,2026-07-20 01:52:59 UTC,2026-07-20 01:58:55 UTC,355.99,0.314,0.0042,0.0,-0.0012,-0.11,-28.66,STOP_LOSS_HIT,0.024
1701,TRUMP_USDT,SHORT,StochasticRSI(FAST_SCALP-SHORT),2,0.2,1.584,1.58,1.58,1.59,2026-07-20 02:04:59 UTC,2026-07-20 02:20:09 UTC,909.42,0.3168,0.0042,0.0,0.0008,0.08,18.94,MIN_PROFIT_TP_HIT,0.0248
1702,TRUMP_USDT,LONG,StochasticRSI(FAST_SCALP-LONG),2,0.2,1.578,1.582,1.582,1.572,2026-07-20 02:23:59 UTC,2026-07-20 02:24:49 UTC,49.2,0.3156,0.0042,0.0,0.0008,0.08,19.01,MIN_PROFIT_TP_HIT,0.0256
1703,TRUMP_USDT,SHORT,StochasticRSI(FAST_SCALP-SHORT),2,0.2,1.586,1.592,1.582,1.592,2026-07-20 02:35:59 UTC,2026-07-20 02:43:33 UTC,453.86,0.3172,0.0042,0.0,-0.0012,-0.11,-28.37,STOP_LOSS_HIT,0.0244
1704,TRUMP_USDT,SHORT,StochasticRSI(FAST_SCALP-SHORT),2,0.2,1.592,1.588,1.588,1.598,2026-07-20 02:45:59 UTC,2026-07-20 03:04:59 UTC,1139.57,0.3184,0.0042,0.0,0.0008,0.08,18.84,MIN_PROFIT_TP_HIT,0.0252
1705,TRUMP_USDT,LONG,StochasticRSI(FAST_SCALP-LONG),2,0.2,1.584,1.588,1.588,1.578,2026-07-20 03:09:59 UTC,2026-07-20 03:13:05 UTC,185.75,0.3168,0.0042,0.0,0.0008,0.08,18.94,MIN_PROFIT_TP_HIT,0.026
1706,TRUMP_USDT,SHORT,StochasticRSI(FAST_SCALP-SHORT),2,0.2,1.589,1.585,1.585,1.595,2026-07-20 03:16:59 UTC,2026-07-20 03:18:46 UTC,106.56,0.3178,0.0042,0.0,0.0008,0.08,18.88,MIN_PROFIT_TP_HIT,0.0268
1707,TRUMP_USDT,LONG,StochasticRSI(FAST_SCALP-LONG),2,0.2,1.577,1.571,1.581,1.571,2026-07-20 03:25:59 UTC,2026-07-20 03:34:29 UTC,509.05,0.3154,0.0042,0.0,-0.0012,-0.11,-28.54,STOP_LOSS_HIT,0.0256
1708,TRUMP_USDT,SHORT,StochasticRSI(FAST_SCALP-SHORT),2,0.2,1.573,1.569,1.569,1.579,2026-07-20 03:40:59 UTC,2026-07-20 04:05:28 UTC,1468.3,0.3146,0.0042,0.0,0.0008,0.08,19.07,MIN_PROFIT_TP_HIT,0.0264
1709,TRUMP_USDT,LONG,StochasticRSI(FAST_SCALP-LONG),2,0.2,1.569,1.573,1.573,1.563,2026-07-20 04:11:59 UTC,2026-07-20 04:27:42 UTC,942.3,0.3138,0.0042,0.0,0.0008,0.08,19.12,MIN_PROFIT_TP_HIT,0.0272
1710,TRUMP_USDT,SHORT,StochasticRSI(FAST_SCALP-SHORT),2,0.2,1.57,1.566,1.566,1.576,2026-07-20 04:30:59 UTC,2026-07-20 05:00:44 UTC,1784.35,0.314,0.0042,0.0,0.0008,0.08,19.11,MIN_PROFIT_TP_HIT,0.028
1711,TRUMP_USDT,SHORT,StochasticRSI(FAST_SCALP-SHORT),2,0.2,1.561,1.557,1.557,1.567,2026-07-20 05:09:59 UTC,2026-07-20 05:12:06 UTC,126.98,0.3122,0.0042,0.0,0.0008,0.08,19.22,MIN_PROFIT_TP_HIT,0.0288
1712,TRUMP_USDT,SHORT,StochasticRSI(FAST_SCALP-SHORT),2,0.2,1.565,1.561,1.561,1.571,2026-07-20 05:20:59 UTC,2026-07-20 05:23:36 UTC,156.29,0.313,0.0042,0.0,0.0008,0.08,19.17,MIN_PROFIT_TP_HIT,0.0296
1713,TRUMP_USDT,LONG,StochasticRSI(FAST_SCALP-LONG),2,0.2,1.566,1.57,1.57,1.56,2026-07-20 05:26:59 UTC,2026-07-20 05:32:36 UTC,336.19,0.3132,0.0042,0.0,0.0008,0.08,19.16,MIN_PROFIT_TP_HIT,0.0304
1714,TRUMP_USDT,SHORT,StochasticRSI(FAST_SCALP-SHORT),2,0.2,1.576,1.572,1.572,1.582,2026-07-20 05:36:59 UTC,2026-07-20 05:40:57 UTC,237.18,0.3152,0.0042,0.0,0.0008,0.08,19.04,MIN_PROFIT_TP_HIT,0.0312
1715,TRUMP_USDT,LONG,StochasticRSI(FAST_SCALP-LONG),2,0.2,1.566,1.57,1.57,1.56,2026-07-20 05:51:59 UTC,2026-07-20 05:57:30 UTC,330.02,0.3132,0.0042,0.0,0.0008,0.08,19.16,MIN_PROFIT_TP_HIT,0.032
1716,TRUMP_USDT,SHORT,StochasticRSI(FAST_SCALP-SHORT),2,0.2,1.567,1.563,1.563,1.573,2026-07-20 06:00:59 UTC,2026-07-20 06:33:22 UTC,1942.48,0.3134,0.0042,0.0,0.0008,0.08,19.14,MIN_PROFIT_TP_HIT,0.0328
1717,TRUMP_USDT,LONG,StochasticRSI(FAST_SCALP-LONG),2,0.2,1.563,1.567,1.567,1.557,2026-07-20 06:39:59 UTC,2026-07-20 06:44:06 UTC,246.4,0.3126,0.0042,0.0,0.0008,0.08,19.19,MIN_PROFIT_TP_HIT,0.0336
1718,TRUMP_USDT,LONG,StochasticRSI(FAST_SCALP-LONG),2,0.2,1.563,1.567,1.567,1.557,2026-07-20 07:01:59 UTC,2026-07-20 07:30:14 UTC,1694.89,0.3126,0.0042,0.0,0.0008,0.08,19.19,MIN_PROFIT_TP_HIT,0.0344
1719,TRUMP_USDT,LONG,StochasticRSI(FAST_SCALP-LONG),2,0.2,1.561,1.565,1.565,1.555,2026-07-20 07:38:59 UTC,2026-07-20 07:53:32 UTC,872.12,0.3122,0.0042,0.0,0.0008,0.08,19.22,MIN_PROFIT_TP_HIT,0.0352
1720,TRUMP_USDT,SHORT,StochasticRSI(FAST_SCALP-SHORT),2,0.2,1.563,1.569,1.559,1.569,2026-07-20 07:55:59 UTC,2026-07-20 08:03:57 UTC,477.74,0.3126,0.0042,0.0,-0.0012,-0.11,-28.79,STOP_LOSS_HIT,0.034
1721,TRUMP_USDT,LONG,StochasticRSI(FAST_SCALP-LONG),2,0.2,1.563,1.567,1.567,1.557,2026-07-20 08:09:59 UTC,2026-07-20 08:13:10 UTC,190.08,0.3126,0.0042,0.0,0.0008,0.08,19.19,MIN_PROFIT_TP_HIT,0.0348
1722,TRUMP_USDT,SHORT,StochasticRSI(FAST_SCALP-SHORT),2,0.2,1.564,1.56,1.56,1.57,2026-07-20 08:18:59 UTC,2026-07-20 08:20:37 UTC,97.84,0.3128,0.0042,0.0,0.0008,0.08,19.18,MIN_PROFIT_TP_HIT,0.0356
1723,TRUMP_USDT,LONG,StochasticRSI(FAST_SCALP-LONG),2,0.2,1.561,1.555,1.565,1.555,2026-07-20 08:24:59 UTC,2026-07-20 08:37:34 UTC,754.65,0.3122,0.0042,0.0,-0.0012,-0.11,-28.83,STOP_LOSS_HIT,0.0344
1724,TRUMP_USDT,SHORT,StochasticRSI(FAST_SCALP-SHORT),2,0.2,1.558,1.564,1.554,1.564,2026-07-20 08:38:59 UTC,2026-07-20 08:50:37 UTC,697.8,0.3116,0.0042,0.0,-0.0012,-0.11,-28.88,STOP_LOSS_HIT,0.0332
1725,TRUMP_USDT,LONG,StochasticRSI(FAST_SCALP-LONG),2,0.2,1.558,1.552,1.562,1.552,2026-07-20 08:56:59 UTC,2026-07-20 09:04:10 UTC,430.17,0.3116,0.0042,0.0,-0.0012,-0.11,-28.88,STOP_LOSS_HIT,0.032
1726,TRUMP_USDT,LONG,StochasticRSI(FAST_SCALP-LONG),2,0.2,1.548,1.552,1.552,1.542,2026-07-20 09:06:59 UTC,2026-07-20 09:15:17 UTC,497.89,0.3096,0.0041,0.0,0.0008,0.08,19.38,MIN_PROFIT_TP_HIT,0.0328
1727,TRUMP_USDT,SHORT,StochasticRSI(FAST_SCALP-SHORT),2,0.2,1.552,1.558,1.548,1.558,2026-07-20 09:16:59 UTC,2026-07-20 09:35:35 UTC,1115.59,0.3104,0.0041,0.0,-0.0012,-0.11,-28.99,STOP_LOSS_HIT,0.0316
1728,TRUMP_USDT,SHORT,StochasticRSI(FAST_SCALP-SHORT),2,0.2,1.557,1.563,1.553,1.563,2026-07-20 09:37:59 UTC,2026-07-20 09:48:07 UTC,607.08,0.3114,0.0042,0.0,-0.0012,-0.11,-28.9,STOP_LOSS_HIT,0.0304
1729,TRUMP_USDT,LONG,StochasticRSI(FAST_SCALP-LONG),2,0.2,1.561,1.565,1.565,1.555,2026-07-20 09:59:59 UTC,2026-07-20 10:08:35 UTC,515.31,0.3122,0.0042,0.0,0.0008,0.08,19.22,MIN_PROFIT_TP_HIT,0.0312
1730,TRUMP_USDT,SHORT,StochasticRSI(FAST_SCALP-SHORT),2,0.2,1.567,1.563,1.563,1.573,2026-07-20 10:09:59 UTC,2026-07-20 10:11:40 UTC,100.63,0.3134,0.0042,0.0,0.0008,0.08,19.14,MIN_PROFIT_TP_HIT,0.032
1731,TRUMP_USDT,LONG,StochasticRSI(FAST_SCALP-LONG),2,0.2,1.563,1.567,1.567,1.557,2026-07-20 10:16:59 UTC,2026-07-20 10:20:54 UTC,234.03,0.3126,0.0042,0.0,0.0008,0.08,19.19,MIN_PROFIT_TP_HIT,0.0328
1732,TRUMP_USDT,SHORT,StochasticRSI(FAST_SCALP-SHORT),2,0.2,1.565,1.571,1.561,1.571,2026-07-20 10:22:59 UTC,2026-07-20 11:10:27 UTC,2847.42,0.313,0.0042,0.0,-0.0012,-0.11,-28.75,STOP_LOSS_HIT,0.0316
1733,TRUMP_USDT,SHORT,StochasticRSI(FAST_SCALP-SHORT),2,0.2,1.57,1.566,1.566,1.576,2026-07-20 11:13:59 UTC,2026-07-20 11:22:12 UTC,492.41,0.314,0.0042,0.0,0.0008,0.08,19.11,MIN_PROFIT_TP_HIT,0.0324
1734,TRUMP_USDT,LONG,StochasticRSI(FAST_SCALP-LONG),2,0.2,1.566,1.57,1.57,1.56,2026-07-20 11:26:59 UTC,2026-07-20 11:30:35 UTC,215.55,0.3132,0.0042,0.0,0.0008,0.08,19.16,MIN_PROFIT_TP_HIT,0.0332
1735,TRUMP_USDT,LONG,StochasticRSI(FAST_SCALP-LONG),2,0.2,1.57,1.574,1.574,1.564,2026-07-20 11:31:59 UTC,2026-07-20 11:32:36 UTC,36.53,0.314,0.0042,0.0,0.0008,0.08,19.11,MIN_PROFIT_TP_HIT,0.034
1736,TRUMP_USDT,SHORT,StochasticRSI(FAST_SCALP-SHORT),2,0.2,1.577,1.573,1.573,1.583,2026-07-20 11:35:59 UTC,2026-07-20 11:51:41 UTC,941.19,0.3154,0.0042,0.0,0.0008,0.08,19.02,MIN_PROFIT_TP_HIT,0.0348
1737,TRUMP_USDT,LONG,StochasticRSI(FAST_SCALP-LONG),2,0.2,1.575,1.579,1.579,1.569,2026-07-20 11:53:59 UTC,2026-07-20 11:57:27 UTC,207.68,0.315,0.0042,0.0,0.0008,0.08,19.05,MIN_PROFIT_TP_HIT,0.0356
1738,TRUMP_USDT,SHORT,StochasticRSI(FAST_SCALP-SHORT),2,0.2,1.574,1.57,1.57,1.58,2026-07-20 12:01:59 UTC,2026-07-20 12:03:56 UTC,116.39,0.3148,0.0042,0.0,0.0008,0.08,19.06,MIN_PROFIT_TP_HIT,0.0364
1739,TRUMP_USDT,LONG,StochasticRSI(FAST_SCALP-LONG),2,0.2,1.57,1.574,1.574,1.564,2026-07-20 12:05:59 UTC,2026-07-20 12:07:57 UTC,117.25,0.314,0.0042,0.0,0.0008,0.08,19.11,MIN_PROFIT_TP_HIT,0.0372
1740,TRUMP_USDT,SHORT,StochasticRSI(FAST_SCALP-SHORT),2,0.2,1.571,1.577,1.567,1.577,2026-07-20 12:12:59 UTC,2026-07-20 13:26:56 UTC,4436.09,0.3142,0.0042,0.0,-0.0012,-0.11,-28.64,STOP_LOSS_HIT,0.036
1741,TRUMP_USDT,LONG,StochasticRSI(FAST_SCALP-LONG),2,0.2,1.579,1.583,1.583,1.573,2026-07-20 13:33:59 UTC,2026-07-20 13:41:20 UTC,440.77,0.3158,0.0042,0.0,0.0008,0.08,19.0,MIN_PROFIT_TP_HIT,0.0368
1742,TRUMP_USDT,SHORT,StochasticRSI(FAST_SCALP-SHORT),2,0.2,1.58,1.576,1.576,1.586,2026-07-20 13:43:59 UTC,2026-07-20 13:46:51 UTC,171.4,0.316,0.0042,0.0,0.0008,0.08,18.99,MIN_PROFIT_TP_HIT,0.0376
1743,TRUMP_USDT,LONG,StochasticRSI(FAST_SCALP-LONG),2,0.2,1.575,1.569,1.579,1.569,2026-07-20 13:50:59 UTC,2026-07-20 13:57:21 UTC,381.32,0.315,0.0042,0.0,-0.0012,-0.11,-28.57,STOP_LOSS_HIT,0.0364
1744,TRUMP_USDT,LONG,StochasticRSI(FAST_SCALP-LONG),2,0.2,1.572,1.576,1.576,1.566,2026-07-20 13:59:59 UTC,2026-07-20 14:02:11 UTC,131.54,0.3144,0.0042,0.0,0.0008,0.08,19.08,MIN_PROFIT_TP_HIT,0.0372
1745,TRUMP_USDT,SHORT,StochasticRSI(FAST_SCALP-SHORT),2,0.2,1.577,1.573,1.573,1.583,2026-07-20 14:09:59 UTC,2026-07-20 14:10:16 UTC,16.09,0.3154,0.0042,0.0,0.0008,0.08,19.02,MIN_PROFIT_TP_HIT,0.038
1746,TRUMP_USDT,LONG,StochasticRSI(FAST_SCALP-LONG),2,0.2,1.566,1.57,1.57,1.56,2026-07-20 14:14:59 UTC,2026-07-20 14:16:08 UTC,68.33,0.3132,0.0042,0.0,0.0008,0.08,19.16,MIN_PROFIT_TP_HIT,0.0388
1747,TRUMP_USDT,LONG,StochasticRSI(FAST_SCALP-LONG),2,0.2,1.562,1.556,1.566,1.556,2026-07-20 14:19:59 UTC,2026-07-20 14:22:01 UTC,121.15,0.3124,0.0042,0.0,-0.0012,-0.11,-28.81,STOP_LOSS_HIT,0.0376
1748,TRUMP_USDT,SHORT,StochasticRSI(FAST_SCALP-SHORT),2,0.2,1.576,1.572,1.572,1.582,2026-07-20 14:32:59 UTC,2026-07-20 14:37:20 UTC,260.22,0.3152,0.0042,0.0,0.0008,0.08,19.04,MIN_PROFIT_TP_HIT,0.0384
1749,TRUMP_USDT,LONG,StochasticRSI(FAST_SCALP-LONG),2,0.2,1.572,1.576,1.576,1.566,2026-07-20 14:41:59 UTC,2026-07-20 14:46:19 UTC,259.67,0.3144,0.0042,0.0,0.0008,0.08,19.08,MIN_PROFIT_TP_HIT,0.0392
1750,TRUMP_USDT,LONG,StochasticRSI(FAST_SCALP-LONG),2,0.2,1.571,1.575,1.575,1.565,2026-07-20 14:56:59 UTC,2026-07-20 14:59:38 UTC,158.25,0.3142,0.0042,0.0,0.0008,0.08,19.1,MIN_PROFIT_TP_HIT,0.04
1751,TRUMP_USDT,LONG,StochasticRSI(FAST_SCALP-LONG),2,0.2,1.577,1.581,1.581,1.571,2026-07-20 15:00:59 UTC,2026-07-20 15:12:37 UTC,697.16,0.3154,0.0042,0.0,0.0008,0.08,19.02,MIN_PROFIT_TP_HIT,0.0408
1752,TRUMP_USDT,SHORT,StochasticRSI(FAST_SCALP-SHORT),2,0.2,1.582,1.588,1.578,1.588,2026-07-20 15:17:59 UTC,2026-07-20 15:40:39 UTC,1359.02,0.3164,0.0042,0.0,-0.0012,-0.11,-28.45,STOP_LOSS_HIT,0.0396
1753,TRUMP_USDT,LONG,StochasticRSI(FAST_SCALP-LONG),2,0.2,1.586,1.59,1.59,1.58,2026-07-20 15:41:59 UTC,2026-07-20 15:43:16 UTC,76.36,0.3172,0.0042,0.0,0.0008,0.08,18.92,MIN_PROFIT_TP_HIT,0.0404
1754,TRUMP_USDT,SHORT,StochasticRSI(FAST_SCALP-SHORT),2,0.2,1.591,1.597,1.587,1.597,2026-07-20 15:49:59 UTC,2026-07-20 15:54:12 UTC,252.6,0.3182,0.0042,0.0,-0.0012,-0.11,-28.28,STOP_LOSS_HIT,0.0392
1755,TRUMP_USDT,SHORT,StochasticRSI(FAST_SCALP-SHORT),2,0.2,1.594,1.59,1.59,1.6,2026-07-20 15:57:59 UTC,2026-07-20 16:06:33 UTC,513.27,0.3188,0.0043,0.0,0.0008,0.08,18.82,MIN_PROFIT_TP_HIT,0.04
1756,TRUMP_USDT,LONG,StochasticRSI(FAST_SCALP-LONG),2,0.2,1.592,1.596,1.596,1.586,2026-07-20 16:08:59 UTC,2026-07-20 16:13:13 UTC,253.3,0.3184,0.0042,0.0,0.0008,0.08,18.84,MIN_PROFIT_TP_HIT,0.0408
1757,TRUMP_USDT,SHORT,StochasticRSI(FAST_SCALP-SHORT),2,0.2,1.596,1.592,1.592,1.602,2026-07-20 16:16:59 UTC,2026-07-20 16:21:20 UTC,260.52,0.3192,0.0043,0.0,0.0008,0.08,18.8,MIN_PROFIT_TP_HIT,0.0416
1758,TRUMP_USDT,LONG,StochasticRSI(FAST_SCALP-LONG),2,0.2,1.592,1.586,1.596,1.586,2026-07-20 16:24:59 UTC,2026-07-20 16:36:18 UTC,678.78,0.3184,0.0042,0.0,-0.0012,-0.11,-28.27,STOP_LOSS_HIT,0.0404
1759,TRUMP_USDT,SHORT,StochasticRSI(FAST_SCALP-SHORT),2,0.2,1.593,1.589,1.589,1.599,2026-07-20 16:50:59 UTC,2026-07-20 17:10:46 UTC,1186.09,0.3186,0.0042,0.0,0.0008,0.08,18.83,MIN_PROFIT_TP_HIT,0.0412
1760,TRUMP_USDT,LONG,StochasticRSI(FAST_SCALP-LONG),2,0.2,1.591,1.595,1.595,1.585,2026-07-20 17:18:59 UTC,2026-07-20 17:41:38 UTC,1358.47,0.3182,0.0042,0.0,0.0008,0.08,18.86,MIN_PROFIT_TP_HIT,0.042
1761,TRUMP_USDT,SHORT,StochasticRSI(FAST_SCALP-SHORT),2,0.2,1.594,1.6,1.59,1.6,2026-07-20 17:47:59 UTC,2026-07-20 17:54:11 UTC,371.01,0.3188,0.0043,0.0,-0.0012,-0.11,-28.23,STOP_LOSS_HIT,0.0408
1762,TRUMP_USDT,LONG,StochasticRSI(FAST_SCALP-LONG),2,0.2,1.596,1.6,1.6,1.59,2026-07-20 18:00:59 UTC,2026-07-20 18:01:51 UTC,51.89,0.3192,0.0043,0.0,0.0008,0.08,18.8,MIN_PROFIT_TP_HIT,0.0416
1763,TRUMP_USDT,SHORT,StochasticRSI(FAST_SCALP-SHORT),2,0.2,1.602,1.608,1.598,1.608,2026-07-20 18:05:59 UTC,2026-07-20 18:14:06 UTC,486.74,0.3204,0.0043,0.0,-0.0012,-0.11,-28.09,STOP_LOSS_HIT,0.0404
1764,TRUMP_USDT,SHORT,StochasticRSI(FAST_SCALP-SHORT),2,0.2,1.607,1.603,1.603,1.613,2026-07-20 18:17:59 UTC,2026-07-20 18:19:13 UTC,73.67,0.3214,0.0043,0.0,0.0008,0.08,18.67,MIN_PROFIT_TP_HIT,0.0412
1765,TRUMP_USDT,LONG,StochasticRSI(FAST_SCALP-LONG),2,0.2,1.602,1.606,1.606,1.596,2026-07-20 18:24:59 UTC,2026-07-20 18:27:22 UTC,142.4,0.3204,0.0043,0.0,0.0008,0.08,18.73,MIN_PROFIT_TP_HIT,0.042
1766,TRUMP_USDT,SHORT,StochasticRSI(FAST_SCALP-SHORT),2,0.2,1.604,1.61,1.6,1.61,2026-07-20 18:30:59 UTC,2026-07-20 18:49:53 UTC,1133.37,0.3208,0.0043,0.0,-0.0012,-0.11,-28.05,STOP_LOSS_HIT,0.0408
1767,TRUMP_USDT,LONG,StochasticRSI(FAST_SCALP-LONG),2,0.2,1.613,1.617,1.617,1.607,2026-07-20 19:00:59 UTC,2026-07-20 19:04:52 UTC,232.56,0.3226,0.0043,0.0,0.0008,0.08,18.6,MIN_PROFIT_TP_HIT,0.0416
1768,TRUMP_USDT,SHORT,StochasticRSI(FAST_SCALP-SHORT),2,0.2,1.615,1.611,1.611,1.621,2026-07-20 19:08:59 UTC,2026-07-20 19:11:13 UTC,133.31,0.323,0.0043,0.0,0.0008,0.08,18.58,MIN_PROFIT_TP_HIT,0.0424
1769,TRUMP_USDT,LONG,StochasticRSI(FAST_SCALP-LONG),2,0.2,1.603,1.597,1.607,1.597,2026-07-20 19:15:59 UTC,2026-07-20 20:03:10 UTC,2830.11,0.3206,0.0043,0.0,-0.0012,-0.11,-28.07,STOP_LOSS_HIT,0.0412
1770,TRUMP_USDT,LONG,StochasticRSI(FAST_SCALP-LONG),2,0.2,1.597,1.601,1.601,1.591,2026-07-20 20:07:59 UTC,2026-07-20 20:13:24 UTC,324.4,0.3194,0.0043,0.0,0.0008,0.08,18.79,MIN_PROFIT_TP_HIT,0.042
1771,TRUMP_USDT,SHORT,StochasticRSI(FAST_SCALP-SHORT),2,0.2,1.598,1.594,1.594,1.604,2026-07-20 20:16:59 UTC,2026-07-20 20:48:21 UTC,1881.43,0.3196,0.0043,0.0,0.0008,0.08,18.77,MIN_PROFIT_TP_HIT,0.0428
1772,TRUMP_USDT,SHORT,StochasticRSI(FAST_SCALP-SHORT),2,0.2,1.596,1.592,1.592,1.602,2026-07-20 20:56:59 UTC,2026-07-20 21:56:09 UTC,3549.86,0.3192,0.0043,0.0,0.0008,0.08,18.8,MIN_PROFIT_TP_HIT,0.0436
1773,TRUMP_USDT,LONG,StochasticRSI(FAST_SCALP-LONG),2,0.2,1.59,1.594,1.594,1.584,2026-07-20 22:02:59 UTC,2026-07-20 22:11:16 UTC,496.29,0.318,0.0042,0.0,0.0008,0.08,18.87,MIN_PROFIT_TP_HIT,0.0444
1774,TRUMP_USDT,SHORT,StochasticRSI(FAST_SCALP-SHORT),2,0.2,1.59,1.586,1.586,1.596,2026-07-20 22:14:59 UTC,2026-07-20 22:39:45 UTC,1485.08,0.318,0.0042,0.0,0.0008,0.08,18.87,MIN_PROFIT_TP_HIT,0.0452
1775,TRUMP_USDT,LONG,StochasticRSI(FAST_SCALP-LONG),2,0.2,1.585,1.589,1.589,1.579,2026-07-20 22:42:59 UTC,2026-07-20 23:01:44 UTC,1124.53,0.317,0.0042,0.0,0.0008,0.08,18.93,MIN_PROFIT_TP_HIT,0.046
1776,TRUMP_USDT,SHORT,StochasticRSI(FAST_SCALP-SHORT),2,0.2,1.586,1.592,1.582,1.592,2026-07-20 23:05:59 UTC,2026-07-20 23:08:14 UTC,134.77,0.3172,0.0042,0.0,-0.0012,-0.11,-28.37,STOP_LOSS_HIT,0.0448
1777,TRUMP_USDT,SHORT,StochasticRSI(FAST_SCALP-SHORT),2,0.2,1.59,1.586,1.586,1.596,2026-07-20 23:12:59 UTC,2026-07-20 23:51:45 UTC,2325.93,0.318,0.0042,0.0,0.0008,0.08,18.87,MIN_PROFIT_TP_HIT,0.0456
1778,TRUMP_USDT,SHORT,StochasticRSI(FAST_SCALP-SHORT),2,0.2,1.588,1.594,1.584,1.594,2026-07-20 23:59:59 UTC,2026-07-21 00:24:34 UTC,1474.17,0.3176,0.0042,0.0,-0.0012,-0.11,-28.34,STOP_LOSS_HIT,0.0444
1779,TRUMP_USDT,LONG,StochasticRSI(FAST_SCALP-LONG),2,0.2,1.595,1.599,1.599,1.589,2026-07-21 00:32:59 UTC,2026-07-21 00:42:23 UTC,563.75,0.319,0.0043,0.0,0.0008,0.08,18.81,MIN_PROFIT_TP_HIT,0.0452
1780,TRUMP_USDT,SHORT,StochasticRSI(FAST_SCALP-SHORT),2,0.2,1.6,1.596,1.596,1.606,2026-07-21 00:44:59 UTC,2026-07-21 00:56:02 UTC,662.83,0.32,0.0043,0.0,0.0008,0.08,18.75,MIN_PROFIT_TP_HIT,0.046
1781,TRUMP_USDT,LONG,StochasticRSI(FAST_SCALP-LONG),2,0.2,1.595,1.599,1.599,1.589,2026-07-21 00:59:59 UTC,2026-07-21 01:03:01 UTC,181.65,0.319,0.0043,0.0,0.0008,0.08,18.81,MIN_PROFIT_TP_HIT,0.0468
1782,TRUMP_USDT,SHORT,StochasticRSI(FAST_SCALP-SHORT),2,0.2,1.597,1.603,1.593,1.603,2026-07-21 01:07:59 UTC,2026-07-21 01:14:52 UTC,412.66,0.3194,0.0043,0.0,-0.0012,-0.11,-28.18,STOP_LOSS_HIT,0.0456
1783,TRUMP_USDT,SHORT,StochasticRSI(FAST_SCALP-SHORT),2,0.2,1.601,1.597,1.597,1.607,2026-07-21 01:16:59 UTC,2026-07-21 01:20:40 UTC,220.52,0.3202,0.0043,0.0,0.0008,0.08,18.74,MIN_PROFIT_TP_HIT,0.0464
1784,TRUMP_USDT,LONG,StochasticRSI(FAST_SCALP-LONG),2,0.2,1.598,1.602,1.602,1.592,2026-07-21 01:26:59 UTC,2026-07-21 01:33:43 UTC,403.52,0.3196,0.0043,0.0,0.0008,0.08,18.77,MIN_PROFIT_TP_HIT,0.0472
1785,TRUMP_USDT,SHORT,StochasticRSI(FAST_SCALP-SHORT),2,0.2,1.6,1.596,1.596,1.606,2026-07-21 01:36:59 UTC,2026-07-21 01:40:00 UTC,180.68,0.32,0.0043,0.0,0.0008,0.08,18.75,MIN_PROFIT_TP_HIT,0.048
1786,TRUMP_USDT,LONG,StochasticRSI(FAST_SCALP-LONG),2,0.2,1.597,1.591,1.601,1.591,2026-07-21 01:45:59 UTC,2026-07-21 02:10:13 UTC,1453.3,0.3194,0.0043,0.0,-0.0012,-0.11,-28.18,STOP_LOSS_HIT,0.0468
1787,TRUMP_USDT,LONG,StochasticRSI(FAST_SCALP-LONG),2,0.2,1.59,1.584,1.594,1.584,2026-07-21 02:12:59 UTC,2026-07-21 02:19:16 UTC,376.59,0.318,0.0042,0.0,-0.0012,-0.11,-28.3,STOP_LOSS_HIT,0.0456
1788,TRUMP_USDT,LONG,StochasticRSI(FAST_SCALP-LONG),2,0.2,1.587,1.591,1.591,1.581,2026-07-21 02:21:59 UTC,2026-07-21 02:31:57 UTC,597.11,0.3174,0.0042,0.0,0.0008,0.08,18.9,MIN_PROFIT_TP_HIT,0.0464
1789,TRUMP_USDT,SHORT,StochasticRSI(FAST_SCALP-SHORT),2,0.2,1.591,1.597,1.587,1.597,2026-07-21 02:35:59 UTC,2026-07-21 02:55:34 UTC,1174.09,0.3182,0.0042,0.0,-0.0012,-0.11,-28.28,STOP_LOSS_HIT,0.0452
1790,TRUMP_USDT,SHORT,StochasticRSI(FAST_SCALP-SHORT),2,0.2,1.595,1.601,1.591,1.601,2026-07-21 02:58:59 UTC,2026-07-21 03:07:50 UTC,530.4,0.319,0.0043,0.0,-0.0012,-0.11,-28.21,STOP_LOSS_HIT,0.044
1791,TRUMP_USDT,SHORT,StochasticRSI(FAST_SCALP-SHORT),2,0.2,1.598,1.594,1.594,1.604,2026-07-21 03:10:59 UTC,2026-07-21 04:09:30 UTC,3510.67,0.3196,0.0043,0.0,0.0008,0.08,18.77,MIN_PROFIT_TP_HIT,0.0448
1792,TRUMP_USDT,LONG,StochasticRSI(FAST_SCALP-LONG),2,0.2,1.591,1.595,1.595,1.585,2026-07-21 04:13:59 UTC,2026-07-21 05:01:36 UTC,2856.41,0.3182,0.0042,0.0,0.0008,0.08,18.86,MIN_PROFIT_TP_HIT,0.0456
1793,TRUMP_USDT,SHORT,StochasticRSI(FAST_SCALP-SHORT),2,0.2,1.596,1.602,1.592,1.602,2026-07-21 05:13:59 UTC,2026-07-21 05:26:43 UTC,763.38,0.3192,0.0043,0.0,-0.0012,-0.11,-28.2,STOP_LOSS_HIT,0.0444
1794,TRUMP_USDT,SHORT,StochasticRSI(FAST_SCALP-SHORT),2,0.2,1.602,1.598,1.598,1.608,2026-07-21 05:28:59 UTC,2026-07-21 06:10:59 UTC,2519.04,0.3204,0.0043,0.0,0.0008,0.08,18.73,MIN_PROFIT_TP_HIT,0.0452
1795,TRUMP_USDT,LONG,StochasticRSI(FAST_SCALP-LONG),2,0.2,1.601,1.605,1.605,1.595,2026-07-21 06:12:59 UTC,2026-07-21 07:11:28 UTC,3508.12,0.3202,0.0043,0.0,0.0008,0.08,18.74,MIN_PROFIT_TP_HIT,0.046
1796,TRUMP_USDT,LONG,StochasticRSI(FAST_SCALP-LONG),2,0.2,1.608,1.602,1.612,1.602,2026-07-21 07:12:59 UTC,2026-07-21 07:13:43 UTC,43.41,0.3216,0.0043,0.0,-0.0012,-0.11,-27.99,STOP_LOSS_HIT,0.0448
1797,TRUMP_USDT,LONG,StochasticRSI(FAST_SCALP-LONG),2,0.2,1.6,1.594,1.604,1.594,2026-07-21 07:19:59 UTC,2026-07-21 07:51:10 UTC,1870.37,0.32,0.0043,0.0,-0.0012,-0.11,-28.13,STOP_LOSS_HIT,0.0436
1798,TRUMP_USDT,SHORT,StochasticRSI(FAST_SCALP-SHORT),2,0.2,1.598,1.594,1.594,1.604,2026-07-21 07:59:59 UTC,2026-07-21 08:27:32 UTC,1652.9,0.3196,0.0043,0.0,0.0008,0.08,18.77,MIN_PROFIT_TP_HIT,0.0444
1799,TRUMP_USDT,LONG,StochasticRSI(FAST_SCALP-LONG),2,0.2,1.595,1.599,1.599,1.589,2026-07-21 08:31:59 UTC,2026-07-21 08:50:03 UTC,1083.72,0.319,0.0043,0.0,0.0008,0.08,18.81,MIN_PROFIT_TP_HIT,0.0452
1800,TRUMP_USDT,SHORT,StochasticRSI(FAST_SCALP-SHORT),2,0.2,1.597,1.593,1.593,1.603,2026-07-21 08:53:59 UTC,2026-07-21 09:21:40 UTC,1660.48,0.3194,0.0043,0.0,0.0008,0.08,18.79,MIN_PROFIT_TP_HIT,0.046
1801,TRUMP_USDT,LONG,StochasticRSI(FAST_SCALP-LONG),2,0.2,1.593,1.597,1.597,1.587,2026-07-21 09:24:59 UTC,2026-07-21 09:44:03 UTC,1143.54,0.3186,0.0042,0.0,0.0008,0.08,18.83,MIN_PROFIT_TP_HIT,0.0468
1802,TRUMP_USDT,SHORT,StochasticRSI(FAST_SCALP-SHORT),2,0.2,1.598,1.594,1.594,1.604,2026-07-21 09:49:59 UTC,2026-07-21 10:09:33 UTC,1173.23,0.3196,0.0043,0.0,0.0008,0.08,18.77,MIN_PROFIT_TP_HIT,0.0476
1803,TRUMP_USDT,LONG,StochasticRSI(FAST_SCALP-LONG),2,0.2,1.594,1.598,1.598,1.588,2026-07-21 10:12:59 UTC,2026-07-21 10:26:20 UTC,800.17,0.3188,0.0043,0.0,0.0008,0.08,18.82,MIN_PROFIT_TP_HIT,0.0484
1804,TRUMP_USDT,SHORT,StochasticRSI(FAST_SCALP-SHORT),2,0.2,1.597,1.603,1.593,1.603,2026-07-21 10:28:59 UTC,2026-07-21 10:36:03 UTC,423.06,0.3194,0.0043,0.0,-0.0012,-0.11,-28.18,STOP_LOSS_HIT,0.0472
1805,TRUMP_USDT,SHORT,StochasticRSI(FAST_SCALP-SHORT),2,0.2,1.6,1.596,1.596,1.606,2026-07-21 10:37:59 UTC,2026-07-21 10:50:30 UTC,750.95,0.32,0.0043,0.0,0.0008,0.08,18.75,MIN_PROFIT_TP_HIT,0.048
1806,TRUMP_USDT,LONG,StochasticRSI(FAST_SCALP-LONG),2,0.2,1.593,1.597,1.597,1.587,2026-07-21 10:58:59 UTC,2026-07-21 11:23:13 UTC,1453.86,0.3186,0.0042,0.0,0.0008,0.08,18.83,MIN_PROFIT_TP_HIT,0.0488
1807,TRUMP_USDT,SHORT,StochasticRSI(FAST_SCALP-SHORT),2,0.2,1.597,1.603,1.593,1.603,2026-07-21 11:26:59 UTC,2026-07-21 12:12:21 UTC,2721.7,0.3194,0.0043,0.0,-0.0012,-0.11,-28.18,STOP_LOSS_HIT,0.0476
1808,TRUMP_USDT,LONG,StochasticRSI(FAST_SCALP-LONG),2,0.2,1.603,1.597,1.607,1.597,2026-07-21 12:18:59 UTC,2026-07-21 13:11:48 UTC,3168.36,0.3206,0.0043,0.0,-0.0012,-0.11,-28.07,STOP_LOSS_HIT,0.0464
1809,TRUMP_USDT,LONG,StochasticRSI(FAST_SCALP-LONG),2,0.2,1.599,1.603,1.603,1.593,2026-07-21 13:13:59 UTC,2026-07-21 13:27:45 UTC,825.37,0.3198,0.0043,0.0,0.0008,0.08,18.76,MIN_PROFIT_TP_HIT,0.0472
1810,TRUMP_USDT,SHORT,StochasticRSI(FAST_SCALP-SHORT),2,0.2,1.601,1.607,1.597,1.607,2026-07-21 13:32:59 UTC,2026-07-21 13:39:51 UTC,411.25,0.3202,0.0043,0.0,-0.0012,-0.11,-28.11,STOP_LOSS_HIT,0.046
1811,TRUMP_USDT,LONG,StochasticRSI(FAST_SCALP-LONG),2,0.2,1.604,1.608,1.608,1.598,2026-07-21 13:45:59 UTC,2026-07-21 13:49:54 UTC,234.33,0.3208,0.0043,0.0,0.0008,0.08,18.7,MIN_PROFIT_TP_HIT,0.0468
1812,TRUMP_USDT,SHORT,StochasticRSI(FAST_SCALP-SHORT),2,0.2,1.606,1.602,1.602,1.612,2026-07-21 13:52:59 UTC,2026-07-21 14:22:31 UTC,1771.45,0.3212,0.0043,0.0,0.0008,0.08,18.68,MIN_PROFIT_TP_HIT,0.0476
1813,TRUMP_USDT,LONG,StochasticRSI(FAST_SCALP-LONG),2,0.2,1.599,1.603,1.603,1.593,2026-07-21 14:32:59 UTC,2026-07-21 14:42:58 UTC,598.74,0.3198,0.0043,0.0,0.0008,0.08,18.76,MIN_PROFIT_TP_HIT,0.0484
1814,TRUMP_USDT,SHORT,StochasticRSI(FAST_SCALP-SHORT),2,0.2,1.604,1.61,1.6,1.61,2026-07-21 14:46:59 UTC,2026-07-21 15:12:35 UTC,1535.56,0.3208,0.0043,0.0,-0.0012,-0.11,-28.05,STOP_LOSS_HIT,0.0472
1815,TRUMP_USDT,LONG,StochasticRSI(FAST_SCALP-LONG),2,0.2,1.608,1.612,1.612,1.602,2026-07-21 15:18:59 UTC,2026-07-21 15:56:20 UTC,2240.42,0.3216,0.0043,0.0,0.0008,0.08,18.66,MIN_PROFIT_TP_HIT,0.048
1816,TRUMP_USDT,SHORT,StochasticRSI(FAST_SCALP-SHORT),2,0.2,1.609,1.605,1.605,1.615,2026-07-21 15:59:59 UTC,2026-07-21 16:02:31 UTC,151.87,0.3218,0.0043,0.0,0.0008,0.08,18.65,MIN_PROFIT_TP_HIT,0.0488
1817,TRUMP_USDT,LONG,StochasticRSI(FAST_SCALP-LONG),2,0.2,1.606,1.6,1.61,1.6,2026-07-21 16:03:59 UTC,2026-07-21 16:09:51 UTC,351.03,0.3212,0.0043,0.0,-0.0012,-0.11,-28.02,STOP_LOSS_HIT,0.0476
1818,TRUMP_USDT,LONG,StochasticRSI(FAST_SCALP-LONG),2,0.2,1.601,1.605,1.605,1.595,2026-07-21 16:11:59 UTC,2026-07-21 16:58:17 UTC,2777.3,0.3202,0.0043,0.0,0.0008,0.08,18.74,MIN_PROFIT_TP_HIT,0.0484
1819,TRUMP_USDT,SHORT,StochasticRSI(FAST_SCALP-SHORT),2,0.2,1.604,1.6,1.6,1.61,2026-07-21 17:00:59 UTC,2026-07-21 17:07:06 UTC,366.31,0.3208,0.0043,0.0,0.0008,0.08,18.7,MIN_PROFIT_TP_HIT,0.0492
1820,TRUMP_USDT,LONG,StochasticRSI(FAST_SCALP-LONG),2,0.2,1.6,1.594,1.604,1.594,2026-07-21 17:10:59 UTC,2026-07-21 17:46:56 UTC,2156.96,0.32,0.0043,0.0,-0.0012,-0.11,-28.13,STOP_LOSS_HIT,0.048
1821,TRUMP_USDT,SHORT,StochasticRSI(FAST_SCALP-SHORT),2,0.2,1.599,1.595,1.595,1.605,2026-07-21 18:08:59 UTC,2026-07-21 18:27:44 UTC,1124.13,0.3198,0.0043,0.0,0.0008,0.08,18.76,MIN_PROFIT_TP_HIT,0.0488
1822,TRUMP_USDT,LONG,StochasticRSI(FAST_SCALP-LONG),2,0.2,1.6,1.594,1.604,1.594,2026-07-21 18:34:59 UTC,2026-07-21 19:15:02 UTC,2402.74,0.32,0.0043,0.0,-0.0012,-0.11,-28.13,STOP_LOSS_HIT,0.0476
1823,TRUMP_USDT,LONG,StochasticRSI(FAST_SCALP-LONG),2,0.2,1.598,1.602,1.602,1.592,2026-07-21 19:18:59 UTC,2026-07-21 19:22:24 UTC,204.46,0.3196,0.0043,0.0,0.0008,0.08,18.77,MIN_PROFIT_TP_HIT,0.0484
1824,TRUMP_USDT,SHORT,StochasticRSI(FAST_SCALP-SHORT),2,0.2,1.599,1.595,1.595,1.605,2026-07-21 19:28:59 UTC,2026-07-21 20:21:36 UTC,3156.04,0.3198,0.0043,0.0,0.0008,0.08,18.76,MIN_PROFIT_TP_HIT,0.0492
1825,TRUMP_USDT,LONG,StochasticRSI(FAST_SCALP-LONG),2,0.2,1.595,1.599,1.599,1.589,2026-07-21 20:26:59 UTC,2026-07-21 20:35:16 UTC,496.58,0.319,0.0043,0.0,0.0008,0.08,18.81,MIN_PROFIT_TP_HIT,0.05
1826,TRUMP_USDT,SHORT,StochasticRSI(FAST_SCALP-SHORT),2,0.2,1.597,1.593,1.593,1.603,2026-07-21 20:38:59 UTC,2026-07-21 20:52:51 UTC,831.07,0.3194,0.0043,0.0,0.0008,0.08,18.79,MIN_PROFIT_TP_HIT,0.0508
1827,TRUMP_USDT,LONG,StochasticRSI(FAST_SCALP-LONG),2,0.2,1.594,1.598,1.598,1.588,2026-07-21 20:55:59 UTC,2026-07-21 21:40:00 UTC,2640.48,0.3188,0.0043,0.0,0.0008,0.08,18.82,MIN_PROFIT_TP_HIT,0.0516
1828,TRUMP_USDT,SHORT,StochasticRSI(FAST_SCALP-SHORT),2,0.2,1.596,1.592,1.592,1.602,2026-07-21 21:42:59 UTC,2026-07-21 22:56:43 UTC,4423.3,0.3192,0.0043,0.0,0.0008,0.08,18.8,MIN_PROFIT_TP_HIT,0.0524
1829,TRUMP_USDT,LONG,StochasticRSI(FAST_SCALP-LONG),2,0.2,1.59,1.584,1.594,1.584,2026-07-21 23:00:59 UTC,2026-07-21 23:10:48 UTC,588.66,0.318,0.0042,0.0,-0.0012,-0.11,-28.3,STOP_LOSS_HIT,0.0512
1830,TRUMP_USDT,SHORT,StochasticRSI(FAST_SCALP-SHORT),2,0.2,1.587,1.593,1.583,1.593,2026-07-21 23:21:59 UTC,2026-07-21 23:32:13 UTC,613.49,0.3174,0.0042,0.0,-0.0012,-0.11,-28.36,STOP_LOSS_HIT,0.05
1831,TRUMP_USDT,LONG,StochasticRSI(FAST_SCALP-LONG),2,0.2,1.589,1.593,1.593,1.583,2026-07-21 23:41:59 UTC,2026-07-22 00:09:54 UTC,1674.4,0.3178,0.0042,0.0,0.0008,0.08,18.88,MIN_PROFIT_TP_HIT,0.0508
1832,TRUMP_USDT,SHORT,StochasticRSI(FAST_SCALP-SHORT),2,0.2,1.593,1.589,1.589,1.599,2026-07-22 00:11:59 UTC,2026-07-22 01:14:52 UTC,3772.96,0.3186,0.0042,0.0,0.0008,0.08,18.83,MIN_PROFIT_TP_HIT,0.0516
1833,TRUMP_USDT,LONG,StochasticRSI(FAST_SCALP-LONG),2,0.2,1.589,1.583,1.593,1.583,2026-07-22 01:19:59 UTC,2026-07-22 01:25:27 UTC,327.53,0.3178,0.0042,0.0,-0.0012,-0.11,-28.32,STOP_LOSS_HIT,0.0504
1834,TRUMP_USDT,LONG,StochasticRSI(FAST_SCALP-LONG),2,0.2,1.588,1.582,1.592,1.582,2026-07-22 01:27:59 UTC,2026-07-22 01:41:26 UTC,806.03,0.3176,0.0042,0.0,-0.0012,-0.11,-28.34,STOP_LOSS_HIT,0.0492
1835,TRUMP_USDT,LONG,StochasticRSI(FAST_SCALP-LONG),2,0.2,1.585,1.589,1.589,1.579,2026-07-22 01:45:59 UTC,2026-07-22 01:48:11 UTC,131.65,0.317,0.0042,0.0,0.0008,0.08,18.93,MIN_PROFIT_TP_HIT,0.05
1836,TRUMP_USDT,SHORT,StochasticRSI(FAST_SCALP-SHORT),2,0.2,1.585,1.581,1.581,1.591,2026-07-22 01:50:59 UTC,2026-07-22 02:07:27 UTC,987.98,0.317,0.0042,0.0,0.0008,0.08,18.93,MIN_PROFIT_TP_HIT,0.0508
1837,TRUMP_USDT,SHORT,StochasticRSI(FAST_SCALP-SHORT),2,0.2,1.583,1.579,1.579,1.589,2026-07-22 02:21:59 UTC,2026-07-22 02:57:48 UTC,2148.07,0.3166,0.0042,0.0,0.0008,0.08,18.95,MIN_PROFIT_TP_HIT,0.0516
1838,TRUMP_USDT,SHORT,StochasticRSI(FAST_SCALP-SHORT),2,0.2,1.583,1.589,1.579,1.589,2026-07-22 03:03:59 UTC,2026-07-22 04:10:53 UTC,4013.4,0.3166,0.0042,0.0,-0.0012,-0.11,-28.43,STOP_LOSS_HIT,0.0504
1839,TRUMP_USDT,SHORT,StochasticRSI(FAST_SCALP-SHORT),2,0.2,1.588,1.594,1.584,1.594,2026-07-22 04:16:59 UTC,2026-07-22 04:52:33 UTC,2133.76,0.3176,0.0042,0.0,-0.0012,-0.11,-28.34,STOP_LOSS_HIT,0.0492
1840,TRUMP_USDT,LONG,StochasticRSI(FAST_SCALP-LONG),2,0.2,1.591,1.585,1.595,1.585,2026-07-22 04:59:59 UTC,2026-07-22 05:18:36 UTC,1116.99,0.3182,0.0042,0.0,-0.0012,-0.11,-28.28,STOP_LOSS_HIT,0.048
1841,TRUMP_USDT,LONG,StochasticRSI(FAST_SCALP-LONG),2,0.2,1.586,1.59,1.59,1.58,2026-07-22 05:20:59 UTC,2026-07-22 05:54:36 UTC,2016.49,0.3172,0.0042,0.0,0.0008,0.08,18.92,MIN_PROFIT_TP_HIT,0.0488
1842,TRUMP_USDT,LONG,StochasticRSI(FAST_SCALP-LONG),2,0.2,1.584,1.588,1.588,1.578,2026-07-22 06:01:59 UTC,2026-07-22 06:36:24 UTC,2064.3,0.3168,0.0042,0.0,0.0008,0.08,18.94,MIN_PROFIT_TP_HIT,0.0496
1843,TRUMP_USDT,SHORT,StochasticRSI(FAST_SCALP-SHORT),2,0.2,1.589,1.585,1.585,1.595,2026-07-22 06:39:59 UTC,2026-07-22 07:06:41 UTC,1601.43,0.3178,0.0042,0.0,0.0008,0.08,18.88,MIN_PROFIT_TP_HIT,0.0504
1844,TRUMP_USDT,LONG,StochasticRSI(FAST_SCALP-LONG),2,0.2,1.587,1.581,1.591,1.581,2026-07-22 07:11:59 UTC,2026-07-22 07:35:12 UTC,1393.0,0.3174,0.0042,0.0,-0.0012,-0.11,-28.36,STOP_LOSS_HIT,0.0492
1845,TRUMP_USDT,LONG,StochasticRSI(FAST_SCALP-LONG),2,0.2,1.582,1.586,1.586,1.576,2026-07-22 07:39:59 UTC,2026-07-22 07:46:03 UTC,363.68,0.3164,0.0042,0.0,0.0008,0.08,18.96,MIN_PROFIT_TP_HIT,0.05
1846,TRUMP_USDT,SHORT,StochasticRSI(FAST_SCALP-SHORT),2,0.2,1.583,1.589,1.579,1.589,2026-07-22 07:49:59 UTC,2026-07-22 08:00:54 UTC,654.18,0.3166,0.0042,0.0,-0.0012,-0.11,-28.43,STOP_LOSS_HIT,0.0488
1847,TRUMP_USDT,LONG,StochasticRSI(FAST_SCALP-LONG),2,0.2,1.591,1.595,1.595,1.585,2026-07-22 08:05:59 UTC,2026-07-22 08:07:44 UTC,104.9,0.3182,0.0042,0.0,0.0008,0.08,18.86,MIN_PROFIT_TP_HIT,0.0496
1848,TRUMP_USDT,SHORT,StochasticRSI(FAST_SCALP-SHORT),2,0.2,1.6,1.596,1.596,1.606,2026-07-22 08:10:59 UTC,2026-07-22 08:12:03 UTC,63.4,0.32,0.0043,0.0,0.0008,0.08,18.75,MIN_PROFIT_TP_HIT,0.0504
1849,TRUMP_USDT,LONG,StochasticRSI(FAST_SCALP-LONG),2,0.2,1.597,1.591,1.601,1.591,2026-07-22 08:20:59 UTC,2026-07-22 08:42:33 UTC,1293.9,0.3194,0.0043,0.0,-0.0012,-0.11,-28.18,STOP_LOSS_HIT,0.0492
1850,TRUMP_USDT,SHORT,StochasticRSI(FAST_SCALP-SHORT),2,0.2,1.593,1.599,1.589,1.599,2026-07-22 08:50:59 UTC,2026-07-22 09:06:19 UTC,919.04,0.3186,0.0042,0.0,-0.0012,-0.11,-28.25,STOP_LOSS_HIT,0.048
1851,TRUMP_USDT,LONG,StochasticRSI(FAST_SCALP-LONG),2,0.2,1.596,1.6,1.6,1.59,2026-07-22 09:14:59 UTC,2026-07-22 09:20:53 UTC,353.75,0.3192,0.0043,0.0,0.0008,0.08,18.8,MIN_PROFIT_TP_HIT,0.0488
1852,TRUMP_USDT,SHORT,StochasticRSI(FAST_SCALP-SHORT),2,0.2,1.599,1.605,1.595,1.605,2026-07-22 09:22:59 UTC,2026-07-22 10:07:27 UTC,2667.89,0.3198,0.0043,0.0,-0.0012,-0.11,-28.14,STOP_LOSS_HIT,0.0476
1853,TRUMP_USDT,SHORT,StochasticRSI(FAST_SCALP-SHORT),2,0.2,1.603,1.599,1.599,1.609,2026-07-22 10:11:59 UTC,2026-07-22 10:23:31 UTC,691.4,0.3206,0.0043,0.0,0.0008,0.08,18.71,MIN_PROFIT_TP_HIT,0.0484
1854,TRUMP_USDT,LONG,StochasticRSI(FAST_SCALP-LONG),2,0.2,1.6,1.604,1.604,1.594,2026-07-22 10:25:59 UTC,2026-07-22 10:33:42 UTC,462.6,0.32,0.0043,0.0,0.0008,0.08,18.75,MIN_PROFIT_TP_HIT,0.0492
1855,TRUMP_USDT,SHORT,StochasticRSI(FAST_SCALP-SHORT),2,0.2,1.604,1.6,1.6,1.61,2026-07-22 10:39:59 UTC,2026-07-22 11:07:02 UTC,1622.3,0.3208,0.0043,0.0,0.0008,0.08,18.7,MIN_PROFIT_TP_HIT,0.05
1856,TRUMP_USDT,LONG,StochasticRSI(FAST_SCALP-LONG),2,0.2,1.599,1.593,1.603,1.593,2026-07-22 11:11:59 UTC,2026-07-22 11:40:54 UTC,1734.39,0.3198,0.0043,0.0,-0.0012,-0.11,-28.14,STOP_LOSS_HIT,0.0488
1857,TRUMP_USDT,SHORT,StochasticRSI(FAST_SCALP-SHORT),2,0.2,1.598,1.604,1.594,1.604,2026-07-22 11:41:59 UTC,2026-07-22 12:01:23 UTC,1163.19,0.3196,0.0043,0.0,-0.0012,-0.11,-28.16,STOP_LOSS_HIT,0.0476
1858,TRUMP_USDT,SHORT,StochasticRSI(FAST_SCALP-SHORT),2,0.2,1.6,1.596,1.596,1.606,2026-07-22 12:03:59 UTC,2026-07-22 12:07:44 UTC,224.7,0.32,0.0043,0.0,0.0008,0.08,18.75,MIN_PROFIT_TP_HIT,0.0484
1859,TRUMP_USDT,LONG,StochasticRSI(FAST_SCALP-LONG),2,0.2,1.597,1.591,1.601,1.591,2026-07-22 12:11:59 UTC,2026-07-22 12:38:03 UTC,1563.5,0.3194,0.0043,0.0,-0.0012,-0.11,-28.18,STOP_LOSS_HIT,0.0472
1860,TRUMP_USDT,LONG,StochasticRSI(FAST_SCALP-LONG),2,0.2,1.594,1.588,1.598,1.588,2026-07-22 12:40:59 UTC,2026-07-22 12:49:48 UTC,528.27,0.3188,0.0043,0.0,-0.0012,-0.11,-28.23,STOP_LOSS_HIT,0.046
1861,TRUMP_USDT,SHORT,StochasticRSI(FAST_SCALP-SHORT),2,0.2,1.589,1.585,1.585,1.595,2026-07-22 12:50:59 UTC,2026-07-22 12:56:52 UTC,352.77,0.3178,0.0042,0.0,0.0008,0.08,18.88,MIN_PROFIT_TP_HIT,0.0468
1862,TRUMP_USDT,SHORT,StochasticRSI(FAST_SCALP-SHORT),2,0.2,1.59,1.586,1.586,1.596,2026-07-22 13:04:59 UTC,2026-07-22 13:27:20 UTC,1340.19,0.318,0.0042,0.0,0.0008,0.08,18.87,MIN_PROFIT_TP_HIT,0.0476
1863,TRUMP_USDT,LONG,StochasticRSI(FAST_SCALP-LONG),2,0.2,1.587,1.591,1.591,1.581,2026-07-22 13:29:59 UTC,2026-07-22 13:31:07 UTC,67.8,0.3174,0.0042,0.0,0.0008,0.08,18.9,MIN_PROFIT_TP_HIT,0.0484
1864,TRUMP_USDT,SHORT,StochasticRSI(FAST_SCALP-SHORT),2,0.2,1.594,1.6,1.59,1.6,2026-07-22 13:37:59 UTC,2026-07-22 13:44:52 UTC,412.21,0.3188,0.0043,0.0,-0.0012,-0.11,-28.23,STOP_LOSS_HIT,0.0472
1865,TRUMP_USDT,SHORT,StochasticRSI(FAST_SCALP-SHORT),2,0.2,1.598,1.594,1.594,1.604,2026-07-22 13:46:59 UTC,2026-07-22 13:52:56 UTC,356.04,0.3196,0.0043,0.0,0.0008,0.08,18.77,MIN_PROFIT_TP_HIT,0.048
1866,TRUMP_USDT,LONG,StochasticRSI(FAST_SCALP-LONG),2,0.2,1.597,1.601,1.601,1.591,2026-07-22 13:54:59 UTC,2026-07-22 14:04:38 UTC,578.09,0.3194,0.0043,0.0,0.0008,0.08,18.79,MIN_PROFIT_TP_HIT,0.0488
1867,TRUMP_USDT,SHORT,StochasticRSI(FAST_SCALP-SHORT),2,0.2,1.599,1.595,1.595,1.605,2026-07-22 14:08:59 UTC,2026-07-22 14:15:11 UTC,371.51,0.3198,0.0043,0.0,0.0008,0.08,18.76,MIN_PROFIT_TP_HIT,0.0496
1868,TRUMP_USDT,LONG,StochasticRSI(FAST_SCALP-LONG),2,0.2,1.597,1.591,1.601,1.591,2026-07-22 14:18:59 UTC,2026-07-22 14:30:29 UTC,689.8,0.3194,0.0043,0.0,-0.0012,-0.11,-28.18,STOP_LOSS_HIT,0.0484
1869,TRUMP_USDT,SHORT,StochasticRSI(FAST_SCALP-SHORT),2,0.2,1.595,1.601,1.591,1.601,2026-07-22 14:35:59 UTC,2026-07-22 15:00:29 UTC,1469.16,0.319,0.0043,0.0,-0.0012,-0.11,-28.21,STOP_LOSS_HIT,0.0472
1870,TRUMP_USDT,SHORT,StochasticRSI(FAST_SCALP-SHORT),2,0.2,1.601,1.607,1.597,1.607,2026-07-22 15:02:59 UTC,2026-07-22 15:23:16 UTC,1216.55,0.3202,0.0043,0.0,-0.0012,-0.11,-28.11,STOP_LOSS_HIT,0.046
1871,TRUMP_USDT,LONG,StochasticRSI(FAST_SCALP-LONG),2,0.2,1.601,1.605,1.605,1.595,2026-07-22 15:35:59 UTC,2026-07-22 16:01:08 UTC,1508.04,0.3202,0.0043,0.0,0.0008,0.08,18.74,MIN_PROFIT_TP_HIT,0.0468
1872,TRUMP_USDT,SHORT,StochasticRSI(FAST_SCALP-SHORT),2,0.2,1.605,1.601,1.601,1.611,2026-07-22 16:03:59 UTC,2026-07-22 16:13:44 UTC,584.97,0.321,0.0043,0.0,0.0008,0.08,18.69,MIN_PROFIT_TP_HIT,0.0476
1873,TRUMP_USDT,LONG,StochasticRSI(FAST_SCALP-LONG),2,0.2,1.578,1.582,1.582,1.572,2026-07-22 16:17:59 UTC,2026-07-22 16:18:48 UTC,48.1,0.3156,0.0042,0.0,0.0008,0.08,19.01,MIN_PROFIT_TP_HIT,0.0484
1874,TRUMP_USDT,SHORT,StochasticRSI(FAST_SCALP-SHORT),2,0.2,1.591,1.597,1.587,1.597,2026-07-22 16:30:59 UTC,2026-07-22 16:31:48 UTC,48.61,0.3182,0.0042,0.0,-0.0012,-0.11,-28.28,STOP_LOSS_HIT,0.0472
1875,TRUMP_USDT,SHORT,StochasticRSI(FAST_SCALP-SHORT),2,0.2,1.601,1.607,1.597,1.607,2026-07-22 16:35:59 UTC,2026-07-22 16:55:41 UTC,1181.65,0.3202,0.0043,0.0,-0.0012,-0.11,-28.11,STOP_LOSS_HIT,0.046
1876,TRUMP_USDT,SHORT,StochasticRSI(FAST_SCALP-SHORT),2,0.2,1.611,1.617,1.607,1.617,2026-07-22 16:59:59 UTC,2026-07-22 17:11:18 UTC,678.97,0.3222,0.0043,0.0,-0.0012,-0.11,-27.93,STOP_LOSS_HIT,0.0448
1877,TRUMP_USDT,LONG,StochasticRSI(FAST_SCALP-LONG),2,0.2,1.621,1.615,1.625,1.615,2026-07-22 17:12:59 UTC,2026-07-22 17:17:20 UTC,260.08,0.3242,0.0043,0.0,-0.0012,-0.11,-27.76,STOP_LOSS_HIT,0.0436
1878,TRUMP_USDT,LONG,StochasticRSI(FAST_SCALP-LONG),2,0.2,1.608,1.612,1.612,1.602,2026-07-22 17:25:59 UTC,2026-07-22 17:31:04 UTC,304.44,0.3216,0.0043,0.0,0.0008,0.08,18.66,MIN_PROFIT_TP_HIT,0.0444
1879,TRUMP_USDT,SHORT,StochasticRSI(FAST_SCALP-SHORT),2,0.2,1.622,1.618,1.618,1.628,2026-07-22 17:37:59 UTC,2026-07-22 17:41:09 UTC,189.77,0.3244,0.0043,0.0,0.0008,0.08,18.5,MIN_PROFIT_TP_HIT,0.0452
1880,TRUMP_USDT,LONG,StochasticRSI(FAST_SCALP-LONG),2,0.2,1.629,1.623,1.633,1.623,2026-07-22 17:44:59 UTC,2026-07-22 17:49:08 UTC,248.9,0.3258,0.0043,0.0,-0.0012,-0.11,-27.62,STOP_LOSS_HIT,0.044
1881,TRUMP_USDT,LONG,StochasticRSI(FAST_SCALP-LONG),2,0.2,1.617,1.621,1.621,1.611,2026-07-22 17:57:59 UTC,2026-07-22 18:00:57 UTC,177.39,0.3234,0.0043,0.0,0.0008,0.08,18.55,MIN_PROFIT_TP_HIT,0.0448
1882,TRUMP_USDT,SHORT,StochasticRSI(FAST_SCALP-SHORT),2,0.2,1.616,1.612,1.612,1.622,2026-07-22 18:22:59 UTC,2026-07-22 18:37:39 UTC,879.63,0.3232,0.0043,0.0,0.0008,0.08,18.56,MIN_PROFIT_TP_HIT,0.0456
1883,TRUMP_USDT,LONG,StochasticRSI(FAST_SCALP-LONG),2,0.2,1.613,1.617,1.617,1.607,2026-07-22 18:41:59 UTC,2026-07-22 18:48:03 UTC,363.1,0.3226,0.0043,0.0,0.0008,0.08,18.6,MIN_PROFIT_TP_HIT,0.0464
1884,TRUMP_USDT,SHORT,StochasticRSI(FAST_SCALP-SHORT),2,0.2,1.614,1.61,1.61,1.62,2026-07-22 18:49:59 UTC,2026-07-22 19:08:11 UTC,1091.62,0.3228,0.0043,0.0,0.0008,0.08,18.59,MIN_PROFIT_TP_HIT,0.0472
1885,TRUMP_USDT,LONG,StochasticRSI(FAST_SCALP-LONG),2,0.2,1.609,1.613,1.613,1.603,2026-07-22 19:11:59 UTC,2026-07-22 19:19:12 UTC,432.03,0.3218,0.0043,0.0,0.0008,0.08,18.65,MIN_PROFIT_TP_HIT,0.048
1886,TRUMP_USDT,SHORT,StochasticRSI(FAST_SCALP-SHORT),2,0.2,1.611,1.607,1.607,1.617,2026-07-22 19:21:59 UTC,2026-07-22 19:46:43 UTC,1483.58,0.3222,0.0043,0.0,0.0008,0.08,18.62,MIN_PROFIT_TP_HIT,0.0488
1887,TRUMP_USDT,LONG,StochasticRSI(FAST_SCALP-LONG),2,0.2,1.609,1.613,1.613,1.603,2026-07-22 19:49:59 UTC,2026-07-22 20:19:13 UTC,1753.21,0.3218,0.0043,0.0,0.0008,0.08,18.65,MIN_PROFIT_TP_HIT,0.0496
1888,TRUMP_USDT,SHORT,StochasticRSI(FAST_SCALP-SHORT),2,0.2,1.613,1.619,1.609,1.619,2026-07-22 20:23:59 UTC,2026-07-22 20:28:22 UTC,262.03,0.3226,0.0043,0.0,-0.0012,-0.11,-27.9,STOP_LOSS_HIT,0.0484
1889,TRUMP_USDT,SHORT,StochasticRSI(FAST_SCALP-SHORT),2,0.2,1.621,1.627,1.617,1.627,2026-07-22 20:32:59 UTC,2026-07-22 20:36:09 UTC,189.24,0.3242,0.0043,0.0,-0.0012,-0.11,-27.76,STOP_LOSS_HIT,0.0472
1890,TRUMP_USDT,LONG,StochasticRSI(FAST_SCALP-LONG),2,0.2,1.621,1.615,1.625,1.615,2026-07-22 20:43:59 UTC,2026-07-22 21:25:03 UTC,2463.54,0.3242,0.0043,0.0,-0.0012,-0.11,-27.76,STOP_LOSS_HIT,0.046
1891,TRUMP_USDT,LONG,StochasticRSI(FAST_SCALP-LONG),2,0.2,1.611,1.615,1.615,1.605,2026-07-22 21:30:59 UTC,2026-07-22 21:44:48 UTC,828.1,0.3222,0.0043,0.0,0.0008,0.08,18.62,MIN_PROFIT_TP_HIT,0.0468
1892,TRUMP_USDT,SHORT,StochasticRSI(FAST_SCALP-SHORT),2,0.2,1.615,1.611,1.611,1.621,2026-07-22 21:50:59 UTC,2026-07-22 21:54:17 UTC,197.4,0.323,0.0043,0.0,0.0008,0.08,18.58,MIN_PROFIT_TP_HIT,0.0476
1893,TRUMP_USDT,LONG,StochasticRSI(FAST_SCALP-LONG),2,0.2,1.616,1.61,1.62,1.61,2026-07-22 21:57:59 UTC,2026-07-22 22:17:19 UTC,1159.14,0.3232,0.0043,0.0,-0.0012,-0.11,-27.85,STOP_LOSS_HIT,0.0464
1894,TRUMP_USDT,SHORT,StochasticRSI(FAST_SCALP-SHORT),2,0.2,1.613,1.609,1.609,1.619,2026-07-22 22:35:59 UTC,2026-07-22 22:39:49 UTC,229.13,0.3226,0.0043,0.0,0.0008,0.08,18.6,MIN_PROFIT_TP_HIT,0.0472
1895,TRUMP_USDT,LONG,StochasticRSI(FAST_SCALP-LONG),2,0.2,1.612,1.616,1.616,1.606,2026-07-22 22:43:59 UTC,2026-07-22 22:55:12 UTC,672.86,0.3224,0.0043,0.0,0.0008,0.08,18.61,MIN_PROFIT_TP_HIT,0.048
1896,TRUMP_USDT,SHORT,StochasticRSI(FAST_SCALP-SHORT),2,0.2,1.615,1.611,1.611,1.621,2026-07-22 22:58:59 UTC,2026-07-22 23:00:13 UTC,73.9,0.323,0.0043,0.0,0.0008,0.08,18.58,MIN_PROFIT_TP_HIT,0.0488
1897,TRUMP_USDT,LONG,StochasticRSI(FAST_SCALP-LONG),2,0.2,1.605,1.609,1.609,1.599,2026-07-22 23:16:59 UTC,2026-07-22 23:59:00 UTC,2520.82,0.321,0.0043,0.0,0.0008,0.08,18.69,MIN_PROFIT_TP_HIT,0.0496
1898,TRUMP_USDT,SHORT,StochasticRSI(FAST_SCALP-SHORT),2,0.2,1.609,1.615,1.605,1.615,2026-07-23 00:03:59 UTC,2026-07-23 00:22:35 UTC,1115.28,0.3218,0.0043,0.0,-0.0012,-0.11,-27.97,STOP_LOSS_HIT,0.0484
1899,TRUMP_USDT,SHORT,StochasticRSI(FAST_SCALP-SHORT),2,0.2,1.614,1.61,1.61,1.62,2026-07-23 00:25:59 UTC,2026-07-23 00:29:00 UTC,180.71,0.3228,0.0043,0.0,0.0008,0.08,18.59,MIN_PROFIT_TP_HIT,0.0492
1900,TRUMP_USDT,LONG,StochasticRSI(FAST_SCALP-LONG),2,0.2,1.61,1.604,1.614,1.604,2026-07-23 00:33:59 UTC,2026-07-23 00:53:45 UTC,1185.84,0.322,0.0043,0.0,-0.0012,-0.11,-27.95,STOP_LOSS_HIT,0.048
1901,TRUMP_USDT,LONG,StochasticRSI(FAST_SCALP-LONG),2,0.2,1.603,1.597,1.607,1.597,2026-07-23 00:58:59 UTC,2026-07-23 01:25:12 UTC,1572.13,0.3206,0.0043,0.0,-0.0012,-0.11,-28.07,STOP_LOSS_HIT,0.0468
1902,TRUMP_USDT,LONG,StochasticRSI(FAST_SCALP-LONG),2,0.2,1.596,1.59,1.6,1.59,2026-07-23 01:33:59 UTC,2026-07-23 02:00:15 UTC,1575.86,0.3192,0.0043,0.0,-0.0012,-0.11,-28.2,STOP_LOSS_HIT,0.0456
1903,TRUMP_USDT,LONG,StochasticRSI(FAST_SCALP-LONG),2,0.2,1.593,1.597,1.597,1.587,2026-07-23 02:02:59 UTC,2026-07-23 02:04:49 UTC,109.9,0.3186,0.0042,0.0,0.0008,0.08,18.83,MIN_PROFIT_TP_HIT,0.0464
1904,TRUMP_USDT,SHORT,StochasticRSI(FAST_SCALP-SHORT),2,0.2,1.597,1.593,1.593,1.603,2026-07-23 02:08:59 UTC,2026-07-23 02:12:45 UTC,225.26,0.3194,0.0043,0.0,0.0008,0.08,18.79,MIN_PROFIT_TP_HIT,0.0472
1905,TRUMP_USDT,LONG,StochasticRSI(FAST_SCALP-LONG),2,0.2,1.593,1.597,1.597,1.587,2026-07-23 02:14:59 UTC,2026-07-23 02:53:37 UTC,2317.13,0.3186,0.0042,0.0,0.0008,0.08,18.83,MIN_PROFIT_TP_HIT,0.048
1906,TRUMP_USDT,LONG,StochasticRSI(FAST_SCALP-LONG),2,0.2,1.594,1.598,1.598,1.588,2026-07-23 03:14:59 UTC,2026-07-23 04:20:34 UTC,3934.7,0.3188,0.0043,0.0,0.0008,0.08,18.82,MIN_PROFIT_TP_HIT,0.0488
1907,TRUMP_USDT,SHORT,StochasticRSI(FAST_SCALP-SHORT),2,0.2,1.599,1.605,1.595,1.605,2026-07-23 04:23:59 UTC,2026-07-23 04:39:50 UTC,950.75,0.3198,0.0043,0.0,-0.0012,-0.11,-28.14,STOP_LOSS_HIT,0.0476
1908,TRUMP_USDT,SHORT,StochasticRSI(FAST_SCALP-SHORT),2,0.2,1.6,1.606,1.596,1.606,2026-07-23 04:41:59 UTC,2026-07-23 06:06:02 UTC,5042.06,0.32,0.0043,0.0,-0.0012,-0.11,-28.13,STOP_LOSS_HIT,0.0464
1909,TRUMP_USDT,SHORT,StochasticRSI(FAST_SCALP-SHORT),2,0.2,1.605,1.611,1.601,1.611,2026-07-23 06:08:59 UTC,2026-07-23 06:18:42 UTC,582.85,0.321,0.0043,0.0,-0.0012,-0.11,-28.04,STOP_LOSS_HIT,0.0452
1910,TRUMP_USDT,SHORT,StochasticRSI(FAST_SCALP-SHORT),2,0.2,1.608,1.614,1.604,1.614,2026-07-23 06:22:59 UTC,2026-07-23 06:32:21 UTC,561.07,0.3216,0.0043,0.0,-0.0012,-0.11,-27.99,STOP_LOSS_HIT,0.044
1911,TRUMP_USDT,SHORT,StochasticRSI(FAST_SCALP-SHORT),2,0.2,1.628,1.624,1.624,1.634,2026-07-23 06:36:59 UTC,2026-07-23 06:39:33 UTC,153.08,0.3256,0.0043,0.0,0.0008,0.08,18.43,MIN_PROFIT_TP_HIT,0.0448
1912,TRUMP_USDT,LONG,StochasticRSI(FAST_SCALP-LONG),2,0.2,1.627,1.621,1.631,1.621,2026-07-23 06:46:59 UTC,2026-07-23 06:48:34 UTC,94.76,0.3254,0.0043,0.0,-0.0012,-0.11,-27.66,STOP_LOSS_HIT,0.0436
1913,TRUMP_USDT,LONG,StochasticRSI(FAST_SCALP-LONG),2,0.2,1.621,1.615,1.625,1.615,2026-07-23 06:52:59 UTC,2026-07-23 07:11:30 UTC,1110.79,0.3242,0.0043,0.0,-0.0012,-0.11,-27.76,STOP_LOSS_HIT,0.0424
1914,TRUMP_USDT,LONG,StochasticRSI(FAST_SCALP-LONG),2,0.2,1.615,1.619,1.619,1.609,2026-07-23 07:15:59 UTC,2026-07-23 07:22:12 UTC,372.41,0.323,0.0043,0.0,0.0008,0.08,18.58,MIN_PROFIT_TP_HIT,0.0432
1915,TRUMP_USDT,SHORT,StochasticRSI(FAST_SCALP-SHORT),2,0.2,1.625,1.631,1.621,1.631,2026-07-23 07:25:59 UTC,2026-07-23 07:29:24 UTC,204.74,0.325,0.0043,0.0,-0.0012,-0.11,-27.69,STOP_LOSS_HIT,0.042
1916,TRUMP_USDT,SHORT,StochasticRSI(FAST_SCALP-SHORT),2,0.2,1.629,1.625,1.625,1.635,2026-07-23 07:33:59 UTC,2026-07-23 07:38:55 UTC,295.09,0.3258,0.0043,0.0,0.0008,0.08,18.42,MIN_PROFIT_TP_HIT,0.0428
1917,TRUMP_USDT,LONG,StochasticRSI(FAST_SCALP-LONG),2,0.2,1.622,1.626,1.626,1.616,2026-07-23 07:40:59 UTC,2026-07-23 07:52:25 UTC,685.18,0.3244,0.0043,0.0,0.0008,0.08,18.5,MIN_PROFIT_TP_HIT,0.0436
1918,TRUMP_USDT,SHORT,StochasticRSI(FAST_SCALP-SHORT),2,0.2,1.626,1.632,1.622,1.632,2026-07-23 07:54:59 UTC,2026-07-23 08:11:46 UTC,1006.73,0.3252,0.0043,0.0,-0.0012,-0.11,-27.68,STOP_LOSS_HIT,0.0424
1919,TRUMP_USDT,SHORT,StochasticRSI(FAST_SCALP-SHORT),2,0.2,1.634,1.63,1.63,1.64,2026-07-23 08:14:59 UTC,2026-07-23 08:15:26 UTC,26.23,0.3268,0.0044,0.0,0.0008,0.08,18.36,MIN_PROFIT_TP_HIT,0.0432
1920,TRUMP_USDT,SHORT,StochasticRSI(FAST_SCALP-SHORT),2,0.2,1.633,1.639,1.629,1.639,2026-07-23 08:17:59 UTC,2026-07-23 08:19:57 UTC,117.03,0.3266,0.0044,0.0,-0.0012,-0.11,-27.56,STOP_LOSS_HIT,0.042
1921,TRUMP_USDT,SHORT,StochasticRSI(FAST_SCALP-SHORT),2,0.2,1.632,1.638,1.628,1.638,2026-07-23 08:21:59 UTC,2026-07-23 08:26:13 UTC,253.45,0.3264,0.0044,0.0,-0.0012,-0.11,-27.57,STOP_LOSS_HIT,0.0408
1922,TRUMP_USDT,LONG,StochasticRSI(FAST_SCALP-LONG),2,0.2,1.637,1.641,1.641,1.631,2026-07-23 08:36:59 UTC,2026-07-23 09:02:51 UTC,1551.93,0.3274,0.0044,0.0,0.0008,0.08,18.33,MIN_PROFIT_TP_HIT,0.0416
1923,TRUMP_USDT,SHORT,StochasticRSI(FAST_SCALP-SHORT),2,0.2,1.638,1.634,1.634,1.644,2026-07-23 09:04:59 UTC,2026-07-23 09:06:19 UTC,79.11,0.3276,0.0044,0.0,0.0008,0.08,18.32,MIN_PROFIT_TP_HIT,0.0424
1924,TRUMP_USDT,LONG,StochasticRSI(FAST_SCALP-LONG),2,0.2,1.631,1.635,1.635,1.625,2026-07-23 09:10:59 UTC,2026-07-23 09:23:48 UTC,768.02,0.3262,0.0043,0.0,0.0008,0.08,18.39,MIN_PROFIT_TP_HIT,0.0432
1925,TRUMP_USDT,SHORT,StochasticRSI(FAST_SCALP-SHORT),2,0.2,1.636,1.632,1.632,1.642,2026-07-23 09:27:59 UTC,2026-07-23 09:55:29 UTC,1649.76,0.3272,0.0044,0.0,0.0008,0.08,18.34,MIN_PROFIT_TP_HIT,0.044
1926,TRUMP_USDT,LONG,StochasticRSI(FAST_SCALP-LONG),2,0.2,1.633,1.637,1.637,1.627,2026-07-23 09:59:59 UTC,2026-07-23 10:03:51 UTC,231.72,0.3266,0.0044,0.0,0.0008,0.08,18.37,MIN_PROFIT_TP_HIT,0.0448
1927,TRUMP_USDT,SHORT,StochasticRSI(FAST_SCALP-SHORT),2,0.2,1.639,1.635,1.635,1.645,2026-07-23 10:09:59 UTC,2026-07-23 10:20:19 UTC,619.23,0.3278,0.0044,0.0,0.0008,0.08,18.3,MIN_PROFIT_TP_HIT,0.0456
1928,TRUMP_USDT,LONG,StochasticRSI(FAST_SCALP-LONG),2,0.2,1.638,1.642,1.642,1.632,2026-07-23 10:22:59 UTC,2026-07-23 10:53:54 UTC,1854.58,0.3276,0.0044,0.0,0.0008,0.08,18.32,MIN_PROFIT_TP_HIT,0.0464
1929,TRUMP_USDT,SHORT,StochasticRSI(FAST_SCALP-SHORT),2,0.2,1.645,1.641,1.641,1.651,2026-07-23 10:58:59 UTC,2026-07-23 11:02:51 UTC,231.2,0.329,0.0044,0.0,0.0008,0.08,18.24,MIN_PROFIT_TP_HIT,0.0472
1930,TRUMP_USDT,LONG,StochasticRSI(FAST_SCALP-LONG),2,0.2,1.64,1.644,1.644,1.634,2026-07-23 11:10:59 UTC,2026-07-23 11:22:34 UTC,694.76,0.328,0.0044,0.0,0.0008,0.08,18.29,MIN_PROFIT_TP_HIT,0.048
1931,TRUMP_USDT,SHORT,StochasticRSI(FAST_SCALP-SHORT),2,0.2,1.644,1.64,1.64,1.65,2026-07-23 11:27:59 UTC,2026-07-23 11:39:24 UTC,684.06,0.3288,0.0044,0.0,0.0008,0.08,18.25,MIN_PROFIT_TP_HIT,0.0488
1932,TRUMP_USDT,LONG,StochasticRSI(FAST_SCALP-LONG),2,0.2,1.642,1.646,1.646,1.636,2026-07-23 11:46:59 UTC,2026-07-23 11:50:23 UTC,203.96,0.3284,0.0044,0.0,0.0008,0.08,18.27,MIN_PROFIT_TP_HIT,0.0496
1933,TRUMP_USDT,SHORT,StochasticRSI(FAST_SCALP-SHORT),2,0.2,1.644,1.65,1.64,1.65,2026-07-23 11:52:59 UTC,2026-07-23 12:06:36 UTC,816.91,0.3288,0.0044,0.0,-0.0012,-0.11,-27.37,STOP_LOSS_HIT,0.0484
1934,TRUMP_USDT,SHORT,StochasticRSI(FAST_SCALP-SHORT),2,0.2,1.657,1.653,1.653,1.663,2026-07-23 12:09:59 UTC,2026-07-23 12:10:39 UTC,39.85,0.3314,0.0044,0.0,0.0008,0.08,18.11,MIN_PROFIT_TP_HIT,0.0492
1935,TRUMP_USDT,SHORT,StochasticRSI(FAST_SCALP-SHORT),2,0.2,1.662,1.658,1.658,1.668,2026-07-23 12:17:59 UTC,2026-07-23 12:24:41 UTC,401.14,0.3324,0.0044,0.0,0.0008,0.08,18.05,MIN_PROFIT_TP_HIT,0.05
1936,TRUMP_USDT,LONG,StochasticRSI(FAST_SCALP-LONG),2,0.2,1.649,1.653,1.653,1.643,2026-07-23 12:28:59 UTC,2026-07-23 12:31:08 UTC,128.28,0.3298,0.0044,0.0,0.0008,0.08,18.19,MIN_PROFIT_TP_HIT,0.0508
1937,TRUMP_USDT,SHORT,StochasticRSI(FAST_SCALP-SHORT),2,0.2,1.659,1.655,1.655,1.665,2026-07-23 12:35:59 UTC,2026-07-23 12:36:09 UTC,9.13,0.3318,0.0044,0.0,0.0008,0.08,18.08,MIN_PROFIT_TP_HIT,0.0516
1938,TRUMP_USDT,LONG,StochasticRSI(FAST_SCALP-LONG),2,0.2,1.638,1.642,1.642,1.632,2026-07-23 12:42:59 UTC,2026-07-23 12:43:47 UTC,47.97,0.3276,0.0044,0.0,0.0008,0.08,18.32,MIN_PROFIT_TP_HIT,0.0524
1939,TRUMP_USDT,LONG,StochasticRSI(FAST_SCALP-LONG),2,0.2,1.64,1.644,1.644,1.634,2026-07-23 12:49:59 UTC,2026-07-23 12:51:28 UTC,88.83,0.328,0.0044,0.0,0.0008,0.08,18.29,MIN_PROFIT_TP_HIT,0.0532
1940,TRUMP_USDT,SHORT,StochasticRSI(FAST_SCALP-SHORT),2,0.2,1.642,1.638,1.638,1.648,2026-07-23 12:53:59 UTC,2026-07-23 12:55:37 UTC,97.41,0.3284,0.0044,0.0,0.0008,0.08,18.27,MIN_PROFIT_TP_HIT,0.054
1941,TRUMP_USDT,LONG,StochasticRSI(FAST_SCALP-LONG),2,0.2,1.633,1.637,1.637,1.627,2026-07-23 13:01:59 UTC,2026-07-23 13:04:45 UTC,165.54,0.3266,0.0044,0.0,0.0008,0.08,18.37,MIN_PROFIT_TP_HIT,0.0548
1942,TRUMP_USDT,SHORT,StochasticRSI(FAST_SCALP-SHORT),2,0.2,1.64,1.636,1.636,1.646,2026-07-23 13:16:59 UTC,2026-07-23 13:19:26 UTC,146.81,0.328,0.0044,0.0,0.0008,0.08,18.29,MIN_PROFIT_TP_HIT,0.0556
1943,TRUMP_USDT,LONG,StochasticRSI(FAST_SCALP-LONG),2,0.2,1.631,1.635,1.635,1.625,2026-07-23 13:31:59 UTC,2026-07-23 13:32:18 UTC,18.05,0.3262,0.0043,0.0,0.0008,0.08,18.39,MIN_PROFIT_TP_HIT,0.0564
1944,TRUMP_USDT,SHORT,StochasticRSI(FAST_SCALP-SHORT),2,0.2,1.637,1.633,1.633,1.643,2026-07-23 13:37:59 UTC,2026-07-23 13:38:17 UTC,17.01,0.3274,0.0044,0.0,0.0008,0.08,18.33,MIN_PROFIT_TP_HIT,0.0572
1945,TRUMP_USDT,LONG,StochasticRSI(FAST_SCALP-LONG),2,0.2,1.635,1.629,1.639,1.629,2026-07-23 13:44:59 UTC,2026-07-23 13:47:42 UTC,162.1,0.327,0.0044,0.0,-0.0012,-0.11,-27.52,STOP_LOSS_HIT,0.056
1946,TRUMP_USDT,SHORT,StochasticRSI(FAST_SCALP-SHORT),2,0.2,1.634,1.63,1.63,1.64,2026-07-23 13:57:59 UTC,2026-07-23 13:58:19 UTC,19.35,0.3268,0.0044,0.0,0.0008,0.08,18.36,MIN_PROFIT_TP_HIT,0.0568
1947,TRUMP_USDT,LONG,StochasticRSI(FAST_SCALP-LONG),2,0.2,1.635,1.639,1.639,1.629,2026-07-23 14:05:59 UTC,2026-07-23 14:10:14 UTC,254.94,0.327,0.0044,0.0,0.0008,0.08,18.35,MIN_PROFIT_TP_HIT,0.0576
1948,TRUMP_USDT,SHORT,StochasticRSI(FAST_SCALP-SHORT),2,0.2,1.636,1.642,1.632,1.642,2026-07-23 14:18:59 UTC,2026-07-23 14:25:26 UTC,386.4,0.3272,0.0044,0.0,-0.0012,-0.11,-27.51,STOP_LOSS_HIT,0.0564
1949,TRUMP_USDT,SHORT,StochasticRSI(FAST_SCALP-SHORT),2,0.2,1.639,1.645,1.635,1.645,2026-07-23 14:32:59 UTC,2026-07-23 14:35:44 UTC,164.59,0.3278,0.0044,0.0,-0.0012,-0.11,-27.46,STOP_LOSS_HIT,0.0552
1950,TRUMP_USDT,SHORT,StochasticRSI(FAST_SCALP-SHORT),2,0.2,1.644,1.64,1.64,1.65,2026-07-23 14:48:59 UTC,2026-07-23 14:51:49 UTC,169.5,0.3288,0.0044,0.0,0.0008,0.08,18.25,MIN_PROFIT_TP_HIT,0.056
1951,TRUMP_USDT,LONG,StochasticRSI(FAST_SCALP-LONG),2,0.2,1.644,1.638,1.648,1.638,2026-07-23 14:53:59 UTC,2026-07-23 14:59:58 UTC,358.25,0.3288,0.0044,0.0,-0.0012,-0.11,-27.37,STOP_LOSS_HIT,0.0548
1952,TRUMP_USDT,LONG,StochasticRSI(FAST_SCALP-LONG),2,0.2,1.637,1.631,1.641,1.631,2026-07-23 15:04:59 UTC,2026-07-23 15:06:27 UTC,87.74,0.3274,0.0044,0.0,-0.0012,-0.11,-27.49,STOP_LOSS_HIT,0.0536
1953,TRUMP_USDT,LONG,StochasticRSI(FAST_SCALP-LONG),2,0.2,1.628,1.632,1.632,1.622,2026-07-23 15:11:59 UTC,2026-07-23 15:17:38 UTC,338.81,0.3256,0.0043,0.0,0.0008,0.08,18.43,MIN_PROFIT_TP_HIT,0.0544
1954,TRUMP_USDT,SHORT,StochasticRSI(FAST_SCALP-SHORT),2,0.2,1.629,1.635,1.625,1.635,2026-07-23 15:19:59 UTC,2026-07-23 15:21:45 UTC,105.4,0.3258,0.0043,0.0,-0.0012,-0.11,-27.62,STOP_LOSS_HIT,0.0532
1955,TRUMP_USDT,SHORT,StochasticRSI(FAST_SCALP-SHORT),2,0.2,1.631,1.637,1.627,1.637,2026-07-23 15:26:59 UTC,2026-07-23 15:45:57 UTC,1137.48,0.3262,0.0043,0.0,-0.0012,-0.11,-27.59,STOP_LOSS_HIT,0.052
1956,TRUMP_USDT,SHORT,StochasticRSI(FAST_SCALP-SHORT),2,0.2,1.635,1.641,1.631,1.641,2026-07-23 15:49:59 UTC,2026-07-23 15:59:30 UTC,570.94,0.327,0.0044,0.0,-0.0012,-0.11,-27.52,STOP_LOSS_HIT,0.0508
1957,TRUMP_USDT,SHORT,StochasticRSI(FAST_SCALP-SHORT),2,0.2,1.638,1.644,1.634,1.644,2026-07-23 16:01:59 UTC,2026-07-23 16:02:17 UTC,17.5,0.3276,0.0044,0.0,-0.0012,-0.11,-27.47,STOP_LOSS_HIT,0.0496
1958,TRUMP_USDT,LONG,StochasticRSI(FAST_SCALP-LONG),2,0.2,1.638,1.642,1.642,1.632,2026-07-23 16:10:59 UTC,2026-07-23 16:14:10 UTC,190.41,0.3276,0.0044,0.0,0.0008,0.08,18.32,MIN_PROFIT_TP_HIT,0.0504
1959,TRUMP_USDT,SHORT,StochasticRSI(FAST_SCALP-SHORT),2,0.2,1.643,1.639,1.639,1.649,2026-07-23 16:17:59 UTC,2026-07-23 16:19:31 UTC,91.34,0.3286,0.0044,0.0,0.0008,0.08,18.26,MIN_PROFIT_TP_HIT,0.0512
1960,TRUMP_USDT,LONG,StochasticRSI(FAST_SCALP-LONG),2,0.2,1.642,1.636,1.646,1.636,2026-07-23 16:22:59 UTC,2026-07-23 16:40:30 UTC,1050.5,0.3284,0.0044,0.0,-0.0012,-0.11,-27.41,STOP_LOSS_HIT,0.05
1961,TRUMP_USDT,SHORT,StochasticRSI(FAST_SCALP-SHORT),2,0.2,1.637,1.633,1.633,1.643,2026-07-23 16:41:59 UTC,2026-07-23 16:45:14 UTC,194.91,0.3274,0.0044,0.0,0.0008,0.08,18.33,MIN_PROFIT_TP_HIT,0.0508
1962,TRUMP_USDT,LONG,StochasticRSI(FAST_SCALP-LONG),2,0.2,1.631,1.625,1.635,1.625,2026-07-23 16:58:59 UTC,2026-07-23 17:02:04 UTC,184.69,0.3262,0.0043,0.0,-0.0012,-0.11,-27.59,STOP_LOSS_HIT,0.0496
1963,TRUMP_USDT,LONG,StochasticRSI(FAST_SCALP-LONG),2,0.2,1.621,1.615,1.625,1.615,2026-07-23 17:04:59 UTC,2026-07-23 17:37:19 UTC,1939.02,0.3242,0.0043,0.0,-0.0012,-0.11,-27.76,STOP_LOSS_HIT,0.0484
1964,TRUMP_USDT,SHORT,StochasticRSI(FAST_SCALP-SHORT),2,0.2,1.611,1.607,1.607,1.617,2026-07-23 17:47:59 UTC,2026-07-23 17:55:25 UTC,445.57,0.3222,0.0043,0.0,0.0008,0.08,18.62,MIN_PROFIT_TP_HIT,0.0492
1965,TRUMP_USDT,LONG,StochasticRSI(FAST_SCALP-LONG),2,0.2,1.599,1.593,1.603,1.593,2026-07-23 18:02:59 UTC,2026-07-23 18:05:38 UTC,158.29,0.3198,0.0043,0.0,-0.0012,-0.11,-28.14,STOP_LOSS_HIT,0.048
1966,TRUMP_USDT,SHORT,StochasticRSI(FAST_SCALP-SHORT),2,0.2,1.594,1.59,1.59,1.6,2026-07-23 18:12:59 UTC,2026-07-23 18:17:33 UTC,273.73,0.3188,0.0043,0.0,0.0008,0.08,18.82,MIN_PROFIT_TP_HIT,0.0488
1967,TRUMP_USDT,SHORT,StochasticRSI(FAST_SCALP-SHORT),2,0.2,1.61,1.606,1.606,1.616,2026-07-23 18:28:59 UTC,2026-07-23 18:41:11 UTC,731.37,0.322,0.0043,0.0,0.0008,0.08,18.63,MIN_PROFIT_TP_HIT,0.0496
1968,TRUMP_USDT,LONG,StochasticRSI(FAST_SCALP-LONG),2,0.2,1.606,1.61,1.61,1.6,2026-07-23 18:46:59 UTC,2026-07-23 18:49:06 UTC,126.86,0.3212,0.0043,0.0,0.0008,0.08,18.68,MIN_PROFIT_TP_HIT,0.0504
1969,TRUMP_USDT,SHORT,StochasticRSI(FAST_SCALP-SHORT),2,0.2,1.608,1.614,1.604,1.614,2026-07-23 18:51:59 UTC,2026-07-23 19:25:50 UTC,2030.9,0.3216,0.0043,0.0,-0.0012,-0.11,-27.99,STOP_LOSS_HIT,0.0492
1970,TRUMP_USDT,SHORT,StochasticRSI(FAST_SCALP-SHORT),2,0.2,1.616,1.612,1.612,1.622,2026-07-23 19:28:59 UTC,2026-07-23 19:41:22 UTC,742.4,0.3232,0.0043,0.0,0.0008,0.08,18.56,MIN_PROFIT_TP_HIT,0.05
1971,TRUMP_USDT,LONG,StochasticRSI(FAST_SCALP-LONG),2,0.2,1.612,1.616,1.616,1.606,2026-07-23 19:45:59 UTC,2026-07-23 19:59:06 UTC,786.11,0.3224,0.0043,0.0,0.0008,0.08,18.61,MIN_PROFIT_TP_HIT,0.0508
1972,TRUMP_USDT,SHORT,StochasticRSI(FAST_SCALP-SHORT),2,0.2,1.623,1.619,1.619,1.629,2026-07-23 20:10:59 UTC,2026-07-23 20:40:29 UTC,1769.45,0.3246,0.0043,0.0,0.0008,0.08,18.48,MIN_PROFIT_TP_HIT,0.0516
1973,TRUMP_USDT,LONG,StochasticRSI(FAST_SCALP-LONG),2,0.2,1.618,1.622,1.622,1.612,2026-07-23 20:45:59 UTC,2026-07-23 20:54:24 UTC,504.79,0.3236,0.0043,0.0,0.0008,0.08,18.54,MIN_PROFIT_TP_HIT,0.0524
1974,TRUMP_USDT,SHORT,StochasticRSI(FAST_SCALP-SHORT),2,0.2,1.623,1.619,1.619,1.629,2026-07-23 20:57:59 UTC,2026-07-23 21:08:20 UTC,620.38,0.3246,0.0043,0.0,0.0008,0.08,18.48,MIN_PROFIT_TP_HIT,0.0532
1975,TRUMP_USDT,LONG,StochasticRSI(FAST_SCALP-LONG),2,0.2,1.617,1.611,1.621,1.611,2026-07-23 21:17:59 UTC,2026-07-23 21:29:06 UTC,666.64,0.3234,0.0043,0.0,-0.0012,-0.11,-27.83,STOP_LOSS_HIT,0.052
1976,TRUMP_USDT,SHORT,StochasticRSI(FAST_SCALP-SHORT),2,0.2,1.61,1.606,1.606,1.616,2026-07-23 21:30:59 UTC,2026-07-23 21:32:45 UTC,105.9,0.322,0.0043,0.0,0.0008,0.08,18.63,MIN_PROFIT_TP_HIT,0.0528
1977,TRUMP_USDT,LONG,StochasticRSI(FAST_SCALP-LONG),2,0.2,1.603,1.607,1.607,1.597,2026-07-23 21:37:59 UTC,2026-07-23 21:46:15 UTC,495.14,0.3206,0.0043,0.0,0.0008,0.08,18.71,MIN_PROFIT_TP_HIT,0.0536
1978,TRUMP_USDT,SHORT,StochasticRSI(FAST_SCALP-SHORT),2,0.2,1.605,1.611,1.601,1.611,2026-07-23 21:48:59 UTC,2026-07-23 22:05:02 UTC,962.54,0.321,0.0043,0.0,-0.0012,-0.11,-28.04,STOP_LOSS_HIT,0.0524
1979,TRUMP_USDT,SHORT,StochasticRSI(FAST_SCALP-SHORT),2,0.2,1.611,1.607,1.607,1.617,2026-07-23 22:11:59 UTC,2026-07-23 22:17:55 UTC,355.58,0.3222,0.0043,0.0,0.0008,0.08,18.62,MIN_PROFIT_TP_HIT,0.0532
1980,TRUMP_USDT,LONG,StochasticRSI(FAST_SCALP-LONG),2,0.2,1.607,1.611,1.611,1.601,2026-07-23 22:18:59 UTC,2026-07-23 22:20:50 UTC,110.09,0.3214,0.0043,0.0,0.0008,0.08,18.67,MIN_PROFIT_TP_HIT,0.054
1981,TRUMP_USDT,SHORT,StochasticRSI(FAST_SCALP-SHORT),2,0.2,1.616,1.612,1.612,1.622,2026-07-23 22:27:59 UTC,2026-07-23 22:30:35 UTC,155.09,0.3232,0.0043,0.0,0.0008,0.08,18.56,MIN_PROFIT_TP_HIT,0.0548
1982,TRUMP_USDT,LONG,StochasticRSI(FAST_SCALP-LONG),2,0.2,1.611,1.605,1.615,1.605,2026-07-23 22:34:59 UTC,2026-07-23 22:37:43 UTC,163.7,0.3222,0.0043,0.0,-0.0012,-0.11,-27.93,STOP_LOSS_HIT,0.0536
1983,TRUMP_USDT,LONG,StochasticRSI(FAST_SCALP-LONG),2,0.2,1.604,1.608,1.608,1.598,2026-07-23 22:40:59 UTC,2026-07-23 22:44:34 UTC,214.34,0.3208,0.0043,0.0,0.0008,0.08,18.7,MIN_PROFIT_TP_HIT,0.0544
1984,TRUMP_USDT,SHORT,StochasticRSI(FAST_SCALP-SHORT),2,0.2,1.607,1.603,1.603,1.613,2026-07-23 22:49:59 UTC,2026-07-23 23:04:35 UTC,875.28,0.3214,0.0043,0.0,0.0008,0.08,18.67,MIN_PROFIT_TP_HIT,0.0552
1985,TRUMP_USDT,LONG,StochasticRSI(FAST_SCALP-LONG),2,0.2,1.605,1.609,1.609,1.599,2026-07-23 23:08:59 UTC,2026-07-23 23:25:35 UTC,995.32,0.321,0.0043,0.0,0.0008,0.08,18.69,MIN_PROFIT_TP_HIT,0.056
1986,TRUMP_USDT,SHORT,StochasticRSI(FAST_SCALP-SHORT),2,0.2,1.608,1.604,1.604,1.614,2026-07-23 23:29:59 UTC,2026-07-23 23:47:35 UTC,1055.79,0.3216,0.0043,0.0,0.0008,0.08,18.66,MIN_PROFIT_TP_HIT,0.0568
1987,TRUMP_USDT,LONG,StochasticRSI(FAST_SCALP-LONG),2,0.2,1.599,1.593,1.603,1.593,2026-07-23 23:54:59 UTC,2026-07-24 00:05:54 UTC,654.67,0.3198,0.0043,0.0,-0.0012,-0.11,-28.14,STOP_LOSS_HIT,0.0556
