trade_id,symbol,direction,sub_strategy_name,vol_contracts,underlying_quantity,entry_price,exit_price,min_profit_tp_price,stop_loss_price,open_time,close_time,duration_seconds,notional_value_usdt,margin_used_usdt,fee_total_usdt,realized_pnl_usdt,realized_pnl_inr,roe_percentage,exit_reason,balance_after_trade_usdt
1,TRUMP_USDT,LONG,StochasticRSI(FAST_SCALP-LONG),2,0.2,1.661,1.663,1.663,1.653,2026-07-01 00:28:59 UTC,2026-07-01 00:29:47 UTC,47.59,0.3322,0.0044,0.0,0.0004,0.04,9.03,MIN_PROFIT_TP_HIT,0.0704
2,TRUMP_USDT,SHORT,StochasticRSI(FAST_SCALP-SHORT),2,0.2,1.664,1.662,1.662,1.672,2026-07-01 00:36:59 UTC,2026-07-01 01:05:16 UTC,1696.52,0.3328,0.0044,0.0,0.0004,0.04,9.01,MIN_PROFIT_TP_HIT,0.0708
3,TRUMP_USDT,LONG,StochasticRSI(FAST_SCALP-LONG),2,0.2,1.661,1.653,1.663,1.653,2026-07-01 01:09:59 UTC,2026-07-01 01:12:44 UTC,164.81,0.3322,0.0044,0.0,-0.0016,-0.15,-36.12,STOP_LOSS_HIT,0.0692
4,TRUMP_USDT,LONG,StochasticRSI(FAST_SCALP-LONG),2,0.2,1.645,1.647,1.647,1.637,2026-07-01 01:14:59 UTC,2026-07-01 01:15:03 UTC,3.18,0.329,0.0044,0.0,0.0004,0.04,9.12,MIN_PROFIT_TP_HIT,0.0696
5,TRUMP_USDT,SHORT,StochasticRSI(FAST_SCALP-SHORT),2,0.2,1.658,1.656,1.656,1.666,2026-07-01 01:22:59 UTC,2026-07-01 01:23:12 UTC,12.56,0.3316,0.0044,0.0,0.0004,0.04,9.05,MIN_PROFIT_TP_HIT,0.07
6,TRUMP_USDT,SHORT,StochasticRSI(FAST_SCALP-SHORT),2,0.2,1.658,1.666,1.656,1.666,2026-07-01 01:34:59 UTC,2026-07-01 01:38:45 UTC,225.78,0.3316,0.0044,0.0,-0.0016,-0.15,-36.19,STOP_LOSS_HIT,0.0684
7,TRUMP_USDT,SHORT,StochasticRSI(FAST_SCALP-SHORT),2,0.2,1.676,1.674,1.674,1.684,2026-07-01 01:47:59 UTC,2026-07-01 01:50:09 UTC,129.74,0.3352,0.0045,0.0,0.0004,0.04,8.95,MIN_PROFIT_TP_HIT,0.0688
8,TRUMP_USDT,LONG,StochasticRSI(FAST_SCALP-LONG),2,0.2,1.676,1.678,1.678,1.668,2026-07-01 01:52:59 UTC,2026-07-01 01:53:10 UTC,10.21,0.3352,0.0045,0.0,0.0004,0.04,8.95,MIN_PROFIT_TP_HIT,0.0692
9,TRUMP_USDT,SHORT,StochasticRSI(FAST_SCALP-SHORT),2,0.2,1.678,1.686,1.676,1.686,2026-07-01 01:58:59 UTC,2026-07-01 02:03:45 UTC,285.2,0.3356,0.0045,0.0,-0.0016,-0.15,-35.76,STOP_LOSS_HIT,0.0676
10,TRUMP_USDT,LONG,StochasticRSI(FAST_SCALP-LONG),2,0.2,1.684,1.686,1.686,1.676,2026-07-01 02:08:59 UTC,2026-07-01 02:09:39 UTC,39.74,0.3368,0.0045,0.0,0.0004,0.04,8.91,MIN_PROFIT_TP_HIT,0.068
11,TRUMP_USDT,SHORT,StochasticRSI(FAST_SCALP-SHORT),2,0.2,1.702,1.71,1.7,1.71,2026-07-01 02:17:59 UTC,2026-07-01 02:31:24 UTC,804.44,0.3404,0.0045,0.0,-0.0016,-0.15,-35.25,STOP_LOSS_HIT,0.0664
12,TRUMP_USDT,LONG,StochasticRSI(FAST_SCALP-LONG),2,0.2,1.704,1.706,1.706,1.696,2026-07-01 02:34:59 UTC,2026-07-01 02:35:05 UTC,5.69,0.3408,0.0045,0.0,0.0004,0.04,8.8,MIN_PROFIT_TP_HIT,0.0668
13,TRUMP_USDT,LONG,StochasticRSI(FAST_SCALP-LONG),2,0.2,1.697,1.699,1.699,1.689,2026-07-01 02:40:59 UTC,2026-07-01 02:44:01 UTC,181.07,0.3394,0.0045,0.0,0.0004,0.04,8.84,MIN_PROFIT_TP_HIT,0.0672
14,TRUMP_USDT,SHORT,StochasticRSI(FAST_SCALP-SHORT),2,0.2,1.704,1.712,1.702,1.712,2026-07-01 03:00:59 UTC,2026-07-01 03:01:39 UTC,39.61,0.3408,0.0045,0.0,-0.0016,-0.15,-35.21,STOP_LOSS_HIT,0.0656
15,TRUMP_USDT,SHORT,StochasticRSI(FAST_SCALP-SHORT),2,0.2,1.707,1.715,1.705,1.715,2026-07-01 03:04:59 UTC,2026-07-01 03:05:32 UTC,32.44,0.3414,0.0046,0.0,-0.0016,-0.15,-35.15,STOP_LOSS_HIT,0.064
16,TRUMP_USDT,SHORT,StochasticRSI(FAST_SCALP-SHORT),2,0.2,1.729,1.727,1.727,1.737,2026-07-01 03:09:59 UTC,2026-07-01 03:10:04 UTC,4.76,0.3458,0.0046,0.0,0.0004,0.04,8.68,MIN_PROFIT_TP_HIT,0.0644
17,TRUMP_USDT,LONG,StochasticRSI(FAST_SCALP-LONG),2,0.2,1.711,1.703,1.713,1.703,2026-07-01 03:15:59 UTC,2026-07-01 03:16:30 UTC,30.33,0.3422,0.0046,0.0,-0.0016,-0.15,-35.07,STOP_LOSS_HIT,0.0628
18,TRUMP_USDT,LONG,StochasticRSI(FAST_SCALP-LONG),2,0.2,1.704,1.696,1.706,1.696,2026-07-01 03:19:59 UTC,2026-07-01 03:24:02 UTC,242.39,0.3408,0.0045,0.0,-0.0016,-0.15,-35.21,STOP_LOSS_HIT,0.0612
19,TRUMP_USDT,LONG,StochasticRSI(FAST_SCALP-LONG),2,0.2,1.699,1.701,1.701,1.691,2026-07-01 03:27:59 UTC,2026-07-01 03:29:01 UTC,61.81,0.3398,0.0045,0.0,0.0004,0.04,8.83,MIN_PROFIT_TP_HIT,0.0616
20,TRUMP_USDT,SHORT,StochasticRSI(FAST_SCALP-SHORT),2,0.2,1.699,1.697,1.697,1.707,2026-07-01 03:32:59 UTC,2026-07-01 03:34:17 UTC,77.74,0.3398,0.0045,0.0,0.0004,0.04,8.83,MIN_PROFIT_TP_HIT,0.062
21,TRUMP_USDT,SHORT,StochasticRSI(FAST_SCALP-SHORT),2,0.2,1.706,1.704,1.704,1.714,2026-07-01 03:41:59 UTC,2026-07-01 03:48:40 UTC,400.52,0.3412,0.0045,0.0,0.0004,0.04,8.79,MIN_PROFIT_TP_HIT,0.0624
22,TRUMP_USDT,LONG,StochasticRSI(FAST_SCALP-LONG),2,0.2,1.711,1.713,1.713,1.703,2026-07-01 03:51:59 UTC,2026-07-01 03:52:16 UTC,16.25,0.3422,0.0046,0.0,0.0004,0.04,8.77,MIN_PROFIT_TP_HIT,0.0628
23,TRUMP_USDT,SHORT,StochasticRSI(FAST_SCALP-SHORT),2,0.2,1.712,1.71,1.71,1.72,2026-07-01 03:56:59 UTC,2026-07-01 03:57:03 UTC,3.54,0.3424,0.0046,0.0,0.0004,0.04,8.76,MIN_PROFIT_TP_HIT,0.0632
24,TRUMP_USDT,LONG,StochasticRSI(FAST_SCALP-LONG),2,0.2,1.705,1.707,1.707,1.697,2026-07-01 04:02:59 UTC,2026-07-01 04:04:04 UTC,64.98,0.341,0.0045,0.0,0.0004,0.04,8.8,MIN_PROFIT_TP_HIT,0.0636
25,TRUMP_USDT,LONG,StochasticRSI(FAST_SCALP-LONG),2,0.2,1.7,1.702,1.702,1.692,2026-07-01 04:11:59 UTC,2026-07-01 04:16:02 UTC,242.01,0.34,0.0045,0.0,0.0004,0.04,8.82,MIN_PROFIT_TP_HIT,0.064
26,TRUMP_USDT,SHORT,StochasticRSI(FAST_SCALP-SHORT),2,0.2,1.704,1.702,1.702,1.712,2026-07-01 04:21:59 UTC,2026-07-01 04:23:55 UTC,115.92,0.3408,0.0045,0.0,0.0004,0.04,8.8,MIN_PROFIT_TP_HIT,0.0644
27,TRUMP_USDT,LONG,StochasticRSI(FAST_SCALP-LONG),2,0.2,1.705,1.707,1.707,1.697,2026-07-01 04:27:59 UTC,2026-07-01 04:31:23 UTC,203.32,0.341,0.0045,0.0,0.0004,0.04,8.8,MIN_PROFIT_TP_HIT,0.0648
28,TRUMP_USDT,LONG,StochasticRSI(FAST_SCALP-LONG),2,0.2,1.7,1.702,1.702,1.692,2026-07-01 04:38:59 UTC,2026-07-01 04:41:01 UTC,121.99,0.34,0.0045,0.0,0.0004,0.04,8.82,MIN_PROFIT_TP_HIT,0.0652
29,TRUMP_USDT,SHORT,StochasticRSI(FAST_SCALP-SHORT),2,0.2,1.704,1.702,1.702,1.712,2026-07-01 04:59:59 UTC,2026-07-01 05:00:10 UTC,10.36,0.3408,0.0045,0.0,0.0004,0.04,8.8,MIN_PROFIT_TP_HIT,0.0656
30,TRUMP_USDT,LONG,StochasticRSI(FAST_SCALP-LONG),2,0.2,1.705,1.707,1.707,1.697,2026-07-01 05:06:59 UTC,2026-07-01 05:12:42 UTC,342.64,0.341,0.0045,0.0,0.0004,0.04,8.8,MIN_PROFIT_TP_HIT,0.066
31,TRUMP_USDT,SHORT,StochasticRSI(FAST_SCALP-SHORT),2,0.2,1.706,1.704,1.704,1.714,2026-07-01 05:16:59 UTC,2026-07-01 05:19:02 UTC,122.8,0.3412,0.0045,0.0,0.0004,0.04,8.79,MIN_PROFIT_TP_HIT,0.0664
32,TRUMP_USDT,LONG,StochasticRSI(FAST_SCALP-LONG),2,0.2,1.701,1.703,1.703,1.693,2026-07-01 05:24:59 UTC,2026-07-01 05:27:08 UTC,128.04,0.3402,0.0045,0.0,0.0004,0.04,8.82,MIN_PROFIT_TP_HIT,0.0668
33,TRUMP_USDT,LONG,StochasticRSI(FAST_SCALP-LONG),2,0.2,1.706,1.708,1.708,1.698,2026-07-01 05:28:59 UTC,2026-07-01 05:30:32 UTC,92.51,0.3412,0.0045,0.0,0.0004,0.04,8.79,MIN_PROFIT_TP_HIT,0.0672
34,TRUMP_USDT,SHORT,StochasticRSI(FAST_SCALP-SHORT),2,0.2,1.702,1.7,1.7,1.71,2026-07-01 05:32:59 UTC,2026-07-01 05:37:20 UTC,260.37,0.3404,0.0045,0.0,0.0004,0.04,8.81,MIN_PROFIT_TP_HIT,0.0676
35,TRUMP_USDT,LONG,StochasticRSI(FAST_SCALP-LONG),2,0.2,1.703,1.705,1.705,1.695,2026-07-01 05:40:59 UTC,2026-07-01 05:44:37 UTC,217.02,0.3406,0.0045,0.0,0.0004,0.04,8.81,MIN_PROFIT_TP_HIT,0.068
36,TRUMP_USDT,SHORT,StochasticRSI(FAST_SCALP-SHORT),2,0.2,1.712,1.71,1.71,1.72,2026-07-01 05:48:59 UTC,2026-07-01 05:53:02 UTC,242.19,0.3424,0.0046,0.0,0.0004,0.04,8.76,MIN_PROFIT_TP_HIT,0.0684
37,TRUMP_USDT,LONG,StochasticRSI(FAST_SCALP-LONG),2,0.2,1.709,1.711,1.711,1.701,2026-07-01 06:06:59 UTC,2026-07-01 06:14:55 UTC,475.41,0.3418,0.0046,0.0,0.0004,0.04,8.78,MIN_PROFIT_TP_HIT,0.0688
38,TRUMP_USDT,SHORT,StochasticRSI(FAST_SCALP-SHORT),2,0.2,1.71,1.708,1.708,1.718,2026-07-01 06:16:59 UTC,2026-07-01 06:17:04 UTC,4.85,0.342,0.0046,0.0,0.0004,0.04,8.77,MIN_PROFIT_TP_HIT,0.0692
39,TRUMP_USDT,LONG,StochasticRSI(FAST_SCALP-LONG),2,0.2,1.704,1.696,1.706,1.696,2026-07-01 06:23:59 UTC,2026-07-01 06:34:32 UTC,632.91,0.3408,0.0045,0.0,-0.0016,-0.15,-35.21,STOP_LOSS_HIT,0.0676
40,TRUMP_USDT,LONG,StochasticRSI(FAST_SCALP-LONG),2,0.2,1.689,1.691,1.691,1.681,2026-07-01 06:50:59 UTC,2026-07-01 06:51:29 UTC,29.57,0.3378,0.0045,0.0,0.0004,0.04,8.88,MIN_PROFIT_TP_HIT,0.068
41,TRUMP_USDT,SHORT,StochasticRSI(FAST_SCALP-SHORT),2,0.2,1.691,1.689,1.689,1.699,2026-07-01 06:55:59 UTC,2026-07-01 06:56:34 UTC,34.75,0.3382,0.0045,0.0,0.0004,0.04,8.87,MIN_PROFIT_TP_HIT,0.0684
42,TRUMP_USDT,LONG,StochasticRSI(FAST_SCALP-LONG),2,0.2,1.689,1.691,1.691,1.681,2026-07-01 07:10:59 UTC,2026-07-01 07:11:55 UTC,55.54,0.3378,0.0045,0.0,0.0004,0.04,8.88,MIN_PROFIT_TP_HIT,0.0688
43,TRUMP_USDT,SHORT,StochasticRSI(FAST_SCALP-SHORT),2,0.2,1.69,1.688,1.688,1.698,2026-07-01 07:14:59 UTC,2026-07-01 07:15:24 UTC,24.53,0.338,0.0045,0.0,0.0004,0.04,8.88,MIN_PROFIT_TP_HIT,0.0692
44,TRUMP_USDT,SHORT,StochasticRSI(FAST_SCALP-SHORT),2,0.2,1.698,1.696,1.696,1.706,2026-07-01 07:26:59 UTC,2026-07-01 07:27:17 UTC,17.88,0.3396,0.0045,0.0,0.0004,0.04,8.83,MIN_PROFIT_TP_HIT,0.0696
45,TRUMP_USDT,LONG,StochasticRSI(FAST_SCALP-LONG),2,0.2,1.695,1.697,1.697,1.687,2026-07-01 07:33:59 UTC,2026-07-01 07:34:06 UTC,6.54,0.339,0.0045,0.0,0.0004,0.04,8.85,MIN_PROFIT_TP_HIT,0.07
46,TRUMP_USDT,LONG,StochasticRSI(FAST_SCALP-LONG),2,0.2,1.695,1.697,1.697,1.687,2026-07-01 07:42:59 UTC,2026-07-01 07:50:03 UTC,423.94,0.339,0.0045,0.0,0.0004,0.04,8.85,MIN_PROFIT_TP_HIT,0.0704
47,TRUMP_USDT,SHORT,StochasticRSI(FAST_SCALP-SHORT),2,0.2,1.698,1.696,1.696,1.706,2026-07-01 07:52:59 UTC,2026-07-01 07:55:56 UTC,176.66,0.3396,0.0045,0.0,0.0004,0.04,8.83,MIN_PROFIT_TP_HIT,0.0708
48,TRUMP_USDT,SHORT,StochasticRSI(FAST_SCALP-SHORT),2,0.2,1.699,1.697,1.697,1.707,2026-07-01 07:56:59 UTC,2026-07-01 07:58:08 UTC,68.7,0.3398,0.0045,0.0,0.0004,0.04,8.83,MIN_PROFIT_TP_HIT,0.0712
49,TRUMP_USDT,LONG,StochasticRSI(FAST_SCALP-LONG),2,0.2,1.693,1.695,1.695,1.685,2026-07-01 08:03:59 UTC,2026-07-01 08:04:41 UTC,41.13,0.3386,0.0045,0.0,0.0004,0.04,8.86,MIN_PROFIT_TP_HIT,0.0716
50,TRUMP_USDT,SHORT,StochasticRSI(FAST_SCALP-SHORT),2,0.2,1.698,1.696,1.696,1.706,2026-07-01 08:12:59 UTC,2026-07-01 08:15:05 UTC,125.19,0.3396,0.0045,0.0,0.0004,0.04,8.83,MIN_PROFIT_TP_HIT,0.072
51,TRUMP_USDT,SHORT,StochasticRSI(FAST_SCALP-SHORT),2,0.2,1.695,1.693,1.693,1.703,2026-07-01 08:16:59 UTC,2026-07-01 08:17:04 UTC,5.0,0.339,0.0045,0.0,0.0004,0.04,8.85,MIN_PROFIT_TP_HIT,0.0724
52,TRUMP_USDT,LONG,StochasticRSI(FAST_SCALP-LONG),2,0.2,1.695,1.687,1.697,1.687,2026-07-01 08:20:59 UTC,2026-07-01 08:33:00 UTC,720.83,0.339,0.0045,0.0,-0.0016,-0.15,-35.4,STOP_LOSS_HIT,0.0708
53,TRUMP_USDT,LONG,StochasticRSI(FAST_SCALP-LONG),2,0.2,1.69,1.692,1.692,1.682,2026-07-01 08:35:59 UTC,2026-07-01 08:42:43 UTC,403.28,0.338,0.0045,0.0,0.0004,0.04,8.88,MIN_PROFIT_TP_HIT,0.0712
54,TRUMP_USDT,SHORT,StochasticRSI(FAST_SCALP-SHORT),2,0.2,1.693,1.691,1.691,1.701,2026-07-01 08:45:59 UTC,2026-07-01 08:46:15 UTC,15.13,0.3386,0.0045,0.0,0.0004,0.04,8.86,MIN_PROFIT_TP_HIT,0.0716
55,TRUMP_USDT,LONG,StochasticRSI(FAST_SCALP-LONG),2,0.2,1.689,1.691,1.691,1.681,2026-07-01 08:52:59 UTC,2026-07-01 08:54:53 UTC,113.76,0.3378,0.0045,0.0,0.0004,0.04,8.88,MIN_PROFIT_TP_HIT,0.072
56,TRUMP_USDT,SHORT,StochasticRSI(FAST_SCALP-SHORT),2,0.2,1.698,1.696,1.696,1.706,2026-07-01 09:00:59 UTC,2026-07-01 09:03:08 UTC,128.42,0.3396,0.0045,0.0,0.0004,0.04,8.83,MIN_PROFIT_TP_HIT,0.0724
57,TRUMP_USDT,LONG,StochasticRSI(FAST_SCALP-LONG),2,0.2,1.7,1.702,1.702,1.692,2026-07-01 09:07:59 UTC,2026-07-01 09:09:28 UTC,88.49,0.34,0.0045,0.0,0.0004,0.04,8.82,MIN_PROFIT_TP_HIT,0.0728
58,TRUMP_USDT,SHORT,StochasticRSI(FAST_SCALP-SHORT),2,0.2,1.71,1.708,1.708,1.718,2026-07-01 09:20:59 UTC,2026-07-01 09:25:00 UTC,240.32,0.342,0.0046,0.0,0.0004,0.04,8.77,MIN_PROFIT_TP_HIT,0.0732
59,TRUMP_USDT,LONG,StochasticRSI(FAST_SCALP-LONG),2,0.2,1.707,1.709,1.709,1.699,2026-07-01 09:29:59 UTC,2026-07-01 09:30:01 UTC,1.38,0.3414,0.0046,0.0,0.0004,0.04,8.79,MIN_PROFIT_TP_HIT,0.0736
60,TRUMP_USDT,LONG,StochasticRSI(FAST_SCALP-LONG),2,0.2,1.704,1.706,1.706,1.696,2026-07-01 09:34:59 UTC,2026-07-01 09:52:54 UTC,1074.57,0.3408,0.0045,0.0,0.0004,0.04,8.8,MIN_PROFIT_TP_HIT,0.074
61,TRUMP_USDT,SHORT,StochasticRSI(FAST_SCALP-SHORT),2,0.2,1.706,1.704,1.704,1.714,2026-07-01 09:54:59 UTC,2026-07-01 10:01:28 UTC,388.34,0.3412,0.0045,0.0,0.0004,0.04,8.79,MIN_PROFIT_TP_HIT,0.0744
62,TRUMP_USDT,LONG,StochasticRSI(FAST_SCALP-LONG),2,0.2,1.704,1.696,1.706,1.696,2026-07-01 10:04:59 UTC,2026-07-01 10:11:47 UTC,407.17,0.3408,0.0045,0.0,-0.0016,-0.15,-35.21,STOP_LOSS_HIT,0.0728
63,TRUMP_USDT,LONG,StochasticRSI(FAST_SCALP-LONG),2,0.2,1.692,1.694,1.694,1.684,2026-07-01 10:18:59 UTC,2026-07-01 10:20:15 UTC,75.75,0.3384,0.0045,0.0,0.0004,0.04,8.87,MIN_PROFIT_TP_HIT,0.0732
64,TRUMP_USDT,SHORT,StochasticRSI(FAST_SCALP-SHORT),2,0.2,1.689,1.687,1.687,1.697,2026-07-01 10:24:59 UTC,2026-07-01 10:25:52 UTC,52.53,0.3378,0.0045,0.0,0.0004,0.04,8.88,MIN_PROFIT_TP_HIT,0.0736
65,TRUMP_USDT,LONG,StochasticRSI(FAST_SCALP-LONG),2,0.2,1.687,1.689,1.689,1.679,2026-07-01 10:29:59 UTC,2026-07-01 10:32:39 UTC,159.61,0.3374,0.0045,0.0,0.0004,0.04,8.89,MIN_PROFIT_TP_HIT,0.074
66,TRUMP_USDT,SHORT,StochasticRSI(FAST_SCALP-SHORT),2,0.2,1.689,1.697,1.687,1.697,2026-07-01 10:36:59 UTC,2026-07-01 10:46:08 UTC,548.48,0.3378,0.0045,0.0,-0.0016,-0.15,-35.52,STOP_LOSS_HIT,0.0724
67,TRUMP_USDT,SHORT,StochasticRSI(FAST_SCALP-SHORT),2,0.2,1.696,1.694,1.694,1.704,2026-07-01 10:52:59 UTC,2026-07-01 10:57:20 UTC,260.04,0.3392,0.0045,0.0,0.0004,0.04,8.84,MIN_PROFIT_TP_HIT,0.0728
68,TRUMP_USDT,LONG,StochasticRSI(FAST_SCALP-LONG),2,0.2,1.698,1.7,1.7,1.69,2026-07-01 11:04:59 UTC,2026-07-01 11:12:14 UTC,434.3,0.3396,0.0045,0.0,0.0004,0.04,8.83,MIN_PROFIT_TP_HIT,0.0732
69,TRUMP_USDT,SHORT,StochasticRSI(FAST_SCALP-SHORT),2,0.2,1.699,1.697,1.697,1.707,2026-07-01 11:17:59 UTC,2026-07-01 11:23:11 UTC,311.53,0.3398,0.0045,0.0,0.0004,0.04,8.83,MIN_PROFIT_TP_HIT,0.0736
70,TRUMP_USDT,LONG,StochasticRSI(FAST_SCALP-LONG),2,0.2,1.698,1.7,1.7,1.69,2026-07-01 11:26:59 UTC,2026-07-01 11:29:47 UTC,167.37,0.3396,0.0045,0.0,0.0004,0.04,8.83,MIN_PROFIT_TP_HIT,0.074
71,TRUMP_USDT,SHORT,StochasticRSI(FAST_SCALP-SHORT),2,0.2,1.698,1.696,1.696,1.706,2026-07-01 11:33:59 UTC,2026-07-01 11:41:45 UTC,465.51,0.3396,0.0045,0.0,0.0004,0.04,8.83,MIN_PROFIT_TP_HIT,0.0744
72,TRUMP_USDT,LONG,StochasticRSI(FAST_SCALP-LONG),2,0.2,1.697,1.699,1.699,1.689,2026-07-01 11:44:59 UTC,2026-07-01 11:45:04 UTC,4.76,0.3394,0.0045,0.0,0.0004,0.04,8.84,MIN_PROFIT_TP_HIT,0.0748
73,TRUMP_USDT,LONG,StochasticRSI(FAST_SCALP-LONG),2,0.2,1.696,1.698,1.698,1.688,2026-07-01 11:51:59 UTC,2026-07-01 11:52:08 UTC,8.56,0.3392,0.0045,0.0,0.0004,0.04,8.84,MIN_PROFIT_TP_HIT,0.0752
74,TRUMP_USDT,SHORT,StochasticRSI(FAST_SCALP-SHORT),2,0.2,1.694,1.692,1.692,1.702,2026-07-01 11:56:59 UTC,2026-07-01 12:01:54 UTC,294.86,0.3388,0.0045,0.0,0.0004,0.04,8.85,MIN_PROFIT_TP_HIT,0.0756
75,TRUMP_USDT,LONG,StochasticRSI(FAST_SCALP-LONG),2,0.2,1.69,1.692,1.692,1.682,2026-07-01 12:06:59 UTC,2026-07-01 12:10:06 UTC,186.95,0.338,0.0045,0.0,0.0004,0.04,8.88,MIN_PROFIT_TP_HIT,0.076
76,TRUMP_USDT,SHORT,StochasticRSI(FAST_SCALP-SHORT),2,0.2,1.692,1.69,1.69,1.7,2026-07-01 12:18:59 UTC,2026-07-01 12:19:25 UTC,25.16,0.3384,0.0045,0.0,0.0004,0.04,8.87,MIN_PROFIT_TP_HIT,0.0764
77,TRUMP_USDT,LONG,StochasticRSI(FAST_SCALP-LONG),2,0.2,1.688,1.69,1.69,1.68,2026-07-01 12:26:59 UTC,2026-07-01 12:28:12 UTC,72.7,0.3376,0.0045,0.0,0.0004,0.04,8.89,MIN_PROFIT_TP_HIT,0.0768
78,TRUMP_USDT,LONG,StochasticRSI(FAST_SCALP-LONG),2,0.2,1.687,1.689,1.689,1.679,2026-07-01 12:29:59 UTC,2026-07-01 12:33:49 UTC,229.4,0.3374,0.0045,0.0,0.0004,0.04,8.89,MIN_PROFIT_TP_HIT,0.0772
79,TRUMP_USDT,LONG,StochasticRSI(FAST_SCALP-LONG),2,0.2,1.682,1.684,1.684,1.674,2026-07-01 12:42:59 UTC,2026-07-01 12:45:50 UTC,170.8,0.3364,0.0045,0.0,0.0004,0.04,8.92,MIN_PROFIT_TP_HIT,0.0776
80,TRUMP_USDT,LONG,StochasticRSI(FAST_SCALP-LONG),2,0.2,1.678,1.68,1.68,1.67,2026-07-01 12:52:59 UTC,2026-07-01 12:55:55 UTC,175.92,0.3356,0.0045,0.0,0.0004,0.04,8.94,MIN_PROFIT_TP_HIT,0.078
81,TRUMP_USDT,SHORT,StochasticRSI(FAST_SCALP-SHORT),2,0.2,1.682,1.68,1.68,1.69,2026-07-01 13:06:59 UTC,2026-07-01 13:07:08 UTC,8.13,0.3364,0.0045,0.0,0.0004,0.04,8.92,MIN_PROFIT_TP_HIT,0.0784
82,TRUMP_USDT,SHORT,StochasticRSI(FAST_SCALP-SHORT),2,0.2,1.683,1.681,1.681,1.691,2026-07-01 13:25:59 UTC,2026-07-01 13:30:03 UTC,243.29,0.3366,0.0045,0.0,0.0004,0.04,8.91,MIN_PROFIT_TP_HIT,0.0788
83,TRUMP_USDT,LONG,StochasticRSI(FAST_SCALP-LONG),2,0.2,1.684,1.686,1.686,1.676,2026-07-01 13:34:59 UTC,2026-07-01 13:36:09 UTC,69.04,0.3368,0.0045,0.0,0.0004,0.04,8.91,MIN_PROFIT_TP_HIT,0.0792
84,TRUMP_USDT,SHORT,StochasticRSI(FAST_SCALP-SHORT),2,0.2,1.689,1.687,1.687,1.697,2026-07-01 13:40:59 UTC,2026-07-01 13:42:06 UTC,66.81,0.3378,0.0045,0.0,0.0004,0.04,8.88,MIN_PROFIT_TP_HIT,0.0796
85,TRUMP_USDT,SHORT,StochasticRSI(FAST_SCALP-SHORT),2,0.2,1.695,1.693,1.693,1.703,2026-07-01 13:54:59 UTC,2026-07-01 13:55:41 UTC,41.29,0.339,0.0045,0.0,0.0004,0.04,8.85,MIN_PROFIT_TP_HIT,0.08
86,TRUMP_USDT,LONG,StochasticRSI(FAST_SCALP-LONG),2,0.2,1.696,1.698,1.698,1.688,2026-07-01 13:59:59 UTC,2026-07-01 14:10:34 UTC,634.56,0.3392,0.0045,0.0,0.0004,0.04,8.84,MIN_PROFIT_TP_HIT,0.0804
87,TRUMP_USDT,SHORT,StochasticRSI(FAST_SCALP-SHORT),2,0.2,1.707,1.705,1.705,1.715,2026-07-01 14:16:59 UTC,2026-07-01 14:19:30 UTC,151.0,0.3414,0.0046,0.0,0.0004,0.04,8.79,MIN_PROFIT_TP_HIT,0.0808
88,TRUMP_USDT,LONG,StochasticRSI(FAST_SCALP-LONG),2,0.2,1.701,1.703,1.703,1.693,2026-07-01 14:25:59 UTC,2026-07-01 14:28:38 UTC,158.12,0.3402,0.0045,0.0,0.0004,0.04,8.82,MIN_PROFIT_TP_HIT,0.0812
89,TRUMP_USDT,LONG,StochasticRSI(FAST_SCALP-LONG),2,0.2,1.692,1.694,1.694,1.684,2026-07-01 14:35:59 UTC,2026-07-01 14:37:19 UTC,79.62,0.3384,0.0045,0.0,0.0004,0.04,8.87,MIN_PROFIT_TP_HIT,0.0816
90,TRUMP_USDT,SHORT,StochasticRSI(FAST_SCALP-SHORT),2,0.2,1.697,1.695,1.695,1.705,2026-07-01 14:43:59 UTC,2026-07-01 14:44:25 UTC,25.77,0.3394,0.0045,0.0,0.0004,0.04,8.84,MIN_PROFIT_TP_HIT,0.082
91,TRUMP_USDT,LONG,StochasticRSI(FAST_SCALP-LONG),2,0.2,1.695,1.697,1.697,1.687,2026-07-01 14:49:59 UTC,2026-07-01 14:51:21 UTC,81.05,0.339,0.0045,0.0,0.0004,0.04,8.85,MIN_PROFIT_TP_HIT,0.0824
92,TRUMP_USDT,SHORT,StochasticRSI(FAST_SCALP-SHORT),2,0.2,1.701,1.699,1.699,1.709,2026-07-01 14:56:59 UTC,2026-07-01 14:58:08 UTC,68.94,0.3402,0.0045,0.0,0.0004,0.04,8.82,MIN_PROFIT_TP_HIT,0.0828
93,TRUMP_USDT,SHORT,StochasticRSI(FAST_SCALP-SHORT),2,0.2,1.703,1.701,1.701,1.711,2026-07-01 15:09:59 UTC,2026-07-01 15:13:10 UTC,190.67,0.3406,0.0045,0.0,0.0004,0.04,8.81,MIN_PROFIT_TP_HIT,0.0832
94,TRUMP_USDT,SHORT,StochasticRSI(FAST_SCALP-SHORT),2,0.2,1.709,1.707,1.707,1.717,2026-07-01 15:26:59 UTC,2026-07-01 15:28:14 UTC,74.81,0.3418,0.0046,0.0,0.0004,0.04,8.78,MIN_PROFIT_TP_HIT,0.0836
95,TRUMP_USDT,SHORT,StochasticRSI(FAST_SCALP-SHORT),2,0.2,1.714,1.712,1.712,1.722,2026-07-01 15:45:59 UTC,2026-07-01 15:55:01 UTC,541.6,0.3428,0.0046,0.0,0.0004,0.04,8.75,MIN_PROFIT_TP_HIT,0.084
96,TRUMP_USDT,LONG,StochasticRSI(FAST_SCALP-LONG),2,0.2,1.716,1.718,1.718,1.708,2026-07-01 15:58:59 UTC,2026-07-01 16:00:02 UTC,62.83,0.3432,0.0046,0.0,0.0004,0.04,8.74,MIN_PROFIT_TP_HIT,0.0844
97,TRUMP_USDT,SHORT,StochasticRSI(FAST_SCALP-SHORT),2,0.2,1.719,1.727,1.717,1.727,2026-07-01 16:05:59 UTC,2026-07-01 16:11:31 UTC,331.23,0.3438,0.0046,0.0,-0.0016,-0.15,-34.9,STOP_LOSS_HIT,0.0828
98,TRUMP_USDT,SHORT,StochasticRSI(FAST_SCALP-SHORT),2,0.2,1.731,1.729,1.729,1.739,2026-07-01 16:15:59 UTC,2026-07-01 16:16:15 UTC,15.36,0.3462,0.0046,0.0,0.0004,0.04,8.67,MIN_PROFIT_TP_HIT,0.0832
99,TRUMP_USDT,LONG,StochasticRSI(FAST_SCALP-LONG),2,0.2,1.722,1.724,1.724,1.714,2026-07-01 16:24:59 UTC,2026-07-01 16:27:34 UTC,154.47,0.3444,0.0046,0.0,0.0004,0.04,8.71,MIN_PROFIT_TP_HIT,0.0836
100,TRUMP_USDT,LONG,StochasticRSI(FAST_SCALP-LONG),2,0.2,1.718,1.71,1.72,1.71,2026-07-01 16:32:59 UTC,2026-07-01 16:45:01 UTC,721.95,0.3436,0.0046,0.0,-0.0016,-0.15,-34.92,STOP_LOSS_HIT,0.082
101,TRUMP_USDT,LONG,StochasticRSI(FAST_SCALP-LONG),2,0.2,1.702,1.704,1.704,1.694,2026-07-01 16:52:59 UTC,2026-07-01 16:53:22 UTC,22.79,0.3404,0.0045,0.0,0.0004,0.04,8.81,MIN_PROFIT_TP_HIT,0.0824
102,TRUMP_USDT,SHORT,StochasticRSI(FAST_SCALP-SHORT),2,0.2,1.7,1.698,1.698,1.708,2026-07-01 17:02:59 UTC,2026-07-01 17:03:50 UTC,50.07,0.34,0.0045,0.0,0.0004,0.04,8.82,MIN_PROFIT_TP_HIT,0.0828
103,TRUMP_USDT,LONG,StochasticRSI(FAST_SCALP-LONG),2,0.2,1.695,1.697,1.697,1.687,2026-07-01 17:08:59 UTC,2026-07-01 17:09:17 UTC,17.48,0.339,0.0045,0.0,0.0004,0.04,8.85,MIN_PROFIT_TP_HIT,0.0832
104,TRUMP_USDT,SHORT,StochasticRSI(FAST_SCALP-SHORT),2,0.2,1.701,1.709,1.699,1.709,2026-07-01 17:17:59 UTC,2026-07-01 17:23:51 UTC,351.59,0.3402,0.0045,0.0,-0.0016,-0.15,-35.27,STOP_LOSS_HIT,0.0816
105,TRUMP_USDT,SHORT,StochasticRSI(FAST_SCALP-SHORT),2,0.2,1.71,1.708,1.708,1.718,2026-07-01 17:28:59 UTC,2026-07-01 17:30:06 UTC,66.72,0.342,0.0046,0.0,0.0004,0.04,8.77,MIN_PROFIT_TP_HIT,0.082
106,TRUMP_USDT,LONG,StochasticRSI(FAST_SCALP-LONG),2,0.2,1.71,1.712,1.712,1.702,2026-07-01 17:35:59 UTC,2026-07-01 17:37:00 UTC,60.32,0.342,0.0046,0.0,0.0004,0.04,8.77,MIN_PROFIT_TP_HIT,0.0824
107,TRUMP_USDT,SHORT,StochasticRSI(FAST_SCALP-SHORT),2,0.2,1.713,1.711,1.711,1.721,2026-07-01 17:49:59 UTC,2026-07-01 18:20:52 UTC,1852.25,0.3426,0.0046,0.0,0.0004,0.04,8.76,MIN_PROFIT_TP_HIT,0.0828
108,TRUMP_USDT,LONG,StochasticRSI(FAST_SCALP-LONG),2,0.2,1.709,1.701,1.711,1.701,2026-07-01 18:25:59 UTC,2026-07-01 18:45:07 UTC,1147.51,0.3418,0.0046,0.0,-0.0016,-0.15,-35.11,STOP_LOSS_HIT,0.0812
109,TRUMP_USDT,SHORT,StochasticRSI(FAST_SCALP-SHORT),2,0.2,1.693,1.691,1.691,1.701,2026-07-01 18:53:59 UTC,2026-07-01 18:54:40 UTC,40.93,0.3386,0.0045,0.0,0.0004,0.04,8.86,MIN_PROFIT_TP_HIT,0.0816
110,TRUMP_USDT,LONG,StochasticRSI(FAST_SCALP-LONG),2,0.2,1.693,1.695,1.695,1.685,2026-07-01 18:57:59 UTC,2026-07-01 18:58:10 UTC,10.71,0.3386,0.0045,0.0,0.0004,0.04,8.86,MIN_PROFIT_TP_HIT,0.082
111,TRUMP_USDT,SHORT,StochasticRSI(FAST_SCALP-SHORT),2,0.2,1.697,1.695,1.695,1.705,2026-07-01 19:06:59 UTC,2026-07-01 19:08:13 UTC,73.48,0.3394,0.0045,0.0,0.0004,0.04,8.84,MIN_PROFIT_TP_HIT,0.0824
112,TRUMP_USDT,SHORT,StochasticRSI(FAST_SCALP-SHORT),2,0.2,1.695,1.693,1.693,1.703,2026-07-01 19:09:59 UTC,2026-07-01 19:11:35 UTC,95.18,0.339,0.0045,0.0,0.0004,0.04,8.85,MIN_PROFIT_TP_HIT,0.0828
113,TRUMP_USDT,LONG,StochasticRSI(FAST_SCALP-LONG),2,0.2,1.689,1.691,1.691,1.681,2026-07-01 19:15:59 UTC,2026-07-01 19:18:14 UTC,134.31,0.3378,0.0045,0.0,0.0004,0.04,8.88,MIN_PROFIT_TP_HIT,0.0832
114,TRUMP_USDT,SHORT,StochasticRSI(FAST_SCALP-SHORT),2,0.2,1.692,1.69,1.69,1.7,2026-07-01 19:25:59 UTC,2026-07-01 19:26:06 UTC,6.93,0.3384,0.0045,0.0,0.0004,0.04,8.87,MIN_PROFIT_TP_HIT,0.0836
115,TRUMP_USDT,SHORT,StochasticRSI(FAST_SCALP-SHORT),2,0.2,1.692,1.69,1.69,1.7,2026-07-01 19:36:59 UTC,2026-07-01 19:40:18 UTC,198.48,0.3384,0.0045,0.0,0.0004,0.04,8.87,MIN_PROFIT_TP_HIT,0.084
116,TRUMP_USDT,LONG,StochasticRSI(FAST_SCALP-LONG),2,0.2,1.69,1.692,1.692,1.682,2026-07-01 19:43:59 UTC,2026-07-01 19:50:00 UTC,360.39,0.338,0.0045,0.0,0.0004,0.04,8.88,MIN_PROFIT_TP_HIT,0.0844
117,TRUMP_USDT,LONG,StochasticRSI(FAST_SCALP-LONG),2,0.2,1.686,1.688,1.688,1.678,2026-07-01 20:00:59 UTC,2026-07-01 20:03:24 UTC,144.67,0.3372,0.0045,0.0,0.0004,0.04,8.9,MIN_PROFIT_TP_HIT,0.0848
118,TRUMP_USDT,SHORT,StochasticRSI(FAST_SCALP-SHORT),2,0.2,1.692,1.69,1.69,1.7,2026-07-01 20:07:59 UTC,2026-07-01 20:08:01 UTC,1.45,0.3384,0.0045,0.0,0.0004,0.04,8.87,MIN_PROFIT_TP_HIT,0.0852
119,TRUMP_USDT,SHORT,StochasticRSI(FAST_SCALP-SHORT),2,0.2,1.683,1.681,1.681,1.691,2026-07-01 20:09:59 UTC,2026-07-01 20:20:31 UTC,631.95,0.3366,0.0045,0.0,0.0004,0.04,8.91,MIN_PROFIT_TP_HIT,0.0856
120,TRUMP_USDT,LONG,StochasticRSI(FAST_SCALP-LONG),2,0.2,1.685,1.687,1.687,1.677,2026-07-01 20:21:59 UTC,2026-07-01 20:24:19 UTC,139.16,0.337,0.0045,0.0,0.0004,0.04,8.9,MIN_PROFIT_TP_HIT,0.086
121,TRUMP_USDT,SHORT,StochasticRSI(FAST_SCALP-SHORT),2,0.2,1.687,1.685,1.685,1.695,2026-07-01 20:28:59 UTC,2026-07-01 20:29:40 UTC,40.86,0.3374,0.0045,0.0,0.0004,0.04,8.89,MIN_PROFIT_TP_HIT,0.0864
122,TRUMP_USDT,SHORT,StochasticRSI(FAST_SCALP-SHORT),2,0.2,1.685,1.693,1.683,1.693,2026-07-01 20:30:59 UTC,2026-07-01 20:56:38 UTC,1538.58,0.337,0.0045,0.0,-0.0016,-0.15,-35.61,STOP_LOSS_HIT,0.0848
123,TRUMP_USDT,LONG,StochasticRSI(FAST_SCALP-LONG),2,0.2,1.693,1.695,1.695,1.685,2026-07-01 21:01:59 UTC,2026-07-01 21:05:16 UTC,196.2,0.3386,0.0045,0.0,0.0004,0.04,8.86,MIN_PROFIT_TP_HIT,0.0852
124,TRUMP_USDT,SHORT,StochasticRSI(FAST_SCALP-SHORT),2,0.2,1.7,1.708,1.698,1.708,2026-07-01 21:16:59 UTC,2026-07-01 21:31:26 UTC,866.79,0.34,0.0045,0.0,-0.0016,-0.15,-35.29,STOP_LOSS_HIT,0.0836
125,TRUMP_USDT,SHORT,StochasticRSI(FAST_SCALP-SHORT),2,0.2,1.715,1.713,1.713,1.723,2026-07-01 21:38:59 UTC,2026-07-01 21:39:43 UTC,43.36,0.343,0.0046,0.0,0.0004,0.04,8.75,MIN_PROFIT_TP_HIT,0.084
126,TRUMP_USDT,LONG,StochasticRSI(FAST_SCALP-LONG),2,0.2,1.713,1.715,1.715,1.705,2026-07-01 21:45:59 UTC,2026-07-01 21:48:09 UTC,129.5,0.3426,0.0046,0.0,0.0004,0.04,8.76,MIN_PROFIT_TP_HIT,0.0844
127,TRUMP_USDT,SHORT,StochasticRSI(FAST_SCALP-SHORT),2,0.2,1.717,1.715,1.715,1.725,2026-07-01 21:55:59 UTC,2026-07-01 21:56:15 UTC,15.05,0.3434,0.0046,0.0,0.0004,0.04,8.74,MIN_PROFIT_TP_HIT,0.0848
128,TRUMP_USDT,LONG,StochasticRSI(FAST_SCALP-LONG),2,0.2,1.713,1.715,1.715,1.705,2026-07-01 21:59:59 UTC,2026-07-01 22:00:09 UTC,9.81,0.3426,0.0046,0.0,0.0004,0.04,8.76,MIN_PROFIT_TP_HIT,0.0852
129,TRUMP_USDT,LONG,StochasticRSI(FAST_SCALP-LONG),2,0.2,1.712,1.714,1.714,1.704,2026-07-01 22:02:59 UTC,2026-07-01 22:03:35 UTC,35.9,0.3424,0.0046,0.0,0.0004,0.04,8.76,MIN_PROFIT_TP_HIT,0.0856
130,TRUMP_USDT,LONG,StochasticRSI(FAST_SCALP-LONG),2,0.2,1.711,1.713,1.713,1.703,2026-07-01 22:05:59 UTC,2026-07-01 22:08:22 UTC,142.76,0.3422,0.0046,0.0,0.0004,0.04,8.77,MIN_PROFIT_TP_HIT,0.086
131,TRUMP_USDT,SHORT,StochasticRSI(FAST_SCALP-SHORT),2,0.2,1.714,1.722,1.712,1.722,2026-07-01 22:15:59 UTC,2026-07-01 22:21:19 UTC,319.87,0.3428,0.0046,0.0,-0.0016,-0.15,-35.01,STOP_LOSS_HIT,0.0844
132,TRUMP_USDT,SHORT,StochasticRSI(FAST_SCALP-SHORT),2,0.2,1.716,1.714,1.714,1.724,2026-07-01 22:25:59 UTC,2026-07-01 22:26:07 UTC,7.46,0.3432,0.0046,0.0,0.0004,0.04,8.74,MIN_PROFIT_TP_HIT,0.0848
133,TRUMP_USDT,LONG,StochasticRSI(FAST_SCALP-LONG),2,0.2,1.707,1.709,1.709,1.699,2026-07-01 22:31:59 UTC,2026-07-01 22:32:12 UTC,12.43,0.3414,0.0046,0.0,0.0004,0.04,8.79,MIN_PROFIT_TP_HIT,0.0852
134,TRUMP_USDT,SHORT,StochasticRSI(FAST_SCALP-SHORT),2,0.2,1.704,1.702,1.702,1.712,2026-07-01 22:44:59 UTC,2026-07-01 22:46:02 UTC,62.87,0.3408,0.0045,0.0,0.0004,0.04,8.8,MIN_PROFIT_TP_HIT,0.0856
135,TRUMP_USDT,SHORT,StochasticRSI(FAST_SCALP-SHORT),2,0.2,1.7,1.698,1.698,1.708,2026-07-01 22:56:59 UTC,2026-07-01 23:00:53 UTC,233.42,0.34,0.0045,0.0,0.0004,0.04,8.82,MIN_PROFIT_TP_HIT,0.086
136,TRUMP_USDT,SHORT,StochasticRSI(FAST_SCALP-SHORT),2,0.2,1.7,1.698,1.698,1.708,2026-07-01 23:01:59 UTC,2026-07-01 23:02:04 UTC,4.75,0.34,0.0045,0.0,0.0004,0.04,8.82,MIN_PROFIT_TP_HIT,0.0864
137,TRUMP_USDT,SHORT,StochasticRSI(FAST_SCALP-SHORT),2,0.2,1.695,1.693,1.693,1.703,2026-07-01 23:07:59 UTC,2026-07-01 23:08:08 UTC,8.66,0.339,0.0045,0.0,0.0004,0.04,8.85,MIN_PROFIT_TP_HIT,0.0868
138,TRUMP_USDT,LONG,StochasticRSI(FAST_SCALP-LONG),2,0.2,1.688,1.69,1.69,1.68,2026-07-01 23:15:59 UTC,2026-07-01 23:16:55 UTC,55.82,0.3376,0.0045,0.0,0.0004,0.04,8.89,MIN_PROFIT_TP_HIT,0.0872
139,TRUMP_USDT,SHORT,StochasticRSI(FAST_SCALP-SHORT),2,0.2,1.69,1.688,1.688,1.698,2026-07-01 23:22:59 UTC,2026-07-01 23:31:55 UTC,535.87,0.338,0.0045,0.0,0.0004,0.04,8.88,MIN_PROFIT_TP_HIT,0.0876
140,TRUMP_USDT,LONG,StochasticRSI(FAST_SCALP-LONG),2,0.2,1.685,1.687,1.687,1.677,2026-07-01 23:35:59 UTC,2026-07-01 23:37:33 UTC,93.15,0.337,0.0045,0.0,0.0004,0.04,8.9,MIN_PROFIT_TP_HIT,0.088
141,TRUMP_USDT,LONG,StochasticRSI(FAST_SCALP-LONG),2,0.2,1.688,1.69,1.69,1.68,2026-07-01 23:38:59 UTC,2026-07-01 23:39:39 UTC,39.04,0.3376,0.0045,0.0,0.0004,0.04,8.89,MIN_PROFIT_TP_HIT,0.0884
142,TRUMP_USDT,LONG,StochasticRSI(FAST_SCALP-LONG),2,0.2,1.684,1.676,1.686,1.676,2026-07-01 23:54:59 UTC,2026-07-02 00:05:01 UTC,601.27,0.3368,0.0045,0.0,-0.0016,-0.15,-35.63,STOP_LOSS_HIT,0.0868
143,TRUMP_USDT,LONG,StochasticRSI(FAST_SCALP-LONG),2,0.2,1.679,1.681,1.681,1.671,2026-07-02 00:06:59 UTC,2026-07-02 00:07:42 UTC,42.74,0.3358,0.0045,0.0,0.0004,0.04,8.93,MIN_PROFIT_TP_HIT,0.0872
144,TRUMP_USDT,SHORT,StochasticRSI(FAST_SCALP-SHORT),2,0.2,1.683,1.681,1.681,1.691,2026-07-02 00:12:59 UTC,2026-07-02 00:17:15 UTC,255.35,0.3366,0.0045,0.0,0.0004,0.04,8.91,MIN_PROFIT_TP_HIT,0.0876
145,TRUMP_USDT,LONG,StochasticRSI(FAST_SCALP-LONG),2,0.2,1.68,1.672,1.682,1.672,2026-07-02 00:22:59 UTC,2026-07-02 00:33:35 UTC,635.08,0.336,0.0045,0.0,-0.0016,-0.15,-35.71,STOP_LOSS_HIT,0.086
146,TRUMP_USDT,SHORT,StochasticRSI(FAST_SCALP-SHORT),2,0.2,1.672,1.67,1.67,1.68,2026-07-02 00:39:59 UTC,2026-07-02 00:40:12 UTC,12.53,0.3344,0.0045,0.0,0.0004,0.04,8.97,MIN_PROFIT_TP_HIT,0.0864
147,TRUMP_USDT,SHORT,StochasticRSI(FAST_SCALP-SHORT),2,0.2,1.674,1.682,1.672,1.682,2026-07-02 00:48:59 UTC,2026-07-02 01:01:02 UTC,722.59,0.3348,0.0045,0.0,-0.0016,-0.15,-35.84,STOP_LOSS_HIT,0.0848
148,TRUMP_USDT,SHORT,StochasticRSI(FAST_SCALP-SHORT),2,0.2,1.679,1.687,1.677,1.687,2026-07-02 01:02:59 UTC,2026-07-02 01:20:09 UTC,1029.42,0.3358,0.0045,0.0,-0.0016,-0.15,-35.74,STOP_LOSS_HIT,0.0832
149,TRUMP_USDT,SHORT,StochasticRSI(FAST_SCALP-SHORT),2,0.2,1.687,1.695,1.685,1.695,2026-07-02 01:28:59 UTC,2026-07-02 01:39:56 UTC,656.88,0.3374,0.0045,0.0,-0.0016,-0.15,-35.57,STOP_LOSS_HIT,0.0816
150,TRUMP_USDT,SHORT,StochasticRSI(FAST_SCALP-SHORT),2,0.2,1.693,1.691,1.691,1.701,2026-07-02 01:43:59 UTC,2026-07-02 01:50:05 UTC,365.67,0.3386,0.0045,0.0,0.0004,0.04,8.86,MIN_PROFIT_TP_HIT,0.082
151,TRUMP_USDT,LONG,StochasticRSI(FAST_SCALP-LONG),2,0.2,1.689,1.681,1.691,1.681,2026-07-02 01:53:59 UTC,2026-07-02 02:10:06 UTC,966.68,0.3378,0.0045,0.0,-0.0016,-0.15,-35.52,STOP_LOSS_HIT,0.0804
152,TRUMP_USDT,LONG,StochasticRSI(FAST_SCALP-LONG),2,0.2,1.678,1.68,1.68,1.67,2026-07-02 02:12:59 UTC,2026-07-02 02:13:03 UTC,3.14,0.3356,0.0045,0.0,0.0004,0.04,8.94,MIN_PROFIT_TP_HIT,0.0808
153,TRUMP_USDT,SHORT,StochasticRSI(FAST_SCALP-SHORT),2,0.2,1.682,1.68,1.68,1.69,2026-07-02 02:18:59 UTC,2026-07-02 02:22:29 UTC,209.27,0.3364,0.0045,0.0,0.0004,0.04,8.92,MIN_PROFIT_TP_HIT,0.0812
154,TRUMP_USDT,SHORT,StochasticRSI(FAST_SCALP-SHORT),2,0.2,1.688,1.686,1.686,1.696,2026-07-02 02:37:59 UTC,2026-07-02 03:19:00 UTC,2460.51,0.3376,0.0045,0.0,0.0004,0.04,8.89,MIN_PROFIT_TP_HIT,0.0816
155,TRUMP_USDT,LONG,StochasticRSI(FAST_SCALP-LONG),2,0.2,1.684,1.686,1.686,1.676,2026-07-02 03:23:59 UTC,2026-07-02 03:27:36 UTC,216.42,0.3368,0.0045,0.0,0.0004,0.04,8.91,MIN_PROFIT_TP_HIT,0.082
156,TRUMP_USDT,SHORT,StochasticRSI(FAST_SCALP-SHORT),2,0.2,1.691,1.699,1.689,1.699,2026-07-02 03:30:59 UTC,2026-07-02 03:42:28 UTC,688.66,0.3382,0.0045,0.0,-0.0016,-0.15,-35.48,STOP_LOSS_HIT,0.0804
157,TRUMP_USDT,SHORT,StochasticRSI(FAST_SCALP-SHORT),2,0.2,1.699,1.697,1.697,1.707,2026-07-02 03:44:59 UTC,2026-07-02 03:46:05 UTC,65.17,0.3398,0.0045,0.0,0.0004,0.04,8.83,MIN_PROFIT_TP_HIT,0.0808
158,TRUMP_USDT,LONG,StochasticRSI(FAST_SCALP-LONG),2,0.2,1.697,1.699,1.699,1.689,2026-07-02 03:51:59 UTC,2026-07-02 03:52:06 UTC,6.29,0.3394,0.0045,0.0,0.0004,0.04,8.84,MIN_PROFIT_TP_HIT,0.0812
159,TRUMP_USDT,LONG,StochasticRSI(FAST_SCALP-LONG),2,0.2,1.699,1.691,1.701,1.691,2026-07-02 04:10:59 UTC,2026-07-02 04:21:56 UTC,656.31,0.3398,0.0045,0.0,-0.0016,-0.15,-35.31,STOP_LOSS_HIT,0.0796
160,TRUMP_USDT,LONG,StochasticRSI(FAST_SCALP-LONG),2,0.2,1.692,1.694,1.694,1.684,2026-07-02 04:25:59 UTC,2026-07-02 04:30:05 UTC,245.47,0.3384,0.0045,0.0,0.0004,0.04,8.87,MIN_PROFIT_TP_HIT,0.08
161,TRUMP_USDT,SHORT,StochasticRSI(FAST_SCALP-SHORT),2,0.2,1.691,1.699,1.689,1.699,2026-07-02 04:32:59 UTC,2026-07-02 04:46:23 UTC,803.28,0.3382,0.0045,0.0,-0.0016,-0.15,-35.48,STOP_LOSS_HIT,0.0784
162,TRUMP_USDT,SHORT,StochasticRSI(FAST_SCALP-SHORT),2,0.2,1.708,1.706,1.706,1.716,2026-07-02 04:49:59 UTC,2026-07-02 04:52:36 UTC,156.29,0.3416,0.0046,0.0,0.0004,0.04,8.78,MIN_PROFIT_TP_HIT,0.0788
163,TRUMP_USDT,LONG,StochasticRSI(FAST_SCALP-LONG),2,0.2,1.704,1.706,1.706,1.696,2026-07-02 04:57:59 UTC,2026-07-02 04:58:27 UTC,27.61,0.3408,0.0045,0.0,0.0004,0.04,8.8,MIN_PROFIT_TP_HIT,0.0792
164,TRUMP_USDT,LONG,StochasticRSI(FAST_SCALP-LONG),2,0.2,1.703,1.705,1.705,1.695,2026-07-02 05:04:59 UTC,2026-07-02 05:05:14 UTC,14.29,0.3406,0.0045,0.0,0.0004,0.04,8.81,MIN_PROFIT_TP_HIT,0.0796
165,TRUMP_USDT,SHORT,StochasticRSI(FAST_SCALP-SHORT),2,0.2,1.702,1.7,1.7,1.71,2026-07-02 05:08:59 UTC,2026-07-02 05:17:00 UTC,480.04,0.3404,0.0045,0.0,0.0004,0.04,8.81,MIN_PROFIT_TP_HIT,0.08
166,TRUMP_USDT,LONG,StochasticRSI(FAST_SCALP-LONG),2,0.2,1.697,1.699,1.699,1.689,2026-07-02 05:27:59 UTC,2026-07-02 05:28:06 UTC,6.52,0.3394,0.0045,0.0,0.0004,0.04,8.84,MIN_PROFIT_TP_HIT,0.0804
167,TRUMP_USDT,LONG,StochasticRSI(FAST_SCALP-LONG),2,0.2,1.691,1.693,1.693,1.683,2026-07-02 05:33:59 UTC,2026-07-02 05:34:02 UTC,2.53,0.3382,0.0045,0.0,0.0004,0.04,8.87,MIN_PROFIT_TP_HIT,0.0808
168,TRUMP_USDT,SHORT,StochasticRSI(FAST_SCALP-SHORT),2,0.2,1.691,1.689,1.689,1.699,2026-07-02 05:39:59 UTC,2026-07-02 05:40:49 UTC,49.07,0.3382,0.0045,0.0,0.0004,0.04,8.87,MIN_PROFIT_TP_HIT,0.0812
169,TRUMP_USDT,LONG,StochasticRSI(FAST_SCALP-LONG),2,0.2,1.687,1.689,1.689,1.679,2026-07-02 05:46:59 UTC,2026-07-02 05:50:09 UTC,189.12,0.3374,0.0045,0.0,0.0004,0.04,8.89,MIN_PROFIT_TP_HIT,0.0816
170,TRUMP_USDT,SHORT,StochasticRSI(FAST_SCALP-SHORT),2,0.2,1.689,1.687,1.687,1.697,2026-07-02 05:51:59 UTC,2026-07-02 06:03:10 UTC,670.21,0.3378,0.0045,0.0,0.0004,0.04,8.88,MIN_PROFIT_TP_HIT,0.082
171,TRUMP_USDT,LONG,StochasticRSI(FAST_SCALP-LONG),2,0.2,1.688,1.68,1.69,1.68,2026-07-02 06:07:59 UTC,2026-07-02 06:12:22 UTC,262.52,0.3376,0.0045,0.0,-0.0016,-0.15,-35.55,STOP_LOSS_HIT,0.0804
172,TRUMP_USDT,LONG,StochasticRSI(FAST_SCALP-LONG),2,0.2,1.682,1.684,1.684,1.674,2026-07-02 06:14:59 UTC,2026-07-02 06:15:35 UTC,35.79,0.3364,0.0045,0.0,0.0004,0.04,8.92,MIN_PROFIT_TP_HIT,0.0808
173,TRUMP_USDT,SHORT,StochasticRSI(FAST_SCALP-SHORT),2,0.2,1.685,1.683,1.683,1.693,2026-07-02 06:24:59 UTC,2026-07-02 06:47:01 UTC,1321.09,0.337,0.0045,0.0,0.0004,0.04,8.9,MIN_PROFIT_TP_HIT,0.0812
174,TRUMP_USDT,LONG,StochasticRSI(FAST_SCALP-LONG),2,0.2,1.683,1.675,1.685,1.675,2026-07-02 06:53:59 UTC,2026-07-02 07:25:40 UTC,1900.4,0.3366,0.0045,0.0,-0.0016,-0.15,-35.65,STOP_LOSS_HIT,0.0796
175,TRUMP_USDT,LONG,StochasticRSI(FAST_SCALP-LONG),2,0.2,1.676,1.668,1.678,1.668,2026-07-02 07:29:59 UTC,2026-07-02 07:33:12 UTC,192.26,0.3352,0.0045,0.0,-0.0016,-0.15,-35.8,STOP_LOSS_HIT,0.078
176,TRUMP_USDT,LONG,StochasticRSI(FAST_SCALP-LONG),2,0.2,1.669,1.671,1.671,1.661,2026-07-02 07:35:59 UTC,2026-07-02 07:38:14 UTC,134.32,0.3338,0.0045,0.0,0.0004,0.04,8.99,MIN_PROFIT_TP_HIT,0.0784
177,TRUMP_USDT,SHORT,StochasticRSI(FAST_SCALP-SHORT),2,0.2,1.675,1.673,1.673,1.683,2026-07-02 07:44:59 UTC,2026-07-02 08:00:22 UTC,922.11,0.335,0.0045,0.0,0.0004,0.04,8.96,MIN_PROFIT_TP_HIT,0.0788
178,TRUMP_USDT,SHORT,StochasticRSI(FAST_SCALP-SHORT),2,0.2,1.674,1.672,1.672,1.682,2026-07-02 08:09:59 UTC,2026-07-02 08:11:38 UTC,98.3,0.3348,0.0045,0.0,0.0004,0.04,8.96,MIN_PROFIT_TP_HIT,0.0792
179,TRUMP_USDT,LONG,StochasticRSI(FAST_SCALP-LONG),2,0.2,1.675,1.677,1.677,1.667,2026-07-02 08:15:59 UTC,2026-07-02 08:24:04 UTC,484.56,0.335,0.0045,0.0,0.0004,0.04,8.96,MIN_PROFIT_TP_HIT,0.0796
180,TRUMP_USDT,SHORT,StochasticRSI(FAST_SCALP-SHORT),2,0.2,1.676,1.674,1.674,1.684,2026-07-02 08:26:59 UTC,2026-07-02 09:09:43 UTC,2563.02,0.3352,0.0045,0.0,0.0004,0.04,8.95,MIN_PROFIT_TP_HIT,0.08
181,TRUMP_USDT,LONG,StochasticRSI(FAST_SCALP-LONG),2,0.2,1.677,1.679,1.679,1.669,2026-07-02 09:12:59 UTC,2026-07-02 09:22:01 UTC,541.52,0.3354,0.0045,0.0,0.0004,0.04,8.94,MIN_PROFIT_TP_HIT,0.0804
182,TRUMP_USDT,SHORT,StochasticRSI(FAST_SCALP-SHORT),2,0.2,1.676,1.684,1.674,1.684,2026-07-02 09:23:59 UTC,2026-07-02 09:31:41 UTC,461.71,0.3352,0.0045,0.0,-0.0016,-0.15,-35.8,STOP_LOSS_HIT,0.0788
183,TRUMP_USDT,SHORT,StochasticRSI(FAST_SCALP-SHORT),2,0.2,1.683,1.691,1.681,1.691,2026-07-02 09:33:59 UTC,2026-07-02 09:37:14 UTC,194.34,0.3366,0.0045,0.0,-0.0016,-0.15,-35.65,STOP_LOSS_HIT,0.0772
184,TRUMP_USDT,SHORT,StochasticRSI(FAST_SCALP-SHORT),2,0.2,1.691,1.689,1.689,1.699,2026-07-02 09:40:59 UTC,2026-07-02 09:43:31 UTC,151.03,0.3382,0.0045,0.0,0.0004,0.04,8.87,MIN_PROFIT_TP_HIT,0.0776
185,TRUMP_USDT,LONG,StochasticRSI(FAST_SCALP-LONG),2,0.2,1.69,1.692,1.692,1.682,2026-07-02 09:48:59 UTC,2026-07-02 09:53:06 UTC,246.72,0.338,0.0045,0.0,0.0004,0.04,8.88,MIN_PROFIT_TP_HIT,0.078
186,TRUMP_USDT,SHORT,StochasticRSI(FAST_SCALP-SHORT),2,0.2,1.689,1.687,1.687,1.697,2026-07-02 09:56:59 UTC,2026-07-02 09:59:09 UTC,129.26,0.3378,0.0045,0.0,0.0004,0.04,8.88,MIN_PROFIT_TP_HIT,0.0784
187,TRUMP_USDT,LONG,StochasticRSI(FAST_SCALP-LONG),2,0.2,1.685,1.687,1.687,1.677,2026-07-02 10:02:59 UTC,2026-07-02 10:03:03 UTC,3.1,0.337,0.0045,0.0,0.0004,0.04,8.9,MIN_PROFIT_TP_HIT,0.0788
188,TRUMP_USDT,SHORT,StochasticRSI(FAST_SCALP-SHORT),2,0.2,1.69,1.698,1.688,1.698,2026-07-02 10:10:59 UTC,2026-07-02 10:33:19 UTC,1339.89,0.338,0.0045,0.0,-0.0016,-0.15,-35.5,STOP_LOSS_HIT,0.0772
189,TRUMP_USDT,LONG,StochasticRSI(FAST_SCALP-LONG),2,0.2,1.696,1.698,1.698,1.688,2026-07-02 10:43:59 UTC,2026-07-02 11:00:23 UTC,983.98,0.3392,0.0045,0.0,0.0004,0.04,8.84,MIN_PROFIT_TP_HIT,0.0776
190,TRUMP_USDT,SHORT,StochasticRSI(FAST_SCALP-SHORT),2,0.2,1.696,1.704,1.694,1.704,2026-07-02 11:04:59 UTC,2026-07-02 11:11:30 UTC,390.35,0.3392,0.0045,0.0,-0.0016,-0.15,-35.38,STOP_LOSS_HIT,0.076
191,TRUMP_USDT,SHORT,StochasticRSI(FAST_SCALP-SHORT),2,0.2,1.704,1.702,1.702,1.712,2026-07-02 11:16:59 UTC,2026-07-02 11:20:15 UTC,195.42,0.3408,0.0045,0.0,0.0004,0.04,8.8,MIN_PROFIT_TP_HIT,0.0764
192,TRUMP_USDT,LONG,StochasticRSI(FAST_SCALP-LONG),2,0.2,1.705,1.707,1.707,1.697,2026-07-02 11:23:59 UTC,2026-07-02 11:24:01 UTC,1.8,0.341,0.0045,0.0,0.0004,0.04,8.8,MIN_PROFIT_TP_HIT,0.0768
193,TRUMP_USDT,SHORT,StochasticRSI(FAST_SCALP-SHORT),2,0.2,1.711,1.709,1.709,1.719,2026-07-02 11:29:59 UTC,2026-07-02 11:32:49 UTC,169.11,0.3422,0.0046,0.0,0.0004,0.04,8.77,MIN_PROFIT_TP_HIT,0.0772
194,TRUMP_USDT,LONG,StochasticRSI(FAST_SCALP-LONG),2,0.2,1.711,1.713,1.713,1.703,2026-07-02 11:36:59 UTC,2026-07-02 11:43:18 UTC,378.1,0.3422,0.0046,0.0,0.0004,0.04,8.77,MIN_PROFIT_TP_HIT,0.0776
195,TRUMP_USDT,SHORT,StochasticRSI(FAST_SCALP-SHORT),2,0.2,1.713,1.711,1.711,1.721,2026-07-02 11:47:59 UTC,2026-07-02 11:48:10 UTC,10.77,0.3426,0.0046,0.0,0.0004,0.04,8.76,MIN_PROFIT_TP_HIT,0.078
196,TRUMP_USDT,LONG,StochasticRSI(FAST_SCALP-LONG),2,0.2,1.706,1.708,1.708,1.698,2026-07-02 11:52:59 UTC,2026-07-02 11:53:00 UTC,0.53,0.3412,0.0045,0.0,0.0004,0.04,8.79,MIN_PROFIT_TP_HIT,0.0784
197,TRUMP_USDT,LONG,StochasticRSI(FAST_SCALP-LONG),2,0.2,1.703,1.705,1.705,1.695,2026-07-02 11:57:59 UTC,2026-07-02 11:58:46 UTC,46.13,0.3406,0.0045,0.0,0.0004,0.04,8.81,MIN_PROFIT_TP_HIT,0.0788
198,TRUMP_USDT,SHORT,StochasticRSI(FAST_SCALP-SHORT),2,0.2,1.704,1.712,1.702,1.712,2026-07-02 12:03:59 UTC,2026-07-02 12:14:26 UTC,626.89,0.3408,0.0045,0.0,-0.0016,-0.15,-35.21,STOP_LOSS_HIT,0.0772
199,TRUMP_USDT,SHORT,StochasticRSI(FAST_SCALP-SHORT),2,0.2,1.708,1.706,1.706,1.716,2026-07-02 12:15:59 UTC,2026-07-02 12:19:10 UTC,190.62,0.3416,0.0046,0.0,0.0004,0.04,8.78,MIN_PROFIT_TP_HIT,0.0776
200,TRUMP_USDT,LONG,StochasticRSI(FAST_SCALP-LONG),2,0.2,1.709,1.711,1.711,1.701,2026-07-02 12:22:59 UTC,2026-07-02 12:28:34 UTC,334.05,0.3418,0.0046,0.0,0.0004,0.04,8.78,MIN_PROFIT_TP_HIT,0.078
201,TRUMP_USDT,SHORT,StochasticRSI(FAST_SCALP-SHORT),2,0.2,1.713,1.711,1.711,1.721,2026-07-02 12:29:59 UTC,2026-07-02 12:31:22 UTC,82.52,0.3426,0.0046,0.0,0.0004,0.04,8.76,MIN_PROFIT_TP_HIT,0.0784
202,TRUMP_USDT,SHORT,StochasticRSI(FAST_SCALP-SHORT),2,0.2,1.713,1.711,1.711,1.721,2026-07-02 12:32:59 UTC,2026-07-02 12:33:17 UTC,17.75,0.3426,0.0046,0.0,0.0004,0.04,8.76,MIN_PROFIT_TP_HIT,0.0788
203,TRUMP_USDT,LONG,StochasticRSI(FAST_SCALP-LONG),2,0.2,1.713,1.715,1.715,1.705,2026-07-02 12:37:59 UTC,2026-07-02 12:49:50 UTC,710.1,0.3426,0.0046,0.0,0.0004,0.04,8.76,MIN_PROFIT_TP_HIT,0.0792
204,TRUMP_USDT,SHORT,StochasticRSI(FAST_SCALP-SHORT),2,0.2,1.713,1.711,1.711,1.721,2026-07-02 12:52:59 UTC,2026-07-02 12:53:09 UTC,9.48,0.3426,0.0046,0.0,0.0004,0.04,8.76,MIN_PROFIT_TP_HIT,0.0796
205,TRUMP_USDT,LONG,StochasticRSI(FAST_SCALP-LONG),2,0.2,1.715,1.707,1.717,1.707,2026-07-02 12:57:59 UTC,2026-07-02 13:01:54 UTC,234.78,0.343,0.0046,0.0,-0.0016,-0.15,-34.99,STOP_LOSS_HIT,0.078
206,TRUMP_USDT,LONG,StochasticRSI(FAST_SCALP-LONG),2,0.2,1.708,1.71,1.71,1.7,2026-07-02 13:04:59 UTC,2026-07-02 13:05:07 UTC,7.65,0.3416,0.0046,0.0,0.0004,0.04,8.78,MIN_PROFIT_TP_HIT,0.0784
207,TRUMP_USDT,SHORT,StochasticRSI(FAST_SCALP-SHORT),2,0.2,1.71,1.708,1.708,1.718,2026-07-02 13:18:59 UTC,2026-07-02 13:28:38 UTC,578.38,0.342,0.0046,0.0,0.0004,0.04,8.77,MIN_PROFIT_TP_HIT,0.0788
208,TRUMP_USDT,LONG,StochasticRSI(FAST_SCALP-LONG),2,0.2,1.709,1.711,1.711,1.701,2026-07-02 13:32:59 UTC,2026-07-02 13:33:07 UTC,7.48,0.3418,0.0046,0.0,0.0004,0.04,8.78,MIN_PROFIT_TP_HIT,0.0792
209,TRUMP_USDT,SHORT,StochasticRSI(FAST_SCALP-SHORT),2,0.2,1.714,1.712,1.712,1.722,2026-07-02 13:38:59 UTC,2026-07-02 13:45:46 UTC,406.07,0.3428,0.0046,0.0,0.0004,0.04,8.75,MIN_PROFIT_TP_HIT,0.0796
210,TRUMP_USDT,SHORT,StochasticRSI(FAST_SCALP-SHORT),2,0.2,1.716,1.714,1.714,1.724,2026-07-02 13:54:59 UTC,2026-07-02 14:03:58 UTC,538.65,0.3432,0.0046,0.0,0.0004,0.04,8.74,MIN_PROFIT_TP_HIT,0.08
211,TRUMP_USDT,SHORT,StochasticRSI(FAST_SCALP-SHORT),2,0.2,1.713,1.711,1.711,1.721,2026-07-02 14:04:59 UTC,2026-07-02 14:06:16 UTC,76.51,0.3426,0.0046,0.0,0.0004,0.04,8.76,MIN_PROFIT_TP_HIT,0.0804
212,TRUMP_USDT,LONG,StochasticRSI(FAST_SCALP-LONG),2,0.2,1.711,1.713,1.713,1.703,2026-07-02 14:08:59 UTC,2026-07-02 14:11:25 UTC,145.6,0.3422,0.0046,0.0,0.0004,0.04,8.77,MIN_PROFIT_TP_HIT,0.0808
213,TRUMP_USDT,LONG,StochasticRSI(FAST_SCALP-LONG),2,0.2,1.718,1.71,1.72,1.71,2026-07-02 14:12:59 UTC,2026-07-02 14:18:05 UTC,305.93,0.3436,0.0046,0.0,-0.0016,-0.15,-34.92,STOP_LOSS_HIT,0.0792
214,TRUMP_USDT,LONG,StochasticRSI(FAST_SCALP-LONG),2,0.2,1.7,1.702,1.702,1.692,2026-07-02 14:23:59 UTC,2026-07-02 14:24:20 UTC,20.12,0.34,0.0045,0.0,0.0004,0.04,8.82,MIN_PROFIT_TP_HIT,0.0796
215,TRUMP_USDT,SHORT,StochasticRSI(FAST_SCALP-SHORT),2,0.2,1.703,1.701,1.701,1.711,2026-07-02 14:33:59 UTC,2026-07-02 14:34:42 UTC,42.62,0.3406,0.0045,0.0,0.0004,0.04,8.81,MIN_PROFIT_TP_HIT,0.08
216,TRUMP_USDT,SHORT,StochasticRSI(FAST_SCALP-SHORT),2,0.2,1.705,1.703,1.703,1.713,2026-07-02 14:40:59 UTC,2026-07-02 14:41:08 UTC,8.05,0.341,0.0045,0.0,0.0004,0.04,8.8,MIN_PROFIT_TP_HIT,0.0804
217,TRUMP_USDT,LONG,StochasticRSI(FAST_SCALP-LONG),2,0.2,1.705,1.697,1.707,1.697,2026-07-02 14:45:59 UTC,2026-07-02 15:04:31 UTC,1111.67,0.341,0.0045,0.0,-0.0016,-0.15,-35.19,STOP_LOSS_HIT,0.0788
218,TRUMP_USDT,LONG,StochasticRSI(FAST_SCALP-LONG),2,0.2,1.693,1.695,1.695,1.685,2026-07-02 15:09:59 UTC,2026-07-02 15:12:04 UTC,124.84,0.3386,0.0045,0.0,0.0004,0.04,8.86,MIN_PROFIT_TP_HIT,0.0792
219,TRUMP_USDT,SHORT,StochasticRSI(FAST_SCALP-SHORT),2,0.2,1.697,1.695,1.695,1.705,2026-07-02 15:17:59 UTC,2026-07-02 15:18:09 UTC,9.7,0.3394,0.0045,0.0,0.0004,0.04,8.84,MIN_PROFIT_TP_HIT,0.0796
220,TRUMP_USDT,SHORT,StochasticRSI(FAST_SCALP-SHORT),2,0.2,1.702,1.7,1.7,1.71,2026-07-02 15:30:59 UTC,2026-07-02 15:32:38 UTC,98.16,0.3404,0.0045,0.0,0.0004,0.04,8.81,MIN_PROFIT_TP_HIT,0.08
221,TRUMP_USDT,SHORT,StochasticRSI(FAST_SCALP-SHORT),2,0.2,1.706,1.704,1.704,1.714,2026-07-02 15:37:59 UTC,2026-07-02 15:39:33 UTC,93.53,0.3412,0.0045,0.0,0.0004,0.04,8.79,MIN_PROFIT_TP_HIT,0.0804
222,TRUMP_USDT,LONG,StochasticRSI(FAST_SCALP-LONG),2,0.2,1.706,1.708,1.708,1.698,2026-07-02 15:41:59 UTC,2026-07-02 16:04:38 UTC,1358.6,0.3412,0.0045,0.0,0.0004,0.04,8.79,MIN_PROFIT_TP_HIT,0.0808
223,TRUMP_USDT,SHORT,StochasticRSI(FAST_SCALP-SHORT),2,0.2,1.708,1.706,1.706,1.716,2026-07-02 16:09:59 UTC,2026-07-02 16:17:39 UTC,459.69,0.3416,0.0046,0.0,0.0004,0.04,8.78,MIN_PROFIT_TP_HIT,0.0812
224,TRUMP_USDT,LONG,StochasticRSI(FAST_SCALP-LONG),2,0.2,1.702,1.704,1.704,1.694,2026-07-02 16:19:59 UTC,2026-07-02 16:20:03 UTC,3.23,0.3404,0.0045,0.0,0.0004,0.04,8.81,MIN_PROFIT_TP_HIT,0.0816
225,TRUMP_USDT,LONG,StochasticRSI(FAST_SCALP-LONG),2,0.2,1.701,1.703,1.703,1.693,2026-07-02 16:23:59 UTC,2026-07-02 16:25:21 UTC,81.43,0.3402,0.0045,0.0,0.0004,0.04,8.82,MIN_PROFIT_TP_HIT,0.082
226,TRUMP_USDT,LONG,StochasticRSI(FAST_SCALP-LONG),2,0.2,1.696,1.698,1.698,1.688,2026-07-02 16:32:59 UTC,2026-07-02 16:36:17 UTC,197.41,0.3392,0.0045,0.0,0.0004,0.04,8.84,MIN_PROFIT_TP_HIT,0.0824
227,TRUMP_USDT,SHORT,StochasticRSI(FAST_SCALP-SHORT),2,0.2,1.707,1.705,1.705,1.715,2026-07-02 16:51:59 UTC,2026-07-02 16:53:00 UTC,60.6,0.3414,0.0046,0.0,0.0004,0.04,8.79,MIN_PROFIT_TP_HIT,0.0828
228,TRUMP_USDT,LONG,StochasticRSI(FAST_SCALP-LONG),2,0.2,1.703,1.705,1.705,1.695,2026-07-02 17:02:59 UTC,2026-07-02 17:05:33 UTC,153.54,0.3406,0.0045,0.0,0.0004,0.04,8.81,MIN_PROFIT_TP_HIT,0.0832
229,TRUMP_USDT,SHORT,StochasticRSI(FAST_SCALP-SHORT),2,0.2,1.703,1.701,1.701,1.711,2026-07-02 17:08:59 UTC,2026-07-02 17:10:56 UTC,116.93,0.3406,0.0045,0.0,0.0004,0.04,8.81,MIN_PROFIT_TP_HIT,0.0836
230,TRUMP_USDT,SHORT,StochasticRSI(FAST_SCALP-SHORT),2,0.2,1.706,1.704,1.704,1.714,2026-07-02 17:20:59 UTC,2026-07-02 17:35:03 UTC,843.01,0.3412,0.0045,0.0,0.0004,0.04,8.79,MIN_PROFIT_TP_HIT,0.084
231,TRUMP_USDT,LONG,StochasticRSI(FAST_SCALP-LONG),2,0.2,1.7,1.702,1.702,1.692,2026-07-02 17:38:59 UTC,2026-07-02 17:40:50 UTC,110.28,0.34,0.0045,0.0,0.0004,0.04,8.82,MIN_PROFIT_TP_HIT,0.0844
232,TRUMP_USDT,SHORT,StochasticRSI(FAST_SCALP-SHORT),2,0.2,1.703,1.701,1.701,1.711,2026-07-02 17:46:59 UTC,2026-07-02 17:48:07 UTC,67.5,0.3406,0.0045,0.0,0.0004,0.04,8.81,MIN_PROFIT_TP_HIT,0.0848
233,TRUMP_USDT,LONG,StochasticRSI(FAST_SCALP-LONG),2,0.2,1.701,1.703,1.703,1.693,2026-07-02 18:15:59 UTC,2026-07-02 18:37:34 UTC,1294.52,0.3402,0.0045,0.0,0.0004,0.04,8.82,MIN_PROFIT_TP_HIT,0.0852
234,TRUMP_USDT,SHORT,StochasticRSI(FAST_SCALP-SHORT),2,0.2,1.702,1.71,1.7,1.71,2026-07-02 18:42:59 UTC,2026-07-02 19:12:34 UTC,1774.27,0.3404,0.0045,0.0,-0.0016,-0.15,-35.25,STOP_LOSS_HIT,0.0836
235,TRUMP_USDT,SHORT,StochasticRSI(FAST_SCALP-SHORT),2,0.2,1.709,1.707,1.707,1.717,2026-07-02 19:16:59 UTC,2026-07-02 19:18:30 UTC,90.67,0.3418,0.0046,0.0,0.0004,0.04,8.78,MIN_PROFIT_TP_HIT,0.084
236,TRUMP_USDT,LONG,StochasticRSI(FAST_SCALP-LONG),2,0.2,1.705,1.707,1.707,1.697,2026-07-02 19:23:59 UTC,2026-07-02 19:27:08 UTC,188.06,0.341,0.0045,0.0,0.0004,0.04,8.8,MIN_PROFIT_TP_HIT,0.0844
237,TRUMP_USDT,SHORT,StochasticRSI(FAST_SCALP-SHORT),2,0.2,1.708,1.706,1.706,1.716,2026-07-02 19:31:59 UTC,2026-07-02 19:38:59 UTC,419.54,0.3416,0.0046,0.0,0.0004,0.04,8.78,MIN_PROFIT_TP_HIT,0.0848
238,TRUMP_USDT,LONG,StochasticRSI(FAST_SCALP-LONG),2,0.2,1.708,1.71,1.71,1.7,2026-07-02 19:41:59 UTC,2026-07-02 19:45:31 UTC,211.22,0.3416,0.0046,0.0,0.0004,0.04,8.78,MIN_PROFIT_TP_HIT,0.0852
239,TRUMP_USDT,SHORT,StochasticRSI(FAST_SCALP-SHORT),2,0.2,1.71,1.708,1.708,1.718,2026-07-02 19:49:59 UTC,2026-07-02 19:53:45 UTC,225.82,0.342,0.0046,0.0,0.0004,0.04,8.77,MIN_PROFIT_TP_HIT,0.0856
240,TRUMP_USDT,LONG,StochasticRSI(FAST_SCALP-LONG),2,0.2,1.711,1.713,1.713,1.703,2026-07-02 19:57:59 UTC,2026-07-02 20:08:09 UTC,609.91,0.3422,0.0046,0.0,0.0004,0.04,8.77,MIN_PROFIT_TP_HIT,0.086
241,TRUMP_USDT,SHORT,StochasticRSI(FAST_SCALP-SHORT),2,0.2,1.71,1.708,1.708,1.718,2026-07-02 20:18:59 UTC,2026-07-02 20:24:39 UTC,339.09,0.342,0.0046,0.0,0.0004,0.04,8.77,MIN_PROFIT_TP_HIT,0.0864
242,TRUMP_USDT,LONG,StochasticRSI(FAST_SCALP-LONG),2,0.2,1.707,1.709,1.709,1.699,2026-07-02 20:28:59 UTC,2026-07-02 20:32:49 UTC,229.27,0.3414,0.0046,0.0,0.0004,0.04,8.79,MIN_PROFIT_TP_HIT,0.0868
243,TRUMP_USDT,SHORT,StochasticRSI(FAST_SCALP-SHORT),2,0.2,1.708,1.716,1.706,1.716,2026-07-02 20:38:59 UTC,2026-07-02 21:13:22 UTC,2062.7,0.3416,0.0046,0.0,-0.0016,-0.15,-35.13,STOP_LOSS_HIT,0.0852
244,TRUMP_USDT,SHORT,StochasticRSI(FAST_SCALP-SHORT),2,0.2,1.714,1.712,1.712,1.722,2026-07-02 21:17:59 UTC,2026-07-02 21:23:25 UTC,325.46,0.3428,0.0046,0.0,0.0004,0.04,8.75,MIN_PROFIT_TP_HIT,0.0856
245,TRUMP_USDT,LONG,StochasticRSI(FAST_SCALP-LONG),2,0.2,1.713,1.715,1.715,1.705,2026-07-02 21:25:59 UTC,2026-07-02 21:26:06 UTC,6.58,0.3426,0.0046,0.0,0.0004,0.04,8.76,MIN_PROFIT_TP_HIT,0.086
246,TRUMP_USDT,SHORT,StochasticRSI(FAST_SCALP-SHORT),2,0.2,1.716,1.714,1.714,1.724,2026-07-02 21:31:59 UTC,2026-07-02 21:43:15 UTC,675.03,0.3432,0.0046,0.0,0.0004,0.04,8.74,MIN_PROFIT_TP_HIT,0.0864
247,TRUMP_USDT,LONG,StochasticRSI(FAST_SCALP-LONG),2,0.2,1.71,1.712,1.712,1.702,2026-07-02 21:47:59 UTC,2026-07-02 21:49:09 UTC,69.12,0.342,0.0046,0.0,0.0004,0.04,8.77,MIN_PROFIT_TP_HIT,0.0868
248,TRUMP_USDT,SHORT,StochasticRSI(FAST_SCALP-SHORT),2,0.2,1.71,1.718,1.708,1.718,2026-07-02 21:54:59 UTC,2026-07-02 22:17:53 UTC,1373.19,0.342,0.0046,0.0,-0.0016,-0.15,-35.09,STOP_LOSS_HIT,0.0852
249,TRUMP_USDT,SHORT,StochasticRSI(FAST_SCALP-SHORT),2,0.2,1.716,1.714,1.714,1.724,2026-07-02 22:21:59 UTC,2026-07-02 22:40:19 UTC,1099.58,0.3432,0.0046,0.0,0.0004,0.04,8.74,MIN_PROFIT_TP_HIT,0.0856
250,TRUMP_USDT,LONG,StochasticRSI(FAST_SCALP-LONG),2,0.2,1.717,1.719,1.719,1.709,2026-07-02 22:43:59 UTC,2026-07-02 22:52:22 UTC,502.1,0.3434,0.0046,0.0,0.0004,0.04,8.74,MIN_PROFIT_TP_HIT,0.086
251,TRUMP_USDT,SHORT,StochasticRSI(FAST_SCALP-SHORT),2,0.2,1.722,1.72,1.72,1.73,2026-07-02 22:59:59 UTC,2026-07-02 23:02:49 UTC,169.59,0.3444,0.0046,0.0,0.0004,0.04,8.71,MIN_PROFIT_TP_HIT,0.0864
252,TRUMP_USDT,LONG,StochasticRSI(FAST_SCALP-LONG),2,0.2,1.719,1.721,1.721,1.711,2026-07-02 23:05:59 UTC,2026-07-02 23:10:04 UTC,244.13,0.3438,0.0046,0.0,0.0004,0.04,8.73,MIN_PROFIT_TP_HIT,0.0868
253,TRUMP_USDT,LONG,StochasticRSI(FAST_SCALP-LONG),2,0.2,1.717,1.719,1.719,1.709,2026-07-02 23:15:59 UTC,2026-07-02 23:16:37 UTC,37.83,0.3434,0.0046,0.0,0.0004,0.04,8.74,MIN_PROFIT_TP_HIT,0.0872
254,TRUMP_USDT,SHORT,StochasticRSI(FAST_SCALP-SHORT),2,0.2,1.717,1.715,1.715,1.725,2026-07-02 23:23:59 UTC,2026-07-03 00:01:16 UTC,2236.94,0.3434,0.0046,0.0,0.0004,0.04,8.74,MIN_PROFIT_TP_HIT,0.0876
255,TRUMP_USDT,LONG,StochasticRSI(FAST_SCALP-LONG),2,0.2,1.715,1.707,1.717,1.707,2026-07-03 00:04:59 UTC,2026-07-03 00:21:34 UTC,994.74,0.343,0.0046,0.0,-0.0016,-0.15,-34.99,STOP_LOSS_HIT,0.086
256,TRUMP_USDT,SHORT,StochasticRSI(FAST_SCALP-SHORT),2,0.2,1.708,1.706,1.706,1.716,2026-07-03 00:28:59 UTC,2026-07-03 00:29:18 UTC,18.45,0.3416,0.0046,0.0,0.0004,0.04,8.78,MIN_PROFIT_TP_HIT,0.0864
257,TRUMP_USDT,LONG,StochasticRSI(FAST_SCALP-LONG),2,0.2,1.708,1.71,1.71,1.7,2026-07-03 00:32:59 UTC,2026-07-03 01:08:08 UTC,2108.01,0.3416,0.0046,0.0,0.0004,0.04,8.78,MIN_PROFIT_TP_HIT,0.0868
258,TRUMP_USDT,LONG,StochasticRSI(FAST_SCALP-LONG),2,0.2,1.715,1.717,1.717,1.707,2026-07-03 01:20:59 UTC,2026-07-03 01:24:17 UTC,197.89,0.343,0.0046,0.0,0.0004,0.04,8.75,MIN_PROFIT_TP_HIT,0.0872
259,TRUMP_USDT,SHORT,StochasticRSI(FAST_SCALP-SHORT),2,0.2,1.718,1.716,1.716,1.726,2026-07-03 01:28:59 UTC,2026-07-03 01:32:45 UTC,225.47,0.3436,0.0046,0.0,0.0004,0.04,8.73,MIN_PROFIT_TP_HIT,0.0876
260,TRUMP_USDT,LONG,StochasticRSI(FAST_SCALP-LONG),2,0.2,1.724,1.726,1.726,1.716,2026-07-03 01:35:59 UTC,2026-07-03 01:36:04 UTC,4.68,0.3448,0.0046,0.0,0.0004,0.04,8.7,MIN_PROFIT_TP_HIT,0.088
261,TRUMP_USDT,SHORT,StochasticRSI(FAST_SCALP-SHORT),2,0.2,1.725,1.723,1.723,1.733,2026-07-03 01:42:59 UTC,2026-07-03 01:43:33 UTC,33.44,0.345,0.0046,0.0,0.0004,0.04,8.7,MIN_PROFIT_TP_HIT,0.0884
262,TRUMP_USDT,LONG,StochasticRSI(FAST_SCALP-LONG),2,0.2,1.722,1.724,1.724,1.714,2026-07-03 01:47:59 UTC,2026-07-03 01:49:06 UTC,66.59,0.3444,0.0046,0.0,0.0004,0.04,8.71,MIN_PROFIT_TP_HIT,0.0888
263,TRUMP_USDT,SHORT,StochasticRSI(FAST_SCALP-SHORT),2,0.2,1.724,1.722,1.722,1.732,2026-07-03 01:55:59 UTC,2026-07-03 01:56:07 UTC,7.73,0.3448,0.0046,0.0,0.0004,0.04,8.7,MIN_PROFIT_TP_HIT,0.0892
264,TRUMP_USDT,LONG,StochasticRSI(FAST_SCALP-LONG),2,0.2,1.721,1.723,1.723,1.713,2026-07-03 02:01:59 UTC,2026-07-03 02:02:33 UTC,33.98,0.3442,0.0046,0.0,0.0004,0.04,8.72,MIN_PROFIT_TP_HIT,0.0896
265,TRUMP_USDT,LONG,StochasticRSI(FAST_SCALP-LONG),2,0.2,1.721,1.723,1.723,1.713,2026-07-03 02:03:59 UTC,2026-07-03 02:21:59 UTC,1079.96,0.3442,0.0046,0.0,0.0004,0.04,8.72,MIN_PROFIT_TP_HIT,0.09
266,TRUMP_USDT,SHORT,StochasticRSI(FAST_SCALP-SHORT),2,0.2,1.723,1.721,1.721,1.731,2026-07-03 02:23:59 UTC,2026-07-03 02:25:48 UTC,108.02,0.3446,0.0046,0.0,0.0004,0.04,8.71,MIN_PROFIT_TP_HIT,0.0904
267,TRUMP_USDT,LONG,StochasticRSI(FAST_SCALP-LONG),2,0.2,1.719,1.721,1.721,1.711,2026-07-03 02:32:59 UTC,2026-07-03 02:34:06 UTC,66.16,0.3438,0.0046,0.0,0.0004,0.04,8.73,MIN_PROFIT_TP_HIT,0.0908
268,TRUMP_USDT,SHORT,StochasticRSI(FAST_SCALP-SHORT),2,0.2,1.719,1.717,1.717,1.727,2026-07-03 02:38:59 UTC,2026-07-03 02:43:39 UTC,279.77,0.3438,0.0046,0.0,0.0004,0.04,8.73,MIN_PROFIT_TP_HIT,0.0912
269,TRUMP_USDT,LONG,StochasticRSI(FAST_SCALP-LONG),2,0.2,1.717,1.719,1.719,1.709,2026-07-03 02:46:59 UTC,2026-07-03 02:49:52 UTC,172.21,0.3434,0.0046,0.0,0.0004,0.04,8.74,MIN_PROFIT_TP_HIT,0.0916
270,TRUMP_USDT,SHORT,StochasticRSI(FAST_SCALP-SHORT),2,0.2,1.717,1.715,1.715,1.725,2026-07-03 02:55:59 UTC,2026-07-03 03:13:13 UTC,1033.94,0.3434,0.0046,0.0,0.0004,0.04,8.74,MIN_PROFIT_TP_HIT,0.092
271,TRUMP_USDT,LONG,StochasticRSI(FAST_SCALP-LONG),2,0.2,1.718,1.72,1.72,1.71,2026-07-03 03:14:59 UTC,2026-07-03 03:16:23 UTC,83.64,0.3436,0.0046,0.0,0.0004,0.04,8.73,MIN_PROFIT_TP_HIT,0.0924
272,TRUMP_USDT,SHORT,StochasticRSI(FAST_SCALP-SHORT),2,0.2,1.724,1.722,1.722,1.732,2026-07-03 03:22:59 UTC,2026-07-03 03:23:20 UTC,20.39,0.3448,0.0046,0.0,0.0004,0.04,8.7,MIN_PROFIT_TP_HIT,0.0928
273,TRUMP_USDT,LONG,StochasticRSI(FAST_SCALP-LONG),2,0.2,1.721,1.723,1.723,1.713,2026-07-03 03:29:59 UTC,2026-07-03 03:32:29 UTC,149.98,0.3442,0.0046,0.0,0.0004,0.04,8.72,MIN_PROFIT_TP_HIT,0.0932
274,TRUMP_USDT,LONG,StochasticRSI(FAST_SCALP-LONG),2,0.2,1.721,1.723,1.723,1.713,2026-07-03 03:33:59 UTC,2026-07-03 03:34:33 UTC,33.31,0.3442,0.0046,0.0,0.0004,0.04,8.72,MIN_PROFIT_TP_HIT,0.0936
275,TRUMP_USDT,SHORT,StochasticRSI(FAST_SCALP-SHORT),2,0.2,1.727,1.725,1.725,1.735,2026-07-03 03:40:59 UTC,2026-07-03 03:46:58 UTC,358.49,0.3454,0.0046,0.0,0.0004,0.04,8.69,MIN_PROFIT_TP_HIT,0.094
276,TRUMP_USDT,LONG,StochasticRSI(FAST_SCALP-LONG),2,0.2,1.726,1.728,1.728,1.718,2026-07-03 03:47:59 UTC,2026-07-03 03:52:23 UTC,263.1,0.3452,0.0046,0.0,0.0004,0.04,8.69,MIN_PROFIT_TP_HIT,0.0944
277,TRUMP_USDT,LONG,StochasticRSI(FAST_SCALP-LONG),2,0.2,1.726,1.718,1.728,1.718,2026-07-03 03:57:59 UTC,2026-07-03 04:09:38 UTC,698.8,0.3452,0.0046,0.0,-0.0016,-0.15,-34.76,STOP_LOSS_HIT,0.0928
278,TRUMP_USDT,LONG,StochasticRSI(FAST_SCALP-LONG),2,0.2,1.721,1.713,1.723,1.713,2026-07-03 04:11:59 UTC,2026-07-03 04:34:49 UTC,1369.18,0.3442,0.0046,0.0,-0.0016,-0.15,-34.86,STOP_LOSS_HIT,0.0912
279,TRUMP_USDT,LONG,StochasticRSI(FAST_SCALP-LONG),2,0.2,1.713,1.715,1.715,1.705,2026-07-03 04:38:59 UTC,2026-07-03 04:41:20 UTC,140.25,0.3426,0.0046,0.0,0.0004,0.04,8.76,MIN_PROFIT_TP_HIT,0.0916
280,TRUMP_USDT,SHORT,StochasticRSI(FAST_SCALP-SHORT),2,0.2,1.713,1.711,1.711,1.721,2026-07-03 04:47:59 UTC,2026-07-03 04:48:36 UTC,36.37,0.3426,0.0046,0.0,0.0004,0.04,8.76,MIN_PROFIT_TP_HIT,0.092
281,TRUMP_USDT,LONG,StochasticRSI(FAST_SCALP-LONG),2,0.2,1.711,1.713,1.713,1.703,2026-07-03 04:52:59 UTC,2026-07-03 04:57:53 UTC,293.0,0.3422,0.0046,0.0,0.0004,0.04,8.77,MIN_PROFIT_TP_HIT,0.0924
282,TRUMP_USDT,SHORT,StochasticRSI(FAST_SCALP-SHORT),2,0.2,1.711,1.709,1.709,1.719,2026-07-03 05:01:59 UTC,2026-07-03 05:02:04 UTC,4.8,0.3422,0.0046,0.0,0.0004,0.04,8.77,MIN_PROFIT_TP_HIT,0.0928
283,TRUMP_USDT,LONG,StochasticRSI(FAST_SCALP-LONG),2,0.2,1.707,1.709,1.709,1.699,2026-07-03 05:07:59 UTC,2026-07-03 05:15:52 UTC,472.64,0.3414,0.0046,0.0,0.0004,0.04,8.79,MIN_PROFIT_TP_HIT,0.0932
284,TRUMP_USDT,SHORT,StochasticRSI(FAST_SCALP-SHORT),2,0.2,1.707,1.705,1.705,1.715,2026-07-03 05:17:59 UTC,2026-07-03 05:23:27 UTC,327.69,0.3414,0.0046,0.0,0.0004,0.04,8.79,MIN_PROFIT_TP_HIT,0.0936
285,TRUMP_USDT,LONG,StochasticRSI(FAST_SCALP-LONG),2,0.2,1.708,1.71,1.71,1.7,2026-07-03 05:25:59 UTC,2026-07-03 05:26:16 UTC,16.41,0.3416,0.0046,0.0,0.0004,0.04,8.78,MIN_PROFIT_TP_HIT,0.094
286,TRUMP_USDT,SHORT,StochasticRSI(FAST_SCALP-SHORT),2,0.2,1.718,1.716,1.716,1.726,2026-07-03 05:37:59 UTC,2026-07-03 05:41:17 UTC,197.32,0.3436,0.0046,0.0,0.0004,0.04,8.73,MIN_PROFIT_TP_HIT,0.0944
287,TRUMP_USDT,LONG,StochasticRSI(FAST_SCALP-LONG),2,0.2,1.716,1.718,1.718,1.708,2026-07-03 05:45:59 UTC,2026-07-03 05:47:56 UTC,116.72,0.3432,0.0046,0.0,0.0004,0.04,8.74,MIN_PROFIT_TP_HIT,0.0948
288,TRUMP_USDT,LONG,StochasticRSI(FAST_SCALP-LONG),2,0.2,1.718,1.72,1.72,1.71,2026-07-03 05:57:59 UTC,2026-07-03 06:04:51 UTC,411.82,0.3436,0.0046,0.0,0.0004,0.04,8.73,MIN_PROFIT_TP_HIT,0.0952
289,TRUMP_USDT,SHORT,StochasticRSI(FAST_SCALP-SHORT),2,0.2,1.721,1.729,1.719,1.729,2026-07-03 06:08:59 UTC,2026-07-03 06:42:46 UTC,2026.49,0.3442,0.0046,0.0,-0.0016,-0.15,-34.86,STOP_LOSS_HIT,0.0936
290,TRUMP_USDT,LONG,StochasticRSI(FAST_SCALP-LONG),2,0.2,1.725,1.727,1.727,1.717,2026-07-03 06:50:59 UTC,2026-07-03 07:42:05 UTC,3065.38,0.345,0.0046,0.0,0.0004,0.04,8.7,MIN_PROFIT_TP_HIT,0.094
291,TRUMP_USDT,SHORT,StochasticRSI(FAST_SCALP-SHORT),2,0.2,1.727,1.725,1.725,1.735,2026-07-03 07:46:59 UTC,2026-07-03 07:49:07 UTC,127.95,0.3454,0.0046,0.0,0.0004,0.04,8.69,MIN_PROFIT_TP_HIT,0.0944
292,TRUMP_USDT,LONG,StochasticRSI(FAST_SCALP-LONG),2,0.2,1.724,1.726,1.726,1.716,2026-07-03 07:53:59 UTC,2026-07-03 07:55:11 UTC,71.3,0.3448,0.0046,0.0,0.0004,0.04,8.7,MIN_PROFIT_TP_HIT,0.0948
293,TRUMP_USDT,LONG,StochasticRSI(FAST_SCALP-LONG),2,0.2,1.727,1.729,1.729,1.719,2026-07-03 08:01:59 UTC,2026-07-03 08:13:10 UTC,670.34,0.3454,0.0046,0.0,0.0004,0.04,8.69,MIN_PROFIT_TP_HIT,0.0952
294,TRUMP_USDT,SHORT,StochasticRSI(FAST_SCALP-SHORT),2,0.2,1.768,1.766,1.766,1.776,2026-07-03 08:30:59 UTC,2026-07-03 08:31:02 UTC,2.23,0.3536,0.0047,0.0,0.0004,0.04,8.48,MIN_PROFIT_TP_HIT,0.0956
295,TRUMP_USDT,LONG,StochasticRSI(FAST_SCALP-LONG),2,0.2,1.754,1.756,1.756,1.746,2026-07-03 08:42:59 UTC,2026-07-03 08:43:13 UTC,13.59,0.3508,0.0047,0.0,0.0004,0.04,8.55,MIN_PROFIT_TP_HIT,0.096
296,TRUMP_USDT,SHORT,StochasticRSI(FAST_SCALP-SHORT),2,0.2,1.754,1.752,1.752,1.762,2026-07-03 08:50:59 UTC,2026-07-03 08:51:26 UTC,26.71,0.3508,0.0047,0.0,0.0004,0.04,8.55,MIN_PROFIT_TP_HIT,0.0964
297,TRUMP_USDT,LONG,StochasticRSI(FAST_SCALP-LONG),2,0.2,1.746,1.738,1.748,1.738,2026-07-03 08:55:59 UTC,2026-07-03 09:00:51 UTC,291.32,0.3492,0.0047,0.0,-0.0016,-0.15,-34.36,STOP_LOSS_HIT,0.0948
298,TRUMP_USDT,SHORT,StochasticRSI(FAST_SCALP-SHORT),2,0.2,1.754,1.752,1.752,1.762,2026-07-03 09:10:59 UTC,2026-07-03 09:20:59 UTC,599.46,0.3508,0.0047,0.0,0.0004,0.04,8.55,MIN_PROFIT_TP_HIT,0.0952
299,TRUMP_USDT,LONG,StochasticRSI(FAST_SCALP-LONG),2,0.2,1.752,1.754,1.754,1.744,2026-07-03 09:22:59 UTC,2026-07-03 09:26:07 UTC,187.11,0.3504,0.0047,0.0,0.0004,0.04,8.56,MIN_PROFIT_TP_HIT,0.0956
300,TRUMP_USDT,SHORT,StochasticRSI(FAST_SCALP-SHORT),2,0.2,1.759,1.757,1.757,1.767,2026-07-03 09:31:59 UTC,2026-07-03 09:35:09 UTC,189.27,0.3518,0.0047,0.0,0.0004,0.04,8.53,MIN_PROFIT_TP_HIT,0.096
301,TRUMP_USDT,LONG,StochasticRSI(FAST_SCALP-LONG),2,0.2,1.747,1.749,1.749,1.739,2026-07-03 09:40:59 UTC,2026-07-03 09:42:09 UTC,69.82,0.3494,0.0047,0.0,0.0004,0.04,8.59,MIN_PROFIT_TP_HIT,0.0964
302,TRUMP_USDT,LONG,StochasticRSI(FAST_SCALP-LONG),2,0.2,1.75,1.752,1.752,1.742,2026-07-03 09:43:59 UTC,2026-07-03 09:45:06 UTC,66.05,0.35,0.0047,0.0,0.0004,0.04,8.57,MIN_PROFIT_TP_HIT,0.0968
303,TRUMP_USDT,SHORT,StochasticRSI(FAST_SCALP-SHORT),2,0.2,1.753,1.751,1.751,1.761,2026-07-03 09:48:59 UTC,2026-07-03 09:52:06 UTC,186.72,0.3506,0.0047,0.0,0.0004,0.04,8.56,MIN_PROFIT_TP_HIT,0.0972
304,TRUMP_USDT,LONG,StochasticRSI(FAST_SCALP-LONG),2,0.2,1.755,1.757,1.757,1.747,2026-07-03 09:56:59 UTC,2026-07-03 09:59:24 UTC,144.6,0.351,0.0047,0.0,0.0004,0.04,8.55,MIN_PROFIT_TP_HIT,0.0976
305,TRUMP_USDT,SHORT,StochasticRSI(FAST_SCALP-SHORT),2,0.2,1.759,1.757,1.757,1.767,2026-07-03 10:04:59 UTC,2026-07-03 10:08:07 UTC,187.27,0.3518,0.0047,0.0,0.0004,0.04,8.53,MIN_PROFIT_TP_HIT,0.098
306,TRUMP_USDT,LONG,StochasticRSI(FAST_SCALP-LONG),2,0.2,1.758,1.75,1.76,1.75,2026-07-03 10:13:59 UTC,2026-07-03 10:18:21 UTC,261.47,0.3516,0.0047,0.0,-0.0016,-0.15,-34.13,STOP_LOSS_HIT,0.0964
307,TRUMP_USDT,LONG,StochasticRSI(FAST_SCALP-LONG),2,0.2,1.752,1.754,1.754,1.744,2026-07-03 10:20:59 UTC,2026-07-03 10:22:07 UTC,67.68,0.3504,0.0047,0.0,0.0004,0.04,8.56,MIN_PROFIT_TP_HIT,0.0968
308,TRUMP_USDT,SHORT,StochasticRSI(FAST_SCALP-SHORT),2,0.2,1.762,1.76,1.76,1.77,2026-07-03 10:30:59 UTC,2026-07-03 10:33:07 UTC,127.13,0.3524,0.0047,0.0,0.0004,0.04,8.51,MIN_PROFIT_TP_HIT,0.0972
309,TRUMP_USDT,LONG,StochasticRSI(FAST_SCALP-LONG),2,0.2,1.76,1.762,1.762,1.752,2026-07-03 10:36:59 UTC,2026-07-03 10:37:01 UTC,1.19,0.352,0.0047,0.0,0.0004,0.04,8.52,MIN_PROFIT_TP_HIT,0.0976
310,TRUMP_USDT,LONG,StochasticRSI(FAST_SCALP-LONG),2,0.2,1.764,1.766,1.766,1.756,2026-07-03 10:44:59 UTC,2026-07-03 10:55:17 UTC,617.29,0.3528,0.0047,0.0,0.0004,0.04,8.5,MIN_PROFIT_TP_HIT,0.098
311,TRUMP_USDT,SHORT,StochasticRSI(FAST_SCALP-SHORT),2,0.2,1.765,1.763,1.763,1.773,2026-07-03 10:58:59 UTC,2026-07-03 10:59:31 UTC,31.04,0.353,0.0047,0.0,0.0004,0.04,8.5,MIN_PROFIT_TP_HIT,0.0984
312,TRUMP_USDT,LONG,StochasticRSI(FAST_SCALP-LONG),2,0.2,1.765,1.767,1.767,1.757,2026-07-03 11:04:59 UTC,2026-07-03 11:05:32 UTC,32.81,0.353,0.0047,0.0,0.0004,0.04,8.5,MIN_PROFIT_TP_HIT,0.0988
313,TRUMP_USDT,SHORT,StochasticRSI(FAST_SCALP-SHORT),2,0.2,1.762,1.76,1.76,1.77,2026-07-03 11:14:59 UTC,2026-07-03 11:19:50 UTC,290.36,0.3524,0.0047,0.0,0.0004,0.04,8.51,MIN_PROFIT_TP_HIT,0.0992
314,TRUMP_USDT,LONG,StochasticRSI(FAST_SCALP-LONG),2,0.2,1.764,1.756,1.766,1.756,2026-07-03 11:22:59 UTC,2026-07-03 11:26:45 UTC,225.53,0.3528,0.0047,0.0,-0.0016,-0.15,-34.01,STOP_LOSS_HIT,0.0976
315,TRUMP_USDT,LONG,StochasticRSI(FAST_SCALP-LONG),2,0.2,1.757,1.759,1.759,1.749,2026-07-03 11:29:59 UTC,2026-07-03 11:54:47 UTC,1487.23,0.3514,0.0047,0.0,0.0004,0.04,8.54,MIN_PROFIT_TP_HIT,0.098
316,TRUMP_USDT,SHORT,StochasticRSI(FAST_SCALP-SHORT),2,0.2,1.764,1.762,1.762,1.772,2026-07-03 12:03:59 UTC,2026-07-03 12:05:23 UTC,83.29,0.3528,0.0047,0.0,0.0004,0.04,8.5,MIN_PROFIT_TP_HIT,0.0984
317,TRUMP_USDT,LONG,StochasticRSI(FAST_SCALP-LONG),2,0.2,1.763,1.765,1.765,1.755,2026-07-03 12:09:59 UTC,2026-07-03 12:10:01 UTC,1.0,0.3526,0.0047,0.0,0.0004,0.04,8.51,MIN_PROFIT_TP_HIT,0.0988
318,TRUMP_USDT,SHORT,StochasticRSI(FAST_SCALP-SHORT),2,0.2,1.764,1.762,1.762,1.772,2026-07-03 12:15:59 UTC,2026-07-03 12:16:13 UTC,13.26,0.3528,0.0047,0.0,0.0004,0.04,8.5,MIN_PROFIT_TP_HIT,0.0992
319,TRUMP_USDT,LONG,StochasticRSI(FAST_SCALP-LONG),2,0.2,1.759,1.761,1.761,1.751,2026-07-03 12:18:59 UTC,2026-07-03 12:19:03 UTC,3.23,0.3518,0.0047,0.0,0.0004,0.04,8.53,MIN_PROFIT_TP_HIT,0.0996
320,TRUMP_USDT,LONG,StochasticRSI(FAST_SCALP-LONG),2,0.2,1.76,1.762,1.762,1.752,2026-07-03 12:22:59 UTC,2026-07-03 12:24:47 UTC,107.84,0.352,0.0047,0.0,0.0004,0.04,8.52,MIN_PROFIT_TP_HIT,0.1
321,TRUMP_USDT,SHORT,StochasticRSI(FAST_SCALP-SHORT),2,0.2,1.76,1.758,1.758,1.768,2026-07-03 12:29:59 UTC,2026-07-03 12:30:38 UTC,38.06,0.352,0.0047,0.0,0.0004,0.04,8.52,MIN_PROFIT_TP_HIT,0.1004
322,TRUMP_USDT,LONG,StochasticRSI(FAST_SCALP-LONG),2,0.2,1.755,1.757,1.757,1.747,2026-07-03 12:35:59 UTC,2026-07-03 12:42:09 UTC,369.42,0.351,0.0047,0.0,0.0004,0.04,8.55,MIN_PROFIT_TP_HIT,0.1008
323,TRUMP_USDT,SHORT,StochasticRSI(FAST_SCALP-SHORT),2,0.2,1.761,1.759,1.759,1.769,2026-07-03 12:49:59 UTC,2026-07-03 12:50:01 UTC,1.03,0.3522,0.0047,0.0,0.0004,0.04,8.52,MIN_PROFIT_TP_HIT,0.1012
324,TRUMP_USDT,SHORT,StochasticRSI(FAST_SCALP-SHORT),2,0.2,1.76,1.758,1.758,1.768,2026-07-03 12:56:59 UTC,2026-07-03 12:58:49 UTC,109.13,0.352,0.0047,0.0,0.0004,0.04,8.52,MIN_PROFIT_TP_HIT,0.1016
325,TRUMP_USDT,LONG,StochasticRSI(FAST_SCALP-LONG),2,0.2,1.76,1.762,1.762,1.752,2026-07-03 13:00:59 UTC,2026-07-03 13:02:48 UTC,108.48,0.352,0.0047,0.0,0.0004,0.04,8.52,MIN_PROFIT_TP_HIT,0.102
326,TRUMP_USDT,SHORT,StochasticRSI(FAST_SCALP-SHORT),2,0.2,1.763,1.771,1.761,1.771,2026-07-03 13:07:59 UTC,2026-07-03 13:27:13 UTC,1153.53,0.3526,0.0047,0.0,-0.0016,-0.15,-34.03,STOP_LOSS_HIT,0.1004
327,TRUMP_USDT,LONG,StochasticRSI(FAST_SCALP-LONG),2,0.2,1.764,1.766,1.766,1.756,2026-07-03 13:34:59 UTC,2026-07-03 13:41:29 UTC,389.35,0.3528,0.0047,0.0,0.0004,0.04,8.5,MIN_PROFIT_TP_HIT,0.1008
328,TRUMP_USDT,SHORT,StochasticRSI(FAST_SCALP-SHORT),2,0.2,1.763,1.761,1.761,1.771,2026-07-03 13:43:59 UTC,2026-07-03 13:49:17 UTC,317.09,0.3526,0.0047,0.0,0.0004,0.04,8.51,MIN_PROFIT_TP_HIT,0.1012
329,TRUMP_USDT,LONG,StochasticRSI(FAST_SCALP-LONG),2,0.2,1.765,1.767,1.767,1.757,2026-07-03 13:52:59 UTC,2026-07-03 13:53:18 UTC,18.65,0.353,0.0047,0.0,0.0004,0.04,8.5,MIN_PROFIT_TP_HIT,0.1016
330,TRUMP_USDT,SHORT,StochasticRSI(FAST_SCALP-SHORT),2,0.2,1.764,1.762,1.762,1.772,2026-07-03 13:56:59 UTC,2026-07-03 13:58:36 UTC,96.67,0.3528,0.0047,0.0,0.0004,0.04,8.5,MIN_PROFIT_TP_HIT,0.102
331,TRUMP_USDT,LONG,StochasticRSI(FAST_SCALP-LONG),2,0.2,1.755,1.757,1.757,1.747,2026-07-03 14:03:59 UTC,2026-07-03 14:04:05 UTC,5.87,0.351,0.0047,0.0,0.0004,0.04,8.55,MIN_PROFIT_TP_HIT,0.1024
332,TRUMP_USDT,SHORT,StochasticRSI(FAST_SCALP-SHORT),2,0.2,1.756,1.754,1.754,1.764,2026-07-03 14:12:59 UTC,2026-07-03 14:13:40 UTC,40.27,0.3512,0.0047,0.0,0.0004,0.04,8.54,MIN_PROFIT_TP_HIT,0.1028
333,TRUMP_USDT,LONG,StochasticRSI(FAST_SCALP-LONG),2,0.2,1.756,1.758,1.758,1.748,2026-07-03 14:16:59 UTC,2026-07-03 14:18:37 UTC,97.82,0.3512,0.0047,0.0,0.0004,0.04,8.54,MIN_PROFIT_TP_HIT,0.1032
334,TRUMP_USDT,SHORT,StochasticRSI(FAST_SCALP-SHORT),2,0.2,1.757,1.755,1.755,1.765,2026-07-03 14:20:59 UTC,2026-07-03 14:21:21 UTC,21.18,0.3514,0.0047,0.0,0.0004,0.04,8.54,MIN_PROFIT_TP_HIT,0.1036
335,TRUMP_USDT,SHORT,StochasticRSI(FAST_SCALP-SHORT),2,0.2,1.758,1.756,1.756,1.766,2026-07-03 14:27:59 UTC,2026-07-03 14:30:55 UTC,175.16,0.3516,0.0047,0.0,0.0004,0.04,8.53,MIN_PROFIT_TP_HIT,0.104
336,TRUMP_USDT,LONG,StochasticRSI(FAST_SCALP-LONG),2,0.2,1.759,1.761,1.761,1.751,2026-07-03 14:32:59 UTC,2026-07-03 14:41:18 UTC,498.27,0.3518,0.0047,0.0,0.0004,0.04,8.53,MIN_PROFIT_TP_HIT,0.1044
337,TRUMP_USDT,SHORT,StochasticRSI(FAST_SCALP-SHORT),2,0.2,1.764,1.762,1.762,1.772,2026-07-03 14:45:59 UTC,2026-07-03 14:46:23 UTC,23.24,0.3528,0.0047,0.0,0.0004,0.04,8.5,MIN_PROFIT_TP_HIT,0.1048
338,TRUMP_USDT,SHORT,StochasticRSI(FAST_SCALP-SHORT),2,0.2,1.765,1.773,1.763,1.773,2026-07-03 14:48:59 UTC,2026-07-03 15:02:05 UTC,785.73,0.353,0.0047,0.0,-0.0016,-0.15,-33.99,STOP_LOSS_HIT,0.1032
339,TRUMP_USDT,SHORT,StochasticRSI(FAST_SCALP-SHORT),2,0.2,1.775,1.773,1.773,1.783,2026-07-03 15:05:59 UTC,2026-07-03 15:06:11 UTC,11.3,0.355,0.0047,0.0,0.0004,0.04,8.45,MIN_PROFIT_TP_HIT,0.1036
340,TRUMP_USDT,SHORT,StochasticRSI(FAST_SCALP-SHORT),2,0.2,1.781,1.779,1.779,1.789,2026-07-03 15:10:59 UTC,2026-07-03 15:11:05 UTC,5.67,0.3562,0.0047,0.0,0.0004,0.04,8.42,MIN_PROFIT_TP_HIT,0.104
341,TRUMP_USDT,LONG,StochasticRSI(FAST_SCALP-LONG),2,0.2,1.772,1.764,1.774,1.764,2026-07-03 15:18:59 UTC,2026-07-03 15:23:47 UTC,287.96,0.3544,0.0047,0.0,-0.0016,-0.15,-33.86,STOP_LOSS_HIT,0.1024
342,TRUMP_USDT,LONG,StochasticRSI(FAST_SCALP-LONG),2,0.2,1.768,1.77,1.77,1.76,2026-07-03 15:26:59 UTC,2026-07-03 15:31:15 UTC,255.37,0.3536,0.0047,0.0,0.0004,0.04,8.48,MIN_PROFIT_TP_HIT,0.1028
343,TRUMP_USDT,SHORT,StochasticRSI(FAST_SCALP-SHORT),2,0.2,1.764,1.762,1.762,1.772,2026-07-03 15:34:59 UTC,2026-07-03 15:38:21 UTC,201.21,0.3528,0.0047,0.0,0.0004,0.04,8.5,MIN_PROFIT_TP_HIT,0.1032
344,TRUMP_USDT,LONG,StochasticRSI(FAST_SCALP-LONG),2,0.2,1.761,1.763,1.763,1.753,2026-07-03 15:44:59 UTC,2026-07-03 15:45:30 UTC,30.04,0.3522,0.0047,0.0,0.0004,0.04,8.52,MIN_PROFIT_TP_HIT,0.1036
345,TRUMP_USDT,SHORT,StochasticRSI(FAST_SCALP-SHORT),2,0.2,1.772,1.77,1.77,1.78,2026-07-03 16:03:59 UTC,2026-07-03 16:06:31 UTC,151.32,0.3544,0.0047,0.0,0.0004,0.04,8.47,MIN_PROFIT_TP_HIT,0.104
346,TRUMP_USDT,SHORT,StochasticRSI(FAST_SCALP-SHORT),2,0.2,1.769,1.767,1.767,1.777,2026-07-03 16:07:59 UTC,2026-07-03 16:11:49 UTC,229.37,0.3538,0.0047,0.0,0.0004,0.04,8.48,MIN_PROFIT_TP_HIT,0.1044
347,TRUMP_USDT,LONG,StochasticRSI(FAST_SCALP-LONG),2,0.2,1.775,1.777,1.777,1.767,2026-07-03 16:17:59 UTC,2026-07-03 16:18:52 UTC,52.82,0.355,0.0047,0.0,0.0004,0.04,8.45,MIN_PROFIT_TP_HIT,0.1048
348,TRUMP_USDT,SHORT,StochasticRSI(FAST_SCALP-SHORT),2,0.2,1.781,1.779,1.779,1.789,2026-07-03 16:26:59 UTC,2026-07-03 16:32:04 UTC,304.35,0.3562,0.0047,0.0,0.0004,0.04,8.42,MIN_PROFIT_TP_HIT,0.1052
349,TRUMP_USDT,LONG,StochasticRSI(FAST_SCALP-LONG),2,0.2,1.777,1.779,1.779,1.769,2026-07-03 16:35:59 UTC,2026-07-03 16:36:28 UTC,28.23,0.3554,0.0047,0.0,0.0004,0.04,8.44,MIN_PROFIT_TP_HIT,0.1056
350,TRUMP_USDT,LONG,StochasticRSI(FAST_SCALP-LONG),2,0.2,1.775,1.777,1.777,1.767,2026-07-03 16:45:59 UTC,2026-07-03 16:54:45 UTC,525.04,0.355,0.0047,0.0,0.0004,0.04,8.45,MIN_PROFIT_TP_HIT,0.106
351,TRUMP_USDT,SHORT,StochasticRSI(FAST_SCALP-SHORT),2,0.2,1.779,1.777,1.777,1.787,2026-07-03 16:56:59 UTC,2026-07-03 16:57:11 UTC,11.59,0.3558,0.0047,0.0,0.0004,0.04,8.43,MIN_PROFIT_TP_HIT,0.1064
352,TRUMP_USDT,SHORT,StochasticRSI(FAST_SCALP-SHORT),2,0.2,1.777,1.775,1.775,1.785,2026-07-03 16:58:59 UTC,2026-07-03 16:59:22 UTC,22.36,0.3554,0.0047,0.0,0.0004,0.04,8.44,MIN_PROFIT_TP_HIT,0.1068
353,TRUMP_USDT,LONG,StochasticRSI(FAST_SCALP-LONG),2,0.2,1.779,1.781,1.781,1.771,2026-07-03 17:03:59 UTC,2026-07-03 17:04:04 UTC,4.88,0.3558,0.0047,0.0,0.0004,0.04,8.43,MIN_PROFIT_TP_HIT,0.1072
354,TRUMP_USDT,SHORT,StochasticRSI(FAST_SCALP-SHORT),2,0.2,1.79,1.788,1.788,1.798,2026-07-03 17:09:59 UTC,2026-07-03 17:10:08 UTC,8.74,0.358,0.0048,0.0,0.0004,0.04,8.38,MIN_PROFIT_TP_HIT,0.1076
355,TRUMP_USDT,LONG,StochasticRSI(FAST_SCALP-LONG),2,0.2,1.79,1.792,1.792,1.782,2026-07-03 17:16:59 UTC,2026-07-03 17:22:18 UTC,318.53,0.358,0.0048,0.0,0.0004,0.04,8.38,MIN_PROFIT_TP_HIT,0.108
356,TRUMP_USDT,SHORT,StochasticRSI(FAST_SCALP-SHORT),2,0.2,1.799,1.797,1.797,1.807,2026-07-03 17:29:59 UTC,2026-07-03 17:30:03 UTC,3.89,0.3598,0.0048,0.0,0.0004,0.04,8.34,MIN_PROFIT_TP_HIT,0.1084
357,TRUMP_USDT,LONG,StochasticRSI(FAST_SCALP-LONG),2,0.2,1.796,1.798,1.798,1.788,2026-07-03 17:35:59 UTC,2026-07-03 17:41:54 UTC,354.52,0.3592,0.0048,0.0,0.0004,0.04,8.35,MIN_PROFIT_TP_HIT,0.1088
358,TRUMP_USDT,SHORT,StochasticRSI(FAST_SCALP-SHORT),2,0.2,1.792,1.79,1.79,1.8,2026-07-03 17:48:59 UTC,2026-07-03 17:54:08 UTC,308.5,0.3584,0.0048,0.0,0.0004,0.04,8.37,MIN_PROFIT_TP_HIT,0.1092
359,TRUMP_USDT,LONG,StochasticRSI(FAST_SCALP-LONG),2,0.2,1.792,1.784,1.794,1.784,2026-07-03 17:57:59 UTC,2026-07-03 18:03:34 UTC,334.66,0.3584,0.0048,0.0,-0.0016,-0.15,-33.48,STOP_LOSS_HIT,0.1076
360,TRUMP_USDT,LONG,StochasticRSI(FAST_SCALP-LONG),2,0.2,1.783,1.785,1.785,1.775,2026-07-03 18:11:59 UTC,2026-07-03 18:12:38 UTC,38.2,0.3566,0.0048,0.0,0.0004,0.04,8.41,MIN_PROFIT_TP_HIT,0.108
361,TRUMP_USDT,SHORT,StochasticRSI(FAST_SCALP-SHORT),2,0.2,1.784,1.792,1.782,1.792,2026-07-03 18:17:59 UTC,2026-07-03 18:35:52 UTC,1072.46,0.3568,0.0048,0.0,-0.0016,-0.15,-33.63,STOP_LOSS_HIT,0.1064
362,TRUMP_USDT,SHORT,StochasticRSI(FAST_SCALP-SHORT),2,0.2,1.791,1.789,1.789,1.799,2026-07-03 18:40:59 UTC,2026-07-03 18:41:05 UTC,5.19,0.3582,0.0048,0.0,0.0004,0.04,8.38,MIN_PROFIT_TP_HIT,0.1068
363,TRUMP_USDT,LONG,StochasticRSI(FAST_SCALP-LONG),2,0.2,1.785,1.787,1.787,1.777,2026-07-03 18:47:59 UTC,2026-07-03 18:51:19 UTC,199.0,0.357,0.0048,0.0,0.0004,0.04,8.4,MIN_PROFIT_TP_HIT,0.1072
364,TRUMP_USDT,SHORT,StochasticRSI(FAST_SCALP-SHORT),2,0.2,1.79,1.788,1.788,1.798,2026-07-03 18:56:59 UTC,2026-07-03 18:57:15 UTC,15.61,0.358,0.0048,0.0,0.0004,0.04,8.38,MIN_PROFIT_TP_HIT,0.1076
365,TRUMP_USDT,SHORT,StochasticRSI(FAST_SCALP-SHORT),2,0.2,1.789,1.787,1.787,1.797,2026-07-03 18:58:59 UTC,2026-07-03 18:59:53 UTC,53.6,0.3578,0.0048,0.0,0.0004,0.04,8.38,MIN_PROFIT_TP_HIT,0.108
366,TRUMP_USDT,LONG,StochasticRSI(FAST_SCALP-LONG),2,0.2,1.788,1.79,1.79,1.78,2026-07-03 19:04:59 UTC,2026-07-03 19:15:45 UTC,645.87,0.3576,0.0048,0.0,0.0004,0.04,8.39,MIN_PROFIT_TP_HIT,0.1084
367,TRUMP_USDT,SHORT,StochasticRSI(FAST_SCALP-SHORT),2,0.2,1.797,1.805,1.795,1.805,2026-07-03 19:20:59 UTC,2026-07-03 19:27:02 UTC,362.88,0.3594,0.0048,0.0,-0.0016,-0.15,-33.39,STOP_LOSS_HIT,0.1068
368,TRUMP_USDT,SHORT,StochasticRSI(FAST_SCALP-SHORT),2,0.2,1.807,1.805,1.805,1.815,2026-07-03 19:29:59 UTC,2026-07-03 19:31:36 UTC,96.49,0.3614,0.0048,0.0,0.0004,0.04,8.3,MIN_PROFIT_TP_HIT,0.1072
369,TRUMP_USDT,LONG,StochasticRSI(FAST_SCALP-LONG),2,0.2,1.801,1.803,1.803,1.793,2026-07-03 19:39:59 UTC,2026-07-03 19:40:21 UTC,21.33,0.3602,0.0048,0.0,0.0004,0.04,8.33,MIN_PROFIT_TP_HIT,0.1076
370,TRUMP_USDT,LONG,StochasticRSI(FAST_SCALP-LONG),2,0.2,1.794,1.796,1.796,1.786,2026-07-03 19:49:59 UTC,2026-07-03 19:57:19 UTC,439.11,0.3588,0.0048,0.0,0.0004,0.04,8.36,MIN_PROFIT_TP_HIT,0.108
371,TRUMP_USDT,SHORT,StochasticRSI(FAST_SCALP-SHORT),2,0.2,1.792,1.79,1.79,1.8,2026-07-03 20:01:59 UTC,2026-07-03 20:05:10 UTC,190.75,0.3584,0.0048,0.0,0.0004,0.04,8.37,MIN_PROFIT_TP_HIT,0.1084
372,TRUMP_USDT,LONG,StochasticRSI(FAST_SCALP-LONG),2,0.2,1.793,1.795,1.795,1.785,2026-07-03 20:08:59 UTC,2026-07-03 20:14:37 UTC,337.0,0.3586,0.0048,0.0,0.0004,0.04,8.37,MIN_PROFIT_TP_HIT,0.1088
373,TRUMP_USDT,SHORT,StochasticRSI(FAST_SCALP-SHORT),2,0.2,1.796,1.794,1.794,1.804,2026-07-03 20:18:59 UTC,2026-07-03 20:21:19 UTC,139.62,0.3592,0.0048,0.0,0.0004,0.04,8.35,MIN_PROFIT_TP_HIT,0.1092
374,TRUMP_USDT,SHORT,StochasticRSI(FAST_SCALP-SHORT),2,0.2,1.795,1.793,1.793,1.803,2026-07-03 20:22:59 UTC,2026-07-03 20:23:15 UTC,15.92,0.359,0.0048,0.0,0.0004,0.04,8.36,MIN_PROFIT_TP_HIT,0.1096
375,TRUMP_USDT,LONG,StochasticRSI(FAST_SCALP-LONG),2,0.2,1.808,1.8,1.81,1.8,2026-07-03 20:36:59 UTC,2026-07-03 20:40:44 UTC,224.28,0.3616,0.0048,0.0,-0.0016,-0.15,-33.19,STOP_LOSS_HIT,0.108
376,TRUMP_USDT,LONG,StochasticRSI(FAST_SCALP-LONG),2,0.2,1.802,1.804,1.804,1.794,2026-07-03 20:46:59 UTC,2026-07-03 20:48:03 UTC,63.31,0.3604,0.0048,0.0,0.0004,0.04,8.32,MIN_PROFIT_TP_HIT,0.1084
377,TRUMP_USDT,SHORT,StochasticRSI(FAST_SCALP-SHORT),2,0.2,1.799,1.797,1.797,1.807,2026-07-03 20:50:59 UTC,2026-07-03 20:54:47 UTC,227.34,0.3598,0.0048,0.0,0.0004,0.04,8.34,MIN_PROFIT_TP_HIT,0.1088
378,TRUMP_USDT,LONG,StochasticRSI(FAST_SCALP-LONG),2,0.2,1.795,1.797,1.797,1.787,2026-07-03 20:58:59 UTC,2026-07-03 20:59:38 UTC,38.96,0.359,0.0048,0.0,0.0004,0.04,8.36,MIN_PROFIT_TP_HIT,0.1092
379,TRUMP_USDT,SHORT,StochasticRSI(FAST_SCALP-SHORT),2,0.2,1.799,1.797,1.797,1.807,2026-07-03 21:08:59 UTC,2026-07-03 21:09:07 UTC,7.33,0.3598,0.0048,0.0,0.0004,0.04,8.34,MIN_PROFIT_TP_HIT,0.1096
380,TRUMP_USDT,LONG,StochasticRSI(FAST_SCALP-LONG),2,0.2,1.795,1.797,1.797,1.787,2026-07-03 21:21:59 UTC,2026-07-03 21:22:28 UTC,28.32,0.359,0.0048,0.0,0.0004,0.04,8.36,MIN_PROFIT_TP_HIT,0.11
381,TRUMP_USDT,SHORT,StochasticRSI(FAST_SCALP-SHORT),2,0.2,1.797,1.795,1.795,1.805,2026-07-03 21:26:59 UTC,2026-07-03 21:27:15 UTC,15.2,0.3594,0.0048,0.0,0.0004,0.04,8.35,MIN_PROFIT_TP_HIT,0.1104
382,TRUMP_USDT,SHORT,StochasticRSI(FAST_SCALP-SHORT),2,0.2,1.793,1.791,1.791,1.801,2026-07-03 21:31:59 UTC,2026-07-03 21:33:58 UTC,118.08,0.3586,0.0048,0.0,0.0004,0.04,8.37,MIN_PROFIT_TP_HIT,0.1108
383,TRUMP_USDT,LONG,StochasticRSI(FAST_SCALP-LONG),2,0.2,1.785,1.787,1.787,1.777,2026-07-03 21:40:59 UTC,2026-07-03 21:47:08 UTC,368.85,0.357,0.0048,0.0,0.0004,0.04,8.4,MIN_PROFIT_TP_HIT,0.1112
384,TRUMP_USDT,SHORT,StochasticRSI(FAST_SCALP-SHORT),2,0.2,1.791,1.789,1.789,1.799,2026-07-03 21:56:59 UTC,2026-07-03 22:00:00 UTC,180.42,0.3582,0.0048,0.0,0.0004,0.04,8.38,MIN_PROFIT_TP_HIT,0.1116
385,TRUMP_USDT,LONG,StochasticRSI(FAST_SCALP-LONG),2,0.2,1.793,1.795,1.795,1.785,2026-07-03 22:01:59 UTC,2026-07-03 22:02:52 UTC,52.92,0.3586,0.0048,0.0,0.0004,0.04,8.37,MIN_PROFIT_TP_HIT,0.112
386,TRUMP_USDT,LONG,StochasticRSI(FAST_SCALP-LONG),2,0.2,1.785,1.787,1.787,1.777,2026-07-03 22:09:59 UTC,2026-07-03 22:17:45 UTC,465.08,0.357,0.0048,0.0,0.0004,0.04,8.4,MIN_PROFIT_TP_HIT,0.1124
387,TRUMP_USDT,SHORT,StochasticRSI(FAST_SCALP-SHORT),2,0.2,1.786,1.784,1.784,1.794,2026-07-03 22:20:59 UTC,2026-07-03 22:22:07 UTC,67.13,0.3572,0.0048,0.0,0.0004,0.04,8.4,MIN_PROFIT_TP_HIT,0.1128
388,TRUMP_USDT,LONG,StochasticRSI(FAST_SCALP-LONG),2,0.2,1.775,1.777,1.777,1.767,2026-07-03 22:43:59 UTC,2026-07-03 22:46:39 UTC,159.33,0.355,0.0047,0.0,0.0004,0.04,8.45,MIN_PROFIT_TP_HIT,0.1132
389,TRUMP_USDT,SHORT,StochasticRSI(FAST_SCALP-SHORT),2,0.2,1.773,1.771,1.771,1.781,2026-07-03 22:55:59 UTC,2026-07-03 23:02:09 UTC,369.67,0.3546,0.0047,0.0,0.0004,0.04,8.46,MIN_PROFIT_TP_HIT,0.1136
390,TRUMP_USDT,LONG,StochasticRSI(FAST_SCALP-LONG),2,0.2,1.773,1.765,1.775,1.765,2026-07-03 23:22:59 UTC,2026-07-03 23:26:42 UTC,222.55,0.3546,0.0047,0.0,-0.0016,-0.15,-33.84,STOP_LOSS_HIT,0.112
391,TRUMP_USDT,LONG,StochasticRSI(FAST_SCALP-LONG),2,0.2,1.768,1.77,1.77,1.76,2026-07-03 23:28:59 UTC,2026-07-03 23:31:20 UTC,140.18,0.3536,0.0047,0.0,0.0004,0.04,8.48,MIN_PROFIT_TP_HIT,0.1124
392,TRUMP_USDT,SHORT,StochasticRSI(FAST_SCALP-SHORT),2,0.2,1.771,1.779,1.769,1.779,2026-07-03 23:34:59 UTC,2026-07-03 23:44:29 UTC,569.34,0.3542,0.0047,0.0,-0.0016,-0.15,-33.88,STOP_LOSS_HIT,0.1108
393,TRUMP_USDT,LONG,StochasticRSI(FAST_SCALP-LONG),2,0.2,1.787,1.789,1.789,1.779,2026-07-03 23:58:59 UTC,2026-07-03 23:59:09 UTC,9.06,0.3574,0.0048,0.0,0.0004,0.04,8.39,MIN_PROFIT_TP_HIT,0.1112
394,TRUMP_USDT,SHORT,StochasticRSI(FAST_SCALP-SHORT),2,0.2,1.799,1.797,1.797,1.807,2026-07-04 00:06:59 UTC,2026-07-04 00:07:00 UTC,0.64,0.3598,0.0048,0.0,0.0004,0.04,8.34,MIN_PROFIT_TP_HIT,0.1116
395,TRUMP_USDT,LONG,StochasticRSI(FAST_SCALP-LONG),2,0.2,1.792,1.794,1.794,1.784,2026-07-04 00:12:59 UTC,2026-07-04 00:13:28 UTC,28.16,0.3584,0.0048,0.0,0.0004,0.04,8.37,MIN_PROFIT_TP_HIT,0.112
396,TRUMP_USDT,LONG,StochasticRSI(FAST_SCALP-LONG),2,0.2,1.785,1.787,1.787,1.777,2026-07-04 00:23:59 UTC,2026-07-04 00:24:13 UTC,13.27,0.357,0.0048,0.0,0.0004,0.04,8.4,MIN_PROFIT_TP_HIT,0.1124
397,TRUMP_USDT,LONG,StochasticRSI(FAST_SCALP-LONG),2,0.2,1.784,1.786,1.786,1.776,2026-07-04 00:26:59 UTC,2026-07-04 00:28:28 UTC,88.3,0.3568,0.0048,0.0,0.0004,0.04,8.41,MIN_PROFIT_TP_HIT,0.1128
398,TRUMP_USDT,SHORT,StochasticRSI(FAST_SCALP-SHORT),2,0.2,1.787,1.785,1.785,1.795,2026-07-04 00:32:59 UTC,2026-07-04 00:34:08 UTC,68.2,0.3574,0.0048,0.0,0.0004,0.04,8.39,MIN_PROFIT_TP_HIT,0.1132
399,TRUMP_USDT,SHORT,StochasticRSI(FAST_SCALP-SHORT),2,0.2,1.784,1.782,1.782,1.792,2026-07-04 00:36:59 UTC,2026-07-04 00:38:19 UTC,79.21,0.3568,0.0048,0.0,0.0004,0.04,8.41,MIN_PROFIT_TP_HIT,0.1136
400,TRUMP_USDT,SHORT,StochasticRSI(FAST_SCALP-SHORT),2,0.2,1.786,1.784,1.784,1.794,2026-07-04 00:45:59 UTC,2026-07-04 00:46:21 UTC,21.7,0.3572,0.0048,0.0,0.0004,0.04,8.4,MIN_PROFIT_TP_HIT,0.114
401,TRUMP_USDT,SHORT,StochasticRSI(FAST_SCALP-SHORT),2,0.2,1.78,1.778,1.778,1.788,2026-07-04 01:01:59 UTC,2026-07-04 01:02:00 UTC,0.89,0.356,0.0047,0.0,0.0004,0.04,8.43,MIN_PROFIT_TP_HIT,0.1144
402,TRUMP_USDT,LONG,StochasticRSI(FAST_SCALP-LONG),2,0.2,1.778,1.78,1.78,1.77,2026-07-04 01:04:59 UTC,2026-07-04 01:06:04 UTC,64.17,0.3556,0.0047,0.0,0.0004,0.04,8.44,MIN_PROFIT_TP_HIT,0.1148
403,TRUMP_USDT,SHORT,StochasticRSI(FAST_SCALP-SHORT),2,0.2,1.785,1.783,1.783,1.793,2026-07-04 01:20:59 UTC,2026-07-04 01:21:50 UTC,50.21,0.357,0.0048,0.0,0.0004,0.04,8.4,MIN_PROFIT_TP_HIT,0.1152
404,TRUMP_USDT,LONG,StochasticRSI(FAST_SCALP-LONG),2,0.2,1.775,1.767,1.777,1.767,2026-07-04 01:29:59 UTC,2026-07-04 01:40:55 UTC,655.49,0.355,0.0047,0.0,-0.0016,-0.15,-33.8,STOP_LOSS_HIT,0.1136
405,TRUMP_USDT,LONG,StochasticRSI(FAST_SCALP-LONG),2,0.2,1.77,1.762,1.772,1.762,2026-07-04 01:42:59 UTC,2026-07-04 01:45:13 UTC,133.68,0.354,0.0047,0.0,-0.0016,-0.15,-33.9,STOP_LOSS_HIT,0.112
406,TRUMP_USDT,LONG,StochasticRSI(FAST_SCALP-LONG),2,0.2,1.762,1.764,1.764,1.754,2026-07-04 01:49:59 UTC,2026-07-04 01:50:06 UTC,6.09,0.3524,0.0047,0.0,0.0004,0.04,8.51,MIN_PROFIT_TP_HIT,0.1124
407,TRUMP_USDT,SHORT,StochasticRSI(FAST_SCALP-SHORT),2,0.2,1.763,1.761,1.761,1.771,2026-07-04 01:53:59 UTC,2026-07-04 01:56:12 UTC,132.66,0.3526,0.0047,0.0,0.0004,0.04,8.51,MIN_PROFIT_TP_HIT,0.1128
408,TRUMP_USDT,SHORT,StochasticRSI(FAST_SCALP-SHORT),2,0.2,1.767,1.765,1.765,1.775,2026-07-04 02:01:59 UTC,2026-07-04 02:02:06 UTC,6.62,0.3534,0.0047,0.0,0.0004,0.04,8.49,MIN_PROFIT_TP_HIT,0.1132
409,TRUMP_USDT,SHORT,StochasticRSI(FAST_SCALP-SHORT),2,0.2,1.769,1.767,1.767,1.777,2026-07-04 02:06:59 UTC,2026-07-04 02:07:15 UTC,15.48,0.3538,0.0047,0.0,0.0004,0.04,8.48,MIN_PROFIT_TP_HIT,0.1136
410,TRUMP_USDT,SHORT,StochasticRSI(FAST_SCALP-SHORT),2,0.2,1.768,1.776,1.766,1.776,2026-07-04 02:08:59 UTC,2026-07-04 02:10:57 UTC,117.07,0.3536,0.0047,0.0,-0.0016,-0.15,-33.94,STOP_LOSS_HIT,0.112
411,TRUMP_USDT,SHORT,StochasticRSI(FAST_SCALP-SHORT),2,0.2,1.775,1.773,1.773,1.783,2026-07-04 02:14:59 UTC,2026-07-04 02:16:41 UTC,101.53,0.355,0.0047,0.0,0.0004,0.04,8.45,MIN_PROFIT_TP_HIT,0.1124
412,TRUMP_USDT,LONG,StochasticRSI(FAST_SCALP-LONG),2,0.2,1.775,1.777,1.777,1.767,2026-07-04 02:25:59 UTC,2026-07-04 02:28:15 UTC,135.48,0.355,0.0047,0.0,0.0004,0.04,8.45,MIN_PROFIT_TP_HIT,0.1128
413,TRUMP_USDT,SHORT,StochasticRSI(FAST_SCALP-SHORT),2,0.2,1.776,1.774,1.774,1.784,2026-07-04 02:31:59 UTC,2026-07-04 02:32:32 UTC,32.88,0.3552,0.0047,0.0,0.0004,0.04,8.45,MIN_PROFIT_TP_HIT,0.1132
414,TRUMP_USDT,LONG,StochasticRSI(FAST_SCALP-LONG),2,0.2,1.778,1.78,1.78,1.77,2026-07-04 02:36:59 UTC,2026-07-04 02:38:46 UTC,106.95,0.3556,0.0047,0.0,0.0004,0.04,8.44,MIN_PROFIT_TP_HIT,0.1136
415,TRUMP_USDT,LONG,StochasticRSI(FAST_SCALP-LONG),2,0.2,1.777,1.779,1.779,1.769,2026-07-04 02:50:59 UTC,2026-07-04 02:51:23 UTC,23.14,0.3554,0.0047,0.0,0.0004,0.04,8.44,MIN_PROFIT_TP_HIT,0.114
416,TRUMP_USDT,LONG,StochasticRSI(FAST_SCALP-LONG),2,0.2,1.78,1.782,1.782,1.772,2026-07-04 02:59:59 UTC,2026-07-04 03:00:09 UTC,9.33,0.356,0.0047,0.0,0.0004,0.04,8.43,MIN_PROFIT_TP_HIT,0.1144
417,TRUMP_USDT,SHORT,StochasticRSI(FAST_SCALP-SHORT),2,0.2,1.778,1.776,1.776,1.786,2026-07-04 03:03:59 UTC,2026-07-04 03:05:01 UTC,61.32,0.3556,0.0047,0.0,0.0004,0.04,8.44,MIN_PROFIT_TP_HIT,0.1148
418,TRUMP_USDT,LONG,StochasticRSI(FAST_SCALP-LONG),2,0.2,1.779,1.781,1.781,1.771,2026-07-04 03:10:59 UTC,2026-07-04 03:11:36 UTC,36.4,0.3558,0.0047,0.0,0.0004,0.04,8.43,MIN_PROFIT_TP_HIT,0.1152
419,TRUMP_USDT,SHORT,StochasticRSI(FAST_SCALP-SHORT),2,0.2,1.784,1.782,1.782,1.792,2026-07-04 03:18:59 UTC,2026-07-04 03:19:17 UTC,17.77,0.3568,0.0048,0.0,0.0004,0.04,8.41,MIN_PROFIT_TP_HIT,0.1156
420,TRUMP_USDT,LONG,StochasticRSI(FAST_SCALP-LONG),2,0.2,1.781,1.783,1.783,1.773,2026-07-04 03:23:59 UTC,2026-07-04 03:25:48 UTC,108.02,0.3562,0.0047,0.0,0.0004,0.04,8.42,MIN_PROFIT_TP_HIT,0.116
421,TRUMP_USDT,LONG,StochasticRSI(FAST_SCALP-LONG),2,0.2,1.786,1.788,1.788,1.778,2026-07-04 03:26:59 UTC,2026-07-04 03:32:25 UTC,325.73,0.3572,0.0048,0.0,0.0004,0.04,8.4,MIN_PROFIT_TP_HIT,0.1164
422,TRUMP_USDT,SHORT,StochasticRSI(FAST_SCALP-SHORT),2,0.2,1.788,1.786,1.786,1.796,2026-07-04 03:36:59 UTC,2026-07-04 03:38:04 UTC,64.23,0.3576,0.0048,0.0,0.0004,0.04,8.39,MIN_PROFIT_TP_HIT,0.1168
423,TRUMP_USDT,SHORT,StochasticRSI(FAST_SCALP-SHORT),2,0.2,1.793,1.791,1.791,1.801,2026-07-04 03:41:59 UTC,2026-07-04 03:43:04 UTC,64.68,0.3586,0.0048,0.0,0.0004,0.04,8.37,MIN_PROFIT_TP_HIT,0.1172
424,TRUMP_USDT,LONG,StochasticRSI(FAST_SCALP-LONG),2,0.2,1.786,1.788,1.788,1.778,2026-07-04 03:50:59 UTC,2026-07-04 03:52:59 UTC,119.44,0.3572,0.0048,0.0,0.0004,0.04,8.4,MIN_PROFIT_TP_HIT,0.1176
425,TRUMP_USDT,LONG,StochasticRSI(FAST_SCALP-LONG),2,0.2,1.785,1.787,1.787,1.777,2026-07-04 03:53:59 UTC,2026-07-04 03:59:00 UTC,301.0,0.357,0.0048,0.0,0.0004,0.04,8.4,MIN_PROFIT_TP_HIT,0.118
426,TRUMP_USDT,SHORT,StochasticRSI(FAST_SCALP-SHORT),2,0.2,1.786,1.784,1.784,1.794,2026-07-04 04:03:59 UTC,2026-07-04 04:04:59 UTC,59.86,0.3572,0.0048,0.0,0.0004,0.04,8.4,MIN_PROFIT_TP_HIT,0.1184
427,TRUMP_USDT,SHORT,StochasticRSI(FAST_SCALP-SHORT),2,0.2,1.788,1.786,1.786,1.796,2026-07-04 04:09:59 UTC,2026-07-04 04:11:16 UTC,76.56,0.3576,0.0048,0.0,0.0004,0.04,8.39,MIN_PROFIT_TP_HIT,0.1188
428,TRUMP_USDT,LONG,StochasticRSI(FAST_SCALP-LONG),2,0.2,1.784,1.786,1.786,1.776,2026-07-04 04:22:59 UTC,2026-07-04 04:23:40 UTC,40.9,0.3568,0.0048,0.0,0.0004,0.04,8.41,MIN_PROFIT_TP_HIT,0.1192
429,TRUMP_USDT,SHORT,StochasticRSI(FAST_SCALP-SHORT),2,0.2,1.786,1.794,1.784,1.794,2026-07-04 04:30:59 UTC,2026-07-04 04:33:37 UTC,157.37,0.3572,0.0048,0.0,-0.0016,-0.15,-33.59,STOP_LOSS_HIT,0.1176
430,TRUMP_USDT,SHORT,StochasticRSI(FAST_SCALP-SHORT),2,0.2,1.789,1.797,1.787,1.797,2026-07-04 04:35:59 UTC,2026-07-04 04:40:38 UTC,278.65,0.3578,0.0048,0.0,-0.0016,-0.15,-33.54,STOP_LOSS_HIT,0.116
431,TRUMP_USDT,SHORT,StochasticRSI(FAST_SCALP-SHORT),2,0.2,1.795,1.793,1.793,1.803,2026-07-04 04:43:59 UTC,2026-07-04 04:59:58 UTC,958.38,0.359,0.0048,0.0,0.0004,0.04,8.36,MIN_PROFIT_TP_HIT,0.1164
432,TRUMP_USDT,LONG,StochasticRSI(FAST_SCALP-LONG),2,0.2,1.782,1.784,1.784,1.774,2026-07-04 05:05:59 UTC,2026-07-04 05:06:07 UTC,7.15,0.3564,0.0048,0.0,0.0004,0.04,8.42,MIN_PROFIT_TP_HIT,0.1168
433,TRUMP_USDT,SHORT,StochasticRSI(FAST_SCALP-SHORT),2,0.2,1.786,1.784,1.784,1.794,2026-07-04 05:18:59 UTC,2026-07-04 05:19:25 UTC,25.95,0.3572,0.0048,0.0,0.0004,0.04,8.4,MIN_PROFIT_TP_HIT,0.1172
434,TRUMP_USDT,LONG,StochasticRSI(FAST_SCALP-LONG),2,0.2,1.783,1.785,1.785,1.775,2026-07-04 05:24:59 UTC,2026-07-04 05:27:59 UTC,179.69,0.3566,0.0048,0.0,0.0004,0.04,8.41,MIN_PROFIT_TP_HIT,0.1176
435,TRUMP_USDT,LONG,StochasticRSI(FAST_SCALP-LONG),2,0.2,1.782,1.784,1.784,1.774,2026-07-04 05:28:59 UTC,2026-07-04 05:29:33 UTC,33.44,0.3564,0.0048,0.0,0.0004,0.04,8.42,MIN_PROFIT_TP_HIT,0.118
436,TRUMP_USDT,SHORT,StochasticRSI(FAST_SCALP-SHORT),2,0.2,1.784,1.782,1.782,1.792,2026-07-04 05:34:59 UTC,2026-07-04 05:55:52 UTC,1252.9,0.3568,0.0048,0.0,0.0004,0.04,8.41,MIN_PROFIT_TP_HIT,0.1184
437,TRUMP_USDT,LONG,StochasticRSI(FAST_SCALP-LONG),2,0.2,1.785,1.787,1.787,1.777,2026-07-04 05:58:59 UTC,2026-07-04 06:00:08 UTC,68.48,0.357,0.0048,0.0,0.0004,0.04,8.4,MIN_PROFIT_TP_HIT,0.1188
438,TRUMP_USDT,SHORT,StochasticRSI(FAST_SCALP-SHORT),2,0.2,1.788,1.786,1.786,1.796,2026-07-04 06:04:59 UTC,2026-07-04 06:05:54 UTC,54.24,0.3576,0.0048,0.0,0.0004,0.04,8.39,MIN_PROFIT_TP_HIT,0.1192
439,TRUMP_USDT,SHORT,StochasticRSI(FAST_SCALP-SHORT),2,0.2,1.787,1.785,1.785,1.795,2026-07-04 06:06:59 UTC,2026-07-04 06:08:18 UTC,78.01,0.3574,0.0048,0.0,0.0004,0.04,8.39,MIN_PROFIT_TP_HIT,0.1196
440,TRUMP_USDT,LONG,StochasticRSI(FAST_SCALP-LONG),2,0.2,1.783,1.785,1.785,1.775,2026-07-04 06:15:59 UTC,2026-07-04 06:17:24 UTC,84.56,0.3566,0.0048,0.0,0.0004,0.04,8.41,MIN_PROFIT_TP_HIT,0.12
441,TRUMP_USDT,SHORT,StochasticRSI(FAST_SCALP-SHORT),2,0.2,1.782,1.78,1.78,1.79,2026-07-04 06:21:59 UTC,2026-07-04 06:22:20 UTC,20.75,0.3564,0.0048,0.0,0.0004,0.04,8.42,MIN_PROFIT_TP_HIT,0.1204
442,TRUMP_USDT,LONG,StochasticRSI(FAST_SCALP-LONG),2,0.2,1.773,1.775,1.775,1.765,2026-07-04 06:29:59 UTC,2026-07-04 06:30:55 UTC,55.82,0.3546,0.0047,0.0,0.0004,0.04,8.46,MIN_PROFIT_TP_HIT,0.1208
443,TRUMP_USDT,SHORT,StochasticRSI(FAST_SCALP-SHORT),2,0.2,1.771,1.769,1.769,1.779,2026-07-04 06:34:59 UTC,2026-07-04 07:26:34 UTC,3094.29,0.3542,0.0047,0.0,0.0004,0.04,8.47,MIN_PROFIT_TP_HIT,0.1212
444,TRUMP_USDT,LONG,StochasticRSI(FAST_SCALP-LONG),2,0.2,1.772,1.774,1.774,1.764,2026-07-04 07:30:59 UTC,2026-07-04 07:49:47 UTC,1127.53,0.3544,0.0047,0.0,0.0004,0.04,8.47,MIN_PROFIT_TP_HIT,0.1216
445,TRUMP_USDT,SHORT,StochasticRSI(FAST_SCALP-SHORT),2,0.2,1.775,1.773,1.773,1.783,2026-07-04 07:51:59 UTC,2026-07-04 07:52:22 UTC,22.69,0.355,0.0047,0.0,0.0004,0.04,8.45,MIN_PROFIT_TP_HIT,0.122
446,TRUMP_USDT,SHORT,StochasticRSI(FAST_SCALP-SHORT),2,0.2,1.774,1.772,1.772,1.782,2026-07-04 07:53:59 UTC,2026-07-04 08:02:24 UTC,504.13,0.3548,0.0047,0.0,0.0004,0.04,8.46,MIN_PROFIT_TP_HIT,0.1224
447,TRUMP_USDT,LONG,StochasticRSI(FAST_SCALP-LONG),2,0.2,1.772,1.774,1.774,1.764,2026-07-04 08:15:59 UTC,2026-07-04 08:19:16 UTC,196.73,0.3544,0.0047,0.0,0.0004,0.04,8.47,MIN_PROFIT_TP_HIT,0.1228
448,TRUMP_USDT,SHORT,StochasticRSI(FAST_SCALP-SHORT),2,0.2,1.775,1.773,1.773,1.783,2026-07-04 08:27:59 UTC,2026-07-04 08:39:04 UTC,664.08,0.355,0.0047,0.0,0.0004,0.04,8.45,MIN_PROFIT_TP_HIT,0.1232
449,TRUMP_USDT,LONG,StochasticRSI(FAST_SCALP-LONG),2,0.2,1.776,1.768,1.778,1.768,2026-07-04 08:41:59 UTC,2026-07-04 09:05:16 UTC,1396.11,0.3552,0.0047,0.0,-0.0016,-0.15,-33.78,STOP_LOSS_HIT,0.1216
450,TRUMP_USDT,SHORT,StochasticRSI(FAST_SCALP-SHORT),2,0.2,1.771,1.769,1.769,1.779,2026-07-04 09:07:59 UTC,2026-07-04 09:08:24 UTC,24.85,0.3542,0.0047,0.0,0.0004,0.04,8.47,MIN_PROFIT_TP_HIT,0.122
451,TRUMP_USDT,SHORT,StochasticRSI(FAST_SCALP-SHORT),2,0.2,1.778,1.776,1.776,1.786,2026-07-04 09:18:59 UTC,2026-07-04 09:19:44 UTC,44.17,0.3556,0.0047,0.0,0.0004,0.04,8.44,MIN_PROFIT_TP_HIT,0.1224
452,TRUMP_USDT,LONG,StochasticRSI(FAST_SCALP-LONG),2,0.2,1.769,1.761,1.771,1.761,2026-07-04 09:30:59 UTC,2026-07-04 09:37:03 UTC,363.58,0.3538,0.0047,0.0,-0.0016,-0.15,-33.92,STOP_LOSS_HIT,0.1208
453,TRUMP_USDT,LONG,StochasticRSI(FAST_SCALP-LONG),2,0.2,1.763,1.765,1.765,1.755,2026-07-04 09:38:59 UTC,2026-07-04 09:39:19 UTC,19.2,0.3526,0.0047,0.0,0.0004,0.04,8.51,MIN_PROFIT_TP_HIT,0.1212
454,TRUMP_USDT,SHORT,StochasticRSI(FAST_SCALP-SHORT),2,0.2,1.765,1.763,1.763,1.773,2026-07-04 09:44:59 UTC,2026-07-04 10:02:34 UTC,1054.17,0.353,0.0047,0.0,0.0004,0.04,8.5,MIN_PROFIT_TP_HIT,0.1216
455,TRUMP_USDT,LONG,StochasticRSI(FAST_SCALP-LONG),2,0.2,1.763,1.765,1.765,1.755,2026-07-04 10:04:59 UTC,2026-07-04 10:05:53 UTC,53.14,0.3526,0.0047,0.0,0.0004,0.04,8.51,MIN_PROFIT_TP_HIT,0.122
456,TRUMP_USDT,SHORT,StochasticRSI(FAST_SCALP-SHORT),2,0.2,1.764,1.762,1.762,1.772,2026-07-04 10:12:59 UTC,2026-07-04 10:30:06 UTC,1026.95,0.3528,0.0047,0.0,0.0004,0.04,8.5,MIN_PROFIT_TP_HIT,0.1224
457,TRUMP_USDT,LONG,StochasticRSI(FAST_SCALP-LONG),2,0.2,1.763,1.765,1.765,1.755,2026-07-04 10:32:59 UTC,2026-07-04 10:33:25 UTC,25.21,0.3526,0.0047,0.0,0.0004,0.04,8.51,MIN_PROFIT_TP_HIT,0.1228
458,TRUMP_USDT,SHORT,StochasticRSI(FAST_SCALP-SHORT),2,0.2,1.765,1.773,1.763,1.773,2026-07-04 10:39:59 UTC,2026-07-04 11:34:55 UTC,3295.08,0.353,0.0047,0.0,-0.0016,-0.15,-33.99,STOP_LOSS_HIT,0.1212
459,TRUMP_USDT,SHORT,StochasticRSI(FAST_SCALP-SHORT),2,0.2,1.771,1.769,1.769,1.779,2026-07-04 11:37:59 UTC,2026-07-04 11:39:14 UTC,74.86,0.3542,0.0047,0.0,0.0004,0.04,8.47,MIN_PROFIT_TP_HIT,0.1216
460,TRUMP_USDT,LONG,StochasticRSI(FAST_SCALP-LONG),2,0.2,1.77,1.772,1.772,1.762,2026-07-04 11:42:59 UTC,2026-07-04 11:43:41 UTC,41.29,0.354,0.0047,0.0,0.0004,0.04,8.47,MIN_PROFIT_TP_HIT,0.122
461,TRUMP_USDT,SHORT,StochasticRSI(FAST_SCALP-SHORT),2,0.2,1.774,1.772,1.772,1.782,2026-07-04 11:48:59 UTC,2026-07-04 11:51:05 UTC,125.54,0.3548,0.0047,0.0,0.0004,0.04,8.46,MIN_PROFIT_TP_HIT,0.1224
462,TRUMP_USDT,SHORT,StochasticRSI(FAST_SCALP-SHORT),2,0.2,1.772,1.78,1.77,1.78,2026-07-04 12:01:59 UTC,2026-07-04 12:53:27 UTC,3087.05,0.3544,0.0047,0.0,-0.0016,-0.15,-33.86,STOP_LOSS_HIT,0.1208
463,TRUMP_USDT,SHORT,StochasticRSI(FAST_SCALP-SHORT),2,0.2,1.778,1.776,1.776,1.786,2026-07-04 12:55:59 UTC,2026-07-04 13:45:38 UTC,2978.7,0.3556,0.0047,0.0,0.0004,0.04,8.44,MIN_PROFIT_TP_HIT,0.1212
464,TRUMP_USDT,LONG,StochasticRSI(FAST_SCALP-LONG),2,0.2,1.776,1.778,1.778,1.768,2026-07-04 13:50:59 UTC,2026-07-04 13:56:21 UTC,321.52,0.3552,0.0047,0.0,0.0004,0.04,8.45,MIN_PROFIT_TP_HIT,0.1216
465,TRUMP_USDT,SHORT,StochasticRSI(FAST_SCALP-SHORT),2,0.2,1.784,1.792,1.782,1.792,2026-07-04 14:05:59 UTC,2026-07-04 14:17:35 UTC,695.61,0.3568,0.0048,0.0,-0.0016,-0.15,-33.63,STOP_LOSS_HIT,0.12
466,TRUMP_USDT,SHORT,StochasticRSI(FAST_SCALP-SHORT),2,0.2,1.786,1.784,1.784,1.794,2026-07-04 14:21:59 UTC,2026-07-04 14:24:18 UTC,138.21,0.3572,0.0048,0.0,0.0004,0.04,8.4,MIN_PROFIT_TP_HIT,0.1204
467,TRUMP_USDT,LONG,StochasticRSI(FAST_SCALP-LONG),2,0.2,1.785,1.787,1.787,1.777,2026-07-04 14:25:59 UTC,2026-07-04 14:29:53 UTC,233.16,0.357,0.0048,0.0,0.0004,0.04,8.4,MIN_PROFIT_TP_HIT,0.1208
468,TRUMP_USDT,SHORT,StochasticRSI(FAST_SCALP-SHORT),2,0.2,1.789,1.797,1.787,1.797,2026-07-04 14:34:59 UTC,2026-07-04 15:09:27 UTC,2067.49,0.3578,0.0048,0.0,-0.0016,-0.15,-33.54,STOP_LOSS_HIT,0.1192
469,TRUMP_USDT,SHORT,StochasticRSI(FAST_SCALP-SHORT),2,0.2,1.8,1.798,1.798,1.808,2026-07-04 15:13:59 UTC,2026-07-04 15:17:45 UTC,225.79,0.36,0.0048,0.0,0.0004,0.04,8.33,MIN_PROFIT_TP_HIT,0.1196
470,TRUMP_USDT,LONG,StochasticRSI(FAST_SCALP-LONG),2,0.2,1.803,1.805,1.805,1.795,2026-07-04 15:24:59 UTC,2026-07-04 15:29:19 UTC,259.65,0.3606,0.0048,0.0,0.0004,0.04,8.32,MIN_PROFIT_TP_HIT,0.12
471,TRUMP_USDT,SHORT,StochasticRSI(FAST_SCALP-SHORT),2,0.2,1.807,1.815,1.805,1.815,2026-07-04 15:32:59 UTC,2026-07-04 15:38:04 UTC,304.14,0.3614,0.0048,0.0,-0.0016,-0.15,-33.2,STOP_LOSS_HIT,0.1184
472,TRUMP_USDT,LONG,StochasticRSI(FAST_SCALP-LONG),2,0.2,1.813,1.805,1.815,1.805,2026-07-04 15:45:59 UTC,2026-07-04 16:00:45 UTC,885.08,0.3626,0.0048,0.0,-0.0016,-0.15,-33.09,STOP_LOSS_HIT,0.1168
473,TRUMP_USDT,SHORT,StochasticRSI(FAST_SCALP-SHORT),2,0.2,1.812,1.81,1.81,1.82,2026-07-04 16:06:59 UTC,2026-07-04 16:10:18 UTC,198.1,0.3624,0.0048,0.0,0.0004,0.04,8.28,MIN_PROFIT_TP_HIT,0.1172
474,TRUMP_USDT,LONG,StochasticRSI(FAST_SCALP-LONG),2,0.2,1.805,1.807,1.807,1.797,2026-07-04 16:14:59 UTC,2026-07-04 16:16:18 UTC,78.57,0.361,0.0048,0.0,0.0004,0.04,8.31,MIN_PROFIT_TP_HIT,0.1176
475,TRUMP_USDT,LONG,StochasticRSI(FAST_SCALP-LONG),2,0.2,1.807,1.809,1.809,1.799,2026-07-04 16:17:59 UTC,2026-07-04 16:18:26 UTC,26.9,0.3614,0.0048,0.0,0.0004,0.04,8.3,MIN_PROFIT_TP_HIT,0.118
476,TRUMP_USDT,SHORT,StochasticRSI(FAST_SCALP-SHORT),2,0.2,1.815,1.813,1.813,1.823,2026-07-04 16:22:59 UTC,2026-07-04 16:24:01 UTC,61.06,0.363,0.0048,0.0,0.0004,0.04,8.26,MIN_PROFIT_TP_HIT,0.1184
477,TRUMP_USDT,SHORT,StochasticRSI(FAST_SCALP-SHORT),2,0.2,1.814,1.822,1.812,1.822,2026-07-04 16:25:59 UTC,2026-07-04 16:43:27 UTC,1047.04,0.3628,0.0048,0.0,-0.0016,-0.15,-33.08,STOP_LOSS_HIT,0.1168
478,TRUMP_USDT,SHORT,StochasticRSI(FAST_SCALP-SHORT),2,0.2,1.837,1.835,1.835,1.845,2026-07-04 16:50:59 UTC,2026-07-04 16:51:09 UTC,9.29,0.3674,0.0049,0.0,0.0004,0.04,8.17,MIN_PROFIT_TP_HIT,0.1172
479,TRUMP_USDT,LONG,StochasticRSI(FAST_SCALP-LONG),2,0.2,1.828,1.83,1.83,1.82,2026-07-04 16:57:59 UTC,2026-07-04 16:58:13 UTC,13.99,0.3656,0.0049,0.0,0.0004,0.04,8.21,MIN_PROFIT_TP_HIT,0.1176
480,TRUMP_USDT,LONG,StochasticRSI(FAST_SCALP-LONG),2,0.2,1.846,1.848,1.848,1.838,2026-07-04 17:03:59 UTC,2026-07-04 17:04:00 UTC,0.75,0.3692,0.0049,0.0,0.0004,0.04,8.13,MIN_PROFIT_TP_HIT,0.118
481,TRUMP_USDT,SHORT,StochasticRSI(FAST_SCALP-SHORT),2,0.2,1.847,1.845,1.845,1.855,2026-07-04 17:07:59 UTC,2026-07-04 17:08:10 UTC,10.4,0.3694,0.0049,0.0,0.0004,0.04,8.12,MIN_PROFIT_TP_HIT,0.1184
482,TRUMP_USDT,LONG,StochasticRSI(FAST_SCALP-LONG),2,0.2,1.833,1.835,1.835,1.825,2026-07-04 17:22:59 UTC,2026-07-04 17:23:49 UTC,49.15,0.3666,0.0049,0.0,0.0004,0.04,8.18,MIN_PROFIT_TP_HIT,0.1188
483,TRUMP_USDT,LONG,StochasticRSI(FAST_SCALP-LONG),2,0.2,1.831,1.833,1.833,1.823,2026-07-04 17:26:59 UTC,2026-07-04 17:27:41 UTC,41.49,0.3662,0.0049,0.0,0.0004,0.04,8.19,MIN_PROFIT_TP_HIT,0.1192
484,TRUMP_USDT,SHORT,StochasticRSI(FAST_SCALP-SHORT),2,0.2,1.835,1.843,1.833,1.843,2026-07-04 17:31:59 UTC,2026-07-04 17:33:07 UTC,67.74,0.367,0.0049,0.0,-0.0016,-0.15,-32.7,STOP_LOSS_HIT,0.1176
485,TRUMP_USDT,SHORT,StochasticRSI(FAST_SCALP-SHORT),2,0.2,1.835,1.833,1.833,1.843,2026-07-04 17:35:59 UTC,2026-07-04 17:37:01 UTC,61.62,0.367,0.0049,0.0,0.0004,0.04,8.17,MIN_PROFIT_TP_HIT,0.118
486,TRUMP_USDT,LONG,StochasticRSI(FAST_SCALP-LONG),2,0.2,1.828,1.83,1.83,1.82,2026-07-04 17:40:59 UTC,2026-07-04 17:41:05 UTC,5.66,0.3656,0.0049,0.0,0.0004,0.04,8.21,MIN_PROFIT_TP_HIT,0.1184
487,TRUMP_USDT,SHORT,StochasticRSI(FAST_SCALP-SHORT),2,0.2,1.843,1.851,1.841,1.851,2026-07-04 17:54:59 UTC,2026-07-04 17:56:24 UTC,84.47,0.3686,0.0049,0.0,-0.0016,-0.15,-32.56,STOP_LOSS_HIT,0.1168
488,TRUMP_USDT,SHORT,StochasticRSI(FAST_SCALP-SHORT),2,0.2,1.855,1.853,1.853,1.863,2026-07-04 17:58:59 UTC,2026-07-04 18:02:34 UTC,214.75,0.371,0.0049,0.0,0.0004,0.04,8.09,MIN_PROFIT_TP_HIT,0.1172
489,TRUMP_USDT,LONG,StochasticRSI(FAST_SCALP-LONG),2,0.2,1.856,1.858,1.858,1.848,2026-07-04 18:06:59 UTC,2026-07-04 18:20:30 UTC,810.01,0.3712,0.0049,0.0,0.0004,0.04,8.08,MIN_PROFIT_TP_HIT,0.1176
490,TRUMP_USDT,SHORT,StochasticRSI(FAST_SCALP-SHORT),2,0.2,1.866,1.864,1.864,1.874,2026-07-04 18:25:59 UTC,2026-07-04 18:26:06 UTC,6.32,0.3732,0.005,0.0,0.0004,0.04,8.04,MIN_PROFIT_TP_HIT,0.118
491,TRUMP_USDT,LONG,StochasticRSI(FAST_SCALP-LONG),2,0.2,1.846,1.838,1.848,1.838,2026-07-04 18:34:59 UTC,2026-07-04 18:38:09 UTC,189.19,0.3692,0.0049,0.0,-0.0016,-0.15,-32.5,STOP_LOSS_HIT,0.1164
492,TRUMP_USDT,LONG,StochasticRSI(FAST_SCALP-LONG),2,0.2,1.84,1.842,1.842,1.832,2026-07-04 18:41:59 UTC,2026-07-04 19:00:40 UTC,1120.69,0.368,0.0049,0.0,0.0004,0.04,8.15,MIN_PROFIT_TP_HIT,0.1168
493,TRUMP_USDT,SHORT,StochasticRSI(FAST_SCALP-SHORT),2,0.2,1.858,1.856,1.856,1.866,2026-07-04 19:03:59 UTC,2026-07-04 19:04:05 UTC,5.26,0.3716,0.005,0.0,0.0004,0.04,8.07,MIN_PROFIT_TP_HIT,0.1172
494,TRUMP_USDT,LONG,StochasticRSI(FAST_SCALP-LONG),2,0.2,1.842,1.834,1.844,1.834,2026-07-04 19:11:59 UTC,2026-07-04 19:13:13 UTC,73.52,0.3684,0.0049,0.0,-0.0016,-0.15,-32.57,STOP_LOSS_HIT,0.1156
495,TRUMP_USDT,LONG,StochasticRSI(FAST_SCALP-LONG),2,0.2,1.837,1.839,1.839,1.829,2026-07-04 19:15:59 UTC,2026-07-04 19:16:11 UTC,11.84,0.3674,0.0049,0.0,0.0004,0.04,8.17,MIN_PROFIT_TP_HIT,0.116
496,TRUMP_USDT,SHORT,StochasticRSI(FAST_SCALP-SHORT),2,0.2,1.844,1.842,1.842,1.852,2026-07-04 19:25:59 UTC,2026-07-04 19:29:12 UTC,192.15,0.3688,0.0049,0.0,0.0004,0.04,8.13,MIN_PROFIT_TP_HIT,0.1164
497,TRUMP_USDT,LONG,StochasticRSI(FAST_SCALP-LONG),2,0.2,1.842,1.834,1.844,1.834,2026-07-04 19:35:59 UTC,2026-07-04 19:46:35 UTC,635.24,0.3684,0.0049,0.0,-0.0016,-0.15,-32.57,STOP_LOSS_HIT,0.1148
498,TRUMP_USDT,LONG,StochasticRSI(FAST_SCALP-LONG),2,0.2,1.837,1.839,1.839,1.829,2026-07-04 19:49:59 UTC,2026-07-04 19:51:19 UTC,79.24,0.3674,0.0049,0.0,0.0004,0.04,8.17,MIN_PROFIT_TP_HIT,0.1152
499,TRUMP_USDT,SHORT,StochasticRSI(FAST_SCALP-SHORT),2,0.2,1.836,1.834,1.834,1.844,2026-07-04 19:55:59 UTC,2026-07-04 19:57:07 UTC,67.37,0.3672,0.0049,0.0,0.0004,0.04,8.17,MIN_PROFIT_TP_HIT,0.1156
500,TRUMP_USDT,LONG,StochasticRSI(FAST_SCALP-LONG),2,0.2,1.834,1.836,1.836,1.826,2026-07-04 20:04:59 UTC,2026-07-04 20:06:26 UTC,86.63,0.3668,0.0049,0.0,0.0004,0.04,8.18,MIN_PROFIT_TP_HIT,0.116
501,TRUMP_USDT,LONG,StochasticRSI(FAST_SCALP-LONG),2,0.2,1.821,1.823,1.823,1.813,2026-07-04 20:20:59 UTC,2026-07-04 20:31:55 UTC,655.33,0.3642,0.0049,0.0,0.0004,0.04,8.24,MIN_PROFIT_TP_HIT,0.1164
502,TRUMP_USDT,SHORT,StochasticRSI(FAST_SCALP-SHORT),2,0.2,1.822,1.83,1.82,1.83,2026-07-04 20:33:59 UTC,2026-07-04 20:36:52 UTC,172.08,0.3644,0.0049,0.0,-0.0016,-0.15,-32.93,STOP_LOSS_HIT,0.1148
503,TRUMP_USDT,SHORT,StochasticRSI(FAST_SCALP-SHORT),2,0.2,1.827,1.825,1.825,1.835,2026-07-04 20:38:59 UTC,2026-07-04 20:39:34 UTC,34.66,0.3654,0.0049,0.0,0.0004,0.04,8.21,MIN_PROFIT_TP_HIT,0.1152
504,TRUMP_USDT,LONG,StochasticRSI(FAST_SCALP-LONG),2,0.2,1.829,1.831,1.831,1.821,2026-07-04 20:46:59 UTC,2026-07-04 20:50:30 UTC,210.15,0.3658,0.0049,0.0,0.0004,0.04,8.2,MIN_PROFIT_TP_HIT,0.1156
505,TRUMP_USDT,SHORT,StochasticRSI(FAST_SCALP-SHORT),2,0.2,1.839,1.837,1.837,1.847,2026-07-04 20:52:59 UTC,2026-07-04 20:53:27 UTC,28.0,0.3678,0.0049,0.0,0.0004,0.04,8.16,MIN_PROFIT_TP_HIT,0.116
506,TRUMP_USDT,LONG,StochasticRSI(FAST_SCALP-LONG),2,0.2,1.844,1.846,1.846,1.836,2026-07-04 20:57:59 UTC,2026-07-04 20:58:08 UTC,8.09,0.3688,0.0049,0.0,0.0004,0.04,8.13,MIN_PROFIT_TP_HIT,0.1164
507,TRUMP_USDT,SHORT,StochasticRSI(FAST_SCALP-SHORT),2,0.2,1.85,1.848,1.848,1.858,2026-07-04 21:05:59 UTC,2026-07-04 21:06:27 UTC,27.42,0.37,0.0049,0.0,0.0004,0.04,8.11,MIN_PROFIT_TP_HIT,0.1168
508,TRUMP_USDT,LONG,StochasticRSI(FAST_SCALP-LONG),2,0.2,1.844,1.846,1.846,1.836,2026-07-04 21:10:59 UTC,2026-07-04 21:12:59 UTC,119.79,0.3688,0.0049,0.0,0.0004,0.04,8.13,MIN_PROFIT_TP_HIT,0.1172
509,TRUMP_USDT,LONG,StochasticRSI(FAST_SCALP-LONG),2,0.2,1.855,1.857,1.857,1.847,2026-07-04 21:13:59 UTC,2026-07-04 21:15:55 UTC,115.37,0.371,0.0049,0.0,0.0004,0.04,8.09,MIN_PROFIT_TP_HIT,0.1176
510,TRUMP_USDT,SHORT,StochasticRSI(FAST_SCALP-SHORT),2,0.2,1.855,1.853,1.853,1.863,2026-07-04 21:19:59 UTC,2026-07-04 21:23:41 UTC,221.81,0.371,0.0049,0.0,0.0004,0.04,8.09,MIN_PROFIT_TP_HIT,0.118
511,TRUMP_USDT,LONG,StochasticRSI(FAST_SCALP-LONG),2,0.2,1.855,1.857,1.857,1.847,2026-07-04 21:28:59 UTC,2026-07-04 21:29:43 UTC,43.04,0.371,0.0049,0.0,0.0004,0.04,8.09,MIN_PROFIT_TP_HIT,0.1184
512,TRUMP_USDT,LONG,StochasticRSI(FAST_SCALP-LONG),2,0.2,1.849,1.841,1.851,1.841,2026-07-04 21:39:59 UTC,2026-07-04 21:56:31 UTC,991.84,0.3698,0.0049,0.0,-0.0016,-0.15,-32.45,STOP_LOSS_HIT,0.1168
513,TRUMP_USDT,LONG,StochasticRSI(FAST_SCALP-LONG),2,0.2,1.826,1.828,1.828,1.818,2026-07-04 22:04:59 UTC,2026-07-04 22:05:50 UTC,50.75,0.3652,0.0049,0.0,0.0004,0.04,8.21,MIN_PROFIT_TP_HIT,0.1172
514,TRUMP_USDT,SHORT,StochasticRSI(FAST_SCALP-SHORT),2,0.2,1.826,1.824,1.824,1.834,2026-07-04 22:11:59 UTC,2026-07-04 22:13:17 UTC,77.26,0.3652,0.0049,0.0,0.0004,0.04,8.21,MIN_PROFIT_TP_HIT,0.1176
515,TRUMP_USDT,SHORT,StochasticRSI(FAST_SCALP-SHORT),2,0.2,1.826,1.824,1.824,1.834,2026-07-04 22:17:59 UTC,2026-07-04 22:19:16 UTC,76.63,0.3652,0.0049,0.0,0.0004,0.04,8.21,MIN_PROFIT_TP_HIT,0.118
516,TRUMP_USDT,SHORT,StochasticRSI(FAST_SCALP-SHORT),2,0.2,1.821,1.819,1.819,1.829,2026-07-04 22:33:59 UTC,2026-07-04 22:35:01 UTC,61.73,0.3642,0.0049,0.0,0.0004,0.04,8.24,MIN_PROFIT_TP_HIT,0.1184
517,TRUMP_USDT,SHORT,StochasticRSI(FAST_SCALP-SHORT),2,0.2,1.822,1.82,1.82,1.83,2026-07-04 22:36:59 UTC,2026-07-04 22:38:12 UTC,72.87,0.3644,0.0049,0.0,0.0004,0.04,8.23,MIN_PROFIT_TP_HIT,0.1188
518,TRUMP_USDT,LONG,StochasticRSI(FAST_SCALP-LONG),2,0.2,1.824,1.826,1.826,1.816,2026-07-04 22:48:59 UTC,2026-07-04 22:57:25 UTC,505.37,0.3648,0.0049,0.0,0.0004,0.04,8.22,MIN_PROFIT_TP_HIT,0.1192
519,TRUMP_USDT,SHORT,StochasticRSI(FAST_SCALP-SHORT),2,0.2,1.824,1.822,1.822,1.832,2026-07-04 23:01:59 UTC,2026-07-04 23:02:19 UTC,19.61,0.3648,0.0049,0.0,0.0004,0.04,8.22,MIN_PROFIT_TP_HIT,0.1196
520,TRUMP_USDT,LONG,StochasticRSI(FAST_SCALP-LONG),2,0.2,1.825,1.817,1.827,1.817,2026-07-04 23:07:59 UTC,2026-07-04 23:14:36 UTC,396.88,0.365,0.0049,0.0,-0.0016,-0.15,-32.88,STOP_LOSS_HIT,0.118
521,TRUMP_USDT,LONG,StochasticRSI(FAST_SCALP-LONG),2,0.2,1.815,1.817,1.817,1.807,2026-07-04 23:17:59 UTC,2026-07-04 23:18:16 UTC,16.42,0.363,0.0048,0.0,0.0004,0.04,8.26,MIN_PROFIT_TP_HIT,0.1184
522,TRUMP_USDT,SHORT,StochasticRSI(FAST_SCALP-SHORT),2,0.2,1.824,1.822,1.822,1.832,2026-07-04 23:24:59 UTC,2026-07-04 23:26:21 UTC,81.91,0.3648,0.0049,0.0,0.0004,0.04,8.22,MIN_PROFIT_TP_HIT,0.1188
523,TRUMP_USDT,LONG,StochasticRSI(FAST_SCALP-LONG),2,0.2,1.821,1.823,1.823,1.813,2026-07-04 23:32:59 UTC,2026-07-04 23:34:43 UTC,103.3,0.3642,0.0049,0.0,0.0004,0.04,8.24,MIN_PROFIT_TP_HIT,0.1192
524,TRUMP_USDT,LONG,StochasticRSI(FAST_SCALP-LONG),2,0.2,1.822,1.824,1.824,1.814,2026-07-04 23:44:59 UTC,2026-07-05 00:19:01 UTC,2041.38,0.3644,0.0049,0.0,0.0004,0.04,8.23,MIN_PROFIT_TP_HIT,0.1196
525,TRUMP_USDT,SHORT,StochasticRSI(FAST_SCALP-SHORT),2,0.2,1.822,1.82,1.82,1.83,2026-07-05 00:22:59 UTC,2026-07-05 00:32:17 UTC,557.37,0.3644,0.0049,0.0,0.0004,0.04,8.23,MIN_PROFIT_TP_HIT,0.12
526,TRUMP_USDT,LONG,StochasticRSI(FAST_SCALP-LONG),2,0.2,1.817,1.819,1.819,1.809,2026-07-05 00:36:59 UTC,2026-07-05 00:38:01 UTC,61.77,0.3634,0.0048,0.0,0.0004,0.04,8.26,MIN_PROFIT_TP_HIT,0.1204
527,TRUMP_USDT,SHORT,StochasticRSI(FAST_SCALP-SHORT),2,0.2,1.83,1.828,1.828,1.838,2026-07-05 00:47:59 UTC,2026-07-05 00:48:19 UTC,19.46,0.366,0.0049,0.0,0.0004,0.04,8.2,MIN_PROFIT_TP_HIT,0.1208
528,TRUMP_USDT,LONG,StochasticRSI(FAST_SCALP-LONG),2,0.2,1.83,1.822,1.832,1.822,2026-07-05 00:52:59 UTC,2026-07-05 01:10:02 UTC,1022.02,0.366,0.0049,0.0,-0.0016,-0.15,-32.79,STOP_LOSS_HIT,0.1192
529,TRUMP_USDT,LONG,StochasticRSI(FAST_SCALP-LONG),2,0.2,1.81,1.812,1.812,1.802,2026-07-05 01:21:59 UTC,2026-07-05 01:24:17 UTC,137.28,0.362,0.0048,0.0,0.0004,0.04,8.29,MIN_PROFIT_TP_HIT,0.1196
530,TRUMP_USDT,SHORT,StochasticRSI(FAST_SCALP-SHORT),2,0.2,1.815,1.813,1.813,1.823,2026-07-05 01:31:59 UTC,2026-07-05 01:33:10 UTC,70.56,0.363,0.0048,0.0,0.0004,0.04,8.26,MIN_PROFIT_TP_HIT,0.12
531,TRUMP_USDT,LONG,StochasticRSI(FAST_SCALP-LONG),2,0.2,1.816,1.808,1.818,1.808,2026-07-05 01:39:59 UTC,2026-07-05 01:47:49 UTC,469.72,0.3632,0.0048,0.0,-0.0016,-0.15,-33.04,STOP_LOSS_HIT,0.1184
532,TRUMP_USDT,LONG,StochasticRSI(FAST_SCALP-LONG),2,0.2,1.813,1.815,1.815,1.805,2026-07-05 01:50:59 UTC,2026-07-05 01:52:21 UTC,81.39,0.3626,0.0048,0.0,0.0004,0.04,8.27,MIN_PROFIT_TP_HIT,0.1188
533,TRUMP_USDT,SHORT,StochasticRSI(FAST_SCALP-SHORT),2,0.2,1.815,1.813,1.813,1.823,2026-07-05 01:55:59 UTC,2026-07-05 01:56:37 UTC,37.72,0.363,0.0048,0.0,0.0004,0.04,8.26,MIN_PROFIT_TP_HIT,0.1192
534,TRUMP_USDT,SHORT,StochasticRSI(FAST_SCALP-SHORT),2,0.2,1.809,1.807,1.807,1.817,2026-07-05 02:02:59 UTC,2026-07-05 02:05:21 UTC,141.65,0.3618,0.0048,0.0,0.0004,0.04,8.29,MIN_PROFIT_TP_HIT,0.1196
535,TRUMP_USDT,LONG,StochasticRSI(FAST_SCALP-LONG),2,0.2,1.81,1.802,1.812,1.802,2026-07-05 02:09:59 UTC,2026-07-05 02:11:38 UTC,98.5,0.362,0.0048,0.0,-0.0016,-0.15,-33.15,STOP_LOSS_HIT,0.118
536,TRUMP_USDT,SHORT,StochasticRSI(FAST_SCALP-SHORT),2,0.2,1.792,1.79,1.79,1.8,2026-07-05 02:12:59 UTC,2026-07-05 02:13:07 UTC,7.65,0.3584,0.0048,0.0,0.0004,0.04,8.37,MIN_PROFIT_TP_HIT,0.1184
537,TRUMP_USDT,LONG,StochasticRSI(FAST_SCALP-LONG),2,0.2,1.793,1.795,1.795,1.785,2026-07-05 02:15:59 UTC,2026-07-05 02:17:41 UTC,101.96,0.3586,0.0048,0.0,0.0004,0.04,8.37,MIN_PROFIT_TP_HIT,0.1188
538,TRUMP_USDT,SHORT,StochasticRSI(FAST_SCALP-SHORT),2,0.2,1.795,1.793,1.793,1.803,2026-07-05 02:23:59 UTC,2026-07-05 02:24:26 UTC,26.59,0.359,0.0048,0.0,0.0004,0.04,8.36,MIN_PROFIT_TP_HIT,0.1192
539,TRUMP_USDT,SHORT,StochasticRSI(FAST_SCALP-SHORT),2,0.2,1.803,1.801,1.801,1.811,2026-07-05 02:37:59 UTC,2026-07-05 02:38:07 UTC,7.61,0.3606,0.0048,0.0,0.0004,0.04,8.32,MIN_PROFIT_TP_HIT,0.1196
540,TRUMP_USDT,LONG,StochasticRSI(FAST_SCALP-LONG),2,0.2,1.791,1.783,1.793,1.783,2026-07-05 02:47:59 UTC,2026-07-05 02:48:52 UTC,52.42,0.3582,0.0048,0.0,-0.0016,-0.15,-33.5,STOP_LOSS_HIT,0.118
541,TRUMP_USDT,LONG,StochasticRSI(FAST_SCALP-LONG),2,0.2,1.794,1.796,1.796,1.786,2026-07-05 02:50:59 UTC,2026-07-05 02:51:22 UTC,22.85,0.3588,0.0048,0.0,0.0004,0.04,8.36,MIN_PROFIT_TP_HIT,0.1184
542,TRUMP_USDT,SHORT,StochasticRSI(FAST_SCALP-SHORT),2,0.2,1.788,1.796,1.786,1.796,2026-07-05 02:54:59 UTC,2026-07-05 03:21:57 UTC,1617.01,0.3576,0.0048,0.0,-0.0016,-0.15,-33.56,STOP_LOSS_HIT,0.1168
543,TRUMP_USDT,LONG,StochasticRSI(FAST_SCALP-LONG),2,0.2,1.797,1.799,1.799,1.789,2026-07-05 03:22:59 UTC,2026-07-05 03:23:48 UTC,48.64,0.3594,0.0048,0.0,0.0004,0.04,8.35,MIN_PROFIT_TP_HIT,0.1172
544,TRUMP_USDT,SHORT,StochasticRSI(FAST_SCALP-SHORT),2,0.2,1.796,1.794,1.794,1.804,2026-07-05 03:26:59 UTC,2026-07-05 03:27:29 UTC,29.92,0.3592,0.0048,0.0,0.0004,0.04,8.35,MIN_PROFIT_TP_HIT,0.1176
545,TRUMP_USDT,LONG,StochasticRSI(FAST_SCALP-LONG),2,0.2,1.783,1.785,1.785,1.775,2026-07-05 03:34:59 UTC,2026-07-05 03:35:24 UTC,24.88,0.3566,0.0048,0.0,0.0004,0.04,8.41,MIN_PROFIT_TP_HIT,0.118
546,TRUMP_USDT,SHORT,StochasticRSI(FAST_SCALP-SHORT),2,0.2,1.783,1.781,1.781,1.791,2026-07-05 03:42:59 UTC,2026-07-05 03:43:13 UTC,13.48,0.3566,0.0048,0.0,0.0004,0.04,8.41,MIN_PROFIT_TP_HIT,0.1184
547,TRUMP_USDT,LONG,StochasticRSI(FAST_SCALP-LONG),2,0.2,1.78,1.782,1.782,1.772,2026-07-05 03:46:59 UTC,2026-07-05 03:50:34 UTC,214.21,0.356,0.0047,0.0,0.0004,0.04,8.43,MIN_PROFIT_TP_HIT,0.1188
548,TRUMP_USDT,SHORT,StochasticRSI(FAST_SCALP-SHORT),2,0.2,1.783,1.781,1.781,1.791,2026-07-05 03:55:59 UTC,2026-07-05 03:56:06 UTC,6.18,0.3566,0.0048,0.0,0.0004,0.04,8.41,MIN_PROFIT_TP_HIT,0.1192
549,TRUMP_USDT,SHORT,StochasticRSI(FAST_SCALP-SHORT),2,0.2,1.771,1.769,1.769,1.779,2026-07-05 03:57:59 UTC,2026-07-05 03:58:15 UTC,15.17,0.3542,0.0047,0.0,0.0004,0.04,8.47,MIN_PROFIT_TP_HIT,0.1196
550,TRUMP_USDT,LONG,StochasticRSI(FAST_SCALP-LONG),2,0.2,1.744,1.746,1.746,1.736,2026-07-05 04:04:59 UTC,2026-07-05 04:05:00 UTC,0.79,0.3488,0.0047,0.0,0.0004,0.04,8.6,MIN_PROFIT_TP_HIT,0.12
551,TRUMP_USDT,SHORT,StochasticRSI(FAST_SCALP-SHORT),2,0.2,1.74,1.738,1.738,1.748,2026-07-05 04:10:59 UTC,2026-07-05 04:11:12 UTC,12.64,0.348,0.0046,0.0,0.0004,0.04,8.62,MIN_PROFIT_TP_HIT,0.1204
552,TRUMP_USDT,SHORT,StochasticRSI(FAST_SCALP-SHORT),2,0.2,1.74,1.738,1.738,1.748,2026-07-05 04:18:59 UTC,2026-07-05 04:19:55 UTC,55.51,0.348,0.0046,0.0,0.0004,0.04,8.62,MIN_PROFIT_TP_HIT,0.1208
553,TRUMP_USDT,SHORT,StochasticRSI(FAST_SCALP-SHORT),2,0.2,1.742,1.74,1.74,1.75,2026-07-05 04:28:59 UTC,2026-07-05 04:35:06 UTC,366.94,0.3484,0.0046,0.0,0.0004,0.04,8.61,MIN_PROFIT_TP_HIT,0.1212
554,TRUMP_USDT,LONG,StochasticRSI(FAST_SCALP-LONG),2,0.2,1.742,1.744,1.744,1.734,2026-07-05 04:38:59 UTC,2026-07-05 04:40:44 UTC,104.71,0.3484,0.0046,0.0,0.0004,0.04,8.61,MIN_PROFIT_TP_HIT,0.1216
555,TRUMP_USDT,SHORT,StochasticRSI(FAST_SCALP-SHORT),2,0.2,1.741,1.739,1.739,1.749,2026-07-05 04:47:59 UTC,2026-07-05 04:52:12 UTC,252.26,0.3482,0.0046,0.0,0.0004,0.04,8.62,MIN_PROFIT_TP_HIT,0.122
556,TRUMP_USDT,LONG,StochasticRSI(FAST_SCALP-LONG),2,0.2,1.738,1.74,1.74,1.73,2026-07-05 04:55:59 UTC,2026-07-05 04:56:06 UTC,6.91,0.3476,0.0046,0.0,0.0004,0.04,8.63,MIN_PROFIT_TP_HIT,0.1224
557,TRUMP_USDT,SHORT,StochasticRSI(FAST_SCALP-SHORT),2,0.2,1.738,1.736,1.736,1.746,2026-07-05 05:02:59 UTC,2026-07-05 05:06:04 UTC,184.84,0.3476,0.0046,0.0,0.0004,0.04,8.63,MIN_PROFIT_TP_HIT,0.1228
558,TRUMP_USDT,LONG,StochasticRSI(FAST_SCALP-LONG),2,0.2,1.736,1.738,1.738,1.728,2026-07-05 05:11:59 UTC,2026-07-05 05:12:55 UTC,55.32,0.3472,0.0046,0.0,0.0004,0.04,8.64,MIN_PROFIT_TP_HIT,0.1232
559,TRUMP_USDT,SHORT,StochasticRSI(FAST_SCALP-SHORT),2,0.2,1.74,1.738,1.738,1.748,2026-07-05 05:18:59 UTC,2026-07-05 05:19:26 UTC,26.79,0.348,0.0046,0.0,0.0004,0.04,8.62,MIN_PROFIT_TP_HIT,0.1236
560,TRUMP_USDT,LONG,StochasticRSI(FAST_SCALP-LONG),2,0.2,1.739,1.741,1.741,1.731,2026-07-05 05:26:59 UTC,2026-07-05 05:28:38 UTC,98.82,0.3478,0.0046,0.0,0.0004,0.04,8.63,MIN_PROFIT_TP_HIT,0.124
561,TRUMP_USDT,SHORT,StochasticRSI(FAST_SCALP-SHORT),2,0.2,1.738,1.736,1.736,1.746,2026-07-05 05:30:59 UTC,2026-07-05 05:33:02 UTC,122.96,0.3476,0.0046,0.0,0.0004,0.04,8.63,MIN_PROFIT_TP_HIT,0.1244
562,TRUMP_USDT,LONG,StochasticRSI(FAST_SCALP-LONG),2,0.2,1.74,1.742,1.742,1.732,2026-07-05 05:35:59 UTC,2026-07-05 05:38:35 UTC,155.21,0.348,0.0046,0.0,0.0004,0.04,8.62,MIN_PROFIT_TP_HIT,0.1248
563,TRUMP_USDT,SHORT,StochasticRSI(FAST_SCALP-SHORT),2,0.2,1.739,1.737,1.737,1.747,2026-07-05 05:41:59 UTC,2026-07-05 05:42:16 UTC,16.71,0.3478,0.0046,0.0,0.0004,0.04,8.63,MIN_PROFIT_TP_HIT,0.1252
564,TRUMP_USDT,LONG,StochasticRSI(FAST_SCALP-LONG),2,0.2,1.737,1.739,1.739,1.729,2026-07-05 05:48:59 UTC,2026-07-05 05:50:32 UTC,92.37,0.3474,0.0046,0.0,0.0004,0.04,8.64,MIN_PROFIT_TP_HIT,0.1256
565,TRUMP_USDT,SHORT,StochasticRSI(FAST_SCALP-SHORT),2,0.2,1.742,1.74,1.74,1.75,2026-07-05 05:55:59 UTC,2026-07-05 05:57:18 UTC,78.58,0.3484,0.0046,0.0,0.0004,0.04,8.61,MIN_PROFIT_TP_HIT,0.126
566,TRUMP_USDT,LONG,StochasticRSI(FAST_SCALP-LONG),2,0.2,1.736,1.738,1.738,1.728,2026-07-05 06:03:59 UTC,2026-07-05 06:04:05 UTC,5.6,0.3472,0.0046,0.0,0.0004,0.04,8.64,MIN_PROFIT_TP_HIT,0.1264
567,TRUMP_USDT,LONG,StochasticRSI(FAST_SCALP-LONG),2,0.2,1.741,1.743,1.743,1.733,2026-07-05 06:05:59 UTC,2026-07-05 06:07:48 UTC,108.37,0.3482,0.0046,0.0,0.0004,0.04,8.62,MIN_PROFIT_TP_HIT,0.1268
568,TRUMP_USDT,SHORT,StochasticRSI(FAST_SCALP-SHORT),2,0.2,1.738,1.736,1.736,1.746,2026-07-05 06:10:59 UTC,2026-07-05 06:17:10 UTC,370.42,0.3476,0.0046,0.0,0.0004,0.04,8.63,MIN_PROFIT_TP_HIT,0.1272
569,TRUMP_USDT,LONG,StochasticRSI(FAST_SCALP-LONG),2,0.2,1.733,1.735,1.735,1.725,2026-07-05 06:22:59 UTC,2026-07-05 06:29:59 UTC,419.3,0.3466,0.0046,0.0,0.0004,0.04,8.66,MIN_PROFIT_TP_HIT,0.1276
570,TRUMP_USDT,SHORT,StochasticRSI(FAST_SCALP-SHORT),2,0.2,1.73,1.728,1.728,1.738,2026-07-05 06:35:59 UTC,2026-07-05 06:36:17 UTC,17.37,0.346,0.0046,0.0,0.0004,0.04,8.67,MIN_PROFIT_TP_HIT,0.128
571,TRUMP_USDT,LONG,StochasticRSI(FAST_SCALP-LONG),2,0.2,1.714,1.716,1.716,1.706,2026-07-05 06:41:59 UTC,2026-07-05 06:42:02 UTC,2.88,0.3428,0.0046,0.0,0.0004,0.04,8.75,MIN_PROFIT_TP_HIT,0.1284
572,TRUMP_USDT,SHORT,StochasticRSI(FAST_SCALP-SHORT),2,0.2,1.718,1.716,1.716,1.726,2026-07-05 06:48:59 UTC,2026-07-05 06:49:31 UTC,31.03,0.3436,0.0046,0.0,0.0004,0.04,8.73,MIN_PROFIT_TP_HIT,0.1288
573,TRUMP_USDT,SHORT,StochasticRSI(FAST_SCALP-SHORT),2,0.2,1.717,1.715,1.715,1.725,2026-07-05 06:57:59 UTC,2026-07-05 07:15:02 UTC,1022.91,0.3434,0.0046,0.0,0.0004,0.04,8.74,MIN_PROFIT_TP_HIT,0.1292
574,TRUMP_USDT,LONG,StochasticRSI(FAST_SCALP-LONG),2,0.2,1.715,1.707,1.717,1.707,2026-07-05 07:18:59 UTC,2026-07-05 07:20:50 UTC,110.53,0.343,0.0046,0.0,-0.0016,-0.15,-34.99,STOP_LOSS_HIT,0.1276
575,TRUMP_USDT,LONG,StochasticRSI(FAST_SCALP-LONG),2,0.2,1.708,1.71,1.71,1.7,2026-07-05 07:23:59 UTC,2026-07-05 07:33:01 UTC,541.69,0.3416,0.0046,0.0,0.0004,0.04,8.78,MIN_PROFIT_TP_HIT,0.128
576,TRUMP_USDT,SHORT,StochasticRSI(FAST_SCALP-SHORT),2,0.2,1.707,1.705,1.705,1.715,2026-07-05 07:37:59 UTC,2026-07-05 07:47:50 UTC,590.07,0.3414,0.0046,0.0,0.0004,0.04,8.79,MIN_PROFIT_TP_HIT,0.1284
577,TRUMP_USDT,LONG,StochasticRSI(FAST_SCALP-LONG),2,0.2,1.708,1.71,1.71,1.7,2026-07-05 07:49:59 UTC,2026-07-05 07:50:43 UTC,43.09,0.3416,0.0046,0.0,0.0004,0.04,8.78,MIN_PROFIT_TP_HIT,0.1288
578,TRUMP_USDT,SHORT,StochasticRSI(FAST_SCALP-SHORT),2,0.2,1.711,1.709,1.709,1.719,2026-07-05 07:54:59 UTC,2026-07-05 07:55:37 UTC,37.73,0.3422,0.0046,0.0,0.0004,0.04,8.77,MIN_PROFIT_TP_HIT,0.1292
579,TRUMP_USDT,SHORT,StochasticRSI(FAST_SCALP-SHORT),2,0.2,1.71,1.708,1.708,1.718,2026-07-05 07:57:59 UTC,2026-07-05 08:03:46 UTC,346.48,0.342,0.0046,0.0,0.0004,0.04,8.77,MIN_PROFIT_TP_HIT,0.1296
580,TRUMP_USDT,LONG,StochasticRSI(FAST_SCALP-LONG),2,0.2,1.707,1.709,1.709,1.699,2026-07-05 08:08:59 UTC,2026-07-05 08:10:20 UTC,80.25,0.3414,0.0046,0.0,0.0004,0.04,8.79,MIN_PROFIT_TP_HIT,0.13
581,TRUMP_USDT,LONG,StochasticRSI(FAST_SCALP-LONG),2,0.2,1.706,1.708,1.708,1.698,2026-07-05 08:20:59 UTC,2026-07-05 08:22:28 UTC,88.11,0.3412,0.0045,0.0,0.0004,0.04,8.79,MIN_PROFIT_TP_HIT,0.1304
582,TRUMP_USDT,SHORT,StochasticRSI(FAST_SCALP-SHORT),2,0.2,1.706,1.704,1.704,1.714,2026-07-05 08:24:59 UTC,2026-07-05 08:27:14 UTC,134.39,0.3412,0.0045,0.0,0.0004,0.04,8.79,MIN_PROFIT_TP_HIT,0.1308
583,TRUMP_USDT,LONG,StochasticRSI(FAST_SCALP-LONG),2,0.2,1.698,1.7,1.7,1.69,2026-07-05 08:37:59 UTC,2026-07-05 08:38:21 UTC,21.81,0.3396,0.0045,0.0,0.0004,0.04,8.83,MIN_PROFIT_TP_HIT,0.1312
584,TRUMP_USDT,LONG,StochasticRSI(FAST_SCALP-LONG),2,0.2,1.703,1.705,1.705,1.695,2026-07-05 08:39:59 UTC,2026-07-05 08:40:51 UTC,51.58,0.3406,0.0045,0.0,0.0004,0.04,8.81,MIN_PROFIT_TP_HIT,0.1316
585,TRUMP_USDT,SHORT,StochasticRSI(FAST_SCALP-SHORT),2,0.2,1.699,1.697,1.697,1.707,2026-07-05 08:43:59 UTC,2026-07-05 09:01:26 UTC,1046.41,0.3398,0.0045,0.0,0.0004,0.04,8.83,MIN_PROFIT_TP_HIT,0.132
586,TRUMP_USDT,SHORT,StochasticRSI(FAST_SCALP-SHORT),2,0.2,1.702,1.7,1.7,1.71,2026-07-05 09:09:59 UTC,2026-07-05 09:10:20 UTC,20.54,0.3404,0.0045,0.0,0.0004,0.04,8.81,MIN_PROFIT_TP_HIT,0.1324
587,TRUMP_USDT,LONG,StochasticRSI(FAST_SCALP-LONG),2,0.2,1.698,1.69,1.7,1.69,2026-07-05 09:20:59 UTC,2026-07-05 09:27:17 UTC,377.1,0.3396,0.0045,0.0,-0.0016,-0.15,-35.34,STOP_LOSS_HIT,0.1308
588,TRUMP_USDT,LONG,StochasticRSI(FAST_SCALP-LONG),2,0.2,1.693,1.695,1.695,1.685,2026-07-05 09:29:59 UTC,2026-07-05 09:33:59 UTC,239.08,0.3386,0.0045,0.0,0.0004,0.04,8.86,MIN_PROFIT_TP_HIT,0.1312
589,TRUMP_USDT,SHORT,StochasticRSI(FAST_SCALP-SHORT),2,0.2,1.695,1.693,1.693,1.703,2026-07-05 09:38:59 UTC,2026-07-05 09:39:47 UTC,47.15,0.339,0.0045,0.0,0.0004,0.04,8.85,MIN_PROFIT_TP_HIT,0.1316
590,TRUMP_USDT,LONG,StochasticRSI(FAST_SCALP-LONG),2,0.2,1.689,1.691,1.691,1.681,2026-07-05 09:45:59 UTC,2026-07-05 09:56:08 UTC,608.92,0.3378,0.0045,0.0,0.0004,0.04,8.88,MIN_PROFIT_TP_HIT,0.132
591,TRUMP_USDT,SHORT,StochasticRSI(FAST_SCALP-SHORT),2,0.2,1.69,1.688,1.688,1.698,2026-07-05 09:59:59 UTC,2026-07-05 10:00:05 UTC,5.46,0.338,0.0045,0.0,0.0004,0.04,8.88,MIN_PROFIT_TP_HIT,0.1324
592,TRUMP_USDT,LONG,StochasticRSI(FAST_SCALP-LONG),2,0.2,1.687,1.689,1.689,1.679,2026-07-05 10:04:59 UTC,2026-07-05 10:06:35 UTC,96.0,0.3374,0.0045,0.0,0.0004,0.04,8.89,MIN_PROFIT_TP_HIT,0.1328
593,TRUMP_USDT,SHORT,StochasticRSI(FAST_SCALP-SHORT),2,0.2,1.693,1.691,1.691,1.701,2026-07-05 10:12:59 UTC,2026-07-05 10:21:04 UTC,484.68,0.3386,0.0045,0.0,0.0004,0.04,8.86,MIN_PROFIT_TP_HIT,0.1332
594,TRUMP_USDT,LONG,StochasticRSI(FAST_SCALP-LONG),2,0.2,1.694,1.696,1.696,1.686,2026-07-05 10:22:59 UTC,2026-07-05 10:28:07 UTC,307.24,0.3388,0.0045,0.0,0.0004,0.04,8.85,MIN_PROFIT_TP_HIT,0.1336
595,TRUMP_USDT,SHORT,StochasticRSI(FAST_SCALP-SHORT),2,0.2,1.698,1.696,1.696,1.706,2026-07-05 10:34:59 UTC,2026-07-05 10:49:00 UTC,840.88,0.3396,0.0045,0.0,0.0004,0.04,8.83,MIN_PROFIT_TP_HIT,0.134
596,TRUMP_USDT,LONG,StochasticRSI(FAST_SCALP-LONG),2,0.2,1.696,1.698,1.698,1.688,2026-07-05 10:51:59 UTC,2026-07-05 10:52:06 UTC,6.29,0.3392,0.0045,0.0,0.0004,0.04,8.84,MIN_PROFIT_TP_HIT,0.1344
597,TRUMP_USDT,SHORT,StochasticRSI(FAST_SCALP-SHORT),2,0.2,1.7,1.698,1.698,1.708,2026-07-05 11:02:59 UTC,2026-07-05 11:15:39 UTC,759.52,0.34,0.0045,0.0,0.0004,0.04,8.82,MIN_PROFIT_TP_HIT,0.1348
598,TRUMP_USDT,LONG,StochasticRSI(FAST_SCALP-LONG),2,0.2,1.698,1.7,1.7,1.69,2026-07-05 11:18:59 UTC,2026-07-05 11:19:12 UTC,12.2,0.3396,0.0045,0.0,0.0004,0.04,8.83,MIN_PROFIT_TP_HIT,0.1352
599,TRUMP_USDT,SHORT,StochasticRSI(FAST_SCALP-SHORT),2,0.2,1.699,1.697,1.697,1.707,2026-07-05 11:26:59 UTC,2026-07-05 12:00:22 UTC,2002.11,0.3398,0.0045,0.0,0.0004,0.04,8.83,MIN_PROFIT_TP_HIT,0.1356
600,TRUMP_USDT,SHORT,StochasticRSI(FAST_SCALP-SHORT),2,0.2,1.694,1.692,1.692,1.702,2026-07-05 12:01:59 UTC,2026-07-05 12:02:32 UTC,32.6,0.3388,0.0045,0.0,0.0004,0.04,8.85,MIN_PROFIT_TP_HIT,0.136
601,TRUMP_USDT,LONG,StochasticRSI(FAST_SCALP-LONG),2,0.2,1.693,1.695,1.695,1.685,2026-07-05 12:05:59 UTC,2026-07-05 12:17:44 UTC,704.14,0.3386,0.0045,0.0,0.0004,0.04,8.86,MIN_PROFIT_TP_HIT,0.1364
602,TRUMP_USDT,SHORT,StochasticRSI(FAST_SCALP-SHORT),2,0.2,1.7,1.698,1.698,1.708,2026-07-05 12:22:59 UTC,2026-07-05 12:23:03 UTC,3.44,0.34,0.0045,0.0,0.0004,0.04,8.82,MIN_PROFIT_TP_HIT,0.1368
603,TRUMP_USDT,SHORT,StochasticRSI(FAST_SCALP-SHORT),2,0.2,1.699,1.707,1.697,1.707,2026-07-05 12:24:59 UTC,2026-07-05 12:29:54 UTC,294.56,0.3398,0.0045,0.0,-0.0016,-0.15,-35.31,STOP_LOSS_HIT,0.1352
604,TRUMP_USDT,SHORT,StochasticRSI(FAST_SCALP-SHORT),2,0.2,1.709,1.707,1.707,1.717,2026-07-05 12:33:59 UTC,2026-07-05 12:34:38 UTC,38.21,0.3418,0.0046,0.0,0.0004,0.04,8.78,MIN_PROFIT_TP_HIT,0.1356
605,TRUMP_USDT,LONG,StochasticRSI(FAST_SCALP-LONG),2,0.2,1.717,1.719,1.719,1.709,2026-07-05 12:46:59 UTC,2026-07-05 12:52:09 UTC,309.99,0.3434,0.0046,0.0,0.0004,0.04,8.74,MIN_PROFIT_TP_HIT,0.136
606,TRUMP_USDT,LONG,StochasticRSI(FAST_SCALP-LONG),2,0.2,1.722,1.714,1.724,1.714,2026-07-05 12:53:59 UTC,2026-07-05 13:01:26 UTC,446.57,0.3444,0.0046,0.0,-0.0016,-0.15,-34.84,STOP_LOSS_HIT,0.1344
607,TRUMP_USDT,LONG,StochasticRSI(FAST_SCALP-LONG),2,0.2,1.716,1.718,1.718,1.708,2026-07-05 13:04:59 UTC,2026-07-05 13:05:11 UTC,11.85,0.3432,0.0046,0.0,0.0004,0.04,8.74,MIN_PROFIT_TP_HIT,0.1348
608,TRUMP_USDT,SHORT,StochasticRSI(FAST_SCALP-SHORT),2,0.2,1.719,1.717,1.717,1.727,2026-07-05 13:36:59 UTC,2026-07-05 13:42:16 UTC,316.58,0.3438,0.0046,0.0,0.0004,0.04,8.73,MIN_PROFIT_TP_HIT,0.1352
609,TRUMP_USDT,LONG,StochasticRSI(FAST_SCALP-LONG),2,0.2,1.717,1.709,1.719,1.709,2026-07-05 13:45:59 UTC,2026-07-05 13:47:16 UTC,76.21,0.3434,0.0046,0.0,-0.0016,-0.15,-34.94,STOP_LOSS_HIT,0.1336
610,TRUMP_USDT,LONG,StochasticRSI(FAST_SCALP-LONG),2,0.2,1.71,1.702,1.712,1.702,2026-07-05 13:51:59 UTC,2026-07-05 14:03:22 UTC,682.02,0.342,0.0046,0.0,-0.0016,-0.15,-35.09,STOP_LOSS_HIT,0.132
611,TRUMP_USDT,LONG,StochasticRSI(FAST_SCALP-LONG),2,0.2,1.701,1.703,1.703,1.693,2026-07-05 14:07:59 UTC,2026-07-05 14:08:13 UTC,13.38,0.3402,0.0045,0.0,0.0004,0.04,8.82,MIN_PROFIT_TP_HIT,0.1324
612,TRUMP_USDT,LONG,StochasticRSI(FAST_SCALP-LONG),2,0.2,1.695,1.697,1.697,1.687,2026-07-05 14:18:59 UTC,2026-07-05 14:22:37 UTC,217.11,0.339,0.0045,0.0,0.0004,0.04,8.85,MIN_PROFIT_TP_HIT,0.1328
613,TRUMP_USDT,SHORT,StochasticRSI(FAST_SCALP-SHORT),2,0.2,1.695,1.693,1.693,1.703,2026-07-05 14:24:59 UTC,2026-07-05 14:26:26 UTC,86.85,0.339,0.0045,0.0,0.0004,0.04,8.85,MIN_PROFIT_TP_HIT,0.1332
614,TRUMP_USDT,LONG,StochasticRSI(FAST_SCALP-LONG),2,0.2,1.687,1.689,1.689,1.679,2026-07-05 14:35:59 UTC,2026-07-05 14:38:55 UTC,175.13,0.3374,0.0045,0.0,0.0004,0.04,8.89,MIN_PROFIT_TP_HIT,0.1336
615,TRUMP_USDT,SHORT,StochasticRSI(FAST_SCALP-SHORT),2,0.2,1.689,1.697,1.687,1.697,2026-07-05 14:45:59 UTC,2026-07-05 14:59:45 UTC,825.9,0.3378,0.0045,0.0,-0.0016,-0.15,-35.52,STOP_LOSS_HIT,0.132
616,TRUMP_USDT,SHORT,StochasticRSI(FAST_SCALP-SHORT),2,0.2,1.694,1.702,1.692,1.702,2026-07-05 15:01:59 UTC,2026-07-05 15:04:38 UTC,158.21,0.3388,0.0045,0.0,-0.0016,-0.15,-35.42,STOP_LOSS_HIT,0.1304
617,TRUMP_USDT,LONG,StochasticRSI(FAST_SCALP-LONG),2,0.2,1.697,1.699,1.699,1.689,2026-07-05 15:12:59 UTC,2026-07-05 15:13:08 UTC,8.66,0.3394,0.0045,0.0,0.0004,0.04,8.84,MIN_PROFIT_TP_HIT,0.1308
618,TRUMP_USDT,LONG,StochasticRSI(FAST_SCALP-LONG),2,0.2,1.695,1.697,1.697,1.687,2026-07-05 15:23:59 UTC,2026-07-05 15:25:10 UTC,70.52,0.339,0.0045,0.0,0.0004,0.04,8.85,MIN_PROFIT_TP_HIT,0.1312
619,TRUMP_USDT,LONG,StochasticRSI(FAST_SCALP-LONG),2,0.2,1.695,1.697,1.697,1.687,2026-07-05 15:32:59 UTC,2026-07-05 15:36:20 UTC,200.24,0.339,0.0045,0.0,0.0004,0.04,8.85,MIN_PROFIT_TP_HIT,0.1316
620,TRUMP_USDT,SHORT,StochasticRSI(FAST_SCALP-SHORT),2,0.2,1.691,1.689,1.689,1.699,2026-07-05 15:38:59 UTC,2026-07-05 15:42:47 UTC,227.67,0.3382,0.0045,0.0,0.0004,0.04,8.87,MIN_PROFIT_TP_HIT,0.132
621,TRUMP_USDT,LONG,StochasticRSI(FAST_SCALP-LONG),2,0.2,1.692,1.694,1.694,1.684,2026-07-05 15:46:59 UTC,2026-07-05 15:56:48 UTC,588.07,0.3384,0.0045,0.0,0.0004,0.04,8.87,MIN_PROFIT_TP_HIT,0.1324
622,TRUMP_USDT,SHORT,StochasticRSI(FAST_SCALP-SHORT),2,0.2,1.695,1.693,1.693,1.703,2026-07-05 15:59:59 UTC,2026-07-05 16:00:04 UTC,4.93,0.339,0.0045,0.0,0.0004,0.04,8.85,MIN_PROFIT_TP_HIT,0.1328
623,TRUMP_USDT,LONG,StochasticRSI(FAST_SCALP-LONG),2,0.2,1.688,1.69,1.69,1.68,2026-07-05 16:11:59 UTC,2026-07-05 16:12:28 UTC,28.94,0.3376,0.0045,0.0,0.0004,0.04,8.89,MIN_PROFIT_TP_HIT,0.1332
624,TRUMP_USDT,SHORT,StochasticRSI(FAST_SCALP-SHORT),2,0.2,1.681,1.679,1.679,1.689,2026-07-05 16:15:59 UTC,2026-07-05 16:19:11 UTC,191.39,0.3362,0.0045,0.0,0.0004,0.04,8.92,MIN_PROFIT_TP_HIT,0.1336
625,TRUMP_USDT,SHORT,StochasticRSI(FAST_SCALP-SHORT),2,0.2,1.688,1.686,1.686,1.696,2026-07-05 16:28:59 UTC,2026-07-05 16:29:45 UTC,45.2,0.3376,0.0045,0.0,0.0004,0.04,8.89,MIN_PROFIT_TP_HIT,0.134
626,TRUMP_USDT,LONG,StochasticRSI(FAST_SCALP-LONG),2,0.2,1.686,1.688,1.688,1.678,2026-07-05 16:34:59 UTC,2026-07-05 16:36:00 UTC,60.36,0.3372,0.0045,0.0,0.0004,0.04,8.9,MIN_PROFIT_TP_HIT,0.1344
627,TRUMP_USDT,LONG,StochasticRSI(FAST_SCALP-LONG),2,0.2,1.687,1.689,1.689,1.679,2026-07-05 16:39:59 UTC,2026-07-05 16:41:33 UTC,93.0,0.3374,0.0045,0.0,0.0004,0.04,8.89,MIN_PROFIT_TP_HIT,0.1348
628,TRUMP_USDT,SHORT,StochasticRSI(FAST_SCALP-SHORT),2,0.2,1.689,1.687,1.687,1.697,2026-07-05 16:47:59 UTC,2026-07-05 16:52:00 UTC,240.76,0.3378,0.0045,0.0,0.0004,0.04,8.88,MIN_PROFIT_TP_HIT,0.1352
629,TRUMP_USDT,LONG,StochasticRSI(FAST_SCALP-LONG),2,0.2,1.688,1.69,1.69,1.68,2026-07-05 16:55:59 UTC,2026-07-05 16:57:39 UTC,99.82,0.3376,0.0045,0.0,0.0004,0.04,8.89,MIN_PROFIT_TP_HIT,0.1356
630,TRUMP_USDT,LONG,StochasticRSI(FAST_SCALP-LONG),2,0.2,1.69,1.692,1.692,1.682,2026-07-05 17:04:59 UTC,2026-07-05 17:15:17 UTC,617.79,0.338,0.0045,0.0,0.0004,0.04,8.88,MIN_PROFIT_TP_HIT,0.136
631,TRUMP_USDT,SHORT,StochasticRSI(FAST_SCALP-SHORT),2,0.2,1.696,1.694,1.694,1.704,2026-07-05 17:22:59 UTC,2026-07-05 17:28:23 UTC,323.52,0.3392,0.0045,0.0,0.0004,0.04,8.84,MIN_PROFIT_TP_HIT,0.1364
632,TRUMP_USDT,LONG,StochasticRSI(FAST_SCALP-LONG),2,0.2,1.692,1.694,1.694,1.684,2026-07-05 17:34:59 UTC,2026-07-05 17:35:41 UTC,41.14,0.3384,0.0045,0.0,0.0004,0.04,8.87,MIN_PROFIT_TP_HIT,0.1368
633,TRUMP_USDT,SHORT,StochasticRSI(FAST_SCALP-SHORT),2,0.2,1.692,1.69,1.69,1.7,2026-07-05 17:43:59 UTC,2026-07-05 17:57:04 UTC,784.79,0.3384,0.0045,0.0,0.0004,0.04,8.87,MIN_PROFIT_TP_HIT,0.1372
634,TRUMP_USDT,SHORT,StochasticRSI(FAST_SCALP-SHORT),2,0.2,1.69,1.688,1.688,1.698,2026-07-05 18:02:59 UTC,2026-07-05 18:03:58 UTC,58.7,0.338,0.0045,0.0,0.0004,0.04,8.88,MIN_PROFIT_TP_HIT,0.1376
635,TRUMP_USDT,LONG,StochasticRSI(FAST_SCALP-LONG),2,0.2,1.692,1.694,1.694,1.684,2026-07-05 18:06:59 UTC,2026-07-05 18:14:16 UTC,436.14,0.3384,0.0045,0.0,0.0004,0.04,8.87,MIN_PROFIT_TP_HIT,0.138
636,TRUMP_USDT,SHORT,StochasticRSI(FAST_SCALP-SHORT),2,0.2,1.693,1.691,1.691,1.701,2026-07-05 18:16:59 UTC,2026-07-05 18:17:43 UTC,43.76,0.3386,0.0045,0.0,0.0004,0.04,8.86,MIN_PROFIT_TP_HIT,0.1384
637,TRUMP_USDT,LONG,StochasticRSI(FAST_SCALP-LONG),2,0.2,1.692,1.694,1.694,1.684,2026-07-05 18:21:59 UTC,2026-07-05 18:22:17 UTC,17.25,0.3384,0.0045,0.0,0.0004,0.04,8.87,MIN_PROFIT_TP_HIT,0.1388
638,TRUMP_USDT,LONG,StochasticRSI(FAST_SCALP-LONG),2,0.2,1.693,1.695,1.695,1.685,2026-07-05 18:33:59 UTC,2026-07-05 18:41:31 UTC,451.23,0.3386,0.0045,0.0,0.0004,0.04,8.86,MIN_PROFIT_TP_HIT,0.1392
639,TRUMP_USDT,SHORT,StochasticRSI(FAST_SCALP-SHORT),2,0.2,1.692,1.7,1.69,1.7,2026-07-05 18:43:59 UTC,2026-07-05 18:49:31 UTC,331.92,0.3384,0.0045,0.0,-0.0016,-0.15,-35.46,STOP_LOSS_HIT,0.1376
640,TRUMP_USDT,LONG,StochasticRSI(FAST_SCALP-LONG),2,0.2,1.698,1.7,1.7,1.69,2026-07-05 19:03:59 UTC,2026-07-05 19:04:51 UTC,51.82,0.3396,0.0045,0.0,0.0004,0.04,8.83,MIN_PROFIT_TP_HIT,0.138
641,TRUMP_USDT,SHORT,StochasticRSI(FAST_SCALP-SHORT),2,0.2,1.698,1.696,1.696,1.706,2026-07-05 19:07:59 UTC,2026-07-05 19:19:13 UTC,673.47,0.3396,0.0045,0.0,0.0004,0.04,8.83,MIN_PROFIT_TP_HIT,0.1384
642,TRUMP_USDT,LONG,StochasticRSI(FAST_SCALP-LONG),2,0.2,1.694,1.696,1.696,1.686,2026-07-05 19:24:59 UTC,2026-07-05 19:32:14 UTC,434.12,0.3388,0.0045,0.0,0.0004,0.04,8.85,MIN_PROFIT_TP_HIT,0.1388
643,TRUMP_USDT,SHORT,StochasticRSI(FAST_SCALP-SHORT),2,0.2,1.696,1.694,1.694,1.704,2026-07-05 19:34:59 UTC,2026-07-05 19:35:00 UTC,0.65,0.3392,0.0045,0.0,0.0004,0.04,8.84,MIN_PROFIT_TP_HIT,0.1392
644,TRUMP_USDT,LONG,StochasticRSI(FAST_SCALP-LONG),2,0.2,1.695,1.697,1.697,1.687,2026-07-05 19:46:59 UTC,2026-07-05 19:47:21 UTC,21.34,0.339,0.0045,0.0,0.0004,0.04,8.85,MIN_PROFIT_TP_HIT,0.1396
645,TRUMP_USDT,SHORT,StochasticRSI(FAST_SCALP-SHORT),2,0.2,1.697,1.695,1.695,1.705,2026-07-05 19:51:59 UTC,2026-07-05 19:55:49 UTC,229.47,0.3394,0.0045,0.0,0.0004,0.04,8.84,MIN_PROFIT_TP_HIT,0.14
646,TRUMP_USDT,LONG,StochasticRSI(FAST_SCALP-LONG),2,0.2,1.696,1.698,1.698,1.688,2026-07-05 19:58:59 UTC,2026-07-05 20:03:14 UTC,254.12,0.3392,0.0045,0.0,0.0004,0.04,8.84,MIN_PROFIT_TP_HIT,0.1404
647,TRUMP_USDT,SHORT,StochasticRSI(FAST_SCALP-SHORT),2,0.2,1.701,1.699,1.699,1.709,2026-07-05 20:09:59 UTC,2026-07-05 20:12:59 UTC,179.47,0.3402,0.0045,0.0,0.0004,0.04,8.82,MIN_PROFIT_TP_HIT,0.1408
648,TRUMP_USDT,SHORT,StochasticRSI(FAST_SCALP-SHORT),2,0.2,1.697,1.705,1.695,1.705,2026-07-05 20:27:59 UTC,2026-07-05 20:55:17 UTC,1637.29,0.3394,0.0045,0.0,-0.0016,-0.15,-35.36,STOP_LOSS_HIT,0.1392
649,TRUMP_USDT,SHORT,StochasticRSI(FAST_SCALP-SHORT),2,0.2,1.699,1.697,1.697,1.707,2026-07-05 21:01:59 UTC,2026-07-05 21:05:32 UTC,212.12,0.3398,0.0045,0.0,0.0004,0.04,8.83,MIN_PROFIT_TP_HIT,0.1396
650,TRUMP_USDT,LONG,StochasticRSI(FAST_SCALP-LONG),2,0.2,1.7,1.702,1.702,1.692,2026-07-05 21:10:59 UTC,2026-07-05 21:12:56 UTC,116.26,0.34,0.0045,0.0,0.0004,0.04,8.82,MIN_PROFIT_TP_HIT,0.14
651,TRUMP_USDT,SHORT,StochasticRSI(FAST_SCALP-SHORT),2,0.2,1.705,1.713,1.703,1.713,2026-07-05 21:15:59 UTC,2026-07-05 21:26:22 UTC,622.27,0.341,0.0045,0.0,-0.0016,-0.15,-35.19,STOP_LOSS_HIT,0.1384
652,TRUMP_USDT,SHORT,StochasticRSI(FAST_SCALP-SHORT),2,0.2,1.715,1.713,1.713,1.723,2026-07-05 21:30:59 UTC,2026-07-05 21:32:04 UTC,64.28,0.343,0.0046,0.0,0.0004,0.04,8.75,MIN_PROFIT_TP_HIT,0.1388
653,TRUMP_USDT,LONG,StochasticRSI(FAST_SCALP-LONG),2,0.2,1.716,1.718,1.718,1.708,2026-07-05 21:37:59 UTC,2026-07-05 21:56:04 UTC,1084.63,0.3432,0.0046,0.0,0.0004,0.04,8.74,MIN_PROFIT_TP_HIT,0.1392
654,TRUMP_USDT,SHORT,StochasticRSI(FAST_SCALP-SHORT),2,0.2,1.713,1.711,1.711,1.721,2026-07-05 21:59:59 UTC,2026-07-05 22:00:06 UTC,6.28,0.3426,0.0046,0.0,0.0004,0.04,8.76,MIN_PROFIT_TP_HIT,0.1396
655,TRUMP_USDT,LONG,StochasticRSI(FAST_SCALP-LONG),2,0.2,1.713,1.715,1.715,1.705,2026-07-05 22:03:59 UTC,2026-07-05 22:16:11 UTC,731.06,0.3426,0.0046,0.0,0.0004,0.04,8.76,MIN_PROFIT_TP_HIT,0.14
656,TRUMP_USDT,SHORT,StochasticRSI(FAST_SCALP-SHORT),2,0.2,1.716,1.724,1.714,1.724,2026-07-05 22:17:59 UTC,2026-07-05 22:26:54 UTC,534.03,0.3432,0.0046,0.0,-0.0016,-0.15,-34.97,STOP_LOSS_HIT,0.1384
657,TRUMP_USDT,LONG,StochasticRSI(FAST_SCALP-LONG),2,0.2,1.722,1.724,1.724,1.714,2026-07-05 22:27:59 UTC,2026-07-05 22:28:24 UTC,24.88,0.3444,0.0046,0.0,0.0004,0.04,8.71,MIN_PROFIT_TP_HIT,0.1388
658,TRUMP_USDT,LONG,StochasticRSI(FAST_SCALP-LONG),2,0.2,1.714,1.716,1.716,1.706,2026-07-05 22:38:59 UTC,2026-07-05 22:39:24 UTC,24.26,0.3428,0.0046,0.0,0.0004,0.04,8.75,MIN_PROFIT_TP_HIT,0.1392
659,TRUMP_USDT,SHORT,StochasticRSI(FAST_SCALP-SHORT),2,0.2,1.714,1.712,1.712,1.722,2026-07-05 22:49:59 UTC,2026-07-05 22:51:02 UTC,62.47,0.3428,0.0046,0.0,0.0004,0.04,8.75,MIN_PROFIT_TP_HIT,0.1396
660,TRUMP_USDT,LONG,StochasticRSI(FAST_SCALP-LONG),2,0.2,1.714,1.716,1.716,1.706,2026-07-05 22:56:59 UTC,2026-07-05 22:58:08 UTC,68.41,0.3428,0.0046,0.0,0.0004,0.04,8.75,MIN_PROFIT_TP_HIT,0.14
661,TRUMP_USDT,SHORT,StochasticRSI(FAST_SCALP-SHORT),2,0.2,1.715,1.713,1.713,1.723,2026-07-05 23:01:59 UTC,2026-07-05 23:09:34 UTC,454.15,0.343,0.0046,0.0,0.0004,0.04,8.75,MIN_PROFIT_TP_HIT,0.1404
662,TRUMP_USDT,LONG,StochasticRSI(FAST_SCALP-LONG),2,0.2,1.714,1.716,1.716,1.706,2026-07-05 23:11:59 UTC,2026-07-05 23:12:05 UTC,5.2,0.3428,0.0046,0.0,0.0004,0.04,8.75,MIN_PROFIT_TP_HIT,0.1408
663,TRUMP_USDT,SHORT,StochasticRSI(FAST_SCALP-SHORT),2,0.2,1.716,1.714,1.714,1.724,2026-07-05 23:17:59 UTC,2026-07-05 23:22:49 UTC,289.07,0.3432,0.0046,0.0,0.0004,0.04,8.74,MIN_PROFIT_TP_HIT,0.1412
664,TRUMP_USDT,LONG,StochasticRSI(FAST_SCALP-LONG),2,0.2,1.714,1.716,1.716,1.706,2026-07-05 23:27:59 UTC,2026-07-05 23:28:05 UTC,5.75,0.3428,0.0046,0.0,0.0004,0.04,8.75,MIN_PROFIT_TP_HIT,0.1416
665,TRUMP_USDT,LONG,StochasticRSI(FAST_SCALP-LONG),2,0.2,1.713,1.705,1.715,1.705,2026-07-05 23:42:59 UTC,2026-07-05 23:47:32 UTC,272.54,0.3426,0.0046,0.0,-0.0016,-0.15,-35.03,STOP_LOSS_HIT,0.14
666,TRUMP_USDT,LONG,StochasticRSI(FAST_SCALP-LONG),2,0.2,1.707,1.699,1.709,1.699,2026-07-05 23:51:59 UTC,2026-07-06 00:01:08 UTC,548.11,0.3414,0.0046,0.0,-0.0016,-0.15,-35.15,STOP_LOSS_HIT,0.1384
667,TRUMP_USDT,LONG,StochasticRSI(FAST_SCALP-LONG),2,0.2,1.698,1.7,1.7,1.69,2026-07-06 00:05:59 UTC,2026-07-06 00:06:28 UTC,28.33,0.3396,0.0045,0.0,0.0004,0.04,8.83,MIN_PROFIT_TP_HIT,0.1388
668,TRUMP_USDT,LONG,StochasticRSI(FAST_SCALP-LONG),2,0.2,1.686,1.688,1.688,1.678,2026-07-06 00:10:59 UTC,2026-07-06 00:11:06 UTC,6.86,0.3372,0.0045,0.0,0.0004,0.04,8.9,MIN_PROFIT_TP_HIT,0.1392
669,TRUMP_USDT,SHORT,StochasticRSI(FAST_SCALP-SHORT),2,0.2,1.696,1.694,1.694,1.704,2026-07-06 00:18:59 UTC,2026-07-06 00:19:36 UTC,36.81,0.3392,0.0045,0.0,0.0004,0.04,8.84,MIN_PROFIT_TP_HIT,0.1396
670,TRUMP_USDT,LONG,StochasticRSI(FAST_SCALP-LONG),2,0.2,1.692,1.684,1.694,1.684,2026-07-06 00:27:59 UTC,2026-07-06 00:30:12 UTC,132.36,0.3384,0.0045,0.0,-0.0016,-0.15,-35.46,STOP_LOSS_HIT,0.138
671,TRUMP_USDT,SHORT,StochasticRSI(FAST_SCALP-SHORT),2,0.2,1.694,1.702,1.692,1.702,2026-07-06 00:42:59 UTC,2026-07-06 00:48:17 UTC,317.78,0.3388,0.0045,0.0,-0.0016,-0.15,-35.42,STOP_LOSS_HIT,0.1364
672,TRUMP_USDT,SHORT,StochasticRSI(FAST_SCALP-SHORT),2,0.2,1.701,1.699,1.699,1.709,2026-07-06 00:52:59 UTC,2026-07-06 00:53:22 UTC,22.07,0.3402,0.0045,0.0,0.0004,0.04,8.82,MIN_PROFIT_TP_HIT,0.1368
673,TRUMP_USDT,LONG,StochasticRSI(FAST_SCALP-LONG),2,0.2,1.698,1.7,1.7,1.69,2026-07-06 00:57:59 UTC,2026-07-06 00:58:37 UTC,37.54,0.3396,0.0045,0.0,0.0004,0.04,8.83,MIN_PROFIT_TP_HIT,0.1372
674,TRUMP_USDT,SHORT,StochasticRSI(FAST_SCALP-SHORT),2,0.2,1.699,1.697,1.697,1.707,2026-07-06 01:04:59 UTC,2026-07-06 01:07:10 UTC,130.75,0.3398,0.0045,0.0,0.0004,0.04,8.83,MIN_PROFIT_TP_HIT,0.1376
675,TRUMP_USDT,LONG,StochasticRSI(FAST_SCALP-LONG),2,0.2,1.701,1.693,1.703,1.693,2026-07-06 01:09:59 UTC,2026-07-06 01:26:22 UTC,982.24,0.3402,0.0045,0.0,-0.0016,-0.15,-35.27,STOP_LOSS_HIT,0.136
676,TRUMP_USDT,LONG,StochasticRSI(FAST_SCALP-LONG),2,0.2,1.695,1.697,1.697,1.687,2026-07-06 01:29:59 UTC,2026-07-06 01:31:08 UTC,68.08,0.339,0.0045,0.0,0.0004,0.04,8.85,MIN_PROFIT_TP_HIT,0.1364
677,TRUMP_USDT,SHORT,StochasticRSI(FAST_SCALP-SHORT),2,0.2,1.702,1.7,1.7,1.71,2026-07-06 01:35:59 UTC,2026-07-06 01:38:11 UTC,131.16,0.3404,0.0045,0.0,0.0004,0.04,8.81,MIN_PROFIT_TP_HIT,0.1368
678,TRUMP_USDT,LONG,StochasticRSI(FAST_SCALP-LONG),2,0.2,1.698,1.69,1.7,1.69,2026-07-06 01:48:59 UTC,2026-07-06 02:04:32 UTC,932.85,0.3396,0.0045,0.0,-0.0016,-0.15,-35.34,STOP_LOSS_HIT,0.1352
679,TRUMP_USDT,LONG,StochasticRSI(FAST_SCALP-LONG),2,0.2,1.681,1.683,1.683,1.673,2026-07-06 02:11:59 UTC,2026-07-06 02:12:14 UTC,14.16,0.3362,0.0045,0.0,0.0004,0.04,8.92,MIN_PROFIT_TP_HIT,0.1356
680,TRUMP_USDT,SHORT,StochasticRSI(FAST_SCALP-SHORT),2,0.2,1.688,1.686,1.686,1.696,2026-07-06 02:28:59 UTC,2026-07-06 02:30:03 UTC,63.86,0.3376,0.0045,0.0,0.0004,0.04,8.89,MIN_PROFIT_TP_HIT,0.136
681,TRUMP_USDT,LONG,StochasticRSI(FAST_SCALP-LONG),2,0.2,1.687,1.689,1.689,1.679,2026-07-06 02:32:59 UTC,2026-07-06 02:37:14 UTC,254.51,0.3374,0.0045,0.0,0.0004,0.04,8.89,MIN_PROFIT_TP_HIT,0.1364
682,TRUMP_USDT,SHORT,StochasticRSI(FAST_SCALP-SHORT),2,0.2,1.683,1.681,1.681,1.691,2026-07-06 02:41:59 UTC,2026-07-06 02:48:46 UTC,406.98,0.3366,0.0045,0.0,0.0004,0.04,8.91,MIN_PROFIT_TP_HIT,0.1368
683,TRUMP_USDT,LONG,StochasticRSI(FAST_SCALP-LONG),2,0.2,1.683,1.685,1.685,1.675,2026-07-06 02:51:59 UTC,2026-07-06 02:54:50 UTC,170.02,0.3366,0.0045,0.0,0.0004,0.04,8.91,MIN_PROFIT_TP_HIT,0.1372
684,TRUMP_USDT,SHORT,StochasticRSI(FAST_SCALP-SHORT),2,0.2,1.684,1.682,1.682,1.692,2026-07-06 02:57:59 UTC,2026-07-06 03:01:07 UTC,187.71,0.3368,0.0045,0.0,0.0004,0.04,8.91,MIN_PROFIT_TP_HIT,0.1376
685,TRUMP_USDT,LONG,StochasticRSI(FAST_SCALP-LONG),2,0.2,1.684,1.686,1.686,1.676,2026-07-06 03:05:59 UTC,2026-07-06 03:11:09 UTC,309.25,0.3368,0.0045,0.0,0.0004,0.04,8.91,MIN_PROFIT_TP_HIT,0.138
686,TRUMP_USDT,SHORT,StochasticRSI(FAST_SCALP-SHORT),2,0.2,1.684,1.682,1.682,1.692,2026-07-06 03:14:59 UTC,2026-07-06 03:22:11 UTC,431.16,0.3368,0.0045,0.0,0.0004,0.04,8.91,MIN_PROFIT_TP_HIT,0.1384
687,TRUMP_USDT,LONG,StochasticRSI(FAST_SCALP-LONG),2,0.2,1.68,1.682,1.682,1.672,2026-07-06 03:26:59 UTC,2026-07-06 03:27:05 UTC,5.38,0.336,0.0045,0.0,0.0004,0.04,8.93,MIN_PROFIT_TP_HIT,0.1388
688,TRUMP_USDT,SHORT,StochasticRSI(FAST_SCALP-SHORT),2,0.2,1.66,1.668,1.658,1.668,2026-07-06 03:31:59 UTC,2026-07-06 03:32:47 UTC,47.04,0.332,0.0044,0.0,-0.0016,-0.15,-36.14,STOP_LOSS_HIT,0.1372
689,TRUMP_USDT,SHORT,StochasticRSI(FAST_SCALP-SHORT),2,0.2,1.67,1.668,1.668,1.678,2026-07-06 03:41:59 UTC,2026-07-06 03:43:07 UTC,67.31,0.334,0.0045,0.0,0.0004,0.04,8.98,MIN_PROFIT_TP_HIT,0.1376
690,TRUMP_USDT,LONG,StochasticRSI(FAST_SCALP-LONG),2,0.2,1.666,1.668,1.668,1.658,2026-07-06 03:46:59 UTC,2026-07-06 03:47:43 UTC,43.1,0.3332,0.0044,0.0,0.0004,0.04,9.0,MIN_PROFIT_TP_HIT,0.138
691,TRUMP_USDT,SHORT,StochasticRSI(FAST_SCALP-SHORT),2,0.2,1.667,1.665,1.665,1.675,2026-07-06 03:55:59 UTC,2026-07-06 04:07:56 UTC,716.55,0.3334,0.0044,0.0,0.0004,0.04,9.0,MIN_PROFIT_TP_HIT,0.1384
692,TRUMP_USDT,LONG,StochasticRSI(FAST_SCALP-LONG),2,0.2,1.668,1.67,1.67,1.66,2026-07-06 04:11:59 UTC,2026-07-06 04:13:03 UTC,63.43,0.3336,0.0044,0.0,0.0004,0.04,8.99,MIN_PROFIT_TP_HIT,0.1388
693,TRUMP_USDT,SHORT,StochasticRSI(FAST_SCALP-SHORT),2,0.2,1.671,1.669,1.669,1.679,2026-07-06 04:16:59 UTC,2026-07-06 04:25:01 UTC,481.74,0.3342,0.0045,0.0,0.0004,0.04,8.98,MIN_PROFIT_TP_HIT,0.1392
694,TRUMP_USDT,LONG,StochasticRSI(FAST_SCALP-LONG),2,0.2,1.672,1.674,1.674,1.664,2026-07-06 04:30:59 UTC,2026-07-06 04:34:02 UTC,182.34,0.3344,0.0045,0.0,0.0004,0.04,8.97,MIN_PROFIT_TP_HIT,0.1396
695,TRUMP_USDT,SHORT,StochasticRSI(FAST_SCALP-SHORT),2,0.2,1.67,1.678,1.668,1.678,2026-07-06 04:37:59 UTC,2026-07-06 04:54:19 UTC,979.78,0.334,0.0045,0.0,-0.0016,-0.15,-35.93,STOP_LOSS_HIT,0.138
696,TRUMP_USDT,SHORT,StochasticRSI(FAST_SCALP-SHORT),2,0.2,1.676,1.674,1.674,1.684,2026-07-06 04:56:59 UTC,2026-07-06 04:57:41 UTC,41.05,0.3352,0.0045,0.0,0.0004,0.04,8.95,MIN_PROFIT_TP_HIT,0.1384
697,TRUMP_USDT,LONG,StochasticRSI(FAST_SCALP-LONG),2,0.2,1.664,1.666,1.666,1.656,2026-07-06 05:06:59 UTC,2026-07-06 05:14:23 UTC,443.7,0.3328,0.0044,0.0,0.0004,0.04,9.01,MIN_PROFIT_TP_HIT,0.1388
698,TRUMP_USDT,SHORT,StochasticRSI(FAST_SCALP-SHORT),2,0.2,1.663,1.661,1.661,1.671,2026-07-06 05:16:59 UTC,2026-07-06 05:18:05 UTC,65.68,0.3326,0.0044,0.0,0.0004,0.04,9.02,MIN_PROFIT_TP_HIT,0.1392
699,TRUMP_USDT,SHORT,StochasticRSI(FAST_SCALP-SHORT),2,0.2,1.661,1.659,1.659,1.669,2026-07-06 05:20:59 UTC,2026-07-06 05:21:47 UTC,47.35,0.3322,0.0044,0.0,0.0004,0.04,9.03,MIN_PROFIT_TP_HIT,0.1396
700,TRUMP_USDT,LONG,StochasticRSI(FAST_SCALP-LONG),2,0.2,1.66,1.652,1.662,1.652,2026-07-06 05:24:59 UTC,2026-07-06 05:28:04 UTC,184.47,0.332,0.0044,0.0,-0.0016,-0.15,-36.14,STOP_LOSS_HIT,0.138
701,TRUMP_USDT,LONG,StochasticRSI(FAST_SCALP-LONG),2,0.2,1.656,1.658,1.658,1.648,2026-07-06 05:32:59 UTC,2026-07-06 05:33:15 UTC,15.67,0.3312,0.0044,0.0,0.0004,0.04,9.06,MIN_PROFIT_TP_HIT,0.1384
702,TRUMP_USDT,SHORT,StochasticRSI(FAST_SCALP-SHORT),2,0.2,1.662,1.66,1.66,1.67,2026-07-06 05:39:59 UTC,2026-07-06 06:17:54 UTC,2274.2,0.3324,0.0044,0.0,0.0004,0.04,9.03,MIN_PROFIT_TP_HIT,0.1388
703,TRUMP_USDT,LONG,StochasticRSI(FAST_SCALP-LONG),2,0.2,1.659,1.661,1.661,1.651,2026-07-06 06:20:59 UTC,2026-07-06 06:21:42 UTC,42.96,0.3318,0.0044,0.0,0.0004,0.04,9.04,MIN_PROFIT_TP_HIT,0.1392
704,TRUMP_USDT,SHORT,StochasticRSI(FAST_SCALP-SHORT),2,0.2,1.663,1.661,1.661,1.671,2026-07-06 06:26:59 UTC,2026-07-06 06:27:03 UTC,3.34,0.3326,0.0044,0.0,0.0004,0.04,9.02,MIN_PROFIT_TP_HIT,0.1396
705,TRUMP_USDT,SHORT,StochasticRSI(FAST_SCALP-SHORT),2,0.2,1.662,1.66,1.66,1.67,2026-07-06 06:31:59 UTC,2026-07-06 06:34:55 UTC,175.93,0.3324,0.0044,0.0,0.0004,0.04,9.03,MIN_PROFIT_TP_HIT,0.14
706,TRUMP_USDT,LONG,StochasticRSI(FAST_SCALP-LONG),2,0.2,1.661,1.663,1.663,1.653,2026-07-06 06:36:59 UTC,2026-07-06 06:37:11 UTC,11.63,0.3322,0.0044,0.0,0.0004,0.04,9.03,MIN_PROFIT_TP_HIT,0.1404
707,TRUMP_USDT,LONG,StochasticRSI(FAST_SCALP-LONG),2,0.2,1.661,1.663,1.663,1.653,2026-07-06 06:49:59 UTC,2026-07-06 06:50:00 UTC,0.46,0.3322,0.0044,0.0,0.0004,0.04,9.03,MIN_PROFIT_TP_HIT,0.1408
708,TRUMP_USDT,LONG,StochasticRSI(FAST_SCALP-LONG),2,0.2,1.661,1.663,1.663,1.653,2026-07-06 07:00:59 UTC,2026-07-06 07:05:09 UTC,249.07,0.3322,0.0044,0.0,0.0004,0.04,9.03,MIN_PROFIT_TP_HIT,0.1412
709,TRUMP_USDT,SHORT,StochasticRSI(FAST_SCALP-SHORT),2,0.2,1.664,1.662,1.662,1.672,2026-07-06 07:08:59 UTC,2026-07-06 07:11:02 UTC,122.83,0.3328,0.0044,0.0,0.0004,0.04,9.01,MIN_PROFIT_TP_HIT,0.1416
710,TRUMP_USDT,LONG,StochasticRSI(FAST_SCALP-LONG),2,0.2,1.662,1.664,1.664,1.654,2026-07-06 07:20:59 UTC,2026-07-06 07:22:05 UTC,65.16,0.3324,0.0044,0.0,0.0004,0.04,9.03,MIN_PROFIT_TP_HIT,0.142
711,TRUMP_USDT,SHORT,StochasticRSI(FAST_SCALP-SHORT),2,0.2,1.664,1.662,1.662,1.672,2026-07-06 07:26:59 UTC,2026-07-06 07:27:18 UTC,18.4,0.3328,0.0044,0.0,0.0004,0.04,9.01,MIN_PROFIT_TP_HIT,0.1424
712,TRUMP_USDT,LONG,StochasticRSI(FAST_SCALP-LONG),2,0.2,1.662,1.664,1.664,1.654,2026-07-06 07:32:59 UTC,2026-07-06 07:34:21 UTC,81.44,0.3324,0.0044,0.0,0.0004,0.04,9.03,MIN_PROFIT_TP_HIT,0.1428
713,TRUMP_USDT,SHORT,StochasticRSI(FAST_SCALP-SHORT),2,0.2,1.672,1.67,1.67,1.68,2026-07-06 07:52:59 UTC,2026-07-06 07:53:07 UTC,7.52,0.3344,0.0045,0.0,0.0004,0.04,8.97,MIN_PROFIT_TP_HIT,0.1432
714,TRUMP_USDT,LONG,StochasticRSI(FAST_SCALP-LONG),2,0.2,1.669,1.671,1.671,1.661,2026-07-06 07:57:59 UTC,2026-07-06 08:05:56 UTC,476.28,0.3338,0.0045,0.0,0.0004,0.04,8.99,MIN_PROFIT_TP_HIT,0.1436
715,TRUMP_USDT,SHORT,StochasticRSI(FAST_SCALP-SHORT),2,0.2,1.669,1.667,1.667,1.677,2026-07-06 08:09:59 UTC,2026-07-06 08:10:40 UTC,40.74,0.3338,0.0045,0.0,0.0004,0.04,8.99,MIN_PROFIT_TP_HIT,0.144
716,TRUMP_USDT,LONG,StochasticRSI(FAST_SCALP-LONG),2,0.2,1.667,1.659,1.669,1.659,2026-07-06 08:14:59 UTC,2026-07-06 08:36:10 UTC,1270.11,0.3334,0.0044,0.0,-0.0016,-0.15,-35.99,STOP_LOSS_HIT,0.1424
717,TRUMP_USDT,LONG,StochasticRSI(FAST_SCALP-LONG),2,0.2,1.659,1.661,1.661,1.651,2026-07-06 08:39:59 UTC,2026-07-06 08:41:10 UTC,70.68,0.3318,0.0044,0.0,0.0004,0.04,9.04,MIN_PROFIT_TP_HIT,0.1428
718,TRUMP_USDT,SHORT,StochasticRSI(FAST_SCALP-SHORT),2,0.2,1.663,1.661,1.661,1.671,2026-07-06 08:50:59 UTC,2026-07-06 08:51:34 UTC,34.94,0.3326,0.0044,0.0,0.0004,0.04,9.02,MIN_PROFIT_TP_HIT,0.1432
719,TRUMP_USDT,LONG,StochasticRSI(FAST_SCALP-LONG),2,0.2,1.663,1.665,1.665,1.655,2026-07-06 08:56:59 UTC,2026-07-06 08:58:26 UTC,86.29,0.3326,0.0044,0.0,0.0004,0.04,9.02,MIN_PROFIT_TP_HIT,0.1436
720,TRUMP_USDT,SHORT,StochasticRSI(FAST_SCALP-SHORT),2,0.2,1.663,1.661,1.661,1.671,2026-07-06 09:01:59 UTC,2026-07-06 09:11:03 UTC,543.23,0.3326,0.0044,0.0,0.0004,0.04,9.02,MIN_PROFIT_TP_HIT,0.144
721,TRUMP_USDT,LONG,StochasticRSI(FAST_SCALP-LONG),2,0.2,1.661,1.663,1.663,1.653,2026-07-06 09:16:59 UTC,2026-07-06 09:18:05 UTC,65.8,0.3322,0.0044,0.0,0.0004,0.04,9.03,MIN_PROFIT_TP_HIT,0.1444
722,TRUMP_USDT,SHORT,StochasticRSI(FAST_SCALP-SHORT),2,0.2,1.665,1.663,1.663,1.673,2026-07-06 09:33:59 UTC,2026-07-06 09:36:36 UTC,156.13,0.333,0.0044,0.0,0.0004,0.04,9.01,MIN_PROFIT_TP_HIT,0.1448
723,TRUMP_USDT,LONG,StochasticRSI(FAST_SCALP-LONG),2,0.2,1.664,1.666,1.666,1.656,2026-07-06 09:41:59 UTC,2026-07-06 09:51:23 UTC,563.28,0.3328,0.0044,0.0,0.0004,0.04,9.01,MIN_PROFIT_TP_HIT,0.1452
724,TRUMP_USDT,LONG,StochasticRSI(FAST_SCALP-LONG),2,0.2,1.665,1.667,1.667,1.657,2026-07-06 10:05:59 UTC,2026-07-06 10:10:07 UTC,247.87,0.333,0.0044,0.0,0.0004,0.04,9.01,MIN_PROFIT_TP_HIT,0.1456
725,TRUMP_USDT,SHORT,StochasticRSI(FAST_SCALP-SHORT),2,0.2,1.665,1.673,1.663,1.673,2026-07-06 10:17:59 UTC,2026-07-06 10:37:01 UTC,1141.34,0.333,0.0044,0.0,-0.0016,-0.15,-36.04,STOP_LOSS_HIT,0.144
726,TRUMP_USDT,SHORT,StochasticRSI(FAST_SCALP-SHORT),2,0.2,1.674,1.672,1.672,1.682,2026-07-06 10:39:59 UTC,2026-07-06 10:40:09 UTC,9.29,0.3348,0.0045,0.0,0.0004,0.04,8.96,MIN_PROFIT_TP_HIT,0.1444
727,TRUMP_USDT,LONG,StochasticRSI(FAST_SCALP-LONG),2,0.2,1.674,1.676,1.676,1.666,2026-07-06 10:45:59 UTC,2026-07-06 10:46:07 UTC,7.55,0.3348,0.0045,0.0,0.0004,0.04,8.96,MIN_PROFIT_TP_HIT,0.1448
728,TRUMP_USDT,LONG,StochasticRSI(FAST_SCALP-LONG),2,0.2,1.671,1.673,1.673,1.663,2026-07-06 10:53:59 UTC,2026-07-06 11:23:50 UTC,1790.55,0.3342,0.0045,0.0,0.0004,0.04,8.98,MIN_PROFIT_TP_HIT,0.1452
729,TRUMP_USDT,SHORT,StochasticRSI(FAST_SCALP-SHORT),2,0.2,1.672,1.67,1.67,1.68,2026-07-06 11:25:59 UTC,2026-07-06 11:26:02 UTC,2.52,0.3344,0.0045,0.0,0.0004,0.04,8.97,MIN_PROFIT_TP_HIT,0.1456
730,TRUMP_USDT,SHORT,StochasticRSI(FAST_SCALP-SHORT),2,0.2,1.675,1.673,1.673,1.683,2026-07-06 11:36:59 UTC,2026-07-06 11:42:08 UTC,308.16,0.335,0.0045,0.0,0.0004,0.04,8.96,MIN_PROFIT_TP_HIT,0.146
731,TRUMP_USDT,LONG,StochasticRSI(FAST_SCALP-LONG),2,0.2,1.676,1.678,1.678,1.668,2026-07-06 11:44:59 UTC,2026-07-06 11:46:03 UTC,63.3,0.3352,0.0045,0.0,0.0004,0.04,8.95,MIN_PROFIT_TP_HIT,0.1464
732,TRUMP_USDT,SHORT,StochasticRSI(FAST_SCALP-SHORT),2,0.2,1.674,1.672,1.672,1.682,2026-07-06 11:47:59 UTC,2026-07-06 11:50:24 UTC,144.75,0.3348,0.0045,0.0,0.0004,0.04,8.96,MIN_PROFIT_TP_HIT,0.1468
733,TRUMP_USDT,LONG,StochasticRSI(FAST_SCALP-LONG),2,0.2,1.672,1.674,1.674,1.664,2026-07-06 11:52:59 UTC,2026-07-06 11:55:08 UTC,128.68,0.3344,0.0045,0.0,0.0004,0.04,8.97,MIN_PROFIT_TP_HIT,0.1472
734,TRUMP_USDT,LONG,StochasticRSI(FAST_SCALP-LONG),2,0.2,1.637,1.639,1.639,1.629,2026-07-06 12:06:59 UTC,2026-07-06 12:08:09 UTC,69.79,0.3274,0.0044,0.0,0.0004,0.04,9.16,MIN_PROFIT_TP_HIT,0.1476
735,TRUMP_USDT,SHORT,StochasticRSI(FAST_SCALP-SHORT),2,0.2,1.645,1.653,1.643,1.653,2026-07-06 12:14:59 UTC,2026-07-06 12:30:34 UTC,934.71,0.329,0.0044,0.0,-0.0016,-0.15,-36.47,STOP_LOSS_HIT,0.146
736,TRUMP_USDT,SHORT,StochasticRSI(FAST_SCALP-SHORT),2,0.2,1.655,1.653,1.653,1.663,2026-07-06 12:34:59 UTC,2026-07-06 12:36:16 UTC,76.91,0.331,0.0044,0.0,0.0004,0.04,9.06,MIN_PROFIT_TP_HIT,0.1464
737,TRUMP_USDT,LONG,StochasticRSI(FAST_SCALP-LONG),2,0.2,1.639,1.641,1.641,1.631,2026-07-06 12:48:59 UTC,2026-07-06 12:50:05 UTC,65.66,0.3278,0.0044,0.0,0.0004,0.04,9.15,MIN_PROFIT_TP_HIT,0.1468
738,TRUMP_USDT,SHORT,StochasticRSI(FAST_SCALP-SHORT),2,0.2,1.639,1.637,1.637,1.647,2026-07-06 12:56:59 UTC,2026-07-06 12:57:43 UTC,43.95,0.3278,0.0044,0.0,0.0004,0.04,9.15,MIN_PROFIT_TP_HIT,0.1472
739,TRUMP_USDT,LONG,StochasticRSI(FAST_SCALP-LONG),2,0.2,1.635,1.627,1.637,1.627,2026-07-06 13:01:59 UTC,2026-07-06 13:04:00 UTC,120.81,0.327,0.0044,0.0,-0.0016,-0.15,-36.7,STOP_LOSS_HIT,0.1456
740,TRUMP_USDT,LONG,StochasticRSI(FAST_SCALP-LONG),2,0.2,1.632,1.634,1.634,1.624,2026-07-06 13:06:59 UTC,2026-07-06 13:08:12 UTC,72.27,0.3264,0.0044,0.0,0.0004,0.04,9.19,MIN_PROFIT_TP_HIT,0.146
741,TRUMP_USDT,SHORT,StochasticRSI(FAST_SCALP-SHORT),2,0.2,1.632,1.63,1.63,1.64,2026-07-06 13:12:59 UTC,2026-07-06 13:14:15 UTC,75.83,0.3264,0.0044,0.0,0.0004,0.04,9.19,MIN_PROFIT_TP_HIT,0.1464
742,TRUMP_USDT,SHORT,StochasticRSI(FAST_SCALP-SHORT),2,0.2,1.634,1.632,1.632,1.642,2026-07-06 13:26:59 UTC,2026-07-06 13:27:12 UTC,12.18,0.3268,0.0044,0.0,0.0004,0.04,9.18,MIN_PROFIT_TP_HIT,0.1468
743,TRUMP_USDT,SHORT,StochasticRSI(FAST_SCALP-SHORT),2,0.2,1.636,1.634,1.634,1.644,2026-07-06 13:37:59 UTC,2026-07-06 13:38:27 UTC,27.51,0.3272,0.0044,0.0,0.0004,0.04,9.17,MIN_PROFIT_TP_HIT,0.1472
744,TRUMP_USDT,LONG,StochasticRSI(FAST_SCALP-LONG),2,0.2,1.642,1.644,1.644,1.634,2026-07-06 13:40:59 UTC,2026-07-06 13:44:16 UTC,196.51,0.3284,0.0044,0.0,0.0004,0.04,9.14,MIN_PROFIT_TP_HIT,0.1476
745,TRUMP_USDT,SHORT,StochasticRSI(FAST_SCALP-SHORT),2,0.2,1.649,1.647,1.647,1.657,2026-07-06 13:48:59 UTC,2026-07-06 13:56:25 UTC,445.39,0.3298,0.0044,0.0,0.0004,0.04,9.1,MIN_PROFIT_TP_HIT,0.148
746,TRUMP_USDT,LONG,StochasticRSI(FAST_SCALP-LONG),2,0.2,1.644,1.646,1.646,1.636,2026-07-06 14:02:59 UTC,2026-07-06 14:03:14 UTC,14.09,0.3288,0.0044,0.0,0.0004,0.04,9.12,MIN_PROFIT_TP_HIT,0.1484
747,TRUMP_USDT,LONG,StochasticRSI(FAST_SCALP-LONG),2,0.2,1.644,1.646,1.646,1.636,2026-07-06 14:07:59 UTC,2026-07-06 14:10:21 UTC,141.47,0.3288,0.0044,0.0,0.0004,0.04,9.12,MIN_PROFIT_TP_HIT,0.1488
748,TRUMP_USDT,SHORT,StochasticRSI(FAST_SCALP-SHORT),2,0.2,1.645,1.653,1.643,1.653,2026-07-06 14:18:59 UTC,2026-07-06 14:25:27 UTC,387.58,0.329,0.0044,0.0,-0.0016,-0.15,-36.47,STOP_LOSS_HIT,0.1472
749,TRUMP_USDT,LONG,StochasticRSI(FAST_SCALP-LONG),2,0.2,1.651,1.653,1.653,1.643,2026-07-06 14:33:59 UTC,2026-07-06 14:40:46 UTC,406.37,0.3302,0.0044,0.0,0.0004,0.04,9.09,MIN_PROFIT_TP_HIT,0.1476
750,TRUMP_USDT,LONG,StochasticRSI(FAST_SCALP-LONG),2,0.2,1.65,1.642,1.652,1.642,2026-07-06 14:41:59 UTC,2026-07-06 14:45:43 UTC,223.45,0.33,0.0044,0.0,-0.0016,-0.15,-36.36,STOP_LOSS_HIT,0.146
751,TRUMP_USDT,LONG,StochasticRSI(FAST_SCALP-LONG),2,0.2,1.638,1.64,1.64,1.63,2026-07-06 14:51:59 UTC,2026-07-06 14:52:28 UTC,28.73,0.3276,0.0044,0.0,0.0004,0.04,9.16,MIN_PROFIT_TP_HIT,0.1464
752,TRUMP_USDT,SHORT,StochasticRSI(FAST_SCALP-SHORT),2,0.2,1.641,1.639,1.639,1.649,2026-07-06 14:57:59 UTC,2026-07-06 14:58:17 UTC,17.3,0.3282,0.0044,0.0,0.0004,0.04,9.14,MIN_PROFIT_TP_HIT,0.1468
753,TRUMP_USDT,SHORT,StochasticRSI(FAST_SCALP-SHORT),2,0.2,1.638,1.636,1.636,1.646,2026-07-06 14:59:59 UTC,2026-07-06 15:01:02 UTC,62.66,0.3276,0.0044,0.0,0.0004,0.04,9.16,MIN_PROFIT_TP_HIT,0.1472
754,TRUMP_USDT,LONG,StochasticRSI(FAST_SCALP-LONG),2,0.2,1.642,1.644,1.644,1.634,2026-07-06 15:03:59 UTC,2026-07-06 15:04:17 UTC,17.3,0.3284,0.0044,0.0,0.0004,0.04,9.14,MIN_PROFIT_TP_HIT,0.1476
755,TRUMP_USDT,SHORT,StochasticRSI(FAST_SCALP-SHORT),2,0.2,1.646,1.654,1.644,1.654,2026-07-06 15:08:59 UTC,2026-07-06 15:15:43 UTC,403.28,0.3292,0.0044,0.0,-0.0016,-0.15,-36.45,STOP_LOSS_HIT,0.146
756,TRUMP_USDT,SHORT,StochasticRSI(FAST_SCALP-SHORT),2,0.2,1.65,1.648,1.648,1.658,2026-07-06 15:16:59 UTC,2026-07-06 15:19:25 UTC,145.67,0.33,0.0044,0.0,0.0004,0.04,9.09,MIN_PROFIT_TP_HIT,0.1464
757,TRUMP_USDT,LONG,StochasticRSI(FAST_SCALP-LONG),2,0.2,1.649,1.651,1.651,1.641,2026-07-06 15:23:59 UTC,2026-07-06 15:24:01 UTC,1.94,0.3298,0.0044,0.0,0.0004,0.04,9.1,MIN_PROFIT_TP_HIT,0.1468
758,TRUMP_USDT,SHORT,StochasticRSI(FAST_SCALP-SHORT),2,0.2,1.66,1.658,1.658,1.668,2026-07-06 15:31:59 UTC,2026-07-06 15:32:19 UTC,19.9,0.332,0.0044,0.0,0.0004,0.04,9.04,MIN_PROFIT_TP_HIT,0.1472
759,TRUMP_USDT,LONG,StochasticRSI(FAST_SCALP-LONG),2,0.2,1.657,1.659,1.659,1.649,2026-07-06 15:39:59 UTC,2026-07-06 15:40:20 UTC,20.63,0.3314,0.0044,0.0,0.0004,0.04,9.05,MIN_PROFIT_TP_HIT,0.1476
760,TRUMP_USDT,LONG,StochasticRSI(FAST_SCALP-LONG),2,0.2,1.666,1.668,1.668,1.658,2026-07-06 15:41:59 UTC,2026-07-06 15:44:02 UTC,122.76,0.3332,0.0044,0.0,0.0004,0.04,9.0,MIN_PROFIT_TP_HIT,0.148
761,TRUMP_USDT,LONG,StochasticRSI(FAST_SCALP-LONG),2,0.2,1.67,1.672,1.672,1.662,2026-07-06 15:51:59 UTC,2026-07-06 15:52:12 UTC,12.74,0.334,0.0045,0.0,0.0004,0.04,8.98,MIN_PROFIT_TP_HIT,0.1484
762,TRUMP_USDT,SHORT,StochasticRSI(FAST_SCALP-SHORT),2,0.2,1.673,1.671,1.671,1.681,2026-07-06 15:57:59 UTC,2026-07-06 15:58:08 UTC,8.91,0.3346,0.0045,0.0,0.0004,0.04,8.97,MIN_PROFIT_TP_HIT,0.1488
763,TRUMP_USDT,SHORT,StochasticRSI(FAST_SCALP-SHORT),2,0.2,1.671,1.669,1.669,1.679,2026-07-06 16:01:59 UTC,2026-07-06 16:03:57 UTC,117.03,0.3342,0.0045,0.0,0.0004,0.04,8.98,MIN_PROFIT_TP_HIT,0.1492
764,TRUMP_USDT,LONG,StochasticRSI(FAST_SCALP-LONG),2,0.2,1.671,1.673,1.673,1.663,2026-07-06 16:05:59 UTC,2026-07-06 16:07:53 UTC,113.51,0.3342,0.0045,0.0,0.0004,0.04,8.98,MIN_PROFIT_TP_HIT,0.1496
765,TRUMP_USDT,SHORT,StochasticRSI(FAST_SCALP-SHORT),2,0.2,1.686,1.684,1.684,1.694,2026-07-06 16:15:59 UTC,2026-07-06 16:16:05 UTC,5.66,0.3372,0.0045,0.0,0.0004,0.04,8.9,MIN_PROFIT_TP_HIT,0.15
766,TRUMP_USDT,LONG,StochasticRSI(FAST_SCALP-LONG),2,0.2,1.677,1.679,1.679,1.669,2026-07-06 16:22:59 UTC,2026-07-06 16:23:28 UTC,28.9,0.3354,0.0045,0.0,0.0004,0.04,8.94,MIN_PROFIT_TP_HIT,0.1504
767,TRUMP_USDT,LONG,StochasticRSI(FAST_SCALP-LONG),2,0.2,1.674,1.676,1.676,1.666,2026-07-06 16:29:59 UTC,2026-07-06 16:31:51 UTC,111.46,0.3348,0.0045,0.0,0.0004,0.04,8.96,MIN_PROFIT_TP_HIT,0.1508
768,TRUMP_USDT,SHORT,StochasticRSI(FAST_SCALP-SHORT),2,0.2,1.676,1.674,1.674,1.684,2026-07-06 16:35:59 UTC,2026-07-06 16:39:44 UTC,224.59,0.3352,0.0045,0.0,0.0004,0.04,8.95,MIN_PROFIT_TP_HIT,0.1512
769,TRUMP_USDT,SHORT,StochasticRSI(FAST_SCALP-SHORT),2,0.2,1.68,1.678,1.678,1.688,2026-07-06 16:50:59 UTC,2026-07-06 16:53:06 UTC,126.04,0.336,0.0045,0.0,0.0004,0.04,8.93,MIN_PROFIT_TP_HIT,0.1516
770,TRUMP_USDT,LONG,StochasticRSI(FAST_SCALP-LONG),2,0.2,1.676,1.678,1.678,1.668,2026-07-06 16:58:59 UTC,2026-07-06 16:59:03 UTC,3.34,0.3352,0.0045,0.0,0.0004,0.04,8.95,MIN_PROFIT_TP_HIT,0.152
771,TRUMP_USDT,LONG,StochasticRSI(FAST_SCALP-LONG),2,0.2,1.676,1.678,1.678,1.668,2026-07-06 17:07:59 UTC,2026-07-06 17:09:08 UTC,68.24,0.3352,0.0045,0.0,0.0004,0.04,8.95,MIN_PROFIT_TP_HIT,0.1524
772,TRUMP_USDT,LONG,StochasticRSI(FAST_SCALP-LONG),2,0.2,1.676,1.678,1.678,1.668,2026-07-06 17:14:59 UTC,2026-07-06 17:24:30 UTC,570.13,0.3352,0.0045,0.0,0.0004,0.04,8.95,MIN_PROFIT_TP_HIT,0.1528
773,TRUMP_USDT,SHORT,StochasticRSI(FAST_SCALP-SHORT),2,0.2,1.678,1.676,1.676,1.686,2026-07-06 17:30:59 UTC,2026-07-06 17:33:45 UTC,165.97,0.3356,0.0045,0.0,0.0004,0.04,8.94,MIN_PROFIT_TP_HIT,0.1532
774,TRUMP_USDT,LONG,StochasticRSI(FAST_SCALP-LONG),2,0.2,1.673,1.675,1.675,1.665,2026-07-06 17:38:59 UTC,2026-07-06 17:41:07 UTC,127.38,0.3346,0.0045,0.0,0.0004,0.04,8.97,MIN_PROFIT_TP_HIT,0.1536
775,TRUMP_USDT,SHORT,StochasticRSI(FAST_SCALP-SHORT),2,0.2,1.675,1.673,1.673,1.683,2026-07-06 17:46:59 UTC,2026-07-06 17:53:03 UTC,363.47,0.335,0.0045,0.0,0.0004,0.04,8.96,MIN_PROFIT_TP_HIT,0.154
776,TRUMP_USDT,LONG,StochasticRSI(FAST_SCALP-LONG),2,0.2,1.669,1.671,1.671,1.661,2026-07-06 18:00:59 UTC,2026-07-06 18:01:26 UTC,26.73,0.3338,0.0045,0.0,0.0004,0.04,8.99,MIN_PROFIT_TP_HIT,0.1544
777,TRUMP_USDT,SHORT,StochasticRSI(FAST_SCALP-SHORT),2,0.2,1.671,1.669,1.669,1.679,2026-07-06 18:06:59 UTC,2026-07-06 18:10:10 UTC,190.04,0.3342,0.0045,0.0,0.0004,0.04,8.98,MIN_PROFIT_TP_HIT,0.1548
778,TRUMP_USDT,LONG,StochasticRSI(FAST_SCALP-LONG),2,0.2,1.669,1.671,1.671,1.661,2026-07-06 18:17:59 UTC,2026-07-06 18:18:50 UTC,50.76,0.3338,0.0045,0.0,0.0004,0.04,8.99,MIN_PROFIT_TP_HIT,0.1552
779,TRUMP_USDT,SHORT,StochasticRSI(FAST_SCALP-SHORT),2,0.2,1.677,1.675,1.675,1.685,2026-07-06 18:23:59 UTC,2026-07-06 18:29:15 UTC,315.25,0.3354,0.0045,0.0,0.0004,0.04,8.94,MIN_PROFIT_TP_HIT,0.1556
780,TRUMP_USDT,LONG,StochasticRSI(FAST_SCALP-LONG),2,0.2,1.678,1.68,1.68,1.67,2026-07-06 18:35:59 UTC,2026-07-06 18:36:37 UTC,37.29,0.3356,0.0045,0.0,0.0004,0.04,8.94,MIN_PROFIT_TP_HIT,0.156
781,TRUMP_USDT,SHORT,StochasticRSI(FAST_SCALP-SHORT),2,0.2,1.681,1.679,1.679,1.689,2026-07-06 18:39:59 UTC,2026-07-06 18:40:21 UTC,21.36,0.3362,0.0045,0.0,0.0004,0.04,8.92,MIN_PROFIT_TP_HIT,0.1564
782,TRUMP_USDT,LONG,StochasticRSI(FAST_SCALP-LONG),2,0.2,1.684,1.686,1.686,1.676,2026-07-06 18:52:59 UTC,2026-07-06 18:55:18 UTC,138.77,0.3368,0.0045,0.0,0.0004,0.04,8.91,MIN_PROFIT_TP_HIT,0.1568
783,TRUMP_USDT,LONG,StochasticRSI(FAST_SCALP-LONG),2,0.2,1.683,1.685,1.685,1.675,2026-07-06 18:57:59 UTC,2026-07-06 19:01:12 UTC,192.71,0.3366,0.0045,0.0,0.0004,0.04,8.91,MIN_PROFIT_TP_HIT,0.1572
784,TRUMP_USDT,LONG,StochasticRSI(FAST_SCALP-LONG),2,0.2,1.682,1.684,1.684,1.674,2026-07-06 19:07:59 UTC,2026-07-06 19:09:02 UTC,62.84,0.3364,0.0045,0.0,0.0004,0.04,8.92,MIN_PROFIT_TP_HIT,0.1576
785,TRUMP_USDT,LONG,StochasticRSI(FAST_SCALP-LONG),2,0.2,1.685,1.687,1.687,1.677,2026-07-06 19:10:59 UTC,2026-07-06 19:19:15 UTC,495.17,0.337,0.0045,0.0,0.0004,0.04,8.9,MIN_PROFIT_TP_HIT,0.158
786,TRUMP_USDT,SHORT,StochasticRSI(FAST_SCALP-SHORT),2,0.2,1.689,1.687,1.687,1.697,2026-07-06 19:28:59 UTC,2026-07-06 19:31:04 UTC,124.88,0.3378,0.0045,0.0,0.0004,0.04,8.88,MIN_PROFIT_TP_HIT,0.1584
787,TRUMP_USDT,SHORT,StochasticRSI(FAST_SCALP-SHORT),2,0.2,1.694,1.692,1.692,1.702,2026-07-06 19:45:59 UTC,2026-07-06 19:46:44 UTC,44.78,0.3388,0.0045,0.0,0.0004,0.04,8.85,MIN_PROFIT_TP_HIT,0.1588
788,TRUMP_USDT,LONG,StochasticRSI(FAST_SCALP-LONG),2,0.2,1.69,1.692,1.692,1.682,2026-07-06 19:50:59 UTC,2026-07-06 19:52:30 UTC,90.22,0.338,0.0045,0.0,0.0004,0.04,8.88,MIN_PROFIT_TP_HIT,0.1592
789,TRUMP_USDT,LONG,StochasticRSI(FAST_SCALP-LONG),2,0.2,1.691,1.693,1.693,1.683,2026-07-06 19:54:59 UTC,2026-07-06 19:56:08 UTC,68.95,0.3382,0.0045,0.0,0.0004,0.04,8.87,MIN_PROFIT_TP_HIT,0.1596
790,TRUMP_USDT,LONG,StochasticRSI(FAST_SCALP-LONG),2,0.2,1.686,1.688,1.688,1.678,2026-07-06 20:04:59 UTC,2026-07-06 20:05:51 UTC,51.92,0.3372,0.0045,0.0,0.0004,0.04,8.9,MIN_PROFIT_TP_HIT,0.16
791,TRUMP_USDT,LONG,StochasticRSI(FAST_SCALP-LONG),2,0.2,1.688,1.69,1.69,1.68,2026-07-06 20:21:59 UTC,2026-07-06 20:28:31 UTC,391.35,0.3376,0.0045,0.0,0.0004,0.04,8.89,MIN_PROFIT_TP_HIT,0.1604
792,TRUMP_USDT,SHORT,StochasticRSI(FAST_SCALP-SHORT),2,0.2,1.689,1.687,1.687,1.697,2026-07-06 20:29:59 UTC,2026-07-06 21:00:24 UTC,1824.07,0.3378,0.0045,0.0,0.0004,0.04,8.88,MIN_PROFIT_TP_HIT,0.1608
793,TRUMP_USDT,SHORT,StochasticRSI(FAST_SCALP-SHORT),2,0.2,1.71,1.708,1.708,1.718,2026-07-06 21:12:59 UTC,2026-07-06 21:13:06 UTC,6.68,0.342,0.0046,0.0,0.0004,0.04,8.77,MIN_PROFIT_TP_HIT,0.1612
794,TRUMP_USDT,LONG,StochasticRSI(FAST_SCALP-LONG),2,0.2,1.707,1.709,1.709,1.699,2026-07-06 21:23:59 UTC,2026-07-06 21:26:27 UTC,147.44,0.3414,0.0046,0.0,0.0004,0.04,8.79,MIN_PROFIT_TP_HIT,0.1616
795,TRUMP_USDT,LONG,StochasticRSI(FAST_SCALP-LONG),2,0.2,1.712,1.714,1.714,1.704,2026-07-06 21:27:59 UTC,2026-07-06 21:31:18 UTC,198.07,0.3424,0.0046,0.0,0.0004,0.04,8.76,MIN_PROFIT_TP_HIT,0.162
796,TRUMP_USDT,SHORT,StochasticRSI(FAST_SCALP-SHORT),2,0.2,1.713,1.711,1.711,1.721,2026-07-06 21:35:59 UTC,2026-07-06 21:36:53 UTC,53.22,0.3426,0.0046,0.0,0.0004,0.04,8.76,MIN_PROFIT_TP_HIT,0.1624
797,TRUMP_USDT,LONG,StochasticRSI(FAST_SCALP-LONG),2,0.2,1.71,1.712,1.712,1.702,2026-07-06 21:41:59 UTC,2026-07-06 21:43:18 UTC,78.45,0.342,0.0046,0.0,0.0004,0.04,8.77,MIN_PROFIT_TP_HIT,0.1628
798,TRUMP_USDT,SHORT,StochasticRSI(FAST_SCALP-SHORT),2,0.2,1.714,1.712,1.712,1.722,2026-07-06 21:47:59 UTC,2026-07-06 21:49:22 UTC,82.89,0.3428,0.0046,0.0,0.0004,0.04,8.75,MIN_PROFIT_TP_HIT,0.1632
799,TRUMP_USDT,SHORT,StochasticRSI(FAST_SCALP-SHORT),2,0.2,1.72,1.718,1.718,1.728,2026-07-06 21:54:59 UTC,2026-07-06 21:55:09 UTC,9.29,0.344,0.0046,0.0,0.0004,0.04,8.72,MIN_PROFIT_TP_HIT,0.1636
800,TRUMP_USDT,LONG,StochasticRSI(FAST_SCALP-LONG),2,0.2,1.714,1.716,1.716,1.706,2026-07-06 22:02:59 UTC,2026-07-06 22:03:56 UTC,56.32,0.3428,0.0046,0.0,0.0004,0.04,8.75,MIN_PROFIT_TP_HIT,0.164
801,TRUMP_USDT,LONG,StochasticRSI(FAST_SCALP-LONG),2,0.2,1.706,1.708,1.708,1.698,2026-07-06 22:08:59 UTC,2026-07-06 22:09:14 UTC,14.49,0.3412,0.0045,0.0,0.0004,0.04,8.79,MIN_PROFIT_TP_HIT,0.1644
802,TRUMP_USDT,SHORT,StochasticRSI(FAST_SCALP-SHORT),2,0.2,1.702,1.7,1.7,1.71,2026-07-06 22:20:59 UTC,2026-07-06 22:27:42 UTC,402.1,0.3404,0.0045,0.0,0.0004,0.04,8.81,MIN_PROFIT_TP_HIT,0.1648
803,TRUMP_USDT,SHORT,StochasticRSI(FAST_SCALP-SHORT),2,0.2,1.704,1.702,1.702,1.712,2026-07-06 22:31:59 UTC,2026-07-06 22:35:52 UTC,232.79,0.3408,0.0045,0.0,0.0004,0.04,8.8,MIN_PROFIT_TP_HIT,0.1652
804,TRUMP_USDT,SHORT,StochasticRSI(FAST_SCALP-SHORT),2,0.2,1.705,1.703,1.703,1.713,2026-07-06 22:44:59 UTC,2026-07-06 22:45:17 UTC,17.13,0.341,0.0045,0.0,0.0004,0.04,8.8,MIN_PROFIT_TP_HIT,0.1656
805,TRUMP_USDT,LONG,StochasticRSI(FAST_SCALP-LONG),2,0.2,1.7,1.702,1.702,1.692,2026-07-06 22:58:59 UTC,2026-07-06 22:59:39 UTC,39.92,0.34,0.0045,0.0,0.0004,0.04,8.82,MIN_PROFIT_TP_HIT,0.166
806,TRUMP_USDT,SHORT,StochasticRSI(FAST_SCALP-SHORT),2,0.2,1.705,1.703,1.703,1.713,2026-07-06 23:08:59 UTC,2026-07-06 23:09:29 UTC,29.46,0.341,0.0045,0.0,0.0004,0.04,8.8,MIN_PROFIT_TP_HIT,0.1664
807,TRUMP_USDT,LONG,StochasticRSI(FAST_SCALP-LONG),2,0.2,1.701,1.693,1.703,1.693,2026-07-06 23:13:59 UTC,2026-07-06 23:42:17 UTC,1697.73,0.3402,0.0045,0.0,-0.0016,-0.15,-35.27,STOP_LOSS_HIT,0.1648
808,TRUMP_USDT,LONG,StochasticRSI(FAST_SCALP-LONG),2,0.2,1.696,1.698,1.698,1.688,2026-07-06 23:45:59 UTC,2026-07-07 00:16:17 UTC,1817.34,0.3392,0.0045,0.0,0.0004,0.04,8.84,MIN_PROFIT_TP_HIT,0.1652
809,TRUMP_USDT,SHORT,StochasticRSI(FAST_SCALP-SHORT),2,0.2,1.703,1.701,1.701,1.711,2026-07-07 00:23:59 UTC,2026-07-07 00:41:11 UTC,1031.85,0.3406,0.0045,0.0,0.0004,0.04,8.81,MIN_PROFIT_TP_HIT,0.1656
810,TRUMP_USDT,LONG,StochasticRSI(FAST_SCALP-LONG),2,0.2,1.703,1.705,1.705,1.695,2026-07-07 00:43:59 UTC,2026-07-07 00:45:15 UTC,75.34,0.3406,0.0045,0.0,0.0004,0.04,8.81,MIN_PROFIT_TP_HIT,0.166
811,TRUMP_USDT,SHORT,StochasticRSI(FAST_SCALP-SHORT),2,0.2,1.707,1.705,1.705,1.715,2026-07-07 00:58:59 UTC,2026-07-07 00:59:20 UTC,20.78,0.3414,0.0046,0.0,0.0004,0.04,8.79,MIN_PROFIT_TP_HIT,0.1664
812,TRUMP_USDT,LONG,StochasticRSI(FAST_SCALP-LONG),2,0.2,1.687,1.689,1.689,1.679,2026-07-07 01:07:59 UTC,2026-07-07 01:10:05 UTC,125.05,0.3374,0.0045,0.0,0.0004,0.04,8.89,MIN_PROFIT_TP_HIT,0.1668
813,TRUMP_USDT,SHORT,StochasticRSI(FAST_SCALP-SHORT),2,0.2,1.69,1.688,1.688,1.698,2026-07-07 01:14:59 UTC,2026-07-07 01:15:46 UTC,46.56,0.338,0.0045,0.0,0.0004,0.04,8.88,MIN_PROFIT_TP_HIT,0.1672
814,TRUMP_USDT,SHORT,StochasticRSI(FAST_SCALP-SHORT),2,0.2,1.688,1.686,1.686,1.696,2026-07-07 01:16:59 UTC,2026-07-07 01:18:29 UTC,89.97,0.3376,0.0045,0.0,0.0004,0.04,8.89,MIN_PROFIT_TP_HIT,0.1676
815,TRUMP_USDT,LONG,StochasticRSI(FAST_SCALP-LONG),2,0.2,1.685,1.687,1.687,1.677,2026-07-07 01:33:59 UTC,2026-07-07 01:43:52 UTC,592.21,0.337,0.0045,0.0,0.0004,0.04,8.9,MIN_PROFIT_TP_HIT,0.168
816,TRUMP_USDT,SHORT,StochasticRSI(FAST_SCALP-SHORT),2,0.2,1.687,1.685,1.685,1.695,2026-07-07 01:50:59 UTC,2026-07-07 01:59:08 UTC,488.78,0.3374,0.0045,0.0,0.0004,0.04,8.89,MIN_PROFIT_TP_HIT,0.1684
817,TRUMP_USDT,LONG,StochasticRSI(FAST_SCALP-LONG),2,0.2,1.687,1.679,1.689,1.679,2026-07-07 02:02:59 UTC,2026-07-07 02:24:55 UTC,1315.54,0.3374,0.0045,0.0,-0.0016,-0.15,-35.57,STOP_LOSS_HIT,0.1668
818,TRUMP_USDT,LONG,StochasticRSI(FAST_SCALP-LONG),2,0.2,1.678,1.68,1.68,1.67,2026-07-07 02:27:59 UTC,2026-07-07 02:28:16 UTC,16.73,0.3356,0.0045,0.0,0.0004,0.04,8.94,MIN_PROFIT_TP_HIT,0.1672
819,TRUMP_USDT,LONG,StochasticRSI(FAST_SCALP-LONG),2,0.2,1.672,1.674,1.674,1.664,2026-07-07 02:36:59 UTC,2026-07-07 02:37:35 UTC,35.19,0.3344,0.0045,0.0,0.0004,0.04,8.97,MIN_PROFIT_TP_HIT,0.1676
820,TRUMP_USDT,SHORT,StochasticRSI(FAST_SCALP-SHORT),2,0.2,1.671,1.669,1.669,1.679,2026-07-07 02:46:59 UTC,2026-07-07 02:47:36 UTC,36.13,0.3342,0.0045,0.0,0.0004,0.04,8.98,MIN_PROFIT_TP_HIT,0.168
821,TRUMP_USDT,LONG,StochasticRSI(FAST_SCALP-LONG),2,0.2,1.664,1.666,1.666,1.656,2026-07-07 02:51:59 UTC,2026-07-07 02:52:18 UTC,18.81,0.3328,0.0044,0.0,0.0004,0.04,9.01,MIN_PROFIT_TP_HIT,0.1684
822,TRUMP_USDT,SHORT,StochasticRSI(FAST_SCALP-SHORT),2,0.2,1.667,1.665,1.665,1.675,2026-07-07 03:02:59 UTC,2026-07-07 03:03:51 UTC,51.69,0.3334,0.0044,0.0,0.0004,0.04,9.0,MIN_PROFIT_TP_HIT,0.1688
823,TRUMP_USDT,SHORT,StochasticRSI(FAST_SCALP-SHORT),2,0.2,1.665,1.663,1.663,1.673,2026-07-07 03:11:59 UTC,2026-07-07 03:15:03 UTC,183.99,0.333,0.0044,0.0,0.0004,0.04,9.01,MIN_PROFIT_TP_HIT,0.1692
824,TRUMP_USDT,LONG,StochasticRSI(FAST_SCALP-LONG),2,0.2,1.667,1.659,1.669,1.659,2026-07-07 03:17:59 UTC,2026-07-07 03:23:42 UTC,342.91,0.3334,0.0044,0.0,-0.0016,-0.15,-35.99,STOP_LOSS_HIT,0.1676
825,TRUMP_USDT,LONG,StochasticRSI(FAST_SCALP-LONG),2,0.2,1.661,1.663,1.663,1.653,2026-07-07 03:30:59 UTC,2026-07-07 03:32:48 UTC,108.47,0.3322,0.0044,0.0,0.0004,0.04,9.03,MIN_PROFIT_TP_HIT,0.168
826,TRUMP_USDT,SHORT,StochasticRSI(FAST_SCALP-SHORT),2,0.2,1.664,1.662,1.662,1.672,2026-07-07 03:41:59 UTC,2026-07-07 03:42:08 UTC,8.18,0.3328,0.0044,0.0,0.0004,0.04,9.01,MIN_PROFIT_TP_HIT,0.1684
827,TRUMP_USDT,SHORT,StochasticRSI(FAST_SCALP-SHORT),2,0.2,1.661,1.669,1.659,1.669,2026-07-07 03:43:59 UTC,2026-07-07 04:09:08 UTC,1508.42,0.3322,0.0044,0.0,-0.0016,-0.15,-36.12,STOP_LOSS_HIT,0.1668
828,TRUMP_USDT,SHORT,StochasticRSI(FAST_SCALP-SHORT),2,0.2,1.666,1.674,1.664,1.674,2026-07-07 04:11:59 UTC,2026-07-07 04:28:36 UTC,996.29,0.3332,0.0044,0.0,-0.0016,-0.15,-36.01,STOP_LOSS_HIT,0.1652
829,TRUMP_USDT,SHORT,StochasticRSI(FAST_SCALP-SHORT),2,0.2,1.674,1.672,1.672,1.682,2026-07-07 04:31:59 UTC,2026-07-07 04:32:55 UTC,55.6,0.3348,0.0045,0.0,0.0004,0.04,8.96,MIN_PROFIT_TP_HIT,0.1656
830,TRUMP_USDT,LONG,StochasticRSI(FAST_SCALP-LONG),2,0.2,1.67,1.672,1.672,1.662,2026-07-07 04:39:59 UTC,2026-07-07 05:00:54 UTC,1254.99,0.334,0.0045,0.0,0.0004,0.04,8.98,MIN_PROFIT_TP_HIT,0.166
831,TRUMP_USDT,SHORT,StochasticRSI(FAST_SCALP-SHORT),2,0.2,1.669,1.667,1.667,1.677,2026-07-07 05:02:59 UTC,2026-07-07 05:09:59 UTC,419.86,0.3338,0.0045,0.0,0.0004,0.04,8.99,MIN_PROFIT_TP_HIT,0.1664
832,TRUMP_USDT,LONG,StochasticRSI(FAST_SCALP-LONG),2,0.2,1.667,1.659,1.669,1.659,2026-07-07 05:12:59 UTC,2026-07-07 05:15:04 UTC,124.15,0.3334,0.0044,0.0,-0.0016,-0.15,-35.99,STOP_LOSS_HIT,0.1648
833,TRUMP_USDT,LONG,StochasticRSI(FAST_SCALP-LONG),2,0.2,1.663,1.665,1.665,1.655,2026-07-07 05:18:59 UTC,2026-07-07 05:23:21 UTC,261.29,0.3326,0.0044,0.0,0.0004,0.04,9.02,MIN_PROFIT_TP_HIT,0.1652
834,TRUMP_USDT,SHORT,StochasticRSI(FAST_SCALP-SHORT),2,0.2,1.661,1.669,1.659,1.669,2026-07-07 05:27:59 UTC,2026-07-07 05:30:59 UTC,179.16,0.3322,0.0044,0.0,-0.0016,-0.15,-36.12,STOP_LOSS_HIT,0.1636
835,TRUMP_USDT,SHORT,StochasticRSI(FAST_SCALP-SHORT),2,0.2,1.674,1.672,1.672,1.682,2026-07-07 05:37:59 UTC,2026-07-07 05:39:00 UTC,60.76,0.3348,0.0045,0.0,0.0004,0.04,8.96,MIN_PROFIT_TP_HIT,0.164
836,TRUMP_USDT,LONG,StochasticRSI(FAST_SCALP-LONG),2,0.2,1.67,1.672,1.672,1.662,2026-07-07 05:47:59 UTC,2026-07-07 05:48:12 UTC,12.04,0.334,0.0045,0.0,0.0004,0.04,8.98,MIN_PROFIT_TP_HIT,0.1644
837,TRUMP_USDT,LONG,StochasticRSI(FAST_SCALP-LONG),2,0.2,1.669,1.671,1.671,1.661,2026-07-07 05:51:59 UTC,2026-07-07 05:55:13 UTC,193.42,0.3338,0.0045,0.0,0.0004,0.04,8.99,MIN_PROFIT_TP_HIT,0.1648
838,TRUMP_USDT,LONG,StochasticRSI(FAST_SCALP-LONG),2,0.2,1.67,1.672,1.672,1.662,2026-07-07 06:01:59 UTC,2026-07-07 06:02:26 UTC,26.34,0.334,0.0045,0.0,0.0004,0.04,8.98,MIN_PROFIT_TP_HIT,0.1652
839,TRUMP_USDT,LONG,StochasticRSI(FAST_SCALP-LONG),2,0.2,1.667,1.669,1.669,1.659,2026-07-07 06:10:59 UTC,2026-07-07 06:15:23 UTC,263.67,0.3334,0.0044,0.0,0.0004,0.04,9.0,MIN_PROFIT_TP_HIT,0.1656
840,TRUMP_USDT,LONG,StochasticRSI(FAST_SCALP-LONG),2,0.2,1.666,1.668,1.668,1.658,2026-07-07 06:27:59 UTC,2026-07-07 06:29:48 UTC,108.03,0.3332,0.0044,0.0,0.0004,0.04,9.0,MIN_PROFIT_TP_HIT,0.166
841,TRUMP_USDT,SHORT,StochasticRSI(FAST_SCALP-SHORT),2,0.2,1.667,1.665,1.665,1.675,2026-07-07 06:32:59 UTC,2026-07-07 07:05:59 UTC,1979.12,0.3334,0.0044,0.0,0.0004,0.04,9.0,MIN_PROFIT_TP_HIT,0.1664
842,TRUMP_USDT,LONG,StochasticRSI(FAST_SCALP-LONG),2,0.2,1.666,1.668,1.668,1.658,2026-07-07 07:08:59 UTC,2026-07-07 07:10:41 UTC,101.74,0.3332,0.0044,0.0,0.0004,0.04,9.0,MIN_PROFIT_TP_HIT,0.1668
843,TRUMP_USDT,LONG,StochasticRSI(FAST_SCALP-LONG),2,0.2,1.662,1.654,1.664,1.654,2026-07-07 07:22:59 UTC,2026-07-07 07:27:58 UTC,298.96,0.3324,0.0044,0.0,-0.0016,-0.15,-36.1,STOP_LOSS_HIT,0.1652
844,TRUMP_USDT,LONG,StochasticRSI(FAST_SCALP-LONG),2,0.2,1.654,1.646,1.656,1.646,2026-07-07 07:29:59 UTC,2026-07-07 07:36:05 UTC,365.19,0.3308,0.0044,0.0,-0.0016,-0.15,-36.28,STOP_LOSS_HIT,0.1636
845,TRUMP_USDT,LONG,StochasticRSI(FAST_SCALP-LONG),2,0.2,1.649,1.651,1.651,1.641,2026-07-07 07:39:59 UTC,2026-07-07 07:41:53 UTC,113.87,0.3298,0.0044,0.0,0.0004,0.04,9.1,MIN_PROFIT_TP_HIT,0.164
846,TRUMP_USDT,SHORT,StochasticRSI(FAST_SCALP-SHORT),2,0.2,1.652,1.65,1.65,1.66,2026-07-07 07:44:59 UTC,2026-07-07 07:46:41 UTC,101.9,0.3304,0.0044,0.0,0.0004,0.04,9.08,MIN_PROFIT_TP_HIT,0.1644
847,TRUMP_USDT,SHORT,StochasticRSI(FAST_SCALP-SHORT),2,0.2,1.652,1.65,1.65,1.66,2026-07-07 07:47:59 UTC,2026-07-07 07:52:32 UTC,272.69,0.3304,0.0044,0.0,0.0004,0.04,9.08,MIN_PROFIT_TP_HIT,0.1648
848,TRUMP_USDT,LONG,StochasticRSI(FAST_SCALP-LONG),2,0.2,1.651,1.653,1.653,1.643,2026-07-07 08:01:59 UTC,2026-07-07 08:11:41 UTC,581.58,0.3302,0.0044,0.0,0.0004,0.04,9.09,MIN_PROFIT_TP_HIT,0.1652
849,TRUMP_USDT,SHORT,StochasticRSI(FAST_SCALP-SHORT),2,0.2,1.65,1.648,1.648,1.658,2026-07-07 08:14:59 UTC,2026-07-07 08:16:33 UTC,93.23,0.33,0.0044,0.0,0.0004,0.04,9.09,MIN_PROFIT_TP_HIT,0.1656
850,TRUMP_USDT,SHORT,StochasticRSI(FAST_SCALP-SHORT),2,0.2,1.655,1.653,1.653,1.663,2026-07-07 08:23:59 UTC,2026-07-07 08:26:41 UTC,161.58,0.331,0.0044,0.0,0.0004,0.04,9.06,MIN_PROFIT_TP_HIT,0.166
851,TRUMP_USDT,SHORT,StochasticRSI(FAST_SCALP-SHORT),2,0.2,1.655,1.653,1.653,1.663,2026-07-07 08:27:59 UTC,2026-07-07 08:28:03 UTC,3.17,0.331,0.0044,0.0,0.0004,0.04,9.06,MIN_PROFIT_TP_HIT,0.1664
852,TRUMP_USDT,LONG,StochasticRSI(FAST_SCALP-LONG),2,0.2,1.653,1.655,1.655,1.645,2026-07-07 08:34:59 UTC,2026-07-07 08:37:18 UTC,138.06,0.3306,0.0044,0.0,0.0004,0.04,9.07,MIN_PROFIT_TP_HIT,0.1668
853,TRUMP_USDT,SHORT,StochasticRSI(FAST_SCALP-SHORT),2,0.2,1.656,1.664,1.654,1.664,2026-07-07 08:44:59 UTC,2026-07-07 09:44:20 UTC,3560.12,0.3312,0.0044,0.0,-0.0016,-0.15,-36.23,STOP_LOSS_HIT,0.1652
854,TRUMP_USDT,SHORT,StochasticRSI(FAST_SCALP-SHORT),2,0.2,1.662,1.66,1.66,1.67,2026-07-07 09:45:59 UTC,2026-07-07 09:46:35 UTC,35.89,0.3324,0.0044,0.0,0.0004,0.04,9.03,MIN_PROFIT_TP_HIT,0.1656
855,TRUMP_USDT,SHORT,StochasticRSI(FAST_SCALP-SHORT),2,0.2,1.663,1.661,1.661,1.671,2026-07-07 09:55:59 UTC,2026-07-07 09:56:27 UTC,27.15,0.3326,0.0044,0.0,0.0004,0.04,9.02,MIN_PROFIT_TP_HIT,0.166
856,TRUMP_USDT,SHORT,StochasticRSI(FAST_SCALP-SHORT),2,0.2,1.666,1.664,1.664,1.674,2026-07-07 10:07:59 UTC,2026-07-07 10:10:30 UTC,150.91,0.3332,0.0044,0.0,0.0004,0.04,9.0,MIN_PROFIT_TP_HIT,0.1664
857,TRUMP_USDT,LONG,StochasticRSI(FAST_SCALP-LONG),2,0.2,1.665,1.657,1.667,1.657,2026-07-07 10:25:59 UTC,2026-07-07 11:10:59 UTC,2699.82,0.333,0.0044,0.0,-0.0016,-0.15,-36.04,STOP_LOSS_HIT,0.1648
858,TRUMP_USDT,LONG,StochasticRSI(FAST_SCALP-LONG),2,0.2,1.659,1.661,1.661,1.651,2026-07-07 11:12:59 UTC,2026-07-07 11:16:34 UTC,214.11,0.3318,0.0044,0.0,0.0004,0.04,9.04,MIN_PROFIT_TP_HIT,0.1652
859,TRUMP_USDT,LONG,StochasticRSI(FAST_SCALP-LONG),2,0.2,1.659,1.661,1.661,1.651,2026-07-07 11:32:59 UTC,2026-07-07 11:36:37 UTC,217.07,0.3318,0.0044,0.0,0.0004,0.04,9.04,MIN_PROFIT_TP_HIT,0.1656
860,TRUMP_USDT,LONG,StochasticRSI(FAST_SCALP-LONG),2,0.2,1.661,1.663,1.663,1.653,2026-07-07 11:37:59 UTC,2026-07-07 11:50:01 UTC,721.56,0.3322,0.0044,0.0,0.0004,0.04,9.03,MIN_PROFIT_TP_HIT,0.166
861,TRUMP_USDT,SHORT,StochasticRSI(FAST_SCALP-SHORT),2,0.2,1.663,1.671,1.661,1.671,2026-07-07 11:53:59 UTC,2026-07-07 12:06:43 UTC,763.7,0.3326,0.0044,0.0,-0.0016,-0.15,-36.08,STOP_LOSS_HIT,0.1644
862,TRUMP_USDT,SHORT,StochasticRSI(FAST_SCALP-SHORT),2,0.2,1.671,1.669,1.669,1.679,2026-07-07 12:09:59 UTC,2026-07-07 12:10:19 UTC,19.81,0.3342,0.0045,0.0,0.0004,0.04,8.98,MIN_PROFIT_TP_HIT,0.1648
863,TRUMP_USDT,LONG,StochasticRSI(FAST_SCALP-LONG),2,0.2,1.671,1.663,1.673,1.663,2026-07-07 12:15:59 UTC,2026-07-07 12:34:08 UTC,1088.38,0.3342,0.0045,0.0,-0.0016,-0.15,-35.91,STOP_LOSS_HIT,0.1632
864,TRUMP_USDT,LONG,StochasticRSI(FAST_SCALP-LONG),2,0.2,1.661,1.663,1.663,1.653,2026-07-07 12:39:59 UTC,2026-07-07 12:43:31 UTC,211.5,0.3322,0.0044,0.0,0.0004,0.04,9.03,MIN_PROFIT_TP_HIT,0.1636
865,TRUMP_USDT,SHORT,StochasticRSI(FAST_SCALP-SHORT),2,0.2,1.661,1.659,1.659,1.669,2026-07-07 12:46:59 UTC,2026-07-07 12:47:48 UTC,48.98,0.3322,0.0044,0.0,0.0004,0.04,9.03,MIN_PROFIT_TP_HIT,0.164
866,TRUMP_USDT,LONG,StochasticRSI(FAST_SCALP-LONG),2,0.2,1.66,1.662,1.662,1.652,2026-07-07 12:51:59 UTC,2026-07-07 12:54:29 UTC,149.29,0.332,0.0044,0.0,0.0004,0.04,9.04,MIN_PROFIT_TP_HIT,0.1644
867,TRUMP_USDT,SHORT,StochasticRSI(FAST_SCALP-SHORT),2,0.2,1.661,1.659,1.659,1.669,2026-07-07 12:57:59 UTC,2026-07-07 12:58:25 UTC,25.88,0.3322,0.0044,0.0,0.0004,0.04,9.03,MIN_PROFIT_TP_HIT,0.1648
868,TRUMP_USDT,LONG,StochasticRSI(FAST_SCALP-LONG),2,0.2,1.654,1.656,1.656,1.646,2026-07-07 13:07:59 UTC,2026-07-07 13:09:26 UTC,86.72,0.3308,0.0044,0.0,0.0004,0.04,9.07,MIN_PROFIT_TP_HIT,0.1652
869,TRUMP_USDT,SHORT,StochasticRSI(FAST_SCALP-SHORT),2,0.2,1.652,1.65,1.65,1.66,2026-07-07 13:16:59 UTC,2026-07-07 13:18:09 UTC,69.63,0.3304,0.0044,0.0,0.0004,0.04,9.08,MIN_PROFIT_TP_HIT,0.1656
870,TRUMP_USDT,LONG,StochasticRSI(FAST_SCALP-LONG),2,0.2,1.649,1.641,1.651,1.641,2026-07-07 13:23:59 UTC,2026-07-07 13:27:25 UTC,205.08,0.3298,0.0044,0.0,-0.0016,-0.15,-36.39,STOP_LOSS_HIT,0.164
871,TRUMP_USDT,LONG,StochasticRSI(FAST_SCALP-LONG),2,0.2,1.647,1.649,1.649,1.639,2026-07-07 13:30:59 UTC,2026-07-07 13:31:39 UTC,39.36,0.3294,0.0044,0.0,0.0004,0.04,9.11,MIN_PROFIT_TP_HIT,0.1644
872,TRUMP_USDT,SHORT,StochasticRSI(FAST_SCALP-SHORT),2,0.2,1.648,1.646,1.646,1.656,2026-07-07 13:34:59 UTC,2026-07-07 13:35:11 UTC,11.12,0.3296,0.0044,0.0,0.0004,0.04,9.1,MIN_PROFIT_TP_HIT,0.1648
873,TRUMP_USDT,SHORT,StochasticRSI(FAST_SCALP-SHORT),2,0.2,1.658,1.656,1.656,1.666,2026-07-07 13:48:59 UTC,2026-07-07 13:51:08 UTC,128.12,0.3316,0.0044,0.0,0.0004,0.04,9.05,MIN_PROFIT_TP_HIT,0.1652
874,TRUMP_USDT,LONG,StochasticRSI(FAST_SCALP-LONG),2,0.2,1.647,1.649,1.649,1.639,2026-07-07 13:58:59 UTC,2026-07-07 13:59:11 UTC,11.79,0.3294,0.0044,0.0,0.0004,0.04,9.11,MIN_PROFIT_TP_HIT,0.1656
875,TRUMP_USDT,SHORT,StochasticRSI(FAST_SCALP-SHORT),2,0.2,1.653,1.651,1.651,1.661,2026-07-07 14:09:59 UTC,2026-07-07 14:10:24 UTC,24.92,0.3306,0.0044,0.0,0.0004,0.04,9.07,MIN_PROFIT_TP_HIT,0.166
876,TRUMP_USDT,LONG,StochasticRSI(FAST_SCALP-LONG),2,0.2,1.646,1.648,1.648,1.638,2026-07-07 14:14:59 UTC,2026-07-07 14:15:58 UTC,58.97,0.3292,0.0044,0.0,0.0004,0.04,9.11,MIN_PROFIT_TP_HIT,0.1664
877,TRUMP_USDT,LONG,StochasticRSI(FAST_SCALP-LONG),2,0.2,1.649,1.651,1.651,1.641,2026-07-07 14:18:59 UTC,2026-07-07 14:19:09 UTC,9.08,0.3298,0.0044,0.0,0.0004,0.04,9.1,MIN_PROFIT_TP_HIT,0.1668
878,TRUMP_USDT,LONG,StochasticRSI(FAST_SCALP-LONG),2,0.2,1.65,1.652,1.652,1.642,2026-07-07 14:28:59 UTC,2026-07-07 14:29:19 UTC,19.38,0.33,0.0044,0.0,0.0004,0.04,9.09,MIN_PROFIT_TP_HIT,0.1672
879,TRUMP_USDT,SHORT,StochasticRSI(FAST_SCALP-SHORT),2,0.2,1.654,1.652,1.652,1.662,2026-07-07 14:32:59 UTC,2026-07-07 14:35:19 UTC,139.3,0.3308,0.0044,0.0,0.0004,0.04,9.07,MIN_PROFIT_TP_HIT,0.1676
880,TRUMP_USDT,LONG,StochasticRSI(FAST_SCALP-LONG),2,0.2,1.644,1.646,1.646,1.636,2026-07-07 14:40:59 UTC,2026-07-07 14:41:45 UTC,45.31,0.3288,0.0044,0.0,0.0004,0.04,9.12,MIN_PROFIT_TP_HIT,0.168
881,TRUMP_USDT,SHORT,StochasticRSI(FAST_SCALP-SHORT),2,0.2,1.669,1.667,1.667,1.677,2026-07-07 14:56:59 UTC,2026-07-07 14:57:05 UTC,5.59,0.3338,0.0045,0.0,0.0004,0.04,8.99,MIN_PROFIT_TP_HIT,0.1684
882,TRUMP_USDT,SHORT,StochasticRSI(FAST_SCALP-SHORT),2,0.2,1.668,1.666,1.666,1.676,2026-07-07 14:59:59 UTC,2026-07-07 15:00:13 UTC,13.67,0.3336,0.0044,0.0,0.0004,0.04,8.99,MIN_PROFIT_TP_HIT,0.1688
883,TRUMP_USDT,LONG,StochasticRSI(FAST_SCALP-LONG),2,0.2,1.672,1.674,1.674,1.664,2026-07-07 15:07:59 UTC,2026-07-07 15:08:07 UTC,7.8,0.3344,0.0045,0.0,0.0004,0.04,8.97,MIN_PROFIT_TP_HIT,0.1692
884,TRUMP_USDT,SHORT,StochasticRSI(FAST_SCALP-SHORT),2,0.2,1.676,1.674,1.674,1.684,2026-07-07 15:14:59 UTC,2026-07-07 15:15:02 UTC,2.79,0.3352,0.0045,0.0,0.0004,0.04,8.95,MIN_PROFIT_TP_HIT,0.1696
885,TRUMP_USDT,LONG,StochasticRSI(FAST_SCALP-LONG),2,0.2,1.675,1.677,1.677,1.667,2026-07-07 15:23:59 UTC,2026-07-07 15:28:05 UTC,245.74,0.335,0.0045,0.0,0.0004,0.04,8.96,MIN_PROFIT_TP_HIT,0.17
886,TRUMP_USDT,SHORT,StochasticRSI(FAST_SCALP-SHORT),2,0.2,1.677,1.675,1.675,1.685,2026-07-07 15:31:59 UTC,2026-07-07 15:34:56 UTC,176.52,0.3354,0.0045,0.0,0.0004,0.04,8.94,MIN_PROFIT_TP_HIT,0.1704
887,TRUMP_USDT,LONG,StochasticRSI(FAST_SCALP-LONG),2,0.2,1.678,1.68,1.68,1.67,2026-07-07 15:44:59 UTC,2026-07-07 15:45:03 UTC,3.77,0.3356,0.0045,0.0,0.0004,0.04,8.94,MIN_PROFIT_TP_HIT,0.1708
888,TRUMP_USDT,SHORT,StochasticRSI(FAST_SCALP-SHORT),2,0.2,1.685,1.683,1.683,1.693,2026-07-07 15:50:59 UTC,2026-07-07 15:55:55 UTC,295.06,0.337,0.0045,0.0,0.0004,0.04,8.9,MIN_PROFIT_TP_HIT,0.1712
889,TRUMP_USDT,LONG,StochasticRSI(FAST_SCALP-LONG),2,0.2,1.688,1.68,1.69,1.68,2026-07-07 15:59:59 UTC,2026-07-07 16:05:50 UTC,350.15,0.3376,0.0045,0.0,-0.0016,-0.15,-35.55,STOP_LOSS_HIT,0.1696
890,TRUMP_USDT,LONG,StochasticRSI(FAST_SCALP-LONG),2,0.2,1.677,1.679,1.679,1.669,2026-07-07 16:11:59 UTC,2026-07-07 16:12:53 UTC,53.57,0.3354,0.0045,0.0,0.0004,0.04,8.94,MIN_PROFIT_TP_HIT,0.17
891,TRUMP_USDT,SHORT,StochasticRSI(FAST_SCALP-SHORT),2,0.2,1.677,1.685,1.675,1.685,2026-07-07 16:18:59 UTC,2026-07-07 16:20:38 UTC,98.75,0.3354,0.0045,0.0,-0.0016,-0.15,-35.78,STOP_LOSS_HIT,0.1684
892,TRUMP_USDT,SHORT,StochasticRSI(FAST_SCALP-SHORT),2,0.2,1.686,1.684,1.684,1.694,2026-07-07 16:26:59 UTC,2026-07-07 16:31:59 UTC,299.06,0.3372,0.0045,0.0,0.0004,0.04,8.9,MIN_PROFIT_TP_HIT,0.1688
893,TRUMP_USDT,LONG,StochasticRSI(FAST_SCALP-LONG),2,0.2,1.682,1.684,1.684,1.674,2026-07-07 16:33:59 UTC,2026-07-07 16:34:27 UTC,27.13,0.3364,0.0045,0.0,0.0004,0.04,8.92,MIN_PROFIT_TP_HIT,0.1692
894,TRUMP_USDT,LONG,StochasticRSI(FAST_SCALP-LONG),2,0.2,1.684,1.686,1.686,1.676,2026-07-07 16:35:59 UTC,2026-07-07 16:36:54 UTC,54.06,0.3368,0.0045,0.0,0.0004,0.04,8.91,MIN_PROFIT_TP_HIT,0.1696
895,TRUMP_USDT,SHORT,StochasticRSI(FAST_SCALP-SHORT),2,0.2,1.683,1.681,1.681,1.691,2026-07-07 16:43:59 UTC,2026-07-07 16:46:33 UTC,153.52,0.3366,0.0045,0.0,0.0004,0.04,8.91,MIN_PROFIT_TP_HIT,0.17
896,TRUMP_USDT,LONG,StochasticRSI(FAST_SCALP-LONG),2,0.2,1.685,1.687,1.687,1.677,2026-07-07 16:50:59 UTC,2026-07-07 16:51:36 UTC,36.63,0.337,0.0045,0.0,0.0004,0.04,8.9,MIN_PROFIT_TP_HIT,0.1704
897,TRUMP_USDT,SHORT,StochasticRSI(FAST_SCALP-SHORT),2,0.2,1.691,1.689,1.689,1.699,2026-07-07 16:58:59 UTC,2026-07-07 16:59:11 UTC,11.75,0.3382,0.0045,0.0,0.0004,0.04,8.87,MIN_PROFIT_TP_HIT,0.1708
898,TRUMP_USDT,LONG,StochasticRSI(FAST_SCALP-LONG),2,0.2,1.688,1.69,1.69,1.68,2026-07-07 17:06:59 UTC,2026-07-07 17:08:21 UTC,81.46,0.3376,0.0045,0.0,0.0004,0.04,8.89,MIN_PROFIT_TP_HIT,0.1712
899,TRUMP_USDT,LONG,StochasticRSI(FAST_SCALP-LONG),2,0.2,1.68,1.682,1.682,1.672,2026-07-07 17:20:59 UTC,2026-07-07 17:21:11 UTC,11.96,0.336,0.0045,0.0,0.0004,0.04,8.93,MIN_PROFIT_TP_HIT,0.1716
900,TRUMP_USDT,SHORT,StochasticRSI(FAST_SCALP-SHORT),2,0.2,1.681,1.679,1.679,1.689,2026-07-07 17:30:59 UTC,2026-07-07 17:32:31 UTC,91.46,0.3362,0.0045,0.0,0.0004,0.04,8.92,MIN_PROFIT_TP_HIT,0.172
901,TRUMP_USDT,LONG,StochasticRSI(FAST_SCALP-LONG),2,0.2,1.682,1.674,1.684,1.674,2026-07-07 17:36:59 UTC,2026-07-07 17:50:11 UTC,791.49,0.3364,0.0045,0.0,-0.0016,-0.15,-35.67,STOP_LOSS_HIT,0.1704
902,TRUMP_USDT,LONG,StochasticRSI(FAST_SCALP-LONG),2,0.2,1.677,1.679,1.679,1.669,2026-07-07 17:54:59 UTC,2026-07-07 17:55:21 UTC,21.42,0.3354,0.0045,0.0,0.0004,0.04,8.94,MIN_PROFIT_TP_HIT,0.1708
903,TRUMP_USDT,SHORT,StochasticRSI(FAST_SCALP-SHORT),2,0.2,1.68,1.678,1.678,1.688,2026-07-07 17:59:59 UTC,2026-07-07 18:00:12 UTC,12.84,0.336,0.0045,0.0,0.0004,0.04,8.93,MIN_PROFIT_TP_HIT,0.1712
904,TRUMP_USDT,LONG,StochasticRSI(FAST_SCALP-LONG),2,0.2,1.67,1.672,1.672,1.662,2026-07-07 18:06:59 UTC,2026-07-07 18:12:21 UTC,321.78,0.334,0.0045,0.0,0.0004,0.04,8.98,MIN_PROFIT_TP_HIT,0.1716
905,TRUMP_USDT,SHORT,StochasticRSI(FAST_SCALP-SHORT),2,0.2,1.67,1.668,1.668,1.678,2026-07-07 18:17:59 UTC,2026-07-07 18:25:35 UTC,455.15,0.334,0.0045,0.0,0.0004,0.04,8.98,MIN_PROFIT_TP_HIT,0.172
906,TRUMP_USDT,LONG,StochasticRSI(FAST_SCALP-LONG),2,0.2,1.669,1.671,1.671,1.661,2026-07-07 18:31:59 UTC,2026-07-07 18:36:46 UTC,286.17,0.3338,0.0045,0.0,0.0004,0.04,8.99,MIN_PROFIT_TP_HIT,0.1724
907,TRUMP_USDT,SHORT,StochasticRSI(FAST_SCALP-SHORT),2,0.2,1.674,1.672,1.672,1.682,2026-07-07 18:39:59 UTC,2026-07-07 18:40:13 UTC,13.37,0.3348,0.0045,0.0,0.0004,0.04,8.96,MIN_PROFIT_TP_HIT,0.1728
908,TRUMP_USDT,SHORT,StochasticRSI(FAST_SCALP-SHORT),2,0.2,1.672,1.67,1.67,1.68,2026-07-07 18:41:59 UTC,2026-07-07 18:49:15 UTC,435.13,0.3344,0.0045,0.0,0.0004,0.04,8.97,MIN_PROFIT_TP_HIT,0.1732
909,TRUMP_USDT,LONG,StochasticRSI(FAST_SCALP-LONG),2,0.2,1.661,1.653,1.663,1.653,2026-07-07 18:54:59 UTC,2026-07-07 19:00:12 UTC,312.12,0.3322,0.0044,0.0,-0.0016,-0.15,-36.12,STOP_LOSS_HIT,0.1716
910,TRUMP_USDT,SHORT,StochasticRSI(FAST_SCALP-SHORT),2,0.2,1.651,1.659,1.649,1.659,2026-07-07 19:07:59 UTC,2026-07-07 19:15:00 UTC,420.2,0.3302,0.0044,0.0,-0.0016,-0.15,-36.34,STOP_LOSS_HIT,0.17
911,TRUMP_USDT,SHORT,StochasticRSI(FAST_SCALP-SHORT),2,0.2,1.656,1.654,1.654,1.664,2026-07-07 19:17:59 UTC,2026-07-07 19:18:23 UTC,23.48,0.3312,0.0044,0.0,0.0004,0.04,9.06,MIN_PROFIT_TP_HIT,0.1704
912,TRUMP_USDT,LONG,StochasticRSI(FAST_SCALP-LONG),2,0.2,1.653,1.655,1.655,1.645,2026-07-07 19:24:59 UTC,2026-07-07 19:27:16 UTC,136.37,0.3306,0.0044,0.0,0.0004,0.04,9.07,MIN_PROFIT_TP_HIT,0.1708
913,TRUMP_USDT,SHORT,StochasticRSI(FAST_SCALP-SHORT),2,0.2,1.666,1.664,1.664,1.674,2026-07-07 19:36:59 UTC,2026-07-07 19:37:30 UTC,30.35,0.3332,0.0044,0.0,0.0004,0.04,9.0,MIN_PROFIT_TP_HIT,0.1712
914,TRUMP_USDT,LONG,StochasticRSI(FAST_SCALP-LONG),2,0.2,1.666,1.668,1.668,1.658,2026-07-07 19:41:59 UTC,2026-07-07 20:04:20 UTC,1340.49,0.3332,0.0044,0.0,0.0004,0.04,9.0,MIN_PROFIT_TP_HIT,0.1716
915,TRUMP_USDT,LONG,StochasticRSI(FAST_SCALP-LONG),2,0.2,1.664,1.656,1.666,1.656,2026-07-07 20:10:59 UTC,2026-07-07 20:42:13 UTC,1873.61,0.3328,0.0044,0.0,-0.0016,-0.15,-36.06,STOP_LOSS_HIT,0.17
916,TRUMP_USDT,LONG,StochasticRSI(FAST_SCALP-LONG),2,0.2,1.652,1.654,1.654,1.644,2026-07-07 20:53:59 UTC,2026-07-07 20:54:03 UTC,3.39,0.3304,0.0044,0.0,0.0004,0.04,9.08,MIN_PROFIT_TP_HIT,0.1704
917,TRUMP_USDT,SHORT,StochasticRSI(FAST_SCALP-SHORT),2,0.2,1.652,1.66,1.65,1.66,2026-07-07 21:03:59 UTC,2026-07-07 21:13:00 UTC,540.27,0.3304,0.0044,0.0,-0.0016,-0.15,-36.32,STOP_LOSS_HIT,0.1688
918,TRUMP_USDT,SHORT,StochasticRSI(FAST_SCALP-SHORT),2,0.2,1.66,1.658,1.658,1.668,2026-07-07 21:15:59 UTC,2026-07-07 21:16:18 UTC,18.1,0.332,0.0044,0.0,0.0004,0.04,9.04,MIN_PROFIT_TP_HIT,0.1692
919,TRUMP_USDT,LONG,StochasticRSI(FAST_SCALP-LONG),2,0.2,1.65,1.642,1.652,1.642,2026-07-07 21:23:59 UTC,2026-07-07 21:38:51 UTC,891.43,0.33,0.0044,0.0,-0.0016,-0.15,-36.36,STOP_LOSS_HIT,0.1676
920,TRUMP_USDT,LONG,StochasticRSI(FAST_SCALP-LONG),2,0.2,1.646,1.648,1.648,1.638,2026-07-07 21:42:59 UTC,2026-07-07 21:46:36 UTC,216.25,0.3292,0.0044,0.0,0.0004,0.04,9.11,MIN_PROFIT_TP_HIT,0.168
921,TRUMP_USDT,SHORT,StochasticRSI(FAST_SCALP-SHORT),2,0.2,1.65,1.648,1.648,1.658,2026-07-07 21:49:59 UTC,2026-07-07 21:50:49 UTC,49.04,0.33,0.0044,0.0,0.0004,0.04,9.09,MIN_PROFIT_TP_HIT,0.1684
922,TRUMP_USDT,LONG,StochasticRSI(FAST_SCALP-LONG),2,0.2,1.64,1.642,1.642,1.632,2026-07-07 21:57:59 UTC,2026-07-07 21:58:25 UTC,25.07,0.328,0.0044,0.0,0.0004,0.04,9.15,MIN_PROFIT_TP_HIT,0.1688
923,TRUMP_USDT,SHORT,StochasticRSI(FAST_SCALP-SHORT),2,0.2,1.641,1.639,1.639,1.649,2026-07-07 22:10:59 UTC,2026-07-07 22:15:46 UTC,286.83,0.3282,0.0044,0.0,0.0004,0.04,9.14,MIN_PROFIT_TP_HIT,0.1692
924,TRUMP_USDT,SHORT,StochasticRSI(FAST_SCALP-SHORT),2,0.2,1.641,1.649,1.639,1.649,2026-07-07 22:25:59 UTC,2026-07-07 22:53:08 UTC,1628.52,0.3282,0.0044,0.0,-0.0016,-0.15,-36.56,STOP_LOSS_HIT,0.1676
925,TRUMP_USDT,SHORT,StochasticRSI(FAST_SCALP-SHORT),2,0.2,1.645,1.643,1.643,1.653,2026-07-07 22:54:59 UTC,2026-07-07 23:00:07 UTC,307.9,0.329,0.0044,0.0,0.0004,0.04,9.12,MIN_PROFIT_TP_HIT,0.168
926,TRUMP_USDT,SHORT,StochasticRSI(FAST_SCALP-SHORT),2,0.2,1.647,1.645,1.645,1.655,2026-07-07 23:10:59 UTC,2026-07-07 23:11:04 UTC,4.22,0.3294,0.0044,0.0,0.0004,0.04,9.11,MIN_PROFIT_TP_HIT,0.1684
927,TRUMP_USDT,SHORT,StochasticRSI(FAST_SCALP-SHORT),2,0.2,1.651,1.649,1.649,1.659,2026-07-07 23:19:59 UTC,2026-07-07 23:21:08 UTC,68.44,0.3302,0.0044,0.0,0.0004,0.04,9.09,MIN_PROFIT_TP_HIT,0.1688
928,TRUMP_USDT,LONG,StochasticRSI(FAST_SCALP-LONG),2,0.2,1.65,1.652,1.652,1.642,2026-07-07 23:28:59 UTC,2026-07-07 23:31:25 UTC,145.74,0.33,0.0044,0.0,0.0004,0.04,9.09,MIN_PROFIT_TP_HIT,0.1692
929,TRUMP_USDT,SHORT,StochasticRSI(FAST_SCALP-SHORT),2,0.2,1.652,1.65,1.65,1.66,2026-07-07 23:34:59 UTC,2026-07-07 23:36:56 UTC,116.89,0.3304,0.0044,0.0,0.0004,0.04,9.08,MIN_PROFIT_TP_HIT,0.1696
930,TRUMP_USDT,SHORT,StochasticRSI(FAST_SCALP-SHORT),2,0.2,1.651,1.649,1.649,1.659,2026-07-07 23:37:59 UTC,2026-07-07 23:39:08 UTC,68.61,0.3302,0.0044,0.0,0.0004,0.04,9.09,MIN_PROFIT_TP_HIT,0.17
931,TRUMP_USDT,LONG,StochasticRSI(FAST_SCALP-LONG),2,0.2,1.645,1.647,1.647,1.637,2026-07-07 23:46:59 UTC,2026-07-07 23:48:07 UTC,67.82,0.329,0.0044,0.0,0.0004,0.04,9.12,MIN_PROFIT_TP_HIT,0.1704
932,TRUMP_USDT,SHORT,StochasticRSI(FAST_SCALP-SHORT),2,0.2,1.646,1.644,1.644,1.654,2026-07-07 23:51:59 UTC,2026-07-07 23:53:00 UTC,60.06,0.3292,0.0044,0.0,0.0004,0.04,9.11,MIN_PROFIT_TP_HIT,0.1708
933,TRUMP_USDT,SHORT,StochasticRSI(FAST_SCALP-SHORT),2,0.2,1.646,1.644,1.644,1.654,2026-07-07 23:54:59 UTC,2026-07-07 23:57:35 UTC,155.47,0.3292,0.0044,0.0,0.0004,0.04,9.11,MIN_PROFIT_TP_HIT,0.1712
934,TRUMP_USDT,LONG,StochasticRSI(FAST_SCALP-LONG),2,0.2,1.648,1.65,1.65,1.64,2026-07-08 00:02:59 UTC,2026-07-08 00:03:50 UTC,50.05,0.3296,0.0044,0.0,0.0004,0.04,9.1,MIN_PROFIT_TP_HIT,0.1716
935,TRUMP_USDT,SHORT,StochasticRSI(FAST_SCALP-SHORT),2,0.2,1.651,1.649,1.649,1.659,2026-07-08 00:08:59 UTC,2026-07-08 00:09:29 UTC,29.84,0.3302,0.0044,0.0,0.0004,0.04,9.09,MIN_PROFIT_TP_HIT,0.172
936,TRUMP_USDT,LONG,StochasticRSI(FAST_SCALP-LONG),2,0.2,1.648,1.65,1.65,1.64,2026-07-08 00:14:59 UTC,2026-07-08 00:15:07 UTC,7.74,0.3296,0.0044,0.0,0.0004,0.04,9.1,MIN_PROFIT_TP_HIT,0.1724
937,TRUMP_USDT,LONG,StochasticRSI(FAST_SCALP-LONG),2,0.2,1.647,1.649,1.649,1.639,2026-07-08 00:18:59 UTC,2026-07-08 00:19:18 UTC,18.7,0.3294,0.0044,0.0,0.0004,0.04,9.11,MIN_PROFIT_TP_HIT,0.1728
938,TRUMP_USDT,SHORT,StochasticRSI(FAST_SCALP-SHORT),2,0.2,1.651,1.649,1.649,1.659,2026-07-08 00:30:59 UTC,2026-07-08 00:32:06 UTC,66.87,0.3302,0.0044,0.0,0.0004,0.04,9.09,MIN_PROFIT_TP_HIT,0.1732
939,TRUMP_USDT,LONG,StochasticRSI(FAST_SCALP-LONG),2,0.2,1.65,1.652,1.652,1.642,2026-07-08 00:37:59 UTC,2026-07-08 00:39:47 UTC,107.94,0.33,0.0044,0.0,0.0004,0.04,9.09,MIN_PROFIT_TP_HIT,0.1736
940,TRUMP_USDT,SHORT,StochasticRSI(FAST_SCALP-SHORT),2,0.2,1.653,1.651,1.651,1.661,2026-07-08 00:45:59 UTC,2026-07-08 00:55:04 UTC,544.93,0.3306,0.0044,0.0,0.0004,0.04,9.07,MIN_PROFIT_TP_HIT,0.174
941,TRUMP_USDT,LONG,StochasticRSI(FAST_SCALP-LONG),2,0.2,1.647,1.649,1.649,1.639,2026-07-08 01:02:59 UTC,2026-07-08 01:13:35 UTC,635.92,0.3294,0.0044,0.0,0.0004,0.04,9.11,MIN_PROFIT_TP_HIT,0.1744
942,TRUMP_USDT,SHORT,StochasticRSI(FAST_SCALP-SHORT),2,0.2,1.642,1.64,1.64,1.65,2026-07-08 01:15:59 UTC,2026-07-08 01:20:57 UTC,297.69,0.3284,0.0044,0.0,0.0004,0.04,9.14,MIN_PROFIT_TP_HIT,0.1748
943,TRUMP_USDT,LONG,StochasticRSI(FAST_SCALP-LONG),2,0.2,1.641,1.643,1.643,1.633,2026-07-08 01:22:59 UTC,2026-07-08 01:23:14 UTC,14.76,0.3282,0.0044,0.0,0.0004,0.04,9.14,MIN_PROFIT_TP_HIT,0.1752
944,TRUMP_USDT,SHORT,StochasticRSI(FAST_SCALP-SHORT),2,0.2,1.64,1.638,1.638,1.648,2026-07-08 01:30:59 UTC,2026-07-08 01:31:33 UTC,33.09,0.328,0.0044,0.0,0.0004,0.04,9.15,MIN_PROFIT_TP_HIT,0.1756
945,TRUMP_USDT,LONG,StochasticRSI(FAST_SCALP-LONG),2,0.2,1.61,1.612,1.612,1.602,2026-07-08 01:39:59 UTC,2026-07-08 01:40:02 UTC,2.67,0.322,0.0043,0.0,0.0004,0.04,9.32,MIN_PROFIT_TP_HIT,0.176
946,TRUMP_USDT,SHORT,StochasticRSI(FAST_SCALP-SHORT),2,0.2,1.617,1.615,1.615,1.625,2026-07-08 01:47:59 UTC,2026-07-08 01:48:36 UTC,36.01,0.3234,0.0043,0.0,0.0004,0.04,9.28,MIN_PROFIT_TP_HIT,0.1764
947,TRUMP_USDT,LONG,StochasticRSI(FAST_SCALP-LONG),2,0.2,1.612,1.604,1.614,1.604,2026-07-08 01:58:59 UTC,2026-07-08 02:00:27 UTC,87.84,0.3224,0.0043,0.0,-0.0016,-0.15,-37.22,STOP_LOSS_HIT,0.1748
948,TRUMP_USDT,LONG,StochasticRSI(FAST_SCALP-LONG),2,0.2,1.602,1.604,1.604,1.594,2026-07-08 02:04:59 UTC,2026-07-08 02:05:05 UTC,5.86,0.3204,0.0043,0.0,0.0004,0.04,9.36,MIN_PROFIT_TP_HIT,0.1752
949,TRUMP_USDT,SHORT,StochasticRSI(FAST_SCALP-SHORT),2,0.2,1.598,1.606,1.596,1.606,2026-07-08 02:09:59 UTC,2026-07-08 02:13:39 UTC,219.75,0.3196,0.0043,0.0,-0.0016,-0.15,-37.55,STOP_LOSS_HIT,0.1736
950,TRUMP_USDT,SHORT,StochasticRSI(FAST_SCALP-SHORT),2,0.2,1.6,1.598,1.598,1.608,2026-07-08 02:15:59 UTC,2026-07-08 02:16:41 UTC,41.29,0.32,0.0043,0.0,0.0004,0.04,9.38,MIN_PROFIT_TP_HIT,0.174
951,TRUMP_USDT,SHORT,StochasticRSI(FAST_SCALP-SHORT),2,0.2,1.597,1.605,1.595,1.605,2026-07-08 02:21:59 UTC,2026-07-08 02:28:02 UTC,362.05,0.3194,0.0043,0.0,-0.0016,-0.15,-37.57,STOP_LOSS_HIT,0.1724
952,TRUMP_USDT,SHORT,StochasticRSI(FAST_SCALP-SHORT),2,0.2,1.605,1.603,1.603,1.613,2026-07-08 02:31:59 UTC,2026-07-08 02:32:05 UTC,5.11,0.321,0.0043,0.0,0.0004,0.04,9.35,MIN_PROFIT_TP_HIT,0.1728
953,TRUMP_USDT,LONG,StochasticRSI(FAST_SCALP-LONG),2,0.2,1.606,1.608,1.608,1.598,2026-07-08 02:37:59 UTC,2026-07-08 02:38:28 UTC,28.25,0.3212,0.0043,0.0,0.0004,0.04,9.34,MIN_PROFIT_TP_HIT,0.1732
954,TRUMP_USDT,SHORT,StochasticRSI(FAST_SCALP-SHORT),2,0.2,1.614,1.612,1.612,1.622,2026-07-08 02:44:59 UTC,2026-07-08 02:52:07 UTC,427.45,0.3228,0.0043,0.0,0.0004,0.04,9.29,MIN_PROFIT_TP_HIT,0.1736
955,TRUMP_USDT,LONG,StochasticRSI(FAST_SCALP-LONG),2,0.2,1.613,1.615,1.615,1.605,2026-07-08 02:56:59 UTC,2026-07-08 03:00:06 UTC,186.64,0.3226,0.0043,0.0,0.0004,0.04,9.3,MIN_PROFIT_TP_HIT,0.174
956,TRUMP_USDT,SHORT,StochasticRSI(FAST_SCALP-SHORT),2,0.2,1.619,1.617,1.617,1.627,2026-07-08 03:05:59 UTC,2026-07-08 03:06:34 UTC,34.69,0.3238,0.0043,0.0,0.0004,0.04,9.26,MIN_PROFIT_TP_HIT,0.1744
957,TRUMP_USDT,SHORT,StochasticRSI(FAST_SCALP-SHORT),2,0.2,1.622,1.62,1.62,1.63,2026-07-08 03:16:59 UTC,2026-07-08 03:17:37 UTC,37.57,0.3244,0.0043,0.0,0.0004,0.04,9.25,MIN_PROFIT_TP_HIT,0.1748
958,TRUMP_USDT,LONG,StochasticRSI(FAST_SCALP-LONG),2,0.2,1.621,1.623,1.623,1.613,2026-07-08 03:21:59 UTC,2026-07-08 03:29:23 UTC,443.5,0.3242,0.0043,0.0,0.0004,0.04,9.25,MIN_PROFIT_TP_HIT,0.1752
959,TRUMP_USDT,SHORT,StochasticRSI(FAST_SCALP-SHORT),2,0.2,1.618,1.616,1.616,1.626,2026-07-08 03:32:59 UTC,2026-07-08 03:33:41 UTC,41.86,0.3236,0.0043,0.0,0.0004,0.04,9.27,MIN_PROFIT_TP_HIT,0.1756
960,TRUMP_USDT,LONG,StochasticRSI(FAST_SCALP-LONG),2,0.2,1.617,1.619,1.619,1.609,2026-07-08 03:39:59 UTC,2026-07-08 03:46:35 UTC,395.46,0.3234,0.0043,0.0,0.0004,0.04,9.28,MIN_PROFIT_TP_HIT,0.176
961,TRUMP_USDT,SHORT,StochasticRSI(FAST_SCALP-SHORT),2,0.2,1.614,1.612,1.612,1.622,2026-07-08 03:50:59 UTC,2026-07-08 03:51:27 UTC,27.85,0.3228,0.0043,0.0,0.0004,0.04,9.29,MIN_PROFIT_TP_HIT,0.1764
962,TRUMP_USDT,LONG,StochasticRSI(FAST_SCALP-LONG),2,0.2,1.611,1.613,1.613,1.603,2026-07-08 03:57:59 UTC,2026-07-08 04:15:45 UTC,1065.25,0.3222,0.0043,0.0,0.0004,0.04,9.31,MIN_PROFIT_TP_HIT,0.1768
963,TRUMP_USDT,SHORT,StochasticRSI(FAST_SCALP-SHORT),2,0.2,1.61,1.608,1.608,1.618,2026-07-08 04:17:59 UTC,2026-07-08 04:49:51 UTC,1911.2,0.322,0.0043,0.0,0.0004,0.04,9.32,MIN_PROFIT_TP_HIT,0.1772
964,TRUMP_USDT,SHORT,StochasticRSI(FAST_SCALP-SHORT),2,0.2,1.612,1.62,1.61,1.62,2026-07-08 04:56:59 UTC,2026-07-08 05:09:36 UTC,756.89,0.3224,0.0043,0.0,-0.0016,-0.15,-37.22,STOP_LOSS_HIT,0.1756
965,TRUMP_USDT,SHORT,StochasticRSI(FAST_SCALP-SHORT),2,0.2,1.62,1.618,1.618,1.628,2026-07-08 05:12:59 UTC,2026-07-08 05:14:59 UTC,119.69,0.324,0.0043,0.0,0.0004,0.04,9.26,MIN_PROFIT_TP_HIT,0.176
966,TRUMP_USDT,LONG,StochasticRSI(FAST_SCALP-LONG),2,0.2,1.619,1.621,1.621,1.611,2026-07-08 05:17:59 UTC,2026-07-08 05:18:26 UTC,26.21,0.3238,0.0043,0.0,0.0004,0.04,9.26,MIN_PROFIT_TP_HIT,0.1764
967,TRUMP_USDT,LONG,StochasticRSI(FAST_SCALP-LONG),2,0.2,1.619,1.611,1.621,1.611,2026-07-08 05:21:59 UTC,2026-07-08 05:33:26 UTC,686.52,0.3238,0.0043,0.0,-0.0016,-0.15,-37.06,STOP_LOSS_HIT,0.1748
968,TRUMP_USDT,SHORT,StochasticRSI(FAST_SCALP-SHORT),2,0.2,1.613,1.611,1.611,1.621,2026-07-08 05:38:59 UTC,2026-07-08 05:41:04 UTC,124.44,0.3226,0.0043,0.0,0.0004,0.04,9.3,MIN_PROFIT_TP_HIT,0.1752
969,TRUMP_USDT,LONG,StochasticRSI(FAST_SCALP-LONG),2,0.2,1.606,1.608,1.608,1.598,2026-07-08 05:50:59 UTC,2026-07-08 05:55:42 UTC,282.48,0.3212,0.0043,0.0,0.0004,0.04,9.34,MIN_PROFIT_TP_HIT,0.1756
970,TRUMP_USDT,SHORT,StochasticRSI(FAST_SCALP-SHORT),2,0.2,1.606,1.604,1.604,1.614,2026-07-08 05:59:59 UTC,2026-07-08 06:00:28 UTC,28.15,0.3212,0.0043,0.0,0.0004,0.04,9.34,MIN_PROFIT_TP_HIT,0.176
971,TRUMP_USDT,SHORT,StochasticRSI(FAST_SCALP-SHORT),2,0.2,1.608,1.606,1.606,1.616,2026-07-08 06:06:59 UTC,2026-07-08 06:10:44 UTC,224.8,0.3216,0.0043,0.0,0.0004,0.04,9.33,MIN_PROFIT_TP_HIT,0.1764
972,TRUMP_USDT,LONG,StochasticRSI(FAST_SCALP-LONG),2,0.2,1.604,1.606,1.606,1.596,2026-07-08 06:15:59 UTC,2026-07-08 06:17:38 UTC,98.0,0.3208,0.0043,0.0,0.0004,0.04,9.35,MIN_PROFIT_TP_HIT,0.1768
973,TRUMP_USDT,LONG,StochasticRSI(FAST_SCALP-LONG),2,0.2,1.598,1.59,1.6,1.59,2026-07-08 06:59:59 UTC,2026-07-08 07:00:21 UTC,21.58,0.3196,0.0043,0.0,-0.0016,-0.15,-37.55,STOP_LOSS_HIT,0.1752
974,TRUMP_USDT,SHORT,StochasticRSI(FAST_SCALP-SHORT),2,0.2,1.6,1.598,1.598,1.608,2026-07-08 07:16:59 UTC,2026-07-08 07:18:02 UTC,62.95,0.32,0.0043,0.0,0.0004,0.04,9.38,MIN_PROFIT_TP_HIT,0.1756
975,TRUMP_USDT,SHORT,StochasticRSI(FAST_SCALP-SHORT),2,0.2,1.601,1.599,1.599,1.609,2026-07-08 07:22:59 UTC,2026-07-08 07:25:54 UTC,174.48,0.3202,0.0043,0.0,0.0004,0.04,9.37,MIN_PROFIT_TP_HIT,0.176
976,TRUMP_USDT,LONG,StochasticRSI(FAST_SCALP-LONG),2,0.2,1.602,1.604,1.604,1.594,2026-07-08 07:27:59 UTC,2026-07-08 07:28:15 UTC,15.3,0.3204,0.0043,0.0,0.0004,0.04,9.36,MIN_PROFIT_TP_HIT,0.1764
977,TRUMP_USDT,SHORT,StochasticRSI(FAST_SCALP-SHORT),2,0.2,1.604,1.602,1.602,1.612,2026-07-08 07:33:59 UTC,2026-07-08 07:36:15 UTC,135.5,0.3208,0.0043,0.0,0.0004,0.04,9.35,MIN_PROFIT_TP_HIT,0.1768
978,TRUMP_USDT,LONG,StochasticRSI(FAST_SCALP-LONG),2,0.2,1.601,1.603,1.603,1.593,2026-07-08 07:41:59 UTC,2026-07-08 07:42:28 UTC,28.85,0.3202,0.0043,0.0,0.0004,0.04,9.37,MIN_PROFIT_TP_HIT,0.1772
979,TRUMP_USDT,SHORT,StochasticRSI(FAST_SCALP-SHORT),2,0.2,1.601,1.599,1.599,1.609,2026-07-08 07:46:59 UTC,2026-07-08 07:48:58 UTC,118.91,0.3202,0.0043,0.0,0.0004,0.04,9.37,MIN_PROFIT_TP_HIT,0.1776
980,TRUMP_USDT,LONG,StochasticRSI(FAST_SCALP-LONG),2,0.2,1.599,1.601,1.601,1.591,2026-07-08 07:53:59 UTC,2026-07-08 08:03:19 UTC,559.45,0.3198,0.0043,0.0,0.0004,0.04,9.38,MIN_PROFIT_TP_HIT,0.178
981,TRUMP_USDT,SHORT,StochasticRSI(FAST_SCALP-SHORT),2,0.2,1.598,1.596,1.596,1.606,2026-07-08 08:07:59 UTC,2026-07-08 08:16:31 UTC,511.05,0.3196,0.0043,0.0,0.0004,0.04,9.39,MIN_PROFIT_TP_HIT,0.1784
982,TRUMP_USDT,LONG,StochasticRSI(FAST_SCALP-LONG),2,0.2,1.58,1.572,1.582,1.572,2026-07-08 08:21:59 UTC,2026-07-08 08:24:00 UTC,120.26,0.316,0.0042,0.0,-0.0016,-0.15,-37.97,STOP_LOSS_HIT,0.1768
983,TRUMP_USDT,LONG,StochasticRSI(FAST_SCALP-LONG),2,0.2,1.577,1.579,1.579,1.569,2026-07-08 08:25:59 UTC,2026-07-08 08:26:06 UTC,6.63,0.3154,0.0042,0.0,0.0004,0.04,9.51,MIN_PROFIT_TP_HIT,0.1772
984,TRUMP_USDT,SHORT,StochasticRSI(FAST_SCALP-SHORT),2,0.2,1.574,1.572,1.572,1.582,2026-07-08 08:29:59 UTC,2026-07-08 08:30:04 UTC,4.32,0.3148,0.0042,0.0,0.0004,0.04,9.53,MIN_PROFIT_TP_HIT,0.1776
985,TRUMP_USDT,SHORT,StochasticRSI(FAST_SCALP-SHORT),2,0.2,1.575,1.573,1.573,1.583,2026-07-08 08:31:59 UTC,2026-07-08 08:32:09 UTC,9.76,0.315,0.0042,0.0,0.0004,0.04,9.52,MIN_PROFIT_TP_HIT,0.178
986,TRUMP_USDT,SHORT,StochasticRSI(FAST_SCALP-SHORT),2,0.2,1.573,1.571,1.571,1.581,2026-07-08 08:36:59 UTC,2026-07-08 08:38:25 UTC,85.17,0.3146,0.0042,0.0,0.0004,0.04,9.54,MIN_PROFIT_TP_HIT,0.1784
987,TRUMP_USDT,LONG,StochasticRSI(FAST_SCALP-LONG),2,0.2,1.575,1.577,1.577,1.567,2026-07-08 08:44:59 UTC,2026-07-08 08:45:09 UTC,9.79,0.315,0.0042,0.0,0.0004,0.04,9.52,MIN_PROFIT_TP_HIT,0.1788
988,TRUMP_USDT,SHORT,StochasticRSI(FAST_SCALP-SHORT),2,0.2,1.584,1.582,1.582,1.592,2026-07-08 08:49:59 UTC,2026-07-08 08:50:04 UTC,4.55,0.3168,0.0042,0.0,0.0004,0.04,9.47,MIN_PROFIT_TP_HIT,0.1792
989,TRUMP_USDT,LONG,StochasticRSI(FAST_SCALP-LONG),2,0.2,1.576,1.578,1.578,1.568,2026-07-08 08:57:59 UTC,2026-07-08 08:58:05 UTC,5.98,0.3152,0.0042,0.0,0.0004,0.04,9.52,MIN_PROFIT_TP_HIT,0.1796
990,TRUMP_USDT,LONG,StochasticRSI(FAST_SCALP-LONG),2,0.2,1.577,1.569,1.579,1.569,2026-07-08 09:00:59 UTC,2026-07-08 09:17:35 UTC,995.19,0.3154,0.0042,0.0,-0.0016,-0.15,-38.05,STOP_LOSS_HIT,0.178
991,TRUMP_USDT,LONG,StochasticRSI(FAST_SCALP-LONG),2,0.2,1.571,1.573,1.573,1.563,2026-07-08 09:20:59 UTC,2026-07-08 09:21:04 UTC,4.74,0.3142,0.0042,0.0,0.0004,0.04,9.55,MIN_PROFIT_TP_HIT,0.1784
992,TRUMP_USDT,SHORT,StochasticRSI(FAST_SCALP-SHORT),2,0.2,1.575,1.573,1.573,1.583,2026-07-08 09:38:59 UTC,2026-07-08 09:55:30 UTC,990.13,0.315,0.0042,0.0,0.0004,0.04,9.52,MIN_PROFIT_TP_HIT,0.1788
993,TRUMP_USDT,LONG,StochasticRSI(FAST_SCALP-LONG),2,0.2,1.575,1.577,1.577,1.567,2026-07-08 10:00:59 UTC,2026-07-08 10:17:18 UTC,978.29,0.315,0.0042,0.0,0.0004,0.04,9.52,MIN_PROFIT_TP_HIT,0.1792
994,TRUMP_USDT,SHORT,StochasticRSI(FAST_SCALP-SHORT),2,0.2,1.575,1.573,1.573,1.583,2026-07-08 10:22:59 UTC,2026-07-08 10:23:24 UTC,24.25,0.315,0.0042,0.0,0.0004,0.04,9.52,MIN_PROFIT_TP_HIT,0.1796
995,TRUMP_USDT,LONG,StochasticRSI(FAST_SCALP-LONG),2,0.2,1.578,1.58,1.58,1.57,2026-07-08 10:26:59 UTC,2026-07-08 10:28:46 UTC,106.61,0.3156,0.0042,0.0,0.0004,0.04,9.51,MIN_PROFIT_TP_HIT,0.18
996,TRUMP_USDT,LONG,StochasticRSI(FAST_SCALP-LONG),2,0.2,1.58,1.582,1.582,1.572,2026-07-08 10:42:59 UTC,2026-07-08 10:44:09 UTC,69.64,0.316,0.0042,0.0,0.0004,0.04,9.49,MIN_PROFIT_TP_HIT,0.1804
997,TRUMP_USDT,SHORT,StochasticRSI(FAST_SCALP-SHORT),2,0.2,1.578,1.576,1.576,1.586,2026-07-08 10:48:59 UTC,2026-07-08 10:49:23 UTC,23.93,0.3156,0.0042,0.0,0.0004,0.04,9.51,MIN_PROFIT_TP_HIT,0.1808
998,TRUMP_USDT,LONG,StochasticRSI(FAST_SCALP-LONG),2,0.2,1.578,1.57,1.58,1.57,2026-07-08 10:53:59 UTC,2026-07-08 11:04:13 UTC,613.2,0.3156,0.0042,0.0,-0.0016,-0.15,-38.02,STOP_LOSS_HIT,0.1792
999,TRUMP_USDT,SHORT,StochasticRSI(FAST_SCALP-SHORT),2,0.2,1.579,1.577,1.577,1.587,2026-07-08 11:09:59 UTC,2026-07-08 11:10:06 UTC,6.75,0.3158,0.0042,0.0,0.0004,0.04,9.5,MIN_PROFIT_TP_HIT,0.1796
1000,TRUMP_USDT,LONG,StochasticRSI(FAST_SCALP-LONG),2,0.2,1.578,1.58,1.58,1.57,2026-07-08 11:17:59 UTC,2026-07-08 11:18:49 UTC,49.04,0.3156,0.0042,0.0,0.0004,0.04,9.51,MIN_PROFIT_TP_HIT,0.18
1001,TRUMP_USDT,SHORT,StochasticRSI(FAST_SCALP-SHORT),2,0.2,1.584,1.582,1.582,1.592,2026-07-08 11:29:59 UTC,2026-07-08 11:30:08 UTC,8.06,0.3168,0.0042,0.0,0.0004,0.04,9.47,MIN_PROFIT_TP_HIT,0.1804
1002,TRUMP_USDT,LONG,StochasticRSI(FAST_SCALP-LONG),2,0.2,1.586,1.588,1.588,1.578,2026-07-08 11:42:59 UTC,2026-07-08 11:43:34 UTC,34.34,0.3172,0.0042,0.0,0.0004,0.04,9.46,MIN_PROFIT_TP_HIT,0.1808
1003,TRUMP_USDT,LONG,StochasticRSI(FAST_SCALP-LONG),2,0.2,1.594,1.596,1.596,1.586,2026-07-08 12:02:59 UTC,2026-07-08 12:03:05 UTC,5.31,0.3188,0.0043,0.0,0.0004,0.04,9.41,MIN_PROFIT_TP_HIT,0.1812
1004,TRUMP_USDT,SHORT,StochasticRSI(FAST_SCALP-SHORT),2,0.2,1.6,1.598,1.598,1.608,2026-07-08 12:08:59 UTC,2026-07-08 12:10:30 UTC,90.85,0.32,0.0043,0.0,0.0004,0.04,9.38,MIN_PROFIT_TP_HIT,0.1816
1005,TRUMP_USDT,LONG,StochasticRSI(FAST_SCALP-LONG),2,0.2,1.601,1.603,1.603,1.593,2026-07-08 12:21:59 UTC,2026-07-08 12:26:17 UTC,257.25,0.3202,0.0043,0.0,0.0004,0.04,9.37,MIN_PROFIT_TP_HIT,0.182
1006,TRUMP_USDT,SHORT,StochasticRSI(FAST_SCALP-SHORT),2,0.2,1.603,1.601,1.601,1.611,2026-07-08 12:29:59 UTC,2026-07-08 12:30:17 UTC,17.7,0.3206,0.0043,0.0,0.0004,0.04,9.36,MIN_PROFIT_TP_HIT,0.1824
1007,TRUMP_USDT,LONG,StochasticRSI(FAST_SCALP-LONG),2,0.2,1.601,1.603,1.603,1.593,2026-07-08 12:37:59 UTC,2026-07-08 12:56:21 UTC,1101.61,0.3202,0.0043,0.0,0.0004,0.04,9.37,MIN_PROFIT_TP_HIT,0.1828
1008,TRUMP_USDT,SHORT,StochasticRSI(FAST_SCALP-SHORT),2,0.2,1.596,1.594,1.594,1.604,2026-07-08 13:00:59 UTC,2026-07-08 13:01:02 UTC,2.04,0.3192,0.0043,0.0,0.0004,0.04,9.4,MIN_PROFIT_TP_HIT,0.1832
1009,TRUMP_USDT,LONG,StochasticRSI(FAST_SCALP-LONG),2,0.2,1.597,1.599,1.599,1.589,2026-07-08 13:04:59 UTC,2026-07-08 13:12:52 UTC,472.24,0.3194,0.0043,0.0,0.0004,0.04,9.39,MIN_PROFIT_TP_HIT,0.1836
1010,TRUMP_USDT,SHORT,StochasticRSI(FAST_SCALP-SHORT),2,0.2,1.598,1.596,1.596,1.606,2026-07-08 13:15:59 UTC,2026-07-08 13:25:05 UTC,545.77,0.3196,0.0043,0.0,0.0004,0.04,9.39,MIN_PROFIT_TP_HIT,0.184
1011,TRUMP_USDT,LONG,StochasticRSI(FAST_SCALP-LONG),2,0.2,1.598,1.6,1.6,1.59,2026-07-08 13:29:59 UTC,2026-07-08 13:30:01 UTC,1.12,0.3196,0.0043,0.0,0.0004,0.04,9.39,MIN_PROFIT_TP_HIT,0.1844
1012,TRUMP_USDT,SHORT,StochasticRSI(FAST_SCALP-SHORT),2,0.2,1.613,1.611,1.611,1.621,2026-07-08 13:39:59 UTC,2026-07-08 13:40:35 UTC,35.67,0.3226,0.0043,0.0,0.0004,0.04,9.3,MIN_PROFIT_TP_HIT,0.1848
1013,TRUMP_USDT,LONG,StochasticRSI(FAST_SCALP-LONG),2,0.2,1.615,1.617,1.617,1.607,2026-07-08 13:45:59 UTC,2026-07-08 13:48:04 UTC,124.16,0.323,0.0043,0.0,0.0004,0.04,9.29,MIN_PROFIT_TP_HIT,0.1852
1014,TRUMP_USDT,LONG,StochasticRSI(FAST_SCALP-LONG),2,0.2,1.611,1.613,1.613,1.603,2026-07-08 13:55:59 UTC,2026-07-08 13:57:04 UTC,64.35,0.3222,0.0043,0.0,0.0004,0.04,9.31,MIN_PROFIT_TP_HIT,0.1856
1015,TRUMP_USDT,LONG,StochasticRSI(FAST_SCALP-LONG),2,0.2,1.615,1.617,1.617,1.607,2026-07-08 13:58:59 UTC,2026-07-08 13:59:08 UTC,8.99,0.323,0.0043,0.0,0.0004,0.04,9.29,MIN_PROFIT_TP_HIT,0.186
1016,TRUMP_USDT,SHORT,StochasticRSI(FAST_SCALP-SHORT),2,0.2,1.617,1.615,1.615,1.625,2026-07-08 14:03:59 UTC,2026-07-08 14:04:25 UTC,25.1,0.3234,0.0043,0.0,0.0004,0.04,9.28,MIN_PROFIT_TP_HIT,0.1864
1017,TRUMP_USDT,LONG,StochasticRSI(FAST_SCALP-LONG),2,0.2,1.615,1.617,1.617,1.607,2026-07-08 14:10:59 UTC,2026-07-08 14:11:41 UTC,41.87,0.323,0.0043,0.0,0.0004,0.04,9.29,MIN_PROFIT_TP_HIT,0.1868
1018,TRUMP_USDT,SHORT,StochasticRSI(FAST_SCALP-SHORT),2,0.2,1.613,1.611,1.611,1.621,2026-07-08 14:16:59 UTC,2026-07-08 14:17:18 UTC,18.22,0.3226,0.0043,0.0,0.0004,0.04,9.3,MIN_PROFIT_TP_HIT,0.1872
1019,TRUMP_USDT,LONG,StochasticRSI(FAST_SCALP-LONG),2,0.2,1.618,1.62,1.62,1.61,2026-07-08 14:19:59 UTC,2026-07-08 14:20:50 UTC,50.83,0.3236,0.0043,0.0,0.0004,0.04,9.27,MIN_PROFIT_TP_HIT,0.1876
1020,TRUMP_USDT,SHORT,StochasticRSI(FAST_SCALP-SHORT),2,0.2,1.618,1.616,1.616,1.626,2026-07-08 14:24:59 UTC,2026-07-08 14:27:02 UTC,122.63,0.3236,0.0043,0.0,0.0004,0.04,9.27,MIN_PROFIT_TP_HIT,0.188
1021,TRUMP_USDT,LONG,StochasticRSI(FAST_SCALP-LONG),2,0.2,1.616,1.618,1.618,1.608,2026-07-08 14:32:59 UTC,2026-07-08 14:33:56 UTC,56.87,0.3232,0.0043,0.0,0.0004,0.04,9.28,MIN_PROFIT_TP_HIT,0.1884
1022,TRUMP_USDT,LONG,StochasticRSI(FAST_SCALP-LONG),2,0.2,1.609,1.611,1.611,1.601,2026-07-08 14:46:59 UTC,2026-07-08 14:47:18 UTC,18.16,0.3218,0.0043,0.0,0.0004,0.04,9.32,MIN_PROFIT_TP_HIT,0.1888
1023,TRUMP_USDT,SHORT,StochasticRSI(FAST_SCALP-SHORT),2,0.2,1.627,1.625,1.625,1.635,2026-07-08 14:56:59 UTC,2026-07-08 14:57:00 UTC,0.41,0.3254,0.0043,0.0,0.0004,0.04,9.22,MIN_PROFIT_TP_HIT,0.1892
1024,TRUMP_USDT,SHORT,StochasticRSI(FAST_SCALP-SHORT),2,0.2,1.623,1.621,1.621,1.631,2026-07-08 15:01:59 UTC,2026-07-08 15:04:18 UTC,138.91,0.3246,0.0043,0.0,0.0004,0.04,9.24,MIN_PROFIT_TP_HIT,0.1896
1025,TRUMP_USDT,LONG,StochasticRSI(FAST_SCALP-LONG),2,0.2,1.621,1.613,1.623,1.613,2026-07-08 15:05:59 UTC,2026-07-08 15:10:43 UTC,283.75,0.3242,0.0043,0.0,-0.0016,-0.15,-37.01,STOP_LOSS_HIT,0.188
1026,TRUMP_USDT,LONG,StochasticRSI(FAST_SCALP-LONG),2,0.2,1.61,1.612,1.612,1.602,2026-07-08 15:13:59 UTC,2026-07-08 15:15:00 UTC,60.86,0.322,0.0043,0.0,0.0004,0.04,9.32,MIN_PROFIT_TP_HIT,0.1884
1027,TRUMP_USDT,LONG,StochasticRSI(FAST_SCALP-LONG),2,0.2,1.611,1.613,1.613,1.603,2026-07-08 15:16:59 UTC,2026-07-08 15:18:22 UTC,82.47,0.3222,0.0043,0.0,0.0004,0.04,9.31,MIN_PROFIT_TP_HIT,0.1888
1028,TRUMP_USDT,SHORT,StochasticRSI(FAST_SCALP-SHORT),2,0.2,1.615,1.613,1.613,1.623,2026-07-08 15:23:59 UTC,2026-07-08 15:24:10 UTC,10.95,0.323,0.0043,0.0,0.0004,0.04,9.29,MIN_PROFIT_TP_HIT,0.1892
1029,TRUMP_USDT,LONG,StochasticRSI(FAST_SCALP-LONG),2,0.2,1.616,1.618,1.618,1.608,2026-07-08 15:28:59 UTC,2026-07-08 15:36:58 UTC,478.23,0.3232,0.0043,0.0,0.0004,0.04,9.28,MIN_PROFIT_TP_HIT,0.1896
1030,TRUMP_USDT,SHORT,StochasticRSI(FAST_SCALP-SHORT),2,0.2,1.616,1.614,1.614,1.624,2026-07-08 15:39:59 UTC,2026-07-08 15:42:25 UTC,145.12,0.3232,0.0043,0.0,0.0004,0.04,9.28,MIN_PROFIT_TP_HIT,0.19
1031,TRUMP_USDT,LONG,StochasticRSI(FAST_SCALP-LONG),2,0.2,1.601,1.603,1.603,1.593,2026-07-08 15:47:59 UTC,2026-07-08 15:48:05 UTC,5.9,0.3202,0.0043,0.0,0.0004,0.04,9.37,MIN_PROFIT_TP_HIT,0.1904
1032,TRUMP_USDT,SHORT,StochasticRSI(FAST_SCALP-SHORT),2,0.2,1.606,1.614,1.604,1.614,2026-07-08 15:57:59 UTC,2026-07-08 16:05:23 UTC,443.59,0.3212,0.0043,0.0,-0.0016,-0.15,-37.36,STOP_LOSS_HIT,0.1888
1033,TRUMP_USDT,LONG,StochasticRSI(FAST_SCALP-LONG),2,0.2,1.609,1.611,1.611,1.601,2026-07-08 16:18:59 UTC,2026-07-08 16:20:15 UTC,75.3,0.3218,0.0043,0.0,0.0004,0.04,9.32,MIN_PROFIT_TP_HIT,0.1892
1034,TRUMP_USDT,SHORT,StochasticRSI(FAST_SCALP-SHORT),2,0.2,1.616,1.614,1.614,1.624,2026-07-08 16:25:59 UTC,2026-07-08 16:29:23 UTC,203.79,0.3232,0.0043,0.0,0.0004,0.04,9.28,MIN_PROFIT_TP_HIT,0.1896
1035,TRUMP_USDT,LONG,StochasticRSI(FAST_SCALP-LONG),2,0.2,1.614,1.616,1.616,1.606,2026-07-08 16:39:59 UTC,2026-07-08 16:40:16 UTC,16.59,0.3228,0.0043,0.0,0.0004,0.04,9.29,MIN_PROFIT_TP_HIT,0.19
1036,TRUMP_USDT,SHORT,StochasticRSI(FAST_SCALP-SHORT),2,0.2,1.616,1.614,1.614,1.624,2026-07-08 16:44:59 UTC,2026-07-08 16:45:25 UTC,25.92,0.3232,0.0043,0.0,0.0004,0.04,9.28,MIN_PROFIT_TP_HIT,0.1904
1037,TRUMP_USDT,LONG,StochasticRSI(FAST_SCALP-LONG),2,0.2,1.612,1.614,1.614,1.604,2026-07-08 16:52:59 UTC,2026-07-08 16:53:04 UTC,4.39,0.3224,0.0043,0.0,0.0004,0.04,9.31,MIN_PROFIT_TP_HIT,0.1908
1038,TRUMP_USDT,SHORT,StochasticRSI(FAST_SCALP-SHORT),2,0.2,1.617,1.615,1.615,1.625,2026-07-08 16:58:59 UTC,2026-07-08 17:02:01 UTC,181.77,0.3234,0.0043,0.0,0.0004,0.04,9.28,MIN_PROFIT_TP_HIT,0.1912
1039,TRUMP_USDT,LONG,StochasticRSI(FAST_SCALP-LONG),2,0.2,1.615,1.617,1.617,1.607,2026-07-08 17:07:59 UTC,2026-07-08 17:28:10 UTC,1210.06,0.323,0.0043,0.0,0.0004,0.04,9.29,MIN_PROFIT_TP_HIT,0.1916
1040,TRUMP_USDT,SHORT,StochasticRSI(FAST_SCALP-SHORT),2,0.2,1.617,1.615,1.615,1.625,2026-07-08 17:32:59 UTC,2026-07-08 17:35:06 UTC,126.53,0.3234,0.0043,0.0,0.0004,0.04,9.28,MIN_PROFIT_TP_HIT,0.192
1041,TRUMP_USDT,LONG,StochasticRSI(FAST_SCALP-LONG),2,0.2,1.618,1.61,1.62,1.61,2026-07-08 17:38:59 UTC,2026-07-08 17:45:20 UTC,380.08,0.3236,0.0043,0.0,-0.0016,-0.15,-37.08,STOP_LOSS_HIT,0.1904
1042,TRUMP_USDT,LONG,StochasticRSI(FAST_SCALP-LONG),2,0.2,1.609,1.611,1.611,1.601,2026-07-08 17:48:59 UTC,2026-07-08 17:50:36 UTC,96.92,0.3218,0.0043,0.0,0.0004,0.04,9.32,MIN_PROFIT_TP_HIT,0.1908
1043,TRUMP_USDT,SHORT,StochasticRSI(FAST_SCALP-SHORT),2,0.2,1.607,1.605,1.605,1.615,2026-07-08 17:54:59 UTC,2026-07-08 18:07:59 UTC,779.2,0.3214,0.0043,0.0,0.0004,0.04,9.33,MIN_PROFIT_TP_HIT,0.1912
1044,TRUMP_USDT,LONG,StochasticRSI(FAST_SCALP-LONG),2,0.2,1.606,1.598,1.608,1.598,2026-07-08 18:14:59 UTC,2026-07-08 18:41:29 UTC,1589.82,0.3212,0.0043,0.0,-0.0016,-0.15,-37.36,STOP_LOSS_HIT,0.1896
1045,TRUMP_USDT,SHORT,StochasticRSI(FAST_SCALP-SHORT),2,0.2,1.599,1.597,1.597,1.607,2026-07-08 18:42:59 UTC,2026-07-08 18:43:55 UTC,55.82,0.3198,0.0043,0.0,0.0004,0.04,9.38,MIN_PROFIT_TP_HIT,0.19
1046,TRUMP_USDT,SHORT,StochasticRSI(FAST_SCALP-SHORT),2,0.2,1.604,1.602,1.602,1.612,2026-07-08 18:55:59 UTC,2026-07-08 19:05:37 UTC,577.48,0.3208,0.0043,0.0,0.0004,0.04,9.35,MIN_PROFIT_TP_HIT,0.1904
1047,TRUMP_USDT,LONG,StochasticRSI(FAST_SCALP-LONG),2,0.2,1.601,1.603,1.603,1.593,2026-07-08 19:08:59 UTC,2026-07-08 19:09:56 UTC,56.86,0.3202,0.0043,0.0,0.0004,0.04,9.37,MIN_PROFIT_TP_HIT,0.1908
1048,TRUMP_USDT,SHORT,StochasticRSI(FAST_SCALP-SHORT),2,0.2,1.602,1.6,1.6,1.61,2026-07-08 19:16:59 UTC,2026-07-08 19:50:07 UTC,1987.38,0.3204,0.0043,0.0,0.0004,0.04,9.36,MIN_PROFIT_TP_HIT,0.1912
1049,TRUMP_USDT,LONG,StochasticRSI(FAST_SCALP-LONG),2,0.2,1.602,1.604,1.604,1.594,2026-07-08 19:51:59 UTC,2026-07-08 19:55:00 UTC,180.22,0.3204,0.0043,0.0,0.0004,0.04,9.36,MIN_PROFIT_TP_HIT,0.1916
1050,TRUMP_USDT,SHORT,StochasticRSI(FAST_SCALP-SHORT),2,0.2,1.602,1.6,1.6,1.61,2026-07-08 20:00:59 UTC,2026-07-08 20:10:55 UTC,595.25,0.3204,0.0043,0.0,0.0004,0.04,9.36,MIN_PROFIT_TP_HIT,0.192
1051,TRUMP_USDT,LONG,StochasticRSI(FAST_SCALP-LONG),2,0.2,1.597,1.599,1.599,1.589,2026-07-08 20:16:59 UTC,2026-07-08 20:23:46 UTC,406.76,0.3194,0.0043,0.0,0.0004,0.04,9.39,MIN_PROFIT_TP_HIT,0.1924
1052,TRUMP_USDT,SHORT,StochasticRSI(FAST_SCALP-SHORT),2,0.2,1.598,1.596,1.596,1.606,2026-07-08 20:25:59 UTC,2026-07-08 20:33:56 UTC,476.6,0.3196,0.0043,0.0,0.0004,0.04,9.39,MIN_PROFIT_TP_HIT,0.1928
1053,TRUMP_USDT,LONG,StochasticRSI(FAST_SCALP-LONG),2,0.2,1.594,1.596,1.596,1.586,2026-07-08 20:36:59 UTC,2026-07-08 20:42:07 UTC,307.56,0.3188,0.0043,0.0,0.0004,0.04,9.41,MIN_PROFIT_TP_HIT,0.1932
1054,TRUMP_USDT,SHORT,StochasticRSI(FAST_SCALP-SHORT),2,0.2,1.594,1.592,1.592,1.602,2026-07-08 20:45:59 UTC,2026-07-08 20:49:44 UTC,224.23,0.3188,0.0043,0.0,0.0004,0.04,9.41,MIN_PROFIT_TP_HIT,0.1936
1055,TRUMP_USDT,LONG,StochasticRSI(FAST_SCALP-LONG),2,0.2,1.59,1.592,1.592,1.582,2026-07-08 20:57:59 UTC,2026-07-08 20:59:08 UTC,68.73,0.318,0.0042,0.0,0.0004,0.04,9.43,MIN_PROFIT_TP_HIT,0.194
1056,TRUMP_USDT,SHORT,StochasticRSI(FAST_SCALP-SHORT),2,0.2,1.589,1.597,1.587,1.597,2026-07-08 21:08:59 UTC,2026-07-08 21:32:15 UTC,1395.67,0.3178,0.0042,0.0,-0.0016,-0.15,-37.76,STOP_LOSS_HIT,0.1924
1057,TRUMP_USDT,SHORT,StochasticRSI(FAST_SCALP-SHORT),2,0.2,1.598,1.606,1.596,1.606,2026-07-08 21:36:59 UTC,2026-07-08 22:03:20 UTC,1580.89,0.3196,0.0043,0.0,-0.0016,-0.15,-37.55,STOP_LOSS_HIT,0.1908
1058,TRUMP_USDT,LONG,StochasticRSI(FAST_SCALP-LONG),2,0.2,1.606,1.598,1.608,1.598,2026-07-08 22:16:59 UTC,2026-07-08 23:17:24 UTC,3624.36,0.3212,0.0043,0.0,-0.0016,-0.15,-37.36,STOP_LOSS_HIT,0.1892
1059,TRUMP_USDT,LONG,StochasticRSI(FAST_SCALP-LONG),2,0.2,1.599,1.601,1.601,1.591,2026-07-08 23:24:59 UTC,2026-07-08 23:29:51 UTC,291.3,0.3198,0.0043,0.0,0.0004,0.04,9.38,MIN_PROFIT_TP_HIT,0.1896
1060,TRUMP_USDT,SHORT,StochasticRSI(FAST_SCALP-SHORT),2,0.2,1.598,1.606,1.596,1.606,2026-07-08 23:31:59 UTC,2026-07-09 00:00:05 UTC,1685.67,0.3196,0.0043,0.0,-0.0016,-0.15,-37.55,STOP_LOSS_HIT,0.188
1061,TRUMP_USDT,SHORT,StochasticRSI(FAST_SCALP-SHORT),2,0.2,1.613,1.611,1.611,1.621,2026-07-09 00:02:59 UTC,2026-07-09 00:03:07 UTC,7.56,0.3226,0.0043,0.0,0.0004,0.04,9.3,MIN_PROFIT_TP_HIT,0.1884
1062,TRUMP_USDT,LONG,StochasticRSI(FAST_SCALP-LONG),2,0.2,1.606,1.598,1.608,1.598,2026-07-09 00:09:59 UTC,2026-07-09 00:14:32 UTC,272.84,0.3212,0.0043,0.0,-0.0016,-0.15,-37.36,STOP_LOSS_HIT,0.1868
1063,TRUMP_USDT,LONG,StochasticRSI(FAST_SCALP-LONG),2,0.2,1.594,1.596,1.596,1.586,2026-07-09 00:16:59 UTC,2026-07-09 00:17:00 UTC,0.46,0.3188,0.0043,0.0,0.0004,0.04,9.41,MIN_PROFIT_TP_HIT,0.1872
1064,TRUMP_USDT,SHORT,StochasticRSI(FAST_SCALP-SHORT),2,0.2,1.594,1.592,1.592,1.602,2026-07-09 00:27:59 UTC,2026-07-09 00:44:23 UTC,983.87,0.3188,0.0043,0.0,0.0004,0.04,9.41,MIN_PROFIT_TP_HIT,0.1876
1065,TRUMP_USDT,LONG,StochasticRSI(FAST_SCALP-LONG),2,0.2,1.595,1.597,1.597,1.587,2026-07-09 00:46:59 UTC,2026-07-09 01:00:00 UTC,780.33,0.319,0.0043,0.0,0.0004,0.04,9.4,MIN_PROFIT_TP_HIT,0.188
1066,TRUMP_USDT,SHORT,StochasticRSI(FAST_SCALP-SHORT),2,0.2,1.595,1.603,1.593,1.603,2026-07-09 01:03:59 UTC,2026-07-09 01:09:41 UTC,341.02,0.319,0.0043,0.0,-0.0016,-0.15,-37.62,STOP_LOSS_HIT,0.1864
1067,TRUMP_USDT,SHORT,StochasticRSI(FAST_SCALP-SHORT),2,0.2,1.613,1.611,1.611,1.621,2026-07-09 01:21:59 UTC,2026-07-09 01:24:45 UTC,165.78,0.3226,0.0043,0.0,0.0004,0.04,9.3,MIN_PROFIT_TP_HIT,0.1868
1068,TRUMP_USDT,LONG,StochasticRSI(FAST_SCALP-LONG),2,0.2,1.613,1.615,1.615,1.605,2026-07-09 01:28:59 UTC,2026-07-09 01:29:32 UTC,32.96,0.3226,0.0043,0.0,0.0004,0.04,9.3,MIN_PROFIT_TP_HIT,0.1872
1069,TRUMP_USDT,LONG,StochasticRSI(FAST_SCALP-LONG),2,0.2,1.606,1.608,1.608,1.598,2026-07-09 01:43:59 UTC,2026-07-09 01:44:44 UTC,44.72,0.3212,0.0043,0.0,0.0004,0.04,9.34,MIN_PROFIT_TP_HIT,0.1876
1070,TRUMP_USDT,SHORT,StochasticRSI(FAST_SCALP-SHORT),2,0.2,1.607,1.605,1.605,1.615,2026-07-09 01:51:59 UTC,2026-07-09 01:52:09 UTC,9.47,0.3214,0.0043,0.0,0.0004,0.04,9.33,MIN_PROFIT_TP_HIT,0.188
1071,TRUMP_USDT,SHORT,StochasticRSI(FAST_SCALP-SHORT),2,0.2,1.605,1.603,1.603,1.613,2026-07-09 02:01:59 UTC,2026-07-09 02:02:10 UTC,10.12,0.321,0.0043,0.0,0.0004,0.04,9.35,MIN_PROFIT_TP_HIT,0.1884
1072,TRUMP_USDT,SHORT,StochasticRSI(FAST_SCALP-SHORT),2,0.2,1.61,1.618,1.608,1.618,2026-07-09 02:07:59 UTC,2026-07-09 02:14:06 UTC,366.54,0.322,0.0043,0.0,-0.0016,-0.15,-37.27,STOP_LOSS_HIT,0.1868
1073,TRUMP_USDT,SHORT,StochasticRSI(FAST_SCALP-SHORT),2,0.2,1.615,1.623,1.613,1.623,2026-07-09 02:16:59 UTC,2026-07-09 02:26:28 UTC,568.01,0.323,0.0043,0.0,-0.0016,-0.15,-37.15,STOP_LOSS_HIT,0.1852
1074,TRUMP_USDT,SHORT,StochasticRSI(FAST_SCALP-SHORT),2,0.2,1.621,1.619,1.619,1.629,2026-07-09 02:28:59 UTC,2026-07-09 02:32:15 UTC,195.96,0.3242,0.0043,0.0,0.0004,0.04,9.25,MIN_PROFIT_TP_HIT,0.1856
1075,TRUMP_USDT,LONG,StochasticRSI(FAST_SCALP-LONG),2,0.2,1.617,1.619,1.619,1.609,2026-07-09 02:38:59 UTC,2026-07-09 02:39:34 UTC,34.39,0.3234,0.0043,0.0,0.0004,0.04,9.28,MIN_PROFIT_TP_HIT,0.186
1076,TRUMP_USDT,SHORT,StochasticRSI(FAST_SCALP-SHORT),2,0.2,1.619,1.627,1.617,1.627,2026-07-09 02:45:59 UTC,2026-07-09 03:02:11 UTC,971.36,0.3238,0.0043,0.0,-0.0016,-0.15,-37.06,STOP_LOSS_HIT,0.1844
1077,TRUMP_USDT,SHORT,StochasticRSI(FAST_SCALP-SHORT),2,0.2,1.621,1.619,1.619,1.629,2026-07-09 03:05:59 UTC,2026-07-09 03:07:19 UTC,79.31,0.3242,0.0043,0.0,0.0004,0.04,9.25,MIN_PROFIT_TP_HIT,0.1848
1078,TRUMP_USDT,LONG,StochasticRSI(FAST_SCALP-LONG),2,0.2,1.62,1.612,1.622,1.612,2026-07-09 03:09:59 UTC,2026-07-09 03:17:55 UTC,475.41,0.324,0.0043,0.0,-0.0016,-0.15,-37.04,STOP_LOSS_HIT,0.1832
1079,TRUMP_USDT,LONG,StochasticRSI(FAST_SCALP-LONG),2,0.2,1.612,1.614,1.614,1.604,2026-07-09 03:23:59 UTC,2026-07-09 03:27:32 UTC,212.16,0.3224,0.0043,0.0,0.0004,0.04,9.31,MIN_PROFIT_TP_HIT,0.1836
1080,TRUMP_USDT,SHORT,StochasticRSI(FAST_SCALP-SHORT),2,0.2,1.618,1.616,1.616,1.626,2026-07-09 03:35:59 UTC,2026-07-09 03:38:17 UTC,137.25,0.3236,0.0043,0.0,0.0004,0.04,9.27,MIN_PROFIT_TP_HIT,0.184
1081,TRUMP_USDT,LONG,StochasticRSI(FAST_SCALP-LONG),2,0.2,1.613,1.615,1.615,1.605,2026-07-09 03:43:59 UTC,2026-07-09 04:27:53 UTC,2633.81,0.3226,0.0043,0.0,0.0004,0.04,9.3,MIN_PROFIT_TP_HIT,0.1844
1082,TRUMP_USDT,SHORT,StochasticRSI(FAST_SCALP-SHORT),2,0.2,1.613,1.621,1.611,1.621,2026-07-09 04:30:59 UTC,2026-07-09 04:57:22 UTC,1582.34,0.3226,0.0043,0.0,-0.0016,-0.15,-37.2,STOP_LOSS_HIT,0.1828
1083,TRUMP_USDT,LONG,StochasticRSI(FAST_SCALP-LONG),2,0.2,1.619,1.621,1.621,1.611,2026-07-09 05:09:59 UTC,2026-07-09 05:11:04 UTC,64.91,0.3238,0.0043,0.0,0.0004,0.04,9.26,MIN_PROFIT_TP_HIT,0.1832
1084,TRUMP_USDT,SHORT,StochasticRSI(FAST_SCALP-SHORT),2,0.2,1.621,1.619,1.619,1.629,2026-07-09 05:14:59 UTC,2026-07-09 05:16:06 UTC,66.91,0.3242,0.0043,0.0,0.0004,0.04,9.25,MIN_PROFIT_TP_HIT,0.1836
1085,TRUMP_USDT,LONG,StochasticRSI(FAST_SCALP-LONG),2,0.2,1.616,1.618,1.618,1.608,2026-07-09 05:21:59 UTC,2026-07-09 05:22:56 UTC,56.48,0.3232,0.0043,0.0,0.0004,0.04,9.28,MIN_PROFIT_TP_HIT,0.184
1086,TRUMP_USDT,LONG,StochasticRSI(FAST_SCALP-LONG),2,0.2,1.618,1.62,1.62,1.61,2026-07-09 05:23:59 UTC,2026-07-09 05:28:10 UTC,250.79,0.3236,0.0043,0.0,0.0004,0.04,9.27,MIN_PROFIT_TP_HIT,0.1844
1087,TRUMP_USDT,SHORT,StochasticRSI(FAST_SCALP-SHORT),2,0.2,1.621,1.619,1.619,1.629,2026-07-09 05:31:59 UTC,2026-07-09 05:32:33 UTC,33.48,0.3242,0.0043,0.0,0.0004,0.04,9.25,MIN_PROFIT_TP_HIT,0.1848
1088,TRUMP_USDT,SHORT,StochasticRSI(FAST_SCALP-SHORT),2,0.2,1.623,1.621,1.621,1.631,2026-07-09 05:37:59 UTC,2026-07-09 05:39:55 UTC,115.7,0.3246,0.0043,0.0,0.0004,0.04,9.24,MIN_PROFIT_TP_HIT,0.1852
1089,TRUMP_USDT,LONG,StochasticRSI(FAST_SCALP-LONG),2,0.2,1.622,1.624,1.624,1.614,2026-07-09 05:46:59 UTC,2026-07-09 05:47:06 UTC,6.99,0.3244,0.0043,0.0,0.0004,0.04,9.25,MIN_PROFIT_TP_HIT,0.1856
1090,TRUMP_USDT,SHORT,StochasticRSI(FAST_SCALP-SHORT),2,0.2,1.624,1.622,1.622,1.632,2026-07-09 05:51:59 UTC,2026-07-09 05:52:51 UTC,51.26,0.3248,0.0043,0.0,0.0004,0.04,9.24,MIN_PROFIT_TP_HIT,0.186
1091,TRUMP_USDT,SHORT,StochasticRSI(FAST_SCALP-SHORT),2,0.2,1.625,1.623,1.623,1.633,2026-07-09 06:05:59 UTC,2026-07-09 06:06:11 UTC,11.57,0.325,0.0043,0.0,0.0004,0.04,9.23,MIN_PROFIT_TP_HIT,0.1864
1092,TRUMP_USDT,LONG,StochasticRSI(FAST_SCALP-LONG),2,0.2,1.622,1.624,1.624,1.614,2026-07-09 06:10:59 UTC,2026-07-09 06:25:22 UTC,862.24,0.3244,0.0043,0.0,0.0004,0.04,9.25,MIN_PROFIT_TP_HIT,0.1868
1093,TRUMP_USDT,SHORT,StochasticRSI(FAST_SCALP-SHORT),2,0.2,1.625,1.623,1.623,1.633,2026-07-09 06:27:59 UTC,2026-07-09 06:28:15 UTC,15.48,0.325,0.0043,0.0,0.0004,0.04,9.23,MIN_PROFIT_TP_HIT,0.1872
1094,TRUMP_USDT,SHORT,StochasticRSI(FAST_SCALP-SHORT),2,0.2,1.626,1.624,1.624,1.634,2026-07-09 06:31:59 UTC,2026-07-09 06:37:07 UTC,307.53,0.3252,0.0043,0.0,0.0004,0.04,9.23,MIN_PROFIT_TP_HIT,0.1876
1095,TRUMP_USDT,LONG,StochasticRSI(FAST_SCALP-LONG),2,0.2,1.625,1.627,1.627,1.617,2026-07-09 06:43:59 UTC,2026-07-09 06:44:53 UTC,53.68,0.325,0.0043,0.0,0.0004,0.04,9.23,MIN_PROFIT_TP_HIT,0.188
1096,TRUMP_USDT,LONG,StochasticRSI(FAST_SCALP-LONG),2,0.2,1.623,1.625,1.625,1.615,2026-07-09 06:54:59 UTC,2026-07-09 06:59:55 UTC,295.42,0.3246,0.0043,0.0,0.0004,0.04,9.24,MIN_PROFIT_TP_HIT,0.1884
1097,TRUMP_USDT,SHORT,StochasticRSI(FAST_SCALP-SHORT),2,0.2,1.624,1.622,1.622,1.632,2026-07-09 07:00:59 UTC,2026-07-09 07:03:45 UTC,165.23,0.3248,0.0043,0.0,0.0004,0.04,9.24,MIN_PROFIT_TP_HIT,0.1888
1098,TRUMP_USDT,SHORT,StochasticRSI(FAST_SCALP-SHORT),2,0.2,1.621,1.619,1.619,1.629,2026-07-09 07:04:59 UTC,2026-07-09 07:07:02 UTC,122.22,0.3242,0.0043,0.0,0.0004,0.04,9.25,MIN_PROFIT_TP_HIT,0.1892
1099,TRUMP_USDT,LONG,StochasticRSI(FAST_SCALP-LONG),2,0.2,1.62,1.622,1.622,1.612,2026-07-09 07:08:59 UTC,2026-07-09 07:13:09 UTC,249.76,0.324,0.0043,0.0,0.0004,0.04,9.26,MIN_PROFIT_TP_HIT,0.1896
1100,TRUMP_USDT,SHORT,StochasticRSI(FAST_SCALP-SHORT),2,0.2,1.624,1.622,1.622,1.632,2026-07-09 07:18:59 UTC,2026-07-09 07:21:45 UTC,165.24,0.3248,0.0043,0.0,0.0004,0.04,9.24,MIN_PROFIT_TP_HIT,0.19
1101,TRUMP_USDT,SHORT,StochasticRSI(FAST_SCALP-SHORT),2,0.2,1.622,1.62,1.62,1.63,2026-07-09 07:22:59 UTC,2026-07-09 07:23:51 UTC,51.65,0.3244,0.0043,0.0,0.0004,0.04,9.25,MIN_PROFIT_TP_HIT,0.1904
1102,TRUMP_USDT,LONG,StochasticRSI(FAST_SCALP-LONG),2,0.2,1.615,1.617,1.617,1.607,2026-07-09 07:28:59 UTC,2026-07-09 07:41:08 UTC,728.9,0.323,0.0043,0.0,0.0004,0.04,9.29,MIN_PROFIT_TP_HIT,0.1908
1103,TRUMP_USDT,SHORT,StochasticRSI(FAST_SCALP-SHORT),2,0.2,1.622,1.62,1.62,1.63,2026-07-09 07:50:59 UTC,2026-07-09 07:58:26 UTC,446.94,0.3244,0.0043,0.0,0.0004,0.04,9.25,MIN_PROFIT_TP_HIT,0.1912
1104,TRUMP_USDT,LONG,StochasticRSI(FAST_SCALP-LONG),2,0.2,1.616,1.618,1.618,1.608,2026-07-09 08:01:59 UTC,2026-07-09 08:02:05 UTC,5.3,0.3232,0.0043,0.0,0.0004,0.04,9.28,MIN_PROFIT_TP_HIT,0.1916
1105,TRUMP_USDT,LONG,StochasticRSI(FAST_SCALP-LONG),2,0.2,1.613,1.615,1.615,1.605,2026-07-09 08:08:59 UTC,2026-07-09 08:21:27 UTC,747.19,0.3226,0.0043,0.0,0.0004,0.04,9.3,MIN_PROFIT_TP_HIT,0.192
1106,TRUMP_USDT,SHORT,StochasticRSI(FAST_SCALP-SHORT),2,0.2,1.617,1.615,1.615,1.625,2026-07-09 08:25:59 UTC,2026-07-09 08:28:18 UTC,139.0,0.3234,0.0043,0.0,0.0004,0.04,9.28,MIN_PROFIT_TP_HIT,0.1924
1107,TRUMP_USDT,SHORT,StochasticRSI(FAST_SCALP-SHORT),2,0.2,1.617,1.615,1.615,1.625,2026-07-09 08:31:59 UTC,2026-07-09 08:32:18 UTC,18.38,0.3234,0.0043,0.0,0.0004,0.04,9.28,MIN_PROFIT_TP_HIT,0.1928
1108,TRUMP_USDT,LONG,StochasticRSI(FAST_SCALP-LONG),2,0.2,1.614,1.616,1.616,1.606,2026-07-09 08:37:59 UTC,2026-07-09 08:44:19 UTC,379.08,0.3228,0.0043,0.0,0.0004,0.04,9.29,MIN_PROFIT_TP_HIT,0.1932
1109,TRUMP_USDT,LONG,StochasticRSI(FAST_SCALP-LONG),2,0.2,1.612,1.604,1.614,1.604,2026-07-09 08:54:59 UTC,2026-07-09 09:07:20 UTC,740.13,0.3224,0.0043,0.0,-0.0016,-0.15,-37.22,STOP_LOSS_HIT,0.1916
1110,TRUMP_USDT,LONG,StochasticRSI(FAST_SCALP-LONG),2,0.2,1.606,1.608,1.608,1.598,2026-07-09 09:10:59 UTC,2026-07-09 09:33:19 UTC,1339.01,0.3212,0.0043,0.0,0.0004,0.04,9.34,MIN_PROFIT_TP_HIT,0.192
1111,TRUMP_USDT,SHORT,StochasticRSI(FAST_SCALP-SHORT),2,0.2,1.605,1.603,1.603,1.613,2026-07-09 09:36:59 UTC,2026-07-09 09:37:35 UTC,35.25,0.321,0.0043,0.0,0.0004,0.04,9.35,MIN_PROFIT_TP_HIT,0.1924
1112,TRUMP_USDT,LONG,StochasticRSI(FAST_SCALP-LONG),2,0.2,1.607,1.609,1.609,1.599,2026-07-09 09:40:59 UTC,2026-07-09 09:42:15 UTC,75.21,0.3214,0.0043,0.0,0.0004,0.04,9.33,MIN_PROFIT_TP_HIT,0.1928
1113,TRUMP_USDT,SHORT,StochasticRSI(FAST_SCALP-SHORT),2,0.2,1.609,1.617,1.607,1.617,2026-07-09 09:45:59 UTC,2026-07-09 10:08:38 UTC,1358.57,0.3218,0.0043,0.0,-0.0016,-0.15,-37.29,STOP_LOSS_HIT,0.1912
1114,TRUMP_USDT,LONG,StochasticRSI(FAST_SCALP-LONG),2,0.2,1.616,1.608,1.618,1.608,2026-07-09 10:09:59 UTC,2026-07-09 10:33:15 UTC,1395.61,0.3232,0.0043,0.0,-0.0016,-0.15,-37.13,STOP_LOSS_HIT,0.1896
1115,TRUMP_USDT,LONG,StochasticRSI(FAST_SCALP-LONG),2,0.2,1.612,1.614,1.614,1.604,2026-07-09 10:36:59 UTC,2026-07-09 11:49:53 UTC,4373.82,0.3224,0.0043,0.0,0.0004,0.04,9.31,MIN_PROFIT_TP_HIT,0.19
1116,TRUMP_USDT,SHORT,StochasticRSI(FAST_SCALP-SHORT),2,0.2,1.616,1.614,1.614,1.624,2026-07-09 11:55:59 UTC,2026-07-09 12:00:11 UTC,251.03,0.3232,0.0043,0.0,0.0004,0.04,9.28,MIN_PROFIT_TP_HIT,0.1904
1117,TRUMP_USDT,LONG,StochasticRSI(FAST_SCALP-LONG),2,0.2,1.619,1.611,1.621,1.611,2026-07-09 12:02:59 UTC,2026-07-09 12:17:21 UTC,861.49,0.3238,0.0043,0.0,-0.0016,-0.15,-37.06,STOP_LOSS_HIT,0.1888
1118,TRUMP_USDT,LONG,StochasticRSI(FAST_SCALP-LONG),2,0.2,1.612,1.614,1.614,1.604,2026-07-09 12:19:59 UTC,2026-07-09 12:20:02 UTC,2.3,0.3224,0.0043,0.0,0.0004,0.04,9.31,MIN_PROFIT_TP_HIT,0.1892
1119,TRUMP_USDT,SHORT,StochasticRSI(FAST_SCALP-SHORT),2,0.2,1.616,1.614,1.614,1.624,2026-07-09 12:29:59 UTC,2026-07-09 12:41:04 UTC,664.97,0.3232,0.0043,0.0,0.0004,0.04,9.28,MIN_PROFIT_TP_HIT,0.1896
1120,TRUMP_USDT,LONG,StochasticRSI(FAST_SCALP-LONG),2,0.2,1.612,1.614,1.614,1.604,2026-07-09 12:48:59 UTC,2026-07-09 12:50:09 UTC,69.43,0.3224,0.0043,0.0,0.0004,0.04,9.31,MIN_PROFIT_TP_HIT,0.19
1121,TRUMP_USDT,SHORT,StochasticRSI(FAST_SCALP-SHORT),2,0.2,1.615,1.613,1.613,1.623,2026-07-09 12:55:59 UTC,2026-07-09 12:59:47 UTC,227.59,0.323,0.0043,0.0,0.0004,0.04,9.29,MIN_PROFIT_TP_HIT,0.1904
1122,TRUMP_USDT,LONG,StochasticRSI(FAST_SCALP-LONG),2,0.2,1.617,1.619,1.619,1.609,2026-07-09 13:02:59 UTC,2026-07-09 13:03:07 UTC,7.16,0.3234,0.0043,0.0,0.0004,0.04,9.28,MIN_PROFIT_TP_HIT,0.1908
1123,TRUMP_USDT,SHORT,StochasticRSI(FAST_SCALP-SHORT),2,0.2,1.617,1.615,1.615,1.625,2026-07-09 13:06:59 UTC,2026-07-09 13:08:11 UTC,71.16,0.3234,0.0043,0.0,0.0004,0.04,9.28,MIN_PROFIT_TP_HIT,0.1912
1124,TRUMP_USDT,LONG,StochasticRSI(FAST_SCALP-LONG),2,0.2,1.615,1.617,1.617,1.607,2026-07-09 13:15:59 UTC,2026-07-09 13:22:51 UTC,411.85,0.323,0.0043,0.0,0.0004,0.04,9.29,MIN_PROFIT_TP_HIT,0.1916
1125,TRUMP_USDT,SHORT,StochasticRSI(FAST_SCALP-SHORT),2,0.2,1.618,1.616,1.616,1.626,2026-07-09 13:29:59 UTC,2026-07-09 13:30:13 UTC,13.39,0.3236,0.0043,0.0,0.0004,0.04,9.27,MIN_PROFIT_TP_HIT,0.192
1126,TRUMP_USDT,LONG,StochasticRSI(FAST_SCALP-LONG),2,0.2,1.61,1.612,1.612,1.602,2026-07-09 13:35:59 UTC,2026-07-09 13:36:04 UTC,4.75,0.322,0.0043,0.0,0.0004,0.04,9.32,MIN_PROFIT_TP_HIT,0.1924
1127,TRUMP_USDT,LONG,StochasticRSI(FAST_SCALP-LONG),2,0.2,1.614,1.616,1.616,1.606,2026-07-09 13:37:59 UTC,2026-07-09 13:45:33 UTC,453.5,0.3228,0.0043,0.0,0.0004,0.04,9.29,MIN_PROFIT_TP_HIT,0.1928
1128,TRUMP_USDT,SHORT,StochasticRSI(FAST_SCALP-SHORT),2,0.2,1.614,1.612,1.612,1.622,2026-07-09 13:47:59 UTC,2026-07-09 13:48:35 UTC,35.15,0.3228,0.0043,0.0,0.0004,0.04,9.29,MIN_PROFIT_TP_HIT,0.1932
1129,TRUMP_USDT,LONG,StochasticRSI(FAST_SCALP-LONG),2,0.2,1.616,1.618,1.618,1.608,2026-07-09 13:52:59 UTC,2026-07-09 13:53:17 UTC,17.13,0.3232,0.0043,0.0,0.0004,0.04,9.28,MIN_PROFIT_TP_HIT,0.1936
1130,TRUMP_USDT,SHORT,StochasticRSI(FAST_SCALP-SHORT),2,0.2,1.617,1.615,1.615,1.625,2026-07-09 13:58:59 UTC,2026-07-09 14:06:12 UTC,432.17,0.3234,0.0043,0.0,0.0004,0.04,9.28,MIN_PROFIT_TP_HIT,0.194
1131,TRUMP_USDT,LONG,StochasticRSI(FAST_SCALP-LONG),2,0.2,1.609,1.611,1.611,1.601,2026-07-09 14:12:59 UTC,2026-07-09 14:13:16 UTC,16.11,0.3218,0.0043,0.0,0.0004,0.04,9.32,MIN_PROFIT_TP_HIT,0.1944
1132,TRUMP_USDT,LONG,StochasticRSI(FAST_SCALP-LONG),2,0.2,1.607,1.609,1.609,1.599,2026-07-09 14:22:59 UTC,2026-07-09 14:25:03 UTC,123.21,0.3214,0.0043,0.0,0.0004,0.04,9.33,MIN_PROFIT_TP_HIT,0.1948
1133,TRUMP_USDT,SHORT,StochasticRSI(FAST_SCALP-SHORT),2,0.2,1.606,1.604,1.604,1.614,2026-07-09 14:30:59 UTC,2026-07-09 14:31:46 UTC,46.19,0.3212,0.0043,0.0,0.0004,0.04,9.34,MIN_PROFIT_TP_HIT,0.1952
1134,TRUMP_USDT,LONG,StochasticRSI(FAST_SCALP-LONG),2,0.2,1.606,1.608,1.608,1.598,2026-07-09 14:34:59 UTC,2026-07-09 14:35:37 UTC,37.5,0.3212,0.0043,0.0,0.0004,0.04,9.34,MIN_PROFIT_TP_HIT,0.1956
1135,TRUMP_USDT,SHORT,StochasticRSI(FAST_SCALP-SHORT),2,0.2,1.608,1.606,1.606,1.616,2026-07-09 14:50:59 UTC,2026-07-09 14:51:03 UTC,3.84,0.3216,0.0043,0.0,0.0004,0.04,9.33,MIN_PROFIT_TP_HIT,0.196
1136,TRUMP_USDT,SHORT,StochasticRSI(FAST_SCALP-SHORT),2,0.2,1.603,1.601,1.601,1.611,2026-07-09 14:52:59 UTC,2026-07-09 15:03:01 UTC,601.37,0.3206,0.0043,0.0,0.0004,0.04,9.36,MIN_PROFIT_TP_HIT,0.1964
1137,TRUMP_USDT,LONG,StochasticRSI(FAST_SCALP-LONG),2,0.2,1.605,1.607,1.607,1.597,2026-07-09 15:06:59 UTC,2026-07-09 15:09:12 UTC,132.14,0.321,0.0043,0.0,0.0004,0.04,9.35,MIN_PROFIT_TP_HIT,0.1968
1138,TRUMP_USDT,SHORT,StochasticRSI(FAST_SCALP-SHORT),2,0.2,1.605,1.603,1.603,1.613,2026-07-09 15:13:59 UTC,2026-07-09 15:35:44 UTC,1304.78,0.321,0.0043,0.0,0.0004,0.04,9.35,MIN_PROFIT_TP_HIT,0.1972
1139,TRUMP_USDT,SHORT,StochasticRSI(FAST_SCALP-SHORT),2,0.2,1.603,1.601,1.601,1.611,2026-07-09 15:36:59 UTC,2026-07-09 15:46:29 UTC,569.99,0.3206,0.0043,0.0,0.0004,0.04,9.36,MIN_PROFIT_TP_HIT,0.1976
1140,TRUMP_USDT,LONG,StochasticRSI(FAST_SCALP-LONG),2,0.2,1.6,1.602,1.602,1.592,2026-07-09 15:50:59 UTC,2026-07-09 16:00:31 UTC,571.79,0.32,0.0043,0.0,0.0004,0.04,9.38,MIN_PROFIT_TP_HIT,0.198
1141,TRUMP_USDT,SHORT,StochasticRSI(FAST_SCALP-SHORT),2,0.2,1.597,1.595,1.595,1.605,2026-07-09 16:03:59 UTC,2026-07-09 16:04:34 UTC,34.71,0.3194,0.0043,0.0,0.0004,0.04,9.39,MIN_PROFIT_TP_HIT,0.1984
1142,TRUMP_USDT,SHORT,StochasticRSI(FAST_SCALP-SHORT),2,0.2,1.592,1.59,1.59,1.6,2026-07-09 16:18:59 UTC,2026-07-09 16:21:02 UTC,122.37,0.3184,0.0042,0.0,0.0004,0.04,9.42,MIN_PROFIT_TP_HIT,0.1988
1143,TRUMP_USDT,SHORT,StochasticRSI(FAST_SCALP-SHORT),2,0.2,1.591,1.589,1.589,1.599,2026-07-09 16:23:59 UTC,2026-07-09 16:26:36 UTC,156.08,0.3182,0.0042,0.0,0.0004,0.04,9.43,MIN_PROFIT_TP_HIT,0.1992
1144,TRUMP_USDT,SHORT,StochasticRSI(FAST_SCALP-SHORT),2,0.2,1.593,1.601,1.591,1.601,2026-07-09 16:34:59 UTC,2026-07-09 16:48:33 UTC,813.08,0.3186,0.0042,0.0,-0.0016,-0.15,-37.66,STOP_LOSS_HIT,0.1976
1145,TRUMP_USDT,SHORT,StochasticRSI(FAST_SCALP-SHORT),2,0.2,1.604,1.602,1.602,1.612,2026-07-09 16:55:59 UTC,2026-07-09 16:59:43 UTC,223.21,0.3208,0.0043,0.0,0.0004,0.04,9.35,MIN_PROFIT_TP_HIT,0.198
1146,TRUMP_USDT,LONG,StochasticRSI(FAST_SCALP-LONG),2,0.2,1.604,1.606,1.606,1.596,2026-07-09 17:01:59 UTC,2026-07-09 17:11:00 UTC,540.84,0.3208,0.0043,0.0,0.0004,0.04,9.35,MIN_PROFIT_TP_HIT,0.1984
1147,TRUMP_USDT,SHORT,StochasticRSI(FAST_SCALP-SHORT),2,0.2,1.609,1.617,1.607,1.617,2026-07-09 17:22:59 UTC,2026-07-09 17:40:17 UTC,1037.18,0.3218,0.0043,0.0,-0.0016,-0.15,-37.29,STOP_LOSS_HIT,0.1968
1148,TRUMP_USDT,SHORT,StochasticRSI(FAST_SCALP-SHORT),2,0.2,1.616,1.614,1.614,1.624,2026-07-09 17:43:59 UTC,2026-07-09 17:51:54 UTC,474.08,0.3232,0.0043,0.0,0.0004,0.04,9.28,MIN_PROFIT_TP_HIT,0.1972
1149,TRUMP_USDT,LONG,StochasticRSI(FAST_SCALP-LONG),2,0.2,1.614,1.616,1.616,1.606,2026-07-09 17:54:59 UTC,2026-07-09 18:00:04 UTC,304.39,0.3228,0.0043,0.0,0.0004,0.04,9.29,MIN_PROFIT_TP_HIT,0.1976
1150,TRUMP_USDT,SHORT,StochasticRSI(FAST_SCALP-SHORT),2,0.2,1.616,1.614,1.614,1.624,2026-07-09 18:06:59 UTC,2026-07-09 19:02:43 UTC,3343.26,0.3232,0.0043,0.0,0.0004,0.04,9.28,MIN_PROFIT_TP_HIT,0.198
1151,TRUMP_USDT,LONG,StochasticRSI(FAST_SCALP-LONG),2,0.2,1.615,1.617,1.617,1.607,2026-07-09 19:03:59 UTC,2026-07-09 19:04:46 UTC,46.65,0.323,0.0043,0.0,0.0004,0.04,9.29,MIN_PROFIT_TP_HIT,0.1984
1152,TRUMP_USDT,SHORT,StochasticRSI(FAST_SCALP-SHORT),2,0.2,1.618,1.616,1.616,1.626,2026-07-09 19:14:59 UTC,2026-07-09 19:15:05 UTC,5.33,0.3236,0.0043,0.0,0.0004,0.04,9.27,MIN_PROFIT_TP_HIT,0.1988
1153,TRUMP_USDT,LONG,StochasticRSI(FAST_SCALP-LONG),2,0.2,1.614,1.616,1.616,1.606,2026-07-09 19:20:59 UTC,2026-07-09 19:21:24 UTC,24.28,0.3228,0.0043,0.0,0.0004,0.04,9.29,MIN_PROFIT_TP_HIT,0.1992
1154,TRUMP_USDT,SHORT,StochasticRSI(FAST_SCALP-SHORT),2,0.2,1.618,1.616,1.616,1.626,2026-07-09 19:32:59 UTC,2026-07-09 19:58:08 UTC,1508.56,0.3236,0.0043,0.0,0.0004,0.04,9.27,MIN_PROFIT_TP_HIT,0.1996
1155,TRUMP_USDT,LONG,StochasticRSI(FAST_SCALP-LONG),2,0.2,1.612,1.614,1.614,1.604,2026-07-09 20:06:59 UTC,2026-07-09 20:07:23 UTC,23.1,0.3224,0.0043,0.0,0.0004,0.04,9.31,MIN_PROFIT_TP_HIT,0.2
1156,TRUMP_USDT,SHORT,StochasticRSI(FAST_SCALP-SHORT),2,0.2,1.613,1.611,1.611,1.621,2026-07-09 20:12:59 UTC,2026-07-09 21:15:17 UTC,3737.64,0.3226,0.0043,0.0,0.0004,0.04,9.3,MIN_PROFIT_TP_HIT,0.2004
1157,TRUMP_USDT,LONG,StochasticRSI(FAST_SCALP-LONG),2,0.2,1.615,1.607,1.617,1.607,2026-07-09 21:19:59 UTC,2026-07-09 21:40:51 UTC,1251.37,0.323,0.0043,0.0,-0.0016,-0.15,-37.15,STOP_LOSS_HIT,0.1988
1158,TRUMP_USDT,SHORT,StochasticRSI(FAST_SCALP-SHORT),2,0.2,1.606,1.604,1.604,1.614,2026-07-09 21:52:59 UTC,2026-07-09 21:57:17 UTC,257.27,0.3212,0.0043,0.0,0.0004,0.04,9.34,MIN_PROFIT_TP_HIT,0.1992
1159,TRUMP_USDT,SHORT,StochasticRSI(FAST_SCALP-SHORT),2,0.2,1.605,1.603,1.603,1.613,2026-07-09 21:58:59 UTC,2026-07-09 22:02:26 UTC,206.1,0.321,0.0043,0.0,0.0004,0.04,9.35,MIN_PROFIT_TP_HIT,0.1996
1160,TRUMP_USDT,SHORT,StochasticRSI(FAST_SCALP-SHORT),2,0.2,1.606,1.604,1.604,1.614,2026-07-09 22:09:59 UTC,2026-07-09 22:11:38 UTC,98.59,0.3212,0.0043,0.0,0.0004,0.04,9.34,MIN_PROFIT_TP_HIT,0.2
1161,TRUMP_USDT,LONG,StochasticRSI(FAST_SCALP-LONG),2,0.2,1.608,1.6,1.61,1.6,2026-07-09 22:18:59 UTC,2026-07-09 23:15:51 UTC,3411.02,0.3216,0.0043,0.0,-0.0016,-0.15,-37.31,STOP_LOSS_HIT,0.1984
1162,TRUMP_USDT,LONG,StochasticRSI(FAST_SCALP-LONG),2,0.2,1.599,1.601,1.601,1.591,2026-07-09 23:17:59 UTC,2026-07-09 23:22:54 UTC,294.31,0.3198,0.0043,0.0,0.0004,0.04,9.38,MIN_PROFIT_TP_HIT,0.1988
1163,TRUMP_USDT,SHORT,StochasticRSI(FAST_SCALP-SHORT),2,0.2,1.605,1.603,1.603,1.613,2026-07-09 23:27:59 UTC,2026-07-09 23:34:21 UTC,381.27,0.321,0.0043,0.0,0.0004,0.04,9.35,MIN_PROFIT_TP_HIT,0.1992
1164,TRUMP_USDT,LONG,StochasticRSI(FAST_SCALP-LONG),2,0.2,1.605,1.607,1.607,1.597,2026-07-09 23:41:59 UTC,2026-07-09 23:55:26 UTC,806.59,0.321,0.0043,0.0,0.0004,0.04,9.35,MIN_PROFIT_TP_HIT,0.1996
1165,TRUMP_USDT,SHORT,StochasticRSI(FAST_SCALP-SHORT),2,0.2,1.604,1.602,1.602,1.612,2026-07-09 23:59:59 UTC,2026-07-10 00:02:05 UTC,125.17,0.3208,0.0043,0.0,0.0004,0.04,9.35,MIN_PROFIT_TP_HIT,0.2
1166,TRUMP_USDT,LONG,StochasticRSI(FAST_SCALP-LONG),2,0.2,1.604,1.606,1.606,1.596,2026-07-10 00:04:59 UTC,2026-07-10 00:05:15 UTC,15.89,0.3208,0.0043,0.0,0.0004,0.04,9.35,MIN_PROFIT_TP_HIT,0.2004
1167,TRUMP_USDT,SHORT,StochasticRSI(FAST_SCALP-SHORT),2,0.2,1.604,1.602,1.602,1.612,2026-07-10 00:11:59 UTC,2026-07-10 00:18:07 UTC,367.91,0.3208,0.0043,0.0,0.0004,0.04,9.35,MIN_PROFIT_TP_HIT,0.2008
1168,TRUMP_USDT,LONG,StochasticRSI(FAST_SCALP-LONG),2,0.2,1.604,1.606,1.606,1.596,2026-07-10 00:20:59 UTC,2026-07-10 00:41:32 UTC,1232.1,0.3208,0.0043,0.0,0.0004,0.04,9.35,MIN_PROFIT_TP_HIT,0.2012
1169,TRUMP_USDT,SHORT,StochasticRSI(FAST_SCALP-SHORT),2,0.2,1.604,1.602,1.602,1.612,2026-07-10 00:44:59 UTC,2026-07-10 00:45:53 UTC,53.6,0.3208,0.0043,0.0,0.0004,0.04,9.35,MIN_PROFIT_TP_HIT,0.2016
1170,TRUMP_USDT,LONG,StochasticRSI(FAST_SCALP-LONG),2,0.2,1.602,1.604,1.604,1.594,2026-07-10 00:51:59 UTC,2026-07-10 00:58:14 UTC,374.17,0.3204,0.0043,0.0,0.0004,0.04,9.36,MIN_PROFIT_TP_HIT,0.202
1171,TRUMP_USDT,SHORT,StochasticRSI(FAST_SCALP-SHORT),2,0.2,1.605,1.603,1.603,1.613,2026-07-10 00:59:59 UTC,2026-07-10 01:01:20 UTC,80.38,0.321,0.0043,0.0,0.0004,0.04,9.35,MIN_PROFIT_TP_HIT,0.2024
1172,TRUMP_USDT,SHORT,StochasticRSI(FAST_SCALP-SHORT),2,0.2,1.601,1.599,1.599,1.609,2026-07-10 01:03:59 UTC,2026-07-10 01:05:11 UTC,71.6,0.3202,0.0043,0.0,0.0004,0.04,9.37,MIN_PROFIT_TP_HIT,0.2028
1173,TRUMP_USDT,LONG,StochasticRSI(FAST_SCALP-LONG),2,0.2,1.602,1.604,1.604,1.594,2026-07-10 01:13:59 UTC,2026-07-10 01:15:40 UTC,100.81,0.3204,0.0043,0.0,0.0004,0.04,9.36,MIN_PROFIT_TP_HIT,0.2032
1174,TRUMP_USDT,SHORT,StochasticRSI(FAST_SCALP-SHORT),2,0.2,1.608,1.606,1.606,1.616,2026-07-10 01:22:59 UTC,2026-07-10 01:25:35 UTC,155.92,0.3216,0.0043,0.0,0.0004,0.04,9.33,MIN_PROFIT_TP_HIT,0.2036
1175,TRUMP_USDT,LONG,StochasticRSI(FAST_SCALP-LONG),2,0.2,1.609,1.611,1.611,1.601,2026-07-10 01:29:59 UTC,2026-07-10 01:48:28 UTC,1108.64,0.3218,0.0043,0.0,0.0004,0.04,9.32,MIN_PROFIT_TP_HIT,0.204
1176,TRUMP_USDT,SHORT,StochasticRSI(FAST_SCALP-SHORT),2,0.2,1.622,1.62,1.62,1.63,2026-07-10 01:51:59 UTC,2026-07-10 01:52:13 UTC,13.24,0.3244,0.0043,0.0,0.0004,0.04,9.25,MIN_PROFIT_TP_HIT,0.2044
1177,TRUMP_USDT,LONG,StochasticRSI(FAST_SCALP-LONG),2,0.2,1.614,1.616,1.616,1.606,2026-07-10 02:00:59 UTC,2026-07-10 02:08:23 UTC,443.53,0.3228,0.0043,0.0,0.0004,0.04,9.29,MIN_PROFIT_TP_HIT,0.2048
1178,TRUMP_USDT,SHORT,StochasticRSI(FAST_SCALP-SHORT),2,0.2,1.615,1.613,1.613,1.623,2026-07-10 02:16:59 UTC,2026-07-10 02:23:40 UTC,400.32,0.323,0.0043,0.0,0.0004,0.04,9.29,MIN_PROFIT_TP_HIT,0.2052
1179,TRUMP_USDT,LONG,StochasticRSI(FAST_SCALP-LONG),2,0.2,1.614,1.616,1.616,1.606,2026-07-10 02:25:59 UTC,2026-07-10 02:37:52 UTC,712.17,0.3228,0.0043,0.0,0.0004,0.04,9.29,MIN_PROFIT_TP_HIT,0.2056
1180,TRUMP_USDT,SHORT,StochasticRSI(FAST_SCALP-SHORT),2,0.2,1.616,1.614,1.614,1.624,2026-07-10 02:39:59 UTC,2026-07-10 02:40:03 UTC,3.47,0.3232,0.0043,0.0,0.0004,0.04,9.28,MIN_PROFIT_TP_HIT,0.206
1181,TRUMP_USDT,LONG,StochasticRSI(FAST_SCALP-LONG),2,0.2,1.616,1.618,1.618,1.608,2026-07-10 02:49:59 UTC,2026-07-10 02:58:31 UTC,511.12,0.3232,0.0043,0.0,0.0004,0.04,9.28,MIN_PROFIT_TP_HIT,0.2064
1182,TRUMP_USDT,SHORT,StochasticRSI(FAST_SCALP-SHORT),2,0.2,1.616,1.614,1.614,1.624,2026-07-10 03:03:59 UTC,2026-07-10 03:10:34 UTC,394.6,0.3232,0.0043,0.0,0.0004,0.04,9.28,MIN_PROFIT_TP_HIT,0.2068
1183,TRUMP_USDT,LONG,StochasticRSI(FAST_SCALP-LONG),2,0.2,1.617,1.609,1.619,1.609,2026-07-10 03:12:59 UTC,2026-07-10 04:32:21 UTC,4761.15,0.3234,0.0043,0.0,-0.0016,-0.15,-37.11,STOP_LOSS_HIT,0.2052
1184,TRUMP_USDT,LONG,StochasticRSI(FAST_SCALP-LONG),2,0.2,1.611,1.613,1.613,1.603,2026-07-10 04:33:59 UTC,2026-07-10 04:36:21 UTC,141.53,0.3222,0.0043,0.0,0.0004,0.04,9.31,MIN_PROFIT_TP_HIT,0.2056
1185,TRUMP_USDT,SHORT,StochasticRSI(FAST_SCALP-SHORT),2,0.2,1.613,1.611,1.611,1.621,2026-07-10 04:40:59 UTC,2026-07-10 06:06:40 UTC,5140.88,0.3226,0.0043,0.0,0.0004,0.04,9.3,MIN_PROFIT_TP_HIT,0.206
1186,TRUMP_USDT,SHORT,StochasticRSI(FAST_SCALP-SHORT),2,0.2,1.607,1.605,1.605,1.615,2026-07-10 06:27:59 UTC,2026-07-10 06:52:07 UTC,1447.2,0.3214,0.0043,0.0,0.0004,0.04,9.33,MIN_PROFIT_TP_HIT,0.2064
1187,TRUMP_USDT,LONG,StochasticRSI(FAST_SCALP-LONG),2,0.2,1.606,1.608,1.608,1.598,2026-07-10 06:58:59 UTC,2026-07-10 07:00:16 UTC,76.37,0.3212,0.0043,0.0,0.0004,0.04,9.34,MIN_PROFIT_TP_HIT,0.2068
1188,TRUMP_USDT,SHORT,StochasticRSI(FAST_SCALP-SHORT),2,0.2,1.606,1.604,1.604,1.614,2026-07-10 07:03:59 UTC,2026-07-10 07:47:24 UTC,2604.61,0.3212,0.0043,0.0,0.0004,0.04,9.34,MIN_PROFIT_TP_HIT,0.2072
1189,TRUMP_USDT,LONG,StochasticRSI(FAST_SCALP-LONG),2,0.2,1.605,1.607,1.607,1.597,2026-07-10 07:55:59 UTC,2026-07-10 08:15:00 UTC,1140.36,0.321,0.0043,0.0,0.0004,0.04,9.35,MIN_PROFIT_TP_HIT,0.2076
1190,TRUMP_USDT,SHORT,StochasticRSI(FAST_SCALP-SHORT),2,0.2,1.609,1.617,1.607,1.617,2026-07-10 08:19:59 UTC,2026-07-10 08:34:57 UTC,897.76,0.3218,0.0043,0.0,-0.0016,-0.15,-37.29,STOP_LOSS_HIT,0.206
1191,TRUMP_USDT,SHORT,StochasticRSI(FAST_SCALP-SHORT),2,0.2,1.616,1.614,1.614,1.624,2026-07-10 08:37:59 UTC,2026-07-10 08:47:43 UTC,583.31,0.3232,0.0043,0.0,0.0004,0.04,9.28,MIN_PROFIT_TP_HIT,0.2064
1192,TRUMP_USDT,LONG,StochasticRSI(FAST_SCALP-LONG),2,0.2,1.617,1.619,1.619,1.609,2026-07-10 08:52:59 UTC,2026-07-10 08:56:11 UTC,191.62,0.3234,0.0043,0.0,0.0004,0.04,9.28,MIN_PROFIT_TP_HIT,0.2068
1193,TRUMP_USDT,SHORT,StochasticRSI(FAST_SCALP-SHORT),2,0.2,1.618,1.616,1.616,1.626,2026-07-10 08:59:59 UTC,2026-07-10 09:01:15 UTC,75.08,0.3236,0.0043,0.0,0.0004,0.04,9.27,MIN_PROFIT_TP_HIT,0.2072
1194,TRUMP_USDT,LONG,StochasticRSI(FAST_SCALP-LONG),2,0.2,1.617,1.619,1.619,1.609,2026-07-10 09:05:59 UTC,2026-07-10 09:08:57 UTC,177.06,0.3234,0.0043,0.0,0.0004,0.04,9.28,MIN_PROFIT_TP_HIT,0.2076
1195,TRUMP_USDT,LONG,StochasticRSI(FAST_SCALP-LONG),2,0.2,1.619,1.611,1.621,1.611,2026-07-10 09:09:59 UTC,2026-07-10 09:13:06 UTC,186.69,0.3238,0.0043,0.0,-0.0016,-0.15,-37.06,STOP_LOSS_HIT,0.206
1196,TRUMP_USDT,LONG,StochasticRSI(FAST_SCALP-LONG),2,0.2,1.615,1.617,1.617,1.607,2026-07-10 09:15:59 UTC,2026-07-10 09:18:09 UTC,129.11,0.323,0.0043,0.0,0.0004,0.04,9.29,MIN_PROFIT_TP_HIT,0.2064
1197,TRUMP_USDT,SHORT,StochasticRSI(FAST_SCALP-SHORT),2,0.2,1.618,1.626,1.616,1.626,2026-07-10 09:24:59 UTC,2026-07-10 09:31:33 UTC,393.66,0.3236,0.0043,0.0,-0.0016,-0.15,-37.08,STOP_LOSS_HIT,0.2048
1198,TRUMP_USDT,SHORT,StochasticRSI(FAST_SCALP-SHORT),2,0.2,1.631,1.629,1.629,1.639,2026-07-10 09:39:59 UTC,2026-07-10 09:43:43 UTC,223.2,0.3262,0.0043,0.0,0.0004,0.04,9.2,MIN_PROFIT_TP_HIT,0.2052
1199,TRUMP_USDT,LONG,StochasticRSI(FAST_SCALP-LONG),2,0.2,1.63,1.632,1.632,1.622,2026-07-10 09:46:59 UTC,2026-07-10 09:48:03 UTC,63.3,0.326,0.0043,0.0,0.0004,0.04,9.2,MIN_PROFIT_TP_HIT,0.2056
1200,TRUMP_USDT,SHORT,StochasticRSI(FAST_SCALP-SHORT),2,0.2,1.633,1.631,1.631,1.641,2026-07-10 09:57:59 UTC,2026-07-10 09:58:25 UTC,25.51,0.3266,0.0044,0.0,0.0004,0.04,9.19,MIN_PROFIT_TP_HIT,0.206
1201,TRUMP_USDT,LONG,StochasticRSI(FAST_SCALP-LONG),2,0.2,1.64,1.632,1.642,1.632,2026-07-10 10:01:59 UTC,2026-07-10 10:12:04 UTC,604.61,0.328,0.0044,0.0,-0.0016,-0.15,-36.59,STOP_LOSS_HIT,0.2044
1202,TRUMP_USDT,LONG,StochasticRSI(FAST_SCALP-LONG),2,0.2,1.634,1.636,1.636,1.626,2026-07-10 10:16:59 UTC,2026-07-10 10:25:24 UTC,504.74,0.3268,0.0044,0.0,0.0004,0.04,9.18,MIN_PROFIT_TP_HIT,0.2048
1203,TRUMP_USDT,SHORT,StochasticRSI(FAST_SCALP-SHORT),2,0.2,1.64,1.638,1.638,1.648,2026-07-10 10:32:59 UTC,2026-07-10 10:36:18 UTC,198.59,0.328,0.0044,0.0,0.0004,0.04,9.15,MIN_PROFIT_TP_HIT,0.2052
1204,TRUMP_USDT,LONG,StochasticRSI(FAST_SCALP-LONG),2,0.2,1.632,1.634,1.634,1.624,2026-07-10 10:40:59 UTC,2026-07-10 10:43:40 UTC,160.62,0.3264,0.0044,0.0,0.0004,0.04,9.19,MIN_PROFIT_TP_HIT,0.2056
1205,TRUMP_USDT,LONG,StochasticRSI(FAST_SCALP-LONG),2,0.2,1.635,1.637,1.637,1.627,2026-07-10 10:44:59 UTC,2026-07-10 10:46:39 UTC,99.18,0.327,0.0044,0.0,0.0004,0.04,9.17,MIN_PROFIT_TP_HIT,0.206
1206,TRUMP_USDT,SHORT,StochasticRSI(FAST_SCALP-SHORT),2,0.2,1.637,1.635,1.635,1.645,2026-07-10 10:50:59 UTC,2026-07-10 10:52:05 UTC,65.91,0.3274,0.0044,0.0,0.0004,0.04,9.16,MIN_PROFIT_TP_HIT,0.2064
1207,TRUMP_USDT,SHORT,StochasticRSI(FAST_SCALP-SHORT),2,0.2,1.636,1.634,1.634,1.644,2026-07-10 11:00:59 UTC,2026-07-10 11:01:39 UTC,39.93,0.3272,0.0044,0.0,0.0004,0.04,9.17,MIN_PROFIT_TP_HIT,0.2068
1208,TRUMP_USDT,SHORT,StochasticRSI(FAST_SCALP-SHORT),2,0.2,1.632,1.63,1.63,1.64,2026-07-10 11:10:59 UTC,2026-07-10 11:20:04 UTC,544.78,0.3264,0.0044,0.0,0.0004,0.04,9.19,MIN_PROFIT_TP_HIT,0.2072
1209,TRUMP_USDT,LONG,StochasticRSI(FAST_SCALP-LONG),2,0.2,1.624,1.626,1.626,1.616,2026-07-10 11:28:59 UTC,2026-07-10 11:29:52 UTC,52.34,0.3248,0.0043,0.0,0.0004,0.04,9.24,MIN_PROFIT_TP_HIT,0.2076
1210,TRUMP_USDT,SHORT,StochasticRSI(FAST_SCALP-SHORT),2,0.2,1.627,1.625,1.625,1.635,2026-07-10 11:32:59 UTC,2026-07-10 11:33:05 UTC,5.17,0.3254,0.0043,0.0,0.0004,0.04,9.22,MIN_PROFIT_TP_HIT,0.208
1211,TRUMP_USDT,SHORT,StochasticRSI(FAST_SCALP-SHORT),2,0.2,1.625,1.633,1.623,1.633,2026-07-10 11:36:59 UTC,2026-07-10 12:13:43 UTC,2203.52,0.325,0.0043,0.0,-0.0016,-0.15,-36.92,STOP_LOSS_HIT,0.2064
1212,TRUMP_USDT,SHORT,StochasticRSI(FAST_SCALP-SHORT),2,0.2,1.629,1.627,1.627,1.637,2026-07-10 12:15:59 UTC,2026-07-10 12:17:14 UTC,74.21,0.3258,0.0043,0.0,0.0004,0.04,9.21,MIN_PROFIT_TP_HIT,0.2068
1213,TRUMP_USDT,LONG,StochasticRSI(FAST_SCALP-LONG),2,0.2,1.628,1.63,1.63,1.62,2026-07-10 12:22:59 UTC,2026-07-10 12:24:04 UTC,64.12,0.3256,0.0043,0.0,0.0004,0.04,9.21,MIN_PROFIT_TP_HIT,0.2072
1214,TRUMP_USDT,SHORT,StochasticRSI(FAST_SCALP-SHORT),2,0.2,1.631,1.629,1.629,1.639,2026-07-10 12:28:59 UTC,2026-07-10 12:30:32 UTC,92.48,0.3262,0.0043,0.0,0.0004,0.04,9.2,MIN_PROFIT_TP_HIT,0.2076
1215,TRUMP_USDT,LONG,StochasticRSI(FAST_SCALP-LONG),2,0.2,1.631,1.623,1.633,1.623,2026-07-10 12:37:59 UTC,2026-07-10 12:53:17 UTC,917.25,0.3262,0.0043,0.0,-0.0016,-0.15,-36.79,STOP_LOSS_HIT,0.206
1216,TRUMP_USDT,LONG,StochasticRSI(FAST_SCALP-LONG),2,0.2,1.622,1.624,1.624,1.614,2026-07-10 12:57:59 UTC,2026-07-10 13:02:13 UTC,253.71,0.3244,0.0043,0.0,0.0004,0.04,9.25,MIN_PROFIT_TP_HIT,0.2064
1217,TRUMP_USDT,SHORT,StochasticRSI(FAST_SCALP-SHORT),2,0.2,1.62,1.618,1.618,1.628,2026-07-10 13:04:59 UTC,2026-07-10 13:16:57 UTC,717.07,0.324,0.0043,0.0,0.0004,0.04,9.26,MIN_PROFIT_TP_HIT,0.2068
1218,TRUMP_USDT,LONG,StochasticRSI(FAST_SCALP-LONG),2,0.2,1.619,1.621,1.621,1.611,2026-07-10 13:19:59 UTC,2026-07-10 13:22:17 UTC,137.27,0.3238,0.0043,0.0,0.0004,0.04,9.26,MIN_PROFIT_TP_HIT,0.2072
1219,TRUMP_USDT,SHORT,StochasticRSI(FAST_SCALP-SHORT),2,0.2,1.62,1.618,1.618,1.628,2026-07-10 13:27:59 UTC,2026-07-10 13:30:01 UTC,121.56,0.324,0.0043,0.0,0.0004,0.04,9.26,MIN_PROFIT_TP_HIT,0.2076
1220,TRUMP_USDT,LONG,StochasticRSI(FAST_SCALP-LONG),2,0.2,1.622,1.624,1.624,1.614,2026-07-10 13:32:59 UTC,2026-07-10 13:35:44 UTC,164.99,0.3244,0.0043,0.0,0.0004,0.04,9.25,MIN_PROFIT_TP_HIT,0.208
1221,TRUMP_USDT,SHORT,StochasticRSI(FAST_SCALP-SHORT),2,0.2,1.617,1.625,1.615,1.625,2026-07-10 13:40:59 UTC,2026-07-10 13:45:16 UTC,256.95,0.3234,0.0043,0.0,-0.0016,-0.15,-37.11,STOP_LOSS_HIT,0.2064
1222,TRUMP_USDT,SHORT,StochasticRSI(FAST_SCALP-SHORT),2,0.2,1.627,1.625,1.625,1.635,2026-07-10 13:49:59 UTC,2026-07-10 13:59:41 UTC,581.09,0.3254,0.0043,0.0,0.0004,0.04,9.22,MIN_PROFIT_TP_HIT,0.2068
1223,TRUMP_USDT,LONG,StochasticRSI(FAST_SCALP-LONG),2,0.2,1.627,1.619,1.629,1.619,2026-07-10 14:01:59 UTC,2026-07-10 14:10:45 UTC,525.07,0.3254,0.0043,0.0,-0.0016,-0.15,-36.88,STOP_LOSS_HIT,0.2052
1224,TRUMP_USDT,LONG,StochasticRSI(FAST_SCALP-LONG),2,0.2,1.619,1.621,1.621,1.611,2026-07-10 14:14:59 UTC,2026-07-10 14:16:16 UTC,76.02,0.3238,0.0043,0.0,0.0004,0.04,9.26,MIN_PROFIT_TP_HIT,0.2056
1225,TRUMP_USDT,LONG,StochasticRSI(FAST_SCALP-LONG),2,0.2,1.61,1.612,1.612,1.602,2026-07-10 14:23:59 UTC,2026-07-10 14:24:12 UTC,12.87,0.322,0.0043,0.0,0.0004,0.04,9.32,MIN_PROFIT_TP_HIT,0.206
1226,TRUMP_USDT,SHORT,StochasticRSI(FAST_SCALP-SHORT),2,0.2,1.614,1.612,1.612,1.622,2026-07-10 14:31:59 UTC,2026-07-10 14:32:42 UTC,42.58,0.3228,0.0043,0.0,0.0004,0.04,9.29,MIN_PROFIT_TP_HIT,0.2064
1227,TRUMP_USDT,SHORT,StochasticRSI(FAST_SCALP-SHORT),2,0.2,1.608,1.606,1.606,1.616,2026-07-10 14:42:59 UTC,2026-07-10 14:47:10 UTC,250.88,0.3216,0.0043,0.0,0.0004,0.04,9.33,MIN_PROFIT_TP_HIT,0.2068
1228,TRUMP_USDT,LONG,StochasticRSI(FAST_SCALP-LONG),2,0.2,1.608,1.61,1.61,1.6,2026-07-10 14:57:59 UTC,2026-07-10 14:58:02 UTC,2.93,0.3216,0.0043,0.0,0.0004,0.04,9.33,MIN_PROFIT_TP_HIT,0.2072
1229,TRUMP_USDT,SHORT,StochasticRSI(FAST_SCALP-SHORT),2,0.2,1.614,1.612,1.612,1.622,2026-07-10 15:07:59 UTC,2026-07-10 15:10:48 UTC,168.75,0.3228,0.0043,0.0,0.0004,0.04,9.29,MIN_PROFIT_TP_HIT,0.2076
1230,TRUMP_USDT,LONG,StochasticRSI(FAST_SCALP-LONG),2,0.2,1.611,1.613,1.613,1.603,2026-07-10 15:14:59 UTC,2026-07-10 15:15:19 UTC,19.76,0.3222,0.0043,0.0,0.0004,0.04,9.31,MIN_PROFIT_TP_HIT,0.208
1231,TRUMP_USDT,LONG,StochasticRSI(FAST_SCALP-LONG),2,0.2,1.616,1.608,1.618,1.608,2026-07-10 15:27:59 UTC,2026-07-10 15:41:08 UTC,788.69,0.3232,0.0043,0.0,-0.0016,-0.15,-37.13,STOP_LOSS_HIT,0.2064
1232,TRUMP_USDT,LONG,StochasticRSI(FAST_SCALP-LONG),2,0.2,1.607,1.609,1.609,1.599,2026-07-10 15:46:59 UTC,2026-07-10 15:53:58 UTC,418.93,0.3214,0.0043,0.0,0.0004,0.04,9.33,MIN_PROFIT_TP_HIT,0.2068
1233,TRUMP_USDT,SHORT,StochasticRSI(FAST_SCALP-SHORT),2,0.2,1.61,1.608,1.608,1.618,2026-07-10 15:57:59 UTC,2026-07-10 16:01:39 UTC,219.9,0.322,0.0043,0.0,0.0004,0.04,9.32,MIN_PROFIT_TP_HIT,0.2072
1234,TRUMP_USDT,SHORT,StochasticRSI(FAST_SCALP-SHORT),2,0.2,1.611,1.609,1.609,1.619,2026-07-10 16:06:59 UTC,2026-07-10 16:25:51 UTC,1131.5,0.3222,0.0043,0.0,0.0004,0.04,9.31,MIN_PROFIT_TP_HIT,0.2076
1235,TRUMP_USDT,LONG,StochasticRSI(FAST_SCALP-LONG),2,0.2,1.61,1.612,1.612,1.602,2026-07-10 16:27:59 UTC,2026-07-10 16:44:06 UTC,966.38,0.322,0.0043,0.0,0.0004,0.04,9.32,MIN_PROFIT_TP_HIT,0.208
1236,TRUMP_USDT,SHORT,StochasticRSI(FAST_SCALP-SHORT),2,0.2,1.615,1.613,1.613,1.623,2026-07-10 16:49:59 UTC,2026-07-10 16:53:13 UTC,193.63,0.323,0.0043,0.0,0.0004,0.04,9.29,MIN_PROFIT_TP_HIT,0.2084
1237,TRUMP_USDT,LONG,StochasticRSI(FAST_SCALP-LONG),2,0.2,1.615,1.617,1.617,1.607,2026-07-10 16:57:59 UTC,2026-07-10 16:58:15 UTC,15.84,0.323,0.0043,0.0,0.0004,0.04,9.29,MIN_PROFIT_TP_HIT,0.2088
1238,TRUMP_USDT,SHORT,StochasticRSI(FAST_SCALP-SHORT),2,0.2,1.615,1.613,1.613,1.623,2026-07-10 17:03:59 UTC,2026-07-10 17:09:54 UTC,354.57,0.323,0.0043,0.0,0.0004,0.04,9.29,MIN_PROFIT_TP_HIT,0.2092
1239,TRUMP_USDT,LONG,StochasticRSI(FAST_SCALP-LONG),2,0.2,1.614,1.606,1.616,1.606,2026-07-10 17:10:59 UTC,2026-07-10 17:37:15 UTC,1575.99,0.3228,0.0043,0.0,-0.0016,-0.15,-37.17,STOP_LOSS_HIT,0.2076
1240,TRUMP_USDT,LONG,StochasticRSI(FAST_SCALP-LONG),2,0.2,1.607,1.609,1.609,1.599,2026-07-10 17:38:59 UTC,2026-07-10 18:10:20 UTC,1880.43,0.3214,0.0043,0.0,0.0004,0.04,9.33,MIN_PROFIT_TP_HIT,0.208
1241,TRUMP_USDT,LONG,StochasticRSI(FAST_SCALP-LONG),2,0.2,1.603,1.605,1.605,1.595,2026-07-10 18:18:59 UTC,2026-07-10 18:19:15 UTC,15.07,0.3206,0.0043,0.0,0.0004,0.04,9.36,MIN_PROFIT_TP_HIT,0.2084
1242,TRUMP_USDT,SHORT,StochasticRSI(FAST_SCALP-SHORT),2,0.2,1.605,1.603,1.603,1.613,2026-07-10 18:27:59 UTC,2026-07-10 18:42:03 UTC,843.17,0.321,0.0043,0.0,0.0004,0.04,9.35,MIN_PROFIT_TP_HIT,0.2088
1243,TRUMP_USDT,LONG,StochasticRSI(FAST_SCALP-LONG),2,0.2,1.604,1.606,1.606,1.596,2026-07-10 18:46:59 UTC,2026-07-10 19:10:24 UTC,1404.45,0.3208,0.0043,0.0,0.0004,0.04,9.35,MIN_PROFIT_TP_HIT,0.2092
1244,TRUMP_USDT,SHORT,StochasticRSI(FAST_SCALP-SHORT),2,0.2,1.608,1.606,1.606,1.616,2026-07-10 19:18:59 UTC,2026-07-10 19:20:15 UTC,75.96,0.3216,0.0043,0.0,0.0004,0.04,9.33,MIN_PROFIT_TP_HIT,0.2096
1245,TRUMP_USDT,LONG,StochasticRSI(FAST_SCALP-LONG),2,0.2,1.605,1.607,1.607,1.597,2026-07-10 19:25:59 UTC,2026-07-10 19:26:08 UTC,8.38,0.321,0.0043,0.0,0.0004,0.04,9.35,MIN_PROFIT_TP_HIT,0.21
1246,TRUMP_USDT,SHORT,StochasticRSI(FAST_SCALP-SHORT),2,0.2,1.607,1.605,1.605,1.615,2026-07-10 19:31:59 UTC,2026-07-10 19:58:10 UTC,1570.23,0.3214,0.0043,0.0,0.0004,0.04,9.33,MIN_PROFIT_TP_HIT,0.2104
1247,TRUMP_USDT,LONG,StochasticRSI(FAST_SCALP-LONG),2,0.2,1.608,1.61,1.61,1.6,2026-07-10 19:59:59 UTC,2026-07-10 20:09:15 UTC,555.13,0.3216,0.0043,0.0,0.0004,0.04,9.33,MIN_PROFIT_TP_HIT,0.2108
1248,TRUMP_USDT,SHORT,StochasticRSI(FAST_SCALP-SHORT),2,0.2,1.61,1.608,1.608,1.618,2026-07-10 20:12:59 UTC,2026-07-10 20:15:27 UTC,147.71,0.322,0.0043,0.0,0.0004,0.04,9.32,MIN_PROFIT_TP_HIT,0.2112
1249,TRUMP_USDT,LONG,StochasticRSI(FAST_SCALP-LONG),2,0.2,1.608,1.61,1.61,1.6,2026-07-10 20:22:59 UTC,2026-07-10 20:35:15 UTC,735.05,0.3216,0.0043,0.0,0.0004,0.04,9.33,MIN_PROFIT_TP_HIT,0.2116
1250,TRUMP_USDT,SHORT,StochasticRSI(FAST_SCALP-SHORT),2,0.2,1.61,1.608,1.608,1.618,2026-07-10 20:38:59 UTC,2026-07-10 20:40:32 UTC,92.65,0.322,0.0043,0.0,0.0004,0.04,9.32,MIN_PROFIT_TP_HIT,0.212
1251,TRUMP_USDT,LONG,StochasticRSI(FAST_SCALP-LONG),2,0.2,1.606,1.608,1.608,1.598,2026-07-10 20:51:59 UTC,2026-07-10 21:05:26 UTC,806.09,0.3212,0.0043,0.0,0.0004,0.04,9.34,MIN_PROFIT_TP_HIT,0.2124
1252,TRUMP_USDT,SHORT,StochasticRSI(FAST_SCALP-SHORT),2,0.2,1.612,1.61,1.61,1.62,2026-07-10 21:26:59 UTC,2026-07-10 21:28:28 UTC,88.47,0.3224,0.0043,0.0,0.0004,0.04,9.31,MIN_PROFIT_TP_HIT,0.2128
1253,TRUMP_USDT,SHORT,StochasticRSI(FAST_SCALP-SHORT),2,0.2,1.616,1.614,1.614,1.624,2026-07-10 21:40:59 UTC,2026-07-10 21:58:53 UTC,1073.2,0.3232,0.0043,0.0,0.0004,0.04,9.28,MIN_PROFIT_TP_HIT,0.2132
1254,TRUMP_USDT,LONG,StochasticRSI(FAST_SCALP-LONG),2,0.2,1.617,1.619,1.619,1.609,2026-07-10 22:01:59 UTC,2026-07-10 22:02:35 UTC,35.05,0.3234,0.0043,0.0,0.0004,0.04,9.28,MIN_PROFIT_TP_HIT,0.2136
1255,TRUMP_USDT,SHORT,StochasticRSI(FAST_SCALP-SHORT),2,0.2,1.617,1.615,1.615,1.625,2026-07-10 22:06:59 UTC,2026-07-10 22:12:17 UTC,317.08,0.3234,0.0043,0.0,0.0004,0.04,9.28,MIN_PROFIT_TP_HIT,0.214
1256,TRUMP_USDT,LONG,StochasticRSI(FAST_SCALP-LONG),2,0.2,1.616,1.618,1.618,1.608,2026-07-10 22:14:59 UTC,2026-07-10 22:53:02 UTC,2282.04,0.3232,0.0043,0.0,0.0004,0.04,9.28,MIN_PROFIT_TP_HIT,0.2144
1257,TRUMP_USDT,SHORT,StochasticRSI(FAST_SCALP-SHORT),2,0.2,1.619,1.617,1.617,1.627,2026-07-10 22:57:59 UTC,2026-07-10 23:02:43 UTC,283.02,0.3238,0.0043,0.0,0.0004,0.04,9.26,MIN_PROFIT_TP_HIT,0.2148
1258,TRUMP_USDT,LONG,StochasticRSI(FAST_SCALP-LONG),2,0.2,1.616,1.618,1.618,1.608,2026-07-10 23:05:59 UTC,2026-07-10 23:16:13 UTC,613.32,0.3232,0.0043,0.0,0.0004,0.04,9.28,MIN_PROFIT_TP_HIT,0.2152
1259,TRUMP_USDT,SHORT,StochasticRSI(FAST_SCALP-SHORT),2,0.2,1.615,1.613,1.613,1.623,2026-07-10 23:20:59 UTC,2026-07-10 23:47:40 UTC,1600.31,0.323,0.0043,0.0,0.0004,0.04,9.29,MIN_PROFIT_TP_HIT,0.2156
1260,TRUMP_USDT,LONG,StochasticRSI(FAST_SCALP-LONG),2,0.2,1.614,1.616,1.616,1.606,2026-07-10 23:51:59 UTC,2026-07-11 00:27:55 UTC,2155.06,0.3228,0.0043,0.0,0.0004,0.04,9.29,MIN_PROFIT_TP_HIT,0.216
1261,TRUMP_USDT,SHORT,StochasticRSI(FAST_SCALP-SHORT),2,0.2,1.616,1.614,1.614,1.624,2026-07-11 00:31:59 UTC,2026-07-11 00:32:20 UTC,20.18,0.3232,0.0043,0.0,0.0004,0.04,9.28,MIN_PROFIT_TP_HIT,0.2164
1262,TRUMP_USDT,SHORT,StochasticRSI(FAST_SCALP-SHORT),2,0.2,1.613,1.621,1.611,1.621,2026-07-11 00:33:59 UTC,2026-07-11 00:59:09 UTC,1509.13,0.3226,0.0043,0.0,-0.0016,-0.15,-37.2,STOP_LOSS_HIT,0.2148
1263,TRUMP_USDT,LONG,StochasticRSI(FAST_SCALP-LONG),2,0.2,1.619,1.621,1.621,1.611,2026-07-11 01:00:59 UTC,2026-07-11 01:18:39 UTC,1059.21,0.3238,0.0043,0.0,0.0004,0.04,9.26,MIN_PROFIT_TP_HIT,0.2152
1264,TRUMP_USDT,SHORT,StochasticRSI(FAST_SCALP-SHORT),2,0.2,1.619,1.617,1.617,1.627,2026-07-11 01:20:59 UTC,2026-07-11 01:27:19 UTC,379.46,0.3238,0.0043,0.0,0.0004,0.04,9.26,MIN_PROFIT_TP_HIT,0.2156
1265,TRUMP_USDT,LONG,StochasticRSI(FAST_SCALP-LONG),2,0.2,1.618,1.62,1.62,1.61,2026-07-11 01:29:59 UTC,2026-07-11 01:31:49 UTC,109.5,0.3236,0.0043,0.0,0.0004,0.04,9.27,MIN_PROFIT_TP_HIT,0.216
1266,TRUMP_USDT,SHORT,StochasticRSI(FAST_SCALP-SHORT),2,0.2,1.621,1.619,1.619,1.629,2026-07-11 01:36:59 UTC,2026-07-11 01:38:17 UTC,77.48,0.3242,0.0043,0.0,0.0004,0.04,9.25,MIN_PROFIT_TP_HIT,0.2164
1267,TRUMP_USDT,SHORT,StochasticRSI(FAST_SCALP-SHORT),2,0.2,1.617,1.615,1.615,1.625,2026-07-11 01:39:59 UTC,2026-07-11 01:40:38 UTC,38.55,0.3234,0.0043,0.0,0.0004,0.04,9.28,MIN_PROFIT_TP_HIT,0.2168
1268,TRUMP_USDT,LONG,StochasticRSI(FAST_SCALP-LONG),2,0.2,1.617,1.609,1.619,1.609,2026-07-11 01:43:59 UTC,2026-07-11 02:24:35 UTC,2435.88,0.3234,0.0043,0.0,-0.0016,-0.15,-37.11,STOP_LOSS_HIT,0.2152
1269,TRUMP_USDT,LONG,StochasticRSI(FAST_SCALP-LONG),2,0.2,1.61,1.612,1.612,1.602,2026-07-11 02:29:59 UTC,2026-07-11 02:37:51 UTC,471.72,0.322,0.0043,0.0,0.0004,0.04,9.32,MIN_PROFIT_TP_HIT,0.2156
1270,TRUMP_USDT,LONG,StochasticRSI(FAST_SCALP-LONG),2,0.2,1.613,1.615,1.615,1.605,2026-07-11 02:43:59 UTC,2026-07-11 02:56:01 UTC,721.9,0.3226,0.0043,0.0,0.0004,0.04,9.3,MIN_PROFIT_TP_HIT,0.216
1271,TRUMP_USDT,SHORT,StochasticRSI(FAST_SCALP-SHORT),2,0.2,1.616,1.614,1.614,1.624,2026-07-11 02:59:59 UTC,2026-07-11 03:02:00 UTC,120.1,0.3232,0.0043,0.0,0.0004,0.04,9.28,MIN_PROFIT_TP_HIT,0.2164
1272,TRUMP_USDT,SHORT,StochasticRSI(FAST_SCALP-SHORT),2,0.2,1.614,1.612,1.612,1.622,2026-07-11 03:03:59 UTC,2026-07-11 03:12:14 UTC,494.73,0.3228,0.0043,0.0,0.0004,0.04,9.29,MIN_PROFIT_TP_HIT,0.2168
1273,TRUMP_USDT,LONG,StochasticRSI(FAST_SCALP-LONG),2,0.2,1.613,1.605,1.615,1.605,2026-07-11 03:17:59 UTC,2026-07-11 04:17:29 UTC,3569.69,0.3226,0.0043,0.0,-0.0016,-0.15,-37.2,STOP_LOSS_HIT,0.2152
1274,TRUMP_USDT,LONG,StochasticRSI(FAST_SCALP-LONG),2,0.2,1.608,1.61,1.61,1.6,2026-07-11 04:20:59 UTC,2026-07-11 05:22:04 UTC,3664.06,0.3216,0.0043,0.0,0.0004,0.04,9.33,MIN_PROFIT_TP_HIT,0.2156
1275,TRUMP_USDT,SHORT,StochasticRSI(FAST_SCALP-SHORT),2,0.2,1.609,1.607,1.607,1.617,2026-07-11 05:25:59 UTC,2026-07-11 05:41:40 UTC,940.44,0.3218,0.0043,0.0,0.0004,0.04,9.32,MIN_PROFIT_TP_HIT,0.216
1276,TRUMP_USDT,LONG,StochasticRSI(FAST_SCALP-LONG),2,0.2,1.606,1.608,1.608,1.598,2026-07-11 05:46:59 UTC,2026-07-11 05:59:27 UTC,747.49,0.3212,0.0043,0.0,0.0004,0.04,9.34,MIN_PROFIT_TP_HIT,0.2164
1277,TRUMP_USDT,SHORT,StochasticRSI(FAST_SCALP-SHORT),2,0.2,1.606,1.604,1.604,1.614,2026-07-11 06:01:59 UTC,2026-07-11 06:02:02 UTC,2.62,0.3212,0.0043,0.0,0.0004,0.04,9.34,MIN_PROFIT_TP_HIT,0.2168
1278,TRUMP_USDT,LONG,StochasticRSI(FAST_SCALP-LONG),2,0.2,1.603,1.605,1.605,1.595,2026-07-11 06:09:59 UTC,2026-07-11 06:10:00 UTC,0.97,0.3206,0.0043,0.0,0.0004,0.04,9.36,MIN_PROFIT_TP_HIT,0.2172
1279,TRUMP_USDT,SHORT,StochasticRSI(FAST_SCALP-SHORT),2,0.2,1.608,1.606,1.606,1.616,2026-07-11 06:17:59 UTC,2026-07-11 06:50:54 UTC,1974.45,0.3216,0.0043,0.0,0.0004,0.04,9.33,MIN_PROFIT_TP_HIT,0.2176
1280,TRUMP_USDT,LONG,StochasticRSI(FAST_SCALP-LONG),2,0.2,1.606,1.608,1.608,1.598,2026-07-11 06:55:59 UTC,2026-07-11 07:28:01 UTC,1921.3,0.3212,0.0043,0.0,0.0004,0.04,9.34,MIN_PROFIT_TP_HIT,0.218
1281,TRUMP_USDT,LONG,StochasticRSI(FAST_SCALP-LONG),2,0.2,1.603,1.605,1.605,1.595,2026-07-11 07:37:59 UTC,2026-07-11 07:38:54 UTC,54.19,0.3206,0.0043,0.0,0.0004,0.04,9.36,MIN_PROFIT_TP_HIT,0.2184
1282,TRUMP_USDT,LONG,StochasticRSI(FAST_SCALP-LONG),2,0.2,1.603,1.605,1.605,1.595,2026-07-11 07:49:59 UTC,2026-07-11 07:59:40 UTC,580.39,0.3206,0.0043,0.0,0.0004,0.04,9.36,MIN_PROFIT_TP_HIT,0.2188
1283,TRUMP_USDT,SHORT,StochasticRSI(FAST_SCALP-SHORT),2,0.2,1.602,1.61,1.6,1.61,2026-07-11 08:01:59 UTC,2026-07-11 09:03:34 UTC,3694.04,0.3204,0.0043,0.0,-0.0016,-0.15,-37.45,STOP_LOSS_HIT,0.2172
1284,TRUMP_USDT,SHORT,StochasticRSI(FAST_SCALP-SHORT),2,0.2,1.613,1.611,1.611,1.621,2026-07-11 09:07:59 UTC,2026-07-11 09:19:50 UTC,710.67,0.3226,0.0043,0.0,0.0004,0.04,9.3,MIN_PROFIT_TP_HIT,0.2176
1285,TRUMP_USDT,LONG,StochasticRSI(FAST_SCALP-LONG),2,0.2,1.609,1.611,1.611,1.601,2026-07-11 09:23:59 UTC,2026-07-11 09:28:55 UTC,295.15,0.3218,0.0043,0.0,0.0004,0.04,9.32,MIN_PROFIT_TP_HIT,0.218
1286,TRUMP_USDT,SHORT,StochasticRSI(FAST_SCALP-SHORT),2,0.2,1.609,1.607,1.607,1.617,2026-07-11 09:32:59 UTC,2026-07-11 09:49:04 UTC,964.43,0.3218,0.0043,0.0,0.0004,0.04,9.32,MIN_PROFIT_TP_HIT,0.2184
1287,TRUMP_USDT,LONG,StochasticRSI(FAST_SCALP-LONG),2,0.2,1.608,1.61,1.61,1.6,2026-07-11 09:50:59 UTC,2026-07-11 11:06:46 UTC,4546.5,0.3216,0.0043,0.0,0.0004,0.04,9.33,MIN_PROFIT_TP_HIT,0.2188
1288,TRUMP_USDT,SHORT,StochasticRSI(FAST_SCALP-SHORT),2,0.2,1.612,1.61,1.61,1.62,2026-07-11 11:10:59 UTC,2026-07-11 11:11:41 UTC,41.98,0.3224,0.0043,0.0,0.0004,0.04,9.31,MIN_PROFIT_TP_HIT,0.2192
1289,TRUMP_USDT,LONG,StochasticRSI(FAST_SCALP-LONG),2,0.2,1.611,1.613,1.613,1.603,2026-07-11 11:22:59 UTC,2026-07-11 11:40:06 UTC,1026.46,0.3222,0.0043,0.0,0.0004,0.04,9.31,MIN_PROFIT_TP_HIT,0.2196
1290,TRUMP_USDT,LONG,StochasticRSI(FAST_SCALP-LONG),2,0.2,1.612,1.614,1.614,1.604,2026-07-11 11:54:59 UTC,2026-07-11 11:56:27 UTC,87.16,0.3224,0.0043,0.0,0.0004,0.04,9.31,MIN_PROFIT_TP_HIT,0.22
1291,TRUMP_USDT,LONG,StochasticRSI(FAST_SCALP-LONG),2,0.2,1.612,1.614,1.614,1.604,2026-07-11 12:03:59 UTC,2026-07-11 12:04:42 UTC,42.5,0.3224,0.0043,0.0,0.0004,0.04,9.31,MIN_PROFIT_TP_HIT,0.2204
1292,TRUMP_USDT,SHORT,StochasticRSI(FAST_SCALP-SHORT),2,0.2,1.613,1.611,1.611,1.621,2026-07-11 12:08:59 UTC,2026-07-11 12:36:00 UTC,1620.09,0.3226,0.0043,0.0,0.0004,0.04,9.3,MIN_PROFIT_TP_HIT,0.2208
1293,TRUMP_USDT,LONG,StochasticRSI(FAST_SCALP-LONG),2,0.2,1.609,1.611,1.611,1.601,2026-07-11 12:39:59 UTC,2026-07-11 12:40:29 UTC,29.15,0.3218,0.0043,0.0,0.0004,0.04,9.32,MIN_PROFIT_TP_HIT,0.2212
1294,TRUMP_USDT,LONG,StochasticRSI(FAST_SCALP-LONG),2,0.2,1.611,1.613,1.613,1.603,2026-07-11 12:42:59 UTC,2026-07-11 12:47:04 UTC,244.2,0.3222,0.0043,0.0,0.0004,0.04,9.31,MIN_PROFIT_TP_HIT,0.2216
1295,TRUMP_USDT,SHORT,StochasticRSI(FAST_SCALP-SHORT),2,0.2,1.614,1.612,1.612,1.622,2026-07-11 12:50:59 UTC,2026-07-11 12:57:26 UTC,386.12,0.3228,0.0043,0.0,0.0004,0.04,9.29,MIN_PROFIT_TP_HIT,0.222
1296,TRUMP_USDT,LONG,StochasticRSI(FAST_SCALP-LONG),2,0.2,1.612,1.614,1.614,1.604,2026-07-11 13:02:59 UTC,2026-07-11 13:18:00 UTC,900.22,0.3224,0.0043,0.0,0.0004,0.04,9.31,MIN_PROFIT_TP_HIT,0.2224
1297,TRUMP_USDT,SHORT,StochasticRSI(FAST_SCALP-SHORT),2,0.2,1.613,1.611,1.611,1.621,2026-07-11 13:21:59 UTC,2026-07-11 13:55:41 UTC,2021.13,0.3226,0.0043,0.0,0.0004,0.04,9.3,MIN_PROFIT_TP_HIT,0.2228
1298,TRUMP_USDT,LONG,StochasticRSI(FAST_SCALP-LONG),2,0.2,1.612,1.614,1.614,1.604,2026-07-11 14:01:59 UTC,2026-07-11 14:02:21 UTC,21.59,0.3224,0.0043,0.0,0.0004,0.04,9.31,MIN_PROFIT_TP_HIT,0.2232
1299,TRUMP_USDT,SHORT,StochasticRSI(FAST_SCALP-SHORT),2,0.2,1.616,1.624,1.614,1.624,2026-07-11 14:06:59 UTC,2026-07-11 14:35:45 UTC,1725.41,0.3232,0.0043,0.0,-0.0016,-0.15,-37.13,STOP_LOSS_HIT,0.2216
1300,TRUMP_USDT,SHORT,StochasticRSI(FAST_SCALP-SHORT),2,0.2,1.622,1.62,1.62,1.63,2026-07-11 14:38:59 UTC,2026-07-11 14:39:53 UTC,53.88,0.3244,0.0043,0.0,0.0004,0.04,9.25,MIN_PROFIT_TP_HIT,0.222
1301,TRUMP_USDT,LONG,StochasticRSI(FAST_SCALP-LONG),2,0.2,1.624,1.626,1.626,1.616,2026-07-11 14:47:59 UTC,2026-07-11 14:48:32 UTC,32.68,0.3248,0.0043,0.0,0.0004,0.04,9.24,MIN_PROFIT_TP_HIT,0.2224
1302,TRUMP_USDT,LONG,StochasticRSI(FAST_SCALP-LONG),2,0.2,1.628,1.63,1.63,1.62,2026-07-11 15:03:59 UTC,2026-07-11 15:11:10 UTC,430.41,0.3256,0.0043,0.0,0.0004,0.04,9.21,MIN_PROFIT_TP_HIT,0.2228
1303,TRUMP_USDT,LONG,StochasticRSI(FAST_SCALP-LONG),2,0.2,1.625,1.627,1.627,1.617,2026-07-11 15:19:59 UTC,2026-07-11 15:22:23 UTC,143.53,0.325,0.0043,0.0,0.0004,0.04,9.23,MIN_PROFIT_TP_HIT,0.2232
1304,TRUMP_USDT,SHORT,StochasticRSI(FAST_SCALP-SHORT),2,0.2,1.625,1.623,1.623,1.633,2026-07-11 15:26:59 UTC,2026-07-11 15:36:56 UTC,596.85,0.325,0.0043,0.0,0.0004,0.04,9.23,MIN_PROFIT_TP_HIT,0.2236
1305,TRUMP_USDT,SHORT,StochasticRSI(FAST_SCALP-SHORT),2,0.2,1.615,1.613,1.613,1.623,2026-07-11 15:37:59 UTC,2026-07-11 15:38:16 UTC,16.19,0.323,0.0043,0.0,0.0004,0.04,9.29,MIN_PROFIT_TP_HIT,0.224
1306,TRUMP_USDT,LONG,StochasticRSI(FAST_SCALP-LONG),2,0.2,1.617,1.619,1.619,1.609,2026-07-11 15:41:59 UTC,2026-07-11 16:27:28 UTC,2728.67,0.3234,0.0043,0.0,0.0004,0.04,9.28,MIN_PROFIT_TP_HIT,0.2244
1307,TRUMP_USDT,SHORT,StochasticRSI(FAST_SCALP-SHORT),2,0.2,1.616,1.614,1.614,1.624,2026-07-11 16:30:59 UTC,2026-07-11 16:36:34 UTC,334.56,0.3232,0.0043,0.0,0.0004,0.04,9.28,MIN_PROFIT_TP_HIT,0.2248
1308,TRUMP_USDT,LONG,StochasticRSI(FAST_SCALP-LONG),2,0.2,1.614,1.616,1.616,1.606,2026-07-11 16:38:59 UTC,2026-07-11 16:48:35 UTC,575.72,0.3228,0.0043,0.0,0.0004,0.04,9.29,MIN_PROFIT_TP_HIT,0.2252
1309,TRUMP_USDT,SHORT,StochasticRSI(FAST_SCALP-SHORT),2,0.2,1.618,1.616,1.616,1.626,2026-07-11 16:52:59 UTC,2026-07-11 16:53:42 UTC,42.72,0.3236,0.0043,0.0,0.0004,0.04,9.27,MIN_PROFIT_TP_HIT,0.2256
1310,TRUMP_USDT,SHORT,StochasticRSI(FAST_SCALP-SHORT),2,0.2,1.617,1.625,1.615,1.625,2026-07-11 17:03:59 UTC,2026-07-11 17:13:26 UTC,566.95,0.3234,0.0043,0.0,-0.0016,-0.15,-37.11,STOP_LOSS_HIT,0.224
1311,TRUMP_USDT,SHORT,StochasticRSI(FAST_SCALP-SHORT),2,0.2,1.623,1.621,1.621,1.631,2026-07-11 17:19:59 UTC,2026-07-11 17:42:27 UTC,1347.3,0.3246,0.0043,0.0,0.0004,0.04,9.24,MIN_PROFIT_TP_HIT,0.2244
1312,TRUMP_USDT,SHORT,StochasticRSI(FAST_SCALP-SHORT),2,0.2,1.624,1.622,1.622,1.632,2026-07-11 17:47:59 UTC,2026-07-11 17:48:14 UTC,14.78,0.3248,0.0043,0.0,0.0004,0.04,9.24,MIN_PROFIT_TP_HIT,0.2248
1313,TRUMP_USDT,LONG,StochasticRSI(FAST_SCALP-LONG),2,0.2,1.622,1.624,1.624,1.614,2026-07-11 17:52:59 UTC,2026-07-11 18:14:15 UTC,1275.47,0.3244,0.0043,0.0,0.0004,0.04,9.25,MIN_PROFIT_TP_HIT,0.2252
1314,TRUMP_USDT,SHORT,StochasticRSI(FAST_SCALP-SHORT),2,0.2,1.623,1.621,1.621,1.631,2026-07-11 18:15:59 UTC,2026-07-11 19:28:54 UTC,4374.01,0.3246,0.0043,0.0,0.0004,0.04,9.24,MIN_PROFIT_TP_HIT,0.2256
1315,TRUMP_USDT,LONG,StochasticRSI(FAST_SCALP-LONG),2,0.2,1.62,1.622,1.622,1.612,2026-07-11 19:37:59 UTC,2026-07-11 19:38:12 UTC,12.43,0.324,0.0043,0.0,0.0004,0.04,9.26,MIN_PROFIT_TP_HIT,0.226
1316,TRUMP_USDT,SHORT,StochasticRSI(FAST_SCALP-SHORT),2,0.2,1.621,1.629,1.619,1.629,2026-07-11 19:47:59 UTC,2026-07-11 20:08:47 UTC,1247.55,0.3242,0.0043,0.0,-0.0016,-0.15,-37.01,STOP_LOSS_HIT,0.2244
1317,TRUMP_USDT,LONG,StochasticRSI(FAST_SCALP-LONG),2,0.2,1.627,1.629,1.629,1.619,2026-07-11 20:13:59 UTC,2026-07-11 20:30:17 UTC,977.59,0.3254,0.0043,0.0,0.0004,0.04,9.22,MIN_PROFIT_TP_HIT,0.2248
1318,TRUMP_USDT,LONG,StochasticRSI(FAST_SCALP-LONG),2,0.2,1.627,1.629,1.629,1.619,2026-07-11 20:38:59 UTC,2026-07-11 21:00:10 UTC,1270.92,0.3254,0.0043,0.0,0.0004,0.04,9.22,MIN_PROFIT_TP_HIT,0.2252
1319,TRUMP_USDT,SHORT,StochasticRSI(FAST_SCALP-SHORT),2,0.2,1.628,1.626,1.626,1.636,2026-07-11 21:04:59 UTC,2026-07-11 21:13:05 UTC,485.46,0.3256,0.0043,0.0,0.0004,0.04,9.21,MIN_PROFIT_TP_HIT,0.2256
1320,TRUMP_USDT,LONG,StochasticRSI(FAST_SCALP-LONG),2,0.2,1.624,1.626,1.626,1.616,2026-07-11 21:14:59 UTC,2026-07-11 21:16:45 UTC,105.02,0.3248,0.0043,0.0,0.0004,0.04,9.24,MIN_PROFIT_TP_HIT,0.226
1321,TRUMP_USDT,SHORT,StochasticRSI(FAST_SCALP-SHORT),2,0.2,1.628,1.626,1.626,1.636,2026-07-11 21:31:59 UTC,2026-07-11 21:40:18 UTC,498.37,0.3256,0.0043,0.0,0.0004,0.04,9.21,MIN_PROFIT_TP_HIT,0.2264
1322,TRUMP_USDT,LONG,StochasticRSI(FAST_SCALP-LONG),2,0.2,1.625,1.627,1.627,1.617,2026-07-11 21:49:59 UTC,2026-07-11 21:50:37 UTC,37.34,0.325,0.0043,0.0,0.0004,0.04,9.23,MIN_PROFIT_TP_HIT,0.2268
1323,TRUMP_USDT,SHORT,StochasticRSI(FAST_SCALP-SHORT),2,0.2,1.625,1.623,1.623,1.633,2026-07-11 21:56:59 UTC,2026-07-11 22:00:04 UTC,184.95,0.325,0.0043,0.0,0.0004,0.04,9.23,MIN_PROFIT_TP_HIT,0.2272
1324,TRUMP_USDT,SHORT,StochasticRSI(FAST_SCALP-SHORT),2,0.2,1.625,1.623,1.623,1.633,2026-07-11 22:10:59 UTC,2026-07-11 22:11:33 UTC,33.43,0.325,0.0043,0.0,0.0004,0.04,9.23,MIN_PROFIT_TP_HIT,0.2276
1325,TRUMP_USDT,SHORT,StochasticRSI(FAST_SCALP-SHORT),2,0.2,1.622,1.62,1.62,1.63,2026-07-11 22:14:59 UTC,2026-07-11 22:19:30 UTC,270.74,0.3244,0.0043,0.0,0.0004,0.04,9.25,MIN_PROFIT_TP_HIT,0.228
1326,TRUMP_USDT,LONG,StochasticRSI(FAST_SCALP-LONG),2,0.2,1.613,1.615,1.615,1.605,2026-07-11 22:23:59 UTC,2026-07-11 22:31:10 UTC,430.05,0.3226,0.0043,0.0,0.0004,0.04,9.3,MIN_PROFIT_TP_HIT,0.2284
1327,TRUMP_USDT,SHORT,StochasticRSI(FAST_SCALP-SHORT),2,0.2,1.616,1.614,1.614,1.624,2026-07-11 22:34:59 UTC,2026-07-11 22:37:09 UTC,129.04,0.3232,0.0043,0.0,0.0004,0.04,9.28,MIN_PROFIT_TP_HIT,0.2288
1328,TRUMP_USDT,SHORT,StochasticRSI(FAST_SCALP-SHORT),2,0.2,1.615,1.613,1.613,1.623,2026-07-11 22:38:59 UTC,2026-07-11 22:39:34 UTC,34.25,0.323,0.0043,0.0,0.0004,0.04,9.29,MIN_PROFIT_TP_HIT,0.2292
1329,TRUMP_USDT,SHORT,StochasticRSI(FAST_SCALP-SHORT),2,0.2,1.61,1.608,1.608,1.618,2026-07-11 23:02:59 UTC,2026-07-11 23:08:24 UTC,324.47,0.322,0.0043,0.0,0.0004,0.04,9.32,MIN_PROFIT_TP_HIT,0.2296
1330,TRUMP_USDT,LONG,StochasticRSI(FAST_SCALP-LONG),2,0.2,1.606,1.608,1.608,1.598,2026-07-11 23:14:59 UTC,2026-07-11 23:15:39 UTC,39.35,0.3212,0.0043,0.0,0.0004,0.04,9.34,MIN_PROFIT_TP_HIT,0.23
1331,TRUMP_USDT,SHORT,StochasticRSI(FAST_SCALP-SHORT),2,0.2,1.605,1.603,1.603,1.613,2026-07-11 23:20:59 UTC,2026-07-11 23:21:45 UTC,45.98,0.321,0.0043,0.0,0.0004,0.04,9.35,MIN_PROFIT_TP_HIT,0.2304
1332,TRUMP_USDT,LONG,StochasticRSI(FAST_SCALP-LONG),2,0.2,1.593,1.595,1.595,1.585,2026-07-11 23:34:59 UTC,2026-07-11 23:39:00 UTC,240.38,0.3186,0.0042,0.0,0.0004,0.04,9.42,MIN_PROFIT_TP_HIT,0.2308
1333,TRUMP_USDT,SHORT,StochasticRSI(FAST_SCALP-SHORT),2,0.2,1.593,1.591,1.591,1.601,2026-07-11 23:40:59 UTC,2026-07-11 23:55:28 UTC,868.61,0.3186,0.0042,0.0,0.0004,0.04,9.42,MIN_PROFIT_TP_HIT,0.2312
1334,TRUMP_USDT,LONG,StochasticRSI(FAST_SCALP-LONG),2,0.2,1.568,1.57,1.57,1.56,2026-07-12 00:02:59 UTC,2026-07-12 00:03:08 UTC,8.4,0.3136,0.0042,0.0,0.0004,0.04,9.57,MIN_PROFIT_TP_HIT,0.2316
1335,TRUMP_USDT,SHORT,StochasticRSI(FAST_SCALP-SHORT),2,0.2,1.563,1.561,1.561,1.571,2026-07-12 00:08:59 UTC,2026-07-12 00:09:07 UTC,7.2,0.3126,0.0042,0.0,0.0004,0.04,9.6,MIN_PROFIT_TP_HIT,0.232
1336,TRUMP_USDT,SHORT,StochasticRSI(FAST_SCALP-SHORT),2,0.2,1.567,1.565,1.565,1.575,2026-07-12 00:15:59 UTC,2026-07-12 00:17:15 UTC,75.13,0.3134,0.0042,0.0,0.0004,0.04,9.57,MIN_PROFIT_TP_HIT,0.2324
1337,TRUMP_USDT,SHORT,StochasticRSI(FAST_SCALP-SHORT),2,0.2,1.565,1.563,1.563,1.573,2026-07-12 00:19:59 UTC,2026-07-12 00:30:37 UTC,637.4,0.313,0.0042,0.0,0.0004,0.04,9.58,MIN_PROFIT_TP_HIT,0.2328
1338,TRUMP_USDT,LONG,StochasticRSI(FAST_SCALP-LONG),2,0.2,1.564,1.566,1.566,1.556,2026-07-12 00:33:59 UTC,2026-07-12 00:34:01 UTC,1.19,0.3128,0.0042,0.0,0.0004,0.04,9.59,MIN_PROFIT_TP_HIT,0.2332
1339,TRUMP_USDT,SHORT,StochasticRSI(FAST_SCALP-SHORT),2,0.2,1.564,1.562,1.562,1.572,2026-07-12 00:38:59 UTC,2026-07-12 00:39:20 UTC,20.1,0.3128,0.0042,0.0,0.0004,0.04,9.59,MIN_PROFIT_TP_HIT,0.2336
1340,TRUMP_USDT,SHORT,StochasticRSI(FAST_SCALP-SHORT),2,0.2,1.563,1.571,1.561,1.571,2026-07-12 00:47:59 UTC,2026-07-12 01:15:57 UTC,1677.59,0.3126,0.0042,0.0,-0.0016,-0.15,-38.39,STOP_LOSS_HIT,0.232
1341,TRUMP_USDT,SHORT,StochasticRSI(FAST_SCALP-SHORT),2,0.2,1.573,1.581,1.571,1.581,2026-07-12 01:18:59 UTC,2026-07-12 01:41:32 UTC,1352.18,0.3146,0.0042,0.0,-0.0016,-0.15,-38.14,STOP_LOSS_HIT,0.2304
1342,TRUMP_USDT,LONG,StochasticRSI(FAST_SCALP-LONG),2,0.2,1.579,1.581,1.581,1.571,2026-07-12 01:50:59 UTC,2026-07-12 03:23:34 UTC,5554.9,0.3158,0.0042,0.0,0.0004,0.04,9.5,MIN_PROFIT_TP_HIT,0.2308
1343,TRUMP_USDT,SHORT,StochasticRSI(FAST_SCALP-SHORT),2,0.2,1.58,1.578,1.578,1.588,2026-07-12 03:26:59 UTC,2026-07-12 04:01:52 UTC,2092.08,0.316,0.0042,0.0,0.0004,0.04,9.49,MIN_PROFIT_TP_HIT,0.2312
1344,TRUMP_USDT,LONG,StochasticRSI(FAST_SCALP-LONG),2,0.2,1.579,1.581,1.581,1.571,2026-07-12 04:04:59 UTC,2026-07-12 04:05:41 UTC,41.24,0.3158,0.0042,0.0,0.0004,0.04,9.5,MIN_PROFIT_TP_HIT,0.2316
1345,TRUMP_USDT,SHORT,StochasticRSI(FAST_SCALP-SHORT),2,0.2,1.579,1.577,1.577,1.587,2026-07-12 04:20:59 UTC,2026-07-12 04:32:32 UTC,692.94,0.3158,0.0042,0.0,0.0004,0.04,9.5,MIN_PROFIT_TP_HIT,0.232
1346,TRUMP_USDT,LONG,StochasticRSI(FAST_SCALP-LONG),2,0.2,1.576,1.578,1.578,1.568,2026-07-12 04:36:59 UTC,2026-07-12 04:39:55 UTC,175.25,0.3152,0.0042,0.0,0.0004,0.04,9.52,MIN_PROFIT_TP_HIT,0.2324
1347,TRUMP_USDT,SHORT,StochasticRSI(FAST_SCALP-SHORT),2,0.2,1.581,1.579,1.579,1.589,2026-07-12 04:46:59 UTC,2026-07-12 04:49:20 UTC,140.07,0.3162,0.0042,0.0,0.0004,0.04,9.49,MIN_PROFIT_TP_HIT,0.2328
1348,TRUMP_USDT,LONG,StochasticRSI(FAST_SCALP-LONG),2,0.2,1.576,1.578,1.578,1.568,2026-07-12 04:53:59 UTC,2026-07-12 04:59:59 UTC,359.53,0.3152,0.0042,0.0,0.0004,0.04,9.52,MIN_PROFIT_TP_HIT,0.2332
1349,TRUMP_USDT,SHORT,StochasticRSI(FAST_SCALP-SHORT),2,0.2,1.577,1.575,1.575,1.585,2026-07-12 05:03:59 UTC,2026-07-12 05:07:47 UTC,227.49,0.3154,0.0042,0.0,0.0004,0.04,9.51,MIN_PROFIT_TP_HIT,0.2336
1350,TRUMP_USDT,SHORT,StochasticRSI(FAST_SCALP-SHORT),2,0.2,1.575,1.573,1.573,1.583,2026-07-12 05:08:59 UTC,2026-07-12 05:15:52 UTC,412.49,0.315,0.0042,0.0,0.0004,0.04,9.52,MIN_PROFIT_TP_HIT,0.234
1351,TRUMP_USDT,LONG,StochasticRSI(FAST_SCALP-LONG),2,0.2,1.567,1.569,1.569,1.559,2026-07-12 05:19:59 UTC,2026-07-12 05:26:59 UTC,419.5,0.3134,0.0042,0.0,0.0004,0.04,9.57,MIN_PROFIT_TP_HIT,0.2344
1352,TRUMP_USDT,SHORT,StochasticRSI(FAST_SCALP-SHORT),2,0.2,1.571,1.569,1.569,1.579,2026-07-12 05:48:59 UTC,2026-07-12 06:01:13 UTC,733.52,0.3142,0.0042,0.0,0.0004,0.04,9.55,MIN_PROFIT_TP_HIT,0.2348
1353,TRUMP_USDT,LONG,StochasticRSI(FAST_SCALP-LONG),2,0.2,1.562,1.554,1.564,1.554,2026-07-12 06:07:59 UTC,2026-07-12 06:17:20 UTC,560.68,0.3124,0.0042,0.0,-0.0016,-0.15,-38.41,STOP_LOSS_HIT,0.2332
1354,TRUMP_USDT,SHORT,StochasticRSI(FAST_SCALP-SHORT),2,0.2,1.557,1.555,1.555,1.565,2026-07-12 06:23:59 UTC,2026-07-12 06:26:41 UTC,161.08,0.3114,0.0042,0.0,0.0004,0.04,9.63,MIN_PROFIT_TP_HIT,0.2336
1355,TRUMP_USDT,SHORT,StochasticRSI(FAST_SCALP-SHORT),2,0.2,1.557,1.555,1.555,1.565,2026-07-12 06:27:59 UTC,2026-07-12 06:28:11 UTC,11.08,0.3114,0.0042,0.0,0.0004,0.04,9.63,MIN_PROFIT_TP_HIT,0.234
1356,TRUMP_USDT,SHORT,StochasticRSI(FAST_SCALP-SHORT),2,0.2,1.561,1.559,1.559,1.569,2026-07-12 06:40:59 UTC,2026-07-12 06:41:02 UTC,2.45,0.3122,0.0042,0.0,0.0004,0.04,9.61,MIN_PROFIT_TP_HIT,0.2344
1357,TRUMP_USDT,LONG,StochasticRSI(FAST_SCALP-LONG),2,0.2,1.563,1.565,1.565,1.555,2026-07-12 06:55:59 UTC,2026-07-12 07:04:44 UTC,524.67,0.3126,0.0042,0.0,0.0004,0.04,9.6,MIN_PROFIT_TP_HIT,0.2348
1358,TRUMP_USDT,LONG,StochasticRSI(FAST_SCALP-LONG),2,0.2,1.565,1.567,1.567,1.557,2026-07-12 07:10:59 UTC,2026-07-12 07:21:38 UTC,638.9,0.313,0.0042,0.0,0.0004,0.04,9.58,MIN_PROFIT_TP_HIT,0.2352
1359,TRUMP_USDT,SHORT,StochasticRSI(FAST_SCALP-SHORT),2,0.2,1.567,1.565,1.565,1.575,2026-07-12 07:24:59 UTC,2026-07-12 07:25:29 UTC,29.82,0.3134,0.0042,0.0,0.0004,0.04,9.57,MIN_PROFIT_TP_HIT,0.2356
1360,TRUMP_USDT,SHORT,StochasticRSI(FAST_SCALP-SHORT),2,0.2,1.566,1.564,1.564,1.574,2026-07-12 07:26:59 UTC,2026-07-12 07:29:38 UTC,158.62,0.3132,0.0042,0.0,0.0004,0.04,9.58,MIN_PROFIT_TP_HIT,0.236
1361,TRUMP_USDT,SHORT,StochasticRSI(FAST_SCALP-SHORT),2,0.2,1.564,1.562,1.562,1.572,2026-07-12 07:46:59 UTC,2026-07-12 07:50:36 UTC,216.37,0.3128,0.0042,0.0,0.0004,0.04,9.59,MIN_PROFIT_TP_HIT,0.2364
1362,TRUMP_USDT,LONG,StochasticRSI(FAST_SCALP-LONG),2,0.2,1.564,1.566,1.566,1.556,2026-07-12 07:53:59 UTC,2026-07-12 07:55:52 UTC,112.11,0.3128,0.0042,0.0,0.0004,0.04,9.59,MIN_PROFIT_TP_HIT,0.2368
1363,TRUMP_USDT,SHORT,StochasticRSI(FAST_SCALP-SHORT),2,0.2,1.569,1.567,1.567,1.577,2026-07-12 08:11:59 UTC,2026-07-12 09:15:10 UTC,3790.05,0.3138,0.0042,0.0,0.0004,0.04,9.56,MIN_PROFIT_TP_HIT,0.2372
1364,TRUMP_USDT,LONG,StochasticRSI(FAST_SCALP-LONG),2,0.2,1.567,1.569,1.569,1.559,2026-07-12 09:19:59 UTC,2026-07-12 09:28:40 UTC,520.48,0.3134,0.0042,0.0,0.0004,0.04,9.57,MIN_PROFIT_TP_HIT,0.2376
1365,TRUMP_USDT,SHORT,StochasticRSI(FAST_SCALP-SHORT),2,0.2,1.569,1.577,1.567,1.577,2026-07-12 09:30:59 UTC,2026-07-12 09:45:53 UTC,893.13,0.3138,0.0042,0.0,-0.0016,-0.15,-38.24,STOP_LOSS_HIT,0.236
1366,TRUMP_USDT,SHORT,StochasticRSI(FAST_SCALP-SHORT),2,0.2,1.574,1.572,1.572,1.582,2026-07-12 09:48:59 UTC,2026-07-12 09:54:25 UTC,325.01,0.3148,0.0042,0.0,0.0004,0.04,9.53,MIN_PROFIT_TP_HIT,0.2364
1367,TRUMP_USDT,LONG,StochasticRSI(FAST_SCALP-LONG),2,0.2,1.572,1.574,1.574,1.564,2026-07-12 09:59:59 UTC,2026-07-12 10:11:28 UTC,688.8,0.3144,0.0042,0.0,0.0004,0.04,9.54,MIN_PROFIT_TP_HIT,0.2368
1368,TRUMP_USDT,SHORT,StochasticRSI(FAST_SCALP-SHORT),2,0.2,1.573,1.571,1.571,1.581,2026-07-12 10:19:59 UTC,2026-07-12 10:25:02 UTC,302.4,0.3146,0.0042,0.0,0.0004,0.04,9.54,MIN_PROFIT_TP_HIT,0.2372
1369,TRUMP_USDT,LONG,StochasticRSI(FAST_SCALP-LONG),2,0.2,1.571,1.573,1.573,1.563,2026-07-12 10:29:59 UTC,2026-07-12 11:27:07 UTC,3427.87,0.3142,0.0042,0.0,0.0004,0.04,9.55,MIN_PROFIT_TP_HIT,0.2376
1370,TRUMP_USDT,SHORT,StochasticRSI(FAST_SCALP-SHORT),2,0.2,1.572,1.58,1.57,1.58,2026-07-12 11:31:59 UTC,2026-07-12 12:12:00 UTC,2400.92,0.3144,0.0042,0.0,-0.0016,-0.15,-38.17,STOP_LOSS_HIT,0.236
1371,TRUMP_USDT,SHORT,StochasticRSI(FAST_SCALP-SHORT),2,0.2,1.579,1.577,1.577,1.587,2026-07-12 12:16:59 UTC,2026-07-12 12:21:48 UTC,288.92,0.3158,0.0042,0.0,0.0004,0.04,9.5,MIN_PROFIT_TP_HIT,0.2364
1372,TRUMP_USDT,LONG,StochasticRSI(FAST_SCALP-LONG),2,0.2,1.576,1.578,1.578,1.568,2026-07-12 12:30:59 UTC,2026-07-12 12:31:40 UTC,40.6,0.3152,0.0042,0.0,0.0004,0.04,9.52,MIN_PROFIT_TP_HIT,0.2368
1373,TRUMP_USDT,LONG,StochasticRSI(FAST_SCALP-LONG),2,0.2,1.577,1.579,1.579,1.569,2026-07-12 12:32:59 UTC,2026-07-12 12:36:11 UTC,191.27,0.3154,0.0042,0.0,0.0004,0.04,9.51,MIN_PROFIT_TP_HIT,0.2372
1374,TRUMP_USDT,SHORT,StochasticRSI(FAST_SCALP-SHORT),2,0.2,1.577,1.575,1.575,1.585,2026-07-12 12:40:59 UTC,2026-07-12 13:17:25 UTC,2185.58,0.3154,0.0042,0.0,0.0004,0.04,9.51,MIN_PROFIT_TP_HIT,0.2376
1375,TRUMP_USDT,LONG,StochasticRSI(FAST_SCALP-LONG),2,0.2,1.578,1.57,1.58,1.57,2026-07-12 13:20:59 UTC,2026-07-12 13:28:04 UTC,424.69,0.3156,0.0042,0.0,-0.0016,-0.15,-38.02,STOP_LOSS_HIT,0.236
1376,TRUMP_USDT,SHORT,StochasticRSI(FAST_SCALP-SHORT),2,0.2,1.568,1.566,1.566,1.576,2026-07-12 13:29:59 UTC,2026-07-12 13:42:00 UTC,720.79,0.3136,0.0042,0.0,0.0004,0.04,9.57,MIN_PROFIT_TP_HIT,0.2364
1377,TRUMP_USDT,SHORT,StochasticRSI(FAST_SCALP-SHORT),2,0.2,1.568,1.566,1.566,1.576,2026-07-12 13:53:59 UTC,2026-07-12 14:01:54 UTC,474.75,0.3136,0.0042,0.0,0.0004,0.04,9.57,MIN_PROFIT_TP_HIT,0.2368
1378,TRUMP_USDT,LONG,StochasticRSI(FAST_SCALP-LONG),2,0.2,1.567,1.569,1.569,1.559,2026-07-12 14:04:59 UTC,2026-07-12 14:06:46 UTC,106.67,0.3134,0.0042,0.0,0.0004,0.04,9.57,MIN_PROFIT_TP_HIT,0.2372
1379,TRUMP_USDT,SHORT,StochasticRSI(FAST_SCALP-SHORT),2,0.2,1.569,1.577,1.567,1.577,2026-07-12 14:10:59 UTC,2026-07-12 14:42:17 UTC,1877.17,0.3138,0.0042,0.0,-0.0016,-0.15,-38.24,STOP_LOSS_HIT,0.2356
1380,TRUMP_USDT,LONG,StochasticRSI(FAST_SCALP-LONG),2,0.2,1.582,1.584,1.584,1.574,2026-07-12 15:03:59 UTC,2026-07-12 15:05:02 UTC,62.36,0.3164,0.0042,0.0,0.0004,0.04,9.48,MIN_PROFIT_TP_HIT,0.236
1381,TRUMP_USDT,SHORT,StochasticRSI(FAST_SCALP-SHORT),2,0.2,1.585,1.583,1.583,1.593,2026-07-12 15:14:59 UTC,2026-07-12 16:12:37 UTC,3457.22,0.317,0.0042,0.0,0.0004,0.04,9.46,MIN_PROFIT_TP_HIT,0.2364
1382,TRUMP_USDT,LONG,StochasticRSI(FAST_SCALP-LONG),2,0.2,1.579,1.581,1.581,1.571,2026-07-12 16:17:59 UTC,2026-07-12 16:18:21 UTC,21.46,0.3158,0.0042,0.0,0.0004,0.04,9.5,MIN_PROFIT_TP_HIT,0.2368
1383,TRUMP_USDT,SHORT,StochasticRSI(FAST_SCALP-SHORT),2,0.2,1.582,1.58,1.58,1.59,2026-07-12 16:24:59 UTC,2026-07-12 16:31:56 UTC,416.63,0.3164,0.0042,0.0,0.0004,0.04,9.48,MIN_PROFIT_TP_HIT,0.2372
1384,TRUMP_USDT,LONG,StochasticRSI(FAST_SCALP-LONG),2,0.2,1.578,1.58,1.58,1.57,2026-07-12 16:35:59 UTC,2026-07-12 16:41:35 UTC,335.33,0.3156,0.0042,0.0,0.0004,0.04,9.51,MIN_PROFIT_TP_HIT,0.2376
1385,TRUMP_USDT,SHORT,StochasticRSI(FAST_SCALP-SHORT),2,0.2,1.581,1.579,1.579,1.589,2026-07-12 16:46:59 UTC,2026-07-12 16:53:03 UTC,363.04,0.3162,0.0042,0.0,0.0004,0.04,9.49,MIN_PROFIT_TP_HIT,0.238
1386,TRUMP_USDT,LONG,StochasticRSI(FAST_SCALP-LONG),2,0.2,1.579,1.581,1.581,1.571,2026-07-12 16:56:59 UTC,2026-07-12 17:00:57 UTC,237.47,0.3158,0.0042,0.0,0.0004,0.04,9.5,MIN_PROFIT_TP_HIT,0.2384
1387,TRUMP_USDT,LONG,StochasticRSI(FAST_SCALP-LONG),2,0.2,1.58,1.572,1.582,1.572,2026-07-12 17:10:59 UTC,2026-07-12 17:53:24 UTC,2544.87,0.316,0.0042,0.0,-0.0016,-0.15,-37.97,STOP_LOSS_HIT,0.2368
1388,TRUMP_USDT,LONG,StochasticRSI(FAST_SCALP-LONG),2,0.2,1.574,1.576,1.576,1.566,2026-07-12 17:56:59 UTC,2026-07-12 18:30:47 UTC,2027.72,0.3148,0.0042,0.0,0.0004,0.04,9.53,MIN_PROFIT_TP_HIT,0.2372
1389,TRUMP_USDT,SHORT,StochasticRSI(FAST_SCALP-SHORT),2,0.2,1.577,1.575,1.575,1.585,2026-07-12 18:34:59 UTC,2026-07-12 20:04:41 UTC,5381.64,0.3154,0.0042,0.0,0.0004,0.04,9.51,MIN_PROFIT_TP_HIT,0.2376
1390,TRUMP_USDT,LONG,StochasticRSI(FAST_SCALP-LONG),2,0.2,1.573,1.575,1.575,1.565,2026-07-12 20:08:59 UTC,2026-07-12 21:13:06 UTC,3846.39,0.3146,0.0042,0.0,0.0004,0.04,9.54,MIN_PROFIT_TP_HIT,0.238
1391,TRUMP_USDT,LONG,StochasticRSI(FAST_SCALP-LONG),2,0.2,1.572,1.564,1.574,1.564,2026-07-12 21:14:59 UTC,2026-07-12 21:21:04 UTC,364.43,0.3144,0.0042,0.0,-0.0016,-0.15,-38.17,STOP_LOSS_HIT,0.2364
1392,TRUMP_USDT,LONG,StochasticRSI(FAST_SCALP-LONG),2,0.2,1.569,1.561,1.571,1.561,2026-07-12 21:25:59 UTC,2026-07-12 22:00:00 UTC,2040.96,0.3138,0.0042,0.0,-0.0016,-0.15,-38.24,STOP_LOSS_HIT,0.2348
1393,TRUMP_USDT,LONG,StochasticRSI(FAST_SCALP-LONG),2,0.2,1.554,1.556,1.556,1.546,2026-07-12 22:07:59 UTC,2026-07-12 22:10:59 UTC,179.04,0.3108,0.0041,0.0,0.0004,0.04,9.65,MIN_PROFIT_TP_HIT,0.2352
1394,TRUMP_USDT,SHORT,StochasticRSI(FAST_SCALP-SHORT),2,0.2,1.552,1.55,1.55,1.56,2026-07-12 22:12:59 UTC,2026-07-12 22:17:55 UTC,295.18,0.3104,0.0041,0.0,0.0004,0.04,9.66,MIN_PROFIT_TP_HIT,0.2356
1395,TRUMP_USDT,LONG,StochasticRSI(FAST_SCALP-LONG),2,0.2,1.55,1.552,1.552,1.542,2026-07-12 22:21:59 UTC,2026-07-12 22:23:55 UTC,115.04,0.31,0.0041,0.0,0.0004,0.04,9.68,MIN_PROFIT_TP_HIT,0.236
1396,TRUMP_USDT,SHORT,StochasticRSI(FAST_SCALP-SHORT),2,0.2,1.552,1.55,1.55,1.56,2026-07-12 22:29:59 UTC,2026-07-12 22:34:27 UTC,267.6,0.3104,0.0041,0.0,0.0004,0.04,9.66,MIN_PROFIT_TP_HIT,0.2364
1397,TRUMP_USDT,LONG,StochasticRSI(FAST_SCALP-LONG),2,0.2,1.548,1.55,1.55,1.54,2026-07-12 22:41:59 UTC,2026-07-12 22:43:33 UTC,93.66,0.3096,0.0041,0.0,0.0004,0.04,9.69,MIN_PROFIT_TP_HIT,0.2368
1398,TRUMP_USDT,LONG,StochasticRSI(FAST_SCALP-LONG),2,0.2,1.549,1.551,1.551,1.541,2026-07-12 22:44:59 UTC,2026-07-12 22:54:17 UTC,557.09,0.3098,0.0041,0.0,0.0004,0.04,9.68,MIN_PROFIT_TP_HIT,0.2372
1399,TRUMP_USDT,SHORT,StochasticRSI(FAST_SCALP-SHORT),2,0.2,1.553,1.551,1.551,1.561,2026-07-12 22:57:59 UTC,2026-07-12 23:00:40 UTC,160.2,0.3106,0.0041,0.0,0.0004,0.04,9.66,MIN_PROFIT_TP_HIT,0.2376
1400,TRUMP_USDT,SHORT,StochasticRSI(FAST_SCALP-SHORT),2,0.2,1.551,1.549,1.549,1.559,2026-07-12 23:01:59 UTC,2026-07-12 23:04:25 UTC,145.14,0.3102,0.0041,0.0,0.0004,0.04,9.67,MIN_PROFIT_TP_HIT,0.238
1401,TRUMP_USDT,LONG,StochasticRSI(FAST_SCALP-LONG),2,0.2,1.551,1.553,1.553,1.543,2026-07-12 23:06:59 UTC,2026-07-12 23:07:21 UTC,21.33,0.3102,0.0041,0.0,0.0004,0.04,9.67,MIN_PROFIT_TP_HIT,0.2384
1402,TRUMP_USDT,LONG,StochasticRSI(FAST_SCALP-LONG),2,0.2,1.549,1.551,1.551,1.541,2026-07-12 23:14:59 UTC,2026-07-12 23:15:34 UTC,34.19,0.3098,0.0041,0.0,0.0004,0.04,9.68,MIN_PROFIT_TP_HIT,0.2388
1403,TRUMP_USDT,SHORT,StochasticRSI(FAST_SCALP-SHORT),2,0.2,1.552,1.56,1.55,1.56,2026-07-12 23:23:59 UTC,2026-07-13 00:01:35 UTC,2255.3,0.3104,0.0041,0.0,-0.0016,-0.15,-38.66,STOP_LOSS_HIT,0.2372
1404,TRUMP_USDT,LONG,StochasticRSI(FAST_SCALP-LONG),2,0.2,1.563,1.565,1.565,1.555,2026-07-13 00:02:59 UTC,2026-07-13 00:04:58 UTC,118.11,0.3126,0.0042,0.0,0.0004,0.04,9.6,MIN_PROFIT_TP_HIT,0.2376
1405,TRUMP_USDT,SHORT,StochasticRSI(FAST_SCALP-SHORT),2,0.2,1.561,1.569,1.559,1.569,2026-07-13 00:08:59 UTC,2026-07-13 00:10:21 UTC,81.68,0.3122,0.0042,0.0,-0.0016,-0.15,-38.44,STOP_LOSS_HIT,0.236
1406,TRUMP_USDT,SHORT,StochasticRSI(FAST_SCALP-SHORT),2,0.2,1.574,1.572,1.572,1.582,2026-07-13 00:18:59 UTC,2026-07-13 00:25:06 UTC,366.25,0.3148,0.0042,0.0,0.0004,0.04,9.53,MIN_PROFIT_TP_HIT,0.2364
1407,TRUMP_USDT,LONG,StochasticRSI(FAST_SCALP-LONG),2,0.2,1.571,1.563,1.573,1.563,2026-07-13 00:33:59 UTC,2026-07-13 00:38:10 UTC,250.45,0.3142,0.0042,0.0,-0.0016,-0.15,-38.19,STOP_LOSS_HIT,0.2348
1408,TRUMP_USDT,LONG,StochasticRSI(FAST_SCALP-LONG),2,0.2,1.555,1.557,1.557,1.547,2026-07-13 00:42:59 UTC,2026-07-13 00:43:18 UTC,18.97,0.311,0.0041,0.0,0.0004,0.04,9.65,MIN_PROFIT_TP_HIT,0.2352
1409,TRUMP_USDT,SHORT,StochasticRSI(FAST_SCALP-SHORT),2,0.2,1.563,1.561,1.561,1.571,2026-07-13 00:49:59 UTC,2026-07-13 00:52:46 UTC,166.75,0.3126,0.0042,0.0,0.0004,0.04,9.6,MIN_PROFIT_TP_HIT,0.2356
1410,TRUMP_USDT,SHORT,StochasticRSI(FAST_SCALP-SHORT),2,0.2,1.563,1.561,1.561,1.571,2026-07-13 00:53:59 UTC,2026-07-13 00:54:08 UTC,8.67,0.3126,0.0042,0.0,0.0004,0.04,9.6,MIN_PROFIT_TP_HIT,0.236
1411,TRUMP_USDT,SHORT,StochasticRSI(FAST_SCALP-SHORT),2,0.2,1.559,1.557,1.557,1.567,2026-07-13 01:06:59 UTC,2026-07-13 01:08:44 UTC,104.18,0.3118,0.0042,0.0,0.0004,0.04,9.62,MIN_PROFIT_TP_HIT,0.2364
1412,TRUMP_USDT,LONG,StochasticRSI(FAST_SCALP-LONG),2,0.2,1.556,1.558,1.558,1.548,2026-07-13 01:12:59 UTC,2026-07-13 01:14:13 UTC,73.43,0.3112,0.0041,0.0,0.0004,0.04,9.64,MIN_PROFIT_TP_HIT,0.2368
1413,TRUMP_USDT,SHORT,StochasticRSI(FAST_SCALP-SHORT),2,0.2,1.552,1.55,1.55,1.56,2026-07-13 01:17:59 UTC,2026-07-13 01:19:05 UTC,65.25,0.3104,0.0041,0.0,0.0004,0.04,9.66,MIN_PROFIT_TP_HIT,0.2372
1414,TRUMP_USDT,LONG,StochasticRSI(FAST_SCALP-LONG),2,0.2,1.555,1.547,1.557,1.547,2026-07-13 01:23:59 UTC,2026-07-13 01:55:29 UTC,1889.02,0.311,0.0041,0.0,-0.0016,-0.15,-38.59,STOP_LOSS_HIT,0.2356
1415,TRUMP_USDT,LONG,StochasticRSI(FAST_SCALP-LONG),2,0.2,1.537,1.539,1.539,1.529,2026-07-13 02:00:59 UTC,2026-07-13 02:03:12 UTC,132.69,0.3074,0.0041,0.0,0.0004,0.04,9.76,MIN_PROFIT_TP_HIT,0.236
1416,TRUMP_USDT,SHORT,StochasticRSI(FAST_SCALP-SHORT),2,0.2,1.531,1.539,1.529,1.539,2026-07-13 02:08:59 UTC,2026-07-13 02:13:21 UTC,261.16,0.3062,0.0041,0.0,-0.0016,-0.15,-39.19,STOP_LOSS_HIT,0.2344
1417,TRUMP_USDT,SHORT,StochasticRSI(FAST_SCALP-SHORT),2,0.2,1.542,1.54,1.54,1.55,2026-07-13 02:19:59 UTC,2026-07-13 02:23:35 UTC,215.97,0.3084,0.0041,0.0,0.0004,0.04,9.73,MIN_PROFIT_TP_HIT,0.2348
1418,TRUMP_USDT,LONG,StochasticRSI(FAST_SCALP-LONG),2,0.2,1.542,1.544,1.544,1.534,2026-07-13 02:27:59 UTC,2026-07-13 02:36:12 UTC,492.37,0.3084,0.0041,0.0,0.0004,0.04,9.73,MIN_PROFIT_TP_HIT,0.2352
1419,TRUMP_USDT,SHORT,StochasticRSI(FAST_SCALP-SHORT),2,0.2,1.542,1.54,1.54,1.55,2026-07-13 02:38:59 UTC,2026-07-13 02:40:17 UTC,77.15,0.3084,0.0041,0.0,0.0004,0.04,9.73,MIN_PROFIT_TP_HIT,0.2356
1420,TRUMP_USDT,LONG,StochasticRSI(FAST_SCALP-LONG),2,0.2,1.543,1.545,1.545,1.535,2026-07-13 02:49:59 UTC,2026-07-13 02:50:59 UTC,59.16,0.3086,0.0041,0.0,0.0004,0.04,9.72,MIN_PROFIT_TP_HIT,0.236
1421,TRUMP_USDT,LONG,StochasticRSI(FAST_SCALP-LONG),2,0.2,1.54,1.542,1.542,1.532,2026-07-13 03:00:59 UTC,2026-07-13 03:01:59 UTC,59.16,0.308,0.0041,0.0,0.0004,0.04,9.74,MIN_PROFIT_TP_HIT,0.2364
1422,TRUMP_USDT,LONG,StochasticRSI(FAST_SCALP-LONG),2,0.2,1.531,1.533,1.533,1.523,2026-07-13 03:13:59 UTC,2026-07-13 03:14:55 UTC,55.51,0.3062,0.0041,0.0,0.0004,0.04,9.8,MIN_PROFIT_TP_HIT,0.2368
1423,TRUMP_USDT,SHORT,StochasticRSI(FAST_SCALP-SHORT),2,0.2,1.531,1.529,1.529,1.539,2026-07-13 03:18:59 UTC,2026-07-13 03:19:22 UTC,22.79,0.3062,0.0041,0.0,0.0004,0.04,9.8,MIN_PROFIT_TP_HIT,0.2372
1424,TRUMP_USDT,LONG,StochasticRSI(FAST_SCALP-LONG),2,0.2,1.531,1.533,1.533,1.523,2026-07-13 03:25:59 UTC,2026-07-13 03:26:25 UTC,25.23,0.3062,0.0041,0.0,0.0004,0.04,9.8,MIN_PROFIT_TP_HIT,0.2376
1425,TRUMP_USDT,SHORT,StochasticRSI(FAST_SCALP-SHORT),2,0.2,1.529,1.527,1.527,1.537,2026-07-13 03:31:59 UTC,2026-07-13 03:32:31 UTC,31.08,0.3058,0.0041,0.0,0.0004,0.04,9.81,MIN_PROFIT_TP_HIT,0.238
1426,TRUMP_USDT,LONG,StochasticRSI(FAST_SCALP-LONG),2,0.2,1.527,1.529,1.529,1.519,2026-07-13 03:37:59 UTC,2026-07-13 03:38:14 UTC,14.7,0.3054,0.0041,0.0,0.0004,0.04,9.82,MIN_PROFIT_TP_HIT,0.2384
1427,TRUMP_USDT,SHORT,StochasticRSI(FAST_SCALP-SHORT),2,0.2,1.53,1.538,1.528,1.538,2026-07-13 03:44:59 UTC,2026-07-13 03:58:21 UTC,801.35,0.306,0.0041,0.0,-0.0016,-0.15,-39.22,STOP_LOSS_HIT,0.2368
1428,TRUMP_USDT,LONG,StochasticRSI(FAST_SCALP-LONG),2,0.2,1.534,1.536,1.536,1.526,2026-07-13 04:08:59 UTC,2026-07-13 04:09:20 UTC,20.86,0.3068,0.0041,0.0,0.0004,0.04,9.78,MIN_PROFIT_TP_HIT,0.2372
1429,TRUMP_USDT,SHORT,StochasticRSI(FAST_SCALP-SHORT),2,0.2,1.535,1.533,1.533,1.543,2026-07-13 04:15:59 UTC,2026-07-13 04:59:41 UTC,2621.26,0.307,0.0041,0.0,0.0004,0.04,9.77,MIN_PROFIT_TP_HIT,0.2376
1430,TRUMP_USDT,LONG,StochasticRSI(FAST_SCALP-LONG),2,0.2,1.534,1.536,1.536,1.526,2026-07-13 05:02:59 UTC,2026-07-13 05:03:12 UTC,12.41,0.3068,0.0041,0.0,0.0004,0.04,9.78,MIN_PROFIT_TP_HIT,0.238
1431,TRUMP_USDT,SHORT,StochasticRSI(FAST_SCALP-SHORT),2,0.2,1.539,1.537,1.537,1.547,2026-07-13 05:09:59 UTC,2026-07-13 05:14:34 UTC,274.16,0.3078,0.0041,0.0,0.0004,0.04,9.75,MIN_PROFIT_TP_HIT,0.2384
1432,TRUMP_USDT,LONG,StochasticRSI(FAST_SCALP-LONG),2,0.2,1.539,1.531,1.541,1.531,2026-07-13 05:19:59 UTC,2026-07-13 05:30:41 UTC,641.6,0.3078,0.0041,0.0,-0.0016,-0.15,-38.99,STOP_LOSS_HIT,0.2368
1433,TRUMP_USDT,SHORT,StochasticRSI(FAST_SCALP-SHORT),2,0.2,1.542,1.55,1.54,1.55,2026-07-13 05:37:59 UTC,2026-07-13 06:30:00 UTC,3120.48,0.3084,0.0041,0.0,-0.0016,-0.15,-38.91,STOP_LOSS_HIT,0.2352
1434,TRUMP_USDT,SHORT,StochasticRSI(FAST_SCALP-SHORT),2,0.2,1.548,1.546,1.546,1.556,2026-07-13 06:32:59 UTC,2026-07-13 06:36:14 UTC,194.53,0.3096,0.0041,0.0,0.0004,0.04,9.69,MIN_PROFIT_TP_HIT,0.2356
1435,TRUMP_USDT,LONG,StochasticRSI(FAST_SCALP-LONG),2,0.2,1.547,1.549,1.549,1.539,2026-07-13 06:39:59 UTC,2026-07-13 06:41:13 UTC,73.32,0.3094,0.0041,0.0,0.0004,0.04,9.7,MIN_PROFIT_TP_HIT,0.236
1436,TRUMP_USDT,SHORT,StochasticRSI(FAST_SCALP-SHORT),2,0.2,1.548,1.546,1.546,1.556,2026-07-13 06:46:59 UTC,2026-07-13 06:50:10 UTC,190.43,0.3096,0.0041,0.0,0.0004,0.04,9.69,MIN_PROFIT_TP_HIT,0.2364
1437,TRUMP_USDT,LONG,StochasticRSI(FAST_SCALP-LONG),2,0.2,1.546,1.548,1.548,1.538,2026-07-13 06:55:59 UTC,2026-07-13 07:00:03 UTC,243.96,0.3092,0.0041,0.0,0.0004,0.04,9.7,MIN_PROFIT_TP_HIT,0.2368
1438,TRUMP_USDT,SHORT,StochasticRSI(FAST_SCALP-SHORT),2,0.2,1.546,1.544,1.544,1.554,2026-07-13 07:02:59 UTC,2026-07-13 07:20:46 UTC,1066.08,0.3092,0.0041,0.0,0.0004,0.04,9.7,MIN_PROFIT_TP_HIT,0.2372
1439,TRUMP_USDT,LONG,StochasticRSI(FAST_SCALP-LONG),2,0.2,1.545,1.547,1.547,1.537,2026-07-13 07:21:59 UTC,2026-07-13 07:23:52 UTC,112.04,0.309,0.0041,0.0,0.0004,0.04,9.71,MIN_PROFIT_TP_HIT,0.2376
1440,TRUMP_USDT,SHORT,StochasticRSI(FAST_SCALP-SHORT),2,0.2,1.547,1.545,1.545,1.555,2026-07-13 07:29:59 UTC,2026-07-13 07:30:17 UTC,17.24,0.3094,0.0041,0.0,0.0004,0.04,9.7,MIN_PROFIT_TP_HIT,0.238
1441,TRUMP_USDT,LONG,StochasticRSI(FAST_SCALP-LONG),2,0.2,1.546,1.548,1.548,1.538,2026-07-13 07:34:59 UTC,2026-07-13 08:04:31 UTC,1771.35,0.3092,0.0041,0.0,0.0004,0.04,9.7,MIN_PROFIT_TP_HIT,0.2384
1442,TRUMP_USDT,LONG,StochasticRSI(FAST_SCALP-LONG),2,0.2,1.547,1.549,1.549,1.539,2026-07-13 08:15:59 UTC,2026-07-13 08:32:09 UTC,969.44,0.3094,0.0041,0.0,0.0004,0.04,9.7,MIN_PROFIT_TP_HIT,0.2388
1443,TRUMP_USDT,SHORT,StochasticRSI(FAST_SCALP-SHORT),2,0.2,1.548,1.546,1.546,1.556,2026-07-13 08:35:59 UTC,2026-07-13 08:37:42 UTC,102.66,0.3096,0.0041,0.0,0.0004,0.04,9.69,MIN_PROFIT_TP_HIT,0.2392
1444,TRUMP_USDT,LONG,StochasticRSI(FAST_SCALP-LONG),2,0.2,1.55,1.552,1.552,1.542,2026-07-13 08:40:59 UTC,2026-07-13 08:43:34 UTC,154.82,0.31,0.0041,0.0,0.0004,0.04,9.68,MIN_PROFIT_TP_HIT,0.2396
1445,TRUMP_USDT,SHORT,StochasticRSI(FAST_SCALP-SHORT),2,0.2,1.552,1.55,1.55,1.56,2026-07-13 08:47:59 UTC,2026-07-13 08:55:31 UTC,451.57,0.3104,0.0041,0.0,0.0004,0.04,9.66,MIN_PROFIT_TP_HIT,0.24
1446,TRUMP_USDT,LONG,StochasticRSI(FAST_SCALP-LONG),2,0.2,1.553,1.555,1.555,1.545,2026-07-13 08:58:59 UTC,2026-07-13 09:55:41 UTC,3401.48,0.3106,0.0041,0.0,0.0004,0.04,9.66,MIN_PROFIT_TP_HIT,0.2404
1447,TRUMP_USDT,SHORT,StochasticRSI(FAST_SCALP-SHORT),2,0.2,1.554,1.552,1.552,1.562,2026-07-13 09:57:59 UTC,2026-07-13 10:08:19 UTC,619.84,0.3108,0.0041,0.0,0.0004,0.04,9.65,MIN_PROFIT_TP_HIT,0.2408
1448,TRUMP_USDT,LONG,StochasticRSI(FAST_SCALP-LONG),2,0.2,1.553,1.545,1.555,1.545,2026-07-13 10:12:59 UTC,2026-07-13 12:35:33 UTC,8553.72,0.3106,0.0041,0.0,-0.0016,-0.15,-38.63,STOP_LOSS_HIT,0.2392
1449,TRUMP_USDT,LONG,StochasticRSI(FAST_SCALP-LONG),2,0.2,1.547,1.549,1.549,1.539,2026-07-13 12:38:59 UTC,2026-07-13 12:48:55 UTC,595.39,0.3094,0.0041,0.0,0.0004,0.04,9.7,MIN_PROFIT_TP_HIT,0.2396
1450,TRUMP_USDT,SHORT,StochasticRSI(FAST_SCALP-SHORT),2,0.2,1.548,1.546,1.546,1.556,2026-07-13 12:51:59 UTC,2026-07-13 12:53:22 UTC,82.96,0.3096,0.0041,0.0,0.0004,0.04,9.69,MIN_PROFIT_TP_HIT,0.24
1451,TRUMP_USDT,LONG,StochasticRSI(FAST_SCALP-LONG),2,0.2,1.547,1.549,1.549,1.539,2026-07-13 12:59:59 UTC,2026-07-13 13:05:49 UTC,349.06,0.3094,0.0041,0.0,0.0004,0.04,9.7,MIN_PROFIT_TP_HIT,0.2404
1452,TRUMP_USDT,SHORT,StochasticRSI(FAST_SCALP-SHORT),2,0.2,1.546,1.544,1.544,1.554,2026-07-13 13:10:59 UTC,2026-07-13 13:19:19 UTC,499.54,0.3092,0.0041,0.0,0.0004,0.04,9.7,MIN_PROFIT_TP_HIT,0.2408
1453,TRUMP_USDT,LONG,StochasticRSI(FAST_SCALP-LONG),2,0.2,1.545,1.547,1.547,1.537,2026-07-13 13:23:59 UTC,2026-07-13 13:31:42 UTC,462.25,0.309,0.0041,0.0,0.0004,0.04,9.71,MIN_PROFIT_TP_HIT,0.2412
1454,TRUMP_USDT,SHORT,StochasticRSI(FAST_SCALP-SHORT),2,0.2,1.547,1.545,1.545,1.555,2026-07-13 13:37:59 UTC,2026-07-13 13:40:00 UTC,120.44,0.3094,0.0041,0.0,0.0004,0.04,9.7,MIN_PROFIT_TP_HIT,0.2416
1455,TRUMP_USDT,LONG,StochasticRSI(FAST_SCALP-LONG),2,0.2,1.539,1.541,1.541,1.531,2026-07-13 13:45:59 UTC,2026-07-13 13:46:37 UTC,37.97,0.3078,0.0041,0.0,0.0004,0.04,9.75,MIN_PROFIT_TP_HIT,0.242
1456,TRUMP_USDT,SHORT,StochasticRSI(FAST_SCALP-SHORT),2,0.2,1.539,1.537,1.537,1.547,2026-07-13 13:52:59 UTC,2026-07-13 13:53:24 UTC,24.23,0.3078,0.0041,0.0,0.0004,0.04,9.75,MIN_PROFIT_TP_HIT,0.2424
1457,TRUMP_USDT,SHORT,StochasticRSI(FAST_SCALP-SHORT),2,0.2,1.554,1.552,1.552,1.562,2026-07-13 14:13:59 UTC,2026-07-13 14:16:44 UTC,164.63,0.3108,0.0041,0.0,0.0004,0.04,9.65,MIN_PROFIT_TP_HIT,0.2428
1458,TRUMP_USDT,SHORT,StochasticRSI(FAST_SCALP-SHORT),2,0.2,1.556,1.554,1.554,1.564,2026-07-13 14:29:59 UTC,2026-07-13 14:36:09 UTC,369.13,0.3112,0.0041,0.0,0.0004,0.04,9.64,MIN_PROFIT_TP_HIT,0.2432
1459,TRUMP_USDT,LONG,StochasticRSI(FAST_SCALP-LONG),2,0.2,1.559,1.561,1.561,1.551,2026-07-13 14:39:59 UTC,2026-07-13 14:56:40 UTC,1000.07,0.3118,0.0042,0.0,0.0004,0.04,9.62,MIN_PROFIT_TP_HIT,0.2436
1460,TRUMP_USDT,SHORT,StochasticRSI(FAST_SCALP-SHORT),2,0.2,1.562,1.56,1.56,1.57,2026-07-13 15:03:59 UTC,2026-07-13 15:25:54 UTC,1314.36,0.3124,0.0042,0.0,0.0004,0.04,9.6,MIN_PROFIT_TP_HIT,0.244
1461,TRUMP_USDT,LONG,StochasticRSI(FAST_SCALP-LONG),2,0.2,1.552,1.554,1.554,1.544,2026-07-13 15:37:59 UTC,2026-07-13 15:41:00 UTC,180.86,0.3104,0.0041,0.0,0.0004,0.04,9.66,MIN_PROFIT_TP_HIT,0.2444
1462,TRUMP_USDT,SHORT,StochasticRSI(FAST_SCALP-SHORT),2,0.2,1.554,1.552,1.552,1.562,2026-07-13 15:43:59 UTC,2026-07-13 16:19:21 UTC,2121.59,0.3108,0.0041,0.0,0.0004,0.04,9.65,MIN_PROFIT_TP_HIT,0.2448
1463,TRUMP_USDT,LONG,StochasticRSI(FAST_SCALP-LONG),2,0.2,1.551,1.543,1.553,1.543,2026-07-13 16:22:59 UTC,2026-07-13 16:35:30 UTC,750.08,0.3102,0.0041,0.0,-0.0016,-0.15,-38.68,STOP_LOSS_HIT,0.2432
1464,TRUMP_USDT,LONG,StochasticRSI(FAST_SCALP-LONG),2,0.2,1.541,1.543,1.543,1.533,2026-07-13 16:40:59 UTC,2026-07-13 16:41:27 UTC,27.09,0.3082,0.0041,0.0,0.0004,0.04,9.73,MIN_PROFIT_TP_HIT,0.2436
1465,TRUMP_USDT,SHORT,StochasticRSI(FAST_SCALP-SHORT),2,0.2,1.543,1.541,1.541,1.551,2026-07-13 16:47:59 UTC,2026-07-13 16:50:04 UTC,124.44,0.3086,0.0041,0.0,0.0004,0.04,9.72,MIN_PROFIT_TP_HIT,0.244
1466,TRUMP_USDT,LONG,StochasticRSI(FAST_SCALP-LONG),2,0.2,1.538,1.54,1.54,1.53,2026-07-13 16:54:59 UTC,2026-07-13 16:55:40 UTC,40.91,0.3076,0.0041,0.0,0.0004,0.04,9.75,MIN_PROFIT_TP_HIT,0.2444
1467,TRUMP_USDT,SHORT,StochasticRSI(FAST_SCALP-SHORT),2,0.2,1.542,1.54,1.54,1.55,2026-07-13 17:03:59 UTC,2026-07-13 17:04:47 UTC,47.12,0.3084,0.0041,0.0,0.0004,0.04,9.73,MIN_PROFIT_TP_HIT,0.2448
1468,TRUMP_USDT,SHORT,StochasticRSI(FAST_SCALP-SHORT),2,0.2,1.543,1.541,1.541,1.551,2026-07-13 17:12:59 UTC,2026-07-13 17:13:52 UTC,52.28,0.3086,0.0041,0.0,0.0004,0.04,9.72,MIN_PROFIT_TP_HIT,0.2452
1469,TRUMP_USDT,LONG,StochasticRSI(FAST_SCALP-LONG),2,0.2,1.536,1.528,1.538,1.528,2026-07-13 17:22:59 UTC,2026-07-13 17:36:51 UTC,831.94,0.3072,0.0041,0.0,-0.0016,-0.15,-39.06,STOP_LOSS_HIT,0.2436
1470,TRUMP_USDT,SHORT,StochasticRSI(FAST_SCALP-SHORT),2,0.2,1.533,1.531,1.531,1.541,2026-07-13 17:45:59 UTC,2026-07-13 17:46:31 UTC,31.2,0.3066,0.0041,0.0,0.0004,0.04,9.78,MIN_PROFIT_TP_HIT,0.244
1471,TRUMP_USDT,SHORT,StochasticRSI(FAST_SCALP-SHORT),2,0.2,1.53,1.528,1.528,1.538,2026-07-13 17:47:59 UTC,2026-07-13 17:50:41 UTC,161.69,0.306,0.0041,0.0,0.0004,0.04,9.8,MIN_PROFIT_TP_HIT,0.2444
1472,TRUMP_USDT,LONG,StochasticRSI(FAST_SCALP-LONG),2,0.2,1.523,1.525,1.525,1.515,2026-07-13 17:57:59 UTC,2026-07-13 17:58:00 UTC,0.7,0.3046,0.0041,0.0,0.0004,0.04,9.85,MIN_PROFIT_TP_HIT,0.2448
1473,TRUMP_USDT,LONG,StochasticRSI(FAST_SCALP-LONG),2,0.2,1.521,1.523,1.523,1.513,2026-07-13 18:01:59 UTC,2026-07-13 18:02:01 UTC,1.46,0.3042,0.0041,0.0,0.0004,0.04,9.86,MIN_PROFIT_TP_HIT,0.2452
1474,TRUMP_USDT,SHORT,StochasticRSI(FAST_SCALP-SHORT),2,0.2,1.525,1.523,1.523,1.533,2026-07-13 18:07:59 UTC,2026-07-13 18:09:35 UTC,95.66,0.305,0.0041,0.0,0.0004,0.04,9.84,MIN_PROFIT_TP_HIT,0.2456
1475,TRUMP_USDT,LONG,StochasticRSI(FAST_SCALP-LONG),2,0.2,1.522,1.524,1.524,1.514,2026-07-13 18:14:59 UTC,2026-07-13 18:15:09 UTC,9.53,0.3044,0.0041,0.0,0.0004,0.04,9.86,MIN_PROFIT_TP_HIT,0.246
1476,TRUMP_USDT,SHORT,StochasticRSI(FAST_SCALP-SHORT),2,0.2,1.522,1.52,1.52,1.53,2026-07-13 18:19:59 UTC,2026-07-13 18:20:22 UTC,22.42,0.3044,0.0041,0.0,0.0004,0.04,9.86,MIN_PROFIT_TP_HIT,0.2464
1477,TRUMP_USDT,SHORT,StochasticRSI(FAST_SCALP-SHORT),2,0.2,1.524,1.522,1.522,1.532,2026-07-13 18:27:59 UTC,2026-07-13 18:30:12 UTC,132.08,0.3048,0.0041,0.0,0.0004,0.04,9.84,MIN_PROFIT_TP_HIT,0.2468
1478,TRUMP_USDT,LONG,StochasticRSI(FAST_SCALP-LONG),2,0.2,1.523,1.525,1.525,1.515,2026-07-13 18:36:59 UTC,2026-07-13 18:43:59 UTC,419.35,0.3046,0.0041,0.0,0.0004,0.04,9.85,MIN_PROFIT_TP_HIT,0.2472
1479,TRUMP_USDT,SHORT,StochasticRSI(FAST_SCALP-SHORT),2,0.2,1.526,1.524,1.524,1.534,2026-07-13 18:46:59 UTC,2026-07-13 18:54:55 UTC,475.7,0.3052,0.0041,0.0,0.0004,0.04,9.83,MIN_PROFIT_TP_HIT,0.2476
1480,TRUMP_USDT,LONG,StochasticRSI(FAST_SCALP-LONG),2,0.2,1.524,1.526,1.526,1.516,2026-07-13 19:00:59 UTC,2026-07-13 19:02:24 UTC,84.23,0.3048,0.0041,0.0,0.0004,0.04,9.84,MIN_PROFIT_TP_HIT,0.248
1481,TRUMP_USDT,SHORT,StochasticRSI(FAST_SCALP-SHORT),2,0.2,1.526,1.524,1.524,1.534,2026-07-13 19:07:59 UTC,2026-07-13 19:18:25 UTC,625.53,0.3052,0.0041,0.0,0.0004,0.04,9.83,MIN_PROFIT_TP_HIT,0.2484
1482,TRUMP_USDT,LONG,StochasticRSI(FAST_SCALP-LONG),2,0.2,1.525,1.527,1.527,1.517,2026-07-13 19:24:59 UTC,2026-07-13 19:30:10 UTC,310.12,0.305,0.0041,0.0,0.0004,0.04,9.84,MIN_PROFIT_TP_HIT,0.2488
1483,TRUMP_USDT,SHORT,StochasticRSI(FAST_SCALP-SHORT),2,0.2,1.532,1.53,1.53,1.54,2026-07-13 19:36:59 UTC,2026-07-13 20:18:56 UTC,2516.6,0.3064,0.0041,0.0,0.0004,0.04,9.79,MIN_PROFIT_TP_HIT,0.2492
1484,TRUMP_USDT,LONG,StochasticRSI(FAST_SCALP-LONG),2,0.2,1.532,1.534,1.534,1.524,2026-07-13 20:22:59 UTC,2026-07-13 20:23:11 UTC,11.62,0.3064,0.0041,0.0,0.0004,0.04,9.79,MIN_PROFIT_TP_HIT,0.2496
1485,TRUMP_USDT,SHORT,StochasticRSI(FAST_SCALP-SHORT),2,0.2,1.535,1.533,1.533,1.543,2026-07-13 20:27:59 UTC,2026-07-13 20:44:04 UTC,964.71,0.307,0.0041,0.0,0.0004,0.04,9.77,MIN_PROFIT_TP_HIT,0.25
1486,TRUMP_USDT,LONG,StochasticRSI(FAST_SCALP-LONG),2,0.2,1.532,1.534,1.534,1.524,2026-07-13 20:47:59 UTC,2026-07-13 20:55:16 UTC,436.46,0.3064,0.0041,0.0,0.0004,0.04,9.79,MIN_PROFIT_TP_HIT,0.2504
1487,TRUMP_USDT,SHORT,StochasticRSI(FAST_SCALP-SHORT),2,0.2,1.534,1.532,1.532,1.542,2026-07-13 20:57:59 UTC,2026-07-13 21:00:15 UTC,135.43,0.3068,0.0041,0.0,0.0004,0.04,9.78,MIN_PROFIT_TP_HIT,0.2508
1488,TRUMP_USDT,SHORT,StochasticRSI(FAST_SCALP-SHORT),2,0.2,1.533,1.531,1.531,1.541,2026-07-13 21:01:59 UTC,2026-07-13 21:09:23 UTC,443.62,0.3066,0.0041,0.0,0.0004,0.04,9.78,MIN_PROFIT_TP_HIT,0.2512
1489,TRUMP_USDT,LONG,StochasticRSI(FAST_SCALP-LONG),2,0.2,1.53,1.532,1.532,1.522,2026-07-13 21:13:59 UTC,2026-07-13 21:14:05 UTC,5.97,0.306,0.0041,0.0,0.0004,0.04,9.8,MIN_PROFIT_TP_HIT,0.2516
1490,TRUMP_USDT,SHORT,StochasticRSI(FAST_SCALP-SHORT),2,0.2,1.534,1.532,1.532,1.542,2026-07-13 21:24:59 UTC,2026-07-13 21:25:54 UTC,54.14,0.3068,0.0041,0.0,0.0004,0.04,9.78,MIN_PROFIT_TP_HIT,0.252
1491,TRUMP_USDT,LONG,StochasticRSI(FAST_SCALP-LONG),2,0.2,1.53,1.522,1.532,1.522,2026-07-13 21:33:59 UTC,2026-07-13 21:38:11 UTC,251.35,0.306,0.0041,0.0,-0.0016,-0.15,-39.22,STOP_LOSS_HIT,0.2504
1492,TRUMP_USDT,LONG,StochasticRSI(FAST_SCALP-LONG),2,0.2,1.523,1.525,1.525,1.515,2026-07-13 21:43:59 UTC,2026-07-13 21:47:02 UTC,182.42,0.3046,0.0041,0.0,0.0004,0.04,9.85,MIN_PROFIT_TP_HIT,0.2508
1493,TRUMP_USDT,SHORT,StochasticRSI(FAST_SCALP-SHORT),2,0.2,1.524,1.532,1.522,1.532,2026-07-13 21:51:59 UTC,2026-07-13 22:03:16 UTC,677.0,0.3048,0.0041,0.0,-0.0016,-0.15,-39.37,STOP_LOSS_HIT,0.2492
1494,TRUMP_USDT,SHORT,StochasticRSI(FAST_SCALP-SHORT),2,0.2,1.532,1.53,1.53,1.54,2026-07-13 22:05:59 UTC,2026-07-13 22:06:56 UTC,56.77,0.3064,0.0041,0.0,0.0004,0.04,9.79,MIN_PROFIT_TP_HIT,0.2496
1495,TRUMP_USDT,LONG,StochasticRSI(FAST_SCALP-LONG),2,0.2,1.532,1.534,1.534,1.524,2026-07-13 22:13:59 UTC,2026-07-13 22:16:02 UTC,122.92,0.3064,0.0041,0.0,0.0004,0.04,9.79,MIN_PROFIT_TP_HIT,0.25
1496,TRUMP_USDT,SHORT,StochasticRSI(FAST_SCALP-SHORT),2,0.2,1.536,1.534,1.534,1.544,2026-07-13 22:20:59 UTC,2026-07-13 22:21:03 UTC,3.3,0.3072,0.0041,0.0,0.0004,0.04,9.77,MIN_PROFIT_TP_HIT,0.2504
1497,TRUMP_USDT,SHORT,StochasticRSI(FAST_SCALP-SHORT),2,0.2,1.534,1.532,1.532,1.542,2026-07-13 22:22:59 UTC,2026-07-13 22:23:04 UTC,4.77,0.3068,0.0041,0.0,0.0004,0.04,9.78,MIN_PROFIT_TP_HIT,0.2508
1498,TRUMP_USDT,LONG,StochasticRSI(FAST_SCALP-LONG),2,0.2,1.534,1.536,1.536,1.526,2026-07-13 22:27:59 UTC,2026-07-13 22:28:04 UTC,4.04,0.3068,0.0041,0.0,0.0004,0.04,9.78,MIN_PROFIT_TP_HIT,0.2512
1499,TRUMP_USDT,LONG,StochasticRSI(FAST_SCALP-LONG),2,0.2,1.533,1.535,1.535,1.525,2026-07-13 22:36:59 UTC,2026-07-13 22:43:57 UTC,417.6,0.3066,0.0041,0.0,0.0004,0.04,9.78,MIN_PROFIT_TP_HIT,0.2516
1500,TRUMP_USDT,SHORT,StochasticRSI(FAST_SCALP-SHORT),2,0.2,1.535,1.533,1.533,1.543,2026-07-13 22:48:59 UTC,2026-07-13 22:51:25 UTC,145.39,0.307,0.0041,0.0,0.0004,0.04,9.77,MIN_PROFIT_TP_HIT,0.252
1501,TRUMP_USDT,LONG,StochasticRSI(FAST_SCALP-LONG),2,0.2,1.534,1.536,1.536,1.526,2026-07-13 22:56:59 UTC,2026-07-13 23:19:32 UTC,1352.86,0.3068,0.0041,0.0,0.0004,0.04,9.78,MIN_PROFIT_TP_HIT,0.2524
1502,TRUMP_USDT,SHORT,StochasticRSI(FAST_SCALP-SHORT),2,0.2,1.534,1.542,1.532,1.542,2026-07-13 23:23:59 UTC,2026-07-13 23:47:28 UTC,1408.95,0.3068,0.0041,0.0,-0.0016,-0.15,-39.11,STOP_LOSS_HIT,0.2508
1503,TRUMP_USDT,SHORT,StochasticRSI(FAST_SCALP-SHORT),2,0.2,1.543,1.541,1.541,1.551,2026-07-13 23:56:59 UTC,2026-07-14 00:06:08 UTC,548.38,0.3086,0.0041,0.0,0.0004,0.04,9.72,MIN_PROFIT_TP_HIT,0.2512
1504,TRUMP_USDT,LONG,StochasticRSI(FAST_SCALP-LONG),2,0.2,1.544,1.546,1.546,1.536,2026-07-14 00:09:59 UTC,2026-07-14 00:10:22 UTC,22.89,0.3088,0.0041,0.0,0.0004,0.04,9.72,MIN_PROFIT_TP_HIT,0.2516
1505,TRUMP_USDT,SHORT,StochasticRSI(FAST_SCALP-SHORT),2,0.2,1.546,1.544,1.544,1.554,2026-07-14 00:15:59 UTC,2026-07-14 00:16:43 UTC,43.14,0.3092,0.0041,0.0,0.0004,0.04,9.7,MIN_PROFIT_TP_HIT,0.252
1506,TRUMP_USDT,SHORT,StochasticRSI(FAST_SCALP-SHORT),2,0.2,1.546,1.544,1.544,1.554,2026-07-14 00:29:59 UTC,2026-07-14 00:36:20 UTC,380.26,0.3092,0.0041,0.0,0.0004,0.04,9.7,MIN_PROFIT_TP_HIT,0.2524
1507,TRUMP_USDT,LONG,StochasticRSI(FAST_SCALP-LONG),2,0.2,1.542,1.544,1.544,1.534,2026-07-14 00:41:59 UTC,2026-07-14 00:45:43 UTC,223.41,0.3084,0.0041,0.0,0.0004,0.04,9.73,MIN_PROFIT_TP_HIT,0.2528
1508,TRUMP_USDT,LONG,StochasticRSI(FAST_SCALP-LONG),2,0.2,1.544,1.546,1.546,1.536,2026-07-14 00:46:59 UTC,2026-07-14 00:49:00 UTC,120.19,0.3088,0.0041,0.0,0.0004,0.04,9.72,MIN_PROFIT_TP_HIT,0.2532
1509,TRUMP_USDT,SHORT,StochasticRSI(FAST_SCALP-SHORT),2,0.2,1.547,1.545,1.545,1.555,2026-07-14 00:53:59 UTC,2026-07-14 01:20:48 UTC,1608.16,0.3094,0.0041,0.0,0.0004,0.04,9.7,MIN_PROFIT_TP_HIT,0.2536
1510,TRUMP_USDT,LONG,StochasticRSI(FAST_SCALP-LONG),2,0.2,1.547,1.539,1.549,1.539,2026-07-14 01:24:59 UTC,2026-07-14 02:12:17 UTC,2837.38,0.3094,0.0041,0.0,-0.0016,-0.15,-38.78,STOP_LOSS_HIT,0.252
1511,TRUMP_USDT,LONG,StochasticRSI(FAST_SCALP-LONG),2,0.2,1.539,1.531,1.541,1.531,2026-07-14 02:14:59 UTC,2026-07-14 03:08:24 UTC,3204.17,0.3078,0.0041,0.0,-0.0016,-0.15,-38.99,STOP_LOSS_HIT,0.2504
1512,TRUMP_USDT,SHORT,StochasticRSI(FAST_SCALP-SHORT),2,0.2,1.533,1.531,1.531,1.541,2026-07-14 03:09:59 UTC,2026-07-14 03:10:35 UTC,35.3,0.3066,0.0041,0.0,0.0004,0.04,9.78,MIN_PROFIT_TP_HIT,0.2508
1513,TRUMP_USDT,LONG,StochasticRSI(FAST_SCALP-LONG),2,0.2,1.53,1.532,1.532,1.522,2026-07-14 03:16:59 UTC,2026-07-14 03:29:41 UTC,761.79,0.306,0.0041,0.0,0.0004,0.04,9.8,MIN_PROFIT_TP_HIT,0.2512
1514,TRUMP_USDT,SHORT,StochasticRSI(FAST_SCALP-SHORT),2,0.2,1.532,1.54,1.53,1.54,2026-07-14 03:33:59 UTC,2026-07-14 04:27:12 UTC,3192.55,0.3064,0.0041,0.0,-0.0016,-0.15,-39.16,STOP_LOSS_HIT,0.2496
1515,TRUMP_USDT,LONG,StochasticRSI(FAST_SCALP-LONG),2,0.2,1.539,1.541,1.541,1.531,2026-07-14 04:33:59 UTC,2026-07-14 04:36:25 UTC,145.98,0.3078,0.0041,0.0,0.0004,0.04,9.75,MIN_PROFIT_TP_HIT,0.25
1516,TRUMP_USDT,SHORT,StochasticRSI(FAST_SCALP-SHORT),2,0.2,1.54,1.538,1.538,1.548,2026-07-14 04:39:59 UTC,2026-07-14 04:44:35 UTC,275.58,0.308,0.0041,0.0,0.0004,0.04,9.74,MIN_PROFIT_TP_HIT,0.2504
1517,TRUMP_USDT,LONG,StochasticRSI(FAST_SCALP-LONG),2,0.2,1.539,1.531,1.541,1.531,2026-07-14 04:52:59 UTC,2026-07-14 05:05:18 UTC,738.39,0.3078,0.0041,0.0,-0.0016,-0.15,-38.99,STOP_LOSS_HIT,0.2488
1518,TRUMP_USDT,LONG,StochasticRSI(FAST_SCALP-LONG),2,0.2,1.533,1.535,1.535,1.525,2026-07-14 05:07:59 UTC,2026-07-14 05:08:37 UTC,37.87,0.3066,0.0041,0.0,0.0004,0.04,9.78,MIN_PROFIT_TP_HIT,0.2492
1519,TRUMP_USDT,SHORT,StochasticRSI(FAST_SCALP-SHORT),2,0.2,1.533,1.531,1.531,1.541,2026-07-14 05:12:59 UTC,2026-07-14 05:23:15 UTC,615.49,0.3066,0.0041,0.0,0.0004,0.04,9.78,MIN_PROFIT_TP_HIT,0.2496
1520,TRUMP_USDT,SHORT,StochasticRSI(FAST_SCALP-SHORT),2,0.2,1.533,1.531,1.531,1.541,2026-07-14 05:24:59 UTC,2026-07-14 05:43:41 UTC,1121.67,0.3066,0.0041,0.0,0.0004,0.04,9.78,MIN_PROFIT_TP_HIT,0.25
1521,TRUMP_USDT,LONG,StochasticRSI(FAST_SCALP-LONG),2,0.2,1.529,1.531,1.531,1.521,2026-07-14 05:48:59 UTC,2026-07-14 05:49:30 UTC,30.18,0.3058,0.0041,0.0,0.0004,0.04,9.81,MIN_PROFIT_TP_HIT,0.2504
1522,TRUMP_USDT,SHORT,StochasticRSI(FAST_SCALP-SHORT),2,0.2,1.534,1.532,1.532,1.542,2026-07-14 05:56:59 UTC,2026-07-14 06:03:40 UTC,400.57,0.3068,0.0041,0.0,0.0004,0.04,9.78,MIN_PROFIT_TP_HIT,0.2508
1523,TRUMP_USDT,LONG,StochasticRSI(FAST_SCALP-LONG),2,0.2,1.533,1.535,1.535,1.525,2026-07-14 06:09:59 UTC,2026-07-14 06:10:05 UTC,5.33,0.3066,0.0041,0.0,0.0004,0.04,9.78,MIN_PROFIT_TP_HIT,0.2512
1524,TRUMP_USDT,SHORT,StochasticRSI(FAST_SCALP-SHORT),2,0.2,1.539,1.537,1.537,1.547,2026-07-14 06:15:59 UTC,2026-07-14 06:28:18 UTC,738.06,0.3078,0.0041,0.0,0.0004,0.04,9.75,MIN_PROFIT_TP_HIT,0.2516
1525,TRUMP_USDT,LONG,StochasticRSI(FAST_SCALP-LONG),2,0.2,1.54,1.532,1.542,1.532,2026-07-14 06:31:59 UTC,2026-07-14 07:06:55 UTC,2095.77,0.308,0.0041,0.0,-0.0016,-0.15,-38.96,STOP_LOSS_HIT,0.25
1526,TRUMP_USDT,LONG,StochasticRSI(FAST_SCALP-LONG),2,0.2,1.532,1.534,1.534,1.524,2026-07-14 07:09:59 UTC,2026-07-14 07:21:02 UTC,662.85,0.3064,0.0041,0.0,0.0004,0.04,9.79,MIN_PROFIT_TP_HIT,0.2504
1527,TRUMP_USDT,SHORT,StochasticRSI(FAST_SCALP-SHORT),2,0.2,1.536,1.534,1.534,1.544,2026-07-14 07:28:59 UTC,2026-07-14 07:31:57 UTC,177.61,0.3072,0.0041,0.0,0.0004,0.04,9.77,MIN_PROFIT_TP_HIT,0.2508
1528,TRUMP_USDT,LONG,StochasticRSI(FAST_SCALP-LONG),2,0.2,1.532,1.534,1.534,1.524,2026-07-14 07:35:59 UTC,2026-07-14 07:36:08 UTC,8.23,0.3064,0.0041,0.0,0.0004,0.04,9.79,MIN_PROFIT_TP_HIT,0.2512
1529,TRUMP_USDT,LONG,StochasticRSI(FAST_SCALP-LONG),2,0.2,1.532,1.534,1.534,1.524,2026-07-14 07:37:59 UTC,2026-07-14 07:39:30 UTC,90.71,0.3064,0.0041,0.0,0.0004,0.04,9.79,MIN_PROFIT_TP_HIT,0.2516
1530,TRUMP_USDT,LONG,StochasticRSI(FAST_SCALP-LONG),2,0.2,1.533,1.535,1.535,1.525,2026-07-14 07:50:59 UTC,2026-07-14 08:05:07 UTC,847.7,0.3066,0.0041,0.0,0.0004,0.04,9.78,MIN_PROFIT_TP_HIT,0.252
1531,TRUMP_USDT,SHORT,StochasticRSI(FAST_SCALP-SHORT),2,0.2,1.531,1.529,1.529,1.539,2026-07-14 08:08:59 UTC,2026-07-14 08:30:02 UTC,1262.99,0.3062,0.0041,0.0,0.0004,0.04,9.8,MIN_PROFIT_TP_HIT,0.2524
1532,TRUMP_USDT,LONG,StochasticRSI(FAST_SCALP-LONG),2,0.2,1.524,1.516,1.526,1.516,2026-07-14 08:39:59 UTC,2026-07-14 08:48:22 UTC,502.09,0.3048,0.0041,0.0,-0.0016,-0.15,-39.37,STOP_LOSS_HIT,0.2508
1533,TRUMP_USDT,SHORT,StochasticRSI(FAST_SCALP-SHORT),2,0.2,1.521,1.519,1.519,1.529,2026-07-14 08:54:59 UTC,2026-07-14 08:56:32 UTC,92.06,0.3042,0.0041,0.0,0.0004,0.04,9.86,MIN_PROFIT_TP_HIT,0.2512
1534,TRUMP_USDT,SHORT,StochasticRSI(FAST_SCALP-SHORT),2,0.2,1.52,1.518,1.518,1.528,2026-07-14 08:57:59 UTC,2026-07-14 09:37:26 UTC,2366.64,0.304,0.0041,0.0,0.0004,0.04,9.87,MIN_PROFIT_TP_HIT,0.2516
1535,TRUMP_USDT,LONG,StochasticRSI(FAST_SCALP-LONG),2,0.2,1.521,1.523,1.523,1.513,2026-07-14 09:40:59 UTC,2026-07-14 09:43:59 UTC,179.93,0.3042,0.0041,0.0,0.0004,0.04,9.86,MIN_PROFIT_TP_HIT,0.252
1536,TRUMP_USDT,SHORT,StochasticRSI(FAST_SCALP-SHORT),2,0.2,1.523,1.531,1.521,1.531,2026-07-14 09:53:59 UTC,2026-07-14 11:25:28 UTC,5488.96,0.3046,0.0041,0.0,-0.0016,-0.15,-39.4,STOP_LOSS_HIT,0.2504
1537,TRUMP_USDT,SHORT,StochasticRSI(FAST_SCALP-SHORT),2,0.2,1.531,1.529,1.529,1.539,2026-07-14 11:36:59 UTC,2026-07-14 11:37:37 UTC,37.7,0.3062,0.0041,0.0,0.0004,0.04,9.8,MIN_PROFIT_TP_HIT,0.2508
1538,TRUMP_USDT,LONG,StochasticRSI(FAST_SCALP-LONG),2,0.2,1.529,1.531,1.531,1.521,2026-07-14 11:42:59 UTC,2026-07-14 12:03:49 UTC,1249.98,0.3058,0.0041,0.0,0.0004,0.04,9.81,MIN_PROFIT_TP_HIT,0.2512
1539,TRUMP_USDT,LONG,StochasticRSI(FAST_SCALP-LONG),2,0.2,1.526,1.528,1.528,1.518,2026-07-14 12:13:59 UTC,2026-07-14 12:19:07 UTC,307.76,0.3052,0.0041,0.0,0.0004,0.04,9.83,MIN_PROFIT_TP_HIT,0.2516
1540,TRUMP_USDT,SHORT,StochasticRSI(FAST_SCALP-SHORT),2,0.2,1.53,1.528,1.528,1.538,2026-07-14 12:22:59 UTC,2026-07-14 12:23:49 UTC,49.17,0.306,0.0041,0.0,0.0004,0.04,9.8,MIN_PROFIT_TP_HIT,0.252
1541,TRUMP_USDT,SHORT,StochasticRSI(FAST_SCALP-SHORT),2,0.2,1.531,1.529,1.529,1.539,2026-07-14 12:24:59 UTC,2026-07-14 12:28:13 UTC,193.44,0.3062,0.0041,0.0,0.0004,0.04,9.8,MIN_PROFIT_TP_HIT,0.2524
1542,TRUMP_USDT,SHORT,StochasticRSI(FAST_SCALP-SHORT),2,0.2,1.54,1.538,1.538,1.548,2026-07-14 12:35:59 UTC,2026-07-14 12:36:31 UTC,31.06,0.308,0.0041,0.0,0.0004,0.04,9.74,MIN_PROFIT_TP_HIT,0.2528
1543,TRUMP_USDT,LONG,StochasticRSI(FAST_SCALP-LONG),2,0.2,1.541,1.543,1.543,1.533,2026-07-14 12:43:59 UTC,2026-07-14 12:45:22 UTC,82.03,0.3082,0.0041,0.0,0.0004,0.04,9.73,MIN_PROFIT_TP_HIT,0.2532
1544,TRUMP_USDT,SHORT,StochasticRSI(FAST_SCALP-SHORT),2,0.2,1.545,1.543,1.543,1.553,2026-07-14 12:49:59 UTC,2026-07-14 12:51:33 UTC,93.52,0.309,0.0041,0.0,0.0004,0.04,9.71,MIN_PROFIT_TP_HIT,0.2536
1545,TRUMP_USDT,LONG,StochasticRSI(FAST_SCALP-LONG),2,0.2,1.548,1.55,1.55,1.54,2026-07-14 12:56:59 UTC,2026-07-14 12:58:17 UTC,77.46,0.3096,0.0041,0.0,0.0004,0.04,9.69,MIN_PROFIT_TP_HIT,0.254
1546,TRUMP_USDT,SHORT,StochasticRSI(FAST_SCALP-SHORT),2,0.2,1.549,1.547,1.547,1.557,2026-07-14 13:01:59 UTC,2026-07-14 13:03:00 UTC,60.12,0.3098,0.0041,0.0,0.0004,0.04,9.68,MIN_PROFIT_TP_HIT,0.2544
1547,TRUMP_USDT,LONG,StochasticRSI(FAST_SCALP-LONG),2,0.2,1.543,1.545,1.545,1.535,2026-07-14 13:07:59 UTC,2026-07-14 13:16:33 UTC,513.76,0.3086,0.0041,0.0,0.0004,0.04,9.72,MIN_PROFIT_TP_HIT,0.2548
1548,TRUMP_USDT,SHORT,StochasticRSI(FAST_SCALP-SHORT),2,0.2,1.556,1.554,1.554,1.564,2026-07-14 13:27:59 UTC,2026-07-14 13:28:22 UTC,22.32,0.3112,0.0041,0.0,0.0004,0.04,9.64,MIN_PROFIT_TP_HIT,0.2552
1549,TRUMP_USDT,LONG,StochasticRSI(FAST_SCALP-LONG),2,0.2,1.554,1.556,1.556,1.546,2026-07-14 13:35:59 UTC,2026-07-14 13:37:44 UTC,104.63,0.3108,0.0041,0.0,0.0004,0.04,9.65,MIN_PROFIT_TP_HIT,0.2556
1550,TRUMP_USDT,SHORT,StochasticRSI(FAST_SCALP-SHORT),2,0.2,1.554,1.552,1.552,1.562,2026-07-14 13:41:59 UTC,2026-07-14 13:42:36 UTC,36.22,0.3108,0.0041,0.0,0.0004,0.04,9.65,MIN_PROFIT_TP_HIT,0.256
1551,TRUMP_USDT,LONG,StochasticRSI(FAST_SCALP-LONG),2,0.2,1.549,1.541,1.551,1.541,2026-07-14 13:50:59 UTC,2026-07-14 14:03:42 UTC,762.88,0.3098,0.0041,0.0,-0.0016,-0.15,-38.73,STOP_LOSS_HIT,0.2544
1552,TRUMP_USDT,LONG,StochasticRSI(FAST_SCALP-LONG),2,0.2,1.541,1.543,1.543,1.533,2026-07-14 14:06:59 UTC,2026-07-14 14:07:04 UTC,4.75,0.3082,0.0041,0.0,0.0004,0.04,9.73,MIN_PROFIT_TP_HIT,0.2548
1553,TRUMP_USDT,SHORT,StochasticRSI(FAST_SCALP-SHORT),2,0.2,1.544,1.542,1.542,1.552,2026-07-14 14:11:59 UTC,2026-07-14 14:14:18 UTC,138.34,0.3088,0.0041,0.0,0.0004,0.04,9.72,MIN_PROFIT_TP_HIT,0.2552
1554,TRUMP_USDT,SHORT,StochasticRSI(FAST_SCALP-SHORT),2,0.2,1.542,1.54,1.54,1.55,2026-07-14 14:16:59 UTC,2026-07-14 14:31:25 UTC,865.19,0.3084,0.0041,0.0,0.0004,0.04,9.73,MIN_PROFIT_TP_HIT,0.2556
1555,TRUMP_USDT,LONG,StochasticRSI(FAST_SCALP-LONG),2,0.2,1.545,1.547,1.547,1.537,2026-07-14 14:35:59 UTC,2026-07-14 14:59:36 UTC,1416.96,0.309,0.0041,0.0,0.0004,0.04,9.71,MIN_PROFIT_TP_HIT,0.256
1556,TRUMP_USDT,SHORT,StochasticRSI(FAST_SCALP-SHORT),2,0.2,1.548,1.546,1.546,1.556,2026-07-14 15:03:59 UTC,2026-07-14 15:05:42 UTC,102.79,0.3096,0.0041,0.0,0.0004,0.04,9.69,MIN_PROFIT_TP_HIT,0.2564
1557,TRUMP_USDT,LONG,StochasticRSI(FAST_SCALP-LONG),2,0.2,1.548,1.55,1.55,1.54,2026-07-14 15:09:59 UTC,2026-07-14 15:11:33 UTC,93.49,0.3096,0.0041,0.0,0.0004,0.04,9.69,MIN_PROFIT_TP_HIT,0.2568
1558,TRUMP_USDT,SHORT,StochasticRSI(FAST_SCALP-SHORT),2,0.2,1.549,1.557,1.547,1.557,2026-07-14 15:14:59 UTC,2026-07-14 15:31:56 UTC,1016.82,0.3098,0.0041,0.0,-0.0016,-0.15,-38.73,STOP_LOSS_HIT,0.2552
1559,TRUMP_USDT,SHORT,StochasticRSI(FAST_SCALP-SHORT),2,0.2,1.558,1.556,1.556,1.566,2026-07-14 15:34:59 UTC,2026-07-14 15:38:50 UTC,230.11,0.3116,0.0042,0.0,0.0004,0.04,9.63,MIN_PROFIT_TP_HIT,0.2556
1560,TRUMP_USDT,SHORT,StochasticRSI(FAST_SCALP-SHORT),2,0.2,1.557,1.555,1.555,1.565,2026-07-14 15:39:59 UTC,2026-07-14 15:40:10 UTC,10.58,0.3114,0.0042,0.0,0.0004,0.04,9.63,MIN_PROFIT_TP_HIT,0.256
1561,TRUMP_USDT,LONG,StochasticRSI(FAST_SCALP-LONG),2,0.2,1.557,1.559,1.559,1.549,2026-07-14 15:43:59 UTC,2026-07-14 15:46:20 UTC,140.5,0.3114,0.0042,0.0,0.0004,0.04,9.63,MIN_PROFIT_TP_HIT,0.2564
1562,TRUMP_USDT,LONG,StochasticRSI(FAST_SCALP-LONG),2,0.2,1.551,1.553,1.553,1.543,2026-07-14 15:54:59 UTC,2026-07-14 15:55:17 UTC,17.22,0.3102,0.0041,0.0,0.0004,0.04,9.67,MIN_PROFIT_TP_HIT,0.2568
1563,TRUMP_USDT,LONG,StochasticRSI(FAST_SCALP-LONG),2,0.2,1.549,1.551,1.551,1.541,2026-07-14 16:01:59 UTC,2026-07-14 16:02:17 UTC,17.8,0.3098,0.0041,0.0,0.0004,0.04,9.68,MIN_PROFIT_TP_HIT,0.2572
1564,TRUMP_USDT,SHORT,StochasticRSI(FAST_SCALP-SHORT),2,0.2,1.554,1.552,1.552,1.562,2026-07-14 16:12:59 UTC,2026-07-14 16:15:10 UTC,130.06,0.3108,0.0041,0.0,0.0004,0.04,9.65,MIN_PROFIT_TP_HIT,0.2576
1565,TRUMP_USDT,LONG,StochasticRSI(FAST_SCALP-LONG),2,0.2,1.554,1.556,1.556,1.546,2026-07-14 16:19:59 UTC,2026-07-14 16:31:03 UTC,663.46,0.3108,0.0041,0.0,0.0004,0.04,9.65,MIN_PROFIT_TP_HIT,0.258
1566,TRUMP_USDT,SHORT,StochasticRSI(FAST_SCALP-SHORT),2,0.2,1.556,1.564,1.554,1.564,2026-07-14 16:34:59 UTC,2026-07-14 16:52:09 UTC,1029.35,0.3112,0.0041,0.0,-0.0016,-0.15,-38.56,STOP_LOSS_HIT,0.2564
1567,TRUMP_USDT,SHORT,StochasticRSI(FAST_SCALP-SHORT),2,0.2,1.565,1.563,1.563,1.573,2026-07-14 16:56:59 UTC,2026-07-14 16:58:02 UTC,62.87,0.313,0.0042,0.0,0.0004,0.04,9.58,MIN_PROFIT_TP_HIT,0.2568
1568,TRUMP_USDT,LONG,StochasticRSI(FAST_SCALP-LONG),2,0.2,1.567,1.559,1.569,1.559,2026-07-14 17:02:59 UTC,2026-07-14 17:11:25 UTC,505.17,0.3134,0.0042,0.0,-0.0016,-0.15,-38.29,STOP_LOSS_HIT,0.2552
1569,TRUMP_USDT,SHORT,StochasticRSI(FAST_SCALP-SHORT),2,0.2,1.561,1.569,1.559,1.569,2026-07-14 17:19:59 UTC,2026-07-14 17:26:57 UTC,417.02,0.3122,0.0042,0.0,-0.0016,-0.15,-38.44,STOP_LOSS_HIT,0.2536
1570,TRUMP_USDT,SHORT,StochasticRSI(FAST_SCALP-SHORT),2,0.2,1.566,1.564,1.564,1.574,2026-07-14 17:28:59 UTC,2026-07-14 17:32:38 UTC,218.36,0.3132,0.0042,0.0,0.0004,0.04,9.58,MIN_PROFIT_TP_HIT,0.254
1571,TRUMP_USDT,LONG,StochasticRSI(FAST_SCALP-LONG),2,0.2,1.566,1.568,1.568,1.558,2026-07-14 17:36:59 UTC,2026-07-14 17:42:41 UTC,341.87,0.3132,0.0042,0.0,0.0004,0.04,9.58,MIN_PROFIT_TP_HIT,0.2544
1572,TRUMP_USDT,SHORT,StochasticRSI(FAST_SCALP-SHORT),2,0.2,1.566,1.564,1.564,1.574,2026-07-14 17:45:59 UTC,2026-07-14 17:47:09 UTC,69.42,0.3132,0.0042,0.0,0.0004,0.04,9.58,MIN_PROFIT_TP_HIT,0.2548
1573,TRUMP_USDT,SHORT,StochasticRSI(FAST_SCALP-SHORT),2,0.2,1.565,1.563,1.563,1.573,2026-07-14 17:48:59 UTC,2026-07-14 18:02:14 UTC,794.2,0.313,0.0042,0.0,0.0004,0.04,9.58,MIN_PROFIT_TP_HIT,0.2552
1574,TRUMP_USDT,LONG,StochasticRSI(FAST_SCALP-LONG),2,0.2,1.56,1.552,1.562,1.552,2026-07-14 18:05:59 UTC,2026-07-14 19:09:19 UTC,3799.33,0.312,0.0042,0.0,-0.0016,-0.15,-38.46,STOP_LOSS_HIT,0.2536
1575,TRUMP_USDT,LONG,StochasticRSI(FAST_SCALP-LONG),2,0.2,1.552,1.554,1.554,1.544,2026-07-14 19:11:59 UTC,2026-07-14 19:12:52 UTC,52.94,0.3104,0.0041,0.0,0.0004,0.04,9.66,MIN_PROFIT_TP_HIT,0.254
1576,TRUMP_USDT,SHORT,StochasticRSI(FAST_SCALP-SHORT),2,0.2,1.561,1.559,1.559,1.569,2026-07-14 19:18:59 UTC,2026-07-14 19:30:00 UTC,660.7,0.3122,0.0042,0.0,0.0004,0.04,9.61,MIN_PROFIT_TP_HIT,0.2544
1577,TRUMP_USDT,LONG,StochasticRSI(FAST_SCALP-LONG),2,0.2,1.557,1.559,1.559,1.549,2026-07-14 19:33:59 UTC,2026-07-14 19:34:02 UTC,2.77,0.3114,0.0042,0.0,0.0004,0.04,9.63,MIN_PROFIT_TP_HIT,0.2548
1578,TRUMP_USDT,SHORT,StochasticRSI(FAST_SCALP-SHORT),2,0.2,1.559,1.557,1.557,1.567,2026-07-14 19:49:59 UTC,2026-07-14 19:50:00 UTC,0.11,0.3118,0.0042,0.0,0.0004,0.04,9.62,MIN_PROFIT_TP_HIT,0.2552
1579,TRUMP_USDT,LONG,StochasticRSI(FAST_SCALP-LONG),2,0.2,1.558,1.55,1.56,1.55,2026-07-14 19:55:59 UTC,2026-07-14 20:23:51 UTC,1671.9,0.3116,0.0042,0.0,-0.0016,-0.15,-38.51,STOP_LOSS_HIT,0.2536
1580,TRUMP_USDT,SHORT,StochasticRSI(FAST_SCALP-SHORT),2,0.2,1.552,1.56,1.55,1.56,2026-07-14 20:28:59 UTC,2026-07-14 21:08:49 UTC,2389.08,0.3104,0.0041,0.0,-0.0016,-0.15,-38.66,STOP_LOSS_HIT,0.252
1581,TRUMP_USDT,SHORT,StochasticRSI(FAST_SCALP-SHORT),2,0.2,1.558,1.556,1.556,1.566,2026-07-14 21:12:59 UTC,2026-07-14 21:51:03 UTC,2283.97,0.3116,0.0042,0.0,0.0004,0.04,9.63,MIN_PROFIT_TP_HIT,0.2524
1582,TRUMP_USDT,LONG,StochasticRSI(FAST_SCALP-LONG),2,0.2,1.556,1.548,1.558,1.548,2026-07-14 21:54:59 UTC,2026-07-14 22:01:42 UTC,402.7,0.3112,0.0041,0.0,-0.0016,-0.15,-38.56,STOP_LOSS_HIT,0.2508
1583,TRUMP_USDT,LONG,StochasticRSI(FAST_SCALP-LONG),2,0.2,1.548,1.55,1.55,1.54,2026-07-14 22:16:59 UTC,2026-07-14 22:19:26 UTC,146.91,0.3096,0.0041,0.0,0.0004,0.04,9.69,MIN_PROFIT_TP_HIT,0.2512
1584,TRUMP_USDT,SHORT,StochasticRSI(FAST_SCALP-SHORT),2,0.2,1.553,1.561,1.551,1.561,2026-07-14 22:23:59 UTC,2026-07-14 22:38:29 UTC,869.86,0.3106,0.0041,0.0,-0.0016,-0.15,-38.63,STOP_LOSS_HIT,0.2496
1585,TRUMP_USDT,LONG,StochasticRSI(FAST_SCALP-LONG),2,0.2,1.559,1.561,1.561,1.551,2026-07-14 22:49:59 UTC,2026-07-14 23:42:22 UTC,3142.07,0.3118,0.0042,0.0,0.0004,0.04,9.62,MIN_PROFIT_TP_HIT,0.25
1586,TRUMP_USDT,SHORT,StochasticRSI(FAST_SCALP-SHORT),2,0.2,1.558,1.556,1.556,1.566,2026-07-14 23:43:59 UTC,2026-07-15 00:00:23 UTC,983.31,0.3116,0.0042,0.0,0.0004,0.04,9.63,MIN_PROFIT_TP_HIT,0.2504
1587,TRUMP_USDT,SHORT,StochasticRSI(FAST_SCALP-SHORT),2,0.2,1.562,1.56,1.56,1.57,2026-07-15 00:12:59 UTC,2026-07-15 00:14:14 UTC,74.41,0.3124,0.0042,0.0,0.0004,0.04,9.6,MIN_PROFIT_TP_HIT,0.2508
1588,TRUMP_USDT,SHORT,StochasticRSI(FAST_SCALP-SHORT),2,0.2,1.562,1.57,1.56,1.57,2026-07-15 00:22:59 UTC,2026-07-15 00:26:28 UTC,208.05,0.3124,0.0042,0.0,-0.0016,-0.15,-38.41,STOP_LOSS_HIT,0.2492
1589,TRUMP_USDT,SHORT,StochasticRSI(FAST_SCALP-SHORT),2,0.2,1.565,1.573,1.563,1.573,2026-07-15 00:29:59 UTC,2026-07-15 01:18:18 UTC,2898.65,0.313,0.0042,0.0,-0.0016,-0.15,-38.34,STOP_LOSS_HIT,0.2476
1590,TRUMP_USDT,LONG,StochasticRSI(FAST_SCALP-LONG),2,0.2,1.569,1.571,1.571,1.561,2026-07-15 01:40:59 UTC,2026-07-15 01:44:36 UTC,216.19,0.3138,0.0042,0.0,0.0004,0.04,9.56,MIN_PROFIT_TP_HIT,0.248
1591,TRUMP_USDT,SHORT,StochasticRSI(FAST_SCALP-SHORT),2,0.2,1.572,1.57,1.57,1.58,2026-07-15 01:51:59 UTC,2026-07-15 01:53:07 UTC,67.38,0.3144,0.0042,0.0,0.0004,0.04,9.54,MIN_PROFIT_TP_HIT,0.2484
1592,TRUMP_USDT,LONG,StochasticRSI(FAST_SCALP-LONG),2,0.2,1.566,1.568,1.568,1.558,2026-07-15 02:01:59 UTC,2026-07-15 02:03:05 UTC,65.12,0.3132,0.0042,0.0,0.0004,0.04,9.58,MIN_PROFIT_TP_HIT,0.2488
1593,TRUMP_USDT,LONG,StochasticRSI(FAST_SCALP-LONG),2,0.2,1.566,1.558,1.568,1.558,2026-07-15 02:04:59 UTC,2026-07-15 02:19:14 UTC,854.09,0.3132,0.0042,0.0,-0.0016,-0.15,-38.31,STOP_LOSS_HIT,0.2472
1594,TRUMP_USDT,LONG,StochasticRSI(FAST_SCALP-LONG),2,0.2,1.555,1.557,1.557,1.547,2026-07-15 02:23:59 UTC,2026-07-15 02:26:47 UTC,167.52,0.311,0.0041,0.0,0.0004,0.04,9.65,MIN_PROFIT_TP_HIT,0.2476
1595,TRUMP_USDT,SHORT,StochasticRSI(FAST_SCALP-SHORT),2,0.2,1.556,1.554,1.554,1.564,2026-07-15 02:33:59 UTC,2026-07-15 02:40:13 UTC,373.58,0.3112,0.0041,0.0,0.0004,0.04,9.64,MIN_PROFIT_TP_HIT,0.248
1596,TRUMP_USDT,LONG,StochasticRSI(FAST_SCALP-LONG),2,0.2,1.556,1.558,1.558,1.548,2026-07-15 02:45:59 UTC,2026-07-15 03:11:10 UTC,1510.41,0.3112,0.0041,0.0,0.0004,0.04,9.64,MIN_PROFIT_TP_HIT,0.2484
1597,TRUMP_USDT,SHORT,StochasticRSI(FAST_SCALP-SHORT),2,0.2,1.557,1.565,1.555,1.565,2026-07-15 03:12:59 UTC,2026-07-15 03:33:25 UTC,1225.65,0.3114,0.0042,0.0,-0.0016,-0.15,-38.54,STOP_LOSS_HIT,0.2468
1598,TRUMP_USDT,LONG,StochasticRSI(FAST_SCALP-LONG),2,0.2,1.56,1.562,1.562,1.552,2026-07-15 03:44:59 UTC,2026-07-15 03:47:03 UTC,123.97,0.312,0.0042,0.0,0.0004,0.04,9.62,MIN_PROFIT_TP_HIT,0.2472
1599,TRUMP_USDT,LONG,StochasticRSI(FAST_SCALP-LONG),2,0.2,1.565,1.567,1.567,1.557,2026-07-15 04:01:59 UTC,2026-07-15 04:11:11 UTC,551.01,0.313,0.0042,0.0,0.0004,0.04,9.58,MIN_PROFIT_TP_HIT,0.2476
1600,TRUMP_USDT,SHORT,StochasticRSI(FAST_SCALP-SHORT),2,0.2,1.565,1.563,1.563,1.573,2026-07-15 04:14:59 UTC,2026-07-15 04:23:41 UTC,521.78,0.313,0.0042,0.0,0.0004,0.04,9.58,MIN_PROFIT_TP_HIT,0.248
1601,TRUMP_USDT,LONG,StochasticRSI(FAST_SCALP-LONG),2,0.2,1.561,1.553,1.563,1.553,2026-07-15 04:27:59 UTC,2026-07-15 05:22:06 UTC,3246.54,0.3122,0.0042,0.0,-0.0016,-0.15,-38.44,STOP_LOSS_HIT,0.2464
1602,TRUMP_USDT,LONG,StochasticRSI(FAST_SCALP-LONG),2,0.2,1.558,1.56,1.56,1.55,2026-07-15 05:25:59 UTC,2026-07-15 05:32:35 UTC,395.02,0.3116,0.0042,0.0,0.0004,0.04,9.63,MIN_PROFIT_TP_HIT,0.2468
1603,TRUMP_USDT,SHORT,StochasticRSI(FAST_SCALP-SHORT),2,0.2,1.56,1.568,1.558,1.568,2026-07-15 05:41:59 UTC,2026-07-15 05:57:31 UTC,931.34,0.312,0.0042,0.0,-0.0016,-0.15,-38.46,STOP_LOSS_HIT,0.2452
1604,TRUMP_USDT,SHORT,StochasticRSI(FAST_SCALP-SHORT),2,0.2,1.567,1.575,1.565,1.575,2026-07-15 06:00:59 UTC,2026-07-15 06:03:27 UTC,147.75,0.3134,0.0042,0.0,-0.0016,-0.15,-38.29,STOP_LOSS_HIT,0.2436
1605,TRUMP_USDT,LONG,StochasticRSI(FAST_SCALP-LONG),2,0.2,1.57,1.572,1.572,1.562,2026-07-15 06:15:59 UTC,2026-07-15 06:16:53 UTC,53.29,0.314,0.0042,0.0,0.0004,0.04,9.55,MIN_PROFIT_TP_HIT,0.244
1606,TRUMP_USDT,SHORT,StochasticRSI(FAST_SCALP-SHORT),2,0.2,1.573,1.571,1.571,1.581,2026-07-15 06:32:59 UTC,2026-07-15 06:37:51 UTC,291.94,0.3146,0.0042,0.0,0.0004,0.04,9.54,MIN_PROFIT_TP_HIT,0.2444
1607,TRUMP_USDT,LONG,StochasticRSI(FAST_SCALP-LONG),2,0.2,1.572,1.564,1.574,1.564,2026-07-15 06:41:59 UTC,2026-07-15 06:51:00 UTC,540.79,0.3144,0.0042,0.0,-0.0016,-0.15,-38.17,STOP_LOSS_HIT,0.2428
1608,TRUMP_USDT,LONG,StochasticRSI(FAST_SCALP-LONG),2,0.2,1.566,1.558,1.568,1.558,2026-07-15 06:53:59 UTC,2026-07-15 07:22:14 UTC,1694.64,0.3132,0.0042,0.0,-0.0016,-0.15,-38.31,STOP_LOSS_HIT,0.2412
1609,TRUMP_USDT,LONG,StochasticRSI(FAST_SCALP-LONG),2,0.2,1.557,1.559,1.559,1.549,2026-07-15 07:32:59 UTC,2026-07-15 07:33:42 UTC,42.64,0.3114,0.0042,0.0,0.0004,0.04,9.63,MIN_PROFIT_TP_HIT,0.2416
1610,TRUMP_USDT,SHORT,StochasticRSI(FAST_SCALP-SHORT),2,0.2,1.559,1.557,1.557,1.567,2026-07-15 07:36:59 UTC,2026-07-15 07:38:17 UTC,77.89,0.3118,0.0042,0.0,0.0004,0.04,9.62,MIN_PROFIT_TP_HIT,0.242
1611,TRUMP_USDT,SHORT,StochasticRSI(FAST_SCALP-SHORT),2,0.2,1.563,1.561,1.561,1.571,2026-07-15 07:52:59 UTC,2026-07-15 08:07:14 UTC,854.99,0.3126,0.0042,0.0,0.0004,0.04,9.6,MIN_PROFIT_TP_HIT,0.2424
1612,TRUMP_USDT,LONG,StochasticRSI(FAST_SCALP-LONG),2,0.2,1.565,1.567,1.567,1.557,2026-07-15 08:09:59 UTC,2026-07-15 08:45:08 UTC,2108.26,0.313,0.0042,0.0,0.0004,0.04,9.58,MIN_PROFIT_TP_HIT,0.2428
1613,TRUMP_USDT,SHORT,StochasticRSI(FAST_SCALP-SHORT),2,0.2,1.567,1.565,1.565,1.575,2026-07-15 08:48:59 UTC,2026-07-15 08:55:04 UTC,364.75,0.3134,0.0042,0.0,0.0004,0.04,9.57,MIN_PROFIT_TP_HIT,0.2432
1614,TRUMP_USDT,LONG,StochasticRSI(FAST_SCALP-LONG),2,0.2,1.563,1.565,1.565,1.555,2026-07-15 08:59:59 UTC,2026-07-15 09:04:25 UTC,265.76,0.3126,0.0042,0.0,0.0004,0.04,9.6,MIN_PROFIT_TP_HIT,0.2436
1615,TRUMP_USDT,SHORT,StochasticRSI(FAST_SCALP-SHORT),2,0.2,1.568,1.566,1.566,1.576,2026-07-15 09:17:59 UTC,2026-07-15 09:31:04 UTC,784.38,0.3136,0.0042,0.0,0.0004,0.04,9.57,MIN_PROFIT_TP_HIT,0.244
1616,TRUMP_USDT,LONG,StochasticRSI(FAST_SCALP-LONG),2,0.2,1.567,1.569,1.569,1.559,2026-07-15 09:34:59 UTC,2026-07-15 09:38:31 UTC,211.98,0.3134,0.0042,0.0,0.0004,0.04,9.57,MIN_PROFIT_TP_HIT,0.2444
1617,TRUMP_USDT,SHORT,StochasticRSI(FAST_SCALP-SHORT),2,0.2,1.565,1.563,1.563,1.573,2026-07-15 09:41:59 UTC,2026-07-15 09:47:15 UTC,315.78,0.313,0.0042,0.0,0.0004,0.04,9.58,MIN_PROFIT_TP_HIT,0.2448
1618,TRUMP_USDT,LONG,StochasticRSI(FAST_SCALP-LONG),2,0.2,1.563,1.565,1.565,1.555,2026-07-15 09:53:59 UTC,2026-07-15 10:04:06 UTC,606.14,0.3126,0.0042,0.0,0.0004,0.04,9.6,MIN_PROFIT_TP_HIT,0.2452
1619,TRUMP_USDT,SHORT,StochasticRSI(FAST_SCALP-SHORT),2,0.2,1.565,1.563,1.563,1.573,2026-07-15 10:08:59 UTC,2026-07-15 10:13:03 UTC,243.52,0.313,0.0042,0.0,0.0004,0.04,9.58,MIN_PROFIT_TP_HIT,0.2456
1620,TRUMP_USDT,LONG,StochasticRSI(FAST_SCALP-LONG),2,0.2,1.562,1.564,1.564,1.554,2026-07-15 10:18:59 UTC,2026-07-15 11:07:20 UTC,2900.83,0.3124,0.0042,0.0,0.0004,0.04,9.6,MIN_PROFIT_TP_HIT,0.246
1621,TRUMP_USDT,SHORT,StochasticRSI(FAST_SCALP-SHORT),2,0.2,1.562,1.56,1.56,1.57,2026-07-15 11:10:59 UTC,2026-07-15 11:11:11 UTC,11.37,0.3124,0.0042,0.0,0.0004,0.04,9.6,MIN_PROFIT_TP_HIT,0.2464
1622,TRUMP_USDT,LONG,StochasticRSI(FAST_SCALP-LONG),2,0.2,1.56,1.562,1.562,1.552,2026-07-15 11:17:59 UTC,2026-07-15 11:32:32 UTC,872.26,0.312,0.0042,0.0,0.0004,0.04,9.62,MIN_PROFIT_TP_HIT,0.2468
1623,TRUMP_USDT,SHORT,StochasticRSI(FAST_SCALP-SHORT),2,0.2,1.562,1.57,1.56,1.57,2026-07-15 11:40:59 UTC,2026-07-15 12:30:01 UTC,2941.81,0.3124,0.0042,0.0,-0.0016,-0.15,-38.41,STOP_LOSS_HIT,0.2452
1624,TRUMP_USDT,SHORT,StochasticRSI(FAST_SCALP-SHORT),2,0.2,1.568,1.576,1.566,1.576,2026-07-15 12:35:59 UTC,2026-07-15 12:51:05 UTC,905.09,0.3136,0.0042,0.0,-0.0016,-0.15,-38.27,STOP_LOSS_HIT,0.2436
1625,TRUMP_USDT,SHORT,StochasticRSI(FAST_SCALP-SHORT),2,0.2,1.579,1.587,1.577,1.587,2026-07-15 12:55:59 UTC,2026-07-15 13:02:19 UTC,379.97,0.3158,0.0042,0.0,-0.0016,-0.15,-38.0,STOP_LOSS_HIT,0.242
1626,TRUMP_USDT,LONG,StochasticRSI(FAST_SCALP-LONG),2,0.2,1.588,1.58,1.59,1.58,2026-07-15 13:03:59 UTC,2026-07-15 13:24:03 UTC,1203.19,0.3176,0.0042,0.0,-0.0016,-0.15,-37.78,STOP_LOSS_HIT,0.2404
1627,TRUMP_USDT,LONG,StochasticRSI(FAST_SCALP-LONG),2,0.2,1.583,1.585,1.585,1.575,2026-07-15 13:28:59 UTC,2026-07-15 13:31:09 UTC,129.9,0.3166,0.0042,0.0,0.0004,0.04,9.48,MIN_PROFIT_TP_HIT,0.2408
1628,TRUMP_USDT,SHORT,StochasticRSI(FAST_SCALP-SHORT),2,0.2,1.586,1.584,1.584,1.594,2026-07-15 13:36:59 UTC,2026-07-15 13:37:08 UTC,8.11,0.3172,0.0042,0.0,0.0004,0.04,9.46,MIN_PROFIT_TP_HIT,0.2412
1629,TRUMP_USDT,SHORT,StochasticRSI(FAST_SCALP-SHORT),2,0.2,1.583,1.581,1.581,1.591,2026-07-15 13:38:59 UTC,2026-07-15 13:40:32 UTC,92.28,0.3166,0.0042,0.0,0.0004,0.04,9.48,MIN_PROFIT_TP_HIT,0.2416
1630,TRUMP_USDT,LONG,StochasticRSI(FAST_SCALP-LONG),2,0.2,1.584,1.576,1.586,1.576,2026-07-15 13:44:59 UTC,2026-07-15 13:47:10 UTC,130.59,0.3168,0.0042,0.0,-0.0016,-0.15,-37.88,STOP_LOSS_HIT,0.24
1631,TRUMP_USDT,LONG,StochasticRSI(FAST_SCALP-LONG),2,0.2,1.574,1.576,1.576,1.566,2026-07-15 13:50:59 UTC,2026-07-15 13:59:43 UTC,523.03,0.3148,0.0042,0.0,0.0004,0.04,9.53,MIN_PROFIT_TP_HIT,0.2404
1632,TRUMP_USDT,SHORT,StochasticRSI(FAST_SCALP-SHORT),2,0.2,1.576,1.574,1.574,1.584,2026-07-15 14:05:59 UTC,2026-07-15 14:15:28 UTC,568.59,0.3152,0.0042,0.0,0.0004,0.04,9.52,MIN_PROFIT_TP_HIT,0.2408
1633,TRUMP_USDT,LONG,StochasticRSI(FAST_SCALP-LONG),2,0.2,1.577,1.569,1.579,1.569,2026-07-15 14:18:59 UTC,2026-07-15 14:23:35 UTC,275.38,0.3154,0.0042,0.0,-0.0016,-0.15,-38.05,STOP_LOSS_HIT,0.2392
1634,TRUMP_USDT,LONG,StochasticRSI(FAST_SCALP-LONG),2,0.2,1.573,1.575,1.575,1.565,2026-07-15 14:27:59 UTC,2026-07-15 14:28:12 UTC,12.26,0.3146,0.0042,0.0,0.0004,0.04,9.54,MIN_PROFIT_TP_HIT,0.2396
1635,TRUMP_USDT,SHORT,StochasticRSI(FAST_SCALP-SHORT),2,0.2,1.574,1.572,1.572,1.582,2026-07-15 14:32:59 UTC,2026-07-15 14:39:38 UTC,398.32,0.3148,0.0042,0.0,0.0004,0.04,9.53,MIN_PROFIT_TP_HIT,0.24
1636,TRUMP_USDT,LONG,StochasticRSI(FAST_SCALP-LONG),2,0.2,1.573,1.575,1.575,1.565,2026-07-15 14:44:59 UTC,2026-07-15 14:52:03 UTC,423.2,0.3146,0.0042,0.0,0.0004,0.04,9.54,MIN_PROFIT_TP_HIT,0.2404
1637,TRUMP_USDT,SHORT,StochasticRSI(FAST_SCALP-SHORT),2,0.2,1.574,1.572,1.572,1.582,2026-07-15 14:56:59 UTC,2026-07-15 15:14:27 UTC,1047.91,0.3148,0.0042,0.0,0.0004,0.04,9.53,MIN_PROFIT_TP_HIT,0.2408
1638,TRUMP_USDT,LONG,StochasticRSI(FAST_SCALP-LONG),2,0.2,1.573,1.565,1.575,1.565,2026-07-15 15:18:59 UTC,2026-07-15 15:23:59 UTC,299.87,0.3146,0.0042,0.0,-0.0016,-0.15,-38.14,STOP_LOSS_HIT,0.2392
1639,TRUMP_USDT,LONG,StochasticRSI(FAST_SCALP-LONG),2,0.2,1.567,1.569,1.569,1.559,2026-07-15 15:27:59 UTC,2026-07-15 15:29:36 UTC,96.25,0.3134,0.0042,0.0,0.0004,0.04,9.57,MIN_PROFIT_TP_HIT,0.2396
1640,TRUMP_USDT,SHORT,StochasticRSI(FAST_SCALP-SHORT),2,0.2,1.568,1.566,1.566,1.576,2026-07-15 15:32:59 UTC,2026-07-15 16:04:41 UTC,1901.49,0.3136,0.0042,0.0,0.0004,0.04,9.57,MIN_PROFIT_TP_HIT,0.24
1641,TRUMP_USDT,LONG,StochasticRSI(FAST_SCALP-LONG),2,0.2,1.564,1.566,1.566,1.556,2026-07-15 16:08:59 UTC,2026-07-15 16:09:12 UTC,12.54,0.3128,0.0042,0.0,0.0004,0.04,9.59,MIN_PROFIT_TP_HIT,0.2404
1642,TRUMP_USDT,SHORT,StochasticRSI(FAST_SCALP-SHORT),2,0.2,1.568,1.566,1.566,1.576,2026-07-15 16:19:59 UTC,2026-07-15 16:20:07 UTC,7.14,0.3136,0.0042,0.0,0.0004,0.04,9.57,MIN_PROFIT_TP_HIT,0.2408
1643,TRUMP_USDT,SHORT,StochasticRSI(FAST_SCALP-SHORT),2,0.2,1.564,1.562,1.562,1.572,2026-07-15 16:21:59 UTC,2026-07-15 16:33:53 UTC,713.07,0.3128,0.0042,0.0,0.0004,0.04,9.59,MIN_PROFIT_TP_HIT,0.2412
1644,TRUMP_USDT,LONG,StochasticRSI(FAST_SCALP-LONG),2,0.2,1.559,1.561,1.561,1.551,2026-07-15 16:38:59 UTC,2026-07-15 16:39:23 UTC,23.08,0.3118,0.0042,0.0,0.0004,0.04,9.62,MIN_PROFIT_TP_HIT,0.2416
1645,TRUMP_USDT,SHORT,StochasticRSI(FAST_SCALP-SHORT),2,0.2,1.567,1.565,1.565,1.575,2026-07-15 16:46:59 UTC,2026-07-15 16:47:59 UTC,59.41,0.3134,0.0042,0.0,0.0004,0.04,9.57,MIN_PROFIT_TP_HIT,0.242
1646,TRUMP_USDT,LONG,StochasticRSI(FAST_SCALP-LONG),2,0.2,1.563,1.565,1.565,1.555,2026-07-15 17:00:59 UTC,2026-07-15 17:02:17 UTC,77.09,0.3126,0.0042,0.0,0.0004,0.04,9.6,MIN_PROFIT_TP_HIT,0.2424
1647,TRUMP_USDT,SHORT,StochasticRSI(FAST_SCALP-SHORT),2,0.2,1.565,1.563,1.563,1.573,2026-07-15 17:06:59 UTC,2026-07-15 17:10:05 UTC,185.84,0.313,0.0042,0.0,0.0004,0.04,9.58,MIN_PROFIT_TP_HIT,0.2428
1648,TRUMP_USDT,LONG,StochasticRSI(FAST_SCALP-LONG),2,0.2,1.561,1.563,1.563,1.553,2026-07-15 17:14:59 UTC,2026-07-15 17:17:27 UTC,147.88,0.3122,0.0042,0.0,0.0004,0.04,9.61,MIN_PROFIT_TP_HIT,0.2432
1649,TRUMP_USDT,LONG,StochasticRSI(FAST_SCALP-LONG),2,0.2,1.561,1.563,1.563,1.553,2026-07-15 17:18:59 UTC,2026-07-15 17:19:32 UTC,32.71,0.3122,0.0042,0.0,0.0004,0.04,9.61,MIN_PROFIT_TP_HIT,0.2436
1650,TRUMP_USDT,SHORT,StochasticRSI(FAST_SCALP-SHORT),2,0.2,1.565,1.573,1.563,1.573,2026-07-15 17:27:59 UTC,2026-07-15 17:46:39 UTC,1119.1,0.313,0.0042,0.0,-0.0016,-0.15,-38.34,STOP_LOSS_HIT,0.242
1651,TRUMP_USDT,SHORT,StochasticRSI(FAST_SCALP-SHORT),2,0.2,1.572,1.58,1.57,1.58,2026-07-15 17:49:59 UTC,2026-07-15 17:59:37 UTC,577.35,0.3144,0.0042,0.0,-0.0016,-0.15,-38.17,STOP_LOSS_HIT,0.2404
1652,TRUMP_USDT,LONG,StochasticRSI(FAST_SCALP-LONG),2,0.2,1.578,1.58,1.58,1.57,2026-07-15 18:00:59 UTC,2026-07-15 18:02:09 UTC,69.16,0.3156,0.0042,0.0,0.0004,0.04,9.51,MIN_PROFIT_TP_HIT,0.2408
1653,TRUMP_USDT,LONG,StochasticRSI(FAST_SCALP-LONG),2,0.2,1.581,1.583,1.583,1.573,2026-07-15 18:05:59 UTC,2026-07-15 18:07:20 UTC,80.17,0.3162,0.0042,0.0,0.0004,0.04,9.49,MIN_PROFIT_TP_HIT,0.2412
1654,TRUMP_USDT,LONG,StochasticRSI(FAST_SCALP-LONG),2,0.2,1.589,1.581,1.591,1.581,2026-07-15 18:14:59 UTC,2026-07-15 18:25:17 UTC,617.29,0.3178,0.0042,0.0,-0.0016,-0.15,-37.76,STOP_LOSS_HIT,0.2396
1655,TRUMP_USDT,LONG,StochasticRSI(FAST_SCALP-LONG),2,0.2,1.58,1.582,1.582,1.572,2026-07-15 18:28:59 UTC,2026-07-15 18:30:40 UTC,100.2,0.316,0.0042,0.0,0.0004,0.04,9.49,MIN_PROFIT_TP_HIT,0.24
1656,TRUMP_USDT,SHORT,StochasticRSI(FAST_SCALP-SHORT),2,0.2,1.592,1.59,1.59,1.6,2026-07-15 18:35:59 UTC,2026-07-15 18:36:29 UTC,29.07,0.3184,0.0042,0.0,0.0004,0.04,9.42,MIN_PROFIT_TP_HIT,0.2404
1657,TRUMP_USDT,LONG,StochasticRSI(FAST_SCALP-LONG),2,0.2,1.585,1.587,1.587,1.577,2026-07-15 18:44:59 UTC,2026-07-15 18:46:49 UTC,109.58,0.317,0.0042,0.0,0.0004,0.04,9.46,MIN_PROFIT_TP_HIT,0.2408
1658,TRUMP_USDT,LONG,StochasticRSI(FAST_SCALP-LONG),2,0.2,1.59,1.582,1.592,1.582,2026-07-15 18:48:59 UTC,2026-07-15 18:57:23 UTC,503.08,0.318,0.0042,0.0,-0.0016,-0.15,-37.74,STOP_LOSS_HIT,0.2392
1659,TRUMP_USDT,LONG,StochasticRSI(FAST_SCALP-LONG),2,0.2,1.582,1.584,1.584,1.574,2026-07-15 19:00:59 UTC,2026-07-15 19:02:12 UTC,72.01,0.3164,0.0042,0.0,0.0004,0.04,9.48,MIN_PROFIT_TP_HIT,0.2396
1660,TRUMP_USDT,SHORT,StochasticRSI(FAST_SCALP-SHORT),2,0.2,1.584,1.582,1.582,1.592,2026-07-15 19:06:59 UTC,2026-07-15 19:08:27 UTC,87.38,0.3168,0.0042,0.0,0.0004,0.04,9.47,MIN_PROFIT_TP_HIT,0.24
1661,TRUMP_USDT,SHORT,StochasticRSI(FAST_SCALP-SHORT),2,0.2,1.583,1.581,1.581,1.591,2026-07-15 19:19:59 UTC,2026-07-15 19:20:03 UTC,3.29,0.3166,0.0042,0.0,0.0004,0.04,9.48,MIN_PROFIT_TP_HIT,0.2404
1662,TRUMP_USDT,SHORT,StochasticRSI(FAST_SCALP-SHORT),2,0.2,1.585,1.583,1.583,1.593,2026-07-15 19:30:59 UTC,2026-07-15 19:50:01 UTC,1141.38,0.317,0.0042,0.0,0.0004,0.04,9.46,MIN_PROFIT_TP_HIT,0.2408
1663,TRUMP_USDT,LONG,StochasticRSI(FAST_SCALP-LONG),2,0.2,1.583,1.585,1.585,1.575,2026-07-15 19:52:59 UTC,2026-07-15 20:00:36 UTC,457.0,0.3166,0.0042,0.0,0.0004,0.04,9.48,MIN_PROFIT_TP_HIT,0.2412
1664,TRUMP_USDT,SHORT,StochasticRSI(FAST_SCALP-SHORT),2,0.2,1.587,1.585,1.585,1.595,2026-07-15 20:06:59 UTC,2026-07-15 20:09:55 UTC,175.85,0.3174,0.0042,0.0,0.0004,0.04,9.45,MIN_PROFIT_TP_HIT,0.2416
1665,TRUMP_USDT,SHORT,StochasticRSI(FAST_SCALP-SHORT),2,0.2,1.585,1.583,1.583,1.593,2026-07-15 20:14:59 UTC,2026-07-15 20:33:39 UTC,1119.91,0.317,0.0042,0.0,0.0004,0.04,9.46,MIN_PROFIT_TP_HIT,0.242
1666,TRUMP_USDT,SHORT,StochasticRSI(FAST_SCALP-SHORT),2,0.2,1.587,1.585,1.585,1.595,2026-07-15 20:42:59 UTC,2026-07-15 20:43:09 UTC,9.06,0.3174,0.0042,0.0,0.0004,0.04,9.45,MIN_PROFIT_TP_HIT,0.2424
1667,TRUMP_USDT,LONG,StochasticRSI(FAST_SCALP-LONG),2,0.2,1.586,1.578,1.588,1.578,2026-07-15 20:49:59 UTC,2026-07-15 21:11:17 UTC,1277.39,0.3172,0.0042,0.0,-0.0016,-0.15,-37.83,STOP_LOSS_HIT,0.2408
1668,TRUMP_USDT,LONG,StochasticRSI(FAST_SCALP-LONG),2,0.2,1.582,1.584,1.584,1.574,2026-07-15 21:17:59 UTC,2026-07-15 21:27:04 UTC,544.4,0.3164,0.0042,0.0,0.0004,0.04,9.48,MIN_PROFIT_TP_HIT,0.2412
1669,TRUMP_USDT,SHORT,StochasticRSI(FAST_SCALP-SHORT),2,0.2,1.583,1.581,1.581,1.591,2026-07-15 21:30:59 UTC,2026-07-15 21:33:18 UTC,138.63,0.3166,0.0042,0.0,0.0004,0.04,9.48,MIN_PROFIT_TP_HIT,0.2416
1670,TRUMP_USDT,SHORT,StochasticRSI(FAST_SCALP-SHORT),2,0.2,1.58,1.578,1.578,1.588,2026-07-15 21:34:59 UTC,2026-07-15 21:38:29 UTC,209.93,0.316,0.0042,0.0,0.0004,0.04,9.49,MIN_PROFIT_TP_HIT,0.242
1671,TRUMP_USDT,LONG,StochasticRSI(FAST_SCALP-LONG),2,0.2,1.578,1.58,1.58,1.57,2026-07-15 21:40:59 UTC,2026-07-15 21:43:45 UTC,165.12,0.3156,0.0042,0.0,0.0004,0.04,9.51,MIN_PROFIT_TP_HIT,0.2424
1672,TRUMP_USDT,SHORT,StochasticRSI(FAST_SCALP-SHORT),2,0.2,1.578,1.576,1.576,1.586,2026-07-15 21:49:59 UTC,2026-07-15 21:58:03 UTC,483.41,0.3156,0.0042,0.0,0.0004,0.04,9.51,MIN_PROFIT_TP_HIT,0.2428
1673,TRUMP_USDT,SHORT,StochasticRSI(FAST_SCALP-SHORT),2,0.2,1.582,1.58,1.58,1.59,2026-07-15 22:04:59 UTC,2026-07-15 22:07:29 UTC,149.21,0.3164,0.0042,0.0,0.0004,0.04,9.48,MIN_PROFIT_TP_HIT,0.2432
1674,TRUMP_USDT,SHORT,StochasticRSI(FAST_SCALP-SHORT),2,0.2,1.582,1.58,1.58,1.59,2026-07-15 22:08:59 UTC,2026-07-15 22:10:17 UTC,77.1,0.3164,0.0042,0.0,0.0004,0.04,9.48,MIN_PROFIT_TP_HIT,0.2436
1675,TRUMP_USDT,SHORT,StochasticRSI(FAST_SCALP-SHORT),2,0.2,1.582,1.58,1.58,1.59,2026-07-15 22:16:59 UTC,2026-07-15 22:36:21 UTC,1161.42,0.3164,0.0042,0.0,0.0004,0.04,9.48,MIN_PROFIT_TP_HIT,0.244
1676,TRUMP_USDT,LONG,StochasticRSI(FAST_SCALP-LONG),2,0.2,1.577,1.579,1.579,1.569,2026-07-15 22:46:59 UTC,2026-07-15 22:54:07 UTC,427.79,0.3154,0.0042,0.0,0.0004,0.04,9.51,MIN_PROFIT_TP_HIT,0.2444
1677,TRUMP_USDT,SHORT,StochasticRSI(FAST_SCALP-SHORT),2,0.2,1.576,1.574,1.574,1.584,2026-07-15 22:55:59 UTC,2026-07-15 22:56:09 UTC,9.03,0.3152,0.0042,0.0,0.0004,0.04,9.52,MIN_PROFIT_TP_HIT,0.2448
1678,TRUMP_USDT,SHORT,StochasticRSI(FAST_SCALP-SHORT),2,0.2,1.583,1.581,1.581,1.591,2026-07-15 23:04:59 UTC,2026-07-15 23:05:16 UTC,16.29,0.3166,0.0042,0.0,0.0004,0.04,9.48,MIN_PROFIT_TP_HIT,0.2452
1679,TRUMP_USDT,LONG,StochasticRSI(FAST_SCALP-LONG),2,0.2,1.583,1.575,1.585,1.575,2026-07-15 23:22:59 UTC,2026-07-15 23:42:06 UTC,1146.93,0.3166,0.0042,0.0,-0.0016,-0.15,-37.9,STOP_LOSS_HIT,0.2436
1680,TRUMP_USDT,LONG,StochasticRSI(FAST_SCALP-LONG),2,0.2,1.587,1.579,1.589,1.579,2026-07-15 23:44:59 UTC,2026-07-15 23:46:03 UTC,63.76,0.3174,0.0042,0.0,-0.0016,-0.15,-37.81,STOP_LOSS_HIT,0.242
1681,TRUMP_USDT,LONG,StochasticRSI(FAST_SCALP-LONG),2,0.2,1.579,1.581,1.581,1.571,2026-07-15 23:56:59 UTC,2026-07-16 00:00:28 UTC,208.53,0.3158,0.0042,0.0,0.0004,0.04,9.5,MIN_PROFIT_TP_HIT,0.2424
1682,TRUMP_USDT,SHORT,StochasticRSI(FAST_SCALP-SHORT),2,0.2,1.584,1.582,1.582,1.592,2026-07-16 00:05:59 UTC,2026-07-16 00:08:05 UTC,125.09,0.3168,0.0042,0.0,0.0004,0.04,9.47,MIN_PROFIT_TP_HIT,0.2428
1683,TRUMP_USDT,LONG,StochasticRSI(FAST_SCALP-LONG),2,0.2,1.588,1.59,1.59,1.58,2026-07-16 00:13:59 UTC,2026-07-16 00:17:51 UTC,231.63,0.3176,0.0042,0.0,0.0004,0.04,9.45,MIN_PROFIT_TP_HIT,0.2432
1684,TRUMP_USDT,LONG,StochasticRSI(FAST_SCALP-LONG),2,0.2,1.583,1.575,1.585,1.575,2026-07-16 00:26:59 UTC,2026-07-16 00:32:37 UTC,337.15,0.3166,0.0042,0.0,-0.0016,-0.15,-37.9,STOP_LOSS_HIT,0.2416
1685,TRUMP_USDT,LONG,StochasticRSI(FAST_SCALP-LONG),2,0.2,1.571,1.573,1.573,1.563,2026-07-16 00:42:59 UTC,2026-07-16 00:53:14 UTC,614.35,0.3142,0.0042,0.0,0.0004,0.04,9.55,MIN_PROFIT_TP_HIT,0.242
1686,TRUMP_USDT,SHORT,StochasticRSI(FAST_SCALP-SHORT),2,0.2,1.572,1.57,1.57,1.58,2026-07-16 00:56:59 UTC,2026-07-16 01:01:02 UTC,242.25,0.3144,0.0042,0.0,0.0004,0.04,9.54,MIN_PROFIT_TP_HIT,0.2424
1687,TRUMP_USDT,LONG,StochasticRSI(FAST_SCALP-LONG),2,0.2,1.568,1.57,1.57,1.56,2026-07-16 01:14:59 UTC,2026-07-16 01:36:24 UTC,1284.01,0.3136,0.0042,0.0,0.0004,0.04,9.57,MIN_PROFIT_TP_HIT,0.2428
1688,TRUMP_USDT,SHORT,StochasticRSI(FAST_SCALP-SHORT),2,0.2,1.572,1.57,1.57,1.58,2026-07-16 01:40:59 UTC,2026-07-16 01:42:22 UTC,82.52,0.3144,0.0042,0.0,0.0004,0.04,9.54,MIN_PROFIT_TP_HIT,0.2432
1689,TRUMP_USDT,LONG,StochasticRSI(FAST_SCALP-LONG),2,0.2,1.569,1.571,1.571,1.561,2026-07-16 01:47:59 UTC,2026-07-16 01:48:24 UTC,24.75,0.3138,0.0042,0.0,0.0004,0.04,9.56,MIN_PROFIT_TP_HIT,0.2436
1690,TRUMP_USDT,SHORT,StochasticRSI(FAST_SCALP-SHORT),2,0.2,1.573,1.571,1.571,1.581,2026-07-16 01:53:59 UTC,2026-07-16 02:10:06 UTC,966.2,0.3146,0.0042,0.0,0.0004,0.04,9.54,MIN_PROFIT_TP_HIT,0.244
1691,TRUMP_USDT,LONG,StochasticRSI(FAST_SCALP-LONG),2,0.2,1.57,1.572,1.572,1.562,2026-07-16 02:13:59 UTC,2026-07-16 02:14:35 UTC,35.31,0.314,0.0042,0.0,0.0004,0.04,9.55,MIN_PROFIT_TP_HIT,0.2444
1692,TRUMP_USDT,SHORT,StochasticRSI(FAST_SCALP-SHORT),2,0.2,1.578,1.586,1.576,1.586,2026-07-16 02:21:59 UTC,2026-07-16 02:23:41 UTC,101.67,0.3156,0.0042,0.0,-0.0016,-0.15,-38.02,STOP_LOSS_HIT,0.2428
1693,TRUMP_USDT,SHORT,StochasticRSI(FAST_SCALP-SHORT),2,0.2,1.581,1.579,1.579,1.589,2026-07-16 02:25:59 UTC,2026-07-16 02:26:15 UTC,15.2,0.3162,0.0042,0.0,0.0004,0.04,9.49,MIN_PROFIT_TP_HIT,0.2432
1694,TRUMP_USDT,LONG,StochasticRSI(FAST_SCALP-LONG),2,0.2,1.578,1.58,1.58,1.57,2026-07-16 02:31:59 UTC,2026-07-16 02:33:31 UTC,91.86,0.3156,0.0042,0.0,0.0004,0.04,9.51,MIN_PROFIT_TP_HIT,0.2436
1695,TRUMP_USDT,LONG,StochasticRSI(FAST_SCALP-LONG),2,0.2,1.581,1.583,1.583,1.573,2026-07-16 02:34:59 UTC,2026-07-16 02:35:36 UTC,36.51,0.3162,0.0042,0.0,0.0004,0.04,9.49,MIN_PROFIT_TP_HIT,0.244
1696,TRUMP_USDT,SHORT,StochasticRSI(FAST_SCALP-SHORT),2,0.2,1.584,1.582,1.582,1.592,2026-07-16 02:39:59 UTC,2026-07-16 02:41:50 UTC,110.57,0.3168,0.0042,0.0,0.0004,0.04,9.47,MIN_PROFIT_TP_HIT,0.2444
1697,TRUMP_USDT,LONG,StochasticRSI(FAST_SCALP-LONG),2,0.2,1.584,1.586,1.586,1.576,2026-07-16 02:45:59 UTC,2026-07-16 02:49:34 UTC,214.89,0.3168,0.0042,0.0,0.0004,0.04,9.47,MIN_PROFIT_TP_HIT,0.2448
1698,TRUMP_USDT,SHORT,StochasticRSI(FAST_SCALP-SHORT),2,0.2,1.586,1.584,1.584,1.594,2026-07-16 03:01:59 UTC,2026-07-16 03:04:35 UTC,155.16,0.3172,0.0042,0.0,0.0004,0.04,9.46,MIN_PROFIT_TP_HIT,0.2452
1699,TRUMP_USDT,LONG,StochasticRSI(FAST_SCALP-LONG),2,0.2,1.587,1.579,1.589,1.579,2026-07-16 03:06:59 UTC,2026-07-16 03:17:38 UTC,638.66,0.3174,0.0042,0.0,-0.0016,-0.15,-37.81,STOP_LOSS_HIT,0.2436
1700,TRUMP_USDT,LONG,StochasticRSI(FAST_SCALP-LONG),2,0.2,1.578,1.58,1.58,1.57,2026-07-16 03:21:59 UTC,2026-07-16 03:22:34 UTC,34.08,0.3156,0.0042,0.0,0.0004,0.04,9.51,MIN_PROFIT_TP_HIT,0.244
1701,TRUMP_USDT,SHORT,StochasticRSI(FAST_SCALP-SHORT),2,0.2,1.578,1.576,1.576,1.586,2026-07-16 03:34:59 UTC,2026-07-16 03:37:03 UTC,123.96,0.3156,0.0042,0.0,0.0004,0.04,9.51,MIN_PROFIT_TP_HIT,0.2444
1702,TRUMP_USDT,LONG,StochasticRSI(FAST_SCALP-LONG),2,0.2,1.575,1.577,1.577,1.567,2026-07-16 03:50:59 UTC,2026-07-16 03:53:46 UTC,166.99,0.315,0.0042,0.0,0.0004,0.04,9.52,MIN_PROFIT_TP_HIT,0.2448
1703,TRUMP_USDT,SHORT,StochasticRSI(FAST_SCALP-SHORT),2,0.2,1.577,1.575,1.575,1.585,2026-07-16 03:58:59 UTC,2026-07-16 04:08:50 UTC,590.36,0.3154,0.0042,0.0,0.0004,0.04,9.51,MIN_PROFIT_TP_HIT,0.2452
1704,TRUMP_USDT,LONG,StochasticRSI(FAST_SCALP-LONG),2,0.2,1.578,1.58,1.58,1.57,2026-07-16 04:11:59 UTC,2026-07-16 04:31:58 UTC,1198.19,0.3156,0.0042,0.0,0.0004,0.04,9.51,MIN_PROFIT_TP_HIT,0.2456
1705,TRUMP_USDT,LONG,StochasticRSI(FAST_SCALP-LONG),2,0.2,1.579,1.581,1.581,1.571,2026-07-16 04:37:59 UTC,2026-07-16 04:41:54 UTC,234.95,0.3158,0.0042,0.0,0.0004,0.04,9.5,MIN_PROFIT_TP_HIT,0.246
1706,TRUMP_USDT,SHORT,StochasticRSI(FAST_SCALP-SHORT),2,0.2,1.584,1.582,1.582,1.592,2026-07-16 04:44:59 UTC,2026-07-16 04:45:04 UTC,4.38,0.3168,0.0042,0.0,0.0004,0.04,9.47,MIN_PROFIT_TP_HIT,0.2464
1707,TRUMP_USDT,LONG,StochasticRSI(FAST_SCALP-LONG),2,0.2,1.583,1.585,1.585,1.575,2026-07-16 04:49:59 UTC,2026-07-16 04:50:05 UTC,5.3,0.3166,0.0042,0.0,0.0004,0.04,9.48,MIN_PROFIT_TP_HIT,0.2468
1708,TRUMP_USDT,LONG,StochasticRSI(FAST_SCALP-LONG),2,0.2,1.582,1.584,1.584,1.574,2026-07-16 04:59:59 UTC,2026-07-16 05:02:12 UTC,132.63,0.3164,0.0042,0.0,0.0004,0.04,9.48,MIN_PROFIT_TP_HIT,0.2472
1709,TRUMP_USDT,SHORT,StochasticRSI(FAST_SCALP-SHORT),2,0.2,1.583,1.591,1.581,1.591,2026-07-16 05:10:59 UTC,2026-07-16 05:16:29 UTC,329.85,0.3166,0.0042,0.0,-0.0016,-0.15,-37.9,STOP_LOSS_HIT,0.2456
1710,TRUMP_USDT,SHORT,StochasticRSI(FAST_SCALP-SHORT),2,0.2,1.588,1.586,1.586,1.596,2026-07-16 05:19:59 UTC,2026-07-16 05:29:31 UTC,571.57,0.3176,0.0042,0.0,0.0004,0.04,9.45,MIN_PROFIT_TP_HIT,0.246
1711,TRUMP_USDT,LONG,StochasticRSI(FAST_SCALP-LONG),2,0.2,1.582,1.574,1.584,1.574,2026-07-16 05:33:59 UTC,2026-07-16 06:34:47 UTC,3647.66,0.3164,0.0042,0.0,-0.0016,-0.15,-37.93,STOP_LOSS_HIT,0.2444
1712,TRUMP_USDT,LONG,StochasticRSI(FAST_SCALP-LONG),2,0.2,1.574,1.576,1.576,1.566,2026-07-16 06:36:59 UTC,2026-07-16 06:41:29 UTC,269.98,0.3148,0.0042,0.0,0.0004,0.04,9.53,MIN_PROFIT_TP_HIT,0.2448
1713,TRUMP_USDT,SHORT,StochasticRSI(FAST_SCALP-SHORT),2,0.2,1.576,1.574,1.574,1.584,2026-07-16 06:46:59 UTC,2026-07-16 06:57:11 UTC,611.6,0.3152,0.0042,0.0,0.0004,0.04,9.52,MIN_PROFIT_TP_HIT,0.2452
1714,TRUMP_USDT,LONG,StochasticRSI(FAST_SCALP-LONG),2,0.2,1.571,1.563,1.573,1.563,2026-07-16 07:17:59 UTC,2026-07-16 07:36:10 UTC,1090.14,0.3142,0.0042,0.0,-0.0016,-0.15,-38.19,STOP_LOSS_HIT,0.2436
1715,TRUMP_USDT,LONG,StochasticRSI(FAST_SCALP-LONG),2,0.2,1.563,1.565,1.565,1.555,2026-07-16 07:40:59 UTC,2026-07-16 07:46:05 UTC,305.01,0.3126,0.0042,0.0,0.0004,0.04,9.6,MIN_PROFIT_TP_HIT,0.244
1716,TRUMP_USDT,SHORT,StochasticRSI(FAST_SCALP-SHORT),2,0.2,1.563,1.561,1.561,1.571,2026-07-16 07:51:59 UTC,2026-07-16 08:09:28 UTC,1048.06,0.3126,0.0042,0.0,0.0004,0.04,9.6,MIN_PROFIT_TP_HIT,0.2444
1717,TRUMP_USDT,LONG,StochasticRSI(FAST_SCALP-LONG),2,0.2,1.552,1.554,1.554,1.544,2026-07-16 08:13:59 UTC,2026-07-16 08:23:30 UTC,570.39,0.3104,0.0041,0.0,0.0004,0.04,9.66,MIN_PROFIT_TP_HIT,0.2448
1718,TRUMP_USDT,SHORT,StochasticRSI(FAST_SCALP-SHORT),2,0.2,1.553,1.561,1.551,1.561,2026-07-16 08:25:59 UTC,2026-07-16 08:38:26 UTC,746.12,0.3106,0.0041,0.0,-0.0016,-0.15,-38.63,STOP_LOSS_HIT,0.2432
1719,TRUMP_USDT,LONG,StochasticRSI(FAST_SCALP-LONG),2,0.2,1.556,1.558,1.558,1.548,2026-07-16 08:45:59 UTC,2026-07-16 08:46:14 UTC,14.95,0.3112,0.0041,0.0,0.0004,0.04,9.64,MIN_PROFIT_TP_HIT,0.2436
1720,TRUMP_USDT,LONG,StochasticRSI(FAST_SCALP-LONG),2,0.2,1.554,1.556,1.556,1.546,2026-07-16 08:57:59 UTC,2026-07-16 08:59:08 UTC,68.21,0.3108,0.0041,0.0,0.0004,0.04,9.65,MIN_PROFIT_TP_HIT,0.244
1721,TRUMP_USDT,SHORT,StochasticRSI(FAST_SCALP-SHORT),2,0.2,1.557,1.565,1.555,1.565,2026-07-16 09:04:59 UTC,2026-07-16 09:26:16 UTC,1276.15,0.3114,0.0042,0.0,-0.0016,-0.15,-38.54,STOP_LOSS_HIT,0.2424
1722,TRUMP_USDT,LONG,StochasticRSI(FAST_SCALP-LONG),2,0.2,1.558,1.56,1.56,1.55,2026-07-16 09:32:59 UTC,2026-07-16 10:32:35 UTC,3575.31,0.3116,0.0042,0.0,0.0004,0.04,9.63,MIN_PROFIT_TP_HIT,0.2428
1723,TRUMP_USDT,LONG,StochasticRSI(FAST_SCALP-LONG),2,0.2,1.556,1.558,1.558,1.548,2026-07-16 10:45:59 UTC,2026-07-16 10:53:21 UTC,441.97,0.3112,0.0041,0.0,0.0004,0.04,9.64,MIN_PROFIT_TP_HIT,0.2432
1724,TRUMP_USDT,SHORT,StochasticRSI(FAST_SCALP-SHORT),2,0.2,1.557,1.555,1.555,1.565,2026-07-16 10:57:59 UTC,2026-07-16 11:00:10 UTC,130.34,0.3114,0.0042,0.0,0.0004,0.04,9.63,MIN_PROFIT_TP_HIT,0.2436
1725,TRUMP_USDT,LONG,StochasticRSI(FAST_SCALP-LONG),2,0.2,1.555,1.557,1.557,1.547,2026-07-16 11:05:59 UTC,2026-07-16 11:12:02 UTC,362.3,0.311,0.0041,0.0,0.0004,0.04,9.65,MIN_PROFIT_TP_HIT,0.244
1726,TRUMP_USDT,LONG,StochasticRSI(FAST_SCALP-LONG),2,0.2,1.555,1.557,1.557,1.547,2026-07-16 11:20:59 UTC,2026-07-16 11:23:09 UTC,129.45,0.311,0.0041,0.0,0.0004,0.04,9.65,MIN_PROFIT_TP_HIT,0.2444
1727,TRUMP_USDT,SHORT,StochasticRSI(FAST_SCALP-SHORT),2,0.2,1.558,1.556,1.556,1.566,2026-07-16 11:29:59 UTC,2026-07-16 11:34:10 UTC,250.53,0.3116,0.0042,0.0,0.0004,0.04,9.63,MIN_PROFIT_TP_HIT,0.2448
1728,TRUMP_USDT,LONG,StochasticRSI(FAST_SCALP-LONG),2,0.2,1.558,1.56,1.56,1.55,2026-07-16 11:36:59 UTC,2026-07-16 11:37:34 UTC,34.42,0.3116,0.0042,0.0,0.0004,0.04,9.63,MIN_PROFIT_TP_HIT,0.2452
1729,TRUMP_USDT,SHORT,StochasticRSI(FAST_SCALP-SHORT),2,0.2,1.562,1.56,1.56,1.57,2026-07-16 12:02:59 UTC,2026-07-16 12:04:33 UTC,93.37,0.3124,0.0042,0.0,0.0004,0.04,9.6,MIN_PROFIT_TP_HIT,0.2456
1730,TRUMP_USDT,LONG,StochasticRSI(FAST_SCALP-LONG),2,0.2,1.56,1.552,1.562,1.552,2026-07-16 12:08:59 UTC,2026-07-16 12:38:52 UTC,1792.3,0.312,0.0042,0.0,-0.0016,-0.15,-38.46,STOP_LOSS_HIT,0.244
1731,TRUMP_USDT,LONG,StochasticRSI(FAST_SCALP-LONG),2,0.2,1.55,1.552,1.552,1.542,2026-07-16 12:43:59 UTC,2026-07-16 12:46:33 UTC,153.22,0.31,0.0041,0.0,0.0004,0.04,9.68,MIN_PROFIT_TP_HIT,0.2444
1732,TRUMP_USDT,SHORT,StochasticRSI(FAST_SCALP-SHORT),2,0.2,1.552,1.56,1.55,1.56,2026-07-16 12:50:59 UTC,2026-07-16 13:16:20 UTC,1520.4,0.3104,0.0041,0.0,-0.0016,-0.15,-38.66,STOP_LOSS_HIT,0.2428
1733,TRUMP_USDT,LONG,StochasticRSI(FAST_SCALP-LONG),2,0.2,1.561,1.563,1.563,1.553,2026-07-16 13:21:59 UTC,2026-07-16 13:22:12 UTC,12.12,0.3122,0.0042,0.0,0.0004,0.04,9.61,MIN_PROFIT_TP_HIT,0.2432
1734,TRUMP_USDT,SHORT,StochasticRSI(FAST_SCALP-SHORT),2,0.2,1.564,1.572,1.562,1.572,2026-07-16 13:25:59 UTC,2026-07-16 13:37:01 UTC,661.5,0.3128,0.0042,0.0,-0.0016,-0.15,-38.36,STOP_LOSS_HIT,0.2416
1735,TRUMP_USDT,SHORT,StochasticRSI(FAST_SCALP-SHORT),2,0.2,1.572,1.57,1.57,1.58,2026-07-16 13:40:59 UTC,2026-07-16 13:41:53 UTC,53.2,0.3144,0.0042,0.0,0.0004,0.04,9.54,MIN_PROFIT_TP_HIT,0.242
1736,TRUMP_USDT,LONG,StochasticRSI(FAST_SCALP-LONG),2,0.2,1.571,1.573,1.573,1.563,2026-07-16 13:46:59 UTC,2026-07-16 13:53:05 UTC,365.9,0.3142,0.0042,0.0,0.0004,0.04,9.55,MIN_PROFIT_TP_HIT,0.2424
1737,TRUMP_USDT,SHORT,StochasticRSI(FAST_SCALP-SHORT),2,0.2,1.571,1.569,1.569,1.579,2026-07-16 13:54:59 UTC,2026-07-16 13:55:03 UTC,3.02,0.3142,0.0042,0.0,0.0004,0.04,9.55,MIN_PROFIT_TP_HIT,0.2428
1738,TRUMP_USDT,SHORT,StochasticRSI(FAST_SCALP-SHORT),2,0.2,1.572,1.57,1.57,1.58,2026-07-16 14:03:59 UTC,2026-07-16 14:04:04 UTC,4.44,0.3144,0.0042,0.0,0.0004,0.04,9.54,MIN_PROFIT_TP_HIT,0.2432
1739,TRUMP_USDT,SHORT,StochasticRSI(FAST_SCALP-SHORT),2,0.2,1.574,1.572,1.572,1.582,2026-07-16 14:14:59 UTC,2026-07-16 14:15:20 UTC,20.41,0.3148,0.0042,0.0,0.0004,0.04,9.53,MIN_PROFIT_TP_HIT,0.2436
1740,TRUMP_USDT,LONG,StochasticRSI(FAST_SCALP-LONG),2,0.2,1.572,1.574,1.574,1.564,2026-07-16 14:24:59 UTC,2026-07-16 14:27:00 UTC,120.4,0.3144,0.0042,0.0,0.0004,0.04,9.54,MIN_PROFIT_TP_HIT,0.244
1741,TRUMP_USDT,SHORT,StochasticRSI(FAST_SCALP-SHORT),2,0.2,1.574,1.572,1.572,1.582,2026-07-16 14:30:59 UTC,2026-07-16 14:31:03 UTC,3.41,0.3148,0.0042,0.0,0.0004,0.04,9.53,MIN_PROFIT_TP_HIT,0.2444
1742,TRUMP_USDT,LONG,StochasticRSI(FAST_SCALP-LONG),2,0.2,1.574,1.576,1.576,1.566,2026-07-16 14:42:59 UTC,2026-07-16 14:44:33 UTC,93.75,0.3148,0.0042,0.0,0.0004,0.04,9.53,MIN_PROFIT_TP_HIT,0.2448
1743,TRUMP_USDT,SHORT,StochasticRSI(FAST_SCALP-SHORT),2,0.2,1.576,1.574,1.574,1.584,2026-07-16 14:50:59 UTC,2026-07-16 14:53:02 UTC,122.23,0.3152,0.0042,0.0,0.0004,0.04,9.52,MIN_PROFIT_TP_HIT,0.2452
1744,TRUMP_USDT,LONG,StochasticRSI(FAST_SCALP-LONG),2,0.2,1.572,1.574,1.574,1.564,2026-07-16 14:57:59 UTC,2026-07-16 14:59:53 UTC,113.67,0.3144,0.0042,0.0,0.0004,0.04,9.54,MIN_PROFIT_TP_HIT,0.2456
1745,TRUMP_USDT,LONG,StochasticRSI(FAST_SCALP-LONG),2,0.2,1.566,1.568,1.568,1.558,2026-07-16 15:12:59 UTC,2026-07-16 15:13:09 UTC,9.59,0.3132,0.0042,0.0,0.0004,0.04,9.58,MIN_PROFIT_TP_HIT,0.246
1746,TRUMP_USDT,SHORT,StochasticRSI(FAST_SCALP-SHORT),2,0.2,1.57,1.578,1.568,1.578,2026-07-16 15:21:59 UTC,2026-07-16 15:26:44 UTC,284.72,0.314,0.0042,0.0,-0.0016,-0.15,-38.22,STOP_LOSS_HIT,0.2444
1747,TRUMP_USDT,SHORT,StochasticRSI(FAST_SCALP-SHORT),2,0.2,1.577,1.575,1.575,1.585,2026-07-16 15:28:59 UTC,2026-07-16 15:43:47 UTC,887.3,0.3154,0.0042,0.0,0.0004,0.04,9.51,MIN_PROFIT_TP_HIT,0.2448
1748,TRUMP_USDT,LONG,StochasticRSI(FAST_SCALP-LONG),2,0.2,1.577,1.579,1.579,1.569,2026-07-16 15:47:59 UTC,2026-07-16 15:49:31 UTC,91.67,0.3154,0.0042,0.0,0.0004,0.04,9.51,MIN_PROFIT_TP_HIT,0.2452
1749,TRUMP_USDT,SHORT,StochasticRSI(FAST_SCALP-SHORT),2,0.2,1.578,1.576,1.576,1.586,2026-07-16 15:55:59 UTC,2026-07-16 15:56:24 UTC,24.72,0.3156,0.0042,0.0,0.0004,0.04,9.51,MIN_PROFIT_TP_HIT,0.2456
1750,TRUMP_USDT,SHORT,StochasticRSI(FAST_SCALP-SHORT),2,0.2,1.572,1.57,1.57,1.58,2026-07-16 16:30:59 UTC,2026-07-16 16:35:34 UTC,274.9,0.3144,0.0042,0.0,0.0004,0.04,9.54,MIN_PROFIT_TP_HIT,0.246
1751,TRUMP_USDT,LONG,StochasticRSI(FAST_SCALP-LONG),2,0.2,1.569,1.561,1.571,1.561,2026-07-16 16:41:59 UTC,2026-07-16 17:17:16 UTC,2116.11,0.3138,0.0042,0.0,-0.0016,-0.15,-38.24,STOP_LOSS_HIT,0.2444
1752,TRUMP_USDT,SHORT,StochasticRSI(FAST_SCALP-SHORT),2,0.2,1.562,1.56,1.56,1.57,2026-07-16 17:23:59 UTC,2026-07-16 17:25:43 UTC,103.79,0.3124,0.0042,0.0,0.0004,0.04,9.6,MIN_PROFIT_TP_HIT,0.2448
1753,TRUMP_USDT,SHORT,StochasticRSI(FAST_SCALP-SHORT),2,0.2,1.574,1.572,1.572,1.582,2026-07-16 17:38:59 UTC,2026-07-16 17:43:02 UTC,242.31,0.3148,0.0042,0.0,0.0004,0.04,9.53,MIN_PROFIT_TP_HIT,0.2452
1754,TRUMP_USDT,LONG,StochasticRSI(FAST_SCALP-LONG),2,0.2,1.568,1.56,1.57,1.56,2026-07-16 17:48:59 UTC,2026-07-16 17:55:04 UTC,364.07,0.3136,0.0042,0.0,-0.0016,-0.15,-38.27,STOP_LOSS_HIT,0.2436
1755,TRUMP_USDT,SHORT,StochasticRSI(FAST_SCALP-SHORT),2,0.2,1.558,1.556,1.556,1.566,2026-07-16 18:03:59 UTC,2026-07-16 18:05:09 UTC,69.11,0.3116,0.0042,0.0,0.0004,0.04,9.63,MIN_PROFIT_TP_HIT,0.244
1756,TRUMP_USDT,SHORT,StochasticRSI(FAST_SCALP-SHORT),2,0.2,1.563,1.561,1.561,1.571,2026-07-16 18:13:59 UTC,2026-07-16 18:15:23 UTC,83.77,0.3126,0.0042,0.0,0.0004,0.04,9.6,MIN_PROFIT_TP_HIT,0.2444
1757,TRUMP_USDT,SHORT,StochasticRSI(FAST_SCALP-SHORT),2,0.2,1.565,1.563,1.563,1.573,2026-07-16 18:21:59 UTC,2026-07-16 18:22:27 UTC,27.18,0.313,0.0042,0.0,0.0004,0.04,9.58,MIN_PROFIT_TP_HIT,0.2448
1758,TRUMP_USDT,SHORT,StochasticRSI(FAST_SCALP-SHORT),2,0.2,1.564,1.562,1.562,1.572,2026-07-16 18:23:59 UTC,2026-07-16 18:32:10 UTC,490.91,0.3128,0.0042,0.0,0.0004,0.04,9.59,MIN_PROFIT_TP_HIT,0.2452
1759,TRUMP_USDT,LONG,StochasticRSI(FAST_SCALP-LONG),2,0.2,1.56,1.562,1.562,1.552,2026-07-16 18:35:59 UTC,2026-07-16 18:48:38 UTC,758.69,0.312,0.0042,0.0,0.0004,0.04,9.62,MIN_PROFIT_TP_HIT,0.2456
1760,TRUMP_USDT,SHORT,StochasticRSI(FAST_SCALP-SHORT),2,0.2,1.561,1.559,1.559,1.569,2026-07-16 18:53:59 UTC,2026-07-16 18:55:44 UTC,104.35,0.3122,0.0042,0.0,0.0004,0.04,9.61,MIN_PROFIT_TP_HIT,0.246
1761,TRUMP_USDT,LONG,StochasticRSI(FAST_SCALP-LONG),2,0.2,1.56,1.562,1.562,1.552,2026-07-16 19:01:59 UTC,2026-07-16 19:05:45 UTC,225.5,0.312,0.0042,0.0,0.0004,0.04,9.62,MIN_PROFIT_TP_HIT,0.2464
1762,TRUMP_USDT,SHORT,StochasticRSI(FAST_SCALP-SHORT),2,0.2,1.557,1.555,1.555,1.565,2026-07-16 19:18:59 UTC,2026-07-16 19:22:54 UTC,234.61,0.3114,0.0042,0.0,0.0004,0.04,9.63,MIN_PROFIT_TP_HIT,0.2468
1763,TRUMP_USDT,LONG,StochasticRSI(FAST_SCALP-LONG),2,0.2,1.554,1.556,1.556,1.546,2026-07-16 19:26:59 UTC,2026-07-16 19:27:48 UTC,48.09,0.3108,0.0041,0.0,0.0004,0.04,9.65,MIN_PROFIT_TP_HIT,0.2472
1764,TRUMP_USDT,SHORT,StochasticRSI(FAST_SCALP-SHORT),2,0.2,1.559,1.557,1.557,1.567,2026-07-16 19:32:59 UTC,2026-07-16 19:36:45 UTC,225.67,0.3118,0.0042,0.0,0.0004,0.04,9.62,MIN_PROFIT_TP_HIT,0.2476
1765,TRUMP_USDT,SHORT,StochasticRSI(FAST_SCALP-SHORT),2,0.2,1.559,1.557,1.557,1.567,2026-07-16 19:44:59 UTC,2026-07-16 19:45:01 UTC,1.64,0.3118,0.0042,0.0,0.0004,0.04,9.62,MIN_PROFIT_TP_HIT,0.248
1766,TRUMP_USDT,LONG,StochasticRSI(FAST_SCALP-LONG),2,0.2,1.558,1.56,1.56,1.55,2026-07-16 19:49:59 UTC,2026-07-16 19:50:00 UTC,0.2,0.3116,0.0042,0.0,0.0004,0.04,9.63,MIN_PROFIT_TP_HIT,0.2484
1767,TRUMP_USDT,SHORT,StochasticRSI(FAST_SCALP-SHORT),2,0.2,1.56,1.558,1.558,1.568,2026-07-16 19:57:59 UTC,2026-07-16 19:59:12 UTC,72.25,0.312,0.0042,0.0,0.0004,0.04,9.62,MIN_PROFIT_TP_HIT,0.2488
1768,TRUMP_USDT,LONG,StochasticRSI(FAST_SCALP-LONG),2,0.2,1.557,1.559,1.559,1.549,2026-07-16 20:06:59 UTC,2026-07-16 20:11:00 UTC,240.22,0.3114,0.0042,0.0,0.0004,0.04,9.63,MIN_PROFIT_TP_HIT,0.2492
1769,TRUMP_USDT,SHORT,StochasticRSI(FAST_SCALP-SHORT),2,0.2,1.557,1.555,1.555,1.565,2026-07-16 20:15:59 UTC,2026-07-16 20:52:09 UTC,2169.74,0.3114,0.0042,0.0,0.0004,0.04,9.63,MIN_PROFIT_TP_HIT,0.2496
1770,TRUMP_USDT,LONG,StochasticRSI(FAST_SCALP-LONG),2,0.2,1.556,1.558,1.558,1.548,2026-07-16 20:54:59 UTC,2026-07-16 21:04:48 UTC,588.41,0.3112,0.0041,0.0,0.0004,0.04,9.64,MIN_PROFIT_TP_HIT,0.25
1771,TRUMP_USDT,SHORT,StochasticRSI(FAST_SCALP-SHORT),2,0.2,1.559,1.557,1.557,1.567,2026-07-16 21:12:59 UTC,2026-07-16 21:13:48 UTC,48.16,0.3118,0.0042,0.0,0.0004,0.04,9.62,MIN_PROFIT_TP_HIT,0.2504
1772,TRUMP_USDT,LONG,StochasticRSI(FAST_SCALP-LONG),2,0.2,1.559,1.561,1.561,1.551,2026-07-16 21:17:59 UTC,2026-07-16 21:23:10 UTC,310.89,0.3118,0.0042,0.0,0.0004,0.04,9.62,MIN_PROFIT_TP_HIT,0.2508
1773,TRUMP_USDT,SHORT,StochasticRSI(FAST_SCALP-SHORT),2,0.2,1.559,1.567,1.557,1.567,2026-07-16 21:25:59 UTC,2026-07-16 22:11:08 UTC,2708.72,0.3118,0.0042,0.0,-0.0016,-0.15,-38.49,STOP_LOSS_HIT,0.2492
1774,TRUMP_USDT,SHORT,StochasticRSI(FAST_SCALP-SHORT),2,0.2,1.565,1.563,1.563,1.573,2026-07-16 22:13:59 UTC,2026-07-16 22:15:27 UTC,87.3,0.313,0.0042,0.0,0.0004,0.04,9.58,MIN_PROFIT_TP_HIT,0.2496
1775,TRUMP_USDT,LONG,StochasticRSI(FAST_SCALP-LONG),2,0.2,1.562,1.554,1.564,1.554,2026-07-16 22:17:59 UTC,2026-07-16 22:29:16 UTC,676.14,0.3124,0.0042,0.0,-0.0016,-0.15,-38.41,STOP_LOSS_HIT,0.248
1776,TRUMP_USDT,LONG,StochasticRSI(FAST_SCALP-LONG),2,0.2,1.556,1.558,1.558,1.548,2026-07-16 22:32:59 UTC,2026-07-16 22:33:36 UTC,36.3,0.3112,0.0041,0.0,0.0004,0.04,9.64,MIN_PROFIT_TP_HIT,0.2484
1777,TRUMP_USDT,SHORT,StochasticRSI(FAST_SCALP-SHORT),2,0.2,1.553,1.551,1.551,1.561,2026-07-16 22:35:59 UTC,2026-07-16 22:40:18 UTC,258.77,0.3106,0.0041,0.0,0.0004,0.04,9.66,MIN_PROFIT_TP_HIT,0.2488
1778,TRUMP_USDT,LONG,StochasticRSI(FAST_SCALP-LONG),2,0.2,1.548,1.54,1.55,1.54,2026-07-16 22:45:59 UTC,2026-07-16 23:11:39 UTC,1539.98,0.3096,0.0041,0.0,-0.0016,-0.15,-38.76,STOP_LOSS_HIT,0.2472
1779,TRUMP_USDT,LONG,StochasticRSI(FAST_SCALP-LONG),2,0.2,1.544,1.536,1.546,1.536,2026-07-16 23:13:59 UTC,2026-07-16 23:20:19 UTC,379.01,0.3088,0.0041,0.0,-0.0016,-0.15,-38.86,STOP_LOSS_HIT,0.2456
1780,TRUMP_USDT,LONG,StochasticRSI(FAST_SCALP-LONG),2,0.2,1.537,1.539,1.539,1.529,2026-07-16 23:24:59 UTC,2026-07-16 23:25:17 UTC,17.86,0.3074,0.0041,0.0,0.0004,0.04,9.76,MIN_PROFIT_TP_HIT,0.246
1781,TRUMP_USDT,SHORT,StochasticRSI(FAST_SCALP-SHORT),2,0.2,1.541,1.539,1.539,1.549,2026-07-16 23:30:59 UTC,2026-07-16 23:32:23 UTC,83.67,0.3082,0.0041,0.0,0.0004,0.04,9.73,MIN_PROFIT_TP_HIT,0.2464
1782,TRUMP_USDT,SHORT,StochasticRSI(FAST_SCALP-SHORT),2,0.2,1.545,1.543,1.543,1.553,2026-07-16 23:42:59 UTC,2026-07-16 23:43:23 UTC,23.05,0.309,0.0041,0.0,0.0004,0.04,9.71,MIN_PROFIT_TP_HIT,0.2468
1783,TRUMP_USDT,SHORT,StochasticRSI(FAST_SCALP-SHORT),2,0.2,1.544,1.542,1.542,1.552,2026-07-16 23:46:59 UTC,2026-07-17 00:05:18 UTC,1098.78,0.3088,0.0041,0.0,0.0004,0.04,9.72,MIN_PROFIT_TP_HIT,0.2472
1784,TRUMP_USDT,LONG,StochasticRSI(FAST_SCALP-LONG),2,0.2,1.544,1.546,1.546,1.536,2026-07-17 00:09:59 UTC,2026-07-17 00:15:19 UTC,319.19,0.3088,0.0041,0.0,0.0004,0.04,9.72,MIN_PROFIT_TP_HIT,0.2476
1785,TRUMP_USDT,SHORT,StochasticRSI(FAST_SCALP-SHORT),2,0.2,1.546,1.544,1.544,1.554,2026-07-17 00:19:59 UTC,2026-07-17 00:30:48 UTC,648.08,0.3092,0.0041,0.0,0.0004,0.04,9.7,MIN_PROFIT_TP_HIT,0.248
1786,TRUMP_USDT,LONG,StochasticRSI(FAST_SCALP-LONG),2,0.2,1.547,1.539,1.549,1.539,2026-07-17 00:33:59 UTC,2026-07-17 00:36:49 UTC,169.91,0.3094,0.0041,0.0,-0.0016,-0.15,-38.78,STOP_LOSS_HIT,0.2464
1787,TRUMP_USDT,LONG,StochasticRSI(FAST_SCALP-LONG),2,0.2,1.544,1.546,1.546,1.536,2026-07-17 00:39:59 UTC,2026-07-17 00:40:04 UTC,4.04,0.3088,0.0041,0.0,0.0004,0.04,9.72,MIN_PROFIT_TP_HIT,0.2468
1788,TRUMP_USDT,SHORT,StochasticRSI(FAST_SCALP-SHORT),2,0.2,1.548,1.556,1.546,1.556,2026-07-17 00:44:59 UTC,2026-07-17 00:59:46 UTC,886.22,0.3096,0.0041,0.0,-0.0016,-0.15,-38.76,STOP_LOSS_HIT,0.2452
1789,TRUMP_USDT,SHORT,StochasticRSI(FAST_SCALP-SHORT),2,0.2,1.558,1.556,1.556,1.566,2026-07-17 01:07:59 UTC,2026-07-17 01:18:43 UTC,643.0,0.3116,0.0042,0.0,0.0004,0.04,9.63,MIN_PROFIT_TP_HIT,0.2456
1790,TRUMP_USDT,LONG,StochasticRSI(FAST_SCALP-LONG),2,0.2,1.557,1.559,1.559,1.549,2026-07-17 01:26:59 UTC,2026-07-17 01:28:01 UTC,61.27,0.3114,0.0042,0.0,0.0004,0.04,9.63,MIN_PROFIT_TP_HIT,0.246
1791,TRUMP_USDT,LONG,StochasticRSI(FAST_SCALP-LONG),2,0.2,1.557,1.549,1.559,1.549,2026-07-17 01:37:59 UTC,2026-07-17 01:55:06 UTC,1026.1,0.3114,0.0042,0.0,-0.0016,-0.15,-38.54,STOP_LOSS_HIT,0.2444
1792,TRUMP_USDT,LONG,StochasticRSI(FAST_SCALP-LONG),2,0.2,1.548,1.55,1.55,1.54,2026-07-17 01:59:59 UTC,2026-07-17 02:00:32 UTC,32.82,0.3096,0.0041,0.0,0.0004,0.04,9.69,MIN_PROFIT_TP_HIT,0.2448
1793,TRUMP_USDT,SHORT,StochasticRSI(FAST_SCALP-SHORT),2,0.2,1.547,1.545,1.545,1.555,2026-07-17 02:08:59 UTC,2026-07-17 02:09:23 UTC,23.63,0.3094,0.0041,0.0,0.0004,0.04,9.7,MIN_PROFIT_TP_HIT,0.2452
1794,TRUMP_USDT,LONG,StochasticRSI(FAST_SCALP-LONG),2,0.2,1.543,1.545,1.545,1.535,2026-07-17 02:13:59 UTC,2026-07-17 02:15:32 UTC,92.09,0.3086,0.0041,0.0,0.0004,0.04,9.72,MIN_PROFIT_TP_HIT,0.2456
1795,TRUMP_USDT,SHORT,StochasticRSI(FAST_SCALP-SHORT),2,0.2,1.543,1.541,1.541,1.551,2026-07-17 02:20:59 UTC,2026-07-17 02:21:43 UTC,43.32,0.3086,0.0041,0.0,0.0004,0.04,9.72,MIN_PROFIT_TP_HIT,0.246
1796,TRUMP_USDT,LONG,StochasticRSI(FAST_SCALP-LONG),2,0.2,1.543,1.545,1.545,1.535,2026-07-17 02:24:59 UTC,2026-07-17 02:28:47 UTC,227.11,0.3086,0.0041,0.0,0.0004,0.04,9.72,MIN_PROFIT_TP_HIT,0.2464
1797,TRUMP_USDT,SHORT,StochasticRSI(FAST_SCALP-SHORT),2,0.2,1.543,1.541,1.541,1.551,2026-07-17 02:32:59 UTC,2026-07-17 02:33:22 UTC,22.7,0.3086,0.0041,0.0,0.0004,0.04,9.72,MIN_PROFIT_TP_HIT,0.2468
1798,TRUMP_USDT,LONG,StochasticRSI(FAST_SCALP-LONG),2,0.2,1.54,1.542,1.542,1.532,2026-07-17 02:40:59 UTC,2026-07-17 02:43:33 UTC,153.41,0.308,0.0041,0.0,0.0004,0.04,9.74,MIN_PROFIT_TP_HIT,0.2472
1799,TRUMP_USDT,SHORT,StochasticRSI(FAST_SCALP-SHORT),2,0.2,1.542,1.54,1.54,1.55,2026-07-17 02:47:59 UTC,2026-07-17 02:48:51 UTC,51.82,0.3084,0.0041,0.0,0.0004,0.04,9.73,MIN_PROFIT_TP_HIT,0.2476
1800,TRUMP_USDT,LONG,StochasticRSI(FAST_SCALP-LONG),2,0.2,1.538,1.54,1.54,1.53,2026-07-17 02:57:59 UTC,2026-07-17 02:58:26 UTC,26.93,0.3076,0.0041,0.0,0.0004,0.04,9.75,MIN_PROFIT_TP_HIT,0.248
1801,TRUMP_USDT,SHORT,StochasticRSI(FAST_SCALP-SHORT),2,0.2,1.541,1.549,1.539,1.549,2026-07-17 03:03:59 UTC,2026-07-17 03:16:00 UTC,720.75,0.3082,0.0041,0.0,-0.0016,-0.15,-38.94,STOP_LOSS_HIT,0.2464
1802,TRUMP_USDT,SHORT,StochasticRSI(FAST_SCALP-SHORT),2,0.2,1.552,1.55,1.55,1.56,2026-07-17 03:24:59 UTC,2026-07-17 03:32:31 UTC,451.43,0.3104,0.0041,0.0,0.0004,0.04,9.66,MIN_PROFIT_TP_HIT,0.2468
1803,TRUMP_USDT,LONG,StochasticRSI(FAST_SCALP-LONG),2,0.2,1.551,1.553,1.553,1.543,2026-07-17 03:36:59 UTC,2026-07-17 03:42:32 UTC,332.23,0.3102,0.0041,0.0,0.0004,0.04,9.67,MIN_PROFIT_TP_HIT,0.2472
1804,TRUMP_USDT,LONG,StochasticRSI(FAST_SCALP-LONG),2,0.2,1.55,1.552,1.552,1.542,2026-07-17 03:52:59 UTC,2026-07-17 03:58:35 UTC,335.05,0.31,0.0041,0.0,0.0004,0.04,9.68,MIN_PROFIT_TP_HIT,0.2476
1805,TRUMP_USDT,SHORT,StochasticRSI(FAST_SCALP-SHORT),2,0.2,1.549,1.547,1.547,1.557,2026-07-17 04:01:59 UTC,2026-07-17 04:03:10 UTC,70.35,0.3098,0.0041,0.0,0.0004,0.04,9.68,MIN_PROFIT_TP_HIT,0.248
1806,TRUMP_USDT,LONG,StochasticRSI(FAST_SCALP-LONG),2,0.2,1.55,1.552,1.552,1.542,2026-07-17 04:05:59 UTC,2026-07-17 04:07:55 UTC,115.18,0.31,0.0041,0.0,0.0004,0.04,9.68,MIN_PROFIT_TP_HIT,0.2484
1807,TRUMP_USDT,SHORT,StochasticRSI(FAST_SCALP-SHORT),2,0.2,1.553,1.551,1.551,1.561,2026-07-17 04:12:59 UTC,2026-07-17 04:13:28 UTC,28.14,0.3106,0.0041,0.0,0.0004,0.04,9.66,MIN_PROFIT_TP_HIT,0.2488
1808,TRUMP_USDT,LONG,StochasticRSI(FAST_SCALP-LONG),2,0.2,1.548,1.55,1.55,1.54,2026-07-17 04:18:59 UTC,2026-07-17 04:31:24 UTC,744.4,0.3096,0.0041,0.0,0.0004,0.04,9.69,MIN_PROFIT_TP_HIT,0.2492
1809,TRUMP_USDT,SHORT,StochasticRSI(FAST_SCALP-SHORT),2,0.2,1.55,1.548,1.548,1.558,2026-07-17 04:35:59 UTC,2026-07-17 04:36:27 UTC,27.46,0.31,0.0041,0.0,0.0004,0.04,9.68,MIN_PROFIT_TP_HIT,0.2496
1810,TRUMP_USDT,SHORT,StochasticRSI(FAST_SCALP-SHORT),2,0.2,1.556,1.554,1.554,1.564,2026-07-17 04:50:59 UTC,2026-07-17 04:57:57 UTC,417.06,0.3112,0.0041,0.0,0.0004,0.04,9.64,MIN_PROFIT_TP_HIT,0.25
1811,TRUMP_USDT,LONG,StochasticRSI(FAST_SCALP-LONG),2,0.2,1.554,1.556,1.556,1.546,2026-07-17 04:59:59 UTC,2026-07-17 05:10:28 UTC,628.63,0.3108,0.0041,0.0,0.0004,0.04,9.65,MIN_PROFIT_TP_HIT,0.2504
1812,TRUMP_USDT,SHORT,StochasticRSI(FAST_SCALP-SHORT),2,0.2,1.553,1.551,1.551,1.561,2026-07-17 05:12:59 UTC,2026-07-17 05:21:08 UTC,488.63,0.3106,0.0041,0.0,0.0004,0.04,9.66,MIN_PROFIT_TP_HIT,0.2508
1813,TRUMP_USDT,LONG,StochasticRSI(FAST_SCALP-LONG),2,0.2,1.549,1.541,1.551,1.541,2026-07-17 05:24:59 UTC,2026-07-17 05:40:37 UTC,937.97,0.3098,0.0041,0.0,-0.0016,-0.15,-38.73,STOP_LOSS_HIT,0.2492
1814,TRUMP_USDT,SHORT,StochasticRSI(FAST_SCALP-SHORT),2,0.2,1.536,1.544,1.534,1.544,2026-07-17 05:46:59 UTC,2026-07-17 06:03:33 UTC,993.38,0.3072,0.0041,0.0,-0.0016,-0.15,-39.06,STOP_LOSS_HIT,0.2476
1815,TRUMP_USDT,SHORT,StochasticRSI(FAST_SCALP-SHORT),2,0.2,1.541,1.539,1.539,1.549,2026-07-17 06:07:59 UTC,2026-07-17 07:15:37 UTC,4057.86,0.3082,0.0041,0.0,0.0004,0.04,9.73,MIN_PROFIT_TP_HIT,0.248
1816,TRUMP_USDT,LONG,StochasticRSI(FAST_SCALP-LONG),2,0.2,1.537,1.539,1.539,1.529,2026-07-17 07:22:59 UTC,2026-07-17 07:23:46 UTC,46.43,0.3074,0.0041,0.0,0.0004,0.04,9.76,MIN_PROFIT_TP_HIT,0.2484
1817,TRUMP_USDT,LONG,StochasticRSI(FAST_SCALP-LONG),2,0.2,1.535,1.537,1.537,1.527,2026-07-17 07:26:59 UTC,2026-07-17 07:27:22 UTC,22.97,0.307,0.0041,0.0,0.0004,0.04,9.77,MIN_PROFIT_TP_HIT,0.2488
1818,TRUMP_USDT,SHORT,StochasticRSI(FAST_SCALP-SHORT),2,0.2,1.537,1.535,1.535,1.545,2026-07-17 07:32:59 UTC,2026-07-17 07:33:11 UTC,11.44,0.3074,0.0041,0.0,0.0004,0.04,9.76,MIN_PROFIT_TP_HIT,0.2492
1819,TRUMP_USDT,LONG,StochasticRSI(FAST_SCALP-LONG),2,0.2,1.532,1.534,1.534,1.524,2026-07-17 07:38:59 UTC,2026-07-17 07:40:04 UTC,64.52,0.3064,0.0041,0.0,0.0004,0.04,9.79,MIN_PROFIT_TP_HIT,0.2496
1820,TRUMP_USDT,SHORT,StochasticRSI(FAST_SCALP-SHORT),2,0.2,1.533,1.531,1.531,1.541,2026-07-17 07:45:59 UTC,2026-07-17 07:58:02 UTC,722.85,0.3066,0.0041,0.0,0.0004,0.04,9.78,MIN_PROFIT_TP_HIT,0.25
1821,TRUMP_USDT,LONG,StochasticRSI(FAST_SCALP-LONG),2,0.2,1.533,1.535,1.535,1.525,2026-07-17 08:01:59 UTC,2026-07-17 08:03:08 UTC,68.62,0.3066,0.0041,0.0,0.0004,0.04,9.78,MIN_PROFIT_TP_HIT,0.2504
1822,TRUMP_USDT,SHORT,StochasticRSI(FAST_SCALP-SHORT),2,0.2,1.534,1.532,1.532,1.542,2026-07-17 08:05:59 UTC,2026-07-17 08:07:18 UTC,78.69,0.3068,0.0041,0.0,0.0004,0.04,9.78,MIN_PROFIT_TP_HIT,0.2508
1823,TRUMP_USDT,SHORT,StochasticRSI(FAST_SCALP-SHORT),2,0.2,1.531,1.529,1.529,1.539,2026-07-17 08:08:59 UTC,2026-07-17 08:16:28 UTC,448.01,0.3062,0.0041,0.0,0.0004,0.04,9.8,MIN_PROFIT_TP_HIT,0.2512
1824,TRUMP_USDT,LONG,StochasticRSI(FAST_SCALP-LONG),2,0.2,1.525,1.527,1.527,1.517,2026-07-17 08:20:59 UTC,2026-07-17 08:21:08 UTC,8.95,0.305,0.0041,0.0,0.0004,0.04,9.84,MIN_PROFIT_TP_HIT,0.2516
1825,TRUMP_USDT,SHORT,StochasticRSI(FAST_SCALP-SHORT),2,0.2,1.528,1.526,1.526,1.536,2026-07-17 08:28:59 UTC,2026-07-17 08:30:59 UTC,119.4,0.3056,0.0041,0.0,0.0004,0.04,9.82,MIN_PROFIT_TP_HIT,0.252
1826,TRUMP_USDT,SHORT,StochasticRSI(FAST_SCALP-SHORT),2,0.2,1.524,1.522,1.522,1.532,2026-07-17 08:31:59 UTC,2026-07-17 08:36:41 UTC,281.16,0.3048,0.0041,0.0,0.0004,0.04,9.84,MIN_PROFIT_TP_HIT,0.2524
1827,TRUMP_USDT,SHORT,StochasticRSI(FAST_SCALP-SHORT),2,0.2,1.533,1.531,1.531,1.541,2026-07-17 08:50:59 UTC,2026-07-17 09:03:24 UTC,744.58,0.3066,0.0041,0.0,0.0004,0.04,9.78,MIN_PROFIT_TP_HIT,0.2528
1828,TRUMP_USDT,LONG,StochasticRSI(FAST_SCALP-LONG),2,0.2,1.532,1.534,1.534,1.524,2026-07-17 09:06:59 UTC,2026-07-17 09:07:43 UTC,43.23,0.3064,0.0041,0.0,0.0004,0.04,9.79,MIN_PROFIT_TP_HIT,0.2532
1829,TRUMP_USDT,SHORT,StochasticRSI(FAST_SCALP-SHORT),2,0.2,1.533,1.531,1.531,1.541,2026-07-17 09:16:59 UTC,2026-07-17 09:34:36 UTC,1056.3,0.3066,0.0041,0.0,0.0004,0.04,9.78,MIN_PROFIT_TP_HIT,0.2536
1830,TRUMP_USDT,LONG,StochasticRSI(FAST_SCALP-LONG),2,0.2,1.533,1.535,1.535,1.525,2026-07-17 09:36:59 UTC,2026-07-17 09:38:24 UTC,84.27,0.3066,0.0041,0.0,0.0004,0.04,9.78,MIN_PROFIT_TP_HIT,0.254
1831,TRUMP_USDT,SHORT,StochasticRSI(FAST_SCALP-SHORT),2,0.2,1.535,1.543,1.533,1.543,2026-07-17 09:43:59 UTC,2026-07-17 10:41:19 UTC,3439.05,0.307,0.0041,0.0,-0.0016,-0.15,-39.09,STOP_LOSS_HIT,0.2524
1832,TRUMP_USDT,SHORT,StochasticRSI(FAST_SCALP-SHORT),2,0.2,1.541,1.539,1.539,1.549,2026-07-17 10:49:59 UTC,2026-07-17 11:07:07 UTC,1027.43,0.3082,0.0041,0.0,0.0004,0.04,9.73,MIN_PROFIT_TP_HIT,0.2528
1833,TRUMP_USDT,LONG,StochasticRSI(FAST_SCALP-LONG),2,0.2,1.539,1.531,1.541,1.531,2026-07-17 11:11:59 UTC,2026-07-17 12:31:11 UTC,4751.62,0.3078,0.0041,0.0,-0.0016,-0.15,-38.99,STOP_LOSS_HIT,0.2512
1834,TRUMP_USDT,LONG,StochasticRSI(FAST_SCALP-LONG),2,0.2,1.53,1.522,1.532,1.522,2026-07-17 12:34:59 UTC,2026-07-17 13:06:00 UTC,1860.89,0.306,0.0041,0.0,-0.0016,-0.15,-39.22,STOP_LOSS_HIT,0.2496
1835,TRUMP_USDT,LONG,StochasticRSI(FAST_SCALP-LONG),2,0.2,1.519,1.511,1.521,1.511,2026-07-17 13:09:59 UTC,2026-07-17 13:12:01 UTC,121.86,0.3038,0.0041,0.0,-0.0016,-0.15,-39.5,STOP_LOSS_HIT,0.248
1836,TRUMP_USDT,SHORT,StochasticRSI(FAST_SCALP-SHORT),2,0.2,1.518,1.516,1.516,1.526,2026-07-17 13:17:59 UTC,2026-07-17 13:25:00 UTC,420.97,0.3036,0.004,0.0,0.0004,0.04,9.88,MIN_PROFIT_TP_HIT,0.2484
1837,TRUMP_USDT,LONG,StochasticRSI(FAST_SCALP-LONG),2,0.2,1.507,1.509,1.509,1.499,2026-07-17 13:39:59 UTC,2026-07-17 13:40:00 UTC,0.81,0.3014,0.004,0.0,0.0004,0.04,9.95,MIN_PROFIT_TP_HIT,0.2488
1838,TRUMP_USDT,SHORT,StochasticRSI(FAST_SCALP-SHORT),2,0.2,1.509,1.517,1.507,1.517,2026-07-17 13:45:59 UTC,2026-07-17 13:50:43 UTC,283.22,0.3018,0.004,0.0,-0.0016,-0.15,-39.76,STOP_LOSS_HIT,0.2472
1839,TRUMP_USDT,SHORT,StochasticRSI(FAST_SCALP-SHORT),2,0.2,1.522,1.52,1.52,1.53,2026-07-17 13:55:59 UTC,2026-07-17 13:56:12 UTC,12.38,0.3044,0.0041,0.0,0.0004,0.04,9.86,MIN_PROFIT_TP_HIT,0.2476
1840,TRUMP_USDT,SHORT,StochasticRSI(FAST_SCALP-SHORT),2,0.2,1.534,1.542,1.532,1.542,2026-07-17 14:04:59 UTC,2026-07-17 14:08:43 UTC,223.66,0.3068,0.0041,0.0,-0.0016,-0.15,-39.11,STOP_LOSS_HIT,0.246
1841,TRUMP_USDT,LONG,StochasticRSI(FAST_SCALP-LONG),2,0.2,1.54,1.542,1.542,1.532,2026-07-17 14:16:59 UTC,2026-07-17 14:17:03 UTC,3.73,0.308,0.0041,0.0,0.0004,0.04,9.74,MIN_PROFIT_TP_HIT,0.2464
1842,TRUMP_USDT,LONG,StochasticRSI(FAST_SCALP-LONG),2,0.2,1.537,1.539,1.539,1.529,2026-07-17 14:19:59 UTC,2026-07-17 14:20:45 UTC,45.77,0.3074,0.0041,0.0,0.0004,0.04,9.76,MIN_PROFIT_TP_HIT,0.2468
1843,TRUMP_USDT,LONG,StochasticRSI(FAST_SCALP-LONG),2,0.2,1.537,1.539,1.539,1.529,2026-07-17 14:23:59 UTC,2026-07-17 14:24:34 UTC,34.4,0.3074,0.0041,0.0,0.0004,0.04,9.76,MIN_PROFIT_TP_HIT,0.2472
1844,TRUMP_USDT,LONG,StochasticRSI(FAST_SCALP-LONG),2,0.2,1.537,1.539,1.539,1.529,2026-07-17 14:28:59 UTC,2026-07-17 14:31:12 UTC,132.66,0.3074,0.0041,0.0,0.0004,0.04,9.76,MIN_PROFIT_TP_HIT,0.2476
1845,TRUMP_USDT,LONG,StochasticRSI(FAST_SCALP-LONG),2,0.2,1.538,1.54,1.54,1.53,2026-07-17 14:33:59 UTC,2026-07-17 14:34:35 UTC,35.47,0.3076,0.0041,0.0,0.0004,0.04,9.75,MIN_PROFIT_TP_HIT,0.248
1846,TRUMP_USDT,SHORT,StochasticRSI(FAST_SCALP-SHORT),2,0.2,1.544,1.542,1.542,1.552,2026-07-17 14:39:59 UTC,2026-07-17 14:41:07 UTC,67.5,0.3088,0.0041,0.0,0.0004,0.04,9.72,MIN_PROFIT_TP_HIT,0.2484
1847,TRUMP_USDT,LONG,StochasticRSI(FAST_SCALP-LONG),2,0.2,1.541,1.543,1.543,1.533,2026-07-17 14:46:59 UTC,2026-07-17 14:47:22 UTC,22.98,0.3082,0.0041,0.0,0.0004,0.04,9.73,MIN_PROFIT_TP_HIT,0.2488
1848,TRUMP_USDT,LONG,StochasticRSI(FAST_SCALP-LONG),2,0.2,1.543,1.535,1.545,1.535,2026-07-17 14:48:59 UTC,2026-07-17 15:06:11 UTC,1031.16,0.3086,0.0041,0.0,-0.0016,-0.15,-38.89,STOP_LOSS_HIT,0.2472
1849,TRUMP_USDT,SHORT,StochasticRSI(FAST_SCALP-SHORT),2,0.2,1.535,1.533,1.533,1.543,2026-07-17 15:22:59 UTC,2026-07-17 15:23:25 UTC,25.21,0.307,0.0041,0.0,0.0004,0.04,9.77,MIN_PROFIT_TP_HIT,0.2476
1850,TRUMP_USDT,SHORT,StochasticRSI(FAST_SCALP-SHORT),2,0.2,1.532,1.53,1.53,1.54,2026-07-17 15:24:59 UTC,2026-07-17 15:32:11 UTC,431.05,0.3064,0.0041,0.0,0.0004,0.04,9.79,MIN_PROFIT_TP_HIT,0.248
1851,TRUMP_USDT,SHORT,StochasticRSI(FAST_SCALP-SHORT),2,0.2,1.542,1.54,1.54,1.55,2026-07-17 15:42:59 UTC,2026-07-17 15:46:32 UTC,212.35,0.3084,0.0041,0.0,0.0004,0.04,9.73,MIN_PROFIT_TP_HIT,0.2484
1852,TRUMP_USDT,LONG,StochasticRSI(FAST_SCALP-LONG),2,0.2,1.544,1.546,1.546,1.536,2026-07-17 15:50:59 UTC,2026-07-17 15:54:33 UTC,213.72,0.3088,0.0041,0.0,0.0004,0.04,9.72,MIN_PROFIT_TP_HIT,0.2488
1853,TRUMP_USDT,SHORT,StochasticRSI(FAST_SCALP-SHORT),2,0.2,1.545,1.543,1.543,1.553,2026-07-17 15:58:59 UTC,2026-07-17 16:01:12 UTC,132.73,0.309,0.0041,0.0,0.0004,0.04,9.71,MIN_PROFIT_TP_HIT,0.2492
1854,TRUMP_USDT,LONG,StochasticRSI(FAST_SCALP-LONG),2,0.2,1.548,1.55,1.55,1.54,2026-07-17 16:03:59 UTC,2026-07-17 16:09:56 UTC,356.7,0.3096,0.0041,0.0,0.0004,0.04,9.69,MIN_PROFIT_TP_HIT,0.2496
1855,TRUMP_USDT,SHORT,StochasticRSI(FAST_SCALP-SHORT),2,0.2,1.55,1.548,1.548,1.558,2026-07-17 16:14:59 UTC,2026-07-17 16:16:59 UTC,119.79,0.31,0.0041,0.0,0.0004,0.04,9.68,MIN_PROFIT_TP_HIT,0.25
1856,TRUMP_USDT,LONG,StochasticRSI(FAST_SCALP-LONG),2,0.2,1.551,1.553,1.553,1.543,2026-07-17 16:19:59 UTC,2026-07-17 16:27:04 UTC,424.19,0.3102,0.0041,0.0,0.0004,0.04,9.67,MIN_PROFIT_TP_HIT,0.2504
1857,TRUMP_USDT,SHORT,StochasticRSI(FAST_SCALP-SHORT),2,0.2,1.553,1.561,1.551,1.561,2026-07-17 16:31:59 UTC,2026-07-17 16:37:27 UTC,327.92,0.3106,0.0041,0.0,-0.0016,-0.15,-38.63,STOP_LOSS_HIT,0.2488
1858,TRUMP_USDT,SHORT,StochasticRSI(FAST_SCALP-SHORT),2,0.2,1.558,1.556,1.556,1.566,2026-07-17 16:39:59 UTC,2026-07-17 16:40:44 UTC,44.99,0.3116,0.0042,0.0,0.0004,0.04,9.63,MIN_PROFIT_TP_HIT,0.2492
1859,TRUMP_USDT,LONG,StochasticRSI(FAST_SCALP-LONG),2,0.2,1.559,1.561,1.561,1.551,2026-07-17 16:43:59 UTC,2026-07-17 16:44:18 UTC,18.05,0.3118,0.0042,0.0,0.0004,0.04,9.62,MIN_PROFIT_TP_HIT,0.2496
1860,TRUMP_USDT,SHORT,StochasticRSI(FAST_SCALP-SHORT),2,0.2,1.566,1.564,1.564,1.574,2026-07-17 16:50:59 UTC,2026-07-17 16:51:50 UTC,50.84,0.3132,0.0042,0.0,0.0004,0.04,9.58,MIN_PROFIT_TP_HIT,0.25
1861,TRUMP_USDT,LONG,StochasticRSI(FAST_SCALP-LONG),2,0.2,1.559,1.561,1.561,1.551,2026-07-17 17:00:59 UTC,2026-07-17 17:01:20 UTC,20.24,0.3118,0.0042,0.0,0.0004,0.04,9.62,MIN_PROFIT_TP_HIT,0.2504
1862,TRUMP_USDT,SHORT,StochasticRSI(FAST_SCALP-SHORT),2,0.2,1.558,1.566,1.556,1.566,2026-07-17 17:05:59 UTC,2026-07-17 17:09:04 UTC,184.86,0.3116,0.0042,0.0,-0.0016,-0.15,-38.51,STOP_LOSS_HIT,0.2488
1863,TRUMP_USDT,LONG,StochasticRSI(FAST_SCALP-LONG),2,0.2,1.561,1.553,1.563,1.553,2026-07-17 17:17:59 UTC,2026-07-17 17:22:49 UTC,289.41,0.3122,0.0042,0.0,-0.0016,-0.15,-38.44,STOP_LOSS_HIT,0.2472
1864,TRUMP_USDT,LONG,StochasticRSI(FAST_SCALP-LONG),2,0.2,1.556,1.548,1.558,1.548,2026-07-17 17:27:59 UTC,2026-07-17 17:55:08 UTC,1628.04,0.3112,0.0041,0.0,-0.0016,-0.15,-38.56,STOP_LOSS_HIT,0.2456
1865,TRUMP_USDT,SHORT,StochasticRSI(FAST_SCALP-SHORT),2,0.2,1.548,1.546,1.546,1.556,2026-07-17 17:56:59 UTC,2026-07-17 18:06:21 UTC,561.06,0.3096,0.0041,0.0,0.0004,0.04,9.69,MIN_PROFIT_TP_HIT,0.246
1866,TRUMP_USDT,SHORT,StochasticRSI(FAST_SCALP-SHORT),2,0.2,1.546,1.544,1.544,1.554,2026-07-17 18:07:59 UTC,2026-07-17 18:20:51 UTC,771.11,0.3092,0.0041,0.0,0.0004,0.04,9.7,MIN_PROFIT_TP_HIT,0.2464
1867,TRUMP_USDT,SHORT,StochasticRSI(FAST_SCALP-SHORT),2,0.2,1.546,1.544,1.544,1.554,2026-07-17 18:32:59 UTC,2026-07-17 18:33:37 UTC,37.9,0.3092,0.0041,0.0,0.0004,0.04,9.7,MIN_PROFIT_TP_HIT,0.2468
1868,TRUMP_USDT,LONG,StochasticRSI(FAST_SCALP-LONG),2,0.2,1.548,1.55,1.55,1.54,2026-07-17 18:45:59 UTC,2026-07-17 18:47:12 UTC,72.98,0.3096,0.0041,0.0,0.0004,0.04,9.69,MIN_PROFIT_TP_HIT,0.2472
1869,TRUMP_USDT,SHORT,StochasticRSI(FAST_SCALP-SHORT),2,0.2,1.551,1.549,1.549,1.559,2026-07-17 18:51:59 UTC,2026-07-17 19:00:39 UTC,519.13,0.3102,0.0041,0.0,0.0004,0.04,9.67,MIN_PROFIT_TP_HIT,0.2476
1870,TRUMP_USDT,LONG,StochasticRSI(FAST_SCALP-LONG),2,0.2,1.552,1.554,1.554,1.544,2026-07-17 19:03:59 UTC,2026-07-17 19:04:18 UTC,18.87,0.3104,0.0041,0.0,0.0004,0.04,9.66,MIN_PROFIT_TP_HIT,0.248
1871,TRUMP_USDT,SHORT,StochasticRSI(FAST_SCALP-SHORT),2,0.2,1.551,1.549,1.549,1.559,2026-07-17 19:08:59 UTC,2026-07-17 19:09:16 UTC,16.75,0.3102,0.0041,0.0,0.0004,0.04,9.67,MIN_PROFIT_TP_HIT,0.2484
1872,TRUMP_USDT,LONG,StochasticRSI(FAST_SCALP-LONG),2,0.2,1.545,1.547,1.547,1.537,2026-07-17 19:12:59 UTC,2026-07-17 19:28:50 UTC,950.8,0.309,0.0041,0.0,0.0004,0.04,9.71,MIN_PROFIT_TP_HIT,0.2488
1873,TRUMP_USDT,SHORT,StochasticRSI(FAST_SCALP-SHORT),2,0.2,1.546,1.544,1.544,1.554,2026-07-17 19:31:59 UTC,2026-07-17 19:40:17 UTC,497.01,0.3092,0.0041,0.0,0.0004,0.04,9.7,MIN_PROFIT_TP_HIT,0.2492
1874,TRUMP_USDT,LONG,StochasticRSI(FAST_SCALP-LONG),2,0.2,1.547,1.539,1.549,1.539,2026-07-17 19:43:59 UTC,2026-07-17 20:03:29 UTC,1169.68,0.3094,0.0041,0.0,-0.0016,-0.15,-38.78,STOP_LOSS_HIT,0.2476
1875,TRUMP_USDT,SHORT,StochasticRSI(FAST_SCALP-SHORT),2,0.2,1.543,1.541,1.541,1.551,2026-07-17 20:15:59 UTC,2026-07-17 20:31:16 UTC,916.98,0.3086,0.0041,0.0,0.0004,0.04,9.72,MIN_PROFIT_TP_HIT,0.248
1876,TRUMP_USDT,LONG,StochasticRSI(FAST_SCALP-LONG),2,0.2,1.542,1.544,1.544,1.534,2026-07-17 20:34:59 UTC,2026-07-17 20:55:41 UTC,1241.77,0.3084,0.0041,0.0,0.0004,0.04,9.73,MIN_PROFIT_TP_HIT,0.2484
1877,TRUMP_USDT,SHORT,StochasticRSI(FAST_SCALP-SHORT),2,0.2,1.544,1.542,1.542,1.552,2026-07-17 20:59:59 UTC,2026-07-17 21:43:20 UTC,2600.53,0.3088,0.0041,0.0,0.0004,0.04,9.72,MIN_PROFIT_TP_HIT,0.2488
1878,TRUMP_USDT,LONG,StochasticRSI(FAST_SCALP-LONG),2,0.2,1.541,1.543,1.543,1.533,2026-07-17 21:57:59 UTC,2026-07-17 22:11:45 UTC,825.38,0.3082,0.0041,0.0,0.0004,0.04,9.73,MIN_PROFIT_TP_HIT,0.2492
1879,TRUMP_USDT,SHORT,StochasticRSI(FAST_SCALP-SHORT),2,0.2,1.543,1.541,1.541,1.551,2026-07-17 22:16:59 UTC,2026-07-17 22:17:13 UTC,13.63,0.3086,0.0041,0.0,0.0004,0.04,9.72,MIN_PROFIT_TP_HIT,0.2496
1880,TRUMP_USDT,LONG,StochasticRSI(FAST_SCALP-LONG),2,0.2,1.542,1.544,1.544,1.534,2026-07-17 22:21:59 UTC,2026-07-17 22:41:17 UTC,1157.47,0.3084,0.0041,0.0,0.0004,0.04,9.73,MIN_PROFIT_TP_HIT,0.25
1881,TRUMP_USDT,SHORT,StochasticRSI(FAST_SCALP-SHORT),2,0.2,1.545,1.543,1.543,1.553,2026-07-17 22:45:59 UTC,2026-07-17 23:10:20 UTC,1460.57,0.309,0.0041,0.0,0.0004,0.04,9.71,MIN_PROFIT_TP_HIT,0.2504
1882,TRUMP_USDT,LONG,StochasticRSI(FAST_SCALP-LONG),2,0.2,1.542,1.544,1.544,1.534,2026-07-17 23:14:59 UTC,2026-07-17 23:18:47 UTC,227.14,0.3084,0.0041,0.0,0.0004,0.04,9.73,MIN_PROFIT_TP_HIT,0.2508
1883,TRUMP_USDT,SHORT,StochasticRSI(FAST_SCALP-SHORT),2,0.2,1.547,1.555,1.545,1.555,2026-07-17 23:27:59 UTC,2026-07-17 23:46:23 UTC,1103.96,0.3094,0.0041,0.0,-0.0016,-0.15,-38.78,STOP_LOSS_HIT,0.2492
1884,TRUMP_USDT,SHORT,StochasticRSI(FAST_SCALP-SHORT),2,0.2,1.552,1.55,1.55,1.56,2026-07-17 23:49:59 UTC,2026-07-17 23:58:45 UTC,525.62,0.3104,0.0041,0.0,0.0004,0.04,9.66,MIN_PROFIT_TP_HIT,0.2496
1885,TRUMP_USDT,LONG,StochasticRSI(FAST_SCALP-LONG),2,0.2,1.552,1.554,1.554,1.544,2026-07-18 00:00:59 UTC,2026-07-18 00:01:35 UTC,35.7,0.3104,0.0041,0.0,0.0004,0.04,9.66,MIN_PROFIT_TP_HIT,0.25
1886,TRUMP_USDT,LONG,StochasticRSI(FAST_SCALP-LONG),2,0.2,1.552,1.554,1.554,1.544,2026-07-18 00:09:59 UTC,2026-07-18 00:10:59 UTC,59.56,0.3104,0.0041,0.0,0.0004,0.04,9.66,MIN_PROFIT_TP_HIT,0.2504
1887,TRUMP_USDT,SHORT,StochasticRSI(FAST_SCALP-SHORT),2,0.2,1.558,1.556,1.556,1.566,2026-07-18 00:20:59 UTC,2026-07-18 00:34:50 UTC,830.51,0.3116,0.0042,0.0,0.0004,0.04,9.63,MIN_PROFIT_TP_HIT,0.2508
1888,TRUMP_USDT,LONG,StochasticRSI(FAST_SCALP-LONG),2,0.2,1.558,1.56,1.56,1.55,2026-07-18 00:37:59 UTC,2026-07-18 00:40:12 UTC,132.0,0.3116,0.0042,0.0,0.0004,0.04,9.63,MIN_PROFIT_TP_HIT,0.2512
1889,TRUMP_USDT,SHORT,StochasticRSI(FAST_SCALP-SHORT),2,0.2,1.564,1.562,1.562,1.572,2026-07-18 00:48:59 UTC,2026-07-18 00:49:54 UTC,54.84,0.3128,0.0042,0.0,0.0004,0.04,9.59,MIN_PROFIT_TP_HIT,0.2516
1890,TRUMP_USDT,LONG,StochasticRSI(FAST_SCALP-LONG),2,0.2,1.561,1.563,1.563,1.553,2026-07-18 00:57:59 UTC,2026-07-18 01:09:09 UTC,669.9,0.3122,0.0042,0.0,0.0004,0.04,9.61,MIN_PROFIT_TP_HIT,0.252
1891,TRUMP_USDT,SHORT,StochasticRSI(FAST_SCALP-SHORT),2,0.2,1.565,1.563,1.563,1.573,2026-07-18 01:15:59 UTC,2026-07-18 01:16:52 UTC,52.96,0.313,0.0042,0.0,0.0004,0.04,9.58,MIN_PROFIT_TP_HIT,0.2524
1892,TRUMP_USDT,LONG,StochasticRSI(FAST_SCALP-LONG),2,0.2,1.566,1.568,1.568,1.558,2026-07-18 01:23:59 UTC,2026-07-18 01:26:09 UTC,129.74,0.3132,0.0042,0.0,0.0004,0.04,9.58,MIN_PROFIT_TP_HIT,0.2528
1893,TRUMP_USDT,SHORT,StochasticRSI(FAST_SCALP-SHORT),2,0.2,1.568,1.566,1.566,1.576,2026-07-18 01:28:59 UTC,2026-07-18 01:29:25 UTC,25.82,0.3136,0.0042,0.0,0.0004,0.04,9.57,MIN_PROFIT_TP_HIT,0.2532
1894,TRUMP_USDT,LONG,StochasticRSI(FAST_SCALP-LONG),2,0.2,1.57,1.572,1.572,1.562,2026-07-18 01:42:59 UTC,2026-07-18 02:06:19 UTC,1399.5,0.314,0.0042,0.0,0.0004,0.04,9.55,MIN_PROFIT_TP_HIT,0.2536
1895,TRUMP_USDT,SHORT,StochasticRSI(FAST_SCALP-SHORT),2,0.2,1.611,1.619,1.609,1.619,2026-07-18 02:37:59 UTC,2026-07-18 02:40:16 UTC,136.58,0.3222,0.0043,0.0,-0.0016,-0.15,-37.24,STOP_LOSS_HIT,0.252
1896,TRUMP_USDT,LONG,StochasticRSI(FAST_SCALP-LONG),2,0.2,1.62,1.622,1.622,1.612,2026-07-18 02:41:59 UTC,2026-07-18 02:42:04 UTC,4.03,0.324,0.0043,0.0,0.0004,0.04,9.26,MIN_PROFIT_TP_HIT,0.2524
1897,TRUMP_USDT,LONG,StochasticRSI(FAST_SCALP-LONG),2,0.2,1.638,1.63,1.64,1.63,2026-07-18 02:48:59 UTC,2026-07-18 02:50:39 UTC,99.07,0.3276,0.0044,0.0,-0.0016,-0.15,-36.63,STOP_LOSS_HIT,0.2508
1898,TRUMP_USDT,LONG,StochasticRSI(FAST_SCALP-LONG),2,0.2,1.638,1.63,1.64,1.63,2026-07-18 02:55:59 UTC,2026-07-18 02:56:35 UTC,35.16,0.3276,0.0044,0.0,-0.0016,-0.15,-36.63,STOP_LOSS_HIT,0.2492
1899,TRUMP_USDT,LONG,StochasticRSI(FAST_SCALP-LONG),2,0.2,1.63,1.632,1.632,1.622,2026-07-18 03:01:59 UTC,2026-07-18 03:02:15 UTC,15.1,0.326,0.0043,0.0,0.0004,0.04,9.2,MIN_PROFIT_TP_HIT,0.2496
1900,TRUMP_USDT,SHORT,StochasticRSI(FAST_SCALP-SHORT),2,0.2,1.643,1.641,1.641,1.651,2026-07-18 03:12:59 UTC,2026-07-18 03:13:00 UTC,0.53,0.3286,0.0044,0.0,0.0004,0.04,9.13,MIN_PROFIT_TP_HIT,0.25
1901,TRUMP_USDT,LONG,StochasticRSI(FAST_SCALP-LONG),2,0.2,1.649,1.641,1.651,1.641,2026-07-18 03:18:59 UTC,2026-07-18 03:20:09 UTC,69.48,0.3298,0.0044,0.0,-0.0016,-0.15,-36.39,STOP_LOSS_HIT,0.2484
1902,TRUMP_USDT,LONG,StochasticRSI(FAST_SCALP-LONG),2,0.2,1.617,1.609,1.619,1.609,2026-07-18 03:27:59 UTC,2026-07-18 03:29:04 UTC,64.08,0.3234,0.0043,0.0,-0.0016,-0.15,-37.11,STOP_LOSS_HIT,0.2468
1903,TRUMP_USDT,LONG,StochasticRSI(FAST_SCALP-LONG),2,0.2,1.616,1.618,1.618,1.608,2026-07-18 03:32:59 UTC,2026-07-18 03:33:10 UTC,10.45,0.3232,0.0043,0.0,0.0004,0.04,9.28,MIN_PROFIT_TP_HIT,0.2472
1904,TRUMP_USDT,SHORT,StochasticRSI(FAST_SCALP-SHORT),2,0.2,1.62,1.618,1.618,1.628,2026-07-18 03:36:59 UTC,2026-07-18 03:37:00 UTC,0.57,0.324,0.0043,0.0,0.0004,0.04,9.26,MIN_PROFIT_TP_HIT,0.2476
1905,TRUMP_USDT,SHORT,StochasticRSI(FAST_SCALP-SHORT),2,0.2,1.623,1.621,1.621,1.631,2026-07-18 03:43:59 UTC,2026-07-18 03:44:04 UTC,4.4,0.3246,0.0043,0.0,0.0004,0.04,9.24,MIN_PROFIT_TP_HIT,0.248
1906,TRUMP_USDT,SHORT,StochasticRSI(FAST_SCALP-SHORT),2,0.2,1.627,1.625,1.625,1.635,2026-07-18 03:53:59 UTC,2026-07-18 03:54:49 UTC,49.94,0.3254,0.0043,0.0,0.0004,0.04,9.22,MIN_PROFIT_TP_HIT,0.2484
1907,TRUMP_USDT,SHORT,StochasticRSI(FAST_SCALP-SHORT),2,0.2,1.64,1.638,1.638,1.648,2026-07-18 04:10:59 UTC,2026-07-18 04:11:01 UTC,1.13,0.328,0.0044,0.0,0.0004,0.04,9.15,MIN_PROFIT_TP_HIT,0.2488
1908,TRUMP_USDT,LONG,StochasticRSI(FAST_SCALP-LONG),2,0.2,1.629,1.631,1.631,1.621,2026-07-18 04:22:59 UTC,2026-07-18 04:23:26 UTC,26.53,0.3258,0.0043,0.0,0.0004,0.04,9.21,MIN_PROFIT_TP_HIT,0.2492
1909,TRUMP_USDT,SHORT,StochasticRSI(FAST_SCALP-SHORT),2,0.2,1.66,1.658,1.658,1.668,2026-07-18 04:32:59 UTC,2026-07-18 04:35:06 UTC,126.64,0.332,0.0044,0.0,0.0004,0.04,9.04,MIN_PROFIT_TP_HIT,0.2496
1910,TRUMP_USDT,LONG,StochasticRSI(FAST_SCALP-LONG),2,0.2,1.65,1.652,1.652,1.642,2026-07-18 04:40:59 UTC,2026-07-18 04:41:20 UTC,20.5,0.33,0.0044,0.0,0.0004,0.04,9.09,MIN_PROFIT_TP_HIT,0.25
1911,TRUMP_USDT,SHORT,StochasticRSI(FAST_SCALP-SHORT),2,0.2,1.648,1.646,1.646,1.656,2026-07-18 04:48:59 UTC,2026-07-18 04:49:19 UTC,19.31,0.3296,0.0044,0.0,0.0004,0.04,9.1,MIN_PROFIT_TP_HIT,0.2504
1912,TRUMP_USDT,LONG,StochasticRSI(FAST_SCALP-LONG),2,0.2,1.63,1.632,1.632,1.622,2026-07-18 04:55:59 UTC,2026-07-18 04:56:05 UTC,5.77,0.326,0.0043,0.0,0.0004,0.04,9.2,MIN_PROFIT_TP_HIT,0.2508
1913,TRUMP_USDT,LONG,StochasticRSI(FAST_SCALP-LONG),2,0.2,1.635,1.637,1.637,1.627,2026-07-18 04:57:59 UTC,2026-07-18 04:58:06 UTC,6.66,0.327,0.0044,0.0,0.0004,0.04,9.17,MIN_PROFIT_TP_HIT,0.2512
1914,TRUMP_USDT,SHORT,StochasticRSI(FAST_SCALP-SHORT),2,0.2,1.639,1.647,1.637,1.647,2026-07-18 05:02:59 UTC,2026-07-18 05:03:54 UTC,54.71,0.3278,0.0044,0.0,-0.0016,-0.15,-36.61,STOP_LOSS_HIT,0.2496
1915,TRUMP_USDT,SHORT,StochasticRSI(FAST_SCALP-SHORT),2,0.2,1.65,1.648,1.648,1.658,2026-07-18 05:06:59 UTC,2026-07-18 05:07:11 UTC,11.51,0.33,0.0044,0.0,0.0004,0.04,9.09,MIN_PROFIT_TP_HIT,0.25
1916,TRUMP_USDT,SHORT,StochasticRSI(FAST_SCALP-SHORT),2,0.2,1.652,1.65,1.65,1.66,2026-07-18 05:10:59 UTC,2026-07-18 05:11:16 UTC,16.23,0.3304,0.0044,0.0,0.0004,0.04,9.08,MIN_PROFIT_TP_HIT,0.2504
1917,TRUMP_USDT,LONG,StochasticRSI(FAST_SCALP-LONG),2,0.2,1.635,1.637,1.637,1.627,2026-07-18 05:17:59 UTC,2026-07-18 05:18:07 UTC,7.87,0.327,0.0044,0.0,0.0004,0.04,9.17,MIN_PROFIT_TP_HIT,0.2508
1918,TRUMP_USDT,SHORT,StochasticRSI(FAST_SCALP-SHORT),2,0.2,1.634,1.632,1.632,1.642,2026-07-18 05:25:59 UTC,2026-07-18 05:26:35 UTC,35.07,0.3268,0.0044,0.0,0.0004,0.04,9.18,MIN_PROFIT_TP_HIT,0.2512
1919,TRUMP_USDT,LONG,StochasticRSI(FAST_SCALP-LONG),2,0.2,1.629,1.631,1.631,1.621,2026-07-18 05:29:59 UTC,2026-07-18 05:30:10 UTC,10.12,0.3258,0.0043,0.0,0.0004,0.04,9.21,MIN_PROFIT_TP_HIT,0.2516
1920,TRUMP_USDT,SHORT,StochasticRSI(FAST_SCALP-SHORT),2,0.2,1.627,1.625,1.625,1.635,2026-07-18 05:35:59 UTC,2026-07-18 05:36:13 UTC,13.31,0.3254,0.0043,0.0,0.0004,0.04,9.22,MIN_PROFIT_TP_HIT,0.252
1921,TRUMP_USDT,LONG,StochasticRSI(FAST_SCALP-LONG),2,0.2,1.622,1.614,1.624,1.614,2026-07-18 05:40:59 UTC,2026-07-18 05:43:14 UTC,134.71,0.3244,0.0043,0.0,-0.0016,-0.15,-36.99,STOP_LOSS_HIT,0.2504
1922,TRUMP_USDT,SHORT,StochasticRSI(FAST_SCALP-SHORT),2,0.2,1.624,1.622,1.622,1.632,2026-07-18 05:50:59 UTC,2026-07-18 05:51:40 UTC,40.06,0.3248,0.0043,0.0,0.0004,0.04,9.24,MIN_PROFIT_TP_HIT,0.2508
1923,TRUMP_USDT,SHORT,StochasticRSI(FAST_SCALP-SHORT),2,0.2,1.63,1.628,1.628,1.638,2026-07-18 06:05:59 UTC,2026-07-18 06:09:09 UTC,189.99,0.326,0.0043,0.0,0.0004,0.04,9.2,MIN_PROFIT_TP_HIT,0.2512
1924,TRUMP_USDT,LONG,StochasticRSI(FAST_SCALP-LONG),2,0.2,1.632,1.634,1.634,1.624,2026-07-18 06:13:59 UTC,2026-07-18 06:17:30 UTC,210.85,0.3264,0.0044,0.0,0.0004,0.04,9.19,MIN_PROFIT_TP_HIT,0.2516
1925,TRUMP_USDT,SHORT,StochasticRSI(FAST_SCALP-SHORT),2,0.2,1.637,1.635,1.635,1.645,2026-07-18 06:23:59 UTC,2026-07-18 06:24:38 UTC,38.96,0.3274,0.0044,0.0,0.0004,0.04,9.16,MIN_PROFIT_TP_HIT,0.252
1926,TRUMP_USDT,LONG,StochasticRSI(FAST_SCALP-LONG),2,0.2,1.625,1.617,1.627,1.617,2026-07-18 06:29:59 UTC,2026-07-18 06:34:17 UTC,257.09,0.325,0.0043,0.0,-0.0016,-0.15,-36.92,STOP_LOSS_HIT,0.2504
1927,TRUMP_USDT,LONG,StochasticRSI(FAST_SCALP-LONG),2,0.2,1.617,1.619,1.619,1.609,2026-07-18 06:36:59 UTC,2026-07-18 06:37:22 UTC,22.07,0.3234,0.0043,0.0,0.0004,0.04,9.28,MIN_PROFIT_TP_HIT,0.2508
1928,TRUMP_USDT,SHORT,StochasticRSI(FAST_SCALP-SHORT),2,0.2,1.63,1.628,1.628,1.638,2026-07-18 06:42:59 UTC,2026-07-18 06:43:45 UTC,45.24,0.326,0.0043,0.0,0.0004,0.04,9.2,MIN_PROFIT_TP_HIT,0.2512
1929,TRUMP_USDT,LONG,StochasticRSI(FAST_SCALP-LONG),2,0.2,1.625,1.617,1.627,1.617,2026-07-18 06:50:59 UTC,2026-07-18 07:05:45 UTC,885.61,0.325,0.0043,0.0,-0.0016,-0.15,-36.92,STOP_LOSS_HIT,0.2496
1930,TRUMP_USDT,LONG,StochasticRSI(FAST_SCALP-LONG),2,0.2,1.616,1.618,1.618,1.608,2026-07-18 07:09:59 UTC,2026-07-18 07:15:26 UTC,326.83,0.3232,0.0043,0.0,0.0004,0.04,9.28,MIN_PROFIT_TP_HIT,0.25
1931,TRUMP_USDT,SHORT,StochasticRSI(FAST_SCALP-SHORT),2,0.2,1.622,1.62,1.62,1.63,2026-07-18 07:18:59 UTC,2026-07-18 07:24:04 UTC,304.21,0.3244,0.0043,0.0,0.0004,0.04,9.25,MIN_PROFIT_TP_HIT,0.2504
1932,TRUMP_USDT,LONG,StochasticRSI(FAST_SCALP-LONG),2,0.2,1.62,1.622,1.622,1.612,2026-07-18 07:28:59 UTC,2026-07-18 07:31:06 UTC,126.51,0.324,0.0043,0.0,0.0004,0.04,9.26,MIN_PROFIT_TP_HIT,0.2508
1933,TRUMP_USDT,LONG,StochasticRSI(FAST_SCALP-LONG),2,0.2,1.625,1.627,1.627,1.617,2026-07-18 07:32:59 UTC,2026-07-18 07:35:09 UTC,129.46,0.325,0.0043,0.0,0.0004,0.04,9.23,MIN_PROFIT_TP_HIT,0.2512
1934,TRUMP_USDT,SHORT,StochasticRSI(FAST_SCALP-SHORT),2,0.2,1.628,1.626,1.626,1.636,2026-07-18 07:41:59 UTC,2026-07-18 07:42:46 UTC,46.22,0.3256,0.0043,0.0,0.0004,0.04,9.21,MIN_PROFIT_TP_HIT,0.2516
1935,TRUMP_USDT,SHORT,StochasticRSI(FAST_SCALP-SHORT),2,0.2,1.629,1.627,1.627,1.637,2026-07-18 07:50:59 UTC,2026-07-18 07:52:34 UTC,94.74,0.3258,0.0043,0.0,0.0004,0.04,9.21,MIN_PROFIT_TP_HIT,0.252
1936,TRUMP_USDT,LONG,StochasticRSI(FAST_SCALP-LONG),2,0.2,1.631,1.633,1.633,1.623,2026-07-18 07:55:59 UTC,2026-07-18 08:00:10 UTC,250.19,0.3262,0.0043,0.0,0.0004,0.04,9.2,MIN_PROFIT_TP_HIT,0.2524
1937,TRUMP_USDT,SHORT,StochasticRSI(FAST_SCALP-SHORT),2,0.2,1.648,1.656,1.646,1.656,2026-07-18 08:06:59 UTC,2026-07-18 08:08:18 UTC,78.52,0.3296,0.0044,0.0,-0.0016,-0.15,-36.41,STOP_LOSS_HIT,0.2508
1938,TRUMP_USDT,SHORT,StochasticRSI(FAST_SCALP-SHORT),2,0.2,1.653,1.651,1.651,1.661,2026-07-18 08:13:59 UTC,2026-07-18 08:14:00 UTC,0.67,0.3306,0.0044,0.0,0.0004,0.04,9.07,MIN_PROFIT_TP_HIT,0.2512
1939,TRUMP_USDT,LONG,StochasticRSI(FAST_SCALP-LONG),2,0.2,1.638,1.64,1.64,1.63,2026-07-18 08:22:59 UTC,2026-07-18 08:23:02 UTC,2.26,0.3276,0.0044,0.0,0.0004,0.04,9.16,MIN_PROFIT_TP_HIT,0.2516
1940,TRUMP_USDT,SHORT,StochasticRSI(FAST_SCALP-SHORT),2,0.2,1.64,1.638,1.638,1.648,2026-07-18 08:28:59 UTC,2026-07-18 08:29:08 UTC,8.49,0.328,0.0044,0.0,0.0004,0.04,9.15,MIN_PROFIT_TP_HIT,0.252
1941,TRUMP_USDT,LONG,StochasticRSI(FAST_SCALP-LONG),2,0.2,1.63,1.632,1.632,1.622,2026-07-18 08:48:59 UTC,2026-07-18 08:49:30 UTC,30.97,0.326,0.0043,0.0,0.0004,0.04,9.2,MIN_PROFIT_TP_HIT,0.2524
1942,TRUMP_USDT,SHORT,StochasticRSI(FAST_SCALP-SHORT),2,0.2,1.63,1.628,1.628,1.638,2026-07-18 08:52:59 UTC,2026-07-18 08:53:02 UTC,2.83,0.326,0.0043,0.0,0.0004,0.04,9.2,MIN_PROFIT_TP_HIT,0.2528
1943,TRUMP_USDT,SHORT,StochasticRSI(FAST_SCALP-SHORT),2,0.2,1.63,1.628,1.628,1.638,2026-07-18 08:56:59 UTC,2026-07-18 08:57:54 UTC,54.72,0.326,0.0043,0.0,0.0004,0.04,9.2,MIN_PROFIT_TP_HIT,0.2532
1944,TRUMP_USDT,LONG,StochasticRSI(FAST_SCALP-LONG),2,0.2,1.636,1.638,1.638,1.628,2026-07-18 09:00:59 UTC,2026-07-18 09:02:37 UTC,97.95,0.3272,0.0044,0.0,0.0004,0.04,9.17,MIN_PROFIT_TP_HIT,0.2536
1945,TRUMP_USDT,SHORT,StochasticRSI(FAST_SCALP-SHORT),2,0.2,1.64,1.638,1.638,1.648,2026-07-18 09:04:59 UTC,2026-07-18 09:05:15 UTC,15.08,0.328,0.0044,0.0,0.0004,0.04,9.15,MIN_PROFIT_TP_HIT,0.254
1946,TRUMP_USDT,SHORT,StochasticRSI(FAST_SCALP-SHORT),2,0.2,1.636,1.634,1.634,1.644,2026-07-18 09:06:59 UTC,2026-07-18 09:07:25 UTC,25.76,0.3272,0.0044,0.0,0.0004,0.04,9.17,MIN_PROFIT_TP_HIT,0.2544
1947,TRUMP_USDT,LONG,StochasticRSI(FAST_SCALP-LONG),2,0.2,1.645,1.637,1.647,1.637,2026-07-18 09:12:59 UTC,2026-07-18 09:17:27 UTC,267.19,0.329,0.0044,0.0,-0.0016,-0.15,-36.47,STOP_LOSS_HIT,0.2528
1948,TRUMP_USDT,SHORT,StochasticRSI(FAST_SCALP-SHORT),2,0.2,1.639,1.637,1.637,1.647,2026-07-18 09:18:59 UTC,2026-07-18 09:19:10 UTC,10.99,0.3278,0.0044,0.0,0.0004,0.04,9.15,MIN_PROFIT_TP_HIT,0.2532
1949,TRUMP_USDT,LONG,StochasticRSI(FAST_SCALP-LONG),2,0.2,1.641,1.643,1.643,1.633,2026-07-18 09:24:59 UTC,2026-07-18 09:25:10 UTC,10.32,0.3282,0.0044,0.0,0.0004,0.04,9.14,MIN_PROFIT_TP_HIT,0.2536
1950,TRUMP_USDT,SHORT,StochasticRSI(FAST_SCALP-SHORT),2,0.2,1.647,1.645,1.645,1.655,2026-07-18 09:29:59 UTC,2026-07-18 09:30:04 UTC,4.69,0.3294,0.0044,0.0,0.0004,0.04,9.11,MIN_PROFIT_TP_HIT,0.254
1951,TRUMP_USDT,LONG,StochasticRSI(FAST_SCALP-LONG),2,0.2,1.656,1.658,1.658,1.648,2026-07-18 09:36:59 UTC,2026-07-18 09:37:01 UTC,1.25,0.3312,0.0044,0.0,0.0004,0.04,9.06,MIN_PROFIT_TP_HIT,0.2544
1952,TRUMP_USDT,SHORT,StochasticRSI(FAST_SCALP-SHORT),2,0.2,1.658,1.656,1.656,1.666,2026-07-18 09:40:59 UTC,2026-07-18 09:41:02 UTC,2.84,0.3316,0.0044,0.0,0.0004,0.04,9.05,MIN_PROFIT_TP_HIT,0.2548
1953,TRUMP_USDT,SHORT,StochasticRSI(FAST_SCALP-SHORT),2,0.2,1.652,1.65,1.65,1.66,2026-07-18 09:43:59 UTC,2026-07-18 09:44:15 UTC,15.94,0.3304,0.0044,0.0,0.0004,0.04,9.08,MIN_PROFIT_TP_HIT,0.2552
1954,TRUMP_USDT,LONG,StochasticRSI(FAST_SCALP-LONG),2,0.2,1.659,1.651,1.661,1.651,2026-07-18 09:48:59 UTC,2026-07-18 09:52:25 UTC,205.47,0.3318,0.0044,0.0,-0.0016,-0.15,-36.17,STOP_LOSS_HIT,0.2536
1955,TRUMP_USDT,LONG,StochasticRSI(FAST_SCALP-LONG),2,0.2,1.651,1.653,1.653,1.643,2026-07-18 09:54:59 UTC,2026-07-18 09:55:02 UTC,2.54,0.3302,0.0044,0.0,0.0004,0.04,9.09,MIN_PROFIT_TP_HIT,0.254
1956,TRUMP_USDT,SHORT,StochasticRSI(FAST_SCALP-SHORT),2,0.2,1.679,1.677,1.677,1.687,2026-07-18 10:04:59 UTC,2026-07-18 10:05:02 UTC,2.16,0.3358,0.0045,0.0,0.0004,0.04,8.93,MIN_PROFIT_TP_HIT,0.2544
1957,TRUMP_USDT,LONG,StochasticRSI(FAST_SCALP-LONG),2,0.2,1.695,1.697,1.697,1.687,2026-07-18 10:14:59 UTC,2026-07-18 10:15:18 UTC,18.75,0.339,0.0045,0.0,0.0004,0.04,8.85,MIN_PROFIT_TP_HIT,0.2548
1958,TRUMP_USDT,LONG,StochasticRSI(FAST_SCALP-LONG),2,0.2,1.689,1.691,1.691,1.681,2026-07-18 10:21:59 UTC,2026-07-18 10:22:32 UTC,32.63,0.3378,0.0045,0.0,0.0004,0.04,8.88,MIN_PROFIT_TP_HIT,0.2552
1959,TRUMP_USDT,LONG,StochasticRSI(FAST_SCALP-LONG),2,0.2,1.683,1.685,1.685,1.675,2026-07-18 10:25:59 UTC,2026-07-18 10:26:22 UTC,22.76,0.3366,0.0045,0.0,0.0004,0.04,8.91,MIN_PROFIT_TP_HIT,0.2556
1960,TRUMP_USDT,SHORT,StochasticRSI(FAST_SCALP-SHORT),2,0.2,1.683,1.681,1.681,1.691,2026-07-18 10:35:59 UTC,2026-07-18 10:36:03 UTC,3.27,0.3366,0.0045,0.0,0.0004,0.04,8.91,MIN_PROFIT_TP_HIT,0.256
1961,TRUMP_USDT,SHORT,StochasticRSI(FAST_SCALP-SHORT),2,0.2,1.69,1.688,1.688,1.698,2026-07-18 10:42:59 UTC,2026-07-18 10:47:46 UTC,286.45,0.338,0.0045,0.0,0.0004,0.04,8.88,MIN_PROFIT_TP_HIT,0.2564
1962,TRUMP_USDT,LONG,StochasticRSI(FAST_SCALP-LONG),2,0.2,1.688,1.68,1.69,1.68,2026-07-18 10:52:59 UTC,2026-07-18 10:53:55 UTC,55.02,0.3376,0.0045,0.0,-0.0016,-0.15,-35.55,STOP_LOSS_HIT,0.2548
1963,TRUMP_USDT,LONG,StochasticRSI(FAST_SCALP-LONG),2,0.2,1.682,1.684,1.684,1.674,2026-07-18 10:55:59 UTC,2026-07-18 10:56:00 UTC,0.93,0.3364,0.0045,0.0,0.0004,0.04,8.92,MIN_PROFIT_TP_HIT,0.2552
1964,TRUMP_USDT,SHORT,StochasticRSI(FAST_SCALP-SHORT),2,0.2,1.688,1.696,1.686,1.696,2026-07-18 11:05:59 UTC,2026-07-18 11:06:43 UTC,43.04,0.3376,0.0045,0.0,-0.0016,-0.15,-35.55,STOP_LOSS_HIT,0.2536
1965,TRUMP_USDT,LONG,StochasticRSI(FAST_SCALP-LONG),2,0.2,1.689,1.681,1.691,1.681,2026-07-18 11:13:59 UTC,2026-07-18 11:16:40 UTC,160.66,0.3378,0.0045,0.0,-0.0016,-0.15,-35.52,STOP_LOSS_HIT,0.252
1966,TRUMP_USDT,LONG,StochasticRSI(FAST_SCALP-LONG),2,0.2,1.682,1.684,1.684,1.674,2026-07-18 11:21:59 UTC,2026-07-18 11:23:10 UTC,70.97,0.3364,0.0045,0.0,0.0004,0.04,8.92,MIN_PROFIT_TP_HIT,0.2524
1967,TRUMP_USDT,SHORT,StochasticRSI(FAST_SCALP-SHORT),2,0.2,1.696,1.694,1.694,1.704,2026-07-18 11:33:59 UTC,2026-07-18 11:34:01 UTC,1.62,0.3392,0.0045,0.0,0.0004,0.04,8.84,MIN_PROFIT_TP_HIT,0.2528
1968,TRUMP_USDT,LONG,StochasticRSI(FAST_SCALP-LONG),2,0.2,1.692,1.684,1.694,1.684,2026-07-18 11:38:59 UTC,2026-07-18 11:44:54 UTC,354.61,0.3384,0.0045,0.0,-0.0016,-0.15,-35.46,STOP_LOSS_HIT,0.2512
1969,TRUMP_USDT,LONG,StochasticRSI(FAST_SCALP-LONG),2,0.2,1.698,1.7,1.7,1.69,2026-07-18 11:46:59 UTC,2026-07-18 11:47:00 UTC,0.63,0.3396,0.0045,0.0,0.0004,0.04,8.83,MIN_PROFIT_TP_HIT,0.2516
1970,TRUMP_USDT,SHORT,StochasticRSI(FAST_SCALP-SHORT),2,0.2,1.693,1.691,1.691,1.701,2026-07-18 11:50:59 UTC,2026-07-18 11:51:01 UTC,1.89,0.3386,0.0045,0.0,0.0004,0.04,8.86,MIN_PROFIT_TP_HIT,0.252
1971,TRUMP_USDT,LONG,StochasticRSI(FAST_SCALP-LONG),2,0.2,1.696,1.698,1.698,1.688,2026-07-18 12:01:59 UTC,2026-07-18 12:06:48 UTC,288.84,0.3392,0.0045,0.0,0.0004,0.04,8.84,MIN_PROFIT_TP_HIT,0.2524
1972,TRUMP_USDT,SHORT,StochasticRSI(FAST_SCALP-SHORT),2,0.2,1.686,1.684,1.684,1.694,2026-07-18 12:08:59 UTC,2026-07-18 12:09:20 UTC,20.52,0.3372,0.0045,0.0,0.0004,0.04,8.9,MIN_PROFIT_TP_HIT,0.2528
1973,TRUMP_USDT,LONG,StochasticRSI(FAST_SCALP-LONG),2,0.2,1.697,1.699,1.699,1.689,2026-07-18 12:12:59 UTC,2026-07-18 12:15:06 UTC,126.15,0.3394,0.0045,0.0,0.0004,0.04,8.84,MIN_PROFIT_TP_HIT,0.2532
1974,TRUMP_USDT,SHORT,StochasticRSI(FAST_SCALP-SHORT),2,0.2,1.694,1.692,1.692,1.702,2026-07-18 12:18:59 UTC,2026-07-18 12:20:02 UTC,62.19,0.3388,0.0045,0.0,0.0004,0.04,8.85,MIN_PROFIT_TP_HIT,0.2536
1975,TRUMP_USDT,LONG,StochasticRSI(FAST_SCALP-LONG),2,0.2,1.684,1.676,1.686,1.676,2026-07-18 12:25:59 UTC,2026-07-18 12:29:13 UTC,193.21,0.3368,0.0045,0.0,-0.0016,-0.15,-35.63,STOP_LOSS_HIT,0.252
1976,TRUMP_USDT,LONG,StochasticRSI(FAST_SCALP-LONG),2,0.2,1.683,1.675,1.685,1.675,2026-07-18 12:31:59 UTC,2026-07-18 12:32:54 UTC,54.33,0.3366,0.0045,0.0,-0.0016,-0.15,-35.65,STOP_LOSS_HIT,0.2504
1977,TRUMP_USDT,SHORT,StochasticRSI(FAST_SCALP-SHORT),2,0.2,1.687,1.685,1.685,1.695,2026-07-18 12:38:59 UTC,2026-07-18 12:39:41 UTC,41.23,0.3374,0.0045,0.0,0.0004,0.04,8.89,MIN_PROFIT_TP_HIT,0.2508
1978,TRUMP_USDT,LONG,StochasticRSI(FAST_SCALP-LONG),2,0.2,1.682,1.684,1.684,1.674,2026-07-18 12:51:59 UTC,2026-07-18 12:52:30 UTC,30.89,0.3364,0.0045,0.0,0.0004,0.04,8.92,MIN_PROFIT_TP_HIT,0.2512
1979,TRUMP_USDT,LONG,StochasticRSI(FAST_SCALP-LONG),2,0.2,1.68,1.682,1.682,1.672,2026-07-18 13:02:59 UTC,2026-07-18 13:03:10 UTC,10.57,0.336,0.0045,0.0,0.0004,0.04,8.93,MIN_PROFIT_TP_HIT,0.2516
1980,TRUMP_USDT,SHORT,StochasticRSI(FAST_SCALP-SHORT),2,0.2,1.682,1.68,1.68,1.69,2026-07-18 13:07:59 UTC,2026-07-18 13:13:18 UTC,318.06,0.3364,0.0045,0.0,0.0004,0.04,8.92,MIN_PROFIT_TP_HIT,0.252
1981,TRUMP_USDT,LONG,StochasticRSI(FAST_SCALP-LONG),2,0.2,1.672,1.674,1.674,1.664,2026-07-18 13:17:59 UTC,2026-07-18 13:19:03 UTC,63.56,0.3344,0.0045,0.0,0.0004,0.04,8.97,MIN_PROFIT_TP_HIT,0.2524
1982,TRUMP_USDT,LONG,StochasticRSI(FAST_SCALP-LONG),2,0.2,1.664,1.666,1.666,1.656,2026-07-18 13:22:59 UTC,2026-07-18 13:23:07 UTC,7.03,0.3328,0.0044,0.0,0.0004,0.04,9.01,MIN_PROFIT_TP_HIT,0.2528
1983,TRUMP_USDT,LONG,StochasticRSI(FAST_SCALP-LONG),2,0.2,1.654,1.656,1.656,1.646,2026-07-18 13:30:59 UTC,2026-07-18 13:31:44 UTC,44.38,0.3308,0.0044,0.0,0.0004,0.04,9.07,MIN_PROFIT_TP_HIT,0.2532
1984,TRUMP_USDT,SHORT,StochasticRSI(FAST_SCALP-SHORT),2,0.2,1.646,1.644,1.644,1.654,2026-07-18 13:36:59 UTC,2026-07-18 13:37:11 UTC,11.28,0.3292,0.0044,0.0,0.0004,0.04,9.11,MIN_PROFIT_TP_HIT,0.2536
1985,TRUMP_USDT,SHORT,StochasticRSI(FAST_SCALP-SHORT),2,0.2,1.643,1.651,1.641,1.651,2026-07-18 13:45:59 UTC,2026-07-18 13:47:27 UTC,87.05,0.3286,0.0044,0.0,-0.0016,-0.15,-36.52,STOP_LOSS_HIT,0.252
1986,TRUMP_USDT,SHORT,StochasticRSI(FAST_SCALP-SHORT),2,0.2,1.648,1.646,1.646,1.656,2026-07-18 13:49:59 UTC,2026-07-18 13:50:29 UTC,29.35,0.3296,0.0044,0.0,0.0004,0.04,9.1,MIN_PROFIT_TP_HIT,0.2524
1987,TRUMP_USDT,SHORT,StochasticRSI(FAST_SCALP-SHORT),2,0.2,1.652,1.65,1.65,1.66,2026-07-18 14:01:59 UTC,2026-07-18 14:02:08 UTC,8.18,0.3304,0.0044,0.0,0.0004,0.04,9.08,MIN_PROFIT_TP_HIT,0.2528
1988,TRUMP_USDT,LONG,StochasticRSI(FAST_SCALP-LONG),2,0.2,1.647,1.649,1.649,1.639,2026-07-18 14:08:59 UTC,2026-07-18 14:09:15 UTC,15.26,0.3294,0.0044,0.0,0.0004,0.04,9.11,MIN_PROFIT_TP_HIT,0.2532
1989,TRUMP_USDT,SHORT,StochasticRSI(FAST_SCALP-SHORT),2,0.2,1.654,1.652,1.652,1.662,2026-07-18 14:15:59 UTC,2026-07-18 14:16:20 UTC,20.95,0.3308,0.0044,0.0,0.0004,0.04,9.07,MIN_PROFIT_TP_HIT,0.2536
1990,TRUMP_USDT,SHORT,StochasticRSI(FAST_SCALP-SHORT),2,0.2,1.653,1.651,1.651,1.661,2026-07-18 14:20:59 UTC,2026-07-18 14:23:01 UTC,121.28,0.3306,0.0044,0.0,0.0004,0.04,9.07,MIN_PROFIT_TP_HIT,0.254
1991,TRUMP_USDT,LONG,StochasticRSI(FAST_SCALP-LONG),2,0.2,1.646,1.638,1.648,1.638,2026-07-18 14:29:59 UTC,2026-07-18 14:35:37 UTC,337.16,0.3292,0.0044,0.0,-0.0016,-0.15,-36.45,STOP_LOSS_HIT,0.2524
1992,TRUMP_USDT,SHORT,StochasticRSI(FAST_SCALP-SHORT),2,0.2,1.639,1.647,1.637,1.647,2026-07-18 14:43:59 UTC,2026-07-18 14:50:28 UTC,388.34,0.3278,0.0044,0.0,-0.0016,-0.15,-36.61,STOP_LOSS_HIT,0.2508
1993,TRUMP_USDT,SHORT,StochasticRSI(FAST_SCALP-SHORT),2,0.2,1.647,1.645,1.645,1.655,2026-07-18 14:53:59 UTC,2026-07-18 14:54:47 UTC,47.2,0.3294,0.0044,0.0,0.0004,0.04,9.11,MIN_PROFIT_TP_HIT,0.2512
1994,TRUMP_USDT,LONG,StochasticRSI(FAST_SCALP-LONG),2,0.2,1.646,1.648,1.648,1.638,2026-07-18 15:01:59 UTC,2026-07-18 15:15:17 UTC,797.58,0.3292,0.0044,0.0,0.0004,0.04,9.11,MIN_PROFIT_TP_HIT,0.2516
1995,TRUMP_USDT,SHORT,StochasticRSI(FAST_SCALP-SHORT),2,0.2,1.651,1.659,1.649,1.659,2026-07-18 15:20:59 UTC,2026-07-18 15:21:14 UTC,14.31,0.3302,0.0044,0.0,-0.0016,-0.15,-36.34,STOP_LOSS_HIT,0.25
1996,TRUMP_USDT,LONG,StochasticRSI(FAST_SCALP-LONG),2,0.2,1.661,1.653,1.663,1.653,2026-07-18 15:38:59 UTC,2026-07-18 15:44:24 UTC,324.58,0.3322,0.0044,0.0,-0.0016,-0.15,-36.12,STOP_LOSS_HIT,0.2484
1997,TRUMP_USDT,LONG,StochasticRSI(FAST_SCALP-LONG),2,0.2,1.659,1.651,1.661,1.651,2026-07-18 15:47:59 UTC,2026-07-18 15:52:35 UTC,275.59,0.3318,0.0044,0.0,-0.0016,-0.15,-36.17,STOP_LOSS_HIT,0.2468
1998,TRUMP_USDT,LONG,StochasticRSI(FAST_SCALP-LONG),2,0.2,1.648,1.64,1.65,1.64,2026-07-18 16:01:59 UTC,2026-07-18 16:03:23 UTC,83.54,0.3296,0.0044,0.0,-0.0016,-0.15,-36.41,STOP_LOSS_HIT,0.2452
1999,TRUMP_USDT,LONG,StochasticRSI(FAST_SCALP-LONG),2,0.2,1.646,1.638,1.648,1.638,2026-07-18 16:07:59 UTC,2026-07-18 16:15:05 UTC,425.21,0.3292,0.0044,0.0,-0.0016,-0.15,-36.45,STOP_LOSS_HIT,0.2436
2000,TRUMP_USDT,LONG,StochasticRSI(FAST_SCALP-LONG),2,0.2,1.637,1.639,1.639,1.629,2026-07-18 16:18:59 UTC,2026-07-18 16:19:08 UTC,8.79,0.3274,0.0044,0.0,0.0004,0.04,9.16,MIN_PROFIT_TP_HIT,0.244
2001,TRUMP_USDT,SHORT,StochasticRSI(FAST_SCALP-SHORT),2,0.2,1.633,1.631,1.631,1.641,2026-07-18 16:37:59 UTC,2026-07-18 16:38:59 UTC,59.24,0.3266,0.0044,0.0,0.0004,0.04,9.19,MIN_PROFIT_TP_HIT,0.2444
2002,TRUMP_USDT,LONG,StochasticRSI(FAST_SCALP-LONG),2,0.2,1.631,1.633,1.633,1.623,2026-07-18 16:46:59 UTC,2026-07-18 16:48:11 UTC,71.43,0.3262,0.0043,0.0,0.0004,0.04,9.2,MIN_PROFIT_TP_HIT,0.2448
2003,TRUMP_USDT,SHORT,StochasticRSI(FAST_SCALP-SHORT),2,0.2,1.63,1.628,1.628,1.638,2026-07-18 16:50:59 UTC,2026-07-18 16:52:27 UTC,87.09,0.326,0.0043,0.0,0.0004,0.04,9.2,MIN_PROFIT_TP_HIT,0.2452
2004,TRUMP_USDT,LONG,StochasticRSI(FAST_SCALP-LONG),2,0.2,1.625,1.627,1.627,1.617,2026-07-18 17:01:59 UTC,2026-07-18 17:07:49 UTC,349.42,0.325,0.0043,0.0,0.0004,0.04,9.23,MIN_PROFIT_TP_HIT,0.2456
2005,TRUMP_USDT,SHORT,StochasticRSI(FAST_SCALP-SHORT),2,0.2,1.623,1.621,1.621,1.631,2026-07-18 17:09:59 UTC,2026-07-18 17:11:08 UTC,68.48,0.3246,0.0043,0.0,0.0004,0.04,9.24,MIN_PROFIT_TP_HIT,0.246
2006,TRUMP_USDT,SHORT,StochasticRSI(FAST_SCALP-SHORT),2,0.2,1.624,1.622,1.622,1.632,2026-07-18 17:20:59 UTC,2026-07-18 17:22:46 UTC,106.34,0.3248,0.0043,0.0,0.0004,0.04,9.24,MIN_PROFIT_TP_HIT,0.2464
2007,TRUMP_USDT,LONG,StochasticRSI(FAST_SCALP-LONG),2,0.2,1.628,1.63,1.63,1.62,2026-07-18 17:29:59 UTC,2026-07-18 17:31:41 UTC,101.22,0.3256,0.0043,0.0,0.0004,0.04,9.21,MIN_PROFIT_TP_HIT,0.2468
2008,TRUMP_USDT,SHORT,StochasticRSI(FAST_SCALP-SHORT),2,0.2,1.628,1.626,1.626,1.636,2026-07-18 17:35:59 UTC,2026-07-18 17:37:23 UTC,83.54,0.3256,0.0043,0.0,0.0004,0.04,9.21,MIN_PROFIT_TP_HIT,0.2472
2009,TRUMP_USDT,LONG,StochasticRSI(FAST_SCALP-LONG),2,0.2,1.628,1.63,1.63,1.62,2026-07-18 17:40:59 UTC,2026-07-18 17:41:21 UTC,21.67,0.3256,0.0043,0.0,0.0004,0.04,9.21,MIN_PROFIT_TP_HIT,0.2476
2010,TRUMP_USDT,LONG,StochasticRSI(FAST_SCALP-LONG),2,0.2,1.626,1.628,1.628,1.618,2026-07-18 17:50:59 UTC,2026-07-18 18:24:57 UTC,2037.2,0.3252,0.0043,0.0,0.0004,0.04,9.23,MIN_PROFIT_TP_HIT,0.248
2011,TRUMP_USDT,LONG,StochasticRSI(FAST_SCALP-LONG),2,0.2,1.622,1.624,1.624,1.614,2026-07-18 18:35:59 UTC,2026-07-18 18:55:55 UTC,1195.64,0.3244,0.0043,0.0,0.0004,0.04,9.25,MIN_PROFIT_TP_HIT,0.2484
2012,TRUMP_USDT,SHORT,StochasticRSI(FAST_SCALP-SHORT),2,0.2,1.625,1.623,1.623,1.633,2026-07-18 18:59:59 UTC,2026-07-18 19:00:20 UTC,20.46,0.325,0.0043,0.0,0.0004,0.04,9.23,MIN_PROFIT_TP_HIT,0.2488
2013,TRUMP_USDT,SHORT,StochasticRSI(FAST_SCALP-SHORT),2,0.2,1.625,1.623,1.623,1.633,2026-07-18 19:01:59 UTC,2026-07-18 19:04:39 UTC,159.31,0.325,0.0043,0.0,0.0004,0.04,9.23,MIN_PROFIT_TP_HIT,0.2492
2014,TRUMP_USDT,LONG,StochasticRSI(FAST_SCALP-LONG),2,0.2,1.62,1.622,1.622,1.612,2026-07-18 19:10:59 UTC,2026-07-18 19:18:29 UTC,449.98,0.324,0.0043,0.0,0.0004,0.04,9.26,MIN_PROFIT_TP_HIT,0.2496
2015,TRUMP_USDT,SHORT,StochasticRSI(FAST_SCALP-SHORT),2,0.2,1.624,1.622,1.622,1.632,2026-07-18 19:19:59 UTC,2026-07-18 19:21:22 UTC,82.36,0.3248,0.0043,0.0,0.0004,0.04,9.24,MIN_PROFIT_TP_HIT,0.25
2016,TRUMP_USDT,SHORT,StochasticRSI(FAST_SCALP-SHORT),2,0.2,1.622,1.63,1.62,1.63,2026-07-18 19:22:59 UTC,2026-07-18 19:24:38 UTC,98.5,0.3244,0.0043,0.0,-0.0016,-0.15,-36.99,STOP_LOSS_HIT,0.2484
2017,TRUMP_USDT,SHORT,StochasticRSI(FAST_SCALP-SHORT),2,0.2,1.621,1.619,1.619,1.629,2026-07-18 19:27:59 UTC,2026-07-18 19:38:56 UTC,656.4,0.3242,0.0043,0.0,0.0004,0.04,9.25,MIN_PROFIT_TP_HIT,0.2488
2018,TRUMP_USDT,LONG,StochasticRSI(FAST_SCALP-LONG),2,0.2,1.621,1.623,1.623,1.613,2026-07-18 19:42:59 UTC,2026-07-18 19:48:15 UTC,315.93,0.3242,0.0043,0.0,0.0004,0.04,9.25,MIN_PROFIT_TP_HIT,0.2492
2019,TRUMP_USDT,SHORT,StochasticRSI(FAST_SCALP-SHORT),2,0.2,1.621,1.619,1.619,1.629,2026-07-18 19:50:59 UTC,2026-07-18 19:51:45 UTC,45.75,0.3242,0.0043,0.0,0.0004,0.04,9.25,MIN_PROFIT_TP_HIT,0.2496
2020,TRUMP_USDT,LONG,StochasticRSI(FAST_SCALP-LONG),2,0.2,1.619,1.621,1.621,1.611,2026-07-18 19:58:59 UTC,2026-07-18 20:00:04 UTC,64.73,0.3238,0.0043,0.0,0.0004,0.04,9.26,MIN_PROFIT_TP_HIT,0.25
2021,TRUMP_USDT,SHORT,StochasticRSI(FAST_SCALP-SHORT),2,0.2,1.622,1.62,1.62,1.63,2026-07-18 20:05:59 UTC,2026-07-18 20:06:11 UTC,11.83,0.3244,0.0043,0.0,0.0004,0.04,9.25,MIN_PROFIT_TP_HIT,0.2504
2022,TRUMP_USDT,LONG,StochasticRSI(FAST_SCALP-LONG),2,0.2,1.618,1.62,1.62,1.61,2026-07-18 20:14:59 UTC,2026-07-18 20:18:33 UTC,213.22,0.3236,0.0043,0.0,0.0004,0.04,9.27,MIN_PROFIT_TP_HIT,0.2508
2023,TRUMP_USDT,SHORT,StochasticRSI(FAST_SCALP-SHORT),2,0.2,1.62,1.618,1.618,1.628,2026-07-18 20:22:59 UTC,2026-07-18 20:23:54 UTC,54.9,0.324,0.0043,0.0,0.0004,0.04,9.26,MIN_PROFIT_TP_HIT,0.2512
2024,TRUMP_USDT,LONG,StochasticRSI(FAST_SCALP-LONG),2,0.2,1.614,1.606,1.616,1.606,2026-07-18 20:32:59 UTC,2026-07-18 20:39:17 UTC,377.16,0.3228,0.0043,0.0,-0.0016,-0.15,-37.17,STOP_LOSS_HIT,0.2496
2025,TRUMP_USDT,SHORT,StochasticRSI(FAST_SCALP-SHORT),2,0.2,1.614,1.612,1.612,1.622,2026-07-18 20:49:59 UTC,2026-07-18 20:55:44 UTC,344.38,0.3228,0.0043,0.0,0.0004,0.04,9.29,MIN_PROFIT_TP_HIT,0.25
2026,TRUMP_USDT,SHORT,StochasticRSI(FAST_SCALP-SHORT),2,0.2,1.612,1.62,1.61,1.62,2026-07-18 20:56:59 UTC,2026-07-18 21:13:05 UTC,965.39,0.3224,0.0043,0.0,-0.0016,-0.15,-37.22,STOP_LOSS_HIT,0.2484
2027,TRUMP_USDT,SHORT,StochasticRSI(FAST_SCALP-SHORT),2,0.2,1.623,1.621,1.621,1.631,2026-07-18 21:21:59 UTC,2026-07-18 21:23:18 UTC,78.17,0.3246,0.0043,0.0,0.0004,0.04,9.24,MIN_PROFIT_TP_HIT,0.2488
2028,TRUMP_USDT,LONG,StochasticRSI(FAST_SCALP-LONG),2,0.2,1.623,1.615,1.625,1.615,2026-07-18 21:27:59 UTC,2026-07-18 21:37:06 UTC,546.13,0.3246,0.0043,0.0,-0.0016,-0.15,-36.97,STOP_LOSS_HIT,0.2472
2029,TRUMP_USDT,LONG,StochasticRSI(FAST_SCALP-LONG),2,0.2,1.612,1.614,1.614,1.604,2026-07-18 21:44:59 UTC,2026-07-18 21:48:14 UTC,194.59,0.3224,0.0043,0.0,0.0004,0.04,9.31,MIN_PROFIT_TP_HIT,0.2476
2030,TRUMP_USDT,SHORT,StochasticRSI(FAST_SCALP-SHORT),2,0.2,1.617,1.615,1.615,1.625,2026-07-18 21:51:59 UTC,2026-07-18 21:56:08 UTC,248.26,0.3234,0.0043,0.0,0.0004,0.04,9.28,MIN_PROFIT_TP_HIT,0.248
2031,TRUMP_USDT,SHORT,StochasticRSI(FAST_SCALP-SHORT),2,0.2,1.618,1.626,1.616,1.626,2026-07-18 22:01:59 UTC,2026-07-18 22:07:01 UTC,301.74,0.3236,0.0043,0.0,-0.0016,-0.15,-37.08,STOP_LOSS_HIT,0.2464
2032,TRUMP_USDT,LONG,StochasticRSI(FAST_SCALP-LONG),2,0.2,1.625,1.627,1.627,1.617,2026-07-18 22:12:59 UTC,2026-07-18 22:15:53 UTC,173.05,0.325,0.0043,0.0,0.0004,0.04,9.23,MIN_PROFIT_TP_HIT,0.2468
2033,TRUMP_USDT,SHORT,StochasticRSI(FAST_SCALP-SHORT),2,0.2,1.626,1.624,1.624,1.634,2026-07-18 22:20:59 UTC,2026-07-18 22:21:08 UTC,8.21,0.3252,0.0043,0.0,0.0004,0.04,9.23,MIN_PROFIT_TP_HIT,0.2472
2034,TRUMP_USDT,LONG,StochasticRSI(FAST_SCALP-LONG),2,0.2,1.62,1.622,1.622,1.612,2026-07-18 22:25:59 UTC,2026-07-18 22:28:13 UTC,133.16,0.324,0.0043,0.0,0.0004,0.04,9.26,MIN_PROFIT_TP_HIT,0.2476
2035,TRUMP_USDT,SHORT,StochasticRSI(FAST_SCALP-SHORT),2,0.2,1.621,1.619,1.619,1.629,2026-07-18 22:33:59 UTC,2026-07-18 23:06:28 UTC,1948.01,0.3242,0.0043,0.0,0.0004,0.04,9.25,MIN_PROFIT_TP_HIT,0.248
2036,TRUMP_USDT,SHORT,StochasticRSI(FAST_SCALP-SHORT),2,0.2,1.62,1.618,1.618,1.628,2026-07-18 23:07:59 UTC,2026-07-18 23:11:11 UTC,191.68,0.324,0.0043,0.0,0.0004,0.04,9.26,MIN_PROFIT_TP_HIT,0.2484
2037,TRUMP_USDT,LONG,StochasticRSI(FAST_SCALP-LONG),2,0.2,1.616,1.618,1.618,1.608,2026-07-18 23:15:59 UTC,2026-07-18 23:17:05 UTC,65.62,0.3232,0.0043,0.0,0.0004,0.04,9.28,MIN_PROFIT_TP_HIT,0.2488
2038,TRUMP_USDT,SHORT,StochasticRSI(FAST_SCALP-SHORT),2,0.2,1.621,1.619,1.619,1.629,2026-07-18 23:22:59 UTC,2026-07-18 23:23:54 UTC,54.86,0.3242,0.0043,0.0,0.0004,0.04,9.25,MIN_PROFIT_TP_HIT,0.2492
2039,TRUMP_USDT,SHORT,StochasticRSI(FAST_SCALP-SHORT),2,0.2,1.62,1.618,1.618,1.628,2026-07-18 23:24:59 UTC,2026-07-18 23:27:42 UTC,162.67,0.324,0.0043,0.0,0.0004,0.04,9.26,MIN_PROFIT_TP_HIT,0.2496
2040,TRUMP_USDT,SHORT,StochasticRSI(FAST_SCALP-SHORT),2,0.2,1.626,1.624,1.624,1.634,2026-07-18 23:39:59 UTC,2026-07-18 23:48:56 UTC,536.64,0.3252,0.0043,0.0,0.0004,0.04,9.23,MIN_PROFIT_TP_HIT,0.25
2041,TRUMP_USDT,SHORT,StochasticRSI(FAST_SCALP-SHORT),2,0.2,1.626,1.624,1.624,1.634,2026-07-18 23:49:59 UTC,2026-07-18 23:50:23 UTC,23.85,0.3252,0.0043,0.0,0.0004,0.04,9.23,MIN_PROFIT_TP_HIT,0.2504
2042,TRUMP_USDT,LONG,StochasticRSI(FAST_SCALP-LONG),2,0.2,1.621,1.623,1.623,1.613,2026-07-18 23:54:59 UTC,2026-07-18 23:57:17 UTC,137.63,0.3242,0.0043,0.0,0.0004,0.04,9.25,MIN_PROFIT_TP_HIT,0.2508
2043,TRUMP_USDT,SHORT,StochasticRSI(FAST_SCALP-SHORT),2,0.2,1.624,1.622,1.622,1.632,2026-07-19 00:01:59 UTC,2026-07-19 00:02:54 UTC,54.87,0.3248,0.0043,0.0,0.0004,0.04,9.24,MIN_PROFIT_TP_HIT,0.2512
2044,TRUMP_USDT,LONG,StochasticRSI(FAST_SCALP-LONG),2,0.2,1.619,1.621,1.621,1.611,2026-07-19 00:10:59 UTC,2026-07-19 00:21:04 UTC,604.48,0.3238,0.0043,0.0,0.0004,0.04,9.26,MIN_PROFIT_TP_HIT,0.2516
2045,TRUMP_USDT,SHORT,StochasticRSI(FAST_SCALP-SHORT),2,0.2,1.62,1.628,1.618,1.628,2026-07-19 00:23:59 UTC,2026-07-19 00:24:44 UTC,44.52,0.324,0.0043,0.0,-0.0016,-0.15,-37.04,STOP_LOSS_HIT,0.25
2046,TRUMP_USDT,SHORT,StochasticRSI(FAST_SCALP-SHORT),2,0.2,1.634,1.642,1.632,1.642,2026-07-19 00:28:59 UTC,2026-07-19 00:31:00 UTC,120.56,0.3268,0.0044,0.0,-0.0016,-0.15,-36.72,STOP_LOSS_HIT,0.2484
2047,TRUMP_USDT,LONG,StochasticRSI(FAST_SCALP-LONG),2,0.2,1.638,1.63,1.64,1.63,2026-07-19 00:43:59 UTC,2026-07-19 00:47:49 UTC,229.15,0.3276,0.0044,0.0,-0.0016,-0.15,-36.63,STOP_LOSS_HIT,0.2468
2048,TRUMP_USDT,LONG,StochasticRSI(FAST_SCALP-LONG),2,0.2,1.631,1.623,1.633,1.623,2026-07-19 00:49:59 UTC,2026-07-19 01:00:06 UTC,606.8,0.3262,0.0043,0.0,-0.0016,-0.15,-36.79,STOP_LOSS_HIT,0.2452
2049,TRUMP_USDT,LONG,StochasticRSI(FAST_SCALP-LONG),2,0.2,1.626,1.628,1.628,1.618,2026-07-19 01:06:59 UTC,2026-07-19 01:19:54 UTC,774.77,0.3252,0.0043,0.0,0.0004,0.04,9.23,MIN_PROFIT_TP_HIT,0.2456
2050,TRUMP_USDT,SHORT,StochasticRSI(FAST_SCALP-SHORT),2,0.2,1.627,1.635,1.625,1.635,2026-07-19 01:23:59 UTC,2026-07-19 01:38:32 UTC,872.52,0.3254,0.0043,0.0,-0.0016,-0.15,-36.88,STOP_LOSS_HIT,0.244
2051,TRUMP_USDT,SHORT,StochasticRSI(FAST_SCALP-SHORT),2,0.2,1.664,1.662,1.662,1.672,2026-07-19 01:54:59 UTC,2026-07-19 01:55:40 UTC,40.4,0.3328,0.0044,0.0,0.0004,0.04,9.01,MIN_PROFIT_TP_HIT,0.2444
2052,TRUMP_USDT,LONG,StochasticRSI(FAST_SCALP-LONG),2,0.2,1.676,1.668,1.678,1.668,2026-07-19 02:00:59 UTC,2026-07-19 02:01:28 UTC,28.4,0.3352,0.0045,0.0,-0.0016,-0.15,-35.8,STOP_LOSS_HIT,0.2428
2053,TRUMP_USDT,LONG,StochasticRSI(FAST_SCALP-LONG),2,0.2,1.663,1.665,1.665,1.655,2026-07-19 02:07:59 UTC,2026-07-19 02:08:04 UTC,4.45,0.3326,0.0044,0.0,0.0004,0.04,9.02,MIN_PROFIT_TP_HIT,0.2432
2054,TRUMP_USDT,LONG,StochasticRSI(FAST_SCALP-LONG),2,0.2,1.658,1.65,1.66,1.65,2026-07-19 02:13:59 UTC,2026-07-19 02:17:38 UTC,218.91,0.3316,0.0044,0.0,-0.0016,-0.15,-36.19,STOP_LOSS_HIT,0.2416
2055,TRUMP_USDT,LONG,StochasticRSI(FAST_SCALP-LONG),2,0.2,1.653,1.655,1.655,1.645,2026-07-19 02:20:59 UTC,2026-07-19 02:21:01 UTC,1.4,0.3306,0.0044,0.0,0.0004,0.04,9.07,MIN_PROFIT_TP_HIT,0.242
2056,TRUMP_USDT,SHORT,StochasticRSI(FAST_SCALP-SHORT),2,0.2,1.649,1.647,1.647,1.657,2026-07-19 02:25:59 UTC,2026-07-19 02:26:02 UTC,2.99,0.3298,0.0044,0.0,0.0004,0.04,9.1,MIN_PROFIT_TP_HIT,0.2424
2057,TRUMP_USDT,LONG,StochasticRSI(FAST_SCALP-LONG),2,0.2,1.647,1.649,1.649,1.639,2026-07-19 02:40:59 UTC,2026-07-19 02:53:01 UTC,721.47,0.3294,0.0044,0.0,0.0004,0.04,9.11,MIN_PROFIT_TP_HIT,0.2428
2058,TRUMP_USDT,SHORT,StochasticRSI(FAST_SCALP-SHORT),2,0.2,1.65,1.648,1.648,1.658,2026-07-19 02:57:59 UTC,2026-07-19 03:05:13 UTC,433.66,0.33,0.0044,0.0,0.0004,0.04,9.09,MIN_PROFIT_TP_HIT,0.2432
2059,TRUMP_USDT,LONG,StochasticRSI(FAST_SCALP-LONG),2,0.2,1.644,1.646,1.646,1.636,2026-07-19 03:09:59 UTC,2026-07-19 03:11:46 UTC,106.25,0.3288,0.0044,0.0,0.0004,0.04,9.12,MIN_PROFIT_TP_HIT,0.2436
2060,TRUMP_USDT,SHORT,StochasticRSI(FAST_SCALP-SHORT),2,0.2,1.645,1.643,1.643,1.653,2026-07-19 03:17:59 UTC,2026-07-19 03:20:57 UTC,177.77,0.329,0.0044,0.0,0.0004,0.04,9.12,MIN_PROFIT_TP_HIT,0.244
2061,TRUMP_USDT,SHORT,StochasticRSI(FAST_SCALP-SHORT),2,0.2,1.646,1.644,1.644,1.654,2026-07-19 03:28:59 UTC,2026-07-19 03:29:13 UTC,13.25,0.3292,0.0044,0.0,0.0004,0.04,9.11,MIN_PROFIT_TP_HIT,0.2444
2062,TRUMP_USDT,SHORT,StochasticRSI(FAST_SCALP-SHORT),2,0.2,1.651,1.649,1.649,1.659,2026-07-19 03:37:59 UTC,2026-07-19 03:38:18 UTC,18.27,0.3302,0.0044,0.0,0.0004,0.04,9.09,MIN_PROFIT_TP_HIT,0.2448
2063,TRUMP_USDT,LONG,StochasticRSI(FAST_SCALP-LONG),2,0.2,1.653,1.655,1.655,1.645,2026-07-19 03:43:59 UTC,2026-07-19 03:46:05 UTC,125.22,0.3306,0.0044,0.0,0.0004,0.04,9.07,MIN_PROFIT_TP_HIT,0.2452
2064,TRUMP_USDT,SHORT,StochasticRSI(FAST_SCALP-SHORT),2,0.2,1.663,1.661,1.661,1.671,2026-07-19 03:53:59 UTC,2026-07-19 03:56:00 UTC,120.72,0.3326,0.0044,0.0,0.0004,0.04,9.02,MIN_PROFIT_TP_HIT,0.2456
2065,TRUMP_USDT,LONG,StochasticRSI(FAST_SCALP-LONG),2,0.2,1.659,1.661,1.661,1.651,2026-07-19 04:00:59 UTC,2026-07-19 04:02:37 UTC,97.92,0.3318,0.0044,0.0,0.0004,0.04,9.04,MIN_PROFIT_TP_HIT,0.246
2066,TRUMP_USDT,LONG,StochasticRSI(FAST_SCALP-LONG),2,0.2,1.657,1.659,1.659,1.649,2026-07-19 04:08:59 UTC,2026-07-19 04:09:28 UTC,28.82,0.3314,0.0044,0.0,0.0004,0.04,9.05,MIN_PROFIT_TP_HIT,0.2464
2067,TRUMP_USDT,SHORT,StochasticRSI(FAST_SCALP-SHORT),2,0.2,1.658,1.656,1.656,1.666,2026-07-19 04:13:59 UTC,2026-07-19 04:15:32 UTC,92.26,0.3316,0.0044,0.0,0.0004,0.04,9.05,MIN_PROFIT_TP_HIT,0.2468
2068,TRUMP_USDT,SHORT,StochasticRSI(FAST_SCALP-SHORT),2,0.2,1.66,1.658,1.658,1.668,2026-07-19 04:21:59 UTC,2026-07-19 04:28:00 UTC,360.55,0.332,0.0044,0.0,0.0004,0.04,9.04,MIN_PROFIT_TP_HIT,0.2472
2069,TRUMP_USDT,LONG,StochasticRSI(FAST_SCALP-LONG),2,0.2,1.661,1.663,1.663,1.653,2026-07-19 04:31:59 UTC,2026-07-19 04:35:58 UTC,238.4,0.3322,0.0044,0.0,0.0004,0.04,9.03,MIN_PROFIT_TP_HIT,0.2476
2070,TRUMP_USDT,SHORT,StochasticRSI(FAST_SCALP-SHORT),2,0.2,1.656,1.654,1.654,1.664,2026-07-19 04:38:59 UTC,2026-07-19 04:44:30 UTC,330.46,0.3312,0.0044,0.0,0.0004,0.04,9.06,MIN_PROFIT_TP_HIT,0.248
2071,TRUMP_USDT,LONG,StochasticRSI(FAST_SCALP-LONG),2,0.2,1.654,1.656,1.656,1.646,2026-07-19 04:46:59 UTC,2026-07-19 04:54:19 UTC,439.89,0.3308,0.0044,0.0,0.0004,0.04,9.07,MIN_PROFIT_TP_HIT,0.2484
2072,TRUMP_USDT,SHORT,StochasticRSI(FAST_SCALP-SHORT),2,0.2,1.653,1.661,1.651,1.661,2026-07-19 04:58:59 UTC,2026-07-19 05:04:12 UTC,312.02,0.3306,0.0044,0.0,-0.0016,-0.15,-36.3,STOP_LOSS_HIT,0.2468
2073,TRUMP_USDT,SHORT,StochasticRSI(FAST_SCALP-SHORT),2,0.2,1.657,1.655,1.655,1.665,2026-07-19 05:07:59 UTC,2026-07-19 05:08:37 UTC,37.08,0.3314,0.0044,0.0,0.0004,0.04,9.05,MIN_PROFIT_TP_HIT,0.2472
2074,TRUMP_USDT,LONG,StochasticRSI(FAST_SCALP-LONG),2,0.2,1.655,1.647,1.657,1.647,2026-07-19 05:12:59 UTC,2026-07-19 05:27:49 UTC,889.24,0.331,0.0044,0.0,-0.0016,-0.15,-36.25,STOP_LOSS_HIT,0.2456
2075,TRUMP_USDT,LONG,StochasticRSI(FAST_SCALP-LONG),2,0.2,1.644,1.636,1.646,1.636,2026-07-19 05:36:59 UTC,2026-07-19 05:39:01 UTC,121.2,0.3288,0.0044,0.0,-0.0016,-0.15,-36.5,STOP_LOSS_HIT,0.244
2076,TRUMP_USDT,LONG,StochasticRSI(FAST_SCALP-LONG),2,0.2,1.633,1.635,1.635,1.625,2026-07-19 05:41:59 UTC,2026-07-19 05:47:39 UTC,339.54,0.3266,0.0044,0.0,0.0004,0.04,9.19,MIN_PROFIT_TP_HIT,0.2444
2077,TRUMP_USDT,SHORT,StochasticRSI(FAST_SCALP-SHORT),2,0.2,1.636,1.634,1.634,1.644,2026-07-19 05:50:59 UTC,2026-07-19 05:52:43 UTC,103.55,0.3272,0.0044,0.0,0.0004,0.04,9.17,MIN_PROFIT_TP_HIT,0.2448
2078,TRUMP_USDT,SHORT,StochasticRSI(FAST_SCALP-SHORT),2,0.2,1.633,1.631,1.631,1.641,2026-07-19 05:54:59 UTC,2026-07-19 06:02:06 UTC,426.06,0.3266,0.0044,0.0,0.0004,0.04,9.19,MIN_PROFIT_TP_HIT,0.2452
2079,TRUMP_USDT,SHORT,StochasticRSI(FAST_SCALP-SHORT),2,0.2,1.635,1.633,1.633,1.643,2026-07-19 06:08:59 UTC,2026-07-19 06:12:34 UTC,214.15,0.327,0.0044,0.0,0.0004,0.04,9.17,MIN_PROFIT_TP_HIT,0.2456
2080,TRUMP_USDT,SHORT,StochasticRSI(FAST_SCALP-SHORT),2,0.2,1.639,1.637,1.637,1.647,2026-07-19 06:15:59 UTC,2026-07-19 06:19:24 UTC,204.25,0.3278,0.0044,0.0,0.0004,0.04,9.15,MIN_PROFIT_TP_HIT,0.246
2081,TRUMP_USDT,SHORT,StochasticRSI(FAST_SCALP-SHORT),2,0.2,1.642,1.64,1.64,1.65,2026-07-19 06:20:59 UTC,2026-07-19 06:23:24 UTC,144.3,0.3284,0.0044,0.0,0.0004,0.04,9.14,MIN_PROFIT_TP_HIT,0.2464
2082,TRUMP_USDT,LONG,StochasticRSI(FAST_SCALP-LONG),2,0.2,1.639,1.631,1.641,1.631,2026-07-19 06:29:59 UTC,2026-07-19 06:34:17 UTC,257.87,0.3278,0.0044,0.0,-0.0016,-0.15,-36.61,STOP_LOSS_HIT,0.2448
2083,TRUMP_USDT,LONG,StochasticRSI(FAST_SCALP-LONG),2,0.2,1.631,1.633,1.633,1.623,2026-07-19 06:36:59 UTC,2026-07-19 06:38:34 UTC,94.76,0.3262,0.0043,0.0,0.0004,0.04,9.2,MIN_PROFIT_TP_HIT,0.2452
2084,TRUMP_USDT,SHORT,StochasticRSI(FAST_SCALP-SHORT),2,0.2,1.639,1.637,1.637,1.647,2026-07-19 06:49:59 UTC,2026-07-19 06:53:41 UTC,221.01,0.3278,0.0044,0.0,0.0004,0.04,9.15,MIN_PROFIT_TP_HIT,0.2456
2085,TRUMP_USDT,LONG,StochasticRSI(FAST_SCALP-LONG),2,0.2,1.638,1.64,1.64,1.63,2026-07-19 07:01:59 UTC,2026-07-19 07:05:36 UTC,216.89,0.3276,0.0044,0.0,0.0004,0.04,9.16,MIN_PROFIT_TP_HIT,0.246
2086,TRUMP_USDT,SHORT,StochasticRSI(FAST_SCALP-SHORT),2,0.2,1.638,1.636,1.636,1.646,2026-07-19 07:08:59 UTC,2026-07-19 07:11:03 UTC,123.5,0.3276,0.0044,0.0,0.0004,0.04,9.16,MIN_PROFIT_TP_HIT,0.2464
2087,TRUMP_USDT,LONG,StochasticRSI(FAST_SCALP-LONG),2,0.2,1.639,1.641,1.641,1.631,2026-07-19 07:14:59 UTC,2026-07-19 07:31:49 UTC,1009.28,0.3278,0.0044,0.0,0.0004,0.04,9.15,MIN_PROFIT_TP_HIT,0.2468
2088,TRUMP_USDT,SHORT,StochasticRSI(FAST_SCALP-SHORT),2,0.2,1.638,1.636,1.636,1.646,2026-07-19 07:35:59 UTC,2026-07-19 07:46:28 UTC,628.15,0.3276,0.0044,0.0,0.0004,0.04,9.16,MIN_PROFIT_TP_HIT,0.2472
2089,TRUMP_USDT,LONG,StochasticRSI(FAST_SCALP-LONG),2,0.2,1.637,1.629,1.639,1.629,2026-07-19 07:51:59 UTC,2026-07-19 08:27:34 UTC,2134.52,0.3274,0.0044,0.0,-0.0016,-0.15,-36.65,STOP_LOSS_HIT,0.2456
2090,TRUMP_USDT,LONG,StochasticRSI(FAST_SCALP-LONG),2,0.2,1.631,1.633,1.633,1.623,2026-07-19 08:32:59 UTC,2026-07-19 08:40:09 UTC,429.67,0.3262,0.0043,0.0,0.0004,0.04,9.2,MIN_PROFIT_TP_HIT,0.246
2091,TRUMP_USDT,SHORT,StochasticRSI(FAST_SCALP-SHORT),2,0.2,1.632,1.63,1.63,1.64,2026-07-19 08:43:59 UTC,2026-07-19 09:05:26 UTC,1286.66,0.3264,0.0044,0.0,0.0004,0.04,9.19,MIN_PROFIT_TP_HIT,0.2464
2092,TRUMP_USDT,LONG,StochasticRSI(FAST_SCALP-LONG),2,0.2,1.629,1.631,1.631,1.621,2026-07-19 09:08:59 UTC,2026-07-19 09:11:38 UTC,158.85,0.3258,0.0043,0.0,0.0004,0.04,9.21,MIN_PROFIT_TP_HIT,0.2468
2093,TRUMP_USDT,LONG,StochasticRSI(FAST_SCALP-LONG),2,0.2,1.624,1.626,1.626,1.616,2026-07-19 09:13:59 UTC,2026-07-19 09:14:00 UTC,0.53,0.3248,0.0043,0.0,0.0004,0.04,9.24,MIN_PROFIT_TP_HIT,0.2472
2094,TRUMP_USDT,LONG,StochasticRSI(FAST_SCALP-LONG),2,0.2,1.622,1.624,1.624,1.614,2026-07-19 09:17:59 UTC,2026-07-19 09:20:35 UTC,155.29,0.3244,0.0043,0.0,0.0004,0.04,9.25,MIN_PROFIT_TP_HIT,0.2476
2095,TRUMP_USDT,SHORT,StochasticRSI(FAST_SCALP-SHORT),2,0.2,1.625,1.623,1.623,1.633,2026-07-19 09:22:59 UTC,2026-07-19 09:43:13 UTC,1213.36,0.325,0.0043,0.0,0.0004,0.04,9.23,MIN_PROFIT_TP_HIT,0.248
2096,TRUMP_USDT,LONG,StochasticRSI(FAST_SCALP-LONG),2,0.2,1.624,1.626,1.626,1.616,2026-07-19 09:44:59 UTC,2026-07-19 09:52:12 UTC,432.52,0.3248,0.0043,0.0,0.0004,0.04,9.24,MIN_PROFIT_TP_HIT,0.2484
2097,TRUMP_USDT,SHORT,StochasticRSI(FAST_SCALP-SHORT),2,0.2,1.625,1.623,1.623,1.633,2026-07-19 10:01:59 UTC,2026-07-19 10:30:51 UTC,1731.2,0.325,0.0043,0.0,0.0004,0.04,9.23,MIN_PROFIT_TP_HIT,0.2488
2098,TRUMP_USDT,SHORT,StochasticRSI(FAST_SCALP-SHORT),2,0.2,1.627,1.635,1.625,1.635,2026-07-19 10:31:59 UTC,2026-07-19 10:40:48 UTC,528.87,0.3254,0.0043,0.0,-0.0016,-0.15,-36.88,STOP_LOSS_HIT,0.2472
2099,TRUMP_USDT,SHORT,StochasticRSI(FAST_SCALP-SHORT),2,0.2,1.636,1.634,1.634,1.644,2026-07-19 10:44:59 UTC,2026-07-19 10:47:03 UTC,123.64,0.3272,0.0044,0.0,0.0004,0.04,9.17,MIN_PROFIT_TP_HIT,0.2476
2100,TRUMP_USDT,SHORT,StochasticRSI(FAST_SCALP-SHORT),2,0.2,1.637,1.645,1.635,1.645,2026-07-19 10:48:59 UTC,2026-07-19 10:57:11 UTC,491.88,0.3274,0.0044,0.0,-0.0016,-0.15,-36.65,STOP_LOSS_HIT,0.246
2101,TRUMP_USDT,SHORT,StochasticRSI(FAST_SCALP-SHORT),2,0.2,1.641,1.639,1.639,1.649,2026-07-19 10:59:59 UTC,2026-07-19 11:01:35 UTC,95.28,0.3282,0.0044,0.0,0.0004,0.04,9.14,MIN_PROFIT_TP_HIT,0.2464
2102,TRUMP_USDT,LONG,StochasticRSI(FAST_SCALP-LONG),2,0.2,1.64,1.642,1.642,1.632,2026-07-19 11:06:59 UTC,2026-07-19 11:35:05 UTC,1685.75,0.328,0.0044,0.0,0.0004,0.04,9.15,MIN_PROFIT_TP_HIT,0.2468
2103,TRUMP_USDT,SHORT,StochasticRSI(FAST_SCALP-SHORT),2,0.2,1.647,1.645,1.645,1.655,2026-07-19 11:39:59 UTC,2026-07-19 11:40:16 UTC,16.17,0.3294,0.0044,0.0,0.0004,0.04,9.11,MIN_PROFIT_TP_HIT,0.2472
2104,TRUMP_USDT,LONG,StochasticRSI(FAST_SCALP-LONG),2,0.2,1.64,1.632,1.642,1.632,2026-07-19 11:49:59 UTC,2026-07-19 12:08:44 UTC,1124.05,0.328,0.0044,0.0,-0.0016,-0.15,-36.59,STOP_LOSS_HIT,0.2456
2105,TRUMP_USDT,SHORT,StochasticRSI(FAST_SCALP-SHORT),2,0.2,1.635,1.633,1.633,1.643,2026-07-19 12:17:59 UTC,2026-07-19 12:21:59 UTC,239.54,0.327,0.0044,0.0,0.0004,0.04,9.17,MIN_PROFIT_TP_HIT,0.246
2106,TRUMP_USDT,LONG,StochasticRSI(FAST_SCALP-LONG),2,0.2,1.636,1.628,1.638,1.628,2026-07-19 12:25:59 UTC,2026-07-19 12:49:31 UTC,1411.55,0.3272,0.0044,0.0,-0.0016,-0.15,-36.67,STOP_LOSS_HIT,0.2444
2107,TRUMP_USDT,LONG,StochasticRSI(FAST_SCALP-LONG),2,0.2,1.632,1.624,1.634,1.624,2026-07-19 12:51:59 UTC,2026-07-19 13:17:21 UTC,1521.18,0.3264,0.0044,0.0,-0.0016,-0.15,-36.76,STOP_LOSS_HIT,0.2428
2108,TRUMP_USDT,LONG,StochasticRSI(FAST_SCALP-LONG),2,0.2,1.623,1.625,1.625,1.615,2026-07-19 13:21:59 UTC,2026-07-19 13:22:33 UTC,33.91,0.3246,0.0043,0.0,0.0004,0.04,9.24,MIN_PROFIT_TP_HIT,0.2432
2109,TRUMP_USDT,SHORT,StochasticRSI(FAST_SCALP-SHORT),2,0.2,1.63,1.628,1.628,1.638,2026-07-19 13:34:59 UTC,2026-07-19 13:37:24 UTC,144.23,0.326,0.0043,0.0,0.0004,0.04,9.2,MIN_PROFIT_TP_HIT,0.2436
2110,TRUMP_USDT,LONG,StochasticRSI(FAST_SCALP-LONG),2,0.2,1.628,1.63,1.63,1.62,2026-07-19 13:40:59 UTC,2026-07-19 13:41:34 UTC,34.62,0.3256,0.0043,0.0,0.0004,0.04,9.21,MIN_PROFIT_TP_HIT,0.244
2111,TRUMP_USDT,SHORT,StochasticRSI(FAST_SCALP-SHORT),2,0.2,1.628,1.636,1.626,1.636,2026-07-19 13:46:59 UTC,2026-07-19 13:56:41 UTC,581.65,0.3256,0.0043,0.0,-0.0016,-0.15,-36.86,STOP_LOSS_HIT,0.2424
2112,TRUMP_USDT,SHORT,StochasticRSI(FAST_SCALP-SHORT),2,0.2,1.632,1.64,1.63,1.64,2026-07-19 14:01:59 UTC,2026-07-19 14:16:16 UTC,856.46,0.3264,0.0044,0.0,-0.0016,-0.15,-36.76,STOP_LOSS_HIT,0.2408
2113,TRUMP_USDT,LONG,StochasticRSI(FAST_SCALP-LONG),2,0.2,1.637,1.629,1.639,1.629,2026-07-19 14:17:59 UTC,2026-07-19 14:25:16 UTC,436.96,0.3274,0.0044,0.0,-0.0016,-0.15,-36.65,STOP_LOSS_HIT,0.2392
2114,TRUMP_USDT,LONG,StochasticRSI(FAST_SCALP-LONG),2,0.2,1.631,1.633,1.633,1.623,2026-07-19 14:27:59 UTC,2026-07-19 14:48:01 UTC,1201.22,0.3262,0.0043,0.0,0.0004,0.04,9.2,MIN_PROFIT_TP_HIT,0.2396
2115,TRUMP_USDT,SHORT,StochasticRSI(FAST_SCALP-SHORT),2,0.2,1.629,1.627,1.627,1.637,2026-07-19 14:52:59 UTC,2026-07-19 15:30:16 UTC,2236.02,0.3258,0.0043,0.0,0.0004,0.04,9.21,MIN_PROFIT_TP_HIT,0.24
2116,TRUMP_USDT,LONG,StochasticRSI(FAST_SCALP-LONG),2,0.2,1.626,1.628,1.628,1.618,2026-07-19 15:35:59 UTC,2026-07-19 15:39:01 UTC,181.86,0.3252,0.0043,0.0,0.0004,0.04,9.23,MIN_PROFIT_TP_HIT,0.2404
2117,TRUMP_USDT,SHORT,StochasticRSI(FAST_SCALP-SHORT),2,0.2,1.629,1.627,1.627,1.637,2026-07-19 15:42:59 UTC,2026-07-19 15:50:29 UTC,449.97,0.3258,0.0043,0.0,0.0004,0.04,9.21,MIN_PROFIT_TP_HIT,0.2408
2118,TRUMP_USDT,LONG,StochasticRSI(FAST_SCALP-LONG),2,0.2,1.626,1.628,1.628,1.618,2026-07-19 15:55:59 UTC,2026-07-19 16:03:00 UTC,420.47,0.3252,0.0043,0.0,0.0004,0.04,9.23,MIN_PROFIT_TP_HIT,0.2412
2119,TRUMP_USDT,SHORT,StochasticRSI(FAST_SCALP-SHORT),2,0.2,1.626,1.624,1.624,1.634,2026-07-19 16:06:59 UTC,2026-07-19 16:07:34 UTC,34.43,0.3252,0.0043,0.0,0.0004,0.04,9.23,MIN_PROFIT_TP_HIT,0.2416
2120,TRUMP_USDT,SHORT,StochasticRSI(FAST_SCALP-SHORT),2,0.2,1.637,1.645,1.635,1.645,2026-07-19 16:19:59 UTC,2026-07-19 16:23:10 UTC,190.2,0.3274,0.0044,0.0,-0.0016,-0.15,-36.65,STOP_LOSS_HIT,0.24
2121,TRUMP_USDT,SHORT,StochasticRSI(FAST_SCALP-SHORT),2,0.2,1.645,1.643,1.643,1.653,2026-07-19 16:25:59 UTC,2026-07-19 16:27:10 UTC,70.21,0.329,0.0044,0.0,0.0004,0.04,9.12,MIN_PROFIT_TP_HIT,0.2404
2122,TRUMP_USDT,LONG,StochasticRSI(FAST_SCALP-LONG),2,0.2,1.641,1.633,1.643,1.633,2026-07-19 16:33:59 UTC,2026-07-19 16:37:00 UTC,180.54,0.3282,0.0044,0.0,-0.0016,-0.15,-36.56,STOP_LOSS_HIT,0.2388
2123,TRUMP_USDT,LONG,StochasticRSI(FAST_SCALP-LONG),2,0.2,1.634,1.636,1.636,1.626,2026-07-19 16:39:59 UTC,2026-07-19 16:40:03 UTC,3.49,0.3268,0.0044,0.0,0.0004,0.04,9.18,MIN_PROFIT_TP_HIT,0.2392
2124,TRUMP_USDT,LONG,StochasticRSI(FAST_SCALP-LONG),2,0.2,1.638,1.64,1.64,1.63,2026-07-19 16:42:59 UTC,2026-07-19 16:51:14 UTC,494.94,0.3276,0.0044,0.0,0.0004,0.04,9.16,MIN_PROFIT_TP_HIT,0.2396
2125,TRUMP_USDT,SHORT,StochasticRSI(FAST_SCALP-SHORT),2,0.2,1.634,1.632,1.632,1.642,2026-07-19 16:55:59 UTC,2026-07-19 16:57:55 UTC,115.24,0.3268,0.0044,0.0,0.0004,0.04,9.18,MIN_PROFIT_TP_HIT,0.24
2126,TRUMP_USDT,LONG,StochasticRSI(FAST_SCALP-LONG),2,0.2,1.635,1.627,1.637,1.627,2026-07-19 16:59:59 UTC,2026-07-19 17:01:58 UTC,118.67,0.327,0.0044,0.0,-0.0016,-0.15,-36.7,STOP_LOSS_HIT,0.2384
2127,TRUMP_USDT,SHORT,StochasticRSI(FAST_SCALP-SHORT),2,0.2,1.636,1.634,1.634,1.644,2026-07-19 17:12:59 UTC,2026-07-19 17:16:05 UTC,185.01,0.3272,0.0044,0.0,0.0004,0.04,9.17,MIN_PROFIT_TP_HIT,0.2388
2128,TRUMP_USDT,LONG,StochasticRSI(FAST_SCALP-LONG),2,0.2,1.632,1.634,1.634,1.624,2026-07-19 17:20:59 UTC,2026-07-19 17:21:41 UTC,41.85,0.3264,0.0044,0.0,0.0004,0.04,9.19,MIN_PROFIT_TP_HIT,0.2392
2129,TRUMP_USDT,LONG,StochasticRSI(FAST_SCALP-LONG),2,0.2,1.633,1.625,1.635,1.625,2026-07-19 17:26:59 UTC,2026-07-19 18:02:37 UTC,2137.08,0.3266,0.0044,0.0,-0.0016,-0.15,-36.74,STOP_LOSS_HIT,0.2376
2130,TRUMP_USDT,LONG,StochasticRSI(FAST_SCALP-LONG),2,0.2,1.619,1.611,1.621,1.611,2026-07-19 18:07:59 UTC,2026-07-19 18:08:06 UTC,6.89,0.3238,0.0043,0.0,-0.0016,-0.15,-37.06,STOP_LOSS_HIT,0.236
2131,TRUMP_USDT,LONG,StochasticRSI(FAST_SCALP-LONG),2,0.2,1.62,1.622,1.622,1.612,2026-07-19 18:11:59 UTC,2026-07-19 18:13:13 UTC,73.86,0.324,0.0043,0.0,0.0004,0.04,9.26,MIN_PROFIT_TP_HIT,0.2364
2132,TRUMP_USDT,SHORT,StochasticRSI(FAST_SCALP-SHORT),2,0.2,1.628,1.626,1.626,1.636,2026-07-19 18:21:59 UTC,2026-07-19 18:22:08 UTC,8.6,0.3256,0.0043,0.0,0.0004,0.04,9.21,MIN_PROFIT_TP_HIT,0.2368
2133,TRUMP_USDT,LONG,StochasticRSI(FAST_SCALP-LONG),2,0.2,1.623,1.625,1.625,1.615,2026-07-19 18:31:59 UTC,2026-07-19 18:32:01 UTC,1.13,0.3246,0.0043,0.0,0.0004,0.04,9.24,MIN_PROFIT_TP_HIT,0.2372
2134,TRUMP_USDT,SHORT,StochasticRSI(FAST_SCALP-SHORT),2,0.2,1.624,1.622,1.622,1.632,2026-07-19 18:36:59 UTC,2026-07-19 18:40:39 UTC,219.66,0.3248,0.0043,0.0,0.0004,0.04,9.24,MIN_PROFIT_TP_HIT,0.2376
2135,TRUMP_USDT,LONG,StochasticRSI(FAST_SCALP-LONG),2,0.2,1.623,1.625,1.625,1.615,2026-07-19 18:43:59 UTC,2026-07-19 18:49:23 UTC,323.86,0.3246,0.0043,0.0,0.0004,0.04,9.24,MIN_PROFIT_TP_HIT,0.238
2136,TRUMP_USDT,SHORT,StochasticRSI(FAST_SCALP-SHORT),2,0.2,1.625,1.623,1.623,1.633,2026-07-19 18:52:59 UTC,2026-07-19 18:53:16 UTC,16.29,0.325,0.0043,0.0,0.0004,0.04,9.23,MIN_PROFIT_TP_HIT,0.2384
2137,TRUMP_USDT,LONG,StochasticRSI(FAST_SCALP-LONG),2,0.2,1.619,1.621,1.621,1.611,2026-07-19 19:01:59 UTC,2026-07-19 19:16:31 UTC,871.06,0.3238,0.0043,0.0,0.0004,0.04,9.26,MIN_PROFIT_TP_HIT,0.2388
2138,TRUMP_USDT,SHORT,StochasticRSI(FAST_SCALP-SHORT),2,0.2,1.619,1.627,1.617,1.627,2026-07-19 19:18:59 UTC,2026-07-19 19:35:55 UTC,1015.49,0.3238,0.0043,0.0,-0.0016,-0.15,-37.06,STOP_LOSS_HIT,0.2372
2139,TRUMP_USDT,LONG,StochasticRSI(FAST_SCALP-LONG),2,0.2,1.624,1.626,1.626,1.616,2026-07-19 19:44:59 UTC,2026-07-19 20:02:13 UTC,1033.29,0.3248,0.0043,0.0,0.0004,0.04,9.24,MIN_PROFIT_TP_HIT,0.2376
2140,TRUMP_USDT,SHORT,StochasticRSI(FAST_SCALP-SHORT),2,0.2,1.623,1.621,1.621,1.631,2026-07-19 20:03:59 UTC,2026-07-19 20:07:01 UTC,181.81,0.3246,0.0043,0.0,0.0004,0.04,9.24,MIN_PROFIT_TP_HIT,0.238
2141,TRUMP_USDT,LONG,StochasticRSI(FAST_SCALP-LONG),2,0.2,1.623,1.625,1.625,1.615,2026-07-19 20:10:59 UTC,2026-07-19 20:11:59 UTC,59.6,0.3246,0.0043,0.0,0.0004,0.04,9.24,MIN_PROFIT_TP_HIT,0.2384
2142,TRUMP_USDT,SHORT,StochasticRSI(FAST_SCALP-SHORT),2,0.2,1.626,1.624,1.624,1.634,2026-07-19 20:15:59 UTC,2026-07-19 20:22:13 UTC,373.91,0.3252,0.0043,0.0,0.0004,0.04,9.23,MIN_PROFIT_TP_HIT,0.2388
2143,TRUMP_USDT,LONG,StochasticRSI(FAST_SCALP-LONG),2,0.2,1.624,1.626,1.626,1.616,2026-07-19 20:26:59 UTC,2026-07-19 20:35:03 UTC,483.37,0.3248,0.0043,0.0,0.0004,0.04,9.24,MIN_PROFIT_TP_HIT,0.2392
2144,TRUMP_USDT,SHORT,StochasticRSI(FAST_SCALP-SHORT),2,0.2,1.625,1.623,1.623,1.633,2026-07-19 20:39:59 UTC,2026-07-19 21:13:00 UTC,1980.06,0.325,0.0043,0.0,0.0004,0.04,9.23,MIN_PROFIT_TP_HIT,0.2396
2145,TRUMP_USDT,LONG,StochasticRSI(FAST_SCALP-LONG),2,0.2,1.622,1.614,1.624,1.614,2026-07-19 21:19:59 UTC,2026-07-19 21:30:20 UTC,620.12,0.3244,0.0043,0.0,-0.0016,-0.15,-36.99,STOP_LOSS_HIT,0.238
2146,TRUMP_USDT,LONG,StochasticRSI(FAST_SCALP-LONG),2,0.2,1.571,1.573,1.573,1.563,2026-07-19 21:37:59 UTC,2026-07-19 21:40:02 UTC,122.66,0.3142,0.0042,0.0,0.0004,0.04,9.55,MIN_PROFIT_TP_HIT,0.2384
2147,TRUMP_USDT,SHORT,StochasticRSI(FAST_SCALP-SHORT),2,0.2,1.569,1.567,1.567,1.577,2026-07-19 21:42:59 UTC,2026-07-19 21:43:09 UTC,9.89,0.3138,0.0042,0.0,0.0004,0.04,9.56,MIN_PROFIT_TP_HIT,0.2388
2148,TRUMP_USDT,SHORT,StochasticRSI(FAST_SCALP-SHORT),2,0.2,1.571,1.569,1.569,1.579,2026-07-19 21:46:59 UTC,2026-07-19 21:47:03 UTC,3.04,0.3142,0.0042,0.0,0.0004,0.04,9.55,MIN_PROFIT_TP_HIT,0.2392
2149,TRUMP_USDT,LONG,StochasticRSI(FAST_SCALP-LONG),2,0.2,1.56,1.562,1.562,1.552,2026-07-19 21:55:59 UTC,2026-07-19 21:57:11 UTC,71.69,0.312,0.0042,0.0,0.0004,0.04,9.62,MIN_PROFIT_TP_HIT,0.2396
2150,TRUMP_USDT,LONG,StochasticRSI(FAST_SCALP-LONG),2,0.2,1.558,1.56,1.56,1.55,2026-07-19 22:00:59 UTC,2026-07-19 22:01:28 UTC,28.4,0.3116,0.0042,0.0,0.0004,0.04,9.63,MIN_PROFIT_TP_HIT,0.24
2151,TRUMP_USDT,LONG,StochasticRSI(FAST_SCALP-LONG),2,0.2,1.559,1.561,1.561,1.551,2026-07-19 22:09:59 UTC,2026-07-19 22:10:06 UTC,6.51,0.3118,0.0042,0.0,0.0004,0.04,9.62,MIN_PROFIT_TP_HIT,0.2404
2152,TRUMP_USDT,SHORT,StochasticRSI(FAST_SCALP-SHORT),2,0.2,1.563,1.561,1.561,1.571,2026-07-19 22:13:59 UTC,2026-07-19 22:14:01 UTC,1.17,0.3126,0.0042,0.0,0.0004,0.04,9.6,MIN_PROFIT_TP_HIT,0.2408
2153,TRUMP_USDT,SHORT,StochasticRSI(FAST_SCALP-SHORT),2,0.2,1.568,1.566,1.566,1.576,2026-07-19 22:23:59 UTC,2026-07-19 22:27:01 UTC,181.88,0.3136,0.0042,0.0,0.0004,0.04,9.57,MIN_PROFIT_TP_HIT,0.2412
2154,TRUMP_USDT,LONG,StochasticRSI(FAST_SCALP-LONG),2,0.2,1.569,1.571,1.571,1.561,2026-07-19 22:31:59 UTC,2026-07-19 22:33:01 UTC,61.69,0.3138,0.0042,0.0,0.0004,0.04,9.56,MIN_PROFIT_TP_HIT,0.2416
2155,TRUMP_USDT,SHORT,StochasticRSI(FAST_SCALP-SHORT),2,0.2,1.57,1.568,1.568,1.578,2026-07-19 22:35:59 UTC,2026-07-19 22:36:04 UTC,4.84,0.314,0.0042,0.0,0.0004,0.04,9.55,MIN_PROFIT_TP_HIT,0.242
2156,TRUMP_USDT,LONG,StochasticRSI(FAST_SCALP-LONG),2,0.2,1.566,1.568,1.568,1.558,2026-07-19 22:51:59 UTC,2026-07-19 22:55:58 UTC,238.59,0.3132,0.0042,0.0,0.0004,0.04,9.58,MIN_PROFIT_TP_HIT,0.2424
2157,TRUMP_USDT,SHORT,StochasticRSI(FAST_SCALP-SHORT),2,0.2,1.568,1.566,1.566,1.576,2026-07-19 22:59:59 UTC,2026-07-19 23:00:06 UTC,6.26,0.3136,0.0042,0.0,0.0004,0.04,9.57,MIN_PROFIT_TP_HIT,0.2428
2158,TRUMP_USDT,LONG,StochasticRSI(FAST_SCALP-LONG),2,0.2,1.561,1.563,1.563,1.553,2026-07-19 23:05:59 UTC,2026-07-19 23:12:14 UTC,374.03,0.3122,0.0042,0.0,0.0004,0.04,9.61,MIN_PROFIT_TP_HIT,0.2432
2159,TRUMP_USDT,SHORT,StochasticRSI(FAST_SCALP-SHORT),2,0.2,1.561,1.559,1.559,1.569,2026-07-19 23:14:59 UTC,2026-07-19 23:15:14 UTC,14.2,0.3122,0.0042,0.0,0.0004,0.04,9.61,MIN_PROFIT_TP_HIT,0.2436
2160,TRUMP_USDT,SHORT,StochasticRSI(FAST_SCALP-SHORT),2,0.2,1.563,1.561,1.561,1.571,2026-07-19 23:27:59 UTC,2026-07-19 23:33:13 UTC,313.19,0.3126,0.0042,0.0,0.0004,0.04,9.6,MIN_PROFIT_TP_HIT,0.244
2161,TRUMP_USDT,LONG,StochasticRSI(FAST_SCALP-LONG),2,0.2,1.562,1.564,1.564,1.554,2026-07-19 23:50:59 UTC,2026-07-19 23:51:08 UTC,8.68,0.3124,0.0042,0.0,0.0004,0.04,9.6,MIN_PROFIT_TP_HIT,0.2444
2162,TRUMP_USDT,SHORT,StochasticRSI(FAST_SCALP-SHORT),2,0.2,1.565,1.563,1.563,1.573,2026-07-19 23:58:59 UTC,2026-07-20 00:00:04 UTC,64.62,0.313,0.0042,0.0,0.0004,0.04,9.58,MIN_PROFIT_TP_HIT,0.2448
2163,TRUMP_USDT,LONG,StochasticRSI(FAST_SCALP-LONG),2,0.2,1.562,1.564,1.564,1.554,2026-07-20 00:03:59 UTC,2026-07-20 00:04:23 UTC,23.73,0.3124,0.0042,0.0,0.0004,0.04,9.6,MIN_PROFIT_TP_HIT,0.2452
2164,TRUMP_USDT,SHORT,StochasticRSI(FAST_SCALP-SHORT),2,0.2,1.57,1.578,1.568,1.578,2026-07-20 00:12:59 UTC,2026-07-20 00:16:55 UTC,235.57,0.314,0.0042,0.0,-0.0016,-0.15,-38.22,STOP_LOSS_HIT,0.2436
2165,TRUMP_USDT,LONG,StochasticRSI(FAST_SCALP-LONG),2,0.2,1.57,1.572,1.572,1.562,2026-07-20 00:24:59 UTC,2026-07-20 00:25:01 UTC,1.8,0.314,0.0042,0.0,0.0004,0.04,9.55,MIN_PROFIT_TP_HIT,0.244
2166,TRUMP_USDT,SHORT,StochasticRSI(FAST_SCALP-SHORT),2,0.2,1.568,1.566,1.566,1.576,2026-07-20 00:40:59 UTC,2026-07-20 00:49:44 UTC,524.45,0.3136,0.0042,0.0,0.0004,0.04,9.57,MIN_PROFIT_TP_HIT,0.2444
2167,TRUMP_USDT,LONG,StochasticRSI(FAST_SCALP-LONG),2,0.2,1.562,1.564,1.564,1.554,2026-07-20 00:54:59 UTC,2026-07-20 00:59:03 UTC,243.71,0.3124,0.0042,0.0,0.0004,0.04,9.6,MIN_PROFIT_TP_HIT,0.2448
2168,TRUMP_USDT,SHORT,StochasticRSI(FAST_SCALP-SHORT),2,0.2,1.564,1.572,1.562,1.572,2026-07-20 01:02:59 UTC,2026-07-20 01:09:25 UTC,385.92,0.3128,0.0042,0.0,-0.0016,-0.15,-38.36,STOP_LOSS_HIT,0.2432
2169,TRUMP_USDT,SHORT,StochasticRSI(FAST_SCALP-SHORT),2,0.2,1.572,1.57,1.57,1.58,2026-07-20 01:12:59 UTC,2026-07-20 01:13:01 UTC,1.27,0.3144,0.0042,0.0,0.0004,0.04,9.54,MIN_PROFIT_TP_HIT,0.2436
2170,TRUMP_USDT,LONG,StochasticRSI(FAST_SCALP-LONG),2,0.2,1.57,1.572,1.572,1.562,2026-07-20 01:17:59 UTC,2026-07-20 01:22:09 UTC,249.08,0.314,0.0042,0.0,0.0004,0.04,9.55,MIN_PROFIT_TP_HIT,0.244
2171,TRUMP_USDT,LONG,StochasticRSI(FAST_SCALP-LONG),2,0.2,1.578,1.58,1.58,1.57,2026-07-20 01:35:59 UTC,2026-07-20 01:36:02 UTC,2.68,0.3156,0.0042,0.0,0.0004,0.04,9.51,MIN_PROFIT_TP_HIT,0.2444
2172,TRUMP_USDT,LONG,StochasticRSI(FAST_SCALP-LONG),2,0.2,1.585,1.577,1.587,1.577,2026-07-20 01:48:59 UTC,2026-07-20 01:52:10 UTC,190.05,0.317,0.0042,0.0,-0.0016,-0.15,-37.85,STOP_LOSS_HIT,0.2428
2173,TRUMP_USDT,LONG,StochasticRSI(FAST_SCALP-LONG),2,0.2,1.573,1.575,1.575,1.565,2026-07-20 01:57:59 UTC,2026-07-20 01:58:50 UTC,50.6,0.3146,0.0042,0.0,0.0004,0.04,9.54,MIN_PROFIT_TP_HIT,0.2432
2174,TRUMP_USDT,SHORT,StochasticRSI(FAST_SCALP-SHORT),2,0.2,1.584,1.582,1.582,1.592,2026-07-20 02:04:59 UTC,2026-07-20 02:09:52 UTC,292.24,0.3168,0.0042,0.0,0.0004,0.04,9.47,MIN_PROFIT_TP_HIT,0.2436
2175,TRUMP_USDT,LONG,StochasticRSI(FAST_SCALP-LONG),2,0.2,1.585,1.587,1.587,1.577,2026-07-20 02:18:59 UTC,2026-07-20 02:32:15 UTC,795.58,0.317,0.0042,0.0,0.0004,0.04,9.46,MIN_PROFIT_TP_HIT,0.244
2176,TRUMP_USDT,SHORT,StochasticRSI(FAST_SCALP-SHORT),2,0.2,1.586,1.594,1.584,1.594,2026-07-20 02:35:59 UTC,2026-07-20 02:50:06 UTC,846.33,0.3172,0.0042,0.0,-0.0016,-0.15,-37.83,STOP_LOSS_HIT,0.2424
2177,TRUMP_USDT,LONG,StochasticRSI(FAST_SCALP-LONG),2,0.2,1.591,1.593,1.593,1.583,2026-07-20 02:54:59 UTC,2026-07-20 02:55:11 UTC,11.01,0.3182,0.0042,0.0,0.0004,0.04,9.43,MIN_PROFIT_TP_HIT,0.2428
2178,TRUMP_USDT,LONG,StochasticRSI(FAST_SCALP-LONG),2,0.2,1.59,1.582,1.592,1.582,2026-07-20 03:01:59 UTC,2026-07-20 03:07:12 UTC,312.52,0.318,0.0042,0.0,-0.0016,-0.15,-37.74,STOP_LOSS_HIT,0.2412
2179,TRUMP_USDT,LONG,StochasticRSI(FAST_SCALP-LONG),2,0.2,1.584,1.586,1.586,1.576,2026-07-20 03:09:59 UTC,2026-07-20 03:12:56 UTC,176.66,0.3168,0.0042,0.0,0.0004,0.04,9.47,MIN_PROFIT_TP_HIT,0.2416
2180,TRUMP_USDT,SHORT,StochasticRSI(FAST_SCALP-SHORT),2,0.2,1.589,1.587,1.587,1.597,2026-07-20 03:16:59 UTC,2026-07-20 03:17:34 UTC,34.04,0.3178,0.0042,0.0,0.0004,0.04,9.44,MIN_PROFIT_TP_HIT,0.242
2181,TRUMP_USDT,LONG,StochasticRSI(FAST_SCALP-LONG),2,0.2,1.577,1.579,1.579,1.569,2026-07-20 03:25:59 UTC,2026-07-20 03:26:01 UTC,1.97,0.3154,0.0042,0.0,0.0004,0.04,9.51,MIN_PROFIT_TP_HIT,0.2424
2182,TRUMP_USDT,LONG,StochasticRSI(FAST_SCALP-LONG),2,0.2,1.575,1.577,1.577,1.567,2026-07-20 03:29:59 UTC,2026-07-20 03:31:12 UTC,72.08,0.315,0.0042,0.0,0.0004,0.04,9.52,MIN_PROFIT_TP_HIT,0.2428
2183,TRUMP_USDT,SHORT,StochasticRSI(FAST_SCALP-SHORT),2,0.2,1.573,1.571,1.571,1.581,2026-07-20 03:40:59 UTC,2026-07-20 03:47:13 UTC,373.88,0.3146,0.0042,0.0,0.0004,0.04,9.54,MIN_PROFIT_TP_HIT,0.2432
2184,TRUMP_USDT,SHORT,StochasticRSI(FAST_SCALP-SHORT),2,0.2,1.574,1.572,1.572,1.582,2026-07-20 03:53:59 UTC,2026-07-20 03:54:48 UTC,48.93,0.3148,0.0042,0.0,0.0004,0.04,9.53,MIN_PROFIT_TP_HIT,0.2436
2185,TRUMP_USDT,LONG,StochasticRSI(FAST_SCALP-LONG),2,0.2,1.572,1.574,1.574,1.564,2026-07-20 03:59:59 UTC,2026-07-20 04:01:18 UTC,78.64,0.3144,0.0042,0.0,0.0004,0.04,9.54,MIN_PROFIT_TP_HIT,0.244
2186,TRUMP_USDT,LONG,StochasticRSI(FAST_SCALP-LONG),2,0.2,1.569,1.571,1.571,1.561,2026-07-20 04:11:59 UTC,2026-07-20 04:27:09 UTC,909.07,0.3138,0.0042,0.0,0.0004,0.04,9.56,MIN_PROFIT_TP_HIT,0.2444
2187,TRUMP_USDT,SHORT,StochasticRSI(FAST_SCALP-SHORT),2,0.2,1.57,1.568,1.568,1.578,2026-07-20 04:30:59 UTC,2026-07-20 04:54:37 UTC,1417.46,0.314,0.0042,0.0,0.0004,0.04,9.55,MIN_PROFIT_TP_HIT,0.2448
2188,TRUMP_USDT,LONG,StochasticRSI(FAST_SCALP-LONG),2,0.2,1.567,1.559,1.569,1.559,2026-07-20 05:00:59 UTC,2026-07-20 05:11:06 UTC,606.14,0.3134,0.0042,0.0,-0.0016,-0.15,-38.29,STOP_LOSS_HIT,0.2432
2189,TRUMP_USDT,SHORT,StochasticRSI(FAST_SCALP-SHORT),2,0.2,1.565,1.563,1.563,1.573,2026-07-20 05:20:59 UTC,2026-07-20 05:21:52 UTC,52.78,0.313,0.0042,0.0,0.0004,0.04,9.58,MIN_PROFIT_TP_HIT,0.2436
2190,TRUMP_USDT,LONG,StochasticRSI(FAST_SCALP-LONG),2,0.2,1.566,1.568,1.568,1.558,2026-07-20 05:26:59 UTC,2026-07-20 05:30:06 UTC,186.73,0.3132,0.0042,0.0,0.0004,0.04,9.58,MIN_PROFIT_TP_HIT,0.244
2191,TRUMP_USDT,SHORT,StochasticRSI(FAST_SCALP-SHORT),2,0.2,1.571,1.579,1.569,1.579,2026-07-20 05:32:59 UTC,2026-07-20 05:33:52 UTC,52.85,0.3142,0.0042,0.0,-0.0016,-0.15,-38.19,STOP_LOSS_HIT,0.2424
2192,TRUMP_USDT,SHORT,StochasticRSI(FAST_SCALP-SHORT),2,0.2,1.576,1.574,1.574,1.584,2026-07-20 05:36:59 UTC,2026-07-20 05:37:08 UTC,8.13,0.3152,0.0042,0.0,0.0004,0.04,9.52,MIN_PROFIT_TP_HIT,0.2428
2193,TRUMP_USDT,LONG,StochasticRSI(FAST_SCALP-LONG),2,0.2,1.566,1.568,1.568,1.558,2026-07-20 05:51:59 UTC,2026-07-20 05:53:07 UTC,67.64,0.3132,0.0042,0.0,0.0004,0.04,9.58,MIN_PROFIT_TP_HIT,0.2432
2194,TRUMP_USDT,SHORT,StochasticRSI(FAST_SCALP-SHORT),2,0.2,1.567,1.565,1.565,1.575,2026-07-20 06:00:59 UTC,2026-07-20 06:02:18 UTC,78.16,0.3134,0.0042,0.0,0.0004,0.04,9.57,MIN_PROFIT_TP_HIT,0.2436
2195,TRUMP_USDT,SHORT,StochasticRSI(FAST_SCALP-SHORT),2,0.2,1.567,1.565,1.565,1.575,2026-07-20 06:11:59 UTC,2026-07-20 06:19:03 UTC,423.84,0.3134,0.0042,0.0,0.0004,0.04,9.57,MIN_PROFIT_TP_HIT,0.244
2196,TRUMP_USDT,LONG,StochasticRSI(FAST_SCALP-LONG),2,0.2,1.566,1.568,1.568,1.558,2026-07-20 06:24:59 UTC,2026-07-20 06:25:16 UTC,16.08,0.3132,0.0042,0.0,0.0004,0.04,9.58,MIN_PROFIT_TP_HIT,0.2444
2197,TRUMP_USDT,LONG,StochasticRSI(FAST_SCALP-LONG),2,0.2,1.563,1.565,1.565,1.555,2026-07-20 06:39:59 UTC,2026-07-20 06:41:22 UTC,82.21,0.3126,0.0042,0.0,0.0004,0.04,9.6,MIN_PROFIT_TP_HIT,0.2448
2198,TRUMP_USDT,LONG,StochasticRSI(FAST_SCALP-LONG),2,0.2,1.563,1.565,1.565,1.555,2026-07-20 07:01:59 UTC,2026-07-20 07:22:43 UTC,1243.03,0.3126,0.0042,0.0,0.0004,0.04,9.6,MIN_PROFIT_TP_HIT,0.2452
2199,TRUMP_USDT,SHORT,StochasticRSI(FAST_SCALP-SHORT),2,0.2,1.563,1.561,1.561,1.571,2026-07-20 07:24:59 UTC,2026-07-20 07:35:27 UTC,627.19,0.3126,0.0042,0.0,0.0004,0.04,9.6,MIN_PROFIT_TP_HIT,0.2456
2200,TRUMP_USDT,LONG,StochasticRSI(FAST_SCALP-LONG),2,0.2,1.561,1.563,1.563,1.553,2026-07-20 07:38:59 UTC,2026-07-20 07:41:23 UTC,143.32,0.3122,0.0042,0.0,0.0004,0.04,9.61,MIN_PROFIT_TP_HIT,0.246
2201,TRUMP_USDT,SHORT,StochasticRSI(FAST_SCALP-SHORT),2,0.2,1.562,1.56,1.56,1.57,2026-07-20 07:47:59 UTC,2026-07-20 08:20:37 UTC,1957.84,0.3124,0.0042,0.0,0.0004,0.04,9.6,MIN_PROFIT_TP_HIT,0.2464
2202,TRUMP_USDT,LONG,StochasticRSI(FAST_SCALP-LONG),2,0.2,1.561,1.563,1.563,1.553,2026-07-20 08:24:59 UTC,2026-07-20 08:34:55 UTC,595.6,0.3122,0.0042,0.0,0.0004,0.04,9.61,MIN_PROFIT_TP_HIT,0.2468
2203,TRUMP_USDT,SHORT,StochasticRSI(FAST_SCALP-SHORT),2,0.2,1.558,1.556,1.556,1.566,2026-07-20 08:38:59 UTC,2026-07-20 08:57:17 UTC,1097.55,0.3116,0.0042,0.0,0.0004,0.04,9.63,MIN_PROFIT_TP_HIT,0.2472
2204,TRUMP_USDT,LONG,StochasticRSI(FAST_SCALP-LONG),2,0.2,1.557,1.549,1.559,1.549,2026-07-20 09:00:59 UTC,2026-07-20 09:04:25 UTC,205.39,0.3114,0.0042,0.0,-0.0016,-0.15,-38.54,STOP_LOSS_HIT,0.2456
2205,TRUMP_USDT,LONG,StochasticRSI(FAST_SCALP-LONG),2,0.2,1.548,1.55,1.55,1.54,2026-07-20 09:06:59 UTC,2026-07-20 09:10:22 UTC,202.46,0.3096,0.0041,0.0,0.0004,0.04,9.69,MIN_PROFIT_TP_HIT,0.246
2206,TRUMP_USDT,SHORT,StochasticRSI(FAST_SCALP-SHORT),2,0.2,1.552,1.55,1.55,1.56,2026-07-20 09:16:59 UTC,2026-07-20 09:19:45 UTC,165.24,0.3104,0.0041,0.0,0.0004,0.04,9.66,MIN_PROFIT_TP_HIT,0.2464
2207,TRUMP_USDT,SHORT,StochasticRSI(FAST_SCALP-SHORT),2,0.2,1.554,1.552,1.552,1.562,2026-07-20 09:26:59 UTC,2026-07-20 09:28:49 UTC,109.19,0.3108,0.0041,0.0,0.0004,0.04,9.65,MIN_PROFIT_TP_HIT,0.2468
2208,TRUMP_USDT,SHORT,StochasticRSI(FAST_SCALP-SHORT),2,0.2,1.557,1.565,1.555,1.565,2026-07-20 09:37:59 UTC,2026-07-20 10:08:35 UTC,1835.31,0.3114,0.0042,0.0,-0.0016,-0.15,-38.54,STOP_LOSS_HIT,0.2452
2209,TRUMP_USDT,SHORT,StochasticRSI(FAST_SCALP-SHORT),2,0.2,1.567,1.565,1.565,1.575,2026-07-20 10:09:59 UTC,2026-07-20 10:10:33 UTC,33.45,0.3134,0.0042,0.0,0.0004,0.04,9.57,MIN_PROFIT_TP_HIT,0.2456
2210,TRUMP_USDT,SHORT,StochasticRSI(FAST_SCALP-SHORT),2,0.2,1.563,1.571,1.561,1.571,2026-07-20 10:11:59 UTC,2026-07-20 11:10:27 UTC,3507.42,0.3126,0.0042,0.0,-0.0016,-0.15,-38.39,STOP_LOSS_HIT,0.244
2211,TRUMP_USDT,SHORT,StochasticRSI(FAST_SCALP-SHORT),2,0.2,1.57,1.568,1.568,1.578,2026-07-20 11:13:59 UTC,2026-07-20 11:14:14 UTC,14.33,0.314,0.0042,0.0,0.0004,0.04,9.55,MIN_PROFIT_TP_HIT,0.2444
2212,TRUMP_USDT,LONG,StochasticRSI(FAST_SCALP-LONG),2,0.2,1.567,1.569,1.569,1.559,2026-07-20 11:19:59 UTC,2026-07-20 11:30:31 UTC,631.55,0.3134,0.0042,0.0,0.0004,0.04,9.57,MIN_PROFIT_TP_HIT,0.2448
2213,TRUMP_USDT,LONG,StochasticRSI(FAST_SCALP-LONG),2,0.2,1.57,1.572,1.572,1.562,2026-07-20 11:31:59 UTC,2026-07-20 11:32:21 UTC,21.17,0.314,0.0042,0.0,0.0004,0.04,9.55,MIN_PROFIT_TP_HIT,0.2452
2214,TRUMP_USDT,SHORT,StochasticRSI(FAST_SCALP-SHORT),2,0.2,1.577,1.575,1.575,1.585,2026-07-20 11:35:59 UTC,2026-07-20 11:43:41 UTC,461.65,0.3154,0.0042,0.0,0.0004,0.04,9.51,MIN_PROFIT_TP_HIT,0.2456
2215,TRUMP_USDT,LONG,StochasticRSI(FAST_SCALP-LONG),2,0.2,1.577,1.579,1.579,1.569,2026-07-20 11:47:59 UTC,2026-07-20 11:57:27 UTC,567.68,0.3154,0.0042,0.0,0.0004,0.04,9.51,MIN_PROFIT_TP_HIT,0.246
2216,TRUMP_USDT,SHORT,StochasticRSI(FAST_SCALP-SHORT),2,0.2,1.574,1.572,1.572,1.582,2026-07-20 12:01:59 UTC,2026-07-20 12:02:32 UTC,32.04,0.3148,0.0042,0.0,0.0004,0.04,9.53,MIN_PROFIT_TP_HIT,0.2464
2217,TRUMP_USDT,LONG,StochasticRSI(FAST_SCALP-LONG),2,0.2,1.57,1.572,1.572,1.562,2026-07-20 12:05:59 UTC,2026-07-20 12:07:12 UTC,72.76,0.314,0.0042,0.0,0.0004,0.04,9.55,MIN_PROFIT_TP_HIT,0.2468
2218,TRUMP_USDT,SHORT,StochasticRSI(FAST_SCALP-SHORT),2,0.2,1.571,1.569,1.569,1.579,2026-07-20 12:12:59 UTC,2026-07-20 12:14:11 UTC,71.07,0.3142,0.0042,0.0,0.0004,0.04,9.55,MIN_PROFIT_TP_HIT,0.2472
2219,TRUMP_USDT,SHORT,StochasticRSI(FAST_SCALP-SHORT),2,0.2,1.571,1.569,1.569,1.579,2026-07-20 12:20:59 UTC,2026-07-20 12:34:13 UTC,793.53,0.3142,0.0042,0.0,0.0004,0.04,9.55,MIN_PROFIT_TP_HIT,0.2476
2220,TRUMP_USDT,SHORT,StochasticRSI(FAST_SCALP-SHORT),2,0.2,1.573,1.571,1.571,1.581,2026-07-20 12:40:59 UTC,2026-07-20 12:42:40 UTC,100.42,0.3146,0.0042,0.0,0.0004,0.04,9.54,MIN_PROFIT_TP_HIT,0.248
2221,TRUMP_USDT,LONG,StochasticRSI(FAST_SCALP-LONG),2,0.2,1.571,1.573,1.573,1.563,2026-07-20 12:46:59 UTC,2026-07-20 12:47:08 UTC,8.51,0.3142,0.0042,0.0,0.0004,0.04,9.55,MIN_PROFIT_TP_HIT,0.2484
2222,TRUMP_USDT,SHORT,StochasticRSI(FAST_SCALP-SHORT),2,0.2,1.573,1.571,1.571,1.581,2026-07-20 12:51:59 UTC,2026-07-20 12:54:49 UTC,169.03,0.3146,0.0042,0.0,0.0004,0.04,9.54,MIN_PROFIT_TP_HIT,0.2488
2223,TRUMP_USDT,LONG,StochasticRSI(FAST_SCALP-LONG),2,0.2,1.571,1.573,1.573,1.563,2026-07-20 12:58:59 UTC,2026-07-20 12:59:39 UTC,39.78,0.3142,0.0042,0.0,0.0004,0.04,9.55,MIN_PROFIT_TP_HIT,0.2492
2224,TRUMP_USDT,LONG,StochasticRSI(FAST_SCALP-LONG),2,0.2,1.571,1.573,1.573,1.563,2026-07-20 13:02:59 UTC,2026-07-20 13:03:44 UTC,44.14,0.3142,0.0042,0.0,0.0004,0.04,9.55,MIN_PROFIT_TP_HIT,0.2496
2225,TRUMP_USDT,SHORT,StochasticRSI(FAST_SCALP-SHORT),2,0.2,1.573,1.571,1.571,1.581,2026-07-20 13:12:59 UTC,2026-07-20 13:14:00 UTC,60.5,0.3146,0.0042,0.0,0.0004,0.04,9.54,MIN_PROFIT_TP_HIT,0.25
2226,TRUMP_USDT,LONG,StochasticRSI(FAST_SCALP-LONG),2,0.2,1.572,1.574,1.574,1.564,2026-07-20 13:17:59 UTC,2026-07-20 13:18:29 UTC,29.09,0.3144,0.0042,0.0,0.0004,0.04,9.54,MIN_PROFIT_TP_HIT,0.2504
2227,TRUMP_USDT,SHORT,StochasticRSI(FAST_SCALP-SHORT),2,0.2,1.574,1.572,1.572,1.582,2026-07-20 13:22:59 UTC,2026-07-20 13:25:02 UTC,122.31,0.3148,0.0042,0.0,0.0004,0.04,9.53,MIN_PROFIT_TP_HIT,0.2508
2228,TRUMP_USDT,LONG,StochasticRSI(FAST_SCALP-LONG),2,0.2,1.579,1.581,1.581,1.571,2026-07-20 13:33:59 UTC,2026-07-20 13:34:17 UTC,17.38,0.3158,0.0042,0.0,0.0004,0.04,9.5,MIN_PROFIT_TP_HIT,0.2512
2229,TRUMP_USDT,SHORT,StochasticRSI(FAST_SCALP-SHORT),2,0.2,1.58,1.578,1.578,1.588,2026-07-20 13:43:59 UTC,2026-07-20 13:46:15 UTC,135.82,0.316,0.0042,0.0,0.0004,0.04,9.49,MIN_PROFIT_TP_HIT,0.2516
2230,TRUMP_USDT,LONG,StochasticRSI(FAST_SCALP-LONG),2,0.2,1.575,1.577,1.577,1.567,2026-07-20 13:50:59 UTC,2026-07-20 13:51:23 UTC,23.39,0.315,0.0042,0.0,0.0004,0.04,9.52,MIN_PROFIT_TP_HIT,0.252
2231,TRUMP_USDT,LONG,StochasticRSI(FAST_SCALP-LONG),2,0.2,1.572,1.574,1.574,1.564,2026-07-20 13:59:59 UTC,2026-07-20 14:02:03 UTC,123.49,0.3144,0.0042,0.0,0.0004,0.04,9.54,MIN_PROFIT_TP_HIT,0.2524
2232,TRUMP_USDT,SHORT,StochasticRSI(FAST_SCALP-SHORT),2,0.2,1.577,1.575,1.575,1.585,2026-07-20 14:09:59 UTC,2026-07-20 14:10:04 UTC,4.17,0.3154,0.0042,0.0,0.0004,0.04,9.51,MIN_PROFIT_TP_HIT,0.2528
2233,TRUMP_USDT,LONG,StochasticRSI(FAST_SCALP-LONG),2,0.2,1.566,1.568,1.568,1.558,2026-07-20 14:14:59 UTC,2026-07-20 14:15:18 UTC,18.32,0.3132,0.0042,0.0,0.0004,0.04,9.58,MIN_PROFIT_TP_HIT,0.2532
2234,TRUMP_USDT,LONG,StochasticRSI(FAST_SCALP-LONG),2,0.2,1.562,1.564,1.564,1.554,2026-07-20 14:19:59 UTC,2026-07-20 14:23:42 UTC,222.56,0.3124,0.0042,0.0,0.0004,0.04,9.6,MIN_PROFIT_TP_HIT,0.2536
2235,TRUMP_USDT,SHORT,StochasticRSI(FAST_SCALP-SHORT),2,0.2,1.576,1.574,1.574,1.584,2026-07-20 14:32:59 UTC,2026-07-20 14:33:05 UTC,5.34,0.3152,0.0042,0.0,0.0004,0.04,9.52,MIN_PROFIT_TP_HIT,0.254
2236,TRUMP_USDT,LONG,StochasticRSI(FAST_SCALP-LONG),2,0.2,1.572,1.574,1.574,1.564,2026-07-20 14:41:59 UTC,2026-07-20 14:42:39 UTC,39.13,0.3144,0.0042,0.0,0.0004,0.04,9.54,MIN_PROFIT_TP_HIT,0.2544
2237,TRUMP_USDT,LONG,StochasticRSI(FAST_SCALP-LONG),2,0.2,1.571,1.573,1.573,1.563,2026-07-20 14:56:59 UTC,2026-07-20 14:58:10 UTC,70.97,0.3142,0.0042,0.0,0.0004,0.04,9.55,MIN_PROFIT_TP_HIT,0.2548
2238,TRUMP_USDT,LONG,StochasticRSI(FAST_SCALP-LONG),2,0.2,1.577,1.579,1.579,1.569,2026-07-20 15:00:59 UTC,2026-07-20 15:03:05 UTC,125.8,0.3154,0.0042,0.0,0.0004,0.04,9.51,MIN_PROFIT_TP_HIT,0.2552
2239,TRUMP_USDT,SHORT,StochasticRSI(FAST_SCALP-SHORT),2,0.2,1.577,1.575,1.575,1.585,2026-07-20 15:04:59 UTC,2026-07-20 15:05:38 UTC,38.16,0.3154,0.0042,0.0,0.0004,0.04,9.51,MIN_PROFIT_TP_HIT,0.2556
2240,TRUMP_USDT,SHORT,StochasticRSI(FAST_SCALP-SHORT),2,0.2,1.582,1.58,1.58,1.59,2026-07-20 15:17:59 UTC,2026-07-20 15:19:26 UTC,86.13,0.3164,0.0042,0.0,0.0004,0.04,9.48,MIN_PROFIT_TP_HIT,0.256
2241,TRUMP_USDT,LONG,StochasticRSI(FAST_SCALP-LONG),2,0.2,1.585,1.587,1.587,1.577,2026-07-20 15:31:59 UTC,2026-07-20 15:40:38 UTC,518.53,0.317,0.0042,0.0,0.0004,0.04,9.46,MIN_PROFIT_TP_HIT,0.2564
2242,TRUMP_USDT,LONG,StochasticRSI(FAST_SCALP-LONG),2,0.2,1.586,1.588,1.588,1.578,2026-07-20 15:41:59 UTC,2026-07-20 15:42:38 UTC,38.47,0.3172,0.0042,0.0,0.0004,0.04,9.46,MIN_PROFIT_TP_HIT,0.2568
2243,TRUMP_USDT,SHORT,StochasticRSI(FAST_SCALP-SHORT),2,0.2,1.591,1.589,1.589,1.599,2026-07-20 15:49:59 UTC,2026-07-20 15:50:38 UTC,38.58,0.3182,0.0042,0.0,0.0004,0.04,9.43,MIN_PROFIT_TP_HIT,0.2572
2244,TRUMP_USDT,SHORT,StochasticRSI(FAST_SCALP-SHORT),2,0.2,1.594,1.592,1.592,1.602,2026-07-20 15:57:59 UTC,2026-07-20 16:06:06 UTC,486.98,0.3188,0.0043,0.0,0.0004,0.04,9.41,MIN_PROFIT_TP_HIT,0.2576
2245,TRUMP_USDT,LONG,StochasticRSI(FAST_SCALP-LONG),2,0.2,1.592,1.594,1.594,1.584,2026-07-20 16:08:59 UTC,2026-07-20 16:11:05 UTC,125.3,0.3184,0.0042,0.0,0.0004,0.04,9.42,MIN_PROFIT_TP_HIT,0.258
2246,TRUMP_USDT,SHORT,StochasticRSI(FAST_SCALP-SHORT),2,0.2,1.596,1.594,1.594,1.604,2026-07-20 16:16:59 UTC,2026-07-20 16:18:43 UTC,103.24,0.3192,0.0043,0.0,0.0004,0.04,9.4,MIN_PROFIT_TP_HIT,0.2584
2247,TRUMP_USDT,LONG,StochasticRSI(FAST_SCALP-LONG),2,0.2,1.592,1.594,1.594,1.584,2026-07-20 16:24:59 UTC,2026-07-20 16:30:12 UTC,312.54,0.3184,0.0042,0.0,0.0004,0.04,9.42,MIN_PROFIT_TP_HIT,0.2588
2248,TRUMP_USDT,SHORT,StochasticRSI(FAST_SCALP-SHORT),2,0.2,1.59,1.588,1.588,1.598,2026-07-20 16:34:59 UTC,2026-07-20 16:36:18 UTC,78.77,0.318,0.0042,0.0,0.0004,0.04,9.43,MIN_PROFIT_TP_HIT,0.2592
2249,TRUMP_USDT,SHORT,StochasticRSI(FAST_SCALP-SHORT),2,0.2,1.593,1.591,1.591,1.601,2026-07-20 16:50:59 UTC,2026-07-20 17:05:05 UTC,845.25,0.3186,0.0042,0.0,0.0004,0.04,9.42,MIN_PROFIT_TP_HIT,0.2596
2250,TRUMP_USDT,LONG,StochasticRSI(FAST_SCALP-LONG),2,0.2,1.591,1.593,1.593,1.583,2026-07-20 17:18:59 UTC,2026-07-20 17:22:07 UTC,187.23,0.3182,0.0042,0.0,0.0004,0.04,9.43,MIN_PROFIT_TP_HIT,0.26
2251,TRUMP_USDT,SHORT,StochasticRSI(FAST_SCALP-SHORT),2,0.2,1.591,1.589,1.589,1.599,2026-07-20 17:24:59 UTC,2026-07-20 17:27:13 UTC,133.53,0.3182,0.0042,0.0,0.0004,0.04,9.43,MIN_PROFIT_TP_HIT,0.2604
2252,TRUMP_USDT,LONG,StochasticRSI(FAST_SCALP-LONG),2,0.2,1.588,1.59,1.59,1.58,2026-07-20 17:30:59 UTC,2026-07-20 17:32:38 UTC,98.03,0.3176,0.0042,0.0,0.0004,0.04,9.45,MIN_PROFIT_TP_HIT,0.2608
2253,TRUMP_USDT,SHORT,StochasticRSI(FAST_SCALP-SHORT),2,0.2,1.589,1.597,1.587,1.597,2026-07-20 17:37:59 UTC,2026-07-20 17:50:18 UTC,738.5,0.3178,0.0042,0.0,-0.0016,-0.15,-37.76,STOP_LOSS_HIT,0.2592
2254,TRUMP_USDT,LONG,StochasticRSI(FAST_SCALP-LONG),2,0.2,1.596,1.598,1.598,1.588,2026-07-20 18:00:59 UTC,2026-07-20 18:01:06 UTC,6.53,0.3192,0.0043,0.0,0.0004,0.04,9.4,MIN_PROFIT_TP_HIT,0.2596
2255,TRUMP_USDT,SHORT,StochasticRSI(FAST_SCALP-SHORT),2,0.2,1.602,1.6,1.6,1.61,2026-07-20 18:05:59 UTC,2026-07-20 18:21:01 UTC,901.23,0.3204,0.0043,0.0,0.0004,0.04,9.36,MIN_PROFIT_TP_HIT,0.26
2256,TRUMP_USDT,LONG,StochasticRSI(FAST_SCALP-LONG),2,0.2,1.602,1.604,1.604,1.594,2026-07-20 18:24:59 UTC,2026-07-20 18:25:09 UTC,9.18,0.3204,0.0043,0.0,0.0004,0.04,9.36,MIN_PROFIT_TP_HIT,0.2604
2257,TRUMP_USDT,SHORT,StochasticRSI(FAST_SCALP-SHORT),2,0.2,1.604,1.602,1.602,1.612,2026-07-20 18:30:59 UTC,2026-07-20 18:31:01 UTC,1.33,0.3208,0.0043,0.0,0.0004,0.04,9.35,MIN_PROFIT_TP_HIT,0.2608
2258,TRUMP_USDT,SHORT,StochasticRSI(FAST_SCALP-SHORT),2,0.2,1.608,1.606,1.606,1.616,2026-07-20 18:43:59 UTC,2026-07-20 18:45:12 UTC,72.14,0.3216,0.0043,0.0,0.0004,0.04,9.33,MIN_PROFIT_TP_HIT,0.2612
2259,TRUMP_USDT,LONG,StochasticRSI(FAST_SCALP-LONG),2,0.2,1.614,1.616,1.616,1.606,2026-07-20 18:49:59 UTC,2026-07-20 18:50:24 UTC,24.88,0.3228,0.0043,0.0,0.0004,0.04,9.29,MIN_PROFIT_TP_HIT,0.2616
2260,TRUMP_USDT,LONG,StochasticRSI(FAST_SCALP-LONG),2,0.2,1.613,1.615,1.615,1.605,2026-07-20 19:00:59 UTC,2026-07-20 19:04:06 UTC,186.49,0.3226,0.0043,0.0,0.0004,0.04,9.3,MIN_PROFIT_TP_HIT,0.262
2261,TRUMP_USDT,SHORT,StochasticRSI(FAST_SCALP-SHORT),2,0.2,1.615,1.613,1.613,1.623,2026-07-20 19:08:59 UTC,2026-07-20 19:10:37 UTC,97.77,0.323,0.0043,0.0,0.0004,0.04,9.29,MIN_PROFIT_TP_HIT,0.2624
2262,TRUMP_USDT,LONG,StochasticRSI(FAST_SCALP-LONG),2,0.2,1.603,1.605,1.605,1.595,2026-07-20 19:15:59 UTC,2026-07-20 19:29:31 UTC,811.39,0.3206,0.0043,0.0,0.0004,0.04,9.36,MIN_PROFIT_TP_HIT,0.2628
2263,TRUMP_USDT,SHORT,StochasticRSI(FAST_SCALP-SHORT),2,0.2,1.6,1.598,1.598,1.608,2026-07-20 19:31:59 UTC,2026-07-20 19:37:20 UTC,320.47,0.32,0.0043,0.0,0.0004,0.04,9.38,MIN_PROFIT_TP_HIT,0.2632
2264,TRUMP_USDT,SHORT,StochasticRSI(FAST_SCALP-SHORT),2,0.2,1.602,1.6,1.6,1.61,2026-07-20 19:46:59 UTC,2026-07-20 19:50:00 UTC,180.31,0.3204,0.0043,0.0,0.0004,0.04,9.36,MIN_PROFIT_TP_HIT,0.2636
2265,TRUMP_USDT,LONG,StochasticRSI(FAST_SCALP-LONG),2,0.2,1.599,1.601,1.601,1.591,2026-07-20 19:55:59 UTC,2026-07-20 20:00:04 UTC,244.13,0.3198,0.0043,0.0,0.0004,0.04,9.38,MIN_PROFIT_TP_HIT,0.264
2266,TRUMP_USDT,LONG,StochasticRSI(FAST_SCALP-LONG),2,0.2,1.597,1.599,1.599,1.589,2026-07-20 20:07:59 UTC,2026-07-20 20:11:45 UTC,225.12,0.3194,0.0043,0.0,0.0004,0.04,9.39,MIN_PROFIT_TP_HIT,0.2644
2267,TRUMP_USDT,SHORT,StochasticRSI(FAST_SCALP-SHORT),2,0.2,1.598,1.596,1.596,1.606,2026-07-20 20:16:59 UTC,2026-07-20 20:40:18 UTC,1398.18,0.3196,0.0043,0.0,0.0004,0.04,9.39,MIN_PROFIT_TP_HIT,0.2648
2268,TRUMP_USDT,LONG,StochasticRSI(FAST_SCALP-LONG),2,0.2,1.597,1.599,1.599,1.589,2026-07-20 20:43:59 UTC,2026-07-20 21:03:06 UTC,1146.54,0.3194,0.0043,0.0,0.0004,0.04,9.39,MIN_PROFIT_TP_HIT,0.2652
2269,TRUMP_USDT,SHORT,StochasticRSI(FAST_SCALP-SHORT),2,0.2,1.6,1.598,1.598,1.608,2026-07-20 21:06:59 UTC,2026-07-20 21:08:12 UTC,72.21,0.32,0.0043,0.0,0.0004,0.04,9.38,MIN_PROFIT_TP_HIT,0.2656
2270,TRUMP_USDT,SHORT,StochasticRSI(FAST_SCALP-SHORT),2,0.2,1.597,1.595,1.595,1.605,2026-07-20 21:09:59 UTC,2026-07-20 21:28:57 UTC,1137.49,0.3194,0.0043,0.0,0.0004,0.04,9.39,MIN_PROFIT_TP_HIT,0.266
2271,TRUMP_USDT,SHORT,StochasticRSI(FAST_SCALP-SHORT),2,0.2,1.6,1.598,1.598,1.608,2026-07-20 21:34:59 UTC,2026-07-20 21:35:14 UTC,14.5,0.32,0.0043,0.0,0.0004,0.04,9.38,MIN_PROFIT_TP_HIT,0.2664
2272,TRUMP_USDT,LONG,StochasticRSI(FAST_SCALP-LONG),2,0.2,1.597,1.589,1.599,1.589,2026-07-20 21:44:59 UTC,2026-07-20 22:05:35 UTC,1235.28,0.3194,0.0043,0.0,-0.0016,-0.15,-37.57,STOP_LOSS_HIT,0.2648
2273,TRUMP_USDT,SHORT,StochasticRSI(FAST_SCALP-SHORT),2,0.2,1.592,1.59,1.59,1.6,2026-07-20 22:10:59 UTC,2026-07-20 22:13:29 UTC,149.46,0.3184,0.0042,0.0,0.0004,0.04,9.42,MIN_PROFIT_TP_HIT,0.2652
2274,TRUMP_USDT,SHORT,StochasticRSI(FAST_SCALP-SHORT),2,0.2,1.59,1.588,1.588,1.598,2026-07-20 22:14:59 UTC,2026-07-20 22:15:52 UTC,52.4,0.318,0.0042,0.0,0.0004,0.04,9.43,MIN_PROFIT_TP_HIT,0.2656
2275,TRUMP_USDT,LONG,StochasticRSI(FAST_SCALP-LONG),2,0.2,1.589,1.591,1.591,1.581,2026-07-20 22:19:59 UTC,2026-07-20 22:20:10 UTC,10.03,0.3178,0.0042,0.0,0.0004,0.04,9.44,MIN_PROFIT_TP_HIT,0.266
2276,TRUMP_USDT,SHORT,StochasticRSI(FAST_SCALP-SHORT),2,0.2,1.592,1.59,1.59,1.6,2026-07-20 22:32:59 UTC,2026-07-20 22:34:13 UTC,73.11,0.3184,0.0042,0.0,0.0004,0.04,9.42,MIN_PROFIT_TP_HIT,0.2664
2277,TRUMP_USDT,LONG,StochasticRSI(FAST_SCALP-LONG),2,0.2,1.59,1.582,1.592,1.582,2026-07-20 22:37:59 UTC,2026-07-20 23:04:49 UTC,1609.82,0.318,0.0042,0.0,-0.0016,-0.15,-37.74,STOP_LOSS_HIT,0.2648
2278,TRUMP_USDT,SHORT,StochasticRSI(FAST_SCALP-SHORT),2,0.2,1.586,1.594,1.584,1.594,2026-07-20 23:05:59 UTC,2026-07-21 00:24:34 UTC,4714.17,0.3172,0.0042,0.0,-0.0016,-0.15,-37.83,STOP_LOSS_HIT,0.2632
2279,TRUMP_USDT,LONG,StochasticRSI(FAST_SCALP-LONG),2,0.2,1.595,1.597,1.597,1.587,2026-07-21 00:32:59 UTC,2026-07-21 00:33:04 UTC,4.16,0.319,0.0043,0.0,0.0004,0.04,9.4,MIN_PROFIT_TP_HIT,0.2636
2280,TRUMP_USDT,SHORT,StochasticRSI(FAST_SCALP-SHORT),2,0.2,1.6,1.598,1.598,1.608,2026-07-21 00:44:59 UTC,2026-07-21 00:53:53 UTC,533.78,0.32,0.0043,0.0,0.0004,0.04,9.38,MIN_PROFIT_TP_HIT,0.264
2281,TRUMP_USDT,LONG,StochasticRSI(FAST_SCALP-LONG),2,0.2,1.595,1.597,1.597,1.587,2026-07-21 00:59:59 UTC,2026-07-21 01:02:05 UTC,125.59,0.319,0.0043,0.0,0.0004,0.04,9.4,MIN_PROFIT_TP_HIT,0.2644
2282,TRUMP_USDT,LONG,StochasticRSI(FAST_SCALP-LONG),2,0.2,1.598,1.6,1.6,1.59,2026-07-21 01:03:59 UTC,2026-07-21 01:06:41 UTC,161.61,0.3196,0.0043,0.0,0.0004,0.04,9.39,MIN_PROFIT_TP_HIT,0.2648
2283,TRUMP_USDT,SHORT,StochasticRSI(FAST_SCALP-SHORT),2,0.2,1.597,1.595,1.595,1.605,2026-07-21 01:07:59 UTC,2026-07-21 01:43:51 UTC,2151.02,0.3194,0.0043,0.0,0.0004,0.04,9.39,MIN_PROFIT_TP_HIT,0.2652
2284,TRUMP_USDT,LONG,StochasticRSI(FAST_SCALP-LONG),2,0.2,1.597,1.599,1.599,1.589,2026-07-21 01:45:59 UTC,2026-07-21 01:47:25 UTC,85.0,0.3194,0.0043,0.0,0.0004,0.04,9.39,MIN_PROFIT_TP_HIT,0.2656
2285,TRUMP_USDT,SHORT,StochasticRSI(FAST_SCALP-SHORT),2,0.2,1.597,1.595,1.595,1.605,2026-07-21 01:52:59 UTC,2026-07-21 01:53:23 UTC,23.48,0.3194,0.0043,0.0,0.0004,0.04,9.39,MIN_PROFIT_TP_HIT,0.266
2286,TRUMP_USDT,SHORT,StochasticRSI(FAST_SCALP-SHORT),2,0.2,1.596,1.594,1.594,1.604,2026-07-21 01:54:59 UTC,2026-07-21 01:55:40 UTC,40.5,0.3192,0.0043,0.0,0.0004,0.04,9.4,MIN_PROFIT_TP_HIT,0.2664
2287,TRUMP_USDT,LONG,StochasticRSI(FAST_SCALP-LONG),2,0.2,1.596,1.598,1.598,1.588,2026-07-21 02:01:59 UTC,2026-07-21 02:06:01 UTC,241.9,0.3192,0.0043,0.0,0.0004,0.04,9.4,MIN_PROFIT_TP_HIT,0.2668
2288,TRUMP_USDT,SHORT,StochasticRSI(FAST_SCALP-SHORT),2,0.2,1.595,1.593,1.593,1.603,2026-07-21 02:08:59 UTC,2026-07-21 02:09:31 UTC,31.85,0.319,0.0043,0.0,0.0004,0.04,9.4,MIN_PROFIT_TP_HIT,0.2672
2289,TRUMP_USDT,LONG,StochasticRSI(FAST_SCALP-LONG),2,0.2,1.59,1.592,1.592,1.582,2026-07-21 02:12:59 UTC,2026-07-21 02:34:21 UTC,1281.74,0.318,0.0042,0.0,0.0004,0.04,9.43,MIN_PROFIT_TP_HIT,0.2676
2290,TRUMP_USDT,SHORT,StochasticRSI(FAST_SCALP-SHORT),2,0.2,1.591,1.589,1.589,1.599,2026-07-21 02:35:59 UTC,2026-07-21 02:41:49 UTC,349.08,0.3182,0.0042,0.0,0.0004,0.04,9.43,MIN_PROFIT_TP_HIT,0.268
2291,TRUMP_USDT,LONG,StochasticRSI(FAST_SCALP-LONG),2,0.2,1.592,1.594,1.594,1.584,2026-07-21 02:43:59 UTC,2026-07-21 02:52:11 UTC,491.94,0.3184,0.0042,0.0,0.0004,0.04,9.42,MIN_PROFIT_TP_HIT,0.2684
2292,TRUMP_USDT,SHORT,StochasticRSI(FAST_SCALP-SHORT),2,0.2,1.592,1.6,1.59,1.6,2026-07-21 02:53:59 UTC,2026-07-21 03:05:00 UTC,660.06,0.3184,0.0042,0.0,-0.0016,-0.15,-37.69,STOP_LOSS_HIT,0.2668
2293,TRUMP_USDT,SHORT,StochasticRSI(FAST_SCALP-SHORT),2,0.2,1.6,1.598,1.598,1.608,2026-07-21 03:07:59 UTC,2026-07-21 03:09:18 UTC,78.34,0.32,0.0043,0.0,0.0004,0.04,9.38,MIN_PROFIT_TP_HIT,0.2672
2294,TRUMP_USDT,SHORT,StochasticRSI(FAST_SCALP-SHORT),2,0.2,1.598,1.596,1.596,1.606,2026-07-21 03:10:59 UTC,2026-07-21 03:27:03 UTC,963.85,0.3196,0.0043,0.0,0.0004,0.04,9.39,MIN_PROFIT_TP_HIT,0.2676
2295,TRUMP_USDT,LONG,StochasticRSI(FAST_SCALP-LONG),2,0.2,1.597,1.599,1.599,1.589,2026-07-21 03:31:59 UTC,2026-07-21 03:33:43 UTC,103.84,0.3194,0.0043,0.0,0.0004,0.04,9.39,MIN_PROFIT_TP_HIT,0.268
2296,TRUMP_USDT,SHORT,StochasticRSI(FAST_SCALP-SHORT),2,0.2,1.599,1.597,1.597,1.607,2026-07-21 03:36:59 UTC,2026-07-21 03:50:51 UTC,831.15,0.3198,0.0043,0.0,0.0004,0.04,9.38,MIN_PROFIT_TP_HIT,0.2684
2297,TRUMP_USDT,SHORT,StochasticRSI(FAST_SCALP-SHORT),2,0.2,1.598,1.596,1.596,1.606,2026-07-21 03:51:59 UTC,2026-07-21 03:55:54 UTC,234.14,0.3196,0.0043,0.0,0.0004,0.04,9.39,MIN_PROFIT_TP_HIT,0.2688
2298,TRUMP_USDT,LONG,StochasticRSI(FAST_SCALP-LONG),2,0.2,1.597,1.599,1.599,1.589,2026-07-21 03:59:59 UTC,2026-07-21 04:00:08 UTC,8.65,0.3194,0.0043,0.0,0.0004,0.04,9.39,MIN_PROFIT_TP_HIT,0.2692
2299,TRUMP_USDT,SHORT,StochasticRSI(FAST_SCALP-SHORT),2,0.2,1.594,1.592,1.592,1.602,2026-07-21 04:09:59 UTC,2026-07-21 04:12:15 UTC,135.92,0.3188,0.0043,0.0,0.0004,0.04,9.41,MIN_PROFIT_TP_HIT,0.2696
2300,TRUMP_USDT,LONG,StochasticRSI(FAST_SCALP-LONG),2,0.2,1.591,1.593,1.593,1.583,2026-07-21 04:13:59 UTC,2026-07-21 04:15:02 UTC,62.67,0.3182,0.0042,0.0,0.0004,0.04,9.43,MIN_PROFIT_TP_HIT,0.27
2301,TRUMP_USDT,LONG,StochasticRSI(FAST_SCALP-LONG),2,0.2,1.59,1.592,1.592,1.582,2026-07-21 04:16:59 UTC,2026-07-21 04:18:54 UTC,114.22,0.318,0.0042,0.0,0.0004,0.04,9.43,MIN_PROFIT_TP_HIT,0.2704
2302,TRUMP_USDT,SHORT,StochasticRSI(FAST_SCALP-SHORT),2,0.2,1.592,1.6,1.59,1.6,2026-07-21 04:23:59 UTC,2026-07-21 05:08:17 UTC,2657.76,0.3184,0.0042,0.0,-0.0016,-0.15,-37.69,STOP_LOSS_HIT,0.2688
2303,TRUMP_USDT,SHORT,StochasticRSI(FAST_SCALP-SHORT),2,0.2,1.596,1.604,1.594,1.604,2026-07-21 05:13:59 UTC,2026-07-21 05:35:31 UTC,1291.61,0.3192,0.0043,0.0,-0.0016,-0.15,-37.59,STOP_LOSS_HIT,0.2672
2304,TRUMP_USDT,LONG,StochasticRSI(FAST_SCALP-LONG),2,0.2,1.602,1.604,1.604,1.594,2026-07-21 05:36:59 UTC,2026-07-21 05:48:54 UTC,714.03,0.3204,0.0043,0.0,0.0004,0.04,9.36,MIN_PROFIT_TP_HIT,0.2676
2305,TRUMP_USDT,LONG,StochasticRSI(FAST_SCALP-LONG),2,0.2,1.606,1.598,1.608,1.598,2026-07-21 05:49:59 UTC,2026-07-21 06:10:59 UTC,1259.04,0.3212,0.0043,0.0,-0.0016,-0.15,-37.36,STOP_LOSS_HIT,0.266
2306,TRUMP_USDT,LONG,StochasticRSI(FAST_SCALP-LONG),2,0.2,1.601,1.603,1.603,1.593,2026-07-21 06:12:59 UTC,2026-07-21 06:35:27 UTC,1347.83,0.3202,0.0043,0.0,0.0004,0.04,9.37,MIN_PROFIT_TP_HIT,0.2664
2307,TRUMP_USDT,SHORT,StochasticRSI(FAST_SCALP-SHORT),2,0.2,1.601,1.599,1.599,1.609,2026-07-21 06:38:59 UTC,2026-07-21 06:45:49 UTC,409.09,0.3202,0.0043,0.0,0.0004,0.04,9.37,MIN_PROFIT_TP_HIT,0.2668
2308,TRUMP_USDT,LONG,StochasticRSI(FAST_SCALP-LONG),2,0.2,1.602,1.604,1.604,1.594,2026-07-21 06:48:59 UTC,2026-07-21 07:11:28 UTC,1348.12,0.3204,0.0043,0.0,0.0004,0.04,9.36,MIN_PROFIT_TP_HIT,0.2672
2309,TRUMP_USDT,LONG,StochasticRSI(FAST_SCALP-LONG),2,0.2,1.608,1.6,1.61,1.6,2026-07-21 07:12:59 UTC,2026-07-21 07:15:48 UTC,168.99,0.3216,0.0043,0.0,-0.0016,-0.15,-37.31,STOP_LOSS_HIT,0.2656
2310,TRUMP_USDT,LONG,StochasticRSI(FAST_SCALP-LONG),2,0.2,1.6,1.592,1.602,1.592,2026-07-21 07:19:59 UTC,2026-07-21 09:21:40 UTC,7300.49,0.32,0.0043,0.0,-0.0016,-0.15,-37.5,STOP_LOSS_HIT,0.264
2311,TRUMP_USDT,LONG,StochasticRSI(FAST_SCALP-LONG),2,0.2,1.593,1.595,1.595,1.585,2026-07-21 09:24:59 UTC,2026-07-21 09:29:41 UTC,281.6,0.3186,0.0042,0.0,0.0004,0.04,9.42,MIN_PROFIT_TP_HIT,0.2644
2312,TRUMP_USDT,SHORT,StochasticRSI(FAST_SCALP-SHORT),2,0.2,1.595,1.593,1.593,1.603,2026-07-21 09:35:59 UTC,2026-07-21 09:38:59 UTC,179.82,0.319,0.0043,0.0,0.0004,0.04,9.4,MIN_PROFIT_TP_HIT,0.2648
2313,TRUMP_USDT,LONG,StochasticRSI(FAST_SCALP-LONG),2,0.2,1.596,1.598,1.598,1.588,2026-07-21 09:42:59 UTC,2026-07-21 09:45:49 UTC,169.07,0.3192,0.0043,0.0,0.0004,0.04,9.4,MIN_PROFIT_TP_HIT,0.2652
2314,TRUMP_USDT,SHORT,StochasticRSI(FAST_SCALP-SHORT),2,0.2,1.598,1.596,1.596,1.606,2026-07-21 09:49:59 UTC,2026-07-21 09:50:38 UTC,38.47,0.3196,0.0043,0.0,0.0004,0.04,9.39,MIN_PROFIT_TP_HIT,0.2656
2315,TRUMP_USDT,LONG,StochasticRSI(FAST_SCALP-LONG),2,0.2,1.596,1.598,1.598,1.588,2026-07-21 09:57:59 UTC,2026-07-21 10:26:20 UTC,1700.17,0.3192,0.0043,0.0,0.0004,0.04,9.4,MIN_PROFIT_TP_HIT,0.266
2316,TRUMP_USDT,SHORT,StochasticRSI(FAST_SCALP-SHORT),2,0.2,1.597,1.595,1.595,1.605,2026-07-21 10:28:59 UTC,2026-07-21 10:50:39 UTC,1299.0,0.3194,0.0043,0.0,0.0004,0.04,9.39,MIN_PROFIT_TP_HIT,0.2664
2317,TRUMP_USDT,LONG,StochasticRSI(FAST_SCALP-LONG),2,0.2,1.593,1.595,1.595,1.585,2026-07-21 10:58:59 UTC,2026-07-21 11:03:58 UTC,298.99,0.3186,0.0042,0.0,0.0004,0.04,9.42,MIN_PROFIT_TP_HIT,0.2668
2318,TRUMP_USDT,SHORT,StochasticRSI(FAST_SCALP-SHORT),2,0.2,1.594,1.592,1.592,1.602,2026-07-21 11:05:59 UTC,2026-07-21 11:09:31 UTC,211.09,0.3188,0.0043,0.0,0.0004,0.04,9.41,MIN_PROFIT_TP_HIT,0.2672
2319,TRUMP_USDT,SHORT,StochasticRSI(FAST_SCALP-SHORT),2,0.2,1.594,1.602,1.592,1.602,2026-07-21 11:22:59 UTC,2026-07-21 12:09:37 UTC,2797.8,0.3188,0.0043,0.0,-0.0016,-0.15,-37.64,STOP_LOSS_HIT,0.2656
2320,TRUMP_USDT,SHORT,StochasticRSI(FAST_SCALP-SHORT),2,0.2,1.601,1.599,1.599,1.609,2026-07-21 12:12:59 UTC,2026-07-21 12:15:57 UTC,177.64,0.3202,0.0043,0.0,0.0004,0.04,9.37,MIN_PROFIT_TP_HIT,0.266
2321,TRUMP_USDT,LONG,StochasticRSI(FAST_SCALP-LONG),2,0.2,1.603,1.605,1.605,1.595,2026-07-21 12:18:59 UTC,2026-07-21 13:35:08 UTC,4568.4,0.3206,0.0043,0.0,0.0004,0.04,9.36,MIN_PROFIT_TP_HIT,0.2664
2322,TRUMP_USDT,SHORT,StochasticRSI(FAST_SCALP-SHORT),2,0.2,1.603,1.611,1.601,1.611,2026-07-21 13:37:59 UTC,2026-07-21 13:39:51 UTC,111.27,0.3206,0.0043,0.0,-0.0016,-0.15,-37.43,STOP_LOSS_HIT,0.2648
2323,TRUMP_USDT,LONG,StochasticRSI(FAST_SCALP-LONG),2,0.2,1.604,1.606,1.606,1.596,2026-07-21 13:45:59 UTC,2026-07-21 13:48:35 UTC,155.28,0.3208,0.0043,0.0,0.0004,0.04,9.35,MIN_PROFIT_TP_HIT,0.2652
2324,TRUMP_USDT,SHORT,StochasticRSI(FAST_SCALP-SHORT),2,0.2,1.606,1.604,1.604,1.614,2026-07-21 13:52:59 UTC,2026-07-21 13:56:27 UTC,207.54,0.3212,0.0043,0.0,0.0004,0.04,9.34,MIN_PROFIT_TP_HIT,0.2656
2325,TRUMP_USDT,LONG,StochasticRSI(FAST_SCALP-LONG),2,0.2,1.605,1.607,1.607,1.597,2026-07-21 14:00:59 UTC,2026-07-21 14:01:06 UTC,6.61,0.321,0.0043,0.0,0.0004,0.04,9.35,MIN_PROFIT_TP_HIT,0.266
2326,TRUMP_USDT,LONG,StochasticRSI(FAST_SCALP-LONG),2,0.2,1.606,1.608,1.608,1.598,2026-07-21 14:04:59 UTC,2026-07-21 14:06:15 UTC,75.56,0.3212,0.0043,0.0,0.0004,0.04,9.34,MIN_PROFIT_TP_HIT,0.2664
2327,TRUMP_USDT,LONG,StochasticRSI(FAST_SCALP-LONG),2,0.2,1.607,1.599,1.609,1.599,2026-07-21 14:11:59 UTC,2026-07-21 14:24:50 UTC,770.2,0.3214,0.0043,0.0,-0.0016,-0.15,-37.34,STOP_LOSS_HIT,0.2648
2328,TRUMP_USDT,LONG,StochasticRSI(FAST_SCALP-LONG),2,0.2,1.599,1.601,1.601,1.591,2026-07-21 14:32:59 UTC,2026-07-21 14:33:02 UTC,2.94,0.3198,0.0043,0.0,0.0004,0.04,9.38,MIN_PROFIT_TP_HIT,0.2652
2329,TRUMP_USDT,SHORT,StochasticRSI(FAST_SCALP-SHORT),2,0.2,1.601,1.599,1.599,1.609,2026-07-21 14:37:59 UTC,2026-07-21 14:41:47 UTC,227.52,0.3202,0.0043,0.0,0.0004,0.04,9.37,MIN_PROFIT_TP_HIT,0.2656
2330,TRUMP_USDT,SHORT,StochasticRSI(FAST_SCALP-SHORT),2,0.2,1.603,1.601,1.601,1.611,2026-07-21 14:42:59 UTC,2026-07-21 14:52:17 UTC,557.14,0.3206,0.0043,0.0,0.0004,0.04,9.36,MIN_PROFIT_TP_HIT,0.266
2331,TRUMP_USDT,LONG,StochasticRSI(FAST_SCALP-LONG),2,0.2,1.602,1.604,1.604,1.594,2026-07-21 14:55:59 UTC,2026-07-21 14:58:03 UTC,123.1,0.3204,0.0043,0.0,0.0004,0.04,9.36,MIN_PROFIT_TP_HIT,0.2664
2332,TRUMP_USDT,SHORT,StochasticRSI(FAST_SCALP-SHORT),2,0.2,1.603,1.611,1.601,1.611,2026-07-21 15:02:59 UTC,2026-07-21 15:53:00 UTC,3000.46,0.3206,0.0043,0.0,-0.0016,-0.15,-37.43,STOP_LOSS_HIT,0.2648
2333,TRUMP_USDT,SHORT,StochasticRSI(FAST_SCALP-SHORT),2,0.2,1.611,1.609,1.609,1.619,2026-07-21 15:56:59 UTC,2026-07-21 15:58:03 UTC,63.31,0.3222,0.0043,0.0,0.0004,0.04,9.31,MIN_PROFIT_TP_HIT,0.2652
2334,TRUMP_USDT,SHORT,StochasticRSI(FAST_SCALP-SHORT),2,0.2,1.609,1.607,1.607,1.617,2026-07-21 15:59:59 UTC,2026-07-21 16:00:06 UTC,6.95,0.3218,0.0043,0.0,0.0004,0.04,9.32,MIN_PROFIT_TP_HIT,0.2656
2335,TRUMP_USDT,LONG,StochasticRSI(FAST_SCALP-LONG),2,0.2,1.606,1.598,1.608,1.598,2026-07-21 16:03:59 UTC,2026-07-21 16:15:47 UTC,707.57,0.3212,0.0043,0.0,-0.0016,-0.15,-37.36,STOP_LOSS_HIT,0.264
2336,TRUMP_USDT,SHORT,StochasticRSI(FAST_SCALP-SHORT),2,0.2,1.601,1.599,1.599,1.609,2026-07-21 16:22:59 UTC,2026-07-21 16:24:39 UTC,99.52,0.3202,0.0043,0.0,0.0004,0.04,9.37,MIN_PROFIT_TP_HIT,0.2644
2337,TRUMP_USDT,SHORT,StochasticRSI(FAST_SCALP-SHORT),2,0.2,1.599,1.597,1.597,1.607,2026-07-21 16:25:59 UTC,2026-07-21 16:47:40 UTC,1300.04,0.3198,0.0043,0.0,0.0004,0.04,9.38,MIN_PROFIT_TP_HIT,0.2648
2338,TRUMP_USDT,LONG,StochasticRSI(FAST_SCALP-LONG),2,0.2,1.6,1.602,1.602,1.592,2026-07-21 16:49:59 UTC,2026-07-21 16:54:56 UTC,296.25,0.32,0.0043,0.0,0.0004,0.04,9.38,MIN_PROFIT_TP_HIT,0.2652
2339,TRUMP_USDT,SHORT,StochasticRSI(FAST_SCALP-SHORT),2,0.2,1.604,1.602,1.602,1.612,2026-07-21 17:00:59 UTC,2026-07-21 17:06:22 UTC,322.1,0.3208,0.0043,0.0,0.0004,0.04,9.35,MIN_PROFIT_TP_HIT,0.2656
2340,TRUMP_USDT,LONG,StochasticRSI(FAST_SCALP-LONG),2,0.2,1.6,1.592,1.602,1.592,2026-07-21 17:10:59 UTC,2026-07-21 17:46:57 UTC,2157.0,0.32,0.0043,0.0,-0.0016,-0.15,-37.5,STOP_LOSS_HIT,0.264
2341,TRUMP_USDT,SHORT,StochasticRSI(FAST_SCALP-SHORT),2,0.2,1.599,1.597,1.597,1.607,2026-07-21 18:08:59 UTC,2026-07-21 18:24:49 UTC,949.05,0.3198,0.0043,0.0,0.0004,0.04,9.38,MIN_PROFIT_TP_HIT,0.2644
2342,TRUMP_USDT,LONG,StochasticRSI(FAST_SCALP-LONG),2,0.2,1.6,1.602,1.602,1.592,2026-07-21 18:34:59 UTC,2026-07-21 18:37:23 UTC,143.25,0.32,0.0043,0.0,0.0004,0.04,9.38,MIN_PROFIT_TP_HIT,0.2648
2343,TRUMP_USDT,SHORT,StochasticRSI(FAST_SCALP-SHORT),2,0.2,1.602,1.6,1.6,1.61,2026-07-21 18:38:59 UTC,2026-07-21 18:39:36 UTC,36.22,0.3204,0.0043,0.0,0.0004,0.04,9.36,MIN_PROFIT_TP_HIT,0.2652
2344,TRUMP_USDT,LONG,StochasticRSI(FAST_SCALP-LONG),2,0.2,1.597,1.599,1.599,1.589,2026-07-21 19:00:59 UTC,2026-07-21 19:04:11 UTC,191.14,0.3194,0.0043,0.0,0.0004,0.04,9.39,MIN_PROFIT_TP_HIT,0.2656
2345,TRUMP_USDT,SHORT,StochasticRSI(FAST_SCALP-SHORT),2,0.2,1.598,1.596,1.596,1.606,2026-07-21 19:09:59 UTC,2026-07-21 19:13:16 UTC,196.36,0.3196,0.0043,0.0,0.0004,0.04,9.39,MIN_PROFIT_TP_HIT,0.266
2346,TRUMP_USDT,LONG,StochasticRSI(FAST_SCALP-LONG),2,0.2,1.598,1.6,1.6,1.59,2026-07-21 19:18:59 UTC,2026-07-21 19:22:24 UTC,204.27,0.3196,0.0043,0.0,0.0004,0.04,9.39,MIN_PROFIT_TP_HIT,0.2664
2347,TRUMP_USDT,SHORT,StochasticRSI(FAST_SCALP-SHORT),2,0.2,1.599,1.597,1.597,1.607,2026-07-21 19:28:59 UTC,2026-07-21 19:29:10 UTC,10.31,0.3198,0.0043,0.0,0.0004,0.04,9.38,MIN_PROFIT_TP_HIT,0.2668
2348,TRUMP_USDT,SHORT,StochasticRSI(FAST_SCALP-SHORT),2,0.2,1.603,1.601,1.601,1.611,2026-07-21 19:50:59 UTC,2026-07-21 19:51:30 UTC,30.77,0.3206,0.0043,0.0,0.0004,0.04,9.36,MIN_PROFIT_TP_HIT,0.2672
2349,TRUMP_USDT,LONG,StochasticRSI(FAST_SCALP-LONG),2,0.2,1.598,1.59,1.6,1.59,2026-07-21 20:07:59 UTC,2026-07-21 21:04:33 UTC,3393.84,0.3196,0.0043,0.0,-0.0016,-0.15,-37.55,STOP_LOSS_HIT,0.2656
2350,TRUMP_USDT,LONG,StochasticRSI(FAST_SCALP-LONG),2,0.2,1.591,1.593,1.593,1.583,2026-07-21 21:05:59 UTC,2026-07-21 21:07:55 UTC,115.49,0.3182,0.0042,0.0,0.0004,0.04,9.43,MIN_PROFIT_TP_HIT,0.266
2351,TRUMP_USDT,SHORT,StochasticRSI(FAST_SCALP-SHORT),2,0.2,1.593,1.591,1.591,1.601,2026-07-21 21:11:59 UTC,2026-07-21 22:57:20 UTC,6320.92,0.3186,0.0042,0.0,0.0004,0.04,9.42,MIN_PROFIT_TP_HIT,0.2664
2352,TRUMP_USDT,LONG,StochasticRSI(FAST_SCALP-LONG),2,0.2,1.59,1.592,1.592,1.582,2026-07-21 23:00:59 UTC,2026-07-21 23:32:05 UTC,1865.78,0.318,0.0042,0.0,0.0004,0.04,9.43,MIN_PROFIT_TP_HIT,0.2668
2353,TRUMP_USDT,LONG,StochasticRSI(FAST_SCALP-LONG),2,0.2,1.589,1.591,1.591,1.581,2026-07-21 23:41:59 UTC,2026-07-21 23:56:10 UTC,850.5,0.3178,0.0042,0.0,0.0004,0.04,9.44,MIN_PROFIT_TP_HIT,0.2672
2354,TRUMP_USDT,SHORT,StochasticRSI(FAST_SCALP-SHORT),2,0.2,1.589,1.597,1.587,1.597,2026-07-22 00:01:59 UTC,2026-07-22 00:24:20 UTC,1340.23,0.3178,0.0042,0.0,-0.0016,-0.15,-37.76,STOP_LOSS_HIT,0.2656
2355,TRUMP_USDT,LONG,StochasticRSI(FAST_SCALP-LONG),2,0.2,1.595,1.587,1.597,1.587,2026-07-22 00:34:59 UTC,2026-07-22 01:23:11 UTC,2891.04,0.319,0.0043,0.0,-0.0016,-0.15,-37.62,STOP_LOSS_HIT,0.264
2356,TRUMP_USDT,LONG,StochasticRSI(FAST_SCALP-LONG),2,0.2,1.588,1.58,1.59,1.58,2026-07-22 01:27:59 UTC,2026-07-22 02:07:40 UTC,2380.85,0.3176,0.0042,0.0,-0.0016,-0.15,-37.78,STOP_LOSS_HIT,0.2624
2357,TRUMP_USDT,SHORT,StochasticRSI(FAST_SCALP-SHORT),2,0.2,1.583,1.581,1.581,1.591,2026-07-22 02:21:59 UTC,2026-07-22 02:35:26 UTC,806.98,0.3166,0.0042,0.0,0.0004,0.04,9.48,MIN_PROFIT_TP_HIT,0.2628
2358,TRUMP_USDT,LONG,StochasticRSI(FAST_SCALP-LONG),2,0.2,1.582,1.584,1.584,1.574,2026-07-22 02:38:59 UTC,2026-07-22 02:41:34 UTC,154.71,0.3164,0.0042,0.0,0.0004,0.04,9.48,MIN_PROFIT_TP_HIT,0.2632
2359,TRUMP_USDT,SHORT,StochasticRSI(FAST_SCALP-SHORT),2,0.2,1.582,1.58,1.58,1.59,2026-07-22 02:44:59 UTC,2026-07-22 02:51:20 UTC,381.0,0.3164,0.0042,0.0,0.0004,0.04,9.48,MIN_PROFIT_TP_HIT,0.2636
2360,TRUMP_USDT,LONG,StochasticRSI(FAST_SCALP-LONG),2,0.2,1.581,1.583,1.583,1.573,2026-07-22 02:55:59 UTC,2026-07-22 03:01:44 UTC,344.67,0.3162,0.0042,0.0,0.0004,0.04,9.49,MIN_PROFIT_TP_HIT,0.264
2361,TRUMP_USDT,SHORT,StochasticRSI(FAST_SCALP-SHORT),2,0.2,1.583,1.581,1.581,1.591,2026-07-22 03:03:59 UTC,2026-07-22 03:09:10 UTC,310.78,0.3166,0.0042,0.0,0.0004,0.04,9.48,MIN_PROFIT_TP_HIT,0.2644
2362,TRUMP_USDT,LONG,StochasticRSI(FAST_SCALP-LONG),2,0.2,1.581,1.583,1.583,1.573,2026-07-22 03:13:59 UTC,2026-07-22 03:14:00 UTC,0.6,0.3162,0.0042,0.0,0.0004,0.04,9.49,MIN_PROFIT_TP_HIT,0.2648
2363,TRUMP_USDT,SHORT,StochasticRSI(FAST_SCALP-SHORT),2,0.2,1.584,1.582,1.582,1.592,2026-07-22 03:23:59 UTC,2026-07-22 03:58:29 UTC,2069.4,0.3168,0.0042,0.0,0.0004,0.04,9.47,MIN_PROFIT_TP_HIT,0.2652
2364,TRUMP_USDT,LONG,StochasticRSI(FAST_SCALP-LONG),2,0.2,1.584,1.586,1.586,1.576,2026-07-22 04:01:59 UTC,2026-07-22 04:03:40 UTC,100.92,0.3168,0.0042,0.0,0.0004,0.04,9.47,MIN_PROFIT_TP_HIT,0.2656
2365,TRUMP_USDT,SHORT,StochasticRSI(FAST_SCALP-SHORT),2,0.2,1.589,1.587,1.587,1.597,2026-07-22 04:10:59 UTC,2026-07-22 04:18:22 UTC,442.02,0.3178,0.0042,0.0,0.0004,0.04,9.44,MIN_PROFIT_TP_HIT,0.266
2366,TRUMP_USDT,LONG,StochasticRSI(FAST_SCALP-LONG),2,0.2,1.588,1.59,1.59,1.58,2026-07-22 04:20:59 UTC,2026-07-22 04:21:57 UTC,57.57,0.3176,0.0042,0.0,0.0004,0.04,9.45,MIN_PROFIT_TP_HIT,0.2664
2367,TRUMP_USDT,SHORT,StochasticRSI(FAST_SCALP-SHORT),2,0.2,1.588,1.586,1.586,1.596,2026-07-22 04:25:59 UTC,2026-07-22 05:17:55 UTC,3115.5,0.3176,0.0042,0.0,0.0004,0.04,9.45,MIN_PROFIT_TP_HIT,0.2668
2368,TRUMP_USDT,LONG,StochasticRSI(FAST_SCALP-LONG),2,0.2,1.586,1.588,1.588,1.578,2026-07-22 05:20:59 UTC,2026-07-22 05:34:38 UTC,818.69,0.3172,0.0042,0.0,0.0004,0.04,9.46,MIN_PROFIT_TP_HIT,0.2672
2369,TRUMP_USDT,SHORT,StochasticRSI(FAST_SCALP-SHORT),2,0.2,1.584,1.582,1.582,1.592,2026-07-22 05:37:59 UTC,2026-07-22 05:39:22 UTC,82.58,0.3168,0.0042,0.0,0.0004,0.04,9.47,MIN_PROFIT_TP_HIT,0.2676
2370,TRUMP_USDT,LONG,StochasticRSI(FAST_SCALP-LONG),2,0.2,1.586,1.588,1.588,1.578,2026-07-22 05:43:59 UTC,2026-07-22 05:46:32 UTC,152.53,0.3172,0.0042,0.0,0.0004,0.04,9.46,MIN_PROFIT_TP_HIT,0.268
2371,TRUMP_USDT,SHORT,StochasticRSI(FAST_SCALP-SHORT),2,0.2,1.588,1.586,1.586,1.596,2026-07-22 05:49:59 UTC,2026-07-22 05:56:24 UTC,384.28,0.3176,0.0042,0.0,0.0004,0.04,9.45,MIN_PROFIT_TP_HIT,0.2684
2372,TRUMP_USDT,LONG,StochasticRSI(FAST_SCALP-LONG),2,0.2,1.584,1.586,1.586,1.576,2026-07-22 06:01:59 UTC,2026-07-22 06:11:28 UTC,568.07,0.3168,0.0042,0.0,0.0004,0.04,9.47,MIN_PROFIT_TP_HIT,0.2688
2373,TRUMP_USDT,SHORT,StochasticRSI(FAST_SCALP-SHORT),2,0.2,1.585,1.583,1.583,1.593,2026-07-22 06:14:59 UTC,2026-07-22 06:19:08 UTC,248.34,0.317,0.0042,0.0,0.0004,0.04,9.46,MIN_PROFIT_TP_HIT,0.2692
2374,TRUMP_USDT,LONG,StochasticRSI(FAST_SCALP-LONG),2,0.2,1.584,1.586,1.586,1.576,2026-07-22 06:23:59 UTC,2026-07-22 06:34:38 UTC,638.08,0.3168,0.0042,0.0,0.0004,0.04,9.47,MIN_PROFIT_TP_HIT,0.2696
2375,TRUMP_USDT,SHORT,StochasticRSI(FAST_SCALP-SHORT),2,0.2,1.589,1.587,1.587,1.597,2026-07-22 06:39:59 UTC,2026-07-22 06:45:07 UTC,307.4,0.3178,0.0042,0.0,0.0004,0.04,9.44,MIN_PROFIT_TP_HIT,0.27
2376,TRUMP_USDT,LONG,StochasticRSI(FAST_SCALP-LONG),2,0.2,1.587,1.589,1.589,1.579,2026-07-22 06:46:59 UTC,2026-07-22 06:49:02 UTC,122.04,0.3174,0.0042,0.0,0.0004,0.04,9.45,MIN_PROFIT_TP_HIT,0.2704
2377,TRUMP_USDT,LONG,StochasticRSI(FAST_SCALP-LONG),2,0.2,1.588,1.58,1.59,1.58,2026-07-22 06:50:59 UTC,2026-07-22 07:39:08 UTC,2888.78,0.3176,0.0042,0.0,-0.0016,-0.15,-37.78,STOP_LOSS_HIT,0.2688
2378,TRUMP_USDT,SHORT,StochasticRSI(FAST_SCALP-SHORT),2,0.2,1.583,1.591,1.581,1.591,2026-07-22 07:49:59 UTC,2026-07-22 08:05:30 UTC,930.18,0.3166,0.0042,0.0,-0.0016,-0.15,-37.9,STOP_LOSS_HIT,0.2672
2379,TRUMP_USDT,SHORT,StochasticRSI(FAST_SCALP-SHORT),2,0.2,1.6,1.598,1.598,1.608,2026-07-22 08:10:59 UTC,2026-07-22 08:11:01 UTC,1.05,0.32,0.0043,0.0,0.0004,0.04,9.38,MIN_PROFIT_TP_HIT,0.2676
2380,TRUMP_USDT,LONG,StochasticRSI(FAST_SCALP-LONG),2,0.2,1.597,1.599,1.599,1.589,2026-07-22 08:20:59 UTC,2026-07-22 08:21:36 UTC,36.48,0.3194,0.0043,0.0,0.0004,0.04,9.39,MIN_PROFIT_TP_HIT,0.268
2381,TRUMP_USDT,SHORT,StochasticRSI(FAST_SCALP-SHORT),2,0.2,1.597,1.595,1.595,1.605,2026-07-22 08:25:59 UTC,2026-07-22 08:26:16 UTC,16.31,0.3194,0.0043,0.0,0.0004,0.04,9.39,MIN_PROFIT_TP_HIT,0.2684
2382,TRUMP_USDT,LONG,StochasticRSI(FAST_SCALP-LONG),2,0.2,1.596,1.598,1.598,1.588,2026-07-22 08:30:59 UTC,2026-07-22 09:06:17 UTC,2117.17,0.3192,0.0043,0.0,0.0004,0.04,9.4,MIN_PROFIT_TP_HIT,0.2688
2383,TRUMP_USDT,LONG,StochasticRSI(FAST_SCALP-LONG),2,0.2,1.596,1.598,1.598,1.588,2026-07-22 09:14:59 UTC,2026-07-22 09:17:01 UTC,121.71,0.3192,0.0043,0.0,0.0004,0.04,9.4,MIN_PROFIT_TP_HIT,0.2692
2384,TRUMP_USDT,SHORT,StochasticRSI(FAST_SCALP-SHORT),2,0.2,1.599,1.597,1.597,1.607,2026-07-22 09:22:59 UTC,2026-07-22 09:23:49 UTC,49.82,0.3198,0.0043,0.0,0.0004,0.04,9.38,MIN_PROFIT_TP_HIT,0.2696
2385,TRUMP_USDT,LONG,StochasticRSI(FAST_SCALP-LONG),2,0.2,1.6,1.602,1.602,1.592,2026-07-22 09:27:59 UTC,2026-07-22 09:28:06 UTC,6.47,0.32,0.0043,0.0,0.0004,0.04,9.38,MIN_PROFIT_TP_HIT,0.27
2386,TRUMP_USDT,SHORT,StochasticRSI(FAST_SCALP-SHORT),2,0.2,1.601,1.599,1.599,1.609,2026-07-22 09:30:59 UTC,2026-07-22 09:33:44 UTC,164.19,0.3202,0.0043,0.0,0.0004,0.04,9.37,MIN_PROFIT_TP_HIT,0.2704
2387,TRUMP_USDT,LONG,StochasticRSI(FAST_SCALP-LONG),2,0.2,1.598,1.6,1.6,1.59,2026-07-22 09:37:59 UTC,2026-07-22 09:42:03 UTC,243.95,0.3196,0.0043,0.0,0.0004,0.04,9.39,MIN_PROFIT_TP_HIT,0.2708
2388,TRUMP_USDT,SHORT,StochasticRSI(FAST_SCALP-SHORT),2,0.2,1.601,1.609,1.599,1.609,2026-07-22 09:47:59 UTC,2026-07-22 10:09:31 UTC,1291.12,0.3202,0.0043,0.0,-0.0016,-0.15,-37.48,STOP_LOSS_HIT,0.2692
2389,TRUMP_USDT,SHORT,StochasticRSI(FAST_SCALP-SHORT),2,0.2,1.603,1.601,1.601,1.611,2026-07-22 10:11:59 UTC,2026-07-22 10:12:54 UTC,54.39,0.3206,0.0043,0.0,0.0004,0.04,9.36,MIN_PROFIT_TP_HIT,0.2696
2390,TRUMP_USDT,LONG,StochasticRSI(FAST_SCALP-LONG),2,0.2,1.602,1.604,1.604,1.594,2026-07-22 10:16:59 UTC,2026-07-22 10:18:42 UTC,102.43,0.3204,0.0043,0.0,0.0004,0.04,9.36,MIN_PROFIT_TP_HIT,0.27
2391,TRUMP_USDT,LONG,StochasticRSI(FAST_SCALP-LONG),2,0.2,1.6,1.602,1.602,1.592,2026-07-22 10:25:59 UTC,2026-07-22 10:26:22 UTC,22.25,0.32,0.0043,0.0,0.0004,0.04,9.38,MIN_PROFIT_TP_HIT,0.2704
2392,TRUMP_USDT,SHORT,StochasticRSI(FAST_SCALP-SHORT),2,0.2,1.603,1.601,1.601,1.611,2026-07-22 10:31:59 UTC,2026-07-22 11:06:16 UTC,2056.07,0.3206,0.0043,0.0,0.0004,0.04,9.36,MIN_PROFIT_TP_HIT,0.2708
2393,TRUMP_USDT,LONG,StochasticRSI(FAST_SCALP-LONG),2,0.2,1.599,1.601,1.601,1.591,2026-07-22 11:11:59 UTC,2026-07-22 11:25:01 UTC,781.52,0.3198,0.0043,0.0,0.0004,0.04,9.38,MIN_PROFIT_TP_HIT,0.2712
2394,TRUMP_USDT,SHORT,StochasticRSI(FAST_SCALP-SHORT),2,0.2,1.599,1.597,1.597,1.607,2026-07-22 11:27:59 UTC,2026-07-22 11:30:23 UTC,143.4,0.3198,0.0043,0.0,0.0004,0.04,9.38,MIN_PROFIT_TP_HIT,0.2716
2395,TRUMP_USDT,LONG,StochasticRSI(FAST_SCALP-LONG),2,0.2,1.599,1.601,1.601,1.591,2026-07-22 11:32:59 UTC,2026-07-22 11:45:38 UTC,758.96,0.3198,0.0043,0.0,0.0004,0.04,9.38,MIN_PROFIT_TP_HIT,0.272
2396,TRUMP_USDT,SHORT,StochasticRSI(FAST_SCALP-SHORT),2,0.2,1.601,1.599,1.599,1.609,2026-07-22 11:50:59 UTC,2026-07-22 12:02:36 UTC,696.14,0.3202,0.0043,0.0,0.0004,0.04,9.37,MIN_PROFIT_TP_HIT,0.2724
2397,TRUMP_USDT,SHORT,StochasticRSI(FAST_SCALP-SHORT),2,0.2,1.6,1.598,1.598,1.608,2026-07-22 12:03:59 UTC,2026-07-22 12:06:21 UTC,141.06,0.32,0.0043,0.0,0.0004,0.04,9.38,MIN_PROFIT_TP_HIT,0.2728
2398,TRUMP_USDT,LONG,StochasticRSI(FAST_SCALP-LONG),2,0.2,1.597,1.589,1.599,1.589,2026-07-22 12:11:59 UTC,2026-07-22 12:49:37 UTC,2257.32,0.3194,0.0043,0.0,-0.0016,-0.15,-37.57,STOP_LOSS_HIT,0.2712
2399,TRUMP_USDT,SHORT,StochasticRSI(FAST_SCALP-SHORT),2,0.2,1.589,1.587,1.587,1.597,2026-07-22 12:50:59 UTC,2026-07-22 12:51:09 UTC,9.52,0.3178,0.0042,0.0,0.0004,0.04,9.44,MIN_PROFIT_TP_HIT,0.2716
2400,TRUMP_USDT,SHORT,StochasticRSI(FAST_SCALP-SHORT),2,0.2,1.59,1.588,1.588,1.598,2026-07-22 13:04:59 UTC,2026-07-22 13:26:47 UTC,1307.36,0.318,0.0042,0.0,0.0004,0.04,9.43,MIN_PROFIT_TP_HIT,0.272
2401,TRUMP_USDT,LONG,StochasticRSI(FAST_SCALP-LONG),2,0.2,1.587,1.589,1.589,1.579,2026-07-22 13:29:59 UTC,2026-07-22 13:30:00 UTC,0.96,0.3174,0.0042,0.0,0.0004,0.04,9.45,MIN_PROFIT_TP_HIT,0.2724
2402,TRUMP_USDT,SHORT,StochasticRSI(FAST_SCALP-SHORT),2,0.2,1.594,1.592,1.592,1.602,2026-07-22 13:37:59 UTC,2026-07-22 13:38:53 UTC,53.08,0.3188,0.0043,0.0,0.0004,0.04,9.41,MIN_PROFIT_TP_HIT,0.2728
2403,TRUMP_USDT,SHORT,StochasticRSI(FAST_SCALP-SHORT),2,0.2,1.597,1.595,1.595,1.605,2026-07-22 13:41:59 UTC,2026-07-22 13:47:53 UTC,353.14,0.3194,0.0043,0.0,0.0004,0.04,9.39,MIN_PROFIT_TP_HIT,0.2732
2404,TRUMP_USDT,LONG,StochasticRSI(FAST_SCALP-LONG),2,0.2,1.594,1.596,1.596,1.586,2026-07-22 13:52:59 UTC,2026-07-22 13:53:08 UTC,8.67,0.3188,0.0043,0.0,0.0004,0.04,9.41,MIN_PROFIT_TP_HIT,0.2736
2405,TRUMP_USDT,LONG,StochasticRSI(FAST_SCALP-LONG),2,0.2,1.597,1.599,1.599,1.589,2026-07-22 13:54:59 UTC,2026-07-22 13:59:32 UTC,272.23,0.3194,0.0043,0.0,0.0004,0.04,9.39,MIN_PROFIT_TP_HIT,0.274
2406,TRUMP_USDT,SHORT,StochasticRSI(FAST_SCALP-SHORT),2,0.2,1.597,1.605,1.595,1.605,2026-07-22 14:02:59 UTC,2026-07-22 14:05:56 UTC,176.86,0.3194,0.0043,0.0,-0.0016,-0.15,-37.57,STOP_LOSS_HIT,0.2724
2407,TRUMP_USDT,SHORT,StochasticRSI(FAST_SCALP-SHORT),2,0.2,1.599,1.597,1.597,1.607,2026-07-22 14:08:59 UTC,2026-07-22 14:09:12 UTC,12.38,0.3198,0.0043,0.0,0.0004,0.04,9.38,MIN_PROFIT_TP_HIT,0.2728
2408,TRUMP_USDT,LONG,StochasticRSI(FAST_SCALP-LONG),2,0.2,1.599,1.591,1.601,1.591,2026-07-22 14:12:59 UTC,2026-07-22 14:30:29 UTC,1049.8,0.3198,0.0043,0.0,-0.0016,-0.15,-37.52,STOP_LOSS_HIT,0.2712
2409,TRUMP_USDT,SHORT,StochasticRSI(FAST_SCALP-SHORT),2,0.2,1.595,1.593,1.593,1.603,2026-07-22 14:35:59 UTC,2026-07-22 14:40:52 UTC,292.79,0.319,0.0043,0.0,0.0004,0.04,9.4,MIN_PROFIT_TP_HIT,0.2716
2410,TRUMP_USDT,LONG,StochasticRSI(FAST_SCALP-LONG),2,0.2,1.594,1.596,1.596,1.586,2026-07-22 14:43:59 UTC,2026-07-22 14:44:50 UTC,50.26,0.3188,0.0043,0.0,0.0004,0.04,9.41,MIN_PROFIT_TP_HIT,0.272
2411,TRUMP_USDT,SHORT,StochasticRSI(FAST_SCALP-SHORT),2,0.2,1.597,1.595,1.595,1.605,2026-07-22 14:49:59 UTC,2026-07-22 14:51:11 UTC,71.46,0.3194,0.0043,0.0,0.0004,0.04,9.39,MIN_PROFIT_TP_HIT,0.2724
2412,TRUMP_USDT,LONG,StochasticRSI(FAST_SCALP-LONG),2,0.2,1.595,1.597,1.597,1.587,2026-07-22 14:56:59 UTC,2026-07-22 14:57:28 UTC,28.08,0.319,0.0043,0.0,0.0004,0.04,9.4,MIN_PROFIT_TP_HIT,0.2728
2413,TRUMP_USDT,SHORT,StochasticRSI(FAST_SCALP-SHORT),2,0.2,1.601,1.599,1.599,1.609,2026-07-22 15:02:59 UTC,2026-07-22 15:05:28 UTC,148.98,0.3202,0.0043,0.0,0.0004,0.04,9.37,MIN_PROFIT_TP_HIT,0.2732
2414,TRUMP_USDT,SHORT,StochasticRSI(FAST_SCALP-SHORT),2,0.2,1.6,1.608,1.598,1.608,2026-07-22 15:06:59 UTC,2026-07-22 16:01:14 UTC,3254.21,0.32,0.0043,0.0,-0.0016,-0.15,-37.5,STOP_LOSS_HIT,0.2716
2415,TRUMP_USDT,SHORT,StochasticRSI(FAST_SCALP-SHORT),2,0.2,1.605,1.603,1.603,1.613,2026-07-22 16:03:59 UTC,2026-07-22 16:09:54 UTC,354.18,0.321,0.0043,0.0,0.0004,0.04,9.35,MIN_PROFIT_TP_HIT,0.272
2416,TRUMP_USDT,SHORT,StochasticRSI(FAST_SCALP-SHORT),2,0.2,1.604,1.602,1.602,1.612,2026-07-22 16:10:59 UTC,2026-07-22 16:11:32 UTC,32.84,0.3208,0.0043,0.0,0.0004,0.04,9.35,MIN_PROFIT_TP_HIT,0.2724
2417,TRUMP_USDT,LONG,StochasticRSI(FAST_SCALP-LONG),2,0.2,1.578,1.58,1.58,1.57,2026-07-22 16:17:59 UTC,2026-07-22 16:18:07 UTC,7.81,0.3156,0.0042,0.0,0.0004,0.04,9.51,MIN_PROFIT_TP_HIT,0.2728
2418,TRUMP_USDT,SHORT,StochasticRSI(FAST_SCALP-SHORT),2,0.2,1.591,1.599,1.589,1.599,2026-07-22 16:30:59 UTC,2026-07-22 16:31:48 UTC,48.61,0.3182,0.0042,0.0,-0.0016,-0.15,-37.71,STOP_LOSS_HIT,0.2712
2419,TRUMP_USDT,SHORT,StochasticRSI(FAST_SCALP-SHORT),2,0.2,1.601,1.599,1.599,1.609,2026-07-22 16:35:59 UTC,2026-07-22 16:40:51 UTC,291.64,0.3202,0.0043,0.0,0.0004,0.04,9.37,MIN_PROFIT_TP_HIT,0.2716
2420,TRUMP_USDT,LONG,StochasticRSI(FAST_SCALP-LONG),2,0.2,1.6,1.602,1.602,1.592,2026-07-22 16:44:59 UTC,2026-07-22 16:52:19 UTC,439.32,0.32,0.0043,0.0,0.0004,0.04,9.38,MIN_PROFIT_TP_HIT,0.272
2421,TRUMP_USDT,SHORT,StochasticRSI(FAST_SCALP-SHORT),2,0.2,1.609,1.617,1.607,1.617,2026-07-22 16:55:59 UTC,2026-07-22 16:56:15 UTC,15.69,0.3218,0.0043,0.0,-0.0016,-0.15,-37.29,STOP_LOSS_HIT,0.2704
2422,TRUMP_USDT,SHORT,StochasticRSI(FAST_SCALP-SHORT),2,0.2,1.611,1.619,1.609,1.619,2026-07-22 16:59:59 UTC,2026-07-22 17:11:34 UTC,694.22,0.3222,0.0043,0.0,-0.0016,-0.15,-37.24,STOP_LOSS_HIT,0.2688
2423,TRUMP_USDT,LONG,StochasticRSI(FAST_SCALP-LONG),2,0.2,1.621,1.613,1.623,1.613,2026-07-22 17:12:59 UTC,2026-07-22 17:19:42 UTC,402.6,0.3242,0.0043,0.0,-0.0016,-0.15,-37.01,STOP_LOSS_HIT,0.2672
2424,TRUMP_USDT,LONG,StochasticRSI(FAST_SCALP-LONG),2,0.2,1.608,1.61,1.61,1.6,2026-07-22 17:25:59 UTC,2026-07-22 17:30:09 UTC,249.06,0.3216,0.0043,0.0,0.0004,0.04,9.33,MIN_PROFIT_TP_HIT,0.2676
2425,TRUMP_USDT,SHORT,StochasticRSI(FAST_SCALP-SHORT),2,0.2,1.622,1.62,1.62,1.63,2026-07-22 17:37:59 UTC,2026-07-22 17:38:51 UTC,51.59,0.3244,0.0043,0.0,0.0004,0.04,9.25,MIN_PROFIT_TP_HIT,0.268
2426,TRUMP_USDT,SHORT,StochasticRSI(FAST_SCALP-SHORT),2,0.2,1.619,1.627,1.617,1.627,2026-07-22 17:41:59 UTC,2026-07-22 17:44:13 UTC,133.28,0.3238,0.0043,0.0,-0.0016,-0.15,-37.06,STOP_LOSS_HIT,0.2664
2427,TRUMP_USDT,SHORT,StochasticRSI(FAST_SCALP-SHORT),2,0.2,1.625,1.623,1.623,1.633,2026-07-22 17:47:59 UTC,2026-07-22 17:49:08 UTC,68.9,0.325,0.0043,0.0,0.0004,0.04,9.23,MIN_PROFIT_TP_HIT,0.2668
2428,TRUMP_USDT,LONG,StochasticRSI(FAST_SCALP-LONG),2,0.2,1.617,1.619,1.619,1.609,2026-07-22 17:57:59 UTC,2026-07-22 17:58:48 UTC,48.07,0.3234,0.0043,0.0,0.0004,0.04,9.28,MIN_PROFIT_TP_HIT,0.2672
2429,TRUMP_USDT,SHORT,StochasticRSI(FAST_SCALP-SHORT),2,0.2,1.616,1.614,1.614,1.624,2026-07-22 18:22:59 UTC,2026-07-22 18:23:39 UTC,39.06,0.3232,0.0043,0.0,0.0004,0.04,9.28,MIN_PROFIT_TP_HIT,0.2676
2430,TRUMP_USDT,LONG,StochasticRSI(FAST_SCALP-LONG),2,0.2,1.616,1.618,1.618,1.608,2026-07-22 18:26:59 UTC,2026-07-22 18:27:47 UTC,47.78,0.3232,0.0043,0.0,0.0004,0.04,9.28,MIN_PROFIT_TP_HIT,0.268
2431,TRUMP_USDT,SHORT,StochasticRSI(FAST_SCALP-SHORT),2,0.2,1.618,1.616,1.616,1.626,2026-07-22 18:33:59 UTC,2026-07-22 18:34:26 UTC,26.32,0.3236,0.0043,0.0,0.0004,0.04,9.27,MIN_PROFIT_TP_HIT,0.2684
2432,TRUMP_USDT,LONG,StochasticRSI(FAST_SCALP-LONG),2,0.2,1.613,1.615,1.615,1.605,2026-07-22 18:41:59 UTC,2026-07-22 18:42:50 UTC,50.11,0.3226,0.0043,0.0,0.0004,0.04,9.3,MIN_PROFIT_TP_HIT,0.2688
2433,TRUMP_USDT,SHORT,StochasticRSI(FAST_SCALP-SHORT),2,0.2,1.614,1.612,1.612,1.622,2026-07-22 18:49:59 UTC,2026-07-22 18:50:10 UTC,10.55,0.3228,0.0043,0.0,0.0004,0.04,9.29,MIN_PROFIT_TP_HIT,0.2692
2434,TRUMP_USDT,SHORT,StochasticRSI(FAST_SCALP-SHORT),2,0.2,1.617,1.615,1.615,1.625,2026-07-22 18:59:59 UTC,2026-07-22 19:01:02 UTC,62.36,0.3234,0.0043,0.0,0.0004,0.04,9.28,MIN_PROFIT_TP_HIT,0.2696
2435,TRUMP_USDT,LONG,StochasticRSI(FAST_SCALP-LONG),2,0.2,1.614,1.606,1.616,1.606,2026-07-22 19:05:59 UTC,2026-07-22 19:50:10 UTC,2650.12,0.3228,0.0043,0.0,-0.0016,-0.15,-37.17,STOP_LOSS_HIT,0.268
2436,TRUMP_USDT,SHORT,StochasticRSI(FAST_SCALP-SHORT),2,0.2,1.608,1.606,1.606,1.616,2026-07-22 19:54:59 UTC,2026-07-22 19:55:02 UTC,2.27,0.3216,0.0043,0.0,0.0004,0.04,9.33,MIN_PROFIT_TP_HIT,0.2684
2437,TRUMP_USDT,LONG,StochasticRSI(FAST_SCALP-LONG),2,0.2,1.607,1.609,1.609,1.599,2026-07-22 19:59:59 UTC,2026-07-22 20:00:27 UTC,27.56,0.3214,0.0043,0.0,0.0004,0.04,9.33,MIN_PROFIT_TP_HIT,0.2688
2438,TRUMP_USDT,SHORT,StochasticRSI(FAST_SCALP-SHORT),2,0.2,1.608,1.606,1.606,1.616,2026-07-22 20:05:59 UTC,2026-07-22 20:06:19 UTC,19.64,0.3216,0.0043,0.0,0.0004,0.04,9.33,MIN_PROFIT_TP_HIT,0.2692
2439,TRUMP_USDT,SHORT,StochasticRSI(FAST_SCALP-SHORT),2,0.2,1.611,1.619,1.609,1.619,2026-07-22 20:18:59 UTC,2026-07-22 20:28:22 UTC,562.03,0.3222,0.0043,0.0,-0.0016,-0.15,-37.24,STOP_LOSS_HIT,0.2676
2440,TRUMP_USDT,SHORT,StochasticRSI(FAST_SCALP-SHORT),2,0.2,1.621,1.629,1.619,1.629,2026-07-22 20:32:59 UTC,2026-07-22 20:37:31 UTC,271.4,0.3242,0.0043,0.0,-0.0016,-0.15,-37.01,STOP_LOSS_HIT,0.266
2441,TRUMP_USDT,LONG,StochasticRSI(FAST_SCALP-LONG),2,0.2,1.621,1.613,1.623,1.613,2026-07-22 20:43:59 UTC,2026-07-22 21:25:04 UTC,2464.05,0.3242,0.0043,0.0,-0.0016,-0.15,-37.01,STOP_LOSS_HIT,0.2644
2442,TRUMP_USDT,LONG,StochasticRSI(FAST_SCALP-LONG),2,0.2,1.611,1.613,1.613,1.603,2026-07-22 21:30:59 UTC,2026-07-22 21:35:58 UTC,298.46,0.3222,0.0043,0.0,0.0004,0.04,9.31,MIN_PROFIT_TP_HIT,0.2648
2443,TRUMP_USDT,SHORT,StochasticRSI(FAST_SCALP-SHORT),2,0.2,1.615,1.613,1.613,1.623,2026-07-22 21:50:59 UTC,2026-07-22 21:52:43 UTC,103.16,0.323,0.0043,0.0,0.0004,0.04,9.29,MIN_PROFIT_TP_HIT,0.2652
2444,TRUMP_USDT,LONG,StochasticRSI(FAST_SCALP-LONG),2,0.2,1.616,1.608,1.618,1.608,2026-07-22 21:57:59 UTC,2026-07-22 22:21:24 UTC,1404.71,0.3232,0.0043,0.0,-0.0016,-0.15,-37.13,STOP_LOSS_HIT,0.2636
2445,TRUMP_USDT,SHORT,StochasticRSI(FAST_SCALP-SHORT),2,0.2,1.613,1.611,1.611,1.621,2026-07-22 22:35:59 UTC,2026-07-22 22:36:49 UTC,49.03,0.3226,0.0043,0.0,0.0004,0.04,9.3,MIN_PROFIT_TP_HIT,0.264
2446,TRUMP_USDT,LONG,StochasticRSI(FAST_SCALP-LONG),2,0.2,1.612,1.614,1.614,1.604,2026-07-22 22:43:59 UTC,2026-07-22 22:46:18 UTC,138.56,0.3224,0.0043,0.0,0.0004,0.04,9.31,MIN_PROFIT_TP_HIT,0.2644
2447,TRUMP_USDT,SHORT,StochasticRSI(FAST_SCALP-SHORT),2,0.2,1.614,1.612,1.612,1.622,2026-07-22 22:48:59 UTC,2026-07-22 23:00:12 UTC,672.71,0.3228,0.0043,0.0,0.0004,0.04,9.29,MIN_PROFIT_TP_HIT,0.2648
2448,TRUMP_USDT,LONG,StochasticRSI(FAST_SCALP-LONG),2,0.2,1.605,1.607,1.607,1.597,2026-07-22 23:16:59 UTC,2026-07-22 23:22:48 UTC,348.07,0.321,0.0043,0.0,0.0004,0.04,9.35,MIN_PROFIT_TP_HIT,0.2652
2449,TRUMP_USDT,SHORT,StochasticRSI(FAST_SCALP-SHORT),2,0.2,1.606,1.614,1.604,1.614,2026-07-22 23:24:59 UTC,2026-07-23 00:19:46 UTC,3286.55,0.3212,0.0043,0.0,-0.0016,-0.15,-37.36,STOP_LOSS_HIT,0.2636
2450,TRUMP_USDT,SHORT,StochasticRSI(FAST_SCALP-SHORT),2,0.2,1.614,1.612,1.612,1.622,2026-07-23 00:25:59 UTC,2026-07-23 00:28:24 UTC,144.7,0.3228,0.0043,0.0,0.0004,0.04,9.29,MIN_PROFIT_TP_HIT,0.264
2451,TRUMP_USDT,LONG,StochasticRSI(FAST_SCALP-LONG),2,0.2,1.61,1.612,1.612,1.602,2026-07-23 00:33:59 UTC,2026-07-23 00:35:20 UTC,80.75,0.322,0.0043,0.0,0.0004,0.04,9.32,MIN_PROFIT_TP_HIT,0.2644
2452,TRUMP_USDT,LONG,StochasticRSI(FAST_SCALP-LONG),2,0.2,1.608,1.6,1.61,1.6,2026-07-23 00:47:59 UTC,2026-07-23 01:00:04 UTC,724.44,0.3216,0.0043,0.0,-0.0016,-0.15,-37.31,STOP_LOSS_HIT,0.2628
2453,TRUMP_USDT,LONG,StochasticRSI(FAST_SCALP-LONG),2,0.2,1.601,1.593,1.603,1.593,2026-07-23 01:02:59 UTC,2026-07-23 01:30:04 UTC,1624.72,0.3202,0.0043,0.0,-0.0016,-0.15,-37.48,STOP_LOSS_HIT,0.2612
2454,TRUMP_USDT,LONG,StochasticRSI(FAST_SCALP-LONG),2,0.2,1.596,1.588,1.598,1.588,2026-07-23 01:33:59 UTC,2026-07-23 02:00:15 UTC,1575.87,0.3192,0.0043,0.0,-0.0016,-0.15,-37.59,STOP_LOSS_HIT,0.2596
2455,TRUMP_USDT,LONG,StochasticRSI(FAST_SCALP-LONG),2,0.2,1.593,1.595,1.595,1.585,2026-07-23 02:02:59 UTC,2026-07-23 02:04:18 UTC,78.99,0.3186,0.0042,0.0,0.0004,0.04,9.42,MIN_PROFIT_TP_HIT,0.26
2456,TRUMP_USDT,SHORT,StochasticRSI(FAST_SCALP-SHORT),2,0.2,1.597,1.595,1.595,1.605,2026-07-23 02:08:59 UTC,2026-07-23 02:09:32 UTC,32.14,0.3194,0.0043,0.0,0.0004,0.04,9.39,MIN_PROFIT_TP_HIT,0.2604
2457,TRUMP_USDT,LONG,StochasticRSI(FAST_SCALP-LONG),2,0.2,1.593,1.595,1.595,1.585,2026-07-23 02:14:59 UTC,2026-07-23 02:44:56 UTC,1796.58,0.3186,0.0042,0.0,0.0004,0.04,9.42,MIN_PROFIT_TP_HIT,0.2608
2458,TRUMP_USDT,SHORT,StochasticRSI(FAST_SCALP-SHORT),2,0.2,1.595,1.593,1.593,1.603,2026-07-23 02:48:59 UTC,2026-07-23 02:50:12 UTC,72.51,0.319,0.0043,0.0,0.0004,0.04,9.4,MIN_PROFIT_TP_HIT,0.2612
2459,TRUMP_USDT,LONG,StochasticRSI(FAST_SCALP-LONG),2,0.2,1.594,1.596,1.596,1.586,2026-07-23 03:14:59 UTC,2026-07-23 03:29:52 UTC,892.96,0.3188,0.0043,0.0,0.0004,0.04,9.41,MIN_PROFIT_TP_HIT,0.2616
2460,TRUMP_USDT,SHORT,StochasticRSI(FAST_SCALP-SHORT),2,0.2,1.596,1.594,1.594,1.604,2026-07-23 03:33:59 UTC,2026-07-23 03:34:49 UTC,49.47,0.3192,0.0043,0.0,0.0004,0.04,9.4,MIN_PROFIT_TP_HIT,0.262
2461,TRUMP_USDT,LONG,StochasticRSI(FAST_SCALP-LONG),2,0.2,1.594,1.596,1.596,1.586,2026-07-23 03:53:59 UTC,2026-07-23 04:15:01 UTC,1261.13,0.3188,0.0043,0.0,0.0004,0.04,9.41,MIN_PROFIT_TP_HIT,0.2624
2462,TRUMP_USDT,SHORT,StochasticRSI(FAST_SCALP-SHORT),2,0.2,1.596,1.604,1.594,1.604,2026-07-23 04:18:59 UTC,2026-07-23 04:39:50 UTC,1250.75,0.3192,0.0043,0.0,-0.0016,-0.15,-37.59,STOP_LOSS_HIT,0.2608
2463,TRUMP_USDT,SHORT,StochasticRSI(FAST_SCALP-SHORT),2,0.2,1.6,1.598,1.598,1.608,2026-07-23 04:41:59 UTC,2026-07-23 04:49:21 UTC,441.4,0.32,0.0043,0.0,0.0004,0.04,9.38,MIN_PROFIT_TP_HIT,0.2612
2464,TRUMP_USDT,LONG,StochasticRSI(FAST_SCALP-LONG),2,0.2,1.599,1.601,1.601,1.591,2026-07-23 04:57:59 UTC,2026-07-23 04:59:21 UTC,81.71,0.3198,0.0043,0.0,0.0004,0.04,9.38,MIN_PROFIT_TP_HIT,0.2616
2465,TRUMP_USDT,LONG,StochasticRSI(FAST_SCALP-LONG),2,0.2,1.599,1.601,1.601,1.591,2026-07-23 05:10:59 UTC,2026-07-23 05:25:20 UTC,860.71,0.3198,0.0043,0.0,0.0004,0.04,9.38,MIN_PROFIT_TP_HIT,0.262
2466,TRUMP_USDT,SHORT,StochasticRSI(FAST_SCALP-SHORT),2,0.2,1.601,1.599,1.599,1.609,2026-07-23 05:33:59 UTC,2026-07-23 05:37:43 UTC,223.93,0.3202,0.0043,0.0,0.0004,0.04,9.37,MIN_PROFIT_TP_HIT,0.2624
2467,TRUMP_USDT,LONG,StochasticRSI(FAST_SCALP-LONG),2,0.2,1.599,1.601,1.601,1.591,2026-07-23 05:41:59 UTC,2026-07-23 05:47:22 UTC,322.9,0.3198,0.0043,0.0,0.0004,0.04,9.38,MIN_PROFIT_TP_HIT,0.2628
2468,TRUMP_USDT,SHORT,StochasticRSI(FAST_SCALP-SHORT),2,0.2,1.599,1.607,1.597,1.607,2026-07-23 05:50:59 UTC,2026-07-23 06:14:16 UTC,1396.46,0.3198,0.0043,0.0,-0.0016,-0.15,-37.52,STOP_LOSS_HIT,0.2612
2469,TRUMP_USDT,LONG,StochasticRSI(FAST_SCALP-LONG),2,0.2,1.611,1.613,1.613,1.603,2026-07-23 06:18:59 UTC,2026-07-23 06:19:30 UTC,30.88,0.3222,0.0043,0.0,0.0004,0.04,9.31,MIN_PROFIT_TP_HIT,0.2616
2470,TRUMP_USDT,SHORT,StochasticRSI(FAST_SCALP-SHORT),2,0.2,1.608,1.616,1.606,1.616,2026-07-23 06:22:59 UTC,2026-07-23 06:32:45 UTC,585.61,0.3216,0.0043,0.0,-0.0016,-0.15,-37.31,STOP_LOSS_HIT,0.26
2471,TRUMP_USDT,SHORT,StochasticRSI(FAST_SCALP-SHORT),2,0.2,1.628,1.626,1.626,1.636,2026-07-23 06:36:59 UTC,2026-07-23 06:39:26 UTC,146.19,0.3256,0.0043,0.0,0.0004,0.04,9.21,MIN_PROFIT_TP_HIT,0.2604
2472,TRUMP_USDT,LONG,StochasticRSI(FAST_SCALP-LONG),2,0.2,1.627,1.619,1.629,1.619,2026-07-23 06:46:59 UTC,2026-07-23 06:50:03 UTC,183.4,0.3254,0.0043,0.0,-0.0016,-0.15,-36.88,STOP_LOSS_HIT,0.2588
2473,TRUMP_USDT,LONG,StochasticRSI(FAST_SCALP-LONG),2,0.2,1.621,1.623,1.623,1.613,2026-07-23 06:52:59 UTC,2026-07-23 07:04:09 UTC,669.03,0.3242,0.0043,0.0,0.0004,0.04,9.25,MIN_PROFIT_TP_HIT,0.2592
2474,TRUMP_USDT,LONG,StochasticRSI(FAST_SCALP-LONG),2,0.2,1.615,1.617,1.617,1.607,2026-07-23 07:15:59 UTC,2026-07-23 07:17:16 UTC,76.92,0.323,0.0043,0.0,0.0004,0.04,9.29,MIN_PROFIT_TP_HIT,0.2596
2475,TRUMP_USDT,SHORT,StochasticRSI(FAST_SCALP-SHORT),2,0.2,1.617,1.625,1.615,1.625,2026-07-23 07:20:59 UTC,2026-07-23 07:25:29 UTC,269.67,0.3234,0.0043,0.0,-0.0016,-0.15,-37.11,STOP_LOSS_HIT,0.258
2476,TRUMP_USDT,SHORT,StochasticRSI(FAST_SCALP-SHORT),2,0.2,1.629,1.627,1.627,1.637,2026-07-23 07:33:59 UTC,2026-07-23 07:35:01 UTC,61.12,0.3258,0.0043,0.0,0.0004,0.04,9.21,MIN_PROFIT_TP_HIT,0.2584
2477,TRUMP_USDT,LONG,StochasticRSI(FAST_SCALP-LONG),2,0.2,1.625,1.627,1.627,1.617,2026-07-23 07:38:59 UTC,2026-07-23 07:39:20 UTC,20.34,0.325,0.0043,0.0,0.0004,0.04,9.23,MIN_PROFIT_TP_HIT,0.2588
2478,TRUMP_USDT,LONG,StochasticRSI(FAST_SCALP-LONG),2,0.2,1.622,1.624,1.624,1.614,2026-07-23 07:40:59 UTC,2026-07-23 07:46:04 UTC,304.66,0.3244,0.0043,0.0,0.0004,0.04,9.25,MIN_PROFIT_TP_HIT,0.2592
2479,TRUMP_USDT,SHORT,StochasticRSI(FAST_SCALP-SHORT),2,0.2,1.626,1.624,1.624,1.634,2026-07-23 07:54:59 UTC,2026-07-23 08:01:40 UTC,400.04,0.3252,0.0043,0.0,0.0004,0.04,9.23,MIN_PROFIT_TP_HIT,0.2596
2480,TRUMP_USDT,LONG,StochasticRSI(FAST_SCALP-LONG),2,0.2,1.625,1.627,1.627,1.617,2026-07-23 08:07:59 UTC,2026-07-23 08:09:50 UTC,110.3,0.325,0.0043,0.0,0.0004,0.04,9.23,MIN_PROFIT_TP_HIT,0.26
2481,TRUMP_USDT,SHORT,StochasticRSI(FAST_SCALP-SHORT),2,0.2,1.634,1.632,1.632,1.642,2026-07-23 08:14:59 UTC,2026-07-23 08:15:20 UTC,20.89,0.3268,0.0044,0.0,0.0004,0.04,9.18,MIN_PROFIT_TP_HIT,0.2604
2482,TRUMP_USDT,SHORT,StochasticRSI(FAST_SCALP-SHORT),2,0.2,1.633,1.631,1.631,1.641,2026-07-23 08:17:59 UTC,2026-07-23 08:21:44 UTC,224.27,0.3266,0.0044,0.0,0.0004,0.04,9.19,MIN_PROFIT_TP_HIT,0.2608
2483,TRUMP_USDT,LONG,StochasticRSI(FAST_SCALP-LONG),2,0.2,1.636,1.638,1.638,1.628,2026-07-23 08:25:59 UTC,2026-07-23 08:26:13 UTC,13.45,0.3272,0.0044,0.0,0.0004,0.04,9.17,MIN_PROFIT_TP_HIT,0.2612
2484,TRUMP_USDT,LONG,StochasticRSI(FAST_SCALP-LONG),2,0.2,1.637,1.639,1.639,1.629,2026-07-23 08:36:59 UTC,2026-07-23 08:50:24 UTC,804.93,0.3274,0.0044,0.0,0.0004,0.04,9.16,MIN_PROFIT_TP_HIT,0.2616
2485,TRUMP_USDT,SHORT,StochasticRSI(FAST_SCALP-SHORT),2,0.2,1.636,1.634,1.634,1.644,2026-07-23 08:52:59 UTC,2026-07-23 08:53:03 UTC,3.17,0.3272,0.0044,0.0,0.0004,0.04,9.17,MIN_PROFIT_TP_HIT,0.262
2486,TRUMP_USDT,LONG,StochasticRSI(FAST_SCALP-LONG),2,0.2,1.638,1.64,1.64,1.63,2026-07-23 08:57:59 UTC,2026-07-23 09:02:26 UTC,266.15,0.3276,0.0044,0.0,0.0004,0.04,9.16,MIN_PROFIT_TP_HIT,0.2624
2487,TRUMP_USDT,SHORT,StochasticRSI(FAST_SCALP-SHORT),2,0.2,1.638,1.636,1.636,1.646,2026-07-23 09:04:59 UTC,2026-07-23 09:06:10 UTC,70.66,0.3276,0.0044,0.0,0.0004,0.04,9.16,MIN_PROFIT_TP_HIT,0.2628
2488,TRUMP_USDT,LONG,StochasticRSI(FAST_SCALP-LONG),2,0.2,1.631,1.633,1.633,1.623,2026-07-23 09:10:59 UTC,2026-07-23 09:18:43 UTC,463.91,0.3262,0.0043,0.0,0.0004,0.04,9.2,MIN_PROFIT_TP_HIT,0.2632
2489,TRUMP_USDT,SHORT,StochasticRSI(FAST_SCALP-SHORT),2,0.2,1.631,1.639,1.629,1.639,2026-07-23 09:20:59 UTC,2026-07-23 09:28:36 UTC,456.92,0.3262,0.0043,0.0,-0.0016,-0.15,-36.79,STOP_LOSS_HIT,0.2616
2490,TRUMP_USDT,LONG,StochasticRSI(FAST_SCALP-LONG),2,0.2,1.635,1.637,1.637,1.627,2026-07-23 09:39:59 UTC,2026-07-23 09:44:14 UTC,254.67,0.327,0.0044,0.0,0.0004,0.04,9.17,MIN_PROFIT_TP_HIT,0.262
2491,TRUMP_USDT,SHORT,StochasticRSI(FAST_SCALP-SHORT),2,0.2,1.637,1.635,1.635,1.645,2026-07-23 09:48:59 UTC,2026-07-23 09:51:48 UTC,168.79,0.3274,0.0044,0.0,0.0004,0.04,9.16,MIN_PROFIT_TP_HIT,0.2624
2492,TRUMP_USDT,SHORT,StochasticRSI(FAST_SCALP-SHORT),2,0.2,1.637,1.635,1.635,1.645,2026-07-23 09:52:59 UTC,2026-07-23 09:54:42 UTC,102.1,0.3274,0.0044,0.0,0.0004,0.04,9.16,MIN_PROFIT_TP_HIT,0.2628
2493,TRUMP_USDT,LONG,StochasticRSI(FAST_SCALP-LONG),2,0.2,1.633,1.635,1.635,1.625,2026-07-23 09:59:59 UTC,2026-07-23 10:00:33 UTC,33.11,0.3266,0.0044,0.0,0.0004,0.04,9.19,MIN_PROFIT_TP_HIT,0.2632
2494,TRUMP_USDT,SHORT,StochasticRSI(FAST_SCALP-SHORT),2,0.2,1.639,1.637,1.637,1.647,2026-07-23 10:09:59 UTC,2026-07-23 10:10:32 UTC,32.86,0.3278,0.0044,0.0,0.0004,0.04,9.15,MIN_PROFIT_TP_HIT,0.2636
2495,TRUMP_USDT,LONG,StochasticRSI(FAST_SCALP-LONG),2,0.2,1.638,1.64,1.64,1.63,2026-07-23 10:14:59 UTC,2026-07-23 10:15:06 UTC,6.11,0.3276,0.0044,0.0,0.0004,0.04,9.16,MIN_PROFIT_TP_HIT,0.264
2496,TRUMP_USDT,LONG,StochasticRSI(FAST_SCALP-LONG),2,0.2,1.638,1.64,1.64,1.63,2026-07-23 10:17:59 UTC,2026-07-23 10:53:28 UTC,2128.63,0.3276,0.0044,0.0,0.0004,0.04,9.16,MIN_PROFIT_TP_HIT,0.2644
2497,TRUMP_USDT,SHORT,StochasticRSI(FAST_SCALP-SHORT),2,0.2,1.645,1.643,1.643,1.653,2026-07-23 10:58:59 UTC,2026-07-23 11:02:22 UTC,202.53,0.329,0.0044,0.0,0.0004,0.04,9.12,MIN_PROFIT_TP_HIT,0.2648
2498,TRUMP_USDT,LONG,StochasticRSI(FAST_SCALP-LONG),2,0.2,1.64,1.642,1.642,1.632,2026-07-23 11:10:59 UTC,2026-07-23 11:22:08 UTC,668.83,0.328,0.0044,0.0,0.0004,0.04,9.15,MIN_PROFIT_TP_HIT,0.2652
2499,TRUMP_USDT,SHORT,StochasticRSI(FAST_SCALP-SHORT),2,0.2,1.644,1.642,1.642,1.652,2026-07-23 11:27:59 UTC,2026-07-23 11:28:09 UTC,9.24,0.3288,0.0044,0.0,0.0004,0.04,9.12,MIN_PROFIT_TP_HIT,0.2656
2500,TRUMP_USDT,LONG,StochasticRSI(FAST_SCALP-LONG),2,0.2,1.644,1.646,1.646,1.636,2026-07-23 11:32:59 UTC,2026-07-23 11:34:24 UTC,84.37,0.3288,0.0044,0.0,0.0004,0.04,9.12,MIN_PROFIT_TP_HIT,0.266
2501,TRUMP_USDT,LONG,StochasticRSI(FAST_SCALP-LONG),2,0.2,1.642,1.644,1.644,1.634,2026-07-23 11:46:59 UTC,2026-07-23 11:50:07 UTC,187.18,0.3284,0.0044,0.0,0.0004,0.04,9.14,MIN_PROFIT_TP_HIT,0.2664
2502,TRUMP_USDT,SHORT,StochasticRSI(FAST_SCALP-SHORT),2,0.2,1.644,1.652,1.642,1.652,2026-07-23 11:52:59 UTC,2026-07-23 12:06:41 UTC,821.27,0.3288,0.0044,0.0,-0.0016,-0.15,-36.5,STOP_LOSS_HIT,0.2648
2503,TRUMP_USDT,SHORT,StochasticRSI(FAST_SCALP-SHORT),2,0.2,1.657,1.655,1.655,1.665,2026-07-23 12:09:59 UTC,2026-07-23 12:10:23 UTC,23.3,0.3314,0.0044,0.0,0.0004,0.04,9.05,MIN_PROFIT_TP_HIT,0.2652
2504,TRUMP_USDT,SHORT,StochasticRSI(FAST_SCALP-SHORT),2,0.2,1.662,1.66,1.66,1.67,2026-07-23 12:17:59 UTC,2026-07-23 12:19:36 UTC,96.15,0.3324,0.0044,0.0,0.0004,0.04,9.03,MIN_PROFIT_TP_HIT,0.2656
2505,TRUMP_USDT,LONG,StochasticRSI(FAST_SCALP-LONG),2,0.2,1.649,1.651,1.651,1.641,2026-07-23 12:28:59 UTC,2026-07-23 12:30:50 UTC,110.8,0.3298,0.0044,0.0,0.0004,0.04,9.1,MIN_PROFIT_TP_HIT,0.266
2506,TRUMP_USDT,SHORT,StochasticRSI(FAST_SCALP-SHORT),2,0.2,1.659,1.657,1.657,1.667,2026-07-23 12:35:59 UTC,2026-07-23 12:36:02 UTC,2.33,0.3318,0.0044,0.0,0.0004,0.04,9.04,MIN_PROFIT_TP_HIT,0.2664
2507,TRUMP_USDT,LONG,StochasticRSI(FAST_SCALP-LONG),2,0.2,1.638,1.64,1.64,1.63,2026-07-23 12:42:59 UTC,2026-07-23 12:43:06 UTC,6.64,0.3276,0.0044,0.0,0.0004,0.04,9.16,MIN_PROFIT_TP_HIT,0.2668
2508,TRUMP_USDT,LONG,StochasticRSI(FAST_SCALP-LONG),2,0.2,1.64,1.642,1.642,1.632,2026-07-23 12:49:59 UTC,2026-07-23 12:50:49 UTC,49.23,0.328,0.0044,0.0,0.0004,0.04,9.15,MIN_PROFIT_TP_HIT,0.2672
2509,TRUMP_USDT,SHORT,StochasticRSI(FAST_SCALP-SHORT),2,0.2,1.642,1.64,1.64,1.65,2026-07-23 12:53:59 UTC,2026-07-23 12:54:17 UTC,17.55,0.3284,0.0044,0.0,0.0004,0.04,9.14,MIN_PROFIT_TP_HIT,0.2676
2510,TRUMP_USDT,LONG,StochasticRSI(FAST_SCALP-LONG),2,0.2,1.633,1.635,1.635,1.625,2026-07-23 13:01:59 UTC,2026-07-23 13:03:11 UTC,71.87,0.3266,0.0044,0.0,0.0004,0.04,9.19,MIN_PROFIT_TP_HIT,0.268
2511,TRUMP_USDT,LONG,StochasticRSI(FAST_SCALP-LONG),2,0.2,1.635,1.637,1.637,1.627,2026-07-23 13:04:59 UTC,2026-07-23 13:05:38 UTC,38.35,0.327,0.0044,0.0,0.0004,0.04,9.17,MIN_PROFIT_TP_HIT,0.2684
2512,TRUMP_USDT,SHORT,StochasticRSI(FAST_SCALP-SHORT),2,0.2,1.64,1.638,1.638,1.648,2026-07-23 13:16:59 UTC,2026-07-23 13:17:17 UTC,17.16,0.328,0.0044,0.0,0.0004,0.04,9.15,MIN_PROFIT_TP_HIT,0.2688
2513,TRUMP_USDT,SHORT,StochasticRSI(FAST_SCALP-SHORT),2,0.2,1.637,1.635,1.635,1.645,2026-07-23 13:19:59 UTC,2026-07-23 13:21:02 UTC,62.07,0.3274,0.0044,0.0,0.0004,0.04,9.16,MIN_PROFIT_TP_HIT,0.2692
2514,TRUMP_USDT,LONG,StochasticRSI(FAST_SCALP-LONG),2,0.2,1.631,1.633,1.633,1.623,2026-07-23 13:31:59 UTC,2026-07-23 13:32:00 UTC,0.72,0.3262,0.0043,0.0,0.0004,0.04,9.2,MIN_PROFIT_TP_HIT,0.2696
2515,TRUMP_USDT,SHORT,StochasticRSI(FAST_SCALP-SHORT),2,0.2,1.637,1.635,1.635,1.645,2026-07-23 13:37:59 UTC,2026-07-23 13:38:17 UTC,17.01,0.3274,0.0044,0.0,0.0004,0.04,9.16,MIN_PROFIT_TP_HIT,0.27
2516,TRUMP_USDT,LONG,StochasticRSI(FAST_SCALP-LONG),2,0.2,1.635,1.637,1.637,1.627,2026-07-23 13:44:59 UTC,2026-07-23 13:46:01 UTC,61.32,0.327,0.0044,0.0,0.0004,0.04,9.17,MIN_PROFIT_TP_HIT,0.2704
2517,TRUMP_USDT,SHORT,StochasticRSI(FAST_SCALP-SHORT),2,0.2,1.634,1.632,1.632,1.642,2026-07-23 13:57:59 UTC,2026-07-23 13:58:03 UTC,3.27,0.3268,0.0044,0.0,0.0004,0.04,9.18,MIN_PROFIT_TP_HIT,0.2708
2518,TRUMP_USDT,LONG,StochasticRSI(FAST_SCALP-LONG),2,0.2,1.635,1.637,1.637,1.627,2026-07-23 14:05:59 UTC,2026-07-23 14:10:04 UTC,244.98,0.327,0.0044,0.0,0.0004,0.04,9.17,MIN_PROFIT_TP_HIT,0.2712
2519,TRUMP_USDT,SHORT,StochasticRSI(FAST_SCALP-SHORT),2,0.2,1.636,1.644,1.634,1.644,2026-07-23 14:18:59 UTC,2026-07-23 14:28:07 UTC,547.63,0.3272,0.0044,0.0,-0.0016,-0.15,-36.67,STOP_LOSS_HIT,0.2696
2520,TRUMP_USDT,SHORT,StochasticRSI(FAST_SCALP-SHORT),2,0.2,1.639,1.647,1.637,1.647,2026-07-23 14:32:59 UTC,2026-07-23 14:35:48 UTC,168.32,0.3278,0.0044,0.0,-0.0016,-0.15,-36.61,STOP_LOSS_HIT,0.268
2521,TRUMP_USDT,SHORT,StochasticRSI(FAST_SCALP-SHORT),2,0.2,1.644,1.642,1.642,1.652,2026-07-23 14:48:59 UTC,2026-07-23 14:49:44 UTC,44.68,0.3288,0.0044,0.0,0.0004,0.04,9.12,MIN_PROFIT_TP_HIT,0.2684
2522,TRUMP_USDT,LONG,StochasticRSI(FAST_SCALP-LONG),2,0.2,1.644,1.636,1.646,1.636,2026-07-23 14:53:59 UTC,2026-07-23 15:00:29 UTC,389.74,0.3288,0.0044,0.0,-0.0016,-0.15,-36.5,STOP_LOSS_HIT,0.2668
2523,TRUMP_USDT,LONG,StochasticRSI(FAST_SCALP-LONG),2,0.2,1.637,1.629,1.639,1.629,2026-07-23 15:04:59 UTC,2026-07-23 15:07:02 UTC,122.17,0.3274,0.0044,0.0,-0.0016,-0.15,-36.65,STOP_LOSS_HIT,0.2652
2524,TRUMP_USDT,LONG,StochasticRSI(FAST_SCALP-LONG),2,0.2,1.628,1.63,1.63,1.62,2026-07-23 15:11:59 UTC,2026-07-23 15:13:01 UTC,61.34,0.3256,0.0043,0.0,0.0004,0.04,9.21,MIN_PROFIT_TP_HIT,0.2656
2525,TRUMP_USDT,SHORT,StochasticRSI(FAST_SCALP-SHORT),2,0.2,1.629,1.637,1.627,1.637,2026-07-23 15:19:59 UTC,2026-07-23 15:23:27 UTC,207.68,0.3258,0.0043,0.0,-0.0016,-0.15,-36.83,STOP_LOSS_HIT,0.264
2526,TRUMP_USDT,SHORT,StochasticRSI(FAST_SCALP-SHORT),2,0.2,1.631,1.629,1.629,1.639,2026-07-23 15:26:59 UTC,2026-07-23 15:27:52 UTC,52.51,0.3262,0.0043,0.0,0.0004,0.04,9.2,MIN_PROFIT_TP_HIT,0.2644
2527,TRUMP_USDT,LONG,StochasticRSI(FAST_SCALP-LONG),2,0.2,1.634,1.636,1.636,1.626,2026-07-23 15:32:59 UTC,2026-07-23 15:35:40 UTC,160.26,0.3268,0.0044,0.0,0.0004,0.04,9.18,MIN_PROFIT_TP_HIT,0.2648
2528,TRUMP_USDT,SHORT,StochasticRSI(FAST_SCALP-SHORT),2,0.2,1.635,1.633,1.633,1.643,2026-07-23 15:38:59 UTC,2026-07-23 15:39:41 UTC,41.71,0.327,0.0044,0.0,0.0004,0.04,9.17,MIN_PROFIT_TP_HIT,0.2652
2529,TRUMP_USDT,SHORT,StochasticRSI(FAST_SCALP-SHORT),2,0.2,1.635,1.643,1.633,1.643,2026-07-23 15:49:59 UTC,2026-07-23 15:59:49 UTC,589.07,0.327,0.0044,0.0,-0.0016,-0.15,-36.7,STOP_LOSS_HIT,0.2636
2530,TRUMP_USDT,SHORT,StochasticRSI(FAST_SCALP-SHORT),2,0.2,1.638,1.636,1.636,1.646,2026-07-23 16:01:59 UTC,2026-07-23 16:04:11 UTC,131.63,0.3276,0.0044,0.0,0.0004,0.04,9.16,MIN_PROFIT_TP_HIT,0.264
2531,TRUMP_USDT,LONG,StochasticRSI(FAST_SCALP-LONG),2,0.2,1.638,1.64,1.64,1.63,2026-07-23 16:10:59 UTC,2026-07-23 16:13:00 UTC,120.19,0.3276,0.0044,0.0,0.0004,0.04,9.16,MIN_PROFIT_TP_HIT,0.2644
2532,TRUMP_USDT,SHORT,StochasticRSI(FAST_SCALP-SHORT),2,0.2,1.643,1.641,1.641,1.651,2026-07-23 16:17:59 UTC,2026-07-23 16:18:39 UTC,39.99,0.3286,0.0044,0.0,0.0004,0.04,9.13,MIN_PROFIT_TP_HIT,0.2648
2533,TRUMP_USDT,LONG,StochasticRSI(FAST_SCALP-LONG),2,0.2,1.642,1.644,1.644,1.634,2026-07-23 16:22:59 UTC,2026-07-23 16:24:16 UTC,76.3,0.3284,0.0044,0.0,0.0004,0.04,9.14,MIN_PROFIT_TP_HIT,0.2652
2534,TRUMP_USDT,LONG,StochasticRSI(FAST_SCALP-LONG),2,0.2,1.639,1.641,1.641,1.631,2026-07-23 16:34:59 UTC,2026-07-23 16:36:24 UTC,84.99,0.3278,0.0044,0.0,0.0004,0.04,9.15,MIN_PROFIT_TP_HIT,0.2656
2535,TRUMP_USDT,LONG,StochasticRSI(FAST_SCALP-LONG),2,0.2,1.641,1.633,1.643,1.633,2026-07-23 16:37:59 UTC,2026-07-23 16:45:14 UTC,434.91,0.3282,0.0044,0.0,-0.0016,-0.15,-36.56,STOP_LOSS_HIT,0.264
2536,TRUMP_USDT,LONG,StochasticRSI(FAST_SCALP-LONG),2,0.2,1.631,1.623,1.633,1.623,2026-07-23 16:58:59 UTC,2026-07-23 17:02:07 UTC,187.81,0.3262,0.0043,0.0,-0.0016,-0.15,-36.79,STOP_LOSS_HIT,0.2624
2537,TRUMP_USDT,LONG,StochasticRSI(FAST_SCALP-LONG),2,0.2,1.621,1.613,1.623,1.613,2026-07-23 17:04:59 UTC,2026-07-23 17:40:40 UTC,2140.32,0.3242,0.0043,0.0,-0.0016,-0.15,-37.01,STOP_LOSS_HIT,0.2608
2538,TRUMP_USDT,SHORT,StochasticRSI(FAST_SCALP-SHORT),2,0.2,1.611,1.609,1.609,1.619,2026-07-23 17:47:59 UTC,2026-07-23 17:53:13 UTC,313.14,0.3222,0.0043,0.0,0.0004,0.04,9.31,MIN_PROFIT_TP_HIT,0.2612
2539,TRUMP_USDT,LONG,StochasticRSI(FAST_SCALP-LONG),2,0.2,1.599,1.591,1.601,1.591,2026-07-23 18:02:59 UTC,2026-07-23 18:05:47 UTC,167.36,0.3198,0.0043,0.0,-0.0016,-0.15,-37.52,STOP_LOSS_HIT,0.2596
2540,TRUMP_USDT,SHORT,StochasticRSI(FAST_SCALP-SHORT),2,0.2,1.594,1.592,1.592,1.602,2026-07-23 18:12:59 UTC,2026-07-23 18:16:12 UTC,192.53,0.3188,0.0043,0.0,0.0004,0.04,9.41,MIN_PROFIT_TP_HIT,0.26
2541,TRUMP_USDT,SHORT,StochasticRSI(FAST_SCALP-SHORT),2,0.2,1.589,1.587,1.587,1.597,2026-07-23 18:17:59 UTC,2026-07-23 18:18:03 UTC,3.11,0.3178,0.0042,0.0,0.0004,0.04,9.44,MIN_PROFIT_TP_HIT,0.2604
2542,TRUMP_USDT,SHORT,StochasticRSI(FAST_SCALP-SHORT),2,0.2,1.61,1.608,1.608,1.618,2026-07-23 18:28:59 UTC,2026-07-23 18:30:28 UTC,88.15,0.322,0.0043,0.0,0.0004,0.04,9.32,MIN_PROFIT_TP_HIT,0.2608
2543,TRUMP_USDT,LONG,StochasticRSI(FAST_SCALP-LONG),2,0.2,1.61,1.612,1.612,1.602,2026-07-23 18:35:59 UTC,2026-07-23 19:02:40 UTC,1600.38,0.322,0.0043,0.0,0.0004,0.04,9.32,MIN_PROFIT_TP_HIT,0.2612
2544,TRUMP_USDT,SHORT,StochasticRSI(FAST_SCALP-SHORT),2,0.2,1.609,1.617,1.607,1.617,2026-07-23 19:06:59 UTC,2026-07-23 19:25:52 UTC,1132.07,0.3218,0.0043,0.0,-0.0016,-0.15,-37.29,STOP_LOSS_HIT,0.2596
2545,TRUMP_USDT,SHORT,StochasticRSI(FAST_SCALP-SHORT),2,0.2,1.616,1.614,1.614,1.624,2026-07-23 19:28:59 UTC,2026-07-23 19:29:04 UTC,4.17,0.3232,0.0043,0.0,0.0004,0.04,9.28,MIN_PROFIT_TP_HIT,0.26
2546,TRUMP_USDT,LONG,StochasticRSI(FAST_SCALP-LONG),2,0.2,1.613,1.615,1.615,1.605,2026-07-23 19:40:59 UTC,2026-07-23 19:58:16 UTC,1036.87,0.3226,0.0043,0.0,0.0004,0.04,9.3,MIN_PROFIT_TP_HIT,0.2604
2547,TRUMP_USDT,SHORT,StochasticRSI(FAST_SCALP-SHORT),2,0.2,1.623,1.621,1.621,1.631,2026-07-23 20:10:59 UTC,2026-07-23 20:24:57 UTC,837.13,0.3246,0.0043,0.0,0.0004,0.04,9.24,MIN_PROFIT_TP_HIT,0.2608
2548,TRUMP_USDT,LONG,StochasticRSI(FAST_SCALP-LONG),2,0.2,1.623,1.625,1.625,1.615,2026-07-23 20:27:59 UTC,2026-07-23 21:01:39 UTC,2019.13,0.3246,0.0043,0.0,0.0004,0.04,9.24,MIN_PROFIT_TP_HIT,0.2612
2549,TRUMP_USDT,SHORT,StochasticRSI(FAST_SCALP-SHORT),2,0.2,1.622,1.62,1.62,1.63,2026-07-23 21:05:59 UTC,2026-07-23 21:07:45 UTC,105.85,0.3244,0.0043,0.0,0.0004,0.04,9.25,MIN_PROFIT_TP_HIT,0.2616
2550,TRUMP_USDT,LONG,StochasticRSI(FAST_SCALP-LONG),2,0.2,1.617,1.609,1.619,1.609,2026-07-23 21:17:59 UTC,2026-07-23 21:31:59 UTC,839.08,0.3234,0.0043,0.0,-0.0016,-0.15,-37.11,STOP_LOSS_HIT,0.26
2551,TRUMP_USDT,LONG,StochasticRSI(FAST_SCALP-LONG),2,0.2,1.603,1.605,1.605,1.595,2026-07-23 21:37:59 UTC,2026-07-23 21:38:30 UTC,30.02,0.3206,0.0043,0.0,0.0004,0.04,9.36,MIN_PROFIT_TP_HIT,0.2604
2552,TRUMP_USDT,SHORT,StochasticRSI(FAST_SCALP-SHORT),2,0.2,1.605,1.613,1.603,1.613,2026-07-23 21:45:59 UTC,2026-07-23 22:06:10 UTC,1210.08,0.321,0.0043,0.0,-0.0016,-0.15,-37.38,STOP_LOSS_HIT,0.2588
2553,TRUMP_USDT,SHORT,StochasticRSI(FAST_SCALP-SHORT),2,0.2,1.611,1.609,1.609,1.619,2026-07-23 22:11:59 UTC,2026-07-23 22:17:17 UTC,317.06,0.3222,0.0043,0.0,0.0004,0.04,9.31,MIN_PROFIT_TP_HIT,0.2592
2554,TRUMP_USDT,LONG,StochasticRSI(FAST_SCALP-LONG),2,0.2,1.607,1.609,1.609,1.599,2026-07-23 22:18:59 UTC,2026-07-23 22:19:24 UTC,24.47,0.3214,0.0043,0.0,0.0004,0.04,9.33,MIN_PROFIT_TP_HIT,0.2596
2555,TRUMP_USDT,LONG,StochasticRSI(FAST_SCALP-LONG),2,0.2,1.61,1.612,1.612,1.602,2026-07-23 22:20:59 UTC,2026-07-23 22:21:20 UTC,20.08,0.322,0.0043,0.0,0.0004,0.04,9.32,MIN_PROFIT_TP_HIT,0.26
2556,TRUMP_USDT,SHORT,StochasticRSI(FAST_SCALP-SHORT),2,0.2,1.616,1.614,1.614,1.624,2026-07-23 22:27:59 UTC,2026-07-23 22:29:23 UTC,83.47,0.3232,0.0043,0.0,0.0004,0.04,9.28,MIN_PROFIT_TP_HIT,0.2604
2557,TRUMP_USDT,LONG,StochasticRSI(FAST_SCALP-LONG),2,0.2,1.611,1.603,1.613,1.603,2026-07-23 22:34:59 UTC,2026-07-23 22:38:25 UTC,205.92,0.3222,0.0043,0.0,-0.0016,-0.15,-37.24,STOP_LOSS_HIT,0.2588
2558,TRUMP_USDT,LONG,StochasticRSI(FAST_SCALP-LONG),2,0.2,1.604,1.606,1.606,1.596,2026-07-23 22:40:59 UTC,2026-07-23 22:41:36 UTC,36.96,0.3208,0.0043,0.0,0.0004,0.04,9.35,MIN_PROFIT_TP_HIT,0.2592
2559,TRUMP_USDT,SHORT,StochasticRSI(FAST_SCALP-SHORT),2,0.2,1.607,1.605,1.605,1.615,2026-07-23 22:49:59 UTC,2026-07-23 23:01:35 UTC,695.88,0.3214,0.0043,0.0,0.0004,0.04,9.33,MIN_PROFIT_TP_HIT,0.2596
2560,TRUMP_USDT,LONG,StochasticRSI(FAST_SCALP-LONG),2,0.2,1.605,1.607,1.607,1.597,2026-07-23 23:08:59 UTC,2026-07-23 23:16:13 UTC,433.94,0.321,0.0043,0.0,0.0004,0.04,9.35,MIN_PROFIT_TP_HIT,0.26
2561,TRUMP_USDT,SHORT,StochasticRSI(FAST_SCALP-SHORT),2,0.2,1.606,1.604,1.604,1.614,2026-07-23 23:19:59 UTC,2026-07-23 23:47:35 UTC,1655.79,0.3212,0.0043,0.0,0.0004,0.04,9.34,MIN_PROFIT_TP_HIT,0.2604
2562,TRUMP_USDT,LONG,StochasticRSI(FAST_SCALP-LONG),2,0.2,1.599,1.591,1.601,1.591,2026-07-23 23:54:59 UTC,2026-07-24 00:06:03 UTC,663.81,0.3198,0.0043,0.0,-0.0016,-0.15,-37.52,STOP_LOSS_HIT,0.2588
