trade_id,symbol,direction,sub_strategy_name,vol_contracts,underlying_quantity,entry_price,exit_price,min_profit_tp_price,stop_loss_price,open_time,close_time,duration_seconds,notional_value_usdt,margin_used_usdt,fee_total_usdt,realized_pnl_usdt,realized_pnl_inr,roe_percentage,exit_reason,balance_after_trade_usdt
1,TRUMP_USDT,LONG,StochasticRSI(FAST_SCALP-LONG),2,0.2,1.661,1.663,1.663,1.655,2026-07-01 00:28:59 UTC,2026-07-01 00:29:47 UTC,47.59,0.3322,0.0044,0.0,0.0004,0.04,9.03,MIN_PROFIT_TP_HIT,0.0704
2,TRUMP_USDT,SHORT,StochasticRSI(FAST_SCALP-SHORT),2,0.2,1.664,1.67,1.662,1.67,2026-07-01 00:36:59 UTC,2026-07-01 00:52:46 UTC,946.0,0.3328,0.0044,0.0,-0.0012,-0.11,-27.04,STOP_LOSS_HIT,0.0692
3,TRUMP_USDT,SHORT,StochasticRSI(FAST_SCALP-SHORT),2,0.2,1.669,1.667,1.667,1.675,2026-07-01 00:55:59 UTC,2026-07-01 00:56:42 UTC,42.68,0.3338,0.0045,0.0,0.0004,0.04,8.99,MIN_PROFIT_TP_HIT,0.0696
4,TRUMP_USDT,LONG,StochasticRSI(FAST_SCALP-LONG),2,0.2,1.667,1.669,1.669,1.661,2026-07-01 01:01:59 UTC,2026-07-01 01:02:09 UTC,9.09,0.3334,0.0044,0.0,0.0004,0.04,9.0,MIN_PROFIT_TP_HIT,0.07
5,TRUMP_USDT,LONG,StochasticRSI(FAST_SCALP-LONG),2,0.2,1.661,1.655,1.663,1.655,2026-07-01 01:09:59 UTC,2026-07-01 01:12:29 UTC,149.41,0.3322,0.0044,0.0,-0.0012,-0.11,-27.09,STOP_LOSS_HIT,0.0688
6,TRUMP_USDT,LONG,StochasticRSI(FAST_SCALP-LONG),2,0.2,1.645,1.647,1.647,1.639,2026-07-01 01:14:59 UTC,2026-07-01 01:15:03 UTC,3.18,0.329,0.0044,0.0,0.0004,0.04,9.12,MIN_PROFIT_TP_HIT,0.0692
7,TRUMP_USDT,SHORT,StochasticRSI(FAST_SCALP-SHORT),2,0.2,1.658,1.656,1.656,1.664,2026-07-01 01:22:59 UTC,2026-07-01 01:23:12 UTC,12.56,0.3316,0.0044,0.0,0.0004,0.04,9.05,MIN_PROFIT_TP_HIT,0.0696
8,TRUMP_USDT,SHORT,StochasticRSI(FAST_SCALP-SHORT),2,0.2,1.658,1.664,1.656,1.664,2026-07-01 01:34:59 UTC,2026-07-01 01:37:07 UTC,127.61,0.3316,0.0044,0.0,-0.0012,-0.11,-27.14,STOP_LOSS_HIT,0.0684
9,TRUMP_USDT,SHORT,StochasticRSI(FAST_SCALP-SHORT),2,0.2,1.676,1.674,1.674,1.682,2026-07-01 01:47:59 UTC,2026-07-01 01:50:09 UTC,129.74,0.3352,0.0045,0.0,0.0004,0.04,8.95,MIN_PROFIT_TP_HIT,0.0688
10,TRUMP_USDT,LONG,StochasticRSI(FAST_SCALP-LONG),2,0.2,1.676,1.678,1.678,1.67,2026-07-01 01:52:59 UTC,2026-07-01 01:53:10 UTC,10.21,0.3352,0.0045,0.0,0.0004,0.04,8.95,MIN_PROFIT_TP_HIT,0.0692
11,TRUMP_USDT,SHORT,StochasticRSI(FAST_SCALP-SHORT),2,0.2,1.678,1.684,1.676,1.684,2026-07-01 01:58:59 UTC,2026-07-01 02:02:52 UTC,232.95,0.3356,0.0045,0.0,-0.0012,-0.11,-26.82,STOP_LOSS_HIT,0.068
12,TRUMP_USDT,LONG,StochasticRSI(FAST_SCALP-LONG),2,0.2,1.685,1.679,1.687,1.679,2026-07-01 02:03:59 UTC,2026-07-01 02:06:09 UTC,129.18,0.337,0.0045,0.0,-0.0012,-0.11,-26.71,STOP_LOSS_HIT,0.0668
13,TRUMP_USDT,LONG,StochasticRSI(FAST_SCALP-LONG),2,0.2,1.684,1.686,1.686,1.678,2026-07-01 02:08:59 UTC,2026-07-01 02:09:39 UTC,39.74,0.3368,0.0045,0.0,0.0004,0.04,8.91,MIN_PROFIT_TP_HIT,0.0672
14,TRUMP_USDT,SHORT,StochasticRSI(FAST_SCALP-SHORT),2,0.2,1.702,1.708,1.7,1.708,2026-07-01 02:17:59 UTC,2026-07-01 02:22:05 UTC,245.27,0.3404,0.0045,0.0,-0.0012,-0.11,-26.44,STOP_LOSS_HIT,0.066
15,TRUMP_USDT,LONG,StochasticRSI(FAST_SCALP-LONG),2,0.2,1.705,1.707,1.707,1.699,2026-07-01 02:29:59 UTC,2026-07-01 02:31:13 UTC,73.59,0.341,0.0045,0.0,0.0004,0.04,8.8,MIN_PROFIT_TP_HIT,0.0664
16,TRUMP_USDT,LONG,StochasticRSI(FAST_SCALP-LONG),2,0.2,1.704,1.706,1.706,1.698,2026-07-01 02:34:59 UTC,2026-07-01 02:35:05 UTC,5.69,0.3408,0.0045,0.0,0.0004,0.04,8.8,MIN_PROFIT_TP_HIT,0.0668
17,TRUMP_USDT,LONG,StochasticRSI(FAST_SCALP-LONG),2,0.2,1.697,1.699,1.699,1.691,2026-07-01 02:40:59 UTC,2026-07-01 02:44:01 UTC,181.07,0.3394,0.0045,0.0,0.0004,0.04,8.84,MIN_PROFIT_TP_HIT,0.0672
18,TRUMP_USDT,SHORT,StochasticRSI(FAST_SCALP-SHORT),2,0.2,1.704,1.71,1.702,1.71,2026-07-01 03:00:59 UTC,2026-07-01 03:01:38 UTC,38.4,0.3408,0.0045,0.0,-0.0012,-0.11,-26.41,STOP_LOSS_HIT,0.066
19,TRUMP_USDT,SHORT,StochasticRSI(FAST_SCALP-SHORT),2,0.2,1.707,1.713,1.705,1.713,2026-07-01 03:04:59 UTC,2026-07-01 03:05:24 UTC,24.31,0.3414,0.0046,0.0,-0.0012,-0.11,-26.36,STOP_LOSS_HIT,0.0648
20,TRUMP_USDT,SHORT,StochasticRSI(FAST_SCALP-SHORT),2,0.2,1.729,1.727,1.727,1.735,2026-07-01 03:09:59 UTC,2026-07-01 03:10:04 UTC,4.76,0.3458,0.0046,0.0,0.0004,0.04,8.68,MIN_PROFIT_TP_HIT,0.0652
21,TRUMP_USDT,LONG,StochasticRSI(FAST_SCALP-LONG),2,0.2,1.711,1.705,1.713,1.705,2026-07-01 03:15:59 UTC,2026-07-01 03:16:27 UTC,27.95,0.3422,0.0046,0.0,-0.0012,-0.11,-26.3,STOP_LOSS_HIT,0.064
22,TRUMP_USDT,LONG,StochasticRSI(FAST_SCALP-LONG),2,0.2,1.704,1.698,1.706,1.698,2026-07-01 03:19:59 UTC,2026-07-01 03:23:46 UTC,226.53,0.3408,0.0045,0.0,-0.0012,-0.11,-26.41,STOP_LOSS_HIT,0.0628
23,TRUMP_USDT,LONG,StochasticRSI(FAST_SCALP-LONG),2,0.2,1.699,1.701,1.701,1.693,2026-07-01 03:27:59 UTC,2026-07-01 03:29:01 UTC,61.81,0.3398,0.0045,0.0,0.0004,0.04,8.83,MIN_PROFIT_TP_HIT,0.0632
24,TRUMP_USDT,SHORT,StochasticRSI(FAST_SCALP-SHORT),2,0.2,1.699,1.697,1.697,1.705,2026-07-01 03:32:59 UTC,2026-07-01 03:34:17 UTC,77.74,0.3398,0.0045,0.0,0.0004,0.04,8.83,MIN_PROFIT_TP_HIT,0.0636
25,TRUMP_USDT,SHORT,StochasticRSI(FAST_SCALP-SHORT),2,0.2,1.706,1.712,1.704,1.712,2026-07-01 03:41:59 UTC,2026-07-01 03:47:31 UTC,331.04,0.3412,0.0045,0.0,-0.0012,-0.11,-26.38,STOP_LOSS_HIT,0.0624
26,TRUMP_USDT,LONG,StochasticRSI(FAST_SCALP-LONG),2,0.2,1.711,1.713,1.713,1.705,2026-07-01 03:51:59 UTC,2026-07-01 03:52:16 UTC,16.25,0.3422,0.0046,0.0,0.0004,0.04,8.77,MIN_PROFIT_TP_HIT,0.0628
27,TRUMP_USDT,SHORT,StochasticRSI(FAST_SCALP-SHORT),2,0.2,1.712,1.71,1.71,1.718,2026-07-01 03:56:59 UTC,2026-07-01 03:57:03 UTC,3.54,0.3424,0.0046,0.0,0.0004,0.04,8.76,MIN_PROFIT_TP_HIT,0.0632
28,TRUMP_USDT,LONG,StochasticRSI(FAST_SCALP-LONG),2,0.2,1.705,1.707,1.707,1.699,2026-07-01 04:02:59 UTC,2026-07-01 04:04:04 UTC,64.98,0.341,0.0045,0.0,0.0004,0.04,8.8,MIN_PROFIT_TP_HIT,0.0636
29,TRUMP_USDT,LONG,StochasticRSI(FAST_SCALP-LONG),2,0.2,1.7,1.702,1.702,1.694,2026-07-01 04:11:59 UTC,2026-07-01 04:16:02 UTC,242.01,0.34,0.0045,0.0,0.0004,0.04,8.82,MIN_PROFIT_TP_HIT,0.064
30,TRUMP_USDT,SHORT,StochasticRSI(FAST_SCALP-SHORT),2,0.2,1.704,1.702,1.702,1.71,2026-07-01 04:21:59 UTC,2026-07-01 04:23:55 UTC,115.92,0.3408,0.0045,0.0,0.0004,0.04,8.8,MIN_PROFIT_TP_HIT,0.0644
31,TRUMP_USDT,LONG,StochasticRSI(FAST_SCALP-LONG),2,0.2,1.705,1.707,1.707,1.699,2026-07-01 04:27:59 UTC,2026-07-01 04:31:23 UTC,203.32,0.341,0.0045,0.0,0.0004,0.04,8.8,MIN_PROFIT_TP_HIT,0.0648
32,TRUMP_USDT,LONG,StochasticRSI(FAST_SCALP-LONG),2,0.2,1.7,1.702,1.702,1.694,2026-07-01 04:38:59 UTC,2026-07-01 04:41:01 UTC,121.99,0.34,0.0045,0.0,0.0004,0.04,8.82,MIN_PROFIT_TP_HIT,0.0652
33,TRUMP_USDT,SHORT,StochasticRSI(FAST_SCALP-SHORT),2,0.2,1.704,1.702,1.702,1.71,2026-07-01 04:59:59 UTC,2026-07-01 05:00:10 UTC,10.36,0.3408,0.0045,0.0,0.0004,0.04,8.8,MIN_PROFIT_TP_HIT,0.0656
34,TRUMP_USDT,LONG,StochasticRSI(FAST_SCALP-LONG),2,0.2,1.705,1.707,1.707,1.699,2026-07-01 05:06:59 UTC,2026-07-01 05:12:42 UTC,342.64,0.341,0.0045,0.0,0.0004,0.04,8.8,MIN_PROFIT_TP_HIT,0.066
35,TRUMP_USDT,SHORT,StochasticRSI(FAST_SCALP-SHORT),2,0.2,1.706,1.704,1.704,1.712,2026-07-01 05:16:59 UTC,2026-07-01 05:19:02 UTC,122.8,0.3412,0.0045,0.0,0.0004,0.04,8.79,MIN_PROFIT_TP_HIT,0.0664
36,TRUMP_USDT,LONG,StochasticRSI(FAST_SCALP-LONG),2,0.2,1.701,1.703,1.703,1.695,2026-07-01 05:24:59 UTC,2026-07-01 05:27:08 UTC,128.04,0.3402,0.0045,0.0,0.0004,0.04,8.82,MIN_PROFIT_TP_HIT,0.0668
37,TRUMP_USDT,LONG,StochasticRSI(FAST_SCALP-LONG),2,0.2,1.706,1.708,1.708,1.7,2026-07-01 05:28:59 UTC,2026-07-01 05:30:32 UTC,92.51,0.3412,0.0045,0.0,0.0004,0.04,8.79,MIN_PROFIT_TP_HIT,0.0672
38,TRUMP_USDT,SHORT,StochasticRSI(FAST_SCALP-SHORT),2,0.2,1.702,1.7,1.7,1.708,2026-07-01 05:32:59 UTC,2026-07-01 05:37:20 UTC,260.37,0.3404,0.0045,0.0,0.0004,0.04,8.81,MIN_PROFIT_TP_HIT,0.0676
39,TRUMP_USDT,LONG,StochasticRSI(FAST_SCALP-LONG),2,0.2,1.703,1.705,1.705,1.697,2026-07-01 05:40:59 UTC,2026-07-01 05:44:37 UTC,217.02,0.3406,0.0045,0.0,0.0004,0.04,8.81,MIN_PROFIT_TP_HIT,0.068
40,TRUMP_USDT,SHORT,StochasticRSI(FAST_SCALP-SHORT),2,0.2,1.712,1.71,1.71,1.718,2026-07-01 05:48:59 UTC,2026-07-01 05:53:02 UTC,242.19,0.3424,0.0046,0.0,0.0004,0.04,8.76,MIN_PROFIT_TP_HIT,0.0684
41,TRUMP_USDT,LONG,StochasticRSI(FAST_SCALP-LONG),2,0.2,1.709,1.711,1.711,1.703,2026-07-01 06:06:59 UTC,2026-07-01 06:14:55 UTC,475.41,0.3418,0.0046,0.0,0.0004,0.04,8.78,MIN_PROFIT_TP_HIT,0.0688
42,TRUMP_USDT,SHORT,StochasticRSI(FAST_SCALP-SHORT),2,0.2,1.71,1.708,1.708,1.716,2026-07-01 06:16:59 UTC,2026-07-01 06:17:04 UTC,4.85,0.342,0.0046,0.0,0.0004,0.04,8.77,MIN_PROFIT_TP_HIT,0.0692
43,TRUMP_USDT,LONG,StochasticRSI(FAST_SCALP-LONG),2,0.2,1.704,1.698,1.706,1.698,2026-07-01 06:23:59 UTC,2026-07-01 06:33:48 UTC,588.96,0.3408,0.0045,0.0,-0.0012,-0.11,-26.41,STOP_LOSS_HIT,0.068
44,TRUMP_USDT,LONG,StochasticRSI(FAST_SCALP-LONG),2,0.2,1.689,1.691,1.691,1.683,2026-07-01 06:50:59 UTC,2026-07-01 06:51:29 UTC,29.57,0.3378,0.0045,0.0,0.0004,0.04,8.88,MIN_PROFIT_TP_HIT,0.0684
45,TRUMP_USDT,SHORT,StochasticRSI(FAST_SCALP-SHORT),2,0.2,1.691,1.689,1.689,1.697,2026-07-01 06:55:59 UTC,2026-07-01 06:56:34 UTC,34.75,0.3382,0.0045,0.0,0.0004,0.04,8.87,MIN_PROFIT_TP_HIT,0.0688
46,TRUMP_USDT,LONG,StochasticRSI(FAST_SCALP-LONG),2,0.2,1.689,1.691,1.691,1.683,2026-07-01 07:10:59 UTC,2026-07-01 07:11:55 UTC,55.54,0.3378,0.0045,0.0,0.0004,0.04,8.88,MIN_PROFIT_TP_HIT,0.0692
47,TRUMP_USDT,SHORT,StochasticRSI(FAST_SCALP-SHORT),2,0.2,1.69,1.688,1.688,1.696,2026-07-01 07:14:59 UTC,2026-07-01 07:15:24 UTC,24.53,0.338,0.0045,0.0,0.0004,0.04,8.88,MIN_PROFIT_TP_HIT,0.0696
48,TRUMP_USDT,SHORT,StochasticRSI(FAST_SCALP-SHORT),2,0.2,1.698,1.696,1.696,1.704,2026-07-01 07:26:59 UTC,2026-07-01 07:27:17 UTC,17.88,0.3396,0.0045,0.0,0.0004,0.04,8.83,MIN_PROFIT_TP_HIT,0.07
49,TRUMP_USDT,LONG,StochasticRSI(FAST_SCALP-LONG),2,0.2,1.695,1.697,1.697,1.689,2026-07-01 07:33:59 UTC,2026-07-01 07:34:06 UTC,6.54,0.339,0.0045,0.0,0.0004,0.04,8.85,MIN_PROFIT_TP_HIT,0.0704
50,TRUMP_USDT,LONG,StochasticRSI(FAST_SCALP-LONG),2,0.2,1.695,1.697,1.697,1.689,2026-07-01 07:42:59 UTC,2026-07-01 07:50:03 UTC,423.94,0.339,0.0045,0.0,0.0004,0.04,8.85,MIN_PROFIT_TP_HIT,0.0708
51,TRUMP_USDT,SHORT,StochasticRSI(FAST_SCALP-SHORT),2,0.2,1.698,1.696,1.696,1.704,2026-07-01 07:52:59 UTC,2026-07-01 07:55:56 UTC,176.66,0.3396,0.0045,0.0,0.0004,0.04,8.83,MIN_PROFIT_TP_HIT,0.0712
52,TRUMP_USDT,SHORT,StochasticRSI(FAST_SCALP-SHORT),2,0.2,1.699,1.697,1.697,1.705,2026-07-01 07:56:59 UTC,2026-07-01 07:58:08 UTC,68.7,0.3398,0.0045,0.0,0.0004,0.04,8.83,MIN_PROFIT_TP_HIT,0.0716
53,TRUMP_USDT,LONG,StochasticRSI(FAST_SCALP-LONG),2,0.2,1.693,1.695,1.695,1.687,2026-07-01 08:03:59 UTC,2026-07-01 08:04:41 UTC,41.13,0.3386,0.0045,0.0,0.0004,0.04,8.86,MIN_PROFIT_TP_HIT,0.072
54,TRUMP_USDT,SHORT,StochasticRSI(FAST_SCALP-SHORT),2,0.2,1.698,1.696,1.696,1.704,2026-07-01 08:12:59 UTC,2026-07-01 08:15:05 UTC,125.19,0.3396,0.0045,0.0,0.0004,0.04,8.83,MIN_PROFIT_TP_HIT,0.0724
55,TRUMP_USDT,SHORT,StochasticRSI(FAST_SCALP-SHORT),2,0.2,1.695,1.693,1.693,1.701,2026-07-01 08:16:59 UTC,2026-07-01 08:17:04 UTC,5.0,0.339,0.0045,0.0,0.0004,0.04,8.85,MIN_PROFIT_TP_HIT,0.0728
56,TRUMP_USDT,LONG,StochasticRSI(FAST_SCALP-LONG),2,0.2,1.695,1.689,1.697,1.689,2026-07-01 08:20:59 UTC,2026-07-01 08:24:34 UTC,214.17,0.339,0.0045,0.0,-0.0012,-0.11,-26.55,STOP_LOSS_HIT,0.0716
57,TRUMP_USDT,LONG,StochasticRSI(FAST_SCALP-LONG),2,0.2,1.692,1.686,1.694,1.686,2026-07-01 08:27:59 UTC,2026-07-01 08:33:02 UTC,302.06,0.3384,0.0045,0.0,-0.0012,-0.11,-26.6,STOP_LOSS_HIT,0.0704
58,TRUMP_USDT,LONG,StochasticRSI(FAST_SCALP-LONG),2,0.2,1.69,1.692,1.692,1.684,2026-07-01 08:35:59 UTC,2026-07-01 08:42:43 UTC,403.28,0.338,0.0045,0.0,0.0004,0.04,8.88,MIN_PROFIT_TP_HIT,0.0708
59,TRUMP_USDT,SHORT,StochasticRSI(FAST_SCALP-SHORT),2,0.2,1.693,1.691,1.691,1.699,2026-07-01 08:45:59 UTC,2026-07-01 08:46:15 UTC,15.13,0.3386,0.0045,0.0,0.0004,0.04,8.86,MIN_PROFIT_TP_HIT,0.0712
60,TRUMP_USDT,LONG,StochasticRSI(FAST_SCALP-LONG),2,0.2,1.689,1.691,1.691,1.683,2026-07-01 08:52:59 UTC,2026-07-01 08:54:53 UTC,113.76,0.3378,0.0045,0.0,0.0004,0.04,8.88,MIN_PROFIT_TP_HIT,0.0716
61,TRUMP_USDT,SHORT,StochasticRSI(FAST_SCALP-SHORT),2,0.2,1.698,1.696,1.696,1.704,2026-07-01 09:00:59 UTC,2026-07-01 09:03:08 UTC,128.42,0.3396,0.0045,0.0,0.0004,0.04,8.83,MIN_PROFIT_TP_HIT,0.072
62,TRUMP_USDT,LONG,StochasticRSI(FAST_SCALP-LONG),2,0.2,1.7,1.702,1.702,1.694,2026-07-01 09:07:59 UTC,2026-07-01 09:09:28 UTC,88.49,0.34,0.0045,0.0,0.0004,0.04,8.82,MIN_PROFIT_TP_HIT,0.0724
63,TRUMP_USDT,SHORT,StochasticRSI(FAST_SCALP-SHORT),2,0.2,1.71,1.708,1.708,1.716,2026-07-01 09:20:59 UTC,2026-07-01 09:25:00 UTC,240.32,0.342,0.0046,0.0,0.0004,0.04,8.77,MIN_PROFIT_TP_HIT,0.0728
64,TRUMP_USDT,LONG,StochasticRSI(FAST_SCALP-LONG),2,0.2,1.707,1.709,1.709,1.701,2026-07-01 09:29:59 UTC,2026-07-01 09:30:01 UTC,1.38,0.3414,0.0046,0.0,0.0004,0.04,8.79,MIN_PROFIT_TP_HIT,0.0732
65,TRUMP_USDT,LONG,StochasticRSI(FAST_SCALP-LONG),2,0.2,1.704,1.698,1.706,1.698,2026-07-01 09:34:59 UTC,2026-07-01 09:46:42 UTC,702.31,0.3408,0.0045,0.0,-0.0012,-0.11,-26.41,STOP_LOSS_HIT,0.072
66,TRUMP_USDT,SHORT,StochasticRSI(FAST_SCALP-SHORT),2,0.2,1.699,1.705,1.697,1.705,2026-07-01 09:47:59 UTC,2026-07-01 09:52:08 UTC,248.58,0.3398,0.0045,0.0,-0.0012,-0.11,-26.49,STOP_LOSS_HIT,0.0708
67,TRUMP_USDT,SHORT,StochasticRSI(FAST_SCALP-SHORT),2,0.2,1.706,1.704,1.704,1.712,2026-07-01 09:54:59 UTC,2026-07-01 10:01:28 UTC,388.34,0.3412,0.0045,0.0,0.0004,0.04,8.79,MIN_PROFIT_TP_HIT,0.0712
68,TRUMP_USDT,LONG,StochasticRSI(FAST_SCALP-LONG),2,0.2,1.704,1.698,1.706,1.698,2026-07-01 10:04:59 UTC,2026-07-01 10:11:22 UTC,382.92,0.3408,0.0045,0.0,-0.0012,-0.11,-26.41,STOP_LOSS_HIT,0.07
69,TRUMP_USDT,LONG,StochasticRSI(FAST_SCALP-LONG),2,0.2,1.692,1.694,1.694,1.686,2026-07-01 10:18:59 UTC,2026-07-01 10:20:15 UTC,75.75,0.3384,0.0045,0.0,0.0004,0.04,8.87,MIN_PROFIT_TP_HIT,0.0704
70,TRUMP_USDT,SHORT,StochasticRSI(FAST_SCALP-SHORT),2,0.2,1.689,1.687,1.687,1.695,2026-07-01 10:24:59 UTC,2026-07-01 10:25:52 UTC,52.53,0.3378,0.0045,0.0,0.0004,0.04,8.88,MIN_PROFIT_TP_HIT,0.0708
71,TRUMP_USDT,LONG,StochasticRSI(FAST_SCALP-LONG),2,0.2,1.687,1.689,1.689,1.681,2026-07-01 10:29:59 UTC,2026-07-01 10:32:39 UTC,159.61,0.3374,0.0045,0.0,0.0004,0.04,8.89,MIN_PROFIT_TP_HIT,0.0712
72,TRUMP_USDT,SHORT,StochasticRSI(FAST_SCALP-SHORT),2,0.2,1.689,1.695,1.687,1.695,2026-07-01 10:36:59 UTC,2026-07-01 10:45:46 UTC,526.04,0.3378,0.0045,0.0,-0.0012,-0.11,-26.64,STOP_LOSS_HIT,0.07
73,TRUMP_USDT,SHORT,StochasticRSI(FAST_SCALP-SHORT),2,0.2,1.696,1.694,1.694,1.702,2026-07-01 10:52:59 UTC,2026-07-01 10:57:20 UTC,260.04,0.3392,0.0045,0.0,0.0004,0.04,8.84,MIN_PROFIT_TP_HIT,0.0704
74,TRUMP_USDT,LONG,StochasticRSI(FAST_SCALP-LONG),2,0.2,1.698,1.7,1.7,1.692,2026-07-01 11:04:59 UTC,2026-07-01 11:12:14 UTC,434.3,0.3396,0.0045,0.0,0.0004,0.04,8.83,MIN_PROFIT_TP_HIT,0.0708
75,TRUMP_USDT,SHORT,StochasticRSI(FAST_SCALP-SHORT),2,0.2,1.699,1.697,1.697,1.705,2026-07-01 11:17:59 UTC,2026-07-01 11:23:11 UTC,311.53,0.3398,0.0045,0.0,0.0004,0.04,8.83,MIN_PROFIT_TP_HIT,0.0712
76,TRUMP_USDT,LONG,StochasticRSI(FAST_SCALP-LONG),2,0.2,1.698,1.7,1.7,1.692,2026-07-01 11:26:59 UTC,2026-07-01 11:29:47 UTC,167.37,0.3396,0.0045,0.0,0.0004,0.04,8.83,MIN_PROFIT_TP_HIT,0.0716
77,TRUMP_USDT,SHORT,StochasticRSI(FAST_SCALP-SHORT),2,0.2,1.698,1.696,1.696,1.704,2026-07-01 11:33:59 UTC,2026-07-01 11:41:45 UTC,465.51,0.3396,0.0045,0.0,0.0004,0.04,8.83,MIN_PROFIT_TP_HIT,0.072
78,TRUMP_USDT,LONG,StochasticRSI(FAST_SCALP-LONG),2,0.2,1.697,1.699,1.699,1.691,2026-07-01 11:44:59 UTC,2026-07-01 11:45:04 UTC,4.76,0.3394,0.0045,0.0,0.0004,0.04,8.84,MIN_PROFIT_TP_HIT,0.0724
79,TRUMP_USDT,LONG,StochasticRSI(FAST_SCALP-LONG),2,0.2,1.696,1.698,1.698,1.69,2026-07-01 11:51:59 UTC,2026-07-01 11:52:08 UTC,8.56,0.3392,0.0045,0.0,0.0004,0.04,8.84,MIN_PROFIT_TP_HIT,0.0728
80,TRUMP_USDT,SHORT,StochasticRSI(FAST_SCALP-SHORT),2,0.2,1.694,1.692,1.692,1.7,2026-07-01 11:56:59 UTC,2026-07-01 12:01:54 UTC,294.86,0.3388,0.0045,0.0,0.0004,0.04,8.85,MIN_PROFIT_TP_HIT,0.0732
81,TRUMP_USDT,LONG,StochasticRSI(FAST_SCALP-LONG),2,0.2,1.69,1.692,1.692,1.684,2026-07-01 12:06:59 UTC,2026-07-01 12:10:06 UTC,186.95,0.338,0.0045,0.0,0.0004,0.04,8.88,MIN_PROFIT_TP_HIT,0.0736
82,TRUMP_USDT,SHORT,StochasticRSI(FAST_SCALP-SHORT),2,0.2,1.692,1.69,1.69,1.698,2026-07-01 12:18:59 UTC,2026-07-01 12:19:25 UTC,25.16,0.3384,0.0045,0.0,0.0004,0.04,8.87,MIN_PROFIT_TP_HIT,0.074
83,TRUMP_USDT,LONG,StochasticRSI(FAST_SCALP-LONG),2,0.2,1.688,1.69,1.69,1.682,2026-07-01 12:26:59 UTC,2026-07-01 12:28:12 UTC,72.7,0.3376,0.0045,0.0,0.0004,0.04,8.89,MIN_PROFIT_TP_HIT,0.0744
84,TRUMP_USDT,LONG,StochasticRSI(FAST_SCALP-LONG),2,0.2,1.687,1.689,1.689,1.681,2026-07-01 12:29:59 UTC,2026-07-01 12:33:49 UTC,229.4,0.3374,0.0045,0.0,0.0004,0.04,8.89,MIN_PROFIT_TP_HIT,0.0748
85,TRUMP_USDT,LONG,StochasticRSI(FAST_SCALP-LONG),2,0.2,1.682,1.684,1.684,1.676,2026-07-01 12:42:59 UTC,2026-07-01 12:45:50 UTC,170.8,0.3364,0.0045,0.0,0.0004,0.04,8.92,MIN_PROFIT_TP_HIT,0.0752
86,TRUMP_USDT,LONG,StochasticRSI(FAST_SCALP-LONG),2,0.2,1.678,1.68,1.68,1.672,2026-07-01 12:52:59 UTC,2026-07-01 12:55:55 UTC,175.92,0.3356,0.0045,0.0,0.0004,0.04,8.94,MIN_PROFIT_TP_HIT,0.0756
87,TRUMP_USDT,SHORT,StochasticRSI(FAST_SCALP-SHORT),2,0.2,1.682,1.68,1.68,1.688,2026-07-01 13:06:59 UTC,2026-07-01 13:07:08 UTC,8.13,0.3364,0.0045,0.0,0.0004,0.04,8.92,MIN_PROFIT_TP_HIT,0.076
88,TRUMP_USDT,SHORT,StochasticRSI(FAST_SCALP-SHORT),2,0.2,1.683,1.689,1.681,1.689,2026-07-01 13:25:59 UTC,2026-07-01 13:27:59 UTC,119.49,0.3366,0.0045,0.0,-0.0012,-0.11,-26.74,STOP_LOSS_HIT,0.0748
89,TRUMP_USDT,LONG,StochasticRSI(FAST_SCALP-LONG),2,0.2,1.684,1.686,1.686,1.678,2026-07-01 13:34:59 UTC,2026-07-01 13:36:09 UTC,69.04,0.3368,0.0045,0.0,0.0004,0.04,8.91,MIN_PROFIT_TP_HIT,0.0752
90,TRUMP_USDT,SHORT,StochasticRSI(FAST_SCALP-SHORT),2,0.2,1.689,1.687,1.687,1.695,2026-07-01 13:40:59 UTC,2026-07-01 13:42:06 UTC,66.81,0.3378,0.0045,0.0,0.0004,0.04,8.88,MIN_PROFIT_TP_HIT,0.0756
91,TRUMP_USDT,SHORT,StochasticRSI(FAST_SCALP-SHORT),2,0.2,1.695,1.693,1.693,1.701,2026-07-01 13:54:59 UTC,2026-07-01 13:55:41 UTC,41.29,0.339,0.0045,0.0,0.0004,0.04,8.85,MIN_PROFIT_TP_HIT,0.076
92,TRUMP_USDT,LONG,StochasticRSI(FAST_SCALP-LONG),2,0.2,1.696,1.69,1.698,1.69,2026-07-01 13:59:59 UTC,2026-07-01 14:07:19 UTC,439.19,0.3392,0.0045,0.0,-0.0012,-0.11,-26.53,STOP_LOSS_HIT,0.0748
93,TRUMP_USDT,SHORT,StochasticRSI(FAST_SCALP-SHORT),2,0.2,1.707,1.705,1.705,1.713,2026-07-01 14:16:59 UTC,2026-07-01 14:19:30 UTC,151.0,0.3414,0.0046,0.0,0.0004,0.04,8.79,MIN_PROFIT_TP_HIT,0.0752
94,TRUMP_USDT,LONG,StochasticRSI(FAST_SCALP-LONG),2,0.2,1.701,1.703,1.703,1.695,2026-07-01 14:25:59 UTC,2026-07-01 14:28:38 UTC,158.12,0.3402,0.0045,0.0,0.0004,0.04,8.82,MIN_PROFIT_TP_HIT,0.0756
95,TRUMP_USDT,LONG,StochasticRSI(FAST_SCALP-LONG),2,0.2,1.692,1.694,1.694,1.686,2026-07-01 14:35:59 UTC,2026-07-01 14:37:19 UTC,79.62,0.3384,0.0045,0.0,0.0004,0.04,8.87,MIN_PROFIT_TP_HIT,0.076
96,TRUMP_USDT,SHORT,StochasticRSI(FAST_SCALP-SHORT),2,0.2,1.697,1.695,1.695,1.703,2026-07-01 14:43:59 UTC,2026-07-01 14:44:25 UTC,25.77,0.3394,0.0045,0.0,0.0004,0.04,8.84,MIN_PROFIT_TP_HIT,0.0764
97,TRUMP_USDT,LONG,StochasticRSI(FAST_SCALP-LONG),2,0.2,1.695,1.697,1.697,1.689,2026-07-01 14:49:59 UTC,2026-07-01 14:51:21 UTC,81.05,0.339,0.0045,0.0,0.0004,0.04,8.85,MIN_PROFIT_TP_HIT,0.0768
98,TRUMP_USDT,SHORT,StochasticRSI(FAST_SCALP-SHORT),2,0.2,1.701,1.699,1.699,1.707,2026-07-01 14:56:59 UTC,2026-07-01 14:58:08 UTC,68.94,0.3402,0.0045,0.0,0.0004,0.04,8.82,MIN_PROFIT_TP_HIT,0.0772
99,TRUMP_USDT,SHORT,StochasticRSI(FAST_SCALP-SHORT),2,0.2,1.703,1.701,1.701,1.709,2026-07-01 15:09:59 UTC,2026-07-01 15:13:10 UTC,190.67,0.3406,0.0045,0.0,0.0004,0.04,8.81,MIN_PROFIT_TP_HIT,0.0776
100,TRUMP_USDT,SHORT,StochasticRSI(FAST_SCALP-SHORT),2,0.2,1.709,1.707,1.707,1.715,2026-07-01 15:26:59 UTC,2026-07-01 15:28:14 UTC,74.81,0.3418,0.0046,0.0,0.0004,0.04,8.78,MIN_PROFIT_TP_HIT,0.078
101,TRUMP_USDT,SHORT,StochasticRSI(FAST_SCALP-SHORT),2,0.2,1.714,1.712,1.712,1.72,2026-07-01 15:45:59 UTC,2026-07-01 15:55:01 UTC,541.6,0.3428,0.0046,0.0,0.0004,0.04,8.75,MIN_PROFIT_TP_HIT,0.0784
102,TRUMP_USDT,LONG,StochasticRSI(FAST_SCALP-LONG),2,0.2,1.716,1.718,1.718,1.71,2026-07-01 15:58:59 UTC,2026-07-01 16:00:02 UTC,62.83,0.3432,0.0046,0.0,0.0004,0.04,8.74,MIN_PROFIT_TP_HIT,0.0788
103,TRUMP_USDT,SHORT,StochasticRSI(FAST_SCALP-SHORT),2,0.2,1.719,1.725,1.717,1.725,2026-07-01 16:05:59 UTC,2026-07-01 16:11:15 UTC,315.41,0.3438,0.0046,0.0,-0.0012,-0.11,-26.18,STOP_LOSS_HIT,0.0776
104,TRUMP_USDT,SHORT,StochasticRSI(FAST_SCALP-SHORT),2,0.2,1.731,1.729,1.729,1.737,2026-07-01 16:15:59 UTC,2026-07-01 16:16:15 UTC,15.36,0.3462,0.0046,0.0,0.0004,0.04,8.67,MIN_PROFIT_TP_HIT,0.078
105,TRUMP_USDT,LONG,StochasticRSI(FAST_SCALP-LONG),2,0.2,1.722,1.724,1.724,1.716,2026-07-01 16:24:59 UTC,2026-07-01 16:27:34 UTC,154.47,0.3444,0.0046,0.0,0.0004,0.04,8.71,MIN_PROFIT_TP_HIT,0.0784
106,TRUMP_USDT,LONG,StochasticRSI(FAST_SCALP-LONG),2,0.2,1.718,1.712,1.72,1.712,2026-07-01 16:32:59 UTC,2026-07-01 16:37:12 UTC,252.97,0.3436,0.0046,0.0,-0.0012,-0.11,-26.19,STOP_LOSS_HIT,0.0772
107,TRUMP_USDT,LONG,StochasticRSI(FAST_SCALP-LONG),2,0.2,1.711,1.705,1.713,1.705,2026-07-01 16:43:59 UTC,2026-07-01 16:50:01 UTC,361.33,0.3422,0.0046,0.0,-0.0012,-0.11,-26.3,STOP_LOSS_HIT,0.076
108,TRUMP_USDT,LONG,StochasticRSI(FAST_SCALP-LONG),2,0.2,1.702,1.704,1.704,1.696,2026-07-01 16:52:59 UTC,2026-07-01 16:53:22 UTC,22.79,0.3404,0.0045,0.0,0.0004,0.04,8.81,MIN_PROFIT_TP_HIT,0.0764
109,TRUMP_USDT,SHORT,StochasticRSI(FAST_SCALP-SHORT),2,0.2,1.7,1.698,1.698,1.706,2026-07-01 17:02:59 UTC,2026-07-01 17:03:50 UTC,50.07,0.34,0.0045,0.0,0.0004,0.04,8.82,MIN_PROFIT_TP_HIT,0.0768
110,TRUMP_USDT,LONG,StochasticRSI(FAST_SCALP-LONG),2,0.2,1.695,1.697,1.697,1.689,2026-07-01 17:08:59 UTC,2026-07-01 17:09:17 UTC,17.48,0.339,0.0045,0.0,0.0004,0.04,8.85,MIN_PROFIT_TP_HIT,0.0772
111,TRUMP_USDT,SHORT,StochasticRSI(FAST_SCALP-SHORT),2,0.2,1.701,1.707,1.699,1.707,2026-07-01 17:17:59 UTC,2026-07-01 17:23:23 UTC,323.98,0.3402,0.0045,0.0,-0.0012,-0.11,-26.46,STOP_LOSS_HIT,0.076
112,TRUMP_USDT,SHORT,StochasticRSI(FAST_SCALP-SHORT),2,0.2,1.71,1.708,1.708,1.716,2026-07-01 17:28:59 UTC,2026-07-01 17:30:06 UTC,66.72,0.342,0.0046,0.0,0.0004,0.04,8.77,MIN_PROFIT_TP_HIT,0.0764
113,TRUMP_USDT,LONG,StochasticRSI(FAST_SCALP-LONG),2,0.2,1.71,1.712,1.712,1.704,2026-07-01 17:35:59 UTC,2026-07-01 17:37:00 UTC,60.32,0.342,0.0046,0.0,0.0004,0.04,8.77,MIN_PROFIT_TP_HIT,0.0768
114,TRUMP_USDT,SHORT,StochasticRSI(FAST_SCALP-SHORT),2,0.2,1.713,1.711,1.711,1.719,2026-07-01 17:49:59 UTC,2026-07-01 18:20:52 UTC,1852.25,0.3426,0.0046,0.0,0.0004,0.04,8.76,MIN_PROFIT_TP_HIT,0.0772
115,TRUMP_USDT,LONG,StochasticRSI(FAST_SCALP-LONG),2,0.2,1.709,1.703,1.711,1.703,2026-07-01 18:25:59 UTC,2026-07-01 18:38:03 UTC,723.46,0.3418,0.0046,0.0,-0.0012,-0.11,-26.33,STOP_LOSS_HIT,0.076
116,TRUMP_USDT,LONG,StochasticRSI(FAST_SCALP-LONG),2,0.2,1.705,1.699,1.707,1.699,2026-07-01 18:40:59 UTC,2026-07-01 18:45:10 UTC,250.66,0.341,0.0045,0.0,-0.0012,-0.11,-26.39,STOP_LOSS_HIT,0.0748
117,TRUMP_USDT,SHORT,StochasticRSI(FAST_SCALP-SHORT),2,0.2,1.693,1.691,1.691,1.699,2026-07-01 18:53:59 UTC,2026-07-01 18:54:40 UTC,40.93,0.3386,0.0045,0.0,0.0004,0.04,8.86,MIN_PROFIT_TP_HIT,0.0752
118,TRUMP_USDT,LONG,StochasticRSI(FAST_SCALP-LONG),2,0.2,1.693,1.695,1.695,1.687,2026-07-01 18:57:59 UTC,2026-07-01 18:58:10 UTC,10.71,0.3386,0.0045,0.0,0.0004,0.04,8.86,MIN_PROFIT_TP_HIT,0.0756
119,TRUMP_USDT,SHORT,StochasticRSI(FAST_SCALP-SHORT),2,0.2,1.697,1.695,1.695,1.703,2026-07-01 19:06:59 UTC,2026-07-01 19:08:13 UTC,73.48,0.3394,0.0045,0.0,0.0004,0.04,8.84,MIN_PROFIT_TP_HIT,0.076
120,TRUMP_USDT,SHORT,StochasticRSI(FAST_SCALP-SHORT),2,0.2,1.695,1.693,1.693,1.701,2026-07-01 19:09:59 UTC,2026-07-01 19:11:35 UTC,95.18,0.339,0.0045,0.0,0.0004,0.04,8.85,MIN_PROFIT_TP_HIT,0.0764
121,TRUMP_USDT,LONG,StochasticRSI(FAST_SCALP-LONG),2,0.2,1.689,1.691,1.691,1.683,2026-07-01 19:15:59 UTC,2026-07-01 19:18:14 UTC,134.31,0.3378,0.0045,0.0,0.0004,0.04,8.88,MIN_PROFIT_TP_HIT,0.0768
122,TRUMP_USDT,SHORT,StochasticRSI(FAST_SCALP-SHORT),2,0.2,1.692,1.69,1.69,1.698,2026-07-01 19:25:59 UTC,2026-07-01 19:26:06 UTC,6.93,0.3384,0.0045,0.0,0.0004,0.04,8.87,MIN_PROFIT_TP_HIT,0.0772
123,TRUMP_USDT,SHORT,StochasticRSI(FAST_SCALP-SHORT),2,0.2,1.692,1.69,1.69,1.698,2026-07-01 19:36:59 UTC,2026-07-01 19:40:18 UTC,198.48,0.3384,0.0045,0.0,0.0004,0.04,8.87,MIN_PROFIT_TP_HIT,0.0776
124,TRUMP_USDT,LONG,StochasticRSI(FAST_SCALP-LONG),2,0.2,1.69,1.692,1.692,1.684,2026-07-01 19:43:59 UTC,2026-07-01 19:50:00 UTC,360.39,0.338,0.0045,0.0,0.0004,0.04,8.88,MIN_PROFIT_TP_HIT,0.078
125,TRUMP_USDT,LONG,StochasticRSI(FAST_SCALP-LONG),2,0.2,1.686,1.688,1.688,1.68,2026-07-01 20:00:59 UTC,2026-07-01 20:03:24 UTC,144.67,0.3372,0.0045,0.0,0.0004,0.04,8.9,MIN_PROFIT_TP_HIT,0.0784
126,TRUMP_USDT,SHORT,StochasticRSI(FAST_SCALP-SHORT),2,0.2,1.692,1.69,1.69,1.698,2026-07-01 20:07:59 UTC,2026-07-01 20:08:01 UTC,1.45,0.3384,0.0045,0.0,0.0004,0.04,8.87,MIN_PROFIT_TP_HIT,0.0788
127,TRUMP_USDT,SHORT,StochasticRSI(FAST_SCALP-SHORT),2,0.2,1.683,1.689,1.681,1.689,2026-07-01 20:09:59 UTC,2026-07-01 20:15:03 UTC,303.95,0.3366,0.0045,0.0,-0.0012,-0.11,-26.74,STOP_LOSS_HIT,0.0776
128,TRUMP_USDT,LONG,StochasticRSI(FAST_SCALP-LONG),2,0.2,1.685,1.687,1.687,1.679,2026-07-01 20:21:59 UTC,2026-07-01 20:24:19 UTC,139.16,0.337,0.0045,0.0,0.0004,0.04,8.9,MIN_PROFIT_TP_HIT,0.078
129,TRUMP_USDT,SHORT,StochasticRSI(FAST_SCALP-SHORT),2,0.2,1.687,1.685,1.685,1.693,2026-07-01 20:28:59 UTC,2026-07-01 20:29:40 UTC,40.86,0.3374,0.0045,0.0,0.0004,0.04,8.89,MIN_PROFIT_TP_HIT,0.0784
130,TRUMP_USDT,SHORT,StochasticRSI(FAST_SCALP-SHORT),2,0.2,1.685,1.691,1.683,1.691,2026-07-01 20:30:59 UTC,2026-07-01 20:45:02 UTC,842.72,0.337,0.0045,0.0,-0.0012,-0.11,-26.71,STOP_LOSS_HIT,0.0772
131,TRUMP_USDT,SHORT,StochasticRSI(FAST_SCALP-SHORT),2,0.2,1.691,1.697,1.689,1.697,2026-07-01 20:49:59 UTC,2026-07-01 21:09:16 UTC,1156.21,0.3382,0.0045,0.0,-0.0012,-0.11,-26.61,STOP_LOSS_HIT,0.076
132,TRUMP_USDT,SHORT,StochasticRSI(FAST_SCALP-SHORT),2,0.2,1.7,1.706,1.698,1.706,2026-07-01 21:16:59 UTC,2026-07-01 21:26:19 UTC,559.09,0.34,0.0045,0.0,-0.0012,-0.11,-26.47,STOP_LOSS_HIT,0.0748
133,TRUMP_USDT,SHORT,StochasticRSI(FAST_SCALP-SHORT),2,0.2,1.707,1.713,1.705,1.713,2026-07-01 21:31:59 UTC,2026-07-01 21:35:54 UTC,234.52,0.3414,0.0046,0.0,-0.0012,-0.11,-26.36,STOP_LOSS_HIT,0.0736
134,TRUMP_USDT,SHORT,StochasticRSI(FAST_SCALP-SHORT),2,0.2,1.715,1.713,1.713,1.721,2026-07-01 21:38:59 UTC,2026-07-01 21:39:43 UTC,43.36,0.343,0.0046,0.0,0.0004,0.04,8.75,MIN_PROFIT_TP_HIT,0.074
135,TRUMP_USDT,LONG,StochasticRSI(FAST_SCALP-LONG),2,0.2,1.713,1.715,1.715,1.707,2026-07-01 21:45:59 UTC,2026-07-01 21:48:09 UTC,129.5,0.3426,0.0046,0.0,0.0004,0.04,8.76,MIN_PROFIT_TP_HIT,0.0744
136,TRUMP_USDT,SHORT,StochasticRSI(FAST_SCALP-SHORT),2,0.2,1.717,1.715,1.715,1.723,2026-07-01 21:55:59 UTC,2026-07-01 21:56:15 UTC,15.05,0.3434,0.0046,0.0,0.0004,0.04,8.74,MIN_PROFIT_TP_HIT,0.0748
137,TRUMP_USDT,LONG,StochasticRSI(FAST_SCALP-LONG),2,0.2,1.713,1.715,1.715,1.707,2026-07-01 21:59:59 UTC,2026-07-01 22:00:09 UTC,9.81,0.3426,0.0046,0.0,0.0004,0.04,8.76,MIN_PROFIT_TP_HIT,0.0752
138,TRUMP_USDT,LONG,StochasticRSI(FAST_SCALP-LONG),2,0.2,1.712,1.714,1.714,1.706,2026-07-01 22:02:59 UTC,2026-07-01 22:03:35 UTC,35.9,0.3424,0.0046,0.0,0.0004,0.04,8.76,MIN_PROFIT_TP_HIT,0.0756
139,TRUMP_USDT,LONG,StochasticRSI(FAST_SCALP-LONG),2,0.2,1.711,1.713,1.713,1.705,2026-07-01 22:05:59 UTC,2026-07-01 22:08:22 UTC,142.76,0.3422,0.0046,0.0,0.0004,0.04,8.77,MIN_PROFIT_TP_HIT,0.076
140,TRUMP_USDT,SHORT,StochasticRSI(FAST_SCALP-SHORT),2,0.2,1.714,1.72,1.712,1.72,2026-07-01 22:15:59 UTC,2026-07-01 22:21:18 UTC,318.13,0.3428,0.0046,0.0,-0.0012,-0.11,-26.25,STOP_LOSS_HIT,0.0748
141,TRUMP_USDT,SHORT,StochasticRSI(FAST_SCALP-SHORT),2,0.2,1.716,1.714,1.714,1.722,2026-07-01 22:25:59 UTC,2026-07-01 22:26:07 UTC,7.46,0.3432,0.0046,0.0,0.0004,0.04,8.74,MIN_PROFIT_TP_HIT,0.0752
142,TRUMP_USDT,LONG,StochasticRSI(FAST_SCALP-LONG),2,0.2,1.707,1.709,1.709,1.701,2026-07-01 22:31:59 UTC,2026-07-01 22:32:12 UTC,12.43,0.3414,0.0046,0.0,0.0004,0.04,8.79,MIN_PROFIT_TP_HIT,0.0756
143,TRUMP_USDT,SHORT,StochasticRSI(FAST_SCALP-SHORT),2,0.2,1.704,1.702,1.702,1.71,2026-07-01 22:44:59 UTC,2026-07-01 22:46:02 UTC,62.87,0.3408,0.0045,0.0,0.0004,0.04,8.8,MIN_PROFIT_TP_HIT,0.076
144,TRUMP_USDT,SHORT,StochasticRSI(FAST_SCALP-SHORT),2,0.2,1.7,1.698,1.698,1.706,2026-07-01 22:56:59 UTC,2026-07-01 23:00:53 UTC,233.42,0.34,0.0045,0.0,0.0004,0.04,8.82,MIN_PROFIT_TP_HIT,0.0764
145,TRUMP_USDT,SHORT,StochasticRSI(FAST_SCALP-SHORT),2,0.2,1.7,1.698,1.698,1.706,2026-07-01 23:01:59 UTC,2026-07-01 23:02:04 UTC,4.75,0.34,0.0045,0.0,0.0004,0.04,8.82,MIN_PROFIT_TP_HIT,0.0768
146,TRUMP_USDT,SHORT,StochasticRSI(FAST_SCALP-SHORT),2,0.2,1.695,1.693,1.693,1.701,2026-07-01 23:07:59 UTC,2026-07-01 23:08:08 UTC,8.66,0.339,0.0045,0.0,0.0004,0.04,8.85,MIN_PROFIT_TP_HIT,0.0772
147,TRUMP_USDT,LONG,StochasticRSI(FAST_SCALP-LONG),2,0.2,1.688,1.69,1.69,1.682,2026-07-01 23:15:59 UTC,2026-07-01 23:16:55 UTC,55.82,0.3376,0.0045,0.0,0.0004,0.04,8.89,MIN_PROFIT_TP_HIT,0.0776
148,TRUMP_USDT,SHORT,StochasticRSI(FAST_SCALP-SHORT),2,0.2,1.69,1.688,1.688,1.696,2026-07-01 23:22:59 UTC,2026-07-01 23:31:55 UTC,535.87,0.338,0.0045,0.0,0.0004,0.04,8.88,MIN_PROFIT_TP_HIT,0.078
149,TRUMP_USDT,LONG,StochasticRSI(FAST_SCALP-LONG),2,0.2,1.685,1.687,1.687,1.679,2026-07-01 23:35:59 UTC,2026-07-01 23:37:33 UTC,93.15,0.337,0.0045,0.0,0.0004,0.04,8.9,MIN_PROFIT_TP_HIT,0.0784
150,TRUMP_USDT,LONG,StochasticRSI(FAST_SCALP-LONG),2,0.2,1.688,1.69,1.69,1.682,2026-07-01 23:38:59 UTC,2026-07-01 23:39:39 UTC,39.04,0.3376,0.0045,0.0,0.0004,0.04,8.89,MIN_PROFIT_TP_HIT,0.0788
151,TRUMP_USDT,LONG,StochasticRSI(FAST_SCALP-LONG),2,0.2,1.684,1.678,1.686,1.678,2026-07-01 23:54:59 UTC,2026-07-02 00:02:33 UTC,453.86,0.3368,0.0045,0.0,-0.0012,-0.11,-26.72,STOP_LOSS_HIT,0.0776
152,TRUMP_USDT,LONG,StochasticRSI(FAST_SCALP-LONG),2,0.2,1.679,1.681,1.681,1.673,2026-07-02 00:06:59 UTC,2026-07-02 00:07:42 UTC,42.74,0.3358,0.0045,0.0,0.0004,0.04,8.93,MIN_PROFIT_TP_HIT,0.078
153,TRUMP_USDT,SHORT,StochasticRSI(FAST_SCALP-SHORT),2,0.2,1.683,1.681,1.681,1.689,2026-07-02 00:12:59 UTC,2026-07-02 00:17:15 UTC,255.35,0.3366,0.0045,0.0,0.0004,0.04,8.91,MIN_PROFIT_TP_HIT,0.0784
154,TRUMP_USDT,LONG,StochasticRSI(FAST_SCALP-LONG),2,0.2,1.68,1.674,1.682,1.674,2026-07-02 00:22:59 UTC,2026-07-02 00:27:35 UTC,275.2,0.336,0.0045,0.0,-0.0012,-0.11,-26.79,STOP_LOSS_HIT,0.0772
155,TRUMP_USDT,SHORT,StochasticRSI(FAST_SCALP-SHORT),2,0.2,1.672,1.67,1.67,1.678,2026-07-02 00:39:59 UTC,2026-07-02 00:40:12 UTC,12.53,0.3344,0.0045,0.0,0.0004,0.04,8.97,MIN_PROFIT_TP_HIT,0.0776
156,TRUMP_USDT,SHORT,StochasticRSI(FAST_SCALP-SHORT),2,0.2,1.674,1.68,1.672,1.68,2026-07-02 00:48:59 UTC,2026-07-02 00:58:15 UTC,555.3,0.3348,0.0045,0.0,-0.0012,-0.11,-26.88,STOP_LOSS_HIT,0.0764
157,TRUMP_USDT,SHORT,StochasticRSI(FAST_SCALP-SHORT),2,0.2,1.679,1.685,1.677,1.685,2026-07-02 01:02:59 UTC,2026-07-02 01:15:09 UTC,729.22,0.3358,0.0045,0.0,-0.0012,-0.11,-26.8,STOP_LOSS_HIT,0.0752
158,TRUMP_USDT,SHORT,StochasticRSI(FAST_SCALP-SHORT),2,0.2,1.682,1.688,1.68,1.688,2026-07-02 01:17:59 UTC,2026-07-02 01:25:06 UTC,426.33,0.3364,0.0045,0.0,-0.0012,-0.11,-26.75,STOP_LOSS_HIT,0.074
159,TRUMP_USDT,SHORT,StochasticRSI(FAST_SCALP-SHORT),2,0.2,1.687,1.693,1.685,1.693,2026-07-02 01:28:59 UTC,2026-07-02 01:39:25 UTC,625.32,0.3374,0.0045,0.0,-0.0012,-0.11,-26.67,STOP_LOSS_HIT,0.0728
160,TRUMP_USDT,SHORT,StochasticRSI(FAST_SCALP-SHORT),2,0.2,1.693,1.691,1.691,1.699,2026-07-02 01:43:59 UTC,2026-07-02 01:50:05 UTC,365.67,0.3386,0.0045,0.0,0.0004,0.04,8.86,MIN_PROFIT_TP_HIT,0.0732
161,TRUMP_USDT,LONG,StochasticRSI(FAST_SCALP-LONG),2,0.2,1.689,1.683,1.691,1.683,2026-07-02 01:53:59 UTC,2026-07-02 02:07:43 UTC,823.15,0.3378,0.0045,0.0,-0.0012,-0.11,-26.64,STOP_LOSS_HIT,0.072
162,TRUMP_USDT,LONG,StochasticRSI(FAST_SCALP-LONG),2,0.2,1.678,1.68,1.68,1.672,2026-07-02 02:12:59 UTC,2026-07-02 02:13:03 UTC,3.14,0.3356,0.0045,0.0,0.0004,0.04,8.94,MIN_PROFIT_TP_HIT,0.0724
163,TRUMP_USDT,SHORT,StochasticRSI(FAST_SCALP-SHORT),2,0.2,1.682,1.68,1.68,1.688,2026-07-02 02:18:59 UTC,2026-07-02 02:22:29 UTC,209.27,0.3364,0.0045,0.0,0.0004,0.04,8.92,MIN_PROFIT_TP_HIT,0.0728
164,TRUMP_USDT,SHORT,StochasticRSI(FAST_SCALP-SHORT),2,0.2,1.688,1.694,1.686,1.694,2026-07-02 02:37:59 UTC,2026-07-02 02:42:40 UTC,280.49,0.3376,0.0045,0.0,-0.0012,-0.11,-26.66,STOP_LOSS_HIT,0.0716
165,TRUMP_USDT,SHORT,StochasticRSI(FAST_SCALP-SHORT),2,0.2,1.694,1.692,1.692,1.7,2026-07-02 02:44:59 UTC,2026-07-02 02:47:08 UTC,128.86,0.3388,0.0045,0.0,0.0004,0.04,8.85,MIN_PROFIT_TP_HIT,0.072
166,TRUMP_USDT,LONG,StochasticRSI(FAST_SCALP-LONG),2,0.2,1.691,1.693,1.693,1.685,2026-07-02 02:52:59 UTC,2026-07-02 02:55:22 UTC,142.44,0.3382,0.0045,0.0,0.0004,0.04,8.87,MIN_PROFIT_TP_HIT,0.0724
167,TRUMP_USDT,LONG,StochasticRSI(FAST_SCALP-LONG),2,0.2,1.69,1.692,1.692,1.684,2026-07-02 03:08:59 UTC,2026-07-02 03:15:19 UTC,379.5,0.338,0.0045,0.0,0.0004,0.04,8.88,MIN_PROFIT_TP_HIT,0.0728
168,TRUMP_USDT,SHORT,StochasticRSI(FAST_SCALP-SHORT),2,0.2,1.689,1.687,1.687,1.695,2026-07-02 03:17:59 UTC,2026-07-02 03:18:04 UTC,4.61,0.3378,0.0045,0.0,0.0004,0.04,8.88,MIN_PROFIT_TP_HIT,0.0732
169,TRUMP_USDT,LONG,StochasticRSI(FAST_SCALP-LONG),2,0.2,1.684,1.686,1.686,1.678,2026-07-02 03:23:59 UTC,2026-07-02 03:27:36 UTC,216.42,0.3368,0.0045,0.0,0.0004,0.04,8.91,MIN_PROFIT_TP_HIT,0.0736
170,TRUMP_USDT,SHORT,StochasticRSI(FAST_SCALP-SHORT),2,0.2,1.691,1.697,1.689,1.697,2026-07-02 03:30:59 UTC,2026-07-02 03:38:47 UTC,467.13,0.3382,0.0045,0.0,-0.0012,-0.11,-26.61,STOP_LOSS_HIT,0.0724
171,TRUMP_USDT,LONG,StochasticRSI(FAST_SCALP-LONG),2,0.2,1.696,1.698,1.698,1.69,2026-07-02 03:39:59 UTC,2026-07-02 03:42:15 UTC,135.22,0.3392,0.0045,0.0,0.0004,0.04,8.84,MIN_PROFIT_TP_HIT,0.0728
172,TRUMP_USDT,SHORT,StochasticRSI(FAST_SCALP-SHORT),2,0.2,1.699,1.697,1.697,1.705,2026-07-02 03:44:59 UTC,2026-07-02 03:46:05 UTC,65.17,0.3398,0.0045,0.0,0.0004,0.04,8.83,MIN_PROFIT_TP_HIT,0.0732
173,TRUMP_USDT,LONG,StochasticRSI(FAST_SCALP-LONG),2,0.2,1.697,1.699,1.699,1.691,2026-07-02 03:51:59 UTC,2026-07-02 03:52:06 UTC,6.29,0.3394,0.0045,0.0,0.0004,0.04,8.84,MIN_PROFIT_TP_HIT,0.0736
174,TRUMP_USDT,LONG,StochasticRSI(FAST_SCALP-LONG),2,0.2,1.699,1.693,1.701,1.693,2026-07-02 04:10:59 UTC,2026-07-02 04:15:50 UTC,290.99,0.3398,0.0045,0.0,-0.0012,-0.11,-26.49,STOP_LOSS_HIT,0.0724
175,TRUMP_USDT,LONG,StochasticRSI(FAST_SCALP-LONG),2,0.2,1.692,1.694,1.694,1.686,2026-07-02 04:25:59 UTC,2026-07-02 04:30:05 UTC,245.47,0.3384,0.0045,0.0,0.0004,0.04,8.87,MIN_PROFIT_TP_HIT,0.0728
176,TRUMP_USDT,SHORT,StochasticRSI(FAST_SCALP-SHORT),2,0.2,1.691,1.697,1.689,1.697,2026-07-02 04:32:59 UTC,2026-07-02 04:44:39 UTC,699.6,0.3382,0.0045,0.0,-0.0012,-0.11,-26.61,STOP_LOSS_HIT,0.0716
177,TRUMP_USDT,SHORT,StochasticRSI(FAST_SCALP-SHORT),2,0.2,1.708,1.706,1.706,1.714,2026-07-02 04:49:59 UTC,2026-07-02 04:52:36 UTC,156.29,0.3416,0.0046,0.0,0.0004,0.04,8.78,MIN_PROFIT_TP_HIT,0.072
178,TRUMP_USDT,LONG,StochasticRSI(FAST_SCALP-LONG),2,0.2,1.704,1.706,1.706,1.698,2026-07-02 04:57:59 UTC,2026-07-02 04:58:27 UTC,27.61,0.3408,0.0045,0.0,0.0004,0.04,8.8,MIN_PROFIT_TP_HIT,0.0724
179,TRUMP_USDT,LONG,StochasticRSI(FAST_SCALP-LONG),2,0.2,1.703,1.705,1.705,1.697,2026-07-02 05:04:59 UTC,2026-07-02 05:05:14 UTC,14.29,0.3406,0.0045,0.0,0.0004,0.04,8.81,MIN_PROFIT_TP_HIT,0.0728
180,TRUMP_USDT,SHORT,StochasticRSI(FAST_SCALP-SHORT),2,0.2,1.702,1.7,1.7,1.708,2026-07-02 05:08:59 UTC,2026-07-02 05:17:00 UTC,480.04,0.3404,0.0045,0.0,0.0004,0.04,8.81,MIN_PROFIT_TP_HIT,0.0732
181,TRUMP_USDT,LONG,StochasticRSI(FAST_SCALP-LONG),2,0.2,1.697,1.699,1.699,1.691,2026-07-02 05:27:59 UTC,2026-07-02 05:28:06 UTC,6.52,0.3394,0.0045,0.0,0.0004,0.04,8.84,MIN_PROFIT_TP_HIT,0.0736
182,TRUMP_USDT,LONG,StochasticRSI(FAST_SCALP-LONG),2,0.2,1.691,1.693,1.693,1.685,2026-07-02 05:33:59 UTC,2026-07-02 05:34:02 UTC,2.53,0.3382,0.0045,0.0,0.0004,0.04,8.87,MIN_PROFIT_TP_HIT,0.074
183,TRUMP_USDT,SHORT,StochasticRSI(FAST_SCALP-SHORT),2,0.2,1.691,1.689,1.689,1.697,2026-07-02 05:39:59 UTC,2026-07-02 05:40:49 UTC,49.07,0.3382,0.0045,0.0,0.0004,0.04,8.87,MIN_PROFIT_TP_HIT,0.0744
184,TRUMP_USDT,LONG,StochasticRSI(FAST_SCALP-LONG),2,0.2,1.687,1.689,1.689,1.681,2026-07-02 05:46:59 UTC,2026-07-02 05:50:09 UTC,189.12,0.3374,0.0045,0.0,0.0004,0.04,8.89,MIN_PROFIT_TP_HIT,0.0748
185,TRUMP_USDT,SHORT,StochasticRSI(FAST_SCALP-SHORT),2,0.2,1.689,1.687,1.687,1.695,2026-07-02 05:51:59 UTC,2026-07-02 06:03:10 UTC,670.21,0.3378,0.0045,0.0,0.0004,0.04,8.88,MIN_PROFIT_TP_HIT,0.0752
186,TRUMP_USDT,LONG,StochasticRSI(FAST_SCALP-LONG),2,0.2,1.688,1.682,1.69,1.682,2026-07-02 06:07:59 UTC,2026-07-02 06:12:06 UTC,246.64,0.3376,0.0045,0.0,-0.0012,-0.11,-26.66,STOP_LOSS_HIT,0.074
187,TRUMP_USDT,LONG,StochasticRSI(FAST_SCALP-LONG),2,0.2,1.682,1.684,1.684,1.676,2026-07-02 06:14:59 UTC,2026-07-02 06:15:35 UTC,35.79,0.3364,0.0045,0.0,0.0004,0.04,8.92,MIN_PROFIT_TP_HIT,0.0744
188,TRUMP_USDT,SHORT,StochasticRSI(FAST_SCALP-SHORT),2,0.2,1.685,1.691,1.683,1.691,2026-07-02 06:24:59 UTC,2026-07-02 06:32:19 UTC,439.45,0.337,0.0045,0.0,-0.0012,-0.11,-26.71,STOP_LOSS_HIT,0.0732
189,TRUMP_USDT,LONG,StochasticRSI(FAST_SCALP-LONG),2,0.2,1.688,1.682,1.69,1.682,2026-07-02 06:41:59 UTC,2026-07-02 06:47:03 UTC,303.12,0.3376,0.0045,0.0,-0.0012,-0.11,-26.66,STOP_LOSS_HIT,0.072
190,TRUMP_USDT,LONG,StochasticRSI(FAST_SCALP-LONG),2,0.2,1.683,1.677,1.685,1.677,2026-07-02 06:53:59 UTC,2026-07-02 07:04:23 UTC,623.56,0.3366,0.0045,0.0,-0.0012,-0.11,-26.74,STOP_LOSS_HIT,0.0708
191,TRUMP_USDT,SHORT,StochasticRSI(FAST_SCALP-SHORT),2,0.2,1.681,1.679,1.679,1.687,2026-07-02 07:09:59 UTC,2026-07-02 07:11:21 UTC,81.65,0.3362,0.0045,0.0,0.0004,0.04,8.92,MIN_PROFIT_TP_HIT,0.0712
192,TRUMP_USDT,LONG,StochasticRSI(FAST_SCALP-LONG),2,0.2,1.678,1.68,1.68,1.672,2026-07-02 07:16:59 UTC,2026-07-02 07:17:13 UTC,13.45,0.3356,0.0045,0.0,0.0004,0.04,8.94,MIN_PROFIT_TP_HIT,0.0716
193,TRUMP_USDT,SHORT,StochasticRSI(FAST_SCALP-SHORT),2,0.2,1.677,1.675,1.675,1.683,2026-07-02 07:22:59 UTC,2026-07-02 07:25:40 UTC,160.4,0.3354,0.0045,0.0,0.0004,0.04,8.94,MIN_PROFIT_TP_HIT,0.072
194,TRUMP_USDT,LONG,StochasticRSI(FAST_SCALP-LONG),2,0.2,1.676,1.67,1.678,1.67,2026-07-02 07:29:59 UTC,2026-07-02 07:33:11 UTC,191.19,0.3352,0.0045,0.0,-0.0012,-0.11,-26.85,STOP_LOSS_HIT,0.0708
195,TRUMP_USDT,LONG,StochasticRSI(FAST_SCALP-LONG),2,0.2,1.669,1.671,1.671,1.663,2026-07-02 07:35:59 UTC,2026-07-02 07:38:14 UTC,134.32,0.3338,0.0045,0.0,0.0004,0.04,8.99,MIN_PROFIT_TP_HIT,0.0712
196,TRUMP_USDT,SHORT,StochasticRSI(FAST_SCALP-SHORT),2,0.2,1.675,1.673,1.673,1.681,2026-07-02 07:44:59 UTC,2026-07-02 08:00:22 UTC,922.11,0.335,0.0045,0.0,0.0004,0.04,8.96,MIN_PROFIT_TP_HIT,0.0716
197,TRUMP_USDT,SHORT,StochasticRSI(FAST_SCALP-SHORT),2,0.2,1.674,1.672,1.672,1.68,2026-07-02 08:09:59 UTC,2026-07-02 08:11:38 UTC,98.3,0.3348,0.0045,0.0,0.0004,0.04,8.96,MIN_PROFIT_TP_HIT,0.072
198,TRUMP_USDT,LONG,StochasticRSI(FAST_SCALP-LONG),2,0.2,1.675,1.677,1.677,1.669,2026-07-02 08:15:59 UTC,2026-07-02 08:24:04 UTC,484.56,0.335,0.0045,0.0,0.0004,0.04,8.96,MIN_PROFIT_TP_HIT,0.0724
199,TRUMP_USDT,SHORT,StochasticRSI(FAST_SCALP-SHORT),2,0.2,1.676,1.682,1.674,1.682,2026-07-02 08:26:59 UTC,2026-07-02 08:35:08 UTC,488.04,0.3352,0.0045,0.0,-0.0012,-0.11,-26.85,STOP_LOSS_HIT,0.0712
200,TRUMP_USDT,SHORT,StochasticRSI(FAST_SCALP-SHORT),2,0.2,1.679,1.677,1.677,1.685,2026-07-02 08:37:59 UTC,2026-07-02 08:43:28 UTC,328.19,0.3358,0.0045,0.0,0.0004,0.04,8.93,MIN_PROFIT_TP_HIT,0.0716
201,TRUMP_USDT,LONG,StochasticRSI(FAST_SCALP-LONG),2,0.2,1.68,1.682,1.682,1.674,2026-07-02 08:48:59 UTC,2026-07-02 08:55:09 UTC,369.09,0.336,0.0045,0.0,0.0004,0.04,8.93,MIN_PROFIT_TP_HIT,0.072
202,TRUMP_USDT,SHORT,StochasticRSI(FAST_SCALP-SHORT),2,0.2,1.681,1.679,1.679,1.687,2026-07-02 08:58:59 UTC,2026-07-02 09:00:14 UTC,74.53,0.3362,0.0045,0.0,0.0004,0.04,8.92,MIN_PROFIT_TP_HIT,0.0724
203,TRUMP_USDT,LONG,StochasticRSI(FAST_SCALP-LONG),2,0.2,1.678,1.672,1.68,1.672,2026-07-02 09:05:59 UTC,2026-07-02 09:15:38 UTC,578.22,0.3356,0.0045,0.0,-0.0012,-0.11,-26.82,STOP_LOSS_HIT,0.0712
204,TRUMP_USDT,SHORT,StochasticRSI(FAST_SCALP-SHORT),2,0.2,1.678,1.676,1.676,1.684,2026-07-02 09:21:59 UTC,2026-07-02 09:22:06 UTC,6.71,0.3356,0.0045,0.0,0.0004,0.04,8.94,MIN_PROFIT_TP_HIT,0.0716
205,TRUMP_USDT,SHORT,StochasticRSI(FAST_SCALP-SHORT),2,0.2,1.676,1.682,1.674,1.682,2026-07-02 09:23:59 UTC,2026-07-02 09:30:51 UTC,411.91,0.3352,0.0045,0.0,-0.0012,-0.11,-26.85,STOP_LOSS_HIT,0.0704
206,TRUMP_USDT,SHORT,StochasticRSI(FAST_SCALP-SHORT),2,0.2,1.683,1.689,1.681,1.689,2026-07-02 09:33:59 UTC,2026-07-02 09:36:35 UTC,155.04,0.3366,0.0045,0.0,-0.0012,-0.11,-26.74,STOP_LOSS_HIT,0.0692
207,TRUMP_USDT,SHORT,StochasticRSI(FAST_SCALP-SHORT),2,0.2,1.691,1.689,1.689,1.697,2026-07-02 09:40:59 UTC,2026-07-02 09:43:31 UTC,151.03,0.3382,0.0045,0.0,0.0004,0.04,8.87,MIN_PROFIT_TP_HIT,0.0696
208,TRUMP_USDT,LONG,StochasticRSI(FAST_SCALP-LONG),2,0.2,1.69,1.692,1.692,1.684,2026-07-02 09:48:59 UTC,2026-07-02 09:53:06 UTC,246.72,0.338,0.0045,0.0,0.0004,0.04,8.88,MIN_PROFIT_TP_HIT,0.07
209,TRUMP_USDT,SHORT,StochasticRSI(FAST_SCALP-SHORT),2,0.2,1.689,1.687,1.687,1.695,2026-07-02 09:56:59 UTC,2026-07-02 09:59:09 UTC,129.26,0.3378,0.0045,0.0,0.0004,0.04,8.88,MIN_PROFIT_TP_HIT,0.0704
210,TRUMP_USDT,LONG,StochasticRSI(FAST_SCALP-LONG),2,0.2,1.685,1.687,1.687,1.679,2026-07-02 10:02:59 UTC,2026-07-02 10:03:03 UTC,3.1,0.337,0.0045,0.0,0.0004,0.04,8.9,MIN_PROFIT_TP_HIT,0.0708
211,TRUMP_USDT,SHORT,StochasticRSI(FAST_SCALP-SHORT),2,0.2,1.69,1.696,1.688,1.696,2026-07-02 10:10:59 UTC,2026-07-02 10:30:07 UTC,1147.75,0.338,0.0045,0.0,-0.0012,-0.11,-26.63,STOP_LOSS_HIT,0.0696
212,TRUMP_USDT,LONG,StochasticRSI(FAST_SCALP-LONG),2,0.2,1.696,1.698,1.698,1.69,2026-07-02 10:43:59 UTC,2026-07-02 11:00:23 UTC,983.98,0.3392,0.0045,0.0,0.0004,0.04,8.84,MIN_PROFIT_TP_HIT,0.07
213,TRUMP_USDT,SHORT,StochasticRSI(FAST_SCALP-SHORT),2,0.2,1.696,1.702,1.694,1.702,2026-07-02 11:04:59 UTC,2026-07-02 11:11:22 UTC,382.68,0.3392,0.0045,0.0,-0.0012,-0.11,-26.53,STOP_LOSS_HIT,0.0688
214,TRUMP_USDT,SHORT,StochasticRSI(FAST_SCALP-SHORT),2,0.2,1.704,1.702,1.702,1.71,2026-07-02 11:16:59 UTC,2026-07-02 11:20:15 UTC,195.42,0.3408,0.0045,0.0,0.0004,0.04,8.8,MIN_PROFIT_TP_HIT,0.0692
215,TRUMP_USDT,LONG,StochasticRSI(FAST_SCALP-LONG),2,0.2,1.705,1.707,1.707,1.699,2026-07-02 11:23:59 UTC,2026-07-02 11:24:01 UTC,1.8,0.341,0.0045,0.0,0.0004,0.04,8.8,MIN_PROFIT_TP_HIT,0.0696
216,TRUMP_USDT,SHORT,StochasticRSI(FAST_SCALP-SHORT),2,0.2,1.711,1.709,1.709,1.717,2026-07-02 11:29:59 UTC,2026-07-02 11:32:49 UTC,169.11,0.3422,0.0046,0.0,0.0004,0.04,8.77,MIN_PROFIT_TP_HIT,0.07
217,TRUMP_USDT,LONG,StochasticRSI(FAST_SCALP-LONG),2,0.2,1.711,1.713,1.713,1.705,2026-07-02 11:36:59 UTC,2026-07-02 11:43:18 UTC,378.1,0.3422,0.0046,0.0,0.0004,0.04,8.77,MIN_PROFIT_TP_HIT,0.0704
218,TRUMP_USDT,SHORT,StochasticRSI(FAST_SCALP-SHORT),2,0.2,1.713,1.711,1.711,1.719,2026-07-02 11:47:59 UTC,2026-07-02 11:48:10 UTC,10.77,0.3426,0.0046,0.0,0.0004,0.04,8.76,MIN_PROFIT_TP_HIT,0.0708
219,TRUMP_USDT,LONG,StochasticRSI(FAST_SCALP-LONG),2,0.2,1.706,1.708,1.708,1.7,2026-07-02 11:52:59 UTC,2026-07-02 11:53:00 UTC,0.53,0.3412,0.0045,0.0,0.0004,0.04,8.79,MIN_PROFIT_TP_HIT,0.0712
220,TRUMP_USDT,LONG,StochasticRSI(FAST_SCALP-LONG),2,0.2,1.703,1.705,1.705,1.697,2026-07-02 11:57:59 UTC,2026-07-02 11:58:46 UTC,46.13,0.3406,0.0045,0.0,0.0004,0.04,8.81,MIN_PROFIT_TP_HIT,0.0716
221,TRUMP_USDT,SHORT,StochasticRSI(FAST_SCALP-SHORT),2,0.2,1.704,1.71,1.702,1.71,2026-07-02 12:03:59 UTC,2026-07-02 12:12:04 UTC,484.54,0.3408,0.0045,0.0,-0.0012,-0.11,-26.41,STOP_LOSS_HIT,0.0704
222,TRUMP_USDT,SHORT,StochasticRSI(FAST_SCALP-SHORT),2,0.2,1.708,1.706,1.706,1.714,2026-07-02 12:15:59 UTC,2026-07-02 12:19:10 UTC,190.62,0.3416,0.0046,0.0,0.0004,0.04,8.78,MIN_PROFIT_TP_HIT,0.0708
223,TRUMP_USDT,LONG,StochasticRSI(FAST_SCALP-LONG),2,0.2,1.709,1.711,1.711,1.703,2026-07-02 12:22:59 UTC,2026-07-02 12:28:34 UTC,334.05,0.3418,0.0046,0.0,0.0004,0.04,8.78,MIN_PROFIT_TP_HIT,0.0712
224,TRUMP_USDT,SHORT,StochasticRSI(FAST_SCALP-SHORT),2,0.2,1.713,1.719,1.711,1.719,2026-07-02 12:29:59 UTC,2026-07-02 12:30:01 UTC,1.78,0.3426,0.0046,0.0,-0.0012,-0.11,-26.27,STOP_LOSS_HIT,0.07
225,TRUMP_USDT,SHORT,StochasticRSI(FAST_SCALP-SHORT),2,0.2,1.713,1.711,1.711,1.719,2026-07-02 12:32:59 UTC,2026-07-02 12:33:17 UTC,17.75,0.3426,0.0046,0.0,0.0004,0.04,8.76,MIN_PROFIT_TP_HIT,0.0704
226,TRUMP_USDT,LONG,StochasticRSI(FAST_SCALP-LONG),2,0.2,1.713,1.715,1.715,1.707,2026-07-02 12:37:59 UTC,2026-07-02 12:49:50 UTC,710.1,0.3426,0.0046,0.0,0.0004,0.04,8.76,MIN_PROFIT_TP_HIT,0.0708
227,TRUMP_USDT,SHORT,StochasticRSI(FAST_SCALP-SHORT),2,0.2,1.713,1.711,1.711,1.719,2026-07-02 12:52:59 UTC,2026-07-02 12:53:09 UTC,9.48,0.3426,0.0046,0.0,0.0004,0.04,8.76,MIN_PROFIT_TP_HIT,0.0712
228,TRUMP_USDT,LONG,StochasticRSI(FAST_SCALP-LONG),2,0.2,1.715,1.709,1.717,1.709,2026-07-02 12:57:59 UTC,2026-07-02 13:01:54 UTC,234.77,0.343,0.0046,0.0,-0.0012,-0.11,-26.24,STOP_LOSS_HIT,0.07
229,TRUMP_USDT,LONG,StochasticRSI(FAST_SCALP-LONG),2,0.2,1.708,1.71,1.71,1.702,2026-07-02 13:04:59 UTC,2026-07-02 13:05:07 UTC,7.65,0.3416,0.0046,0.0,0.0004,0.04,8.78,MIN_PROFIT_TP_HIT,0.0704
230,TRUMP_USDT,SHORT,StochasticRSI(FAST_SCALP-SHORT),2,0.2,1.71,1.708,1.708,1.716,2026-07-02 13:18:59 UTC,2026-07-02 13:28:38 UTC,578.38,0.342,0.0046,0.0,0.0004,0.04,8.77,MIN_PROFIT_TP_HIT,0.0708
231,TRUMP_USDT,LONG,StochasticRSI(FAST_SCALP-LONG),2,0.2,1.709,1.711,1.711,1.703,2026-07-02 13:32:59 UTC,2026-07-02 13:33:07 UTC,7.48,0.3418,0.0046,0.0,0.0004,0.04,8.78,MIN_PROFIT_TP_HIT,0.0712
232,TRUMP_USDT,SHORT,StochasticRSI(FAST_SCALP-SHORT),2,0.2,1.714,1.712,1.712,1.72,2026-07-02 13:38:59 UTC,2026-07-02 13:45:46 UTC,406.07,0.3428,0.0046,0.0,0.0004,0.04,8.75,MIN_PROFIT_TP_HIT,0.0716
233,TRUMP_USDT,SHORT,StochasticRSI(FAST_SCALP-SHORT),2,0.2,1.716,1.722,1.714,1.722,2026-07-02 13:54:59 UTC,2026-07-02 14:01:18 UTC,378.25,0.3432,0.0046,0.0,-0.0012,-0.11,-26.22,STOP_LOSS_HIT,0.0704
234,TRUMP_USDT,SHORT,StochasticRSI(FAST_SCALP-SHORT),2,0.2,1.713,1.711,1.711,1.719,2026-07-02 14:04:59 UTC,2026-07-02 14:06:16 UTC,76.51,0.3426,0.0046,0.0,0.0004,0.04,8.76,MIN_PROFIT_TP_HIT,0.0708
235,TRUMP_USDT,LONG,StochasticRSI(FAST_SCALP-LONG),2,0.2,1.711,1.713,1.713,1.705,2026-07-02 14:08:59 UTC,2026-07-02 14:11:25 UTC,145.6,0.3422,0.0046,0.0,0.0004,0.04,8.77,MIN_PROFIT_TP_HIT,0.0712
236,TRUMP_USDT,LONG,StochasticRSI(FAST_SCALP-LONG),2,0.2,1.718,1.712,1.72,1.712,2026-07-02 14:12:59 UTC,2026-07-02 14:16:48 UTC,228.99,0.3436,0.0046,0.0,-0.0012,-0.11,-26.19,STOP_LOSS_HIT,0.07
237,TRUMP_USDT,LONG,StochasticRSI(FAST_SCALP-LONG),2,0.2,1.7,1.702,1.702,1.694,2026-07-02 14:23:59 UTC,2026-07-02 14:24:20 UTC,20.12,0.34,0.0045,0.0,0.0004,0.04,8.82,MIN_PROFIT_TP_HIT,0.0704
238,TRUMP_USDT,SHORT,StochasticRSI(FAST_SCALP-SHORT),2,0.2,1.703,1.701,1.701,1.709,2026-07-02 14:33:59 UTC,2026-07-02 14:34:42 UTC,42.62,0.3406,0.0045,0.0,0.0004,0.04,8.81,MIN_PROFIT_TP_HIT,0.0708
239,TRUMP_USDT,SHORT,StochasticRSI(FAST_SCALP-SHORT),2,0.2,1.705,1.703,1.703,1.711,2026-07-02 14:40:59 UTC,2026-07-02 14:41:08 UTC,8.05,0.341,0.0045,0.0,0.0004,0.04,8.8,MIN_PROFIT_TP_HIT,0.0712
240,TRUMP_USDT,LONG,StochasticRSI(FAST_SCALP-LONG),2,0.2,1.705,1.699,1.707,1.699,2026-07-02 14:45:59 UTC,2026-07-02 14:53:33 UTC,453.99,0.341,0.0045,0.0,-0.0012,-0.11,-26.39,STOP_LOSS_HIT,0.07
241,TRUMP_USDT,LONG,StochasticRSI(FAST_SCALP-LONG),2,0.2,1.702,1.704,1.704,1.696,2026-07-02 14:58:59 UTC,2026-07-02 14:59:44 UTC,44.09,0.3404,0.0045,0.0,0.0004,0.04,8.81,MIN_PROFIT_TP_HIT,0.0704
242,TRUMP_USDT,LONG,StochasticRSI(FAST_SCALP-LONG),2,0.2,1.693,1.695,1.695,1.687,2026-07-02 15:09:59 UTC,2026-07-02 15:12:04 UTC,124.84,0.3386,0.0045,0.0,0.0004,0.04,8.86,MIN_PROFIT_TP_HIT,0.0708
243,TRUMP_USDT,SHORT,StochasticRSI(FAST_SCALP-SHORT),2,0.2,1.697,1.695,1.695,1.703,2026-07-02 15:17:59 UTC,2026-07-02 15:18:09 UTC,9.7,0.3394,0.0045,0.0,0.0004,0.04,8.84,MIN_PROFIT_TP_HIT,0.0712
244,TRUMP_USDT,SHORT,StochasticRSI(FAST_SCALP-SHORT),2,0.2,1.702,1.7,1.7,1.708,2026-07-02 15:30:59 UTC,2026-07-02 15:32:38 UTC,98.16,0.3404,0.0045,0.0,0.0004,0.04,8.81,MIN_PROFIT_TP_HIT,0.0716
245,TRUMP_USDT,SHORT,StochasticRSI(FAST_SCALP-SHORT),2,0.2,1.706,1.704,1.704,1.712,2026-07-02 15:37:59 UTC,2026-07-02 15:39:33 UTC,93.53,0.3412,0.0045,0.0,0.0004,0.04,8.79,MIN_PROFIT_TP_HIT,0.072
246,TRUMP_USDT,LONG,StochasticRSI(FAST_SCALP-LONG),2,0.2,1.706,1.708,1.708,1.7,2026-07-02 15:41:59 UTC,2026-07-02 16:04:38 UTC,1358.6,0.3412,0.0045,0.0,0.0004,0.04,8.79,MIN_PROFIT_TP_HIT,0.0724
247,TRUMP_USDT,SHORT,StochasticRSI(FAST_SCALP-SHORT),2,0.2,1.708,1.706,1.706,1.714,2026-07-02 16:09:59 UTC,2026-07-02 16:17:39 UTC,459.69,0.3416,0.0046,0.0,0.0004,0.04,8.78,MIN_PROFIT_TP_HIT,0.0728
248,TRUMP_USDT,LONG,StochasticRSI(FAST_SCALP-LONG),2,0.2,1.702,1.704,1.704,1.696,2026-07-02 16:19:59 UTC,2026-07-02 16:20:03 UTC,3.23,0.3404,0.0045,0.0,0.0004,0.04,8.81,MIN_PROFIT_TP_HIT,0.0732
249,TRUMP_USDT,LONG,StochasticRSI(FAST_SCALP-LONG),2,0.2,1.701,1.703,1.703,1.695,2026-07-02 16:23:59 UTC,2026-07-02 16:25:21 UTC,81.43,0.3402,0.0045,0.0,0.0004,0.04,8.82,MIN_PROFIT_TP_HIT,0.0736
250,TRUMP_USDT,LONG,StochasticRSI(FAST_SCALP-LONG),2,0.2,1.696,1.698,1.698,1.69,2026-07-02 16:32:59 UTC,2026-07-02 16:36:17 UTC,197.41,0.3392,0.0045,0.0,0.0004,0.04,8.84,MIN_PROFIT_TP_HIT,0.074
251,TRUMP_USDT,SHORT,StochasticRSI(FAST_SCALP-SHORT),2,0.2,1.707,1.705,1.705,1.713,2026-07-02 16:51:59 UTC,2026-07-02 16:53:00 UTC,60.6,0.3414,0.0046,0.0,0.0004,0.04,8.79,MIN_PROFIT_TP_HIT,0.0744
252,TRUMP_USDT,LONG,StochasticRSI(FAST_SCALP-LONG),2,0.2,1.703,1.705,1.705,1.697,2026-07-02 17:02:59 UTC,2026-07-02 17:05:33 UTC,153.54,0.3406,0.0045,0.0,0.0004,0.04,8.81,MIN_PROFIT_TP_HIT,0.0748
253,TRUMP_USDT,SHORT,StochasticRSI(FAST_SCALP-SHORT),2,0.2,1.703,1.701,1.701,1.709,2026-07-02 17:08:59 UTC,2026-07-02 17:10:56 UTC,116.93,0.3406,0.0045,0.0,0.0004,0.04,8.81,MIN_PROFIT_TP_HIT,0.0752
254,TRUMP_USDT,SHORT,StochasticRSI(FAST_SCALP-SHORT),2,0.2,1.706,1.712,1.704,1.712,2026-07-02 17:20:59 UTC,2026-07-02 17:23:15 UTC,135.08,0.3412,0.0045,0.0,-0.0012,-0.11,-26.38,STOP_LOSS_HIT,0.074
255,TRUMP_USDT,SHORT,StochasticRSI(FAST_SCALP-SHORT),2,0.2,1.709,1.707,1.707,1.715,2026-07-02 17:25:59 UTC,2026-07-02 17:30:49 UTC,289.19,0.3418,0.0046,0.0,0.0004,0.04,8.78,MIN_PROFIT_TP_HIT,0.0744
256,TRUMP_USDT,LONG,StochasticRSI(FAST_SCALP-LONG),2,0.2,1.7,1.702,1.702,1.694,2026-07-02 17:38:59 UTC,2026-07-02 17:40:50 UTC,110.28,0.34,0.0045,0.0,0.0004,0.04,8.82,MIN_PROFIT_TP_HIT,0.0748
257,TRUMP_USDT,SHORT,StochasticRSI(FAST_SCALP-SHORT),2,0.2,1.703,1.701,1.701,1.709,2026-07-02 17:46:59 UTC,2026-07-02 17:48:07 UTC,67.5,0.3406,0.0045,0.0,0.0004,0.04,8.81,MIN_PROFIT_TP_HIT,0.0752
258,TRUMP_USDT,LONG,StochasticRSI(FAST_SCALP-LONG),2,0.2,1.701,1.695,1.703,1.695,2026-07-02 18:15:59 UTC,2026-07-02 18:18:51 UTC,171.05,0.3402,0.0045,0.0,-0.0012,-0.11,-26.46,STOP_LOSS_HIT,0.074
259,TRUMP_USDT,LONG,StochasticRSI(FAST_SCALP-LONG),2,0.2,1.699,1.701,1.701,1.693,2026-07-02 18:20:59 UTC,2026-07-02 18:23:08 UTC,128.26,0.3398,0.0045,0.0,0.0004,0.04,8.83,MIN_PROFIT_TP_HIT,0.0744
260,TRUMP_USDT,SHORT,StochasticRSI(FAST_SCALP-SHORT),2,0.2,1.698,1.704,1.696,1.704,2026-07-02 18:26:59 UTC,2026-07-02 18:40:15 UTC,795.17,0.3396,0.0045,0.0,-0.0012,-0.11,-26.5,STOP_LOSS_HIT,0.0732
261,TRUMP_USDT,SHORT,StochasticRSI(FAST_SCALP-SHORT),2,0.2,1.702,1.708,1.7,1.708,2026-07-02 18:42:59 UTC,2026-07-02 19:00:20 UTC,1040.41,0.3404,0.0045,0.0,-0.0012,-0.11,-26.44,STOP_LOSS_HIT,0.072
262,TRUMP_USDT,SHORT,StochasticRSI(FAST_SCALP-SHORT),2,0.2,1.709,1.707,1.707,1.715,2026-07-02 19:16:59 UTC,2026-07-02 19:18:30 UTC,90.67,0.3418,0.0046,0.0,0.0004,0.04,8.78,MIN_PROFIT_TP_HIT,0.0724
263,TRUMP_USDT,LONG,StochasticRSI(FAST_SCALP-LONG),2,0.2,1.705,1.707,1.707,1.699,2026-07-02 19:23:59 UTC,2026-07-02 19:27:08 UTC,188.06,0.341,0.0045,0.0,0.0004,0.04,8.8,MIN_PROFIT_TP_HIT,0.0728
264,TRUMP_USDT,SHORT,StochasticRSI(FAST_SCALP-SHORT),2,0.2,1.708,1.706,1.706,1.714,2026-07-02 19:31:59 UTC,2026-07-02 19:38:59 UTC,419.54,0.3416,0.0046,0.0,0.0004,0.04,8.78,MIN_PROFIT_TP_HIT,0.0732
265,TRUMP_USDT,LONG,StochasticRSI(FAST_SCALP-LONG),2,0.2,1.708,1.71,1.71,1.702,2026-07-02 19:41:59 UTC,2026-07-02 19:45:31 UTC,211.22,0.3416,0.0046,0.0,0.0004,0.04,8.78,MIN_PROFIT_TP_HIT,0.0736
266,TRUMP_USDT,SHORT,StochasticRSI(FAST_SCALP-SHORT),2,0.2,1.71,1.708,1.708,1.716,2026-07-02 19:49:59 UTC,2026-07-02 19:53:45 UTC,225.82,0.342,0.0046,0.0,0.0004,0.04,8.77,MIN_PROFIT_TP_HIT,0.074
267,TRUMP_USDT,LONG,StochasticRSI(FAST_SCALP-LONG),2,0.2,1.711,1.713,1.713,1.705,2026-07-02 19:57:59 UTC,2026-07-02 20:08:09 UTC,609.91,0.3422,0.0046,0.0,0.0004,0.04,8.77,MIN_PROFIT_TP_HIT,0.0744
268,TRUMP_USDT,SHORT,StochasticRSI(FAST_SCALP-SHORT),2,0.2,1.71,1.708,1.708,1.716,2026-07-02 20:18:59 UTC,2026-07-02 20:24:39 UTC,339.09,0.342,0.0046,0.0,0.0004,0.04,8.77,MIN_PROFIT_TP_HIT,0.0748
269,TRUMP_USDT,LONG,StochasticRSI(FAST_SCALP-LONG),2,0.2,1.707,1.709,1.709,1.701,2026-07-02 20:28:59 UTC,2026-07-02 20:32:49 UTC,229.27,0.3414,0.0046,0.0,0.0004,0.04,8.79,MIN_PROFIT_TP_HIT,0.0752
270,TRUMP_USDT,SHORT,StochasticRSI(FAST_SCALP-SHORT),2,0.2,1.708,1.714,1.706,1.714,2026-07-02 20:38:59 UTC,2026-07-02 20:57:11 UTC,1091.6,0.3416,0.0046,0.0,-0.0012,-0.11,-26.35,STOP_LOSS_HIT,0.074
271,TRUMP_USDT,LONG,StochasticRSI(FAST_SCALP-LONG),2,0.2,1.71,1.712,1.712,1.704,2026-07-02 21:12:59 UTC,2026-07-02 21:13:00 UTC,0.1,0.342,0.0046,0.0,0.0004,0.04,8.77,MIN_PROFIT_TP_HIT,0.0744
272,TRUMP_USDT,SHORT,StochasticRSI(FAST_SCALP-SHORT),2,0.2,1.714,1.712,1.712,1.72,2026-07-02 21:17:59 UTC,2026-07-02 21:23:25 UTC,325.46,0.3428,0.0046,0.0,0.0004,0.04,8.75,MIN_PROFIT_TP_HIT,0.0748
273,TRUMP_USDT,LONG,StochasticRSI(FAST_SCALP-LONG),2,0.2,1.713,1.715,1.715,1.707,2026-07-02 21:25:59 UTC,2026-07-02 21:26:06 UTC,6.58,0.3426,0.0046,0.0,0.0004,0.04,8.76,MIN_PROFIT_TP_HIT,0.0752
274,TRUMP_USDT,SHORT,StochasticRSI(FAST_SCALP-SHORT),2,0.2,1.716,1.714,1.714,1.722,2026-07-02 21:31:59 UTC,2026-07-02 21:43:15 UTC,675.03,0.3432,0.0046,0.0,0.0004,0.04,8.74,MIN_PROFIT_TP_HIT,0.0756
275,TRUMP_USDT,LONG,StochasticRSI(FAST_SCALP-LONG),2,0.2,1.71,1.712,1.712,1.704,2026-07-02 21:47:59 UTC,2026-07-02 21:49:09 UTC,69.12,0.342,0.0046,0.0,0.0004,0.04,8.77,MIN_PROFIT_TP_HIT,0.076
276,TRUMP_USDT,SHORT,StochasticRSI(FAST_SCALP-SHORT),2,0.2,1.71,1.716,1.708,1.716,2026-07-02 21:54:59 UTC,2026-07-02 22:08:10 UTC,790.62,0.342,0.0046,0.0,-0.0012,-0.11,-26.32,STOP_LOSS_HIT,0.0748
277,TRUMP_USDT,LONG,StochasticRSI(FAST_SCALP-LONG),2,0.2,1.715,1.717,1.717,1.709,2026-07-02 22:14:59 UTC,2026-07-02 22:17:23 UTC,143.82,0.343,0.0046,0.0,0.0004,0.04,8.75,MIN_PROFIT_TP_HIT,0.0752
278,TRUMP_USDT,SHORT,StochasticRSI(FAST_SCALP-SHORT),2,0.2,1.716,1.714,1.714,1.722,2026-07-02 22:21:59 UTC,2026-07-02 22:40:19 UTC,1099.58,0.3432,0.0046,0.0,0.0004,0.04,8.74,MIN_PROFIT_TP_HIT,0.0756
279,TRUMP_USDT,LONG,StochasticRSI(FAST_SCALP-LONG),2,0.2,1.717,1.719,1.719,1.711,2026-07-02 22:43:59 UTC,2026-07-02 22:52:22 UTC,502.1,0.3434,0.0046,0.0,0.0004,0.04,8.74,MIN_PROFIT_TP_HIT,0.076
280,TRUMP_USDT,SHORT,StochasticRSI(FAST_SCALP-SHORT),2,0.2,1.722,1.72,1.72,1.728,2026-07-02 22:59:59 UTC,2026-07-02 23:02:49 UTC,169.59,0.3444,0.0046,0.0,0.0004,0.04,8.71,MIN_PROFIT_TP_HIT,0.0764
281,TRUMP_USDT,LONG,StochasticRSI(FAST_SCALP-LONG),2,0.2,1.719,1.721,1.721,1.713,2026-07-02 23:05:59 UTC,2026-07-02 23:10:04 UTC,244.13,0.3438,0.0046,0.0,0.0004,0.04,8.73,MIN_PROFIT_TP_HIT,0.0768
282,TRUMP_USDT,LONG,StochasticRSI(FAST_SCALP-LONG),2,0.2,1.717,1.719,1.719,1.711,2026-07-02 23:15:59 UTC,2026-07-02 23:16:37 UTC,37.83,0.3434,0.0046,0.0,0.0004,0.04,8.74,MIN_PROFIT_TP_HIT,0.0772
283,TRUMP_USDT,SHORT,StochasticRSI(FAST_SCALP-SHORT),2,0.2,1.717,1.723,1.715,1.723,2026-07-02 23:23:59 UTC,2026-07-02 23:34:45 UTC,645.6,0.3434,0.0046,0.0,-0.0012,-0.11,-26.21,STOP_LOSS_HIT,0.076
284,TRUMP_USDT,LONG,StochasticRSI(FAST_SCALP-LONG),2,0.2,1.718,1.72,1.72,1.712,2026-07-02 23:40:59 UTC,2026-07-02 23:49:27 UTC,507.62,0.3436,0.0046,0.0,0.0004,0.04,8.73,MIN_PROFIT_TP_HIT,0.0764
285,TRUMP_USDT,SHORT,StochasticRSI(FAST_SCALP-SHORT),2,0.2,1.719,1.717,1.717,1.725,2026-07-02 23:51:59 UTC,2026-07-02 23:53:54 UTC,114.74,0.3438,0.0046,0.0,0.0004,0.04,8.73,MIN_PROFIT_TP_HIT,0.0768
286,TRUMP_USDT,LONG,StochasticRSI(FAST_SCALP-LONG),2,0.2,1.716,1.718,1.718,1.71,2026-07-02 23:58:59 UTC,2026-07-03 00:00:33 UTC,93.84,0.3432,0.0046,0.0,0.0004,0.04,8.74,MIN_PROFIT_TP_HIT,0.0772
287,TRUMP_USDT,LONG,StochasticRSI(FAST_SCALP-LONG),2,0.2,1.715,1.709,1.717,1.709,2026-07-03 00:04:59 UTC,2026-07-03 00:09:41 UTC,281.61,0.343,0.0046,0.0,-0.0012,-0.11,-26.24,STOP_LOSS_HIT,0.076
288,TRUMP_USDT,SHORT,StochasticRSI(FAST_SCALP-SHORT),2,0.2,1.709,1.707,1.707,1.715,2026-07-03 00:16:59 UTC,2026-07-03 00:21:34 UTC,274.74,0.3418,0.0046,0.0,0.0004,0.04,8.78,MIN_PROFIT_TP_HIT,0.0764
289,TRUMP_USDT,SHORT,StochasticRSI(FAST_SCALP-SHORT),2,0.2,1.708,1.706,1.706,1.714,2026-07-03 00:28:59 UTC,2026-07-03 00:29:18 UTC,18.45,0.3416,0.0046,0.0,0.0004,0.04,8.78,MIN_PROFIT_TP_HIT,0.0768
290,TRUMP_USDT,LONG,StochasticRSI(FAST_SCALP-LONG),2,0.2,1.708,1.702,1.71,1.702,2026-07-03 00:32:59 UTC,2026-07-03 00:43:37 UTC,637.27,0.3416,0.0046,0.0,-0.0012,-0.11,-26.35,STOP_LOSS_HIT,0.0756
291,TRUMP_USDT,SHORT,StochasticRSI(FAST_SCALP-SHORT),2,0.2,1.706,1.704,1.704,1.712,2026-07-03 00:49:59 UTC,2026-07-03 00:52:55 UTC,175.78,0.3412,0.0045,0.0,0.0004,0.04,8.79,MIN_PROFIT_TP_HIT,0.076
292,TRUMP_USDT,LONG,StochasticRSI(FAST_SCALP-LONG),2,0.2,1.704,1.706,1.706,1.698,2026-07-03 00:57:59 UTC,2026-07-03 01:03:17 UTC,317.24,0.3408,0.0045,0.0,0.0004,0.04,8.8,MIN_PROFIT_TP_HIT,0.0764
293,TRUMP_USDT,SHORT,StochasticRSI(FAST_SCALP-SHORT),2,0.2,1.708,1.714,1.706,1.714,2026-07-03 01:07:59 UTC,2026-07-03 01:15:19 UTC,439.51,0.3416,0.0046,0.0,-0.0012,-0.11,-26.35,STOP_LOSS_HIT,0.0752
294,TRUMP_USDT,LONG,StochasticRSI(FAST_SCALP-LONG),2,0.2,1.715,1.717,1.717,1.709,2026-07-03 01:20:59 UTC,2026-07-03 01:24:17 UTC,197.89,0.343,0.0046,0.0,0.0004,0.04,8.75,MIN_PROFIT_TP_HIT,0.0756
295,TRUMP_USDT,SHORT,StochasticRSI(FAST_SCALP-SHORT),2,0.2,1.718,1.716,1.716,1.724,2026-07-03 01:28:59 UTC,2026-07-03 01:32:45 UTC,225.47,0.3436,0.0046,0.0,0.0004,0.04,8.73,MIN_PROFIT_TP_HIT,0.076
296,TRUMP_USDT,LONG,StochasticRSI(FAST_SCALP-LONG),2,0.2,1.724,1.726,1.726,1.718,2026-07-03 01:35:59 UTC,2026-07-03 01:36:04 UTC,4.68,0.3448,0.0046,0.0,0.0004,0.04,8.7,MIN_PROFIT_TP_HIT,0.0764
297,TRUMP_USDT,SHORT,StochasticRSI(FAST_SCALP-SHORT),2,0.2,1.725,1.723,1.723,1.731,2026-07-03 01:42:59 UTC,2026-07-03 01:43:33 UTC,33.44,0.345,0.0046,0.0,0.0004,0.04,8.7,MIN_PROFIT_TP_HIT,0.0768
298,TRUMP_USDT,LONG,StochasticRSI(FAST_SCALP-LONG),2,0.2,1.722,1.724,1.724,1.716,2026-07-03 01:47:59 UTC,2026-07-03 01:49:06 UTC,66.59,0.3444,0.0046,0.0,0.0004,0.04,8.71,MIN_PROFIT_TP_HIT,0.0772
299,TRUMP_USDT,SHORT,StochasticRSI(FAST_SCALP-SHORT),2,0.2,1.724,1.722,1.722,1.73,2026-07-03 01:55:59 UTC,2026-07-03 01:56:07 UTC,7.73,0.3448,0.0046,0.0,0.0004,0.04,8.7,MIN_PROFIT_TP_HIT,0.0776
300,TRUMP_USDT,LONG,StochasticRSI(FAST_SCALP-LONG),2,0.2,1.721,1.723,1.723,1.715,2026-07-03 02:01:59 UTC,2026-07-03 02:02:33 UTC,33.98,0.3442,0.0046,0.0,0.0004,0.04,8.72,MIN_PROFIT_TP_HIT,0.078
301,TRUMP_USDT,LONG,StochasticRSI(FAST_SCALP-LONG),2,0.2,1.721,1.715,1.723,1.715,2026-07-03 02:03:59 UTC,2026-07-03 02:10:27 UTC,387.6,0.3442,0.0046,0.0,-0.0012,-0.11,-26.15,STOP_LOSS_HIT,0.0768
302,TRUMP_USDT,SHORT,StochasticRSI(FAST_SCALP-SHORT),2,0.2,1.723,1.721,1.721,1.729,2026-07-03 02:23:59 UTC,2026-07-03 02:25:48 UTC,108.02,0.3446,0.0046,0.0,0.0004,0.04,8.71,MIN_PROFIT_TP_HIT,0.0772
303,TRUMP_USDT,LONG,StochasticRSI(FAST_SCALP-LONG),2,0.2,1.719,1.721,1.721,1.713,2026-07-03 02:32:59 UTC,2026-07-03 02:34:06 UTC,66.16,0.3438,0.0046,0.0,0.0004,0.04,8.73,MIN_PROFIT_TP_HIT,0.0776
304,TRUMP_USDT,SHORT,StochasticRSI(FAST_SCALP-SHORT),2,0.2,1.719,1.717,1.717,1.725,2026-07-03 02:38:59 UTC,2026-07-03 02:43:39 UTC,279.77,0.3438,0.0046,0.0,0.0004,0.04,8.73,MIN_PROFIT_TP_HIT,0.078
305,TRUMP_USDT,LONG,StochasticRSI(FAST_SCALP-LONG),2,0.2,1.717,1.719,1.719,1.711,2026-07-03 02:46:59 UTC,2026-07-03 02:49:52 UTC,172.21,0.3434,0.0046,0.0,0.0004,0.04,8.74,MIN_PROFIT_TP_HIT,0.0784
306,TRUMP_USDT,SHORT,StochasticRSI(FAST_SCALP-SHORT),2,0.2,1.717,1.715,1.715,1.723,2026-07-03 02:55:59 UTC,2026-07-03 03:13:13 UTC,1033.94,0.3434,0.0046,0.0,0.0004,0.04,8.74,MIN_PROFIT_TP_HIT,0.0788
307,TRUMP_USDT,LONG,StochasticRSI(FAST_SCALP-LONG),2,0.2,1.718,1.72,1.72,1.712,2026-07-03 03:14:59 UTC,2026-07-03 03:16:23 UTC,83.64,0.3436,0.0046,0.0,0.0004,0.04,8.73,MIN_PROFIT_TP_HIT,0.0792
308,TRUMP_USDT,SHORT,StochasticRSI(FAST_SCALP-SHORT),2,0.2,1.724,1.722,1.722,1.73,2026-07-03 03:22:59 UTC,2026-07-03 03:23:20 UTC,20.39,0.3448,0.0046,0.0,0.0004,0.04,8.7,MIN_PROFIT_TP_HIT,0.0796
309,TRUMP_USDT,LONG,StochasticRSI(FAST_SCALP-LONG),2,0.2,1.721,1.723,1.723,1.715,2026-07-03 03:29:59 UTC,2026-07-03 03:32:29 UTC,149.98,0.3442,0.0046,0.0,0.0004,0.04,8.72,MIN_PROFIT_TP_HIT,0.08
310,TRUMP_USDT,LONG,StochasticRSI(FAST_SCALP-LONG),2,0.2,1.721,1.723,1.723,1.715,2026-07-03 03:33:59 UTC,2026-07-03 03:34:33 UTC,33.31,0.3442,0.0046,0.0,0.0004,0.04,8.72,MIN_PROFIT_TP_HIT,0.0804
311,TRUMP_USDT,SHORT,StochasticRSI(FAST_SCALP-SHORT),2,0.2,1.727,1.725,1.725,1.733,2026-07-03 03:40:59 UTC,2026-07-03 03:46:58 UTC,358.49,0.3454,0.0046,0.0,0.0004,0.04,8.69,MIN_PROFIT_TP_HIT,0.0808
312,TRUMP_USDT,LONG,StochasticRSI(FAST_SCALP-LONG),2,0.2,1.726,1.728,1.728,1.72,2026-07-03 03:47:59 UTC,2026-07-03 03:52:23 UTC,263.1,0.3452,0.0046,0.0,0.0004,0.04,8.69,MIN_PROFIT_TP_HIT,0.0812
313,TRUMP_USDT,LONG,StochasticRSI(FAST_SCALP-LONG),2,0.2,1.726,1.72,1.728,1.72,2026-07-03 03:57:59 UTC,2026-07-03 04:08:33 UTC,633.02,0.3452,0.0046,0.0,-0.0012,-0.11,-26.07,STOP_LOSS_HIT,0.08
314,TRUMP_USDT,LONG,StochasticRSI(FAST_SCALP-LONG),2,0.2,1.721,1.715,1.723,1.715,2026-07-03 04:11:59 UTC,2026-07-03 04:16:15 UTC,255.38,0.3442,0.0046,0.0,-0.0012,-0.11,-26.15,STOP_LOSS_HIT,0.0788
315,TRUMP_USDT,SHORT,StochasticRSI(FAST_SCALP-SHORT),2,0.2,1.719,1.717,1.717,1.725,2026-07-03 04:26:59 UTC,2026-07-03 04:29:44 UTC,164.65,0.3438,0.0046,0.0,0.0004,0.04,8.73,MIN_PROFIT_TP_HIT,0.0792
316,TRUMP_USDT,LONG,StochasticRSI(FAST_SCALP-LONG),2,0.2,1.72,1.714,1.722,1.714,2026-07-03 04:32:59 UTC,2026-07-03 04:34:40 UTC,100.69,0.344,0.0046,0.0,-0.0012,-0.11,-26.16,STOP_LOSS_HIT,0.078
317,TRUMP_USDT,LONG,StochasticRSI(FAST_SCALP-LONG),2,0.2,1.713,1.715,1.715,1.707,2026-07-03 04:38:59 UTC,2026-07-03 04:41:20 UTC,140.25,0.3426,0.0046,0.0,0.0004,0.04,8.76,MIN_PROFIT_TP_HIT,0.0784
318,TRUMP_USDT,SHORT,StochasticRSI(FAST_SCALP-SHORT),2,0.2,1.713,1.711,1.711,1.719,2026-07-03 04:47:59 UTC,2026-07-03 04:48:36 UTC,36.37,0.3426,0.0046,0.0,0.0004,0.04,8.76,MIN_PROFIT_TP_HIT,0.0788
319,TRUMP_USDT,LONG,StochasticRSI(FAST_SCALP-LONG),2,0.2,1.711,1.713,1.713,1.705,2026-07-03 04:52:59 UTC,2026-07-03 04:57:53 UTC,293.0,0.3422,0.0046,0.0,0.0004,0.04,8.77,MIN_PROFIT_TP_HIT,0.0792
320,TRUMP_USDT,SHORT,StochasticRSI(FAST_SCALP-SHORT),2,0.2,1.711,1.709,1.709,1.717,2026-07-03 05:01:59 UTC,2026-07-03 05:02:04 UTC,4.8,0.3422,0.0046,0.0,0.0004,0.04,8.77,MIN_PROFIT_TP_HIT,0.0796
321,TRUMP_USDT,LONG,StochasticRSI(FAST_SCALP-LONG),2,0.2,1.707,1.709,1.709,1.701,2026-07-03 05:07:59 UTC,2026-07-03 05:15:52 UTC,472.64,0.3414,0.0046,0.0,0.0004,0.04,8.79,MIN_PROFIT_TP_HIT,0.08
322,TRUMP_USDT,SHORT,StochasticRSI(FAST_SCALP-SHORT),2,0.2,1.707,1.705,1.705,1.713,2026-07-03 05:17:59 UTC,2026-07-03 05:23:27 UTC,327.69,0.3414,0.0046,0.0,0.0004,0.04,8.79,MIN_PROFIT_TP_HIT,0.0804
323,TRUMP_USDT,LONG,StochasticRSI(FAST_SCALP-LONG),2,0.2,1.708,1.71,1.71,1.702,2026-07-03 05:25:59 UTC,2026-07-03 05:26:16 UTC,16.41,0.3416,0.0046,0.0,0.0004,0.04,8.78,MIN_PROFIT_TP_HIT,0.0808
324,TRUMP_USDT,SHORT,StochasticRSI(FAST_SCALP-SHORT),2,0.2,1.718,1.716,1.716,1.724,2026-07-03 05:37:59 UTC,2026-07-03 05:41:17 UTC,197.32,0.3436,0.0046,0.0,0.0004,0.04,8.73,MIN_PROFIT_TP_HIT,0.0812
325,TRUMP_USDT,LONG,StochasticRSI(FAST_SCALP-LONG),2,0.2,1.716,1.718,1.718,1.71,2026-07-03 05:45:59 UTC,2026-07-03 05:47:56 UTC,116.72,0.3432,0.0046,0.0,0.0004,0.04,8.74,MIN_PROFIT_TP_HIT,0.0816
326,TRUMP_USDT,LONG,StochasticRSI(FAST_SCALP-LONG),2,0.2,1.718,1.72,1.72,1.712,2026-07-03 05:57:59 UTC,2026-07-03 06:04:51 UTC,411.82,0.3436,0.0046,0.0,0.0004,0.04,8.73,MIN_PROFIT_TP_HIT,0.082
327,TRUMP_USDT,SHORT,StochasticRSI(FAST_SCALP-SHORT),2,0.2,1.721,1.727,1.719,1.727,2026-07-03 06:08:59 UTC,2026-07-03 06:17:48 UTC,528.05,0.3442,0.0046,0.0,-0.0012,-0.11,-26.15,STOP_LOSS_HIT,0.0808
328,TRUMP_USDT,SHORT,StochasticRSI(FAST_SCALP-SHORT),2,0.2,1.725,1.723,1.723,1.731,2026-07-03 06:21:59 UTC,2026-07-03 06:25:01 UTC,181.57,0.345,0.0046,0.0,0.0004,0.04,8.7,MIN_PROFIT_TP_HIT,0.0812
329,TRUMP_USDT,LONG,StochasticRSI(FAST_SCALP-LONG),2,0.2,1.723,1.725,1.725,1.717,2026-07-03 06:30:59 UTC,2026-07-03 06:31:24 UTC,24.14,0.3446,0.0046,0.0,0.0004,0.04,8.71,MIN_PROFIT_TP_HIT,0.0816
330,TRUMP_USDT,LONG,StochasticRSI(FAST_SCALP-LONG),2,0.2,1.722,1.724,1.724,1.716,2026-07-03 06:32:59 UTC,2026-07-03 06:33:14 UTC,14.62,0.3444,0.0046,0.0,0.0004,0.04,8.71,MIN_PROFIT_TP_HIT,0.082
331,TRUMP_USDT,LONG,StochasticRSI(FAST_SCALP-LONG),2,0.2,1.725,1.727,1.727,1.719,2026-07-03 06:36:59 UTC,2026-07-03 06:41:50 UTC,290.41,0.345,0.0046,0.0,0.0004,0.04,8.7,MIN_PROFIT_TP_HIT,0.0824
332,TRUMP_USDT,LONG,StochasticRSI(FAST_SCALP-LONG),2,0.2,1.725,1.719,1.727,1.719,2026-07-03 06:50:59 UTC,2026-07-03 07:26:11 UTC,2111.85,0.345,0.0046,0.0,-0.0012,-0.11,-26.09,STOP_LOSS_HIT,0.0812
333,TRUMP_USDT,LONG,StochasticRSI(FAST_SCALP-LONG),2,0.2,1.721,1.723,1.723,1.715,2026-07-03 07:31:59 UTC,2026-07-03 07:35:50 UTC,230.1,0.3442,0.0046,0.0,0.0004,0.04,8.72,MIN_PROFIT_TP_HIT,0.0816
334,TRUMP_USDT,SHORT,StochasticRSI(FAST_SCALP-SHORT),2,0.2,1.722,1.728,1.72,1.728,2026-07-03 07:37:59 UTC,2026-07-03 07:55:11 UTC,1031.32,0.3444,0.0046,0.0,-0.0012,-0.11,-26.13,STOP_LOSS_HIT,0.0804
335,TRUMP_USDT,LONG,StochasticRSI(FAST_SCALP-LONG),2,0.2,1.727,1.721,1.729,1.721,2026-07-03 08:01:59 UTC,2026-07-03 08:08:01 UTC,361.76,0.3454,0.0046,0.0,-0.0012,-0.11,-26.06,STOP_LOSS_HIT,0.0792
336,TRUMP_USDT,LONG,StochasticRSI(FAST_SCALP-LONG),2,0.2,1.725,1.727,1.727,1.719,2026-07-03 08:10:59 UTC,2026-07-03 08:12:21 UTC,81.4,0.345,0.0046,0.0,0.0004,0.04,8.7,MIN_PROFIT_TP_HIT,0.0796
337,TRUMP_USDT,SHORT,StochasticRSI(FAST_SCALP-SHORT),2,0.2,1.768,1.766,1.766,1.774,2026-07-03 08:30:59 UTC,2026-07-03 08:31:02 UTC,2.23,0.3536,0.0047,0.0,0.0004,0.04,8.48,MIN_PROFIT_TP_HIT,0.08
338,TRUMP_USDT,LONG,StochasticRSI(FAST_SCALP-LONG),2,0.2,1.754,1.756,1.756,1.748,2026-07-03 08:42:59 UTC,2026-07-03 08:43:13 UTC,13.59,0.3508,0.0047,0.0,0.0004,0.04,8.55,MIN_PROFIT_TP_HIT,0.0804
339,TRUMP_USDT,SHORT,StochasticRSI(FAST_SCALP-SHORT),2,0.2,1.754,1.752,1.752,1.76,2026-07-03 08:50:59 UTC,2026-07-03 08:51:26 UTC,26.71,0.3508,0.0047,0.0,0.0004,0.04,8.55,MIN_PROFIT_TP_HIT,0.0808
340,TRUMP_USDT,LONG,StochasticRSI(FAST_SCALP-LONG),2,0.2,1.746,1.74,1.748,1.74,2026-07-03 08:55:59 UTC,2026-07-03 09:00:47 UTC,287.43,0.3492,0.0047,0.0,-0.0012,-0.11,-25.77,STOP_LOSS_HIT,0.0796
341,TRUMP_USDT,SHORT,StochasticRSI(FAST_SCALP-SHORT),2,0.2,1.754,1.76,1.752,1.76,2026-07-03 09:10:59 UTC,2026-07-03 09:13:27 UTC,147.02,0.3508,0.0047,0.0,-0.0012,-0.11,-25.66,STOP_LOSS_HIT,0.0784
342,TRUMP_USDT,SHORT,StochasticRSI(FAST_SCALP-SHORT),2,0.2,1.754,1.752,1.752,1.76,2026-07-03 09:18:59 UTC,2026-07-03 09:20:59 UTC,119.46,0.3508,0.0047,0.0,0.0004,0.04,8.55,MIN_PROFIT_TP_HIT,0.0788
343,TRUMP_USDT,LONG,StochasticRSI(FAST_SCALP-LONG),2,0.2,1.752,1.754,1.754,1.746,2026-07-03 09:22:59 UTC,2026-07-03 09:26:07 UTC,187.11,0.3504,0.0047,0.0,0.0004,0.04,8.56,MIN_PROFIT_TP_HIT,0.0792
344,TRUMP_USDT,SHORT,StochasticRSI(FAST_SCALP-SHORT),2,0.2,1.759,1.757,1.757,1.765,2026-07-03 09:31:59 UTC,2026-07-03 09:35:09 UTC,189.27,0.3518,0.0047,0.0,0.0004,0.04,8.53,MIN_PROFIT_TP_HIT,0.0796
345,TRUMP_USDT,LONG,StochasticRSI(FAST_SCALP-LONG),2,0.2,1.747,1.749,1.749,1.741,2026-07-03 09:40:59 UTC,2026-07-03 09:42:09 UTC,69.82,0.3494,0.0047,0.0,0.0004,0.04,8.59,MIN_PROFIT_TP_HIT,0.08
346,TRUMP_USDT,LONG,StochasticRSI(FAST_SCALP-LONG),2,0.2,1.75,1.752,1.752,1.744,2026-07-03 09:43:59 UTC,2026-07-03 09:45:06 UTC,66.05,0.35,0.0047,0.0,0.0004,0.04,8.57,MIN_PROFIT_TP_HIT,0.0804
347,TRUMP_USDT,SHORT,StochasticRSI(FAST_SCALP-SHORT),2,0.2,1.753,1.751,1.751,1.759,2026-07-03 09:48:59 UTC,2026-07-03 09:52:06 UTC,186.72,0.3506,0.0047,0.0,0.0004,0.04,8.56,MIN_PROFIT_TP_HIT,0.0808
348,TRUMP_USDT,LONG,StochasticRSI(FAST_SCALP-LONG),2,0.2,1.755,1.757,1.757,1.749,2026-07-03 09:56:59 UTC,2026-07-03 09:59:24 UTC,144.6,0.351,0.0047,0.0,0.0004,0.04,8.55,MIN_PROFIT_TP_HIT,0.0812
349,TRUMP_USDT,SHORT,StochasticRSI(FAST_SCALP-SHORT),2,0.2,1.759,1.757,1.757,1.765,2026-07-03 10:04:59 UTC,2026-07-03 10:08:07 UTC,187.27,0.3518,0.0047,0.0,0.0004,0.04,8.53,MIN_PROFIT_TP_HIT,0.0816
350,TRUMP_USDT,LONG,StochasticRSI(FAST_SCALP-LONG),2,0.2,1.758,1.752,1.76,1.752,2026-07-03 10:13:59 UTC,2026-07-03 10:17:08 UTC,188.58,0.3516,0.0047,0.0,-0.0012,-0.11,-25.6,STOP_LOSS_HIT,0.0804
351,TRUMP_USDT,LONG,StochasticRSI(FAST_SCALP-LONG),2,0.2,1.752,1.754,1.754,1.746,2026-07-03 10:20:59 UTC,2026-07-03 10:22:07 UTC,67.68,0.3504,0.0047,0.0,0.0004,0.04,8.56,MIN_PROFIT_TP_HIT,0.0808
352,TRUMP_USDT,SHORT,StochasticRSI(FAST_SCALP-SHORT),2,0.2,1.762,1.76,1.76,1.768,2026-07-03 10:30:59 UTC,2026-07-03 10:33:07 UTC,127.13,0.3524,0.0047,0.0,0.0004,0.04,8.51,MIN_PROFIT_TP_HIT,0.0812
353,TRUMP_USDT,LONG,StochasticRSI(FAST_SCALP-LONG),2,0.2,1.76,1.762,1.762,1.754,2026-07-03 10:36:59 UTC,2026-07-03 10:37:01 UTC,1.19,0.352,0.0047,0.0,0.0004,0.04,8.52,MIN_PROFIT_TP_HIT,0.0816
354,TRUMP_USDT,LONG,StochasticRSI(FAST_SCALP-LONG),2,0.2,1.764,1.758,1.766,1.758,2026-07-03 10:44:59 UTC,2026-07-03 10:50:45 UTC,345.18,0.3528,0.0047,0.0,-0.0012,-0.11,-25.51,STOP_LOSS_HIT,0.0804
355,TRUMP_USDT,LONG,StochasticRSI(FAST_SCALP-LONG),2,0.2,1.763,1.765,1.765,1.757,2026-07-03 10:53:59 UTC,2026-07-03 10:55:13 UTC,73.46,0.3526,0.0047,0.0,0.0004,0.04,8.51,MIN_PROFIT_TP_HIT,0.0808
356,TRUMP_USDT,SHORT,StochasticRSI(FAST_SCALP-SHORT),2,0.2,1.765,1.763,1.763,1.771,2026-07-03 10:58:59 UTC,2026-07-03 10:59:31 UTC,31.04,0.353,0.0047,0.0,0.0004,0.04,8.5,MIN_PROFIT_TP_HIT,0.0812
357,TRUMP_USDT,LONG,StochasticRSI(FAST_SCALP-LONG),2,0.2,1.765,1.767,1.767,1.759,2026-07-03 11:04:59 UTC,2026-07-03 11:05:32 UTC,32.81,0.353,0.0047,0.0,0.0004,0.04,8.5,MIN_PROFIT_TP_HIT,0.0816
358,TRUMP_USDT,SHORT,StochasticRSI(FAST_SCALP-SHORT),2,0.2,1.762,1.76,1.76,1.768,2026-07-03 11:14:59 UTC,2026-07-03 11:19:50 UTC,290.36,0.3524,0.0047,0.0,0.0004,0.04,8.51,MIN_PROFIT_TP_HIT,0.082
359,TRUMP_USDT,LONG,StochasticRSI(FAST_SCALP-LONG),2,0.2,1.764,1.758,1.766,1.758,2026-07-03 11:22:59 UTC,2026-07-03 11:25:44 UTC,164.54,0.3528,0.0047,0.0,-0.0012,-0.11,-25.51,STOP_LOSS_HIT,0.0808
360,TRUMP_USDT,LONG,StochasticRSI(FAST_SCALP-LONG),2,0.2,1.757,1.751,1.759,1.751,2026-07-03 11:29:59 UTC,2026-07-03 11:44:37 UTC,877.47,0.3514,0.0047,0.0,-0.0012,-0.11,-25.61,STOP_LOSS_HIT,0.0796
361,TRUMP_USDT,LONG,StochasticRSI(FAST_SCALP-LONG),2,0.2,1.753,1.755,1.755,1.747,2026-07-03 11:48:59 UTC,2026-07-03 11:50:44 UTC,104.22,0.3506,0.0047,0.0,0.0004,0.04,8.56,MIN_PROFIT_TP_HIT,0.08
362,TRUMP_USDT,SHORT,StochasticRSI(FAST_SCALP-SHORT),2,0.2,1.753,1.759,1.751,1.759,2026-07-03 11:53:59 UTC,2026-07-03 11:54:47 UTC,47.23,0.3506,0.0047,0.0,-0.0012,-0.11,-25.67,STOP_LOSS_HIT,0.0788
363,TRUMP_USDT,SHORT,StochasticRSI(FAST_SCALP-SHORT),2,0.2,1.764,1.762,1.762,1.77,2026-07-03 12:03:59 UTC,2026-07-03 12:05:23 UTC,83.29,0.3528,0.0047,0.0,0.0004,0.04,8.5,MIN_PROFIT_TP_HIT,0.0792
364,TRUMP_USDT,LONG,StochasticRSI(FAST_SCALP-LONG),2,0.2,1.763,1.765,1.765,1.757,2026-07-03 12:09:59 UTC,2026-07-03 12:10:01 UTC,1.0,0.3526,0.0047,0.0,0.0004,0.04,8.51,MIN_PROFIT_TP_HIT,0.0796
365,TRUMP_USDT,SHORT,StochasticRSI(FAST_SCALP-SHORT),2,0.2,1.764,1.762,1.762,1.77,2026-07-03 12:15:59 UTC,2026-07-03 12:16:13 UTC,13.26,0.3528,0.0047,0.0,0.0004,0.04,8.5,MIN_PROFIT_TP_HIT,0.08
366,TRUMP_USDT,LONG,StochasticRSI(FAST_SCALP-LONG),2,0.2,1.759,1.761,1.761,1.753,2026-07-03 12:18:59 UTC,2026-07-03 12:19:03 UTC,3.23,0.3518,0.0047,0.0,0.0004,0.04,8.53,MIN_PROFIT_TP_HIT,0.0804
367,TRUMP_USDT,LONG,StochasticRSI(FAST_SCALP-LONG),2,0.2,1.76,1.762,1.762,1.754,2026-07-03 12:22:59 UTC,2026-07-03 12:24:47 UTC,107.84,0.352,0.0047,0.0,0.0004,0.04,8.52,MIN_PROFIT_TP_HIT,0.0808
368,TRUMP_USDT,SHORT,StochasticRSI(FAST_SCALP-SHORT),2,0.2,1.76,1.758,1.758,1.766,2026-07-03 12:29:59 UTC,2026-07-03 12:30:38 UTC,38.06,0.352,0.0047,0.0,0.0004,0.04,8.52,MIN_PROFIT_TP_HIT,0.0812
369,TRUMP_USDT,LONG,StochasticRSI(FAST_SCALP-LONG),2,0.2,1.755,1.757,1.757,1.749,2026-07-03 12:35:59 UTC,2026-07-03 12:42:09 UTC,369.42,0.351,0.0047,0.0,0.0004,0.04,8.55,MIN_PROFIT_TP_HIT,0.0816
370,TRUMP_USDT,SHORT,StochasticRSI(FAST_SCALP-SHORT),2,0.2,1.761,1.759,1.759,1.767,2026-07-03 12:49:59 UTC,2026-07-03 12:50:01 UTC,1.03,0.3522,0.0047,0.0,0.0004,0.04,8.52,MIN_PROFIT_TP_HIT,0.082
371,TRUMP_USDT,SHORT,StochasticRSI(FAST_SCALP-SHORT),2,0.2,1.76,1.758,1.758,1.766,2026-07-03 12:56:59 UTC,2026-07-03 12:58:49 UTC,109.13,0.352,0.0047,0.0,0.0004,0.04,8.52,MIN_PROFIT_TP_HIT,0.0824
372,TRUMP_USDT,LONG,StochasticRSI(FAST_SCALP-LONG),2,0.2,1.76,1.762,1.762,1.754,2026-07-03 13:00:59 UTC,2026-07-03 13:02:48 UTC,108.48,0.352,0.0047,0.0,0.0004,0.04,8.52,MIN_PROFIT_TP_HIT,0.0828
373,TRUMP_USDT,SHORT,StochasticRSI(FAST_SCALP-SHORT),2,0.2,1.763,1.769,1.761,1.769,2026-07-03 13:07:59 UTC,2026-07-03 13:26:45 UTC,1125.74,0.3526,0.0047,0.0,-0.0012,-0.11,-25.52,STOP_LOSS_HIT,0.0816
374,TRUMP_USDT,LONG,StochasticRSI(FAST_SCALP-LONG),2,0.2,1.767,1.761,1.769,1.761,2026-07-03 13:27:59 UTC,2026-07-03 13:32:38 UTC,278.48,0.3534,0.0047,0.0,-0.0012,-0.11,-25.47,STOP_LOSS_HIT,0.0804
375,TRUMP_USDT,LONG,StochasticRSI(FAST_SCALP-LONG),2,0.2,1.764,1.766,1.766,1.758,2026-07-03 13:34:59 UTC,2026-07-03 13:41:29 UTC,389.35,0.3528,0.0047,0.0,0.0004,0.04,8.5,MIN_PROFIT_TP_HIT,0.0808
376,TRUMP_USDT,SHORT,StochasticRSI(FAST_SCALP-SHORT),2,0.2,1.763,1.761,1.761,1.769,2026-07-03 13:43:59 UTC,2026-07-03 13:49:17 UTC,317.09,0.3526,0.0047,0.0,0.0004,0.04,8.51,MIN_PROFIT_TP_HIT,0.0812
377,TRUMP_USDT,LONG,StochasticRSI(FAST_SCALP-LONG),2,0.2,1.765,1.767,1.767,1.759,2026-07-03 13:52:59 UTC,2026-07-03 13:53:18 UTC,18.65,0.353,0.0047,0.0,0.0004,0.04,8.5,MIN_PROFIT_TP_HIT,0.0816
378,TRUMP_USDT,SHORT,StochasticRSI(FAST_SCALP-SHORT),2,0.2,1.764,1.762,1.762,1.77,2026-07-03 13:56:59 UTC,2026-07-03 13:58:36 UTC,96.67,0.3528,0.0047,0.0,0.0004,0.04,8.5,MIN_PROFIT_TP_HIT,0.082
379,TRUMP_USDT,LONG,StochasticRSI(FAST_SCALP-LONG),2,0.2,1.755,1.757,1.757,1.749,2026-07-03 14:03:59 UTC,2026-07-03 14:04:05 UTC,5.87,0.351,0.0047,0.0,0.0004,0.04,8.55,MIN_PROFIT_TP_HIT,0.0824
380,TRUMP_USDT,SHORT,StochasticRSI(FAST_SCALP-SHORT),2,0.2,1.756,1.754,1.754,1.762,2026-07-03 14:12:59 UTC,2026-07-03 14:13:40 UTC,40.27,0.3512,0.0047,0.0,0.0004,0.04,8.54,MIN_PROFIT_TP_HIT,0.0828
381,TRUMP_USDT,LONG,StochasticRSI(FAST_SCALP-LONG),2,0.2,1.756,1.758,1.758,1.75,2026-07-03 14:16:59 UTC,2026-07-03 14:18:37 UTC,97.82,0.3512,0.0047,0.0,0.0004,0.04,8.54,MIN_PROFIT_TP_HIT,0.0832
382,TRUMP_USDT,SHORT,StochasticRSI(FAST_SCALP-SHORT),2,0.2,1.757,1.755,1.755,1.763,2026-07-03 14:20:59 UTC,2026-07-03 14:21:21 UTC,21.18,0.3514,0.0047,0.0,0.0004,0.04,8.54,MIN_PROFIT_TP_HIT,0.0836
383,TRUMP_USDT,SHORT,StochasticRSI(FAST_SCALP-SHORT),2,0.2,1.758,1.756,1.756,1.764,2026-07-03 14:27:59 UTC,2026-07-03 14:30:55 UTC,175.16,0.3516,0.0047,0.0,0.0004,0.04,8.53,MIN_PROFIT_TP_HIT,0.084
384,TRUMP_USDT,LONG,StochasticRSI(FAST_SCALP-LONG),2,0.2,1.759,1.753,1.761,1.753,2026-07-03 14:32:59 UTC,2026-07-03 14:34:39 UTC,99.5,0.3518,0.0047,0.0,-0.0012,-0.11,-25.58,STOP_LOSS_HIT,0.0828
385,TRUMP_USDT,LONG,StochasticRSI(FAST_SCALP-LONG),2,0.2,1.757,1.759,1.759,1.751,2026-07-03 14:37:59 UTC,2026-07-03 14:40:49 UTC,169.37,0.3514,0.0047,0.0,0.0004,0.04,8.54,MIN_PROFIT_TP_HIT,0.0832
386,TRUMP_USDT,SHORT,StochasticRSI(FAST_SCALP-SHORT),2,0.2,1.764,1.762,1.762,1.77,2026-07-03 14:45:59 UTC,2026-07-03 14:46:23 UTC,23.24,0.3528,0.0047,0.0,0.0004,0.04,8.5,MIN_PROFIT_TP_HIT,0.0836
387,TRUMP_USDT,SHORT,StochasticRSI(FAST_SCALP-SHORT),2,0.2,1.765,1.771,1.763,1.771,2026-07-03 14:48:59 UTC,2026-07-03 15:01:00 UTC,720.74,0.353,0.0047,0.0,-0.0012,-0.11,-25.5,STOP_LOSS_HIT,0.0824
388,TRUMP_USDT,SHORT,StochasticRSI(FAST_SCALP-SHORT),2,0.2,1.775,1.773,1.773,1.781,2026-07-03 15:05:59 UTC,2026-07-03 15:06:11 UTC,11.3,0.355,0.0047,0.0,0.0004,0.04,8.45,MIN_PROFIT_TP_HIT,0.0828
389,TRUMP_USDT,SHORT,StochasticRSI(FAST_SCALP-SHORT),2,0.2,1.781,1.779,1.779,1.787,2026-07-03 15:10:59 UTC,2026-07-03 15:11:05 UTC,5.67,0.3562,0.0047,0.0,0.0004,0.04,8.42,MIN_PROFIT_TP_HIT,0.0832
390,TRUMP_USDT,LONG,StochasticRSI(FAST_SCALP-LONG),2,0.2,1.772,1.766,1.774,1.766,2026-07-03 15:18:59 UTC,2026-07-03 15:23:27 UTC,267.62,0.3544,0.0047,0.0,-0.0012,-0.11,-25.4,STOP_LOSS_HIT,0.082
391,TRUMP_USDT,LONG,StochasticRSI(FAST_SCALP-LONG),2,0.2,1.768,1.77,1.77,1.762,2026-07-03 15:26:59 UTC,2026-07-03 15:31:15 UTC,255.37,0.3536,0.0047,0.0,0.0004,0.04,8.48,MIN_PROFIT_TP_HIT,0.0824
392,TRUMP_USDT,SHORT,StochasticRSI(FAST_SCALP-SHORT),2,0.2,1.764,1.762,1.762,1.77,2026-07-03 15:34:59 UTC,2026-07-03 15:38:21 UTC,201.21,0.3528,0.0047,0.0,0.0004,0.04,8.5,MIN_PROFIT_TP_HIT,0.0828
393,TRUMP_USDT,LONG,StochasticRSI(FAST_SCALP-LONG),2,0.2,1.761,1.763,1.763,1.755,2026-07-03 15:44:59 UTC,2026-07-03 15:45:30 UTC,30.04,0.3522,0.0047,0.0,0.0004,0.04,8.52,MIN_PROFIT_TP_HIT,0.0832
394,TRUMP_USDT,SHORT,StochasticRSI(FAST_SCALP-SHORT),2,0.2,1.772,1.77,1.77,1.778,2026-07-03 16:03:59 UTC,2026-07-03 16:06:31 UTC,151.32,0.3544,0.0047,0.0,0.0004,0.04,8.47,MIN_PROFIT_TP_HIT,0.0836
395,TRUMP_USDT,SHORT,StochasticRSI(FAST_SCALP-SHORT),2,0.2,1.769,1.767,1.767,1.775,2026-07-03 16:07:59 UTC,2026-07-03 16:11:49 UTC,229.37,0.3538,0.0047,0.0,0.0004,0.04,8.48,MIN_PROFIT_TP_HIT,0.084
396,TRUMP_USDT,LONG,StochasticRSI(FAST_SCALP-LONG),2,0.2,1.775,1.777,1.777,1.769,2026-07-03 16:17:59 UTC,2026-07-03 16:18:52 UTC,52.82,0.355,0.0047,0.0,0.0004,0.04,8.45,MIN_PROFIT_TP_HIT,0.0844
397,TRUMP_USDT,SHORT,StochasticRSI(FAST_SCALP-SHORT),2,0.2,1.781,1.779,1.779,1.787,2026-07-03 16:26:59 UTC,2026-07-03 16:32:04 UTC,304.35,0.3562,0.0047,0.0,0.0004,0.04,8.42,MIN_PROFIT_TP_HIT,0.0848
398,TRUMP_USDT,LONG,StochasticRSI(FAST_SCALP-LONG),2,0.2,1.777,1.779,1.779,1.771,2026-07-03 16:35:59 UTC,2026-07-03 16:36:28 UTC,28.23,0.3554,0.0047,0.0,0.0004,0.04,8.44,MIN_PROFIT_TP_HIT,0.0852
399,TRUMP_USDT,LONG,StochasticRSI(FAST_SCALP-LONG),2,0.2,1.775,1.777,1.777,1.769,2026-07-03 16:45:59 UTC,2026-07-03 16:54:45 UTC,525.04,0.355,0.0047,0.0,0.0004,0.04,8.45,MIN_PROFIT_TP_HIT,0.0856
400,TRUMP_USDT,SHORT,StochasticRSI(FAST_SCALP-SHORT),2,0.2,1.779,1.777,1.777,1.785,2026-07-03 16:56:59 UTC,2026-07-03 16:57:11 UTC,11.59,0.3558,0.0047,0.0,0.0004,0.04,8.43,MIN_PROFIT_TP_HIT,0.086
401,TRUMP_USDT,SHORT,StochasticRSI(FAST_SCALP-SHORT),2,0.2,1.777,1.775,1.775,1.783,2026-07-03 16:58:59 UTC,2026-07-03 16:59:22 UTC,22.36,0.3554,0.0047,0.0,0.0004,0.04,8.44,MIN_PROFIT_TP_HIT,0.0864
402,TRUMP_USDT,LONG,StochasticRSI(FAST_SCALP-LONG),2,0.2,1.779,1.781,1.781,1.773,2026-07-03 17:03:59 UTC,2026-07-03 17:04:04 UTC,4.88,0.3558,0.0047,0.0,0.0004,0.04,8.43,MIN_PROFIT_TP_HIT,0.0868
403,TRUMP_USDT,SHORT,StochasticRSI(FAST_SCALP-SHORT),2,0.2,1.79,1.788,1.788,1.796,2026-07-03 17:09:59 UTC,2026-07-03 17:10:08 UTC,8.74,0.358,0.0048,0.0,0.0004,0.04,8.38,MIN_PROFIT_TP_HIT,0.0872
404,TRUMP_USDT,LONG,StochasticRSI(FAST_SCALP-LONG),2,0.2,1.79,1.792,1.792,1.784,2026-07-03 17:16:59 UTC,2026-07-03 17:22:18 UTC,318.53,0.358,0.0048,0.0,0.0004,0.04,8.38,MIN_PROFIT_TP_HIT,0.0876
405,TRUMP_USDT,SHORT,StochasticRSI(FAST_SCALP-SHORT),2,0.2,1.799,1.797,1.797,1.805,2026-07-03 17:29:59 UTC,2026-07-03 17:30:03 UTC,3.89,0.3598,0.0048,0.0,0.0004,0.04,8.34,MIN_PROFIT_TP_HIT,0.088
406,TRUMP_USDT,LONG,StochasticRSI(FAST_SCALP-LONG),2,0.2,1.796,1.798,1.798,1.79,2026-07-03 17:35:59 UTC,2026-07-03 17:41:54 UTC,354.52,0.3592,0.0048,0.0,0.0004,0.04,8.35,MIN_PROFIT_TP_HIT,0.0884
407,TRUMP_USDT,SHORT,StochasticRSI(FAST_SCALP-SHORT),2,0.2,1.792,1.79,1.79,1.798,2026-07-03 17:48:59 UTC,2026-07-03 17:54:08 UTC,308.5,0.3584,0.0048,0.0,0.0004,0.04,8.37,MIN_PROFIT_TP_HIT,0.0888
408,TRUMP_USDT,LONG,StochasticRSI(FAST_SCALP-LONG),2,0.2,1.792,1.786,1.794,1.786,2026-07-03 17:57:59 UTC,2026-07-03 18:03:29 UTC,329.86,0.3584,0.0048,0.0,-0.0012,-0.11,-25.11,STOP_LOSS_HIT,0.0876
409,TRUMP_USDT,LONG,StochasticRSI(FAST_SCALP-LONG),2,0.2,1.783,1.785,1.785,1.777,2026-07-03 18:11:59 UTC,2026-07-03 18:12:38 UTC,38.2,0.3566,0.0048,0.0,0.0004,0.04,8.41,MIN_PROFIT_TP_HIT,0.088
410,TRUMP_USDT,SHORT,StochasticRSI(FAST_SCALP-SHORT),2,0.2,1.784,1.79,1.782,1.79,2026-07-03 18:17:59 UTC,2026-07-03 18:28:11 UTC,611.35,0.3568,0.0048,0.0,-0.0012,-0.11,-25.22,STOP_LOSS_HIT,0.0868
411,TRUMP_USDT,SHORT,StochasticRSI(FAST_SCALP-SHORT),2,0.2,1.791,1.789,1.789,1.797,2026-07-03 18:40:59 UTC,2026-07-03 18:41:05 UTC,5.19,0.3582,0.0048,0.0,0.0004,0.04,8.38,MIN_PROFIT_TP_HIT,0.0872
412,TRUMP_USDT,LONG,StochasticRSI(FAST_SCALP-LONG),2,0.2,1.785,1.787,1.787,1.779,2026-07-03 18:47:59 UTC,2026-07-03 18:51:19 UTC,199.0,0.357,0.0048,0.0,0.0004,0.04,8.4,MIN_PROFIT_TP_HIT,0.0876
413,TRUMP_USDT,SHORT,StochasticRSI(FAST_SCALP-SHORT),2,0.2,1.79,1.788,1.788,1.796,2026-07-03 18:56:59 UTC,2026-07-03 18:57:15 UTC,15.61,0.358,0.0048,0.0,0.0004,0.04,8.38,MIN_PROFIT_TP_HIT,0.088
414,TRUMP_USDT,SHORT,StochasticRSI(FAST_SCALP-SHORT),2,0.2,1.789,1.787,1.787,1.795,2026-07-03 18:58:59 UTC,2026-07-03 18:59:53 UTC,53.6,0.3578,0.0048,0.0,0.0004,0.04,8.38,MIN_PROFIT_TP_HIT,0.0884
415,TRUMP_USDT,LONG,StochasticRSI(FAST_SCALP-LONG),2,0.2,1.788,1.79,1.79,1.782,2026-07-03 19:04:59 UTC,2026-07-03 19:15:45 UTC,645.87,0.3576,0.0048,0.0,0.0004,0.04,8.39,MIN_PROFIT_TP_HIT,0.0888
416,TRUMP_USDT,SHORT,StochasticRSI(FAST_SCALP-SHORT),2,0.2,1.797,1.803,1.795,1.803,2026-07-03 19:20:59 UTC,2026-07-03 19:25:07 UTC,247.31,0.3594,0.0048,0.0,-0.0012,-0.11,-25.04,STOP_LOSS_HIT,0.0876
417,TRUMP_USDT,SHORT,StochasticRSI(FAST_SCALP-SHORT),2,0.2,1.807,1.805,1.805,1.813,2026-07-03 19:29:59 UTC,2026-07-03 19:31:36 UTC,96.49,0.3614,0.0048,0.0,0.0004,0.04,8.3,MIN_PROFIT_TP_HIT,0.088
418,TRUMP_USDT,LONG,StochasticRSI(FAST_SCALP-LONG),2,0.2,1.801,1.803,1.803,1.795,2026-07-03 19:39:59 UTC,2026-07-03 19:40:21 UTC,21.33,0.3602,0.0048,0.0,0.0004,0.04,8.33,MIN_PROFIT_TP_HIT,0.0884
419,TRUMP_USDT,LONG,StochasticRSI(FAST_SCALP-LONG),2,0.2,1.794,1.796,1.796,1.788,2026-07-03 19:49:59 UTC,2026-07-03 19:57:19 UTC,439.11,0.3588,0.0048,0.0,0.0004,0.04,8.36,MIN_PROFIT_TP_HIT,0.0888
420,TRUMP_USDT,SHORT,StochasticRSI(FAST_SCALP-SHORT),2,0.2,1.792,1.79,1.79,1.798,2026-07-03 20:01:59 UTC,2026-07-03 20:05:10 UTC,190.75,0.3584,0.0048,0.0,0.0004,0.04,8.37,MIN_PROFIT_TP_HIT,0.0892
421,TRUMP_USDT,LONG,StochasticRSI(FAST_SCALP-LONG),2,0.2,1.793,1.795,1.795,1.787,2026-07-03 20:08:59 UTC,2026-07-03 20:14:37 UTC,337.0,0.3586,0.0048,0.0,0.0004,0.04,8.37,MIN_PROFIT_TP_HIT,0.0896
422,TRUMP_USDT,SHORT,StochasticRSI(FAST_SCALP-SHORT),2,0.2,1.796,1.794,1.794,1.802,2026-07-03 20:18:59 UTC,2026-07-03 20:21:19 UTC,139.62,0.3592,0.0048,0.0,0.0004,0.04,8.35,MIN_PROFIT_TP_HIT,0.09
423,TRUMP_USDT,SHORT,StochasticRSI(FAST_SCALP-SHORT),2,0.2,1.795,1.793,1.793,1.801,2026-07-03 20:22:59 UTC,2026-07-03 20:23:15 UTC,15.92,0.359,0.0048,0.0,0.0004,0.04,8.36,MIN_PROFIT_TP_HIT,0.0904
424,TRUMP_USDT,LONG,StochasticRSI(FAST_SCALP-LONG),2,0.2,1.808,1.802,1.81,1.802,2026-07-03 20:36:59 UTC,2026-07-03 20:37:55 UTC,55.44,0.3616,0.0048,0.0,-0.0012,-0.11,-24.89,STOP_LOSS_HIT,0.0892
425,TRUMP_USDT,LONG,StochasticRSI(FAST_SCALP-LONG),2,0.2,1.802,1.804,1.804,1.796,2026-07-03 20:46:59 UTC,2026-07-03 20:48:03 UTC,63.31,0.3604,0.0048,0.0,0.0004,0.04,8.32,MIN_PROFIT_TP_HIT,0.0896
426,TRUMP_USDT,SHORT,StochasticRSI(FAST_SCALP-SHORT),2,0.2,1.799,1.805,1.797,1.805,2026-07-03 20:50:59 UTC,2026-07-03 20:51:59 UTC,59.62,0.3598,0.0048,0.0,-0.0012,-0.11,-25.01,STOP_LOSS_HIT,0.0884
427,TRUMP_USDT,LONG,StochasticRSI(FAST_SCALP-LONG),2,0.2,1.795,1.797,1.797,1.789,2026-07-03 20:58:59 UTC,2026-07-03 20:59:38 UTC,38.96,0.359,0.0048,0.0,0.0004,0.04,8.36,MIN_PROFIT_TP_HIT,0.0888
428,TRUMP_USDT,SHORT,StochasticRSI(FAST_SCALP-SHORT),2,0.2,1.799,1.797,1.797,1.805,2026-07-03 21:08:59 UTC,2026-07-03 21:09:07 UTC,7.33,0.3598,0.0048,0.0,0.0004,0.04,8.34,MIN_PROFIT_TP_HIT,0.0892
429,TRUMP_USDT,LONG,StochasticRSI(FAST_SCALP-LONG),2,0.2,1.795,1.797,1.797,1.789,2026-07-03 21:21:59 UTC,2026-07-03 21:22:28 UTC,28.32,0.359,0.0048,0.0,0.0004,0.04,8.36,MIN_PROFIT_TP_HIT,0.0896
430,TRUMP_USDT,SHORT,StochasticRSI(FAST_SCALP-SHORT),2,0.2,1.797,1.795,1.795,1.803,2026-07-03 21:26:59 UTC,2026-07-03 21:27:15 UTC,15.2,0.3594,0.0048,0.0,0.0004,0.04,8.35,MIN_PROFIT_TP_HIT,0.09
431,TRUMP_USDT,SHORT,StochasticRSI(FAST_SCALP-SHORT),2,0.2,1.793,1.791,1.791,1.799,2026-07-03 21:31:59 UTC,2026-07-03 21:33:58 UTC,118.08,0.3586,0.0048,0.0,0.0004,0.04,8.37,MIN_PROFIT_TP_HIT,0.0904
432,TRUMP_USDT,LONG,StochasticRSI(FAST_SCALP-LONG),2,0.2,1.785,1.787,1.787,1.779,2026-07-03 21:40:59 UTC,2026-07-03 21:47:08 UTC,368.85,0.357,0.0048,0.0,0.0004,0.04,8.4,MIN_PROFIT_TP_HIT,0.0908
433,TRUMP_USDT,SHORT,StochasticRSI(FAST_SCALP-SHORT),2,0.2,1.791,1.789,1.789,1.797,2026-07-03 21:56:59 UTC,2026-07-03 22:00:00 UTC,180.42,0.3582,0.0048,0.0,0.0004,0.04,8.38,MIN_PROFIT_TP_HIT,0.0912
434,TRUMP_USDT,LONG,StochasticRSI(FAST_SCALP-LONG),2,0.2,1.793,1.795,1.795,1.787,2026-07-03 22:01:59 UTC,2026-07-03 22:02:52 UTC,52.92,0.3586,0.0048,0.0,0.0004,0.04,8.37,MIN_PROFIT_TP_HIT,0.0916
435,TRUMP_USDT,LONG,StochasticRSI(FAST_SCALP-LONG),2,0.2,1.785,1.787,1.787,1.779,2026-07-03 22:09:59 UTC,2026-07-03 22:17:45 UTC,465.08,0.357,0.0048,0.0,0.0004,0.04,8.4,MIN_PROFIT_TP_HIT,0.092
436,TRUMP_USDT,SHORT,StochasticRSI(FAST_SCALP-SHORT),2,0.2,1.786,1.784,1.784,1.792,2026-07-03 22:20:59 UTC,2026-07-03 22:22:07 UTC,67.13,0.3572,0.0048,0.0,0.0004,0.04,8.4,MIN_PROFIT_TP_HIT,0.0924
437,TRUMP_USDT,LONG,StochasticRSI(FAST_SCALP-LONG),2,0.2,1.775,1.777,1.777,1.769,2026-07-03 22:43:59 UTC,2026-07-03 22:46:39 UTC,159.33,0.355,0.0047,0.0,0.0004,0.04,8.45,MIN_PROFIT_TP_HIT,0.0928
438,TRUMP_USDT,SHORT,StochasticRSI(FAST_SCALP-SHORT),2,0.2,1.773,1.771,1.771,1.779,2026-07-03 22:55:59 UTC,2026-07-03 23:02:09 UTC,369.67,0.3546,0.0047,0.0,0.0004,0.04,8.46,MIN_PROFIT_TP_HIT,0.0932
439,TRUMP_USDT,LONG,StochasticRSI(FAST_SCALP-LONG),2,0.2,1.773,1.767,1.775,1.767,2026-07-03 23:22:59 UTC,2026-07-03 23:26:11 UTC,191.71,0.3546,0.0047,0.0,-0.0012,-0.11,-25.38,STOP_LOSS_HIT,0.092
440,TRUMP_USDT,LONG,StochasticRSI(FAST_SCALP-LONG),2,0.2,1.768,1.77,1.77,1.762,2026-07-03 23:28:59 UTC,2026-07-03 23:31:20 UTC,140.18,0.3536,0.0047,0.0,0.0004,0.04,8.48,MIN_PROFIT_TP_HIT,0.0924
441,TRUMP_USDT,SHORT,StochasticRSI(FAST_SCALP-SHORT),2,0.2,1.771,1.777,1.769,1.777,2026-07-03 23:34:59 UTC,2026-07-03 23:41:19 UTC,379.5,0.3542,0.0047,0.0,-0.0012,-0.11,-25.41,STOP_LOSS_HIT,0.0912
442,TRUMP_USDT,SHORT,StochasticRSI(FAST_SCALP-SHORT),2,0.2,1.774,1.78,1.772,1.78,2026-07-03 23:43:59 UTC,2026-07-03 23:45:22 UTC,82.4,0.3548,0.0047,0.0,-0.0012,-0.11,-25.37,STOP_LOSS_HIT,0.09
443,TRUMP_USDT,LONG,StochasticRSI(FAST_SCALP-LONG),2,0.2,1.787,1.789,1.789,1.781,2026-07-03 23:58:59 UTC,2026-07-03 23:59:09 UTC,9.06,0.3574,0.0048,0.0,0.0004,0.04,8.39,MIN_PROFIT_TP_HIT,0.0904
444,TRUMP_USDT,SHORT,StochasticRSI(FAST_SCALP-SHORT),2,0.2,1.799,1.797,1.797,1.805,2026-07-04 00:06:59 UTC,2026-07-04 00:07:00 UTC,0.64,0.3598,0.0048,0.0,0.0004,0.04,8.34,MIN_PROFIT_TP_HIT,0.0908
445,TRUMP_USDT,LONG,StochasticRSI(FAST_SCALP-LONG),2,0.2,1.792,1.794,1.794,1.786,2026-07-04 00:12:59 UTC,2026-07-04 00:13:28 UTC,28.16,0.3584,0.0048,0.0,0.0004,0.04,8.37,MIN_PROFIT_TP_HIT,0.0912
446,TRUMP_USDT,LONG,StochasticRSI(FAST_SCALP-LONG),2,0.2,1.785,1.787,1.787,1.779,2026-07-04 00:23:59 UTC,2026-07-04 00:24:13 UTC,13.27,0.357,0.0048,0.0,0.0004,0.04,8.4,MIN_PROFIT_TP_HIT,0.0916
447,TRUMP_USDT,LONG,StochasticRSI(FAST_SCALP-LONG),2,0.2,1.784,1.786,1.786,1.778,2026-07-04 00:26:59 UTC,2026-07-04 00:28:28 UTC,88.3,0.3568,0.0048,0.0,0.0004,0.04,8.41,MIN_PROFIT_TP_HIT,0.092
448,TRUMP_USDT,SHORT,StochasticRSI(FAST_SCALP-SHORT),2,0.2,1.787,1.785,1.785,1.793,2026-07-04 00:32:59 UTC,2026-07-04 00:34:08 UTC,68.2,0.3574,0.0048,0.0,0.0004,0.04,8.39,MIN_PROFIT_TP_HIT,0.0924
449,TRUMP_USDT,SHORT,StochasticRSI(FAST_SCALP-SHORT),2,0.2,1.784,1.782,1.782,1.79,2026-07-04 00:36:59 UTC,2026-07-04 00:38:19 UTC,79.21,0.3568,0.0048,0.0,0.0004,0.04,8.41,MIN_PROFIT_TP_HIT,0.0928
450,TRUMP_USDT,SHORT,StochasticRSI(FAST_SCALP-SHORT),2,0.2,1.786,1.784,1.784,1.792,2026-07-04 00:45:59 UTC,2026-07-04 00:46:21 UTC,21.7,0.3572,0.0048,0.0,0.0004,0.04,8.4,MIN_PROFIT_TP_HIT,0.0932
451,TRUMP_USDT,SHORT,StochasticRSI(FAST_SCALP-SHORT),2,0.2,1.78,1.778,1.778,1.786,2026-07-04 01:01:59 UTC,2026-07-04 01:02:00 UTC,0.89,0.356,0.0047,0.0,0.0004,0.04,8.43,MIN_PROFIT_TP_HIT,0.0936
452,TRUMP_USDT,LONG,StochasticRSI(FAST_SCALP-LONG),2,0.2,1.778,1.78,1.78,1.772,2026-07-04 01:04:59 UTC,2026-07-04 01:06:04 UTC,64.17,0.3556,0.0047,0.0,0.0004,0.04,8.44,MIN_PROFIT_TP_HIT,0.094
453,TRUMP_USDT,SHORT,StochasticRSI(FAST_SCALP-SHORT),2,0.2,1.785,1.783,1.783,1.791,2026-07-04 01:20:59 UTC,2026-07-04 01:21:50 UTC,50.21,0.357,0.0048,0.0,0.0004,0.04,8.4,MIN_PROFIT_TP_HIT,0.0944
454,TRUMP_USDT,LONG,StochasticRSI(FAST_SCALP-LONG),2,0.2,1.775,1.769,1.777,1.769,2026-07-04 01:29:59 UTC,2026-07-04 01:38:38 UTC,518.08,0.355,0.0047,0.0,-0.0012,-0.11,-25.35,STOP_LOSS_HIT,0.0932
455,TRUMP_USDT,LONG,StochasticRSI(FAST_SCALP-LONG),2,0.2,1.77,1.764,1.772,1.764,2026-07-04 01:42:59 UTC,2026-07-04 01:45:06 UTC,126.67,0.354,0.0047,0.0,-0.0012,-0.11,-25.42,STOP_LOSS_HIT,0.092
456,TRUMP_USDT,LONG,StochasticRSI(FAST_SCALP-LONG),2,0.2,1.762,1.764,1.764,1.756,2026-07-04 01:49:59 UTC,2026-07-04 01:50:06 UTC,6.09,0.3524,0.0047,0.0,0.0004,0.04,8.51,MIN_PROFIT_TP_HIT,0.0924
457,TRUMP_USDT,SHORT,StochasticRSI(FAST_SCALP-SHORT),2,0.2,1.763,1.761,1.761,1.769,2026-07-04 01:53:59 UTC,2026-07-04 01:56:12 UTC,132.66,0.3526,0.0047,0.0,0.0004,0.04,8.51,MIN_PROFIT_TP_HIT,0.0928
458,TRUMP_USDT,SHORT,StochasticRSI(FAST_SCALP-SHORT),2,0.2,1.767,1.765,1.765,1.773,2026-07-04 02:01:59 UTC,2026-07-04 02:02:06 UTC,6.62,0.3534,0.0047,0.0,0.0004,0.04,8.49,MIN_PROFIT_TP_HIT,0.0932
459,TRUMP_USDT,SHORT,StochasticRSI(FAST_SCALP-SHORT),2,0.2,1.769,1.767,1.767,1.775,2026-07-04 02:06:59 UTC,2026-07-04 02:07:15 UTC,15.48,0.3538,0.0047,0.0,0.0004,0.04,8.48,MIN_PROFIT_TP_HIT,0.0936
460,TRUMP_USDT,SHORT,StochasticRSI(FAST_SCALP-SHORT),2,0.2,1.768,1.774,1.766,1.774,2026-07-04 02:08:59 UTC,2026-07-04 02:09:41 UTC,41.21,0.3536,0.0047,0.0,-0.0012,-0.11,-25.45,STOP_LOSS_HIT,0.0924
461,TRUMP_USDT,SHORT,StochasticRSI(FAST_SCALP-SHORT),2,0.2,1.775,1.773,1.773,1.781,2026-07-04 02:14:59 UTC,2026-07-04 02:16:41 UTC,101.53,0.355,0.0047,0.0,0.0004,0.04,8.45,MIN_PROFIT_TP_HIT,0.0928
462,TRUMP_USDT,LONG,StochasticRSI(FAST_SCALP-LONG),2,0.2,1.775,1.777,1.777,1.769,2026-07-04 02:25:59 UTC,2026-07-04 02:28:15 UTC,135.48,0.355,0.0047,0.0,0.0004,0.04,8.45,MIN_PROFIT_TP_HIT,0.0932
463,TRUMP_USDT,SHORT,StochasticRSI(FAST_SCALP-SHORT),2,0.2,1.776,1.774,1.774,1.782,2026-07-04 02:31:59 UTC,2026-07-04 02:32:32 UTC,32.88,0.3552,0.0047,0.0,0.0004,0.04,8.45,MIN_PROFIT_TP_HIT,0.0936
464,TRUMP_USDT,LONG,StochasticRSI(FAST_SCALP-LONG),2,0.2,1.778,1.78,1.78,1.772,2026-07-04 02:36:59 UTC,2026-07-04 02:38:46 UTC,106.95,0.3556,0.0047,0.0,0.0004,0.04,8.44,MIN_PROFIT_TP_HIT,0.094
465,TRUMP_USDT,LONG,StochasticRSI(FAST_SCALP-LONG),2,0.2,1.777,1.779,1.779,1.771,2026-07-04 02:50:59 UTC,2026-07-04 02:51:23 UTC,23.14,0.3554,0.0047,0.0,0.0004,0.04,8.44,MIN_PROFIT_TP_HIT,0.0944
466,TRUMP_USDT,LONG,StochasticRSI(FAST_SCALP-LONG),2,0.2,1.78,1.782,1.782,1.774,2026-07-04 02:59:59 UTC,2026-07-04 03:00:09 UTC,9.33,0.356,0.0047,0.0,0.0004,0.04,8.43,MIN_PROFIT_TP_HIT,0.0948
467,TRUMP_USDT,SHORT,StochasticRSI(FAST_SCALP-SHORT),2,0.2,1.778,1.776,1.776,1.784,2026-07-04 03:03:59 UTC,2026-07-04 03:05:01 UTC,61.32,0.3556,0.0047,0.0,0.0004,0.04,8.44,MIN_PROFIT_TP_HIT,0.0952
468,TRUMP_USDT,LONG,StochasticRSI(FAST_SCALP-LONG),2,0.2,1.779,1.781,1.781,1.773,2026-07-04 03:10:59 UTC,2026-07-04 03:11:36 UTC,36.4,0.3558,0.0047,0.0,0.0004,0.04,8.43,MIN_PROFIT_TP_HIT,0.0956
469,TRUMP_USDT,SHORT,StochasticRSI(FAST_SCALP-SHORT),2,0.2,1.784,1.782,1.782,1.79,2026-07-04 03:18:59 UTC,2026-07-04 03:19:17 UTC,17.77,0.3568,0.0048,0.0,0.0004,0.04,8.41,MIN_PROFIT_TP_HIT,0.096
470,TRUMP_USDT,LONG,StochasticRSI(FAST_SCALP-LONG),2,0.2,1.781,1.783,1.783,1.775,2026-07-04 03:23:59 UTC,2026-07-04 03:25:48 UTC,108.02,0.3562,0.0047,0.0,0.0004,0.04,8.42,MIN_PROFIT_TP_HIT,0.0964
471,TRUMP_USDT,LONG,StochasticRSI(FAST_SCALP-LONG),2,0.2,1.786,1.788,1.788,1.78,2026-07-04 03:26:59 UTC,2026-07-04 03:32:25 UTC,325.73,0.3572,0.0048,0.0,0.0004,0.04,8.4,MIN_PROFIT_TP_HIT,0.0968
472,TRUMP_USDT,SHORT,StochasticRSI(FAST_SCALP-SHORT),2,0.2,1.788,1.786,1.786,1.794,2026-07-04 03:36:59 UTC,2026-07-04 03:38:04 UTC,64.23,0.3576,0.0048,0.0,0.0004,0.04,8.39,MIN_PROFIT_TP_HIT,0.0972
473,TRUMP_USDT,SHORT,StochasticRSI(FAST_SCALP-SHORT),2,0.2,1.793,1.791,1.791,1.799,2026-07-04 03:41:59 UTC,2026-07-04 03:43:04 UTC,64.68,0.3586,0.0048,0.0,0.0004,0.04,8.37,MIN_PROFIT_TP_HIT,0.0976
474,TRUMP_USDT,LONG,StochasticRSI(FAST_SCALP-LONG),2,0.2,1.786,1.788,1.788,1.78,2026-07-04 03:50:59 UTC,2026-07-04 03:52:59 UTC,119.44,0.3572,0.0048,0.0,0.0004,0.04,8.4,MIN_PROFIT_TP_HIT,0.098
475,TRUMP_USDT,LONG,StochasticRSI(FAST_SCALP-LONG),2,0.2,1.785,1.787,1.787,1.779,2026-07-04 03:53:59 UTC,2026-07-04 03:59:00 UTC,301.0,0.357,0.0048,0.0,0.0004,0.04,8.4,MIN_PROFIT_TP_HIT,0.0984
476,TRUMP_USDT,SHORT,StochasticRSI(FAST_SCALP-SHORT),2,0.2,1.786,1.784,1.784,1.792,2026-07-04 04:03:59 UTC,2026-07-04 04:04:59 UTC,59.86,0.3572,0.0048,0.0,0.0004,0.04,8.4,MIN_PROFIT_TP_HIT,0.0988
477,TRUMP_USDT,SHORT,StochasticRSI(FAST_SCALP-SHORT),2,0.2,1.788,1.786,1.786,1.794,2026-07-04 04:09:59 UTC,2026-07-04 04:11:16 UTC,76.56,0.3576,0.0048,0.0,0.0004,0.04,8.39,MIN_PROFIT_TP_HIT,0.0992
478,TRUMP_USDT,LONG,StochasticRSI(FAST_SCALP-LONG),2,0.2,1.784,1.786,1.786,1.778,2026-07-04 04:22:59 UTC,2026-07-04 04:23:40 UTC,40.9,0.3568,0.0048,0.0,0.0004,0.04,8.41,MIN_PROFIT_TP_HIT,0.0996
479,TRUMP_USDT,SHORT,StochasticRSI(FAST_SCALP-SHORT),2,0.2,1.786,1.792,1.784,1.792,2026-07-04 04:30:59 UTC,2026-07-04 04:33:22 UTC,142.36,0.3572,0.0048,0.0,-0.0012,-0.11,-25.2,STOP_LOSS_HIT,0.0984
480,TRUMP_USDT,SHORT,StochasticRSI(FAST_SCALP-SHORT),2,0.2,1.789,1.795,1.787,1.795,2026-07-04 04:35:59 UTC,2026-07-04 04:40:25 UTC,265.72,0.3578,0.0048,0.0,-0.0012,-0.11,-25.15,STOP_LOSS_HIT,0.0972
481,TRUMP_USDT,SHORT,StochasticRSI(FAST_SCALP-SHORT),2,0.2,1.795,1.793,1.793,1.801,2026-07-04 04:43:59 UTC,2026-07-04 04:59:58 UTC,958.38,0.359,0.0048,0.0,0.0004,0.04,8.36,MIN_PROFIT_TP_HIT,0.0976
482,TRUMP_USDT,LONG,StochasticRSI(FAST_SCALP-LONG),2,0.2,1.782,1.784,1.784,1.776,2026-07-04 05:05:59 UTC,2026-07-04 05:06:07 UTC,7.15,0.3564,0.0048,0.0,0.0004,0.04,8.42,MIN_PROFIT_TP_HIT,0.098
483,TRUMP_USDT,SHORT,StochasticRSI(FAST_SCALP-SHORT),2,0.2,1.786,1.784,1.784,1.792,2026-07-04 05:18:59 UTC,2026-07-04 05:19:25 UTC,25.95,0.3572,0.0048,0.0,0.0004,0.04,8.4,MIN_PROFIT_TP_HIT,0.0984
484,TRUMP_USDT,LONG,StochasticRSI(FAST_SCALP-LONG),2,0.2,1.783,1.785,1.785,1.777,2026-07-04 05:24:59 UTC,2026-07-04 05:27:59 UTC,179.69,0.3566,0.0048,0.0,0.0004,0.04,8.41,MIN_PROFIT_TP_HIT,0.0988
485,TRUMP_USDT,LONG,StochasticRSI(FAST_SCALP-LONG),2,0.2,1.782,1.784,1.784,1.776,2026-07-04 05:28:59 UTC,2026-07-04 05:29:33 UTC,33.44,0.3564,0.0048,0.0,0.0004,0.04,8.42,MIN_PROFIT_TP_HIT,0.0992
486,TRUMP_USDT,SHORT,StochasticRSI(FAST_SCALP-SHORT),2,0.2,1.784,1.782,1.782,1.79,2026-07-04 05:34:59 UTC,2026-07-04 05:55:52 UTC,1252.9,0.3568,0.0048,0.0,0.0004,0.04,8.41,MIN_PROFIT_TP_HIT,0.0996
487,TRUMP_USDT,LONG,StochasticRSI(FAST_SCALP-LONG),2,0.2,1.785,1.787,1.787,1.779,2026-07-04 05:58:59 UTC,2026-07-04 06:00:08 UTC,68.48,0.357,0.0048,0.0,0.0004,0.04,8.4,MIN_PROFIT_TP_HIT,0.1
488,TRUMP_USDT,SHORT,StochasticRSI(FAST_SCALP-SHORT),2,0.2,1.788,1.786,1.786,1.794,2026-07-04 06:04:59 UTC,2026-07-04 06:05:54 UTC,54.24,0.3576,0.0048,0.0,0.0004,0.04,8.39,MIN_PROFIT_TP_HIT,0.1004
489,TRUMP_USDT,SHORT,StochasticRSI(FAST_SCALP-SHORT),2,0.2,1.787,1.785,1.785,1.793,2026-07-04 06:06:59 UTC,2026-07-04 06:08:18 UTC,78.01,0.3574,0.0048,0.0,0.0004,0.04,8.39,MIN_PROFIT_TP_HIT,0.1008
490,TRUMP_USDT,LONG,StochasticRSI(FAST_SCALP-LONG),2,0.2,1.783,1.785,1.785,1.777,2026-07-04 06:15:59 UTC,2026-07-04 06:17:24 UTC,84.56,0.3566,0.0048,0.0,0.0004,0.04,8.41,MIN_PROFIT_TP_HIT,0.1012
491,TRUMP_USDT,SHORT,StochasticRSI(FAST_SCALP-SHORT),2,0.2,1.782,1.78,1.78,1.788,2026-07-04 06:21:59 UTC,2026-07-04 06:22:20 UTC,20.75,0.3564,0.0048,0.0,0.0004,0.04,8.42,MIN_PROFIT_TP_HIT,0.1016
492,TRUMP_USDT,LONG,StochasticRSI(FAST_SCALP-LONG),2,0.2,1.773,1.775,1.775,1.767,2026-07-04 06:29:59 UTC,2026-07-04 06:30:55 UTC,55.82,0.3546,0.0047,0.0,0.0004,0.04,8.46,MIN_PROFIT_TP_HIT,0.102
493,TRUMP_USDT,SHORT,StochasticRSI(FAST_SCALP-SHORT),2,0.2,1.771,1.777,1.769,1.777,2026-07-04 06:34:59 UTC,2026-07-04 06:48:58 UTC,838.54,0.3542,0.0047,0.0,-0.0012,-0.11,-25.41,STOP_LOSS_HIT,0.1008
494,TRUMP_USDT,SHORT,StochasticRSI(FAST_SCALP-SHORT),2,0.2,1.776,1.774,1.774,1.782,2026-07-04 06:50:59 UTC,2026-07-04 07:02:22 UTC,682.39,0.3552,0.0047,0.0,0.0004,0.04,8.45,MIN_PROFIT_TP_HIT,0.1012
495,TRUMP_USDT,LONG,StochasticRSI(FAST_SCALP-LONG),2,0.2,1.773,1.775,1.775,1.767,2026-07-04 07:07:59 UTC,2026-07-04 07:10:09 UTC,129.23,0.3546,0.0047,0.0,0.0004,0.04,8.46,MIN_PROFIT_TP_HIT,0.1016
496,TRUMP_USDT,SHORT,StochasticRSI(FAST_SCALP-SHORT),2,0.2,1.776,1.774,1.774,1.782,2026-07-04 07:14:59 UTC,2026-07-04 07:15:34 UTC,34.38,0.3552,0.0047,0.0,0.0004,0.04,8.45,MIN_PROFIT_TP_HIT,0.102
497,TRUMP_USDT,LONG,StochasticRSI(FAST_SCALP-LONG),2,0.2,1.773,1.775,1.775,1.767,2026-07-04 07:20:59 UTC,2026-07-04 07:22:40 UTC,100.01,0.3546,0.0047,0.0,0.0004,0.04,8.46,MIN_PROFIT_TP_HIT,0.1024
498,TRUMP_USDT,LONG,StochasticRSI(FAST_SCALP-LONG),2,0.2,1.772,1.774,1.774,1.766,2026-07-04 07:30:59 UTC,2026-07-04 07:49:47 UTC,1127.53,0.3544,0.0047,0.0,0.0004,0.04,8.47,MIN_PROFIT_TP_HIT,0.1028
499,TRUMP_USDT,SHORT,StochasticRSI(FAST_SCALP-SHORT),2,0.2,1.775,1.773,1.773,1.781,2026-07-04 07:51:59 UTC,2026-07-04 07:52:22 UTC,22.69,0.355,0.0047,0.0,0.0004,0.04,8.45,MIN_PROFIT_TP_HIT,0.1032
500,TRUMP_USDT,SHORT,StochasticRSI(FAST_SCALP-SHORT),2,0.2,1.774,1.772,1.772,1.78,2026-07-04 07:53:59 UTC,2026-07-04 08:02:24 UTC,504.13,0.3548,0.0047,0.0,0.0004,0.04,8.46,MIN_PROFIT_TP_HIT,0.1036
501,TRUMP_USDT,LONG,StochasticRSI(FAST_SCALP-LONG),2,0.2,1.772,1.774,1.774,1.766,2026-07-04 08:15:59 UTC,2026-07-04 08:19:16 UTC,196.73,0.3544,0.0047,0.0,0.0004,0.04,8.47,MIN_PROFIT_TP_HIT,0.104
502,TRUMP_USDT,SHORT,StochasticRSI(FAST_SCALP-SHORT),2,0.2,1.775,1.773,1.773,1.781,2026-07-04 08:27:59 UTC,2026-07-04 08:39:04 UTC,664.08,0.355,0.0047,0.0,0.0004,0.04,8.45,MIN_PROFIT_TP_HIT,0.1044
503,TRUMP_USDT,LONG,StochasticRSI(FAST_SCALP-LONG),2,0.2,1.776,1.77,1.778,1.77,2026-07-04 08:41:59 UTC,2026-07-04 08:57:53 UTC,953.03,0.3552,0.0047,0.0,-0.0012,-0.11,-25.34,STOP_LOSS_HIT,0.1032
504,TRUMP_USDT,LONG,StochasticRSI(FAST_SCALP-LONG),2,0.2,1.773,1.775,1.775,1.767,2026-07-04 08:59:59 UTC,2026-07-04 09:00:21 UTC,21.03,0.3546,0.0047,0.0,0.0004,0.04,8.46,MIN_PROFIT_TP_HIT,0.1036
505,TRUMP_USDT,SHORT,StochasticRSI(FAST_SCALP-SHORT),2,0.2,1.773,1.771,1.771,1.779,2026-07-04 09:03:59 UTC,2026-07-04 09:04:14 UTC,14.26,0.3546,0.0047,0.0,0.0004,0.04,8.46,MIN_PROFIT_TP_HIT,0.104
506,TRUMP_USDT,SHORT,StochasticRSI(FAST_SCALP-SHORT),2,0.2,1.771,1.769,1.769,1.777,2026-07-04 09:07:59 UTC,2026-07-04 09:08:24 UTC,24.85,0.3542,0.0047,0.0,0.0004,0.04,8.47,MIN_PROFIT_TP_HIT,0.1044
507,TRUMP_USDT,SHORT,StochasticRSI(FAST_SCALP-SHORT),2,0.2,1.778,1.776,1.776,1.784,2026-07-04 09:18:59 UTC,2026-07-04 09:19:44 UTC,44.17,0.3556,0.0047,0.0,0.0004,0.04,8.44,MIN_PROFIT_TP_HIT,0.1048
508,TRUMP_USDT,LONG,StochasticRSI(FAST_SCALP-LONG),2,0.2,1.769,1.763,1.771,1.763,2026-07-04 09:30:59 UTC,2026-07-04 09:37:01 UTC,361.82,0.3538,0.0047,0.0,-0.0012,-0.11,-25.44,STOP_LOSS_HIT,0.1036
509,TRUMP_USDT,LONG,StochasticRSI(FAST_SCALP-LONG),2,0.2,1.763,1.765,1.765,1.757,2026-07-04 09:38:59 UTC,2026-07-04 09:39:19 UTC,19.2,0.3526,0.0047,0.0,0.0004,0.04,8.51,MIN_PROFIT_TP_HIT,0.104
510,TRUMP_USDT,SHORT,StochasticRSI(FAST_SCALP-SHORT),2,0.2,1.765,1.763,1.763,1.771,2026-07-04 09:44:59 UTC,2026-07-04 10:02:34 UTC,1054.17,0.353,0.0047,0.0,0.0004,0.04,8.5,MIN_PROFIT_TP_HIT,0.1044
511,TRUMP_USDT,LONG,StochasticRSI(FAST_SCALP-LONG),2,0.2,1.763,1.765,1.765,1.757,2026-07-04 10:04:59 UTC,2026-07-04 10:05:53 UTC,53.14,0.3526,0.0047,0.0,0.0004,0.04,8.51,MIN_PROFIT_TP_HIT,0.1048
512,TRUMP_USDT,SHORT,StochasticRSI(FAST_SCALP-SHORT),2,0.2,1.764,1.762,1.762,1.77,2026-07-04 10:12:59 UTC,2026-07-04 10:30:06 UTC,1026.95,0.3528,0.0047,0.0,0.0004,0.04,8.5,MIN_PROFIT_TP_HIT,0.1052
513,TRUMP_USDT,LONG,StochasticRSI(FAST_SCALP-LONG),2,0.2,1.763,1.765,1.765,1.757,2026-07-04 10:32:59 UTC,2026-07-04 10:33:25 UTC,25.21,0.3526,0.0047,0.0,0.0004,0.04,8.51,MIN_PROFIT_TP_HIT,0.1056
514,TRUMP_USDT,SHORT,StochasticRSI(FAST_SCALP-SHORT),2,0.2,1.765,1.771,1.763,1.771,2026-07-04 10:39:59 UTC,2026-07-04 10:55:17 UTC,917.63,0.353,0.0047,0.0,-0.0012,-0.11,-25.5,STOP_LOSS_HIT,0.1044
515,TRUMP_USDT,LONG,StochasticRSI(FAST_SCALP-LONG),2,0.2,1.766,1.768,1.768,1.76,2026-07-04 11:06:59 UTC,2026-07-04 11:08:14 UTC,74.47,0.3532,0.0047,0.0,0.0004,0.04,8.49,MIN_PROFIT_TP_HIT,0.1048
516,TRUMP_USDT,SHORT,StochasticRSI(FAST_SCALP-SHORT),2,0.2,1.765,1.771,1.763,1.771,2026-07-04 11:12:59 UTC,2026-07-04 11:33:05 UTC,1205.25,0.353,0.0047,0.0,-0.0012,-0.11,-25.5,STOP_LOSS_HIT,0.1036
517,TRUMP_USDT,SHORT,StochasticRSI(FAST_SCALP-SHORT),2,0.2,1.771,1.769,1.769,1.777,2026-07-04 11:37:59 UTC,2026-07-04 11:39:14 UTC,74.86,0.3542,0.0047,0.0,0.0004,0.04,8.47,MIN_PROFIT_TP_HIT,0.104
518,TRUMP_USDT,LONG,StochasticRSI(FAST_SCALP-LONG),2,0.2,1.77,1.772,1.772,1.764,2026-07-04 11:42:59 UTC,2026-07-04 11:43:41 UTC,41.29,0.354,0.0047,0.0,0.0004,0.04,8.47,MIN_PROFIT_TP_HIT,0.1044
519,TRUMP_USDT,SHORT,StochasticRSI(FAST_SCALP-SHORT),2,0.2,1.774,1.772,1.772,1.78,2026-07-04 11:48:59 UTC,2026-07-04 11:51:05 UTC,125.54,0.3548,0.0047,0.0,0.0004,0.04,8.46,MIN_PROFIT_TP_HIT,0.1048
520,TRUMP_USDT,SHORT,StochasticRSI(FAST_SCALP-SHORT),2,0.2,1.772,1.778,1.77,1.778,2026-07-04 12:01:59 UTC,2026-07-04 12:14:17 UTC,737.19,0.3544,0.0047,0.0,-0.0012,-0.11,-25.4,STOP_LOSS_HIT,0.1036
521,TRUMP_USDT,SHORT,StochasticRSI(FAST_SCALP-SHORT),2,0.2,1.776,1.774,1.774,1.782,2026-07-04 12:19:59 UTC,2026-07-04 12:20:15 UTC,15.08,0.3552,0.0047,0.0,0.0004,0.04,8.45,MIN_PROFIT_TP_HIT,0.104
522,TRUMP_USDT,LONG,StochasticRSI(FAST_SCALP-LONG),2,0.2,1.773,1.775,1.775,1.767,2026-07-04 12:25:59 UTC,2026-07-04 12:30:08 UTC,248.53,0.3546,0.0047,0.0,0.0004,0.04,8.46,MIN_PROFIT_TP_HIT,0.1044
523,TRUMP_USDT,SHORT,StochasticRSI(FAST_SCALP-SHORT),2,0.2,1.775,1.773,1.773,1.781,2026-07-04 12:33:59 UTC,2026-07-04 12:34:07 UTC,7.06,0.355,0.0047,0.0,0.0004,0.04,8.45,MIN_PROFIT_TP_HIT,0.1048
524,TRUMP_USDT,SHORT,StochasticRSI(FAST_SCALP-SHORT),2,0.2,1.777,1.783,1.775,1.783,2026-07-04 12:46:59 UTC,2026-07-04 12:58:05 UTC,665.63,0.3554,0.0047,0.0,-0.0012,-0.11,-25.32,STOP_LOSS_HIT,0.1036
525,TRUMP_USDT,SHORT,StochasticRSI(FAST_SCALP-SHORT),2,0.2,1.782,1.78,1.78,1.788,2026-07-04 13:02:59 UTC,2026-07-04 13:05:40 UTC,160.47,0.3564,0.0048,0.0,0.0004,0.04,8.42,MIN_PROFIT_TP_HIT,0.104
526,TRUMP_USDT,LONG,StochasticRSI(FAST_SCALP-LONG),2,0.2,1.781,1.783,1.783,1.775,2026-07-04 13:09:59 UTC,2026-07-04 13:20:04 UTC,604.41,0.3562,0.0047,0.0,0.0004,0.04,8.42,MIN_PROFIT_TP_HIT,0.1044
527,TRUMP_USDT,SHORT,StochasticRSI(FAST_SCALP-SHORT),2,0.2,1.784,1.782,1.782,1.79,2026-07-04 13:23:59 UTC,2026-07-04 13:26:04 UTC,124.02,0.3568,0.0048,0.0,0.0004,0.04,8.41,MIN_PROFIT_TP_HIT,0.1048
528,TRUMP_USDT,LONG,StochasticRSI(FAST_SCALP-LONG),2,0.2,1.781,1.775,1.783,1.775,2026-07-04 13:30:59 UTC,2026-07-04 13:51:20 UTC,1220.68,0.3562,0.0047,0.0,-0.0012,-0.11,-25.27,STOP_LOSS_HIT,0.1036
529,TRUMP_USDT,LONG,StochasticRSI(FAST_SCALP-LONG),2,0.2,1.776,1.778,1.778,1.77,2026-07-04 13:52:59 UTC,2026-07-04 13:56:21 UTC,201.52,0.3552,0.0047,0.0,0.0004,0.04,8.45,MIN_PROFIT_TP_HIT,0.104
530,TRUMP_USDT,SHORT,StochasticRSI(FAST_SCALP-SHORT),2,0.2,1.784,1.79,1.782,1.79,2026-07-04 14:05:59 UTC,2026-07-04 14:12:03 UTC,363.01,0.3568,0.0048,0.0,-0.0012,-0.11,-25.22,STOP_LOSS_HIT,0.1028
531,TRUMP_USDT,SHORT,StochasticRSI(FAST_SCALP-SHORT),2,0.2,1.786,1.784,1.784,1.792,2026-07-04 14:21:59 UTC,2026-07-04 14:24:18 UTC,138.21,0.3572,0.0048,0.0,0.0004,0.04,8.4,MIN_PROFIT_TP_HIT,0.1032
532,TRUMP_USDT,LONG,StochasticRSI(FAST_SCALP-LONG),2,0.2,1.785,1.787,1.787,1.779,2026-07-04 14:25:59 UTC,2026-07-04 14:29:53 UTC,233.16,0.357,0.0048,0.0,0.0004,0.04,8.4,MIN_PROFIT_TP_HIT,0.1036
533,TRUMP_USDT,SHORT,StochasticRSI(FAST_SCALP-SHORT),2,0.2,1.789,1.795,1.787,1.795,2026-07-04 14:34:59 UTC,2026-07-04 14:44:35 UTC,575.55,0.3578,0.0048,0.0,-0.0012,-0.11,-25.15,STOP_LOSS_HIT,0.1024
534,TRUMP_USDT,SHORT,StochasticRSI(FAST_SCALP-SHORT),2,0.2,1.792,1.79,1.79,1.798,2026-07-04 14:45:59 UTC,2026-07-04 14:49:03 UTC,183.26,0.3584,0.0048,0.0,0.0004,0.04,8.37,MIN_PROFIT_TP_HIT,0.1028
535,TRUMP_USDT,LONG,StochasticRSI(FAST_SCALP-LONG),2,0.2,1.792,1.794,1.794,1.786,2026-07-04 14:53:59 UTC,2026-07-04 14:57:19 UTC,199.04,0.3584,0.0048,0.0,0.0004,0.04,8.37,MIN_PROFIT_TP_HIT,0.1032
536,TRUMP_USDT,SHORT,StochasticRSI(FAST_SCALP-SHORT),2,0.2,1.794,1.792,1.792,1.8,2026-07-04 15:01:59 UTC,2026-07-04 15:04:50 UTC,170.8,0.3588,0.0048,0.0,0.0004,0.04,8.36,MIN_PROFIT_TP_HIT,0.1036
537,TRUMP_USDT,LONG,StochasticRSI(FAST_SCALP-LONG),2,0.2,1.792,1.794,1.794,1.786,2026-07-04 15:08:59 UTC,2026-07-04 15:09:27 UTC,27.34,0.3584,0.0048,0.0,0.0004,0.04,8.37,MIN_PROFIT_TP_HIT,0.104
538,TRUMP_USDT,SHORT,StochasticRSI(FAST_SCALP-SHORT),2,0.2,1.8,1.798,1.798,1.806,2026-07-04 15:13:59 UTC,2026-07-04 15:17:45 UTC,225.79,0.36,0.0048,0.0,0.0004,0.04,8.33,MIN_PROFIT_TP_HIT,0.1044
539,TRUMP_USDT,LONG,StochasticRSI(FAST_SCALP-LONG),2,0.2,1.803,1.805,1.805,1.797,2026-07-04 15:24:59 UTC,2026-07-04 15:29:19 UTC,259.65,0.3606,0.0048,0.0,0.0004,0.04,8.32,MIN_PROFIT_TP_HIT,0.1048
540,TRUMP_USDT,SHORT,StochasticRSI(FAST_SCALP-SHORT),2,0.2,1.807,1.813,1.805,1.813,2026-07-04 15:32:59 UTC,2026-07-04 15:35:31 UTC,151.24,0.3614,0.0048,0.0,-0.0012,-0.11,-24.9,STOP_LOSS_HIT,0.1036
541,TRUMP_USDT,SHORT,StochasticRSI(FAST_SCALP-SHORT),2,0.2,1.814,1.82,1.812,1.82,2026-07-04 15:37:59 UTC,2026-07-04 15:38:24 UTC,24.22,0.3628,0.0048,0.0,-0.0012,-0.11,-24.81,STOP_LOSS_HIT,0.1024
542,TRUMP_USDT,LONG,StochasticRSI(FAST_SCALP-LONG),2,0.2,1.813,1.807,1.815,1.807,2026-07-04 15:45:59 UTC,2026-07-04 15:55:27 UTC,567.33,0.3626,0.0048,0.0,-0.0012,-0.11,-24.82,STOP_LOSS_HIT,0.1012
543,TRUMP_USDT,SHORT,StochasticRSI(FAST_SCALP-SHORT),2,0.2,1.812,1.81,1.81,1.818,2026-07-04 16:06:59 UTC,2026-07-04 16:10:18 UTC,198.1,0.3624,0.0048,0.0,0.0004,0.04,8.28,MIN_PROFIT_TP_HIT,0.1016
544,TRUMP_USDT,LONG,StochasticRSI(FAST_SCALP-LONG),2,0.2,1.805,1.807,1.807,1.799,2026-07-04 16:14:59 UTC,2026-07-04 16:16:18 UTC,78.57,0.361,0.0048,0.0,0.0004,0.04,8.31,MIN_PROFIT_TP_HIT,0.102
545,TRUMP_USDT,LONG,StochasticRSI(FAST_SCALP-LONG),2,0.2,1.807,1.809,1.809,1.801,2026-07-04 16:17:59 UTC,2026-07-04 16:18:26 UTC,26.9,0.3614,0.0048,0.0,0.0004,0.04,8.3,MIN_PROFIT_TP_HIT,0.1024
546,TRUMP_USDT,SHORT,StochasticRSI(FAST_SCALP-SHORT),2,0.2,1.815,1.813,1.813,1.821,2026-07-04 16:22:59 UTC,2026-07-04 16:24:01 UTC,61.06,0.363,0.0048,0.0,0.0004,0.04,8.26,MIN_PROFIT_TP_HIT,0.1028
547,TRUMP_USDT,SHORT,StochasticRSI(FAST_SCALP-SHORT),2,0.2,1.814,1.82,1.812,1.82,2026-07-04 16:25:59 UTC,2026-07-04 16:28:09 UTC,129.27,0.3628,0.0048,0.0,-0.0012,-0.11,-24.81,STOP_LOSS_HIT,0.1016
548,TRUMP_USDT,SHORT,StochasticRSI(FAST_SCALP-SHORT),2,0.2,1.817,1.823,1.815,1.823,2026-07-04 16:33:59 UTC,2026-07-04 16:43:27 UTC,567.04,0.3634,0.0048,0.0,-0.0012,-0.11,-24.77,STOP_LOSS_HIT,0.1004
549,TRUMP_USDT,SHORT,StochasticRSI(FAST_SCALP-SHORT),2,0.2,1.837,1.835,1.835,1.843,2026-07-04 16:50:59 UTC,2026-07-04 16:51:09 UTC,9.29,0.3674,0.0049,0.0,0.0004,0.04,8.17,MIN_PROFIT_TP_HIT,0.1008
550,TRUMP_USDT,LONG,StochasticRSI(FAST_SCALP-LONG),2,0.2,1.828,1.83,1.83,1.822,2026-07-04 16:57:59 UTC,2026-07-04 16:58:13 UTC,13.99,0.3656,0.0049,0.0,0.0004,0.04,8.21,MIN_PROFIT_TP_HIT,0.1012
551,TRUMP_USDT,LONG,StochasticRSI(FAST_SCALP-LONG),2,0.2,1.846,1.848,1.848,1.84,2026-07-04 17:03:59 UTC,2026-07-04 17:04:00 UTC,0.75,0.3692,0.0049,0.0,0.0004,0.04,8.13,MIN_PROFIT_TP_HIT,0.1016
552,TRUMP_USDT,SHORT,StochasticRSI(FAST_SCALP-SHORT),2,0.2,1.847,1.845,1.845,1.853,2026-07-04 17:07:59 UTC,2026-07-04 17:08:10 UTC,10.4,0.3694,0.0049,0.0,0.0004,0.04,8.12,MIN_PROFIT_TP_HIT,0.102
553,TRUMP_USDT,LONG,StochasticRSI(FAST_SCALP-LONG),2,0.2,1.833,1.835,1.835,1.827,2026-07-04 17:22:59 UTC,2026-07-04 17:23:49 UTC,49.15,0.3666,0.0049,0.0,0.0004,0.04,8.18,MIN_PROFIT_TP_HIT,0.1024
554,TRUMP_USDT,LONG,StochasticRSI(FAST_SCALP-LONG),2,0.2,1.831,1.833,1.833,1.825,2026-07-04 17:26:59 UTC,2026-07-04 17:27:41 UTC,41.49,0.3662,0.0049,0.0,0.0004,0.04,8.19,MIN_PROFIT_TP_HIT,0.1028
555,TRUMP_USDT,SHORT,StochasticRSI(FAST_SCALP-SHORT),2,0.2,1.835,1.841,1.833,1.841,2026-07-04 17:31:59 UTC,2026-07-04 17:33:04 UTC,64.52,0.367,0.0049,0.0,-0.0012,-0.11,-24.52,STOP_LOSS_HIT,0.1016
556,TRUMP_USDT,SHORT,StochasticRSI(FAST_SCALP-SHORT),2,0.2,1.835,1.833,1.833,1.841,2026-07-04 17:35:59 UTC,2026-07-04 17:37:01 UTC,61.62,0.367,0.0049,0.0,0.0004,0.04,8.17,MIN_PROFIT_TP_HIT,0.102
557,TRUMP_USDT,LONG,StochasticRSI(FAST_SCALP-LONG),2,0.2,1.828,1.83,1.83,1.822,2026-07-04 17:40:59 UTC,2026-07-04 17:41:05 UTC,5.66,0.3656,0.0049,0.0,0.0004,0.04,8.21,MIN_PROFIT_TP_HIT,0.1024
558,TRUMP_USDT,SHORT,StochasticRSI(FAST_SCALP-SHORT),2,0.2,1.843,1.849,1.841,1.849,2026-07-04 17:54:59 UTC,2026-07-04 17:56:18 UTC,78.3,0.3686,0.0049,0.0,-0.0012,-0.11,-24.42,STOP_LOSS_HIT,0.1012
559,TRUMP_USDT,SHORT,StochasticRSI(FAST_SCALP-SHORT),2,0.2,1.855,1.853,1.853,1.861,2026-07-04 17:58:59 UTC,2026-07-04 18:02:34 UTC,214.75,0.371,0.0049,0.0,0.0004,0.04,8.09,MIN_PROFIT_TP_HIT,0.1016
560,TRUMP_USDT,LONG,StochasticRSI(FAST_SCALP-LONG),2,0.2,1.856,1.85,1.858,1.85,2026-07-04 18:06:59 UTC,2026-07-04 18:09:54 UTC,174.98,0.3712,0.0049,0.0,-0.0012,-0.11,-24.25,STOP_LOSS_HIT,0.1004
561,TRUMP_USDT,LONG,StochasticRSI(FAST_SCALP-LONG),2,0.2,1.853,1.855,1.855,1.847,2026-07-04 18:17:59 UTC,2026-07-04 18:18:51 UTC,51.54,0.3706,0.0049,0.0,0.0004,0.04,8.09,MIN_PROFIT_TP_HIT,0.1008
562,TRUMP_USDT,SHORT,StochasticRSI(FAST_SCALP-SHORT),2,0.2,1.866,1.864,1.864,1.872,2026-07-04 18:25:59 UTC,2026-07-04 18:26:06 UTC,6.32,0.3732,0.005,0.0,0.0004,0.04,8.04,MIN_PROFIT_TP_HIT,0.1012
563,TRUMP_USDT,LONG,StochasticRSI(FAST_SCALP-LONG),2,0.2,1.846,1.84,1.848,1.84,2026-07-04 18:34:59 UTC,2026-07-04 18:35:23 UTC,23.94,0.3692,0.0049,0.0,-0.0012,-0.11,-24.38,STOP_LOSS_HIT,0.1
564,TRUMP_USDT,LONG,StochasticRSI(FAST_SCALP-LONG),2,0.2,1.835,1.837,1.837,1.829,2026-07-04 18:38:59 UTC,2026-07-04 18:40:44 UTC,104.28,0.367,0.0049,0.0,0.0004,0.04,8.17,MIN_PROFIT_TP_HIT,0.1004
565,TRUMP_USDT,LONG,StochasticRSI(FAST_SCALP-LONG),2,0.2,1.84,1.834,1.842,1.834,2026-07-04 18:41:59 UTC,2026-07-04 18:49:03 UTC,423.09,0.368,0.0049,0.0,-0.0012,-0.11,-24.46,STOP_LOSS_HIT,0.0992
566,TRUMP_USDT,LONG,StochasticRSI(FAST_SCALP-LONG),2,0.2,1.838,1.84,1.84,1.832,2026-07-04 18:52:59 UTC,2026-07-04 18:58:16 UTC,316.75,0.3676,0.0049,0.0,0.0004,0.04,8.16,MIN_PROFIT_TP_HIT,0.0996
567,TRUMP_USDT,SHORT,StochasticRSI(FAST_SCALP-SHORT),2,0.2,1.858,1.856,1.856,1.864,2026-07-04 19:03:59 UTC,2026-07-04 19:04:05 UTC,5.26,0.3716,0.005,0.0,0.0004,0.04,8.07,MIN_PROFIT_TP_HIT,0.1
568,TRUMP_USDT,LONG,StochasticRSI(FAST_SCALP-LONG),2,0.2,1.842,1.836,1.844,1.836,2026-07-04 19:11:59 UTC,2026-07-04 19:13:11 UTC,71.45,0.3684,0.0049,0.0,-0.0012,-0.11,-24.43,STOP_LOSS_HIT,0.0988
569,TRUMP_USDT,LONG,StochasticRSI(FAST_SCALP-LONG),2,0.2,1.837,1.839,1.839,1.831,2026-07-04 19:15:59 UTC,2026-07-04 19:16:11 UTC,11.84,0.3674,0.0049,0.0,0.0004,0.04,8.17,MIN_PROFIT_TP_HIT,0.0992
570,TRUMP_USDT,SHORT,StochasticRSI(FAST_SCALP-SHORT),2,0.2,1.844,1.842,1.842,1.85,2026-07-04 19:25:59 UTC,2026-07-04 19:29:12 UTC,192.15,0.3688,0.0049,0.0,0.0004,0.04,8.13,MIN_PROFIT_TP_HIT,0.0996
571,TRUMP_USDT,LONG,StochasticRSI(FAST_SCALP-LONG),2,0.2,1.842,1.836,1.844,1.836,2026-07-04 19:35:59 UTC,2026-07-04 19:40:05 UTC,245.94,0.3684,0.0049,0.0,-0.0012,-0.11,-24.43,STOP_LOSS_HIT,0.0984
572,TRUMP_USDT,LONG,StochasticRSI(FAST_SCALP-LONG),2,0.2,1.837,1.839,1.839,1.831,2026-07-04 19:49:59 UTC,2026-07-04 19:51:19 UTC,79.24,0.3674,0.0049,0.0,0.0004,0.04,8.17,MIN_PROFIT_TP_HIT,0.0988
573,TRUMP_USDT,SHORT,StochasticRSI(FAST_SCALP-SHORT),2,0.2,1.836,1.834,1.834,1.842,2026-07-04 19:55:59 UTC,2026-07-04 19:57:07 UTC,67.37,0.3672,0.0049,0.0,0.0004,0.04,8.17,MIN_PROFIT_TP_HIT,0.0992
574,TRUMP_USDT,LONG,StochasticRSI(FAST_SCALP-LONG),2,0.2,1.834,1.836,1.836,1.828,2026-07-04 20:04:59 UTC,2026-07-04 20:06:26 UTC,86.63,0.3668,0.0049,0.0,0.0004,0.04,8.18,MIN_PROFIT_TP_HIT,0.0996
575,TRUMP_USDT,LONG,StochasticRSI(FAST_SCALP-LONG),2,0.2,1.821,1.815,1.823,1.815,2026-07-04 20:20:59 UTC,2026-07-04 20:22:30 UTC,90.86,0.3642,0.0049,0.0,-0.0012,-0.11,-24.71,STOP_LOSS_HIT,0.0984
576,TRUMP_USDT,SHORT,StochasticRSI(FAST_SCALP-SHORT),2,0.2,1.822,1.82,1.82,1.828,2026-07-04 20:30:59 UTC,2026-07-04 20:31:08 UTC,8.48,0.3644,0.0049,0.0,0.0004,0.04,8.23,MIN_PROFIT_TP_HIT,0.0988
577,TRUMP_USDT,SHORT,StochasticRSI(FAST_SCALP-SHORT),2,0.2,1.822,1.828,1.82,1.828,2026-07-04 20:33:59 UTC,2026-07-04 20:36:52 UTC,172.07,0.3644,0.0049,0.0,-0.0012,-0.11,-24.7,STOP_LOSS_HIT,0.0976
578,TRUMP_USDT,SHORT,StochasticRSI(FAST_SCALP-SHORT),2,0.2,1.827,1.825,1.825,1.833,2026-07-04 20:38:59 UTC,2026-07-04 20:39:34 UTC,34.66,0.3654,0.0049,0.0,0.0004,0.04,8.21,MIN_PROFIT_TP_HIT,0.098
579,TRUMP_USDT,LONG,StochasticRSI(FAST_SCALP-LONG),2,0.2,1.829,1.831,1.831,1.823,2026-07-04 20:46:59 UTC,2026-07-04 20:50:30 UTC,210.15,0.3658,0.0049,0.0,0.0004,0.04,8.2,MIN_PROFIT_TP_HIT,0.0984
580,TRUMP_USDT,SHORT,StochasticRSI(FAST_SCALP-SHORT),2,0.2,1.839,1.837,1.837,1.845,2026-07-04 20:52:59 UTC,2026-07-04 20:53:27 UTC,28.0,0.3678,0.0049,0.0,0.0004,0.04,8.16,MIN_PROFIT_TP_HIT,0.0988
581,TRUMP_USDT,LONG,StochasticRSI(FAST_SCALP-LONG),2,0.2,1.844,1.846,1.846,1.838,2026-07-04 20:57:59 UTC,2026-07-04 20:58:08 UTC,8.09,0.3688,0.0049,0.0,0.0004,0.04,8.13,MIN_PROFIT_TP_HIT,0.0992
582,TRUMP_USDT,SHORT,StochasticRSI(FAST_SCALP-SHORT),2,0.2,1.85,1.848,1.848,1.856,2026-07-04 21:05:59 UTC,2026-07-04 21:06:27 UTC,27.42,0.37,0.0049,0.0,0.0004,0.04,8.11,MIN_PROFIT_TP_HIT,0.0996
583,TRUMP_USDT,LONG,StochasticRSI(FAST_SCALP-LONG),2,0.2,1.844,1.846,1.846,1.838,2026-07-04 21:10:59 UTC,2026-07-04 21:12:59 UTC,119.79,0.3688,0.0049,0.0,0.0004,0.04,8.13,MIN_PROFIT_TP_HIT,0.1
584,TRUMP_USDT,LONG,StochasticRSI(FAST_SCALP-LONG),2,0.2,1.855,1.857,1.857,1.849,2026-07-04 21:13:59 UTC,2026-07-04 21:15:55 UTC,115.37,0.371,0.0049,0.0,0.0004,0.04,8.09,MIN_PROFIT_TP_HIT,0.1004
585,TRUMP_USDT,SHORT,StochasticRSI(FAST_SCALP-SHORT),2,0.2,1.855,1.853,1.853,1.861,2026-07-04 21:19:59 UTC,2026-07-04 21:23:41 UTC,221.81,0.371,0.0049,0.0,0.0004,0.04,8.09,MIN_PROFIT_TP_HIT,0.1008
586,TRUMP_USDT,LONG,StochasticRSI(FAST_SCALP-LONG),2,0.2,1.855,1.857,1.857,1.849,2026-07-04 21:28:59 UTC,2026-07-04 21:29:43 UTC,43.04,0.371,0.0049,0.0,0.0004,0.04,8.09,MIN_PROFIT_TP_HIT,0.1012
587,TRUMP_USDT,LONG,StochasticRSI(FAST_SCALP-LONG),2,0.2,1.849,1.843,1.851,1.843,2026-07-04 21:39:59 UTC,2026-07-04 21:50:03 UTC,603.07,0.3698,0.0049,0.0,-0.0012,-0.11,-24.34,STOP_LOSS_HIT,0.1
588,TRUMP_USDT,LONG,StochasticRSI(FAST_SCALP-LONG),2,0.2,1.842,1.836,1.844,1.836,2026-07-04 21:54:59 UTC,2026-07-04 21:59:01 UTC,241.07,0.3684,0.0049,0.0,-0.0012,-0.11,-24.43,STOP_LOSS_HIT,0.0988
589,TRUMP_USDT,LONG,StochasticRSI(FAST_SCALP-LONG),2,0.2,1.826,1.828,1.828,1.82,2026-07-04 22:04:59 UTC,2026-07-04 22:05:50 UTC,50.75,0.3652,0.0049,0.0,0.0004,0.04,8.21,MIN_PROFIT_TP_HIT,0.0992
590,TRUMP_USDT,SHORT,StochasticRSI(FAST_SCALP-SHORT),2,0.2,1.826,1.824,1.824,1.832,2026-07-04 22:11:59 UTC,2026-07-04 22:13:17 UTC,77.26,0.3652,0.0049,0.0,0.0004,0.04,8.21,MIN_PROFIT_TP_HIT,0.0996
591,TRUMP_USDT,SHORT,StochasticRSI(FAST_SCALP-SHORT),2,0.2,1.826,1.824,1.824,1.832,2026-07-04 22:17:59 UTC,2026-07-04 22:19:16 UTC,76.63,0.3652,0.0049,0.0,0.0004,0.04,8.21,MIN_PROFIT_TP_HIT,0.1
592,TRUMP_USDT,SHORT,StochasticRSI(FAST_SCALP-SHORT),2,0.2,1.821,1.819,1.819,1.827,2026-07-04 22:33:59 UTC,2026-07-04 22:35:01 UTC,61.73,0.3642,0.0049,0.0,0.0004,0.04,8.24,MIN_PROFIT_TP_HIT,0.1004
593,TRUMP_USDT,SHORT,StochasticRSI(FAST_SCALP-SHORT),2,0.2,1.822,1.82,1.82,1.828,2026-07-04 22:36:59 UTC,2026-07-04 22:38:12 UTC,72.87,0.3644,0.0049,0.0,0.0004,0.04,8.23,MIN_PROFIT_TP_HIT,0.1008
594,TRUMP_USDT,LONG,StochasticRSI(FAST_SCALP-LONG),2,0.2,1.824,1.818,1.826,1.818,2026-07-04 22:48:59 UTC,2026-07-04 22:49:07 UTC,7.38,0.3648,0.0049,0.0,-0.0012,-0.11,-24.67,STOP_LOSS_HIT,0.0996
595,TRUMP_USDT,SHORT,StochasticRSI(FAST_SCALP-SHORT),2,0.2,1.821,1.827,1.819,1.827,2026-07-04 22:51:59 UTC,2026-07-04 22:57:25 UTC,325.37,0.3642,0.0049,0.0,-0.0012,-0.11,-24.71,STOP_LOSS_HIT,0.0984
596,TRUMP_USDT,SHORT,StochasticRSI(FAST_SCALP-SHORT),2,0.2,1.824,1.822,1.822,1.83,2026-07-04 23:01:59 UTC,2026-07-04 23:02:19 UTC,19.61,0.3648,0.0049,0.0,0.0004,0.04,8.22,MIN_PROFIT_TP_HIT,0.0988
597,TRUMP_USDT,LONG,StochasticRSI(FAST_SCALP-LONG),2,0.2,1.825,1.819,1.827,1.819,2026-07-04 23:07:59 UTC,2026-07-04 23:14:36 UTC,396.7,0.365,0.0049,0.0,-0.0012,-0.11,-24.66,STOP_LOSS_HIT,0.0976
598,TRUMP_USDT,LONG,StochasticRSI(FAST_SCALP-LONG),2,0.2,1.815,1.817,1.817,1.809,2026-07-04 23:17:59 UTC,2026-07-04 23:18:16 UTC,16.42,0.363,0.0048,0.0,0.0004,0.04,8.26,MIN_PROFIT_TP_HIT,0.098
599,TRUMP_USDT,SHORT,StochasticRSI(FAST_SCALP-SHORT),2,0.2,1.824,1.822,1.822,1.83,2026-07-04 23:24:59 UTC,2026-07-04 23:26:21 UTC,81.91,0.3648,0.0049,0.0,0.0004,0.04,8.22,MIN_PROFIT_TP_HIT,0.0984
600,TRUMP_USDT,LONG,StochasticRSI(FAST_SCALP-LONG),2,0.2,1.821,1.823,1.823,1.815,2026-07-04 23:32:59 UTC,2026-07-04 23:34:43 UTC,103.3,0.3642,0.0049,0.0,0.0004,0.04,8.24,MIN_PROFIT_TP_HIT,0.0988
601,TRUMP_USDT,LONG,StochasticRSI(FAST_SCALP-LONG),2,0.2,1.822,1.816,1.824,1.816,2026-07-04 23:44:59 UTC,2026-07-04 23:47:23 UTC,143.69,0.3644,0.0049,0.0,-0.0012,-0.11,-24.7,STOP_LOSS_HIT,0.0976
602,TRUMP_USDT,LONG,StochasticRSI(FAST_SCALP-LONG),2,0.2,1.818,1.82,1.82,1.812,2026-07-04 23:50:59 UTC,2026-07-04 23:52:30 UTC,90.11,0.3636,0.0048,0.0,0.0004,0.04,8.25,MIN_PROFIT_TP_HIT,0.098
603,TRUMP_USDT,SHORT,StochasticRSI(FAST_SCALP-SHORT),2,0.2,1.818,1.816,1.816,1.824,2026-07-04 23:57:59 UTC,2026-07-05 00:01:43 UTC,223.37,0.3636,0.0048,0.0,0.0004,0.04,8.25,MIN_PROFIT_TP_HIT,0.0984
604,TRUMP_USDT,SHORT,StochasticRSI(FAST_SCALP-SHORT),2,0.2,1.82,1.818,1.818,1.826,2026-07-05 00:13:59 UTC,2026-07-05 00:17:10 UTC,190.87,0.364,0.0049,0.0,0.0004,0.04,8.24,MIN_PROFIT_TP_HIT,0.0988
605,TRUMP_USDT,SHORT,StochasticRSI(FAST_SCALP-SHORT),2,0.2,1.822,1.82,1.82,1.828,2026-07-05 00:22:59 UTC,2026-07-05 00:32:17 UTC,557.37,0.3644,0.0049,0.0,0.0004,0.04,8.23,MIN_PROFIT_TP_HIT,0.0992
606,TRUMP_USDT,LONG,StochasticRSI(FAST_SCALP-LONG),2,0.2,1.817,1.819,1.819,1.811,2026-07-05 00:36:59 UTC,2026-07-05 00:38:01 UTC,61.77,0.3634,0.0048,0.0,0.0004,0.04,8.26,MIN_PROFIT_TP_HIT,0.0996
607,TRUMP_USDT,SHORT,StochasticRSI(FAST_SCALP-SHORT),2,0.2,1.83,1.828,1.828,1.836,2026-07-05 00:47:59 UTC,2026-07-05 00:48:19 UTC,19.46,0.366,0.0049,0.0,0.0004,0.04,8.2,MIN_PROFIT_TP_HIT,0.1
608,TRUMP_USDT,LONG,StochasticRSI(FAST_SCALP-LONG),2,0.2,1.83,1.824,1.832,1.824,2026-07-05 00:52:59 UTC,2026-07-05 00:56:29 UTC,209.03,0.366,0.0049,0.0,-0.0012,-0.11,-24.59,STOP_LOSS_HIT,0.0988
609,TRUMP_USDT,LONG,StochasticRSI(FAST_SCALP-LONG),2,0.2,1.826,1.828,1.828,1.82,2026-07-05 00:59:59 UTC,2026-07-05 01:00:09 UTC,9.39,0.3652,0.0049,0.0,0.0004,0.04,8.21,MIN_PROFIT_TP_HIT,0.0992
610,TRUMP_USDT,SHORT,StochasticRSI(FAST_SCALP-SHORT),2,0.2,1.828,1.826,1.826,1.834,2026-07-05 01:06:59 UTC,2026-07-05 01:07:40 UTC,40.95,0.3656,0.0049,0.0,0.0004,0.04,8.21,MIN_PROFIT_TP_HIT,0.0996
611,TRUMP_USDT,LONG,StochasticRSI(FAST_SCALP-LONG),2,0.2,1.81,1.812,1.812,1.804,2026-07-05 01:21:59 UTC,2026-07-05 01:24:17 UTC,137.28,0.362,0.0048,0.0,0.0004,0.04,8.29,MIN_PROFIT_TP_HIT,0.1
612,TRUMP_USDT,SHORT,StochasticRSI(FAST_SCALP-SHORT),2,0.2,1.815,1.813,1.813,1.821,2026-07-05 01:31:59 UTC,2026-07-05 01:33:10 UTC,70.56,0.363,0.0048,0.0,0.0004,0.04,8.26,MIN_PROFIT_TP_HIT,0.1004
613,TRUMP_USDT,LONG,StochasticRSI(FAST_SCALP-LONG),2,0.2,1.816,1.81,1.818,1.81,2026-07-05 01:39:59 UTC,2026-07-05 01:47:20 UTC,440.15,0.3632,0.0048,0.0,-0.0012,-0.11,-24.78,STOP_LOSS_HIT,0.0992
614,TRUMP_USDT,LONG,StochasticRSI(FAST_SCALP-LONG),2,0.2,1.813,1.815,1.815,1.807,2026-07-05 01:50:59 UTC,2026-07-05 01:52:21 UTC,81.39,0.3626,0.0048,0.0,0.0004,0.04,8.27,MIN_PROFIT_TP_HIT,0.0996
615,TRUMP_USDT,SHORT,StochasticRSI(FAST_SCALP-SHORT),2,0.2,1.815,1.813,1.813,1.821,2026-07-05 01:55:59 UTC,2026-07-05 01:56:37 UTC,37.72,0.363,0.0048,0.0,0.0004,0.04,8.26,MIN_PROFIT_TP_HIT,0.1
616,TRUMP_USDT,SHORT,StochasticRSI(FAST_SCALP-SHORT),2,0.2,1.809,1.807,1.807,1.815,2026-07-05 02:02:59 UTC,2026-07-05 02:05:21 UTC,141.65,0.3618,0.0048,0.0,0.0004,0.04,8.29,MIN_PROFIT_TP_HIT,0.1004
617,TRUMP_USDT,LONG,StochasticRSI(FAST_SCALP-LONG),2,0.2,1.81,1.804,1.812,1.804,2026-07-05 02:09:59 UTC,2026-07-05 02:11:11 UTC,71.99,0.362,0.0048,0.0,-0.0012,-0.11,-24.86,STOP_LOSS_HIT,0.0992
618,TRUMP_USDT,SHORT,StochasticRSI(FAST_SCALP-SHORT),2,0.2,1.792,1.79,1.79,1.798,2026-07-05 02:12:59 UTC,2026-07-05 02:13:07 UTC,7.65,0.3584,0.0048,0.0,0.0004,0.04,8.37,MIN_PROFIT_TP_HIT,0.0996
619,TRUMP_USDT,LONG,StochasticRSI(FAST_SCALP-LONG),2,0.2,1.793,1.795,1.795,1.787,2026-07-05 02:15:59 UTC,2026-07-05 02:17:41 UTC,101.96,0.3586,0.0048,0.0,0.0004,0.04,8.37,MIN_PROFIT_TP_HIT,0.1
620,TRUMP_USDT,SHORT,StochasticRSI(FAST_SCALP-SHORT),2,0.2,1.795,1.793,1.793,1.801,2026-07-05 02:23:59 UTC,2026-07-05 02:24:26 UTC,26.59,0.359,0.0048,0.0,0.0004,0.04,8.36,MIN_PROFIT_TP_HIT,0.1004
621,TRUMP_USDT,SHORT,StochasticRSI(FAST_SCALP-SHORT),2,0.2,1.803,1.801,1.801,1.809,2026-07-05 02:37:59 UTC,2026-07-05 02:38:07 UTC,7.61,0.3606,0.0048,0.0,0.0004,0.04,8.32,MIN_PROFIT_TP_HIT,0.1008
622,TRUMP_USDT,LONG,StochasticRSI(FAST_SCALP-LONG),2,0.2,1.791,1.785,1.793,1.785,2026-07-05 02:47:59 UTC,2026-07-05 02:48:52 UTC,52.42,0.3582,0.0048,0.0,-0.0012,-0.11,-25.13,STOP_LOSS_HIT,0.0996
623,TRUMP_USDT,LONG,StochasticRSI(FAST_SCALP-LONG),2,0.2,1.794,1.796,1.796,1.788,2026-07-05 02:50:59 UTC,2026-07-05 02:51:22 UTC,22.85,0.3588,0.0048,0.0,0.0004,0.04,8.36,MIN_PROFIT_TP_HIT,0.1
624,TRUMP_USDT,SHORT,StochasticRSI(FAST_SCALP-SHORT),2,0.2,1.788,1.794,1.786,1.794,2026-07-05 02:54:59 UTC,2026-07-05 03:04:24 UTC,564.02,0.3576,0.0048,0.0,-0.0012,-0.11,-25.17,STOP_LOSS_HIT,0.0988
625,TRUMP_USDT,SHORT,StochasticRSI(FAST_SCALP-SHORT),2,0.2,1.79,1.788,1.788,1.796,2026-07-05 03:06:59 UTC,2026-07-05 03:20:42 UTC,822.42,0.358,0.0048,0.0,0.0004,0.04,8.38,MIN_PROFIT_TP_HIT,0.0992
626,TRUMP_USDT,LONG,StochasticRSI(FAST_SCALP-LONG),2,0.2,1.797,1.799,1.799,1.791,2026-07-05 03:22:59 UTC,2026-07-05 03:23:48 UTC,48.64,0.3594,0.0048,0.0,0.0004,0.04,8.35,MIN_PROFIT_TP_HIT,0.0996
627,TRUMP_USDT,SHORT,StochasticRSI(FAST_SCALP-SHORT),2,0.2,1.796,1.794,1.794,1.802,2026-07-05 03:26:59 UTC,2026-07-05 03:27:29 UTC,29.92,0.3592,0.0048,0.0,0.0004,0.04,8.35,MIN_PROFIT_TP_HIT,0.1
628,TRUMP_USDT,LONG,StochasticRSI(FAST_SCALP-LONG),2,0.2,1.783,1.785,1.785,1.777,2026-07-05 03:34:59 UTC,2026-07-05 03:35:24 UTC,24.88,0.3566,0.0048,0.0,0.0004,0.04,8.41,MIN_PROFIT_TP_HIT,0.1004
629,TRUMP_USDT,SHORT,StochasticRSI(FAST_SCALP-SHORT),2,0.2,1.783,1.781,1.781,1.789,2026-07-05 03:42:59 UTC,2026-07-05 03:43:13 UTC,13.48,0.3566,0.0048,0.0,0.0004,0.04,8.41,MIN_PROFIT_TP_HIT,0.1008
630,TRUMP_USDT,LONG,StochasticRSI(FAST_SCALP-LONG),2,0.2,1.78,1.782,1.782,1.774,2026-07-05 03:46:59 UTC,2026-07-05 03:50:34 UTC,214.21,0.356,0.0047,0.0,0.0004,0.04,8.43,MIN_PROFIT_TP_HIT,0.1012
631,TRUMP_USDT,SHORT,StochasticRSI(FAST_SCALP-SHORT),2,0.2,1.783,1.781,1.781,1.789,2026-07-05 03:55:59 UTC,2026-07-05 03:56:06 UTC,6.18,0.3566,0.0048,0.0,0.0004,0.04,8.41,MIN_PROFIT_TP_HIT,0.1016
632,TRUMP_USDT,SHORT,StochasticRSI(FAST_SCALP-SHORT),2,0.2,1.771,1.769,1.769,1.777,2026-07-05 03:57:59 UTC,2026-07-05 03:58:15 UTC,15.17,0.3542,0.0047,0.0,0.0004,0.04,8.47,MIN_PROFIT_TP_HIT,0.102
633,TRUMP_USDT,LONG,StochasticRSI(FAST_SCALP-LONG),2,0.2,1.744,1.746,1.746,1.738,2026-07-05 04:04:59 UTC,2026-07-05 04:05:00 UTC,0.79,0.3488,0.0047,0.0,0.0004,0.04,8.6,MIN_PROFIT_TP_HIT,0.1024
634,TRUMP_USDT,SHORT,StochasticRSI(FAST_SCALP-SHORT),2,0.2,1.74,1.738,1.738,1.746,2026-07-05 04:10:59 UTC,2026-07-05 04:11:12 UTC,12.64,0.348,0.0046,0.0,0.0004,0.04,8.62,MIN_PROFIT_TP_HIT,0.1028
635,TRUMP_USDT,SHORT,StochasticRSI(FAST_SCALP-SHORT),2,0.2,1.74,1.738,1.738,1.746,2026-07-05 04:18:59 UTC,2026-07-05 04:19:55 UTC,55.51,0.348,0.0046,0.0,0.0004,0.04,8.62,MIN_PROFIT_TP_HIT,0.1032
636,TRUMP_USDT,SHORT,StochasticRSI(FAST_SCALP-SHORT),2,0.2,1.742,1.74,1.74,1.748,2026-07-05 04:28:59 UTC,2026-07-05 04:35:06 UTC,366.94,0.3484,0.0046,0.0,0.0004,0.04,8.61,MIN_PROFIT_TP_HIT,0.1036
637,TRUMP_USDT,LONG,StochasticRSI(FAST_SCALP-LONG),2,0.2,1.742,1.744,1.744,1.736,2026-07-05 04:38:59 UTC,2026-07-05 04:40:44 UTC,104.71,0.3484,0.0046,0.0,0.0004,0.04,8.61,MIN_PROFIT_TP_HIT,0.104
638,TRUMP_USDT,SHORT,StochasticRSI(FAST_SCALP-SHORT),2,0.2,1.741,1.739,1.739,1.747,2026-07-05 04:47:59 UTC,2026-07-05 04:52:12 UTC,252.26,0.3482,0.0046,0.0,0.0004,0.04,8.62,MIN_PROFIT_TP_HIT,0.1044
639,TRUMP_USDT,LONG,StochasticRSI(FAST_SCALP-LONG),2,0.2,1.738,1.74,1.74,1.732,2026-07-05 04:55:59 UTC,2026-07-05 04:56:06 UTC,6.91,0.3476,0.0046,0.0,0.0004,0.04,8.63,MIN_PROFIT_TP_HIT,0.1048
640,TRUMP_USDT,SHORT,StochasticRSI(FAST_SCALP-SHORT),2,0.2,1.738,1.736,1.736,1.744,2026-07-05 05:02:59 UTC,2026-07-05 05:06:04 UTC,184.84,0.3476,0.0046,0.0,0.0004,0.04,8.63,MIN_PROFIT_TP_HIT,0.1052
641,TRUMP_USDT,LONG,StochasticRSI(FAST_SCALP-LONG),2,0.2,1.736,1.738,1.738,1.73,2026-07-05 05:11:59 UTC,2026-07-05 05:12:55 UTC,55.32,0.3472,0.0046,0.0,0.0004,0.04,8.64,MIN_PROFIT_TP_HIT,0.1056
642,TRUMP_USDT,SHORT,StochasticRSI(FAST_SCALP-SHORT),2,0.2,1.74,1.738,1.738,1.746,2026-07-05 05:18:59 UTC,2026-07-05 05:19:26 UTC,26.79,0.348,0.0046,0.0,0.0004,0.04,8.62,MIN_PROFIT_TP_HIT,0.106
643,TRUMP_USDT,LONG,StochasticRSI(FAST_SCALP-LONG),2,0.2,1.739,1.741,1.741,1.733,2026-07-05 05:26:59 UTC,2026-07-05 05:28:38 UTC,98.82,0.3478,0.0046,0.0,0.0004,0.04,8.63,MIN_PROFIT_TP_HIT,0.1064
644,TRUMP_USDT,SHORT,StochasticRSI(FAST_SCALP-SHORT),2,0.2,1.738,1.736,1.736,1.744,2026-07-05 05:30:59 UTC,2026-07-05 05:33:02 UTC,122.96,0.3476,0.0046,0.0,0.0004,0.04,8.63,MIN_PROFIT_TP_HIT,0.1068
645,TRUMP_USDT,LONG,StochasticRSI(FAST_SCALP-LONG),2,0.2,1.74,1.742,1.742,1.734,2026-07-05 05:35:59 UTC,2026-07-05 05:38:35 UTC,155.21,0.348,0.0046,0.0,0.0004,0.04,8.62,MIN_PROFIT_TP_HIT,0.1072
646,TRUMP_USDT,SHORT,StochasticRSI(FAST_SCALP-SHORT),2,0.2,1.739,1.737,1.737,1.745,2026-07-05 05:41:59 UTC,2026-07-05 05:42:16 UTC,16.71,0.3478,0.0046,0.0,0.0004,0.04,8.63,MIN_PROFIT_TP_HIT,0.1076
647,TRUMP_USDT,LONG,StochasticRSI(FAST_SCALP-LONG),2,0.2,1.737,1.739,1.739,1.731,2026-07-05 05:48:59 UTC,2026-07-05 05:50:32 UTC,92.37,0.3474,0.0046,0.0,0.0004,0.04,8.64,MIN_PROFIT_TP_HIT,0.108
648,TRUMP_USDT,SHORT,StochasticRSI(FAST_SCALP-SHORT),2,0.2,1.742,1.74,1.74,1.748,2026-07-05 05:55:59 UTC,2026-07-05 05:57:18 UTC,78.58,0.3484,0.0046,0.0,0.0004,0.04,8.61,MIN_PROFIT_TP_HIT,0.1084
649,TRUMP_USDT,LONG,StochasticRSI(FAST_SCALP-LONG),2,0.2,1.736,1.738,1.738,1.73,2026-07-05 06:03:59 UTC,2026-07-05 06:04:05 UTC,5.6,0.3472,0.0046,0.0,0.0004,0.04,8.64,MIN_PROFIT_TP_HIT,0.1088
650,TRUMP_USDT,LONG,StochasticRSI(FAST_SCALP-LONG),2,0.2,1.741,1.743,1.743,1.735,2026-07-05 06:05:59 UTC,2026-07-05 06:07:48 UTC,108.37,0.3482,0.0046,0.0,0.0004,0.04,8.62,MIN_PROFIT_TP_HIT,0.1092
651,TRUMP_USDT,SHORT,StochasticRSI(FAST_SCALP-SHORT),2,0.2,1.738,1.744,1.736,1.744,2026-07-05 06:10:59 UTC,2026-07-05 06:16:21 UTC,321.42,0.3476,0.0046,0.0,-0.0012,-0.11,-25.89,STOP_LOSS_HIT,0.108
652,TRUMP_USDT,LONG,StochasticRSI(FAST_SCALP-LONG),2,0.2,1.733,1.727,1.735,1.727,2026-07-05 06:22:59 UTC,2026-07-05 06:28:33 UTC,333.83,0.3466,0.0046,0.0,-0.0012,-0.11,-25.97,STOP_LOSS_HIT,0.1068
653,TRUMP_USDT,SHORT,StochasticRSI(FAST_SCALP-SHORT),2,0.2,1.73,1.728,1.728,1.736,2026-07-05 06:35:59 UTC,2026-07-05 06:36:17 UTC,17.37,0.346,0.0046,0.0,0.0004,0.04,8.67,MIN_PROFIT_TP_HIT,0.1072
654,TRUMP_USDT,LONG,StochasticRSI(FAST_SCALP-LONG),2,0.2,1.714,1.716,1.716,1.708,2026-07-05 06:41:59 UTC,2026-07-05 06:42:02 UTC,2.88,0.3428,0.0046,0.0,0.0004,0.04,8.75,MIN_PROFIT_TP_HIT,0.1076
655,TRUMP_USDT,SHORT,StochasticRSI(FAST_SCALP-SHORT),2,0.2,1.718,1.716,1.716,1.724,2026-07-05 06:48:59 UTC,2026-07-05 06:49:31 UTC,31.03,0.3436,0.0046,0.0,0.0004,0.04,8.73,MIN_PROFIT_TP_HIT,0.108
656,TRUMP_USDT,SHORT,StochasticRSI(FAST_SCALP-SHORT),2,0.2,1.717,1.715,1.715,1.723,2026-07-05 06:57:59 UTC,2026-07-05 07:15:02 UTC,1022.91,0.3434,0.0046,0.0,0.0004,0.04,8.74,MIN_PROFIT_TP_HIT,0.1084
657,TRUMP_USDT,LONG,StochasticRSI(FAST_SCALP-LONG),2,0.2,1.715,1.709,1.717,1.709,2026-07-05 07:18:59 UTC,2026-07-05 07:20:36 UTC,96.55,0.343,0.0046,0.0,-0.0012,-0.11,-26.24,STOP_LOSS_HIT,0.1072
658,TRUMP_USDT,LONG,StochasticRSI(FAST_SCALP-LONG),2,0.2,1.708,1.71,1.71,1.702,2026-07-05 07:23:59 UTC,2026-07-05 07:33:01 UTC,541.69,0.3416,0.0046,0.0,0.0004,0.04,8.78,MIN_PROFIT_TP_HIT,0.1076
659,TRUMP_USDT,SHORT,StochasticRSI(FAST_SCALP-SHORT),2,0.2,1.707,1.705,1.705,1.713,2026-07-05 07:37:59 UTC,2026-07-05 07:47:50 UTC,590.07,0.3414,0.0046,0.0,0.0004,0.04,8.79,MIN_PROFIT_TP_HIT,0.108
660,TRUMP_USDT,LONG,StochasticRSI(FAST_SCALP-LONG),2,0.2,1.708,1.71,1.71,1.702,2026-07-05 07:49:59 UTC,2026-07-05 07:50:43 UTC,43.09,0.3416,0.0046,0.0,0.0004,0.04,8.78,MIN_PROFIT_TP_HIT,0.1084
661,TRUMP_USDT,SHORT,StochasticRSI(FAST_SCALP-SHORT),2,0.2,1.711,1.709,1.709,1.717,2026-07-05 07:54:59 UTC,2026-07-05 07:55:37 UTC,37.73,0.3422,0.0046,0.0,0.0004,0.04,8.77,MIN_PROFIT_TP_HIT,0.1088
662,TRUMP_USDT,SHORT,StochasticRSI(FAST_SCALP-SHORT),2,0.2,1.71,1.716,1.708,1.716,2026-07-05 07:57:59 UTC,2026-07-05 08:00:33 UTC,153.41,0.342,0.0046,0.0,-0.0012,-0.11,-26.32,STOP_LOSS_HIT,0.1076
663,TRUMP_USDT,LONG,StochasticRSI(FAST_SCALP-LONG),2,0.2,1.707,1.709,1.709,1.701,2026-07-05 08:08:59 UTC,2026-07-05 08:10:20 UTC,80.25,0.3414,0.0046,0.0,0.0004,0.04,8.79,MIN_PROFIT_TP_HIT,0.108
664,TRUMP_USDT,LONG,StochasticRSI(FAST_SCALP-LONG),2,0.2,1.706,1.708,1.708,1.7,2026-07-05 08:20:59 UTC,2026-07-05 08:22:28 UTC,88.11,0.3412,0.0045,0.0,0.0004,0.04,8.79,MIN_PROFIT_TP_HIT,0.1084
665,TRUMP_USDT,SHORT,StochasticRSI(FAST_SCALP-SHORT),2,0.2,1.706,1.704,1.704,1.712,2026-07-05 08:24:59 UTC,2026-07-05 08:27:14 UTC,134.39,0.3412,0.0045,0.0,0.0004,0.04,8.79,MIN_PROFIT_TP_HIT,0.1088
666,TRUMP_USDT,LONG,StochasticRSI(FAST_SCALP-LONG),2,0.2,1.698,1.7,1.7,1.692,2026-07-05 08:37:59 UTC,2026-07-05 08:38:21 UTC,21.81,0.3396,0.0045,0.0,0.0004,0.04,8.83,MIN_PROFIT_TP_HIT,0.1092
667,TRUMP_USDT,LONG,StochasticRSI(FAST_SCALP-LONG),2,0.2,1.703,1.705,1.705,1.697,2026-07-05 08:39:59 UTC,2026-07-05 08:40:51 UTC,51.58,0.3406,0.0045,0.0,0.0004,0.04,8.81,MIN_PROFIT_TP_HIT,0.1096
668,TRUMP_USDT,SHORT,StochasticRSI(FAST_SCALP-SHORT),2,0.2,1.699,1.697,1.697,1.705,2026-07-05 08:43:59 UTC,2026-07-05 09:01:26 UTC,1046.41,0.3398,0.0045,0.0,0.0004,0.04,8.83,MIN_PROFIT_TP_HIT,0.11
669,TRUMP_USDT,SHORT,StochasticRSI(FAST_SCALP-SHORT),2,0.2,1.702,1.7,1.7,1.708,2026-07-05 09:09:59 UTC,2026-07-05 09:10:20 UTC,20.54,0.3404,0.0045,0.0,0.0004,0.04,8.81,MIN_PROFIT_TP_HIT,0.1104
670,TRUMP_USDT,LONG,StochasticRSI(FAST_SCALP-LONG),2,0.2,1.698,1.692,1.7,1.692,2026-07-05 09:20:59 UTC,2026-07-05 09:27:17 UTC,377.04,0.3396,0.0045,0.0,-0.0012,-0.11,-26.5,STOP_LOSS_HIT,0.1092
671,TRUMP_USDT,LONG,StochasticRSI(FAST_SCALP-LONG),2,0.2,1.693,1.695,1.695,1.687,2026-07-05 09:29:59 UTC,2026-07-05 09:33:59 UTC,239.08,0.3386,0.0045,0.0,0.0004,0.04,8.86,MIN_PROFIT_TP_HIT,0.1096
672,TRUMP_USDT,SHORT,StochasticRSI(FAST_SCALP-SHORT),2,0.2,1.695,1.693,1.693,1.701,2026-07-05 09:38:59 UTC,2026-07-05 09:39:47 UTC,47.15,0.339,0.0045,0.0,0.0004,0.04,8.85,MIN_PROFIT_TP_HIT,0.11
673,TRUMP_USDT,LONG,StochasticRSI(FAST_SCALP-LONG),2,0.2,1.689,1.691,1.691,1.683,2026-07-05 09:45:59 UTC,2026-07-05 09:56:08 UTC,608.92,0.3378,0.0045,0.0,0.0004,0.04,8.88,MIN_PROFIT_TP_HIT,0.1104
674,TRUMP_USDT,SHORT,StochasticRSI(FAST_SCALP-SHORT),2,0.2,1.69,1.688,1.688,1.696,2026-07-05 09:59:59 UTC,2026-07-05 10:00:05 UTC,5.46,0.338,0.0045,0.0,0.0004,0.04,8.88,MIN_PROFIT_TP_HIT,0.1108
675,TRUMP_USDT,LONG,StochasticRSI(FAST_SCALP-LONG),2,0.2,1.687,1.689,1.689,1.681,2026-07-05 10:04:59 UTC,2026-07-05 10:06:35 UTC,96.0,0.3374,0.0045,0.0,0.0004,0.04,8.89,MIN_PROFIT_TP_HIT,0.1112
676,TRUMP_USDT,SHORT,StochasticRSI(FAST_SCALP-SHORT),2,0.2,1.693,1.691,1.691,1.699,2026-07-05 10:12:59 UTC,2026-07-05 10:21:04 UTC,484.68,0.3386,0.0045,0.0,0.0004,0.04,8.86,MIN_PROFIT_TP_HIT,0.1116
677,TRUMP_USDT,LONG,StochasticRSI(FAST_SCALP-LONG),2,0.2,1.694,1.696,1.696,1.688,2026-07-05 10:22:59 UTC,2026-07-05 10:28:07 UTC,307.24,0.3388,0.0045,0.0,0.0004,0.04,8.85,MIN_PROFIT_TP_HIT,0.112
678,TRUMP_USDT,SHORT,StochasticRSI(FAST_SCALP-SHORT),2,0.2,1.698,1.696,1.696,1.704,2026-07-05 10:34:59 UTC,2026-07-05 10:49:00 UTC,840.88,0.3396,0.0045,0.0,0.0004,0.04,8.83,MIN_PROFIT_TP_HIT,0.1124
679,TRUMP_USDT,LONG,StochasticRSI(FAST_SCALP-LONG),2,0.2,1.696,1.698,1.698,1.69,2026-07-05 10:51:59 UTC,2026-07-05 10:52:06 UTC,6.29,0.3392,0.0045,0.0,0.0004,0.04,8.84,MIN_PROFIT_TP_HIT,0.1128
680,TRUMP_USDT,SHORT,StochasticRSI(FAST_SCALP-SHORT),2,0.2,1.7,1.706,1.698,1.706,2026-07-05 11:02:59 UTC,2026-07-05 11:09:08 UTC,368.79,0.34,0.0045,0.0,-0.0012,-0.11,-26.47,STOP_LOSS_HIT,0.1116
681,TRUMP_USDT,LONG,StochasticRSI(FAST_SCALP-LONG),2,0.2,1.698,1.7,1.7,1.692,2026-07-05 11:18:59 UTC,2026-07-05 11:19:12 UTC,12.2,0.3396,0.0045,0.0,0.0004,0.04,8.83,MIN_PROFIT_TP_HIT,0.112
682,TRUMP_USDT,SHORT,StochasticRSI(FAST_SCALP-SHORT),2,0.2,1.699,1.697,1.697,1.705,2026-07-05 11:26:59 UTC,2026-07-05 12:00:22 UTC,2002.11,0.3398,0.0045,0.0,0.0004,0.04,8.83,MIN_PROFIT_TP_HIT,0.1124
683,TRUMP_USDT,SHORT,StochasticRSI(FAST_SCALP-SHORT),2,0.2,1.694,1.692,1.692,1.7,2026-07-05 12:01:59 UTC,2026-07-05 12:02:32 UTC,32.6,0.3388,0.0045,0.0,0.0004,0.04,8.85,MIN_PROFIT_TP_HIT,0.1128
684,TRUMP_USDT,LONG,StochasticRSI(FAST_SCALP-LONG),2,0.2,1.693,1.695,1.695,1.687,2026-07-05 12:05:59 UTC,2026-07-05 12:17:44 UTC,704.14,0.3386,0.0045,0.0,0.0004,0.04,8.86,MIN_PROFIT_TP_HIT,0.1132
685,TRUMP_USDT,SHORT,StochasticRSI(FAST_SCALP-SHORT),2,0.2,1.7,1.698,1.698,1.706,2026-07-05 12:22:59 UTC,2026-07-05 12:23:03 UTC,3.44,0.34,0.0045,0.0,0.0004,0.04,8.82,MIN_PROFIT_TP_HIT,0.1136
686,TRUMP_USDT,SHORT,StochasticRSI(FAST_SCALP-SHORT),2,0.2,1.699,1.705,1.697,1.705,2026-07-05 12:24:59 UTC,2026-07-05 12:29:35 UTC,275.44,0.3398,0.0045,0.0,-0.0012,-0.11,-26.49,STOP_LOSS_HIT,0.1124
687,TRUMP_USDT,SHORT,StochasticRSI(FAST_SCALP-SHORT),2,0.2,1.709,1.707,1.707,1.715,2026-07-05 12:33:59 UTC,2026-07-05 12:34:38 UTC,38.21,0.3418,0.0046,0.0,0.0004,0.04,8.78,MIN_PROFIT_TP_HIT,0.1128
688,TRUMP_USDT,LONG,StochasticRSI(FAST_SCALP-LONG),2,0.2,1.717,1.719,1.719,1.711,2026-07-05 12:46:59 UTC,2026-07-05 12:52:09 UTC,309.99,0.3434,0.0046,0.0,0.0004,0.04,8.74,MIN_PROFIT_TP_HIT,0.1132
689,TRUMP_USDT,LONG,StochasticRSI(FAST_SCALP-LONG),2,0.2,1.722,1.716,1.724,1.716,2026-07-05 12:53:59 UTC,2026-07-05 13:01:13 UTC,433.46,0.3444,0.0046,0.0,-0.0012,-0.11,-26.13,STOP_LOSS_HIT,0.112
690,TRUMP_USDT,LONG,StochasticRSI(FAST_SCALP-LONG),2,0.2,1.716,1.718,1.718,1.71,2026-07-05 13:04:59 UTC,2026-07-05 13:05:11 UTC,11.85,0.3432,0.0046,0.0,0.0004,0.04,8.74,MIN_PROFIT_TP_HIT,0.1124
691,TRUMP_USDT,SHORT,StochasticRSI(FAST_SCALP-SHORT),2,0.2,1.719,1.717,1.717,1.725,2026-07-05 13:36:59 UTC,2026-07-05 13:42:16 UTC,316.58,0.3438,0.0046,0.0,0.0004,0.04,8.73,MIN_PROFIT_TP_HIT,0.1128
692,TRUMP_USDT,LONG,StochasticRSI(FAST_SCALP-LONG),2,0.2,1.717,1.711,1.719,1.711,2026-07-05 13:45:59 UTC,2026-07-05 13:46:48 UTC,48.26,0.3434,0.0046,0.0,-0.0012,-0.11,-26.21,STOP_LOSS_HIT,0.1116
693,TRUMP_USDT,LONG,StochasticRSI(FAST_SCALP-LONG),2,0.2,1.71,1.704,1.712,1.704,2026-07-05 13:51:59 UTC,2026-07-05 14:03:12 UTC,673.0,0.342,0.0046,0.0,-0.0012,-0.11,-26.32,STOP_LOSS_HIT,0.1104
694,TRUMP_USDT,LONG,StochasticRSI(FAST_SCALP-LONG),2,0.2,1.701,1.703,1.703,1.695,2026-07-05 14:07:59 UTC,2026-07-05 14:08:13 UTC,13.38,0.3402,0.0045,0.0,0.0004,0.04,8.82,MIN_PROFIT_TP_HIT,0.1108
695,TRUMP_USDT,LONG,StochasticRSI(FAST_SCALP-LONG),2,0.2,1.695,1.697,1.697,1.689,2026-07-05 14:18:59 UTC,2026-07-05 14:22:37 UTC,217.11,0.339,0.0045,0.0,0.0004,0.04,8.85,MIN_PROFIT_TP_HIT,0.1112
696,TRUMP_USDT,SHORT,StochasticRSI(FAST_SCALP-SHORT),2,0.2,1.695,1.693,1.693,1.701,2026-07-05 14:24:59 UTC,2026-07-05 14:26:26 UTC,86.85,0.339,0.0045,0.0,0.0004,0.04,8.85,MIN_PROFIT_TP_HIT,0.1116
697,TRUMP_USDT,LONG,StochasticRSI(FAST_SCALP-LONG),2,0.2,1.687,1.689,1.689,1.681,2026-07-05 14:35:59 UTC,2026-07-05 14:38:55 UTC,175.13,0.3374,0.0045,0.0,0.0004,0.04,8.89,MIN_PROFIT_TP_HIT,0.112
698,TRUMP_USDT,SHORT,StochasticRSI(FAST_SCALP-SHORT),2,0.2,1.689,1.695,1.687,1.695,2026-07-05 14:45:59 UTC,2026-07-05 14:59:22 UTC,802.78,0.3378,0.0045,0.0,-0.0012,-0.11,-26.64,STOP_LOSS_HIT,0.1108
699,TRUMP_USDT,SHORT,StochasticRSI(FAST_SCALP-SHORT),2,0.2,1.694,1.7,1.692,1.7,2026-07-05 15:01:59 UTC,2026-07-05 15:03:57 UTC,117.97,0.3388,0.0045,0.0,-0.0012,-0.11,-26.56,STOP_LOSS_HIT,0.1096
700,TRUMP_USDT,LONG,StochasticRSI(FAST_SCALP-LONG),2,0.2,1.697,1.699,1.699,1.691,2026-07-05 15:12:59 UTC,2026-07-05 15:13:08 UTC,8.66,0.3394,0.0045,0.0,0.0004,0.04,8.84,MIN_PROFIT_TP_HIT,0.11
701,TRUMP_USDT,LONG,StochasticRSI(FAST_SCALP-LONG),2,0.2,1.695,1.697,1.697,1.689,2026-07-05 15:23:59 UTC,2026-07-05 15:25:10 UTC,70.52,0.339,0.0045,0.0,0.0004,0.04,8.85,MIN_PROFIT_TP_HIT,0.1104
702,TRUMP_USDT,LONG,StochasticRSI(FAST_SCALP-LONG),2,0.2,1.695,1.697,1.697,1.689,2026-07-05 15:32:59 UTC,2026-07-05 15:36:20 UTC,200.24,0.339,0.0045,0.0,0.0004,0.04,8.85,MIN_PROFIT_TP_HIT,0.1108
703,TRUMP_USDT,SHORT,StochasticRSI(FAST_SCALP-SHORT),2,0.2,1.691,1.689,1.689,1.697,2026-07-05 15:38:59 UTC,2026-07-05 15:42:47 UTC,227.67,0.3382,0.0045,0.0,0.0004,0.04,8.87,MIN_PROFIT_TP_HIT,0.1112
704,TRUMP_USDT,LONG,StochasticRSI(FAST_SCALP-LONG),2,0.2,1.692,1.694,1.694,1.686,2026-07-05 15:46:59 UTC,2026-07-05 15:56:48 UTC,588.07,0.3384,0.0045,0.0,0.0004,0.04,8.87,MIN_PROFIT_TP_HIT,0.1116
705,TRUMP_USDT,SHORT,StochasticRSI(FAST_SCALP-SHORT),2,0.2,1.695,1.693,1.693,1.701,2026-07-05 15:59:59 UTC,2026-07-05 16:00:04 UTC,4.93,0.339,0.0045,0.0,0.0004,0.04,8.85,MIN_PROFIT_TP_HIT,0.112
706,TRUMP_USDT,LONG,StochasticRSI(FAST_SCALP-LONG),2,0.2,1.688,1.69,1.69,1.682,2026-07-05 16:11:59 UTC,2026-07-05 16:12:28 UTC,28.94,0.3376,0.0045,0.0,0.0004,0.04,8.89,MIN_PROFIT_TP_HIT,0.1124
707,TRUMP_USDT,SHORT,StochasticRSI(FAST_SCALP-SHORT),2,0.2,1.681,1.679,1.679,1.687,2026-07-05 16:15:59 UTC,2026-07-05 16:19:11 UTC,191.39,0.3362,0.0045,0.0,0.0004,0.04,8.92,MIN_PROFIT_TP_HIT,0.1128
708,TRUMP_USDT,SHORT,StochasticRSI(FAST_SCALP-SHORT),2,0.2,1.688,1.686,1.686,1.694,2026-07-05 16:28:59 UTC,2026-07-05 16:29:45 UTC,45.2,0.3376,0.0045,0.0,0.0004,0.04,8.89,MIN_PROFIT_TP_HIT,0.1132
709,TRUMP_USDT,LONG,StochasticRSI(FAST_SCALP-LONG),2,0.2,1.686,1.688,1.688,1.68,2026-07-05 16:34:59 UTC,2026-07-05 16:36:00 UTC,60.36,0.3372,0.0045,0.0,0.0004,0.04,8.9,MIN_PROFIT_TP_HIT,0.1136
710,TRUMP_USDT,LONG,StochasticRSI(FAST_SCALP-LONG),2,0.2,1.687,1.689,1.689,1.681,2026-07-05 16:39:59 UTC,2026-07-05 16:41:33 UTC,93.0,0.3374,0.0045,0.0,0.0004,0.04,8.89,MIN_PROFIT_TP_HIT,0.114
711,TRUMP_USDT,SHORT,StochasticRSI(FAST_SCALP-SHORT),2,0.2,1.689,1.687,1.687,1.695,2026-07-05 16:47:59 UTC,2026-07-05 16:52:00 UTC,240.76,0.3378,0.0045,0.0,0.0004,0.04,8.88,MIN_PROFIT_TP_HIT,0.1144
712,TRUMP_USDT,LONG,StochasticRSI(FAST_SCALP-LONG),2,0.2,1.688,1.69,1.69,1.682,2026-07-05 16:55:59 UTC,2026-07-05 16:57:39 UTC,99.82,0.3376,0.0045,0.0,0.0004,0.04,8.89,MIN_PROFIT_TP_HIT,0.1148
713,TRUMP_USDT,LONG,StochasticRSI(FAST_SCALP-LONG),2,0.2,1.69,1.692,1.692,1.684,2026-07-05 17:04:59 UTC,2026-07-05 17:15:17 UTC,617.79,0.338,0.0045,0.0,0.0004,0.04,8.88,MIN_PROFIT_TP_HIT,0.1152
714,TRUMP_USDT,SHORT,StochasticRSI(FAST_SCALP-SHORT),2,0.2,1.696,1.694,1.694,1.702,2026-07-05 17:22:59 UTC,2026-07-05 17:28:23 UTC,323.52,0.3392,0.0045,0.0,0.0004,0.04,8.84,MIN_PROFIT_TP_HIT,0.1156
715,TRUMP_USDT,LONG,StochasticRSI(FAST_SCALP-LONG),2,0.2,1.692,1.694,1.694,1.686,2026-07-05 17:34:59 UTC,2026-07-05 17:35:41 UTC,41.14,0.3384,0.0045,0.0,0.0004,0.04,8.87,MIN_PROFIT_TP_HIT,0.116
716,TRUMP_USDT,SHORT,StochasticRSI(FAST_SCALP-SHORT),2,0.2,1.692,1.69,1.69,1.698,2026-07-05 17:43:59 UTC,2026-07-05 17:57:04 UTC,784.79,0.3384,0.0045,0.0,0.0004,0.04,8.87,MIN_PROFIT_TP_HIT,0.1164
717,TRUMP_USDT,SHORT,StochasticRSI(FAST_SCALP-SHORT),2,0.2,1.69,1.688,1.688,1.696,2026-07-05 18:02:59 UTC,2026-07-05 18:03:58 UTC,58.7,0.338,0.0045,0.0,0.0004,0.04,8.88,MIN_PROFIT_TP_HIT,0.1168
718,TRUMP_USDT,LONG,StochasticRSI(FAST_SCALP-LONG),2,0.2,1.692,1.694,1.694,1.686,2026-07-05 18:06:59 UTC,2026-07-05 18:14:16 UTC,436.14,0.3384,0.0045,0.0,0.0004,0.04,8.87,MIN_PROFIT_TP_HIT,0.1172
719,TRUMP_USDT,SHORT,StochasticRSI(FAST_SCALP-SHORT),2,0.2,1.693,1.691,1.691,1.699,2026-07-05 18:16:59 UTC,2026-07-05 18:17:43 UTC,43.76,0.3386,0.0045,0.0,0.0004,0.04,8.86,MIN_PROFIT_TP_HIT,0.1176
720,TRUMP_USDT,LONG,StochasticRSI(FAST_SCALP-LONG),2,0.2,1.692,1.694,1.694,1.686,2026-07-05 18:21:59 UTC,2026-07-05 18:22:17 UTC,17.25,0.3384,0.0045,0.0,0.0004,0.04,8.87,MIN_PROFIT_TP_HIT,0.118
721,TRUMP_USDT,LONG,StochasticRSI(FAST_SCALP-LONG),2,0.2,1.693,1.695,1.695,1.687,2026-07-05 18:33:59 UTC,2026-07-05 18:41:31 UTC,451.23,0.3386,0.0045,0.0,0.0004,0.04,8.86,MIN_PROFIT_TP_HIT,0.1184
722,TRUMP_USDT,SHORT,StochasticRSI(FAST_SCALP-SHORT),2,0.2,1.692,1.698,1.69,1.698,2026-07-05 18:43:59 UTC,2026-07-05 18:49:25 UTC,325.07,0.3384,0.0045,0.0,-0.0012,-0.11,-26.6,STOP_LOSS_HIT,0.1172
723,TRUMP_USDT,LONG,StochasticRSI(FAST_SCALP-LONG),2,0.2,1.698,1.7,1.7,1.692,2026-07-05 19:03:59 UTC,2026-07-05 19:04:51 UTC,51.82,0.3396,0.0045,0.0,0.0004,0.04,8.83,MIN_PROFIT_TP_HIT,0.1176
724,TRUMP_USDT,SHORT,StochasticRSI(FAST_SCALP-SHORT),2,0.2,1.698,1.704,1.696,1.704,2026-07-05 19:07:59 UTC,2026-07-05 19:13:18 UTC,318.28,0.3396,0.0045,0.0,-0.0012,-0.11,-26.5,STOP_LOSS_HIT,0.1164
725,TRUMP_USDT,SHORT,StochasticRSI(FAST_SCALP-SHORT),2,0.2,1.697,1.695,1.695,1.703,2026-07-05 19:17:59 UTC,2026-07-05 19:19:13 UTC,73.47,0.3394,0.0045,0.0,0.0004,0.04,8.84,MIN_PROFIT_TP_HIT,0.1168
726,TRUMP_USDT,LONG,StochasticRSI(FAST_SCALP-LONG),2,0.2,1.694,1.696,1.696,1.688,2026-07-05 19:24:59 UTC,2026-07-05 19:32:14 UTC,434.12,0.3388,0.0045,0.0,0.0004,0.04,8.85,MIN_PROFIT_TP_HIT,0.1172
727,TRUMP_USDT,SHORT,StochasticRSI(FAST_SCALP-SHORT),2,0.2,1.696,1.694,1.694,1.702,2026-07-05 19:34:59 UTC,2026-07-05 19:35:00 UTC,0.65,0.3392,0.0045,0.0,0.0004,0.04,8.84,MIN_PROFIT_TP_HIT,0.1176
728,TRUMP_USDT,LONG,StochasticRSI(FAST_SCALP-LONG),2,0.2,1.695,1.697,1.697,1.689,2026-07-05 19:46:59 UTC,2026-07-05 19:47:21 UTC,21.34,0.339,0.0045,0.0,0.0004,0.04,8.85,MIN_PROFIT_TP_HIT,0.118
729,TRUMP_USDT,SHORT,StochasticRSI(FAST_SCALP-SHORT),2,0.2,1.697,1.695,1.695,1.703,2026-07-05 19:51:59 UTC,2026-07-05 19:55:49 UTC,229.47,0.3394,0.0045,0.0,0.0004,0.04,8.84,MIN_PROFIT_TP_HIT,0.1184
730,TRUMP_USDT,LONG,StochasticRSI(FAST_SCALP-LONG),2,0.2,1.696,1.698,1.698,1.69,2026-07-05 19:58:59 UTC,2026-07-05 20:03:14 UTC,254.12,0.3392,0.0045,0.0,0.0004,0.04,8.84,MIN_PROFIT_TP_HIT,0.1188
731,TRUMP_USDT,SHORT,StochasticRSI(FAST_SCALP-SHORT),2,0.2,1.701,1.699,1.699,1.707,2026-07-05 20:09:59 UTC,2026-07-05 20:12:59 UTC,179.47,0.3402,0.0045,0.0,0.0004,0.04,8.82,MIN_PROFIT_TP_HIT,0.1192
732,TRUMP_USDT,SHORT,StochasticRSI(FAST_SCALP-SHORT),2,0.2,1.697,1.703,1.695,1.703,2026-07-05 20:27:59 UTC,2026-07-05 20:53:56 UTC,1556.19,0.3394,0.0045,0.0,-0.0012,-0.11,-26.52,STOP_LOSS_HIT,0.118
733,TRUMP_USDT,SHORT,StochasticRSI(FAST_SCALP-SHORT),2,0.2,1.699,1.697,1.697,1.705,2026-07-05 21:01:59 UTC,2026-07-05 21:05:32 UTC,212.12,0.3398,0.0045,0.0,0.0004,0.04,8.83,MIN_PROFIT_TP_HIT,0.1184
734,TRUMP_USDT,LONG,StochasticRSI(FAST_SCALP-LONG),2,0.2,1.7,1.702,1.702,1.694,2026-07-05 21:10:59 UTC,2026-07-05 21:12:56 UTC,116.26,0.34,0.0045,0.0,0.0004,0.04,8.82,MIN_PROFIT_TP_HIT,0.1188
735,TRUMP_USDT,SHORT,StochasticRSI(FAST_SCALP-SHORT),2,0.2,1.705,1.711,1.703,1.711,2026-07-05 21:15:59 UTC,2026-07-05 21:24:52 UTC,532.01,0.341,0.0045,0.0,-0.0012,-0.11,-26.39,STOP_LOSS_HIT,0.1176
736,TRUMP_USDT,SHORT,StochasticRSI(FAST_SCALP-SHORT),2,0.2,1.715,1.713,1.713,1.721,2026-07-05 21:30:59 UTC,2026-07-05 21:32:04 UTC,64.28,0.343,0.0046,0.0,0.0004,0.04,8.75,MIN_PROFIT_TP_HIT,0.118
737,TRUMP_USDT,LONG,StochasticRSI(FAST_SCALP-LONG),2,0.2,1.716,1.71,1.718,1.71,2026-07-05 21:37:59 UTC,2026-07-05 21:45:00 UTC,420.63,0.3432,0.0046,0.0,-0.0012,-0.11,-26.22,STOP_LOSS_HIT,0.1168
738,TRUMP_USDT,SHORT,StochasticRSI(FAST_SCALP-SHORT),2,0.2,1.714,1.712,1.712,1.72,2026-07-05 21:53:59 UTC,2026-07-05 21:54:46 UTC,46.95,0.3428,0.0046,0.0,0.0004,0.04,8.75,MIN_PROFIT_TP_HIT,0.1172
739,TRUMP_USDT,SHORT,StochasticRSI(FAST_SCALP-SHORT),2,0.2,1.713,1.711,1.711,1.719,2026-07-05 21:59:59 UTC,2026-07-05 22:00:06 UTC,6.28,0.3426,0.0046,0.0,0.0004,0.04,8.76,MIN_PROFIT_TP_HIT,0.1176
740,TRUMP_USDT,LONG,StochasticRSI(FAST_SCALP-LONG),2,0.2,1.713,1.707,1.715,1.707,2026-07-05 22:03:59 UTC,2026-07-05 22:10:30 UTC,390.05,0.3426,0.0046,0.0,-0.0012,-0.11,-26.27,STOP_LOSS_HIT,0.1164
741,TRUMP_USDT,LONG,StochasticRSI(FAST_SCALP-LONG),2,0.2,1.711,1.713,1.713,1.705,2026-07-05 22:12:59 UTC,2026-07-05 22:13:40 UTC,40.8,0.3422,0.0046,0.0,0.0004,0.04,8.77,MIN_PROFIT_TP_HIT,0.1168
742,TRUMP_USDT,SHORT,StochasticRSI(FAST_SCALP-SHORT),2,0.2,1.716,1.722,1.714,1.722,2026-07-05 22:17:59 UTC,2026-07-05 22:21:19 UTC,199.49,0.3432,0.0046,0.0,-0.0012,-0.11,-26.22,STOP_LOSS_HIT,0.1156
743,TRUMP_USDT,SHORT,StochasticRSI(FAST_SCALP-SHORT),2,0.2,1.718,1.716,1.716,1.724,2026-07-05 22:23:59 UTC,2026-07-05 22:25:04 UTC,64.86,0.3436,0.0046,0.0,0.0004,0.04,8.73,MIN_PROFIT_TP_HIT,0.116
744,TRUMP_USDT,LONG,StochasticRSI(FAST_SCALP-LONG),2,0.2,1.722,1.724,1.724,1.716,2026-07-05 22:27:59 UTC,2026-07-05 22:28:24 UTC,24.88,0.3444,0.0046,0.0,0.0004,0.04,8.71,MIN_PROFIT_TP_HIT,0.1164
745,TRUMP_USDT,LONG,StochasticRSI(FAST_SCALP-LONG),2,0.2,1.714,1.716,1.716,1.708,2026-07-05 22:38:59 UTC,2026-07-05 22:39:24 UTC,24.26,0.3428,0.0046,0.0,0.0004,0.04,8.75,MIN_PROFIT_TP_HIT,0.1168
746,TRUMP_USDT,SHORT,StochasticRSI(FAST_SCALP-SHORT),2,0.2,1.714,1.712,1.712,1.72,2026-07-05 22:49:59 UTC,2026-07-05 22:51:02 UTC,62.47,0.3428,0.0046,0.0,0.0004,0.04,8.75,MIN_PROFIT_TP_HIT,0.1172
747,TRUMP_USDT,LONG,StochasticRSI(FAST_SCALP-LONG),2,0.2,1.714,1.716,1.716,1.708,2026-07-05 22:56:59 UTC,2026-07-05 22:58:08 UTC,68.41,0.3428,0.0046,0.0,0.0004,0.04,8.75,MIN_PROFIT_TP_HIT,0.1176
748,TRUMP_USDT,SHORT,StochasticRSI(FAST_SCALP-SHORT),2,0.2,1.715,1.713,1.713,1.721,2026-07-05 23:01:59 UTC,2026-07-05 23:09:34 UTC,454.15,0.343,0.0046,0.0,0.0004,0.04,8.75,MIN_PROFIT_TP_HIT,0.118
749,TRUMP_USDT,LONG,StochasticRSI(FAST_SCALP-LONG),2,0.2,1.714,1.716,1.716,1.708,2026-07-05 23:11:59 UTC,2026-07-05 23:12:05 UTC,5.2,0.3428,0.0046,0.0,0.0004,0.04,8.75,MIN_PROFIT_TP_HIT,0.1184
750,TRUMP_USDT,SHORT,StochasticRSI(FAST_SCALP-SHORT),2,0.2,1.716,1.714,1.714,1.722,2026-07-05 23:17:59 UTC,2026-07-05 23:22:49 UTC,289.07,0.3432,0.0046,0.0,0.0004,0.04,8.74,MIN_PROFIT_TP_HIT,0.1188
751,TRUMP_USDT,LONG,StochasticRSI(FAST_SCALP-LONG),2,0.2,1.714,1.716,1.716,1.708,2026-07-05 23:27:59 UTC,2026-07-05 23:28:05 UTC,5.75,0.3428,0.0046,0.0,0.0004,0.04,8.75,MIN_PROFIT_TP_HIT,0.1192
752,TRUMP_USDT,LONG,StochasticRSI(FAST_SCALP-LONG),2,0.2,1.713,1.707,1.715,1.707,2026-07-05 23:42:59 UTC,2026-07-05 23:47:19 UTC,259.36,0.3426,0.0046,0.0,-0.0012,-0.11,-26.27,STOP_LOSS_HIT,0.118
753,TRUMP_USDT,LONG,StochasticRSI(FAST_SCALP-LONG),2,0.2,1.707,1.701,1.709,1.701,2026-07-05 23:51:59 UTC,2026-07-06 00:00:57 UTC,537.8,0.3414,0.0046,0.0,-0.0012,-0.11,-26.36,STOP_LOSS_HIT,0.1168
754,TRUMP_USDT,LONG,StochasticRSI(FAST_SCALP-LONG),2,0.2,1.698,1.7,1.7,1.692,2026-07-06 00:05:59 UTC,2026-07-06 00:06:28 UTC,28.33,0.3396,0.0045,0.0,0.0004,0.04,8.83,MIN_PROFIT_TP_HIT,0.1172
755,TRUMP_USDT,LONG,StochasticRSI(FAST_SCALP-LONG),2,0.2,1.686,1.688,1.688,1.68,2026-07-06 00:10:59 UTC,2026-07-06 00:11:06 UTC,6.86,0.3372,0.0045,0.0,0.0004,0.04,8.9,MIN_PROFIT_TP_HIT,0.1176
756,TRUMP_USDT,SHORT,StochasticRSI(FAST_SCALP-SHORT),2,0.2,1.696,1.694,1.694,1.702,2026-07-06 00:18:59 UTC,2026-07-06 00:19:36 UTC,36.81,0.3392,0.0045,0.0,0.0004,0.04,8.84,MIN_PROFIT_TP_HIT,0.118
757,TRUMP_USDT,LONG,StochasticRSI(FAST_SCALP-LONG),2,0.2,1.692,1.686,1.694,1.686,2026-07-06 00:27:59 UTC,2026-07-06 00:30:06 UTC,126.86,0.3384,0.0045,0.0,-0.0012,-0.11,-26.6,STOP_LOSS_HIT,0.1168
758,TRUMP_USDT,SHORT,StochasticRSI(FAST_SCALP-SHORT),2,0.2,1.694,1.7,1.692,1.7,2026-07-06 00:42:59 UTC,2026-07-06 00:45:06 UTC,126.16,0.3388,0.0045,0.0,-0.0012,-0.11,-26.56,STOP_LOSS_HIT,0.1156
759,TRUMP_USDT,SHORT,StochasticRSI(FAST_SCALP-SHORT),2,0.2,1.699,1.697,1.697,1.705,2026-07-06 00:47:59 UTC,2026-07-06 00:55:37 UTC,457.8,0.3398,0.0045,0.0,0.0004,0.04,8.83,MIN_PROFIT_TP_HIT,0.116
760,TRUMP_USDT,LONG,StochasticRSI(FAST_SCALP-LONG),2,0.2,1.698,1.7,1.7,1.692,2026-07-06 00:57:59 UTC,2026-07-06 00:58:37 UTC,37.54,0.3396,0.0045,0.0,0.0004,0.04,8.83,MIN_PROFIT_TP_HIT,0.1164
761,TRUMP_USDT,SHORT,StochasticRSI(FAST_SCALP-SHORT),2,0.2,1.699,1.697,1.697,1.705,2026-07-06 01:04:59 UTC,2026-07-06 01:07:10 UTC,130.75,0.3398,0.0045,0.0,0.0004,0.04,8.83,MIN_PROFIT_TP_HIT,0.1168
762,TRUMP_USDT,LONG,StochasticRSI(FAST_SCALP-LONG),2,0.2,1.701,1.695,1.703,1.695,2026-07-06 01:09:59 UTC,2026-07-06 01:22:53 UTC,773.03,0.3402,0.0045,0.0,-0.0012,-0.11,-26.46,STOP_LOSS_HIT,0.1156
763,TRUMP_USDT,LONG,StochasticRSI(FAST_SCALP-LONG),2,0.2,1.694,1.696,1.696,1.688,2026-07-06 01:26:59 UTC,2026-07-06 01:28:08 UTC,68.17,0.3388,0.0045,0.0,0.0004,0.04,8.85,MIN_PROFIT_TP_HIT,0.116
764,TRUMP_USDT,LONG,StochasticRSI(FAST_SCALP-LONG),2,0.2,1.695,1.697,1.697,1.689,2026-07-06 01:29:59 UTC,2026-07-06 01:31:08 UTC,68.08,0.339,0.0045,0.0,0.0004,0.04,8.85,MIN_PROFIT_TP_HIT,0.1164
765,TRUMP_USDT,SHORT,StochasticRSI(FAST_SCALP-SHORT),2,0.2,1.702,1.7,1.7,1.708,2026-07-06 01:35:59 UTC,2026-07-06 01:38:11 UTC,131.16,0.3404,0.0045,0.0,0.0004,0.04,8.81,MIN_PROFIT_TP_HIT,0.1168
766,TRUMP_USDT,LONG,StochasticRSI(FAST_SCALP-LONG),2,0.2,1.698,1.692,1.7,1.692,2026-07-06 01:48:59 UTC,2026-07-06 01:52:38 UTC,218.5,0.3396,0.0045,0.0,-0.0012,-0.11,-26.5,STOP_LOSS_HIT,0.1156
767,TRUMP_USDT,LONG,StochasticRSI(FAST_SCALP-LONG),2,0.2,1.693,1.695,1.695,1.687,2026-07-06 01:56:59 UTC,2026-07-06 02:00:17 UTC,197.66,0.3386,0.0045,0.0,0.0004,0.04,8.86,MIN_PROFIT_TP_HIT,0.116
768,TRUMP_USDT,SHORT,StochasticRSI(FAST_SCALP-SHORT),2,0.2,1.692,1.69,1.69,1.698,2026-07-06 02:03:59 UTC,2026-07-06 02:04:32 UTC,32.85,0.3384,0.0045,0.0,0.0004,0.04,8.87,MIN_PROFIT_TP_HIT,0.1164
769,TRUMP_USDT,LONG,StochasticRSI(FAST_SCALP-LONG),2,0.2,1.681,1.683,1.683,1.675,2026-07-06 02:11:59 UTC,2026-07-06 02:12:14 UTC,14.16,0.3362,0.0045,0.0,0.0004,0.04,8.92,MIN_PROFIT_TP_HIT,0.1168
770,TRUMP_USDT,SHORT,StochasticRSI(FAST_SCALP-SHORT),2,0.2,1.688,1.686,1.686,1.694,2026-07-06 02:28:59 UTC,2026-07-06 02:30:03 UTC,63.86,0.3376,0.0045,0.0,0.0004,0.04,8.89,MIN_PROFIT_TP_HIT,0.1172
771,TRUMP_USDT,LONG,StochasticRSI(FAST_SCALP-LONG),2,0.2,1.687,1.689,1.689,1.681,2026-07-06 02:32:59 UTC,2026-07-06 02:37:14 UTC,254.51,0.3374,0.0045,0.0,0.0004,0.04,8.89,MIN_PROFIT_TP_HIT,0.1176
772,TRUMP_USDT,SHORT,StochasticRSI(FAST_SCALP-SHORT),2,0.2,1.683,1.681,1.681,1.689,2026-07-06 02:41:59 UTC,2026-07-06 02:48:46 UTC,406.98,0.3366,0.0045,0.0,0.0004,0.04,8.91,MIN_PROFIT_TP_HIT,0.118
773,TRUMP_USDT,LONG,StochasticRSI(FAST_SCALP-LONG),2,0.2,1.683,1.685,1.685,1.677,2026-07-06 02:51:59 UTC,2026-07-06 02:54:50 UTC,170.02,0.3366,0.0045,0.0,0.0004,0.04,8.91,MIN_PROFIT_TP_HIT,0.1184
774,TRUMP_USDT,SHORT,StochasticRSI(FAST_SCALP-SHORT),2,0.2,1.684,1.682,1.682,1.69,2026-07-06 02:57:59 UTC,2026-07-06 03:01:07 UTC,187.71,0.3368,0.0045,0.0,0.0004,0.04,8.91,MIN_PROFIT_TP_HIT,0.1188
775,TRUMP_USDT,LONG,StochasticRSI(FAST_SCALP-LONG),2,0.2,1.684,1.686,1.686,1.678,2026-07-06 03:05:59 UTC,2026-07-06 03:11:09 UTC,309.25,0.3368,0.0045,0.0,0.0004,0.04,8.91,MIN_PROFIT_TP_HIT,0.1192
776,TRUMP_USDT,SHORT,StochasticRSI(FAST_SCALP-SHORT),2,0.2,1.684,1.682,1.682,1.69,2026-07-06 03:14:59 UTC,2026-07-06 03:22:11 UTC,431.16,0.3368,0.0045,0.0,0.0004,0.04,8.91,MIN_PROFIT_TP_HIT,0.1196
777,TRUMP_USDT,LONG,StochasticRSI(FAST_SCALP-LONG),2,0.2,1.68,1.682,1.682,1.674,2026-07-06 03:26:59 UTC,2026-07-06 03:27:05 UTC,5.38,0.336,0.0045,0.0,0.0004,0.04,8.93,MIN_PROFIT_TP_HIT,0.12
778,TRUMP_USDT,SHORT,StochasticRSI(FAST_SCALP-SHORT),2,0.2,1.66,1.666,1.658,1.666,2026-07-06 03:31:59 UTC,2026-07-06 03:32:45 UTC,45.04,0.332,0.0044,0.0,-0.0012,-0.11,-27.11,STOP_LOSS_HIT,0.1188
779,TRUMP_USDT,SHORT,StochasticRSI(FAST_SCALP-SHORT),2,0.2,1.67,1.668,1.668,1.676,2026-07-06 03:41:59 UTC,2026-07-06 03:43:07 UTC,67.31,0.334,0.0045,0.0,0.0004,0.04,8.98,MIN_PROFIT_TP_HIT,0.1192
780,TRUMP_USDT,LONG,StochasticRSI(FAST_SCALP-LONG),2,0.2,1.666,1.668,1.668,1.66,2026-07-06 03:46:59 UTC,2026-07-06 03:47:43 UTC,43.1,0.3332,0.0044,0.0,0.0004,0.04,9.0,MIN_PROFIT_TP_HIT,0.1196
781,TRUMP_USDT,SHORT,StochasticRSI(FAST_SCALP-SHORT),2,0.2,1.667,1.665,1.665,1.673,2026-07-06 03:55:59 UTC,2026-07-06 04:07:56 UTC,716.55,0.3334,0.0044,0.0,0.0004,0.04,9.0,MIN_PROFIT_TP_HIT,0.12
782,TRUMP_USDT,LONG,StochasticRSI(FAST_SCALP-LONG),2,0.2,1.668,1.67,1.67,1.662,2026-07-06 04:11:59 UTC,2026-07-06 04:13:03 UTC,63.43,0.3336,0.0044,0.0,0.0004,0.04,8.99,MIN_PROFIT_TP_HIT,0.1204
783,TRUMP_USDT,SHORT,StochasticRSI(FAST_SCALP-SHORT),2,0.2,1.671,1.669,1.669,1.677,2026-07-06 04:16:59 UTC,2026-07-06 04:25:01 UTC,481.74,0.3342,0.0045,0.0,0.0004,0.04,8.98,MIN_PROFIT_TP_HIT,0.1208
784,TRUMP_USDT,LONG,StochasticRSI(FAST_SCALP-LONG),2,0.2,1.672,1.674,1.674,1.666,2026-07-06 04:30:59 UTC,2026-07-06 04:34:02 UTC,182.34,0.3344,0.0045,0.0,0.0004,0.04,8.97,MIN_PROFIT_TP_HIT,0.1212
785,TRUMP_USDT,SHORT,StochasticRSI(FAST_SCALP-SHORT),2,0.2,1.67,1.676,1.668,1.676,2026-07-06 04:37:59 UTC,2026-07-06 04:53:35 UTC,935.97,0.334,0.0045,0.0,-0.0012,-0.11,-26.95,STOP_LOSS_HIT,0.12
786,TRUMP_USDT,SHORT,StochasticRSI(FAST_SCALP-SHORT),2,0.2,1.676,1.674,1.674,1.682,2026-07-06 04:56:59 UTC,2026-07-06 04:57:41 UTC,41.05,0.3352,0.0045,0.0,0.0004,0.04,8.95,MIN_PROFIT_TP_HIT,0.1204
787,TRUMP_USDT,LONG,StochasticRSI(FAST_SCALP-LONG),2,0.2,1.664,1.658,1.666,1.658,2026-07-06 05:06:59 UTC,2026-07-06 05:09:02 UTC,122.25,0.3328,0.0044,0.0,-0.0012,-0.11,-27.04,STOP_LOSS_HIT,0.1192
788,TRUMP_USDT,LONG,StochasticRSI(FAST_SCALP-LONG),2,0.2,1.664,1.666,1.666,1.658,2026-07-06 05:10:59 UTC,2026-07-06 05:14:23 UTC,203.7,0.3328,0.0044,0.0,0.0004,0.04,9.01,MIN_PROFIT_TP_HIT,0.1196
789,TRUMP_USDT,SHORT,StochasticRSI(FAST_SCALP-SHORT),2,0.2,1.663,1.661,1.661,1.669,2026-07-06 05:16:59 UTC,2026-07-06 05:18:05 UTC,65.68,0.3326,0.0044,0.0,0.0004,0.04,9.02,MIN_PROFIT_TP_HIT,0.12
790,TRUMP_USDT,SHORT,StochasticRSI(FAST_SCALP-SHORT),2,0.2,1.661,1.659,1.659,1.667,2026-07-06 05:20:59 UTC,2026-07-06 05:21:47 UTC,47.35,0.3322,0.0044,0.0,0.0004,0.04,9.03,MIN_PROFIT_TP_HIT,0.1204
791,TRUMP_USDT,LONG,StochasticRSI(FAST_SCALP-LONG),2,0.2,1.66,1.654,1.662,1.654,2026-07-06 05:24:59 UTC,2026-07-06 05:28:04 UTC,184.2,0.332,0.0044,0.0,-0.0012,-0.11,-27.11,STOP_LOSS_HIT,0.1192
792,TRUMP_USDT,LONG,StochasticRSI(FAST_SCALP-LONG),2,0.2,1.656,1.658,1.658,1.65,2026-07-06 05:32:59 UTC,2026-07-06 05:33:15 UTC,15.67,0.3312,0.0044,0.0,0.0004,0.04,9.06,MIN_PROFIT_TP_HIT,0.1196
793,TRUMP_USDT,SHORT,StochasticRSI(FAST_SCALP-SHORT),2,0.2,1.662,1.66,1.66,1.668,2026-07-06 05:39:59 UTC,2026-07-06 06:17:54 UTC,2274.2,0.3324,0.0044,0.0,0.0004,0.04,9.03,MIN_PROFIT_TP_HIT,0.12
794,TRUMP_USDT,LONG,StochasticRSI(FAST_SCALP-LONG),2,0.2,1.659,1.661,1.661,1.653,2026-07-06 06:20:59 UTC,2026-07-06 06:21:42 UTC,42.96,0.3318,0.0044,0.0,0.0004,0.04,9.04,MIN_PROFIT_TP_HIT,0.1204
795,TRUMP_USDT,SHORT,StochasticRSI(FAST_SCALP-SHORT),2,0.2,1.663,1.661,1.661,1.669,2026-07-06 06:26:59 UTC,2026-07-06 06:27:03 UTC,3.34,0.3326,0.0044,0.0,0.0004,0.04,9.02,MIN_PROFIT_TP_HIT,0.1208
796,TRUMP_USDT,SHORT,StochasticRSI(FAST_SCALP-SHORT),2,0.2,1.662,1.66,1.66,1.668,2026-07-06 06:31:59 UTC,2026-07-06 06:34:55 UTC,175.93,0.3324,0.0044,0.0,0.0004,0.04,9.03,MIN_PROFIT_TP_HIT,0.1212
797,TRUMP_USDT,LONG,StochasticRSI(FAST_SCALP-LONG),2,0.2,1.661,1.663,1.663,1.655,2026-07-06 06:36:59 UTC,2026-07-06 06:37:11 UTC,11.63,0.3322,0.0044,0.0,0.0004,0.04,9.03,MIN_PROFIT_TP_HIT,0.1216
798,TRUMP_USDT,LONG,StochasticRSI(FAST_SCALP-LONG),2,0.2,1.661,1.663,1.663,1.655,2026-07-06 06:49:59 UTC,2026-07-06 06:50:00 UTC,0.46,0.3322,0.0044,0.0,0.0004,0.04,9.03,MIN_PROFIT_TP_HIT,0.122
799,TRUMP_USDT,LONG,StochasticRSI(FAST_SCALP-LONG),2,0.2,1.661,1.663,1.663,1.655,2026-07-06 07:00:59 UTC,2026-07-06 07:05:09 UTC,249.07,0.3322,0.0044,0.0,0.0004,0.04,9.03,MIN_PROFIT_TP_HIT,0.1224
800,TRUMP_USDT,SHORT,StochasticRSI(FAST_SCALP-SHORT),2,0.2,1.664,1.662,1.662,1.67,2026-07-06 07:08:59 UTC,2026-07-06 07:11:02 UTC,122.83,0.3328,0.0044,0.0,0.0004,0.04,9.01,MIN_PROFIT_TP_HIT,0.1228
801,TRUMP_USDT,LONG,StochasticRSI(FAST_SCALP-LONG),2,0.2,1.662,1.664,1.664,1.656,2026-07-06 07:20:59 UTC,2026-07-06 07:22:05 UTC,65.16,0.3324,0.0044,0.0,0.0004,0.04,9.03,MIN_PROFIT_TP_HIT,0.1232
802,TRUMP_USDT,SHORT,StochasticRSI(FAST_SCALP-SHORT),2,0.2,1.664,1.662,1.662,1.67,2026-07-06 07:26:59 UTC,2026-07-06 07:27:18 UTC,18.4,0.3328,0.0044,0.0,0.0004,0.04,9.01,MIN_PROFIT_TP_HIT,0.1236
803,TRUMP_USDT,LONG,StochasticRSI(FAST_SCALP-LONG),2,0.2,1.662,1.664,1.664,1.656,2026-07-06 07:32:59 UTC,2026-07-06 07:34:21 UTC,81.44,0.3324,0.0044,0.0,0.0004,0.04,9.03,MIN_PROFIT_TP_HIT,0.124
804,TRUMP_USDT,SHORT,StochasticRSI(FAST_SCALP-SHORT),2,0.2,1.672,1.67,1.67,1.678,2026-07-06 07:52:59 UTC,2026-07-06 07:53:07 UTC,7.52,0.3344,0.0045,0.0,0.0004,0.04,8.97,MIN_PROFIT_TP_HIT,0.1244
805,TRUMP_USDT,LONG,StochasticRSI(FAST_SCALP-LONG),2,0.2,1.669,1.671,1.671,1.663,2026-07-06 07:57:59 UTC,2026-07-06 08:05:56 UTC,476.28,0.3338,0.0045,0.0,0.0004,0.04,8.99,MIN_PROFIT_TP_HIT,0.1248
806,TRUMP_USDT,SHORT,StochasticRSI(FAST_SCALP-SHORT),2,0.2,1.669,1.667,1.667,1.675,2026-07-06 08:09:59 UTC,2026-07-06 08:10:40 UTC,40.74,0.3338,0.0045,0.0,0.0004,0.04,8.99,MIN_PROFIT_TP_HIT,0.1252
807,TRUMP_USDT,LONG,StochasticRSI(FAST_SCALP-LONG),2,0.2,1.667,1.661,1.669,1.661,2026-07-06 08:14:59 UTC,2026-07-06 08:34:56 UTC,1196.95,0.3334,0.0044,0.0,-0.0012,-0.11,-26.99,STOP_LOSS_HIT,0.124
808,TRUMP_USDT,LONG,StochasticRSI(FAST_SCALP-LONG),2,0.2,1.659,1.661,1.661,1.653,2026-07-06 08:39:59 UTC,2026-07-06 08:41:10 UTC,70.68,0.3318,0.0044,0.0,0.0004,0.04,9.04,MIN_PROFIT_TP_HIT,0.1244
809,TRUMP_USDT,SHORT,StochasticRSI(FAST_SCALP-SHORT),2,0.2,1.663,1.661,1.661,1.669,2026-07-06 08:50:59 UTC,2026-07-06 08:51:34 UTC,34.94,0.3326,0.0044,0.0,0.0004,0.04,9.02,MIN_PROFIT_TP_HIT,0.1248
810,TRUMP_USDT,LONG,StochasticRSI(FAST_SCALP-LONG),2,0.2,1.663,1.665,1.665,1.657,2026-07-06 08:56:59 UTC,2026-07-06 08:58:26 UTC,86.29,0.3326,0.0044,0.0,0.0004,0.04,9.02,MIN_PROFIT_TP_HIT,0.1252
811,TRUMP_USDT,SHORT,StochasticRSI(FAST_SCALP-SHORT),2,0.2,1.663,1.661,1.661,1.669,2026-07-06 09:01:59 UTC,2026-07-06 09:11:03 UTC,543.23,0.3326,0.0044,0.0,0.0004,0.04,9.02,MIN_PROFIT_TP_HIT,0.1256
812,TRUMP_USDT,LONG,StochasticRSI(FAST_SCALP-LONG),2,0.2,1.661,1.663,1.663,1.655,2026-07-06 09:16:59 UTC,2026-07-06 09:18:05 UTC,65.8,0.3322,0.0044,0.0,0.0004,0.04,9.03,MIN_PROFIT_TP_HIT,0.126
813,TRUMP_USDT,SHORT,StochasticRSI(FAST_SCALP-SHORT),2,0.2,1.665,1.663,1.663,1.671,2026-07-06 09:33:59 UTC,2026-07-06 09:36:36 UTC,156.13,0.333,0.0044,0.0,0.0004,0.04,9.01,MIN_PROFIT_TP_HIT,0.1264
814,TRUMP_USDT,LONG,StochasticRSI(FAST_SCALP-LONG),2,0.2,1.664,1.666,1.666,1.658,2026-07-06 09:41:59 UTC,2026-07-06 09:51:23 UTC,563.28,0.3328,0.0044,0.0,0.0004,0.04,9.01,MIN_PROFIT_TP_HIT,0.1268
815,TRUMP_USDT,LONG,StochasticRSI(FAST_SCALP-LONG),2,0.2,1.665,1.667,1.667,1.659,2026-07-06 10:05:59 UTC,2026-07-06 10:10:07 UTC,247.87,0.333,0.0044,0.0,0.0004,0.04,9.01,MIN_PROFIT_TP_HIT,0.1272
816,TRUMP_USDT,SHORT,StochasticRSI(FAST_SCALP-SHORT),2,0.2,1.665,1.671,1.663,1.671,2026-07-06 10:17:59 UTC,2026-07-06 10:36:53 UTC,1133.82,0.333,0.0044,0.0,-0.0012,-0.11,-27.03,STOP_LOSS_HIT,0.126
817,TRUMP_USDT,SHORT,StochasticRSI(FAST_SCALP-SHORT),2,0.2,1.674,1.672,1.672,1.68,2026-07-06 10:39:59 UTC,2026-07-06 10:40:09 UTC,9.29,0.3348,0.0045,0.0,0.0004,0.04,8.96,MIN_PROFIT_TP_HIT,0.1264
818,TRUMP_USDT,LONG,StochasticRSI(FAST_SCALP-LONG),2,0.2,1.674,1.676,1.676,1.668,2026-07-06 10:45:59 UTC,2026-07-06 10:46:07 UTC,7.55,0.3348,0.0045,0.0,0.0004,0.04,8.96,MIN_PROFIT_TP_HIT,0.1268
819,TRUMP_USDT,LONG,StochasticRSI(FAST_SCALP-LONG),2,0.2,1.671,1.665,1.673,1.665,2026-07-06 10:53:59 UTC,2026-07-06 11:17:35 UTC,1415.06,0.3342,0.0045,0.0,-0.0012,-0.11,-26.93,STOP_LOSS_HIT,0.1256
820,TRUMP_USDT,LONG,StochasticRSI(FAST_SCALP-LONG),2,0.2,1.668,1.67,1.67,1.662,2026-07-06 11:19:59 UTC,2026-07-06 11:22:51 UTC,171.17,0.3336,0.0044,0.0,0.0004,0.04,8.99,MIN_PROFIT_TP_HIT,0.126
821,TRUMP_USDT,SHORT,StochasticRSI(FAST_SCALP-SHORT),2,0.2,1.672,1.67,1.67,1.678,2026-07-06 11:25:59 UTC,2026-07-06 11:26:02 UTC,2.52,0.3344,0.0045,0.0,0.0004,0.04,8.97,MIN_PROFIT_TP_HIT,0.1264
822,TRUMP_USDT,SHORT,StochasticRSI(FAST_SCALP-SHORT),2,0.2,1.675,1.673,1.673,1.681,2026-07-06 11:36:59 UTC,2026-07-06 11:42:08 UTC,308.16,0.335,0.0045,0.0,0.0004,0.04,8.96,MIN_PROFIT_TP_HIT,0.1268
823,TRUMP_USDT,LONG,StochasticRSI(FAST_SCALP-LONG),2,0.2,1.676,1.678,1.678,1.67,2026-07-06 11:44:59 UTC,2026-07-06 11:46:03 UTC,63.3,0.3352,0.0045,0.0,0.0004,0.04,8.95,MIN_PROFIT_TP_HIT,0.1272
824,TRUMP_USDT,SHORT,StochasticRSI(FAST_SCALP-SHORT),2,0.2,1.674,1.672,1.672,1.68,2026-07-06 11:47:59 UTC,2026-07-06 11:50:24 UTC,144.75,0.3348,0.0045,0.0,0.0004,0.04,8.96,MIN_PROFIT_TP_HIT,0.1276
825,TRUMP_USDT,LONG,StochasticRSI(FAST_SCALP-LONG),2,0.2,1.672,1.674,1.674,1.666,2026-07-06 11:52:59 UTC,2026-07-06 11:55:08 UTC,128.68,0.3344,0.0045,0.0,0.0004,0.04,8.97,MIN_PROFIT_TP_HIT,0.128
826,TRUMP_USDT,LONG,StochasticRSI(FAST_SCALP-LONG),2,0.2,1.637,1.631,1.639,1.631,2026-07-06 12:06:59 UTC,2026-07-06 12:07:31 UTC,31.97,0.3274,0.0044,0.0,-0.0012,-0.11,-27.49,STOP_LOSS_HIT,0.1268
827,TRUMP_USDT,SHORT,StochasticRSI(FAST_SCALP-SHORT),2,0.2,1.645,1.651,1.643,1.651,2026-07-06 12:14:59 UTC,2026-07-06 12:18:00 UTC,180.98,0.329,0.0044,0.0,-0.0012,-0.11,-27.36,STOP_LOSS_HIT,0.1256
828,TRUMP_USDT,SHORT,StochasticRSI(FAST_SCALP-SHORT),2,0.2,1.649,1.647,1.647,1.655,2026-07-06 12:21:59 UTC,2026-07-06 12:22:26 UTC,26.59,0.3298,0.0044,0.0,0.0004,0.04,9.1,MIN_PROFIT_TP_HIT,0.126
829,TRUMP_USDT,SHORT,StochasticRSI(FAST_SCALP-SHORT),2,0.2,1.655,1.653,1.653,1.661,2026-07-06 12:34:59 UTC,2026-07-06 12:36:16 UTC,76.91,0.331,0.0044,0.0,0.0004,0.04,9.06,MIN_PROFIT_TP_HIT,0.1264
830,TRUMP_USDT,LONG,StochasticRSI(FAST_SCALP-LONG),2,0.2,1.639,1.641,1.641,1.633,2026-07-06 12:48:59 UTC,2026-07-06 12:50:05 UTC,65.66,0.3278,0.0044,0.0,0.0004,0.04,9.15,MIN_PROFIT_TP_HIT,0.1268
831,TRUMP_USDT,SHORT,StochasticRSI(FAST_SCALP-SHORT),2,0.2,1.639,1.637,1.637,1.645,2026-07-06 12:56:59 UTC,2026-07-06 12:57:43 UTC,43.95,0.3278,0.0044,0.0,0.0004,0.04,9.15,MIN_PROFIT_TP_HIT,0.1272
832,TRUMP_USDT,LONG,StochasticRSI(FAST_SCALP-LONG),2,0.2,1.635,1.629,1.637,1.629,2026-07-06 13:01:59 UTC,2026-07-06 13:02:36 UTC,36.04,0.327,0.0044,0.0,-0.0012,-0.11,-27.52,STOP_LOSS_HIT,0.126
833,TRUMP_USDT,LONG,StochasticRSI(FAST_SCALP-LONG),2,0.2,1.632,1.634,1.634,1.626,2026-07-06 13:06:59 UTC,2026-07-06 13:08:12 UTC,72.27,0.3264,0.0044,0.0,0.0004,0.04,9.19,MIN_PROFIT_TP_HIT,0.1264
834,TRUMP_USDT,SHORT,StochasticRSI(FAST_SCALP-SHORT),2,0.2,1.632,1.63,1.63,1.638,2026-07-06 13:12:59 UTC,2026-07-06 13:14:15 UTC,75.83,0.3264,0.0044,0.0,0.0004,0.04,9.19,MIN_PROFIT_TP_HIT,0.1268
835,TRUMP_USDT,SHORT,StochasticRSI(FAST_SCALP-SHORT),2,0.2,1.634,1.632,1.632,1.64,2026-07-06 13:26:59 UTC,2026-07-06 13:27:12 UTC,12.18,0.3268,0.0044,0.0,0.0004,0.04,9.18,MIN_PROFIT_TP_HIT,0.1272
836,TRUMP_USDT,SHORT,StochasticRSI(FAST_SCALP-SHORT),2,0.2,1.636,1.634,1.634,1.642,2026-07-06 13:37:59 UTC,2026-07-06 13:38:27 UTC,27.51,0.3272,0.0044,0.0,0.0004,0.04,9.17,MIN_PROFIT_TP_HIT,0.1276
837,TRUMP_USDT,LONG,StochasticRSI(FAST_SCALP-LONG),2,0.2,1.642,1.644,1.644,1.636,2026-07-06 13:40:59 UTC,2026-07-06 13:44:16 UTC,196.51,0.3284,0.0044,0.0,0.0004,0.04,9.14,MIN_PROFIT_TP_HIT,0.128
838,TRUMP_USDT,SHORT,StochasticRSI(FAST_SCALP-SHORT),2,0.2,1.649,1.647,1.647,1.655,2026-07-06 13:48:59 UTC,2026-07-06 13:56:25 UTC,445.39,0.3298,0.0044,0.0,0.0004,0.04,9.1,MIN_PROFIT_TP_HIT,0.1284
839,TRUMP_USDT,LONG,StochasticRSI(FAST_SCALP-LONG),2,0.2,1.644,1.646,1.646,1.638,2026-07-06 14:02:59 UTC,2026-07-06 14:03:14 UTC,14.09,0.3288,0.0044,0.0,0.0004,0.04,9.12,MIN_PROFIT_TP_HIT,0.1288
840,TRUMP_USDT,LONG,StochasticRSI(FAST_SCALP-LONG),2,0.2,1.644,1.646,1.646,1.638,2026-07-06 14:07:59 UTC,2026-07-06 14:10:21 UTC,141.47,0.3288,0.0044,0.0,0.0004,0.04,9.12,MIN_PROFIT_TP_HIT,0.1292
841,TRUMP_USDT,SHORT,StochasticRSI(FAST_SCALP-SHORT),2,0.2,1.645,1.651,1.643,1.651,2026-07-06 14:18:59 UTC,2026-07-06 14:23:58 UTC,298.79,0.329,0.0044,0.0,-0.0012,-0.11,-27.36,STOP_LOSS_HIT,0.128
842,TRUMP_USDT,LONG,StochasticRSI(FAST_SCALP-LONG),2,0.2,1.651,1.653,1.653,1.645,2026-07-06 14:33:59 UTC,2026-07-06 14:40:46 UTC,406.37,0.3302,0.0044,0.0,0.0004,0.04,9.09,MIN_PROFIT_TP_HIT,0.1284
843,TRUMP_USDT,LONG,StochasticRSI(FAST_SCALP-LONG),2,0.2,1.65,1.644,1.652,1.644,2026-07-06 14:41:59 UTC,2026-07-06 14:44:34 UTC,154.38,0.33,0.0044,0.0,-0.0012,-0.11,-27.27,STOP_LOSS_HIT,0.1272
844,TRUMP_USDT,LONG,StochasticRSI(FAST_SCALP-LONG),2,0.2,1.638,1.64,1.64,1.632,2026-07-06 14:51:59 UTC,2026-07-06 14:52:28 UTC,28.73,0.3276,0.0044,0.0,0.0004,0.04,9.16,MIN_PROFIT_TP_HIT,0.1276
845,TRUMP_USDT,SHORT,StochasticRSI(FAST_SCALP-SHORT),2,0.2,1.641,1.639,1.639,1.647,2026-07-06 14:57:59 UTC,2026-07-06 14:58:17 UTC,17.3,0.3282,0.0044,0.0,0.0004,0.04,9.14,MIN_PROFIT_TP_HIT,0.128
846,TRUMP_USDT,SHORT,StochasticRSI(FAST_SCALP-SHORT),2,0.2,1.638,1.636,1.636,1.644,2026-07-06 14:59:59 UTC,2026-07-06 15:01:02 UTC,62.66,0.3276,0.0044,0.0,0.0004,0.04,9.16,MIN_PROFIT_TP_HIT,0.1284
847,TRUMP_USDT,LONG,StochasticRSI(FAST_SCALP-LONG),2,0.2,1.642,1.644,1.644,1.636,2026-07-06 15:03:59 UTC,2026-07-06 15:04:17 UTC,17.3,0.3284,0.0044,0.0,0.0004,0.04,9.14,MIN_PROFIT_TP_HIT,0.1288
848,TRUMP_USDT,SHORT,StochasticRSI(FAST_SCALP-SHORT),2,0.2,1.646,1.652,1.644,1.652,2026-07-06 15:08:59 UTC,2026-07-06 15:14:20 UTC,320.68,0.3292,0.0044,0.0,-0.0012,-0.11,-27.34,STOP_LOSS_HIT,0.1276
849,TRUMP_USDT,SHORT,StochasticRSI(FAST_SCALP-SHORT),2,0.2,1.65,1.648,1.648,1.656,2026-07-06 15:16:59 UTC,2026-07-06 15:19:25 UTC,145.67,0.33,0.0044,0.0,0.0004,0.04,9.09,MIN_PROFIT_TP_HIT,0.128
850,TRUMP_USDT,LONG,StochasticRSI(FAST_SCALP-LONG),2,0.2,1.649,1.651,1.651,1.643,2026-07-06 15:23:59 UTC,2026-07-06 15:24:01 UTC,1.94,0.3298,0.0044,0.0,0.0004,0.04,9.1,MIN_PROFIT_TP_HIT,0.1284
851,TRUMP_USDT,SHORT,StochasticRSI(FAST_SCALP-SHORT),2,0.2,1.66,1.658,1.658,1.666,2026-07-06 15:31:59 UTC,2026-07-06 15:32:19 UTC,19.9,0.332,0.0044,0.0,0.0004,0.04,9.04,MIN_PROFIT_TP_HIT,0.1288
852,TRUMP_USDT,LONG,StochasticRSI(FAST_SCALP-LONG),2,0.2,1.657,1.659,1.659,1.651,2026-07-06 15:39:59 UTC,2026-07-06 15:40:20 UTC,20.63,0.3314,0.0044,0.0,0.0004,0.04,9.05,MIN_PROFIT_TP_HIT,0.1292
853,TRUMP_USDT,LONG,StochasticRSI(FAST_SCALP-LONG),2,0.2,1.666,1.668,1.668,1.66,2026-07-06 15:41:59 UTC,2026-07-06 15:44:02 UTC,122.76,0.3332,0.0044,0.0,0.0004,0.04,9.0,MIN_PROFIT_TP_HIT,0.1296
854,TRUMP_USDT,LONG,StochasticRSI(FAST_SCALP-LONG),2,0.2,1.67,1.672,1.672,1.664,2026-07-06 15:51:59 UTC,2026-07-06 15:52:12 UTC,12.74,0.334,0.0045,0.0,0.0004,0.04,8.98,MIN_PROFIT_TP_HIT,0.13
855,TRUMP_USDT,SHORT,StochasticRSI(FAST_SCALP-SHORT),2,0.2,1.673,1.671,1.671,1.679,2026-07-06 15:57:59 UTC,2026-07-06 15:58:08 UTC,8.91,0.3346,0.0045,0.0,0.0004,0.04,8.97,MIN_PROFIT_TP_HIT,0.1304
856,TRUMP_USDT,SHORT,StochasticRSI(FAST_SCALP-SHORT),2,0.2,1.671,1.669,1.669,1.677,2026-07-06 16:01:59 UTC,2026-07-06 16:03:57 UTC,117.03,0.3342,0.0045,0.0,0.0004,0.04,8.98,MIN_PROFIT_TP_HIT,0.1308
857,TRUMP_USDT,LONG,StochasticRSI(FAST_SCALP-LONG),2,0.2,1.671,1.673,1.673,1.665,2026-07-06 16:05:59 UTC,2026-07-06 16:07:53 UTC,113.51,0.3342,0.0045,0.0,0.0004,0.04,8.98,MIN_PROFIT_TP_HIT,0.1312
858,TRUMP_USDT,SHORT,StochasticRSI(FAST_SCALP-SHORT),2,0.2,1.686,1.684,1.684,1.692,2026-07-06 16:15:59 UTC,2026-07-06 16:16:05 UTC,5.66,0.3372,0.0045,0.0,0.0004,0.04,8.9,MIN_PROFIT_TP_HIT,0.1316
859,TRUMP_USDT,LONG,StochasticRSI(FAST_SCALP-LONG),2,0.2,1.677,1.679,1.679,1.671,2026-07-06 16:22:59 UTC,2026-07-06 16:23:28 UTC,28.9,0.3354,0.0045,0.0,0.0004,0.04,8.94,MIN_PROFIT_TP_HIT,0.132
860,TRUMP_USDT,LONG,StochasticRSI(FAST_SCALP-LONG),2,0.2,1.674,1.676,1.676,1.668,2026-07-06 16:29:59 UTC,2026-07-06 16:31:51 UTC,111.46,0.3348,0.0045,0.0,0.0004,0.04,8.96,MIN_PROFIT_TP_HIT,0.1324
861,TRUMP_USDT,SHORT,StochasticRSI(FAST_SCALP-SHORT),2,0.2,1.676,1.682,1.674,1.682,2026-07-06 16:35:59 UTC,2026-07-06 16:37:14 UTC,74.5,0.3352,0.0045,0.0,-0.0012,-0.11,-26.85,STOP_LOSS_HIT,0.1312
862,TRUMP_USDT,SHORT,StochasticRSI(FAST_SCALP-SHORT),2,0.2,1.675,1.673,1.673,1.681,2026-07-06 16:39:59 UTC,2026-07-06 16:43:27 UTC,207.76,0.335,0.0045,0.0,0.0004,0.04,8.96,MIN_PROFIT_TP_HIT,0.1316
863,TRUMP_USDT,SHORT,StochasticRSI(FAST_SCALP-SHORT),2,0.2,1.68,1.678,1.678,1.686,2026-07-06 16:50:59 UTC,2026-07-06 16:53:06 UTC,126.04,0.336,0.0045,0.0,0.0004,0.04,8.93,MIN_PROFIT_TP_HIT,0.132
864,TRUMP_USDT,LONG,StochasticRSI(FAST_SCALP-LONG),2,0.2,1.676,1.678,1.678,1.67,2026-07-06 16:58:59 UTC,2026-07-06 16:59:03 UTC,3.34,0.3352,0.0045,0.0,0.0004,0.04,8.95,MIN_PROFIT_TP_HIT,0.1324
865,TRUMP_USDT,LONG,StochasticRSI(FAST_SCALP-LONG),2,0.2,1.676,1.678,1.678,1.67,2026-07-06 17:07:59 UTC,2026-07-06 17:09:08 UTC,68.24,0.3352,0.0045,0.0,0.0004,0.04,8.95,MIN_PROFIT_TP_HIT,0.1328
866,TRUMP_USDT,LONG,StochasticRSI(FAST_SCALP-LONG),2,0.2,1.676,1.678,1.678,1.67,2026-07-06 17:14:59 UTC,2026-07-06 17:24:30 UTC,570.13,0.3352,0.0045,0.0,0.0004,0.04,8.95,MIN_PROFIT_TP_HIT,0.1332
867,TRUMP_USDT,SHORT,StochasticRSI(FAST_SCALP-SHORT),2,0.2,1.678,1.676,1.676,1.684,2026-07-06 17:30:59 UTC,2026-07-06 17:33:45 UTC,165.97,0.3356,0.0045,0.0,0.0004,0.04,8.94,MIN_PROFIT_TP_HIT,0.1336
868,TRUMP_USDT,LONG,StochasticRSI(FAST_SCALP-LONG),2,0.2,1.673,1.675,1.675,1.667,2026-07-06 17:38:59 UTC,2026-07-06 17:41:07 UTC,127.38,0.3346,0.0045,0.0,0.0004,0.04,8.97,MIN_PROFIT_TP_HIT,0.134
869,TRUMP_USDT,SHORT,StochasticRSI(FAST_SCALP-SHORT),2,0.2,1.675,1.673,1.673,1.681,2026-07-06 17:46:59 UTC,2026-07-06 17:53:03 UTC,363.47,0.335,0.0045,0.0,0.0004,0.04,8.96,MIN_PROFIT_TP_HIT,0.1344
870,TRUMP_USDT,LONG,StochasticRSI(FAST_SCALP-LONG),2,0.2,1.669,1.671,1.671,1.663,2026-07-06 18:00:59 UTC,2026-07-06 18:01:26 UTC,26.73,0.3338,0.0045,0.0,0.0004,0.04,8.99,MIN_PROFIT_TP_HIT,0.1348
871,TRUMP_USDT,SHORT,StochasticRSI(FAST_SCALP-SHORT),2,0.2,1.671,1.669,1.669,1.677,2026-07-06 18:06:59 UTC,2026-07-06 18:10:10 UTC,190.04,0.3342,0.0045,0.0,0.0004,0.04,8.98,MIN_PROFIT_TP_HIT,0.1352
872,TRUMP_USDT,LONG,StochasticRSI(FAST_SCALP-LONG),2,0.2,1.669,1.671,1.671,1.663,2026-07-06 18:17:59 UTC,2026-07-06 18:18:50 UTC,50.76,0.3338,0.0045,0.0,0.0004,0.04,8.99,MIN_PROFIT_TP_HIT,0.1356
873,TRUMP_USDT,SHORT,StochasticRSI(FAST_SCALP-SHORT),2,0.2,1.677,1.675,1.675,1.683,2026-07-06 18:23:59 UTC,2026-07-06 18:29:15 UTC,315.25,0.3354,0.0045,0.0,0.0004,0.04,8.94,MIN_PROFIT_TP_HIT,0.136
874,TRUMP_USDT,LONG,StochasticRSI(FAST_SCALP-LONG),2,0.2,1.678,1.68,1.68,1.672,2026-07-06 18:35:59 UTC,2026-07-06 18:36:37 UTC,37.29,0.3356,0.0045,0.0,0.0004,0.04,8.94,MIN_PROFIT_TP_HIT,0.1364
875,TRUMP_USDT,SHORT,StochasticRSI(FAST_SCALP-SHORT),2,0.2,1.681,1.679,1.679,1.687,2026-07-06 18:39:59 UTC,2026-07-06 18:40:21 UTC,21.36,0.3362,0.0045,0.0,0.0004,0.04,8.92,MIN_PROFIT_TP_HIT,0.1368
876,TRUMP_USDT,LONG,StochasticRSI(FAST_SCALP-LONG),2,0.2,1.684,1.686,1.686,1.678,2026-07-06 18:52:59 UTC,2026-07-06 18:55:18 UTC,138.77,0.3368,0.0045,0.0,0.0004,0.04,8.91,MIN_PROFIT_TP_HIT,0.1372
877,TRUMP_USDT,LONG,StochasticRSI(FAST_SCALP-LONG),2,0.2,1.683,1.685,1.685,1.677,2026-07-06 18:57:59 UTC,2026-07-06 19:01:12 UTC,192.71,0.3366,0.0045,0.0,0.0004,0.04,8.91,MIN_PROFIT_TP_HIT,0.1376
878,TRUMP_USDT,LONG,StochasticRSI(FAST_SCALP-LONG),2,0.2,1.682,1.684,1.684,1.676,2026-07-06 19:07:59 UTC,2026-07-06 19:09:02 UTC,62.84,0.3364,0.0045,0.0,0.0004,0.04,8.92,MIN_PROFIT_TP_HIT,0.138
879,TRUMP_USDT,LONG,StochasticRSI(FAST_SCALP-LONG),2,0.2,1.685,1.687,1.687,1.679,2026-07-06 19:10:59 UTC,2026-07-06 19:19:15 UTC,495.17,0.337,0.0045,0.0,0.0004,0.04,8.9,MIN_PROFIT_TP_HIT,0.1384
880,TRUMP_USDT,SHORT,StochasticRSI(FAST_SCALP-SHORT),2,0.2,1.689,1.687,1.687,1.695,2026-07-06 19:28:59 UTC,2026-07-06 19:31:04 UTC,124.88,0.3378,0.0045,0.0,0.0004,0.04,8.88,MIN_PROFIT_TP_HIT,0.1388
881,TRUMP_USDT,SHORT,StochasticRSI(FAST_SCALP-SHORT),2,0.2,1.694,1.692,1.692,1.7,2026-07-06 19:45:59 UTC,2026-07-06 19:46:44 UTC,44.78,0.3388,0.0045,0.0,0.0004,0.04,8.85,MIN_PROFIT_TP_HIT,0.1392
882,TRUMP_USDT,LONG,StochasticRSI(FAST_SCALP-LONG),2,0.2,1.69,1.692,1.692,1.684,2026-07-06 19:50:59 UTC,2026-07-06 19:52:30 UTC,90.22,0.338,0.0045,0.0,0.0004,0.04,8.88,MIN_PROFIT_TP_HIT,0.1396
883,TRUMP_USDT,LONG,StochasticRSI(FAST_SCALP-LONG),2,0.2,1.691,1.693,1.693,1.685,2026-07-06 19:54:59 UTC,2026-07-06 19:56:08 UTC,68.95,0.3382,0.0045,0.0,0.0004,0.04,8.87,MIN_PROFIT_TP_HIT,0.14
884,TRUMP_USDT,LONG,StochasticRSI(FAST_SCALP-LONG),2,0.2,1.686,1.688,1.688,1.68,2026-07-06 20:04:59 UTC,2026-07-06 20:05:51 UTC,51.92,0.3372,0.0045,0.0,0.0004,0.04,8.9,MIN_PROFIT_TP_HIT,0.1404
885,TRUMP_USDT,LONG,StochasticRSI(FAST_SCALP-LONG),2,0.2,1.688,1.69,1.69,1.682,2026-07-06 20:21:59 UTC,2026-07-06 20:28:31 UTC,391.35,0.3376,0.0045,0.0,0.0004,0.04,8.89,MIN_PROFIT_TP_HIT,0.1408
886,TRUMP_USDT,SHORT,StochasticRSI(FAST_SCALP-SHORT),2,0.2,1.689,1.695,1.687,1.695,2026-07-06 20:29:59 UTC,2026-07-06 20:52:53 UTC,1373.07,0.3378,0.0045,0.0,-0.0012,-0.11,-26.64,STOP_LOSS_HIT,0.1396
887,TRUMP_USDT,SHORT,StochasticRSI(FAST_SCALP-SHORT),2,0.2,1.69,1.688,1.688,1.696,2026-07-06 20:55:59 UTC,2026-07-06 20:57:33 UTC,93.81,0.338,0.0045,0.0,0.0004,0.04,8.88,MIN_PROFIT_TP_HIT,0.14
888,TRUMP_USDT,LONG,StochasticRSI(FAST_SCALP-LONG),2,0.2,1.688,1.69,1.69,1.682,2026-07-06 21:00:59 UTC,2026-07-06 21:01:07 UTC,7.45,0.3376,0.0045,0.0,0.0004,0.04,8.89,MIN_PROFIT_TP_HIT,0.1404
889,TRUMP_USDT,SHORT,StochasticRSI(FAST_SCALP-SHORT),2,0.2,1.71,1.708,1.708,1.716,2026-07-06 21:12:59 UTC,2026-07-06 21:13:06 UTC,6.68,0.342,0.0046,0.0,0.0004,0.04,8.77,MIN_PROFIT_TP_HIT,0.1408
890,TRUMP_USDT,LONG,StochasticRSI(FAST_SCALP-LONG),2,0.2,1.707,1.709,1.709,1.701,2026-07-06 21:23:59 UTC,2026-07-06 21:26:27 UTC,147.44,0.3414,0.0046,0.0,0.0004,0.04,8.79,MIN_PROFIT_TP_HIT,0.1412
891,TRUMP_USDT,LONG,StochasticRSI(FAST_SCALP-LONG),2,0.2,1.712,1.714,1.714,1.706,2026-07-06 21:27:59 UTC,2026-07-06 21:31:18 UTC,198.07,0.3424,0.0046,0.0,0.0004,0.04,8.76,MIN_PROFIT_TP_HIT,0.1416
892,TRUMP_USDT,SHORT,StochasticRSI(FAST_SCALP-SHORT),2,0.2,1.713,1.711,1.711,1.719,2026-07-06 21:35:59 UTC,2026-07-06 21:36:53 UTC,53.22,0.3426,0.0046,0.0,0.0004,0.04,8.76,MIN_PROFIT_TP_HIT,0.142
893,TRUMP_USDT,LONG,StochasticRSI(FAST_SCALP-LONG),2,0.2,1.71,1.712,1.712,1.704,2026-07-06 21:41:59 UTC,2026-07-06 21:43:18 UTC,78.45,0.342,0.0046,0.0,0.0004,0.04,8.77,MIN_PROFIT_TP_HIT,0.1424
894,TRUMP_USDT,SHORT,StochasticRSI(FAST_SCALP-SHORT),2,0.2,1.714,1.712,1.712,1.72,2026-07-06 21:47:59 UTC,2026-07-06 21:49:22 UTC,82.89,0.3428,0.0046,0.0,0.0004,0.04,8.75,MIN_PROFIT_TP_HIT,0.1428
895,TRUMP_USDT,SHORT,StochasticRSI(FAST_SCALP-SHORT),2,0.2,1.72,1.718,1.718,1.726,2026-07-06 21:54:59 UTC,2026-07-06 21:55:09 UTC,9.29,0.344,0.0046,0.0,0.0004,0.04,8.72,MIN_PROFIT_TP_HIT,0.1432
896,TRUMP_USDT,LONG,StochasticRSI(FAST_SCALP-LONG),2,0.2,1.714,1.716,1.716,1.708,2026-07-06 22:02:59 UTC,2026-07-06 22:03:56 UTC,56.32,0.3428,0.0046,0.0,0.0004,0.04,8.75,MIN_PROFIT_TP_HIT,0.1436
897,TRUMP_USDT,LONG,StochasticRSI(FAST_SCALP-LONG),2,0.2,1.706,1.708,1.708,1.7,2026-07-06 22:08:59 UTC,2026-07-06 22:09:14 UTC,14.49,0.3412,0.0045,0.0,0.0004,0.04,8.79,MIN_PROFIT_TP_HIT,0.144
898,TRUMP_USDT,SHORT,StochasticRSI(FAST_SCALP-SHORT),2,0.2,1.702,1.7,1.7,1.708,2026-07-06 22:20:59 UTC,2026-07-06 22:27:42 UTC,402.1,0.3404,0.0045,0.0,0.0004,0.04,8.81,MIN_PROFIT_TP_HIT,0.1444
899,TRUMP_USDT,SHORT,StochasticRSI(FAST_SCALP-SHORT),2,0.2,1.704,1.702,1.702,1.71,2026-07-06 22:31:59 UTC,2026-07-06 22:35:52 UTC,232.79,0.3408,0.0045,0.0,0.0004,0.04,8.8,MIN_PROFIT_TP_HIT,0.1448
900,TRUMP_USDT,SHORT,StochasticRSI(FAST_SCALP-SHORT),2,0.2,1.705,1.703,1.703,1.711,2026-07-06 22:44:59 UTC,2026-07-06 22:45:17 UTC,17.13,0.341,0.0045,0.0,0.0004,0.04,8.8,MIN_PROFIT_TP_HIT,0.1452
901,TRUMP_USDT,LONG,StochasticRSI(FAST_SCALP-LONG),2,0.2,1.7,1.702,1.702,1.694,2026-07-06 22:58:59 UTC,2026-07-06 22:59:39 UTC,39.92,0.34,0.0045,0.0,0.0004,0.04,8.82,MIN_PROFIT_TP_HIT,0.1456
902,TRUMP_USDT,SHORT,StochasticRSI(FAST_SCALP-SHORT),2,0.2,1.705,1.703,1.703,1.711,2026-07-06 23:08:59 UTC,2026-07-06 23:09:29 UTC,29.46,0.341,0.0045,0.0,0.0004,0.04,8.8,MIN_PROFIT_TP_HIT,0.146
903,TRUMP_USDT,LONG,StochasticRSI(FAST_SCALP-LONG),2,0.2,1.701,1.695,1.703,1.695,2026-07-06 23:13:59 UTC,2026-07-06 23:41:36 UTC,1656.06,0.3402,0.0045,0.0,-0.0012,-0.11,-26.46,STOP_LOSS_HIT,0.1448
904,TRUMP_USDT,LONG,StochasticRSI(FAST_SCALP-LONG),2,0.2,1.696,1.69,1.698,1.69,2026-07-06 23:45:59 UTC,2026-07-06 23:52:12 UTC,372.73,0.3392,0.0045,0.0,-0.0012,-0.11,-26.53,STOP_LOSS_HIT,0.1436
905,TRUMP_USDT,SHORT,StochasticRSI(FAST_SCALP-SHORT),2,0.2,1.694,1.692,1.692,1.7,2026-07-07 00:03:59 UTC,2026-07-07 00:04:38 UTC,38.12,0.3388,0.0045,0.0,0.0004,0.04,8.85,MIN_PROFIT_TP_HIT,0.144
906,TRUMP_USDT,SHORT,StochasticRSI(FAST_SCALP-SHORT),2,0.2,1.703,1.709,1.701,1.709,2026-07-07 00:23:59 UTC,2026-07-07 00:31:19 UTC,439.54,0.3406,0.0045,0.0,-0.0012,-0.11,-26.42,STOP_LOSS_HIT,0.1428
907,TRUMP_USDT,LONG,StochasticRSI(FAST_SCALP-LONG),2,0.2,1.703,1.705,1.705,1.697,2026-07-07 00:43:59 UTC,2026-07-07 00:45:15 UTC,75.34,0.3406,0.0045,0.0,0.0004,0.04,8.81,MIN_PROFIT_TP_HIT,0.1432
908,TRUMP_USDT,SHORT,StochasticRSI(FAST_SCALP-SHORT),2,0.2,1.707,1.705,1.705,1.713,2026-07-07 00:58:59 UTC,2026-07-07 00:59:20 UTC,20.78,0.3414,0.0046,0.0,0.0004,0.04,8.79,MIN_PROFIT_TP_HIT,0.1436
909,TRUMP_USDT,LONG,StochasticRSI(FAST_SCALP-LONG),2,0.2,1.687,1.689,1.689,1.681,2026-07-07 01:07:59 UTC,2026-07-07 01:10:05 UTC,125.05,0.3374,0.0045,0.0,0.0004,0.04,8.89,MIN_PROFIT_TP_HIT,0.144
910,TRUMP_USDT,SHORT,StochasticRSI(FAST_SCALP-SHORT),2,0.2,1.69,1.688,1.688,1.696,2026-07-07 01:14:59 UTC,2026-07-07 01:15:46 UTC,46.56,0.338,0.0045,0.0,0.0004,0.04,8.88,MIN_PROFIT_TP_HIT,0.1444
911,TRUMP_USDT,SHORT,StochasticRSI(FAST_SCALP-SHORT),2,0.2,1.688,1.686,1.686,1.694,2026-07-07 01:16:59 UTC,2026-07-07 01:18:29 UTC,89.97,0.3376,0.0045,0.0,0.0004,0.04,8.89,MIN_PROFIT_TP_HIT,0.1448
912,TRUMP_USDT,LONG,StochasticRSI(FAST_SCALP-LONG),2,0.2,1.685,1.687,1.687,1.679,2026-07-07 01:33:59 UTC,2026-07-07 01:43:52 UTC,592.21,0.337,0.0045,0.0,0.0004,0.04,8.9,MIN_PROFIT_TP_HIT,0.1452
913,TRUMP_USDT,SHORT,StochasticRSI(FAST_SCALP-SHORT),2,0.2,1.687,1.685,1.685,1.693,2026-07-07 01:50:59 UTC,2026-07-07 01:59:08 UTC,488.78,0.3374,0.0045,0.0,0.0004,0.04,8.89,MIN_PROFIT_TP_HIT,0.1456
914,TRUMP_USDT,LONG,StochasticRSI(FAST_SCALP-LONG),2,0.2,1.687,1.681,1.689,1.681,2026-07-07 02:02:59 UTC,2026-07-07 02:23:09 UTC,1209.73,0.3374,0.0045,0.0,-0.0012,-0.11,-26.67,STOP_LOSS_HIT,0.1444
915,TRUMP_USDT,LONG,StochasticRSI(FAST_SCALP-LONG),2,0.2,1.678,1.68,1.68,1.672,2026-07-07 02:27:59 UTC,2026-07-07 02:28:16 UTC,16.73,0.3356,0.0045,0.0,0.0004,0.04,8.94,MIN_PROFIT_TP_HIT,0.1448
916,TRUMP_USDT,LONG,StochasticRSI(FAST_SCALP-LONG),2,0.2,1.672,1.674,1.674,1.666,2026-07-07 02:36:59 UTC,2026-07-07 02:37:35 UTC,35.19,0.3344,0.0045,0.0,0.0004,0.04,8.97,MIN_PROFIT_TP_HIT,0.1452
917,TRUMP_USDT,SHORT,StochasticRSI(FAST_SCALP-SHORT),2,0.2,1.671,1.669,1.669,1.677,2026-07-07 02:46:59 UTC,2026-07-07 02:47:36 UTC,36.13,0.3342,0.0045,0.0,0.0004,0.04,8.98,MIN_PROFIT_TP_HIT,0.1456
918,TRUMP_USDT,LONG,StochasticRSI(FAST_SCALP-LONG),2,0.2,1.664,1.666,1.666,1.658,2026-07-07 02:51:59 UTC,2026-07-07 02:52:18 UTC,18.81,0.3328,0.0044,0.0,0.0004,0.04,9.01,MIN_PROFIT_TP_HIT,0.146
919,TRUMP_USDT,SHORT,StochasticRSI(FAST_SCALP-SHORT),2,0.2,1.667,1.665,1.665,1.673,2026-07-07 03:02:59 UTC,2026-07-07 03:03:51 UTC,51.69,0.3334,0.0044,0.0,0.0004,0.04,9.0,MIN_PROFIT_TP_HIT,0.1464
920,TRUMP_USDT,SHORT,StochasticRSI(FAST_SCALP-SHORT),2,0.2,1.665,1.663,1.663,1.671,2026-07-07 03:11:59 UTC,2026-07-07 03:15:03 UTC,183.99,0.333,0.0044,0.0,0.0004,0.04,9.01,MIN_PROFIT_TP_HIT,0.1468
921,TRUMP_USDT,LONG,StochasticRSI(FAST_SCALP-LONG),2,0.2,1.667,1.661,1.669,1.661,2026-07-07 03:17:59 UTC,2026-07-07 03:23:35 UTC,335.28,0.3334,0.0044,0.0,-0.0012,-0.11,-26.99,STOP_LOSS_HIT,0.1456
922,TRUMP_USDT,LONG,StochasticRSI(FAST_SCALP-LONG),2,0.2,1.661,1.663,1.663,1.655,2026-07-07 03:30:59 UTC,2026-07-07 03:32:48 UTC,108.47,0.3322,0.0044,0.0,0.0004,0.04,9.03,MIN_PROFIT_TP_HIT,0.146
923,TRUMP_USDT,SHORT,StochasticRSI(FAST_SCALP-SHORT),2,0.2,1.664,1.662,1.662,1.67,2026-07-07 03:41:59 UTC,2026-07-07 03:42:08 UTC,8.18,0.3328,0.0044,0.0,0.0004,0.04,9.01,MIN_PROFIT_TP_HIT,0.1464
924,TRUMP_USDT,SHORT,StochasticRSI(FAST_SCALP-SHORT),2,0.2,1.661,1.667,1.659,1.667,2026-07-07 03:43:59 UTC,2026-07-07 04:00:38 UTC,998.97,0.3322,0.0044,0.0,-0.0012,-0.11,-27.09,STOP_LOSS_HIT,0.1452
925,TRUMP_USDT,SHORT,StochasticRSI(FAST_SCALP-SHORT),2,0.2,1.663,1.669,1.661,1.669,2026-07-07 04:02:59 UTC,2026-07-07 04:09:08 UTC,368.42,0.3326,0.0044,0.0,-0.0012,-0.11,-27.06,STOP_LOSS_HIT,0.144
926,TRUMP_USDT,SHORT,StochasticRSI(FAST_SCALP-SHORT),2,0.2,1.666,1.672,1.664,1.672,2026-07-07 04:11:59 UTC,2026-07-07 04:28:01 UTC,961.85,0.3332,0.0044,0.0,-0.0012,-0.11,-27.01,STOP_LOSS_HIT,0.1428
927,TRUMP_USDT,SHORT,StochasticRSI(FAST_SCALP-SHORT),2,0.2,1.674,1.672,1.672,1.68,2026-07-07 04:31:59 UTC,2026-07-07 04:32:55 UTC,55.6,0.3348,0.0045,0.0,0.0004,0.04,8.96,MIN_PROFIT_TP_HIT,0.1432
928,TRUMP_USDT,LONG,StochasticRSI(FAST_SCALP-LONG),2,0.2,1.67,1.672,1.672,1.664,2026-07-07 04:39:59 UTC,2026-07-07 05:00:54 UTC,1254.99,0.334,0.0045,0.0,0.0004,0.04,8.98,MIN_PROFIT_TP_HIT,0.1436
929,TRUMP_USDT,SHORT,StochasticRSI(FAST_SCALP-SHORT),2,0.2,1.669,1.667,1.667,1.675,2026-07-07 05:02:59 UTC,2026-07-07 05:09:59 UTC,419.86,0.3338,0.0045,0.0,0.0004,0.04,8.99,MIN_PROFIT_TP_HIT,0.144
930,TRUMP_USDT,LONG,StochasticRSI(FAST_SCALP-LONG),2,0.2,1.667,1.661,1.669,1.661,2026-07-07 05:12:59 UTC,2026-07-07 05:14:30 UTC,90.04,0.3334,0.0044,0.0,-0.0012,-0.11,-26.99,STOP_LOSS_HIT,0.1428
931,TRUMP_USDT,LONG,StochasticRSI(FAST_SCALP-LONG),2,0.2,1.663,1.665,1.665,1.657,2026-07-07 05:18:59 UTC,2026-07-07 05:23:21 UTC,261.29,0.3326,0.0044,0.0,0.0004,0.04,9.02,MIN_PROFIT_TP_HIT,0.1432
932,TRUMP_USDT,SHORT,StochasticRSI(FAST_SCALP-SHORT),2,0.2,1.661,1.667,1.659,1.667,2026-07-07 05:27:59 UTC,2026-07-07 05:30:48 UTC,168.21,0.3322,0.0044,0.0,-0.0012,-0.11,-27.09,STOP_LOSS_HIT,0.142
933,TRUMP_USDT,SHORT,StochasticRSI(FAST_SCALP-SHORT),2,0.2,1.674,1.672,1.672,1.68,2026-07-07 05:37:59 UTC,2026-07-07 05:39:00 UTC,60.76,0.3348,0.0045,0.0,0.0004,0.04,8.96,MIN_PROFIT_TP_HIT,0.1424
934,TRUMP_USDT,LONG,StochasticRSI(FAST_SCALP-LONG),2,0.2,1.67,1.672,1.672,1.664,2026-07-07 05:47:59 UTC,2026-07-07 05:48:12 UTC,12.04,0.334,0.0045,0.0,0.0004,0.04,8.98,MIN_PROFIT_TP_HIT,0.1428
935,TRUMP_USDT,LONG,StochasticRSI(FAST_SCALP-LONG),2,0.2,1.669,1.671,1.671,1.663,2026-07-07 05:51:59 UTC,2026-07-07 05:55:13 UTC,193.42,0.3338,0.0045,0.0,0.0004,0.04,8.99,MIN_PROFIT_TP_HIT,0.1432
936,TRUMP_USDT,LONG,StochasticRSI(FAST_SCALP-LONG),2,0.2,1.67,1.672,1.672,1.664,2026-07-07 06:01:59 UTC,2026-07-07 06:02:26 UTC,26.34,0.334,0.0045,0.0,0.0004,0.04,8.98,MIN_PROFIT_TP_HIT,0.1436
937,TRUMP_USDT,LONG,StochasticRSI(FAST_SCALP-LONG),2,0.2,1.667,1.669,1.669,1.661,2026-07-07 06:10:59 UTC,2026-07-07 06:15:23 UTC,263.67,0.3334,0.0044,0.0,0.0004,0.04,9.0,MIN_PROFIT_TP_HIT,0.144
938,TRUMP_USDT,LONG,StochasticRSI(FAST_SCALP-LONG),2,0.2,1.666,1.668,1.668,1.66,2026-07-07 06:27:59 UTC,2026-07-07 06:29:48 UTC,108.03,0.3332,0.0044,0.0,0.0004,0.04,9.0,MIN_PROFIT_TP_HIT,0.1444
939,TRUMP_USDT,SHORT,StochasticRSI(FAST_SCALP-SHORT),2,0.2,1.667,1.673,1.665,1.673,2026-07-07 06:32:59 UTC,2026-07-07 06:37:39 UTC,279.75,0.3334,0.0044,0.0,-0.0012,-0.11,-26.99,STOP_LOSS_HIT,0.1432
940,TRUMP_USDT,SHORT,StochasticRSI(FAST_SCALP-SHORT),2,0.2,1.67,1.668,1.668,1.676,2026-07-07 06:43:59 UTC,2026-07-07 06:58:57 UTC,897.22,0.334,0.0045,0.0,0.0004,0.04,8.98,MIN_PROFIT_TP_HIT,0.1436
941,TRUMP_USDT,LONG,StochasticRSI(FAST_SCALP-LONG),2,0.2,1.67,1.664,1.672,1.664,2026-07-07 07:00:59 UTC,2026-07-07 07:06:20 UTC,320.06,0.334,0.0045,0.0,-0.0012,-0.11,-26.95,STOP_LOSS_HIT,0.1424
942,TRUMP_USDT,LONG,StochasticRSI(FAST_SCALP-LONG),2,0.2,1.666,1.668,1.668,1.66,2026-07-07 07:08:59 UTC,2026-07-07 07:10:41 UTC,101.74,0.3332,0.0044,0.0,0.0004,0.04,9.0,MIN_PROFIT_TP_HIT,0.1428
943,TRUMP_USDT,LONG,StochasticRSI(FAST_SCALP-LONG),2,0.2,1.662,1.656,1.664,1.656,2026-07-07 07:22:59 UTC,2026-07-07 07:26:24 UTC,204.19,0.3324,0.0044,0.0,-0.0012,-0.11,-27.08,STOP_LOSS_HIT,0.1416
944,TRUMP_USDT,LONG,StochasticRSI(FAST_SCALP-LONG),2,0.2,1.654,1.648,1.656,1.648,2026-07-07 07:29:59 UTC,2026-07-07 07:35:47 UTC,347.0,0.3308,0.0044,0.0,-0.0012,-0.11,-27.21,STOP_LOSS_HIT,0.1404
945,TRUMP_USDT,LONG,StochasticRSI(FAST_SCALP-LONG),2,0.2,1.649,1.651,1.651,1.643,2026-07-07 07:39:59 UTC,2026-07-07 07:41:53 UTC,113.87,0.3298,0.0044,0.0,0.0004,0.04,9.1,MIN_PROFIT_TP_HIT,0.1408
946,TRUMP_USDT,SHORT,StochasticRSI(FAST_SCALP-SHORT),2,0.2,1.652,1.65,1.65,1.658,2026-07-07 07:44:59 UTC,2026-07-07 07:46:41 UTC,101.9,0.3304,0.0044,0.0,0.0004,0.04,9.08,MIN_PROFIT_TP_HIT,0.1412
947,TRUMP_USDT,SHORT,StochasticRSI(FAST_SCALP-SHORT),2,0.2,1.652,1.65,1.65,1.658,2026-07-07 07:47:59 UTC,2026-07-07 07:52:32 UTC,272.69,0.3304,0.0044,0.0,0.0004,0.04,9.08,MIN_PROFIT_TP_HIT,0.1416
948,TRUMP_USDT,LONG,StochasticRSI(FAST_SCALP-LONG),2,0.2,1.651,1.653,1.653,1.645,2026-07-07 08:01:59 UTC,2026-07-07 08:11:41 UTC,581.58,0.3302,0.0044,0.0,0.0004,0.04,9.09,MIN_PROFIT_TP_HIT,0.142
949,TRUMP_USDT,SHORT,StochasticRSI(FAST_SCALP-SHORT),2,0.2,1.65,1.648,1.648,1.656,2026-07-07 08:14:59 UTC,2026-07-07 08:16:33 UTC,93.23,0.33,0.0044,0.0,0.0004,0.04,9.09,MIN_PROFIT_TP_HIT,0.1424
950,TRUMP_USDT,SHORT,StochasticRSI(FAST_SCALP-SHORT),2,0.2,1.655,1.653,1.653,1.661,2026-07-07 08:23:59 UTC,2026-07-07 08:26:41 UTC,161.58,0.331,0.0044,0.0,0.0004,0.04,9.06,MIN_PROFIT_TP_HIT,0.1428
951,TRUMP_USDT,SHORT,StochasticRSI(FAST_SCALP-SHORT),2,0.2,1.655,1.653,1.653,1.661,2026-07-07 08:27:59 UTC,2026-07-07 08:28:03 UTC,3.17,0.331,0.0044,0.0,0.0004,0.04,9.06,MIN_PROFIT_TP_HIT,0.1432
952,TRUMP_USDT,LONG,StochasticRSI(FAST_SCALP-LONG),2,0.2,1.653,1.655,1.655,1.647,2026-07-07 08:34:59 UTC,2026-07-07 08:37:18 UTC,138.06,0.3306,0.0044,0.0,0.0004,0.04,9.07,MIN_PROFIT_TP_HIT,0.1436
953,TRUMP_USDT,SHORT,StochasticRSI(FAST_SCALP-SHORT),2,0.2,1.656,1.662,1.654,1.662,2026-07-07 08:44:59 UTC,2026-07-07 09:08:15 UTC,1395.83,0.3312,0.0044,0.0,-0.0012,-0.11,-27.17,STOP_LOSS_HIT,0.1424
954,TRUMP_USDT,SHORT,StochasticRSI(FAST_SCALP-SHORT),2,0.2,1.662,1.66,1.66,1.668,2026-07-07 09:10:59 UTC,2026-07-07 09:12:42 UTC,102.38,0.3324,0.0044,0.0,0.0004,0.04,9.03,MIN_PROFIT_TP_HIT,0.1428
955,TRUMP_USDT,LONG,StochasticRSI(FAST_SCALP-LONG),2,0.2,1.662,1.664,1.664,1.656,2026-07-07 09:16:59 UTC,2026-07-07 09:44:20 UTC,1640.12,0.3324,0.0044,0.0,0.0004,0.04,9.03,MIN_PROFIT_TP_HIT,0.1432
956,TRUMP_USDT,SHORT,StochasticRSI(FAST_SCALP-SHORT),2,0.2,1.662,1.66,1.66,1.668,2026-07-07 09:45:59 UTC,2026-07-07 09:46:35 UTC,35.89,0.3324,0.0044,0.0,0.0004,0.04,9.03,MIN_PROFIT_TP_HIT,0.1436
957,TRUMP_USDT,SHORT,StochasticRSI(FAST_SCALP-SHORT),2,0.2,1.663,1.661,1.661,1.669,2026-07-07 09:55:59 UTC,2026-07-07 09:56:27 UTC,27.15,0.3326,0.0044,0.0,0.0004,0.04,9.02,MIN_PROFIT_TP_HIT,0.144
958,TRUMP_USDT,SHORT,StochasticRSI(FAST_SCALP-SHORT),2,0.2,1.666,1.664,1.664,1.672,2026-07-07 10:07:59 UTC,2026-07-07 10:10:30 UTC,150.91,0.3332,0.0044,0.0,0.0004,0.04,9.0,MIN_PROFIT_TP_HIT,0.1444
959,TRUMP_USDT,LONG,StochasticRSI(FAST_SCALP-LONG),2,0.2,1.665,1.659,1.667,1.659,2026-07-07 10:25:59 UTC,2026-07-07 11:02:37 UTC,2197.32,0.333,0.0044,0.0,-0.0012,-0.11,-27.03,STOP_LOSS_HIT,0.1432
960,TRUMP_USDT,LONG,StochasticRSI(FAST_SCALP-LONG),2,0.2,1.659,1.661,1.661,1.653,2026-07-07 11:12:59 UTC,2026-07-07 11:16:34 UTC,214.11,0.3318,0.0044,0.0,0.0004,0.04,9.04,MIN_PROFIT_TP_HIT,0.1436
961,TRUMP_USDT,LONG,StochasticRSI(FAST_SCALP-LONG),2,0.2,1.659,1.661,1.661,1.653,2026-07-07 11:32:59 UTC,2026-07-07 11:36:37 UTC,217.07,0.3318,0.0044,0.0,0.0004,0.04,9.04,MIN_PROFIT_TP_HIT,0.144
962,TRUMP_USDT,LONG,StochasticRSI(FAST_SCALP-LONG),2,0.2,1.661,1.663,1.663,1.655,2026-07-07 11:37:59 UTC,2026-07-07 11:50:01 UTC,721.56,0.3322,0.0044,0.0,0.0004,0.04,9.03,MIN_PROFIT_TP_HIT,0.1444
963,TRUMP_USDT,SHORT,StochasticRSI(FAST_SCALP-SHORT),2,0.2,1.663,1.669,1.661,1.669,2026-07-07 11:53:59 UTC,2026-07-07 12:05:03 UTC,663.01,0.3326,0.0044,0.0,-0.0012,-0.11,-27.06,STOP_LOSS_HIT,0.1432
964,TRUMP_USDT,SHORT,StochasticRSI(FAST_SCALP-SHORT),2,0.2,1.671,1.669,1.669,1.677,2026-07-07 12:09:59 UTC,2026-07-07 12:10:19 UTC,19.81,0.3342,0.0045,0.0,0.0004,0.04,8.98,MIN_PROFIT_TP_HIT,0.1436
965,TRUMP_USDT,LONG,StochasticRSI(FAST_SCALP-LONG),2,0.2,1.671,1.665,1.673,1.665,2026-07-07 12:15:59 UTC,2026-07-07 12:31:28 UTC,928.34,0.3342,0.0045,0.0,-0.0012,-0.11,-26.93,STOP_LOSS_HIT,0.1424
966,TRUMP_USDT,SHORT,StochasticRSI(FAST_SCALP-SHORT),2,0.2,1.665,1.663,1.663,1.671,2026-07-07 12:32:59 UTC,2026-07-07 12:34:08 UTC,68.38,0.333,0.0044,0.0,0.0004,0.04,9.01,MIN_PROFIT_TP_HIT,0.1428
967,TRUMP_USDT,LONG,StochasticRSI(FAST_SCALP-LONG),2,0.2,1.661,1.663,1.663,1.655,2026-07-07 12:39:59 UTC,2026-07-07 12:43:31 UTC,211.5,0.3322,0.0044,0.0,0.0004,0.04,9.03,MIN_PROFIT_TP_HIT,0.1432
968,TRUMP_USDT,SHORT,StochasticRSI(FAST_SCALP-SHORT),2,0.2,1.661,1.659,1.659,1.667,2026-07-07 12:46:59 UTC,2026-07-07 12:47:48 UTC,48.98,0.3322,0.0044,0.0,0.0004,0.04,9.03,MIN_PROFIT_TP_HIT,0.1436
969,TRUMP_USDT,LONG,StochasticRSI(FAST_SCALP-LONG),2,0.2,1.66,1.662,1.662,1.654,2026-07-07 12:51:59 UTC,2026-07-07 12:54:29 UTC,149.29,0.332,0.0044,0.0,0.0004,0.04,9.04,MIN_PROFIT_TP_HIT,0.144
970,TRUMP_USDT,SHORT,StochasticRSI(FAST_SCALP-SHORT),2,0.2,1.661,1.659,1.659,1.667,2026-07-07 12:57:59 UTC,2026-07-07 12:58:25 UTC,25.88,0.3322,0.0044,0.0,0.0004,0.04,9.03,MIN_PROFIT_TP_HIT,0.1444
971,TRUMP_USDT,LONG,StochasticRSI(FAST_SCALP-LONG),2,0.2,1.654,1.656,1.656,1.648,2026-07-07 13:07:59 UTC,2026-07-07 13:09:26 UTC,86.72,0.3308,0.0044,0.0,0.0004,0.04,9.07,MIN_PROFIT_TP_HIT,0.1448
972,TRUMP_USDT,SHORT,StochasticRSI(FAST_SCALP-SHORT),2,0.2,1.652,1.65,1.65,1.658,2026-07-07 13:16:59 UTC,2026-07-07 13:18:09 UTC,69.63,0.3304,0.0044,0.0,0.0004,0.04,9.08,MIN_PROFIT_TP_HIT,0.1452
973,TRUMP_USDT,LONG,StochasticRSI(FAST_SCALP-LONG),2,0.2,1.649,1.643,1.651,1.643,2026-07-07 13:23:59 UTC,2026-07-07 13:26:20 UTC,140.12,0.3298,0.0044,0.0,-0.0012,-0.11,-27.29,STOP_LOSS_HIT,0.144
974,TRUMP_USDT,LONG,StochasticRSI(FAST_SCALP-LONG),2,0.2,1.647,1.649,1.649,1.641,2026-07-07 13:30:59 UTC,2026-07-07 13:31:39 UTC,39.36,0.3294,0.0044,0.0,0.0004,0.04,9.11,MIN_PROFIT_TP_HIT,0.1444
975,TRUMP_USDT,SHORT,StochasticRSI(FAST_SCALP-SHORT),2,0.2,1.648,1.646,1.646,1.654,2026-07-07 13:34:59 UTC,2026-07-07 13:35:11 UTC,11.12,0.3296,0.0044,0.0,0.0004,0.04,9.1,MIN_PROFIT_TP_HIT,0.1448
976,TRUMP_USDT,SHORT,StochasticRSI(FAST_SCALP-SHORT),2,0.2,1.658,1.656,1.656,1.664,2026-07-07 13:48:59 UTC,2026-07-07 13:51:08 UTC,128.12,0.3316,0.0044,0.0,0.0004,0.04,9.05,MIN_PROFIT_TP_HIT,0.1452
977,TRUMP_USDT,LONG,StochasticRSI(FAST_SCALP-LONG),2,0.2,1.647,1.649,1.649,1.641,2026-07-07 13:58:59 UTC,2026-07-07 13:59:11 UTC,11.79,0.3294,0.0044,0.0,0.0004,0.04,9.11,MIN_PROFIT_TP_HIT,0.1456
978,TRUMP_USDT,SHORT,StochasticRSI(FAST_SCALP-SHORT),2,0.2,1.653,1.651,1.651,1.659,2026-07-07 14:09:59 UTC,2026-07-07 14:10:24 UTC,24.92,0.3306,0.0044,0.0,0.0004,0.04,9.07,MIN_PROFIT_TP_HIT,0.146
979,TRUMP_USDT,LONG,StochasticRSI(FAST_SCALP-LONG),2,0.2,1.646,1.648,1.648,1.64,2026-07-07 14:14:59 UTC,2026-07-07 14:15:58 UTC,58.97,0.3292,0.0044,0.0,0.0004,0.04,9.11,MIN_PROFIT_TP_HIT,0.1464
980,TRUMP_USDT,LONG,StochasticRSI(FAST_SCALP-LONG),2,0.2,1.649,1.651,1.651,1.643,2026-07-07 14:18:59 UTC,2026-07-07 14:19:09 UTC,9.08,0.3298,0.0044,0.0,0.0004,0.04,9.1,MIN_PROFIT_TP_HIT,0.1468
981,TRUMP_USDT,LONG,StochasticRSI(FAST_SCALP-LONG),2,0.2,1.65,1.652,1.652,1.644,2026-07-07 14:28:59 UTC,2026-07-07 14:29:19 UTC,19.38,0.33,0.0044,0.0,0.0004,0.04,9.09,MIN_PROFIT_TP_HIT,0.1472
982,TRUMP_USDT,SHORT,StochasticRSI(FAST_SCALP-SHORT),2,0.2,1.654,1.652,1.652,1.66,2026-07-07 14:32:59 UTC,2026-07-07 14:35:19 UTC,139.3,0.3308,0.0044,0.0,0.0004,0.04,9.07,MIN_PROFIT_TP_HIT,0.1476
983,TRUMP_USDT,LONG,StochasticRSI(FAST_SCALP-LONG),2,0.2,1.644,1.646,1.646,1.638,2026-07-07 14:40:59 UTC,2026-07-07 14:41:45 UTC,45.31,0.3288,0.0044,0.0,0.0004,0.04,9.12,MIN_PROFIT_TP_HIT,0.148
984,TRUMP_USDT,SHORT,StochasticRSI(FAST_SCALP-SHORT),2,0.2,1.669,1.667,1.667,1.675,2026-07-07 14:56:59 UTC,2026-07-07 14:57:05 UTC,5.59,0.3338,0.0045,0.0,0.0004,0.04,8.99,MIN_PROFIT_TP_HIT,0.1484
985,TRUMP_USDT,SHORT,StochasticRSI(FAST_SCALP-SHORT),2,0.2,1.668,1.666,1.666,1.674,2026-07-07 14:59:59 UTC,2026-07-07 15:00:13 UTC,13.67,0.3336,0.0044,0.0,0.0004,0.04,8.99,MIN_PROFIT_TP_HIT,0.1488
986,TRUMP_USDT,LONG,StochasticRSI(FAST_SCALP-LONG),2,0.2,1.672,1.674,1.674,1.666,2026-07-07 15:07:59 UTC,2026-07-07 15:08:07 UTC,7.8,0.3344,0.0045,0.0,0.0004,0.04,8.97,MIN_PROFIT_TP_HIT,0.1492
987,TRUMP_USDT,SHORT,StochasticRSI(FAST_SCALP-SHORT),2,0.2,1.676,1.674,1.674,1.682,2026-07-07 15:14:59 UTC,2026-07-07 15:15:02 UTC,2.79,0.3352,0.0045,0.0,0.0004,0.04,8.95,MIN_PROFIT_TP_HIT,0.1496
988,TRUMP_USDT,LONG,StochasticRSI(FAST_SCALP-LONG),2,0.2,1.675,1.677,1.677,1.669,2026-07-07 15:23:59 UTC,2026-07-07 15:28:05 UTC,245.74,0.335,0.0045,0.0,0.0004,0.04,8.96,MIN_PROFIT_TP_HIT,0.15
989,TRUMP_USDT,SHORT,StochasticRSI(FAST_SCALP-SHORT),2,0.2,1.677,1.675,1.675,1.683,2026-07-07 15:31:59 UTC,2026-07-07 15:34:56 UTC,176.52,0.3354,0.0045,0.0,0.0004,0.04,8.94,MIN_PROFIT_TP_HIT,0.1504
990,TRUMP_USDT,LONG,StochasticRSI(FAST_SCALP-LONG),2,0.2,1.678,1.68,1.68,1.672,2026-07-07 15:44:59 UTC,2026-07-07 15:45:03 UTC,3.77,0.3356,0.0045,0.0,0.0004,0.04,8.94,MIN_PROFIT_TP_HIT,0.1508
991,TRUMP_USDT,SHORT,StochasticRSI(FAST_SCALP-SHORT),2,0.2,1.685,1.683,1.683,1.691,2026-07-07 15:50:59 UTC,2026-07-07 15:55:55 UTC,295.06,0.337,0.0045,0.0,0.0004,0.04,8.9,MIN_PROFIT_TP_HIT,0.1512
992,TRUMP_USDT,LONG,StochasticRSI(FAST_SCALP-LONG),2,0.2,1.688,1.682,1.69,1.682,2026-07-07 15:59:59 UTC,2026-07-07 16:01:44 UTC,104.99,0.3376,0.0045,0.0,-0.0012,-0.11,-26.66,STOP_LOSS_HIT,0.15
993,TRUMP_USDT,LONG,StochasticRSI(FAST_SCALP-LONG),2,0.2,1.682,1.676,1.684,1.676,2026-07-07 16:05:59 UTC,2026-07-07 16:09:04 UTC,184.51,0.3364,0.0045,0.0,-0.0012,-0.11,-26.75,STOP_LOSS_HIT,0.1488
994,TRUMP_USDT,LONG,StochasticRSI(FAST_SCALP-LONG),2,0.2,1.677,1.679,1.679,1.671,2026-07-07 16:11:59 UTC,2026-07-07 16:12:53 UTC,53.57,0.3354,0.0045,0.0,0.0004,0.04,8.94,MIN_PROFIT_TP_HIT,0.1492
995,TRUMP_USDT,SHORT,StochasticRSI(FAST_SCALP-SHORT),2,0.2,1.677,1.683,1.675,1.683,2026-07-07 16:18:59 UTC,2026-07-07 16:20:09 UTC,69.31,0.3354,0.0045,0.0,-0.0012,-0.11,-26.83,STOP_LOSS_HIT,0.148
996,TRUMP_USDT,SHORT,StochasticRSI(FAST_SCALP-SHORT),2,0.2,1.686,1.684,1.684,1.692,2026-07-07 16:26:59 UTC,2026-07-07 16:31:59 UTC,299.06,0.3372,0.0045,0.0,0.0004,0.04,8.9,MIN_PROFIT_TP_HIT,0.1484
997,TRUMP_USDT,LONG,StochasticRSI(FAST_SCALP-LONG),2,0.2,1.682,1.684,1.684,1.676,2026-07-07 16:33:59 UTC,2026-07-07 16:34:27 UTC,27.13,0.3364,0.0045,0.0,0.0004,0.04,8.92,MIN_PROFIT_TP_HIT,0.1488
998,TRUMP_USDT,LONG,StochasticRSI(FAST_SCALP-LONG),2,0.2,1.684,1.686,1.686,1.678,2026-07-07 16:35:59 UTC,2026-07-07 16:36:54 UTC,54.06,0.3368,0.0045,0.0,0.0004,0.04,8.91,MIN_PROFIT_TP_HIT,0.1492
999,TRUMP_USDT,SHORT,StochasticRSI(FAST_SCALP-SHORT),2,0.2,1.683,1.681,1.681,1.689,2026-07-07 16:43:59 UTC,2026-07-07 16:46:33 UTC,153.52,0.3366,0.0045,0.0,0.0004,0.04,8.91,MIN_PROFIT_TP_HIT,0.1496
1000,TRUMP_USDT,LONG,StochasticRSI(FAST_SCALP-LONG),2,0.2,1.685,1.687,1.687,1.679,2026-07-07 16:50:59 UTC,2026-07-07 16:51:36 UTC,36.63,0.337,0.0045,0.0,0.0004,0.04,8.9,MIN_PROFIT_TP_HIT,0.15
1001,TRUMP_USDT,SHORT,StochasticRSI(FAST_SCALP-SHORT),2,0.2,1.691,1.689,1.689,1.697,2026-07-07 16:58:59 UTC,2026-07-07 16:59:11 UTC,11.75,0.3382,0.0045,0.0,0.0004,0.04,8.87,MIN_PROFIT_TP_HIT,0.1504
1002,TRUMP_USDT,LONG,StochasticRSI(FAST_SCALP-LONG),2,0.2,1.688,1.69,1.69,1.682,2026-07-07 17:06:59 UTC,2026-07-07 17:08:21 UTC,81.46,0.3376,0.0045,0.0,0.0004,0.04,8.89,MIN_PROFIT_TP_HIT,0.1508
1003,TRUMP_USDT,LONG,StochasticRSI(FAST_SCALP-LONG),2,0.2,1.68,1.682,1.682,1.674,2026-07-07 17:20:59 UTC,2026-07-07 17:21:11 UTC,11.96,0.336,0.0045,0.0,0.0004,0.04,8.93,MIN_PROFIT_TP_HIT,0.1512
1004,TRUMP_USDT,SHORT,StochasticRSI(FAST_SCALP-SHORT),2,0.2,1.681,1.679,1.679,1.687,2026-07-07 17:30:59 UTC,2026-07-07 17:32:31 UTC,91.46,0.3362,0.0045,0.0,0.0004,0.04,8.92,MIN_PROFIT_TP_HIT,0.1516
1005,TRUMP_USDT,LONG,StochasticRSI(FAST_SCALP-LONG),2,0.2,1.682,1.676,1.684,1.676,2026-07-07 17:36:59 UTC,2026-07-07 17:45:22 UTC,502.54,0.3364,0.0045,0.0,-0.0012,-0.11,-26.75,STOP_LOSS_HIT,0.1504
1006,TRUMP_USDT,LONG,StochasticRSI(FAST_SCALP-LONG),2,0.2,1.676,1.678,1.678,1.67,2026-07-07 17:49:59 UTC,2026-07-07 17:52:29 UTC,149.95,0.3352,0.0045,0.0,0.0004,0.04,8.95,MIN_PROFIT_TP_HIT,0.1508
1007,TRUMP_USDT,LONG,StochasticRSI(FAST_SCALP-LONG),2,0.2,1.677,1.679,1.679,1.671,2026-07-07 17:54:59 UTC,2026-07-07 17:55:21 UTC,21.42,0.3354,0.0045,0.0,0.0004,0.04,8.94,MIN_PROFIT_TP_HIT,0.1512
1008,TRUMP_USDT,SHORT,StochasticRSI(FAST_SCALP-SHORT),2,0.2,1.68,1.678,1.678,1.686,2026-07-07 17:59:59 UTC,2026-07-07 18:00:12 UTC,12.84,0.336,0.0045,0.0,0.0004,0.04,8.93,MIN_PROFIT_TP_HIT,0.1516
1009,TRUMP_USDT,LONG,StochasticRSI(FAST_SCALP-LONG),2,0.2,1.67,1.672,1.672,1.664,2026-07-07 18:06:59 UTC,2026-07-07 18:12:21 UTC,321.78,0.334,0.0045,0.0,0.0004,0.04,8.98,MIN_PROFIT_TP_HIT,0.152
1010,TRUMP_USDT,SHORT,StochasticRSI(FAST_SCALP-SHORT),2,0.2,1.67,1.668,1.668,1.676,2026-07-07 18:17:59 UTC,2026-07-07 18:25:35 UTC,455.15,0.334,0.0045,0.0,0.0004,0.04,8.98,MIN_PROFIT_TP_HIT,0.1524
1011,TRUMP_USDT,LONG,StochasticRSI(FAST_SCALP-LONG),2,0.2,1.669,1.671,1.671,1.663,2026-07-07 18:31:59 UTC,2026-07-07 18:36:46 UTC,286.17,0.3338,0.0045,0.0,0.0004,0.04,8.99,MIN_PROFIT_TP_HIT,0.1528
1012,TRUMP_USDT,SHORT,StochasticRSI(FAST_SCALP-SHORT),2,0.2,1.674,1.672,1.672,1.68,2026-07-07 18:39:59 UTC,2026-07-07 18:40:13 UTC,13.37,0.3348,0.0045,0.0,0.0004,0.04,8.96,MIN_PROFIT_TP_HIT,0.1532
1013,TRUMP_USDT,SHORT,StochasticRSI(FAST_SCALP-SHORT),2,0.2,1.672,1.67,1.67,1.678,2026-07-07 18:41:59 UTC,2026-07-07 18:49:15 UTC,435.13,0.3344,0.0045,0.0,0.0004,0.04,8.97,MIN_PROFIT_TP_HIT,0.1536
1014,TRUMP_USDT,LONG,StochasticRSI(FAST_SCALP-LONG),2,0.2,1.661,1.655,1.663,1.655,2026-07-07 18:54:59 UTC,2026-07-07 19:00:11 UTC,311.49,0.3322,0.0044,0.0,-0.0012,-0.11,-27.09,STOP_LOSS_HIT,0.1524
1015,TRUMP_USDT,SHORT,StochasticRSI(FAST_SCALP-SHORT),2,0.2,1.651,1.657,1.649,1.657,2026-07-07 19:07:59 UTC,2026-07-07 19:13:15 UTC,315.62,0.3302,0.0044,0.0,-0.0012,-0.11,-27.26,STOP_LOSS_HIT,0.1512
1016,TRUMP_USDT,SHORT,StochasticRSI(FAST_SCALP-SHORT),2,0.2,1.656,1.654,1.654,1.662,2026-07-07 19:17:59 UTC,2026-07-07 19:18:23 UTC,23.48,0.3312,0.0044,0.0,0.0004,0.04,9.06,MIN_PROFIT_TP_HIT,0.1516
1017,TRUMP_USDT,LONG,StochasticRSI(FAST_SCALP-LONG),2,0.2,1.653,1.655,1.655,1.647,2026-07-07 19:24:59 UTC,2026-07-07 19:27:16 UTC,136.37,0.3306,0.0044,0.0,0.0004,0.04,9.07,MIN_PROFIT_TP_HIT,0.152
1018,TRUMP_USDT,SHORT,StochasticRSI(FAST_SCALP-SHORT),2,0.2,1.666,1.664,1.664,1.672,2026-07-07 19:36:59 UTC,2026-07-07 19:37:30 UTC,30.35,0.3332,0.0044,0.0,0.0004,0.04,9.0,MIN_PROFIT_TP_HIT,0.1524
1019,TRUMP_USDT,LONG,StochasticRSI(FAST_SCALP-LONG),2,0.2,1.666,1.668,1.668,1.66,2026-07-07 19:41:59 UTC,2026-07-07 20:04:20 UTC,1340.49,0.3332,0.0044,0.0,0.0004,0.04,9.0,MIN_PROFIT_TP_HIT,0.1528
1020,TRUMP_USDT,LONG,StochasticRSI(FAST_SCALP-LONG),2,0.2,1.664,1.658,1.666,1.658,2026-07-07 20:10:59 UTC,2026-07-07 20:17:40 UTC,400.69,0.3328,0.0044,0.0,-0.0012,-0.11,-27.04,STOP_LOSS_HIT,0.1516
1021,TRUMP_USDT,SHORT,StochasticRSI(FAST_SCALP-SHORT),2,0.2,1.659,1.665,1.657,1.665,2026-07-07 20:18:59 UTC,2026-07-07 20:25:00 UTC,360.41,0.3318,0.0044,0.0,-0.0012,-0.11,-27.12,STOP_LOSS_HIT,0.1504
1022,TRUMP_USDT,SHORT,StochasticRSI(FAST_SCALP-SHORT),2,0.2,1.663,1.661,1.661,1.669,2026-07-07 20:28:59 UTC,2026-07-07 20:29:09 UTC,9.01,0.3326,0.0044,0.0,0.0004,0.04,9.02,MIN_PROFIT_TP_HIT,0.1508
1023,TRUMP_USDT,LONG,StochasticRSI(FAST_SCALP-LONG),2,0.2,1.66,1.654,1.662,1.654,2026-07-07 20:37:59 UTC,2026-07-07 20:47:44 UTC,584.79,0.332,0.0044,0.0,-0.0012,-0.11,-27.11,STOP_LOSS_HIT,0.1496
1024,TRUMP_USDT,LONG,StochasticRSI(FAST_SCALP-LONG),2,0.2,1.652,1.654,1.654,1.646,2026-07-07 20:53:59 UTC,2026-07-07 20:54:03 UTC,3.39,0.3304,0.0044,0.0,0.0004,0.04,9.08,MIN_PROFIT_TP_HIT,0.15
1025,TRUMP_USDT,SHORT,StochasticRSI(FAST_SCALP-SHORT),2,0.2,1.652,1.658,1.65,1.658,2026-07-07 21:03:59 UTC,2026-07-07 21:06:14 UTC,134.29,0.3304,0.0044,0.0,-0.0012,-0.11,-27.24,STOP_LOSS_HIT,0.1488
1026,TRUMP_USDT,SHORT,StochasticRSI(FAST_SCALP-SHORT),2,0.2,1.657,1.663,1.655,1.663,2026-07-07 21:12:59 UTC,2026-07-07 21:13:29 UTC,29.58,0.3314,0.0044,0.0,-0.0012,-0.11,-27.16,STOP_LOSS_HIT,0.1476
1027,TRUMP_USDT,SHORT,StochasticRSI(FAST_SCALP-SHORT),2,0.2,1.66,1.658,1.658,1.666,2026-07-07 21:15:59 UTC,2026-07-07 21:16:18 UTC,18.1,0.332,0.0044,0.0,0.0004,0.04,9.04,MIN_PROFIT_TP_HIT,0.148
1028,TRUMP_USDT,LONG,StochasticRSI(FAST_SCALP-LONG),2,0.2,1.65,1.644,1.652,1.644,2026-07-07 21:23:59 UTC,2026-07-07 21:25:07 UTC,67.78,0.33,0.0044,0.0,-0.0012,-0.11,-27.27,STOP_LOSS_HIT,0.1468
1029,TRUMP_USDT,SHORT,StochasticRSI(FAST_SCALP-SHORT),2,0.2,1.649,1.647,1.647,1.655,2026-07-07 21:31:59 UTC,2026-07-07 21:37:40 UTC,340.56,0.3298,0.0044,0.0,0.0004,0.04,9.1,MIN_PROFIT_TP_HIT,0.1472
1030,TRUMP_USDT,LONG,StochasticRSI(FAST_SCALP-LONG),2,0.2,1.646,1.648,1.648,1.64,2026-07-07 21:42:59 UTC,2026-07-07 21:46:36 UTC,216.25,0.3292,0.0044,0.0,0.0004,0.04,9.11,MIN_PROFIT_TP_HIT,0.1476
1031,TRUMP_USDT,SHORT,StochasticRSI(FAST_SCALP-SHORT),2,0.2,1.65,1.648,1.648,1.656,2026-07-07 21:49:59 UTC,2026-07-07 21:50:49 UTC,49.04,0.33,0.0044,0.0,0.0004,0.04,9.09,MIN_PROFIT_TP_HIT,0.148
1032,TRUMP_USDT,LONG,StochasticRSI(FAST_SCALP-LONG),2,0.2,1.64,1.642,1.642,1.634,2026-07-07 21:57:59 UTC,2026-07-07 21:58:25 UTC,25.07,0.328,0.0044,0.0,0.0004,0.04,9.15,MIN_PROFIT_TP_HIT,0.1484
1033,TRUMP_USDT,SHORT,StochasticRSI(FAST_SCALP-SHORT),2,0.2,1.641,1.639,1.639,1.647,2026-07-07 22:10:59 UTC,2026-07-07 22:15:46 UTC,286.83,0.3282,0.0044,0.0,0.0004,0.04,9.14,MIN_PROFIT_TP_HIT,0.1488
1034,TRUMP_USDT,SHORT,StochasticRSI(FAST_SCALP-SHORT),2,0.2,1.641,1.647,1.639,1.647,2026-07-07 22:25:59 UTC,2026-07-07 22:41:07 UTC,907.04,0.3282,0.0044,0.0,-0.0012,-0.11,-27.42,STOP_LOSS_HIT,0.1476
1035,TRUMP_USDT,SHORT,StochasticRSI(FAST_SCALP-SHORT),2,0.2,1.645,1.643,1.643,1.651,2026-07-07 22:47:59 UTC,2026-07-07 22:48:05 UTC,5.71,0.329,0.0044,0.0,0.0004,0.04,9.12,MIN_PROFIT_TP_HIT,0.148
1036,TRUMP_USDT,SHORT,StochasticRSI(FAST_SCALP-SHORT),2,0.2,1.645,1.643,1.643,1.651,2026-07-07 22:54:59 UTC,2026-07-07 23:00:07 UTC,307.9,0.329,0.0044,0.0,0.0004,0.04,9.12,MIN_PROFIT_TP_HIT,0.1484
1037,TRUMP_USDT,SHORT,StochasticRSI(FAST_SCALP-SHORT),2,0.2,1.647,1.645,1.645,1.653,2026-07-07 23:10:59 UTC,2026-07-07 23:11:04 UTC,4.22,0.3294,0.0044,0.0,0.0004,0.04,9.11,MIN_PROFIT_TP_HIT,0.1488
1038,TRUMP_USDT,SHORT,StochasticRSI(FAST_SCALP-SHORT),2,0.2,1.651,1.649,1.649,1.657,2026-07-07 23:19:59 UTC,2026-07-07 23:21:08 UTC,68.44,0.3302,0.0044,0.0,0.0004,0.04,9.09,MIN_PROFIT_TP_HIT,0.1492
1039,TRUMP_USDT,LONG,StochasticRSI(FAST_SCALP-LONG),2,0.2,1.65,1.652,1.652,1.644,2026-07-07 23:28:59 UTC,2026-07-07 23:31:25 UTC,145.74,0.33,0.0044,0.0,0.0004,0.04,9.09,MIN_PROFIT_TP_HIT,0.1496
1040,TRUMP_USDT,SHORT,StochasticRSI(FAST_SCALP-SHORT),2,0.2,1.652,1.65,1.65,1.658,2026-07-07 23:34:59 UTC,2026-07-07 23:36:56 UTC,116.89,0.3304,0.0044,0.0,0.0004,0.04,9.08,MIN_PROFIT_TP_HIT,0.15
1041,TRUMP_USDT,SHORT,StochasticRSI(FAST_SCALP-SHORT),2,0.2,1.651,1.649,1.649,1.657,2026-07-07 23:37:59 UTC,2026-07-07 23:39:08 UTC,68.61,0.3302,0.0044,0.0,0.0004,0.04,9.09,MIN_PROFIT_TP_HIT,0.1504
1042,TRUMP_USDT,LONG,StochasticRSI(FAST_SCALP-LONG),2,0.2,1.645,1.647,1.647,1.639,2026-07-07 23:46:59 UTC,2026-07-07 23:48:07 UTC,67.82,0.329,0.0044,0.0,0.0004,0.04,9.12,MIN_PROFIT_TP_HIT,0.1508
1043,TRUMP_USDT,SHORT,StochasticRSI(FAST_SCALP-SHORT),2,0.2,1.646,1.644,1.644,1.652,2026-07-07 23:51:59 UTC,2026-07-07 23:53:00 UTC,60.06,0.3292,0.0044,0.0,0.0004,0.04,9.11,MIN_PROFIT_TP_HIT,0.1512
1044,TRUMP_USDT,SHORT,StochasticRSI(FAST_SCALP-SHORT),2,0.2,1.646,1.644,1.644,1.652,2026-07-07 23:54:59 UTC,2026-07-07 23:57:35 UTC,155.47,0.3292,0.0044,0.0,0.0004,0.04,9.11,MIN_PROFIT_TP_HIT,0.1516
1045,TRUMP_USDT,LONG,StochasticRSI(FAST_SCALP-LONG),2,0.2,1.648,1.65,1.65,1.642,2026-07-08 00:02:59 UTC,2026-07-08 00:03:50 UTC,50.05,0.3296,0.0044,0.0,0.0004,0.04,9.1,MIN_PROFIT_TP_HIT,0.152
1046,TRUMP_USDT,SHORT,StochasticRSI(FAST_SCALP-SHORT),2,0.2,1.651,1.649,1.649,1.657,2026-07-08 00:08:59 UTC,2026-07-08 00:09:29 UTC,29.84,0.3302,0.0044,0.0,0.0004,0.04,9.09,MIN_PROFIT_TP_HIT,0.1524
1047,TRUMP_USDT,LONG,StochasticRSI(FAST_SCALP-LONG),2,0.2,1.648,1.65,1.65,1.642,2026-07-08 00:14:59 UTC,2026-07-08 00:15:07 UTC,7.74,0.3296,0.0044,0.0,0.0004,0.04,9.1,MIN_PROFIT_TP_HIT,0.1528
1048,TRUMP_USDT,LONG,StochasticRSI(FAST_SCALP-LONG),2,0.2,1.647,1.649,1.649,1.641,2026-07-08 00:18:59 UTC,2026-07-08 00:19:18 UTC,18.7,0.3294,0.0044,0.0,0.0004,0.04,9.11,MIN_PROFIT_TP_HIT,0.1532
1049,TRUMP_USDT,SHORT,StochasticRSI(FAST_SCALP-SHORT),2,0.2,1.651,1.649,1.649,1.657,2026-07-08 00:30:59 UTC,2026-07-08 00:32:06 UTC,66.87,0.3302,0.0044,0.0,0.0004,0.04,9.09,MIN_PROFIT_TP_HIT,0.1536
1050,TRUMP_USDT,LONG,StochasticRSI(FAST_SCALP-LONG),2,0.2,1.65,1.652,1.652,1.644,2026-07-08 00:37:59 UTC,2026-07-08 00:39:47 UTC,107.94,0.33,0.0044,0.0,0.0004,0.04,9.09,MIN_PROFIT_TP_HIT,0.154
1051,TRUMP_USDT,SHORT,StochasticRSI(FAST_SCALP-SHORT),2,0.2,1.653,1.651,1.651,1.659,2026-07-08 00:45:59 UTC,2026-07-08 00:55:04 UTC,544.93,0.3306,0.0044,0.0,0.0004,0.04,9.07,MIN_PROFIT_TP_HIT,0.1544
1052,TRUMP_USDT,LONG,StochasticRSI(FAST_SCALP-LONG),2,0.2,1.647,1.649,1.649,1.641,2026-07-08 01:02:59 UTC,2026-07-08 01:13:35 UTC,635.92,0.3294,0.0044,0.0,0.0004,0.04,9.11,MIN_PROFIT_TP_HIT,0.1548
1053,TRUMP_USDT,SHORT,StochasticRSI(FAST_SCALP-SHORT),2,0.2,1.642,1.64,1.64,1.648,2026-07-08 01:15:59 UTC,2026-07-08 01:20:57 UTC,297.69,0.3284,0.0044,0.0,0.0004,0.04,9.14,MIN_PROFIT_TP_HIT,0.1552
1054,TRUMP_USDT,LONG,StochasticRSI(FAST_SCALP-LONG),2,0.2,1.641,1.643,1.643,1.635,2026-07-08 01:22:59 UTC,2026-07-08 01:23:14 UTC,14.76,0.3282,0.0044,0.0,0.0004,0.04,9.14,MIN_PROFIT_TP_HIT,0.1556
1055,TRUMP_USDT,SHORT,StochasticRSI(FAST_SCALP-SHORT),2,0.2,1.64,1.638,1.638,1.646,2026-07-08 01:30:59 UTC,2026-07-08 01:31:33 UTC,33.09,0.328,0.0044,0.0,0.0004,0.04,9.15,MIN_PROFIT_TP_HIT,0.156
1056,TRUMP_USDT,LONG,StochasticRSI(FAST_SCALP-LONG),2,0.2,1.61,1.612,1.612,1.604,2026-07-08 01:39:59 UTC,2026-07-08 01:40:02 UTC,2.67,0.322,0.0043,0.0,0.0004,0.04,9.32,MIN_PROFIT_TP_HIT,0.1564
1057,TRUMP_USDT,SHORT,StochasticRSI(FAST_SCALP-SHORT),2,0.2,1.617,1.615,1.615,1.623,2026-07-08 01:47:59 UTC,2026-07-08 01:48:36 UTC,36.01,0.3234,0.0043,0.0,0.0004,0.04,9.28,MIN_PROFIT_TP_HIT,0.1568
1058,TRUMP_USDT,LONG,StochasticRSI(FAST_SCALP-LONG),2,0.2,1.612,1.606,1.614,1.606,2026-07-08 01:58:59 UTC,2026-07-08 02:00:10 UTC,70.01,0.3224,0.0043,0.0,-0.0012,-0.11,-27.92,STOP_LOSS_HIT,0.1556
1059,TRUMP_USDT,LONG,StochasticRSI(FAST_SCALP-LONG),2,0.2,1.602,1.604,1.604,1.596,2026-07-08 02:04:59 UTC,2026-07-08 02:05:05 UTC,5.86,0.3204,0.0043,0.0,0.0004,0.04,9.36,MIN_PROFIT_TP_HIT,0.156
1060,TRUMP_USDT,SHORT,StochasticRSI(FAST_SCALP-SHORT),2,0.2,1.598,1.604,1.596,1.604,2026-07-08 02:09:59 UTC,2026-07-08 02:12:54 UTC,174.11,0.3196,0.0043,0.0,-0.0012,-0.11,-28.16,STOP_LOSS_HIT,0.1548
1061,TRUMP_USDT,SHORT,StochasticRSI(FAST_SCALP-SHORT),2,0.2,1.6,1.598,1.598,1.606,2026-07-08 02:15:59 UTC,2026-07-08 02:16:41 UTC,41.29,0.32,0.0043,0.0,0.0004,0.04,9.38,MIN_PROFIT_TP_HIT,0.1552
1062,TRUMP_USDT,SHORT,StochasticRSI(FAST_SCALP-SHORT),2,0.2,1.597,1.603,1.595,1.603,2026-07-08 02:21:59 UTC,2026-07-08 02:26:04 UTC,244.72,0.3194,0.0043,0.0,-0.0012,-0.11,-28.18,STOP_LOSS_HIT,0.154
1063,TRUMP_USDT,SHORT,StochasticRSI(FAST_SCALP-SHORT),2,0.2,1.605,1.603,1.603,1.611,2026-07-08 02:31:59 UTC,2026-07-08 02:32:05 UTC,5.11,0.321,0.0043,0.0,0.0004,0.04,9.35,MIN_PROFIT_TP_HIT,0.1544
1064,TRUMP_USDT,LONG,StochasticRSI(FAST_SCALP-LONG),2,0.2,1.606,1.608,1.608,1.6,2026-07-08 02:37:59 UTC,2026-07-08 02:38:28 UTC,28.25,0.3212,0.0043,0.0,0.0004,0.04,9.34,MIN_PROFIT_TP_HIT,0.1548
1065,TRUMP_USDT,SHORT,StochasticRSI(FAST_SCALP-SHORT),2,0.2,1.614,1.612,1.612,1.62,2026-07-08 02:44:59 UTC,2026-07-08 02:52:07 UTC,427.45,0.3228,0.0043,0.0,0.0004,0.04,9.29,MIN_PROFIT_TP_HIT,0.1552
1066,TRUMP_USDT,LONG,StochasticRSI(FAST_SCALP-LONG),2,0.2,1.613,1.615,1.615,1.607,2026-07-08 02:56:59 UTC,2026-07-08 03:00:06 UTC,186.64,0.3226,0.0043,0.0,0.0004,0.04,9.3,MIN_PROFIT_TP_HIT,0.1556
1067,TRUMP_USDT,SHORT,StochasticRSI(FAST_SCALP-SHORT),2,0.2,1.619,1.617,1.617,1.625,2026-07-08 03:05:59 UTC,2026-07-08 03:06:34 UTC,34.69,0.3238,0.0043,0.0,0.0004,0.04,9.26,MIN_PROFIT_TP_HIT,0.156
1068,TRUMP_USDT,SHORT,StochasticRSI(FAST_SCALP-SHORT),2,0.2,1.622,1.62,1.62,1.628,2026-07-08 03:16:59 UTC,2026-07-08 03:17:37 UTC,37.57,0.3244,0.0043,0.0,0.0004,0.04,9.25,MIN_PROFIT_TP_HIT,0.1564
1069,TRUMP_USDT,LONG,StochasticRSI(FAST_SCALP-LONG),2,0.2,1.621,1.623,1.623,1.615,2026-07-08 03:21:59 UTC,2026-07-08 03:29:23 UTC,443.5,0.3242,0.0043,0.0,0.0004,0.04,9.25,MIN_PROFIT_TP_HIT,0.1568
1070,TRUMP_USDT,SHORT,StochasticRSI(FAST_SCALP-SHORT),2,0.2,1.618,1.616,1.616,1.624,2026-07-08 03:32:59 UTC,2026-07-08 03:33:41 UTC,41.86,0.3236,0.0043,0.0,0.0004,0.04,9.27,MIN_PROFIT_TP_HIT,0.1572
1071,TRUMP_USDT,LONG,StochasticRSI(FAST_SCALP-LONG),2,0.2,1.617,1.619,1.619,1.611,2026-07-08 03:39:59 UTC,2026-07-08 03:46:35 UTC,395.46,0.3234,0.0043,0.0,0.0004,0.04,9.28,MIN_PROFIT_TP_HIT,0.1576
1072,TRUMP_USDT,SHORT,StochasticRSI(FAST_SCALP-SHORT),2,0.2,1.614,1.612,1.612,1.62,2026-07-08 03:50:59 UTC,2026-07-08 03:51:27 UTC,27.85,0.3228,0.0043,0.0,0.0004,0.04,9.29,MIN_PROFIT_TP_HIT,0.158
1073,TRUMP_USDT,LONG,StochasticRSI(FAST_SCALP-LONG),2,0.2,1.611,1.605,1.613,1.605,2026-07-08 03:57:59 UTC,2026-07-08 04:01:28 UTC,208.87,0.3222,0.0043,0.0,-0.0012,-0.11,-27.93,STOP_LOSS_HIT,0.1568
1074,TRUMP_USDT,LONG,StochasticRSI(FAST_SCALP-LONG),2,0.2,1.607,1.609,1.609,1.601,2026-07-08 04:04:59 UTC,2026-07-08 04:05:47 UTC,47.38,0.3214,0.0043,0.0,0.0004,0.04,9.33,MIN_PROFIT_TP_HIT,0.1572
1075,TRUMP_USDT,SHORT,StochasticRSI(FAST_SCALP-SHORT),2,0.2,1.611,1.609,1.609,1.617,2026-07-08 04:11:59 UTC,2026-07-08 04:13:38 UTC,98.03,0.3222,0.0043,0.0,0.0004,0.04,9.31,MIN_PROFIT_TP_HIT,0.1576
1076,TRUMP_USDT,SHORT,StochasticRSI(FAST_SCALP-SHORT),2,0.2,1.61,1.616,1.608,1.616,2026-07-08 04:17:59 UTC,2026-07-08 04:24:53 UTC,413.61,0.322,0.0043,0.0,-0.0012,-0.11,-27.95,STOP_LOSS_HIT,0.1564
1077,TRUMP_USDT,SHORT,StochasticRSI(FAST_SCALP-SHORT),2,0.2,1.615,1.613,1.613,1.621,2026-07-08 04:28:59 UTC,2026-07-08 04:29:32 UTC,32.75,0.323,0.0043,0.0,0.0004,0.04,9.29,MIN_PROFIT_TP_HIT,0.1568
1078,TRUMP_USDT,LONG,StochasticRSI(FAST_SCALP-LONG),2,0.2,1.612,1.614,1.614,1.606,2026-07-08 04:36:59 UTC,2026-07-08 04:39:58 UTC,178.75,0.3224,0.0043,0.0,0.0004,0.04,9.31,MIN_PROFIT_TP_HIT,0.1572
1079,TRUMP_USDT,LONG,StochasticRSI(FAST_SCALP-LONG),2,0.2,1.614,1.608,1.616,1.608,2026-07-08 04:40:59 UTC,2026-07-08 04:49:51 UTC,531.2,0.3228,0.0043,0.0,-0.0012,-0.11,-27.88,STOP_LOSS_HIT,0.156
1080,TRUMP_USDT,SHORT,StochasticRSI(FAST_SCALP-SHORT),2,0.2,1.612,1.618,1.61,1.618,2026-07-08 04:56:59 UTC,2026-07-08 05:06:25 UTC,565.11,0.3224,0.0043,0.0,-0.0012,-0.11,-27.92,STOP_LOSS_HIT,0.1548
1081,TRUMP_USDT,SHORT,StochasticRSI(FAST_SCALP-SHORT),2,0.2,1.62,1.618,1.618,1.626,2026-07-08 05:12:59 UTC,2026-07-08 05:14:59 UTC,119.69,0.324,0.0043,0.0,0.0004,0.04,9.26,MIN_PROFIT_TP_HIT,0.1552
1082,TRUMP_USDT,LONG,StochasticRSI(FAST_SCALP-LONG),2,0.2,1.619,1.621,1.621,1.613,2026-07-08 05:17:59 UTC,2026-07-08 05:18:26 UTC,26.21,0.3238,0.0043,0.0,0.0004,0.04,9.26,MIN_PROFIT_TP_HIT,0.1556
1083,TRUMP_USDT,LONG,StochasticRSI(FAST_SCALP-LONG),2,0.2,1.619,1.613,1.621,1.613,2026-07-08 05:21:59 UTC,2026-07-08 05:27:06 UTC,306.77,0.3238,0.0043,0.0,-0.0012,-0.11,-27.79,STOP_LOSS_HIT,0.1544
1084,TRUMP_USDT,SHORT,StochasticRSI(FAST_SCALP-SHORT),2,0.2,1.613,1.611,1.611,1.619,2026-07-08 05:38:59 UTC,2026-07-08 05:41:04 UTC,124.44,0.3226,0.0043,0.0,0.0004,0.04,9.3,MIN_PROFIT_TP_HIT,0.1548
1085,TRUMP_USDT,LONG,StochasticRSI(FAST_SCALP-LONG),2,0.2,1.606,1.608,1.608,1.6,2026-07-08 05:50:59 UTC,2026-07-08 05:55:42 UTC,282.48,0.3212,0.0043,0.0,0.0004,0.04,9.34,MIN_PROFIT_TP_HIT,0.1552
1086,TRUMP_USDT,SHORT,StochasticRSI(FAST_SCALP-SHORT),2,0.2,1.606,1.604,1.604,1.612,2026-07-08 05:59:59 UTC,2026-07-08 06:00:28 UTC,28.15,0.3212,0.0043,0.0,0.0004,0.04,9.34,MIN_PROFIT_TP_HIT,0.1556
1087,TRUMP_USDT,SHORT,StochasticRSI(FAST_SCALP-SHORT),2,0.2,1.608,1.606,1.606,1.614,2026-07-08 06:06:59 UTC,2026-07-08 06:10:44 UTC,224.8,0.3216,0.0043,0.0,0.0004,0.04,9.33,MIN_PROFIT_TP_HIT,0.156
1088,TRUMP_USDT,LONG,StochasticRSI(FAST_SCALP-LONG),2,0.2,1.604,1.606,1.606,1.598,2026-07-08 06:15:59 UTC,2026-07-08 06:17:38 UTC,98.0,0.3208,0.0043,0.0,0.0004,0.04,9.35,MIN_PROFIT_TP_HIT,0.1564
1089,TRUMP_USDT,LONG,StochasticRSI(FAST_SCALP-LONG),2,0.2,1.598,1.592,1.6,1.592,2026-07-08 06:59:59 UTC,2026-07-08 07:00:21 UTC,21.56,0.3196,0.0043,0.0,-0.0012,-0.11,-28.16,STOP_LOSS_HIT,0.1552
1090,TRUMP_USDT,SHORT,StochasticRSI(FAST_SCALP-SHORT),2,0.2,1.6,1.598,1.598,1.606,2026-07-08 07:16:59 UTC,2026-07-08 07:18:02 UTC,62.95,0.32,0.0043,0.0,0.0004,0.04,9.38,MIN_PROFIT_TP_HIT,0.1556
1091,TRUMP_USDT,SHORT,StochasticRSI(FAST_SCALP-SHORT),2,0.2,1.601,1.599,1.599,1.607,2026-07-08 07:22:59 UTC,2026-07-08 07:25:54 UTC,174.48,0.3202,0.0043,0.0,0.0004,0.04,9.37,MIN_PROFIT_TP_HIT,0.156
1092,TRUMP_USDT,LONG,StochasticRSI(FAST_SCALP-LONG),2,0.2,1.602,1.604,1.604,1.596,2026-07-08 07:27:59 UTC,2026-07-08 07:28:15 UTC,15.3,0.3204,0.0043,0.0,0.0004,0.04,9.36,MIN_PROFIT_TP_HIT,0.1564
1093,TRUMP_USDT,SHORT,StochasticRSI(FAST_SCALP-SHORT),2,0.2,1.604,1.602,1.602,1.61,2026-07-08 07:33:59 UTC,2026-07-08 07:36:15 UTC,135.5,0.3208,0.0043,0.0,0.0004,0.04,9.35,MIN_PROFIT_TP_HIT,0.1568
1094,TRUMP_USDT,LONG,StochasticRSI(FAST_SCALP-LONG),2,0.2,1.601,1.603,1.603,1.595,2026-07-08 07:41:59 UTC,2026-07-08 07:42:28 UTC,28.85,0.3202,0.0043,0.0,0.0004,0.04,9.37,MIN_PROFIT_TP_HIT,0.1572
1095,TRUMP_USDT,SHORT,StochasticRSI(FAST_SCALP-SHORT),2,0.2,1.601,1.599,1.599,1.607,2026-07-08 07:46:59 UTC,2026-07-08 07:48:58 UTC,118.91,0.3202,0.0043,0.0,0.0004,0.04,9.37,MIN_PROFIT_TP_HIT,0.1576
1096,TRUMP_USDT,LONG,StochasticRSI(FAST_SCALP-LONG),2,0.2,1.599,1.601,1.601,1.593,2026-07-08 07:53:59 UTC,2026-07-08 08:03:19 UTC,559.45,0.3198,0.0043,0.0,0.0004,0.04,9.38,MIN_PROFIT_TP_HIT,0.158
1097,TRUMP_USDT,SHORT,StochasticRSI(FAST_SCALP-SHORT),2,0.2,1.598,1.604,1.596,1.604,2026-07-08 08:07:59 UTC,2026-07-08 08:09:00 UTC,60.53,0.3196,0.0043,0.0,-0.0012,-0.11,-28.16,STOP_LOSS_HIT,0.1568
1098,TRUMP_USDT,SHORT,StochasticRSI(FAST_SCALP-SHORT),2,0.2,1.604,1.602,1.602,1.61,2026-07-08 08:13:59 UTC,2026-07-08 08:14:05 UTC,5.18,0.3208,0.0043,0.0,0.0004,0.04,9.35,MIN_PROFIT_TP_HIT,0.1572
1099,TRUMP_USDT,LONG,StochasticRSI(FAST_SCALP-LONG),2,0.2,1.58,1.574,1.582,1.574,2026-07-08 08:21:59 UTC,2026-07-08 08:22:23 UTC,23.05,0.316,0.0042,0.0,-0.0012,-0.11,-28.48,STOP_LOSS_HIT,0.156
1100,TRUMP_USDT,LONG,StochasticRSI(FAST_SCALP-LONG),2,0.2,1.577,1.579,1.579,1.571,2026-07-08 08:25:59 UTC,2026-07-08 08:26:06 UTC,6.63,0.3154,0.0042,0.0,0.0004,0.04,9.51,MIN_PROFIT_TP_HIT,0.1564
1101,TRUMP_USDT,SHORT,StochasticRSI(FAST_SCALP-SHORT),2,0.2,1.574,1.572,1.572,1.58,2026-07-08 08:29:59 UTC,2026-07-08 08:30:04 UTC,4.32,0.3148,0.0042,0.0,0.0004,0.04,9.53,MIN_PROFIT_TP_HIT,0.1568
1102,TRUMP_USDT,SHORT,StochasticRSI(FAST_SCALP-SHORT),2,0.2,1.575,1.573,1.573,1.581,2026-07-08 08:31:59 UTC,2026-07-08 08:32:09 UTC,9.76,0.315,0.0042,0.0,0.0004,0.04,9.52,MIN_PROFIT_TP_HIT,0.1572
1103,TRUMP_USDT,SHORT,StochasticRSI(FAST_SCALP-SHORT),2,0.2,1.573,1.571,1.571,1.579,2026-07-08 08:36:59 UTC,2026-07-08 08:38:25 UTC,85.17,0.3146,0.0042,0.0,0.0004,0.04,9.54,MIN_PROFIT_TP_HIT,0.1576
1104,TRUMP_USDT,LONG,StochasticRSI(FAST_SCALP-LONG),2,0.2,1.575,1.577,1.577,1.569,2026-07-08 08:44:59 UTC,2026-07-08 08:45:09 UTC,9.79,0.315,0.0042,0.0,0.0004,0.04,9.52,MIN_PROFIT_TP_HIT,0.158
1105,TRUMP_USDT,SHORT,StochasticRSI(FAST_SCALP-SHORT),2,0.2,1.584,1.582,1.582,1.59,2026-07-08 08:49:59 UTC,2026-07-08 08:50:04 UTC,4.55,0.3168,0.0042,0.0,0.0004,0.04,9.47,MIN_PROFIT_TP_HIT,0.1584
1106,TRUMP_USDT,LONG,StochasticRSI(FAST_SCALP-LONG),2,0.2,1.576,1.578,1.578,1.57,2026-07-08 08:57:59 UTC,2026-07-08 08:58:05 UTC,5.98,0.3152,0.0042,0.0,0.0004,0.04,9.52,MIN_PROFIT_TP_HIT,0.1588
1107,TRUMP_USDT,LONG,StochasticRSI(FAST_SCALP-LONG),2,0.2,1.577,1.571,1.579,1.571,2026-07-08 09:00:59 UTC,2026-07-08 09:11:52 UTC,652.8,0.3154,0.0042,0.0,-0.0012,-0.11,-28.54,STOP_LOSS_HIT,0.1576
1108,TRUMP_USDT,LONG,StochasticRSI(FAST_SCALP-LONG),2,0.2,1.572,1.574,1.574,1.566,2026-07-08 09:14:59 UTC,2026-07-08 09:16:38 UTC,98.42,0.3144,0.0042,0.0,0.0004,0.04,9.54,MIN_PROFIT_TP_HIT,0.158
1109,TRUMP_USDT,LONG,StochasticRSI(FAST_SCALP-LONG),2,0.2,1.571,1.573,1.573,1.565,2026-07-08 09:20:59 UTC,2026-07-08 09:21:04 UTC,4.74,0.3142,0.0042,0.0,0.0004,0.04,9.55,MIN_PROFIT_TP_HIT,0.1584
1110,TRUMP_USDT,SHORT,StochasticRSI(FAST_SCALP-SHORT),2,0.2,1.575,1.573,1.573,1.581,2026-07-08 09:38:59 UTC,2026-07-08 09:55:30 UTC,990.13,0.315,0.0042,0.0,0.0004,0.04,9.52,MIN_PROFIT_TP_HIT,0.1588
1111,TRUMP_USDT,LONG,StochasticRSI(FAST_SCALP-LONG),2,0.2,1.575,1.577,1.577,1.569,2026-07-08 10:00:59 UTC,2026-07-08 10:17:18 UTC,978.29,0.315,0.0042,0.0,0.0004,0.04,9.52,MIN_PROFIT_TP_HIT,0.1592
1112,TRUMP_USDT,SHORT,StochasticRSI(FAST_SCALP-SHORT),2,0.2,1.575,1.573,1.573,1.581,2026-07-08 10:22:59 UTC,2026-07-08 10:23:24 UTC,24.25,0.315,0.0042,0.0,0.0004,0.04,9.52,MIN_PROFIT_TP_HIT,0.1596
1113,TRUMP_USDT,LONG,StochasticRSI(FAST_SCALP-LONG),2,0.2,1.578,1.58,1.58,1.572,2026-07-08 10:26:59 UTC,2026-07-08 10:28:46 UTC,106.61,0.3156,0.0042,0.0,0.0004,0.04,9.51,MIN_PROFIT_TP_HIT,0.16
1114,TRUMP_USDT,LONG,StochasticRSI(FAST_SCALP-LONG),2,0.2,1.58,1.582,1.582,1.574,2026-07-08 10:42:59 UTC,2026-07-08 10:44:09 UTC,69.64,0.316,0.0042,0.0,0.0004,0.04,9.49,MIN_PROFIT_TP_HIT,0.1604
1115,TRUMP_USDT,SHORT,StochasticRSI(FAST_SCALP-SHORT),2,0.2,1.578,1.576,1.576,1.584,2026-07-08 10:48:59 UTC,2026-07-08 10:49:23 UTC,23.93,0.3156,0.0042,0.0,0.0004,0.04,9.51,MIN_PROFIT_TP_HIT,0.1608
1116,TRUMP_USDT,LONG,StochasticRSI(FAST_SCALP-LONG),2,0.2,1.578,1.572,1.58,1.572,2026-07-08 10:53:59 UTC,2026-07-08 11:00:43 UTC,403.62,0.3156,0.0042,0.0,-0.0012,-0.11,-28.52,STOP_LOSS_HIT,0.1596
1117,TRUMP_USDT,LONG,StochasticRSI(FAST_SCALP-LONG),2,0.2,1.574,1.576,1.576,1.568,2026-07-08 11:02:59 UTC,2026-07-08 11:04:22 UTC,82.96,0.3148,0.0042,0.0,0.0004,0.04,9.53,MIN_PROFIT_TP_HIT,0.16
1118,TRUMP_USDT,SHORT,StochasticRSI(FAST_SCALP-SHORT),2,0.2,1.579,1.577,1.577,1.585,2026-07-08 11:09:59 UTC,2026-07-08 11:10:06 UTC,6.75,0.3158,0.0042,0.0,0.0004,0.04,9.5,MIN_PROFIT_TP_HIT,0.1604
1119,TRUMP_USDT,LONG,StochasticRSI(FAST_SCALP-LONG),2,0.2,1.578,1.58,1.58,1.572,2026-07-08 11:17:59 UTC,2026-07-08 11:18:49 UTC,49.04,0.3156,0.0042,0.0,0.0004,0.04,9.51,MIN_PROFIT_TP_HIT,0.1608
1120,TRUMP_USDT,SHORT,StochasticRSI(FAST_SCALP-SHORT),2,0.2,1.584,1.582,1.582,1.59,2026-07-08 11:29:59 UTC,2026-07-08 11:30:08 UTC,8.06,0.3168,0.0042,0.0,0.0004,0.04,9.47,MIN_PROFIT_TP_HIT,0.1612
1121,TRUMP_USDT,LONG,StochasticRSI(FAST_SCALP-LONG),2,0.2,1.586,1.588,1.588,1.58,2026-07-08 11:42:59 UTC,2026-07-08 11:43:34 UTC,34.34,0.3172,0.0042,0.0,0.0004,0.04,9.46,MIN_PROFIT_TP_HIT,0.1616
1122,TRUMP_USDT,LONG,StochasticRSI(FAST_SCALP-LONG),2,0.2,1.594,1.596,1.596,1.588,2026-07-08 12:02:59 UTC,2026-07-08 12:03:05 UTC,5.31,0.3188,0.0043,0.0,0.0004,0.04,9.41,MIN_PROFIT_TP_HIT,0.162
1123,TRUMP_USDT,SHORT,StochasticRSI(FAST_SCALP-SHORT),2,0.2,1.6,1.598,1.598,1.606,2026-07-08 12:08:59 UTC,2026-07-08 12:10:30 UTC,90.85,0.32,0.0043,0.0,0.0004,0.04,9.38,MIN_PROFIT_TP_HIT,0.1624
1124,TRUMP_USDT,LONG,StochasticRSI(FAST_SCALP-LONG),2,0.2,1.601,1.603,1.603,1.595,2026-07-08 12:21:59 UTC,2026-07-08 12:26:17 UTC,257.25,0.3202,0.0043,0.0,0.0004,0.04,9.37,MIN_PROFIT_TP_HIT,0.1628
1125,TRUMP_USDT,SHORT,StochasticRSI(FAST_SCALP-SHORT),2,0.2,1.603,1.601,1.601,1.609,2026-07-08 12:29:59 UTC,2026-07-08 12:30:17 UTC,17.7,0.3206,0.0043,0.0,0.0004,0.04,9.36,MIN_PROFIT_TP_HIT,0.1632
1126,TRUMP_USDT,LONG,StochasticRSI(FAST_SCALP-LONG),2,0.2,1.601,1.603,1.603,1.595,2026-07-08 12:37:59 UTC,2026-07-08 12:56:21 UTC,1101.61,0.3202,0.0043,0.0,0.0004,0.04,9.37,MIN_PROFIT_TP_HIT,0.1636
1127,TRUMP_USDT,SHORT,StochasticRSI(FAST_SCALP-SHORT),2,0.2,1.596,1.594,1.594,1.602,2026-07-08 13:00:59 UTC,2026-07-08 13:01:02 UTC,2.04,0.3192,0.0043,0.0,0.0004,0.04,9.4,MIN_PROFIT_TP_HIT,0.164
1128,TRUMP_USDT,LONG,StochasticRSI(FAST_SCALP-LONG),2,0.2,1.597,1.591,1.599,1.591,2026-07-08 13:04:59 UTC,2026-07-08 13:06:14 UTC,74.86,0.3194,0.0043,0.0,-0.0012,-0.11,-28.18,STOP_LOSS_HIT,0.1628
1129,TRUMP_USDT,LONG,StochasticRSI(FAST_SCALP-LONG),2,0.2,1.596,1.598,1.598,1.59,2026-07-08 13:09:59 UTC,2026-07-08 13:12:21 UTC,141.23,0.3192,0.0043,0.0,0.0004,0.04,9.4,MIN_PROFIT_TP_HIT,0.1632
1130,TRUMP_USDT,SHORT,StochasticRSI(FAST_SCALP-SHORT),2,0.2,1.598,1.604,1.596,1.604,2026-07-08 13:15:59 UTC,2026-07-08 13:18:10 UTC,130.12,0.3196,0.0043,0.0,-0.0012,-0.11,-28.16,STOP_LOSS_HIT,0.162
1131,TRUMP_USDT,LONG,StochasticRSI(FAST_SCALP-LONG),2,0.2,1.598,1.6,1.6,1.592,2026-07-08 13:25:59 UTC,2026-07-08 13:26:05 UTC,5.07,0.3196,0.0043,0.0,0.0004,0.04,9.39,MIN_PROFIT_TP_HIT,0.1624
1132,TRUMP_USDT,LONG,StochasticRSI(FAST_SCALP-LONG),2,0.2,1.598,1.6,1.6,1.592,2026-07-08 13:29:59 UTC,2026-07-08 13:30:01 UTC,1.12,0.3196,0.0043,0.0,0.0004,0.04,9.39,MIN_PROFIT_TP_HIT,0.1628
1133,TRUMP_USDT,SHORT,StochasticRSI(FAST_SCALP-SHORT),2,0.2,1.613,1.611,1.611,1.619,2026-07-08 13:39:59 UTC,2026-07-08 13:40:35 UTC,35.67,0.3226,0.0043,0.0,0.0004,0.04,9.3,MIN_PROFIT_TP_HIT,0.1632
1134,TRUMP_USDT,LONG,StochasticRSI(FAST_SCALP-LONG),2,0.2,1.615,1.617,1.617,1.609,2026-07-08 13:45:59 UTC,2026-07-08 13:48:04 UTC,124.16,0.323,0.0043,0.0,0.0004,0.04,9.29,MIN_PROFIT_TP_HIT,0.1636
1135,TRUMP_USDT,LONG,StochasticRSI(FAST_SCALP-LONG),2,0.2,1.611,1.613,1.613,1.605,2026-07-08 13:55:59 UTC,2026-07-08 13:57:04 UTC,64.35,0.3222,0.0043,0.0,0.0004,0.04,9.31,MIN_PROFIT_TP_HIT,0.164
1136,TRUMP_USDT,LONG,StochasticRSI(FAST_SCALP-LONG),2,0.2,1.615,1.617,1.617,1.609,2026-07-08 13:58:59 UTC,2026-07-08 13:59:08 UTC,8.99,0.323,0.0043,0.0,0.0004,0.04,9.29,MIN_PROFIT_TP_HIT,0.1644
1137,TRUMP_USDT,SHORT,StochasticRSI(FAST_SCALP-SHORT),2,0.2,1.617,1.615,1.615,1.623,2026-07-08 14:03:59 UTC,2026-07-08 14:04:25 UTC,25.1,0.3234,0.0043,0.0,0.0004,0.04,9.28,MIN_PROFIT_TP_HIT,0.1648
1138,TRUMP_USDT,LONG,StochasticRSI(FAST_SCALP-LONG),2,0.2,1.615,1.617,1.617,1.609,2026-07-08 14:10:59 UTC,2026-07-08 14:11:41 UTC,41.87,0.323,0.0043,0.0,0.0004,0.04,9.29,MIN_PROFIT_TP_HIT,0.1652
1139,TRUMP_USDT,SHORT,StochasticRSI(FAST_SCALP-SHORT),2,0.2,1.613,1.611,1.611,1.619,2026-07-08 14:16:59 UTC,2026-07-08 14:17:18 UTC,18.22,0.3226,0.0043,0.0,0.0004,0.04,9.3,MIN_PROFIT_TP_HIT,0.1656
1140,TRUMP_USDT,LONG,StochasticRSI(FAST_SCALP-LONG),2,0.2,1.618,1.62,1.62,1.612,2026-07-08 14:19:59 UTC,2026-07-08 14:20:50 UTC,50.83,0.3236,0.0043,0.0,0.0004,0.04,9.27,MIN_PROFIT_TP_HIT,0.166
1141,TRUMP_USDT,SHORT,StochasticRSI(FAST_SCALP-SHORT),2,0.2,1.618,1.616,1.616,1.624,2026-07-08 14:24:59 UTC,2026-07-08 14:27:02 UTC,122.63,0.3236,0.0043,0.0,0.0004,0.04,9.27,MIN_PROFIT_TP_HIT,0.1664
1142,TRUMP_USDT,LONG,StochasticRSI(FAST_SCALP-LONG),2,0.2,1.616,1.618,1.618,1.61,2026-07-08 14:32:59 UTC,2026-07-08 14:33:56 UTC,56.87,0.3232,0.0043,0.0,0.0004,0.04,9.28,MIN_PROFIT_TP_HIT,0.1668
1143,TRUMP_USDT,LONG,StochasticRSI(FAST_SCALP-LONG),2,0.2,1.609,1.611,1.611,1.603,2026-07-08 14:46:59 UTC,2026-07-08 14:47:18 UTC,18.16,0.3218,0.0043,0.0,0.0004,0.04,9.32,MIN_PROFIT_TP_HIT,0.1672
1144,TRUMP_USDT,SHORT,StochasticRSI(FAST_SCALP-SHORT),2,0.2,1.627,1.625,1.625,1.633,2026-07-08 14:56:59 UTC,2026-07-08 14:57:00 UTC,0.41,0.3254,0.0043,0.0,0.0004,0.04,9.22,MIN_PROFIT_TP_HIT,0.1676
1145,TRUMP_USDT,SHORT,StochasticRSI(FAST_SCALP-SHORT),2,0.2,1.623,1.621,1.621,1.629,2026-07-08 15:01:59 UTC,2026-07-08 15:04:18 UTC,138.91,0.3246,0.0043,0.0,0.0004,0.04,9.24,MIN_PROFIT_TP_HIT,0.168
1146,TRUMP_USDT,LONG,StochasticRSI(FAST_SCALP-LONG),2,0.2,1.621,1.615,1.623,1.615,2026-07-08 15:05:59 UTC,2026-07-08 15:10:08 UTC,248.24,0.3242,0.0043,0.0,-0.0012,-0.11,-27.76,STOP_LOSS_HIT,0.1668
1147,TRUMP_USDT,LONG,StochasticRSI(FAST_SCALP-LONG),2,0.2,1.61,1.612,1.612,1.604,2026-07-08 15:13:59 UTC,2026-07-08 15:15:00 UTC,60.86,0.322,0.0043,0.0,0.0004,0.04,9.32,MIN_PROFIT_TP_HIT,0.1672
1148,TRUMP_USDT,LONG,StochasticRSI(FAST_SCALP-LONG),2,0.2,1.611,1.613,1.613,1.605,2026-07-08 15:16:59 UTC,2026-07-08 15:18:22 UTC,82.47,0.3222,0.0043,0.0,0.0004,0.04,9.31,MIN_PROFIT_TP_HIT,0.1676
1149,TRUMP_USDT,SHORT,StochasticRSI(FAST_SCALP-SHORT),2,0.2,1.615,1.613,1.613,1.621,2026-07-08 15:23:59 UTC,2026-07-08 15:24:10 UTC,10.95,0.323,0.0043,0.0,0.0004,0.04,9.29,MIN_PROFIT_TP_HIT,0.168
1150,TRUMP_USDT,LONG,StochasticRSI(FAST_SCALP-LONG),2,0.2,1.616,1.618,1.618,1.61,2026-07-08 15:28:59 UTC,2026-07-08 15:36:58 UTC,478.23,0.3232,0.0043,0.0,0.0004,0.04,9.28,MIN_PROFIT_TP_HIT,0.1684
1151,TRUMP_USDT,SHORT,StochasticRSI(FAST_SCALP-SHORT),2,0.2,1.616,1.614,1.614,1.622,2026-07-08 15:39:59 UTC,2026-07-08 15:42:25 UTC,145.12,0.3232,0.0043,0.0,0.0004,0.04,9.28,MIN_PROFIT_TP_HIT,0.1688
1152,TRUMP_USDT,LONG,StochasticRSI(FAST_SCALP-LONG),2,0.2,1.601,1.603,1.603,1.595,2026-07-08 15:47:59 UTC,2026-07-08 15:48:05 UTC,5.9,0.3202,0.0043,0.0,0.0004,0.04,9.37,MIN_PROFIT_TP_HIT,0.1692
1153,TRUMP_USDT,SHORT,StochasticRSI(FAST_SCALP-SHORT),2,0.2,1.606,1.612,1.604,1.612,2026-07-08 15:57:59 UTC,2026-07-08 16:01:06 UTC,186.88,0.3212,0.0043,0.0,-0.0012,-0.11,-28.02,STOP_LOSS_HIT,0.168
1154,TRUMP_USDT,SHORT,StochasticRSI(FAST_SCALP-SHORT),2,0.2,1.611,1.609,1.609,1.617,2026-07-08 16:04:59 UTC,2026-07-08 16:15:13 UTC,613.45,0.3222,0.0043,0.0,0.0004,0.04,9.31,MIN_PROFIT_TP_HIT,0.1684
1155,TRUMP_USDT,LONG,StochasticRSI(FAST_SCALP-LONG),2,0.2,1.609,1.611,1.611,1.603,2026-07-08 16:18:59 UTC,2026-07-08 16:20:15 UTC,75.3,0.3218,0.0043,0.0,0.0004,0.04,9.32,MIN_PROFIT_TP_HIT,0.1688
1156,TRUMP_USDT,SHORT,StochasticRSI(FAST_SCALP-SHORT),2,0.2,1.616,1.614,1.614,1.622,2026-07-08 16:25:59 UTC,2026-07-08 16:29:23 UTC,203.79,0.3232,0.0043,0.0,0.0004,0.04,9.28,MIN_PROFIT_TP_HIT,0.1692
1157,TRUMP_USDT,LONG,StochasticRSI(FAST_SCALP-LONG),2,0.2,1.614,1.616,1.616,1.608,2026-07-08 16:39:59 UTC,2026-07-08 16:40:16 UTC,16.59,0.3228,0.0043,0.0,0.0004,0.04,9.29,MIN_PROFIT_TP_HIT,0.1696
1158,TRUMP_USDT,SHORT,StochasticRSI(FAST_SCALP-SHORT),2,0.2,1.616,1.614,1.614,1.622,2026-07-08 16:44:59 UTC,2026-07-08 16:45:25 UTC,25.92,0.3232,0.0043,0.0,0.0004,0.04,9.28,MIN_PROFIT_TP_HIT,0.17
1159,TRUMP_USDT,LONG,StochasticRSI(FAST_SCALP-LONG),2,0.2,1.612,1.614,1.614,1.606,2026-07-08 16:52:59 UTC,2026-07-08 16:53:04 UTC,4.39,0.3224,0.0043,0.0,0.0004,0.04,9.31,MIN_PROFIT_TP_HIT,0.1704
1160,TRUMP_USDT,SHORT,StochasticRSI(FAST_SCALP-SHORT),2,0.2,1.617,1.615,1.615,1.623,2026-07-08 16:58:59 UTC,2026-07-08 17:02:01 UTC,181.77,0.3234,0.0043,0.0,0.0004,0.04,9.28,MIN_PROFIT_TP_HIT,0.1708
1161,TRUMP_USDT,LONG,StochasticRSI(FAST_SCALP-LONG),2,0.2,1.615,1.609,1.617,1.609,2026-07-08 17:07:59 UTC,2026-07-08 17:19:02 UTC,662.95,0.323,0.0043,0.0,-0.0012,-0.11,-27.86,STOP_LOSS_HIT,0.1696
1162,TRUMP_USDT,SHORT,StochasticRSI(FAST_SCALP-SHORT),2,0.2,1.613,1.619,1.611,1.619,2026-07-08 17:23:59 UTC,2026-07-08 17:29:06 UTC,306.95,0.3226,0.0043,0.0,-0.0012,-0.11,-27.9,STOP_LOSS_HIT,0.1684
1163,TRUMP_USDT,SHORT,StochasticRSI(FAST_SCALP-SHORT),2,0.2,1.617,1.615,1.615,1.623,2026-07-08 17:32:59 UTC,2026-07-08 17:35:06 UTC,126.53,0.3234,0.0043,0.0,0.0004,0.04,9.28,MIN_PROFIT_TP_HIT,0.1688
1164,TRUMP_USDT,LONG,StochasticRSI(FAST_SCALP-LONG),2,0.2,1.618,1.612,1.62,1.612,2026-07-08 17:38:59 UTC,2026-07-08 17:45:03 UTC,363.1,0.3236,0.0043,0.0,-0.0012,-0.11,-27.81,STOP_LOSS_HIT,0.1676
1165,TRUMP_USDT,LONG,StochasticRSI(FAST_SCALP-LONG),2,0.2,1.609,1.611,1.611,1.603,2026-07-08 17:48:59 UTC,2026-07-08 17:50:36 UTC,96.92,0.3218,0.0043,0.0,0.0004,0.04,9.32,MIN_PROFIT_TP_HIT,0.168
1166,TRUMP_USDT,SHORT,StochasticRSI(FAST_SCALP-SHORT),2,0.2,1.607,1.613,1.605,1.613,2026-07-08 17:54:59 UTC,2026-07-08 18:02:09 UTC,429.2,0.3214,0.0043,0.0,-0.0012,-0.11,-28.0,STOP_LOSS_HIT,0.1668
1167,TRUMP_USDT,SHORT,StochasticRSI(FAST_SCALP-SHORT),2,0.2,1.61,1.608,1.608,1.616,2026-07-08 18:03:59 UTC,2026-07-08 18:04:21 UTC,21.44,0.322,0.0043,0.0,0.0004,0.04,9.32,MIN_PROFIT_TP_HIT,0.1672
1168,TRUMP_USDT,LONG,StochasticRSI(FAST_SCALP-LONG),2,0.2,1.606,1.6,1.608,1.6,2026-07-08 18:14:59 UTC,2026-07-08 18:31:45 UTC,1005.3,0.3212,0.0043,0.0,-0.0012,-0.11,-28.02,STOP_LOSS_HIT,0.166
1169,TRUMP_USDT,LONG,StochasticRSI(FAST_SCALP-LONG),2,0.2,1.601,1.603,1.603,1.595,2026-07-08 18:33:59 UTC,2026-07-08 18:48:01 UTC,841.42,0.3202,0.0043,0.0,0.0004,0.04,9.37,MIN_PROFIT_TP_HIT,0.1664
1170,TRUMP_USDT,SHORT,StochasticRSI(FAST_SCALP-SHORT),2,0.2,1.604,1.602,1.602,1.61,2026-07-08 18:55:59 UTC,2026-07-08 19:05:37 UTC,577.48,0.3208,0.0043,0.0,0.0004,0.04,9.35,MIN_PROFIT_TP_HIT,0.1668
1171,TRUMP_USDT,LONG,StochasticRSI(FAST_SCALP-LONG),2,0.2,1.601,1.603,1.603,1.595,2026-07-08 19:08:59 UTC,2026-07-08 19:09:56 UTC,56.86,0.3202,0.0043,0.0,0.0004,0.04,9.37,MIN_PROFIT_TP_HIT,0.1672
1172,TRUMP_USDT,SHORT,StochasticRSI(FAST_SCALP-SHORT),2,0.2,1.602,1.6,1.6,1.608,2026-07-08 19:16:59 UTC,2026-07-08 19:50:07 UTC,1987.38,0.3204,0.0043,0.0,0.0004,0.04,9.36,MIN_PROFIT_TP_HIT,0.1676
1173,TRUMP_USDT,LONG,StochasticRSI(FAST_SCALP-LONG),2,0.2,1.602,1.604,1.604,1.596,2026-07-08 19:51:59 UTC,2026-07-08 19:55:00 UTC,180.22,0.3204,0.0043,0.0,0.0004,0.04,9.36,MIN_PROFIT_TP_HIT,0.168
1174,TRUMP_USDT,SHORT,StochasticRSI(FAST_SCALP-SHORT),2,0.2,1.602,1.6,1.6,1.608,2026-07-08 20:00:59 UTC,2026-07-08 20:10:55 UTC,595.25,0.3204,0.0043,0.0,0.0004,0.04,9.36,MIN_PROFIT_TP_HIT,0.1684
1175,TRUMP_USDT,LONG,StochasticRSI(FAST_SCALP-LONG),2,0.2,1.597,1.599,1.599,1.591,2026-07-08 20:16:59 UTC,2026-07-08 20:23:46 UTC,406.76,0.3194,0.0043,0.0,0.0004,0.04,9.39,MIN_PROFIT_TP_HIT,0.1688
1176,TRUMP_USDT,SHORT,StochasticRSI(FAST_SCALP-SHORT),2,0.2,1.598,1.596,1.596,1.604,2026-07-08 20:25:59 UTC,2026-07-08 20:33:56 UTC,476.6,0.3196,0.0043,0.0,0.0004,0.04,9.39,MIN_PROFIT_TP_HIT,0.1692
1177,TRUMP_USDT,LONG,StochasticRSI(FAST_SCALP-LONG),2,0.2,1.594,1.596,1.596,1.588,2026-07-08 20:36:59 UTC,2026-07-08 20:42:07 UTC,307.56,0.3188,0.0043,0.0,0.0004,0.04,9.41,MIN_PROFIT_TP_HIT,0.1696
1178,TRUMP_USDT,SHORT,StochasticRSI(FAST_SCALP-SHORT),2,0.2,1.594,1.592,1.592,1.6,2026-07-08 20:45:59 UTC,2026-07-08 20:49:44 UTC,224.23,0.3188,0.0043,0.0,0.0004,0.04,9.41,MIN_PROFIT_TP_HIT,0.17
1179,TRUMP_USDT,LONG,StochasticRSI(FAST_SCALP-LONG),2,0.2,1.59,1.592,1.592,1.584,2026-07-08 20:57:59 UTC,2026-07-08 20:59:08 UTC,68.73,0.318,0.0042,0.0,0.0004,0.04,9.43,MIN_PROFIT_TP_HIT,0.1704
1180,TRUMP_USDT,SHORT,StochasticRSI(FAST_SCALP-SHORT),2,0.2,1.589,1.595,1.587,1.595,2026-07-08 21:08:59 UTC,2026-07-08 21:22:54 UTC,834.32,0.3178,0.0042,0.0,-0.0012,-0.11,-28.32,STOP_LOSS_HIT,0.1692
1181,TRUMP_USDT,SHORT,StochasticRSI(FAST_SCALP-SHORT),2,0.2,1.598,1.604,1.596,1.604,2026-07-08 21:36:59 UTC,2026-07-08 21:55:35 UTC,1115.81,0.3196,0.0043,0.0,-0.0012,-0.11,-28.16,STOP_LOSS_HIT,0.168
1182,TRUMP_USDT,LONG,StochasticRSI(FAST_SCALP-LONG),2,0.2,1.606,1.6,1.608,1.6,2026-07-08 22:16:59 UTC,2026-07-08 22:32:52 UTC,952.59,0.3212,0.0043,0.0,-0.0012,-0.11,-28.02,STOP_LOSS_HIT,0.1668
1183,TRUMP_USDT,SHORT,StochasticRSI(FAST_SCALP-SHORT),2,0.2,1.603,1.601,1.601,1.609,2026-07-08 23:03:59 UTC,2026-07-08 23:04:04 UTC,4.49,0.3206,0.0043,0.0,0.0004,0.04,9.36,MIN_PROFIT_TP_HIT,0.1672
1184,TRUMP_USDT,SHORT,StochasticRSI(FAST_SCALP-SHORT),2,0.2,1.604,1.602,1.602,1.61,2026-07-08 23:08:59 UTC,2026-07-08 23:10:12 UTC,72.19,0.3208,0.0043,0.0,0.0004,0.04,9.35,MIN_PROFIT_TP_HIT,0.1676
1185,TRUMP_USDT,SHORT,StochasticRSI(FAST_SCALP-SHORT),2,0.2,1.603,1.601,1.601,1.609,2026-07-08 23:13:59 UTC,2026-07-08 23:14:08 UTC,8.52,0.3206,0.0043,0.0,0.0004,0.04,9.36,MIN_PROFIT_TP_HIT,0.168
1186,TRUMP_USDT,LONG,StochasticRSI(FAST_SCALP-LONG),2,0.2,1.599,1.601,1.601,1.593,2026-07-08 23:17:59 UTC,2026-07-08 23:23:17 UTC,317.16,0.3198,0.0043,0.0,0.0004,0.04,9.38,MIN_PROFIT_TP_HIT,0.1684
1187,TRUMP_USDT,LONG,StochasticRSI(FAST_SCALP-LONG),2,0.2,1.599,1.601,1.601,1.593,2026-07-08 23:24:59 UTC,2026-07-08 23:29:51 UTC,291.3,0.3198,0.0043,0.0,0.0004,0.04,9.38,MIN_PROFIT_TP_HIT,0.1688
1188,TRUMP_USDT,SHORT,StochasticRSI(FAST_SCALP-SHORT),2,0.2,1.598,1.604,1.596,1.604,2026-07-08 23:31:59 UTC,2026-07-08 23:56:40 UTC,1480.2,0.3196,0.0043,0.0,-0.0012,-0.11,-28.16,STOP_LOSS_HIT,0.1676
1189,TRUMP_USDT,SHORT,StochasticRSI(FAST_SCALP-SHORT),2,0.2,1.613,1.611,1.611,1.619,2026-07-09 00:02:59 UTC,2026-07-09 00:03:07 UTC,7.56,0.3226,0.0043,0.0,0.0004,0.04,9.3,MIN_PROFIT_TP_HIT,0.168
1190,TRUMP_USDT,LONG,StochasticRSI(FAST_SCALP-LONG),2,0.2,1.606,1.6,1.608,1.6,2026-07-09 00:09:59 UTC,2026-07-09 00:13:33 UTC,213.34,0.3212,0.0043,0.0,-0.0012,-0.11,-28.02,STOP_LOSS_HIT,0.1668
1191,TRUMP_USDT,LONG,StochasticRSI(FAST_SCALP-LONG),2,0.2,1.594,1.596,1.596,1.588,2026-07-09 00:16:59 UTC,2026-07-09 00:17:00 UTC,0.46,0.3188,0.0043,0.0,0.0004,0.04,9.41,MIN_PROFIT_TP_HIT,0.1672
1192,TRUMP_USDT,SHORT,StochasticRSI(FAST_SCALP-SHORT),2,0.2,1.594,1.592,1.592,1.6,2026-07-09 00:27:59 UTC,2026-07-09 00:44:23 UTC,983.87,0.3188,0.0043,0.0,0.0004,0.04,9.41,MIN_PROFIT_TP_HIT,0.1676
1193,TRUMP_USDT,LONG,StochasticRSI(FAST_SCALP-LONG),2,0.2,1.595,1.597,1.597,1.589,2026-07-09 00:46:59 UTC,2026-07-09 01:00:00 UTC,780.33,0.319,0.0043,0.0,0.0004,0.04,9.4,MIN_PROFIT_TP_HIT,0.168
1194,TRUMP_USDT,SHORT,StochasticRSI(FAST_SCALP-SHORT),2,0.2,1.595,1.601,1.593,1.601,2026-07-09 01:03:59 UTC,2026-07-09 01:09:21 UTC,321.67,0.319,0.0043,0.0,-0.0012,-0.11,-28.21,STOP_LOSS_HIT,0.1668
1195,TRUMP_USDT,SHORT,StochasticRSI(FAST_SCALP-SHORT),2,0.2,1.613,1.611,1.611,1.619,2026-07-09 01:21:59 UTC,2026-07-09 01:24:45 UTC,165.78,0.3226,0.0043,0.0,0.0004,0.04,9.3,MIN_PROFIT_TP_HIT,0.1672
1196,TRUMP_USDT,LONG,StochasticRSI(FAST_SCALP-LONG),2,0.2,1.613,1.615,1.615,1.607,2026-07-09 01:28:59 UTC,2026-07-09 01:29:32 UTC,32.96,0.3226,0.0043,0.0,0.0004,0.04,9.3,MIN_PROFIT_TP_HIT,0.1676
1197,TRUMP_USDT,LONG,StochasticRSI(FAST_SCALP-LONG),2,0.2,1.606,1.608,1.608,1.6,2026-07-09 01:43:59 UTC,2026-07-09 01:44:44 UTC,44.72,0.3212,0.0043,0.0,0.0004,0.04,9.34,MIN_PROFIT_TP_HIT,0.168
1198,TRUMP_USDT,SHORT,StochasticRSI(FAST_SCALP-SHORT),2,0.2,1.607,1.605,1.605,1.613,2026-07-09 01:51:59 UTC,2026-07-09 01:52:09 UTC,9.47,0.3214,0.0043,0.0,0.0004,0.04,9.33,MIN_PROFIT_TP_HIT,0.1684
1199,TRUMP_USDT,SHORT,StochasticRSI(FAST_SCALP-SHORT),2,0.2,1.605,1.603,1.603,1.611,2026-07-09 02:01:59 UTC,2026-07-09 02:02:10 UTC,10.12,0.321,0.0043,0.0,0.0004,0.04,9.35,MIN_PROFIT_TP_HIT,0.1688
1200,TRUMP_USDT,SHORT,StochasticRSI(FAST_SCALP-SHORT),2,0.2,1.61,1.616,1.608,1.616,2026-07-09 02:07:59 UTC,2026-07-09 02:12:05 UTC,245.81,0.322,0.0043,0.0,-0.0012,-0.11,-27.95,STOP_LOSS_HIT,0.1676
1201,TRUMP_USDT,SHORT,StochasticRSI(FAST_SCALP-SHORT),2,0.2,1.615,1.621,1.613,1.621,2026-07-09 02:16:59 UTC,2026-07-09 02:25:04 UTC,484.97,0.323,0.0043,0.0,-0.0012,-0.11,-27.86,STOP_LOSS_HIT,0.1664
1202,TRUMP_USDT,SHORT,StochasticRSI(FAST_SCALP-SHORT),2,0.2,1.621,1.619,1.619,1.627,2026-07-09 02:28:59 UTC,2026-07-09 02:32:15 UTC,195.96,0.3242,0.0043,0.0,0.0004,0.04,9.25,MIN_PROFIT_TP_HIT,0.1668
1203,TRUMP_USDT,LONG,StochasticRSI(FAST_SCALP-LONG),2,0.2,1.617,1.619,1.619,1.611,2026-07-09 02:38:59 UTC,2026-07-09 02:39:34 UTC,34.39,0.3234,0.0043,0.0,0.0004,0.04,9.28,MIN_PROFIT_TP_HIT,0.1672
1204,TRUMP_USDT,SHORT,StochasticRSI(FAST_SCALP-SHORT),2,0.2,1.619,1.625,1.617,1.625,2026-07-09 02:45:59 UTC,2026-07-09 03:00:08 UTC,848.55,0.3238,0.0043,0.0,-0.0012,-0.11,-27.79,STOP_LOSS_HIT,0.166
1205,TRUMP_USDT,SHORT,StochasticRSI(FAST_SCALP-SHORT),2,0.2,1.625,1.623,1.623,1.631,2026-07-09 03:01:59 UTC,2026-07-09 03:04:13 UTC,133.66,0.325,0.0043,0.0,0.0004,0.04,9.23,MIN_PROFIT_TP_HIT,0.1664
1206,TRUMP_USDT,SHORT,StochasticRSI(FAST_SCALP-SHORT),2,0.2,1.621,1.619,1.619,1.627,2026-07-09 03:05:59 UTC,2026-07-09 03:07:19 UTC,79.31,0.3242,0.0043,0.0,0.0004,0.04,9.25,MIN_PROFIT_TP_HIT,0.1668
1207,TRUMP_USDT,LONG,StochasticRSI(FAST_SCALP-LONG),2,0.2,1.62,1.614,1.622,1.614,2026-07-09 03:09:59 UTC,2026-07-09 03:16:15 UTC,375.87,0.324,0.0043,0.0,-0.0012,-0.11,-27.78,STOP_LOSS_HIT,0.1656
1208,TRUMP_USDT,LONG,StochasticRSI(FAST_SCALP-LONG),2,0.2,1.612,1.614,1.614,1.606,2026-07-09 03:23:59 UTC,2026-07-09 03:27:32 UTC,212.16,0.3224,0.0043,0.0,0.0004,0.04,9.31,MIN_PROFIT_TP_HIT,0.166
1209,TRUMP_USDT,SHORT,StochasticRSI(FAST_SCALP-SHORT),2,0.2,1.618,1.616,1.616,1.624,2026-07-09 03:35:59 UTC,2026-07-09 03:38:17 UTC,137.25,0.3236,0.0043,0.0,0.0004,0.04,9.27,MIN_PROFIT_TP_HIT,0.1664
1210,TRUMP_USDT,LONG,StochasticRSI(FAST_SCALP-LONG),2,0.2,1.613,1.607,1.615,1.607,2026-07-09 03:43:59 UTC,2026-07-09 03:48:58 UTC,298.19,0.3226,0.0043,0.0,-0.0012,-0.11,-27.9,STOP_LOSS_HIT,0.1652
1211,TRUMP_USDT,LONG,StochasticRSI(FAST_SCALP-LONG),2,0.2,1.609,1.611,1.611,1.603,2026-07-09 03:54:59 UTC,2026-07-09 03:55:15 UTC,15.15,0.3218,0.0043,0.0,0.0004,0.04,9.32,MIN_PROFIT_TP_HIT,0.1656
1212,TRUMP_USDT,SHORT,StochasticRSI(FAST_SCALP-SHORT),2,0.2,1.61,1.608,1.608,1.616,2026-07-09 03:59:59 UTC,2026-07-09 04:03:21 UTC,201.52,0.322,0.0043,0.0,0.0004,0.04,9.32,MIN_PROFIT_TP_HIT,0.166
1213,TRUMP_USDT,LONG,StochasticRSI(FAST_SCALP-LONG),2,0.2,1.608,1.61,1.61,1.602,2026-07-09 04:14:59 UTC,2026-07-09 04:15:26 UTC,26.74,0.3216,0.0043,0.0,0.0004,0.04,9.33,MIN_PROFIT_TP_HIT,0.1664
1214,TRUMP_USDT,SHORT,StochasticRSI(FAST_SCALP-SHORT),2,0.2,1.612,1.618,1.61,1.618,2026-07-09 04:20:59 UTC,2026-07-09 04:35:33 UTC,873.2,0.3224,0.0043,0.0,-0.0012,-0.11,-27.92,STOP_LOSS_HIT,0.1652
1215,TRUMP_USDT,SHORT,StochasticRSI(FAST_SCALP-SHORT),2,0.2,1.615,1.621,1.613,1.621,2026-07-09 04:39:59 UTC,2026-07-09 04:57:22 UTC,1042.34,0.323,0.0043,0.0,-0.0012,-0.11,-27.86,STOP_LOSS_HIT,0.164
1216,TRUMP_USDT,LONG,StochasticRSI(FAST_SCALP-LONG),2,0.2,1.619,1.621,1.621,1.613,2026-07-09 05:09:59 UTC,2026-07-09 05:11:04 UTC,64.91,0.3238,0.0043,0.0,0.0004,0.04,9.26,MIN_PROFIT_TP_HIT,0.1644
1217,TRUMP_USDT,SHORT,StochasticRSI(FAST_SCALP-SHORT),2,0.2,1.621,1.619,1.619,1.627,2026-07-09 05:14:59 UTC,2026-07-09 05:16:06 UTC,66.91,0.3242,0.0043,0.0,0.0004,0.04,9.25,MIN_PROFIT_TP_HIT,0.1648
1218,TRUMP_USDT,LONG,StochasticRSI(FAST_SCALP-LONG),2,0.2,1.616,1.618,1.618,1.61,2026-07-09 05:21:59 UTC,2026-07-09 05:22:56 UTC,56.48,0.3232,0.0043,0.0,0.0004,0.04,9.28,MIN_PROFIT_TP_HIT,0.1652
1219,TRUMP_USDT,LONG,StochasticRSI(FAST_SCALP-LONG),2,0.2,1.618,1.62,1.62,1.612,2026-07-09 05:23:59 UTC,2026-07-09 05:28:10 UTC,250.79,0.3236,0.0043,0.0,0.0004,0.04,9.27,MIN_PROFIT_TP_HIT,0.1656
1220,TRUMP_USDT,SHORT,StochasticRSI(FAST_SCALP-SHORT),2,0.2,1.621,1.619,1.619,1.627,2026-07-09 05:31:59 UTC,2026-07-09 05:32:33 UTC,33.48,0.3242,0.0043,0.0,0.0004,0.04,9.25,MIN_PROFIT_TP_HIT,0.166
1221,TRUMP_USDT,SHORT,StochasticRSI(FAST_SCALP-SHORT),2,0.2,1.623,1.621,1.621,1.629,2026-07-09 05:37:59 UTC,2026-07-09 05:39:55 UTC,115.7,0.3246,0.0043,0.0,0.0004,0.04,9.24,MIN_PROFIT_TP_HIT,0.1664
1222,TRUMP_USDT,LONG,StochasticRSI(FAST_SCALP-LONG),2,0.2,1.622,1.624,1.624,1.616,2026-07-09 05:46:59 UTC,2026-07-09 05:47:06 UTC,6.99,0.3244,0.0043,0.0,0.0004,0.04,9.25,MIN_PROFIT_TP_HIT,0.1668
1223,TRUMP_USDT,SHORT,StochasticRSI(FAST_SCALP-SHORT),2,0.2,1.624,1.622,1.622,1.63,2026-07-09 05:51:59 UTC,2026-07-09 05:52:51 UTC,51.26,0.3248,0.0043,0.0,0.0004,0.04,9.24,MIN_PROFIT_TP_HIT,0.1672
1224,TRUMP_USDT,SHORT,StochasticRSI(FAST_SCALP-SHORT),2,0.2,1.625,1.623,1.623,1.631,2026-07-09 06:05:59 UTC,2026-07-09 06:06:11 UTC,11.57,0.325,0.0043,0.0,0.0004,0.04,9.23,MIN_PROFIT_TP_HIT,0.1676
1225,TRUMP_USDT,LONG,StochasticRSI(FAST_SCALP-LONG),2,0.2,1.622,1.616,1.624,1.616,2026-07-09 06:10:59 UTC,2026-07-09 06:19:14 UTC,494.01,0.3244,0.0043,0.0,-0.0012,-0.11,-27.74,STOP_LOSS_HIT,0.1664
1226,TRUMP_USDT,SHORT,StochasticRSI(FAST_SCALP-SHORT),2,0.2,1.625,1.623,1.623,1.631,2026-07-09 06:27:59 UTC,2026-07-09 06:28:15 UTC,15.48,0.325,0.0043,0.0,0.0004,0.04,9.23,MIN_PROFIT_TP_HIT,0.1668
1227,TRUMP_USDT,SHORT,StochasticRSI(FAST_SCALP-SHORT),2,0.2,1.626,1.624,1.624,1.632,2026-07-09 06:31:59 UTC,2026-07-09 06:37:07 UTC,307.53,0.3252,0.0043,0.0,0.0004,0.04,9.23,MIN_PROFIT_TP_HIT,0.1672
1228,TRUMP_USDT,LONG,StochasticRSI(FAST_SCALP-LONG),2,0.2,1.625,1.627,1.627,1.619,2026-07-09 06:43:59 UTC,2026-07-09 06:44:53 UTC,53.68,0.325,0.0043,0.0,0.0004,0.04,9.23,MIN_PROFIT_TP_HIT,0.1676
1229,TRUMP_USDT,LONG,StochasticRSI(FAST_SCALP-LONG),2,0.2,1.623,1.625,1.625,1.617,2026-07-09 06:54:59 UTC,2026-07-09 06:59:55 UTC,295.42,0.3246,0.0043,0.0,0.0004,0.04,9.24,MIN_PROFIT_TP_HIT,0.168
1230,TRUMP_USDT,SHORT,StochasticRSI(FAST_SCALP-SHORT),2,0.2,1.624,1.622,1.622,1.63,2026-07-09 07:00:59 UTC,2026-07-09 07:03:45 UTC,165.23,0.3248,0.0043,0.0,0.0004,0.04,9.24,MIN_PROFIT_TP_HIT,0.1684
1231,TRUMP_USDT,SHORT,StochasticRSI(FAST_SCALP-SHORT),2,0.2,1.621,1.619,1.619,1.627,2026-07-09 07:04:59 UTC,2026-07-09 07:07:02 UTC,122.22,0.3242,0.0043,0.0,0.0004,0.04,9.25,MIN_PROFIT_TP_HIT,0.1688
1232,TRUMP_USDT,LONG,StochasticRSI(FAST_SCALP-LONG),2,0.2,1.62,1.622,1.622,1.614,2026-07-09 07:08:59 UTC,2026-07-09 07:13:09 UTC,249.76,0.324,0.0043,0.0,0.0004,0.04,9.26,MIN_PROFIT_TP_HIT,0.1692
1233,TRUMP_USDT,SHORT,StochasticRSI(FAST_SCALP-SHORT),2,0.2,1.624,1.622,1.622,1.63,2026-07-09 07:18:59 UTC,2026-07-09 07:21:45 UTC,165.24,0.3248,0.0043,0.0,0.0004,0.04,9.24,MIN_PROFIT_TP_HIT,0.1696
1234,TRUMP_USDT,SHORT,StochasticRSI(FAST_SCALP-SHORT),2,0.2,1.622,1.62,1.62,1.628,2026-07-09 07:22:59 UTC,2026-07-09 07:23:51 UTC,51.65,0.3244,0.0043,0.0,0.0004,0.04,9.25,MIN_PROFIT_TP_HIT,0.17
1235,TRUMP_USDT,LONG,StochasticRSI(FAST_SCALP-LONG),2,0.2,1.615,1.617,1.617,1.609,2026-07-09 07:28:59 UTC,2026-07-09 07:41:08 UTC,728.9,0.323,0.0043,0.0,0.0004,0.04,9.29,MIN_PROFIT_TP_HIT,0.1704
1236,TRUMP_USDT,SHORT,StochasticRSI(FAST_SCALP-SHORT),2,0.2,1.622,1.62,1.62,1.628,2026-07-09 07:50:59 UTC,2026-07-09 07:58:26 UTC,446.94,0.3244,0.0043,0.0,0.0004,0.04,9.25,MIN_PROFIT_TP_HIT,0.1708
1237,TRUMP_USDT,LONG,StochasticRSI(FAST_SCALP-LONG),2,0.2,1.616,1.618,1.618,1.61,2026-07-09 08:01:59 UTC,2026-07-09 08:02:05 UTC,5.3,0.3232,0.0043,0.0,0.0004,0.04,9.28,MIN_PROFIT_TP_HIT,0.1712
1238,TRUMP_USDT,LONG,StochasticRSI(FAST_SCALP-LONG),2,0.2,1.613,1.615,1.615,1.607,2026-07-09 08:08:59 UTC,2026-07-09 08:21:27 UTC,747.19,0.3226,0.0043,0.0,0.0004,0.04,9.3,MIN_PROFIT_TP_HIT,0.1716
1239,TRUMP_USDT,SHORT,StochasticRSI(FAST_SCALP-SHORT),2,0.2,1.617,1.615,1.615,1.623,2026-07-09 08:25:59 UTC,2026-07-09 08:28:18 UTC,139.0,0.3234,0.0043,0.0,0.0004,0.04,9.28,MIN_PROFIT_TP_HIT,0.172
1240,TRUMP_USDT,SHORT,StochasticRSI(FAST_SCALP-SHORT),2,0.2,1.617,1.615,1.615,1.623,2026-07-09 08:31:59 UTC,2026-07-09 08:32:18 UTC,18.38,0.3234,0.0043,0.0,0.0004,0.04,9.28,MIN_PROFIT_TP_HIT,0.1724
1241,TRUMP_USDT,LONG,StochasticRSI(FAST_SCALP-LONG),2,0.2,1.614,1.616,1.616,1.608,2026-07-09 08:37:59 UTC,2026-07-09 08:44:19 UTC,379.08,0.3228,0.0043,0.0,0.0004,0.04,9.29,MIN_PROFIT_TP_HIT,0.1728
1242,TRUMP_USDT,LONG,StochasticRSI(FAST_SCALP-LONG),2,0.2,1.612,1.606,1.614,1.606,2026-07-09 08:54:59 UTC,2026-07-09 09:06:28 UTC,688.62,0.3224,0.0043,0.0,-0.0012,-0.11,-27.92,STOP_LOSS_HIT,0.1716
1243,TRUMP_USDT,LONG,StochasticRSI(FAST_SCALP-LONG),2,0.2,1.606,1.608,1.608,1.6,2026-07-09 09:10:59 UTC,2026-07-09 09:33:19 UTC,1339.01,0.3212,0.0043,0.0,0.0004,0.04,9.34,MIN_PROFIT_TP_HIT,0.172
1244,TRUMP_USDT,SHORT,StochasticRSI(FAST_SCALP-SHORT),2,0.2,1.605,1.603,1.603,1.611,2026-07-09 09:36:59 UTC,2026-07-09 09:37:35 UTC,35.25,0.321,0.0043,0.0,0.0004,0.04,9.35,MIN_PROFIT_TP_HIT,0.1724
1245,TRUMP_USDT,LONG,StochasticRSI(FAST_SCALP-LONG),2,0.2,1.607,1.609,1.609,1.601,2026-07-09 09:40:59 UTC,2026-07-09 09:42:15 UTC,75.21,0.3214,0.0043,0.0,0.0004,0.04,9.33,MIN_PROFIT_TP_HIT,0.1728
1246,TRUMP_USDT,SHORT,StochasticRSI(FAST_SCALP-SHORT),2,0.2,1.609,1.615,1.607,1.615,2026-07-09 09:45:59 UTC,2026-07-09 09:57:40 UTC,700.46,0.3218,0.0043,0.0,-0.0012,-0.11,-27.97,STOP_LOSS_HIT,0.1716
1247,TRUMP_USDT,SHORT,StochasticRSI(FAST_SCALP-SHORT),2,0.2,1.615,1.613,1.613,1.621,2026-07-09 10:06:59 UTC,2026-07-09 10:21:46 UTC,886.32,0.323,0.0043,0.0,0.0004,0.04,9.29,MIN_PROFIT_TP_HIT,0.172
1248,TRUMP_USDT,LONG,StochasticRSI(FAST_SCALP-LONG),2,0.2,1.612,1.606,1.614,1.606,2026-07-09 10:36:59 UTC,2026-07-09 10:52:53 UTC,953.52,0.3224,0.0043,0.0,-0.0012,-0.11,-27.92,STOP_LOSS_HIT,0.1708
1249,TRUMP_USDT,SHORT,StochasticRSI(FAST_SCALP-SHORT),2,0.2,1.61,1.608,1.608,1.616,2026-07-09 10:53:59 UTC,2026-07-09 10:55:17 UTC,77.37,0.322,0.0043,0.0,0.0004,0.04,9.32,MIN_PROFIT_TP_HIT,0.1712
1250,TRUMP_USDT,SHORT,StochasticRSI(FAST_SCALP-SHORT),2,0.2,1.609,1.607,1.607,1.615,2026-07-09 11:05:59 UTC,2026-07-09 11:08:53 UTC,173.75,0.3218,0.0043,0.0,0.0004,0.04,9.32,MIN_PROFIT_TP_HIT,0.1716
1251,TRUMP_USDT,LONG,StochasticRSI(FAST_SCALP-LONG),2,0.2,1.61,1.612,1.612,1.604,2026-07-09 11:12:59 UTC,2026-07-09 11:47:52 UTC,2092.0,0.322,0.0043,0.0,0.0004,0.04,9.32,MIN_PROFIT_TP_HIT,0.172
1252,TRUMP_USDT,SHORT,StochasticRSI(FAST_SCALP-SHORT),2,0.2,1.616,1.614,1.614,1.622,2026-07-09 11:55:59 UTC,2026-07-09 12:00:11 UTC,251.03,0.3232,0.0043,0.0,0.0004,0.04,9.28,MIN_PROFIT_TP_HIT,0.1724
1253,TRUMP_USDT,LONG,StochasticRSI(FAST_SCALP-LONG),2,0.2,1.619,1.613,1.621,1.613,2026-07-09 12:02:59 UTC,2026-07-09 12:05:52 UTC,172.9,0.3238,0.0043,0.0,-0.0012,-0.11,-27.79,STOP_LOSS_HIT,0.1712
1254,TRUMP_USDT,LONG,StochasticRSI(FAST_SCALP-LONG),2,0.2,1.616,1.618,1.618,1.61,2026-07-09 12:08:59 UTC,2026-07-09 12:25:23 UTC,983.05,0.3232,0.0043,0.0,0.0004,0.04,9.28,MIN_PROFIT_TP_HIT,0.1716
1255,TRUMP_USDT,SHORT,StochasticRSI(FAST_SCALP-SHORT),2,0.2,1.616,1.614,1.614,1.622,2026-07-09 12:29:59 UTC,2026-07-09 12:41:04 UTC,664.97,0.3232,0.0043,0.0,0.0004,0.04,9.28,MIN_PROFIT_TP_HIT,0.172
1256,TRUMP_USDT,LONG,StochasticRSI(FAST_SCALP-LONG),2,0.2,1.612,1.614,1.614,1.606,2026-07-09 12:48:59 UTC,2026-07-09 12:50:09 UTC,69.43,0.3224,0.0043,0.0,0.0004,0.04,9.31,MIN_PROFIT_TP_HIT,0.1724
1257,TRUMP_USDT,SHORT,StochasticRSI(FAST_SCALP-SHORT),2,0.2,1.615,1.613,1.613,1.621,2026-07-09 12:55:59 UTC,2026-07-09 12:59:47 UTC,227.59,0.323,0.0043,0.0,0.0004,0.04,9.29,MIN_PROFIT_TP_HIT,0.1728
1258,TRUMP_USDT,LONG,StochasticRSI(FAST_SCALP-LONG),2,0.2,1.617,1.619,1.619,1.611,2026-07-09 13:02:59 UTC,2026-07-09 13:03:07 UTC,7.16,0.3234,0.0043,0.0,0.0004,0.04,9.28,MIN_PROFIT_TP_HIT,0.1732
1259,TRUMP_USDT,SHORT,StochasticRSI(FAST_SCALP-SHORT),2,0.2,1.617,1.615,1.615,1.623,2026-07-09 13:06:59 UTC,2026-07-09 13:08:11 UTC,71.16,0.3234,0.0043,0.0,0.0004,0.04,9.28,MIN_PROFIT_TP_HIT,0.1736
1260,TRUMP_USDT,LONG,StochasticRSI(FAST_SCALP-LONG),2,0.2,1.615,1.617,1.617,1.609,2026-07-09 13:15:59 UTC,2026-07-09 13:22:51 UTC,411.85,0.323,0.0043,0.0,0.0004,0.04,9.29,MIN_PROFIT_TP_HIT,0.174
1261,TRUMP_USDT,SHORT,StochasticRSI(FAST_SCALP-SHORT),2,0.2,1.618,1.616,1.616,1.624,2026-07-09 13:29:59 UTC,2026-07-09 13:30:13 UTC,13.39,0.3236,0.0043,0.0,0.0004,0.04,9.27,MIN_PROFIT_TP_HIT,0.1744
1262,TRUMP_USDT,LONG,StochasticRSI(FAST_SCALP-LONG),2,0.2,1.61,1.612,1.612,1.604,2026-07-09 13:35:59 UTC,2026-07-09 13:36:04 UTC,4.75,0.322,0.0043,0.0,0.0004,0.04,9.32,MIN_PROFIT_TP_HIT,0.1748
1263,TRUMP_USDT,LONG,StochasticRSI(FAST_SCALP-LONG),2,0.2,1.614,1.616,1.616,1.608,2026-07-09 13:37:59 UTC,2026-07-09 13:45:33 UTC,453.5,0.3228,0.0043,0.0,0.0004,0.04,9.29,MIN_PROFIT_TP_HIT,0.1752
1264,TRUMP_USDT,SHORT,StochasticRSI(FAST_SCALP-SHORT),2,0.2,1.614,1.612,1.612,1.62,2026-07-09 13:47:59 UTC,2026-07-09 13:48:35 UTC,35.15,0.3228,0.0043,0.0,0.0004,0.04,9.29,MIN_PROFIT_TP_HIT,0.1756
1265,TRUMP_USDT,LONG,StochasticRSI(FAST_SCALP-LONG),2,0.2,1.616,1.618,1.618,1.61,2026-07-09 13:52:59 UTC,2026-07-09 13:53:17 UTC,17.13,0.3232,0.0043,0.0,0.0004,0.04,9.28,MIN_PROFIT_TP_HIT,0.176
1266,TRUMP_USDT,SHORT,StochasticRSI(FAST_SCALP-SHORT),2,0.2,1.617,1.615,1.615,1.623,2026-07-09 13:58:59 UTC,2026-07-09 14:06:12 UTC,432.17,0.3234,0.0043,0.0,0.0004,0.04,9.28,MIN_PROFIT_TP_HIT,0.1764
1267,TRUMP_USDT,LONG,StochasticRSI(FAST_SCALP-LONG),2,0.2,1.609,1.611,1.611,1.603,2026-07-09 14:12:59 UTC,2026-07-09 14:13:16 UTC,16.11,0.3218,0.0043,0.0,0.0004,0.04,9.32,MIN_PROFIT_TP_HIT,0.1768
1268,TRUMP_USDT,LONG,StochasticRSI(FAST_SCALP-LONG),2,0.2,1.607,1.609,1.609,1.601,2026-07-09 14:22:59 UTC,2026-07-09 14:25:03 UTC,123.21,0.3214,0.0043,0.0,0.0004,0.04,9.33,MIN_PROFIT_TP_HIT,0.1772
1269,TRUMP_USDT,SHORT,StochasticRSI(FAST_SCALP-SHORT),2,0.2,1.606,1.604,1.604,1.612,2026-07-09 14:30:59 UTC,2026-07-09 14:31:46 UTC,46.19,0.3212,0.0043,0.0,0.0004,0.04,9.34,MIN_PROFIT_TP_HIT,0.1776
1270,TRUMP_USDT,LONG,StochasticRSI(FAST_SCALP-LONG),2,0.2,1.606,1.608,1.608,1.6,2026-07-09 14:34:59 UTC,2026-07-09 14:35:37 UTC,37.5,0.3212,0.0043,0.0,0.0004,0.04,9.34,MIN_PROFIT_TP_HIT,0.178
1271,TRUMP_USDT,SHORT,StochasticRSI(FAST_SCALP-SHORT),2,0.2,1.608,1.606,1.606,1.614,2026-07-09 14:50:59 UTC,2026-07-09 14:51:03 UTC,3.84,0.3216,0.0043,0.0,0.0004,0.04,9.33,MIN_PROFIT_TP_HIT,0.1784
1272,TRUMP_USDT,SHORT,StochasticRSI(FAST_SCALP-SHORT),2,0.2,1.603,1.609,1.601,1.609,2026-07-09 14:52:59 UTC,2026-07-09 15:00:12 UTC,432.65,0.3206,0.0043,0.0,-0.0012,-0.11,-28.07,STOP_LOSS_HIT,0.1772
1273,TRUMP_USDT,SHORT,StochasticRSI(FAST_SCALP-SHORT),2,0.2,1.602,1.6,1.6,1.608,2026-07-09 15:02:59 UTC,2026-07-09 15:03:21 UTC,21.53,0.3204,0.0043,0.0,0.0004,0.04,9.36,MIN_PROFIT_TP_HIT,0.1776
1274,TRUMP_USDT,LONG,StochasticRSI(FAST_SCALP-LONG),2,0.2,1.605,1.607,1.607,1.599,2026-07-09 15:06:59 UTC,2026-07-09 15:09:12 UTC,132.14,0.321,0.0043,0.0,0.0004,0.04,9.35,MIN_PROFIT_TP_HIT,0.178
1275,TRUMP_USDT,SHORT,StochasticRSI(FAST_SCALP-SHORT),2,0.2,1.605,1.603,1.603,1.611,2026-07-09 15:13:59 UTC,2026-07-09 15:35:44 UTC,1304.78,0.321,0.0043,0.0,0.0004,0.04,9.35,MIN_PROFIT_TP_HIT,0.1784
1276,TRUMP_USDT,SHORT,StochasticRSI(FAST_SCALP-SHORT),2,0.2,1.603,1.601,1.601,1.609,2026-07-09 15:36:59 UTC,2026-07-09 15:46:29 UTC,569.99,0.3206,0.0043,0.0,0.0004,0.04,9.36,MIN_PROFIT_TP_HIT,0.1788
1277,TRUMP_USDT,LONG,StochasticRSI(FAST_SCALP-LONG),2,0.2,1.6,1.602,1.602,1.594,2026-07-09 15:50:59 UTC,2026-07-09 16:00:31 UTC,571.79,0.32,0.0043,0.0,0.0004,0.04,9.38,MIN_PROFIT_TP_HIT,0.1792
1278,TRUMP_USDT,SHORT,StochasticRSI(FAST_SCALP-SHORT),2,0.2,1.597,1.595,1.595,1.603,2026-07-09 16:03:59 UTC,2026-07-09 16:04:34 UTC,34.71,0.3194,0.0043,0.0,0.0004,0.04,9.39,MIN_PROFIT_TP_HIT,0.1796
1279,TRUMP_USDT,SHORT,StochasticRSI(FAST_SCALP-SHORT),2,0.2,1.592,1.59,1.59,1.598,2026-07-09 16:18:59 UTC,2026-07-09 16:21:02 UTC,122.37,0.3184,0.0042,0.0,0.0004,0.04,9.42,MIN_PROFIT_TP_HIT,0.18
1280,TRUMP_USDT,SHORT,StochasticRSI(FAST_SCALP-SHORT),2,0.2,1.591,1.589,1.589,1.597,2026-07-09 16:23:59 UTC,2026-07-09 16:26:36 UTC,156.08,0.3182,0.0042,0.0,0.0004,0.04,9.43,MIN_PROFIT_TP_HIT,0.1804
1281,TRUMP_USDT,SHORT,StochasticRSI(FAST_SCALP-SHORT),2,0.2,1.593,1.599,1.591,1.599,2026-07-09 16:34:59 UTC,2026-07-09 16:46:12 UTC,672.77,0.3186,0.0042,0.0,-0.0012,-0.11,-28.25,STOP_LOSS_HIT,0.1792
1282,TRUMP_USDT,SHORT,StochasticRSI(FAST_SCALP-SHORT),2,0.2,1.6,1.606,1.598,1.606,2026-07-09 16:48:59 UTC,2026-07-09 16:53:40 UTC,280.3,0.32,0.0043,0.0,-0.0012,-0.11,-28.13,STOP_LOSS_HIT,0.178
1283,TRUMP_USDT,SHORT,StochasticRSI(FAST_SCALP-SHORT),2,0.2,1.604,1.602,1.602,1.61,2026-07-09 16:55:59 UTC,2026-07-09 16:59:43 UTC,223.21,0.3208,0.0043,0.0,0.0004,0.04,9.35,MIN_PROFIT_TP_HIT,0.1784
1284,TRUMP_USDT,LONG,StochasticRSI(FAST_SCALP-LONG),2,0.2,1.604,1.606,1.606,1.598,2026-07-09 17:01:59 UTC,2026-07-09 17:11:00 UTC,540.84,0.3208,0.0043,0.0,0.0004,0.04,9.35,MIN_PROFIT_TP_HIT,0.1788
1285,TRUMP_USDT,SHORT,StochasticRSI(FAST_SCALP-SHORT),2,0.2,1.609,1.615,1.607,1.615,2026-07-09 17:22:59 UTC,2026-07-09 17:39:42 UTC,1002.46,0.3218,0.0043,0.0,-0.0012,-0.11,-27.97,STOP_LOSS_HIT,0.1776
1286,TRUMP_USDT,SHORT,StochasticRSI(FAST_SCALP-SHORT),2,0.2,1.616,1.614,1.614,1.622,2026-07-09 17:43:59 UTC,2026-07-09 17:51:54 UTC,474.08,0.3232,0.0043,0.0,0.0004,0.04,9.28,MIN_PROFIT_TP_HIT,0.178
1287,TRUMP_USDT,LONG,StochasticRSI(FAST_SCALP-LONG),2,0.2,1.614,1.616,1.616,1.608,2026-07-09 17:54:59 UTC,2026-07-09 18:00:04 UTC,304.39,0.3228,0.0043,0.0,0.0004,0.04,9.29,MIN_PROFIT_TP_HIT,0.1784
1288,TRUMP_USDT,SHORT,StochasticRSI(FAST_SCALP-SHORT),2,0.2,1.616,1.622,1.614,1.622,2026-07-09 18:06:59 UTC,2026-07-09 18:08:14 UTC,74.35,0.3232,0.0043,0.0,-0.0012,-0.11,-27.85,STOP_LOSS_HIT,0.1772
1289,TRUMP_USDT,SHORT,StochasticRSI(FAST_SCALP-SHORT),2,0.2,1.619,1.617,1.617,1.625,2026-07-09 18:11:59 UTC,2026-07-09 18:15:12 UTC,192.71,0.3238,0.0043,0.0,0.0004,0.04,9.26,MIN_PROFIT_TP_HIT,0.1776
1290,TRUMP_USDT,LONG,StochasticRSI(FAST_SCALP-LONG),2,0.2,1.621,1.615,1.623,1.615,2026-07-09 18:19:59 UTC,2026-07-09 18:26:20 UTC,380.45,0.3242,0.0043,0.0,-0.0012,-0.11,-27.76,STOP_LOSS_HIT,0.1764
1291,TRUMP_USDT,LONG,StochasticRSI(FAST_SCALP-LONG),2,0.2,1.618,1.62,1.62,1.612,2026-07-09 18:29:59 UTC,2026-07-09 19:09:52 UTC,2392.7,0.3236,0.0043,0.0,0.0004,0.04,9.27,MIN_PROFIT_TP_HIT,0.1768
1292,TRUMP_USDT,SHORT,StochasticRSI(FAST_SCALP-SHORT),2,0.2,1.618,1.616,1.616,1.624,2026-07-09 19:14:59 UTC,2026-07-09 19:15:05 UTC,5.33,0.3236,0.0043,0.0,0.0004,0.04,9.27,MIN_PROFIT_TP_HIT,0.1772
1293,TRUMP_USDT,LONG,StochasticRSI(FAST_SCALP-LONG),2,0.2,1.614,1.616,1.616,1.608,2026-07-09 19:20:59 UTC,2026-07-09 19:21:24 UTC,24.28,0.3228,0.0043,0.0,0.0004,0.04,9.29,MIN_PROFIT_TP_HIT,0.1776
1294,TRUMP_USDT,SHORT,StochasticRSI(FAST_SCALP-SHORT),2,0.2,1.618,1.624,1.616,1.624,2026-07-09 19:32:59 UTC,2026-07-09 19:36:17 UTC,197.65,0.3236,0.0043,0.0,-0.0012,-0.11,-27.81,STOP_LOSS_HIT,0.1764
1295,TRUMP_USDT,SHORT,StochasticRSI(FAST_SCALP-SHORT),2,0.2,1.623,1.621,1.621,1.629,2026-07-09 19:39:59 UTC,2026-07-09 19:46:07 UTC,367.77,0.3246,0.0043,0.0,0.0004,0.04,9.24,MIN_PROFIT_TP_HIT,0.1768
1296,TRUMP_USDT,LONG,StochasticRSI(FAST_SCALP-LONG),2,0.2,1.619,1.613,1.621,1.613,2026-07-09 19:53:59 UTC,2026-07-09 20:03:31 UTC,571.11,0.3238,0.0043,0.0,-0.0012,-0.11,-27.79,STOP_LOSS_HIT,0.1756
1297,TRUMP_USDT,LONG,StochasticRSI(FAST_SCALP-LONG),2,0.2,1.612,1.614,1.614,1.606,2026-07-09 20:06:59 UTC,2026-07-09 20:07:23 UTC,23.1,0.3224,0.0043,0.0,0.0004,0.04,9.31,MIN_PROFIT_TP_HIT,0.176
1298,TRUMP_USDT,SHORT,StochasticRSI(FAST_SCALP-SHORT),2,0.2,1.613,1.619,1.611,1.619,2026-07-09 20:12:59 UTC,2026-07-09 20:27:01 UTC,841.87,0.3226,0.0043,0.0,-0.0012,-0.11,-27.9,STOP_LOSS_HIT,0.1748
1299,TRUMP_USDT,SHORT,StochasticRSI(FAST_SCALP-SHORT),2,0.2,1.617,1.615,1.615,1.623,2026-07-09 20:31:59 UTC,2026-07-09 20:40:29 UTC,509.82,0.3234,0.0043,0.0,0.0004,0.04,9.28,MIN_PROFIT_TP_HIT,0.1752
1300,TRUMP_USDT,LONG,StochasticRSI(FAST_SCALP-LONG),2,0.2,1.616,1.618,1.618,1.61,2026-07-09 20:43:59 UTC,2026-07-09 21:05:58 UTC,1318.13,0.3232,0.0043,0.0,0.0004,0.04,9.28,MIN_PROFIT_TP_HIT,0.1756
1301,TRUMP_USDT,SHORT,StochasticRSI(FAST_SCALP-SHORT),2,0.2,1.616,1.614,1.614,1.622,2026-07-09 21:08:59 UTC,2026-07-09 21:15:17 UTC,377.64,0.3232,0.0043,0.0,0.0004,0.04,9.28,MIN_PROFIT_TP_HIT,0.176
1302,TRUMP_USDT,LONG,StochasticRSI(FAST_SCALP-LONG),2,0.2,1.615,1.609,1.617,1.609,2026-07-09 21:19:59 UTC,2026-07-09 21:27:35 UTC,455.48,0.323,0.0043,0.0,-0.0012,-0.11,-27.86,STOP_LOSS_HIT,0.1748
1303,TRUMP_USDT,LONG,StochasticRSI(FAST_SCALP-LONG),2,0.2,1.61,1.604,1.612,1.604,2026-07-09 21:30:59 UTC,2026-07-09 21:42:47 UTC,707.66,0.322,0.0043,0.0,-0.0012,-0.11,-27.95,STOP_LOSS_HIT,0.1736
1304,TRUMP_USDT,SHORT,StochasticRSI(FAST_SCALP-SHORT),2,0.2,1.606,1.604,1.604,1.612,2026-07-09 21:52:59 UTC,2026-07-09 21:57:17 UTC,257.27,0.3212,0.0043,0.0,0.0004,0.04,9.34,MIN_PROFIT_TP_HIT,0.174
1305,TRUMP_USDT,SHORT,StochasticRSI(FAST_SCALP-SHORT),2,0.2,1.605,1.603,1.603,1.611,2026-07-09 21:58:59 UTC,2026-07-09 22:02:26 UTC,206.1,0.321,0.0043,0.0,0.0004,0.04,9.35,MIN_PROFIT_TP_HIT,0.1744
1306,TRUMP_USDT,SHORT,StochasticRSI(FAST_SCALP-SHORT),2,0.2,1.606,1.604,1.604,1.612,2026-07-09 22:09:59 UTC,2026-07-09 22:11:38 UTC,98.59,0.3212,0.0043,0.0,0.0004,0.04,9.34,MIN_PROFIT_TP_HIT,0.1748
1307,TRUMP_USDT,LONG,StochasticRSI(FAST_SCALP-LONG),2,0.2,1.608,1.602,1.61,1.602,2026-07-09 22:18:59 UTC,2026-07-09 23:00:17 UTC,2477.0,0.3216,0.0043,0.0,-0.0012,-0.11,-27.99,STOP_LOSS_HIT,0.1736
1308,TRUMP_USDT,LONG,StochasticRSI(FAST_SCALP-LONG),2,0.2,1.604,1.598,1.606,1.598,2026-07-09 23:03:59 UTC,2026-07-09 23:17:36 UTC,816.44,0.3208,0.0043,0.0,-0.0012,-0.11,-28.05,STOP_LOSS_HIT,0.1724
1309,TRUMP_USDT,SHORT,StochasticRSI(FAST_SCALP-SHORT),2,0.2,1.605,1.603,1.603,1.611,2026-07-09 23:27:59 UTC,2026-07-09 23:34:21 UTC,381.27,0.321,0.0043,0.0,0.0004,0.04,9.35,MIN_PROFIT_TP_HIT,0.1728
1310,TRUMP_USDT,LONG,StochasticRSI(FAST_SCALP-LONG),2,0.2,1.605,1.607,1.607,1.599,2026-07-09 23:41:59 UTC,2026-07-09 23:55:26 UTC,806.59,0.321,0.0043,0.0,0.0004,0.04,9.35,MIN_PROFIT_TP_HIT,0.1732
1311,TRUMP_USDT,SHORT,StochasticRSI(FAST_SCALP-SHORT),2,0.2,1.604,1.602,1.602,1.61,2026-07-09 23:59:59 UTC,2026-07-10 00:02:05 UTC,125.17,0.3208,0.0043,0.0,0.0004,0.04,9.35,MIN_PROFIT_TP_HIT,0.1736
1312,TRUMP_USDT,LONG,StochasticRSI(FAST_SCALP-LONG),2,0.2,1.604,1.606,1.606,1.598,2026-07-10 00:04:59 UTC,2026-07-10 00:05:15 UTC,15.89,0.3208,0.0043,0.0,0.0004,0.04,9.35,MIN_PROFIT_TP_HIT,0.174
1313,TRUMP_USDT,SHORT,StochasticRSI(FAST_SCALP-SHORT),2,0.2,1.604,1.602,1.602,1.61,2026-07-10 00:11:59 UTC,2026-07-10 00:18:07 UTC,367.91,0.3208,0.0043,0.0,0.0004,0.04,9.35,MIN_PROFIT_TP_HIT,0.1744
1314,TRUMP_USDT,LONG,StochasticRSI(FAST_SCALP-LONG),2,0.2,1.604,1.606,1.606,1.598,2026-07-10 00:20:59 UTC,2026-07-10 00:41:32 UTC,1232.1,0.3208,0.0043,0.0,0.0004,0.04,9.35,MIN_PROFIT_TP_HIT,0.1748
1315,TRUMP_USDT,SHORT,StochasticRSI(FAST_SCALP-SHORT),2,0.2,1.604,1.602,1.602,1.61,2026-07-10 00:44:59 UTC,2026-07-10 00:45:53 UTC,53.6,0.3208,0.0043,0.0,0.0004,0.04,9.35,MIN_PROFIT_TP_HIT,0.1752
1316,TRUMP_USDT,LONG,StochasticRSI(FAST_SCALP-LONG),2,0.2,1.602,1.604,1.604,1.596,2026-07-10 00:51:59 UTC,2026-07-10 00:58:14 UTC,374.17,0.3204,0.0043,0.0,0.0004,0.04,9.36,MIN_PROFIT_TP_HIT,0.1756
1317,TRUMP_USDT,SHORT,StochasticRSI(FAST_SCALP-SHORT),2,0.2,1.605,1.603,1.603,1.611,2026-07-10 00:59:59 UTC,2026-07-10 01:01:20 UTC,80.38,0.321,0.0043,0.0,0.0004,0.04,9.35,MIN_PROFIT_TP_HIT,0.176
1318,TRUMP_USDT,SHORT,StochasticRSI(FAST_SCALP-SHORT),2,0.2,1.601,1.599,1.599,1.607,2026-07-10 01:03:59 UTC,2026-07-10 01:05:11 UTC,71.6,0.3202,0.0043,0.0,0.0004,0.04,9.37,MIN_PROFIT_TP_HIT,0.1764
1319,TRUMP_USDT,LONG,StochasticRSI(FAST_SCALP-LONG),2,0.2,1.602,1.604,1.604,1.596,2026-07-10 01:13:59 UTC,2026-07-10 01:15:40 UTC,100.81,0.3204,0.0043,0.0,0.0004,0.04,9.36,MIN_PROFIT_TP_HIT,0.1768
1320,TRUMP_USDT,SHORT,StochasticRSI(FAST_SCALP-SHORT),2,0.2,1.608,1.606,1.606,1.614,2026-07-10 01:22:59 UTC,2026-07-10 01:25:35 UTC,155.92,0.3216,0.0043,0.0,0.0004,0.04,9.33,MIN_PROFIT_TP_HIT,0.1772
1321,TRUMP_USDT,LONG,StochasticRSI(FAST_SCALP-LONG),2,0.2,1.609,1.611,1.611,1.603,2026-07-10 01:29:59 UTC,2026-07-10 01:48:28 UTC,1108.64,0.3218,0.0043,0.0,0.0004,0.04,9.32,MIN_PROFIT_TP_HIT,0.1776
1322,TRUMP_USDT,SHORT,StochasticRSI(FAST_SCALP-SHORT),2,0.2,1.622,1.62,1.62,1.628,2026-07-10 01:51:59 UTC,2026-07-10 01:52:13 UTC,13.24,0.3244,0.0043,0.0,0.0004,0.04,9.25,MIN_PROFIT_TP_HIT,0.178
1323,TRUMP_USDT,LONG,StochasticRSI(FAST_SCALP-LONG),2,0.2,1.614,1.616,1.616,1.608,2026-07-10 02:00:59 UTC,2026-07-10 02:08:23 UTC,443.53,0.3228,0.0043,0.0,0.0004,0.04,9.29,MIN_PROFIT_TP_HIT,0.1784
1324,TRUMP_USDT,SHORT,StochasticRSI(FAST_SCALP-SHORT),2,0.2,1.615,1.613,1.613,1.621,2026-07-10 02:16:59 UTC,2026-07-10 02:23:40 UTC,400.32,0.323,0.0043,0.0,0.0004,0.04,9.29,MIN_PROFIT_TP_HIT,0.1788
1325,TRUMP_USDT,LONG,StochasticRSI(FAST_SCALP-LONG),2,0.2,1.614,1.616,1.616,1.608,2026-07-10 02:25:59 UTC,2026-07-10 02:37:52 UTC,712.17,0.3228,0.0043,0.0,0.0004,0.04,9.29,MIN_PROFIT_TP_HIT,0.1792
1326,TRUMP_USDT,SHORT,StochasticRSI(FAST_SCALP-SHORT),2,0.2,1.616,1.614,1.614,1.622,2026-07-10 02:39:59 UTC,2026-07-10 02:40:03 UTC,3.47,0.3232,0.0043,0.0,0.0004,0.04,9.28,MIN_PROFIT_TP_HIT,0.1796
1327,TRUMP_USDT,LONG,StochasticRSI(FAST_SCALP-LONG),2,0.2,1.616,1.618,1.618,1.61,2026-07-10 02:49:59 UTC,2026-07-10 02:58:31 UTC,511.12,0.3232,0.0043,0.0,0.0004,0.04,9.28,MIN_PROFIT_TP_HIT,0.18
1328,TRUMP_USDT,SHORT,StochasticRSI(FAST_SCALP-SHORT),2,0.2,1.616,1.614,1.614,1.622,2026-07-10 03:03:59 UTC,2026-07-10 03:10:34 UTC,394.6,0.3232,0.0043,0.0,0.0004,0.04,9.28,MIN_PROFIT_TP_HIT,0.1804
1329,TRUMP_USDT,LONG,StochasticRSI(FAST_SCALP-LONG),2,0.2,1.617,1.611,1.619,1.611,2026-07-10 03:12:59 UTC,2026-07-10 03:56:35 UTC,2615.96,0.3234,0.0043,0.0,-0.0012,-0.11,-27.83,STOP_LOSS_HIT,0.1792
1330,TRUMP_USDT,SHORT,StochasticRSI(FAST_SCALP-SHORT),2,0.2,1.612,1.61,1.61,1.618,2026-07-10 04:19:59 UTC,2026-07-10 04:29:50 UTC,590.45,0.3224,0.0043,0.0,0.0004,0.04,9.31,MIN_PROFIT_TP_HIT,0.1796
1331,TRUMP_USDT,LONG,StochasticRSI(FAST_SCALP-LONG),2,0.2,1.611,1.613,1.613,1.605,2026-07-10 04:33:59 UTC,2026-07-10 04:36:21 UTC,141.53,0.3222,0.0043,0.0,0.0004,0.04,9.31,MIN_PROFIT_TP_HIT,0.18
1332,TRUMP_USDT,SHORT,StochasticRSI(FAST_SCALP-SHORT),2,0.2,1.613,1.619,1.611,1.619,2026-07-10 04:40:59 UTC,2026-07-10 05:16:07 UTC,2107.87,0.3226,0.0043,0.0,-0.0012,-0.11,-27.9,STOP_LOSS_HIT,0.1788
1333,TRUMP_USDT,LONG,StochasticRSI(FAST_SCALP-LONG),2,0.2,1.615,1.617,1.617,1.609,2026-07-10 05:24:59 UTC,2026-07-10 05:36:08 UTC,668.81,0.323,0.0043,0.0,0.0004,0.04,9.29,MIN_PROFIT_TP_HIT,0.1792
1334,TRUMP_USDT,SHORT,StochasticRSI(FAST_SCALP-SHORT),2,0.2,1.618,1.616,1.616,1.624,2026-07-10 05:40:59 UTC,2026-07-10 05:41:38 UTC,38.57,0.3236,0.0043,0.0,0.0004,0.04,9.27,MIN_PROFIT_TP_HIT,0.1796
1335,TRUMP_USDT,LONG,StochasticRSI(FAST_SCALP-LONG),2,0.2,1.615,1.609,1.617,1.609,2026-07-10 05:46:59 UTC,2026-07-10 06:17:34 UTC,1834.82,0.323,0.0043,0.0,-0.0012,-0.11,-27.86,STOP_LOSS_HIT,0.1784
1336,TRUMP_USDT,SHORT,StochasticRSI(FAST_SCALP-SHORT),2,0.2,1.607,1.605,1.605,1.613,2026-07-10 06:27:59 UTC,2026-07-10 06:52:07 UTC,1447.2,0.3214,0.0043,0.0,0.0004,0.04,9.33,MIN_PROFIT_TP_HIT,0.1788
1337,TRUMP_USDT,LONG,StochasticRSI(FAST_SCALP-LONG),2,0.2,1.606,1.608,1.608,1.6,2026-07-10 06:58:59 UTC,2026-07-10 07:00:16 UTC,76.37,0.3212,0.0043,0.0,0.0004,0.04,9.34,MIN_PROFIT_TP_HIT,0.1792
1338,TRUMP_USDT,SHORT,StochasticRSI(FAST_SCALP-SHORT),2,0.2,1.606,1.604,1.604,1.612,2026-07-10 07:03:59 UTC,2026-07-10 07:47:24 UTC,2604.61,0.3212,0.0043,0.0,0.0004,0.04,9.34,MIN_PROFIT_TP_HIT,0.1796
1339,TRUMP_USDT,LONG,StochasticRSI(FAST_SCALP-LONG),2,0.2,1.605,1.607,1.607,1.599,2026-07-10 07:55:59 UTC,2026-07-10 08:15:00 UTC,1140.36,0.321,0.0043,0.0,0.0004,0.04,9.35,MIN_PROFIT_TP_HIT,0.18
1340,TRUMP_USDT,SHORT,StochasticRSI(FAST_SCALP-SHORT),2,0.2,1.609,1.615,1.607,1.615,2026-07-10 08:19:59 UTC,2026-07-10 08:33:40 UTC,820.93,0.3218,0.0043,0.0,-0.0012,-0.11,-27.97,STOP_LOSS_HIT,0.1788
1341,TRUMP_USDT,SHORT,StochasticRSI(FAST_SCALP-SHORT),2,0.2,1.616,1.614,1.614,1.622,2026-07-10 08:37:59 UTC,2026-07-10 08:47:43 UTC,583.31,0.3232,0.0043,0.0,0.0004,0.04,9.28,MIN_PROFIT_TP_HIT,0.1792
1342,TRUMP_USDT,LONG,StochasticRSI(FAST_SCALP-LONG),2,0.2,1.617,1.619,1.619,1.611,2026-07-10 08:52:59 UTC,2026-07-10 08:56:11 UTC,191.62,0.3234,0.0043,0.0,0.0004,0.04,9.28,MIN_PROFIT_TP_HIT,0.1796
1343,TRUMP_USDT,SHORT,StochasticRSI(FAST_SCALP-SHORT),2,0.2,1.618,1.616,1.616,1.624,2026-07-10 08:59:59 UTC,2026-07-10 09:01:15 UTC,75.08,0.3236,0.0043,0.0,0.0004,0.04,9.27,MIN_PROFIT_TP_HIT,0.18
1344,TRUMP_USDT,LONG,StochasticRSI(FAST_SCALP-LONG),2,0.2,1.617,1.619,1.619,1.611,2026-07-10 09:05:59 UTC,2026-07-10 09:08:57 UTC,177.06,0.3234,0.0043,0.0,0.0004,0.04,9.28,MIN_PROFIT_TP_HIT,0.1804
1345,TRUMP_USDT,LONG,StochasticRSI(FAST_SCALP-LONG),2,0.2,1.619,1.613,1.621,1.613,2026-07-10 09:09:59 UTC,2026-07-10 09:12:59 UTC,179.76,0.3238,0.0043,0.0,-0.0012,-0.11,-27.79,STOP_LOSS_HIT,0.1792
1346,TRUMP_USDT,LONG,StochasticRSI(FAST_SCALP-LONG),2,0.2,1.615,1.617,1.617,1.609,2026-07-10 09:15:59 UTC,2026-07-10 09:18:09 UTC,129.11,0.323,0.0043,0.0,0.0004,0.04,9.29,MIN_PROFIT_TP_HIT,0.1796
1347,TRUMP_USDT,SHORT,StochasticRSI(FAST_SCALP-SHORT),2,0.2,1.618,1.624,1.616,1.624,2026-07-10 09:24:59 UTC,2026-07-10 09:31:12 UTC,372.75,0.3236,0.0043,0.0,-0.0012,-0.11,-27.81,STOP_LOSS_HIT,0.1784
1348,TRUMP_USDT,SHORT,StochasticRSI(FAST_SCALP-SHORT),2,0.2,1.631,1.629,1.629,1.637,2026-07-10 09:39:59 UTC,2026-07-10 09:43:43 UTC,223.2,0.3262,0.0043,0.0,0.0004,0.04,9.2,MIN_PROFIT_TP_HIT,0.1788
1349,TRUMP_USDT,LONG,StochasticRSI(FAST_SCALP-LONG),2,0.2,1.63,1.632,1.632,1.624,2026-07-10 09:46:59 UTC,2026-07-10 09:48:03 UTC,63.3,0.326,0.0043,0.0,0.0004,0.04,9.2,MIN_PROFIT_TP_HIT,0.1792
1350,TRUMP_USDT,SHORT,StochasticRSI(FAST_SCALP-SHORT),2,0.2,1.633,1.631,1.631,1.639,2026-07-10 09:57:59 UTC,2026-07-10 09:58:25 UTC,25.51,0.3266,0.0044,0.0,0.0004,0.04,9.19,MIN_PROFIT_TP_HIT,0.1796
1351,TRUMP_USDT,LONG,StochasticRSI(FAST_SCALP-LONG),2,0.2,1.64,1.634,1.642,1.634,2026-07-10 10:01:59 UTC,2026-07-10 10:04:53 UTC,173.22,0.328,0.0044,0.0,-0.0012,-0.11,-27.44,STOP_LOSS_HIT,0.1784
1352,TRUMP_USDT,LONG,StochasticRSI(FAST_SCALP-LONG),2,0.2,1.633,1.635,1.635,1.627,2026-07-10 10:12:59 UTC,2026-07-10 10:24:05 UTC,665.19,0.3266,0.0044,0.0,0.0004,0.04,9.19,MIN_PROFIT_TP_HIT,0.1788
1353,TRUMP_USDT,SHORT,StochasticRSI(FAST_SCALP-SHORT),2,0.2,1.64,1.638,1.638,1.646,2026-07-10 10:32:59 UTC,2026-07-10 10:36:18 UTC,198.59,0.328,0.0044,0.0,0.0004,0.04,9.15,MIN_PROFIT_TP_HIT,0.1792
1354,TRUMP_USDT,LONG,StochasticRSI(FAST_SCALP-LONG),2,0.2,1.632,1.634,1.634,1.626,2026-07-10 10:40:59 UTC,2026-07-10 10:43:40 UTC,160.62,0.3264,0.0044,0.0,0.0004,0.04,9.19,MIN_PROFIT_TP_HIT,0.1796
1355,TRUMP_USDT,LONG,StochasticRSI(FAST_SCALP-LONG),2,0.2,1.635,1.637,1.637,1.629,2026-07-10 10:44:59 UTC,2026-07-10 10:46:39 UTC,99.18,0.327,0.0044,0.0,0.0004,0.04,9.17,MIN_PROFIT_TP_HIT,0.18
1356,TRUMP_USDT,SHORT,StochasticRSI(FAST_SCALP-SHORT),2,0.2,1.637,1.635,1.635,1.643,2026-07-10 10:50:59 UTC,2026-07-10 10:52:05 UTC,65.91,0.3274,0.0044,0.0,0.0004,0.04,9.16,MIN_PROFIT_TP_HIT,0.1804
1357,TRUMP_USDT,SHORT,StochasticRSI(FAST_SCALP-SHORT),2,0.2,1.636,1.634,1.634,1.642,2026-07-10 11:00:59 UTC,2026-07-10 11:01:39 UTC,39.93,0.3272,0.0044,0.0,0.0004,0.04,9.17,MIN_PROFIT_TP_HIT,0.1808
1358,TRUMP_USDT,SHORT,StochasticRSI(FAST_SCALP-SHORT),2,0.2,1.632,1.63,1.63,1.638,2026-07-10 11:10:59 UTC,2026-07-10 11:20:04 UTC,544.78,0.3264,0.0044,0.0,0.0004,0.04,9.19,MIN_PROFIT_TP_HIT,0.1812
1359,TRUMP_USDT,LONG,StochasticRSI(FAST_SCALP-LONG),2,0.2,1.624,1.626,1.626,1.618,2026-07-10 11:28:59 UTC,2026-07-10 11:29:52 UTC,52.34,0.3248,0.0043,0.0,0.0004,0.04,9.24,MIN_PROFIT_TP_HIT,0.1816
1360,TRUMP_USDT,SHORT,StochasticRSI(FAST_SCALP-SHORT),2,0.2,1.627,1.625,1.625,1.633,2026-07-10 11:32:59 UTC,2026-07-10 11:33:05 UTC,5.17,0.3254,0.0043,0.0,0.0004,0.04,9.22,MIN_PROFIT_TP_HIT,0.182
1361,TRUMP_USDT,SHORT,StochasticRSI(FAST_SCALP-SHORT),2,0.2,1.625,1.631,1.623,1.631,2026-07-10 11:36:59 UTC,2026-07-10 11:52:12 UTC,912.78,0.325,0.0043,0.0,-0.0012,-0.11,-27.69,STOP_LOSS_HIT,0.1808
1362,TRUMP_USDT,LONG,StochasticRSI(FAST_SCALP-LONG),2,0.2,1.631,1.625,1.633,1.625,2026-07-10 12:00:59 UTC,2026-07-10 12:02:53 UTC,113.31,0.3262,0.0043,0.0,-0.0012,-0.11,-27.59,STOP_LOSS_HIT,0.1796
1363,TRUMP_USDT,SHORT,StochasticRSI(FAST_SCALP-SHORT),2,0.2,1.629,1.627,1.627,1.635,2026-07-10 12:15:59 UTC,2026-07-10 12:17:14 UTC,74.21,0.3258,0.0043,0.0,0.0004,0.04,9.21,MIN_PROFIT_TP_HIT,0.18
1364,TRUMP_USDT,LONG,StochasticRSI(FAST_SCALP-LONG),2,0.2,1.628,1.63,1.63,1.622,2026-07-10 12:22:59 UTC,2026-07-10 12:24:04 UTC,64.12,0.3256,0.0043,0.0,0.0004,0.04,9.21,MIN_PROFIT_TP_HIT,0.1804
1365,TRUMP_USDT,SHORT,StochasticRSI(FAST_SCALP-SHORT),2,0.2,1.631,1.629,1.629,1.637,2026-07-10 12:28:59 UTC,2026-07-10 12:30:32 UTC,92.48,0.3262,0.0043,0.0,0.0004,0.04,9.2,MIN_PROFIT_TP_HIT,0.1808
1366,TRUMP_USDT,LONG,StochasticRSI(FAST_SCALP-LONG),2,0.2,1.631,1.625,1.633,1.625,2026-07-10 12:37:59 UTC,2026-07-10 12:41:11 UTC,191.55,0.3262,0.0043,0.0,-0.0012,-0.11,-27.59,STOP_LOSS_HIT,0.1796
1367,TRUMP_USDT,LONG,StochasticRSI(FAST_SCALP-LONG),2,0.2,1.625,1.627,1.627,1.619,2026-07-10 12:45:59 UTC,2026-07-10 12:46:44 UTC,44.4,0.325,0.0043,0.0,0.0004,0.04,9.23,MIN_PROFIT_TP_HIT,0.18
1368,TRUMP_USDT,SHORT,StochasticRSI(FAST_SCALP-SHORT),2,0.2,1.625,1.623,1.623,1.631,2026-07-10 12:51:59 UTC,2026-07-10 12:53:17 UTC,77.25,0.325,0.0043,0.0,0.0004,0.04,9.23,MIN_PROFIT_TP_HIT,0.1804
1369,TRUMP_USDT,LONG,StochasticRSI(FAST_SCALP-LONG),2,0.2,1.622,1.624,1.624,1.616,2026-07-10 12:57:59 UTC,2026-07-10 13:02:13 UTC,253.71,0.3244,0.0043,0.0,0.0004,0.04,9.25,MIN_PROFIT_TP_HIT,0.1808
1370,TRUMP_USDT,SHORT,StochasticRSI(FAST_SCALP-SHORT),2,0.2,1.62,1.618,1.618,1.626,2026-07-10 13:04:59 UTC,2026-07-10 13:16:57 UTC,717.07,0.324,0.0043,0.0,0.0004,0.04,9.26,MIN_PROFIT_TP_HIT,0.1812
1371,TRUMP_USDT,LONG,StochasticRSI(FAST_SCALP-LONG),2,0.2,1.619,1.621,1.621,1.613,2026-07-10 13:19:59 UTC,2026-07-10 13:22:17 UTC,137.27,0.3238,0.0043,0.0,0.0004,0.04,9.26,MIN_PROFIT_TP_HIT,0.1816
1372,TRUMP_USDT,SHORT,StochasticRSI(FAST_SCALP-SHORT),2,0.2,1.62,1.618,1.618,1.626,2026-07-10 13:27:59 UTC,2026-07-10 13:30:01 UTC,121.56,0.324,0.0043,0.0,0.0004,0.04,9.26,MIN_PROFIT_TP_HIT,0.182
1373,TRUMP_USDT,LONG,StochasticRSI(FAST_SCALP-LONG),2,0.2,1.622,1.624,1.624,1.616,2026-07-10 13:32:59 UTC,2026-07-10 13:35:44 UTC,164.99,0.3244,0.0043,0.0,0.0004,0.04,9.25,MIN_PROFIT_TP_HIT,0.1824
1374,TRUMP_USDT,SHORT,StochasticRSI(FAST_SCALP-SHORT),2,0.2,1.617,1.623,1.615,1.623,2026-07-10 13:40:59 UTC,2026-07-10 13:41:51 UTC,51.01,0.3234,0.0043,0.0,-0.0012,-0.11,-27.83,STOP_LOSS_HIT,0.1812
1375,TRUMP_USDT,SHORT,StochasticRSI(FAST_SCALP-SHORT),2,0.2,1.627,1.625,1.625,1.633,2026-07-10 13:49:59 UTC,2026-07-10 13:59:41 UTC,581.09,0.3254,0.0043,0.0,0.0004,0.04,9.22,MIN_PROFIT_TP_HIT,0.1816
1376,TRUMP_USDT,LONG,StochasticRSI(FAST_SCALP-LONG),2,0.2,1.627,1.621,1.629,1.621,2026-07-10 14:01:59 UTC,2026-07-10 14:08:22 UTC,382.59,0.3254,0.0043,0.0,-0.0012,-0.11,-27.66,STOP_LOSS_HIT,0.1804
1377,TRUMP_USDT,LONG,StochasticRSI(FAST_SCALP-LONG),2,0.2,1.619,1.621,1.621,1.613,2026-07-10 14:14:59 UTC,2026-07-10 14:16:16 UTC,76.02,0.3238,0.0043,0.0,0.0004,0.04,9.26,MIN_PROFIT_TP_HIT,0.1808
1378,TRUMP_USDT,LONG,StochasticRSI(FAST_SCALP-LONG),2,0.2,1.61,1.612,1.612,1.604,2026-07-10 14:23:59 UTC,2026-07-10 14:24:12 UTC,12.87,0.322,0.0043,0.0,0.0004,0.04,9.32,MIN_PROFIT_TP_HIT,0.1812
1379,TRUMP_USDT,SHORT,StochasticRSI(FAST_SCALP-SHORT),2,0.2,1.614,1.612,1.612,1.62,2026-07-10 14:31:59 UTC,2026-07-10 14:32:42 UTC,42.58,0.3228,0.0043,0.0,0.0004,0.04,9.29,MIN_PROFIT_TP_HIT,0.1816
1380,TRUMP_USDT,SHORT,StochasticRSI(FAST_SCALP-SHORT),2,0.2,1.608,1.606,1.606,1.614,2026-07-10 14:42:59 UTC,2026-07-10 14:47:10 UTC,250.88,0.3216,0.0043,0.0,0.0004,0.04,9.33,MIN_PROFIT_TP_HIT,0.182
1381,TRUMP_USDT,LONG,StochasticRSI(FAST_SCALP-LONG),2,0.2,1.608,1.61,1.61,1.602,2026-07-10 14:57:59 UTC,2026-07-10 14:58:02 UTC,2.93,0.3216,0.0043,0.0,0.0004,0.04,9.33,MIN_PROFIT_TP_HIT,0.1824
1382,TRUMP_USDT,SHORT,StochasticRSI(FAST_SCALP-SHORT),2,0.2,1.614,1.612,1.612,1.62,2026-07-10 15:07:59 UTC,2026-07-10 15:10:48 UTC,168.75,0.3228,0.0043,0.0,0.0004,0.04,9.29,MIN_PROFIT_TP_HIT,0.1828
1383,TRUMP_USDT,LONG,StochasticRSI(FAST_SCALP-LONG),2,0.2,1.611,1.613,1.613,1.605,2026-07-10 15:14:59 UTC,2026-07-10 15:15:19 UTC,19.76,0.3222,0.0043,0.0,0.0004,0.04,9.31,MIN_PROFIT_TP_HIT,0.1832
1384,TRUMP_USDT,LONG,StochasticRSI(FAST_SCALP-LONG),2,0.2,1.616,1.61,1.618,1.61,2026-07-10 15:27:59 UTC,2026-07-10 15:39:32 UTC,692.48,0.3232,0.0043,0.0,-0.0012,-0.11,-27.85,STOP_LOSS_HIT,0.182
1385,TRUMP_USDT,LONG,StochasticRSI(FAST_SCALP-LONG),2,0.2,1.607,1.609,1.609,1.601,2026-07-10 15:46:59 UTC,2026-07-10 15:53:58 UTC,418.93,0.3214,0.0043,0.0,0.0004,0.04,9.33,MIN_PROFIT_TP_HIT,0.1824
1386,TRUMP_USDT,SHORT,StochasticRSI(FAST_SCALP-SHORT),2,0.2,1.61,1.608,1.608,1.616,2026-07-10 15:57:59 UTC,2026-07-10 16:01:39 UTC,219.9,0.322,0.0043,0.0,0.0004,0.04,9.32,MIN_PROFIT_TP_HIT,0.1828
1387,TRUMP_USDT,SHORT,StochasticRSI(FAST_SCALP-SHORT),2,0.2,1.611,1.617,1.609,1.617,2026-07-10 16:06:59 UTC,2026-07-10 16:16:16 UTC,556.04,0.3222,0.0043,0.0,-0.0012,-0.11,-27.93,STOP_LOSS_HIT,0.1816
1388,TRUMP_USDT,SHORT,StochasticRSI(FAST_SCALP-SHORT),2,0.2,1.614,1.612,1.612,1.62,2026-07-10 16:18:59 UTC,2026-07-10 16:21:22 UTC,142.06,0.3228,0.0043,0.0,0.0004,0.04,9.29,MIN_PROFIT_TP_HIT,0.182
1389,TRUMP_USDT,LONG,StochasticRSI(FAST_SCALP-LONG),2,0.2,1.61,1.604,1.612,1.604,2026-07-10 16:27:59 UTC,2026-07-10 16:38:37 UTC,637.69,0.322,0.0043,0.0,-0.0012,-0.11,-27.95,STOP_LOSS_HIT,0.1808
1390,TRUMP_USDT,LONG,StochasticRSI(FAST_SCALP-LONG),2,0.2,1.607,1.609,1.609,1.601,2026-07-10 16:41:59 UTC,2026-07-10 16:42:08 UTC,8.45,0.3214,0.0043,0.0,0.0004,0.04,9.33,MIN_PROFIT_TP_HIT,0.1812
1391,TRUMP_USDT,SHORT,StochasticRSI(FAST_SCALP-SHORT),2,0.2,1.615,1.613,1.613,1.621,2026-07-10 16:49:59 UTC,2026-07-10 16:53:13 UTC,193.63,0.323,0.0043,0.0,0.0004,0.04,9.29,MIN_PROFIT_TP_HIT,0.1816
1392,TRUMP_USDT,LONG,StochasticRSI(FAST_SCALP-LONG),2,0.2,1.615,1.617,1.617,1.609,2026-07-10 16:57:59 UTC,2026-07-10 16:58:15 UTC,15.84,0.323,0.0043,0.0,0.0004,0.04,9.29,MIN_PROFIT_TP_HIT,0.182
1393,TRUMP_USDT,SHORT,StochasticRSI(FAST_SCALP-SHORT),2,0.2,1.615,1.613,1.613,1.621,2026-07-10 17:03:59 UTC,2026-07-10 17:09:54 UTC,354.57,0.323,0.0043,0.0,0.0004,0.04,9.29,MIN_PROFIT_TP_HIT,0.1824
1394,TRUMP_USDT,LONG,StochasticRSI(FAST_SCALP-LONG),2,0.2,1.614,1.608,1.616,1.608,2026-07-10 17:10:59 UTC,2026-07-10 17:32:30 UTC,1290.46,0.3228,0.0043,0.0,-0.0012,-0.11,-27.88,STOP_LOSS_HIT,0.1812
1395,TRUMP_USDT,LONG,StochasticRSI(FAST_SCALP-LONG),2,0.2,1.607,1.609,1.609,1.601,2026-07-10 17:35:59 UTC,2026-07-10 17:36:39 UTC,39.36,0.3214,0.0043,0.0,0.0004,0.04,9.33,MIN_PROFIT_TP_HIT,0.1816
1396,TRUMP_USDT,LONG,StochasticRSI(FAST_SCALP-LONG),2,0.2,1.607,1.601,1.609,1.601,2026-07-10 17:38:59 UTC,2026-07-10 17:42:42 UTC,222.53,0.3214,0.0043,0.0,-0.0012,-0.11,-28.0,STOP_LOSS_HIT,0.1804
1397,TRUMP_USDT,LONG,StochasticRSI(FAST_SCALP-LONG),2,0.2,1.604,1.606,1.606,1.598,2026-07-10 17:44:59 UTC,2026-07-10 17:46:03 UTC,63.72,0.3208,0.0043,0.0,0.0004,0.04,9.35,MIN_PROFIT_TP_HIT,0.1808
1398,TRUMP_USDT,SHORT,StochasticRSI(FAST_SCALP-SHORT),2,0.2,1.605,1.603,1.603,1.611,2026-07-10 17:52:59 UTC,2026-07-10 17:54:29 UTC,89.09,0.321,0.0043,0.0,0.0004,0.04,9.35,MIN_PROFIT_TP_HIT,0.1812
1399,TRUMP_USDT,LONG,StochasticRSI(FAST_SCALP-LONG),2,0.2,1.604,1.606,1.606,1.598,2026-07-10 18:01:59 UTC,2026-07-10 18:10:07 UTC,487.65,0.3208,0.0043,0.0,0.0004,0.04,9.35,MIN_PROFIT_TP_HIT,0.1816
1400,TRUMP_USDT,LONG,StochasticRSI(FAST_SCALP-LONG),2,0.2,1.603,1.605,1.605,1.597,2026-07-10 18:18:59 UTC,2026-07-10 18:19:15 UTC,15.07,0.3206,0.0043,0.0,0.0004,0.04,9.36,MIN_PROFIT_TP_HIT,0.182
1401,TRUMP_USDT,SHORT,StochasticRSI(FAST_SCALP-SHORT),2,0.2,1.605,1.603,1.603,1.611,2026-07-10 18:27:59 UTC,2026-07-10 18:42:03 UTC,843.17,0.321,0.0043,0.0,0.0004,0.04,9.35,MIN_PROFIT_TP_HIT,0.1824
1402,TRUMP_USDT,LONG,StochasticRSI(FAST_SCALP-LONG),2,0.2,1.604,1.598,1.606,1.598,2026-07-10 18:46:59 UTC,2026-07-10 18:47:39 UTC,39.15,0.3208,0.0043,0.0,-0.0012,-0.11,-28.05,STOP_LOSS_HIT,0.1812
1403,TRUMP_USDT,SHORT,StochasticRSI(FAST_SCALP-SHORT),2,0.2,1.603,1.609,1.601,1.609,2026-07-10 19:01:59 UTC,2026-07-10 19:16:03 UTC,843.57,0.3206,0.0043,0.0,-0.0012,-0.11,-28.07,STOP_LOSS_HIT,0.18
1404,TRUMP_USDT,SHORT,StochasticRSI(FAST_SCALP-SHORT),2,0.2,1.608,1.606,1.606,1.614,2026-07-10 19:18:59 UTC,2026-07-10 19:20:15 UTC,75.96,0.3216,0.0043,0.0,0.0004,0.04,9.33,MIN_PROFIT_TP_HIT,0.1804
1405,TRUMP_USDT,LONG,StochasticRSI(FAST_SCALP-LONG),2,0.2,1.605,1.607,1.607,1.599,2026-07-10 19:25:59 UTC,2026-07-10 19:26:08 UTC,8.38,0.321,0.0043,0.0,0.0004,0.04,9.35,MIN_PROFIT_TP_HIT,0.1808
1406,TRUMP_USDT,SHORT,StochasticRSI(FAST_SCALP-SHORT),2,0.2,1.607,1.613,1.605,1.613,2026-07-10 19:31:59 UTC,2026-07-10 19:35:28 UTC,208.91,0.3214,0.0043,0.0,-0.0012,-0.11,-28.0,STOP_LOSS_HIT,0.1796
1407,TRUMP_USDT,SHORT,StochasticRSI(FAST_SCALP-SHORT),2,0.2,1.614,1.612,1.612,1.62,2026-07-10 19:38:59 UTC,2026-07-10 19:39:04 UTC,4.7,0.3228,0.0043,0.0,0.0004,0.04,9.29,MIN_PROFIT_TP_HIT,0.18
1408,TRUMP_USDT,LONG,StochasticRSI(FAST_SCALP-LONG),2,0.2,1.611,1.605,1.613,1.605,2026-07-10 19:47:59 UTC,2026-07-10 19:58:10 UTC,610.23,0.3222,0.0043,0.0,-0.0012,-0.11,-27.93,STOP_LOSS_HIT,0.1788
1409,TRUMP_USDT,LONG,StochasticRSI(FAST_SCALP-LONG),2,0.2,1.608,1.61,1.61,1.602,2026-07-10 19:59:59 UTC,2026-07-10 20:09:15 UTC,555.13,0.3216,0.0043,0.0,0.0004,0.04,9.33,MIN_PROFIT_TP_HIT,0.1792
1410,TRUMP_USDT,SHORT,StochasticRSI(FAST_SCALP-SHORT),2,0.2,1.61,1.608,1.608,1.616,2026-07-10 20:12:59 UTC,2026-07-10 20:15:27 UTC,147.71,0.322,0.0043,0.0,0.0004,0.04,9.32,MIN_PROFIT_TP_HIT,0.1796
1411,TRUMP_USDT,LONG,StochasticRSI(FAST_SCALP-LONG),2,0.2,1.608,1.61,1.61,1.602,2026-07-10 20:22:59 UTC,2026-07-10 20:35:15 UTC,735.05,0.3216,0.0043,0.0,0.0004,0.04,9.33,MIN_PROFIT_TP_HIT,0.18
1412,TRUMP_USDT,SHORT,StochasticRSI(FAST_SCALP-SHORT),2,0.2,1.61,1.608,1.608,1.616,2026-07-10 20:38:59 UTC,2026-07-10 20:40:32 UTC,92.65,0.322,0.0043,0.0,0.0004,0.04,9.32,MIN_PROFIT_TP_HIT,0.1804
1413,TRUMP_USDT,LONG,StochasticRSI(FAST_SCALP-LONG),2,0.2,1.606,1.608,1.608,1.6,2026-07-10 20:51:59 UTC,2026-07-10 21:05:26 UTC,806.09,0.3212,0.0043,0.0,0.0004,0.04,9.34,MIN_PROFIT_TP_HIT,0.1808
1414,TRUMP_USDT,SHORT,StochasticRSI(FAST_SCALP-SHORT),2,0.2,1.612,1.61,1.61,1.618,2026-07-10 21:26:59 UTC,2026-07-10 21:28:28 UTC,88.47,0.3224,0.0043,0.0,0.0004,0.04,9.31,MIN_PROFIT_TP_HIT,0.1812
1415,TRUMP_USDT,SHORT,StochasticRSI(FAST_SCALP-SHORT),2,0.2,1.616,1.614,1.614,1.622,2026-07-10 21:40:59 UTC,2026-07-10 21:58:53 UTC,1073.2,0.3232,0.0043,0.0,0.0004,0.04,9.28,MIN_PROFIT_TP_HIT,0.1816
1416,TRUMP_USDT,LONG,StochasticRSI(FAST_SCALP-LONG),2,0.2,1.617,1.619,1.619,1.611,2026-07-10 22:01:59 UTC,2026-07-10 22:02:35 UTC,35.05,0.3234,0.0043,0.0,0.0004,0.04,9.28,MIN_PROFIT_TP_HIT,0.182
1417,TRUMP_USDT,SHORT,StochasticRSI(FAST_SCALP-SHORT),2,0.2,1.617,1.615,1.615,1.623,2026-07-10 22:06:59 UTC,2026-07-10 22:12:17 UTC,317.08,0.3234,0.0043,0.0,0.0004,0.04,9.28,MIN_PROFIT_TP_HIT,0.1824
1418,TRUMP_USDT,LONG,StochasticRSI(FAST_SCALP-LONG),2,0.2,1.616,1.618,1.618,1.61,2026-07-10 22:14:59 UTC,2026-07-10 22:53:02 UTC,2282.04,0.3232,0.0043,0.0,0.0004,0.04,9.28,MIN_PROFIT_TP_HIT,0.1828
1419,TRUMP_USDT,SHORT,StochasticRSI(FAST_SCALP-SHORT),2,0.2,1.619,1.617,1.617,1.625,2026-07-10 22:57:59 UTC,2026-07-10 23:02:43 UTC,283.02,0.3238,0.0043,0.0,0.0004,0.04,9.26,MIN_PROFIT_TP_HIT,0.1832
1420,TRUMP_USDT,LONG,StochasticRSI(FAST_SCALP-LONG),2,0.2,1.616,1.618,1.618,1.61,2026-07-10 23:05:59 UTC,2026-07-10 23:16:13 UTC,613.32,0.3232,0.0043,0.0,0.0004,0.04,9.28,MIN_PROFIT_TP_HIT,0.1836
1421,TRUMP_USDT,SHORT,StochasticRSI(FAST_SCALP-SHORT),2,0.2,1.615,1.613,1.613,1.621,2026-07-10 23:20:59 UTC,2026-07-10 23:47:40 UTC,1600.31,0.323,0.0043,0.0,0.0004,0.04,9.29,MIN_PROFIT_TP_HIT,0.184
1422,TRUMP_USDT,LONG,StochasticRSI(FAST_SCALP-LONG),2,0.2,1.614,1.608,1.616,1.608,2026-07-10 23:51:59 UTC,2026-07-11 00:08:45 UTC,1005.45,0.3228,0.0043,0.0,-0.0012,-0.11,-27.88,STOP_LOSS_HIT,0.1828
1423,TRUMP_USDT,LONG,StochasticRSI(FAST_SCALP-LONG),2,0.2,1.61,1.612,1.612,1.604,2026-07-11 00:13:59 UTC,2026-07-11 00:15:02 UTC,62.4,0.322,0.0043,0.0,0.0004,0.04,9.32,MIN_PROFIT_TP_HIT,0.1832
1424,TRUMP_USDT,SHORT,StochasticRSI(FAST_SCALP-SHORT),2,0.2,1.61,1.608,1.608,1.616,2026-07-11 00:18:59 UTC,2026-07-11 00:19:21 UTC,21.13,0.322,0.0043,0.0,0.0004,0.04,9.32,MIN_PROFIT_TP_HIT,0.1836
1425,TRUMP_USDT,SHORT,StochasticRSI(FAST_SCALP-SHORT),2,0.2,1.615,1.613,1.613,1.621,2026-07-11 00:26:59 UTC,2026-07-11 00:33:38 UTC,398.47,0.323,0.0043,0.0,0.0004,0.04,9.29,MIN_PROFIT_TP_HIT,0.184
1426,TRUMP_USDT,LONG,StochasticRSI(FAST_SCALP-LONG),2,0.2,1.613,1.615,1.615,1.607,2026-07-11 00:39:59 UTC,2026-07-11 00:42:39 UTC,159.63,0.3226,0.0043,0.0,0.0004,0.04,9.3,MIN_PROFIT_TP_HIT,0.1844
1427,TRUMP_USDT,SHORT,StochasticRSI(FAST_SCALP-SHORT),2,0.2,1.618,1.616,1.616,1.624,2026-07-11 00:47:59 UTC,2026-07-11 01:02:08 UTC,848.56,0.3236,0.0043,0.0,0.0004,0.04,9.27,MIN_PROFIT_TP_HIT,0.1848
1428,TRUMP_USDT,LONG,StochasticRSI(FAST_SCALP-LONG),2,0.2,1.618,1.62,1.62,1.612,2026-07-11 01:05:59 UTC,2026-07-11 01:06:06 UTC,6.46,0.3236,0.0043,0.0,0.0004,0.04,9.27,MIN_PROFIT_TP_HIT,0.1852
1429,TRUMP_USDT,SHORT,StochasticRSI(FAST_SCALP-SHORT),2,0.2,1.62,1.618,1.618,1.626,2026-07-11 01:16:59 UTC,2026-07-11 01:19:22 UTC,142.62,0.324,0.0043,0.0,0.0004,0.04,9.26,MIN_PROFIT_TP_HIT,0.1856
1430,TRUMP_USDT,SHORT,StochasticRSI(FAST_SCALP-SHORT),2,0.2,1.619,1.617,1.617,1.625,2026-07-11 01:20:59 UTC,2026-07-11 01:27:19 UTC,379.46,0.3238,0.0043,0.0,0.0004,0.04,9.26,MIN_PROFIT_TP_HIT,0.186
1431,TRUMP_USDT,LONG,StochasticRSI(FAST_SCALP-LONG),2,0.2,1.618,1.62,1.62,1.612,2026-07-11 01:29:59 UTC,2026-07-11 01:31:49 UTC,109.5,0.3236,0.0043,0.0,0.0004,0.04,9.27,MIN_PROFIT_TP_HIT,0.1864
1432,TRUMP_USDT,SHORT,StochasticRSI(FAST_SCALP-SHORT),2,0.2,1.621,1.619,1.619,1.627,2026-07-11 01:36:59 UTC,2026-07-11 01:38:17 UTC,77.48,0.3242,0.0043,0.0,0.0004,0.04,9.25,MIN_PROFIT_TP_HIT,0.1868
1433,TRUMP_USDT,SHORT,StochasticRSI(FAST_SCALP-SHORT),2,0.2,1.617,1.615,1.615,1.623,2026-07-11 01:39:59 UTC,2026-07-11 01:40:38 UTC,38.55,0.3234,0.0043,0.0,0.0004,0.04,9.28,MIN_PROFIT_TP_HIT,0.1872
1434,TRUMP_USDT,LONG,StochasticRSI(FAST_SCALP-LONG),2,0.2,1.617,1.611,1.619,1.611,2026-07-11 01:43:59 UTC,2026-07-11 01:58:30 UTC,870.54,0.3234,0.0043,0.0,-0.0012,-0.11,-27.83,STOP_LOSS_HIT,0.186
1435,TRUMP_USDT,LONG,StochasticRSI(FAST_SCALP-LONG),2,0.2,1.611,1.613,1.613,1.605,2026-07-11 02:01:59 UTC,2026-07-11 02:06:26 UTC,266.68,0.3222,0.0043,0.0,0.0004,0.04,9.31,MIN_PROFIT_TP_HIT,0.1864
1436,TRUMP_USDT,SHORT,StochasticRSI(FAST_SCALP-SHORT),2,0.2,1.614,1.612,1.612,1.62,2026-07-11 02:11:59 UTC,2026-07-11 02:12:07 UTC,7.68,0.3228,0.0043,0.0,0.0004,0.04,9.29,MIN_PROFIT_TP_HIT,0.1868
1437,TRUMP_USDT,LONG,StochasticRSI(FAST_SCALP-LONG),2,0.2,1.61,1.612,1.612,1.604,2026-07-11 02:29:59 UTC,2026-07-11 02:37:51 UTC,471.72,0.322,0.0043,0.0,0.0004,0.04,9.32,MIN_PROFIT_TP_HIT,0.1872
1438,TRUMP_USDT,LONG,StochasticRSI(FAST_SCALP-LONG),2,0.2,1.613,1.615,1.615,1.607,2026-07-11 02:43:59 UTC,2026-07-11 02:56:01 UTC,721.9,0.3226,0.0043,0.0,0.0004,0.04,9.3,MIN_PROFIT_TP_HIT,0.1876
1439,TRUMP_USDT,SHORT,StochasticRSI(FAST_SCALP-SHORT),2,0.2,1.616,1.614,1.614,1.622,2026-07-11 02:59:59 UTC,2026-07-11 03:02:00 UTC,120.1,0.3232,0.0043,0.0,0.0004,0.04,9.28,MIN_PROFIT_TP_HIT,0.188
1440,TRUMP_USDT,SHORT,StochasticRSI(FAST_SCALP-SHORT),2,0.2,1.614,1.612,1.612,1.62,2026-07-11 03:03:59 UTC,2026-07-11 03:12:14 UTC,494.73,0.3228,0.0043,0.0,0.0004,0.04,9.29,MIN_PROFIT_TP_HIT,0.1884
1441,TRUMP_USDT,LONG,StochasticRSI(FAST_SCALP-LONG),2,0.2,1.613,1.607,1.615,1.607,2026-07-11 03:17:59 UTC,2026-07-11 03:18:17 UTC,17.01,0.3226,0.0043,0.0,-0.0012,-0.11,-27.9,STOP_LOSS_HIT,0.1872
1442,TRUMP_USDT,LONG,StochasticRSI(FAST_SCALP-LONG),2,0.2,1.611,1.613,1.613,1.605,2026-07-11 03:20:59 UTC,2026-07-11 03:34:13 UTC,793.27,0.3222,0.0043,0.0,0.0004,0.04,9.31,MIN_PROFIT_TP_HIT,0.1876
1443,TRUMP_USDT,SHORT,StochasticRSI(FAST_SCALP-SHORT),2,0.2,1.614,1.612,1.612,1.62,2026-07-11 03:38:59 UTC,2026-07-11 03:39:50 UTC,51.0,0.3228,0.0043,0.0,0.0004,0.04,9.29,MIN_PROFIT_TP_HIT,0.188
1444,TRUMP_USDT,LONG,StochasticRSI(FAST_SCALP-LONG),2,0.2,1.611,1.613,1.613,1.605,2026-07-11 03:46:59 UTC,2026-07-11 03:54:33 UTC,453.66,0.3222,0.0043,0.0,0.0004,0.04,9.31,MIN_PROFIT_TP_HIT,0.1884
1445,TRUMP_USDT,SHORT,StochasticRSI(FAST_SCALP-SHORT),2,0.2,1.61,1.608,1.608,1.616,2026-07-11 03:58:59 UTC,2026-07-11 04:07:15 UTC,495.41,0.322,0.0043,0.0,0.0004,0.04,9.32,MIN_PROFIT_TP_HIT,0.1888
1446,TRUMP_USDT,SHORT,StochasticRSI(FAST_SCALP-SHORT),2,0.2,1.607,1.605,1.605,1.613,2026-07-11 04:17:59 UTC,2026-07-11 04:26:42 UTC,522.35,0.3214,0.0043,0.0,0.0004,0.04,9.33,MIN_PROFIT_TP_HIT,0.1892
1447,TRUMP_USDT,SHORT,StochasticRSI(FAST_SCALP-SHORT),2,0.2,1.605,1.603,1.603,1.611,2026-07-11 04:27:59 UTC,2026-07-11 05:00:22 UTC,1942.61,0.321,0.0043,0.0,0.0004,0.04,9.35,MIN_PROFIT_TP_HIT,0.1896
1448,TRUMP_USDT,SHORT,StochasticRSI(FAST_SCALP-SHORT),2,0.2,1.605,1.611,1.603,1.611,2026-07-11 05:15:59 UTC,2026-07-11 05:33:10 UTC,1030.63,0.321,0.0043,0.0,-0.0012,-0.11,-28.04,STOP_LOSS_HIT,0.1884
1449,TRUMP_USDT,SHORT,StochasticRSI(FAST_SCALP-SHORT),2,0.2,1.611,1.609,1.609,1.617,2026-07-11 05:40:59 UTC,2026-07-11 05:41:11 UTC,11.98,0.3222,0.0043,0.0,0.0004,0.04,9.31,MIN_PROFIT_TP_HIT,0.1888
1450,TRUMP_USDT,LONG,StochasticRSI(FAST_SCALP-LONG),2,0.2,1.606,1.608,1.608,1.6,2026-07-11 05:46:59 UTC,2026-07-11 05:59:27 UTC,747.49,0.3212,0.0043,0.0,0.0004,0.04,9.34,MIN_PROFIT_TP_HIT,0.1892
1451,TRUMP_USDT,SHORT,StochasticRSI(FAST_SCALP-SHORT),2,0.2,1.606,1.604,1.604,1.612,2026-07-11 06:01:59 UTC,2026-07-11 06:02:02 UTC,2.62,0.3212,0.0043,0.0,0.0004,0.04,9.34,MIN_PROFIT_TP_HIT,0.1896
1452,TRUMP_USDT,LONG,StochasticRSI(FAST_SCALP-LONG),2,0.2,1.603,1.605,1.605,1.597,2026-07-11 06:09:59 UTC,2026-07-11 06:10:00 UTC,0.97,0.3206,0.0043,0.0,0.0004,0.04,9.36,MIN_PROFIT_TP_HIT,0.19
1453,TRUMP_USDT,SHORT,StochasticRSI(FAST_SCALP-SHORT),2,0.2,1.608,1.606,1.606,1.614,2026-07-11 06:17:59 UTC,2026-07-11 06:50:54 UTC,1974.45,0.3216,0.0043,0.0,0.0004,0.04,9.33,MIN_PROFIT_TP_HIT,0.1904
1454,TRUMP_USDT,LONG,StochasticRSI(FAST_SCALP-LONG),2,0.2,1.606,1.608,1.608,1.6,2026-07-11 06:55:59 UTC,2026-07-11 07:28:01 UTC,1921.3,0.3212,0.0043,0.0,0.0004,0.04,9.34,MIN_PROFIT_TP_HIT,0.1908
1455,TRUMP_USDT,LONG,StochasticRSI(FAST_SCALP-LONG),2,0.2,1.603,1.605,1.605,1.597,2026-07-11 07:37:59 UTC,2026-07-11 07:38:54 UTC,54.19,0.3206,0.0043,0.0,0.0004,0.04,9.36,MIN_PROFIT_TP_HIT,0.1912
1456,TRUMP_USDT,LONG,StochasticRSI(FAST_SCALP-LONG),2,0.2,1.603,1.605,1.605,1.597,2026-07-11 07:49:59 UTC,2026-07-11 07:59:40 UTC,580.39,0.3206,0.0043,0.0,0.0004,0.04,9.36,MIN_PROFIT_TP_HIT,0.1916
1457,TRUMP_USDT,SHORT,StochasticRSI(FAST_SCALP-SHORT),2,0.2,1.602,1.608,1.6,1.608,2026-07-11 08:01:59 UTC,2026-07-11 09:02:51 UTC,3651.93,0.3204,0.0043,0.0,-0.0012,-0.11,-28.09,STOP_LOSS_HIT,0.1904
1458,TRUMP_USDT,SHORT,StochasticRSI(FAST_SCALP-SHORT),2,0.2,1.613,1.611,1.611,1.619,2026-07-11 09:07:59 UTC,2026-07-11 09:19:50 UTC,710.67,0.3226,0.0043,0.0,0.0004,0.04,9.3,MIN_PROFIT_TP_HIT,0.1908
1459,TRUMP_USDT,LONG,StochasticRSI(FAST_SCALP-LONG),2,0.2,1.609,1.611,1.611,1.603,2026-07-11 09:23:59 UTC,2026-07-11 09:28:55 UTC,295.15,0.3218,0.0043,0.0,0.0004,0.04,9.32,MIN_PROFIT_TP_HIT,0.1912
1460,TRUMP_USDT,SHORT,StochasticRSI(FAST_SCALP-SHORT),2,0.2,1.609,1.615,1.607,1.615,2026-07-11 09:32:59 UTC,2026-07-11 09:38:33 UTC,333.05,0.3218,0.0043,0.0,-0.0012,-0.11,-27.97,STOP_LOSS_HIT,0.19
1461,TRUMP_USDT,SHORT,StochasticRSI(FAST_SCALP-SHORT),2,0.2,1.613,1.611,1.611,1.619,2026-07-11 09:41:59 UTC,2026-07-11 09:44:19 UTC,139.47,0.3226,0.0043,0.0,0.0004,0.04,9.3,MIN_PROFIT_TP_HIT,0.1904
1462,TRUMP_USDT,LONG,StochasticRSI(FAST_SCALP-LONG),2,0.2,1.608,1.61,1.61,1.602,2026-07-11 09:50:59 UTC,2026-07-11 11:06:46 UTC,4546.5,0.3216,0.0043,0.0,0.0004,0.04,9.33,MIN_PROFIT_TP_HIT,0.1908
1463,TRUMP_USDT,SHORT,StochasticRSI(FAST_SCALP-SHORT),2,0.2,1.612,1.61,1.61,1.618,2026-07-11 11:10:59 UTC,2026-07-11 11:11:41 UTC,41.98,0.3224,0.0043,0.0,0.0004,0.04,9.31,MIN_PROFIT_TP_HIT,0.1912
1464,TRUMP_USDT,LONG,StochasticRSI(FAST_SCALP-LONG),2,0.2,1.611,1.613,1.613,1.605,2026-07-11 11:22:59 UTC,2026-07-11 11:40:06 UTC,1026.46,0.3222,0.0043,0.0,0.0004,0.04,9.31,MIN_PROFIT_TP_HIT,0.1916
1465,TRUMP_USDT,LONG,StochasticRSI(FAST_SCALP-LONG),2,0.2,1.612,1.614,1.614,1.606,2026-07-11 11:54:59 UTC,2026-07-11 11:56:27 UTC,87.16,0.3224,0.0043,0.0,0.0004,0.04,9.31,MIN_PROFIT_TP_HIT,0.192
1466,TRUMP_USDT,LONG,StochasticRSI(FAST_SCALP-LONG),2,0.2,1.612,1.614,1.614,1.606,2026-07-11 12:03:59 UTC,2026-07-11 12:04:42 UTC,42.5,0.3224,0.0043,0.0,0.0004,0.04,9.31,MIN_PROFIT_TP_HIT,0.1924
1467,TRUMP_USDT,SHORT,StochasticRSI(FAST_SCALP-SHORT),2,0.2,1.613,1.611,1.611,1.619,2026-07-11 12:08:59 UTC,2026-07-11 12:36:00 UTC,1620.09,0.3226,0.0043,0.0,0.0004,0.04,9.3,MIN_PROFIT_TP_HIT,0.1928
1468,TRUMP_USDT,LONG,StochasticRSI(FAST_SCALP-LONG),2,0.2,1.609,1.611,1.611,1.603,2026-07-11 12:39:59 UTC,2026-07-11 12:40:29 UTC,29.15,0.3218,0.0043,0.0,0.0004,0.04,9.32,MIN_PROFIT_TP_HIT,0.1932
1469,TRUMP_USDT,LONG,StochasticRSI(FAST_SCALP-LONG),2,0.2,1.611,1.613,1.613,1.605,2026-07-11 12:42:59 UTC,2026-07-11 12:47:04 UTC,244.2,0.3222,0.0043,0.0,0.0004,0.04,9.31,MIN_PROFIT_TP_HIT,0.1936
1470,TRUMP_USDT,SHORT,StochasticRSI(FAST_SCALP-SHORT),2,0.2,1.614,1.612,1.612,1.62,2026-07-11 12:50:59 UTC,2026-07-11 12:57:26 UTC,386.12,0.3228,0.0043,0.0,0.0004,0.04,9.29,MIN_PROFIT_TP_HIT,0.194
1471,TRUMP_USDT,LONG,StochasticRSI(FAST_SCALP-LONG),2,0.2,1.612,1.614,1.614,1.606,2026-07-11 13:02:59 UTC,2026-07-11 13:18:00 UTC,900.22,0.3224,0.0043,0.0,0.0004,0.04,9.31,MIN_PROFIT_TP_HIT,0.1944
1472,TRUMP_USDT,SHORT,StochasticRSI(FAST_SCALP-SHORT),2,0.2,1.613,1.619,1.611,1.619,2026-07-11 13:21:59 UTC,2026-07-11 13:32:40 UTC,640.77,0.3226,0.0043,0.0,-0.0012,-0.11,-27.9,STOP_LOSS_HIT,0.1932
1473,TRUMP_USDT,LONG,StochasticRSI(FAST_SCALP-LONG),2,0.2,1.615,1.617,1.617,1.609,2026-07-11 13:37:59 UTC,2026-07-11 14:18:02 UTC,2402.66,0.323,0.0043,0.0,0.0004,0.04,9.29,MIN_PROFIT_TP_HIT,0.1936
1474,TRUMP_USDT,SHORT,StochasticRSI(FAST_SCALP-SHORT),2,0.2,1.617,1.615,1.615,1.623,2026-07-11 14:24:59 UTC,2026-07-11 14:26:13 UTC,73.83,0.3234,0.0043,0.0,0.0004,0.04,9.28,MIN_PROFIT_TP_HIT,0.194
1475,TRUMP_USDT,LONG,StochasticRSI(FAST_SCALP-LONG),2,0.2,1.619,1.621,1.621,1.613,2026-07-11 14:31:59 UTC,2026-07-11 14:35:44 UTC,224.74,0.3238,0.0043,0.0,0.0004,0.04,9.26,MIN_PROFIT_TP_HIT,0.1944
1476,TRUMP_USDT,SHORT,StochasticRSI(FAST_SCALP-SHORT),2,0.2,1.622,1.62,1.62,1.628,2026-07-11 14:38:59 UTC,2026-07-11 14:39:53 UTC,53.88,0.3244,0.0043,0.0,0.0004,0.04,9.25,MIN_PROFIT_TP_HIT,0.1948
1477,TRUMP_USDT,LONG,StochasticRSI(FAST_SCALP-LONG),2,0.2,1.624,1.626,1.626,1.618,2026-07-11 14:47:59 UTC,2026-07-11 14:48:32 UTC,32.68,0.3248,0.0043,0.0,0.0004,0.04,9.24,MIN_PROFIT_TP_HIT,0.1952
1478,TRUMP_USDT,LONG,StochasticRSI(FAST_SCALP-LONG),2,0.2,1.628,1.63,1.63,1.622,2026-07-11 15:03:59 UTC,2026-07-11 15:11:10 UTC,430.41,0.3256,0.0043,0.0,0.0004,0.04,9.21,MIN_PROFIT_TP_HIT,0.1956
1479,TRUMP_USDT,LONG,StochasticRSI(FAST_SCALP-LONG),2,0.2,1.625,1.627,1.627,1.619,2026-07-11 15:19:59 UTC,2026-07-11 15:22:23 UTC,143.53,0.325,0.0043,0.0,0.0004,0.04,9.23,MIN_PROFIT_TP_HIT,0.196
1480,TRUMP_USDT,SHORT,StochasticRSI(FAST_SCALP-SHORT),2,0.2,1.625,1.623,1.623,1.631,2026-07-11 15:26:59 UTC,2026-07-11 15:36:56 UTC,596.85,0.325,0.0043,0.0,0.0004,0.04,9.23,MIN_PROFIT_TP_HIT,0.1964
1481,TRUMP_USDT,SHORT,StochasticRSI(FAST_SCALP-SHORT),2,0.2,1.615,1.613,1.613,1.621,2026-07-11 15:37:59 UTC,2026-07-11 15:38:16 UTC,16.19,0.323,0.0043,0.0,0.0004,0.04,9.29,MIN_PROFIT_TP_HIT,0.1968
1482,TRUMP_USDT,LONG,StochasticRSI(FAST_SCALP-LONG),2,0.2,1.617,1.611,1.619,1.611,2026-07-11 15:41:59 UTC,2026-07-11 15:47:26 UTC,326.67,0.3234,0.0043,0.0,-0.0012,-0.11,-27.83,STOP_LOSS_HIT,0.1956
1483,TRUMP_USDT,SHORT,StochasticRSI(FAST_SCALP-SHORT),2,0.2,1.616,1.614,1.614,1.622,2026-07-11 15:57:59 UTC,2026-07-11 16:03:36 UTC,336.83,0.3232,0.0043,0.0,0.0004,0.04,9.28,MIN_PROFIT_TP_HIT,0.196
1484,TRUMP_USDT,LONG,StochasticRSI(FAST_SCALP-LONG),2,0.2,1.613,1.615,1.615,1.607,2026-07-11 16:06:59 UTC,2026-07-11 16:07:14 UTC,14.93,0.3226,0.0043,0.0,0.0004,0.04,9.3,MIN_PROFIT_TP_HIT,0.1964
1485,TRUMP_USDT,SHORT,StochasticRSI(FAST_SCALP-SHORT),2,0.2,1.614,1.612,1.612,1.62,2026-07-11 16:16:59 UTC,2026-07-11 16:20:44 UTC,224.87,0.3228,0.0043,0.0,0.0004,0.04,9.29,MIN_PROFIT_TP_HIT,0.1968
1486,TRUMP_USDT,LONG,StochasticRSI(FAST_SCALP-LONG),2,0.2,1.613,1.615,1.615,1.607,2026-07-11 16:23:59 UTC,2026-07-11 16:24:00 UTC,0.15,0.3226,0.0043,0.0,0.0004,0.04,9.3,MIN_PROFIT_TP_HIT,0.1972
1487,TRUMP_USDT,SHORT,StochasticRSI(FAST_SCALP-SHORT),2,0.2,1.616,1.614,1.614,1.622,2026-07-11 16:30:59 UTC,2026-07-11 16:36:34 UTC,334.56,0.3232,0.0043,0.0,0.0004,0.04,9.28,MIN_PROFIT_TP_HIT,0.1976
1488,TRUMP_USDT,LONG,StochasticRSI(FAST_SCALP-LONG),2,0.2,1.614,1.616,1.616,1.608,2026-07-11 16:38:59 UTC,2026-07-11 16:48:35 UTC,575.72,0.3228,0.0043,0.0,0.0004,0.04,9.29,MIN_PROFIT_TP_HIT,0.198
1489,TRUMP_USDT,SHORT,StochasticRSI(FAST_SCALP-SHORT),2,0.2,1.618,1.616,1.616,1.624,2026-07-11 16:52:59 UTC,2026-07-11 16:53:42 UTC,42.72,0.3236,0.0043,0.0,0.0004,0.04,9.27,MIN_PROFIT_TP_HIT,0.1984
1490,TRUMP_USDT,SHORT,StochasticRSI(FAST_SCALP-SHORT),2,0.2,1.617,1.623,1.615,1.623,2026-07-11 17:03:59 UTC,2026-07-11 17:10:44 UTC,404.28,0.3234,0.0043,0.0,-0.0012,-0.11,-27.83,STOP_LOSS_HIT,0.1972
1491,TRUMP_USDT,SHORT,StochasticRSI(FAST_SCALP-SHORT),2,0.2,1.623,1.621,1.621,1.629,2026-07-11 17:11:59 UTC,2026-07-11 17:42:27 UTC,1827.3,0.3246,0.0043,0.0,0.0004,0.04,9.24,MIN_PROFIT_TP_HIT,0.1976
1492,TRUMP_USDT,SHORT,StochasticRSI(FAST_SCALP-SHORT),2,0.2,1.624,1.622,1.622,1.63,2026-07-11 17:47:59 UTC,2026-07-11 17:48:14 UTC,14.78,0.3248,0.0043,0.0,0.0004,0.04,9.24,MIN_PROFIT_TP_HIT,0.198
1493,TRUMP_USDT,LONG,StochasticRSI(FAST_SCALP-LONG),2,0.2,1.622,1.624,1.624,1.616,2026-07-11 17:52:59 UTC,2026-07-11 18:14:15 UTC,1275.47,0.3244,0.0043,0.0,0.0004,0.04,9.25,MIN_PROFIT_TP_HIT,0.1984
1494,TRUMP_USDT,SHORT,StochasticRSI(FAST_SCALP-SHORT),2,0.2,1.623,1.629,1.621,1.629,2026-07-11 18:15:59 UTC,2026-07-11 18:28:16 UTC,736.37,0.3246,0.0043,0.0,-0.0012,-0.11,-27.73,STOP_LOSS_HIT,0.1972
1495,TRUMP_USDT,SHORT,StochasticRSI(FAST_SCALP-SHORT),2,0.2,1.626,1.624,1.624,1.632,2026-07-11 18:34:59 UTC,2026-07-11 18:45:26 UTC,626.66,0.3252,0.0043,0.0,0.0004,0.04,9.23,MIN_PROFIT_TP_HIT,0.1976
1496,TRUMP_USDT,LONG,StochasticRSI(FAST_SCALP-LONG),2,0.2,1.624,1.626,1.626,1.618,2026-07-11 18:47:59 UTC,2026-07-11 19:10:32 UTC,1352.73,0.3248,0.0043,0.0,0.0004,0.04,9.24,MIN_PROFIT_TP_HIT,0.198
1497,TRUMP_USDT,SHORT,StochasticRSI(FAST_SCALP-SHORT),2,0.2,1.626,1.624,1.624,1.632,2026-07-11 19:12:59 UTC,2026-07-11 19:14:22 UTC,82.68,0.3252,0.0043,0.0,0.0004,0.04,9.23,MIN_PROFIT_TP_HIT,0.1984
1498,TRUMP_USDT,LONG,StochasticRSI(FAST_SCALP-LONG),2,0.2,1.624,1.626,1.626,1.618,2026-07-11 19:20:59 UTC,2026-07-11 19:22:09 UTC,69.29,0.3248,0.0043,0.0,0.0004,0.04,9.24,MIN_PROFIT_TP_HIT,0.1988
1499,TRUMP_USDT,SHORT,StochasticRSI(FAST_SCALP-SHORT),2,0.2,1.624,1.622,1.622,1.63,2026-07-11 19:26:59 UTC,2026-07-11 19:27:33 UTC,33.25,0.3248,0.0043,0.0,0.0004,0.04,9.24,MIN_PROFIT_TP_HIT,0.1992
1500,TRUMP_USDT,LONG,StochasticRSI(FAST_SCALP-LONG),2,0.2,1.62,1.622,1.622,1.614,2026-07-11 19:37:59 UTC,2026-07-11 19:38:12 UTC,12.43,0.324,0.0043,0.0,0.0004,0.04,9.26,MIN_PROFIT_TP_HIT,0.1996
1501,TRUMP_USDT,SHORT,StochasticRSI(FAST_SCALP-SHORT),2,0.2,1.621,1.627,1.619,1.627,2026-07-11 19:47:59 UTC,2026-07-11 20:05:00 UTC,1020.7,0.3242,0.0043,0.0,-0.0012,-0.11,-27.76,STOP_LOSS_HIT,0.1984
1502,TRUMP_USDT,LONG,StochasticRSI(FAST_SCALP-LONG),2,0.2,1.627,1.629,1.629,1.621,2026-07-11 20:13:59 UTC,2026-07-11 20:30:17 UTC,977.59,0.3254,0.0043,0.0,0.0004,0.04,9.22,MIN_PROFIT_TP_HIT,0.1988
1503,TRUMP_USDT,LONG,StochasticRSI(FAST_SCALP-LONG),2,0.2,1.627,1.629,1.629,1.621,2026-07-11 20:38:59 UTC,2026-07-11 21:00:10 UTC,1270.92,0.3254,0.0043,0.0,0.0004,0.04,9.22,MIN_PROFIT_TP_HIT,0.1992
1504,TRUMP_USDT,SHORT,StochasticRSI(FAST_SCALP-SHORT),2,0.2,1.628,1.626,1.626,1.634,2026-07-11 21:04:59 UTC,2026-07-11 21:13:05 UTC,485.46,0.3256,0.0043,0.0,0.0004,0.04,9.21,MIN_PROFIT_TP_HIT,0.1996
1505,TRUMP_USDT,LONG,StochasticRSI(FAST_SCALP-LONG),2,0.2,1.624,1.626,1.626,1.618,2026-07-11 21:14:59 UTC,2026-07-11 21:16:45 UTC,105.02,0.3248,0.0043,0.0,0.0004,0.04,9.24,MIN_PROFIT_TP_HIT,0.2
1506,TRUMP_USDT,SHORT,StochasticRSI(FAST_SCALP-SHORT),2,0.2,1.628,1.626,1.626,1.634,2026-07-11 21:31:59 UTC,2026-07-11 21:40:18 UTC,498.37,0.3256,0.0043,0.0,0.0004,0.04,9.21,MIN_PROFIT_TP_HIT,0.2004
1507,TRUMP_USDT,LONG,StochasticRSI(FAST_SCALP-LONG),2,0.2,1.625,1.627,1.627,1.619,2026-07-11 21:49:59 UTC,2026-07-11 21:50:37 UTC,37.34,0.325,0.0043,0.0,0.0004,0.04,9.23,MIN_PROFIT_TP_HIT,0.2008
1508,TRUMP_USDT,SHORT,StochasticRSI(FAST_SCALP-SHORT),2,0.2,1.625,1.623,1.623,1.631,2026-07-11 21:56:59 UTC,2026-07-11 22:00:04 UTC,184.95,0.325,0.0043,0.0,0.0004,0.04,9.23,MIN_PROFIT_TP_HIT,0.2012
1509,TRUMP_USDT,SHORT,StochasticRSI(FAST_SCALP-SHORT),2,0.2,1.625,1.623,1.623,1.631,2026-07-11 22:10:59 UTC,2026-07-11 22:11:33 UTC,33.43,0.325,0.0043,0.0,0.0004,0.04,9.23,MIN_PROFIT_TP_HIT,0.2016
1510,TRUMP_USDT,SHORT,StochasticRSI(FAST_SCALP-SHORT),2,0.2,1.622,1.62,1.62,1.628,2026-07-11 22:14:59 UTC,2026-07-11 22:19:30 UTC,270.74,0.3244,0.0043,0.0,0.0004,0.04,9.25,MIN_PROFIT_TP_HIT,0.202
1511,TRUMP_USDT,LONG,StochasticRSI(FAST_SCALP-LONG),2,0.2,1.613,1.615,1.615,1.607,2026-07-11 22:23:59 UTC,2026-07-11 22:31:10 UTC,430.05,0.3226,0.0043,0.0,0.0004,0.04,9.3,MIN_PROFIT_TP_HIT,0.2024
1512,TRUMP_USDT,SHORT,StochasticRSI(FAST_SCALP-SHORT),2,0.2,1.616,1.614,1.614,1.622,2026-07-11 22:34:59 UTC,2026-07-11 22:37:09 UTC,129.04,0.3232,0.0043,0.0,0.0004,0.04,9.28,MIN_PROFIT_TP_HIT,0.2028
1513,TRUMP_USDT,SHORT,StochasticRSI(FAST_SCALP-SHORT),2,0.2,1.615,1.613,1.613,1.621,2026-07-11 22:38:59 UTC,2026-07-11 22:39:34 UTC,34.25,0.323,0.0043,0.0,0.0004,0.04,9.29,MIN_PROFIT_TP_HIT,0.2032
1514,TRUMP_USDT,SHORT,StochasticRSI(FAST_SCALP-SHORT),2,0.2,1.61,1.608,1.608,1.616,2026-07-11 23:02:59 UTC,2026-07-11 23:08:24 UTC,324.47,0.322,0.0043,0.0,0.0004,0.04,9.32,MIN_PROFIT_TP_HIT,0.2036
1515,TRUMP_USDT,LONG,StochasticRSI(FAST_SCALP-LONG),2,0.2,1.606,1.608,1.608,1.6,2026-07-11 23:14:59 UTC,2026-07-11 23:15:39 UTC,39.35,0.3212,0.0043,0.0,0.0004,0.04,9.34,MIN_PROFIT_TP_HIT,0.204
1516,TRUMP_USDT,SHORT,StochasticRSI(FAST_SCALP-SHORT),2,0.2,1.605,1.603,1.603,1.611,2026-07-11 23:20:59 UTC,2026-07-11 23:21:45 UTC,45.98,0.321,0.0043,0.0,0.0004,0.04,9.35,MIN_PROFIT_TP_HIT,0.2044
1517,TRUMP_USDT,LONG,StochasticRSI(FAST_SCALP-LONG),2,0.2,1.593,1.595,1.595,1.587,2026-07-11 23:34:59 UTC,2026-07-11 23:39:00 UTC,240.38,0.3186,0.0042,0.0,0.0004,0.04,9.42,MIN_PROFIT_TP_HIT,0.2048
1518,TRUMP_USDT,SHORT,StochasticRSI(FAST_SCALP-SHORT),2,0.2,1.593,1.599,1.591,1.599,2026-07-11 23:40:59 UTC,2026-07-11 23:49:23 UTC,503.86,0.3186,0.0042,0.0,-0.0012,-0.11,-28.25,STOP_LOSS_HIT,0.2036
1519,TRUMP_USDT,LONG,StochasticRSI(FAST_SCALP-LONG),2,0.2,1.568,1.57,1.57,1.562,2026-07-12 00:02:59 UTC,2026-07-12 00:03:08 UTC,8.4,0.3136,0.0042,0.0,0.0004,0.04,9.57,MIN_PROFIT_TP_HIT,0.204
1520,TRUMP_USDT,SHORT,StochasticRSI(FAST_SCALP-SHORT),2,0.2,1.563,1.561,1.561,1.569,2026-07-12 00:08:59 UTC,2026-07-12 00:09:07 UTC,7.2,0.3126,0.0042,0.0,0.0004,0.04,9.6,MIN_PROFIT_TP_HIT,0.2044
1521,TRUMP_USDT,SHORT,StochasticRSI(FAST_SCALP-SHORT),2,0.2,1.567,1.565,1.565,1.573,2026-07-12 00:15:59 UTC,2026-07-12 00:17:15 UTC,75.13,0.3134,0.0042,0.0,0.0004,0.04,9.57,MIN_PROFIT_TP_HIT,0.2048
1522,TRUMP_USDT,SHORT,StochasticRSI(FAST_SCALP-SHORT),2,0.2,1.565,1.571,1.563,1.571,2026-07-12 00:19:59 UTC,2026-07-12 00:26:58 UTC,418.44,0.313,0.0042,0.0,-0.0012,-0.11,-28.75,STOP_LOSS_HIT,0.2036
1523,TRUMP_USDT,SHORT,StochasticRSI(FAST_SCALP-SHORT),2,0.2,1.567,1.565,1.565,1.573,2026-07-12 00:29:59 UTC,2026-07-12 00:30:02 UTC,2.44,0.3134,0.0042,0.0,0.0004,0.04,9.57,MIN_PROFIT_TP_HIT,0.204
1524,TRUMP_USDT,LONG,StochasticRSI(FAST_SCALP-LONG),2,0.2,1.564,1.566,1.566,1.558,2026-07-12 00:33:59 UTC,2026-07-12 00:34:01 UTC,1.19,0.3128,0.0042,0.0,0.0004,0.04,9.59,MIN_PROFIT_TP_HIT,0.2044
1525,TRUMP_USDT,SHORT,StochasticRSI(FAST_SCALP-SHORT),2,0.2,1.564,1.562,1.562,1.57,2026-07-12 00:38:59 UTC,2026-07-12 00:39:20 UTC,20.1,0.3128,0.0042,0.0,0.0004,0.04,9.59,MIN_PROFIT_TP_HIT,0.2048
1526,TRUMP_USDT,SHORT,StochasticRSI(FAST_SCALP-SHORT),2,0.2,1.563,1.569,1.561,1.569,2026-07-12 00:47:59 UTC,2026-07-12 01:02:43 UTC,883.43,0.3126,0.0042,0.0,-0.0012,-0.11,-28.79,STOP_LOSS_HIT,0.2036
1527,TRUMP_USDT,SHORT,StochasticRSI(FAST_SCALP-SHORT),2,0.2,1.573,1.579,1.571,1.579,2026-07-12 01:18:59 UTC,2026-07-12 01:33:26 UTC,866.18,0.3146,0.0042,0.0,-0.0012,-0.11,-28.61,STOP_LOSS_HIT,0.2024
1528,TRUMP_USDT,SHORT,StochasticRSI(FAST_SCALP-SHORT),2,0.2,1.577,1.575,1.575,1.583,2026-07-12 01:37:59 UTC,2026-07-12 02:03:22 UTC,1522.57,0.3154,0.0042,0.0,0.0004,0.04,9.51,MIN_PROFIT_TP_HIT,0.2028
1529,TRUMP_USDT,LONG,StochasticRSI(FAST_SCALP-LONG),2,0.2,1.575,1.577,1.577,1.569,2026-07-12 02:08:59 UTC,2026-07-12 02:09:26 UTC,26.16,0.315,0.0042,0.0,0.0004,0.04,9.52,MIN_PROFIT_TP_HIT,0.2032
1530,TRUMP_USDT,SHORT,StochasticRSI(FAST_SCALP-SHORT),2,0.2,1.576,1.574,1.574,1.582,2026-07-12 02:19:59 UTC,2026-07-12 02:33:23 UTC,803.44,0.3152,0.0042,0.0,0.0004,0.04,9.52,MIN_PROFIT_TP_HIT,0.2036
1531,TRUMP_USDT,LONG,StochasticRSI(FAST_SCALP-LONG),2,0.2,1.575,1.577,1.577,1.569,2026-07-12 02:36:59 UTC,2026-07-12 02:51:02 UTC,842.53,0.315,0.0042,0.0,0.0004,0.04,9.52,MIN_PROFIT_TP_HIT,0.204
1532,TRUMP_USDT,SHORT,StochasticRSI(FAST_SCALP-SHORT),2,0.2,1.577,1.575,1.575,1.583,2026-07-12 02:56:59 UTC,2026-07-12 03:10:24 UTC,804.49,0.3154,0.0042,0.0,0.0004,0.04,9.51,MIN_PROFIT_TP_HIT,0.2044
1533,TRUMP_USDT,LONG,StochasticRSI(FAST_SCALP-LONG),2,0.2,1.577,1.579,1.579,1.571,2026-07-12 03:13:59 UTC,2026-07-12 03:15:15 UTC,75.98,0.3154,0.0042,0.0,0.0004,0.04,9.51,MIN_PROFIT_TP_HIT,0.2048
1534,TRUMP_USDT,SHORT,StochasticRSI(FAST_SCALP-SHORT),2,0.2,1.58,1.578,1.578,1.586,2026-07-12 03:26:59 UTC,2026-07-12 04:01:52 UTC,2092.08,0.316,0.0042,0.0,0.0004,0.04,9.49,MIN_PROFIT_TP_HIT,0.2052
1535,TRUMP_USDT,LONG,StochasticRSI(FAST_SCALP-LONG),2,0.2,1.579,1.581,1.581,1.573,2026-07-12 04:04:59 UTC,2026-07-12 04:05:41 UTC,41.24,0.3158,0.0042,0.0,0.0004,0.04,9.5,MIN_PROFIT_TP_HIT,0.2056
1536,TRUMP_USDT,SHORT,StochasticRSI(FAST_SCALP-SHORT),2,0.2,1.579,1.577,1.577,1.585,2026-07-12 04:20:59 UTC,2026-07-12 04:32:32 UTC,692.94,0.3158,0.0042,0.0,0.0004,0.04,9.5,MIN_PROFIT_TP_HIT,0.206
1537,TRUMP_USDT,LONG,StochasticRSI(FAST_SCALP-LONG),2,0.2,1.576,1.578,1.578,1.57,2026-07-12 04:36:59 UTC,2026-07-12 04:39:55 UTC,175.25,0.3152,0.0042,0.0,0.0004,0.04,9.52,MIN_PROFIT_TP_HIT,0.2064
1538,TRUMP_USDT,SHORT,StochasticRSI(FAST_SCALP-SHORT),2,0.2,1.581,1.579,1.579,1.587,2026-07-12 04:46:59 UTC,2026-07-12 04:49:20 UTC,140.07,0.3162,0.0042,0.0,0.0004,0.04,9.49,MIN_PROFIT_TP_HIT,0.2068
1539,TRUMP_USDT,LONG,StochasticRSI(FAST_SCALP-LONG),2,0.2,1.576,1.578,1.578,1.57,2026-07-12 04:53:59 UTC,2026-07-12 04:59:59 UTC,359.53,0.3152,0.0042,0.0,0.0004,0.04,9.52,MIN_PROFIT_TP_HIT,0.2072
1540,TRUMP_USDT,SHORT,StochasticRSI(FAST_SCALP-SHORT),2,0.2,1.577,1.575,1.575,1.583,2026-07-12 05:03:59 UTC,2026-07-12 05:07:47 UTC,227.49,0.3154,0.0042,0.0,0.0004,0.04,9.51,MIN_PROFIT_TP_HIT,0.2076
1541,TRUMP_USDT,SHORT,StochasticRSI(FAST_SCALP-SHORT),2,0.2,1.575,1.573,1.573,1.581,2026-07-12 05:08:59 UTC,2026-07-12 05:15:52 UTC,412.49,0.315,0.0042,0.0,0.0004,0.04,9.52,MIN_PROFIT_TP_HIT,0.208
1542,TRUMP_USDT,LONG,StochasticRSI(FAST_SCALP-LONG),2,0.2,1.567,1.569,1.569,1.561,2026-07-12 05:19:59 UTC,2026-07-12 05:26:59 UTC,419.5,0.3134,0.0042,0.0,0.0004,0.04,9.57,MIN_PROFIT_TP_HIT,0.2084
1543,TRUMP_USDT,SHORT,StochasticRSI(FAST_SCALP-SHORT),2,0.2,1.571,1.569,1.569,1.577,2026-07-12 05:48:59 UTC,2026-07-12 06:01:13 UTC,733.52,0.3142,0.0042,0.0,0.0004,0.04,9.55,MIN_PROFIT_TP_HIT,0.2088
1544,TRUMP_USDT,LONG,StochasticRSI(FAST_SCALP-LONG),2,0.2,1.562,1.556,1.564,1.556,2026-07-12 06:07:59 UTC,2026-07-12 06:14:25 UTC,385.21,0.3124,0.0042,0.0,-0.0012,-0.11,-28.81,STOP_LOSS_HIT,0.2076
1545,TRUMP_USDT,SHORT,StochasticRSI(FAST_SCALP-SHORT),2,0.2,1.557,1.555,1.555,1.563,2026-07-12 06:23:59 UTC,2026-07-12 06:26:41 UTC,161.08,0.3114,0.0042,0.0,0.0004,0.04,9.63,MIN_PROFIT_TP_HIT,0.208
1546,TRUMP_USDT,SHORT,StochasticRSI(FAST_SCALP-SHORT),2,0.2,1.557,1.555,1.555,1.563,2026-07-12 06:27:59 UTC,2026-07-12 06:28:11 UTC,11.08,0.3114,0.0042,0.0,0.0004,0.04,9.63,MIN_PROFIT_TP_HIT,0.2084
1547,TRUMP_USDT,SHORT,StochasticRSI(FAST_SCALP-SHORT),2,0.2,1.561,1.559,1.559,1.567,2026-07-12 06:40:59 UTC,2026-07-12 06:41:02 UTC,2.45,0.3122,0.0042,0.0,0.0004,0.04,9.61,MIN_PROFIT_TP_HIT,0.2088
1548,TRUMP_USDT,LONG,StochasticRSI(FAST_SCALP-LONG),2,0.2,1.563,1.565,1.565,1.557,2026-07-12 06:55:59 UTC,2026-07-12 07:04:44 UTC,524.67,0.3126,0.0042,0.0,0.0004,0.04,9.6,MIN_PROFIT_TP_HIT,0.2092
1549,TRUMP_USDT,LONG,StochasticRSI(FAST_SCALP-LONG),2,0.2,1.565,1.567,1.567,1.559,2026-07-12 07:10:59 UTC,2026-07-12 07:21:38 UTC,638.9,0.313,0.0042,0.0,0.0004,0.04,9.58,MIN_PROFIT_TP_HIT,0.2096
1550,TRUMP_USDT,SHORT,StochasticRSI(FAST_SCALP-SHORT),2,0.2,1.567,1.565,1.565,1.573,2026-07-12 07:24:59 UTC,2026-07-12 07:25:29 UTC,29.82,0.3134,0.0042,0.0,0.0004,0.04,9.57,MIN_PROFIT_TP_HIT,0.21
1551,TRUMP_USDT,SHORT,StochasticRSI(FAST_SCALP-SHORT),2,0.2,1.566,1.564,1.564,1.572,2026-07-12 07:26:59 UTC,2026-07-12 07:29:38 UTC,158.62,0.3132,0.0042,0.0,0.0004,0.04,9.58,MIN_PROFIT_TP_HIT,0.2104
1552,TRUMP_USDT,SHORT,StochasticRSI(FAST_SCALP-SHORT),2,0.2,1.564,1.562,1.562,1.57,2026-07-12 07:46:59 UTC,2026-07-12 07:50:36 UTC,216.37,0.3128,0.0042,0.0,0.0004,0.04,9.59,MIN_PROFIT_TP_HIT,0.2108
1553,TRUMP_USDT,LONG,StochasticRSI(FAST_SCALP-LONG),2,0.2,1.564,1.566,1.566,1.558,2026-07-12 07:53:59 UTC,2026-07-12 07:55:52 UTC,112.11,0.3128,0.0042,0.0,0.0004,0.04,9.59,MIN_PROFIT_TP_HIT,0.2112
1554,TRUMP_USDT,SHORT,StochasticRSI(FAST_SCALP-SHORT),2,0.2,1.569,1.575,1.567,1.575,2026-07-12 08:11:59 UTC,2026-07-12 08:59:02 UTC,2822.6,0.3138,0.0042,0.0,-0.0012,-0.11,-28.68,STOP_LOSS_HIT,0.21
1555,TRUMP_USDT,SHORT,StochasticRSI(FAST_SCALP-SHORT),2,0.2,1.573,1.571,1.571,1.579,2026-07-12 09:01:59 UTC,2026-07-12 09:11:18 UTC,558.75,0.3146,0.0042,0.0,0.0004,0.04,9.54,MIN_PROFIT_TP_HIT,0.2104
1556,TRUMP_USDT,LONG,StochasticRSI(FAST_SCALP-LONG),2,0.2,1.567,1.569,1.569,1.561,2026-07-12 09:19:59 UTC,2026-07-12 09:28:40 UTC,520.48,0.3134,0.0042,0.0,0.0004,0.04,9.57,MIN_PROFIT_TP_HIT,0.2108
1557,TRUMP_USDT,SHORT,StochasticRSI(FAST_SCALP-SHORT),2,0.2,1.569,1.575,1.567,1.575,2026-07-12 09:30:59 UTC,2026-07-12 09:45:53 UTC,893.13,0.3138,0.0042,0.0,-0.0012,-0.11,-28.68,STOP_LOSS_HIT,0.2096
1558,TRUMP_USDT,SHORT,StochasticRSI(FAST_SCALP-SHORT),2,0.2,1.574,1.572,1.572,1.58,2026-07-12 09:48:59 UTC,2026-07-12 09:54:25 UTC,325.01,0.3148,0.0042,0.0,0.0004,0.04,9.53,MIN_PROFIT_TP_HIT,0.21
1559,TRUMP_USDT,LONG,StochasticRSI(FAST_SCALP-LONG),2,0.2,1.572,1.574,1.574,1.566,2026-07-12 09:59:59 UTC,2026-07-12 10:11:28 UTC,688.8,0.3144,0.0042,0.0,0.0004,0.04,9.54,MIN_PROFIT_TP_HIT,0.2104
1560,TRUMP_USDT,SHORT,StochasticRSI(FAST_SCALP-SHORT),2,0.2,1.573,1.571,1.571,1.579,2026-07-12 10:19:59 UTC,2026-07-12 10:25:02 UTC,302.4,0.3146,0.0042,0.0,0.0004,0.04,9.54,MIN_PROFIT_TP_HIT,0.2108
1561,TRUMP_USDT,LONG,StochasticRSI(FAST_SCALP-LONG),2,0.2,1.571,1.565,1.573,1.565,2026-07-12 10:29:59 UTC,2026-07-12 11:11:51 UTC,2511.11,0.3142,0.0042,0.0,-0.0012,-0.11,-28.64,STOP_LOSS_HIT,0.2096
1562,TRUMP_USDT,SHORT,StochasticRSI(FAST_SCALP-SHORT),2,0.2,1.569,1.575,1.567,1.575,2026-07-12 11:20:59 UTC,2026-07-12 11:33:15 UTC,735.51,0.3138,0.0042,0.0,-0.0012,-0.11,-28.68,STOP_LOSS_HIT,0.2084
1563,TRUMP_USDT,SHORT,StochasticRSI(FAST_SCALP-SHORT),2,0.2,1.574,1.58,1.572,1.58,2026-07-12 11:37:59 UTC,2026-07-12 12:12:00 UTC,2040.92,0.3148,0.0042,0.0,-0.0012,-0.11,-28.59,STOP_LOSS_HIT,0.2072
1564,TRUMP_USDT,SHORT,StochasticRSI(FAST_SCALP-SHORT),2,0.2,1.579,1.577,1.577,1.585,2026-07-12 12:16:59 UTC,2026-07-12 12:21:48 UTC,288.92,0.3158,0.0042,0.0,0.0004,0.04,9.5,MIN_PROFIT_TP_HIT,0.2076
1565,TRUMP_USDT,LONG,StochasticRSI(FAST_SCALP-LONG),2,0.2,1.576,1.578,1.578,1.57,2026-07-12 12:30:59 UTC,2026-07-12 12:31:40 UTC,40.6,0.3152,0.0042,0.0,0.0004,0.04,9.52,MIN_PROFIT_TP_HIT,0.208
1566,TRUMP_USDT,LONG,StochasticRSI(FAST_SCALP-LONG),2,0.2,1.577,1.579,1.579,1.571,2026-07-12 12:32:59 UTC,2026-07-12 12:36:11 UTC,191.27,0.3154,0.0042,0.0,0.0004,0.04,9.51,MIN_PROFIT_TP_HIT,0.2084
1567,TRUMP_USDT,SHORT,StochasticRSI(FAST_SCALP-SHORT),2,0.2,1.577,1.575,1.575,1.583,2026-07-12 12:40:59 UTC,2026-07-12 13:17:25 UTC,2185.58,0.3154,0.0042,0.0,0.0004,0.04,9.51,MIN_PROFIT_TP_HIT,0.2088
1568,TRUMP_USDT,LONG,StochasticRSI(FAST_SCALP-LONG),2,0.2,1.578,1.572,1.58,1.572,2026-07-12 13:20:59 UTC,2026-07-12 13:28:04 UTC,424.69,0.3156,0.0042,0.0,-0.0012,-0.11,-28.52,STOP_LOSS_HIT,0.2076
1569,TRUMP_USDT,SHORT,StochasticRSI(FAST_SCALP-SHORT),2,0.2,1.568,1.566,1.566,1.574,2026-07-12 13:29:59 UTC,2026-07-12 13:42:00 UTC,720.79,0.3136,0.0042,0.0,0.0004,0.04,9.57,MIN_PROFIT_TP_HIT,0.208
1570,TRUMP_USDT,SHORT,StochasticRSI(FAST_SCALP-SHORT),2,0.2,1.568,1.566,1.566,1.574,2026-07-12 13:53:59 UTC,2026-07-12 14:01:54 UTC,474.75,0.3136,0.0042,0.0,0.0004,0.04,9.57,MIN_PROFIT_TP_HIT,0.2084
1571,TRUMP_USDT,LONG,StochasticRSI(FAST_SCALP-LONG),2,0.2,1.567,1.569,1.569,1.561,2026-07-12 14:04:59 UTC,2026-07-12 14:06:46 UTC,106.67,0.3134,0.0042,0.0,0.0004,0.04,9.57,MIN_PROFIT_TP_HIT,0.2088
1572,TRUMP_USDT,SHORT,StochasticRSI(FAST_SCALP-SHORT),2,0.2,1.569,1.575,1.567,1.575,2026-07-12 14:10:59 UTC,2026-07-12 14:33:10 UTC,1330.42,0.3138,0.0042,0.0,-0.0012,-0.11,-28.68,STOP_LOSS_HIT,0.2076
1573,TRUMP_USDT,SHORT,StochasticRSI(FAST_SCALP-SHORT),2,0.2,1.574,1.58,1.572,1.58,2026-07-12 14:38:59 UTC,2026-07-12 14:46:49 UTC,469.76,0.3148,0.0042,0.0,-0.0012,-0.11,-28.59,STOP_LOSS_HIT,0.2064
1574,TRUMP_USDT,LONG,StochasticRSI(FAST_SCALP-LONG),2,0.2,1.582,1.584,1.584,1.576,2026-07-12 15:03:59 UTC,2026-07-12 15:05:02 UTC,62.36,0.3164,0.0042,0.0,0.0004,0.04,9.48,MIN_PROFIT_TP_HIT,0.2068
1575,TRUMP_USDT,SHORT,StochasticRSI(FAST_SCALP-SHORT),2,0.2,1.585,1.591,1.583,1.591,2026-07-12 15:14:59 UTC,2026-07-12 15:25:40 UTC,640.5,0.317,0.0042,0.0,-0.0012,-0.11,-28.39,STOP_LOSS_HIT,0.2056
1576,TRUMP_USDT,SHORT,StochasticRSI(FAST_SCALP-SHORT),2,0.2,1.589,1.587,1.587,1.595,2026-07-12 15:27:59 UTC,2026-07-12 15:28:29 UTC,29.91,0.3178,0.0042,0.0,0.0004,0.04,9.44,MIN_PROFIT_TP_HIT,0.206
1577,TRUMP_USDT,LONG,StochasticRSI(FAST_SCALP-LONG),2,0.2,1.585,1.587,1.587,1.579,2026-07-12 15:39:59 UTC,2026-07-12 15:48:04 UTC,484.04,0.317,0.0042,0.0,0.0004,0.04,9.46,MIN_PROFIT_TP_HIT,0.2064
1578,TRUMP_USDT,SHORT,StochasticRSI(FAST_SCALP-SHORT),2,0.2,1.587,1.585,1.585,1.593,2026-07-12 15:51:59 UTC,2026-07-12 16:12:26 UTC,1226.59,0.3174,0.0042,0.0,0.0004,0.04,9.45,MIN_PROFIT_TP_HIT,0.2068
1579,TRUMP_USDT,LONG,StochasticRSI(FAST_SCALP-LONG),2,0.2,1.579,1.581,1.581,1.573,2026-07-12 16:17:59 UTC,2026-07-12 16:18:21 UTC,21.46,0.3158,0.0042,0.0,0.0004,0.04,9.5,MIN_PROFIT_TP_HIT,0.2072
1580,TRUMP_USDT,SHORT,StochasticRSI(FAST_SCALP-SHORT),2,0.2,1.582,1.58,1.58,1.588,2026-07-12 16:24:59 UTC,2026-07-12 16:31:56 UTC,416.63,0.3164,0.0042,0.0,0.0004,0.04,9.48,MIN_PROFIT_TP_HIT,0.2076
1581,TRUMP_USDT,LONG,StochasticRSI(FAST_SCALP-LONG),2,0.2,1.578,1.58,1.58,1.572,2026-07-12 16:35:59 UTC,2026-07-12 16:41:35 UTC,335.33,0.3156,0.0042,0.0,0.0004,0.04,9.51,MIN_PROFIT_TP_HIT,0.208
1582,TRUMP_USDT,SHORT,StochasticRSI(FAST_SCALP-SHORT),2,0.2,1.581,1.579,1.579,1.587,2026-07-12 16:46:59 UTC,2026-07-12 16:53:03 UTC,363.04,0.3162,0.0042,0.0,0.0004,0.04,9.49,MIN_PROFIT_TP_HIT,0.2084
1583,TRUMP_USDT,LONG,StochasticRSI(FAST_SCALP-LONG),2,0.2,1.579,1.581,1.581,1.573,2026-07-12 16:56:59 UTC,2026-07-12 17:00:57 UTC,237.47,0.3158,0.0042,0.0,0.0004,0.04,9.5,MIN_PROFIT_TP_HIT,0.2088
1584,TRUMP_USDT,LONG,StochasticRSI(FAST_SCALP-LONG),2,0.2,1.58,1.574,1.582,1.574,2026-07-12 17:10:59 UTC,2026-07-12 17:50:33 UTC,2373.06,0.316,0.0042,0.0,-0.0012,-0.11,-28.48,STOP_LOSS_HIT,0.2076
1585,TRUMP_USDT,LONG,StochasticRSI(FAST_SCALP-LONG),2,0.2,1.573,1.575,1.575,1.567,2026-07-12 17:52:59 UTC,2026-07-12 18:00:39 UTC,459.71,0.3146,0.0042,0.0,0.0004,0.04,9.54,MIN_PROFIT_TP_HIT,0.208
1586,TRUMP_USDT,SHORT,StochasticRSI(FAST_SCALP-SHORT),2,0.2,1.574,1.572,1.572,1.58,2026-07-12 18:02:59 UTC,2026-07-12 18:06:01 UTC,181.95,0.3148,0.0042,0.0,0.0004,0.04,9.53,MIN_PROFIT_TP_HIT,0.2084
1587,TRUMP_USDT,LONG,StochasticRSI(FAST_SCALP-LONG),2,0.2,1.572,1.574,1.574,1.566,2026-07-12 18:11:59 UTC,2026-07-12 18:24:16 UTC,736.34,0.3144,0.0042,0.0,0.0004,0.04,9.54,MIN_PROFIT_TP_HIT,0.2088
1588,TRUMP_USDT,SHORT,StochasticRSI(FAST_SCALP-SHORT),2,0.2,1.573,1.579,1.571,1.579,2026-07-12 18:28:59 UTC,2026-07-12 18:31:00 UTC,120.68,0.3146,0.0042,0.0,-0.0012,-0.11,-28.61,STOP_LOSS_HIT,0.2076
1589,TRUMP_USDT,SHORT,StochasticRSI(FAST_SCALP-SHORT),2,0.2,1.577,1.583,1.575,1.583,2026-07-12 18:34:59 UTC,2026-07-12 19:06:06 UTC,1866.67,0.3154,0.0042,0.0,-0.0012,-0.11,-28.54,STOP_LOSS_HIT,0.2064
1590,TRUMP_USDT,SHORT,StochasticRSI(FAST_SCALP-SHORT),2,0.2,1.581,1.579,1.579,1.587,2026-07-12 19:14:59 UTC,2026-07-12 19:30:21 UTC,921.58,0.3162,0.0042,0.0,0.0004,0.04,9.49,MIN_PROFIT_TP_HIT,0.2068
1591,TRUMP_USDT,LONG,StochasticRSI(FAST_SCALP-LONG),2,0.2,1.577,1.579,1.579,1.571,2026-07-12 19:32:59 UTC,2026-07-12 19:45:30 UTC,750.75,0.3154,0.0042,0.0,0.0004,0.04,9.51,MIN_PROFIT_TP_HIT,0.2072
1592,TRUMP_USDT,SHORT,StochasticRSI(FAST_SCALP-SHORT),2,0.2,1.58,1.578,1.578,1.586,2026-07-12 19:50:59 UTC,2026-07-12 19:58:33 UTC,453.64,0.316,0.0042,0.0,0.0004,0.04,9.49,MIN_PROFIT_TP_HIT,0.2076
1593,TRUMP_USDT,LONG,StochasticRSI(FAST_SCALP-LONG),2,0.2,1.573,1.575,1.575,1.567,2026-07-12 20:08:59 UTC,2026-07-12 21:13:06 UTC,3846.39,0.3146,0.0042,0.0,0.0004,0.04,9.54,MIN_PROFIT_TP_HIT,0.208
1594,TRUMP_USDT,LONG,StochasticRSI(FAST_SCALP-LONG),2,0.2,1.572,1.566,1.574,1.566,2026-07-12 21:14:59 UTC,2026-07-12 21:21:04 UTC,364.42,0.3144,0.0042,0.0,-0.0012,-0.11,-28.63,STOP_LOSS_HIT,0.2068
1595,TRUMP_USDT,LONG,StochasticRSI(FAST_SCALP-LONG),2,0.2,1.569,1.563,1.571,1.563,2026-07-12 21:25:59 UTC,2026-07-12 21:47:33 UTC,1293.06,0.3138,0.0042,0.0,-0.0012,-0.11,-28.68,STOP_LOSS_HIT,0.2056
1596,TRUMP_USDT,LONG,StochasticRSI(FAST_SCALP-LONG),2,0.2,1.563,1.565,1.565,1.557,2026-07-12 21:50:59 UTC,2026-07-12 21:58:49 UTC,469.39,0.3126,0.0042,0.0,0.0004,0.04,9.6,MIN_PROFIT_TP_HIT,0.206
1597,TRUMP_USDT,SHORT,StochasticRSI(FAST_SCALP-SHORT),2,0.2,1.553,1.551,1.551,1.559,2026-07-12 22:00:59 UTC,2026-07-12 22:01:03 UTC,3.13,0.3106,0.0041,0.0,0.0004,0.04,9.66,MIN_PROFIT_TP_HIT,0.2064
1598,TRUMP_USDT,LONG,StochasticRSI(FAST_SCALP-LONG),2,0.2,1.554,1.556,1.556,1.548,2026-07-12 22:07:59 UTC,2026-07-12 22:10:59 UTC,179.04,0.3108,0.0041,0.0,0.0004,0.04,9.65,MIN_PROFIT_TP_HIT,0.2068
1599,TRUMP_USDT,SHORT,StochasticRSI(FAST_SCALP-SHORT),2,0.2,1.552,1.55,1.55,1.558,2026-07-12 22:12:59 UTC,2026-07-12 22:17:55 UTC,295.18,0.3104,0.0041,0.0,0.0004,0.04,9.66,MIN_PROFIT_TP_HIT,0.2072
1600,TRUMP_USDT,LONG,StochasticRSI(FAST_SCALP-LONG),2,0.2,1.55,1.552,1.552,1.544,2026-07-12 22:21:59 UTC,2026-07-12 22:23:55 UTC,115.04,0.31,0.0041,0.0,0.0004,0.04,9.68,MIN_PROFIT_TP_HIT,0.2076
1601,TRUMP_USDT,SHORT,StochasticRSI(FAST_SCALP-SHORT),2,0.2,1.552,1.55,1.55,1.558,2026-07-12 22:29:59 UTC,2026-07-12 22:34:27 UTC,267.6,0.3104,0.0041,0.0,0.0004,0.04,9.66,MIN_PROFIT_TP_HIT,0.208
1602,TRUMP_USDT,LONG,StochasticRSI(FAST_SCALP-LONG),2,0.2,1.548,1.55,1.55,1.542,2026-07-12 22:41:59 UTC,2026-07-12 22:43:33 UTC,93.66,0.3096,0.0041,0.0,0.0004,0.04,9.69,MIN_PROFIT_TP_HIT,0.2084
1603,TRUMP_USDT,LONG,StochasticRSI(FAST_SCALP-LONG),2,0.2,1.549,1.543,1.551,1.543,2026-07-12 22:44:59 UTC,2026-07-12 22:48:46 UTC,226.19,0.3098,0.0041,0.0,-0.0012,-0.11,-29.05,STOP_LOSS_HIT,0.2072
1604,TRUMP_USDT,SHORT,StochasticRSI(FAST_SCALP-SHORT),2,0.2,1.553,1.551,1.551,1.559,2026-07-12 22:57:59 UTC,2026-07-12 23:00:40 UTC,160.2,0.3106,0.0041,0.0,0.0004,0.04,9.66,MIN_PROFIT_TP_HIT,0.2076
1605,TRUMP_USDT,SHORT,StochasticRSI(FAST_SCALP-SHORT),2,0.2,1.551,1.549,1.549,1.557,2026-07-12 23:01:59 UTC,2026-07-12 23:04:25 UTC,145.14,0.3102,0.0041,0.0,0.0004,0.04,9.67,MIN_PROFIT_TP_HIT,0.208
1606,TRUMP_USDT,LONG,StochasticRSI(FAST_SCALP-LONG),2,0.2,1.551,1.553,1.553,1.545,2026-07-12 23:06:59 UTC,2026-07-12 23:07:21 UTC,21.33,0.3102,0.0041,0.0,0.0004,0.04,9.67,MIN_PROFIT_TP_HIT,0.2084
1607,TRUMP_USDT,LONG,StochasticRSI(FAST_SCALP-LONG),2,0.2,1.549,1.551,1.551,1.543,2026-07-12 23:14:59 UTC,2026-07-12 23:15:34 UTC,34.19,0.3098,0.0041,0.0,0.0004,0.04,9.68,MIN_PROFIT_TP_HIT,0.2088
1608,TRUMP_USDT,SHORT,StochasticRSI(FAST_SCALP-SHORT),2,0.2,1.552,1.558,1.55,1.558,2026-07-12 23:23:59 UTC,2026-07-12 23:52:16 UTC,1696.71,0.3104,0.0041,0.0,-0.0012,-0.11,-28.99,STOP_LOSS_HIT,0.2076
1609,TRUMP_USDT,SHORT,StochasticRSI(FAST_SCALP-SHORT),2,0.2,1.557,1.555,1.555,1.563,2026-07-12 23:56:59 UTC,2026-07-13 00:00:11 UTC,191.28,0.3114,0.0042,0.0,0.0004,0.04,9.63,MIN_PROFIT_TP_HIT,0.208
1610,TRUMP_USDT,LONG,StochasticRSI(FAST_SCALP-LONG),2,0.2,1.563,1.565,1.565,1.557,2026-07-13 00:02:59 UTC,2026-07-13 00:04:58 UTC,118.11,0.3126,0.0042,0.0,0.0004,0.04,9.6,MIN_PROFIT_TP_HIT,0.2084
1611,TRUMP_USDT,SHORT,StochasticRSI(FAST_SCALP-SHORT),2,0.2,1.561,1.567,1.559,1.567,2026-07-13 00:08:59 UTC,2026-07-13 00:10:19 UTC,79.58,0.3122,0.0042,0.0,-0.0012,-0.11,-28.83,STOP_LOSS_HIT,0.2072
1612,TRUMP_USDT,SHORT,StochasticRSI(FAST_SCALP-SHORT),2,0.2,1.574,1.572,1.572,1.58,2026-07-13 00:18:59 UTC,2026-07-13 00:25:06 UTC,366.25,0.3148,0.0042,0.0,0.0004,0.04,9.53,MIN_PROFIT_TP_HIT,0.2076
1613,TRUMP_USDT,LONG,StochasticRSI(FAST_SCALP-LONG),2,0.2,1.571,1.565,1.573,1.565,2026-07-13 00:33:59 UTC,2026-07-13 00:37:49 UTC,229.16,0.3142,0.0042,0.0,-0.0012,-0.11,-28.64,STOP_LOSS_HIT,0.2064
1614,TRUMP_USDT,LONG,StochasticRSI(FAST_SCALP-LONG),2,0.2,1.555,1.557,1.557,1.549,2026-07-13 00:42:59 UTC,2026-07-13 00:43:18 UTC,18.97,0.311,0.0041,0.0,0.0004,0.04,9.65,MIN_PROFIT_TP_HIT,0.2068
1615,TRUMP_USDT,SHORT,StochasticRSI(FAST_SCALP-SHORT),2,0.2,1.563,1.561,1.561,1.569,2026-07-13 00:49:59 UTC,2026-07-13 00:52:46 UTC,166.75,0.3126,0.0042,0.0,0.0004,0.04,9.6,MIN_PROFIT_TP_HIT,0.2072
1616,TRUMP_USDT,SHORT,StochasticRSI(FAST_SCALP-SHORT),2,0.2,1.563,1.561,1.561,1.569,2026-07-13 00:53:59 UTC,2026-07-13 00:54:08 UTC,8.67,0.3126,0.0042,0.0,0.0004,0.04,9.6,MIN_PROFIT_TP_HIT,0.2076
1617,TRUMP_USDT,SHORT,StochasticRSI(FAST_SCALP-SHORT),2,0.2,1.559,1.557,1.557,1.565,2026-07-13 01:06:59 UTC,2026-07-13 01:08:44 UTC,104.18,0.3118,0.0042,0.0,0.0004,0.04,9.62,MIN_PROFIT_TP_HIT,0.208
1618,TRUMP_USDT,LONG,StochasticRSI(FAST_SCALP-LONG),2,0.2,1.556,1.558,1.558,1.55,2026-07-13 01:12:59 UTC,2026-07-13 01:14:13 UTC,73.43,0.3112,0.0041,0.0,0.0004,0.04,9.64,MIN_PROFIT_TP_HIT,0.2084
1619,TRUMP_USDT,SHORT,StochasticRSI(FAST_SCALP-SHORT),2,0.2,1.552,1.55,1.55,1.558,2026-07-13 01:17:59 UTC,2026-07-13 01:19:05 UTC,65.25,0.3104,0.0041,0.0,0.0004,0.04,9.66,MIN_PROFIT_TP_HIT,0.2088
1620,TRUMP_USDT,LONG,StochasticRSI(FAST_SCALP-LONG),2,0.2,1.555,1.549,1.557,1.549,2026-07-13 01:23:59 UTC,2026-07-13 01:33:58 UTC,598.02,0.311,0.0041,0.0,-0.0012,-0.11,-28.94,STOP_LOSS_HIT,0.2076
1621,TRUMP_USDT,SHORT,StochasticRSI(FAST_SCALP-SHORT),2,0.2,1.553,1.551,1.551,1.559,2026-07-13 01:41:59 UTC,2026-07-13 01:42:50 UTC,50.46,0.3106,0.0041,0.0,0.0004,0.04,9.66,MIN_PROFIT_TP_HIT,0.208
1622,TRUMP_USDT,LONG,StochasticRSI(FAST_SCALP-LONG),2,0.2,1.551,1.553,1.553,1.545,2026-07-13 01:47:59 UTC,2026-07-13 01:48:18 UTC,18.23,0.3102,0.0041,0.0,0.0004,0.04,9.67,MIN_PROFIT_TP_HIT,0.2084
1623,TRUMP_USDT,LONG,StochasticRSI(FAST_SCALP-LONG),2,0.2,1.551,1.545,1.553,1.545,2026-07-13 01:50:59 UTC,2026-07-13 01:55:29 UTC,269.04,0.3102,0.0041,0.0,-0.0012,-0.11,-29.01,STOP_LOSS_HIT,0.2072
1624,TRUMP_USDT,LONG,StochasticRSI(FAST_SCALP-LONG),2,0.2,1.537,1.539,1.539,1.531,2026-07-13 02:00:59 UTC,2026-07-13 02:03:12 UTC,132.69,0.3074,0.0041,0.0,0.0004,0.04,9.76,MIN_PROFIT_TP_HIT,0.2076
1625,TRUMP_USDT,SHORT,StochasticRSI(FAST_SCALP-SHORT),2,0.2,1.531,1.537,1.529,1.537,2026-07-13 02:08:59 UTC,2026-07-13 02:12:18 UTC,198.39,0.3062,0.0041,0.0,-0.0012,-0.11,-29.39,STOP_LOSS_HIT,0.2064
1626,TRUMP_USDT,SHORT,StochasticRSI(FAST_SCALP-SHORT),2,0.2,1.542,1.54,1.54,1.548,2026-07-13 02:19:59 UTC,2026-07-13 02:23:35 UTC,215.97,0.3084,0.0041,0.0,0.0004,0.04,9.73,MIN_PROFIT_TP_HIT,0.2068
1627,TRUMP_USDT,LONG,StochasticRSI(FAST_SCALP-LONG),2,0.2,1.542,1.544,1.544,1.536,2026-07-13 02:27:59 UTC,2026-07-13 02:36:12 UTC,492.37,0.3084,0.0041,0.0,0.0004,0.04,9.73,MIN_PROFIT_TP_HIT,0.2072
1628,TRUMP_USDT,SHORT,StochasticRSI(FAST_SCALP-SHORT),2,0.2,1.542,1.54,1.54,1.548,2026-07-13 02:38:59 UTC,2026-07-13 02:40:17 UTC,77.15,0.3084,0.0041,0.0,0.0004,0.04,9.73,MIN_PROFIT_TP_HIT,0.2076
1629,TRUMP_USDT,LONG,StochasticRSI(FAST_SCALP-LONG),2,0.2,1.543,1.545,1.545,1.537,2026-07-13 02:49:59 UTC,2026-07-13 02:50:59 UTC,59.16,0.3086,0.0041,0.0,0.0004,0.04,9.72,MIN_PROFIT_TP_HIT,0.208
1630,TRUMP_USDT,LONG,StochasticRSI(FAST_SCALP-LONG),2,0.2,1.54,1.542,1.542,1.534,2026-07-13 03:00:59 UTC,2026-07-13 03:01:59 UTC,59.16,0.308,0.0041,0.0,0.0004,0.04,9.74,MIN_PROFIT_TP_HIT,0.2084
1631,TRUMP_USDT,LONG,StochasticRSI(FAST_SCALP-LONG),2,0.2,1.531,1.533,1.533,1.525,2026-07-13 03:13:59 UTC,2026-07-13 03:14:55 UTC,55.51,0.3062,0.0041,0.0,0.0004,0.04,9.8,MIN_PROFIT_TP_HIT,0.2088
1632,TRUMP_USDT,SHORT,StochasticRSI(FAST_SCALP-SHORT),2,0.2,1.531,1.529,1.529,1.537,2026-07-13 03:18:59 UTC,2026-07-13 03:19:22 UTC,22.79,0.3062,0.0041,0.0,0.0004,0.04,9.8,MIN_PROFIT_TP_HIT,0.2092
1633,TRUMP_USDT,LONG,StochasticRSI(FAST_SCALP-LONG),2,0.2,1.531,1.533,1.533,1.525,2026-07-13 03:25:59 UTC,2026-07-13 03:26:25 UTC,25.23,0.3062,0.0041,0.0,0.0004,0.04,9.8,MIN_PROFIT_TP_HIT,0.2096
1634,TRUMP_USDT,SHORT,StochasticRSI(FAST_SCALP-SHORT),2,0.2,1.529,1.527,1.527,1.535,2026-07-13 03:31:59 UTC,2026-07-13 03:32:31 UTC,31.08,0.3058,0.0041,0.0,0.0004,0.04,9.81,MIN_PROFIT_TP_HIT,0.21
1635,TRUMP_USDT,LONG,StochasticRSI(FAST_SCALP-LONG),2,0.2,1.527,1.529,1.529,1.521,2026-07-13 03:37:59 UTC,2026-07-13 03:38:14 UTC,14.7,0.3054,0.0041,0.0,0.0004,0.04,9.82,MIN_PROFIT_TP_HIT,0.2104
1636,TRUMP_USDT,SHORT,StochasticRSI(FAST_SCALP-SHORT),2,0.2,1.53,1.536,1.528,1.536,2026-07-13 03:44:59 UTC,2026-07-13 03:55:58 UTC,658.68,0.306,0.0041,0.0,-0.0012,-0.11,-29.41,STOP_LOSS_HIT,0.2092
1637,TRUMP_USDT,LONG,StochasticRSI(FAST_SCALP-LONG),2,0.2,1.534,1.536,1.536,1.528,2026-07-13 04:08:59 UTC,2026-07-13 04:09:20 UTC,20.86,0.3068,0.0041,0.0,0.0004,0.04,9.78,MIN_PROFIT_TP_HIT,0.2096
1638,TRUMP_USDT,SHORT,StochasticRSI(FAST_SCALP-SHORT),2,0.2,1.535,1.541,1.533,1.541,2026-07-13 04:15:59 UTC,2026-07-13 04:43:11 UTC,1631.52,0.307,0.0041,0.0,-0.0012,-0.11,-29.32,STOP_LOSS_HIT,0.2084
1639,TRUMP_USDT,SHORT,StochasticRSI(FAST_SCALP-SHORT),2,0.2,1.542,1.54,1.54,1.548,2026-07-13 04:49:59 UTC,2026-07-13 04:53:06 UTC,186.99,0.3084,0.0041,0.0,0.0004,0.04,9.73,MIN_PROFIT_TP_HIT,0.2088
1640,TRUMP_USDT,LONG,StochasticRSI(FAST_SCALP-LONG),2,0.2,1.534,1.536,1.536,1.528,2026-07-13 05:02:59 UTC,2026-07-13 05:03:12 UTC,12.41,0.3068,0.0041,0.0,0.0004,0.04,9.78,MIN_PROFIT_TP_HIT,0.2092
1641,TRUMP_USDT,SHORT,StochasticRSI(FAST_SCALP-SHORT),2,0.2,1.539,1.537,1.537,1.545,2026-07-13 05:09:59 UTC,2026-07-13 05:14:34 UTC,274.16,0.3078,0.0041,0.0,0.0004,0.04,9.75,MIN_PROFIT_TP_HIT,0.2096
1642,TRUMP_USDT,LONG,StochasticRSI(FAST_SCALP-LONG),2,0.2,1.539,1.533,1.541,1.533,2026-07-13 05:19:59 UTC,2026-07-13 05:24:10 UTC,250.24,0.3078,0.0041,0.0,-0.0012,-0.11,-29.24,STOP_LOSS_HIT,0.2084
1643,TRUMP_USDT,LONG,StochasticRSI(FAST_SCALP-LONG),2,0.2,1.534,1.536,1.536,1.528,2026-07-13 05:25:59 UTC,2026-07-13 05:30:08 UTC,248.56,0.3068,0.0041,0.0,0.0004,0.04,9.78,MIN_PROFIT_TP_HIT,0.2088
1644,TRUMP_USDT,SHORT,StochasticRSI(FAST_SCALP-SHORT),2,0.2,1.542,1.548,1.54,1.548,2026-07-13 05:37:59 UTC,2026-07-13 06:26:23 UTC,2903.74,0.3084,0.0041,0.0,-0.0012,-0.11,-29.18,STOP_LOSS_HIT,0.2076
1645,TRUMP_USDT,SHORT,StochasticRSI(FAST_SCALP-SHORT),2,0.2,1.548,1.546,1.546,1.554,2026-07-13 06:32:59 UTC,2026-07-13 06:36:14 UTC,194.53,0.3096,0.0041,0.0,0.0004,0.04,9.69,MIN_PROFIT_TP_HIT,0.208
1646,TRUMP_USDT,LONG,StochasticRSI(FAST_SCALP-LONG),2,0.2,1.547,1.549,1.549,1.541,2026-07-13 06:39:59 UTC,2026-07-13 06:41:13 UTC,73.32,0.3094,0.0041,0.0,0.0004,0.04,9.7,MIN_PROFIT_TP_HIT,0.2084
1647,TRUMP_USDT,SHORT,StochasticRSI(FAST_SCALP-SHORT),2,0.2,1.548,1.546,1.546,1.554,2026-07-13 06:46:59 UTC,2026-07-13 06:50:10 UTC,190.43,0.3096,0.0041,0.0,0.0004,0.04,9.69,MIN_PROFIT_TP_HIT,0.2088
1648,TRUMP_USDT,LONG,StochasticRSI(FAST_SCALP-LONG),2,0.2,1.546,1.548,1.548,1.54,2026-07-13 06:55:59 UTC,2026-07-13 07:00:03 UTC,243.96,0.3092,0.0041,0.0,0.0004,0.04,9.7,MIN_PROFIT_TP_HIT,0.2092
1649,TRUMP_USDT,SHORT,StochasticRSI(FAST_SCALP-SHORT),2,0.2,1.546,1.544,1.544,1.552,2026-07-13 07:02:59 UTC,2026-07-13 07:20:46 UTC,1066.08,0.3092,0.0041,0.0,0.0004,0.04,9.7,MIN_PROFIT_TP_HIT,0.2096
1650,TRUMP_USDT,LONG,StochasticRSI(FAST_SCALP-LONG),2,0.2,1.545,1.547,1.547,1.539,2026-07-13 07:21:59 UTC,2026-07-13 07:23:52 UTC,112.04,0.309,0.0041,0.0,0.0004,0.04,9.71,MIN_PROFIT_TP_HIT,0.21
1651,TRUMP_USDT,SHORT,StochasticRSI(FAST_SCALP-SHORT),2,0.2,1.547,1.545,1.545,1.553,2026-07-13 07:29:59 UTC,2026-07-13 07:30:17 UTC,17.24,0.3094,0.0041,0.0,0.0004,0.04,9.7,MIN_PROFIT_TP_HIT,0.2104
1652,TRUMP_USDT,LONG,StochasticRSI(FAST_SCALP-LONG),2,0.2,1.546,1.548,1.548,1.54,2026-07-13 07:34:59 UTC,2026-07-13 08:04:31 UTC,1771.35,0.3092,0.0041,0.0,0.0004,0.04,9.7,MIN_PROFIT_TP_HIT,0.2108
1653,TRUMP_USDT,LONG,StochasticRSI(FAST_SCALP-LONG),2,0.2,1.547,1.549,1.549,1.541,2026-07-13 08:15:59 UTC,2026-07-13 08:32:09 UTC,969.44,0.3094,0.0041,0.0,0.0004,0.04,9.7,MIN_PROFIT_TP_HIT,0.2112
1654,TRUMP_USDT,SHORT,StochasticRSI(FAST_SCALP-SHORT),2,0.2,1.548,1.546,1.546,1.554,2026-07-13 08:35:59 UTC,2026-07-13 08:37:42 UTC,102.66,0.3096,0.0041,0.0,0.0004,0.04,9.69,MIN_PROFIT_TP_HIT,0.2116
1655,TRUMP_USDT,LONG,StochasticRSI(FAST_SCALP-LONG),2,0.2,1.55,1.552,1.552,1.544,2026-07-13 08:40:59 UTC,2026-07-13 08:43:34 UTC,154.82,0.31,0.0041,0.0,0.0004,0.04,9.68,MIN_PROFIT_TP_HIT,0.212
1656,TRUMP_USDT,SHORT,StochasticRSI(FAST_SCALP-SHORT),2,0.2,1.552,1.55,1.55,1.558,2026-07-13 08:47:59 UTC,2026-07-13 08:55:31 UTC,451.57,0.3104,0.0041,0.0,0.0004,0.04,9.66,MIN_PROFIT_TP_HIT,0.2124
1657,TRUMP_USDT,LONG,StochasticRSI(FAST_SCALP-LONG),2,0.2,1.553,1.555,1.555,1.547,2026-07-13 08:58:59 UTC,2026-07-13 09:55:41 UTC,3401.48,0.3106,0.0041,0.0,0.0004,0.04,9.66,MIN_PROFIT_TP_HIT,0.2128
1658,TRUMP_USDT,SHORT,StochasticRSI(FAST_SCALP-SHORT),2,0.2,1.554,1.552,1.552,1.56,2026-07-13 09:57:59 UTC,2026-07-13 10:08:19 UTC,619.84,0.3108,0.0041,0.0,0.0004,0.04,9.65,MIN_PROFIT_TP_HIT,0.2132
1659,TRUMP_USDT,LONG,StochasticRSI(FAST_SCALP-LONG),2,0.2,1.553,1.547,1.555,1.547,2026-07-13 10:12:59 UTC,2026-07-13 10:46:43 UTC,2023.16,0.3106,0.0041,0.0,-0.0012,-0.11,-28.98,STOP_LOSS_HIT,0.212
1660,TRUMP_USDT,LONG,StochasticRSI(FAST_SCALP-LONG),2,0.2,1.549,1.551,1.551,1.543,2026-07-13 10:49:59 UTC,2026-07-13 11:13:08 UTC,1388.08,0.3098,0.0041,0.0,0.0004,0.04,9.68,MIN_PROFIT_TP_HIT,0.2124
1661,TRUMP_USDT,SHORT,StochasticRSI(FAST_SCALP-SHORT),2,0.2,1.551,1.549,1.549,1.557,2026-07-13 11:15:59 UTC,2026-07-13 11:16:53 UTC,53.08,0.3102,0.0041,0.0,0.0004,0.04,9.67,MIN_PROFIT_TP_HIT,0.2128
1662,TRUMP_USDT,LONG,StochasticRSI(FAST_SCALP-LONG),2,0.2,1.551,1.553,1.553,1.545,2026-07-13 11:22:59 UTC,2026-07-13 11:33:22 UTC,622.57,0.3102,0.0041,0.0,0.0004,0.04,9.67,MIN_PROFIT_TP_HIT,0.2132
1663,TRUMP_USDT,LONG,StochasticRSI(FAST_SCALP-LONG),2,0.2,1.553,1.547,1.555,1.547,2026-07-13 11:34:59 UTC,2026-07-13 12:08:38 UTC,2018.06,0.3106,0.0041,0.0,-0.0012,-0.11,-28.98,STOP_LOSS_HIT,0.212
1664,TRUMP_USDT,SHORT,StochasticRSI(FAST_SCALP-SHORT),2,0.2,1.548,1.546,1.546,1.554,2026-07-13 12:21:59 UTC,2026-07-13 12:33:27 UTC,687.9,0.3096,0.0041,0.0,0.0004,0.04,9.69,MIN_PROFIT_TP_HIT,0.2124
1665,TRUMP_USDT,LONG,StochasticRSI(FAST_SCALP-LONG),2,0.2,1.547,1.549,1.549,1.541,2026-07-13 12:34:59 UTC,2026-07-13 12:48:55 UTC,835.39,0.3094,0.0041,0.0,0.0004,0.04,9.7,MIN_PROFIT_TP_HIT,0.2128
1666,TRUMP_USDT,SHORT,StochasticRSI(FAST_SCALP-SHORT),2,0.2,1.548,1.546,1.546,1.554,2026-07-13 12:51:59 UTC,2026-07-13 12:53:22 UTC,82.96,0.3096,0.0041,0.0,0.0004,0.04,9.69,MIN_PROFIT_TP_HIT,0.2132
1667,TRUMP_USDT,LONG,StochasticRSI(FAST_SCALP-LONG),2,0.2,1.547,1.549,1.549,1.541,2026-07-13 12:59:59 UTC,2026-07-13 13:05:49 UTC,349.06,0.3094,0.0041,0.0,0.0004,0.04,9.7,MIN_PROFIT_TP_HIT,0.2136
1668,TRUMP_USDT,SHORT,StochasticRSI(FAST_SCALP-SHORT),2,0.2,1.546,1.544,1.544,1.552,2026-07-13 13:10:59 UTC,2026-07-13 13:19:19 UTC,499.54,0.3092,0.0041,0.0,0.0004,0.04,9.7,MIN_PROFIT_TP_HIT,0.214
1669,TRUMP_USDT,LONG,StochasticRSI(FAST_SCALP-LONG),2,0.2,1.545,1.547,1.547,1.539,2026-07-13 13:23:59 UTC,2026-07-13 13:31:42 UTC,462.25,0.309,0.0041,0.0,0.0004,0.04,9.71,MIN_PROFIT_TP_HIT,0.2144
1670,TRUMP_USDT,SHORT,StochasticRSI(FAST_SCALP-SHORT),2,0.2,1.547,1.545,1.545,1.553,2026-07-13 13:37:59 UTC,2026-07-13 13:40:00 UTC,120.44,0.3094,0.0041,0.0,0.0004,0.04,9.7,MIN_PROFIT_TP_HIT,0.2148
1671,TRUMP_USDT,LONG,StochasticRSI(FAST_SCALP-LONG),2,0.2,1.539,1.541,1.541,1.533,2026-07-13 13:45:59 UTC,2026-07-13 13:46:37 UTC,37.97,0.3078,0.0041,0.0,0.0004,0.04,9.75,MIN_PROFIT_TP_HIT,0.2152
1672,TRUMP_USDT,SHORT,StochasticRSI(FAST_SCALP-SHORT),2,0.2,1.539,1.537,1.537,1.545,2026-07-13 13:52:59 UTC,2026-07-13 13:53:24 UTC,24.23,0.3078,0.0041,0.0,0.0004,0.04,9.75,MIN_PROFIT_TP_HIT,0.2156
1673,TRUMP_USDT,SHORT,StochasticRSI(FAST_SCALP-SHORT),2,0.2,1.554,1.552,1.552,1.56,2026-07-13 14:13:59 UTC,2026-07-13 14:16:44 UTC,164.63,0.3108,0.0041,0.0,0.0004,0.04,9.65,MIN_PROFIT_TP_HIT,0.216
1674,TRUMP_USDT,SHORT,StochasticRSI(FAST_SCALP-SHORT),2,0.2,1.556,1.554,1.554,1.562,2026-07-13 14:29:59 UTC,2026-07-13 14:36:09 UTC,369.13,0.3112,0.0041,0.0,0.0004,0.04,9.64,MIN_PROFIT_TP_HIT,0.2164
1675,TRUMP_USDT,LONG,StochasticRSI(FAST_SCALP-LONG),2,0.2,1.559,1.561,1.561,1.553,2026-07-13 14:39:59 UTC,2026-07-13 14:56:40 UTC,1000.07,0.3118,0.0042,0.0,0.0004,0.04,9.62,MIN_PROFIT_TP_HIT,0.2168
1676,TRUMP_USDT,SHORT,StochasticRSI(FAST_SCALP-SHORT),2,0.2,1.562,1.56,1.56,1.568,2026-07-13 15:03:59 UTC,2026-07-13 15:25:54 UTC,1314.36,0.3124,0.0042,0.0,0.0004,0.04,9.6,MIN_PROFIT_TP_HIT,0.2172
1677,TRUMP_USDT,LONG,StochasticRSI(FAST_SCALP-LONG),2,0.2,1.552,1.554,1.554,1.546,2026-07-13 15:37:59 UTC,2026-07-13 15:41:00 UTC,180.86,0.3104,0.0041,0.0,0.0004,0.04,9.66,MIN_PROFIT_TP_HIT,0.2176
1678,TRUMP_USDT,SHORT,StochasticRSI(FAST_SCALP-SHORT),2,0.2,1.554,1.552,1.552,1.56,2026-07-13 15:43:59 UTC,2026-07-13 16:19:21 UTC,2121.59,0.3108,0.0041,0.0,0.0004,0.04,9.65,MIN_PROFIT_TP_HIT,0.218
1679,TRUMP_USDT,LONG,StochasticRSI(FAST_SCALP-LONG),2,0.2,1.551,1.545,1.553,1.545,2026-07-13 16:22:59 UTC,2026-07-13 16:35:07 UTC,727.2,0.3102,0.0041,0.0,-0.0012,-0.11,-29.01,STOP_LOSS_HIT,0.2168
1680,TRUMP_USDT,LONG,StochasticRSI(FAST_SCALP-LONG),2,0.2,1.541,1.543,1.543,1.535,2026-07-13 16:40:59 UTC,2026-07-13 16:41:27 UTC,27.09,0.3082,0.0041,0.0,0.0004,0.04,9.73,MIN_PROFIT_TP_HIT,0.2172
1681,TRUMP_USDT,SHORT,StochasticRSI(FAST_SCALP-SHORT),2,0.2,1.543,1.541,1.541,1.549,2026-07-13 16:47:59 UTC,2026-07-13 16:50:04 UTC,124.44,0.3086,0.0041,0.0,0.0004,0.04,9.72,MIN_PROFIT_TP_HIT,0.2176
1682,TRUMP_USDT,LONG,StochasticRSI(FAST_SCALP-LONG),2,0.2,1.538,1.54,1.54,1.532,2026-07-13 16:54:59 UTC,2026-07-13 16:55:40 UTC,40.91,0.3076,0.0041,0.0,0.0004,0.04,9.75,MIN_PROFIT_TP_HIT,0.218
1683,TRUMP_USDT,SHORT,StochasticRSI(FAST_SCALP-SHORT),2,0.2,1.542,1.54,1.54,1.548,2026-07-13 17:03:59 UTC,2026-07-13 17:04:47 UTC,47.12,0.3084,0.0041,0.0,0.0004,0.04,9.73,MIN_PROFIT_TP_HIT,0.2184
1684,TRUMP_USDT,SHORT,StochasticRSI(FAST_SCALP-SHORT),2,0.2,1.543,1.541,1.541,1.549,2026-07-13 17:12:59 UTC,2026-07-13 17:13:52 UTC,52.28,0.3086,0.0041,0.0,0.0004,0.04,9.72,MIN_PROFIT_TP_HIT,0.2188
1685,TRUMP_USDT,LONG,StochasticRSI(FAST_SCALP-LONG),2,0.2,1.536,1.53,1.538,1.53,2026-07-13 17:22:59 UTC,2026-07-13 17:36:51 UTC,831.32,0.3072,0.0041,0.0,-0.0012,-0.11,-29.3,STOP_LOSS_HIT,0.2176
1686,TRUMP_USDT,SHORT,StochasticRSI(FAST_SCALP-SHORT),2,0.2,1.533,1.531,1.531,1.539,2026-07-13 17:45:59 UTC,2026-07-13 17:46:31 UTC,31.2,0.3066,0.0041,0.0,0.0004,0.04,9.78,MIN_PROFIT_TP_HIT,0.218
1687,TRUMP_USDT,SHORT,StochasticRSI(FAST_SCALP-SHORT),2,0.2,1.53,1.528,1.528,1.536,2026-07-13 17:47:59 UTC,2026-07-13 17:50:41 UTC,161.69,0.306,0.0041,0.0,0.0004,0.04,9.8,MIN_PROFIT_TP_HIT,0.2184
1688,TRUMP_USDT,LONG,StochasticRSI(FAST_SCALP-LONG),2,0.2,1.523,1.525,1.525,1.517,2026-07-13 17:57:59 UTC,2026-07-13 17:58:00 UTC,0.7,0.3046,0.0041,0.0,0.0004,0.04,9.85,MIN_PROFIT_TP_HIT,0.2188
1689,TRUMP_USDT,LONG,StochasticRSI(FAST_SCALP-LONG),2,0.2,1.521,1.523,1.523,1.515,2026-07-13 18:01:59 UTC,2026-07-13 18:02:01 UTC,1.46,0.3042,0.0041,0.0,0.0004,0.04,9.86,MIN_PROFIT_TP_HIT,0.2192
1690,TRUMP_USDT,SHORT,StochasticRSI(FAST_SCALP-SHORT),2,0.2,1.525,1.523,1.523,1.531,2026-07-13 18:07:59 UTC,2026-07-13 18:09:35 UTC,95.66,0.305,0.0041,0.0,0.0004,0.04,9.84,MIN_PROFIT_TP_HIT,0.2196
1691,TRUMP_USDT,LONG,StochasticRSI(FAST_SCALP-LONG),2,0.2,1.522,1.524,1.524,1.516,2026-07-13 18:14:59 UTC,2026-07-13 18:15:09 UTC,9.53,0.3044,0.0041,0.0,0.0004,0.04,9.86,MIN_PROFIT_TP_HIT,0.22
1692,TRUMP_USDT,SHORT,StochasticRSI(FAST_SCALP-SHORT),2,0.2,1.522,1.52,1.52,1.528,2026-07-13 18:19:59 UTC,2026-07-13 18:20:22 UTC,22.42,0.3044,0.0041,0.0,0.0004,0.04,9.86,MIN_PROFIT_TP_HIT,0.2204
1693,TRUMP_USDT,SHORT,StochasticRSI(FAST_SCALP-SHORT),2,0.2,1.524,1.522,1.522,1.53,2026-07-13 18:27:59 UTC,2026-07-13 18:30:12 UTC,132.08,0.3048,0.0041,0.0,0.0004,0.04,9.84,MIN_PROFIT_TP_HIT,0.2208
1694,TRUMP_USDT,LONG,StochasticRSI(FAST_SCALP-LONG),2,0.2,1.523,1.525,1.525,1.517,2026-07-13 18:36:59 UTC,2026-07-13 18:43:59 UTC,419.35,0.3046,0.0041,0.0,0.0004,0.04,9.85,MIN_PROFIT_TP_HIT,0.2212
1695,TRUMP_USDT,SHORT,StochasticRSI(FAST_SCALP-SHORT),2,0.2,1.526,1.524,1.524,1.532,2026-07-13 18:46:59 UTC,2026-07-13 18:54:55 UTC,475.7,0.3052,0.0041,0.0,0.0004,0.04,9.83,MIN_PROFIT_TP_HIT,0.2216
1696,TRUMP_USDT,LONG,StochasticRSI(FAST_SCALP-LONG),2,0.2,1.524,1.526,1.526,1.518,2026-07-13 19:00:59 UTC,2026-07-13 19:02:24 UTC,84.23,0.3048,0.0041,0.0,0.0004,0.04,9.84,MIN_PROFIT_TP_HIT,0.222
1697,TRUMP_USDT,SHORT,StochasticRSI(FAST_SCALP-SHORT),2,0.2,1.526,1.524,1.524,1.532,2026-07-13 19:07:59 UTC,2026-07-13 19:18:25 UTC,625.53,0.3052,0.0041,0.0,0.0004,0.04,9.83,MIN_PROFIT_TP_HIT,0.2224
1698,TRUMP_USDT,LONG,StochasticRSI(FAST_SCALP-LONG),2,0.2,1.525,1.527,1.527,1.519,2026-07-13 19:24:59 UTC,2026-07-13 19:30:10 UTC,310.12,0.305,0.0041,0.0,0.0004,0.04,9.84,MIN_PROFIT_TP_HIT,0.2228
1699,TRUMP_USDT,SHORT,StochasticRSI(FAST_SCALP-SHORT),2,0.2,1.532,1.538,1.53,1.538,2026-07-13 19:36:59 UTC,2026-07-13 19:56:57 UTC,1197.33,0.3064,0.0041,0.0,-0.0012,-0.11,-29.37,STOP_LOSS_HIT,0.2216
1700,TRUMP_USDT,LONG,StochasticRSI(FAST_SCALP-LONG),2,0.2,1.536,1.538,1.538,1.53,2026-07-13 20:02:59 UTC,2026-07-13 20:05:01 UTC,121.16,0.3072,0.0041,0.0,0.0004,0.04,9.77,MIN_PROFIT_TP_HIT,0.222
1701,TRUMP_USDT,LONG,StochasticRSI(FAST_SCALP-LONG),2,0.2,1.535,1.529,1.537,1.529,2026-07-13 20:10:59 UTC,2026-07-13 20:19:09 UTC,489.08,0.307,0.0041,0.0,-0.0012,-0.11,-29.32,STOP_LOSS_HIT,0.2208
1702,TRUMP_USDT,LONG,StochasticRSI(FAST_SCALP-LONG),2,0.2,1.532,1.534,1.534,1.526,2026-07-13 20:22:59 UTC,2026-07-13 20:23:11 UTC,11.62,0.3064,0.0041,0.0,0.0004,0.04,9.79,MIN_PROFIT_TP_HIT,0.2212
1703,TRUMP_USDT,SHORT,StochasticRSI(FAST_SCALP-SHORT),2,0.2,1.535,1.533,1.533,1.541,2026-07-13 20:27:59 UTC,2026-07-13 20:44:04 UTC,964.71,0.307,0.0041,0.0,0.0004,0.04,9.77,MIN_PROFIT_TP_HIT,0.2216
1704,TRUMP_USDT,LONG,StochasticRSI(FAST_SCALP-LONG),2,0.2,1.532,1.534,1.534,1.526,2026-07-13 20:47:59 UTC,2026-07-13 20:55:16 UTC,436.46,0.3064,0.0041,0.0,0.0004,0.04,9.79,MIN_PROFIT_TP_HIT,0.222
1705,TRUMP_USDT,SHORT,StochasticRSI(FAST_SCALP-SHORT),2,0.2,1.534,1.532,1.532,1.54,2026-07-13 20:57:59 UTC,2026-07-13 21:00:15 UTC,135.43,0.3068,0.0041,0.0,0.0004,0.04,9.78,MIN_PROFIT_TP_HIT,0.2224
1706,TRUMP_USDT,SHORT,StochasticRSI(FAST_SCALP-SHORT),2,0.2,1.533,1.531,1.531,1.539,2026-07-13 21:01:59 UTC,2026-07-13 21:09:23 UTC,443.62,0.3066,0.0041,0.0,0.0004,0.04,9.78,MIN_PROFIT_TP_HIT,0.2228
1707,TRUMP_USDT,LONG,StochasticRSI(FAST_SCALP-LONG),2,0.2,1.53,1.532,1.532,1.524,2026-07-13 21:13:59 UTC,2026-07-13 21:14:05 UTC,5.97,0.306,0.0041,0.0,0.0004,0.04,9.8,MIN_PROFIT_TP_HIT,0.2232
1708,TRUMP_USDT,SHORT,StochasticRSI(FAST_SCALP-SHORT),2,0.2,1.534,1.532,1.532,1.54,2026-07-13 21:24:59 UTC,2026-07-13 21:25:54 UTC,54.14,0.3068,0.0041,0.0,0.0004,0.04,9.78,MIN_PROFIT_TP_HIT,0.2236
1709,TRUMP_USDT,LONG,StochasticRSI(FAST_SCALP-LONG),2,0.2,1.53,1.524,1.532,1.524,2026-07-13 21:33:59 UTC,2026-07-13 21:38:10 UTC,250.44,0.306,0.0041,0.0,-0.0012,-0.11,-29.41,STOP_LOSS_HIT,0.2224
1710,TRUMP_USDT,LONG,StochasticRSI(FAST_SCALP-LONG),2,0.2,1.523,1.525,1.525,1.517,2026-07-13 21:43:59 UTC,2026-07-13 21:47:02 UTC,182.42,0.3046,0.0041,0.0,0.0004,0.04,9.85,MIN_PROFIT_TP_HIT,0.2228
1711,TRUMP_USDT,SHORT,StochasticRSI(FAST_SCALP-SHORT),2,0.2,1.524,1.53,1.522,1.53,2026-07-13 21:51:59 UTC,2026-07-13 22:02:07 UTC,607.03,0.3048,0.0041,0.0,-0.0012,-0.11,-29.53,STOP_LOSS_HIT,0.2216
1712,TRUMP_USDT,SHORT,StochasticRSI(FAST_SCALP-SHORT),2,0.2,1.532,1.53,1.53,1.538,2026-07-13 22:05:59 UTC,2026-07-13 22:06:56 UTC,56.77,0.3064,0.0041,0.0,0.0004,0.04,9.79,MIN_PROFIT_TP_HIT,0.222
1713,TRUMP_USDT,LONG,StochasticRSI(FAST_SCALP-LONG),2,0.2,1.532,1.534,1.534,1.526,2026-07-13 22:13:59 UTC,2026-07-13 22:16:02 UTC,122.92,0.3064,0.0041,0.0,0.0004,0.04,9.79,MIN_PROFIT_TP_HIT,0.2224
1714,TRUMP_USDT,SHORT,StochasticRSI(FAST_SCALP-SHORT),2,0.2,1.536,1.534,1.534,1.542,2026-07-13 22:20:59 UTC,2026-07-13 22:21:03 UTC,3.3,0.3072,0.0041,0.0,0.0004,0.04,9.77,MIN_PROFIT_TP_HIT,0.2228
1715,TRUMP_USDT,SHORT,StochasticRSI(FAST_SCALP-SHORT),2,0.2,1.534,1.532,1.532,1.54,2026-07-13 22:22:59 UTC,2026-07-13 22:23:04 UTC,4.77,0.3068,0.0041,0.0,0.0004,0.04,9.78,MIN_PROFIT_TP_HIT,0.2232
1716,TRUMP_USDT,LONG,StochasticRSI(FAST_SCALP-LONG),2,0.2,1.534,1.536,1.536,1.528,2026-07-13 22:27:59 UTC,2026-07-13 22:28:04 UTC,4.04,0.3068,0.0041,0.0,0.0004,0.04,9.78,MIN_PROFIT_TP_HIT,0.2236
1717,TRUMP_USDT,LONG,StochasticRSI(FAST_SCALP-LONG),2,0.2,1.533,1.535,1.535,1.527,2026-07-13 22:36:59 UTC,2026-07-13 22:43:57 UTC,417.6,0.3066,0.0041,0.0,0.0004,0.04,9.78,MIN_PROFIT_TP_HIT,0.224
1718,TRUMP_USDT,SHORT,StochasticRSI(FAST_SCALP-SHORT),2,0.2,1.535,1.533,1.533,1.541,2026-07-13 22:48:59 UTC,2026-07-13 22:51:25 UTC,145.39,0.307,0.0041,0.0,0.0004,0.04,9.77,MIN_PROFIT_TP_HIT,0.2244
1719,TRUMP_USDT,LONG,StochasticRSI(FAST_SCALP-LONG),2,0.2,1.534,1.536,1.536,1.528,2026-07-13 22:56:59 UTC,2026-07-13 23:19:32 UTC,1352.86,0.3068,0.0041,0.0,0.0004,0.04,9.78,MIN_PROFIT_TP_HIT,0.2248
1720,TRUMP_USDT,SHORT,StochasticRSI(FAST_SCALP-SHORT),2,0.2,1.534,1.54,1.532,1.54,2026-07-13 23:23:59 UTC,2026-07-13 23:35:42 UTC,702.34,0.3068,0.0041,0.0,-0.0012,-0.11,-29.34,STOP_LOSS_HIT,0.2236
1721,TRUMP_USDT,SHORT,StochasticRSI(FAST_SCALP-SHORT),2,0.2,1.539,1.545,1.537,1.545,2026-07-13 23:43:59 UTC,2026-07-13 23:54:21 UTC,621.63,0.3078,0.0041,0.0,-0.0012,-0.11,-29.24,STOP_LOSS_HIT,0.2224
1722,TRUMP_USDT,SHORT,StochasticRSI(FAST_SCALP-SHORT),2,0.2,1.543,1.541,1.541,1.549,2026-07-13 23:56:59 UTC,2026-07-14 00:06:08 UTC,548.38,0.3086,0.0041,0.0,0.0004,0.04,9.72,MIN_PROFIT_TP_HIT,0.2228
1723,TRUMP_USDT,LONG,StochasticRSI(FAST_SCALP-LONG),2,0.2,1.544,1.546,1.546,1.538,2026-07-14 00:09:59 UTC,2026-07-14 00:10:22 UTC,22.89,0.3088,0.0041,0.0,0.0004,0.04,9.72,MIN_PROFIT_TP_HIT,0.2232
1724,TRUMP_USDT,SHORT,StochasticRSI(FAST_SCALP-SHORT),2,0.2,1.546,1.544,1.544,1.552,2026-07-14 00:15:59 UTC,2026-07-14 00:16:43 UTC,43.14,0.3092,0.0041,0.0,0.0004,0.04,9.7,MIN_PROFIT_TP_HIT,0.2236
1725,TRUMP_USDT,SHORT,StochasticRSI(FAST_SCALP-SHORT),2,0.2,1.546,1.544,1.544,1.552,2026-07-14 00:29:59 UTC,2026-07-14 00:36:20 UTC,380.26,0.3092,0.0041,0.0,0.0004,0.04,9.7,MIN_PROFIT_TP_HIT,0.224
1726,TRUMP_USDT,LONG,StochasticRSI(FAST_SCALP-LONG),2,0.2,1.542,1.544,1.544,1.536,2026-07-14 00:41:59 UTC,2026-07-14 00:45:43 UTC,223.41,0.3084,0.0041,0.0,0.0004,0.04,9.73,MIN_PROFIT_TP_HIT,0.2244
1727,TRUMP_USDT,LONG,StochasticRSI(FAST_SCALP-LONG),2,0.2,1.544,1.546,1.546,1.538,2026-07-14 00:46:59 UTC,2026-07-14 00:49:00 UTC,120.19,0.3088,0.0041,0.0,0.0004,0.04,9.72,MIN_PROFIT_TP_HIT,0.2248
1728,TRUMP_USDT,SHORT,StochasticRSI(FAST_SCALP-SHORT),2,0.2,1.547,1.545,1.545,1.553,2026-07-14 00:53:59 UTC,2026-07-14 01:20:48 UTC,1608.16,0.3094,0.0041,0.0,0.0004,0.04,9.7,MIN_PROFIT_TP_HIT,0.2252
1729,TRUMP_USDT,LONG,StochasticRSI(FAST_SCALP-LONG),2,0.2,1.547,1.541,1.549,1.541,2026-07-14 01:24:59 UTC,2026-07-14 01:34:40 UTC,580.21,0.3094,0.0041,0.0,-0.0012,-0.11,-29.09,STOP_LOSS_HIT,0.224
1730,TRUMP_USDT,SHORT,StochasticRSI(FAST_SCALP-SHORT),2,0.2,1.544,1.542,1.542,1.55,2026-07-14 01:49:59 UTC,2026-07-14 01:56:17 UTC,377.81,0.3088,0.0041,0.0,0.0004,0.04,9.72,MIN_PROFIT_TP_HIT,0.2244
1731,TRUMP_USDT,LONG,StochasticRSI(FAST_SCALP-LONG),2,0.2,1.542,1.544,1.544,1.536,2026-07-14 02:00:59 UTC,2026-07-14 02:03:09 UTC,129.24,0.3084,0.0041,0.0,0.0004,0.04,9.73,MIN_PROFIT_TP_HIT,0.2248
1732,TRUMP_USDT,LONG,StochasticRSI(FAST_SCALP-LONG),2,0.2,1.539,1.533,1.541,1.533,2026-07-14 02:14:59 UTC,2026-07-14 02:34:56 UTC,1196.09,0.3078,0.0041,0.0,-0.0012,-0.11,-29.24,STOP_LOSS_HIT,0.2236
1733,TRUMP_USDT,LONG,StochasticRSI(FAST_SCALP-LONG),2,0.2,1.534,1.536,1.536,1.528,2026-07-14 02:39:59 UTC,2026-07-14 02:40:38 UTC,38.1,0.3068,0.0041,0.0,0.0004,0.04,9.78,MIN_PROFIT_TP_HIT,0.224
1734,TRUMP_USDT,SHORT,StochasticRSI(FAST_SCALP-SHORT),2,0.2,1.538,1.536,1.536,1.544,2026-07-14 02:47:59 UTC,2026-07-14 02:52:05 UTC,245.41,0.3076,0.0041,0.0,0.0004,0.04,9.75,MIN_PROFIT_TP_HIT,0.2244
1735,TRUMP_USDT,LONG,StochasticRSI(FAST_SCALP-LONG),2,0.2,1.534,1.528,1.536,1.528,2026-07-14 02:57:59 UTC,2026-07-14 03:12:18 UTC,858.99,0.3068,0.0041,0.0,-0.0012,-0.11,-29.34,STOP_LOSS_HIT,0.2232
1736,TRUMP_USDT,LONG,StochasticRSI(FAST_SCALP-LONG),2,0.2,1.53,1.532,1.532,1.524,2026-07-14 03:16:59 UTC,2026-07-14 03:29:41 UTC,761.79,0.306,0.0041,0.0,0.0004,0.04,9.8,MIN_PROFIT_TP_HIT,0.2236
1737,TRUMP_USDT,SHORT,StochasticRSI(FAST_SCALP-SHORT),2,0.2,1.532,1.538,1.53,1.538,2026-07-14 03:33:59 UTC,2026-07-14 04:02:50 UTC,1730.99,0.3064,0.0041,0.0,-0.0012,-0.11,-29.37,STOP_LOSS_HIT,0.2224
1738,TRUMP_USDT,SHORT,StochasticRSI(FAST_SCALP-SHORT),2,0.2,1.537,1.535,1.535,1.543,2026-07-14 04:07:59 UTC,2026-07-14 04:09:22 UTC,82.67,0.3074,0.0041,0.0,0.0004,0.04,9.76,MIN_PROFIT_TP_HIT,0.2228
1739,TRUMP_USDT,LONG,StochasticRSI(FAST_SCALP-LONG),2,0.2,1.533,1.535,1.535,1.527,2026-07-14 04:13:59 UTC,2026-07-14 04:15:57 UTC,117.15,0.3066,0.0041,0.0,0.0004,0.04,9.78,MIN_PROFIT_TP_HIT,0.2232
1740,TRUMP_USDT,SHORT,StochasticRSI(FAST_SCALP-SHORT),2,0.2,1.538,1.536,1.536,1.544,2026-07-14 04:24:59 UTC,2026-07-14 04:56:30 UTC,1890.46,0.3076,0.0041,0.0,0.0004,0.04,9.75,MIN_PROFIT_TP_HIT,0.2236
1741,TRUMP_USDT,LONG,StochasticRSI(FAST_SCALP-LONG),2,0.2,1.536,1.53,1.538,1.53,2026-07-14 05:01:59 UTC,2026-07-14 05:45:02 UTC,2582.87,0.3072,0.0041,0.0,-0.0012,-0.11,-29.3,STOP_LOSS_HIT,0.2224
1742,TRUMP_USDT,LONG,StochasticRSI(FAST_SCALP-LONG),2,0.2,1.529,1.531,1.531,1.523,2026-07-14 05:48:59 UTC,2026-07-14 05:49:30 UTC,30.18,0.3058,0.0041,0.0,0.0004,0.04,9.81,MIN_PROFIT_TP_HIT,0.2228
1743,TRUMP_USDT,SHORT,StochasticRSI(FAST_SCALP-SHORT),2,0.2,1.534,1.532,1.532,1.54,2026-07-14 05:56:59 UTC,2026-07-14 06:03:40 UTC,400.57,0.3068,0.0041,0.0,0.0004,0.04,9.78,MIN_PROFIT_TP_HIT,0.2232
1744,TRUMP_USDT,LONG,StochasticRSI(FAST_SCALP-LONG),2,0.2,1.533,1.535,1.535,1.527,2026-07-14 06:09:59 UTC,2026-07-14 06:10:05 UTC,5.33,0.3066,0.0041,0.0,0.0004,0.04,9.78,MIN_PROFIT_TP_HIT,0.2236
1745,TRUMP_USDT,SHORT,StochasticRSI(FAST_SCALP-SHORT),2,0.2,1.539,1.537,1.537,1.545,2026-07-14 06:15:59 UTC,2026-07-14 06:28:18 UTC,738.06,0.3078,0.0041,0.0,0.0004,0.04,9.75,MIN_PROFIT_TP_HIT,0.224
1746,TRUMP_USDT,LONG,StochasticRSI(FAST_SCALP-LONG),2,0.2,1.54,1.534,1.542,1.534,2026-07-14 06:31:59 UTC,2026-07-14 06:57:36 UTC,1536.69,0.308,0.0041,0.0,-0.0012,-0.11,-29.22,STOP_LOSS_HIT,0.2228
1747,TRUMP_USDT,LONG,StochasticRSI(FAST_SCALP-LONG),2,0.2,1.535,1.537,1.537,1.529,2026-07-14 06:58:59 UTC,2026-07-14 07:26:59 UTC,1679.21,0.307,0.0041,0.0,0.0004,0.04,9.77,MIN_PROFIT_TP_HIT,0.2232
1748,TRUMP_USDT,SHORT,StochasticRSI(FAST_SCALP-SHORT),2,0.2,1.536,1.534,1.534,1.542,2026-07-14 07:28:59 UTC,2026-07-14 07:31:57 UTC,177.61,0.3072,0.0041,0.0,0.0004,0.04,9.77,MIN_PROFIT_TP_HIT,0.2236
1749,TRUMP_USDT,LONG,StochasticRSI(FAST_SCALP-LONG),2,0.2,1.532,1.534,1.534,1.526,2026-07-14 07:35:59 UTC,2026-07-14 07:36:08 UTC,8.23,0.3064,0.0041,0.0,0.0004,0.04,9.79,MIN_PROFIT_TP_HIT,0.224
1750,TRUMP_USDT,LONG,StochasticRSI(FAST_SCALP-LONG),2,0.2,1.532,1.534,1.534,1.526,2026-07-14 07:37:59 UTC,2026-07-14 07:39:30 UTC,90.71,0.3064,0.0041,0.0,0.0004,0.04,9.79,MIN_PROFIT_TP_HIT,0.2244
1751,TRUMP_USDT,LONG,StochasticRSI(FAST_SCALP-LONG),2,0.2,1.533,1.535,1.535,1.527,2026-07-14 07:50:59 UTC,2026-07-14 08:05:07 UTC,847.7,0.3066,0.0041,0.0,0.0004,0.04,9.78,MIN_PROFIT_TP_HIT,0.2248
1752,TRUMP_USDT,SHORT,StochasticRSI(FAST_SCALP-SHORT),2,0.2,1.531,1.529,1.529,1.537,2026-07-14 08:08:59 UTC,2026-07-14 08:30:02 UTC,1262.99,0.3062,0.0041,0.0,0.0004,0.04,9.8,MIN_PROFIT_TP_HIT,0.2252
1753,TRUMP_USDT,LONG,StochasticRSI(FAST_SCALP-LONG),2,0.2,1.524,1.518,1.526,1.518,2026-07-14 08:39:59 UTC,2026-07-14 08:48:18 UTC,498.94,0.3048,0.0041,0.0,-0.0012,-0.11,-29.53,STOP_LOSS_HIT,0.224
1754,TRUMP_USDT,SHORT,StochasticRSI(FAST_SCALP-SHORT),2,0.2,1.521,1.519,1.519,1.527,2026-07-14 08:54:59 UTC,2026-07-14 08:56:32 UTC,92.06,0.3042,0.0041,0.0,0.0004,0.04,9.86,MIN_PROFIT_TP_HIT,0.2244
1755,TRUMP_USDT,SHORT,StochasticRSI(FAST_SCALP-SHORT),2,0.2,1.52,1.526,1.518,1.526,2026-07-14 08:57:59 UTC,2026-07-14 09:11:11 UTC,791.92,0.304,0.0041,0.0,-0.0012,-0.11,-29.61,STOP_LOSS_HIT,0.2232
1756,TRUMP_USDT,SHORT,StochasticRSI(FAST_SCALP-SHORT),2,0.2,1.524,1.522,1.522,1.53,2026-07-14 09:14:59 UTC,2026-07-14 09:18:02 UTC,182.7,0.3048,0.0041,0.0,0.0004,0.04,9.84,MIN_PROFIT_TP_HIT,0.2236
1757,TRUMP_USDT,LONG,StochasticRSI(FAST_SCALP-LONG),2,0.2,1.52,1.522,1.522,1.514,2026-07-14 09:22:59 UTC,2026-07-14 09:23:05 UTC,5.98,0.304,0.0041,0.0,0.0004,0.04,9.87,MIN_PROFIT_TP_HIT,0.224
1758,TRUMP_USDT,SHORT,StochasticRSI(FAST_SCALP-SHORT),2,0.2,1.521,1.519,1.519,1.527,2026-07-14 09:32:59 UTC,2026-07-14 09:36:41 UTC,221.03,0.3042,0.0041,0.0,0.0004,0.04,9.86,MIN_PROFIT_TP_HIT,0.2244
1759,TRUMP_USDT,LONG,StochasticRSI(FAST_SCALP-LONG),2,0.2,1.521,1.523,1.523,1.515,2026-07-14 09:40:59 UTC,2026-07-14 09:43:59 UTC,179.93,0.3042,0.0041,0.0,0.0004,0.04,9.86,MIN_PROFIT_TP_HIT,0.2248
1760,TRUMP_USDT,SHORT,StochasticRSI(FAST_SCALP-SHORT),2,0.2,1.523,1.529,1.521,1.529,2026-07-14 09:53:59 UTC,2026-07-14 10:12:27 UTC,1107.76,0.3046,0.0041,0.0,-0.0012,-0.11,-29.55,STOP_LOSS_HIT,0.2236
1761,TRUMP_USDT,SHORT,StochasticRSI(FAST_SCALP-SHORT),2,0.2,1.528,1.526,1.526,1.534,2026-07-14 10:15:59 UTC,2026-07-14 10:28:41 UTC,761.59,0.3056,0.0041,0.0,0.0004,0.04,9.82,MIN_PROFIT_TP_HIT,0.224
1762,TRUMP_USDT,LONG,StochasticRSI(FAST_SCALP-LONG),2,0.2,1.523,1.525,1.525,1.517,2026-07-14 10:34:59 UTC,2026-07-14 10:35:32 UTC,32.05,0.3046,0.0041,0.0,0.0004,0.04,9.85,MIN_PROFIT_TP_HIT,0.2244
1763,TRUMP_USDT,SHORT,StochasticRSI(FAST_SCALP-SHORT),2,0.2,1.525,1.523,1.523,1.531,2026-07-14 10:42:59 UTC,2026-07-14 10:51:47 UTC,527.57,0.305,0.0041,0.0,0.0004,0.04,9.84,MIN_PROFIT_TP_HIT,0.2248
1764,TRUMP_USDT,LONG,StochasticRSI(FAST_SCALP-LONG),2,0.2,1.523,1.525,1.525,1.517,2026-07-14 10:54:59 UTC,2026-07-14 10:55:12 UTC,12.74,0.3046,0.0041,0.0,0.0004,0.04,9.85,MIN_PROFIT_TP_HIT,0.2252
1765,TRUMP_USDT,SHORT,StochasticRSI(FAST_SCALP-SHORT),2,0.2,1.524,1.522,1.522,1.53,2026-07-14 11:01:59 UTC,2026-07-14 11:02:26 UTC,26.31,0.3048,0.0041,0.0,0.0004,0.04,9.84,MIN_PROFIT_TP_HIT,0.2256
1766,TRUMP_USDT,LONG,StochasticRSI(FAST_SCALP-LONG),2,0.2,1.524,1.526,1.526,1.518,2026-07-14 11:06:59 UTC,2026-07-14 11:09:53 UTC,173.2,0.3048,0.0041,0.0,0.0004,0.04,9.84,MIN_PROFIT_TP_HIT,0.226
1767,TRUMP_USDT,SHORT,StochasticRSI(FAST_SCALP-SHORT),2,0.2,1.526,1.532,1.524,1.532,2026-07-14 11:12:59 UTC,2026-07-14 11:28:09 UTC,909.35,0.3052,0.0041,0.0,-0.0012,-0.11,-29.49,STOP_LOSS_HIT,0.2248
1768,TRUMP_USDT,SHORT,StochasticRSI(FAST_SCALP-SHORT),2,0.2,1.531,1.529,1.529,1.537,2026-07-14 11:36:59 UTC,2026-07-14 11:37:37 UTC,37.7,0.3062,0.0041,0.0,0.0004,0.04,9.8,MIN_PROFIT_TP_HIT,0.2252
1769,TRUMP_USDT,LONG,StochasticRSI(FAST_SCALP-LONG),2,0.2,1.529,1.531,1.531,1.523,2026-07-14 11:42:59 UTC,2026-07-14 12:03:49 UTC,1249.98,0.3058,0.0041,0.0,0.0004,0.04,9.81,MIN_PROFIT_TP_HIT,0.2256
1770,TRUMP_USDT,LONG,StochasticRSI(FAST_SCALP-LONG),2,0.2,1.526,1.528,1.528,1.52,2026-07-14 12:13:59 UTC,2026-07-14 12:19:07 UTC,307.76,0.3052,0.0041,0.0,0.0004,0.04,9.83,MIN_PROFIT_TP_HIT,0.226
1771,TRUMP_USDT,SHORT,StochasticRSI(FAST_SCALP-SHORT),2,0.2,1.53,1.528,1.528,1.536,2026-07-14 12:22:59 UTC,2026-07-14 12:23:49 UTC,49.17,0.306,0.0041,0.0,0.0004,0.04,9.8,MIN_PROFIT_TP_HIT,0.2264
1772,TRUMP_USDT,SHORT,StochasticRSI(FAST_SCALP-SHORT),2,0.2,1.531,1.529,1.529,1.537,2026-07-14 12:24:59 UTC,2026-07-14 12:28:13 UTC,193.44,0.3062,0.0041,0.0,0.0004,0.04,9.8,MIN_PROFIT_TP_HIT,0.2268
1773,TRUMP_USDT,SHORT,StochasticRSI(FAST_SCALP-SHORT),2,0.2,1.54,1.538,1.538,1.546,2026-07-14 12:35:59 UTC,2026-07-14 12:36:31 UTC,31.06,0.308,0.0041,0.0,0.0004,0.04,9.74,MIN_PROFIT_TP_HIT,0.2272
1774,TRUMP_USDT,LONG,StochasticRSI(FAST_SCALP-LONG),2,0.2,1.541,1.543,1.543,1.535,2026-07-14 12:43:59 UTC,2026-07-14 12:45:22 UTC,82.03,0.3082,0.0041,0.0,0.0004,0.04,9.73,MIN_PROFIT_TP_HIT,0.2276
1775,TRUMP_USDT,SHORT,StochasticRSI(FAST_SCALP-SHORT),2,0.2,1.545,1.543,1.543,1.551,2026-07-14 12:49:59 UTC,2026-07-14 12:51:33 UTC,93.52,0.309,0.0041,0.0,0.0004,0.04,9.71,MIN_PROFIT_TP_HIT,0.228
1776,TRUMP_USDT,LONG,StochasticRSI(FAST_SCALP-LONG),2,0.2,1.548,1.55,1.55,1.542,2026-07-14 12:56:59 UTC,2026-07-14 12:58:17 UTC,77.46,0.3096,0.0041,0.0,0.0004,0.04,9.69,MIN_PROFIT_TP_HIT,0.2284
1777,TRUMP_USDT,SHORT,StochasticRSI(FAST_SCALP-SHORT),2,0.2,1.549,1.547,1.547,1.555,2026-07-14 13:01:59 UTC,2026-07-14 13:03:00 UTC,60.12,0.3098,0.0041,0.0,0.0004,0.04,9.68,MIN_PROFIT_TP_HIT,0.2288
1778,TRUMP_USDT,LONG,StochasticRSI(FAST_SCALP-LONG),2,0.2,1.543,1.545,1.545,1.537,2026-07-14 13:07:59 UTC,2026-07-14 13:16:33 UTC,513.76,0.3086,0.0041,0.0,0.0004,0.04,9.72,MIN_PROFIT_TP_HIT,0.2292
1779,TRUMP_USDT,SHORT,StochasticRSI(FAST_SCALP-SHORT),2,0.2,1.556,1.554,1.554,1.562,2026-07-14 13:27:59 UTC,2026-07-14 13:28:22 UTC,22.32,0.3112,0.0041,0.0,0.0004,0.04,9.64,MIN_PROFIT_TP_HIT,0.2296
1780,TRUMP_USDT,LONG,StochasticRSI(FAST_SCALP-LONG),2,0.2,1.554,1.556,1.556,1.548,2026-07-14 13:35:59 UTC,2026-07-14 13:37:44 UTC,104.63,0.3108,0.0041,0.0,0.0004,0.04,9.65,MIN_PROFIT_TP_HIT,0.23
1781,TRUMP_USDT,SHORT,StochasticRSI(FAST_SCALP-SHORT),2,0.2,1.554,1.552,1.552,1.56,2026-07-14 13:41:59 UTC,2026-07-14 13:42:36 UTC,36.22,0.3108,0.0041,0.0,0.0004,0.04,9.65,MIN_PROFIT_TP_HIT,0.2304
1782,TRUMP_USDT,LONG,StochasticRSI(FAST_SCALP-LONG),2,0.2,1.549,1.543,1.551,1.543,2026-07-14 13:50:59 UTC,2026-07-14 14:01:13 UTC,613.57,0.3098,0.0041,0.0,-0.0012,-0.11,-29.05,STOP_LOSS_HIT,0.2292
1783,TRUMP_USDT,LONG,StochasticRSI(FAST_SCALP-LONG),2,0.2,1.541,1.543,1.543,1.535,2026-07-14 14:06:59 UTC,2026-07-14 14:07:04 UTC,4.75,0.3082,0.0041,0.0,0.0004,0.04,9.73,MIN_PROFIT_TP_HIT,0.2296
1784,TRUMP_USDT,SHORT,StochasticRSI(FAST_SCALP-SHORT),2,0.2,1.544,1.542,1.542,1.55,2026-07-14 14:11:59 UTC,2026-07-14 14:14:18 UTC,138.34,0.3088,0.0041,0.0,0.0004,0.04,9.72,MIN_PROFIT_TP_HIT,0.23
1785,TRUMP_USDT,SHORT,StochasticRSI(FAST_SCALP-SHORT),2,0.2,1.542,1.54,1.54,1.548,2026-07-14 14:16:59 UTC,2026-07-14 14:31:25 UTC,865.19,0.3084,0.0041,0.0,0.0004,0.04,9.73,MIN_PROFIT_TP_HIT,0.2304
1786,TRUMP_USDT,LONG,StochasticRSI(FAST_SCALP-LONG),2,0.2,1.545,1.547,1.547,1.539,2026-07-14 14:35:59 UTC,2026-07-14 14:59:36 UTC,1416.96,0.309,0.0041,0.0,0.0004,0.04,9.71,MIN_PROFIT_TP_HIT,0.2308
1787,TRUMP_USDT,SHORT,StochasticRSI(FAST_SCALP-SHORT),2,0.2,1.548,1.546,1.546,1.554,2026-07-14 15:03:59 UTC,2026-07-14 15:05:42 UTC,102.79,0.3096,0.0041,0.0,0.0004,0.04,9.69,MIN_PROFIT_TP_HIT,0.2312
1788,TRUMP_USDT,LONG,StochasticRSI(FAST_SCALP-LONG),2,0.2,1.548,1.55,1.55,1.542,2026-07-14 15:09:59 UTC,2026-07-14 15:11:33 UTC,93.49,0.3096,0.0041,0.0,0.0004,0.04,9.69,MIN_PROFIT_TP_HIT,0.2316
1789,TRUMP_USDT,SHORT,StochasticRSI(FAST_SCALP-SHORT),2,0.2,1.549,1.555,1.547,1.555,2026-07-14 15:14:59 UTC,2026-07-14 15:30:11 UTC,911.73,0.3098,0.0041,0.0,-0.0012,-0.11,-29.05,STOP_LOSS_HIT,0.2304
1790,TRUMP_USDT,SHORT,StochasticRSI(FAST_SCALP-SHORT),2,0.2,1.558,1.556,1.556,1.564,2026-07-14 15:34:59 UTC,2026-07-14 15:38:50 UTC,230.11,0.3116,0.0042,0.0,0.0004,0.04,9.63,MIN_PROFIT_TP_HIT,0.2308
1791,TRUMP_USDT,SHORT,StochasticRSI(FAST_SCALP-SHORT),2,0.2,1.557,1.555,1.555,1.563,2026-07-14 15:39:59 UTC,2026-07-14 15:40:10 UTC,10.58,0.3114,0.0042,0.0,0.0004,0.04,9.63,MIN_PROFIT_TP_HIT,0.2312
1792,TRUMP_USDT,LONG,StochasticRSI(FAST_SCALP-LONG),2,0.2,1.557,1.559,1.559,1.551,2026-07-14 15:43:59 UTC,2026-07-14 15:46:20 UTC,140.5,0.3114,0.0042,0.0,0.0004,0.04,9.63,MIN_PROFIT_TP_HIT,0.2316
1793,TRUMP_USDT,LONG,StochasticRSI(FAST_SCALP-LONG),2,0.2,1.551,1.553,1.553,1.545,2026-07-14 15:54:59 UTC,2026-07-14 15:55:17 UTC,17.22,0.3102,0.0041,0.0,0.0004,0.04,9.67,MIN_PROFIT_TP_HIT,0.232
1794,TRUMP_USDT,LONG,StochasticRSI(FAST_SCALP-LONG),2,0.2,1.549,1.551,1.551,1.543,2026-07-14 16:01:59 UTC,2026-07-14 16:02:17 UTC,17.8,0.3098,0.0041,0.0,0.0004,0.04,9.68,MIN_PROFIT_TP_HIT,0.2324
1795,TRUMP_USDT,SHORT,StochasticRSI(FAST_SCALP-SHORT),2,0.2,1.554,1.552,1.552,1.56,2026-07-14 16:12:59 UTC,2026-07-14 16:15:10 UTC,130.06,0.3108,0.0041,0.0,0.0004,0.04,9.65,MIN_PROFIT_TP_HIT,0.2328
1796,TRUMP_USDT,LONG,StochasticRSI(FAST_SCALP-LONG),2,0.2,1.554,1.556,1.556,1.548,2026-07-14 16:19:59 UTC,2026-07-14 16:31:03 UTC,663.46,0.3108,0.0041,0.0,0.0004,0.04,9.65,MIN_PROFIT_TP_HIT,0.2332
1797,TRUMP_USDT,SHORT,StochasticRSI(FAST_SCALP-SHORT),2,0.2,1.556,1.562,1.554,1.562,2026-07-14 16:34:59 UTC,2026-07-14 16:52:09 UTC,1029.35,0.3112,0.0041,0.0,-0.0012,-0.11,-28.92,STOP_LOSS_HIT,0.232
1798,TRUMP_USDT,SHORT,StochasticRSI(FAST_SCALP-SHORT),2,0.2,1.565,1.563,1.563,1.571,2026-07-14 16:56:59 UTC,2026-07-14 16:58:02 UTC,62.87,0.313,0.0042,0.0,0.0004,0.04,9.58,MIN_PROFIT_TP_HIT,0.2324
1799,TRUMP_USDT,LONG,StochasticRSI(FAST_SCALP-LONG),2,0.2,1.567,1.561,1.569,1.561,2026-07-14 17:02:59 UTC,2026-07-14 17:08:11 UTC,311.42,0.3134,0.0042,0.0,-0.0012,-0.11,-28.72,STOP_LOSS_HIT,0.2312
1800,TRUMP_USDT,LONG,StochasticRSI(FAST_SCALP-LONG),2,0.2,1.561,1.563,1.563,1.555,2026-07-14 17:09:59 UTC,2026-07-14 17:10:33 UTC,33.8,0.3122,0.0042,0.0,0.0004,0.04,9.61,MIN_PROFIT_TP_HIT,0.2316
1801,TRUMP_USDT,LONG,StochasticRSI(FAST_SCALP-LONG),2,0.2,1.555,1.557,1.557,1.549,2026-07-14 17:11:59 UTC,2026-07-14 17:12:29 UTC,29.7,0.311,0.0041,0.0,0.0004,0.04,9.65,MIN_PROFIT_TP_HIT,0.232
1802,TRUMP_USDT,SHORT,StochasticRSI(FAST_SCALP-SHORT),2,0.2,1.561,1.567,1.559,1.567,2026-07-14 17:19:59 UTC,2026-07-14 17:23:25 UTC,205.69,0.3122,0.0042,0.0,-0.0012,-0.11,-28.83,STOP_LOSS_HIT,0.2308
1803,TRUMP_USDT,SHORT,StochasticRSI(FAST_SCALP-SHORT),2,0.2,1.567,1.565,1.565,1.573,2026-07-14 17:24:59 UTC,2026-07-14 17:27:09 UTC,129.21,0.3134,0.0042,0.0,0.0004,0.04,9.57,MIN_PROFIT_TP_HIT,0.2312
1804,TRUMP_USDT,SHORT,StochasticRSI(FAST_SCALP-SHORT),2,0.2,1.566,1.564,1.564,1.572,2026-07-14 17:28:59 UTC,2026-07-14 17:32:38 UTC,218.36,0.3132,0.0042,0.0,0.0004,0.04,9.58,MIN_PROFIT_TP_HIT,0.2316
1805,TRUMP_USDT,LONG,StochasticRSI(FAST_SCALP-LONG),2,0.2,1.566,1.568,1.568,1.56,2026-07-14 17:36:59 UTC,2026-07-14 17:42:41 UTC,341.87,0.3132,0.0042,0.0,0.0004,0.04,9.58,MIN_PROFIT_TP_HIT,0.232
1806,TRUMP_USDT,SHORT,StochasticRSI(FAST_SCALP-SHORT),2,0.2,1.566,1.564,1.564,1.572,2026-07-14 17:45:59 UTC,2026-07-14 17:47:09 UTC,69.42,0.3132,0.0042,0.0,0.0004,0.04,9.58,MIN_PROFIT_TP_HIT,0.2324
1807,TRUMP_USDT,SHORT,StochasticRSI(FAST_SCALP-SHORT),2,0.2,1.565,1.563,1.563,1.571,2026-07-14 17:48:59 UTC,2026-07-14 18:02:14 UTC,794.2,0.313,0.0042,0.0,0.0004,0.04,9.58,MIN_PROFIT_TP_HIT,0.2328
1808,TRUMP_USDT,LONG,StochasticRSI(FAST_SCALP-LONG),2,0.2,1.56,1.554,1.562,1.554,2026-07-14 18:05:59 UTC,2026-07-14 18:14:35 UTC,515.94,0.312,0.0042,0.0,-0.0012,-0.11,-28.85,STOP_LOSS_HIT,0.2316
1809,TRUMP_USDT,SHORT,StochasticRSI(FAST_SCALP-SHORT),2,0.2,1.557,1.555,1.555,1.563,2026-07-14 18:24:59 UTC,2026-07-14 18:37:43 UTC,763.81,0.3114,0.0042,0.0,0.0004,0.04,9.63,MIN_PROFIT_TP_HIT,0.232
1810,TRUMP_USDT,SHORT,StochasticRSI(FAST_SCALP-SHORT),2,0.2,1.558,1.556,1.556,1.564,2026-07-14 18:38:59 UTC,2026-07-14 18:41:24 UTC,144.07,0.3116,0.0042,0.0,0.0004,0.04,9.63,MIN_PROFIT_TP_HIT,0.2324
1811,TRUMP_USDT,LONG,StochasticRSI(FAST_SCALP-LONG),2,0.2,1.554,1.556,1.556,1.548,2026-07-14 18:44:59 UTC,2026-07-14 18:48:09 UTC,189.73,0.3108,0.0041,0.0,0.0004,0.04,9.65,MIN_PROFIT_TP_HIT,0.2328
1812,TRUMP_USDT,SHORT,StochasticRSI(FAST_SCALP-SHORT),2,0.2,1.554,1.56,1.552,1.56,2026-07-14 18:52:59 UTC,2026-07-14 19:03:36 UTC,636.81,0.3108,0.0041,0.0,-0.0012,-0.11,-28.96,STOP_LOSS_HIT,0.2316
1813,TRUMP_USDT,LONG,StochasticRSI(FAST_SCALP-LONG),2,0.2,1.552,1.554,1.554,1.546,2026-07-14 19:11:59 UTC,2026-07-14 19:12:52 UTC,52.94,0.3104,0.0041,0.0,0.0004,0.04,9.66,MIN_PROFIT_TP_HIT,0.232
1814,TRUMP_USDT,SHORT,StochasticRSI(FAST_SCALP-SHORT),2,0.2,1.561,1.567,1.559,1.567,2026-07-14 19:18:59 UTC,2026-07-14 19:26:32 UTC,452.19,0.3122,0.0042,0.0,-0.0012,-0.11,-28.83,STOP_LOSS_HIT,0.2308
1815,TRUMP_USDT,LONG,StochasticRSI(FAST_SCALP-LONG),2,0.2,1.557,1.559,1.559,1.551,2026-07-14 19:33:59 UTC,2026-07-14 19:34:02 UTC,2.77,0.3114,0.0042,0.0,0.0004,0.04,9.63,MIN_PROFIT_TP_HIT,0.2312
1816,TRUMP_USDT,SHORT,StochasticRSI(FAST_SCALP-SHORT),2,0.2,1.559,1.557,1.557,1.565,2026-07-14 19:49:59 UTC,2026-07-14 19:50:00 UTC,0.11,0.3118,0.0042,0.0,0.0004,0.04,9.62,MIN_PROFIT_TP_HIT,0.2316
1817,TRUMP_USDT,LONG,StochasticRSI(FAST_SCALP-LONG),2,0.2,1.558,1.552,1.56,1.552,2026-07-14 19:55:59 UTC,2026-07-14 20:10:40 UTC,881.0,0.3116,0.0042,0.0,-0.0012,-0.11,-28.88,STOP_LOSS_HIT,0.2304
1818,TRUMP_USDT,LONG,StochasticRSI(FAST_SCALP-LONG),2,0.2,1.553,1.555,1.555,1.547,2026-07-14 20:16:59 UTC,2026-07-14 20:17:03 UTC,3.4,0.3106,0.0041,0.0,0.0004,0.04,9.66,MIN_PROFIT_TP_HIT,0.2308
1819,TRUMP_USDT,SHORT,StochasticRSI(FAST_SCALP-SHORT),2,0.2,1.553,1.551,1.551,1.559,2026-07-14 20:20:59 UTC,2026-07-14 20:21:07 UTC,7.28,0.3106,0.0041,0.0,0.0004,0.04,9.66,MIN_PROFIT_TP_HIT,0.2312
1820,TRUMP_USDT,SHORT,StochasticRSI(FAST_SCALP-SHORT),2,0.2,1.552,1.558,1.55,1.558,2026-07-14 20:28:59 UTC,2026-07-14 20:43:29 UTC,869.3,0.3104,0.0041,0.0,-0.0012,-0.11,-28.99,STOP_LOSS_HIT,0.23
1821,TRUMP_USDT,LONG,StochasticRSI(FAST_SCALP-LONG),2,0.2,1.556,1.558,1.558,1.55,2026-07-14 20:44:59 UTC,2026-07-14 20:58:23 UTC,803.53,0.3112,0.0041,0.0,0.0004,0.04,9.64,MIN_PROFIT_TP_HIT,0.2304
1822,TRUMP_USDT,SHORT,StochasticRSI(FAST_SCALP-SHORT),2,0.2,1.557,1.563,1.555,1.563,2026-07-14 21:02:59 UTC,2026-07-14 21:43:53 UTC,2453.95,0.3114,0.0042,0.0,-0.0012,-0.11,-28.9,STOP_LOSS_HIT,0.2292
1823,TRUMP_USDT,LONG,StochasticRSI(FAST_SCALP-LONG),2,0.2,1.556,1.55,1.558,1.55,2026-07-14 21:54:59 UTC,2026-07-14 22:01:42 UTC,402.7,0.3112,0.0041,0.0,-0.0012,-0.11,-28.92,STOP_LOSS_HIT,0.228
1824,TRUMP_USDT,LONG,StochasticRSI(FAST_SCALP-LONG),2,0.2,1.548,1.55,1.55,1.542,2026-07-14 22:16:59 UTC,2026-07-14 22:19:26 UTC,146.91,0.3096,0.0041,0.0,0.0004,0.04,9.69,MIN_PROFIT_TP_HIT,0.2284
1825,TRUMP_USDT,SHORT,StochasticRSI(FAST_SCALP-SHORT),2,0.2,1.553,1.559,1.551,1.559,2026-07-14 22:23:59 UTC,2026-07-14 22:33:26 UTC,566.39,0.3106,0.0041,0.0,-0.0012,-0.11,-28.98,STOP_LOSS_HIT,0.2272
1826,TRUMP_USDT,SHORT,StochasticRSI(FAST_SCALP-SHORT),2,0.2,1.559,1.557,1.557,1.565,2026-07-14 22:38:59 UTC,2026-07-14 22:54:14 UTC,914.76,0.3118,0.0042,0.0,0.0004,0.04,9.62,MIN_PROFIT_TP_HIT,0.2276
1827,TRUMP_USDT,LONG,StochasticRSI(FAST_SCALP-LONG),2,0.2,1.556,1.558,1.558,1.55,2026-07-14 22:57:59 UTC,2026-07-14 23:08:42 UTC,642.89,0.3112,0.0041,0.0,0.0004,0.04,9.64,MIN_PROFIT_TP_HIT,0.228
1828,TRUMP_USDT,SHORT,StochasticRSI(FAST_SCALP-SHORT),2,0.2,1.559,1.557,1.557,1.565,2026-07-14 23:10:59 UTC,2026-07-14 23:16:56 UTC,356.92,0.3118,0.0042,0.0,0.0004,0.04,9.62,MIN_PROFIT_TP_HIT,0.2284
1829,TRUMP_USDT,LONG,StochasticRSI(FAST_SCALP-LONG),2,0.2,1.558,1.56,1.56,1.552,2026-07-14 23:21:59 UTC,2026-07-14 23:40:02 UTC,1082.97,0.3116,0.0042,0.0,0.0004,0.04,9.63,MIN_PROFIT_TP_HIT,0.2288
1830,TRUMP_USDT,SHORT,StochasticRSI(FAST_SCALP-SHORT),2,0.2,1.558,1.556,1.556,1.564,2026-07-14 23:43:59 UTC,2026-07-15 00:00:23 UTC,983.31,0.3116,0.0042,0.0,0.0004,0.04,9.63,MIN_PROFIT_TP_HIT,0.2292
1831,TRUMP_USDT,SHORT,StochasticRSI(FAST_SCALP-SHORT),2,0.2,1.562,1.56,1.56,1.568,2026-07-15 00:12:59 UTC,2026-07-15 00:14:14 UTC,74.41,0.3124,0.0042,0.0,0.0004,0.04,9.6,MIN_PROFIT_TP_HIT,0.2296
1832,TRUMP_USDT,SHORT,StochasticRSI(FAST_SCALP-SHORT),2,0.2,1.562,1.568,1.56,1.568,2026-07-15 00:22:59 UTC,2026-07-15 00:25:35 UTC,155.52,0.3124,0.0042,0.0,-0.0012,-0.11,-28.81,STOP_LOSS_HIT,0.2284
1833,TRUMP_USDT,SHORT,StochasticRSI(FAST_SCALP-SHORT),2,0.2,1.565,1.571,1.563,1.571,2026-07-15 00:29:59 UTC,2026-07-15 00:40:07 UTC,607.88,0.313,0.0042,0.0,-0.0012,-0.11,-28.75,STOP_LOSS_HIT,0.2272
1834,TRUMP_USDT,SHORT,StochasticRSI(FAST_SCALP-SHORT),2,0.2,1.566,1.564,1.564,1.572,2026-07-15 00:42:59 UTC,2026-07-15 00:49:48 UTC,408.8,0.3132,0.0042,0.0,0.0004,0.04,9.58,MIN_PROFIT_TP_HIT,0.2276
1835,TRUMP_USDT,LONG,StochasticRSI(FAST_SCALP-LONG),2,0.2,1.565,1.567,1.567,1.559,2026-07-15 00:51:59 UTC,2026-07-15 00:52:41 UTC,41.42,0.313,0.0042,0.0,0.0004,0.04,9.58,MIN_PROFIT_TP_HIT,0.228
1836,TRUMP_USDT,SHORT,StochasticRSI(FAST_SCALP-SHORT),2,0.2,1.57,1.568,1.568,1.576,2026-07-15 01:01:59 UTC,2026-07-15 01:02:02 UTC,2.94,0.314,0.0042,0.0,0.0004,0.04,9.55,MIN_PROFIT_TP_HIT,0.2284
1837,TRUMP_USDT,LONG,StochasticRSI(FAST_SCALP-LONG),2,0.2,1.569,1.571,1.571,1.563,2026-07-15 01:06:59 UTC,2026-07-15 01:12:14 UTC,314.78,0.3138,0.0042,0.0,0.0004,0.04,9.56,MIN_PROFIT_TP_HIT,0.2288
1838,TRUMP_USDT,SHORT,StochasticRSI(FAST_SCALP-SHORT),2,0.2,1.571,1.569,1.569,1.577,2026-07-15 01:15:59 UTC,2026-07-15 01:37:25 UTC,1285.46,0.3142,0.0042,0.0,0.0004,0.04,9.55,MIN_PROFIT_TP_HIT,0.2292
1839,TRUMP_USDT,LONG,StochasticRSI(FAST_SCALP-LONG),2,0.2,1.569,1.571,1.571,1.563,2026-07-15 01:40:59 UTC,2026-07-15 01:44:36 UTC,216.19,0.3138,0.0042,0.0,0.0004,0.04,9.56,MIN_PROFIT_TP_HIT,0.2296
1840,TRUMP_USDT,SHORT,StochasticRSI(FAST_SCALP-SHORT),2,0.2,1.572,1.57,1.57,1.578,2026-07-15 01:51:59 UTC,2026-07-15 01:53:07 UTC,67.38,0.3144,0.0042,0.0,0.0004,0.04,9.54,MIN_PROFIT_TP_HIT,0.23
1841,TRUMP_USDT,LONG,StochasticRSI(FAST_SCALP-LONG),2,0.2,1.566,1.568,1.568,1.56,2026-07-15 02:01:59 UTC,2026-07-15 02:03:05 UTC,65.12,0.3132,0.0042,0.0,0.0004,0.04,9.58,MIN_PROFIT_TP_HIT,0.2304
1842,TRUMP_USDT,LONG,StochasticRSI(FAST_SCALP-LONG),2,0.2,1.566,1.56,1.568,1.56,2026-07-15 02:04:59 UTC,2026-07-15 02:18:22 UTC,802.93,0.3132,0.0042,0.0,-0.0012,-0.11,-28.74,STOP_LOSS_HIT,0.2292
1843,TRUMP_USDT,LONG,StochasticRSI(FAST_SCALP-LONG),2,0.2,1.558,1.552,1.56,1.552,2026-07-15 02:19:59 UTC,2026-07-15 03:00:20 UTC,2420.07,0.3116,0.0042,0.0,-0.0012,-0.11,-28.88,STOP_LOSS_HIT,0.228
1844,TRUMP_USDT,LONG,StochasticRSI(FAST_SCALP-LONG),2,0.2,1.553,1.555,1.555,1.547,2026-07-15 03:03:59 UTC,2026-07-15 03:04:36 UTC,36.04,0.3106,0.0041,0.0,0.0004,0.04,9.66,MIN_PROFIT_TP_HIT,0.2284
1845,TRUMP_USDT,SHORT,StochasticRSI(FAST_SCALP-SHORT),2,0.2,1.557,1.563,1.555,1.563,2026-07-15 03:09:59 UTC,2026-07-15 03:29:16 UTC,1156.38,0.3114,0.0042,0.0,-0.0012,-0.11,-28.9,STOP_LOSS_HIT,0.2272
1846,TRUMP_USDT,SHORT,StochasticRSI(FAST_SCALP-SHORT),2,0.2,1.565,1.563,1.563,1.571,2026-07-15 03:33:59 UTC,2026-07-15 03:35:03 UTC,63.69,0.313,0.0042,0.0,0.0004,0.04,9.58,MIN_PROFIT_TP_HIT,0.2276
1847,TRUMP_USDT,LONG,StochasticRSI(FAST_SCALP-LONG),2,0.2,1.56,1.562,1.562,1.554,2026-07-15 03:44:59 UTC,2026-07-15 03:47:03 UTC,123.97,0.312,0.0042,0.0,0.0004,0.04,9.62,MIN_PROFIT_TP_HIT,0.228
1848,TRUMP_USDT,LONG,StochasticRSI(FAST_SCALP-LONG),2,0.2,1.565,1.567,1.567,1.559,2026-07-15 04:01:59 UTC,2026-07-15 04:11:11 UTC,551.01,0.313,0.0042,0.0,0.0004,0.04,9.58,MIN_PROFIT_TP_HIT,0.2284
1849,TRUMP_USDT,SHORT,StochasticRSI(FAST_SCALP-SHORT),2,0.2,1.565,1.563,1.563,1.571,2026-07-15 04:14:59 UTC,2026-07-15 04:23:41 UTC,521.78,0.313,0.0042,0.0,0.0004,0.04,9.58,MIN_PROFIT_TP_HIT,0.2288
1850,TRUMP_USDT,LONG,StochasticRSI(FAST_SCALP-LONG),2,0.2,1.561,1.555,1.563,1.555,2026-07-15 04:27:59 UTC,2026-07-15 05:15:01 UTC,2821.48,0.3122,0.0042,0.0,-0.0012,-0.11,-28.83,STOP_LOSS_HIT,0.2276
1851,TRUMP_USDT,SHORT,StochasticRSI(FAST_SCALP-SHORT),2,0.2,1.556,1.554,1.554,1.562,2026-07-15 05:16:59 UTC,2026-07-15 05:21:47 UTC,287.42,0.3112,0.0041,0.0,0.0004,0.04,9.64,MIN_PROFIT_TP_HIT,0.228
1852,TRUMP_USDT,LONG,StochasticRSI(FAST_SCALP-LONG),2,0.2,1.558,1.56,1.56,1.552,2026-07-15 05:25:59 UTC,2026-07-15 05:32:35 UTC,395.02,0.3116,0.0042,0.0,0.0004,0.04,9.63,MIN_PROFIT_TP_HIT,0.2284
1853,TRUMP_USDT,SHORT,StochasticRSI(FAST_SCALP-SHORT),2,0.2,1.56,1.566,1.558,1.566,2026-07-15 05:41:59 UTC,2026-07-15 05:56:25 UTC,865.39,0.312,0.0042,0.0,-0.0012,-0.11,-28.85,STOP_LOSS_HIT,0.2272
1854,TRUMP_USDT,SHORT,StochasticRSI(FAST_SCALP-SHORT),2,0.2,1.567,1.573,1.565,1.573,2026-07-15 06:00:59 UTC,2026-07-15 06:03:27 UTC,147.72,0.3134,0.0042,0.0,-0.0012,-0.11,-28.72,STOP_LOSS_HIT,0.226
1855,TRUMP_USDT,LONG,StochasticRSI(FAST_SCALP-LONG),2,0.2,1.57,1.572,1.572,1.564,2026-07-15 06:15:59 UTC,2026-07-15 06:16:53 UTC,53.29,0.314,0.0042,0.0,0.0004,0.04,9.55,MIN_PROFIT_TP_HIT,0.2264
1856,TRUMP_USDT,SHORT,StochasticRSI(FAST_SCALP-SHORT),2,0.2,1.573,1.571,1.571,1.579,2026-07-15 06:32:59 UTC,2026-07-15 06:37:51 UTC,291.94,0.3146,0.0042,0.0,0.0004,0.04,9.54,MIN_PROFIT_TP_HIT,0.2268
1857,TRUMP_USDT,LONG,StochasticRSI(FAST_SCALP-LONG),2,0.2,1.572,1.566,1.574,1.566,2026-07-15 06:41:59 UTC,2026-07-15 06:50:59 UTC,539.81,0.3144,0.0042,0.0,-0.0012,-0.11,-28.63,STOP_LOSS_HIT,0.2256
1858,TRUMP_USDT,LONG,StochasticRSI(FAST_SCALP-LONG),2,0.2,1.566,1.56,1.568,1.56,2026-07-15 06:53:59 UTC,2026-07-15 07:21:49 UTC,1669.84,0.3132,0.0042,0.0,-0.0012,-0.11,-28.74,STOP_LOSS_HIT,0.2244
1859,TRUMP_USDT,LONG,StochasticRSI(FAST_SCALP-LONG),2,0.2,1.557,1.559,1.559,1.551,2026-07-15 07:32:59 UTC,2026-07-15 07:33:42 UTC,42.64,0.3114,0.0042,0.0,0.0004,0.04,9.63,MIN_PROFIT_TP_HIT,0.2248
1860,TRUMP_USDT,SHORT,StochasticRSI(FAST_SCALP-SHORT),2,0.2,1.559,1.557,1.557,1.565,2026-07-15 07:36:59 UTC,2026-07-15 07:38:17 UTC,77.89,0.3118,0.0042,0.0,0.0004,0.04,9.62,MIN_PROFIT_TP_HIT,0.2252
1861,TRUMP_USDT,SHORT,StochasticRSI(FAST_SCALP-SHORT),2,0.2,1.563,1.561,1.561,1.569,2026-07-15 07:52:59 UTC,2026-07-15 08:07:14 UTC,854.99,0.3126,0.0042,0.0,0.0004,0.04,9.6,MIN_PROFIT_TP_HIT,0.2256
1862,TRUMP_USDT,LONG,StochasticRSI(FAST_SCALP-LONG),2,0.2,1.565,1.567,1.567,1.559,2026-07-15 08:09:59 UTC,2026-07-15 08:45:08 UTC,2108.26,0.313,0.0042,0.0,0.0004,0.04,9.58,MIN_PROFIT_TP_HIT,0.226
1863,TRUMP_USDT,SHORT,StochasticRSI(FAST_SCALP-SHORT),2,0.2,1.567,1.565,1.565,1.573,2026-07-15 08:48:59 UTC,2026-07-15 08:55:04 UTC,364.75,0.3134,0.0042,0.0,0.0004,0.04,9.57,MIN_PROFIT_TP_HIT,0.2264
1864,TRUMP_USDT,LONG,StochasticRSI(FAST_SCALP-LONG),2,0.2,1.563,1.565,1.565,1.557,2026-07-15 08:59:59 UTC,2026-07-15 09:04:25 UTC,265.76,0.3126,0.0042,0.0,0.0004,0.04,9.6,MIN_PROFIT_TP_HIT,0.2268
1865,TRUMP_USDT,SHORT,StochasticRSI(FAST_SCALP-SHORT),2,0.2,1.568,1.566,1.566,1.574,2026-07-15 09:17:59 UTC,2026-07-15 09:31:04 UTC,784.38,0.3136,0.0042,0.0,0.0004,0.04,9.57,MIN_PROFIT_TP_HIT,0.2272
1866,TRUMP_USDT,LONG,StochasticRSI(FAST_SCALP-LONG),2,0.2,1.567,1.569,1.569,1.561,2026-07-15 09:34:59 UTC,2026-07-15 09:38:31 UTC,211.98,0.3134,0.0042,0.0,0.0004,0.04,9.57,MIN_PROFIT_TP_HIT,0.2276
1867,TRUMP_USDT,SHORT,StochasticRSI(FAST_SCALP-SHORT),2,0.2,1.565,1.563,1.563,1.571,2026-07-15 09:41:59 UTC,2026-07-15 09:47:15 UTC,315.78,0.313,0.0042,0.0,0.0004,0.04,9.58,MIN_PROFIT_TP_HIT,0.228
1868,TRUMP_USDT,LONG,StochasticRSI(FAST_SCALP-LONG),2,0.2,1.563,1.565,1.565,1.557,2026-07-15 09:53:59 UTC,2026-07-15 10:04:06 UTC,606.14,0.3126,0.0042,0.0,0.0004,0.04,9.6,MIN_PROFIT_TP_HIT,0.2284
1869,TRUMP_USDT,SHORT,StochasticRSI(FAST_SCALP-SHORT),2,0.2,1.565,1.563,1.563,1.571,2026-07-15 10:08:59 UTC,2026-07-15 10:13:03 UTC,243.52,0.313,0.0042,0.0,0.0004,0.04,9.58,MIN_PROFIT_TP_HIT,0.2288
1870,TRUMP_USDT,LONG,StochasticRSI(FAST_SCALP-LONG),2,0.2,1.562,1.564,1.564,1.556,2026-07-15 10:18:59 UTC,2026-07-15 11:07:20 UTC,2900.83,0.3124,0.0042,0.0,0.0004,0.04,9.6,MIN_PROFIT_TP_HIT,0.2292
1871,TRUMP_USDT,SHORT,StochasticRSI(FAST_SCALP-SHORT),2,0.2,1.562,1.56,1.56,1.568,2026-07-15 11:10:59 UTC,2026-07-15 11:11:11 UTC,11.37,0.3124,0.0042,0.0,0.0004,0.04,9.6,MIN_PROFIT_TP_HIT,0.2296
1872,TRUMP_USDT,LONG,StochasticRSI(FAST_SCALP-LONG),2,0.2,1.56,1.562,1.562,1.554,2026-07-15 11:17:59 UTC,2026-07-15 11:32:32 UTC,872.26,0.312,0.0042,0.0,0.0004,0.04,9.62,MIN_PROFIT_TP_HIT,0.23
1873,TRUMP_USDT,SHORT,StochasticRSI(FAST_SCALP-SHORT),2,0.2,1.562,1.568,1.56,1.568,2026-07-15 11:40:59 UTC,2026-07-15 12:30:01 UTC,2941.46,0.3124,0.0042,0.0,-0.0012,-0.11,-28.81,STOP_LOSS_HIT,0.2288
1874,TRUMP_USDT,SHORT,StochasticRSI(FAST_SCALP-SHORT),2,0.2,1.568,1.574,1.566,1.574,2026-07-15 12:35:59 UTC,2026-07-15 12:49:18 UTC,798.19,0.3136,0.0042,0.0,-0.0012,-0.11,-28.7,STOP_LOSS_HIT,0.2276
1875,TRUMP_USDT,SHORT,StochasticRSI(FAST_SCALP-SHORT),2,0.2,1.579,1.585,1.577,1.585,2026-07-15 12:55:59 UTC,2026-07-15 13:01:15 UTC,315.6,0.3158,0.0042,0.0,-0.0012,-0.11,-28.5,STOP_LOSS_HIT,0.2264
1876,TRUMP_USDT,LONG,StochasticRSI(FAST_SCALP-LONG),2,0.2,1.588,1.582,1.59,1.582,2026-07-15 13:03:59 UTC,2026-07-15 13:13:02 UTC,542.83,0.3176,0.0042,0.0,-0.0012,-0.11,-28.34,STOP_LOSS_HIT,0.2252
1877,TRUMP_USDT,LONG,StochasticRSI(FAST_SCALP-LONG),2,0.2,1.585,1.587,1.587,1.579,2026-07-15 13:15:59 UTC,2026-07-15 13:16:50 UTC,50.61,0.317,0.0042,0.0,0.0004,0.04,9.46,MIN_PROFIT_TP_HIT,0.2256
1878,TRUMP_USDT,LONG,StochasticRSI(FAST_SCALP-LONG),2,0.2,1.587,1.581,1.589,1.581,2026-07-15 13:22:59 UTC,2026-07-15 13:24:03 UTC,63.19,0.3174,0.0042,0.0,-0.0012,-0.11,-28.36,STOP_LOSS_HIT,0.2244
1879,TRUMP_USDT,LONG,StochasticRSI(FAST_SCALP-LONG),2,0.2,1.583,1.585,1.585,1.577,2026-07-15 13:28:59 UTC,2026-07-15 13:31:09 UTC,129.9,0.3166,0.0042,0.0,0.0004,0.04,9.48,MIN_PROFIT_TP_HIT,0.2248
1880,TRUMP_USDT,SHORT,StochasticRSI(FAST_SCALP-SHORT),2,0.2,1.586,1.584,1.584,1.592,2026-07-15 13:36:59 UTC,2026-07-15 13:37:08 UTC,8.11,0.3172,0.0042,0.0,0.0004,0.04,9.46,MIN_PROFIT_TP_HIT,0.2252
1881,TRUMP_USDT,SHORT,StochasticRSI(FAST_SCALP-SHORT),2,0.2,1.583,1.581,1.581,1.589,2026-07-15 13:38:59 UTC,2026-07-15 13:40:32 UTC,92.28,0.3166,0.0042,0.0,0.0004,0.04,9.48,MIN_PROFIT_TP_HIT,0.2256
1882,TRUMP_USDT,LONG,StochasticRSI(FAST_SCALP-LONG),2,0.2,1.584,1.578,1.586,1.578,2026-07-15 13:44:59 UTC,2026-07-15 13:46:15 UTC,75.08,0.3168,0.0042,0.0,-0.0012,-0.11,-28.41,STOP_LOSS_HIT,0.2244
1883,TRUMP_USDT,LONG,StochasticRSI(FAST_SCALP-LONG),2,0.2,1.574,1.568,1.576,1.568,2026-07-15 13:50:59 UTC,2026-07-15 13:53:22 UTC,142.03,0.3148,0.0042,0.0,-0.0012,-0.11,-28.59,STOP_LOSS_HIT,0.2232
1884,TRUMP_USDT,SHORT,StochasticRSI(FAST_SCALP-SHORT),2,0.2,1.576,1.574,1.574,1.582,2026-07-15 14:05:59 UTC,2026-07-15 14:15:28 UTC,568.59,0.3152,0.0042,0.0,0.0004,0.04,9.52,MIN_PROFIT_TP_HIT,0.2236
1885,TRUMP_USDT,LONG,StochasticRSI(FAST_SCALP-LONG),2,0.2,1.577,1.571,1.579,1.571,2026-07-15 14:18:59 UTC,2026-07-15 14:23:02 UTC,242.92,0.3154,0.0042,0.0,-0.0012,-0.11,-28.54,STOP_LOSS_HIT,0.2224
1886,TRUMP_USDT,LONG,StochasticRSI(FAST_SCALP-LONG),2,0.2,1.573,1.575,1.575,1.567,2026-07-15 14:27:59 UTC,2026-07-15 14:28:12 UTC,12.26,0.3146,0.0042,0.0,0.0004,0.04,9.54,MIN_PROFIT_TP_HIT,0.2228
1887,TRUMP_USDT,SHORT,StochasticRSI(FAST_SCALP-SHORT),2,0.2,1.574,1.572,1.572,1.58,2026-07-15 14:32:59 UTC,2026-07-15 14:39:38 UTC,398.32,0.3148,0.0042,0.0,0.0004,0.04,9.53,MIN_PROFIT_TP_HIT,0.2232
1888,TRUMP_USDT,LONG,StochasticRSI(FAST_SCALP-LONG),2,0.2,1.573,1.575,1.575,1.567,2026-07-15 14:44:59 UTC,2026-07-15 14:52:03 UTC,423.2,0.3146,0.0042,0.0,0.0004,0.04,9.54,MIN_PROFIT_TP_HIT,0.2236
1889,TRUMP_USDT,SHORT,StochasticRSI(FAST_SCALP-SHORT),2,0.2,1.574,1.572,1.572,1.58,2026-07-15 14:56:59 UTC,2026-07-15 15:14:27 UTC,1047.91,0.3148,0.0042,0.0,0.0004,0.04,9.53,MIN_PROFIT_TP_HIT,0.224
1890,TRUMP_USDT,LONG,StochasticRSI(FAST_SCALP-LONG),2,0.2,1.573,1.567,1.575,1.567,2026-07-15 15:18:59 UTC,2026-07-15 15:23:59 UTC,299.86,0.3146,0.0042,0.0,-0.0012,-0.11,-28.61,STOP_LOSS_HIT,0.2228
1891,TRUMP_USDT,LONG,StochasticRSI(FAST_SCALP-LONG),2,0.2,1.567,1.569,1.569,1.561,2026-07-15 15:27:59 UTC,2026-07-15 15:29:36 UTC,96.25,0.3134,0.0042,0.0,0.0004,0.04,9.57,MIN_PROFIT_TP_HIT,0.2232
1892,TRUMP_USDT,SHORT,StochasticRSI(FAST_SCALP-SHORT),2,0.2,1.568,1.566,1.566,1.574,2026-07-15 15:32:59 UTC,2026-07-15 16:04:41 UTC,1901.49,0.3136,0.0042,0.0,0.0004,0.04,9.57,MIN_PROFIT_TP_HIT,0.2236
1893,TRUMP_USDT,LONG,StochasticRSI(FAST_SCALP-LONG),2,0.2,1.564,1.566,1.566,1.558,2026-07-15 16:08:59 UTC,2026-07-15 16:09:12 UTC,12.54,0.3128,0.0042,0.0,0.0004,0.04,9.59,MIN_PROFIT_TP_HIT,0.224
1894,TRUMP_USDT,SHORT,StochasticRSI(FAST_SCALP-SHORT),2,0.2,1.568,1.566,1.566,1.574,2026-07-15 16:19:59 UTC,2026-07-15 16:20:07 UTC,7.14,0.3136,0.0042,0.0,0.0004,0.04,9.57,MIN_PROFIT_TP_HIT,0.2244
1895,TRUMP_USDT,SHORT,StochasticRSI(FAST_SCALP-SHORT),2,0.2,1.564,1.562,1.562,1.57,2026-07-15 16:21:59 UTC,2026-07-15 16:33:53 UTC,713.07,0.3128,0.0042,0.0,0.0004,0.04,9.59,MIN_PROFIT_TP_HIT,0.2248
1896,TRUMP_USDT,LONG,StochasticRSI(FAST_SCALP-LONG),2,0.2,1.559,1.561,1.561,1.553,2026-07-15 16:38:59 UTC,2026-07-15 16:39:23 UTC,23.08,0.3118,0.0042,0.0,0.0004,0.04,9.62,MIN_PROFIT_TP_HIT,0.2252
1897,TRUMP_USDT,SHORT,StochasticRSI(FAST_SCALP-SHORT),2,0.2,1.567,1.565,1.565,1.573,2026-07-15 16:46:59 UTC,2026-07-15 16:47:59 UTC,59.41,0.3134,0.0042,0.0,0.0004,0.04,9.57,MIN_PROFIT_TP_HIT,0.2256
1898,TRUMP_USDT,LONG,StochasticRSI(FAST_SCALP-LONG),2,0.2,1.563,1.565,1.565,1.557,2026-07-15 17:00:59 UTC,2026-07-15 17:02:17 UTC,77.09,0.3126,0.0042,0.0,0.0004,0.04,9.6,MIN_PROFIT_TP_HIT,0.226
1899,TRUMP_USDT,SHORT,StochasticRSI(FAST_SCALP-SHORT),2,0.2,1.565,1.563,1.563,1.571,2026-07-15 17:06:59 UTC,2026-07-15 17:10:05 UTC,185.84,0.313,0.0042,0.0,0.0004,0.04,9.58,MIN_PROFIT_TP_HIT,0.2264
1900,TRUMP_USDT,LONG,StochasticRSI(FAST_SCALP-LONG),2,0.2,1.561,1.563,1.563,1.555,2026-07-15 17:14:59 UTC,2026-07-15 17:17:27 UTC,147.88,0.3122,0.0042,0.0,0.0004,0.04,9.61,MIN_PROFIT_TP_HIT,0.2268
1901,TRUMP_USDT,LONG,StochasticRSI(FAST_SCALP-LONG),2,0.2,1.561,1.563,1.563,1.555,2026-07-15 17:18:59 UTC,2026-07-15 17:19:32 UTC,32.71,0.3122,0.0042,0.0,0.0004,0.04,9.61,MIN_PROFIT_TP_HIT,0.2272
1902,TRUMP_USDT,SHORT,StochasticRSI(FAST_SCALP-SHORT),2,0.2,1.565,1.571,1.563,1.571,2026-07-15 17:27:59 UTC,2026-07-15 17:46:16 UTC,1096.66,0.313,0.0042,0.0,-0.0012,-0.11,-28.75,STOP_LOSS_HIT,0.226
1903,TRUMP_USDT,SHORT,StochasticRSI(FAST_SCALP-SHORT),2,0.2,1.572,1.578,1.57,1.578,2026-07-15 17:49:59 UTC,2026-07-15 17:59:32 UTC,572.05,0.3144,0.0042,0.0,-0.0012,-0.11,-28.63,STOP_LOSS_HIT,0.2248
1904,TRUMP_USDT,LONG,StochasticRSI(FAST_SCALP-LONG),2,0.2,1.578,1.58,1.58,1.572,2026-07-15 18:00:59 UTC,2026-07-15 18:02:09 UTC,69.16,0.3156,0.0042,0.0,0.0004,0.04,9.51,MIN_PROFIT_TP_HIT,0.2252
1905,TRUMP_USDT,LONG,StochasticRSI(FAST_SCALP-LONG),2,0.2,1.581,1.583,1.583,1.575,2026-07-15 18:05:59 UTC,2026-07-15 18:07:20 UTC,80.17,0.3162,0.0042,0.0,0.0004,0.04,9.49,MIN_PROFIT_TP_HIT,0.2256
1906,TRUMP_USDT,LONG,StochasticRSI(FAST_SCALP-LONG),2,0.2,1.589,1.583,1.591,1.583,2026-07-15 18:14:59 UTC,2026-07-15 18:21:15 UTC,375.02,0.3178,0.0042,0.0,-0.0012,-0.11,-28.32,STOP_LOSS_HIT,0.2244
1907,TRUMP_USDT,LONG,StochasticRSI(FAST_SCALP-LONG),2,0.2,1.583,1.585,1.585,1.577,2026-07-15 18:24:59 UTC,2026-07-15 18:32:28 UTC,448.92,0.3166,0.0042,0.0,0.0004,0.04,9.48,MIN_PROFIT_TP_HIT,0.2248
1908,TRUMP_USDT,SHORT,StochasticRSI(FAST_SCALP-SHORT),2,0.2,1.592,1.59,1.59,1.598,2026-07-15 18:35:59 UTC,2026-07-15 18:36:29 UTC,29.07,0.3184,0.0042,0.0,0.0004,0.04,9.42,MIN_PROFIT_TP_HIT,0.2252
1909,TRUMP_USDT,LONG,StochasticRSI(FAST_SCALP-LONG),2,0.2,1.585,1.587,1.587,1.579,2026-07-15 18:44:59 UTC,2026-07-15 18:46:49 UTC,109.58,0.317,0.0042,0.0,0.0004,0.04,9.46,MIN_PROFIT_TP_HIT,0.2256
1910,TRUMP_USDT,LONG,StochasticRSI(FAST_SCALP-LONG),2,0.2,1.59,1.584,1.592,1.584,2026-07-15 18:48:59 UTC,2026-07-15 18:51:25 UTC,145.57,0.318,0.0042,0.0,-0.0012,-0.11,-28.3,STOP_LOSS_HIT,0.2244
1911,TRUMP_USDT,SHORT,StochasticRSI(FAST_SCALP-SHORT),2,0.2,1.585,1.583,1.583,1.591,2026-07-15 18:52:59 UTC,2026-07-15 18:56:22 UTC,202.82,0.317,0.0042,0.0,0.0004,0.04,9.46,MIN_PROFIT_TP_HIT,0.2248
1912,TRUMP_USDT,LONG,StochasticRSI(FAST_SCALP-LONG),2,0.2,1.582,1.584,1.584,1.576,2026-07-15 19:00:59 UTC,2026-07-15 19:02:12 UTC,72.01,0.3164,0.0042,0.0,0.0004,0.04,9.48,MIN_PROFIT_TP_HIT,0.2252
1913,TRUMP_USDT,SHORT,StochasticRSI(FAST_SCALP-SHORT),2,0.2,1.584,1.582,1.582,1.59,2026-07-15 19:06:59 UTC,2026-07-15 19:08:27 UTC,87.38,0.3168,0.0042,0.0,0.0004,0.04,9.47,MIN_PROFIT_TP_HIT,0.2256
1914,TRUMP_USDT,SHORT,StochasticRSI(FAST_SCALP-SHORT),2,0.2,1.583,1.581,1.581,1.589,2026-07-15 19:19:59 UTC,2026-07-15 19:20:03 UTC,3.29,0.3166,0.0042,0.0,0.0004,0.04,9.48,MIN_PROFIT_TP_HIT,0.226
1915,TRUMP_USDT,SHORT,StochasticRSI(FAST_SCALP-SHORT),2,0.2,1.585,1.583,1.583,1.591,2026-07-15 19:30:59 UTC,2026-07-15 19:50:01 UTC,1141.38,0.317,0.0042,0.0,0.0004,0.04,9.46,MIN_PROFIT_TP_HIT,0.2264
1916,TRUMP_USDT,LONG,StochasticRSI(FAST_SCALP-LONG),2,0.2,1.583,1.585,1.585,1.577,2026-07-15 19:52:59 UTC,2026-07-15 20:00:36 UTC,457.0,0.3166,0.0042,0.0,0.0004,0.04,9.48,MIN_PROFIT_TP_HIT,0.2268
1917,TRUMP_USDT,SHORT,StochasticRSI(FAST_SCALP-SHORT),2,0.2,1.587,1.585,1.585,1.593,2026-07-15 20:06:59 UTC,2026-07-15 20:09:55 UTC,175.85,0.3174,0.0042,0.0,0.0004,0.04,9.45,MIN_PROFIT_TP_HIT,0.2272
1918,TRUMP_USDT,SHORT,StochasticRSI(FAST_SCALP-SHORT),2,0.2,1.585,1.583,1.583,1.591,2026-07-15 20:14:59 UTC,2026-07-15 20:33:39 UTC,1119.91,0.317,0.0042,0.0,0.0004,0.04,9.46,MIN_PROFIT_TP_HIT,0.2276
1919,TRUMP_USDT,SHORT,StochasticRSI(FAST_SCALP-SHORT),2,0.2,1.587,1.585,1.585,1.593,2026-07-15 20:42:59 UTC,2026-07-15 20:43:09 UTC,9.06,0.3174,0.0042,0.0,0.0004,0.04,9.45,MIN_PROFIT_TP_HIT,0.228
1920,TRUMP_USDT,LONG,StochasticRSI(FAST_SCALP-LONG),2,0.2,1.586,1.58,1.588,1.58,2026-07-15 20:49:59 UTC,2026-07-15 21:10:03 UTC,1203.14,0.3172,0.0042,0.0,-0.0012,-0.11,-28.37,STOP_LOSS_HIT,0.2268
1921,TRUMP_USDT,LONG,StochasticRSI(FAST_SCALP-LONG),2,0.2,1.582,1.584,1.584,1.576,2026-07-15 21:17:59 UTC,2026-07-15 21:27:04 UTC,544.4,0.3164,0.0042,0.0,0.0004,0.04,9.48,MIN_PROFIT_TP_HIT,0.2272
1922,TRUMP_USDT,SHORT,StochasticRSI(FAST_SCALP-SHORT),2,0.2,1.583,1.581,1.581,1.589,2026-07-15 21:30:59 UTC,2026-07-15 21:33:18 UTC,138.63,0.3166,0.0042,0.0,0.0004,0.04,9.48,MIN_PROFIT_TP_HIT,0.2276
1923,TRUMP_USDT,SHORT,StochasticRSI(FAST_SCALP-SHORT),2,0.2,1.58,1.578,1.578,1.586,2026-07-15 21:34:59 UTC,2026-07-15 21:38:29 UTC,209.93,0.316,0.0042,0.0,0.0004,0.04,9.49,MIN_PROFIT_TP_HIT,0.228
1924,TRUMP_USDT,LONG,StochasticRSI(FAST_SCALP-LONG),2,0.2,1.578,1.58,1.58,1.572,2026-07-15 21:40:59 UTC,2026-07-15 21:43:45 UTC,165.12,0.3156,0.0042,0.0,0.0004,0.04,9.51,MIN_PROFIT_TP_HIT,0.2284
1925,TRUMP_USDT,SHORT,StochasticRSI(FAST_SCALP-SHORT),2,0.2,1.578,1.576,1.576,1.584,2026-07-15 21:49:59 UTC,2026-07-15 21:58:03 UTC,483.41,0.3156,0.0042,0.0,0.0004,0.04,9.51,MIN_PROFIT_TP_HIT,0.2288
1926,TRUMP_USDT,SHORT,StochasticRSI(FAST_SCALP-SHORT),2,0.2,1.582,1.58,1.58,1.588,2026-07-15 22:04:59 UTC,2026-07-15 22:07:29 UTC,149.21,0.3164,0.0042,0.0,0.0004,0.04,9.48,MIN_PROFIT_TP_HIT,0.2292
1927,TRUMP_USDT,SHORT,StochasticRSI(FAST_SCALP-SHORT),2,0.2,1.582,1.58,1.58,1.588,2026-07-15 22:08:59 UTC,2026-07-15 22:10:17 UTC,77.1,0.3164,0.0042,0.0,0.0004,0.04,9.48,MIN_PROFIT_TP_HIT,0.2296
1928,TRUMP_USDT,SHORT,StochasticRSI(FAST_SCALP-SHORT),2,0.2,1.582,1.58,1.58,1.588,2026-07-15 22:16:59 UTC,2026-07-15 22:36:21 UTC,1161.42,0.3164,0.0042,0.0,0.0004,0.04,9.48,MIN_PROFIT_TP_HIT,0.23
1929,TRUMP_USDT,LONG,StochasticRSI(FAST_SCALP-LONG),2,0.2,1.577,1.579,1.579,1.571,2026-07-15 22:46:59 UTC,2026-07-15 22:54:07 UTC,427.79,0.3154,0.0042,0.0,0.0004,0.04,9.51,MIN_PROFIT_TP_HIT,0.2304
1930,TRUMP_USDT,SHORT,StochasticRSI(FAST_SCALP-SHORT),2,0.2,1.576,1.574,1.574,1.582,2026-07-15 22:55:59 UTC,2026-07-15 22:56:09 UTC,9.03,0.3152,0.0042,0.0,0.0004,0.04,9.52,MIN_PROFIT_TP_HIT,0.2308
1931,TRUMP_USDT,SHORT,StochasticRSI(FAST_SCALP-SHORT),2,0.2,1.583,1.581,1.581,1.589,2026-07-15 23:04:59 UTC,2026-07-15 23:05:16 UTC,16.29,0.3166,0.0042,0.0,0.0004,0.04,9.48,MIN_PROFIT_TP_HIT,0.2312
1932,TRUMP_USDT,LONG,StochasticRSI(FAST_SCALP-LONG),2,0.2,1.583,1.577,1.585,1.577,2026-07-15 23:22:59 UTC,2026-07-15 23:40:33 UTC,1053.77,0.3166,0.0042,0.0,-0.0012,-0.11,-28.43,STOP_LOSS_HIT,0.23
1933,TRUMP_USDT,LONG,StochasticRSI(FAST_SCALP-LONG),2,0.2,1.587,1.581,1.589,1.581,2026-07-15 23:44:59 UTC,2026-07-15 23:45:34 UTC,34.94,0.3174,0.0042,0.0,-0.0012,-0.11,-28.36,STOP_LOSS_HIT,0.2288
1934,TRUMP_USDT,LONG,StochasticRSI(FAST_SCALP-LONG),2,0.2,1.579,1.581,1.581,1.573,2026-07-15 23:56:59 UTC,2026-07-16 00:00:28 UTC,208.53,0.3158,0.0042,0.0,0.0004,0.04,9.5,MIN_PROFIT_TP_HIT,0.2292
1935,TRUMP_USDT,SHORT,StochasticRSI(FAST_SCALP-SHORT),2,0.2,1.584,1.582,1.582,1.59,2026-07-16 00:05:59 UTC,2026-07-16 00:08:05 UTC,125.09,0.3168,0.0042,0.0,0.0004,0.04,9.47,MIN_PROFIT_TP_HIT,0.2296
1936,TRUMP_USDT,LONG,StochasticRSI(FAST_SCALP-LONG),2,0.2,1.588,1.59,1.59,1.582,2026-07-16 00:13:59 UTC,2026-07-16 00:17:51 UTC,231.63,0.3176,0.0042,0.0,0.0004,0.04,9.45,MIN_PROFIT_TP_HIT,0.23
1937,TRUMP_USDT,LONG,StochasticRSI(FAST_SCALP-LONG),2,0.2,1.583,1.577,1.585,1.577,2026-07-16 00:26:59 UTC,2026-07-16 00:30:22 UTC,202.02,0.3166,0.0042,0.0,-0.0012,-0.11,-28.43,STOP_LOSS_HIT,0.2288
1938,TRUMP_USDT,LONG,StochasticRSI(FAST_SCALP-LONG),2,0.2,1.576,1.578,1.578,1.57,2026-07-16 00:32:59 UTC,2026-07-16 00:33:26 UTC,26.23,0.3152,0.0042,0.0,0.0004,0.04,9.52,MIN_PROFIT_TP_HIT,0.2292
1939,TRUMP_USDT,LONG,StochasticRSI(FAST_SCALP-LONG),2,0.2,1.571,1.573,1.573,1.565,2026-07-16 00:42:59 UTC,2026-07-16 00:53:14 UTC,614.35,0.3142,0.0042,0.0,0.0004,0.04,9.55,MIN_PROFIT_TP_HIT,0.2296
1940,TRUMP_USDT,SHORT,StochasticRSI(FAST_SCALP-SHORT),2,0.2,1.572,1.57,1.57,1.578,2026-07-16 00:56:59 UTC,2026-07-16 01:01:02 UTC,242.25,0.3144,0.0042,0.0,0.0004,0.04,9.54,MIN_PROFIT_TP_HIT,0.23
1941,TRUMP_USDT,LONG,StochasticRSI(FAST_SCALP-LONG),2,0.2,1.568,1.562,1.57,1.562,2026-07-16 01:14:59 UTC,2026-07-16 01:18:12 UTC,192.52,0.3136,0.0042,0.0,-0.0012,-0.11,-28.7,STOP_LOSS_HIT,0.2288
1942,TRUMP_USDT,SHORT,StochasticRSI(FAST_SCALP-SHORT),2,0.2,1.562,1.568,1.56,1.568,2026-07-16 01:19:59 UTC,2026-07-16 01:27:02 UTC,422.14,0.3124,0.0042,0.0,-0.0012,-0.11,-28.81,STOP_LOSS_HIT,0.2276
1943,TRUMP_USDT,SHORT,StochasticRSI(FAST_SCALP-SHORT),2,0.2,1.567,1.565,1.565,1.573,2026-07-16 01:28:59 UTC,2026-07-16 01:29:18 UTC,18.29,0.3134,0.0042,0.0,0.0004,0.04,9.57,MIN_PROFIT_TP_HIT,0.228
1944,TRUMP_USDT,SHORT,StochasticRSI(FAST_SCALP-SHORT),2,0.2,1.572,1.57,1.57,1.578,2026-07-16 01:40:59 UTC,2026-07-16 01:42:22 UTC,82.52,0.3144,0.0042,0.0,0.0004,0.04,9.54,MIN_PROFIT_TP_HIT,0.2284
1945,TRUMP_USDT,LONG,StochasticRSI(FAST_SCALP-LONG),2,0.2,1.569,1.571,1.571,1.563,2026-07-16 01:47:59 UTC,2026-07-16 01:48:24 UTC,24.75,0.3138,0.0042,0.0,0.0004,0.04,9.56,MIN_PROFIT_TP_HIT,0.2288
1946,TRUMP_USDT,SHORT,StochasticRSI(FAST_SCALP-SHORT),2,0.2,1.573,1.571,1.571,1.579,2026-07-16 01:53:59 UTC,2026-07-16 02:10:06 UTC,966.2,0.3146,0.0042,0.0,0.0004,0.04,9.54,MIN_PROFIT_TP_HIT,0.2292
1947,TRUMP_USDT,LONG,StochasticRSI(FAST_SCALP-LONG),2,0.2,1.57,1.572,1.572,1.564,2026-07-16 02:13:59 UTC,2026-07-16 02:14:35 UTC,35.31,0.314,0.0042,0.0,0.0004,0.04,9.55,MIN_PROFIT_TP_HIT,0.2296
1948,TRUMP_USDT,SHORT,StochasticRSI(FAST_SCALP-SHORT),2,0.2,1.578,1.584,1.576,1.584,2026-07-16 02:21:59 UTC,2026-07-16 02:23:41 UTC,101.66,0.3156,0.0042,0.0,-0.0012,-0.11,-28.52,STOP_LOSS_HIT,0.2284
1949,TRUMP_USDT,SHORT,StochasticRSI(FAST_SCALP-SHORT),2,0.2,1.581,1.579,1.579,1.587,2026-07-16 02:25:59 UTC,2026-07-16 02:26:15 UTC,15.2,0.3162,0.0042,0.0,0.0004,0.04,9.49,MIN_PROFIT_TP_HIT,0.2288
1950,TRUMP_USDT,LONG,StochasticRSI(FAST_SCALP-LONG),2,0.2,1.578,1.58,1.58,1.572,2026-07-16 02:31:59 UTC,2026-07-16 02:33:31 UTC,91.86,0.3156,0.0042,0.0,0.0004,0.04,9.51,MIN_PROFIT_TP_HIT,0.2292
1951,TRUMP_USDT,LONG,StochasticRSI(FAST_SCALP-LONG),2,0.2,1.581,1.583,1.583,1.575,2026-07-16 02:34:59 UTC,2026-07-16 02:35:36 UTC,36.51,0.3162,0.0042,0.0,0.0004,0.04,9.49,MIN_PROFIT_TP_HIT,0.2296
1952,TRUMP_USDT,SHORT,StochasticRSI(FAST_SCALP-SHORT),2,0.2,1.584,1.582,1.582,1.59,2026-07-16 02:39:59 UTC,2026-07-16 02:41:50 UTC,110.57,0.3168,0.0042,0.0,0.0004,0.04,9.47,MIN_PROFIT_TP_HIT,0.23
1953,TRUMP_USDT,LONG,StochasticRSI(FAST_SCALP-LONG),2,0.2,1.584,1.586,1.586,1.578,2026-07-16 02:45:59 UTC,2026-07-16 02:49:34 UTC,214.89,0.3168,0.0042,0.0,0.0004,0.04,9.47,MIN_PROFIT_TP_HIT,0.2304
1954,TRUMP_USDT,SHORT,StochasticRSI(FAST_SCALP-SHORT),2,0.2,1.586,1.584,1.584,1.592,2026-07-16 03:01:59 UTC,2026-07-16 03:04:35 UTC,155.16,0.3172,0.0042,0.0,0.0004,0.04,9.46,MIN_PROFIT_TP_HIT,0.2308
1955,TRUMP_USDT,LONG,StochasticRSI(FAST_SCALP-LONG),2,0.2,1.587,1.581,1.589,1.581,2026-07-16 03:06:59 UTC,2026-07-16 03:17:19 UTC,619.31,0.3174,0.0042,0.0,-0.0012,-0.11,-28.36,STOP_LOSS_HIT,0.2296
1956,TRUMP_USDT,LONG,StochasticRSI(FAST_SCALP-LONG),2,0.2,1.578,1.58,1.58,1.572,2026-07-16 03:21:59 UTC,2026-07-16 03:22:34 UTC,34.08,0.3156,0.0042,0.0,0.0004,0.04,9.51,MIN_PROFIT_TP_HIT,0.23
1957,TRUMP_USDT,SHORT,StochasticRSI(FAST_SCALP-SHORT),2,0.2,1.578,1.576,1.576,1.584,2026-07-16 03:34:59 UTC,2026-07-16 03:37:03 UTC,123.96,0.3156,0.0042,0.0,0.0004,0.04,9.51,MIN_PROFIT_TP_HIT,0.2304
1958,TRUMP_USDT,LONG,StochasticRSI(FAST_SCALP-LONG),2,0.2,1.575,1.577,1.577,1.569,2026-07-16 03:50:59 UTC,2026-07-16 03:53:46 UTC,166.99,0.315,0.0042,0.0,0.0004,0.04,9.52,MIN_PROFIT_TP_HIT,0.2308
1959,TRUMP_USDT,SHORT,StochasticRSI(FAST_SCALP-SHORT),2,0.2,1.577,1.575,1.575,1.583,2026-07-16 03:58:59 UTC,2026-07-16 04:08:50 UTC,590.36,0.3154,0.0042,0.0,0.0004,0.04,9.51,MIN_PROFIT_TP_HIT,0.2312
1960,TRUMP_USDT,LONG,StochasticRSI(FAST_SCALP-LONG),2,0.2,1.578,1.572,1.58,1.572,2026-07-16 04:11:59 UTC,2026-07-16 04:22:06 UTC,606.45,0.3156,0.0042,0.0,-0.0012,-0.11,-28.52,STOP_LOSS_HIT,0.23
1961,TRUMP_USDT,SHORT,StochasticRSI(FAST_SCALP-SHORT),2,0.2,1.577,1.575,1.575,1.583,2026-07-16 04:30:59 UTC,2026-07-16 04:33:48 UTC,168.06,0.3154,0.0042,0.0,0.0004,0.04,9.51,MIN_PROFIT_TP_HIT,0.2304
1962,TRUMP_USDT,LONG,StochasticRSI(FAST_SCALP-LONG),2,0.2,1.579,1.581,1.581,1.573,2026-07-16 04:37:59 UTC,2026-07-16 04:41:54 UTC,234.95,0.3158,0.0042,0.0,0.0004,0.04,9.5,MIN_PROFIT_TP_HIT,0.2308
1963,TRUMP_USDT,SHORT,StochasticRSI(FAST_SCALP-SHORT),2,0.2,1.584,1.582,1.582,1.59,2026-07-16 04:44:59 UTC,2026-07-16 04:45:04 UTC,4.38,0.3168,0.0042,0.0,0.0004,0.04,9.47,MIN_PROFIT_TP_HIT,0.2312
1964,TRUMP_USDT,LONG,StochasticRSI(FAST_SCALP-LONG),2,0.2,1.583,1.585,1.585,1.577,2026-07-16 04:49:59 UTC,2026-07-16 04:50:05 UTC,5.3,0.3166,0.0042,0.0,0.0004,0.04,9.48,MIN_PROFIT_TP_HIT,0.2316
1965,TRUMP_USDT,LONG,StochasticRSI(FAST_SCALP-LONG),2,0.2,1.582,1.584,1.584,1.576,2026-07-16 04:59:59 UTC,2026-07-16 05:02:12 UTC,132.63,0.3164,0.0042,0.0,0.0004,0.04,9.48,MIN_PROFIT_TP_HIT,0.232
1966,TRUMP_USDT,SHORT,StochasticRSI(FAST_SCALP-SHORT),2,0.2,1.583,1.589,1.581,1.589,2026-07-16 05:10:59 UTC,2026-07-16 05:15:14 UTC,254.21,0.3166,0.0042,0.0,-0.0012,-0.11,-28.43,STOP_LOSS_HIT,0.2308
1967,TRUMP_USDT,SHORT,StochasticRSI(FAST_SCALP-SHORT),2,0.2,1.588,1.586,1.586,1.594,2026-07-16 05:19:59 UTC,2026-07-16 05:29:31 UTC,571.57,0.3176,0.0042,0.0,0.0004,0.04,9.45,MIN_PROFIT_TP_HIT,0.2312
1968,TRUMP_USDT,LONG,StochasticRSI(FAST_SCALP-LONG),2,0.2,1.582,1.576,1.584,1.576,2026-07-16 05:33:59 UTC,2026-07-16 05:39:56 UTC,356.68,0.3164,0.0042,0.0,-0.0012,-0.11,-28.45,STOP_LOSS_HIT,0.23
1969,TRUMP_USDT,SHORT,StochasticRSI(FAST_SCALP-SHORT),2,0.2,1.579,1.577,1.577,1.585,2026-07-16 05:45:59 UTC,2026-07-16 05:52:58 UTC,418.76,0.3158,0.0042,0.0,0.0004,0.04,9.5,MIN_PROFIT_TP_HIT,0.2304
1970,TRUMP_USDT,SHORT,StochasticRSI(FAST_SCALP-SHORT),2,0.2,1.579,1.577,1.577,1.585,2026-07-16 05:53:59 UTC,2026-07-16 05:54:07 UTC,7.8,0.3158,0.0042,0.0,0.0004,0.04,9.5,MIN_PROFIT_TP_HIT,0.2308
1971,TRUMP_USDT,SHORT,StochasticRSI(FAST_SCALP-SHORT),2,0.2,1.578,1.576,1.576,1.584,2026-07-16 06:00:59 UTC,2026-07-16 06:02:19 UTC,79.07,0.3156,0.0042,0.0,0.0004,0.04,9.51,MIN_PROFIT_TP_HIT,0.2312
1972,TRUMP_USDT,LONG,StochasticRSI(FAST_SCALP-LONG),2,0.2,1.577,1.579,1.579,1.571,2026-07-16 06:10:59 UTC,2026-07-16 06:13:33 UTC,153.7,0.3154,0.0042,0.0,0.0004,0.04,9.51,MIN_PROFIT_TP_HIT,0.2316
1973,TRUMP_USDT,SHORT,StochasticRSI(FAST_SCALP-SHORT),2,0.2,1.578,1.576,1.576,1.584,2026-07-16 06:16:59 UTC,2026-07-16 06:30:17 UTC,797.43,0.3156,0.0042,0.0,0.0004,0.04,9.51,MIN_PROFIT_TP_HIT,0.232
1974,TRUMP_USDT,LONG,StochasticRSI(FAST_SCALP-LONG),2,0.2,1.576,1.578,1.578,1.57,2026-07-16 06:32:59 UTC,2026-07-16 06:33:04 UTC,4.12,0.3152,0.0042,0.0,0.0004,0.04,9.52,MIN_PROFIT_TP_HIT,0.2324
1975,TRUMP_USDT,LONG,StochasticRSI(FAST_SCALP-LONG),2,0.2,1.574,1.576,1.576,1.568,2026-07-16 06:34:59 UTC,2026-07-16 06:35:01 UTC,1.62,0.3148,0.0042,0.0,0.0004,0.04,9.53,MIN_PROFIT_TP_HIT,0.2328
1976,TRUMP_USDT,LONG,StochasticRSI(FAST_SCALP-LONG),2,0.2,1.574,1.576,1.576,1.568,2026-07-16 06:36:59 UTC,2026-07-16 06:41:29 UTC,269.98,0.3148,0.0042,0.0,0.0004,0.04,9.53,MIN_PROFIT_TP_HIT,0.2332
1977,TRUMP_USDT,SHORT,StochasticRSI(FAST_SCALP-SHORT),2,0.2,1.576,1.574,1.574,1.582,2026-07-16 06:46:59 UTC,2026-07-16 06:57:11 UTC,611.6,0.3152,0.0042,0.0,0.0004,0.04,9.52,MIN_PROFIT_TP_HIT,0.2336
1978,TRUMP_USDT,LONG,StochasticRSI(FAST_SCALP-LONG),2,0.2,1.571,1.565,1.573,1.565,2026-07-16 07:17:59 UTC,2026-07-16 07:34:29 UTC,989.21,0.3142,0.0042,0.0,-0.0012,-0.11,-28.64,STOP_LOSS_HIT,0.2324
1979,TRUMP_USDT,LONG,StochasticRSI(FAST_SCALP-LONG),2,0.2,1.563,1.565,1.565,1.557,2026-07-16 07:40:59 UTC,2026-07-16 07:46:05 UTC,305.01,0.3126,0.0042,0.0,0.0004,0.04,9.6,MIN_PROFIT_TP_HIT,0.2328
1980,TRUMP_USDT,SHORT,StochasticRSI(FAST_SCALP-SHORT),2,0.2,1.563,1.561,1.561,1.569,2026-07-16 07:51:59 UTC,2026-07-16 08:09:28 UTC,1048.06,0.3126,0.0042,0.0,0.0004,0.04,9.6,MIN_PROFIT_TP_HIT,0.2332
1981,TRUMP_USDT,LONG,StochasticRSI(FAST_SCALP-LONG),2,0.2,1.552,1.546,1.554,1.546,2026-07-16 08:13:59 UTC,2026-07-16 08:15:35 UTC,95.27,0.3104,0.0041,0.0,-0.0012,-0.11,-28.99,STOP_LOSS_HIT,0.232
1982,TRUMP_USDT,LONG,StochasticRSI(FAST_SCALP-LONG),2,0.2,1.55,1.552,1.552,1.544,2026-07-16 08:17:59 UTC,2026-07-16 08:18:27 UTC,27.03,0.31,0.0041,0.0,0.0004,0.04,9.68,MIN_PROFIT_TP_HIT,0.2324
1983,TRUMP_USDT,SHORT,StochasticRSI(FAST_SCALP-SHORT),2,0.2,1.553,1.559,1.551,1.559,2026-07-16 08:25:59 UTC,2026-07-16 08:33:11 UTC,431.09,0.3106,0.0041,0.0,-0.0012,-0.11,-28.98,STOP_LOSS_HIT,0.2312
1984,TRUMP_USDT,SHORT,StochasticRSI(FAST_SCALP-SHORT),2,0.2,1.559,1.557,1.557,1.565,2026-07-16 08:37:59 UTC,2026-07-16 08:42:37 UTC,277.57,0.3118,0.0042,0.0,0.0004,0.04,9.62,MIN_PROFIT_TP_HIT,0.2316
1985,TRUMP_USDT,LONG,StochasticRSI(FAST_SCALP-LONG),2,0.2,1.556,1.558,1.558,1.55,2026-07-16 08:45:59 UTC,2026-07-16 08:46:14 UTC,14.95,0.3112,0.0041,0.0,0.0004,0.04,9.64,MIN_PROFIT_TP_HIT,0.232
1986,TRUMP_USDT,LONG,StochasticRSI(FAST_SCALP-LONG),2,0.2,1.554,1.556,1.556,1.548,2026-07-16 08:57:59 UTC,2026-07-16 08:59:08 UTC,68.21,0.3108,0.0041,0.0,0.0004,0.04,9.65,MIN_PROFIT_TP_HIT,0.2324
1987,TRUMP_USDT,SHORT,StochasticRSI(FAST_SCALP-SHORT),2,0.2,1.557,1.563,1.555,1.563,2026-07-16 09:04:59 UTC,2026-07-16 09:26:10 UTC,1270.13,0.3114,0.0042,0.0,-0.0012,-0.11,-28.9,STOP_LOSS_HIT,0.2312
1988,TRUMP_USDT,LONG,StochasticRSI(FAST_SCALP-LONG),2,0.2,1.558,1.552,1.56,1.552,2026-07-16 09:32:59 UTC,2026-07-16 10:01:08 UTC,1688.94,0.3116,0.0042,0.0,-0.0012,-0.11,-28.88,STOP_LOSS_HIT,0.23
1989,TRUMP_USDT,SHORT,StochasticRSI(FAST_SCALP-SHORT),2,0.2,1.555,1.553,1.553,1.561,2026-07-16 10:11:59 UTC,2026-07-16 11:08:16 UTC,3376.8,0.311,0.0041,0.0,0.0004,0.04,9.65,MIN_PROFIT_TP_HIT,0.2304
1990,TRUMP_USDT,LONG,StochasticRSI(FAST_SCALP-LONG),2,0.2,1.555,1.557,1.557,1.549,2026-07-16 11:11:59 UTC,2026-07-16 11:12:02 UTC,2.3,0.311,0.0041,0.0,0.0004,0.04,9.65,MIN_PROFIT_TP_HIT,0.2308
1991,TRUMP_USDT,LONG,StochasticRSI(FAST_SCALP-LONG),2,0.2,1.555,1.557,1.557,1.549,2026-07-16 11:20:59 UTC,2026-07-16 11:23:09 UTC,129.45,0.311,0.0041,0.0,0.0004,0.04,9.65,MIN_PROFIT_TP_HIT,0.2312
1992,TRUMP_USDT,SHORT,StochasticRSI(FAST_SCALP-SHORT),2,0.2,1.558,1.556,1.556,1.564,2026-07-16 11:29:59 UTC,2026-07-16 11:34:10 UTC,250.53,0.3116,0.0042,0.0,0.0004,0.04,9.63,MIN_PROFIT_TP_HIT,0.2316
1993,TRUMP_USDT,LONG,StochasticRSI(FAST_SCALP-LONG),2,0.2,1.558,1.56,1.56,1.552,2026-07-16 11:36:59 UTC,2026-07-16 11:37:34 UTC,34.42,0.3116,0.0042,0.0,0.0004,0.04,9.63,MIN_PROFIT_TP_HIT,0.232
1994,TRUMP_USDT,SHORT,StochasticRSI(FAST_SCALP-SHORT),2,0.2,1.562,1.56,1.56,1.568,2026-07-16 12:02:59 UTC,2026-07-16 12:04:33 UTC,93.37,0.3124,0.0042,0.0,0.0004,0.04,9.6,MIN_PROFIT_TP_HIT,0.2324
1995,TRUMP_USDT,LONG,StochasticRSI(FAST_SCALP-LONG),2,0.2,1.56,1.554,1.562,1.554,2026-07-16 12:08:59 UTC,2026-07-16 12:21:23 UTC,743.7,0.312,0.0042,0.0,-0.0012,-0.11,-28.85,STOP_LOSS_HIT,0.2312
1996,TRUMP_USDT,SHORT,StochasticRSI(FAST_SCALP-SHORT),2,0.2,1.56,1.558,1.558,1.566,2026-07-16 12:33:59 UTC,2026-07-16 12:36:45 UTC,165.71,0.312,0.0042,0.0,0.0004,0.04,9.62,MIN_PROFIT_TP_HIT,0.2316
1997,TRUMP_USDT,LONG,StochasticRSI(FAST_SCALP-LONG),2,0.2,1.55,1.552,1.552,1.544,2026-07-16 12:43:59 UTC,2026-07-16 12:46:33 UTC,153.22,0.31,0.0041,0.0,0.0004,0.04,9.68,MIN_PROFIT_TP_HIT,0.232
1998,TRUMP_USDT,SHORT,StochasticRSI(FAST_SCALP-SHORT),2,0.2,1.552,1.558,1.55,1.558,2026-07-16 12:50:59 UTC,2026-07-16 13:11:40 UTC,1240.98,0.3104,0.0041,0.0,-0.0012,-0.11,-28.99,STOP_LOSS_HIT,0.2308
1999,TRUMP_USDT,SHORT,StochasticRSI(FAST_SCALP-SHORT),2,0.2,1.56,1.558,1.558,1.566,2026-07-16 13:16:59 UTC,2026-07-16 13:17:59 UTC,59.41,0.312,0.0042,0.0,0.0004,0.04,9.62,MIN_PROFIT_TP_HIT,0.2312
2000,TRUMP_USDT,LONG,StochasticRSI(FAST_SCALP-LONG),2,0.2,1.561,1.563,1.563,1.555,2026-07-16 13:21:59 UTC,2026-07-16 13:22:12 UTC,12.12,0.3122,0.0042,0.0,0.0004,0.04,9.61,MIN_PROFIT_TP_HIT,0.2316
2001,TRUMP_USDT,SHORT,StochasticRSI(FAST_SCALP-SHORT),2,0.2,1.564,1.57,1.562,1.57,2026-07-16 13:25:59 UTC,2026-07-16 13:34:26 UTC,506.38,0.3128,0.0042,0.0,-0.0012,-0.11,-28.77,STOP_LOSS_HIT,0.2304
2002,TRUMP_USDT,SHORT,StochasticRSI(FAST_SCALP-SHORT),2,0.2,1.572,1.57,1.57,1.578,2026-07-16 13:40:59 UTC,2026-07-16 13:41:53 UTC,53.2,0.3144,0.0042,0.0,0.0004,0.04,9.54,MIN_PROFIT_TP_HIT,0.2308
2003,TRUMP_USDT,LONG,StochasticRSI(FAST_SCALP-LONG),2,0.2,1.571,1.565,1.573,1.565,2026-07-16 13:46:59 UTC,2026-07-16 13:49:30 UTC,150.12,0.3142,0.0042,0.0,-0.0012,-0.11,-28.64,STOP_LOSS_HIT,0.2296
2004,TRUMP_USDT,SHORT,StochasticRSI(FAST_SCALP-SHORT),2,0.2,1.571,1.569,1.569,1.577,2026-07-16 13:54:59 UTC,2026-07-16 13:55:03 UTC,3.02,0.3142,0.0042,0.0,0.0004,0.04,9.55,MIN_PROFIT_TP_HIT,0.23
2005,TRUMP_USDT,SHORT,StochasticRSI(FAST_SCALP-SHORT),2,0.2,1.572,1.57,1.57,1.578,2026-07-16 14:03:59 UTC,2026-07-16 14:04:04 UTC,4.44,0.3144,0.0042,0.0,0.0004,0.04,9.54,MIN_PROFIT_TP_HIT,0.2304
2006,TRUMP_USDT,SHORT,StochasticRSI(FAST_SCALP-SHORT),2,0.2,1.574,1.572,1.572,1.58,2026-07-16 14:14:59 UTC,2026-07-16 14:15:20 UTC,20.41,0.3148,0.0042,0.0,0.0004,0.04,9.53,MIN_PROFIT_TP_HIT,0.2308
2007,TRUMP_USDT,LONG,StochasticRSI(FAST_SCALP-LONG),2,0.2,1.572,1.574,1.574,1.566,2026-07-16 14:24:59 UTC,2026-07-16 14:27:00 UTC,120.4,0.3144,0.0042,0.0,0.0004,0.04,9.54,MIN_PROFIT_TP_HIT,0.2312
2008,TRUMP_USDT,SHORT,StochasticRSI(FAST_SCALP-SHORT),2,0.2,1.574,1.572,1.572,1.58,2026-07-16 14:30:59 UTC,2026-07-16 14:31:03 UTC,3.41,0.3148,0.0042,0.0,0.0004,0.04,9.53,MIN_PROFIT_TP_HIT,0.2316
2009,TRUMP_USDT,LONG,StochasticRSI(FAST_SCALP-LONG),2,0.2,1.574,1.576,1.576,1.568,2026-07-16 14:42:59 UTC,2026-07-16 14:44:33 UTC,93.75,0.3148,0.0042,0.0,0.0004,0.04,9.53,MIN_PROFIT_TP_HIT,0.232
2010,TRUMP_USDT,SHORT,StochasticRSI(FAST_SCALP-SHORT),2,0.2,1.576,1.574,1.574,1.582,2026-07-16 14:50:59 UTC,2026-07-16 14:53:02 UTC,122.23,0.3152,0.0042,0.0,0.0004,0.04,9.52,MIN_PROFIT_TP_HIT,0.2324
2011,TRUMP_USDT,LONG,StochasticRSI(FAST_SCALP-LONG),2,0.2,1.572,1.574,1.574,1.566,2026-07-16 14:57:59 UTC,2026-07-16 14:59:53 UTC,113.67,0.3144,0.0042,0.0,0.0004,0.04,9.54,MIN_PROFIT_TP_HIT,0.2328
2012,TRUMP_USDT,LONG,StochasticRSI(FAST_SCALP-LONG),2,0.2,1.566,1.568,1.568,1.56,2026-07-16 15:12:59 UTC,2026-07-16 15:13:09 UTC,9.59,0.3132,0.0042,0.0,0.0004,0.04,9.58,MIN_PROFIT_TP_HIT,0.2332
2013,TRUMP_USDT,SHORT,StochasticRSI(FAST_SCALP-SHORT),2,0.2,1.57,1.576,1.568,1.576,2026-07-16 15:21:59 UTC,2026-07-16 15:26:39 UTC,279.04,0.314,0.0042,0.0,-0.0012,-0.11,-28.66,STOP_LOSS_HIT,0.232
2014,TRUMP_USDT,SHORT,StochasticRSI(FAST_SCALP-SHORT),2,0.2,1.577,1.575,1.575,1.583,2026-07-16 15:28:59 UTC,2026-07-16 15:43:47 UTC,887.3,0.3154,0.0042,0.0,0.0004,0.04,9.51,MIN_PROFIT_TP_HIT,0.2324
2015,TRUMP_USDT,LONG,StochasticRSI(FAST_SCALP-LONG),2,0.2,1.577,1.579,1.579,1.571,2026-07-16 15:47:59 UTC,2026-07-16 15:49:31 UTC,91.67,0.3154,0.0042,0.0,0.0004,0.04,9.51,MIN_PROFIT_TP_HIT,0.2328
2016,TRUMP_USDT,SHORT,StochasticRSI(FAST_SCALP-SHORT),2,0.2,1.578,1.576,1.576,1.584,2026-07-16 15:55:59 UTC,2026-07-16 15:56:24 UTC,24.72,0.3156,0.0042,0.0,0.0004,0.04,9.51,MIN_PROFIT_TP_HIT,0.2332
2017,TRUMP_USDT,SHORT,StochasticRSI(FAST_SCALP-SHORT),2,0.2,1.572,1.57,1.57,1.578,2026-07-16 16:30:59 UTC,2026-07-16 16:35:34 UTC,274.9,0.3144,0.0042,0.0,0.0004,0.04,9.54,MIN_PROFIT_TP_HIT,0.2336
2018,TRUMP_USDT,LONG,StochasticRSI(FAST_SCALP-LONG),2,0.2,1.569,1.563,1.571,1.563,2026-07-16 16:41:59 UTC,2026-07-16 17:14:43 UTC,1963.5,0.3138,0.0042,0.0,-0.0012,-0.11,-28.68,STOP_LOSS_HIT,0.2324
2019,TRUMP_USDT,SHORT,StochasticRSI(FAST_SCALP-SHORT),2,0.2,1.562,1.56,1.56,1.568,2026-07-16 17:23:59 UTC,2026-07-16 17:25:43 UTC,103.79,0.3124,0.0042,0.0,0.0004,0.04,9.6,MIN_PROFIT_TP_HIT,0.2328
2020,TRUMP_USDT,SHORT,StochasticRSI(FAST_SCALP-SHORT),2,0.2,1.574,1.572,1.572,1.58,2026-07-16 17:38:59 UTC,2026-07-16 17:43:02 UTC,242.31,0.3148,0.0042,0.0,0.0004,0.04,9.53,MIN_PROFIT_TP_HIT,0.2332
2021,TRUMP_USDT,LONG,StochasticRSI(FAST_SCALP-LONG),2,0.2,1.568,1.562,1.57,1.562,2026-07-16 17:48:59 UTC,2026-07-16 17:52:02 UTC,182.96,0.3136,0.0042,0.0,-0.0012,-0.11,-28.7,STOP_LOSS_HIT,0.232
2022,TRUMP_USDT,LONG,StochasticRSI(FAST_SCALP-LONG),2,0.2,1.561,1.555,1.563,1.555,2026-07-16 17:54:59 UTC,2026-07-16 17:55:24 UTC,24.08,0.3122,0.0042,0.0,-0.0012,-0.11,-28.83,STOP_LOSS_HIT,0.2308
2023,TRUMP_USDT,SHORT,StochasticRSI(FAST_SCALP-SHORT),2,0.2,1.558,1.556,1.556,1.564,2026-07-16 18:03:59 UTC,2026-07-16 18:05:09 UTC,69.11,0.3116,0.0042,0.0,0.0004,0.04,9.63,MIN_PROFIT_TP_HIT,0.2312
2024,TRUMP_USDT,SHORT,StochasticRSI(FAST_SCALP-SHORT),2,0.2,1.563,1.561,1.561,1.569,2026-07-16 18:13:59 UTC,2026-07-16 18:15:23 UTC,83.77,0.3126,0.0042,0.0,0.0004,0.04,9.6,MIN_PROFIT_TP_HIT,0.2316
2025,TRUMP_USDT,SHORT,StochasticRSI(FAST_SCALP-SHORT),2,0.2,1.565,1.563,1.563,1.571,2026-07-16 18:21:59 UTC,2026-07-16 18:22:27 UTC,27.18,0.313,0.0042,0.0,0.0004,0.04,9.58,MIN_PROFIT_TP_HIT,0.232
2026,TRUMP_USDT,SHORT,StochasticRSI(FAST_SCALP-SHORT),2,0.2,1.564,1.562,1.562,1.57,2026-07-16 18:23:59 UTC,2026-07-16 18:32:10 UTC,490.91,0.3128,0.0042,0.0,0.0004,0.04,9.59,MIN_PROFIT_TP_HIT,0.2324
2027,TRUMP_USDT,LONG,StochasticRSI(FAST_SCALP-LONG),2,0.2,1.56,1.562,1.562,1.554,2026-07-16 18:35:59 UTC,2026-07-16 18:48:38 UTC,758.69,0.312,0.0042,0.0,0.0004,0.04,9.62,MIN_PROFIT_TP_HIT,0.2328
2028,TRUMP_USDT,SHORT,StochasticRSI(FAST_SCALP-SHORT),2,0.2,1.561,1.559,1.559,1.567,2026-07-16 18:53:59 UTC,2026-07-16 18:55:44 UTC,104.35,0.3122,0.0042,0.0,0.0004,0.04,9.61,MIN_PROFIT_TP_HIT,0.2332
2029,TRUMP_USDT,LONG,StochasticRSI(FAST_SCALP-LONG),2,0.2,1.56,1.562,1.562,1.554,2026-07-16 19:01:59 UTC,2026-07-16 19:05:45 UTC,225.5,0.312,0.0042,0.0,0.0004,0.04,9.62,MIN_PROFIT_TP_HIT,0.2336
2030,TRUMP_USDT,SHORT,StochasticRSI(FAST_SCALP-SHORT),2,0.2,1.557,1.555,1.555,1.563,2026-07-16 19:18:59 UTC,2026-07-16 19:22:54 UTC,234.61,0.3114,0.0042,0.0,0.0004,0.04,9.63,MIN_PROFIT_TP_HIT,0.234
2031,TRUMP_USDT,LONG,StochasticRSI(FAST_SCALP-LONG),2,0.2,1.554,1.556,1.556,1.548,2026-07-16 19:26:59 UTC,2026-07-16 19:27:48 UTC,48.09,0.3108,0.0041,0.0,0.0004,0.04,9.65,MIN_PROFIT_TP_HIT,0.2344
2032,TRUMP_USDT,SHORT,StochasticRSI(FAST_SCALP-SHORT),2,0.2,1.559,1.557,1.557,1.565,2026-07-16 19:32:59 UTC,2026-07-16 19:36:45 UTC,225.67,0.3118,0.0042,0.0,0.0004,0.04,9.62,MIN_PROFIT_TP_HIT,0.2348
2033,TRUMP_USDT,SHORT,StochasticRSI(FAST_SCALP-SHORT),2,0.2,1.559,1.557,1.557,1.565,2026-07-16 19:44:59 UTC,2026-07-16 19:45:01 UTC,1.64,0.3118,0.0042,0.0,0.0004,0.04,9.62,MIN_PROFIT_TP_HIT,0.2352
2034,TRUMP_USDT,LONG,StochasticRSI(FAST_SCALP-LONG),2,0.2,1.558,1.56,1.56,1.552,2026-07-16 19:49:59 UTC,2026-07-16 19:50:00 UTC,0.2,0.3116,0.0042,0.0,0.0004,0.04,9.63,MIN_PROFIT_TP_HIT,0.2356
2035,TRUMP_USDT,SHORT,StochasticRSI(FAST_SCALP-SHORT),2,0.2,1.56,1.558,1.558,1.566,2026-07-16 19:57:59 UTC,2026-07-16 19:59:12 UTC,72.25,0.312,0.0042,0.0,0.0004,0.04,9.62,MIN_PROFIT_TP_HIT,0.236
2036,TRUMP_USDT,LONG,StochasticRSI(FAST_SCALP-LONG),2,0.2,1.557,1.559,1.559,1.551,2026-07-16 20:06:59 UTC,2026-07-16 20:11:00 UTC,240.22,0.3114,0.0042,0.0,0.0004,0.04,9.63,MIN_PROFIT_TP_HIT,0.2364
2037,TRUMP_USDT,SHORT,StochasticRSI(FAST_SCALP-SHORT),2,0.2,1.557,1.555,1.555,1.563,2026-07-16 20:15:59 UTC,2026-07-16 20:52:09 UTC,2169.74,0.3114,0.0042,0.0,0.0004,0.04,9.63,MIN_PROFIT_TP_HIT,0.2368
2038,TRUMP_USDT,LONG,StochasticRSI(FAST_SCALP-LONG),2,0.2,1.556,1.558,1.558,1.55,2026-07-16 20:54:59 UTC,2026-07-16 21:04:48 UTC,588.41,0.3112,0.0041,0.0,0.0004,0.04,9.64,MIN_PROFIT_TP_HIT,0.2372
2039,TRUMP_USDT,SHORT,StochasticRSI(FAST_SCALP-SHORT),2,0.2,1.559,1.557,1.557,1.565,2026-07-16 21:12:59 UTC,2026-07-16 21:13:48 UTC,48.16,0.3118,0.0042,0.0,0.0004,0.04,9.62,MIN_PROFIT_TP_HIT,0.2376
2040,TRUMP_USDT,LONG,StochasticRSI(FAST_SCALP-LONG),2,0.2,1.559,1.561,1.561,1.553,2026-07-16 21:17:59 UTC,2026-07-16 21:23:10 UTC,310.89,0.3118,0.0042,0.0,0.0004,0.04,9.62,MIN_PROFIT_TP_HIT,0.238
2041,TRUMP_USDT,SHORT,StochasticRSI(FAST_SCALP-SHORT),2,0.2,1.559,1.565,1.557,1.565,2026-07-16 21:25:59 UTC,2026-07-16 21:39:19 UTC,799.75,0.3118,0.0042,0.0,-0.0012,-0.11,-28.86,STOP_LOSS_HIT,0.2368
2042,TRUMP_USDT,SHORT,StochasticRSI(FAST_SCALP-SHORT),2,0.2,1.564,1.562,1.562,1.57,2026-07-16 21:41:59 UTC,2026-07-16 21:53:31 UTC,691.54,0.3128,0.0042,0.0,0.0004,0.04,9.59,MIN_PROFIT_TP_HIT,0.2372
2043,TRUMP_USDT,LONG,StochasticRSI(FAST_SCALP-LONG),2,0.2,1.561,1.563,1.563,1.555,2026-07-16 22:01:59 UTC,2026-07-16 22:02:06 UTC,6.8,0.3122,0.0042,0.0,0.0004,0.04,9.61,MIN_PROFIT_TP_HIT,0.2376
2044,TRUMP_USDT,SHORT,StochasticRSI(FAST_SCALP-SHORT),2,0.2,1.566,1.564,1.564,1.572,2026-07-16 22:10:59 UTC,2026-07-16 22:13:57 UTC,177.19,0.3132,0.0042,0.0,0.0004,0.04,9.58,MIN_PROFIT_TP_HIT,0.238
2045,TRUMP_USDT,LONG,StochasticRSI(FAST_SCALP-LONG),2,0.2,1.562,1.556,1.564,1.556,2026-07-16 22:17:59 UTC,2026-07-16 22:25:24 UTC,444.02,0.3124,0.0042,0.0,-0.0012,-0.11,-28.81,STOP_LOSS_HIT,0.2368
2046,TRUMP_USDT,LONG,StochasticRSI(FAST_SCALP-LONG),2,0.2,1.556,1.558,1.558,1.55,2026-07-16 22:32:59 UTC,2026-07-16 22:33:36 UTC,36.3,0.3112,0.0041,0.0,0.0004,0.04,9.64,MIN_PROFIT_TP_HIT,0.2372
2047,TRUMP_USDT,SHORT,StochasticRSI(FAST_SCALP-SHORT),2,0.2,1.553,1.551,1.551,1.559,2026-07-16 22:35:59 UTC,2026-07-16 22:40:18 UTC,258.77,0.3106,0.0041,0.0,0.0004,0.04,9.66,MIN_PROFIT_TP_HIT,0.2376
2048,TRUMP_USDT,LONG,StochasticRSI(FAST_SCALP-LONG),2,0.2,1.548,1.542,1.55,1.542,2026-07-16 22:45:59 UTC,2026-07-16 22:48:29 UTC,149.29,0.3096,0.0041,0.0,-0.0012,-0.11,-29.07,STOP_LOSS_HIT,0.2364
2049,TRUMP_USDT,LONG,StochasticRSI(FAST_SCALP-LONG),2,0.2,1.543,1.545,1.545,1.537,2026-07-16 22:52:59 UTC,2026-07-16 22:58:30 UTC,330.53,0.3086,0.0041,0.0,0.0004,0.04,9.72,MIN_PROFIT_TP_HIT,0.2368
2050,TRUMP_USDT,SHORT,StochasticRSI(FAST_SCALP-SHORT),2,0.2,1.544,1.542,1.542,1.55,2026-07-16 23:03:59 UTC,2026-07-16 23:08:23 UTC,263.32,0.3088,0.0041,0.0,0.0004,0.04,9.72,MIN_PROFIT_TP_HIT,0.2372
2051,TRUMP_USDT,LONG,StochasticRSI(FAST_SCALP-LONG),2,0.2,1.544,1.538,1.546,1.538,2026-07-16 23:13:59 UTC,2026-07-16 23:20:18 UTC,378.95,0.3088,0.0041,0.0,-0.0012,-0.11,-29.15,STOP_LOSS_HIT,0.236
2052,TRUMP_USDT,LONG,StochasticRSI(FAST_SCALP-LONG),2,0.2,1.537,1.539,1.539,1.531,2026-07-16 23:24:59 UTC,2026-07-16 23:25:17 UTC,17.86,0.3074,0.0041,0.0,0.0004,0.04,9.76,MIN_PROFIT_TP_HIT,0.2364
2053,TRUMP_USDT,SHORT,StochasticRSI(FAST_SCALP-SHORT),2,0.2,1.541,1.539,1.539,1.547,2026-07-16 23:30:59 UTC,2026-07-16 23:32:23 UTC,83.67,0.3082,0.0041,0.0,0.0004,0.04,9.73,MIN_PROFIT_TP_HIT,0.2368
2054,TRUMP_USDT,SHORT,StochasticRSI(FAST_SCALP-SHORT),2,0.2,1.545,1.543,1.543,1.551,2026-07-16 23:42:59 UTC,2026-07-16 23:43:23 UTC,23.05,0.309,0.0041,0.0,0.0004,0.04,9.71,MIN_PROFIT_TP_HIT,0.2372
2055,TRUMP_USDT,SHORT,StochasticRSI(FAST_SCALP-SHORT),2,0.2,1.544,1.542,1.542,1.55,2026-07-16 23:46:59 UTC,2026-07-17 00:05:18 UTC,1098.78,0.3088,0.0041,0.0,0.0004,0.04,9.72,MIN_PROFIT_TP_HIT,0.2376
2056,TRUMP_USDT,LONG,StochasticRSI(FAST_SCALP-LONG),2,0.2,1.544,1.546,1.546,1.538,2026-07-17 00:09:59 UTC,2026-07-17 00:15:19 UTC,319.19,0.3088,0.0041,0.0,0.0004,0.04,9.72,MIN_PROFIT_TP_HIT,0.238
2057,TRUMP_USDT,SHORT,StochasticRSI(FAST_SCALP-SHORT),2,0.2,1.546,1.544,1.544,1.552,2026-07-17 00:19:59 UTC,2026-07-17 00:30:48 UTC,648.08,0.3092,0.0041,0.0,0.0004,0.04,9.7,MIN_PROFIT_TP_HIT,0.2384
2058,TRUMP_USDT,LONG,StochasticRSI(FAST_SCALP-LONG),2,0.2,1.547,1.541,1.549,1.541,2026-07-17 00:33:59 UTC,2026-07-17 00:36:49 UTC,169.86,0.3094,0.0041,0.0,-0.0012,-0.11,-29.09,STOP_LOSS_HIT,0.2372
2059,TRUMP_USDT,LONG,StochasticRSI(FAST_SCALP-LONG),2,0.2,1.544,1.546,1.546,1.538,2026-07-17 00:39:59 UTC,2026-07-17 00:40:04 UTC,4.04,0.3088,0.0041,0.0,0.0004,0.04,9.72,MIN_PROFIT_TP_HIT,0.2376
2060,TRUMP_USDT,SHORT,StochasticRSI(FAST_SCALP-SHORT),2,0.2,1.548,1.554,1.546,1.554,2026-07-17 00:44:59 UTC,2026-07-17 00:58:22 UTC,802.12,0.3096,0.0041,0.0,-0.0012,-0.11,-29.07,STOP_LOSS_HIT,0.2364
2061,TRUMP_USDT,SHORT,StochasticRSI(FAST_SCALP-SHORT),2,0.2,1.558,1.556,1.556,1.564,2026-07-17 01:07:59 UTC,2026-07-17 01:18:43 UTC,643.0,0.3116,0.0042,0.0,0.0004,0.04,9.63,MIN_PROFIT_TP_HIT,0.2368
2062,TRUMP_USDT,LONG,StochasticRSI(FAST_SCALP-LONG),2,0.2,1.557,1.559,1.559,1.551,2026-07-17 01:26:59 UTC,2026-07-17 01:28:01 UTC,61.27,0.3114,0.0042,0.0,0.0004,0.04,9.63,MIN_PROFIT_TP_HIT,0.2372
2063,TRUMP_USDT,LONG,StochasticRSI(FAST_SCALP-LONG),2,0.2,1.557,1.551,1.559,1.551,2026-07-17 01:37:59 UTC,2026-07-17 01:45:04 UTC,424.11,0.3114,0.0042,0.0,-0.0012,-0.11,-28.9,STOP_LOSS_HIT,0.236
2064,TRUMP_USDT,LONG,StochasticRSI(FAST_SCALP-LONG),2,0.2,1.555,1.549,1.557,1.549,2026-07-17 01:48:59 UTC,2026-07-17 01:55:06 UTC,366.1,0.311,0.0041,0.0,-0.0012,-0.11,-28.94,STOP_LOSS_HIT,0.2348
2065,TRUMP_USDT,LONG,StochasticRSI(FAST_SCALP-LONG),2,0.2,1.548,1.55,1.55,1.542,2026-07-17 01:59:59 UTC,2026-07-17 02:00:32 UTC,32.82,0.3096,0.0041,0.0,0.0004,0.04,9.69,MIN_PROFIT_TP_HIT,0.2352
2066,TRUMP_USDT,SHORT,StochasticRSI(FAST_SCALP-SHORT),2,0.2,1.547,1.545,1.545,1.553,2026-07-17 02:08:59 UTC,2026-07-17 02:09:23 UTC,23.63,0.3094,0.0041,0.0,0.0004,0.04,9.7,MIN_PROFIT_TP_HIT,0.2356
2067,TRUMP_USDT,LONG,StochasticRSI(FAST_SCALP-LONG),2,0.2,1.543,1.545,1.545,1.537,2026-07-17 02:13:59 UTC,2026-07-17 02:15:32 UTC,92.09,0.3086,0.0041,0.0,0.0004,0.04,9.72,MIN_PROFIT_TP_HIT,0.236
2068,TRUMP_USDT,SHORT,StochasticRSI(FAST_SCALP-SHORT),2,0.2,1.543,1.541,1.541,1.549,2026-07-17 02:20:59 UTC,2026-07-17 02:21:43 UTC,43.32,0.3086,0.0041,0.0,0.0004,0.04,9.72,MIN_PROFIT_TP_HIT,0.2364
2069,TRUMP_USDT,LONG,StochasticRSI(FAST_SCALP-LONG),2,0.2,1.543,1.545,1.545,1.537,2026-07-17 02:24:59 UTC,2026-07-17 02:28:47 UTC,227.11,0.3086,0.0041,0.0,0.0004,0.04,9.72,MIN_PROFIT_TP_HIT,0.2368
2070,TRUMP_USDT,SHORT,StochasticRSI(FAST_SCALP-SHORT),2,0.2,1.543,1.541,1.541,1.549,2026-07-17 02:32:59 UTC,2026-07-17 02:33:22 UTC,22.7,0.3086,0.0041,0.0,0.0004,0.04,9.72,MIN_PROFIT_TP_HIT,0.2372
2071,TRUMP_USDT,LONG,StochasticRSI(FAST_SCALP-LONG),2,0.2,1.54,1.542,1.542,1.534,2026-07-17 02:40:59 UTC,2026-07-17 02:43:33 UTC,153.41,0.308,0.0041,0.0,0.0004,0.04,9.74,MIN_PROFIT_TP_HIT,0.2376
2072,TRUMP_USDT,SHORT,StochasticRSI(FAST_SCALP-SHORT),2,0.2,1.542,1.54,1.54,1.548,2026-07-17 02:47:59 UTC,2026-07-17 02:48:51 UTC,51.82,0.3084,0.0041,0.0,0.0004,0.04,9.73,MIN_PROFIT_TP_HIT,0.238
2073,TRUMP_USDT,LONG,StochasticRSI(FAST_SCALP-LONG),2,0.2,1.538,1.54,1.54,1.532,2026-07-17 02:57:59 UTC,2026-07-17 02:58:26 UTC,26.93,0.3076,0.0041,0.0,0.0004,0.04,9.75,MIN_PROFIT_TP_HIT,0.2384
2074,TRUMP_USDT,SHORT,StochasticRSI(FAST_SCALP-SHORT),2,0.2,1.541,1.547,1.539,1.547,2026-07-17 03:03:59 UTC,2026-07-17 03:06:17 UTC,137.2,0.3082,0.0041,0.0,-0.0012,-0.11,-29.2,STOP_LOSS_HIT,0.2372
2075,TRUMP_USDT,SHORT,StochasticRSI(FAST_SCALP-SHORT),2,0.2,1.547,1.553,1.545,1.553,2026-07-17 03:08:59 UTC,2026-07-17 03:22:21 UTC,801.8,0.3094,0.0041,0.0,-0.0012,-0.11,-29.09,STOP_LOSS_HIT,0.236
2076,TRUMP_USDT,SHORT,StochasticRSI(FAST_SCALP-SHORT),2,0.2,1.552,1.55,1.55,1.558,2026-07-17 03:24:59 UTC,2026-07-17 03:32:31 UTC,451.43,0.3104,0.0041,0.0,0.0004,0.04,9.66,MIN_PROFIT_TP_HIT,0.2364
2077,TRUMP_USDT,LONG,StochasticRSI(FAST_SCALP-LONG),2,0.2,1.551,1.553,1.553,1.545,2026-07-17 03:36:59 UTC,2026-07-17 03:42:32 UTC,332.23,0.3102,0.0041,0.0,0.0004,0.04,9.67,MIN_PROFIT_TP_HIT,0.2368
2078,TRUMP_USDT,LONG,StochasticRSI(FAST_SCALP-LONG),2,0.2,1.55,1.552,1.552,1.544,2026-07-17 03:52:59 UTC,2026-07-17 03:58:35 UTC,335.05,0.31,0.0041,0.0,0.0004,0.04,9.68,MIN_PROFIT_TP_HIT,0.2372
2079,TRUMP_USDT,SHORT,StochasticRSI(FAST_SCALP-SHORT),2,0.2,1.549,1.547,1.547,1.555,2026-07-17 04:01:59 UTC,2026-07-17 04:03:10 UTC,70.35,0.3098,0.0041,0.0,0.0004,0.04,9.68,MIN_PROFIT_TP_HIT,0.2376
2080,TRUMP_USDT,LONG,StochasticRSI(FAST_SCALP-LONG),2,0.2,1.55,1.552,1.552,1.544,2026-07-17 04:05:59 UTC,2026-07-17 04:07:55 UTC,115.18,0.31,0.0041,0.0,0.0004,0.04,9.68,MIN_PROFIT_TP_HIT,0.238
2081,TRUMP_USDT,SHORT,StochasticRSI(FAST_SCALP-SHORT),2,0.2,1.553,1.551,1.551,1.559,2026-07-17 04:12:59 UTC,2026-07-17 04:13:28 UTC,28.14,0.3106,0.0041,0.0,0.0004,0.04,9.66,MIN_PROFIT_TP_HIT,0.2384
2082,TRUMP_USDT,LONG,StochasticRSI(FAST_SCALP-LONG),2,0.2,1.548,1.55,1.55,1.542,2026-07-17 04:18:59 UTC,2026-07-17 04:31:24 UTC,744.4,0.3096,0.0041,0.0,0.0004,0.04,9.69,MIN_PROFIT_TP_HIT,0.2388
2083,TRUMP_USDT,SHORT,StochasticRSI(FAST_SCALP-SHORT),2,0.2,1.55,1.548,1.548,1.556,2026-07-17 04:35:59 UTC,2026-07-17 04:36:27 UTC,27.46,0.31,0.0041,0.0,0.0004,0.04,9.68,MIN_PROFIT_TP_HIT,0.2392
2084,TRUMP_USDT,SHORT,StochasticRSI(FAST_SCALP-SHORT),2,0.2,1.556,1.554,1.554,1.562,2026-07-17 04:50:59 UTC,2026-07-17 04:57:57 UTC,417.06,0.3112,0.0041,0.0,0.0004,0.04,9.64,MIN_PROFIT_TP_HIT,0.2396
2085,TRUMP_USDT,LONG,StochasticRSI(FAST_SCALP-LONG),2,0.2,1.554,1.556,1.556,1.548,2026-07-17 04:59:59 UTC,2026-07-17 05:10:28 UTC,628.63,0.3108,0.0041,0.0,0.0004,0.04,9.65,MIN_PROFIT_TP_HIT,0.24
2086,TRUMP_USDT,SHORT,StochasticRSI(FAST_SCALP-SHORT),2,0.2,1.553,1.551,1.551,1.559,2026-07-17 05:12:59 UTC,2026-07-17 05:21:08 UTC,488.63,0.3106,0.0041,0.0,0.0004,0.04,9.66,MIN_PROFIT_TP_HIT,0.2404
2087,TRUMP_USDT,LONG,StochasticRSI(FAST_SCALP-LONG),2,0.2,1.549,1.543,1.551,1.543,2026-07-17 05:24:59 UTC,2026-07-17 05:39:39 UTC,879.84,0.3098,0.0041,0.0,-0.0012,-0.11,-29.05,STOP_LOSS_HIT,0.2392
2088,TRUMP_USDT,SHORT,StochasticRSI(FAST_SCALP-SHORT),2,0.2,1.536,1.542,1.534,1.542,2026-07-17 05:46:59 UTC,2026-07-17 05:49:30 UTC,150.03,0.3072,0.0041,0.0,-0.0012,-0.11,-29.3,STOP_LOSS_HIT,0.238
2089,TRUMP_USDT,SHORT,StochasticRSI(FAST_SCALP-SHORT),2,0.2,1.539,1.537,1.537,1.545,2026-07-17 05:53:59 UTC,2026-07-17 05:58:07 UTC,247.18,0.3078,0.0041,0.0,0.0004,0.04,9.75,MIN_PROFIT_TP_HIT,0.2384
2090,TRUMP_USDT,SHORT,StochasticRSI(FAST_SCALP-SHORT),2,0.2,1.541,1.547,1.539,1.547,2026-07-17 06:07:59 UTC,2026-07-17 06:23:04 UTC,904.55,0.3082,0.0041,0.0,-0.0012,-0.11,-29.2,STOP_LOSS_HIT,0.2372
2091,TRUMP_USDT,SHORT,StochasticRSI(FAST_SCALP-SHORT),2,0.2,1.547,1.545,1.545,1.553,2026-07-17 06:26:59 UTC,2026-07-17 06:30:14 UTC,194.66,0.3094,0.0041,0.0,0.0004,0.04,9.7,MIN_PROFIT_TP_HIT,0.2376
2092,TRUMP_USDT,LONG,StochasticRSI(FAST_SCALP-LONG),2,0.2,1.547,1.541,1.549,1.541,2026-07-17 06:34:59 UTC,2026-07-17 06:43:37 UTC,517.19,0.3094,0.0041,0.0,-0.0012,-0.11,-29.09,STOP_LOSS_HIT,0.2364
2093,TRUMP_USDT,LONG,StochasticRSI(FAST_SCALP-LONG),2,0.2,1.542,1.544,1.544,1.536,2026-07-17 06:45:59 UTC,2026-07-17 06:48:34 UTC,154.8,0.3084,0.0041,0.0,0.0004,0.04,9.73,MIN_PROFIT_TP_HIT,0.2368
2094,TRUMP_USDT,SHORT,StochasticRSI(FAST_SCALP-SHORT),2,0.2,1.542,1.54,1.54,1.548,2026-07-17 06:51:59 UTC,2026-07-17 07:10:26 UTC,1106.27,0.3084,0.0041,0.0,0.0004,0.04,9.73,MIN_PROFIT_TP_HIT,0.2372
2095,TRUMP_USDT,SHORT,StochasticRSI(FAST_SCALP-SHORT),2,0.2,1.542,1.54,1.54,1.548,2026-07-17 07:11:59 UTC,2026-07-17 07:15:37 UTC,217.85,0.3084,0.0041,0.0,0.0004,0.04,9.73,MIN_PROFIT_TP_HIT,0.2376
2096,TRUMP_USDT,LONG,StochasticRSI(FAST_SCALP-LONG),2,0.2,1.537,1.539,1.539,1.531,2026-07-17 07:22:59 UTC,2026-07-17 07:23:46 UTC,46.43,0.3074,0.0041,0.0,0.0004,0.04,9.76,MIN_PROFIT_TP_HIT,0.238
2097,TRUMP_USDT,LONG,StochasticRSI(FAST_SCALP-LONG),2,0.2,1.535,1.537,1.537,1.529,2026-07-17 07:26:59 UTC,2026-07-17 07:27:22 UTC,22.97,0.307,0.0041,0.0,0.0004,0.04,9.77,MIN_PROFIT_TP_HIT,0.2384
2098,TRUMP_USDT,SHORT,StochasticRSI(FAST_SCALP-SHORT),2,0.2,1.537,1.535,1.535,1.543,2026-07-17 07:32:59 UTC,2026-07-17 07:33:11 UTC,11.44,0.3074,0.0041,0.0,0.0004,0.04,9.76,MIN_PROFIT_TP_HIT,0.2388
2099,TRUMP_USDT,LONG,StochasticRSI(FAST_SCALP-LONG),2,0.2,1.532,1.534,1.534,1.526,2026-07-17 07:38:59 UTC,2026-07-17 07:40:04 UTC,64.52,0.3064,0.0041,0.0,0.0004,0.04,9.79,MIN_PROFIT_TP_HIT,0.2392
2100,TRUMP_USDT,SHORT,StochasticRSI(FAST_SCALP-SHORT),2,0.2,1.533,1.531,1.531,1.539,2026-07-17 07:45:59 UTC,2026-07-17 07:58:02 UTC,722.85,0.3066,0.0041,0.0,0.0004,0.04,9.78,MIN_PROFIT_TP_HIT,0.2396
2101,TRUMP_USDT,LONG,StochasticRSI(FAST_SCALP-LONG),2,0.2,1.533,1.535,1.535,1.527,2026-07-17 08:01:59 UTC,2026-07-17 08:03:08 UTC,68.62,0.3066,0.0041,0.0,0.0004,0.04,9.78,MIN_PROFIT_TP_HIT,0.24
2102,TRUMP_USDT,SHORT,StochasticRSI(FAST_SCALP-SHORT),2,0.2,1.534,1.532,1.532,1.54,2026-07-17 08:05:59 UTC,2026-07-17 08:07:18 UTC,78.69,0.3068,0.0041,0.0,0.0004,0.04,9.78,MIN_PROFIT_TP_HIT,0.2404
2103,TRUMP_USDT,SHORT,StochasticRSI(FAST_SCALP-SHORT),2,0.2,1.531,1.529,1.529,1.537,2026-07-17 08:08:59 UTC,2026-07-17 08:16:28 UTC,448.01,0.3062,0.0041,0.0,0.0004,0.04,9.8,MIN_PROFIT_TP_HIT,0.2408
2104,TRUMP_USDT,LONG,StochasticRSI(FAST_SCALP-LONG),2,0.2,1.525,1.527,1.527,1.519,2026-07-17 08:20:59 UTC,2026-07-17 08:21:08 UTC,8.95,0.305,0.0041,0.0,0.0004,0.04,9.84,MIN_PROFIT_TP_HIT,0.2412
2105,TRUMP_USDT,SHORT,StochasticRSI(FAST_SCALP-SHORT),2,0.2,1.528,1.526,1.526,1.534,2026-07-17 08:28:59 UTC,2026-07-17 08:30:59 UTC,119.4,0.3056,0.0041,0.0,0.0004,0.04,9.82,MIN_PROFIT_TP_HIT,0.2416
2106,TRUMP_USDT,SHORT,StochasticRSI(FAST_SCALP-SHORT),2,0.2,1.524,1.522,1.522,1.53,2026-07-17 08:31:59 UTC,2026-07-17 08:36:41 UTC,281.16,0.3048,0.0041,0.0,0.0004,0.04,9.84,MIN_PROFIT_TP_HIT,0.242
2107,TRUMP_USDT,SHORT,StochasticRSI(FAST_SCALP-SHORT),2,0.2,1.533,1.531,1.531,1.539,2026-07-17 08:50:59 UTC,2026-07-17 09:03:24 UTC,744.58,0.3066,0.0041,0.0,0.0004,0.04,9.78,MIN_PROFIT_TP_HIT,0.2424
2108,TRUMP_USDT,LONG,StochasticRSI(FAST_SCALP-LONG),2,0.2,1.532,1.534,1.534,1.526,2026-07-17 09:06:59 UTC,2026-07-17 09:07:43 UTC,43.23,0.3064,0.0041,0.0,0.0004,0.04,9.79,MIN_PROFIT_TP_HIT,0.2428
2109,TRUMP_USDT,SHORT,StochasticRSI(FAST_SCALP-SHORT),2,0.2,1.533,1.531,1.531,1.539,2026-07-17 09:16:59 UTC,2026-07-17 09:34:36 UTC,1056.3,0.3066,0.0041,0.0,0.0004,0.04,9.78,MIN_PROFIT_TP_HIT,0.2432
2110,TRUMP_USDT,LONG,StochasticRSI(FAST_SCALP-LONG),2,0.2,1.533,1.535,1.535,1.527,2026-07-17 09:36:59 UTC,2026-07-17 09:38:24 UTC,84.27,0.3066,0.0041,0.0,0.0004,0.04,9.78,MIN_PROFIT_TP_HIT,0.2436
2111,TRUMP_USDT,SHORT,StochasticRSI(FAST_SCALP-SHORT),2,0.2,1.535,1.541,1.533,1.541,2026-07-17 09:43:59 UTC,2026-07-17 10:15:05 UTC,1865.19,0.307,0.0041,0.0,-0.0012,-0.11,-29.32,STOP_LOSS_HIT,0.2424
2112,TRUMP_USDT,SHORT,StochasticRSI(FAST_SCALP-SHORT),2,0.2,1.54,1.538,1.538,1.546,2026-07-17 10:20:59 UTC,2026-07-17 10:21:38 UTC,38.65,0.308,0.0041,0.0,0.0004,0.04,9.74,MIN_PROFIT_TP_HIT,0.2428
2113,TRUMP_USDT,LONG,StochasticRSI(FAST_SCALP-LONG),2,0.2,1.538,1.54,1.54,1.532,2026-07-17 10:24:59 UTC,2026-07-17 10:31:11 UTC,371.31,0.3076,0.0041,0.0,0.0004,0.04,9.75,MIN_PROFIT_TP_HIT,0.2432
2114,TRUMP_USDT,SHORT,StochasticRSI(FAST_SCALP-SHORT),2,0.2,1.54,1.538,1.538,1.546,2026-07-17 10:35:59 UTC,2026-07-17 11:07:57 UTC,1917.4,0.308,0.0041,0.0,0.0004,0.04,9.74,MIN_PROFIT_TP_HIT,0.2436
2115,TRUMP_USDT,LONG,StochasticRSI(FAST_SCALP-LONG),2,0.2,1.539,1.533,1.541,1.533,2026-07-17 11:11:59 UTC,2026-07-17 12:18:58 UTC,4018.58,0.3078,0.0041,0.0,-0.0012,-0.11,-29.24,STOP_LOSS_HIT,0.2424
2116,TRUMP_USDT,SHORT,StochasticRSI(FAST_SCALP-SHORT),2,0.2,1.533,1.531,1.531,1.539,2026-07-17 12:27:59 UTC,2026-07-17 12:31:11 UTC,191.62,0.3066,0.0041,0.0,0.0004,0.04,9.78,MIN_PROFIT_TP_HIT,0.2428
2117,TRUMP_USDT,LONG,StochasticRSI(FAST_SCALP-LONG),2,0.2,1.53,1.524,1.532,1.524,2026-07-17 12:34:59 UTC,2026-07-17 13:00:35 UTC,1535.83,0.306,0.0041,0.0,-0.0012,-0.11,-29.41,STOP_LOSS_HIT,0.2416
2118,TRUMP_USDT,LONG,StochasticRSI(FAST_SCALP-LONG),2,0.2,1.526,1.528,1.528,1.52,2026-07-17 13:03:59 UTC,2026-07-17 13:04:34 UTC,34.85,0.3052,0.0041,0.0,0.0004,0.04,9.83,MIN_PROFIT_TP_HIT,0.242
2119,TRUMP_USDT,LONG,StochasticRSI(FAST_SCALP-LONG),2,0.2,1.519,1.513,1.521,1.513,2026-07-17 13:09:59 UTC,2026-07-17 13:11:14 UTC,74.55,0.3038,0.0041,0.0,-0.0012,-0.11,-29.62,STOP_LOSS_HIT,0.2408
2120,TRUMP_USDT,SHORT,StochasticRSI(FAST_SCALP-SHORT),2,0.2,1.518,1.516,1.516,1.524,2026-07-17 13:17:59 UTC,2026-07-17 13:25:00 UTC,420.97,0.3036,0.004,0.0,0.0004,0.04,9.88,MIN_PROFIT_TP_HIT,0.2412
2121,TRUMP_USDT,LONG,StochasticRSI(FAST_SCALP-LONG),2,0.2,1.507,1.509,1.509,1.501,2026-07-17 13:39:59 UTC,2026-07-17 13:40:00 UTC,0.81,0.3014,0.004,0.0,0.0004,0.04,9.95,MIN_PROFIT_TP_HIT,0.2416
2122,TRUMP_USDT,SHORT,StochasticRSI(FAST_SCALP-SHORT),2,0.2,1.509,1.515,1.507,1.515,2026-07-17 13:45:59 UTC,2026-07-17 13:49:12 UTC,192.5,0.3018,0.004,0.0,-0.0012,-0.11,-29.82,STOP_LOSS_HIT,0.2404
2123,TRUMP_USDT,SHORT,StochasticRSI(FAST_SCALP-SHORT),2,0.2,1.522,1.52,1.52,1.528,2026-07-17 13:55:59 UTC,2026-07-17 13:56:12 UTC,12.38,0.3044,0.0041,0.0,0.0004,0.04,9.86,MIN_PROFIT_TP_HIT,0.2408
2124,TRUMP_USDT,SHORT,StochasticRSI(FAST_SCALP-SHORT),2,0.2,1.534,1.54,1.532,1.54,2026-07-17 14:04:59 UTC,2026-07-17 14:06:36 UTC,96.49,0.3068,0.0041,0.0,-0.0012,-0.11,-29.34,STOP_LOSS_HIT,0.2396
2125,TRUMP_USDT,LONG,StochasticRSI(FAST_SCALP-LONG),2,0.2,1.54,1.542,1.542,1.534,2026-07-17 14:16:59 UTC,2026-07-17 14:17:03 UTC,3.73,0.308,0.0041,0.0,0.0004,0.04,9.74,MIN_PROFIT_TP_HIT,0.24
2126,TRUMP_USDT,LONG,StochasticRSI(FAST_SCALP-LONG),2,0.2,1.537,1.539,1.539,1.531,2026-07-17 14:19:59 UTC,2026-07-17 14:20:45 UTC,45.77,0.3074,0.0041,0.0,0.0004,0.04,9.76,MIN_PROFIT_TP_HIT,0.2404
2127,TRUMP_USDT,LONG,StochasticRSI(FAST_SCALP-LONG),2,0.2,1.537,1.539,1.539,1.531,2026-07-17 14:23:59 UTC,2026-07-17 14:24:34 UTC,34.4,0.3074,0.0041,0.0,0.0004,0.04,9.76,MIN_PROFIT_TP_HIT,0.2408
2128,TRUMP_USDT,LONG,StochasticRSI(FAST_SCALP-LONG),2,0.2,1.537,1.539,1.539,1.531,2026-07-17 14:28:59 UTC,2026-07-17 14:31:12 UTC,132.66,0.3074,0.0041,0.0,0.0004,0.04,9.76,MIN_PROFIT_TP_HIT,0.2412
2129,TRUMP_USDT,LONG,StochasticRSI(FAST_SCALP-LONG),2,0.2,1.538,1.54,1.54,1.532,2026-07-17 14:33:59 UTC,2026-07-17 14:34:35 UTC,35.47,0.3076,0.0041,0.0,0.0004,0.04,9.75,MIN_PROFIT_TP_HIT,0.2416
2130,TRUMP_USDT,SHORT,StochasticRSI(FAST_SCALP-SHORT),2,0.2,1.544,1.542,1.542,1.55,2026-07-17 14:39:59 UTC,2026-07-17 14:41:07 UTC,67.5,0.3088,0.0041,0.0,0.0004,0.04,9.72,MIN_PROFIT_TP_HIT,0.242
2131,TRUMP_USDT,LONG,StochasticRSI(FAST_SCALP-LONG),2,0.2,1.541,1.543,1.543,1.535,2026-07-17 14:46:59 UTC,2026-07-17 14:47:22 UTC,22.98,0.3082,0.0041,0.0,0.0004,0.04,9.73,MIN_PROFIT_TP_HIT,0.2424
2132,TRUMP_USDT,LONG,StochasticRSI(FAST_SCALP-LONG),2,0.2,1.543,1.537,1.545,1.537,2026-07-17 14:48:59 UTC,2026-07-17 14:52:01 UTC,181.32,0.3086,0.0041,0.0,-0.0012,-0.11,-29.16,STOP_LOSS_HIT,0.2412
2133,TRUMP_USDT,LONG,StochasticRSI(FAST_SCALP-LONG),2,0.2,1.541,1.543,1.543,1.535,2026-07-17 14:53:59 UTC,2026-07-17 14:55:53 UTC,113.46,0.3082,0.0041,0.0,0.0004,0.04,9.73,MIN_PROFIT_TP_HIT,0.2416
2134,TRUMP_USDT,LONG,StochasticRSI(FAST_SCALP-LONG),2,0.2,1.539,1.533,1.541,1.533,2026-07-17 15:04:59 UTC,2026-07-17 15:06:38 UTC,98.09,0.3078,0.0041,0.0,-0.0012,-0.11,-29.24,STOP_LOSS_HIT,0.2404
2135,TRUMP_USDT,SHORT,StochasticRSI(FAST_SCALP-SHORT),2,0.2,1.535,1.533,1.533,1.541,2026-07-17 15:22:59 UTC,2026-07-17 15:23:25 UTC,25.21,0.307,0.0041,0.0,0.0004,0.04,9.77,MIN_PROFIT_TP_HIT,0.2408
2136,TRUMP_USDT,SHORT,StochasticRSI(FAST_SCALP-SHORT),2,0.2,1.532,1.538,1.53,1.538,2026-07-17 15:24:59 UTC,2026-07-17 15:30:07 UTC,307.1,0.3064,0.0041,0.0,-0.0012,-0.11,-29.37,STOP_LOSS_HIT,0.2396
2137,TRUMP_USDT,SHORT,StochasticRSI(FAST_SCALP-SHORT),2,0.2,1.537,1.543,1.535,1.543,2026-07-17 15:32:59 UTC,2026-07-17 15:37:23 UTC,263.96,0.3074,0.0041,0.0,-0.0012,-0.11,-29.28,STOP_LOSS_HIT,0.2384
2138,TRUMP_USDT,SHORT,StochasticRSI(FAST_SCALP-SHORT),2,0.2,1.542,1.54,1.54,1.548,2026-07-17 15:42:59 UTC,2026-07-17 15:46:32 UTC,212.35,0.3084,0.0041,0.0,0.0004,0.04,9.73,MIN_PROFIT_TP_HIT,0.2388
2139,TRUMP_USDT,LONG,StochasticRSI(FAST_SCALP-LONG),2,0.2,1.544,1.546,1.546,1.538,2026-07-17 15:50:59 UTC,2026-07-17 15:54:33 UTC,213.72,0.3088,0.0041,0.0,0.0004,0.04,9.72,MIN_PROFIT_TP_HIT,0.2392
2140,TRUMP_USDT,SHORT,StochasticRSI(FAST_SCALP-SHORT),2,0.2,1.545,1.543,1.543,1.551,2026-07-17 15:58:59 UTC,2026-07-17 16:01:12 UTC,132.73,0.309,0.0041,0.0,0.0004,0.04,9.71,MIN_PROFIT_TP_HIT,0.2396
2141,TRUMP_USDT,LONG,StochasticRSI(FAST_SCALP-LONG),2,0.2,1.548,1.55,1.55,1.542,2026-07-17 16:03:59 UTC,2026-07-17 16:09:56 UTC,356.7,0.3096,0.0041,0.0,0.0004,0.04,9.69,MIN_PROFIT_TP_HIT,0.24
2142,TRUMP_USDT,SHORT,StochasticRSI(FAST_SCALP-SHORT),2,0.2,1.55,1.548,1.548,1.556,2026-07-17 16:14:59 UTC,2026-07-17 16:16:59 UTC,119.79,0.31,0.0041,0.0,0.0004,0.04,9.68,MIN_PROFIT_TP_HIT,0.2404
2143,TRUMP_USDT,LONG,StochasticRSI(FAST_SCALP-LONG),2,0.2,1.551,1.553,1.553,1.545,2026-07-17 16:19:59 UTC,2026-07-17 16:27:04 UTC,424.19,0.3102,0.0041,0.0,0.0004,0.04,9.67,MIN_PROFIT_TP_HIT,0.2408
2144,TRUMP_USDT,SHORT,StochasticRSI(FAST_SCALP-SHORT),2,0.2,1.553,1.559,1.551,1.559,2026-07-17 16:31:59 UTC,2026-07-17 16:37:27 UTC,327.91,0.3106,0.0041,0.0,-0.0012,-0.11,-28.98,STOP_LOSS_HIT,0.2396
2145,TRUMP_USDT,SHORT,StochasticRSI(FAST_SCALP-SHORT),2,0.2,1.558,1.556,1.556,1.564,2026-07-17 16:39:59 UTC,2026-07-17 16:40:44 UTC,44.99,0.3116,0.0042,0.0,0.0004,0.04,9.63,MIN_PROFIT_TP_HIT,0.24
2146,TRUMP_USDT,LONG,StochasticRSI(FAST_SCALP-LONG),2,0.2,1.559,1.561,1.561,1.553,2026-07-17 16:43:59 UTC,2026-07-17 16:44:18 UTC,18.05,0.3118,0.0042,0.0,0.0004,0.04,9.62,MIN_PROFIT_TP_HIT,0.2404
2147,TRUMP_USDT,SHORT,StochasticRSI(FAST_SCALP-SHORT),2,0.2,1.566,1.564,1.564,1.572,2026-07-17 16:50:59 UTC,2026-07-17 16:51:50 UTC,50.84,0.3132,0.0042,0.0,0.0004,0.04,9.58,MIN_PROFIT_TP_HIT,0.2408
2148,TRUMP_USDT,LONG,StochasticRSI(FAST_SCALP-LONG),2,0.2,1.559,1.561,1.561,1.553,2026-07-17 17:00:59 UTC,2026-07-17 17:01:20 UTC,20.24,0.3118,0.0042,0.0,0.0004,0.04,9.62,MIN_PROFIT_TP_HIT,0.2412
2149,TRUMP_USDT,SHORT,StochasticRSI(FAST_SCALP-SHORT),2,0.2,1.558,1.564,1.556,1.564,2026-07-17 17:05:59 UTC,2026-07-17 17:07:08 UTC,68.69,0.3116,0.0042,0.0,-0.0012,-0.11,-28.88,STOP_LOSS_HIT,0.24
2150,TRUMP_USDT,LONG,StochasticRSI(FAST_SCALP-LONG),2,0.2,1.561,1.555,1.563,1.555,2026-07-17 17:17:59 UTC,2026-07-17 17:21:46 UTC,226.41,0.3122,0.0042,0.0,-0.0012,-0.11,-28.83,STOP_LOSS_HIT,0.2388
2151,TRUMP_USDT,LONG,StochasticRSI(FAST_SCALP-LONG),2,0.2,1.556,1.55,1.558,1.55,2026-07-17 17:27:59 UTC,2026-07-17 17:40:31 UTC,751.41,0.3112,0.0041,0.0,-0.0012,-0.11,-28.92,STOP_LOSS_HIT,0.2376
2152,TRUMP_USDT,LONG,StochasticRSI(FAST_SCALP-LONG),2,0.2,1.552,1.546,1.554,1.546,2026-07-17 17:42:59 UTC,2026-07-17 18:06:21 UTC,1401.06,0.3104,0.0041,0.0,-0.0012,-0.11,-28.99,STOP_LOSS_HIT,0.2364
2153,TRUMP_USDT,SHORT,StochasticRSI(FAST_SCALP-SHORT),2,0.2,1.546,1.544,1.544,1.552,2026-07-17 18:07:59 UTC,2026-07-17 18:20:51 UTC,771.11,0.3092,0.0041,0.0,0.0004,0.04,9.7,MIN_PROFIT_TP_HIT,0.2368
2154,TRUMP_USDT,SHORT,StochasticRSI(FAST_SCALP-SHORT),2,0.2,1.546,1.544,1.544,1.552,2026-07-17 18:32:59 UTC,2026-07-17 18:33:37 UTC,37.9,0.3092,0.0041,0.0,0.0004,0.04,9.7,MIN_PROFIT_TP_HIT,0.2372
2155,TRUMP_USDT,LONG,StochasticRSI(FAST_SCALP-LONG),2,0.2,1.548,1.55,1.55,1.542,2026-07-17 18:45:59 UTC,2026-07-17 18:47:12 UTC,72.98,0.3096,0.0041,0.0,0.0004,0.04,9.69,MIN_PROFIT_TP_HIT,0.2376
2156,TRUMP_USDT,SHORT,StochasticRSI(FAST_SCALP-SHORT),2,0.2,1.551,1.549,1.549,1.557,2026-07-17 18:51:59 UTC,2026-07-17 19:00:39 UTC,519.13,0.3102,0.0041,0.0,0.0004,0.04,9.67,MIN_PROFIT_TP_HIT,0.238
2157,TRUMP_USDT,LONG,StochasticRSI(FAST_SCALP-LONG),2,0.2,1.552,1.554,1.554,1.546,2026-07-17 19:03:59 UTC,2026-07-17 19:04:18 UTC,18.87,0.3104,0.0041,0.0,0.0004,0.04,9.66,MIN_PROFIT_TP_HIT,0.2384
2158,TRUMP_USDT,SHORT,StochasticRSI(FAST_SCALP-SHORT),2,0.2,1.551,1.549,1.549,1.557,2026-07-17 19:08:59 UTC,2026-07-17 19:09:16 UTC,16.75,0.3102,0.0041,0.0,0.0004,0.04,9.67,MIN_PROFIT_TP_HIT,0.2388
2159,TRUMP_USDT,LONG,StochasticRSI(FAST_SCALP-LONG),2,0.2,1.545,1.547,1.547,1.539,2026-07-17 19:12:59 UTC,2026-07-17 19:28:50 UTC,950.8,0.309,0.0041,0.0,0.0004,0.04,9.71,MIN_PROFIT_TP_HIT,0.2392
2160,TRUMP_USDT,SHORT,StochasticRSI(FAST_SCALP-SHORT),2,0.2,1.546,1.544,1.544,1.552,2026-07-17 19:31:59 UTC,2026-07-17 19:40:17 UTC,497.01,0.3092,0.0041,0.0,0.0004,0.04,9.7,MIN_PROFIT_TP_HIT,0.2396
2161,TRUMP_USDT,LONG,StochasticRSI(FAST_SCALP-LONG),2,0.2,1.547,1.541,1.549,1.541,2026-07-17 19:43:59 UTC,2026-07-17 20:00:38 UTC,998.55,0.3094,0.0041,0.0,-0.0012,-0.11,-29.09,STOP_LOSS_HIT,0.2384
2162,TRUMP_USDT,LONG,StochasticRSI(FAST_SCALP-LONG),2,0.2,1.543,1.545,1.545,1.537,2026-07-17 20:02:59 UTC,2026-07-17 20:20:41 UTC,1061.87,0.3086,0.0041,0.0,0.0004,0.04,9.72,MIN_PROFIT_TP_HIT,0.2388
2163,TRUMP_USDT,LONG,StochasticRSI(FAST_SCALP-LONG),2,0.2,1.543,1.545,1.545,1.537,2026-07-17 20:27:59 UTC,2026-07-17 21:02:06 UTC,2046.48,0.3086,0.0041,0.0,0.0004,0.04,9.72,MIN_PROFIT_TP_HIT,0.2392
2164,TRUMP_USDT,SHORT,StochasticRSI(FAST_SCALP-SHORT),2,0.2,1.545,1.543,1.543,1.551,2026-07-17 21:06:59 UTC,2026-07-17 21:09:36 UTC,156.3,0.309,0.0041,0.0,0.0004,0.04,9.71,MIN_PROFIT_TP_HIT,0.2396
2165,TRUMP_USDT,LONG,StochasticRSI(FAST_SCALP-LONG),2,0.2,1.545,1.539,1.547,1.539,2026-07-17 21:13:59 UTC,2026-07-17 21:59:51 UTC,2751.02,0.309,0.0041,0.0,-0.0012,-0.11,-29.13,STOP_LOSS_HIT,0.2384
2166,TRUMP_USDT,LONG,StochasticRSI(FAST_SCALP-LONG),2,0.2,1.541,1.543,1.543,1.535,2026-07-17 22:01:59 UTC,2026-07-17 22:11:45 UTC,585.38,0.3082,0.0041,0.0,0.0004,0.04,9.73,MIN_PROFIT_TP_HIT,0.2388
2167,TRUMP_USDT,SHORT,StochasticRSI(FAST_SCALP-SHORT),2,0.2,1.543,1.541,1.541,1.549,2026-07-17 22:16:59 UTC,2026-07-17 22:17:13 UTC,13.63,0.3086,0.0041,0.0,0.0004,0.04,9.72,MIN_PROFIT_TP_HIT,0.2392
2168,TRUMP_USDT,LONG,StochasticRSI(FAST_SCALP-LONG),2,0.2,1.542,1.544,1.544,1.536,2026-07-17 22:21:59 UTC,2026-07-17 22:41:17 UTC,1157.47,0.3084,0.0041,0.0,0.0004,0.04,9.73,MIN_PROFIT_TP_HIT,0.2396
2169,TRUMP_USDT,SHORT,StochasticRSI(FAST_SCALP-SHORT),2,0.2,1.545,1.543,1.543,1.551,2026-07-17 22:45:59 UTC,2026-07-17 23:10:20 UTC,1460.57,0.309,0.0041,0.0,0.0004,0.04,9.71,MIN_PROFIT_TP_HIT,0.24
2170,TRUMP_USDT,LONG,StochasticRSI(FAST_SCALP-LONG),2,0.2,1.542,1.544,1.544,1.536,2026-07-17 23:14:59 UTC,2026-07-17 23:18:47 UTC,227.14,0.3084,0.0041,0.0,0.0004,0.04,9.73,MIN_PROFIT_TP_HIT,0.2404
2171,TRUMP_USDT,SHORT,StochasticRSI(FAST_SCALP-SHORT),2,0.2,1.547,1.553,1.545,1.553,2026-07-17 23:27:59 UTC,2026-07-17 23:46:04 UTC,1084.84,0.3094,0.0041,0.0,-0.0012,-0.11,-29.09,STOP_LOSS_HIT,0.2392
2172,TRUMP_USDT,SHORT,StochasticRSI(FAST_SCALP-SHORT),2,0.2,1.552,1.55,1.55,1.558,2026-07-17 23:49:59 UTC,2026-07-17 23:58:45 UTC,525.62,0.3104,0.0041,0.0,0.0004,0.04,9.66,MIN_PROFIT_TP_HIT,0.2396
2173,TRUMP_USDT,LONG,StochasticRSI(FAST_SCALP-LONG),2,0.2,1.552,1.554,1.554,1.546,2026-07-18 00:00:59 UTC,2026-07-18 00:01:35 UTC,35.7,0.3104,0.0041,0.0,0.0004,0.04,9.66,MIN_PROFIT_TP_HIT,0.24
2174,TRUMP_USDT,LONG,StochasticRSI(FAST_SCALP-LONG),2,0.2,1.552,1.554,1.554,1.546,2026-07-18 00:09:59 UTC,2026-07-18 00:10:59 UTC,59.56,0.3104,0.0041,0.0,0.0004,0.04,9.66,MIN_PROFIT_TP_HIT,0.2404
2175,TRUMP_USDT,SHORT,StochasticRSI(FAST_SCALP-SHORT),2,0.2,1.558,1.556,1.556,1.564,2026-07-18 00:20:59 UTC,2026-07-18 00:34:50 UTC,830.51,0.3116,0.0042,0.0,0.0004,0.04,9.63,MIN_PROFIT_TP_HIT,0.2408
2176,TRUMP_USDT,LONG,StochasticRSI(FAST_SCALP-LONG),2,0.2,1.558,1.56,1.56,1.552,2026-07-18 00:37:59 UTC,2026-07-18 00:40:12 UTC,132.0,0.3116,0.0042,0.0,0.0004,0.04,9.63,MIN_PROFIT_TP_HIT,0.2412
2177,TRUMP_USDT,SHORT,StochasticRSI(FAST_SCALP-SHORT),2,0.2,1.564,1.562,1.562,1.57,2026-07-18 00:48:59 UTC,2026-07-18 00:49:54 UTC,54.84,0.3128,0.0042,0.0,0.0004,0.04,9.59,MIN_PROFIT_TP_HIT,0.2416
2178,TRUMP_USDT,LONG,StochasticRSI(FAST_SCALP-LONG),2,0.2,1.561,1.563,1.563,1.555,2026-07-18 00:57:59 UTC,2026-07-18 01:09:09 UTC,669.9,0.3122,0.0042,0.0,0.0004,0.04,9.61,MIN_PROFIT_TP_HIT,0.242
2179,TRUMP_USDT,SHORT,StochasticRSI(FAST_SCALP-SHORT),2,0.2,1.565,1.563,1.563,1.571,2026-07-18 01:15:59 UTC,2026-07-18 01:16:52 UTC,52.96,0.313,0.0042,0.0,0.0004,0.04,9.58,MIN_PROFIT_TP_HIT,0.2424
2180,TRUMP_USDT,LONG,StochasticRSI(FAST_SCALP-LONG),2,0.2,1.566,1.568,1.568,1.56,2026-07-18 01:23:59 UTC,2026-07-18 01:26:09 UTC,129.74,0.3132,0.0042,0.0,0.0004,0.04,9.58,MIN_PROFIT_TP_HIT,0.2428
2181,TRUMP_USDT,SHORT,StochasticRSI(FAST_SCALP-SHORT),2,0.2,1.568,1.566,1.566,1.574,2026-07-18 01:28:59 UTC,2026-07-18 01:29:25 UTC,25.82,0.3136,0.0042,0.0,0.0004,0.04,9.57,MIN_PROFIT_TP_HIT,0.2432
2182,TRUMP_USDT,LONG,StochasticRSI(FAST_SCALP-LONG),2,0.2,1.57,1.572,1.572,1.564,2026-07-18 01:42:59 UTC,2026-07-18 02:06:19 UTC,1399.5,0.314,0.0042,0.0,0.0004,0.04,9.55,MIN_PROFIT_TP_HIT,0.2436
2183,TRUMP_USDT,SHORT,StochasticRSI(FAST_SCALP-SHORT),2,0.2,1.611,1.617,1.609,1.617,2026-07-18 02:37:59 UTC,2026-07-18 02:40:10 UTC,130.07,0.3222,0.0043,0.0,-0.0012,-0.11,-27.93,STOP_LOSS_HIT,0.2424
2184,TRUMP_USDT,LONG,StochasticRSI(FAST_SCALP-LONG),2,0.2,1.62,1.622,1.622,1.614,2026-07-18 02:41:59 UTC,2026-07-18 02:42:04 UTC,4.03,0.324,0.0043,0.0,0.0004,0.04,9.26,MIN_PROFIT_TP_HIT,0.2428
2185,TRUMP_USDT,LONG,StochasticRSI(FAST_SCALP-LONG),2,0.2,1.638,1.632,1.64,1.632,2026-07-18 02:48:59 UTC,2026-07-18 02:49:17 UTC,17.56,0.3276,0.0044,0.0,-0.0012,-0.11,-27.47,STOP_LOSS_HIT,0.2416
2186,TRUMP_USDT,LONG,StochasticRSI(FAST_SCALP-LONG),2,0.2,1.638,1.632,1.64,1.632,2026-07-18 02:55:59 UTC,2026-07-18 02:56:21 UTC,21.73,0.3276,0.0044,0.0,-0.0012,-0.11,-27.47,STOP_LOSS_HIT,0.2404
2187,TRUMP_USDT,LONG,StochasticRSI(FAST_SCALP-LONG),2,0.2,1.63,1.632,1.632,1.624,2026-07-18 03:01:59 UTC,2026-07-18 03:02:15 UTC,15.1,0.326,0.0043,0.0,0.0004,0.04,9.2,MIN_PROFIT_TP_HIT,0.2408
2188,TRUMP_USDT,SHORT,StochasticRSI(FAST_SCALP-SHORT),2,0.2,1.643,1.641,1.641,1.649,2026-07-18 03:12:59 UTC,2026-07-18 03:13:00 UTC,0.53,0.3286,0.0044,0.0,0.0004,0.04,9.13,MIN_PROFIT_TP_HIT,0.2412
2189,TRUMP_USDT,LONG,StochasticRSI(FAST_SCALP-LONG),2,0.2,1.649,1.643,1.651,1.643,2026-07-18 03:18:59 UTC,2026-07-18 03:20:05 UTC,65.48,0.3298,0.0044,0.0,-0.0012,-0.11,-27.29,STOP_LOSS_HIT,0.24
2190,TRUMP_USDT,LONG,StochasticRSI(FAST_SCALP-LONG),2,0.2,1.617,1.611,1.619,1.611,2026-07-18 03:27:59 UTC,2026-07-18 03:28:51 UTC,51.23,0.3234,0.0043,0.0,-0.0012,-0.11,-27.83,STOP_LOSS_HIT,0.2388
2191,TRUMP_USDT,LONG,StochasticRSI(FAST_SCALP-LONG),2,0.2,1.616,1.618,1.618,1.61,2026-07-18 03:32:59 UTC,2026-07-18 03:33:10 UTC,10.45,0.3232,0.0043,0.0,0.0004,0.04,9.28,MIN_PROFIT_TP_HIT,0.2392
2192,TRUMP_USDT,SHORT,StochasticRSI(FAST_SCALP-SHORT),2,0.2,1.62,1.618,1.618,1.626,2026-07-18 03:36:59 UTC,2026-07-18 03:37:00 UTC,0.57,0.324,0.0043,0.0,0.0004,0.04,9.26,MIN_PROFIT_TP_HIT,0.2396
2193,TRUMP_USDT,SHORT,StochasticRSI(FAST_SCALP-SHORT),2,0.2,1.623,1.621,1.621,1.629,2026-07-18 03:43:59 UTC,2026-07-18 03:44:04 UTC,4.4,0.3246,0.0043,0.0,0.0004,0.04,9.24,MIN_PROFIT_TP_HIT,0.24
2194,TRUMP_USDT,SHORT,StochasticRSI(FAST_SCALP-SHORT),2,0.2,1.627,1.625,1.625,1.633,2026-07-18 03:53:59 UTC,2026-07-18 03:54:49 UTC,49.94,0.3254,0.0043,0.0,0.0004,0.04,9.22,MIN_PROFIT_TP_HIT,0.2404
2195,TRUMP_USDT,SHORT,StochasticRSI(FAST_SCALP-SHORT),2,0.2,1.64,1.638,1.638,1.646,2026-07-18 04:10:59 UTC,2026-07-18 04:11:01 UTC,1.13,0.328,0.0044,0.0,0.0004,0.04,9.15,MIN_PROFIT_TP_HIT,0.2408
2196,TRUMP_USDT,LONG,StochasticRSI(FAST_SCALP-LONG),2,0.2,1.629,1.631,1.631,1.623,2026-07-18 04:22:59 UTC,2026-07-18 04:23:26 UTC,26.53,0.3258,0.0043,0.0,0.0004,0.04,9.21,MIN_PROFIT_TP_HIT,0.2412
2197,TRUMP_USDT,SHORT,StochasticRSI(FAST_SCALP-SHORT),2,0.2,1.66,1.666,1.658,1.666,2026-07-18 04:32:59 UTC,2026-07-18 04:33:34 UTC,34.1,0.332,0.0044,0.0,-0.0012,-0.11,-27.11,STOP_LOSS_HIT,0.24
2198,TRUMP_USDT,LONG,StochasticRSI(FAST_SCALP-LONG),2,0.2,1.65,1.652,1.652,1.644,2026-07-18 04:40:59 UTC,2026-07-18 04:41:20 UTC,20.5,0.33,0.0044,0.0,0.0004,0.04,9.09,MIN_PROFIT_TP_HIT,0.2404
2199,TRUMP_USDT,SHORT,StochasticRSI(FAST_SCALP-SHORT),2,0.2,1.648,1.646,1.646,1.654,2026-07-18 04:48:59 UTC,2026-07-18 04:49:19 UTC,19.31,0.3296,0.0044,0.0,0.0004,0.04,9.1,MIN_PROFIT_TP_HIT,0.2408
2200,TRUMP_USDT,LONG,StochasticRSI(FAST_SCALP-LONG),2,0.2,1.63,1.632,1.632,1.624,2026-07-18 04:55:59 UTC,2026-07-18 04:56:05 UTC,5.77,0.326,0.0043,0.0,0.0004,0.04,9.2,MIN_PROFIT_TP_HIT,0.2412
2201,TRUMP_USDT,LONG,StochasticRSI(FAST_SCALP-LONG),2,0.2,1.635,1.637,1.637,1.629,2026-07-18 04:57:59 UTC,2026-07-18 04:58:06 UTC,6.66,0.327,0.0044,0.0,0.0004,0.04,9.17,MIN_PROFIT_TP_HIT,0.2416
2202,TRUMP_USDT,SHORT,StochasticRSI(FAST_SCALP-SHORT),2,0.2,1.639,1.645,1.637,1.645,2026-07-18 05:02:59 UTC,2026-07-18 05:03:41 UTC,41.59,0.3278,0.0044,0.0,-0.0012,-0.11,-27.46,STOP_LOSS_HIT,0.2404
2203,TRUMP_USDT,SHORT,StochasticRSI(FAST_SCALP-SHORT),2,0.2,1.65,1.648,1.648,1.656,2026-07-18 05:06:59 UTC,2026-07-18 05:07:11 UTC,11.51,0.33,0.0044,0.0,0.0004,0.04,9.09,MIN_PROFIT_TP_HIT,0.2408
2204,TRUMP_USDT,SHORT,StochasticRSI(FAST_SCALP-SHORT),2,0.2,1.652,1.65,1.65,1.658,2026-07-18 05:10:59 UTC,2026-07-18 05:11:16 UTC,16.23,0.3304,0.0044,0.0,0.0004,0.04,9.08,MIN_PROFIT_TP_HIT,0.2412
2205,TRUMP_USDT,LONG,StochasticRSI(FAST_SCALP-LONG),2,0.2,1.635,1.637,1.637,1.629,2026-07-18 05:17:59 UTC,2026-07-18 05:18:07 UTC,7.87,0.327,0.0044,0.0,0.0004,0.04,9.17,MIN_PROFIT_TP_HIT,0.2416
2206,TRUMP_USDT,SHORT,StochasticRSI(FAST_SCALP-SHORT),2,0.2,1.634,1.632,1.632,1.64,2026-07-18 05:25:59 UTC,2026-07-18 05:26:35 UTC,35.07,0.3268,0.0044,0.0,0.0004,0.04,9.18,MIN_PROFIT_TP_HIT,0.242
2207,TRUMP_USDT,LONG,StochasticRSI(FAST_SCALP-LONG),2,0.2,1.629,1.631,1.631,1.623,2026-07-18 05:29:59 UTC,2026-07-18 05:30:10 UTC,10.12,0.3258,0.0043,0.0,0.0004,0.04,9.21,MIN_PROFIT_TP_HIT,0.2424
2208,TRUMP_USDT,SHORT,StochasticRSI(FAST_SCALP-SHORT),2,0.2,1.627,1.625,1.625,1.633,2026-07-18 05:35:59 UTC,2026-07-18 05:36:13 UTC,13.31,0.3254,0.0043,0.0,0.0004,0.04,9.22,MIN_PROFIT_TP_HIT,0.2428
2209,TRUMP_USDT,LONG,StochasticRSI(FAST_SCALP-LONG),2,0.2,1.622,1.616,1.624,1.616,2026-07-18 05:40:59 UTC,2026-07-18 05:41:59 UTC,59.7,0.3244,0.0043,0.0,-0.0012,-0.11,-27.74,STOP_LOSS_HIT,0.2416
2210,TRUMP_USDT,SHORT,StochasticRSI(FAST_SCALP-SHORT),2,0.2,1.624,1.622,1.622,1.63,2026-07-18 05:50:59 UTC,2026-07-18 05:51:40 UTC,40.06,0.3248,0.0043,0.0,0.0004,0.04,9.24,MIN_PROFIT_TP_HIT,0.242
2211,TRUMP_USDT,SHORT,StochasticRSI(FAST_SCALP-SHORT),2,0.2,1.63,1.628,1.628,1.636,2026-07-18 06:05:59 UTC,2026-07-18 06:09:09 UTC,189.99,0.326,0.0043,0.0,0.0004,0.04,9.2,MIN_PROFIT_TP_HIT,0.2424
2212,TRUMP_USDT,LONG,StochasticRSI(FAST_SCALP-LONG),2,0.2,1.632,1.634,1.634,1.626,2026-07-18 06:13:59 UTC,2026-07-18 06:17:30 UTC,210.85,0.3264,0.0044,0.0,0.0004,0.04,9.19,MIN_PROFIT_TP_HIT,0.2428
2213,TRUMP_USDT,SHORT,StochasticRSI(FAST_SCALP-SHORT),2,0.2,1.637,1.635,1.635,1.643,2026-07-18 06:23:59 UTC,2026-07-18 06:24:38 UTC,38.96,0.3274,0.0044,0.0,0.0004,0.04,9.16,MIN_PROFIT_TP_HIT,0.2432
2214,TRUMP_USDT,LONG,StochasticRSI(FAST_SCALP-LONG),2,0.2,1.625,1.619,1.627,1.619,2026-07-18 06:29:59 UTC,2026-07-18 06:33:28 UTC,208.79,0.325,0.0043,0.0,-0.0012,-0.11,-27.69,STOP_LOSS_HIT,0.242
2215,TRUMP_USDT,LONG,StochasticRSI(FAST_SCALP-LONG),2,0.2,1.617,1.619,1.619,1.611,2026-07-18 06:36:59 UTC,2026-07-18 06:37:22 UTC,22.07,0.3234,0.0043,0.0,0.0004,0.04,9.28,MIN_PROFIT_TP_HIT,0.2424
2216,TRUMP_USDT,SHORT,StochasticRSI(FAST_SCALP-SHORT),2,0.2,1.63,1.628,1.628,1.636,2026-07-18 06:42:59 UTC,2026-07-18 06:43:45 UTC,45.24,0.326,0.0043,0.0,0.0004,0.04,9.2,MIN_PROFIT_TP_HIT,0.2428
2217,TRUMP_USDT,LONG,StochasticRSI(FAST_SCALP-LONG),2,0.2,1.625,1.619,1.627,1.619,2026-07-18 06:50:59 UTC,2026-07-18 07:05:12 UTC,852.1,0.325,0.0043,0.0,-0.0012,-0.11,-27.69,STOP_LOSS_HIT,0.2416
2218,TRUMP_USDT,LONG,StochasticRSI(FAST_SCALP-LONG),2,0.2,1.616,1.618,1.618,1.61,2026-07-18 07:09:59 UTC,2026-07-18 07:15:26 UTC,326.83,0.3232,0.0043,0.0,0.0004,0.04,9.28,MIN_PROFIT_TP_HIT,0.242
2219,TRUMP_USDT,SHORT,StochasticRSI(FAST_SCALP-SHORT),2,0.2,1.622,1.62,1.62,1.628,2026-07-18 07:18:59 UTC,2026-07-18 07:24:04 UTC,304.21,0.3244,0.0043,0.0,0.0004,0.04,9.25,MIN_PROFIT_TP_HIT,0.2424
2220,TRUMP_USDT,LONG,StochasticRSI(FAST_SCALP-LONG),2,0.2,1.62,1.622,1.622,1.614,2026-07-18 07:28:59 UTC,2026-07-18 07:31:06 UTC,126.51,0.324,0.0043,0.0,0.0004,0.04,9.26,MIN_PROFIT_TP_HIT,0.2428
2221,TRUMP_USDT,LONG,StochasticRSI(FAST_SCALP-LONG),2,0.2,1.625,1.627,1.627,1.619,2026-07-18 07:32:59 UTC,2026-07-18 07:35:09 UTC,129.46,0.325,0.0043,0.0,0.0004,0.04,9.23,MIN_PROFIT_TP_HIT,0.2432
2222,TRUMP_USDT,SHORT,StochasticRSI(FAST_SCALP-SHORT),2,0.2,1.628,1.626,1.626,1.634,2026-07-18 07:41:59 UTC,2026-07-18 07:42:46 UTC,46.22,0.3256,0.0043,0.0,0.0004,0.04,9.21,MIN_PROFIT_TP_HIT,0.2436
2223,TRUMP_USDT,SHORT,StochasticRSI(FAST_SCALP-SHORT),2,0.2,1.629,1.627,1.627,1.635,2026-07-18 07:50:59 UTC,2026-07-18 07:52:34 UTC,94.74,0.3258,0.0043,0.0,0.0004,0.04,9.21,MIN_PROFIT_TP_HIT,0.244
2224,TRUMP_USDT,LONG,StochasticRSI(FAST_SCALP-LONG),2,0.2,1.631,1.633,1.633,1.625,2026-07-18 07:55:59 UTC,2026-07-18 08:00:10 UTC,250.19,0.3262,0.0043,0.0,0.0004,0.04,9.2,MIN_PROFIT_TP_HIT,0.2444
2225,TRUMP_USDT,SHORT,StochasticRSI(FAST_SCALP-SHORT),2,0.2,1.648,1.654,1.646,1.654,2026-07-18 08:06:59 UTC,2026-07-18 08:08:10 UTC,70.93,0.3296,0.0044,0.0,-0.0012,-0.11,-27.31,STOP_LOSS_HIT,0.2432
2226,TRUMP_USDT,SHORT,StochasticRSI(FAST_SCALP-SHORT),2,0.2,1.653,1.651,1.651,1.659,2026-07-18 08:13:59 UTC,2026-07-18 08:14:00 UTC,0.67,0.3306,0.0044,0.0,0.0004,0.04,9.07,MIN_PROFIT_TP_HIT,0.2436
2227,TRUMP_USDT,LONG,StochasticRSI(FAST_SCALP-LONG),2,0.2,1.638,1.64,1.64,1.632,2026-07-18 08:22:59 UTC,2026-07-18 08:23:02 UTC,2.26,0.3276,0.0044,0.0,0.0004,0.04,9.16,MIN_PROFIT_TP_HIT,0.244
2228,TRUMP_USDT,SHORT,StochasticRSI(FAST_SCALP-SHORT),2,0.2,1.64,1.638,1.638,1.646,2026-07-18 08:28:59 UTC,2026-07-18 08:29:08 UTC,8.49,0.328,0.0044,0.0,0.0004,0.04,9.15,MIN_PROFIT_TP_HIT,0.2444
2229,TRUMP_USDT,LONG,StochasticRSI(FAST_SCALP-LONG),2,0.2,1.63,1.632,1.632,1.624,2026-07-18 08:48:59 UTC,2026-07-18 08:49:30 UTC,30.97,0.326,0.0043,0.0,0.0004,0.04,9.2,MIN_PROFIT_TP_HIT,0.2448
2230,TRUMP_USDT,SHORT,StochasticRSI(FAST_SCALP-SHORT),2,0.2,1.63,1.628,1.628,1.636,2026-07-18 08:52:59 UTC,2026-07-18 08:53:02 UTC,2.83,0.326,0.0043,0.0,0.0004,0.04,9.2,MIN_PROFIT_TP_HIT,0.2452
2231,TRUMP_USDT,SHORT,StochasticRSI(FAST_SCALP-SHORT),2,0.2,1.63,1.628,1.628,1.636,2026-07-18 08:56:59 UTC,2026-07-18 08:57:54 UTC,54.72,0.326,0.0043,0.0,0.0004,0.04,9.2,MIN_PROFIT_TP_HIT,0.2456
2232,TRUMP_USDT,LONG,StochasticRSI(FAST_SCALP-LONG),2,0.2,1.636,1.638,1.638,1.63,2026-07-18 09:00:59 UTC,2026-07-18 09:02:37 UTC,97.95,0.3272,0.0044,0.0,0.0004,0.04,9.17,MIN_PROFIT_TP_HIT,0.246
2233,TRUMP_USDT,SHORT,StochasticRSI(FAST_SCALP-SHORT),2,0.2,1.64,1.638,1.638,1.646,2026-07-18 09:04:59 UTC,2026-07-18 09:05:15 UTC,15.08,0.328,0.0044,0.0,0.0004,0.04,9.15,MIN_PROFIT_TP_HIT,0.2464
2234,TRUMP_USDT,SHORT,StochasticRSI(FAST_SCALP-SHORT),2,0.2,1.636,1.634,1.634,1.642,2026-07-18 09:06:59 UTC,2026-07-18 09:07:25 UTC,25.76,0.3272,0.0044,0.0,0.0004,0.04,9.17,MIN_PROFIT_TP_HIT,0.2468
2235,TRUMP_USDT,LONG,StochasticRSI(FAST_SCALP-LONG),2,0.2,1.645,1.639,1.647,1.639,2026-07-18 09:12:59 UTC,2026-07-18 09:17:25 UTC,265.16,0.329,0.0044,0.0,-0.0012,-0.11,-27.36,STOP_LOSS_HIT,0.2456
2236,TRUMP_USDT,SHORT,StochasticRSI(FAST_SCALP-SHORT),2,0.2,1.639,1.637,1.637,1.645,2026-07-18 09:18:59 UTC,2026-07-18 09:19:10 UTC,10.99,0.3278,0.0044,0.0,0.0004,0.04,9.15,MIN_PROFIT_TP_HIT,0.246
2237,TRUMP_USDT,LONG,StochasticRSI(FAST_SCALP-LONG),2,0.2,1.641,1.643,1.643,1.635,2026-07-18 09:24:59 UTC,2026-07-18 09:25:10 UTC,10.32,0.3282,0.0044,0.0,0.0004,0.04,9.14,MIN_PROFIT_TP_HIT,0.2464
2238,TRUMP_USDT,SHORT,StochasticRSI(FAST_SCALP-SHORT),2,0.2,1.647,1.645,1.645,1.653,2026-07-18 09:29:59 UTC,2026-07-18 09:30:04 UTC,4.69,0.3294,0.0044,0.0,0.0004,0.04,9.11,MIN_PROFIT_TP_HIT,0.2468
2239,TRUMP_USDT,LONG,StochasticRSI(FAST_SCALP-LONG),2,0.2,1.656,1.658,1.658,1.65,2026-07-18 09:36:59 UTC,2026-07-18 09:37:01 UTC,1.25,0.3312,0.0044,0.0,0.0004,0.04,9.06,MIN_PROFIT_TP_HIT,0.2472
2240,TRUMP_USDT,SHORT,StochasticRSI(FAST_SCALP-SHORT),2,0.2,1.658,1.656,1.656,1.664,2026-07-18 09:40:59 UTC,2026-07-18 09:41:02 UTC,2.84,0.3316,0.0044,0.0,0.0004,0.04,9.05,MIN_PROFIT_TP_HIT,0.2476
2241,TRUMP_USDT,SHORT,StochasticRSI(FAST_SCALP-SHORT),2,0.2,1.652,1.65,1.65,1.658,2026-07-18 09:43:59 UTC,2026-07-18 09:44:15 UTC,15.94,0.3304,0.0044,0.0,0.0004,0.04,9.08,MIN_PROFIT_TP_HIT,0.248
2242,TRUMP_USDT,LONG,StochasticRSI(FAST_SCALP-LONG),2,0.2,1.659,1.653,1.661,1.653,2026-07-18 09:48:59 UTC,2026-07-18 09:49:35 UTC,35.57,0.3318,0.0044,0.0,-0.0012,-0.11,-27.12,STOP_LOSS_HIT,0.2468
2243,TRUMP_USDT,LONG,StochasticRSI(FAST_SCALP-LONG),2,0.2,1.651,1.653,1.653,1.645,2026-07-18 09:54:59 UTC,2026-07-18 09:55:02 UTC,2.54,0.3302,0.0044,0.0,0.0004,0.04,9.09,MIN_PROFIT_TP_HIT,0.2472
2244,TRUMP_USDT,SHORT,StochasticRSI(FAST_SCALP-SHORT),2,0.2,1.679,1.677,1.677,1.685,2026-07-18 10:04:59 UTC,2026-07-18 10:05:02 UTC,2.16,0.3358,0.0045,0.0,0.0004,0.04,8.93,MIN_PROFIT_TP_HIT,0.2476
2245,TRUMP_USDT,LONG,StochasticRSI(FAST_SCALP-LONG),2,0.2,1.695,1.697,1.697,1.689,2026-07-18 10:14:59 UTC,2026-07-18 10:15:18 UTC,18.75,0.339,0.0045,0.0,0.0004,0.04,8.85,MIN_PROFIT_TP_HIT,0.248
2246,TRUMP_USDT,LONG,StochasticRSI(FAST_SCALP-LONG),2,0.2,1.689,1.691,1.691,1.683,2026-07-18 10:21:59 UTC,2026-07-18 10:22:32 UTC,32.63,0.3378,0.0045,0.0,0.0004,0.04,8.88,MIN_PROFIT_TP_HIT,0.2484
2247,TRUMP_USDT,LONG,StochasticRSI(FAST_SCALP-LONG),2,0.2,1.683,1.685,1.685,1.677,2026-07-18 10:25:59 UTC,2026-07-18 10:26:22 UTC,22.76,0.3366,0.0045,0.0,0.0004,0.04,8.91,MIN_PROFIT_TP_HIT,0.2488
2248,TRUMP_USDT,SHORT,StochasticRSI(FAST_SCALP-SHORT),2,0.2,1.683,1.681,1.681,1.689,2026-07-18 10:35:59 UTC,2026-07-18 10:36:03 UTC,3.27,0.3366,0.0045,0.0,0.0004,0.04,8.91,MIN_PROFIT_TP_HIT,0.2492
2249,TRUMP_USDT,SHORT,StochasticRSI(FAST_SCALP-SHORT),2,0.2,1.69,1.696,1.688,1.696,2026-07-18 10:42:59 UTC,2026-07-18 10:43:38 UTC,38.3,0.338,0.0045,0.0,-0.0012,-0.11,-26.63,STOP_LOSS_HIT,0.248
2250,TRUMP_USDT,SHORT,StochasticRSI(FAST_SCALP-SHORT),2,0.2,1.696,1.694,1.694,1.702,2026-07-18 10:46:59 UTC,2026-07-18 10:47:31 UTC,31.1,0.3392,0.0045,0.0,0.0004,0.04,8.84,MIN_PROFIT_TP_HIT,0.2484
2251,TRUMP_USDT,LONG,StochasticRSI(FAST_SCALP-LONG),2,0.2,1.688,1.682,1.69,1.682,2026-07-18 10:52:59 UTC,2026-07-18 10:53:28 UTC,28.95,0.3376,0.0045,0.0,-0.0012,-0.11,-26.66,STOP_LOSS_HIT,0.2472
2252,TRUMP_USDT,LONG,StochasticRSI(FAST_SCALP-LONG),2,0.2,1.682,1.684,1.684,1.676,2026-07-18 10:55:59 UTC,2026-07-18 10:56:00 UTC,0.93,0.3364,0.0045,0.0,0.0004,0.04,8.92,MIN_PROFIT_TP_HIT,0.2476
2253,TRUMP_USDT,SHORT,StochasticRSI(FAST_SCALP-SHORT),2,0.2,1.688,1.694,1.686,1.694,2026-07-18 11:05:59 UTC,2026-07-18 11:06:40 UTC,40.25,0.3376,0.0045,0.0,-0.0012,-0.11,-26.66,STOP_LOSS_HIT,0.2464
2254,TRUMP_USDT,LONG,StochasticRSI(FAST_SCALP-LONG),2,0.2,1.689,1.683,1.691,1.683,2026-07-18 11:13:59 UTC,2026-07-18 11:15:05 UTC,65.48,0.3378,0.0045,0.0,-0.0012,-0.11,-26.64,STOP_LOSS_HIT,0.2452
2255,TRUMP_USDT,LONG,StochasticRSI(FAST_SCALP-LONG),2,0.2,1.682,1.684,1.684,1.676,2026-07-18 11:21:59 UTC,2026-07-18 11:23:10 UTC,70.97,0.3364,0.0045,0.0,0.0004,0.04,8.92,MIN_PROFIT_TP_HIT,0.2456
2256,TRUMP_USDT,SHORT,StochasticRSI(FAST_SCALP-SHORT),2,0.2,1.696,1.694,1.694,1.702,2026-07-18 11:33:59 UTC,2026-07-18 11:34:01 UTC,1.62,0.3392,0.0045,0.0,0.0004,0.04,8.84,MIN_PROFIT_TP_HIT,0.246
2257,TRUMP_USDT,LONG,StochasticRSI(FAST_SCALP-LONG),2,0.2,1.692,1.686,1.694,1.686,2026-07-18 11:38:59 UTC,2026-07-18 11:41:35 UTC,155.7,0.3384,0.0045,0.0,-0.0012,-0.11,-26.6,STOP_LOSS_HIT,0.2448
2258,TRUMP_USDT,LONG,StochasticRSI(FAST_SCALP-LONG),2,0.2,1.687,1.689,1.689,1.681,2026-07-18 11:43:59 UTC,2026-07-18 11:44:39 UTC,39.12,0.3374,0.0045,0.0,0.0004,0.04,8.89,MIN_PROFIT_TP_HIT,0.2452
2259,TRUMP_USDT,LONG,StochasticRSI(FAST_SCALP-LONG),2,0.2,1.698,1.7,1.7,1.692,2026-07-18 11:46:59 UTC,2026-07-18 11:47:00 UTC,0.63,0.3396,0.0045,0.0,0.0004,0.04,8.83,MIN_PROFIT_TP_HIT,0.2456
2260,TRUMP_USDT,SHORT,StochasticRSI(FAST_SCALP-SHORT),2,0.2,1.693,1.691,1.691,1.699,2026-07-18 11:50:59 UTC,2026-07-18 11:51:01 UTC,1.89,0.3386,0.0045,0.0,0.0004,0.04,8.86,MIN_PROFIT_TP_HIT,0.246
2261,TRUMP_USDT,LONG,StochasticRSI(FAST_SCALP-LONG),2,0.2,1.696,1.69,1.698,1.69,2026-07-18 12:01:59 UTC,2026-07-18 12:03:39 UTC,99.04,0.3392,0.0045,0.0,-0.0012,-0.11,-26.53,STOP_LOSS_HIT,0.2448
2262,TRUMP_USDT,SHORT,StochasticRSI(FAST_SCALP-SHORT),2,0.2,1.686,1.684,1.684,1.692,2026-07-18 12:08:59 UTC,2026-07-18 12:09:20 UTC,20.52,0.3372,0.0045,0.0,0.0004,0.04,8.9,MIN_PROFIT_TP_HIT,0.2452
2263,TRUMP_USDT,LONG,StochasticRSI(FAST_SCALP-LONG),2,0.2,1.697,1.699,1.699,1.691,2026-07-18 12:12:59 UTC,2026-07-18 12:15:06 UTC,126.15,0.3394,0.0045,0.0,0.0004,0.04,8.84,MIN_PROFIT_TP_HIT,0.2456
2264,TRUMP_USDT,SHORT,StochasticRSI(FAST_SCALP-SHORT),2,0.2,1.694,1.692,1.692,1.7,2026-07-18 12:18:59 UTC,2026-07-18 12:20:02 UTC,62.19,0.3388,0.0045,0.0,0.0004,0.04,8.85,MIN_PROFIT_TP_HIT,0.246
2265,TRUMP_USDT,LONG,StochasticRSI(FAST_SCALP-LONG),2,0.2,1.684,1.678,1.686,1.678,2026-07-18 12:25:59 UTC,2026-07-18 12:26:54 UTC,54.91,0.3368,0.0045,0.0,-0.0012,-0.11,-26.72,STOP_LOSS_HIT,0.2448
2266,TRUMP_USDT,LONG,StochasticRSI(FAST_SCALP-LONG),2,0.2,1.683,1.677,1.685,1.677,2026-07-18 12:31:59 UTC,2026-07-18 12:32:42 UTC,42.19,0.3366,0.0045,0.0,-0.0012,-0.11,-26.74,STOP_LOSS_HIT,0.2436
2267,TRUMP_USDT,SHORT,StochasticRSI(FAST_SCALP-SHORT),2,0.2,1.687,1.685,1.685,1.693,2026-07-18 12:38:59 UTC,2026-07-18 12:39:41 UTC,41.23,0.3374,0.0045,0.0,0.0004,0.04,8.89,MIN_PROFIT_TP_HIT,0.244
2268,TRUMP_USDT,LONG,StochasticRSI(FAST_SCALP-LONG),2,0.2,1.682,1.684,1.684,1.676,2026-07-18 12:51:59 UTC,2026-07-18 12:52:30 UTC,30.89,0.3364,0.0045,0.0,0.0004,0.04,8.92,MIN_PROFIT_TP_HIT,0.2444
2269,TRUMP_USDT,LONG,StochasticRSI(FAST_SCALP-LONG),2,0.2,1.68,1.682,1.682,1.674,2026-07-18 13:02:59 UTC,2026-07-18 13:03:10 UTC,10.57,0.336,0.0045,0.0,0.0004,0.04,8.93,MIN_PROFIT_TP_HIT,0.2448
2270,TRUMP_USDT,SHORT,StochasticRSI(FAST_SCALP-SHORT),2,0.2,1.682,1.68,1.68,1.688,2026-07-18 13:07:59 UTC,2026-07-18 13:13:18 UTC,318.06,0.3364,0.0045,0.0,0.0004,0.04,8.92,MIN_PROFIT_TP_HIT,0.2452
2271,TRUMP_USDT,LONG,StochasticRSI(FAST_SCALP-LONG),2,0.2,1.672,1.674,1.674,1.666,2026-07-18 13:17:59 UTC,2026-07-18 13:19:03 UTC,63.56,0.3344,0.0045,0.0,0.0004,0.04,8.97,MIN_PROFIT_TP_HIT,0.2456
2272,TRUMP_USDT,LONG,StochasticRSI(FAST_SCALP-LONG),2,0.2,1.664,1.666,1.666,1.658,2026-07-18 13:22:59 UTC,2026-07-18 13:23:07 UTC,7.03,0.3328,0.0044,0.0,0.0004,0.04,9.01,MIN_PROFIT_TP_HIT,0.246
2273,TRUMP_USDT,LONG,StochasticRSI(FAST_SCALP-LONG),2,0.2,1.654,1.656,1.656,1.648,2026-07-18 13:30:59 UTC,2026-07-18 13:31:44 UTC,44.38,0.3308,0.0044,0.0,0.0004,0.04,9.07,MIN_PROFIT_TP_HIT,0.2464
2274,TRUMP_USDT,SHORT,StochasticRSI(FAST_SCALP-SHORT),2,0.2,1.646,1.644,1.644,1.652,2026-07-18 13:36:59 UTC,2026-07-18 13:37:11 UTC,11.28,0.3292,0.0044,0.0,0.0004,0.04,9.11,MIN_PROFIT_TP_HIT,0.2468
2275,TRUMP_USDT,SHORT,StochasticRSI(FAST_SCALP-SHORT),2,0.2,1.643,1.649,1.641,1.649,2026-07-18 13:45:59 UTC,2026-07-18 13:47:14 UTC,74.63,0.3286,0.0044,0.0,-0.0012,-0.11,-27.39,STOP_LOSS_HIT,0.2456
2276,TRUMP_USDT,SHORT,StochasticRSI(FAST_SCALP-SHORT),2,0.2,1.648,1.646,1.646,1.654,2026-07-18 13:49:59 UTC,2026-07-18 13:50:29 UTC,29.35,0.3296,0.0044,0.0,0.0004,0.04,9.1,MIN_PROFIT_TP_HIT,0.246
2277,TRUMP_USDT,SHORT,StochasticRSI(FAST_SCALP-SHORT),2,0.2,1.652,1.65,1.65,1.658,2026-07-18 14:01:59 UTC,2026-07-18 14:02:08 UTC,8.18,0.3304,0.0044,0.0,0.0004,0.04,9.08,MIN_PROFIT_TP_HIT,0.2464
2278,TRUMP_USDT,LONG,StochasticRSI(FAST_SCALP-LONG),2,0.2,1.647,1.649,1.649,1.641,2026-07-18 14:08:59 UTC,2026-07-18 14:09:15 UTC,15.26,0.3294,0.0044,0.0,0.0004,0.04,9.11,MIN_PROFIT_TP_HIT,0.2468
2279,TRUMP_USDT,SHORT,StochasticRSI(FAST_SCALP-SHORT),2,0.2,1.654,1.652,1.652,1.66,2026-07-18 14:15:59 UTC,2026-07-18 14:16:20 UTC,20.95,0.3308,0.0044,0.0,0.0004,0.04,9.07,MIN_PROFIT_TP_HIT,0.2472
2280,TRUMP_USDT,SHORT,StochasticRSI(FAST_SCALP-SHORT),2,0.2,1.653,1.651,1.651,1.659,2026-07-18 14:20:59 UTC,2026-07-18 14:23:01 UTC,121.28,0.3306,0.0044,0.0,0.0004,0.04,9.07,MIN_PROFIT_TP_HIT,0.2476
2281,TRUMP_USDT,LONG,StochasticRSI(FAST_SCALP-LONG),2,0.2,1.646,1.64,1.648,1.64,2026-07-18 14:29:59 UTC,2026-07-18 14:33:29 UTC,209.91,0.3292,0.0044,0.0,-0.0012,-0.11,-27.34,STOP_LOSS_HIT,0.2464
2282,TRUMP_USDT,SHORT,StochasticRSI(FAST_SCALP-SHORT),2,0.2,1.639,1.645,1.637,1.645,2026-07-18 14:43:59 UTC,2026-07-18 14:50:22 UTC,382.84,0.3278,0.0044,0.0,-0.0012,-0.11,-27.46,STOP_LOSS_HIT,0.2452
2283,TRUMP_USDT,SHORT,StochasticRSI(FAST_SCALP-SHORT),2,0.2,1.647,1.645,1.645,1.653,2026-07-18 14:53:59 UTC,2026-07-18 14:54:47 UTC,47.2,0.3294,0.0044,0.0,0.0004,0.04,9.11,MIN_PROFIT_TP_HIT,0.2456
2284,TRUMP_USDT,LONG,StochasticRSI(FAST_SCALP-LONG),2,0.2,1.646,1.64,1.648,1.64,2026-07-18 15:01:59 UTC,2026-07-18 15:10:33 UTC,513.29,0.3292,0.0044,0.0,-0.0012,-0.11,-27.34,STOP_LOSS_HIT,0.2444
2285,TRUMP_USDT,LONG,StochasticRSI(FAST_SCALP-LONG),2,0.2,1.643,1.645,1.645,1.637,2026-07-18 15:13:59 UTC,2026-07-18 15:15:03 UTC,63.16,0.3286,0.0044,0.0,0.0004,0.04,9.13,MIN_PROFIT_TP_HIT,0.2448
2286,TRUMP_USDT,SHORT,StochasticRSI(FAST_SCALP-SHORT),2,0.2,1.651,1.657,1.649,1.657,2026-07-18 15:20:59 UTC,2026-07-18 15:21:14 UTC,14.24,0.3302,0.0044,0.0,-0.0012,-0.11,-27.26,STOP_LOSS_HIT,0.2436
2287,TRUMP_USDT,LONG,StochasticRSI(FAST_SCALP-LONG),2,0.2,1.661,1.655,1.663,1.655,2026-07-18 15:38:59 UTC,2026-07-18 15:44:21 UTC,321.57,0.3322,0.0044,0.0,-0.0012,-0.11,-27.09,STOP_LOSS_HIT,0.2424
2288,TRUMP_USDT,LONG,StochasticRSI(FAST_SCALP-LONG),2,0.2,1.659,1.653,1.661,1.653,2026-07-18 15:47:59 UTC,2026-07-18 15:52:10 UTC,250.2,0.3318,0.0044,0.0,-0.0012,-0.11,-27.12,STOP_LOSS_HIT,0.2412
2289,TRUMP_USDT,LONG,StochasticRSI(FAST_SCALP-LONG),2,0.2,1.648,1.642,1.65,1.642,2026-07-18 16:01:59 UTC,2026-07-18 16:03:22 UTC,82.99,0.3296,0.0044,0.0,-0.0012,-0.11,-27.31,STOP_LOSS_HIT,0.24
2290,TRUMP_USDT,LONG,StochasticRSI(FAST_SCALP-LONG),2,0.2,1.646,1.64,1.648,1.64,2026-07-18 16:07:59 UTC,2026-07-18 16:11:05 UTC,185.51,0.3292,0.0044,0.0,-0.0012,-0.11,-27.34,STOP_LOSS_HIT,0.2388
2291,TRUMP_USDT,LONG,StochasticRSI(FAST_SCALP-LONG),2,0.2,1.637,1.639,1.639,1.631,2026-07-18 16:18:59 UTC,2026-07-18 16:19:08 UTC,8.79,0.3274,0.0044,0.0,0.0004,0.04,9.16,MIN_PROFIT_TP_HIT,0.2392
2292,TRUMP_USDT,SHORT,StochasticRSI(FAST_SCALP-SHORT),2,0.2,1.633,1.631,1.631,1.639,2026-07-18 16:37:59 UTC,2026-07-18 16:38:59 UTC,59.24,0.3266,0.0044,0.0,0.0004,0.04,9.19,MIN_PROFIT_TP_HIT,0.2396
2293,TRUMP_USDT,LONG,StochasticRSI(FAST_SCALP-LONG),2,0.2,1.631,1.633,1.633,1.625,2026-07-18 16:46:59 UTC,2026-07-18 16:48:11 UTC,71.43,0.3262,0.0043,0.0,0.0004,0.04,9.2,MIN_PROFIT_TP_HIT,0.24
2294,TRUMP_USDT,SHORT,StochasticRSI(FAST_SCALP-SHORT),2,0.2,1.63,1.628,1.628,1.636,2026-07-18 16:50:59 UTC,2026-07-18 16:52:27 UTC,87.09,0.326,0.0043,0.0,0.0004,0.04,9.2,MIN_PROFIT_TP_HIT,0.2404
2295,TRUMP_USDT,LONG,StochasticRSI(FAST_SCALP-LONG),2,0.2,1.625,1.619,1.627,1.619,2026-07-18 17:01:59 UTC,2026-07-18 17:03:43 UTC,103.1,0.325,0.0043,0.0,-0.0012,-0.11,-27.69,STOP_LOSS_HIT,0.2392
2296,TRUMP_USDT,SHORT,StochasticRSI(FAST_SCALP-SHORT),2,0.2,1.623,1.621,1.621,1.629,2026-07-18 17:09:59 UTC,2026-07-18 17:11:08 UTC,68.48,0.3246,0.0043,0.0,0.0004,0.04,9.24,MIN_PROFIT_TP_HIT,0.2396
2297,TRUMP_USDT,SHORT,StochasticRSI(FAST_SCALP-SHORT),2,0.2,1.624,1.622,1.622,1.63,2026-07-18 17:20:59 UTC,2026-07-18 17:22:46 UTC,106.34,0.3248,0.0043,0.0,0.0004,0.04,9.24,MIN_PROFIT_TP_HIT,0.24
2298,TRUMP_USDT,LONG,StochasticRSI(FAST_SCALP-LONG),2,0.2,1.628,1.63,1.63,1.622,2026-07-18 17:29:59 UTC,2026-07-18 17:31:41 UTC,101.22,0.3256,0.0043,0.0,0.0004,0.04,9.21,MIN_PROFIT_TP_HIT,0.2404
2299,TRUMP_USDT,SHORT,StochasticRSI(FAST_SCALP-SHORT),2,0.2,1.628,1.626,1.626,1.634,2026-07-18 17:35:59 UTC,2026-07-18 17:37:23 UTC,83.54,0.3256,0.0043,0.0,0.0004,0.04,9.21,MIN_PROFIT_TP_HIT,0.2408
2300,TRUMP_USDT,LONG,StochasticRSI(FAST_SCALP-LONG),2,0.2,1.628,1.63,1.63,1.622,2026-07-18 17:40:59 UTC,2026-07-18 17:41:21 UTC,21.67,0.3256,0.0043,0.0,0.0004,0.04,9.21,MIN_PROFIT_TP_HIT,0.2412
2301,TRUMP_USDT,LONG,StochasticRSI(FAST_SCALP-LONG),2,0.2,1.626,1.62,1.628,1.62,2026-07-18 17:50:59 UTC,2026-07-18 17:55:59 UTC,299.78,0.3252,0.0043,0.0,-0.0012,-0.11,-27.68,STOP_LOSS_HIT,0.24
2302,TRUMP_USDT,LONG,StochasticRSI(FAST_SCALP-LONG),2,0.2,1.622,1.624,1.624,1.616,2026-07-18 17:57:59 UTC,2026-07-18 17:58:36 UTC,36.72,0.3244,0.0043,0.0,0.0004,0.04,9.25,MIN_PROFIT_TP_HIT,0.2404
2303,TRUMP_USDT,SHORT,StochasticRSI(FAST_SCALP-SHORT),2,0.2,1.623,1.621,1.621,1.629,2026-07-18 18:02:59 UTC,2026-07-18 18:15:16 UTC,736.14,0.3246,0.0043,0.0,0.0004,0.04,9.24,MIN_PROFIT_TP_HIT,0.2408
2304,TRUMP_USDT,SHORT,StochasticRSI(FAST_SCALP-SHORT),2,0.2,1.622,1.628,1.62,1.628,2026-07-18 18:22:59 UTC,2026-07-18 18:24:57 UTC,117.2,0.3244,0.0043,0.0,-0.0012,-0.11,-27.74,STOP_LOSS_HIT,0.2396
2305,TRUMP_USDT,LONG,StochasticRSI(FAST_SCALP-LONG),2,0.2,1.622,1.624,1.624,1.616,2026-07-18 18:35:59 UTC,2026-07-18 18:55:55 UTC,1195.64,0.3244,0.0043,0.0,0.0004,0.04,9.25,MIN_PROFIT_TP_HIT,0.24
2306,TRUMP_USDT,SHORT,StochasticRSI(FAST_SCALP-SHORT),2,0.2,1.625,1.623,1.623,1.631,2026-07-18 18:59:59 UTC,2026-07-18 19:00:20 UTC,20.46,0.325,0.0043,0.0,0.0004,0.04,9.23,MIN_PROFIT_TP_HIT,0.2404
2307,TRUMP_USDT,SHORT,StochasticRSI(FAST_SCALP-SHORT),2,0.2,1.625,1.623,1.623,1.631,2026-07-18 19:01:59 UTC,2026-07-18 19:04:39 UTC,159.31,0.325,0.0043,0.0,0.0004,0.04,9.23,MIN_PROFIT_TP_HIT,0.2408
2308,TRUMP_USDT,LONG,StochasticRSI(FAST_SCALP-LONG),2,0.2,1.62,1.622,1.622,1.614,2026-07-18 19:10:59 UTC,2026-07-18 19:18:29 UTC,449.98,0.324,0.0043,0.0,0.0004,0.04,9.26,MIN_PROFIT_TP_HIT,0.2412
2309,TRUMP_USDT,SHORT,StochasticRSI(FAST_SCALP-SHORT),2,0.2,1.624,1.622,1.622,1.63,2026-07-18 19:19:59 UTC,2026-07-18 19:21:22 UTC,82.36,0.3248,0.0043,0.0,0.0004,0.04,9.24,MIN_PROFIT_TP_HIT,0.2416
2310,TRUMP_USDT,SHORT,StochasticRSI(FAST_SCALP-SHORT),2,0.2,1.622,1.628,1.62,1.628,2026-07-18 19:22:59 UTC,2026-07-18 19:24:38 UTC,98.22,0.3244,0.0043,0.0,-0.0012,-0.11,-27.74,STOP_LOSS_HIT,0.2404
2311,TRUMP_USDT,SHORT,StochasticRSI(FAST_SCALP-SHORT),2,0.2,1.621,1.619,1.619,1.627,2026-07-18 19:27:59 UTC,2026-07-18 19:38:56 UTC,656.4,0.3242,0.0043,0.0,0.0004,0.04,9.25,MIN_PROFIT_TP_HIT,0.2408
2312,TRUMP_USDT,LONG,StochasticRSI(FAST_SCALP-LONG),2,0.2,1.621,1.623,1.623,1.615,2026-07-18 19:42:59 UTC,2026-07-18 19:48:15 UTC,315.93,0.3242,0.0043,0.0,0.0004,0.04,9.25,MIN_PROFIT_TP_HIT,0.2412
2313,TRUMP_USDT,SHORT,StochasticRSI(FAST_SCALP-SHORT),2,0.2,1.621,1.619,1.619,1.627,2026-07-18 19:50:59 UTC,2026-07-18 19:51:45 UTC,45.75,0.3242,0.0043,0.0,0.0004,0.04,9.25,MIN_PROFIT_TP_HIT,0.2416
2314,TRUMP_USDT,LONG,StochasticRSI(FAST_SCALP-LONG),2,0.2,1.619,1.621,1.621,1.613,2026-07-18 19:58:59 UTC,2026-07-18 20:00:04 UTC,64.73,0.3238,0.0043,0.0,0.0004,0.04,9.26,MIN_PROFIT_TP_HIT,0.242
2315,TRUMP_USDT,SHORT,StochasticRSI(FAST_SCALP-SHORT),2,0.2,1.622,1.62,1.62,1.628,2026-07-18 20:05:59 UTC,2026-07-18 20:06:11 UTC,11.83,0.3244,0.0043,0.0,0.0004,0.04,9.25,MIN_PROFIT_TP_HIT,0.2424
2316,TRUMP_USDT,LONG,StochasticRSI(FAST_SCALP-LONG),2,0.2,1.618,1.62,1.62,1.612,2026-07-18 20:14:59 UTC,2026-07-18 20:18:33 UTC,213.22,0.3236,0.0043,0.0,0.0004,0.04,9.27,MIN_PROFIT_TP_HIT,0.2428
2317,TRUMP_USDT,SHORT,StochasticRSI(FAST_SCALP-SHORT),2,0.2,1.62,1.618,1.618,1.626,2026-07-18 20:22:59 UTC,2026-07-18 20:23:54 UTC,54.9,0.324,0.0043,0.0,0.0004,0.04,9.26,MIN_PROFIT_TP_HIT,0.2432
2318,TRUMP_USDT,LONG,StochasticRSI(FAST_SCALP-LONG),2,0.2,1.614,1.608,1.616,1.608,2026-07-18 20:32:59 UTC,2026-07-18 20:39:17 UTC,377.16,0.3228,0.0043,0.0,-0.0012,-0.11,-27.88,STOP_LOSS_HIT,0.242
2319,TRUMP_USDT,SHORT,StochasticRSI(FAST_SCALP-SHORT),2,0.2,1.614,1.612,1.612,1.62,2026-07-18 20:49:59 UTC,2026-07-18 20:55:44 UTC,344.38,0.3228,0.0043,0.0,0.0004,0.04,9.29,MIN_PROFIT_TP_HIT,0.2424
2320,TRUMP_USDT,SHORT,StochasticRSI(FAST_SCALP-SHORT),2,0.2,1.612,1.618,1.61,1.618,2026-07-18 20:56:59 UTC,2026-07-18 21:13:00 UTC,960.19,0.3224,0.0043,0.0,-0.0012,-0.11,-27.92,STOP_LOSS_HIT,0.2412
2321,TRUMP_USDT,SHORT,StochasticRSI(FAST_SCALP-SHORT),2,0.2,1.623,1.621,1.621,1.629,2026-07-18 21:21:59 UTC,2026-07-18 21:23:18 UTC,78.17,0.3246,0.0043,0.0,0.0004,0.04,9.24,MIN_PROFIT_TP_HIT,0.2416
2322,TRUMP_USDT,LONG,StochasticRSI(FAST_SCALP-LONG),2,0.2,1.623,1.617,1.625,1.617,2026-07-18 21:27:59 UTC,2026-07-18 21:36:23 UTC,503.61,0.3246,0.0043,0.0,-0.0012,-0.11,-27.73,STOP_LOSS_HIT,0.2404
2323,TRUMP_USDT,LONG,StochasticRSI(FAST_SCALP-LONG),2,0.2,1.612,1.614,1.614,1.606,2026-07-18 21:44:59 UTC,2026-07-18 21:48:14 UTC,194.59,0.3224,0.0043,0.0,0.0004,0.04,9.31,MIN_PROFIT_TP_HIT,0.2408
2324,TRUMP_USDT,SHORT,StochasticRSI(FAST_SCALP-SHORT),2,0.2,1.617,1.615,1.615,1.623,2026-07-18 21:51:59 UTC,2026-07-18 21:56:08 UTC,248.26,0.3234,0.0043,0.0,0.0004,0.04,9.28,MIN_PROFIT_TP_HIT,0.2412
2325,TRUMP_USDT,SHORT,StochasticRSI(FAST_SCALP-SHORT),2,0.2,1.618,1.624,1.616,1.624,2026-07-18 22:01:59 UTC,2026-07-18 22:04:13 UTC,133.3,0.3236,0.0043,0.0,-0.0012,-0.11,-27.81,STOP_LOSS_HIT,0.24
2326,TRUMP_USDT,LONG,StochasticRSI(FAST_SCALP-LONG),2,0.2,1.625,1.627,1.627,1.619,2026-07-18 22:12:59 UTC,2026-07-18 22:15:53 UTC,173.05,0.325,0.0043,0.0,0.0004,0.04,9.23,MIN_PROFIT_TP_HIT,0.2404
2327,TRUMP_USDT,SHORT,StochasticRSI(FAST_SCALP-SHORT),2,0.2,1.626,1.624,1.624,1.632,2026-07-18 22:20:59 UTC,2026-07-18 22:21:08 UTC,8.21,0.3252,0.0043,0.0,0.0004,0.04,9.23,MIN_PROFIT_TP_HIT,0.2408
2328,TRUMP_USDT,LONG,StochasticRSI(FAST_SCALP-LONG),2,0.2,1.62,1.622,1.622,1.614,2026-07-18 22:25:59 UTC,2026-07-18 22:28:13 UTC,133.16,0.324,0.0043,0.0,0.0004,0.04,9.26,MIN_PROFIT_TP_HIT,0.2412
2329,TRUMP_USDT,SHORT,StochasticRSI(FAST_SCALP-SHORT),2,0.2,1.621,1.619,1.619,1.627,2026-07-18 22:33:59 UTC,2026-07-18 23:06:28 UTC,1948.01,0.3242,0.0043,0.0,0.0004,0.04,9.25,MIN_PROFIT_TP_HIT,0.2416
2330,TRUMP_USDT,SHORT,StochasticRSI(FAST_SCALP-SHORT),2,0.2,1.62,1.618,1.618,1.626,2026-07-18 23:07:59 UTC,2026-07-18 23:11:11 UTC,191.68,0.324,0.0043,0.0,0.0004,0.04,9.26,MIN_PROFIT_TP_HIT,0.242
2331,TRUMP_USDT,LONG,StochasticRSI(FAST_SCALP-LONG),2,0.2,1.616,1.618,1.618,1.61,2026-07-18 23:15:59 UTC,2026-07-18 23:17:05 UTC,65.62,0.3232,0.0043,0.0,0.0004,0.04,9.28,MIN_PROFIT_TP_HIT,0.2424
2332,TRUMP_USDT,SHORT,StochasticRSI(FAST_SCALP-SHORT),2,0.2,1.621,1.619,1.619,1.627,2026-07-18 23:22:59 UTC,2026-07-18 23:23:54 UTC,54.86,0.3242,0.0043,0.0,0.0004,0.04,9.25,MIN_PROFIT_TP_HIT,0.2428
2333,TRUMP_USDT,SHORT,StochasticRSI(FAST_SCALP-SHORT),2,0.2,1.62,1.618,1.618,1.626,2026-07-18 23:24:59 UTC,2026-07-18 23:27:42 UTC,162.67,0.324,0.0043,0.0,0.0004,0.04,9.26,MIN_PROFIT_TP_HIT,0.2432
2334,TRUMP_USDT,SHORT,StochasticRSI(FAST_SCALP-SHORT),2,0.2,1.626,1.632,1.624,1.632,2026-07-18 23:39:59 UTC,2026-07-18 23:47:36 UTC,456.79,0.3252,0.0043,0.0,-0.0012,-0.11,-27.68,STOP_LOSS_HIT,0.242
2335,TRUMP_USDT,SHORT,StochasticRSI(FAST_SCALP-SHORT),2,0.2,1.626,1.624,1.624,1.632,2026-07-18 23:49:59 UTC,2026-07-18 23:50:23 UTC,23.85,0.3252,0.0043,0.0,0.0004,0.04,9.23,MIN_PROFIT_TP_HIT,0.2424
2336,TRUMP_USDT,LONG,StochasticRSI(FAST_SCALP-LONG),2,0.2,1.621,1.623,1.623,1.615,2026-07-18 23:54:59 UTC,2026-07-18 23:57:17 UTC,137.63,0.3242,0.0043,0.0,0.0004,0.04,9.25,MIN_PROFIT_TP_HIT,0.2428
2337,TRUMP_USDT,SHORT,StochasticRSI(FAST_SCALP-SHORT),2,0.2,1.624,1.622,1.622,1.63,2026-07-19 00:01:59 UTC,2026-07-19 00:02:54 UTC,54.87,0.3248,0.0043,0.0,0.0004,0.04,9.24,MIN_PROFIT_TP_HIT,0.2432
2338,TRUMP_USDT,LONG,StochasticRSI(FAST_SCALP-LONG),2,0.2,1.619,1.621,1.621,1.613,2026-07-19 00:10:59 UTC,2026-07-19 00:21:04 UTC,604.48,0.3238,0.0043,0.0,0.0004,0.04,9.26,MIN_PROFIT_TP_HIT,0.2436
2339,TRUMP_USDT,SHORT,StochasticRSI(FAST_SCALP-SHORT),2,0.2,1.62,1.626,1.618,1.626,2026-07-19 00:23:59 UTC,2026-07-19 00:24:43 UTC,43.65,0.324,0.0043,0.0,-0.0012,-0.11,-27.78,STOP_LOSS_HIT,0.2424
2340,TRUMP_USDT,SHORT,StochasticRSI(FAST_SCALP-SHORT),2,0.2,1.634,1.64,1.632,1.64,2026-07-19 00:28:59 UTC,2026-07-19 00:30:59 UTC,119.42,0.3268,0.0044,0.0,-0.0012,-0.11,-27.54,STOP_LOSS_HIT,0.2412
2341,TRUMP_USDT,LONG,StochasticRSI(FAST_SCALP-LONG),2,0.2,1.638,1.632,1.64,1.632,2026-07-19 00:43:59 UTC,2026-07-19 00:46:16 UTC,136.1,0.3276,0.0044,0.0,-0.0012,-0.11,-27.47,STOP_LOSS_HIT,0.24
2342,TRUMP_USDT,LONG,StochasticRSI(FAST_SCALP-LONG),2,0.2,1.631,1.625,1.633,1.625,2026-07-19 00:49:59 UTC,2026-07-19 00:55:35 UTC,335.08,0.3262,0.0043,0.0,-0.0012,-0.11,-27.59,STOP_LOSS_HIT,0.2388
2343,TRUMP_USDT,LONG,StochasticRSI(FAST_SCALP-LONG),2,0.2,1.626,1.628,1.628,1.62,2026-07-19 01:06:59 UTC,2026-07-19 01:19:54 UTC,774.77,0.3252,0.0043,0.0,0.0004,0.04,9.23,MIN_PROFIT_TP_HIT,0.2392
2344,TRUMP_USDT,SHORT,StochasticRSI(FAST_SCALP-SHORT),2,0.2,1.627,1.633,1.625,1.633,2026-07-19 01:23:59 UTC,2026-07-19 01:28:45 UTC,285.89,0.3254,0.0043,0.0,-0.0012,-0.11,-27.66,STOP_LOSS_HIT,0.238
2345,TRUMP_USDT,SHORT,StochasticRSI(FAST_SCALP-SHORT),2,0.2,1.631,1.637,1.629,1.637,2026-07-19 01:30:59 UTC,2026-07-19 01:41:27 UTC,627.46,0.3262,0.0043,0.0,-0.0012,-0.11,-27.59,STOP_LOSS_HIT,0.2368
2346,TRUMP_USDT,SHORT,StochasticRSI(FAST_SCALP-SHORT),2,0.2,1.664,1.662,1.662,1.67,2026-07-19 01:54:59 UTC,2026-07-19 01:55:40 UTC,40.4,0.3328,0.0044,0.0,0.0004,0.04,9.01,MIN_PROFIT_TP_HIT,0.2372
2347,TRUMP_USDT,LONG,StochasticRSI(FAST_SCALP-LONG),2,0.2,1.676,1.67,1.678,1.67,2026-07-19 02:00:59 UTC,2026-07-19 02:01:04 UTC,4.77,0.3352,0.0045,0.0,-0.0012,-0.11,-26.85,STOP_LOSS_HIT,0.236
2348,TRUMP_USDT,LONG,StochasticRSI(FAST_SCALP-LONG),2,0.2,1.663,1.665,1.665,1.657,2026-07-19 02:07:59 UTC,2026-07-19 02:08:04 UTC,4.45,0.3326,0.0044,0.0,0.0004,0.04,9.02,MIN_PROFIT_TP_HIT,0.2364
2349,TRUMP_USDT,LONG,StochasticRSI(FAST_SCALP-LONG),2,0.2,1.658,1.652,1.66,1.652,2026-07-19 02:13:59 UTC,2026-07-19 02:15:03 UTC,63.96,0.3316,0.0044,0.0,-0.0012,-0.11,-27.14,STOP_LOSS_HIT,0.2352
2350,TRUMP_USDT,LONG,StochasticRSI(FAST_SCALP-LONG),2,0.2,1.653,1.655,1.655,1.647,2026-07-19 02:20:59 UTC,2026-07-19 02:21:01 UTC,1.4,0.3306,0.0044,0.0,0.0004,0.04,9.07,MIN_PROFIT_TP_HIT,0.2356
2351,TRUMP_USDT,SHORT,StochasticRSI(FAST_SCALP-SHORT),2,0.2,1.649,1.647,1.647,1.655,2026-07-19 02:25:59 UTC,2026-07-19 02:26:02 UTC,2.99,0.3298,0.0044,0.0,0.0004,0.04,9.1,MIN_PROFIT_TP_HIT,0.236
2352,TRUMP_USDT,LONG,StochasticRSI(FAST_SCALP-LONG),2,0.2,1.647,1.641,1.649,1.641,2026-07-19 02:40:59 UTC,2026-07-19 02:42:15 UTC,75.91,0.3294,0.0044,0.0,-0.0012,-0.11,-27.32,STOP_LOSS_HIT,0.2348
2353,TRUMP_USDT,LONG,StochasticRSI(FAST_SCALP-LONG),2,0.2,1.643,1.645,1.645,1.637,2026-07-19 02:45:59 UTC,2026-07-19 02:47:21 UTC,81.78,0.3286,0.0044,0.0,0.0004,0.04,9.13,MIN_PROFIT_TP_HIT,0.2352
2354,TRUMP_USDT,SHORT,StochasticRSI(FAST_SCALP-SHORT),2,0.2,1.65,1.648,1.648,1.656,2026-07-19 02:57:59 UTC,2026-07-19 03:05:13 UTC,433.66,0.33,0.0044,0.0,0.0004,0.04,9.09,MIN_PROFIT_TP_HIT,0.2356
2355,TRUMP_USDT,LONG,StochasticRSI(FAST_SCALP-LONG),2,0.2,1.644,1.646,1.646,1.638,2026-07-19 03:09:59 UTC,2026-07-19 03:11:46 UTC,106.25,0.3288,0.0044,0.0,0.0004,0.04,9.12,MIN_PROFIT_TP_HIT,0.236
2356,TRUMP_USDT,SHORT,StochasticRSI(FAST_SCALP-SHORT),2,0.2,1.645,1.643,1.643,1.651,2026-07-19 03:17:59 UTC,2026-07-19 03:20:57 UTC,177.77,0.329,0.0044,0.0,0.0004,0.04,9.12,MIN_PROFIT_TP_HIT,0.2364
2357,TRUMP_USDT,SHORT,StochasticRSI(FAST_SCALP-SHORT),2,0.2,1.646,1.644,1.644,1.652,2026-07-19 03:28:59 UTC,2026-07-19 03:29:13 UTC,13.25,0.3292,0.0044,0.0,0.0004,0.04,9.11,MIN_PROFIT_TP_HIT,0.2368
2358,TRUMP_USDT,SHORT,StochasticRSI(FAST_SCALP-SHORT),2,0.2,1.651,1.649,1.649,1.657,2026-07-19 03:37:59 UTC,2026-07-19 03:38:18 UTC,18.27,0.3302,0.0044,0.0,0.0004,0.04,9.09,MIN_PROFIT_TP_HIT,0.2372
2359,TRUMP_USDT,LONG,StochasticRSI(FAST_SCALP-LONG),2,0.2,1.653,1.655,1.655,1.647,2026-07-19 03:43:59 UTC,2026-07-19 03:46:05 UTC,125.22,0.3306,0.0044,0.0,0.0004,0.04,9.07,MIN_PROFIT_TP_HIT,0.2376
2360,TRUMP_USDT,SHORT,StochasticRSI(FAST_SCALP-SHORT),2,0.2,1.663,1.661,1.661,1.669,2026-07-19 03:53:59 UTC,2026-07-19 03:56:00 UTC,120.72,0.3326,0.0044,0.0,0.0004,0.04,9.02,MIN_PROFIT_TP_HIT,0.238
2361,TRUMP_USDT,LONG,StochasticRSI(FAST_SCALP-LONG),2,0.2,1.659,1.661,1.661,1.653,2026-07-19 04:00:59 UTC,2026-07-19 04:02:37 UTC,97.92,0.3318,0.0044,0.0,0.0004,0.04,9.04,MIN_PROFIT_TP_HIT,0.2384
2362,TRUMP_USDT,LONG,StochasticRSI(FAST_SCALP-LONG),2,0.2,1.657,1.659,1.659,1.651,2026-07-19 04:08:59 UTC,2026-07-19 04:09:28 UTC,28.82,0.3314,0.0044,0.0,0.0004,0.04,9.05,MIN_PROFIT_TP_HIT,0.2388
2363,TRUMP_USDT,SHORT,StochasticRSI(FAST_SCALP-SHORT),2,0.2,1.658,1.656,1.656,1.664,2026-07-19 04:13:59 UTC,2026-07-19 04:15:32 UTC,92.26,0.3316,0.0044,0.0,0.0004,0.04,9.05,MIN_PROFIT_TP_HIT,0.2392
2364,TRUMP_USDT,SHORT,StochasticRSI(FAST_SCALP-SHORT),2,0.2,1.66,1.658,1.658,1.666,2026-07-19 04:21:59 UTC,2026-07-19 04:28:00 UTC,360.55,0.332,0.0044,0.0,0.0004,0.04,9.04,MIN_PROFIT_TP_HIT,0.2396
2365,TRUMP_USDT,LONG,StochasticRSI(FAST_SCALP-LONG),2,0.2,1.661,1.663,1.663,1.655,2026-07-19 04:31:59 UTC,2026-07-19 04:35:58 UTC,238.4,0.3322,0.0044,0.0,0.0004,0.04,9.03,MIN_PROFIT_TP_HIT,0.24
2366,TRUMP_USDT,SHORT,StochasticRSI(FAST_SCALP-SHORT),2,0.2,1.656,1.654,1.654,1.662,2026-07-19 04:38:59 UTC,2026-07-19 04:44:30 UTC,330.46,0.3312,0.0044,0.0,0.0004,0.04,9.06,MIN_PROFIT_TP_HIT,0.2404
2367,TRUMP_USDT,LONG,StochasticRSI(FAST_SCALP-LONG),2,0.2,1.654,1.656,1.656,1.648,2026-07-19 04:46:59 UTC,2026-07-19 04:54:19 UTC,439.89,0.3308,0.0044,0.0,0.0004,0.04,9.07,MIN_PROFIT_TP_HIT,0.2408
2368,TRUMP_USDT,SHORT,StochasticRSI(FAST_SCALP-SHORT),2,0.2,1.653,1.659,1.651,1.659,2026-07-19 04:58:59 UTC,2026-07-19 05:03:00 UTC,240.73,0.3306,0.0044,0.0,-0.0012,-0.11,-27.22,STOP_LOSS_HIT,0.2396
2369,TRUMP_USDT,SHORT,StochasticRSI(FAST_SCALP-SHORT),2,0.2,1.657,1.655,1.655,1.663,2026-07-19 05:07:59 UTC,2026-07-19 05:08:37 UTC,37.08,0.3314,0.0044,0.0,0.0004,0.04,9.05,MIN_PROFIT_TP_HIT,0.24
2370,TRUMP_USDT,LONG,StochasticRSI(FAST_SCALP-LONG),2,0.2,1.655,1.649,1.657,1.649,2026-07-19 05:12:59 UTC,2026-07-19 05:22:25 UTC,565.18,0.331,0.0044,0.0,-0.0012,-0.11,-27.19,STOP_LOSS_HIT,0.2388
2371,TRUMP_USDT,LONG,StochasticRSI(FAST_SCALP-LONG),2,0.2,1.651,1.645,1.653,1.645,2026-07-19 05:24:59 UTC,2026-07-19 05:27:49 UTC,169.24,0.3302,0.0044,0.0,-0.0012,-0.11,-27.26,STOP_LOSS_HIT,0.2376
2372,TRUMP_USDT,LONG,StochasticRSI(FAST_SCALP-LONG),2,0.2,1.644,1.638,1.646,1.638,2026-07-19 05:36:59 UTC,2026-07-19 05:38:53 UTC,113.96,0.3288,0.0044,0.0,-0.0012,-0.11,-27.37,STOP_LOSS_HIT,0.2364
2373,TRUMP_USDT,LONG,StochasticRSI(FAST_SCALP-LONG),2,0.2,1.633,1.635,1.635,1.627,2026-07-19 05:41:59 UTC,2026-07-19 05:47:39 UTC,339.54,0.3266,0.0044,0.0,0.0004,0.04,9.19,MIN_PROFIT_TP_HIT,0.2368
2374,TRUMP_USDT,SHORT,StochasticRSI(FAST_SCALP-SHORT),2,0.2,1.636,1.634,1.634,1.642,2026-07-19 05:50:59 UTC,2026-07-19 05:52:43 UTC,103.55,0.3272,0.0044,0.0,0.0004,0.04,9.17,MIN_PROFIT_TP_HIT,0.2372
2375,TRUMP_USDT,SHORT,StochasticRSI(FAST_SCALP-SHORT),2,0.2,1.633,1.631,1.631,1.639,2026-07-19 05:54:59 UTC,2026-07-19 06:02:06 UTC,426.06,0.3266,0.0044,0.0,0.0004,0.04,9.19,MIN_PROFIT_TP_HIT,0.2376
2376,TRUMP_USDT,SHORT,StochasticRSI(FAST_SCALP-SHORT),2,0.2,1.635,1.633,1.633,1.641,2026-07-19 06:08:59 UTC,2026-07-19 06:12:34 UTC,214.15,0.327,0.0044,0.0,0.0004,0.04,9.17,MIN_PROFIT_TP_HIT,0.238
2377,TRUMP_USDT,SHORT,StochasticRSI(FAST_SCALP-SHORT),2,0.2,1.639,1.637,1.637,1.645,2026-07-19 06:15:59 UTC,2026-07-19 06:19:24 UTC,204.25,0.3278,0.0044,0.0,0.0004,0.04,9.15,MIN_PROFIT_TP_HIT,0.2384
2378,TRUMP_USDT,SHORT,StochasticRSI(FAST_SCALP-SHORT),2,0.2,1.642,1.64,1.64,1.648,2026-07-19 06:20:59 UTC,2026-07-19 06:23:24 UTC,144.3,0.3284,0.0044,0.0,0.0004,0.04,9.14,MIN_PROFIT_TP_HIT,0.2388
2379,TRUMP_USDT,LONG,StochasticRSI(FAST_SCALP-LONG),2,0.2,1.639,1.633,1.641,1.633,2026-07-19 06:29:59 UTC,2026-07-19 06:34:10 UTC,250.4,0.3278,0.0044,0.0,-0.0012,-0.11,-27.46,STOP_LOSS_HIT,0.2376
2380,TRUMP_USDT,LONG,StochasticRSI(FAST_SCALP-LONG),2,0.2,1.631,1.633,1.633,1.625,2026-07-19 06:36:59 UTC,2026-07-19 06:38:34 UTC,94.76,0.3262,0.0043,0.0,0.0004,0.04,9.2,MIN_PROFIT_TP_HIT,0.238
2381,TRUMP_USDT,SHORT,StochasticRSI(FAST_SCALP-SHORT),2,0.2,1.639,1.637,1.637,1.645,2026-07-19 06:49:59 UTC,2026-07-19 06:53:41 UTC,221.01,0.3278,0.0044,0.0,0.0004,0.04,9.15,MIN_PROFIT_TP_HIT,0.2384
2382,TRUMP_USDT,LONG,StochasticRSI(FAST_SCALP-LONG),2,0.2,1.638,1.64,1.64,1.632,2026-07-19 07:01:59 UTC,2026-07-19 07:05:36 UTC,216.89,0.3276,0.0044,0.0,0.0004,0.04,9.16,MIN_PROFIT_TP_HIT,0.2388
2383,TRUMP_USDT,SHORT,StochasticRSI(FAST_SCALP-SHORT),2,0.2,1.638,1.636,1.636,1.644,2026-07-19 07:08:59 UTC,2026-07-19 07:11:03 UTC,123.5,0.3276,0.0044,0.0,0.0004,0.04,9.16,MIN_PROFIT_TP_HIT,0.2392
2384,TRUMP_USDT,LONG,StochasticRSI(FAST_SCALP-LONG),2,0.2,1.639,1.641,1.641,1.633,2026-07-19 07:14:59 UTC,2026-07-19 07:31:49 UTC,1009.28,0.3278,0.0044,0.0,0.0004,0.04,9.15,MIN_PROFIT_TP_HIT,0.2396
2385,TRUMP_USDT,SHORT,StochasticRSI(FAST_SCALP-SHORT),2,0.2,1.638,1.636,1.636,1.644,2026-07-19 07:35:59 UTC,2026-07-19 07:46:28 UTC,628.15,0.3276,0.0044,0.0,0.0004,0.04,9.16,MIN_PROFIT_TP_HIT,0.24
2386,TRUMP_USDT,LONG,StochasticRSI(FAST_SCALP-LONG),2,0.2,1.637,1.631,1.639,1.631,2026-07-19 07:51:59 UTC,2026-07-19 07:57:59 UTC,359.1,0.3274,0.0044,0.0,-0.0012,-0.11,-27.49,STOP_LOSS_HIT,0.2388
2387,TRUMP_USDT,LONG,StochasticRSI(FAST_SCALP-LONG),2,0.2,1.635,1.637,1.637,1.629,2026-07-19 08:00:59 UTC,2026-07-19 08:02:04 UTC,64.09,0.327,0.0044,0.0,0.0004,0.04,9.17,MIN_PROFIT_TP_HIT,0.2392
2388,TRUMP_USDT,SHORT,StochasticRSI(FAST_SCALP-SHORT),2,0.2,1.636,1.634,1.634,1.642,2026-07-19 08:04:59 UTC,2026-07-19 08:08:17 UTC,197.22,0.3272,0.0044,0.0,0.0004,0.04,9.17,MIN_PROFIT_TP_HIT,0.2396
2389,TRUMP_USDT,SHORT,StochasticRSI(FAST_SCALP-SHORT),2,0.2,1.633,1.631,1.631,1.639,2026-07-19 08:09:59 UTC,2026-07-19 08:24:08 UTC,848.06,0.3266,0.0044,0.0,0.0004,0.04,9.19,MIN_PROFIT_TP_HIT,0.24
2390,TRUMP_USDT,LONG,StochasticRSI(FAST_SCALP-LONG),2,0.2,1.63,1.632,1.632,1.624,2026-07-19 08:26:59 UTC,2026-07-19 08:39:04 UTC,724.82,0.326,0.0043,0.0,0.0004,0.04,9.2,MIN_PROFIT_TP_HIT,0.2404
2391,TRUMP_USDT,SHORT,StochasticRSI(FAST_SCALP-SHORT),2,0.2,1.632,1.638,1.63,1.638,2026-07-19 08:43:59 UTC,2026-07-19 08:54:30 UTC,630.54,0.3264,0.0044,0.0,-0.0012,-0.11,-27.57,STOP_LOSS_HIT,0.2392
2392,TRUMP_USDT,SHORT,StochasticRSI(FAST_SCALP-SHORT),2,0.2,1.637,1.635,1.635,1.643,2026-07-19 08:56:59 UTC,2026-07-19 08:58:03 UTC,63.87,0.3274,0.0044,0.0,0.0004,0.04,9.16,MIN_PROFIT_TP_HIT,0.2396
2393,TRUMP_USDT,LONG,StochasticRSI(FAST_SCALP-LONG),2,0.2,1.632,1.626,1.634,1.626,2026-07-19 09:01:59 UTC,2026-07-19 09:12:02 UTC,602.66,0.3264,0.0044,0.0,-0.0012,-0.11,-27.57,STOP_LOSS_HIT,0.2384
2394,TRUMP_USDT,LONG,StochasticRSI(FAST_SCALP-LONG),2,0.2,1.624,1.626,1.626,1.618,2026-07-19 09:13:59 UTC,2026-07-19 09:14:00 UTC,0.53,0.3248,0.0043,0.0,0.0004,0.04,9.24,MIN_PROFIT_TP_HIT,0.2388
2395,TRUMP_USDT,LONG,StochasticRSI(FAST_SCALP-LONG),2,0.2,1.622,1.624,1.624,1.616,2026-07-19 09:17:59 UTC,2026-07-19 09:20:35 UTC,155.29,0.3244,0.0043,0.0,0.0004,0.04,9.25,MIN_PROFIT_TP_HIT,0.2392
2396,TRUMP_USDT,SHORT,StochasticRSI(FAST_SCALP-SHORT),2,0.2,1.625,1.623,1.623,1.631,2026-07-19 09:22:59 UTC,2026-07-19 09:43:13 UTC,1213.36,0.325,0.0043,0.0,0.0004,0.04,9.23,MIN_PROFIT_TP_HIT,0.2396
2397,TRUMP_USDT,LONG,StochasticRSI(FAST_SCALP-LONG),2,0.2,1.624,1.626,1.626,1.618,2026-07-19 09:44:59 UTC,2026-07-19 09:52:12 UTC,432.52,0.3248,0.0043,0.0,0.0004,0.04,9.24,MIN_PROFIT_TP_HIT,0.24
2398,TRUMP_USDT,SHORT,StochasticRSI(FAST_SCALP-SHORT),2,0.2,1.625,1.631,1.623,1.631,2026-07-19 10:01:59 UTC,2026-07-19 10:08:27 UTC,387.12,0.325,0.0043,0.0,-0.0012,-0.11,-27.69,STOP_LOSS_HIT,0.2388
2399,TRUMP_USDT,SHORT,StochasticRSI(FAST_SCALP-SHORT),2,0.2,1.627,1.625,1.625,1.633,2026-07-19 10:11:59 UTC,2026-07-19 10:20:37 UTC,517.67,0.3254,0.0043,0.0,0.0004,0.04,9.22,MIN_PROFIT_TP_HIT,0.2392
2400,TRUMP_USDT,LONG,StochasticRSI(FAST_SCALP-LONG),2,0.2,1.626,1.628,1.628,1.62,2026-07-19 10:23:59 UTC,2026-07-19 10:32:03 UTC,483.85,0.3252,0.0043,0.0,0.0004,0.04,9.23,MIN_PROFIT_TP_HIT,0.2396
2401,TRUMP_USDT,SHORT,StochasticRSI(FAST_SCALP-SHORT),2,0.2,1.628,1.634,1.626,1.634,2026-07-19 10:36:59 UTC,2026-07-19 10:40:48 UTC,228.87,0.3256,0.0043,0.0,-0.0012,-0.11,-27.64,STOP_LOSS_HIT,0.2384
2402,TRUMP_USDT,SHORT,StochasticRSI(FAST_SCALP-SHORT),2,0.2,1.636,1.634,1.634,1.642,2026-07-19 10:44:59 UTC,2026-07-19 10:47:03 UTC,123.64,0.3272,0.0044,0.0,0.0004,0.04,9.17,MIN_PROFIT_TP_HIT,0.2388
2403,TRUMP_USDT,SHORT,StochasticRSI(FAST_SCALP-SHORT),2,0.2,1.637,1.643,1.635,1.643,2026-07-19 10:48:59 UTC,2026-07-19 10:57:11 UTC,491.8,0.3274,0.0044,0.0,-0.0012,-0.11,-27.49,STOP_LOSS_HIT,0.2376
2404,TRUMP_USDT,SHORT,StochasticRSI(FAST_SCALP-SHORT),2,0.2,1.641,1.639,1.639,1.647,2026-07-19 10:59:59 UTC,2026-07-19 11:01:35 UTC,95.28,0.3282,0.0044,0.0,0.0004,0.04,9.14,MIN_PROFIT_TP_HIT,0.238
2405,TRUMP_USDT,LONG,StochasticRSI(FAST_SCALP-LONG),2,0.2,1.64,1.642,1.642,1.634,2026-07-19 11:06:59 UTC,2026-07-19 11:35:05 UTC,1685.75,0.328,0.0044,0.0,0.0004,0.04,9.15,MIN_PROFIT_TP_HIT,0.2384
2406,TRUMP_USDT,SHORT,StochasticRSI(FAST_SCALP-SHORT),2,0.2,1.647,1.645,1.645,1.653,2026-07-19 11:39:59 UTC,2026-07-19 11:40:16 UTC,16.17,0.3294,0.0044,0.0,0.0004,0.04,9.11,MIN_PROFIT_TP_HIT,0.2388
2407,TRUMP_USDT,LONG,StochasticRSI(FAST_SCALP-LONG),2,0.2,1.64,1.634,1.642,1.634,2026-07-19 11:49:59 UTC,2026-07-19 12:02:11 UTC,731.75,0.328,0.0044,0.0,-0.0012,-0.11,-27.44,STOP_LOSS_HIT,0.2376
2408,TRUMP_USDT,LONG,StochasticRSI(FAST_SCALP-LONG),2,0.2,1.634,1.636,1.636,1.628,2026-07-19 12:05:59 UTC,2026-07-19 12:06:06 UTC,6.0,0.3268,0.0044,0.0,0.0004,0.04,9.18,MIN_PROFIT_TP_HIT,0.238
2409,TRUMP_USDT,SHORT,StochasticRSI(FAST_SCALP-SHORT),2,0.2,1.635,1.633,1.633,1.641,2026-07-19 12:17:59 UTC,2026-07-19 12:21:59 UTC,239.54,0.327,0.0044,0.0,0.0004,0.04,9.17,MIN_PROFIT_TP_HIT,0.2384
2410,TRUMP_USDT,LONG,StochasticRSI(FAST_SCALP-LONG),2,0.2,1.636,1.63,1.638,1.63,2026-07-19 12:25:59 UTC,2026-07-19 12:49:24 UTC,1404.21,0.3272,0.0044,0.0,-0.0012,-0.11,-27.51,STOP_LOSS_HIT,0.2372
2411,TRUMP_USDT,LONG,StochasticRSI(FAST_SCALP-LONG),2,0.2,1.632,1.626,1.634,1.626,2026-07-19 12:51:59 UTC,2026-07-19 13:17:17 UTC,1517.22,0.3264,0.0044,0.0,-0.0012,-0.11,-27.57,STOP_LOSS_HIT,0.236
2412,TRUMP_USDT,LONG,StochasticRSI(FAST_SCALP-LONG),2,0.2,1.623,1.625,1.625,1.617,2026-07-19 13:21:59 UTC,2026-07-19 13:22:33 UTC,33.91,0.3246,0.0043,0.0,0.0004,0.04,9.24,MIN_PROFIT_TP_HIT,0.2364
2413,TRUMP_USDT,SHORT,StochasticRSI(FAST_SCALP-SHORT),2,0.2,1.63,1.628,1.628,1.636,2026-07-19 13:34:59 UTC,2026-07-19 13:37:24 UTC,144.23,0.326,0.0043,0.0,0.0004,0.04,9.2,MIN_PROFIT_TP_HIT,0.2368
2414,TRUMP_USDT,LONG,StochasticRSI(FAST_SCALP-LONG),2,0.2,1.628,1.63,1.63,1.622,2026-07-19 13:40:59 UTC,2026-07-19 13:41:34 UTC,34.62,0.3256,0.0043,0.0,0.0004,0.04,9.21,MIN_PROFIT_TP_HIT,0.2372
2415,TRUMP_USDT,SHORT,StochasticRSI(FAST_SCALP-SHORT),2,0.2,1.628,1.634,1.626,1.634,2026-07-19 13:46:59 UTC,2026-07-19 13:56:40 UTC,580.97,0.3256,0.0043,0.0,-0.0012,-0.11,-27.64,STOP_LOSS_HIT,0.236
2416,TRUMP_USDT,SHORT,StochasticRSI(FAST_SCALP-SHORT),2,0.2,1.632,1.638,1.63,1.638,2026-07-19 14:01:59 UTC,2026-07-19 14:05:04 UTC,184.87,0.3264,0.0044,0.0,-0.0012,-0.11,-27.57,STOP_LOSS_HIT,0.2348
2417,TRUMP_USDT,SHORT,StochasticRSI(FAST_SCALP-SHORT),2,0.2,1.638,1.636,1.636,1.644,2026-07-19 14:06:59 UTC,2026-07-19 14:07:06 UTC,6.84,0.3276,0.0044,0.0,0.0004,0.04,9.16,MIN_PROFIT_TP_HIT,0.2352
2418,TRUMP_USDT,LONG,StochasticRSI(FAST_SCALP-LONG),2,0.2,1.637,1.631,1.639,1.631,2026-07-19 14:17:59 UTC,2026-07-19 14:23:53 UTC,353.86,0.3274,0.0044,0.0,-0.0012,-0.11,-27.49,STOP_LOSS_HIT,0.234
2419,TRUMP_USDT,LONG,StochasticRSI(FAST_SCALP-LONG),2,0.2,1.631,1.633,1.633,1.625,2026-07-19 14:27:59 UTC,2026-07-19 14:48:01 UTC,1201.22,0.3262,0.0043,0.0,0.0004,0.04,9.2,MIN_PROFIT_TP_HIT,0.2344
2420,TRUMP_USDT,SHORT,StochasticRSI(FAST_SCALP-SHORT),2,0.2,1.629,1.627,1.627,1.635,2026-07-19 14:52:59 UTC,2026-07-19 15:30:16 UTC,2236.02,0.3258,0.0043,0.0,0.0004,0.04,9.21,MIN_PROFIT_TP_HIT,0.2348
2421,TRUMP_USDT,LONG,StochasticRSI(FAST_SCALP-LONG),2,0.2,1.626,1.628,1.628,1.62,2026-07-19 15:35:59 UTC,2026-07-19 15:39:01 UTC,181.86,0.3252,0.0043,0.0,0.0004,0.04,9.23,MIN_PROFIT_TP_HIT,0.2352
2422,TRUMP_USDT,SHORT,StochasticRSI(FAST_SCALP-SHORT),2,0.2,1.629,1.627,1.627,1.635,2026-07-19 15:42:59 UTC,2026-07-19 15:50:29 UTC,449.97,0.3258,0.0043,0.0,0.0004,0.04,9.21,MIN_PROFIT_TP_HIT,0.2356
2423,TRUMP_USDT,LONG,StochasticRSI(FAST_SCALP-LONG),2,0.2,1.626,1.628,1.628,1.62,2026-07-19 15:55:59 UTC,2026-07-19 16:03:00 UTC,420.47,0.3252,0.0043,0.0,0.0004,0.04,9.23,MIN_PROFIT_TP_HIT,0.236
2424,TRUMP_USDT,SHORT,StochasticRSI(FAST_SCALP-SHORT),2,0.2,1.626,1.624,1.624,1.632,2026-07-19 16:06:59 UTC,2026-07-19 16:07:34 UTC,34.43,0.3252,0.0043,0.0,0.0004,0.04,9.23,MIN_PROFIT_TP_HIT,0.2364
2425,TRUMP_USDT,SHORT,StochasticRSI(FAST_SCALP-SHORT),2,0.2,1.637,1.643,1.635,1.643,2026-07-19 16:19:59 UTC,2026-07-19 16:22:45 UTC,165.31,0.3274,0.0044,0.0,-0.0012,-0.11,-27.49,STOP_LOSS_HIT,0.2352
2426,TRUMP_USDT,SHORT,StochasticRSI(FAST_SCALP-SHORT),2,0.2,1.645,1.643,1.643,1.651,2026-07-19 16:25:59 UTC,2026-07-19 16:27:10 UTC,70.21,0.329,0.0044,0.0,0.0004,0.04,9.12,MIN_PROFIT_TP_HIT,0.2356
2427,TRUMP_USDT,LONG,StochasticRSI(FAST_SCALP-LONG),2,0.2,1.641,1.635,1.643,1.635,2026-07-19 16:33:59 UTC,2026-07-19 16:36:39 UTC,159.95,0.3282,0.0044,0.0,-0.0012,-0.11,-27.42,STOP_LOSS_HIT,0.2344
2428,TRUMP_USDT,LONG,StochasticRSI(FAST_SCALP-LONG),2,0.2,1.634,1.636,1.636,1.628,2026-07-19 16:39:59 UTC,2026-07-19 16:40:03 UTC,3.49,0.3268,0.0044,0.0,0.0004,0.04,9.18,MIN_PROFIT_TP_HIT,0.2348
2429,TRUMP_USDT,LONG,StochasticRSI(FAST_SCALP-LONG),2,0.2,1.638,1.64,1.64,1.632,2026-07-19 16:42:59 UTC,2026-07-19 16:51:14 UTC,494.94,0.3276,0.0044,0.0,0.0004,0.04,9.16,MIN_PROFIT_TP_HIT,0.2352
2430,TRUMP_USDT,SHORT,StochasticRSI(FAST_SCALP-SHORT),2,0.2,1.634,1.632,1.632,1.64,2026-07-19 16:55:59 UTC,2026-07-19 16:57:55 UTC,115.24,0.3268,0.0044,0.0,0.0004,0.04,9.18,MIN_PROFIT_TP_HIT,0.2356
2431,TRUMP_USDT,LONG,StochasticRSI(FAST_SCALP-LONG),2,0.2,1.635,1.629,1.637,1.629,2026-07-19 16:59:59 UTC,2026-07-19 17:01:24 UTC,84.03,0.327,0.0044,0.0,-0.0012,-0.11,-27.52,STOP_LOSS_HIT,0.2344
2432,TRUMP_USDT,SHORT,StochasticRSI(FAST_SCALP-SHORT),2,0.2,1.636,1.634,1.634,1.642,2026-07-19 17:12:59 UTC,2026-07-19 17:16:05 UTC,185.01,0.3272,0.0044,0.0,0.0004,0.04,9.17,MIN_PROFIT_TP_HIT,0.2348
2433,TRUMP_USDT,LONG,StochasticRSI(FAST_SCALP-LONG),2,0.2,1.632,1.634,1.634,1.626,2026-07-19 17:20:59 UTC,2026-07-19 17:21:41 UTC,41.85,0.3264,0.0044,0.0,0.0004,0.04,9.19,MIN_PROFIT_TP_HIT,0.2352
2434,TRUMP_USDT,LONG,StochasticRSI(FAST_SCALP-LONG),2,0.2,1.633,1.627,1.635,1.627,2026-07-19 17:26:59 UTC,2026-07-19 17:43:48 UTC,1008.06,0.3266,0.0044,0.0,-0.0012,-0.11,-27.56,STOP_LOSS_HIT,0.234
2435,TRUMP_USDT,LONG,StochasticRSI(FAST_SCALP-LONG),2,0.2,1.628,1.622,1.63,1.622,2026-07-19 17:47:59 UTC,2026-07-19 18:03:39 UTC,939.96,0.3256,0.0043,0.0,-0.0012,-0.11,-27.64,STOP_LOSS_HIT,0.2328
2436,TRUMP_USDT,LONG,StochasticRSI(FAST_SCALP-LONG),2,0.2,1.619,1.613,1.621,1.613,2026-07-19 18:07:59 UTC,2026-07-19 18:08:06 UTC,6.85,0.3238,0.0043,0.0,-0.0012,-0.11,-27.79,STOP_LOSS_HIT,0.2316
2437,TRUMP_USDT,LONG,StochasticRSI(FAST_SCALP-LONG),2,0.2,1.62,1.622,1.622,1.614,2026-07-19 18:11:59 UTC,2026-07-19 18:13:13 UTC,73.86,0.324,0.0043,0.0,0.0004,0.04,9.26,MIN_PROFIT_TP_HIT,0.232
2438,TRUMP_USDT,SHORT,StochasticRSI(FAST_SCALP-SHORT),2,0.2,1.628,1.626,1.626,1.634,2026-07-19 18:21:59 UTC,2026-07-19 18:22:08 UTC,8.6,0.3256,0.0043,0.0,0.0004,0.04,9.21,MIN_PROFIT_TP_HIT,0.2324
2439,TRUMP_USDT,LONG,StochasticRSI(FAST_SCALP-LONG),2,0.2,1.623,1.625,1.625,1.617,2026-07-19 18:31:59 UTC,2026-07-19 18:32:01 UTC,1.13,0.3246,0.0043,0.0,0.0004,0.04,9.24,MIN_PROFIT_TP_HIT,0.2328
2440,TRUMP_USDT,SHORT,StochasticRSI(FAST_SCALP-SHORT),2,0.2,1.624,1.622,1.622,1.63,2026-07-19 18:36:59 UTC,2026-07-19 18:40:39 UTC,219.66,0.3248,0.0043,0.0,0.0004,0.04,9.24,MIN_PROFIT_TP_HIT,0.2332
2441,TRUMP_USDT,LONG,StochasticRSI(FAST_SCALP-LONG),2,0.2,1.623,1.625,1.625,1.617,2026-07-19 18:43:59 UTC,2026-07-19 18:49:23 UTC,323.86,0.3246,0.0043,0.0,0.0004,0.04,9.24,MIN_PROFIT_TP_HIT,0.2336
2442,TRUMP_USDT,SHORT,StochasticRSI(FAST_SCALP-SHORT),2,0.2,1.625,1.623,1.623,1.631,2026-07-19 18:52:59 UTC,2026-07-19 18:53:16 UTC,16.29,0.325,0.0043,0.0,0.0004,0.04,9.23,MIN_PROFIT_TP_HIT,0.234
2443,TRUMP_USDT,LONG,StochasticRSI(FAST_SCALP-LONG),2,0.2,1.619,1.621,1.621,1.613,2026-07-19 19:01:59 UTC,2026-07-19 19:16:31 UTC,871.06,0.3238,0.0043,0.0,0.0004,0.04,9.26,MIN_PROFIT_TP_HIT,0.2344
2444,TRUMP_USDT,SHORT,StochasticRSI(FAST_SCALP-SHORT),2,0.2,1.619,1.625,1.617,1.625,2026-07-19 19:18:59 UTC,2026-07-19 19:24:21 UTC,321.98,0.3238,0.0043,0.0,-0.0012,-0.11,-27.79,STOP_LOSS_HIT,0.2332
2445,TRUMP_USDT,SHORT,StochasticRSI(FAST_SCALP-SHORT),2,0.2,1.621,1.627,1.619,1.627,2026-07-19 19:26:59 UTC,2026-07-19 19:35:55 UTC,535.49,0.3242,0.0043,0.0,-0.0012,-0.11,-27.76,STOP_LOSS_HIT,0.232
2446,TRUMP_USDT,LONG,StochasticRSI(FAST_SCALP-LONG),2,0.2,1.624,1.626,1.626,1.618,2026-07-19 19:44:59 UTC,2026-07-19 20:02:13 UTC,1033.29,0.3248,0.0043,0.0,0.0004,0.04,9.24,MIN_PROFIT_TP_HIT,0.2324
2447,TRUMP_USDT,SHORT,StochasticRSI(FAST_SCALP-SHORT),2,0.2,1.623,1.621,1.621,1.629,2026-07-19 20:03:59 UTC,2026-07-19 20:07:01 UTC,181.81,0.3246,0.0043,0.0,0.0004,0.04,9.24,MIN_PROFIT_TP_HIT,0.2328
2448,TRUMP_USDT,LONG,StochasticRSI(FAST_SCALP-LONG),2,0.2,1.623,1.625,1.625,1.617,2026-07-19 20:10:59 UTC,2026-07-19 20:11:59 UTC,59.6,0.3246,0.0043,0.0,0.0004,0.04,9.24,MIN_PROFIT_TP_HIT,0.2332
2449,TRUMP_USDT,SHORT,StochasticRSI(FAST_SCALP-SHORT),2,0.2,1.626,1.624,1.624,1.632,2026-07-19 20:15:59 UTC,2026-07-19 20:22:13 UTC,373.91,0.3252,0.0043,0.0,0.0004,0.04,9.23,MIN_PROFIT_TP_HIT,0.2336
2450,TRUMP_USDT,LONG,StochasticRSI(FAST_SCALP-LONG),2,0.2,1.624,1.626,1.626,1.618,2026-07-19 20:26:59 UTC,2026-07-19 20:35:03 UTC,483.37,0.3248,0.0043,0.0,0.0004,0.04,9.24,MIN_PROFIT_TP_HIT,0.234
2451,TRUMP_USDT,SHORT,StochasticRSI(FAST_SCALP-SHORT),2,0.2,1.625,1.623,1.623,1.631,2026-07-19 20:39:59 UTC,2026-07-19 21:13:00 UTC,1980.06,0.325,0.0043,0.0,0.0004,0.04,9.23,MIN_PROFIT_TP_HIT,0.2344
2452,TRUMP_USDT,LONG,StochasticRSI(FAST_SCALP-LONG),2,0.2,1.622,1.616,1.624,1.616,2026-07-19 21:19:59 UTC,2026-07-19 21:25:23 UTC,323.5,0.3244,0.0043,0.0,-0.0012,-0.11,-27.74,STOP_LOSS_HIT,0.2332
2453,TRUMP_USDT,LONG,StochasticRSI(FAST_SCALP-LONG),2,0.2,1.618,1.612,1.62,1.612,2026-07-19 21:28:59 UTC,2026-07-19 21:33:43 UTC,283.42,0.3236,0.0043,0.0,-0.0012,-0.11,-27.81,STOP_LOSS_HIT,0.232
2454,TRUMP_USDT,LONG,StochasticRSI(FAST_SCALP-LONG),2,0.2,1.571,1.573,1.573,1.565,2026-07-19 21:37:59 UTC,2026-07-19 21:40:02 UTC,122.66,0.3142,0.0042,0.0,0.0004,0.04,9.55,MIN_PROFIT_TP_HIT,0.2324
2455,TRUMP_USDT,SHORT,StochasticRSI(FAST_SCALP-SHORT),2,0.2,1.569,1.567,1.567,1.575,2026-07-19 21:42:59 UTC,2026-07-19 21:43:09 UTC,9.89,0.3138,0.0042,0.0,0.0004,0.04,9.56,MIN_PROFIT_TP_HIT,0.2328
2456,TRUMP_USDT,SHORT,StochasticRSI(FAST_SCALP-SHORT),2,0.2,1.571,1.569,1.569,1.577,2026-07-19 21:46:59 UTC,2026-07-19 21:47:03 UTC,3.04,0.3142,0.0042,0.0,0.0004,0.04,9.55,MIN_PROFIT_TP_HIT,0.2332
2457,TRUMP_USDT,LONG,StochasticRSI(FAST_SCALP-LONG),2,0.2,1.56,1.562,1.562,1.554,2026-07-19 21:55:59 UTC,2026-07-19 21:57:11 UTC,71.69,0.312,0.0042,0.0,0.0004,0.04,9.62,MIN_PROFIT_TP_HIT,0.2336
2458,TRUMP_USDT,LONG,StochasticRSI(FAST_SCALP-LONG),2,0.2,1.558,1.56,1.56,1.552,2026-07-19 22:00:59 UTC,2026-07-19 22:01:28 UTC,28.4,0.3116,0.0042,0.0,0.0004,0.04,9.63,MIN_PROFIT_TP_HIT,0.234
2459,TRUMP_USDT,LONG,StochasticRSI(FAST_SCALP-LONG),2,0.2,1.559,1.561,1.561,1.553,2026-07-19 22:09:59 UTC,2026-07-19 22:10:06 UTC,6.51,0.3118,0.0042,0.0,0.0004,0.04,9.62,MIN_PROFIT_TP_HIT,0.2344
2460,TRUMP_USDT,SHORT,StochasticRSI(FAST_SCALP-SHORT),2,0.2,1.563,1.561,1.561,1.569,2026-07-19 22:13:59 UTC,2026-07-19 22:14:01 UTC,1.17,0.3126,0.0042,0.0,0.0004,0.04,9.6,MIN_PROFIT_TP_HIT,0.2348
2461,TRUMP_USDT,SHORT,StochasticRSI(FAST_SCALP-SHORT),2,0.2,1.568,1.566,1.566,1.574,2026-07-19 22:23:59 UTC,2026-07-19 22:27:01 UTC,181.88,0.3136,0.0042,0.0,0.0004,0.04,9.57,MIN_PROFIT_TP_HIT,0.2352
2462,TRUMP_USDT,LONG,StochasticRSI(FAST_SCALP-LONG),2,0.2,1.569,1.571,1.571,1.563,2026-07-19 22:31:59 UTC,2026-07-19 22:33:01 UTC,61.69,0.3138,0.0042,0.0,0.0004,0.04,9.56,MIN_PROFIT_TP_HIT,0.2356
2463,TRUMP_USDT,SHORT,StochasticRSI(FAST_SCALP-SHORT),2,0.2,1.57,1.568,1.568,1.576,2026-07-19 22:35:59 UTC,2026-07-19 22:36:04 UTC,4.84,0.314,0.0042,0.0,0.0004,0.04,9.55,MIN_PROFIT_TP_HIT,0.236
2464,TRUMP_USDT,LONG,StochasticRSI(FAST_SCALP-LONG),2,0.2,1.566,1.568,1.568,1.56,2026-07-19 22:51:59 UTC,2026-07-19 22:55:58 UTC,238.59,0.3132,0.0042,0.0,0.0004,0.04,9.58,MIN_PROFIT_TP_HIT,0.2364
2465,TRUMP_USDT,SHORT,StochasticRSI(FAST_SCALP-SHORT),2,0.2,1.568,1.566,1.566,1.574,2026-07-19 22:59:59 UTC,2026-07-19 23:00:06 UTC,6.26,0.3136,0.0042,0.0,0.0004,0.04,9.57,MIN_PROFIT_TP_HIT,0.2368
2466,TRUMP_USDT,LONG,StochasticRSI(FAST_SCALP-LONG),2,0.2,1.561,1.563,1.563,1.555,2026-07-19 23:05:59 UTC,2026-07-19 23:12:14 UTC,374.03,0.3122,0.0042,0.0,0.0004,0.04,9.61,MIN_PROFIT_TP_HIT,0.2372
2467,TRUMP_USDT,SHORT,StochasticRSI(FAST_SCALP-SHORT),2,0.2,1.561,1.559,1.559,1.567,2026-07-19 23:14:59 UTC,2026-07-19 23:15:14 UTC,14.2,0.3122,0.0042,0.0,0.0004,0.04,9.61,MIN_PROFIT_TP_HIT,0.2376
2468,TRUMP_USDT,SHORT,StochasticRSI(FAST_SCALP-SHORT),2,0.2,1.563,1.561,1.561,1.569,2026-07-19 23:27:59 UTC,2026-07-19 23:33:13 UTC,313.19,0.3126,0.0042,0.0,0.0004,0.04,9.6,MIN_PROFIT_TP_HIT,0.238
2469,TRUMP_USDT,LONG,StochasticRSI(FAST_SCALP-LONG),2,0.2,1.562,1.564,1.564,1.556,2026-07-19 23:50:59 UTC,2026-07-19 23:51:08 UTC,8.68,0.3124,0.0042,0.0,0.0004,0.04,9.6,MIN_PROFIT_TP_HIT,0.2384
2470,TRUMP_USDT,SHORT,StochasticRSI(FAST_SCALP-SHORT),2,0.2,1.565,1.563,1.563,1.571,2026-07-19 23:58:59 UTC,2026-07-20 00:00:04 UTC,64.62,0.313,0.0042,0.0,0.0004,0.04,9.58,MIN_PROFIT_TP_HIT,0.2388
2471,TRUMP_USDT,LONG,StochasticRSI(FAST_SCALP-LONG),2,0.2,1.562,1.564,1.564,1.556,2026-07-20 00:03:59 UTC,2026-07-20 00:04:23 UTC,23.73,0.3124,0.0042,0.0,0.0004,0.04,9.6,MIN_PROFIT_TP_HIT,0.2392
2472,TRUMP_USDT,SHORT,StochasticRSI(FAST_SCALP-SHORT),2,0.2,1.57,1.576,1.568,1.576,2026-07-20 00:12:59 UTC,2026-07-20 00:16:21 UTC,201.5,0.314,0.0042,0.0,-0.0012,-0.11,-28.66,STOP_LOSS_HIT,0.238
2473,TRUMP_USDT,LONG,StochasticRSI(FAST_SCALP-LONG),2,0.2,1.57,1.572,1.572,1.564,2026-07-20 00:24:59 UTC,2026-07-20 00:25:01 UTC,1.8,0.314,0.0042,0.0,0.0004,0.04,9.55,MIN_PROFIT_TP_HIT,0.2384
2474,TRUMP_USDT,SHORT,StochasticRSI(FAST_SCALP-SHORT),2,0.2,1.568,1.566,1.566,1.574,2026-07-20 00:40:59 UTC,2026-07-20 00:49:44 UTC,524.45,0.3136,0.0042,0.0,0.0004,0.04,9.57,MIN_PROFIT_TP_HIT,0.2388
2475,TRUMP_USDT,LONG,StochasticRSI(FAST_SCALP-LONG),2,0.2,1.562,1.564,1.564,1.556,2026-07-20 00:54:59 UTC,2026-07-20 00:59:03 UTC,243.71,0.3124,0.0042,0.0,0.0004,0.04,9.6,MIN_PROFIT_TP_HIT,0.2392
2476,TRUMP_USDT,SHORT,StochasticRSI(FAST_SCALP-SHORT),2,0.2,1.564,1.57,1.562,1.57,2026-07-20 01:02:59 UTC,2026-07-20 01:09:23 UTC,383.1,0.3128,0.0042,0.0,-0.0012,-0.11,-28.77,STOP_LOSS_HIT,0.238
2477,TRUMP_USDT,SHORT,StochasticRSI(FAST_SCALP-SHORT),2,0.2,1.572,1.57,1.57,1.578,2026-07-20 01:12:59 UTC,2026-07-20 01:13:01 UTC,1.27,0.3144,0.0042,0.0,0.0004,0.04,9.54,MIN_PROFIT_TP_HIT,0.2384
2478,TRUMP_USDT,LONG,StochasticRSI(FAST_SCALP-LONG),2,0.2,1.57,1.572,1.572,1.564,2026-07-20 01:17:59 UTC,2026-07-20 01:22:09 UTC,249.08,0.314,0.0042,0.0,0.0004,0.04,9.55,MIN_PROFIT_TP_HIT,0.2388
2479,TRUMP_USDT,LONG,StochasticRSI(FAST_SCALP-LONG),2,0.2,1.578,1.58,1.58,1.572,2026-07-20 01:35:59 UTC,2026-07-20 01:36:02 UTC,2.68,0.3156,0.0042,0.0,0.0004,0.04,9.51,MIN_PROFIT_TP_HIT,0.2392
2480,TRUMP_USDT,LONG,StochasticRSI(FAST_SCALP-LONG),2,0.2,1.585,1.579,1.587,1.579,2026-07-20 01:48:59 UTC,2026-07-20 01:51:58 UTC,178.32,0.317,0.0042,0.0,-0.0012,-0.11,-28.39,STOP_LOSS_HIT,0.238
2481,TRUMP_USDT,SHORT,StochasticRSI(FAST_SCALP-SHORT),2,0.2,1.57,1.576,1.568,1.576,2026-07-20 01:52:59 UTC,2026-07-20 01:58:55 UTC,355.99,0.314,0.0042,0.0,-0.0012,-0.11,-28.66,STOP_LOSS_HIT,0.2368
2482,TRUMP_USDT,SHORT,StochasticRSI(FAST_SCALP-SHORT),2,0.2,1.584,1.582,1.582,1.59,2026-07-20 02:04:59 UTC,2026-07-20 02:09:52 UTC,292.24,0.3168,0.0042,0.0,0.0004,0.04,9.47,MIN_PROFIT_TP_HIT,0.2372
2483,TRUMP_USDT,LONG,StochasticRSI(FAST_SCALP-LONG),2,0.2,1.585,1.579,1.587,1.579,2026-07-20 02:18:59 UTC,2026-07-20 02:20:29 UTC,89.98,0.317,0.0042,0.0,-0.0012,-0.11,-28.39,STOP_LOSS_HIT,0.236
2484,TRUMP_USDT,LONG,StochasticRSI(FAST_SCALP-LONG),2,0.2,1.578,1.58,1.58,1.572,2026-07-20 02:23:59 UTC,2026-07-20 02:24:41 UTC,41.39,0.3156,0.0042,0.0,0.0004,0.04,9.51,MIN_PROFIT_TP_HIT,0.2364
2485,TRUMP_USDT,SHORT,StochasticRSI(FAST_SCALP-SHORT),2,0.2,1.586,1.592,1.584,1.592,2026-07-20 02:35:59 UTC,2026-07-20 02:43:33 UTC,453.86,0.3172,0.0042,0.0,-0.0012,-0.11,-28.37,STOP_LOSS_HIT,0.2352
2486,TRUMP_USDT,SHORT,StochasticRSI(FAST_SCALP-SHORT),2,0.2,1.592,1.59,1.59,1.598,2026-07-20 02:45:59 UTC,2026-07-20 02:51:50 UTC,350.85,0.3184,0.0042,0.0,0.0004,0.04,9.42,MIN_PROFIT_TP_HIT,0.2356
2487,TRUMP_USDT,LONG,StochasticRSI(FAST_SCALP-LONG),2,0.2,1.591,1.593,1.593,1.585,2026-07-20 02:54:59 UTC,2026-07-20 02:55:11 UTC,11.01,0.3182,0.0042,0.0,0.0004,0.04,9.43,MIN_PROFIT_TP_HIT,0.236
2488,TRUMP_USDT,LONG,StochasticRSI(FAST_SCALP-LONG),2,0.2,1.59,1.584,1.592,1.584,2026-07-20 03:01:59 UTC,2026-07-20 03:05:48 UTC,228.9,0.318,0.0042,0.0,-0.0012,-0.11,-28.3,STOP_LOSS_HIT,0.2348
2489,TRUMP_USDT,LONG,StochasticRSI(FAST_SCALP-LONG),2,0.2,1.584,1.586,1.586,1.578,2026-07-20 03:09:59 UTC,2026-07-20 03:12:56 UTC,176.66,0.3168,0.0042,0.0,0.0004,0.04,9.47,MIN_PROFIT_TP_HIT,0.2352
2490,TRUMP_USDT,SHORT,StochasticRSI(FAST_SCALP-SHORT),2,0.2,1.589,1.587,1.587,1.595,2026-07-20 03:16:59 UTC,2026-07-20 03:17:34 UTC,34.04,0.3178,0.0042,0.0,0.0004,0.04,9.44,MIN_PROFIT_TP_HIT,0.2356
2491,TRUMP_USDT,LONG,StochasticRSI(FAST_SCALP-LONG),2,0.2,1.577,1.579,1.579,1.571,2026-07-20 03:25:59 UTC,2026-07-20 03:26:01 UTC,1.97,0.3154,0.0042,0.0,0.0004,0.04,9.51,MIN_PROFIT_TP_HIT,0.236
2492,TRUMP_USDT,LONG,StochasticRSI(FAST_SCALP-LONG),2,0.2,1.575,1.577,1.577,1.569,2026-07-20 03:29:59 UTC,2026-07-20 03:31:12 UTC,72.08,0.315,0.0042,0.0,0.0004,0.04,9.52,MIN_PROFIT_TP_HIT,0.2364
2493,TRUMP_USDT,SHORT,StochasticRSI(FAST_SCALP-SHORT),2,0.2,1.573,1.571,1.571,1.579,2026-07-20 03:40:59 UTC,2026-07-20 03:47:13 UTC,373.88,0.3146,0.0042,0.0,0.0004,0.04,9.54,MIN_PROFIT_TP_HIT,0.2368
2494,TRUMP_USDT,SHORT,StochasticRSI(FAST_SCALP-SHORT),2,0.2,1.574,1.572,1.572,1.58,2026-07-20 03:53:59 UTC,2026-07-20 03:54:48 UTC,48.93,0.3148,0.0042,0.0,0.0004,0.04,9.53,MIN_PROFIT_TP_HIT,0.2372
2495,TRUMP_USDT,LONG,StochasticRSI(FAST_SCALP-LONG),2,0.2,1.572,1.574,1.574,1.566,2026-07-20 03:59:59 UTC,2026-07-20 04:01:18 UTC,78.64,0.3144,0.0042,0.0,0.0004,0.04,9.54,MIN_PROFIT_TP_HIT,0.2376
2496,TRUMP_USDT,LONG,StochasticRSI(FAST_SCALP-LONG),2,0.2,1.569,1.571,1.571,1.563,2026-07-20 04:11:59 UTC,2026-07-20 04:27:09 UTC,909.07,0.3138,0.0042,0.0,0.0004,0.04,9.56,MIN_PROFIT_TP_HIT,0.238
2497,TRUMP_USDT,SHORT,StochasticRSI(FAST_SCALP-SHORT),2,0.2,1.57,1.568,1.568,1.576,2026-07-20 04:30:59 UTC,2026-07-20 04:54:37 UTC,1417.46,0.314,0.0042,0.0,0.0004,0.04,9.55,MIN_PROFIT_TP_HIT,0.2384
2498,TRUMP_USDT,LONG,StochasticRSI(FAST_SCALP-LONG),2,0.2,1.567,1.561,1.569,1.561,2026-07-20 05:00:59 UTC,2026-07-20 05:09:40 UTC,520.2,0.3134,0.0042,0.0,-0.0012,-0.11,-28.72,STOP_LOSS_HIT,0.2372
2499,TRUMP_USDT,SHORT,StochasticRSI(FAST_SCALP-SHORT),2,0.2,1.565,1.563,1.563,1.571,2026-07-20 05:20:59 UTC,2026-07-20 05:21:52 UTC,52.78,0.313,0.0042,0.0,0.0004,0.04,9.58,MIN_PROFIT_TP_HIT,0.2376
2500,TRUMP_USDT,LONG,StochasticRSI(FAST_SCALP-LONG),2,0.2,1.566,1.568,1.568,1.56,2026-07-20 05:26:59 UTC,2026-07-20 05:30:06 UTC,186.73,0.3132,0.0042,0.0,0.0004,0.04,9.58,MIN_PROFIT_TP_HIT,0.238
2501,TRUMP_USDT,SHORT,StochasticRSI(FAST_SCALP-SHORT),2,0.2,1.571,1.577,1.569,1.577,2026-07-20 05:32:59 UTC,2026-07-20 05:33:52 UTC,52.45,0.3142,0.0042,0.0,-0.0012,-0.11,-28.64,STOP_LOSS_HIT,0.2368
2502,TRUMP_USDT,SHORT,StochasticRSI(FAST_SCALP-SHORT),2,0.2,1.576,1.574,1.574,1.582,2026-07-20 05:36:59 UTC,2026-07-20 05:37:08 UTC,8.13,0.3152,0.0042,0.0,0.0004,0.04,9.52,MIN_PROFIT_TP_HIT,0.2372
2503,TRUMP_USDT,LONG,StochasticRSI(FAST_SCALP-LONG),2,0.2,1.566,1.568,1.568,1.56,2026-07-20 05:51:59 UTC,2026-07-20 05:53:07 UTC,67.64,0.3132,0.0042,0.0,0.0004,0.04,9.58,MIN_PROFIT_TP_HIT,0.2376
2504,TRUMP_USDT,SHORT,StochasticRSI(FAST_SCALP-SHORT),2,0.2,1.567,1.565,1.565,1.573,2026-07-20 06:00:59 UTC,2026-07-20 06:02:18 UTC,78.16,0.3134,0.0042,0.0,0.0004,0.04,9.57,MIN_PROFIT_TP_HIT,0.238
2505,TRUMP_USDT,SHORT,StochasticRSI(FAST_SCALP-SHORT),2,0.2,1.567,1.565,1.565,1.573,2026-07-20 06:11:59 UTC,2026-07-20 06:19:03 UTC,423.84,0.3134,0.0042,0.0,0.0004,0.04,9.57,MIN_PROFIT_TP_HIT,0.2384
2506,TRUMP_USDT,LONG,StochasticRSI(FAST_SCALP-LONG),2,0.2,1.566,1.568,1.568,1.56,2026-07-20 06:24:59 UTC,2026-07-20 06:25:16 UTC,16.08,0.3132,0.0042,0.0,0.0004,0.04,9.58,MIN_PROFIT_TP_HIT,0.2388
2507,TRUMP_USDT,LONG,StochasticRSI(FAST_SCALP-LONG),2,0.2,1.563,1.565,1.565,1.557,2026-07-20 06:39:59 UTC,2026-07-20 06:41:22 UTC,82.21,0.3126,0.0042,0.0,0.0004,0.04,9.6,MIN_PROFIT_TP_HIT,0.2392
2508,TRUMP_USDT,LONG,StochasticRSI(FAST_SCALP-LONG),2,0.2,1.563,1.565,1.565,1.557,2026-07-20 07:01:59 UTC,2026-07-20 07:22:43 UTC,1243.03,0.3126,0.0042,0.0,0.0004,0.04,9.6,MIN_PROFIT_TP_HIT,0.2396
2509,TRUMP_USDT,SHORT,StochasticRSI(FAST_SCALP-SHORT),2,0.2,1.563,1.561,1.561,1.569,2026-07-20 07:24:59 UTC,2026-07-20 07:35:27 UTC,627.19,0.3126,0.0042,0.0,0.0004,0.04,9.6,MIN_PROFIT_TP_HIT,0.24
2510,TRUMP_USDT,LONG,StochasticRSI(FAST_SCALP-LONG),2,0.2,1.561,1.563,1.563,1.555,2026-07-20 07:38:59 UTC,2026-07-20 07:41:23 UTC,143.32,0.3122,0.0042,0.0,0.0004,0.04,9.61,MIN_PROFIT_TP_HIT,0.2404
2511,TRUMP_USDT,SHORT,StochasticRSI(FAST_SCALP-SHORT),2,0.2,1.562,1.568,1.56,1.568,2026-07-20 07:47:59 UTC,2026-07-20 08:02:58 UTC,898.04,0.3124,0.0042,0.0,-0.0012,-0.11,-28.81,STOP_LOSS_HIT,0.2392
2512,TRUMP_USDT,LONG,StochasticRSI(FAST_SCALP-LONG),2,0.2,1.563,1.565,1.565,1.557,2026-07-20 08:09:59 UTC,2026-07-20 08:12:39 UTC,159.38,0.3126,0.0042,0.0,0.0004,0.04,9.6,MIN_PROFIT_TP_HIT,0.2396
2513,TRUMP_USDT,LONG,StochasticRSI(FAST_SCALP-LONG),2,0.2,1.565,1.567,1.567,1.559,2026-07-20 08:13:59 UTC,2026-07-20 08:14:17 UTC,17.4,0.313,0.0042,0.0,0.0004,0.04,9.58,MIN_PROFIT_TP_HIT,0.24
2514,TRUMP_USDT,SHORT,StochasticRSI(FAST_SCALP-SHORT),2,0.2,1.564,1.562,1.562,1.57,2026-07-20 08:18:59 UTC,2026-07-20 08:20:30 UTC,90.94,0.3128,0.0042,0.0,0.0004,0.04,9.59,MIN_PROFIT_TP_HIT,0.2404
2515,TRUMP_USDT,LONG,StochasticRSI(FAST_SCALP-LONG),2,0.2,1.561,1.563,1.563,1.555,2026-07-20 08:24:59 UTC,2026-07-20 08:34:55 UTC,595.6,0.3122,0.0042,0.0,0.0004,0.04,9.61,MIN_PROFIT_TP_HIT,0.2408
2516,TRUMP_USDT,SHORT,StochasticRSI(FAST_SCALP-SHORT),2,0.2,1.558,1.564,1.556,1.564,2026-07-20 08:38:59 UTC,2026-07-20 08:50:37 UTC,697.8,0.3116,0.0042,0.0,-0.0012,-0.11,-28.88,STOP_LOSS_HIT,0.2396
2517,TRUMP_USDT,LONG,StochasticRSI(FAST_SCALP-LONG),2,0.2,1.558,1.56,1.56,1.552,2026-07-20 08:56:59 UTC,2026-07-20 08:57:06 UTC,6.22,0.3116,0.0042,0.0,0.0004,0.04,9.63,MIN_PROFIT_TP_HIT,0.24
2518,TRUMP_USDT,LONG,StochasticRSI(FAST_SCALP-LONG),2,0.2,1.557,1.551,1.559,1.551,2026-07-20 09:00:59 UTC,2026-07-20 09:04:12 UTC,192.65,0.3114,0.0042,0.0,-0.0012,-0.11,-28.9,STOP_LOSS_HIT,0.2388
2519,TRUMP_USDT,LONG,StochasticRSI(FAST_SCALP-LONG),2,0.2,1.548,1.55,1.55,1.542,2026-07-20 09:06:59 UTC,2026-07-20 09:10:22 UTC,202.46,0.3096,0.0041,0.0,0.0004,0.04,9.69,MIN_PROFIT_TP_HIT,0.2392
2520,TRUMP_USDT,SHORT,StochasticRSI(FAST_SCALP-SHORT),2,0.2,1.552,1.55,1.55,1.558,2026-07-20 09:16:59 UTC,2026-07-20 09:19:45 UTC,165.24,0.3104,0.0041,0.0,0.0004,0.04,9.66,MIN_PROFIT_TP_HIT,0.2396
2521,TRUMP_USDT,SHORT,StochasticRSI(FAST_SCALP-SHORT),2,0.2,1.554,1.552,1.552,1.56,2026-07-20 09:26:59 UTC,2026-07-20 09:28:49 UTC,109.19,0.3108,0.0041,0.0,0.0004,0.04,9.65,MIN_PROFIT_TP_HIT,0.24
2522,TRUMP_USDT,SHORT,StochasticRSI(FAST_SCALP-SHORT),2,0.2,1.557,1.563,1.555,1.563,2026-07-20 09:37:59 UTC,2026-07-20 09:48:07 UTC,607.08,0.3114,0.0042,0.0,-0.0012,-0.11,-28.9,STOP_LOSS_HIT,0.2388
2523,TRUMP_USDT,LONG,StochasticRSI(FAST_SCALP-LONG),2,0.2,1.561,1.563,1.563,1.555,2026-07-20 09:59:59 UTC,2026-07-20 10:04:47 UTC,287.84,0.3122,0.0042,0.0,0.0004,0.04,9.61,MIN_PROFIT_TP_HIT,0.2392
2524,TRUMP_USDT,LONG,StochasticRSI(FAST_SCALP-LONG),2,0.2,1.562,1.564,1.564,1.556,2026-07-20 10:05:59 UTC,2026-07-20 10:08:35 UTC,155.07,0.3124,0.0042,0.0,0.0004,0.04,9.6,MIN_PROFIT_TP_HIT,0.2396
2525,TRUMP_USDT,SHORT,StochasticRSI(FAST_SCALP-SHORT),2,0.2,1.567,1.565,1.565,1.573,2026-07-20 10:09:59 UTC,2026-07-20 10:10:33 UTC,33.45,0.3134,0.0042,0.0,0.0004,0.04,9.57,MIN_PROFIT_TP_HIT,0.24
2526,TRUMP_USDT,SHORT,StochasticRSI(FAST_SCALP-SHORT),2,0.2,1.563,1.569,1.561,1.569,2026-07-20 10:11:59 UTC,2026-07-20 11:07:02 UTC,3302.16,0.3126,0.0042,0.0,-0.0012,-0.11,-28.79,STOP_LOSS_HIT,0.2388
2527,TRUMP_USDT,SHORT,StochasticRSI(FAST_SCALP-SHORT),2,0.2,1.57,1.568,1.568,1.576,2026-07-20 11:13:59 UTC,2026-07-20 11:14:14 UTC,14.33,0.314,0.0042,0.0,0.0004,0.04,9.55,MIN_PROFIT_TP_HIT,0.2392
2528,TRUMP_USDT,LONG,StochasticRSI(FAST_SCALP-LONG),2,0.2,1.567,1.569,1.569,1.561,2026-07-20 11:19:59 UTC,2026-07-20 11:30:31 UTC,631.55,0.3134,0.0042,0.0,0.0004,0.04,9.57,MIN_PROFIT_TP_HIT,0.2396
2529,TRUMP_USDT,LONG,StochasticRSI(FAST_SCALP-LONG),2,0.2,1.57,1.572,1.572,1.564,2026-07-20 11:31:59 UTC,2026-07-20 11:32:21 UTC,21.17,0.314,0.0042,0.0,0.0004,0.04,9.55,MIN_PROFIT_TP_HIT,0.24
2530,TRUMP_USDT,SHORT,StochasticRSI(FAST_SCALP-SHORT),2,0.2,1.577,1.575,1.575,1.583,2026-07-20 11:35:59 UTC,2026-07-20 11:43:41 UTC,461.65,0.3154,0.0042,0.0,0.0004,0.04,9.51,MIN_PROFIT_TP_HIT,0.2404
2531,TRUMP_USDT,LONG,StochasticRSI(FAST_SCALP-LONG),2,0.2,1.577,1.579,1.579,1.571,2026-07-20 11:47:59 UTC,2026-07-20 11:57:27 UTC,567.68,0.3154,0.0042,0.0,0.0004,0.04,9.51,MIN_PROFIT_TP_HIT,0.2408
2532,TRUMP_USDT,SHORT,StochasticRSI(FAST_SCALP-SHORT),2,0.2,1.574,1.572,1.572,1.58,2026-07-20 12:01:59 UTC,2026-07-20 12:02:32 UTC,32.04,0.3148,0.0042,0.0,0.0004,0.04,9.53,MIN_PROFIT_TP_HIT,0.2412
2533,TRUMP_USDT,LONG,StochasticRSI(FAST_SCALP-LONG),2,0.2,1.57,1.572,1.572,1.564,2026-07-20 12:05:59 UTC,2026-07-20 12:07:12 UTC,72.76,0.314,0.0042,0.0,0.0004,0.04,9.55,MIN_PROFIT_TP_HIT,0.2416
2534,TRUMP_USDT,SHORT,StochasticRSI(FAST_SCALP-SHORT),2,0.2,1.571,1.569,1.569,1.577,2026-07-20 12:12:59 UTC,2026-07-20 12:14:11 UTC,71.07,0.3142,0.0042,0.0,0.0004,0.04,9.55,MIN_PROFIT_TP_HIT,0.242
2535,TRUMP_USDT,SHORT,StochasticRSI(FAST_SCALP-SHORT),2,0.2,1.571,1.569,1.569,1.577,2026-07-20 12:20:59 UTC,2026-07-20 12:34:13 UTC,793.53,0.3142,0.0042,0.0,0.0004,0.04,9.55,MIN_PROFIT_TP_HIT,0.2424
2536,TRUMP_USDT,SHORT,StochasticRSI(FAST_SCALP-SHORT),2,0.2,1.573,1.571,1.571,1.579,2026-07-20 12:40:59 UTC,2026-07-20 12:42:40 UTC,100.42,0.3146,0.0042,0.0,0.0004,0.04,9.54,MIN_PROFIT_TP_HIT,0.2428
2537,TRUMP_USDT,LONG,StochasticRSI(FAST_SCALP-LONG),2,0.2,1.571,1.573,1.573,1.565,2026-07-20 12:46:59 UTC,2026-07-20 12:47:08 UTC,8.51,0.3142,0.0042,0.0,0.0004,0.04,9.55,MIN_PROFIT_TP_HIT,0.2432
2538,TRUMP_USDT,SHORT,StochasticRSI(FAST_SCALP-SHORT),2,0.2,1.573,1.571,1.571,1.579,2026-07-20 12:51:59 UTC,2026-07-20 12:54:49 UTC,169.03,0.3146,0.0042,0.0,0.0004,0.04,9.54,MIN_PROFIT_TP_HIT,0.2436
2539,TRUMP_USDT,LONG,StochasticRSI(FAST_SCALP-LONG),2,0.2,1.571,1.573,1.573,1.565,2026-07-20 12:58:59 UTC,2026-07-20 12:59:39 UTC,39.78,0.3142,0.0042,0.0,0.0004,0.04,9.55,MIN_PROFIT_TP_HIT,0.244
2540,TRUMP_USDT,LONG,StochasticRSI(FAST_SCALP-LONG),2,0.2,1.571,1.573,1.573,1.565,2026-07-20 13:02:59 UTC,2026-07-20 13:03:44 UTC,44.14,0.3142,0.0042,0.0,0.0004,0.04,9.55,MIN_PROFIT_TP_HIT,0.2444
2541,TRUMP_USDT,SHORT,StochasticRSI(FAST_SCALP-SHORT),2,0.2,1.573,1.571,1.571,1.579,2026-07-20 13:12:59 UTC,2026-07-20 13:14:00 UTC,60.5,0.3146,0.0042,0.0,0.0004,0.04,9.54,MIN_PROFIT_TP_HIT,0.2448
2542,TRUMP_USDT,LONG,StochasticRSI(FAST_SCALP-LONG),2,0.2,1.572,1.574,1.574,1.566,2026-07-20 13:17:59 UTC,2026-07-20 13:18:29 UTC,29.09,0.3144,0.0042,0.0,0.0004,0.04,9.54,MIN_PROFIT_TP_HIT,0.2452
2543,TRUMP_USDT,SHORT,StochasticRSI(FAST_SCALP-SHORT),2,0.2,1.574,1.572,1.572,1.58,2026-07-20 13:22:59 UTC,2026-07-20 13:25:02 UTC,122.31,0.3148,0.0042,0.0,0.0004,0.04,9.53,MIN_PROFIT_TP_HIT,0.2456
2544,TRUMP_USDT,LONG,StochasticRSI(FAST_SCALP-LONG),2,0.2,1.579,1.581,1.581,1.573,2026-07-20 13:33:59 UTC,2026-07-20 13:34:17 UTC,17.38,0.3158,0.0042,0.0,0.0004,0.04,9.5,MIN_PROFIT_TP_HIT,0.246
2545,TRUMP_USDT,SHORT,StochasticRSI(FAST_SCALP-SHORT),2,0.2,1.58,1.578,1.578,1.586,2026-07-20 13:43:59 UTC,2026-07-20 13:46:15 UTC,135.82,0.316,0.0042,0.0,0.0004,0.04,9.49,MIN_PROFIT_TP_HIT,0.2464
2546,TRUMP_USDT,LONG,StochasticRSI(FAST_SCALP-LONG),2,0.2,1.575,1.577,1.577,1.569,2026-07-20 13:50:59 UTC,2026-07-20 13:51:23 UTC,23.39,0.315,0.0042,0.0,0.0004,0.04,9.52,MIN_PROFIT_TP_HIT,0.2468
2547,TRUMP_USDT,LONG,StochasticRSI(FAST_SCALP-LONG),2,0.2,1.572,1.574,1.574,1.566,2026-07-20 13:59:59 UTC,2026-07-20 14:02:03 UTC,123.49,0.3144,0.0042,0.0,0.0004,0.04,9.54,MIN_PROFIT_TP_HIT,0.2472
2548,TRUMP_USDT,SHORT,StochasticRSI(FAST_SCALP-SHORT),2,0.2,1.577,1.575,1.575,1.583,2026-07-20 14:09:59 UTC,2026-07-20 14:10:04 UTC,4.17,0.3154,0.0042,0.0,0.0004,0.04,9.51,MIN_PROFIT_TP_HIT,0.2476
2549,TRUMP_USDT,LONG,StochasticRSI(FAST_SCALP-LONG),2,0.2,1.566,1.568,1.568,1.56,2026-07-20 14:14:59 UTC,2026-07-20 14:15:18 UTC,18.32,0.3132,0.0042,0.0,0.0004,0.04,9.58,MIN_PROFIT_TP_HIT,0.248
2550,TRUMP_USDT,LONG,StochasticRSI(FAST_SCALP-LONG),2,0.2,1.562,1.556,1.564,1.556,2026-07-20 14:19:59 UTC,2026-07-20 14:22:01 UTC,121.15,0.3124,0.0042,0.0,-0.0012,-0.11,-28.81,STOP_LOSS_HIT,0.2468
2551,TRUMP_USDT,SHORT,StochasticRSI(FAST_SCALP-SHORT),2,0.2,1.576,1.574,1.574,1.582,2026-07-20 14:32:59 UTC,2026-07-20 14:33:05 UTC,5.34,0.3152,0.0042,0.0,0.0004,0.04,9.52,MIN_PROFIT_TP_HIT,0.2472
2552,TRUMP_USDT,LONG,StochasticRSI(FAST_SCALP-LONG),2,0.2,1.572,1.574,1.574,1.566,2026-07-20 14:41:59 UTC,2026-07-20 14:42:39 UTC,39.13,0.3144,0.0042,0.0,0.0004,0.04,9.54,MIN_PROFIT_TP_HIT,0.2476
2553,TRUMP_USDT,LONG,StochasticRSI(FAST_SCALP-LONG),2,0.2,1.571,1.573,1.573,1.565,2026-07-20 14:56:59 UTC,2026-07-20 14:58:10 UTC,70.97,0.3142,0.0042,0.0,0.0004,0.04,9.55,MIN_PROFIT_TP_HIT,0.248
2554,TRUMP_USDT,LONG,StochasticRSI(FAST_SCALP-LONG),2,0.2,1.577,1.579,1.579,1.571,2026-07-20 15:00:59 UTC,2026-07-20 15:03:05 UTC,125.8,0.3154,0.0042,0.0,0.0004,0.04,9.51,MIN_PROFIT_TP_HIT,0.2484
2555,TRUMP_USDT,SHORT,StochasticRSI(FAST_SCALP-SHORT),2,0.2,1.577,1.575,1.575,1.583,2026-07-20 15:04:59 UTC,2026-07-20 15:05:38 UTC,38.16,0.3154,0.0042,0.0,0.0004,0.04,9.51,MIN_PROFIT_TP_HIT,0.2488
2556,TRUMP_USDT,SHORT,StochasticRSI(FAST_SCALP-SHORT),2,0.2,1.582,1.58,1.58,1.588,2026-07-20 15:17:59 UTC,2026-07-20 15:19:26 UTC,86.13,0.3164,0.0042,0.0,0.0004,0.04,9.48,MIN_PROFIT_TP_HIT,0.2492
2557,TRUMP_USDT,LONG,StochasticRSI(FAST_SCALP-LONG),2,0.2,1.585,1.587,1.587,1.579,2026-07-20 15:31:59 UTC,2026-07-20 15:40:38 UTC,518.53,0.317,0.0042,0.0,0.0004,0.04,9.46,MIN_PROFIT_TP_HIT,0.2496
2558,TRUMP_USDT,LONG,StochasticRSI(FAST_SCALP-LONG),2,0.2,1.586,1.588,1.588,1.58,2026-07-20 15:41:59 UTC,2026-07-20 15:42:38 UTC,38.47,0.3172,0.0042,0.0,0.0004,0.04,9.46,MIN_PROFIT_TP_HIT,0.25
2559,TRUMP_USDT,SHORT,StochasticRSI(FAST_SCALP-SHORT),2,0.2,1.591,1.589,1.589,1.597,2026-07-20 15:49:59 UTC,2026-07-20 15:50:38 UTC,38.58,0.3182,0.0042,0.0,0.0004,0.04,9.43,MIN_PROFIT_TP_HIT,0.2504
2560,TRUMP_USDT,SHORT,StochasticRSI(FAST_SCALP-SHORT),2,0.2,1.594,1.592,1.592,1.6,2026-07-20 15:57:59 UTC,2026-07-20 16:06:06 UTC,486.98,0.3188,0.0043,0.0,0.0004,0.04,9.41,MIN_PROFIT_TP_HIT,0.2508
2561,TRUMP_USDT,LONG,StochasticRSI(FAST_SCALP-LONG),2,0.2,1.592,1.594,1.594,1.586,2026-07-20 16:08:59 UTC,2026-07-20 16:11:05 UTC,125.3,0.3184,0.0042,0.0,0.0004,0.04,9.42,MIN_PROFIT_TP_HIT,0.2512
2562,TRUMP_USDT,SHORT,StochasticRSI(FAST_SCALP-SHORT),2,0.2,1.596,1.594,1.594,1.602,2026-07-20 16:16:59 UTC,2026-07-20 16:18:43 UTC,103.24,0.3192,0.0043,0.0,0.0004,0.04,9.4,MIN_PROFIT_TP_HIT,0.2516
2563,TRUMP_USDT,LONG,StochasticRSI(FAST_SCALP-LONG),2,0.2,1.592,1.594,1.594,1.586,2026-07-20 16:24:59 UTC,2026-07-20 16:30:12 UTC,312.54,0.3184,0.0042,0.0,0.0004,0.04,9.42,MIN_PROFIT_TP_HIT,0.252
2564,TRUMP_USDT,SHORT,StochasticRSI(FAST_SCALP-SHORT),2,0.2,1.59,1.588,1.588,1.596,2026-07-20 16:34:59 UTC,2026-07-20 16:36:18 UTC,78.77,0.318,0.0042,0.0,0.0004,0.04,9.43,MIN_PROFIT_TP_HIT,0.2524
2565,TRUMP_USDT,SHORT,StochasticRSI(FAST_SCALP-SHORT),2,0.2,1.593,1.591,1.591,1.599,2026-07-20 16:50:59 UTC,2026-07-20 17:05:05 UTC,845.25,0.3186,0.0042,0.0,0.0004,0.04,9.42,MIN_PROFIT_TP_HIT,0.2528
2566,TRUMP_USDT,LONG,StochasticRSI(FAST_SCALP-LONG),2,0.2,1.591,1.593,1.593,1.585,2026-07-20 17:18:59 UTC,2026-07-20 17:22:07 UTC,187.23,0.3182,0.0042,0.0,0.0004,0.04,9.43,MIN_PROFIT_TP_HIT,0.2532
2567,TRUMP_USDT,SHORT,StochasticRSI(FAST_SCALP-SHORT),2,0.2,1.591,1.589,1.589,1.597,2026-07-20 17:24:59 UTC,2026-07-20 17:27:13 UTC,133.53,0.3182,0.0042,0.0,0.0004,0.04,9.43,MIN_PROFIT_TP_HIT,0.2536
2568,TRUMP_USDT,LONG,StochasticRSI(FAST_SCALP-LONG),2,0.2,1.588,1.59,1.59,1.582,2026-07-20 17:30:59 UTC,2026-07-20 17:32:38 UTC,98.03,0.3176,0.0042,0.0,0.0004,0.04,9.45,MIN_PROFIT_TP_HIT,0.254
2569,TRUMP_USDT,SHORT,StochasticRSI(FAST_SCALP-SHORT),2,0.2,1.589,1.595,1.587,1.595,2026-07-20 17:37:59 UTC,2026-07-20 17:41:38 UTC,218.47,0.3178,0.0042,0.0,-0.0012,-0.11,-28.32,STOP_LOSS_HIT,0.2528
2570,TRUMP_USDT,SHORT,StochasticRSI(FAST_SCALP-SHORT),2,0.2,1.594,1.6,1.592,1.6,2026-07-20 17:47:59 UTC,2026-07-20 17:54:11 UTC,371.01,0.3188,0.0043,0.0,-0.0012,-0.11,-28.23,STOP_LOSS_HIT,0.2516
2571,TRUMP_USDT,LONG,StochasticRSI(FAST_SCALP-LONG),2,0.2,1.596,1.598,1.598,1.59,2026-07-20 18:00:59 UTC,2026-07-20 18:01:06 UTC,6.53,0.3192,0.0043,0.0,0.0004,0.04,9.4,MIN_PROFIT_TP_HIT,0.252
2572,TRUMP_USDT,SHORT,StochasticRSI(FAST_SCALP-SHORT),2,0.2,1.602,1.608,1.6,1.608,2026-07-20 18:05:59 UTC,2026-07-20 18:14:06 UTC,486.74,0.3204,0.0043,0.0,-0.0012,-0.11,-28.09,STOP_LOSS_HIT,0.2508
2573,TRUMP_USDT,SHORT,StochasticRSI(FAST_SCALP-SHORT),2,0.2,1.607,1.605,1.605,1.613,2026-07-20 18:17:59 UTC,2026-07-20 18:18:31 UTC,31.01,0.3214,0.0043,0.0,0.0004,0.04,9.33,MIN_PROFIT_TP_HIT,0.2512
2574,TRUMP_USDT,LONG,StochasticRSI(FAST_SCALP-LONG),2,0.2,1.602,1.604,1.604,1.596,2026-07-20 18:24:59 UTC,2026-07-20 18:25:09 UTC,9.18,0.3204,0.0043,0.0,0.0004,0.04,9.36,MIN_PROFIT_TP_HIT,0.2516
2575,TRUMP_USDT,SHORT,StochasticRSI(FAST_SCALP-SHORT),2,0.2,1.604,1.602,1.602,1.61,2026-07-20 18:30:59 UTC,2026-07-20 18:31:01 UTC,1.33,0.3208,0.0043,0.0,0.0004,0.04,9.35,MIN_PROFIT_TP_HIT,0.252
2576,TRUMP_USDT,SHORT,StochasticRSI(FAST_SCALP-SHORT),2,0.2,1.608,1.606,1.606,1.614,2026-07-20 18:43:59 UTC,2026-07-20 18:45:12 UTC,72.14,0.3216,0.0043,0.0,0.0004,0.04,9.33,MIN_PROFIT_TP_HIT,0.2524
2577,TRUMP_USDT,LONG,StochasticRSI(FAST_SCALP-LONG),2,0.2,1.614,1.616,1.616,1.608,2026-07-20 18:49:59 UTC,2026-07-20 18:50:24 UTC,24.88,0.3228,0.0043,0.0,0.0004,0.04,9.29,MIN_PROFIT_TP_HIT,0.2528
2578,TRUMP_USDT,LONG,StochasticRSI(FAST_SCALP-LONG),2,0.2,1.613,1.615,1.615,1.607,2026-07-20 19:00:59 UTC,2026-07-20 19:04:06 UTC,186.49,0.3226,0.0043,0.0,0.0004,0.04,9.3,MIN_PROFIT_TP_HIT,0.2532
2579,TRUMP_USDT,SHORT,StochasticRSI(FAST_SCALP-SHORT),2,0.2,1.615,1.613,1.613,1.621,2026-07-20 19:08:59 UTC,2026-07-20 19:10:37 UTC,97.77,0.323,0.0043,0.0,0.0004,0.04,9.29,MIN_PROFIT_TP_HIT,0.2536
2580,TRUMP_USDT,LONG,StochasticRSI(FAST_SCALP-LONG),2,0.2,1.603,1.605,1.605,1.597,2026-07-20 19:15:59 UTC,2026-07-20 19:29:31 UTC,811.39,0.3206,0.0043,0.0,0.0004,0.04,9.36,MIN_PROFIT_TP_HIT,0.254
2581,TRUMP_USDT,SHORT,StochasticRSI(FAST_SCALP-SHORT),2,0.2,1.6,1.598,1.598,1.606,2026-07-20 19:31:59 UTC,2026-07-20 19:37:20 UTC,320.47,0.32,0.0043,0.0,0.0004,0.04,9.38,MIN_PROFIT_TP_HIT,0.2544
2582,TRUMP_USDT,SHORT,StochasticRSI(FAST_SCALP-SHORT),2,0.2,1.602,1.6,1.6,1.608,2026-07-20 19:46:59 UTC,2026-07-20 19:50:00 UTC,180.31,0.3204,0.0043,0.0,0.0004,0.04,9.36,MIN_PROFIT_TP_HIT,0.2548
2583,TRUMP_USDT,LONG,StochasticRSI(FAST_SCALP-LONG),2,0.2,1.599,1.601,1.601,1.593,2026-07-20 19:55:59 UTC,2026-07-20 20:00:04 UTC,244.13,0.3198,0.0043,0.0,0.0004,0.04,9.38,MIN_PROFIT_TP_HIT,0.2552
2584,TRUMP_USDT,LONG,StochasticRSI(FAST_SCALP-LONG),2,0.2,1.597,1.599,1.599,1.591,2026-07-20 20:07:59 UTC,2026-07-20 20:11:45 UTC,225.12,0.3194,0.0043,0.0,0.0004,0.04,9.39,MIN_PROFIT_TP_HIT,0.2556
2585,TRUMP_USDT,SHORT,StochasticRSI(FAST_SCALP-SHORT),2,0.2,1.598,1.596,1.596,1.604,2026-07-20 20:16:59 UTC,2026-07-20 20:40:18 UTC,1398.18,0.3196,0.0043,0.0,0.0004,0.04,9.39,MIN_PROFIT_TP_HIT,0.256
2586,TRUMP_USDT,LONG,StochasticRSI(FAST_SCALP-LONG),2,0.2,1.597,1.599,1.599,1.591,2026-07-20 20:43:59 UTC,2026-07-20 21:03:06 UTC,1146.54,0.3194,0.0043,0.0,0.0004,0.04,9.39,MIN_PROFIT_TP_HIT,0.2564
2587,TRUMP_USDT,SHORT,StochasticRSI(FAST_SCALP-SHORT),2,0.2,1.6,1.598,1.598,1.606,2026-07-20 21:06:59 UTC,2026-07-20 21:08:12 UTC,72.21,0.32,0.0043,0.0,0.0004,0.04,9.38,MIN_PROFIT_TP_HIT,0.2568
2588,TRUMP_USDT,SHORT,StochasticRSI(FAST_SCALP-SHORT),2,0.2,1.597,1.595,1.595,1.603,2026-07-20 21:09:59 UTC,2026-07-20 21:28:57 UTC,1137.49,0.3194,0.0043,0.0,0.0004,0.04,9.39,MIN_PROFIT_TP_HIT,0.2572
2589,TRUMP_USDT,SHORT,StochasticRSI(FAST_SCALP-SHORT),2,0.2,1.6,1.598,1.598,1.606,2026-07-20 21:34:59 UTC,2026-07-20 21:35:14 UTC,14.5,0.32,0.0043,0.0,0.0004,0.04,9.38,MIN_PROFIT_TP_HIT,0.2576
2590,TRUMP_USDT,LONG,StochasticRSI(FAST_SCALP-LONG),2,0.2,1.597,1.591,1.599,1.591,2026-07-20 21:44:59 UTC,2026-07-20 21:59:15 UTC,855.98,0.3194,0.0043,0.0,-0.0012,-0.11,-28.18,STOP_LOSS_HIT,0.2564
2591,TRUMP_USDT,LONG,StochasticRSI(FAST_SCALP-LONG),2,0.2,1.59,1.592,1.592,1.584,2026-07-20 22:02:59 UTC,2026-07-20 22:07:34 UTC,274.56,0.318,0.0042,0.0,0.0004,0.04,9.43,MIN_PROFIT_TP_HIT,0.2568
2592,TRUMP_USDT,SHORT,StochasticRSI(FAST_SCALP-SHORT),2,0.2,1.592,1.59,1.59,1.598,2026-07-20 22:10:59 UTC,2026-07-20 22:13:29 UTC,149.46,0.3184,0.0042,0.0,0.0004,0.04,9.42,MIN_PROFIT_TP_HIT,0.2572
2593,TRUMP_USDT,SHORT,StochasticRSI(FAST_SCALP-SHORT),2,0.2,1.59,1.588,1.588,1.596,2026-07-20 22:14:59 UTC,2026-07-20 22:15:52 UTC,52.4,0.318,0.0042,0.0,0.0004,0.04,9.43,MIN_PROFIT_TP_HIT,0.2576
2594,TRUMP_USDT,LONG,StochasticRSI(FAST_SCALP-LONG),2,0.2,1.589,1.591,1.591,1.583,2026-07-20 22:19:59 UTC,2026-07-20 22:20:10 UTC,10.03,0.3178,0.0042,0.0,0.0004,0.04,9.44,MIN_PROFIT_TP_HIT,0.258
2595,TRUMP_USDT,SHORT,StochasticRSI(FAST_SCALP-SHORT),2,0.2,1.592,1.59,1.59,1.598,2026-07-20 22:32:59 UTC,2026-07-20 22:34:13 UTC,73.11,0.3184,0.0042,0.0,0.0004,0.04,9.42,MIN_PROFIT_TP_HIT,0.2584
2596,TRUMP_USDT,LONG,StochasticRSI(FAST_SCALP-LONG),2,0.2,1.59,1.584,1.592,1.584,2026-07-20 22:37:59 UTC,2026-07-20 23:04:49 UTC,1609.81,0.318,0.0042,0.0,-0.0012,-0.11,-28.3,STOP_LOSS_HIT,0.2572
2597,TRUMP_USDT,SHORT,StochasticRSI(FAST_SCALP-SHORT),2,0.2,1.586,1.592,1.584,1.592,2026-07-20 23:05:59 UTC,2026-07-20 23:08:14 UTC,134.77,0.3172,0.0042,0.0,-0.0012,-0.11,-28.37,STOP_LOSS_HIT,0.256
2598,TRUMP_USDT,SHORT,StochasticRSI(FAST_SCALP-SHORT),2,0.2,1.59,1.588,1.588,1.596,2026-07-20 23:12:59 UTC,2026-07-20 23:49:10 UTC,2170.13,0.318,0.0042,0.0,0.0004,0.04,9.43,MIN_PROFIT_TP_HIT,0.2564
2599,TRUMP_USDT,SHORT,StochasticRSI(FAST_SCALP-SHORT),2,0.2,1.588,1.586,1.586,1.594,2026-07-20 23:59:59 UTC,2026-07-21 00:00:11 UTC,11.05,0.3176,0.0042,0.0,0.0004,0.04,9.45,MIN_PROFIT_TP_HIT,0.2568
2600,TRUMP_USDT,SHORT,StochasticRSI(FAST_SCALP-SHORT),2,0.2,1.589,1.595,1.587,1.595,2026-07-21 00:16:59 UTC,2026-07-21 00:27:12 UTC,612.47,0.3178,0.0042,0.0,-0.0012,-0.11,-28.32,STOP_LOSS_HIT,0.2556
2601,TRUMP_USDT,LONG,StochasticRSI(FAST_SCALP-LONG),2,0.2,1.595,1.597,1.597,1.589,2026-07-21 00:32:59 UTC,2026-07-21 00:33:04 UTC,4.16,0.319,0.0043,0.0,0.0004,0.04,9.4,MIN_PROFIT_TP_HIT,0.256
2602,TRUMP_USDT,SHORT,StochasticRSI(FAST_SCALP-SHORT),2,0.2,1.6,1.598,1.598,1.606,2026-07-21 00:44:59 UTC,2026-07-21 00:53:53 UTC,533.78,0.32,0.0043,0.0,0.0004,0.04,9.38,MIN_PROFIT_TP_HIT,0.2564
2603,TRUMP_USDT,LONG,StochasticRSI(FAST_SCALP-LONG),2,0.2,1.595,1.597,1.597,1.589,2026-07-21 00:59:59 UTC,2026-07-21 01:02:05 UTC,125.59,0.319,0.0043,0.0,0.0004,0.04,9.4,MIN_PROFIT_TP_HIT,0.2568
2604,TRUMP_USDT,LONG,StochasticRSI(FAST_SCALP-LONG),2,0.2,1.598,1.6,1.6,1.592,2026-07-21 01:03:59 UTC,2026-07-21 01:06:41 UTC,161.61,0.3196,0.0043,0.0,0.0004,0.04,9.39,MIN_PROFIT_TP_HIT,0.2572
2605,TRUMP_USDT,SHORT,StochasticRSI(FAST_SCALP-SHORT),2,0.2,1.597,1.603,1.595,1.603,2026-07-21 01:07:59 UTC,2026-07-21 01:14:52 UTC,412.66,0.3194,0.0043,0.0,-0.0012,-0.11,-28.18,STOP_LOSS_HIT,0.256
2606,TRUMP_USDT,SHORT,StochasticRSI(FAST_SCALP-SHORT),2,0.2,1.601,1.599,1.599,1.607,2026-07-21 01:16:59 UTC,2026-07-21 01:19:06 UTC,126.09,0.3202,0.0043,0.0,0.0004,0.04,9.37,MIN_PROFIT_TP_HIT,0.2564
2607,TRUMP_USDT,LONG,StochasticRSI(FAST_SCALP-LONG),2,0.2,1.598,1.6,1.6,1.592,2026-07-21 01:26:59 UTC,2026-07-21 01:27:11 UTC,11.28,0.3196,0.0043,0.0,0.0004,0.04,9.39,MIN_PROFIT_TP_HIT,0.2568
2608,TRUMP_USDT,SHORT,StochasticRSI(FAST_SCALP-SHORT),2,0.2,1.598,1.596,1.596,1.604,2026-07-21 01:31:59 UTC,2026-07-21 01:40:00 UTC,480.68,0.3196,0.0043,0.0,0.0004,0.04,9.39,MIN_PROFIT_TP_HIT,0.2572
2609,TRUMP_USDT,LONG,StochasticRSI(FAST_SCALP-LONG),2,0.2,1.597,1.599,1.599,1.591,2026-07-21 01:45:59 UTC,2026-07-21 01:47:25 UTC,85.0,0.3194,0.0043,0.0,0.0004,0.04,9.39,MIN_PROFIT_TP_HIT,0.2576
2610,TRUMP_USDT,SHORT,StochasticRSI(FAST_SCALP-SHORT),2,0.2,1.597,1.595,1.595,1.603,2026-07-21 01:52:59 UTC,2026-07-21 01:53:23 UTC,23.48,0.3194,0.0043,0.0,0.0004,0.04,9.39,MIN_PROFIT_TP_HIT,0.258
2611,TRUMP_USDT,SHORT,StochasticRSI(FAST_SCALP-SHORT),2,0.2,1.596,1.594,1.594,1.602,2026-07-21 01:54:59 UTC,2026-07-21 01:55:40 UTC,40.5,0.3192,0.0043,0.0,0.0004,0.04,9.4,MIN_PROFIT_TP_HIT,0.2584
2612,TRUMP_USDT,LONG,StochasticRSI(FAST_SCALP-LONG),2,0.2,1.596,1.598,1.598,1.59,2026-07-21 02:01:59 UTC,2026-07-21 02:06:01 UTC,241.9,0.3192,0.0043,0.0,0.0004,0.04,9.4,MIN_PROFIT_TP_HIT,0.2588
2613,TRUMP_USDT,SHORT,StochasticRSI(FAST_SCALP-SHORT),2,0.2,1.595,1.593,1.593,1.601,2026-07-21 02:08:59 UTC,2026-07-21 02:09:31 UTC,31.85,0.319,0.0043,0.0,0.0004,0.04,9.4,MIN_PROFIT_TP_HIT,0.2592
2614,TRUMP_USDT,LONG,StochasticRSI(FAST_SCALP-LONG),2,0.2,1.59,1.584,1.592,1.584,2026-07-21 02:12:59 UTC,2026-07-21 02:19:16 UTC,376.59,0.318,0.0042,0.0,-0.0012,-0.11,-28.3,STOP_LOSS_HIT,0.258
2615,TRUMP_USDT,LONG,StochasticRSI(FAST_SCALP-LONG),2,0.2,1.587,1.589,1.589,1.581,2026-07-21 02:21:59 UTC,2026-07-21 02:23:18 UTC,78.31,0.3174,0.0042,0.0,0.0004,0.04,9.45,MIN_PROFIT_TP_HIT,0.2584
2616,TRUMP_USDT,SHORT,StochasticRSI(FAST_SCALP-SHORT),2,0.2,1.589,1.595,1.587,1.595,2026-07-21 02:27:59 UTC,2026-07-21 02:55:33 UTC,1653.93,0.3178,0.0042,0.0,-0.0012,-0.11,-28.32,STOP_LOSS_HIT,0.2572
2617,TRUMP_USDT,SHORT,StochasticRSI(FAST_SCALP-SHORT),2,0.2,1.595,1.601,1.593,1.601,2026-07-21 02:58:59 UTC,2026-07-21 03:07:50 UTC,530.4,0.319,0.0043,0.0,-0.0012,-0.11,-28.21,STOP_LOSS_HIT,0.256
2618,TRUMP_USDT,SHORT,StochasticRSI(FAST_SCALP-SHORT),2,0.2,1.598,1.596,1.596,1.604,2026-07-21 03:10:59 UTC,2026-07-21 03:27:03 UTC,963.85,0.3196,0.0043,0.0,0.0004,0.04,9.39,MIN_PROFIT_TP_HIT,0.2564
2619,TRUMP_USDT,LONG,StochasticRSI(FAST_SCALP-LONG),2,0.2,1.597,1.599,1.599,1.591,2026-07-21 03:31:59 UTC,2026-07-21 03:33:43 UTC,103.84,0.3194,0.0043,0.0,0.0004,0.04,9.39,MIN_PROFIT_TP_HIT,0.2568
2620,TRUMP_USDT,SHORT,StochasticRSI(FAST_SCALP-SHORT),2,0.2,1.599,1.597,1.597,1.605,2026-07-21 03:36:59 UTC,2026-07-21 03:50:51 UTC,831.15,0.3198,0.0043,0.0,0.0004,0.04,9.38,MIN_PROFIT_TP_HIT,0.2572
2621,TRUMP_USDT,SHORT,StochasticRSI(FAST_SCALP-SHORT),2,0.2,1.598,1.596,1.596,1.604,2026-07-21 03:51:59 UTC,2026-07-21 03:55:54 UTC,234.14,0.3196,0.0043,0.0,0.0004,0.04,9.39,MIN_PROFIT_TP_HIT,0.2576
2622,TRUMP_USDT,LONG,StochasticRSI(FAST_SCALP-LONG),2,0.2,1.597,1.599,1.599,1.591,2026-07-21 03:59:59 UTC,2026-07-21 04:00:08 UTC,8.65,0.3194,0.0043,0.0,0.0004,0.04,9.39,MIN_PROFIT_TP_HIT,0.258
2623,TRUMP_USDT,SHORT,StochasticRSI(FAST_SCALP-SHORT),2,0.2,1.594,1.592,1.592,1.6,2026-07-21 04:09:59 UTC,2026-07-21 04:12:15 UTC,135.92,0.3188,0.0043,0.0,0.0004,0.04,9.41,MIN_PROFIT_TP_HIT,0.2584
2624,TRUMP_USDT,LONG,StochasticRSI(FAST_SCALP-LONG),2,0.2,1.591,1.593,1.593,1.585,2026-07-21 04:13:59 UTC,2026-07-21 04:15:02 UTC,62.67,0.3182,0.0042,0.0,0.0004,0.04,9.43,MIN_PROFIT_TP_HIT,0.2588
2625,TRUMP_USDT,LONG,StochasticRSI(FAST_SCALP-LONG),2,0.2,1.59,1.592,1.592,1.584,2026-07-21 04:16:59 UTC,2026-07-21 04:18:54 UTC,114.22,0.318,0.0042,0.0,0.0004,0.04,9.43,MIN_PROFIT_TP_HIT,0.2592
2626,TRUMP_USDT,SHORT,StochasticRSI(FAST_SCALP-SHORT),2,0.2,1.592,1.598,1.59,1.598,2026-07-21 04:23:59 UTC,2026-07-21 05:05:06 UTC,2466.39,0.3184,0.0042,0.0,-0.0012,-0.11,-28.27,STOP_LOSS_HIT,0.258
2627,TRUMP_USDT,SHORT,StochasticRSI(FAST_SCALP-SHORT),2,0.2,1.596,1.602,1.594,1.602,2026-07-21 05:13:59 UTC,2026-07-21 05:26:43 UTC,763.38,0.3192,0.0043,0.0,-0.0012,-0.11,-28.2,STOP_LOSS_HIT,0.2568
2628,TRUMP_USDT,SHORT,StochasticRSI(FAST_SCALP-SHORT),2,0.2,1.602,1.6,1.6,1.608,2026-07-21 05:28:59 UTC,2026-07-21 05:31:24 UTC,144.4,0.3204,0.0043,0.0,0.0004,0.04,9.36,MIN_PROFIT_TP_HIT,0.2572
2629,TRUMP_USDT,LONG,StochasticRSI(FAST_SCALP-LONG),2,0.2,1.602,1.604,1.604,1.596,2026-07-21 05:36:59 UTC,2026-07-21 05:48:54 UTC,714.03,0.3204,0.0043,0.0,0.0004,0.04,9.36,MIN_PROFIT_TP_HIT,0.2576
2630,TRUMP_USDT,LONG,StochasticRSI(FAST_SCALP-LONG),2,0.2,1.606,1.6,1.608,1.6,2026-07-21 05:49:59 UTC,2026-07-21 06:07:39 UTC,1059.2,0.3212,0.0043,0.0,-0.0012,-0.11,-28.02,STOP_LOSS_HIT,0.2564
2631,TRUMP_USDT,LONG,StochasticRSI(FAST_SCALP-LONG),2,0.2,1.601,1.603,1.603,1.595,2026-07-21 06:08:59 UTC,2026-07-21 06:35:27 UTC,1587.83,0.3202,0.0043,0.0,0.0004,0.04,9.37,MIN_PROFIT_TP_HIT,0.2568
2632,TRUMP_USDT,SHORT,StochasticRSI(FAST_SCALP-SHORT),2,0.2,1.601,1.599,1.599,1.607,2026-07-21 06:38:59 UTC,2026-07-21 06:45:49 UTC,409.09,0.3202,0.0043,0.0,0.0004,0.04,9.37,MIN_PROFIT_TP_HIT,0.2572
2633,TRUMP_USDT,LONG,StochasticRSI(FAST_SCALP-LONG),2,0.2,1.602,1.604,1.604,1.596,2026-07-21 06:48:59 UTC,2026-07-21 07:11:28 UTC,1348.12,0.3204,0.0043,0.0,0.0004,0.04,9.36,MIN_PROFIT_TP_HIT,0.2576
2634,TRUMP_USDT,LONG,StochasticRSI(FAST_SCALP-LONG),2,0.2,1.608,1.602,1.61,1.602,2026-07-21 07:12:59 UTC,2026-07-21 07:13:43 UTC,43.41,0.3216,0.0043,0.0,-0.0012,-0.11,-27.99,STOP_LOSS_HIT,0.2564
2635,TRUMP_USDT,LONG,StochasticRSI(FAST_SCALP-LONG),2,0.2,1.6,1.594,1.602,1.594,2026-07-21 07:19:59 UTC,2026-07-21 07:51:10 UTC,1870.37,0.32,0.0043,0.0,-0.0012,-0.11,-28.13,STOP_LOSS_HIT,0.2552
2636,TRUMP_USDT,SHORT,StochasticRSI(FAST_SCALP-SHORT),2,0.2,1.598,1.596,1.596,1.604,2026-07-21 07:59:59 UTC,2026-07-21 08:01:51 UTC,111.0,0.3196,0.0043,0.0,0.0004,0.04,9.39,MIN_PROFIT_TP_HIT,0.2556
2637,TRUMP_USDT,LONG,StochasticRSI(FAST_SCALP-LONG),2,0.2,1.597,1.599,1.599,1.591,2026-07-21 08:15:59 UTC,2026-07-21 08:16:44 UTC,44.97,0.3194,0.0043,0.0,0.0004,0.04,9.39,MIN_PROFIT_TP_HIT,0.256
2638,TRUMP_USDT,LONG,StochasticRSI(FAST_SCALP-LONG),2,0.2,1.598,1.6,1.6,1.592,2026-07-21 08:17:59 UTC,2026-07-21 08:55:52 UTC,2272.28,0.3196,0.0043,0.0,0.0004,0.04,9.39,MIN_PROFIT_TP_HIT,0.2564
2639,TRUMP_USDT,SHORT,StochasticRSI(FAST_SCALP-SHORT),2,0.2,1.599,1.597,1.597,1.605,2026-07-21 09:00:59 UTC,2026-07-21 09:04:30 UTC,210.85,0.3198,0.0043,0.0,0.0004,0.04,9.38,MIN_PROFIT_TP_HIT,0.2568
2640,TRUMP_USDT,LONG,StochasticRSI(FAST_SCALP-LONG),2,0.2,1.595,1.597,1.597,1.589,2026-07-21 09:09:59 UTC,2026-07-21 09:13:03 UTC,183.83,0.319,0.0043,0.0,0.0004,0.04,9.4,MIN_PROFIT_TP_HIT,0.2572
2641,TRUMP_USDT,SHORT,StochasticRSI(FAST_SCALP-SHORT),2,0.2,1.596,1.594,1.594,1.602,2026-07-21 09:19:59 UTC,2026-07-21 09:20:32 UTC,32.31,0.3192,0.0043,0.0,0.0004,0.04,9.4,MIN_PROFIT_TP_HIT,0.2576
2642,TRUMP_USDT,LONG,StochasticRSI(FAST_SCALP-LONG),2,0.2,1.593,1.595,1.595,1.587,2026-07-21 09:24:59 UTC,2026-07-21 09:29:41 UTC,281.6,0.3186,0.0042,0.0,0.0004,0.04,9.42,MIN_PROFIT_TP_HIT,0.258
2643,TRUMP_USDT,SHORT,StochasticRSI(FAST_SCALP-SHORT),2,0.2,1.595,1.593,1.593,1.601,2026-07-21 09:35:59 UTC,2026-07-21 09:38:59 UTC,179.82,0.319,0.0043,0.0,0.0004,0.04,9.4,MIN_PROFIT_TP_HIT,0.2584
2644,TRUMP_USDT,LONG,StochasticRSI(FAST_SCALP-LONG),2,0.2,1.596,1.598,1.598,1.59,2026-07-21 09:42:59 UTC,2026-07-21 09:45:49 UTC,169.07,0.3192,0.0043,0.0,0.0004,0.04,9.4,MIN_PROFIT_TP_HIT,0.2588
2645,TRUMP_USDT,SHORT,StochasticRSI(FAST_SCALP-SHORT),2,0.2,1.598,1.596,1.596,1.604,2026-07-21 09:49:59 UTC,2026-07-21 09:50:38 UTC,38.47,0.3196,0.0043,0.0,0.0004,0.04,9.39,MIN_PROFIT_TP_HIT,0.2592
2646,TRUMP_USDT,LONG,StochasticRSI(FAST_SCALP-LONG),2,0.2,1.596,1.598,1.598,1.59,2026-07-21 09:57:59 UTC,2026-07-21 10:26:20 UTC,1700.17,0.3192,0.0043,0.0,0.0004,0.04,9.4,MIN_PROFIT_TP_HIT,0.2596
2647,TRUMP_USDT,SHORT,StochasticRSI(FAST_SCALP-SHORT),2,0.2,1.597,1.603,1.595,1.603,2026-07-21 10:28:59 UTC,2026-07-21 10:36:03 UTC,423.06,0.3194,0.0043,0.0,-0.0012,-0.11,-28.18,STOP_LOSS_HIT,0.2584
2648,TRUMP_USDT,SHORT,StochasticRSI(FAST_SCALP-SHORT),2,0.2,1.6,1.598,1.598,1.606,2026-07-21 10:37:59 UTC,2026-07-21 10:41:12 UTC,192.71,0.32,0.0043,0.0,0.0004,0.04,9.38,MIN_PROFIT_TP_HIT,0.2588
2649,TRUMP_USDT,LONG,StochasticRSI(FAST_SCALP-LONG),2,0.2,1.6,1.594,1.602,1.594,2026-07-21 10:43:59 UTC,2026-07-21 10:50:47 UTC,407.66,0.32,0.0043,0.0,-0.0012,-0.11,-28.13,STOP_LOSS_HIT,0.2576
2650,TRUMP_USDT,LONG,StochasticRSI(FAST_SCALP-LONG),2,0.2,1.593,1.595,1.595,1.587,2026-07-21 10:58:59 UTC,2026-07-21 11:03:58 UTC,298.99,0.3186,0.0042,0.0,0.0004,0.04,9.42,MIN_PROFIT_TP_HIT,0.258
2651,TRUMP_USDT,SHORT,StochasticRSI(FAST_SCALP-SHORT),2,0.2,1.594,1.592,1.592,1.6,2026-07-21 11:05:59 UTC,2026-07-21 11:09:31 UTC,211.09,0.3188,0.0043,0.0,0.0004,0.04,9.41,MIN_PROFIT_TP_HIT,0.2584
2652,TRUMP_USDT,SHORT,StochasticRSI(FAST_SCALP-SHORT),2,0.2,1.594,1.6,1.592,1.6,2026-07-21 11:22:59 UTC,2026-07-21 11:36:50 UTC,830.62,0.3188,0.0043,0.0,-0.0012,-0.11,-28.23,STOP_LOSS_HIT,0.2572
2653,TRUMP_USDT,SHORT,StochasticRSI(FAST_SCALP-SHORT),2,0.2,1.598,1.596,1.596,1.604,2026-07-21 11:39:59 UTC,2026-07-21 11:59:11 UTC,1151.4,0.3196,0.0043,0.0,0.0004,0.04,9.39,MIN_PROFIT_TP_HIT,0.2576
2654,TRUMP_USDT,LONG,StochasticRSI(FAST_SCALP-LONG),2,0.2,1.598,1.6,1.6,1.592,2026-07-21 12:05:59 UTC,2026-07-21 12:06:42 UTC,42.13,0.3196,0.0043,0.0,0.0004,0.04,9.39,MIN_PROFIT_TP_HIT,0.258
2655,TRUMP_USDT,SHORT,StochasticRSI(FAST_SCALP-SHORT),2,0.2,1.601,1.599,1.599,1.607,2026-07-21 12:12:59 UTC,2026-07-21 12:15:57 UTC,177.64,0.3202,0.0043,0.0,0.0004,0.04,9.37,MIN_PROFIT_TP_HIT,0.2584
2656,TRUMP_USDT,LONG,StochasticRSI(FAST_SCALP-LONG),2,0.2,1.603,1.597,1.605,1.597,2026-07-21 12:18:59 UTC,2026-07-21 13:11:48 UTC,3168.36,0.3206,0.0043,0.0,-0.0012,-0.11,-28.07,STOP_LOSS_HIT,0.2572
2657,TRUMP_USDT,LONG,StochasticRSI(FAST_SCALP-LONG),2,0.2,1.599,1.601,1.601,1.593,2026-07-21 13:13:59 UTC,2026-07-21 13:24:13 UTC,613.28,0.3198,0.0043,0.0,0.0004,0.04,9.38,MIN_PROFIT_TP_HIT,0.2576
2658,TRUMP_USDT,SHORT,StochasticRSI(FAST_SCALP-SHORT),2,0.2,1.601,1.607,1.599,1.607,2026-07-21 13:27:59 UTC,2026-07-21 13:39:51 UTC,711.25,0.3202,0.0043,0.0,-0.0012,-0.11,-28.11,STOP_LOSS_HIT,0.2564
2659,TRUMP_USDT,LONG,StochasticRSI(FAST_SCALP-LONG),2,0.2,1.604,1.606,1.606,1.598,2026-07-21 13:45:59 UTC,2026-07-21 13:48:35 UTC,155.28,0.3208,0.0043,0.0,0.0004,0.04,9.35,MIN_PROFIT_TP_HIT,0.2568
2660,TRUMP_USDT,SHORT,StochasticRSI(FAST_SCALP-SHORT),2,0.2,1.606,1.604,1.604,1.612,2026-07-21 13:52:59 UTC,2026-07-21 13:56:27 UTC,207.54,0.3212,0.0043,0.0,0.0004,0.04,9.34,MIN_PROFIT_TP_HIT,0.2572
2661,TRUMP_USDT,LONG,StochasticRSI(FAST_SCALP-LONG),2,0.2,1.605,1.607,1.607,1.599,2026-07-21 14:00:59 UTC,2026-07-21 14:01:06 UTC,6.61,0.321,0.0043,0.0,0.0004,0.04,9.35,MIN_PROFIT_TP_HIT,0.2576
2662,TRUMP_USDT,LONG,StochasticRSI(FAST_SCALP-LONG),2,0.2,1.606,1.608,1.608,1.6,2026-07-21 14:04:59 UTC,2026-07-21 14:06:15 UTC,75.56,0.3212,0.0043,0.0,0.0004,0.04,9.34,MIN_PROFIT_TP_HIT,0.258
2663,TRUMP_USDT,LONG,StochasticRSI(FAST_SCALP-LONG),2,0.2,1.607,1.601,1.609,1.601,2026-07-21 14:11:59 UTC,2026-07-21 14:22:58 UTC,658.29,0.3214,0.0043,0.0,-0.0012,-0.11,-28.0,STOP_LOSS_HIT,0.2568
2664,TRUMP_USDT,LONG,StochasticRSI(FAST_SCALP-LONG),2,0.2,1.599,1.601,1.601,1.593,2026-07-21 14:32:59 UTC,2026-07-21 14:33:02 UTC,2.94,0.3198,0.0043,0.0,0.0004,0.04,9.38,MIN_PROFIT_TP_HIT,0.2572
2665,TRUMP_USDT,SHORT,StochasticRSI(FAST_SCALP-SHORT),2,0.2,1.601,1.599,1.599,1.607,2026-07-21 14:37:59 UTC,2026-07-21 14:41:47 UTC,227.52,0.3202,0.0043,0.0,0.0004,0.04,9.37,MIN_PROFIT_TP_HIT,0.2576
2666,TRUMP_USDT,SHORT,StochasticRSI(FAST_SCALP-SHORT),2,0.2,1.603,1.601,1.601,1.609,2026-07-21 14:42:59 UTC,2026-07-21 14:52:17 UTC,557.14,0.3206,0.0043,0.0,0.0004,0.04,9.36,MIN_PROFIT_TP_HIT,0.258
2667,TRUMP_USDT,LONG,StochasticRSI(FAST_SCALP-LONG),2,0.2,1.602,1.604,1.604,1.596,2026-07-21 14:55:59 UTC,2026-07-21 14:58:03 UTC,123.1,0.3204,0.0043,0.0,0.0004,0.04,9.36,MIN_PROFIT_TP_HIT,0.2584
2668,TRUMP_USDT,SHORT,StochasticRSI(FAST_SCALP-SHORT),2,0.2,1.603,1.609,1.601,1.609,2026-07-21 15:02:59 UTC,2026-07-21 15:12:02 UTC,542.38,0.3206,0.0043,0.0,-0.0012,-0.11,-28.07,STOP_LOSS_HIT,0.2572
2669,TRUMP_USDT,LONG,StochasticRSI(FAST_SCALP-LONG),2,0.2,1.608,1.61,1.61,1.602,2026-07-21 15:18:59 UTC,2026-07-21 15:19:51 UTC,51.94,0.3216,0.0043,0.0,0.0004,0.04,9.33,MIN_PROFIT_TP_HIT,0.2576
2670,TRUMP_USDT,LONG,StochasticRSI(FAST_SCALP-LONG),2,0.2,1.605,1.607,1.607,1.599,2026-07-21 15:29:59 UTC,2026-07-21 15:35:25 UTC,325.25,0.321,0.0043,0.0,0.0004,0.04,9.35,MIN_PROFIT_TP_HIT,0.258
2671,TRUMP_USDT,SHORT,StochasticRSI(FAST_SCALP-SHORT),2,0.2,1.608,1.606,1.606,1.614,2026-07-21 15:39:59 UTC,2026-07-21 15:40:08 UTC,8.23,0.3216,0.0043,0.0,0.0004,0.04,9.33,MIN_PROFIT_TP_HIT,0.2584
2672,TRUMP_USDT,LONG,StochasticRSI(FAST_SCALP-LONG),2,0.2,1.608,1.61,1.61,1.602,2026-07-21 15:48:59 UTC,2026-07-21 15:52:59 UTC,239.69,0.3216,0.0043,0.0,0.0004,0.04,9.33,MIN_PROFIT_TP_HIT,0.2588
2673,TRUMP_USDT,SHORT,StochasticRSI(FAST_SCALP-SHORT),2,0.2,1.611,1.609,1.609,1.617,2026-07-21 15:56:59 UTC,2026-07-21 15:58:03 UTC,63.31,0.3222,0.0043,0.0,0.0004,0.04,9.31,MIN_PROFIT_TP_HIT,0.2592
2674,TRUMP_USDT,SHORT,StochasticRSI(FAST_SCALP-SHORT),2,0.2,1.609,1.607,1.607,1.615,2026-07-21 15:59:59 UTC,2026-07-21 16:00:06 UTC,6.95,0.3218,0.0043,0.0,0.0004,0.04,9.32,MIN_PROFIT_TP_HIT,0.2596
2675,TRUMP_USDT,LONG,StochasticRSI(FAST_SCALP-LONG),2,0.2,1.606,1.6,1.608,1.6,2026-07-21 16:03:59 UTC,2026-07-21 16:09:51 UTC,351.03,0.3212,0.0043,0.0,-0.0012,-0.11,-28.02,STOP_LOSS_HIT,0.2584
2676,TRUMP_USDT,LONG,StochasticRSI(FAST_SCALP-LONG),2,0.2,1.601,1.603,1.603,1.595,2026-07-21 16:11:59 UTC,2026-07-21 16:17:35 UTC,335.92,0.3202,0.0043,0.0,0.0004,0.04,9.37,MIN_PROFIT_TP_HIT,0.2588
2677,TRUMP_USDT,SHORT,StochasticRSI(FAST_SCALP-SHORT),2,0.2,1.601,1.599,1.599,1.607,2026-07-21 16:22:59 UTC,2026-07-21 16:24:39 UTC,99.52,0.3202,0.0043,0.0,0.0004,0.04,9.37,MIN_PROFIT_TP_HIT,0.2592
2678,TRUMP_USDT,SHORT,StochasticRSI(FAST_SCALP-SHORT),2,0.2,1.599,1.597,1.597,1.605,2026-07-21 16:25:59 UTC,2026-07-21 16:47:40 UTC,1300.04,0.3198,0.0043,0.0,0.0004,0.04,9.38,MIN_PROFIT_TP_HIT,0.2596
2679,TRUMP_USDT,LONG,StochasticRSI(FAST_SCALP-LONG),2,0.2,1.6,1.602,1.602,1.594,2026-07-21 16:49:59 UTC,2026-07-21 16:54:56 UTC,296.25,0.32,0.0043,0.0,0.0004,0.04,9.38,MIN_PROFIT_TP_HIT,0.26
2680,TRUMP_USDT,SHORT,StochasticRSI(FAST_SCALP-SHORT),2,0.2,1.604,1.602,1.602,1.61,2026-07-21 17:00:59 UTC,2026-07-21 17:06:22 UTC,322.1,0.3208,0.0043,0.0,0.0004,0.04,9.35,MIN_PROFIT_TP_HIT,0.2604
2681,TRUMP_USDT,LONG,StochasticRSI(FAST_SCALP-LONG),2,0.2,1.6,1.594,1.602,1.594,2026-07-21 17:10:59 UTC,2026-07-21 17:46:56 UTC,2156.96,0.32,0.0043,0.0,-0.0012,-0.11,-28.13,STOP_LOSS_HIT,0.2592
2682,TRUMP_USDT,SHORT,StochasticRSI(FAST_SCALP-SHORT),2,0.2,1.599,1.597,1.597,1.605,2026-07-21 18:08:59 UTC,2026-07-21 18:24:49 UTC,949.05,0.3198,0.0043,0.0,0.0004,0.04,9.38,MIN_PROFIT_TP_HIT,0.2596
2683,TRUMP_USDT,LONG,StochasticRSI(FAST_SCALP-LONG),2,0.2,1.6,1.602,1.602,1.594,2026-07-21 18:34:59 UTC,2026-07-21 18:37:23 UTC,143.25,0.32,0.0043,0.0,0.0004,0.04,9.38,MIN_PROFIT_TP_HIT,0.26
2684,TRUMP_USDT,SHORT,StochasticRSI(FAST_SCALP-SHORT),2,0.2,1.602,1.6,1.6,1.608,2026-07-21 18:38:59 UTC,2026-07-21 18:39:36 UTC,36.22,0.3204,0.0043,0.0,0.0004,0.04,9.36,MIN_PROFIT_TP_HIT,0.2604
2685,TRUMP_USDT,LONG,StochasticRSI(FAST_SCALP-LONG),2,0.2,1.597,1.599,1.599,1.591,2026-07-21 19:00:59 UTC,2026-07-21 19:04:11 UTC,191.14,0.3194,0.0043,0.0,0.0004,0.04,9.39,MIN_PROFIT_TP_HIT,0.2608
2686,TRUMP_USDT,SHORT,StochasticRSI(FAST_SCALP-SHORT),2,0.2,1.598,1.596,1.596,1.604,2026-07-21 19:09:59 UTC,2026-07-21 19:13:16 UTC,196.36,0.3196,0.0043,0.0,0.0004,0.04,9.39,MIN_PROFIT_TP_HIT,0.2612
2687,TRUMP_USDT,LONG,StochasticRSI(FAST_SCALP-LONG),2,0.2,1.598,1.6,1.6,1.592,2026-07-21 19:18:59 UTC,2026-07-21 19:22:24 UTC,204.27,0.3196,0.0043,0.0,0.0004,0.04,9.39,MIN_PROFIT_TP_HIT,0.2616
2688,TRUMP_USDT,SHORT,StochasticRSI(FAST_SCALP-SHORT),2,0.2,1.599,1.597,1.597,1.605,2026-07-21 19:28:59 UTC,2026-07-21 19:29:10 UTC,10.31,0.3198,0.0043,0.0,0.0004,0.04,9.38,MIN_PROFIT_TP_HIT,0.262
2689,TRUMP_USDT,SHORT,StochasticRSI(FAST_SCALP-SHORT),2,0.2,1.603,1.601,1.601,1.609,2026-07-21 19:50:59 UTC,2026-07-21 19:51:30 UTC,30.77,0.3206,0.0043,0.0,0.0004,0.04,9.36,MIN_PROFIT_TP_HIT,0.2624
2690,TRUMP_USDT,LONG,StochasticRSI(FAST_SCALP-LONG),2,0.2,1.598,1.592,1.6,1.592,2026-07-21 20:07:59 UTC,2026-07-21 20:59:18 UTC,3078.85,0.3196,0.0043,0.0,-0.0012,-0.11,-28.16,STOP_LOSS_HIT,0.2612
2691,TRUMP_USDT,LONG,StochasticRSI(FAST_SCALP-LONG),2,0.2,1.591,1.593,1.593,1.585,2026-07-21 21:05:59 UTC,2026-07-21 21:07:55 UTC,115.49,0.3182,0.0042,0.0,0.0004,0.04,9.43,MIN_PROFIT_TP_HIT,0.2616
2692,TRUMP_USDT,SHORT,StochasticRSI(FAST_SCALP-SHORT),2,0.2,1.593,1.599,1.591,1.599,2026-07-21 21:11:59 UTC,2026-07-21 22:33:43 UTC,4903.95,0.3186,0.0042,0.0,-0.0012,-0.11,-28.25,STOP_LOSS_HIT,0.2604
2693,TRUMP_USDT,LONG,StochasticRSI(FAST_SCALP-LONG),2,0.2,1.596,1.59,1.598,1.59,2026-07-21 22:40:59 UTC,2026-07-21 23:00:22 UTC,1162.87,0.3192,0.0043,0.0,-0.0012,-0.11,-28.2,STOP_LOSS_HIT,0.2592
2694,TRUMP_USDT,LONG,StochasticRSI(FAST_SCALP-LONG),2,0.2,1.587,1.589,1.589,1.581,2026-07-21 23:05:59 UTC,2026-07-21 23:06:40 UTC,40.59,0.3174,0.0042,0.0,0.0004,0.04,9.45,MIN_PROFIT_TP_HIT,0.2596
2695,TRUMP_USDT,LONG,StochasticRSI(FAST_SCALP-LONG),2,0.2,1.587,1.589,1.589,1.581,2026-07-21 23:07:59 UTC,2026-07-21 23:08:14 UTC,14.38,0.3174,0.0042,0.0,0.0004,0.04,9.45,MIN_PROFIT_TP_HIT,0.26
2696,TRUMP_USDT,SHORT,StochasticRSI(FAST_SCALP-SHORT),2,0.2,1.587,1.593,1.585,1.593,2026-07-21 23:21:59 UTC,2026-07-21 23:32:13 UTC,613.49,0.3174,0.0042,0.0,-0.0012,-0.11,-28.36,STOP_LOSS_HIT,0.2588
2697,TRUMP_USDT,LONG,StochasticRSI(FAST_SCALP-LONG),2,0.2,1.589,1.591,1.591,1.583,2026-07-21 23:41:59 UTC,2026-07-21 23:56:10 UTC,850.5,0.3178,0.0042,0.0,0.0004,0.04,9.44,MIN_PROFIT_TP_HIT,0.2592
2698,TRUMP_USDT,SHORT,StochasticRSI(FAST_SCALP-SHORT),2,0.2,1.589,1.595,1.587,1.595,2026-07-22 00:01:59 UTC,2026-07-22 00:12:22 UTC,622.33,0.3178,0.0042,0.0,-0.0012,-0.11,-28.32,STOP_LOSS_HIT,0.258
2699,TRUMP_USDT,SHORT,StochasticRSI(FAST_SCALP-SHORT),2,0.2,1.594,1.592,1.592,1.6,2026-07-22 00:24:59 UTC,2026-07-22 00:29:03 UTC,243.24,0.3188,0.0043,0.0,0.0004,0.04,9.41,MIN_PROFIT_TP_HIT,0.2584
2700,TRUMP_USDT,LONG,StochasticRSI(FAST_SCALP-LONG),2,0.2,1.595,1.589,1.597,1.589,2026-07-22 00:34:59 UTC,2026-07-22 01:14:52 UTC,2392.96,0.319,0.0043,0.0,-0.0012,-0.11,-28.21,STOP_LOSS_HIT,0.2572
2701,TRUMP_USDT,LONG,StochasticRSI(FAST_SCALP-LONG),2,0.2,1.589,1.591,1.591,1.583,2026-07-22 01:19:59 UTC,2026-07-22 01:20:12 UTC,12.29,0.3178,0.0042,0.0,0.0004,0.04,9.44,MIN_PROFIT_TP_HIT,0.2576
2702,TRUMP_USDT,LONG,StochasticRSI(FAST_SCALP-LONG),2,0.2,1.588,1.582,1.59,1.582,2026-07-22 01:27:59 UTC,2026-07-22 01:41:26 UTC,806.03,0.3176,0.0042,0.0,-0.0012,-0.11,-28.34,STOP_LOSS_HIT,0.2564
2703,TRUMP_USDT,LONG,StochasticRSI(FAST_SCALP-LONG),2,0.2,1.585,1.587,1.587,1.579,2026-07-22 01:45:59 UTC,2026-07-22 01:47:04 UTC,64.55,0.317,0.0042,0.0,0.0004,0.04,9.46,MIN_PROFIT_TP_HIT,0.2568
2704,TRUMP_USDT,SHORT,StochasticRSI(FAST_SCALP-SHORT),2,0.2,1.585,1.583,1.583,1.591,2026-07-22 01:50:59 UTC,2026-07-22 02:00:41 UTC,581.04,0.317,0.0042,0.0,0.0004,0.04,9.46,MIN_PROFIT_TP_HIT,0.2572
2705,TRUMP_USDT,LONG,StochasticRSI(FAST_SCALP-LONG),2,0.2,1.583,1.585,1.585,1.577,2026-07-22 02:05:59 UTC,2026-07-22 02:19:06 UTC,786.51,0.3166,0.0042,0.0,0.0004,0.04,9.48,MIN_PROFIT_TP_HIT,0.2576
2706,TRUMP_USDT,SHORT,StochasticRSI(FAST_SCALP-SHORT),2,0.2,1.583,1.581,1.581,1.589,2026-07-22 02:21:59 UTC,2026-07-22 02:35:26 UTC,806.98,0.3166,0.0042,0.0,0.0004,0.04,9.48,MIN_PROFIT_TP_HIT,0.258
2707,TRUMP_USDT,LONG,StochasticRSI(FAST_SCALP-LONG),2,0.2,1.582,1.584,1.584,1.576,2026-07-22 02:38:59 UTC,2026-07-22 02:41:34 UTC,154.71,0.3164,0.0042,0.0,0.0004,0.04,9.48,MIN_PROFIT_TP_HIT,0.2584
2708,TRUMP_USDT,SHORT,StochasticRSI(FAST_SCALP-SHORT),2,0.2,1.582,1.58,1.58,1.588,2026-07-22 02:44:59 UTC,2026-07-22 02:51:20 UTC,381.0,0.3164,0.0042,0.0,0.0004,0.04,9.48,MIN_PROFIT_TP_HIT,0.2588
2709,TRUMP_USDT,LONG,StochasticRSI(FAST_SCALP-LONG),2,0.2,1.581,1.583,1.583,1.575,2026-07-22 02:55:59 UTC,2026-07-22 03:01:44 UTC,344.67,0.3162,0.0042,0.0,0.0004,0.04,9.49,MIN_PROFIT_TP_HIT,0.2592
2710,TRUMP_USDT,SHORT,StochasticRSI(FAST_SCALP-SHORT),2,0.2,1.583,1.581,1.581,1.589,2026-07-22 03:03:59 UTC,2026-07-22 03:09:10 UTC,310.78,0.3166,0.0042,0.0,0.0004,0.04,9.48,MIN_PROFIT_TP_HIT,0.2596
2711,TRUMP_USDT,LONG,StochasticRSI(FAST_SCALP-LONG),2,0.2,1.581,1.583,1.583,1.575,2026-07-22 03:13:59 UTC,2026-07-22 03:14:00 UTC,0.6,0.3162,0.0042,0.0,0.0004,0.04,9.49,MIN_PROFIT_TP_HIT,0.26
2712,TRUMP_USDT,SHORT,StochasticRSI(FAST_SCALP-SHORT),2,0.2,1.584,1.582,1.582,1.59,2026-07-22 03:23:59 UTC,2026-07-22 03:58:29 UTC,2069.4,0.3168,0.0042,0.0,0.0004,0.04,9.47,MIN_PROFIT_TP_HIT,0.2604
2713,TRUMP_USDT,LONG,StochasticRSI(FAST_SCALP-LONG),2,0.2,1.584,1.586,1.586,1.578,2026-07-22 04:01:59 UTC,2026-07-22 04:03:40 UTC,100.92,0.3168,0.0042,0.0,0.0004,0.04,9.47,MIN_PROFIT_TP_HIT,0.2608
2714,TRUMP_USDT,SHORT,StochasticRSI(FAST_SCALP-SHORT),2,0.2,1.589,1.587,1.587,1.595,2026-07-22 04:10:59 UTC,2026-07-22 04:18:22 UTC,442.02,0.3178,0.0042,0.0,0.0004,0.04,9.44,MIN_PROFIT_TP_HIT,0.2612
2715,TRUMP_USDT,LONG,StochasticRSI(FAST_SCALP-LONG),2,0.2,1.588,1.59,1.59,1.582,2026-07-22 04:20:59 UTC,2026-07-22 04:21:57 UTC,57.57,0.3176,0.0042,0.0,0.0004,0.04,9.45,MIN_PROFIT_TP_HIT,0.2616
2716,TRUMP_USDT,SHORT,StochasticRSI(FAST_SCALP-SHORT),2,0.2,1.588,1.594,1.586,1.594,2026-07-22 04:25:59 UTC,2026-07-22 04:52:33 UTC,1593.76,0.3176,0.0042,0.0,-0.0012,-0.11,-28.34,STOP_LOSS_HIT,0.2604
2717,TRUMP_USDT,LONG,StochasticRSI(FAST_SCALP-LONG),2,0.2,1.591,1.585,1.593,1.585,2026-07-22 04:59:59 UTC,2026-07-22 05:18:36 UTC,1116.99,0.3182,0.0042,0.0,-0.0012,-0.11,-28.28,STOP_LOSS_HIT,0.2592
2718,TRUMP_USDT,LONG,StochasticRSI(FAST_SCALP-LONG),2,0.2,1.586,1.588,1.588,1.58,2026-07-22 05:20:59 UTC,2026-07-22 05:34:38 UTC,818.69,0.3172,0.0042,0.0,0.0004,0.04,9.46,MIN_PROFIT_TP_HIT,0.2596
2719,TRUMP_USDT,SHORT,StochasticRSI(FAST_SCALP-SHORT),2,0.2,1.584,1.582,1.582,1.59,2026-07-22 05:37:59 UTC,2026-07-22 05:39:22 UTC,82.58,0.3168,0.0042,0.0,0.0004,0.04,9.47,MIN_PROFIT_TP_HIT,0.26
2720,TRUMP_USDT,LONG,StochasticRSI(FAST_SCALP-LONG),2,0.2,1.586,1.588,1.588,1.58,2026-07-22 05:43:59 UTC,2026-07-22 05:46:32 UTC,152.53,0.3172,0.0042,0.0,0.0004,0.04,9.46,MIN_PROFIT_TP_HIT,0.2604
2721,TRUMP_USDT,SHORT,StochasticRSI(FAST_SCALP-SHORT),2,0.2,1.588,1.586,1.586,1.594,2026-07-22 05:49:59 UTC,2026-07-22 05:56:24 UTC,384.28,0.3176,0.0042,0.0,0.0004,0.04,9.45,MIN_PROFIT_TP_HIT,0.2608
2722,TRUMP_USDT,LONG,StochasticRSI(FAST_SCALP-LONG),2,0.2,1.584,1.586,1.586,1.578,2026-07-22 06:01:59 UTC,2026-07-22 06:11:28 UTC,568.07,0.3168,0.0042,0.0,0.0004,0.04,9.47,MIN_PROFIT_TP_HIT,0.2612
2723,TRUMP_USDT,SHORT,StochasticRSI(FAST_SCALP-SHORT),2,0.2,1.585,1.583,1.583,1.591,2026-07-22 06:14:59 UTC,2026-07-22 06:19:08 UTC,248.34,0.317,0.0042,0.0,0.0004,0.04,9.46,MIN_PROFIT_TP_HIT,0.2616
2724,TRUMP_USDT,LONG,StochasticRSI(FAST_SCALP-LONG),2,0.2,1.584,1.586,1.586,1.578,2026-07-22 06:23:59 UTC,2026-07-22 06:34:38 UTC,638.08,0.3168,0.0042,0.0,0.0004,0.04,9.47,MIN_PROFIT_TP_HIT,0.262
2725,TRUMP_USDT,SHORT,StochasticRSI(FAST_SCALP-SHORT),2,0.2,1.589,1.587,1.587,1.595,2026-07-22 06:39:59 UTC,2026-07-22 06:45:07 UTC,307.4,0.3178,0.0042,0.0,0.0004,0.04,9.44,MIN_PROFIT_TP_HIT,0.2624
2726,TRUMP_USDT,LONG,StochasticRSI(FAST_SCALP-LONG),2,0.2,1.587,1.589,1.589,1.581,2026-07-22 06:46:59 UTC,2026-07-22 06:49:02 UTC,122.04,0.3174,0.0042,0.0,0.0004,0.04,9.45,MIN_PROFIT_TP_HIT,0.2628
2727,TRUMP_USDT,LONG,StochasticRSI(FAST_SCALP-LONG),2,0.2,1.588,1.582,1.59,1.582,2026-07-22 06:50:59 UTC,2026-07-22 07:35:00 UTC,2640.52,0.3176,0.0042,0.0,-0.0012,-0.11,-28.34,STOP_LOSS_HIT,0.2616
2728,TRUMP_USDT,LONG,StochasticRSI(FAST_SCALP-LONG),2,0.2,1.582,1.584,1.584,1.576,2026-07-22 07:39:59 UTC,2026-07-22 07:44:01 UTC,241.2,0.3164,0.0042,0.0,0.0004,0.04,9.48,MIN_PROFIT_TP_HIT,0.262
2729,TRUMP_USDT,SHORT,StochasticRSI(FAST_SCALP-SHORT),2,0.2,1.583,1.589,1.581,1.589,2026-07-22 07:49:59 UTC,2026-07-22 08:00:54 UTC,654.18,0.3166,0.0042,0.0,-0.0012,-0.11,-28.43,STOP_LOSS_HIT,0.2608
2730,TRUMP_USDT,LONG,StochasticRSI(FAST_SCALP-LONG),2,0.2,1.591,1.593,1.593,1.585,2026-07-22 08:05:59 UTC,2026-07-22 08:07:24 UTC,84.81,0.3182,0.0042,0.0,0.0004,0.04,9.43,MIN_PROFIT_TP_HIT,0.2612
2731,TRUMP_USDT,SHORT,StochasticRSI(FAST_SCALP-SHORT),2,0.2,1.6,1.598,1.598,1.606,2026-07-22 08:10:59 UTC,2026-07-22 08:11:01 UTC,1.05,0.32,0.0043,0.0,0.0004,0.04,9.38,MIN_PROFIT_TP_HIT,0.2616
2732,TRUMP_USDT,LONG,StochasticRSI(FAST_SCALP-LONG),2,0.2,1.597,1.599,1.599,1.591,2026-07-22 08:20:59 UTC,2026-07-22 08:21:36 UTC,36.48,0.3194,0.0043,0.0,0.0004,0.04,9.39,MIN_PROFIT_TP_HIT,0.262
2733,TRUMP_USDT,SHORT,StochasticRSI(FAST_SCALP-SHORT),2,0.2,1.597,1.595,1.595,1.603,2026-07-22 08:25:59 UTC,2026-07-22 08:26:16 UTC,16.31,0.3194,0.0043,0.0,0.0004,0.04,9.39,MIN_PROFIT_TP_HIT,0.2624
2734,TRUMP_USDT,LONG,StochasticRSI(FAST_SCALP-LONG),2,0.2,1.596,1.598,1.598,1.59,2026-07-22 08:30:59 UTC,2026-07-22 09:06:17 UTC,2117.17,0.3192,0.0043,0.0,0.0004,0.04,9.4,MIN_PROFIT_TP_HIT,0.2628
2735,TRUMP_USDT,LONG,StochasticRSI(FAST_SCALP-LONG),2,0.2,1.596,1.598,1.598,1.59,2026-07-22 09:14:59 UTC,2026-07-22 09:17:01 UTC,121.71,0.3192,0.0043,0.0,0.0004,0.04,9.4,MIN_PROFIT_TP_HIT,0.2632
2736,TRUMP_USDT,SHORT,StochasticRSI(FAST_SCALP-SHORT),2,0.2,1.599,1.597,1.597,1.605,2026-07-22 09:22:59 UTC,2026-07-22 09:23:49 UTC,49.82,0.3198,0.0043,0.0,0.0004,0.04,9.38,MIN_PROFIT_TP_HIT,0.2636
2737,TRUMP_USDT,LONG,StochasticRSI(FAST_SCALP-LONG),2,0.2,1.6,1.602,1.602,1.594,2026-07-22 09:27:59 UTC,2026-07-22 09:28:06 UTC,6.47,0.32,0.0043,0.0,0.0004,0.04,9.38,MIN_PROFIT_TP_HIT,0.264
2738,TRUMP_USDT,SHORT,StochasticRSI(FAST_SCALP-SHORT),2,0.2,1.601,1.599,1.599,1.607,2026-07-22 09:30:59 UTC,2026-07-22 09:33:44 UTC,164.19,0.3202,0.0043,0.0,0.0004,0.04,9.37,MIN_PROFIT_TP_HIT,0.2644
2739,TRUMP_USDT,LONG,StochasticRSI(FAST_SCALP-LONG),2,0.2,1.598,1.6,1.6,1.592,2026-07-22 09:37:59 UTC,2026-07-22 09:42:03 UTC,243.95,0.3196,0.0043,0.0,0.0004,0.04,9.39,MIN_PROFIT_TP_HIT,0.2648
2740,TRUMP_USDT,SHORT,StochasticRSI(FAST_SCALP-SHORT),2,0.2,1.601,1.607,1.599,1.607,2026-07-22 09:47:59 UTC,2026-07-22 10:07:28 UTC,1168.04,0.3202,0.0043,0.0,-0.0012,-0.11,-28.11,STOP_LOSS_HIT,0.2636
2741,TRUMP_USDT,SHORT,StochasticRSI(FAST_SCALP-SHORT),2,0.2,1.603,1.601,1.601,1.609,2026-07-22 10:11:59 UTC,2026-07-22 10:12:54 UTC,54.39,0.3206,0.0043,0.0,0.0004,0.04,9.36,MIN_PROFIT_TP_HIT,0.264
2742,TRUMP_USDT,LONG,StochasticRSI(FAST_SCALP-LONG),2,0.2,1.602,1.604,1.604,1.596,2026-07-22 10:16:59 UTC,2026-07-22 10:18:42 UTC,102.43,0.3204,0.0043,0.0,0.0004,0.04,9.36,MIN_PROFIT_TP_HIT,0.2644
2743,TRUMP_USDT,LONG,StochasticRSI(FAST_SCALP-LONG),2,0.2,1.6,1.602,1.602,1.594,2026-07-22 10:25:59 UTC,2026-07-22 10:26:22 UTC,22.25,0.32,0.0043,0.0,0.0004,0.04,9.38,MIN_PROFIT_TP_HIT,0.2648
2744,TRUMP_USDT,SHORT,StochasticRSI(FAST_SCALP-SHORT),2,0.2,1.603,1.601,1.601,1.609,2026-07-22 10:31:59 UTC,2026-07-22 11:06:16 UTC,2056.07,0.3206,0.0043,0.0,0.0004,0.04,9.36,MIN_PROFIT_TP_HIT,0.2652
2745,TRUMP_USDT,LONG,StochasticRSI(FAST_SCALP-LONG),2,0.2,1.599,1.601,1.601,1.593,2026-07-22 11:11:59 UTC,2026-07-22 11:25:01 UTC,781.52,0.3198,0.0043,0.0,0.0004,0.04,9.38,MIN_PROFIT_TP_HIT,0.2656
2746,TRUMP_USDT,SHORT,StochasticRSI(FAST_SCALP-SHORT),2,0.2,1.599,1.597,1.597,1.605,2026-07-22 11:27:59 UTC,2026-07-22 11:30:23 UTC,143.4,0.3198,0.0043,0.0,0.0004,0.04,9.38,MIN_PROFIT_TP_HIT,0.266
2747,TRUMP_USDT,LONG,StochasticRSI(FAST_SCALP-LONG),2,0.2,1.599,1.593,1.601,1.593,2026-07-22 11:32:59 UTC,2026-07-22 11:40:54 UTC,474.39,0.3198,0.0043,0.0,-0.0012,-0.11,-28.14,STOP_LOSS_HIT,0.2648
2748,TRUMP_USDT,SHORT,StochasticRSI(FAST_SCALP-SHORT),2,0.2,1.598,1.596,1.596,1.604,2026-07-22 11:41:59 UTC,2026-07-22 11:42:47 UTC,47.1,0.3196,0.0043,0.0,0.0004,0.04,9.39,MIN_PROFIT_TP_HIT,0.2652
2749,TRUMP_USDT,SHORT,StochasticRSI(FAST_SCALP-SHORT),2,0.2,1.601,1.599,1.599,1.607,2026-07-22 11:50:59 UTC,2026-07-22 12:02:36 UTC,696.14,0.3202,0.0043,0.0,0.0004,0.04,9.37,MIN_PROFIT_TP_HIT,0.2656
2750,TRUMP_USDT,SHORT,StochasticRSI(FAST_SCALP-SHORT),2,0.2,1.6,1.598,1.598,1.606,2026-07-22 12:03:59 UTC,2026-07-22 12:06:21 UTC,141.06,0.32,0.0043,0.0,0.0004,0.04,9.38,MIN_PROFIT_TP_HIT,0.266
2751,TRUMP_USDT,LONG,StochasticRSI(FAST_SCALP-LONG),2,0.2,1.597,1.591,1.599,1.591,2026-07-22 12:11:59 UTC,2026-07-22 12:38:03 UTC,1563.5,0.3194,0.0043,0.0,-0.0012,-0.11,-28.18,STOP_LOSS_HIT,0.2648
2752,TRUMP_USDT,LONG,StochasticRSI(FAST_SCALP-LONG),2,0.2,1.594,1.588,1.596,1.588,2026-07-22 12:40:59 UTC,2026-07-22 12:49:48 UTC,528.27,0.3188,0.0043,0.0,-0.0012,-0.11,-28.23,STOP_LOSS_HIT,0.2636
2753,TRUMP_USDT,SHORT,StochasticRSI(FAST_SCALP-SHORT),2,0.2,1.589,1.587,1.587,1.595,2026-07-22 12:50:59 UTC,2026-07-22 12:51:09 UTC,9.52,0.3178,0.0042,0.0,0.0004,0.04,9.44,MIN_PROFIT_TP_HIT,0.264
2754,TRUMP_USDT,SHORT,StochasticRSI(FAST_SCALP-SHORT),2,0.2,1.59,1.588,1.588,1.596,2026-07-22 13:04:59 UTC,2026-07-22 13:26:47 UTC,1307.36,0.318,0.0042,0.0,0.0004,0.04,9.43,MIN_PROFIT_TP_HIT,0.2644
2755,TRUMP_USDT,LONG,StochasticRSI(FAST_SCALP-LONG),2,0.2,1.587,1.589,1.589,1.581,2026-07-22 13:29:59 UTC,2026-07-22 13:30:00 UTC,0.96,0.3174,0.0042,0.0,0.0004,0.04,9.45,MIN_PROFIT_TP_HIT,0.2648
2756,TRUMP_USDT,SHORT,StochasticRSI(FAST_SCALP-SHORT),2,0.2,1.594,1.592,1.592,1.6,2026-07-22 13:37:59 UTC,2026-07-22 13:38:53 UTC,53.08,0.3188,0.0043,0.0,0.0004,0.04,9.41,MIN_PROFIT_TP_HIT,0.2652
2757,TRUMP_USDT,SHORT,StochasticRSI(FAST_SCALP-SHORT),2,0.2,1.597,1.595,1.595,1.603,2026-07-22 13:41:59 UTC,2026-07-22 13:47:53 UTC,353.14,0.3194,0.0043,0.0,0.0004,0.04,9.39,MIN_PROFIT_TP_HIT,0.2656
2758,TRUMP_USDT,LONG,StochasticRSI(FAST_SCALP-LONG),2,0.2,1.594,1.596,1.596,1.588,2026-07-22 13:52:59 UTC,2026-07-22 13:53:08 UTC,8.67,0.3188,0.0043,0.0,0.0004,0.04,9.41,MIN_PROFIT_TP_HIT,0.266
2759,TRUMP_USDT,LONG,StochasticRSI(FAST_SCALP-LONG),2,0.2,1.597,1.599,1.599,1.591,2026-07-22 13:54:59 UTC,2026-07-22 13:59:32 UTC,272.23,0.3194,0.0043,0.0,0.0004,0.04,9.39,MIN_PROFIT_TP_HIT,0.2664
2760,TRUMP_USDT,SHORT,StochasticRSI(FAST_SCALP-SHORT),2,0.2,1.597,1.603,1.595,1.603,2026-07-22 14:02:59 UTC,2026-07-22 14:05:17 UTC,137.65,0.3194,0.0043,0.0,-0.0012,-0.11,-28.18,STOP_LOSS_HIT,0.2652
2761,TRUMP_USDT,SHORT,StochasticRSI(FAST_SCALP-SHORT),2,0.2,1.599,1.597,1.597,1.605,2026-07-22 14:08:59 UTC,2026-07-22 14:09:12 UTC,12.38,0.3198,0.0043,0.0,0.0004,0.04,9.38,MIN_PROFIT_TP_HIT,0.2656
2762,TRUMP_USDT,LONG,StochasticRSI(FAST_SCALP-LONG),2,0.2,1.599,1.593,1.601,1.593,2026-07-22 14:12:59 UTC,2026-07-22 14:24:34 UTC,694.4,0.3198,0.0043,0.0,-0.0012,-0.11,-28.14,STOP_LOSS_HIT,0.2644
2763,TRUMP_USDT,SHORT,StochasticRSI(FAST_SCALP-SHORT),2,0.2,1.595,1.593,1.593,1.601,2026-07-22 14:35:59 UTC,2026-07-22 14:40:52 UTC,292.79,0.319,0.0043,0.0,0.0004,0.04,9.4,MIN_PROFIT_TP_HIT,0.2648
2764,TRUMP_USDT,LONG,StochasticRSI(FAST_SCALP-LONG),2,0.2,1.594,1.596,1.596,1.588,2026-07-22 14:43:59 UTC,2026-07-22 14:44:50 UTC,50.26,0.3188,0.0043,0.0,0.0004,0.04,9.41,MIN_PROFIT_TP_HIT,0.2652
2765,TRUMP_USDT,SHORT,StochasticRSI(FAST_SCALP-SHORT),2,0.2,1.597,1.595,1.595,1.603,2026-07-22 14:49:59 UTC,2026-07-22 14:51:11 UTC,71.46,0.3194,0.0043,0.0,0.0004,0.04,9.39,MIN_PROFIT_TP_HIT,0.2656
2766,TRUMP_USDT,LONG,StochasticRSI(FAST_SCALP-LONG),2,0.2,1.595,1.597,1.597,1.589,2026-07-22 14:56:59 UTC,2026-07-22 14:57:28 UTC,28.08,0.319,0.0043,0.0,0.0004,0.04,9.4,MIN_PROFIT_TP_HIT,0.266
2767,TRUMP_USDT,SHORT,StochasticRSI(FAST_SCALP-SHORT),2,0.2,1.601,1.599,1.599,1.607,2026-07-22 15:02:59 UTC,2026-07-22 15:05:28 UTC,148.98,0.3202,0.0043,0.0,0.0004,0.04,9.37,MIN_PROFIT_TP_HIT,0.2664
2768,TRUMP_USDT,SHORT,StochasticRSI(FAST_SCALP-SHORT),2,0.2,1.6,1.606,1.598,1.606,2026-07-22 15:06:59 UTC,2026-07-22 15:20:16 UTC,796.73,0.32,0.0043,0.0,-0.0012,-0.11,-28.13,STOP_LOSS_HIT,0.2652
2769,TRUMP_USDT,SHORT,StochasticRSI(FAST_SCALP-SHORT),2,0.2,1.604,1.602,1.602,1.61,2026-07-22 15:22:59 UTC,2026-07-22 15:29:02 UTC,362.1,0.3208,0.0043,0.0,0.0004,0.04,9.35,MIN_PROFIT_TP_HIT,0.2656
2770,TRUMP_USDT,LONG,StochasticRSI(FAST_SCALP-LONG),2,0.2,1.601,1.603,1.603,1.595,2026-07-22 15:35:59 UTC,2026-07-22 15:48:07 UTC,727.28,0.3202,0.0043,0.0,0.0004,0.04,9.37,MIN_PROFIT_TP_HIT,0.266
2771,TRUMP_USDT,SHORT,StochasticRSI(FAST_SCALP-SHORT),2,0.2,1.602,1.6,1.6,1.608,2026-07-22 15:51:59 UTC,2026-07-22 15:53:02 UTC,62.78,0.3204,0.0043,0.0,0.0004,0.04,9.36,MIN_PROFIT_TP_HIT,0.2664
2772,TRUMP_USDT,SHORT,StochasticRSI(FAST_SCALP-SHORT),2,0.2,1.606,1.604,1.604,1.612,2026-07-22 16:01:59 UTC,2026-07-22 16:02:26 UTC,26.38,0.3212,0.0043,0.0,0.0004,0.04,9.34,MIN_PROFIT_TP_HIT,0.2668
2773,TRUMP_USDT,SHORT,StochasticRSI(FAST_SCALP-SHORT),2,0.2,1.605,1.603,1.603,1.611,2026-07-22 16:03:59 UTC,2026-07-22 16:09:54 UTC,354.18,0.321,0.0043,0.0,0.0004,0.04,9.35,MIN_PROFIT_TP_HIT,0.2672
2774,TRUMP_USDT,SHORT,StochasticRSI(FAST_SCALP-SHORT),2,0.2,1.604,1.602,1.602,1.61,2026-07-22 16:10:59 UTC,2026-07-22 16:11:32 UTC,32.84,0.3208,0.0043,0.0,0.0004,0.04,9.35,MIN_PROFIT_TP_HIT,0.2676
2775,TRUMP_USDT,LONG,StochasticRSI(FAST_SCALP-LONG),2,0.2,1.578,1.58,1.58,1.572,2026-07-22 16:17:59 UTC,2026-07-22 16:18:07 UTC,7.81,0.3156,0.0042,0.0,0.0004,0.04,9.51,MIN_PROFIT_TP_HIT,0.268
2776,TRUMP_USDT,SHORT,StochasticRSI(FAST_SCALP-SHORT),2,0.2,1.591,1.597,1.589,1.597,2026-07-22 16:30:59 UTC,2026-07-22 16:31:48 UTC,48.61,0.3182,0.0042,0.0,-0.0012,-0.11,-28.28,STOP_LOSS_HIT,0.2668
2777,TRUMP_USDT,SHORT,StochasticRSI(FAST_SCALP-SHORT),2,0.2,1.601,1.599,1.599,1.607,2026-07-22 16:35:59 UTC,2026-07-22 16:40:51 UTC,291.64,0.3202,0.0043,0.0,0.0004,0.04,9.37,MIN_PROFIT_TP_HIT,0.2672
2778,TRUMP_USDT,LONG,StochasticRSI(FAST_SCALP-LONG),2,0.2,1.6,1.602,1.602,1.594,2026-07-22 16:44:59 UTC,2026-07-22 16:52:19 UTC,439.32,0.32,0.0043,0.0,0.0004,0.04,9.38,MIN_PROFIT_TP_HIT,0.2676
2779,TRUMP_USDT,SHORT,StochasticRSI(FAST_SCALP-SHORT),2,0.2,1.609,1.615,1.607,1.615,2026-07-22 16:55:59 UTC,2026-07-22 16:56:14 UTC,14.69,0.3218,0.0043,0.0,-0.0012,-0.11,-27.97,STOP_LOSS_HIT,0.2664
2780,TRUMP_USDT,SHORT,StochasticRSI(FAST_SCALP-SHORT),2,0.2,1.611,1.617,1.609,1.617,2026-07-22 16:59:59 UTC,2026-07-22 17:11:18 UTC,678.97,0.3222,0.0043,0.0,-0.0012,-0.11,-27.93,STOP_LOSS_HIT,0.2652
2781,TRUMP_USDT,LONG,StochasticRSI(FAST_SCALP-LONG),2,0.2,1.621,1.615,1.623,1.615,2026-07-22 17:12:59 UTC,2026-07-22 17:17:20 UTC,260.08,0.3242,0.0043,0.0,-0.0012,-0.11,-27.76,STOP_LOSS_HIT,0.264
2782,TRUMP_USDT,LONG,StochasticRSI(FAST_SCALP-LONG),2,0.2,1.608,1.61,1.61,1.602,2026-07-22 17:25:59 UTC,2026-07-22 17:30:09 UTC,249.06,0.3216,0.0043,0.0,0.0004,0.04,9.33,MIN_PROFIT_TP_HIT,0.2644
2783,TRUMP_USDT,SHORT,StochasticRSI(FAST_SCALP-SHORT),2,0.2,1.622,1.62,1.62,1.628,2026-07-22 17:37:59 UTC,2026-07-22 17:38:51 UTC,51.59,0.3244,0.0043,0.0,0.0004,0.04,9.25,MIN_PROFIT_TP_HIT,0.2648
2784,TRUMP_USDT,SHORT,StochasticRSI(FAST_SCALP-SHORT),2,0.2,1.619,1.625,1.617,1.625,2026-07-22 17:41:59 UTC,2026-07-22 17:43:56 UTC,116.03,0.3238,0.0043,0.0,-0.0012,-0.11,-27.79,STOP_LOSS_HIT,0.2636
2785,TRUMP_USDT,LONG,StochasticRSI(FAST_SCALP-LONG),2,0.2,1.629,1.623,1.631,1.623,2026-07-22 17:44:59 UTC,2026-07-22 17:49:08 UTC,248.9,0.3258,0.0043,0.0,-0.0012,-0.11,-27.62,STOP_LOSS_HIT,0.2624
2786,TRUMP_USDT,LONG,StochasticRSI(FAST_SCALP-LONG),2,0.2,1.617,1.619,1.619,1.611,2026-07-22 17:57:59 UTC,2026-07-22 17:58:48 UTC,48.07,0.3234,0.0043,0.0,0.0004,0.04,9.28,MIN_PROFIT_TP_HIT,0.2628
2787,TRUMP_USDT,SHORT,StochasticRSI(FAST_SCALP-SHORT),2,0.2,1.616,1.614,1.614,1.622,2026-07-22 18:22:59 UTC,2026-07-22 18:23:39 UTC,39.06,0.3232,0.0043,0.0,0.0004,0.04,9.28,MIN_PROFIT_TP_HIT,0.2632
2788,TRUMP_USDT,LONG,StochasticRSI(FAST_SCALP-LONG),2,0.2,1.616,1.618,1.618,1.61,2026-07-22 18:26:59 UTC,2026-07-22 18:27:47 UTC,47.78,0.3232,0.0043,0.0,0.0004,0.04,9.28,MIN_PROFIT_TP_HIT,0.2636
2789,TRUMP_USDT,SHORT,StochasticRSI(FAST_SCALP-SHORT),2,0.2,1.618,1.616,1.616,1.624,2026-07-22 18:33:59 UTC,2026-07-22 18:34:26 UTC,26.32,0.3236,0.0043,0.0,0.0004,0.04,9.27,MIN_PROFIT_TP_HIT,0.264
2790,TRUMP_USDT,LONG,StochasticRSI(FAST_SCALP-LONG),2,0.2,1.613,1.615,1.615,1.607,2026-07-22 18:41:59 UTC,2026-07-22 18:42:50 UTC,50.11,0.3226,0.0043,0.0,0.0004,0.04,9.3,MIN_PROFIT_TP_HIT,0.2644
2791,TRUMP_USDT,SHORT,StochasticRSI(FAST_SCALP-SHORT),2,0.2,1.614,1.612,1.612,1.62,2026-07-22 18:49:59 UTC,2026-07-22 18:50:10 UTC,10.55,0.3228,0.0043,0.0,0.0004,0.04,9.29,MIN_PROFIT_TP_HIT,0.2648
2792,TRUMP_USDT,SHORT,StochasticRSI(FAST_SCALP-SHORT),2,0.2,1.617,1.615,1.615,1.623,2026-07-22 18:59:59 UTC,2026-07-22 19:01:02 UTC,62.36,0.3234,0.0043,0.0,0.0004,0.04,9.28,MIN_PROFIT_TP_HIT,0.2652
2793,TRUMP_USDT,LONG,StochasticRSI(FAST_SCALP-LONG),2,0.2,1.614,1.608,1.616,1.608,2026-07-22 19:05:59 UTC,2026-07-22 19:12:59 UTC,419.55,0.3228,0.0043,0.0,-0.0012,-0.11,-27.88,STOP_LOSS_HIT,0.264
2794,TRUMP_USDT,SHORT,StochasticRSI(FAST_SCALP-SHORT),2,0.2,1.611,1.609,1.609,1.617,2026-07-22 19:21:59 UTC,2026-07-22 19:29:50 UTC,470.04,0.3222,0.0043,0.0,0.0004,0.04,9.31,MIN_PROFIT_TP_HIT,0.2644
2795,TRUMP_USDT,LONG,StochasticRSI(FAST_SCALP-LONG),2,0.2,1.61,1.612,1.612,1.604,2026-07-22 19:34:59 UTC,2026-07-22 19:35:10 UTC,10.66,0.322,0.0043,0.0,0.0004,0.04,9.32,MIN_PROFIT_TP_HIT,0.2648
2796,TRUMP_USDT,SHORT,StochasticRSI(FAST_SCALP-SHORT),2,0.2,1.61,1.608,1.608,1.616,2026-07-22 19:39:59 UTC,2026-07-22 19:45:39 UTC,339.5,0.322,0.0043,0.0,0.0004,0.04,9.32,MIN_PROFIT_TP_HIT,0.2652
2797,TRUMP_USDT,LONG,StochasticRSI(FAST_SCALP-LONG),2,0.2,1.609,1.611,1.611,1.603,2026-07-22 19:49:59 UTC,2026-07-22 19:50:53 UTC,53.69,0.3218,0.0043,0.0,0.0004,0.04,9.32,MIN_PROFIT_TP_HIT,0.2656
2798,TRUMP_USDT,SHORT,StochasticRSI(FAST_SCALP-SHORT),2,0.2,1.608,1.606,1.606,1.614,2026-07-22 19:54:59 UTC,2026-07-22 19:55:02 UTC,2.27,0.3216,0.0043,0.0,0.0004,0.04,9.33,MIN_PROFIT_TP_HIT,0.266
2799,TRUMP_USDT,LONG,StochasticRSI(FAST_SCALP-LONG),2,0.2,1.607,1.609,1.609,1.601,2026-07-22 19:59:59 UTC,2026-07-22 20:00:27 UTC,27.56,0.3214,0.0043,0.0,0.0004,0.04,9.33,MIN_PROFIT_TP_HIT,0.2664
2800,TRUMP_USDT,SHORT,StochasticRSI(FAST_SCALP-SHORT),2,0.2,1.608,1.606,1.606,1.614,2026-07-22 20:05:59 UTC,2026-07-22 20:06:19 UTC,19.64,0.3216,0.0043,0.0,0.0004,0.04,9.33,MIN_PROFIT_TP_HIT,0.2668
2801,TRUMP_USDT,SHORT,StochasticRSI(FAST_SCALP-SHORT),2,0.2,1.611,1.617,1.609,1.617,2026-07-22 20:18:59 UTC,2026-07-22 20:25:45 UTC,405.86,0.3222,0.0043,0.0,-0.0012,-0.11,-27.93,STOP_LOSS_HIT,0.2656
2802,TRUMP_USDT,SHORT,StochasticRSI(FAST_SCALP-SHORT),2,0.2,1.621,1.627,1.619,1.627,2026-07-22 20:28:59 UTC,2026-07-22 20:36:09 UTC,429.24,0.3242,0.0043,0.0,-0.0012,-0.11,-27.76,STOP_LOSS_HIT,0.2644
2803,TRUMP_USDT,LONG,StochasticRSI(FAST_SCALP-LONG),2,0.2,1.621,1.615,1.623,1.615,2026-07-22 20:43:59 UTC,2026-07-22 21:25:03 UTC,2463.54,0.3242,0.0043,0.0,-0.0012,-0.11,-27.76,STOP_LOSS_HIT,0.2632
2804,TRUMP_USDT,LONG,StochasticRSI(FAST_SCALP-LONG),2,0.2,1.611,1.613,1.613,1.605,2026-07-22 21:30:59 UTC,2026-07-22 21:35:58 UTC,298.46,0.3222,0.0043,0.0,0.0004,0.04,9.31,MIN_PROFIT_TP_HIT,0.2636
2805,TRUMP_USDT,SHORT,StochasticRSI(FAST_SCALP-SHORT),2,0.2,1.615,1.613,1.613,1.621,2026-07-22 21:50:59 UTC,2026-07-22 21:52:43 UTC,103.16,0.323,0.0043,0.0,0.0004,0.04,9.29,MIN_PROFIT_TP_HIT,0.264
2806,TRUMP_USDT,LONG,StochasticRSI(FAST_SCALP-LONG),2,0.2,1.616,1.61,1.618,1.61,2026-07-22 21:57:59 UTC,2026-07-22 22:17:19 UTC,1159.14,0.3232,0.0043,0.0,-0.0012,-0.11,-27.85,STOP_LOSS_HIT,0.2628
2807,TRUMP_USDT,SHORT,StochasticRSI(FAST_SCALP-SHORT),2,0.2,1.613,1.611,1.611,1.619,2026-07-22 22:35:59 UTC,2026-07-22 22:36:49 UTC,49.03,0.3226,0.0043,0.0,0.0004,0.04,9.3,MIN_PROFIT_TP_HIT,0.2632
2808,TRUMP_USDT,LONG,StochasticRSI(FAST_SCALP-LONG),2,0.2,1.612,1.614,1.614,1.606,2026-07-22 22:43:59 UTC,2026-07-22 22:46:18 UTC,138.56,0.3224,0.0043,0.0,0.0004,0.04,9.31,MIN_PROFIT_TP_HIT,0.2636
2809,TRUMP_USDT,SHORT,StochasticRSI(FAST_SCALP-SHORT),2,0.2,1.614,1.612,1.612,1.62,2026-07-22 22:48:59 UTC,2026-07-22 23:00:12 UTC,672.71,0.3228,0.0043,0.0,0.0004,0.04,9.29,MIN_PROFIT_TP_HIT,0.264
2810,TRUMP_USDT,LONG,StochasticRSI(FAST_SCALP-LONG),2,0.2,1.605,1.607,1.607,1.599,2026-07-22 23:16:59 UTC,2026-07-22 23:22:48 UTC,348.07,0.321,0.0043,0.0,0.0004,0.04,9.35,MIN_PROFIT_TP_HIT,0.2644
2811,TRUMP_USDT,SHORT,StochasticRSI(FAST_SCALP-SHORT),2,0.2,1.606,1.612,1.604,1.612,2026-07-22 23:24:59 UTC,2026-07-23 00:05:30 UTC,2430.94,0.3212,0.0043,0.0,-0.0012,-0.11,-28.02,STOP_LOSS_HIT,0.2632
2812,TRUMP_USDT,SHORT,StochasticRSI(FAST_SCALP-SHORT),2,0.2,1.609,1.615,1.607,1.615,2026-07-23 00:09:59 UTC,2026-07-23 00:22:35 UTC,755.28,0.3218,0.0043,0.0,-0.0012,-0.11,-27.97,STOP_LOSS_HIT,0.262
2813,TRUMP_USDT,SHORT,StochasticRSI(FAST_SCALP-SHORT),2,0.2,1.614,1.612,1.612,1.62,2026-07-23 00:25:59 UTC,2026-07-23 00:28:24 UTC,144.7,0.3228,0.0043,0.0,0.0004,0.04,9.29,MIN_PROFIT_TP_HIT,0.2624
2814,TRUMP_USDT,LONG,StochasticRSI(FAST_SCALP-LONG),2,0.2,1.61,1.612,1.612,1.604,2026-07-23 00:33:59 UTC,2026-07-23 00:35:20 UTC,80.75,0.322,0.0043,0.0,0.0004,0.04,9.32,MIN_PROFIT_TP_HIT,0.2628
2815,TRUMP_USDT,LONG,StochasticRSI(FAST_SCALP-LONG),2,0.2,1.608,1.602,1.61,1.602,2026-07-23 00:47:59 UTC,2026-07-23 00:59:05 UTC,665.94,0.3216,0.0043,0.0,-0.0012,-0.11,-27.99,STOP_LOSS_HIT,0.2616
2816,TRUMP_USDT,LONG,StochasticRSI(FAST_SCALP-LONG),2,0.2,1.601,1.595,1.603,1.595,2026-07-23 01:02:59 UTC,2026-07-23 01:30:04 UTC,1624.72,0.3202,0.0043,0.0,-0.0012,-0.11,-28.11,STOP_LOSS_HIT,0.2604
2817,TRUMP_USDT,LONG,StochasticRSI(FAST_SCALP-LONG),2,0.2,1.596,1.59,1.598,1.59,2026-07-23 01:33:59 UTC,2026-07-23 02:00:15 UTC,1575.86,0.3192,0.0043,0.0,-0.0012,-0.11,-28.2,STOP_LOSS_HIT,0.2592
2818,TRUMP_USDT,LONG,StochasticRSI(FAST_SCALP-LONG),2,0.2,1.593,1.595,1.595,1.587,2026-07-23 02:02:59 UTC,2026-07-23 02:04:18 UTC,78.99,0.3186,0.0042,0.0,0.0004,0.04,9.42,MIN_PROFIT_TP_HIT,0.2596
2819,TRUMP_USDT,SHORT,StochasticRSI(FAST_SCALP-SHORT),2,0.2,1.597,1.595,1.595,1.603,2026-07-23 02:08:59 UTC,2026-07-23 02:09:32 UTC,32.14,0.3194,0.0043,0.0,0.0004,0.04,9.39,MIN_PROFIT_TP_HIT,0.26
2820,TRUMP_USDT,LONG,StochasticRSI(FAST_SCALP-LONG),2,0.2,1.593,1.595,1.595,1.587,2026-07-23 02:14:59 UTC,2026-07-23 02:44:56 UTC,1796.58,0.3186,0.0042,0.0,0.0004,0.04,9.42,MIN_PROFIT_TP_HIT,0.2604
2821,TRUMP_USDT,SHORT,StochasticRSI(FAST_SCALP-SHORT),2,0.2,1.595,1.593,1.593,1.601,2026-07-23 02:48:59 UTC,2026-07-23 02:50:12 UTC,72.51,0.319,0.0043,0.0,0.0004,0.04,9.4,MIN_PROFIT_TP_HIT,0.2608
2822,TRUMP_USDT,LONG,StochasticRSI(FAST_SCALP-LONG),2,0.2,1.594,1.596,1.596,1.588,2026-07-23 03:14:59 UTC,2026-07-23 03:29:52 UTC,892.96,0.3188,0.0043,0.0,0.0004,0.04,9.41,MIN_PROFIT_TP_HIT,0.2612
2823,TRUMP_USDT,SHORT,StochasticRSI(FAST_SCALP-SHORT),2,0.2,1.596,1.594,1.594,1.602,2026-07-23 03:33:59 UTC,2026-07-23 03:34:49 UTC,49.47,0.3192,0.0043,0.0,0.0004,0.04,9.4,MIN_PROFIT_TP_HIT,0.2616
2824,TRUMP_USDT,LONG,StochasticRSI(FAST_SCALP-LONG),2,0.2,1.594,1.596,1.596,1.588,2026-07-23 03:53:59 UTC,2026-07-23 04:15:01 UTC,1261.13,0.3188,0.0043,0.0,0.0004,0.04,9.41,MIN_PROFIT_TP_HIT,0.262
2825,TRUMP_USDT,SHORT,StochasticRSI(FAST_SCALP-SHORT),2,0.2,1.596,1.602,1.594,1.602,2026-07-23 04:18:59 UTC,2026-07-23 04:39:50 UTC,1250.74,0.3192,0.0043,0.0,-0.0012,-0.11,-28.2,STOP_LOSS_HIT,0.2608
2826,TRUMP_USDT,SHORT,StochasticRSI(FAST_SCALP-SHORT),2,0.2,1.6,1.598,1.598,1.606,2026-07-23 04:41:59 UTC,2026-07-23 04:49:21 UTC,441.4,0.32,0.0043,0.0,0.0004,0.04,9.38,MIN_PROFIT_TP_HIT,0.2612
2827,TRUMP_USDT,LONG,StochasticRSI(FAST_SCALP-LONG),2,0.2,1.599,1.601,1.601,1.593,2026-07-23 04:57:59 UTC,2026-07-23 04:59:21 UTC,81.71,0.3198,0.0043,0.0,0.0004,0.04,9.38,MIN_PROFIT_TP_HIT,0.2616
2828,TRUMP_USDT,LONG,StochasticRSI(FAST_SCALP-LONG),2,0.2,1.599,1.601,1.601,1.593,2026-07-23 05:10:59 UTC,2026-07-23 05:25:20 UTC,860.71,0.3198,0.0043,0.0,0.0004,0.04,9.38,MIN_PROFIT_TP_HIT,0.262
2829,TRUMP_USDT,SHORT,StochasticRSI(FAST_SCALP-SHORT),2,0.2,1.601,1.599,1.599,1.607,2026-07-23 05:33:59 UTC,2026-07-23 05:37:43 UTC,223.93,0.3202,0.0043,0.0,0.0004,0.04,9.37,MIN_PROFIT_TP_HIT,0.2624
2830,TRUMP_USDT,LONG,StochasticRSI(FAST_SCALP-LONG),2,0.2,1.599,1.601,1.601,1.593,2026-07-23 05:41:59 UTC,2026-07-23 05:47:22 UTC,322.9,0.3198,0.0043,0.0,0.0004,0.04,9.38,MIN_PROFIT_TP_HIT,0.2628
2831,TRUMP_USDT,SHORT,StochasticRSI(FAST_SCALP-SHORT),2,0.2,1.599,1.605,1.597,1.605,2026-07-23 05:50:59 UTC,2026-07-23 06:04:28 UTC,808.11,0.3198,0.0043,0.0,-0.0012,-0.11,-28.14,STOP_LOSS_HIT,0.2616
2832,TRUMP_USDT,SHORT,StochasticRSI(FAST_SCALP-SHORT),2,0.2,1.605,1.611,1.603,1.611,2026-07-23 06:08:59 UTC,2026-07-23 06:18:42 UTC,582.85,0.321,0.0043,0.0,-0.0012,-0.11,-28.04,STOP_LOSS_HIT,0.2604
2833,TRUMP_USDT,SHORT,StochasticRSI(FAST_SCALP-SHORT),2,0.2,1.608,1.614,1.606,1.614,2026-07-23 06:22:59 UTC,2026-07-23 06:32:21 UTC,561.07,0.3216,0.0043,0.0,-0.0012,-0.11,-27.99,STOP_LOSS_HIT,0.2592
2834,TRUMP_USDT,SHORT,StochasticRSI(FAST_SCALP-SHORT),2,0.2,1.628,1.626,1.626,1.634,2026-07-23 06:36:59 UTC,2026-07-23 06:39:26 UTC,146.19,0.3256,0.0043,0.0,0.0004,0.04,9.21,MIN_PROFIT_TP_HIT,0.2596
2835,TRUMP_USDT,LONG,StochasticRSI(FAST_SCALP-LONG),2,0.2,1.627,1.621,1.629,1.621,2026-07-23 06:46:59 UTC,2026-07-23 06:48:34 UTC,94.76,0.3254,0.0043,0.0,-0.0012,-0.11,-27.66,STOP_LOSS_HIT,0.2584
2836,TRUMP_USDT,LONG,StochasticRSI(FAST_SCALP-LONG),2,0.2,1.621,1.623,1.623,1.615,2026-07-23 06:52:59 UTC,2026-07-23 07:04:09 UTC,669.03,0.3242,0.0043,0.0,0.0004,0.04,9.25,MIN_PROFIT_TP_HIT,0.2588
2837,TRUMP_USDT,LONG,StochasticRSI(FAST_SCALP-LONG),2,0.2,1.615,1.617,1.617,1.609,2026-07-23 07:15:59 UTC,2026-07-23 07:17:16 UTC,76.92,0.323,0.0043,0.0,0.0004,0.04,9.29,MIN_PROFIT_TP_HIT,0.2592
2838,TRUMP_USDT,SHORT,StochasticRSI(FAST_SCALP-SHORT),2,0.2,1.617,1.623,1.615,1.623,2026-07-23 07:20:59 UTC,2026-07-23 07:22:12 UTC,72.94,0.3234,0.0043,0.0,-0.0012,-0.11,-27.83,STOP_LOSS_HIT,0.258
2839,TRUMP_USDT,SHORT,StochasticRSI(FAST_SCALP-SHORT),2,0.2,1.625,1.631,1.623,1.631,2026-07-23 07:25:59 UTC,2026-07-23 07:29:24 UTC,204.74,0.325,0.0043,0.0,-0.0012,-0.11,-27.69,STOP_LOSS_HIT,0.2568
2840,TRUMP_USDT,SHORT,StochasticRSI(FAST_SCALP-SHORT),2,0.2,1.629,1.627,1.627,1.635,2026-07-23 07:33:59 UTC,2026-07-23 07:35:01 UTC,61.12,0.3258,0.0043,0.0,0.0004,0.04,9.21,MIN_PROFIT_TP_HIT,0.2572
2841,TRUMP_USDT,LONG,StochasticRSI(FAST_SCALP-LONG),2,0.2,1.625,1.627,1.627,1.619,2026-07-23 07:38:59 UTC,2026-07-23 07:39:20 UTC,20.34,0.325,0.0043,0.0,0.0004,0.04,9.23,MIN_PROFIT_TP_HIT,0.2576
2842,TRUMP_USDT,LONG,StochasticRSI(FAST_SCALP-LONG),2,0.2,1.622,1.624,1.624,1.616,2026-07-23 07:40:59 UTC,2026-07-23 07:46:04 UTC,304.66,0.3244,0.0043,0.0,0.0004,0.04,9.25,MIN_PROFIT_TP_HIT,0.258
2843,TRUMP_USDT,SHORT,StochasticRSI(FAST_SCALP-SHORT),2,0.2,1.626,1.624,1.624,1.632,2026-07-23 07:54:59 UTC,2026-07-23 08:01:40 UTC,400.04,0.3252,0.0043,0.0,0.0004,0.04,9.23,MIN_PROFIT_TP_HIT,0.2584
2844,TRUMP_USDT,LONG,StochasticRSI(FAST_SCALP-LONG),2,0.2,1.625,1.627,1.627,1.619,2026-07-23 08:07:59 UTC,2026-07-23 08:09:50 UTC,110.3,0.325,0.0043,0.0,0.0004,0.04,9.23,MIN_PROFIT_TP_HIT,0.2588
2845,TRUMP_USDT,SHORT,StochasticRSI(FAST_SCALP-SHORT),2,0.2,1.634,1.632,1.632,1.64,2026-07-23 08:14:59 UTC,2026-07-23 08:15:20 UTC,20.89,0.3268,0.0044,0.0,0.0004,0.04,9.18,MIN_PROFIT_TP_HIT,0.2592
2846,TRUMP_USDT,SHORT,StochasticRSI(FAST_SCALP-SHORT),2,0.2,1.633,1.639,1.631,1.639,2026-07-23 08:17:59 UTC,2026-07-23 08:19:57 UTC,117.03,0.3266,0.0044,0.0,-0.0012,-0.11,-27.56,STOP_LOSS_HIT,0.258
2847,TRUMP_USDT,SHORT,StochasticRSI(FAST_SCALP-SHORT),2,0.2,1.632,1.638,1.63,1.638,2026-07-23 08:21:59 UTC,2026-07-23 08:26:13 UTC,253.45,0.3264,0.0044,0.0,-0.0012,-0.11,-27.57,STOP_LOSS_HIT,0.2568
2848,TRUMP_USDT,LONG,StochasticRSI(FAST_SCALP-LONG),2,0.2,1.637,1.639,1.639,1.631,2026-07-23 08:36:59 UTC,2026-07-23 08:50:24 UTC,804.93,0.3274,0.0044,0.0,0.0004,0.04,9.16,MIN_PROFIT_TP_HIT,0.2572
2849,TRUMP_USDT,SHORT,StochasticRSI(FAST_SCALP-SHORT),2,0.2,1.636,1.634,1.634,1.642,2026-07-23 08:52:59 UTC,2026-07-23 08:53:03 UTC,3.17,0.3272,0.0044,0.0,0.0004,0.04,9.17,MIN_PROFIT_TP_HIT,0.2576
2850,TRUMP_USDT,LONG,StochasticRSI(FAST_SCALP-LONG),2,0.2,1.638,1.64,1.64,1.632,2026-07-23 08:57:59 UTC,2026-07-23 09:02:26 UTC,266.15,0.3276,0.0044,0.0,0.0004,0.04,9.16,MIN_PROFIT_TP_HIT,0.258
2851,TRUMP_USDT,SHORT,StochasticRSI(FAST_SCALP-SHORT),2,0.2,1.638,1.636,1.636,1.644,2026-07-23 09:04:59 UTC,2026-07-23 09:06:10 UTC,70.66,0.3276,0.0044,0.0,0.0004,0.04,9.16,MIN_PROFIT_TP_HIT,0.2584
2852,TRUMP_USDT,LONG,StochasticRSI(FAST_SCALP-LONG),2,0.2,1.631,1.633,1.633,1.625,2026-07-23 09:10:59 UTC,2026-07-23 09:18:43 UTC,463.91,0.3262,0.0043,0.0,0.0004,0.04,9.2,MIN_PROFIT_TP_HIT,0.2588
2853,TRUMP_USDT,SHORT,StochasticRSI(FAST_SCALP-SHORT),2,0.2,1.631,1.637,1.629,1.637,2026-07-23 09:20:59 UTC,2026-07-23 09:24:03 UTC,183.03,0.3262,0.0043,0.0,-0.0012,-0.11,-27.59,STOP_LOSS_HIT,0.2576
2854,TRUMP_USDT,SHORT,StochasticRSI(FAST_SCALP-SHORT),2,0.2,1.636,1.634,1.634,1.642,2026-07-23 09:27:59 UTC,2026-07-23 09:29:52 UTC,112.66,0.3272,0.0044,0.0,0.0004,0.04,9.17,MIN_PROFIT_TP_HIT,0.258
2855,TRUMP_USDT,LONG,StochasticRSI(FAST_SCALP-LONG),2,0.2,1.635,1.637,1.637,1.629,2026-07-23 09:39:59 UTC,2026-07-23 09:44:14 UTC,254.67,0.327,0.0044,0.0,0.0004,0.04,9.17,MIN_PROFIT_TP_HIT,0.2584
2856,TRUMP_USDT,SHORT,StochasticRSI(FAST_SCALP-SHORT),2,0.2,1.637,1.635,1.635,1.643,2026-07-23 09:48:59 UTC,2026-07-23 09:51:48 UTC,168.79,0.3274,0.0044,0.0,0.0004,0.04,9.16,MIN_PROFIT_TP_HIT,0.2588
2857,TRUMP_USDT,SHORT,StochasticRSI(FAST_SCALP-SHORT),2,0.2,1.637,1.635,1.635,1.643,2026-07-23 09:52:59 UTC,2026-07-23 09:54:42 UTC,102.1,0.3274,0.0044,0.0,0.0004,0.04,9.16,MIN_PROFIT_TP_HIT,0.2592
2858,TRUMP_USDT,LONG,StochasticRSI(FAST_SCALP-LONG),2,0.2,1.633,1.635,1.635,1.627,2026-07-23 09:59:59 UTC,2026-07-23 10:00:33 UTC,33.11,0.3266,0.0044,0.0,0.0004,0.04,9.19,MIN_PROFIT_TP_HIT,0.2596
2859,TRUMP_USDT,SHORT,StochasticRSI(FAST_SCALP-SHORT),2,0.2,1.639,1.637,1.637,1.645,2026-07-23 10:09:59 UTC,2026-07-23 10:10:32 UTC,32.86,0.3278,0.0044,0.0,0.0004,0.04,9.15,MIN_PROFIT_TP_HIT,0.26
2860,TRUMP_USDT,LONG,StochasticRSI(FAST_SCALP-LONG),2,0.2,1.638,1.64,1.64,1.632,2026-07-23 10:14:59 UTC,2026-07-23 10:15:06 UTC,6.11,0.3276,0.0044,0.0,0.0004,0.04,9.16,MIN_PROFIT_TP_HIT,0.2604
2861,TRUMP_USDT,LONG,StochasticRSI(FAST_SCALP-LONG),2,0.2,1.638,1.64,1.64,1.632,2026-07-23 10:17:59 UTC,2026-07-23 10:53:28 UTC,2128.63,0.3276,0.0044,0.0,0.0004,0.04,9.16,MIN_PROFIT_TP_HIT,0.2608
2862,TRUMP_USDT,SHORT,StochasticRSI(FAST_SCALP-SHORT),2,0.2,1.645,1.643,1.643,1.651,2026-07-23 10:58:59 UTC,2026-07-23 11:02:22 UTC,202.53,0.329,0.0044,0.0,0.0004,0.04,9.12,MIN_PROFIT_TP_HIT,0.2612
2863,TRUMP_USDT,LONG,StochasticRSI(FAST_SCALP-LONG),2,0.2,1.64,1.642,1.642,1.634,2026-07-23 11:10:59 UTC,2026-07-23 11:22:08 UTC,668.83,0.328,0.0044,0.0,0.0004,0.04,9.15,MIN_PROFIT_TP_HIT,0.2616
2864,TRUMP_USDT,SHORT,StochasticRSI(FAST_SCALP-SHORT),2,0.2,1.644,1.642,1.642,1.65,2026-07-23 11:27:59 UTC,2026-07-23 11:28:09 UTC,9.24,0.3288,0.0044,0.0,0.0004,0.04,9.12,MIN_PROFIT_TP_HIT,0.262
2865,TRUMP_USDT,LONG,StochasticRSI(FAST_SCALP-LONG),2,0.2,1.644,1.646,1.646,1.638,2026-07-23 11:32:59 UTC,2026-07-23 11:34:24 UTC,84.37,0.3288,0.0044,0.0,0.0004,0.04,9.12,MIN_PROFIT_TP_HIT,0.2624
2866,TRUMP_USDT,LONG,StochasticRSI(FAST_SCALP-LONG),2,0.2,1.642,1.644,1.644,1.636,2026-07-23 11:46:59 UTC,2026-07-23 11:50:07 UTC,187.18,0.3284,0.0044,0.0,0.0004,0.04,9.14,MIN_PROFIT_TP_HIT,0.2628
2867,TRUMP_USDT,SHORT,StochasticRSI(FAST_SCALP-SHORT),2,0.2,1.644,1.65,1.642,1.65,2026-07-23 11:52:59 UTC,2026-07-23 12:06:36 UTC,816.91,0.3288,0.0044,0.0,-0.0012,-0.11,-27.37,STOP_LOSS_HIT,0.2616
2868,TRUMP_USDT,SHORT,StochasticRSI(FAST_SCALP-SHORT),2,0.2,1.657,1.655,1.655,1.663,2026-07-23 12:09:59 UTC,2026-07-23 12:10:23 UTC,23.3,0.3314,0.0044,0.0,0.0004,0.04,9.05,MIN_PROFIT_TP_HIT,0.262
2869,TRUMP_USDT,SHORT,StochasticRSI(FAST_SCALP-SHORT),2,0.2,1.662,1.66,1.66,1.668,2026-07-23 12:17:59 UTC,2026-07-23 12:19:36 UTC,96.15,0.3324,0.0044,0.0,0.0004,0.04,9.03,MIN_PROFIT_TP_HIT,0.2624
2870,TRUMP_USDT,LONG,StochasticRSI(FAST_SCALP-LONG),2,0.2,1.649,1.651,1.651,1.643,2026-07-23 12:28:59 UTC,2026-07-23 12:30:50 UTC,110.8,0.3298,0.0044,0.0,0.0004,0.04,9.1,MIN_PROFIT_TP_HIT,0.2628
2871,TRUMP_USDT,SHORT,StochasticRSI(FAST_SCALP-SHORT),2,0.2,1.659,1.657,1.657,1.665,2026-07-23 12:35:59 UTC,2026-07-23 12:36:02 UTC,2.33,0.3318,0.0044,0.0,0.0004,0.04,9.04,MIN_PROFIT_TP_HIT,0.2632
2872,TRUMP_USDT,LONG,StochasticRSI(FAST_SCALP-LONG),2,0.2,1.638,1.64,1.64,1.632,2026-07-23 12:42:59 UTC,2026-07-23 12:43:06 UTC,6.64,0.3276,0.0044,0.0,0.0004,0.04,9.16,MIN_PROFIT_TP_HIT,0.2636
2873,TRUMP_USDT,LONG,StochasticRSI(FAST_SCALP-LONG),2,0.2,1.64,1.642,1.642,1.634,2026-07-23 12:49:59 UTC,2026-07-23 12:50:49 UTC,49.23,0.328,0.0044,0.0,0.0004,0.04,9.15,MIN_PROFIT_TP_HIT,0.264
2874,TRUMP_USDT,SHORT,StochasticRSI(FAST_SCALP-SHORT),2,0.2,1.642,1.64,1.64,1.648,2026-07-23 12:53:59 UTC,2026-07-23 12:54:17 UTC,17.55,0.3284,0.0044,0.0,0.0004,0.04,9.14,MIN_PROFIT_TP_HIT,0.2644
2875,TRUMP_USDT,LONG,StochasticRSI(FAST_SCALP-LONG),2,0.2,1.633,1.635,1.635,1.627,2026-07-23 13:01:59 UTC,2026-07-23 13:03:11 UTC,71.87,0.3266,0.0044,0.0,0.0004,0.04,9.19,MIN_PROFIT_TP_HIT,0.2648
2876,TRUMP_USDT,LONG,StochasticRSI(FAST_SCALP-LONG),2,0.2,1.635,1.637,1.637,1.629,2026-07-23 13:04:59 UTC,2026-07-23 13:05:38 UTC,38.35,0.327,0.0044,0.0,0.0004,0.04,9.17,MIN_PROFIT_TP_HIT,0.2652
2877,TRUMP_USDT,SHORT,StochasticRSI(FAST_SCALP-SHORT),2,0.2,1.64,1.638,1.638,1.646,2026-07-23 13:16:59 UTC,2026-07-23 13:17:17 UTC,17.16,0.328,0.0044,0.0,0.0004,0.04,9.15,MIN_PROFIT_TP_HIT,0.2656
2878,TRUMP_USDT,SHORT,StochasticRSI(FAST_SCALP-SHORT),2,0.2,1.637,1.635,1.635,1.643,2026-07-23 13:19:59 UTC,2026-07-23 13:21:02 UTC,62.07,0.3274,0.0044,0.0,0.0004,0.04,9.16,MIN_PROFIT_TP_HIT,0.266
2879,TRUMP_USDT,LONG,StochasticRSI(FAST_SCALP-LONG),2,0.2,1.631,1.633,1.633,1.625,2026-07-23 13:31:59 UTC,2026-07-23 13:32:00 UTC,0.72,0.3262,0.0043,0.0,0.0004,0.04,9.2,MIN_PROFIT_TP_HIT,0.2664
2880,TRUMP_USDT,SHORT,StochasticRSI(FAST_SCALP-SHORT),2,0.2,1.637,1.635,1.635,1.643,2026-07-23 13:37:59 UTC,2026-07-23 13:38:17 UTC,17.01,0.3274,0.0044,0.0,0.0004,0.04,9.16,MIN_PROFIT_TP_HIT,0.2668
2881,TRUMP_USDT,LONG,StochasticRSI(FAST_SCALP-LONG),2,0.2,1.635,1.637,1.637,1.629,2026-07-23 13:44:59 UTC,2026-07-23 13:46:01 UTC,61.32,0.327,0.0044,0.0,0.0004,0.04,9.17,MIN_PROFIT_TP_HIT,0.2672
2882,TRUMP_USDT,SHORT,StochasticRSI(FAST_SCALP-SHORT),2,0.2,1.634,1.632,1.632,1.64,2026-07-23 13:57:59 UTC,2026-07-23 13:58:03 UTC,3.27,0.3268,0.0044,0.0,0.0004,0.04,9.18,MIN_PROFIT_TP_HIT,0.2676
2883,TRUMP_USDT,LONG,StochasticRSI(FAST_SCALP-LONG),2,0.2,1.635,1.637,1.637,1.629,2026-07-23 14:05:59 UTC,2026-07-23 14:10:04 UTC,244.98,0.327,0.0044,0.0,0.0004,0.04,9.17,MIN_PROFIT_TP_HIT,0.268
2884,TRUMP_USDT,SHORT,StochasticRSI(FAST_SCALP-SHORT),2,0.2,1.636,1.642,1.634,1.642,2026-07-23 14:18:59 UTC,2026-07-23 14:25:26 UTC,386.4,0.3272,0.0044,0.0,-0.0012,-0.11,-27.51,STOP_LOSS_HIT,0.2668
2885,TRUMP_USDT,SHORT,StochasticRSI(FAST_SCALP-SHORT),2,0.2,1.639,1.645,1.637,1.645,2026-07-23 14:32:59 UTC,2026-07-23 14:35:44 UTC,164.59,0.3278,0.0044,0.0,-0.0012,-0.11,-27.46,STOP_LOSS_HIT,0.2656
2886,TRUMP_USDT,SHORT,StochasticRSI(FAST_SCALP-SHORT),2,0.2,1.644,1.642,1.642,1.65,2026-07-23 14:48:59 UTC,2026-07-23 14:49:44 UTC,44.68,0.3288,0.0044,0.0,0.0004,0.04,9.12,MIN_PROFIT_TP_HIT,0.266
2887,TRUMP_USDT,LONG,StochasticRSI(FAST_SCALP-LONG),2,0.2,1.644,1.638,1.646,1.638,2026-07-23 14:53:59 UTC,2026-07-23 14:59:58 UTC,358.25,0.3288,0.0044,0.0,-0.0012,-0.11,-27.37,STOP_LOSS_HIT,0.2648
2888,TRUMP_USDT,LONG,StochasticRSI(FAST_SCALP-LONG),2,0.2,1.637,1.631,1.639,1.631,2026-07-23 15:04:59 UTC,2026-07-23 15:06:27 UTC,87.74,0.3274,0.0044,0.0,-0.0012,-0.11,-27.49,STOP_LOSS_HIT,0.2636
2889,TRUMP_USDT,LONG,StochasticRSI(FAST_SCALP-LONG),2,0.2,1.628,1.63,1.63,1.622,2026-07-23 15:11:59 UTC,2026-07-23 15:13:01 UTC,61.34,0.3256,0.0043,0.0,0.0004,0.04,9.21,MIN_PROFIT_TP_HIT,0.264
2890,TRUMP_USDT,SHORT,StochasticRSI(FAST_SCALP-SHORT),2,0.2,1.629,1.635,1.627,1.635,2026-07-23 15:19:59 UTC,2026-07-23 15:21:45 UTC,105.4,0.3258,0.0043,0.0,-0.0012,-0.11,-27.62,STOP_LOSS_HIT,0.2628
2891,TRUMP_USDT,SHORT,StochasticRSI(FAST_SCALP-SHORT),2,0.2,1.631,1.629,1.629,1.637,2026-07-23 15:26:59 UTC,2026-07-23 15:27:52 UTC,52.51,0.3262,0.0043,0.0,0.0004,0.04,9.2,MIN_PROFIT_TP_HIT,0.2632
2892,TRUMP_USDT,LONG,StochasticRSI(FAST_SCALP-LONG),2,0.2,1.634,1.636,1.636,1.628,2026-07-23 15:32:59 UTC,2026-07-23 15:35:40 UTC,160.26,0.3268,0.0044,0.0,0.0004,0.04,9.18,MIN_PROFIT_TP_HIT,0.2636
2893,TRUMP_USDT,SHORT,StochasticRSI(FAST_SCALP-SHORT),2,0.2,1.635,1.633,1.633,1.641,2026-07-23 15:38:59 UTC,2026-07-23 15:39:41 UTC,41.71,0.327,0.0044,0.0,0.0004,0.04,9.17,MIN_PROFIT_TP_HIT,0.264
2894,TRUMP_USDT,SHORT,StochasticRSI(FAST_SCALP-SHORT),2,0.2,1.635,1.641,1.633,1.641,2026-07-23 15:49:59 UTC,2026-07-23 15:59:30 UTC,570.94,0.327,0.0044,0.0,-0.0012,-0.11,-27.52,STOP_LOSS_HIT,0.2628
2895,TRUMP_USDT,SHORT,StochasticRSI(FAST_SCALP-SHORT),2,0.2,1.638,1.644,1.636,1.644,2026-07-23 16:01:59 UTC,2026-07-23 16:02:17 UTC,17.5,0.3276,0.0044,0.0,-0.0012,-0.11,-27.47,STOP_LOSS_HIT,0.2616
2896,TRUMP_USDT,LONG,StochasticRSI(FAST_SCALP-LONG),2,0.2,1.638,1.64,1.64,1.632,2026-07-23 16:10:59 UTC,2026-07-23 16:13:00 UTC,120.19,0.3276,0.0044,0.0,0.0004,0.04,9.16,MIN_PROFIT_TP_HIT,0.262
2897,TRUMP_USDT,SHORT,StochasticRSI(FAST_SCALP-SHORT),2,0.2,1.643,1.641,1.641,1.649,2026-07-23 16:17:59 UTC,2026-07-23 16:18:39 UTC,39.99,0.3286,0.0044,0.0,0.0004,0.04,9.13,MIN_PROFIT_TP_HIT,0.2624
2898,TRUMP_USDT,LONG,StochasticRSI(FAST_SCALP-LONG),2,0.2,1.642,1.644,1.644,1.636,2026-07-23 16:22:59 UTC,2026-07-23 16:24:16 UTC,76.3,0.3284,0.0044,0.0,0.0004,0.04,9.14,MIN_PROFIT_TP_HIT,0.2628
2899,TRUMP_USDT,LONG,StochasticRSI(FAST_SCALP-LONG),2,0.2,1.639,1.641,1.641,1.633,2026-07-23 16:34:59 UTC,2026-07-23 16:36:24 UTC,84.99,0.3278,0.0044,0.0,0.0004,0.04,9.15,MIN_PROFIT_TP_HIT,0.2632
2900,TRUMP_USDT,LONG,StochasticRSI(FAST_SCALP-LONG),2,0.2,1.641,1.635,1.643,1.635,2026-07-23 16:37:59 UTC,2026-07-23 16:42:08 UTC,248.29,0.3282,0.0044,0.0,-0.0012,-0.11,-27.42,STOP_LOSS_HIT,0.262
2901,TRUMP_USDT,LONG,StochasticRSI(FAST_SCALP-LONG),2,0.2,1.637,1.631,1.639,1.631,2026-07-23 16:44:59 UTC,2026-07-23 16:45:58 UTC,58.81,0.3274,0.0044,0.0,-0.0012,-0.11,-27.49,STOP_LOSS_HIT,0.2608
2902,TRUMP_USDT,LONG,StochasticRSI(FAST_SCALP-LONG),2,0.2,1.631,1.625,1.633,1.625,2026-07-23 16:58:59 UTC,2026-07-23 17:02:04 UTC,184.69,0.3262,0.0043,0.0,-0.0012,-0.11,-27.59,STOP_LOSS_HIT,0.2596
2903,TRUMP_USDT,LONG,StochasticRSI(FAST_SCALP-LONG),2,0.2,1.621,1.615,1.623,1.615,2026-07-23 17:04:59 UTC,2026-07-23 17:37:19 UTC,1939.02,0.3242,0.0043,0.0,-0.0012,-0.11,-27.76,STOP_LOSS_HIT,0.2584
2904,TRUMP_USDT,SHORT,StochasticRSI(FAST_SCALP-SHORT),2,0.2,1.611,1.609,1.609,1.617,2026-07-23 17:47:59 UTC,2026-07-23 17:53:13 UTC,313.14,0.3222,0.0043,0.0,0.0004,0.04,9.31,MIN_PROFIT_TP_HIT,0.2588
2905,TRUMP_USDT,LONG,StochasticRSI(FAST_SCALP-LONG),2,0.2,1.599,1.593,1.601,1.593,2026-07-23 18:02:59 UTC,2026-07-23 18:05:38 UTC,158.29,0.3198,0.0043,0.0,-0.0012,-0.11,-28.14,STOP_LOSS_HIT,0.2576
2906,TRUMP_USDT,SHORT,StochasticRSI(FAST_SCALP-SHORT),2,0.2,1.594,1.592,1.592,1.6,2026-07-23 18:12:59 UTC,2026-07-23 18:16:12 UTC,192.53,0.3188,0.0043,0.0,0.0004,0.04,9.41,MIN_PROFIT_TP_HIT,0.258
2907,TRUMP_USDT,SHORT,StochasticRSI(FAST_SCALP-SHORT),2,0.2,1.589,1.587,1.587,1.595,2026-07-23 18:17:59 UTC,2026-07-23 18:18:03 UTC,3.11,0.3178,0.0042,0.0,0.0004,0.04,9.44,MIN_PROFIT_TP_HIT,0.2584
2908,TRUMP_USDT,SHORT,StochasticRSI(FAST_SCALP-SHORT),2,0.2,1.61,1.608,1.608,1.616,2026-07-23 18:28:59 UTC,2026-07-23 18:30:28 UTC,88.15,0.322,0.0043,0.0,0.0004,0.04,9.32,MIN_PROFIT_TP_HIT,0.2588
2909,TRUMP_USDT,LONG,StochasticRSI(FAST_SCALP-LONG),2,0.2,1.61,1.604,1.612,1.604,2026-07-23 18:35:59 UTC,2026-07-23 18:45:08 UTC,548.17,0.322,0.0043,0.0,-0.0012,-0.11,-27.95,STOP_LOSS_HIT,0.2576
2910,TRUMP_USDT,LONG,StochasticRSI(FAST_SCALP-LONG),2,0.2,1.606,1.608,1.608,1.6,2026-07-23 18:46:59 UTC,2026-07-23 18:47:38 UTC,38.71,0.3212,0.0043,0.0,0.0004,0.04,9.34,MIN_PROFIT_TP_HIT,0.258
2911,TRUMP_USDT,SHORT,StochasticRSI(FAST_SCALP-SHORT),2,0.2,1.608,1.614,1.606,1.614,2026-07-23 18:51:59 UTC,2026-07-23 19:25:50 UTC,2030.9,0.3216,0.0043,0.0,-0.0012,-0.11,-27.99,STOP_LOSS_HIT,0.2568
2912,TRUMP_USDT,SHORT,StochasticRSI(FAST_SCALP-SHORT),2,0.2,1.616,1.614,1.614,1.622,2026-07-23 19:28:59 UTC,2026-07-23 19:29:04 UTC,4.17,0.3232,0.0043,0.0,0.0004,0.04,9.28,MIN_PROFIT_TP_HIT,0.2572
2913,TRUMP_USDT,LONG,StochasticRSI(FAST_SCALP-LONG),2,0.2,1.613,1.607,1.615,1.607,2026-07-23 19:40:59 UTC,2026-07-23 19:51:13 UTC,613.4,0.3226,0.0043,0.0,-0.0012,-0.11,-27.9,STOP_LOSS_HIT,0.256
2914,TRUMP_USDT,LONG,StochasticRSI(FAST_SCALP-LONG),2,0.2,1.609,1.611,1.611,1.603,2026-07-23 19:52:59 UTC,2026-07-23 19:54:09 UTC,69.32,0.3218,0.0043,0.0,0.0004,0.04,9.32,MIN_PROFIT_TP_HIT,0.2564
2915,TRUMP_USDT,SHORT,StochasticRSI(FAST_SCALP-SHORT),2,0.2,1.623,1.621,1.621,1.629,2026-07-23 20:10:59 UTC,2026-07-23 20:24:57 UTC,837.13,0.3246,0.0043,0.0,0.0004,0.04,9.24,MIN_PROFIT_TP_HIT,0.2568
2916,TRUMP_USDT,LONG,StochasticRSI(FAST_SCALP-LONG),2,0.2,1.623,1.625,1.625,1.617,2026-07-23 20:27:59 UTC,2026-07-23 21:01:39 UTC,2019.13,0.3246,0.0043,0.0,0.0004,0.04,9.24,MIN_PROFIT_TP_HIT,0.2572
2917,TRUMP_USDT,SHORT,StochasticRSI(FAST_SCALP-SHORT),2,0.2,1.622,1.62,1.62,1.628,2026-07-23 21:05:59 UTC,2026-07-23 21:07:45 UTC,105.85,0.3244,0.0043,0.0,0.0004,0.04,9.25,MIN_PROFIT_TP_HIT,0.2576
2918,TRUMP_USDT,LONG,StochasticRSI(FAST_SCALP-LONG),2,0.2,1.617,1.611,1.619,1.611,2026-07-23 21:17:59 UTC,2026-07-23 21:29:06 UTC,666.64,0.3234,0.0043,0.0,-0.0012,-0.11,-27.83,STOP_LOSS_HIT,0.2564
2919,TRUMP_USDT,SHORT,StochasticRSI(FAST_SCALP-SHORT),2,0.2,1.61,1.608,1.608,1.616,2026-07-23 21:30:59 UTC,2026-07-23 21:32:14 UTC,74.08,0.322,0.0043,0.0,0.0004,0.04,9.32,MIN_PROFIT_TP_HIT,0.2568
2920,TRUMP_USDT,LONG,StochasticRSI(FAST_SCALP-LONG),2,0.2,1.603,1.605,1.605,1.597,2026-07-23 21:37:59 UTC,2026-07-23 21:38:30 UTC,30.02,0.3206,0.0043,0.0,0.0004,0.04,9.36,MIN_PROFIT_TP_HIT,0.2572
2921,TRUMP_USDT,SHORT,StochasticRSI(FAST_SCALP-SHORT),2,0.2,1.605,1.611,1.603,1.611,2026-07-23 21:45:59 UTC,2026-07-23 22:05:02 UTC,1142.54,0.321,0.0043,0.0,-0.0012,-0.11,-28.04,STOP_LOSS_HIT,0.256
2922,TRUMP_USDT,SHORT,StochasticRSI(FAST_SCALP-SHORT),2,0.2,1.611,1.609,1.609,1.617,2026-07-23 22:11:59 UTC,2026-07-23 22:17:17 UTC,317.06,0.3222,0.0043,0.0,0.0004,0.04,9.31,MIN_PROFIT_TP_HIT,0.2564
2923,TRUMP_USDT,LONG,StochasticRSI(FAST_SCALP-LONG),2,0.2,1.607,1.609,1.609,1.601,2026-07-23 22:18:59 UTC,2026-07-23 22:19:24 UTC,24.47,0.3214,0.0043,0.0,0.0004,0.04,9.33,MIN_PROFIT_TP_HIT,0.2568
2924,TRUMP_USDT,LONG,StochasticRSI(FAST_SCALP-LONG),2,0.2,1.61,1.612,1.612,1.604,2026-07-23 22:20:59 UTC,2026-07-23 22:21:20 UTC,20.08,0.322,0.0043,0.0,0.0004,0.04,9.32,MIN_PROFIT_TP_HIT,0.2572
2925,TRUMP_USDT,SHORT,StochasticRSI(FAST_SCALP-SHORT),2,0.2,1.616,1.614,1.614,1.622,2026-07-23 22:27:59 UTC,2026-07-23 22:29:23 UTC,83.47,0.3232,0.0043,0.0,0.0004,0.04,9.28,MIN_PROFIT_TP_HIT,0.2576
2926,TRUMP_USDT,LONG,StochasticRSI(FAST_SCALP-LONG),2,0.2,1.611,1.605,1.613,1.605,2026-07-23 22:34:59 UTC,2026-07-23 22:37:43 UTC,163.7,0.3222,0.0043,0.0,-0.0012,-0.11,-27.93,STOP_LOSS_HIT,0.2564
2927,TRUMP_USDT,LONG,StochasticRSI(FAST_SCALP-LONG),2,0.2,1.604,1.606,1.606,1.598,2026-07-23 22:40:59 UTC,2026-07-23 22:41:36 UTC,36.96,0.3208,0.0043,0.0,0.0004,0.04,9.35,MIN_PROFIT_TP_HIT,0.2568
2928,TRUMP_USDT,SHORT,StochasticRSI(FAST_SCALP-SHORT),2,0.2,1.607,1.605,1.605,1.613,2026-07-23 22:49:59 UTC,2026-07-23 23:01:35 UTC,695.88,0.3214,0.0043,0.0,0.0004,0.04,9.33,MIN_PROFIT_TP_HIT,0.2572
2929,TRUMP_USDT,LONG,StochasticRSI(FAST_SCALP-LONG),2,0.2,1.605,1.607,1.607,1.599,2026-07-23 23:08:59 UTC,2026-07-23 23:16:13 UTC,433.94,0.321,0.0043,0.0,0.0004,0.04,9.35,MIN_PROFIT_TP_HIT,0.2576
2930,TRUMP_USDT,SHORT,StochasticRSI(FAST_SCALP-SHORT),2,0.2,1.606,1.604,1.604,1.612,2026-07-23 23:19:59 UTC,2026-07-23 23:47:35 UTC,1655.79,0.3212,0.0043,0.0,0.0004,0.04,9.34,MIN_PROFIT_TP_HIT,0.258
2931,TRUMP_USDT,LONG,StochasticRSI(FAST_SCALP-LONG),2,0.2,1.599,1.593,1.601,1.593,2026-07-23 23:54:59 UTC,2026-07-24 00:05:54 UTC,654.67,0.3198,0.0043,0.0,-0.0012,-0.11,-28.14,STOP_LOSS_HIT,0.2568
