trade_id,symbol,direction,sub_strategy_name,vol_contracts,underlying_quantity,entry_price,exit_price,min_profit_tp_price,stop_loss_price,open_time,close_time,duration_seconds,notional_value_usdt,margin_used_usdt,fee_total_usdt,realized_pnl_usdt,realized_pnl_inr,roe_percentage,exit_reason,balance_after_trade_usdt
1,TRUMP_USDT,SHORT,StochasticRSI(MICRO_BURST-SHORT),2,0.2,1.661,1.659,1.659,1.665,2026-07-01 00:22:59 UTC,2026-07-01 00:23:55 UTC,55.23,0.3322,0.0044,0.0,0.0004,0.04,9.03,MIN_PROFIT_TP_HIT,0.0704
2,TRUMP_USDT,LONG,StochasticRSI(MICRO_BURST-LONG),2,0.2,1.661,1.663,1.663,1.657,2026-07-01 00:28:59 UTC,2026-07-01 00:29:47 UTC,47.59,0.3322,0.0044,0.0,0.0004,0.04,9.03,MIN_PROFIT_TP_HIT,0.0708
3,TRUMP_USDT,SHORT,StochasticRSI(MICRO_BURST-SHORT),2,0.2,1.664,1.668,1.662,1.668,2026-07-01 00:36:59 UTC,2026-07-01 00:52:00 UTC,900.43,0.3328,0.0044,0.0,-0.0008,-0.08,-18.03,STOP_LOSS_HIT,0.07
4,TRUMP_USDT,SHORT,StochasticRSI(MICRO_BURST-SHORT),2,0.2,1.669,1.667,1.667,1.673,2026-07-01 00:55:59 UTC,2026-07-01 00:56:42 UTC,42.68,0.3338,0.0045,0.0,0.0004,0.04,8.99,MIN_PROFIT_TP_HIT,0.0704
5,TRUMP_USDT,LONG,StochasticRSI(MICRO_BURST-LONG),2,0.2,1.667,1.669,1.669,1.663,2026-07-01 01:01:59 UTC,2026-07-01 01:02:09 UTC,9.09,0.3334,0.0044,0.0,0.0004,0.04,9.0,MIN_PROFIT_TP_HIT,0.0708
6,TRUMP_USDT,LONG,StochasticRSI(MICRO_BURST-LONG),2,0.2,1.661,1.657,1.663,1.657,2026-07-01 01:09:59 UTC,2026-07-01 01:10:57 UTC,57.18,0.3322,0.0044,0.0,-0.0008,-0.08,-18.06,STOP_LOSS_HIT,0.07
7,TRUMP_USDT,LONG,StochasticRSI(MICRO_BURST-LONG),2,0.2,1.645,1.647,1.647,1.641,2026-07-01 01:14:59 UTC,2026-07-01 01:15:03 UTC,3.18,0.329,0.0044,0.0,0.0004,0.04,9.12,MIN_PROFIT_TP_HIT,0.0704
8,TRUMP_USDT,SHORT,StochasticRSI(MICRO_BURST-SHORT),2,0.2,1.658,1.656,1.656,1.662,2026-07-01 01:22:59 UTC,2026-07-01 01:23:12 UTC,12.56,0.3316,0.0044,0.0,0.0004,0.04,9.05,MIN_PROFIT_TP_HIT,0.0708
9,TRUMP_USDT,SHORT,StochasticRSI(MICRO_BURST-SHORT),2,0.2,1.658,1.662,1.656,1.662,2026-07-01 01:34:59 UTC,2026-07-01 01:35:43 UTC,43.39,0.3316,0.0044,0.0,-0.0008,-0.08,-18.09,STOP_LOSS_HIT,0.07
10,TRUMP_USDT,SHORT,StochasticRSI(MICRO_BURST-SHORT),2,0.2,1.676,1.674,1.674,1.68,2026-07-01 01:47:59 UTC,2026-07-01 01:50:09 UTC,129.74,0.3352,0.0045,0.0,0.0004,0.04,8.95,MIN_PROFIT_TP_HIT,0.0704
11,TRUMP_USDT,LONG,StochasticRSI(MICRO_BURST-LONG),2,0.2,1.676,1.678,1.678,1.672,2026-07-01 01:52:59 UTC,2026-07-01 01:53:10 UTC,10.21,0.3352,0.0045,0.0,0.0004,0.04,8.95,MIN_PROFIT_TP_HIT,0.0708
12,TRUMP_USDT,SHORT,StochasticRSI(MICRO_BURST-SHORT),2,0.2,1.682,1.68,1.68,1.686,2026-07-01 01:57:59 UTC,2026-07-01 01:58:04 UTC,4.36,0.3364,0.0045,0.0,0.0004,0.04,8.92,MIN_PROFIT_TP_HIT,0.0712
13,TRUMP_USDT,SHORT,StochasticRSI(MICRO_BURST-SHORT),2,0.2,1.702,1.706,1.7,1.706,2026-07-01 02:17:59 UTC,2026-07-01 02:18:18 UTC,18.21,0.3404,0.0045,0.0,-0.0008,-0.08,-17.63,STOP_LOSS_HIT,0.0704
14,TRUMP_USDT,LONG,StochasticRSI(MICRO_BURST-LONG),2,0.2,1.709,1.705,1.711,1.705,2026-07-01 02:22:59 UTC,2026-07-01 02:23:00 UTC,0.91,0.3418,0.0046,0.0,-0.0008,-0.08,-17.55,STOP_LOSS_HIT,0.0696
15,TRUMP_USDT,LONG,StochasticRSI(MICRO_BURST-LONG),2,0.2,1.705,1.707,1.707,1.701,2026-07-01 02:29:59 UTC,2026-07-01 02:31:13 UTC,73.59,0.341,0.0045,0.0,0.0004,0.04,8.8,MIN_PROFIT_TP_HIT,0.07
16,TRUMP_USDT,LONG,StochasticRSI(MICRO_BURST-LONG),2,0.2,1.704,1.706,1.706,1.7,2026-07-01 02:34:59 UTC,2026-07-01 02:35:05 UTC,5.69,0.3408,0.0045,0.0,0.0004,0.04,8.8,MIN_PROFIT_TP_HIT,0.0704
17,TRUMP_USDT,SHORT,StochasticRSI(MICRO_BURST-SHORT),2,0.2,1.697,1.701,1.695,1.701,2026-07-01 02:47:59 UTC,2026-07-01 02:50:20 UTC,140.27,0.3394,0.0045,0.0,-0.0008,-0.08,-17.68,STOP_LOSS_HIT,0.0696
18,TRUMP_USDT,SHORT,StochasticRSI(MICRO_BURST-SHORT),2,0.2,1.707,1.711,1.705,1.711,2026-07-01 03:04:59 UTC,2026-07-01 03:05:07 UTC,7.39,0.3414,0.0046,0.0,-0.0008,-0.08,-17.57,STOP_LOSS_HIT,0.0688
19,TRUMP_USDT,SHORT,StochasticRSI(MICRO_BURST-SHORT),2,0.2,1.729,1.727,1.727,1.733,2026-07-01 03:09:59 UTC,2026-07-01 03:10:04 UTC,4.76,0.3458,0.0046,0.0,0.0004,0.04,8.68,MIN_PROFIT_TP_HIT,0.0692
20,TRUMP_USDT,LONG,StochasticRSI(MICRO_BURST-LONG),2,0.2,1.711,1.707,1.713,1.707,2026-07-01 03:15:59 UTC,2026-07-01 03:16:12 UTC,12.08,0.3422,0.0046,0.0,-0.0008,-0.08,-17.53,STOP_LOSS_HIT,0.0684
21,TRUMP_USDT,LONG,StochasticRSI(MICRO_BURST-LONG),2,0.2,1.704,1.7,1.706,1.7,2026-07-01 03:19:59 UTC,2026-07-01 03:20:21 UTC,21.5,0.3408,0.0045,0.0,-0.0008,-0.08,-17.61,STOP_LOSS_HIT,0.0676
22,TRUMP_USDT,SHORT,StochasticRSI(MICRO_BURST-SHORT),2,0.2,1.698,1.696,1.696,1.702,2026-07-01 03:31:59 UTC,2026-07-01 03:32:27 UTC,27.8,0.3396,0.0045,0.0,0.0004,0.04,8.83,MIN_PROFIT_TP_HIT,0.068
23,TRUMP_USDT,SHORT,StochasticRSI(MICRO_BURST-SHORT),2,0.2,1.706,1.71,1.704,1.71,2026-07-01 03:41:59 UTC,2026-07-01 03:46:48 UTC,288.61,0.3412,0.0045,0.0,-0.0008,-0.08,-17.58,STOP_LOSS_HIT,0.0672
24,TRUMP_USDT,LONG,StochasticRSI(MICRO_BURST-LONG),2,0.2,1.711,1.713,1.713,1.707,2026-07-01 03:51:59 UTC,2026-07-01 03:52:16 UTC,16.25,0.3422,0.0046,0.0,0.0004,0.04,8.77,MIN_PROFIT_TP_HIT,0.0676
25,TRUMP_USDT,SHORT,StochasticRSI(MICRO_BURST-SHORT),2,0.2,1.712,1.71,1.71,1.716,2026-07-01 03:56:59 UTC,2026-07-01 03:57:03 UTC,3.54,0.3424,0.0046,0.0,0.0004,0.04,8.76,MIN_PROFIT_TP_HIT,0.068
26,TRUMP_USDT,LONG,StochasticRSI(MICRO_BURST-LONG),2,0.2,1.705,1.707,1.707,1.701,2026-07-01 04:02:59 UTC,2026-07-01 04:04:04 UTC,64.98,0.341,0.0045,0.0,0.0004,0.04,8.8,MIN_PROFIT_TP_HIT,0.0684
27,TRUMP_USDT,SHORT,StochasticRSI(MICRO_BURST-SHORT),2,0.2,1.704,1.702,1.702,1.708,2026-07-01 04:20:59 UTC,2026-07-01 04:21:32 UTC,32.72,0.3408,0.0045,0.0,0.0004,0.04,8.8,MIN_PROFIT_TP_HIT,0.0688
28,TRUMP_USDT,LONG,StochasticRSI(MICRO_BURST-LONG),2,0.2,1.705,1.707,1.707,1.701,2026-07-01 04:27:59 UTC,2026-07-01 04:31:23 UTC,203.32,0.341,0.0045,0.0,0.0004,0.04,8.8,MIN_PROFIT_TP_HIT,0.0692
29,TRUMP_USDT,LONG,StochasticRSI(MICRO_BURST-LONG),2,0.2,1.7,1.702,1.702,1.696,2026-07-01 04:37:59 UTC,2026-07-01 04:41:01 UTC,181.99,0.34,0.0045,0.0,0.0004,0.04,8.82,MIN_PROFIT_TP_HIT,0.0696
30,TRUMP_USDT,SHORT,StochasticRSI(MICRO_BURST-SHORT),2,0.2,1.704,1.702,1.702,1.708,2026-07-01 04:59:59 UTC,2026-07-01 05:00:10 UTC,10.36,0.3408,0.0045,0.0,0.0004,0.04,8.8,MIN_PROFIT_TP_HIT,0.07
31,TRUMP_USDT,LONG,StochasticRSI(MICRO_BURST-LONG),2,0.2,1.703,1.705,1.705,1.699,2026-07-01 05:05:59 UTC,2026-07-01 05:06:16 UTC,16.57,0.3406,0.0045,0.0,0.0004,0.04,8.81,MIN_PROFIT_TP_HIT,0.0704
32,TRUMP_USDT,SHORT,StochasticRSI(MICRO_BURST-SHORT),2,0.2,1.706,1.704,1.704,1.71,2026-07-01 05:10:59 UTC,2026-07-01 05:15:01 UTC,241.8,0.3412,0.0045,0.0,0.0004,0.04,8.79,MIN_PROFIT_TP_HIT,0.0708
33,TRUMP_USDT,LONG,StochasticRSI(MICRO_BURST-LONG),2,0.2,1.701,1.697,1.703,1.697,2026-07-01 05:24:59 UTC,2026-07-01 05:26:59 UTC,119.19,0.3402,0.0045,0.0,-0.0008,-0.08,-17.64,STOP_LOSS_HIT,0.07
34,TRUMP_USDT,SHORT,StochasticRSI(MICRO_BURST-SHORT),2,0.2,1.702,1.7,1.7,1.706,2026-07-01 05:32:59 UTC,2026-07-01 05:37:20 UTC,260.37,0.3404,0.0045,0.0,0.0004,0.04,8.81,MIN_PROFIT_TP_HIT,0.0704
35,TRUMP_USDT,SHORT,StochasticRSI(MICRO_BURST-SHORT),2,0.2,1.705,1.703,1.703,1.709,2026-07-01 05:44:59 UTC,2026-07-01 05:46:19 UTC,79.79,0.341,0.0045,0.0,0.0004,0.04,8.8,MIN_PROFIT_TP_HIT,0.0708
36,TRUMP_USDT,SHORT,StochasticRSI(MICRO_BURST-SHORT),2,0.2,1.712,1.716,1.71,1.716,2026-07-01 05:48:59 UTC,2026-07-01 05:49:08 UTC,8.39,0.3424,0.0046,0.0,-0.0008,-0.08,-17.52,STOP_LOSS_HIT,0.07
37,TRUMP_USDT,SHORT,StochasticRSI(MICRO_BURST-SHORT),2,0.2,1.712,1.71,1.71,1.716,2026-07-01 05:52:59 UTC,2026-07-01 05:53:02 UTC,2.19,0.3424,0.0046,0.0,0.0004,0.04,8.76,MIN_PROFIT_TP_HIT,0.0704
38,TRUMP_USDT,SHORT,StochasticRSI(MICRO_BURST-SHORT),2,0.2,1.713,1.711,1.711,1.717,2026-07-01 06:00:59 UTC,2026-07-01 06:01:01 UTC,1.42,0.3426,0.0046,0.0,0.0004,0.04,8.76,MIN_PROFIT_TP_HIT,0.0708
39,TRUMP_USDT,LONG,StochasticRSI(MICRO_BURST-LONG),2,0.2,1.709,1.705,1.711,1.705,2026-07-01 06:06:59 UTC,2026-07-01 06:07:45 UTC,45.01,0.3418,0.0046,0.0,-0.0008,-0.08,-17.55,STOP_LOSS_HIT,0.07
40,TRUMP_USDT,SHORT,StochasticRSI(MICRO_BURST-SHORT),2,0.2,1.71,1.708,1.708,1.714,2026-07-01 06:16:59 UTC,2026-07-01 06:17:04 UTC,4.85,0.342,0.0046,0.0,0.0004,0.04,8.77,MIN_PROFIT_TP_HIT,0.0704
41,TRUMP_USDT,LONG,StochasticRSI(MICRO_BURST-LONG),2,0.2,1.704,1.7,1.706,1.7,2026-07-01 06:23:59 UTC,2026-07-01 06:24:13 UTC,13.74,0.3408,0.0045,0.0,-0.0008,-0.08,-17.61,STOP_LOSS_HIT,0.0696
42,TRUMP_USDT,SHORT,StochasticRSI(MICRO_BURST-SHORT),2,0.2,1.685,1.683,1.683,1.689,2026-07-01 06:46:59 UTC,2026-07-01 06:47:00 UTC,1.0,0.337,0.0045,0.0,0.0004,0.04,8.9,MIN_PROFIT_TP_HIT,0.07
43,TRUMP_USDT,LONG,StochasticRSI(MICRO_BURST-LONG),2,0.2,1.689,1.691,1.691,1.685,2026-07-01 06:50:59 UTC,2026-07-01 06:51:29 UTC,29.57,0.3378,0.0045,0.0,0.0004,0.04,8.88,MIN_PROFIT_TP_HIT,0.0704
44,TRUMP_USDT,SHORT,StochasticRSI(MICRO_BURST-SHORT),2,0.2,1.691,1.689,1.689,1.695,2026-07-01 06:55:59 UTC,2026-07-01 06:56:34 UTC,34.75,0.3382,0.0045,0.0,0.0004,0.04,8.87,MIN_PROFIT_TP_HIT,0.0708
45,TRUMP_USDT,SHORT,StochasticRSI(MICRO_BURST-SHORT),2,0.2,1.69,1.688,1.688,1.694,2026-07-01 07:14:59 UTC,2026-07-01 07:15:24 UTC,24.53,0.338,0.0045,0.0,0.0004,0.04,8.88,MIN_PROFIT_TP_HIT,0.0712
46,TRUMP_USDT,SHORT,StochasticRSI(MICRO_BURST-SHORT),2,0.2,1.698,1.696,1.696,1.702,2026-07-01 07:26:59 UTC,2026-07-01 07:27:17 UTC,17.88,0.3396,0.0045,0.0,0.0004,0.04,8.83,MIN_PROFIT_TP_HIT,0.0716
47,TRUMP_USDT,LONG,StochasticRSI(MICRO_BURST-LONG),2,0.2,1.698,1.694,1.7,1.694,2026-07-01 07:32:59 UTC,2026-07-01 07:33:42 UTC,42.84,0.3396,0.0045,0.0,-0.0008,-0.08,-17.67,STOP_LOSS_HIT,0.0708
48,TRUMP_USDT,LONG,StochasticRSI(MICRO_BURST-LONG),2,0.2,1.695,1.691,1.697,1.691,2026-07-01 07:42:59 UTC,2026-07-01 07:45:45 UTC,165.0,0.339,0.0045,0.0,-0.0008,-0.08,-17.7,STOP_LOSS_HIT,0.07
49,TRUMP_USDT,LONG,StochasticRSI(MICRO_BURST-LONG),2,0.2,1.695,1.697,1.697,1.691,2026-07-01 07:48:59 UTC,2026-07-01 07:50:03 UTC,63.94,0.339,0.0045,0.0,0.0004,0.04,8.85,MIN_PROFIT_TP_HIT,0.0704
50,TRUMP_USDT,SHORT,StochasticRSI(MICRO_BURST-SHORT),2,0.2,1.698,1.696,1.696,1.702,2026-07-01 07:52:59 UTC,2026-07-01 07:55:56 UTC,176.66,0.3396,0.0045,0.0,0.0004,0.04,8.83,MIN_PROFIT_TP_HIT,0.0708
51,TRUMP_USDT,LONG,StochasticRSI(MICRO_BURST-LONG),2,0.2,1.693,1.695,1.695,1.689,2026-07-01 08:03:59 UTC,2026-07-01 08:04:41 UTC,41.13,0.3386,0.0045,0.0,0.0004,0.04,8.86,MIN_PROFIT_TP_HIT,0.0712
52,TRUMP_USDT,SHORT,StochasticRSI(MICRO_BURST-SHORT),2,0.2,1.697,1.695,1.695,1.701,2026-07-01 08:10:59 UTC,2026-07-01 08:12:03 UTC,63.74,0.3394,0.0045,0.0,0.0004,0.04,8.84,MIN_PROFIT_TP_HIT,0.0716
53,TRUMP_USDT,SHORT,StochasticRSI(MICRO_BURST-SHORT),2,0.2,1.695,1.693,1.693,1.699,2026-07-01 08:16:59 UTC,2026-07-01 08:17:04 UTC,5.0,0.339,0.0045,0.0,0.0004,0.04,8.85,MIN_PROFIT_TP_HIT,0.072
54,TRUMP_USDT,LONG,StochasticRSI(MICRO_BURST-LONG),2,0.2,1.695,1.691,1.697,1.691,2026-07-01 08:20:59 UTC,2026-07-01 08:24:07 UTC,187.31,0.339,0.0045,0.0,-0.0008,-0.08,-17.7,STOP_LOSS_HIT,0.0712
55,TRUMP_USDT,LONG,StochasticRSI(MICRO_BURST-LONG),2,0.2,1.692,1.688,1.694,1.688,2026-07-01 08:27:59 UTC,2026-07-01 08:32:31 UTC,271.12,0.3384,0.0045,0.0,-0.0008,-0.08,-17.73,STOP_LOSS_HIT,0.0704
56,TRUMP_USDT,LONG,StochasticRSI(MICRO_BURST-LONG),2,0.2,1.69,1.692,1.692,1.686,2026-07-01 08:35:59 UTC,2026-07-01 08:42:43 UTC,403.28,0.338,0.0045,0.0,0.0004,0.04,8.88,MIN_PROFIT_TP_HIT,0.0708
57,TRUMP_USDT,SHORT,StochasticRSI(MICRO_BURST-SHORT),2,0.2,1.689,1.687,1.687,1.693,2026-07-01 08:46:59 UTC,2026-07-01 08:47:15 UTC,15.13,0.3378,0.0045,0.0,0.0004,0.04,8.88,MIN_PROFIT_TP_HIT,0.0712
58,TRUMP_USDT,LONG,StochasticRSI(MICRO_BURST-LONG),2,0.2,1.689,1.691,1.691,1.685,2026-07-01 08:52:59 UTC,2026-07-01 08:54:53 UTC,113.76,0.3378,0.0045,0.0,0.0004,0.04,8.88,MIN_PROFIT_TP_HIT,0.0716
59,TRUMP_USDT,SHORT,StochasticRSI(MICRO_BURST-SHORT),2,0.2,1.698,1.696,1.696,1.702,2026-07-01 09:00:59 UTC,2026-07-01 09:03:08 UTC,128.42,0.3396,0.0045,0.0,0.0004,0.04,8.83,MIN_PROFIT_TP_HIT,0.072
60,TRUMP_USDT,LONG,StochasticRSI(MICRO_BURST-LONG),2,0.2,1.701,1.703,1.703,1.697,2026-07-01 09:06:59 UTC,2026-07-01 09:09:40 UTC,160.19,0.3402,0.0045,0.0,0.0004,0.04,8.82,MIN_PROFIT_TP_HIT,0.0724
61,TRUMP_USDT,SHORT,StochasticRSI(MICRO_BURST-SHORT),2,0.2,1.71,1.708,1.708,1.714,2026-07-01 09:20:59 UTC,2026-07-01 09:25:00 UTC,240.32,0.342,0.0046,0.0,0.0004,0.04,8.77,MIN_PROFIT_TP_HIT,0.0728
62,TRUMP_USDT,LONG,StochasticRSI(MICRO_BURST-LONG),2,0.2,1.707,1.709,1.709,1.703,2026-07-01 09:29:59 UTC,2026-07-01 09:30:01 UTC,1.38,0.3414,0.0046,0.0,0.0004,0.04,8.79,MIN_PROFIT_TP_HIT,0.0732
63,TRUMP_USDT,LONG,StochasticRSI(MICRO_BURST-LONG),2,0.2,1.704,1.7,1.706,1.7,2026-07-01 09:34:59 UTC,2026-07-01 09:38:33 UTC,213.64,0.3408,0.0045,0.0,-0.0008,-0.08,-17.61,STOP_LOSS_HIT,0.0724
64,TRUMP_USDT,SHORT,StochasticRSI(MICRO_BURST-SHORT),2,0.2,1.702,1.7,1.7,1.706,2026-07-01 09:45:59 UTC,2026-07-01 09:46:22 UTC,22.87,0.3404,0.0045,0.0,0.0004,0.04,8.81,MIN_PROFIT_TP_HIT,0.0728
65,TRUMP_USDT,SHORT,StochasticRSI(MICRO_BURST-SHORT),2,0.2,1.706,1.704,1.704,1.71,2026-07-01 09:54:59 UTC,2026-07-01 10:01:28 UTC,388.34,0.3412,0.0045,0.0,0.0004,0.04,8.79,MIN_PROFIT_TP_HIT,0.0732
66,TRUMP_USDT,LONG,StochasticRSI(MICRO_BURST-LONG),2,0.2,1.704,1.7,1.706,1.7,2026-07-01 10:04:59 UTC,2026-07-01 10:10:36 UTC,336.83,0.3408,0.0045,0.0,-0.0008,-0.08,-17.61,STOP_LOSS_HIT,0.0724
67,TRUMP_USDT,LONG,StochasticRSI(MICRO_BURST-LONG),2,0.2,1.696,1.692,1.698,1.692,2026-07-01 10:17:59 UTC,2026-07-01 10:18:22 UTC,22.22,0.3392,0.0045,0.0,-0.0008,-0.08,-17.69,STOP_LOSS_HIT,0.0716
68,TRUMP_USDT,SHORT,StochasticRSI(MICRO_BURST-SHORT),2,0.2,1.689,1.687,1.687,1.693,2026-07-01 10:24:59 UTC,2026-07-01 10:25:52 UTC,52.53,0.3378,0.0045,0.0,0.0004,0.04,8.88,MIN_PROFIT_TP_HIT,0.072
69,TRUMP_USDT,LONG,StochasticRSI(MICRO_BURST-LONG),2,0.2,1.687,1.689,1.689,1.683,2026-07-01 10:29:59 UTC,2026-07-01 10:32:39 UTC,159.61,0.3374,0.0045,0.0,0.0004,0.04,8.89,MIN_PROFIT_TP_HIT,0.0724
70,TRUMP_USDT,SHORT,StochasticRSI(MICRO_BURST-SHORT),2,0.2,1.689,1.693,1.687,1.693,2026-07-01 10:36:59 UTC,2026-07-01 10:37:41 UTC,41.36,0.3378,0.0045,0.0,-0.0008,-0.08,-17.76,STOP_LOSS_HIT,0.0716
71,TRUMP_USDT,SHORT,StochasticRSI(MICRO_BURST-SHORT),2,0.2,1.693,1.691,1.691,1.697,2026-07-01 10:40:59 UTC,2026-07-01 10:43:18 UTC,138.74,0.3386,0.0045,0.0,0.0004,0.04,8.86,MIN_PROFIT_TP_HIT,0.072
72,TRUMP_USDT,SHORT,StochasticRSI(MICRO_BURST-SHORT),2,0.2,1.692,1.696,1.69,1.696,2026-07-01 10:44:59 UTC,2026-07-01 10:46:08 UTC,68.39,0.3384,0.0045,0.0,-0.0008,-0.08,-17.73,STOP_LOSS_HIT,0.0712
73,TRUMP_USDT,SHORT,StochasticRSI(MICRO_BURST-SHORT),2,0.2,1.696,1.694,1.694,1.7,2026-07-01 10:52:59 UTC,2026-07-01 10:57:20 UTC,260.04,0.3392,0.0045,0.0,0.0004,0.04,8.84,MIN_PROFIT_TP_HIT,0.0716
74,TRUMP_USDT,LONG,StochasticRSI(MICRO_BURST-LONG),2,0.2,1.698,1.694,1.7,1.694,2026-07-01 11:04:59 UTC,2026-07-01 11:10:24 UTC,324.67,0.3396,0.0045,0.0,-0.0008,-0.08,-17.67,STOP_LOSS_HIT,0.0708
75,TRUMP_USDT,SHORT,StochasticRSI(MICRO_BURST-SHORT),2,0.2,1.699,1.697,1.697,1.703,2026-07-01 11:17:59 UTC,2026-07-01 11:23:11 UTC,311.53,0.3398,0.0045,0.0,0.0004,0.04,8.83,MIN_PROFIT_TP_HIT,0.0712
76,TRUMP_USDT,LONG,StochasticRSI(MICRO_BURST-LONG),2,0.2,1.698,1.7,1.7,1.694,2026-07-01 11:26:59 UTC,2026-07-01 11:29:47 UTC,167.37,0.3396,0.0045,0.0,0.0004,0.04,8.83,MIN_PROFIT_TP_HIT,0.0716
77,TRUMP_USDT,SHORT,StochasticRSI(MICRO_BURST-SHORT),2,0.2,1.698,1.696,1.696,1.702,2026-07-01 11:33:59 UTC,2026-07-01 11:41:45 UTC,465.51,0.3396,0.0045,0.0,0.0004,0.04,8.83,MIN_PROFIT_TP_HIT,0.072
78,TRUMP_USDT,LONG,StochasticRSI(MICRO_BURST-LONG),2,0.2,1.696,1.698,1.698,1.692,2026-07-01 11:51:59 UTC,2026-07-01 11:52:08 UTC,8.56,0.3392,0.0045,0.0,0.0004,0.04,8.84,MIN_PROFIT_TP_HIT,0.0724
79,TRUMP_USDT,SHORT,StochasticRSI(MICRO_BURST-SHORT),2,0.2,1.695,1.693,1.693,1.699,2026-07-01 11:55:59 UTC,2026-07-01 11:56:25 UTC,25.96,0.339,0.0045,0.0,0.0004,0.04,8.85,MIN_PROFIT_TP_HIT,0.0728
80,TRUMP_USDT,LONG,StochasticRSI(MICRO_BURST-LONG),2,0.2,1.69,1.686,1.692,1.686,2026-07-01 12:06:59 UTC,2026-07-01 12:07:40 UTC,40.87,0.338,0.0045,0.0,-0.0008,-0.08,-17.75,STOP_LOSS_HIT,0.072
81,TRUMP_USDT,SHORT,StochasticRSI(MICRO_BURST-SHORT),2,0.2,1.685,1.689,1.683,1.689,2026-07-01 12:12:59 UTC,2026-07-01 12:14:06 UTC,66.11,0.337,0.0045,0.0,-0.0008,-0.08,-17.8,STOP_LOSS_HIT,0.0712
82,TRUMP_USDT,SHORT,StochasticRSI(MICRO_BURST-SHORT),2,0.2,1.692,1.69,1.69,1.696,2026-07-01 12:18:59 UTC,2026-07-01 12:19:25 UTC,25.16,0.3384,0.0045,0.0,0.0004,0.04,8.87,MIN_PROFIT_TP_HIT,0.0716
83,TRUMP_USDT,LONG,StochasticRSI(MICRO_BURST-LONG),2,0.2,1.689,1.685,1.691,1.685,2026-07-01 12:25:59 UTC,2026-07-01 12:30:00 UTC,240.27,0.3378,0.0045,0.0,-0.0008,-0.08,-17.76,STOP_LOSS_HIT,0.0708
84,TRUMP_USDT,LONG,StochasticRSI(MICRO_BURST-LONG),2,0.2,1.682,1.684,1.684,1.678,2026-07-01 12:42:59 UTC,2026-07-01 12:45:50 UTC,170.8,0.3364,0.0045,0.0,0.0004,0.04,8.92,MIN_PROFIT_TP_HIT,0.0712
85,TRUMP_USDT,LONG,StochasticRSI(MICRO_BURST-LONG),2,0.2,1.68,1.676,1.682,1.676,2026-07-01 12:51:59 UTC,2026-07-01 12:52:31 UTC,31.99,0.336,0.0045,0.0,-0.0008,-0.08,-17.86,STOP_LOSS_HIT,0.0704
86,TRUMP_USDT,SHORT,StochasticRSI(MICRO_BURST-SHORT),2,0.2,1.679,1.683,1.677,1.683,2026-07-01 12:59:59 UTC,2026-07-01 13:01:31 UTC,91.09,0.3358,0.0045,0.0,-0.0008,-0.08,-17.87,STOP_LOSS_HIT,0.0696
87,TRUMP_USDT,SHORT,StochasticRSI(MICRO_BURST-SHORT),2,0.2,1.682,1.68,1.68,1.686,2026-07-01 13:02:59 UTC,2026-07-01 13:07:08 UTC,248.13,0.3364,0.0045,0.0,0.0004,0.04,8.92,MIN_PROFIT_TP_HIT,0.07
88,TRUMP_USDT,LONG,StochasticRSI(MICRO_BURST-LONG),2,0.2,1.682,1.684,1.684,1.678,2026-07-01 13:13:59 UTC,2026-07-01 13:17:16 UTC,196.38,0.3364,0.0045,0.0,0.0004,0.04,8.92,MIN_PROFIT_TP_HIT,0.0704
89,TRUMP_USDT,SHORT,StochasticRSI(MICRO_BURST-SHORT),2,0.2,1.683,1.687,1.681,1.687,2026-07-01 13:25:59 UTC,2026-07-01 13:26:46 UTC,46.61,0.3366,0.0045,0.0,-0.0008,-0.08,-17.83,STOP_LOSS_HIT,0.0696
90,TRUMP_USDT,SHORT,StochasticRSI(MICRO_BURST-SHORT),2,0.2,1.689,1.687,1.687,1.693,2026-07-01 13:40:59 UTC,2026-07-01 13:42:06 UTC,66.81,0.3378,0.0045,0.0,0.0004,0.04,8.88,MIN_PROFIT_TP_HIT,0.07
91,TRUMP_USDT,SHORT,StochasticRSI(MICRO_BURST-SHORT),2,0.2,1.695,1.693,1.693,1.699,2026-07-01 13:54:59 UTC,2026-07-01 13:55:41 UTC,41.29,0.339,0.0045,0.0,0.0004,0.04,8.85,MIN_PROFIT_TP_HIT,0.0704
92,TRUMP_USDT,LONG,StochasticRSI(MICRO_BURST-LONG),2,0.2,1.696,1.692,1.698,1.692,2026-07-01 13:59:59 UTC,2026-07-01 14:00:12 UTC,12.59,0.3392,0.0045,0.0,-0.0008,-0.08,-17.69,STOP_LOSS_HIT,0.0696
93,TRUMP_USDT,SHORT,StochasticRSI(MICRO_BURST-SHORT),2,0.2,1.707,1.705,1.705,1.711,2026-07-01 14:16:59 UTC,2026-07-01 14:19:30 UTC,151.0,0.3414,0.0046,0.0,0.0004,0.04,8.79,MIN_PROFIT_TP_HIT,0.07
94,TRUMP_USDT,LONG,StochasticRSI(MICRO_BURST-LONG),2,0.2,1.701,1.703,1.703,1.697,2026-07-01 14:25:59 UTC,2026-07-01 14:28:38 UTC,158.12,0.3402,0.0045,0.0,0.0004,0.04,8.82,MIN_PROFIT_TP_HIT,0.0704
95,TRUMP_USDT,LONG,StochasticRSI(MICRO_BURST-LONG),2,0.2,1.692,1.694,1.694,1.688,2026-07-01 14:35:59 UTC,2026-07-01 14:37:19 UTC,79.62,0.3384,0.0045,0.0,0.0004,0.04,8.87,MIN_PROFIT_TP_HIT,0.0708
96,TRUMP_USDT,SHORT,StochasticRSI(MICRO_BURST-SHORT),2,0.2,1.697,1.695,1.695,1.701,2026-07-01 14:42:59 UTC,2026-07-01 14:44:25 UTC,85.77,0.3394,0.0045,0.0,0.0004,0.04,8.84,MIN_PROFIT_TP_HIT,0.0712
97,TRUMP_USDT,LONG,StochasticRSI(MICRO_BURST-LONG),2,0.2,1.697,1.693,1.699,1.693,2026-07-01 14:48:59 UTC,2026-07-01 14:50:43 UTC,103.03,0.3394,0.0045,0.0,-0.0008,-0.08,-17.68,STOP_LOSS_HIT,0.0704
98,TRUMP_USDT,SHORT,StochasticRSI(MICRO_BURST-SHORT),2,0.2,1.701,1.699,1.699,1.705,2026-07-01 14:56:59 UTC,2026-07-01 14:58:08 UTC,68.94,0.3402,0.0045,0.0,0.0004,0.04,8.82,MIN_PROFIT_TP_HIT,0.0708
99,TRUMP_USDT,SHORT,StochasticRSI(MICRO_BURST-SHORT),2,0.2,1.703,1.701,1.701,1.707,2026-07-01 15:09:59 UTC,2026-07-01 15:13:10 UTC,190.67,0.3406,0.0045,0.0,0.0004,0.04,8.81,MIN_PROFIT_TP_HIT,0.0712
100,TRUMP_USDT,LONG,StochasticRSI(MICRO_BURST-LONG),2,0.2,1.7,1.702,1.702,1.696,2026-07-01 15:20:59 UTC,2026-07-01 15:21:04 UTC,5.0,0.34,0.0045,0.0,0.0004,0.04,8.82,MIN_PROFIT_TP_HIT,0.0716
101,TRUMP_USDT,SHORT,StochasticRSI(MICRO_BURST-SHORT),2,0.2,1.709,1.707,1.707,1.713,2026-07-01 15:25:59 UTC,2026-07-01 15:28:14 UTC,134.81,0.3418,0.0046,0.0,0.0004,0.04,8.78,MIN_PROFIT_TP_HIT,0.072
102,TRUMP_USDT,LONG,StochasticRSI(MICRO_BURST-LONG),2,0.2,1.711,1.713,1.713,1.707,2026-07-01 15:31:59 UTC,2026-07-01 15:32:08 UTC,8.04,0.3422,0.0046,0.0,0.0004,0.04,8.77,MIN_PROFIT_TP_HIT,0.0724
103,TRUMP_USDT,SHORT,StochasticRSI(MICRO_BURST-SHORT),2,0.2,1.71,1.714,1.708,1.714,2026-07-01 15:35:59 UTC,2026-07-01 15:41:50 UTC,350.84,0.342,0.0046,0.0,-0.0008,-0.08,-17.54,STOP_LOSS_HIT,0.0716
104,TRUMP_USDT,LONG,StochasticRSI(MICRO_BURST-LONG),2,0.2,1.715,1.717,1.717,1.711,2026-07-01 15:48:59 UTC,2026-07-01 15:51:28 UTC,148.4,0.343,0.0046,0.0,0.0004,0.04,8.75,MIN_PROFIT_TP_HIT,0.072
105,TRUMP_USDT,LONG,StochasticRSI(MICRO_BURST-LONG),2,0.2,1.717,1.719,1.719,1.713,2026-07-01 15:52:59 UTC,2026-07-01 15:53:37 UTC,37.46,0.3434,0.0046,0.0,0.0004,0.04,8.74,MIN_PROFIT_TP_HIT,0.0724
106,TRUMP_USDT,LONG,StochasticRSI(MICRO_BURST-LONG),2,0.2,1.715,1.717,1.717,1.711,2026-07-01 15:57:59 UTC,2026-07-01 15:59:01 UTC,61.19,0.343,0.0046,0.0,0.0004,0.04,8.75,MIN_PROFIT_TP_HIT,0.0728
107,TRUMP_USDT,SHORT,StochasticRSI(MICRO_BURST-SHORT),2,0.2,1.719,1.723,1.717,1.723,2026-07-01 16:05:59 UTC,2026-07-01 16:07:21 UTC,81.49,0.3438,0.0046,0.0,-0.0008,-0.08,-17.45,STOP_LOSS_HIT,0.072
108,TRUMP_USDT,SHORT,StochasticRSI(MICRO_BURST-SHORT),2,0.2,1.731,1.729,1.729,1.735,2026-07-01 16:15:59 UTC,2026-07-01 16:16:15 UTC,15.36,0.3462,0.0046,0.0,0.0004,0.04,8.67,MIN_PROFIT_TP_HIT,0.0724
109,TRUMP_USDT,LONG,StochasticRSI(MICRO_BURST-LONG),2,0.2,1.722,1.724,1.724,1.718,2026-07-01 16:24:59 UTC,2026-07-01 16:27:34 UTC,154.47,0.3444,0.0046,0.0,0.0004,0.04,8.71,MIN_PROFIT_TP_HIT,0.0728
110,TRUMP_USDT,LONG,StochasticRSI(MICRO_BURST-LONG),2,0.2,1.718,1.714,1.72,1.714,2026-07-01 16:32:59 UTC,2026-07-01 16:34:51 UTC,111.13,0.3436,0.0046,0.0,-0.0008,-0.08,-17.46,STOP_LOSS_HIT,0.072
111,TRUMP_USDT,LONG,StochasticRSI(MICRO_BURST-LONG),2,0.2,1.711,1.707,1.713,1.707,2026-07-01 16:43:59 UTC,2026-07-01 16:46:02 UTC,122.19,0.3422,0.0046,0.0,-0.0008,-0.08,-17.53,STOP_LOSS_HIT,0.0712
112,TRUMP_USDT,LONG,StochasticRSI(MICRO_BURST-LONG),2,0.2,1.702,1.704,1.704,1.698,2026-07-01 16:52:59 UTC,2026-07-01 16:53:22 UTC,22.79,0.3404,0.0045,0.0,0.0004,0.04,8.81,MIN_PROFIT_TP_HIT,0.0716
113,TRUMP_USDT,SHORT,StochasticRSI(MICRO_BURST-SHORT),2,0.2,1.7,1.698,1.698,1.704,2026-07-01 17:02:59 UTC,2026-07-01 17:03:50 UTC,50.07,0.34,0.0045,0.0,0.0004,0.04,8.82,MIN_PROFIT_TP_HIT,0.072
114,TRUMP_USDT,LONG,StochasticRSI(MICRO_BURST-LONG),2,0.2,1.695,1.697,1.697,1.691,2026-07-01 17:08:59 UTC,2026-07-01 17:09:17 UTC,17.48,0.339,0.0045,0.0,0.0004,0.04,8.85,MIN_PROFIT_TP_HIT,0.0724
115,TRUMP_USDT,SHORT,StochasticRSI(MICRO_BURST-SHORT),2,0.2,1.701,1.705,1.699,1.705,2026-07-01 17:17:59 UTC,2026-07-01 17:19:17 UTC,77.4,0.3402,0.0045,0.0,-0.0008,-0.08,-17.64,STOP_LOSS_HIT,0.0716
116,TRUMP_USDT,SHORT,StochasticRSI(MICRO_BURST-SHORT),2,0.2,1.71,1.708,1.708,1.714,2026-07-01 17:28:59 UTC,2026-07-01 17:30:06 UTC,66.72,0.342,0.0046,0.0,0.0004,0.04,8.77,MIN_PROFIT_TP_HIT,0.072
117,TRUMP_USDT,LONG,StochasticRSI(MICRO_BURST-LONG),2,0.2,1.709,1.711,1.711,1.705,2026-07-01 17:31:59 UTC,2026-07-01 17:35:37 UTC,217.09,0.3418,0.0046,0.0,0.0004,0.04,8.78,MIN_PROFIT_TP_HIT,0.0724
118,TRUMP_USDT,LONG,StochasticRSI(MICRO_BURST-LONG),2,0.2,1.713,1.715,1.715,1.709,2026-07-01 17:43:59 UTC,2026-07-01 17:46:08 UTC,128.46,0.3426,0.0046,0.0,0.0004,0.04,8.76,MIN_PROFIT_TP_HIT,0.0728
119,TRUMP_USDT,SHORT,StochasticRSI(MICRO_BURST-SHORT),2,0.2,1.713,1.717,1.711,1.717,2026-07-01 17:49:59 UTC,2026-07-01 18:05:34 UTC,934.04,0.3426,0.0046,0.0,-0.0008,-0.08,-17.51,STOP_LOSS_HIT,0.072
120,TRUMP_USDT,SHORT,StochasticRSI(MICRO_BURST-SHORT),2,0.2,1.717,1.715,1.715,1.721,2026-07-01 18:10:59 UTC,2026-07-01 18:11:50 UTC,50.46,0.3434,0.0046,0.0,0.0004,0.04,8.74,MIN_PROFIT_TP_HIT,0.0724
121,TRUMP_USDT,LONG,StochasticRSI(MICRO_BURST-LONG),2,0.2,1.709,1.705,1.711,1.705,2026-07-01 18:25:59 UTC,2026-07-01 18:36:08 UTC,608.35,0.3418,0.0046,0.0,-0.0008,-0.08,-17.55,STOP_LOSS_HIT,0.0716
122,TRUMP_USDT,LONG,StochasticRSI(MICRO_BURST-LONG),2,0.2,1.705,1.701,1.707,1.701,2026-07-01 18:40:59 UTC,2026-07-01 18:45:07 UTC,247.51,0.341,0.0045,0.0,-0.0008,-0.08,-17.6,STOP_LOSS_HIT,0.0708
123,TRUMP_USDT,LONG,StochasticRSI(MICRO_BURST-LONG),2,0.2,1.702,1.698,1.704,1.698,2026-07-01 18:49:59 UTC,2026-07-01 18:52:12 UTC,132.22,0.3404,0.0045,0.0,-0.0008,-0.08,-17.63,STOP_LOSS_HIT,0.07
124,TRUMP_USDT,SHORT,StochasticRSI(MICRO_BURST-SHORT),2,0.2,1.693,1.691,1.691,1.697,2026-07-01 18:53:59 UTC,2026-07-01 18:54:40 UTC,40.93,0.3386,0.0045,0.0,0.0004,0.04,8.86,MIN_PROFIT_TP_HIT,0.0704
125,TRUMP_USDT,LONG,StochasticRSI(MICRO_BURST-LONG),2,0.2,1.693,1.695,1.695,1.689,2026-07-01 18:56:59 UTC,2026-07-01 18:58:10 UTC,70.71,0.3386,0.0045,0.0,0.0004,0.04,8.86,MIN_PROFIT_TP_HIT,0.0708
126,TRUMP_USDT,SHORT,StochasticRSI(MICRO_BURST-SHORT),2,0.2,1.697,1.695,1.695,1.701,2026-07-01 19:06:59 UTC,2026-07-01 19:08:13 UTC,73.48,0.3394,0.0045,0.0,0.0004,0.04,8.84,MIN_PROFIT_TP_HIT,0.0712
127,TRUMP_USDT,LONG,StochasticRSI(MICRO_BURST-LONG),2,0.2,1.689,1.691,1.691,1.685,2026-07-01 19:15:59 UTC,2026-07-01 19:18:14 UTC,134.31,0.3378,0.0045,0.0,0.0004,0.04,8.88,MIN_PROFIT_TP_HIT,0.0716
128,TRUMP_USDT,SHORT,StochasticRSI(MICRO_BURST-SHORT),2,0.2,1.692,1.69,1.69,1.696,2026-07-01 19:25:59 UTC,2026-07-01 19:26:06 UTC,6.93,0.3384,0.0045,0.0,0.0004,0.04,8.87,MIN_PROFIT_TP_HIT,0.072
129,TRUMP_USDT,LONG,StochasticRSI(MICRO_BURST-LONG),2,0.2,1.692,1.694,1.694,1.688,2026-07-01 19:29:59 UTC,2026-07-01 19:30:23 UTC,23.52,0.3384,0.0045,0.0,0.0004,0.04,8.87,MIN_PROFIT_TP_HIT,0.0724
130,TRUMP_USDT,SHORT,StochasticRSI(MICRO_BURST-SHORT),2,0.2,1.692,1.69,1.69,1.696,2026-07-01 19:36:59 UTC,2026-07-01 19:40:18 UTC,198.48,0.3384,0.0045,0.0,0.0004,0.04,8.87,MIN_PROFIT_TP_HIT,0.0728
131,TRUMP_USDT,LONG,StochasticRSI(MICRO_BURST-LONG),2,0.2,1.69,1.686,1.692,1.686,2026-07-01 19:43:59 UTC,2026-07-01 19:46:18 UTC,138.25,0.338,0.0045,0.0,-0.0008,-0.08,-17.75,STOP_LOSS_HIT,0.072
132,TRUMP_USDT,SHORT,StochasticRSI(MICRO_BURST-SHORT),2,0.2,1.692,1.69,1.69,1.696,2026-07-01 20:07:59 UTC,2026-07-01 20:08:01 UTC,1.45,0.3384,0.0045,0.0,0.0004,0.04,8.87,MIN_PROFIT_TP_HIT,0.0724
133,TRUMP_USDT,SHORT,StochasticRSI(MICRO_BURST-SHORT),2,0.2,1.683,1.687,1.681,1.687,2026-07-01 20:09:59 UTC,2026-07-01 20:13:07 UTC,187.99,0.3366,0.0045,0.0,-0.0008,-0.08,-17.83,STOP_LOSS_HIT,0.0716
134,TRUMP_USDT,LONG,StochasticRSI(MICRO_BURST-LONG),2,0.2,1.683,1.685,1.685,1.679,2026-07-01 20:20:59 UTC,2026-07-01 20:21:51 UTC,51.22,0.3366,0.0045,0.0,0.0004,0.04,8.91,MIN_PROFIT_TP_HIT,0.072
135,TRUMP_USDT,SHORT,StochasticRSI(MICRO_BURST-SHORT),2,0.2,1.687,1.685,1.685,1.691,2026-07-01 20:35:59 UTC,2026-07-01 20:38:15 UTC,135.02,0.3374,0.0045,0.0,0.0004,0.04,8.89,MIN_PROFIT_TP_HIT,0.0724
136,TRUMP_USDT,LONG,StochasticRSI(MICRO_BURST-LONG),2,0.2,1.687,1.689,1.689,1.683,2026-07-01 20:41:59 UTC,2026-07-01 20:42:30 UTC,30.42,0.3374,0.0045,0.0,0.0004,0.04,8.89,MIN_PROFIT_TP_HIT,0.0728
137,TRUMP_USDT,SHORT,StochasticRSI(MICRO_BURST-SHORT),2,0.2,1.691,1.695,1.689,1.695,2026-07-01 20:49:59 UTC,2026-07-01 21:05:16 UTC,916.2,0.3382,0.0045,0.0,-0.0008,-0.08,-17.74,STOP_LOSS_HIT,0.072
138,TRUMP_USDT,SHORT,StochasticRSI(MICRO_BURST-SHORT),2,0.2,1.7,1.704,1.698,1.704,2026-07-01 21:16:59 UTC,2026-07-01 21:17:26 UTC,26.53,0.34,0.0045,0.0,-0.0008,-0.08,-17.65,STOP_LOSS_HIT,0.0712
139,TRUMP_USDT,LONG,StochasticRSI(MICRO_BURST-LONG),2,0.2,1.701,1.703,1.703,1.697,2026-07-01 21:20:59 UTC,2026-07-01 21:21:35 UTC,35.14,0.3402,0.0045,0.0,0.0004,0.04,8.82,MIN_PROFIT_TP_HIT,0.0716
140,TRUMP_USDT,LONG,StochasticRSI(MICRO_BURST-LONG),2,0.2,1.702,1.704,1.704,1.698,2026-07-01 21:23:59 UTC,2026-07-01 21:24:01 UTC,1.71,0.3404,0.0045,0.0,0.0004,0.04,8.81,MIN_PROFIT_TP_HIT,0.072
141,TRUMP_USDT,SHORT,StochasticRSI(MICRO_BURST-SHORT),2,0.2,1.707,1.711,1.705,1.711,2026-07-01 21:31:59 UTC,2026-07-01 21:34:37 UTC,157.59,0.3414,0.0046,0.0,-0.0008,-0.08,-17.57,STOP_LOSS_HIT,0.0712
142,TRUMP_USDT,SHORT,StochasticRSI(MICRO_BURST-SHORT),2,0.2,1.715,1.713,1.713,1.719,2026-07-01 21:38:59 UTC,2026-07-01 21:39:43 UTC,43.36,0.343,0.0046,0.0,0.0004,0.04,8.75,MIN_PROFIT_TP_HIT,0.0716
143,TRUMP_USDT,LONG,StochasticRSI(MICRO_BURST-LONG),2,0.2,1.714,1.716,1.716,1.71,2026-07-01 21:44:59 UTC,2026-07-01 21:49:46 UTC,286.05,0.3428,0.0046,0.0,0.0004,0.04,8.75,MIN_PROFIT_TP_HIT,0.072
144,TRUMP_USDT,SHORT,StochasticRSI(MICRO_BURST-SHORT),2,0.2,1.717,1.715,1.715,1.721,2026-07-01 21:55:59 UTC,2026-07-01 21:56:15 UTC,15.05,0.3434,0.0046,0.0,0.0004,0.04,8.74,MIN_PROFIT_TP_HIT,0.0724
145,TRUMP_USDT,LONG,StochasticRSI(MICRO_BURST-LONG),2,0.2,1.713,1.715,1.715,1.709,2026-07-01 21:59:59 UTC,2026-07-01 22:00:09 UTC,9.81,0.3426,0.0046,0.0,0.0004,0.04,8.76,MIN_PROFIT_TP_HIT,0.0728
146,TRUMP_USDT,LONG,StochasticRSI(MICRO_BURST-LONG),2,0.2,1.712,1.714,1.714,1.708,2026-07-01 22:02:59 UTC,2026-07-01 22:03:35 UTC,35.9,0.3424,0.0046,0.0,0.0004,0.04,8.76,MIN_PROFIT_TP_HIT,0.0732
147,TRUMP_USDT,LONG,StochasticRSI(MICRO_BURST-LONG),2,0.2,1.712,1.714,1.714,1.708,2026-07-01 22:07:59 UTC,2026-07-01 22:08:23 UTC,23.03,0.3424,0.0046,0.0,0.0004,0.04,8.76,MIN_PROFIT_TP_HIT,0.0736
148,TRUMP_USDT,SHORT,StochasticRSI(MICRO_BURST-SHORT),2,0.2,1.714,1.718,1.712,1.718,2026-07-01 22:15:59 UTC,2026-07-01 22:21:18 UTC,318.08,0.3428,0.0046,0.0,-0.0008,-0.08,-17.5,STOP_LOSS_HIT,0.0728
149,TRUMP_USDT,LONG,StochasticRSI(MICRO_BURST-LONG),2,0.2,1.707,1.709,1.709,1.703,2026-07-01 22:31:59 UTC,2026-07-01 22:32:12 UTC,12.43,0.3414,0.0046,0.0,0.0004,0.04,8.79,MIN_PROFIT_TP_HIT,0.0732
150,TRUMP_USDT,SHORT,StochasticRSI(MICRO_BURST-SHORT),2,0.2,1.704,1.702,1.702,1.708,2026-07-01 22:44:59 UTC,2026-07-01 22:46:02 UTC,62.87,0.3408,0.0045,0.0,0.0004,0.04,8.8,MIN_PROFIT_TP_HIT,0.0736
151,TRUMP_USDT,SHORT,StochasticRSI(MICRO_BURST-SHORT),2,0.2,1.7,1.698,1.698,1.704,2026-07-01 23:01:59 UTC,2026-07-01 23:02:04 UTC,4.75,0.34,0.0045,0.0,0.0004,0.04,8.82,MIN_PROFIT_TP_HIT,0.074
152,TRUMP_USDT,LONG,StochasticRSI(MICRO_BURST-LONG),2,0.2,1.688,1.69,1.69,1.684,2026-07-01 23:15:59 UTC,2026-07-01 23:16:55 UTC,55.82,0.3376,0.0045,0.0,0.0004,0.04,8.89,MIN_PROFIT_TP_HIT,0.0744
153,TRUMP_USDT,SHORT,StochasticRSI(MICRO_BURST-SHORT),2,0.2,1.69,1.688,1.688,1.694,2026-07-01 23:22:59 UTC,2026-07-01 23:31:55 UTC,535.87,0.338,0.0045,0.0,0.0004,0.04,8.88,MIN_PROFIT_TP_HIT,0.0748
154,TRUMP_USDT,LONG,StochasticRSI(MICRO_BURST-LONG),2,0.2,1.685,1.687,1.687,1.681,2026-07-01 23:35:59 UTC,2026-07-01 23:37:33 UTC,93.15,0.337,0.0045,0.0,0.0004,0.04,8.9,MIN_PROFIT_TP_HIT,0.0752
155,TRUMP_USDT,LONG,StochasticRSI(MICRO_BURST-LONG),2,0.2,1.688,1.69,1.69,1.684,2026-07-01 23:38:59 UTC,2026-07-01 23:39:39 UTC,39.04,0.3376,0.0045,0.0,0.0004,0.04,8.89,MIN_PROFIT_TP_HIT,0.0756
156,TRUMP_USDT,SHORT,StochasticRSI(MICRO_BURST-SHORT),2,0.2,1.685,1.689,1.683,1.689,2026-07-01 23:41:59 UTC,2026-07-01 23:42:44 UTC,44.91,0.337,0.0045,0.0,-0.0008,-0.08,-17.8,STOP_LOSS_HIT,0.0748
157,TRUMP_USDT,LONG,StochasticRSI(MICRO_BURST-LONG),2,0.2,1.684,1.68,1.686,1.68,2026-07-01 23:54:59 UTC,2026-07-02 00:02:11 UTC,431.21,0.3368,0.0045,0.0,-0.0008,-0.08,-17.81,STOP_LOSS_HIT,0.074
158,TRUMP_USDT,LONG,StochasticRSI(MICRO_BURST-LONG),2,0.2,1.679,1.681,1.681,1.675,2026-07-02 00:06:59 UTC,2026-07-02 00:07:42 UTC,42.74,0.3358,0.0045,0.0,0.0004,0.04,8.93,MIN_PROFIT_TP_HIT,0.0744
159,TRUMP_USDT,SHORT,StochasticRSI(MICRO_BURST-SHORT),2,0.2,1.681,1.685,1.679,1.685,2026-07-02 00:11:59 UTC,2026-07-02 00:14:19 UTC,139.19,0.3362,0.0045,0.0,-0.0008,-0.08,-17.85,STOP_LOSS_HIT,0.0736
160,TRUMP_USDT,SHORT,StochasticRSI(MICRO_BURST-SHORT),2,0.2,1.683,1.681,1.681,1.687,2026-07-02 00:15:59 UTC,2026-07-02 00:17:15 UTC,75.35,0.3366,0.0045,0.0,0.0004,0.04,8.91,MIN_PROFIT_TP_HIT,0.074
161,TRUMP_USDT,LONG,StochasticRSI(MICRO_BURST-LONG),2,0.2,1.68,1.676,1.682,1.676,2026-07-02 00:22:59 UTC,2026-07-02 00:23:45 UTC,45.43,0.336,0.0045,0.0,-0.0008,-0.08,-17.86,STOP_LOSS_HIT,0.0732
162,TRUMP_USDT,SHORT,StochasticRSI(MICRO_BURST-SHORT),2,0.2,1.674,1.678,1.672,1.678,2026-07-02 00:47:59 UTC,2026-07-02 00:49:48 UTC,108.06,0.3348,0.0045,0.0,-0.0008,-0.08,-17.92,STOP_LOSS_HIT,0.0724
163,TRUMP_USDT,SHORT,StochasticRSI(MICRO_BURST-SHORT),2,0.2,1.679,1.683,1.677,1.683,2026-07-02 01:02:59 UTC,2026-07-02 01:09:16 UTC,376.72,0.3358,0.0045,0.0,-0.0008,-0.08,-17.87,STOP_LOSS_HIT,0.0716
164,TRUMP_USDT,SHORT,StochasticRSI(MICRO_BURST-SHORT),2,0.2,1.682,1.686,1.68,1.686,2026-07-02 01:17:59 UTC,2026-07-02 01:19:03 UTC,63.23,0.3364,0.0045,0.0,-0.0008,-0.08,-17.84,STOP_LOSS_HIT,0.0708
165,TRUMP_USDT,SHORT,StochasticRSI(MICRO_BURST-SHORT),2,0.2,1.687,1.691,1.685,1.691,2026-07-02 01:27:59 UTC,2026-07-02 01:30:48 UTC,168.48,0.3374,0.0045,0.0,-0.0008,-0.08,-17.78,STOP_LOSS_HIT,0.07
166,TRUMP_USDT,LONG,StochasticRSI(MICRO_BURST-LONG),2,0.2,1.69,1.692,1.692,1.686,2026-07-02 01:37:59 UTC,2026-07-02 01:39:25 UTC,85.26,0.338,0.0045,0.0,0.0004,0.04,8.88,MIN_PROFIT_TP_HIT,0.0704
167,TRUMP_USDT,SHORT,StochasticRSI(MICRO_BURST-SHORT),2,0.2,1.693,1.691,1.691,1.697,2026-07-02 01:43:59 UTC,2026-07-02 01:50:05 UTC,365.67,0.3386,0.0045,0.0,0.0004,0.04,8.86,MIN_PROFIT_TP_HIT,0.0708
168,TRUMP_USDT,LONG,StochasticRSI(MICRO_BURST-LONG),2,0.2,1.689,1.685,1.691,1.685,2026-07-02 01:54:59 UTC,2026-07-02 02:03:25 UTC,505.42,0.3378,0.0045,0.0,-0.0008,-0.08,-17.76,STOP_LOSS_HIT,0.07
169,TRUMP_USDT,LONG,StochasticRSI(MICRO_BURST-LONG),2,0.2,1.678,1.68,1.68,1.674,2026-07-02 02:12:59 UTC,2026-07-02 02:13:03 UTC,3.14,0.3356,0.0045,0.0,0.0004,0.04,8.94,MIN_PROFIT_TP_HIT,0.0704
170,TRUMP_USDT,SHORT,StochasticRSI(MICRO_BURST-SHORT),2,0.2,1.682,1.686,1.68,1.686,2026-07-02 02:18:59 UTC,2026-07-02 02:20:26 UTC,86.08,0.3364,0.0045,0.0,-0.0008,-0.08,-17.84,STOP_LOSS_HIT,0.0696
171,TRUMP_USDT,SHORT,StochasticRSI(MICRO_BURST-SHORT),2,0.2,1.682,1.686,1.68,1.686,2026-07-02 02:22:59 UTC,2026-07-02 02:27:24 UTC,264.81,0.3364,0.0045,0.0,-0.0008,-0.08,-17.84,STOP_LOSS_HIT,0.0688
172,TRUMP_USDT,LONG,StochasticRSI(MICRO_BURST-LONG),2,0.2,1.686,1.688,1.688,1.682,2026-07-02 02:32:59 UTC,2026-07-02 02:36:02 UTC,182.38,0.3372,0.0045,0.0,0.0004,0.04,8.9,MIN_PROFIT_TP_HIT,0.0692
173,TRUMP_USDT,SHORT,StochasticRSI(MICRO_BURST-SHORT),2,0.2,1.694,1.692,1.692,1.698,2026-07-02 02:44:59 UTC,2026-07-02 02:47:08 UTC,128.86,0.3388,0.0045,0.0,0.0004,0.04,8.85,MIN_PROFIT_TP_HIT,0.0696
174,TRUMP_USDT,LONG,StochasticRSI(MICRO_BURST-LONG),2,0.2,1.691,1.693,1.693,1.687,2026-07-02 02:52:59 UTC,2026-07-02 02:55:22 UTC,142.44,0.3382,0.0045,0.0,0.0004,0.04,8.87,MIN_PROFIT_TP_HIT,0.07
175,TRUMP_USDT,LONG,StochasticRSI(MICRO_BURST-LONG),2,0.2,1.69,1.692,1.692,1.686,2026-07-02 03:08:59 UTC,2026-07-02 03:15:19 UTC,379.5,0.338,0.0045,0.0,0.0004,0.04,8.88,MIN_PROFIT_TP_HIT,0.0704
176,TRUMP_USDT,SHORT,StochasticRSI(MICRO_BURST-SHORT),2,0.2,1.689,1.687,1.687,1.693,2026-07-02 03:17:59 UTC,2026-07-02 03:18:04 UTC,4.61,0.3378,0.0045,0.0,0.0004,0.04,8.88,MIN_PROFIT_TP_HIT,0.0708
177,TRUMP_USDT,LONG,StochasticRSI(MICRO_BURST-LONG),2,0.2,1.684,1.686,1.686,1.68,2026-07-02 03:23:59 UTC,2026-07-02 03:27:36 UTC,216.42,0.3368,0.0045,0.0,0.0004,0.04,8.91,MIN_PROFIT_TP_HIT,0.0712
178,TRUMP_USDT,SHORT,StochasticRSI(MICRO_BURST-SHORT),2,0.2,1.691,1.695,1.689,1.695,2026-07-02 03:30:59 UTC,2026-07-02 03:31:42 UTC,42.02,0.3382,0.0045,0.0,-0.0008,-0.08,-17.74,STOP_LOSS_HIT,0.0704
179,TRUMP_USDT,SHORT,StochasticRSI(MICRO_BURST-SHORT),2,0.2,1.699,1.697,1.697,1.703,2026-07-02 03:44:59 UTC,2026-07-02 03:46:05 UTC,65.17,0.3398,0.0045,0.0,0.0004,0.04,8.83,MIN_PROFIT_TP_HIT,0.0708
180,TRUMP_USDT,LONG,StochasticRSI(MICRO_BURST-LONG),2,0.2,1.699,1.695,1.701,1.695,2026-07-02 04:10:59 UTC,2026-07-02 04:14:18 UTC,198.01,0.3398,0.0045,0.0,-0.0008,-0.08,-17.66,STOP_LOSS_HIT,0.07
181,TRUMP_USDT,LONG,StochasticRSI(MICRO_BURST-LONG),2,0.2,1.692,1.694,1.694,1.688,2026-07-02 04:25:59 UTC,2026-07-02 04:30:05 UTC,245.47,0.3384,0.0045,0.0,0.0004,0.04,8.87,MIN_PROFIT_TP_HIT,0.0704
182,TRUMP_USDT,SHORT,StochasticRSI(MICRO_BURST-SHORT),2,0.2,1.691,1.695,1.689,1.695,2026-07-02 04:32:59 UTC,2026-07-02 04:39:42 UTC,402.8,0.3382,0.0045,0.0,-0.0008,-0.08,-17.74,STOP_LOSS_HIT,0.0696
183,TRUMP_USDT,SHORT,StochasticRSI(MICRO_BURST-SHORT),2,0.2,1.691,1.695,1.689,1.695,2026-07-02 04:41:59 UTC,2026-07-02 04:43:57 UTC,117.06,0.3382,0.0045,0.0,-0.0008,-0.08,-17.74,STOP_LOSS_HIT,0.0688
184,TRUMP_USDT,SHORT,StochasticRSI(MICRO_BURST-SHORT),2,0.2,1.708,1.706,1.706,1.712,2026-07-02 04:49:59 UTC,2026-07-02 04:52:36 UTC,156.29,0.3416,0.0046,0.0,0.0004,0.04,8.78,MIN_PROFIT_TP_HIT,0.0692
185,TRUMP_USDT,LONG,StochasticRSI(MICRO_BURST-LONG),2,0.2,1.704,1.706,1.706,1.7,2026-07-02 04:57:59 UTC,2026-07-02 04:58:27 UTC,27.61,0.3408,0.0045,0.0,0.0004,0.04,8.8,MIN_PROFIT_TP_HIT,0.0696
186,TRUMP_USDT,SHORT,StochasticRSI(MICRO_BURST-SHORT),2,0.2,1.702,1.7,1.7,1.706,2026-07-02 05:08:59 UTC,2026-07-02 05:17:00 UTC,480.04,0.3404,0.0045,0.0,0.0004,0.04,8.81,MIN_PROFIT_TP_HIT,0.07
187,TRUMP_USDT,LONG,StochasticRSI(MICRO_BURST-LONG),2,0.2,1.691,1.693,1.693,1.687,2026-07-02 05:33:59 UTC,2026-07-02 05:34:02 UTC,2.53,0.3382,0.0045,0.0,0.0004,0.04,8.87,MIN_PROFIT_TP_HIT,0.0704
188,TRUMP_USDT,SHORT,StochasticRSI(MICRO_BURST-SHORT),2,0.2,1.69,1.688,1.688,1.694,2026-07-02 05:38:59 UTC,2026-07-02 05:42:42 UTC,222.95,0.338,0.0045,0.0,0.0004,0.04,8.88,MIN_PROFIT_TP_HIT,0.0708
189,TRUMP_USDT,LONG,StochasticRSI(MICRO_BURST-LONG),2,0.2,1.687,1.689,1.689,1.683,2026-07-02 05:46:59 UTC,2026-07-02 05:50:09 UTC,189.12,0.3374,0.0045,0.0,0.0004,0.04,8.89,MIN_PROFIT_TP_HIT,0.0712
190,TRUMP_USDT,SHORT,StochasticRSI(MICRO_BURST-SHORT),2,0.2,1.689,1.687,1.687,1.693,2026-07-02 05:51:59 UTC,2026-07-02 06:03:10 UTC,670.21,0.3378,0.0045,0.0,0.0004,0.04,8.88,MIN_PROFIT_TP_HIT,0.0716
191,TRUMP_USDT,LONG,StochasticRSI(MICRO_BURST-LONG),2,0.2,1.688,1.684,1.69,1.684,2026-07-02 06:07:59 UTC,2026-07-02 06:09:50 UTC,110.01,0.3376,0.0045,0.0,-0.0008,-0.08,-17.77,STOP_LOSS_HIT,0.0708
192,TRUMP_USDT,SHORT,StochasticRSI(MICRO_BURST-SHORT),2,0.2,1.687,1.685,1.685,1.691,2026-07-02 06:20:59 UTC,2026-07-02 06:24:39 UTC,219.54,0.3374,0.0045,0.0,0.0004,0.04,8.89,MIN_PROFIT_TP_HIT,0.0712
193,TRUMP_USDT,LONG,StochasticRSI(MICRO_BURST-LONG),2,0.2,1.687,1.683,1.689,1.683,2026-07-02 06:40:59 UTC,2026-07-02 06:47:01 UTC,361.09,0.3374,0.0045,0.0,-0.0008,-0.08,-17.78,STOP_LOSS_HIT,0.0704
194,TRUMP_USDT,LONG,StochasticRSI(MICRO_BURST-LONG),2,0.2,1.683,1.679,1.685,1.679,2026-07-02 06:53:59 UTC,2026-07-02 07:00:18 UTC,378.25,0.3366,0.0045,0.0,-0.0008,-0.08,-17.83,STOP_LOSS_HIT,0.0696
195,TRUMP_USDT,SHORT,StochasticRSI(MICRO_BURST-SHORT),2,0.2,1.681,1.679,1.679,1.685,2026-07-02 07:09:59 UTC,2026-07-02 07:11:21 UTC,81.65,0.3362,0.0045,0.0,0.0004,0.04,8.92,MIN_PROFIT_TP_HIT,0.07
196,TRUMP_USDT,LONG,StochasticRSI(MICRO_BURST-LONG),2,0.2,1.679,1.675,1.681,1.675,2026-07-02 07:15:59 UTC,2026-07-02 07:25:40 UTC,580.4,0.3358,0.0045,0.0,-0.0008,-0.08,-17.87,STOP_LOSS_HIT,0.0692
197,TRUMP_USDT,LONG,StochasticRSI(MICRO_BURST-LONG),2,0.2,1.676,1.672,1.678,1.672,2026-07-02 07:29:59 UTC,2026-07-02 07:30:38 UTC,38.79,0.3352,0.0045,0.0,-0.0008,-0.08,-17.9,STOP_LOSS_HIT,0.0684
198,TRUMP_USDT,SHORT,StochasticRSI(MICRO_BURST-SHORT),2,0.2,1.675,1.679,1.673,1.679,2026-07-02 07:44:59 UTC,2026-07-02 07:50:27 UTC,327.22,0.335,0.0045,0.0,-0.0008,-0.08,-17.91,STOP_LOSS_HIT,0.0676
199,TRUMP_USDT,LONG,StochasticRSI(MICRO_BURST-LONG),2,0.2,1.674,1.676,1.676,1.67,2026-07-02 07:57:59 UTC,2026-07-02 08:00:10 UTC,130.22,0.3348,0.0045,0.0,0.0004,0.04,8.96,MIN_PROFIT_TP_HIT,0.068
200,TRUMP_USDT,LONG,StochasticRSI(MICRO_BURST-LONG),2,0.2,1.675,1.677,1.677,1.671,2026-07-02 08:06:59 UTC,2026-07-02 08:10:18 UTC,198.48,0.335,0.0045,0.0,0.0004,0.04,8.96,MIN_PROFIT_TP_HIT,0.0684
201,TRUMP_USDT,LONG,StochasticRSI(MICRO_BURST-LONG),2,0.2,1.675,1.677,1.677,1.671,2026-07-02 08:15:59 UTC,2026-07-02 08:24:04 UTC,484.56,0.335,0.0045,0.0,0.0004,0.04,8.96,MIN_PROFIT_TP_HIT,0.0688
202,TRUMP_USDT,SHORT,StochasticRSI(MICRO_BURST-SHORT),2,0.2,1.676,1.68,1.674,1.68,2026-07-02 08:26:59 UTC,2026-07-02 08:31:31 UTC,271.56,0.3352,0.0045,0.0,-0.0008,-0.08,-17.9,STOP_LOSS_HIT,0.068
203,TRUMP_USDT,LONG,StochasticRSI(MICRO_BURST-LONG),2,0.2,1.681,1.677,1.683,1.677,2026-07-02 08:41:59 UTC,2026-07-02 08:43:28 UTC,88.19,0.3362,0.0045,0.0,-0.0008,-0.08,-17.85,STOP_LOSS_HIT,0.0672
204,TRUMP_USDT,LONG,StochasticRSI(MICRO_BURST-LONG),2,0.2,1.681,1.683,1.683,1.677,2026-07-02 08:54:59 UTC,2026-07-02 08:56:37 UTC,97.84,0.3362,0.0045,0.0,0.0004,0.04,8.92,MIN_PROFIT_TP_HIT,0.0676
205,TRUMP_USDT,SHORT,StochasticRSI(MICRO_BURST-SHORT),2,0.2,1.681,1.679,1.679,1.685,2026-07-02 08:58:59 UTC,2026-07-02 09:00:14 UTC,74.53,0.3362,0.0045,0.0,0.0004,0.04,8.92,MIN_PROFIT_TP_HIT,0.068
206,TRUMP_USDT,LONG,StochasticRSI(MICRO_BURST-LONG),2,0.2,1.678,1.674,1.68,1.674,2026-07-02 09:05:59 UTC,2026-07-02 09:09:43 UTC,223.02,0.3356,0.0045,0.0,-0.0008,-0.08,-17.88,STOP_LOSS_HIT,0.0672
207,TRUMP_USDT,SHORT,StochasticRSI(MICRO_BURST-SHORT),2,0.2,1.674,1.678,1.672,1.678,2026-07-02 09:15:59 UTC,2026-07-02 09:21:25 UTC,325.23,0.3348,0.0045,0.0,-0.0008,-0.08,-17.92,STOP_LOSS_HIT,0.0664
208,TRUMP_USDT,SHORT,StochasticRSI(MICRO_BURST-SHORT),2,0.2,1.676,1.68,1.674,1.68,2026-07-02 09:23:59 UTC,2026-07-02 09:28:35 UTC,275.35,0.3352,0.0045,0.0,-0.0008,-0.08,-17.9,STOP_LOSS_HIT,0.0656
209,TRUMP_USDT,SHORT,StochasticRSI(MICRO_BURST-SHORT),2,0.2,1.683,1.687,1.681,1.687,2026-07-02 09:33:59 UTC,2026-07-02 09:36:02 UTC,122.59,0.3366,0.0045,0.0,-0.0008,-0.08,-17.83,STOP_LOSS_HIT,0.0648
210,TRUMP_USDT,SHORT,StochasticRSI(MICRO_BURST-SHORT),2,0.2,1.691,1.689,1.689,1.695,2026-07-02 09:40:59 UTC,2026-07-02 09:43:31 UTC,151.03,0.3382,0.0045,0.0,0.0004,0.04,8.87,MIN_PROFIT_TP_HIT,0.0652
211,TRUMP_USDT,LONG,StochasticRSI(MICRO_BURST-LONG),2,0.2,1.69,1.692,1.692,1.686,2026-07-02 09:48:59 UTC,2026-07-02 09:53:06 UTC,246.72,0.338,0.0045,0.0,0.0004,0.04,8.88,MIN_PROFIT_TP_HIT,0.0656
212,TRUMP_USDT,SHORT,StochasticRSI(MICRO_BURST-SHORT),2,0.2,1.689,1.687,1.687,1.693,2026-07-02 09:56:59 UTC,2026-07-02 09:59:09 UTC,129.26,0.3378,0.0045,0.0,0.0004,0.04,8.88,MIN_PROFIT_TP_HIT,0.066
213,TRUMP_USDT,LONG,StochasticRSI(MICRO_BURST-LONG),2,0.2,1.685,1.687,1.687,1.681,2026-07-02 10:02:59 UTC,2026-07-02 10:03:03 UTC,3.1,0.337,0.0045,0.0,0.0004,0.04,8.9,MIN_PROFIT_TP_HIT,0.0664
214,TRUMP_USDT,SHORT,StochasticRSI(MICRO_BURST-SHORT),2,0.2,1.687,1.691,1.685,1.691,2026-07-02 10:09:59 UTC,2026-07-02 10:10:57 UTC,57.04,0.3374,0.0045,0.0,-0.0008,-0.08,-17.78,STOP_LOSS_HIT,0.0656
215,TRUMP_USDT,SHORT,StochasticRSI(MICRO_BURST-SHORT),2,0.2,1.692,1.69,1.69,1.696,2026-07-02 10:17:59 UTC,2026-07-02 10:18:38 UTC,38.79,0.3384,0.0045,0.0,0.0004,0.04,8.87,MIN_PROFIT_TP_HIT,0.066
216,TRUMP_USDT,LONG,StochasticRSI(MICRO_BURST-LONG),2,0.2,1.695,1.691,1.697,1.691,2026-07-02 10:21:59 UTC,2026-07-02 10:22:59 UTC,59.9,0.339,0.0045,0.0,-0.0008,-0.08,-17.7,STOP_LOSS_HIT,0.0652
217,TRUMP_USDT,SHORT,StochasticRSI(MICRO_BURST-SHORT),2,0.2,1.697,1.695,1.695,1.701,2026-07-02 10:37:59 UTC,2026-07-02 10:40:48 UTC,168.09,0.3394,0.0045,0.0,0.0004,0.04,8.84,MIN_PROFIT_TP_HIT,0.0656
218,TRUMP_USDT,LONG,StochasticRSI(MICRO_BURST-LONG),2,0.2,1.692,1.694,1.694,1.688,2026-07-02 10:48:59 UTC,2026-07-02 10:51:08 UTC,128.05,0.3384,0.0045,0.0,0.0004,0.04,8.87,MIN_PROFIT_TP_HIT,0.066
219,TRUMP_USDT,SHORT,StochasticRSI(MICRO_BURST-SHORT),2,0.2,1.698,1.702,1.696,1.702,2026-07-02 11:09:59 UTC,2026-07-02 11:11:22 UTC,82.68,0.3396,0.0045,0.0,-0.0008,-0.08,-17.67,STOP_LOSS_HIT,0.0652
220,TRUMP_USDT,SHORT,StochasticRSI(MICRO_BURST-SHORT),2,0.2,1.704,1.702,1.702,1.708,2026-07-02 11:16:59 UTC,2026-07-02 11:20:15 UTC,195.42,0.3408,0.0045,0.0,0.0004,0.04,8.8,MIN_PROFIT_TP_HIT,0.0656
221,TRUMP_USDT,LONG,StochasticRSI(MICRO_BURST-LONG),2,0.2,1.705,1.707,1.707,1.701,2026-07-02 11:23:59 UTC,2026-07-02 11:24:01 UTC,1.8,0.341,0.0045,0.0,0.0004,0.04,8.8,MIN_PROFIT_TP_HIT,0.066
222,TRUMP_USDT,SHORT,StochasticRSI(MICRO_BURST-SHORT),2,0.2,1.711,1.709,1.709,1.715,2026-07-02 11:29:59 UTC,2026-07-02 11:32:49 UTC,169.11,0.3422,0.0046,0.0,0.0004,0.04,8.77,MIN_PROFIT_TP_HIT,0.0664
223,TRUMP_USDT,LONG,StochasticRSI(MICRO_BURST-LONG),2,0.2,1.708,1.71,1.71,1.704,2026-07-02 11:35:59 UTC,2026-07-02 11:36:05 UTC,5.92,0.3416,0.0046,0.0,0.0004,0.04,8.78,MIN_PROFIT_TP_HIT,0.0668
224,TRUMP_USDT,SHORT,StochasticRSI(MICRO_BURST-SHORT),2,0.2,1.713,1.711,1.711,1.717,2026-07-02 11:47:59 UTC,2026-07-02 11:48:10 UTC,10.77,0.3426,0.0046,0.0,0.0004,0.04,8.76,MIN_PROFIT_TP_HIT,0.0672
225,TRUMP_USDT,LONG,StochasticRSI(MICRO_BURST-LONG),2,0.2,1.706,1.708,1.708,1.702,2026-07-02 11:52:59 UTC,2026-07-02 11:53:00 UTC,0.53,0.3412,0.0045,0.0,0.0004,0.04,8.79,MIN_PROFIT_TP_HIT,0.0676
226,TRUMP_USDT,LONG,StochasticRSI(MICRO_BURST-LONG),2,0.2,1.703,1.705,1.705,1.699,2026-07-02 11:57:59 UTC,2026-07-02 11:58:46 UTC,46.13,0.3406,0.0045,0.0,0.0004,0.04,8.81,MIN_PROFIT_TP_HIT,0.068
227,TRUMP_USDT,SHORT,StochasticRSI(MICRO_BURST-SHORT),2,0.2,1.704,1.708,1.702,1.708,2026-07-02 12:01:59 UTC,2026-07-02 12:06:45 UTC,285.45,0.3408,0.0045,0.0,-0.0008,-0.08,-17.61,STOP_LOSS_HIT,0.0672
228,TRUMP_USDT,SHORT,StochasticRSI(MICRO_BURST-SHORT),2,0.2,1.706,1.71,1.704,1.71,2026-07-02 12:08:59 UTC,2026-07-02 12:12:04 UTC,184.54,0.3412,0.0045,0.0,-0.0008,-0.08,-17.58,STOP_LOSS_HIT,0.0664
229,TRUMP_USDT,SHORT,StochasticRSI(MICRO_BURST-SHORT),2,0.2,1.708,1.706,1.706,1.712,2026-07-02 12:15:59 UTC,2026-07-02 12:19:10 UTC,190.62,0.3416,0.0046,0.0,0.0004,0.04,8.78,MIN_PROFIT_TP_HIT,0.0668
230,TRUMP_USDT,LONG,StochasticRSI(MICRO_BURST-LONG),2,0.2,1.704,1.706,1.706,1.7,2026-07-02 12:20:59 UTC,2026-07-02 12:21:15 UTC,15.85,0.3408,0.0045,0.0,0.0004,0.04,8.8,MIN_PROFIT_TP_HIT,0.0672
231,TRUMP_USDT,LONG,StochasticRSI(MICRO_BURST-LONG),2,0.2,1.709,1.711,1.711,1.705,2026-07-02 12:22:59 UTC,2026-07-02 12:28:34 UTC,334.05,0.3418,0.0046,0.0,0.0004,0.04,8.78,MIN_PROFIT_TP_HIT,0.0676
232,TRUMP_USDT,SHORT,StochasticRSI(MICRO_BURST-SHORT),2,0.2,1.713,1.711,1.711,1.717,2026-07-02 12:32:59 UTC,2026-07-02 12:33:17 UTC,17.75,0.3426,0.0046,0.0,0.0004,0.04,8.76,MIN_PROFIT_TP_HIT,0.068
233,TRUMP_USDT,LONG,StochasticRSI(MICRO_BURST-LONG),2,0.2,1.711,1.713,1.713,1.707,2026-07-02 12:36:59 UTC,2026-07-02 12:37:38 UTC,39.0,0.3422,0.0046,0.0,0.0004,0.04,8.77,MIN_PROFIT_TP_HIT,0.0684
234,TRUMP_USDT,LONG,StochasticRSI(MICRO_BURST-LONG),2,0.2,1.709,1.711,1.711,1.705,2026-07-02 12:43:59 UTC,2026-07-02 12:45:07 UTC,67.15,0.3418,0.0046,0.0,0.0004,0.04,8.78,MIN_PROFIT_TP_HIT,0.0688
235,TRUMP_USDT,SHORT,StochasticRSI(MICRO_BURST-SHORT),2,0.2,1.715,1.713,1.713,1.719,2026-07-02 12:49:59 UTC,2026-07-02 12:51:54 UTC,114.17,0.343,0.0046,0.0,0.0004,0.04,8.75,MIN_PROFIT_TP_HIT,0.0692
236,TRUMP_USDT,SHORT,StochasticRSI(MICRO_BURST-SHORT),2,0.2,1.713,1.711,1.711,1.717,2026-07-02 12:52:59 UTC,2026-07-02 12:53:09 UTC,9.48,0.3426,0.0046,0.0,0.0004,0.04,8.76,MIN_PROFIT_TP_HIT,0.0696
237,TRUMP_USDT,LONG,StochasticRSI(MICRO_BURST-LONG),2,0.2,1.717,1.713,1.719,1.713,2026-07-02 12:56:59 UTC,2026-07-02 12:57:46 UTC,46.18,0.3434,0.0046,0.0,-0.0008,-0.08,-17.47,STOP_LOSS_HIT,0.0688
238,TRUMP_USDT,LONG,StochasticRSI(MICRO_BURST-LONG),2,0.2,1.708,1.71,1.71,1.704,2026-07-02 13:04:59 UTC,2026-07-02 13:05:07 UTC,7.65,0.3416,0.0046,0.0,0.0004,0.04,8.78,MIN_PROFIT_TP_HIT,0.0692
239,TRUMP_USDT,SHORT,StochasticRSI(MICRO_BURST-SHORT),2,0.2,1.71,1.714,1.708,1.714,2026-07-02 13:18:59 UTC,2026-07-02 13:25:08 UTC,368.08,0.342,0.0046,0.0,-0.0008,-0.08,-17.54,STOP_LOSS_HIT,0.0684
240,TRUMP_USDT,LONG,StochasticRSI(MICRO_BURST-LONG),2,0.2,1.709,1.711,1.711,1.705,2026-07-02 13:32:59 UTC,2026-07-02 13:33:07 UTC,7.48,0.3418,0.0046,0.0,0.0004,0.04,8.78,MIN_PROFIT_TP_HIT,0.0688
241,TRUMP_USDT,SHORT,StochasticRSI(MICRO_BURST-SHORT),2,0.2,1.714,1.718,1.712,1.718,2026-07-02 13:38:59 UTC,2026-07-02 13:43:44 UTC,284.15,0.3428,0.0046,0.0,-0.0008,-0.08,-17.5,STOP_LOSS_HIT,0.068
242,TRUMP_USDT,SHORT,StochasticRSI(MICRO_BURST-SHORT),2,0.2,1.716,1.72,1.714,1.72,2026-07-02 13:54:59 UTC,2026-07-02 14:00:08 UTC,308.04,0.3432,0.0046,0.0,-0.0008,-0.08,-17.48,STOP_LOSS_HIT,0.0672
243,TRUMP_USDT,SHORT,StochasticRSI(MICRO_BURST-SHORT),2,0.2,1.713,1.711,1.711,1.717,2026-07-02 14:04:59 UTC,2026-07-02 14:06:16 UTC,76.51,0.3426,0.0046,0.0,0.0004,0.04,8.76,MIN_PROFIT_TP_HIT,0.0676
244,TRUMP_USDT,LONG,StochasticRSI(MICRO_BURST-LONG),2,0.2,1.711,1.713,1.713,1.707,2026-07-02 14:08:59 UTC,2026-07-02 14:11:25 UTC,145.6,0.3422,0.0046,0.0,0.0004,0.04,8.77,MIN_PROFIT_TP_HIT,0.068
245,TRUMP_USDT,LONG,StochasticRSI(MICRO_BURST-LONG),2,0.2,1.718,1.714,1.72,1.714,2026-07-02 14:12:59 UTC,2026-07-02 14:14:58 UTC,118.04,0.3436,0.0046,0.0,-0.0008,-0.08,-17.46,STOP_LOSS_HIT,0.0672
246,TRUMP_USDT,SHORT,StochasticRSI(MICRO_BURST-SHORT),2,0.2,1.712,1.71,1.71,1.716,2026-07-02 14:16:59 UTC,2026-07-02 14:18:05 UTC,65.93,0.3424,0.0046,0.0,0.0004,0.04,8.76,MIN_PROFIT_TP_HIT,0.0676
247,TRUMP_USDT,LONG,StochasticRSI(MICRO_BURST-LONG),2,0.2,1.702,1.704,1.704,1.698,2026-07-02 14:22:59 UTC,2026-07-02 14:23:05 UTC,5.08,0.3404,0.0045,0.0,0.0004,0.04,8.81,MIN_PROFIT_TP_HIT,0.068
248,TRUMP_USDT,SHORT,StochasticRSI(MICRO_BURST-SHORT),2,0.2,1.702,1.706,1.7,1.706,2026-07-02 14:28:59 UTC,2026-07-02 14:30:14 UTC,74.41,0.3404,0.0045,0.0,-0.0008,-0.08,-17.63,STOP_LOSS_HIT,0.0672
249,TRUMP_USDT,SHORT,StochasticRSI(MICRO_BURST-SHORT),2,0.2,1.703,1.701,1.701,1.707,2026-07-02 14:33:59 UTC,2026-07-02 14:34:42 UTC,42.62,0.3406,0.0045,0.0,0.0004,0.04,8.81,MIN_PROFIT_TP_HIT,0.0676
250,TRUMP_USDT,SHORT,StochasticRSI(MICRO_BURST-SHORT),2,0.2,1.701,1.699,1.699,1.705,2026-07-02 14:53:59 UTC,2026-07-02 14:54:10 UTC,10.54,0.3402,0.0045,0.0,0.0004,0.04,8.82,MIN_PROFIT_TP_HIT,0.068
251,TRUMP_USDT,LONG,StochasticRSI(MICRO_BURST-LONG),2,0.2,1.702,1.704,1.704,1.698,2026-07-02 14:58:59 UTC,2026-07-02 14:59:44 UTC,44.09,0.3404,0.0045,0.0,0.0004,0.04,8.81,MIN_PROFIT_TP_HIT,0.0684
252,TRUMP_USDT,SHORT,StochasticRSI(MICRO_BURST-SHORT),2,0.2,1.699,1.697,1.697,1.703,2026-07-02 15:02:59 UTC,2026-07-02 15:04:31 UTC,91.67,0.3398,0.0045,0.0,0.0004,0.04,8.83,MIN_PROFIT_TP_HIT,0.0688
253,TRUMP_USDT,LONG,StochasticRSI(MICRO_BURST-LONG),2,0.2,1.693,1.689,1.695,1.689,2026-07-02 15:09:59 UTC,2026-07-02 15:10:59 UTC,59.2,0.3386,0.0045,0.0,-0.0008,-0.08,-17.72,STOP_LOSS_HIT,0.068
254,TRUMP_USDT,SHORT,StochasticRSI(MICRO_BURST-SHORT),2,0.2,1.697,1.695,1.695,1.701,2026-07-02 15:17:59 UTC,2026-07-02 15:18:09 UTC,9.7,0.3394,0.0045,0.0,0.0004,0.04,8.84,MIN_PROFIT_TP_HIT,0.0684
255,TRUMP_USDT,SHORT,StochasticRSI(MICRO_BURST-SHORT),2,0.2,1.702,1.7,1.7,1.706,2026-07-02 15:26:59 UTC,2026-07-02 15:32:38 UTC,338.16,0.3404,0.0045,0.0,0.0004,0.04,8.81,MIN_PROFIT_TP_HIT,0.0688
256,TRUMP_USDT,SHORT,StochasticRSI(MICRO_BURST-SHORT),2,0.2,1.706,1.704,1.704,1.71,2026-07-02 15:37:59 UTC,2026-07-02 15:39:33 UTC,93.53,0.3412,0.0045,0.0,0.0004,0.04,8.79,MIN_PROFIT_TP_HIT,0.0692
257,TRUMP_USDT,LONG,StochasticRSI(MICRO_BURST-LONG),2,0.2,1.706,1.702,1.708,1.702,2026-07-02 15:41:59 UTC,2026-07-02 15:49:29 UTC,449.25,0.3412,0.0045,0.0,-0.0008,-0.08,-17.58,STOP_LOSS_HIT,0.0684
258,TRUMP_USDT,LONG,StochasticRSI(MICRO_BURST-LONG),2,0.2,1.702,1.704,1.704,1.698,2026-07-02 15:52:59 UTC,2026-07-02 15:55:00 UTC,120.59,0.3404,0.0045,0.0,0.0004,0.04,8.81,MIN_PROFIT_TP_HIT,0.0688
259,TRUMP_USDT,SHORT,StochasticRSI(MICRO_BURST-SHORT),2,0.2,1.704,1.702,1.702,1.708,2026-07-02 15:57:59 UTC,2026-07-02 16:01:32 UTC,212.35,0.3408,0.0045,0.0,0.0004,0.04,8.8,MIN_PROFIT_TP_HIT,0.0692
260,TRUMP_USDT,SHORT,StochasticRSI(MICRO_BURST-SHORT),2,0.2,1.708,1.712,1.706,1.712,2026-07-02 16:09:59 UTC,2026-07-02 16:13:00 UTC,180.69,0.3416,0.0046,0.0,-0.0008,-0.08,-17.56,STOP_LOSS_HIT,0.0684
261,TRUMP_USDT,SHORT,StochasticRSI(MICRO_BURST-SHORT),2,0.2,1.707,1.705,1.705,1.711,2026-07-02 16:15:59 UTC,2026-07-02 16:17:39 UTC,99.7,0.3414,0.0046,0.0,0.0004,0.04,8.79,MIN_PROFIT_TP_HIT,0.0688
262,TRUMP_USDT,LONG,StochasticRSI(MICRO_BURST-LONG),2,0.2,1.702,1.704,1.704,1.698,2026-07-02 16:19:59 UTC,2026-07-02 16:20:03 UTC,3.23,0.3404,0.0045,0.0,0.0004,0.04,8.81,MIN_PROFIT_TP_HIT,0.0692
263,TRUMP_USDT,LONG,StochasticRSI(MICRO_BURST-LONG),2,0.2,1.701,1.703,1.703,1.697,2026-07-02 16:22:59 UTC,2026-07-02 16:25:21 UTC,141.43,0.3402,0.0045,0.0,0.0004,0.04,8.82,MIN_PROFIT_TP_HIT,0.0696
264,TRUMP_USDT,SHORT,StochasticRSI(MICRO_BURST-SHORT),2,0.2,1.705,1.703,1.703,1.709,2026-07-02 16:45:59 UTC,2026-07-02 16:55:42 UTC,582.59,0.341,0.0045,0.0,0.0004,0.04,8.8,MIN_PROFIT_TP_HIT,0.07
265,TRUMP_USDT,LONG,StochasticRSI(MICRO_BURST-LONG),2,0.2,1.703,1.705,1.705,1.699,2026-07-02 17:02:59 UTC,2026-07-02 17:05:33 UTC,153.54,0.3406,0.0045,0.0,0.0004,0.04,8.81,MIN_PROFIT_TP_HIT,0.0704
266,TRUMP_USDT,SHORT,StochasticRSI(MICRO_BURST-SHORT),2,0.2,1.703,1.701,1.701,1.707,2026-07-02 17:08:59 UTC,2026-07-02 17:10:56 UTC,116.93,0.3406,0.0045,0.0,0.0004,0.04,8.81,MIN_PROFIT_TP_HIT,0.0708
267,TRUMP_USDT,SHORT,StochasticRSI(MICRO_BURST-SHORT),2,0.2,1.706,1.71,1.704,1.71,2026-07-02 17:20:59 UTC,2026-07-02 17:22:04 UTC,64.08,0.3412,0.0045,0.0,-0.0008,-0.08,-17.58,STOP_LOSS_HIT,0.07
268,TRUMP_USDT,SHORT,StochasticRSI(MICRO_BURST-SHORT),2,0.2,1.708,1.706,1.706,1.712,2026-07-02 17:26:59 UTC,2026-07-02 17:33:24 UTC,384.69,0.3416,0.0046,0.0,0.0004,0.04,8.78,MIN_PROFIT_TP_HIT,0.0704
269,TRUMP_USDT,LONG,StochasticRSI(MICRO_BURST-LONG),2,0.2,1.7,1.702,1.702,1.696,2026-07-02 17:38:59 UTC,2026-07-02 17:40:50 UTC,110.28,0.34,0.0045,0.0,0.0004,0.04,8.82,MIN_PROFIT_TP_HIT,0.0708
270,TRUMP_USDT,SHORT,StochasticRSI(MICRO_BURST-SHORT),2,0.2,1.704,1.702,1.702,1.708,2026-07-02 17:45:59 UTC,2026-07-02 17:47:05 UTC,65.38,0.3408,0.0045,0.0,0.0004,0.04,8.8,MIN_PROFIT_TP_HIT,0.0712
271,TRUMP_USDT,LONG,StochasticRSI(MICRO_BURST-LONG),2,0.2,1.701,1.703,1.703,1.697,2026-07-02 18:00:59 UTC,2026-07-02 18:05:38 UTC,278.8,0.3402,0.0045,0.0,0.0004,0.04,8.82,MIN_PROFIT_TP_HIT,0.0716
272,TRUMP_USDT,LONG,StochasticRSI(MICRO_BURST-LONG),2,0.2,1.701,1.697,1.703,1.697,2026-07-02 18:15:59 UTC,2026-07-02 18:18:49 UTC,169.54,0.3402,0.0045,0.0,-0.0008,-0.08,-17.64,STOP_LOSS_HIT,0.0708
273,TRUMP_USDT,LONG,StochasticRSI(MICRO_BURST-LONG),2,0.2,1.699,1.701,1.701,1.695,2026-07-02 18:20:59 UTC,2026-07-02 18:23:08 UTC,128.26,0.3398,0.0045,0.0,0.0004,0.04,8.83,MIN_PROFIT_TP_HIT,0.0712
274,TRUMP_USDT,SHORT,StochasticRSI(MICRO_BURST-SHORT),2,0.2,1.698,1.702,1.696,1.702,2026-07-02 18:26:59 UTC,2026-07-02 18:37:34 UTC,634.52,0.3396,0.0045,0.0,-0.0008,-0.08,-17.67,STOP_LOSS_HIT,0.0704
275,TRUMP_USDT,SHORT,StochasticRSI(MICRO_BURST-SHORT),2,0.2,1.702,1.706,1.7,1.706,2026-07-02 18:42:59 UTC,2026-07-02 18:48:57 UTC,357.11,0.3404,0.0045,0.0,-0.0008,-0.08,-17.63,STOP_LOSS_HIT,0.0696
276,TRUMP_USDT,SHORT,StochasticRSI(MICRO_BURST-SHORT),2,0.2,1.705,1.703,1.703,1.709,2026-07-02 18:54:59 UTC,2026-07-02 18:55:14 UTC,14.31,0.341,0.0045,0.0,0.0004,0.04,8.8,MIN_PROFIT_TP_HIT,0.07
277,TRUMP_USDT,LONG,StochasticRSI(MICRO_BURST-LONG),2,0.2,1.706,1.708,1.708,1.702,2026-07-02 18:59:59 UTC,2026-07-02 19:00:20 UTC,20.41,0.3412,0.0045,0.0,0.0004,0.04,8.79,MIN_PROFIT_TP_HIT,0.0704
278,TRUMP_USDT,SHORT,StochasticRSI(MICRO_BURST-SHORT),2,0.2,1.709,1.707,1.707,1.713,2026-07-02 19:16:59 UTC,2026-07-02 19:18:30 UTC,90.67,0.3418,0.0046,0.0,0.0004,0.04,8.78,MIN_PROFIT_TP_HIT,0.0708
279,TRUMP_USDT,LONG,StochasticRSI(MICRO_BURST-LONG),2,0.2,1.706,1.708,1.708,1.702,2026-07-02 19:20:59 UTC,2026-07-02 19:28:27 UTC,447.6,0.3412,0.0045,0.0,0.0004,0.04,8.79,MIN_PROFIT_TP_HIT,0.0712
280,TRUMP_USDT,SHORT,StochasticRSI(MICRO_BURST-SHORT),2,0.2,1.708,1.706,1.706,1.712,2026-07-02 19:31:59 UTC,2026-07-02 19:38:59 UTC,419.54,0.3416,0.0046,0.0,0.0004,0.04,8.78,MIN_PROFIT_TP_HIT,0.0716
281,TRUMP_USDT,LONG,StochasticRSI(MICRO_BURST-LONG),2,0.2,1.708,1.71,1.71,1.704,2026-07-02 19:41:59 UTC,2026-07-02 19:45:31 UTC,211.22,0.3416,0.0046,0.0,0.0004,0.04,8.78,MIN_PROFIT_TP_HIT,0.072
282,TRUMP_USDT,SHORT,StochasticRSI(MICRO_BURST-SHORT),2,0.2,1.71,1.708,1.708,1.714,2026-07-02 19:48:59 UTC,2026-07-02 19:49:07 UTC,7.16,0.342,0.0046,0.0,0.0004,0.04,8.77,MIN_PROFIT_TP_HIT,0.0724
283,TRUMP_USDT,LONG,StochasticRSI(MICRO_BURST-LONG),2,0.2,1.713,1.709,1.715,1.709,2026-07-02 19:56:59 UTC,2026-07-02 19:58:10 UTC,70.82,0.3426,0.0046,0.0,-0.0008,-0.08,-17.51,STOP_LOSS_HIT,0.0716
284,TRUMP_USDT,SHORT,StochasticRSI(MICRO_BURST-SHORT),2,0.2,1.711,1.715,1.709,1.715,2026-07-02 20:07:59 UTC,2026-07-02 20:16:00 UTC,480.77,0.3422,0.0046,0.0,-0.0008,-0.08,-17.53,STOP_LOSS_HIT,0.0708
285,TRUMP_USDT,SHORT,StochasticRSI(MICRO_BURST-SHORT),2,0.2,1.71,1.708,1.708,1.714,2026-07-02 20:18:59 UTC,2026-07-02 20:24:39 UTC,339.09,0.342,0.0046,0.0,0.0004,0.04,8.77,MIN_PROFIT_TP_HIT,0.0712
286,TRUMP_USDT,SHORT,StochasticRSI(MICRO_BURST-SHORT),2,0.2,1.708,1.712,1.706,1.712,2026-07-02 20:38:59 UTC,2026-07-02 20:57:11 UTC,1091.38,0.3416,0.0046,0.0,-0.0008,-0.08,-17.56,STOP_LOSS_HIT,0.0704
287,TRUMP_USDT,LONG,StochasticRSI(MICRO_BURST-LONG),2,0.2,1.711,1.713,1.713,1.707,2026-07-02 21:11:59 UTC,2026-07-02 21:13:00 UTC,60.1,0.3422,0.0046,0.0,0.0004,0.04,8.77,MIN_PROFIT_TP_HIT,0.0708
288,TRUMP_USDT,LONG,StochasticRSI(MICRO_BURST-LONG),2,0.2,1.713,1.715,1.715,1.709,2026-07-02 21:21:59 UTC,2026-07-02 21:26:06 UTC,246.58,0.3426,0.0046,0.0,0.0004,0.04,8.76,MIN_PROFIT_TP_HIT,0.0712
289,TRUMP_USDT,SHORT,StochasticRSI(MICRO_BURST-SHORT),2,0.2,1.716,1.72,1.714,1.72,2026-07-02 21:31:59 UTC,2026-07-02 21:42:32 UTC,632.92,0.3432,0.0046,0.0,-0.0008,-0.08,-17.48,STOP_LOSS_HIT,0.0704
290,TRUMP_USDT,LONG,StochasticRSI(MICRO_BURST-LONG),2,0.2,1.71,1.712,1.712,1.706,2026-07-02 21:47:59 UTC,2026-07-02 21:49:09 UTC,69.12,0.342,0.0046,0.0,0.0004,0.04,8.77,MIN_PROFIT_TP_HIT,0.0708
291,TRUMP_USDT,SHORT,StochasticRSI(MICRO_BURST-SHORT),2,0.2,1.711,1.709,1.709,1.715,2026-07-02 21:53:59 UTC,2026-07-02 21:54:21 UTC,22.0,0.3422,0.0046,0.0,0.0004,0.04,8.77,MIN_PROFIT_TP_HIT,0.0712
292,TRUMP_USDT,SHORT,StochasticRSI(MICRO_BURST-SHORT),2,0.2,1.715,1.713,1.713,1.719,2026-07-02 22:01:59 UTC,2026-07-02 22:04:21 UTC,141.96,0.343,0.0046,0.0,0.0004,0.04,8.75,MIN_PROFIT_TP_HIT,0.0716
293,TRUMP_USDT,LONG,StochasticRSI(MICRO_BURST-LONG),2,0.2,1.715,1.711,1.717,1.711,2026-07-02 22:08:59 UTC,2026-07-02 22:12:29 UTC,209.45,0.343,0.0046,0.0,-0.0008,-0.08,-17.49,STOP_LOSS_HIT,0.0708
294,TRUMP_USDT,LONG,StochasticRSI(MICRO_BURST-LONG),2,0.2,1.715,1.717,1.717,1.711,2026-07-02 22:14:59 UTC,2026-07-02 22:17:23 UTC,143.82,0.343,0.0046,0.0,0.0004,0.04,8.75,MIN_PROFIT_TP_HIT,0.0712
295,TRUMP_USDT,SHORT,StochasticRSI(MICRO_BURST-SHORT),2,0.2,1.716,1.72,1.714,1.72,2026-07-02 22:21:59 UTC,2026-07-02 22:35:38 UTC,818.42,0.3432,0.0046,0.0,-0.0008,-0.08,-17.48,STOP_LOSS_HIT,0.0704
296,TRUMP_USDT,SHORT,StochasticRSI(MICRO_BURST-SHORT),2,0.2,1.716,1.714,1.714,1.72,2026-07-02 22:39:59 UTC,2026-07-02 22:40:19 UTC,19.58,0.3432,0.0046,0.0,0.0004,0.04,8.74,MIN_PROFIT_TP_HIT,0.0708
297,TRUMP_USDT,LONG,StochasticRSI(MICRO_BURST-LONG),2,0.2,1.716,1.718,1.718,1.712,2026-07-02 22:42:59 UTC,2026-07-02 22:44:10 UTC,70.57,0.3432,0.0046,0.0,0.0004,0.04,8.74,MIN_PROFIT_TP_HIT,0.0712
298,TRUMP_USDT,LONG,StochasticRSI(MICRO_BURST-LONG),2,0.2,1.72,1.716,1.722,1.716,2026-07-02 23:09:59 UTC,2026-07-02 23:12:30 UTC,150.39,0.344,0.0046,0.0,-0.0008,-0.08,-17.44,STOP_LOSS_HIT,0.0704
299,TRUMP_USDT,SHORT,StochasticRSI(MICRO_BURST-SHORT),2,0.2,1.717,1.721,1.715,1.721,2026-07-02 23:23:59 UTC,2026-07-02 23:26:51 UTC,171.71,0.3434,0.0046,0.0,-0.0008,-0.08,-17.47,STOP_LOSS_HIT,0.0696
300,TRUMP_USDT,SHORT,StochasticRSI(MICRO_BURST-SHORT),2,0.2,1.719,1.717,1.717,1.723,2026-07-02 23:49:59 UTC,2026-07-02 23:53:54 UTC,234.74,0.3438,0.0046,0.0,0.0004,0.04,8.73,MIN_PROFIT_TP_HIT,0.07
301,TRUMP_USDT,LONG,StochasticRSI(MICRO_BURST-LONG),2,0.2,1.716,1.718,1.718,1.712,2026-07-02 23:58:59 UTC,2026-07-03 00:00:33 UTC,93.84,0.3432,0.0046,0.0,0.0004,0.04,8.74,MIN_PROFIT_TP_HIT,0.0704
302,TRUMP_USDT,SHORT,StochasticRSI(MICRO_BURST-SHORT),2,0.2,1.713,1.711,1.711,1.717,2026-07-03 00:08:59 UTC,2026-07-03 00:09:19 UTC,19.69,0.3426,0.0046,0.0,0.0004,0.04,8.76,MIN_PROFIT_TP_HIT,0.0708
303,TRUMP_USDT,SHORT,StochasticRSI(MICRO_BURST-SHORT),2,0.2,1.709,1.707,1.707,1.713,2026-07-03 00:16:59 UTC,2026-07-03 00:21:34 UTC,274.74,0.3418,0.0046,0.0,0.0004,0.04,8.78,MIN_PROFIT_TP_HIT,0.0712
304,TRUMP_USDT,LONG,StochasticRSI(MICRO_BURST-LONG),2,0.2,1.708,1.704,1.71,1.704,2026-07-03 00:32:59 UTC,2026-07-03 00:33:18 UTC,18.59,0.3416,0.0046,0.0,-0.0008,-0.08,-17.56,STOP_LOSS_HIT,0.0704
305,TRUMP_USDT,SHORT,StochasticRSI(MICRO_BURST-SHORT),2,0.2,1.706,1.704,1.704,1.71,2026-07-03 00:49:59 UTC,2026-07-03 00:52:55 UTC,175.78,0.3412,0.0045,0.0,0.0004,0.04,8.79,MIN_PROFIT_TP_HIT,0.0708
306,TRUMP_USDT,LONG,StochasticRSI(MICRO_BURST-LONG),2,0.2,1.703,1.705,1.705,1.699,2026-07-03 00:55:59 UTC,2026-07-03 01:02:55 UTC,415.1,0.3406,0.0045,0.0,0.0004,0.04,8.81,MIN_PROFIT_TP_HIT,0.0712
307,TRUMP_USDT,SHORT,StochasticRSI(MICRO_BURST-SHORT),2,0.2,1.708,1.712,1.706,1.712,2026-07-03 01:07:59 UTC,2026-07-03 01:14:01 UTC,361.05,0.3416,0.0046,0.0,-0.0008,-0.08,-17.56,STOP_LOSS_HIT,0.0704
308,TRUMP_USDT,LONG,StochasticRSI(MICRO_BURST-LONG),2,0.2,1.715,1.717,1.717,1.711,2026-07-03 01:20:59 UTC,2026-07-03 01:24:17 UTC,197.89,0.343,0.0046,0.0,0.0004,0.04,8.75,MIN_PROFIT_TP_HIT,0.0708
309,TRUMP_USDT,SHORT,StochasticRSI(MICRO_BURST-SHORT),2,0.2,1.716,1.72,1.714,1.72,2026-07-03 01:27:59 UTC,2026-07-03 01:29:29 UTC,89.92,0.3432,0.0046,0.0,-0.0008,-0.08,-17.48,STOP_LOSS_HIT,0.07
310,TRUMP_USDT,SHORT,StochasticRSI(MICRO_BURST-SHORT),2,0.2,1.725,1.723,1.723,1.729,2026-07-03 01:42:59 UTC,2026-07-03 01:43:33 UTC,33.44,0.345,0.0046,0.0,0.0004,0.04,8.7,MIN_PROFIT_TP_HIT,0.0704
311,TRUMP_USDT,LONG,StochasticRSI(MICRO_BURST-LONG),2,0.2,1.722,1.724,1.724,1.718,2026-07-03 01:47:59 UTC,2026-07-03 01:49:06 UTC,66.59,0.3444,0.0046,0.0,0.0004,0.04,8.71,MIN_PROFIT_TP_HIT,0.0708
312,TRUMP_USDT,SHORT,StochasticRSI(MICRO_BURST-SHORT),2,0.2,1.724,1.722,1.722,1.728,2026-07-03 01:55:59 UTC,2026-07-03 01:56:07 UTC,7.73,0.3448,0.0046,0.0,0.0004,0.04,8.7,MIN_PROFIT_TP_HIT,0.0712
313,TRUMP_USDT,LONG,StochasticRSI(MICRO_BURST-LONG),2,0.2,1.723,1.719,1.725,1.719,2026-07-03 02:00:59 UTC,2026-07-03 02:03:47 UTC,167.79,0.3446,0.0046,0.0,-0.0008,-0.08,-17.41,STOP_LOSS_HIT,0.0704
314,TRUMP_USDT,LONG,StochasticRSI(MICRO_BURST-LONG),2,0.2,1.719,1.721,1.721,1.715,2026-07-03 02:08:59 UTC,2026-07-03 02:09:15 UTC,15.58,0.3438,0.0046,0.0,0.0004,0.04,8.73,MIN_PROFIT_TP_HIT,0.0708
315,TRUMP_USDT,SHORT,StochasticRSI(MICRO_BURST-SHORT),2,0.2,1.723,1.721,1.721,1.727,2026-07-03 02:23:59 UTC,2026-07-03 02:25:48 UTC,108.02,0.3446,0.0046,0.0,0.0004,0.04,8.71,MIN_PROFIT_TP_HIT,0.0712
316,TRUMP_USDT,LONG,StochasticRSI(MICRO_BURST-LONG),2,0.2,1.719,1.721,1.721,1.715,2026-07-03 02:32:59 UTC,2026-07-03 02:34:06 UTC,66.16,0.3438,0.0046,0.0,0.0004,0.04,8.73,MIN_PROFIT_TP_HIT,0.0716
317,TRUMP_USDT,SHORT,StochasticRSI(MICRO_BURST-SHORT),2,0.2,1.719,1.723,1.717,1.723,2026-07-03 02:38:59 UTC,2026-07-03 02:40:24 UTC,84.55,0.3438,0.0046,0.0,-0.0008,-0.08,-17.45,STOP_LOSS_HIT,0.0708
318,TRUMP_USDT,LONG,StochasticRSI(MICRO_BURST-LONG),2,0.2,1.717,1.719,1.719,1.713,2026-07-03 02:46:59 UTC,2026-07-03 02:49:52 UTC,172.21,0.3434,0.0046,0.0,0.0004,0.04,8.74,MIN_PROFIT_TP_HIT,0.0712
319,TRUMP_USDT,SHORT,StochasticRSI(MICRO_BURST-SHORT),2,0.2,1.717,1.721,1.715,1.721,2026-07-03 02:55:59 UTC,2026-07-03 02:58:23 UTC,143.38,0.3434,0.0046,0.0,-0.0008,-0.08,-17.47,STOP_LOSS_HIT,0.0704
320,TRUMP_USDT,LONG,StochasticRSI(MICRO_BURST-LONG),2,0.2,1.722,1.718,1.724,1.718,2026-07-03 02:59:59 UTC,2026-07-03 03:05:07 UTC,307.78,0.3444,0.0046,0.0,-0.0008,-0.08,-17.42,STOP_LOSS_HIT,0.0696
321,TRUMP_USDT,LONG,StochasticRSI(MICRO_BURST-LONG),2,0.2,1.717,1.719,1.719,1.713,2026-07-03 03:08:59 UTC,2026-07-03 03:09:55 UTC,55.3,0.3434,0.0046,0.0,0.0004,0.04,8.74,MIN_PROFIT_TP_HIT,0.07
322,TRUMP_USDT,LONG,StochasticRSI(MICRO_BURST-LONG),2,0.2,1.721,1.723,1.723,1.717,2026-07-03 03:29:59 UTC,2026-07-03 03:32:29 UTC,149.98,0.3442,0.0046,0.0,0.0004,0.04,8.72,MIN_PROFIT_TP_HIT,0.0704
323,TRUMP_USDT,LONG,StochasticRSI(MICRO_BURST-LONG),2,0.2,1.721,1.723,1.723,1.717,2026-07-03 03:33:59 UTC,2026-07-03 03:34:33 UTC,33.31,0.3442,0.0046,0.0,0.0004,0.04,8.72,MIN_PROFIT_TP_HIT,0.0708
324,TRUMP_USDT,SHORT,StochasticRSI(MICRO_BURST-SHORT),2,0.2,1.727,1.725,1.725,1.731,2026-07-03 03:40:59 UTC,2026-07-03 03:46:58 UTC,358.49,0.3454,0.0046,0.0,0.0004,0.04,8.69,MIN_PROFIT_TP_HIT,0.0712
325,TRUMP_USDT,SHORT,StochasticRSI(MICRO_BURST-SHORT),2,0.2,1.725,1.723,1.723,1.729,2026-07-03 03:54:59 UTC,2026-07-03 03:55:57 UTC,57.1,0.345,0.0046,0.0,0.0004,0.04,8.7,MIN_PROFIT_TP_HIT,0.0716
326,TRUMP_USDT,SHORT,StochasticRSI(MICRO_BURST-SHORT),2,0.2,1.725,1.723,1.723,1.729,2026-07-03 04:03:59 UTC,2026-07-03 04:06:38 UTC,158.1,0.345,0.0046,0.0,0.0004,0.04,8.7,MIN_PROFIT_TP_HIT,0.072
327,TRUMP_USDT,LONG,StochasticRSI(MICRO_BURST-LONG),2,0.2,1.721,1.717,1.723,1.717,2026-07-03 04:11:59 UTC,2026-07-03 04:15:46 UTC,226.2,0.3442,0.0046,0.0,-0.0008,-0.08,-17.43,STOP_LOSS_HIT,0.0712
328,TRUMP_USDT,SHORT,StochasticRSI(MICRO_BURST-SHORT),2,0.2,1.719,1.717,1.717,1.723,2026-07-03 04:26:59 UTC,2026-07-03 04:29:44 UTC,164.65,0.3438,0.0046,0.0,0.0004,0.04,8.73,MIN_PROFIT_TP_HIT,0.0716
329,TRUMP_USDT,LONG,StochasticRSI(MICRO_BURST-LONG),2,0.2,1.72,1.716,1.722,1.716,2026-07-03 04:32:59 UTC,2026-07-03 04:33:35 UTC,35.75,0.344,0.0046,0.0,-0.0008,-0.08,-17.44,STOP_LOSS_HIT,0.0708
330,TRUMP_USDT,LONG,StochasticRSI(MICRO_BURST-LONG),2,0.2,1.713,1.715,1.715,1.709,2026-07-03 04:38:59 UTC,2026-07-03 04:41:20 UTC,140.25,0.3426,0.0046,0.0,0.0004,0.04,8.76,MIN_PROFIT_TP_HIT,0.0712
331,TRUMP_USDT,SHORT,StochasticRSI(MICRO_BURST-SHORT),2,0.2,1.715,1.713,1.713,1.719,2026-07-03 04:44:59 UTC,2026-07-03 04:46:04 UTC,64.97,0.343,0.0046,0.0,0.0004,0.04,8.75,MIN_PROFIT_TP_HIT,0.0716
332,TRUMP_USDT,LONG,StochasticRSI(MICRO_BURST-LONG),2,0.2,1.711,1.713,1.713,1.707,2026-07-03 04:52:59 UTC,2026-07-03 04:57:53 UTC,293.0,0.3422,0.0046,0.0,0.0004,0.04,8.77,MIN_PROFIT_TP_HIT,0.072
333,TRUMP_USDT,SHORT,StochasticRSI(MICRO_BURST-SHORT),2,0.2,1.711,1.709,1.709,1.715,2026-07-03 05:01:59 UTC,2026-07-03 05:02:04 UTC,4.8,0.3422,0.0046,0.0,0.0004,0.04,8.77,MIN_PROFIT_TP_HIT,0.0724
334,TRUMP_USDT,LONG,StochasticRSI(MICRO_BURST-LONG),2,0.2,1.707,1.709,1.709,1.703,2026-07-03 05:07:59 UTC,2026-07-03 05:15:52 UTC,472.64,0.3414,0.0046,0.0,0.0004,0.04,8.79,MIN_PROFIT_TP_HIT,0.0728
335,TRUMP_USDT,SHORT,StochasticRSI(MICRO_BURST-SHORT),2,0.2,1.707,1.705,1.705,1.711,2026-07-03 05:17:59 UTC,2026-07-03 05:23:27 UTC,327.69,0.3414,0.0046,0.0,0.0004,0.04,8.79,MIN_PROFIT_TP_HIT,0.0732
336,TRUMP_USDT,LONG,StochasticRSI(MICRO_BURST-LONG),2,0.2,1.708,1.71,1.71,1.704,2026-07-03 05:25:59 UTC,2026-07-03 05:26:16 UTC,16.41,0.3416,0.0046,0.0,0.0004,0.04,8.78,MIN_PROFIT_TP_HIT,0.0736
337,TRUMP_USDT,SHORT,StochasticRSI(MICRO_BURST-SHORT),2,0.2,1.718,1.716,1.716,1.722,2026-07-03 05:37:59 UTC,2026-07-03 05:41:17 UTC,197.32,0.3436,0.0046,0.0,0.0004,0.04,8.73,MIN_PROFIT_TP_HIT,0.074
338,TRUMP_USDT,LONG,StochasticRSI(MICRO_BURST-LONG),2,0.2,1.716,1.718,1.718,1.712,2026-07-03 05:45:59 UTC,2026-07-03 05:47:56 UTC,116.72,0.3432,0.0046,0.0,0.0004,0.04,8.74,MIN_PROFIT_TP_HIT,0.0744
339,TRUMP_USDT,LONG,StochasticRSI(MICRO_BURST-LONG),2,0.2,1.718,1.72,1.72,1.714,2026-07-03 05:57:59 UTC,2026-07-03 06:04:51 UTC,411.82,0.3436,0.0046,0.0,0.0004,0.04,8.73,MIN_PROFIT_TP_HIT,0.0748
340,TRUMP_USDT,SHORT,StochasticRSI(MICRO_BURST-SHORT),2,0.2,1.721,1.725,1.719,1.725,2026-07-03 06:08:59 UTC,2026-07-03 06:16:19 UTC,439.9,0.3442,0.0046,0.0,-0.0008,-0.08,-17.43,STOP_LOSS_HIT,0.074
341,TRUMP_USDT,SHORT,StochasticRSI(MICRO_BURST-SHORT),2,0.2,1.727,1.725,1.725,1.731,2026-07-03 06:17:59 UTC,2026-07-03 06:21:23 UTC,203.28,0.3454,0.0046,0.0,0.0004,0.04,8.69,MIN_PROFIT_TP_HIT,0.0744
342,TRUMP_USDT,LONG,StochasticRSI(MICRO_BURST-LONG),2,0.2,1.724,1.726,1.726,1.72,2026-07-03 06:25:59 UTC,2026-07-03 06:31:25 UTC,325.07,0.3448,0.0046,0.0,0.0004,0.04,8.7,MIN_PROFIT_TP_HIT,0.0748
343,TRUMP_USDT,LONG,StochasticRSI(MICRO_BURST-LONG),2,0.2,1.722,1.724,1.724,1.718,2026-07-03 06:32:59 UTC,2026-07-03 06:33:14 UTC,14.62,0.3444,0.0046,0.0,0.0004,0.04,8.71,MIN_PROFIT_TP_HIT,0.0752
344,TRUMP_USDT,LONG,StochasticRSI(MICRO_BURST-LONG),2,0.2,1.725,1.721,1.727,1.721,2026-07-03 06:50:59 UTC,2026-07-03 06:57:46 UTC,406.38,0.345,0.0046,0.0,-0.0008,-0.08,-17.39,STOP_LOSS_HIT,0.0744
345,TRUMP_USDT,LONG,StochasticRSI(MICRO_BURST-LONG),2,0.2,1.723,1.725,1.725,1.719,2026-07-03 06:59:59 UTC,2026-07-03 07:02:24 UTC,144.9,0.3446,0.0046,0.0,0.0004,0.04,8.71,MIN_PROFIT_TP_HIT,0.0748
346,TRUMP_USDT,SHORT,StochasticRSI(MICRO_BURST-SHORT),2,0.2,1.722,1.726,1.72,1.726,2026-07-03 07:05:59 UTC,2026-07-03 07:19:04 UTC,784.57,0.3444,0.0046,0.0,-0.0008,-0.08,-17.42,STOP_LOSS_HIT,0.074
347,TRUMP_USDT,SHORT,StochasticRSI(MICRO_BURST-SHORT),2,0.2,1.725,1.723,1.723,1.729,2026-07-03 07:21:59 UTC,2026-07-03 07:23:13 UTC,73.69,0.345,0.0046,0.0,0.0004,0.04,8.7,MIN_PROFIT_TP_HIT,0.0744
348,TRUMP_USDT,LONG,StochasticRSI(MICRO_BURST-LONG),2,0.2,1.72,1.722,1.722,1.716,2026-07-03 07:29:59 UTC,2026-07-03 07:35:07 UTC,307.56,0.344,0.0046,0.0,0.0004,0.04,8.72,MIN_PROFIT_TP_HIT,0.0748
349,TRUMP_USDT,SHORT,StochasticRSI(MICRO_BURST-SHORT),2,0.2,1.722,1.726,1.72,1.726,2026-07-03 07:37:59 UTC,2026-07-03 07:41:26 UTC,206.43,0.3444,0.0046,0.0,-0.0008,-0.08,-17.42,STOP_LOSS_HIT,0.074
350,TRUMP_USDT,SHORT,StochasticRSI(MICRO_BURST-SHORT),2,0.2,1.727,1.725,1.725,1.731,2026-07-03 07:46:59 UTC,2026-07-03 07:49:07 UTC,127.95,0.3454,0.0046,0.0,0.0004,0.04,8.69,MIN_PROFIT_TP_HIT,0.0744
351,TRUMP_USDT,LONG,StochasticRSI(MICRO_BURST-LONG),2,0.2,1.724,1.726,1.726,1.72,2026-07-03 07:53:59 UTC,2026-07-03 07:55:11 UTC,71.3,0.3448,0.0046,0.0,0.0004,0.04,8.7,MIN_PROFIT_TP_HIT,0.0748
352,TRUMP_USDT,LONG,StochasticRSI(MICRO_BURST-LONG),2,0.2,1.727,1.723,1.729,1.723,2026-07-03 08:01:59 UTC,2026-07-03 08:03:06 UTC,66.17,0.3454,0.0046,0.0,-0.0008,-0.08,-17.37,STOP_LOSS_HIT,0.074
353,TRUMP_USDT,SHORT,StochasticRSI(MICRO_BURST-SHORT),2,0.2,1.724,1.722,1.722,1.728,2026-07-03 08:04:59 UTC,2026-07-03 08:07:13 UTC,133.17,0.3448,0.0046,0.0,0.0004,0.04,8.7,MIN_PROFIT_TP_HIT,0.0744
354,TRUMP_USDT,LONG,StochasticRSI(MICRO_BURST-LONG),2,0.2,1.723,1.725,1.725,1.719,2026-07-03 08:09:59 UTC,2026-07-03 08:10:08 UTC,8.39,0.3446,0.0046,0.0,0.0004,0.04,8.71,MIN_PROFIT_TP_HIT,0.0748
355,TRUMP_USDT,SHORT,StochasticRSI(MICRO_BURST-SHORT),2,0.2,1.768,1.766,1.766,1.772,2026-07-03 08:30:59 UTC,2026-07-03 08:31:02 UTC,2.23,0.3536,0.0047,0.0,0.0004,0.04,8.48,MIN_PROFIT_TP_HIT,0.0752
356,TRUMP_USDT,LONG,StochasticRSI(MICRO_BURST-LONG),2,0.2,1.754,1.756,1.756,1.75,2026-07-03 08:42:59 UTC,2026-07-03 08:43:13 UTC,13.59,0.3508,0.0047,0.0,0.0004,0.04,8.55,MIN_PROFIT_TP_HIT,0.0756
357,TRUMP_USDT,SHORT,StochasticRSI(MICRO_BURST-SHORT),2,0.2,1.754,1.752,1.752,1.758,2026-07-03 08:50:59 UTC,2026-07-03 08:51:26 UTC,26.71,0.3508,0.0047,0.0,0.0004,0.04,8.55,MIN_PROFIT_TP_HIT,0.076
358,TRUMP_USDT,LONG,StochasticRSI(MICRO_BURST-LONG),2,0.2,1.742,1.744,1.744,1.738,2026-07-03 08:56:59 UTC,2026-07-03 08:58:32 UTC,92.01,0.3484,0.0046,0.0,0.0004,0.04,8.61,MIN_PROFIT_TP_HIT,0.0764
359,TRUMP_USDT,SHORT,StochasticRSI(MICRO_BURST-SHORT),2,0.2,1.754,1.758,1.752,1.758,2026-07-03 09:10:59 UTC,2026-07-03 09:12:16 UTC,76.59,0.3508,0.0047,0.0,-0.0008,-0.08,-17.1,STOP_LOSS_HIT,0.0756
360,TRUMP_USDT,SHORT,StochasticRSI(MICRO_BURST-SHORT),2,0.2,1.754,1.752,1.752,1.758,2026-07-03 09:18:59 UTC,2026-07-03 09:20:59 UTC,119.46,0.3508,0.0047,0.0,0.0004,0.04,8.55,MIN_PROFIT_TP_HIT,0.076
361,TRUMP_USDT,LONG,StochasticRSI(MICRO_BURST-LONG),2,0.2,1.752,1.754,1.754,1.748,2026-07-03 09:22:59 UTC,2026-07-03 09:26:07 UTC,187.11,0.3504,0.0047,0.0,0.0004,0.04,8.56,MIN_PROFIT_TP_HIT,0.0764
362,TRUMP_USDT,SHORT,StochasticRSI(MICRO_BURST-SHORT),2,0.2,1.759,1.757,1.757,1.763,2026-07-03 09:31:59 UTC,2026-07-03 09:35:09 UTC,189.27,0.3518,0.0047,0.0,0.0004,0.04,8.53,MIN_PROFIT_TP_HIT,0.0768
363,TRUMP_USDT,LONG,StochasticRSI(MICRO_BURST-LONG),2,0.2,1.747,1.749,1.749,1.743,2026-07-03 09:39:59 UTC,2026-07-03 09:42:09 UTC,129.82,0.3494,0.0047,0.0,0.0004,0.04,8.59,MIN_PROFIT_TP_HIT,0.0772
364,TRUMP_USDT,LONG,StochasticRSI(MICRO_BURST-LONG),2,0.2,1.75,1.752,1.752,1.746,2026-07-03 09:43:59 UTC,2026-07-03 09:45:06 UTC,66.05,0.35,0.0047,0.0,0.0004,0.04,8.57,MIN_PROFIT_TP_HIT,0.0776
365,TRUMP_USDT,SHORT,StochasticRSI(MICRO_BURST-SHORT),2,0.2,1.753,1.751,1.751,1.757,2026-07-03 09:48:59 UTC,2026-07-03 09:52:06 UTC,186.72,0.3506,0.0047,0.0,0.0004,0.04,8.56,MIN_PROFIT_TP_HIT,0.078
366,TRUMP_USDT,LONG,StochasticRSI(MICRO_BURST-LONG),2,0.2,1.755,1.757,1.757,1.751,2026-07-03 09:56:59 UTC,2026-07-03 09:59:24 UTC,144.6,0.351,0.0047,0.0,0.0004,0.04,8.55,MIN_PROFIT_TP_HIT,0.0784
367,TRUMP_USDT,SHORT,StochasticRSI(MICRO_BURST-SHORT),2,0.2,1.759,1.757,1.757,1.763,2026-07-03 10:04:59 UTC,2026-07-03 10:08:07 UTC,187.27,0.3518,0.0047,0.0,0.0004,0.04,8.53,MIN_PROFIT_TP_HIT,0.0788
368,TRUMP_USDT,LONG,StochasticRSI(MICRO_BURST-LONG),2,0.2,1.758,1.754,1.76,1.754,2026-07-03 10:13:59 UTC,2026-07-03 10:16:12 UTC,132.56,0.3516,0.0047,0.0,-0.0008,-0.08,-17.06,STOP_LOSS_HIT,0.078
369,TRUMP_USDT,LONG,StochasticRSI(MICRO_BURST-LONG),2,0.2,1.752,1.754,1.754,1.748,2026-07-03 10:20:59 UTC,2026-07-03 10:22:07 UTC,67.68,0.3504,0.0047,0.0,0.0004,0.04,8.56,MIN_PROFIT_TP_HIT,0.0784
370,TRUMP_USDT,SHORT,StochasticRSI(MICRO_BURST-SHORT),2,0.2,1.758,1.762,1.756,1.762,2026-07-03 10:25:59 UTC,2026-07-03 10:26:33 UTC,33.86,0.3516,0.0047,0.0,-0.0008,-0.08,-17.06,STOP_LOSS_HIT,0.0776
371,TRUMP_USDT,SHORT,StochasticRSI(MICRO_BURST-SHORT),2,0.2,1.768,1.766,1.766,1.772,2026-07-03 10:29:59 UTC,2026-07-03 10:30:11 UTC,11.19,0.3536,0.0047,0.0,0.0004,0.04,8.48,MIN_PROFIT_TP_HIT,0.078
372,TRUMP_USDT,LONG,StochasticRSI(MICRO_BURST-LONG),2,0.2,1.76,1.762,1.762,1.756,2026-07-03 10:36:59 UTC,2026-07-03 10:37:01 UTC,1.19,0.352,0.0047,0.0,0.0004,0.04,8.52,MIN_PROFIT_TP_HIT,0.0784
373,TRUMP_USDT,SHORT,StochasticRSI(MICRO_BURST-SHORT),2,0.2,1.759,1.763,1.757,1.763,2026-07-03 10:40:59 UTC,2026-07-03 10:44:21 UTC,201.87,0.3518,0.0047,0.0,-0.0008,-0.08,-17.06,STOP_LOSS_HIT,0.0776
374,TRUMP_USDT,LONG,StochasticRSI(MICRO_BURST-LONG),2,0.2,1.763,1.765,1.765,1.759,2026-07-03 10:53:59 UTC,2026-07-03 10:55:13 UTC,73.46,0.3526,0.0047,0.0,0.0004,0.04,8.51,MIN_PROFIT_TP_HIT,0.078
375,TRUMP_USDT,SHORT,StochasticRSI(MICRO_BURST-SHORT),2,0.2,1.765,1.763,1.763,1.769,2026-07-03 10:58:59 UTC,2026-07-03 10:59:31 UTC,31.04,0.353,0.0047,0.0,0.0004,0.04,8.5,MIN_PROFIT_TP_HIT,0.0784
376,TRUMP_USDT,SHORT,StochasticRSI(MICRO_BURST-SHORT),2,0.2,1.766,1.764,1.764,1.77,2026-07-03 11:07:59 UTC,2026-07-03 11:08:22 UTC,22.08,0.3532,0.0047,0.0,0.0004,0.04,8.49,MIN_PROFIT_TP_HIT,0.0788
377,TRUMP_USDT,SHORT,StochasticRSI(MICRO_BURST-SHORT),2,0.2,1.762,1.76,1.76,1.766,2026-07-03 11:14:59 UTC,2026-07-03 11:19:50 UTC,290.36,0.3524,0.0047,0.0,0.0004,0.04,8.51,MIN_PROFIT_TP_HIT,0.0792
378,TRUMP_USDT,SHORT,StochasticRSI(MICRO_BURST-SHORT),2,0.2,1.758,1.756,1.756,1.762,2026-07-03 11:25:59 UTC,2026-07-03 11:26:45 UTC,45.53,0.3516,0.0047,0.0,0.0004,0.04,8.53,MIN_PROFIT_TP_HIT,0.0796
379,TRUMP_USDT,LONG,StochasticRSI(MICRO_BURST-LONG),2,0.2,1.757,1.753,1.759,1.753,2026-07-03 11:29:59 UTC,2026-07-03 11:35:56 UTC,356.27,0.3514,0.0047,0.0,-0.0008,-0.08,-17.07,STOP_LOSS_HIT,0.0788
380,TRUMP_USDT,SHORT,StochasticRSI(MICRO_BURST-SHORT),2,0.2,1.753,1.751,1.751,1.757,2026-07-03 11:43:59 UTC,2026-07-03 11:44:37 UTC,37.47,0.3506,0.0047,0.0,0.0004,0.04,8.56,MIN_PROFIT_TP_HIT,0.0792
381,TRUMP_USDT,LONG,StochasticRSI(MICRO_BURST-LONG),2,0.2,1.753,1.755,1.755,1.749,2026-07-03 11:48:59 UTC,2026-07-03 11:50:44 UTC,104.22,0.3506,0.0047,0.0,0.0004,0.04,8.56,MIN_PROFIT_TP_HIT,0.0796
382,TRUMP_USDT,SHORT,StochasticRSI(MICRO_BURST-SHORT),2,0.2,1.753,1.757,1.751,1.757,2026-07-03 11:53:59 UTC,2026-07-03 11:54:17 UTC,17.0,0.3506,0.0047,0.0,-0.0008,-0.08,-17.11,STOP_LOSS_HIT,0.0788
383,TRUMP_USDT,SHORT,StochasticRSI(MICRO_BURST-SHORT),2,0.2,1.764,1.762,1.762,1.768,2026-07-03 12:03:59 UTC,2026-07-03 12:05:23 UTC,83.29,0.3528,0.0047,0.0,0.0004,0.04,8.5,MIN_PROFIT_TP_HIT,0.0792
384,TRUMP_USDT,LONG,StochasticRSI(MICRO_BURST-LONG),2,0.2,1.763,1.765,1.765,1.759,2026-07-03 12:09:59 UTC,2026-07-03 12:10:01 UTC,1.0,0.3526,0.0047,0.0,0.0004,0.04,8.51,MIN_PROFIT_TP_HIT,0.0796
385,TRUMP_USDT,LONG,StochasticRSI(MICRO_BURST-LONG),2,0.2,1.759,1.761,1.761,1.755,2026-07-03 12:18:59 UTC,2026-07-03 12:19:03 UTC,3.23,0.3518,0.0047,0.0,0.0004,0.04,8.53,MIN_PROFIT_TP_HIT,0.08
386,TRUMP_USDT,LONG,StochasticRSI(MICRO_BURST-LONG),2,0.2,1.76,1.762,1.762,1.756,2026-07-03 12:22:59 UTC,2026-07-03 12:24:47 UTC,107.84,0.352,0.0047,0.0,0.0004,0.04,8.52,MIN_PROFIT_TP_HIT,0.0804
387,TRUMP_USDT,SHORT,StochasticRSI(MICRO_BURST-SHORT),2,0.2,1.76,1.758,1.758,1.764,2026-07-03 12:29:59 UTC,2026-07-03 12:30:38 UTC,38.06,0.352,0.0047,0.0,0.0004,0.04,8.52,MIN_PROFIT_TP_HIT,0.0808
388,TRUMP_USDT,LONG,StochasticRSI(MICRO_BURST-LONG),2,0.2,1.755,1.757,1.757,1.751,2026-07-03 12:35:59 UTC,2026-07-03 12:42:09 UTC,369.42,0.351,0.0047,0.0,0.0004,0.04,8.55,MIN_PROFIT_TP_HIT,0.0812
389,TRUMP_USDT,SHORT,StochasticRSI(MICRO_BURST-SHORT),2,0.2,1.761,1.759,1.759,1.765,2026-07-03 12:49:59 UTC,2026-07-03 12:50:01 UTC,1.03,0.3522,0.0047,0.0,0.0004,0.04,8.52,MIN_PROFIT_TP_HIT,0.0816
390,TRUMP_USDT,LONG,StochasticRSI(MICRO_BURST-LONG),2,0.2,1.76,1.762,1.762,1.756,2026-07-03 13:00:59 UTC,2026-07-03 13:02:48 UTC,108.48,0.352,0.0047,0.0,0.0004,0.04,8.52,MIN_PROFIT_TP_HIT,0.082
391,TRUMP_USDT,SHORT,StochasticRSI(MICRO_BURST-SHORT),2,0.2,1.763,1.767,1.761,1.767,2026-07-03 13:07:59 UTC,2026-07-03 13:17:11 UTC,551.42,0.3526,0.0047,0.0,-0.0008,-0.08,-17.02,STOP_LOSS_HIT,0.0812
392,TRUMP_USDT,SHORT,StochasticRSI(MICRO_BURST-SHORT),2,0.2,1.764,1.762,1.762,1.768,2026-07-03 13:23:59 UTC,2026-07-03 13:25:09 UTC,69.88,0.3528,0.0047,0.0,0.0004,0.04,8.5,MIN_PROFIT_TP_HIT,0.0816
393,TRUMP_USDT,LONG,StochasticRSI(MICRO_BURST-LONG),2,0.2,1.767,1.763,1.769,1.763,2026-07-03 13:27:59 UTC,2026-07-03 13:30:31 UTC,151.3,0.3534,0.0047,0.0,-0.0008,-0.08,-16.98,STOP_LOSS_HIT,0.0808
394,TRUMP_USDT,LONG,StochasticRSI(MICRO_BURST-LONG),2,0.2,1.764,1.766,1.766,1.76,2026-07-03 13:34:59 UTC,2026-07-03 13:41:29 UTC,389.35,0.3528,0.0047,0.0,0.0004,0.04,8.5,MIN_PROFIT_TP_HIT,0.0812
395,TRUMP_USDT,SHORT,StochasticRSI(MICRO_BURST-SHORT),2,0.2,1.763,1.761,1.761,1.767,2026-07-03 13:43:59 UTC,2026-07-03 13:49:17 UTC,317.09,0.3526,0.0047,0.0,0.0004,0.04,8.51,MIN_PROFIT_TP_HIT,0.0816
396,TRUMP_USDT,SHORT,StochasticRSI(MICRO_BURST-SHORT),2,0.2,1.764,1.762,1.762,1.768,2026-07-03 13:56:59 UTC,2026-07-03 13:58:36 UTC,96.67,0.3528,0.0047,0.0,0.0004,0.04,8.5,MIN_PROFIT_TP_HIT,0.082
397,TRUMP_USDT,LONG,StochasticRSI(MICRO_BURST-LONG),2,0.2,1.755,1.757,1.757,1.751,2026-07-03 14:03:59 UTC,2026-07-03 14:04:05 UTC,5.87,0.351,0.0047,0.0,0.0004,0.04,8.55,MIN_PROFIT_TP_HIT,0.0824
398,TRUMP_USDT,SHORT,StochasticRSI(MICRO_BURST-SHORT),2,0.2,1.757,1.755,1.755,1.761,2026-07-03 14:11:59 UTC,2026-07-03 14:12:56 UTC,56.35,0.3514,0.0047,0.0,0.0004,0.04,8.54,MIN_PROFIT_TP_HIT,0.0828
399,TRUMP_USDT,LONG,StochasticRSI(MICRO_BURST-LONG),2,0.2,1.756,1.758,1.758,1.752,2026-07-03 14:16:59 UTC,2026-07-03 14:18:37 UTC,97.82,0.3512,0.0047,0.0,0.0004,0.04,8.54,MIN_PROFIT_TP_HIT,0.0832
400,TRUMP_USDT,SHORT,StochasticRSI(MICRO_BURST-SHORT),2,0.2,1.757,1.755,1.755,1.761,2026-07-03 14:20:59 UTC,2026-07-03 14:21:21 UTC,21.18,0.3514,0.0047,0.0,0.0004,0.04,8.54,MIN_PROFIT_TP_HIT,0.0836
401,TRUMP_USDT,SHORT,StochasticRSI(MICRO_BURST-SHORT),2,0.2,1.758,1.756,1.756,1.762,2026-07-03 14:27:59 UTC,2026-07-03 14:30:55 UTC,175.16,0.3516,0.0047,0.0,0.0004,0.04,8.53,MIN_PROFIT_TP_HIT,0.084
402,TRUMP_USDT,LONG,StochasticRSI(MICRO_BURST-LONG),2,0.2,1.759,1.755,1.761,1.755,2026-07-03 14:32:59 UTC,2026-07-03 14:34:16 UTC,76.94,0.3518,0.0047,0.0,-0.0008,-0.08,-17.06,STOP_LOSS_HIT,0.0832
403,TRUMP_USDT,LONG,StochasticRSI(MICRO_BURST-LONG),2,0.2,1.755,1.757,1.757,1.751,2026-07-03 14:38:59 UTC,2026-07-03 14:40:36 UTC,96.47,0.351,0.0047,0.0,0.0004,0.04,8.55,MIN_PROFIT_TP_HIT,0.0836
404,TRUMP_USDT,SHORT,StochasticRSI(MICRO_BURST-SHORT),2,0.2,1.764,1.762,1.762,1.768,2026-07-03 14:45:59 UTC,2026-07-03 14:46:23 UTC,23.24,0.3528,0.0047,0.0,0.0004,0.04,8.5,MIN_PROFIT_TP_HIT,0.084
405,TRUMP_USDT,SHORT,StochasticRSI(MICRO_BURST-SHORT),2,0.2,1.765,1.769,1.763,1.769,2026-07-03 14:47:59 UTC,2026-07-03 14:56:52 UTC,532.37,0.353,0.0047,0.0,-0.0008,-0.08,-17.0,STOP_LOSS_HIT,0.0832
406,TRUMP_USDT,SHORT,StochasticRSI(MICRO_BURST-SHORT),2,0.2,1.775,1.773,1.773,1.779,2026-07-03 15:05:59 UTC,2026-07-03 15:06:11 UTC,11.3,0.355,0.0047,0.0,0.0004,0.04,8.45,MIN_PROFIT_TP_HIT,0.0836
407,TRUMP_USDT,SHORT,StochasticRSI(MICRO_BURST-SHORT),2,0.2,1.781,1.779,1.779,1.785,2026-07-03 15:10:59 UTC,2026-07-03 15:11:05 UTC,5.67,0.3562,0.0047,0.0,0.0004,0.04,8.42,MIN_PROFIT_TP_HIT,0.084
408,TRUMP_USDT,LONG,StochasticRSI(MICRO_BURST-LONG),2,0.2,1.772,1.768,1.774,1.768,2026-07-03 15:18:59 UTC,2026-07-03 15:22:52 UTC,232.83,0.3544,0.0047,0.0,-0.0008,-0.08,-16.93,STOP_LOSS_HIT,0.0832
409,TRUMP_USDT,LONG,StochasticRSI(MICRO_BURST-LONG),2,0.2,1.768,1.77,1.77,1.764,2026-07-03 15:26:59 UTC,2026-07-03 15:31:15 UTC,255.37,0.3536,0.0047,0.0,0.0004,0.04,8.48,MIN_PROFIT_TP_HIT,0.0836
410,TRUMP_USDT,SHORT,StochasticRSI(MICRO_BURST-SHORT),2,0.2,1.766,1.764,1.764,1.77,2026-07-03 15:33:59 UTC,2026-07-03 15:34:18 UTC,18.93,0.3532,0.0047,0.0,0.0004,0.04,8.49,MIN_PROFIT_TP_HIT,0.084
411,TRUMP_USDT,LONG,StochasticRSI(MICRO_BURST-LONG),2,0.2,1.765,1.761,1.767,1.761,2026-07-03 15:37:59 UTC,2026-07-03 15:38:21 UTC,21.24,0.353,0.0047,0.0,-0.0008,-0.08,-17.0,STOP_LOSS_HIT,0.0832
412,TRUMP_USDT,SHORT,StochasticRSI(MICRO_BURST-SHORT),2,0.2,1.769,1.767,1.767,1.773,2026-07-03 16:07:59 UTC,2026-07-03 16:11:49 UTC,229.37,0.3538,0.0047,0.0,0.0004,0.04,8.48,MIN_PROFIT_TP_HIT,0.0836
413,TRUMP_USDT,LONG,StochasticRSI(MICRO_BURST-LONG),2,0.2,1.775,1.777,1.777,1.771,2026-07-03 16:17:59 UTC,2026-07-03 16:18:52 UTC,52.82,0.355,0.0047,0.0,0.0004,0.04,8.45,MIN_PROFIT_TP_HIT,0.084
414,TRUMP_USDT,SHORT,StochasticRSI(MICRO_BURST-SHORT),2,0.2,1.781,1.785,1.779,1.785,2026-07-03 16:26:59 UTC,2026-07-03 16:28:20 UTC,80.07,0.3562,0.0047,0.0,-0.0008,-0.08,-16.84,STOP_LOSS_HIT,0.0832
415,TRUMP_USDT,LONG,StochasticRSI(MICRO_BURST-LONG),2,0.2,1.783,1.779,1.785,1.779,2026-07-03 16:30:59 UTC,2026-07-03 16:32:04 UTC,64.35,0.3566,0.0048,0.0,-0.0008,-0.08,-16.83,STOP_LOSS_HIT,0.0824
416,TRUMP_USDT,LONG,StochasticRSI(MICRO_BURST-LONG),2,0.2,1.777,1.779,1.779,1.773,2026-07-03 16:35:59 UTC,2026-07-03 16:36:28 UTC,28.23,0.3554,0.0047,0.0,0.0004,0.04,8.44,MIN_PROFIT_TP_HIT,0.0828
417,TRUMP_USDT,LONG,StochasticRSI(MICRO_BURST-LONG),2,0.2,1.775,1.771,1.777,1.771,2026-07-03 16:45:59 UTC,2026-07-03 16:48:43 UTC,163.5,0.355,0.0047,0.0,-0.0008,-0.08,-16.9,STOP_LOSS_HIT,0.082
418,TRUMP_USDT,LONG,StochasticRSI(MICRO_BURST-LONG),2,0.2,1.774,1.776,1.776,1.77,2026-07-03 16:51:59 UTC,2026-07-03 16:52:18 UTC,18.14,0.3548,0.0047,0.0,0.0004,0.04,8.46,MIN_PROFIT_TP_HIT,0.0824
419,TRUMP_USDT,SHORT,StochasticRSI(MICRO_BURST-SHORT),2,0.2,1.779,1.777,1.777,1.783,2026-07-03 16:56:59 UTC,2026-07-03 16:57:11 UTC,11.59,0.3558,0.0047,0.0,0.0004,0.04,8.43,MIN_PROFIT_TP_HIT,0.0828
420,TRUMP_USDT,SHORT,StochasticRSI(MICRO_BURST-SHORT),2,0.2,1.777,1.775,1.775,1.781,2026-07-03 16:58:59 UTC,2026-07-03 16:59:22 UTC,22.36,0.3554,0.0047,0.0,0.0004,0.04,8.44,MIN_PROFIT_TP_HIT,0.0832
421,TRUMP_USDT,LONG,StochasticRSI(MICRO_BURST-LONG),2,0.2,1.779,1.781,1.781,1.775,2026-07-03 17:02:59 UTC,2026-07-03 17:04:04 UTC,64.88,0.3558,0.0047,0.0,0.0004,0.04,8.43,MIN_PROFIT_TP_HIT,0.0836
422,TRUMP_USDT,SHORT,StochasticRSI(MICRO_BURST-SHORT),2,0.2,1.79,1.788,1.788,1.794,2026-07-03 17:09:59 UTC,2026-07-03 17:10:08 UTC,8.74,0.358,0.0048,0.0,0.0004,0.04,8.38,MIN_PROFIT_TP_HIT,0.084
423,TRUMP_USDT,LONG,StochasticRSI(MICRO_BURST-LONG),2,0.2,1.787,1.789,1.789,1.783,2026-07-03 17:14:59 UTC,2026-07-03 17:15:32 UTC,32.25,0.3574,0.0048,0.0,0.0004,0.04,8.39,MIN_PROFIT_TP_HIT,0.0844
424,TRUMP_USDT,LONG,StochasticRSI(MICRO_BURST-LONG),2,0.2,1.79,1.792,1.792,1.786,2026-07-03 17:16:59 UTC,2026-07-03 17:22:18 UTC,318.53,0.358,0.0048,0.0,0.0004,0.04,8.38,MIN_PROFIT_TP_HIT,0.0848
425,TRUMP_USDT,LONG,StochasticRSI(MICRO_BURST-LONG),2,0.2,1.796,1.798,1.798,1.792,2026-07-03 17:35:59 UTC,2026-07-03 17:41:54 UTC,354.52,0.3592,0.0048,0.0,0.0004,0.04,8.35,MIN_PROFIT_TP_HIT,0.0852
426,TRUMP_USDT,LONG,StochasticRSI(MICRO_BURST-LONG),2,0.2,1.794,1.79,1.796,1.79,2026-07-03 17:52:59 UTC,2026-07-03 17:54:08 UTC,68.5,0.3588,0.0048,0.0,-0.0008,-0.08,-16.72,STOP_LOSS_HIT,0.0844
427,TRUMP_USDT,LONG,StochasticRSI(MICRO_BURST-LONG),2,0.2,1.783,1.785,1.785,1.779,2026-07-03 18:12:59 UTC,2026-07-03 18:13:38 UTC,38.64,0.3566,0.0048,0.0,0.0004,0.04,8.41,MIN_PROFIT_TP_HIT,0.0848
428,TRUMP_USDT,SHORT,StochasticRSI(MICRO_BURST-SHORT),2,0.2,1.784,1.788,1.782,1.788,2026-07-03 18:16:59 UTC,2026-07-03 18:22:22 UTC,322.82,0.3568,0.0048,0.0,-0.0008,-0.08,-16.82,STOP_LOSS_HIT,0.084
429,TRUMP_USDT,SHORT,StochasticRSI(MICRO_BURST-SHORT),2,0.2,1.788,1.786,1.786,1.792,2026-07-03 18:25:59 UTC,2026-07-03 18:26:20 UTC,20.47,0.3576,0.0048,0.0,0.0004,0.04,8.39,MIN_PROFIT_TP_HIT,0.0844
430,TRUMP_USDT,LONG,StochasticRSI(MICRO_BURST-LONG),2,0.2,1.788,1.79,1.79,1.784,2026-07-03 18:29:59 UTC,2026-07-03 18:32:36 UTC,156.44,0.3576,0.0048,0.0,0.0004,0.04,8.39,MIN_PROFIT_TP_HIT,0.0848
431,TRUMP_USDT,SHORT,StochasticRSI(MICRO_BURST-SHORT),2,0.2,1.791,1.789,1.789,1.795,2026-07-03 18:40:59 UTC,2026-07-03 18:41:05 UTC,5.19,0.3582,0.0048,0.0,0.0004,0.04,8.38,MIN_PROFIT_TP_HIT,0.0852
432,TRUMP_USDT,LONG,StochasticRSI(MICRO_BURST-LONG),2,0.2,1.785,1.787,1.787,1.781,2026-07-03 18:47:59 UTC,2026-07-03 18:51:19 UTC,199.0,0.357,0.0048,0.0,0.0004,0.04,8.4,MIN_PROFIT_TP_HIT,0.0856
433,TRUMP_USDT,SHORT,StochasticRSI(MICRO_BURST-SHORT),2,0.2,1.79,1.788,1.788,1.794,2026-07-03 18:56:59 UTC,2026-07-03 18:57:15 UTC,15.61,0.358,0.0048,0.0,0.0004,0.04,8.38,MIN_PROFIT_TP_HIT,0.086
434,TRUMP_USDT,SHORT,StochasticRSI(MICRO_BURST-SHORT),2,0.2,1.789,1.787,1.787,1.793,2026-07-03 18:58:59 UTC,2026-07-03 18:59:53 UTC,53.6,0.3578,0.0048,0.0,0.0004,0.04,8.38,MIN_PROFIT_TP_HIT,0.0864
435,TRUMP_USDT,LONG,StochasticRSI(MICRO_BURST-LONG),2,0.2,1.788,1.784,1.79,1.784,2026-07-03 19:03:59 UTC,2026-07-03 19:10:29 UTC,389.7,0.3576,0.0048,0.0,-0.0008,-0.08,-16.78,STOP_LOSS_HIT,0.0856
436,TRUMP_USDT,LONG,StochasticRSI(MICRO_BURST-LONG),2,0.2,1.789,1.791,1.791,1.785,2026-07-03 19:13:59 UTC,2026-07-03 19:15:53 UTC,113.45,0.3578,0.0048,0.0,0.0004,0.04,8.38,MIN_PROFIT_TP_HIT,0.086
437,TRUMP_USDT,SHORT,StochasticRSI(MICRO_BURST-SHORT),2,0.2,1.797,1.801,1.795,1.801,2026-07-03 19:20:59 UTC,2026-07-03 19:23:22 UTC,142.92,0.3594,0.0048,0.0,-0.0008,-0.08,-16.69,STOP_LOSS_HIT,0.0852
438,TRUMP_USDT,SHORT,StochasticRSI(MICRO_BURST-SHORT),2,0.2,1.807,1.805,1.805,1.811,2026-07-03 19:29:59 UTC,2026-07-03 19:31:36 UTC,96.49,0.3614,0.0048,0.0,0.0004,0.04,8.3,MIN_PROFIT_TP_HIT,0.0856
439,TRUMP_USDT,LONG,StochasticRSI(MICRO_BURST-LONG),2,0.2,1.8,1.796,1.802,1.796,2026-07-03 19:35:59 UTC,2026-07-03 19:37:44 UTC,104.76,0.36,0.0048,0.0,-0.0008,-0.08,-16.67,STOP_LOSS_HIT,0.0848
440,TRUMP_USDT,LONG,StochasticRSI(MICRO_BURST-LONG),2,0.2,1.801,1.803,1.803,1.797,2026-07-03 19:39:59 UTC,2026-07-03 19:40:21 UTC,21.33,0.3602,0.0048,0.0,0.0004,0.04,8.33,MIN_PROFIT_TP_HIT,0.0852
441,TRUMP_USDT,LONG,StochasticRSI(MICRO_BURST-LONG),2,0.2,1.794,1.796,1.796,1.79,2026-07-03 19:49:59 UTC,2026-07-03 19:57:19 UTC,439.11,0.3588,0.0048,0.0,0.0004,0.04,8.36,MIN_PROFIT_TP_HIT,0.0856
442,TRUMP_USDT,LONG,StochasticRSI(MICRO_BURST-LONG),2,0.2,1.792,1.794,1.794,1.788,2026-07-03 20:04:59 UTC,2026-07-03 20:06:50 UTC,110.18,0.3584,0.0048,0.0,0.0004,0.04,8.37,MIN_PROFIT_TP_HIT,0.086
443,TRUMP_USDT,LONG,StochasticRSI(MICRO_BURST-LONG),2,0.2,1.793,1.795,1.795,1.789,2026-07-03 20:07:59 UTC,2026-07-03 20:14:37 UTC,397.0,0.3586,0.0048,0.0,0.0004,0.04,8.37,MIN_PROFIT_TP_HIT,0.0864
444,TRUMP_USDT,SHORT,StochasticRSI(MICRO_BURST-SHORT),2,0.2,1.796,1.8,1.794,1.8,2026-07-03 20:18:59 UTC,2026-07-03 20:19:12 UTC,12.07,0.3592,0.0048,0.0,-0.0008,-0.08,-16.7,STOP_LOSS_HIT,0.0856
445,TRUMP_USDT,SHORT,StochasticRSI(MICRO_BURST-SHORT),2,0.2,1.795,1.793,1.793,1.799,2026-07-03 20:22:59 UTC,2026-07-03 20:23:15 UTC,15.92,0.359,0.0048,0.0,0.0004,0.04,8.36,MIN_PROFIT_TP_HIT,0.086
446,TRUMP_USDT,LONG,StochasticRSI(MICRO_BURST-LONG),2,0.2,1.797,1.799,1.799,1.793,2026-07-03 20:25:59 UTC,2026-07-03 20:26:46 UTC,46.7,0.3594,0.0048,0.0,0.0004,0.04,8.35,MIN_PROFIT_TP_HIT,0.0864
447,TRUMP_USDT,SHORT,StochasticRSI(MICRO_BURST-SHORT),2,0.2,1.799,1.803,1.797,1.803,2026-07-03 20:50:59 UTC,2026-07-03 20:51:00 UTC,0.68,0.3598,0.0048,0.0,-0.0008,-0.08,-16.68,STOP_LOSS_HIT,0.0856
448,TRUMP_USDT,LONG,StochasticRSI(MICRO_BURST-LONG),2,0.2,1.795,1.797,1.797,1.791,2026-07-03 20:58:59 UTC,2026-07-03 20:59:38 UTC,38.96,0.359,0.0048,0.0,0.0004,0.04,8.36,MIN_PROFIT_TP_HIT,0.086
449,TRUMP_USDT,SHORT,StochasticRSI(MICRO_BURST-SHORT),2,0.2,1.801,1.799,1.799,1.805,2026-07-03 21:03:59 UTC,2026-07-03 21:05:27 UTC,87.15,0.3602,0.0048,0.0,0.0004,0.04,8.33,MIN_PROFIT_TP_HIT,0.0864
450,TRUMP_USDT,SHORT,StochasticRSI(MICRO_BURST-SHORT),2,0.2,1.799,1.797,1.797,1.803,2026-07-03 21:08:59 UTC,2026-07-03 21:09:07 UTC,7.33,0.3598,0.0048,0.0,0.0004,0.04,8.34,MIN_PROFIT_TP_HIT,0.0868
451,TRUMP_USDT,LONG,StochasticRSI(MICRO_BURST-LONG),2,0.2,1.795,1.797,1.797,1.791,2026-07-03 21:21:59 UTC,2026-07-03 21:22:28 UTC,28.32,0.359,0.0048,0.0,0.0004,0.04,8.36,MIN_PROFIT_TP_HIT,0.0872
452,TRUMP_USDT,SHORT,StochasticRSI(MICRO_BURST-SHORT),2,0.2,1.797,1.795,1.795,1.801,2026-07-03 21:26:59 UTC,2026-07-03 21:27:15 UTC,15.2,0.3594,0.0048,0.0,0.0004,0.04,8.35,MIN_PROFIT_TP_HIT,0.0876
453,TRUMP_USDT,LONG,StochasticRSI(MICRO_BURST-LONG),2,0.2,1.784,1.786,1.786,1.78,2026-07-03 21:45:59 UTC,2026-07-03 21:46:14 UTC,14.81,0.3568,0.0048,0.0,0.0004,0.04,8.41,MIN_PROFIT_TP_HIT,0.088
454,TRUMP_USDT,SHORT,StochasticRSI(MICRO_BURST-SHORT),2,0.2,1.791,1.789,1.789,1.795,2026-07-03 21:56:59 UTC,2026-07-03 22:00:00 UTC,180.42,0.3582,0.0048,0.0,0.0004,0.04,8.38,MIN_PROFIT_TP_HIT,0.0884
455,TRUMP_USDT,LONG,StochasticRSI(MICRO_BURST-LONG),2,0.2,1.793,1.795,1.795,1.789,2026-07-03 22:01:59 UTC,2026-07-03 22:02:52 UTC,52.92,0.3586,0.0048,0.0,0.0004,0.04,8.37,MIN_PROFIT_TP_HIT,0.0888
456,TRUMP_USDT,LONG,StochasticRSI(MICRO_BURST-LONG),2,0.2,1.785,1.787,1.787,1.781,2026-07-03 22:09:59 UTC,2026-07-03 22:17:45 UTC,465.08,0.357,0.0048,0.0,0.0004,0.04,8.4,MIN_PROFIT_TP_HIT,0.0892
457,TRUMP_USDT,SHORT,StochasticRSI(MICRO_BURST-SHORT),2,0.2,1.787,1.785,1.785,1.791,2026-07-03 22:21:59 UTC,2026-07-03 22:22:07 UTC,7.12,0.3574,0.0048,0.0,0.0004,0.04,8.39,MIN_PROFIT_TP_HIT,0.0896
458,TRUMP_USDT,LONG,StochasticRSI(MICRO_BURST-LONG),2,0.2,1.775,1.777,1.777,1.771,2026-07-03 22:43:59 UTC,2026-07-03 22:46:39 UTC,159.33,0.355,0.0047,0.0,0.0004,0.04,8.45,MIN_PROFIT_TP_HIT,0.09
459,TRUMP_USDT,LONG,StochasticRSI(MICRO_BURST-LONG),2,0.2,1.774,1.776,1.776,1.77,2026-07-03 22:58:59 UTC,2026-07-03 22:59:25 UTC,25.19,0.3548,0.0047,0.0,0.0004,0.04,8.46,MIN_PROFIT_TP_HIT,0.0904
460,TRUMP_USDT,LONG,StochasticRSI(MICRO_BURST-LONG),2,0.2,1.773,1.769,1.775,1.769,2026-07-03 23:22:59 UTC,2026-07-03 23:25:38 UTC,158.33,0.3546,0.0047,0.0,-0.0008,-0.08,-16.92,STOP_LOSS_HIT,0.0896
461,TRUMP_USDT,LONG,StochasticRSI(MICRO_BURST-LONG),2,0.2,1.768,1.77,1.77,1.764,2026-07-03 23:28:59 UTC,2026-07-03 23:31:20 UTC,140.18,0.3536,0.0047,0.0,0.0004,0.04,8.48,MIN_PROFIT_TP_HIT,0.09
462,TRUMP_USDT,SHORT,StochasticRSI(MICRO_BURST-SHORT),2,0.2,1.769,1.773,1.767,1.773,2026-07-03 23:33:59 UTC,2026-07-03 23:38:12 UTC,252.27,0.3538,0.0047,0.0,-0.0008,-0.08,-16.96,STOP_LOSS_HIT,0.0892
463,TRUMP_USDT,SHORT,StochasticRSI(MICRO_BURST-SHORT),2,0.2,1.773,1.777,1.771,1.777,2026-07-03 23:39:59 UTC,2026-07-03 23:41:19 UTC,79.5,0.3546,0.0047,0.0,-0.0008,-0.08,-16.92,STOP_LOSS_HIT,0.0884
464,TRUMP_USDT,SHORT,StochasticRSI(MICRO_BURST-SHORT),2,0.2,1.774,1.778,1.772,1.778,2026-07-03 23:43:59 UTC,2026-07-03 23:44:29 UTC,29.34,0.3548,0.0047,0.0,-0.0008,-0.08,-16.91,STOP_LOSS_HIT,0.0876
465,TRUMP_USDT,LONG,StochasticRSI(MICRO_BURST-LONG),2,0.2,1.787,1.789,1.789,1.783,2026-07-03 23:58:59 UTC,2026-07-03 23:59:09 UTC,9.06,0.3574,0.0048,0.0,0.0004,0.04,8.39,MIN_PROFIT_TP_HIT,0.088
466,TRUMP_USDT,SHORT,StochasticRSI(MICRO_BURST-SHORT),2,0.2,1.799,1.797,1.797,1.803,2026-07-04 00:06:59 UTC,2026-07-04 00:07:00 UTC,0.64,0.3598,0.0048,0.0,0.0004,0.04,8.34,MIN_PROFIT_TP_HIT,0.0884
467,TRUMP_USDT,LONG,StochasticRSI(MICRO_BURST-LONG),2,0.2,1.792,1.794,1.794,1.788,2026-07-04 00:12:59 UTC,2026-07-04 00:13:28 UTC,28.16,0.3584,0.0048,0.0,0.0004,0.04,8.37,MIN_PROFIT_TP_HIT,0.0888
468,TRUMP_USDT,LONG,StochasticRSI(MICRO_BURST-LONG),2,0.2,1.787,1.783,1.789,1.783,2026-07-04 00:22:59 UTC,2026-07-04 00:24:02 UTC,62.19,0.3574,0.0048,0.0,-0.0008,-0.08,-16.79,STOP_LOSS_HIT,0.088
469,TRUMP_USDT,LONG,StochasticRSI(MICRO_BURST-LONG),2,0.2,1.784,1.786,1.786,1.78,2026-07-04 00:26:59 UTC,2026-07-04 00:28:28 UTC,88.3,0.3568,0.0048,0.0,0.0004,0.04,8.41,MIN_PROFIT_TP_HIT,0.0884
470,TRUMP_USDT,SHORT,StochasticRSI(MICRO_BURST-SHORT),2,0.2,1.786,1.784,1.784,1.79,2026-07-04 00:45:59 UTC,2026-07-04 00:46:21 UTC,21.7,0.3572,0.0048,0.0,0.0004,0.04,8.4,MIN_PROFIT_TP_HIT,0.0888
471,TRUMP_USDT,LONG,StochasticRSI(MICRO_BURST-LONG),2,0.2,1.784,1.786,1.786,1.78,2026-07-04 00:49:59 UTC,2026-07-04 00:51:44 UTC,104.01,0.3568,0.0048,0.0,0.0004,0.04,8.41,MIN_PROFIT_TP_HIT,0.0892
472,TRUMP_USDT,SHORT,StochasticRSI(MICRO_BURST-SHORT),2,0.2,1.78,1.778,1.778,1.784,2026-07-04 01:01:59 UTC,2026-07-04 01:02:00 UTC,0.89,0.356,0.0047,0.0,0.0004,0.04,8.43,MIN_PROFIT_TP_HIT,0.0896
473,TRUMP_USDT,LONG,StochasticRSI(MICRO_BURST-LONG),2,0.2,1.778,1.78,1.78,1.774,2026-07-04 01:04:59 UTC,2026-07-04 01:06:04 UTC,64.17,0.3556,0.0047,0.0,0.0004,0.04,8.44,MIN_PROFIT_TP_HIT,0.09
474,TRUMP_USDT,SHORT,StochasticRSI(MICRO_BURST-SHORT),2,0.2,1.785,1.783,1.783,1.789,2026-07-04 01:20:59 UTC,2026-07-04 01:21:50 UTC,50.21,0.357,0.0048,0.0,0.0004,0.04,8.4,MIN_PROFIT_TP_HIT,0.0904
475,TRUMP_USDT,LONG,StochasticRSI(MICRO_BURST-LONG),2,0.2,1.774,1.776,1.776,1.77,2026-07-04 01:27:59 UTC,2026-07-04 01:28:02 UTC,2.33,0.3548,0.0047,0.0,0.0004,0.04,8.46,MIN_PROFIT_TP_HIT,0.0908
476,TRUMP_USDT,LONG,StochasticRSI(MICRO_BURST-LONG),2,0.2,1.77,1.766,1.772,1.766,2026-07-04 01:42:59 UTC,2026-07-04 01:44:46 UTC,106.28,0.354,0.0047,0.0,-0.0008,-0.08,-16.95,STOP_LOSS_HIT,0.09
477,TRUMP_USDT,LONG,StochasticRSI(MICRO_BURST-LONG),2,0.2,1.762,1.764,1.764,1.758,2026-07-04 01:49:59 UTC,2026-07-04 01:50:06 UTC,6.09,0.3524,0.0047,0.0,0.0004,0.04,8.51,MIN_PROFIT_TP_HIT,0.0904
478,TRUMP_USDT,SHORT,StochasticRSI(MICRO_BURST-SHORT),2,0.2,1.763,1.761,1.761,1.767,2026-07-04 01:53:59 UTC,2026-07-04 01:56:12 UTC,132.66,0.3526,0.0047,0.0,0.0004,0.04,8.51,MIN_PROFIT_TP_HIT,0.0908
479,TRUMP_USDT,LONG,StochasticRSI(MICRO_BURST-LONG),2,0.2,1.765,1.767,1.767,1.761,2026-07-04 01:58:59 UTC,2026-07-04 01:59:15 UTC,15.57,0.353,0.0047,0.0,0.0004,0.04,8.5,MIN_PROFIT_TP_HIT,0.0912
480,TRUMP_USDT,SHORT,StochasticRSI(MICRO_BURST-SHORT),2,0.2,1.767,1.765,1.765,1.771,2026-07-04 02:01:59 UTC,2026-07-04 02:02:06 UTC,6.62,0.3534,0.0047,0.0,0.0004,0.04,8.49,MIN_PROFIT_TP_HIT,0.0916
481,TRUMP_USDT,SHORT,StochasticRSI(MICRO_BURST-SHORT),2,0.2,1.769,1.767,1.767,1.773,2026-07-04 02:06:59 UTC,2026-07-04 02:07:15 UTC,15.48,0.3538,0.0047,0.0,0.0004,0.04,8.48,MIN_PROFIT_TP_HIT,0.092
482,TRUMP_USDT,SHORT,StochasticRSI(MICRO_BURST-SHORT),2,0.2,1.768,1.772,1.766,1.772,2026-07-04 02:08:59 UTC,2026-07-04 02:09:41 UTC,41.2,0.3536,0.0047,0.0,-0.0008,-0.08,-16.97,STOP_LOSS_HIT,0.0912
483,TRUMP_USDT,SHORT,StochasticRSI(MICRO_BURST-SHORT),2,0.2,1.775,1.773,1.773,1.779,2026-07-04 02:14:59 UTC,2026-07-04 02:16:41 UTC,101.53,0.355,0.0047,0.0,0.0004,0.04,8.45,MIN_PROFIT_TP_HIT,0.0916
484,TRUMP_USDT,LONG,StochasticRSI(MICRO_BURST-LONG),2,0.2,1.774,1.776,1.776,1.77,2026-07-04 02:24:59 UTC,2026-07-04 02:27:00 UTC,120.12,0.3548,0.0047,0.0,0.0004,0.04,8.46,MIN_PROFIT_TP_HIT,0.092
485,TRUMP_USDT,SHORT,StochasticRSI(MICRO_BURST-SHORT),2,0.2,1.776,1.774,1.774,1.78,2026-07-04 02:31:59 UTC,2026-07-04 02:32:32 UTC,32.88,0.3552,0.0047,0.0,0.0004,0.04,8.45,MIN_PROFIT_TP_HIT,0.0924
486,TRUMP_USDT,LONG,StochasticRSI(MICRO_BURST-LONG),2,0.2,1.777,1.779,1.779,1.773,2026-07-04 02:35:59 UTC,2026-07-04 02:38:45 UTC,165.44,0.3554,0.0047,0.0,0.0004,0.04,8.44,MIN_PROFIT_TP_HIT,0.0928
487,TRUMP_USDT,SHORT,StochasticRSI(MICRO_BURST-SHORT),2,0.2,1.778,1.776,1.776,1.782,2026-07-04 02:40:59 UTC,2026-07-04 02:47:32 UTC,392.49,0.3556,0.0047,0.0,0.0004,0.04,8.44,MIN_PROFIT_TP_HIT,0.0932
488,TRUMP_USDT,LONG,StochasticRSI(MICRO_BURST-LONG),2,0.2,1.777,1.779,1.779,1.773,2026-07-04 02:50:59 UTC,2026-07-04 02:51:23 UTC,23.14,0.3554,0.0047,0.0,0.0004,0.04,8.44,MIN_PROFIT_TP_HIT,0.0936
489,TRUMP_USDT,LONG,StochasticRSI(MICRO_BURST-LONG),2,0.2,1.78,1.782,1.782,1.776,2026-07-04 02:59:59 UTC,2026-07-04 03:00:09 UTC,9.33,0.356,0.0047,0.0,0.0004,0.04,8.43,MIN_PROFIT_TP_HIT,0.094
490,TRUMP_USDT,SHORT,StochasticRSI(MICRO_BURST-SHORT),2,0.2,1.778,1.776,1.776,1.782,2026-07-04 03:03:59 UTC,2026-07-04 03:05:01 UTC,61.32,0.3556,0.0047,0.0,0.0004,0.04,8.44,MIN_PROFIT_TP_HIT,0.0944
491,TRUMP_USDT,LONG,StochasticRSI(MICRO_BURST-LONG),2,0.2,1.779,1.781,1.781,1.775,2026-07-04 03:10:59 UTC,2026-07-04 03:11:36 UTC,36.4,0.3558,0.0047,0.0,0.0004,0.04,8.43,MIN_PROFIT_TP_HIT,0.0948
492,TRUMP_USDT,SHORT,StochasticRSI(MICRO_BURST-SHORT),2,0.2,1.784,1.782,1.782,1.788,2026-07-04 03:18:59 UTC,2026-07-04 03:19:17 UTC,17.77,0.3568,0.0048,0.0,0.0004,0.04,8.41,MIN_PROFIT_TP_HIT,0.0952
493,TRUMP_USDT,LONG,StochasticRSI(MICRO_BURST-LONG),2,0.2,1.783,1.785,1.785,1.779,2026-07-04 03:22:59 UTC,2026-07-04 03:25:48 UTC,168.04,0.3566,0.0048,0.0,0.0004,0.04,8.41,MIN_PROFIT_TP_HIT,0.0956
494,TRUMP_USDT,SHORT,StochasticRSI(MICRO_BURST-SHORT),2,0.2,1.793,1.791,1.791,1.797,2026-07-04 03:41:59 UTC,2026-07-04 03:43:04 UTC,64.68,0.3586,0.0048,0.0,0.0004,0.04,8.37,MIN_PROFIT_TP_HIT,0.096
495,TRUMP_USDT,LONG,StochasticRSI(MICRO_BURST-LONG),2,0.2,1.785,1.787,1.787,1.781,2026-07-04 03:53:59 UTC,2026-07-04 03:59:00 UTC,301.0,0.357,0.0048,0.0,0.0004,0.04,8.4,MIN_PROFIT_TP_HIT,0.0964
496,TRUMP_USDT,SHORT,StochasticRSI(MICRO_BURST-SHORT),2,0.2,1.786,1.784,1.784,1.79,2026-07-04 04:03:59 UTC,2026-07-04 04:04:59 UTC,59.86,0.3572,0.0048,0.0,0.0004,0.04,8.4,MIN_PROFIT_TP_HIT,0.0968
497,TRUMP_USDT,SHORT,StochasticRSI(MICRO_BURST-SHORT),2,0.2,1.788,1.786,1.786,1.792,2026-07-04 04:09:59 UTC,2026-07-04 04:11:16 UTC,76.56,0.3576,0.0048,0.0,0.0004,0.04,8.39,MIN_PROFIT_TP_HIT,0.0972
498,TRUMP_USDT,LONG,StochasticRSI(MICRO_BURST-LONG),2,0.2,1.784,1.786,1.786,1.78,2026-07-04 04:22:59 UTC,2026-07-04 04:23:40 UTC,40.9,0.3568,0.0048,0.0,0.0004,0.04,8.41,MIN_PROFIT_TP_HIT,0.0976
499,TRUMP_USDT,SHORT,StochasticRSI(MICRO_BURST-SHORT),2,0.2,1.789,1.793,1.787,1.793,2026-07-04 04:35:59 UTC,2026-07-04 04:37:33 UTC,93.65,0.3578,0.0048,0.0,-0.0008,-0.08,-16.77,STOP_LOSS_HIT,0.0968
500,TRUMP_USDT,SHORT,StochasticRSI(MICRO_BURST-SHORT),2,0.2,1.795,1.799,1.793,1.799,2026-07-04 04:43:59 UTC,2026-07-04 04:47:31 UTC,211.44,0.359,0.0048,0.0,-0.0008,-0.08,-16.71,STOP_LOSS_HIT,0.096
501,TRUMP_USDT,LONG,StochasticRSI(MICRO_BURST-LONG),2,0.2,1.795,1.797,1.797,1.791,2026-07-04 04:55:59 UTC,2026-07-04 04:56:23 UTC,23.12,0.359,0.0048,0.0,0.0004,0.04,8.36,MIN_PROFIT_TP_HIT,0.0964
502,TRUMP_USDT,SHORT,StochasticRSI(MICRO_BURST-SHORT),2,0.2,1.789,1.787,1.787,1.793,2026-07-04 05:00:59 UTC,2026-07-04 05:01:51 UTC,51.93,0.3578,0.0048,0.0,0.0004,0.04,8.38,MIN_PROFIT_TP_HIT,0.0968
503,TRUMP_USDT,LONG,StochasticRSI(MICRO_BURST-LONG),2,0.2,1.782,1.784,1.784,1.778,2026-07-04 05:05:59 UTC,2026-07-04 05:06:07 UTC,7.15,0.3564,0.0048,0.0,0.0004,0.04,8.42,MIN_PROFIT_TP_HIT,0.0972
504,TRUMP_USDT,SHORT,StochasticRSI(MICRO_BURST-SHORT),2,0.2,1.784,1.782,1.782,1.788,2026-07-04 05:11:59 UTC,2026-07-04 05:12:03 UTC,3.45,0.3568,0.0048,0.0,0.0004,0.04,8.41,MIN_PROFIT_TP_HIT,0.0976
505,TRUMP_USDT,SHORT,StochasticRSI(MICRO_BURST-SHORT),2,0.2,1.786,1.784,1.784,1.79,2026-07-04 05:18:59 UTC,2026-07-04 05:19:25 UTC,25.95,0.3572,0.0048,0.0,0.0004,0.04,8.4,MIN_PROFIT_TP_HIT,0.098
506,TRUMP_USDT,LONG,StochasticRSI(MICRO_BURST-LONG),2,0.2,1.783,1.785,1.785,1.779,2026-07-04 05:24:59 UTC,2026-07-04 05:27:59 UTC,179.69,0.3566,0.0048,0.0,0.0004,0.04,8.41,MIN_PROFIT_TP_HIT,0.0984
507,TRUMP_USDT,LONG,StochasticRSI(MICRO_BURST-LONG),2,0.2,1.782,1.784,1.784,1.778,2026-07-04 05:28:59 UTC,2026-07-04 05:29:33 UTC,33.44,0.3564,0.0048,0.0,0.0004,0.04,8.42,MIN_PROFIT_TP_HIT,0.0988
508,TRUMP_USDT,SHORT,StochasticRSI(MICRO_BURST-SHORT),2,0.2,1.784,1.788,1.782,1.788,2026-07-04 05:34:59 UTC,2026-07-04 05:44:14 UTC,554.47,0.3568,0.0048,0.0,-0.0008,-0.08,-16.82,STOP_LOSS_HIT,0.098
509,TRUMP_USDT,SHORT,StochasticRSI(MICRO_BURST-SHORT),2,0.2,1.788,1.786,1.786,1.792,2026-07-04 05:46:59 UTC,2026-07-04 05:48:08 UTC,68.97,0.3576,0.0048,0.0,0.0004,0.04,8.39,MIN_PROFIT_TP_HIT,0.0984
510,TRUMP_USDT,SHORT,StochasticRSI(MICRO_BURST-SHORT),2,0.2,1.788,1.786,1.786,1.792,2026-07-04 05:49:59 UTC,2026-07-04 05:50:58 UTC,58.53,0.3576,0.0048,0.0,0.0004,0.04,8.39,MIN_PROFIT_TP_HIT,0.0988
511,TRUMP_USDT,LONG,StochasticRSI(MICRO_BURST-LONG),2,0.2,1.785,1.787,1.787,1.781,2026-07-04 05:58:59 UTC,2026-07-04 06:00:08 UTC,68.48,0.357,0.0048,0.0,0.0004,0.04,8.4,MIN_PROFIT_TP_HIT,0.0992
512,TRUMP_USDT,SHORT,StochasticRSI(MICRO_BURST-SHORT),2,0.2,1.787,1.785,1.785,1.791,2026-07-04 06:03:59 UTC,2026-07-04 06:08:18 UTC,258.01,0.3574,0.0048,0.0,0.0004,0.04,8.39,MIN_PROFIT_TP_HIT,0.0996
513,TRUMP_USDT,LONG,StochasticRSI(MICRO_BURST-LONG),2,0.2,1.783,1.785,1.785,1.779,2026-07-04 06:15:59 UTC,2026-07-04 06:17:24 UTC,84.56,0.3566,0.0048,0.0,0.0004,0.04,8.41,MIN_PROFIT_TP_HIT,0.1
514,TRUMP_USDT,SHORT,StochasticRSI(MICRO_BURST-SHORT),2,0.2,1.782,1.78,1.78,1.786,2026-07-04 06:21:59 UTC,2026-07-04 06:22:20 UTC,20.75,0.3564,0.0048,0.0,0.0004,0.04,8.42,MIN_PROFIT_TP_HIT,0.1004
515,TRUMP_USDT,LONG,StochasticRSI(MICRO_BURST-LONG),2,0.2,1.774,1.77,1.776,1.77,2026-07-04 06:26:59 UTC,2026-07-04 06:27:36 UTC,36.44,0.3548,0.0047,0.0,-0.0008,-0.08,-16.91,STOP_LOSS_HIT,0.0996
516,TRUMP_USDT,LONG,StochasticRSI(MICRO_BURST-LONG),2,0.2,1.773,1.775,1.775,1.769,2026-07-04 06:29:59 UTC,2026-07-04 06:30:55 UTC,55.82,0.3546,0.0047,0.0,0.0004,0.04,8.46,MIN_PROFIT_TP_HIT,0.1
517,TRUMP_USDT,SHORT,StochasticRSI(MICRO_BURST-SHORT),2,0.2,1.773,1.771,1.771,1.777,2026-07-04 06:33:59 UTC,2026-07-04 06:34:47 UTC,47.31,0.3546,0.0047,0.0,0.0004,0.04,8.46,MIN_PROFIT_TP_HIT,0.1004
518,TRUMP_USDT,SHORT,StochasticRSI(MICRO_BURST-SHORT),2,0.2,1.775,1.773,1.773,1.779,2026-07-04 06:39:59 UTC,2026-07-04 06:40:27 UTC,27.93,0.355,0.0047,0.0,0.0004,0.04,8.45,MIN_PROFIT_TP_HIT,0.1008
519,TRUMP_USDT,SHORT,StochasticRSI(MICRO_BURST-SHORT),2,0.2,1.774,1.778,1.772,1.778,2026-07-04 06:44:59 UTC,2026-07-04 06:51:39 UTC,399.82,0.3548,0.0047,0.0,-0.0008,-0.08,-16.91,STOP_LOSS_HIT,0.1
520,TRUMP_USDT,LONG,StochasticRSI(MICRO_BURST-LONG),2,0.2,1.776,1.778,1.778,1.772,2026-07-04 06:59:59 UTC,2026-07-04 07:01:28 UTC,88.52,0.3552,0.0047,0.0,0.0004,0.04,8.45,MIN_PROFIT_TP_HIT,0.1004
521,TRUMP_USDT,LONG,StochasticRSI(MICRO_BURST-LONG),2,0.2,1.774,1.776,1.776,1.77,2026-07-04 07:10:59 UTC,2026-07-04 07:11:00 UTC,1.0,0.3548,0.0047,0.0,0.0004,0.04,8.46,MIN_PROFIT_TP_HIT,0.1008
522,TRUMP_USDT,SHORT,StochasticRSI(MICRO_BURST-SHORT),2,0.2,1.776,1.774,1.774,1.78,2026-07-04 07:14:59 UTC,2026-07-04 07:15:34 UTC,34.38,0.3552,0.0047,0.0,0.0004,0.04,8.45,MIN_PROFIT_TP_HIT,0.1012
523,TRUMP_USDT,LONG,StochasticRSI(MICRO_BURST-LONG),2,0.2,1.773,1.775,1.775,1.769,2026-07-04 07:20:59 UTC,2026-07-04 07:22:40 UTC,100.01,0.3546,0.0047,0.0,0.0004,0.04,8.46,MIN_PROFIT_TP_HIT,0.1016
524,TRUMP_USDT,SHORT,StochasticRSI(MICRO_BURST-SHORT),2,0.2,1.768,1.772,1.766,1.772,2026-07-04 07:26:59 UTC,2026-07-04 07:30:55 UTC,235.09,0.3536,0.0047,0.0,-0.0008,-0.08,-16.97,STOP_LOSS_HIT,0.1008
525,TRUMP_USDT,SHORT,StochasticRSI(MICRO_BURST-SHORT),2,0.2,1.77,1.768,1.768,1.774,2026-07-04 07:34:59 UTC,2026-07-04 07:35:05 UTC,5.43,0.354,0.0047,0.0,0.0004,0.04,8.47,MIN_PROFIT_TP_HIT,0.1012
526,TRUMP_USDT,LONG,StochasticRSI(MICRO_BURST-LONG),2,0.2,1.77,1.772,1.772,1.766,2026-07-04 07:39:59 UTC,2026-07-04 07:47:37 UTC,457.04,0.354,0.0047,0.0,0.0004,0.04,8.47,MIN_PROFIT_TP_HIT,0.1016
527,TRUMP_USDT,SHORT,StochasticRSI(MICRO_BURST-SHORT),2,0.2,1.775,1.773,1.773,1.779,2026-07-04 07:51:59 UTC,2026-07-04 07:52:22 UTC,22.69,0.355,0.0047,0.0,0.0004,0.04,8.45,MIN_PROFIT_TP_HIT,0.102
528,TRUMP_USDT,SHORT,StochasticRSI(MICRO_BURST-SHORT),2,0.2,1.774,1.772,1.772,1.778,2026-07-04 07:53:59 UTC,2026-07-04 08:02:24 UTC,504.13,0.3548,0.0047,0.0,0.0004,0.04,8.46,MIN_PROFIT_TP_HIT,0.1024
529,TRUMP_USDT,LONG,StochasticRSI(MICRO_BURST-LONG),2,0.2,1.772,1.774,1.774,1.768,2026-07-04 08:13:59 UTC,2026-07-04 08:19:16 UTC,316.73,0.3544,0.0047,0.0,0.0004,0.04,8.47,MIN_PROFIT_TP_HIT,0.1028
530,TRUMP_USDT,SHORT,StochasticRSI(MICRO_BURST-SHORT),2,0.2,1.775,1.773,1.773,1.779,2026-07-04 08:27:59 UTC,2026-07-04 08:39:04 UTC,664.08,0.355,0.0047,0.0,0.0004,0.04,8.45,MIN_PROFIT_TP_HIT,0.1032
531,TRUMP_USDT,LONG,StochasticRSI(MICRO_BURST-LONG),2,0.2,1.776,1.772,1.778,1.772,2026-07-04 08:41:59 UTC,2026-07-04 08:55:05 UTC,785.61,0.3552,0.0047,0.0,-0.0008,-0.08,-16.89,STOP_LOSS_HIT,0.1024
532,TRUMP_USDT,SHORT,StochasticRSI(MICRO_BURST-SHORT),2,0.2,1.773,1.771,1.771,1.777,2026-07-04 09:03:59 UTC,2026-07-04 09:04:14 UTC,14.26,0.3546,0.0047,0.0,0.0004,0.04,8.46,MIN_PROFIT_TP_HIT,0.1028
533,TRUMP_USDT,LONG,StochasticRSI(MICRO_BURST-LONG),2,0.2,1.769,1.765,1.771,1.765,2026-07-04 09:30:59 UTC,2026-07-04 09:34:22 UTC,202.39,0.3538,0.0047,0.0,-0.0008,-0.08,-16.96,STOP_LOSS_HIT,0.102
534,TRUMP_USDT,LONG,StochasticRSI(MICRO_BURST-LONG),2,0.2,1.763,1.765,1.765,1.759,2026-07-04 09:38:59 UTC,2026-07-04 09:39:19 UTC,19.2,0.3526,0.0047,0.0,0.0004,0.04,8.51,MIN_PROFIT_TP_HIT,0.1024
535,TRUMP_USDT,SHORT,StochasticRSI(MICRO_BURST-SHORT),2,0.2,1.765,1.769,1.763,1.769,2026-07-04 09:44:59 UTC,2026-07-04 09:53:00 UTC,480.51,0.353,0.0047,0.0,-0.0008,-0.08,-17.0,STOP_LOSS_HIT,0.1016
536,TRUMP_USDT,SHORT,StochasticRSI(MICRO_BURST-SHORT),2,0.2,1.768,1.766,1.766,1.772,2026-07-04 09:58:59 UTC,2026-07-04 10:00:12 UTC,72.61,0.3536,0.0047,0.0,0.0004,0.04,8.48,MIN_PROFIT_TP_HIT,0.102
537,TRUMP_USDT,LONG,StochasticRSI(MICRO_BURST-LONG),2,0.2,1.763,1.765,1.765,1.759,2026-07-04 10:04:59 UTC,2026-07-04 10:05:53 UTC,53.14,0.3526,0.0047,0.0,0.0004,0.04,8.51,MIN_PROFIT_TP_HIT,0.1024
538,TRUMP_USDT,SHORT,StochasticRSI(MICRO_BURST-SHORT),2,0.2,1.763,1.767,1.761,1.767,2026-07-04 10:11:59 UTC,2026-07-04 10:26:13 UTC,853.92,0.3526,0.0047,0.0,-0.0008,-0.08,-17.02,STOP_LOSS_HIT,0.1016
539,TRUMP_USDT,SHORT,StochasticRSI(MICRO_BURST-SHORT),2,0.2,1.765,1.769,1.763,1.769,2026-07-04 10:39:59 UTC,2026-07-04 10:51:48 UTC,708.06,0.353,0.0047,0.0,-0.0008,-0.08,-17.0,STOP_LOSS_HIT,0.1008
540,TRUMP_USDT,LONG,StochasticRSI(MICRO_BURST-LONG),2,0.2,1.766,1.768,1.768,1.762,2026-07-04 11:06:59 UTC,2026-07-04 11:08:14 UTC,74.47,0.3532,0.0047,0.0,0.0004,0.04,8.49,MIN_PROFIT_TP_HIT,0.1012
541,TRUMP_USDT,LONG,StochasticRSI(MICRO_BURST-LONG),2,0.2,1.769,1.765,1.771,1.765,2026-07-04 11:15:59 UTC,2026-07-04 11:22:35 UTC,395.12,0.3538,0.0047,0.0,-0.0008,-0.08,-16.96,STOP_LOSS_HIT,0.1004
542,TRUMP_USDT,LONG,StochasticRSI(MICRO_BURST-LONG),2,0.2,1.765,1.767,1.767,1.761,2026-07-04 11:26:59 UTC,2026-07-04 11:29:40 UTC,160.38,0.353,0.0047,0.0,0.0004,0.04,8.5,MIN_PROFIT_TP_HIT,0.1008
543,TRUMP_USDT,SHORT,StochasticRSI(MICRO_BURST-SHORT),2,0.2,1.771,1.769,1.769,1.775,2026-07-04 11:37:59 UTC,2026-07-04 11:39:14 UTC,74.86,0.3542,0.0047,0.0,0.0004,0.04,8.47,MIN_PROFIT_TP_HIT,0.1012
544,TRUMP_USDT,LONG,StochasticRSI(MICRO_BURST-LONG),2,0.2,1.77,1.772,1.772,1.766,2026-07-04 11:42:59 UTC,2026-07-04 11:43:41 UTC,41.29,0.354,0.0047,0.0,0.0004,0.04,8.47,MIN_PROFIT_TP_HIT,0.1016
545,TRUMP_USDT,SHORT,StochasticRSI(MICRO_BURST-SHORT),2,0.2,1.774,1.772,1.772,1.778,2026-07-04 11:48:59 UTC,2026-07-04 11:51:05 UTC,125.54,0.3548,0.0047,0.0,0.0004,0.04,8.46,MIN_PROFIT_TP_HIT,0.102
546,TRUMP_USDT,SHORT,StochasticRSI(MICRO_BURST-SHORT),2,0.2,1.772,1.776,1.77,1.776,2026-07-04 12:01:59 UTC,2026-07-04 12:06:44 UTC,284.17,0.3544,0.0047,0.0,-0.0008,-0.08,-16.93,STOP_LOSS_HIT,0.1012
547,TRUMP_USDT,SHORT,StochasticRSI(MICRO_BURST-SHORT),2,0.2,1.776,1.774,1.774,1.78,2026-07-04 12:10:59 UTC,2026-07-04 12:18:18 UTC,438.23,0.3552,0.0047,0.0,0.0004,0.04,8.45,MIN_PROFIT_TP_HIT,0.1016
548,TRUMP_USDT,SHORT,StochasticRSI(MICRO_BURST-SHORT),2,0.2,1.776,1.774,1.774,1.78,2026-07-04 12:19:59 UTC,2026-07-04 12:20:15 UTC,15.08,0.3552,0.0047,0.0,0.0004,0.04,8.45,MIN_PROFIT_TP_HIT,0.102
549,TRUMP_USDT,SHORT,StochasticRSI(MICRO_BURST-SHORT),2,0.2,1.775,1.773,1.773,1.779,2026-07-04 12:33:59 UTC,2026-07-04 12:34:07 UTC,7.06,0.355,0.0047,0.0,0.0004,0.04,8.45,MIN_PROFIT_TP_HIT,0.1024
550,TRUMP_USDT,LONG,StochasticRSI(MICRO_BURST-LONG),2,0.2,1.777,1.779,1.779,1.773,2026-07-04 12:39:59 UTC,2026-07-04 12:49:29 UTC,569.33,0.3554,0.0047,0.0,0.0004,0.04,8.44,MIN_PROFIT_TP_HIT,0.1028
551,TRUMP_USDT,SHORT,StochasticRSI(MICRO_BURST-SHORT),2,0.2,1.778,1.782,1.776,1.782,2026-07-04 12:55:59 UTC,2026-07-04 12:58:05 UTC,125.51,0.3556,0.0047,0.0,-0.0008,-0.08,-16.87,STOP_LOSS_HIT,0.102
552,TRUMP_USDT,LONG,StochasticRSI(MICRO_BURST-LONG),2,0.2,1.781,1.783,1.783,1.777,2026-07-04 13:09:59 UTC,2026-07-04 13:20:04 UTC,604.41,0.3562,0.0047,0.0,0.0004,0.04,8.42,MIN_PROFIT_TP_HIT,0.1024
553,TRUMP_USDT,SHORT,StochasticRSI(MICRO_BURST-SHORT),2,0.2,1.784,1.782,1.782,1.788,2026-07-04 13:23:59 UTC,2026-07-04 13:26:04 UTC,124.02,0.3568,0.0048,0.0,0.0004,0.04,8.41,MIN_PROFIT_TP_HIT,0.1028
554,TRUMP_USDT,LONG,StochasticRSI(MICRO_BURST-LONG),2,0.2,1.781,1.777,1.783,1.777,2026-07-04 13:30:59 UTC,2026-07-04 13:38:02 UTC,422.48,0.3562,0.0047,0.0,-0.0008,-0.08,-16.84,STOP_LOSS_HIT,0.102
555,TRUMP_USDT,LONG,StochasticRSI(MICRO_BURST-LONG),2,0.2,1.781,1.777,1.783,1.777,2026-07-04 13:39:59 UTC,2026-07-04 13:45:38 UTC,338.7,0.3562,0.0047,0.0,-0.0008,-0.08,-16.84,STOP_LOSS_HIT,0.1012
556,TRUMP_USDT,SHORT,StochasticRSI(MICRO_BURST-SHORT),2,0.2,1.784,1.788,1.782,1.788,2026-07-04 14:05:59 UTC,2026-07-04 14:12:00 UTC,360.19,0.3568,0.0048,0.0,-0.0008,-0.08,-16.82,STOP_LOSS_HIT,0.1004
557,TRUMP_USDT,SHORT,StochasticRSI(MICRO_BURST-SHORT),2,0.2,1.786,1.784,1.784,1.79,2026-07-04 14:21:59 UTC,2026-07-04 14:24:18 UTC,138.21,0.3572,0.0048,0.0,0.0004,0.04,8.4,MIN_PROFIT_TP_HIT,0.1008
558,TRUMP_USDT,LONG,StochasticRSI(MICRO_BURST-LONG),2,0.2,1.785,1.787,1.787,1.781,2026-07-04 14:25:59 UTC,2026-07-04 14:29:53 UTC,233.16,0.357,0.0048,0.0,0.0004,0.04,8.4,MIN_PROFIT_TP_HIT,0.1012
559,TRUMP_USDT,SHORT,StochasticRSI(MICRO_BURST-SHORT),2,0.2,1.789,1.793,1.787,1.793,2026-07-04 14:33:59 UTC,2026-07-04 14:41:04 UTC,424.7,0.3578,0.0048,0.0,-0.0008,-0.08,-16.77,STOP_LOSS_HIT,0.1004
560,TRUMP_USDT,SHORT,StochasticRSI(MICRO_BURST-SHORT),2,0.2,1.792,1.79,1.79,1.796,2026-07-04 14:45:59 UTC,2026-07-04 14:49:03 UTC,183.26,0.3584,0.0048,0.0,0.0004,0.04,8.37,MIN_PROFIT_TP_HIT,0.1008
561,TRUMP_USDT,LONG,StochasticRSI(MICRO_BURST-LONG),2,0.2,1.792,1.794,1.794,1.788,2026-07-04 14:53:59 UTC,2026-07-04 14:57:19 UTC,199.04,0.3584,0.0048,0.0,0.0004,0.04,8.37,MIN_PROFIT_TP_HIT,0.1012
562,TRUMP_USDT,SHORT,StochasticRSI(MICRO_BURST-SHORT),2,0.2,1.794,1.792,1.792,1.798,2026-07-04 15:01:59 UTC,2026-07-04 15:04:50 UTC,170.8,0.3588,0.0048,0.0,0.0004,0.04,8.36,MIN_PROFIT_TP_HIT,0.1016
563,TRUMP_USDT,LONG,StochasticRSI(MICRO_BURST-LONG),2,0.2,1.792,1.794,1.794,1.788,2026-07-04 15:08:59 UTC,2026-07-04 15:09:27 UTC,27.34,0.3584,0.0048,0.0,0.0004,0.04,8.37,MIN_PROFIT_TP_HIT,0.102
564,TRUMP_USDT,SHORT,StochasticRSI(MICRO_BURST-SHORT),2,0.2,1.8,1.804,1.798,1.804,2026-07-04 15:13:59 UTC,2026-07-04 15:16:22 UTC,142.55,0.36,0.0048,0.0,-0.0008,-0.08,-16.67,STOP_LOSS_HIT,0.1012
565,TRUMP_USDT,LONG,StochasticRSI(MICRO_BURST-LONG),2,0.2,1.803,1.805,1.805,1.799,2026-07-04 15:24:59 UTC,2026-07-04 15:29:19 UTC,259.65,0.3606,0.0048,0.0,0.0004,0.04,8.32,MIN_PROFIT_TP_HIT,0.1016
566,TRUMP_USDT,SHORT,StochasticRSI(MICRO_BURST-SHORT),2,0.2,1.807,1.811,1.805,1.811,2026-07-04 15:32:59 UTC,2026-07-04 15:34:13 UTC,73.31,0.3614,0.0048,0.0,-0.0008,-0.08,-16.6,STOP_LOSS_HIT,0.1008
567,TRUMP_USDT,SHORT,StochasticRSI(MICRO_BURST-SHORT),2,0.2,1.814,1.818,1.812,1.818,2026-07-04 15:37:59 UTC,2026-07-04 15:38:23 UTC,23.25,0.3628,0.0048,0.0,-0.0008,-0.08,-16.54,STOP_LOSS_HIT,0.1
568,TRUMP_USDT,LONG,StochasticRSI(MICRO_BURST-LONG),2,0.2,1.813,1.809,1.815,1.809,2026-07-04 15:45:59 UTC,2026-07-04 15:52:16 UTC,376.98,0.3626,0.0048,0.0,-0.0008,-0.08,-16.55,STOP_LOSS_HIT,0.0992
569,TRUMP_USDT,LONG,StochasticRSI(MICRO_BURST-LONG),2,0.2,1.811,1.813,1.813,1.807,2026-07-04 15:55:59 UTC,2026-07-04 15:57:03 UTC,63.6,0.3622,0.0048,0.0,0.0004,0.04,8.28,MIN_PROFIT_TP_HIT,0.0996
570,TRUMP_USDT,SHORT,StochasticRSI(MICRO_BURST-SHORT),2,0.2,1.812,1.816,1.81,1.816,2026-07-04 16:06:59 UTC,2026-07-04 16:07:32 UTC,32.12,0.3624,0.0048,0.0,-0.0008,-0.08,-16.56,STOP_LOSS_HIT,0.0988
571,TRUMP_USDT,LONG,StochasticRSI(MICRO_BURST-LONG),2,0.2,1.805,1.807,1.807,1.801,2026-07-04 16:14:59 UTC,2026-07-04 16:16:18 UTC,78.57,0.361,0.0048,0.0,0.0004,0.04,8.31,MIN_PROFIT_TP_HIT,0.0992
572,TRUMP_USDT,LONG,StochasticRSI(MICRO_BURST-LONG),2,0.2,1.807,1.809,1.809,1.803,2026-07-04 16:17:59 UTC,2026-07-04 16:18:26 UTC,26.9,0.3614,0.0048,0.0,0.0004,0.04,8.3,MIN_PROFIT_TP_HIT,0.0996
573,TRUMP_USDT,SHORT,StochasticRSI(MICRO_BURST-SHORT),2,0.2,1.815,1.813,1.813,1.819,2026-07-04 16:22:59 UTC,2026-07-04 16:24:01 UTC,61.06,0.363,0.0048,0.0,0.0004,0.04,8.26,MIN_PROFIT_TP_HIT,0.1
574,TRUMP_USDT,SHORT,StochasticRSI(MICRO_BURST-SHORT),2,0.2,1.817,1.821,1.815,1.821,2026-07-04 16:33:59 UTC,2026-07-04 16:41:32 UTC,452.49,0.3634,0.0048,0.0,-0.0008,-0.08,-16.51,STOP_LOSS_HIT,0.0992
575,TRUMP_USDT,SHORT,StochasticRSI(MICRO_BURST-SHORT),2,0.2,1.837,1.835,1.835,1.841,2026-07-04 16:50:59 UTC,2026-07-04 16:51:09 UTC,9.29,0.3674,0.0049,0.0,0.0004,0.04,8.17,MIN_PROFIT_TP_HIT,0.0996
576,TRUMP_USDT,LONG,StochasticRSI(MICRO_BURST-LONG),2,0.2,1.828,1.83,1.83,1.824,2026-07-04 16:57:59 UTC,2026-07-04 16:58:13 UTC,13.99,0.3656,0.0049,0.0,0.0004,0.04,8.21,MIN_PROFIT_TP_HIT,0.1
577,TRUMP_USDT,SHORT,StochasticRSI(MICRO_BURST-SHORT),2,0.2,1.847,1.845,1.845,1.851,2026-07-04 17:07:59 UTC,2026-07-04 17:08:10 UTC,10.4,0.3694,0.0049,0.0,0.0004,0.04,8.12,MIN_PROFIT_TP_HIT,0.1004
578,TRUMP_USDT,LONG,StochasticRSI(MICRO_BURST-LONG),2,0.2,1.857,1.853,1.859,1.853,2026-07-04 17:12:59 UTC,2026-07-04 17:13:46 UTC,46.05,0.3714,0.005,0.0,-0.0008,-0.08,-16.16,STOP_LOSS_HIT,0.0996
579,TRUMP_USDT,LONG,StochasticRSI(MICRO_BURST-LONG),2,0.2,1.833,1.835,1.835,1.829,2026-07-04 17:22:59 UTC,2026-07-04 17:23:49 UTC,49.15,0.3666,0.0049,0.0,0.0004,0.04,8.18,MIN_PROFIT_TP_HIT,0.1
580,TRUMP_USDT,LONG,StochasticRSI(MICRO_BURST-LONG),2,0.2,1.831,1.833,1.833,1.827,2026-07-04 17:26:59 UTC,2026-07-04 17:27:41 UTC,41.49,0.3662,0.0049,0.0,0.0004,0.04,8.19,MIN_PROFIT_TP_HIT,0.1004
581,TRUMP_USDT,SHORT,StochasticRSI(MICRO_BURST-SHORT),2,0.2,1.835,1.839,1.833,1.839,2026-07-04 17:31:59 UTC,2026-07-04 17:33:03 UTC,63.19,0.367,0.0049,0.0,-0.0008,-0.08,-16.35,STOP_LOSS_HIT,0.0996
582,TRUMP_USDT,LONG,StochasticRSI(MICRO_BURST-LONG),2,0.2,1.832,1.828,1.834,1.828,2026-07-04 17:39:59 UTC,2026-07-04 17:40:47 UTC,47.49,0.3664,0.0049,0.0,-0.0008,-0.08,-16.38,STOP_LOSS_HIT,0.0988
583,TRUMP_USDT,SHORT,StochasticRSI(MICRO_BURST-SHORT),2,0.2,1.831,1.829,1.829,1.835,2026-07-04 17:46:59 UTC,2026-07-04 17:47:12 UTC,12.68,0.3662,0.0049,0.0,0.0004,0.04,8.19,MIN_PROFIT_TP_HIT,0.0992
584,TRUMP_USDT,SHORT,StochasticRSI(MICRO_BURST-SHORT),2,0.2,1.843,1.847,1.841,1.847,2026-07-04 17:54:59 UTC,2026-07-04 17:56:01 UTC,61.85,0.3686,0.0049,0.0,-0.0008,-0.08,-16.28,STOP_LOSS_HIT,0.0984
585,TRUMP_USDT,SHORT,StochasticRSI(MICRO_BURST-SHORT),2,0.2,1.855,1.859,1.853,1.859,2026-07-04 17:58:59 UTC,2026-07-04 18:00:01 UTC,61.47,0.371,0.0049,0.0,-0.0008,-0.08,-16.17,STOP_LOSS_HIT,0.0976
586,TRUMP_USDT,LONG,StochasticRSI(MICRO_BURST-LONG),2,0.2,1.856,1.852,1.858,1.852,2026-07-04 18:06:59 UTC,2026-07-04 18:09:54 UTC,174.57,0.3712,0.0049,0.0,-0.0008,-0.08,-16.16,STOP_LOSS_HIT,0.0968
587,TRUMP_USDT,LONG,StochasticRSI(MICRO_BURST-LONG),2,0.2,1.853,1.855,1.855,1.849,2026-07-04 18:17:59 UTC,2026-07-04 18:18:51 UTC,51.54,0.3706,0.0049,0.0,0.0004,0.04,8.09,MIN_PROFIT_TP_HIT,0.0972
588,TRUMP_USDT,SHORT,StochasticRSI(MICRO_BURST-SHORT),2,0.2,1.866,1.864,1.864,1.87,2026-07-04 18:25:59 UTC,2026-07-04 18:26:06 UTC,6.32,0.3732,0.005,0.0,0.0004,0.04,8.04,MIN_PROFIT_TP_HIT,0.0976
589,TRUMP_USDT,LONG,StochasticRSI(MICRO_BURST-LONG),2,0.2,1.855,1.851,1.857,1.851,2026-07-04 18:30:59 UTC,2026-07-04 18:31:41 UTC,41.78,0.371,0.0049,0.0,-0.0008,-0.08,-16.17,STOP_LOSS_HIT,0.0968
590,TRUMP_USDT,LONG,StochasticRSI(MICRO_BURST-LONG),2,0.2,1.846,1.842,1.848,1.842,2026-07-04 18:34:59 UTC,2026-07-04 18:35:23 UTC,23.94,0.3692,0.0049,0.0,-0.0008,-0.08,-16.25,STOP_LOSS_HIT,0.096
591,TRUMP_USDT,LONG,StochasticRSI(MICRO_BURST-LONG),2,0.2,1.835,1.837,1.837,1.831,2026-07-04 18:38:59 UTC,2026-07-04 18:40:44 UTC,104.28,0.367,0.0049,0.0,0.0004,0.04,8.17,MIN_PROFIT_TP_HIT,0.0964
592,TRUMP_USDT,LONG,StochasticRSI(MICRO_BURST-LONG),2,0.2,1.84,1.836,1.842,1.836,2026-07-04 18:41:59 UTC,2026-07-04 18:48:43 UTC,403.44,0.368,0.0049,0.0,-0.0008,-0.08,-16.3,STOP_LOSS_HIT,0.0956
593,TRUMP_USDT,SHORT,StochasticRSI(MICRO_BURST-SHORT),2,0.2,1.834,1.838,1.832,1.838,2026-07-04 18:49:59 UTC,2026-07-04 18:52:06 UTC,126.63,0.3668,0.0049,0.0,-0.0008,-0.08,-16.36,STOP_LOSS_HIT,0.0948
594,TRUMP_USDT,SHORT,StochasticRSI(MICRO_BURST-SHORT),2,0.2,1.858,1.856,1.856,1.862,2026-07-04 19:03:59 UTC,2026-07-04 19:04:05 UTC,5.26,0.3716,0.005,0.0,0.0004,0.04,8.07,MIN_PROFIT_TP_HIT,0.0952
595,TRUMP_USDT,LONG,StochasticRSI(MICRO_BURST-LONG),2,0.2,1.843,1.839,1.845,1.839,2026-07-04 19:10:59 UTC,2026-07-04 19:12:28 UTC,88.61,0.3686,0.0049,0.0,-0.0008,-0.08,-16.28,STOP_LOSS_HIT,0.0944
596,TRUMP_USDT,LONG,StochasticRSI(MICRO_BURST-LONG),2,0.2,1.837,1.839,1.839,1.833,2026-07-04 19:15:59 UTC,2026-07-04 19:16:11 UTC,11.84,0.3674,0.0049,0.0,0.0004,0.04,8.17,MIN_PROFIT_TP_HIT,0.0948
597,TRUMP_USDT,SHORT,StochasticRSI(MICRO_BURST-SHORT),2,0.2,1.84,1.844,1.838,1.844,2026-07-04 19:20:59 UTC,2026-07-04 19:22:01 UTC,61.92,0.368,0.0049,0.0,-0.0008,-0.08,-16.3,STOP_LOSS_HIT,0.094
598,TRUMP_USDT,SHORT,StochasticRSI(MICRO_BURST-SHORT),2,0.2,1.844,1.842,1.842,1.848,2026-07-04 19:25:59 UTC,2026-07-04 19:29:12 UTC,192.15,0.3688,0.0049,0.0,0.0004,0.04,8.13,MIN_PROFIT_TP_HIT,0.0944
599,TRUMP_USDT,LONG,StochasticRSI(MICRO_BURST-LONG),2,0.2,1.842,1.838,1.844,1.838,2026-07-04 19:35:59 UTC,2026-07-04 19:37:03 UTC,63.61,0.3684,0.0049,0.0,-0.0008,-0.08,-16.29,STOP_LOSS_HIT,0.0936
600,TRUMP_USDT,LONG,StochasticRSI(MICRO_BURST-LONG),2,0.2,1.837,1.839,1.839,1.833,2026-07-04 19:49:59 UTC,2026-07-04 19:51:19 UTC,79.24,0.3674,0.0049,0.0,0.0004,0.04,8.17,MIN_PROFIT_TP_HIT,0.094
601,TRUMP_USDT,SHORT,StochasticRSI(MICRO_BURST-SHORT),2,0.2,1.836,1.834,1.834,1.84,2026-07-04 19:55:59 UTC,2026-07-04 19:57:07 UTC,67.37,0.3672,0.0049,0.0,0.0004,0.04,8.17,MIN_PROFIT_TP_HIT,0.0944
602,TRUMP_USDT,LONG,StochasticRSI(MICRO_BURST-LONG),2,0.2,1.821,1.817,1.823,1.817,2026-07-04 20:20:59 UTC,2026-07-04 20:21:47 UTC,47.69,0.3642,0.0049,0.0,-0.0008,-0.08,-16.47,STOP_LOSS_HIT,0.0936
603,TRUMP_USDT,SHORT,StochasticRSI(MICRO_BURST-SHORT),2,0.2,1.82,1.824,1.818,1.824,2026-07-04 20:28:59 UTC,2026-07-04 20:35:14 UTC,374.35,0.364,0.0049,0.0,-0.0008,-0.08,-16.48,STOP_LOSS_HIT,0.0928
604,TRUMP_USDT,SHORT,StochasticRSI(MICRO_BURST-SHORT),2,0.2,1.827,1.825,1.825,1.831,2026-07-04 20:38:59 UTC,2026-07-04 20:39:34 UTC,34.66,0.3654,0.0049,0.0,0.0004,0.04,8.21,MIN_PROFIT_TP_HIT,0.0932
605,TRUMP_USDT,SHORT,StochasticRSI(MICRO_BURST-SHORT),2,0.2,1.845,1.843,1.843,1.849,2026-07-04 20:50:59 UTC,2026-07-04 20:51:00 UTC,0.51,0.369,0.0049,0.0,0.0004,0.04,8.13,MIN_PROFIT_TP_HIT,0.0936
606,TRUMP_USDT,SHORT,StochasticRSI(MICRO_BURST-SHORT),2,0.2,1.839,1.837,1.837,1.843,2026-07-04 20:52:59 UTC,2026-07-04 20:53:27 UTC,28.0,0.3678,0.0049,0.0,0.0004,0.04,8.16,MIN_PROFIT_TP_HIT,0.094
607,TRUMP_USDT,LONG,StochasticRSI(MICRO_BURST-LONG),2,0.2,1.844,1.846,1.846,1.84,2026-07-04 20:57:59 UTC,2026-07-04 20:58:08 UTC,8.09,0.3688,0.0049,0.0,0.0004,0.04,8.13,MIN_PROFIT_TP_HIT,0.0944
608,TRUMP_USDT,SHORT,StochasticRSI(MICRO_BURST-SHORT),2,0.2,1.853,1.857,1.851,1.857,2026-07-04 21:02:59 UTC,2026-07-04 21:03:46 UTC,46.49,0.3706,0.0049,0.0,-0.0008,-0.08,-16.19,STOP_LOSS_HIT,0.0936
609,TRUMP_USDT,SHORT,StochasticRSI(MICRO_BURST-SHORT),2,0.2,1.85,1.848,1.848,1.854,2026-07-04 21:05:59 UTC,2026-07-04 21:06:27 UTC,27.42,0.37,0.0049,0.0,0.0004,0.04,8.11,MIN_PROFIT_TP_HIT,0.094
610,TRUMP_USDT,LONG,StochasticRSI(MICRO_BURST-LONG),2,0.2,1.844,1.846,1.846,1.84,2026-07-04 21:09:59 UTC,2026-07-04 21:12:59 UTC,179.79,0.3688,0.0049,0.0,0.0004,0.04,8.13,MIN_PROFIT_TP_HIT,0.0944
611,TRUMP_USDT,LONG,StochasticRSI(MICRO_BURST-LONG),2,0.2,1.855,1.857,1.857,1.851,2026-07-04 21:13:59 UTC,2026-07-04 21:15:55 UTC,115.37,0.371,0.0049,0.0,0.0004,0.04,8.09,MIN_PROFIT_TP_HIT,0.0948
612,TRUMP_USDT,SHORT,StochasticRSI(MICRO_BURST-SHORT),2,0.2,1.858,1.856,1.856,1.862,2026-07-04 21:17:59 UTC,2026-07-04 21:18:00 UTC,0.31,0.3716,0.005,0.0,0.0004,0.04,8.07,MIN_PROFIT_TP_HIT,0.0952
613,TRUMP_USDT,LONG,StochasticRSI(MICRO_BURST-LONG),2,0.2,1.855,1.857,1.857,1.851,2026-07-04 21:28:59 UTC,2026-07-04 21:29:43 UTC,43.04,0.371,0.0049,0.0,0.0004,0.04,8.09,MIN_PROFIT_TP_HIT,0.0956
614,TRUMP_USDT,SHORT,StochasticRSI(MICRO_BURST-SHORT),2,0.2,1.854,1.852,1.852,1.858,2026-07-04 21:33:59 UTC,2026-07-04 21:37:04 UTC,184.78,0.3708,0.0049,0.0,0.0004,0.04,8.09,MIN_PROFIT_TP_HIT,0.096
615,TRUMP_USDT,LONG,StochasticRSI(MICRO_BURST-LONG),2,0.2,1.849,1.845,1.851,1.845,2026-07-04 21:39:59 UTC,2026-07-04 21:40:42 UTC,42.43,0.3698,0.0049,0.0,-0.0008,-0.08,-16.22,STOP_LOSS_HIT,0.0952
616,TRUMP_USDT,LONG,StochasticRSI(MICRO_BURST-LONG),2,0.2,1.85,1.846,1.852,1.846,2026-07-04 21:43:59 UTC,2026-07-04 21:49:38 UTC,338.44,0.37,0.0049,0.0,-0.0008,-0.08,-16.22,STOP_LOSS_HIT,0.0944
617,TRUMP_USDT,LONG,StochasticRSI(MICRO_BURST-LONG),2,0.2,1.842,1.838,1.844,1.838,2026-07-04 21:54:59 UTC,2026-07-04 21:58:50 UTC,230.07,0.3684,0.0049,0.0,-0.0008,-0.08,-16.29,STOP_LOSS_HIT,0.0936
618,TRUMP_USDT,LONG,StochasticRSI(MICRO_BURST-LONG),2,0.2,1.826,1.828,1.828,1.822,2026-07-04 22:04:59 UTC,2026-07-04 22:05:50 UTC,50.75,0.3652,0.0049,0.0,0.0004,0.04,8.21,MIN_PROFIT_TP_HIT,0.094
619,TRUMP_USDT,SHORT,StochasticRSI(MICRO_BURST-SHORT),2,0.2,1.826,1.824,1.824,1.83,2026-07-04 22:11:59 UTC,2026-07-04 22:13:17 UTC,77.26,0.3652,0.0049,0.0,0.0004,0.04,8.21,MIN_PROFIT_TP_HIT,0.0944
620,TRUMP_USDT,SHORT,StochasticRSI(MICRO_BURST-SHORT),2,0.2,1.826,1.824,1.824,1.83,2026-07-04 22:17:59 UTC,2026-07-04 22:19:16 UTC,76.63,0.3652,0.0049,0.0,0.0004,0.04,8.21,MIN_PROFIT_TP_HIT,0.0948
621,TRUMP_USDT,SHORT,StochasticRSI(MICRO_BURST-SHORT),2,0.2,1.821,1.819,1.819,1.825,2026-07-04 22:33:59 UTC,2026-07-04 22:35:01 UTC,61.73,0.3642,0.0049,0.0,0.0004,0.04,8.24,MIN_PROFIT_TP_HIT,0.0952
622,TRUMP_USDT,LONG,StochasticRSI(MICRO_BURST-LONG),2,0.2,1.824,1.82,1.826,1.82,2026-07-04 22:48:59 UTC,2026-07-04 22:49:00 UTC,0.78,0.3648,0.0049,0.0,-0.0008,-0.08,-16.45,STOP_LOSS_HIT,0.0944
623,TRUMP_USDT,SHORT,StochasticRSI(MICRO_BURST-SHORT),2,0.2,1.826,1.824,1.824,1.83,2026-07-04 22:59:59 UTC,2026-07-04 23:00:41 UTC,41.71,0.3652,0.0049,0.0,0.0004,0.04,8.21,MIN_PROFIT_TP_HIT,0.0948
624,TRUMP_USDT,LONG,StochasticRSI(MICRO_BURST-LONG),2,0.2,1.825,1.821,1.827,1.821,2026-07-04 23:07:59 UTC,2026-07-04 23:13:34 UTC,334.22,0.365,0.0049,0.0,-0.0008,-0.08,-16.44,STOP_LOSS_HIT,0.094
625,TRUMP_USDT,LONG,StochasticRSI(MICRO_BURST-LONG),2,0.2,1.815,1.817,1.817,1.811,2026-07-04 23:17:59 UTC,2026-07-04 23:18:16 UTC,16.42,0.363,0.0048,0.0,0.0004,0.04,8.26,MIN_PROFIT_TP_HIT,0.0944
626,TRUMP_USDT,SHORT,StochasticRSI(MICRO_BURST-SHORT),2,0.2,1.821,1.819,1.819,1.825,2026-07-04 23:23:59 UTC,2026-07-04 23:30:05 UTC,365.02,0.3642,0.0049,0.0,0.0004,0.04,8.24,MIN_PROFIT_TP_HIT,0.0948
627,TRUMP_USDT,LONG,StochasticRSI(MICRO_BURST-LONG),2,0.2,1.822,1.824,1.824,1.818,2026-07-04 23:31:59 UTC,2026-07-04 23:34:50 UTC,170.21,0.3644,0.0049,0.0,0.0004,0.04,8.23,MIN_PROFIT_TP_HIT,0.0952
628,TRUMP_USDT,LONG,StochasticRSI(MICRO_BURST-LONG),2,0.2,1.822,1.818,1.824,1.818,2026-07-04 23:44:59 UTC,2026-07-04 23:46:13 UTC,73.48,0.3644,0.0049,0.0,-0.0008,-0.08,-16.47,STOP_LOSS_HIT,0.0944
629,TRUMP_USDT,LONG,StochasticRSI(MICRO_BURST-LONG),2,0.2,1.818,1.82,1.82,1.814,2026-07-04 23:50:59 UTC,2026-07-04 23:52:30 UTC,90.11,0.3636,0.0048,0.0,0.0004,0.04,8.25,MIN_PROFIT_TP_HIT,0.0948
630,TRUMP_USDT,SHORT,StochasticRSI(MICRO_BURST-SHORT),2,0.2,1.819,1.823,1.817,1.823,2026-07-04 23:56:59 UTC,2026-07-05 00:00:31 UTC,211.83,0.3638,0.0049,0.0,-0.0008,-0.08,-16.49,STOP_LOSS_HIT,0.094
631,TRUMP_USDT,SHORT,StochasticRSI(MICRO_BURST-SHORT),2,0.2,1.82,1.818,1.818,1.824,2026-07-05 00:13:59 UTC,2026-07-05 00:17:10 UTC,190.87,0.364,0.0049,0.0,0.0004,0.04,8.24,MIN_PROFIT_TP_HIT,0.0944
632,TRUMP_USDT,SHORT,StochasticRSI(MICRO_BURST-SHORT),2,0.2,1.822,1.826,1.82,1.826,2026-07-05 00:22:59 UTC,2026-07-05 00:23:53 UTC,53.6,0.3644,0.0049,0.0,-0.0008,-0.08,-16.47,STOP_LOSS_HIT,0.0936
633,TRUMP_USDT,LONG,StochasticRSI(MICRO_BURST-LONG),2,0.2,1.817,1.819,1.819,1.813,2026-07-05 00:36:59 UTC,2026-07-05 00:38:01 UTC,61.77,0.3634,0.0048,0.0,0.0004,0.04,8.26,MIN_PROFIT_TP_HIT,0.094
634,TRUMP_USDT,SHORT,StochasticRSI(MICRO_BURST-SHORT),2,0.2,1.83,1.828,1.828,1.834,2026-07-05 00:47:59 UTC,2026-07-05 00:48:19 UTC,19.46,0.366,0.0049,0.0,0.0004,0.04,8.2,MIN_PROFIT_TP_HIT,0.0944
635,TRUMP_USDT,LONG,StochasticRSI(MICRO_BURST-LONG),2,0.2,1.83,1.826,1.832,1.826,2026-07-05 00:52:59 UTC,2026-07-05 00:53:56 UTC,56.48,0.366,0.0049,0.0,-0.0008,-0.08,-16.39,STOP_LOSS_HIT,0.0936
636,TRUMP_USDT,LONG,StochasticRSI(MICRO_BURST-LONG),2,0.2,1.826,1.828,1.828,1.822,2026-07-05 00:59:59 UTC,2026-07-05 01:00:09 UTC,9.39,0.3652,0.0049,0.0,0.0004,0.04,8.21,MIN_PROFIT_TP_HIT,0.094
637,TRUMP_USDT,SHORT,StochasticRSI(MICRO_BURST-SHORT),2,0.2,1.828,1.826,1.826,1.832,2026-07-05 01:06:59 UTC,2026-07-05 01:07:40 UTC,40.95,0.3656,0.0049,0.0,0.0004,0.04,8.21,MIN_PROFIT_TP_HIT,0.0944
638,TRUMP_USDT,SHORT,StochasticRSI(MICRO_BURST-SHORT),2,0.2,1.815,1.813,1.813,1.819,2026-07-05 01:31:59 UTC,2026-07-05 01:33:10 UTC,70.56,0.363,0.0048,0.0,0.0004,0.04,8.26,MIN_PROFIT_TP_HIT,0.0948
639,TRUMP_USDT,LONG,StochasticRSI(MICRO_BURST-LONG),2,0.2,1.811,1.813,1.813,1.807,2026-07-05 01:36:59 UTC,2026-07-05 01:38:48 UTC,108.54,0.3622,0.0048,0.0,0.0004,0.04,8.28,MIN_PROFIT_TP_HIT,0.0952
640,TRUMP_USDT,LONG,StochasticRSI(MICRO_BURST-LONG),2,0.2,1.816,1.812,1.818,1.812,2026-07-05 01:39:59 UTC,2026-07-05 01:41:56 UTC,116.74,0.3632,0.0048,0.0,-0.0008,-0.08,-16.52,STOP_LOSS_HIT,0.0944
641,TRUMP_USDT,SHORT,StochasticRSI(MICRO_BURST-SHORT),2,0.2,1.813,1.811,1.811,1.817,2026-07-05 01:42:59 UTC,2026-07-05 01:43:12 UTC,12.58,0.3626,0.0048,0.0,0.0004,0.04,8.27,MIN_PROFIT_TP_HIT,0.0948
642,TRUMP_USDT,LONG,StochasticRSI(MICRO_BURST-LONG),2,0.2,1.813,1.815,1.815,1.809,2026-07-05 01:50:59 UTC,2026-07-05 01:52:21 UTC,81.39,0.3626,0.0048,0.0,0.0004,0.04,8.27,MIN_PROFIT_TP_HIT,0.0952
643,TRUMP_USDT,SHORT,StochasticRSI(MICRO_BURST-SHORT),2,0.2,1.815,1.813,1.813,1.819,2026-07-05 01:55:59 UTC,2026-07-05 01:56:37 UTC,37.72,0.363,0.0048,0.0,0.0004,0.04,8.26,MIN_PROFIT_TP_HIT,0.0956
644,TRUMP_USDT,SHORT,StochasticRSI(MICRO_BURST-SHORT),2,0.2,1.809,1.807,1.807,1.813,2026-07-05 02:02:59 UTC,2026-07-05 02:05:21 UTC,141.65,0.3618,0.0048,0.0,0.0004,0.04,8.29,MIN_PROFIT_TP_HIT,0.096
645,TRUMP_USDT,LONG,StochasticRSI(MICRO_BURST-LONG),2,0.2,1.81,1.806,1.812,1.806,2026-07-05 02:09:59 UTC,2026-07-05 02:11:08 UTC,68.98,0.362,0.0048,0.0,-0.0008,-0.08,-16.57,STOP_LOSS_HIT,0.0952
646,TRUMP_USDT,SHORT,StochasticRSI(MICRO_BURST-SHORT),2,0.2,1.792,1.79,1.79,1.796,2026-07-05 02:12:59 UTC,2026-07-05 02:13:07 UTC,7.65,0.3584,0.0048,0.0,0.0004,0.04,8.37,MIN_PROFIT_TP_HIT,0.0956
647,TRUMP_USDT,LONG,StochasticRSI(MICRO_BURST-LONG),2,0.2,1.793,1.789,1.795,1.789,2026-07-05 02:15:59 UTC,2026-07-05 02:17:09 UTC,69.89,0.3586,0.0048,0.0,-0.0008,-0.08,-16.73,STOP_LOSS_HIT,0.0948
648,TRUMP_USDT,SHORT,StochasticRSI(MICRO_BURST-SHORT),2,0.2,1.797,1.795,1.795,1.801,2026-07-05 02:22:59 UTC,2026-07-05 02:23:06 UTC,6.16,0.3594,0.0048,0.0,0.0004,0.04,8.35,MIN_PROFIT_TP_HIT,0.0952
649,TRUMP_USDT,SHORT,StochasticRSI(MICRO_BURST-SHORT),2,0.2,1.803,1.801,1.801,1.807,2026-07-05 02:36:59 UTC,2026-07-05 02:38:07 UTC,67.61,0.3606,0.0048,0.0,0.0004,0.04,8.32,MIN_PROFIT_TP_HIT,0.0956
650,TRUMP_USDT,LONG,StochasticRSI(MICRO_BURST-LONG),2,0.2,1.791,1.787,1.793,1.787,2026-07-05 02:47:59 UTC,2026-07-05 02:48:52 UTC,52.4,0.3582,0.0048,0.0,-0.0008,-0.08,-16.75,STOP_LOSS_HIT,0.0948
651,TRUMP_USDT,LONG,StochasticRSI(MICRO_BURST-LONG),2,0.2,1.794,1.796,1.796,1.79,2026-07-05 02:50:59 UTC,2026-07-05 02:51:22 UTC,22.85,0.3588,0.0048,0.0,0.0004,0.04,8.36,MIN_PROFIT_TP_HIT,0.0952
652,TRUMP_USDT,SHORT,StochasticRSI(MICRO_BURST-SHORT),2,0.2,1.788,1.792,1.786,1.792,2026-07-05 02:54:59 UTC,2026-07-05 02:59:05 UTC,245.2,0.3576,0.0048,0.0,-0.0008,-0.08,-16.78,STOP_LOSS_HIT,0.0944
653,TRUMP_USDT,SHORT,StochasticRSI(MICRO_BURST-SHORT),2,0.2,1.791,1.795,1.789,1.795,2026-07-05 03:03:59 UTC,2026-07-05 03:04:29 UTC,29.19,0.3582,0.0048,0.0,-0.0008,-0.08,-16.75,STOP_LOSS_HIT,0.0936
654,TRUMP_USDT,LONG,StochasticRSI(MICRO_BURST-LONG),2,0.2,1.793,1.795,1.795,1.789,2026-07-05 03:10:59 UTC,2026-07-05 03:13:39 UTC,159.86,0.3586,0.0048,0.0,0.0004,0.04,8.37,MIN_PROFIT_TP_HIT,0.094
655,TRUMP_USDT,SHORT,StochasticRSI(MICRO_BURST-SHORT),2,0.2,1.792,1.79,1.79,1.796,2026-07-05 03:16:59 UTC,2026-07-05 03:17:48 UTC,48.52,0.3584,0.0048,0.0,0.0004,0.04,8.37,MIN_PROFIT_TP_HIT,0.0944
656,TRUMP_USDT,LONG,StochasticRSI(MICRO_BURST-LONG),2,0.2,1.789,1.791,1.791,1.785,2026-07-05 03:20:59 UTC,2026-07-05 03:21:43 UTC,43.75,0.3578,0.0048,0.0,0.0004,0.04,8.38,MIN_PROFIT_TP_HIT,0.0948
657,TRUMP_USDT,SHORT,StochasticRSI(MICRO_BURST-SHORT),2,0.2,1.796,1.794,1.794,1.8,2026-07-05 03:26:59 UTC,2026-07-05 03:27:29 UTC,29.92,0.3592,0.0048,0.0,0.0004,0.04,8.35,MIN_PROFIT_TP_HIT,0.0952
658,TRUMP_USDT,LONG,StochasticRSI(MICRO_BURST-LONG),2,0.2,1.767,1.769,1.769,1.763,2026-07-05 03:32:59 UTC,2026-07-05 03:33:00 UTC,0.7,0.3534,0.0047,0.0,0.0004,0.04,8.49,MIN_PROFIT_TP_HIT,0.0956
659,TRUMP_USDT,SHORT,StochasticRSI(MICRO_BURST-SHORT),2,0.2,1.786,1.784,1.784,1.79,2026-07-05 03:41:59 UTC,2026-07-05 03:42:02 UTC,2.35,0.3572,0.0048,0.0,0.0004,0.04,8.4,MIN_PROFIT_TP_HIT,0.096
660,TRUMP_USDT,LONG,StochasticRSI(MICRO_BURST-LONG),2,0.2,1.78,1.782,1.782,1.776,2026-07-05 03:46:59 UTC,2026-07-05 03:50:34 UTC,214.21,0.356,0.0047,0.0,0.0004,0.04,8.43,MIN_PROFIT_TP_HIT,0.0964
661,TRUMP_USDT,SHORT,StochasticRSI(MICRO_BURST-SHORT),2,0.2,1.782,1.78,1.78,1.786,2026-07-05 03:53:59 UTC,2026-07-05 03:56:14 UTC,134.15,0.3564,0.0048,0.0,0.0004,0.04,8.42,MIN_PROFIT_TP_HIT,0.0968
662,TRUMP_USDT,SHORT,StochasticRSI(MICRO_BURST-SHORT),2,0.2,1.771,1.769,1.769,1.775,2026-07-05 03:57:59 UTC,2026-07-05 03:58:15 UTC,15.17,0.3542,0.0047,0.0,0.0004,0.04,8.47,MIN_PROFIT_TP_HIT,0.0972
663,TRUMP_USDT,LONG,StochasticRSI(MICRO_BURST-LONG),2,0.2,1.744,1.746,1.746,1.74,2026-07-05 04:04:59 UTC,2026-07-05 04:05:00 UTC,0.79,0.3488,0.0047,0.0,0.0004,0.04,8.6,MIN_PROFIT_TP_HIT,0.0976
664,TRUMP_USDT,SHORT,StochasticRSI(MICRO_BURST-SHORT),2,0.2,1.745,1.743,1.743,1.749,2026-07-05 04:09:59 UTC,2026-07-05 04:10:48 UTC,48.64,0.349,0.0047,0.0,0.0004,0.04,8.6,MIN_PROFIT_TP_HIT,0.098
665,TRUMP_USDT,SHORT,StochasticRSI(MICRO_BURST-SHORT),2,0.2,1.74,1.738,1.738,1.744,2026-07-05 04:18:59 UTC,2026-07-05 04:19:55 UTC,55.51,0.348,0.0046,0.0,0.0004,0.04,8.62,MIN_PROFIT_TP_HIT,0.0984
666,TRUMP_USDT,SHORT,StochasticRSI(MICRO_BURST-SHORT),2,0.2,1.742,1.746,1.74,1.746,2026-07-05 04:28:59 UTC,2026-07-05 04:34:08 UTC,308.7,0.3484,0.0046,0.0,-0.0008,-0.08,-17.22,STOP_LOSS_HIT,0.0976
667,TRUMP_USDT,LONG,StochasticRSI(MICRO_BURST-LONG),2,0.2,1.742,1.744,1.744,1.738,2026-07-05 04:38:59 UTC,2026-07-05 04:40:44 UTC,104.71,0.3484,0.0046,0.0,0.0004,0.04,8.61,MIN_PROFIT_TP_HIT,0.098
668,TRUMP_USDT,SHORT,StochasticRSI(MICRO_BURST-SHORT),2,0.2,1.741,1.739,1.739,1.745,2026-07-05 04:47:59 UTC,2026-07-05 04:52:12 UTC,252.26,0.3482,0.0046,0.0,0.0004,0.04,8.62,MIN_PROFIT_TP_HIT,0.0984
669,TRUMP_USDT,LONG,StochasticRSI(MICRO_BURST-LONG),2,0.2,1.738,1.74,1.74,1.734,2026-07-05 04:55:59 UTC,2026-07-05 04:56:06 UTC,6.91,0.3476,0.0046,0.0,0.0004,0.04,8.63,MIN_PROFIT_TP_HIT,0.0988
670,TRUMP_USDT,SHORT,StochasticRSI(MICRO_BURST-SHORT),2,0.2,1.738,1.736,1.736,1.742,2026-07-05 05:01:59 UTC,2026-07-05 05:06:04 UTC,244.84,0.3476,0.0046,0.0,0.0004,0.04,8.63,MIN_PROFIT_TP_HIT,0.0992
671,TRUMP_USDT,LONG,StochasticRSI(MICRO_BURST-LONG),2,0.2,1.736,1.738,1.738,1.732,2026-07-05 05:11:59 UTC,2026-07-05 05:12:55 UTC,55.32,0.3472,0.0046,0.0,0.0004,0.04,8.64,MIN_PROFIT_TP_HIT,0.0996
672,TRUMP_USDT,SHORT,StochasticRSI(MICRO_BURST-SHORT),2,0.2,1.74,1.738,1.738,1.744,2026-07-05 05:18:59 UTC,2026-07-05 05:19:26 UTC,26.79,0.348,0.0046,0.0,0.0004,0.04,8.62,MIN_PROFIT_TP_HIT,0.1
673,TRUMP_USDT,LONG,StochasticRSI(MICRO_BURST-LONG),2,0.2,1.738,1.74,1.74,1.734,2026-07-05 05:24:59 UTC,2026-07-05 05:25:33 UTC,33.49,0.3476,0.0046,0.0,0.0004,0.04,8.63,MIN_PROFIT_TP_HIT,0.1004
674,TRUMP_USDT,SHORT,StochasticRSI(MICRO_BURST-SHORT),2,0.2,1.738,1.736,1.736,1.742,2026-07-05 05:30:59 UTC,2026-07-05 05:33:02 UTC,122.96,0.3476,0.0046,0.0,0.0004,0.04,8.63,MIN_PROFIT_TP_HIT,0.1008
675,TRUMP_USDT,LONG,StochasticRSI(MICRO_BURST-LONG),2,0.2,1.74,1.742,1.742,1.736,2026-07-05 05:35:59 UTC,2026-07-05 05:38:35 UTC,155.21,0.348,0.0046,0.0,0.0004,0.04,8.62,MIN_PROFIT_TP_HIT,0.1012
676,TRUMP_USDT,SHORT,StochasticRSI(MICRO_BURST-SHORT),2,0.2,1.739,1.737,1.737,1.743,2026-07-05 05:41:59 UTC,2026-07-05 05:42:16 UTC,16.71,0.3478,0.0046,0.0,0.0004,0.04,8.63,MIN_PROFIT_TP_HIT,0.1016
677,TRUMP_USDT,LONG,StochasticRSI(MICRO_BURST-LONG),2,0.2,1.738,1.74,1.74,1.734,2026-07-05 05:47:59 UTC,2026-07-05 05:51:23 UTC,203.57,0.3476,0.0046,0.0,0.0004,0.04,8.63,MIN_PROFIT_TP_HIT,0.102
678,TRUMP_USDT,SHORT,StochasticRSI(MICRO_BURST-SHORT),2,0.2,1.742,1.74,1.74,1.746,2026-07-05 05:55:59 UTC,2026-07-05 05:57:18 UTC,78.58,0.3484,0.0046,0.0,0.0004,0.04,8.61,MIN_PROFIT_TP_HIT,0.1024
679,TRUMP_USDT,LONG,StochasticRSI(MICRO_BURST-LONG),2,0.2,1.741,1.743,1.743,1.737,2026-07-05 06:05:59 UTC,2026-07-05 06:07:48 UTC,108.37,0.3482,0.0046,0.0,0.0004,0.04,8.62,MIN_PROFIT_TP_HIT,0.1028
680,TRUMP_USDT,SHORT,StochasticRSI(MICRO_BURST-SHORT),2,0.2,1.738,1.742,1.736,1.742,2026-07-05 06:10:59 UTC,2026-07-05 06:12:12 UTC,72.66,0.3476,0.0046,0.0,-0.0008,-0.08,-17.26,STOP_LOSS_HIT,0.102
681,TRUMP_USDT,LONG,StochasticRSI(MICRO_BURST-LONG),2,0.2,1.743,1.739,1.745,1.739,2026-07-05 06:14:59 UTC,2026-07-05 06:17:04 UTC,124.33,0.3486,0.0046,0.0,-0.0008,-0.08,-17.21,STOP_LOSS_HIT,0.1012
682,TRUMP_USDT,LONG,StochasticRSI(MICRO_BURST-LONG),2,0.2,1.733,1.729,1.735,1.729,2026-07-05 06:22:59 UTC,2026-07-05 06:28:18 UTC,318.5,0.3466,0.0046,0.0,-0.0008,-0.08,-17.31,STOP_LOSS_HIT,0.1004
683,TRUMP_USDT,SHORT,StochasticRSI(MICRO_BURST-SHORT),2,0.2,1.73,1.728,1.728,1.734,2026-07-05 06:35:59 UTC,2026-07-05 06:36:17 UTC,17.37,0.346,0.0046,0.0,0.0004,0.04,8.67,MIN_PROFIT_TP_HIT,0.1008
684,TRUMP_USDT,LONG,StochasticRSI(MICRO_BURST-LONG),2,0.2,1.72,1.716,1.722,1.716,2026-07-05 06:40:59 UTC,2026-07-05 06:41:55 UTC,55.37,0.344,0.0046,0.0,-0.0008,-0.08,-17.44,STOP_LOSS_HIT,0.1
685,TRUMP_USDT,SHORT,StochasticRSI(MICRO_BURST-SHORT),2,0.2,1.721,1.719,1.719,1.725,2026-07-05 06:47:59 UTC,2026-07-05 06:48:41 UTC,41.02,0.3442,0.0046,0.0,0.0004,0.04,8.72,MIN_PROFIT_TP_HIT,0.1004
686,TRUMP_USDT,LONG,StochasticRSI(MICRO_BURST-LONG),2,0.2,1.719,1.721,1.721,1.715,2026-07-05 06:53:59 UTC,2026-07-05 06:56:07 UTC,127.09,0.3438,0.0046,0.0,0.0004,0.04,8.73,MIN_PROFIT_TP_HIT,0.1008
687,TRUMP_USDT,SHORT,StochasticRSI(MICRO_BURST-SHORT),2,0.2,1.717,1.721,1.715,1.721,2026-07-05 06:57:59 UTC,2026-07-05 07:05:01 UTC,421.35,0.3434,0.0046,0.0,-0.0008,-0.08,-17.47,STOP_LOSS_HIT,0.1
688,TRUMP_USDT,SHORT,StochasticRSI(MICRO_BURST-SHORT),2,0.2,1.711,1.715,1.709,1.715,2026-07-05 07:15:59 UTC,2026-07-05 07:16:33 UTC,33.15,0.3422,0.0046,0.0,-0.0008,-0.08,-17.53,STOP_LOSS_HIT,0.0992
689,TRUMP_USDT,LONG,StochasticRSI(MICRO_BURST-LONG),2,0.2,1.708,1.704,1.71,1.704,2026-07-05 07:23:59 UTC,2026-07-05 07:26:30 UTC,150.98,0.3416,0.0046,0.0,-0.0008,-0.08,-17.56,STOP_LOSS_HIT,0.0984
690,TRUMP_USDT,SHORT,StochasticRSI(MICRO_BURST-SHORT),2,0.2,1.705,1.709,1.703,1.709,2026-07-05 07:27:59 UTC,2026-07-05 07:33:00 UTC,300.55,0.341,0.0045,0.0,-0.0008,-0.08,-17.6,STOP_LOSS_HIT,0.0976
691,TRUMP_USDT,SHORT,StochasticRSI(MICRO_BURST-SHORT),2,0.2,1.707,1.705,1.705,1.711,2026-07-05 07:37:59 UTC,2026-07-05 07:47:50 UTC,590.07,0.3414,0.0046,0.0,0.0004,0.04,8.79,MIN_PROFIT_TP_HIT,0.098
692,TRUMP_USDT,LONG,StochasticRSI(MICRO_BURST-LONG),2,0.2,1.708,1.71,1.71,1.704,2026-07-05 07:49:59 UTC,2026-07-05 07:50:43 UTC,43.09,0.3416,0.0046,0.0,0.0004,0.04,8.78,MIN_PROFIT_TP_HIT,0.0984
693,TRUMP_USDT,SHORT,StochasticRSI(MICRO_BURST-SHORT),2,0.2,1.709,1.713,1.707,1.713,2026-07-05 07:53:59 UTC,2026-07-05 07:55:02 UTC,62.25,0.3418,0.0046,0.0,-0.0008,-0.08,-17.55,STOP_LOSS_HIT,0.0976
694,TRUMP_USDT,SHORT,StochasticRSI(MICRO_BURST-SHORT),2,0.2,1.71,1.714,1.708,1.714,2026-07-05 07:57:59 UTC,2026-07-05 07:59:28 UTC,88.49,0.342,0.0046,0.0,-0.0008,-0.08,-17.54,STOP_LOSS_HIT,0.0968
695,TRUMP_USDT,LONG,StochasticRSI(MICRO_BURST-LONG),2,0.2,1.707,1.709,1.709,1.703,2026-07-05 08:08:59 UTC,2026-07-05 08:10:20 UTC,80.25,0.3414,0.0046,0.0,0.0004,0.04,8.79,MIN_PROFIT_TP_HIT,0.0972
696,TRUMP_USDT,LONG,StochasticRSI(MICRO_BURST-LONG),2,0.2,1.701,1.703,1.703,1.697,2026-07-05 08:17:59 UTC,2026-07-05 08:18:28 UTC,28.09,0.3402,0.0045,0.0,0.0004,0.04,8.82,MIN_PROFIT_TP_HIT,0.0976
697,TRUMP_USDT,SHORT,StochasticRSI(MICRO_BURST-SHORT),2,0.2,1.706,1.704,1.704,1.71,2026-07-05 08:24:59 UTC,2026-07-05 08:27:14 UTC,134.39,0.3412,0.0045,0.0,0.0004,0.04,8.79,MIN_PROFIT_TP_HIT,0.098
698,TRUMP_USDT,LONG,StochasticRSI(MICRO_BURST-LONG),2,0.2,1.698,1.7,1.7,1.694,2026-07-05 08:37:59 UTC,2026-07-05 08:38:21 UTC,21.81,0.3396,0.0045,0.0,0.0004,0.04,8.83,MIN_PROFIT_TP_HIT,0.0984
699,TRUMP_USDT,SHORT,StochasticRSI(MICRO_BURST-SHORT),2,0.2,1.699,1.703,1.697,1.703,2026-07-05 08:43:59 UTC,2026-07-05 08:45:57 UTC,117.44,0.3398,0.0045,0.0,-0.0008,-0.08,-17.66,STOP_LOSS_HIT,0.0976
700,TRUMP_USDT,SHORT,StochasticRSI(MICRO_BURST-SHORT),2,0.2,1.702,1.7,1.7,1.706,2026-07-05 09:09:59 UTC,2026-07-05 09:10:20 UTC,20.54,0.3404,0.0045,0.0,0.0004,0.04,8.81,MIN_PROFIT_TP_HIT,0.098
701,TRUMP_USDT,LONG,StochasticRSI(MICRO_BURST-LONG),2,0.2,1.698,1.694,1.7,1.694,2026-07-05 09:14:59 UTC,2026-07-05 09:24:20 UTC,560.14,0.3396,0.0045,0.0,-0.0008,-0.08,-17.67,STOP_LOSS_HIT,0.0972
702,TRUMP_USDT,LONG,StochasticRSI(MICRO_BURST-LONG),2,0.2,1.693,1.695,1.695,1.689,2026-07-05 09:29:59 UTC,2026-07-05 09:33:59 UTC,239.08,0.3386,0.0045,0.0,0.0004,0.04,8.86,MIN_PROFIT_TP_HIT,0.0976
703,TRUMP_USDT,SHORT,StochasticRSI(MICRO_BURST-SHORT),2,0.2,1.695,1.693,1.693,1.699,2026-07-05 09:38:59 UTC,2026-07-05 09:39:47 UTC,47.15,0.339,0.0045,0.0,0.0004,0.04,8.85,MIN_PROFIT_TP_HIT,0.098
704,TRUMP_USDT,LONG,StochasticRSI(MICRO_BURST-LONG),2,0.2,1.685,1.687,1.687,1.681,2026-07-05 09:44:59 UTC,2026-07-05 09:45:09 UTC,9.78,0.337,0.0045,0.0,0.0004,0.04,8.9,MIN_PROFIT_TP_HIT,0.0984
705,TRUMP_USDT,SHORT,StochasticRSI(MICRO_BURST-SHORT),2,0.2,1.686,1.69,1.684,1.69,2026-07-05 09:52:59 UTC,2026-07-05 09:55:06 UTC,126.44,0.3372,0.0045,0.0,-0.0008,-0.08,-17.79,STOP_LOSS_HIT,0.0976
706,TRUMP_USDT,SHORT,StochasticRSI(MICRO_BURST-SHORT),2,0.2,1.69,1.688,1.688,1.694,2026-07-05 09:59:59 UTC,2026-07-05 10:00:05 UTC,5.46,0.338,0.0045,0.0,0.0004,0.04,8.88,MIN_PROFIT_TP_HIT,0.098
707,TRUMP_USDT,LONG,StochasticRSI(MICRO_BURST-LONG),2,0.2,1.687,1.689,1.689,1.683,2026-07-05 10:04:59 UTC,2026-07-05 10:06:35 UTC,96.0,0.3374,0.0045,0.0,0.0004,0.04,8.89,MIN_PROFIT_TP_HIT,0.0984
708,TRUMP_USDT,SHORT,StochasticRSI(MICRO_BURST-SHORT),2,0.2,1.694,1.692,1.692,1.698,2026-07-05 10:11:59 UTC,2026-07-05 10:17:33 UTC,333.44,0.3388,0.0045,0.0,0.0004,0.04,8.85,MIN_PROFIT_TP_HIT,0.0988
709,TRUMP_USDT,SHORT,StochasticRSI(MICRO_BURST-SHORT),2,0.2,1.698,1.702,1.696,1.702,2026-07-05 10:34:59 UTC,2026-07-05 10:43:03 UTC,483.73,0.3396,0.0045,0.0,-0.0008,-0.08,-17.67,STOP_LOSS_HIT,0.098
710,TRUMP_USDT,LONG,StochasticRSI(MICRO_BURST-LONG),2,0.2,1.696,1.698,1.698,1.692,2026-07-05 10:51:59 UTC,2026-07-05 10:52:06 UTC,6.29,0.3392,0.0045,0.0,0.0004,0.04,8.84,MIN_PROFIT_TP_HIT,0.0984
711,TRUMP_USDT,LONG,StochasticRSI(MICRO_BURST-LONG),2,0.2,1.698,1.7,1.7,1.694,2026-07-05 11:17:59 UTC,2026-07-05 11:19:12 UTC,72.2,0.3396,0.0045,0.0,0.0004,0.04,8.83,MIN_PROFIT_TP_HIT,0.0988
712,TRUMP_USDT,SHORT,StochasticRSI(MICRO_BURST-SHORT),2,0.2,1.703,1.701,1.701,1.707,2026-07-05 11:24:59 UTC,2026-07-05 11:26:16 UTC,76.91,0.3406,0.0045,0.0,0.0004,0.04,8.81,MIN_PROFIT_TP_HIT,0.0992
713,TRUMP_USDT,LONG,StochasticRSI(MICRO_BURST-LONG),2,0.2,1.699,1.701,1.701,1.695,2026-07-05 11:30:59 UTC,2026-07-05 11:31:27 UTC,27.94,0.3398,0.0045,0.0,0.0004,0.04,8.83,MIN_PROFIT_TP_HIT,0.0996
714,TRUMP_USDT,SHORT,StochasticRSI(MICRO_BURST-SHORT),2,0.2,1.702,1.7,1.7,1.706,2026-07-05 11:38:59 UTC,2026-07-05 11:49:11 UTC,611.77,0.3404,0.0045,0.0,0.0004,0.04,8.81,MIN_PROFIT_TP_HIT,0.1
715,TRUMP_USDT,SHORT,StochasticRSI(MICRO_BURST-SHORT),2,0.2,1.694,1.692,1.692,1.698,2026-07-05 12:01:59 UTC,2026-07-05 12:02:32 UTC,32.6,0.3388,0.0045,0.0,0.0004,0.04,8.85,MIN_PROFIT_TP_HIT,0.1004
716,TRUMP_USDT,LONG,StochasticRSI(MICRO_BURST-LONG),2,0.2,1.693,1.689,1.695,1.689,2026-07-05 12:05:59 UTC,2026-07-05 12:14:15 UTC,495.46,0.3386,0.0045,0.0,-0.0008,-0.08,-17.72,STOP_LOSS_HIT,0.0996
717,TRUMP_USDT,LONG,StochasticRSI(MICRO_BURST-LONG),2,0.2,1.694,1.696,1.696,1.69,2026-07-05 12:15:59 UTC,2026-07-05 12:18:03 UTC,123.3,0.3388,0.0045,0.0,0.0004,0.04,8.85,MIN_PROFIT_TP_HIT,0.1
718,TRUMP_USDT,SHORT,StochasticRSI(MICRO_BURST-SHORT),2,0.2,1.699,1.703,1.697,1.703,2026-07-05 12:24:59 UTC,2026-07-05 12:28:11 UTC,191.29,0.3398,0.0045,0.0,-0.0008,-0.08,-17.66,STOP_LOSS_HIT,0.0992
719,TRUMP_USDT,SHORT,StochasticRSI(MICRO_BURST-SHORT),2,0.2,1.709,1.707,1.707,1.713,2026-07-05 12:33:59 UTC,2026-07-05 12:34:38 UTC,38.21,0.3418,0.0046,0.0,0.0004,0.04,8.78,MIN_PROFIT_TP_HIT,0.0996
720,TRUMP_USDT,LONG,StochasticRSI(MICRO_BURST-LONG),2,0.2,1.717,1.719,1.719,1.713,2026-07-05 12:36:59 UTC,2026-07-05 12:37:32 UTC,32.58,0.3434,0.0046,0.0,0.0004,0.04,8.74,MIN_PROFIT_TP_HIT,0.1
721,TRUMP_USDT,LONG,StochasticRSI(MICRO_BURST-LONG),2,0.2,1.718,1.72,1.72,1.714,2026-07-05 12:45:59 UTC,2026-07-05 12:46:10 UTC,10.53,0.3436,0.0046,0.0,0.0004,0.04,8.73,MIN_PROFIT_TP_HIT,0.1004
722,TRUMP_USDT,LONG,StochasticRSI(MICRO_BURST-LONG),2,0.2,1.722,1.718,1.724,1.718,2026-07-05 12:53:59 UTC,2026-07-05 13:00:57 UTC,417.88,0.3444,0.0046,0.0,-0.0008,-0.08,-17.42,STOP_LOSS_HIT,0.0996
723,TRUMP_USDT,LONG,StochasticRSI(MICRO_BURST-LONG),2,0.2,1.716,1.718,1.718,1.712,2026-07-05 13:03:59 UTC,2026-07-05 13:05:11 UTC,71.85,0.3432,0.0046,0.0,0.0004,0.04,8.74,MIN_PROFIT_TP_HIT,0.1
724,TRUMP_USDT,SHORT,StochasticRSI(MICRO_BURST-SHORT),2,0.2,1.717,1.715,1.715,1.721,2026-07-05 13:23:59 UTC,2026-07-05 13:25:46 UTC,106.94,0.3434,0.0046,0.0,0.0004,0.04,8.74,MIN_PROFIT_TP_HIT,0.1004
725,TRUMP_USDT,SHORT,StochasticRSI(MICRO_BURST-SHORT),2,0.2,1.719,1.723,1.717,1.723,2026-07-05 13:36:59 UTC,2026-07-05 13:38:36 UTC,96.13,0.3438,0.0046,0.0,-0.0008,-0.08,-17.45,STOP_LOSS_HIT,0.0996
726,TRUMP_USDT,LONG,StochasticRSI(MICRO_BURST-LONG),2,0.2,1.717,1.713,1.719,1.713,2026-07-05 13:45:59 UTC,2026-07-05 13:46:31 UTC,31.43,0.3434,0.0046,0.0,-0.0008,-0.08,-17.47,STOP_LOSS_HIT,0.0988
727,TRUMP_USDT,LONG,StochasticRSI(MICRO_BURST-LONG),2,0.2,1.71,1.706,1.712,1.706,2026-07-05 13:51:59 UTC,2026-07-05 14:01:31 UTC,571.24,0.342,0.0046,0.0,-0.0008,-0.08,-17.54,STOP_LOSS_HIT,0.098
728,TRUMP_USDT,LONG,StochasticRSI(MICRO_BURST-LONG),2,0.2,1.695,1.697,1.697,1.691,2026-07-05 14:18:59 UTC,2026-07-05 14:22:37 UTC,217.11,0.339,0.0045,0.0,0.0004,0.04,8.85,MIN_PROFIT_TP_HIT,0.0984
729,TRUMP_USDT,SHORT,StochasticRSI(MICRO_BURST-SHORT),2,0.2,1.695,1.693,1.693,1.699,2026-07-05 14:24:59 UTC,2026-07-05 14:26:26 UTC,86.85,0.339,0.0045,0.0,0.0004,0.04,8.85,MIN_PROFIT_TP_HIT,0.0988
730,TRUMP_USDT,SHORT,StochasticRSI(MICRO_BURST-SHORT),2,0.2,1.689,1.693,1.687,1.693,2026-07-05 14:45:59 UTC,2026-07-05 14:55:19 UTC,559.38,0.3378,0.0045,0.0,-0.0008,-0.08,-17.76,STOP_LOSS_HIT,0.098
731,TRUMP_USDT,SHORT,StochasticRSI(MICRO_BURST-SHORT),2,0.2,1.691,1.695,1.689,1.695,2026-07-05 14:56:59 UTC,2026-07-05 14:59:22 UTC,142.78,0.3382,0.0045,0.0,-0.0008,-0.08,-17.74,STOP_LOSS_HIT,0.0972
732,TRUMP_USDT,SHORT,StochasticRSI(MICRO_BURST-SHORT),2,0.2,1.694,1.698,1.692,1.698,2026-07-05 15:01:59 UTC,2026-07-05 15:03:45 UTC,105.07,0.3388,0.0045,0.0,-0.0008,-0.08,-17.71,STOP_LOSS_HIT,0.0964
733,TRUMP_USDT,LONG,StochasticRSI(MICRO_BURST-LONG),2,0.2,1.697,1.699,1.699,1.693,2026-07-05 15:12:59 UTC,2026-07-05 15:13:08 UTC,8.66,0.3394,0.0045,0.0,0.0004,0.04,8.84,MIN_PROFIT_TP_HIT,0.0968
734,TRUMP_USDT,LONG,StochasticRSI(MICRO_BURST-LONG),2,0.2,1.695,1.697,1.697,1.691,2026-07-05 15:23:59 UTC,2026-07-05 15:25:10 UTC,70.52,0.339,0.0045,0.0,0.0004,0.04,8.85,MIN_PROFIT_TP_HIT,0.0972
735,TRUMP_USDT,SHORT,StochasticRSI(MICRO_BURST-SHORT),2,0.2,1.693,1.691,1.691,1.697,2026-07-05 15:27:59 UTC,2026-07-05 15:29:51 UTC,111.12,0.3386,0.0045,0.0,0.0004,0.04,8.86,MIN_PROFIT_TP_HIT,0.0976
736,TRUMP_USDT,LONG,StochasticRSI(MICRO_BURST-LONG),2,0.2,1.695,1.697,1.697,1.691,2026-07-05 15:32:59 UTC,2026-07-05 15:36:20 UTC,200.24,0.339,0.0045,0.0,0.0004,0.04,8.85,MIN_PROFIT_TP_HIT,0.098
737,TRUMP_USDT,SHORT,StochasticRSI(MICRO_BURST-SHORT),2,0.2,1.691,1.689,1.689,1.695,2026-07-05 15:38:59 UTC,2026-07-05 15:42:47 UTC,227.67,0.3382,0.0045,0.0,0.0004,0.04,8.87,MIN_PROFIT_TP_HIT,0.0984
738,TRUMP_USDT,LONG,StochasticRSI(MICRO_BURST-LONG),2,0.2,1.692,1.694,1.694,1.688,2026-07-05 15:46:59 UTC,2026-07-05 15:56:48 UTC,588.07,0.3384,0.0045,0.0,0.0004,0.04,8.87,MIN_PROFIT_TP_HIT,0.0988
739,TRUMP_USDT,SHORT,StochasticRSI(MICRO_BURST-SHORT),2,0.2,1.695,1.693,1.693,1.699,2026-07-05 15:59:59 UTC,2026-07-05 16:00:04 UTC,4.93,0.339,0.0045,0.0,0.0004,0.04,8.85,MIN_PROFIT_TP_HIT,0.0992
740,TRUMP_USDT,LONG,StochasticRSI(MICRO_BURST-LONG),2,0.2,1.69,1.686,1.692,1.686,2026-07-05 16:05:59 UTC,2026-07-05 16:07:21 UTC,81.69,0.338,0.0045,0.0,-0.0008,-0.08,-17.75,STOP_LOSS_HIT,0.0984
741,TRUMP_USDT,LONG,StochasticRSI(MICRO_BURST-LONG),2,0.2,1.688,1.69,1.69,1.684,2026-07-05 16:11:59 UTC,2026-07-05 16:12:28 UTC,28.94,0.3376,0.0045,0.0,0.0004,0.04,8.89,MIN_PROFIT_TP_HIT,0.0988
742,TRUMP_USDT,SHORT,StochasticRSI(MICRO_BURST-SHORT),2,0.2,1.681,1.679,1.679,1.685,2026-07-05 16:15:59 UTC,2026-07-05 16:19:11 UTC,191.39,0.3362,0.0045,0.0,0.0004,0.04,8.92,MIN_PROFIT_TP_HIT,0.0992
743,TRUMP_USDT,SHORT,StochasticRSI(MICRO_BURST-SHORT),2,0.2,1.688,1.686,1.686,1.692,2026-07-05 16:28:59 UTC,2026-07-05 16:29:45 UTC,45.2,0.3376,0.0045,0.0,0.0004,0.04,8.89,MIN_PROFIT_TP_HIT,0.0996
744,TRUMP_USDT,LONG,StochasticRSI(MICRO_BURST-LONG),2,0.2,1.686,1.688,1.688,1.682,2026-07-05 16:34:59 UTC,2026-07-05 16:36:00 UTC,60.36,0.3372,0.0045,0.0,0.0004,0.04,8.9,MIN_PROFIT_TP_HIT,0.1
745,TRUMP_USDT,LONG,StochasticRSI(MICRO_BURST-LONG),2,0.2,1.687,1.689,1.689,1.683,2026-07-05 16:39:59 UTC,2026-07-05 16:41:33 UTC,93.0,0.3374,0.0045,0.0,0.0004,0.04,8.89,MIN_PROFIT_TP_HIT,0.1004
746,TRUMP_USDT,SHORT,StochasticRSI(MICRO_BURST-SHORT),2,0.2,1.689,1.687,1.687,1.693,2026-07-05 16:47:59 UTC,2026-07-05 16:52:00 UTC,240.76,0.3378,0.0045,0.0,0.0004,0.04,8.88,MIN_PROFIT_TP_HIT,0.1008
747,TRUMP_USDT,LONG,StochasticRSI(MICRO_BURST-LONG),2,0.2,1.687,1.689,1.689,1.683,2026-07-05 16:56:59 UTC,2026-07-05 16:57:09 UTC,9.28,0.3374,0.0045,0.0,0.0004,0.04,8.89,MIN_PROFIT_TP_HIT,0.1012
748,TRUMP_USDT,LONG,StochasticRSI(MICRO_BURST-LONG),2,0.2,1.69,1.692,1.692,1.686,2026-07-05 17:04:59 UTC,2026-07-05 17:15:17 UTC,617.79,0.338,0.0045,0.0,0.0004,0.04,8.88,MIN_PROFIT_TP_HIT,0.1016
749,TRUMP_USDT,SHORT,StochasticRSI(MICRO_BURST-SHORT),2,0.2,1.696,1.694,1.694,1.7,2026-07-05 17:22:59 UTC,2026-07-05 17:28:23 UTC,323.52,0.3392,0.0045,0.0,0.0004,0.04,8.84,MIN_PROFIT_TP_HIT,0.102
750,TRUMP_USDT,LONG,StochasticRSI(MICRO_BURST-LONG),2,0.2,1.691,1.693,1.693,1.687,2026-07-05 17:32:59 UTC,2026-07-05 17:33:02 UTC,2.43,0.3382,0.0045,0.0,0.0004,0.04,8.87,MIN_PROFIT_TP_HIT,0.1024
751,TRUMP_USDT,LONG,StochasticRSI(MICRO_BURST-LONG),2,0.2,1.692,1.694,1.694,1.688,2026-07-05 17:34:59 UTC,2026-07-05 17:35:41 UTC,41.14,0.3384,0.0045,0.0,0.0004,0.04,8.87,MIN_PROFIT_TP_HIT,0.1028
752,TRUMP_USDT,SHORT,StochasticRSI(MICRO_BURST-SHORT),2,0.2,1.692,1.69,1.69,1.696,2026-07-05 17:43:59 UTC,2026-07-05 17:57:04 UTC,784.79,0.3384,0.0045,0.0,0.0004,0.04,8.87,MIN_PROFIT_TP_HIT,0.1032
753,TRUMP_USDT,LONG,StochasticRSI(MICRO_BURST-LONG),2,0.2,1.692,1.694,1.694,1.688,2026-07-05 18:06:59 UTC,2026-07-05 18:14:16 UTC,436.14,0.3384,0.0045,0.0,0.0004,0.04,8.87,MIN_PROFIT_TP_HIT,0.1036
754,TRUMP_USDT,SHORT,StochasticRSI(MICRO_BURST-SHORT),2,0.2,1.693,1.691,1.691,1.697,2026-07-05 18:16:59 UTC,2026-07-05 18:17:43 UTC,43.76,0.3386,0.0045,0.0,0.0004,0.04,8.86,MIN_PROFIT_TP_HIT,0.104
755,TRUMP_USDT,LONG,StochasticRSI(MICRO_BURST-LONG),2,0.2,1.692,1.694,1.694,1.688,2026-07-05 18:21:59 UTC,2026-07-05 18:22:17 UTC,17.25,0.3384,0.0045,0.0,0.0004,0.04,8.87,MIN_PROFIT_TP_HIT,0.1044
756,TRUMP_USDT,LONG,StochasticRSI(MICRO_BURST-LONG),2,0.2,1.693,1.695,1.695,1.689,2026-07-05 18:33:59 UTC,2026-07-05 18:41:31 UTC,451.23,0.3386,0.0045,0.0,0.0004,0.04,8.86,MIN_PROFIT_TP_HIT,0.1048
757,TRUMP_USDT,SHORT,StochasticRSI(MICRO_BURST-SHORT),2,0.2,1.692,1.696,1.69,1.696,2026-07-05 18:43:59 UTC,2026-07-05 18:49:24 UTC,324.81,0.3384,0.0045,0.0,-0.0008,-0.08,-17.73,STOP_LOSS_HIT,0.104
758,TRUMP_USDT,SHORT,StochasticRSI(MICRO_BURST-SHORT),2,0.2,1.701,1.699,1.699,1.705,2026-07-05 18:52:59 UTC,2026-07-05 18:55:41 UTC,161.48,0.3402,0.0045,0.0,0.0004,0.04,8.82,MIN_PROFIT_TP_HIT,0.1044
759,TRUMP_USDT,LONG,StochasticRSI(MICRO_BURST-LONG),2,0.2,1.698,1.7,1.7,1.694,2026-07-05 19:03:59 UTC,2026-07-05 19:04:51 UTC,51.82,0.3396,0.0045,0.0,0.0004,0.04,8.83,MIN_PROFIT_TP_HIT,0.1048
760,TRUMP_USDT,SHORT,StochasticRSI(MICRO_BURST-SHORT),2,0.2,1.698,1.702,1.696,1.702,2026-07-05 19:07:59 UTC,2026-07-05 19:12:47 UTC,287.59,0.3396,0.0045,0.0,-0.0008,-0.08,-17.67,STOP_LOSS_HIT,0.104
761,TRUMP_USDT,LONG,StochasticRSI(MICRO_BURST-LONG),2,0.2,1.702,1.704,1.704,1.698,2026-07-05 19:13:59 UTC,2026-07-05 19:15:22 UTC,82.22,0.3404,0.0045,0.0,0.0004,0.04,8.81,MIN_PROFIT_TP_HIT,0.1044
762,TRUMP_USDT,SHORT,StochasticRSI(MICRO_BURST-SHORT),2,0.2,1.697,1.695,1.695,1.701,2026-07-05 19:17:59 UTC,2026-07-05 19:19:13 UTC,73.47,0.3394,0.0045,0.0,0.0004,0.04,8.84,MIN_PROFIT_TP_HIT,0.1048
763,TRUMP_USDT,LONG,StochasticRSI(MICRO_BURST-LONG),2,0.2,1.694,1.696,1.696,1.69,2026-07-05 19:24:59 UTC,2026-07-05 19:32:14 UTC,434.12,0.3388,0.0045,0.0,0.0004,0.04,8.85,MIN_PROFIT_TP_HIT,0.1052
764,TRUMP_USDT,SHORT,StochasticRSI(MICRO_BURST-SHORT),2,0.2,1.696,1.694,1.694,1.7,2026-07-05 19:34:59 UTC,2026-07-05 19:35:00 UTC,0.65,0.3392,0.0045,0.0,0.0004,0.04,8.84,MIN_PROFIT_TP_HIT,0.1056
765,TRUMP_USDT,LONG,StochasticRSI(MICRO_BURST-LONG),2,0.2,1.696,1.698,1.698,1.692,2026-07-05 19:40:59 UTC,2026-07-05 19:48:05 UTC,425.19,0.3392,0.0045,0.0,0.0004,0.04,8.84,MIN_PROFIT_TP_HIT,0.106
766,TRUMP_USDT,SHORT,StochasticRSI(MICRO_BURST-SHORT),2,0.2,1.697,1.695,1.695,1.701,2026-07-05 19:51:59 UTC,2026-07-05 19:55:49 UTC,229.47,0.3394,0.0045,0.0,0.0004,0.04,8.84,MIN_PROFIT_TP_HIT,0.1064
767,TRUMP_USDT,LONG,StochasticRSI(MICRO_BURST-LONG),2,0.2,1.696,1.698,1.698,1.692,2026-07-05 19:58:59 UTC,2026-07-05 20:03:14 UTC,254.12,0.3392,0.0045,0.0,0.0004,0.04,8.84,MIN_PROFIT_TP_HIT,0.1068
768,TRUMP_USDT,SHORT,StochasticRSI(MICRO_BURST-SHORT),2,0.2,1.701,1.699,1.699,1.705,2026-07-05 20:09:59 UTC,2026-07-05 20:12:59 UTC,179.47,0.3402,0.0045,0.0,0.0004,0.04,8.82,MIN_PROFIT_TP_HIT,0.1072
769,TRUMP_USDT,LONG,StochasticRSI(MICRO_BURST-LONG),2,0.2,1.697,1.699,1.699,1.693,2026-07-05 20:22:59 UTC,2026-07-05 20:24:36 UTC,96.14,0.3394,0.0045,0.0,0.0004,0.04,8.84,MIN_PROFIT_TP_HIT,0.1076
770,TRUMP_USDT,SHORT,StochasticRSI(MICRO_BURST-SHORT),2,0.2,1.697,1.701,1.695,1.701,2026-07-05 20:27:59 UTC,2026-07-05 20:39:08 UTC,668.64,0.3394,0.0045,0.0,-0.0008,-0.08,-17.68,STOP_LOSS_HIT,0.1068
771,TRUMP_USDT,SHORT,StochasticRSI(MICRO_BURST-SHORT),2,0.2,1.7,1.704,1.698,1.704,2026-07-05 20:42:59 UTC,2026-07-05 20:53:57 UTC,657.0,0.34,0.0045,0.0,-0.0008,-0.08,-17.65,STOP_LOSS_HIT,0.106
772,TRUMP_USDT,LONG,StochasticRSI(MICRO_BURST-LONG),2,0.2,1.697,1.699,1.699,1.693,2026-07-05 21:05:59 UTC,2026-07-05 21:06:52 UTC,52.82,0.3394,0.0045,0.0,0.0004,0.04,8.84,MIN_PROFIT_TP_HIT,0.1064
773,TRUMP_USDT,SHORT,StochasticRSI(MICRO_BURST-SHORT),2,0.2,1.705,1.709,1.703,1.709,2026-07-05 21:15:59 UTC,2026-07-05 21:19:30 UTC,210.41,0.341,0.0045,0.0,-0.0008,-0.08,-17.6,STOP_LOSS_HIT,0.1056
774,TRUMP_USDT,SHORT,StochasticRSI(MICRO_BURST-SHORT),2,0.2,1.715,1.713,1.713,1.719,2026-07-05 21:30:59 UTC,2026-07-05 21:32:04 UTC,64.28,0.343,0.0046,0.0,0.0004,0.04,8.75,MIN_PROFIT_TP_HIT,0.106
775,TRUMP_USDT,LONG,StochasticRSI(MICRO_BURST-LONG),2,0.2,1.711,1.713,1.713,1.707,2026-07-05 21:44:59 UTC,2026-07-05 21:46:23 UTC,83.05,0.3422,0.0046,0.0,0.0004,0.04,8.77,MIN_PROFIT_TP_HIT,0.1064
776,TRUMP_USDT,SHORT,StochasticRSI(MICRO_BURST-SHORT),2,0.2,1.715,1.713,1.713,1.719,2026-07-05 21:51:59 UTC,2026-07-05 21:54:07 UTC,127.02,0.343,0.0046,0.0,0.0004,0.04,8.75,MIN_PROFIT_TP_HIT,0.1068
777,TRUMP_USDT,SHORT,StochasticRSI(MICRO_BURST-SHORT),2,0.2,1.713,1.711,1.711,1.717,2026-07-05 21:59:59 UTC,2026-07-05 22:00:06 UTC,6.28,0.3426,0.0046,0.0,0.0004,0.04,8.76,MIN_PROFIT_TP_HIT,0.1072
778,TRUMP_USDT,LONG,StochasticRSI(MICRO_BURST-LONG),2,0.2,1.713,1.709,1.715,1.709,2026-07-05 22:03:59 UTC,2026-07-05 22:04:25 UTC,25.41,0.3426,0.0046,0.0,-0.0008,-0.08,-17.51,STOP_LOSS_HIT,0.1064
779,TRUMP_USDT,LONG,StochasticRSI(MICRO_BURST-LONG),2,0.2,1.711,1.713,1.713,1.707,2026-07-05 22:12:59 UTC,2026-07-05 22:13:40 UTC,40.8,0.3422,0.0046,0.0,0.0004,0.04,8.77,MIN_PROFIT_TP_HIT,0.1068
780,TRUMP_USDT,SHORT,StochasticRSI(MICRO_BURST-SHORT),2,0.2,1.717,1.715,1.715,1.721,2026-07-05 22:16:59 UTC,2026-07-05 22:17:07 UTC,7.41,0.3434,0.0046,0.0,0.0004,0.04,8.74,MIN_PROFIT_TP_HIT,0.1072
781,TRUMP_USDT,LONG,StochasticRSI(MICRO_BURST-LONG),2,0.2,1.722,1.724,1.724,1.718,2026-07-05 22:27:59 UTC,2026-07-05 22:28:24 UTC,24.88,0.3444,0.0046,0.0,0.0004,0.04,8.71,MIN_PROFIT_TP_HIT,0.1076
782,TRUMP_USDT,LONG,StochasticRSI(MICRO_BURST-LONG),2,0.2,1.715,1.717,1.717,1.711,2026-07-05 22:37:59 UTC,2026-07-05 22:39:45 UTC,105.37,0.343,0.0046,0.0,0.0004,0.04,8.75,MIN_PROFIT_TP_HIT,0.108
783,TRUMP_USDT,SHORT,StochasticRSI(MICRO_BURST-SHORT),2,0.2,1.714,1.712,1.712,1.718,2026-07-05 22:49:59 UTC,2026-07-05 22:51:02 UTC,62.47,0.3428,0.0046,0.0,0.0004,0.04,8.75,MIN_PROFIT_TP_HIT,0.1084
784,TRUMP_USDT,LONG,StochasticRSI(MICRO_BURST-LONG),2,0.2,1.714,1.716,1.716,1.71,2026-07-05 22:55:59 UTC,2026-07-05 22:58:08 UTC,128.41,0.3428,0.0046,0.0,0.0004,0.04,8.75,MIN_PROFIT_TP_HIT,0.1088
785,TRUMP_USDT,SHORT,StochasticRSI(MICRO_BURST-SHORT),2,0.2,1.715,1.719,1.713,1.719,2026-07-05 23:01:59 UTC,2026-07-05 23:02:14 UTC,14.93,0.343,0.0046,0.0,-0.0008,-0.08,-17.49,STOP_LOSS_HIT,0.108
786,TRUMP_USDT,LONG,StochasticRSI(MICRO_BURST-LONG),2,0.2,1.714,1.716,1.716,1.71,2026-07-05 23:11:59 UTC,2026-07-05 23:12:05 UTC,5.2,0.3428,0.0046,0.0,0.0004,0.04,8.75,MIN_PROFIT_TP_HIT,0.1084
787,TRUMP_USDT,SHORT,StochasticRSI(MICRO_BURST-SHORT),2,0.2,1.716,1.72,1.714,1.72,2026-07-05 23:17:59 UTC,2026-07-05 23:21:46 UTC,226.52,0.3432,0.0046,0.0,-0.0008,-0.08,-17.48,STOP_LOSS_HIT,0.1076
788,TRUMP_USDT,LONG,StochasticRSI(MICRO_BURST-LONG),2,0.2,1.714,1.716,1.716,1.71,2026-07-05 23:27:59 UTC,2026-07-05 23:28:05 UTC,5.75,0.3428,0.0046,0.0,0.0004,0.04,8.75,MIN_PROFIT_TP_HIT,0.108
789,TRUMP_USDT,LONG,StochasticRSI(MICRO_BURST-LONG),2,0.2,1.713,1.709,1.715,1.709,2026-07-05 23:42:59 UTC,2026-07-05 23:46:56 UTC,236.51,0.3426,0.0046,0.0,-0.0008,-0.08,-17.51,STOP_LOSS_HIT,0.1072
790,TRUMP_USDT,LONG,StochasticRSI(MICRO_BURST-LONG),2,0.2,1.707,1.709,1.709,1.703,2026-07-05 23:50:59 UTC,2026-07-05 23:51:39 UTC,39.15,0.3414,0.0046,0.0,0.0004,0.04,8.79,MIN_PROFIT_TP_HIT,0.1076
791,TRUMP_USDT,LONG,StochasticRSI(MICRO_BURST-LONG),2,0.2,1.693,1.689,1.695,1.689,2026-07-06 00:07:59 UTC,2026-07-06 00:08:40 UTC,40.53,0.3386,0.0045,0.0,-0.0008,-0.08,-17.72,STOP_LOSS_HIT,0.1068
792,TRUMP_USDT,LONG,StochasticRSI(MICRO_BURST-LONG),2,0.2,1.686,1.688,1.688,1.682,2026-07-06 00:10:59 UTC,2026-07-06 00:11:06 UTC,6.86,0.3372,0.0045,0.0,0.0004,0.04,8.9,MIN_PROFIT_TP_HIT,0.1072
793,TRUMP_USDT,SHORT,StochasticRSI(MICRO_BURST-SHORT),2,0.2,1.697,1.695,1.695,1.701,2026-07-06 00:17:59 UTC,2026-07-06 00:19:12 UTC,72.88,0.3394,0.0045,0.0,0.0004,0.04,8.84,MIN_PROFIT_TP_HIT,0.1076
794,TRUMP_USDT,LONG,StochasticRSI(MICRO_BURST-LONG),2,0.2,1.692,1.688,1.694,1.688,2026-07-06 00:27:59 UTC,2026-07-06 00:28:27 UTC,27.17,0.3384,0.0045,0.0,-0.0008,-0.08,-17.73,STOP_LOSS_HIT,0.1068
795,TRUMP_USDT,SHORT,StochasticRSI(MICRO_BURST-SHORT),2,0.2,1.687,1.691,1.685,1.691,2026-07-06 00:30:59 UTC,2026-07-06 00:32:25 UTC,85.47,0.3374,0.0045,0.0,-0.0008,-0.08,-17.78,STOP_LOSS_HIT,0.106
796,TRUMP_USDT,SHORT,StochasticRSI(MICRO_BURST-SHORT),2,0.2,1.691,1.695,1.689,1.695,2026-07-06 00:39:59 UTC,2026-07-06 00:40:44 UTC,44.4,0.3382,0.0045,0.0,-0.0008,-0.08,-17.74,STOP_LOSS_HIT,0.1052
797,TRUMP_USDT,SHORT,StochasticRSI(MICRO_BURST-SHORT),2,0.2,1.694,1.698,1.692,1.698,2026-07-06 00:42:59 UTC,2026-07-06 00:43:53 UTC,53.28,0.3388,0.0045,0.0,-0.0008,-0.08,-17.71,STOP_LOSS_HIT,0.1044
798,TRUMP_USDT,SHORT,StochasticRSI(MICRO_BURST-SHORT),2,0.2,1.701,1.699,1.699,1.705,2026-07-06 00:52:59 UTC,2026-07-06 00:53:22 UTC,22.07,0.3402,0.0045,0.0,0.0004,0.04,8.82,MIN_PROFIT_TP_HIT,0.1048
799,TRUMP_USDT,LONG,StochasticRSI(MICRO_BURST-LONG),2,0.2,1.698,1.7,1.7,1.694,2026-07-06 00:57:59 UTC,2026-07-06 00:58:37 UTC,37.54,0.3396,0.0045,0.0,0.0004,0.04,8.83,MIN_PROFIT_TP_HIT,0.1052
800,TRUMP_USDT,SHORT,StochasticRSI(MICRO_BURST-SHORT),2,0.2,1.7,1.698,1.698,1.704,2026-07-06 01:03:59 UTC,2026-07-06 01:05:50 UTC,110.36,0.34,0.0045,0.0,0.0004,0.04,8.82,MIN_PROFIT_TP_HIT,0.1056
801,TRUMP_USDT,LONG,StochasticRSI(MICRO_BURST-LONG),2,0.2,1.701,1.697,1.703,1.697,2026-07-06 01:09:59 UTC,2026-07-06 01:11:06 UTC,66.07,0.3402,0.0045,0.0,-0.0008,-0.08,-17.64,STOP_LOSS_HIT,0.1048
802,TRUMP_USDT,LONG,StochasticRSI(MICRO_BURST-LONG),2,0.2,1.694,1.696,1.696,1.69,2026-07-06 01:26:59 UTC,2026-07-06 01:28:08 UTC,68.17,0.3388,0.0045,0.0,0.0004,0.04,8.85,MIN_PROFIT_TP_HIT,0.1052
803,TRUMP_USDT,LONG,StochasticRSI(MICRO_BURST-LONG),2,0.2,1.695,1.697,1.697,1.691,2026-07-06 01:29:59 UTC,2026-07-06 01:31:08 UTC,68.08,0.339,0.0045,0.0,0.0004,0.04,8.85,MIN_PROFIT_TP_HIT,0.1056
804,TRUMP_USDT,SHORT,StochasticRSI(MICRO_BURST-SHORT),2,0.2,1.702,1.7,1.7,1.706,2026-07-06 01:35:59 UTC,2026-07-06 01:38:11 UTC,131.16,0.3404,0.0045,0.0,0.0004,0.04,8.81,MIN_PROFIT_TP_HIT,0.106
805,TRUMP_USDT,LONG,StochasticRSI(MICRO_BURST-LONG),2,0.2,1.701,1.697,1.703,1.697,2026-07-06 01:42:59 UTC,2026-07-06 01:45:00 UTC,120.63,0.3402,0.0045,0.0,-0.0008,-0.08,-17.64,STOP_LOSS_HIT,0.1052
806,TRUMP_USDT,LONG,StochasticRSI(MICRO_BURST-LONG),2,0.2,1.698,1.694,1.7,1.694,2026-07-06 01:48:59 UTC,2026-07-06 01:51:22 UTC,142.16,0.3396,0.0045,0.0,-0.0008,-0.08,-17.67,STOP_LOSS_HIT,0.1044
807,TRUMP_USDT,LONG,StochasticRSI(MICRO_BURST-LONG),2,0.2,1.693,1.695,1.695,1.689,2026-07-06 01:56:59 UTC,2026-07-06 02:00:17 UTC,197.66,0.3386,0.0045,0.0,0.0004,0.04,8.86,MIN_PROFIT_TP_HIT,0.1048
808,TRUMP_USDT,SHORT,StochasticRSI(MICRO_BURST-SHORT),2,0.2,1.692,1.69,1.69,1.696,2026-07-06 02:03:59 UTC,2026-07-06 02:04:32 UTC,32.85,0.3384,0.0045,0.0,0.0004,0.04,8.87,MIN_PROFIT_TP_HIT,0.1052
809,TRUMP_USDT,LONG,StochasticRSI(MICRO_BURST-LONG),2,0.2,1.681,1.683,1.683,1.677,2026-07-06 02:11:59 UTC,2026-07-06 02:12:14 UTC,14.16,0.3362,0.0045,0.0,0.0004,0.04,8.92,MIN_PROFIT_TP_HIT,0.1056
810,TRUMP_USDT,SHORT,StochasticRSI(MICRO_BURST-SHORT),2,0.2,1.682,1.686,1.68,1.686,2026-07-06 02:15:59 UTC,2026-07-06 02:16:52 UTC,52.17,0.3364,0.0045,0.0,-0.0008,-0.08,-17.84,STOP_LOSS_HIT,0.1048
811,TRUMP_USDT,SHORT,StochasticRSI(MICRO_BURST-SHORT),2,0.2,1.688,1.686,1.686,1.692,2026-07-06 02:28:59 UTC,2026-07-06 02:30:03 UTC,63.86,0.3376,0.0045,0.0,0.0004,0.04,8.89,MIN_PROFIT_TP_HIT,0.1052
812,TRUMP_USDT,LONG,StochasticRSI(MICRO_BURST-LONG),2,0.2,1.687,1.689,1.689,1.683,2026-07-06 02:32:59 UTC,2026-07-06 02:37:14 UTC,254.51,0.3374,0.0045,0.0,0.0004,0.04,8.89,MIN_PROFIT_TP_HIT,0.1056
813,TRUMP_USDT,LONG,StochasticRSI(MICRO_BURST-LONG),2,0.2,1.683,1.685,1.685,1.679,2026-07-06 02:44:59 UTC,2026-07-06 02:45:19 UTC,19.53,0.3366,0.0045,0.0,0.0004,0.04,8.91,MIN_PROFIT_TP_HIT,0.106
814,TRUMP_USDT,SHORT,StochasticRSI(MICRO_BURST-SHORT),2,0.2,1.684,1.682,1.682,1.688,2026-07-06 02:57:59 UTC,2026-07-06 03:01:07 UTC,187.71,0.3368,0.0045,0.0,0.0004,0.04,8.91,MIN_PROFIT_TP_HIT,0.1064
815,TRUMP_USDT,LONG,StochasticRSI(MICRO_BURST-LONG),2,0.2,1.684,1.686,1.686,1.68,2026-07-06 03:05:59 UTC,2026-07-06 03:11:09 UTC,309.25,0.3368,0.0045,0.0,0.0004,0.04,8.91,MIN_PROFIT_TP_HIT,0.1068
816,TRUMP_USDT,SHORT,StochasticRSI(MICRO_BURST-SHORT),2,0.2,1.684,1.688,1.682,1.688,2026-07-06 03:14:59 UTC,2026-07-06 03:17:25 UTC,145.49,0.3368,0.0045,0.0,-0.0008,-0.08,-17.81,STOP_LOSS_HIT,0.106
817,TRUMP_USDT,LONG,StochasticRSI(MICRO_BURST-LONG),2,0.2,1.68,1.682,1.682,1.676,2026-07-06 03:26:59 UTC,2026-07-06 03:27:05 UTC,5.38,0.336,0.0045,0.0,0.0004,0.04,8.93,MIN_PROFIT_TP_HIT,0.1064
818,TRUMP_USDT,SHORT,StochasticRSI(MICRO_BURST-SHORT),2,0.2,1.673,1.671,1.671,1.677,2026-07-06 03:39:59 UTC,2026-07-06 03:40:44 UTC,44.81,0.3346,0.0045,0.0,0.0004,0.04,8.97,MIN_PROFIT_TP_HIT,0.1068
819,TRUMP_USDT,LONG,StochasticRSI(MICRO_BURST-LONG),2,0.2,1.666,1.668,1.668,1.662,2026-07-06 03:46:59 UTC,2026-07-06 03:47:43 UTC,43.1,0.3332,0.0044,0.0,0.0004,0.04,9.0,MIN_PROFIT_TP_HIT,0.1072
820,TRUMP_USDT,SHORT,StochasticRSI(MICRO_BURST-SHORT),2,0.2,1.667,1.671,1.665,1.671,2026-07-06 03:55:59 UTC,2026-07-06 03:59:48 UTC,228.48,0.3334,0.0044,0.0,-0.0008,-0.08,-18.0,STOP_LOSS_HIT,0.1064
821,TRUMP_USDT,SHORT,StochasticRSI(MICRO_BURST-SHORT),2,0.2,1.668,1.666,1.666,1.672,2026-07-06 04:01:59 UTC,2026-07-06 04:07:38 UTC,338.63,0.3336,0.0044,0.0,0.0004,0.04,8.99,MIN_PROFIT_TP_HIT,0.1068
822,TRUMP_USDT,LONG,StochasticRSI(MICRO_BURST-LONG),2,0.2,1.668,1.67,1.67,1.664,2026-07-06 04:11:59 UTC,2026-07-06 04:13:03 UTC,63.43,0.3336,0.0044,0.0,0.0004,0.04,8.99,MIN_PROFIT_TP_HIT,0.1072
823,TRUMP_USDT,SHORT,StochasticRSI(MICRO_BURST-SHORT),2,0.2,1.671,1.669,1.669,1.675,2026-07-06 04:16:59 UTC,2026-07-06 04:25:01 UTC,481.74,0.3342,0.0045,0.0,0.0004,0.04,8.98,MIN_PROFIT_TP_HIT,0.1076
824,TRUMP_USDT,LONG,StochasticRSI(MICRO_BURST-LONG),2,0.2,1.672,1.674,1.674,1.668,2026-07-06 04:30:59 UTC,2026-07-06 04:34:02 UTC,182.34,0.3344,0.0045,0.0,0.0004,0.04,8.97,MIN_PROFIT_TP_HIT,0.108
825,TRUMP_USDT,SHORT,StochasticRSI(MICRO_BURST-SHORT),2,0.2,1.67,1.674,1.668,1.674,2026-07-06 04:36:59 UTC,2026-07-06 04:41:26 UTC,266.34,0.334,0.0045,0.0,-0.0008,-0.08,-17.96,STOP_LOSS_HIT,0.1072
826,TRUMP_USDT,LONG,StochasticRSI(MICRO_BURST-LONG),2,0.2,1.672,1.674,1.674,1.668,2026-07-06 04:49:59 UTC,2026-07-06 04:52:03 UTC,123.99,0.3344,0.0045,0.0,0.0004,0.04,8.97,MIN_PROFIT_TP_HIT,0.1076
827,TRUMP_USDT,SHORT,StochasticRSI(MICRO_BURST-SHORT),2,0.2,1.676,1.674,1.674,1.68,2026-07-06 04:56:59 UTC,2026-07-06 04:57:41 UTC,41.05,0.3352,0.0045,0.0,0.0004,0.04,8.95,MIN_PROFIT_TP_HIT,0.108
828,TRUMP_USDT,LONG,StochasticRSI(MICRO_BURST-LONG),2,0.2,1.664,1.66,1.666,1.66,2026-07-06 05:06:59 UTC,2026-07-06 05:08:23 UTC,83.98,0.3328,0.0044,0.0,-0.0008,-0.08,-18.03,STOP_LOSS_HIT,0.1072
829,TRUMP_USDT,SHORT,StochasticRSI(MICRO_BURST-SHORT),2,0.2,1.663,1.661,1.661,1.667,2026-07-06 05:16:59 UTC,2026-07-06 05:18:05 UTC,65.68,0.3326,0.0044,0.0,0.0004,0.04,9.02,MIN_PROFIT_TP_HIT,0.1076
830,TRUMP_USDT,SHORT,StochasticRSI(MICRO_BURST-SHORT),2,0.2,1.661,1.659,1.659,1.665,2026-07-06 05:20:59 UTC,2026-07-06 05:21:47 UTC,47.35,0.3322,0.0044,0.0,0.0004,0.04,9.03,MIN_PROFIT_TP_HIT,0.108
831,TRUMP_USDT,LONG,StochasticRSI(MICRO_BURST-LONG),2,0.2,1.656,1.658,1.658,1.652,2026-07-06 05:32:59 UTC,2026-07-06 05:33:15 UTC,15.67,0.3312,0.0044,0.0,0.0004,0.04,9.06,MIN_PROFIT_TP_HIT,0.1084
832,TRUMP_USDT,SHORT,StochasticRSI(MICRO_BURST-SHORT),2,0.2,1.662,1.666,1.66,1.666,2026-07-06 05:39:59 UTC,2026-07-06 05:43:19 UTC,199.49,0.3324,0.0044,0.0,-0.0008,-0.08,-18.05,STOP_LOSS_HIT,0.1076
833,TRUMP_USDT,LONG,StochasticRSI(MICRO_BURST-LONG),2,0.2,1.663,1.665,1.665,1.659,2026-07-06 05:49:59 UTC,2026-07-06 05:50:31 UTC,31.41,0.3326,0.0044,0.0,0.0004,0.04,9.02,MIN_PROFIT_TP_HIT,0.108
834,TRUMP_USDT,LONG,StochasticRSI(MICRO_BURST-LONG),2,0.2,1.661,1.663,1.663,1.657,2026-07-06 05:51:59 UTC,2026-07-06 05:53:19 UTC,79.87,0.3322,0.0044,0.0,0.0004,0.04,9.03,MIN_PROFIT_TP_HIT,0.1084
835,TRUMP_USDT,SHORT,StochasticRSI(MICRO_BURST-SHORT),2,0.2,1.664,1.662,1.662,1.668,2026-07-06 05:58:59 UTC,2026-07-06 06:06:31 UTC,451.52,0.3328,0.0044,0.0,0.0004,0.04,9.01,MIN_PROFIT_TP_HIT,0.1088
836,TRUMP_USDT,LONG,StochasticRSI(MICRO_BURST-LONG),2,0.2,1.663,1.665,1.665,1.659,2026-07-06 06:08:59 UTC,2026-07-06 06:09:23 UTC,23.26,0.3326,0.0044,0.0,0.0004,0.04,9.02,MIN_PROFIT_TP_HIT,0.1092
837,TRUMP_USDT,LONG,StochasticRSI(MICRO_BURST-LONG),2,0.2,1.659,1.661,1.661,1.655,2026-07-06 06:20:59 UTC,2026-07-06 06:21:42 UTC,42.96,0.3318,0.0044,0.0,0.0004,0.04,9.04,MIN_PROFIT_TP_HIT,0.1096
838,TRUMP_USDT,SHORT,StochasticRSI(MICRO_BURST-SHORT),2,0.2,1.663,1.661,1.661,1.667,2026-07-06 06:26:59 UTC,2026-07-06 06:27:03 UTC,3.34,0.3326,0.0044,0.0,0.0004,0.04,9.02,MIN_PROFIT_TP_HIT,0.11
839,TRUMP_USDT,LONG,StochasticRSI(MICRO_BURST-LONG),2,0.2,1.661,1.663,1.663,1.657,2026-07-06 06:36:59 UTC,2026-07-06 06:37:11 UTC,11.63,0.3322,0.0044,0.0,0.0004,0.04,9.03,MIN_PROFIT_TP_HIT,0.1104
840,TRUMP_USDT,SHORT,StochasticRSI(MICRO_BURST-SHORT),2,0.2,1.662,1.66,1.66,1.666,2026-07-06 06:46:59 UTC,2026-07-06 06:47:30 UTC,30.07,0.3324,0.0044,0.0,0.0004,0.04,9.03,MIN_PROFIT_TP_HIT,0.1108
841,TRUMP_USDT,LONG,StochasticRSI(MICRO_BURST-LONG),2,0.2,1.661,1.663,1.663,1.657,2026-07-06 06:49:59 UTC,2026-07-06 06:50:00 UTC,0.46,0.3322,0.0044,0.0,0.0004,0.04,9.03,MIN_PROFIT_TP_HIT,0.1112
842,TRUMP_USDT,LONG,StochasticRSI(MICRO_BURST-LONG),2,0.2,1.661,1.663,1.663,1.657,2026-07-06 07:00:59 UTC,2026-07-06 07:05:09 UTC,249.07,0.3322,0.0044,0.0,0.0004,0.04,9.03,MIN_PROFIT_TP_HIT,0.1116
843,TRUMP_USDT,LONG,StochasticRSI(MICRO_BURST-LONG),2,0.2,1.662,1.664,1.664,1.658,2026-07-06 07:20:59 UTC,2026-07-06 07:22:05 UTC,65.16,0.3324,0.0044,0.0,0.0004,0.04,9.03,MIN_PROFIT_TP_HIT,0.112
844,TRUMP_USDT,SHORT,StochasticRSI(MICRO_BURST-SHORT),2,0.2,1.664,1.662,1.662,1.668,2026-07-06 07:26:59 UTC,2026-07-06 07:27:18 UTC,18.4,0.3328,0.0044,0.0,0.0004,0.04,9.01,MIN_PROFIT_TP_HIT,0.1124
845,TRUMP_USDT,LONG,StochasticRSI(MICRO_BURST-LONG),2,0.2,1.662,1.664,1.664,1.658,2026-07-06 07:32:59 UTC,2026-07-06 07:34:21 UTC,81.44,0.3324,0.0044,0.0,0.0004,0.04,9.03,MIN_PROFIT_TP_HIT,0.1128
846,TRUMP_USDT,SHORT,StochasticRSI(MICRO_BURST-SHORT),2,0.2,1.665,1.669,1.663,1.669,2026-07-06 07:37:59 UTC,2026-07-06 07:43:53 UTC,353.22,0.333,0.0044,0.0,-0.0008,-0.08,-18.02,STOP_LOSS_HIT,0.112
847,TRUMP_USDT,SHORT,StochasticRSI(MICRO_BURST-SHORT),2,0.2,1.672,1.67,1.67,1.676,2026-07-06 07:52:59 UTC,2026-07-06 07:53:07 UTC,7.52,0.3344,0.0045,0.0,0.0004,0.04,8.97,MIN_PROFIT_TP_HIT,0.1124
848,TRUMP_USDT,LONG,StochasticRSI(MICRO_BURST-LONG),2,0.2,1.671,1.667,1.673,1.667,2026-07-06 07:56:59 UTC,2026-07-06 07:59:26 UTC,146.06,0.3342,0.0045,0.0,-0.0008,-0.08,-17.95,STOP_LOSS_HIT,0.1116
849,TRUMP_USDT,LONG,StochasticRSI(MICRO_BURST-LONG),2,0.2,1.669,1.671,1.671,1.665,2026-07-06 08:01:59 UTC,2026-07-06 08:05:56 UTC,236.28,0.3338,0.0045,0.0,0.0004,0.04,8.99,MIN_PROFIT_TP_HIT,0.112
850,TRUMP_USDT,LONG,StochasticRSI(MICRO_BURST-LONG),2,0.2,1.667,1.663,1.669,1.663,2026-07-06 08:14:59 UTC,2026-07-06 08:16:40 UTC,100.08,0.3334,0.0044,0.0,-0.0008,-0.08,-18.0,STOP_LOSS_HIT,0.1112
851,TRUMP_USDT,SHORT,StochasticRSI(MICRO_BURST-SHORT),2,0.2,1.666,1.664,1.664,1.67,2026-07-06 08:31:59 UTC,2026-07-06 08:32:01 UTC,1.27,0.3332,0.0044,0.0,0.0004,0.04,9.0,MIN_PROFIT_TP_HIT,0.1116
852,TRUMP_USDT,LONG,StochasticRSI(MICRO_BURST-LONG),2,0.2,1.659,1.661,1.661,1.655,2026-07-06 08:39:59 UTC,2026-07-06 08:41:10 UTC,70.68,0.3318,0.0044,0.0,0.0004,0.04,9.04,MIN_PROFIT_TP_HIT,0.112
853,TRUMP_USDT,SHORT,StochasticRSI(MICRO_BURST-SHORT),2,0.2,1.661,1.665,1.659,1.665,2026-07-06 08:44:59 UTC,2026-07-06 08:58:26 UTC,806.29,0.3322,0.0044,0.0,-0.0008,-0.08,-18.06,STOP_LOSS_HIT,0.1112
854,TRUMP_USDT,SHORT,StochasticRSI(MICRO_BURST-SHORT),2,0.2,1.663,1.661,1.661,1.667,2026-07-06 09:01:59 UTC,2026-07-06 09:11:03 UTC,543.23,0.3326,0.0044,0.0,0.0004,0.04,9.02,MIN_PROFIT_TP_HIT,0.1116
855,TRUMP_USDT,SHORT,StochasticRSI(MICRO_BURST-SHORT),2,0.2,1.661,1.665,1.659,1.665,2026-07-06 09:21:59 UTC,2026-07-06 09:29:08 UTC,428.63,0.3322,0.0044,0.0,-0.0008,-0.08,-18.06,STOP_LOSS_HIT,0.1108
856,TRUMP_USDT,SHORT,StochasticRSI(MICRO_BURST-SHORT),2,0.2,1.665,1.663,1.663,1.669,2026-07-06 09:33:59 UTC,2026-07-06 09:36:36 UTC,156.13,0.333,0.0044,0.0,0.0004,0.04,9.01,MIN_PROFIT_TP_HIT,0.1112
857,TRUMP_USDT,LONG,StochasticRSI(MICRO_BURST-LONG),2,0.2,1.662,1.664,1.664,1.658,2026-07-06 09:39:59 UTC,2026-07-06 09:40:56 UTC,56.08,0.3324,0.0044,0.0,0.0004,0.04,9.03,MIN_PROFIT_TP_HIT,0.1116
858,TRUMP_USDT,SHORT,StochasticRSI(MICRO_BURST-SHORT),2,0.2,1.665,1.663,1.663,1.669,2026-07-06 09:47:59 UTC,2026-07-06 09:49:22 UTC,82.44,0.333,0.0044,0.0,0.0004,0.04,9.01,MIN_PROFIT_TP_HIT,0.112
859,TRUMP_USDT,LONG,StochasticRSI(MICRO_BURST-LONG),2,0.2,1.664,1.666,1.666,1.66,2026-07-06 09:59:59 UTC,2026-07-06 10:03:23 UTC,203.24,0.3328,0.0044,0.0,0.0004,0.04,9.01,MIN_PROFIT_TP_HIT,0.1124
860,TRUMP_USDT,SHORT,StochasticRSI(MICRO_BURST-SHORT),2,0.2,1.667,1.665,1.665,1.671,2026-07-06 10:16:59 UTC,2026-07-06 10:17:56 UTC,56.26,0.3334,0.0044,0.0,0.0004,0.04,9.0,MIN_PROFIT_TP_HIT,0.1128
861,TRUMP_USDT,LONG,StochasticRSI(MICRO_BURST-LONG),2,0.2,1.665,1.667,1.667,1.661,2026-07-06 10:21:59 UTC,2026-07-06 10:32:13 UTC,613.57,0.333,0.0044,0.0,0.0004,0.04,9.01,MIN_PROFIT_TP_HIT,0.1132
862,TRUMP_USDT,SHORT,StochasticRSI(MICRO_BURST-SHORT),2,0.2,1.674,1.672,1.672,1.678,2026-07-06 10:39:59 UTC,2026-07-06 10:40:09 UTC,9.29,0.3348,0.0045,0.0,0.0004,0.04,8.96,MIN_PROFIT_TP_HIT,0.1136
863,TRUMP_USDT,LONG,StochasticRSI(MICRO_BURST-LONG),2,0.2,1.674,1.676,1.676,1.67,2026-07-06 10:45:59 UTC,2026-07-06 10:46:07 UTC,7.55,0.3348,0.0045,0.0,0.0004,0.04,8.96,MIN_PROFIT_TP_HIT,0.114
864,TRUMP_USDT,LONG,StochasticRSI(MICRO_BURST-LONG),2,0.2,1.671,1.667,1.673,1.667,2026-07-06 10:53:59 UTC,2026-07-06 11:13:56 UTC,1196.12,0.3342,0.0045,0.0,-0.0008,-0.08,-17.95,STOP_LOSS_HIT,0.1132
865,TRUMP_USDT,LONG,StochasticRSI(MICRO_BURST-LONG),2,0.2,1.665,1.667,1.667,1.661,2026-07-06 11:17:59 UTC,2026-07-06 11:18:13 UTC,13.11,0.333,0.0044,0.0,0.0004,0.04,9.01,MIN_PROFIT_TP_HIT,0.1136
866,TRUMP_USDT,LONG,StochasticRSI(MICRO_BURST-LONG),2,0.2,1.668,1.67,1.67,1.664,2026-07-06 11:19:59 UTC,2026-07-06 11:22:51 UTC,171.17,0.3336,0.0044,0.0,0.0004,0.04,8.99,MIN_PROFIT_TP_HIT,0.114
867,TRUMP_USDT,SHORT,StochasticRSI(MICRO_BURST-SHORT),2,0.2,1.672,1.67,1.67,1.676,2026-07-06 11:23:59 UTC,2026-07-06 11:24:49 UTC,49.66,0.3344,0.0045,0.0,0.0004,0.04,8.97,MIN_PROFIT_TP_HIT,0.1144
868,TRUMP_USDT,SHORT,StochasticRSI(MICRO_BURST-SHORT),2,0.2,1.672,1.67,1.67,1.676,2026-07-06 11:25:59 UTC,2026-07-06 11:26:02 UTC,2.52,0.3344,0.0045,0.0,0.0004,0.04,8.97,MIN_PROFIT_TP_HIT,0.1148
869,TRUMP_USDT,SHORT,StochasticRSI(MICRO_BURST-SHORT),2,0.2,1.675,1.673,1.673,1.679,2026-07-06 11:36:59 UTC,2026-07-06 11:42:08 UTC,308.16,0.335,0.0045,0.0,0.0004,0.04,8.96,MIN_PROFIT_TP_HIT,0.1152
870,TRUMP_USDT,LONG,StochasticRSI(MICRO_BURST-LONG),2,0.2,1.676,1.678,1.678,1.672,2026-07-06 11:43:59 UTC,2026-07-06 11:46:03 UTC,123.3,0.3352,0.0045,0.0,0.0004,0.04,8.95,MIN_PROFIT_TP_HIT,0.1156
871,TRUMP_USDT,SHORT,StochasticRSI(MICRO_BURST-SHORT),2,0.2,1.674,1.672,1.672,1.678,2026-07-06 11:47:59 UTC,2026-07-06 11:50:24 UTC,144.75,0.3348,0.0045,0.0,0.0004,0.04,8.96,MIN_PROFIT_TP_HIT,0.116
872,TRUMP_USDT,LONG,StochasticRSI(MICRO_BURST-LONG),2,0.2,1.672,1.674,1.674,1.668,2026-07-06 11:52:59 UTC,2026-07-06 11:55:08 UTC,128.68,0.3344,0.0045,0.0,0.0004,0.04,8.97,MIN_PROFIT_TP_HIT,0.1164
873,TRUMP_USDT,LONG,StochasticRSI(MICRO_BURST-LONG),2,0.2,1.637,1.633,1.639,1.633,2026-07-06 12:06:59 UTC,2026-07-06 12:07:26 UTC,26.62,0.3274,0.0044,0.0,-0.0008,-0.08,-18.33,STOP_LOSS_HIT,0.1156
874,TRUMP_USDT,SHORT,StochasticRSI(MICRO_BURST-SHORT),2,0.2,1.645,1.649,1.643,1.649,2026-07-06 12:14:59 UTC,2026-07-06 12:16:01 UTC,61.51,0.329,0.0044,0.0,-0.0008,-0.08,-18.24,STOP_LOSS_HIT,0.1148
875,TRUMP_USDT,SHORT,StochasticRSI(MICRO_BURST-SHORT),2,0.2,1.649,1.647,1.647,1.653,2026-07-06 12:21:59 UTC,2026-07-06 12:22:26 UTC,26.59,0.3298,0.0044,0.0,0.0004,0.04,9.1,MIN_PROFIT_TP_HIT,0.1152
876,TRUMP_USDT,SHORT,StochasticRSI(MICRO_BURST-SHORT),2,0.2,1.655,1.653,1.653,1.659,2026-07-06 12:34:59 UTC,2026-07-06 12:36:16 UTC,76.91,0.331,0.0044,0.0,0.0004,0.04,9.06,MIN_PROFIT_TP_HIT,0.1156
877,TRUMP_USDT,LONG,StochasticRSI(MICRO_BURST-LONG),2,0.2,1.639,1.641,1.641,1.635,2026-07-06 12:48:59 UTC,2026-07-06 12:50:05 UTC,65.66,0.3278,0.0044,0.0,0.0004,0.04,9.15,MIN_PROFIT_TP_HIT,0.116
878,TRUMP_USDT,SHORT,StochasticRSI(MICRO_BURST-SHORT),2,0.2,1.639,1.637,1.637,1.643,2026-07-06 12:56:59 UTC,2026-07-06 12:57:43 UTC,43.95,0.3278,0.0044,0.0,0.0004,0.04,9.15,MIN_PROFIT_TP_HIT,0.1164
879,TRUMP_USDT,LONG,StochasticRSI(MICRO_BURST-LONG),2,0.2,1.635,1.631,1.637,1.631,2026-07-06 13:01:59 UTC,2026-07-06 13:02:11 UTC,11.57,0.327,0.0044,0.0,-0.0008,-0.08,-18.35,STOP_LOSS_HIT,0.1156
880,TRUMP_USDT,LONG,StochasticRSI(MICRO_BURST-LONG),2,0.2,1.632,1.634,1.634,1.628,2026-07-06 13:06:59 UTC,2026-07-06 13:08:12 UTC,72.27,0.3264,0.0044,0.0,0.0004,0.04,9.19,MIN_PROFIT_TP_HIT,0.116
881,TRUMP_USDT,SHORT,StochasticRSI(MICRO_BURST-SHORT),2,0.2,1.632,1.63,1.63,1.636,2026-07-06 13:12:59 UTC,2026-07-06 13:14:15 UTC,75.83,0.3264,0.0044,0.0,0.0004,0.04,9.19,MIN_PROFIT_TP_HIT,0.1164
882,TRUMP_USDT,LONG,StochasticRSI(MICRO_BURST-LONG),2,0.2,1.628,1.63,1.63,1.624,2026-07-06 13:16:59 UTC,2026-07-06 13:17:07 UTC,7.36,0.3256,0.0043,0.0,0.0004,0.04,9.21,MIN_PROFIT_TP_HIT,0.1168
883,TRUMP_USDT,SHORT,StochasticRSI(MICRO_BURST-SHORT),2,0.2,1.634,1.632,1.632,1.638,2026-07-06 13:26:59 UTC,2026-07-06 13:27:12 UTC,12.18,0.3268,0.0044,0.0,0.0004,0.04,9.18,MIN_PROFIT_TP_HIT,0.1172
884,TRUMP_USDT,SHORT,StochasticRSI(MICRO_BURST-SHORT),2,0.2,1.636,1.634,1.634,1.64,2026-07-06 13:37:59 UTC,2026-07-06 13:38:27 UTC,27.51,0.3272,0.0044,0.0,0.0004,0.04,9.17,MIN_PROFIT_TP_HIT,0.1176
885,TRUMP_USDT,LONG,StochasticRSI(MICRO_BURST-LONG),2,0.2,1.642,1.638,1.644,1.638,2026-07-06 13:40:59 UTC,2026-07-06 13:42:15 UTC,75.45,0.3284,0.0044,0.0,-0.0008,-0.08,-18.27,STOP_LOSS_HIT,0.1168
886,TRUMP_USDT,SHORT,StochasticRSI(MICRO_BURST-SHORT),2,0.2,1.649,1.647,1.647,1.653,2026-07-06 13:53:59 UTC,2026-07-06 13:56:25 UTC,145.39,0.3298,0.0044,0.0,0.0004,0.04,9.1,MIN_PROFIT_TP_HIT,0.1172
887,TRUMP_USDT,LONG,StochasticRSI(MICRO_BURST-LONG),2,0.2,1.644,1.646,1.646,1.64,2026-07-06 14:02:59 UTC,2026-07-06 14:03:14 UTC,14.09,0.3288,0.0044,0.0,0.0004,0.04,9.12,MIN_PROFIT_TP_HIT,0.1176
888,TRUMP_USDT,LONG,StochasticRSI(MICRO_BURST-LONG),2,0.2,1.643,1.645,1.645,1.639,2026-07-06 14:05:59 UTC,2026-07-06 14:06:06 UTC,6.58,0.3286,0.0044,0.0,0.0004,0.04,9.13,MIN_PROFIT_TP_HIT,0.118
889,TRUMP_USDT,LONG,StochasticRSI(MICRO_BURST-LONG),2,0.2,1.651,1.647,1.653,1.647,2026-07-06 14:23:59 UTC,2026-07-06 14:24:12 UTC,12.13,0.3302,0.0044,0.0,-0.0008,-0.08,-18.17,STOP_LOSS_HIT,0.1172
890,TRUMP_USDT,LONG,StochasticRSI(MICRO_BURST-LONG),2,0.2,1.648,1.65,1.65,1.644,2026-07-06 14:37:59 UTC,2026-07-06 14:38:45 UTC,45.13,0.3296,0.0044,0.0,0.0004,0.04,9.1,MIN_PROFIT_TP_HIT,0.1176
891,TRUMP_USDT,LONG,StochasticRSI(MICRO_BURST-LONG),2,0.2,1.651,1.653,1.653,1.647,2026-07-06 14:40:59 UTC,2026-07-06 14:41:18 UTC,18.46,0.3302,0.0044,0.0,0.0004,0.04,9.09,MIN_PROFIT_TP_HIT,0.118
892,TRUMP_USDT,LONG,StochasticRSI(MICRO_BURST-LONG),2,0.2,1.638,1.64,1.64,1.634,2026-07-06 14:51:59 UTC,2026-07-06 14:52:28 UTC,28.73,0.3276,0.0044,0.0,0.0004,0.04,9.16,MIN_PROFIT_TP_HIT,0.1184
893,TRUMP_USDT,SHORT,StochasticRSI(MICRO_BURST-SHORT),2,0.2,1.64,1.638,1.638,1.644,2026-07-06 14:56:59 UTC,2026-07-06 14:58:18 UTC,78.63,0.328,0.0044,0.0,0.0004,0.04,9.15,MIN_PROFIT_TP_HIT,0.1188
894,TRUMP_USDT,SHORT,StochasticRSI(MICRO_BURST-SHORT),2,0.2,1.638,1.636,1.636,1.642,2026-07-06 14:59:59 UTC,2026-07-06 15:01:02 UTC,62.66,0.3276,0.0044,0.0,0.0004,0.04,9.16,MIN_PROFIT_TP_HIT,0.1192
895,TRUMP_USDT,LONG,StochasticRSI(MICRO_BURST-LONG),2,0.2,1.642,1.644,1.644,1.638,2026-07-06 15:03:59 UTC,2026-07-06 15:04:17 UTC,17.3,0.3284,0.0044,0.0,0.0004,0.04,9.14,MIN_PROFIT_TP_HIT,0.1196
896,TRUMP_USDT,SHORT,StochasticRSI(MICRO_BURST-SHORT),2,0.2,1.646,1.65,1.644,1.65,2026-07-06 15:08:59 UTC,2026-07-06 15:09:12 UTC,12.07,0.3292,0.0044,0.0,-0.0008,-0.08,-18.23,STOP_LOSS_HIT,0.1188
897,TRUMP_USDT,SHORT,StochasticRSI(MICRO_BURST-SHORT),2,0.2,1.65,1.648,1.648,1.654,2026-07-06 15:16:59 UTC,2026-07-06 15:19:25 UTC,145.67,0.33,0.0044,0.0,0.0004,0.04,9.09,MIN_PROFIT_TP_HIT,0.1192
898,TRUMP_USDT,LONG,StochasticRSI(MICRO_BURST-LONG),2,0.2,1.652,1.654,1.654,1.648,2026-07-06 15:22:59 UTC,2026-07-06 15:26:18 UTC,198.08,0.3304,0.0044,0.0,0.0004,0.04,9.08,MIN_PROFIT_TP_HIT,0.1196
899,TRUMP_USDT,SHORT,StochasticRSI(MICRO_BURST-SHORT),2,0.2,1.66,1.658,1.658,1.664,2026-07-06 15:31:59 UTC,2026-07-06 15:32:19 UTC,19.9,0.332,0.0044,0.0,0.0004,0.04,9.04,MIN_PROFIT_TP_HIT,0.12
900,TRUMP_USDT,LONG,StochasticRSI(MICRO_BURST-LONG),2,0.2,1.657,1.659,1.659,1.653,2026-07-06 15:37:59 UTC,2026-07-06 15:38:11 UTC,11.72,0.3314,0.0044,0.0,0.0004,0.04,9.05,MIN_PROFIT_TP_HIT,0.1204
901,TRUMP_USDT,LONG,StochasticRSI(MICRO_BURST-LONG),2,0.2,1.67,1.672,1.672,1.666,2026-07-06 15:51:59 UTC,2026-07-06 15:52:12 UTC,12.74,0.334,0.0045,0.0,0.0004,0.04,8.98,MIN_PROFIT_TP_HIT,0.1208
902,TRUMP_USDT,SHORT,StochasticRSI(MICRO_BURST-SHORT),2,0.2,1.673,1.671,1.671,1.677,2026-07-06 15:55:59 UTC,2026-07-06 15:57:20 UTC,80.7,0.3346,0.0045,0.0,0.0004,0.04,8.97,MIN_PROFIT_TP_HIT,0.1212
903,TRUMP_USDT,SHORT,StochasticRSI(MICRO_BURST-SHORT),2,0.2,1.684,1.682,1.682,1.688,2026-07-06 16:13:59 UTC,2026-07-06 16:14:59 UTC,59.74,0.3368,0.0045,0.0,0.0004,0.04,8.91,MIN_PROFIT_TP_HIT,0.1216
904,TRUMP_USDT,SHORT,StochasticRSI(MICRO_BURST-SHORT),2,0.2,1.686,1.684,1.684,1.69,2026-07-06 16:15:59 UTC,2026-07-06 16:16:05 UTC,5.66,0.3372,0.0045,0.0,0.0004,0.04,8.9,MIN_PROFIT_TP_HIT,0.122
905,TRUMP_USDT,LONG,StochasticRSI(MICRO_BURST-LONG),2,0.2,1.679,1.675,1.681,1.675,2026-07-06 16:21:59 UTC,2026-07-06 16:24:17 UTC,137.32,0.3358,0.0045,0.0,-0.0008,-0.08,-17.87,STOP_LOSS_HIT,0.1212
906,TRUMP_USDT,LONG,StochasticRSI(MICRO_BURST-LONG),2,0.2,1.671,1.673,1.673,1.667,2026-07-06 16:25:59 UTC,2026-07-06 16:26:35 UTC,35.09,0.3342,0.0045,0.0,0.0004,0.04,8.98,MIN_PROFIT_TP_HIT,0.1216
907,TRUMP_USDT,LONG,StochasticRSI(MICRO_BURST-LONG),2,0.2,1.673,1.675,1.675,1.669,2026-07-06 16:28:59 UTC,2026-07-06 16:29:20 UTC,20.33,0.3346,0.0045,0.0,0.0004,0.04,8.97,MIN_PROFIT_TP_HIT,0.122
908,TRUMP_USDT,SHORT,StochasticRSI(MICRO_BURST-SHORT),2,0.2,1.675,1.679,1.673,1.679,2026-07-06 16:34:59 UTC,2026-07-06 16:36:53 UTC,113.87,0.335,0.0045,0.0,-0.0008,-0.08,-17.91,STOP_LOSS_HIT,0.1212
909,TRUMP_USDT,SHORT,StochasticRSI(MICRO_BURST-SHORT),2,0.2,1.675,1.679,1.673,1.679,2026-07-06 16:39:59 UTC,2026-07-06 16:41:27 UTC,87.41,0.335,0.0045,0.0,-0.0008,-0.08,-17.91,STOP_LOSS_HIT,0.1204
910,TRUMP_USDT,SHORT,StochasticRSI(MICRO_BURST-SHORT),2,0.2,1.68,1.678,1.678,1.684,2026-07-06 16:50:59 UTC,2026-07-06 16:53:06 UTC,126.04,0.336,0.0045,0.0,0.0004,0.04,8.93,MIN_PROFIT_TP_HIT,0.1208
911,TRUMP_USDT,LONG,StochasticRSI(MICRO_BURST-LONG),2,0.2,1.676,1.678,1.678,1.672,2026-07-06 16:58:59 UTC,2026-07-06 16:59:03 UTC,3.34,0.3352,0.0045,0.0,0.0004,0.04,8.95,MIN_PROFIT_TP_HIT,0.1212
912,TRUMP_USDT,SHORT,StochasticRSI(MICRO_BURST-SHORT),2,0.2,1.676,1.674,1.674,1.68,2026-07-06 17:19:59 UTC,2026-07-06 17:20:32 UTC,32.04,0.3352,0.0045,0.0,0.0004,0.04,8.95,MIN_PROFIT_TP_HIT,0.1216
913,TRUMP_USDT,SHORT,StochasticRSI(MICRO_BURST-SHORT),2,0.2,1.678,1.676,1.676,1.682,2026-07-06 17:30:59 UTC,2026-07-06 17:33:45 UTC,165.97,0.3356,0.0045,0.0,0.0004,0.04,8.94,MIN_PROFIT_TP_HIT,0.122
914,TRUMP_USDT,LONG,StochasticRSI(MICRO_BURST-LONG),2,0.2,1.675,1.671,1.677,1.671,2026-07-06 17:34:59 UTC,2026-07-06 17:35:33 UTC,33.13,0.335,0.0045,0.0,-0.0008,-0.08,-17.91,STOP_LOSS_HIT,0.1212
915,TRUMP_USDT,LONG,StochasticRSI(MICRO_BURST-LONG),2,0.2,1.673,1.675,1.675,1.669,2026-07-06 17:38:59 UTC,2026-07-06 17:41:07 UTC,127.38,0.3346,0.0045,0.0,0.0004,0.04,8.97,MIN_PROFIT_TP_HIT,0.1216
916,TRUMP_USDT,SHORT,StochasticRSI(MICRO_BURST-SHORT),2,0.2,1.674,1.672,1.672,1.678,2026-07-06 17:44:59 UTC,2026-07-06 17:45:04 UTC,4.42,0.3348,0.0045,0.0,0.0004,0.04,8.96,MIN_PROFIT_TP_HIT,0.122
917,TRUMP_USDT,SHORT,StochasticRSI(MICRO_BURST-SHORT),2,0.2,1.675,1.679,1.673,1.679,2026-07-06 17:46:59 UTC,2026-07-06 17:50:53 UTC,233.14,0.335,0.0045,0.0,-0.0008,-0.08,-17.91,STOP_LOSS_HIT,0.1212
918,TRUMP_USDT,LONG,StochasticRSI(MICRO_BURST-LONG),2,0.2,1.671,1.673,1.673,1.667,2026-07-06 17:57:59 UTC,2026-07-06 18:02:15 UTC,255.75,0.3342,0.0045,0.0,0.0004,0.04,8.98,MIN_PROFIT_TP_HIT,0.1216
919,TRUMP_USDT,SHORT,StochasticRSI(MICRO_BURST-SHORT),2,0.2,1.671,1.669,1.669,1.675,2026-07-06 18:06:59 UTC,2026-07-06 18:10:10 UTC,190.04,0.3342,0.0045,0.0,0.0004,0.04,8.98,MIN_PROFIT_TP_HIT,0.122
920,TRUMP_USDT,LONG,StochasticRSI(MICRO_BURST-LONG),2,0.2,1.669,1.665,1.671,1.665,2026-07-06 18:16:59 UTC,2026-07-06 18:18:29 UTC,89.16,0.3338,0.0045,0.0,-0.0008,-0.08,-17.97,STOP_LOSS_HIT,0.1212
921,TRUMP_USDT,SHORT,StochasticRSI(MICRO_BURST-SHORT),2,0.2,1.675,1.679,1.673,1.679,2026-07-06 18:22:59 UTC,2026-07-06 18:26:41 UTC,221.32,0.335,0.0045,0.0,-0.0008,-0.08,-17.91,STOP_LOSS_HIT,0.1204
922,TRUMP_USDT,LONG,StochasticRSI(MICRO_BURST-LONG),2,0.2,1.676,1.678,1.678,1.672,2026-07-06 18:33:59 UTC,2026-07-06 18:35:41 UTC,101.44,0.3352,0.0045,0.0,0.0004,0.04,8.95,MIN_PROFIT_TP_HIT,0.1208
923,TRUMP_USDT,SHORT,StochasticRSI(MICRO_BURST-SHORT),2,0.2,1.681,1.679,1.679,1.685,2026-07-06 18:39:59 UTC,2026-07-06 18:40:21 UTC,21.36,0.3362,0.0045,0.0,0.0004,0.04,8.92,MIN_PROFIT_TP_HIT,0.1212
924,TRUMP_USDT,LONG,StochasticRSI(MICRO_BURST-LONG),2,0.2,1.686,1.682,1.688,1.682,2026-07-06 18:44:59 UTC,2026-07-06 18:48:46 UTC,226.98,0.3372,0.0045,0.0,-0.0008,-0.08,-17.79,STOP_LOSS_HIT,0.1204
925,TRUMP_USDT,LONG,StochasticRSI(MICRO_BURST-LONG),2,0.2,1.684,1.686,1.686,1.68,2026-07-06 18:52:59 UTC,2026-07-06 18:55:18 UTC,138.77,0.3368,0.0045,0.0,0.0004,0.04,8.91,MIN_PROFIT_TP_HIT,0.1208
926,TRUMP_USDT,LONG,StochasticRSI(MICRO_BURST-LONG),2,0.2,1.683,1.685,1.685,1.679,2026-07-06 18:57:59 UTC,2026-07-06 19:01:12 UTC,192.71,0.3366,0.0045,0.0,0.0004,0.04,8.91,MIN_PROFIT_TP_HIT,0.1212
927,TRUMP_USDT,LONG,StochasticRSI(MICRO_BURST-LONG),2,0.2,1.681,1.683,1.683,1.677,2026-07-06 19:08:59 UTC,2026-07-06 19:09:02 UTC,2.84,0.3362,0.0045,0.0,0.0004,0.04,8.92,MIN_PROFIT_TP_HIT,0.1216
928,TRUMP_USDT,LONG,StochasticRSI(MICRO_BURST-LONG),2,0.2,1.685,1.687,1.687,1.681,2026-07-06 19:10:59 UTC,2026-07-06 19:19:15 UTC,495.17,0.337,0.0045,0.0,0.0004,0.04,8.9,MIN_PROFIT_TP_HIT,0.122
929,TRUMP_USDT,SHORT,StochasticRSI(MICRO_BURST-SHORT),2,0.2,1.689,1.687,1.687,1.693,2026-07-06 19:28:59 UTC,2026-07-06 19:31:04 UTC,124.88,0.3378,0.0045,0.0,0.0004,0.04,8.88,MIN_PROFIT_TP_HIT,0.1224
930,TRUMP_USDT,SHORT,StochasticRSI(MICRO_BURST-SHORT),2,0.2,1.693,1.691,1.691,1.697,2026-07-06 19:44:59 UTC,2026-07-06 19:47:15 UTC,135.12,0.3386,0.0045,0.0,0.0004,0.04,8.86,MIN_PROFIT_TP_HIT,0.1228
931,TRUMP_USDT,LONG,StochasticRSI(MICRO_BURST-LONG),2,0.2,1.69,1.692,1.692,1.686,2026-07-06 19:50:59 UTC,2026-07-06 19:52:30 UTC,90.22,0.338,0.0045,0.0,0.0004,0.04,8.88,MIN_PROFIT_TP_HIT,0.1232
932,TRUMP_USDT,LONG,StochasticRSI(MICRO_BURST-LONG),2,0.2,1.688,1.69,1.69,1.684,2026-07-06 20:21:59 UTC,2026-07-06 20:28:31 UTC,391.35,0.3376,0.0045,0.0,0.0004,0.04,8.89,MIN_PROFIT_TP_HIT,0.1236
933,TRUMP_USDT,SHORT,StochasticRSI(MICRO_BURST-SHORT),2,0.2,1.692,1.69,1.69,1.696,2026-07-06 20:34:59 UTC,2026-07-06 20:36:14 UTC,74.98,0.3384,0.0045,0.0,0.0004,0.04,8.87,MIN_PROFIT_TP_HIT,0.124
934,TRUMP_USDT,LONG,StochasticRSI(MICRO_BURST-LONG),2,0.2,1.692,1.688,1.694,1.688,2026-07-06 20:41:59 UTC,2026-07-06 20:43:21 UTC,81.68,0.3384,0.0045,0.0,-0.0008,-0.08,-17.73,STOP_LOSS_HIT,0.1232
935,TRUMP_USDT,SHORT,StochasticRSI(MICRO_BURST-SHORT),2,0.2,1.695,1.693,1.693,1.699,2026-07-06 20:53:59 UTC,2026-07-06 20:54:03 UTC,3.21,0.339,0.0045,0.0,0.0004,0.04,8.85,MIN_PROFIT_TP_HIT,0.1236
936,TRUMP_USDT,SHORT,StochasticRSI(MICRO_BURST-SHORT),2,0.2,1.69,1.688,1.688,1.694,2026-07-06 20:55:59 UTC,2026-07-06 20:57:33 UTC,93.81,0.338,0.0045,0.0,0.0004,0.04,8.88,MIN_PROFIT_TP_HIT,0.124
937,TRUMP_USDT,LONG,StochasticRSI(MICRO_BURST-LONG),2,0.2,1.689,1.691,1.691,1.685,2026-07-06 20:59:59 UTC,2026-07-06 21:02:12 UTC,132.9,0.3378,0.0045,0.0,0.0004,0.04,8.88,MIN_PROFIT_TP_HIT,0.1244
938,TRUMP_USDT,SHORT,StochasticRSI(MICRO_BURST-SHORT),2,0.2,1.71,1.708,1.708,1.714,2026-07-06 21:12:59 UTC,2026-07-06 21:13:06 UTC,6.68,0.342,0.0046,0.0,0.0004,0.04,8.77,MIN_PROFIT_TP_HIT,0.1248
939,TRUMP_USDT,LONG,StochasticRSI(MICRO_BURST-LONG),2,0.2,1.707,1.709,1.709,1.703,2026-07-06 21:23:59 UTC,2026-07-06 21:26:27 UTC,147.44,0.3414,0.0046,0.0,0.0004,0.04,8.79,MIN_PROFIT_TP_HIT,0.1252
940,TRUMP_USDT,LONG,StochasticRSI(MICRO_BURST-LONG),2,0.2,1.712,1.714,1.714,1.708,2026-07-06 21:27:59 UTC,2026-07-06 21:31:18 UTC,198.07,0.3424,0.0046,0.0,0.0004,0.04,8.76,MIN_PROFIT_TP_HIT,0.1256
941,TRUMP_USDT,SHORT,StochasticRSI(MICRO_BURST-SHORT),2,0.2,1.714,1.712,1.712,1.718,2026-07-06 21:34:59 UTC,2026-07-06 21:35:08 UTC,8.67,0.3428,0.0046,0.0,0.0004,0.04,8.75,MIN_PROFIT_TP_HIT,0.126
942,TRUMP_USDT,LONG,StochasticRSI(MICRO_BURST-LONG),2,0.2,1.71,1.712,1.712,1.706,2026-07-06 21:41:59 UTC,2026-07-06 21:43:18 UTC,78.45,0.342,0.0046,0.0,0.0004,0.04,8.77,MIN_PROFIT_TP_HIT,0.1264
943,TRUMP_USDT,SHORT,StochasticRSI(MICRO_BURST-SHORT),2,0.2,1.714,1.712,1.712,1.718,2026-07-06 21:47:59 UTC,2026-07-06 21:49:22 UTC,82.89,0.3428,0.0046,0.0,0.0004,0.04,8.75,MIN_PROFIT_TP_HIT,0.1268
944,TRUMP_USDT,SHORT,StochasticRSI(MICRO_BURST-SHORT),2,0.2,1.722,1.72,1.72,1.726,2026-07-06 21:55:59 UTC,2026-07-06 21:56:29 UTC,29.56,0.3444,0.0046,0.0,0.0004,0.04,8.71,MIN_PROFIT_TP_HIT,0.1272
945,TRUMP_USDT,LONG,StochasticRSI(MICRO_BURST-LONG),2,0.2,1.714,1.716,1.716,1.71,2026-07-06 22:02:59 UTC,2026-07-06 22:03:56 UTC,56.32,0.3428,0.0046,0.0,0.0004,0.04,8.75,MIN_PROFIT_TP_HIT,0.1276
946,TRUMP_USDT,LONG,StochasticRSI(MICRO_BURST-LONG),2,0.2,1.709,1.705,1.711,1.705,2026-07-06 22:09:59 UTC,2026-07-06 22:19:12 UTC,552.47,0.3418,0.0046,0.0,-0.0008,-0.08,-17.55,STOP_LOSS_HIT,0.1268
947,TRUMP_USDT,SHORT,StochasticRSI(MICRO_BURST-SHORT),2,0.2,1.702,1.706,1.7,1.706,2026-07-06 22:20:59 UTC,2026-07-06 22:21:38 UTC,38.67,0.3404,0.0045,0.0,-0.0008,-0.08,-17.63,STOP_LOSS_HIT,0.126
948,TRUMP_USDT,SHORT,StochasticRSI(MICRO_BURST-SHORT),2,0.2,1.702,1.706,1.7,1.706,2026-07-06 22:35:59 UTC,2026-07-06 22:40:17 UTC,257.94,0.3404,0.0045,0.0,-0.0008,-0.08,-17.63,STOP_LOSS_HIT,0.1252
949,TRUMP_USDT,SHORT,StochasticRSI(MICRO_BURST-SHORT),2,0.2,1.705,1.703,1.703,1.709,2026-07-06 22:44:59 UTC,2026-07-06 22:45:17 UTC,17.13,0.341,0.0045,0.0,0.0004,0.04,8.8,MIN_PROFIT_TP_HIT,0.1256
950,TRUMP_USDT,LONG,StochasticRSI(MICRO_BURST-LONG),2,0.2,1.706,1.702,1.708,1.702,2026-07-06 22:48:59 UTC,2026-07-06 22:53:39 UTC,279.79,0.3412,0.0045,0.0,-0.0008,-0.08,-17.58,STOP_LOSS_HIT,0.1248
951,TRUMP_USDT,LONG,StochasticRSI(MICRO_BURST-LONG),2,0.2,1.7,1.702,1.702,1.696,2026-07-06 22:58:59 UTC,2026-07-06 22:59:39 UTC,39.92,0.34,0.0045,0.0,0.0004,0.04,8.82,MIN_PROFIT_TP_HIT,0.1252
952,TRUMP_USDT,SHORT,StochasticRSI(MICRO_BURST-SHORT),2,0.2,1.705,1.703,1.703,1.709,2026-07-06 23:08:59 UTC,2026-07-06 23:09:29 UTC,29.46,0.341,0.0045,0.0,0.0004,0.04,8.8,MIN_PROFIT_TP_HIT,0.1256
953,TRUMP_USDT,LONG,StochasticRSI(MICRO_BURST-LONG),2,0.2,1.701,1.697,1.703,1.697,2026-07-06 23:13:59 UTC,2026-07-06 23:16:18 UTC,138.94,0.3402,0.0045,0.0,-0.0008,-0.08,-17.64,STOP_LOSS_HIT,0.1248
954,TRUMP_USDT,SHORT,StochasticRSI(MICRO_BURST-SHORT),2,0.2,1.698,1.702,1.696,1.702,2026-07-06 23:25:59 UTC,2026-07-06 23:31:03 UTC,303.93,0.3396,0.0045,0.0,-0.0008,-0.08,-17.67,STOP_LOSS_HIT,0.124
955,TRUMP_USDT,LONG,StochasticRSI(MICRO_BURST-LONG),2,0.2,1.696,1.692,1.698,1.692,2026-07-06 23:44:59 UTC,2026-07-06 23:46:46 UTC,106.07,0.3392,0.0045,0.0,-0.0008,-0.08,-17.69,STOP_LOSS_HIT,0.1232
956,TRUMP_USDT,SHORT,StochasticRSI(MICRO_BURST-SHORT),2,0.2,1.694,1.692,1.692,1.698,2026-07-07 00:03:59 UTC,2026-07-07 00:04:38 UTC,38.12,0.3388,0.0045,0.0,0.0004,0.04,8.85,MIN_PROFIT_TP_HIT,0.1236
957,TRUMP_USDT,SHORT,StochasticRSI(MICRO_BURST-SHORT),2,0.2,1.701,1.705,1.699,1.705,2026-07-07 00:19:59 UTC,2026-07-07 00:21:23 UTC,83.94,0.3402,0.0045,0.0,-0.0008,-0.08,-17.64,STOP_LOSS_HIT,0.1228
958,TRUMP_USDT,SHORT,StochasticRSI(MICRO_BURST-SHORT),2,0.2,1.703,1.707,1.701,1.707,2026-07-07 00:23:59 UTC,2026-07-07 00:25:51 UTC,111.6,0.3406,0.0045,0.0,-0.0008,-0.08,-17.62,STOP_LOSS_HIT,0.122
959,TRUMP_USDT,SHORT,StochasticRSI(MICRO_BURST-SHORT),2,0.2,1.707,1.705,1.705,1.711,2026-07-07 00:58:59 UTC,2026-07-07 00:59:20 UTC,20.78,0.3414,0.0046,0.0,0.0004,0.04,8.79,MIN_PROFIT_TP_HIT,0.1224
960,TRUMP_USDT,LONG,StochasticRSI(MICRO_BURST-LONG),2,0.2,1.687,1.689,1.689,1.683,2026-07-07 01:07:59 UTC,2026-07-07 01:10:05 UTC,125.05,0.3374,0.0045,0.0,0.0004,0.04,8.89,MIN_PROFIT_TP_HIT,0.1228
961,TRUMP_USDT,SHORT,StochasticRSI(MICRO_BURST-SHORT),2,0.2,1.688,1.686,1.686,1.692,2026-07-07 01:13:59 UTC,2026-07-07 01:15:57 UTC,117.97,0.3376,0.0045,0.0,0.0004,0.04,8.89,MIN_PROFIT_TP_HIT,0.1232
962,TRUMP_USDT,LONG,StochasticRSI(MICRO_BURST-LONG),2,0.2,1.685,1.681,1.687,1.681,2026-07-07 01:33:59 UTC,2026-07-07 01:36:09 UTC,129.57,0.337,0.0045,0.0,-0.0008,-0.08,-17.8,STOP_LOSS_HIT,0.1224
963,TRUMP_USDT,SHORT,StochasticRSI(MICRO_BURST-SHORT),2,0.2,1.682,1.686,1.68,1.686,2026-07-07 01:37:59 UTC,2026-07-07 01:41:46 UTC,226.99,0.3364,0.0045,0.0,-0.0008,-0.08,-17.84,STOP_LOSS_HIT,0.1216
964,TRUMP_USDT,SHORT,StochasticRSI(MICRO_BURST-SHORT),2,0.2,1.683,1.687,1.681,1.687,2026-07-07 01:42:59 UTC,2026-07-07 01:43:52 UTC,52.21,0.3366,0.0045,0.0,-0.0008,-0.08,-17.83,STOP_LOSS_HIT,0.1208
965,TRUMP_USDT,SHORT,StochasticRSI(MICRO_BURST-SHORT),2,0.2,1.687,1.691,1.685,1.691,2026-07-07 01:50:59 UTC,2026-07-07 01:52:56 UTC,116.87,0.3374,0.0045,0.0,-0.0008,-0.08,-17.78,STOP_LOSS_HIT,0.12
966,TRUMP_USDT,LONG,StochasticRSI(MICRO_BURST-LONG),2,0.2,1.689,1.691,1.691,1.685,2026-07-07 01:53:59 UTC,2026-07-07 01:54:52 UTC,52.45,0.3378,0.0045,0.0,0.0004,0.04,8.88,MIN_PROFIT_TP_HIT,0.1204
967,TRUMP_USDT,LONG,StochasticRSI(MICRO_BURST-LONG),2,0.2,1.688,1.684,1.69,1.684,2026-07-07 02:01:59 UTC,2026-07-07 02:06:50 UTC,290.06,0.3376,0.0045,0.0,-0.0008,-0.08,-17.77,STOP_LOSS_HIT,0.1196
968,TRUMP_USDT,LONG,StochasticRSI(MICRO_BURST-LONG),2,0.2,1.678,1.68,1.68,1.674,2026-07-07 02:27:59 UTC,2026-07-07 02:28:16 UTC,16.73,0.3356,0.0045,0.0,0.0004,0.04,8.94,MIN_PROFIT_TP_HIT,0.12
969,TRUMP_USDT,LONG,StochasticRSI(MICRO_BURST-LONG),2,0.2,1.672,1.674,1.674,1.668,2026-07-07 02:36:59 UTC,2026-07-07 02:37:35 UTC,35.19,0.3344,0.0045,0.0,0.0004,0.04,8.97,MIN_PROFIT_TP_HIT,0.1204
970,TRUMP_USDT,SHORT,StochasticRSI(MICRO_BURST-SHORT),2,0.2,1.671,1.669,1.669,1.675,2026-07-07 02:46:59 UTC,2026-07-07 02:47:36 UTC,36.13,0.3342,0.0045,0.0,0.0004,0.04,8.98,MIN_PROFIT_TP_HIT,0.1208
971,TRUMP_USDT,LONG,StochasticRSI(MICRO_BURST-LONG),2,0.2,1.667,1.669,1.669,1.663,2026-07-07 02:50:59 UTC,2026-07-07 02:58:54 UTC,474.02,0.3334,0.0044,0.0,0.0004,0.04,9.0,MIN_PROFIT_TP_HIT,0.1212
972,TRUMP_USDT,SHORT,StochasticRSI(MICRO_BURST-SHORT),2,0.2,1.667,1.665,1.665,1.671,2026-07-07 03:02:59 UTC,2026-07-07 03:03:51 UTC,51.69,0.3334,0.0044,0.0,0.0004,0.04,9.0,MIN_PROFIT_TP_HIT,0.1216
973,TRUMP_USDT,SHORT,StochasticRSI(MICRO_BURST-SHORT),2,0.2,1.666,1.664,1.664,1.67,2026-07-07 03:10:59 UTC,2026-07-07 03:14:50 UTC,230.53,0.3332,0.0044,0.0,0.0004,0.04,9.0,MIN_PROFIT_TP_HIT,0.122
974,TRUMP_USDT,LONG,StochasticRSI(MICRO_BURST-LONG),2,0.2,1.661,1.663,1.663,1.657,2026-07-07 03:30:59 UTC,2026-07-07 03:32:48 UTC,108.47,0.3322,0.0044,0.0,0.0004,0.04,9.03,MIN_PROFIT_TP_HIT,0.1224
975,TRUMP_USDT,SHORT,StochasticRSI(MICRO_BURST-SHORT),2,0.2,1.663,1.661,1.661,1.667,2026-07-07 03:34:59 UTC,2026-07-07 03:42:40 UTC,460.13,0.3326,0.0044,0.0,0.0004,0.04,9.02,MIN_PROFIT_TP_HIT,0.1228
976,TRUMP_USDT,SHORT,StochasticRSI(MICRO_BURST-SHORT),2,0.2,1.661,1.665,1.659,1.665,2026-07-07 03:43:59 UTC,2026-07-07 03:47:49 UTC,229.19,0.3322,0.0044,0.0,-0.0008,-0.08,-18.06,STOP_LOSS_HIT,0.122
977,TRUMP_USDT,SHORT,StochasticRSI(MICRO_BURST-SHORT),2,0.2,1.662,1.66,1.66,1.666,2026-07-07 03:49:59 UTC,2026-07-07 03:51:40 UTC,100.1,0.3324,0.0044,0.0,0.0004,0.04,9.03,MIN_PROFIT_TP_HIT,0.1224
978,TRUMP_USDT,SHORT,StochasticRSI(MICRO_BURST-SHORT),2,0.2,1.663,1.667,1.661,1.667,2026-07-07 04:02:59 UTC,2026-07-07 04:05:05 UTC,125.96,0.3326,0.0044,0.0,-0.0008,-0.08,-18.04,STOP_LOSS_HIT,0.1216
979,TRUMP_USDT,SHORT,StochasticRSI(MICRO_BURST-SHORT),2,0.2,1.666,1.67,1.664,1.67,2026-07-07 04:11:59 UTC,2026-07-07 04:12:56 UTC,56.42,0.3332,0.0044,0.0,-0.0008,-0.08,-18.01,STOP_LOSS_HIT,0.1208
980,TRUMP_USDT,LONG,StochasticRSI(MICRO_BURST-LONG),2,0.2,1.669,1.665,1.671,1.665,2026-07-07 04:21:59 UTC,2026-07-07 04:23:56 UTC,116.51,0.3338,0.0045,0.0,-0.0008,-0.08,-17.97,STOP_LOSS_HIT,0.12
981,TRUMP_USDT,SHORT,StochasticRSI(MICRO_BURST-SHORT),2,0.2,1.674,1.672,1.672,1.678,2026-07-07 04:31:59 UTC,2026-07-07 04:32:55 UTC,55.6,0.3348,0.0045,0.0,0.0004,0.04,8.96,MIN_PROFIT_TP_HIT,0.1204
982,TRUMP_USDT,LONG,StochasticRSI(MICRO_BURST-LONG),2,0.2,1.67,1.666,1.672,1.666,2026-07-07 04:38:59 UTC,2026-07-07 04:49:22 UTC,622.86,0.334,0.0045,0.0,-0.0008,-0.08,-17.96,STOP_LOSS_HIT,0.1196
983,TRUMP_USDT,LONG,StochasticRSI(MICRO_BURST-LONG),2,0.2,1.669,1.671,1.671,1.665,2026-07-07 04:51:59 UTC,2026-07-07 05:00:11 UTC,491.35,0.3338,0.0045,0.0,0.0004,0.04,8.99,MIN_PROFIT_TP_HIT,0.12
984,TRUMP_USDT,SHORT,StochasticRSI(MICRO_BURST-SHORT),2,0.2,1.669,1.673,1.667,1.673,2026-07-07 05:02:59 UTC,2026-07-07 05:03:49 UTC,49.48,0.3338,0.0045,0.0,-0.0008,-0.08,-17.97,STOP_LOSS_HIT,0.1192
985,TRUMP_USDT,LONG,StochasticRSI(MICRO_BURST-LONG),2,0.2,1.663,1.659,1.665,1.659,2026-07-07 05:18:59 UTC,2026-07-07 05:19:50 UTC,50.44,0.3326,0.0044,0.0,-0.0008,-0.08,-18.04,STOP_LOSS_HIT,0.1184
986,TRUMP_USDT,SHORT,StochasticRSI(MICRO_BURST-SHORT),2,0.2,1.661,1.665,1.659,1.665,2026-07-07 05:27:59 UTC,2026-07-07 05:30:03 UTC,123.1,0.3322,0.0044,0.0,-0.0008,-0.08,-18.06,STOP_LOSS_HIT,0.1176
987,TRUMP_USDT,SHORT,StochasticRSI(MICRO_BURST-SHORT),2,0.2,1.674,1.672,1.672,1.678,2026-07-07 05:37:59 UTC,2026-07-07 05:39:00 UTC,60.76,0.3348,0.0045,0.0,0.0004,0.04,8.96,MIN_PROFIT_TP_HIT,0.118
988,TRUMP_USDT,LONG,StochasticRSI(MICRO_BURST-LONG),2,0.2,1.672,1.668,1.674,1.668,2026-07-07 05:46:59 UTC,2026-07-07 05:49:17 UTC,137.77,0.3344,0.0045,0.0,-0.0008,-0.08,-17.94,STOP_LOSS_HIT,0.1172
989,TRUMP_USDT,LONG,StochasticRSI(MICRO_BURST-LONG),2,0.2,1.669,1.671,1.671,1.665,2026-07-07 05:51:59 UTC,2026-07-07 05:55:13 UTC,193.42,0.3338,0.0045,0.0,0.0004,0.04,8.99,MIN_PROFIT_TP_HIT,0.1176
990,TRUMP_USDT,LONG,StochasticRSI(MICRO_BURST-LONG),2,0.2,1.67,1.672,1.672,1.666,2026-07-07 06:01:59 UTC,2026-07-07 06:02:26 UTC,26.34,0.334,0.0045,0.0,0.0004,0.04,8.98,MIN_PROFIT_TP_HIT,0.118
991,TRUMP_USDT,LONG,StochasticRSI(MICRO_BURST-LONG),2,0.2,1.667,1.669,1.669,1.663,2026-07-07 06:10:59 UTC,2026-07-07 06:15:23 UTC,263.67,0.3334,0.0044,0.0,0.0004,0.04,9.0,MIN_PROFIT_TP_HIT,0.1184
992,TRUMP_USDT,LONG,StochasticRSI(MICRO_BURST-LONG),2,0.2,1.666,1.668,1.668,1.662,2026-07-07 06:27:59 UTC,2026-07-07 06:29:48 UTC,108.03,0.3332,0.0044,0.0,0.0004,0.04,9.0,MIN_PROFIT_TP_HIT,0.1188
993,TRUMP_USDT,SHORT,StochasticRSI(MICRO_BURST-SHORT),2,0.2,1.667,1.671,1.665,1.671,2026-07-07 06:32:59 UTC,2026-07-07 06:37:16 UTC,256.22,0.3334,0.0044,0.0,-0.0008,-0.08,-18.0,STOP_LOSS_HIT,0.118
994,TRUMP_USDT,SHORT,StochasticRSI(MICRO_BURST-SHORT),2,0.2,1.67,1.668,1.668,1.674,2026-07-07 06:43:59 UTC,2026-07-07 06:58:57 UTC,897.22,0.334,0.0045,0.0,0.0004,0.04,8.98,MIN_PROFIT_TP_HIT,0.1184
995,TRUMP_USDT,LONG,StochasticRSI(MICRO_BURST-LONG),2,0.2,1.67,1.666,1.672,1.666,2026-07-07 07:00:59 UTC,2026-07-07 07:03:48 UTC,168.03,0.334,0.0045,0.0,-0.0008,-0.08,-17.96,STOP_LOSS_HIT,0.1176
996,TRUMP_USDT,LONG,StochasticRSI(MICRO_BURST-LONG),2,0.2,1.666,1.668,1.668,1.662,2026-07-07 07:08:59 UTC,2026-07-07 07:10:41 UTC,101.74,0.3332,0.0044,0.0,0.0004,0.04,9.0,MIN_PROFIT_TP_HIT,0.118
997,TRUMP_USDT,LONG,StochasticRSI(MICRO_BURST-LONG),2,0.2,1.662,1.658,1.664,1.658,2026-07-07 07:22:59 UTC,2026-07-07 07:26:08 UTC,188.95,0.3324,0.0044,0.0,-0.0008,-0.08,-18.05,STOP_LOSS_HIT,0.1172
998,TRUMP_USDT,LONG,StochasticRSI(MICRO_BURST-LONG),2,0.2,1.654,1.65,1.656,1.65,2026-07-07 07:29:59 UTC,2026-07-07 07:33:26 UTC,206.28,0.3308,0.0044,0.0,-0.0008,-0.08,-18.14,STOP_LOSS_HIT,0.1164
999,TRUMP_USDT,LONG,StochasticRSI(MICRO_BURST-LONG),2,0.2,1.649,1.651,1.651,1.645,2026-07-07 07:39:59 UTC,2026-07-07 07:41:53 UTC,113.87,0.3298,0.0044,0.0,0.0004,0.04,9.1,MIN_PROFIT_TP_HIT,0.1168
1000,TRUMP_USDT,SHORT,StochasticRSI(MICRO_BURST-SHORT),2,0.2,1.652,1.65,1.65,1.656,2026-07-07 07:44:59 UTC,2026-07-07 07:46:41 UTC,101.9,0.3304,0.0044,0.0,0.0004,0.04,9.08,MIN_PROFIT_TP_HIT,0.1172
1001,TRUMP_USDT,LONG,StochasticRSI(MICRO_BURST-LONG),2,0.2,1.651,1.647,1.653,1.647,2026-07-07 08:01:59 UTC,2026-07-07 08:02:41 UTC,41.48,0.3302,0.0044,0.0,-0.0008,-0.08,-18.17,STOP_LOSS_HIT,0.1164
1002,TRUMP_USDT,SHORT,StochasticRSI(MICRO_BURST-SHORT),2,0.2,1.65,1.648,1.648,1.654,2026-07-07 08:14:59 UTC,2026-07-07 08:16:33 UTC,93.23,0.33,0.0044,0.0,0.0004,0.04,9.09,MIN_PROFIT_TP_HIT,0.1168
1003,TRUMP_USDT,LONG,StochasticRSI(MICRO_BURST-LONG),2,0.2,1.653,1.655,1.655,1.649,2026-07-07 08:18:59 UTC,2026-07-07 08:19:48 UTC,48.69,0.3306,0.0044,0.0,0.0004,0.04,9.07,MIN_PROFIT_TP_HIT,0.1172
1004,TRUMP_USDT,SHORT,StochasticRSI(MICRO_BURST-SHORT),2,0.2,1.655,1.653,1.653,1.659,2026-07-07 08:22:59 UTC,2026-07-07 08:26:41 UTC,221.58,0.331,0.0044,0.0,0.0004,0.04,9.06,MIN_PROFIT_TP_HIT,0.1176
1005,TRUMP_USDT,SHORT,StochasticRSI(MICRO_BURST-SHORT),2,0.2,1.655,1.653,1.653,1.659,2026-07-07 08:27:59 UTC,2026-07-07 08:28:03 UTC,3.17,0.331,0.0044,0.0,0.0004,0.04,9.06,MIN_PROFIT_TP_HIT,0.118
1006,TRUMP_USDT,LONG,StochasticRSI(MICRO_BURST-LONG),2,0.2,1.653,1.655,1.655,1.649,2026-07-07 08:34:59 UTC,2026-07-07 08:37:18 UTC,138.06,0.3306,0.0044,0.0,0.0004,0.04,9.07,MIN_PROFIT_TP_HIT,0.1184
1007,TRUMP_USDT,SHORT,StochasticRSI(MICRO_BURST-SHORT),2,0.2,1.656,1.66,1.654,1.66,2026-07-07 08:44:59 UTC,2026-07-07 08:52:17 UTC,437.94,0.3312,0.0044,0.0,-0.0008,-0.08,-18.12,STOP_LOSS_HIT,0.1176
1008,TRUMP_USDT,SHORT,StochasticRSI(MICRO_BURST-SHORT),2,0.2,1.658,1.656,1.656,1.662,2026-07-07 08:54:59 UTC,2026-07-07 08:55:35 UTC,35.67,0.3316,0.0044,0.0,0.0004,0.04,9.05,MIN_PROFIT_TP_HIT,0.118
1009,TRUMP_USDT,LONG,StochasticRSI(MICRO_BURST-LONG),2,0.2,1.656,1.658,1.658,1.652,2026-07-07 08:59:59 UTC,2026-07-07 09:02:28 UTC,148.86,0.3312,0.0044,0.0,0.0004,0.04,9.06,MIN_PROFIT_TP_HIT,0.1184
1010,TRUMP_USDT,LONG,StochasticRSI(MICRO_BURST-LONG),2,0.2,1.656,1.658,1.658,1.652,2026-07-07 09:03:59 UTC,2026-07-07 09:04:16 UTC,16.07,0.3312,0.0044,0.0,0.0004,0.04,9.06,MIN_PROFIT_TP_HIT,0.1188
1011,TRUMP_USDT,SHORT,StochasticRSI(MICRO_BURST-SHORT),2,0.2,1.662,1.66,1.66,1.666,2026-07-07 09:10:59 UTC,2026-07-07 09:12:42 UTC,102.38,0.3324,0.0044,0.0,0.0004,0.04,9.03,MIN_PROFIT_TP_HIT,0.1192
1012,TRUMP_USDT,LONG,StochasticRSI(MICRO_BURST-LONG),2,0.2,1.662,1.658,1.664,1.658,2026-07-07 09:16:59 UTC,2026-07-07 09:29:48 UTC,768.51,0.3324,0.0044,0.0,-0.0008,-0.08,-18.05,STOP_LOSS_HIT,0.1184
1013,TRUMP_USDT,LONG,StochasticRSI(MICRO_BURST-LONG),2,0.2,1.659,1.661,1.661,1.655,2026-07-07 09:35:59 UTC,2026-07-07 09:38:35 UTC,155.5,0.3318,0.0044,0.0,0.0004,0.04,9.04,MIN_PROFIT_TP_HIT,0.1188
1014,TRUMP_USDT,SHORT,StochasticRSI(MICRO_BURST-SHORT),2,0.2,1.662,1.66,1.66,1.666,2026-07-07 09:45:59 UTC,2026-07-07 09:46:35 UTC,35.89,0.3324,0.0044,0.0,0.0004,0.04,9.03,MIN_PROFIT_TP_HIT,0.1192
1015,TRUMP_USDT,SHORT,StochasticRSI(MICRO_BURST-SHORT),2,0.2,1.66,1.664,1.658,1.664,2026-07-07 09:54:59 UTC,2026-07-07 09:57:38 UTC,158.16,0.332,0.0044,0.0,-0.0008,-0.08,-18.07,STOP_LOSS_HIT,0.1184
1016,TRUMP_USDT,SHORT,StochasticRSI(MICRO_BURST-SHORT),2,0.2,1.666,1.664,1.664,1.67,2026-07-07 10:07:59 UTC,2026-07-07 10:10:30 UTC,150.91,0.3332,0.0044,0.0,0.0004,0.04,9.0,MIN_PROFIT_TP_HIT,0.1188
1017,TRUMP_USDT,LONG,StochasticRSI(MICRO_BURST-LONG),2,0.2,1.664,1.666,1.666,1.66,2026-07-07 10:13:59 UTC,2026-07-07 10:17:00 UTC,180.73,0.3328,0.0044,0.0,0.0004,0.04,9.01,MIN_PROFIT_TP_HIT,0.1192
1018,TRUMP_USDT,LONG,StochasticRSI(MICRO_BURST-LONG),2,0.2,1.665,1.661,1.667,1.661,2026-07-07 10:25:59 UTC,2026-07-07 10:52:05 UTC,1565.84,0.333,0.0044,0.0,-0.0008,-0.08,-18.02,STOP_LOSS_HIT,0.1184
1019,TRUMP_USDT,LONG,StochasticRSI(MICRO_BURST-LONG),2,0.2,1.664,1.66,1.666,1.66,2026-07-07 10:59:59 UTC,2026-07-07 11:02:10 UTC,130.6,0.3328,0.0044,0.0,-0.0008,-0.08,-18.03,STOP_LOSS_HIT,0.1176
1020,TRUMP_USDT,LONG,StochasticRSI(MICRO_BURST-LONG),2,0.2,1.659,1.661,1.661,1.655,2026-07-07 11:12:59 UTC,2026-07-07 11:16:34 UTC,214.11,0.3318,0.0044,0.0,0.0004,0.04,9.04,MIN_PROFIT_TP_HIT,0.118
1021,TRUMP_USDT,LONG,StochasticRSI(MICRO_BURST-LONG),2,0.2,1.661,1.657,1.663,1.657,2026-07-07 11:26:59 UTC,2026-07-07 11:35:08 UTC,488.07,0.3322,0.0044,0.0,-0.0008,-0.08,-18.06,STOP_LOSS_HIT,0.1172
1022,TRUMP_USDT,SHORT,StochasticRSI(MICRO_BURST-SHORT),2,0.2,1.661,1.659,1.659,1.665,2026-07-07 11:48:59 UTC,2026-07-07 11:49:06 UTC,6.43,0.3322,0.0044,0.0,0.0004,0.04,9.03,MIN_PROFIT_TP_HIT,0.1176
1023,TRUMP_USDT,SHORT,StochasticRSI(MICRO_BURST-SHORT),2,0.2,1.666,1.664,1.664,1.67,2026-07-07 12:00:59 UTC,2026-07-07 12:01:07 UTC,8.0,0.3332,0.0044,0.0,0.0004,0.04,9.0,MIN_PROFIT_TP_HIT,0.118
1024,TRUMP_USDT,SHORT,StochasticRSI(MICRO_BURST-SHORT),2,0.2,1.671,1.669,1.669,1.675,2026-07-07 12:09:59 UTC,2026-07-07 12:10:19 UTC,19.81,0.3342,0.0045,0.0,0.0004,0.04,8.98,MIN_PROFIT_TP_HIT,0.1184
1025,TRUMP_USDT,LONG,StochasticRSI(MICRO_BURST-LONG),2,0.2,1.672,1.668,1.674,1.668,2026-07-07 12:14:59 UTC,2026-07-07 12:16:12 UTC,72.66,0.3344,0.0045,0.0,-0.0008,-0.08,-17.94,STOP_LOSS_HIT,0.1176
1026,TRUMP_USDT,SHORT,StochasticRSI(MICRO_BURST-SHORT),2,0.2,1.661,1.659,1.659,1.665,2026-07-07 12:46:59 UTC,2026-07-07 12:47:48 UTC,48.98,0.3322,0.0044,0.0,0.0004,0.04,9.03,MIN_PROFIT_TP_HIT,0.118
1027,TRUMP_USDT,LONG,StochasticRSI(MICRO_BURST-LONG),2,0.2,1.66,1.662,1.662,1.656,2026-07-07 12:51:59 UTC,2026-07-07 12:54:29 UTC,149.29,0.332,0.0044,0.0,0.0004,0.04,9.04,MIN_PROFIT_TP_HIT,0.1184
1028,TRUMP_USDT,SHORT,StochasticRSI(MICRO_BURST-SHORT),2,0.2,1.661,1.659,1.659,1.665,2026-07-07 12:57:59 UTC,2026-07-07 12:58:25 UTC,25.88,0.3322,0.0044,0.0,0.0004,0.04,9.03,MIN_PROFIT_TP_HIT,0.1188
1029,TRUMP_USDT,SHORT,StochasticRSI(MICRO_BURST-SHORT),2,0.2,1.653,1.651,1.651,1.657,2026-07-07 13:11:59 UTC,2026-07-07 13:16:17 UTC,257.36,0.3306,0.0044,0.0,0.0004,0.04,9.07,MIN_PROFIT_TP_HIT,0.1192
1030,TRUMP_USDT,LONG,StochasticRSI(MICRO_BURST-LONG),2,0.2,1.649,1.645,1.651,1.645,2026-07-07 13:23:59 UTC,2026-07-07 13:25:01 UTC,61.6,0.3298,0.0044,0.0,-0.0008,-0.08,-18.19,STOP_LOSS_HIT,0.1184
1031,TRUMP_USDT,LONG,StochasticRSI(MICRO_BURST-LONG),2,0.2,1.647,1.649,1.649,1.643,2026-07-07 13:30:59 UTC,2026-07-07 13:31:39 UTC,39.36,0.3294,0.0044,0.0,0.0004,0.04,9.11,MIN_PROFIT_TP_HIT,0.1188
1032,TRUMP_USDT,SHORT,StochasticRSI(MICRO_BURST-SHORT),2,0.2,1.648,1.646,1.646,1.652,2026-07-07 13:34:59 UTC,2026-07-07 13:35:11 UTC,11.12,0.3296,0.0044,0.0,0.0004,0.04,9.1,MIN_PROFIT_TP_HIT,0.1192
1033,TRUMP_USDT,SHORT,StochasticRSI(MICRO_BURST-SHORT),2,0.2,1.654,1.652,1.652,1.658,2026-07-07 13:44:59 UTC,2026-07-07 13:45:10 UTC,10.45,0.3308,0.0044,0.0,0.0004,0.04,9.07,MIN_PROFIT_TP_HIT,0.1196
1034,TRUMP_USDT,SHORT,StochasticRSI(MICRO_BURST-SHORT),2,0.2,1.658,1.656,1.656,1.662,2026-07-07 13:48:59 UTC,2026-07-07 13:51:08 UTC,128.12,0.3316,0.0044,0.0,0.0004,0.04,9.05,MIN_PROFIT_TP_HIT,0.12
1035,TRUMP_USDT,LONG,StochasticRSI(MICRO_BURST-LONG),2,0.2,1.647,1.649,1.649,1.643,2026-07-07 13:57:59 UTC,2026-07-07 13:58:30 UTC,30.83,0.3294,0.0044,0.0,0.0004,0.04,9.11,MIN_PROFIT_TP_HIT,0.1204
1036,TRUMP_USDT,SHORT,StochasticRSI(MICRO_BURST-SHORT),2,0.2,1.653,1.651,1.651,1.657,2026-07-07 14:09:59 UTC,2026-07-07 14:10:24 UTC,24.92,0.3306,0.0044,0.0,0.0004,0.04,9.07,MIN_PROFIT_TP_HIT,0.1208
1037,TRUMP_USDT,LONG,StochasticRSI(MICRO_BURST-LONG),2,0.2,1.646,1.648,1.648,1.642,2026-07-07 14:14:59 UTC,2026-07-07 14:15:58 UTC,58.97,0.3292,0.0044,0.0,0.0004,0.04,9.11,MIN_PROFIT_TP_HIT,0.1212
1038,TRUMP_USDT,LONG,StochasticRSI(MICRO_BURST-LONG),2,0.2,1.649,1.651,1.651,1.645,2026-07-07 14:18:59 UTC,2026-07-07 14:19:09 UTC,9.08,0.3298,0.0044,0.0,0.0004,0.04,9.1,MIN_PROFIT_TP_HIT,0.1216
1039,TRUMP_USDT,LONG,StochasticRSI(MICRO_BURST-LONG),2,0.2,1.65,1.652,1.652,1.646,2026-07-07 14:28:59 UTC,2026-07-07 14:29:19 UTC,19.38,0.33,0.0044,0.0,0.0004,0.04,9.09,MIN_PROFIT_TP_HIT,0.122
1040,TRUMP_USDT,SHORT,StochasticRSI(MICRO_BURST-SHORT),2,0.2,1.654,1.658,1.652,1.658,2026-07-07 14:32:59 UTC,2026-07-07 14:33:52 UTC,52.48,0.3308,0.0044,0.0,-0.0008,-0.08,-18.14,STOP_LOSS_HIT,0.1212
1041,TRUMP_USDT,LONG,StochasticRSI(MICRO_BURST-LONG),2,0.2,1.644,1.646,1.646,1.64,2026-07-07 14:39:59 UTC,2026-07-07 14:41:45 UTC,105.31,0.3288,0.0044,0.0,0.0004,0.04,9.12,MIN_PROFIT_TP_HIT,0.1216
1042,TRUMP_USDT,SHORT,StochasticRSI(MICRO_BURST-SHORT),2,0.2,1.648,1.646,1.646,1.652,2026-07-07 14:45:59 UTC,2026-07-07 14:47:12 UTC,72.26,0.3296,0.0044,0.0,0.0004,0.04,9.1,MIN_PROFIT_TP_HIT,0.122
1043,TRUMP_USDT,SHORT,StochasticRSI(MICRO_BURST-SHORT),2,0.2,1.669,1.667,1.667,1.673,2026-07-07 14:56:59 UTC,2026-07-07 14:57:05 UTC,5.59,0.3338,0.0045,0.0,0.0004,0.04,8.99,MIN_PROFIT_TP_HIT,0.1224
1044,TRUMP_USDT,SHORT,StochasticRSI(MICRO_BURST-SHORT),2,0.2,1.668,1.666,1.666,1.672,2026-07-07 14:59:59 UTC,2026-07-07 15:00:13 UTC,13.67,0.3336,0.0044,0.0,0.0004,0.04,8.99,MIN_PROFIT_TP_HIT,0.1228
1045,TRUMP_USDT,LONG,StochasticRSI(MICRO_BURST-LONG),2,0.2,1.672,1.674,1.674,1.668,2026-07-07 15:07:59 UTC,2026-07-07 15:08:07 UTC,7.8,0.3344,0.0045,0.0,0.0004,0.04,8.97,MIN_PROFIT_TP_HIT,0.1232
1046,TRUMP_USDT,SHORT,StochasticRSI(MICRO_BURST-SHORT),2,0.2,1.677,1.675,1.675,1.681,2026-07-07 15:13:59 UTC,2026-07-07 15:14:30 UTC,30.95,0.3354,0.0045,0.0,0.0004,0.04,8.94,MIN_PROFIT_TP_HIT,0.1236
1047,TRUMP_USDT,LONG,StochasticRSI(MICRO_BURST-LONG),2,0.2,1.675,1.671,1.677,1.671,2026-07-07 15:23:59 UTC,2026-07-07 15:25:31 UTC,91.53,0.335,0.0045,0.0,-0.0008,-0.08,-17.91,STOP_LOSS_HIT,0.1228
1048,TRUMP_USDT,SHORT,StochasticRSI(MICRO_BURST-SHORT),2,0.2,1.675,1.673,1.673,1.679,2026-07-07 15:30:59 UTC,2026-07-07 15:35:08 UTC,248.8,0.335,0.0045,0.0,0.0004,0.04,8.96,MIN_PROFIT_TP_HIT,0.1232
1049,TRUMP_USDT,LONG,StochasticRSI(MICRO_BURST-LONG),2,0.2,1.678,1.68,1.68,1.674,2026-07-07 15:44:59 UTC,2026-07-07 15:45:03 UTC,3.77,0.3356,0.0045,0.0,0.0004,0.04,8.94,MIN_PROFIT_TP_HIT,0.1236
1050,TRUMP_USDT,SHORT,StochasticRSI(MICRO_BURST-SHORT),2,0.2,1.682,1.686,1.68,1.686,2026-07-07 15:49:59 UTC,2026-07-07 15:50:45 UTC,45.64,0.3364,0.0045,0.0,-0.0008,-0.08,-17.84,STOP_LOSS_HIT,0.1228
1051,TRUMP_USDT,LONG,StochasticRSI(MICRO_BURST-LONG),2,0.2,1.682,1.678,1.684,1.678,2026-07-07 16:05:59 UTC,2026-07-07 16:07:27 UTC,87.71,0.3364,0.0045,0.0,-0.0008,-0.08,-17.84,STOP_LOSS_HIT,0.122
1052,TRUMP_USDT,LONG,StochasticRSI(MICRO_BURST-LONG),2,0.2,1.677,1.679,1.679,1.673,2026-07-07 16:11:59 UTC,2026-07-07 16:12:53 UTC,53.57,0.3354,0.0045,0.0,0.0004,0.04,8.94,MIN_PROFIT_TP_HIT,0.1224
1053,TRUMP_USDT,SHORT,StochasticRSI(MICRO_BURST-SHORT),2,0.2,1.677,1.681,1.675,1.681,2026-07-07 16:18:59 UTC,2026-07-07 16:20:04 UTC,64.67,0.3354,0.0045,0.0,-0.0008,-0.08,-17.89,STOP_LOSS_HIT,0.1216
1054,TRUMP_USDT,SHORT,StochasticRSI(MICRO_BURST-SHORT),2,0.2,1.686,1.684,1.684,1.69,2026-07-07 16:26:59 UTC,2026-07-07 16:31:59 UTC,299.06,0.3372,0.0045,0.0,0.0004,0.04,8.9,MIN_PROFIT_TP_HIT,0.122
1055,TRUMP_USDT,LONG,StochasticRSI(MICRO_BURST-LONG),2,0.2,1.682,1.684,1.684,1.678,2026-07-07 16:33:59 UTC,2026-07-07 16:34:27 UTC,27.13,0.3364,0.0045,0.0,0.0004,0.04,8.92,MIN_PROFIT_TP_HIT,0.1224
1056,TRUMP_USDT,LONG,StochasticRSI(MICRO_BURST-LONG),2,0.2,1.684,1.686,1.686,1.68,2026-07-07 16:35:59 UTC,2026-07-07 16:36:54 UTC,54.06,0.3368,0.0045,0.0,0.0004,0.04,8.91,MIN_PROFIT_TP_HIT,0.1228
1057,TRUMP_USDT,SHORT,StochasticRSI(MICRO_BURST-SHORT),2,0.2,1.683,1.681,1.681,1.687,2026-07-07 16:43:59 UTC,2026-07-07 16:46:33 UTC,153.52,0.3366,0.0045,0.0,0.0004,0.04,8.91,MIN_PROFIT_TP_HIT,0.1232
1058,TRUMP_USDT,LONG,StochasticRSI(MICRO_BURST-LONG),2,0.2,1.688,1.684,1.69,1.684,2026-07-07 17:02:59 UTC,2026-07-07 17:04:30 UTC,90.06,0.3376,0.0045,0.0,-0.0008,-0.08,-17.77,STOP_LOSS_HIT,0.1224
1059,TRUMP_USDT,LONG,StochasticRSI(MICRO_BURST-LONG),2,0.2,1.687,1.689,1.689,1.683,2026-07-07 17:05:59 UTC,2026-07-07 17:07:02 UTC,62.7,0.3374,0.0045,0.0,0.0004,0.04,8.89,MIN_PROFIT_TP_HIT,0.1228
1060,TRUMP_USDT,LONG,StochasticRSI(MICRO_BURST-LONG),2,0.2,1.68,1.682,1.682,1.676,2026-07-07 17:20:59 UTC,2026-07-07 17:21:11 UTC,11.96,0.336,0.0045,0.0,0.0004,0.04,8.93,MIN_PROFIT_TP_HIT,0.1232
1061,TRUMP_USDT,SHORT,StochasticRSI(MICRO_BURST-SHORT),2,0.2,1.681,1.679,1.679,1.685,2026-07-07 17:30:59 UTC,2026-07-07 17:32:31 UTC,91.46,0.3362,0.0045,0.0,0.0004,0.04,8.92,MIN_PROFIT_TP_HIT,0.1236
1062,TRUMP_USDT,LONG,StochasticRSI(MICRO_BURST-LONG),2,0.2,1.683,1.679,1.685,1.679,2026-07-07 17:35:59 UTC,2026-07-07 17:37:09 UTC,69.24,0.3366,0.0045,0.0,-0.0008,-0.08,-17.83,STOP_LOSS_HIT,0.1228
1063,TRUMP_USDT,SHORT,StochasticRSI(MICRO_BURST-SHORT),2,0.2,1.68,1.678,1.678,1.684,2026-07-07 17:39:59 UTC,2026-07-07 17:40:05 UTC,5.35,0.336,0.0045,0.0,0.0004,0.04,8.93,MIN_PROFIT_TP_HIT,0.1232
1064,TRUMP_USDT,LONG,StochasticRSI(MICRO_BURST-LONG),2,0.2,1.676,1.678,1.678,1.672,2026-07-07 17:49:59 UTC,2026-07-07 17:52:29 UTC,149.95,0.3352,0.0045,0.0,0.0004,0.04,8.95,MIN_PROFIT_TP_HIT,0.1236
1065,TRUMP_USDT,SHORT,StochasticRSI(MICRO_BURST-SHORT),2,0.2,1.68,1.678,1.678,1.684,2026-07-07 17:59:59 UTC,2026-07-07 18:00:12 UTC,12.84,0.336,0.0045,0.0,0.0004,0.04,8.93,MIN_PROFIT_TP_HIT,0.124
1066,TRUMP_USDT,LONG,StochasticRSI(MICRO_BURST-LONG),2,0.2,1.67,1.672,1.672,1.666,2026-07-07 18:06:59 UTC,2026-07-07 18:12:21 UTC,321.78,0.334,0.0045,0.0,0.0004,0.04,8.98,MIN_PROFIT_TP_HIT,0.1244
1067,TRUMP_USDT,SHORT,StochasticRSI(MICRO_BURST-SHORT),2,0.2,1.671,1.669,1.669,1.675,2026-07-07 18:16:59 UTC,2026-07-07 18:19:15 UTC,135.89,0.3342,0.0045,0.0,0.0004,0.04,8.98,MIN_PROFIT_TP_HIT,0.1248
1068,TRUMP_USDT,LONG,StochasticRSI(MICRO_BURST-LONG),2,0.2,1.669,1.671,1.671,1.665,2026-07-07 18:31:59 UTC,2026-07-07 18:36:46 UTC,286.17,0.3338,0.0045,0.0,0.0004,0.04,8.99,MIN_PROFIT_TP_HIT,0.1252
1069,TRUMP_USDT,SHORT,StochasticRSI(MICRO_BURST-SHORT),2,0.2,1.674,1.672,1.672,1.678,2026-07-07 18:38:59 UTC,2026-07-07 18:39:42 UTC,42.63,0.3348,0.0045,0.0,0.0004,0.04,8.96,MIN_PROFIT_TP_HIT,0.1256
1070,TRUMP_USDT,SHORT,StochasticRSI(MICRO_BURST-SHORT),2,0.2,1.672,1.676,1.67,1.676,2026-07-07 18:41:59 UTC,2026-07-07 18:44:59 UTC,179.62,0.3344,0.0045,0.0,-0.0008,-0.08,-17.94,STOP_LOSS_HIT,0.1248
1071,TRUMP_USDT,LONG,StochasticRSI(MICRO_BURST-LONG),2,0.2,1.661,1.657,1.663,1.657,2026-07-07 18:54:59 UTC,2026-07-07 18:57:19 UTC,139.09,0.3322,0.0044,0.0,-0.0008,-0.08,-18.06,STOP_LOSS_HIT,0.124
1072,TRUMP_USDT,SHORT,StochasticRSI(MICRO_BURST-SHORT),2,0.2,1.658,1.656,1.656,1.662,2026-07-07 18:59:59 UTC,2026-07-07 19:00:05 UTC,6.0,0.3316,0.0044,0.0,0.0004,0.04,9.05,MIN_PROFIT_TP_HIT,0.1244
1073,TRUMP_USDT,SHORT,StochasticRSI(MICRO_BURST-SHORT),2,0.2,1.651,1.655,1.649,1.655,2026-07-07 19:07:59 UTC,2026-07-07 19:13:06 UTC,306.39,0.3302,0.0044,0.0,-0.0008,-0.08,-18.17,STOP_LOSS_HIT,0.1236
1074,TRUMP_USDT,SHORT,StochasticRSI(MICRO_BURST-SHORT),2,0.2,1.657,1.655,1.655,1.661,2026-07-07 19:16:59 UTC,2026-07-07 19:18:07 UTC,67.01,0.3314,0.0044,0.0,0.0004,0.04,9.05,MIN_PROFIT_TP_HIT,0.124
1075,TRUMP_USDT,LONG,StochasticRSI(MICRO_BURST-LONG),2,0.2,1.652,1.654,1.654,1.648,2026-07-07 19:23:59 UTC,2026-07-07 19:25:52 UTC,112.43,0.3304,0.0044,0.0,0.0004,0.04,9.08,MIN_PROFIT_TP_HIT,0.1244
1076,TRUMP_USDT,SHORT,StochasticRSI(MICRO_BURST-SHORT),2,0.2,1.665,1.663,1.663,1.669,2026-07-07 19:32:59 UTC,2026-07-07 19:39:02 UTC,362.47,0.333,0.0044,0.0,0.0004,0.04,9.01,MIN_PROFIT_TP_HIT,0.1248
1077,TRUMP_USDT,LONG,StochasticRSI(MICRO_BURST-LONG),2,0.2,1.666,1.662,1.668,1.662,2026-07-07 19:41:59 UTC,2026-07-07 19:53:07 UTC,667.58,0.3332,0.0044,0.0,-0.0008,-0.08,-18.01,STOP_LOSS_HIT,0.124
1078,TRUMP_USDT,LONG,StochasticRSI(MICRO_BURST-LONG),2,0.2,1.662,1.664,1.664,1.658,2026-07-07 19:57:59 UTC,2026-07-07 19:58:14 UTC,14.05,0.3324,0.0044,0.0,0.0004,0.04,9.03,MIN_PROFIT_TP_HIT,0.1244
1079,TRUMP_USDT,SHORT,StochasticRSI(MICRO_BURST-SHORT),2,0.2,1.663,1.661,1.661,1.667,2026-07-07 20:06:59 UTC,2026-07-07 20:07:08 UTC,8.21,0.3326,0.0044,0.0,0.0004,0.04,9.02,MIN_PROFIT_TP_HIT,0.1248
1080,TRUMP_USDT,SHORT,StochasticRSI(MICRO_BURST-SHORT),2,0.2,1.664,1.662,1.662,1.668,2026-07-07 20:27:59 UTC,2026-07-07 20:28:13 UTC,13.41,0.3328,0.0044,0.0,0.0004,0.04,9.01,MIN_PROFIT_TP_HIT,0.1252
1081,TRUMP_USDT,LONG,StochasticRSI(MICRO_BURST-LONG),2,0.2,1.66,1.656,1.662,1.656,2026-07-07 20:37:59 UTC,2026-07-07 20:42:13 UTC,253.61,0.332,0.0044,0.0,-0.0008,-0.08,-18.07,STOP_LOSS_HIT,0.1244
1082,TRUMP_USDT,LONG,StochasticRSI(MICRO_BURST-LONG),2,0.2,1.652,1.654,1.654,1.648,2026-07-07 20:53:59 UTC,2026-07-07 20:54:03 UTC,3.39,0.3304,0.0044,0.0,0.0004,0.04,9.08,MIN_PROFIT_TP_HIT,0.1248
1083,TRUMP_USDT,SHORT,StochasticRSI(MICRO_BURST-SHORT),2,0.2,1.652,1.656,1.65,1.656,2026-07-07 21:03:59 UTC,2026-07-07 21:05:17 UTC,77.21,0.3304,0.0044,0.0,-0.0008,-0.08,-18.16,STOP_LOSS_HIT,0.124
1084,TRUMP_USDT,SHORT,StochasticRSI(MICRO_BURST-SHORT),2,0.2,1.657,1.661,1.655,1.661,2026-07-07 21:10:59 UTC,2026-07-07 21:13:08 UTC,128.41,0.3314,0.0044,0.0,-0.0008,-0.08,-18.11,STOP_LOSS_HIT,0.1232
1085,TRUMP_USDT,SHORT,StochasticRSI(MICRO_BURST-SHORT),2,0.2,1.66,1.658,1.658,1.664,2026-07-07 21:15:59 UTC,2026-07-07 21:16:18 UTC,18.1,0.332,0.0044,0.0,0.0004,0.04,9.04,MIN_PROFIT_TP_HIT,0.1236
1086,TRUMP_USDT,LONG,StochasticRSI(MICRO_BURST-LONG),2,0.2,1.65,1.646,1.652,1.646,2026-07-07 21:23:59 UTC,2026-07-07 21:24:45 UTC,45.59,0.33,0.0044,0.0,-0.0008,-0.08,-18.18,STOP_LOSS_HIT,0.1228
1087,TRUMP_USDT,SHORT,StochasticRSI(MICRO_BURST-SHORT),2,0.2,1.649,1.647,1.647,1.653,2026-07-07 21:31:59 UTC,2026-07-07 21:37:40 UTC,340.56,0.3298,0.0044,0.0,0.0004,0.04,9.1,MIN_PROFIT_TP_HIT,0.1232
1088,TRUMP_USDT,LONG,StochasticRSI(MICRO_BURST-LONG),2,0.2,1.646,1.648,1.648,1.642,2026-07-07 21:41:59 UTC,2026-07-07 21:46:36 UTC,276.25,0.3292,0.0044,0.0,0.0004,0.04,9.11,MIN_PROFIT_TP_HIT,0.1236
1089,TRUMP_USDT,SHORT,StochasticRSI(MICRO_BURST-SHORT),2,0.2,1.65,1.648,1.648,1.654,2026-07-07 21:49:59 UTC,2026-07-07 21:50:49 UTC,49.04,0.33,0.0044,0.0,0.0004,0.04,9.09,MIN_PROFIT_TP_HIT,0.124
1090,TRUMP_USDT,LONG,StochasticRSI(MICRO_BURST-LONG),2,0.2,1.643,1.639,1.645,1.639,2026-07-07 21:56:59 UTC,2026-07-07 22:00:10 UTC,190.78,0.3286,0.0044,0.0,-0.0008,-0.08,-18.26,STOP_LOSS_HIT,0.1232
1091,TRUMP_USDT,SHORT,StochasticRSI(MICRO_BURST-SHORT),2,0.2,1.641,1.639,1.639,1.645,2026-07-07 22:10:59 UTC,2026-07-07 22:15:46 UTC,286.83,0.3282,0.0044,0.0,0.0004,0.04,9.14,MIN_PROFIT_TP_HIT,0.1236
1092,TRUMP_USDT,LONG,StochasticRSI(MICRO_BURST-LONG),2,0.2,1.642,1.644,1.644,1.638,2026-07-07 22:29:59 UTC,2026-07-07 22:35:05 UTC,305.01,0.3284,0.0044,0.0,0.0004,0.04,9.14,MIN_PROFIT_TP_HIT,0.124
1093,TRUMP_USDT,SHORT,StochasticRSI(MICRO_BURST-SHORT),2,0.2,1.643,1.647,1.641,1.647,2026-07-07 22:38:59 UTC,2026-07-07 22:41:07 UTC,127.04,0.3286,0.0044,0.0,-0.0008,-0.08,-18.26,STOP_LOSS_HIT,0.1232
1094,TRUMP_USDT,SHORT,StochasticRSI(MICRO_BURST-SHORT),2,0.2,1.645,1.643,1.643,1.649,2026-07-07 22:47:59 UTC,2026-07-07 22:48:05 UTC,5.71,0.329,0.0044,0.0,0.0004,0.04,9.12,MIN_PROFIT_TP_HIT,0.1236
1095,TRUMP_USDT,SHORT,StochasticRSI(MICRO_BURST-SHORT),2,0.2,1.645,1.643,1.643,1.649,2026-07-07 22:54:59 UTC,2026-07-07 23:00:07 UTC,307.9,0.329,0.0044,0.0,0.0004,0.04,9.12,MIN_PROFIT_TP_HIT,0.124
1096,TRUMP_USDT,SHORT,StochasticRSI(MICRO_BURST-SHORT),2,0.2,1.645,1.649,1.643,1.649,2026-07-07 23:04:59 UTC,2026-07-07 23:07:20 UTC,140.66,0.329,0.0044,0.0,-0.0008,-0.08,-18.24,STOP_LOSS_HIT,0.1232
1097,TRUMP_USDT,SHORT,StochasticRSI(MICRO_BURST-SHORT),2,0.2,1.647,1.645,1.645,1.651,2026-07-07 23:10:59 UTC,2026-07-07 23:11:04 UTC,4.22,0.3294,0.0044,0.0,0.0004,0.04,9.11,MIN_PROFIT_TP_HIT,0.1236
1098,TRUMP_USDT,SHORT,StochasticRSI(MICRO_BURST-SHORT),2,0.2,1.651,1.649,1.649,1.655,2026-07-07 23:19:59 UTC,2026-07-07 23:21:08 UTC,68.44,0.3302,0.0044,0.0,0.0004,0.04,9.09,MIN_PROFIT_TP_HIT,0.124
1099,TRUMP_USDT,SHORT,StochasticRSI(MICRO_BURST-SHORT),2,0.2,1.652,1.65,1.65,1.656,2026-07-07 23:34:59 UTC,2026-07-07 23:36:56 UTC,116.89,0.3304,0.0044,0.0,0.0004,0.04,9.08,MIN_PROFIT_TP_HIT,0.1244
1100,TRUMP_USDT,SHORT,StochasticRSI(MICRO_BURST-SHORT),2,0.2,1.651,1.649,1.649,1.655,2026-07-07 23:37:59 UTC,2026-07-07 23:39:08 UTC,68.61,0.3302,0.0044,0.0,0.0004,0.04,9.09,MIN_PROFIT_TP_HIT,0.1248
1101,TRUMP_USDT,LONG,StochasticRSI(MICRO_BURST-LONG),2,0.2,1.645,1.647,1.647,1.641,2026-07-07 23:46:59 UTC,2026-07-07 23:48:07 UTC,67.82,0.329,0.0044,0.0,0.0004,0.04,9.12,MIN_PROFIT_TP_HIT,0.1252
1102,TRUMP_USDT,SHORT,StochasticRSI(MICRO_BURST-SHORT),2,0.2,1.646,1.644,1.644,1.65,2026-07-07 23:51:59 UTC,2026-07-07 23:53:00 UTC,60.06,0.3292,0.0044,0.0,0.0004,0.04,9.11,MIN_PROFIT_TP_HIT,0.1256
1103,TRUMP_USDT,SHORT,StochasticRSI(MICRO_BURST-SHORT),2,0.2,1.646,1.644,1.644,1.65,2026-07-07 23:54:59 UTC,2026-07-07 23:57:35 UTC,155.47,0.3292,0.0044,0.0,0.0004,0.04,9.11,MIN_PROFIT_TP_HIT,0.126
1104,TRUMP_USDT,LONG,StochasticRSI(MICRO_BURST-LONG),2,0.2,1.648,1.65,1.65,1.644,2026-07-08 00:02:59 UTC,2026-07-08 00:03:50 UTC,50.05,0.3296,0.0044,0.0,0.0004,0.04,9.1,MIN_PROFIT_TP_HIT,0.1264
1105,TRUMP_USDT,SHORT,StochasticRSI(MICRO_BURST-SHORT),2,0.2,1.651,1.649,1.649,1.655,2026-07-08 00:08:59 UTC,2026-07-08 00:09:29 UTC,29.84,0.3302,0.0044,0.0,0.0004,0.04,9.09,MIN_PROFIT_TP_HIT,0.1268
1106,TRUMP_USDT,LONG,StochasticRSI(MICRO_BURST-LONG),2,0.2,1.65,1.652,1.652,1.646,2026-07-08 00:13:59 UTC,2026-07-08 00:15:31 UTC,91.22,0.33,0.0044,0.0,0.0004,0.04,9.09,MIN_PROFIT_TP_HIT,0.1272
1107,TRUMP_USDT,LONG,StochasticRSI(MICRO_BURST-LONG),2,0.2,1.647,1.649,1.649,1.643,2026-07-08 00:18:59 UTC,2026-07-08 00:19:18 UTC,18.7,0.3294,0.0044,0.0,0.0004,0.04,9.11,MIN_PROFIT_TP_HIT,0.1276
1108,TRUMP_USDT,SHORT,StochasticRSI(MICRO_BURST-SHORT),2,0.2,1.651,1.649,1.649,1.655,2026-07-08 00:30:59 UTC,2026-07-08 00:32:06 UTC,66.87,0.3302,0.0044,0.0,0.0004,0.04,9.09,MIN_PROFIT_TP_HIT,0.128
1109,TRUMP_USDT,LONG,StochasticRSI(MICRO_BURST-LONG),2,0.2,1.65,1.652,1.652,1.646,2026-07-08 00:37:59 UTC,2026-07-08 00:39:47 UTC,107.94,0.33,0.0044,0.0,0.0004,0.04,9.09,MIN_PROFIT_TP_HIT,0.1284
1110,TRUMP_USDT,SHORT,StochasticRSI(MICRO_BURST-SHORT),2,0.2,1.653,1.651,1.651,1.657,2026-07-08 00:45:59 UTC,2026-07-08 00:55:04 UTC,544.93,0.3306,0.0044,0.0,0.0004,0.04,9.07,MIN_PROFIT_TP_HIT,0.1288
1111,TRUMP_USDT,LONG,StochasticRSI(MICRO_BURST-LONG),2,0.2,1.647,1.643,1.649,1.643,2026-07-08 01:02:59 UTC,2026-07-08 01:09:01 UTC,361.22,0.3294,0.0044,0.0,-0.0008,-0.08,-18.21,STOP_LOSS_HIT,0.128
1112,TRUMP_USDT,SHORT,StochasticRSI(MICRO_BURST-SHORT),2,0.2,1.642,1.64,1.64,1.646,2026-07-08 01:15:59 UTC,2026-07-08 01:20:57 UTC,297.69,0.3284,0.0044,0.0,0.0004,0.04,9.14,MIN_PROFIT_TP_HIT,0.1284
1113,TRUMP_USDT,LONG,StochasticRSI(MICRO_BURST-LONG),2,0.2,1.641,1.643,1.643,1.637,2026-07-08 01:22:59 UTC,2026-07-08 01:23:14 UTC,14.76,0.3282,0.0044,0.0,0.0004,0.04,9.14,MIN_PROFIT_TP_HIT,0.1288
1114,TRUMP_USDT,SHORT,StochasticRSI(MICRO_BURST-SHORT),2,0.2,1.642,1.64,1.64,1.646,2026-07-08 01:26:59 UTC,2026-07-08 01:28:31 UTC,91.48,0.3284,0.0044,0.0,0.0004,0.04,9.14,MIN_PROFIT_TP_HIT,0.1292
1115,TRUMP_USDT,SHORT,StochasticRSI(MICRO_BURST-SHORT),2,0.2,1.64,1.638,1.638,1.644,2026-07-08 01:30:59 UTC,2026-07-08 01:31:33 UTC,33.09,0.328,0.0044,0.0,0.0004,0.04,9.15,MIN_PROFIT_TP_HIT,0.1296
1116,TRUMP_USDT,LONG,StochasticRSI(MICRO_BURST-LONG),2,0.2,1.61,1.612,1.612,1.606,2026-07-08 01:39:59 UTC,2026-07-08 01:40:02 UTC,2.67,0.322,0.0043,0.0,0.0004,0.04,9.32,MIN_PROFIT_TP_HIT,0.13
1117,TRUMP_USDT,SHORT,StochasticRSI(MICRO_BURST-SHORT),2,0.2,1.617,1.615,1.615,1.621,2026-07-08 01:47:59 UTC,2026-07-08 01:48:36 UTC,36.01,0.3234,0.0043,0.0,0.0004,0.04,9.28,MIN_PROFIT_TP_HIT,0.1304
1118,TRUMP_USDT,LONG,StochasticRSI(MICRO_BURST-LONG),2,0.2,1.612,1.608,1.614,1.608,2026-07-08 01:58:59 UTC,2026-07-08 02:00:01 UTC,61.75,0.3224,0.0043,0.0,-0.0008,-0.08,-18.61,STOP_LOSS_HIT,0.1296
1119,TRUMP_USDT,LONG,StochasticRSI(MICRO_BURST-LONG),2,0.2,1.602,1.604,1.604,1.598,2026-07-08 02:04:59 UTC,2026-07-08 02:05:05 UTC,5.86,0.3204,0.0043,0.0,0.0004,0.04,9.36,MIN_PROFIT_TP_HIT,0.13
1120,TRUMP_USDT,SHORT,StochasticRSI(MICRO_BURST-SHORT),2,0.2,1.598,1.602,1.596,1.602,2026-07-08 02:09:59 UTC,2026-07-08 02:10:27 UTC,27.01,0.3196,0.0043,0.0,-0.0008,-0.08,-18.77,STOP_LOSS_HIT,0.1292
1121,TRUMP_USDT,SHORT,StochasticRSI(MICRO_BURST-SHORT),2,0.2,1.6,1.598,1.598,1.604,2026-07-08 02:15:59 UTC,2026-07-08 02:16:41 UTC,41.29,0.32,0.0043,0.0,0.0004,0.04,9.38,MIN_PROFIT_TP_HIT,0.1296
1122,TRUMP_USDT,SHORT,StochasticRSI(MICRO_BURST-SHORT),2,0.2,1.605,1.603,1.603,1.609,2026-07-08 02:31:59 UTC,2026-07-08 02:32:05 UTC,5.11,0.321,0.0043,0.0,0.0004,0.04,9.35,MIN_PROFIT_TP_HIT,0.13
1123,TRUMP_USDT,LONG,StochasticRSI(MICRO_BURST-LONG),2,0.2,1.606,1.608,1.608,1.602,2026-07-08 02:37:59 UTC,2026-07-08 02:38:28 UTC,28.25,0.3212,0.0043,0.0,0.0004,0.04,9.34,MIN_PROFIT_TP_HIT,0.1304
1124,TRUMP_USDT,SHORT,StochasticRSI(MICRO_BURST-SHORT),2,0.2,1.614,1.618,1.612,1.618,2026-07-08 02:44:59 UTC,2026-07-08 02:45:07 UTC,7.41,0.3228,0.0043,0.0,-0.0008,-0.08,-18.59,STOP_LOSS_HIT,0.1296
1125,TRUMP_USDT,LONG,StochasticRSI(MICRO_BURST-LONG),2,0.2,1.613,1.615,1.615,1.609,2026-07-08 02:51:59 UTC,2026-07-08 03:00:06 UTC,486.64,0.3226,0.0043,0.0,0.0004,0.04,9.3,MIN_PROFIT_TP_HIT,0.13
1126,TRUMP_USDT,SHORT,StochasticRSI(MICRO_BURST-SHORT),2,0.2,1.619,1.617,1.617,1.623,2026-07-08 03:05:59 UTC,2026-07-08 03:06:34 UTC,34.69,0.3238,0.0043,0.0,0.0004,0.04,9.26,MIN_PROFIT_TP_HIT,0.1304
1127,TRUMP_USDT,SHORT,StochasticRSI(MICRO_BURST-SHORT),2,0.2,1.622,1.62,1.62,1.626,2026-07-08 03:16:59 UTC,2026-07-08 03:17:37 UTC,37.57,0.3244,0.0043,0.0,0.0004,0.04,9.25,MIN_PROFIT_TP_HIT,0.1308
1128,TRUMP_USDT,LONG,StochasticRSI(MICRO_BURST-LONG),2,0.2,1.621,1.623,1.623,1.617,2026-07-08 03:21:59 UTC,2026-07-08 03:29:23 UTC,443.5,0.3242,0.0043,0.0,0.0004,0.04,9.25,MIN_PROFIT_TP_HIT,0.1312
1129,TRUMP_USDT,LONG,StochasticRSI(MICRO_BURST-LONG),2,0.2,1.617,1.613,1.619,1.613,2026-07-08 03:39:59 UTC,2026-07-08 03:40:49 UTC,49.06,0.3234,0.0043,0.0,-0.0008,-0.08,-18.55,STOP_LOSS_HIT,0.1304
1130,TRUMP_USDT,SHORT,StochasticRSI(MICRO_BURST-SHORT),2,0.2,1.614,1.612,1.612,1.618,2026-07-08 03:50:59 UTC,2026-07-08 03:51:27 UTC,27.85,0.3228,0.0043,0.0,0.0004,0.04,9.29,MIN_PROFIT_TP_HIT,0.1308
1131,TRUMP_USDT,LONG,StochasticRSI(MICRO_BURST-LONG),2,0.2,1.611,1.607,1.613,1.607,2026-07-08 03:55:59 UTC,2026-07-08 04:00:22 UTC,262.51,0.3222,0.0043,0.0,-0.0008,-0.08,-18.62,STOP_LOSS_HIT,0.13
1132,TRUMP_USDT,SHORT,StochasticRSI(MICRO_BURST-SHORT),2,0.2,1.611,1.609,1.609,1.615,2026-07-08 04:11:59 UTC,2026-07-08 04:13:38 UTC,98.03,0.3222,0.0043,0.0,0.0004,0.04,9.31,MIN_PROFIT_TP_HIT,0.1304
1133,TRUMP_USDT,SHORT,StochasticRSI(MICRO_BURST-SHORT),2,0.2,1.612,1.61,1.61,1.616,2026-07-08 04:16:59 UTC,2026-07-08 04:17:08 UTC,8.3,0.3224,0.0043,0.0,0.0004,0.04,9.31,MIN_PROFIT_TP_HIT,0.1308
1134,TRUMP_USDT,LONG,StochasticRSI(MICRO_BURST-LONG),2,0.2,1.611,1.613,1.613,1.607,2026-07-08 04:21:59 UTC,2026-07-08 04:22:07 UTC,7.03,0.3222,0.0043,0.0,0.0004,0.04,9.31,MIN_PROFIT_TP_HIT,0.1312
1135,TRUMP_USDT,SHORT,StochasticRSI(MICRO_BURST-SHORT),2,0.2,1.615,1.613,1.613,1.619,2026-07-08 04:28:59 UTC,2026-07-08 04:29:32 UTC,32.75,0.323,0.0043,0.0,0.0004,0.04,9.29,MIN_PROFIT_TP_HIT,0.1316
1136,TRUMP_USDT,LONG,StochasticRSI(MICRO_BURST-LONG),2,0.2,1.612,1.614,1.614,1.608,2026-07-08 04:36:59 UTC,2026-07-08 04:39:58 UTC,178.75,0.3224,0.0043,0.0,0.0004,0.04,9.31,MIN_PROFIT_TP_HIT,0.132
1137,TRUMP_USDT,LONG,StochasticRSI(MICRO_BURST-LONG),2,0.2,1.609,1.611,1.611,1.605,2026-07-08 04:46:59 UTC,2026-07-08 04:47:07 UTC,7.14,0.3218,0.0043,0.0,0.0004,0.04,9.32,MIN_PROFIT_TP_HIT,0.1324
1138,TRUMP_USDT,SHORT,StochasticRSI(MICRO_BURST-SHORT),2,0.2,1.612,1.616,1.61,1.616,2026-07-08 04:56:59 UTC,2026-07-08 05:00:19 UTC,199.82,0.3224,0.0043,0.0,-0.0008,-0.08,-18.61,STOP_LOSS_HIT,0.1316
1139,TRUMP_USDT,SHORT,StochasticRSI(MICRO_BURST-SHORT),2,0.2,1.613,1.617,1.611,1.617,2026-07-08 05:02:59 UTC,2026-07-08 05:06:09 UTC,189.74,0.3226,0.0043,0.0,-0.0008,-0.08,-18.6,STOP_LOSS_HIT,0.1308
1140,TRUMP_USDT,SHORT,StochasticRSI(MICRO_BURST-SHORT),2,0.2,1.62,1.618,1.618,1.624,2026-07-08 05:12:59 UTC,2026-07-08 05:14:59 UTC,119.69,0.324,0.0043,0.0,0.0004,0.04,9.26,MIN_PROFIT_TP_HIT,0.1312
1141,TRUMP_USDT,LONG,StochasticRSI(MICRO_BURST-LONG),2,0.2,1.621,1.623,1.623,1.617,2026-07-08 05:16:59 UTC,2026-07-08 05:19:42 UTC,162.94,0.3242,0.0043,0.0,0.0004,0.04,9.25,MIN_PROFIT_TP_HIT,0.1316
1142,TRUMP_USDT,LONG,StochasticRSI(MICRO_BURST-LONG),2,0.2,1.619,1.615,1.621,1.615,2026-07-08 05:21:59 UTC,2026-07-08 05:23:40 UTC,100.68,0.3238,0.0043,0.0,-0.0008,-0.08,-18.53,STOP_LOSS_HIT,0.1308
1143,TRUMP_USDT,LONG,StochasticRSI(MICRO_BURST-LONG),2,0.2,1.617,1.613,1.619,1.613,2026-07-08 05:29:59 UTC,2026-07-08 05:32:49 UTC,169.53,0.3234,0.0043,0.0,-0.0008,-0.08,-18.55,STOP_LOSS_HIT,0.13
1144,TRUMP_USDT,SHORT,StochasticRSI(MICRO_BURST-SHORT),2,0.2,1.613,1.611,1.611,1.617,2026-07-08 05:38:59 UTC,2026-07-08 05:41:04 UTC,124.44,0.3226,0.0043,0.0,0.0004,0.04,9.3,MIN_PROFIT_TP_HIT,0.1304
1145,TRUMP_USDT,SHORT,StochasticRSI(MICRO_BURST-SHORT),2,0.2,1.606,1.604,1.604,1.61,2026-07-08 05:59:59 UTC,2026-07-08 06:00:28 UTC,28.15,0.3212,0.0043,0.0,0.0004,0.04,9.34,MIN_PROFIT_TP_HIT,0.1308
1146,TRUMP_USDT,SHORT,StochasticRSI(MICRO_BURST-SHORT),2,0.2,1.608,1.606,1.606,1.612,2026-07-08 06:06:59 UTC,2026-07-08 06:10:44 UTC,224.8,0.3216,0.0043,0.0,0.0004,0.04,9.33,MIN_PROFIT_TP_HIT,0.1312
1147,TRUMP_USDT,LONG,StochasticRSI(MICRO_BURST-LONG),2,0.2,1.604,1.606,1.606,1.6,2026-07-08 06:15:59 UTC,2026-07-08 06:17:38 UTC,98.0,0.3208,0.0043,0.0,0.0004,0.04,9.35,MIN_PROFIT_TP_HIT,0.1316
1148,TRUMP_USDT,LONG,StochasticRSI(MICRO_BURST-LONG),2,0.2,1.598,1.594,1.6,1.594,2026-07-08 06:59:59 UTC,2026-07-08 07:00:17 UTC,17.82,0.3196,0.0043,0.0,-0.0008,-0.08,-18.77,STOP_LOSS_HIT,0.1308
1149,TRUMP_USDT,SHORT,StochasticRSI(MICRO_BURST-SHORT),2,0.2,1.592,1.596,1.59,1.596,2026-07-08 07:10:59 UTC,2026-07-08 07:11:53 UTC,53.28,0.3184,0.0042,0.0,-0.0008,-0.08,-18.84,STOP_LOSS_HIT,0.13
1150,TRUMP_USDT,SHORT,StochasticRSI(MICRO_BURST-SHORT),2,0.2,1.6,1.598,1.598,1.604,2026-07-08 07:16:59 UTC,2026-07-08 07:18:02 UTC,62.95,0.32,0.0043,0.0,0.0004,0.04,9.38,MIN_PROFIT_TP_HIT,0.1304
1151,TRUMP_USDT,SHORT,StochasticRSI(MICRO_BURST-SHORT),2,0.2,1.601,1.599,1.599,1.605,2026-07-08 07:22:59 UTC,2026-07-08 07:25:54 UTC,174.48,0.3202,0.0043,0.0,0.0004,0.04,9.37,MIN_PROFIT_TP_HIT,0.1308
1152,TRUMP_USDT,LONG,StochasticRSI(MICRO_BURST-LONG),2,0.2,1.602,1.604,1.604,1.598,2026-07-08 07:27:59 UTC,2026-07-08 07:28:15 UTC,15.3,0.3204,0.0043,0.0,0.0004,0.04,9.36,MIN_PROFIT_TP_HIT,0.1312
1153,TRUMP_USDT,SHORT,StochasticRSI(MICRO_BURST-SHORT),2,0.2,1.605,1.603,1.603,1.609,2026-07-08 07:32:59 UTC,2026-07-08 07:33:34 UTC,34.65,0.321,0.0043,0.0,0.0004,0.04,9.35,MIN_PROFIT_TP_HIT,0.1316
1154,TRUMP_USDT,LONG,StochasticRSI(MICRO_BURST-LONG),2,0.2,1.601,1.603,1.603,1.597,2026-07-08 07:41:59 UTC,2026-07-08 07:42:28 UTC,28.85,0.3202,0.0043,0.0,0.0004,0.04,9.37,MIN_PROFIT_TP_HIT,0.132
1155,TRUMP_USDT,SHORT,StochasticRSI(MICRO_BURST-SHORT),2,0.2,1.601,1.599,1.599,1.605,2026-07-08 07:46:59 UTC,2026-07-08 07:48:58 UTC,118.91,0.3202,0.0043,0.0,0.0004,0.04,9.37,MIN_PROFIT_TP_HIT,0.1324
1156,TRUMP_USDT,LONG,StochasticRSI(MICRO_BURST-LONG),2,0.2,1.598,1.6,1.6,1.594,2026-07-08 07:51:59 UTC,2026-07-08 07:54:37 UTC,157.87,0.3196,0.0043,0.0,0.0004,0.04,9.39,MIN_PROFIT_TP_HIT,0.1328
1157,TRUMP_USDT,SHORT,StochasticRSI(MICRO_BURST-SHORT),2,0.2,1.599,1.597,1.597,1.603,2026-07-08 07:58:59 UTC,2026-07-08 08:01:02 UTC,122.98,0.3198,0.0043,0.0,0.0004,0.04,9.38,MIN_PROFIT_TP_HIT,0.1332
1158,TRUMP_USDT,SHORT,StochasticRSI(MICRO_BURST-SHORT),2,0.2,1.598,1.602,1.596,1.602,2026-07-08 08:07:59 UTC,2026-07-08 08:08:53 UTC,53.75,0.3196,0.0043,0.0,-0.0008,-0.08,-18.77,STOP_LOSS_HIT,0.1324
1159,TRUMP_USDT,SHORT,StochasticRSI(MICRO_BURST-SHORT),2,0.2,1.603,1.601,1.601,1.607,2026-07-08 08:14:59 UTC,2026-07-08 08:15:25 UTC,25.72,0.3206,0.0043,0.0,0.0004,0.04,9.36,MIN_PROFIT_TP_HIT,0.1328
1160,TRUMP_USDT,LONG,StochasticRSI(MICRO_BURST-LONG),2,0.2,1.58,1.576,1.582,1.576,2026-07-08 08:21:59 UTC,2026-07-08 08:22:23 UTC,23.03,0.316,0.0042,0.0,-0.0008,-0.08,-18.99,STOP_LOSS_HIT,0.132
1161,TRUMP_USDT,SHORT,StochasticRSI(MICRO_BURST-SHORT),2,0.2,1.574,1.572,1.572,1.578,2026-07-08 08:29:59 UTC,2026-07-08 08:30:04 UTC,4.32,0.3148,0.0042,0.0,0.0004,0.04,9.53,MIN_PROFIT_TP_HIT,0.1324
1162,TRUMP_USDT,SHORT,StochasticRSI(MICRO_BURST-SHORT),2,0.2,1.575,1.573,1.573,1.579,2026-07-08 08:31:59 UTC,2026-07-08 08:32:09 UTC,9.76,0.315,0.0042,0.0,0.0004,0.04,9.52,MIN_PROFIT_TP_HIT,0.1328
1163,TRUMP_USDT,SHORT,StochasticRSI(MICRO_BURST-SHORT),2,0.2,1.573,1.571,1.571,1.577,2026-07-08 08:36:59 UTC,2026-07-08 08:38:25 UTC,85.17,0.3146,0.0042,0.0,0.0004,0.04,9.54,MIN_PROFIT_TP_HIT,0.1332
1164,TRUMP_USDT,LONG,StochasticRSI(MICRO_BURST-LONG),2,0.2,1.575,1.577,1.577,1.571,2026-07-08 08:44:59 UTC,2026-07-08 08:45:09 UTC,9.79,0.315,0.0042,0.0,0.0004,0.04,9.52,MIN_PROFIT_TP_HIT,0.1336
1165,TRUMP_USDT,SHORT,StochasticRSI(MICRO_BURST-SHORT),2,0.2,1.584,1.582,1.582,1.588,2026-07-08 08:49:59 UTC,2026-07-08 08:50:04 UTC,4.55,0.3168,0.0042,0.0,0.0004,0.04,9.47,MIN_PROFIT_TP_HIT,0.134
1166,TRUMP_USDT,LONG,StochasticRSI(MICRO_BURST-LONG),2,0.2,1.577,1.579,1.579,1.573,2026-07-08 08:56:59 UTC,2026-07-08 08:57:13 UTC,13.14,0.3154,0.0042,0.0,0.0004,0.04,9.51,MIN_PROFIT_TP_HIT,0.1344
1167,TRUMP_USDT,LONG,StochasticRSI(MICRO_BURST-LONG),2,0.2,1.577,1.573,1.579,1.573,2026-07-08 09:00:59 UTC,2026-07-08 09:04:06 UTC,186.22,0.3154,0.0042,0.0,-0.0008,-0.08,-19.02,STOP_LOSS_HIT,0.1336
1168,TRUMP_USDT,LONG,StochasticRSI(MICRO_BURST-LONG),2,0.2,1.573,1.575,1.575,1.569,2026-07-08 09:09:59 UTC,2026-07-08 09:11:17 UTC,77.08,0.3146,0.0042,0.0,0.0004,0.04,9.54,MIN_PROFIT_TP_HIT,0.134
1169,TRUMP_USDT,LONG,StochasticRSI(MICRO_BURST-LONG),2,0.2,1.571,1.573,1.573,1.567,2026-07-08 09:20:59 UTC,2026-07-08 09:21:04 UTC,4.74,0.3142,0.0042,0.0,0.0004,0.04,9.55,MIN_PROFIT_TP_HIT,0.1344
1170,TRUMP_USDT,SHORT,StochasticRSI(MICRO_BURST-SHORT),2,0.2,1.573,1.577,1.571,1.577,2026-07-08 09:28:59 UTC,2026-07-08 09:31:59 UTC,179.87,0.3146,0.0042,0.0,-0.0008,-0.08,-19.07,STOP_LOSS_HIT,0.1336
1171,TRUMP_USDT,SHORT,StochasticRSI(MICRO_BURST-SHORT),2,0.2,1.575,1.579,1.573,1.579,2026-07-08 09:38:59 UTC,2026-07-08 09:45:03 UTC,363.43,0.315,0.0042,0.0,-0.0008,-0.08,-19.05,STOP_LOSS_HIT,0.1328
1172,TRUMP_USDT,LONG,StochasticRSI(MICRO_BURST-LONG),2,0.2,1.575,1.571,1.577,1.571,2026-07-08 10:00:59 UTC,2026-07-08 10:07:32 UTC,392.67,0.315,0.0042,0.0,-0.0008,-0.08,-19.05,STOP_LOSS_HIT,0.132
1173,TRUMP_USDT,LONG,StochasticRSI(MICRO_BURST-LONG),2,0.2,1.572,1.574,1.574,1.568,2026-07-08 10:10:59 UTC,2026-07-08 10:11:04 UTC,4.74,0.3144,0.0042,0.0,0.0004,0.04,9.54,MIN_PROFIT_TP_HIT,0.1324
1174,TRUMP_USDT,SHORT,StochasticRSI(MICRO_BURST-SHORT),2,0.2,1.575,1.573,1.573,1.579,2026-07-08 10:22:59 UTC,2026-07-08 10:23:24 UTC,24.25,0.315,0.0042,0.0,0.0004,0.04,9.52,MIN_PROFIT_TP_HIT,0.1328
1175,TRUMP_USDT,LONG,StochasticRSI(MICRO_BURST-LONG),2,0.2,1.578,1.58,1.58,1.574,2026-07-08 10:26:59 UTC,2026-07-08 10:28:46 UTC,106.61,0.3156,0.0042,0.0,0.0004,0.04,9.51,MIN_PROFIT_TP_HIT,0.1332
1176,TRUMP_USDT,LONG,StochasticRSI(MICRO_BURST-LONG),2,0.2,1.58,1.582,1.582,1.576,2026-07-08 10:42:59 UTC,2026-07-08 10:44:09 UTC,69.64,0.316,0.0042,0.0,0.0004,0.04,9.49,MIN_PROFIT_TP_HIT,0.1336
1177,TRUMP_USDT,SHORT,StochasticRSI(MICRO_BURST-SHORT),2,0.2,1.578,1.576,1.576,1.582,2026-07-08 10:48:59 UTC,2026-07-08 10:49:23 UTC,23.93,0.3156,0.0042,0.0,0.0004,0.04,9.51,MIN_PROFIT_TP_HIT,0.134
1178,TRUMP_USDT,LONG,StochasticRSI(MICRO_BURST-LONG),2,0.2,1.578,1.574,1.58,1.574,2026-07-08 10:53:59 UTC,2026-07-08 10:58:07 UTC,247.76,0.3156,0.0042,0.0,-0.0008,-0.08,-19.01,STOP_LOSS_HIT,0.1332
1179,TRUMP_USDT,LONG,StochasticRSI(MICRO_BURST-LONG),2,0.2,1.574,1.57,1.576,1.57,2026-07-08 11:02:59 UTC,2026-07-08 11:04:13 UTC,73.2,0.3148,0.0042,0.0,-0.0008,-0.08,-19.06,STOP_LOSS_HIT,0.1324
1180,TRUMP_USDT,SHORT,StochasticRSI(MICRO_BURST-SHORT),2,0.2,1.579,1.577,1.577,1.583,2026-07-08 11:09:59 UTC,2026-07-08 11:10:06 UTC,6.75,0.3158,0.0042,0.0,0.0004,0.04,9.5,MIN_PROFIT_TP_HIT,0.1328
1181,TRUMP_USDT,LONG,StochasticRSI(MICRO_BURST-LONG),2,0.2,1.577,1.579,1.579,1.573,2026-07-08 11:15:59 UTC,2026-07-08 11:16:41 UTC,41.03,0.3154,0.0042,0.0,0.0004,0.04,9.51,MIN_PROFIT_TP_HIT,0.1332
1182,TRUMP_USDT,SHORT,StochasticRSI(MICRO_BURST-SHORT),2,0.2,1.581,1.585,1.579,1.585,2026-07-08 11:24:59 UTC,2026-07-08 11:26:15 UTC,75.79,0.3162,0.0042,0.0,-0.0008,-0.08,-18.98,STOP_LOSS_HIT,0.1324
1183,TRUMP_USDT,SHORT,StochasticRSI(MICRO_BURST-SHORT),2,0.2,1.584,1.582,1.582,1.588,2026-07-08 11:29:59 UTC,2026-07-08 11:30:08 UTC,8.06,0.3168,0.0042,0.0,0.0004,0.04,9.47,MIN_PROFIT_TP_HIT,0.1328
1184,TRUMP_USDT,LONG,StochasticRSI(MICRO_BURST-LONG),2,0.2,1.594,1.596,1.596,1.59,2026-07-08 12:02:59 UTC,2026-07-08 12:03:05 UTC,5.31,0.3188,0.0043,0.0,0.0004,0.04,9.41,MIN_PROFIT_TP_HIT,0.1332
1185,TRUMP_USDT,SHORT,StochasticRSI(MICRO_BURST-SHORT),2,0.2,1.6,1.598,1.598,1.604,2026-07-08 12:08:59 UTC,2026-07-08 12:10:30 UTC,90.85,0.32,0.0043,0.0,0.0004,0.04,9.38,MIN_PROFIT_TP_HIT,0.1336
1186,TRUMP_USDT,LONG,StochasticRSI(MICRO_BURST-LONG),2,0.2,1.6,1.602,1.602,1.596,2026-07-08 12:20:59 UTC,2026-07-08 12:21:44 UTC,44.72,0.32,0.0043,0.0,0.0004,0.04,9.38,MIN_PROFIT_TP_HIT,0.134
1187,TRUMP_USDT,SHORT,StochasticRSI(MICRO_BURST-SHORT),2,0.2,1.603,1.601,1.601,1.607,2026-07-08 12:29:59 UTC,2026-07-08 12:30:17 UTC,17.7,0.3206,0.0043,0.0,0.0004,0.04,9.36,MIN_PROFIT_TP_HIT,0.1344
1188,TRUMP_USDT,SHORT,StochasticRSI(MICRO_BURST-SHORT),2,0.2,1.599,1.597,1.597,1.603,2026-07-08 12:41:59 UTC,2026-07-08 12:47:00 UTC,300.4,0.3198,0.0043,0.0,0.0004,0.04,9.38,MIN_PROFIT_TP_HIT,0.1348
1189,TRUMP_USDT,LONG,StochasticRSI(MICRO_BURST-LONG),2,0.2,1.598,1.6,1.6,1.594,2026-07-08 12:51:59 UTC,2026-07-08 12:54:33 UTC,153.03,0.3196,0.0043,0.0,0.0004,0.04,9.39,MIN_PROFIT_TP_HIT,0.1352
1190,TRUMP_USDT,SHORT,StochasticRSI(MICRO_BURST-SHORT),2,0.2,1.596,1.594,1.594,1.6,2026-07-08 13:00:59 UTC,2026-07-08 13:01:02 UTC,2.04,0.3192,0.0043,0.0,0.0004,0.04,9.4,MIN_PROFIT_TP_HIT,0.1356
1191,TRUMP_USDT,LONG,StochasticRSI(MICRO_BURST-LONG),2,0.2,1.596,1.598,1.598,1.592,2026-07-08 13:09:59 UTC,2026-07-08 13:12:21 UTC,141.23,0.3192,0.0043,0.0,0.0004,0.04,9.4,MIN_PROFIT_TP_HIT,0.136
1192,TRUMP_USDT,SHORT,StochasticRSI(MICRO_BURST-SHORT),2,0.2,1.598,1.602,1.596,1.602,2026-07-08 13:15:59 UTC,2026-07-08 13:17:15 UTC,75.29,0.3196,0.0043,0.0,-0.0008,-0.08,-18.77,STOP_LOSS_HIT,0.1352
1193,TRUMP_USDT,LONG,StochasticRSI(MICRO_BURST-LONG),2,0.2,1.598,1.6,1.6,1.594,2026-07-08 13:25:59 UTC,2026-07-08 13:26:05 UTC,5.07,0.3196,0.0043,0.0,0.0004,0.04,9.39,MIN_PROFIT_TP_HIT,0.1356
1194,TRUMP_USDT,SHORT,StochasticRSI(MICRO_BURST-SHORT),2,0.2,1.613,1.611,1.611,1.617,2026-07-08 13:39:59 UTC,2026-07-08 13:40:35 UTC,35.67,0.3226,0.0043,0.0,0.0004,0.04,9.3,MIN_PROFIT_TP_HIT,0.136
1195,TRUMP_USDT,LONG,StochasticRSI(MICRO_BURST-LONG),2,0.2,1.613,1.615,1.615,1.609,2026-07-08 13:43:59 UTC,2026-07-08 13:44:14 UTC,14.43,0.3226,0.0043,0.0,0.0004,0.04,9.3,MIN_PROFIT_TP_HIT,0.1364
1196,TRUMP_USDT,LONG,StochasticRSI(MICRO_BURST-LONG),2,0.2,1.612,1.608,1.614,1.608,2026-07-08 13:54:59 UTC,2026-07-08 13:55:11 UTC,11.9,0.3224,0.0043,0.0,-0.0008,-0.08,-18.61,STOP_LOSS_HIT,0.1356
1197,TRUMP_USDT,LONG,StochasticRSI(MICRO_BURST-LONG),2,0.2,1.615,1.617,1.617,1.611,2026-07-08 13:58:59 UTC,2026-07-08 13:59:08 UTC,8.99,0.323,0.0043,0.0,0.0004,0.04,9.29,MIN_PROFIT_TP_HIT,0.136
1198,TRUMP_USDT,SHORT,StochasticRSI(MICRO_BURST-SHORT),2,0.2,1.617,1.615,1.615,1.621,2026-07-08 14:03:59 UTC,2026-07-08 14:04:25 UTC,25.1,0.3234,0.0043,0.0,0.0004,0.04,9.28,MIN_PROFIT_TP_HIT,0.1364
1199,TRUMP_USDT,LONG,StochasticRSI(MICRO_BURST-LONG),2,0.2,1.614,1.616,1.616,1.61,2026-07-08 14:08:59 UTC,2026-07-08 14:09:43 UTC,43.1,0.3228,0.0043,0.0,0.0004,0.04,9.29,MIN_PROFIT_TP_HIT,0.1368
1200,TRUMP_USDT,SHORT,StochasticRSI(MICRO_BURST-SHORT),2,0.2,1.615,1.613,1.613,1.619,2026-07-08 14:15:59 UTC,2026-07-08 14:16:30 UTC,30.43,0.323,0.0043,0.0,0.0004,0.04,9.29,MIN_PROFIT_TP_HIT,0.1372
1201,TRUMP_USDT,SHORT,StochasticRSI(MICRO_BURST-SHORT),2,0.2,1.618,1.622,1.616,1.622,2026-07-08 14:24:59 UTC,2026-07-08 14:26:37 UTC,97.22,0.3236,0.0043,0.0,-0.0008,-0.08,-18.54,STOP_LOSS_HIT,0.1364
1202,TRUMP_USDT,LONG,StochasticRSI(MICRO_BURST-LONG),2,0.2,1.616,1.618,1.618,1.612,2026-07-08 14:32:59 UTC,2026-07-08 14:33:56 UTC,56.87,0.3232,0.0043,0.0,0.0004,0.04,9.28,MIN_PROFIT_TP_HIT,0.1368
1203,TRUMP_USDT,LONG,StochasticRSI(MICRO_BURST-LONG),2,0.2,1.615,1.611,1.617,1.611,2026-07-08 14:42:59 UTC,2026-07-08 14:45:31 UTC,151.62,0.323,0.0043,0.0,-0.0008,-0.08,-18.58,STOP_LOSS_HIT,0.136
1204,TRUMP_USDT,LONG,StochasticRSI(MICRO_BURST-LONG),2,0.2,1.612,1.614,1.614,1.608,2026-07-08 14:47:59 UTC,2026-07-08 14:49:31 UTC,91.26,0.3224,0.0043,0.0,0.0004,0.04,9.31,MIN_PROFIT_TP_HIT,0.1364
1205,TRUMP_USDT,SHORT,StochasticRSI(MICRO_BURST-SHORT),2,0.2,1.627,1.625,1.625,1.631,2026-07-08 14:56:59 UTC,2026-07-08 14:57:00 UTC,0.41,0.3254,0.0043,0.0,0.0004,0.04,9.22,MIN_PROFIT_TP_HIT,0.1368
1206,TRUMP_USDT,LONG,StochasticRSI(MICRO_BURST-LONG),2,0.2,1.621,1.617,1.623,1.617,2026-07-08 15:04:59 UTC,2026-07-08 15:06:21 UTC,81.26,0.3242,0.0043,0.0,-0.0008,-0.08,-18.51,STOP_LOSS_HIT,0.136
1207,TRUMP_USDT,LONG,StochasticRSI(MICRO_BURST-LONG),2,0.2,1.612,1.608,1.614,1.608,2026-07-08 15:10:59 UTC,2026-07-08 15:16:10 UTC,310.18,0.3224,0.0043,0.0,-0.0008,-0.08,-18.61,STOP_LOSS_HIT,0.1352
1208,TRUMP_USDT,SHORT,StochasticRSI(MICRO_BURST-SHORT),2,0.2,1.615,1.613,1.613,1.619,2026-07-08 15:23:59 UTC,2026-07-08 15:24:10 UTC,10.95,0.323,0.0043,0.0,0.0004,0.04,9.29,MIN_PROFIT_TP_HIT,0.1356
1209,TRUMP_USDT,LONG,StochasticRSI(MICRO_BURST-LONG),2,0.2,1.616,1.612,1.618,1.612,2026-07-08 15:28:59 UTC,2026-07-08 15:30:40 UTC,100.49,0.3232,0.0043,0.0,-0.0008,-0.08,-18.56,STOP_LOSS_HIT,0.1348
1210,TRUMP_USDT,SHORT,StochasticRSI(MICRO_BURST-SHORT),2,0.2,1.618,1.616,1.616,1.622,2026-07-08 15:36:59 UTC,2026-07-08 15:37:25 UTC,25.04,0.3236,0.0043,0.0,0.0004,0.04,9.27,MIN_PROFIT_TP_HIT,0.1352
1211,TRUMP_USDT,SHORT,StochasticRSI(MICRO_BURST-SHORT),2,0.2,1.616,1.614,1.614,1.62,2026-07-08 15:39:59 UTC,2026-07-08 15:42:25 UTC,145.12,0.3232,0.0043,0.0,0.0004,0.04,9.28,MIN_PROFIT_TP_HIT,0.1356
1212,TRUMP_USDT,LONG,StochasticRSI(MICRO_BURST-LONG),2,0.2,1.601,1.603,1.603,1.597,2026-07-08 15:47:59 UTC,2026-07-08 15:48:05 UTC,5.9,0.3202,0.0043,0.0,0.0004,0.04,9.37,MIN_PROFIT_TP_HIT,0.136
1213,TRUMP_USDT,SHORT,StochasticRSI(MICRO_BURST-SHORT),2,0.2,1.606,1.61,1.604,1.61,2026-07-08 15:57:59 UTC,2026-07-08 16:00:05 UTC,125.38,0.3212,0.0043,0.0,-0.0008,-0.08,-18.68,STOP_LOSS_HIT,0.1352
1214,TRUMP_USDT,SHORT,StochasticRSI(MICRO_BURST-SHORT),2,0.2,1.611,1.615,1.609,1.615,2026-07-08 16:04:59 UTC,2026-07-08 16:09:46 UTC,286.25,0.3222,0.0043,0.0,-0.0008,-0.08,-18.62,STOP_LOSS_HIT,0.1344
1215,TRUMP_USDT,LONG,StochasticRSI(MICRO_BURST-LONG),2,0.2,1.609,1.611,1.611,1.605,2026-07-08 16:18:59 UTC,2026-07-08 16:20:15 UTC,75.3,0.3218,0.0043,0.0,0.0004,0.04,9.32,MIN_PROFIT_TP_HIT,0.1348
1216,TRUMP_USDT,SHORT,StochasticRSI(MICRO_BURST-SHORT),2,0.2,1.616,1.614,1.614,1.62,2026-07-08 16:25:59 UTC,2026-07-08 16:29:23 UTC,203.79,0.3232,0.0043,0.0,0.0004,0.04,9.28,MIN_PROFIT_TP_HIT,0.1352
1217,TRUMP_USDT,LONG,StochasticRSI(MICRO_BURST-LONG),2,0.2,1.618,1.62,1.62,1.614,2026-07-08 16:40:59 UTC,2026-07-08 16:43:14 UTC,134.25,0.3236,0.0043,0.0,0.0004,0.04,9.27,MIN_PROFIT_TP_HIT,0.1356
1218,TRUMP_USDT,SHORT,StochasticRSI(MICRO_BURST-SHORT),2,0.2,1.616,1.614,1.614,1.62,2026-07-08 16:44:59 UTC,2026-07-08 16:45:25 UTC,25.92,0.3232,0.0043,0.0,0.0004,0.04,9.28,MIN_PROFIT_TP_HIT,0.136
1219,TRUMP_USDT,LONG,StochasticRSI(MICRO_BURST-LONG),2,0.2,1.614,1.616,1.616,1.61,2026-07-08 16:51:59 UTC,2026-07-08 16:53:39 UTC,99.44,0.3228,0.0043,0.0,0.0004,0.04,9.29,MIN_PROFIT_TP_HIT,0.1364
1220,TRUMP_USDT,SHORT,StochasticRSI(MICRO_BURST-SHORT),2,0.2,1.617,1.615,1.615,1.621,2026-07-08 16:58:59 UTC,2026-07-08 17:02:01 UTC,181.77,0.3234,0.0043,0.0,0.0004,0.04,9.28,MIN_PROFIT_TP_HIT,0.1368
1221,TRUMP_USDT,LONG,StochasticRSI(MICRO_BURST-LONG),2,0.2,1.611,1.613,1.613,1.607,2026-07-08 17:14:59 UTC,2026-07-08 17:16:08 UTC,68.68,0.3222,0.0043,0.0,0.0004,0.04,9.31,MIN_PROFIT_TP_HIT,0.1372
1222,TRUMP_USDT,SHORT,StochasticRSI(MICRO_BURST-SHORT),2,0.2,1.617,1.615,1.615,1.621,2026-07-08 17:32:59 UTC,2026-07-08 17:35:06 UTC,126.53,0.3234,0.0043,0.0,0.0004,0.04,9.28,MIN_PROFIT_TP_HIT,0.1376
1223,TRUMP_USDT,LONG,StochasticRSI(MICRO_BURST-LONG),2,0.2,1.613,1.609,1.615,1.609,2026-07-08 17:44:59 UTC,2026-07-08 17:45:48 UTC,48.48,0.3226,0.0043,0.0,-0.0008,-0.08,-18.6,STOP_LOSS_HIT,0.1368
1224,TRUMP_USDT,LONG,StochasticRSI(MICRO_BURST-LONG),2,0.2,1.609,1.611,1.611,1.605,2026-07-08 17:48:59 UTC,2026-07-08 17:50:36 UTC,96.92,0.3218,0.0043,0.0,0.0004,0.04,9.32,MIN_PROFIT_TP_HIT,0.1372
1225,TRUMP_USDT,SHORT,StochasticRSI(MICRO_BURST-SHORT),2,0.2,1.607,1.611,1.605,1.611,2026-07-08 17:54:59 UTC,2026-07-08 18:01:17 UTC,377.47,0.3214,0.0043,0.0,-0.0008,-0.08,-18.67,STOP_LOSS_HIT,0.1364
1226,TRUMP_USDT,SHORT,StochasticRSI(MICRO_BURST-SHORT),2,0.2,1.61,1.608,1.608,1.614,2026-07-08 18:03:59 UTC,2026-07-08 18:04:21 UTC,21.44,0.322,0.0043,0.0,0.0004,0.04,9.32,MIN_PROFIT_TP_HIT,0.1368
1227,TRUMP_USDT,LONG,StochasticRSI(MICRO_BURST-LONG),2,0.2,1.606,1.602,1.608,1.602,2026-07-08 18:14:59 UTC,2026-07-08 18:30:22 UTC,922.45,0.3212,0.0043,0.0,-0.0008,-0.08,-18.68,STOP_LOSS_HIT,0.136
1228,TRUMP_USDT,SHORT,StochasticRSI(MICRO_BURST-SHORT),2,0.2,1.599,1.597,1.597,1.603,2026-07-08 18:42:59 UTC,2026-07-08 18:43:55 UTC,55.82,0.3198,0.0043,0.0,0.0004,0.04,9.38,MIN_PROFIT_TP_HIT,0.1364
1229,TRUMP_USDT,SHORT,StochasticRSI(MICRO_BURST-SHORT),2,0.2,1.604,1.608,1.602,1.608,2026-07-08 18:55:59 UTC,2026-07-08 19:00:37 UTC,277.39,0.3208,0.0043,0.0,-0.0008,-0.08,-18.7,STOP_LOSS_HIT,0.1356
1230,TRUMP_USDT,LONG,StochasticRSI(MICRO_BURST-LONG),2,0.2,1.601,1.603,1.603,1.597,2026-07-08 19:08:59 UTC,2026-07-08 19:09:56 UTC,56.86,0.3202,0.0043,0.0,0.0004,0.04,9.37,MIN_PROFIT_TP_HIT,0.136
1231,TRUMP_USDT,SHORT,StochasticRSI(MICRO_BURST-SHORT),2,0.2,1.602,1.606,1.6,1.606,2026-07-08 19:16:59 UTC,2026-07-08 19:29:20 UTC,740.79,0.3204,0.0043,0.0,-0.0008,-0.08,-18.73,STOP_LOSS_HIT,0.1352
1232,TRUMP_USDT,SHORT,StochasticRSI(MICRO_BURST-SHORT),2,0.2,1.605,1.603,1.603,1.609,2026-07-08 19:34:59 UTC,2026-07-08 19:35:18 UTC,18.05,0.321,0.0043,0.0,0.0004,0.04,9.35,MIN_PROFIT_TP_HIT,0.1356
1233,TRUMP_USDT,LONG,StochasticRSI(MICRO_BURST-LONG),2,0.2,1.605,1.601,1.607,1.601,2026-07-08 19:39:59 UTC,2026-07-08 19:50:00 UTC,600.11,0.321,0.0043,0.0,-0.0008,-0.08,-18.69,STOP_LOSS_HIT,0.1348
1234,TRUMP_USDT,LONG,StochasticRSI(MICRO_BURST-LONG),2,0.2,1.602,1.604,1.604,1.598,2026-07-08 19:51:59 UTC,2026-07-08 19:55:00 UTC,180.22,0.3204,0.0043,0.0,0.0004,0.04,9.36,MIN_PROFIT_TP_HIT,0.1352
1235,TRUMP_USDT,SHORT,StochasticRSI(MICRO_BURST-SHORT),2,0.2,1.602,1.6,1.6,1.606,2026-07-08 19:59:59 UTC,2026-07-08 20:10:55 UTC,655.25,0.3204,0.0043,0.0,0.0004,0.04,9.36,MIN_PROFIT_TP_HIT,0.1356
1236,TRUMP_USDT,LONG,StochasticRSI(MICRO_BURST-LONG),2,0.2,1.597,1.599,1.599,1.593,2026-07-08 20:16:59 UTC,2026-07-08 20:23:46 UTC,406.76,0.3194,0.0043,0.0,0.0004,0.04,9.39,MIN_PROFIT_TP_HIT,0.136
1237,TRUMP_USDT,SHORT,StochasticRSI(MICRO_BURST-SHORT),2,0.2,1.598,1.596,1.596,1.602,2026-07-08 20:25:59 UTC,2026-07-08 20:33:56 UTC,476.6,0.3196,0.0043,0.0,0.0004,0.04,9.39,MIN_PROFIT_TP_HIT,0.1364
1238,TRUMP_USDT,LONG,StochasticRSI(MICRO_BURST-LONG),2,0.2,1.594,1.596,1.596,1.59,2026-07-08 20:36:59 UTC,2026-07-08 20:42:07 UTC,307.56,0.3188,0.0043,0.0,0.0004,0.04,9.41,MIN_PROFIT_TP_HIT,0.1368
1239,TRUMP_USDT,SHORT,StochasticRSI(MICRO_BURST-SHORT),2,0.2,1.594,1.592,1.592,1.598,2026-07-08 20:45:59 UTC,2026-07-08 20:49:44 UTC,224.23,0.3188,0.0043,0.0,0.0004,0.04,9.41,MIN_PROFIT_TP_HIT,0.1372
1240,TRUMP_USDT,LONG,StochasticRSI(MICRO_BURST-LONG),2,0.2,1.59,1.592,1.592,1.586,2026-07-08 20:57:59 UTC,2026-07-08 20:59:08 UTC,68.73,0.318,0.0042,0.0,0.0004,0.04,9.43,MIN_PROFIT_TP_HIT,0.1376
1241,TRUMP_USDT,SHORT,StochasticRSI(MICRO_BURST-SHORT),2,0.2,1.589,1.587,1.587,1.593,2026-07-08 21:01:59 UTC,2026-07-08 21:02:58 UTC,58.98,0.3178,0.0042,0.0,0.0004,0.04,9.44,MIN_PROFIT_TP_HIT,0.138
1242,TRUMP_USDT,SHORT,StochasticRSI(MICRO_BURST-SHORT),2,0.2,1.589,1.593,1.587,1.593,2026-07-08 21:08:59 UTC,2026-07-08 21:20:16 UTC,676.54,0.3178,0.0042,0.0,-0.0008,-0.08,-18.88,STOP_LOSS_HIT,0.1372
1243,TRUMP_USDT,SHORT,StochasticRSI(MICRO_BURST-SHORT),2,0.2,1.594,1.592,1.592,1.598,2026-07-08 21:22:59 UTC,2026-07-08 21:23:03 UTC,3.33,0.3188,0.0043,0.0,0.0004,0.04,9.41,MIN_PROFIT_TP_HIT,0.1376
1244,TRUMP_USDT,LONG,StochasticRSI(MICRO_BURST-LONG),2,0.2,1.593,1.595,1.595,1.589,2026-07-08 21:28:59 UTC,2026-07-08 21:29:24 UTC,24.72,0.3186,0.0042,0.0,0.0004,0.04,9.42,MIN_PROFIT_TP_HIT,0.138
1245,TRUMP_USDT,SHORT,StochasticRSI(MICRO_BURST-SHORT),2,0.2,1.598,1.602,1.596,1.602,2026-07-08 21:34:59 UTC,2026-07-08 21:40:08 UTC,308.91,0.3196,0.0043,0.0,-0.0008,-0.08,-18.77,STOP_LOSS_HIT,0.1372
1246,TRUMP_USDT,SHORT,StochasticRSI(MICRO_BURST-SHORT),2,0.2,1.601,1.599,1.599,1.605,2026-07-08 21:41:59 UTC,2026-07-08 21:42:51 UTC,51.03,0.3202,0.0043,0.0,0.0004,0.04,9.37,MIN_PROFIT_TP_HIT,0.1376
1247,TRUMP_USDT,LONG,StochasticRSI(MICRO_BURST-LONG),2,0.2,1.601,1.603,1.603,1.597,2026-07-08 21:46:59 UTC,2026-07-08 21:48:39 UTC,99.48,0.3202,0.0043,0.0,0.0004,0.04,9.37,MIN_PROFIT_TP_HIT,0.138
1248,TRUMP_USDT,LONG,StochasticRSI(MICRO_BURST-LONG),2,0.2,1.603,1.599,1.605,1.599,2026-07-08 21:55:59 UTC,2026-07-08 22:00:15 UTC,255.01,0.3206,0.0043,0.0,-0.0008,-0.08,-18.71,STOP_LOSS_HIT,0.1372
1249,TRUMP_USDT,LONG,StochasticRSI(MICRO_BURST-LONG),2,0.2,1.604,1.606,1.606,1.6,2026-07-08 22:12:59 UTC,2026-07-08 22:15:48 UTC,168.95,0.3208,0.0043,0.0,0.0004,0.04,9.35,MIN_PROFIT_TP_HIT,0.1376
1250,TRUMP_USDT,LONG,StochasticRSI(MICRO_BURST-LONG),2,0.2,1.606,1.602,1.608,1.602,2026-07-08 22:16:59 UTC,2026-07-08 22:19:02 UTC,122.75,0.3212,0.0043,0.0,-0.0008,-0.08,-18.68,STOP_LOSS_HIT,0.1368
1251,TRUMP_USDT,LONG,StochasticRSI(MICRO_BURST-LONG),2,0.2,1.603,1.605,1.605,1.599,2026-07-08 22:23:59 UTC,2026-07-08 22:30:07 UTC,367.63,0.3206,0.0043,0.0,0.0004,0.04,9.36,MIN_PROFIT_TP_HIT,0.1372
1252,TRUMP_USDT,SHORT,StochasticRSI(MICRO_BURST-SHORT),2,0.2,1.602,1.6,1.6,1.606,2026-07-08 22:31:59 UTC,2026-07-08 22:32:52 UTC,52.59,0.3204,0.0043,0.0,0.0004,0.04,9.36,MIN_PROFIT_TP_HIT,0.1376
1253,TRUMP_USDT,SHORT,StochasticRSI(MICRO_BURST-SHORT),2,0.2,1.603,1.601,1.601,1.607,2026-07-08 23:03:59 UTC,2026-07-08 23:04:04 UTC,4.49,0.3206,0.0043,0.0,0.0004,0.04,9.36,MIN_PROFIT_TP_HIT,0.138
1254,TRUMP_USDT,SHORT,StochasticRSI(MICRO_BURST-SHORT),2,0.2,1.604,1.602,1.602,1.608,2026-07-08 23:08:59 UTC,2026-07-08 23:10:12 UTC,72.19,0.3208,0.0043,0.0,0.0004,0.04,9.35,MIN_PROFIT_TP_HIT,0.1384
1255,TRUMP_USDT,LONG,StochasticRSI(MICRO_BURST-LONG),2,0.2,1.599,1.601,1.601,1.595,2026-07-08 23:17:59 UTC,2026-07-08 23:23:17 UTC,317.16,0.3198,0.0043,0.0,0.0004,0.04,9.38,MIN_PROFIT_TP_HIT,0.1388
1256,TRUMP_USDT,LONG,StochasticRSI(MICRO_BURST-LONG),2,0.2,1.599,1.601,1.601,1.595,2026-07-08 23:24:59 UTC,2026-07-08 23:29:51 UTC,291.3,0.3198,0.0043,0.0,0.0004,0.04,9.38,MIN_PROFIT_TP_HIT,0.1392
1257,TRUMP_USDT,SHORT,StochasticRSI(MICRO_BURST-SHORT),2,0.2,1.613,1.611,1.611,1.617,2026-07-09 00:02:59 UTC,2026-07-09 00:03:07 UTC,7.56,0.3226,0.0043,0.0,0.0004,0.04,9.3,MIN_PROFIT_TP_HIT,0.1396
1258,TRUMP_USDT,LONG,StochasticRSI(MICRO_BURST-LONG),2,0.2,1.606,1.602,1.608,1.602,2026-07-09 00:09:59 UTC,2026-07-09 00:10:38 UTC,38.58,0.3212,0.0043,0.0,-0.0008,-0.08,-18.68,STOP_LOSS_HIT,0.1388
1259,TRUMP_USDT,LONG,StochasticRSI(MICRO_BURST-LONG),2,0.2,1.594,1.596,1.596,1.59,2026-07-09 00:16:59 UTC,2026-07-09 00:17:00 UTC,0.46,0.3188,0.0043,0.0,0.0004,0.04,9.41,MIN_PROFIT_TP_HIT,0.1392
1260,TRUMP_USDT,SHORT,StochasticRSI(MICRO_BURST-SHORT),2,0.2,1.595,1.593,1.593,1.599,2026-07-09 00:26:59 UTC,2026-07-09 00:33:31 UTC,391.31,0.319,0.0043,0.0,0.0004,0.04,9.4,MIN_PROFIT_TP_HIT,0.1396
1261,TRUMP_USDT,SHORT,StochasticRSI(MICRO_BURST-SHORT),2,0.2,1.594,1.592,1.592,1.598,2026-07-09 00:40:59 UTC,2026-07-09 00:44:23 UTC,203.87,0.3188,0.0043,0.0,0.0004,0.04,9.41,MIN_PROFIT_TP_HIT,0.14
1262,TRUMP_USDT,LONG,StochasticRSI(MICRO_BURST-LONG),2,0.2,1.594,1.59,1.596,1.59,2026-07-09 00:45:59 UTC,2026-07-09 00:51:38 UTC,338.88,0.3188,0.0043,0.0,-0.0008,-0.08,-18.82,STOP_LOSS_HIT,0.1392
1263,TRUMP_USDT,SHORT,StochasticRSI(MICRO_BURST-SHORT),2,0.2,1.597,1.595,1.595,1.601,2026-07-09 01:00:59 UTC,2026-07-09 01:01:34 UTC,34.67,0.3194,0.0043,0.0,0.0004,0.04,9.39,MIN_PROFIT_TP_HIT,0.1396
1264,TRUMP_USDT,SHORT,StochasticRSI(MICRO_BURST-SHORT),2,0.2,1.595,1.599,1.593,1.599,2026-07-09 01:02:59 UTC,2026-07-09 01:05:57 UTC,177.88,0.319,0.0043,0.0,-0.0008,-0.08,-18.81,STOP_LOSS_HIT,0.1388
1265,TRUMP_USDT,LONG,StochasticRSI(MICRO_BURST-LONG),2,0.2,1.598,1.6,1.6,1.594,2026-07-09 01:06:59 UTC,2026-07-09 01:07:11 UTC,11.78,0.3196,0.0043,0.0,0.0004,0.04,9.39,MIN_PROFIT_TP_HIT,0.1392
1266,TRUMP_USDT,SHORT,StochasticRSI(MICRO_BURST-SHORT),2,0.2,1.613,1.611,1.611,1.617,2026-07-09 01:21:59 UTC,2026-07-09 01:24:45 UTC,165.78,0.3226,0.0043,0.0,0.0004,0.04,9.3,MIN_PROFIT_TP_HIT,0.1396
1267,TRUMP_USDT,LONG,StochasticRSI(MICRO_BURST-LONG),2,0.2,1.613,1.615,1.615,1.609,2026-07-09 01:27:59 UTC,2026-07-09 01:29:32 UTC,92.96,0.3226,0.0043,0.0,0.0004,0.04,9.3,MIN_PROFIT_TP_HIT,0.14
1268,TRUMP_USDT,LONG,StochasticRSI(MICRO_BURST-LONG),2,0.2,1.606,1.608,1.608,1.602,2026-07-09 01:43:59 UTC,2026-07-09 01:44:44 UTC,44.72,0.3212,0.0043,0.0,0.0004,0.04,9.34,MIN_PROFIT_TP_HIT,0.1404
1269,TRUMP_USDT,SHORT,StochasticRSI(MICRO_BURST-SHORT),2,0.2,1.607,1.605,1.605,1.611,2026-07-09 01:51:59 UTC,2026-07-09 01:52:09 UTC,9.47,0.3214,0.0043,0.0,0.0004,0.04,9.33,MIN_PROFIT_TP_HIT,0.1408
1270,TRUMP_USDT,SHORT,StochasticRSI(MICRO_BURST-SHORT),2,0.2,1.61,1.614,1.608,1.614,2026-07-09 02:07:59 UTC,2026-07-09 02:10:35 UTC,155.72,0.322,0.0043,0.0,-0.0008,-0.08,-18.63,STOP_LOSS_HIT,0.14
1271,TRUMP_USDT,SHORT,StochasticRSI(MICRO_BURST-SHORT),2,0.2,1.615,1.619,1.613,1.619,2026-07-09 02:16:59 UTC,2026-07-09 02:20:37 UTC,217.09,0.323,0.0043,0.0,-0.0008,-0.08,-18.58,STOP_LOSS_HIT,0.1392
1272,TRUMP_USDT,SHORT,StochasticRSI(MICRO_BURST-SHORT),2,0.2,1.621,1.619,1.619,1.625,2026-07-09 02:28:59 UTC,2026-07-09 02:32:15 UTC,195.96,0.3242,0.0043,0.0,0.0004,0.04,9.25,MIN_PROFIT_TP_HIT,0.1396
1273,TRUMP_USDT,LONG,StochasticRSI(MICRO_BURST-LONG),2,0.2,1.617,1.619,1.619,1.613,2026-07-09 02:38:59 UTC,2026-07-09 02:39:34 UTC,34.39,0.3234,0.0043,0.0,0.0004,0.04,9.28,MIN_PROFIT_TP_HIT,0.14
1274,TRUMP_USDT,SHORT,StochasticRSI(MICRO_BURST-SHORT),2,0.2,1.619,1.623,1.617,1.623,2026-07-09 02:45:59 UTC,2026-07-09 02:55:24 UTC,564.13,0.3238,0.0043,0.0,-0.0008,-0.08,-18.53,STOP_LOSS_HIT,0.1392
1275,TRUMP_USDT,SHORT,StochasticRSI(MICRO_BURST-SHORT),2,0.2,1.625,1.623,1.623,1.629,2026-07-09 03:01:59 UTC,2026-07-09 03:04:13 UTC,133.66,0.325,0.0043,0.0,0.0004,0.04,9.23,MIN_PROFIT_TP_HIT,0.1396
1276,TRUMP_USDT,SHORT,StochasticRSI(MICRO_BURST-SHORT),2,0.2,1.621,1.619,1.619,1.625,2026-07-09 03:05:59 UTC,2026-07-09 03:07:19 UTC,79.31,0.3242,0.0043,0.0,0.0004,0.04,9.25,MIN_PROFIT_TP_HIT,0.14
1277,TRUMP_USDT,LONG,StochasticRSI(MICRO_BURST-LONG),2,0.2,1.62,1.616,1.622,1.616,2026-07-09 03:09:59 UTC,2026-07-09 03:13:49 UTC,229.35,0.324,0.0043,0.0,-0.0008,-0.08,-18.52,STOP_LOSS_HIT,0.1392
1278,TRUMP_USDT,LONG,StochasticRSI(MICRO_BURST-LONG),2,0.2,1.612,1.608,1.614,1.608,2026-07-09 03:23:59 UTC,2026-07-09 03:24:15 UTC,15.47,0.3224,0.0043,0.0,-0.0008,-0.08,-18.61,STOP_LOSS_HIT,0.1384
1279,TRUMP_USDT,SHORT,StochasticRSI(MICRO_BURST-SHORT),2,0.2,1.612,1.616,1.61,1.616,2026-07-09 03:26:59 UTC,2026-07-09 03:31:07 UTC,247.12,0.3224,0.0043,0.0,-0.0008,-0.08,-18.61,STOP_LOSS_HIT,0.1376
1280,TRUMP_USDT,SHORT,StochasticRSI(MICRO_BURST-SHORT),2,0.2,1.618,1.616,1.616,1.622,2026-07-09 03:35:59 UTC,2026-07-09 03:38:17 UTC,137.25,0.3236,0.0043,0.0,0.0004,0.04,9.27,MIN_PROFIT_TP_HIT,0.138
1281,TRUMP_USDT,LONG,StochasticRSI(MICRO_BURST-LONG),2,0.2,1.613,1.609,1.615,1.609,2026-07-09 03:43:59 UTC,2026-07-09 03:48:44 UTC,284.51,0.3226,0.0043,0.0,-0.0008,-0.08,-18.6,STOP_LOSS_HIT,0.1372
1282,TRUMP_USDT,LONG,StochasticRSI(MICRO_BURST-LONG),2,0.2,1.608,1.61,1.61,1.604,2026-07-09 03:53:59 UTC,2026-07-09 03:55:03 UTC,63.1,0.3216,0.0043,0.0,0.0004,0.04,9.33,MIN_PROFIT_TP_HIT,0.1376
1283,TRUMP_USDT,SHORT,StochasticRSI(MICRO_BURST-SHORT),2,0.2,1.61,1.608,1.608,1.614,2026-07-09 03:59:59 UTC,2026-07-09 04:03:21 UTC,201.52,0.322,0.0043,0.0,0.0004,0.04,9.32,MIN_PROFIT_TP_HIT,0.138
1284,TRUMP_USDT,LONG,StochasticRSI(MICRO_BURST-LONG),2,0.2,1.612,1.608,1.614,1.608,2026-07-09 04:05:59 UTC,2026-07-09 04:10:19 UTC,259.94,0.3224,0.0043,0.0,-0.0008,-0.08,-18.61,STOP_LOSS_HIT,0.1372
1285,TRUMP_USDT,LONG,StochasticRSI(MICRO_BURST-LONG),2,0.2,1.611,1.613,1.613,1.607,2026-07-09 04:13:59 UTC,2026-07-09 04:17:04 UTC,184.26,0.3222,0.0043,0.0,0.0004,0.04,9.31,MIN_PROFIT_TP_HIT,0.1376
1286,TRUMP_USDT,SHORT,StochasticRSI(MICRO_BURST-SHORT),2,0.2,1.612,1.616,1.61,1.616,2026-07-09 04:20:59 UTC,2026-07-09 04:28:21 UTC,441.25,0.3224,0.0043,0.0,-0.0008,-0.08,-18.61,STOP_LOSS_HIT,0.1368
1287,TRUMP_USDT,LONG,StochasticRSI(MICRO_BURST-LONG),2,0.2,1.616,1.618,1.618,1.612,2026-07-09 04:44:59 UTC,2026-07-09 04:50:27 UTC,327.42,0.3232,0.0043,0.0,0.0004,0.04,9.28,MIN_PROFIT_TP_HIT,0.1372
1288,TRUMP_USDT,SHORT,StochasticRSI(MICRO_BURST-SHORT),2,0.2,1.617,1.621,1.615,1.621,2026-07-09 04:55:59 UTC,2026-07-09 04:57:22 UTC,82.34,0.3234,0.0043,0.0,-0.0008,-0.08,-18.55,STOP_LOSS_HIT,0.1364
1289,TRUMP_USDT,LONG,StochasticRSI(MICRO_BURST-LONG),2,0.2,1.619,1.621,1.621,1.615,2026-07-09 05:09:59 UTC,2026-07-09 05:11:04 UTC,64.91,0.3238,0.0043,0.0,0.0004,0.04,9.26,MIN_PROFIT_TP_HIT,0.1368
1290,TRUMP_USDT,SHORT,StochasticRSI(MICRO_BURST-SHORT),2,0.2,1.621,1.619,1.619,1.625,2026-07-09 05:14:59 UTC,2026-07-09 05:16:06 UTC,66.91,0.3242,0.0043,0.0,0.0004,0.04,9.25,MIN_PROFIT_TP_HIT,0.1372
1291,TRUMP_USDT,LONG,StochasticRSI(MICRO_BURST-LONG),2,0.2,1.617,1.619,1.619,1.613,2026-07-09 05:19:59 UTC,2026-07-09 05:23:03 UTC,183.67,0.3234,0.0043,0.0,0.0004,0.04,9.28,MIN_PROFIT_TP_HIT,0.1376
1292,TRUMP_USDT,SHORT,StochasticRSI(MICRO_BURST-SHORT),2,0.2,1.618,1.622,1.616,1.622,2026-07-09 05:27:59 UTC,2026-07-09 05:29:13 UTC,73.55,0.3236,0.0043,0.0,-0.0008,-0.08,-18.54,STOP_LOSS_HIT,0.1368
1293,TRUMP_USDT,SHORT,StochasticRSI(MICRO_BURST-SHORT),2,0.2,1.621,1.619,1.619,1.625,2026-07-09 05:31:59 UTC,2026-07-09 05:32:33 UTC,33.48,0.3242,0.0043,0.0,0.0004,0.04,9.25,MIN_PROFIT_TP_HIT,0.1372
1294,TRUMP_USDT,SHORT,StochasticRSI(MICRO_BURST-SHORT),2,0.2,1.622,1.62,1.62,1.626,2026-07-09 05:38:59 UTC,2026-07-09 05:42:41 UTC,221.26,0.3244,0.0043,0.0,0.0004,0.04,9.25,MIN_PROFIT_TP_HIT,0.1376
1295,TRUMP_USDT,LONG,StochasticRSI(MICRO_BURST-LONG),2,0.2,1.622,1.624,1.624,1.618,2026-07-09 05:46:59 UTC,2026-07-09 05:47:06 UTC,6.99,0.3244,0.0043,0.0,0.0004,0.04,9.25,MIN_PROFIT_TP_HIT,0.138
1296,TRUMP_USDT,SHORT,StochasticRSI(MICRO_BURST-SHORT),2,0.2,1.624,1.622,1.622,1.628,2026-07-09 05:51:59 UTC,2026-07-09 05:52:51 UTC,51.26,0.3248,0.0043,0.0,0.0004,0.04,9.24,MIN_PROFIT_TP_HIT,0.1384
1297,TRUMP_USDT,SHORT,StochasticRSI(MICRO_BURST-SHORT),2,0.2,1.625,1.623,1.623,1.629,2026-07-09 06:00:59 UTC,2026-07-09 06:06:11 UTC,311.57,0.325,0.0043,0.0,0.0004,0.04,9.23,MIN_PROFIT_TP_HIT,0.1388
1298,TRUMP_USDT,LONG,StochasticRSI(MICRO_BURST-LONG),2,0.2,1.622,1.618,1.624,1.618,2026-07-09 06:10:59 UTC,2026-07-09 06:15:32 UTC,272.14,0.3244,0.0043,0.0,-0.0008,-0.08,-18.5,STOP_LOSS_HIT,0.138
1299,TRUMP_USDT,SHORT,StochasticRSI(MICRO_BURST-SHORT),2,0.2,1.625,1.623,1.623,1.629,2026-07-09 06:27:59 UTC,2026-07-09 06:28:15 UTC,15.48,0.325,0.0043,0.0,0.0004,0.04,9.23,MIN_PROFIT_TP_HIT,0.1384
1300,TRUMP_USDT,SHORT,StochasticRSI(MICRO_BURST-SHORT),2,0.2,1.626,1.624,1.624,1.63,2026-07-09 06:31:59 UTC,2026-07-09 06:37:07 UTC,307.53,0.3252,0.0043,0.0,0.0004,0.04,9.23,MIN_PROFIT_TP_HIT,0.1388
1301,TRUMP_USDT,LONG,StochasticRSI(MICRO_BURST-LONG),2,0.2,1.625,1.627,1.627,1.621,2026-07-09 06:43:59 UTC,2026-07-09 06:44:53 UTC,53.68,0.325,0.0043,0.0,0.0004,0.04,9.23,MIN_PROFIT_TP_HIT,0.1392
1302,TRUMP_USDT,SHORT,StochasticRSI(MICRO_BURST-SHORT),2,0.2,1.625,1.623,1.623,1.629,2026-07-09 06:59:59 UTC,2026-07-09 07:03:45 UTC,225.22,0.325,0.0043,0.0,0.0004,0.04,9.23,MIN_PROFIT_TP_HIT,0.1396
1303,TRUMP_USDT,LONG,StochasticRSI(MICRO_BURST-LONG),2,0.2,1.62,1.622,1.622,1.616,2026-07-09 07:08:59 UTC,2026-07-09 07:13:09 UTC,249.76,0.324,0.0043,0.0,0.0004,0.04,9.26,MIN_PROFIT_TP_HIT,0.14
1304,TRUMP_USDT,SHORT,StochasticRSI(MICRO_BURST-SHORT),2,0.2,1.624,1.622,1.622,1.628,2026-07-09 07:18:59 UTC,2026-07-09 07:21:45 UTC,165.24,0.3248,0.0043,0.0,0.0004,0.04,9.24,MIN_PROFIT_TP_HIT,0.1404
1305,TRUMP_USDT,SHORT,StochasticRSI(MICRO_BURST-SHORT),2,0.2,1.622,1.62,1.62,1.626,2026-07-09 07:22:59 UTC,2026-07-09 07:23:51 UTC,51.65,0.3244,0.0043,0.0,0.0004,0.04,9.25,MIN_PROFIT_TP_HIT,0.1408
1306,TRUMP_USDT,LONG,StochasticRSI(MICRO_BURST-LONG),2,0.2,1.615,1.617,1.617,1.611,2026-07-09 07:28:59 UTC,2026-07-09 07:41:08 UTC,728.9,0.323,0.0043,0.0,0.0004,0.04,9.29,MIN_PROFIT_TP_HIT,0.1412
1307,TRUMP_USDT,SHORT,StochasticRSI(MICRO_BURST-SHORT),2,0.2,1.622,1.62,1.62,1.626,2026-07-09 07:50:59 UTC,2026-07-09 07:58:26 UTC,446.94,0.3244,0.0043,0.0,0.0004,0.04,9.25,MIN_PROFIT_TP_HIT,0.1416
1308,TRUMP_USDT,LONG,StochasticRSI(MICRO_BURST-LONG),2,0.2,1.616,1.618,1.618,1.612,2026-07-09 08:01:59 UTC,2026-07-09 08:02:05 UTC,5.3,0.3232,0.0043,0.0,0.0004,0.04,9.28,MIN_PROFIT_TP_HIT,0.142
1309,TRUMP_USDT,LONG,StochasticRSI(MICRO_BURST-LONG),2,0.2,1.613,1.615,1.615,1.609,2026-07-09 08:08:59 UTC,2026-07-09 08:21:27 UTC,747.19,0.3226,0.0043,0.0,0.0004,0.04,9.3,MIN_PROFIT_TP_HIT,0.1424
1310,TRUMP_USDT,SHORT,StochasticRSI(MICRO_BURST-SHORT),2,0.2,1.617,1.615,1.615,1.621,2026-07-09 08:25:59 UTC,2026-07-09 08:28:18 UTC,139.0,0.3234,0.0043,0.0,0.0004,0.04,9.28,MIN_PROFIT_TP_HIT,0.1428
1311,TRUMP_USDT,LONG,StochasticRSI(MICRO_BURST-LONG),2,0.2,1.615,1.611,1.617,1.611,2026-07-09 08:36:59 UTC,2026-07-09 08:52:06 UTC,906.3,0.323,0.0043,0.0,-0.0008,-0.08,-18.58,STOP_LOSS_HIT,0.142
1312,TRUMP_USDT,LONG,StochasticRSI(MICRO_BURST-LONG),2,0.2,1.612,1.608,1.614,1.608,2026-07-09 08:54:59 UTC,2026-07-09 09:00:33 UTC,333.48,0.3224,0.0043,0.0,-0.0008,-0.08,-18.61,STOP_LOSS_HIT,0.1412
1313,TRUMP_USDT,LONG,StochasticRSI(MICRO_BURST-LONG),2,0.2,1.611,1.607,1.613,1.607,2026-07-09 09:02:59 UTC,2026-07-09 09:05:12 UTC,132.96,0.3222,0.0043,0.0,-0.0008,-0.08,-18.62,STOP_LOSS_HIT,0.1404
1314,TRUMP_USDT,LONG,StochasticRSI(MICRO_BURST-LONG),2,0.2,1.606,1.608,1.608,1.602,2026-07-09 09:10:59 UTC,2026-07-09 09:33:19 UTC,1339.01,0.3212,0.0043,0.0,0.0004,0.04,9.34,MIN_PROFIT_TP_HIT,0.1408
1315,TRUMP_USDT,SHORT,StochasticRSI(MICRO_BURST-SHORT),2,0.2,1.605,1.603,1.603,1.609,2026-07-09 09:36:59 UTC,2026-07-09 09:37:35 UTC,35.25,0.321,0.0043,0.0,0.0004,0.04,9.35,MIN_PROFIT_TP_HIT,0.1412
1316,TRUMP_USDT,LONG,StochasticRSI(MICRO_BURST-LONG),2,0.2,1.607,1.609,1.609,1.603,2026-07-09 09:40:59 UTC,2026-07-09 09:42:15 UTC,75.21,0.3214,0.0043,0.0,0.0004,0.04,9.33,MIN_PROFIT_TP_HIT,0.1416
1317,TRUMP_USDT,SHORT,StochasticRSI(MICRO_BURST-SHORT),2,0.2,1.609,1.613,1.607,1.613,2026-07-09 09:44:59 UTC,2026-07-09 09:51:06 UTC,366.6,0.3218,0.0043,0.0,-0.0008,-0.08,-18.65,STOP_LOSS_HIT,0.1408
1318,TRUMP_USDT,SHORT,StochasticRSI(MICRO_BURST-SHORT),2,0.2,1.615,1.613,1.613,1.619,2026-07-09 10:06:59 UTC,2026-07-09 10:21:46 UTC,886.32,0.323,0.0043,0.0,0.0004,0.04,9.29,MIN_PROFIT_TP_HIT,0.1412
1319,TRUMP_USDT,LONG,StochasticRSI(MICRO_BURST-LONG),2,0.2,1.612,1.608,1.614,1.608,2026-07-09 10:36:59 UTC,2026-07-09 10:52:51 UTC,951.45,0.3224,0.0043,0.0,-0.0008,-0.08,-18.61,STOP_LOSS_HIT,0.1404
1320,TRUMP_USDT,SHORT,StochasticRSI(MICRO_BURST-SHORT),2,0.2,1.61,1.608,1.608,1.614,2026-07-09 10:53:59 UTC,2026-07-09 10:55:17 UTC,77.37,0.322,0.0043,0.0,0.0004,0.04,9.32,MIN_PROFIT_TP_HIT,0.1408
1321,TRUMP_USDT,SHORT,StochasticRSI(MICRO_BURST-SHORT),2,0.2,1.609,1.607,1.607,1.613,2026-07-09 11:04:59 UTC,2026-07-09 11:08:53 UTC,233.75,0.3218,0.0043,0.0,0.0004,0.04,9.32,MIN_PROFIT_TP_HIT,0.1412
1322,TRUMP_USDT,LONG,StochasticRSI(MICRO_BURST-LONG),2,0.2,1.606,1.608,1.608,1.602,2026-07-09 11:21:59 UTC,2026-07-09 11:22:45 UTC,45.45,0.3212,0.0043,0.0,0.0004,0.04,9.34,MIN_PROFIT_TP_HIT,0.1416
1323,TRUMP_USDT,SHORT,StochasticRSI(MICRO_BURST-SHORT),2,0.2,1.608,1.612,1.606,1.612,2026-07-09 11:40:59 UTC,2026-07-09 11:47:52 UTC,412.0,0.3216,0.0043,0.0,-0.0008,-0.08,-18.66,STOP_LOSS_HIT,0.1408
1324,TRUMP_USDT,SHORT,StochasticRSI(MICRO_BURST-SHORT),2,0.2,1.616,1.614,1.614,1.62,2026-07-09 11:55:59 UTC,2026-07-09 12:00:11 UTC,251.03,0.3232,0.0043,0.0,0.0004,0.04,9.28,MIN_PROFIT_TP_HIT,0.1412
1325,TRUMP_USDT,LONG,StochasticRSI(MICRO_BURST-LONG),2,0.2,1.619,1.615,1.621,1.615,2026-07-09 12:02:59 UTC,2026-07-09 12:05:14 UTC,134.82,0.3238,0.0043,0.0,-0.0008,-0.08,-18.53,STOP_LOSS_HIT,0.1404
1326,TRUMP_USDT,LONG,StochasticRSI(MICRO_BURST-LONG),2,0.2,1.616,1.612,1.618,1.612,2026-07-09 12:08:59 UTC,2026-07-09 12:17:15 UTC,495.65,0.3232,0.0043,0.0,-0.0008,-0.08,-18.56,STOP_LOSS_HIT,0.1396
1327,TRUMP_USDT,LONG,StochasticRSI(MICRO_BURST-LONG),2,0.2,1.612,1.614,1.614,1.608,2026-07-09 12:19:59 UTC,2026-07-09 12:20:02 UTC,2.3,0.3224,0.0043,0.0,0.0004,0.04,9.31,MIN_PROFIT_TP_HIT,0.14
1328,TRUMP_USDT,LONG,StochasticRSI(MICRO_BURST-LONG),2,0.2,1.617,1.613,1.619,1.613,2026-07-09 12:33:59 UTC,2026-07-09 12:42:47 UTC,527.95,0.3234,0.0043,0.0,-0.0008,-0.08,-18.55,STOP_LOSS_HIT,0.1392
1329,TRUMP_USDT,LONG,StochasticRSI(MICRO_BURST-LONG),2,0.2,1.612,1.614,1.614,1.608,2026-07-09 12:48:59 UTC,2026-07-09 12:50:09 UTC,69.43,0.3224,0.0043,0.0,0.0004,0.04,9.31,MIN_PROFIT_TP_HIT,0.1396
1330,TRUMP_USDT,SHORT,StochasticRSI(MICRO_BURST-SHORT),2,0.2,1.615,1.613,1.613,1.619,2026-07-09 12:55:59 UTC,2026-07-09 12:59:47 UTC,227.59,0.323,0.0043,0.0,0.0004,0.04,9.29,MIN_PROFIT_TP_HIT,0.14
1331,TRUMP_USDT,LONG,StochasticRSI(MICRO_BURST-LONG),2,0.2,1.617,1.619,1.619,1.613,2026-07-09 13:02:59 UTC,2026-07-09 13:03:07 UTC,7.16,0.3234,0.0043,0.0,0.0004,0.04,9.28,MIN_PROFIT_TP_HIT,0.1404
1332,TRUMP_USDT,SHORT,StochasticRSI(MICRO_BURST-SHORT),2,0.2,1.617,1.615,1.615,1.621,2026-07-09 13:06:59 UTC,2026-07-09 13:08:11 UTC,71.16,0.3234,0.0043,0.0,0.0004,0.04,9.28,MIN_PROFIT_TP_HIT,0.1408
1333,TRUMP_USDT,LONG,StochasticRSI(MICRO_BURST-LONG),2,0.2,1.616,1.618,1.618,1.612,2026-07-09 13:12:59 UTC,2026-07-09 13:25:22 UTC,742.67,0.3232,0.0043,0.0,0.0004,0.04,9.28,MIN_PROFIT_TP_HIT,0.1412
1334,TRUMP_USDT,SHORT,StochasticRSI(MICRO_BURST-SHORT),2,0.2,1.618,1.616,1.616,1.622,2026-07-09 13:29:59 UTC,2026-07-09 13:30:13 UTC,13.39,0.3236,0.0043,0.0,0.0004,0.04,9.27,MIN_PROFIT_TP_HIT,0.1416
1335,TRUMP_USDT,LONG,StochasticRSI(MICRO_BURST-LONG),2,0.2,1.614,1.61,1.616,1.61,2026-07-09 13:37:59 UTC,2026-07-09 13:40:02 UTC,122.63,0.3228,0.0043,0.0,-0.0008,-0.08,-18.59,STOP_LOSS_HIT,0.1408
1336,TRUMP_USDT,SHORT,StochasticRSI(MICRO_BURST-SHORT),2,0.2,1.614,1.612,1.612,1.618,2026-07-09 13:47:59 UTC,2026-07-09 13:48:35 UTC,35.15,0.3228,0.0043,0.0,0.0004,0.04,9.29,MIN_PROFIT_TP_HIT,0.1412
1337,TRUMP_USDT,LONG,StochasticRSI(MICRO_BURST-LONG),2,0.2,1.616,1.618,1.618,1.612,2026-07-09 13:52:59 UTC,2026-07-09 13:53:17 UTC,17.13,0.3232,0.0043,0.0,0.0004,0.04,9.28,MIN_PROFIT_TP_HIT,0.1416
1338,TRUMP_USDT,SHORT,StochasticRSI(MICRO_BURST-SHORT),2,0.2,1.617,1.615,1.615,1.621,2026-07-09 13:58:59 UTC,2026-07-09 14:06:12 UTC,432.17,0.3234,0.0043,0.0,0.0004,0.04,9.28,MIN_PROFIT_TP_HIT,0.142
1339,TRUMP_USDT,LONG,StochasticRSI(MICRO_BURST-LONG),2,0.2,1.609,1.611,1.611,1.605,2026-07-09 14:12:59 UTC,2026-07-09 14:13:16 UTC,16.11,0.3218,0.0043,0.0,0.0004,0.04,9.32,MIN_PROFIT_TP_HIT,0.1424
1340,TRUMP_USDT,LONG,StochasticRSI(MICRO_BURST-LONG),2,0.2,1.607,1.609,1.609,1.603,2026-07-09 14:22:59 UTC,2026-07-09 14:25:03 UTC,123.21,0.3214,0.0043,0.0,0.0004,0.04,9.33,MIN_PROFIT_TP_HIT,0.1428
1341,TRUMP_USDT,SHORT,StochasticRSI(MICRO_BURST-SHORT),2,0.2,1.606,1.604,1.604,1.61,2026-07-09 14:30:59 UTC,2026-07-09 14:31:46 UTC,46.19,0.3212,0.0043,0.0,0.0004,0.04,9.34,MIN_PROFIT_TP_HIT,0.1432
1342,TRUMP_USDT,LONG,StochasticRSI(MICRO_BURST-LONG),2,0.2,1.606,1.608,1.608,1.602,2026-07-09 14:34:59 UTC,2026-07-09 14:35:37 UTC,37.5,0.3212,0.0043,0.0,0.0004,0.04,9.34,MIN_PROFIT_TP_HIT,0.1436
1343,TRUMP_USDT,LONG,StochasticRSI(MICRO_BURST-LONG),2,0.2,1.605,1.607,1.607,1.601,2026-07-09 14:55:59 UTC,2026-07-09 14:58:10 UTC,130.24,0.321,0.0043,0.0,0.0004,0.04,9.35,MIN_PROFIT_TP_HIT,0.144
1344,TRUMP_USDT,SHORT,StochasticRSI(MICRO_BURST-SHORT),2,0.2,1.605,1.603,1.603,1.609,2026-07-09 15:01:59 UTC,2026-07-09 15:02:30 UTC,30.28,0.321,0.0043,0.0,0.0004,0.04,9.35,MIN_PROFIT_TP_HIT,0.1444
1345,TRUMP_USDT,LONG,StochasticRSI(MICRO_BURST-LONG),2,0.2,1.603,1.605,1.605,1.599,2026-07-09 15:05:59 UTC,2026-07-09 15:06:17 UTC,17.94,0.3206,0.0043,0.0,0.0004,0.04,9.36,MIN_PROFIT_TP_HIT,0.1448
1346,TRUMP_USDT,SHORT,StochasticRSI(MICRO_BURST-SHORT),2,0.2,1.605,1.609,1.603,1.609,2026-07-09 15:13:59 UTC,2026-07-09 15:22:48 UTC,528.87,0.321,0.0043,0.0,-0.0008,-0.08,-18.69,STOP_LOSS_HIT,0.144
1347,TRUMP_USDT,SHORT,StochasticRSI(MICRO_BURST-SHORT),2,0.2,1.608,1.606,1.606,1.612,2026-07-09 15:26:59 UTC,2026-07-09 15:28:45 UTC,105.7,0.3216,0.0043,0.0,0.0004,0.04,9.33,MIN_PROFIT_TP_HIT,0.1444
1348,TRUMP_USDT,LONG,StochasticRSI(MICRO_BURST-LONG),2,0.2,1.606,1.602,1.608,1.602,2026-07-09 15:32:59 UTC,2026-07-09 15:43:05 UTC,605.02,0.3212,0.0043,0.0,-0.0008,-0.08,-18.68,STOP_LOSS_HIT,0.1436
1349,TRUMP_USDT,LONG,StochasticRSI(MICRO_BURST-LONG),2,0.2,1.602,1.598,1.604,1.598,2026-07-09 15:49:59 UTC,2026-07-09 15:54:16 UTC,256.06,0.3204,0.0043,0.0,-0.0008,-0.08,-18.73,STOP_LOSS_HIT,0.1428
1350,TRUMP_USDT,SHORT,StochasticRSI(MICRO_BURST-SHORT),2,0.2,1.597,1.595,1.595,1.601,2026-07-09 16:03:59 UTC,2026-07-09 16:04:34 UTC,34.71,0.3194,0.0043,0.0,0.0004,0.04,9.39,MIN_PROFIT_TP_HIT,0.1432
1351,TRUMP_USDT,SHORT,StochasticRSI(MICRO_BURST-SHORT),2,0.2,1.591,1.589,1.589,1.595,2026-07-09 16:17:59 UTC,2026-07-09 16:26:36 UTC,516.08,0.3182,0.0042,0.0,0.0004,0.04,9.43,MIN_PROFIT_TP_HIT,0.1436
1352,TRUMP_USDT,SHORT,StochasticRSI(MICRO_BURST-SHORT),2,0.2,1.595,1.599,1.593,1.599,2026-07-09 16:40:59 UTC,2026-07-09 16:46:12 UTC,312.77,0.319,0.0043,0.0,-0.0008,-0.08,-18.81,STOP_LOSS_HIT,0.1428
1353,TRUMP_USDT,SHORT,StochasticRSI(MICRO_BURST-SHORT),2,0.2,1.6,1.604,1.598,1.604,2026-07-09 16:48:59 UTC,2026-07-09 16:50:44 UTC,104.46,0.32,0.0043,0.0,-0.0008,-0.08,-18.75,STOP_LOSS_HIT,0.142
1354,TRUMP_USDT,SHORT,StochasticRSI(MICRO_BURST-SHORT),2,0.2,1.604,1.602,1.602,1.608,2026-07-09 16:55:59 UTC,2026-07-09 16:59:43 UTC,223.21,0.3208,0.0043,0.0,0.0004,0.04,9.35,MIN_PROFIT_TP_HIT,0.1424
1355,TRUMP_USDT,LONG,StochasticRSI(MICRO_BURST-LONG),2,0.2,1.604,1.606,1.606,1.6,2026-07-09 17:01:59 UTC,2026-07-09 17:11:00 UTC,540.84,0.3208,0.0043,0.0,0.0004,0.04,9.35,MIN_PROFIT_TP_HIT,0.1428
1356,TRUMP_USDT,SHORT,StochasticRSI(MICRO_BURST-SHORT),2,0.2,1.609,1.613,1.607,1.613,2026-07-09 17:22:59 UTC,2026-07-09 17:39:26 UTC,986.91,0.3218,0.0043,0.0,-0.0008,-0.08,-18.65,STOP_LOSS_HIT,0.142
1357,TRUMP_USDT,SHORT,StochasticRSI(MICRO_BURST-SHORT),2,0.2,1.616,1.614,1.614,1.62,2026-07-09 17:43:59 UTC,2026-07-09 17:51:54 UTC,474.08,0.3232,0.0043,0.0,0.0004,0.04,9.28,MIN_PROFIT_TP_HIT,0.1424
1358,TRUMP_USDT,LONG,StochasticRSI(MICRO_BURST-LONG),2,0.2,1.614,1.616,1.616,1.61,2026-07-09 17:54:59 UTC,2026-07-09 18:00:04 UTC,304.39,0.3228,0.0043,0.0,0.0004,0.04,9.29,MIN_PROFIT_TP_HIT,0.1428
1359,TRUMP_USDT,SHORT,StochasticRSI(MICRO_BURST-SHORT),2,0.2,1.616,1.62,1.614,1.62,2026-07-09 18:06:59 UTC,2026-07-09 18:07:34 UTC,34.88,0.3232,0.0043,0.0,-0.0008,-0.08,-18.56,STOP_LOSS_HIT,0.142
1360,TRUMP_USDT,SHORT,StochasticRSI(MICRO_BURST-SHORT),2,0.2,1.619,1.617,1.617,1.623,2026-07-09 18:11:59 UTC,2026-07-09 18:15:12 UTC,192.71,0.3238,0.0043,0.0,0.0004,0.04,9.26,MIN_PROFIT_TP_HIT,0.1424
1361,TRUMP_USDT,LONG,StochasticRSI(MICRO_BURST-LONG),2,0.2,1.619,1.621,1.621,1.615,2026-07-09 18:18:59 UTC,2026-07-09 18:19:57 UTC,57.54,0.3238,0.0043,0.0,0.0004,0.04,9.26,MIN_PROFIT_TP_HIT,0.1428
1362,TRUMP_USDT,LONG,StochasticRSI(MICRO_BURST-LONG),2,0.2,1.618,1.614,1.62,1.614,2026-07-09 18:29:59 UTC,2026-07-09 19:02:43 UTC,1963.26,0.3236,0.0043,0.0,-0.0008,-0.08,-18.54,STOP_LOSS_HIT,0.142
1363,TRUMP_USDT,LONG,StochasticRSI(MICRO_BURST-LONG),2,0.2,1.615,1.617,1.617,1.611,2026-07-09 19:03:59 UTC,2026-07-09 19:04:46 UTC,46.65,0.323,0.0043,0.0,0.0004,0.04,9.29,MIN_PROFIT_TP_HIT,0.1424
1364,TRUMP_USDT,SHORT,StochasticRSI(MICRO_BURST-SHORT),2,0.2,1.618,1.616,1.616,1.622,2026-07-09 19:14:59 UTC,2026-07-09 19:15:05 UTC,5.33,0.3236,0.0043,0.0,0.0004,0.04,9.27,MIN_PROFIT_TP_HIT,0.1428
1365,TRUMP_USDT,LONG,StochasticRSI(MICRO_BURST-LONG),2,0.2,1.616,1.612,1.618,1.612,2026-07-09 19:18:59 UTC,2026-07-09 19:24:57 UTC,357.16,0.3232,0.0043,0.0,-0.0008,-0.08,-18.56,STOP_LOSS_HIT,0.142
1366,TRUMP_USDT,SHORT,StochasticRSI(MICRO_BURST-SHORT),2,0.2,1.618,1.622,1.616,1.622,2026-07-09 19:32:59 UTC,2026-07-09 19:35:48 UTC,168.23,0.3236,0.0043,0.0,-0.0008,-0.08,-18.54,STOP_LOSS_HIT,0.1412
1367,TRUMP_USDT,SHORT,StochasticRSI(MICRO_BURST-SHORT),2,0.2,1.623,1.621,1.621,1.627,2026-07-09 19:40:59 UTC,2026-07-09 19:46:07 UTC,307.77,0.3246,0.0043,0.0,0.0004,0.04,9.24,MIN_PROFIT_TP_HIT,0.1416
1368,TRUMP_USDT,LONG,StochasticRSI(MICRO_BURST-LONG),2,0.2,1.619,1.615,1.621,1.615,2026-07-09 19:53:59 UTC,2026-07-09 20:02:13 UTC,493.5,0.3238,0.0043,0.0,-0.0008,-0.08,-18.53,STOP_LOSS_HIT,0.1408
1369,TRUMP_USDT,LONG,StochasticRSI(MICRO_BURST-LONG),2,0.2,1.612,1.614,1.614,1.608,2026-07-09 20:06:59 UTC,2026-07-09 20:07:23 UTC,23.1,0.3224,0.0043,0.0,0.0004,0.04,9.31,MIN_PROFIT_TP_HIT,0.1412
1370,TRUMP_USDT,SHORT,StochasticRSI(MICRO_BURST-SHORT),2,0.2,1.613,1.617,1.611,1.617,2026-07-09 20:11:59 UTC,2026-07-09 20:22:34 UTC,634.11,0.3226,0.0043,0.0,-0.0008,-0.08,-18.6,STOP_LOSS_HIT,0.1404
1371,TRUMP_USDT,SHORT,StochasticRSI(MICRO_BURST-SHORT),2,0.2,1.617,1.615,1.615,1.621,2026-07-09 20:25:59 UTC,2026-07-09 20:40:29 UTC,869.82,0.3234,0.0043,0.0,0.0004,0.04,9.28,MIN_PROFIT_TP_HIT,0.1408
1372,TRUMP_USDT,SHORT,StochasticRSI(MICRO_BURST-SHORT),2,0.2,1.615,1.619,1.613,1.619,2026-07-09 20:56:59 UTC,2026-07-09 21:13:46 UTC,1006.86,0.323,0.0043,0.0,-0.0008,-0.08,-18.58,STOP_LOSS_HIT,0.14
1373,TRUMP_USDT,LONG,StochasticRSI(MICRO_BURST-LONG),2,0.2,1.615,1.611,1.617,1.611,2026-07-09 21:19:59 UTC,2026-07-09 21:22:05 UTC,125.55,0.323,0.0043,0.0,-0.0008,-0.08,-18.58,STOP_LOSS_HIT,0.1392
1374,TRUMP_USDT,LONG,StochasticRSI(MICRO_BURST-LONG),2,0.2,1.61,1.606,1.612,1.606,2026-07-09 21:30:59 UTC,2026-07-09 21:42:35 UTC,695.35,0.322,0.0043,0.0,-0.0008,-0.08,-18.63,STOP_LOSS_HIT,0.1384
1375,TRUMP_USDT,SHORT,StochasticRSI(MICRO_BURST-SHORT),2,0.2,1.606,1.604,1.604,1.61,2026-07-09 21:52:59 UTC,2026-07-09 21:57:17 UTC,257.27,0.3212,0.0043,0.0,0.0004,0.04,9.34,MIN_PROFIT_TP_HIT,0.1388
1376,TRUMP_USDT,SHORT,StochasticRSI(MICRO_BURST-SHORT),2,0.2,1.605,1.603,1.603,1.609,2026-07-09 21:58:59 UTC,2026-07-09 22:02:26 UTC,206.1,0.321,0.0043,0.0,0.0004,0.04,9.35,MIN_PROFIT_TP_HIT,0.1392
1377,TRUMP_USDT,SHORT,StochasticRSI(MICRO_BURST-SHORT),2,0.2,1.606,1.604,1.604,1.61,2026-07-09 22:09:59 UTC,2026-07-09 22:11:38 UTC,98.59,0.3212,0.0043,0.0,0.0004,0.04,9.34,MIN_PROFIT_TP_HIT,0.1396
1378,TRUMP_USDT,LONG,StochasticRSI(MICRO_BURST-LONG),2,0.2,1.608,1.604,1.61,1.604,2026-07-09 22:18:59 UTC,2026-07-09 22:35:16 UTC,976.68,0.3216,0.0043,0.0,-0.0008,-0.08,-18.66,STOP_LOSS_HIT,0.1388
1379,TRUMP_USDT,SHORT,StochasticRSI(MICRO_BURST-SHORT),2,0.2,1.607,1.605,1.605,1.611,2026-07-09 22:42:59 UTC,2026-07-09 22:56:31 UTC,811.86,0.3214,0.0043,0.0,0.0004,0.04,9.33,MIN_PROFIT_TP_HIT,0.1392
1380,TRUMP_USDT,LONG,StochasticRSI(MICRO_BURST-LONG),2,0.2,1.604,1.6,1.606,1.6,2026-07-09 22:59:59 UTC,2026-07-09 23:15:51 UTC,951.02,0.3208,0.0043,0.0,-0.0008,-0.08,-18.7,STOP_LOSS_HIT,0.1384
1381,TRUMP_USDT,LONG,StochasticRSI(MICRO_BURST-LONG),2,0.2,1.599,1.601,1.601,1.595,2026-07-09 23:17:59 UTC,2026-07-09 23:22:54 UTC,294.31,0.3198,0.0043,0.0,0.0004,0.04,9.38,MIN_PROFIT_TP_HIT,0.1388
1382,TRUMP_USDT,SHORT,StochasticRSI(MICRO_BURST-SHORT),2,0.2,1.605,1.603,1.603,1.609,2026-07-09 23:27:59 UTC,2026-07-09 23:34:21 UTC,381.27,0.321,0.0043,0.0,0.0004,0.04,9.35,MIN_PROFIT_TP_HIT,0.1392
1383,TRUMP_USDT,LONG,StochasticRSI(MICRO_BURST-LONG),2,0.2,1.604,1.606,1.606,1.6,2026-07-09 23:37:59 UTC,2026-07-09 23:44:46 UTC,406.85,0.3208,0.0043,0.0,0.0004,0.04,9.35,MIN_PROFIT_TP_HIT,0.1396
1384,TRUMP_USDT,SHORT,StochasticRSI(MICRO_BURST-SHORT),2,0.2,1.604,1.602,1.602,1.608,2026-07-09 23:59:59 UTC,2026-07-10 00:02:05 UTC,125.17,0.3208,0.0043,0.0,0.0004,0.04,9.35,MIN_PROFIT_TP_HIT,0.14
1385,TRUMP_USDT,LONG,StochasticRSI(MICRO_BURST-LONG),2,0.2,1.604,1.606,1.606,1.6,2026-07-10 00:04:59 UTC,2026-07-10 00:05:15 UTC,15.89,0.3208,0.0043,0.0,0.0004,0.04,9.35,MIN_PROFIT_TP_HIT,0.1404
1386,TRUMP_USDT,SHORT,StochasticRSI(MICRO_BURST-SHORT),2,0.2,1.604,1.602,1.602,1.608,2026-07-10 00:11:59 UTC,2026-07-10 00:18:07 UTC,367.91,0.3208,0.0043,0.0,0.0004,0.04,9.35,MIN_PROFIT_TP_HIT,0.1408
1387,TRUMP_USDT,LONG,StochasticRSI(MICRO_BURST-LONG),2,0.2,1.604,1.6,1.606,1.6,2026-07-10 00:20:59 UTC,2026-07-10 00:24:11 UTC,191.53,0.3208,0.0043,0.0,-0.0008,-0.08,-18.7,STOP_LOSS_HIT,0.14
1388,TRUMP_USDT,SHORT,StochasticRSI(MICRO_BURST-SHORT),2,0.2,1.601,1.605,1.599,1.605,2026-07-10 00:34:59 UTC,2026-07-10 00:38:48 UTC,228.56,0.3202,0.0043,0.0,-0.0008,-0.08,-18.74,STOP_LOSS_HIT,0.1392
1389,TRUMP_USDT,LONG,StochasticRSI(MICRO_BURST-LONG),2,0.2,1.602,1.604,1.604,1.598,2026-07-10 00:51:59 UTC,2026-07-10 00:58:14 UTC,374.17,0.3204,0.0043,0.0,0.0004,0.04,9.36,MIN_PROFIT_TP_HIT,0.1396
1390,TRUMP_USDT,SHORT,StochasticRSI(MICRO_BURST-SHORT),2,0.2,1.605,1.603,1.603,1.609,2026-07-10 00:59:59 UTC,2026-07-10 01:01:20 UTC,80.38,0.321,0.0043,0.0,0.0004,0.04,9.35,MIN_PROFIT_TP_HIT,0.14
1391,TRUMP_USDT,SHORT,StochasticRSI(MICRO_BURST-SHORT),2,0.2,1.602,1.6,1.6,1.606,2026-07-10 01:02:59 UTC,2026-07-10 01:04:40 UTC,100.21,0.3204,0.0043,0.0,0.0004,0.04,9.36,MIN_PROFIT_TP_HIT,0.1404
1392,TRUMP_USDT,LONG,StochasticRSI(MICRO_BURST-LONG),2,0.2,1.602,1.604,1.604,1.598,2026-07-10 01:13:59 UTC,2026-07-10 01:15:40 UTC,100.81,0.3204,0.0043,0.0,0.0004,0.04,9.36,MIN_PROFIT_TP_HIT,0.1408
1393,TRUMP_USDT,SHORT,StochasticRSI(MICRO_BURST-SHORT),2,0.2,1.608,1.606,1.606,1.612,2026-07-10 01:22:59 UTC,2026-07-10 01:25:35 UTC,155.92,0.3216,0.0043,0.0,0.0004,0.04,9.33,MIN_PROFIT_TP_HIT,0.1412
1394,TRUMP_USDT,LONG,StochasticRSI(MICRO_BURST-LONG),2,0.2,1.609,1.605,1.611,1.605,2026-07-10 01:29:59 UTC,2026-07-10 01:39:47 UTC,587.08,0.3218,0.0043,0.0,-0.0008,-0.08,-18.65,STOP_LOSS_HIT,0.1404
1395,TRUMP_USDT,LONG,StochasticRSI(MICRO_BURST-LONG),2,0.2,1.605,1.607,1.607,1.601,2026-07-10 01:46:59 UTC,2026-07-10 01:47:18 UTC,18.82,0.321,0.0043,0.0,0.0004,0.04,9.35,MIN_PROFIT_TP_HIT,0.1408
1396,TRUMP_USDT,SHORT,StochasticRSI(MICRO_BURST-SHORT),2,0.2,1.622,1.62,1.62,1.626,2026-07-10 01:51:59 UTC,2026-07-10 01:52:13 UTC,13.24,0.3244,0.0043,0.0,0.0004,0.04,9.25,MIN_PROFIT_TP_HIT,0.1412
1397,TRUMP_USDT,LONG,StochasticRSI(MICRO_BURST-LONG),2,0.2,1.614,1.616,1.616,1.61,2026-07-10 02:00:59 UTC,2026-07-10 02:08:23 UTC,443.53,0.3228,0.0043,0.0,0.0004,0.04,9.29,MIN_PROFIT_TP_HIT,0.1416
1398,TRUMP_USDT,SHORT,StochasticRSI(MICRO_BURST-SHORT),2,0.2,1.615,1.613,1.613,1.619,2026-07-10 02:16:59 UTC,2026-07-10 02:23:40 UTC,400.32,0.323,0.0043,0.0,0.0004,0.04,9.29,MIN_PROFIT_TP_HIT,0.142
1399,TRUMP_USDT,LONG,StochasticRSI(MICRO_BURST-LONG),2,0.2,1.615,1.617,1.617,1.611,2026-07-10 02:35:59 UTC,2026-07-10 02:48:38 UTC,758.85,0.323,0.0043,0.0,0.0004,0.04,9.29,MIN_PROFIT_TP_HIT,0.1424
1400,TRUMP_USDT,LONG,StochasticRSI(MICRO_BURST-LONG),2,0.2,1.617,1.613,1.619,1.613,2026-07-10 02:58:59 UTC,2026-07-10 03:24:43 UTC,1543.07,0.3234,0.0043,0.0,-0.0008,-0.08,-18.55,STOP_LOSS_HIT,0.1416
1401,TRUMP_USDT,LONG,StochasticRSI(MICRO_BURST-LONG),2,0.2,1.614,1.616,1.616,1.61,2026-07-10 03:29:59 UTC,2026-07-10 03:35:25 UTC,325.35,0.3228,0.0043,0.0,0.0004,0.04,9.29,MIN_PROFIT_TP_HIT,0.142
1402,TRUMP_USDT,SHORT,StochasticRSI(MICRO_BURST-SHORT),2,0.2,1.613,1.611,1.611,1.617,2026-07-10 03:39:59 UTC,2026-07-10 03:56:35 UTC,995.96,0.3226,0.0043,0.0,0.0004,0.04,9.3,MIN_PROFIT_TP_HIT,0.1424
1403,TRUMP_USDT,LONG,StochasticRSI(MICRO_BURST-LONG),2,0.2,1.612,1.614,1.614,1.608,2026-07-10 04:23:59 UTC,2026-07-10 04:42:27 UTC,1107.39,0.3224,0.0043,0.0,0.0004,0.04,9.31,MIN_PROFIT_TP_HIT,0.1428
1404,TRUMP_USDT,LONG,StochasticRSI(MICRO_BURST-LONG),2,0.2,1.616,1.618,1.618,1.612,2026-07-10 05:01:59 UTC,2026-07-10 05:03:25 UTC,85.18,0.3232,0.0043,0.0,0.0004,0.04,9.28,MIN_PROFIT_TP_HIT,0.1432
1405,TRUMP_USDT,SHORT,StochasticRSI(MICRO_BURST-SHORT),2,0.2,1.616,1.614,1.614,1.62,2026-07-10 05:06:59 UTC,2026-07-10 05:26:36 UTC,1176.08,0.3232,0.0043,0.0,0.0004,0.04,9.28,MIN_PROFIT_TP_HIT,0.1436
1406,TRUMP_USDT,LONG,StochasticRSI(MICRO_BURST-LONG),2,0.2,1.614,1.616,1.616,1.61,2026-07-10 05:30:59 UTC,2026-07-10 05:34:08 UTC,188.46,0.3228,0.0043,0.0,0.0004,0.04,9.29,MIN_PROFIT_TP_HIT,0.144
1407,TRUMP_USDT,SHORT,StochasticRSI(MICRO_BURST-SHORT),2,0.2,1.618,1.616,1.616,1.622,2026-07-10 05:40:59 UTC,2026-07-10 05:41:38 UTC,38.57,0.3236,0.0043,0.0,0.0004,0.04,9.27,MIN_PROFIT_TP_HIT,0.1444
1408,TRUMP_USDT,LONG,StochasticRSI(MICRO_BURST-LONG),2,0.2,1.617,1.613,1.619,1.613,2026-07-10 05:45:59 UTC,2026-07-10 06:01:15 UTC,915.43,0.3234,0.0043,0.0,-0.0008,-0.08,-18.55,STOP_LOSS_HIT,0.1436
1409,TRUMP_USDT,SHORT,StochasticRSI(MICRO_BURST-SHORT),2,0.2,1.613,1.611,1.611,1.617,2026-07-10 06:02:59 UTC,2026-07-10 06:06:40 UTC,220.88,0.3226,0.0043,0.0,0.0004,0.04,9.3,MIN_PROFIT_TP_HIT,0.144
1410,TRUMP_USDT,LONG,StochasticRSI(MICRO_BURST-LONG),2,0.2,1.609,1.605,1.611,1.605,2026-07-10 06:17:59 UTC,2026-07-10 06:52:07 UTC,2047.2,0.3218,0.0043,0.0,-0.0008,-0.08,-18.65,STOP_LOSS_HIT,0.1432
1411,TRUMP_USDT,SHORT,StochasticRSI(MICRO_BURST-SHORT),2,0.2,1.606,1.61,1.604,1.61,2026-07-10 07:02:59 UTC,2026-07-10 07:24:38 UTC,1298.06,0.3212,0.0043,0.0,-0.0008,-0.08,-18.68,STOP_LOSS_HIT,0.1424
1412,TRUMP_USDT,SHORT,StochasticRSI(MICRO_BURST-SHORT),2,0.2,1.609,1.607,1.607,1.613,2026-07-10 07:27:59 UTC,2026-07-10 07:30:41 UTC,161.25,0.3218,0.0043,0.0,0.0004,0.04,9.32,MIN_PROFIT_TP_HIT,0.1428
1413,TRUMP_USDT,LONG,StochasticRSI(MICRO_BURST-LONG),2,0.2,1.609,1.605,1.611,1.605,2026-07-10 07:31:59 UTC,2026-07-10 07:41:51 UTC,591.54,0.3218,0.0043,0.0,-0.0008,-0.08,-18.65,STOP_LOSS_HIT,0.142
1414,TRUMP_USDT,LONG,StochasticRSI(MICRO_BURST-LONG),2,0.2,1.605,1.607,1.607,1.601,2026-07-10 07:55:59 UTC,2026-07-10 08:15:00 UTC,1140.36,0.321,0.0043,0.0,0.0004,0.04,9.35,MIN_PROFIT_TP_HIT,0.1424
1415,TRUMP_USDT,SHORT,StochasticRSI(MICRO_BURST-SHORT),2,0.2,1.609,1.613,1.607,1.613,2026-07-10 08:19:59 UTC,2026-07-10 08:28:48 UTC,528.92,0.3218,0.0043,0.0,-0.0008,-0.08,-18.65,STOP_LOSS_HIT,0.1416
1416,TRUMP_USDT,SHORT,StochasticRSI(MICRO_BURST-SHORT),2,0.2,1.616,1.614,1.614,1.62,2026-07-10 08:37:59 UTC,2026-07-10 08:47:43 UTC,583.31,0.3232,0.0043,0.0,0.0004,0.04,9.28,MIN_PROFIT_TP_HIT,0.142
1417,TRUMP_USDT,LONG,StochasticRSI(MICRO_BURST-LONG),2,0.2,1.617,1.619,1.619,1.613,2026-07-10 08:52:59 UTC,2026-07-10 08:56:11 UTC,191.62,0.3234,0.0043,0.0,0.0004,0.04,9.28,MIN_PROFIT_TP_HIT,0.1424
1418,TRUMP_USDT,SHORT,StochasticRSI(MICRO_BURST-SHORT),2,0.2,1.618,1.616,1.616,1.622,2026-07-10 08:59:59 UTC,2026-07-10 09:01:15 UTC,75.08,0.3236,0.0043,0.0,0.0004,0.04,9.27,MIN_PROFIT_TP_HIT,0.1428
1419,TRUMP_USDT,LONG,StochasticRSI(MICRO_BURST-LONG),2,0.2,1.617,1.619,1.619,1.613,2026-07-10 09:05:59 UTC,2026-07-10 09:08:57 UTC,177.06,0.3234,0.0043,0.0,0.0004,0.04,9.28,MIN_PROFIT_TP_HIT,0.1432
1420,TRUMP_USDT,SHORT,StochasticRSI(MICRO_BURST-SHORT),2,0.2,1.612,1.616,1.61,1.616,2026-07-10 09:12:59 UTC,2026-07-10 09:17:48 UTC,288.91,0.3224,0.0043,0.0,-0.0008,-0.08,-18.61,STOP_LOSS_HIT,0.1424
1421,TRUMP_USDT,SHORT,StochasticRSI(MICRO_BURST-SHORT),2,0.2,1.618,1.622,1.616,1.622,2026-07-10 09:24:59 UTC,2026-07-10 09:30:57 UTC,357.25,0.3236,0.0043,0.0,-0.0008,-0.08,-18.54,STOP_LOSS_HIT,0.1416
1422,TRUMP_USDT,SHORT,StochasticRSI(MICRO_BURST-SHORT),2,0.2,1.627,1.631,1.625,1.631,2026-07-10 09:35:59 UTC,2026-07-10 09:37:09 UTC,69.02,0.3254,0.0043,0.0,-0.0008,-0.08,-18.44,STOP_LOSS_HIT,0.1408
1423,TRUMP_USDT,SHORT,StochasticRSI(MICRO_BURST-SHORT),2,0.2,1.631,1.629,1.629,1.635,2026-07-10 09:39:59 UTC,2026-07-10 09:43:43 UTC,223.2,0.3262,0.0043,0.0,0.0004,0.04,9.2,MIN_PROFIT_TP_HIT,0.1412
1424,TRUMP_USDT,LONG,StochasticRSI(MICRO_BURST-LONG),2,0.2,1.63,1.632,1.632,1.626,2026-07-10 09:46:59 UTC,2026-07-10 09:48:03 UTC,63.3,0.326,0.0043,0.0,0.0004,0.04,9.2,MIN_PROFIT_TP_HIT,0.1416
1425,TRUMP_USDT,SHORT,StochasticRSI(MICRO_BURST-SHORT),2,0.2,1.632,1.636,1.63,1.636,2026-07-10 09:52:59 UTC,2026-07-10 10:00:58 UTC,478.07,0.3264,0.0044,0.0,-0.0008,-0.08,-18.38,STOP_LOSS_HIT,0.1408
1426,TRUMP_USDT,LONG,StochasticRSI(MICRO_BURST-LONG),2,0.2,1.64,1.636,1.642,1.636,2026-07-10 10:01:59 UTC,2026-07-10 10:03:11 UTC,71.73,0.328,0.0044,0.0,-0.0008,-0.08,-18.29,STOP_LOSS_HIT,0.14
1427,TRUMP_USDT,LONG,StochasticRSI(MICRO_BURST-LONG),2,0.2,1.633,1.635,1.635,1.629,2026-07-10 10:12:59 UTC,2026-07-10 10:24:05 UTC,665.19,0.3266,0.0044,0.0,0.0004,0.04,9.19,MIN_PROFIT_TP_HIT,0.1404
1428,TRUMP_USDT,SHORT,StochasticRSI(MICRO_BURST-SHORT),2,0.2,1.64,1.644,1.638,1.644,2026-07-10 10:32:59 UTC,2026-07-10 10:33:44 UTC,44.43,0.328,0.0044,0.0,-0.0008,-0.08,-18.29,STOP_LOSS_HIT,0.1396
1429,TRUMP_USDT,LONG,StochasticRSI(MICRO_BURST-LONG),2,0.2,1.632,1.634,1.634,1.628,2026-07-10 10:40:59 UTC,2026-07-10 10:43:40 UTC,160.62,0.3264,0.0044,0.0,0.0004,0.04,9.19,MIN_PROFIT_TP_HIT,0.14
1430,TRUMP_USDT,LONG,StochasticRSI(MICRO_BURST-LONG),2,0.2,1.635,1.637,1.637,1.631,2026-07-10 10:44:59 UTC,2026-07-10 10:46:39 UTC,99.18,0.327,0.0044,0.0,0.0004,0.04,9.17,MIN_PROFIT_TP_HIT,0.1404
1431,TRUMP_USDT,SHORT,StochasticRSI(MICRO_BURST-SHORT),2,0.2,1.637,1.635,1.635,1.641,2026-07-10 10:50:59 UTC,2026-07-10 10:52:05 UTC,65.91,0.3274,0.0044,0.0,0.0004,0.04,9.16,MIN_PROFIT_TP_HIT,0.1408
1432,TRUMP_USDT,LONG,StochasticRSI(MICRO_BURST-LONG),2,0.2,1.636,1.632,1.638,1.632,2026-07-10 10:56:59 UTC,2026-07-10 11:09:49 UTC,769.78,0.3272,0.0044,0.0,-0.0008,-0.08,-18.34,STOP_LOSS_HIT,0.14
1433,TRUMP_USDT,SHORT,StochasticRSI(MICRO_BURST-SHORT),2,0.2,1.632,1.63,1.63,1.636,2026-07-10 11:10:59 UTC,2026-07-10 11:20:04 UTC,544.78,0.3264,0.0044,0.0,0.0004,0.04,9.19,MIN_PROFIT_TP_HIT,0.1404
1434,TRUMP_USDT,LONG,StochasticRSI(MICRO_BURST-LONG),2,0.2,1.624,1.626,1.626,1.62,2026-07-10 11:28:59 UTC,2026-07-10 11:29:52 UTC,52.34,0.3248,0.0043,0.0,0.0004,0.04,9.24,MIN_PROFIT_TP_HIT,0.1408
1435,TRUMP_USDT,SHORT,StochasticRSI(MICRO_BURST-SHORT),2,0.2,1.627,1.625,1.625,1.631,2026-07-10 11:32:59 UTC,2026-07-10 11:33:05 UTC,5.17,0.3254,0.0043,0.0,0.0004,0.04,9.22,MIN_PROFIT_TP_HIT,0.1412
1436,TRUMP_USDT,SHORT,StochasticRSI(MICRO_BURST-SHORT),2,0.2,1.625,1.629,1.623,1.629,2026-07-10 11:36:59 UTC,2026-07-10 11:44:28 UTC,448.95,0.325,0.0043,0.0,-0.0008,-0.08,-18.46,STOP_LOSS_HIT,0.1404
1437,TRUMP_USDT,LONG,StochasticRSI(MICRO_BURST-LONG),2,0.2,1.631,1.627,1.633,1.627,2026-07-10 12:00:59 UTC,2026-07-10 12:02:38 UTC,98.54,0.3262,0.0043,0.0,-0.0008,-0.08,-18.39,STOP_LOSS_HIT,0.1396
1438,TRUMP_USDT,SHORT,StochasticRSI(MICRO_BURST-SHORT),2,0.2,1.629,1.627,1.627,1.633,2026-07-10 12:15:59 UTC,2026-07-10 12:17:14 UTC,74.21,0.3258,0.0043,0.0,0.0004,0.04,9.21,MIN_PROFIT_TP_HIT,0.14
1439,TRUMP_USDT,LONG,StochasticRSI(MICRO_BURST-LONG),2,0.2,1.626,1.628,1.628,1.622,2026-07-10 12:20:59 UTC,2026-07-10 12:21:30 UTC,30.69,0.3252,0.0043,0.0,0.0004,0.04,9.23,MIN_PROFIT_TP_HIT,0.1404
1440,TRUMP_USDT,LONG,StochasticRSI(MICRO_BURST-LONG),2,0.2,1.628,1.63,1.63,1.624,2026-07-10 12:22:59 UTC,2026-07-10 12:24:04 UTC,64.12,0.3256,0.0043,0.0,0.0004,0.04,9.21,MIN_PROFIT_TP_HIT,0.1408
1441,TRUMP_USDT,SHORT,StochasticRSI(MICRO_BURST-SHORT),2,0.2,1.631,1.629,1.629,1.635,2026-07-10 12:27:59 UTC,2026-07-10 12:30:32 UTC,152.48,0.3262,0.0043,0.0,0.0004,0.04,9.2,MIN_PROFIT_TP_HIT,0.1412
1442,TRUMP_USDT,LONG,StochasticRSI(MICRO_BURST-LONG),2,0.2,1.625,1.627,1.627,1.621,2026-07-10 12:45:59 UTC,2026-07-10 12:46:44 UTC,44.4,0.325,0.0043,0.0,0.0004,0.04,9.23,MIN_PROFIT_TP_HIT,0.1416
1443,TRUMP_USDT,SHORT,StochasticRSI(MICRO_BURST-SHORT),2,0.2,1.626,1.624,1.624,1.63,2026-07-10 12:50:59 UTC,2026-07-10 12:52:24 UTC,84.54,0.3252,0.0043,0.0,0.0004,0.04,9.23,MIN_PROFIT_TP_HIT,0.142
1444,TRUMP_USDT,LONG,StochasticRSI(MICRO_BURST-LONG),2,0.2,1.622,1.624,1.624,1.618,2026-07-10 12:56:59 UTC,2026-07-10 13:02:13 UTC,313.71,0.3244,0.0043,0.0,0.0004,0.04,9.25,MIN_PROFIT_TP_HIT,0.1424
1445,TRUMP_USDT,LONG,StochasticRSI(MICRO_BURST-LONG),2,0.2,1.62,1.622,1.622,1.616,2026-07-10 13:15:59 UTC,2026-07-10 13:22:35 UTC,395.96,0.324,0.0043,0.0,0.0004,0.04,9.26,MIN_PROFIT_TP_HIT,0.1428
1446,TRUMP_USDT,LONG,StochasticRSI(MICRO_BURST-LONG),2,0.2,1.622,1.624,1.624,1.618,2026-07-10 13:32:59 UTC,2026-07-10 13:35:44 UTC,164.99,0.3244,0.0043,0.0,0.0004,0.04,9.25,MIN_PROFIT_TP_HIT,0.1432
1447,TRUMP_USDT,SHORT,StochasticRSI(MICRO_BURST-SHORT),2,0.2,1.622,1.62,1.62,1.626,2026-07-10 13:39:59 UTC,2026-07-10 13:40:12 UTC,12.15,0.3244,0.0043,0.0,0.0004,0.04,9.25,MIN_PROFIT_TP_HIT,0.1436
1448,TRUMP_USDT,SHORT,StochasticRSI(MICRO_BURST-SHORT),2,0.2,1.626,1.63,1.624,1.63,2026-07-10 13:48:59 UTC,2026-07-10 13:52:05 UTC,185.34,0.3252,0.0043,0.0,-0.0008,-0.08,-18.45,STOP_LOSS_HIT,0.1428
1449,TRUMP_USDT,LONG,StochasticRSI(MICRO_BURST-LONG),2,0.2,1.627,1.623,1.629,1.623,2026-07-10 14:00:59 UTC,2026-07-10 14:04:22 UTC,202.97,0.3254,0.0043,0.0,-0.0008,-0.08,-18.44,STOP_LOSS_HIT,0.142
1450,TRUMP_USDT,LONG,StochasticRSI(MICRO_BURST-LONG),2,0.2,1.624,1.62,1.626,1.62,2026-07-10 14:07:59 UTC,2026-07-10 14:10:19 UTC,139.09,0.3248,0.0043,0.0,-0.0008,-0.08,-18.47,STOP_LOSS_HIT,0.1412
1451,TRUMP_USDT,LONG,StochasticRSI(MICRO_BURST-LONG),2,0.2,1.619,1.621,1.621,1.615,2026-07-10 14:14:59 UTC,2026-07-10 14:16:16 UTC,76.02,0.3238,0.0043,0.0,0.0004,0.04,9.26,MIN_PROFIT_TP_HIT,0.1416
1452,TRUMP_USDT,LONG,StochasticRSI(MICRO_BURST-LONG),2,0.2,1.61,1.612,1.612,1.606,2026-07-10 14:23:59 UTC,2026-07-10 14:24:12 UTC,12.87,0.322,0.0043,0.0,0.0004,0.04,9.32,MIN_PROFIT_TP_HIT,0.142
1453,TRUMP_USDT,SHORT,StochasticRSI(MICRO_BURST-SHORT),2,0.2,1.613,1.611,1.611,1.617,2026-07-10 14:29:59 UTC,2026-07-10 14:30:05 UTC,5.27,0.3226,0.0043,0.0,0.0004,0.04,9.3,MIN_PROFIT_TP_HIT,0.1424
1454,TRUMP_USDT,SHORT,StochasticRSI(MICRO_BURST-SHORT),2,0.2,1.608,1.606,1.606,1.612,2026-07-10 14:42:59 UTC,2026-07-10 14:47:10 UTC,250.88,0.3216,0.0043,0.0,0.0004,0.04,9.33,MIN_PROFIT_TP_HIT,0.1428
1455,TRUMP_USDT,LONG,StochasticRSI(MICRO_BURST-LONG),2,0.2,1.608,1.61,1.61,1.604,2026-07-10 14:57:59 UTC,2026-07-10 14:58:02 UTC,2.93,0.3216,0.0043,0.0,0.0004,0.04,9.33,MIN_PROFIT_TP_HIT,0.1432
1456,TRUMP_USDT,SHORT,StochasticRSI(MICRO_BURST-SHORT),2,0.2,1.614,1.612,1.612,1.618,2026-07-10 15:07:59 UTC,2026-07-10 15:10:48 UTC,168.75,0.3228,0.0043,0.0,0.0004,0.04,9.29,MIN_PROFIT_TP_HIT,0.1436
1457,TRUMP_USDT,LONG,StochasticRSI(MICRO_BURST-LONG),2,0.2,1.611,1.613,1.613,1.607,2026-07-10 15:14:59 UTC,2026-07-10 15:15:19 UTC,19.76,0.3222,0.0043,0.0,0.0004,0.04,9.31,MIN_PROFIT_TP_HIT,0.144
1458,TRUMP_USDT,SHORT,StochasticRSI(MICRO_BURST-SHORT),2,0.2,1.615,1.613,1.613,1.619,2026-07-10 15:19:59 UTC,2026-07-10 15:20:09 UTC,9.82,0.323,0.0043,0.0,0.0004,0.04,9.29,MIN_PROFIT_TP_HIT,0.1444
1459,TRUMP_USDT,LONG,StochasticRSI(MICRO_BURST-LONG),2,0.2,1.616,1.612,1.618,1.612,2026-07-10 15:27:59 UTC,2026-07-10 15:35:36 UTC,456.38,0.3232,0.0043,0.0,-0.0008,-0.08,-18.56,STOP_LOSS_HIT,0.1436
1460,TRUMP_USDT,LONG,StochasticRSI(MICRO_BURST-LONG),2,0.2,1.607,1.609,1.609,1.603,2026-07-10 15:46:59 UTC,2026-07-10 15:53:58 UTC,418.93,0.3214,0.0043,0.0,0.0004,0.04,9.33,MIN_PROFIT_TP_HIT,0.144
1461,TRUMP_USDT,SHORT,StochasticRSI(MICRO_BURST-SHORT),2,0.2,1.61,1.608,1.608,1.614,2026-07-10 15:57:59 UTC,2026-07-10 16:01:39 UTC,219.9,0.322,0.0043,0.0,0.0004,0.04,9.32,MIN_PROFIT_TP_HIT,0.1444
1462,TRUMP_USDT,SHORT,StochasticRSI(MICRO_BURST-SHORT),2,0.2,1.611,1.615,1.609,1.615,2026-07-10 16:06:59 UTC,2026-07-10 16:15:03 UTC,483.49,0.3222,0.0043,0.0,-0.0008,-0.08,-18.62,STOP_LOSS_HIT,0.1436
1463,TRUMP_USDT,SHORT,StochasticRSI(MICRO_BURST-SHORT),2,0.2,1.614,1.612,1.612,1.618,2026-07-10 16:18:59 UTC,2026-07-10 16:21:22 UTC,142.06,0.3228,0.0043,0.0,0.0004,0.04,9.29,MIN_PROFIT_TP_HIT,0.144
1464,TRUMP_USDT,LONG,StochasticRSI(MICRO_BURST-LONG),2,0.2,1.613,1.609,1.615,1.609,2026-07-10 16:22:59 UTC,2026-07-10 16:25:51 UTC,171.5,0.3226,0.0043,0.0,-0.0008,-0.08,-18.6,STOP_LOSS_HIT,0.1432
1465,TRUMP_USDT,LONG,StochasticRSI(MICRO_BURST-LONG),2,0.2,1.61,1.606,1.612,1.606,2026-07-10 16:27:59 UTC,2026-07-10 16:37:00 UTC,540.3,0.322,0.0043,0.0,-0.0008,-0.08,-18.63,STOP_LOSS_HIT,0.1424
1466,TRUMP_USDT,SHORT,StochasticRSI(MICRO_BURST-SHORT),2,0.2,1.612,1.616,1.61,1.616,2026-07-10 16:46:59 UTC,2026-07-10 16:50:33 UTC,213.98,0.3224,0.0043,0.0,-0.0008,-0.08,-18.61,STOP_LOSS_HIT,0.1416
1467,TRUMP_USDT,LONG,StochasticRSI(MICRO_BURST-LONG),2,0.2,1.615,1.617,1.617,1.611,2026-07-10 16:57:59 UTC,2026-07-10 16:58:15 UTC,15.84,0.323,0.0043,0.0,0.0004,0.04,9.29,MIN_PROFIT_TP_HIT,0.142
1468,TRUMP_USDT,SHORT,StochasticRSI(MICRO_BURST-SHORT),2,0.2,1.615,1.619,1.613,1.619,2026-07-10 17:02:59 UTC,2026-07-10 17:04:33 UTC,93.2,0.323,0.0043,0.0,-0.0008,-0.08,-18.58,STOP_LOSS_HIT,0.1412
1469,TRUMP_USDT,LONG,StochasticRSI(MICRO_BURST-LONG),2,0.2,1.614,1.61,1.616,1.61,2026-07-10 17:10:59 UTC,2026-07-10 17:20:07 UTC,547.3,0.3228,0.0043,0.0,-0.0008,-0.08,-18.59,STOP_LOSS_HIT,0.1404
1470,TRUMP_USDT,SHORT,StochasticRSI(MICRO_BURST-SHORT),2,0.2,1.613,1.611,1.611,1.617,2026-07-10 17:28:59 UTC,2026-07-10 17:30:11 UTC,71.53,0.3226,0.0043,0.0,0.0004,0.04,9.3,MIN_PROFIT_TP_HIT,0.1408
1471,TRUMP_USDT,LONG,StochasticRSI(MICRO_BURST-LONG),2,0.2,1.608,1.604,1.61,1.604,2026-07-10 17:34:59 UTC,2026-07-10 17:41:11 UTC,371.98,0.3216,0.0043,0.0,-0.0008,-0.08,-18.66,STOP_LOSS_HIT,0.14
1472,TRUMP_USDT,SHORT,StochasticRSI(MICRO_BURST-SHORT),2,0.2,1.607,1.605,1.605,1.611,2026-07-10 17:48:59 UTC,2026-07-10 17:49:02 UTC,2.23,0.3214,0.0043,0.0,0.0004,0.04,9.33,MIN_PROFIT_TP_HIT,0.1404
1473,TRUMP_USDT,SHORT,StochasticRSI(MICRO_BURST-SHORT),2,0.2,1.605,1.603,1.603,1.609,2026-07-10 17:52:59 UTC,2026-07-10 17:54:29 UTC,89.09,0.321,0.0043,0.0,0.0004,0.04,9.35,MIN_PROFIT_TP_HIT,0.1408
1474,TRUMP_USDT,LONG,StochasticRSI(MICRO_BURST-LONG),2,0.2,1.604,1.606,1.606,1.6,2026-07-10 18:01:59 UTC,2026-07-10 18:10:07 UTC,487.65,0.3208,0.0043,0.0,0.0004,0.04,9.35,MIN_PROFIT_TP_HIT,0.1412
1475,TRUMP_USDT,LONG,StochasticRSI(MICRO_BURST-LONG),2,0.2,1.605,1.607,1.607,1.601,2026-07-10 18:17:59 UTC,2026-07-10 18:21:10 UTC,190.53,0.321,0.0043,0.0,0.0004,0.04,9.35,MIN_PROFIT_TP_HIT,0.1416
1476,TRUMP_USDT,SHORT,StochasticRSI(MICRO_BURST-SHORT),2,0.2,1.605,1.603,1.603,1.609,2026-07-10 18:27:59 UTC,2026-07-10 18:42:03 UTC,843.17,0.321,0.0043,0.0,0.0004,0.04,9.35,MIN_PROFIT_TP_HIT,0.142
1477,TRUMP_USDT,SHORT,StochasticRSI(MICRO_BURST-SHORT),2,0.2,1.603,1.607,1.601,1.607,2026-07-10 19:01:59 UTC,2026-07-10 19:12:19 UTC,619.57,0.3206,0.0043,0.0,-0.0008,-0.08,-18.71,STOP_LOSS_HIT,0.1412
1478,TRUMP_USDT,SHORT,StochasticRSI(MICRO_BURST-SHORT),2,0.2,1.608,1.606,1.606,1.612,2026-07-10 19:18:59 UTC,2026-07-10 19:20:15 UTC,75.96,0.3216,0.0043,0.0,0.0004,0.04,9.33,MIN_PROFIT_TP_HIT,0.1416
1479,TRUMP_USDT,LONG,StochasticRSI(MICRO_BURST-LONG),2,0.2,1.605,1.607,1.607,1.601,2026-07-10 19:25:59 UTC,2026-07-10 19:26:08 UTC,8.38,0.321,0.0043,0.0,0.0004,0.04,9.35,MIN_PROFIT_TP_HIT,0.142
1480,TRUMP_USDT,SHORT,StochasticRSI(MICRO_BURST-SHORT),2,0.2,1.607,1.611,1.605,1.611,2026-07-10 19:31:59 UTC,2026-07-10 19:32:16 UTC,16.53,0.3214,0.0043,0.0,-0.0008,-0.08,-18.67,STOP_LOSS_HIT,0.1412
1481,TRUMP_USDT,SHORT,StochasticRSI(MICRO_BURST-SHORT),2,0.2,1.614,1.612,1.612,1.618,2026-07-10 19:38:59 UTC,2026-07-10 19:39:04 UTC,4.7,0.3228,0.0043,0.0,0.0004,0.04,9.29,MIN_PROFIT_TP_HIT,0.1416
1482,TRUMP_USDT,LONG,StochasticRSI(MICRO_BURST-LONG),2,0.2,1.611,1.607,1.613,1.607,2026-07-10 19:44:59 UTC,2026-07-10 19:55:09 UTC,609.73,0.3222,0.0043,0.0,-0.0008,-0.08,-18.62,STOP_LOSS_HIT,0.1408
1483,TRUMP_USDT,LONG,StochasticRSI(MICRO_BURST-LONG),2,0.2,1.608,1.61,1.61,1.604,2026-07-10 19:59:59 UTC,2026-07-10 20:09:15 UTC,555.13,0.3216,0.0043,0.0,0.0004,0.04,9.33,MIN_PROFIT_TP_HIT,0.1412
1484,TRUMP_USDT,SHORT,StochasticRSI(MICRO_BURST-SHORT),2,0.2,1.61,1.608,1.608,1.614,2026-07-10 20:12:59 UTC,2026-07-10 20:15:27 UTC,147.71,0.322,0.0043,0.0,0.0004,0.04,9.32,MIN_PROFIT_TP_HIT,0.1416
1485,TRUMP_USDT,LONG,StochasticRSI(MICRO_BURST-LONG),2,0.2,1.608,1.604,1.61,1.604,2026-07-10 20:18:59 UTC,2026-07-10 20:21:19 UTC,139.21,0.3216,0.0043,0.0,-0.0008,-0.08,-18.66,STOP_LOSS_HIT,0.1408
1486,TRUMP_USDT,LONG,StochasticRSI(MICRO_BURST-LONG),2,0.2,1.608,1.604,1.61,1.604,2026-07-10 20:22:59 UTC,2026-07-10 20:26:00 UTC,180.73,0.3216,0.0043,0.0,-0.0008,-0.08,-18.66,STOP_LOSS_HIT,0.14
1487,TRUMP_USDT,SHORT,StochasticRSI(MICRO_BURST-SHORT),2,0.2,1.61,1.608,1.608,1.614,2026-07-10 20:39:59 UTC,2026-07-10 20:40:32 UTC,32.65,0.322,0.0043,0.0,0.0004,0.04,9.32,MIN_PROFIT_TP_HIT,0.1404
1488,TRUMP_USDT,LONG,StochasticRSI(MICRO_BURST-LONG),2,0.2,1.608,1.604,1.61,1.604,2026-07-10 20:43:59 UTC,2026-07-10 20:59:05 UTC,905.14,0.3216,0.0043,0.0,-0.0008,-0.08,-18.66,STOP_LOSS_HIT,0.1396
1489,TRUMP_USDT,SHORT,StochasticRSI(MICRO_BURST-SHORT),2,0.2,1.608,1.612,1.606,1.612,2026-07-10 21:09:59 UTC,2026-07-10 21:24:53 UTC,893.69,0.3216,0.0043,0.0,-0.0008,-0.08,-18.66,STOP_LOSS_HIT,0.1388
1490,TRUMP_USDT,SHORT,StochasticRSI(MICRO_BURST-SHORT),2,0.2,1.612,1.61,1.61,1.616,2026-07-10 21:26:59 UTC,2026-07-10 21:28:28 UTC,88.47,0.3224,0.0043,0.0,0.0004,0.04,9.31,MIN_PROFIT_TP_HIT,0.1392
1491,TRUMP_USDT,SHORT,StochasticRSI(MICRO_BURST-SHORT),2,0.2,1.616,1.62,1.614,1.62,2026-07-10 21:40:59 UTC,2026-07-10 21:43:53 UTC,173.25,0.3232,0.0043,0.0,-0.0008,-0.08,-18.56,STOP_LOSS_HIT,0.1384
1492,TRUMP_USDT,LONG,StochasticRSI(MICRO_BURST-LONG),2,0.2,1.616,1.618,1.618,1.612,2026-07-10 21:50:59 UTC,2026-07-10 22:02:31 UTC,691.93,0.3232,0.0043,0.0,0.0004,0.04,9.28,MIN_PROFIT_TP_HIT,0.1388
1493,TRUMP_USDT,SHORT,StochasticRSI(MICRO_BURST-SHORT),2,0.2,1.617,1.615,1.615,1.621,2026-07-10 22:06:59 UTC,2026-07-10 22:12:17 UTC,317.08,0.3234,0.0043,0.0,0.0004,0.04,9.28,MIN_PROFIT_TP_HIT,0.1392
1494,TRUMP_USDT,LONG,StochasticRSI(MICRO_BURST-LONG),2,0.2,1.616,1.612,1.618,1.612,2026-07-10 22:14:59 UTC,2026-07-10 22:22:10 UTC,430.73,0.3232,0.0043,0.0,-0.0008,-0.08,-18.56,STOP_LOSS_HIT,0.1384
1495,TRUMP_USDT,LONG,StochasticRSI(MICRO_BURST-LONG),2,0.2,1.612,1.614,1.614,1.608,2026-07-10 22:25:59 UTC,2026-07-10 22:28:20 UTC,140.04,0.3224,0.0043,0.0,0.0004,0.04,9.31,MIN_PROFIT_TP_HIT,0.1388
1496,TRUMP_USDT,SHORT,StochasticRSI(MICRO_BURST-SHORT),2,0.2,1.615,1.619,1.613,1.619,2026-07-10 22:34:59 UTC,2026-07-10 22:53:02 UTC,1082.04,0.323,0.0043,0.0,-0.0008,-0.08,-18.58,STOP_LOSS_HIT,0.138
1497,TRUMP_USDT,SHORT,StochasticRSI(MICRO_BURST-SHORT),2,0.2,1.619,1.617,1.617,1.623,2026-07-10 22:57:59 UTC,2026-07-10 23:02:43 UTC,283.02,0.3238,0.0043,0.0,0.0004,0.04,9.26,MIN_PROFIT_TP_HIT,0.1384
1498,TRUMP_USDT,LONG,StochasticRSI(MICRO_BURST-LONG),2,0.2,1.616,1.618,1.618,1.612,2026-07-10 23:04:59 UTC,2026-07-10 23:16:13 UTC,673.32,0.3232,0.0043,0.0,0.0004,0.04,9.28,MIN_PROFIT_TP_HIT,0.1388
1499,TRUMP_USDT,SHORT,StochasticRSI(MICRO_BURST-SHORT),2,0.2,1.615,1.619,1.613,1.619,2026-07-10 23:20:59 UTC,2026-07-10 23:27:27 UTC,387.57,0.323,0.0043,0.0,-0.0008,-0.08,-18.58,STOP_LOSS_HIT,0.138
1500,TRUMP_USDT,SHORT,StochasticRSI(MICRO_BURST-SHORT),2,0.2,1.618,1.616,1.616,1.622,2026-07-10 23:29:59 UTC,2026-07-10 23:32:35 UTC,155.13,0.3236,0.0043,0.0,0.0004,0.04,9.27,MIN_PROFIT_TP_HIT,0.1384
1501,TRUMP_USDT,LONG,StochasticRSI(MICRO_BURST-LONG),2,0.2,1.617,1.613,1.619,1.613,2026-07-10 23:34:59 UTC,2026-07-10 23:47:40 UTC,760.31,0.3234,0.0043,0.0,-0.0008,-0.08,-18.55,STOP_LOSS_HIT,0.1376
1502,TRUMP_USDT,SHORT,StochasticRSI(MICRO_BURST-SHORT),2,0.2,1.613,1.611,1.611,1.617,2026-07-10 23:55:59 UTC,2026-07-11 00:01:09 UTC,309.01,0.3226,0.0043,0.0,0.0004,0.04,9.3,MIN_PROFIT_TP_HIT,0.138
1503,TRUMP_USDT,LONG,StochasticRSI(MICRO_BURST-LONG),2,0.2,1.61,1.612,1.612,1.606,2026-07-11 00:13:59 UTC,2026-07-11 00:15:02 UTC,62.4,0.322,0.0043,0.0,0.0004,0.04,9.32,MIN_PROFIT_TP_HIT,0.1384
1504,TRUMP_USDT,SHORT,StochasticRSI(MICRO_BURST-SHORT),2,0.2,1.61,1.608,1.608,1.614,2026-07-11 00:17:59 UTC,2026-07-11 00:19:21 UTC,81.13,0.322,0.0043,0.0,0.0004,0.04,9.32,MIN_PROFIT_TP_HIT,0.1388
1505,TRUMP_USDT,SHORT,StochasticRSI(MICRO_BURST-SHORT),2,0.2,1.615,1.613,1.613,1.619,2026-07-11 00:26:59 UTC,2026-07-11 00:33:38 UTC,398.47,0.323,0.0043,0.0,0.0004,0.04,9.29,MIN_PROFIT_TP_HIT,0.1392
1506,TRUMP_USDT,LONG,StochasticRSI(MICRO_BURST-LONG),2,0.2,1.613,1.615,1.615,1.609,2026-07-11 00:39:59 UTC,2026-07-11 00:42:39 UTC,159.63,0.3226,0.0043,0.0,0.0004,0.04,9.3,MIN_PROFIT_TP_HIT,0.1396
1507,TRUMP_USDT,SHORT,StochasticRSI(MICRO_BURST-SHORT),2,0.2,1.615,1.619,1.613,1.619,2026-07-11 00:43:59 UTC,2026-07-11 00:45:19 UTC,79.51,0.323,0.0043,0.0,-0.0008,-0.08,-18.58,STOP_LOSS_HIT,0.1388
1508,TRUMP_USDT,SHORT,StochasticRSI(MICRO_BURST-SHORT),2,0.2,1.619,1.617,1.617,1.623,2026-07-11 00:46:59 UTC,2026-07-11 01:02:07 UTC,907.06,0.3238,0.0043,0.0,0.0004,0.04,9.26,MIN_PROFIT_TP_HIT,0.1392
1509,TRUMP_USDT,LONG,StochasticRSI(MICRO_BURST-LONG),2,0.2,1.618,1.62,1.62,1.614,2026-07-11 01:06:59 UTC,2026-07-11 01:15:49 UTC,529.21,0.3236,0.0043,0.0,0.0004,0.04,9.27,MIN_PROFIT_TP_HIT,0.1396
1510,TRUMP_USDT,SHORT,StochasticRSI(MICRO_BURST-SHORT),2,0.2,1.619,1.617,1.617,1.623,2026-07-11 01:20:59 UTC,2026-07-11 01:27:19 UTC,379.46,0.3238,0.0043,0.0,0.0004,0.04,9.26,MIN_PROFIT_TP_HIT,0.14
1511,TRUMP_USDT,SHORT,StochasticRSI(MICRO_BURST-SHORT),2,0.2,1.621,1.619,1.619,1.625,2026-07-11 01:35:59 UTC,2026-07-11 01:38:17 UTC,137.48,0.3242,0.0043,0.0,0.0004,0.04,9.25,MIN_PROFIT_TP_HIT,0.1404
1512,TRUMP_USDT,SHORT,StochasticRSI(MICRO_BURST-SHORT),2,0.2,1.617,1.615,1.615,1.621,2026-07-11 01:39:59 UTC,2026-07-11 01:40:38 UTC,38.55,0.3234,0.0043,0.0,0.0004,0.04,9.28,MIN_PROFIT_TP_HIT,0.1408
1513,TRUMP_USDT,LONG,StochasticRSI(MICRO_BURST-LONG),2,0.2,1.617,1.613,1.619,1.613,2026-07-11 01:43:59 UTC,2026-07-11 01:45:02 UTC,62.74,0.3234,0.0043,0.0,-0.0008,-0.08,-18.55,STOP_LOSS_HIT,0.14
1514,TRUMP_USDT,LONG,StochasticRSI(MICRO_BURST-LONG),2,0.2,1.615,1.617,1.617,1.611,2026-07-11 01:47:59 UTC,2026-07-11 01:48:04 UTC,4.75,0.323,0.0043,0.0,0.0004,0.04,9.29,MIN_PROFIT_TP_HIT,0.1404
1515,TRUMP_USDT,SHORT,StochasticRSI(MICRO_BURST-SHORT),2,0.2,1.615,1.613,1.613,1.619,2026-07-11 01:52:59 UTC,2026-07-11 01:57:52 UTC,292.9,0.323,0.0043,0.0,0.0004,0.04,9.29,MIN_PROFIT_TP_HIT,0.1408
1516,TRUMP_USDT,LONG,StochasticRSI(MICRO_BURST-LONG),2,0.2,1.612,1.614,1.614,1.608,2026-07-11 02:00:59 UTC,2026-07-11 02:08:19 UTC,439.15,0.3224,0.0043,0.0,0.0004,0.04,9.31,MIN_PROFIT_TP_HIT,0.1412
1517,TRUMP_USDT,SHORT,StochasticRSI(MICRO_BURST-SHORT),2,0.2,1.614,1.612,1.612,1.618,2026-07-11 02:11:59 UTC,2026-07-11 02:12:07 UTC,7.68,0.3228,0.0043,0.0,0.0004,0.04,9.29,MIN_PROFIT_TP_HIT,0.1416
1518,TRUMP_USDT,LONG,StochasticRSI(MICRO_BURST-LONG),2,0.2,1.613,1.609,1.615,1.609,2026-07-11 02:16:59 UTC,2026-07-11 02:24:35 UTC,455.88,0.3226,0.0043,0.0,-0.0008,-0.08,-18.6,STOP_LOSS_HIT,0.1408
1519,TRUMP_USDT,LONG,StochasticRSI(MICRO_BURST-LONG),2,0.2,1.609,1.611,1.611,1.605,2026-07-11 02:25:59 UTC,2026-07-11 02:31:09 UTC,309.74,0.3218,0.0043,0.0,0.0004,0.04,9.32,MIN_PROFIT_TP_HIT,0.1412
1520,TRUMP_USDT,SHORT,StochasticRSI(MICRO_BURST-SHORT),2,0.2,1.61,1.614,1.608,1.614,2026-07-11 02:36:59 UTC,2026-07-11 02:45:28 UTC,508.53,0.322,0.0043,0.0,-0.0008,-0.08,-18.63,STOP_LOSS_HIT,0.1404
1521,TRUMP_USDT,SHORT,StochasticRSI(MICRO_BURST-SHORT),2,0.2,1.613,1.611,1.611,1.617,2026-07-11 02:48:59 UTC,2026-07-11 03:18:01 UTC,1741.13,0.3226,0.0043,0.0,0.0004,0.04,9.3,MIN_PROFIT_TP_HIT,0.1408
1522,TRUMP_USDT,LONG,StochasticRSI(MICRO_BURST-LONG),2,0.2,1.611,1.613,1.613,1.607,2026-07-11 03:20:59 UTC,2026-07-11 03:34:13 UTC,793.27,0.3222,0.0043,0.0,0.0004,0.04,9.31,MIN_PROFIT_TP_HIT,0.1412
1523,TRUMP_USDT,SHORT,StochasticRSI(MICRO_BURST-SHORT),2,0.2,1.614,1.612,1.612,1.618,2026-07-11 03:38:59 UTC,2026-07-11 03:39:50 UTC,51.0,0.3228,0.0043,0.0,0.0004,0.04,9.29,MIN_PROFIT_TP_HIT,0.1416
1524,TRUMP_USDT,LONG,StochasticRSI(MICRO_BURST-LONG),2,0.2,1.611,1.613,1.613,1.607,2026-07-11 03:46:59 UTC,2026-07-11 03:54:33 UTC,453.66,0.3222,0.0043,0.0,0.0004,0.04,9.31,MIN_PROFIT_TP_HIT,0.142
1525,TRUMP_USDT,SHORT,StochasticRSI(MICRO_BURST-SHORT),2,0.2,1.61,1.608,1.608,1.614,2026-07-11 03:58:59 UTC,2026-07-11 04:07:15 UTC,495.41,0.322,0.0043,0.0,0.0004,0.04,9.32,MIN_PROFIT_TP_HIT,0.1424
1526,TRUMP_USDT,SHORT,StochasticRSI(MICRO_BURST-SHORT),2,0.2,1.608,1.606,1.606,1.612,2026-07-11 04:08:59 UTC,2026-07-11 04:17:29 UTC,509.69,0.3216,0.0043,0.0,0.0004,0.04,9.33,MIN_PROFIT_TP_HIT,0.1428
1527,TRUMP_USDT,SHORT,StochasticRSI(MICRO_BURST-SHORT),2,0.2,1.605,1.609,1.603,1.609,2026-07-11 04:27:59 UTC,2026-07-11 04:33:01 UTC,301.37,0.321,0.0043,0.0,-0.0008,-0.08,-18.69,STOP_LOSS_HIT,0.142
1528,TRUMP_USDT,SHORT,StochasticRSI(MICRO_BURST-SHORT),2,0.2,1.608,1.606,1.606,1.612,2026-07-11 04:37:59 UTC,2026-07-11 04:44:20 UTC,380.04,0.3216,0.0043,0.0,0.0004,0.04,9.33,MIN_PROFIT_TP_HIT,0.1424
1529,TRUMP_USDT,LONG,StochasticRSI(MICRO_BURST-LONG),2,0.2,1.608,1.604,1.61,1.604,2026-07-11 04:46:59 UTC,2026-07-11 04:56:23 UTC,563.12,0.3216,0.0043,0.0,-0.0008,-0.08,-18.66,STOP_LOSS_HIT,0.1416
1530,TRUMP_USDT,SHORT,StochasticRSI(MICRO_BURST-SHORT),2,0.2,1.607,1.605,1.605,1.611,2026-07-11 05:12:59 UTC,2026-07-11 05:14:10 UTC,70.43,0.3214,0.0043,0.0,0.0004,0.04,9.33,MIN_PROFIT_TP_HIT,0.142
1531,TRUMP_USDT,SHORT,StochasticRSI(MICRO_BURST-SHORT),2,0.2,1.605,1.609,1.603,1.609,2026-07-11 05:15:59 UTC,2026-07-11 05:21:49 UTC,349.3,0.321,0.0043,0.0,-0.0008,-0.08,-18.69,STOP_LOSS_HIT,0.1412
1532,TRUMP_USDT,SHORT,StochasticRSI(MICRO_BURST-SHORT),2,0.2,1.608,1.612,1.606,1.612,2026-07-11 05:24:59 UTC,2026-07-11 05:33:41 UTC,521.09,0.3216,0.0043,0.0,-0.0008,-0.08,-18.66,STOP_LOSS_HIT,0.1404
1533,TRUMP_USDT,SHORT,StochasticRSI(MICRO_BURST-SHORT),2,0.2,1.611,1.609,1.609,1.615,2026-07-11 05:40:59 UTC,2026-07-11 05:41:11 UTC,11.98,0.3222,0.0043,0.0,0.0004,0.04,9.31,MIN_PROFIT_TP_HIT,0.1408
1534,TRUMP_USDT,LONG,StochasticRSI(MICRO_BURST-LONG),2,0.2,1.606,1.608,1.608,1.602,2026-07-11 05:46:59 UTC,2026-07-11 05:59:27 UTC,747.49,0.3212,0.0043,0.0,0.0004,0.04,9.34,MIN_PROFIT_TP_HIT,0.1412
1535,TRUMP_USDT,SHORT,StochasticRSI(MICRO_BURST-SHORT),2,0.2,1.606,1.604,1.604,1.61,2026-07-11 06:01:59 UTC,2026-07-11 06:02:02 UTC,2.62,0.3212,0.0043,0.0,0.0004,0.04,9.34,MIN_PROFIT_TP_HIT,0.1416
1536,TRUMP_USDT,LONG,StochasticRSI(MICRO_BURST-LONG),2,0.2,1.605,1.607,1.607,1.601,2026-07-11 06:07:59 UTC,2026-07-11 06:13:04 UTC,304.33,0.321,0.0043,0.0,0.0004,0.04,9.35,MIN_PROFIT_TP_HIT,0.142
1537,TRUMP_USDT,LONG,StochasticRSI(MICRO_BURST-LONG),2,0.2,1.609,1.611,1.611,1.605,2026-07-11 06:31:59 UTC,2026-07-11 06:35:00 UTC,180.11,0.3218,0.0043,0.0,0.0004,0.04,9.32,MIN_PROFIT_TP_HIT,0.1424
1538,TRUMP_USDT,SHORT,StochasticRSI(MICRO_BURST-SHORT),2,0.2,1.61,1.608,1.608,1.614,2026-07-11 06:37:59 UTC,2026-07-11 06:48:01 UTC,601.97,0.322,0.0043,0.0,0.0004,0.04,9.32,MIN_PROFIT_TP_HIT,0.1428
1539,TRUMP_USDT,LONG,StochasticRSI(MICRO_BURST-LONG),2,0.2,1.606,1.602,1.608,1.602,2026-07-11 06:55:59 UTC,2026-07-11 07:05:17 UTC,557.58,0.3212,0.0043,0.0,-0.0008,-0.08,-18.68,STOP_LOSS_HIT,0.142
1540,TRUMP_USDT,SHORT,StochasticRSI(MICRO_BURST-SHORT),2,0.2,1.604,1.608,1.602,1.608,2026-07-11 07:15:59 UTC,2026-07-11 07:28:01 UTC,721.3,0.3208,0.0043,0.0,-0.0008,-0.08,-18.7,STOP_LOSS_HIT,0.1412
1541,TRUMP_USDT,LONG,StochasticRSI(MICRO_BURST-LONG),2,0.2,1.603,1.605,1.605,1.599,2026-07-11 07:37:59 UTC,2026-07-11 07:38:54 UTC,54.19,0.3206,0.0043,0.0,0.0004,0.04,9.36,MIN_PROFIT_TP_HIT,0.1416
1542,TRUMP_USDT,SHORT,StochasticRSI(MICRO_BURST-SHORT),2,0.2,1.604,1.602,1.602,1.608,2026-07-11 07:43:59 UTC,2026-07-11 07:50:41 UTC,401.11,0.3208,0.0043,0.0,0.0004,0.04,9.35,MIN_PROFIT_TP_HIT,0.142
1543,TRUMP_USDT,SHORT,StochasticRSI(MICRO_BURST-SHORT),2,0.2,1.602,1.606,1.6,1.606,2026-07-11 08:01:59 UTC,2026-07-11 08:10:45 UTC,525.29,0.3204,0.0043,0.0,-0.0008,-0.08,-18.73,STOP_LOSS_HIT,0.1412
1544,TRUMP_USDT,SHORT,StochasticRSI(MICRO_BURST-SHORT),2,0.2,1.604,1.602,1.602,1.608,2026-07-11 08:13:59 UTC,2026-07-11 08:14:41 UTC,41.73,0.3208,0.0043,0.0,0.0004,0.04,9.35,MIN_PROFIT_TP_HIT,0.1416
1545,TRUMP_USDT,LONG,StochasticRSI(MICRO_BURST-LONG),2,0.2,1.604,1.606,1.606,1.6,2026-07-11 08:17:59 UTC,2026-07-11 08:20:59 UTC,179.82,0.3208,0.0043,0.0,0.0004,0.04,9.35,MIN_PROFIT_TP_HIT,0.142
1546,TRUMP_USDT,SHORT,StochasticRSI(MICRO_BURST-SHORT),2,0.2,1.605,1.603,1.603,1.609,2026-07-11 08:23:59 UTC,2026-07-11 08:31:32 UTC,452.57,0.321,0.0043,0.0,0.0004,0.04,9.35,MIN_PROFIT_TP_HIT,0.1424
1547,TRUMP_USDT,LONG,StochasticRSI(MICRO_BURST-LONG),2,0.2,1.603,1.605,1.605,1.599,2026-07-11 08:34:59 UTC,2026-07-11 08:37:17 UTC,137.55,0.3206,0.0043,0.0,0.0004,0.04,9.36,MIN_PROFIT_TP_HIT,0.1428
1548,TRUMP_USDT,SHORT,StochasticRSI(MICRO_BURST-SHORT),2,0.2,1.606,1.604,1.604,1.61,2026-07-11 08:42:59 UTC,2026-07-11 08:47:03 UTC,243.12,0.3212,0.0043,0.0,0.0004,0.04,9.34,MIN_PROFIT_TP_HIT,0.1432
1549,TRUMP_USDT,LONG,StochasticRSI(MICRO_BURST-LONG),2,0.2,1.605,1.607,1.607,1.601,2026-07-11 08:53:59 UTC,2026-07-11 08:59:38 UTC,338.13,0.321,0.0043,0.0,0.0004,0.04,9.35,MIN_PROFIT_TP_HIT,0.1436
1550,TRUMP_USDT,SHORT,StochasticRSI(MICRO_BURST-SHORT),2,0.2,1.606,1.61,1.604,1.61,2026-07-11 09:01:59 UTC,2026-07-11 09:03:34 UTC,94.04,0.3212,0.0043,0.0,-0.0008,-0.08,-18.68,STOP_LOSS_HIT,0.1428
1551,TRUMP_USDT,SHORT,StochasticRSI(MICRO_BURST-SHORT),2,0.2,1.613,1.611,1.611,1.617,2026-07-11 09:07:59 UTC,2026-07-11 09:19:50 UTC,710.67,0.3226,0.0043,0.0,0.0004,0.04,9.3,MIN_PROFIT_TP_HIT,0.1432
1552,TRUMP_USDT,LONG,StochasticRSI(MICRO_BURST-LONG),2,0.2,1.609,1.611,1.611,1.605,2026-07-11 09:23:59 UTC,2026-07-11 09:28:55 UTC,295.15,0.3218,0.0043,0.0,0.0004,0.04,9.32,MIN_PROFIT_TP_HIT,0.1436
1553,TRUMP_USDT,SHORT,StochasticRSI(MICRO_BURST-SHORT),2,0.2,1.613,1.611,1.611,1.617,2026-07-11 09:41:59 UTC,2026-07-11 09:44:19 UTC,139.47,0.3226,0.0043,0.0,0.0004,0.04,9.3,MIN_PROFIT_TP_HIT,0.144
1554,TRUMP_USDT,LONG,StochasticRSI(MICRO_BURST-LONG),2,0.2,1.608,1.604,1.61,1.604,2026-07-11 09:50:59 UTC,2026-07-11 09:59:44 UTC,524.17,0.3216,0.0043,0.0,-0.0008,-0.08,-18.66,STOP_LOSS_HIT,0.1432
1555,TRUMP_USDT,SHORT,StochasticRSI(MICRO_BURST-SHORT),2,0.2,1.604,1.608,1.602,1.608,2026-07-11 10:15:59 UTC,2026-07-11 10:24:43 UTC,523.74,0.3208,0.0043,0.0,-0.0008,-0.08,-18.7,STOP_LOSS_HIT,0.1424
1556,TRUMP_USDT,SHORT,StochasticRSI(MICRO_BURST-SHORT),2,0.2,1.606,1.61,1.604,1.61,2026-07-11 10:27:59 UTC,2026-07-11 11:06:46 UTC,2326.5,0.3212,0.0043,0.0,-0.0008,-0.08,-18.68,STOP_LOSS_HIT,0.1416
1557,TRUMP_USDT,SHORT,StochasticRSI(MICRO_BURST-SHORT),2,0.2,1.612,1.61,1.61,1.616,2026-07-11 11:09:59 UTC,2026-07-11 11:11:41 UTC,101.98,0.3224,0.0043,0.0,0.0004,0.04,9.31,MIN_PROFIT_TP_HIT,0.142
1558,TRUMP_USDT,LONG,StochasticRSI(MICRO_BURST-LONG),2,0.2,1.611,1.613,1.613,1.607,2026-07-11 11:15:59 UTC,2026-07-11 11:40:06 UTC,1446.46,0.3222,0.0043,0.0,0.0004,0.04,9.31,MIN_PROFIT_TP_HIT,0.1424
1559,TRUMP_USDT,LONG,StochasticRSI(MICRO_BURST-LONG),2,0.2,1.612,1.614,1.614,1.608,2026-07-11 11:54:59 UTC,2026-07-11 11:56:27 UTC,87.16,0.3224,0.0043,0.0,0.0004,0.04,9.31,MIN_PROFIT_TP_HIT,0.1428
1560,TRUMP_USDT,LONG,StochasticRSI(MICRO_BURST-LONG),2,0.2,1.612,1.614,1.614,1.608,2026-07-11 12:03:59 UTC,2026-07-11 12:04:42 UTC,42.5,0.3224,0.0043,0.0,0.0004,0.04,9.31,MIN_PROFIT_TP_HIT,0.1432
1561,TRUMP_USDT,SHORT,StochasticRSI(MICRO_BURST-SHORT),2,0.2,1.613,1.611,1.611,1.617,2026-07-11 12:08:59 UTC,2026-07-11 12:36:00 UTC,1620.09,0.3226,0.0043,0.0,0.0004,0.04,9.3,MIN_PROFIT_TP_HIT,0.1436
1562,TRUMP_USDT,LONG,StochasticRSI(MICRO_BURST-LONG),2,0.2,1.611,1.613,1.613,1.607,2026-07-11 12:42:59 UTC,2026-07-11 12:47:04 UTC,244.2,0.3222,0.0043,0.0,0.0004,0.04,9.31,MIN_PROFIT_TP_HIT,0.144
1563,TRUMP_USDT,SHORT,StochasticRSI(MICRO_BURST-SHORT),2,0.2,1.613,1.611,1.611,1.617,2026-07-11 12:49:59 UTC,2026-07-11 13:01:06 UTC,666.86,0.3226,0.0043,0.0,0.0004,0.04,9.3,MIN_PROFIT_TP_HIT,0.1444
1564,TRUMP_USDT,LONG,StochasticRSI(MICRO_BURST-LONG),2,0.2,1.612,1.614,1.614,1.608,2026-07-11 13:05:59 UTC,2026-07-11 13:18:00 UTC,720.22,0.3224,0.0043,0.0,0.0004,0.04,9.31,MIN_PROFIT_TP_HIT,0.1448
1565,TRUMP_USDT,SHORT,StochasticRSI(MICRO_BURST-SHORT),2,0.2,1.614,1.618,1.612,1.618,2026-07-11 13:20:59 UTC,2026-07-11 13:32:40 UTC,700.69,0.3228,0.0043,0.0,-0.0008,-0.08,-18.59,STOP_LOSS_HIT,0.144
1566,TRUMP_USDT,LONG,StochasticRSI(MICRO_BURST-LONG),2,0.2,1.613,1.615,1.615,1.609,2026-07-11 13:44:59 UTC,2026-07-11 13:46:06 UTC,66.81,0.3226,0.0043,0.0,0.0004,0.04,9.3,MIN_PROFIT_TP_HIT,0.1444
1567,TRUMP_USDT,SHORT,StochasticRSI(MICRO_BURST-SHORT),2,0.2,1.615,1.613,1.613,1.619,2026-07-11 13:50:59 UTC,2026-07-11 13:55:41 UTC,281.12,0.323,0.0043,0.0,0.0004,0.04,9.29,MIN_PROFIT_TP_HIT,0.1448
1568,TRUMP_USDT,LONG,StochasticRSI(MICRO_BURST-LONG),2,0.2,1.612,1.614,1.614,1.608,2026-07-11 14:01:59 UTC,2026-07-11 14:02:21 UTC,21.59,0.3224,0.0043,0.0,0.0004,0.04,9.31,MIN_PROFIT_TP_HIT,0.1452
1569,TRUMP_USDT,SHORT,StochasticRSI(MICRO_BURST-SHORT),2,0.2,1.616,1.62,1.614,1.62,2026-07-11 14:06:59 UTC,2026-07-11 14:34:50 UTC,1670.36,0.3232,0.0043,0.0,-0.0008,-0.08,-18.56,STOP_LOSS_HIT,0.1444
1570,TRUMP_USDT,SHORT,StochasticRSI(MICRO_BURST-SHORT),2,0.2,1.621,1.625,1.619,1.625,2026-07-11 14:35:59 UTC,2026-07-11 14:36:29 UTC,29.62,0.3242,0.0043,0.0,-0.0008,-0.08,-18.51,STOP_LOSS_HIT,0.1436
1571,TRUMP_USDT,SHORT,StochasticRSI(MICRO_BURST-SHORT),2,0.2,1.622,1.62,1.62,1.626,2026-07-11 14:38:59 UTC,2026-07-11 14:39:53 UTC,53.88,0.3244,0.0043,0.0,0.0004,0.04,9.25,MIN_PROFIT_TP_HIT,0.144
1572,TRUMP_USDT,LONG,StochasticRSI(MICRO_BURST-LONG),2,0.2,1.624,1.626,1.626,1.62,2026-07-11 14:47:59 UTC,2026-07-11 14:48:32 UTC,32.68,0.3248,0.0043,0.0,0.0004,0.04,9.24,MIN_PROFIT_TP_HIT,0.1444
1573,TRUMP_USDT,LONG,StochasticRSI(MICRO_BURST-LONG),2,0.2,1.628,1.63,1.63,1.624,2026-07-11 15:03:59 UTC,2026-07-11 15:11:10 UTC,430.41,0.3256,0.0043,0.0,0.0004,0.04,9.21,MIN_PROFIT_TP_HIT,0.1448
1574,TRUMP_USDT,LONG,StochasticRSI(MICRO_BURST-LONG),2,0.2,1.625,1.627,1.627,1.621,2026-07-11 15:19:59 UTC,2026-07-11 15:22:23 UTC,143.53,0.325,0.0043,0.0,0.0004,0.04,9.23,MIN_PROFIT_TP_HIT,0.1452
1575,TRUMP_USDT,SHORT,StochasticRSI(MICRO_BURST-SHORT),2,0.2,1.625,1.623,1.623,1.629,2026-07-11 15:26:59 UTC,2026-07-11 15:36:56 UTC,596.85,0.325,0.0043,0.0,0.0004,0.04,9.23,MIN_PROFIT_TP_HIT,0.1456
1576,TRUMP_USDT,SHORT,StochasticRSI(MICRO_BURST-SHORT),2,0.2,1.615,1.613,1.613,1.619,2026-07-11 15:37:59 UTC,2026-07-11 15:38:16 UTC,16.19,0.323,0.0043,0.0,0.0004,0.04,9.29,MIN_PROFIT_TP_HIT,0.146
1577,TRUMP_USDT,LONG,StochasticRSI(MICRO_BURST-LONG),2,0.2,1.617,1.613,1.619,1.613,2026-07-11 15:41:59 UTC,2026-07-11 15:47:05 UTC,305.79,0.3234,0.0043,0.0,-0.0008,-0.08,-18.55,STOP_LOSS_HIT,0.1452
1578,TRUMP_USDT,SHORT,StochasticRSI(MICRO_BURST-SHORT),2,0.2,1.616,1.614,1.614,1.62,2026-07-11 15:57:59 UTC,2026-07-11 16:03:36 UTC,336.83,0.3232,0.0043,0.0,0.0004,0.04,9.28,MIN_PROFIT_TP_HIT,0.1456
1579,TRUMP_USDT,LONG,StochasticRSI(MICRO_BURST-LONG),2,0.2,1.613,1.615,1.615,1.609,2026-07-11 16:06:59 UTC,2026-07-11 16:07:14 UTC,14.93,0.3226,0.0043,0.0,0.0004,0.04,9.3,MIN_PROFIT_TP_HIT,0.146
1580,TRUMP_USDT,SHORT,StochasticRSI(MICRO_BURST-SHORT),2,0.2,1.615,1.613,1.613,1.619,2026-07-11 16:12:59 UTC,2026-07-11 16:20:38 UTC,458.67,0.323,0.0043,0.0,0.0004,0.04,9.29,MIN_PROFIT_TP_HIT,0.1464
1581,TRUMP_USDT,LONG,StochasticRSI(MICRO_BURST-LONG),2,0.2,1.613,1.615,1.615,1.609,2026-07-11 16:23:59 UTC,2026-07-11 16:24:00 UTC,0.15,0.3226,0.0043,0.0,0.0004,0.04,9.3,MIN_PROFIT_TP_HIT,0.1468
1582,TRUMP_USDT,SHORT,StochasticRSI(MICRO_BURST-SHORT),2,0.2,1.616,1.614,1.614,1.62,2026-07-11 16:30:59 UTC,2026-07-11 16:36:34 UTC,334.56,0.3232,0.0043,0.0,0.0004,0.04,9.28,MIN_PROFIT_TP_HIT,0.1472
1583,TRUMP_USDT,LONG,StochasticRSI(MICRO_BURST-LONG),2,0.2,1.614,1.616,1.616,1.61,2026-07-11 16:38:59 UTC,2026-07-11 16:48:35 UTC,575.72,0.3228,0.0043,0.0,0.0004,0.04,9.29,MIN_PROFIT_TP_HIT,0.1476
1584,TRUMP_USDT,SHORT,StochasticRSI(MICRO_BURST-SHORT),2,0.2,1.618,1.616,1.616,1.622,2026-07-11 16:52:59 UTC,2026-07-11 16:53:42 UTC,42.72,0.3236,0.0043,0.0,0.0004,0.04,9.27,MIN_PROFIT_TP_HIT,0.148
1585,TRUMP_USDT,SHORT,StochasticRSI(MICRO_BURST-SHORT),2,0.2,1.617,1.621,1.615,1.621,2026-07-11 17:03:59 UTC,2026-07-11 17:07:16 UTC,196.85,0.3234,0.0043,0.0,-0.0008,-0.08,-18.55,STOP_LOSS_HIT,0.1472
1586,TRUMP_USDT,SHORT,StochasticRSI(MICRO_BURST-SHORT),2,0.2,1.623,1.621,1.621,1.627,2026-07-11 17:11:59 UTC,2026-07-11 17:42:27 UTC,1827.3,0.3246,0.0043,0.0,0.0004,0.04,9.24,MIN_PROFIT_TP_HIT,0.1476
1587,TRUMP_USDT,SHORT,StochasticRSI(MICRO_BURST-SHORT),2,0.2,1.624,1.622,1.622,1.628,2026-07-11 17:47:59 UTC,2026-07-11 17:48:14 UTC,14.78,0.3248,0.0043,0.0,0.0004,0.04,9.24,MIN_PROFIT_TP_HIT,0.148
1588,TRUMP_USDT,LONG,StochasticRSI(MICRO_BURST-LONG),2,0.2,1.622,1.618,1.624,1.618,2026-07-11 17:52:59 UTC,2026-07-11 18:00:05 UTC,425.8,0.3244,0.0043,0.0,-0.0008,-0.08,-18.5,STOP_LOSS_HIT,0.1472
1589,TRUMP_USDT,LONG,StochasticRSI(MICRO_BURST-LONG),2,0.2,1.621,1.623,1.623,1.617,2026-07-11 18:06:59 UTC,2026-07-11 18:11:46 UTC,286.21,0.3242,0.0043,0.0,0.0004,0.04,9.25,MIN_PROFIT_TP_HIT,0.1476
1590,TRUMP_USDT,SHORT,StochasticRSI(MICRO_BURST-SHORT),2,0.2,1.623,1.627,1.621,1.627,2026-07-11 18:15:59 UTC,2026-07-11 18:21:18 UTC,318.88,0.3246,0.0043,0.0,-0.0008,-0.08,-18.48,STOP_LOSS_HIT,0.1468
1591,TRUMP_USDT,SHORT,StochasticRSI(MICRO_BURST-SHORT),2,0.2,1.63,1.628,1.628,1.634,2026-07-11 18:31:59 UTC,2026-07-11 18:33:50 UTC,110.51,0.326,0.0043,0.0,0.0004,0.04,9.2,MIN_PROFIT_TP_HIT,0.1472
1592,TRUMP_USDT,LONG,StochasticRSI(MICRO_BURST-LONG),2,0.2,1.627,1.623,1.629,1.623,2026-07-11 18:37:59 UTC,2026-07-11 18:46:45 UTC,525.2,0.3254,0.0043,0.0,-0.0008,-0.08,-18.44,STOP_LOSS_HIT,0.1464
1593,TRUMP_USDT,LONG,StochasticRSI(MICRO_BURST-LONG),2,0.2,1.624,1.626,1.626,1.62,2026-07-11 18:47:59 UTC,2026-07-11 19:10:32 UTC,1352.73,0.3248,0.0043,0.0,0.0004,0.04,9.24,MIN_PROFIT_TP_HIT,0.1468
1594,TRUMP_USDT,SHORT,StochasticRSI(MICRO_BURST-SHORT),2,0.2,1.626,1.624,1.624,1.63,2026-07-11 19:12:59 UTC,2026-07-11 19:14:22 UTC,82.68,0.3252,0.0043,0.0,0.0004,0.04,9.23,MIN_PROFIT_TP_HIT,0.1472
1595,TRUMP_USDT,LONG,StochasticRSI(MICRO_BURST-LONG),2,0.2,1.625,1.621,1.627,1.621,2026-07-11 19:19:59 UTC,2026-07-11 19:28:54 UTC,534.01,0.325,0.0043,0.0,-0.0008,-0.08,-18.46,STOP_LOSS_HIT,0.1464
1596,TRUMP_USDT,LONG,StochasticRSI(MICRO_BURST-LONG),2,0.2,1.62,1.622,1.622,1.616,2026-07-11 19:35:59 UTC,2026-07-11 19:37:01 UTC,61.37,0.324,0.0043,0.0,0.0004,0.04,9.26,MIN_PROFIT_TP_HIT,0.1468
1597,TRUMP_USDT,SHORT,StochasticRSI(MICRO_BURST-SHORT),2,0.2,1.622,1.626,1.62,1.626,2026-07-11 19:45:59 UTC,2026-07-11 20:00:21 UTC,861.16,0.3244,0.0043,0.0,-0.0008,-0.08,-18.5,STOP_LOSS_HIT,0.146
1598,TRUMP_USDT,SHORT,StochasticRSI(MICRO_BURST-SHORT),2,0.2,1.626,1.624,1.624,1.63,2026-07-11 20:02:59 UTC,2026-07-11 20:49:20 UTC,2780.65,0.3252,0.0043,0.0,0.0004,0.04,9.23,MIN_PROFIT_TP_HIT,0.1464
1599,TRUMP_USDT,SHORT,StochasticRSI(MICRO_BURST-SHORT),2,0.2,1.628,1.626,1.626,1.632,2026-07-11 20:57:59 UTC,2026-07-11 21:13:05 UTC,905.46,0.3256,0.0043,0.0,0.0004,0.04,9.21,MIN_PROFIT_TP_HIT,0.1468
1600,TRUMP_USDT,LONG,StochasticRSI(MICRO_BURST-LONG),2,0.2,1.626,1.622,1.628,1.622,2026-07-11 21:16:59 UTC,2026-07-11 21:19:00 UTC,120.4,0.3252,0.0043,0.0,-0.0008,-0.08,-18.45,STOP_LOSS_HIT,0.146
1601,TRUMP_USDT,SHORT,StochasticRSI(MICRO_BURST-SHORT),2,0.2,1.628,1.626,1.626,1.632,2026-07-11 21:31:59 UTC,2026-07-11 21:40:18 UTC,498.37,0.3256,0.0043,0.0,0.0004,0.04,9.21,MIN_PROFIT_TP_HIT,0.1464
1602,TRUMP_USDT,LONG,StochasticRSI(MICRO_BURST-LONG),2,0.2,1.625,1.627,1.627,1.621,2026-07-11 21:49:59 UTC,2026-07-11 21:50:37 UTC,37.34,0.325,0.0043,0.0,0.0004,0.04,9.23,MIN_PROFIT_TP_HIT,0.1468
1603,TRUMP_USDT,SHORT,StochasticRSI(MICRO_BURST-SHORT),2,0.2,1.625,1.623,1.623,1.629,2026-07-11 21:55:59 UTC,2026-07-11 22:00:04 UTC,244.95,0.325,0.0043,0.0,0.0004,0.04,9.23,MIN_PROFIT_TP_HIT,0.1472
1604,TRUMP_USDT,SHORT,StochasticRSI(MICRO_BURST-SHORT),2,0.2,1.625,1.623,1.623,1.629,2026-07-11 22:10:59 UTC,2026-07-11 22:11:33 UTC,33.43,0.325,0.0043,0.0,0.0004,0.04,9.23,MIN_PROFIT_TP_HIT,0.1476
1605,TRUMP_USDT,SHORT,StochasticRSI(MICRO_BURST-SHORT),2,0.2,1.622,1.62,1.62,1.626,2026-07-11 22:14:59 UTC,2026-07-11 22:19:30 UTC,270.74,0.3244,0.0043,0.0,0.0004,0.04,9.25,MIN_PROFIT_TP_HIT,0.148
1606,TRUMP_USDT,LONG,StochasticRSI(MICRO_BURST-LONG),2,0.2,1.613,1.615,1.615,1.609,2026-07-11 22:23:59 UTC,2026-07-11 22:31:10 UTC,430.05,0.3226,0.0043,0.0,0.0004,0.04,9.3,MIN_PROFIT_TP_HIT,0.1484
1607,TRUMP_USDT,SHORT,StochasticRSI(MICRO_BURST-SHORT),2,0.2,1.616,1.614,1.614,1.62,2026-07-11 22:34:59 UTC,2026-07-11 22:37:09 UTC,129.04,0.3232,0.0043,0.0,0.0004,0.04,9.28,MIN_PROFIT_TP_HIT,0.1488
1608,TRUMP_USDT,SHORT,StochasticRSI(MICRO_BURST-SHORT),2,0.2,1.61,1.608,1.608,1.614,2026-07-11 23:02:59 UTC,2026-07-11 23:08:24 UTC,324.47,0.322,0.0043,0.0,0.0004,0.04,9.32,MIN_PROFIT_TP_HIT,0.1492
1609,TRUMP_USDT,LONG,StochasticRSI(MICRO_BURST-LONG),2,0.2,1.606,1.608,1.608,1.602,2026-07-11 23:14:59 UTC,2026-07-11 23:15:39 UTC,39.35,0.3212,0.0043,0.0,0.0004,0.04,9.34,MIN_PROFIT_TP_HIT,0.1496
1610,TRUMP_USDT,SHORT,StochasticRSI(MICRO_BURST-SHORT),2,0.2,1.605,1.603,1.603,1.609,2026-07-11 23:20:59 UTC,2026-07-11 23:21:45 UTC,45.98,0.321,0.0043,0.0,0.0004,0.04,9.35,MIN_PROFIT_TP_HIT,0.15
1611,TRUMP_USDT,LONG,StochasticRSI(MICRO_BURST-LONG),2,0.2,1.593,1.595,1.595,1.589,2026-07-11 23:34:59 UTC,2026-07-11 23:39:00 UTC,240.38,0.3186,0.0042,0.0,0.0004,0.04,9.42,MIN_PROFIT_TP_HIT,0.1504
1612,TRUMP_USDT,SHORT,StochasticRSI(MICRO_BURST-SHORT),2,0.2,1.593,1.597,1.591,1.597,2026-07-11 23:40:59 UTC,2026-07-11 23:45:23 UTC,263.11,0.3186,0.0042,0.0,-0.0008,-0.08,-18.83,STOP_LOSS_HIT,0.1496
1613,TRUMP_USDT,SHORT,StochasticRSI(MICRO_BURST-SHORT),2,0.2,1.596,1.594,1.594,1.6,2026-07-11 23:46:59 UTC,2026-07-11 23:53:05 UTC,365.44,0.3192,0.0043,0.0,0.0004,0.04,9.4,MIN_PROFIT_TP_HIT,0.15
1614,TRUMP_USDT,LONG,StochasticRSI(MICRO_BURST-LONG),2,0.2,1.568,1.57,1.57,1.564,2026-07-12 00:02:59 UTC,2026-07-12 00:03:08 UTC,8.4,0.3136,0.0042,0.0,0.0004,0.04,9.57,MIN_PROFIT_TP_HIT,0.1504
1615,TRUMP_USDT,SHORT,StochasticRSI(MICRO_BURST-SHORT),2,0.2,1.568,1.566,1.566,1.572,2026-07-12 00:06:59 UTC,2026-07-12 00:07:31 UTC,31.46,0.3136,0.0042,0.0,0.0004,0.04,9.57,MIN_PROFIT_TP_HIT,0.1508
1616,TRUMP_USDT,SHORT,StochasticRSI(MICRO_BURST-SHORT),2,0.2,1.567,1.565,1.565,1.571,2026-07-12 00:15:59 UTC,2026-07-12 00:17:15 UTC,75.13,0.3134,0.0042,0.0,0.0004,0.04,9.57,MIN_PROFIT_TP_HIT,0.1512
1617,TRUMP_USDT,SHORT,StochasticRSI(MICRO_BURST-SHORT),2,0.2,1.567,1.571,1.565,1.571,2026-07-12 00:24:59 UTC,2026-07-12 00:26:58 UTC,118.44,0.3134,0.0042,0.0,-0.0008,-0.08,-19.14,STOP_LOSS_HIT,0.1504
1618,TRUMP_USDT,SHORT,StochasticRSI(MICRO_BURST-SHORT),2,0.2,1.567,1.565,1.565,1.571,2026-07-12 00:29:59 UTC,2026-07-12 00:30:02 UTC,2.44,0.3134,0.0042,0.0,0.0004,0.04,9.57,MIN_PROFIT_TP_HIT,0.1508
1619,TRUMP_USDT,LONG,StochasticRSI(MICRO_BURST-LONG),2,0.2,1.564,1.566,1.566,1.56,2026-07-12 00:33:59 UTC,2026-07-12 00:34:01 UTC,1.19,0.3128,0.0042,0.0,0.0004,0.04,9.59,MIN_PROFIT_TP_HIT,0.1512
1620,TRUMP_USDT,SHORT,StochasticRSI(MICRO_BURST-SHORT),2,0.2,1.564,1.562,1.562,1.568,2026-07-12 00:38:59 UTC,2026-07-12 00:39:20 UTC,20.1,0.3128,0.0042,0.0,0.0004,0.04,9.59,MIN_PROFIT_TP_HIT,0.1516
1621,TRUMP_USDT,LONG,StochasticRSI(MICRO_BURST-LONG),2,0.2,1.566,1.568,1.568,1.562,2026-07-12 00:43:59 UTC,2026-07-12 00:45:33 UTC,93.16,0.3132,0.0042,0.0,0.0004,0.04,9.58,MIN_PROFIT_TP_HIT,0.152
1622,TRUMP_USDT,SHORT,StochasticRSI(MICRO_BURST-SHORT),2,0.2,1.563,1.567,1.561,1.567,2026-07-12 00:47:59 UTC,2026-07-12 00:50:32 UTC,152.63,0.3126,0.0042,0.0,-0.0008,-0.08,-19.19,STOP_LOSS_HIT,0.1512
1623,TRUMP_USDT,LONG,StochasticRSI(MICRO_BURST-LONG),2,0.2,1.569,1.571,1.571,1.565,2026-07-12 01:02:59 UTC,2026-07-12 01:15:57 UTC,777.59,0.3138,0.0042,0.0,0.0004,0.04,9.56,MIN_PROFIT_TP_HIT,0.1516
1624,TRUMP_USDT,SHORT,StochasticRSI(MICRO_BURST-SHORT),2,0.2,1.573,1.577,1.571,1.577,2026-07-12 01:18:59 UTC,2026-07-12 01:27:33 UTC,513.18,0.3146,0.0042,0.0,-0.0008,-0.08,-19.07,STOP_LOSS_HIT,0.1508
1625,TRUMP_USDT,SHORT,StochasticRSI(MICRO_BURST-SHORT),2,0.2,1.577,1.581,1.575,1.581,2026-07-12 01:37:59 UTC,2026-07-12 01:41:32 UTC,212.18,0.3154,0.0042,0.0,-0.0008,-0.08,-19.02,STOP_LOSS_HIT,0.15
1626,TRUMP_USDT,LONG,StochasticRSI(MICRO_BURST-LONG),2,0.2,1.575,1.577,1.577,1.571,2026-07-12 02:08:59 UTC,2026-07-12 02:09:26 UTC,26.16,0.315,0.0042,0.0,0.0004,0.04,9.52,MIN_PROFIT_TP_HIT,0.1504
1627,TRUMP_USDT,SHORT,StochasticRSI(MICRO_BURST-SHORT),2,0.2,1.573,1.577,1.571,1.577,2026-07-12 02:12:59 UTC,2026-07-12 02:15:40 UTC,160.51,0.3146,0.0042,0.0,-0.0008,-0.08,-19.07,STOP_LOSS_HIT,0.1496
1628,TRUMP_USDT,SHORT,StochasticRSI(MICRO_BURST-SHORT),2,0.2,1.576,1.58,1.574,1.58,2026-07-12 02:19:59 UTC,2026-07-12 02:21:50 UTC,110.26,0.3152,0.0042,0.0,-0.0008,-0.08,-19.04,STOP_LOSS_HIT,0.1488
1629,TRUMP_USDT,LONG,StochasticRSI(MICRO_BURST-LONG),2,0.2,1.575,1.577,1.577,1.571,2026-07-12 02:36:59 UTC,2026-07-12 02:51:02 UTC,842.53,0.315,0.0042,0.0,0.0004,0.04,9.52,MIN_PROFIT_TP_HIT,0.1492
1630,TRUMP_USDT,SHORT,StochasticRSI(MICRO_BURST-SHORT),2,0.2,1.577,1.575,1.575,1.581,2026-07-12 02:56:59 UTC,2026-07-12 03:10:24 UTC,804.49,0.3154,0.0042,0.0,0.0004,0.04,9.51,MIN_PROFIT_TP_HIT,0.1496
1631,TRUMP_USDT,LONG,StochasticRSI(MICRO_BURST-LONG),2,0.2,1.577,1.579,1.579,1.573,2026-07-12 03:12:59 UTC,2026-07-12 03:15:15 UTC,135.98,0.3154,0.0042,0.0,0.0004,0.04,9.51,MIN_PROFIT_TP_HIT,0.15
1632,TRUMP_USDT,SHORT,StochasticRSI(MICRO_BURST-SHORT),2,0.2,1.58,1.584,1.578,1.584,2026-07-12 03:26:59 UTC,2026-07-12 03:33:08 UTC,368.99,0.316,0.0042,0.0,-0.0008,-0.08,-18.99,STOP_LOSS_HIT,0.1492
1633,TRUMP_USDT,SHORT,StochasticRSI(MICRO_BURST-SHORT),2,0.2,1.58,1.578,1.578,1.584,2026-07-12 03:36:59 UTC,2026-07-12 04:01:52 UTC,1492.08,0.316,0.0042,0.0,0.0004,0.04,9.49,MIN_PROFIT_TP_HIT,0.1496
1634,TRUMP_USDT,SHORT,StochasticRSI(MICRO_BURST-SHORT),2,0.2,1.579,1.583,1.577,1.583,2026-07-12 04:10:59 UTC,2026-07-12 04:17:45 UTC,405.99,0.3158,0.0042,0.0,-0.0008,-0.08,-19.0,STOP_LOSS_HIT,0.1488
1635,TRUMP_USDT,SHORT,StochasticRSI(MICRO_BURST-SHORT),2,0.2,1.579,1.577,1.577,1.583,2026-07-12 04:20:59 UTC,2026-07-12 04:32:32 UTC,692.94,0.3158,0.0042,0.0,0.0004,0.04,9.5,MIN_PROFIT_TP_HIT,0.1492
1636,TRUMP_USDT,LONG,StochasticRSI(MICRO_BURST-LONG),2,0.2,1.576,1.578,1.578,1.572,2026-07-12 04:35:59 UTC,2026-07-12 04:39:55 UTC,235.25,0.3152,0.0042,0.0,0.0004,0.04,9.52,MIN_PROFIT_TP_HIT,0.1496
1637,TRUMP_USDT,SHORT,StochasticRSI(MICRO_BURST-SHORT),2,0.2,1.581,1.579,1.579,1.585,2026-07-12 04:47:59 UTC,2026-07-12 04:49:20 UTC,80.07,0.3162,0.0042,0.0,0.0004,0.04,9.49,MIN_PROFIT_TP_HIT,0.15
1638,TRUMP_USDT,LONG,StochasticRSI(MICRO_BURST-LONG),2,0.2,1.576,1.578,1.578,1.572,2026-07-12 04:53:59 UTC,2026-07-12 04:59:59 UTC,359.53,0.3152,0.0042,0.0,0.0004,0.04,9.52,MIN_PROFIT_TP_HIT,0.1504
1639,TRUMP_USDT,SHORT,StochasticRSI(MICRO_BURST-SHORT),2,0.2,1.577,1.575,1.575,1.581,2026-07-12 05:03:59 UTC,2026-07-12 05:07:47 UTC,227.49,0.3154,0.0042,0.0,0.0004,0.04,9.51,MIN_PROFIT_TP_HIT,0.1508
1640,TRUMP_USDT,LONG,StochasticRSI(MICRO_BURST-LONG),2,0.2,1.567,1.569,1.569,1.563,2026-07-12 05:19:59 UTC,2026-07-12 05:26:59 UTC,419.5,0.3134,0.0042,0.0,0.0004,0.04,9.57,MIN_PROFIT_TP_HIT,0.1512
1641,TRUMP_USDT,SHORT,StochasticRSI(MICRO_BURST-SHORT),2,0.2,1.569,1.567,1.567,1.573,2026-07-12 05:28:59 UTC,2026-07-12 05:29:12 UTC,12.02,0.3138,0.0042,0.0,0.0004,0.04,9.56,MIN_PROFIT_TP_HIT,0.1516
1642,TRUMP_USDT,SHORT,StochasticRSI(MICRO_BURST-SHORT),2,0.2,1.569,1.567,1.567,1.573,2026-07-12 05:30:59 UTC,2026-07-12 05:31:04 UTC,4.52,0.3138,0.0042,0.0,0.0004,0.04,9.56,MIN_PROFIT_TP_HIT,0.152
1643,TRUMP_USDT,SHORT,StochasticRSI(MICRO_BURST-SHORT),2,0.2,1.571,1.569,1.569,1.575,2026-07-12 05:48:59 UTC,2026-07-12 06:01:13 UTC,733.52,0.3142,0.0042,0.0,0.0004,0.04,9.55,MIN_PROFIT_TP_HIT,0.1524
1644,TRUMP_USDT,LONG,StochasticRSI(MICRO_BURST-LONG),2,0.2,1.562,1.558,1.564,1.558,2026-07-12 06:07:59 UTC,2026-07-12 06:08:06 UTC,6.92,0.3124,0.0042,0.0,-0.0008,-0.08,-19.21,STOP_LOSS_HIT,0.1516
1645,TRUMP_USDT,LONG,StochasticRSI(MICRO_BURST-LONG),2,0.2,1.558,1.554,1.56,1.554,2026-07-12 06:16:59 UTC,2026-07-12 06:17:20 UTC,20.68,0.3116,0.0042,0.0,-0.0008,-0.08,-19.26,STOP_LOSS_HIT,0.1508
1646,TRUMP_USDT,SHORT,StochasticRSI(MICRO_BURST-SHORT),2,0.2,1.557,1.555,1.555,1.561,2026-07-12 06:23:59 UTC,2026-07-12 06:26:41 UTC,161.08,0.3114,0.0042,0.0,0.0004,0.04,9.63,MIN_PROFIT_TP_HIT,0.1512
1647,TRUMP_USDT,LONG,StochasticRSI(MICRO_BURST-LONG),2,0.2,1.563,1.565,1.565,1.559,2026-07-12 06:55:59 UTC,2026-07-12 07:04:44 UTC,524.67,0.3126,0.0042,0.0,0.0004,0.04,9.6,MIN_PROFIT_TP_HIT,0.1516
1648,TRUMP_USDT,LONG,StochasticRSI(MICRO_BURST-LONG),2,0.2,1.565,1.567,1.567,1.561,2026-07-12 07:10:59 UTC,2026-07-12 07:21:38 UTC,638.9,0.313,0.0042,0.0,0.0004,0.04,9.58,MIN_PROFIT_TP_HIT,0.152
1649,TRUMP_USDT,SHORT,StochasticRSI(MICRO_BURST-SHORT),2,0.2,1.566,1.564,1.564,1.57,2026-07-12 07:26:59 UTC,2026-07-12 07:29:38 UTC,158.62,0.3132,0.0042,0.0,0.0004,0.04,9.58,MIN_PROFIT_TP_HIT,0.1524
1650,TRUMP_USDT,SHORT,StochasticRSI(MICRO_BURST-SHORT),2,0.2,1.564,1.562,1.562,1.568,2026-07-12 07:46:59 UTC,2026-07-12 07:50:36 UTC,216.37,0.3128,0.0042,0.0,0.0004,0.04,9.59,MIN_PROFIT_TP_HIT,0.1528
1651,TRUMP_USDT,LONG,StochasticRSI(MICRO_BURST-LONG),2,0.2,1.564,1.566,1.566,1.56,2026-07-12 07:53:59 UTC,2026-07-12 07:55:52 UTC,112.11,0.3128,0.0042,0.0,0.0004,0.04,9.59,MIN_PROFIT_TP_HIT,0.1532
1652,TRUMP_USDT,SHORT,StochasticRSI(MICRO_BURST-SHORT),2,0.2,1.566,1.564,1.564,1.57,2026-07-12 07:59:59 UTC,2026-07-12 08:00:03 UTC,3.89,0.3132,0.0042,0.0,0.0004,0.04,9.58,MIN_PROFIT_TP_HIT,0.1536
1653,TRUMP_USDT,SHORT,StochasticRSI(MICRO_BURST-SHORT),2,0.2,1.565,1.569,1.563,1.569,2026-07-12 08:01:59 UTC,2026-07-12 08:08:33 UTC,393.42,0.313,0.0042,0.0,-0.0008,-0.08,-19.17,STOP_LOSS_HIT,0.1528
1654,TRUMP_USDT,SHORT,StochasticRSI(MICRO_BURST-SHORT),2,0.2,1.569,1.573,1.567,1.573,2026-07-12 08:11:59 UTC,2026-07-12 08:54:49 UTC,2569.46,0.3138,0.0042,0.0,-0.0008,-0.08,-19.12,STOP_LOSS_HIT,0.152
1655,TRUMP_USDT,SHORT,StochasticRSI(MICRO_BURST-SHORT),2,0.2,1.573,1.571,1.571,1.577,2026-07-12 09:01:59 UTC,2026-07-12 09:11:18 UTC,558.75,0.3146,0.0042,0.0,0.0004,0.04,9.54,MIN_PROFIT_TP_HIT,0.1524
1656,TRUMP_USDT,LONG,StochasticRSI(MICRO_BURST-LONG),2,0.2,1.567,1.563,1.569,1.563,2026-07-12 09:19:59 UTC,2026-07-12 09:22:13 UTC,133.86,0.3134,0.0042,0.0,-0.0008,-0.08,-19.14,STOP_LOSS_HIT,0.1516
1657,TRUMP_USDT,SHORT,StochasticRSI(MICRO_BURST-SHORT),2,0.2,1.569,1.573,1.567,1.573,2026-07-12 09:30:59 UTC,2026-07-12 09:40:33 UTC,573.71,0.3138,0.0042,0.0,-0.0008,-0.08,-19.12,STOP_LOSS_HIT,0.1508
1658,TRUMP_USDT,SHORT,StochasticRSI(MICRO_BURST-SHORT),2,0.2,1.574,1.572,1.572,1.578,2026-07-12 09:48:59 UTC,2026-07-12 09:54:25 UTC,325.01,0.3148,0.0042,0.0,0.0004,0.04,9.53,MIN_PROFIT_TP_HIT,0.1512
1659,TRUMP_USDT,LONG,StochasticRSI(MICRO_BURST-LONG),2,0.2,1.572,1.574,1.574,1.568,2026-07-12 09:59:59 UTC,2026-07-12 10:11:28 UTC,688.8,0.3144,0.0042,0.0,0.0004,0.04,9.54,MIN_PROFIT_TP_HIT,0.1516
1660,TRUMP_USDT,SHORT,StochasticRSI(MICRO_BURST-SHORT),2,0.2,1.574,1.572,1.572,1.578,2026-07-12 10:18:59 UTC,2026-07-12 10:19:04 UTC,4.1,0.3148,0.0042,0.0,0.0004,0.04,9.53,MIN_PROFIT_TP_HIT,0.152
1661,TRUMP_USDT,LONG,StochasticRSI(MICRO_BURST-LONG),2,0.2,1.571,1.567,1.573,1.567,2026-07-12 10:29:59 UTC,2026-07-12 11:11:43 UTC,2503.39,0.3142,0.0042,0.0,-0.0008,-0.08,-19.1,STOP_LOSS_HIT,0.1512
1662,TRUMP_USDT,SHORT,StochasticRSI(MICRO_BURST-SHORT),2,0.2,1.569,1.573,1.567,1.573,2026-07-12 11:22:59 UTC,2026-07-12 11:27:07 UTC,247.87,0.3138,0.0042,0.0,-0.0008,-0.08,-19.12,STOP_LOSS_HIT,0.1504
1663,TRUMP_USDT,SHORT,StochasticRSI(MICRO_BURST-SHORT),2,0.2,1.572,1.576,1.57,1.576,2026-07-12 11:31:59 UTC,2026-07-12 11:35:29 UTC,209.81,0.3144,0.0042,0.0,-0.0008,-0.08,-19.08,STOP_LOSS_HIT,0.1496
1664,TRUMP_USDT,LONG,StochasticRSI(MICRO_BURST-LONG),2,0.2,1.575,1.577,1.577,1.571,2026-07-12 11:41:59 UTC,2026-07-12 11:43:41 UTC,101.21,0.315,0.0042,0.0,0.0004,0.04,9.52,MIN_PROFIT_TP_HIT,0.15
1665,TRUMP_USDT,SHORT,StochasticRSI(MICRO_BURST-SHORT),2,0.2,1.576,1.574,1.574,1.58,2026-07-12 11:48:59 UTC,2026-07-12 12:00:14 UTC,674.73,0.3152,0.0042,0.0,0.0004,0.04,9.52,MIN_PROFIT_TP_HIT,0.1504
1666,TRUMP_USDT,LONG,StochasticRSI(MICRO_BURST-LONG),2,0.2,1.573,1.575,1.575,1.569,2026-07-12 12:08:59 UTC,2026-07-12 12:09:08 UTC,8.09,0.3146,0.0042,0.0,0.0004,0.04,9.54,MIN_PROFIT_TP_HIT,0.1508
1667,TRUMP_USDT,SHORT,StochasticRSI(MICRO_BURST-SHORT),2,0.2,1.579,1.577,1.577,1.583,2026-07-12 12:16:59 UTC,2026-07-12 12:21:48 UTC,288.92,0.3158,0.0042,0.0,0.0004,0.04,9.5,MIN_PROFIT_TP_HIT,0.1512
1668,TRUMP_USDT,LONG,StochasticRSI(MICRO_BURST-LONG),2,0.2,1.577,1.579,1.579,1.573,2026-07-12 12:29:59 UTC,2026-07-12 12:36:11 UTC,371.27,0.3154,0.0042,0.0,0.0004,0.04,9.51,MIN_PROFIT_TP_HIT,0.1516
1669,TRUMP_USDT,SHORT,StochasticRSI(MICRO_BURST-SHORT),2,0.2,1.577,1.575,1.575,1.581,2026-07-12 12:40:59 UTC,2026-07-12 13:17:25 UTC,2185.58,0.3154,0.0042,0.0,0.0004,0.04,9.51,MIN_PROFIT_TP_HIT,0.152
1670,TRUMP_USDT,LONG,StochasticRSI(MICRO_BURST-LONG),2,0.2,1.578,1.574,1.58,1.574,2026-07-12 13:20:59 UTC,2026-07-12 13:28:04 UTC,424.69,0.3156,0.0042,0.0,-0.0008,-0.08,-19.01,STOP_LOSS_HIT,0.1512
1671,TRUMP_USDT,LONG,StochasticRSI(MICRO_BURST-LONG),2,0.2,1.568,1.57,1.57,1.564,2026-07-12 13:32:59 UTC,2026-07-12 14:06:52 UTC,2032.81,0.3136,0.0042,0.0,0.0004,0.04,9.57,MIN_PROFIT_TP_HIT,0.1516
1672,TRUMP_USDT,SHORT,StochasticRSI(MICRO_BURST-SHORT),2,0.2,1.569,1.573,1.567,1.573,2026-07-12 14:10:59 UTC,2026-07-12 14:18:25 UTC,445.26,0.3138,0.0042,0.0,-0.0008,-0.08,-19.12,STOP_LOSS_HIT,0.1508
1673,TRUMP_USDT,SHORT,StochasticRSI(MICRO_BURST-SHORT),2,0.2,1.569,1.573,1.567,1.573,2026-07-12 14:19:59 UTC,2026-07-12 14:30:17 UTC,617.73,0.3138,0.0042,0.0,-0.0008,-0.08,-19.12,STOP_LOSS_HIT,0.15
1674,TRUMP_USDT,SHORT,StochasticRSI(MICRO_BURST-SHORT),2,0.2,1.574,1.578,1.572,1.578,2026-07-12 14:38:59 UTC,2026-07-12 14:46:39 UTC,459.73,0.3148,0.0042,0.0,-0.0008,-0.08,-19.06,STOP_LOSS_HIT,0.1492
1675,TRUMP_USDT,LONG,StochasticRSI(MICRO_BURST-LONG),2,0.2,1.582,1.584,1.584,1.578,2026-07-12 15:03:59 UTC,2026-07-12 15:05:02 UTC,62.36,0.3164,0.0042,0.0,0.0004,0.04,9.48,MIN_PROFIT_TP_HIT,0.1496
1676,TRUMP_USDT,LONG,StochasticRSI(MICRO_BURST-LONG),2,0.2,1.587,1.589,1.589,1.583,2026-07-12 15:19:59 UTC,2026-07-12 15:23:48 UTC,228.43,0.3174,0.0042,0.0,0.0004,0.04,9.45,MIN_PROFIT_TP_HIT,0.15
1677,TRUMP_USDT,SHORT,StochasticRSI(MICRO_BURST-SHORT),2,0.2,1.589,1.587,1.587,1.593,2026-07-12 15:27:59 UTC,2026-07-12 15:28:29 UTC,29.91,0.3178,0.0042,0.0,0.0004,0.04,9.44,MIN_PROFIT_TP_HIT,0.1504
1678,TRUMP_USDT,LONG,StochasticRSI(MICRO_BURST-LONG),2,0.2,1.585,1.587,1.587,1.581,2026-07-12 15:39:59 UTC,2026-07-12 15:48:04 UTC,484.04,0.317,0.0042,0.0,0.0004,0.04,9.46,MIN_PROFIT_TP_HIT,0.1508
1679,TRUMP_USDT,SHORT,StochasticRSI(MICRO_BURST-SHORT),2,0.2,1.588,1.586,1.586,1.592,2026-07-12 15:56:59 UTC,2026-07-12 16:03:34 UTC,394.48,0.3176,0.0042,0.0,0.0004,0.04,9.45,MIN_PROFIT_TP_HIT,0.1512
1680,TRUMP_USDT,LONG,StochasticRSI(MICRO_BURST-LONG),2,0.2,1.588,1.584,1.59,1.584,2026-07-12 16:06:59 UTC,2026-07-12 16:12:33 UTC,333.01,0.3176,0.0042,0.0,-0.0008,-0.08,-18.89,STOP_LOSS_HIT,0.1504
1681,TRUMP_USDT,LONG,StochasticRSI(MICRO_BURST-LONG),2,0.2,1.579,1.581,1.581,1.575,2026-07-12 16:17:59 UTC,2026-07-12 16:18:21 UTC,21.46,0.3158,0.0042,0.0,0.0004,0.04,9.5,MIN_PROFIT_TP_HIT,0.1508
1682,TRUMP_USDT,SHORT,StochasticRSI(MICRO_BURST-SHORT),2,0.2,1.582,1.58,1.58,1.586,2026-07-12 16:23:59 UTC,2026-07-12 16:31:56 UTC,476.63,0.3164,0.0042,0.0,0.0004,0.04,9.48,MIN_PROFIT_TP_HIT,0.1512
1683,TRUMP_USDT,LONG,StochasticRSI(MICRO_BURST-LONG),2,0.2,1.58,1.582,1.582,1.576,2026-07-12 16:42:59 UTC,2026-07-12 16:47:14 UTC,254.09,0.316,0.0042,0.0,0.0004,0.04,9.49,MIN_PROFIT_TP_HIT,0.1516
1684,TRUMP_USDT,SHORT,StochasticRSI(MICRO_BURST-SHORT),2,0.2,1.582,1.58,1.58,1.586,2026-07-12 16:51:59 UTC,2026-07-12 16:52:08 UTC,8.35,0.3164,0.0042,0.0,0.0004,0.04,9.48,MIN_PROFIT_TP_HIT,0.152
1685,TRUMP_USDT,LONG,StochasticRSI(MICRO_BURST-LONG),2,0.2,1.579,1.581,1.581,1.575,2026-07-12 16:56:59 UTC,2026-07-12 17:00:57 UTC,237.47,0.3158,0.0042,0.0,0.0004,0.04,9.5,MIN_PROFIT_TP_HIT,0.1524
1686,TRUMP_USDT,LONG,StochasticRSI(MICRO_BURST-LONG),2,0.2,1.578,1.58,1.58,1.574,2026-07-12 17:20:59 UTC,2026-07-12 17:38:55 UTC,1075.39,0.3156,0.0042,0.0,0.0004,0.04,9.51,MIN_PROFIT_TP_HIT,0.1528
1687,TRUMP_USDT,SHORT,StochasticRSI(MICRO_BURST-SHORT),2,0.2,1.579,1.577,1.577,1.583,2026-07-12 17:43:59 UTC,2026-07-12 17:45:08 UTC,68.92,0.3158,0.0042,0.0,0.0004,0.04,9.5,MIN_PROFIT_TP_HIT,0.1532
1688,TRUMP_USDT,LONG,StochasticRSI(MICRO_BURST-LONG),2,0.2,1.573,1.569,1.575,1.569,2026-07-12 17:52:59 UTC,2026-07-12 17:53:50 UTC,50.51,0.3146,0.0042,0.0,-0.0008,-0.08,-19.07,STOP_LOSS_HIT,0.1524
1689,TRUMP_USDT,SHORT,StochasticRSI(MICRO_BURST-SHORT),2,0.2,1.574,1.572,1.572,1.578,2026-07-12 18:02:59 UTC,2026-07-12 18:06:01 UTC,181.95,0.3148,0.0042,0.0,0.0004,0.04,9.53,MIN_PROFIT_TP_HIT,0.1528
1690,TRUMP_USDT,LONG,StochasticRSI(MICRO_BURST-LONG),2,0.2,1.572,1.574,1.574,1.568,2026-07-12 18:11:59 UTC,2026-07-12 18:24:16 UTC,736.34,0.3144,0.0042,0.0,0.0004,0.04,9.54,MIN_PROFIT_TP_HIT,0.1532
1691,TRUMP_USDT,SHORT,StochasticRSI(MICRO_BURST-SHORT),2,0.2,1.573,1.577,1.571,1.577,2026-07-12 18:28:59 UTC,2026-07-12 18:30:52 UTC,112.31,0.3146,0.0042,0.0,-0.0008,-0.08,-19.07,STOP_LOSS_HIT,0.1524
1692,TRUMP_USDT,SHORT,StochasticRSI(MICRO_BURST-SHORT),2,0.2,1.577,1.581,1.575,1.581,2026-07-12 18:34:59 UTC,2026-07-12 18:38:48 UTC,228.08,0.3154,0.0042,0.0,-0.0008,-0.08,-19.02,STOP_LOSS_HIT,0.1516
1693,TRUMP_USDT,LONG,StochasticRSI(MICRO_BURST-LONG),2,0.2,1.58,1.582,1.582,1.576,2026-07-12 18:44:59 UTC,2026-07-12 18:45:21 UTC,21.42,0.316,0.0042,0.0,0.0004,0.04,9.49,MIN_PROFIT_TP_HIT,0.152
1694,TRUMP_USDT,LONG,StochasticRSI(MICRO_BURST-LONG),2,0.2,1.581,1.583,1.583,1.577,2026-07-12 18:55:59 UTC,2026-07-12 19:06:06 UTC,606.67,0.3162,0.0042,0.0,0.0004,0.04,9.49,MIN_PROFIT_TP_HIT,0.1524
1695,TRUMP_USDT,SHORT,StochasticRSI(MICRO_BURST-SHORT),2,0.2,1.582,1.58,1.58,1.586,2026-07-12 19:12:59 UTC,2026-07-12 19:14:49 UTC,109.78,0.3164,0.0042,0.0,0.0004,0.04,9.48,MIN_PROFIT_TP_HIT,0.1528
1696,TRUMP_USDT,LONG,StochasticRSI(MICRO_BURST-LONG),2,0.2,1.582,1.584,1.584,1.578,2026-07-12 19:21:59 UTC,2026-07-12 19:25:11 UTC,191.29,0.3164,0.0042,0.0,0.0004,0.04,9.48,MIN_PROFIT_TP_HIT,0.1532
1697,TRUMP_USDT,SHORT,StochasticRSI(MICRO_BURST-SHORT),2,0.2,1.582,1.58,1.58,1.586,2026-07-12 19:27:59 UTC,2026-07-12 19:28:34 UTC,34.71,0.3164,0.0042,0.0,0.0004,0.04,9.48,MIN_PROFIT_TP_HIT,0.1536
1698,TRUMP_USDT,LONG,StochasticRSI(MICRO_BURST-LONG),2,0.2,1.577,1.579,1.579,1.573,2026-07-12 19:32:59 UTC,2026-07-12 19:45:30 UTC,750.75,0.3154,0.0042,0.0,0.0004,0.04,9.51,MIN_PROFIT_TP_HIT,0.154
1699,TRUMP_USDT,SHORT,StochasticRSI(MICRO_BURST-SHORT),2,0.2,1.58,1.578,1.578,1.584,2026-07-12 19:50:59 UTC,2026-07-12 19:58:33 UTC,453.64,0.316,0.0042,0.0,0.0004,0.04,9.49,MIN_PROFIT_TP_HIT,0.1544
1700,TRUMP_USDT,LONG,StochasticRSI(MICRO_BURST-LONG),2,0.2,1.573,1.569,1.575,1.569,2026-07-12 20:08:59 UTC,2026-07-12 20:50:43 UTC,2503.19,0.3146,0.0042,0.0,-0.0008,-0.08,-19.07,STOP_LOSS_HIT,0.1536
1701,TRUMP_USDT,LONG,StochasticRSI(MICRO_BURST-LONG),2,0.2,1.57,1.572,1.572,1.566,2026-07-12 21:00:59 UTC,2026-07-12 21:02:49 UTC,109.69,0.314,0.0042,0.0,0.0004,0.04,9.55,MIN_PROFIT_TP_HIT,0.154
1702,TRUMP_USDT,SHORT,StochasticRSI(MICRO_BURST-SHORT),2,0.2,1.572,1.57,1.57,1.576,2026-07-12 21:04:59 UTC,2026-07-12 21:10:51 UTC,351.38,0.3144,0.0042,0.0,0.0004,0.04,9.54,MIN_PROFIT_TP_HIT,0.1544
1703,TRUMP_USDT,LONG,StochasticRSI(MICRO_BURST-LONG),2,0.2,1.572,1.568,1.574,1.568,2026-07-12 21:14:59 UTC,2026-07-12 21:20:32 UTC,332.81,0.3144,0.0042,0.0,-0.0008,-0.08,-19.08,STOP_LOSS_HIT,0.1536
1704,TRUMP_USDT,LONG,StochasticRSI(MICRO_BURST-LONG),2,0.2,1.569,1.565,1.571,1.565,2026-07-12 21:25:59 UTC,2026-07-12 21:32:53 UTC,413.85,0.3138,0.0042,0.0,-0.0008,-0.08,-19.12,STOP_LOSS_HIT,0.1528
1705,TRUMP_USDT,LONG,StochasticRSI(MICRO_BURST-LONG),2,0.2,1.568,1.564,1.57,1.564,2026-07-12 21:35:59 UTC,2026-07-12 21:47:33 UTC,693.06,0.3136,0.0042,0.0,-0.0008,-0.08,-19.13,STOP_LOSS_HIT,0.152
1706,TRUMP_USDT,LONG,StochasticRSI(MICRO_BURST-LONG),2,0.2,1.563,1.565,1.565,1.559,2026-07-12 21:50:59 UTC,2026-07-12 21:58:49 UTC,469.39,0.3126,0.0042,0.0,0.0004,0.04,9.6,MIN_PROFIT_TP_HIT,0.1524
1707,TRUMP_USDT,LONG,StochasticRSI(MICRO_BURST-LONG),2,0.2,1.554,1.556,1.556,1.55,2026-07-12 22:07:59 UTC,2026-07-12 22:10:59 UTC,179.04,0.3108,0.0041,0.0,0.0004,0.04,9.65,MIN_PROFIT_TP_HIT,0.1528
1708,TRUMP_USDT,SHORT,StochasticRSI(MICRO_BURST-SHORT),2,0.2,1.552,1.55,1.55,1.556,2026-07-12 22:12:59 UTC,2026-07-12 22:17:55 UTC,295.18,0.3104,0.0041,0.0,0.0004,0.04,9.66,MIN_PROFIT_TP_HIT,0.1532
1709,TRUMP_USDT,SHORT,StochasticRSI(MICRO_BURST-SHORT),2,0.2,1.552,1.55,1.55,1.556,2026-07-12 22:26:59 UTC,2026-07-12 22:34:27 UTC,447.6,0.3104,0.0041,0.0,0.0004,0.04,9.66,MIN_PROFIT_TP_HIT,0.1536
1710,TRUMP_USDT,LONG,StochasticRSI(MICRO_BURST-LONG),2,0.2,1.548,1.55,1.55,1.544,2026-07-12 22:41:59 UTC,2026-07-12 22:43:33 UTC,93.66,0.3096,0.0041,0.0,0.0004,0.04,9.69,MIN_PROFIT_TP_HIT,0.154
1711,TRUMP_USDT,LONG,StochasticRSI(MICRO_BURST-LONG),2,0.2,1.549,1.545,1.551,1.545,2026-07-12 22:44:59 UTC,2026-07-12 22:46:06 UTC,66.9,0.3098,0.0041,0.0,-0.0008,-0.08,-19.37,STOP_LOSS_HIT,0.1532
1712,TRUMP_USDT,SHORT,StochasticRSI(MICRO_BURST-SHORT),2,0.2,1.55,1.554,1.548,1.554,2026-07-12 22:56:59 UTC,2026-07-12 22:57:34 UTC,34.51,0.31,0.0041,0.0,-0.0008,-0.08,-19.35,STOP_LOSS_HIT,0.1524
1713,TRUMP_USDT,LONG,StochasticRSI(MICRO_BURST-LONG),2,0.2,1.551,1.553,1.553,1.547,2026-07-12 23:07:59 UTC,2026-07-12 23:18:51 UTC,651.29,0.3102,0.0041,0.0,0.0004,0.04,9.67,MIN_PROFIT_TP_HIT,0.1528
1714,TRUMP_USDT,SHORT,StochasticRSI(MICRO_BURST-SHORT),2,0.2,1.552,1.556,1.55,1.556,2026-07-12 23:23:59 UTC,2026-07-12 23:32:34 UTC,514.57,0.3104,0.0041,0.0,-0.0008,-0.08,-19.33,STOP_LOSS_HIT,0.152
1715,TRUMP_USDT,SHORT,StochasticRSI(MICRO_BURST-SHORT),2,0.2,1.553,1.557,1.551,1.557,2026-07-12 23:33:59 UTC,2026-07-12 23:34:50 UTC,50.45,0.3106,0.0041,0.0,-0.0008,-0.08,-19.32,STOP_LOSS_HIT,0.1512
1716,TRUMP_USDT,LONG,StochasticRSI(MICRO_BURST-LONG),2,0.2,1.552,1.554,1.554,1.548,2026-07-12 23:39:59 UTC,2026-07-12 23:40:32 UTC,32.42,0.3104,0.0041,0.0,0.0004,0.04,9.66,MIN_PROFIT_TP_HIT,0.1516
1717,TRUMP_USDT,SHORT,StochasticRSI(MICRO_BURST-SHORT),2,0.2,1.553,1.557,1.551,1.557,2026-07-12 23:47:59 UTC,2026-07-12 23:50:23 UTC,143.01,0.3106,0.0041,0.0,-0.0008,-0.08,-19.32,STOP_LOSS_HIT,0.1508
1718,TRUMP_USDT,LONG,StochasticRSI(MICRO_BURST-LONG),2,0.2,1.556,1.558,1.558,1.552,2026-07-12 23:51:59 UTC,2026-07-12 23:52:16 UTC,16.71,0.3112,0.0041,0.0,0.0004,0.04,9.64,MIN_PROFIT_TP_HIT,0.1512
1719,TRUMP_USDT,SHORT,StochasticRSI(MICRO_BURST-SHORT),2,0.2,1.557,1.555,1.555,1.561,2026-07-12 23:56:59 UTC,2026-07-13 00:00:11 UTC,191.28,0.3114,0.0042,0.0,0.0004,0.04,9.63,MIN_PROFIT_TP_HIT,0.1516
1720,TRUMP_USDT,LONG,StochasticRSI(MICRO_BURST-LONG),2,0.2,1.563,1.565,1.565,1.559,2026-07-13 00:02:59 UTC,2026-07-13 00:04:58 UTC,118.11,0.3126,0.0042,0.0,0.0004,0.04,9.6,MIN_PROFIT_TP_HIT,0.152
1721,TRUMP_USDT,SHORT,StochasticRSI(MICRO_BURST-SHORT),2,0.2,1.561,1.565,1.559,1.565,2026-07-13 00:08:59 UTC,2026-07-13 00:09:11 UTC,11.93,0.3122,0.0042,0.0,-0.0008,-0.08,-19.22,STOP_LOSS_HIT,0.1512
1722,TRUMP_USDT,LONG,StochasticRSI(MICRO_BURST-LONG),2,0.2,1.574,1.576,1.576,1.57,2026-07-13 00:11:59 UTC,2026-07-13 00:12:06 UTC,6.74,0.3148,0.0042,0.0,0.0004,0.04,9.53,MIN_PROFIT_TP_HIT,0.1516
1723,TRUMP_USDT,SHORT,StochasticRSI(MICRO_BURST-SHORT),2,0.2,1.574,1.572,1.572,1.578,2026-07-13 00:17:59 UTC,2026-07-13 00:18:00 UTC,0.22,0.3148,0.0042,0.0,0.0004,0.04,9.53,MIN_PROFIT_TP_HIT,0.152
1724,TRUMP_USDT,LONG,StochasticRSI(MICRO_BURST-LONG),2,0.2,1.576,1.572,1.578,1.572,2026-07-13 00:21:59 UTC,2026-07-13 00:25:06 UTC,186.25,0.3152,0.0042,0.0,-0.0008,-0.08,-19.04,STOP_LOSS_HIT,0.1512
1725,TRUMP_USDT,LONG,StochasticRSI(MICRO_BURST-LONG),2,0.2,1.573,1.569,1.575,1.569,2026-07-13 00:29:59 UTC,2026-07-13 00:32:26 UTC,146.73,0.3146,0.0042,0.0,-0.0008,-0.08,-19.07,STOP_LOSS_HIT,0.1504
1726,TRUMP_USDT,LONG,StochasticRSI(MICRO_BURST-LONG),2,0.2,1.555,1.557,1.557,1.551,2026-07-13 00:42:59 UTC,2026-07-13 00:43:18 UTC,18.97,0.311,0.0041,0.0,0.0004,0.04,9.65,MIN_PROFIT_TP_HIT,0.1508
1727,TRUMP_USDT,SHORT,StochasticRSI(MICRO_BURST-SHORT),2,0.2,1.564,1.562,1.562,1.568,2026-07-13 00:48:59 UTC,2026-07-13 00:49:42 UTC,42.63,0.3128,0.0042,0.0,0.0004,0.04,9.59,MIN_PROFIT_TP_HIT,0.1512
1728,TRUMP_USDT,SHORT,StochasticRSI(MICRO_BURST-SHORT),2,0.2,1.563,1.561,1.561,1.567,2026-07-13 00:53:59 UTC,2026-07-13 00:54:08 UTC,8.67,0.3126,0.0042,0.0,0.0004,0.04,9.6,MIN_PROFIT_TP_HIT,0.1516
1729,TRUMP_USDT,SHORT,StochasticRSI(MICRO_BURST-SHORT),2,0.2,1.559,1.557,1.557,1.563,2026-07-13 01:06:59 UTC,2026-07-13 01:08:44 UTC,104.18,0.3118,0.0042,0.0,0.0004,0.04,9.62,MIN_PROFIT_TP_HIT,0.152
1730,TRUMP_USDT,LONG,StochasticRSI(MICRO_BURST-LONG),2,0.2,1.555,1.557,1.557,1.551,2026-07-13 01:11:59 UTC,2026-07-13 01:12:25 UTC,25.49,0.311,0.0041,0.0,0.0004,0.04,9.65,MIN_PROFIT_TP_HIT,0.1524
1731,TRUMP_USDT,SHORT,StochasticRSI(MICRO_BURST-SHORT),2,0.2,1.552,1.55,1.55,1.556,2026-07-13 01:17:59 UTC,2026-07-13 01:19:05 UTC,65.25,0.3104,0.0041,0.0,0.0004,0.04,9.66,MIN_PROFIT_TP_HIT,0.1528
1732,TRUMP_USDT,LONG,StochasticRSI(MICRO_BURST-LONG),2,0.2,1.555,1.551,1.557,1.551,2026-07-13 01:22:59 UTC,2026-07-13 01:31:54 UTC,534.66,0.311,0.0041,0.0,-0.0008,-0.08,-19.29,STOP_LOSS_HIT,0.152
1733,TRUMP_USDT,LONG,StochasticRSI(MICRO_BURST-LONG),2,0.2,1.549,1.551,1.551,1.545,2026-07-13 01:33:59 UTC,2026-07-13 01:34:44 UTC,44.99,0.3098,0.0041,0.0,0.0004,0.04,9.68,MIN_PROFIT_TP_HIT,0.1524
1734,TRUMP_USDT,SHORT,StochasticRSI(MICRO_BURST-SHORT),2,0.2,1.553,1.551,1.551,1.557,2026-07-13 01:41:59 UTC,2026-07-13 01:42:50 UTC,50.46,0.3106,0.0041,0.0,0.0004,0.04,9.66,MIN_PROFIT_TP_HIT,0.1528
1735,TRUMP_USDT,LONG,StochasticRSI(MICRO_BURST-LONG),2,0.2,1.551,1.553,1.553,1.547,2026-07-13 01:46:59 UTC,2026-07-13 01:47:50 UTC,50.07,0.3102,0.0041,0.0,0.0004,0.04,9.67,MIN_PROFIT_TP_HIT,0.1532
1736,TRUMP_USDT,LONG,StochasticRSI(MICRO_BURST-LONG),2,0.2,1.551,1.547,1.553,1.547,2026-07-13 01:50:59 UTC,2026-07-13 01:55:29 UTC,269.02,0.3102,0.0041,0.0,-0.0008,-0.08,-19.34,STOP_LOSS_HIT,0.1524
1737,TRUMP_USDT,LONG,StochasticRSI(MICRO_BURST-LONG),2,0.2,1.537,1.539,1.539,1.533,2026-07-13 02:00:59 UTC,2026-07-13 02:03:12 UTC,132.69,0.3074,0.0041,0.0,0.0004,0.04,9.76,MIN_PROFIT_TP_HIT,0.1528
1738,TRUMP_USDT,SHORT,StochasticRSI(MICRO_BURST-SHORT),2,0.2,1.535,1.533,1.533,1.539,2026-07-13 02:05:59 UTC,2026-07-13 02:06:04 UTC,4.66,0.307,0.0041,0.0,0.0004,0.04,9.77,MIN_PROFIT_TP_HIT,0.1532
1739,TRUMP_USDT,SHORT,StochasticRSI(MICRO_BURST-SHORT),2,0.2,1.542,1.546,1.54,1.546,2026-07-13 02:19:59 UTC,2026-07-13 02:22:25 UTC,145.91,0.3084,0.0041,0.0,-0.0008,-0.08,-19.46,STOP_LOSS_HIT,0.1524
1740,TRUMP_USDT,LONG,StochasticRSI(MICRO_BURST-LONG),2,0.2,1.541,1.543,1.543,1.537,2026-07-13 02:26:59 UTC,2026-07-13 02:35:05 UTC,485.75,0.3082,0.0041,0.0,0.0004,0.04,9.73,MIN_PROFIT_TP_HIT,0.1528
1741,TRUMP_USDT,SHORT,StochasticRSI(MICRO_BURST-SHORT),2,0.2,1.542,1.54,1.54,1.546,2026-07-13 02:38:59 UTC,2026-07-13 02:40:17 UTC,77.15,0.3084,0.0041,0.0,0.0004,0.04,9.73,MIN_PROFIT_TP_HIT,0.1532
1742,TRUMP_USDT,LONG,StochasticRSI(MICRO_BURST-LONG),2,0.2,1.543,1.545,1.545,1.539,2026-07-13 02:43:59 UTC,2026-07-13 02:50:59 UTC,419.16,0.3086,0.0041,0.0,0.0004,0.04,9.72,MIN_PROFIT_TP_HIT,0.1536
1743,TRUMP_USDT,LONG,StochasticRSI(MICRO_BURST-LONG),2,0.2,1.541,1.537,1.543,1.537,2026-07-13 02:59:59 UTC,2026-07-13 03:03:04 UTC,184.78,0.3082,0.0041,0.0,-0.0008,-0.08,-19.47,STOP_LOSS_HIT,0.1528
1744,TRUMP_USDT,LONG,StochasticRSI(MICRO_BURST-LONG),2,0.2,1.531,1.533,1.533,1.527,2026-07-13 03:13:59 UTC,2026-07-13 03:14:55 UTC,55.51,0.3062,0.0041,0.0,0.0004,0.04,9.8,MIN_PROFIT_TP_HIT,0.1532
1745,TRUMP_USDT,SHORT,StochasticRSI(MICRO_BURST-SHORT),2,0.2,1.535,1.533,1.533,1.539,2026-07-13 03:17:59 UTC,2026-07-13 03:18:02 UTC,2.66,0.307,0.0041,0.0,0.0004,0.04,9.77,MIN_PROFIT_TP_HIT,0.1536
1746,TRUMP_USDT,LONG,StochasticRSI(MICRO_BURST-LONG),2,0.2,1.53,1.532,1.532,1.526,2026-07-13 03:24:59 UTC,2026-07-13 03:26:06 UTC,66.29,0.306,0.0041,0.0,0.0004,0.04,9.8,MIN_PROFIT_TP_HIT,0.154
1747,TRUMP_USDT,SHORT,StochasticRSI(MICRO_BURST-SHORT),2,0.2,1.535,1.533,1.533,1.539,2026-07-13 03:29:59 UTC,2026-07-13 03:30:39 UTC,39.64,0.307,0.0041,0.0,0.0004,0.04,9.77,MIN_PROFIT_TP_HIT,0.1544
1748,TRUMP_USDT,SHORT,StochasticRSI(MICRO_BURST-SHORT),2,0.2,1.529,1.527,1.527,1.533,2026-07-13 03:31:59 UTC,2026-07-13 03:32:31 UTC,31.08,0.3058,0.0041,0.0,0.0004,0.04,9.81,MIN_PROFIT_TP_HIT,0.1548
1749,TRUMP_USDT,LONG,StochasticRSI(MICRO_BURST-LONG),2,0.2,1.528,1.524,1.53,1.524,2026-07-13 03:36:59 UTC,2026-07-13 03:37:12 UTC,12.13,0.3056,0.0041,0.0,-0.0008,-0.08,-19.63,STOP_LOSS_HIT,0.154
1750,TRUMP_USDT,SHORT,StochasticRSI(MICRO_BURST-SHORT),2,0.2,1.536,1.534,1.534,1.54,2026-07-13 03:55:59 UTC,2026-07-13 04:03:34 UTC,454.66,0.3072,0.0041,0.0,0.0004,0.04,9.77,MIN_PROFIT_TP_HIT,0.1544
1751,TRUMP_USDT,LONG,StochasticRSI(MICRO_BURST-LONG),2,0.2,1.534,1.536,1.536,1.53,2026-07-13 04:08:59 UTC,2026-07-13 04:09:20 UTC,20.86,0.3068,0.0041,0.0,0.0004,0.04,9.78,MIN_PROFIT_TP_HIT,0.1548
1752,TRUMP_USDT,SHORT,StochasticRSI(MICRO_BURST-SHORT),2,0.2,1.533,1.537,1.531,1.537,2026-07-13 04:14:59 UTC,2026-07-13 04:15:00 UTC,0.42,0.3066,0.0041,0.0,-0.0008,-0.08,-19.57,STOP_LOSS_HIT,0.154
1753,TRUMP_USDT,SHORT,StochasticRSI(MICRO_BURST-SHORT),2,0.2,1.538,1.536,1.536,1.542,2026-07-13 04:21:59 UTC,2026-07-13 04:24:23 UTC,143.7,0.3076,0.0041,0.0,0.0004,0.04,9.75,MIN_PROFIT_TP_HIT,0.1544
1754,TRUMP_USDT,SHORT,StochasticRSI(MICRO_BURST-SHORT),2,0.2,1.537,1.535,1.535,1.541,2026-07-13 04:25:59 UTC,2026-07-13 04:33:39 UTC,459.37,0.3074,0.0041,0.0,0.0004,0.04,9.76,MIN_PROFIT_TP_HIT,0.1548
1755,TRUMP_USDT,SHORT,StochasticRSI(MICRO_BURST-SHORT),2,0.2,1.539,1.537,1.537,1.543,2026-07-13 04:42:59 UTC,2026-07-13 04:54:26 UTC,686.97,0.3078,0.0041,0.0,0.0004,0.04,9.75,MIN_PROFIT_TP_HIT,0.1552
1756,TRUMP_USDT,LONG,StochasticRSI(MICRO_BURST-LONG),2,0.2,1.534,1.536,1.536,1.53,2026-07-13 05:02:59 UTC,2026-07-13 05:03:12 UTC,12.41,0.3068,0.0041,0.0,0.0004,0.04,9.78,MIN_PROFIT_TP_HIT,0.1556
1757,TRUMP_USDT,SHORT,StochasticRSI(MICRO_BURST-SHORT),2,0.2,1.537,1.541,1.535,1.541,2026-07-13 05:06:59 UTC,2026-07-13 05:11:04 UTC,244.3,0.3074,0.0041,0.0,-0.0008,-0.08,-19.52,STOP_LOSS_HIT,0.1548
1758,TRUMP_USDT,SHORT,StochasticRSI(MICRO_BURST-SHORT),2,0.2,1.539,1.537,1.537,1.543,2026-07-13 05:13:59 UTC,2026-07-13 05:14:34 UTC,34.16,0.3078,0.0041,0.0,0.0004,0.04,9.75,MIN_PROFIT_TP_HIT,0.1552
1759,TRUMP_USDT,LONG,StochasticRSI(MICRO_BURST-LONG),2,0.2,1.537,1.539,1.539,1.533,2026-07-13 05:17:59 UTC,2026-07-13 05:18:08 UTC,8.47,0.3074,0.0041,0.0,0.0004,0.04,9.76,MIN_PROFIT_TP_HIT,0.1556
1760,TRUMP_USDT,LONG,StochasticRSI(MICRO_BURST-LONG),2,0.2,1.534,1.536,1.536,1.53,2026-07-13 05:25:59 UTC,2026-07-13 05:30:08 UTC,248.56,0.3068,0.0041,0.0,0.0004,0.04,9.78,MIN_PROFIT_TP_HIT,0.156
1761,TRUMP_USDT,SHORT,StochasticRSI(MICRO_BURST-SHORT),2,0.2,1.542,1.546,1.54,1.546,2026-07-13 05:37:59 UTC,2026-07-13 06:00:37 UTC,1357.28,0.3084,0.0041,0.0,-0.0008,-0.08,-19.46,STOP_LOSS_HIT,0.1552
1762,TRUMP_USDT,LONG,StochasticRSI(MICRO_BURST-LONG),2,0.2,1.543,1.545,1.545,1.539,2026-07-13 06:10:59 UTC,2026-07-13 06:21:28 UTC,628.74,0.3086,0.0041,0.0,0.0004,0.04,9.72,MIN_PROFIT_TP_HIT,0.1556
1763,TRUMP_USDT,LONG,StochasticRSI(MICRO_BURST-LONG),2,0.2,1.546,1.548,1.548,1.542,2026-07-13 06:36:59 UTC,2026-07-13 06:37:33 UTC,33.46,0.3092,0.0041,0.0,0.0004,0.04,9.7,MIN_PROFIT_TP_HIT,0.156
1764,TRUMP_USDT,LONG,StochasticRSI(MICRO_BURST-LONG),2,0.2,1.548,1.55,1.55,1.544,2026-07-13 06:38:59 UTC,2026-07-13 06:43:01 UTC,241.73,0.3096,0.0041,0.0,0.0004,0.04,9.69,MIN_PROFIT_TP_HIT,0.1564
1765,TRUMP_USDT,SHORT,StochasticRSI(MICRO_BURST-SHORT),2,0.2,1.549,1.547,1.547,1.553,2026-07-13 06:45:59 UTC,2026-07-13 06:49:36 UTC,216.19,0.3098,0.0041,0.0,0.0004,0.04,9.68,MIN_PROFIT_TP_HIT,0.1568
1766,TRUMP_USDT,LONG,StochasticRSI(MICRO_BURST-LONG),2,0.2,1.546,1.548,1.548,1.542,2026-07-13 06:55:59 UTC,2026-07-13 07:00:03 UTC,243.96,0.3092,0.0041,0.0,0.0004,0.04,9.7,MIN_PROFIT_TP_HIT,0.1572
1767,TRUMP_USDT,SHORT,StochasticRSI(MICRO_BURST-SHORT),2,0.2,1.544,1.548,1.542,1.548,2026-07-13 07:01:59 UTC,2026-07-13 07:03:50 UTC,110.64,0.3088,0.0041,0.0,-0.0008,-0.08,-19.43,STOP_LOSS_HIT,0.1564
1768,TRUMP_USDT,SHORT,StochasticRSI(MICRO_BURST-SHORT),2,0.2,1.549,1.547,1.547,1.553,2026-07-13 07:07:59 UTC,2026-07-13 07:17:35 UTC,575.42,0.3098,0.0041,0.0,0.0004,0.04,9.68,MIN_PROFIT_TP_HIT,0.1568
1769,TRUMP_USDT,LONG,StochasticRSI(MICRO_BURST-LONG),2,0.2,1.544,1.546,1.546,1.54,2026-07-13 07:20:59 UTC,2026-07-13 07:21:06 UTC,6.96,0.3088,0.0041,0.0,0.0004,0.04,9.72,MIN_PROFIT_TP_HIT,0.1572
1770,TRUMP_USDT,SHORT,StochasticRSI(MICRO_BURST-SHORT),2,0.2,1.547,1.545,1.545,1.551,2026-07-13 07:29:59 UTC,2026-07-13 07:30:17 UTC,17.24,0.3094,0.0041,0.0,0.0004,0.04,9.7,MIN_PROFIT_TP_HIT,0.1576
1771,TRUMP_USDT,SHORT,StochasticRSI(MICRO_BURST-SHORT),2,0.2,1.546,1.544,1.544,1.55,2026-07-13 07:38:59 UTC,2026-07-13 07:41:08 UTC,128.64,0.3092,0.0041,0.0,0.0004,0.04,9.7,MIN_PROFIT_TP_HIT,0.158
1772,TRUMP_USDT,LONG,StochasticRSI(MICRO_BURST-LONG),2,0.2,1.543,1.545,1.545,1.539,2026-07-13 07:49:59 UTC,2026-07-13 08:01:45 UTC,705.87,0.3086,0.0041,0.0,0.0004,0.04,9.72,MIN_PROFIT_TP_HIT,0.1584
1773,TRUMP_USDT,SHORT,StochasticRSI(MICRO_BURST-SHORT),2,0.2,1.545,1.549,1.543,1.549,2026-07-13 08:03:59 UTC,2026-07-13 08:06:20 UTC,140.96,0.309,0.0041,0.0,-0.0008,-0.08,-19.42,STOP_LOSS_HIT,0.1576
1774,TRUMP_USDT,LONG,StochasticRSI(MICRO_BURST-LONG),2,0.2,1.547,1.549,1.549,1.543,2026-07-13 08:15:59 UTC,2026-07-13 08:32:09 UTC,969.44,0.3094,0.0041,0.0,0.0004,0.04,9.7,MIN_PROFIT_TP_HIT,0.158
1775,TRUMP_USDT,SHORT,StochasticRSI(MICRO_BURST-SHORT),2,0.2,1.548,1.546,1.546,1.552,2026-07-13 08:35:59 UTC,2026-07-13 08:37:42 UTC,102.66,0.3096,0.0041,0.0,0.0004,0.04,9.69,MIN_PROFIT_TP_HIT,0.1584
1776,TRUMP_USDT,LONG,StochasticRSI(MICRO_BURST-LONG),2,0.2,1.55,1.552,1.552,1.546,2026-07-13 08:40:59 UTC,2026-07-13 08:43:34 UTC,154.82,0.31,0.0041,0.0,0.0004,0.04,9.68,MIN_PROFIT_TP_HIT,0.1588
1777,TRUMP_USDT,LONG,StochasticRSI(MICRO_BURST-LONG),2,0.2,1.553,1.555,1.555,1.549,2026-07-13 08:49:59 UTC,2026-07-13 09:55:41 UTC,3941.48,0.3106,0.0041,0.0,0.0004,0.04,9.66,MIN_PROFIT_TP_HIT,0.1592
1778,TRUMP_USDT,SHORT,StochasticRSI(MICRO_BURST-SHORT),2,0.2,1.554,1.552,1.552,1.558,2026-07-13 09:57:59 UTC,2026-07-13 10:08:19 UTC,619.84,0.3108,0.0041,0.0,0.0004,0.04,9.65,MIN_PROFIT_TP_HIT,0.1596
1779,TRUMP_USDT,LONG,StochasticRSI(MICRO_BURST-LONG),2,0.2,1.553,1.549,1.555,1.549,2026-07-13 10:12:59 UTC,2026-07-13 10:42:28 UTC,1768.39,0.3106,0.0041,0.0,-0.0008,-0.08,-19.32,STOP_LOSS_HIT,0.1588
1780,TRUMP_USDT,LONG,StochasticRSI(MICRO_BURST-LONG),2,0.2,1.549,1.551,1.551,1.545,2026-07-13 10:49:59 UTC,2026-07-13 11:13:08 UTC,1388.08,0.3098,0.0041,0.0,0.0004,0.04,9.68,MIN_PROFIT_TP_HIT,0.1592
1781,TRUMP_USDT,SHORT,StochasticRSI(MICRO_BURST-SHORT),2,0.2,1.551,1.549,1.549,1.555,2026-07-13 11:15:59 UTC,2026-07-13 11:16:53 UTC,53.08,0.3102,0.0041,0.0,0.0004,0.04,9.67,MIN_PROFIT_TP_HIT,0.1596
1782,TRUMP_USDT,LONG,StochasticRSI(MICRO_BURST-LONG),2,0.2,1.551,1.553,1.553,1.547,2026-07-13 11:22:59 UTC,2026-07-13 11:33:22 UTC,622.57,0.3102,0.0041,0.0,0.0004,0.04,9.67,MIN_PROFIT_TP_HIT,0.16
1783,TRUMP_USDT,SHORT,StochasticRSI(MICRO_BURST-SHORT),2,0.2,1.551,1.549,1.549,1.555,2026-07-13 11:37:59 UTC,2026-07-13 11:52:38 UTC,878.22,0.3102,0.0041,0.0,0.0004,0.04,9.67,MIN_PROFIT_TP_HIT,0.1604
1784,TRUMP_USDT,LONG,StochasticRSI(MICRO_BURST-LONG),2,0.2,1.548,1.55,1.55,1.544,2026-07-13 11:56:59 UTC,2026-07-13 11:57:43 UTC,43.19,0.3096,0.0041,0.0,0.0004,0.04,9.69,MIN_PROFIT_TP_HIT,0.1608
1785,TRUMP_USDT,SHORT,StochasticRSI(MICRO_BURST-SHORT),2,0.2,1.548,1.552,1.546,1.552,2026-07-13 12:21:59 UTC,2026-07-13 12:25:16 UTC,196.92,0.3096,0.0041,0.0,-0.0008,-0.08,-19.38,STOP_LOSS_HIT,0.16
1786,TRUMP_USDT,SHORT,StochasticRSI(MICRO_BURST-SHORT),2,0.2,1.548,1.546,1.546,1.552,2026-07-13 12:29:59 UTC,2026-07-13 12:33:27 UTC,207.9,0.3096,0.0041,0.0,0.0004,0.04,9.69,MIN_PROFIT_TP_HIT,0.1604
1787,TRUMP_USDT,LONG,StochasticRSI(MICRO_BURST-LONG),2,0.2,1.547,1.543,1.549,1.543,2026-07-13 12:34:59 UTC,2026-07-13 12:35:36 UTC,36.15,0.3094,0.0041,0.0,-0.0008,-0.08,-19.39,STOP_LOSS_HIT,0.1596
1788,TRUMP_USDT,LONG,StochasticRSI(MICRO_BURST-LONG),2,0.2,1.547,1.549,1.549,1.543,2026-07-13 12:38:59 UTC,2026-07-13 12:48:55 UTC,595.39,0.3094,0.0041,0.0,0.0004,0.04,9.7,MIN_PROFIT_TP_HIT,0.16
1789,TRUMP_USDT,SHORT,StochasticRSI(MICRO_BURST-SHORT),2,0.2,1.548,1.546,1.546,1.552,2026-07-13 12:51:59 UTC,2026-07-13 12:53:22 UTC,82.96,0.3096,0.0041,0.0,0.0004,0.04,9.69,MIN_PROFIT_TP_HIT,0.1604
1790,TRUMP_USDT,LONG,StochasticRSI(MICRO_BURST-LONG),2,0.2,1.547,1.549,1.549,1.543,2026-07-13 12:58:59 UTC,2026-07-13 13:05:49 UTC,409.06,0.3094,0.0041,0.0,0.0004,0.04,9.7,MIN_PROFIT_TP_HIT,0.1608
1791,TRUMP_USDT,SHORT,StochasticRSI(MICRO_BURST-SHORT),2,0.2,1.546,1.544,1.544,1.55,2026-07-13 13:10:59 UTC,2026-07-13 13:19:19 UTC,499.54,0.3092,0.0041,0.0,0.0004,0.04,9.7,MIN_PROFIT_TP_HIT,0.1612
1792,TRUMP_USDT,SHORT,StochasticRSI(MICRO_BURST-SHORT),2,0.2,1.544,1.542,1.542,1.548,2026-07-13 13:26:59 UTC,2026-07-13 13:30:15 UTC,195.8,0.3088,0.0041,0.0,0.0004,0.04,9.72,MIN_PROFIT_TP_HIT,0.1616
1793,TRUMP_USDT,SHORT,StochasticRSI(MICRO_BURST-SHORT),2,0.2,1.547,1.545,1.545,1.551,2026-07-13 13:37:59 UTC,2026-07-13 13:40:00 UTC,120.44,0.3094,0.0041,0.0,0.0004,0.04,9.7,MIN_PROFIT_TP_HIT,0.162
1794,TRUMP_USDT,LONG,StochasticRSI(MICRO_BURST-LONG),2,0.2,1.539,1.541,1.541,1.535,2026-07-13 13:45:59 UTC,2026-07-13 13:46:37 UTC,37.97,0.3078,0.0041,0.0,0.0004,0.04,9.75,MIN_PROFIT_TP_HIT,0.1624
1795,TRUMP_USDT,SHORT,StochasticRSI(MICRO_BURST-SHORT),2,0.2,1.539,1.537,1.537,1.543,2026-07-13 13:52:59 UTC,2026-07-13 13:53:24 UTC,24.23,0.3078,0.0041,0.0,0.0004,0.04,9.75,MIN_PROFIT_TP_HIT,0.1628
1796,TRUMP_USDT,SHORT,StochasticRSI(MICRO_BURST-SHORT),2,0.2,1.547,1.551,1.545,1.551,2026-07-13 14:05:59 UTC,2026-07-13 14:10:22 UTC,262.02,0.3094,0.0041,0.0,-0.0008,-0.08,-19.39,STOP_LOSS_HIT,0.162
1797,TRUMP_USDT,SHORT,StochasticRSI(MICRO_BURST-SHORT),2,0.2,1.554,1.558,1.552,1.558,2026-07-13 14:13:59 UTC,2026-07-13 14:14:27 UTC,27.36,0.3108,0.0041,0.0,-0.0008,-0.08,-19.31,STOP_LOSS_HIT,0.1612
1798,TRUMP_USDT,LONG,StochasticRSI(MICRO_BURST-LONG),2,0.2,1.555,1.551,1.557,1.551,2026-07-13 14:19:59 UTC,2026-07-13 14:20:46 UTC,46.91,0.311,0.0041,0.0,-0.0008,-0.08,-19.29,STOP_LOSS_HIT,0.1604
1799,TRUMP_USDT,SHORT,StochasticRSI(MICRO_BURST-SHORT),2,0.2,1.556,1.554,1.554,1.56,2026-07-13 14:28:59 UTC,2026-07-13 14:29:40 UTC,40.28,0.3112,0.0041,0.0,0.0004,0.04,9.64,MIN_PROFIT_TP_HIT,0.1608
1800,TRUMP_USDT,LONG,StochasticRSI(MICRO_BURST-LONG),2,0.2,1.558,1.56,1.56,1.554,2026-07-13 14:46:59 UTC,2026-07-13 14:56:03 UTC,543.56,0.3116,0.0042,0.0,0.0004,0.04,9.63,MIN_PROFIT_TP_HIT,0.1612
1801,TRUMP_USDT,SHORT,StochasticRSI(MICRO_BURST-SHORT),2,0.2,1.562,1.566,1.56,1.566,2026-07-13 15:03:59 UTC,2026-07-13 15:18:07 UTC,847.28,0.3124,0.0042,0.0,-0.0008,-0.08,-19.21,STOP_LOSS_HIT,0.1604
1802,TRUMP_USDT,SHORT,StochasticRSI(MICRO_BURST-SHORT),2,0.2,1.563,1.561,1.561,1.567,2026-07-13 15:23:59 UTC,2026-07-13 15:25:54 UTC,114.35,0.3126,0.0042,0.0,0.0004,0.04,9.6,MIN_PROFIT_TP_HIT,0.1608
1803,TRUMP_USDT,LONG,StochasticRSI(MICRO_BURST-LONG),2,0.2,1.552,1.554,1.554,1.548,2026-07-13 15:37:59 UTC,2026-07-13 15:41:00 UTC,180.86,0.3104,0.0041,0.0,0.0004,0.04,9.66,MIN_PROFIT_TP_HIT,0.1612
1804,TRUMP_USDT,SHORT,StochasticRSI(MICRO_BURST-SHORT),2,0.2,1.554,1.558,1.552,1.558,2026-07-13 15:43:59 UTC,2026-07-13 16:03:24 UTC,1164.2,0.3108,0.0041,0.0,-0.0008,-0.08,-19.31,STOP_LOSS_HIT,0.1604
1805,TRUMP_USDT,SHORT,StochasticRSI(MICRO_BURST-SHORT),2,0.2,1.555,1.553,1.553,1.559,2026-07-13 16:06:59 UTC,2026-07-13 16:19:09 UTC,729.83,0.311,0.0041,0.0,0.0004,0.04,9.65,MIN_PROFIT_TP_HIT,0.1608
1806,TRUMP_USDT,LONG,StochasticRSI(MICRO_BURST-LONG),2,0.2,1.551,1.547,1.553,1.547,2026-07-13 16:22:59 UTC,2026-07-13 16:33:36 UTC,636.51,0.3102,0.0041,0.0,-0.0008,-0.08,-19.34,STOP_LOSS_HIT,0.16
1807,TRUMP_USDT,LONG,StochasticRSI(MICRO_BURST-LONG),2,0.2,1.541,1.543,1.543,1.537,2026-07-13 16:40:59 UTC,2026-07-13 16:41:27 UTC,27.09,0.3082,0.0041,0.0,0.0004,0.04,9.73,MIN_PROFIT_TP_HIT,0.1604
1808,TRUMP_USDT,SHORT,StochasticRSI(MICRO_BURST-SHORT),2,0.2,1.543,1.541,1.541,1.547,2026-07-13 16:44:59 UTC,2026-07-13 16:50:04 UTC,304.44,0.3086,0.0041,0.0,0.0004,0.04,9.72,MIN_PROFIT_TP_HIT,0.1608
1809,TRUMP_USDT,LONG,StochasticRSI(MICRO_BURST-LONG),2,0.2,1.538,1.54,1.54,1.534,2026-07-13 16:54:59 UTC,2026-07-13 16:55:40 UTC,40.91,0.3076,0.0041,0.0,0.0004,0.04,9.75,MIN_PROFIT_TP_HIT,0.1612
1810,TRUMP_USDT,SHORT,StochasticRSI(MICRO_BURST-SHORT),2,0.2,1.542,1.54,1.54,1.546,2026-07-13 17:00:59 UTC,2026-07-13 17:04:47 UTC,227.12,0.3084,0.0041,0.0,0.0004,0.04,9.73,MIN_PROFIT_TP_HIT,0.1616
1811,TRUMP_USDT,SHORT,StochasticRSI(MICRO_BURST-SHORT),2,0.2,1.543,1.541,1.541,1.547,2026-07-13 17:12:59 UTC,2026-07-13 17:13:52 UTC,52.28,0.3086,0.0041,0.0,0.0004,0.04,9.72,MIN_PROFIT_TP_HIT,0.162
1812,TRUMP_USDT,LONG,StochasticRSI(MICRO_BURST-LONG),2,0.2,1.536,1.532,1.538,1.532,2026-07-13 17:22:59 UTC,2026-07-13 17:32:08 UTC,548.75,0.3072,0.0041,0.0,-0.0008,-0.08,-19.53,STOP_LOSS_HIT,0.1612
1813,TRUMP_USDT,SHORT,StochasticRSI(MICRO_BURST-SHORT),2,0.2,1.533,1.531,1.531,1.537,2026-07-13 17:45:59 UTC,2026-07-13 17:46:31 UTC,31.2,0.3066,0.0041,0.0,0.0004,0.04,9.78,MIN_PROFIT_TP_HIT,0.1616
1814,TRUMP_USDT,SHORT,StochasticRSI(MICRO_BURST-SHORT),2,0.2,1.53,1.528,1.528,1.534,2026-07-13 17:47:59 UTC,2026-07-13 17:50:41 UTC,161.69,0.306,0.0041,0.0,0.0004,0.04,9.8,MIN_PROFIT_TP_HIT,0.162
1815,TRUMP_USDT,LONG,StochasticRSI(MICRO_BURST-LONG),2,0.2,1.523,1.525,1.525,1.519,2026-07-13 17:57:59 UTC,2026-07-13 17:58:00 UTC,0.7,0.3046,0.0041,0.0,0.0004,0.04,9.85,MIN_PROFIT_TP_HIT,0.1624
1816,TRUMP_USDT,LONG,StochasticRSI(MICRO_BURST-LONG),2,0.2,1.521,1.523,1.523,1.517,2026-07-13 18:01:59 UTC,2026-07-13 18:02:01 UTC,1.46,0.3042,0.0041,0.0,0.0004,0.04,9.86,MIN_PROFIT_TP_HIT,0.1628
1817,TRUMP_USDT,SHORT,StochasticRSI(MICRO_BURST-SHORT),2,0.2,1.525,1.523,1.523,1.529,2026-07-13 18:07:59 UTC,2026-07-13 18:09:35 UTC,95.66,0.305,0.0041,0.0,0.0004,0.04,9.84,MIN_PROFIT_TP_HIT,0.1632
1818,TRUMP_USDT,LONG,StochasticRSI(MICRO_BURST-LONG),2,0.2,1.522,1.524,1.524,1.518,2026-07-13 18:14:59 UTC,2026-07-13 18:15:09 UTC,9.53,0.3044,0.0041,0.0,0.0004,0.04,9.86,MIN_PROFIT_TP_HIT,0.1636
1819,TRUMP_USDT,SHORT,StochasticRSI(MICRO_BURST-SHORT),2,0.2,1.522,1.52,1.52,1.526,2026-07-13 18:19:59 UTC,2026-07-13 18:20:22 UTC,22.42,0.3044,0.0041,0.0,0.0004,0.04,9.86,MIN_PROFIT_TP_HIT,0.164
1820,TRUMP_USDT,LONG,StochasticRSI(MICRO_BURST-LONG),2,0.2,1.525,1.527,1.527,1.521,2026-07-13 18:23:59 UTC,2026-07-13 18:24:29 UTC,29.4,0.305,0.0041,0.0,0.0004,0.04,9.84,MIN_PROFIT_TP_HIT,0.1644
1821,TRUMP_USDT,SHORT,StochasticRSI(MICRO_BURST-SHORT),2,0.2,1.524,1.522,1.522,1.528,2026-07-13 18:27:59 UTC,2026-07-13 18:30:12 UTC,132.08,0.3048,0.0041,0.0,0.0004,0.04,9.84,MIN_PROFIT_TP_HIT,0.1648
1822,TRUMP_USDT,LONG,StochasticRSI(MICRO_BURST-LONG),2,0.2,1.523,1.525,1.525,1.519,2026-07-13 18:36:59 UTC,2026-07-13 18:43:59 UTC,419.35,0.3046,0.0041,0.0,0.0004,0.04,9.85,MIN_PROFIT_TP_HIT,0.1652
1823,TRUMP_USDT,SHORT,StochasticRSI(MICRO_BURST-SHORT),2,0.2,1.526,1.53,1.524,1.53,2026-07-13 18:46:59 UTC,2026-07-13 18:52:25 UTC,325.4,0.3052,0.0041,0.0,-0.0008,-0.08,-19.66,STOP_LOSS_HIT,0.1644
1824,TRUMP_USDT,SHORT,StochasticRSI(MICRO_BURST-SHORT),2,0.2,1.528,1.526,1.526,1.532,2026-07-13 18:53:59 UTC,2026-07-13 18:54:13 UTC,13.69,0.3056,0.0041,0.0,0.0004,0.04,9.82,MIN_PROFIT_TP_HIT,0.1648
1825,TRUMP_USDT,LONG,StochasticRSI(MICRO_BURST-LONG),2,0.2,1.524,1.526,1.526,1.52,2026-07-13 19:00:59 UTC,2026-07-13 19:02:24 UTC,84.23,0.3048,0.0041,0.0,0.0004,0.04,9.84,MIN_PROFIT_TP_HIT,0.1652
1826,TRUMP_USDT,SHORT,StochasticRSI(MICRO_BURST-SHORT),2,0.2,1.526,1.524,1.524,1.53,2026-07-13 19:07:59 UTC,2026-07-13 19:18:25 UTC,625.53,0.3052,0.0041,0.0,0.0004,0.04,9.83,MIN_PROFIT_TP_HIT,0.1656
1827,TRUMP_USDT,LONG,StochasticRSI(MICRO_BURST-LONG),2,0.2,1.525,1.527,1.527,1.521,2026-07-13 19:24:59 UTC,2026-07-13 19:30:10 UTC,310.12,0.305,0.0041,0.0,0.0004,0.04,9.84,MIN_PROFIT_TP_HIT,0.166
1828,TRUMP_USDT,SHORT,StochasticRSI(MICRO_BURST-SHORT),2,0.2,1.532,1.536,1.53,1.536,2026-07-13 19:36:59 UTC,2026-07-13 19:50:00 UTC,780.17,0.3064,0.0041,0.0,-0.0008,-0.08,-19.58,STOP_LOSS_HIT,0.1652
1829,TRUMP_USDT,LONG,StochasticRSI(MICRO_BURST-LONG),2,0.2,1.536,1.538,1.538,1.532,2026-07-13 19:51:59 UTC,2026-07-13 19:56:57 UTC,297.33,0.3072,0.0041,0.0,0.0004,0.04,9.77,MIN_PROFIT_TP_HIT,0.1656
1830,TRUMP_USDT,LONG,StochasticRSI(MICRO_BURST-LONG),2,0.2,1.535,1.531,1.537,1.531,2026-07-13 20:14:59 UTC,2026-07-13 20:17:00 UTC,120.78,0.307,0.0041,0.0,-0.0008,-0.08,-19.54,STOP_LOSS_HIT,0.1648
1831,TRUMP_USDT,LONG,StochasticRSI(MICRO_BURST-LONG),2,0.2,1.532,1.534,1.534,1.528,2026-07-13 20:22:59 UTC,2026-07-13 20:23:11 UTC,11.62,0.3064,0.0041,0.0,0.0004,0.04,9.79,MIN_PROFIT_TP_HIT,0.1652
1832,TRUMP_USDT,SHORT,StochasticRSI(MICRO_BURST-SHORT),2,0.2,1.535,1.533,1.533,1.539,2026-07-13 20:27:59 UTC,2026-07-13 20:44:04 UTC,964.71,0.307,0.0041,0.0,0.0004,0.04,9.77,MIN_PROFIT_TP_HIT,0.1656
1833,TRUMP_USDT,LONG,StochasticRSI(MICRO_BURST-LONG),2,0.2,1.532,1.534,1.534,1.528,2026-07-13 20:47:59 UTC,2026-07-13 20:55:16 UTC,436.46,0.3064,0.0041,0.0,0.0004,0.04,9.79,MIN_PROFIT_TP_HIT,0.166
1834,TRUMP_USDT,SHORT,StochasticRSI(MICRO_BURST-SHORT),2,0.2,1.534,1.532,1.532,1.538,2026-07-13 20:57:59 UTC,2026-07-13 21:00:15 UTC,135.43,0.3068,0.0041,0.0,0.0004,0.04,9.78,MIN_PROFIT_TP_HIT,0.1664
1835,TRUMP_USDT,SHORT,StochasticRSI(MICRO_BURST-SHORT),2,0.2,1.533,1.531,1.531,1.537,2026-07-13 21:01:59 UTC,2026-07-13 21:09:23 UTC,443.62,0.3066,0.0041,0.0,0.0004,0.04,9.78,MIN_PROFIT_TP_HIT,0.1668
1836,TRUMP_USDT,LONG,StochasticRSI(MICRO_BURST-LONG),2,0.2,1.53,1.532,1.532,1.526,2026-07-13 21:13:59 UTC,2026-07-13 21:14:05 UTC,5.97,0.306,0.0041,0.0,0.0004,0.04,9.8,MIN_PROFIT_TP_HIT,0.1672
1837,TRUMP_USDT,SHORT,StochasticRSI(MICRO_BURST-SHORT),2,0.2,1.534,1.532,1.532,1.538,2026-07-13 21:24:59 UTC,2026-07-13 21:25:54 UTC,54.14,0.3068,0.0041,0.0,0.0004,0.04,9.78,MIN_PROFIT_TP_HIT,0.1676
1838,TRUMP_USDT,LONG,StochasticRSI(MICRO_BURST-LONG),2,0.2,1.53,1.526,1.532,1.526,2026-07-13 21:33:59 UTC,2026-07-13 21:38:10 UTC,250.27,0.306,0.0041,0.0,-0.0008,-0.08,-19.61,STOP_LOSS_HIT,0.1668
1839,TRUMP_USDT,LONG,StochasticRSI(MICRO_BURST-LONG),2,0.2,1.523,1.525,1.525,1.519,2026-07-13 21:43:59 UTC,2026-07-13 21:47:02 UTC,182.42,0.3046,0.0041,0.0,0.0004,0.04,9.85,MIN_PROFIT_TP_HIT,0.1672
1840,TRUMP_USDT,SHORT,StochasticRSI(MICRO_BURST-SHORT),2,0.2,1.525,1.523,1.523,1.529,2026-07-13 21:50:59 UTC,2026-07-13 21:59:46 UTC,526.39,0.305,0.0041,0.0,0.0004,0.04,9.84,MIN_PROFIT_TP_HIT,0.1676
1841,TRUMP_USDT,SHORT,StochasticRSI(MICRO_BURST-SHORT),2,0.2,1.532,1.53,1.53,1.536,2026-07-13 22:05:59 UTC,2026-07-13 22:06:56 UTC,56.77,0.3064,0.0041,0.0,0.0004,0.04,9.79,MIN_PROFIT_TP_HIT,0.168
1842,TRUMP_USDT,LONG,StochasticRSI(MICRO_BURST-LONG),2,0.2,1.534,1.536,1.536,1.53,2026-07-13 22:27:59 UTC,2026-07-13 22:28:04 UTC,4.04,0.3068,0.0041,0.0,0.0004,0.04,9.78,MIN_PROFIT_TP_HIT,0.1684
1843,TRUMP_USDT,SHORT,StochasticRSI(MICRO_BURST-SHORT),2,0.2,1.535,1.533,1.533,1.539,2026-07-13 22:31:59 UTC,2026-07-13 22:32:13 UTC,13.39,0.307,0.0041,0.0,0.0004,0.04,9.77,MIN_PROFIT_TP_HIT,0.1688
1844,TRUMP_USDT,LONG,StochasticRSI(MICRO_BURST-LONG),2,0.2,1.533,1.535,1.535,1.529,2026-07-13 22:36:59 UTC,2026-07-13 22:43:57 UTC,417.6,0.3066,0.0041,0.0,0.0004,0.04,9.78,MIN_PROFIT_TP_HIT,0.1692
1845,TRUMP_USDT,SHORT,StochasticRSI(MICRO_BURST-SHORT),2,0.2,1.535,1.533,1.533,1.539,2026-07-13 22:49:59 UTC,2026-07-13 22:51:25 UTC,85.39,0.307,0.0041,0.0,0.0004,0.04,9.77,MIN_PROFIT_TP_HIT,0.1696
1846,TRUMP_USDT,LONG,StochasticRSI(MICRO_BURST-LONG),2,0.2,1.534,1.53,1.536,1.53,2026-07-13 22:56:59 UTC,2026-07-13 23:04:45 UTC,465.73,0.3068,0.0041,0.0,-0.0008,-0.08,-19.56,STOP_LOSS_HIT,0.1688
1847,TRUMP_USDT,SHORT,StochasticRSI(MICRO_BURST-SHORT),2,0.2,1.534,1.538,1.532,1.538,2026-07-13 23:23:59 UTC,2026-07-13 23:27:21 UTC,201.76,0.3068,0.0041,0.0,-0.0008,-0.08,-19.56,STOP_LOSS_HIT,0.168
1848,TRUMP_USDT,SHORT,StochasticRSI(MICRO_BURST-SHORT),2,0.2,1.539,1.543,1.537,1.543,2026-07-13 23:43:59 UTC,2026-07-13 23:49:07 UTC,307.85,0.3078,0.0041,0.0,-0.0008,-0.08,-19.49,STOP_LOSS_HIT,0.1672
1849,TRUMP_USDT,SHORT,StochasticRSI(MICRO_BURST-SHORT),2,0.2,1.543,1.541,1.541,1.547,2026-07-13 23:56:59 UTC,2026-07-14 00:06:08 UTC,548.38,0.3086,0.0041,0.0,0.0004,0.04,9.72,MIN_PROFIT_TP_HIT,0.1676
1850,TRUMP_USDT,LONG,StochasticRSI(MICRO_BURST-LONG),2,0.2,1.544,1.546,1.546,1.54,2026-07-14 00:09:59 UTC,2026-07-14 00:10:22 UTC,22.89,0.3088,0.0041,0.0,0.0004,0.04,9.72,MIN_PROFIT_TP_HIT,0.168
1851,TRUMP_USDT,SHORT,StochasticRSI(MICRO_BURST-SHORT),2,0.2,1.546,1.544,1.544,1.55,2026-07-14 00:15:59 UTC,2026-07-14 00:16:43 UTC,43.14,0.3092,0.0041,0.0,0.0004,0.04,9.7,MIN_PROFIT_TP_HIT,0.1684
1852,TRUMP_USDT,SHORT,StochasticRSI(MICRO_BURST-SHORT),2,0.2,1.547,1.545,1.545,1.551,2026-07-14 00:35:59 UTC,2026-07-14 00:36:08 UTC,8.47,0.3094,0.0041,0.0,0.0004,0.04,9.7,MIN_PROFIT_TP_HIT,0.1688
1853,TRUMP_USDT,LONG,StochasticRSI(MICRO_BURST-LONG),2,0.2,1.542,1.544,1.544,1.538,2026-07-14 00:41:59 UTC,2026-07-14 00:45:43 UTC,223.41,0.3084,0.0041,0.0,0.0004,0.04,9.73,MIN_PROFIT_TP_HIT,0.1692
1854,TRUMP_USDT,SHORT,StochasticRSI(MICRO_BURST-SHORT),2,0.2,1.545,1.549,1.543,1.549,2026-07-14 00:52:59 UTC,2026-07-14 00:55:09 UTC,129.96,0.309,0.0041,0.0,-0.0008,-0.08,-19.42,STOP_LOSS_HIT,0.1684
1855,TRUMP_USDT,SHORT,StochasticRSI(MICRO_BURST-SHORT),2,0.2,1.547,1.545,1.545,1.551,2026-07-14 01:00:59 UTC,2026-07-14 01:20:48 UTC,1188.16,0.3094,0.0041,0.0,0.0004,0.04,9.7,MIN_PROFIT_TP_HIT,0.1688
1856,TRUMP_USDT,LONG,StochasticRSI(MICRO_BURST-LONG),2,0.2,1.547,1.543,1.549,1.543,2026-07-14 01:24:59 UTC,2026-07-14 01:28:16 UTC,196.3,0.3094,0.0041,0.0,-0.0008,-0.08,-19.39,STOP_LOSS_HIT,0.168
1857,TRUMP_USDT,SHORT,StochasticRSI(MICRO_BURST-SHORT),2,0.2,1.544,1.542,1.542,1.548,2026-07-14 01:49:59 UTC,2026-07-14 01:56:17 UTC,377.81,0.3088,0.0041,0.0,0.0004,0.04,9.72,MIN_PROFIT_TP_HIT,0.1684
1858,TRUMP_USDT,LONG,StochasticRSI(MICRO_BURST-LONG),2,0.2,1.542,1.544,1.544,1.538,2026-07-14 02:00:59 UTC,2026-07-14 02:03:09 UTC,129.24,0.3084,0.0041,0.0,0.0004,0.04,9.73,MIN_PROFIT_TP_HIT,0.1688
1859,TRUMP_USDT,LONG,StochasticRSI(MICRO_BURST-LONG),2,0.2,1.539,1.535,1.541,1.535,2026-07-14 02:14:59 UTC,2026-07-14 02:23:08 UTC,488.98,0.3078,0.0041,0.0,-0.0008,-0.08,-19.49,STOP_LOSS_HIT,0.168
1860,TRUMP_USDT,SHORT,StochasticRSI(MICRO_BURST-SHORT),2,0.2,1.534,1.538,1.532,1.538,2026-07-14 02:34:59 UTC,2026-07-14 02:44:39 UTC,579.43,0.3068,0.0041,0.0,-0.0008,-0.08,-19.56,STOP_LOSS_HIT,0.1672
1861,TRUMP_USDT,SHORT,StochasticRSI(MICRO_BURST-SHORT),2,0.2,1.538,1.536,1.536,1.542,2026-07-14 02:47:59 UTC,2026-07-14 02:52:05 UTC,245.41,0.3076,0.0041,0.0,0.0004,0.04,9.75,MIN_PROFIT_TP_HIT,0.1676
1862,TRUMP_USDT,LONG,StochasticRSI(MICRO_BURST-LONG),2,0.2,1.534,1.53,1.536,1.53,2026-07-14 02:57:59 UTC,2026-07-14 03:11:26 UTC,806.04,0.3068,0.0041,0.0,-0.0008,-0.08,-19.56,STOP_LOSS_HIT,0.1668
1863,TRUMP_USDT,LONG,StochasticRSI(MICRO_BURST-LONG),2,0.2,1.53,1.526,1.532,1.526,2026-07-14 03:16:59 UTC,2026-07-14 03:21:49 UTC,289.69,0.306,0.0041,0.0,-0.0008,-0.08,-19.61,STOP_LOSS_HIT,0.166
1864,TRUMP_USDT,SHORT,StochasticRSI(MICRO_BURST-SHORT),2,0.2,1.53,1.534,1.528,1.534,2026-07-14 03:28:59 UTC,2026-07-14 03:32:06 UTC,186.82,0.306,0.0041,0.0,-0.0008,-0.08,-19.61,STOP_LOSS_HIT,0.1652
1865,TRUMP_USDT,SHORT,StochasticRSI(MICRO_BURST-SHORT),2,0.2,1.532,1.536,1.53,1.536,2026-07-14 03:33:59 UTC,2026-07-14 03:38:34 UTC,274.44,0.3064,0.0041,0.0,-0.0008,-0.08,-19.58,STOP_LOSS_HIT,0.1644
1866,TRUMP_USDT,LONG,StochasticRSI(MICRO_BURST-LONG),2,0.2,1.535,1.537,1.537,1.531,2026-07-14 03:45:59 UTC,2026-07-14 04:00:06 UTC,846.39,0.307,0.0041,0.0,0.0004,0.04,9.77,MIN_PROFIT_TP_HIT,0.1648
1867,TRUMP_USDT,SHORT,StochasticRSI(MICRO_BURST-SHORT),2,0.2,1.537,1.535,1.535,1.541,2026-07-14 04:07:59 UTC,2026-07-14 04:09:22 UTC,82.67,0.3074,0.0041,0.0,0.0004,0.04,9.76,MIN_PROFIT_TP_HIT,0.1652
1868,TRUMP_USDT,LONG,StochasticRSI(MICRO_BURST-LONG),2,0.2,1.533,1.535,1.535,1.529,2026-07-14 04:13:59 UTC,2026-07-14 04:15:57 UTC,117.15,0.3066,0.0041,0.0,0.0004,0.04,9.78,MIN_PROFIT_TP_HIT,0.1656
1869,TRUMP_USDT,SHORT,StochasticRSI(MICRO_BURST-SHORT),2,0.2,1.535,1.539,1.533,1.539,2026-07-14 04:19:59 UTC,2026-07-14 04:23:45 UTC,225.56,0.307,0.0041,0.0,-0.0008,-0.08,-19.54,STOP_LOSS_HIT,0.1648
1870,TRUMP_USDT,SHORT,StochasticRSI(MICRO_BURST-SHORT),2,0.2,1.538,1.542,1.536,1.542,2026-07-14 04:24:59 UTC,2026-07-14 04:38:02 UTC,782.28,0.3076,0.0041,0.0,-0.0008,-0.08,-19.51,STOP_LOSS_HIT,0.164
1871,TRUMP_USDT,SHORT,StochasticRSI(MICRO_BURST-SHORT),2,0.2,1.54,1.538,1.538,1.544,2026-07-14 04:39:59 UTC,2026-07-14 04:44:35 UTC,275.58,0.308,0.0041,0.0,0.0004,0.04,9.74,MIN_PROFIT_TP_HIT,0.1644
1872,TRUMP_USDT,LONG,StochasticRSI(MICRO_BURST-LONG),2,0.2,1.539,1.535,1.541,1.535,2026-07-14 04:52:59 UTC,2026-07-14 04:56:35 UTC,215.46,0.3078,0.0041,0.0,-0.0008,-0.08,-19.49,STOP_LOSS_HIT,0.1636
1873,TRUMP_USDT,LONG,StochasticRSI(MICRO_BURST-LONG),2,0.2,1.535,1.531,1.537,1.531,2026-07-14 05:03:59 UTC,2026-07-14 05:05:18 UTC,78.39,0.307,0.0041,0.0,-0.0008,-0.08,-19.54,STOP_LOSS_HIT,0.1628
1874,TRUMP_USDT,LONG,StochasticRSI(MICRO_BURST-LONG),2,0.2,1.533,1.535,1.535,1.529,2026-07-14 05:07:59 UTC,2026-07-14 05:08:37 UTC,37.87,0.3066,0.0041,0.0,0.0004,0.04,9.78,MIN_PROFIT_TP_HIT,0.1632
1875,TRUMP_USDT,SHORT,StochasticRSI(MICRO_BURST-SHORT),2,0.2,1.533,1.531,1.531,1.537,2026-07-14 05:12:59 UTC,2026-07-14 05:23:15 UTC,615.49,0.3066,0.0041,0.0,0.0004,0.04,9.78,MIN_PROFIT_TP_HIT,0.1636
1876,TRUMP_USDT,SHORT,StochasticRSI(MICRO_BURST-SHORT),2,0.2,1.533,1.531,1.531,1.537,2026-07-14 05:24:59 UTC,2026-07-14 05:43:41 UTC,1121.67,0.3066,0.0041,0.0,0.0004,0.04,9.78,MIN_PROFIT_TP_HIT,0.164
1877,TRUMP_USDT,LONG,StochasticRSI(MICRO_BURST-LONG),2,0.2,1.529,1.531,1.531,1.525,2026-07-14 05:48:59 UTC,2026-07-14 05:49:30 UTC,30.18,0.3058,0.0041,0.0,0.0004,0.04,9.81,MIN_PROFIT_TP_HIT,0.1644
1878,TRUMP_USDT,SHORT,StochasticRSI(MICRO_BURST-SHORT),2,0.2,1.534,1.532,1.532,1.538,2026-07-14 05:56:59 UTC,2026-07-14 06:03:40 UTC,400.57,0.3068,0.0041,0.0,0.0004,0.04,9.78,MIN_PROFIT_TP_HIT,0.1648
1879,TRUMP_USDT,LONG,StochasticRSI(MICRO_BURST-LONG),2,0.2,1.533,1.535,1.535,1.529,2026-07-14 06:09:59 UTC,2026-07-14 06:10:05 UTC,5.33,0.3066,0.0041,0.0,0.0004,0.04,9.78,MIN_PROFIT_TP_HIT,0.1652
1880,TRUMP_USDT,SHORT,StochasticRSI(MICRO_BURST-SHORT),2,0.2,1.539,1.537,1.537,1.543,2026-07-14 06:15:59 UTC,2026-07-14 06:28:18 UTC,738.06,0.3078,0.0041,0.0,0.0004,0.04,9.75,MIN_PROFIT_TP_HIT,0.1656
1881,TRUMP_USDT,LONG,StochasticRSI(MICRO_BURST-LONG),2,0.2,1.539,1.541,1.541,1.535,2026-07-14 06:30:59 UTC,2026-07-14 06:33:18 UTC,138.41,0.3078,0.0041,0.0,0.0004,0.04,9.75,MIN_PROFIT_TP_HIT,0.166
1882,TRUMP_USDT,SHORT,StochasticRSI(MICRO_BURST-SHORT),2,0.2,1.539,1.537,1.537,1.543,2026-07-14 06:43:59 UTC,2026-07-14 06:46:18 UTC,138.4,0.3078,0.0041,0.0,0.0004,0.04,9.75,MIN_PROFIT_TP_HIT,0.1664
1883,TRUMP_USDT,LONG,StochasticRSI(MICRO_BURST-LONG),2,0.2,1.539,1.535,1.541,1.535,2026-07-14 06:48:59 UTC,2026-07-14 06:54:51 UTC,351.55,0.3078,0.0041,0.0,-0.0008,-0.08,-19.49,STOP_LOSS_HIT,0.1656
1884,TRUMP_USDT,LONG,StochasticRSI(MICRO_BURST-LONG),2,0.2,1.532,1.534,1.534,1.528,2026-07-14 07:15:59 UTC,2026-07-14 07:21:02 UTC,302.85,0.3064,0.0041,0.0,0.0004,0.04,9.79,MIN_PROFIT_TP_HIT,0.166
1885,TRUMP_USDT,SHORT,StochasticRSI(MICRO_BURST-SHORT),2,0.2,1.536,1.534,1.534,1.54,2026-07-14 07:28:59 UTC,2026-07-14 07:31:57 UTC,177.61,0.3072,0.0041,0.0,0.0004,0.04,9.77,MIN_PROFIT_TP_HIT,0.1664
1886,TRUMP_USDT,LONG,StochasticRSI(MICRO_BURST-LONG),2,0.2,1.532,1.534,1.534,1.528,2026-07-14 07:35:59 UTC,2026-07-14 07:36:08 UTC,8.23,0.3064,0.0041,0.0,0.0004,0.04,9.79,MIN_PROFIT_TP_HIT,0.1668
1887,TRUMP_USDT,LONG,StochasticRSI(MICRO_BURST-LONG),2,0.2,1.532,1.534,1.534,1.528,2026-07-14 07:37:59 UTC,2026-07-14 07:39:30 UTC,90.71,0.3064,0.0041,0.0,0.0004,0.04,9.79,MIN_PROFIT_TP_HIT,0.1672
1888,TRUMP_USDT,SHORT,StochasticRSI(MICRO_BURST-SHORT),2,0.2,1.533,1.531,1.531,1.537,2026-07-14 07:44:59 UTC,2026-07-14 08:03:32 UTC,1112.09,0.3066,0.0041,0.0,0.0004,0.04,9.78,MIN_PROFIT_TP_HIT,0.1676
1889,TRUMP_USDT,LONG,StochasticRSI(MICRO_BURST-LONG),2,0.2,1.533,1.535,1.535,1.529,2026-07-14 08:13:59 UTC,2026-07-14 08:16:58 UTC,178.79,0.3066,0.0041,0.0,0.0004,0.04,9.78,MIN_PROFIT_TP_HIT,0.168
1890,TRUMP_USDT,SHORT,StochasticRSI(MICRO_BURST-SHORT),2,0.2,1.535,1.533,1.533,1.539,2026-07-14 08:17:59 UTC,2026-07-14 08:20:09 UTC,129.03,0.307,0.0041,0.0,0.0004,0.04,9.77,MIN_PROFIT_TP_HIT,0.1684
1891,TRUMP_USDT,LONG,StochasticRSI(MICRO_BURST-LONG),2,0.2,1.532,1.528,1.534,1.528,2026-07-14 08:25:59 UTC,2026-07-14 08:32:12 UTC,372.26,0.3064,0.0041,0.0,-0.0008,-0.08,-19.58,STOP_LOSS_HIT,0.1676
1892,TRUMP_USDT,LONG,StochasticRSI(MICRO_BURST-LONG),2,0.2,1.524,1.52,1.526,1.52,2026-07-14 08:39:59 UTC,2026-07-14 08:44:33 UTC,273.27,0.3048,0.0041,0.0,-0.0008,-0.08,-19.69,STOP_LOSS_HIT,0.1668
1893,TRUMP_USDT,LONG,StochasticRSI(MICRO_BURST-LONG),2,0.2,1.519,1.521,1.521,1.515,2026-07-14 08:48:59 UTC,2026-07-14 08:50:02 UTC,62.08,0.3038,0.0041,0.0,0.0004,0.04,9.87,MIN_PROFIT_TP_HIT,0.1672
1894,TRUMP_USDT,SHORT,StochasticRSI(MICRO_BURST-SHORT),2,0.2,1.521,1.519,1.519,1.525,2026-07-14 08:54:59 UTC,2026-07-14 08:56:32 UTC,92.06,0.3042,0.0041,0.0,0.0004,0.04,9.86,MIN_PROFIT_TP_HIT,0.1676
1895,TRUMP_USDT,SHORT,StochasticRSI(MICRO_BURST-SHORT),2,0.2,1.52,1.524,1.518,1.524,2026-07-14 08:57:59 UTC,2026-07-14 09:04:39 UTC,399.22,0.304,0.0041,0.0,-0.0008,-0.08,-19.74,STOP_LOSS_HIT,0.1668
1896,TRUMP_USDT,SHORT,StochasticRSI(MICRO_BURST-SHORT),2,0.2,1.523,1.527,1.521,1.527,2026-07-14 09:05:59 UTC,2026-07-14 09:11:17 UTC,317.89,0.3046,0.0041,0.0,-0.0008,-0.08,-19.7,STOP_LOSS_HIT,0.166
1897,TRUMP_USDT,SHORT,StochasticRSI(MICRO_BURST-SHORT),2,0.2,1.524,1.522,1.522,1.528,2026-07-14 09:14:59 UTC,2026-07-14 09:18:02 UTC,182.7,0.3048,0.0041,0.0,0.0004,0.04,9.84,MIN_PROFIT_TP_HIT,0.1664
1898,TRUMP_USDT,LONG,StochasticRSI(MICRO_BURST-LONG),2,0.2,1.52,1.522,1.522,1.516,2026-07-14 09:21:59 UTC,2026-07-14 09:23:05 UTC,65.98,0.304,0.0041,0.0,0.0004,0.04,9.87,MIN_PROFIT_TP_HIT,0.1668
1899,TRUMP_USDT,SHORT,StochasticRSI(MICRO_BURST-SHORT),2,0.2,1.521,1.519,1.519,1.525,2026-07-14 09:32:59 UTC,2026-07-14 09:36:41 UTC,221.03,0.3042,0.0041,0.0,0.0004,0.04,9.86,MIN_PROFIT_TP_HIT,0.1672
1900,TRUMP_USDT,LONG,StochasticRSI(MICRO_BURST-LONG),2,0.2,1.521,1.523,1.523,1.517,2026-07-14 09:40:59 UTC,2026-07-14 09:43:59 UTC,179.93,0.3042,0.0041,0.0,0.0004,0.04,9.86,MIN_PROFIT_TP_HIT,0.1676
1901,TRUMP_USDT,SHORT,StochasticRSI(MICRO_BURST-SHORT),2,0.2,1.523,1.527,1.521,1.527,2026-07-14 09:53:59 UTC,2026-07-14 10:10:05 UTC,965.52,0.3046,0.0041,0.0,-0.0008,-0.08,-19.7,STOP_LOSS_HIT,0.1668
1902,TRUMP_USDT,SHORT,StochasticRSI(MICRO_BURST-SHORT),2,0.2,1.528,1.526,1.526,1.532,2026-07-14 10:15:59 UTC,2026-07-14 10:28:41 UTC,761.59,0.3056,0.0041,0.0,0.0004,0.04,9.82,MIN_PROFIT_TP_HIT,0.1672
1903,TRUMP_USDT,LONG,StochasticRSI(MICRO_BURST-LONG),2,0.2,1.523,1.525,1.525,1.519,2026-07-14 10:34:59 UTC,2026-07-14 10:35:32 UTC,32.05,0.3046,0.0041,0.0,0.0004,0.04,9.85,MIN_PROFIT_TP_HIT,0.1676
1904,TRUMP_USDT,SHORT,StochasticRSI(MICRO_BURST-SHORT),2,0.2,1.525,1.523,1.523,1.529,2026-07-14 10:42:59 UTC,2026-07-14 10:51:47 UTC,527.57,0.305,0.0041,0.0,0.0004,0.04,9.84,MIN_PROFIT_TP_HIT,0.168
1905,TRUMP_USDT,LONG,StochasticRSI(MICRO_BURST-LONG),2,0.2,1.523,1.525,1.525,1.519,2026-07-14 10:52:59 UTC,2026-07-14 10:54:16 UTC,76.19,0.3046,0.0041,0.0,0.0004,0.04,9.85,MIN_PROFIT_TP_HIT,0.1684
1906,TRUMP_USDT,SHORT,StochasticRSI(MICRO_BURST-SHORT),2,0.2,1.524,1.522,1.522,1.528,2026-07-14 11:01:59 UTC,2026-07-14 11:02:26 UTC,26.31,0.3048,0.0041,0.0,0.0004,0.04,9.84,MIN_PROFIT_TP_HIT,0.1688
1907,TRUMP_USDT,SHORT,StochasticRSI(MICRO_BURST-SHORT),2,0.2,1.525,1.529,1.523,1.529,2026-07-14 11:11:59 UTC,2026-07-14 11:15:57 UTC,237.79,0.305,0.0041,0.0,-0.0008,-0.08,-19.67,STOP_LOSS_HIT,0.168
1908,TRUMP_USDT,SHORT,StochasticRSI(MICRO_BURST-SHORT),2,0.2,1.527,1.531,1.525,1.531,2026-07-14 11:17:59 UTC,2026-07-14 11:25:28 UTC,448.96,0.3054,0.0041,0.0,-0.0008,-0.08,-19.65,STOP_LOSS_HIT,0.1672
1909,TRUMP_USDT,SHORT,StochasticRSI(MICRO_BURST-SHORT),2,0.2,1.531,1.529,1.529,1.535,2026-07-14 11:36:59 UTC,2026-07-14 11:37:37 UTC,37.7,0.3062,0.0041,0.0,0.0004,0.04,9.8,MIN_PROFIT_TP_HIT,0.1676
1910,TRUMP_USDT,LONG,StochasticRSI(MICRO_BURST-LONG),2,0.2,1.529,1.531,1.531,1.525,2026-07-14 11:42:59 UTC,2026-07-14 12:03:49 UTC,1249.98,0.3058,0.0041,0.0,0.0004,0.04,9.81,MIN_PROFIT_TP_HIT,0.168
1911,TRUMP_USDT,LONG,StochasticRSI(MICRO_BURST-LONG),2,0.2,1.526,1.528,1.528,1.522,2026-07-14 12:13:59 UTC,2026-07-14 12:19:07 UTC,307.76,0.3052,0.0041,0.0,0.0004,0.04,9.83,MIN_PROFIT_TP_HIT,0.1684
1912,TRUMP_USDT,SHORT,StochasticRSI(MICRO_BURST-SHORT),2,0.2,1.53,1.528,1.528,1.534,2026-07-14 12:22:59 UTC,2026-07-14 12:23:49 UTC,49.17,0.306,0.0041,0.0,0.0004,0.04,9.8,MIN_PROFIT_TP_HIT,0.1688
1913,TRUMP_USDT,SHORT,StochasticRSI(MICRO_BURST-SHORT),2,0.2,1.531,1.529,1.529,1.535,2026-07-14 12:24:59 UTC,2026-07-14 12:28:13 UTC,193.44,0.3062,0.0041,0.0,0.0004,0.04,9.8,MIN_PROFIT_TP_HIT,0.1692
1914,TRUMP_USDT,SHORT,StochasticRSI(MICRO_BURST-SHORT),2,0.2,1.54,1.538,1.538,1.544,2026-07-14 12:35:59 UTC,2026-07-14 12:36:31 UTC,31.06,0.308,0.0041,0.0,0.0004,0.04,9.74,MIN_PROFIT_TP_HIT,0.1696
1915,TRUMP_USDT,LONG,StochasticRSI(MICRO_BURST-LONG),2,0.2,1.537,1.539,1.539,1.533,2026-07-14 12:41:59 UTC,2026-07-14 12:42:01 UTC,1.62,0.3074,0.0041,0.0,0.0004,0.04,9.76,MIN_PROFIT_TP_HIT,0.17
1916,TRUMP_USDT,SHORT,StochasticRSI(MICRO_BURST-SHORT),2,0.2,1.545,1.543,1.543,1.549,2026-07-14 12:49:59 UTC,2026-07-14 12:51:33 UTC,93.52,0.309,0.0041,0.0,0.0004,0.04,9.71,MIN_PROFIT_TP_HIT,0.1704
1917,TRUMP_USDT,LONG,StochasticRSI(MICRO_BURST-LONG),2,0.2,1.548,1.55,1.55,1.544,2026-07-14 12:56:59 UTC,2026-07-14 12:58:17 UTC,77.46,0.3096,0.0041,0.0,0.0004,0.04,9.69,MIN_PROFIT_TP_HIT,0.1708
1918,TRUMP_USDT,SHORT,StochasticRSI(MICRO_BURST-SHORT),2,0.2,1.549,1.547,1.547,1.553,2026-07-14 13:01:59 UTC,2026-07-14 13:03:00 UTC,60.12,0.3098,0.0041,0.0,0.0004,0.04,9.68,MIN_PROFIT_TP_HIT,0.1712
1919,TRUMP_USDT,LONG,StochasticRSI(MICRO_BURST-LONG),2,0.2,1.543,1.545,1.545,1.539,2026-07-14 13:07:59 UTC,2026-07-14 13:16:33 UTC,513.76,0.3086,0.0041,0.0,0.0004,0.04,9.72,MIN_PROFIT_TP_HIT,0.1716
1920,TRUMP_USDT,SHORT,StochasticRSI(MICRO_BURST-SHORT),2,0.2,1.546,1.544,1.544,1.55,2026-07-14 13:18:59 UTC,2026-07-14 13:19:42 UTC,42.12,0.3092,0.0041,0.0,0.0004,0.04,9.7,MIN_PROFIT_TP_HIT,0.172
1921,TRUMP_USDT,SHORT,StochasticRSI(MICRO_BURST-SHORT),2,0.2,1.556,1.554,1.554,1.56,2026-07-14 13:27:59 UTC,2026-07-14 13:28:22 UTC,22.32,0.3112,0.0041,0.0,0.0004,0.04,9.64,MIN_PROFIT_TP_HIT,0.1724
1922,TRUMP_USDT,LONG,StochasticRSI(MICRO_BURST-LONG),2,0.2,1.553,1.555,1.555,1.549,2026-07-14 13:31:59 UTC,2026-07-14 13:32:02 UTC,2.36,0.3106,0.0041,0.0,0.0004,0.04,9.66,MIN_PROFIT_TP_HIT,0.1728
1923,TRUMP_USDT,LONG,StochasticRSI(MICRO_BURST-LONG),2,0.2,1.553,1.555,1.555,1.549,2026-07-14 13:34:59 UTC,2026-07-14 13:35:39 UTC,39.38,0.3106,0.0041,0.0,0.0004,0.04,9.66,MIN_PROFIT_TP_HIT,0.1732
1924,TRUMP_USDT,LONG,StochasticRSI(MICRO_BURST-LONG),2,0.2,1.547,1.549,1.549,1.543,2026-07-14 13:47:59 UTC,2026-07-14 13:49:57 UTC,117.09,0.3094,0.0041,0.0,0.0004,0.04,9.7,MIN_PROFIT_TP_HIT,0.1736
1925,TRUMP_USDT,LONG,StochasticRSI(MICRO_BURST-LONG),2,0.2,1.549,1.545,1.551,1.545,2026-07-14 13:50:59 UTC,2026-07-14 13:52:56 UTC,116.56,0.3098,0.0041,0.0,-0.0008,-0.08,-19.37,STOP_LOSS_HIT,0.1728
1926,TRUMP_USDT,SHORT,StochasticRSI(MICRO_BURST-SHORT),2,0.2,1.548,1.546,1.546,1.552,2026-07-14 13:53:59 UTC,2026-07-14 13:55:06 UTC,66.33,0.3096,0.0041,0.0,0.0004,0.04,9.69,MIN_PROFIT_TP_HIT,0.1732
1927,TRUMP_USDT,SHORT,StochasticRSI(MICRO_BURST-SHORT),2,0.2,1.546,1.544,1.544,1.55,2026-07-14 13:57:59 UTC,2026-07-14 13:58:45 UTC,45.11,0.3092,0.0041,0.0,0.0004,0.04,9.7,MIN_PROFIT_TP_HIT,0.1736
1928,TRUMP_USDT,LONG,StochasticRSI(MICRO_BURST-LONG),2,0.2,1.539,1.541,1.541,1.535,2026-07-14 14:05:59 UTC,2026-07-14 14:06:14 UTC,14.73,0.3078,0.0041,0.0,0.0004,0.04,9.75,MIN_PROFIT_TP_HIT,0.174
1929,TRUMP_USDT,SHORT,StochasticRSI(MICRO_BURST-SHORT),2,0.2,1.54,1.544,1.538,1.544,2026-07-14 14:10:59 UTC,2026-07-14 14:11:52 UTC,52.67,0.308,0.0041,0.0,-0.0008,-0.08,-19.48,STOP_LOSS_HIT,0.1732
1930,TRUMP_USDT,SHORT,StochasticRSI(MICRO_BURST-SHORT),2,0.2,1.542,1.546,1.54,1.546,2026-07-14 14:16:59 UTC,2026-07-14 14:22:32 UTC,332.46,0.3084,0.0041,0.0,-0.0008,-0.08,-19.46,STOP_LOSS_HIT,0.1724
1931,TRUMP_USDT,SHORT,StochasticRSI(MICRO_BURST-SHORT),2,0.2,1.544,1.542,1.542,1.548,2026-07-14 14:24:59 UTC,2026-07-14 14:27:10 UTC,130.57,0.3088,0.0041,0.0,0.0004,0.04,9.72,MIN_PROFIT_TP_HIT,0.1728
1932,TRUMP_USDT,LONG,StochasticRSI(MICRO_BURST-LONG),2,0.2,1.545,1.541,1.547,1.541,2026-07-14 14:35:59 UTC,2026-07-14 14:37:45 UTC,105.68,0.309,0.0041,0.0,-0.0008,-0.08,-19.42,STOP_LOSS_HIT,0.172
1933,TRUMP_USDT,LONG,StochasticRSI(MICRO_BURST-LONG),2,0.2,1.542,1.544,1.544,1.538,2026-07-14 14:48:59 UTC,2026-07-14 14:52:56 UTC,236.54,0.3084,0.0041,0.0,0.0004,0.04,9.73,MIN_PROFIT_TP_HIT,0.1724
1934,TRUMP_USDT,SHORT,StochasticRSI(MICRO_BURST-SHORT),2,0.2,1.544,1.548,1.542,1.548,2026-07-14 14:57:59 UTC,2026-07-14 14:59:43 UTC,103.49,0.3088,0.0041,0.0,-0.0008,-0.08,-19.43,STOP_LOSS_HIT,0.1716
1935,TRUMP_USDT,SHORT,StochasticRSI(MICRO_BURST-SHORT),2,0.2,1.548,1.546,1.546,1.552,2026-07-14 15:03:59 UTC,2026-07-14 15:05:42 UTC,102.79,0.3096,0.0041,0.0,0.0004,0.04,9.69,MIN_PROFIT_TP_HIT,0.172
1936,TRUMP_USDT,LONG,StochasticRSI(MICRO_BURST-LONG),2,0.2,1.548,1.55,1.55,1.544,2026-07-14 15:09:59 UTC,2026-07-14 15:11:33 UTC,93.49,0.3096,0.0041,0.0,0.0004,0.04,9.69,MIN_PROFIT_TP_HIT,0.1724
1937,TRUMP_USDT,SHORT,StochasticRSI(MICRO_BURST-SHORT),2,0.2,1.549,1.553,1.547,1.553,2026-07-14 15:14:59 UTC,2026-07-14 15:29:25 UTC,865.76,0.3098,0.0041,0.0,-0.0008,-0.08,-19.37,STOP_LOSS_HIT,0.1716
1938,TRUMP_USDT,SHORT,StochasticRSI(MICRO_BURST-SHORT),2,0.2,1.557,1.555,1.555,1.561,2026-07-14 15:33:59 UTC,2026-07-14 15:38:50 UTC,290.72,0.3114,0.0042,0.0,0.0004,0.04,9.63,MIN_PROFIT_TP_HIT,0.172
1939,TRUMP_USDT,LONG,StochasticRSI(MICRO_BURST-LONG),2,0.2,1.557,1.559,1.559,1.553,2026-07-14 15:43:59 UTC,2026-07-14 15:46:20 UTC,140.5,0.3114,0.0042,0.0,0.0004,0.04,9.63,MIN_PROFIT_TP_HIT,0.1724
1940,TRUMP_USDT,SHORT,StochasticRSI(MICRO_BURST-SHORT),2,0.2,1.557,1.555,1.555,1.561,2026-07-14 15:48:59 UTC,2026-07-14 15:50:33 UTC,93.54,0.3114,0.0042,0.0,0.0004,0.04,9.63,MIN_PROFIT_TP_HIT,0.1728
1941,TRUMP_USDT,LONG,StochasticRSI(MICRO_BURST-LONG),2,0.2,1.551,1.553,1.553,1.547,2026-07-14 15:54:59 UTC,2026-07-14 15:55:17 UTC,17.22,0.3102,0.0041,0.0,0.0004,0.04,9.67,MIN_PROFIT_TP_HIT,0.1732
1942,TRUMP_USDT,LONG,StochasticRSI(MICRO_BURST-LONG),2,0.2,1.549,1.551,1.551,1.545,2026-07-14 16:01:59 UTC,2026-07-14 16:02:17 UTC,17.8,0.3098,0.0041,0.0,0.0004,0.04,9.68,MIN_PROFIT_TP_HIT,0.1736
1943,TRUMP_USDT,SHORT,StochasticRSI(MICRO_BURST-SHORT),2,0.2,1.554,1.552,1.552,1.558,2026-07-14 16:12:59 UTC,2026-07-14 16:15:10 UTC,130.06,0.3108,0.0041,0.0,0.0004,0.04,9.65,MIN_PROFIT_TP_HIT,0.174
1944,TRUMP_USDT,LONG,StochasticRSI(MICRO_BURST-LONG),2,0.2,1.554,1.556,1.556,1.55,2026-07-14 16:19:59 UTC,2026-07-14 16:31:03 UTC,663.46,0.3108,0.0041,0.0,0.0004,0.04,9.65,MIN_PROFIT_TP_HIT,0.1744
1945,TRUMP_USDT,SHORT,StochasticRSI(MICRO_BURST-SHORT),2,0.2,1.556,1.56,1.554,1.56,2026-07-14 16:34:59 UTC,2026-07-14 16:38:15 UTC,195.51,0.3112,0.0041,0.0,-0.0008,-0.08,-19.28,STOP_LOSS_HIT,0.1736
1946,TRUMP_USDT,SHORT,StochasticRSI(MICRO_BURST-SHORT),2,0.2,1.559,1.557,1.557,1.563,2026-07-14 16:43:59 UTC,2026-07-14 16:48:11 UTC,251.16,0.3118,0.0042,0.0,0.0004,0.04,9.62,MIN_PROFIT_TP_HIT,0.174
1947,TRUMP_USDT,LONG,StochasticRSI(MICRO_BURST-LONG),2,0.2,1.565,1.567,1.567,1.561,2026-07-14 16:52:59 UTC,2026-07-14 16:53:09 UTC,9.26,0.313,0.0042,0.0,0.0004,0.04,9.58,MIN_PROFIT_TP_HIT,0.1744
1948,TRUMP_USDT,LONG,StochasticRSI(MICRO_BURST-LONG),2,0.2,1.565,1.567,1.567,1.561,2026-07-14 17:01:59 UTC,2026-07-14 17:02:43 UTC,43.92,0.313,0.0042,0.0,0.0004,0.04,9.58,MIN_PROFIT_TP_HIT,0.1748
1949,TRUMP_USDT,LONG,StochasticRSI(MICRO_BURST-LONG),2,0.2,1.561,1.563,1.563,1.557,2026-07-14 17:09:59 UTC,2026-07-14 17:10:33 UTC,33.8,0.3122,0.0042,0.0,0.0004,0.04,9.61,MIN_PROFIT_TP_HIT,0.1752
1950,TRUMP_USDT,LONG,StochasticRSI(MICRO_BURST-LONG),2,0.2,1.555,1.557,1.557,1.551,2026-07-14 17:11:59 UTC,2026-07-14 17:12:29 UTC,29.7,0.311,0.0041,0.0,0.0004,0.04,9.65,MIN_PROFIT_TP_HIT,0.1756
1951,TRUMP_USDT,SHORT,StochasticRSI(MICRO_BURST-SHORT),2,0.2,1.561,1.565,1.559,1.565,2026-07-14 17:19:59 UTC,2026-07-14 17:21:34 UTC,94.84,0.3122,0.0042,0.0,-0.0008,-0.08,-19.22,STOP_LOSS_HIT,0.1748
1952,TRUMP_USDT,SHORT,StochasticRSI(MICRO_BURST-SHORT),2,0.2,1.567,1.565,1.565,1.571,2026-07-14 17:24:59 UTC,2026-07-14 17:27:09 UTC,129.21,0.3134,0.0042,0.0,0.0004,0.04,9.57,MIN_PROFIT_TP_HIT,0.1752
1953,TRUMP_USDT,SHORT,StochasticRSI(MICRO_BURST-SHORT),2,0.2,1.566,1.564,1.564,1.57,2026-07-14 17:28:59 UTC,2026-07-14 17:32:38 UTC,218.36,0.3132,0.0042,0.0,0.0004,0.04,9.58,MIN_PROFIT_TP_HIT,0.1756
1954,TRUMP_USDT,LONG,StochasticRSI(MICRO_BURST-LONG),2,0.2,1.566,1.568,1.568,1.562,2026-07-14 17:36:59 UTC,2026-07-14 17:42:41 UTC,341.87,0.3132,0.0042,0.0,0.0004,0.04,9.58,MIN_PROFIT_TP_HIT,0.176
1955,TRUMP_USDT,SHORT,StochasticRSI(MICRO_BURST-SHORT),2,0.2,1.564,1.568,1.562,1.568,2026-07-14 17:47:59 UTC,2026-07-14 17:54:47 UTC,407.29,0.3128,0.0042,0.0,-0.0008,-0.08,-19.18,STOP_LOSS_HIT,0.1752
1956,TRUMP_USDT,SHORT,StochasticRSI(MICRO_BURST-SHORT),2,0.2,1.567,1.565,1.565,1.571,2026-07-14 17:59:59 UTC,2026-07-14 18:01:46 UTC,106.68,0.3134,0.0042,0.0,0.0004,0.04,9.57,MIN_PROFIT_TP_HIT,0.1756
1957,TRUMP_USDT,LONG,StochasticRSI(MICRO_BURST-LONG),2,0.2,1.56,1.556,1.562,1.556,2026-07-14 18:05:59 UTC,2026-07-14 18:09:59 UTC,239.49,0.312,0.0042,0.0,-0.0008,-0.08,-19.23,STOP_LOSS_HIT,0.1748
1958,TRUMP_USDT,SHORT,StochasticRSI(MICRO_BURST-SHORT),2,0.2,1.555,1.559,1.553,1.559,2026-07-14 18:14:59 UTC,2026-07-14 18:25:56 UTC,656.28,0.311,0.0041,0.0,-0.0008,-0.08,-19.29,STOP_LOSS_HIT,0.174
1959,TRUMP_USDT,SHORT,StochasticRSI(MICRO_BURST-SHORT),2,0.2,1.556,1.554,1.554,1.56,2026-07-14 18:30:59 UTC,2026-07-14 18:42:24 UTC,684.14,0.3112,0.0041,0.0,0.0004,0.04,9.64,MIN_PROFIT_TP_HIT,0.1744
1960,TRUMP_USDT,LONG,StochasticRSI(MICRO_BURST-LONG),2,0.2,1.554,1.556,1.556,1.55,2026-07-14 18:44:59 UTC,2026-07-14 18:48:09 UTC,189.73,0.3108,0.0041,0.0,0.0004,0.04,9.65,MIN_PROFIT_TP_HIT,0.1748
1961,TRUMP_USDT,SHORT,StochasticRSI(MICRO_BURST-SHORT),2,0.2,1.554,1.558,1.552,1.558,2026-07-14 18:52:59 UTC,2026-07-14 18:56:08 UTC,188.16,0.3108,0.0041,0.0,-0.0008,-0.08,-19.31,STOP_LOSS_HIT,0.174
1962,TRUMP_USDT,SHORT,StochasticRSI(MICRO_BURST-SHORT),2,0.2,1.558,1.556,1.556,1.562,2026-07-14 18:59:59 UTC,2026-07-14 19:09:16 UTC,556.08,0.3116,0.0042,0.0,0.0004,0.04,9.63,MIN_PROFIT_TP_HIT,0.1744
1963,TRUMP_USDT,LONG,StochasticRSI(MICRO_BURST-LONG),2,0.2,1.552,1.554,1.554,1.548,2026-07-14 19:11:59 UTC,2026-07-14 19:12:52 UTC,52.94,0.3104,0.0041,0.0,0.0004,0.04,9.66,MIN_PROFIT_TP_HIT,0.1748
1964,TRUMP_USDT,SHORT,StochasticRSI(MICRO_BURST-SHORT),2,0.2,1.562,1.566,1.56,1.566,2026-07-14 19:25:59 UTC,2026-07-14 19:26:32 UTC,32.19,0.3124,0.0042,0.0,-0.0008,-0.08,-19.21,STOP_LOSS_HIT,0.174
1965,TRUMP_USDT,LONG,StochasticRSI(MICRO_BURST-LONG),2,0.2,1.563,1.559,1.565,1.559,2026-07-14 19:28:59 UTC,2026-07-14 19:30:00 UTC,60.7,0.3126,0.0042,0.0,-0.0008,-0.08,-19.19,STOP_LOSS_HIT,0.1732
1966,TRUMP_USDT,LONG,StochasticRSI(MICRO_BURST-LONG),2,0.2,1.557,1.559,1.559,1.553,2026-07-14 19:33:59 UTC,2026-07-14 19:34:02 UTC,2.77,0.3114,0.0042,0.0,0.0004,0.04,9.63,MIN_PROFIT_TP_HIT,0.1736
1967,TRUMP_USDT,SHORT,StochasticRSI(MICRO_BURST-SHORT),2,0.2,1.558,1.556,1.556,1.562,2026-07-14 19:39:59 UTC,2026-07-14 19:40:09 UTC,9.56,0.3116,0.0042,0.0,0.0004,0.04,9.63,MIN_PROFIT_TP_HIT,0.174
1968,TRUMP_USDT,SHORT,StochasticRSI(MICRO_BURST-SHORT),2,0.2,1.559,1.557,1.557,1.563,2026-07-14 19:49:59 UTC,2026-07-14 19:50:00 UTC,0.11,0.3118,0.0042,0.0,0.0004,0.04,9.62,MIN_PROFIT_TP_HIT,0.1744
1969,TRUMP_USDT,SHORT,StochasticRSI(MICRO_BURST-SHORT),2,0.2,1.557,1.555,1.555,1.561,2026-07-14 20:00:59 UTC,2026-07-14 20:03:00 UTC,120.13,0.3114,0.0042,0.0,0.0004,0.04,9.63,MIN_PROFIT_TP_HIT,0.1748
1970,TRUMP_USDT,LONG,StochasticRSI(MICRO_BURST-LONG),2,0.2,1.555,1.551,1.557,1.551,2026-07-14 20:07:59 UTC,2026-07-14 20:13:10 UTC,310.54,0.311,0.0041,0.0,-0.0008,-0.08,-19.29,STOP_LOSS_HIT,0.174
1971,TRUMP_USDT,LONG,StochasticRSI(MICRO_BURST-LONG),2,0.2,1.553,1.555,1.555,1.549,2026-07-14 20:16:59 UTC,2026-07-14 20:17:03 UTC,3.4,0.3106,0.0041,0.0,0.0004,0.04,9.66,MIN_PROFIT_TP_HIT,0.1744
1972,TRUMP_USDT,SHORT,StochasticRSI(MICRO_BURST-SHORT),2,0.2,1.553,1.551,1.551,1.557,2026-07-14 20:20:59 UTC,2026-07-14 20:21:07 UTC,7.28,0.3106,0.0041,0.0,0.0004,0.04,9.66,MIN_PROFIT_TP_HIT,0.1748
1973,TRUMP_USDT,SHORT,StochasticRSI(MICRO_BURST-SHORT),2,0.2,1.553,1.551,1.551,1.557,2026-07-14 20:37:59 UTC,2026-07-14 20:39:26 UTC,86.13,0.3106,0.0041,0.0,0.0004,0.04,9.66,MIN_PROFIT_TP_HIT,0.1752
1974,TRUMP_USDT,LONG,StochasticRSI(MICRO_BURST-LONG),2,0.2,1.556,1.558,1.558,1.552,2026-07-14 20:44:59 UTC,2026-07-14 20:58:23 UTC,803.53,0.3112,0.0041,0.0,0.0004,0.04,9.64,MIN_PROFIT_TP_HIT,0.1756
1975,TRUMP_USDT,LONG,StochasticRSI(MICRO_BURST-LONG),2,0.2,1.558,1.56,1.56,1.554,2026-07-14 21:06:59 UTC,2026-07-14 21:08:49 UTC,109.08,0.3116,0.0042,0.0,0.0004,0.04,9.63,MIN_PROFIT_TP_HIT,0.176
1976,TRUMP_USDT,SHORT,StochasticRSI(MICRO_BURST-SHORT),2,0.2,1.56,1.558,1.558,1.564,2026-07-14 21:10:59 UTC,2026-07-14 21:11:46 UTC,46.76,0.312,0.0042,0.0,0.0004,0.04,9.62,MIN_PROFIT_TP_HIT,0.1764
1977,TRUMP_USDT,SHORT,StochasticRSI(MICRO_BURST-SHORT),2,0.2,1.56,1.558,1.558,1.564,2026-07-14 21:18:59 UTC,2026-07-14 21:20:10 UTC,70.64,0.312,0.0042,0.0,0.0004,0.04,9.62,MIN_PROFIT_TP_HIT,0.1768
1978,TRUMP_USDT,LONG,StochasticRSI(MICRO_BURST-LONG),2,0.2,1.558,1.56,1.56,1.554,2026-07-14 21:26:59 UTC,2026-07-14 21:28:07 UTC,67.29,0.3116,0.0042,0.0,0.0004,0.04,9.63,MIN_PROFIT_TP_HIT,0.1772
1979,TRUMP_USDT,SHORT,StochasticRSI(MICRO_BURST-SHORT),2,0.2,1.559,1.563,1.557,1.563,2026-07-14 21:30:59 UTC,2026-07-14 21:43:53 UTC,773.95,0.3118,0.0042,0.0,-0.0008,-0.08,-19.24,STOP_LOSS_HIT,0.1764
1980,TRUMP_USDT,LONG,StochasticRSI(MICRO_BURST-LONG),2,0.2,1.556,1.552,1.558,1.552,2026-07-14 21:54:59 UTC,2026-07-14 22:00:33 UTC,333.34,0.3112,0.0041,0.0,-0.0008,-0.08,-19.28,STOP_LOSS_HIT,0.1756
1981,TRUMP_USDT,LONG,StochasticRSI(MICRO_BURST-LONG),2,0.2,1.548,1.55,1.55,1.544,2026-07-14 22:16:59 UTC,2026-07-14 22:19:26 UTC,146.91,0.3096,0.0041,0.0,0.0004,0.04,9.69,MIN_PROFIT_TP_HIT,0.176
1982,TRUMP_USDT,SHORT,StochasticRSI(MICRO_BURST-SHORT),2,0.2,1.553,1.557,1.551,1.557,2026-07-14 22:23:59 UTC,2026-07-14 22:33:26 UTC,566.13,0.3106,0.0041,0.0,-0.0008,-0.08,-19.32,STOP_LOSS_HIT,0.1752
1983,TRUMP_USDT,SHORT,StochasticRSI(MICRO_BURST-SHORT),2,0.2,1.559,1.557,1.557,1.563,2026-07-14 22:38:59 UTC,2026-07-14 22:54:14 UTC,914.76,0.3118,0.0042,0.0,0.0004,0.04,9.62,MIN_PROFIT_TP_HIT,0.1756
1984,TRUMP_USDT,LONG,StochasticRSI(MICRO_BURST-LONG),2,0.2,1.556,1.552,1.558,1.552,2026-07-14 22:57:59 UTC,2026-07-14 23:02:12 UTC,252.07,0.3112,0.0041,0.0,-0.0008,-0.08,-19.28,STOP_LOSS_HIT,0.1748
1985,TRUMP_USDT,LONG,StochasticRSI(MICRO_BURST-LONG),2,0.2,1.556,1.558,1.558,1.552,2026-07-14 23:04:59 UTC,2026-07-14 23:08:42 UTC,222.89,0.3112,0.0041,0.0,0.0004,0.04,9.64,MIN_PROFIT_TP_HIT,0.1752
1986,TRUMP_USDT,SHORT,StochasticRSI(MICRO_BURST-SHORT),2,0.2,1.559,1.557,1.557,1.563,2026-07-14 23:10:59 UTC,2026-07-14 23:16:56 UTC,356.92,0.3118,0.0042,0.0,0.0004,0.04,9.62,MIN_PROFIT_TP_HIT,0.1756
1987,TRUMP_USDT,LONG,StochasticRSI(MICRO_BURST-LONG),2,0.2,1.557,1.559,1.559,1.553,2026-07-14 23:20:59 UTC,2026-07-14 23:36:47 UTC,947.68,0.3114,0.0042,0.0,0.0004,0.04,9.63,MIN_PROFIT_TP_HIT,0.176
1988,TRUMP_USDT,SHORT,StochasticRSI(MICRO_BURST-SHORT),2,0.2,1.558,1.556,1.556,1.562,2026-07-14 23:43:59 UTC,2026-07-15 00:00:23 UTC,983.31,0.3116,0.0042,0.0,0.0004,0.04,9.63,MIN_PROFIT_TP_HIT,0.1764
1989,TRUMP_USDT,SHORT,StochasticRSI(MICRO_BURST-SHORT),2,0.2,1.561,1.565,1.559,1.565,2026-07-15 00:08:59 UTC,2026-07-15 00:25:29 UTC,989.66,0.3122,0.0042,0.0,-0.0008,-0.08,-19.22,STOP_LOSS_HIT,0.1756
1990,TRUMP_USDT,LONG,StochasticRSI(MICRO_BURST-LONG),2,0.2,1.566,1.568,1.568,1.562,2026-07-15 00:34:59 UTC,2026-07-15 00:36:52 UTC,112.03,0.3132,0.0042,0.0,0.0004,0.04,9.58,MIN_PROFIT_TP_HIT,0.176
1991,TRUMP_USDT,SHORT,StochasticRSI(MICRO_BURST-SHORT),2,0.2,1.569,1.567,1.567,1.573,2026-07-15 00:41:59 UTC,2026-07-15 00:42:38 UTC,38.31,0.3138,0.0042,0.0,0.0004,0.04,9.56,MIN_PROFIT_TP_HIT,0.1764
1992,TRUMP_USDT,LONG,StochasticRSI(MICRO_BURST-LONG),2,0.2,1.565,1.567,1.567,1.561,2026-07-15 00:51:59 UTC,2026-07-15 00:52:41 UTC,41.42,0.313,0.0042,0.0,0.0004,0.04,9.58,MIN_PROFIT_TP_HIT,0.1768
1993,TRUMP_USDT,SHORT,StochasticRSI(MICRO_BURST-SHORT),2,0.2,1.57,1.568,1.568,1.574,2026-07-15 01:01:59 UTC,2026-07-15 01:02:02 UTC,2.94,0.314,0.0042,0.0,0.0004,0.04,9.55,MIN_PROFIT_TP_HIT,0.1772
1994,TRUMP_USDT,SHORT,StochasticRSI(MICRO_BURST-SHORT),2,0.2,1.57,1.574,1.568,1.574,2026-07-15 01:11:59 UTC,2026-07-15 01:22:14 UTC,614.39,0.314,0.0042,0.0,-0.0008,-0.08,-19.11,STOP_LOSS_HIT,0.1764
1995,TRUMP_USDT,LONG,StochasticRSI(MICRO_BURST-LONG),2,0.2,1.573,1.569,1.575,1.569,2026-07-15 01:32:59 UTC,2026-07-15 01:37:25 UTC,265.46,0.3146,0.0042,0.0,-0.0008,-0.08,-19.07,STOP_LOSS_HIT,0.1756
1996,TRUMP_USDT,LONG,StochasticRSI(MICRO_BURST-LONG),2,0.2,1.569,1.571,1.571,1.565,2026-07-15 01:40:59 UTC,2026-07-15 01:44:36 UTC,216.19,0.3138,0.0042,0.0,0.0004,0.04,9.56,MIN_PROFIT_TP_HIT,0.176
1997,TRUMP_USDT,SHORT,StochasticRSI(MICRO_BURST-SHORT),2,0.2,1.572,1.57,1.57,1.576,2026-07-15 01:51:59 UTC,2026-07-15 01:53:07 UTC,67.38,0.3144,0.0042,0.0,0.0004,0.04,9.54,MIN_PROFIT_TP_HIT,0.1764
1998,TRUMP_USDT,LONG,StochasticRSI(MICRO_BURST-LONG),2,0.2,1.566,1.568,1.568,1.562,2026-07-15 02:01:59 UTC,2026-07-15 02:03:05 UTC,65.12,0.3132,0.0042,0.0,0.0004,0.04,9.58,MIN_PROFIT_TP_HIT,0.1768
1999,TRUMP_USDT,LONG,StochasticRSI(MICRO_BURST-LONG),2,0.2,1.565,1.561,1.567,1.561,2026-07-15 02:09:59 UTC,2026-07-15 02:13:38 UTC,218.23,0.313,0.0042,0.0,-0.0008,-0.08,-19.17,STOP_LOSS_HIT,0.176
2000,TRUMP_USDT,SHORT,StochasticRSI(MICRO_BURST-SHORT),2,0.2,1.563,1.561,1.561,1.567,2026-07-15 02:14:59 UTC,2026-07-15 02:15:37 UTC,37.51,0.3126,0.0042,0.0,0.0004,0.04,9.6,MIN_PROFIT_TP_HIT,0.1764
2001,TRUMP_USDT,LONG,StochasticRSI(MICRO_BURST-LONG),2,0.2,1.555,1.557,1.557,1.551,2026-07-15 02:23:59 UTC,2026-07-15 02:26:47 UTC,167.52,0.311,0.0041,0.0,0.0004,0.04,9.65,MIN_PROFIT_TP_HIT,0.1768
2002,TRUMP_USDT,SHORT,StochasticRSI(MICRO_BURST-SHORT),2,0.2,1.556,1.554,1.554,1.56,2026-07-15 02:30:59 UTC,2026-07-15 02:31:21 UTC,21.39,0.3112,0.0041,0.0,0.0004,0.04,9.64,MIN_PROFIT_TP_HIT,0.1772
2003,TRUMP_USDT,SHORT,StochasticRSI(MICRO_BURST-SHORT),2,0.2,1.556,1.554,1.554,1.56,2026-07-15 02:33:59 UTC,2026-07-15 02:40:13 UTC,373.58,0.3112,0.0041,0.0,0.0004,0.04,9.64,MIN_PROFIT_TP_HIT,0.1776
2004,TRUMP_USDT,LONG,StochasticRSI(MICRO_BURST-LONG),2,0.2,1.556,1.552,1.558,1.552,2026-07-15 02:45:59 UTC,2026-07-15 03:00:20 UTC,860.07,0.3112,0.0041,0.0,-0.0008,-0.08,-19.28,STOP_LOSS_HIT,0.1768
2005,TRUMP_USDT,LONG,StochasticRSI(MICRO_BURST-LONG),2,0.2,1.554,1.556,1.556,1.55,2026-07-15 03:02:59 UTC,2026-07-15 03:05:22 UTC,142.88,0.3108,0.0041,0.0,0.0004,0.04,9.65,MIN_PROFIT_TP_HIT,0.1772
2006,TRUMP_USDT,SHORT,StochasticRSI(MICRO_BURST-SHORT),2,0.2,1.557,1.561,1.555,1.561,2026-07-15 03:09:59 UTC,2026-07-15 03:20:41 UTC,641.9,0.3114,0.0042,0.0,-0.0008,-0.08,-19.27,STOP_LOSS_HIT,0.1764
2007,TRUMP_USDT,SHORT,StochasticRSI(MICRO_BURST-SHORT),2,0.2,1.562,1.56,1.56,1.566,2026-07-15 03:23:59 UTC,2026-07-15 03:24:48 UTC,48.23,0.3124,0.0042,0.0,0.0004,0.04,9.6,MIN_PROFIT_TP_HIT,0.1768
2008,TRUMP_USDT,LONG,StochasticRSI(MICRO_BURST-LONG),2,0.2,1.562,1.564,1.564,1.558,2026-07-15 03:28:59 UTC,2026-07-15 03:30:45 UTC,105.64,0.3124,0.0042,0.0,0.0004,0.04,9.6,MIN_PROFIT_TP_HIT,0.1772
2009,TRUMP_USDT,SHORT,StochasticRSI(MICRO_BURST-SHORT),2,0.2,1.565,1.563,1.563,1.569,2026-07-15 03:33:59 UTC,2026-07-15 03:35:03 UTC,63.69,0.313,0.0042,0.0,0.0004,0.04,9.58,MIN_PROFIT_TP_HIT,0.1776
2010,TRUMP_USDT,SHORT,StochasticRSI(MICRO_BURST-SHORT),2,0.2,1.565,1.563,1.563,1.569,2026-07-15 03:53:59 UTC,2026-07-15 03:57:56 UTC,236.39,0.313,0.0042,0.0,0.0004,0.04,9.58,MIN_PROFIT_TP_HIT,0.178
2011,TRUMP_USDT,LONG,StochasticRSI(MICRO_BURST-LONG),2,0.2,1.565,1.567,1.567,1.561,2026-07-15 04:01:59 UTC,2026-07-15 04:11:11 UTC,551.01,0.313,0.0042,0.0,0.0004,0.04,9.58,MIN_PROFIT_TP_HIT,0.1784
2012,TRUMP_USDT,SHORT,StochasticRSI(MICRO_BURST-SHORT),2,0.2,1.565,1.563,1.563,1.569,2026-07-15 04:14:59 UTC,2026-07-15 04:23:41 UTC,521.78,0.313,0.0042,0.0,0.0004,0.04,9.58,MIN_PROFIT_TP_HIT,0.1788
2013,TRUMP_USDT,LONG,StochasticRSI(MICRO_BURST-LONG),2,0.2,1.561,1.557,1.563,1.557,2026-07-15 04:27:59 UTC,2026-07-15 04:30:22 UTC,142.43,0.3122,0.0042,0.0,-0.0008,-0.08,-19.22,STOP_LOSS_HIT,0.178
2014,TRUMP_USDT,LONG,StochasticRSI(MICRO_BURST-LONG),2,0.2,1.56,1.562,1.562,1.556,2026-07-15 04:32:59 UTC,2026-07-15 04:36:41 UTC,221.17,0.312,0.0042,0.0,0.0004,0.04,9.62,MIN_PROFIT_TP_HIT,0.1784
2015,TRUMP_USDT,SHORT,StochasticRSI(MICRO_BURST-SHORT),2,0.2,1.56,1.558,1.558,1.564,2026-07-15 04:39:59 UTC,2026-07-15 05:00:02 UTC,1202.54,0.312,0.0042,0.0,0.0004,0.04,9.62,MIN_PROFIT_TP_HIT,0.1788
2016,TRUMP_USDT,LONG,StochasticRSI(MICRO_BURST-LONG),2,0.2,1.557,1.559,1.559,1.553,2026-07-15 05:05:59 UTC,2026-07-15 05:10:00 UTC,240.25,0.3114,0.0042,0.0,0.0004,0.04,9.63,MIN_PROFIT_TP_HIT,0.1792
2017,TRUMP_USDT,SHORT,StochasticRSI(MICRO_BURST-SHORT),2,0.2,1.556,1.554,1.554,1.56,2026-07-15 05:16:59 UTC,2026-07-15 05:21:47 UTC,287.42,0.3112,0.0041,0.0,0.0004,0.04,9.64,MIN_PROFIT_TP_HIT,0.1796
2018,TRUMP_USDT,LONG,StochasticRSI(MICRO_BURST-LONG),2,0.2,1.558,1.56,1.56,1.554,2026-07-15 05:25:59 UTC,2026-07-15 05:32:35 UTC,395.02,0.3116,0.0042,0.0,0.0004,0.04,9.63,MIN_PROFIT_TP_HIT,0.18
2019,TRUMP_USDT,SHORT,StochasticRSI(MICRO_BURST-SHORT),2,0.2,1.56,1.564,1.558,1.564,2026-07-15 05:41:59 UTC,2026-07-15 05:52:07 UTC,607.15,0.312,0.0042,0.0,-0.0008,-0.08,-19.23,STOP_LOSS_HIT,0.1792
2020,TRUMP_USDT,SHORT,StochasticRSI(MICRO_BURST-SHORT),2,0.2,1.567,1.571,1.565,1.571,2026-07-15 06:00:59 UTC,2026-07-15 06:01:16 UTC,16.07,0.3134,0.0042,0.0,-0.0008,-0.08,-19.14,STOP_LOSS_HIT,0.1784
2021,TRUMP_USDT,LONG,StochasticRSI(MICRO_BURST-LONG),2,0.2,1.57,1.572,1.572,1.566,2026-07-15 06:15:59 UTC,2026-07-15 06:16:53 UTC,53.29,0.314,0.0042,0.0,0.0004,0.04,9.55,MIN_PROFIT_TP_HIT,0.1788
2022,TRUMP_USDT,SHORT,StochasticRSI(MICRO_BURST-SHORT),2,0.2,1.571,1.575,1.569,1.575,2026-07-15 06:26:59 UTC,2026-07-15 06:33:12 UTC,372.1,0.3142,0.0042,0.0,-0.0008,-0.08,-19.1,STOP_LOSS_HIT,0.178
2023,TRUMP_USDT,SHORT,StochasticRSI(MICRO_BURST-SHORT),2,0.2,1.575,1.573,1.573,1.579,2026-07-15 06:36:59 UTC,2026-07-15 06:37:08 UTC,8.0,0.315,0.0042,0.0,0.0004,0.04,9.52,MIN_PROFIT_TP_HIT,0.1784
2024,TRUMP_USDT,LONG,StochasticRSI(MICRO_BURST-LONG),2,0.2,1.572,1.568,1.574,1.568,2026-07-15 06:45:59 UTC,2026-07-15 06:50:15 UTC,255.75,0.3144,0.0042,0.0,-0.0008,-0.08,-19.08,STOP_LOSS_HIT,0.1776
2025,TRUMP_USDT,LONG,StochasticRSI(MICRO_BURST-LONG),2,0.2,1.566,1.562,1.568,1.562,2026-07-15 06:53:59 UTC,2026-07-15 07:17:04 UTC,1384.56,0.3132,0.0042,0.0,-0.0008,-0.08,-19.16,STOP_LOSS_HIT,0.1768
2026,TRUMP_USDT,LONG,StochasticRSI(MICRO_BURST-LONG),2,0.2,1.557,1.559,1.559,1.553,2026-07-15 07:32:59 UTC,2026-07-15 07:33:42 UTC,42.64,0.3114,0.0042,0.0,0.0004,0.04,9.63,MIN_PROFIT_TP_HIT,0.1772
2027,TRUMP_USDT,SHORT,StochasticRSI(MICRO_BURST-SHORT),2,0.2,1.559,1.557,1.557,1.563,2026-07-15 07:36:59 UTC,2026-07-15 07:38:17 UTC,77.89,0.3118,0.0042,0.0,0.0004,0.04,9.62,MIN_PROFIT_TP_HIT,0.1776
2028,TRUMP_USDT,SHORT,StochasticRSI(MICRO_BURST-SHORT),2,0.2,1.564,1.562,1.562,1.568,2026-07-15 07:55:59 UTC,2026-07-15 07:58:33 UTC,153.03,0.3128,0.0042,0.0,0.0004,0.04,9.59,MIN_PROFIT_TP_HIT,0.178
2029,TRUMP_USDT,LONG,StochasticRSI(MICRO_BURST-LONG),2,0.2,1.565,1.561,1.567,1.561,2026-07-15 08:09:59 UTC,2026-07-15 08:19:37 UTC,577.78,0.313,0.0042,0.0,-0.0008,-0.08,-19.17,STOP_LOSS_HIT,0.1772
2030,TRUMP_USDT,SHORT,StochasticRSI(MICRO_BURST-SHORT),2,0.2,1.564,1.568,1.562,1.568,2026-07-15 08:32:59 UTC,2026-07-15 08:46:06 UTC,786.84,0.3128,0.0042,0.0,-0.0008,-0.08,-19.18,STOP_LOSS_HIT,0.1764
2031,TRUMP_USDT,SHORT,StochasticRSI(MICRO_BURST-SHORT),2,0.2,1.567,1.565,1.565,1.571,2026-07-15 08:48:59 UTC,2026-07-15 08:55:04 UTC,364.75,0.3134,0.0042,0.0,0.0004,0.04,9.57,MIN_PROFIT_TP_HIT,0.1768
2032,TRUMP_USDT,LONG,StochasticRSI(MICRO_BURST-LONG),2,0.2,1.563,1.565,1.565,1.559,2026-07-15 08:59:59 UTC,2026-07-15 09:04:25 UTC,265.76,0.3126,0.0042,0.0,0.0004,0.04,9.6,MIN_PROFIT_TP_HIT,0.1772
2033,TRUMP_USDT,LONG,StochasticRSI(MICRO_BURST-LONG),2,0.2,1.563,1.565,1.565,1.559,2026-07-15 09:53:59 UTC,2026-07-15 10:04:06 UTC,606.14,0.3126,0.0042,0.0,0.0004,0.04,9.6,MIN_PROFIT_TP_HIT,0.1776
2034,TRUMP_USDT,SHORT,StochasticRSI(MICRO_BURST-SHORT),2,0.2,1.565,1.563,1.563,1.569,2026-07-15 10:08:59 UTC,2026-07-15 10:13:03 UTC,243.52,0.313,0.0042,0.0,0.0004,0.04,9.58,MIN_PROFIT_TP_HIT,0.178
2035,TRUMP_USDT,LONG,StochasticRSI(MICRO_BURST-LONG),2,0.2,1.562,1.558,1.564,1.558,2026-07-15 10:21:59 UTC,2026-07-15 10:23:41 UTC,101.33,0.3124,0.0042,0.0,-0.0008,-0.08,-19.21,STOP_LOSS_HIT,0.1772
2036,TRUMP_USDT,SHORT,StochasticRSI(MICRO_BURST-SHORT),2,0.2,1.56,1.558,1.558,1.564,2026-07-15 10:24:59 UTC,2026-07-15 10:26:15 UTC,75.78,0.312,0.0042,0.0,0.0004,0.04,9.62,MIN_PROFIT_TP_HIT,0.1776
2037,TRUMP_USDT,SHORT,StochasticRSI(MICRO_BURST-SHORT),2,0.2,1.558,1.562,1.556,1.562,2026-07-15 10:33:59 UTC,2026-07-15 10:52:57 UTC,1137.14,0.3116,0.0042,0.0,-0.0008,-0.08,-19.26,STOP_LOSS_HIT,0.1768
2038,TRUMP_USDT,SHORT,StochasticRSI(MICRO_BURST-SHORT),2,0.2,1.562,1.56,1.56,1.566,2026-07-15 10:54:59 UTC,2026-07-15 11:00:04 UTC,304.38,0.3124,0.0042,0.0,0.0004,0.04,9.6,MIN_PROFIT_TP_HIT,0.1772
2039,TRUMP_USDT,SHORT,StochasticRSI(MICRO_BURST-SHORT),2,0.2,1.562,1.56,1.56,1.566,2026-07-15 11:10:59 UTC,2026-07-15 11:11:11 UTC,11.37,0.3124,0.0042,0.0,0.0004,0.04,9.6,MIN_PROFIT_TP_HIT,0.1776
2040,TRUMP_USDT,LONG,StochasticRSI(MICRO_BURST-LONG),2,0.2,1.56,1.562,1.562,1.556,2026-07-15 11:17:59 UTC,2026-07-15 11:32:32 UTC,872.26,0.312,0.0042,0.0,0.0004,0.04,9.62,MIN_PROFIT_TP_HIT,0.178
2041,TRUMP_USDT,SHORT,StochasticRSI(MICRO_BURST-SHORT),2,0.2,1.562,1.566,1.56,1.566,2026-07-15 11:41:59 UTC,2026-07-15 12:30:01 UTC,2881.29,0.3124,0.0042,0.0,-0.0008,-0.08,-19.21,STOP_LOSS_HIT,0.1772
2042,TRUMP_USDT,SHORT,StochasticRSI(MICRO_BURST-SHORT),2,0.2,1.568,1.572,1.566,1.572,2026-07-15 12:35:59 UTC,2026-07-15 12:48:12 UTC,732.61,0.3136,0.0042,0.0,-0.0008,-0.08,-19.13,STOP_LOSS_HIT,0.1764
2043,TRUMP_USDT,SHORT,StochasticRSI(MICRO_BURST-SHORT),2,0.2,1.579,1.583,1.577,1.583,2026-07-15 12:55:59 UTC,2026-07-15 12:56:19 UTC,19.49,0.3158,0.0042,0.0,-0.0008,-0.08,-19.0,STOP_LOSS_HIT,0.1756
2044,TRUMP_USDT,LONG,StochasticRSI(MICRO_BURST-LONG),2,0.2,1.585,1.587,1.587,1.581,2026-07-15 13:15:59 UTC,2026-07-15 13:16:50 UTC,50.61,0.317,0.0042,0.0,0.0004,0.04,9.46,MIN_PROFIT_TP_HIT,0.176
2045,TRUMP_USDT,LONG,StochasticRSI(MICRO_BURST-LONG),2,0.2,1.583,1.585,1.585,1.579,2026-07-15 13:28:59 UTC,2026-07-15 13:31:09 UTC,129.9,0.3166,0.0042,0.0,0.0004,0.04,9.48,MIN_PROFIT_TP_HIT,0.1764
2046,TRUMP_USDT,SHORT,StochasticRSI(MICRO_BURST-SHORT),2,0.2,1.584,1.582,1.582,1.588,2026-07-15 13:34:59 UTC,2026-07-15 13:37:17 UTC,137.1,0.3168,0.0042,0.0,0.0004,0.04,9.47,MIN_PROFIT_TP_HIT,0.1768
2047,TRUMP_USDT,LONG,StochasticRSI(MICRO_BURST-LONG),2,0.2,1.574,1.57,1.576,1.57,2026-07-15 13:50:59 UTC,2026-07-15 13:53:22 UTC,142.02,0.3148,0.0042,0.0,-0.0008,-0.08,-19.06,STOP_LOSS_HIT,0.176
2048,TRUMP_USDT,SHORT,StochasticRSI(MICRO_BURST-SHORT),2,0.2,1.576,1.58,1.574,1.58,2026-07-15 14:05:59 UTC,2026-07-15 14:08:28 UTC,148.07,0.3152,0.0042,0.0,-0.0008,-0.08,-19.04,STOP_LOSS_HIT,0.1752
2049,TRUMP_USDT,LONG,StochasticRSI(MICRO_BURST-LONG),2,0.2,1.577,1.573,1.579,1.573,2026-07-15 14:13:59 UTC,2026-07-15 14:20:17 UTC,377.36,0.3154,0.0042,0.0,-0.0008,-0.08,-19.02,STOP_LOSS_HIT,0.1744
2050,TRUMP_USDT,SHORT,StochasticRSI(MICRO_BURST-SHORT),2,0.2,1.574,1.572,1.572,1.578,2026-07-15 14:31:59 UTC,2026-07-15 14:32:06 UTC,6.5,0.3148,0.0042,0.0,0.0004,0.04,9.53,MIN_PROFIT_TP_HIT,0.1748
2051,TRUMP_USDT,SHORT,StochasticRSI(MICRO_BURST-SHORT),2,0.2,1.573,1.571,1.571,1.577,2026-07-15 14:37:59 UTC,2026-07-15 14:42:49 UTC,289.07,0.3146,0.0042,0.0,0.0004,0.04,9.54,MIN_PROFIT_TP_HIT,0.1752
2052,TRUMP_USDT,SHORT,StochasticRSI(MICRO_BURST-SHORT),2,0.2,1.575,1.573,1.573,1.579,2026-07-15 14:52:59 UTC,2026-07-15 14:53:01 UTC,1.52,0.315,0.0042,0.0,0.0004,0.04,9.52,MIN_PROFIT_TP_HIT,0.1756
2053,TRUMP_USDT,LONG,StochasticRSI(MICRO_BURST-LONG),2,0.2,1.575,1.577,1.577,1.571,2026-07-15 15:05:59 UTC,2026-07-15 15:07:36 UTC,96.48,0.315,0.0042,0.0,0.0004,0.04,9.52,MIN_PROFIT_TP_HIT,0.176
2054,TRUMP_USDT,LONG,StochasticRSI(MICRO_BURST-LONG),2,0.2,1.577,1.573,1.579,1.573,2026-07-15 15:08:59 UTC,2026-07-15 15:12:55 UTC,235.12,0.3154,0.0042,0.0,-0.0008,-0.08,-19.02,STOP_LOSS_HIT,0.1752
2055,TRUMP_USDT,LONG,StochasticRSI(MICRO_BURST-LONG),2,0.2,1.573,1.569,1.575,1.569,2026-07-15 15:18:59 UTC,2026-07-15 15:23:20 UTC,260.42,0.3146,0.0042,0.0,-0.0008,-0.08,-19.07,STOP_LOSS_HIT,0.1744
2056,TRUMP_USDT,LONG,StochasticRSI(MICRO_BURST-LONG),2,0.2,1.567,1.569,1.569,1.563,2026-07-15 15:27:59 UTC,2026-07-15 15:29:36 UTC,96.25,0.3134,0.0042,0.0,0.0004,0.04,9.57,MIN_PROFIT_TP_HIT,0.1748
2057,TRUMP_USDT,SHORT,StochasticRSI(MICRO_BURST-SHORT),2,0.2,1.568,1.572,1.566,1.572,2026-07-15 15:32:59 UTC,2026-07-15 15:39:16 UTC,376.77,0.3136,0.0042,0.0,-0.0008,-0.08,-19.13,STOP_LOSS_HIT,0.174
2058,TRUMP_USDT,LONG,StochasticRSI(MICRO_BURST-LONG),2,0.2,1.568,1.57,1.57,1.564,2026-07-15 15:50:59 UTC,2026-07-15 15:54:08 UTC,188.97,0.3136,0.0042,0.0,0.0004,0.04,9.57,MIN_PROFIT_TP_HIT,0.1744
2059,TRUMP_USDT,SHORT,StochasticRSI(MICRO_BURST-SHORT),2,0.2,1.568,1.566,1.566,1.572,2026-07-15 15:58:59 UTC,2026-07-15 16:04:41 UTC,341.49,0.3136,0.0042,0.0,0.0004,0.04,9.57,MIN_PROFIT_TP_HIT,0.1748
2060,TRUMP_USDT,LONG,StochasticRSI(MICRO_BURST-LONG),2,0.2,1.564,1.566,1.566,1.56,2026-07-15 16:08:59 UTC,2026-07-15 16:09:12 UTC,12.54,0.3128,0.0042,0.0,0.0004,0.04,9.59,MIN_PROFIT_TP_HIT,0.1752
2061,TRUMP_USDT,LONG,StochasticRSI(MICRO_BURST-LONG),2,0.2,1.559,1.561,1.561,1.555,2026-07-15 16:38:59 UTC,2026-07-15 16:39:23 UTC,23.08,0.3118,0.0042,0.0,0.0004,0.04,9.62,MIN_PROFIT_TP_HIT,0.1756
2062,TRUMP_USDT,SHORT,StochasticRSI(MICRO_BURST-SHORT),2,0.2,1.56,1.564,1.558,1.564,2026-07-15 16:45:59 UTC,2026-07-15 16:46:17 UTC,17.66,0.312,0.0042,0.0,-0.0008,-0.08,-19.23,STOP_LOSS_HIT,0.1748
2063,TRUMP_USDT,LONG,StochasticRSI(MICRO_BURST-LONG),2,0.2,1.563,1.565,1.565,1.559,2026-07-15 17:00:59 UTC,2026-07-15 17:02:17 UTC,77.09,0.3126,0.0042,0.0,0.0004,0.04,9.6,MIN_PROFIT_TP_HIT,0.1752
2064,TRUMP_USDT,LONG,StochasticRSI(MICRO_BURST-LONG),2,0.2,1.561,1.563,1.563,1.557,2026-07-15 17:14:59 UTC,2026-07-15 17:17:27 UTC,147.88,0.3122,0.0042,0.0,0.0004,0.04,9.61,MIN_PROFIT_TP_HIT,0.1756
2065,TRUMP_USDT,LONG,StochasticRSI(MICRO_BURST-LONG),2,0.2,1.561,1.563,1.563,1.557,2026-07-15 17:18:59 UTC,2026-07-15 17:19:32 UTC,32.71,0.3122,0.0042,0.0,0.0004,0.04,9.61,MIN_PROFIT_TP_HIT,0.176
2066,TRUMP_USDT,SHORT,StochasticRSI(MICRO_BURST-SHORT),2,0.2,1.565,1.569,1.563,1.569,2026-07-15 17:27:59 UTC,2026-07-15 17:43:40 UTC,940.63,0.313,0.0042,0.0,-0.0008,-0.08,-19.17,STOP_LOSS_HIT,0.1752
2067,TRUMP_USDT,SHORT,StochasticRSI(MICRO_BURST-SHORT),2,0.2,1.572,1.576,1.57,1.576,2026-07-15 17:49:59 UTC,2026-07-15 17:52:40 UTC,160.62,0.3144,0.0042,0.0,-0.0008,-0.08,-19.08,STOP_LOSS_HIT,0.1744
2068,TRUMP_USDT,LONG,StochasticRSI(MICRO_BURST-LONG),2,0.2,1.578,1.58,1.58,1.574,2026-07-15 18:00:59 UTC,2026-07-15 18:02:09 UTC,69.16,0.3156,0.0042,0.0,0.0004,0.04,9.51,MIN_PROFIT_TP_HIT,0.1748
2069,TRUMP_USDT,SHORT,StochasticRSI(MICRO_BURST-SHORT),2,0.2,1.583,1.587,1.581,1.587,2026-07-15 18:10:59 UTC,2026-07-15 18:12:39 UTC,99.7,0.3166,0.0042,0.0,-0.0008,-0.08,-18.95,STOP_LOSS_HIT,0.174
2070,TRUMP_USDT,LONG,StochasticRSI(MICRO_BURST-LONG),2,0.2,1.589,1.585,1.591,1.585,2026-07-15 18:14:59 UTC,2026-07-15 18:19:40 UTC,280.32,0.3178,0.0042,0.0,-0.0008,-0.08,-18.88,STOP_LOSS_HIT,0.1732
2071,TRUMP_USDT,LONG,StochasticRSI(MICRO_BURST-LONG),2,0.2,1.583,1.579,1.585,1.579,2026-07-15 18:24:59 UTC,2026-07-15 18:26:03 UTC,63.63,0.3166,0.0042,0.0,-0.0008,-0.08,-18.95,STOP_LOSS_HIT,0.1724
2072,TRUMP_USDT,LONG,StochasticRSI(MICRO_BURST-LONG),2,0.2,1.58,1.582,1.582,1.576,2026-07-15 18:28:59 UTC,2026-07-15 18:30:40 UTC,100.2,0.316,0.0042,0.0,0.0004,0.04,9.49,MIN_PROFIT_TP_HIT,0.1728
2073,TRUMP_USDT,SHORT,StochasticRSI(MICRO_BURST-SHORT),2,0.2,1.59,1.588,1.588,1.594,2026-07-15 18:34:59 UTC,2026-07-15 18:39:43 UTC,283.04,0.318,0.0042,0.0,0.0004,0.04,9.43,MIN_PROFIT_TP_HIT,0.1732
2074,TRUMP_USDT,LONG,StochasticRSI(MICRO_BURST-LONG),2,0.2,1.587,1.583,1.589,1.583,2026-07-15 18:43:59 UTC,2026-07-15 18:46:59 UTC,179.63,0.3174,0.0042,0.0,-0.0008,-0.08,-18.9,STOP_LOSS_HIT,0.1724
2075,TRUMP_USDT,SHORT,StochasticRSI(MICRO_BURST-SHORT),2,0.2,1.585,1.583,1.583,1.589,2026-07-15 18:52:59 UTC,2026-07-15 18:56:22 UTC,202.82,0.317,0.0042,0.0,0.0004,0.04,9.46,MIN_PROFIT_TP_HIT,0.1728
2076,TRUMP_USDT,LONG,StochasticRSI(MICRO_BURST-LONG),2,0.2,1.582,1.584,1.584,1.578,2026-07-15 19:00:59 UTC,2026-07-15 19:02:12 UTC,72.01,0.3164,0.0042,0.0,0.0004,0.04,9.48,MIN_PROFIT_TP_HIT,0.1732
2077,TRUMP_USDT,SHORT,StochasticRSI(MICRO_BURST-SHORT),2,0.2,1.584,1.582,1.582,1.588,2026-07-15 19:06:59 UTC,2026-07-15 19:08:27 UTC,87.38,0.3168,0.0042,0.0,0.0004,0.04,9.47,MIN_PROFIT_TP_HIT,0.1736
2078,TRUMP_USDT,SHORT,StochasticRSI(MICRO_BURST-SHORT),2,0.2,1.583,1.581,1.581,1.587,2026-07-15 19:19:59 UTC,2026-07-15 19:20:03 UTC,3.29,0.3166,0.0042,0.0,0.0004,0.04,9.48,MIN_PROFIT_TP_HIT,0.174
2079,TRUMP_USDT,LONG,StochasticRSI(MICRO_BURST-LONG),2,0.2,1.582,1.584,1.584,1.578,2026-07-15 19:23:59 UTC,2026-07-15 19:24:03 UTC,3.62,0.3164,0.0042,0.0,0.0004,0.04,9.48,MIN_PROFIT_TP_HIT,0.1744
2080,TRUMP_USDT,SHORT,StochasticRSI(MICRO_BURST-SHORT),2,0.2,1.587,1.585,1.585,1.591,2026-07-15 19:46:59 UTC,2026-07-15 19:48:51 UTC,111.41,0.3174,0.0042,0.0,0.0004,0.04,9.45,MIN_PROFIT_TP_HIT,0.1748
2081,TRUMP_USDT,LONG,StochasticRSI(MICRO_BURST-LONG),2,0.2,1.583,1.585,1.585,1.579,2026-07-15 19:52:59 UTC,2026-07-15 20:00:36 UTC,457.0,0.3166,0.0042,0.0,0.0004,0.04,9.48,MIN_PROFIT_TP_HIT,0.1752
2082,TRUMP_USDT,SHORT,StochasticRSI(MICRO_BURST-SHORT),2,0.2,1.587,1.585,1.585,1.591,2026-07-15 20:06:59 UTC,2026-07-15 20:09:55 UTC,175.85,0.3174,0.0042,0.0,0.0004,0.04,9.45,MIN_PROFIT_TP_HIT,0.1756
2083,TRUMP_USDT,SHORT,StochasticRSI(MICRO_BURST-SHORT),2,0.2,1.585,1.589,1.583,1.589,2026-07-15 20:14:59 UTC,2026-07-15 20:17:09 UTC,129.86,0.317,0.0042,0.0,-0.0008,-0.08,-18.93,STOP_LOSS_HIT,0.1748
2084,TRUMP_USDT,LONG,StochasticRSI(MICRO_BURST-LONG),2,0.2,1.585,1.587,1.587,1.581,2026-07-15 20:27:59 UTC,2026-07-15 20:38:09 UTC,609.6,0.317,0.0042,0.0,0.0004,0.04,9.46,MIN_PROFIT_TP_HIT,0.1752
2085,TRUMP_USDT,LONG,StochasticRSI(MICRO_BURST-LONG),2,0.2,1.586,1.582,1.588,1.582,2026-07-15 20:48:59 UTC,2026-07-15 20:56:01 UTC,421.1,0.3172,0.0042,0.0,-0.0008,-0.08,-18.92,STOP_LOSS_HIT,0.1744
2086,TRUMP_USDT,LONG,StochasticRSI(MICRO_BURST-LONG),2,0.2,1.584,1.586,1.586,1.58,2026-07-15 20:57:59 UTC,2026-07-15 21:02:53 UTC,293.22,0.3168,0.0042,0.0,0.0004,0.04,9.47,MIN_PROFIT_TP_HIT,0.1748
2087,TRUMP_USDT,SHORT,StochasticRSI(MICRO_BURST-SHORT),2,0.2,1.583,1.581,1.581,1.587,2026-07-15 21:05:59 UTC,2026-07-15 21:08:17 UTC,137.09,0.3166,0.0042,0.0,0.0004,0.04,9.48,MIN_PROFIT_TP_HIT,0.1752
2088,TRUMP_USDT,LONG,StochasticRSI(MICRO_BURST-LONG),2,0.2,1.582,1.584,1.584,1.578,2026-07-15 21:16:59 UTC,2026-07-15 21:27:04 UTC,604.4,0.3164,0.0042,0.0,0.0004,0.04,9.48,MIN_PROFIT_TP_HIT,0.1756
2089,TRUMP_USDT,LONG,StochasticRSI(MICRO_BURST-LONG),2,0.2,1.578,1.58,1.58,1.574,2026-07-15 21:40:59 UTC,2026-07-15 21:43:45 UTC,165.12,0.3156,0.0042,0.0,0.0004,0.04,9.51,MIN_PROFIT_TP_HIT,0.176
2090,TRUMP_USDT,SHORT,StochasticRSI(MICRO_BURST-SHORT),2,0.2,1.578,1.576,1.576,1.582,2026-07-15 21:44:59 UTC,2026-07-15 21:58:03 UTC,783.41,0.3156,0.0042,0.0,0.0004,0.04,9.51,MIN_PROFIT_TP_HIT,0.1764
2091,TRUMP_USDT,LONG,StochasticRSI(MICRO_BURST-LONG),2,0.2,1.578,1.58,1.58,1.574,2026-07-15 22:00:59 UTC,2026-07-15 22:02:04 UTC,64.94,0.3156,0.0042,0.0,0.0004,0.04,9.51,MIN_PROFIT_TP_HIT,0.1768
2092,TRUMP_USDT,SHORT,StochasticRSI(MICRO_BURST-SHORT),2,0.2,1.582,1.58,1.58,1.586,2026-07-15 22:04:59 UTC,2026-07-15 22:07:29 UTC,149.21,0.3164,0.0042,0.0,0.0004,0.04,9.48,MIN_PROFIT_TP_HIT,0.1772
2093,TRUMP_USDT,LONG,StochasticRSI(MICRO_BURST-LONG),2,0.2,1.583,1.585,1.585,1.579,2026-07-15 22:19:59 UTC,2026-07-15 22:29:28 UTC,568.5,0.3166,0.0042,0.0,0.0004,0.04,9.48,MIN_PROFIT_TP_HIT,0.1776
2094,TRUMP_USDT,SHORT,StochasticRSI(MICRO_BURST-SHORT),2,0.2,1.583,1.581,1.581,1.587,2026-07-15 22:32:59 UTC,2026-07-15 22:33:25 UTC,25.43,0.3166,0.0042,0.0,0.0004,0.04,9.48,MIN_PROFIT_TP_HIT,0.178
2095,TRUMP_USDT,LONG,StochasticRSI(MICRO_BURST-LONG),2,0.2,1.577,1.579,1.579,1.573,2026-07-15 22:46:59 UTC,2026-07-15 22:54:07 UTC,427.79,0.3154,0.0042,0.0,0.0004,0.04,9.51,MIN_PROFIT_TP_HIT,0.1784
2096,TRUMP_USDT,SHORT,StochasticRSI(MICRO_BURST-SHORT),2,0.2,1.583,1.581,1.581,1.587,2026-07-15 23:04:59 UTC,2026-07-15 23:05:16 UTC,16.29,0.3166,0.0042,0.0,0.0004,0.04,9.48,MIN_PROFIT_TP_HIT,0.1788
2097,TRUMP_USDT,LONG,StochasticRSI(MICRO_BURST-LONG),2,0.2,1.583,1.585,1.585,1.579,2026-07-15 23:10:59 UTC,2026-07-15 23:12:30 UTC,90.21,0.3166,0.0042,0.0,0.0004,0.04,9.48,MIN_PROFIT_TP_HIT,0.1792
2098,TRUMP_USDT,LONG,StochasticRSI(MICRO_BURST-LONG),2,0.2,1.583,1.579,1.585,1.579,2026-07-15 23:22:59 UTC,2026-07-15 23:23:43 UTC,43.77,0.3166,0.0042,0.0,-0.0008,-0.08,-18.95,STOP_LOSS_HIT,0.1784
2099,TRUMP_USDT,LONG,StochasticRSI(MICRO_BURST-LONG),2,0.2,1.582,1.578,1.584,1.578,2026-07-15 23:26:59 UTC,2026-07-15 23:40:00 UTC,780.23,0.3164,0.0042,0.0,-0.0008,-0.08,-18.96,STOP_LOSS_HIT,0.1776
2100,TRUMP_USDT,LONG,StochasticRSI(MICRO_BURST-LONG),2,0.2,1.576,1.578,1.578,1.572,2026-07-15 23:43:59 UTC,2026-07-15 23:44:24 UTC,24.19,0.3152,0.0042,0.0,0.0004,0.04,9.52,MIN_PROFIT_TP_HIT,0.178
2101,TRUMP_USDT,LONG,StochasticRSI(MICRO_BURST-LONG),2,0.2,1.578,1.58,1.58,1.574,2026-07-15 23:54:59 UTC,2026-07-15 23:59:01 UTC,241.03,0.3156,0.0042,0.0,0.0004,0.04,9.51,MIN_PROFIT_TP_HIT,0.1784
2102,TRUMP_USDT,SHORT,StochasticRSI(MICRO_BURST-SHORT),2,0.2,1.584,1.582,1.582,1.588,2026-07-16 00:05:59 UTC,2026-07-16 00:08:05 UTC,125.09,0.3168,0.0042,0.0,0.0004,0.04,9.47,MIN_PROFIT_TP_HIT,0.1788
2103,TRUMP_USDT,LONG,StochasticRSI(MICRO_BURST-LONG),2,0.2,1.588,1.584,1.59,1.584,2026-07-16 00:13:59 UTC,2026-07-16 00:16:12 UTC,132.04,0.3176,0.0042,0.0,-0.0008,-0.08,-18.89,STOP_LOSS_HIT,0.178
2104,TRUMP_USDT,LONG,StochasticRSI(MICRO_BURST-LONG),2,0.2,1.583,1.579,1.585,1.579,2026-07-16 00:26:59 UTC,2026-07-16 00:29:46 UTC,166.06,0.3166,0.0042,0.0,-0.0008,-0.08,-18.95,STOP_LOSS_HIT,0.1772
2105,TRUMP_USDT,LONG,StochasticRSI(MICRO_BURST-LONG),2,0.2,1.576,1.578,1.578,1.572,2026-07-16 00:32:59 UTC,2026-07-16 00:33:26 UTC,26.23,0.3152,0.0042,0.0,0.0004,0.04,9.52,MIN_PROFIT_TP_HIT,0.1776
2106,TRUMP_USDT,LONG,StochasticRSI(MICRO_BURST-LONG),2,0.2,1.571,1.567,1.573,1.567,2026-07-16 00:42:59 UTC,2026-07-16 00:50:57 UTC,477.87,0.3142,0.0042,0.0,-0.0008,-0.08,-19.1,STOP_LOSS_HIT,0.1768
2107,TRUMP_USDT,SHORT,StochasticRSI(MICRO_BURST-SHORT),2,0.2,1.572,1.57,1.57,1.576,2026-07-16 00:56:59 UTC,2026-07-16 01:01:02 UTC,242.25,0.3144,0.0042,0.0,0.0004,0.04,9.54,MIN_PROFIT_TP_HIT,0.1772
2108,TRUMP_USDT,LONG,StochasticRSI(MICRO_BURST-LONG),2,0.2,1.568,1.564,1.57,1.564,2026-07-16 01:14:59 UTC,2026-07-16 01:18:10 UTC,190.52,0.3136,0.0042,0.0,-0.0008,-0.08,-19.13,STOP_LOSS_HIT,0.1764
2109,TRUMP_USDT,LONG,StochasticRSI(MICRO_BURST-LONG),2,0.2,1.564,1.566,1.566,1.56,2026-07-16 01:22:59 UTC,2026-07-16 01:23:41 UTC,41.98,0.3128,0.0042,0.0,0.0004,0.04,9.59,MIN_PROFIT_TP_HIT,0.1768
2110,TRUMP_USDT,SHORT,StochasticRSI(MICRO_BURST-SHORT),2,0.2,1.567,1.565,1.565,1.571,2026-07-16 01:28:59 UTC,2026-07-16 01:29:18 UTC,18.29,0.3134,0.0042,0.0,0.0004,0.04,9.57,MIN_PROFIT_TP_HIT,0.1772
2111,TRUMP_USDT,SHORT,StochasticRSI(MICRO_BURST-SHORT),2,0.2,1.57,1.568,1.568,1.574,2026-07-16 01:39:59 UTC,2026-07-16 01:42:48 UTC,168.69,0.314,0.0042,0.0,0.0004,0.04,9.55,MIN_PROFIT_TP_HIT,0.1776
2112,TRUMP_USDT,LONG,StochasticRSI(MICRO_BURST-LONG),2,0.2,1.569,1.571,1.571,1.565,2026-07-16 01:47:59 UTC,2026-07-16 01:48:24 UTC,24.75,0.3138,0.0042,0.0,0.0004,0.04,9.56,MIN_PROFIT_TP_HIT,0.178
2113,TRUMP_USDT,SHORT,StochasticRSI(MICRO_BURST-SHORT),2,0.2,1.574,1.572,1.572,1.578,2026-07-16 01:52:59 UTC,2026-07-16 02:05:39 UTC,759.71,0.3148,0.0042,0.0,0.0004,0.04,9.53,MIN_PROFIT_TP_HIT,0.1784
2114,TRUMP_USDT,LONG,StochasticRSI(MICRO_BURST-LONG),2,0.2,1.575,1.571,1.577,1.571,2026-07-16 02:06:59 UTC,2026-07-16 02:10:06 UTC,186.2,0.315,0.0042,0.0,-0.0008,-0.08,-19.05,STOP_LOSS_HIT,0.1776
2115,TRUMP_USDT,LONG,StochasticRSI(MICRO_BURST-LONG),2,0.2,1.57,1.572,1.572,1.566,2026-07-16 02:13:59 UTC,2026-07-16 02:14:35 UTC,35.31,0.314,0.0042,0.0,0.0004,0.04,9.55,MIN_PROFIT_TP_HIT,0.178
2116,TRUMP_USDT,SHORT,StochasticRSI(MICRO_BURST-SHORT),2,0.2,1.578,1.582,1.576,1.582,2026-07-16 02:21:59 UTC,2026-07-16 02:23:38 UTC,98.65,0.3156,0.0042,0.0,-0.0008,-0.08,-19.01,STOP_LOSS_HIT,0.1772
2117,TRUMP_USDT,SHORT,StochasticRSI(MICRO_BURST-SHORT),2,0.2,1.581,1.579,1.579,1.585,2026-07-16 02:25:59 UTC,2026-07-16 02:26:15 UTC,15.2,0.3162,0.0042,0.0,0.0004,0.04,9.49,MIN_PROFIT_TP_HIT,0.1776
2118,TRUMP_USDT,LONG,StochasticRSI(MICRO_BURST-LONG),2,0.2,1.581,1.577,1.583,1.577,2026-07-16 02:30:59 UTC,2026-07-16 02:31:21 UTC,21.86,0.3162,0.0042,0.0,-0.0008,-0.08,-18.98,STOP_LOSS_HIT,0.1768
2119,TRUMP_USDT,SHORT,StochasticRSI(MICRO_BURST-SHORT),2,0.2,1.584,1.582,1.582,1.588,2026-07-16 02:39:59 UTC,2026-07-16 02:41:50 UTC,110.57,0.3168,0.0042,0.0,0.0004,0.04,9.47,MIN_PROFIT_TP_HIT,0.1772
2120,TRUMP_USDT,LONG,StochasticRSI(MICRO_BURST-LONG),2,0.2,1.584,1.586,1.586,1.58,2026-07-16 02:45:59 UTC,2026-07-16 02:49:34 UTC,214.89,0.3168,0.0042,0.0,0.0004,0.04,9.47,MIN_PROFIT_TP_HIT,0.1776
2121,TRUMP_USDT,SHORT,StochasticRSI(MICRO_BURST-SHORT),2,0.2,1.586,1.584,1.584,1.59,2026-07-16 03:01:59 UTC,2026-07-16 03:04:35 UTC,155.16,0.3172,0.0042,0.0,0.0004,0.04,9.46,MIN_PROFIT_TP_HIT,0.178
2122,TRUMP_USDT,LONG,StochasticRSI(MICRO_BURST-LONG),2,0.2,1.587,1.583,1.589,1.583,2026-07-16 03:06:59 UTC,2026-07-16 03:07:49 UTC,49.03,0.3174,0.0042,0.0,-0.0008,-0.08,-18.9,STOP_LOSS_HIT,0.1772
2123,TRUMP_USDT,LONG,StochasticRSI(MICRO_BURST-LONG),2,0.2,1.586,1.582,1.588,1.582,2026-07-16 03:11:59 UTC,2026-07-16 03:16:48 UTC,288.05,0.3172,0.0042,0.0,-0.0008,-0.08,-18.92,STOP_LOSS_HIT,0.1764
2124,TRUMP_USDT,LONG,StochasticRSI(MICRO_BURST-LONG),2,0.2,1.578,1.58,1.58,1.574,2026-07-16 03:21:59 UTC,2026-07-16 03:22:34 UTC,34.08,0.3156,0.0042,0.0,0.0004,0.04,9.51,MIN_PROFIT_TP_HIT,0.1768
2125,TRUMP_USDT,SHORT,StochasticRSI(MICRO_BURST-SHORT),2,0.2,1.578,1.576,1.576,1.582,2026-07-16 03:34:59 UTC,2026-07-16 03:37:03 UTC,123.96,0.3156,0.0042,0.0,0.0004,0.04,9.51,MIN_PROFIT_TP_HIT,0.1772
2126,TRUMP_USDT,LONG,StochasticRSI(MICRO_BURST-LONG),2,0.2,1.579,1.575,1.581,1.575,2026-07-16 03:39:59 UTC,2026-07-16 03:44:09 UTC,249.55,0.3158,0.0042,0.0,-0.0008,-0.08,-19.0,STOP_LOSS_HIT,0.1764
2127,TRUMP_USDT,LONG,StochasticRSI(MICRO_BURST-LONG),2,0.2,1.575,1.577,1.577,1.571,2026-07-16 03:50:59 UTC,2026-07-16 03:53:46 UTC,166.99,0.315,0.0042,0.0,0.0004,0.04,9.52,MIN_PROFIT_TP_HIT,0.1768
2128,TRUMP_USDT,SHORT,StochasticRSI(MICRO_BURST-SHORT),2,0.2,1.577,1.575,1.575,1.581,2026-07-16 03:58:59 UTC,2026-07-16 04:08:50 UTC,590.36,0.3154,0.0042,0.0,0.0004,0.04,9.51,MIN_PROFIT_TP_HIT,0.1772
2129,TRUMP_USDT,LONG,StochasticRSI(MICRO_BURST-LONG),2,0.2,1.575,1.577,1.577,1.571,2026-07-16 04:09:59 UTC,2026-07-16 04:11:25 UTC,85.45,0.315,0.0042,0.0,0.0004,0.04,9.52,MIN_PROFIT_TP_HIT,0.1776
2130,TRUMP_USDT,SHORT,StochasticRSI(MICRO_BURST-SHORT),2,0.2,1.576,1.574,1.574,1.58,2026-07-16 04:16:59 UTC,2026-07-16 04:18:00 UTC,60.37,0.3152,0.0042,0.0,0.0004,0.04,9.52,MIN_PROFIT_TP_HIT,0.178
2131,TRUMP_USDT,LONG,StochasticRSI(MICRO_BURST-LONG),2,0.2,1.572,1.574,1.574,1.568,2026-07-16 04:22:59 UTC,2026-07-16 04:24:51 UTC,111.43,0.3144,0.0042,0.0,0.0004,0.04,9.54,MIN_PROFIT_TP_HIT,0.1784
2132,TRUMP_USDT,SHORT,StochasticRSI(MICRO_BURST-SHORT),2,0.2,1.577,1.575,1.575,1.581,2026-07-16 04:30:59 UTC,2026-07-16 04:33:48 UTC,168.06,0.3154,0.0042,0.0,0.0004,0.04,9.51,MIN_PROFIT_TP_HIT,0.1788
2133,TRUMP_USDT,LONG,StochasticRSI(MICRO_BURST-LONG),2,0.2,1.579,1.581,1.581,1.575,2026-07-16 04:37:59 UTC,2026-07-16 04:41:54 UTC,234.95,0.3158,0.0042,0.0,0.0004,0.04,9.5,MIN_PROFIT_TP_HIT,0.1792
2134,TRUMP_USDT,SHORT,StochasticRSI(MICRO_BURST-SHORT),2,0.2,1.584,1.582,1.582,1.588,2026-07-16 04:44:59 UTC,2026-07-16 04:45:04 UTC,4.38,0.3168,0.0042,0.0,0.0004,0.04,9.47,MIN_PROFIT_TP_HIT,0.1796
2135,TRUMP_USDT,LONG,StochasticRSI(MICRO_BURST-LONG),2,0.2,1.583,1.585,1.585,1.579,2026-07-16 04:49:59 UTC,2026-07-16 04:50:05 UTC,5.3,0.3166,0.0042,0.0,0.0004,0.04,9.48,MIN_PROFIT_TP_HIT,0.18
2136,TRUMP_USDT,LONG,StochasticRSI(MICRO_BURST-LONG),2,0.2,1.582,1.584,1.584,1.578,2026-07-16 04:59:59 UTC,2026-07-16 05:02:12 UTC,132.63,0.3164,0.0042,0.0,0.0004,0.04,9.48,MIN_PROFIT_TP_HIT,0.1804
2137,TRUMP_USDT,SHORT,StochasticRSI(MICRO_BURST-SHORT),2,0.2,1.583,1.587,1.581,1.587,2026-07-16 05:10:59 UTC,2026-07-16 05:14:30 UTC,210.93,0.3166,0.0042,0.0,-0.0008,-0.08,-18.95,STOP_LOSS_HIT,0.1796
2138,TRUMP_USDT,SHORT,StochasticRSI(MICRO_BURST-SHORT),2,0.2,1.588,1.586,1.586,1.592,2026-07-16 05:19:59 UTC,2026-07-16 05:29:31 UTC,571.57,0.3176,0.0042,0.0,0.0004,0.04,9.45,MIN_PROFIT_TP_HIT,0.18
2139,TRUMP_USDT,LONG,StochasticRSI(MICRO_BURST-LONG),2,0.2,1.582,1.578,1.584,1.578,2026-07-16 05:33:59 UTC,2026-07-16 05:35:16 UTC,76.06,0.3164,0.0042,0.0,-0.0008,-0.08,-18.96,STOP_LOSS_HIT,0.1792
2140,TRUMP_USDT,LONG,StochasticRSI(MICRO_BURST-LONG),2,0.2,1.58,1.576,1.582,1.576,2026-07-16 05:37:59 UTC,2026-07-16 05:39:56 UTC,116.68,0.316,0.0042,0.0,-0.0008,-0.08,-18.99,STOP_LOSS_HIT,0.1784
2141,TRUMP_USDT,SHORT,StochasticRSI(MICRO_BURST-SHORT),2,0.2,1.579,1.577,1.577,1.583,2026-07-16 05:45:59 UTC,2026-07-16 05:52:58 UTC,418.76,0.3158,0.0042,0.0,0.0004,0.04,9.5,MIN_PROFIT_TP_HIT,0.1788
2142,TRUMP_USDT,SHORT,StochasticRSI(MICRO_BURST-SHORT),2,0.2,1.579,1.577,1.577,1.583,2026-07-16 05:53:59 UTC,2026-07-16 05:54:07 UTC,7.8,0.3158,0.0042,0.0,0.0004,0.04,9.5,MIN_PROFIT_TP_HIT,0.1792
2143,TRUMP_USDT,SHORT,StochasticRSI(MICRO_BURST-SHORT),2,0.2,1.578,1.576,1.576,1.582,2026-07-16 06:00:59 UTC,2026-07-16 06:02:19 UTC,79.07,0.3156,0.0042,0.0,0.0004,0.04,9.51,MIN_PROFIT_TP_HIT,0.1796
2144,TRUMP_USDT,LONG,StochasticRSI(MICRO_BURST-LONG),2,0.2,1.577,1.579,1.579,1.573,2026-07-16 06:10:59 UTC,2026-07-16 06:13:33 UTC,153.7,0.3154,0.0042,0.0,0.0004,0.04,9.51,MIN_PROFIT_TP_HIT,0.18
2145,TRUMP_USDT,SHORT,StochasticRSI(MICRO_BURST-SHORT),2,0.2,1.578,1.576,1.576,1.582,2026-07-16 06:16:59 UTC,2026-07-16 06:30:17 UTC,797.43,0.3156,0.0042,0.0,0.0004,0.04,9.51,MIN_PROFIT_TP_HIT,0.1804
2146,TRUMP_USDT,LONG,StochasticRSI(MICRO_BURST-LONG),2,0.2,1.576,1.578,1.578,1.572,2026-07-16 06:32:59 UTC,2026-07-16 06:33:04 UTC,4.12,0.3152,0.0042,0.0,0.0004,0.04,9.52,MIN_PROFIT_TP_HIT,0.1808
2147,TRUMP_USDT,LONG,StochasticRSI(MICRO_BURST-LONG),2,0.2,1.574,1.576,1.576,1.57,2026-07-16 06:34:59 UTC,2026-07-16 06:35:01 UTC,1.62,0.3148,0.0042,0.0,0.0004,0.04,9.53,MIN_PROFIT_TP_HIT,0.1812
2148,TRUMP_USDT,SHORT,StochasticRSI(MICRO_BURST-SHORT),2,0.2,1.576,1.574,1.574,1.58,2026-07-16 06:46:59 UTC,2026-07-16 06:57:11 UTC,611.6,0.3152,0.0042,0.0,0.0004,0.04,9.52,MIN_PROFIT_TP_HIT,0.1816
2149,TRUMP_USDT,SHORT,StochasticRSI(MICRO_BURST-SHORT),2,0.2,1.571,1.569,1.569,1.575,2026-07-16 07:10:59 UTC,2026-07-16 07:13:16 UTC,136.38,0.3142,0.0042,0.0,0.0004,0.04,9.55,MIN_PROFIT_TP_HIT,0.182
2150,TRUMP_USDT,LONG,StochasticRSI(MICRO_BURST-LONG),2,0.2,1.568,1.57,1.57,1.564,2026-07-16 07:32:59 UTC,2026-07-16 07:33:52 UTC,52.5,0.3136,0.0042,0.0,0.0004,0.04,9.57,MIN_PROFIT_TP_HIT,0.1824
2151,TRUMP_USDT,LONG,StochasticRSI(MICRO_BURST-LONG),2,0.2,1.564,1.566,1.566,1.56,2026-07-16 07:42:59 UTC,2026-07-16 07:47:08 UTC,248.27,0.3128,0.0042,0.0,0.0004,0.04,9.59,MIN_PROFIT_TP_HIT,0.1828
2152,TRUMP_USDT,SHORT,StochasticRSI(MICRO_BURST-SHORT),2,0.2,1.563,1.567,1.561,1.567,2026-07-16 07:51:59 UTC,2026-07-16 07:59:44 UTC,464.86,0.3126,0.0042,0.0,-0.0008,-0.08,-19.19,STOP_LOSS_HIT,0.182
2153,TRUMP_USDT,SHORT,StochasticRSI(MICRO_BURST-SHORT),2,0.2,1.566,1.564,1.564,1.57,2026-07-16 08:02:59 UTC,2026-07-16 08:03:22 UTC,22.39,0.3132,0.0042,0.0,0.0004,0.04,9.58,MIN_PROFIT_TP_HIT,0.1824
2154,TRUMP_USDT,LONG,StochasticRSI(MICRO_BURST-LONG),2,0.2,1.552,1.548,1.554,1.548,2026-07-16 08:13:59 UTC,2026-07-16 08:14:35 UTC,35.04,0.3104,0.0041,0.0,-0.0008,-0.08,-19.33,STOP_LOSS_HIT,0.1816
2155,TRUMP_USDT,SHORT,StochasticRSI(MICRO_BURST-SHORT),2,0.2,1.552,1.556,1.55,1.556,2026-07-16 08:21:59 UTC,2026-07-16 08:28:24 UTC,384.26,0.3104,0.0041,0.0,-0.0008,-0.08,-19.33,STOP_LOSS_HIT,0.1808
2156,TRUMP_USDT,SHORT,StochasticRSI(MICRO_BURST-SHORT),2,0.2,1.559,1.557,1.557,1.563,2026-07-16 08:37:59 UTC,2026-07-16 08:42:37 UTC,277.57,0.3118,0.0042,0.0,0.0004,0.04,9.62,MIN_PROFIT_TP_HIT,0.1812
2157,TRUMP_USDT,LONG,StochasticRSI(MICRO_BURST-LONG),2,0.2,1.555,1.557,1.557,1.551,2026-07-16 08:44:59 UTC,2026-07-16 08:46:12 UTC,72.13,0.311,0.0041,0.0,0.0004,0.04,9.65,MIN_PROFIT_TP_HIT,0.1816
2158,TRUMP_USDT,LONG,StochasticRSI(MICRO_BURST-LONG),2,0.2,1.554,1.556,1.556,1.55,2026-07-16 08:57:59 UTC,2026-07-16 08:59:08 UTC,68.21,0.3108,0.0041,0.0,0.0004,0.04,9.65,MIN_PROFIT_TP_HIT,0.182
2159,TRUMP_USDT,SHORT,StochasticRSI(MICRO_BURST-SHORT),2,0.2,1.558,1.556,1.556,1.562,2026-07-16 09:03:59 UTC,2026-07-16 09:05:03 UTC,63.21,0.3116,0.0042,0.0,0.0004,0.04,9.63,MIN_PROFIT_TP_HIT,0.1824
2160,TRUMP_USDT,LONG,StochasticRSI(MICRO_BURST-LONG),2,0.2,1.557,1.559,1.559,1.553,2026-07-16 09:12:59 UTC,2026-07-16 09:16:04 UTC,184.7,0.3114,0.0042,0.0,0.0004,0.04,9.63,MIN_PROFIT_TP_HIT,0.1828
2161,TRUMP_USDT,SHORT,StochasticRSI(MICRO_BURST-SHORT),2,0.2,1.558,1.556,1.556,1.562,2026-07-16 09:19:59 UTC,2026-07-16 09:24:10 UTC,250.15,0.3116,0.0042,0.0,0.0004,0.04,9.63,MIN_PROFIT_TP_HIT,0.1832
2162,TRUMP_USDT,LONG,StochasticRSI(MICRO_BURST-LONG),2,0.2,1.558,1.554,1.56,1.554,2026-07-16 09:32:59 UTC,2026-07-16 09:55:20 UTC,1340.67,0.3116,0.0042,0.0,-0.0008,-0.08,-19.26,STOP_LOSS_HIT,0.1824
2163,TRUMP_USDT,LONG,StochasticRSI(MICRO_BURST-LONG),2,0.2,1.554,1.556,1.556,1.55,2026-07-16 09:59:59 UTC,2026-07-16 10:07:35 UTC,455.63,0.3108,0.0041,0.0,0.0004,0.04,9.65,MIN_PROFIT_TP_HIT,0.1828
2164,TRUMP_USDT,SHORT,StochasticRSI(MICRO_BURST-SHORT),2,0.2,1.555,1.559,1.553,1.559,2026-07-16 10:11:59 UTC,2026-07-16 10:29:39 UTC,1059.39,0.311,0.0041,0.0,-0.0008,-0.08,-19.29,STOP_LOSS_HIT,0.182
2165,TRUMP_USDT,SHORT,StochasticRSI(MICRO_BURST-SHORT),2,0.2,1.558,1.556,1.556,1.562,2026-07-16 10:32:59 UTC,2026-07-16 10:39:24 UTC,384.28,0.3116,0.0042,0.0,0.0004,0.04,9.63,MIN_PROFIT_TP_HIT,0.1824
2166,TRUMP_USDT,SHORT,StochasticRSI(MICRO_BURST-SHORT),2,0.2,1.557,1.555,1.555,1.561,2026-07-16 10:56:59 UTC,2026-07-16 11:00:10 UTC,190.34,0.3114,0.0042,0.0,0.0004,0.04,9.63,MIN_PROFIT_TP_HIT,0.1828
2167,TRUMP_USDT,LONG,StochasticRSI(MICRO_BURST-LONG),2,0.2,1.555,1.557,1.557,1.551,2026-07-16 11:11:59 UTC,2026-07-16 11:12:02 UTC,2.3,0.311,0.0041,0.0,0.0004,0.04,9.65,MIN_PROFIT_TP_HIT,0.1832
2168,TRUMP_USDT,SHORT,StochasticRSI(MICRO_BURST-SHORT),2,0.2,1.555,1.553,1.553,1.559,2026-07-16 11:15:59 UTC,2026-07-16 11:16:18 UTC,18.46,0.311,0.0041,0.0,0.0004,0.04,9.65,MIN_PROFIT_TP_HIT,0.1836
2169,TRUMP_USDT,SHORT,StochasticRSI(MICRO_BURST-SHORT),2,0.2,1.559,1.557,1.557,1.563,2026-07-16 11:28:59 UTC,2026-07-16 11:31:58 UTC,178.39,0.3118,0.0042,0.0,0.0004,0.04,9.62,MIN_PROFIT_TP_HIT,0.184
2170,TRUMP_USDT,SHORT,StochasticRSI(MICRO_BURST-SHORT),2,0.2,1.562,1.56,1.56,1.566,2026-07-16 12:02:59 UTC,2026-07-16 12:04:33 UTC,93.37,0.3124,0.0042,0.0,0.0004,0.04,9.6,MIN_PROFIT_TP_HIT,0.1844
2171,TRUMP_USDT,LONG,StochasticRSI(MICRO_BURST-LONG),2,0.2,1.56,1.556,1.562,1.556,2026-07-16 12:08:59 UTC,2026-07-16 12:21:23 UTC,743.48,0.312,0.0042,0.0,-0.0008,-0.08,-19.23,STOP_LOSS_HIT,0.1836
2172,TRUMP_USDT,SHORT,StochasticRSI(MICRO_BURST-SHORT),2,0.2,1.558,1.556,1.556,1.562,2026-07-16 12:22:59 UTC,2026-07-16 12:23:04 UTC,4.34,0.3116,0.0042,0.0,0.0004,0.04,9.63,MIN_PROFIT_TP_HIT,0.184
2173,TRUMP_USDT,SHORT,StochasticRSI(MICRO_BURST-SHORT),2,0.2,1.56,1.558,1.558,1.564,2026-07-16 12:33:59 UTC,2026-07-16 12:36:45 UTC,165.71,0.312,0.0042,0.0,0.0004,0.04,9.62,MIN_PROFIT_TP_HIT,0.1844
2174,TRUMP_USDT,LONG,StochasticRSI(MICRO_BURST-LONG),2,0.2,1.549,1.551,1.551,1.545,2026-07-16 12:41:59 UTC,2026-07-16 12:42:27 UTC,27.25,0.3098,0.0041,0.0,0.0004,0.04,9.68,MIN_PROFIT_TP_HIT,0.1848
2175,TRUMP_USDT,LONG,StochasticRSI(MICRO_BURST-LONG),2,0.2,1.55,1.552,1.552,1.546,2026-07-16 12:43:59 UTC,2026-07-16 12:46:33 UTC,153.22,0.31,0.0041,0.0,0.0004,0.04,9.68,MIN_PROFIT_TP_HIT,0.1852
2176,TRUMP_USDT,SHORT,StochasticRSI(MICRO_BURST-SHORT),2,0.2,1.552,1.556,1.55,1.556,2026-07-16 12:50:59 UTC,2026-07-16 13:07:36 UTC,996.41,0.3104,0.0041,0.0,-0.0008,-0.08,-19.33,STOP_LOSS_HIT,0.1844
2177,TRUMP_USDT,SHORT,StochasticRSI(MICRO_BURST-SHORT),2,0.2,1.556,1.56,1.554,1.56,2026-07-16 13:09:59 UTC,2026-07-16 13:16:20 UTC,380.4,0.3112,0.0041,0.0,-0.0008,-0.08,-19.28,STOP_LOSS_HIT,0.1836
2178,TRUMP_USDT,SHORT,StochasticRSI(MICRO_BURST-SHORT),2,0.2,1.564,1.568,1.562,1.568,2026-07-16 13:25:59 UTC,2026-07-16 13:30:01 UTC,241.82,0.3128,0.0042,0.0,-0.0008,-0.08,-19.18,STOP_LOSS_HIT,0.1828
2179,TRUMP_USDT,SHORT,StochasticRSI(MICRO_BURST-SHORT),2,0.2,1.567,1.571,1.565,1.571,2026-07-16 13:31:59 UTC,2026-07-16 13:37:01 UTC,301.5,0.3134,0.0042,0.0,-0.0008,-0.08,-19.14,STOP_LOSS_HIT,0.182
2180,TRUMP_USDT,SHORT,StochasticRSI(MICRO_BURST-SHORT),2,0.2,1.572,1.57,1.57,1.576,2026-07-16 13:40:59 UTC,2026-07-16 13:41:53 UTC,53.2,0.3144,0.0042,0.0,0.0004,0.04,9.54,MIN_PROFIT_TP_HIT,0.1824
2181,TRUMP_USDT,LONG,StochasticRSI(MICRO_BURST-LONG),2,0.2,1.571,1.567,1.573,1.567,2026-07-16 13:46:59 UTC,2026-07-16 13:48:22 UTC,82.17,0.3142,0.0042,0.0,-0.0008,-0.08,-19.1,STOP_LOSS_HIT,0.1816
2182,TRUMP_USDT,SHORT,StochasticRSI(MICRO_BURST-SHORT),2,0.2,1.571,1.569,1.569,1.575,2026-07-16 13:54:59 UTC,2026-07-16 13:55:03 UTC,3.02,0.3142,0.0042,0.0,0.0004,0.04,9.55,MIN_PROFIT_TP_HIT,0.182
2183,TRUMP_USDT,SHORT,StochasticRSI(MICRO_BURST-SHORT),2,0.2,1.572,1.57,1.57,1.576,2026-07-16 14:03:59 UTC,2026-07-16 14:04:04 UTC,4.44,0.3144,0.0042,0.0,0.0004,0.04,9.54,MIN_PROFIT_TP_HIT,0.1824
2184,TRUMP_USDT,LONG,StochasticRSI(MICRO_BURST-LONG),2,0.2,1.572,1.574,1.574,1.568,2026-07-16 14:24:59 UTC,2026-07-16 14:27:00 UTC,120.4,0.3144,0.0042,0.0,0.0004,0.04,9.54,MIN_PROFIT_TP_HIT,0.1828
2185,TRUMP_USDT,SHORT,StochasticRSI(MICRO_BURST-SHORT),2,0.2,1.574,1.572,1.572,1.578,2026-07-16 14:30:59 UTC,2026-07-16 14:31:03 UTC,3.41,0.3148,0.0042,0.0,0.0004,0.04,9.53,MIN_PROFIT_TP_HIT,0.1832
2186,TRUMP_USDT,LONG,StochasticRSI(MICRO_BURST-LONG),2,0.2,1.574,1.576,1.576,1.57,2026-07-16 14:41:59 UTC,2026-07-16 14:44:33 UTC,153.75,0.3148,0.0042,0.0,0.0004,0.04,9.53,MIN_PROFIT_TP_HIT,0.1836
2187,TRUMP_USDT,SHORT,StochasticRSI(MICRO_BURST-SHORT),2,0.2,1.576,1.574,1.574,1.58,2026-07-16 14:50:59 UTC,2026-07-16 14:53:02 UTC,122.23,0.3152,0.0042,0.0,0.0004,0.04,9.52,MIN_PROFIT_TP_HIT,0.184
2188,TRUMP_USDT,LONG,StochasticRSI(MICRO_BURST-LONG),2,0.2,1.572,1.574,1.574,1.568,2026-07-16 14:57:59 UTC,2026-07-16 14:59:53 UTC,113.67,0.3144,0.0042,0.0,0.0004,0.04,9.54,MIN_PROFIT_TP_HIT,0.1844
2189,TRUMP_USDT,LONG,StochasticRSI(MICRO_BURST-LONG),2,0.2,1.566,1.568,1.568,1.562,2026-07-16 15:12:59 UTC,2026-07-16 15:13:09 UTC,9.59,0.3132,0.0042,0.0,0.0004,0.04,9.58,MIN_PROFIT_TP_HIT,0.1848
2190,TRUMP_USDT,SHORT,StochasticRSI(MICRO_BURST-SHORT),2,0.2,1.57,1.574,1.568,1.574,2026-07-16 15:21:59 UTC,2026-07-16 15:25:09 UTC,189.37,0.314,0.0042,0.0,-0.0008,-0.08,-19.11,STOP_LOSS_HIT,0.184
2191,TRUMP_USDT,SHORT,StochasticRSI(MICRO_BURST-SHORT),2,0.2,1.579,1.577,1.577,1.583,2026-07-16 15:29:59 UTC,2026-07-16 15:30:17 UTC,17.87,0.3158,0.0042,0.0,0.0004,0.04,9.5,MIN_PROFIT_TP_HIT,0.1844
2192,TRUMP_USDT,LONG,StochasticRSI(MICRO_BURST-LONG),2,0.2,1.578,1.58,1.58,1.574,2026-07-16 15:36:59 UTC,2026-07-16 15:37:02 UTC,2.03,0.3156,0.0042,0.0,0.0004,0.04,9.51,MIN_PROFIT_TP_HIT,0.1848
2193,TRUMP_USDT,SHORT,StochasticRSI(MICRO_BURST-SHORT),2,0.2,1.578,1.576,1.576,1.582,2026-07-16 15:41:59 UTC,2026-07-16 15:43:44 UTC,104.86,0.3156,0.0042,0.0,0.0004,0.04,9.51,MIN_PROFIT_TP_HIT,0.1852
2194,TRUMP_USDT,LONG,StochasticRSI(MICRO_BURST-LONG),2,0.2,1.577,1.579,1.579,1.573,2026-07-16 15:47:59 UTC,2026-07-16 15:49:31 UTC,91.67,0.3154,0.0042,0.0,0.0004,0.04,9.51,MIN_PROFIT_TP_HIT,0.1856
2195,TRUMP_USDT,SHORT,StochasticRSI(MICRO_BURST-SHORT),2,0.2,1.578,1.576,1.576,1.582,2026-07-16 15:55:59 UTC,2026-07-16 15:56:24 UTC,24.72,0.3156,0.0042,0.0,0.0004,0.04,9.51,MIN_PROFIT_TP_HIT,0.186
2196,TRUMP_USDT,LONG,StochasticRSI(MICRO_BURST-LONG),2,0.2,1.577,1.579,1.579,1.573,2026-07-16 15:59:59 UTC,2026-07-16 16:01:04 UTC,64.1,0.3154,0.0042,0.0,0.0004,0.04,9.51,MIN_PROFIT_TP_HIT,0.1864
2197,TRUMP_USDT,SHORT,StochasticRSI(MICRO_BURST-SHORT),2,0.2,1.572,1.57,1.57,1.576,2026-07-16 16:30:59 UTC,2026-07-16 16:35:34 UTC,274.9,0.3144,0.0042,0.0,0.0004,0.04,9.54,MIN_PROFIT_TP_HIT,0.1868
2198,TRUMP_USDT,LONG,StochasticRSI(MICRO_BURST-LONG),2,0.2,1.569,1.565,1.571,1.565,2026-07-16 16:41:59 UTC,2026-07-16 17:01:13 UTC,1153.86,0.3138,0.0042,0.0,-0.0008,-0.08,-19.12,STOP_LOSS_HIT,0.186
2199,TRUMP_USDT,LONG,StochasticRSI(MICRO_BURST-LONG),2,0.2,1.569,1.565,1.571,1.565,2026-07-16 17:04:59 UTC,2026-07-16 17:06:18 UTC,78.01,0.3138,0.0042,0.0,-0.0008,-0.08,-19.12,STOP_LOSS_HIT,0.1852
2200,TRUMP_USDT,SHORT,StochasticRSI(MICRO_BURST-SHORT),2,0.2,1.574,1.572,1.572,1.578,2026-07-16 17:38:59 UTC,2026-07-16 17:43:02 UTC,242.31,0.3148,0.0042,0.0,0.0004,0.04,9.53,MIN_PROFIT_TP_HIT,0.1856
2201,TRUMP_USDT,LONG,StochasticRSI(MICRO_BURST-LONG),2,0.2,1.561,1.557,1.563,1.557,2026-07-16 17:54:59 UTC,2026-07-16 17:55:18 UTC,18.14,0.3122,0.0042,0.0,-0.0008,-0.08,-19.22,STOP_LOSS_HIT,0.1848
2202,TRUMP_USDT,SHORT,StochasticRSI(MICRO_BURST-SHORT),2,0.2,1.559,1.557,1.557,1.563,2026-07-16 18:01:59 UTC,2026-07-16 18:02:16 UTC,16.73,0.3118,0.0042,0.0,0.0004,0.04,9.62,MIN_PROFIT_TP_HIT,0.1852
2203,TRUMP_USDT,SHORT,StochasticRSI(MICRO_BURST-SHORT),2,0.2,1.563,1.561,1.561,1.567,2026-07-16 18:13:59 UTC,2026-07-16 18:15:23 UTC,83.77,0.3126,0.0042,0.0,0.0004,0.04,9.6,MIN_PROFIT_TP_HIT,0.1856
2204,TRUMP_USDT,SHORT,StochasticRSI(MICRO_BURST-SHORT),2,0.2,1.566,1.564,1.564,1.57,2026-07-16 18:28:59 UTC,2026-07-16 18:29:08 UTC,8.35,0.3132,0.0042,0.0,0.0004,0.04,9.58,MIN_PROFIT_TP_HIT,0.186
2205,TRUMP_USDT,LONG,StochasticRSI(MICRO_BURST-LONG),2,0.2,1.56,1.556,1.562,1.556,2026-07-16 18:35:59 UTC,2026-07-16 18:40:10 UTC,250.7,0.312,0.0042,0.0,-0.0008,-0.08,-19.23,STOP_LOSS_HIT,0.1852
2206,TRUMP_USDT,LONG,StochasticRSI(MICRO_BURST-LONG),2,0.2,1.56,1.562,1.562,1.556,2026-07-16 18:43:59 UTC,2026-07-16 18:48:38 UTC,278.69,0.312,0.0042,0.0,0.0004,0.04,9.62,MIN_PROFIT_TP_HIT,0.1856
2207,TRUMP_USDT,SHORT,StochasticRSI(MICRO_BURST-SHORT),2,0.2,1.561,1.559,1.559,1.565,2026-07-16 18:53:59 UTC,2026-07-16 18:55:44 UTC,104.35,0.3122,0.0042,0.0,0.0004,0.04,9.61,MIN_PROFIT_TP_HIT,0.186
2208,TRUMP_USDT,LONG,StochasticRSI(MICRO_BURST-LONG),2,0.2,1.56,1.562,1.562,1.556,2026-07-16 19:01:59 UTC,2026-07-16 19:05:45 UTC,225.5,0.312,0.0042,0.0,0.0004,0.04,9.62,MIN_PROFIT_TP_HIT,0.1864
2209,TRUMP_USDT,SHORT,StochasticRSI(MICRO_BURST-SHORT),2,0.2,1.559,1.557,1.557,1.563,2026-07-16 19:16:59 UTC,2026-07-16 19:17:16 UTC,16.09,0.3118,0.0042,0.0,0.0004,0.04,9.62,MIN_PROFIT_TP_HIT,0.1868
2210,TRUMP_USDT,LONG,StochasticRSI(MICRO_BURST-LONG),2,0.2,1.557,1.559,1.559,1.553,2026-07-16 19:21:59 UTC,2026-07-16 19:22:06 UTC,6.87,0.3114,0.0042,0.0,0.0004,0.04,9.63,MIN_PROFIT_TP_HIT,0.1872
2211,TRUMP_USDT,LONG,StochasticRSI(MICRO_BURST-LONG),2,0.2,1.554,1.556,1.556,1.55,2026-07-16 19:26:59 UTC,2026-07-16 19:27:48 UTC,48.09,0.3108,0.0041,0.0,0.0004,0.04,9.65,MIN_PROFIT_TP_HIT,0.1876
2212,TRUMP_USDT,SHORT,StochasticRSI(MICRO_BURST-SHORT),2,0.2,1.559,1.557,1.557,1.563,2026-07-16 19:32:59 UTC,2026-07-16 19:36:45 UTC,225.67,0.3118,0.0042,0.0,0.0004,0.04,9.62,MIN_PROFIT_TP_HIT,0.188
2213,TRUMP_USDT,LONG,StochasticRSI(MICRO_BURST-LONG),2,0.2,1.56,1.556,1.562,1.556,2026-07-16 19:39:59 UTC,2026-07-16 19:46:24 UTC,384.02,0.312,0.0042,0.0,-0.0008,-0.08,-19.23,STOP_LOSS_HIT,0.1872
2214,TRUMP_USDT,LONG,StochasticRSI(MICRO_BURST-LONG),2,0.2,1.558,1.56,1.56,1.554,2026-07-16 19:49:59 UTC,2026-07-16 19:50:00 UTC,0.2,0.3116,0.0042,0.0,0.0004,0.04,9.63,MIN_PROFIT_TP_HIT,0.1876
2215,TRUMP_USDT,SHORT,StochasticRSI(MICRO_BURST-SHORT),2,0.2,1.561,1.559,1.559,1.565,2026-07-16 19:54:59 UTC,2026-07-16 19:56:11 UTC,71.17,0.3122,0.0042,0.0,0.0004,0.04,9.61,MIN_PROFIT_TP_HIT,0.188
2216,TRUMP_USDT,SHORT,StochasticRSI(MICRO_BURST-SHORT),2,0.2,1.56,1.558,1.558,1.564,2026-07-16 19:57:59 UTC,2026-07-16 19:59:12 UTC,72.25,0.312,0.0042,0.0,0.0004,0.04,9.62,MIN_PROFIT_TP_HIT,0.1884
2217,TRUMP_USDT,LONG,StochasticRSI(MICRO_BURST-LONG),2,0.2,1.557,1.559,1.559,1.553,2026-07-16 20:06:59 UTC,2026-07-16 20:11:00 UTC,240.22,0.3114,0.0042,0.0,0.0004,0.04,9.63,MIN_PROFIT_TP_HIT,0.1888
2218,TRUMP_USDT,LONG,StochasticRSI(MICRO_BURST-LONG),2,0.2,1.559,1.555,1.561,1.555,2026-07-16 20:46:59 UTC,2026-07-16 20:52:09 UTC,309.74,0.3118,0.0042,0.0,-0.0008,-0.08,-19.24,STOP_LOSS_HIT,0.188
2219,TRUMP_USDT,LONG,StochasticRSI(MICRO_BURST-LONG),2,0.2,1.556,1.558,1.558,1.552,2026-07-16 20:54:59 UTC,2026-07-16 21:04:48 UTC,588.41,0.3112,0.0041,0.0,0.0004,0.04,9.64,MIN_PROFIT_TP_HIT,0.1884
2220,TRUMP_USDT,SHORT,StochasticRSI(MICRO_BURST-SHORT),2,0.2,1.559,1.557,1.557,1.563,2026-07-16 21:12:59 UTC,2026-07-16 21:13:48 UTC,48.16,0.3118,0.0042,0.0,0.0004,0.04,9.62,MIN_PROFIT_TP_HIT,0.1888
2221,TRUMP_USDT,LONG,StochasticRSI(MICRO_BURST-LONG),2,0.2,1.559,1.561,1.561,1.555,2026-07-16 21:17:59 UTC,2026-07-16 21:23:10 UTC,310.89,0.3118,0.0042,0.0,0.0004,0.04,9.62,MIN_PROFIT_TP_HIT,0.1892
2222,TRUMP_USDT,SHORT,StochasticRSI(MICRO_BURST-SHORT),2,0.2,1.564,1.562,1.562,1.568,2026-07-16 21:41:59 UTC,2026-07-16 21:53:31 UTC,691.54,0.3128,0.0042,0.0,0.0004,0.04,9.59,MIN_PROFIT_TP_HIT,0.1896
2223,TRUMP_USDT,LONG,StochasticRSI(MICRO_BURST-LONG),2,0.2,1.561,1.563,1.563,1.557,2026-07-16 22:01:59 UTC,2026-07-16 22:02:06 UTC,6.8,0.3122,0.0042,0.0,0.0004,0.04,9.61,MIN_PROFIT_TP_HIT,0.19
2224,TRUMP_USDT,SHORT,StochasticRSI(MICRO_BURST-SHORT),2,0.2,1.565,1.569,1.563,1.569,2026-07-16 22:07:59 UTC,2026-07-16 22:11:21 UTC,201.88,0.313,0.0042,0.0,-0.0008,-0.08,-19.17,STOP_LOSS_HIT,0.1892
2225,TRUMP_USDT,SHORT,StochasticRSI(MICRO_BURST-SHORT),2,0.2,1.565,1.563,1.563,1.569,2026-07-16 22:13:59 UTC,2026-07-16 22:15:27 UTC,87.3,0.313,0.0042,0.0,0.0004,0.04,9.58,MIN_PROFIT_TP_HIT,0.1896
2226,TRUMP_USDT,LONG,StochasticRSI(MICRO_BURST-LONG),2,0.2,1.562,1.558,1.564,1.558,2026-07-16 22:17:59 UTC,2026-07-16 22:22:12 UTC,252.01,0.3124,0.0042,0.0,-0.0008,-0.08,-19.21,STOP_LOSS_HIT,0.1888
2227,TRUMP_USDT,LONG,StochasticRSI(MICRO_BURST-LONG),2,0.2,1.558,1.554,1.56,1.554,2026-07-16 22:24:59 UTC,2026-07-16 22:29:16 UTC,256.14,0.3116,0.0042,0.0,-0.0008,-0.08,-19.26,STOP_LOSS_HIT,0.188
2228,TRUMP_USDT,LONG,StochasticRSI(MICRO_BURST-LONG),2,0.2,1.556,1.558,1.558,1.552,2026-07-16 22:32:59 UTC,2026-07-16 22:33:36 UTC,36.3,0.3112,0.0041,0.0,0.0004,0.04,9.64,MIN_PROFIT_TP_HIT,0.1884
2229,TRUMP_USDT,SHORT,StochasticRSI(MICRO_BURST-SHORT),2,0.2,1.553,1.551,1.551,1.557,2026-07-16 22:35:59 UTC,2026-07-16 22:40:18 UTC,258.77,0.3106,0.0041,0.0,0.0004,0.04,9.66,MIN_PROFIT_TP_HIT,0.1888
2230,TRUMP_USDT,LONG,StochasticRSI(MICRO_BURST-LONG),2,0.2,1.549,1.545,1.551,1.545,2026-07-16 22:44:59 UTC,2026-07-16 22:48:23 UTC,203.56,0.3098,0.0041,0.0,-0.0008,-0.08,-19.37,STOP_LOSS_HIT,0.188
2231,TRUMP_USDT,SHORT,StochasticRSI(MICRO_BURST-SHORT),2,0.2,1.544,1.542,1.542,1.548,2026-07-16 23:03:59 UTC,2026-07-16 23:08:23 UTC,263.32,0.3088,0.0041,0.0,0.0004,0.04,9.72,MIN_PROFIT_TP_HIT,0.1884
2232,TRUMP_USDT,LONG,StochasticRSI(MICRO_BURST-LONG),2,0.2,1.544,1.54,1.546,1.54,2026-07-16 23:13:59 UTC,2026-07-16 23:17:16 UTC,196.71,0.3088,0.0041,0.0,-0.0008,-0.08,-19.43,STOP_LOSS_HIT,0.1876
2233,TRUMP_USDT,LONG,StochasticRSI(MICRO_BURST-LONG),2,0.2,1.537,1.539,1.539,1.533,2026-07-16 23:24:59 UTC,2026-07-16 23:25:17 UTC,17.86,0.3074,0.0041,0.0,0.0004,0.04,9.76,MIN_PROFIT_TP_HIT,0.188
2234,TRUMP_USDT,SHORT,StochasticRSI(MICRO_BURST-SHORT),2,0.2,1.541,1.539,1.539,1.545,2026-07-16 23:30:59 UTC,2026-07-16 23:32:23 UTC,83.67,0.3082,0.0041,0.0,0.0004,0.04,9.73,MIN_PROFIT_TP_HIT,0.1884
2235,TRUMP_USDT,LONG,StochasticRSI(MICRO_BURST-LONG),2,0.2,1.54,1.542,1.542,1.536,2026-07-16 23:35:59 UTC,2026-07-16 23:38:21 UTC,141.97,0.308,0.0041,0.0,0.0004,0.04,9.74,MIN_PROFIT_TP_HIT,0.1888
2236,TRUMP_USDT,SHORT,StochasticRSI(MICRO_BURST-SHORT),2,0.2,1.545,1.543,1.543,1.549,2026-07-16 23:42:59 UTC,2026-07-16 23:43:23 UTC,23.05,0.309,0.0041,0.0,0.0004,0.04,9.71,MIN_PROFIT_TP_HIT,0.1892
2237,TRUMP_USDT,LONG,StochasticRSI(MICRO_BURST-LONG),2,0.2,1.544,1.546,1.546,1.54,2026-07-17 00:09:59 UTC,2026-07-17 00:15:19 UTC,319.19,0.3088,0.0041,0.0,0.0004,0.04,9.72,MIN_PROFIT_TP_HIT,0.1896
2238,TRUMP_USDT,SHORT,StochasticRSI(MICRO_BURST-SHORT),2,0.2,1.546,1.55,1.544,1.55,2026-07-17 00:19:59 UTC,2026-07-17 00:23:34 UTC,214.6,0.3092,0.0041,0.0,-0.0008,-0.08,-19.4,STOP_LOSS_HIT,0.1888
2239,TRUMP_USDT,SHORT,StochasticRSI(MICRO_BURST-SHORT),2,0.2,1.548,1.552,1.546,1.552,2026-07-17 00:44:59 UTC,2026-07-17 00:51:43 UTC,403.2,0.3096,0.0041,0.0,-0.0008,-0.08,-19.38,STOP_LOSS_HIT,0.188
2240,TRUMP_USDT,SHORT,StochasticRSI(MICRO_BURST-SHORT),2,0.2,1.551,1.555,1.549,1.555,2026-07-17 00:56:59 UTC,2026-07-17 00:59:45 UTC,165.21,0.3102,0.0041,0.0,-0.0008,-0.08,-19.34,STOP_LOSS_HIT,0.1872
2241,TRUMP_USDT,SHORT,StochasticRSI(MICRO_BURST-SHORT),2,0.2,1.558,1.562,1.556,1.562,2026-07-17 01:07:59 UTC,2026-07-17 01:08:42 UTC,42.52,0.3116,0.0042,0.0,-0.0008,-0.08,-19.26,STOP_LOSS_HIT,0.1864
2242,TRUMP_USDT,LONG,StochasticRSI(MICRO_BURST-LONG),2,0.2,1.561,1.557,1.563,1.557,2026-07-17 01:14:59 UTC,2026-07-17 01:17:45 UTC,165.07,0.3122,0.0042,0.0,-0.0008,-0.08,-19.22,STOP_LOSS_HIT,0.1856
2243,TRUMP_USDT,LONG,StochasticRSI(MICRO_BURST-LONG),2,0.2,1.556,1.558,1.558,1.552,2026-07-17 01:18:59 UTC,2026-07-17 01:27:21 UTC,501.72,0.3112,0.0041,0.0,0.0004,0.04,9.64,MIN_PROFIT_TP_HIT,0.186
2244,TRUMP_USDT,SHORT,StochasticRSI(MICRO_BURST-SHORT),2,0.2,1.556,1.554,1.554,1.56,2026-07-17 01:31:59 UTC,2026-07-17 01:35:09 UTC,189.65,0.3112,0.0041,0.0,0.0004,0.04,9.64,MIN_PROFIT_TP_HIT,0.1864
2245,TRUMP_USDT,LONG,StochasticRSI(MICRO_BURST-LONG),2,0.2,1.557,1.553,1.559,1.553,2026-07-17 01:37:59 UTC,2026-07-17 01:41:11 UTC,191.82,0.3114,0.0042,0.0,-0.0008,-0.08,-19.27,STOP_LOSS_HIT,0.1856
2246,TRUMP_USDT,LONG,StochasticRSI(MICRO_BURST-LONG),2,0.2,1.555,1.551,1.557,1.551,2026-07-17 01:48:59 UTC,2026-07-17 01:51:42 UTC,162.94,0.311,0.0041,0.0,-0.0008,-0.08,-19.29,STOP_LOSS_HIT,0.1848
2247,TRUMP_USDT,LONG,StochasticRSI(MICRO_BURST-LONG),2,0.2,1.548,1.55,1.55,1.544,2026-07-17 01:59:59 UTC,2026-07-17 02:00:32 UTC,32.82,0.3096,0.0041,0.0,0.0004,0.04,9.69,MIN_PROFIT_TP_HIT,0.1852
2248,TRUMP_USDT,SHORT,StochasticRSI(MICRO_BURST-SHORT),2,0.2,1.548,1.546,1.546,1.552,2026-07-17 02:07:59 UTC,2026-07-17 02:09:20 UTC,80.64,0.3096,0.0041,0.0,0.0004,0.04,9.69,MIN_PROFIT_TP_HIT,0.1856
2249,TRUMP_USDT,LONG,StochasticRSI(MICRO_BURST-LONG),2,0.2,1.543,1.545,1.545,1.539,2026-07-17 02:13:59 UTC,2026-07-17 02:15:32 UTC,92.09,0.3086,0.0041,0.0,0.0004,0.04,9.72,MIN_PROFIT_TP_HIT,0.186
2250,TRUMP_USDT,SHORT,StochasticRSI(MICRO_BURST-SHORT),2,0.2,1.543,1.541,1.541,1.547,2026-07-17 02:20:59 UTC,2026-07-17 02:21:43 UTC,43.32,0.3086,0.0041,0.0,0.0004,0.04,9.72,MIN_PROFIT_TP_HIT,0.1864
2251,TRUMP_USDT,LONG,StochasticRSI(MICRO_BURST-LONG),2,0.2,1.543,1.545,1.545,1.539,2026-07-17 02:24:59 UTC,2026-07-17 02:28:47 UTC,227.11,0.3086,0.0041,0.0,0.0004,0.04,9.72,MIN_PROFIT_TP_HIT,0.1868
2252,TRUMP_USDT,LONG,StochasticRSI(MICRO_BURST-LONG),2,0.2,1.54,1.542,1.542,1.536,2026-07-17 02:40:59 UTC,2026-07-17 02:43:33 UTC,153.41,0.308,0.0041,0.0,0.0004,0.04,9.74,MIN_PROFIT_TP_HIT,0.1872
2253,TRUMP_USDT,SHORT,StochasticRSI(MICRO_BURST-SHORT),2,0.2,1.542,1.54,1.54,1.546,2026-07-17 02:47:59 UTC,2026-07-17 02:48:51 UTC,51.82,0.3084,0.0041,0.0,0.0004,0.04,9.73,MIN_PROFIT_TP_HIT,0.1876
2254,TRUMP_USDT,LONG,StochasticRSI(MICRO_BURST-LONG),2,0.2,1.538,1.54,1.54,1.534,2026-07-17 02:57:59 UTC,2026-07-17 02:58:26 UTC,26.93,0.3076,0.0041,0.0,0.0004,0.04,9.75,MIN_PROFIT_TP_HIT,0.188
2255,TRUMP_USDT,SHORT,StochasticRSI(MICRO_BURST-SHORT),2,0.2,1.539,1.543,1.537,1.543,2026-07-17 03:02:59 UTC,2026-07-17 03:04:31 UTC,91.7,0.3078,0.0041,0.0,-0.0008,-0.08,-19.49,STOP_LOSS_HIT,0.1872
2256,TRUMP_USDT,SHORT,StochasticRSI(MICRO_BURST-SHORT),2,0.2,1.547,1.551,1.545,1.551,2026-07-17 03:08:59 UTC,2026-07-17 03:17:54 UTC,534.19,0.3094,0.0041,0.0,-0.0008,-0.08,-19.39,STOP_LOSS_HIT,0.1864
2257,TRUMP_USDT,SHORT,StochasticRSI(MICRO_BURST-SHORT),2,0.2,1.552,1.55,1.55,1.556,2026-07-17 03:24:59 UTC,2026-07-17 03:32:31 UTC,451.43,0.3104,0.0041,0.0,0.0004,0.04,9.66,MIN_PROFIT_TP_HIT,0.1868
2258,TRUMP_USDT,LONG,StochasticRSI(MICRO_BURST-LONG),2,0.2,1.551,1.553,1.553,1.547,2026-07-17 03:36:59 UTC,2026-07-17 03:42:32 UTC,332.23,0.3102,0.0041,0.0,0.0004,0.04,9.67,MIN_PROFIT_TP_HIT,0.1872
2259,TRUMP_USDT,LONG,StochasticRSI(MICRO_BURST-LONG),2,0.2,1.55,1.552,1.552,1.546,2026-07-17 03:52:59 UTC,2026-07-17 03:58:35 UTC,335.05,0.31,0.0041,0.0,0.0004,0.04,9.68,MIN_PROFIT_TP_HIT,0.1876
2260,TRUMP_USDT,SHORT,StochasticRSI(MICRO_BURST-SHORT),2,0.2,1.549,1.547,1.547,1.553,2026-07-17 04:01:59 UTC,2026-07-17 04:03:10 UTC,70.35,0.3098,0.0041,0.0,0.0004,0.04,9.68,MIN_PROFIT_TP_HIT,0.188
2261,TRUMP_USDT,LONG,StochasticRSI(MICRO_BURST-LONG),2,0.2,1.55,1.552,1.552,1.546,2026-07-17 04:05:59 UTC,2026-07-17 04:07:55 UTC,115.18,0.31,0.0041,0.0,0.0004,0.04,9.68,MIN_PROFIT_TP_HIT,0.1884
2262,TRUMP_USDT,SHORT,StochasticRSI(MICRO_BURST-SHORT),2,0.2,1.552,1.55,1.55,1.556,2026-07-17 04:11:59 UTC,2026-07-17 04:13:44 UTC,104.8,0.3104,0.0041,0.0,0.0004,0.04,9.66,MIN_PROFIT_TP_HIT,0.1888
2263,TRUMP_USDT,LONG,StochasticRSI(MICRO_BURST-LONG),2,0.2,1.548,1.544,1.55,1.544,2026-07-17 04:18:59 UTC,2026-07-17 04:19:50 UTC,50.48,0.3096,0.0041,0.0,-0.0008,-0.08,-19.38,STOP_LOSS_HIT,0.188
2264,TRUMP_USDT,LONG,StochasticRSI(MICRO_BURST-LONG),2,0.2,1.544,1.546,1.546,1.54,2026-07-17 04:21:59 UTC,2026-07-17 04:22:08 UTC,8.71,0.3088,0.0041,0.0,0.0004,0.04,9.72,MIN_PROFIT_TP_HIT,0.1884
2265,TRUMP_USDT,SHORT,StochasticRSI(MICRO_BURST-SHORT),2,0.2,1.548,1.546,1.546,1.552,2026-07-17 04:28:59 UTC,2026-07-17 04:38:11 UTC,551.59,0.3096,0.0041,0.0,0.0004,0.04,9.69,MIN_PROFIT_TP_HIT,0.1888
2266,TRUMP_USDT,LONG,StochasticRSI(MICRO_BURST-LONG),2,0.2,1.549,1.551,1.551,1.545,2026-07-17 04:40:59 UTC,2026-07-17 04:41:43 UTC,43.18,0.3098,0.0041,0.0,0.0004,0.04,9.68,MIN_PROFIT_TP_HIT,0.1892
2267,TRUMP_USDT,SHORT,StochasticRSI(MICRO_BURST-SHORT),2,0.2,1.556,1.554,1.554,1.56,2026-07-17 04:50:59 UTC,2026-07-17 04:57:57 UTC,417.06,0.3112,0.0041,0.0,0.0004,0.04,9.64,MIN_PROFIT_TP_HIT,0.1896
2268,TRUMP_USDT,LONG,StochasticRSI(MICRO_BURST-LONG),2,0.2,1.554,1.55,1.556,1.55,2026-07-17 04:59:59 UTC,2026-07-17 05:02:28 UTC,148.27,0.3108,0.0041,0.0,-0.0008,-0.08,-19.31,STOP_LOSS_HIT,0.1888
2269,TRUMP_USDT,LONG,StochasticRSI(MICRO_BURST-LONG),2,0.2,1.554,1.556,1.556,1.55,2026-07-17 05:04:59 UTC,2026-07-17 05:10:28 UTC,328.63,0.3108,0.0041,0.0,0.0004,0.04,9.65,MIN_PROFIT_TP_HIT,0.1892
2270,TRUMP_USDT,LONG,StochasticRSI(MICRO_BURST-LONG),2,0.2,1.551,1.547,1.553,1.547,2026-07-17 05:22:59 UTC,2026-07-17 05:25:17 UTC,137.15,0.3102,0.0041,0.0,-0.0008,-0.08,-19.34,STOP_LOSS_HIT,0.1884
2271,TRUMP_USDT,SHORT,StochasticRSI(MICRO_BURST-SHORT),2,0.2,1.544,1.542,1.542,1.548,2026-07-17 05:40:59 UTC,2026-07-17 05:45:34 UTC,274.02,0.3088,0.0041,0.0,0.0004,0.04,9.72,MIN_PROFIT_TP_HIT,0.1888
2272,TRUMP_USDT,LONG,StochasticRSI(MICRO_BURST-LONG),2,0.2,1.543,1.539,1.545,1.539,2026-07-17 05:49:59 UTC,2026-07-17 05:51:46 UTC,106.55,0.3086,0.0041,0.0,-0.0008,-0.08,-19.44,STOP_LOSS_HIT,0.188
2273,TRUMP_USDT,SHORT,StochasticRSI(MICRO_BURST-SHORT),2,0.2,1.539,1.537,1.537,1.543,2026-07-17 05:53:59 UTC,2026-07-17 05:58:07 UTC,247.18,0.3078,0.0041,0.0,0.0004,0.04,9.75,MIN_PROFIT_TP_HIT,0.1884
2274,TRUMP_USDT,SHORT,StochasticRSI(MICRO_BURST-SHORT),2,0.2,1.541,1.545,1.539,1.545,2026-07-17 06:07:59 UTC,2026-07-17 06:11:32 UTC,212.65,0.3082,0.0041,0.0,-0.0008,-0.08,-19.47,STOP_LOSS_HIT,0.1876
2275,TRUMP_USDT,LONG,StochasticRSI(MICRO_BURST-LONG),2,0.2,1.544,1.54,1.546,1.54,2026-07-17 06:12:59 UTC,2026-07-17 06:16:07 UTC,187.96,0.3088,0.0041,0.0,-0.0008,-0.08,-19.43,STOP_LOSS_HIT,0.1868
2276,TRUMP_USDT,LONG,StochasticRSI(MICRO_BURST-LONG),2,0.2,1.542,1.544,1.544,1.538,2026-07-17 06:18:59 UTC,2026-07-17 06:20:50 UTC,110.32,0.3084,0.0041,0.0,0.0004,0.04,9.73,MIN_PROFIT_TP_HIT,0.1872
2277,TRUMP_USDT,SHORT,StochasticRSI(MICRO_BURST-SHORT),2,0.2,1.547,1.545,1.545,1.551,2026-07-17 06:26:59 UTC,2026-07-17 06:30:14 UTC,194.66,0.3094,0.0041,0.0,0.0004,0.04,9.7,MIN_PROFIT_TP_HIT,0.1876
2278,TRUMP_USDT,LONG,StochasticRSI(MICRO_BURST-LONG),2,0.2,1.547,1.543,1.549,1.543,2026-07-17 06:34:59 UTC,2026-07-17 06:40:31 UTC,331.63,0.3094,0.0041,0.0,-0.0008,-0.08,-19.39,STOP_LOSS_HIT,0.1868
2279,TRUMP_USDT,LONG,StochasticRSI(MICRO_BURST-LONG),2,0.2,1.542,1.544,1.544,1.538,2026-07-17 06:45:59 UTC,2026-07-17 06:48:34 UTC,154.8,0.3084,0.0041,0.0,0.0004,0.04,9.73,MIN_PROFIT_TP_HIT,0.1872
2280,TRUMP_USDT,SHORT,StochasticRSI(MICRO_BURST-SHORT),2,0.2,1.542,1.54,1.54,1.546,2026-07-17 06:51:59 UTC,2026-07-17 07:10:26 UTC,1106.27,0.3084,0.0041,0.0,0.0004,0.04,9.73,MIN_PROFIT_TP_HIT,0.1876
2281,TRUMP_USDT,SHORT,StochasticRSI(MICRO_BURST-SHORT),2,0.2,1.542,1.54,1.54,1.546,2026-07-17 07:11:59 UTC,2026-07-17 07:15:37 UTC,217.85,0.3084,0.0041,0.0,0.0004,0.04,9.73,MIN_PROFIT_TP_HIT,0.188
2282,TRUMP_USDT,SHORT,StochasticRSI(MICRO_BURST-SHORT),2,0.2,1.537,1.535,1.535,1.541,2026-07-17 07:32:59 UTC,2026-07-17 07:33:11 UTC,11.44,0.3074,0.0041,0.0,0.0004,0.04,9.76,MIN_PROFIT_TP_HIT,0.1884
2283,TRUMP_USDT,LONG,StochasticRSI(MICRO_BURST-LONG),2,0.2,1.532,1.534,1.534,1.528,2026-07-17 07:38:59 UTC,2026-07-17 07:40:04 UTC,64.52,0.3064,0.0041,0.0,0.0004,0.04,9.79,MIN_PROFIT_TP_HIT,0.1888
2284,TRUMP_USDT,SHORT,StochasticRSI(MICRO_BURST-SHORT),2,0.2,1.533,1.531,1.531,1.537,2026-07-17 07:45:59 UTC,2026-07-17 07:58:02 UTC,722.85,0.3066,0.0041,0.0,0.0004,0.04,9.78,MIN_PROFIT_TP_HIT,0.1892
2285,TRUMP_USDT,LONG,StochasticRSI(MICRO_BURST-LONG),2,0.2,1.533,1.535,1.535,1.529,2026-07-17 08:01:59 UTC,2026-07-17 08:03:08 UTC,68.62,0.3066,0.0041,0.0,0.0004,0.04,9.78,MIN_PROFIT_TP_HIT,0.1896
2286,TRUMP_USDT,SHORT,StochasticRSI(MICRO_BURST-SHORT),2,0.2,1.534,1.532,1.532,1.538,2026-07-17 08:04:59 UTC,2026-07-17 08:07:18 UTC,138.69,0.3068,0.0041,0.0,0.0004,0.04,9.78,MIN_PROFIT_TP_HIT,0.19
2287,TRUMP_USDT,LONG,StochasticRSI(MICRO_BURST-LONG),2,0.2,1.532,1.528,1.534,1.528,2026-07-17 08:13:59 UTC,2026-07-17 08:16:30 UTC,150.4,0.3064,0.0041,0.0,-0.0008,-0.08,-19.58,STOP_LOSS_HIT,0.1892
2288,TRUMP_USDT,SHORT,StochasticRSI(MICRO_BURST-SHORT),2,0.2,1.524,1.522,1.522,1.528,2026-07-17 08:17:59 UTC,2026-07-17 08:19:25 UTC,85.58,0.3048,0.0041,0.0,0.0004,0.04,9.84,MIN_PROFIT_TP_HIT,0.1896
2289,TRUMP_USDT,LONG,StochasticRSI(MICRO_BURST-LONG),2,0.2,1.525,1.527,1.527,1.521,2026-07-17 08:20:59 UTC,2026-07-17 08:21:08 UTC,8.95,0.305,0.0041,0.0,0.0004,0.04,9.84,MIN_PROFIT_TP_HIT,0.19
2290,TRUMP_USDT,SHORT,StochasticRSI(MICRO_BURST-SHORT),2,0.2,1.528,1.526,1.526,1.532,2026-07-17 08:28:59 UTC,2026-07-17 08:30:59 UTC,119.4,0.3056,0.0041,0.0,0.0004,0.04,9.82,MIN_PROFIT_TP_HIT,0.1904
2291,TRUMP_USDT,SHORT,StochasticRSI(MICRO_BURST-SHORT),2,0.2,1.524,1.522,1.522,1.528,2026-07-17 08:31:59 UTC,2026-07-17 08:36:41 UTC,281.16,0.3048,0.0041,0.0,0.0004,0.04,9.84,MIN_PROFIT_TP_HIT,0.1908
2292,TRUMP_USDT,SHORT,StochasticRSI(MICRO_BURST-SHORT),2,0.2,1.533,1.537,1.531,1.537,2026-07-17 08:50:59 UTC,2026-07-17 08:56:21 UTC,321.28,0.3066,0.0041,0.0,-0.0008,-0.08,-19.57,STOP_LOSS_HIT,0.19
2293,TRUMP_USDT,LONG,StochasticRSI(MICRO_BURST-LONG),2,0.2,1.532,1.534,1.534,1.528,2026-07-17 09:04:59 UTC,2026-07-17 09:05:37 UTC,37.51,0.3064,0.0041,0.0,0.0004,0.04,9.79,MIN_PROFIT_TP_HIT,0.1904
2294,TRUMP_USDT,LONG,StochasticRSI(MICRO_BURST-LONG),2,0.2,1.532,1.534,1.534,1.528,2026-07-17 09:06:59 UTC,2026-07-17 09:07:43 UTC,43.23,0.3064,0.0041,0.0,0.0004,0.04,9.79,MIN_PROFIT_TP_HIT,0.1908
2295,TRUMP_USDT,LONG,StochasticRSI(MICRO_BURST-LONG),2,0.2,1.535,1.531,1.537,1.531,2026-07-17 09:21:59 UTC,2026-07-17 09:34:36 UTC,756.3,0.307,0.0041,0.0,-0.0008,-0.08,-19.54,STOP_LOSS_HIT,0.19
2296,TRUMP_USDT,LONG,StochasticRSI(MICRO_BURST-LONG),2,0.2,1.533,1.535,1.535,1.529,2026-07-17 09:36:59 UTC,2026-07-17 09:38:24 UTC,84.27,0.3066,0.0041,0.0,0.0004,0.04,9.78,MIN_PROFIT_TP_HIT,0.1904
2297,TRUMP_USDT,SHORT,StochasticRSI(MICRO_BURST-SHORT),2,0.2,1.535,1.539,1.533,1.539,2026-07-17 09:43:59 UTC,2026-07-17 10:08:17 UTC,1457.69,0.307,0.0041,0.0,-0.0008,-0.08,-19.54,STOP_LOSS_HIT,0.1896
2298,TRUMP_USDT,SHORT,StochasticRSI(MICRO_BURST-SHORT),2,0.2,1.539,1.537,1.537,1.543,2026-07-17 10:11:59 UTC,2026-07-17 10:12:03 UTC,3.64,0.3078,0.0041,0.0,0.0004,0.04,9.75,MIN_PROFIT_TP_HIT,0.19
2299,TRUMP_USDT,SHORT,StochasticRSI(MICRO_BURST-SHORT),2,0.2,1.54,1.538,1.538,1.544,2026-07-17 10:20:59 UTC,2026-07-17 10:21:38 UTC,38.65,0.308,0.0041,0.0,0.0004,0.04,9.74,MIN_PROFIT_TP_HIT,0.1904
2300,TRUMP_USDT,LONG,StochasticRSI(MICRO_BURST-LONG),2,0.2,1.538,1.54,1.54,1.534,2026-07-17 10:24:59 UTC,2026-07-17 10:31:11 UTC,371.31,0.3076,0.0041,0.0,0.0004,0.04,9.75,MIN_PROFIT_TP_HIT,0.1908
2301,TRUMP_USDT,SHORT,StochasticRSI(MICRO_BURST-SHORT),2,0.2,1.54,1.544,1.538,1.544,2026-07-17 10:35:59 UTC,2026-07-17 10:46:33 UTC,633.67,0.308,0.0041,0.0,-0.0008,-0.08,-19.48,STOP_LOSS_HIT,0.19
2302,TRUMP_USDT,SHORT,StochasticRSI(MICRO_BURST-SHORT),2,0.2,1.541,1.539,1.539,1.545,2026-07-17 10:49:59 UTC,2026-07-17 11:07:07 UTC,1027.43,0.3082,0.0041,0.0,0.0004,0.04,9.73,MIN_PROFIT_TP_HIT,0.1904
2303,TRUMP_USDT,LONG,StochasticRSI(MICRO_BURST-LONG),2,0.2,1.539,1.535,1.541,1.535,2026-07-17 11:11:59 UTC,2026-07-17 11:51:30 UTC,2370.78,0.3078,0.0041,0.0,-0.0008,-0.08,-19.49,STOP_LOSS_HIT,0.1896
2304,TRUMP_USDT,LONG,StochasticRSI(MICRO_BURST-LONG),2,0.2,1.537,1.533,1.539,1.533,2026-07-17 11:55:59 UTC,2026-07-17 12:18:58 UTC,1378.58,0.3074,0.0041,0.0,-0.0008,-0.08,-19.52,STOP_LOSS_HIT,0.1888
2305,TRUMP_USDT,SHORT,StochasticRSI(MICRO_BURST-SHORT),2,0.2,1.533,1.531,1.531,1.537,2026-07-17 12:27:59 UTC,2026-07-17 12:31:11 UTC,191.62,0.3066,0.0041,0.0,0.0004,0.04,9.78,MIN_PROFIT_TP_HIT,0.1892
2306,TRUMP_USDT,LONG,StochasticRSI(MICRO_BURST-LONG),2,0.2,1.531,1.527,1.533,1.527,2026-07-17 12:33:59 UTC,2026-07-17 12:42:26 UTC,506.09,0.3062,0.0041,0.0,-0.0008,-0.08,-19.6,STOP_LOSS_HIT,0.1884
2307,TRUMP_USDT,LONG,StochasticRSI(MICRO_BURST-LONG),2,0.2,1.528,1.53,1.53,1.524,2026-07-17 12:45:59 UTC,2026-07-17 12:56:46 UTC,646.48,0.3056,0.0041,0.0,0.0004,0.04,9.82,MIN_PROFIT_TP_HIT,0.1888
2308,TRUMP_USDT,SHORT,StochasticRSI(MICRO_BURST-SHORT),2,0.2,1.526,1.524,1.524,1.53,2026-07-17 12:58:59 UTC,2026-07-17 13:00:35 UTC,95.83,0.3052,0.0041,0.0,0.0004,0.04,9.83,MIN_PROFIT_TP_HIT,0.1892
2309,TRUMP_USDT,LONG,StochasticRSI(MICRO_BURST-LONG),2,0.2,1.526,1.528,1.528,1.522,2026-07-17 13:03:59 UTC,2026-07-17 13:04:34 UTC,34.85,0.3052,0.0041,0.0,0.0004,0.04,9.83,MIN_PROFIT_TP_HIT,0.1896
2310,TRUMP_USDT,LONG,StochasticRSI(MICRO_BURST-LONG),2,0.2,1.519,1.515,1.521,1.515,2026-07-17 13:09:59 UTC,2026-07-17 13:11:11 UTC,71.47,0.3038,0.0041,0.0,-0.0008,-0.08,-19.75,STOP_LOSS_HIT,0.1888
2311,TRUMP_USDT,SHORT,StochasticRSI(MICRO_BURST-SHORT),2,0.2,1.518,1.522,1.516,1.522,2026-07-17 13:17:59 UTC,2026-07-17 13:21:16 UTC,196.92,0.3036,0.004,0.0,-0.0008,-0.08,-19.76,STOP_LOSS_HIT,0.188
2312,TRUMP_USDT,LONG,StochasticRSI(MICRO_BURST-LONG),2,0.2,1.507,1.509,1.509,1.503,2026-07-17 13:39:59 UTC,2026-07-17 13:40:00 UTC,0.81,0.3014,0.004,0.0,0.0004,0.04,9.95,MIN_PROFIT_TP_HIT,0.1884
2313,TRUMP_USDT,SHORT,StochasticRSI(MICRO_BURST-SHORT),2,0.2,1.509,1.513,1.507,1.513,2026-07-17 13:45:59 UTC,2026-07-17 13:47:31 UTC,91.93,0.3018,0.004,0.0,-0.0008,-0.08,-19.88,STOP_LOSS_HIT,0.1876
2314,TRUMP_USDT,SHORT,StochasticRSI(MICRO_BURST-SHORT),2,0.2,1.522,1.52,1.52,1.526,2026-07-17 13:55:59 UTC,2026-07-17 13:56:12 UTC,12.38,0.3044,0.0041,0.0,0.0004,0.04,9.86,MIN_PROFIT_TP_HIT,0.188
2315,TRUMP_USDT,SHORT,StochasticRSI(MICRO_BURST-SHORT),2,0.2,1.534,1.538,1.532,1.538,2026-07-17 14:04:59 UTC,2026-07-17 14:06:13 UTC,73.32,0.3068,0.0041,0.0,-0.0008,-0.08,-19.56,STOP_LOSS_HIT,0.1872
2316,TRUMP_USDT,LONG,StochasticRSI(MICRO_BURST-LONG),2,0.2,1.537,1.539,1.539,1.533,2026-07-17 14:19:59 UTC,2026-07-17 14:20:45 UTC,45.77,0.3074,0.0041,0.0,0.0004,0.04,9.76,MIN_PROFIT_TP_HIT,0.1876
2317,TRUMP_USDT,LONG,StochasticRSI(MICRO_BURST-LONG),2,0.2,1.537,1.539,1.539,1.533,2026-07-17 14:23:59 UTC,2026-07-17 14:24:34 UTC,34.4,0.3074,0.0041,0.0,0.0004,0.04,9.76,MIN_PROFIT_TP_HIT,0.188
2318,TRUMP_USDT,LONG,StochasticRSI(MICRO_BURST-LONG),2,0.2,1.538,1.54,1.54,1.534,2026-07-17 14:33:59 UTC,2026-07-17 14:34:35 UTC,35.47,0.3076,0.0041,0.0,0.0004,0.04,9.75,MIN_PROFIT_TP_HIT,0.1884
2319,TRUMP_USDT,SHORT,StochasticRSI(MICRO_BURST-SHORT),2,0.2,1.544,1.542,1.542,1.548,2026-07-17 14:39:59 UTC,2026-07-17 14:41:07 UTC,67.5,0.3088,0.0041,0.0,0.0004,0.04,9.72,MIN_PROFIT_TP_HIT,0.1888
2320,TRUMP_USDT,LONG,StochasticRSI(MICRO_BURST-LONG),2,0.2,1.541,1.543,1.543,1.537,2026-07-17 14:46:59 UTC,2026-07-17 14:47:22 UTC,22.98,0.3082,0.0041,0.0,0.0004,0.04,9.73,MIN_PROFIT_TP_HIT,0.1892
2321,TRUMP_USDT,LONG,StochasticRSI(MICRO_BURST-LONG),2,0.2,1.543,1.539,1.545,1.539,2026-07-17 14:48:59 UTC,2026-07-17 14:50:02 UTC,62.09,0.3086,0.0041,0.0,-0.0008,-0.08,-19.44,STOP_LOSS_HIT,0.1884
2322,TRUMP_USDT,LONG,StochasticRSI(MICRO_BURST-LONG),2,0.2,1.541,1.543,1.543,1.537,2026-07-17 14:53:59 UTC,2026-07-17 14:55:53 UTC,113.46,0.3082,0.0041,0.0,0.0004,0.04,9.73,MIN_PROFIT_TP_HIT,0.1888
2323,TRUMP_USDT,LONG,StochasticRSI(MICRO_BURST-LONG),2,0.2,1.539,1.535,1.541,1.535,2026-07-17 15:03:59 UTC,2026-07-17 15:06:11 UTC,131.16,0.3078,0.0041,0.0,-0.0008,-0.08,-19.49,STOP_LOSS_HIT,0.188
2324,TRUMP_USDT,LONG,StochasticRSI(MICRO_BURST-LONG),2,0.2,1.534,1.53,1.536,1.53,2026-07-17 15:18:59 UTC,2026-07-17 15:20:30 UTC,90.4,0.3068,0.0041,0.0,-0.0008,-0.08,-19.56,STOP_LOSS_HIT,0.1872
2325,TRUMP_USDT,SHORT,StochasticRSI(MICRO_BURST-SHORT),2,0.2,1.532,1.536,1.53,1.536,2026-07-17 15:24:59 UTC,2026-07-17 15:27:17 UTC,137.4,0.3064,0.0041,0.0,-0.0008,-0.08,-19.58,STOP_LOSS_HIT,0.1864
2326,TRUMP_USDT,SHORT,StochasticRSI(MICRO_BURST-SHORT),2,0.2,1.537,1.541,1.535,1.541,2026-07-17 15:32:59 UTC,2026-07-17 15:36:11 UTC,191.59,0.3074,0.0041,0.0,-0.0008,-0.08,-19.52,STOP_LOSS_HIT,0.1856
2327,TRUMP_USDT,SHORT,StochasticRSI(MICRO_BURST-SHORT),2,0.2,1.542,1.54,1.54,1.546,2026-07-17 15:42:59 UTC,2026-07-17 15:46:32 UTC,212.35,0.3084,0.0041,0.0,0.0004,0.04,9.73,MIN_PROFIT_TP_HIT,0.186
2328,TRUMP_USDT,LONG,StochasticRSI(MICRO_BURST-LONG),2,0.2,1.541,1.543,1.543,1.537,2026-07-17 15:48:59 UTC,2026-07-17 15:49:21 UTC,21.44,0.3082,0.0041,0.0,0.0004,0.04,9.73,MIN_PROFIT_TP_HIT,0.1864
2329,TRUMP_USDT,SHORT,StochasticRSI(MICRO_BURST-SHORT),2,0.2,1.546,1.544,1.544,1.55,2026-07-17 15:54:59 UTC,2026-07-17 15:55:06 UTC,6.64,0.3092,0.0041,0.0,0.0004,0.04,9.7,MIN_PROFIT_TP_HIT,0.1868
2330,TRUMP_USDT,SHORT,StochasticRSI(MICRO_BURST-SHORT),2,0.2,1.55,1.548,1.548,1.554,2026-07-17 16:14:59 UTC,2026-07-17 16:16:59 UTC,119.79,0.31,0.0041,0.0,0.0004,0.04,9.68,MIN_PROFIT_TP_HIT,0.1872
2331,TRUMP_USDT,LONG,StochasticRSI(MICRO_BURST-LONG),2,0.2,1.551,1.553,1.553,1.547,2026-07-17 16:19:59 UTC,2026-07-17 16:27:04 UTC,424.19,0.3102,0.0041,0.0,0.0004,0.04,9.67,MIN_PROFIT_TP_HIT,0.1876
2332,TRUMP_USDT,SHORT,StochasticRSI(MICRO_BURST-SHORT),2,0.2,1.553,1.557,1.551,1.557,2026-07-17 16:30:59 UTC,2026-07-17 16:36:10 UTC,310.92,0.3106,0.0041,0.0,-0.0008,-0.08,-19.32,STOP_LOSS_HIT,0.1868
2333,TRUMP_USDT,SHORT,StochasticRSI(MICRO_BURST-SHORT),2,0.2,1.558,1.556,1.556,1.562,2026-07-17 16:39:59 UTC,2026-07-17 16:40:44 UTC,44.99,0.3116,0.0042,0.0,0.0004,0.04,9.63,MIN_PROFIT_TP_HIT,0.1872
2334,TRUMP_USDT,LONG,StochasticRSI(MICRO_BURST-LONG),2,0.2,1.559,1.561,1.561,1.555,2026-07-17 16:43:59 UTC,2026-07-17 16:44:18 UTC,18.05,0.3118,0.0042,0.0,0.0004,0.04,9.62,MIN_PROFIT_TP_HIT,0.1876
2335,TRUMP_USDT,SHORT,StochasticRSI(MICRO_BURST-SHORT),2,0.2,1.566,1.564,1.564,1.57,2026-07-17 16:50:59 UTC,2026-07-17 16:51:50 UTC,50.84,0.3132,0.0042,0.0,0.0004,0.04,9.58,MIN_PROFIT_TP_HIT,0.188
2336,TRUMP_USDT,LONG,StochasticRSI(MICRO_BURST-LONG),2,0.2,1.557,1.559,1.559,1.553,2026-07-17 16:58:59 UTC,2026-07-17 17:00:00 UTC,60.65,0.3114,0.0042,0.0,0.0004,0.04,9.63,MIN_PROFIT_TP_HIT,0.1884
2337,TRUMP_USDT,SHORT,StochasticRSI(MICRO_BURST-SHORT),2,0.2,1.558,1.562,1.556,1.562,2026-07-17 17:05:59 UTC,2026-07-17 17:06:38 UTC,38.41,0.3116,0.0042,0.0,-0.0008,-0.08,-19.26,STOP_LOSS_HIT,0.1876
2338,TRUMP_USDT,LONG,StochasticRSI(MICRO_BURST-LONG),2,0.2,1.561,1.557,1.563,1.557,2026-07-17 17:17:59 UTC,2026-07-17 17:20:29 UTC,149.4,0.3122,0.0042,0.0,-0.0008,-0.08,-19.22,STOP_LOSS_HIT,0.1868
2339,TRUMP_USDT,LONG,StochasticRSI(MICRO_BURST-LONG),2,0.2,1.555,1.557,1.557,1.551,2026-07-17 17:26:59 UTC,2026-07-17 17:27:48 UTC,48.11,0.311,0.0041,0.0,0.0004,0.04,9.65,MIN_PROFIT_TP_HIT,0.1872
2340,TRUMP_USDT,SHORT,StochasticRSI(MICRO_BURST-SHORT),2,0.2,1.555,1.553,1.553,1.559,2026-07-17 17:31:59 UTC,2026-07-17 17:35:38 UTC,218.04,0.311,0.0041,0.0,0.0004,0.04,9.65,MIN_PROFIT_TP_HIT,0.1876
2341,TRUMP_USDT,LONG,StochasticRSI(MICRO_BURST-LONG),2,0.2,1.553,1.549,1.555,1.549,2026-07-17 17:39:59 UTC,2026-07-17 17:47:04 UTC,424.77,0.3106,0.0041,0.0,-0.0008,-0.08,-19.32,STOP_LOSS_HIT,0.1868
2342,TRUMP_USDT,SHORT,StochasticRSI(MICRO_BURST-SHORT),2,0.2,1.551,1.549,1.549,1.555,2026-07-17 17:52:59 UTC,2026-07-17 17:55:08 UTC,128.04,0.3102,0.0041,0.0,0.0004,0.04,9.67,MIN_PROFIT_TP_HIT,0.1872
2343,TRUMP_USDT,SHORT,StochasticRSI(MICRO_BURST-SHORT),2,0.2,1.546,1.544,1.544,1.55,2026-07-17 18:07:59 UTC,2026-07-17 18:20:51 UTC,771.11,0.3092,0.0041,0.0,0.0004,0.04,9.7,MIN_PROFIT_TP_HIT,0.1876
2344,TRUMP_USDT,LONG,StochasticRSI(MICRO_BURST-LONG),2,0.2,1.546,1.548,1.548,1.542,2026-07-17 18:23:59 UTC,2026-07-17 18:30:39 UTC,399.62,0.3092,0.0041,0.0,0.0004,0.04,9.7,MIN_PROFIT_TP_HIT,0.188
2345,TRUMP_USDT,SHORT,StochasticRSI(MICRO_BURST-SHORT),2,0.2,1.546,1.544,1.544,1.55,2026-07-17 18:32:59 UTC,2026-07-17 18:33:37 UTC,37.9,0.3092,0.0041,0.0,0.0004,0.04,9.7,MIN_PROFIT_TP_HIT,0.1884
2346,TRUMP_USDT,SHORT,StochasticRSI(MICRO_BURST-SHORT),2,0.2,1.545,1.549,1.543,1.549,2026-07-17 18:41:59 UTC,2026-07-17 18:46:42 UTC,282.64,0.309,0.0041,0.0,-0.0008,-0.08,-19.42,STOP_LOSS_HIT,0.1876
2347,TRUMP_USDT,LONG,StochasticRSI(MICRO_BURST-LONG),2,0.2,1.551,1.553,1.553,1.547,2026-07-17 19:00:59 UTC,2026-07-17 19:04:10 UTC,190.67,0.3102,0.0041,0.0,0.0004,0.04,9.67,MIN_PROFIT_TP_HIT,0.188
2348,TRUMP_USDT,SHORT,StochasticRSI(MICRO_BURST-SHORT),2,0.2,1.551,1.549,1.549,1.555,2026-07-17 19:08:59 UTC,2026-07-17 19:09:16 UTC,16.75,0.3102,0.0041,0.0,0.0004,0.04,9.67,MIN_PROFIT_TP_HIT,0.1884
2349,TRUMP_USDT,LONG,StochasticRSI(MICRO_BURST-LONG),2,0.2,1.545,1.541,1.547,1.541,2026-07-17 19:12:59 UTC,2026-07-17 19:17:36 UTC,276.98,0.309,0.0041,0.0,-0.0008,-0.08,-19.42,STOP_LOSS_HIT,0.1876
2350,TRUMP_USDT,SHORT,StochasticRSI(MICRO_BURST-SHORT),2,0.2,1.546,1.544,1.544,1.55,2026-07-17 19:31:59 UTC,2026-07-17 19:40:17 UTC,497.01,0.3092,0.0041,0.0,0.0004,0.04,9.7,MIN_PROFIT_TP_HIT,0.188
2351,TRUMP_USDT,LONG,StochasticRSI(MICRO_BURST-LONG),2,0.2,1.546,1.548,1.548,1.542,2026-07-17 19:44:59 UTC,2026-07-17 19:46:13 UTC,73.62,0.3092,0.0041,0.0,0.0004,0.04,9.7,MIN_PROFIT_TP_HIT,0.1884
2352,TRUMP_USDT,SHORT,StochasticRSI(MICRO_BURST-SHORT),2,0.2,1.546,1.544,1.544,1.55,2026-07-17 19:50:59 UTC,2026-07-17 19:54:40 UTC,220.13,0.3092,0.0041,0.0,0.0004,0.04,9.7,MIN_PROFIT_TP_HIT,0.1888
2353,TRUMP_USDT,LONG,StochasticRSI(MICRO_BURST-LONG),2,0.2,1.543,1.539,1.545,1.539,2026-07-17 20:02:59 UTC,2026-07-17 20:03:29 UTC,29.68,0.3086,0.0041,0.0,-0.0008,-0.08,-19.44,STOP_LOSS_HIT,0.188
2354,TRUMP_USDT,SHORT,StochasticRSI(MICRO_BURST-SHORT),2,0.2,1.543,1.541,1.541,1.547,2026-07-17 20:15:59 UTC,2026-07-17 20:31:16 UTC,916.98,0.3086,0.0041,0.0,0.0004,0.04,9.72,MIN_PROFIT_TP_HIT,0.1884
2355,TRUMP_USDT,LONG,StochasticRSI(MICRO_BURST-LONG),2,0.2,1.542,1.538,1.544,1.538,2026-07-17 20:34:59 UTC,2026-07-17 20:41:54 UTC,414.31,0.3084,0.0041,0.0,-0.0008,-0.08,-19.46,STOP_LOSS_HIT,0.1876
2356,TRUMP_USDT,LONG,StochasticRSI(MICRO_BURST-LONG),2,0.2,1.543,1.545,1.545,1.539,2026-07-17 20:45:59 UTC,2026-07-17 21:02:06 UTC,966.48,0.3086,0.0041,0.0,0.0004,0.04,9.72,MIN_PROFIT_TP_HIT,0.188
2357,TRUMP_USDT,SHORT,StochasticRSI(MICRO_BURST-SHORT),2,0.2,1.545,1.543,1.543,1.549,2026-07-17 21:06:59 UTC,2026-07-17 21:09:36 UTC,156.3,0.309,0.0041,0.0,0.0004,0.04,9.71,MIN_PROFIT_TP_HIT,0.1884
2358,TRUMP_USDT,LONG,StochasticRSI(MICRO_BURST-LONG),2,0.2,1.544,1.546,1.546,1.54,2026-07-17 21:10:59 UTC,2026-07-17 21:13:05 UTC,125.1,0.3088,0.0041,0.0,0.0004,0.04,9.72,MIN_PROFIT_TP_HIT,0.1888
2359,TRUMP_USDT,SHORT,StochasticRSI(MICRO_BURST-SHORT),2,0.2,1.543,1.541,1.541,1.547,2026-07-17 21:33:59 UTC,2026-07-17 21:43:53 UTC,593.7,0.3086,0.0041,0.0,0.0004,0.04,9.72,MIN_PROFIT_TP_HIT,0.1892
2360,TRUMP_USDT,SHORT,StochasticRSI(MICRO_BURST-SHORT),2,0.2,1.539,1.543,1.537,1.543,2026-07-17 22:04:59 UTC,2026-07-17 22:11:45 UTC,405.38,0.3078,0.0041,0.0,-0.0008,-0.08,-19.49,STOP_LOSS_HIT,0.1884
2361,TRUMP_USDT,SHORT,StochasticRSI(MICRO_BURST-SHORT),2,0.2,1.543,1.541,1.541,1.547,2026-07-17 22:16:59 UTC,2026-07-17 22:17:13 UTC,13.63,0.3086,0.0041,0.0,0.0004,0.04,9.72,MIN_PROFIT_TP_HIT,0.1888
2362,TRUMP_USDT,LONG,StochasticRSI(MICRO_BURST-LONG),2,0.2,1.542,1.544,1.544,1.538,2026-07-17 22:21:59 UTC,2026-07-17 22:41:17 UTC,1157.47,0.3084,0.0041,0.0,0.0004,0.04,9.73,MIN_PROFIT_TP_HIT,0.1892
2363,TRUMP_USDT,LONG,StochasticRSI(MICRO_BURST-LONG),2,0.2,1.545,1.541,1.547,1.541,2026-07-17 23:04:59 UTC,2026-07-17 23:13:11 UTC,491.17,0.309,0.0041,0.0,-0.0008,-0.08,-19.42,STOP_LOSS_HIT,0.1884
2364,TRUMP_USDT,SHORT,StochasticRSI(MICRO_BURST-SHORT),2,0.2,1.546,1.55,1.544,1.55,2026-07-17 23:26:59 UTC,2026-07-17 23:35:14 UTC,494.15,0.3092,0.0041,0.0,-0.0008,-0.08,-19.4,STOP_LOSS_HIT,0.1876
2365,TRUMP_USDT,SHORT,StochasticRSI(MICRO_BURST-SHORT),2,0.2,1.55,1.554,1.548,1.554,2026-07-17 23:41:59 UTC,2026-07-17 23:46:23 UTC,263.96,0.31,0.0041,0.0,-0.0008,-0.08,-19.35,STOP_LOSS_HIT,0.1868
2366,TRUMP_USDT,SHORT,StochasticRSI(MICRO_BURST-SHORT),2,0.2,1.552,1.55,1.55,1.556,2026-07-17 23:48:59 UTC,2026-07-17 23:58:45 UTC,585.62,0.3104,0.0041,0.0,0.0004,0.04,9.66,MIN_PROFIT_TP_HIT,0.1872
2367,TRUMP_USDT,LONG,StochasticRSI(MICRO_BURST-LONG),2,0.2,1.552,1.554,1.554,1.548,2026-07-18 00:00:59 UTC,2026-07-18 00:01:35 UTC,35.7,0.3104,0.0041,0.0,0.0004,0.04,9.66,MIN_PROFIT_TP_HIT,0.1876
2368,TRUMP_USDT,SHORT,StochasticRSI(MICRO_BURST-SHORT),2,0.2,1.55,1.554,1.548,1.554,2026-07-18 00:04:59 UTC,2026-07-18 00:10:59 UTC,359.56,0.31,0.0041,0.0,-0.0008,-0.08,-19.35,STOP_LOSS_HIT,0.1868
2369,TRUMP_USDT,SHORT,StochasticRSI(MICRO_BURST-SHORT),2,0.2,1.558,1.556,1.556,1.562,2026-07-18 00:20:59 UTC,2026-07-18 00:34:50 UTC,830.51,0.3116,0.0042,0.0,0.0004,0.04,9.63,MIN_PROFIT_TP_HIT,0.1872
2370,TRUMP_USDT,LONG,StochasticRSI(MICRO_BURST-LONG),2,0.2,1.558,1.56,1.56,1.554,2026-07-18 00:37:59 UTC,2026-07-18 00:40:12 UTC,132.0,0.3116,0.0042,0.0,0.0004,0.04,9.63,MIN_PROFIT_TP_HIT,0.1876
2371,TRUMP_USDT,SHORT,StochasticRSI(MICRO_BURST-SHORT),2,0.2,1.564,1.562,1.562,1.568,2026-07-18 00:48:59 UTC,2026-07-18 00:49:54 UTC,54.84,0.3128,0.0042,0.0,0.0004,0.04,9.59,MIN_PROFIT_TP_HIT,0.188
2372,TRUMP_USDT,LONG,StochasticRSI(MICRO_BURST-LONG),2,0.2,1.561,1.563,1.563,1.557,2026-07-18 00:57:59 UTC,2026-07-18 01:09:09 UTC,669.9,0.3122,0.0042,0.0,0.0004,0.04,9.61,MIN_PROFIT_TP_HIT,0.1884
2373,TRUMP_USDT,SHORT,StochasticRSI(MICRO_BURST-SHORT),2,0.2,1.565,1.563,1.563,1.569,2026-07-18 01:15:59 UTC,2026-07-18 01:16:52 UTC,52.96,0.313,0.0042,0.0,0.0004,0.04,9.58,MIN_PROFIT_TP_HIT,0.1888
2374,TRUMP_USDT,LONG,StochasticRSI(MICRO_BURST-LONG),2,0.2,1.563,1.565,1.565,1.559,2026-07-18 01:19:59 UTC,2026-07-18 01:22:38 UTC,158.35,0.3126,0.0042,0.0,0.0004,0.04,9.6,MIN_PROFIT_TP_HIT,0.1892
2375,TRUMP_USDT,LONG,StochasticRSI(MICRO_BURST-LONG),2,0.2,1.566,1.568,1.568,1.562,2026-07-18 01:23:59 UTC,2026-07-18 01:26:09 UTC,129.74,0.3132,0.0042,0.0,0.0004,0.04,9.58,MIN_PROFIT_TP_HIT,0.1896
2376,TRUMP_USDT,SHORT,StochasticRSI(MICRO_BURST-SHORT),2,0.2,1.568,1.566,1.566,1.572,2026-07-18 01:28:59 UTC,2026-07-18 01:29:25 UTC,25.82,0.3136,0.0042,0.0,0.0004,0.04,9.57,MIN_PROFIT_TP_HIT,0.19
2377,TRUMP_USDT,LONG,StochasticRSI(MICRO_BURST-LONG),2,0.2,1.568,1.57,1.57,1.564,2026-07-18 01:38:59 UTC,2026-07-18 01:42:56 UTC,236.38,0.3136,0.0042,0.0,0.0004,0.04,9.57,MIN_PROFIT_TP_HIT,0.1904
2378,TRUMP_USDT,SHORT,StochasticRSI(MICRO_BURST-SHORT),2,0.2,1.57,1.568,1.568,1.574,2026-07-18 01:47:59 UTC,2026-07-18 01:49:20 UTC,80.9,0.314,0.0042,0.0,0.0004,0.04,9.55,MIN_PROFIT_TP_HIT,0.1908
2379,TRUMP_USDT,LONG,StochasticRSI(MICRO_BURST-LONG),2,0.2,1.569,1.571,1.571,1.565,2026-07-18 01:53:59 UTC,2026-07-18 02:02:33 UTC,513.37,0.3138,0.0042,0.0,0.0004,0.04,9.56,MIN_PROFIT_TP_HIT,0.1912
2380,TRUMP_USDT,SHORT,StochasticRSI(MICRO_BURST-SHORT),2,0.2,1.563,1.567,1.561,1.567,2026-07-18 02:06:59 UTC,2026-07-18 02:07:20 UTC,20.43,0.3126,0.0042,0.0,-0.0008,-0.08,-19.19,STOP_LOSS_HIT,0.1904
2381,TRUMP_USDT,SHORT,StochasticRSI(MICRO_BURST-SHORT),2,0.2,1.611,1.615,1.609,1.615,2026-07-18 02:37:59 UTC,2026-07-18 02:40:02 UTC,122.76,0.3222,0.0043,0.0,-0.0008,-0.08,-18.62,STOP_LOSS_HIT,0.1896
2382,TRUMP_USDT,LONG,StochasticRSI(MICRO_BURST-LONG),2,0.2,1.62,1.622,1.622,1.616,2026-07-18 02:41:59 UTC,2026-07-18 02:42:04 UTC,4.03,0.324,0.0043,0.0,0.0004,0.04,9.26,MIN_PROFIT_TP_HIT,0.19
2383,TRUMP_USDT,LONG,StochasticRSI(MICRO_BURST-LONG),2,0.2,1.638,1.634,1.64,1.634,2026-07-18 02:48:59 UTC,2026-07-18 02:49:12 UTC,12.31,0.3276,0.0044,0.0,-0.0008,-0.08,-18.32,STOP_LOSS_HIT,0.1892
2384,TRUMP_USDT,LONG,StochasticRSI(MICRO_BURST-LONG),2,0.2,1.638,1.634,1.64,1.634,2026-07-18 02:55:59 UTC,2026-07-18 02:56:07 UTC,7.88,0.3276,0.0044,0.0,-0.0008,-0.08,-18.32,STOP_LOSS_HIT,0.1884
2385,TRUMP_USDT,LONG,StochasticRSI(MICRO_BURST-LONG),2,0.2,1.63,1.632,1.632,1.626,2026-07-18 03:01:59 UTC,2026-07-18 03:02:15 UTC,15.1,0.326,0.0043,0.0,0.0004,0.04,9.2,MIN_PROFIT_TP_HIT,0.1888
2386,TRUMP_USDT,SHORT,StochasticRSI(MICRO_BURST-SHORT),2,0.2,1.643,1.641,1.641,1.647,2026-07-18 03:12:59 UTC,2026-07-18 03:13:00 UTC,0.53,0.3286,0.0044,0.0,0.0004,0.04,9.13,MIN_PROFIT_TP_HIT,0.1892
2387,TRUMP_USDT,LONG,StochasticRSI(MICRO_BURST-LONG),2,0.2,1.649,1.645,1.651,1.645,2026-07-18 03:18:59 UTC,2026-07-18 03:20:05 UTC,65.26,0.3298,0.0044,0.0,-0.0008,-0.08,-18.19,STOP_LOSS_HIT,0.1884
2388,TRUMP_USDT,LONG,StochasticRSI(MICRO_BURST-LONG),2,0.2,1.617,1.613,1.619,1.613,2026-07-18 03:27:59 UTC,2026-07-18 03:28:49 UTC,49.87,0.3234,0.0043,0.0,-0.0008,-0.08,-18.55,STOP_LOSS_HIT,0.1876
2389,TRUMP_USDT,LONG,StochasticRSI(MICRO_BURST-LONG),2,0.2,1.616,1.618,1.618,1.612,2026-07-18 03:32:59 UTC,2026-07-18 03:33:10 UTC,10.45,0.3232,0.0043,0.0,0.0004,0.04,9.28,MIN_PROFIT_TP_HIT,0.188
2390,TRUMP_USDT,SHORT,StochasticRSI(MICRO_BURST-SHORT),2,0.2,1.62,1.618,1.618,1.624,2026-07-18 03:36:59 UTC,2026-07-18 03:37:00 UTC,0.57,0.324,0.0043,0.0,0.0004,0.04,9.26,MIN_PROFIT_TP_HIT,0.1884
2391,TRUMP_USDT,SHORT,StochasticRSI(MICRO_BURST-SHORT),2,0.2,1.623,1.621,1.621,1.627,2026-07-18 03:43:59 UTC,2026-07-18 03:44:04 UTC,4.4,0.3246,0.0043,0.0,0.0004,0.04,9.24,MIN_PROFIT_TP_HIT,0.1888
2392,TRUMP_USDT,SHORT,StochasticRSI(MICRO_BURST-SHORT),2,0.2,1.627,1.625,1.625,1.631,2026-07-18 03:53:59 UTC,2026-07-18 03:54:49 UTC,49.94,0.3254,0.0043,0.0,0.0004,0.04,9.22,MIN_PROFIT_TP_HIT,0.1892
2393,TRUMP_USDT,SHORT,StochasticRSI(MICRO_BURST-SHORT),2,0.2,1.64,1.638,1.638,1.644,2026-07-18 04:10:59 UTC,2026-07-18 04:11:01 UTC,1.13,0.328,0.0044,0.0,0.0004,0.04,9.15,MIN_PROFIT_TP_HIT,0.1896
2394,TRUMP_USDT,LONG,StochasticRSI(MICRO_BURST-LONG),2,0.2,1.629,1.631,1.631,1.625,2026-07-18 04:22:59 UTC,2026-07-18 04:23:26 UTC,26.53,0.3258,0.0043,0.0,0.0004,0.04,9.21,MIN_PROFIT_TP_HIT,0.19
2395,TRUMP_USDT,SHORT,StochasticRSI(MICRO_BURST-SHORT),2,0.2,1.66,1.664,1.658,1.664,2026-07-18 04:32:59 UTC,2026-07-18 04:33:18 UTC,18.21,0.332,0.0044,0.0,-0.0008,-0.08,-18.07,STOP_LOSS_HIT,0.1892
2396,TRUMP_USDT,LONG,StochasticRSI(MICRO_BURST-LONG),2,0.2,1.64,1.642,1.642,1.636,2026-07-18 04:39:59 UTC,2026-07-18 04:40:08 UTC,8.8,0.328,0.0044,0.0,0.0004,0.04,9.15,MIN_PROFIT_TP_HIT,0.1896
2397,TRUMP_USDT,SHORT,StochasticRSI(MICRO_BURST-SHORT),2,0.2,1.656,1.654,1.654,1.66,2026-07-18 04:46:59 UTC,2026-07-18 04:47:08 UTC,8.16,0.3312,0.0044,0.0,0.0004,0.04,9.06,MIN_PROFIT_TP_HIT,0.19
2398,TRUMP_USDT,LONG,StochasticRSI(MICRO_BURST-LONG),2,0.2,1.63,1.632,1.632,1.626,2026-07-18 04:55:59 UTC,2026-07-18 04:56:05 UTC,5.77,0.326,0.0043,0.0,0.0004,0.04,9.2,MIN_PROFIT_TP_HIT,0.1904
2399,TRUMP_USDT,LONG,StochasticRSI(MICRO_BURST-LONG),2,0.2,1.635,1.637,1.637,1.631,2026-07-18 04:57:59 UTC,2026-07-18 04:58:06 UTC,6.66,0.327,0.0044,0.0,0.0004,0.04,9.17,MIN_PROFIT_TP_HIT,0.1908
2400,TRUMP_USDT,SHORT,StochasticRSI(MICRO_BURST-SHORT),2,0.2,1.639,1.643,1.637,1.643,2026-07-18 05:01:59 UTC,2026-07-18 05:03:35 UTC,95.8,0.3278,0.0044,0.0,-0.0008,-0.08,-18.3,STOP_LOSS_HIT,0.19
2401,TRUMP_USDT,SHORT,StochasticRSI(MICRO_BURST-SHORT),2,0.2,1.65,1.648,1.648,1.654,2026-07-18 05:06:59 UTC,2026-07-18 05:07:11 UTC,11.51,0.33,0.0044,0.0,0.0004,0.04,9.09,MIN_PROFIT_TP_HIT,0.1904
2402,TRUMP_USDT,SHORT,StochasticRSI(MICRO_BURST-SHORT),2,0.2,1.652,1.65,1.65,1.656,2026-07-18 05:10:59 UTC,2026-07-18 05:11:16 UTC,16.23,0.3304,0.0044,0.0,0.0004,0.04,9.08,MIN_PROFIT_TP_HIT,0.1908
2403,TRUMP_USDT,LONG,StochasticRSI(MICRO_BURST-LONG),2,0.2,1.635,1.637,1.637,1.631,2026-07-18 05:17:59 UTC,2026-07-18 05:18:07 UTC,7.87,0.327,0.0044,0.0,0.0004,0.04,9.17,MIN_PROFIT_TP_HIT,0.1912
2404,TRUMP_USDT,SHORT,StochasticRSI(MICRO_BURST-SHORT),2,0.2,1.637,1.635,1.635,1.641,2026-07-18 05:24:59 UTC,2026-07-18 05:25:00 UTC,0.48,0.3274,0.0044,0.0,0.0004,0.04,9.16,MIN_PROFIT_TP_HIT,0.1916
2405,TRUMP_USDT,LONG,StochasticRSI(MICRO_BURST-LONG),2,0.2,1.629,1.631,1.631,1.625,2026-07-18 05:29:59 UTC,2026-07-18 05:30:10 UTC,10.12,0.3258,0.0043,0.0,0.0004,0.04,9.21,MIN_PROFIT_TP_HIT,0.192
2406,TRUMP_USDT,SHORT,StochasticRSI(MICRO_BURST-SHORT),2,0.2,1.628,1.626,1.626,1.632,2026-07-18 05:34:59 UTC,2026-07-18 05:36:07 UTC,67.63,0.3256,0.0043,0.0,0.0004,0.04,9.21,MIN_PROFIT_TP_HIT,0.1924
2407,TRUMP_USDT,LONG,StochasticRSI(MICRO_BURST-LONG),2,0.2,1.618,1.62,1.62,1.614,2026-07-18 05:39:59 UTC,2026-07-18 05:40:45 UTC,45.88,0.3236,0.0043,0.0,0.0004,0.04,9.27,MIN_PROFIT_TP_HIT,0.1928
2408,TRUMP_USDT,SHORT,StochasticRSI(MICRO_BURST-SHORT),2,0.2,1.624,1.622,1.622,1.628,2026-07-18 05:50:59 UTC,2026-07-18 05:51:40 UTC,40.06,0.3248,0.0043,0.0,0.0004,0.04,9.24,MIN_PROFIT_TP_HIT,0.1932
2409,TRUMP_USDT,SHORT,StochasticRSI(MICRO_BURST-SHORT),2,0.2,1.63,1.634,1.628,1.634,2026-07-18 06:05:59 UTC,2026-07-18 06:07:17 UTC,77.04,0.326,0.0043,0.0,-0.0008,-0.08,-18.4,STOP_LOSS_HIT,0.1924
2410,TRUMP_USDT,LONG,StochasticRSI(MICRO_BURST-LONG),2,0.2,1.632,1.628,1.634,1.628,2026-07-18 06:13:59 UTC,2026-07-18 06:15:08 UTC,68.67,0.3264,0.0044,0.0,-0.0008,-0.08,-18.38,STOP_LOSS_HIT,0.1916
2411,TRUMP_USDT,SHORT,StochasticRSI(MICRO_BURST-SHORT),2,0.2,1.637,1.635,1.635,1.641,2026-07-18 06:23:59 UTC,2026-07-18 06:24:38 UTC,38.96,0.3274,0.0044,0.0,0.0004,0.04,9.16,MIN_PROFIT_TP_HIT,0.192
2412,TRUMP_USDT,LONG,StochasticRSI(MICRO_BURST-LONG),2,0.2,1.625,1.621,1.627,1.621,2026-07-18 06:29:59 UTC,2026-07-18 06:32:32 UTC,152.59,0.325,0.0043,0.0,-0.0008,-0.08,-18.46,STOP_LOSS_HIT,0.1912
2413,TRUMP_USDT,LONG,StochasticRSI(MICRO_BURST-LONG),2,0.2,1.617,1.619,1.619,1.613,2026-07-18 06:36:59 UTC,2026-07-18 06:37:22 UTC,22.07,0.3234,0.0043,0.0,0.0004,0.04,9.28,MIN_PROFIT_TP_HIT,0.1916
2414,TRUMP_USDT,SHORT,StochasticRSI(MICRO_BURST-SHORT),2,0.2,1.63,1.628,1.628,1.634,2026-07-18 06:42:59 UTC,2026-07-18 06:43:45 UTC,45.24,0.326,0.0043,0.0,0.0004,0.04,9.2,MIN_PROFIT_TP_HIT,0.192
2415,TRUMP_USDT,LONG,StochasticRSI(MICRO_BURST-LONG),2,0.2,1.623,1.625,1.625,1.619,2026-07-18 06:48:59 UTC,2026-07-18 06:49:18 UTC,18.48,0.3246,0.0043,0.0,0.0004,0.04,9.24,MIN_PROFIT_TP_HIT,0.1924
2416,TRUMP_USDT,SHORT,StochasticRSI(MICRO_BURST-SHORT),2,0.2,1.623,1.621,1.621,1.627,2026-07-18 06:57:59 UTC,2026-07-18 06:58:12 UTC,12.52,0.3246,0.0043,0.0,0.0004,0.04,9.24,MIN_PROFIT_TP_HIT,0.1928
2417,TRUMP_USDT,LONG,StochasticRSI(MICRO_BURST-LONG),2,0.2,1.624,1.62,1.626,1.62,2026-07-18 07:01:59 UTC,2026-07-18 07:05:01 UTC,181.61,0.3248,0.0043,0.0,-0.0008,-0.08,-18.47,STOP_LOSS_HIT,0.192
2418,TRUMP_USDT,LONG,StochasticRSI(MICRO_BURST-LONG),2,0.2,1.616,1.618,1.618,1.612,2026-07-18 07:09:59 UTC,2026-07-18 07:15:26 UTC,326.83,0.3232,0.0043,0.0,0.0004,0.04,9.28,MIN_PROFIT_TP_HIT,0.1924
2419,TRUMP_USDT,SHORT,StochasticRSI(MICRO_BURST-SHORT),2,0.2,1.623,1.621,1.621,1.627,2026-07-18 07:19:59 UTC,2026-07-18 07:20:07 UTC,7.62,0.3246,0.0043,0.0,0.0004,0.04,9.24,MIN_PROFIT_TP_HIT,0.1928
2420,TRUMP_USDT,SHORT,StochasticRSI(MICRO_BURST-SHORT),2,0.2,1.619,1.623,1.617,1.623,2026-07-18 07:24:59 UTC,2026-07-18 07:31:46 UTC,406.33,0.3238,0.0043,0.0,-0.0008,-0.08,-18.53,STOP_LOSS_HIT,0.192
2421,TRUMP_USDT,SHORT,StochasticRSI(MICRO_BURST-SHORT),2,0.2,1.627,1.631,1.625,1.631,2026-07-18 07:42:59 UTC,2026-07-18 07:44:36 UTC,96.1,0.3254,0.0043,0.0,-0.0008,-0.08,-18.44,STOP_LOSS_HIT,0.1912
2422,TRUMP_USDT,LONG,StochasticRSI(MICRO_BURST-LONG),2,0.2,1.63,1.632,1.632,1.626,2026-07-18 07:45:59 UTC,2026-07-18 07:47:49 UTC,109.68,0.326,0.0043,0.0,0.0004,0.04,9.2,MIN_PROFIT_TP_HIT,0.1916
2423,TRUMP_USDT,SHORT,StochasticRSI(MICRO_BURST-SHORT),2,0.2,1.629,1.627,1.627,1.633,2026-07-18 07:50:59 UTC,2026-07-18 07:52:34 UTC,94.74,0.3258,0.0043,0.0,0.0004,0.04,9.21,MIN_PROFIT_TP_HIT,0.192
2424,TRUMP_USDT,LONG,StochasticRSI(MICRO_BURST-LONG),2,0.2,1.631,1.627,1.633,1.627,2026-07-18 07:55:59 UTC,2026-07-18 07:59:09 UTC,189.08,0.3262,0.0043,0.0,-0.0008,-0.08,-18.39,STOP_LOSS_HIT,0.1912
2425,TRUMP_USDT,SHORT,StochasticRSI(MICRO_BURST-SHORT),2,0.2,1.648,1.652,1.646,1.652,2026-07-18 08:06:59 UTC,2026-07-18 08:07:40 UTC,40.98,0.3296,0.0044,0.0,-0.0008,-0.08,-18.2,STOP_LOSS_HIT,0.1904
2426,TRUMP_USDT,SHORT,StochasticRSI(MICRO_BURST-SHORT),2,0.2,1.653,1.651,1.651,1.657,2026-07-18 08:13:59 UTC,2026-07-18 08:14:00 UTC,0.67,0.3306,0.0044,0.0,0.0004,0.04,9.07,MIN_PROFIT_TP_HIT,0.1908
2427,TRUMP_USDT,LONG,StochasticRSI(MICRO_BURST-LONG),2,0.2,1.638,1.64,1.64,1.634,2026-07-18 08:22:59 UTC,2026-07-18 08:23:02 UTC,2.26,0.3276,0.0044,0.0,0.0004,0.04,9.16,MIN_PROFIT_TP_HIT,0.1912
2428,TRUMP_USDT,SHORT,StochasticRSI(MICRO_BURST-SHORT),2,0.2,1.641,1.639,1.639,1.645,2026-07-18 08:27:59 UTC,2026-07-18 08:28:13 UTC,13.05,0.3282,0.0044,0.0,0.0004,0.04,9.14,MIN_PROFIT_TP_HIT,0.1916
2429,TRUMP_USDT,LONG,StochasticRSI(MICRO_BURST-LONG),2,0.2,1.63,1.632,1.632,1.626,2026-07-18 08:48:59 UTC,2026-07-18 08:49:30 UTC,30.97,0.326,0.0043,0.0,0.0004,0.04,9.2,MIN_PROFIT_TP_HIT,0.192
2430,TRUMP_USDT,SHORT,StochasticRSI(MICRO_BURST-SHORT),2,0.2,1.63,1.628,1.628,1.634,2026-07-18 08:52:59 UTC,2026-07-18 08:53:02 UTC,2.83,0.326,0.0043,0.0,0.0004,0.04,9.2,MIN_PROFIT_TP_HIT,0.1924
2431,TRUMP_USDT,SHORT,StochasticRSI(MICRO_BURST-SHORT),2,0.2,1.64,1.638,1.638,1.644,2026-07-18 09:04:59 UTC,2026-07-18 09:05:15 UTC,15.08,0.328,0.0044,0.0,0.0004,0.04,9.15,MIN_PROFIT_TP_HIT,0.1928
2432,TRUMP_USDT,SHORT,StochasticRSI(MICRO_BURST-SHORT),2,0.2,1.636,1.634,1.634,1.64,2026-07-18 09:06:59 UTC,2026-07-18 09:07:25 UTC,25.76,0.3272,0.0044,0.0,0.0004,0.04,9.17,MIN_PROFIT_TP_HIT,0.1932
2433,TRUMP_USDT,LONG,StochasticRSI(MICRO_BURST-LONG),2,0.2,1.639,1.641,1.641,1.635,2026-07-18 09:11:59 UTC,2026-07-18 09:12:06 UTC,6.53,0.3278,0.0044,0.0,0.0004,0.04,9.15,MIN_PROFIT_TP_HIT,0.1936
2434,TRUMP_USDT,SHORT,StochasticRSI(MICRO_BURST-SHORT),2,0.2,1.645,1.643,1.643,1.649,2026-07-18 09:15:59 UTC,2026-07-18 09:16:39 UTC,39.36,0.329,0.0044,0.0,0.0004,0.04,9.12,MIN_PROFIT_TP_HIT,0.194
2435,TRUMP_USDT,LONG,StochasticRSI(MICRO_BURST-LONG),2,0.2,1.634,1.636,1.636,1.63,2026-07-18 09:22:59 UTC,2026-07-18 09:23:15 UTC,15.86,0.3268,0.0044,0.0,0.0004,0.04,9.18,MIN_PROFIT_TP_HIT,0.1944
2436,TRUMP_USDT,SHORT,StochasticRSI(MICRO_BURST-SHORT),2,0.2,1.645,1.643,1.643,1.649,2026-07-18 09:28:59 UTC,2026-07-18 09:30:48 UTC,108.28,0.329,0.0044,0.0,0.0004,0.04,9.12,MIN_PROFIT_TP_HIT,0.1948
2437,TRUMP_USDT,LONG,StochasticRSI(MICRO_BURST-LONG),2,0.2,1.656,1.658,1.658,1.652,2026-07-18 09:36:59 UTC,2026-07-18 09:37:01 UTC,1.25,0.3312,0.0044,0.0,0.0004,0.04,9.06,MIN_PROFIT_TP_HIT,0.1952
2438,TRUMP_USDT,SHORT,StochasticRSI(MICRO_BURST-SHORT),2,0.2,1.658,1.656,1.656,1.662,2026-07-18 09:40:59 UTC,2026-07-18 09:41:02 UTC,2.84,0.3316,0.0044,0.0,0.0004,0.04,9.05,MIN_PROFIT_TP_HIT,0.1956
2439,TRUMP_USDT,LONG,StochasticRSI(MICRO_BURST-LONG),2,0.2,1.657,1.659,1.659,1.653,2026-07-18 09:47:59 UTC,2026-07-18 09:48:06 UTC,6.16,0.3314,0.0044,0.0,0.0004,0.04,9.05,MIN_PROFIT_TP_HIT,0.196
2440,TRUMP_USDT,LONG,StochasticRSI(MICRO_BURST-LONG),2,0.2,1.657,1.659,1.659,1.653,2026-07-18 09:56:59 UTC,2026-07-18 09:58:04 UTC,64.42,0.3314,0.0044,0.0,0.0004,0.04,9.05,MIN_PROFIT_TP_HIT,0.1964
2441,TRUMP_USDT,SHORT,StochasticRSI(MICRO_BURST-SHORT),2,0.2,1.679,1.677,1.677,1.683,2026-07-18 10:04:59 UTC,2026-07-18 10:05:02 UTC,2.16,0.3358,0.0045,0.0,0.0004,0.04,8.93,MIN_PROFIT_TP_HIT,0.1968
2442,TRUMP_USDT,LONG,StochasticRSI(MICRO_BURST-LONG),2,0.2,1.695,1.697,1.697,1.691,2026-07-18 10:14:59 UTC,2026-07-18 10:15:18 UTC,18.75,0.339,0.0045,0.0,0.0004,0.04,8.85,MIN_PROFIT_TP_HIT,0.1972
2443,TRUMP_USDT,LONG,StochasticRSI(MICRO_BURST-LONG),2,0.2,1.686,1.682,1.688,1.682,2026-07-18 10:22:59 UTC,2026-07-18 10:23:09 UTC,9.14,0.3372,0.0045,0.0,-0.0008,-0.08,-17.79,STOP_LOSS_HIT,0.1964
2444,TRUMP_USDT,LONG,StochasticRSI(MICRO_BURST-LONG),2,0.2,1.683,1.685,1.685,1.679,2026-07-18 10:25:59 UTC,2026-07-18 10:26:22 UTC,22.76,0.3366,0.0045,0.0,0.0004,0.04,8.91,MIN_PROFIT_TP_HIT,0.1968
2445,TRUMP_USDT,SHORT,StochasticRSI(MICRO_BURST-SHORT),2,0.2,1.68,1.684,1.678,1.684,2026-07-18 10:30:59 UTC,2026-07-18 10:31:03 UTC,3.36,0.336,0.0045,0.0,-0.0008,-0.08,-17.86,STOP_LOSS_HIT,0.196
2446,TRUMP_USDT,SHORT,StochasticRSI(MICRO_BURST-SHORT),2,0.2,1.69,1.694,1.688,1.694,2026-07-18 10:42:59 UTC,2026-07-18 10:43:13 UTC,14.0,0.338,0.0045,0.0,-0.0008,-0.08,-17.75,STOP_LOSS_HIT,0.1952
2447,TRUMP_USDT,SHORT,StochasticRSI(MICRO_BURST-SHORT),2,0.2,1.696,1.694,1.694,1.7,2026-07-18 10:46:59 UTC,2026-07-18 10:47:31 UTC,31.1,0.3392,0.0045,0.0,0.0004,0.04,8.84,MIN_PROFIT_TP_HIT,0.1956
2448,TRUMP_USDT,LONG,StochasticRSI(MICRO_BURST-LONG),2,0.2,1.688,1.684,1.69,1.684,2026-07-18 10:52:59 UTC,2026-07-18 10:53:18 UTC,18.06,0.3376,0.0045,0.0,-0.0008,-0.08,-17.77,STOP_LOSS_HIT,0.1948
2449,TRUMP_USDT,LONG,StochasticRSI(MICRO_BURST-LONG),2,0.2,1.682,1.684,1.684,1.678,2026-07-18 10:55:59 UTC,2026-07-18 10:56:00 UTC,0.93,0.3364,0.0045,0.0,0.0004,0.04,8.92,MIN_PROFIT_TP_HIT,0.1952
2450,TRUMP_USDT,SHORT,StochasticRSI(MICRO_BURST-SHORT),2,0.2,1.689,1.687,1.687,1.693,2026-07-18 11:04:59 UTC,2026-07-18 11:05:30 UTC,30.55,0.3378,0.0045,0.0,0.0004,0.04,8.88,MIN_PROFIT_TP_HIT,0.1956
2451,TRUMP_USDT,LONG,StochasticRSI(MICRO_BURST-LONG),2,0.2,1.685,1.687,1.687,1.681,2026-07-18 11:12:59 UTC,2026-07-18 11:13:06 UTC,6.1,0.337,0.0045,0.0,0.0004,0.04,8.9,MIN_PROFIT_TP_HIT,0.196
2452,TRUMP_USDT,LONG,StochasticRSI(MICRO_BURST-LONG),2,0.2,1.682,1.684,1.684,1.678,2026-07-18 11:21:59 UTC,2026-07-18 11:23:10 UTC,70.97,0.3364,0.0045,0.0,0.0004,0.04,8.92,MIN_PROFIT_TP_HIT,0.1964
2453,TRUMP_USDT,SHORT,StochasticRSI(MICRO_BURST-SHORT),2,0.2,1.696,1.694,1.694,1.7,2026-07-18 11:33:59 UTC,2026-07-18 11:34:01 UTC,1.62,0.3392,0.0045,0.0,0.0004,0.04,8.84,MIN_PROFIT_TP_HIT,0.1968
2454,TRUMP_USDT,LONG,StochasticRSI(MICRO_BURST-LONG),2,0.2,1.697,1.693,1.699,1.693,2026-07-18 11:37:59 UTC,2026-07-18 11:38:38 UTC,38.82,0.3394,0.0045,0.0,-0.0008,-0.08,-17.68,STOP_LOSS_HIT,0.196
2455,TRUMP_USDT,LONG,StochasticRSI(MICRO_BURST-LONG),2,0.2,1.687,1.689,1.689,1.683,2026-07-18 11:43:59 UTC,2026-07-18 11:44:39 UTC,39.12,0.3374,0.0045,0.0,0.0004,0.04,8.89,MIN_PROFIT_TP_HIT,0.1964
2456,TRUMP_USDT,LONG,StochasticRSI(MICRO_BURST-LONG),2,0.2,1.698,1.7,1.7,1.694,2026-07-18 11:46:59 UTC,2026-07-18 11:47:00 UTC,0.63,0.3396,0.0045,0.0,0.0004,0.04,8.83,MIN_PROFIT_TP_HIT,0.1968
2457,TRUMP_USDT,SHORT,StochasticRSI(MICRO_BURST-SHORT),2,0.2,1.693,1.691,1.691,1.697,2026-07-18 11:50:59 UTC,2026-07-18 11:51:01 UTC,1.89,0.3386,0.0045,0.0,0.0004,0.04,8.86,MIN_PROFIT_TP_HIT,0.1972
2458,TRUMP_USDT,LONG,StochasticRSI(MICRO_BURST-LONG),2,0.2,1.696,1.692,1.698,1.692,2026-07-18 12:01:59 UTC,2026-07-18 12:02:22 UTC,22.37,0.3392,0.0045,0.0,-0.0008,-0.08,-17.69,STOP_LOSS_HIT,0.1964
2459,TRUMP_USDT,SHORT,StochasticRSI(MICRO_BURST-SHORT),2,0.2,1.686,1.684,1.684,1.69,2026-07-18 12:08:59 UTC,2026-07-18 12:09:20 UTC,20.52,0.3372,0.0045,0.0,0.0004,0.04,8.9,MIN_PROFIT_TP_HIT,0.1968
2460,TRUMP_USDT,LONG,StochasticRSI(MICRO_BURST-LONG),2,0.2,1.686,1.688,1.688,1.682,2026-07-18 12:11:59 UTC,2026-07-18 12:12:10 UTC,10.96,0.3372,0.0045,0.0,0.0004,0.04,8.9,MIN_PROFIT_TP_HIT,0.1972
2461,TRUMP_USDT,SHORT,StochasticRSI(MICRO_BURST-SHORT),2,0.2,1.694,1.692,1.692,1.698,2026-07-18 12:18:59 UTC,2026-07-18 12:20:02 UTC,62.19,0.3388,0.0045,0.0,0.0004,0.04,8.85,MIN_PROFIT_TP_HIT,0.1976
2462,TRUMP_USDT,LONG,StochasticRSI(MICRO_BURST-LONG),2,0.2,1.682,1.684,1.684,1.678,2026-07-18 12:23:59 UTC,2026-07-18 12:24:36 UTC,36.97,0.3364,0.0045,0.0,0.0004,0.04,8.92,MIN_PROFIT_TP_HIT,0.198
2463,TRUMP_USDT,SHORT,StochasticRSI(MICRO_BURST-SHORT),2,0.2,1.688,1.686,1.686,1.692,2026-07-18 12:37:59 UTC,2026-07-18 12:38:31 UTC,32.0,0.3376,0.0045,0.0,0.0004,0.04,8.89,MIN_PROFIT_TP_HIT,0.1984
2464,TRUMP_USDT,LONG,StochasticRSI(MICRO_BURST-LONG),2,0.2,1.683,1.685,1.685,1.679,2026-07-18 12:44:59 UTC,2026-07-18 12:45:48 UTC,48.91,0.3366,0.0045,0.0,0.0004,0.04,8.91,MIN_PROFIT_TP_HIT,0.1988
2465,TRUMP_USDT,LONG,StochasticRSI(MICRO_BURST-LONG),2,0.2,1.682,1.684,1.684,1.678,2026-07-18 12:51:59 UTC,2026-07-18 12:52:30 UTC,30.89,0.3364,0.0045,0.0,0.0004,0.04,8.92,MIN_PROFIT_TP_HIT,0.1992
2466,TRUMP_USDT,LONG,StochasticRSI(MICRO_BURST-LONG),2,0.2,1.68,1.682,1.682,1.676,2026-07-18 13:02:59 UTC,2026-07-18 13:03:10 UTC,10.57,0.336,0.0045,0.0,0.0004,0.04,8.93,MIN_PROFIT_TP_HIT,0.1996
2467,TRUMP_USDT,SHORT,StochasticRSI(MICRO_BURST-SHORT),2,0.2,1.682,1.686,1.68,1.686,2026-07-18 13:07:59 UTC,2026-07-18 13:09:02 UTC,62.99,0.3364,0.0045,0.0,-0.0008,-0.08,-17.84,STOP_LOSS_HIT,0.1988
2468,TRUMP_USDT,LONG,StochasticRSI(MICRO_BURST-LONG),2,0.2,1.664,1.666,1.666,1.66,2026-07-18 13:22:59 UTC,2026-07-18 13:23:07 UTC,7.03,0.3328,0.0044,0.0,0.0004,0.04,9.01,MIN_PROFIT_TP_HIT,0.1992
2469,TRUMP_USDT,LONG,StochasticRSI(MICRO_BURST-LONG),2,0.2,1.654,1.656,1.656,1.65,2026-07-18 13:30:59 UTC,2026-07-18 13:31:44 UTC,44.38,0.3308,0.0044,0.0,0.0004,0.04,9.07,MIN_PROFIT_TP_HIT,0.1996
2470,TRUMP_USDT,SHORT,StochasticRSI(MICRO_BURST-SHORT),2,0.2,1.643,1.647,1.641,1.647,2026-07-18 13:45:59 UTC,2026-07-18 13:46:54 UTC,54.94,0.3286,0.0044,0.0,-0.0008,-0.08,-18.26,STOP_LOSS_HIT,0.1988
2471,TRUMP_USDT,SHORT,StochasticRSI(MICRO_BURST-SHORT),2,0.2,1.648,1.646,1.646,1.652,2026-07-18 13:49:59 UTC,2026-07-18 13:50:29 UTC,29.35,0.3296,0.0044,0.0,0.0004,0.04,9.1,MIN_PROFIT_TP_HIT,0.1992
2472,TRUMP_USDT,LONG,StochasticRSI(MICRO_BURST-LONG),2,0.2,1.648,1.65,1.65,1.644,2026-07-18 13:55:59 UTC,2026-07-18 13:56:08 UTC,8.48,0.3296,0.0044,0.0,0.0004,0.04,9.1,MIN_PROFIT_TP_HIT,0.1996
2473,TRUMP_USDT,SHORT,StochasticRSI(MICRO_BURST-SHORT),2,0.2,1.654,1.652,1.652,1.658,2026-07-18 13:59:59 UTC,2026-07-18 14:00:16 UTC,16.78,0.3308,0.0044,0.0,0.0004,0.04,9.07,MIN_PROFIT_TP_HIT,0.2
2474,TRUMP_USDT,LONG,StochasticRSI(MICRO_BURST-LONG),2,0.2,1.647,1.649,1.649,1.643,2026-07-18 14:08:59 UTC,2026-07-18 14:09:15 UTC,15.26,0.3294,0.0044,0.0,0.0004,0.04,9.11,MIN_PROFIT_TP_HIT,0.2004
2475,TRUMP_USDT,SHORT,StochasticRSI(MICRO_BURST-SHORT),2,0.2,1.654,1.652,1.652,1.658,2026-07-18 14:15:59 UTC,2026-07-18 14:16:20 UTC,20.95,0.3308,0.0044,0.0,0.0004,0.04,9.07,MIN_PROFIT_TP_HIT,0.2008
2476,TRUMP_USDT,SHORT,StochasticRSI(MICRO_BURST-SHORT),2,0.2,1.65,1.654,1.648,1.654,2026-07-18 14:19:59 UTC,2026-07-18 14:21:02 UTC,62.05,0.33,0.0044,0.0,-0.0008,-0.08,-18.18,STOP_LOSS_HIT,0.2
2477,TRUMP_USDT,LONG,StochasticRSI(MICRO_BURST-LONG),2,0.2,1.646,1.642,1.648,1.642,2026-07-18 14:29:59 UTC,2026-07-18 14:30:59 UTC,59.25,0.3292,0.0044,0.0,-0.0008,-0.08,-18.23,STOP_LOSS_HIT,0.1992
2478,TRUMP_USDT,SHORT,StochasticRSI(MICRO_BURST-SHORT),2,0.2,1.639,1.643,1.637,1.643,2026-07-18 14:43:59 UTC,2026-07-18 14:49:53 UTC,353.73,0.3278,0.0044,0.0,-0.0008,-0.08,-18.3,STOP_LOSS_HIT,0.1984
2479,TRUMP_USDT,SHORT,StochasticRSI(MICRO_BURST-SHORT),2,0.2,1.647,1.645,1.645,1.651,2026-07-18 14:53:59 UTC,2026-07-18 14:54:47 UTC,47.2,0.3294,0.0044,0.0,0.0004,0.04,9.11,MIN_PROFIT_TP_HIT,0.1988
2480,TRUMP_USDT,LONG,StochasticRSI(MICRO_BURST-LONG),2,0.2,1.645,1.647,1.647,1.641,2026-07-18 15:00:59 UTC,2026-07-18 15:01:10 UTC,10.52,0.329,0.0044,0.0,0.0004,0.04,9.12,MIN_PROFIT_TP_HIT,0.1992
2481,TRUMP_USDT,LONG,StochasticRSI(MICRO_BURST-LONG),2,0.2,1.644,1.64,1.646,1.64,2026-07-18 15:08:59 UTC,2026-07-18 15:10:33 UTC,93.29,0.3288,0.0044,0.0,-0.0008,-0.08,-18.25,STOP_LOSS_HIT,0.1984
2482,TRUMP_USDT,LONG,StochasticRSI(MICRO_BURST-LONG),2,0.2,1.643,1.645,1.645,1.639,2026-07-18 15:13:59 UTC,2026-07-18 15:15:03 UTC,63.16,0.3286,0.0044,0.0,0.0004,0.04,9.13,MIN_PROFIT_TP_HIT,0.1988
2483,TRUMP_USDT,SHORT,StochasticRSI(MICRO_BURST-SHORT),2,0.2,1.651,1.655,1.649,1.655,2026-07-18 15:20:59 UTC,2026-07-18 15:21:11 UTC,11.76,0.3302,0.0044,0.0,-0.0008,-0.08,-18.17,STOP_LOSS_HIT,0.198
2484,TRUMP_USDT,LONG,StochasticRSI(MICRO_BURST-LONG),2,0.2,1.656,1.658,1.658,1.652,2026-07-18 15:26:59 UTC,2026-07-18 15:27:25 UTC,25.31,0.3312,0.0044,0.0,0.0004,0.04,9.06,MIN_PROFIT_TP_HIT,0.1984
2485,TRUMP_USDT,LONG,StochasticRSI(MICRO_BURST-LONG),2,0.2,1.661,1.657,1.663,1.657,2026-07-18 15:38:59 UTC,2026-07-18 15:39:23 UTC,23.93,0.3322,0.0044,0.0,-0.0008,-0.08,-18.06,STOP_LOSS_HIT,0.1976
2486,TRUMP_USDT,LONG,StochasticRSI(MICRO_BURST-LONG),2,0.2,1.66,1.656,1.662,1.656,2026-07-18 15:42:59 UTC,2026-07-18 15:44:05 UTC,65.19,0.332,0.0044,0.0,-0.0008,-0.08,-18.07,STOP_LOSS_HIT,0.1968
2487,TRUMP_USDT,LONG,StochasticRSI(MICRO_BURST-LONG),2,0.2,1.659,1.655,1.661,1.655,2026-07-18 15:47:59 UTC,2026-07-18 15:50:49 UTC,169.08,0.3318,0.0044,0.0,-0.0008,-0.08,-18.08,STOP_LOSS_HIT,0.196
2488,TRUMP_USDT,SHORT,StochasticRSI(MICRO_BURST-SHORT),2,0.2,1.655,1.653,1.653,1.659,2026-07-18 15:51:59 UTC,2026-07-18 15:52:10 UTC,10.2,0.331,0.0044,0.0,0.0004,0.04,9.06,MIN_PROFIT_TP_HIT,0.1964
2489,TRUMP_USDT,LONG,StochasticRSI(MICRO_BURST-LONG),2,0.2,1.648,1.644,1.65,1.644,2026-07-18 16:01:59 UTC,2026-07-18 16:02:12 UTC,12.19,0.3296,0.0044,0.0,-0.0008,-0.08,-18.2,STOP_LOSS_HIT,0.1956
2490,TRUMP_USDT,LONG,StochasticRSI(MICRO_BURST-LONG),2,0.2,1.646,1.642,1.648,1.642,2026-07-18 16:07:59 UTC,2026-07-18 16:10:19 UTC,139.61,0.3292,0.0044,0.0,-0.0008,-0.08,-18.23,STOP_LOSS_HIT,0.1948
2491,TRUMP_USDT,LONG,StochasticRSI(MICRO_BURST-LONG),2,0.2,1.637,1.639,1.639,1.633,2026-07-18 16:18:59 UTC,2026-07-18 16:19:08 UTC,8.79,0.3274,0.0044,0.0,0.0004,0.04,9.16,MIN_PROFIT_TP_HIT,0.1952
2492,TRUMP_USDT,SHORT,StochasticRSI(MICRO_BURST-SHORT),2,0.2,1.634,1.632,1.632,1.638,2026-07-18 16:33:59 UTC,2026-07-18 16:38:54 UTC,294.53,0.3268,0.0044,0.0,0.0004,0.04,9.18,MIN_PROFIT_TP_HIT,0.1956
2493,TRUMP_USDT,LONG,StochasticRSI(MICRO_BURST-LONG),2,0.2,1.631,1.633,1.633,1.627,2026-07-18 16:46:59 UTC,2026-07-18 16:48:11 UTC,71.43,0.3262,0.0043,0.0,0.0004,0.04,9.2,MIN_PROFIT_TP_HIT,0.196
2494,TRUMP_USDT,SHORT,StochasticRSI(MICRO_BURST-SHORT),2,0.2,1.63,1.628,1.628,1.634,2026-07-18 16:50:59 UTC,2026-07-18 16:52:27 UTC,87.09,0.326,0.0043,0.0,0.0004,0.04,9.2,MIN_PROFIT_TP_HIT,0.1964
2495,TRUMP_USDT,SHORT,StochasticRSI(MICRO_BURST-SHORT),2,0.2,1.623,1.621,1.621,1.627,2026-07-18 17:09:59 UTC,2026-07-18 17:11:08 UTC,68.48,0.3246,0.0043,0.0,0.0004,0.04,9.24,MIN_PROFIT_TP_HIT,0.1968
2496,TRUMP_USDT,LONG,StochasticRSI(MICRO_BURST-LONG),2,0.2,1.624,1.626,1.626,1.62,2026-07-18 17:14:59 UTC,2026-07-18 17:16:54 UTC,114.12,0.3248,0.0043,0.0,0.0004,0.04,9.24,MIN_PROFIT_TP_HIT,0.1972
2497,TRUMP_USDT,SHORT,StochasticRSI(MICRO_BURST-SHORT),2,0.2,1.624,1.622,1.622,1.628,2026-07-18 17:20:59 UTC,2026-07-18 17:22:46 UTC,106.34,0.3248,0.0043,0.0,0.0004,0.04,9.24,MIN_PROFIT_TP_HIT,0.1976
2498,TRUMP_USDT,LONG,StochasticRSI(MICRO_BURST-LONG),2,0.2,1.625,1.621,1.627,1.621,2026-07-18 17:24:59 UTC,2026-07-18 17:27:58 UTC,178.13,0.325,0.0043,0.0,-0.0008,-0.08,-18.46,STOP_LOSS_HIT,0.1968
2499,TRUMP_USDT,SHORT,StochasticRSI(MICRO_BURST-SHORT),2,0.2,1.628,1.626,1.626,1.632,2026-07-18 17:35:59 UTC,2026-07-18 17:37:23 UTC,83.54,0.3256,0.0043,0.0,0.0004,0.04,9.21,MIN_PROFIT_TP_HIT,0.1972
2500,TRUMP_USDT,LONG,StochasticRSI(MICRO_BURST-LONG),2,0.2,1.628,1.63,1.63,1.624,2026-07-18 17:40:59 UTC,2026-07-18 17:41:21 UTC,21.67,0.3256,0.0043,0.0,0.0004,0.04,9.21,MIN_PROFIT_TP_HIT,0.1976
2501,TRUMP_USDT,SHORT,StochasticRSI(MICRO_BURST-SHORT),2,0.2,1.627,1.625,1.625,1.631,2026-07-18 17:45:59 UTC,2026-07-18 17:48:31 UTC,151.07,0.3254,0.0043,0.0,0.0004,0.04,9.22,MIN_PROFIT_TP_HIT,0.198
2502,TRUMP_USDT,LONG,StochasticRSI(MICRO_BURST-LONG),2,0.2,1.625,1.621,1.627,1.621,2026-07-18 17:51:59 UTC,2026-07-18 17:55:13 UTC,193.82,0.325,0.0043,0.0,-0.0008,-0.08,-18.46,STOP_LOSS_HIT,0.1972
2503,TRUMP_USDT,LONG,StochasticRSI(MICRO_BURST-LONG),2,0.2,1.622,1.624,1.624,1.618,2026-07-18 17:57:59 UTC,2026-07-18 17:58:36 UTC,36.72,0.3244,0.0043,0.0,0.0004,0.04,9.25,MIN_PROFIT_TP_HIT,0.1976
2504,TRUMP_USDT,SHORT,StochasticRSI(MICRO_BURST-SHORT),2,0.2,1.623,1.627,1.621,1.627,2026-07-18 18:01:59 UTC,2026-07-18 18:06:24 UTC,264.67,0.3246,0.0043,0.0,-0.0008,-0.08,-18.48,STOP_LOSS_HIT,0.1968
2505,TRUMP_USDT,SHORT,StochasticRSI(MICRO_BURST-SHORT),2,0.2,1.624,1.622,1.622,1.628,2026-07-18 18:08:59 UTC,2026-07-18 18:11:08 UTC,128.28,0.3248,0.0043,0.0,0.0004,0.04,9.24,MIN_PROFIT_TP_HIT,0.1972
2506,TRUMP_USDT,LONG,StochasticRSI(MICRO_BURST-LONG),2,0.2,1.623,1.619,1.625,1.619,2026-07-18 18:13:59 UTC,2026-07-18 18:15:42 UTC,102.38,0.3246,0.0043,0.0,-0.0008,-0.08,-18.48,STOP_LOSS_HIT,0.1964
2507,TRUMP_USDT,SHORT,StochasticRSI(MICRO_BURST-SHORT),2,0.2,1.623,1.621,1.621,1.627,2026-07-18 18:21:59 UTC,2026-07-18 18:22:26 UTC,26.23,0.3246,0.0043,0.0,0.0004,0.04,9.24,MIN_PROFIT_TP_HIT,0.1968
2508,TRUMP_USDT,LONG,StochasticRSI(MICRO_BURST-LONG),2,0.2,1.623,1.619,1.625,1.619,2026-07-18 18:34:59 UTC,2026-07-18 18:42:04 UTC,424.68,0.3246,0.0043,0.0,-0.0008,-0.08,-18.48,STOP_LOSS_HIT,0.196
2509,TRUMP_USDT,LONG,StochasticRSI(MICRO_BURST-LONG),2,0.2,1.622,1.624,1.624,1.618,2026-07-18 18:44:59 UTC,2026-07-18 18:55:55 UTC,655.64,0.3244,0.0043,0.0,0.0004,0.04,9.25,MIN_PROFIT_TP_HIT,0.1964
2510,TRUMP_USDT,SHORT,StochasticRSI(MICRO_BURST-SHORT),2,0.2,1.625,1.623,1.623,1.629,2026-07-18 18:59:59 UTC,2026-07-18 19:00:20 UTC,20.46,0.325,0.0043,0.0,0.0004,0.04,9.23,MIN_PROFIT_TP_HIT,0.1968
2511,TRUMP_USDT,LONG,StochasticRSI(MICRO_BURST-LONG),2,0.2,1.62,1.622,1.622,1.616,2026-07-18 19:10:59 UTC,2026-07-18 19:18:29 UTC,449.98,0.324,0.0043,0.0,0.0004,0.04,9.26,MIN_PROFIT_TP_HIT,0.1972
2512,TRUMP_USDT,SHORT,StochasticRSI(MICRO_BURST-SHORT),2,0.2,1.624,1.622,1.622,1.628,2026-07-18 19:19:59 UTC,2026-07-18 19:21:22 UTC,82.36,0.3248,0.0043,0.0,0.0004,0.04,9.24,MIN_PROFIT_TP_HIT,0.1976
2513,TRUMP_USDT,SHORT,StochasticRSI(MICRO_BURST-SHORT),2,0.2,1.622,1.626,1.62,1.626,2026-07-18 19:22:59 UTC,2026-07-18 19:24:38 UTC,98.22,0.3244,0.0043,0.0,-0.0008,-0.08,-18.5,STOP_LOSS_HIT,0.1968
2514,TRUMP_USDT,SHORT,StochasticRSI(MICRO_BURST-SHORT),2,0.2,1.621,1.619,1.619,1.625,2026-07-18 19:27:59 UTC,2026-07-18 19:38:56 UTC,656.4,0.3242,0.0043,0.0,0.0004,0.04,9.25,MIN_PROFIT_TP_HIT,0.1972
2515,TRUMP_USDT,LONG,StochasticRSI(MICRO_BURST-LONG),2,0.2,1.621,1.623,1.623,1.617,2026-07-18 19:42:59 UTC,2026-07-18 19:48:15 UTC,315.93,0.3242,0.0043,0.0,0.0004,0.04,9.25,MIN_PROFIT_TP_HIT,0.1976
2516,TRUMP_USDT,SHORT,StochasticRSI(MICRO_BURST-SHORT),2,0.2,1.622,1.62,1.62,1.626,2026-07-18 20:05:59 UTC,2026-07-18 20:06:11 UTC,11.83,0.3244,0.0043,0.0,0.0004,0.04,9.25,MIN_PROFIT_TP_HIT,0.198
2517,TRUMP_USDT,LONG,StochasticRSI(MICRO_BURST-LONG),2,0.2,1.617,1.619,1.619,1.613,2026-07-18 20:11:59 UTC,2026-07-18 20:17:47 UTC,347.05,0.3234,0.0043,0.0,0.0004,0.04,9.28,MIN_PROFIT_TP_HIT,0.1984
2518,TRUMP_USDT,SHORT,StochasticRSI(MICRO_BURST-SHORT),2,0.2,1.618,1.616,1.616,1.622,2026-07-18 20:21:59 UTC,2026-07-18 20:28:00 UTC,360.89,0.3236,0.0043,0.0,0.0004,0.04,9.27,MIN_PROFIT_TP_HIT,0.1988
2519,TRUMP_USDT,LONG,StochasticRSI(MICRO_BURST-LONG),2,0.2,1.614,1.61,1.616,1.61,2026-07-18 20:32:59 UTC,2026-07-18 20:39:12 UTC,372.26,0.3228,0.0043,0.0,-0.0008,-0.08,-18.59,STOP_LOSS_HIT,0.198
2520,TRUMP_USDT,SHORT,StochasticRSI(MICRO_BURST-SHORT),2,0.2,1.614,1.612,1.612,1.618,2026-07-18 20:49:59 UTC,2026-07-18 20:55:44 UTC,344.38,0.3228,0.0043,0.0,0.0004,0.04,9.29,MIN_PROFIT_TP_HIT,0.1984
2521,TRUMP_USDT,LONG,StochasticRSI(MICRO_BURST-LONG),2,0.2,1.612,1.614,1.614,1.608,2026-07-18 20:59:59 UTC,2026-07-18 21:01:09 UTC,69.25,0.3224,0.0043,0.0,0.0004,0.04,9.31,MIN_PROFIT_TP_HIT,0.1988
2522,TRUMP_USDT,SHORT,StochasticRSI(MICRO_BURST-SHORT),2,0.2,1.615,1.613,1.613,1.619,2026-07-18 21:06:59 UTC,2026-07-18 21:08:32 UTC,92.64,0.323,0.0043,0.0,0.0004,0.04,9.29,MIN_PROFIT_TP_HIT,0.1992
2523,TRUMP_USDT,LONG,StochasticRSI(MICRO_BURST-LONG),2,0.2,1.615,1.617,1.617,1.611,2026-07-18 21:12:59 UTC,2026-07-18 21:13:00 UTC,0.1,0.323,0.0043,0.0,0.0004,0.04,9.29,MIN_PROFIT_TP_HIT,0.1996
2524,TRUMP_USDT,SHORT,StochasticRSI(MICRO_BURST-SHORT),2,0.2,1.624,1.622,1.622,1.628,2026-07-18 21:17:59 UTC,2026-07-18 21:22:40 UTC,280.87,0.3248,0.0043,0.0,0.0004,0.04,9.24,MIN_PROFIT_TP_HIT,0.2
2525,TRUMP_USDT,LONG,StochasticRSI(MICRO_BURST-LONG),2,0.2,1.623,1.619,1.625,1.619,2026-07-18 21:27:59 UTC,2026-07-18 21:31:16 UTC,196.56,0.3246,0.0043,0.0,-0.0008,-0.08,-18.48,STOP_LOSS_HIT,0.1992
2526,TRUMP_USDT,LONG,StochasticRSI(MICRO_BURST-LONG),2,0.2,1.617,1.613,1.619,1.613,2026-07-18 21:36:59 UTC,2026-07-18 21:38:15 UTC,75.56,0.3234,0.0043,0.0,-0.0008,-0.08,-18.55,STOP_LOSS_HIT,0.1984
2527,TRUMP_USDT,LONG,StochasticRSI(MICRO_BURST-LONG),2,0.2,1.612,1.614,1.614,1.608,2026-07-18 21:44:59 UTC,2026-07-18 21:48:14 UTC,194.59,0.3224,0.0043,0.0,0.0004,0.04,9.31,MIN_PROFIT_TP_HIT,0.1988
2528,TRUMP_USDT,SHORT,StochasticRSI(MICRO_BURST-SHORT),2,0.2,1.617,1.615,1.615,1.621,2026-07-18 21:51:59 UTC,2026-07-18 21:56:08 UTC,248.26,0.3234,0.0043,0.0,0.0004,0.04,9.28,MIN_PROFIT_TP_HIT,0.1992
2529,TRUMP_USDT,LONG,StochasticRSI(MICRO_BURST-LONG),2,0.2,1.62,1.622,1.622,1.616,2026-07-18 21:58:59 UTC,2026-07-18 22:04:13 UTC,313.29,0.324,0.0043,0.0,0.0004,0.04,9.26,MIN_PROFIT_TP_HIT,0.1996
2530,TRUMP_USDT,SHORT,StochasticRSI(MICRO_BURST-SHORT),2,0.2,1.626,1.624,1.624,1.63,2026-07-18 22:20:59 UTC,2026-07-18 22:21:08 UTC,8.21,0.3252,0.0043,0.0,0.0004,0.04,9.23,MIN_PROFIT_TP_HIT,0.2
2531,TRUMP_USDT,LONG,StochasticRSI(MICRO_BURST-LONG),2,0.2,1.62,1.622,1.622,1.616,2026-07-18 22:25:59 UTC,2026-07-18 22:28:13 UTC,133.16,0.324,0.0043,0.0,0.0004,0.04,9.26,MIN_PROFIT_TP_HIT,0.2004
2532,TRUMP_USDT,SHORT,StochasticRSI(MICRO_BURST-SHORT),2,0.2,1.621,1.625,1.619,1.625,2026-07-18 22:33:59 UTC,2026-07-18 22:50:33 UTC,993.8,0.3242,0.0043,0.0,-0.0008,-0.08,-18.51,STOP_LOSS_HIT,0.1996
2533,TRUMP_USDT,SHORT,StochasticRSI(MICRO_BURST-SHORT),2,0.2,1.624,1.622,1.622,1.628,2026-07-18 22:52:59 UTC,2026-07-18 22:53:21 UTC,21.71,0.3248,0.0043,0.0,0.0004,0.04,9.24,MIN_PROFIT_TP_HIT,0.2
2534,TRUMP_USDT,LONG,StochasticRSI(MICRO_BURST-LONG),2,0.2,1.62,1.616,1.622,1.616,2026-07-18 22:59:59 UTC,2026-07-18 23:12:07 UTC,727.88,0.324,0.0043,0.0,-0.0008,-0.08,-18.52,STOP_LOSS_HIT,0.1992
2535,TRUMP_USDT,LONG,StochasticRSI(MICRO_BURST-LONG),2,0.2,1.616,1.618,1.618,1.612,2026-07-18 23:15:59 UTC,2026-07-18 23:17:05 UTC,65.62,0.3232,0.0043,0.0,0.0004,0.04,9.28,MIN_PROFIT_TP_HIT,0.1996
2536,TRUMP_USDT,SHORT,StochasticRSI(MICRO_BURST-SHORT),2,0.2,1.626,1.63,1.624,1.63,2026-07-18 23:39:59 UTC,2026-07-18 23:45:05 UTC,305.08,0.3252,0.0043,0.0,-0.0008,-0.08,-18.45,STOP_LOSS_HIT,0.1988
2537,TRUMP_USDT,SHORT,StochasticRSI(MICRO_BURST-SHORT),2,0.2,1.626,1.624,1.624,1.63,2026-07-18 23:49:59 UTC,2026-07-18 23:50:23 UTC,23.85,0.3252,0.0043,0.0,0.0004,0.04,9.23,MIN_PROFIT_TP_HIT,0.1992
2538,TRUMP_USDT,LONG,StochasticRSI(MICRO_BURST-LONG),2,0.2,1.621,1.623,1.623,1.617,2026-07-18 23:54:59 UTC,2026-07-18 23:57:17 UTC,137.63,0.3242,0.0043,0.0,0.0004,0.04,9.25,MIN_PROFIT_TP_HIT,0.1996
2539,TRUMP_USDT,SHORT,StochasticRSI(MICRO_BURST-SHORT),2,0.2,1.624,1.622,1.622,1.628,2026-07-19 00:01:59 UTC,2026-07-19 00:02:54 UTC,54.87,0.3248,0.0043,0.0,0.0004,0.04,9.24,MIN_PROFIT_TP_HIT,0.2
2540,TRUMP_USDT,LONG,StochasticRSI(MICRO_BURST-LONG),2,0.2,1.619,1.615,1.621,1.615,2026-07-19 00:10:59 UTC,2026-07-19 00:12:07 UTC,67.91,0.3238,0.0043,0.0,-0.0008,-0.08,-18.53,STOP_LOSS_HIT,0.1992
2541,TRUMP_USDT,LONG,StochasticRSI(MICRO_BURST-LONG),2,0.2,1.617,1.619,1.619,1.613,2026-07-19 00:15:59 UTC,2026-07-19 00:16:59 UTC,59.41,0.3234,0.0043,0.0,0.0004,0.04,9.28,MIN_PROFIT_TP_HIT,0.1996
2542,TRUMP_USDT,SHORT,StochasticRSI(MICRO_BURST-SHORT),2,0.2,1.621,1.619,1.619,1.625,2026-07-19 00:21:59 UTC,2026-07-19 00:22:49 UTC,49.22,0.3242,0.0043,0.0,0.0004,0.04,9.25,MIN_PROFIT_TP_HIT,0.2
2543,TRUMP_USDT,SHORT,StochasticRSI(MICRO_BURST-SHORT),2,0.2,1.62,1.624,1.618,1.624,2026-07-19 00:23:59 UTC,2026-07-19 00:24:38 UTC,38.06,0.324,0.0043,0.0,-0.0008,-0.08,-18.52,STOP_LOSS_HIT,0.1992
2544,TRUMP_USDT,SHORT,StochasticRSI(MICRO_BURST-SHORT),2,0.2,1.634,1.638,1.632,1.638,2026-07-19 00:28:59 UTC,2026-07-19 00:30:47 UTC,107.92,0.3268,0.0044,0.0,-0.0008,-0.08,-18.36,STOP_LOSS_HIT,0.1984
2545,TRUMP_USDT,LONG,StochasticRSI(MICRO_BURST-LONG),2,0.2,1.638,1.634,1.64,1.634,2026-07-19 00:43:59 UTC,2026-07-19 00:44:14 UTC,14.88,0.3276,0.0044,0.0,-0.0008,-0.08,-18.32,STOP_LOSS_HIT,0.1976
2546,TRUMP_USDT,LONG,StochasticRSI(MICRO_BURST-LONG),2,0.2,1.631,1.627,1.633,1.627,2026-07-19 00:49:59 UTC,2026-07-19 00:51:20 UTC,80.91,0.3262,0.0043,0.0,-0.0008,-0.08,-18.39,STOP_LOSS_HIT,0.1968
2547,TRUMP_USDT,SHORT,StochasticRSI(MICRO_BURST-SHORT),2,0.2,1.627,1.631,1.625,1.631,2026-07-19 01:23:59 UTC,2026-07-19 01:26:30 UTC,150.3,0.3254,0.0043,0.0,-0.0008,-0.08,-18.44,STOP_LOSS_HIT,0.196
2548,TRUMP_USDT,SHORT,StochasticRSI(MICRO_BURST-SHORT),2,0.2,1.631,1.635,1.629,1.635,2026-07-19 01:30:59 UTC,2026-07-19 01:38:32 UTC,452.52,0.3262,0.0043,0.0,-0.0008,-0.08,-18.39,STOP_LOSS_HIT,0.1952
2549,TRUMP_USDT,SHORT,StochasticRSI(MICRO_BURST-SHORT),2,0.2,1.664,1.662,1.662,1.668,2026-07-19 01:54:59 UTC,2026-07-19 01:55:40 UTC,40.4,0.3328,0.0044,0.0,0.0004,0.04,9.01,MIN_PROFIT_TP_HIT,0.1956
2550,TRUMP_USDT,LONG,StochasticRSI(MICRO_BURST-LONG),2,0.2,1.664,1.666,1.666,1.66,2026-07-19 01:59:59 UTC,2026-07-19 02:00:06 UTC,6.77,0.3328,0.0044,0.0,0.0004,0.04,9.01,MIN_PROFIT_TP_HIT,0.196
2551,TRUMP_USDT,LONG,StochasticRSI(MICRO_BURST-LONG),2,0.2,1.663,1.665,1.665,1.659,2026-07-19 02:07:59 UTC,2026-07-19 02:08:04 UTC,4.45,0.3326,0.0044,0.0,0.0004,0.04,9.02,MIN_PROFIT_TP_HIT,0.1964
2552,TRUMP_USDT,LONG,StochasticRSI(MICRO_BURST-LONG),2,0.2,1.658,1.654,1.66,1.654,2026-07-19 02:13:59 UTC,2026-07-19 02:14:32 UTC,32.43,0.3316,0.0044,0.0,-0.0008,-0.08,-18.09,STOP_LOSS_HIT,0.1956
2553,TRUMP_USDT,LONG,StochasticRSI(MICRO_BURST-LONG),2,0.2,1.653,1.655,1.655,1.649,2026-07-19 02:20:59 UTC,2026-07-19 02:21:01 UTC,1.4,0.3306,0.0044,0.0,0.0004,0.04,9.07,MIN_PROFIT_TP_HIT,0.196
2554,TRUMP_USDT,SHORT,StochasticRSI(MICRO_BURST-SHORT),2,0.2,1.649,1.647,1.647,1.653,2026-07-19 02:25:59 UTC,2026-07-19 02:26:02 UTC,2.99,0.3298,0.0044,0.0,0.0004,0.04,9.1,MIN_PROFIT_TP_HIT,0.1964
2555,TRUMP_USDT,SHORT,StochasticRSI(MICRO_BURST-SHORT),2,0.2,1.651,1.649,1.649,1.655,2026-07-19 02:34:59 UTC,2026-07-19 02:40:41 UTC,341.17,0.3302,0.0044,0.0,0.0004,0.04,9.09,MIN_PROFIT_TP_HIT,0.1968
2556,TRUMP_USDT,LONG,StochasticRSI(MICRO_BURST-LONG),2,0.2,1.643,1.645,1.645,1.639,2026-07-19 02:45:59 UTC,2026-07-19 02:47:21 UTC,81.78,0.3286,0.0044,0.0,0.0004,0.04,9.13,MIN_PROFIT_TP_HIT,0.1972
2557,TRUMP_USDT,SHORT,StochasticRSI(MICRO_BURST-SHORT),2,0.2,1.65,1.654,1.648,1.654,2026-07-19 02:57:59 UTC,2026-07-19 02:59:44 UTC,104.47,0.33,0.0044,0.0,-0.0008,-0.08,-18.18,STOP_LOSS_HIT,0.1964
2558,TRUMP_USDT,LONG,StochasticRSI(MICRO_BURST-LONG),2,0.2,1.644,1.646,1.646,1.64,2026-07-19 03:08:59 UTC,2026-07-19 03:11:46 UTC,166.25,0.3288,0.0044,0.0,0.0004,0.04,9.12,MIN_PROFIT_TP_HIT,0.1968
2559,TRUMP_USDT,SHORT,StochasticRSI(MICRO_BURST-SHORT),2,0.2,1.642,1.646,1.64,1.646,2026-07-19 03:16:59 UTC,2026-07-19 03:25:06 UTC,486.59,0.3284,0.0044,0.0,-0.0008,-0.08,-18.27,STOP_LOSS_HIT,0.196
2560,TRUMP_USDT,SHORT,StochasticRSI(MICRO_BURST-SHORT),2,0.2,1.651,1.649,1.649,1.655,2026-07-19 03:37:59 UTC,2026-07-19 03:38:18 UTC,18.27,0.3302,0.0044,0.0,0.0004,0.04,9.09,MIN_PROFIT_TP_HIT,0.1964
2561,TRUMP_USDT,LONG,StochasticRSI(MICRO_BURST-LONG),2,0.2,1.653,1.655,1.655,1.649,2026-07-19 03:42:59 UTC,2026-07-19 03:46:05 UTC,185.22,0.3306,0.0044,0.0,0.0004,0.04,9.07,MIN_PROFIT_TP_HIT,0.1968
2562,TRUMP_USDT,SHORT,StochasticRSI(MICRO_BURST-SHORT),2,0.2,1.664,1.662,1.662,1.668,2026-07-19 03:50:59 UTC,2026-07-19 03:51:06 UTC,6.96,0.3328,0.0044,0.0,0.0004,0.04,9.01,MIN_PROFIT_TP_HIT,0.1972
2563,TRUMP_USDT,SHORT,StochasticRSI(MICRO_BURST-SHORT),2,0.2,1.663,1.661,1.661,1.667,2026-07-19 03:53:59 UTC,2026-07-19 03:56:00 UTC,120.72,0.3326,0.0044,0.0,0.0004,0.04,9.02,MIN_PROFIT_TP_HIT,0.1976
2564,TRUMP_USDT,LONG,StochasticRSI(MICRO_BURST-LONG),2,0.2,1.657,1.653,1.659,1.653,2026-07-19 04:03:59 UTC,2026-07-19 04:05:41 UTC,101.88,0.3314,0.0044,0.0,-0.0008,-0.08,-18.11,STOP_LOSS_HIT,0.1968
2565,TRUMP_USDT,LONG,StochasticRSI(MICRO_BURST-LONG),2,0.2,1.657,1.659,1.659,1.653,2026-07-19 04:08:59 UTC,2026-07-19 04:09:28 UTC,28.82,0.3314,0.0044,0.0,0.0004,0.04,9.05,MIN_PROFIT_TP_HIT,0.1972
2566,TRUMP_USDT,SHORT,StochasticRSI(MICRO_BURST-SHORT),2,0.2,1.658,1.656,1.656,1.662,2026-07-19 04:13:59 UTC,2026-07-19 04:15:32 UTC,92.26,0.3316,0.0044,0.0,0.0004,0.04,9.05,MIN_PROFIT_TP_HIT,0.1976
2567,TRUMP_USDT,LONG,StochasticRSI(MICRO_BURST-LONG),2,0.2,1.661,1.663,1.663,1.657,2026-07-19 04:17:59 UTC,2026-07-19 04:19:37 UTC,97.78,0.3322,0.0044,0.0,0.0004,0.04,9.03,MIN_PROFIT_TP_HIT,0.198
2568,TRUMP_USDT,SHORT,StochasticRSI(MICRO_BURST-SHORT),2,0.2,1.66,1.664,1.658,1.664,2026-07-19 04:21:59 UTC,2026-07-19 04:23:37 UTC,97.58,0.332,0.0044,0.0,-0.0008,-0.08,-18.07,STOP_LOSS_HIT,0.1972
2569,TRUMP_USDT,SHORT,StochasticRSI(MICRO_BURST-SHORT),2,0.2,1.656,1.654,1.654,1.66,2026-07-19 04:38:59 UTC,2026-07-19 04:44:30 UTC,330.46,0.3312,0.0044,0.0,0.0004,0.04,9.06,MIN_PROFIT_TP_HIT,0.1976
2570,TRUMP_USDT,LONG,StochasticRSI(MICRO_BURST-LONG),2,0.2,1.655,1.657,1.657,1.651,2026-07-19 04:45:59 UTC,2026-07-19 04:46:12 UTC,12.09,0.331,0.0044,0.0,0.0004,0.04,9.06,MIN_PROFIT_TP_HIT,0.198
2571,TRUMP_USDT,LONG,StochasticRSI(MICRO_BURST-LONG),2,0.2,1.653,1.655,1.655,1.649,2026-07-19 04:51:59 UTC,2026-07-19 04:53:41 UTC,101.68,0.3306,0.0044,0.0,0.0004,0.04,9.07,MIN_PROFIT_TP_HIT,0.1984
2572,TRUMP_USDT,SHORT,StochasticRSI(MICRO_BURST-SHORT),2,0.2,1.656,1.654,1.654,1.66,2026-07-19 04:57:59 UTC,2026-07-19 04:58:25 UTC,25.55,0.3312,0.0044,0.0,0.0004,0.04,9.06,MIN_PROFIT_TP_HIT,0.1988
2573,TRUMP_USDT,SHORT,StochasticRSI(MICRO_BURST-SHORT),2,0.2,1.658,1.656,1.656,1.662,2026-07-19 05:06:59 UTC,2026-07-19 05:07:53 UTC,53.44,0.3316,0.0044,0.0,0.0004,0.04,9.05,MIN_PROFIT_TP_HIT,0.1992
2574,TRUMP_USDT,LONG,StochasticRSI(MICRO_BURST-LONG),2,0.2,1.655,1.651,1.657,1.651,2026-07-19 05:12:59 UTC,2026-07-19 05:17:57 UTC,297.49,0.331,0.0044,0.0,-0.0008,-0.08,-18.13,STOP_LOSS_HIT,0.1984
2575,TRUMP_USDT,LONG,StochasticRSI(MICRO_BURST-LONG),2,0.2,1.651,1.647,1.653,1.647,2026-07-19 05:24:59 UTC,2026-07-19 05:27:49 UTC,169.24,0.3302,0.0044,0.0,-0.0008,-0.08,-18.17,STOP_LOSS_HIT,0.1976
2576,TRUMP_USDT,LONG,StochasticRSI(MICRO_BURST-LONG),2,0.2,1.633,1.635,1.635,1.629,2026-07-19 05:41:59 UTC,2026-07-19 05:47:39 UTC,339.54,0.3266,0.0044,0.0,0.0004,0.04,9.19,MIN_PROFIT_TP_HIT,0.198
2577,TRUMP_USDT,SHORT,StochasticRSI(MICRO_BURST-SHORT),2,0.2,1.633,1.631,1.631,1.637,2026-07-19 05:54:59 UTC,2026-07-19 06:02:06 UTC,426.06,0.3266,0.0044,0.0,0.0004,0.04,9.19,MIN_PROFIT_TP_HIT,0.1984
2578,TRUMP_USDT,SHORT,StochasticRSI(MICRO_BURST-SHORT),2,0.2,1.635,1.633,1.633,1.639,2026-07-19 06:08:59 UTC,2026-07-19 06:12:34 UTC,214.15,0.327,0.0044,0.0,0.0004,0.04,9.17,MIN_PROFIT_TP_HIT,0.1988
2579,TRUMP_USDT,SHORT,StochasticRSI(MICRO_BURST-SHORT),2,0.2,1.639,1.643,1.637,1.643,2026-07-19 06:15:59 UTC,2026-07-19 06:17:46 UTC,106.22,0.3278,0.0044,0.0,-0.0008,-0.08,-18.3,STOP_LOSS_HIT,0.198
2580,TRUMP_USDT,SHORT,StochasticRSI(MICRO_BURST-SHORT),2,0.2,1.642,1.64,1.64,1.646,2026-07-19 06:20:59 UTC,2026-07-19 06:23:24 UTC,144.3,0.3284,0.0044,0.0,0.0004,0.04,9.14,MIN_PROFIT_TP_HIT,0.1984
2581,TRUMP_USDT,LONG,StochasticRSI(MICRO_BURST-LONG),2,0.2,1.639,1.635,1.641,1.635,2026-07-19 06:29:59 UTC,2026-07-19 06:33:06 UTC,186.68,0.3278,0.0044,0.0,-0.0008,-0.08,-18.3,STOP_LOSS_HIT,0.1976
2582,TRUMP_USDT,LONG,StochasticRSI(MICRO_BURST-LONG),2,0.2,1.631,1.633,1.633,1.627,2026-07-19 06:36:59 UTC,2026-07-19 06:38:34 UTC,94.76,0.3262,0.0043,0.0,0.0004,0.04,9.2,MIN_PROFIT_TP_HIT,0.198
2583,TRUMP_USDT,SHORT,StochasticRSI(MICRO_BURST-SHORT),2,0.2,1.639,1.637,1.637,1.643,2026-07-19 06:49:59 UTC,2026-07-19 06:53:41 UTC,221.01,0.3278,0.0044,0.0,0.0004,0.04,9.15,MIN_PROFIT_TP_HIT,0.1984
2584,TRUMP_USDT,SHORT,StochasticRSI(MICRO_BURST-SHORT),2,0.2,1.638,1.636,1.636,1.642,2026-07-19 07:08:59 UTC,2026-07-19 07:11:03 UTC,123.5,0.3276,0.0044,0.0,0.0004,0.04,9.16,MIN_PROFIT_TP_HIT,0.1988
2585,TRUMP_USDT,LONG,StochasticRSI(MICRO_BURST-LONG),2,0.2,1.639,1.635,1.641,1.635,2026-07-19 07:14:59 UTC,2026-07-19 07:23:41 UTC,521.97,0.3278,0.0044,0.0,-0.0008,-0.08,-18.3,STOP_LOSS_HIT,0.198
2586,TRUMP_USDT,SHORT,StochasticRSI(MICRO_BURST-SHORT),2,0.2,1.64,1.638,1.638,1.644,2026-07-19 07:34:59 UTC,2026-07-19 07:35:10 UTC,10.89,0.328,0.0044,0.0,0.0004,0.04,9.15,MIN_PROFIT_TP_HIT,0.1984
2587,TRUMP_USDT,LONG,StochasticRSI(MICRO_BURST-LONG),2,0.2,1.637,1.633,1.639,1.633,2026-07-19 07:51:59 UTC,2026-07-19 07:55:18 UTC,198.48,0.3274,0.0044,0.0,-0.0008,-0.08,-18.33,STOP_LOSS_HIT,0.1976
2588,TRUMP_USDT,LONG,StochasticRSI(MICRO_BURST-LONG),2,0.2,1.635,1.637,1.637,1.631,2026-07-19 08:00:59 UTC,2026-07-19 08:02:04 UTC,64.09,0.327,0.0044,0.0,0.0004,0.04,9.17,MIN_PROFIT_TP_HIT,0.198
2589,TRUMP_USDT,SHORT,StochasticRSI(MICRO_BURST-SHORT),2,0.2,1.636,1.634,1.634,1.64,2026-07-19 08:04:59 UTC,2026-07-19 08:08:17 UTC,197.22,0.3272,0.0044,0.0,0.0004,0.04,9.17,MIN_PROFIT_TP_HIT,0.1984
2590,TRUMP_USDT,LONG,StochasticRSI(MICRO_BURST-LONG),2,0.2,1.635,1.631,1.637,1.631,2026-07-19 08:13:59 UTC,2026-07-19 08:24:08 UTC,608.06,0.327,0.0044,0.0,-0.0008,-0.08,-18.35,STOP_LOSS_HIT,0.1976
2591,TRUMP_USDT,LONG,StochasticRSI(MICRO_BURST-LONG),2,0.2,1.63,1.632,1.632,1.626,2026-07-19 08:26:59 UTC,2026-07-19 08:39:04 UTC,724.82,0.326,0.0043,0.0,0.0004,0.04,9.2,MIN_PROFIT_TP_HIT,0.198
2592,TRUMP_USDT,SHORT,StochasticRSI(MICRO_BURST-SHORT),2,0.2,1.632,1.636,1.63,1.636,2026-07-19 08:42:59 UTC,2026-07-19 08:52:01 UTC,541.8,0.3264,0.0044,0.0,-0.0008,-0.08,-18.38,STOP_LOSS_HIT,0.1972
2593,TRUMP_USDT,SHORT,StochasticRSI(MICRO_BURST-SHORT),2,0.2,1.637,1.635,1.635,1.641,2026-07-19 08:56:59 UTC,2026-07-19 08:58:03 UTC,63.87,0.3274,0.0044,0.0,0.0004,0.04,9.16,MIN_PROFIT_TP_HIT,0.1976
2594,TRUMP_USDT,LONG,StochasticRSI(MICRO_BURST-LONG),2,0.2,1.634,1.63,1.636,1.63,2026-07-19 09:00:59 UTC,2026-07-19 09:05:26 UTC,266.66,0.3268,0.0044,0.0,-0.0008,-0.08,-18.36,STOP_LOSS_HIT,0.1968
2595,TRUMP_USDT,LONG,StochasticRSI(MICRO_BURST-LONG),2,0.2,1.629,1.631,1.631,1.625,2026-07-19 09:08:59 UTC,2026-07-19 09:11:38 UTC,158.85,0.3258,0.0043,0.0,0.0004,0.04,9.21,MIN_PROFIT_TP_HIT,0.1972
2596,TRUMP_USDT,LONG,StochasticRSI(MICRO_BURST-LONG),2,0.2,1.624,1.626,1.626,1.62,2026-07-19 09:13:59 UTC,2026-07-19 09:14:00 UTC,0.53,0.3248,0.0043,0.0,0.0004,0.04,9.24,MIN_PROFIT_TP_HIT,0.1976
2597,TRUMP_USDT,SHORT,StochasticRSI(MICRO_BURST-SHORT),2,0.2,1.625,1.623,1.623,1.629,2026-07-19 09:22:59 UTC,2026-07-19 09:43:13 UTC,1213.36,0.325,0.0043,0.0,0.0004,0.04,9.23,MIN_PROFIT_TP_HIT,0.198
2598,TRUMP_USDT,LONG,StochasticRSI(MICRO_BURST-LONG),2,0.2,1.624,1.626,1.626,1.62,2026-07-19 09:44:59 UTC,2026-07-19 09:52:12 UTC,432.52,0.3248,0.0043,0.0,0.0004,0.04,9.24,MIN_PROFIT_TP_HIT,0.1984
2599,TRUMP_USDT,SHORT,StochasticRSI(MICRO_BURST-SHORT),2,0.2,1.626,1.624,1.624,1.63,2026-07-19 09:55:59 UTC,2026-07-19 10:01:19 UTC,319.29,0.3252,0.0043,0.0,0.0004,0.04,9.23,MIN_PROFIT_TP_HIT,0.1988
2600,TRUMP_USDT,LONG,StochasticRSI(MICRO_BURST-LONG),2,0.2,1.629,1.631,1.631,1.625,2026-07-19 10:05:59 UTC,2026-07-19 10:08:27 UTC,147.12,0.3258,0.0043,0.0,0.0004,0.04,9.21,MIN_PROFIT_TP_HIT,0.1992
2601,TRUMP_USDT,SHORT,StochasticRSI(MICRO_BURST-SHORT),2,0.2,1.627,1.625,1.625,1.631,2026-07-19 10:11:59 UTC,2026-07-19 10:20:37 UTC,517.67,0.3254,0.0043,0.0,0.0004,0.04,9.22,MIN_PROFIT_TP_HIT,0.1996
2602,TRUMP_USDT,LONG,StochasticRSI(MICRO_BURST-LONG),2,0.2,1.626,1.628,1.628,1.622,2026-07-19 10:23:59 UTC,2026-07-19 10:32:03 UTC,483.85,0.3252,0.0043,0.0,0.0004,0.04,9.23,MIN_PROFIT_TP_HIT,0.2
2603,TRUMP_USDT,SHORT,StochasticRSI(MICRO_BURST-SHORT),2,0.2,1.629,1.627,1.627,1.633,2026-07-19 10:35:59 UTC,2026-07-19 10:38:38 UTC,158.91,0.3258,0.0043,0.0,0.0004,0.04,9.21,MIN_PROFIT_TP_HIT,0.2004
2604,TRUMP_USDT,SHORT,StochasticRSI(MICRO_BURST-SHORT),2,0.2,1.636,1.634,1.634,1.64,2026-07-19 10:44:59 UTC,2026-07-19 10:47:03 UTC,123.64,0.3272,0.0044,0.0,0.0004,0.04,9.17,MIN_PROFIT_TP_HIT,0.2008
2605,TRUMP_USDT,LONG,StochasticRSI(MICRO_BURST-LONG),2,0.2,1.638,1.64,1.64,1.634,2026-07-19 10:55:59 UTC,2026-07-19 10:56:26 UTC,26.38,0.3276,0.0044,0.0,0.0004,0.04,9.16,MIN_PROFIT_TP_HIT,0.2012
2606,TRUMP_USDT,SHORT,StochasticRSI(MICRO_BURST-SHORT),2,0.2,1.641,1.639,1.639,1.645,2026-07-19 10:59:59 UTC,2026-07-19 11:01:35 UTC,95.28,0.3282,0.0044,0.0,0.0004,0.04,9.14,MIN_PROFIT_TP_HIT,0.2016
2607,TRUMP_USDT,LONG,StochasticRSI(MICRO_BURST-LONG),2,0.2,1.641,1.637,1.643,1.637,2026-07-19 11:05:59 UTC,2026-07-19 11:08:55 UTC,175.4,0.3282,0.0044,0.0,-0.0008,-0.08,-18.28,STOP_LOSS_HIT,0.2008
2608,TRUMP_USDT,LONG,StochasticRSI(MICRO_BURST-LONG),2,0.2,1.637,1.639,1.639,1.633,2026-07-19 11:10:59 UTC,2026-07-19 11:15:49 UTC,289.02,0.3274,0.0044,0.0,0.0004,0.04,9.16,MIN_PROFIT_TP_HIT,0.2012
2609,TRUMP_USDT,LONG,StochasticRSI(MICRO_BURST-LONG),2,0.2,1.638,1.64,1.64,1.634,2026-07-19 11:16:59 UTC,2026-07-19 11:28:54 UTC,714.69,0.3276,0.0044,0.0,0.0004,0.04,9.16,MIN_PROFIT_TP_HIT,0.2016
2610,TRUMP_USDT,LONG,StochasticRSI(MICRO_BURST-LONG),2,0.2,1.647,1.643,1.649,1.643,2026-07-19 11:35:59 UTC,2026-07-19 11:45:26 UTC,566.67,0.3294,0.0044,0.0,-0.0008,-0.08,-18.21,STOP_LOSS_HIT,0.2008
2611,TRUMP_USDT,LONG,StochasticRSI(MICRO_BURST-LONG),2,0.2,1.64,1.636,1.642,1.636,2026-07-19 11:49:59 UTC,2026-07-19 11:55:34 UTC,334.22,0.328,0.0044,0.0,-0.0008,-0.08,-18.29,STOP_LOSS_HIT,0.2
2612,TRUMP_USDT,SHORT,StochasticRSI(MICRO_BURST-SHORT),2,0.2,1.634,1.632,1.632,1.638,2026-07-19 12:02:59 UTC,2026-07-19 12:08:44 UTC,344.05,0.3268,0.0044,0.0,0.0004,0.04,9.18,MIN_PROFIT_TP_HIT,0.2004
2613,TRUMP_USDT,SHORT,StochasticRSI(MICRO_BURST-SHORT),2,0.2,1.635,1.633,1.633,1.639,2026-07-19 12:17:59 UTC,2026-07-19 12:21:59 UTC,239.54,0.327,0.0044,0.0,0.0004,0.04,9.17,MIN_PROFIT_TP_HIT,0.2008
2614,TRUMP_USDT,LONG,StochasticRSI(MICRO_BURST-LONG),2,0.2,1.636,1.632,1.638,1.632,2026-07-19 12:25:59 UTC,2026-07-19 12:28:38 UTC,158.4,0.3272,0.0044,0.0,-0.0008,-0.08,-18.34,STOP_LOSS_HIT,0.2
2615,TRUMP_USDT,SHORT,StochasticRSI(MICRO_BURST-SHORT),2,0.2,1.636,1.634,1.634,1.64,2026-07-19 12:38:59 UTC,2026-07-19 12:40:48 UTC,108.06,0.3272,0.0044,0.0,0.0004,0.04,9.17,MIN_PROFIT_TP_HIT,0.2004
2616,TRUMP_USDT,SHORT,StochasticRSI(MICRO_BURST-SHORT),2,0.2,1.634,1.632,1.632,1.638,2026-07-19 12:41:59 UTC,2026-07-19 12:47:17 UTC,317.95,0.3268,0.0044,0.0,0.0004,0.04,9.18,MIN_PROFIT_TP_HIT,0.2008
2617,TRUMP_USDT,LONG,StochasticRSI(MICRO_BURST-LONG),2,0.2,1.632,1.628,1.634,1.628,2026-07-19 12:51:59 UTC,2026-07-19 13:15:51 UTC,1431.14,0.3264,0.0044,0.0,-0.0008,-0.08,-18.38,STOP_LOSS_HIT,0.2
2618,TRUMP_USDT,LONG,StochasticRSI(MICRO_BURST-LONG),2,0.2,1.623,1.625,1.625,1.619,2026-07-19 13:21:59 UTC,2026-07-19 13:22:33 UTC,33.91,0.3246,0.0043,0.0,0.0004,0.04,9.24,MIN_PROFIT_TP_HIT,0.2004
2619,TRUMP_USDT,SHORT,StochasticRSI(MICRO_BURST-SHORT),2,0.2,1.63,1.628,1.628,1.634,2026-07-19 13:34:59 UTC,2026-07-19 13:37:24 UTC,144.23,0.326,0.0043,0.0,0.0004,0.04,9.2,MIN_PROFIT_TP_HIT,0.2008
2620,TRUMP_USDT,LONG,StochasticRSI(MICRO_BURST-LONG),2,0.2,1.628,1.63,1.63,1.624,2026-07-19 13:40:59 UTC,2026-07-19 13:41:34 UTC,34.62,0.3256,0.0043,0.0,0.0004,0.04,9.21,MIN_PROFIT_TP_HIT,0.2012
2621,TRUMP_USDT,SHORT,StochasticRSI(MICRO_BURST-SHORT),2,0.2,1.628,1.632,1.626,1.632,2026-07-19 13:46:59 UTC,2026-07-19 13:56:40 UTC,580.96,0.3256,0.0043,0.0,-0.0008,-0.08,-18.43,STOP_LOSS_HIT,0.2004
2622,TRUMP_USDT,LONG,StochasticRSI(MICRO_BURST-LONG),2,0.2,1.632,1.634,1.634,1.628,2026-07-19 13:57:59 UTC,2026-07-19 13:58:36 UTC,36.9,0.3264,0.0044,0.0,0.0004,0.04,9.19,MIN_PROFIT_TP_HIT,0.2008
2623,TRUMP_USDT,SHORT,StochasticRSI(MICRO_BURST-SHORT),2,0.2,1.632,1.636,1.63,1.636,2026-07-19 14:01:59 UTC,2026-07-19 14:02:55 UTC,55.12,0.3264,0.0044,0.0,-0.0008,-0.08,-18.38,STOP_LOSS_HIT,0.2
2624,TRUMP_USDT,LONG,StochasticRSI(MICRO_BURST-LONG),2,0.2,1.637,1.633,1.639,1.633,2026-07-19 14:17:59 UTC,2026-07-19 14:23:03 UTC,303.93,0.3274,0.0044,0.0,-0.0008,-0.08,-18.33,STOP_LOSS_HIT,0.1992
2625,TRUMP_USDT,LONG,StochasticRSI(MICRO_BURST-LONG),2,0.2,1.631,1.633,1.633,1.627,2026-07-19 14:27:59 UTC,2026-07-19 14:48:01 UTC,1201.22,0.3262,0.0043,0.0,0.0004,0.04,9.2,MIN_PROFIT_TP_HIT,0.1996
2626,TRUMP_USDT,SHORT,StochasticRSI(MICRO_BURST-SHORT),2,0.2,1.629,1.633,1.627,1.633,2026-07-19 14:52:59 UTC,2026-07-19 15:12:07 UTC,1147.79,0.3258,0.0043,0.0,-0.0008,-0.08,-18.42,STOP_LOSS_HIT,0.1988
2627,TRUMP_USDT,SHORT,StochasticRSI(MICRO_BURST-SHORT),2,0.2,1.632,1.63,1.63,1.636,2026-07-19 15:15:59 UTC,2026-07-19 15:17:35 UTC,95.52,0.3264,0.0044,0.0,0.0004,0.04,9.19,MIN_PROFIT_TP_HIT,0.1992
2628,TRUMP_USDT,LONG,StochasticRSI(MICRO_BURST-LONG),2,0.2,1.63,1.632,1.632,1.626,2026-07-19 15:21:59 UTC,2026-07-19 15:27:08 UTC,308.02,0.326,0.0043,0.0,0.0004,0.04,9.2,MIN_PROFIT_TP_HIT,0.1996
2629,TRUMP_USDT,SHORT,StochasticRSI(MICRO_BURST-SHORT),2,0.2,1.627,1.625,1.625,1.631,2026-07-19 15:30:59 UTC,2026-07-19 15:33:00 UTC,120.49,0.3254,0.0043,0.0,0.0004,0.04,9.22,MIN_PROFIT_TP_HIT,0.2
2630,TRUMP_USDT,LONG,StochasticRSI(MICRO_BURST-LONG),2,0.2,1.626,1.628,1.628,1.622,2026-07-19 15:35:59 UTC,2026-07-19 15:39:01 UTC,181.86,0.3252,0.0043,0.0,0.0004,0.04,9.23,MIN_PROFIT_TP_HIT,0.2004
2631,TRUMP_USDT,SHORT,StochasticRSI(MICRO_BURST-SHORT),2,0.2,1.629,1.627,1.627,1.633,2026-07-19 15:42:59 UTC,2026-07-19 15:50:29 UTC,449.97,0.3258,0.0043,0.0,0.0004,0.04,9.21,MIN_PROFIT_TP_HIT,0.2008
2632,TRUMP_USDT,LONG,StochasticRSI(MICRO_BURST-LONG),2,0.2,1.626,1.628,1.628,1.622,2026-07-19 15:55:59 UTC,2026-07-19 16:03:00 UTC,420.47,0.3252,0.0043,0.0,0.0004,0.04,9.23,MIN_PROFIT_TP_HIT,0.2012
2633,TRUMP_USDT,SHORT,StochasticRSI(MICRO_BURST-SHORT),2,0.2,1.626,1.624,1.624,1.63,2026-07-19 16:06:59 UTC,2026-07-19 16:07:34 UTC,34.43,0.3252,0.0043,0.0,0.0004,0.04,9.23,MIN_PROFIT_TP_HIT,0.2016
2634,TRUMP_USDT,SHORT,StochasticRSI(MICRO_BURST-SHORT),2,0.2,1.632,1.636,1.63,1.636,2026-07-19 16:15:59 UTC,2026-07-19 16:17:11 UTC,71.59,0.3264,0.0044,0.0,-0.0008,-0.08,-18.38,STOP_LOSS_HIT,0.2008
2635,TRUMP_USDT,SHORT,StochasticRSI(MICRO_BURST-SHORT),2,0.2,1.637,1.641,1.635,1.641,2026-07-19 16:19:59 UTC,2026-07-19 16:22:17 UTC,137.39,0.3274,0.0044,0.0,-0.0008,-0.08,-18.33,STOP_LOSS_HIT,0.2
2636,TRUMP_USDT,SHORT,StochasticRSI(MICRO_BURST-SHORT),2,0.2,1.645,1.643,1.643,1.649,2026-07-19 16:25:59 UTC,2026-07-19 16:27:10 UTC,70.21,0.329,0.0044,0.0,0.0004,0.04,9.12,MIN_PROFIT_TP_HIT,0.2004
2637,TRUMP_USDT,LONG,StochasticRSI(MICRO_BURST-LONG),2,0.2,1.641,1.637,1.643,1.637,2026-07-19 16:33:59 UTC,2026-07-19 16:35:40 UTC,100.5,0.3282,0.0044,0.0,-0.0008,-0.08,-18.28,STOP_LOSS_HIT,0.1996
2638,TRUMP_USDT,SHORT,StochasticRSI(MICRO_BURST-SHORT),2,0.2,1.636,1.64,1.634,1.64,2026-07-19 16:45:59 UTC,2026-07-19 16:51:14 UTC,314.94,0.3272,0.0044,0.0,-0.0008,-0.08,-18.34,STOP_LOSS_HIT,0.1988
2639,TRUMP_USDT,SHORT,StochasticRSI(MICRO_BURST-SHORT),2,0.2,1.634,1.632,1.632,1.638,2026-07-19 16:55:59 UTC,2026-07-19 16:57:55 UTC,115.24,0.3268,0.0044,0.0,0.0004,0.04,9.18,MIN_PROFIT_TP_HIT,0.1992
2640,TRUMP_USDT,LONG,StochasticRSI(MICRO_BURST-LONG),2,0.2,1.635,1.631,1.637,1.631,2026-07-19 16:59:59 UTC,2026-07-19 17:01:16 UTC,76.4,0.327,0.0044,0.0,-0.0008,-0.08,-18.35,STOP_LOSS_HIT,0.1984
2641,TRUMP_USDT,SHORT,StochasticRSI(MICRO_BURST-SHORT),2,0.2,1.635,1.633,1.633,1.639,2026-07-19 17:15:59 UTC,2026-07-19 17:17:04 UTC,64.3,0.327,0.0044,0.0,0.0004,0.04,9.17,MIN_PROFIT_TP_HIT,0.1988
2642,TRUMP_USDT,LONG,StochasticRSI(MICRO_BURST-LONG),2,0.2,1.632,1.634,1.634,1.628,2026-07-19 17:20:59 UTC,2026-07-19 17:21:41 UTC,41.85,0.3264,0.0044,0.0,0.0004,0.04,9.19,MIN_PROFIT_TP_HIT,0.1992
2643,TRUMP_USDT,SHORT,StochasticRSI(MICRO_BURST-SHORT),2,0.2,1.63,1.628,1.628,1.634,2026-07-19 17:35:59 UTC,2026-07-19 17:42:29 UTC,389.34,0.326,0.0043,0.0,0.0004,0.04,9.2,MIN_PROFIT_TP_HIT,0.1996
2644,TRUMP_USDT,LONG,StochasticRSI(MICRO_BURST-LONG),2,0.2,1.628,1.624,1.63,1.624,2026-07-19 17:47:59 UTC,2026-07-19 18:03:16 UTC,916.73,0.3256,0.0043,0.0,-0.0008,-0.08,-18.43,STOP_LOSS_HIT,0.1988
2645,TRUMP_USDT,LONG,StochasticRSI(MICRO_BURST-LONG),2,0.2,1.619,1.615,1.621,1.615,2026-07-19 18:07:59 UTC,2026-07-19 18:08:06 UTC,6.68,0.3238,0.0043,0.0,-0.0008,-0.08,-18.53,STOP_LOSS_HIT,0.198
2646,TRUMP_USDT,LONG,StochasticRSI(MICRO_BURST-LONG),2,0.2,1.62,1.622,1.622,1.616,2026-07-19 18:11:59 UTC,2026-07-19 18:13:13 UTC,73.86,0.324,0.0043,0.0,0.0004,0.04,9.26,MIN_PROFIT_TP_HIT,0.1984
2647,TRUMP_USDT,LONG,StochasticRSI(MICRO_BURST-LONG),2,0.2,1.623,1.625,1.625,1.619,2026-07-19 18:31:59 UTC,2026-07-19 18:32:01 UTC,1.13,0.3246,0.0043,0.0,0.0004,0.04,9.24,MIN_PROFIT_TP_HIT,0.1988
2648,TRUMP_USDT,SHORT,StochasticRSI(MICRO_BURST-SHORT),2,0.2,1.624,1.622,1.622,1.628,2026-07-19 18:36:59 UTC,2026-07-19 18:40:39 UTC,219.66,0.3248,0.0043,0.0,0.0004,0.04,9.24,MIN_PROFIT_TP_HIT,0.1992
2649,TRUMP_USDT,LONG,StochasticRSI(MICRO_BURST-LONG),2,0.2,1.623,1.625,1.625,1.619,2026-07-19 18:43:59 UTC,2026-07-19 18:49:23 UTC,323.86,0.3246,0.0043,0.0,0.0004,0.04,9.24,MIN_PROFIT_TP_HIT,0.1996
2650,TRUMP_USDT,SHORT,StochasticRSI(MICRO_BURST-SHORT),2,0.2,1.625,1.623,1.623,1.629,2026-07-19 18:52:59 UTC,2026-07-19 18:53:16 UTC,16.29,0.325,0.0043,0.0,0.0004,0.04,9.23,MIN_PROFIT_TP_HIT,0.2
2651,TRUMP_USDT,LONG,StochasticRSI(MICRO_BURST-LONG),2,0.2,1.619,1.621,1.621,1.615,2026-07-19 18:58:59 UTC,2026-07-19 19:00:02 UTC,62.18,0.3238,0.0043,0.0,0.0004,0.04,9.26,MIN_PROFIT_TP_HIT,0.2004
2652,TRUMP_USDT,LONG,StochasticRSI(MICRO_BURST-LONG),2,0.2,1.619,1.615,1.621,1.615,2026-07-19 19:01:59 UTC,2026-07-19 19:03:56 UTC,116.28,0.3238,0.0043,0.0,-0.0008,-0.08,-18.53,STOP_LOSS_HIT,0.1996
2653,TRUMP_USDT,LONG,StochasticRSI(MICRO_BURST-LONG),2,0.2,1.619,1.621,1.621,1.615,2026-07-19 19:08:59 UTC,2026-07-19 19:16:31 UTC,451.06,0.3238,0.0043,0.0,0.0004,0.04,9.26,MIN_PROFIT_TP_HIT,0.2
2654,TRUMP_USDT,SHORT,StochasticRSI(MICRO_BURST-SHORT),2,0.2,1.621,1.625,1.619,1.625,2026-07-19 19:26:59 UTC,2026-07-19 19:35:38 UTC,518.75,0.3242,0.0043,0.0,-0.0008,-0.08,-18.51,STOP_LOSS_HIT,0.1992
2655,TRUMP_USDT,LONG,StochasticRSI(MICRO_BURST-LONG),2,0.2,1.624,1.626,1.626,1.62,2026-07-19 19:44:59 UTC,2026-07-19 20:02:13 UTC,1033.29,0.3248,0.0043,0.0,0.0004,0.04,9.24,MIN_PROFIT_TP_HIT,0.1996
2656,TRUMP_USDT,SHORT,StochasticRSI(MICRO_BURST-SHORT),2,0.2,1.623,1.621,1.621,1.627,2026-07-19 20:03:59 UTC,2026-07-19 20:07:01 UTC,181.81,0.3246,0.0043,0.0,0.0004,0.04,9.24,MIN_PROFIT_TP_HIT,0.2
2657,TRUMP_USDT,LONG,StochasticRSI(MICRO_BURST-LONG),2,0.2,1.623,1.625,1.625,1.619,2026-07-19 20:10:59 UTC,2026-07-19 20:11:59 UTC,59.6,0.3246,0.0043,0.0,0.0004,0.04,9.24,MIN_PROFIT_TP_HIT,0.2004
2658,TRUMP_USDT,SHORT,StochasticRSI(MICRO_BURST-SHORT),2,0.2,1.626,1.624,1.624,1.63,2026-07-19 20:15:59 UTC,2026-07-19 20:22:13 UTC,373.91,0.3252,0.0043,0.0,0.0004,0.04,9.23,MIN_PROFIT_TP_HIT,0.2008
2659,TRUMP_USDT,LONG,StochasticRSI(MICRO_BURST-LONG),2,0.2,1.624,1.626,1.626,1.62,2026-07-19 20:26:59 UTC,2026-07-19 20:35:03 UTC,483.37,0.3248,0.0043,0.0,0.0004,0.04,9.24,MIN_PROFIT_TP_HIT,0.2012
2660,TRUMP_USDT,LONG,StochasticRSI(MICRO_BURST-LONG),2,0.2,1.626,1.628,1.628,1.622,2026-07-19 20:46:59 UTC,2026-07-19 21:03:29 UTC,989.84,0.3252,0.0043,0.0,0.0004,0.04,9.23,MIN_PROFIT_TP_HIT,0.2016
2661,TRUMP_USDT,LONG,StochasticRSI(MICRO_BURST-LONG),2,0.2,1.625,1.621,1.627,1.621,2026-07-19 21:11:59 UTC,2026-07-19 21:13:04 UTC,64.63,0.325,0.0043,0.0,-0.0008,-0.08,-18.46,STOP_LOSS_HIT,0.2008
2662,TRUMP_USDT,LONG,StochasticRSI(MICRO_BURST-LONG),2,0.2,1.622,1.618,1.624,1.618,2026-07-19 21:19:59 UTC,2026-07-19 21:24:06 UTC,246.62,0.3244,0.0043,0.0,-0.0008,-0.08,-18.5,STOP_LOSS_HIT,0.2
2663,TRUMP_USDT,LONG,StochasticRSI(MICRO_BURST-LONG),2,0.2,1.618,1.614,1.62,1.614,2026-07-19 21:28:59 UTC,2026-07-19 21:30:20 UTC,80.12,0.3236,0.0043,0.0,-0.0008,-0.08,-18.54,STOP_LOSS_HIT,0.1992
2664,TRUMP_USDT,SHORT,StochasticRSI(MICRO_BURST-SHORT),2,0.2,1.615,1.613,1.613,1.619,2026-07-19 21:31:59 UTC,2026-07-19 21:32:48 UTC,48.87,0.323,0.0043,0.0,0.0004,0.04,9.29,MIN_PROFIT_TP_HIT,0.1996
2665,TRUMP_USDT,LONG,StochasticRSI(MICRO_BURST-LONG),2,0.2,1.571,1.573,1.573,1.567,2026-07-19 21:37:59 UTC,2026-07-19 21:40:02 UTC,122.66,0.3142,0.0042,0.0,0.0004,0.04,9.55,MIN_PROFIT_TP_HIT,0.2
2666,TRUMP_USDT,SHORT,StochasticRSI(MICRO_BURST-SHORT),2,0.2,1.565,1.569,1.563,1.569,2026-07-19 21:41:59 UTC,2026-07-19 21:42:22 UTC,22.22,0.313,0.0042,0.0,-0.0008,-0.08,-19.17,STOP_LOSS_HIT,0.1992
2667,TRUMP_USDT,SHORT,StochasticRSI(MICRO_BURST-SHORT),2,0.2,1.571,1.569,1.569,1.575,2026-07-19 21:46:59 UTC,2026-07-19 21:47:03 UTC,3.04,0.3142,0.0042,0.0,0.0004,0.04,9.55,MIN_PROFIT_TP_HIT,0.1996
2668,TRUMP_USDT,LONG,StochasticRSI(MICRO_BURST-LONG),2,0.2,1.561,1.557,1.563,1.557,2026-07-19 21:54:59 UTC,2026-07-19 21:56:08 UTC,68.08,0.3122,0.0042,0.0,-0.0008,-0.08,-19.22,STOP_LOSS_HIT,0.1988
2669,TRUMP_USDT,LONG,StochasticRSI(MICRO_BURST-LONG),2,0.2,1.558,1.56,1.56,1.554,2026-07-19 22:00:59 UTC,2026-07-19 22:01:28 UTC,28.4,0.3116,0.0042,0.0,0.0004,0.04,9.63,MIN_PROFIT_TP_HIT,0.1992
2670,TRUMP_USDT,LONG,StochasticRSI(MICRO_BURST-LONG),2,0.2,1.559,1.561,1.561,1.555,2026-07-19 22:09:59 UTC,2026-07-19 22:10:06 UTC,6.51,0.3118,0.0042,0.0,0.0004,0.04,9.62,MIN_PROFIT_TP_HIT,0.1996
2671,TRUMP_USDT,SHORT,StochasticRSI(MICRO_BURST-SHORT),2,0.2,1.563,1.561,1.561,1.567,2026-07-19 22:13:59 UTC,2026-07-19 22:14:01 UTC,1.17,0.3126,0.0042,0.0,0.0004,0.04,9.6,MIN_PROFIT_TP_HIT,0.2
2672,TRUMP_USDT,SHORT,StochasticRSI(MICRO_BURST-SHORT),2,0.2,1.568,1.566,1.566,1.572,2026-07-19 22:23:59 UTC,2026-07-19 22:27:01 UTC,181.88,0.3136,0.0042,0.0,0.0004,0.04,9.57,MIN_PROFIT_TP_HIT,0.2004
2673,TRUMP_USDT,LONG,StochasticRSI(MICRO_BURST-LONG),2,0.2,1.569,1.571,1.571,1.565,2026-07-19 22:31:59 UTC,2026-07-19 22:33:01 UTC,61.69,0.3138,0.0042,0.0,0.0004,0.04,9.56,MIN_PROFIT_TP_HIT,0.2008
2674,TRUMP_USDT,SHORT,StochasticRSI(MICRO_BURST-SHORT),2,0.2,1.57,1.568,1.568,1.574,2026-07-19 22:35:59 UTC,2026-07-19 22:36:04 UTC,4.84,0.314,0.0042,0.0,0.0004,0.04,9.55,MIN_PROFIT_TP_HIT,0.2012
2675,TRUMP_USDT,LONG,StochasticRSI(MICRO_BURST-LONG),2,0.2,1.566,1.568,1.568,1.562,2026-07-19 22:49:59 UTC,2026-07-19 22:50:03 UTC,3.27,0.3132,0.0042,0.0,0.0004,0.04,9.58,MIN_PROFIT_TP_HIT,0.2016
2676,TRUMP_USDT,SHORT,StochasticRSI(MICRO_BURST-SHORT),2,0.2,1.568,1.566,1.566,1.572,2026-07-19 22:59:59 UTC,2026-07-19 23:00:06 UTC,6.26,0.3136,0.0042,0.0,0.0004,0.04,9.57,MIN_PROFIT_TP_HIT,0.202
2677,TRUMP_USDT,SHORT,StochasticRSI(MICRO_BURST-SHORT),2,0.2,1.563,1.561,1.561,1.567,2026-07-19 23:27:59 UTC,2026-07-19 23:33:13 UTC,313.19,0.3126,0.0042,0.0,0.0004,0.04,9.6,MIN_PROFIT_TP_HIT,0.2024
2678,TRUMP_USDT,LONG,StochasticRSI(MICRO_BURST-LONG),2,0.2,1.563,1.565,1.565,1.559,2026-07-19 23:49:59 UTC,2026-07-19 23:51:50 UTC,110.77,0.3126,0.0042,0.0,0.0004,0.04,9.6,MIN_PROFIT_TP_HIT,0.2028
2679,TRUMP_USDT,SHORT,StochasticRSI(MICRO_BURST-SHORT),2,0.2,1.566,1.564,1.564,1.57,2026-07-19 23:57:59 UTC,2026-07-19 23:59:44 UTC,104.18,0.3132,0.0042,0.0,0.0004,0.04,9.58,MIN_PROFIT_TP_HIT,0.2032
2680,TRUMP_USDT,LONG,StochasticRSI(MICRO_BURST-LONG),2,0.2,1.562,1.564,1.564,1.558,2026-07-20 00:03:59 UTC,2026-07-20 00:04:23 UTC,23.73,0.3124,0.0042,0.0,0.0004,0.04,9.6,MIN_PROFIT_TP_HIT,0.2036
2681,TRUMP_USDT,SHORT,StochasticRSI(MICRO_BURST-SHORT),2,0.2,1.57,1.574,1.568,1.574,2026-07-20 00:12:59 UTC,2026-07-20 00:13:28 UTC,28.27,0.314,0.0042,0.0,-0.0008,-0.08,-19.11,STOP_LOSS_HIT,0.2028
2682,TRUMP_USDT,LONG,StochasticRSI(MICRO_BURST-LONG),2,0.2,1.577,1.573,1.579,1.573,2026-07-20 00:16:59 UTC,2026-07-20 00:18:28 UTC,88.59,0.3154,0.0042,0.0,-0.0008,-0.08,-19.02,STOP_LOSS_HIT,0.202
2683,TRUMP_USDT,LONG,StochasticRSI(MICRO_BURST-LONG),2,0.2,1.57,1.572,1.572,1.566,2026-07-20 00:24:59 UTC,2026-07-20 00:25:01 UTC,1.8,0.314,0.0042,0.0,0.0004,0.04,9.55,MIN_PROFIT_TP_HIT,0.2024
2684,TRUMP_USDT,SHORT,StochasticRSI(MICRO_BURST-SHORT),2,0.2,1.568,1.572,1.566,1.572,2026-07-20 00:40:59 UTC,2026-07-20 00:42:31 UTC,91.58,0.3136,0.0042,0.0,-0.0008,-0.08,-19.13,STOP_LOSS_HIT,0.2016
2685,TRUMP_USDT,LONG,StochasticRSI(MICRO_BURST-LONG),2,0.2,1.562,1.564,1.564,1.558,2026-07-20 00:54:59 UTC,2026-07-20 00:59:03 UTC,243.71,0.3124,0.0042,0.0,0.0004,0.04,9.6,MIN_PROFIT_TP_HIT,0.202
2686,TRUMP_USDT,SHORT,StochasticRSI(MICRO_BURST-SHORT),2,0.2,1.564,1.568,1.562,1.568,2026-07-20 01:02:59 UTC,2026-07-20 01:06:01 UTC,181.34,0.3128,0.0042,0.0,-0.0008,-0.08,-19.18,STOP_LOSS_HIT,0.2012
2687,TRUMP_USDT,SHORT,StochasticRSI(MICRO_BURST-SHORT),2,0.2,1.567,1.571,1.565,1.571,2026-07-20 01:08:59 UTC,2026-07-20 01:09:23 UTC,23.31,0.3134,0.0042,0.0,-0.0008,-0.08,-19.14,STOP_LOSS_HIT,0.2004
2688,TRUMP_USDT,LONG,StochasticRSI(MICRO_BURST-LONG),2,0.2,1.57,1.566,1.572,1.566,2026-07-20 01:17:59 UTC,2026-07-20 01:20:18 UTC,138.29,0.314,0.0042,0.0,-0.0008,-0.08,-19.11,STOP_LOSS_HIT,0.1996
2689,TRUMP_USDT,LONG,StochasticRSI(MICRO_BURST-LONG),2,0.2,1.569,1.571,1.571,1.565,2026-07-20 01:21:59 UTC,2026-07-20 01:22:00 UTC,0.49,0.3138,0.0042,0.0,0.0004,0.04,9.56,MIN_PROFIT_TP_HIT,0.2
2690,TRUMP_USDT,SHORT,StochasticRSI(MICRO_BURST-SHORT),2,0.2,1.58,1.578,1.578,1.584,2026-07-20 01:30:59 UTC,2026-07-20 01:31:06 UTC,6.39,0.316,0.0042,0.0,0.0004,0.04,9.49,MIN_PROFIT_TP_HIT,0.2004
2691,TRUMP_USDT,LONG,StochasticRSI(MICRO_BURST-LONG),2,0.2,1.578,1.58,1.58,1.574,2026-07-20 01:35:59 UTC,2026-07-20 01:36:02 UTC,2.68,0.3156,0.0042,0.0,0.0004,0.04,9.51,MIN_PROFIT_TP_HIT,0.2008
2692,TRUMP_USDT,LONG,StochasticRSI(MICRO_BURST-LONG),2,0.2,1.585,1.581,1.587,1.581,2026-07-20 01:48:59 UTC,2026-07-20 01:51:51 UTC,171.63,0.317,0.0042,0.0,-0.0008,-0.08,-18.93,STOP_LOSS_HIT,0.2
2693,TRUMP_USDT,SHORT,StochasticRSI(MICRO_BURST-SHORT),2,0.2,1.57,1.574,1.568,1.574,2026-07-20 01:52:59 UTC,2026-07-20 01:53:23 UTC,23.78,0.314,0.0042,0.0,-0.0008,-0.08,-19.11,STOP_LOSS_HIT,0.1992
2694,TRUMP_USDT,LONG,StochasticRSI(MICRO_BURST-LONG),2,0.2,1.573,1.575,1.575,1.569,2026-07-20 01:57:59 UTC,2026-07-20 01:58:50 UTC,50.6,0.3146,0.0042,0.0,0.0004,0.04,9.54,MIN_PROFIT_TP_HIT,0.1996
2695,TRUMP_USDT,SHORT,StochasticRSI(MICRO_BURST-SHORT),2,0.2,1.584,1.588,1.582,1.588,2026-07-20 02:04:59 UTC,2026-07-20 02:05:32 UTC,32.32,0.3168,0.0042,0.0,-0.0008,-0.08,-18.94,STOP_LOSS_HIT,0.1988
2696,TRUMP_USDT,LONG,StochasticRSI(MICRO_BURST-LONG),2,0.2,1.585,1.581,1.587,1.581,2026-07-20 02:18:59 UTC,2026-07-20 02:19:51 UTC,51.55,0.317,0.0042,0.0,-0.0008,-0.08,-18.93,STOP_LOSS_HIT,0.198
2697,TRUMP_USDT,SHORT,StochasticRSI(MICRO_BURST-SHORT),2,0.2,1.586,1.59,1.584,1.59,2026-07-20 02:35:59 UTC,2026-07-20 02:36:28 UTC,28.18,0.3172,0.0042,0.0,-0.0008,-0.08,-18.92,STOP_LOSS_HIT,0.1972
2698,TRUMP_USDT,SHORT,StochasticRSI(MICRO_BURST-SHORT),2,0.2,1.592,1.59,1.59,1.596,2026-07-20 02:45:59 UTC,2026-07-20 02:51:50 UTC,350.85,0.3184,0.0042,0.0,0.0004,0.04,9.42,MIN_PROFIT_TP_HIT,0.1976
2699,TRUMP_USDT,LONG,StochasticRSI(MICRO_BURST-LONG),2,0.2,1.591,1.593,1.593,1.587,2026-07-20 02:54:59 UTC,2026-07-20 02:55:11 UTC,11.01,0.3182,0.0042,0.0,0.0004,0.04,9.43,MIN_PROFIT_TP_HIT,0.198
2700,TRUMP_USDT,LONG,StochasticRSI(MICRO_BURST-LONG),2,0.2,1.59,1.586,1.592,1.586,2026-07-20 03:01:59 UTC,2026-07-20 03:05:42 UTC,222.15,0.318,0.0042,0.0,-0.0008,-0.08,-18.87,STOP_LOSS_HIT,0.1972
2701,TRUMP_USDT,LONG,StochasticRSI(MICRO_BURST-LONG),2,0.2,1.584,1.586,1.586,1.58,2026-07-20 03:09:59 UTC,2026-07-20 03:12:56 UTC,176.66,0.3168,0.0042,0.0,0.0004,0.04,9.47,MIN_PROFIT_TP_HIT,0.1976
2702,TRUMP_USDT,SHORT,StochasticRSI(MICRO_BURST-SHORT),2,0.2,1.588,1.586,1.586,1.592,2026-07-20 03:15:59 UTC,2026-07-20 03:18:37 UTC,157.24,0.3176,0.0042,0.0,0.0004,0.04,9.45,MIN_PROFIT_TP_HIT,0.198
2703,TRUMP_USDT,LONG,StochasticRSI(MICRO_BURST-LONG),2,0.2,1.577,1.579,1.579,1.573,2026-07-20 03:25:59 UTC,2026-07-20 03:26:01 UTC,1.97,0.3154,0.0042,0.0,0.0004,0.04,9.51,MIN_PROFIT_TP_HIT,0.1984
2704,TRUMP_USDT,LONG,StochasticRSI(MICRO_BURST-LONG),2,0.2,1.575,1.577,1.577,1.571,2026-07-20 03:29:59 UTC,2026-07-20 03:31:12 UTC,72.08,0.315,0.0042,0.0,0.0004,0.04,9.52,MIN_PROFIT_TP_HIT,0.1988
2705,TRUMP_USDT,SHORT,StochasticRSI(MICRO_BURST-SHORT),2,0.2,1.573,1.577,1.571,1.577,2026-07-20 03:40:59 UTC,2026-07-20 03:43:48 UTC,168.18,0.3146,0.0042,0.0,-0.0008,-0.08,-19.07,STOP_LOSS_HIT,0.198
2706,TRUMP_USDT,SHORT,StochasticRSI(MICRO_BURST-SHORT),2,0.2,1.574,1.572,1.572,1.578,2026-07-20 03:53:59 UTC,2026-07-20 03:54:48 UTC,48.93,0.3148,0.0042,0.0,0.0004,0.04,9.53,MIN_PROFIT_TP_HIT,0.1984
2707,TRUMP_USDT,LONG,StochasticRSI(MICRO_BURST-LONG),2,0.2,1.572,1.574,1.574,1.568,2026-07-20 03:59:59 UTC,2026-07-20 04:01:18 UTC,78.64,0.3144,0.0042,0.0,0.0004,0.04,9.54,MIN_PROFIT_TP_HIT,0.1988
2708,TRUMP_USDT,SHORT,StochasticRSI(MICRO_BURST-SHORT),2,0.2,1.571,1.569,1.569,1.575,2026-07-20 04:04:59 UTC,2026-07-20 04:05:28 UTC,28.3,0.3142,0.0042,0.0,0.0004,0.04,9.55,MIN_PROFIT_TP_HIT,0.1992
2709,TRUMP_USDT,LONG,StochasticRSI(MICRO_BURST-LONG),2,0.2,1.568,1.57,1.57,1.564,2026-07-20 04:12:59 UTC,2026-07-20 04:26:15 UTC,795.47,0.3136,0.0042,0.0,0.0004,0.04,9.57,MIN_PROFIT_TP_HIT,0.1996
2710,TRUMP_USDT,SHORT,StochasticRSI(MICRO_BURST-SHORT),2,0.2,1.57,1.574,1.568,1.574,2026-07-20 04:30:59 UTC,2026-07-20 04:32:17 UTC,77.98,0.314,0.0042,0.0,-0.0008,-0.08,-19.11,STOP_LOSS_HIT,0.1988
2711,TRUMP_USDT,LONG,StochasticRSI(MICRO_BURST-LONG),2,0.2,1.57,1.572,1.572,1.566,2026-07-20 04:37:59 UTC,2026-07-20 04:39:00 UTC,60.36,0.314,0.0042,0.0,0.0004,0.04,9.55,MIN_PROFIT_TP_HIT,0.1992
2712,TRUMP_USDT,LONG,StochasticRSI(MICRO_BURST-LONG),2,0.2,1.568,1.57,1.57,1.564,2026-07-20 04:54:59 UTC,2026-07-20 04:55:17 UTC,17.98,0.3136,0.0042,0.0,0.0004,0.04,9.57,MIN_PROFIT_TP_HIT,0.1996
2713,TRUMP_USDT,LONG,StochasticRSI(MICRO_BURST-LONG),2,0.2,1.568,1.564,1.57,1.564,2026-07-20 04:59:59 UTC,2026-07-20 05:01:21 UTC,81.56,0.3136,0.0042,0.0,-0.0008,-0.08,-19.13,STOP_LOSS_HIT,0.1988
2714,TRUMP_USDT,SHORT,StochasticRSI(MICRO_BURST-SHORT),2,0.2,1.565,1.563,1.563,1.569,2026-07-20 05:20:59 UTC,2026-07-20 05:21:52 UTC,52.78,0.313,0.0042,0.0,0.0004,0.04,9.58,MIN_PROFIT_TP_HIT,0.1992
2715,TRUMP_USDT,LONG,StochasticRSI(MICRO_BURST-LONG),2,0.2,1.566,1.568,1.568,1.562,2026-07-20 05:26:59 UTC,2026-07-20 05:30:06 UTC,186.73,0.3132,0.0042,0.0,0.0004,0.04,9.58,MIN_PROFIT_TP_HIT,0.1996
2716,TRUMP_USDT,SHORT,StochasticRSI(MICRO_BURST-SHORT),2,0.2,1.571,1.575,1.569,1.575,2026-07-20 05:32:59 UTC,2026-07-20 05:33:52 UTC,52.35,0.3142,0.0042,0.0,-0.0008,-0.08,-19.1,STOP_LOSS_HIT,0.1988
2717,TRUMP_USDT,SHORT,StochasticRSI(MICRO_BURST-SHORT),2,0.2,1.576,1.574,1.574,1.58,2026-07-20 05:36:59 UTC,2026-07-20 05:37:08 UTC,8.13,0.3152,0.0042,0.0,0.0004,0.04,9.52,MIN_PROFIT_TP_HIT,0.1992
2718,TRUMP_USDT,LONG,StochasticRSI(MICRO_BURST-LONG),2,0.2,1.566,1.568,1.568,1.562,2026-07-20 05:51:59 UTC,2026-07-20 05:53:07 UTC,67.64,0.3132,0.0042,0.0,0.0004,0.04,9.58,MIN_PROFIT_TP_HIT,0.1996
2719,TRUMP_USDT,SHORT,StochasticRSI(MICRO_BURST-SHORT),2,0.2,1.568,1.566,1.566,1.572,2026-07-20 05:56:59 UTC,2026-07-20 05:59:04 UTC,124.98,0.3136,0.0042,0.0,0.0004,0.04,9.57,MIN_PROFIT_TP_HIT,0.2
2720,TRUMP_USDT,SHORT,StochasticRSI(MICRO_BURST-SHORT),2,0.2,1.567,1.565,1.565,1.571,2026-07-20 06:11:59 UTC,2026-07-20 06:19:03 UTC,423.84,0.3134,0.0042,0.0,0.0004,0.04,9.57,MIN_PROFIT_TP_HIT,0.2004
2721,TRUMP_USDT,LONG,StochasticRSI(MICRO_BURST-LONG),2,0.2,1.566,1.568,1.568,1.562,2026-07-20 06:24:59 UTC,2026-07-20 06:25:16 UTC,16.08,0.3132,0.0042,0.0,0.0004,0.04,9.58,MIN_PROFIT_TP_HIT,0.2008
2722,TRUMP_USDT,LONG,StochasticRSI(MICRO_BURST-LONG),2,0.2,1.562,1.558,1.564,1.558,2026-07-20 06:36:59 UTC,2026-07-20 06:37:27 UTC,27.54,0.3124,0.0042,0.0,-0.0008,-0.08,-19.21,STOP_LOSS_HIT,0.2
2723,TRUMP_USDT,LONG,StochasticRSI(MICRO_BURST-LONG),2,0.2,1.563,1.565,1.565,1.559,2026-07-20 06:39:59 UTC,2026-07-20 06:41:22 UTC,82.21,0.3126,0.0042,0.0,0.0004,0.04,9.6,MIN_PROFIT_TP_HIT,0.2004
2724,TRUMP_USDT,SHORT,StochasticRSI(MICRO_BURST-SHORT),2,0.2,1.565,1.563,1.563,1.569,2026-07-20 06:47:59 UTC,2026-07-20 06:48:23 UTC,23.71,0.313,0.0042,0.0,0.0004,0.04,9.58,MIN_PROFIT_TP_HIT,0.2008
2725,TRUMP_USDT,LONG,StochasticRSI(MICRO_BURST-LONG),2,0.2,1.562,1.558,1.564,1.558,2026-07-20 07:00:59 UTC,2026-07-20 07:02:36 UTC,96.27,0.3124,0.0042,0.0,-0.0008,-0.08,-19.21,STOP_LOSS_HIT,0.2
2726,TRUMP_USDT,SHORT,StochasticRSI(MICRO_BURST-SHORT),2,0.2,1.559,1.563,1.557,1.563,2026-07-20 07:03:59 UTC,2026-07-20 07:04:57 UTC,57.41,0.3118,0.0042,0.0,-0.0008,-0.08,-19.24,STOP_LOSS_HIT,0.1992
2727,TRUMP_USDT,SHORT,StochasticRSI(MICRO_BURST-SHORT),2,0.2,1.562,1.56,1.56,1.566,2026-07-20 07:12:59 UTC,2026-07-20 07:16:06 UTC,186.92,0.3124,0.0042,0.0,0.0004,0.04,9.6,MIN_PROFIT_TP_HIT,0.1996
2728,TRUMP_USDT,LONG,StochasticRSI(MICRO_BURST-LONG),2,0.2,1.561,1.563,1.563,1.557,2026-07-20 07:19:59 UTC,2026-07-20 07:22:21 UTC,141.4,0.3122,0.0042,0.0,0.0004,0.04,9.61,MIN_PROFIT_TP_HIT,0.2
2729,TRUMP_USDT,SHORT,StochasticRSI(MICRO_BURST-SHORT),2,0.2,1.563,1.567,1.561,1.567,2026-07-20 07:24:59 UTC,2026-07-20 07:30:14 UTC,314.89,0.3126,0.0042,0.0,-0.0008,-0.08,-19.19,STOP_LOSS_HIT,0.1992
2730,TRUMP_USDT,LONG,StochasticRSI(MICRO_BURST-LONG),2,0.2,1.56,1.562,1.562,1.556,2026-07-20 07:36:59 UTC,2026-07-20 07:37:12 UTC,12.12,0.312,0.0042,0.0,0.0004,0.04,9.62,MIN_PROFIT_TP_HIT,0.1996
2731,TRUMP_USDT,LONG,StochasticRSI(MICRO_BURST-LONG),2,0.2,1.561,1.563,1.563,1.557,2026-07-20 07:38:59 UTC,2026-07-20 07:41:23 UTC,143.32,0.3122,0.0042,0.0,0.0004,0.04,9.61,MIN_PROFIT_TP_HIT,0.2
2732,TRUMP_USDT,SHORT,StochasticRSI(MICRO_BURST-SHORT),2,0.2,1.562,1.566,1.56,1.566,2026-07-20 07:47:59 UTC,2026-07-20 07:53:42 UTC,342.94,0.3124,0.0042,0.0,-0.0008,-0.08,-19.21,STOP_LOSS_HIT,0.1992
2733,TRUMP_USDT,SHORT,StochasticRSI(MICRO_BURST-SHORT),2,0.2,1.563,1.567,1.561,1.567,2026-07-20 07:55:59 UTC,2026-07-20 08:00:35 UTC,275.76,0.3126,0.0042,0.0,-0.0008,-0.08,-19.19,STOP_LOSS_HIT,0.1984
2734,TRUMP_USDT,SHORT,StochasticRSI(MICRO_BURST-SHORT),2,0.2,1.567,1.565,1.565,1.571,2026-07-20 08:02:59 UTC,2026-07-20 08:05:45 UTC,165.48,0.3134,0.0042,0.0,0.0004,0.04,9.57,MIN_PROFIT_TP_HIT,0.1988
2735,TRUMP_USDT,LONG,StochasticRSI(MICRO_BURST-LONG),2,0.2,1.563,1.565,1.565,1.559,2026-07-20 08:09:59 UTC,2026-07-20 08:12:39 UTC,159.38,0.3126,0.0042,0.0,0.0004,0.04,9.6,MIN_PROFIT_TP_HIT,0.1992
2736,TRUMP_USDT,LONG,StochasticRSI(MICRO_BURST-LONG),2,0.2,1.565,1.567,1.567,1.561,2026-07-20 08:13:59 UTC,2026-07-20 08:14:17 UTC,17.4,0.313,0.0042,0.0,0.0004,0.04,9.58,MIN_PROFIT_TP_HIT,0.1996
2737,TRUMP_USDT,SHORT,StochasticRSI(MICRO_BURST-SHORT),2,0.2,1.564,1.562,1.562,1.568,2026-07-20 08:18:59 UTC,2026-07-20 08:20:30 UTC,90.94,0.3128,0.0042,0.0,0.0004,0.04,9.59,MIN_PROFIT_TP_HIT,0.2
2738,TRUMP_USDT,LONG,StochasticRSI(MICRO_BURST-LONG),2,0.2,1.561,1.557,1.563,1.557,2026-07-20 08:24:59 UTC,2026-07-20 08:32:45 UTC,465.77,0.3122,0.0042,0.0,-0.0008,-0.08,-19.22,STOP_LOSS_HIT,0.1992
2739,TRUMP_USDT,SHORT,StochasticRSI(MICRO_BURST-SHORT),2,0.2,1.558,1.562,1.556,1.562,2026-07-20 08:38:59 UTC,2026-07-20 08:49:39 UTC,639.52,0.3116,0.0042,0.0,-0.0008,-0.08,-19.26,STOP_LOSS_HIT,0.1984
2740,TRUMP_USDT,SHORT,StochasticRSI(MICRO_BURST-SHORT),2,0.2,1.56,1.558,1.558,1.564,2026-07-20 08:51:59 UTC,2026-07-20 08:53:30 UTC,90.8,0.312,0.0042,0.0,0.0004,0.04,9.62,MIN_PROFIT_TP_HIT,0.1988
2741,TRUMP_USDT,LONG,StochasticRSI(MICRO_BURST-LONG),2,0.2,1.558,1.56,1.56,1.554,2026-07-20 08:56:59 UTC,2026-07-20 08:57:06 UTC,6.22,0.3116,0.0042,0.0,0.0004,0.04,9.63,MIN_PROFIT_TP_HIT,0.1992
2742,TRUMP_USDT,LONG,StochasticRSI(MICRO_BURST-LONG),2,0.2,1.548,1.55,1.55,1.544,2026-07-20 09:06:59 UTC,2026-07-20 09:10:22 UTC,202.46,0.3096,0.0041,0.0,0.0004,0.04,9.69,MIN_PROFIT_TP_HIT,0.1996
2743,TRUMP_USDT,SHORT,StochasticRSI(MICRO_BURST-SHORT),2,0.2,1.552,1.55,1.55,1.556,2026-07-20 09:16:59 UTC,2026-07-20 09:19:45 UTC,165.24,0.3104,0.0041,0.0,0.0004,0.04,9.66,MIN_PROFIT_TP_HIT,0.2
2744,TRUMP_USDT,SHORT,StochasticRSI(MICRO_BURST-SHORT),2,0.2,1.554,1.552,1.552,1.558,2026-07-20 09:26:59 UTC,2026-07-20 09:28:49 UTC,109.19,0.3108,0.0041,0.0,0.0004,0.04,9.65,MIN_PROFIT_TP_HIT,0.2004
2745,TRUMP_USDT,SHORT,StochasticRSI(MICRO_BURST-SHORT),2,0.2,1.56,1.564,1.558,1.564,2026-07-20 09:46:59 UTC,2026-07-20 10:08:35 UTC,1295.07,0.312,0.0042,0.0,-0.0008,-0.08,-19.23,STOP_LOSS_HIT,0.1996
2746,TRUMP_USDT,SHORT,StochasticRSI(MICRO_BURST-SHORT),2,0.2,1.567,1.565,1.565,1.571,2026-07-20 10:09:59 UTC,2026-07-20 10:10:33 UTC,33.45,0.3134,0.0042,0.0,0.0004,0.04,9.57,MIN_PROFIT_TP_HIT,0.2
2747,TRUMP_USDT,SHORT,StochasticRSI(MICRO_BURST-SHORT),2,0.2,1.563,1.567,1.561,1.567,2026-07-20 10:11:59 UTC,2026-07-20 10:20:54 UTC,534.03,0.3126,0.0042,0.0,-0.0008,-0.08,-19.19,STOP_LOSS_HIT,0.1992
2748,TRUMP_USDT,SHORT,StochasticRSI(MICRO_BURST-SHORT),2,0.2,1.565,1.563,1.563,1.569,2026-07-20 10:22:59 UTC,2026-07-20 10:32:17 UTC,557.5,0.313,0.0042,0.0,0.0004,0.04,9.58,MIN_PROFIT_TP_HIT,0.1996
2749,TRUMP_USDT,LONG,StochasticRSI(MICRO_BURST-LONG),2,0.2,1.563,1.565,1.565,1.559,2026-07-20 10:37:59 UTC,2026-07-20 10:39:56 UTC,116.98,0.3126,0.0042,0.0,0.0004,0.04,9.6,MIN_PROFIT_TP_HIT,0.2
2750,TRUMP_USDT,SHORT,StochasticRSI(MICRO_BURST-SHORT),2,0.2,1.567,1.565,1.565,1.571,2026-07-20 10:46:59 UTC,2026-07-20 10:49:06 UTC,126.85,0.3134,0.0042,0.0,0.0004,0.04,9.57,MIN_PROFIT_TP_HIT,0.2004
2751,TRUMP_USDT,LONG,StochasticRSI(MICRO_BURST-LONG),2,0.2,1.566,1.562,1.568,1.562,2026-07-20 10:53:59 UTC,2026-07-20 11:03:18 UTC,558.31,0.3132,0.0042,0.0,-0.0008,-0.08,-19.16,STOP_LOSS_HIT,0.1996
2752,TRUMP_USDT,SHORT,StochasticRSI(MICRO_BURST-SHORT),2,0.2,1.572,1.57,1.57,1.576,2026-07-20 11:11:59 UTC,2026-07-20 11:12:17 UTC,17.48,0.3144,0.0042,0.0,0.0004,0.04,9.54,MIN_PROFIT_TP_HIT,0.2
2753,TRUMP_USDT,SHORT,StochasticRSI(MICRO_BURST-SHORT),2,0.2,1.57,1.568,1.568,1.574,2026-07-20 11:13:59 UTC,2026-07-20 11:14:14 UTC,14.33,0.314,0.0042,0.0,0.0004,0.04,9.55,MIN_PROFIT_TP_HIT,0.2004
2754,TRUMP_USDT,LONG,StochasticRSI(MICRO_BURST-LONG),2,0.2,1.567,1.569,1.569,1.563,2026-07-20 11:19:59 UTC,2026-07-20 11:30:31 UTC,631.55,0.3134,0.0042,0.0,0.0004,0.04,9.57,MIN_PROFIT_TP_HIT,0.2008
2755,TRUMP_USDT,SHORT,StochasticRSI(MICRO_BURST-SHORT),2,0.2,1.577,1.575,1.575,1.581,2026-07-20 11:35:59 UTC,2026-07-20 11:43:41 UTC,461.65,0.3154,0.0042,0.0,0.0004,0.04,9.51,MIN_PROFIT_TP_HIT,0.2012
2756,TRUMP_USDT,LONG,StochasticRSI(MICRO_BURST-LONG),2,0.2,1.577,1.573,1.579,1.573,2026-07-20 11:47:59 UTC,2026-07-20 11:51:41 UTC,221.19,0.3154,0.0042,0.0,-0.0008,-0.08,-19.02,STOP_LOSS_HIT,0.2004
2757,TRUMP_USDT,SHORT,StochasticRSI(MICRO_BURST-SHORT),2,0.2,1.575,1.573,1.573,1.579,2026-07-20 12:00:59 UTC,2026-07-20 12:02:30 UTC,90.68,0.315,0.0042,0.0,0.0004,0.04,9.52,MIN_PROFIT_TP_HIT,0.2008
2758,TRUMP_USDT,LONG,StochasticRSI(MICRO_BURST-LONG),2,0.2,1.57,1.572,1.572,1.566,2026-07-20 12:05:59 UTC,2026-07-20 12:07:12 UTC,72.76,0.314,0.0042,0.0,0.0004,0.04,9.55,MIN_PROFIT_TP_HIT,0.2012
2759,TRUMP_USDT,SHORT,StochasticRSI(MICRO_BURST-SHORT),2,0.2,1.571,1.569,1.569,1.575,2026-07-20 12:12:59 UTC,2026-07-20 12:14:11 UTC,71.07,0.3142,0.0042,0.0,0.0004,0.04,9.55,MIN_PROFIT_TP_HIT,0.2016
2760,TRUMP_USDT,SHORT,StochasticRSI(MICRO_BURST-SHORT),2,0.2,1.571,1.569,1.569,1.575,2026-07-20 12:20:59 UTC,2026-07-20 12:34:13 UTC,793.53,0.3142,0.0042,0.0,0.0004,0.04,9.55,MIN_PROFIT_TP_HIT,0.202
2761,TRUMP_USDT,SHORT,StochasticRSI(MICRO_BURST-SHORT),2,0.2,1.573,1.571,1.571,1.577,2026-07-20 12:40:59 UTC,2026-07-20 12:42:40 UTC,100.42,0.3146,0.0042,0.0,0.0004,0.04,9.54,MIN_PROFIT_TP_HIT,0.2024
2762,TRUMP_USDT,LONG,StochasticRSI(MICRO_BURST-LONG),2,0.2,1.571,1.573,1.573,1.567,2026-07-20 12:46:59 UTC,2026-07-20 12:47:08 UTC,8.51,0.3142,0.0042,0.0,0.0004,0.04,9.55,MIN_PROFIT_TP_HIT,0.2028
2763,TRUMP_USDT,SHORT,StochasticRSI(MICRO_BURST-SHORT),2,0.2,1.573,1.571,1.571,1.577,2026-07-20 12:51:59 UTC,2026-07-20 12:54:49 UTC,169.03,0.3146,0.0042,0.0,0.0004,0.04,9.54,MIN_PROFIT_TP_HIT,0.2032
2764,TRUMP_USDT,LONG,StochasticRSI(MICRO_BURST-LONG),2,0.2,1.572,1.574,1.574,1.568,2026-07-20 12:57:59 UTC,2026-07-20 13:13:10 UTC,910.32,0.3144,0.0042,0.0,0.0004,0.04,9.54,MIN_PROFIT_TP_HIT,0.2036
2765,TRUMP_USDT,LONG,StochasticRSI(MICRO_BURST-LONG),2,0.2,1.572,1.574,1.574,1.568,2026-07-20 13:17:59 UTC,2026-07-20 13:18:29 UTC,29.09,0.3144,0.0042,0.0,0.0004,0.04,9.54,MIN_PROFIT_TP_HIT,0.204
2766,TRUMP_USDT,SHORT,StochasticRSI(MICRO_BURST-SHORT),2,0.2,1.574,1.572,1.572,1.578,2026-07-20 13:22:59 UTC,2026-07-20 13:25:02 UTC,122.31,0.3148,0.0042,0.0,0.0004,0.04,9.53,MIN_PROFIT_TP_HIT,0.2044
2767,TRUMP_USDT,LONG,StochasticRSI(MICRO_BURST-LONG),2,0.2,1.579,1.581,1.581,1.575,2026-07-20 13:33:59 UTC,2026-07-20 13:34:17 UTC,17.38,0.3158,0.0042,0.0,0.0004,0.04,9.5,MIN_PROFIT_TP_HIT,0.2048
2768,TRUMP_USDT,SHORT,StochasticRSI(MICRO_BURST-SHORT),2,0.2,1.58,1.578,1.578,1.584,2026-07-20 13:37:59 UTC,2026-07-20 13:38:01 UTC,1.48,0.316,0.0042,0.0,0.0004,0.04,9.49,MIN_PROFIT_TP_HIT,0.2052
2769,TRUMP_USDT,SHORT,StochasticRSI(MICRO_BURST-SHORT),2,0.2,1.582,1.58,1.58,1.586,2026-07-20 13:41:59 UTC,2026-07-20 13:42:30 UTC,30.18,0.3164,0.0042,0.0,0.0004,0.04,9.48,MIN_PROFIT_TP_HIT,0.2056
2770,TRUMP_USDT,LONG,StochasticRSI(MICRO_BURST-LONG),2,0.2,1.575,1.577,1.577,1.571,2026-07-20 13:50:59 UTC,2026-07-20 13:51:23 UTC,23.39,0.315,0.0042,0.0,0.0004,0.04,9.52,MIN_PROFIT_TP_HIT,0.206
2771,TRUMP_USDT,LONG,StochasticRSI(MICRO_BURST-LONG),2,0.2,1.572,1.574,1.574,1.568,2026-07-20 13:59:59 UTC,2026-07-20 14:02:03 UTC,123.49,0.3144,0.0042,0.0,0.0004,0.04,9.54,MIN_PROFIT_TP_HIT,0.2064
2772,TRUMP_USDT,SHORT,StochasticRSI(MICRO_BURST-SHORT),2,0.2,1.577,1.575,1.575,1.581,2026-07-20 14:09:59 UTC,2026-07-20 14:10:04 UTC,4.17,0.3154,0.0042,0.0,0.0004,0.04,9.51,MIN_PROFIT_TP_HIT,0.2068
2773,TRUMP_USDT,LONG,StochasticRSI(MICRO_BURST-LONG),2,0.2,1.566,1.568,1.568,1.562,2026-07-20 14:14:59 UTC,2026-07-20 14:15:18 UTC,18.32,0.3132,0.0042,0.0,0.0004,0.04,9.58,MIN_PROFIT_TP_HIT,0.2072
2774,TRUMP_USDT,SHORT,StochasticRSI(MICRO_BURST-SHORT),2,0.2,1.576,1.574,1.574,1.58,2026-07-20 14:29:59 UTC,2026-07-20 14:30:05 UTC,5.65,0.3152,0.0042,0.0,0.0004,0.04,9.52,MIN_PROFIT_TP_HIT,0.2076
2775,TRUMP_USDT,SHORT,StochasticRSI(MICRO_BURST-SHORT),2,0.2,1.576,1.574,1.574,1.58,2026-07-20 14:32:59 UTC,2026-07-20 14:33:05 UTC,5.34,0.3152,0.0042,0.0,0.0004,0.04,9.52,MIN_PROFIT_TP_HIT,0.208
2776,TRUMP_USDT,LONG,StochasticRSI(MICRO_BURST-LONG),2,0.2,1.572,1.574,1.574,1.568,2026-07-20 14:41:59 UTC,2026-07-20 14:42:39 UTC,39.13,0.3144,0.0042,0.0,0.0004,0.04,9.54,MIN_PROFIT_TP_HIT,0.2084
2777,TRUMP_USDT,SHORT,StochasticRSI(MICRO_BURST-SHORT),2,0.2,1.573,1.577,1.571,1.577,2026-07-20 14:48:59 UTC,2026-07-20 14:50:14 UTC,74.64,0.3146,0.0042,0.0,-0.0008,-0.08,-19.07,STOP_LOSS_HIT,0.2076
2778,TRUMP_USDT,LONG,StochasticRSI(MICRO_BURST-LONG),2,0.2,1.571,1.573,1.573,1.567,2026-07-20 14:56:59 UTC,2026-07-20 14:58:10 UTC,70.97,0.3142,0.0042,0.0,0.0004,0.04,9.55,MIN_PROFIT_TP_HIT,0.208
2779,TRUMP_USDT,LONG,StochasticRSI(MICRO_BURST-LONG),2,0.2,1.577,1.579,1.579,1.573,2026-07-20 15:00:59 UTC,2026-07-20 15:03:05 UTC,125.8,0.3154,0.0042,0.0,0.0004,0.04,9.51,MIN_PROFIT_TP_HIT,0.2084
2780,TRUMP_USDT,SHORT,StochasticRSI(MICRO_BURST-SHORT),2,0.2,1.577,1.575,1.575,1.581,2026-07-20 15:04:59 UTC,2026-07-20 15:05:38 UTC,38.16,0.3154,0.0042,0.0,0.0004,0.04,9.51,MIN_PROFIT_TP_HIT,0.2088
2781,TRUMP_USDT,SHORT,StochasticRSI(MICRO_BURST-SHORT),2,0.2,1.582,1.58,1.58,1.586,2026-07-20 15:17:59 UTC,2026-07-20 15:19:26 UTC,86.13,0.3164,0.0042,0.0,0.0004,0.04,9.48,MIN_PROFIT_TP_HIT,0.2092
2782,TRUMP_USDT,LONG,StochasticRSI(MICRO_BURST-LONG),2,0.2,1.585,1.581,1.587,1.581,2026-07-20 15:31:59 UTC,2026-07-20 15:34:26 UTC,146.19,0.317,0.0042,0.0,-0.0008,-0.08,-18.93,STOP_LOSS_HIT,0.2084
2783,TRUMP_USDT,LONG,StochasticRSI(MICRO_BURST-LONG),2,0.2,1.582,1.584,1.584,1.578,2026-07-20 15:37:59 UTC,2026-07-20 15:39:06 UTC,66.21,0.3164,0.0042,0.0,0.0004,0.04,9.48,MIN_PROFIT_TP_HIT,0.2088
2784,TRUMP_USDT,SHORT,StochasticRSI(MICRO_BURST-SHORT),2,0.2,1.591,1.589,1.589,1.595,2026-07-20 15:48:59 UTC,2026-07-20 15:50:38 UTC,98.58,0.3182,0.0042,0.0,0.0004,0.04,9.43,MIN_PROFIT_TP_HIT,0.2092
2785,TRUMP_USDT,SHORT,StochasticRSI(MICRO_BURST-SHORT),2,0.2,1.594,1.592,1.592,1.598,2026-07-20 15:57:59 UTC,2026-07-20 16:06:06 UTC,486.98,0.3188,0.0043,0.0,0.0004,0.04,9.41,MIN_PROFIT_TP_HIT,0.2096
2786,TRUMP_USDT,LONG,StochasticRSI(MICRO_BURST-LONG),2,0.2,1.592,1.594,1.594,1.588,2026-07-20 16:09:59 UTC,2026-07-20 16:11:05 UTC,65.3,0.3184,0.0042,0.0,0.0004,0.04,9.42,MIN_PROFIT_TP_HIT,0.21
2787,TRUMP_USDT,SHORT,StochasticRSI(MICRO_BURST-SHORT),2,0.2,1.594,1.598,1.592,1.598,2026-07-20 16:15:59 UTC,2026-07-20 16:17:33 UTC,93.05,0.3188,0.0043,0.0,-0.0008,-0.08,-18.82,STOP_LOSS_HIT,0.2092
2788,TRUMP_USDT,LONG,StochasticRSI(MICRO_BURST-LONG),2,0.2,1.592,1.594,1.594,1.588,2026-07-20 16:24:59 UTC,2026-07-20 16:30:12 UTC,312.54,0.3184,0.0042,0.0,0.0004,0.04,9.42,MIN_PROFIT_TP_HIT,0.2096
2789,TRUMP_USDT,SHORT,StochasticRSI(MICRO_BURST-SHORT),2,0.2,1.59,1.588,1.588,1.594,2026-07-20 16:34:59 UTC,2026-07-20 16:36:18 UTC,78.77,0.318,0.0042,0.0,0.0004,0.04,9.43,MIN_PROFIT_TP_HIT,0.21
2790,TRUMP_USDT,SHORT,StochasticRSI(MICRO_BURST-SHORT),2,0.2,1.593,1.597,1.591,1.597,2026-07-20 16:50:59 UTC,2026-07-20 17:00:41 UTC,581.91,0.3186,0.0042,0.0,-0.0008,-0.08,-18.83,STOP_LOSS_HIT,0.2092
2791,TRUMP_USDT,SHORT,StochasticRSI(MICRO_BURST-SHORT),2,0.2,1.593,1.591,1.591,1.597,2026-07-20 17:03:59 UTC,2026-07-20 17:05:05 UTC,65.25,0.3186,0.0042,0.0,0.0004,0.04,9.42,MIN_PROFIT_TP_HIT,0.2096
2792,TRUMP_USDT,LONG,StochasticRSI(MICRO_BURST-LONG),2,0.2,1.59,1.592,1.592,1.586,2026-07-20 17:10:59 UTC,2026-07-20 17:11:03 UTC,3.34,0.318,0.0042,0.0,0.0004,0.04,9.43,MIN_PROFIT_TP_HIT,0.21
2793,TRUMP_USDT,SHORT,StochasticRSI(MICRO_BURST-SHORT),2,0.2,1.591,1.589,1.589,1.595,2026-07-20 17:24:59 UTC,2026-07-20 17:27:13 UTC,133.53,0.3182,0.0042,0.0,0.0004,0.04,9.43,MIN_PROFIT_TP_HIT,0.2104
2794,TRUMP_USDT,LONG,StochasticRSI(MICRO_BURST-LONG),2,0.2,1.588,1.59,1.59,1.584,2026-07-20 17:30:59 UTC,2026-07-20 17:32:38 UTC,98.03,0.3176,0.0042,0.0,0.0004,0.04,9.45,MIN_PROFIT_TP_HIT,0.2108
2795,TRUMP_USDT,SHORT,StochasticRSI(MICRO_BURST-SHORT),2,0.2,1.589,1.593,1.587,1.593,2026-07-20 17:37:59 UTC,2026-07-20 17:41:11 UTC,191.3,0.3178,0.0042,0.0,-0.0008,-0.08,-18.88,STOP_LOSS_HIT,0.21
2796,TRUMP_USDT,SHORT,StochasticRSI(MICRO_BURST-SHORT),2,0.2,1.594,1.598,1.592,1.598,2026-07-20 17:47:59 UTC,2026-07-20 17:52:20 UTC,260.05,0.3188,0.0043,0.0,-0.0008,-0.08,-18.82,STOP_LOSS_HIT,0.2092
2797,TRUMP_USDT,LONG,StochasticRSI(MICRO_BURST-LONG),2,0.2,1.596,1.598,1.598,1.592,2026-07-20 18:00:59 UTC,2026-07-20 18:01:06 UTC,6.53,0.3192,0.0043,0.0,0.0004,0.04,9.4,MIN_PROFIT_TP_HIT,0.2096
2798,TRUMP_USDT,SHORT,StochasticRSI(MICRO_BURST-SHORT),2,0.2,1.602,1.606,1.6,1.606,2026-07-20 18:05:59 UTC,2026-07-20 18:12:34 UTC,394.86,0.3204,0.0043,0.0,-0.0008,-0.08,-18.73,STOP_LOSS_HIT,0.2088
2799,TRUMP_USDT,SHORT,StochasticRSI(MICRO_BURST-SHORT),2,0.2,1.607,1.605,1.605,1.611,2026-07-20 18:17:59 UTC,2026-07-20 18:18:31 UTC,31.01,0.3214,0.0043,0.0,0.0004,0.04,9.33,MIN_PROFIT_TP_HIT,0.2092
2800,TRUMP_USDT,LONG,StochasticRSI(MICRO_BURST-LONG),2,0.2,1.602,1.604,1.604,1.598,2026-07-20 18:24:59 UTC,2026-07-20 18:25:09 UTC,9.18,0.3204,0.0043,0.0,0.0004,0.04,9.36,MIN_PROFIT_TP_HIT,0.2096
2801,TRUMP_USDT,SHORT,StochasticRSI(MICRO_BURST-SHORT),2,0.2,1.604,1.602,1.602,1.608,2026-07-20 18:30:59 UTC,2026-07-20 18:31:01 UTC,1.33,0.3208,0.0043,0.0,0.0004,0.04,9.35,MIN_PROFIT_TP_HIT,0.21
2802,TRUMP_USDT,SHORT,StochasticRSI(MICRO_BURST-SHORT),2,0.2,1.608,1.606,1.606,1.612,2026-07-20 18:41:59 UTC,2026-07-20 18:42:06 UTC,6.4,0.3216,0.0043,0.0,0.0004,0.04,9.33,MIN_PROFIT_TP_HIT,0.2104
2803,TRUMP_USDT,SHORT,StochasticRSI(MICRO_BURST-SHORT),2,0.2,1.608,1.606,1.606,1.612,2026-07-20 18:43:59 UTC,2026-07-20 18:45:12 UTC,72.14,0.3216,0.0043,0.0,0.0004,0.04,9.33,MIN_PROFIT_TP_HIT,0.2108
2804,TRUMP_USDT,LONG,StochasticRSI(MICRO_BURST-LONG),2,0.2,1.614,1.616,1.616,1.61,2026-07-20 18:49:59 UTC,2026-07-20 18:50:24 UTC,24.88,0.3228,0.0043,0.0,0.0004,0.04,9.29,MIN_PROFIT_TP_HIT,0.2112
2805,TRUMP_USDT,LONG,StochasticRSI(MICRO_BURST-LONG),2,0.2,1.613,1.615,1.615,1.609,2026-07-20 19:00:59 UTC,2026-07-20 19:04:06 UTC,186.49,0.3226,0.0043,0.0,0.0004,0.04,9.3,MIN_PROFIT_TP_HIT,0.2116
2806,TRUMP_USDT,SHORT,StochasticRSI(MICRO_BURST-SHORT),2,0.2,1.615,1.613,1.613,1.619,2026-07-20 19:08:59 UTC,2026-07-20 19:10:37 UTC,97.77,0.323,0.0043,0.0,0.0004,0.04,9.29,MIN_PROFIT_TP_HIT,0.212
2807,TRUMP_USDT,LONG,StochasticRSI(MICRO_BURST-LONG),2,0.2,1.603,1.599,1.605,1.599,2026-07-20 19:15:59 UTC,2026-07-20 19:23:22 UTC,442.81,0.3206,0.0043,0.0,-0.0008,-0.08,-18.71,STOP_LOSS_HIT,0.2112
2808,TRUMP_USDT,SHORT,StochasticRSI(MICRO_BURST-SHORT),2,0.2,1.601,1.605,1.599,1.605,2026-07-20 19:25:59 UTC,2026-07-20 19:29:31 UTC,211.39,0.3202,0.0043,0.0,-0.0008,-0.08,-18.74,STOP_LOSS_HIT,0.2104
2809,TRUMP_USDT,LONG,StochasticRSI(MICRO_BURST-LONG),2,0.2,1.602,1.598,1.604,1.598,2026-07-20 19:36:59 UTC,2026-07-20 19:37:20 UTC,20.47,0.3204,0.0043,0.0,-0.0008,-0.08,-18.73,STOP_LOSS_HIT,0.2096
2810,TRUMP_USDT,SHORT,StochasticRSI(MICRO_BURST-SHORT),2,0.2,1.602,1.6,1.6,1.606,2026-07-20 19:46:59 UTC,2026-07-20 19:50:00 UTC,180.31,0.3204,0.0043,0.0,0.0004,0.04,9.36,MIN_PROFIT_TP_HIT,0.21
2811,TRUMP_USDT,LONG,StochasticRSI(MICRO_BURST-LONG),2,0.2,1.599,1.601,1.601,1.595,2026-07-20 19:55:59 UTC,2026-07-20 20:00:04 UTC,244.13,0.3198,0.0043,0.0,0.0004,0.04,9.38,MIN_PROFIT_TP_HIT,0.2104
2812,TRUMP_USDT,LONG,StochasticRSI(MICRO_BURST-LONG),2,0.2,1.597,1.599,1.599,1.593,2026-07-20 20:07:59 UTC,2026-07-20 20:11:45 UTC,225.12,0.3194,0.0043,0.0,0.0004,0.04,9.39,MIN_PROFIT_TP_HIT,0.2108
2813,TRUMP_USDT,SHORT,StochasticRSI(MICRO_BURST-SHORT),2,0.2,1.598,1.602,1.596,1.602,2026-07-20 20:16:59 UTC,2026-07-20 20:25:33 UTC,513.4,0.3196,0.0043,0.0,-0.0008,-0.08,-18.77,STOP_LOSS_HIT,0.21
2814,TRUMP_USDT,LONG,StochasticRSI(MICRO_BURST-LONG),2,0.2,1.6,1.596,1.602,1.596,2026-07-20 20:33:59 UTC,2026-07-20 20:40:18 UTC,378.18,0.32,0.0043,0.0,-0.0008,-0.08,-18.75,STOP_LOSS_HIT,0.2092
2815,TRUMP_USDT,LONG,StochasticRSI(MICRO_BURST-LONG),2,0.2,1.596,1.598,1.598,1.592,2026-07-20 20:42:59 UTC,2026-07-20 21:01:27 UTC,1107.18,0.3192,0.0043,0.0,0.0004,0.04,9.4,MIN_PROFIT_TP_HIT,0.2096
2816,TRUMP_USDT,SHORT,StochasticRSI(MICRO_BURST-SHORT),2,0.2,1.6,1.598,1.598,1.604,2026-07-20 21:06:59 UTC,2026-07-20 21:08:12 UTC,72.21,0.32,0.0043,0.0,0.0004,0.04,9.38,MIN_PROFIT_TP_HIT,0.21
2817,TRUMP_USDT,LONG,StochasticRSI(MICRO_BURST-LONG),2,0.2,1.597,1.599,1.599,1.593,2026-07-20 21:16:59 UTC,2026-07-20 21:34:46 UTC,1066.62,0.3194,0.0043,0.0,0.0004,0.04,9.39,MIN_PROFIT_TP_HIT,0.2104
2818,TRUMP_USDT,LONG,StochasticRSI(MICRO_BURST-LONG),2,0.2,1.597,1.593,1.599,1.593,2026-07-20 21:44:59 UTC,2026-07-20 21:51:20 UTC,380.17,0.3194,0.0043,0.0,-0.0008,-0.08,-18.79,STOP_LOSS_HIT,0.2096
2819,TRUMP_USDT,LONG,StochasticRSI(MICRO_BURST-LONG),2,0.2,1.594,1.59,1.596,1.59,2026-07-20 21:53:59 UTC,2026-07-20 22:00:19 UTC,379.41,0.3188,0.0043,0.0,-0.0008,-0.08,-18.82,STOP_LOSS_HIT,0.2088
2820,TRUMP_USDT,LONG,StochasticRSI(MICRO_BURST-LONG),2,0.2,1.591,1.593,1.593,1.587,2026-07-20 22:01:59 UTC,2026-07-20 22:10:34 UTC,514.61,0.3182,0.0042,0.0,0.0004,0.04,9.43,MIN_PROFIT_TP_HIT,0.2092
2821,TRUMP_USDT,SHORT,StochasticRSI(MICRO_BURST-SHORT),2,0.2,1.59,1.588,1.588,1.594,2026-07-20 22:14:59 UTC,2026-07-20 22:15:52 UTC,52.4,0.318,0.0042,0.0,0.0004,0.04,9.43,MIN_PROFIT_TP_HIT,0.2096
2822,TRUMP_USDT,LONG,StochasticRSI(MICRO_BURST-LONG),2,0.2,1.589,1.591,1.591,1.585,2026-07-20 22:19:59 UTC,2026-07-20 22:20:10 UTC,10.03,0.3178,0.0042,0.0,0.0004,0.04,9.44,MIN_PROFIT_TP_HIT,0.21
2823,TRUMP_USDT,SHORT,StochasticRSI(MICRO_BURST-SHORT),2,0.2,1.592,1.59,1.59,1.596,2026-07-20 22:32:59 UTC,2026-07-20 22:34:13 UTC,73.11,0.3184,0.0042,0.0,0.0004,0.04,9.42,MIN_PROFIT_TP_HIT,0.2104
2824,TRUMP_USDT,LONG,StochasticRSI(MICRO_BURST-LONG),2,0.2,1.59,1.586,1.592,1.586,2026-07-20 22:37:59 UTC,2026-07-20 22:39:45 UTC,105.08,0.318,0.0042,0.0,-0.0008,-0.08,-18.87,STOP_LOSS_HIT,0.2096
2825,TRUMP_USDT,LONG,StochasticRSI(MICRO_BURST-LONG),2,0.2,1.585,1.587,1.587,1.581,2026-07-20 22:42:59 UTC,2026-07-20 22:45:06 UTC,126.48,0.317,0.0042,0.0,0.0004,0.04,9.46,MIN_PROFIT_TP_HIT,0.21
2826,TRUMP_USDT,SHORT,StochasticRSI(MICRO_BURST-SHORT),2,0.2,1.586,1.59,1.584,1.59,2026-07-20 22:52:59 UTC,2026-07-20 23:01:46 UTC,526.74,0.3172,0.0042,0.0,-0.0008,-0.08,-18.92,STOP_LOSS_HIT,0.2092
2827,TRUMP_USDT,SHORT,StochasticRSI(MICRO_BURST-SHORT),2,0.2,1.586,1.59,1.584,1.59,2026-07-20 23:05:59 UTC,2026-07-20 23:06:16 UTC,16.1,0.3172,0.0042,0.0,-0.0008,-0.08,-18.92,STOP_LOSS_HIT,0.2084
2828,TRUMP_USDT,SHORT,StochasticRSI(MICRO_BURST-SHORT),2,0.2,1.59,1.588,1.588,1.594,2026-07-20 23:12:59 UTC,2026-07-20 23:49:10 UTC,2170.13,0.318,0.0042,0.0,0.0004,0.04,9.43,MIN_PROFIT_TP_HIT,0.2088
2829,TRUMP_USDT,LONG,StochasticRSI(MICRO_BURST-LONG),2,0.2,1.588,1.59,1.59,1.584,2026-07-20 23:55:59 UTC,2026-07-20 23:56:13 UTC,13.66,0.3176,0.0042,0.0,0.0004,0.04,9.45,MIN_PROFIT_TP_HIT,0.2092
2830,TRUMP_USDT,SHORT,StochasticRSI(MICRO_BURST-SHORT),2,0.2,1.588,1.586,1.586,1.592,2026-07-20 23:59:59 UTC,2026-07-21 00:00:11 UTC,11.05,0.3176,0.0042,0.0,0.0004,0.04,9.45,MIN_PROFIT_TP_HIT,0.2096
2831,TRUMP_USDT,SHORT,StochasticRSI(MICRO_BURST-SHORT),2,0.2,1.6,1.598,1.598,1.604,2026-07-21 00:44:59 UTC,2026-07-21 00:53:53 UTC,533.78,0.32,0.0043,0.0,0.0004,0.04,9.38,MIN_PROFIT_TP_HIT,0.21
2832,TRUMP_USDT,LONG,StochasticRSI(MICRO_BURST-LONG),2,0.2,1.595,1.597,1.597,1.591,2026-07-21 00:59:59 UTC,2026-07-21 01:02:05 UTC,125.59,0.319,0.0043,0.0,0.0004,0.04,9.4,MIN_PROFIT_TP_HIT,0.2104
2833,TRUMP_USDT,SHORT,StochasticRSI(MICRO_BURST-SHORT),2,0.2,1.597,1.601,1.595,1.601,2026-07-21 01:07:59 UTC,2026-07-21 01:10:00 UTC,120.65,0.3194,0.0043,0.0,-0.0008,-0.08,-18.79,STOP_LOSS_HIT,0.2096
2834,TRUMP_USDT,SHORT,StochasticRSI(MICRO_BURST-SHORT),2,0.2,1.601,1.599,1.599,1.605,2026-07-21 01:16:59 UTC,2026-07-21 01:19:06 UTC,126.09,0.3202,0.0043,0.0,0.0004,0.04,9.37,MIN_PROFIT_TP_HIT,0.21
2835,TRUMP_USDT,LONG,StochasticRSI(MICRO_BURST-LONG),2,0.2,1.599,1.601,1.601,1.595,2026-07-21 01:20:59 UTC,2026-07-21 01:33:25 UTC,745.54,0.3198,0.0043,0.0,0.0004,0.04,9.38,MIN_PROFIT_TP_HIT,0.2104
2836,TRUMP_USDT,LONG,StochasticRSI(MICRO_BURST-LONG),2,0.2,1.597,1.599,1.599,1.593,2026-07-21 01:45:59 UTC,2026-07-21 01:47:25 UTC,85.0,0.3194,0.0043,0.0,0.0004,0.04,9.39,MIN_PROFIT_TP_HIT,0.2108
2837,TRUMP_USDT,SHORT,StochasticRSI(MICRO_BURST-SHORT),2,0.2,1.596,1.594,1.594,1.6,2026-07-21 01:49:59 UTC,2026-07-21 01:55:40 UTC,340.5,0.3192,0.0043,0.0,0.0004,0.04,9.4,MIN_PROFIT_TP_HIT,0.2112
2838,TRUMP_USDT,LONG,StochasticRSI(MICRO_BURST-LONG),2,0.2,1.596,1.598,1.598,1.592,2026-07-21 02:01:59 UTC,2026-07-21 02:06:01 UTC,241.9,0.3192,0.0043,0.0,0.0004,0.04,9.4,MIN_PROFIT_TP_HIT,0.2116
2839,TRUMP_USDT,SHORT,StochasticRSI(MICRO_BURST-SHORT),2,0.2,1.595,1.593,1.593,1.599,2026-07-21 02:08:59 UTC,2026-07-21 02:09:31 UTC,31.85,0.319,0.0043,0.0,0.0004,0.04,9.4,MIN_PROFIT_TP_HIT,0.212
2840,TRUMP_USDT,LONG,StochasticRSI(MICRO_BURST-LONG),2,0.2,1.59,1.586,1.592,1.586,2026-07-21 02:12:59 UTC,2026-07-21 02:17:35 UTC,275.46,0.318,0.0042,0.0,-0.0008,-0.08,-18.87,STOP_LOSS_HIT,0.2112
2841,TRUMP_USDT,LONG,StochasticRSI(MICRO_BURST-LONG),2,0.2,1.587,1.589,1.589,1.583,2026-07-21 02:21:59 UTC,2026-07-21 02:23:18 UTC,78.31,0.3174,0.0042,0.0,0.0004,0.04,9.45,MIN_PROFIT_TP_HIT,0.2116
2842,TRUMP_USDT,SHORT,StochasticRSI(MICRO_BURST-SHORT),2,0.2,1.589,1.593,1.587,1.593,2026-07-21 02:27:59 UTC,2026-07-21 02:50:26 UTC,1346.48,0.3178,0.0042,0.0,-0.0008,-0.08,-18.88,STOP_LOSS_HIT,0.2108
2843,TRUMP_USDT,SHORT,StochasticRSI(MICRO_BURST-SHORT),2,0.2,1.595,1.599,1.593,1.599,2026-07-21 02:58:59 UTC,2026-07-21 03:04:13 UTC,313.71,0.319,0.0043,0.0,-0.0008,-0.08,-18.81,STOP_LOSS_HIT,0.21
2844,TRUMP_USDT,SHORT,StochasticRSI(MICRO_BURST-SHORT),2,0.2,1.6,1.598,1.598,1.604,2026-07-21 03:07:59 UTC,2026-07-21 03:09:18 UTC,78.34,0.32,0.0043,0.0,0.0004,0.04,9.38,MIN_PROFIT_TP_HIT,0.2104
2845,TRUMP_USDT,LONG,StochasticRSI(MICRO_BURST-LONG),2,0.2,1.598,1.6,1.6,1.594,2026-07-21 03:14:59 UTC,2026-07-21 03:18:25 UTC,205.03,0.3196,0.0043,0.0,0.0004,0.04,9.39,MIN_PROFIT_TP_HIT,0.2108
2846,TRUMP_USDT,SHORT,StochasticRSI(MICRO_BURST-SHORT),2,0.2,1.599,1.597,1.597,1.603,2026-07-21 03:22:59 UTC,2026-07-21 03:23:47 UTC,47.28,0.3198,0.0043,0.0,0.0004,0.04,9.38,MIN_PROFIT_TP_HIT,0.2112
2847,TRUMP_USDT,LONG,StochasticRSI(MICRO_BURST-LONG),2,0.2,1.598,1.6,1.6,1.594,2026-07-21 03:26:59 UTC,2026-07-21 03:34:49 UTC,469.31,0.3196,0.0043,0.0,0.0004,0.04,9.39,MIN_PROFIT_TP_HIT,0.2116
2848,TRUMP_USDT,SHORT,StochasticRSI(MICRO_BURST-SHORT),2,0.2,1.599,1.597,1.597,1.603,2026-07-21 03:36:59 UTC,2026-07-21 03:50:51 UTC,831.15,0.3198,0.0043,0.0,0.0004,0.04,9.38,MIN_PROFIT_TP_HIT,0.212
2849,TRUMP_USDT,SHORT,StochasticRSI(MICRO_BURST-SHORT),2,0.2,1.598,1.596,1.596,1.602,2026-07-21 03:51:59 UTC,2026-07-21 03:55:54 UTC,234.14,0.3196,0.0043,0.0,0.0004,0.04,9.39,MIN_PROFIT_TP_HIT,0.2124
2850,TRUMP_USDT,LONG,StochasticRSI(MICRO_BURST-LONG),2,0.2,1.597,1.599,1.599,1.593,2026-07-21 03:59:59 UTC,2026-07-21 04:00:08 UTC,8.65,0.3194,0.0043,0.0,0.0004,0.04,9.39,MIN_PROFIT_TP_HIT,0.2128
2851,TRUMP_USDT,SHORT,StochasticRSI(MICRO_BURST-SHORT),2,0.2,1.594,1.592,1.592,1.598,2026-07-21 04:09:59 UTC,2026-07-21 04:12:15 UTC,135.92,0.3188,0.0043,0.0,0.0004,0.04,9.41,MIN_PROFIT_TP_HIT,0.2132
2852,TRUMP_USDT,LONG,StochasticRSI(MICRO_BURST-LONG),2,0.2,1.591,1.593,1.593,1.587,2026-07-21 04:13:59 UTC,2026-07-21 04:15:02 UTC,62.67,0.3182,0.0042,0.0,0.0004,0.04,9.43,MIN_PROFIT_TP_HIT,0.2136
2853,TRUMP_USDT,LONG,StochasticRSI(MICRO_BURST-LONG),2,0.2,1.59,1.592,1.592,1.586,2026-07-21 04:16:59 UTC,2026-07-21 04:18:54 UTC,114.22,0.318,0.0042,0.0,0.0004,0.04,9.43,MIN_PROFIT_TP_HIT,0.214
2854,TRUMP_USDT,SHORT,StochasticRSI(MICRO_BURST-SHORT),2,0.2,1.592,1.596,1.59,1.596,2026-07-21 04:23:59 UTC,2026-07-21 05:03:43 UTC,2383.58,0.3184,0.0042,0.0,-0.0008,-0.08,-18.84,STOP_LOSS_HIT,0.2132
2855,TRUMP_USDT,SHORT,StochasticRSI(MICRO_BURST-SHORT),2,0.2,1.596,1.6,1.594,1.6,2026-07-21 05:13:59 UTC,2026-07-21 05:24:36 UTC,636.18,0.3192,0.0043,0.0,-0.0008,-0.08,-18.8,STOP_LOSS_HIT,0.2124
2856,TRUMP_USDT,SHORT,StochasticRSI(MICRO_BURST-SHORT),2,0.2,1.602,1.6,1.6,1.606,2026-07-21 05:28:59 UTC,2026-07-21 05:31:24 UTC,144.4,0.3204,0.0043,0.0,0.0004,0.04,9.36,MIN_PROFIT_TP_HIT,0.2128
2857,TRUMP_USDT,LONG,StochasticRSI(MICRO_BURST-LONG),2,0.2,1.602,1.604,1.604,1.598,2026-07-21 05:36:59 UTC,2026-07-21 05:48:54 UTC,714.03,0.3204,0.0043,0.0,0.0004,0.04,9.36,MIN_PROFIT_TP_HIT,0.2132
2858,TRUMP_USDT,LONG,StochasticRSI(MICRO_BURST-LONG),2,0.2,1.606,1.602,1.608,1.602,2026-07-21 05:49:59 UTC,2026-07-21 06:07:17 UTC,1037.22,0.3212,0.0043,0.0,-0.0008,-0.08,-18.68,STOP_LOSS_HIT,0.2124
2859,TRUMP_USDT,LONG,StochasticRSI(MICRO_BURST-LONG),2,0.2,1.601,1.597,1.603,1.597,2026-07-21 06:08:59 UTC,2026-07-21 06:17:32 UTC,512.03,0.3202,0.0043,0.0,-0.0008,-0.08,-18.74,STOP_LOSS_HIT,0.2116
2860,TRUMP_USDT,LONG,StochasticRSI(MICRO_BURST-LONG),2,0.2,1.599,1.601,1.601,1.595,2026-07-21 06:20:59 UTC,2026-07-21 06:23:50 UTC,170.04,0.3198,0.0043,0.0,0.0004,0.04,9.38,MIN_PROFIT_TP_HIT,0.212
2861,TRUMP_USDT,SHORT,StochasticRSI(MICRO_BURST-SHORT),2,0.2,1.6,1.604,1.598,1.604,2026-07-21 06:26:59 UTC,2026-07-21 06:35:37 UTC,517.3,0.32,0.0043,0.0,-0.0008,-0.08,-18.75,STOP_LOSS_HIT,0.2112
2862,TRUMP_USDT,SHORT,StochasticRSI(MICRO_BURST-SHORT),2,0.2,1.601,1.599,1.599,1.605,2026-07-21 06:38:59 UTC,2026-07-21 06:45:49 UTC,409.09,0.3202,0.0043,0.0,0.0004,0.04,9.37,MIN_PROFIT_TP_HIT,0.2116
2863,TRUMP_USDT,LONG,StochasticRSI(MICRO_BURST-LONG),2,0.2,1.602,1.598,1.604,1.598,2026-07-21 06:48:59 UTC,2026-07-21 06:53:57 UTC,297.39,0.3204,0.0043,0.0,-0.0008,-0.08,-18.73,STOP_LOSS_HIT,0.2108
2864,TRUMP_USDT,LONG,StochasticRSI(MICRO_BURST-LONG),2,0.2,1.6,1.602,1.602,1.596,2026-07-21 06:56:59 UTC,2026-07-21 07:02:54 UTC,354.1,0.32,0.0043,0.0,0.0004,0.04,9.38,MIN_PROFIT_TP_HIT,0.2112
2865,TRUMP_USDT,SHORT,StochasticRSI(MICRO_BURST-SHORT),2,0.2,1.602,1.606,1.6,1.606,2026-07-21 07:05:59 UTC,2026-07-21 07:11:28 UTC,328.12,0.3204,0.0043,0.0,-0.0008,-0.08,-18.73,STOP_LOSS_HIT,0.2104
2866,TRUMP_USDT,LONG,StochasticRSI(MICRO_BURST-LONG),2,0.2,1.6,1.596,1.602,1.596,2026-07-21 07:19:59 UTC,2026-07-21 07:26:51 UTC,411.26,0.32,0.0043,0.0,-0.0008,-0.08,-18.75,STOP_LOSS_HIT,0.2096
2867,TRUMP_USDT,SHORT,StochasticRSI(MICRO_BURST-SHORT),2,0.2,1.596,1.6,1.594,1.6,2026-07-21 07:31:59 UTC,2026-07-21 07:36:14 UTC,254.46,0.3192,0.0043,0.0,-0.0008,-0.08,-18.8,STOP_LOSS_HIT,0.2088
2868,TRUMP_USDT,SHORT,StochasticRSI(MICRO_BURST-SHORT),2,0.2,1.6,1.598,1.598,1.604,2026-07-21 07:38:59 UTC,2026-07-21 07:43:27 UTC,267.54,0.32,0.0043,0.0,0.0004,0.04,9.38,MIN_PROFIT_TP_HIT,0.2092
2869,TRUMP_USDT,LONG,StochasticRSI(MICRO_BURST-LONG),2,0.2,1.595,1.597,1.597,1.591,2026-07-21 07:48:59 UTC,2026-07-21 07:49:39 UTC,39.04,0.319,0.0043,0.0,0.0004,0.04,9.4,MIN_PROFIT_TP_HIT,0.2096
2870,TRUMP_USDT,LONG,StochasticRSI(MICRO_BURST-LONG),2,0.2,1.595,1.597,1.597,1.591,2026-07-21 07:51:59 UTC,2026-07-21 07:52:48 UTC,48.64,0.319,0.0043,0.0,0.0004,0.04,9.4,MIN_PROFIT_TP_HIT,0.21
2871,TRUMP_USDT,SHORT,StochasticRSI(MICRO_BURST-SHORT),2,0.2,1.598,1.596,1.596,1.602,2026-07-21 07:59:59 UTC,2026-07-21 08:01:51 UTC,111.0,0.3196,0.0043,0.0,0.0004,0.04,9.39,MIN_PROFIT_TP_HIT,0.2104
2872,TRUMP_USDT,LONG,StochasticRSI(MICRO_BURST-LONG),2,0.2,1.6,1.596,1.602,1.596,2026-07-21 08:04:59 UTC,2026-07-21 08:11:44 UTC,404.17,0.32,0.0043,0.0,-0.0008,-0.08,-18.75,STOP_LOSS_HIT,0.2096
2873,TRUMP_USDT,LONG,StochasticRSI(MICRO_BURST-LONG),2,0.2,1.597,1.599,1.599,1.593,2026-07-21 08:13:59 UTC,2026-07-21 08:16:44 UTC,164.97,0.3194,0.0043,0.0,0.0004,0.04,9.39,MIN_PROFIT_TP_HIT,0.21
2874,TRUMP_USDT,LONG,StochasticRSI(MICRO_BURST-LONG),2,0.2,1.595,1.597,1.597,1.591,2026-07-21 08:31:59 UTC,2026-07-21 08:33:32 UTC,92.63,0.319,0.0043,0.0,0.0004,0.04,9.4,MIN_PROFIT_TP_HIT,0.2104
2875,TRUMP_USDT,SHORT,StochasticRSI(MICRO_BURST-SHORT),2,0.2,1.595,1.599,1.593,1.599,2026-07-21 08:39:59 UTC,2026-07-21 08:50:03 UTC,603.72,0.319,0.0043,0.0,-0.0008,-0.08,-18.81,STOP_LOSS_HIT,0.2096
2876,TRUMP_USDT,SHORT,StochasticRSI(MICRO_BURST-SHORT),2,0.2,1.597,1.595,1.595,1.601,2026-07-21 08:53:59 UTC,2026-07-21 09:07:58 UTC,838.16,0.3194,0.0043,0.0,0.0004,0.04,9.39,MIN_PROFIT_TP_HIT,0.21
2877,TRUMP_USDT,LONG,StochasticRSI(MICRO_BURST-LONG),2,0.2,1.595,1.597,1.597,1.591,2026-07-21 09:09:59 UTC,2026-07-21 09:13:03 UTC,183.83,0.319,0.0043,0.0,0.0004,0.04,9.4,MIN_PROFIT_TP_HIT,0.2104
2878,TRUMP_USDT,LONG,StochasticRSI(MICRO_BURST-LONG),2,0.2,1.593,1.595,1.595,1.589,2026-07-21 09:24:59 UTC,2026-07-21 09:29:41 UTC,281.6,0.3186,0.0042,0.0,0.0004,0.04,9.42,MIN_PROFIT_TP_HIT,0.2108
2879,TRUMP_USDT,SHORT,StochasticRSI(MICRO_BURST-SHORT),2,0.2,1.595,1.593,1.593,1.599,2026-07-21 09:35:59 UTC,2026-07-21 09:38:59 UTC,179.82,0.319,0.0043,0.0,0.0004,0.04,9.4,MIN_PROFIT_TP_HIT,0.2112
2880,TRUMP_USDT,LONG,StochasticRSI(MICRO_BURST-LONG),2,0.2,1.593,1.595,1.595,1.589,2026-07-21 09:41:59 UTC,2026-07-21 09:42:23 UTC,23.69,0.3186,0.0042,0.0,0.0004,0.04,9.42,MIN_PROFIT_TP_HIT,0.2116
2881,TRUMP_USDT,SHORT,StochasticRSI(MICRO_BURST-SHORT),2,0.2,1.598,1.596,1.596,1.602,2026-07-21 09:49:59 UTC,2026-07-21 09:50:38 UTC,38.47,0.3196,0.0043,0.0,0.0004,0.04,9.39,MIN_PROFIT_TP_HIT,0.212
2882,TRUMP_USDT,LONG,StochasticRSI(MICRO_BURST-LONG),2,0.2,1.595,1.597,1.597,1.591,2026-07-21 09:56:59 UTC,2026-07-21 10:01:21 UTC,261.75,0.319,0.0043,0.0,0.0004,0.04,9.4,MIN_PROFIT_TP_HIT,0.2124
2883,TRUMP_USDT,LONG,StochasticRSI(MICRO_BURST-LONG),2,0.2,1.595,1.597,1.597,1.591,2026-07-21 10:08:59 UTC,2026-07-21 10:24:36 UTC,936.13,0.319,0.0043,0.0,0.0004,0.04,9.4,MIN_PROFIT_TP_HIT,0.2128
2884,TRUMP_USDT,SHORT,StochasticRSI(MICRO_BURST-SHORT),2,0.2,1.597,1.601,1.595,1.601,2026-07-21 10:28:59 UTC,2026-07-21 10:33:30 UTC,270.7,0.3194,0.0043,0.0,-0.0008,-0.08,-18.79,STOP_LOSS_HIT,0.212
2885,TRUMP_USDT,SHORT,StochasticRSI(MICRO_BURST-SHORT),2,0.2,1.6,1.598,1.598,1.604,2026-07-21 10:37:59 UTC,2026-07-21 10:41:12 UTC,192.71,0.32,0.0043,0.0,0.0004,0.04,9.38,MIN_PROFIT_TP_HIT,0.2124
2886,TRUMP_USDT,LONG,StochasticRSI(MICRO_BURST-LONG),2,0.2,1.6,1.596,1.602,1.596,2026-07-21 10:43:59 UTC,2026-07-21 10:50:30 UTC,390.95,0.32,0.0043,0.0,-0.0008,-0.08,-18.75,STOP_LOSS_HIT,0.2116
2887,TRUMP_USDT,LONG,StochasticRSI(MICRO_BURST-LONG),2,0.2,1.593,1.595,1.595,1.589,2026-07-21 10:58:59 UTC,2026-07-21 11:03:58 UTC,298.99,0.3186,0.0042,0.0,0.0004,0.04,9.42,MIN_PROFIT_TP_HIT,0.212
2888,TRUMP_USDT,SHORT,StochasticRSI(MICRO_BURST-SHORT),2,0.2,1.594,1.592,1.592,1.598,2026-07-21 11:05:59 UTC,2026-07-21 11:09:31 UTC,211.09,0.3188,0.0043,0.0,0.0004,0.04,9.41,MIN_PROFIT_TP_HIT,0.2124
2889,TRUMP_USDT,LONG,StochasticRSI(MICRO_BURST-LONG),2,0.2,1.593,1.595,1.595,1.589,2026-07-21 11:12:59 UTC,2026-07-21 11:22:02 UTC,542.88,0.3186,0.0042,0.0,0.0004,0.04,9.42,MIN_PROFIT_TP_HIT,0.2128
2890,TRUMP_USDT,SHORT,StochasticRSI(MICRO_BURST-SHORT),2,0.2,1.597,1.595,1.595,1.601,2026-07-21 11:26:59 UTC,2026-07-21 11:28:03 UTC,63.81,0.3194,0.0043,0.0,0.0004,0.04,9.39,MIN_PROFIT_TP_HIT,0.2132
2891,TRUMP_USDT,LONG,StochasticRSI(MICRO_BURST-LONG),2,0.2,1.599,1.595,1.601,1.595,2026-07-21 11:47:59 UTC,2026-07-21 12:02:44 UTC,884.97,0.3198,0.0043,0.0,-0.0008,-0.08,-18.76,STOP_LOSS_HIT,0.2124
2892,TRUMP_USDT,LONG,StochasticRSI(MICRO_BURST-LONG),2,0.2,1.598,1.6,1.6,1.594,2026-07-21 12:05:59 UTC,2026-07-21 12:06:42 UTC,42.13,0.3196,0.0043,0.0,0.0004,0.04,9.39,MIN_PROFIT_TP_HIT,0.2128
2893,TRUMP_USDT,SHORT,StochasticRSI(MICRO_BURST-SHORT),2,0.2,1.601,1.599,1.599,1.605,2026-07-21 12:12:59 UTC,2026-07-21 12:15:57 UTC,177.64,0.3202,0.0043,0.0,0.0004,0.04,9.37,MIN_PROFIT_TP_HIT,0.2132
2894,TRUMP_USDT,LONG,StochasticRSI(MICRO_BURST-LONG),2,0.2,1.603,1.599,1.605,1.599,2026-07-21 12:18:59 UTC,2026-07-21 12:22:25 UTC,205.35,0.3206,0.0043,0.0,-0.0008,-0.08,-18.71,STOP_LOSS_HIT,0.2124
2895,TRUMP_USDT,SHORT,StochasticRSI(MICRO_BURST-SHORT),2,0.2,1.601,1.599,1.599,1.605,2026-07-21 12:39:59 UTC,2026-07-21 12:41:55 UTC,115.36,0.3202,0.0043,0.0,0.0004,0.04,9.37,MIN_PROFIT_TP_HIT,0.2128
2896,TRUMP_USDT,LONG,StochasticRSI(MICRO_BURST-LONG),2,0.2,1.601,1.603,1.603,1.597,2026-07-21 12:45:59 UTC,2026-07-21 12:50:54 UTC,294.77,0.3202,0.0043,0.0,0.0004,0.04,9.37,MIN_PROFIT_TP_HIT,0.2132
2897,TRUMP_USDT,SHORT,StochasticRSI(MICRO_BURST-SHORT),2,0.2,1.601,1.599,1.599,1.605,2026-07-21 12:52:59 UTC,2026-07-21 13:02:34 UTC,574.58,0.3202,0.0043,0.0,0.0004,0.04,9.37,MIN_PROFIT_TP_HIT,0.2136
2898,TRUMP_USDT,LONG,StochasticRSI(MICRO_BURST-LONG),2,0.2,1.6,1.602,1.602,1.596,2026-07-21 13:04:59 UTC,2026-07-21 13:06:12 UTC,72.29,0.32,0.0043,0.0,0.0004,0.04,9.38,MIN_PROFIT_TP_HIT,0.214
2899,TRUMP_USDT,LONG,StochasticRSI(MICRO_BURST-LONG),2,0.2,1.599,1.601,1.601,1.595,2026-07-21 13:13:59 UTC,2026-07-21 13:24:13 UTC,613.28,0.3198,0.0043,0.0,0.0004,0.04,9.38,MIN_PROFIT_TP_HIT,0.2144
2900,TRUMP_USDT,SHORT,StochasticRSI(MICRO_BURST-SHORT),2,0.2,1.601,1.605,1.599,1.605,2026-07-21 13:27:59 UTC,2026-07-21 13:35:08 UTC,428.4,0.3202,0.0043,0.0,-0.0008,-0.08,-18.74,STOP_LOSS_HIT,0.2136
2901,TRUMP_USDT,LONG,StochasticRSI(MICRO_BURST-LONG),2,0.2,1.604,1.606,1.606,1.6,2026-07-21 13:45:59 UTC,2026-07-21 13:48:35 UTC,155.28,0.3208,0.0043,0.0,0.0004,0.04,9.35,MIN_PROFIT_TP_HIT,0.214
2902,TRUMP_USDT,SHORT,StochasticRSI(MICRO_BURST-SHORT),2,0.2,1.606,1.604,1.604,1.61,2026-07-21 13:52:59 UTC,2026-07-21 13:56:27 UTC,207.54,0.3212,0.0043,0.0,0.0004,0.04,9.34,MIN_PROFIT_TP_HIT,0.2144
2903,TRUMP_USDT,LONG,StochasticRSI(MICRO_BURST-LONG),2,0.2,1.605,1.607,1.607,1.601,2026-07-21 14:00:59 UTC,2026-07-21 14:01:06 UTC,6.61,0.321,0.0043,0.0,0.0004,0.04,9.35,MIN_PROFIT_TP_HIT,0.2148
2904,TRUMP_USDT,LONG,StochasticRSI(MICRO_BURST-LONG),2,0.2,1.605,1.607,1.607,1.601,2026-07-21 14:03:59 UTC,2026-07-21 14:04:39 UTC,39.87,0.321,0.0043,0.0,0.0004,0.04,9.35,MIN_PROFIT_TP_HIT,0.2152
2905,TRUMP_USDT,LONG,StochasticRSI(MICRO_BURST-LONG),2,0.2,1.607,1.603,1.609,1.603,2026-07-21 14:11:59 UTC,2026-07-21 14:16:20 UTC,260.98,0.3214,0.0043,0.0,-0.0008,-0.08,-18.67,STOP_LOSS_HIT,0.2144
2906,TRUMP_USDT,LONG,StochasticRSI(MICRO_BURST-LONG),2,0.2,1.604,1.606,1.606,1.6,2026-07-21 14:19:59 UTC,2026-07-21 14:20:24 UTC,24.9,0.3208,0.0043,0.0,0.0004,0.04,9.35,MIN_PROFIT_TP_HIT,0.2148
2907,TRUMP_USDT,LONG,StochasticRSI(MICRO_BURST-LONG),2,0.2,1.598,1.6,1.6,1.594,2026-07-21 14:26:59 UTC,2026-07-21 14:33:01 UTC,361.57,0.3196,0.0043,0.0,0.0004,0.04,9.39,MIN_PROFIT_TP_HIT,0.2152
2908,TRUMP_USDT,SHORT,StochasticRSI(MICRO_BURST-SHORT),2,0.2,1.601,1.599,1.599,1.605,2026-07-21 14:37:59 UTC,2026-07-21 14:41:47 UTC,227.52,0.3202,0.0043,0.0,0.0004,0.04,9.37,MIN_PROFIT_TP_HIT,0.2156
2909,TRUMP_USDT,SHORT,StochasticRSI(MICRO_BURST-SHORT),2,0.2,1.603,1.607,1.601,1.607,2026-07-21 14:42:59 UTC,2026-07-21 14:45:48 UTC,168.83,0.3206,0.0043,0.0,-0.0008,-0.08,-18.71,STOP_LOSS_HIT,0.2148
2910,TRUMP_USDT,SHORT,StochasticRSI(MICRO_BURST-SHORT),2,0.2,1.604,1.602,1.602,1.608,2026-07-21 14:46:59 UTC,2026-07-21 14:51:13 UTC,253.35,0.3208,0.0043,0.0,0.0004,0.04,9.35,MIN_PROFIT_TP_HIT,0.2152
2911,TRUMP_USDT,LONG,StochasticRSI(MICRO_BURST-LONG),2,0.2,1.605,1.601,1.607,1.601,2026-07-21 14:58:59 UTC,2026-07-21 15:02:02 UTC,182.25,0.321,0.0043,0.0,-0.0008,-0.08,-18.69,STOP_LOSS_HIT,0.2144
2912,TRUMP_USDT,SHORT,StochasticRSI(MICRO_BURST-SHORT),2,0.2,1.607,1.605,1.605,1.611,2026-07-21 15:11:59 UTC,2026-07-21 15:26:58 UTC,898.51,0.3214,0.0043,0.0,0.0004,0.04,9.33,MIN_PROFIT_TP_HIT,0.2148
2913,TRUMP_USDT,LONG,StochasticRSI(MICRO_BURST-LONG),2,0.2,1.607,1.603,1.609,1.603,2026-07-21 15:28:59 UTC,2026-07-21 15:30:30 UTC,90.74,0.3214,0.0043,0.0,-0.0008,-0.08,-18.67,STOP_LOSS_HIT,0.214
2914,TRUMP_USDT,SHORT,StochasticRSI(MICRO_BURST-SHORT),2,0.2,1.608,1.606,1.606,1.612,2026-07-21 15:39:59 UTC,2026-07-21 15:40:08 UTC,8.23,0.3216,0.0043,0.0,0.0004,0.04,9.33,MIN_PROFIT_TP_HIT,0.2144
2915,TRUMP_USDT,SHORT,StochasticRSI(MICRO_BURST-SHORT),2,0.2,1.608,1.612,1.606,1.612,2026-07-21 15:51:59 UTC,2026-07-21 15:56:20 UTC,260.42,0.3216,0.0043,0.0,-0.0008,-0.08,-18.66,STOP_LOSS_HIT,0.2136
2916,TRUMP_USDT,SHORT,StochasticRSI(MICRO_BURST-SHORT),2,0.2,1.609,1.607,1.607,1.613,2026-07-21 15:59:59 UTC,2026-07-21 16:00:06 UTC,6.95,0.3218,0.0043,0.0,0.0004,0.04,9.32,MIN_PROFIT_TP_HIT,0.214
2917,TRUMP_USDT,LONG,StochasticRSI(MICRO_BURST-LONG),2,0.2,1.606,1.602,1.608,1.602,2026-07-21 16:03:59 UTC,2026-07-21 16:09:35 UTC,335.98,0.3212,0.0043,0.0,-0.0008,-0.08,-18.68,STOP_LOSS_HIT,0.2132
2918,TRUMP_USDT,LONG,StochasticRSI(MICRO_BURST-LONG),2,0.2,1.601,1.603,1.603,1.597,2026-07-21 16:11:59 UTC,2026-07-21 16:17:35 UTC,335.92,0.3202,0.0043,0.0,0.0004,0.04,9.37,MIN_PROFIT_TP_HIT,0.2136
2919,TRUMP_USDT,SHORT,StochasticRSI(MICRO_BURST-SHORT),2,0.2,1.601,1.599,1.599,1.605,2026-07-21 16:22:59 UTC,2026-07-21 16:24:39 UTC,99.52,0.3202,0.0043,0.0,0.0004,0.04,9.37,MIN_PROFIT_TP_HIT,0.214
2920,TRUMP_USDT,LONG,StochasticRSI(MICRO_BURST-LONG),2,0.2,1.601,1.603,1.603,1.597,2026-07-21 16:28:59 UTC,2026-07-21 16:31:48 UTC,168.06,0.3202,0.0043,0.0,0.0004,0.04,9.37,MIN_PROFIT_TP_HIT,0.2144
2921,TRUMP_USDT,SHORT,StochasticRSI(MICRO_BURST-SHORT),2,0.2,1.601,1.599,1.599,1.605,2026-07-21 16:32:59 UTC,2026-07-21 16:41:34 UTC,514.28,0.3202,0.0043,0.0,0.0004,0.04,9.37,MIN_PROFIT_TP_HIT,0.2148
2922,TRUMP_USDT,LONG,StochasticRSI(MICRO_BURST-LONG),2,0.2,1.6,1.596,1.602,1.596,2026-07-21 16:43:59 UTC,2026-07-21 16:47:40 UTC,220.04,0.32,0.0043,0.0,-0.0008,-0.08,-18.75,STOP_LOSS_HIT,0.214
2923,TRUMP_USDT,SHORT,StochasticRSI(MICRO_BURST-SHORT),2,0.2,1.603,1.607,1.601,1.607,2026-07-21 16:57:59 UTC,2026-07-21 17:01:48 UTC,228.59,0.3206,0.0043,0.0,-0.0008,-0.08,-18.71,STOP_LOSS_HIT,0.2132
2924,TRUMP_USDT,LONG,StochasticRSI(MICRO_BURST-LONG),2,0.2,1.6,1.596,1.602,1.596,2026-07-21 17:10:59 UTC,2026-07-21 17:18:41 UTC,461.31,0.32,0.0043,0.0,-0.0008,-0.08,-18.75,STOP_LOSS_HIT,0.2124
2925,TRUMP_USDT,SHORT,StochasticRSI(MICRO_BURST-SHORT),2,0.2,1.597,1.601,1.595,1.601,2026-07-21 17:20:59 UTC,2026-07-21 17:23:00 UTC,120.95,0.3194,0.0043,0.0,-0.0008,-0.08,-18.79,STOP_LOSS_HIT,0.2116
2926,TRUMP_USDT,SHORT,StochasticRSI(MICRO_BURST-SHORT),2,0.2,1.599,1.597,1.597,1.603,2026-07-21 17:25:59 UTC,2026-07-21 17:26:12 UTC,12.19,0.3198,0.0043,0.0,0.0004,0.04,9.38,MIN_PROFIT_TP_HIT,0.212
2927,TRUMP_USDT,LONG,StochasticRSI(MICRO_BURST-LONG),2,0.2,1.598,1.6,1.6,1.594,2026-07-21 17:30:59 UTC,2026-07-21 17:34:24 UTC,204.89,0.3196,0.0043,0.0,0.0004,0.04,9.39,MIN_PROFIT_TP_HIT,0.2124
2928,TRUMP_USDT,SHORT,StochasticRSI(MICRO_BURST-SHORT),2,0.2,1.601,1.599,1.599,1.605,2026-07-21 17:38:59 UTC,2026-07-21 17:40:20 UTC,80.65,0.3202,0.0043,0.0,0.0004,0.04,9.37,MIN_PROFIT_TP_HIT,0.2128
2929,TRUMP_USDT,SHORT,StochasticRSI(MICRO_BURST-SHORT),2,0.2,1.6,1.598,1.598,1.604,2026-07-21 17:41:59 UTC,2026-07-21 17:46:55 UTC,295.77,0.32,0.0043,0.0,0.0004,0.04,9.38,MIN_PROFIT_TP_HIT,0.2132
2930,TRUMP_USDT,LONG,StochasticRSI(MICRO_BURST-LONG),2,0.2,1.598,1.6,1.6,1.594,2026-07-21 18:04:59 UTC,2026-07-21 18:06:32 UTC,92.25,0.3196,0.0043,0.0,0.0004,0.04,9.39,MIN_PROFIT_TP_HIT,0.2136
2931,TRUMP_USDT,SHORT,StochasticRSI(MICRO_BURST-SHORT),2,0.2,1.599,1.597,1.597,1.603,2026-07-21 18:08:59 UTC,2026-07-21 18:24:49 UTC,949.05,0.3198,0.0043,0.0,0.0004,0.04,9.38,MIN_PROFIT_TP_HIT,0.214
2932,TRUMP_USDT,SHORT,StochasticRSI(MICRO_BURST-SHORT),2,0.2,1.602,1.6,1.6,1.606,2026-07-21 18:38:59 UTC,2026-07-21 18:39:36 UTC,36.22,0.3204,0.0043,0.0,0.0004,0.04,9.36,MIN_PROFIT_TP_HIT,0.2144
2933,TRUMP_USDT,LONG,StochasticRSI(MICRO_BURST-LONG),2,0.2,1.6,1.596,1.602,1.596,2026-07-21 18:55:59 UTC,2026-07-21 19:02:01 UTC,361.4,0.32,0.0043,0.0,-0.0008,-0.08,-18.75,STOP_LOSS_HIT,0.2136
2934,TRUMP_USDT,SHORT,StochasticRSI(MICRO_BURST-SHORT),2,0.2,1.597,1.595,1.595,1.601,2026-07-21 19:08:59 UTC,2026-07-21 19:15:02 UTC,362.6,0.3194,0.0043,0.0,0.0004,0.04,9.39,MIN_PROFIT_TP_HIT,0.214
2935,TRUMP_USDT,LONG,StochasticRSI(MICRO_BURST-LONG),2,0.2,1.598,1.6,1.6,1.594,2026-07-21 19:18:59 UTC,2026-07-21 19:22:24 UTC,204.27,0.3196,0.0043,0.0,0.0004,0.04,9.39,MIN_PROFIT_TP_HIT,0.2144
2936,TRUMP_USDT,LONG,StochasticRSI(MICRO_BURST-LONG),2,0.2,1.601,1.597,1.603,1.597,2026-07-21 20:00:59 UTC,2026-07-21 20:04:37 UTC,217.56,0.3202,0.0043,0.0,-0.0008,-0.08,-18.74,STOP_LOSS_HIT,0.2136
2937,TRUMP_USDT,LONG,StochasticRSI(MICRO_BURST-LONG),2,0.2,1.598,1.594,1.6,1.594,2026-07-21 20:07:59 UTC,2026-07-21 20:23:29 UTC,929.41,0.3196,0.0043,0.0,-0.0008,-0.08,-18.77,STOP_LOSS_HIT,0.2128
2938,TRUMP_USDT,LONG,StochasticRSI(MICRO_BURST-LONG),2,0.2,1.597,1.599,1.599,1.593,2026-07-21 20:25:59 UTC,2026-07-21 20:35:16 UTC,556.58,0.3194,0.0043,0.0,0.0004,0.04,9.39,MIN_PROFIT_TP_HIT,0.2132
2939,TRUMP_USDT,LONG,StochasticRSI(MICRO_BURST-LONG),2,0.2,1.595,1.591,1.597,1.591,2026-07-21 20:48:59 UTC,2026-07-21 21:00:31 UTC,691.74,0.319,0.0043,0.0,-0.0008,-0.08,-18.81,STOP_LOSS_HIT,0.2124
2940,TRUMP_USDT,LONG,StochasticRSI(MICRO_BURST-LONG),2,0.2,1.591,1.593,1.593,1.587,2026-07-21 21:05:59 UTC,2026-07-21 21:07:55 UTC,115.49,0.3182,0.0042,0.0,0.0004,0.04,9.43,MIN_PROFIT_TP_HIT,0.2128
2941,TRUMP_USDT,SHORT,StochasticRSI(MICRO_BURST-SHORT),2,0.2,1.593,1.597,1.591,1.597,2026-07-21 21:11:59 UTC,2026-07-21 21:36:52 UTC,1492.9,0.3186,0.0042,0.0,-0.0008,-0.08,-18.83,STOP_LOSS_HIT,0.212
2942,TRUMP_USDT,SHORT,StochasticRSI(MICRO_BURST-SHORT),2,0.2,1.596,1.594,1.594,1.6,2026-07-21 21:42:59 UTC,2026-07-21 21:46:33 UTC,213.48,0.3192,0.0043,0.0,0.0004,0.04,9.4,MIN_PROFIT_TP_HIT,0.2124
2943,TRUMP_USDT,LONG,StochasticRSI(MICRO_BURST-LONG),2,0.2,1.594,1.596,1.596,1.59,2026-07-21 21:50:59 UTC,2026-07-21 21:57:15 UTC,375.74,0.3188,0.0043,0.0,0.0004,0.04,9.41,MIN_PROFIT_TP_HIT,0.2128
2944,TRUMP_USDT,SHORT,StochasticRSI(MICRO_BURST-SHORT),2,0.2,1.596,1.594,1.594,1.6,2026-07-21 22:00:59 UTC,2026-07-21 22:01:34 UTC,34.43,0.3192,0.0043,0.0,0.0004,0.04,9.4,MIN_PROFIT_TP_HIT,0.2132
2945,TRUMP_USDT,LONG,StochasticRSI(MICRO_BURST-LONG),2,0.2,1.597,1.599,1.599,1.593,2026-07-21 22:17:59 UTC,2026-07-21 22:33:43 UTC,943.95,0.3194,0.0043,0.0,0.0004,0.04,9.39,MIN_PROFIT_TP_HIT,0.2136
2946,TRUMP_USDT,LONG,StochasticRSI(MICRO_BURST-LONG),2,0.2,1.596,1.592,1.598,1.592,2026-07-21 22:40:59 UTC,2026-07-21 22:56:43 UTC,943.3,0.3192,0.0043,0.0,-0.0008,-0.08,-18.8,STOP_LOSS_HIT,0.2128
2947,TRUMP_USDT,LONG,StochasticRSI(MICRO_BURST-LONG),2,0.2,1.59,1.586,1.592,1.586,2026-07-21 23:00:59 UTC,2026-07-21 23:07:28 UTC,388.37,0.318,0.0042,0.0,-0.0008,-0.08,-18.87,STOP_LOSS_HIT,0.212
2948,TRUMP_USDT,SHORT,StochasticRSI(MICRO_BURST-SHORT),2,0.2,1.587,1.591,1.585,1.591,2026-07-21 23:21:59 UTC,2026-07-21 23:30:46 UTC,526.8,0.3174,0.0042,0.0,-0.0008,-0.08,-18.9,STOP_LOSS_HIT,0.2112
2949,TRUMP_USDT,SHORT,StochasticRSI(MICRO_BURST-SHORT),2,0.2,1.592,1.59,1.59,1.596,2026-07-21 23:32:59 UTC,2026-07-21 23:33:33 UTC,33.31,0.3184,0.0042,0.0,0.0004,0.04,9.42,MIN_PROFIT_TP_HIT,0.2116
2950,TRUMP_USDT,LONG,StochasticRSI(MICRO_BURST-LONG),2,0.2,1.589,1.591,1.591,1.585,2026-07-21 23:41:59 UTC,2026-07-21 23:56:10 UTC,850.5,0.3178,0.0042,0.0,0.0004,0.04,9.44,MIN_PROFIT_TP_HIT,0.212
2951,TRUMP_USDT,SHORT,StochasticRSI(MICRO_BURST-SHORT),2,0.2,1.589,1.593,1.587,1.593,2026-07-22 00:01:59 UTC,2026-07-22 00:09:54 UTC,474.4,0.3178,0.0042,0.0,-0.0008,-0.08,-18.88,STOP_LOSS_HIT,0.2112
2952,TRUMP_USDT,SHORT,StochasticRSI(MICRO_BURST-SHORT),2,0.2,1.593,1.591,1.591,1.597,2026-07-22 00:11:59 UTC,2026-07-22 00:13:27 UTC,87.25,0.3186,0.0042,0.0,0.0004,0.04,9.42,MIN_PROFIT_TP_HIT,0.2116
2953,TRUMP_USDT,LONG,StochasticRSI(MICRO_BURST-LONG),2,0.2,1.592,1.594,1.594,1.588,2026-07-22 00:16:59 UTC,2026-07-22 00:17:52 UTC,52.64,0.3184,0.0042,0.0,0.0004,0.04,9.42,MIN_PROFIT_TP_HIT,0.212
2954,TRUMP_USDT,SHORT,StochasticRSI(MICRO_BURST-SHORT),2,0.2,1.594,1.592,1.592,1.598,2026-07-22 00:24:59 UTC,2026-07-22 00:29:03 UTC,243.24,0.3188,0.0043,0.0,0.0004,0.04,9.41,MIN_PROFIT_TP_HIT,0.2124
2955,TRUMP_USDT,LONG,StochasticRSI(MICRO_BURST-LONG),2,0.2,1.595,1.591,1.597,1.591,2026-07-22 00:34:59 UTC,2026-07-22 00:47:51 UTC,771.18,0.319,0.0043,0.0,-0.0008,-0.08,-18.81,STOP_LOSS_HIT,0.2116
2956,TRUMP_USDT,LONG,StochasticRSI(MICRO_BURST-LONG),2,0.2,1.592,1.594,1.594,1.588,2026-07-22 00:50:59 UTC,2026-07-22 00:59:01 UTC,481.8,0.3184,0.0042,0.0,0.0004,0.04,9.42,MIN_PROFIT_TP_HIT,0.212
2957,TRUMP_USDT,SHORT,StochasticRSI(MICRO_BURST-SHORT),2,0.2,1.591,1.595,1.589,1.595,2026-07-22 01:02:59 UTC,2026-07-22 01:06:11 UTC,191.48,0.3182,0.0042,0.0,-0.0008,-0.08,-18.86,STOP_LOSS_HIT,0.2112
2958,TRUMP_USDT,SHORT,StochasticRSI(MICRO_BURST-SHORT),2,0.2,1.592,1.59,1.59,1.596,2026-07-22 01:10:59 UTC,2026-07-22 01:14:35 UTC,215.64,0.3184,0.0042,0.0,0.0004,0.04,9.42,MIN_PROFIT_TP_HIT,0.2116
2959,TRUMP_USDT,LONG,StochasticRSI(MICRO_BURST-LONG),2,0.2,1.589,1.591,1.591,1.585,2026-07-22 01:19:59 UTC,2026-07-22 01:20:12 UTC,12.29,0.3178,0.0042,0.0,0.0004,0.04,9.44,MIN_PROFIT_TP_HIT,0.212
2960,TRUMP_USDT,LONG,StochasticRSI(MICRO_BURST-LONG),2,0.2,1.588,1.584,1.59,1.584,2026-07-22 01:27:59 UTC,2026-07-22 01:31:37 UTC,217.25,0.3176,0.0042,0.0,-0.0008,-0.08,-18.89,STOP_LOSS_HIT,0.2112
2961,TRUMP_USDT,SHORT,StochasticRSI(MICRO_BURST-SHORT),2,0.2,1.585,1.583,1.583,1.589,2026-07-22 01:38:59 UTC,2026-07-22 01:41:11 UTC,131.75,0.317,0.0042,0.0,0.0004,0.04,9.46,MIN_PROFIT_TP_HIT,0.2116
2962,TRUMP_USDT,LONG,StochasticRSI(MICRO_BURST-LONG),2,0.2,1.585,1.587,1.587,1.581,2026-07-22 01:45:59 UTC,2026-07-22 01:47:04 UTC,64.55,0.317,0.0042,0.0,0.0004,0.04,9.46,MIN_PROFIT_TP_HIT,0.212
2963,TRUMP_USDT,SHORT,StochasticRSI(MICRO_BURST-SHORT),2,0.2,1.585,1.589,1.583,1.589,2026-07-22 01:50:59 UTC,2026-07-22 01:52:44 UTC,104.53,0.317,0.0042,0.0,-0.0008,-0.08,-18.93,STOP_LOSS_HIT,0.2112
2964,TRUMP_USDT,LONG,StochasticRSI(MICRO_BURST-LONG),2,0.2,1.585,1.587,1.587,1.581,2026-07-22 01:59:59 UTC,2026-07-22 02:00:06 UTC,6.27,0.317,0.0042,0.0,0.0004,0.04,9.46,MIN_PROFIT_TP_HIT,0.2116
2965,TRUMP_USDT,LONG,StochasticRSI(MICRO_BURST-LONG),2,0.2,1.583,1.579,1.585,1.579,2026-07-22 02:05:59 UTC,2026-07-22 02:07:40 UTC,100.86,0.3166,0.0042,0.0,-0.0008,-0.08,-18.95,STOP_LOSS_HIT,0.2108
2966,TRUMP_USDT,SHORT,StochasticRSI(MICRO_BURST-SHORT),2,0.2,1.582,1.58,1.58,1.586,2026-07-22 02:15:59 UTC,2026-07-22 02:36:35 UTC,1235.21,0.3164,0.0042,0.0,0.0004,0.04,9.48,MIN_PROFIT_TP_HIT,0.2112
2967,TRUMP_USDT,LONG,StochasticRSI(MICRO_BURST-LONG),2,0.2,1.582,1.584,1.584,1.578,2026-07-22 02:37:59 UTC,2026-07-22 02:41:34 UTC,214.71,0.3164,0.0042,0.0,0.0004,0.04,9.48,MIN_PROFIT_TP_HIT,0.2116
2968,TRUMP_USDT,SHORT,StochasticRSI(MICRO_BURST-SHORT),2,0.2,1.583,1.581,1.581,1.587,2026-07-22 02:43:59 UTC,2026-07-22 02:46:15 UTC,135.4,0.3166,0.0042,0.0,0.0004,0.04,9.48,MIN_PROFIT_TP_HIT,0.212
2969,TRUMP_USDT,LONG,StochasticRSI(MICRO_BURST-LONG),2,0.2,1.583,1.579,1.585,1.579,2026-07-22 02:49:59 UTC,2026-07-22 02:57:48 UTC,468.07,0.3166,0.0042,0.0,-0.0008,-0.08,-18.95,STOP_LOSS_HIT,0.2112
2970,TRUMP_USDT,SHORT,StochasticRSI(MICRO_BURST-SHORT),2,0.2,1.583,1.581,1.581,1.587,2026-07-22 03:03:59 UTC,2026-07-22 03:09:10 UTC,310.78,0.3166,0.0042,0.0,0.0004,0.04,9.48,MIN_PROFIT_TP_HIT,0.2116
2971,TRUMP_USDT,LONG,StochasticRSI(MICRO_BURST-LONG),2,0.2,1.581,1.583,1.583,1.577,2026-07-22 03:12:59 UTC,2026-07-22 03:14:00 UTC,60.6,0.3162,0.0042,0.0,0.0004,0.04,9.49,MIN_PROFIT_TP_HIT,0.212
2972,TRUMP_USDT,SHORT,StochasticRSI(MICRO_BURST-SHORT),2,0.2,1.586,1.584,1.584,1.59,2026-07-22 03:28:59 UTC,2026-07-22 03:32:15 UTC,195.11,0.3172,0.0042,0.0,0.0004,0.04,9.46,MIN_PROFIT_TP_HIT,0.2124
2973,TRUMP_USDT,SHORT,StochasticRSI(MICRO_BURST-SHORT),2,0.2,1.584,1.588,1.582,1.588,2026-07-22 03:43:59 UTC,2026-07-22 03:48:48 UTC,288.34,0.3168,0.0042,0.0,-0.0008,-0.08,-18.94,STOP_LOSS_HIT,0.2116
2974,TRUMP_USDT,SHORT,StochasticRSI(MICRO_BURST-SHORT),2,0.2,1.587,1.585,1.585,1.591,2026-07-22 03:52:59 UTC,2026-07-22 03:53:14 UTC,14.4,0.3174,0.0042,0.0,0.0004,0.04,9.45,MIN_PROFIT_TP_HIT,0.212
2975,TRUMP_USDT,LONG,StochasticRSI(MICRO_BURST-LONG),2,0.2,1.584,1.586,1.586,1.58,2026-07-22 04:01:59 UTC,2026-07-22 04:03:40 UTC,100.92,0.3168,0.0042,0.0,0.0004,0.04,9.47,MIN_PROFIT_TP_HIT,0.2124
2976,TRUMP_USDT,SHORT,StochasticRSI(MICRO_BURST-SHORT),2,0.2,1.589,1.587,1.587,1.593,2026-07-22 04:10:59 UTC,2026-07-22 04:18:22 UTC,442.02,0.3178,0.0042,0.0,0.0004,0.04,9.44,MIN_PROFIT_TP_HIT,0.2128
2977,TRUMP_USDT,LONG,StochasticRSI(MICRO_BURST-LONG),2,0.2,1.588,1.59,1.59,1.584,2026-07-22 04:20:59 UTC,2026-07-22 04:21:57 UTC,57.57,0.3176,0.0042,0.0,0.0004,0.04,9.45,MIN_PROFIT_TP_HIT,0.2132
2978,TRUMP_USDT,SHORT,StochasticRSI(MICRO_BURST-SHORT),2,0.2,1.588,1.592,1.586,1.592,2026-07-22 04:25:59 UTC,2026-07-22 04:43:17 UTC,1037.42,0.3176,0.0042,0.0,-0.0008,-0.08,-18.89,STOP_LOSS_HIT,0.2124
2979,TRUMP_USDT,SHORT,StochasticRSI(MICRO_BURST-SHORT),2,0.2,1.591,1.589,1.589,1.595,2026-07-22 04:47:59 UTC,2026-07-22 05:00:44 UTC,764.62,0.3182,0.0042,0.0,0.0004,0.04,9.43,MIN_PROFIT_TP_HIT,0.2128
2980,TRUMP_USDT,LONG,StochasticRSI(MICRO_BURST-LONG),2,0.2,1.585,1.587,1.587,1.581,2026-07-22 05:25:59 UTC,2026-07-22 05:26:43 UTC,43.11,0.317,0.0042,0.0,0.0004,0.04,9.46,MIN_PROFIT_TP_HIT,0.2132
2981,TRUMP_USDT,LONG,StochasticRSI(MICRO_BURST-LONG),2,0.2,1.586,1.588,1.588,1.582,2026-07-22 05:33:59 UTC,2026-07-22 05:34:38 UTC,38.69,0.3172,0.0042,0.0,0.0004,0.04,9.46,MIN_PROFIT_TP_HIT,0.2136
2982,TRUMP_USDT,SHORT,StochasticRSI(MICRO_BURST-SHORT),2,0.2,1.584,1.582,1.582,1.588,2026-07-22 05:37:59 UTC,2026-07-22 05:39:22 UTC,82.58,0.3168,0.0042,0.0,0.0004,0.04,9.47,MIN_PROFIT_TP_HIT,0.214
2983,TRUMP_USDT,LONG,StochasticRSI(MICRO_BURST-LONG),2,0.2,1.586,1.588,1.588,1.582,2026-07-22 05:43:59 UTC,2026-07-22 05:46:32 UTC,152.53,0.3172,0.0042,0.0,0.0004,0.04,9.46,MIN_PROFIT_TP_HIT,0.2144
2984,TRUMP_USDT,SHORT,StochasticRSI(MICRO_BURST-SHORT),2,0.2,1.588,1.586,1.586,1.592,2026-07-22 05:49:59 UTC,2026-07-22 05:56:24 UTC,384.28,0.3176,0.0042,0.0,0.0004,0.04,9.45,MIN_PROFIT_TP_HIT,0.2148
2985,TRUMP_USDT,LONG,StochasticRSI(MICRO_BURST-LONG),2,0.2,1.585,1.581,1.587,1.581,2026-07-22 06:00:59 UTC,2026-07-22 06:02:16 UTC,76.97,0.317,0.0042,0.0,-0.0008,-0.08,-18.93,STOP_LOSS_HIT,0.214
2986,TRUMP_USDT,LONG,StochasticRSI(MICRO_BURST-LONG),2,0.2,1.583,1.585,1.585,1.579,2026-07-22 06:05:59 UTC,2026-07-22 06:06:06 UTC,6.48,0.3166,0.0042,0.0,0.0004,0.04,9.48,MIN_PROFIT_TP_HIT,0.2144
2987,TRUMP_USDT,SHORT,StochasticRSI(MICRO_BURST-SHORT),2,0.2,1.585,1.583,1.583,1.589,2026-07-22 06:14:59 UTC,2026-07-22 06:19:08 UTC,248.34,0.317,0.0042,0.0,0.0004,0.04,9.46,MIN_PROFIT_TP_HIT,0.2148
2988,TRUMP_USDT,SHORT,StochasticRSI(MICRO_BURST-SHORT),2,0.2,1.582,1.586,1.58,1.586,2026-07-22 06:28:59 UTC,2026-07-22 06:34:38 UTC,338.08,0.3164,0.0042,0.0,-0.0008,-0.08,-18.96,STOP_LOSS_HIT,0.214
2989,TRUMP_USDT,SHORT,StochasticRSI(MICRO_BURST-SHORT),2,0.2,1.589,1.587,1.587,1.593,2026-07-22 06:39:59 UTC,2026-07-22 06:45:07 UTC,307.4,0.3178,0.0042,0.0,0.0004,0.04,9.44,MIN_PROFIT_TP_HIT,0.2144
2990,TRUMP_USDT,LONG,StochasticRSI(MICRO_BURST-LONG),2,0.2,1.588,1.584,1.59,1.584,2026-07-22 06:50:59 UTC,2026-07-22 07:19:48 UTC,1728.12,0.3176,0.0042,0.0,-0.0008,-0.08,-18.89,STOP_LOSS_HIT,0.2136
2991,TRUMP_USDT,SHORT,StochasticRSI(MICRO_BURST-SHORT),2,0.2,1.584,1.582,1.582,1.588,2026-07-22 07:31:59 UTC,2026-07-22 07:35:00 UTC,180.52,0.3168,0.0042,0.0,0.0004,0.04,9.47,MIN_PROFIT_TP_HIT,0.214
2992,TRUMP_USDT,LONG,StochasticRSI(MICRO_BURST-LONG),2,0.2,1.582,1.584,1.584,1.578,2026-07-22 07:39:59 UTC,2026-07-22 07:44:01 UTC,241.2,0.3164,0.0042,0.0,0.0004,0.04,9.48,MIN_PROFIT_TP_HIT,0.2144
2993,TRUMP_USDT,SHORT,StochasticRSI(MICRO_BURST-SHORT),2,0.2,1.583,1.587,1.581,1.587,2026-07-22 07:49:59 UTC,2026-07-22 07:54:08 UTC,248.17,0.3166,0.0042,0.0,-0.0008,-0.08,-18.95,STOP_LOSS_HIT,0.2136
2994,TRUMP_USDT,LONG,StochasticRSI(MICRO_BURST-LONG),2,0.2,1.591,1.593,1.593,1.587,2026-07-22 08:05:59 UTC,2026-07-22 08:07:24 UTC,84.81,0.3182,0.0042,0.0,0.0004,0.04,9.43,MIN_PROFIT_TP_HIT,0.214
2995,TRUMP_USDT,SHORT,StochasticRSI(MICRO_BURST-SHORT),2,0.2,1.6,1.598,1.598,1.604,2026-07-22 08:10:59 UTC,2026-07-22 08:11:01 UTC,1.05,0.32,0.0043,0.0,0.0004,0.04,9.38,MIN_PROFIT_TP_HIT,0.2144
2996,TRUMP_USDT,LONG,StochasticRSI(MICRO_BURST-LONG),2,0.2,1.598,1.594,1.6,1.594,2026-07-22 08:15:59 UTC,2026-07-22 08:19:36 UTC,216.29,0.3196,0.0043,0.0,-0.0008,-0.08,-18.77,STOP_LOSS_HIT,0.2136
2997,TRUMP_USDT,LONG,StochasticRSI(MICRO_BURST-LONG),2,0.2,1.597,1.599,1.599,1.593,2026-07-22 08:20:59 UTC,2026-07-22 08:21:36 UTC,36.48,0.3194,0.0043,0.0,0.0004,0.04,9.39,MIN_PROFIT_TP_HIT,0.214
2998,TRUMP_USDT,SHORT,StochasticRSI(MICRO_BURST-SHORT),2,0.2,1.597,1.595,1.595,1.601,2026-07-22 08:25:59 UTC,2026-07-22 08:26:16 UTC,16.31,0.3194,0.0043,0.0,0.0004,0.04,9.39,MIN_PROFIT_TP_HIT,0.2144
2999,TRUMP_USDT,LONG,StochasticRSI(MICRO_BURST-LONG),2,0.2,1.596,1.592,1.598,1.592,2026-07-22 08:30:59 UTC,2026-07-22 08:37:25 UTC,385.04,0.3192,0.0043,0.0,-0.0008,-0.08,-18.8,STOP_LOSS_HIT,0.2136
3000,TRUMP_USDT,LONG,StochasticRSI(MICRO_BURST-LONG),2,0.2,1.593,1.595,1.595,1.589,2026-07-22 08:40:59 UTC,2026-07-22 09:03:45 UTC,1365.2,0.3186,0.0042,0.0,0.0004,0.04,9.42,MIN_PROFIT_TP_HIT,0.214
3001,TRUMP_USDT,SHORT,StochasticRSI(MICRO_BURST-SHORT),2,0.2,1.6,1.598,1.598,1.604,2026-07-22 09:06:59 UTC,2026-07-22 09:07:02 UTC,2.37,0.32,0.0043,0.0,0.0004,0.04,9.38,MIN_PROFIT_TP_HIT,0.2144
3002,TRUMP_USDT,LONG,StochasticRSI(MICRO_BURST-LONG),2,0.2,1.596,1.598,1.598,1.592,2026-07-22 09:14:59 UTC,2026-07-22 09:17:01 UTC,121.71,0.3192,0.0043,0.0,0.0004,0.04,9.4,MIN_PROFIT_TP_HIT,0.2148
3003,TRUMP_USDT,SHORT,StochasticRSI(MICRO_BURST-SHORT),2,0.2,1.599,1.597,1.597,1.603,2026-07-22 09:22:59 UTC,2026-07-22 09:23:49 UTC,49.82,0.3198,0.0043,0.0,0.0004,0.04,9.38,MIN_PROFIT_TP_HIT,0.2152
3004,TRUMP_USDT,LONG,StochasticRSI(MICRO_BURST-LONG),2,0.2,1.6,1.602,1.602,1.596,2026-07-22 09:27:59 UTC,2026-07-22 09:28:06 UTC,6.47,0.32,0.0043,0.0,0.0004,0.04,9.38,MIN_PROFIT_TP_HIT,0.2156
3005,TRUMP_USDT,LONG,StochasticRSI(MICRO_BURST-LONG),2,0.2,1.598,1.6,1.6,1.594,2026-07-22 09:37:59 UTC,2026-07-22 09:42:03 UTC,243.95,0.3196,0.0043,0.0,0.0004,0.04,9.39,MIN_PROFIT_TP_HIT,0.216
3006,TRUMP_USDT,SHORT,StochasticRSI(MICRO_BURST-SHORT),2,0.2,1.601,1.605,1.599,1.605,2026-07-22 09:47:59 UTC,2026-07-22 10:07:27 UTC,1167.89,0.3202,0.0043,0.0,-0.0008,-0.08,-18.74,STOP_LOSS_HIT,0.2152
3007,TRUMP_USDT,SHORT,StochasticRSI(MICRO_BURST-SHORT),2,0.2,1.603,1.601,1.601,1.607,2026-07-22 10:11:59 UTC,2026-07-22 10:12:54 UTC,54.39,0.3206,0.0043,0.0,0.0004,0.04,9.36,MIN_PROFIT_TP_HIT,0.2156
3008,TRUMP_USDT,LONG,StochasticRSI(MICRO_BURST-LONG),2,0.2,1.602,1.604,1.604,1.598,2026-07-22 10:16:59 UTC,2026-07-22 10:18:42 UTC,102.43,0.3204,0.0043,0.0,0.0004,0.04,9.36,MIN_PROFIT_TP_HIT,0.216
3009,TRUMP_USDT,LONG,StochasticRSI(MICRO_BURST-LONG),2,0.2,1.6,1.602,1.602,1.596,2026-07-22 10:25:59 UTC,2026-07-22 10:26:22 UTC,22.25,0.32,0.0043,0.0,0.0004,0.04,9.38,MIN_PROFIT_TP_HIT,0.2164
3010,TRUMP_USDT,SHORT,StochasticRSI(MICRO_BURST-SHORT),2,0.2,1.603,1.601,1.601,1.607,2026-07-22 10:31:59 UTC,2026-07-22 11:06:16 UTC,2056.07,0.3206,0.0043,0.0,0.0004,0.04,9.36,MIN_PROFIT_TP_HIT,0.2168
3011,TRUMP_USDT,LONG,StochasticRSI(MICRO_BURST-LONG),2,0.2,1.599,1.601,1.601,1.595,2026-07-22 11:11:59 UTC,2026-07-22 11:25:01 UTC,781.52,0.3198,0.0043,0.0,0.0004,0.04,9.38,MIN_PROFIT_TP_HIT,0.2172
3012,TRUMP_USDT,SHORT,StochasticRSI(MICRO_BURST-SHORT),2,0.2,1.599,1.597,1.597,1.603,2026-07-22 11:27:59 UTC,2026-07-22 11:30:23 UTC,143.4,0.3198,0.0043,0.0,0.0004,0.04,9.38,MIN_PROFIT_TP_HIT,0.2176
3013,TRUMP_USDT,LONG,StochasticRSI(MICRO_BURST-LONG),2,0.2,1.599,1.595,1.601,1.595,2026-07-22 11:32:59 UTC,2026-07-22 11:37:41 UTC,281.36,0.3198,0.0043,0.0,-0.0008,-0.08,-18.76,STOP_LOSS_HIT,0.2168
3014,TRUMP_USDT,SHORT,StochasticRSI(MICRO_BURST-SHORT),2,0.2,1.6,1.604,1.598,1.604,2026-07-22 11:49:59 UTC,2026-07-22 12:01:23 UTC,683.19,0.32,0.0043,0.0,-0.0008,-0.08,-18.75,STOP_LOSS_HIT,0.216
3015,TRUMP_USDT,LONG,StochasticRSI(MICRO_BURST-LONG),2,0.2,1.597,1.593,1.599,1.593,2026-07-22 12:06:59 UTC,2026-07-22 12:35:53 UTC,1733.62,0.3194,0.0043,0.0,-0.0008,-0.08,-18.79,STOP_LOSS_HIT,0.2152
3016,TRUMP_USDT,LONG,StochasticRSI(MICRO_BURST-LONG),2,0.2,1.594,1.59,1.596,1.59,2026-07-22 12:40:59 UTC,2026-07-22 12:49:22 UTC,502.13,0.3188,0.0043,0.0,-0.0008,-0.08,-18.82,STOP_LOSS_HIT,0.2144
3017,TRUMP_USDT,SHORT,StochasticRSI(MICRO_BURST-SHORT),2,0.2,1.59,1.594,1.588,1.594,2026-07-22 13:04:59 UTC,2026-07-22 13:19:46 UTC,886.35,0.318,0.0042,0.0,-0.0008,-0.08,-18.87,STOP_LOSS_HIT,0.2136
3018,TRUMP_USDT,LONG,StochasticRSI(MICRO_BURST-LONG),2,0.2,1.587,1.589,1.589,1.583,2026-07-22 13:29:59 UTC,2026-07-22 13:30:00 UTC,0.96,0.3174,0.0042,0.0,0.0004,0.04,9.45,MIN_PROFIT_TP_HIT,0.214
3019,TRUMP_USDT,SHORT,StochasticRSI(MICRO_BURST-SHORT),2,0.2,1.594,1.592,1.592,1.598,2026-07-22 13:37:59 UTC,2026-07-22 13:38:53 UTC,53.08,0.3188,0.0043,0.0,0.0004,0.04,9.41,MIN_PROFIT_TP_HIT,0.2144
3020,TRUMP_USDT,SHORT,StochasticRSI(MICRO_BURST-SHORT),2,0.2,1.598,1.596,1.596,1.602,2026-07-22 13:46:59 UTC,2026-07-22 13:47:19 UTC,19.75,0.3196,0.0043,0.0,0.0004,0.04,9.39,MIN_PROFIT_TP_HIT,0.2148
3021,TRUMP_USDT,LONG,StochasticRSI(MICRO_BURST-LONG),2,0.2,1.596,1.598,1.598,1.592,2026-07-22 13:50:59 UTC,2026-07-22 13:51:08 UTC,8.07,0.3192,0.0043,0.0,0.0004,0.04,9.4,MIN_PROFIT_TP_HIT,0.2152
3022,TRUMP_USDT,SHORT,StochasticRSI(MICRO_BURST-SHORT),2,0.2,1.597,1.601,1.595,1.601,2026-07-22 14:01:59 UTC,2026-07-22 14:04:38 UTC,158.09,0.3194,0.0043,0.0,-0.0008,-0.08,-18.79,STOP_LOSS_HIT,0.2144
3023,TRUMP_USDT,SHORT,StochasticRSI(MICRO_BURST-SHORT),2,0.2,1.599,1.597,1.597,1.603,2026-07-22 14:08:59 UTC,2026-07-22 14:09:12 UTC,12.38,0.3198,0.0043,0.0,0.0004,0.04,9.38,MIN_PROFIT_TP_HIT,0.2148
3024,TRUMP_USDT,LONG,StochasticRSI(MICRO_BURST-LONG),2,0.2,1.599,1.595,1.601,1.595,2026-07-22 14:12:59 UTC,2026-07-22 14:15:11 UTC,131.51,0.3198,0.0043,0.0,-0.0008,-0.08,-18.76,STOP_LOSS_HIT,0.214
3025,TRUMP_USDT,LONG,StochasticRSI(MICRO_BURST-LONG),2,0.2,1.595,1.597,1.597,1.591,2026-07-22 14:16:59 UTC,2026-07-22 14:17:45 UTC,45.74,0.319,0.0043,0.0,0.0004,0.04,9.4,MIN_PROFIT_TP_HIT,0.2144
3026,TRUMP_USDT,LONG,StochasticRSI(MICRO_BURST-LONG),2,0.2,1.597,1.593,1.599,1.593,2026-07-22 14:18:59 UTC,2026-07-22 14:24:34 UTC,334.4,0.3194,0.0043,0.0,-0.0008,-0.08,-18.79,STOP_LOSS_HIT,0.2136
3027,TRUMP_USDT,SHORT,StochasticRSI(MICRO_BURST-SHORT),2,0.2,1.595,1.593,1.593,1.599,2026-07-22 14:35:59 UTC,2026-07-22 14:40:52 UTC,292.79,0.319,0.0043,0.0,0.0004,0.04,9.4,MIN_PROFIT_TP_HIT,0.214
3028,TRUMP_USDT,LONG,StochasticRSI(MICRO_BURST-LONG),2,0.2,1.594,1.596,1.596,1.59,2026-07-22 14:43:59 UTC,2026-07-22 14:44:50 UTC,50.26,0.3188,0.0043,0.0,0.0004,0.04,9.41,MIN_PROFIT_TP_HIT,0.2144
3029,TRUMP_USDT,SHORT,StochasticRSI(MICRO_BURST-SHORT),2,0.2,1.596,1.594,1.594,1.6,2026-07-22 14:48:59 UTC,2026-07-22 14:49:13 UTC,13.76,0.3192,0.0043,0.0,0.0004,0.04,9.4,MIN_PROFIT_TP_HIT,0.2148
3030,TRUMP_USDT,LONG,StochasticRSI(MICRO_BURST-LONG),2,0.2,1.595,1.597,1.597,1.591,2026-07-22 14:56:59 UTC,2026-07-22 14:57:28 UTC,28.08,0.319,0.0043,0.0,0.0004,0.04,9.4,MIN_PROFIT_TP_HIT,0.2152
3031,TRUMP_USDT,SHORT,StochasticRSI(MICRO_BURST-SHORT),2,0.2,1.601,1.599,1.599,1.605,2026-07-22 15:02:59 UTC,2026-07-22 15:05:28 UTC,148.98,0.3202,0.0043,0.0,0.0004,0.04,9.37,MIN_PROFIT_TP_HIT,0.2156
3032,TRUMP_USDT,LONG,StochasticRSI(MICRO_BURST-LONG),2,0.2,1.6,1.602,1.602,1.596,2026-07-22 15:09:59 UTC,2026-07-22 15:16:24 UTC,384.94,0.32,0.0043,0.0,0.0004,0.04,9.38,MIN_PROFIT_TP_HIT,0.216
3033,TRUMP_USDT,SHORT,StochasticRSI(MICRO_BURST-SHORT),2,0.2,1.604,1.602,1.602,1.608,2026-07-22 15:22:59 UTC,2026-07-22 15:29:02 UTC,362.1,0.3208,0.0043,0.0,0.0004,0.04,9.35,MIN_PROFIT_TP_HIT,0.2164
3034,TRUMP_USDT,LONG,StochasticRSI(MICRO_BURST-LONG),2,0.2,1.601,1.603,1.603,1.597,2026-07-22 15:35:59 UTC,2026-07-22 15:48:07 UTC,727.28,0.3202,0.0043,0.0,0.0004,0.04,9.37,MIN_PROFIT_TP_HIT,0.2168
3035,TRUMP_USDT,SHORT,StochasticRSI(MICRO_BURST-SHORT),2,0.2,1.602,1.6,1.6,1.606,2026-07-22 15:51:59 UTC,2026-07-22 15:53:02 UTC,62.78,0.3204,0.0043,0.0,0.0004,0.04,9.36,MIN_PROFIT_TP_HIT,0.2172
3036,TRUMP_USDT,SHORT,StochasticRSI(MICRO_BURST-SHORT),2,0.2,1.606,1.604,1.604,1.61,2026-07-22 16:01:59 UTC,2026-07-22 16:02:26 UTC,26.38,0.3212,0.0043,0.0,0.0004,0.04,9.34,MIN_PROFIT_TP_HIT,0.2176
3037,TRUMP_USDT,SHORT,StochasticRSI(MICRO_BURST-SHORT),2,0.2,1.604,1.602,1.602,1.608,2026-07-22 16:10:59 UTC,2026-07-22 16:11:32 UTC,32.84,0.3208,0.0043,0.0,0.0004,0.04,9.35,MIN_PROFIT_TP_HIT,0.218
3038,TRUMP_USDT,LONG,StochasticRSI(MICRO_BURST-LONG),2,0.2,1.578,1.58,1.58,1.574,2026-07-22 16:17:59 UTC,2026-07-22 16:18:07 UTC,7.81,0.3156,0.0042,0.0,0.0004,0.04,9.51,MIN_PROFIT_TP_HIT,0.2184
3039,TRUMP_USDT,SHORT,StochasticRSI(MICRO_BURST-SHORT),2,0.2,1.584,1.588,1.582,1.588,2026-07-22 16:23:59 UTC,2026-07-22 16:25:20 UTC,80.26,0.3168,0.0042,0.0,-0.0008,-0.08,-18.94,STOP_LOSS_HIT,0.2176
3040,TRUMP_USDT,SHORT,StochasticRSI(MICRO_BURST-SHORT),2,0.2,1.588,1.592,1.586,1.592,2026-07-22 16:29:59 UTC,2026-07-22 16:30:49 UTC,49.09,0.3176,0.0042,0.0,-0.0008,-0.08,-18.89,STOP_LOSS_HIT,0.2168
3041,TRUMP_USDT,SHORT,StochasticRSI(MICRO_BURST-SHORT),2,0.2,1.601,1.599,1.599,1.605,2026-07-22 16:35:59 UTC,2026-07-22 16:40:51 UTC,291.64,0.3202,0.0043,0.0,0.0004,0.04,9.37,MIN_PROFIT_TP_HIT,0.2172
3042,TRUMP_USDT,LONG,StochasticRSI(MICRO_BURST-LONG),2,0.2,1.599,1.601,1.601,1.595,2026-07-22 16:43:59 UTC,2026-07-22 16:46:12 UTC,132.39,0.3198,0.0043,0.0,0.0004,0.04,9.38,MIN_PROFIT_TP_HIT,0.2176
3043,TRUMP_USDT,LONG,StochasticRSI(MICRO_BURST-LONG),2,0.2,1.6,1.602,1.602,1.596,2026-07-22 16:49:59 UTC,2026-07-22 16:52:19 UTC,139.32,0.32,0.0043,0.0,0.0004,0.04,9.38,MIN_PROFIT_TP_HIT,0.218
3044,TRUMP_USDT,SHORT,StochasticRSI(MICRO_BURST-SHORT),2,0.2,1.609,1.613,1.607,1.613,2026-07-22 16:55:59 UTC,2026-07-22 16:56:08 UTC,8.67,0.3218,0.0043,0.0,-0.0008,-0.08,-18.65,STOP_LOSS_HIT,0.2172
3045,TRUMP_USDT,SHORT,StochasticRSI(MICRO_BURST-SHORT),2,0.2,1.611,1.615,1.609,1.615,2026-07-22 16:59:59 UTC,2026-07-22 17:02:41 UTC,161.42,0.3222,0.0043,0.0,-0.0008,-0.08,-18.62,STOP_LOSS_HIT,0.2164
3046,TRUMP_USDT,LONG,StochasticRSI(MICRO_BURST-LONG),2,0.2,1.614,1.616,1.616,1.61,2026-07-22 17:07:59 UTC,2026-07-22 17:11:14 UTC,194.98,0.3228,0.0043,0.0,0.0004,0.04,9.29,MIN_PROFIT_TP_HIT,0.2168
3047,TRUMP_USDT,LONG,StochasticRSI(MICRO_BURST-LONG),2,0.2,1.608,1.61,1.61,1.604,2026-07-22 17:25:59 UTC,2026-07-22 17:30:09 UTC,249.06,0.3216,0.0043,0.0,0.0004,0.04,9.33,MIN_PROFIT_TP_HIT,0.2172
3048,TRUMP_USDT,SHORT,StochasticRSI(MICRO_BURST-SHORT),2,0.2,1.622,1.62,1.62,1.626,2026-07-22 17:37:59 UTC,2026-07-22 17:38:51 UTC,51.59,0.3244,0.0043,0.0,0.0004,0.04,9.25,MIN_PROFIT_TP_HIT,0.2176
3049,TRUMP_USDT,LONG,StochasticRSI(MICRO_BURST-LONG),2,0.2,1.619,1.621,1.621,1.615,2026-07-22 17:53:59 UTC,2026-07-22 18:00:57 UTC,417.39,0.3238,0.0043,0.0,0.0004,0.04,9.26,MIN_PROFIT_TP_HIT,0.218
3050,TRUMP_USDT,SHORT,StochasticRSI(MICRO_BURST-SHORT),2,0.2,1.616,1.614,1.614,1.62,2026-07-22 18:22:59 UTC,2026-07-22 18:23:39 UTC,39.06,0.3232,0.0043,0.0,0.0004,0.04,9.28,MIN_PROFIT_TP_HIT,0.2184
3051,TRUMP_USDT,LONG,StochasticRSI(MICRO_BURST-LONG),2,0.2,1.616,1.618,1.618,1.612,2026-07-22 18:26:59 UTC,2026-07-22 18:27:47 UTC,47.78,0.3232,0.0043,0.0,0.0004,0.04,9.28,MIN_PROFIT_TP_HIT,0.2188
3052,TRUMP_USDT,SHORT,StochasticRSI(MICRO_BURST-SHORT),2,0.2,1.615,1.619,1.613,1.619,2026-07-22 18:32:59 UTC,2026-07-22 18:34:02 UTC,62.34,0.323,0.0043,0.0,-0.0008,-0.08,-18.58,STOP_LOSS_HIT,0.218
3053,TRUMP_USDT,LONG,StochasticRSI(MICRO_BURST-LONG),2,0.2,1.613,1.615,1.615,1.609,2026-07-22 18:41:59 UTC,2026-07-22 18:42:50 UTC,50.11,0.3226,0.0043,0.0,0.0004,0.04,9.3,MIN_PROFIT_TP_HIT,0.2184
3054,TRUMP_USDT,SHORT,StochasticRSI(MICRO_BURST-SHORT),2,0.2,1.616,1.614,1.614,1.62,2026-07-22 18:47:59 UTC,2026-07-22 18:48:52 UTC,52.05,0.3232,0.0043,0.0,0.0004,0.04,9.28,MIN_PROFIT_TP_HIT,0.2188
3055,TRUMP_USDT,SHORT,StochasticRSI(MICRO_BURST-SHORT),2,0.2,1.614,1.612,1.612,1.618,2026-07-22 18:49:59 UTC,2026-07-22 18:50:10 UTC,10.55,0.3228,0.0043,0.0,0.0004,0.04,9.29,MIN_PROFIT_TP_HIT,0.2192
3056,TRUMP_USDT,LONG,StochasticRSI(MICRO_BURST-LONG),2,0.2,1.615,1.617,1.617,1.611,2026-07-22 18:53:59 UTC,2026-07-22 18:55:27 UTC,87.46,0.323,0.0043,0.0,0.0004,0.04,9.29,MIN_PROFIT_TP_HIT,0.2196
3057,TRUMP_USDT,SHORT,StochasticRSI(MICRO_BURST-SHORT),2,0.2,1.617,1.615,1.615,1.621,2026-07-22 18:59:59 UTC,2026-07-22 19:01:02 UTC,62.36,0.3234,0.0043,0.0,0.0004,0.04,9.28,MIN_PROFIT_TP_HIT,0.22
3058,TRUMP_USDT,LONG,StochasticRSI(MICRO_BURST-LONG),2,0.2,1.614,1.61,1.616,1.61,2026-07-22 19:05:59 UTC,2026-07-22 19:08:11 UTC,131.62,0.3228,0.0043,0.0,-0.0008,-0.08,-18.59,STOP_LOSS_HIT,0.2192
3059,TRUMP_USDT,LONG,StochasticRSI(MICRO_BURST-LONG),2,0.2,1.609,1.611,1.611,1.605,2026-07-22 19:11:59 UTC,2026-07-22 19:16:47 UTC,287.88,0.3218,0.0043,0.0,0.0004,0.04,9.32,MIN_PROFIT_TP_HIT,0.2196
3060,TRUMP_USDT,SHORT,StochasticRSI(MICRO_BURST-SHORT),2,0.2,1.611,1.609,1.609,1.615,2026-07-22 19:21:59 UTC,2026-07-22 19:29:50 UTC,470.04,0.3222,0.0043,0.0,0.0004,0.04,9.31,MIN_PROFIT_TP_HIT,0.22
3061,TRUMP_USDT,LONG,StochasticRSI(MICRO_BURST-LONG),2,0.2,1.61,1.612,1.612,1.606,2026-07-22 19:34:59 UTC,2026-07-22 19:35:10 UTC,10.66,0.322,0.0043,0.0,0.0004,0.04,9.32,MIN_PROFIT_TP_HIT,0.2204
3062,TRUMP_USDT,SHORT,StochasticRSI(MICRO_BURST-SHORT),2,0.2,1.61,1.608,1.608,1.614,2026-07-22 19:38:59 UTC,2026-07-22 19:45:39 UTC,399.5,0.322,0.0043,0.0,0.0004,0.04,9.32,MIN_PROFIT_TP_HIT,0.2208
3063,TRUMP_USDT,LONG,StochasticRSI(MICRO_BURST-LONG),2,0.2,1.609,1.611,1.611,1.605,2026-07-22 19:49:59 UTC,2026-07-22 19:50:53 UTC,53.69,0.3218,0.0043,0.0,0.0004,0.04,9.32,MIN_PROFIT_TP_HIT,0.2212
3064,TRUMP_USDT,SHORT,StochasticRSI(MICRO_BURST-SHORT),2,0.2,1.608,1.606,1.606,1.612,2026-07-22 19:54:59 UTC,2026-07-22 19:55:02 UTC,2.27,0.3216,0.0043,0.0,0.0004,0.04,9.33,MIN_PROFIT_TP_HIT,0.2216
3065,TRUMP_USDT,LONG,StochasticRSI(MICRO_BURST-LONG),2,0.2,1.606,1.608,1.608,1.602,2026-07-22 19:58:59 UTC,2026-07-22 19:59:02 UTC,2.1,0.3212,0.0043,0.0,0.0004,0.04,9.34,MIN_PROFIT_TP_HIT,0.222
3066,TRUMP_USDT,SHORT,StochasticRSI(MICRO_BURST-SHORT),2,0.2,1.609,1.607,1.607,1.613,2026-07-22 20:04:59 UTC,2026-07-22 20:05:40 UTC,40.25,0.3218,0.0043,0.0,0.0004,0.04,9.32,MIN_PROFIT_TP_HIT,0.2224
3067,TRUMP_USDT,LONG,StochasticRSI(MICRO_BURST-LONG),2,0.2,1.609,1.611,1.611,1.605,2026-07-22 20:09:59 UTC,2026-07-22 20:14:12 UTC,252.69,0.3218,0.0043,0.0,0.0004,0.04,9.32,MIN_PROFIT_TP_HIT,0.2228
3068,TRUMP_USDT,SHORT,StochasticRSI(MICRO_BURST-SHORT),2,0.2,1.611,1.615,1.609,1.615,2026-07-22 20:18:59 UTC,2026-07-22 20:25:06 UTC,366.4,0.3222,0.0043,0.0,-0.0008,-0.08,-18.62,STOP_LOSS_HIT,0.222
3069,TRUMP_USDT,SHORT,StochasticRSI(MICRO_BURST-SHORT),2,0.2,1.623,1.621,1.621,1.627,2026-07-22 20:29:59 UTC,2026-07-22 20:30:12 UTC,12.51,0.3246,0.0043,0.0,0.0004,0.04,9.24,MIN_PROFIT_TP_HIT,0.2224
3070,TRUMP_USDT,LONG,StochasticRSI(MICRO_BURST-LONG),2,0.2,1.621,1.617,1.623,1.617,2026-07-22 20:43:59 UTC,2026-07-22 20:48:06 UTC,246.35,0.3242,0.0043,0.0,-0.0008,-0.08,-18.51,STOP_LOSS_HIT,0.2216
3071,TRUMP_USDT,LONG,StochasticRSI(MICRO_BURST-LONG),2,0.2,1.617,1.619,1.619,1.613,2026-07-22 20:52:59 UTC,2026-07-22 20:58:48 UTC,348.34,0.3234,0.0043,0.0,0.0004,0.04,9.28,MIN_PROFIT_TP_HIT,0.222
3072,TRUMP_USDT,SHORT,StochasticRSI(MICRO_BURST-SHORT),2,0.2,1.622,1.62,1.62,1.626,2026-07-22 21:10:59 UTC,2026-07-22 21:12:07 UTC,67.97,0.3244,0.0043,0.0,0.0004,0.04,9.25,MIN_PROFIT_TP_HIT,0.2224
3073,TRUMP_USDT,LONG,StochasticRSI(MICRO_BURST-LONG),2,0.2,1.616,1.612,1.618,1.612,2026-07-22 21:22:59 UTC,2026-07-22 21:26:02 UTC,182.89,0.3232,0.0043,0.0,-0.0008,-0.08,-18.56,STOP_LOSS_HIT,0.2216
3074,TRUMP_USDT,SHORT,StochasticRSI(MICRO_BURST-SHORT),2,0.2,1.614,1.612,1.612,1.618,2026-07-22 21:43:59 UTC,2026-07-22 21:53:49 UTC,589.1,0.3228,0.0043,0.0,0.0004,0.04,9.29,MIN_PROFIT_TP_HIT,0.222
3075,TRUMP_USDT,LONG,StochasticRSI(MICRO_BURST-LONG),2,0.2,1.615,1.617,1.617,1.611,2026-07-22 21:56:59 UTC,2026-07-22 22:00:00 UTC,180.13,0.323,0.0043,0.0,0.0004,0.04,9.29,MIN_PROFIT_TP_HIT,0.2224
3076,TRUMP_USDT,SHORT,StochasticRSI(MICRO_BURST-SHORT),2,0.2,1.612,1.61,1.61,1.616,2026-07-22 22:01:59 UTC,2026-07-22 22:17:19 UTC,919.14,0.3224,0.0043,0.0,0.0004,0.04,9.31,MIN_PROFIT_TP_HIT,0.2228
3077,TRUMP_USDT,LONG,StochasticRSI(MICRO_BURST-LONG),2,0.2,1.609,1.611,1.611,1.605,2026-07-22 22:25:59 UTC,2026-07-22 22:26:06 UTC,6.93,0.3218,0.0043,0.0,0.0004,0.04,9.32,MIN_PROFIT_TP_HIT,0.2232
3078,TRUMP_USDT,SHORT,StochasticRSI(MICRO_BURST-SHORT),2,0.2,1.612,1.61,1.61,1.616,2026-07-22 22:31:59 UTC,2026-07-22 22:39:12 UTC,432.02,0.3224,0.0043,0.0,0.0004,0.04,9.31,MIN_PROFIT_TP_HIT,0.2236
3079,TRUMP_USDT,LONG,StochasticRSI(MICRO_BURST-LONG),2,0.2,1.612,1.614,1.614,1.608,2026-07-22 22:43:59 UTC,2026-07-22 22:46:18 UTC,138.56,0.3224,0.0043,0.0,0.0004,0.04,9.31,MIN_PROFIT_TP_HIT,0.224
3080,TRUMP_USDT,SHORT,StochasticRSI(MICRO_BURST-SHORT),2,0.2,1.614,1.612,1.612,1.618,2026-07-22 22:48:59 UTC,2026-07-22 23:00:12 UTC,672.71,0.3228,0.0043,0.0,0.0004,0.04,9.29,MIN_PROFIT_TP_HIT,0.2244
3081,TRUMP_USDT,LONG,StochasticRSI(MICRO_BURST-LONG),2,0.2,1.605,1.607,1.607,1.601,2026-07-22 23:16:59 UTC,2026-07-22 23:22:48 UTC,348.07,0.321,0.0043,0.0,0.0004,0.04,9.35,MIN_PROFIT_TP_HIT,0.2248
3082,TRUMP_USDT,SHORT,StochasticRSI(MICRO_BURST-SHORT),2,0.2,1.606,1.61,1.604,1.61,2026-07-22 23:24:59 UTC,2026-07-22 23:59:00 UTC,2040.82,0.3212,0.0043,0.0,-0.0008,-0.08,-18.68,STOP_LOSS_HIT,0.224
3083,TRUMP_USDT,SHORT,StochasticRSI(MICRO_BURST-SHORT),2,0.2,1.609,1.613,1.607,1.613,2026-07-23 00:03:59 UTC,2026-07-23 00:19:00 UTC,900.49,0.3218,0.0043,0.0,-0.0008,-0.08,-18.65,STOP_LOSS_HIT,0.2232
3084,TRUMP_USDT,SHORT,StochasticRSI(MICRO_BURST-SHORT),2,0.2,1.614,1.612,1.612,1.618,2026-07-23 00:23:59 UTC,2026-07-23 00:28:24 UTC,264.7,0.3228,0.0043,0.0,0.0004,0.04,9.29,MIN_PROFIT_TP_HIT,0.2236
3085,TRUMP_USDT,LONG,StochasticRSI(MICRO_BURST-LONG),2,0.2,1.61,1.612,1.612,1.606,2026-07-23 00:33:59 UTC,2026-07-23 00:35:20 UTC,80.75,0.322,0.0043,0.0,0.0004,0.04,9.32,MIN_PROFIT_TP_HIT,0.224
3086,TRUMP_USDT,SHORT,StochasticRSI(MICRO_BURST-SHORT),2,0.2,1.612,1.61,1.61,1.616,2026-07-23 00:38:59 UTC,2026-07-23 00:39:31 UTC,31.88,0.3224,0.0043,0.0,0.0004,0.04,9.31,MIN_PROFIT_TP_HIT,0.2244
3087,TRUMP_USDT,LONG,StochasticRSI(MICRO_BURST-LONG),2,0.2,1.608,1.604,1.61,1.604,2026-07-23 00:47:59 UTC,2026-07-23 00:53:45 UTC,345.84,0.3216,0.0043,0.0,-0.0008,-0.08,-18.66,STOP_LOSS_HIT,0.2236
3088,TRUMP_USDT,LONG,StochasticRSI(MICRO_BURST-LONG),2,0.2,1.603,1.599,1.605,1.599,2026-07-23 00:58:59 UTC,2026-07-23 01:00:56 UTC,116.95,0.3206,0.0043,0.0,-0.0008,-0.08,-18.71,STOP_LOSS_HIT,0.2228
3089,TRUMP_USDT,SHORT,StochasticRSI(MICRO_BURST-SHORT),2,0.2,1.601,1.599,1.599,1.605,2026-07-23 01:07:59 UTC,2026-07-23 01:08:52 UTC,52.8,0.3202,0.0043,0.0,0.0004,0.04,9.37,MIN_PROFIT_TP_HIT,0.2232
3090,TRUMP_USDT,LONG,StochasticRSI(MICRO_BURST-LONG),2,0.2,1.598,1.6,1.6,1.594,2026-07-23 01:16:59 UTC,2026-07-23 01:21:06 UTC,246.2,0.3196,0.0043,0.0,0.0004,0.04,9.39,MIN_PROFIT_TP_HIT,0.2236
3091,TRUMP_USDT,LONG,StochasticRSI(MICRO_BURST-LONG),2,0.2,1.596,1.592,1.598,1.592,2026-07-23 01:33:59 UTC,2026-07-23 01:47:45 UTC,825.2,0.3192,0.0043,0.0,-0.0008,-0.08,-18.8,STOP_LOSS_HIT,0.2228
3092,TRUMP_USDT,LONG,StochasticRSI(MICRO_BURST-LONG),2,0.2,1.592,1.594,1.594,1.588,2026-07-23 01:49:59 UTC,2026-07-23 01:50:53 UTC,53.52,0.3184,0.0042,0.0,0.0004,0.04,9.42,MIN_PROFIT_TP_HIT,0.2232
3093,TRUMP_USDT,SHORT,StochasticRSI(MICRO_BURST-SHORT),2,0.2,1.592,1.59,1.59,1.596,2026-07-23 01:56:59 UTC,2026-07-23 02:00:15 UTC,195.86,0.3184,0.0042,0.0,0.0004,0.04,9.42,MIN_PROFIT_TP_HIT,0.2236
3094,TRUMP_USDT,LONG,StochasticRSI(MICRO_BURST-LONG),2,0.2,1.593,1.595,1.595,1.589,2026-07-23 02:02:59 UTC,2026-07-23 02:04:18 UTC,78.99,0.3186,0.0042,0.0,0.0004,0.04,9.42,MIN_PROFIT_TP_HIT,0.224
3095,TRUMP_USDT,SHORT,StochasticRSI(MICRO_BURST-SHORT),2,0.2,1.597,1.595,1.595,1.601,2026-07-23 02:08:59 UTC,2026-07-23 02:09:32 UTC,32.14,0.3194,0.0043,0.0,0.0004,0.04,9.39,MIN_PROFIT_TP_HIT,0.2244
3096,TRUMP_USDT,LONG,StochasticRSI(MICRO_BURST-LONG),2,0.2,1.593,1.589,1.595,1.589,2026-07-23 02:14:59 UTC,2026-07-23 02:25:15 UTC,615.34,0.3186,0.0042,0.0,-0.0008,-0.08,-18.83,STOP_LOSS_HIT,0.2236
3097,TRUMP_USDT,SHORT,StochasticRSI(MICRO_BURST-SHORT),2,0.2,1.592,1.59,1.59,1.596,2026-07-23 02:32:59 UTC,2026-07-23 02:38:10 UTC,310.34,0.3184,0.0042,0.0,0.0004,0.04,9.42,MIN_PROFIT_TP_HIT,0.224
3098,TRUMP_USDT,SHORT,StochasticRSI(MICRO_BURST-SHORT),2,0.2,1.595,1.593,1.593,1.599,2026-07-23 02:48:59 UTC,2026-07-23 02:50:12 UTC,72.51,0.319,0.0043,0.0,0.0004,0.04,9.4,MIN_PROFIT_TP_HIT,0.2244
3099,TRUMP_USDT,LONG,StochasticRSI(MICRO_BURST-LONG),2,0.2,1.597,1.599,1.599,1.593,2026-07-23 02:53:59 UTC,2026-07-23 03:03:21 UTC,561.66,0.3194,0.0043,0.0,0.0004,0.04,9.39,MIN_PROFIT_TP_HIT,0.2248
3100,TRUMP_USDT,SHORT,StochasticRSI(MICRO_BURST-SHORT),2,0.2,1.596,1.594,1.594,1.6,2026-07-23 03:07:59 UTC,2026-07-23 03:11:20 UTC,200.7,0.3192,0.0043,0.0,0.0004,0.04,9.4,MIN_PROFIT_TP_HIT,0.2252
3101,TRUMP_USDT,LONG,StochasticRSI(MICRO_BURST-LONG),2,0.2,1.594,1.59,1.596,1.59,2026-07-23 03:14:59 UTC,2026-07-23 03:26:36 UTC,696.75,0.3188,0.0043,0.0,-0.0008,-0.08,-18.82,STOP_LOSS_HIT,0.2244
3102,TRUMP_USDT,LONG,StochasticRSI(MICRO_BURST-LONG),2,0.2,1.596,1.592,1.598,1.592,2026-07-23 03:29:59 UTC,2026-07-23 04:01:42 UTC,1902.06,0.3192,0.0043,0.0,-0.0008,-0.08,-18.8,STOP_LOSS_HIT,0.2236
3103,TRUMP_USDT,SHORT,StochasticRSI(MICRO_BURST-SHORT),2,0.2,1.593,1.597,1.591,1.597,2026-07-23 04:08:59 UTC,2026-07-23 04:20:06 UTC,666.43,0.3186,0.0042,0.0,-0.0008,-0.08,-18.83,STOP_LOSS_HIT,0.2228
3104,TRUMP_USDT,SHORT,StochasticRSI(MICRO_BURST-SHORT),2,0.2,1.598,1.596,1.596,1.602,2026-07-23 04:24:59 UTC,2026-07-23 04:30:25 UTC,325.17,0.3196,0.0043,0.0,0.0004,0.04,9.39,MIN_PROFIT_TP_HIT,0.2232
3105,TRUMP_USDT,LONG,StochasticRSI(MICRO_BURST-LONG),2,0.2,1.597,1.599,1.599,1.593,2026-07-23 04:33:59 UTC,2026-07-23 04:34:47 UTC,47.05,0.3194,0.0043,0.0,0.0004,0.04,9.39,MIN_PROFIT_TP_HIT,0.2236
3106,TRUMP_USDT,LONG,StochasticRSI(MICRO_BURST-LONG),2,0.2,1.599,1.601,1.601,1.595,2026-07-23 04:57:59 UTC,2026-07-23 04:59:21 UTC,81.71,0.3198,0.0043,0.0,0.0004,0.04,9.38,MIN_PROFIT_TP_HIT,0.224
3107,TRUMP_USDT,LONG,StochasticRSI(MICRO_BURST-LONG),2,0.2,1.599,1.601,1.601,1.595,2026-07-23 05:10:59 UTC,2026-07-23 05:25:20 UTC,860.71,0.3198,0.0043,0.0,0.0004,0.04,9.38,MIN_PROFIT_TP_HIT,0.2244
3108,TRUMP_USDT,SHORT,StochasticRSI(MICRO_BURST-SHORT),2,0.2,1.601,1.599,1.599,1.605,2026-07-23 05:33:59 UTC,2026-07-23 05:37:43 UTC,223.93,0.3202,0.0043,0.0,0.0004,0.04,9.37,MIN_PROFIT_TP_HIT,0.2248
3109,TRUMP_USDT,LONG,StochasticRSI(MICRO_BURST-LONG),2,0.2,1.599,1.601,1.601,1.595,2026-07-23 05:41:59 UTC,2026-07-23 05:47:22 UTC,322.9,0.3198,0.0043,0.0,0.0004,0.04,9.38,MIN_PROFIT_TP_HIT,0.2252
3110,TRUMP_USDT,SHORT,StochasticRSI(MICRO_BURST-SHORT),2,0.2,1.599,1.603,1.597,1.603,2026-07-23 05:50:59 UTC,2026-07-23 05:56:46 UTC,346.71,0.3198,0.0043,0.0,-0.0008,-0.08,-18.76,STOP_LOSS_HIT,0.2244
3111,TRUMP_USDT,SHORT,StochasticRSI(MICRO_BURST-SHORT),2,0.2,1.602,1.606,1.6,1.606,2026-07-23 05:59:59 UTC,2026-07-23 06:06:02 UTC,362.06,0.3204,0.0043,0.0,-0.0008,-0.08,-18.73,STOP_LOSS_HIT,0.2236
3112,TRUMP_USDT,SHORT,StochasticRSI(MICRO_BURST-SHORT),2,0.2,1.605,1.609,1.603,1.609,2026-07-23 06:08:59 UTC,2026-07-23 06:17:48 UTC,528.09,0.321,0.0043,0.0,-0.0008,-0.08,-18.69,STOP_LOSS_HIT,0.2228
3113,TRUMP_USDT,SHORT,StochasticRSI(MICRO_BURST-SHORT),2,0.2,1.608,1.612,1.606,1.612,2026-07-23 06:22:59 UTC,2026-07-23 06:31:24 UTC,504.21,0.3216,0.0043,0.0,-0.0008,-0.08,-18.66,STOP_LOSS_HIT,0.222
3114,TRUMP_USDT,SHORT,StochasticRSI(MICRO_BURST-SHORT),2,0.2,1.628,1.626,1.626,1.632,2026-07-23 06:36:59 UTC,2026-07-23 06:39:26 UTC,146.19,0.3256,0.0043,0.0,0.0004,0.04,9.21,MIN_PROFIT_TP_HIT,0.2224
3115,TRUMP_USDT,LONG,StochasticRSI(MICRO_BURST-LONG),2,0.2,1.625,1.627,1.627,1.621,2026-07-23 06:42:59 UTC,2026-07-23 06:46:09 UTC,189.39,0.325,0.0043,0.0,0.0004,0.04,9.23,MIN_PROFIT_TP_HIT,0.2228
3116,TRUMP_USDT,LONG,StochasticRSI(MICRO_BURST-LONG),2,0.2,1.621,1.617,1.623,1.617,2026-07-23 06:52:59 UTC,2026-07-23 07:01:49 UTC,529.72,0.3242,0.0043,0.0,-0.0008,-0.08,-18.51,STOP_LOSS_HIT,0.222
3117,TRUMP_USDT,SHORT,StochasticRSI(MICRO_BURST-SHORT),2,0.2,1.622,1.62,1.62,1.626,2026-07-23 07:02:59 UTC,2026-07-23 07:04:22 UTC,82.04,0.3244,0.0043,0.0,0.0004,0.04,9.25,MIN_PROFIT_TP_HIT,0.2224
3118,TRUMP_USDT,LONG,StochasticRSI(MICRO_BURST-LONG),2,0.2,1.615,1.617,1.617,1.611,2026-07-23 07:15:59 UTC,2026-07-23 07:17:16 UTC,76.92,0.323,0.0043,0.0,0.0004,0.04,9.29,MIN_PROFIT_TP_HIT,0.2228
3119,TRUMP_USDT,SHORT,StochasticRSI(MICRO_BURST-SHORT),2,0.2,1.617,1.621,1.615,1.621,2026-07-23 07:20:59 UTC,2026-07-23 07:22:12 UTC,72.41,0.3234,0.0043,0.0,-0.0008,-0.08,-18.55,STOP_LOSS_HIT,0.222
3120,TRUMP_USDT,SHORT,StochasticRSI(MICRO_BURST-SHORT),2,0.2,1.625,1.629,1.623,1.629,2026-07-23 07:25:59 UTC,2026-07-23 07:28:37 UTC,157.14,0.325,0.0043,0.0,-0.0008,-0.08,-18.46,STOP_LOSS_HIT,0.2212
3121,TRUMP_USDT,SHORT,StochasticRSI(MICRO_BURST-SHORT),2,0.2,1.629,1.627,1.627,1.633,2026-07-23 07:33:59 UTC,2026-07-23 07:35:01 UTC,61.12,0.3258,0.0043,0.0,0.0004,0.04,9.21,MIN_PROFIT_TP_HIT,0.2216
3122,TRUMP_USDT,LONG,StochasticRSI(MICRO_BURST-LONG),2,0.2,1.628,1.624,1.63,1.624,2026-07-23 07:37:59 UTC,2026-07-23 07:40:09 UTC,129.22,0.3256,0.0043,0.0,-0.0008,-0.08,-18.43,STOP_LOSS_HIT,0.2208
3123,TRUMP_USDT,LONG,StochasticRSI(MICRO_BURST-LONG),2,0.2,1.622,1.624,1.624,1.618,2026-07-23 07:44:59 UTC,2026-07-23 07:46:04 UTC,64.66,0.3244,0.0043,0.0,0.0004,0.04,9.25,MIN_PROFIT_TP_HIT,0.2212
3124,TRUMP_USDT,SHORT,StochasticRSI(MICRO_BURST-SHORT),2,0.2,1.625,1.629,1.623,1.629,2026-07-23 07:53:59 UTC,2026-07-23 07:56:40 UTC,160.98,0.325,0.0043,0.0,-0.0008,-0.08,-18.46,STOP_LOSS_HIT,0.2204
3125,TRUMP_USDT,LONG,StochasticRSI(MICRO_BURST-LONG),2,0.2,1.626,1.628,1.628,1.622,2026-07-23 08:06:59 UTC,2026-07-23 08:10:13 UTC,193.55,0.3252,0.0043,0.0,0.0004,0.04,9.23,MIN_PROFIT_TP_HIT,0.2208
3126,TRUMP_USDT,SHORT,StochasticRSI(MICRO_BURST-SHORT),2,0.2,1.634,1.632,1.632,1.638,2026-07-23 08:14:59 UTC,2026-07-23 08:15:20 UTC,20.89,0.3268,0.0044,0.0,0.0004,0.04,9.18,MIN_PROFIT_TP_HIT,0.2212
3127,TRUMP_USDT,LONG,StochasticRSI(MICRO_BURST-LONG),2,0.2,1.636,1.638,1.638,1.632,2026-07-23 08:25:59 UTC,2026-07-23 08:26:13 UTC,13.45,0.3272,0.0044,0.0,0.0004,0.04,9.17,MIN_PROFIT_TP_HIT,0.2216
3128,TRUMP_USDT,LONG,StochasticRSI(MICRO_BURST-LONG),2,0.2,1.637,1.633,1.639,1.633,2026-07-23 08:36:59 UTC,2026-07-23 08:46:33 UTC,573.4,0.3274,0.0044,0.0,-0.0008,-0.08,-18.33,STOP_LOSS_HIT,0.2208
3129,TRUMP_USDT,SHORT,StochasticRSI(MICRO_BURST-SHORT),2,0.2,1.635,1.639,1.633,1.639,2026-07-23 08:47:59 UTC,2026-07-23 08:50:24 UTC,144.93,0.327,0.0044,0.0,-0.0008,-0.08,-18.35,STOP_LOSS_HIT,0.22
3130,TRUMP_USDT,SHORT,StochasticRSI(MICRO_BURST-SHORT),2,0.2,1.636,1.634,1.634,1.64,2026-07-23 08:52:59 UTC,2026-07-23 08:53:03 UTC,3.17,0.3272,0.0044,0.0,0.0004,0.04,9.17,MIN_PROFIT_TP_HIT,0.2204
3131,TRUMP_USDT,SHORT,StochasticRSI(MICRO_BURST-SHORT),2,0.2,1.639,1.637,1.637,1.643,2026-07-23 09:02:59 UTC,2026-07-23 09:04:37 UTC,97.29,0.3278,0.0044,0.0,0.0004,0.04,9.15,MIN_PROFIT_TP_HIT,0.2208
3132,TRUMP_USDT,LONG,StochasticRSI(MICRO_BURST-LONG),2,0.2,1.631,1.633,1.633,1.627,2026-07-23 09:10:59 UTC,2026-07-23 09:18:43 UTC,463.91,0.3262,0.0043,0.0,0.0004,0.04,9.2,MIN_PROFIT_TP_HIT,0.2212
3133,TRUMP_USDT,SHORT,StochasticRSI(MICRO_BURST-SHORT),2,0.2,1.631,1.635,1.629,1.635,2026-07-23 09:20:59 UTC,2026-07-23 09:23:48 UTC,168.02,0.3262,0.0043,0.0,-0.0008,-0.08,-18.39,STOP_LOSS_HIT,0.2204
3134,TRUMP_USDT,SHORT,StochasticRSI(MICRO_BURST-SHORT),2,0.2,1.636,1.634,1.634,1.64,2026-07-23 09:27:59 UTC,2026-07-23 09:29:52 UTC,112.66,0.3272,0.0044,0.0,0.0004,0.04,9.17,MIN_PROFIT_TP_HIT,0.2208
3135,TRUMP_USDT,LONG,StochasticRSI(MICRO_BURST-LONG),2,0.2,1.634,1.636,1.636,1.63,2026-07-23 09:41:59 UTC,2026-07-23 09:44:14 UTC,134.67,0.3268,0.0044,0.0,0.0004,0.04,9.18,MIN_PROFIT_TP_HIT,0.2212
3136,TRUMP_USDT,SHORT,StochasticRSI(MICRO_BURST-SHORT),2,0.2,1.637,1.635,1.635,1.641,2026-07-23 09:48:59 UTC,2026-07-23 09:51:48 UTC,168.79,0.3274,0.0044,0.0,0.0004,0.04,9.16,MIN_PROFIT_TP_HIT,0.2216
3137,TRUMP_USDT,SHORT,StochasticRSI(MICRO_BURST-SHORT),2,0.2,1.637,1.635,1.635,1.641,2026-07-23 09:52:59 UTC,2026-07-23 09:54:42 UTC,102.1,0.3274,0.0044,0.0,0.0004,0.04,9.16,MIN_PROFIT_TP_HIT,0.222
3138,TRUMP_USDT,LONG,StochasticRSI(MICRO_BURST-LONG),2,0.2,1.633,1.635,1.635,1.629,2026-07-23 09:59:59 UTC,2026-07-23 10:00:33 UTC,33.11,0.3266,0.0044,0.0,0.0004,0.04,9.19,MIN_PROFIT_TP_HIT,0.2224
3139,TRUMP_USDT,SHORT,StochasticRSI(MICRO_BURST-SHORT),2,0.2,1.639,1.637,1.637,1.643,2026-07-23 10:09:59 UTC,2026-07-23 10:10:32 UTC,32.86,0.3278,0.0044,0.0,0.0004,0.04,9.15,MIN_PROFIT_TP_HIT,0.2228
3140,TRUMP_USDT,LONG,StochasticRSI(MICRO_BURST-LONG),2,0.2,1.638,1.64,1.64,1.634,2026-07-23 10:14:59 UTC,2026-07-23 10:15:06 UTC,6.11,0.3276,0.0044,0.0,0.0004,0.04,9.16,MIN_PROFIT_TP_HIT,0.2232
3141,TRUMP_USDT,LONG,StochasticRSI(MICRO_BURST-LONG),2,0.2,1.638,1.634,1.64,1.634,2026-07-23 10:22:59 UTC,2026-07-23 10:34:58 UTC,718.3,0.3276,0.0044,0.0,-0.0008,-0.08,-18.32,STOP_LOSS_HIT,0.2224
3142,TRUMP_USDT,LONG,StochasticRSI(MICRO_BURST-LONG),2,0.2,1.636,1.638,1.638,1.632,2026-07-23 10:35:59 UTC,2026-07-23 10:52:50 UTC,1010.08,0.3272,0.0044,0.0,0.0004,0.04,9.17,MIN_PROFIT_TP_HIT,0.2228
3143,TRUMP_USDT,SHORT,StochasticRSI(MICRO_BURST-SHORT),2,0.2,1.645,1.643,1.643,1.649,2026-07-23 10:58:59 UTC,2026-07-23 11:02:22 UTC,202.53,0.329,0.0044,0.0,0.0004,0.04,9.12,MIN_PROFIT_TP_HIT,0.2232
3144,TRUMP_USDT,LONG,StochasticRSI(MICRO_BURST-LONG),2,0.2,1.64,1.642,1.642,1.636,2026-07-23 11:10:59 UTC,2026-07-23 11:22:08 UTC,668.83,0.328,0.0044,0.0,0.0004,0.04,9.15,MIN_PROFIT_TP_HIT,0.2236
3145,TRUMP_USDT,SHORT,StochasticRSI(MICRO_BURST-SHORT),2,0.2,1.644,1.642,1.642,1.648,2026-07-23 11:27:59 UTC,2026-07-23 11:28:09 UTC,9.24,0.3288,0.0044,0.0,0.0004,0.04,9.12,MIN_PROFIT_TP_HIT,0.224
3146,TRUMP_USDT,LONG,StochasticRSI(MICRO_BURST-LONG),2,0.2,1.644,1.646,1.646,1.64,2026-07-23 11:32:59 UTC,2026-07-23 11:34:24 UTC,84.37,0.3288,0.0044,0.0,0.0004,0.04,9.12,MIN_PROFIT_TP_HIT,0.2244
3147,TRUMP_USDT,SHORT,StochasticRSI(MICRO_BURST-SHORT),2,0.2,1.646,1.644,1.644,1.65,2026-07-23 11:50:59 UTC,2026-07-23 11:51:09 UTC,9.9,0.3292,0.0044,0.0,0.0004,0.04,9.11,MIN_PROFIT_TP_HIT,0.2248
3148,TRUMP_USDT,SHORT,StochasticRSI(MICRO_BURST-SHORT),2,0.2,1.644,1.648,1.642,1.648,2026-07-23 11:52:59 UTC,2026-07-23 12:04:21 UTC,681.96,0.3288,0.0044,0.0,-0.0008,-0.08,-18.25,STOP_LOSS_HIT,0.224
3149,TRUMP_USDT,SHORT,StochasticRSI(MICRO_BURST-SHORT),2,0.2,1.662,1.66,1.66,1.666,2026-07-23 12:17:59 UTC,2026-07-23 12:19:36 UTC,96.15,0.3324,0.0044,0.0,0.0004,0.04,9.03,MIN_PROFIT_TP_HIT,0.2244
3150,TRUMP_USDT,LONG,StochasticRSI(MICRO_BURST-LONG),2,0.2,1.649,1.651,1.651,1.645,2026-07-23 12:28:59 UTC,2026-07-23 12:30:50 UTC,110.8,0.3298,0.0044,0.0,0.0004,0.04,9.1,MIN_PROFIT_TP_HIT,0.2248
3151,TRUMP_USDT,SHORT,StochasticRSI(MICRO_BURST-SHORT),2,0.2,1.659,1.657,1.657,1.663,2026-07-23 12:35:59 UTC,2026-07-23 12:36:02 UTC,2.33,0.3318,0.0044,0.0,0.0004,0.04,9.04,MIN_PROFIT_TP_HIT,0.2252
3152,TRUMP_USDT,LONG,StochasticRSI(MICRO_BURST-LONG),2,0.2,1.638,1.64,1.64,1.634,2026-07-23 12:42:59 UTC,2026-07-23 12:43:06 UTC,6.64,0.3276,0.0044,0.0,0.0004,0.04,9.16,MIN_PROFIT_TP_HIT,0.2256
3153,TRUMP_USDT,LONG,StochasticRSI(MICRO_BURST-LONG),2,0.2,1.64,1.642,1.642,1.636,2026-07-23 12:49:59 UTC,2026-07-23 12:50:49 UTC,49.23,0.328,0.0044,0.0,0.0004,0.04,9.15,MIN_PROFIT_TP_HIT,0.226
3154,TRUMP_USDT,SHORT,StochasticRSI(MICRO_BURST-SHORT),2,0.2,1.642,1.64,1.64,1.646,2026-07-23 12:53:59 UTC,2026-07-23 12:54:17 UTC,17.55,0.3284,0.0044,0.0,0.0004,0.04,9.14,MIN_PROFIT_TP_HIT,0.2264
3155,TRUMP_USDT,LONG,StochasticRSI(MICRO_BURST-LONG),2,0.2,1.637,1.633,1.639,1.633,2026-07-23 13:00:59 UTC,2026-07-23 13:01:05 UTC,5.51,0.3274,0.0044,0.0,-0.0008,-0.08,-18.33,STOP_LOSS_HIT,0.2256
3156,TRUMP_USDT,SHORT,StochasticRSI(MICRO_BURST-SHORT),2,0.2,1.64,1.638,1.638,1.644,2026-07-23 13:16:59 UTC,2026-07-23 13:17:17 UTC,17.16,0.328,0.0044,0.0,0.0004,0.04,9.15,MIN_PROFIT_TP_HIT,0.226
3157,TRUMP_USDT,SHORT,StochasticRSI(MICRO_BURST-SHORT),2,0.2,1.637,1.635,1.635,1.641,2026-07-23 13:19:59 UTC,2026-07-23 13:21:02 UTC,62.07,0.3274,0.0044,0.0,0.0004,0.04,9.16,MIN_PROFIT_TP_HIT,0.2264
3158,TRUMP_USDT,LONG,StochasticRSI(MICRO_BURST-LONG),2,0.2,1.639,1.635,1.641,1.635,2026-07-23 13:22:59 UTC,2026-07-23 13:24:34 UTC,94.2,0.3278,0.0044,0.0,-0.0008,-0.08,-18.3,STOP_LOSS_HIT,0.2256
3159,TRUMP_USDT,LONG,StochasticRSI(MICRO_BURST-LONG),2,0.2,1.631,1.633,1.633,1.627,2026-07-23 13:31:59 UTC,2026-07-23 13:32:00 UTC,0.72,0.3262,0.0043,0.0,0.0004,0.04,9.2,MIN_PROFIT_TP_HIT,0.226
3160,TRUMP_USDT,SHORT,StochasticRSI(MICRO_BURST-SHORT),2,0.2,1.637,1.635,1.635,1.641,2026-07-23 13:37:59 UTC,2026-07-23 13:38:17 UTC,17.01,0.3274,0.0044,0.0,0.0004,0.04,9.16,MIN_PROFIT_TP_HIT,0.2264
3161,TRUMP_USDT,LONG,StochasticRSI(MICRO_BURST-LONG),2,0.2,1.638,1.634,1.64,1.634,2026-07-23 13:43:59 UTC,2026-07-23 13:45:14 UTC,74.45,0.3276,0.0044,0.0,-0.0008,-0.08,-18.32,STOP_LOSS_HIT,0.2256
3162,TRUMP_USDT,LONG,StochasticRSI(MICRO_BURST-LONG),2,0.2,1.635,1.637,1.637,1.631,2026-07-23 14:05:59 UTC,2026-07-23 14:10:04 UTC,244.98,0.327,0.0044,0.0,0.0004,0.04,9.17,MIN_PROFIT_TP_HIT,0.226
3163,TRUMP_USDT,SHORT,StochasticRSI(MICRO_BURST-SHORT),2,0.2,1.636,1.64,1.634,1.64,2026-07-23 14:18:59 UTC,2026-07-23 14:21:30 UTC,150.9,0.3272,0.0044,0.0,-0.0008,-0.08,-18.34,STOP_LOSS_HIT,0.2252
3164,TRUMP_USDT,SHORT,StochasticRSI(MICRO_BURST-SHORT),2,0.2,1.641,1.639,1.639,1.645,2026-07-23 14:24:59 UTC,2026-07-23 14:32:50 UTC,470.77,0.3282,0.0044,0.0,0.0004,0.04,9.14,MIN_PROFIT_TP_HIT,0.2256
3165,TRUMP_USDT,LONG,StochasticRSI(MICRO_BURST-LONG),2,0.2,1.647,1.649,1.649,1.643,2026-07-23 14:35:59 UTC,2026-07-23 14:40:32 UTC,272.89,0.3294,0.0044,0.0,0.0004,0.04,9.11,MIN_PROFIT_TP_HIT,0.226
3166,TRUMP_USDT,SHORT,StochasticRSI(MICRO_BURST-SHORT),2,0.2,1.644,1.642,1.642,1.648,2026-07-23 14:48:59 UTC,2026-07-23 14:49:44 UTC,44.68,0.3288,0.0044,0.0,0.0004,0.04,9.12,MIN_PROFIT_TP_HIT,0.2264
3167,TRUMP_USDT,LONG,StochasticRSI(MICRO_BURST-LONG),2,0.2,1.644,1.64,1.646,1.64,2026-07-23 14:53:59 UTC,2026-07-23 14:56:31 UTC,151.32,0.3288,0.0044,0.0,-0.0008,-0.08,-18.25,STOP_LOSS_HIT,0.2256
3168,TRUMP_USDT,LONG,StochasticRSI(MICRO_BURST-LONG),2,0.2,1.636,1.632,1.638,1.632,2026-07-23 15:02:59 UTC,2026-07-23 15:06:24 UTC,204.91,0.3272,0.0044,0.0,-0.0008,-0.08,-18.34,STOP_LOSS_HIT,0.2248
3169,TRUMP_USDT,SHORT,StochasticRSI(MICRO_BURST-SHORT),2,0.2,1.629,1.633,1.627,1.633,2026-07-23 15:19:59 UTC,2026-07-23 15:21:04 UTC,64.84,0.3258,0.0043,0.0,-0.0008,-0.08,-18.42,STOP_LOSS_HIT,0.224
3170,TRUMP_USDT,SHORT,StochasticRSI(MICRO_BURST-SHORT),2,0.2,1.631,1.629,1.629,1.635,2026-07-23 15:26:59 UTC,2026-07-23 15:27:52 UTC,52.51,0.3262,0.0043,0.0,0.0004,0.04,9.2,MIN_PROFIT_TP_HIT,0.2244
3171,TRUMP_USDT,LONG,StochasticRSI(MICRO_BURST-LONG),2,0.2,1.632,1.634,1.634,1.628,2026-07-23 15:31:59 UTC,2026-07-23 15:32:41 UTC,41.36,0.3264,0.0044,0.0,0.0004,0.04,9.19,MIN_PROFIT_TP_HIT,0.2248
3172,TRUMP_USDT,SHORT,StochasticRSI(MICRO_BURST-SHORT),2,0.2,1.634,1.632,1.632,1.638,2026-07-23 15:36:59 UTC,2026-07-23 15:37:43 UTC,43.28,0.3268,0.0044,0.0,0.0004,0.04,9.18,MIN_PROFIT_TP_HIT,0.2252
3173,TRUMP_USDT,SHORT,StochasticRSI(MICRO_BURST-SHORT),2,0.2,1.635,1.639,1.633,1.639,2026-07-23 15:49:59 UTC,2026-07-23 15:58:14 UTC,494.66,0.327,0.0044,0.0,-0.0008,-0.08,-18.35,STOP_LOSS_HIT,0.2244
3174,TRUMP_USDT,SHORT,StochasticRSI(MICRO_BURST-SHORT),2,0.2,1.638,1.642,1.636,1.642,2026-07-23 16:01:59 UTC,2026-07-23 16:02:17 UTC,17.5,0.3276,0.0044,0.0,-0.0008,-0.08,-18.32,STOP_LOSS_HIT,0.2236
3175,TRUMP_USDT,LONG,StochasticRSI(MICRO_BURST-LONG),2,0.2,1.636,1.638,1.638,1.632,2026-07-23 16:05:59 UTC,2026-07-23 16:10:19 UTC,259.37,0.3272,0.0044,0.0,0.0004,0.04,9.17,MIN_PROFIT_TP_HIT,0.224
3176,TRUMP_USDT,SHORT,StochasticRSI(MICRO_BURST-SHORT),2,0.2,1.643,1.641,1.641,1.647,2026-07-23 16:17:59 UTC,2026-07-23 16:18:39 UTC,39.99,0.3286,0.0044,0.0,0.0004,0.04,9.13,MIN_PROFIT_TP_HIT,0.2244
3177,TRUMP_USDT,LONG,StochasticRSI(MICRO_BURST-LONG),2,0.2,1.642,1.644,1.644,1.638,2026-07-23 16:21:59 UTC,2026-07-23 16:24:16 UTC,136.3,0.3284,0.0044,0.0,0.0004,0.04,9.14,MIN_PROFIT_TP_HIT,0.2248
3178,TRUMP_USDT,SHORT,StochasticRSI(MICRO_BURST-SHORT),2,0.2,1.637,1.635,1.635,1.641,2026-07-23 16:41:59 UTC,2026-07-23 16:42:08 UTC,8.29,0.3274,0.0044,0.0,0.0004,0.04,9.16,MIN_PROFIT_TP_HIT,0.2252
3179,TRUMP_USDT,LONG,StochasticRSI(MICRO_BURST-LONG),2,0.2,1.631,1.627,1.633,1.627,2026-07-23 16:58:59 UTC,2026-07-23 17:01:03 UTC,123.27,0.3262,0.0043,0.0,-0.0008,-0.08,-18.39,STOP_LOSS_HIT,0.2244
3180,TRUMP_USDT,LONG,StochasticRSI(MICRO_BURST-LONG),2,0.2,1.621,1.617,1.623,1.617,2026-07-23 17:04:59 UTC,2026-07-23 17:05:29 UTC,29.38,0.3242,0.0043,0.0,-0.0008,-0.08,-18.51,STOP_LOSS_HIT,0.2236
3181,TRUMP_USDT,LONG,StochasticRSI(MICRO_BURST-LONG),2,0.2,1.619,1.621,1.621,1.615,2026-07-23 17:08:59 UTC,2026-07-23 17:09:17 UTC,17.82,0.3238,0.0043,0.0,0.0004,0.04,9.26,MIN_PROFIT_TP_HIT,0.224
3182,TRUMP_USDT,SHORT,StochasticRSI(MICRO_BURST-SHORT),2,0.2,1.62,1.618,1.618,1.624,2026-07-23 17:12:59 UTC,2026-07-23 17:17:58 UTC,298.55,0.324,0.0043,0.0,0.0004,0.04,9.26,MIN_PROFIT_TP_HIT,0.2244
3183,TRUMP_USDT,LONG,StochasticRSI(MICRO_BURST-LONG),2,0.2,1.616,1.618,1.618,1.612,2026-07-23 17:35:59 UTC,2026-07-23 17:36:27 UTC,27.04,0.3232,0.0043,0.0,0.0004,0.04,9.28,MIN_PROFIT_TP_HIT,0.2248
3184,TRUMP_USDT,SHORT,StochasticRSI(MICRO_BURST-SHORT),2,0.2,1.611,1.609,1.609,1.615,2026-07-23 17:47:59 UTC,2026-07-23 17:53:13 UTC,313.14,0.3222,0.0043,0.0,0.0004,0.04,9.31,MIN_PROFIT_TP_HIT,0.2252
3185,TRUMP_USDT,LONG,StochasticRSI(MICRO_BURST-LONG),2,0.2,1.599,1.595,1.601,1.595,2026-07-23 18:02:59 UTC,2026-07-23 18:05:04 UTC,124.4,0.3198,0.0043,0.0,-0.0008,-0.08,-18.76,STOP_LOSS_HIT,0.2244
3186,TRUMP_USDT,SHORT,StochasticRSI(MICRO_BURST-SHORT),2,0.2,1.593,1.591,1.591,1.597,2026-07-23 18:06:59 UTC,2026-07-23 18:07:13 UTC,14.0,0.3186,0.0042,0.0,0.0004,0.04,9.42,MIN_PROFIT_TP_HIT,0.2248
3187,TRUMP_USDT,SHORT,StochasticRSI(MICRO_BURST-SHORT),2,0.2,1.594,1.592,1.592,1.598,2026-07-23 18:12:59 UTC,2026-07-23 18:16:12 UTC,192.53,0.3188,0.0043,0.0,0.0004,0.04,9.41,MIN_PROFIT_TP_HIT,0.2252
3188,TRUMP_USDT,SHORT,StochasticRSI(MICRO_BURST-SHORT),2,0.2,1.589,1.587,1.587,1.593,2026-07-23 18:17:59 UTC,2026-07-23 18:18:03 UTC,3.11,0.3178,0.0042,0.0,0.0004,0.04,9.44,MIN_PROFIT_TP_HIT,0.2256
3189,TRUMP_USDT,SHORT,StochasticRSI(MICRO_BURST-SHORT),2,0.2,1.61,1.608,1.608,1.614,2026-07-23 18:28:59 UTC,2026-07-23 18:30:28 UTC,88.15,0.322,0.0043,0.0,0.0004,0.04,9.32,MIN_PROFIT_TP_HIT,0.226
3190,TRUMP_USDT,LONG,StochasticRSI(MICRO_BURST-LONG),2,0.2,1.61,1.606,1.612,1.606,2026-07-23 18:34:59 UTC,2026-07-23 18:41:11 UTC,371.37,0.322,0.0043,0.0,-0.0008,-0.08,-18.63,STOP_LOSS_HIT,0.2252
3191,TRUMP_USDT,LONG,StochasticRSI(MICRO_BURST-LONG),2,0.2,1.606,1.608,1.608,1.602,2026-07-23 18:46:59 UTC,2026-07-23 18:47:38 UTC,38.71,0.3212,0.0043,0.0,0.0004,0.04,9.34,MIN_PROFIT_TP_HIT,0.2256
3192,TRUMP_USDT,SHORT,StochasticRSI(MICRO_BURST-SHORT),2,0.2,1.608,1.612,1.606,1.612,2026-07-23 18:51:59 UTC,2026-07-23 19:02:40 UTC,640.38,0.3216,0.0043,0.0,-0.0008,-0.08,-18.66,STOP_LOSS_HIT,0.2248
3193,TRUMP_USDT,SHORT,StochasticRSI(MICRO_BURST-SHORT),2,0.2,1.609,1.613,1.607,1.613,2026-07-23 19:19:59 UTC,2026-07-23 19:25:14 UTC,314.4,0.3218,0.0043,0.0,-0.0008,-0.08,-18.65,STOP_LOSS_HIT,0.224
3194,TRUMP_USDT,SHORT,StochasticRSI(MICRO_BURST-SHORT),2,0.2,1.616,1.614,1.614,1.62,2026-07-23 19:28:59 UTC,2026-07-23 19:29:04 UTC,4.17,0.3232,0.0043,0.0,0.0004,0.04,9.28,MIN_PROFIT_TP_HIT,0.2244
3195,TRUMP_USDT,LONG,StochasticRSI(MICRO_BURST-LONG),2,0.2,1.616,1.612,1.618,1.612,2026-07-23 19:33:59 UTC,2026-07-23 19:41:22 UTC,442.4,0.3232,0.0043,0.0,-0.0008,-0.08,-18.56,STOP_LOSS_HIT,0.2236
3196,TRUMP_USDT,SHORT,StochasticRSI(MICRO_BURST-SHORT),2,0.2,1.623,1.621,1.621,1.627,2026-07-23 20:10:59 UTC,2026-07-23 20:24:57 UTC,837.13,0.3246,0.0043,0.0,0.0004,0.04,9.24,MIN_PROFIT_TP_HIT,0.224
3197,TRUMP_USDT,SHORT,StochasticRSI(MICRO_BURST-SHORT),2,0.2,1.622,1.62,1.62,1.626,2026-07-23 20:33:59 UTC,2026-07-23 20:40:12 UTC,372.5,0.3244,0.0043,0.0,0.0004,0.04,9.25,MIN_PROFIT_TP_HIT,0.2244
3198,TRUMP_USDT,LONG,StochasticRSI(MICRO_BURST-LONG),2,0.2,1.618,1.62,1.62,1.614,2026-07-23 20:45:59 UTC,2026-07-23 20:46:24 UTC,24.01,0.3236,0.0043,0.0,0.0004,0.04,9.27,MIN_PROFIT_TP_HIT,0.2248
3199,TRUMP_USDT,SHORT,StochasticRSI(MICRO_BURST-SHORT),2,0.2,1.621,1.625,1.619,1.625,2026-07-23 20:52:59 UTC,2026-07-23 21:01:39 UTC,519.13,0.3242,0.0043,0.0,-0.0008,-0.08,-18.51,STOP_LOSS_HIT,0.224
3200,TRUMP_USDT,LONG,StochasticRSI(MICRO_BURST-LONG),2,0.2,1.616,1.612,1.618,1.612,2026-07-23 21:13:59 UTC,2026-07-23 21:18:27 UTC,267.33,0.3232,0.0043,0.0,-0.0008,-0.08,-18.56,STOP_LOSS_HIT,0.2232
3201,TRUMP_USDT,LONG,StochasticRSI(MICRO_BURST-LONG),2,0.2,1.614,1.61,1.616,1.61,2026-07-23 21:22:59 UTC,2026-07-23 21:30:11 UTC,431.59,0.3228,0.0043,0.0,-0.0008,-0.08,-18.59,STOP_LOSS_HIT,0.2224
3202,TRUMP_USDT,LONG,StochasticRSI(MICRO_BURST-LONG),2,0.2,1.603,1.605,1.605,1.599,2026-07-23 21:37:59 UTC,2026-07-23 21:38:30 UTC,30.02,0.3206,0.0043,0.0,0.0004,0.04,9.36,MIN_PROFIT_TP_HIT,0.2228
3203,TRUMP_USDT,SHORT,StochasticRSI(MICRO_BURST-SHORT),2,0.2,1.605,1.609,1.603,1.609,2026-07-23 21:48:59 UTC,2026-07-23 21:55:50 UTC,410.08,0.321,0.0043,0.0,-0.0008,-0.08,-18.69,STOP_LOSS_HIT,0.222
3204,TRUMP_USDT,SHORT,StochasticRSI(MICRO_BURST-SHORT),2,0.2,1.609,1.607,1.607,1.613,2026-07-23 22:00:59 UTC,2026-07-23 22:02:05 UTC,65.55,0.3218,0.0043,0.0,0.0004,0.04,9.32,MIN_PROFIT_TP_HIT,0.2224
3205,TRUMP_USDT,LONG,StochasticRSI(MICRO_BURST-LONG),2,0.2,1.612,1.608,1.614,1.608,2026-07-23 22:15:59 UTC,2026-07-23 22:17:55 UTC,115.53,0.3224,0.0043,0.0,-0.0008,-0.08,-18.61,STOP_LOSS_HIT,0.2216
3206,TRUMP_USDT,LONG,StochasticRSI(MICRO_BURST-LONG),2,0.2,1.61,1.612,1.612,1.606,2026-07-23 22:20:59 UTC,2026-07-23 22:21:20 UTC,20.08,0.322,0.0043,0.0,0.0004,0.04,9.32,MIN_PROFIT_TP_HIT,0.222
3207,TRUMP_USDT,SHORT,StochasticRSI(MICRO_BURST-SHORT),2,0.2,1.616,1.614,1.614,1.62,2026-07-23 22:27:59 UTC,2026-07-23 22:29:23 UTC,83.47,0.3232,0.0043,0.0,0.0004,0.04,9.28,MIN_PROFIT_TP_HIT,0.2224
3208,TRUMP_USDT,LONG,StochasticRSI(MICRO_BURST-LONG),2,0.2,1.611,1.607,1.613,1.607,2026-07-23 22:33:59 UTC,2026-07-23 22:37:30 UTC,210.8,0.3222,0.0043,0.0,-0.0008,-0.08,-18.62,STOP_LOSS_HIT,0.2216
3209,TRUMP_USDT,LONG,StochasticRSI(MICRO_BURST-LONG),2,0.2,1.604,1.606,1.606,1.6,2026-07-23 22:40:59 UTC,2026-07-23 22:41:36 UTC,36.96,0.3208,0.0043,0.0,0.0004,0.04,9.35,MIN_PROFIT_TP_HIT,0.222
3210,TRUMP_USDT,LONG,StochasticRSI(MICRO_BURST-LONG),2,0.2,1.608,1.604,1.61,1.604,2026-07-23 22:54:59 UTC,2026-07-23 23:01:40 UTC,400.78,0.3216,0.0043,0.0,-0.0008,-0.08,-18.66,STOP_LOSS_HIT,0.2212
3211,TRUMP_USDT,LONG,StochasticRSI(MICRO_BURST-LONG),2,0.2,1.605,1.607,1.607,1.601,2026-07-23 23:08:59 UTC,2026-07-23 23:16:13 UTC,433.94,0.321,0.0043,0.0,0.0004,0.04,9.35,MIN_PROFIT_TP_HIT,0.2216
3212,TRUMP_USDT,SHORT,StochasticRSI(MICRO_BURST-SHORT),2,0.2,1.605,1.609,1.603,1.609,2026-07-23 23:18:59 UTC,2026-07-23 23:25:35 UTC,395.32,0.321,0.0043,0.0,-0.0008,-0.08,-18.69,STOP_LOSS_HIT,0.2208
3213,TRUMP_USDT,LONG,StochasticRSI(MICRO_BURST-LONG),2,0.2,1.599,1.595,1.601,1.595,2026-07-23 23:54:59 UTC,2026-07-24 00:03:59 UTC,539.56,0.3198,0.0043,0.0,-0.0008,-0.08,-18.76,STOP_LOSS_HIT,0.22
